NUMBER; DRIVER_NUMBER; LAP_NUMBER; LAP_TIME; LAP_IMPROVEMENT; CROSSING_FINISH_LINE_IN_PIT; S1; S1_IMPROVEMENT; S2; S2_IMPROVEMENT; S3; S3_IMPROVEMENT; KPH; ELAPSED; HOUR;S1_LARGE;S2_LARGE;S3_LARGE;TOP_SPEED;DRIVER_NAME;PIT_TIME;CLASS;GROUP;TEAM;MANUFACTURER;
10;2;1;2:08.280;0;;40.921;0;36.249;0;51.110;0;137.8;2:08.280;09:37:08.280;0:40.921;0:36.249;0:51.110;177.3;Vicente POTOLICCHIO;0:00:13.928;LMP3;;GRAFF;LIGIER;
10;2;2;1:46.165;0;;22.697;0;34.388;0;49.080;0;166.5;3:54.445;09:38:54.445;0:22.697;0:34.388;0:49.080;252.3;Vicente POTOLICCHIO;;LMP3;;GRAFF;LIGIER;
10;2;3;1:46.345;0;;22.235;0;34.859;0;49.251;0;166.2;5:40.790;09:40:40.790;0:22.235;0:34.859;0:49.251;255.9;Vicente POTOLICCHIO;;LMP3;;GRAFF;LIGIER;
10;2;4;1:44.128;0;;21.994;0;33.739;0;48.395;0;169.7;7:24.918;09:42:24.918;0:21.994;0:33.739;0:48.395;256.5;Vicente POTOLICCHIO;;LMP3;;GRAFF;LIGIER;
10;2;5;3:04.509;0;;42.172;0;1:09.294;0;1:13.043;0;95.8;10:29.427;09:45:29.427;0:42.172;1:09.294;1:13.043;114.8;Vicente POTOLICCHIO;;LMP3;;GRAFF;LIGIER;
10;2;6;1:45.330;0;;22.367;0;34.150;0;48.813;0;167.8;12:14.757;09:47:14.757;0:22.367;0:34.150;0:48.813;255.3;Vicente POTOLICCHIO;;LMP3;;GRAFF;LIGIER;
10;2;7;1:44.011;0;;22.448;0;33.367;0;48.196;0;169.9;13:58.768;09:48:58.768;0:22.448;0:33.367;0:48.196;251.2;Vicente POTOLICCHIO;;LMP3;;GRAFF;LIGIER;
10;2;8;1:43.093;0;;22.210;0;33.103;0;47.780;1;171.4;15:41.861;09:50:41.861;0:22.210;0:33.103;0:47.780;257.1;Vicente POTOLICCHIO;;LMP3;;GRAFF;LIGIER;
10;2;9;1:42.975;0;;21.847;0;33.214;0;47.914;0;171.6;17:24.836;09:52:24.836;0:21.847;0:33.214;0:47.914;258.4;Vicente POTOLICCHIO;;LMP3;;GRAFF;LIGIER;
10;2;10;1:42.784;0;;21.727;1;32.927;1;48.130;0;171.9;19:07.620;09:54:07.620;0:21.727;0:32.927;0:48.130;257.8;Vicente POTOLICCHIO;;LMP3;;GRAFF;LIGIER;
10;2;11;1:42.786;0;;21.864;0;33.056;0;47.866;0;171.9;20:50.406;09:55:50.406;0:21.864;0:33.056;0:47.866;259.6;Vicente POTOLICCHIO;;LMP3;;GRAFF;LIGIER;
10;2;12;1:43.349;0;;21.763;0;33.285;0;48.301;0;171.0;22:33.755;09:57:33.755;0:21.763;0:33.285;0:48.301;259.6;Vicente POTOLICCHIO;;LMP3;;GRAFF;LIGIER;
10;2;13;2:04.206;0;B;21.858;0;36.165;0;1:06.183;0;142.3;24:37.961;09:59:37.961;0:21.858;0:36.165;1:06.183;260.9;Vicente POTOLICCHIO;;LMP3;;GRAFF;LIGIER;
10;1;14;3:17.893;0;;1:53.094;0;35.664;0;49.135;0;89.3;27:55.854;10:02:55.854;1:53.094;0:35.664;0:49.135;183.4;Sean RAYHALL;0:01:48.829;LMP3;;GRAFF;LIGIER;
10;1;15;2:59.788;0;B;21.788;0;42.976;0;1:55.024;0;98.3;30:55.642;10:05:55.642;0:21.788;0:42.976;1:55.024;259.0;Sean RAYHALL;;LMP3;;GRAFF;LIGIER;
10;1;16;4:27.761;0;;3:05.935;0;33.677;0;48.149;0;66.0;35:23.403;10:10:23.403;3:05.935;0:33.677;0:48.149;176.5;Sean RAYHALL;0:03:07.929;LMP3;;GRAFF;LIGIER;
10;1;17;1:54.506;0;;21.762;0;33.275;0;59.469;0;154.3;37:17.909;10:12:17.909;0:21.762;0:33.275;0:59.469;257.1;Sean RAYHALL;;LMP3;;GRAFF;LIGIER;
10;1;18;3:47.349;0;;55.957;0;1:07.002;0;1:44.390;0;77.7;41:05.258;10:16:05.258;0:55.957;1:07.002;1:44.390;77.6;Sean RAYHALL;;LMP3;;GRAFF;LIGIER;
10;1;19;1:45.832;0;;23.708;0;33.251;0;48.873;0;167.0;42:51.090;10:17:51.090;0:23.708;0:33.251;0:48.873;234.8;Sean RAYHALL;;LMP3;;GRAFF;LIGIER;
10;1;20;1:40.832;2;;21.397;2;32.579;0;46.856;2;175.3;44:31.922;10:19:31.922;0:21.397;0:32.579;0:46.856;259.6;Sean RAYHALL;;LMP3;;GRAFF;LIGIER;
10;1;21;2:52.453;0;;21.458;0;51.422;0;1:39.573;0;102.5;47:24.375;10:22:24.375;0:21.458;0:51.422;1:39.573;260.2;Sean RAYHALL;;LMP3;;GRAFF;LIGIER;
10;1;22;2:24.008;0;;55.103;0;41.073;0;47.832;0;122.7;49:48.383;10:24:48.383;0:55.103;0:41.073;0:47.832;79.3;Sean RAYHALL;;LMP3;;GRAFF;LIGIER;
10;1;23;1:41.116;0;;21.631;0;32.376;0;47.109;0;174.8;51:29.499;10:26:29.499;0:21.631;0:32.376;0:47.109;257.8;Sean RAYHALL;;LMP3;;GRAFF;LIGIER;
10;1;24;1:41.018;0;;21.567;0;32.283;2;47.168;0;174.9;53:10.517;10:28:10.517;0:21.567;0:32.283;0:47.168;259.0;Sean RAYHALL;;LMP3;;GRAFF;LIGIER;
10;1;25;3:31.192;0;B;23.146;0;1:10.437;0;1:57.609;0;83.7;56:41.709;10:31:41.709;0:23.146;1:10.437;1:57.609;259.0;Sean RAYHALL;;LMP3;;GRAFF;LIGIER;
10;0;26;3:23.624;0;;1:55.704;0;38.430;0;49.490;0;86.8;1:00:05.333;10:35:05.333;1:55.704;0:38.430;0:49.490;138.5;John FALB;0:01:50.060;LMP3;;GRAFF;LIGIER;
10;0;27;1:47.465;0;;22.662;0;34.755;0;50.048;0;164.4;1:01:52.798;10:36:52.798;0:22.662;0:34.755;0:50.048;258.4;John FALB;;LMP3;;GRAFF;LIGIER;
10;0;28;1:44.827;0;;22.054;0;33.858;0;48.915;0;168.6;1:03:37.625;10:38:37.625;0:22.054;0:33.858;0:48.915;259.6;John FALB;;LMP3;;GRAFF;LIGIER;
10;0;29;1:45.938;0;;22.173;0;35.732;0;48.033;1;166.8;1:05:23.563;10:40:23.563;0:22.173;0:35.732;0:48.033;257.8;John FALB;;LMP3;;GRAFF;LIGIER;
10;0;30;1:44.540;0;;21.973;0;33.981;0;48.586;0;169.0;1:07:08.103;10:42:08.103;0:21.973;0:33.981;0:48.586;260.2;John FALB;;LMP3;;GRAFF;LIGIER;
10;0;31;1:44.059;0;;21.975;0;33.752;0;48.332;0;169.8;1:08:52.162;10:43:52.162;0:21.975;0:33.752;0:48.332;257.8;John FALB;;LMP3;;GRAFF;LIGIER;
10;0;32;1:44.241;0;;22.114;0;33.774;0;48.353;0;169.5;1:10:36.403;10:45:36.403;0:22.114;0:33.774;0:48.353;257.8;John FALB;;LMP3;;GRAFF;LIGIER;
10;0;33;1:45.729;0;;21.892;1;33.700;1;50.137;0;167.1;1:12:22.132;10:47:22.132;0:21.892;0:33.700;0:50.137;257.1;John FALB;;LMP3;;GRAFF;LIGIER;
10;0;34;1:44.618;0;;22.174;0;34.048;0;48.396;0;168.9;1:14:06.750;10:49:06.750;0:22.174;0:34.048;0:48.396;256.5;John FALB;;LMP3;;GRAFF;LIGIER;
10;0;35;1:44.822;0;;22.217;0;34.460;0;48.145;0;168.6;1:15:51.572;10:50:51.572;0:22.217;0:34.460;0:48.145;257.1;John FALB;;LMP3;;GRAFF;LIGIER;
10;0;36;1:45.477;0;;22.961;0;34.182;0;48.334;0;167.5;1:17:37.049;10:52:37.049;0:22.961;0:34.182;0:48.334;228.8;John FALB;;LMP3;;GRAFF;LIGIER;
10;0;37;1:44.448;0;;22.200;0;34.135;0;48.113;0;169.2;1:19:21.497;10:54:21.497;0:22.200;0:34.135;0:48.113;257.8;John FALB;;LMP3;;GRAFF;LIGIER;
10;0;38;2:38.426;0;;22.138;0;36.612;0;1:39.676;0;111.5;1:21:59.923;10:56:59.923;0:22.138;0:36.612;1:39.676;257.8;John FALB;;LMP3;;GRAFF;LIGIER;
10;0;39;2:29.278;0;;55.462;0;44.690;0;49.126;0;118.4;1:24:29.201;10:59:29.201;0:55.462;0:44.690;0:49.126;80.4;John FALB;;LMP3;;GRAFF;LIGIER;
10;0;40;1:45.994;0;;22.332;0;34.645;0;49.017;0;166.7;1:26:15.195;11:01:15.195;0:22.332;0:34.645;0:49.017;255.3;John FALB;;LMP3;;GRAFF;LIGIER;
10;0;41;1:45.334;0;;22.306;0;34.740;0;48.288;0;167.8;1:28:00.529;11:03:00.529;0:22.306;0:34.740;0:48.288;256.5;John FALB;;LMP3;;GRAFF;LIGIER;
10;0;42;1:45.699;0;;22.170;0;35.022;0;48.507;0;167.2;1:29:46.228;11:04:46.228;0:22.170;0:35.022;0:48.507;257.1;John FALB;;LMP3;;GRAFF;LIGIER;
10;0;43;1:44.723;0;;21.929;0;33.701;0;49.093;0;168.8;1:31:30.951;11:06:30.951;0:21.929;0:33.701;0:49.093;258.4;John FALB;;LMP3;;GRAFF;LIGIER;
11;2;1;3:22.614;0;;1:55.223;0;36.656;0;50.735;0;87.2;3:22.614;09:38:22.614;1:55.223;0:36.656;0:50.735;173.6;Marco JACOBONI;0:01:28.517;LMP3;;EUROINTERNATIONAL;LIGIER;
11;2;2;1:46.910;0;;22.982;0;34.055;0;49.873;0;165.3;5:09.524;09:40:09.524;0:22.982;0:34.055;0:49.873;251.2;Marco JACOBONI;;LMP3;;EUROINTERNATIONAL;LIGIER;
11;2;3;1:47.327;0;;22.659;0;34.257;0;50.411;0;164.7;6:56.851;09:41:56.851;0:22.659;0:34.257;0:50.411;254.1;Marco JACOBONI;;LMP3;;EUROINTERNATIONAL;LIGIER;
11;2;4;3:06.905;0;;22.251;0;1:04.708;0;1:39.946;0;94.6;10:03.756;09:45:03.756;0:22.251;1:04.708;1:39.946;255.9;Marco JACOBONI;;LMP3;;EUROINTERNATIONAL;LIGIER;
11;2;5;1:47.696;0;;25.691;0;33.592;0;48.413;0;164.1;11:51.452;09:46:51.452;0:25.691;0:33.592;0:48.413;221.3;Marco JACOBONI;;LMP3;;EUROINTERNATIONAL;LIGIER;
11;2;6;1:43.477;0;;22.476;0;33.066;0;47.935;0;170.8;13:34.929;09:48:34.929;0:22.476;0:33.066;0:47.935;257.1;Marco JACOBONI;;LMP3;;EUROINTERNATIONAL;LIGIER;
11;2;7;1:43.087;0;;22.564;0;32.999;0;47.524;0;171.4;15:18.016;09:50:18.016;0:22.564;0:32.999;0:47.524;257.1;Marco JACOBONI;;LMP3;;EUROINTERNATIONAL;LIGIER;
11;2;8;2:04.766;0;B;22.023;0;33.322;0;1:09.421;0;141.6;17:22.782;09:52:22.782;0:22.023;0:33.322;1:09.421;257.8;Marco JACOBONI;;LMP3;;EUROINTERNATIONAL;LIGIER;
11;2;9;3:00.968;0;;1:39.525;0;33.433;0;48.010;0;97.7;20:23.750;09:55:23.750;1:39.525;0:33.433;0:48.010;185.9;Marco JACOBONI;0:01:36.910;LMP3;;EUROINTERNATIONAL;LIGIER;
11;2;10;1:42.814;0;;22.117;0;32.545;0;48.152;0;171.9;22:06.564;09:57:06.564;0:22.117;0:32.545;0:48.152;260.2;Marco JACOBONI;;LMP3;;EUROINTERNATIONAL;LIGIER;
11;2;11;1:42.347;0;;21.866;0;32.826;0;47.655;0;172.7;23:48.911;09:58:48.911;0:21.866;0:32.826;0:47.655;259.6;Marco JACOBONI;;LMP3;;EUROINTERNATIONAL;LIGIER;
11;2;12;1:43.511;0;;22.871;0;32.741;0;47.899;0;170.7;25:32.422;10:00:32.422;0:22.871;0:32.741;0:47.899;257.8;Marco JACOBONI;;LMP3;;EUROINTERNATIONAL;LIGIER;
11;2;13;1:41.483;0;;21.854;0;32.678;0;46.951;1;174.1;27:13.905;10:02:13.905;0:21.854;0:32.678;0:46.951;257.8;Marco JACOBONI;;LMP3;;EUROINTERNATIONAL;LIGIER;
11;2;14;1:41.935;0;;21.785;1;32.532;2;47.618;0;173.4;28:55.840;10:03:55.840;0:21.785;0:32.532;0:47.618;258.4;Marco JACOBONI;;LMP3;;EUROINTERNATIONAL;LIGIER;
11;2;15;3:54.221;0;B;52.530;0;1:10.160;0;1:51.531;0;75.5;32:50.061;10:07:50.061;0:52.530;1:10.160;1:51.531;77.8;Marco JACOBONI;;LMP3;;EUROINTERNATIONAL;LIGIER;
11;1;16;5:38.931;0;;3:24.834;0;39.913;0;1:34.184;0;52.1;38:28.992;10:13:28.992;3:24.834;0:39.913;1:34.184;170.1;Andrea RODA;0:03:19.443;LMP3;;EUROINTERNATIONAL;LIGIER;
11;1;17;3:10.564;0;;56.932;0;1:10.385;0;1:03.247;0;92.7;41:39.556;10:16:39.556;0:56.932;1:10.385;1:03.247;77.7;Andrea RODA;;LMP3;;EUROINTERNATIONAL;LIGIER;
11;1;18;1:45.559;0;;22.349;0;34.240;0;48.970;0;167.4;43:25.115;10:18:25.115;0:22.349;0:34.240;0:48.970;255.9;Andrea RODA;;LMP3;;EUROINTERNATIONAL;LIGIER;
11;1;19;1:44.516;0;;22.074;0;33.429;0;49.013;0;169.1;45:09.631;10:20:09.631;0:22.074;0:33.429;0:49.013;259.0;Andrea RODA;;LMP3;;EUROINTERNATIONAL;LIGIER;
11;1;20;3:26.418;0;;36.850;0;1:10.273;0;1:39.295;0;85.6;48:36.049;10:23:36.049;0:36.850;1:10.273;1:39.295;258.4;Andrea RODA;;LMP3;;EUROINTERNATIONAL;LIGIER;
11;1;21;1:49.817;0;;25.807;0;34.911;0;49.099;0;160.9;50:25.866;10:25:25.866;0:25.807;0:34.911;0:49.099;222.2;Andrea RODA;;LMP3;;EUROINTERNATIONAL;LIGIER;
11;1;22;1:44.471;0;;21.922;0;34.275;0;48.274;0;169.2;52:10.337;10:27:10.337;0:21.922;0:34.275;0:48.274;262.1;Andrea RODA;;LMP3;;EUROINTERNATIONAL;LIGIER;
11;1;23;2:29.745;0;;22.205;0;36.846;0;1:30.694;0;118.0;54:40.082;10:29:40.082;0:22.205;0:36.846;1:30.694;262.8;Andrea RODA;;LMP3;;EUROINTERNATIONAL;LIGIER;
11;1;24;3:28.190;0;;57.679;0;1:10.812;0;1:19.699;0;84.9;58:08.272;10:33:08.272;0:57.679;1:10.812;1:19.699;77.5;Andrea RODA;;LMP3;;EUROINTERNATIONAL;LIGIER;
11;1;25;1:49.439;0;;23.918;0;36.120;0;49.401;0;161.5;59:57.711;10:34:57.711;0:23.918;0:36.120;0:49.401;254.7;Andrea RODA;;LMP3;;EUROINTERNATIONAL;LIGIER;
11;1;26;1:47.838;0;;23.184;0;35.279;0;49.375;0;163.9;1:01:45.549;10:36:45.549;0:23.184;0:35.279;0:49.375;232.8;Andrea RODA;;LMP3;;EUROINTERNATIONAL;LIGIER;
11;1;27;1:44.513;0;;21.814;0;34.686;0;48.013;0;169.1;1:03:30.062;10:38:30.062;0:21.814;0:34.686;0:48.013;260.9;Andrea RODA;;LMP3;;EUROINTERNATIONAL;LIGIER;
11;1;28;1:42.443;0;;21.854;0;33.017;0;47.572;0;172.5;1:05:12.505;10:40:12.505;0:21.854;0:33.017;0:47.572;259.0;Andrea RODA;;LMP3;;EUROINTERNATIONAL;LIGIER;
11;1;29;1:43.086;0;;21.832;0;33.235;0;48.019;0;171.4;1:06:55.591;10:41:55.591;0:21.832;0:33.235;0:48.019;258.4;Andrea RODA;;LMP3;;EUROINTERNATIONAL;LIGIER;
11;1;30;1:42.085;0;;21.774;1;32.977;1;47.334;1;173.1;1:08:37.676;10:43:37.676;0:21.774;0:32.977;0:47.334;260.2;Andrea RODA;;LMP3;;EUROINTERNATIONAL;LIGIER;
11;1;31;2:04.493;0;B;21.938;0;35.270;0;1:07.285;0;142.0;1:10:42.169;10:45:42.169;0:21.938;0:35.270;1:07.285;257.8;Andrea RODA;;LMP3;;EUROINTERNATIONAL;LIGIER;
11;0;32;5:35.609;0;;4:14.083;0;33.890;0;47.636;0;52.7;1:16:17.778;10:51:17.778;4:14.083;0:33.890;0:47.636;184.9;Giorgio MONDINI;0:04:11.751;LMP3;;EUROINTERNATIONAL;LIGIER;
11;0;33;1:41.328;0;;21.629;0;32.695;0;47.004;0;174.4;1:17:59.106;10:52:59.106;0:21.629;0:32.695;0:47.004;258.4;Giorgio MONDINI;;LMP3;;EUROINTERNATIONAL;LIGIER;
11;0;34;1:41.603;0;;21.548;2;33.100;0;46.955;0;173.9;1:19:40.709;10:54:40.709;0:21.548;0:33.100;0:46.955;259.6;Giorgio MONDINI;;LMP3;;EUROINTERNATIONAL;LIGIER;
11;0;35;3:11.968;0;;21.752;0;1:06.960;0;1:43.256;0;92.1;1:22:52.677;10:57:52.677;0:21.752;1:06.960;1:43.256;259.0;Giorgio MONDINI;;LMP3;;EUROINTERNATIONAL;LIGIER;
11;0;36;2:03.106;0;;38.647;0;34.100;0;50.359;0;143.6;1:24:55.783;10:59:55.783;0:38.647;0:34.100;0:50.359;137.2;Giorgio MONDINI;;LMP3;;EUROINTERNATIONAL;LIGIER;
11;0;37;1:40.895;2;;21.692;0;32.565;1;46.638;2;175.2;1:26:36.678;11:01:36.678;0:21.692;0:32.565;0:46.638;255.9;Giorgio MONDINI;;LMP3;;EUROINTERNATIONAL;LIGIER;
11;0;38;1:46.912;0;;21.641;0;35.632;0;49.639;0;165.3;1:28:23.590;11:03:23.590;0:21.641;0:35.632;0:49.639;257.8;Giorgio MONDINI;;LMP3;;EUROINTERNATIONAL;LIGIER;
11;0;39;1:44.787;0;;22.598;0;33.303;0;48.886;0;168.7;1:30:08.377;11:05:08.377;0:22.598;0:33.303;0:48.886;258.4;Giorgio MONDINI;;LMP3;;EUROINTERNATIONAL;LIGIER;
12;2;1;3:36.259;0;;2:00.080;0;42.154;0;54.025;0;81.7;3:36.259;09:38:36.259;2:00.080;0:42.154;0:54.025;165.9;Roman RUSINOV;0:01:32.380;LMP3;;EUROINTERNATIONAL;LIGIER;
12;2;2;1:53.686;0;;25.541;0;36.210;0;51.935;0;155.4;5:29.945;09:40:29.945;0:25.541;0:36.210;0:51.935;196.0;Roman RUSINOV;;LMP3;;EUROINTERNATIONAL;LIGIER;
12;2;3;1:49.827;0;;23.558;0;36.073;0;50.196;0;160.9;7:19.772;09:42:19.772;0:23.558;0:36.073;0:50.196;246.0;Roman RUSINOV;;LMP3;;EUROINTERNATIONAL;LIGIER;
12;2;4;3:08.908;0;;44.181;0;1:11.035;0;1:13.692;0;93.6;10:28.680;09:45:28.680;0:44.181;1:11.035;1:13.692;87.4;Roman RUSINOV;;LMP3;;EUROINTERNATIONAL;LIGIER;
12;2;5;1:49.844;0;;22.769;0;35.480;0;51.595;0;160.9;12:18.524;09:47:18.524;0:22.769;0:35.480;0:51.595;251.7;Roman RUSINOV;;LMP3;;EUROINTERNATIONAL;LIGIER;
12;2;6;1:44.234;0;;22.398;0;33.466;0;48.370;0;169.5;14:02.758;09:49:02.758;0:22.398;0:33.466;0:48.370;254.7;Roman RUSINOV;;LMP3;;EUROINTERNATIONAL;LIGIER;
12;2;7;1:42.586;0;;21.920;0;33.075;0;47.591;0;172.3;15:45.344;09:50:45.344;0:21.920;0:33.075;0:47.591;254.1;Roman RUSINOV;;LMP3;;EUROINTERNATIONAL;LIGIER;
12;2;8;1:42.224;0;;21.734;0;33.060;0;47.430;0;172.9;17:27.568;09:52:27.568;0:21.734;0:33.060;0:47.430;256.5;Roman RUSINOV;;LMP3;;EUROINTERNATIONAL;LIGIER;
12;2;9;1:41.890;0;;21.789;0;32.691;0;47.410;0;173.4;19:09.458;09:54:09.458;0:21.789;0:32.691;0:47.410;260.2;Roman RUSINOV;;LMP3;;EUROINTERNATIONAL;LIGIER;
12;2;10;1:41.500;2;;21.868;0;32.561;2;47.071;2;174.1;20:50.958;09:55:50.958;0:21.868;0:32.561;0:47.071;257.8;Roman RUSINOV;;LMP3;;EUROINTERNATIONAL;LIGIER;
12;2;11;1:42.976;0;;21.700;2;33.502;0;47.774;0;171.6;22:33.934;09:57:33.934;0:21.700;0:33.502;0:47.774;260.2;Roman RUSINOV;;LMP3;;EUROINTERNATIONAL;LIGIER;
12;2;12;1:44.085;0;;21.968;0;33.751;0;48.366;0;169.8;24:18.019;09:59:18.019;0:21.968;0:33.751;0:48.366;262.8;Roman RUSINOV;;LMP3;;EUROINTERNATIONAL;LIGIER;
12;2;13;1:43.406;0;;21.772;0;33.475;0;48.159;0;170.9;26:01.425;10:01:01.425;0:21.772;0:33.475;0:48.159;259.0;Roman RUSINOV;;LMP3;;EUROINTERNATIONAL;LIGIER;
12;2;14;1:43.977;0;;22.008;0;33.292;0;48.677;0;170.0;27:45.402;10:02:45.402;0:22.008;0:33.292;0:48.677;263.4;Roman RUSINOV;;LMP3;;EUROINTERNATIONAL;LIGIER;
12;2;15;10:09.235;0;B;1:49.430;0;1:11.512;0;7:08.293;0;29.0;37:54.637;10:12:54.637;1:49.430;1:11.512;7:08.293;;Roman RUSINOV;;LMP3;;EUROINTERNATIONAL;LIGIER;
12;0;16;3:33.816;0;;1:03.090;0;1:09.154;0;1:21.572;0;82.7;41:28.453;10:16:28.453;1:03.090;1:09.154;1:21.572;71.1;Andrea DROMEDARI;0:05:56.389;LMP3;;EUROINTERNATIONAL;LIGIER;
12;0;17;1:49.083;0;;23.842;0;35.309;0;49.932;0;162.0;43:17.536;10:18:17.536;0:23.842;0:35.309;0:49.932;238.4;Andrea DROMEDARI;;LMP3;;EUROINTERNATIONAL;LIGIER;
12;0;18;1:45.244;0;;22.814;0;34.218;0;48.212;0;167.9;45:02.780;10:20:02.780;0:22.814;0:34.218;0:48.212;255.3;Andrea DROMEDARI;;LMP3;;EUROINTERNATIONAL;LIGIER;
12;0;19;3:14.789;0;;28.616;0;1:08.746;0;1:37.427;0;90.7;48:17.569;10:23:17.569;0:28.616;1:08.746;1:37.427;255.9;Andrea DROMEDARI;;LMP3;;EUROINTERNATIONAL;LIGIER;
12;0;20;2:02.246;0;;36.910;0;35.692;0;49.644;0;144.6;50:19.815;10:25:19.815;0:36.910;0:35.692;0:49.644;167.2;Andrea DROMEDARI;;LMP3;;EUROINTERNATIONAL;LIGIER;
12;0;21;1:46.305;0;;22.898;0;34.735;0;48.672;0;166.2;52:06.120;10:27:06.120;0:22.898;0:34.735;0:48.672;256.5;Andrea DROMEDARI;;LMP3;;EUROINTERNATIONAL;LIGIER;
12;0;22;2:01.978;0;;22.801;0;35.422;0;1:03.755;0;144.9;54:08.098;10:29:08.098;0:22.801;0:35.422;1:03.755;259.0;Andrea DROMEDARI;;LMP3;;EUROINTERNATIONAL;LIGIER;
12;0;23;3:41.784;0;;55.519;0;1:08.838;0;1:37.427;0;79.7;57:49.882;10:32:49.882;0:55.519;1:08.838;1:37.427;79.8;Andrea DROMEDARI;;LMP3;;EUROINTERNATIONAL;LIGIER;
12;0;24;1:50.369;0;;26.628;0;34.981;0;48.760;0;160.1;59:40.251;10:34:40.251;0:26.628;0:34.981;0:48.760;221.8;Andrea DROMEDARI;;LMP3;;EUROINTERNATIONAL;LIGIER;
12;0;25;1:44.724;0;;22.662;0;33.978;1;48.084;1;168.8;1:01:24.975;10:36:24.975;0:22.662;0:33.978;0:48.084;257.1;Andrea DROMEDARI;;LMP3;;EUROINTERNATIONAL;LIGIER;
12;0;26;1:45.132;0;;22.430;1;34.324;0;48.378;0;168.1;1:03:10.107;10:38:10.107;0:22.430;0:34.324;0:48.378;259.6;Andrea DROMEDARI;;LMP3;;EUROINTERNATIONAL;LIGIER;
12;0;27;3:59.868;0;B;22.846;0;34.940;0;3:02.082;0;73.7;1:07:09.975;10:42:09.975;0:22.846;0:34.940;3:02.082;259.0;Andrea DROMEDARI;;LMP3;;EUROINTERNATIONAL;LIGIER;
12;1;28;2:09.225;0;;42.242;0;35.623;0;51.360;0;136.8;1:09:19.200;10:44:19.200;0:42.242;0:35.623;0:51.360;157.0;Fabio MANCINI;0:02:32.154;LMP3;;EUROINTERNATIONAL;LIGIER;
12;1;29;1:46.415;0;;22.691;0;34.746;0;48.978;0;166.1;1:11:05.615;10:46:05.615;0:22.691;0:34.746;0:48.978;256.5;Fabio MANCINI;;LMP3;;EUROINTERNATIONAL;LIGIER;
12;1;30;1:45.730;0;;22.517;0;34.613;0;48.600;0;167.1;1:12:51.345;10:47:51.345;0:22.517;0:34.613;0:48.600;256.5;Fabio MANCINI;;LMP3;;EUROINTERNATIONAL;LIGIER;
12;1;31;1:46.770;0;;22.574;0;34.150;0;50.046;0;165.5;1:14:38.115;10:49:38.115;0:22.574;0:34.150;0:50.046;255.9;Fabio MANCINI;;LMP3;;EUROINTERNATIONAL;LIGIER;
12;1;32;1:52.103;0;;23.231;0;37.653;0;51.219;0;157.6;1:16:30.218;10:51:30.218;0:23.231;0:37.653;0:51.219;259.0;Fabio MANCINI;;LMP3;;EUROINTERNATIONAL;LIGIER;
12;1;33;1:44.541;0;;22.264;0;33.952;0;48.325;0;169.0;1:18:14.759;10:53:14.759;0:22.264;0:33.952;0:48.325;257.1;Fabio MANCINI;;LMP3;;EUROINTERNATIONAL;LIGIER;
12;1;34;1:43.726;0;;22.140;0;33.627;0;47.959;0;170.4;1:19:58.485;10:54:58.485;0:22.140;0:33.627;0:47.959;257.8;Fabio MANCINI;;LMP3;;EUROINTERNATIONAL;LIGIER;
12;1;35;3:12.437;0;;22.772;0;1:05.145;0;1:44.520;0;91.8;1:23:10.922;10:58:10.922;0:22.772;1:05.145;1:44.520;257.8;Fabio MANCINI;;LMP3;;EUROINTERNATIONAL;LIGIER;
12;1;36;1:58.855;0;;33.620;0;36.101;0;49.134;0;148.7;1:25:09.777;11:00:09.777;0:33.620;0:36.101;0:49.134;187.8;Fabio MANCINI;;LMP3;;EUROINTERNATIONAL;LIGIER;
12;1;37;1:44.564;0;;22.761;0;33.848;0;47.955;0;169.0;1:26:54.341;11:01:54.341;0:22.761;0:33.848;0:47.955;258.4;Fabio MANCINI;;LMP3;;EUROINTERNATIONAL;LIGIER;
12;1;38;1:43.174;0;;22.015;0;33.559;1;47.600;1;171.3;1:28:37.515;11:03:37.515;0:22.015;0:33.559;0:47.600;257.1;Fabio MANCINI;;LMP3;;EUROINTERNATIONAL;LIGIER;
12;1;39;1:43.579;0;;21.997;1;33.573;0;48.009;0;170.6;1:30:21.094;11:05:21.094;0:21.997;0:33.573;0:48.009;257.1;Fabio MANCINI;;LMP3;;EUROINTERNATIONAL;LIGIER;
13;1;1;3:13.609;0;;1:47.698;0;35.422;0;50.489;0;91.3;3:13.609;09:38:13.609;1:47.698;0:35.422;0:50.489;161.9;Jens PETERSEN;0:01:21.370;LMP3;;Inter Europol Competition;LIGIER;
13;1;2;1:46.411;0;;23.679;0;33.976;0;48.756;0;166.1;5:00.020;09:40:00.020;0:23.679;0:33.976;0:48.756;224.1;Jens PETERSEN;;LMP3;;Inter Europol Competition;LIGIER;
13;1;3;15:10.794;0;B;22.563;0;33.909;0;14:14.322;0;19.4;20:10.814;09:55:10.814;0:22.563;0:33.909;14:14.322;254.1;Jens PETERSEN;;LMP3;;Inter Europol Competition;LIGIER;
13;1;4;2:13.316;0;;44.871;0;37.735;0;50.710;0;132.6;22:24.130;09:57:24.130;0:44.871;0:37.735;0:50.710;177.3;Jens PETERSEN;0:08:14.978;LMP3;;Inter Europol Competition;LIGIER;
13;1;5;1:45.172;0;;22.813;0;33.780;1;48.579;0;168.0;24:09.302;09:59:09.302;0:22.813;0:33.780;0:48.579;254.1;Jens PETERSEN;;LMP3;;Inter Europol Competition;LIGIER;
13;1;6;1:45.931;0;;22.579;0;33.864;0;49.488;0;166.8;25:55.233;10:00:55.233;0:22.579;0:33.864;0:49.488;255.9;Jens PETERSEN;;LMP3;;Inter Europol Competition;LIGIER;
13;1;7;1:44.614;0;;22.310;1;33.841;0;48.463;1;168.9;27:39.847;10:02:39.847;0:22.310;0:33.841;0:48.463;257.8;Jens PETERSEN;;LMP3;;Inter Europol Competition;LIGIER;
13;1;8;6:24.796;0;B;22.390;0;33.723;0;5:28.683;0;45.9;34:04.643;10:09:04.643;0:22.390;0:33.723;5:28.683;257.8;Jens PETERSEN;;LMP3;;Inter Europol Competition;LIGIER;
13;1;9;2:02.586;0;;38.600;0;35.208;0;48.778;0;144.2;36:07.229;10:11:07.229;0:38.600;0:35.208;0:48.778;180.3;Jens PETERSEN;0:04:19.689;LMP3;;Inter Europol Competition;LIGIER;
13;1;10;2:44.759;0;;22.498;0;40.346;0;1:41.915;0;107.3;38:51.988;10:13:51.988;0:22.498;0:40.346;1:41.915;255.9;Jens PETERSEN;;LMP3;;Inter Europol Competition;LIGIER;
13;1;11;2:58.287;0;;57.049;0;1:09.967;0;51.271;0;99.1;41:50.275;10:16:50.275;0:57.049;1:09.967;0:51.271;77.7;Jens PETERSEN;;LMP3;;Inter Europol Competition;LIGIER;
13;1;12;1:46.490;0;;22.835;0;34.440;0;49.215;0;166.0;43:36.765;10:18:36.765;0:22.835;0:34.440;0:49.215;255.3;Jens PETERSEN;;LMP3;;Inter Europol Competition;LIGIER;
13;1;13;1:48.929;0;;22.321;0;34.286;0;52.322;0;162.2;45:25.694;10:20:25.694;0:22.321;0:34.286;0:52.322;259.0;Jens PETERSEN;;LMP3;;Inter Europol Competition;LIGIER;
13;1;14;3:29.205;0;;1:01.844;0;1:11.151;0;1:16.210;0;84.5;48:54.899;10:23:54.899;1:01.844;1:11.151;1:16.210;77.2;Jens PETERSEN;;LMP3;;Inter Europol Competition;LIGIER;
13;1;15;1:46.809;0;;22.957;0;34.888;0;48.964;0;165.5;50:41.708;10:25:41.708;0:22.957;0:34.888;0:48.964;254.7;Jens PETERSEN;;LMP3;;Inter Europol Competition;LIGIER;
13;1;16;4:24.491;0;B;22.677;0;56.222;0;3:05.592;0;66.8;55:06.199;10:30:06.199;0:22.677;0:56.222;3:05.592;260.2;Jens PETERSEN;;LMP3;;Inter Europol Competition;LIGIER;
13;0;17;3:13.351;0;;58.705;0;1:10.073;0;1:04.573;0;91.4;58:19.550;10:33:19.550;0:58.705;1:10.073;1:04.573;76.2;Jakub SMIECHOWSKI;0:02:27.994;LMP3;;Inter Europol Competition;LIGIER;
13;0;18;1:50.990;0;;23.014;0;36.152;0;51.824;0;159.2;1:00:10.540;10:35:10.540;0:23.014;0:36.152;0:51.824;252.3;Jakub SMIECHOWSKI;;LMP3;;Inter Europol Competition;LIGIER;
13;0;19;1:53.772;0;;23.455;0;40.380;0;49.937;0;155.3;1:02:04.312;10:37:04.312;0:23.455;0:40.380;0:49.937;232.8;Jakub SMIECHOWSKI;;LMP3;;Inter Europol Competition;LIGIER;
13;0;20;1:47.298;0;;22.240;0;34.908;0;50.150;0;164.7;1:03:51.610;10:38:51.610;0:22.240;0:34.908;0:50.150;257.8;Jakub SMIECHOWSKI;;LMP3;;Inter Europol Competition;LIGIER;
13;0;21;1:49.277;0;;21.876;0;38.582;0;48.819;0;161.7;1:05:40.887;10:40:40.887;0:21.876;0:38.582;0:48.819;257.8;Jakub SMIECHOWSKI;;LMP3;;Inter Europol Competition;LIGIER;
13;0;22;1:46.263;0;;21.821;0;34.010;0;50.432;0;166.3;1:07:27.150;10:42:27.150;0:21.821;0:34.010;0:50.432;257.8;Jakub SMIECHOWSKI;;LMP3;;Inter Europol Competition;LIGIER;
13;0;23;3:06.028;0;B;23.422;0;34.183;0;2:08.423;0;95.0;1:10:33.178;10:45:33.178;0:23.422;0:34.183;2:08.423;252.9;Jakub SMIECHOWSKI;;LMP3;;Inter Europol Competition;LIGIER;
13;0;24;1:59.261;0;;37.586;0;34.019;0;47.656;0;148.2;1:12:32.439;10:47:32.439;0:37.586;0:34.019;0:47.656;185.9;Jakub SMIECHOWSKI;0:01:33.337;LMP3;;Inter Europol Competition;LIGIER;
13;0;25;1:44.077;0;;21.733;2;34.412;0;47.932;0;169.8;1:14:16.516;10:49:16.516;0:21.733;0:34.412;0:47.932;256.5;Jakub SMIECHOWSKI;;LMP3;;Inter Europol Competition;LIGIER;
13;0;26;1:41.573;2;;21.836;0;32.785;2;46.952;2;174.0;1:15:58.089;10:50:58.089;0:21.836;0:32.785;0:46.952;257.1;Jakub SMIECHOWSKI;;LMP3;;Inter Europol Competition;LIGIER;
13;0;27;1:44.442;0;;21.736;0;33.527;0;49.179;0;169.2;1:17:42.531;10:52:42.531;0:21.736;0:33.527;0:49.179;258.4;Jakub SMIECHOWSKI;;LMP3;;Inter Europol Competition;LIGIER;
13;0;28;1:47.815;0;;21.965;0;33.278;0;52.572;0;163.9;1:19:30.346;10:54:30.346;0:21.965;0:33.278;0:52.572;258.4;Jakub SMIECHOWSKI;;LMP3;;Inter Europol Competition;LIGIER;
13;0;29;3:00.636;0;;21.909;0;59.093;0;1:39.634;0;97.8;1:22:30.982;10:57:30.982;0:21.909;0:59.093;1:39.634;256.5;Jakub SMIECHOWSKI;;LMP3;;Inter Europol Competition;LIGIER;
13;0;30;2:12.932;0;;50.821;0;34.106;0;48.005;0;132.9;1:24:43.914;10:59:43.914;0:50.821;0:34.106;0:48.005;77.8;Jakub SMIECHOWSKI;;LMP3;;Inter Europol Competition;LIGIER;
13;0;31;1:45.992;0;;22.191;0;35.284;0;48.517;0;166.7;1:26:29.906;11:01:29.906;0:22.191;0:35.284;0:48.517;257.8;Jakub SMIECHOWSKI;;LMP3;;Inter Europol Competition;LIGIER;
14;1;1;3:34.780;0;;1:20.210;0;45.513;0;1:29.057;0;82.3;3:34.780;09:38:34.780;1:20.210;0:45.513;1:29.057;77.4;Alex KAPADIA;0:00:41.469;LMP3;;MurphyP3-3Dimensional.com;Ginetta;
14;1;2;5:17.780;0;B;27.138;0;43.214;0;4:07.428;0;55.6;8:52.560;09:43:52.560;0:27.138;0:43.214;4:07.428;179.7;Alex KAPADIA;;LMP3;;MurphyP3-3Dimensional.com;Ginetta;
14;1;3;11:15.816;0;B;1:06.077;0;47.941;0;9:21.798;0;26.1;20:08.376;09:55:08.376;1:06.077;0:47.941;9:21.798;77.3;Alex KAPADIA;0:03:29.116;LMP3;;MurphyP3-3Dimensional.com;Ginetta;
14;1;4;2:20.267;0;;46.598;0;40.236;0;53.433;0;126.0;22:28.643;09:57:28.643;0:46.598;0:40.236;0:53.433;173.9;Alex KAPADIA;0:08:40.759;LMP3;;MurphyP3-3Dimensional.com;Ginetta;
14;1;5;1:50.845;0;;23.564;0;36.214;0;51.067;0;159.4;24:19.488;09:59:19.488;0:23.564;0:36.214;0:51.067;227.4;Alex KAPADIA;;LMP3;;MurphyP3-3Dimensional.com;Ginetta;
14;1;6;1:47.953;0;;22.818;0;35.378;0;49.757;0;163.7;26:07.441;10:01:07.441;0:22.818;0:35.378;0:49.757;254.7;Alex KAPADIA;;LMP3;;MurphyP3-3Dimensional.com;Ginetta;
14;1;7;1:49.492;0;;22.815;0;36.244;0;50.433;0;161.4;27:56.933;10:02:56.933;0:22.815;0:36.244;0:50.433;257.1;Alex KAPADIA;;LMP3;;MurphyP3-3Dimensional.com;Ginetta;
14;1;8;6:16.873;0;B;24.121;0;53.274;0;4:59.478;0;46.9;34:13.806;10:09:13.806;0:24.121;0:53.274;4:59.478;209.3;Alex KAPADIA;;LMP3;;MurphyP3-3Dimensional.com;Ginetta;
14;1;9;2:09.912;0;;40.856;0;37.331;0;51.725;0;136.0;36:23.718;10:11:23.718;0:40.856;0:37.331;0:51.725;173.4;Alex KAPADIA;0:03:46.449;LMP3;;MurphyP3-3Dimensional.com;Ginetta;
14;1;10;3:04.074;0;;23.067;0;1:00.595;0;1:40.412;0;96.0;39:27.792;10:14:27.792;0:23.067;1:00.595;1:40.412;257.8;Alex KAPADIA;;LMP3;;MurphyP3-3Dimensional.com;Ginetta;
14;1;11;2:41.269;0;;57.572;0;53.912;0;49.785;0;109.6;42:09.061;10:17:09.061;0:57.572;0:53.912;0:49.785;77.4;Alex KAPADIA;;LMP3;;MurphyP3-3Dimensional.com;Ginetta;
14;1;12;1:45.768;0;;22.358;1;34.890;0;48.520;1;167.1;43:54.829;10:18:54.829;0:22.358;0:34.890;0:48.520;258.4;Alex KAPADIA;;LMP3;;MurphyP3-3Dimensional.com;Ginetta;
14;1;13;4:42.142;0;B;22.430;0;34.358;1;3:45.354;0;62.6;48:36.971;10:23:36.971;0:22.430;0:34.358;3:45.354;258.4;Alex KAPADIA;;LMP3;;MurphyP3-3Dimensional.com;Ginetta;
14;2;14;2:03.917;0;;39.858;0;35.085;0;48.974;0;142.6;50:40.888;10:25:40.888;0:39.858;0:35.085;0:48.974;179.1;Rob GAROFALL;0:02:56.425;LMP3;;MurphyP3-3Dimensional.com;Ginetta;
14;2;15;1:44.858;0;;22.397;0;34.039;0;48.422;0;168.5;52:25.746;10:27:25.746;0:22.397;0:34.039;0:48.422;259.0;Rob GAROFALL;;LMP3;;MurphyP3-3Dimensional.com;Ginetta;
14;2;16;2:29.746;0;;22.245;0;34.199;0;1:33.302;0;118.0;54:55.492;10:29:55.492;0:22.245;0:34.199;1:33.302;259.6;Rob GAROFALL;;LMP3;;MurphyP3-3Dimensional.com;Ginetta;
14;2;17;3:17.891;0;;56.645;0;1:10.619;0;1:10.627;0;89.3;58:13.383;10:33:13.383;0:56.645;1:10.619;1:10.627;78.0;Rob GAROFALL;;LMP3;;MurphyP3-3Dimensional.com;Ginetta;
14;2;18;1:48.047;0;;24.086;0;34.820;0;49.141;0;163.6;1:00:01.430;10:35:01.430;0:24.086;0:34.820;0:49.141;230.8;Rob GAROFALL;;LMP3;;MurphyP3-3Dimensional.com;Ginetta;
14;2;19;1:45.675;0;;23.461;0;33.987;0;48.227;0;167.2;1:01:47.105;10:36:47.105;0:23.461;0:33.987;0:48.227;229.8;Rob GAROFALL;;LMP3;;MurphyP3-3Dimensional.com;Ginetta;
14;2;20;1:49.640;0;;22.430;0;34.376;0;52.834;0;161.2;1:03:36.745;10:38:36.745;0:22.430;0:34.376;0:52.834;260.9;Rob GAROFALL;;LMP3;;MurphyP3-3Dimensional.com;Ginetta;
14;2;21;1:43.594;0;;22.274;0;33.633;0;47.687;2;170.6;1:05:20.339;10:40:20.339;0:22.274;0:33.633;0:47.687;258.4;Rob GAROFALL;;LMP3;;MurphyP3-3Dimensional.com;Ginetta;
14;2;22;1:43.340;2;;21.975;2;33.370;2;47.995;0;171.0;1:07:03.679;10:42:03.679;0:21.975;0:33.370;0:47.995;261.5;Rob GAROFALL;;LMP3;;MurphyP3-3Dimensional.com;Ginetta;
14;2;23;4:04.341;0;B;22.198;0;33.674;0;3:08.469;0;72.3;1:11:08.020;10:46:08.020;0:22.198;0:33.674;3:08.469;261.5;Rob GAROFALL;;LMP3;;MurphyP3-3Dimensional.com;Ginetta;
14;0;24;2:11.767;0;;41.821;0;38.012;0;51.934;0;134.1;1:13:19.787;10:48:19.787;0:41.821;0:38.012;0:51.934;150.8;Barrie BAXTER;0:02:37.735;LMP3;;MurphyP3-3Dimensional.com;Ginetta;
14;0;25;1:50.463;0;;23.454;0;36.348;0;50.661;0;160.0;1:15:10.250;10:50:10.250;0:23.454;0:36.348;0:50.661;248.3;Barrie BAXTER;;LMP3;;MurphyP3-3Dimensional.com;Ginetta;
14;0;26;1:52.046;0;;23.872;0;36.182;0;51.992;0;157.7;1:17:02.296;10:52:02.296;0:23.872;0:36.182;0:51.992;249.4;Barrie BAXTER;;LMP3;;MurphyP3-3Dimensional.com;Ginetta;
14;0;27;1:49.780;0;;23.265;0;36.006;0;50.509;0;161.0;1:18:52.076;10:53:52.076;0:23.265;0:36.006;0:50.509;238.9;Barrie BAXTER;;LMP3;;MurphyP3-3Dimensional.com;Ginetta;
14;0;28;2:06.582;0;;23.121;0;35.555;0;1:07.906;0;139.6;1:20:58.658;10:55:58.658;0:23.121;0:35.555;1:07.906;255.9;Barrie BAXTER;;LMP3;;MurphyP3-3Dimensional.com;Ginetta;
14;0;29;3:07.175;0;;56.727;0;1:10.120;0;1:00.328;0;94.4;1:24:05.833;10:59:05.833;0:56.727;1:10.120;1:00.328;77.6;Barrie BAXTER;;LMP3;;MurphyP3-3Dimensional.com;Ginetta;
14;0;30;1:48.901;0;;23.588;0;34.980;0;50.333;0;162.3;1:25:54.734;11:00:54.734;0:23.588;0:34.980;0:50.333;252.9;Barrie BAXTER;;LMP3;;MurphyP3-3Dimensional.com;Ginetta;
14;0;31;1:47.797;0;;23.067;0;34.881;1;49.849;1;163.9;1:27:42.531;11:02:42.531;0:23.067;0:34.881;0:49.849;255.3;Barrie BAXTER;;LMP3;;MurphyP3-3Dimensional.com;Ginetta;
14;0;32;1:47.918;0;;22.804;1;35.160;0;49.954;0;163.8;1:29:30.449;11:04:30.449;0:22.804;0:35.160;0:49.954;254.7;Barrie BAXTER;;LMP3;;MurphyP3-3Dimensional.com;Ginetta;
14;0;33;1:48.161;0;;23.085;0;35.017;0;50.059;0;163.4;1:31:18.610;11:06:18.610;0:23.085;0:35.017;0:50.059;252.9;Barrie BAXTER;;LMP3;;MurphyP3-3Dimensional.com;Ginetta;
15;1;1;2:17.785;0;;46.637;0;40.035;0;51.113;0;128.3;2:17.785;09:37:17.785;0:46.637;0:40.035;0:51.113;162.2;Ossy YUSUF;0:00:19.722;LMP3;;RLR MSPORT;LIGIER;
15;1;2;1:47.332;0;;23.171;0;34.739;0;49.422;0;164.7;4:05.117;09:39:05.117;0:23.171;0:34.739;0:49.422;251.7;Ossy YUSUF;;LMP3;;RLR MSPORT;LIGIER;
15;1;3;1:47.221;0;;22.396;0;34.631;0;50.194;0;164.8;5:52.338;09:40:52.338;0:22.396;0:34.631;0:50.194;256.5;Ossy YUSUF;;LMP3;;RLR MSPORT;LIGIER;
15;1;4;1:59.888;0;;22.501;0;34.162;0;1:03.225;0;147.4;7:52.226;09:42:52.226;0:22.501;0:34.162;1:03.225;258.4;Ossy YUSUF;;LMP3;;RLR MSPORT;LIGIER;
15;1;5;3:06.722;0;;57.140;0;1:11.056;0;58.526;0;94.6;10:58.948;09:45:58.948;0:57.140;1:11.056;0:58.526;77.8;Ossy YUSUF;;LMP3;;RLR MSPORT;LIGIER;
15;1;6;1:45.589;0;;22.635;0;34.251;0;48.703;0;167.4;12:44.537;09:47:44.537;0:22.635;0:34.251;0:48.703;255.9;Ossy YUSUF;;LMP3;;RLR MSPORT;LIGIER;
15;1;7;1:45.201;0;;22.480;0;33.955;0;48.766;0;168.0;14:29.738;09:49:29.738;0:22.480;0:33.955;0:48.766;255.9;Ossy YUSUF;;LMP3;;RLR MSPORT;LIGIER;
15;1;8;1:46.740;0;;23.234;0;34.411;0;49.095;0;165.6;16:16.478;09:51:16.478;0:23.234;0:34.411;0:49.095;240.5;Ossy YUSUF;;LMP3;;RLR MSPORT;LIGIER;
15;1;9;11:29.934;0;B;22.125;0;34.031;0;10:33.778;0;25.6;27:46.412;10:02:46.412;0:22.125;0:34.031;10:33.778;258.4;Ossy YUSUF;;LMP3;;RLR MSPORT;LIGIER;
15;1;10;6:08.650;0;B;42.402;0;51.281;0;4:34.967;0;47.9;33:55.062;10:08:55.062;0:42.402;0:51.281;4:34.967;132.2;Ossy YUSUF;0:09:56.962;LMP3;;RLR MSPORT;LIGIER;
15;0;11;2:03.079;0;;38.484;0;35.189;0;49.406;0;143.6;35:58.141;10:10:58.141;0:38.484;0:35.189;0:49.406;180.0;Morten DONS;0:03:12.647;LMP3;;RLR MSPORT;LIGIER;
15;0;12;5:20.508;0;B;23.621;0;37.020;0;4:19.867;0;55.1;41:18.649;10:16:18.649;0:23.621;0:37.020;4:19.867;257.1;Morten DONS;;LMP3;;RLR MSPORT;LIGIER;
15;0;13;2:01.748;0;;37.554;0;35.305;0;48.889;0;145.2;43:20.397;10:18:20.397;0:37.554;0:35.305;0:48.889;184.0;Morten DONS;0:03:10.632;LMP3;;RLR MSPORT;LIGIER;
15;0;14;1:53.641;0;;22.101;0;35.475;0;56.065;0;155.5;45:14.038;10:20:14.038;0:22.101;0:35.475;0:56.065;260.9;Morten DONS;;LMP3;;RLR MSPORT;LIGIER;
15;0;15;3:28.151;0;;45.823;0;1:10.148;0;1:32.180;0;84.9;48:42.189;10:23:42.189;0:45.823;1:10.148;1:32.180;85.4;Morten DONS;;LMP3;;RLR MSPORT;LIGIER;
15;0;16;1:46.789;0;;23.883;0;33.911;0;48.995;0;165.5;50:28.978;10:25:28.978;0:23.883;0:33.911;0:48.995;235.3;Morten DONS;;LMP3;;RLR MSPORT;LIGIER;
15;0;17;1:43.227;2;;22.104;0;33.163;2;47.960;2;171.2;52:12.205;10:27:12.205;0:22.104;0:33.163;0:47.960;260.9;Morten DONS;;LMP3;;RLR MSPORT;LIGIER;
15;0;18;5:41.432;0;B;22.043;1;35.973;0;4:43.416;0;51.8;57:53.637;10:32:53.637;0:22.043;0:35.973;4:43.416;261.5;Morten DONS;;LMP3;;RLR MSPORT;LIGIER;
15;1;19;2:10.750;0;;43.095;0;36.846;0;50.809;0;135.2;1:00:04.387;10:35:04.387;0:43.095;0:36.846;0:50.809;143.6;Ossy YUSUF;0:03:48.645;LMP3;;RLR MSPORT;LIGIER;
15;1;20;1:52.987;0;;23.458;0;36.601;0;52.928;0;156.4;1:01:57.374;10:36:57.374;0:23.458;0:36.601;0:52.928;260.9;Ossy YUSUF;;LMP3;;RLR MSPORT;LIGIER;
15;1;21;1:47.238;0;;22.724;0;34.640;0;49.874;0;164.8;1:03:44.612;10:38:44.612;0:22.724;0:34.640;0:49.874;241.6;Ossy YUSUF;;LMP3;;RLR MSPORT;LIGIER;
15;1;22;1:46.820;0;;22.142;0;35.139;0;49.539;0;165.4;1:05:31.432;10:40:31.432;0:22.142;0:35.139;0:49.539;261.5;Ossy YUSUF;;LMP3;;RLR MSPORT;LIGIER;
15;1;23;1:52.126;0;;22.772;0;34.781;0;54.573;0;157.6;1:07:23.558;10:42:23.558;0:22.772;0:34.781;0:54.573;255.9;Ossy YUSUF;;LMP3;;RLR MSPORT;LIGIER;
15;1;24;1:49.403;0;;22.761;0;35.343;0;51.299;0;161.5;1:09:12.961;10:44:12.961;0:22.761;0:35.343;0:51.299;258.4;Ossy YUSUF;;LMP3;;RLR MSPORT;LIGIER;
15;1;25;1:46.290;0;;22.290;0;34.456;0;49.544;0;166.3;1:10:59.251;10:45:59.251;0:22.290;0:34.456;0:49.544;258.4;Ossy YUSUF;;LMP3;;RLR MSPORT;LIGIER;
15;1;26;1:50.655;0;;26.649;0;34.874;0;49.132;0;159.7;1:12:49.906;10:47:49.906;0:26.649;0:34.874;0:49.132;229.8;Ossy YUSUF;;LMP3;;RLR MSPORT;LIGIER;
15;1;27;1:47.124;0;;22.566;0;34.559;0;49.999;0;165.0;1:14:37.030;10:49:37.030;0:22.566;0:34.559;0:49.999;257.8;Ossy YUSUF;;LMP3;;RLR MSPORT;LIGIER;
15;1;28;1:48.200;0;;24.114;0;34.755;0;49.331;0;163.3;1:16:25.230;10:51:25.230;0:24.114;0:34.755;0:49.331;259.6;Ossy YUSUF;;LMP3;;RLR MSPORT;LIGIER;
15;1;29;1:44.906;0;;22.238;0;34.077;0;48.591;0;168.5;1:18:10.136;10:53:10.136;0:22.238;0:34.077;0:48.591;257.1;Ossy YUSUF;;LMP3;;RLR MSPORT;LIGIER;
15;1;30;1:43.824;0;;22.127;0;33.686;1;48.011;1;170.2;1:19:53.960;10:54:53.960;0:22.127;0:33.686;0:48.011;259.6;Ossy YUSUF;;LMP3;;RLR MSPORT;LIGIER;
15;1;31;3:14.353;0;;21.985;0;1:05.954;0;1:46.414;0;90.9;1:23:08.313;10:58:08.313;0:21.985;1:05.954;1:46.414;259.6;Ossy YUSUF;;LMP3;;RLR MSPORT;LIGIER;
15;1;32;2:07.103;0;;38.526;0;38.283;0;50.294;0;139.0;1:25:15.416;11:00:15.416;0:38.526;0:38.283;0:50.294;165.1;Ossy YUSUF;;LMP3;;RLR MSPORT;LIGIER;
15;1;33;1:44.994;0;;22.064;0;34.278;0;48.652;0;168.3;1:27:00.410;11:02:00.410;0:22.064;0:34.278;0:48.652;257.8;Ossy YUSUF;;LMP3;;RLR MSPORT;LIGIER;
15;1;34;1:44.563;0;;21.888;2;33.786;0;48.889;0;169.0;1:28:44.973;11:03:44.973;0:21.888;0:33.786;0:48.889;257.8;Ossy YUSUF;;LMP3;;RLR MSPORT;LIGIER;
16;2;1;2:00.376;0;;35.448;0;34.769;0;50.159;0;146.8;2:00.376;09:37:00.376;0:35.448;0:34.769;0:50.159;179.1;Simon GACHET;0:00:11.193;LMP3;;Panis Barthez Competition;LIGIER;
16;2;2;1:45.399;0;;22.439;0;33.636;0;49.324;0;167.7;3:45.775;09:38:45.775;0:22.439;0:33.636;0:49.324;252.3;Simon GACHET;;LMP3;;Panis Barthez Competition;LIGIER;
16;2;3;1:46.052;0;;23.024;0;34.796;0;48.232;0;166.6;5:31.827;09:40:31.827;0:23.024;0:34.796;0:48.232;257.1;Simon GACHET;;LMP3;;Panis Barthez Competition;LIGIER;
16;2;4;1:44.072;0;;22.089;0;34.540;0;47.443;0;169.8;7:15.899;09:42:15.899;0:22.089;0:34.540;0:47.443;258.4;Simon GACHET;;LMP3;;Panis Barthez Competition;LIGIER;
16;2;5;3:06.069;0;;37.778;0;1:09.852;0;1:18.439;0;95.0;10:21.968;09:45:21.968;0:37.778;1:09.852;1:18.439;180.3;Simon GACHET;;LMP3;;Panis Barthez Competition;LIGIER;
16;2;6;1:45.765;0;;22.974;0;34.578;0;48.213;0;167.1;12:07.733;09:47:07.733;0:22.974;0:34.578;0:48.213;258.4;Simon GACHET;;LMP3;;Panis Barthez Competition;LIGIER;
16;2;7;1:42.937;0;;23.182;0;32.652;0;47.103;0;171.7;13:50.670;09:48:50.670;0:23.182;0:32.652;0:47.103;255.9;Simon GACHET;;LMP3;;Panis Barthez Competition;LIGIER;
16;2;8;1:42.017;0;;22.261;0;32.513;0;47.243;0;173.2;15:32.687;09:50:32.687;0:22.261;0:32.513;0:47.243;233.3;Simon GACHET;;LMP3;;Panis Barthez Competition;LIGIER;
16;2;9;1:47.979;0;;21.938;0;38.743;0;47.298;0;163.7;17:20.666;09:52:20.666;0:21.938;0:38.743;0:47.298;260.2;Simon GACHET;;LMP3;;Panis Barthez Competition;LIGIER;
16;2;10;1:40.823;2;;21.587;0;32.522;0;46.714;2;175.3;19:01.489;09:54:01.489;0:21.587;0:32.522;0:46.714;257.8;Simon GACHET;;LMP3;;Panis Barthez Competition;LIGIER;
16;2;11;1:46.137;0;;21.583;0;35.481;0;49.073;0;166.5;20:47.626;09:55:47.626;0:21.583;0:35.481;0:49.073;258.4;Simon GACHET;;LMP3;;Panis Barthez Competition;LIGIER;
16;2;12;3:20.152;0;B;21.581;2;32.435;2;2:26.136;0;88.3;24:07.778;09:59:07.778;0:21.581;0:32.435;2:26.136;258.4;Simon GACHET;;LMP3;;Panis Barthez Competition;LIGIER;
16;0;13;2:03.576;0;;38.105;0;35.575;0;49.896;0;143.0;26:11.354;10:01:11.354;0:38.105;0:35.575;0:49.896;173.9;Eric DEBARD;0:01:54.572;LMP3;;Panis Barthez Competition;LIGIER;
16;0;14;1:46.710;0;;22.517;0;34.120;0;50.073;0;165.6;27:58.064;10:02:58.064;0:22.517;0:34.120;0:50.073;257.1;Eric DEBARD;;LMP3;;Panis Barthez Competition;LIGIER;
16;0;15;5:58.932;0;B;24.721;0;53.485;0;4:40.726;0;49.2;33:56.996;10:08:56.996;0:24.721;0:53.485;4:40.726;209.3;Eric DEBARD;;LMP3;;Panis Barthez Competition;LIGIER;
16;0;16;2:01.735;0;;38.263;0;34.649;0;48.823;0;145.2;35:58.731;10:10:58.731;0:38.263;0:34.649;0:48.823;175.0;Eric DEBARD;0:03:26.338;LMP3;;Panis Barthez Competition;LIGIER;
16;0;17;2:41.105;0;;23.659;0;37.816;0;1:39.630;0;109.7;38:39.836;10:13:39.836;0:23.659;0:37.816;1:39.630;256.5;Eric DEBARD;;LMP3;;Panis Barthez Competition;LIGIER;
16;0;18;3:06.162;0;;57.490;0;1:11.706;0;56.966;0;94.9;41:45.998;10:16:45.998;0:57.490;1:11.706;0:56.966;76.2;Eric DEBARD;;LMP3;;Panis Barthez Competition;LIGIER;
16;0;19;1:46.254;0;;22.898;0;34.359;0;48.997;0;166.3;43:32.252;10:18:32.252;0:22.898;0:34.359;0:48.997;250.0;Eric DEBARD;;LMP3;;Panis Barthez Competition;LIGIER;
16;0;20;1:46.007;0;;22.248;0;34.366;0;49.393;0;166.7;45:18.259;10:20:18.259;0:22.248;0:34.366;0:49.393;257.1;Eric DEBARD;;LMP3;;Panis Barthez Competition;LIGIER;
16;0;21;3:29.233;0;;56.523;0;1:09.896;0;1:22.814;0;84.5;48:47.492;10:23:47.492;0:56.523;1:09.896;1:22.814;80.3;Eric DEBARD;;LMP3;;Panis Barthez Competition;LIGIER;
16;0;22;1:48.076;0;;24.587;0;34.818;0;48.671;0;163.5;50:35.568;10:25:35.568;0:24.587;0:34.818;0:48.671;210.1;Eric DEBARD;;LMP3;;Panis Barthez Competition;LIGIER;
16;0;23;1:44.077;0;;22.076;1;33.575;0;48.426;0;169.8;52:19.645;10:27:19.645;0:22.076;0:33.575;0:48.426;258.4;Eric DEBARD;;LMP3;;Panis Barthez Competition;LIGIER;
16;0;24;2:25.891;0;;22.445;0;35.026;0;1:28.420;0;121.1;54:45.536;10:29:45.536;0:22.445;0:35.026;1:28.420;260.9;Eric DEBARD;;LMP3;;Panis Barthez Competition;LIGIER;
16;0;25;3:24.044;0;;56.100;0;1:09.303;0;1:18.641;0;86.6;58:09.580;10:33:09.580;0:56.100;1:09.303;1:18.641;78.7;Eric DEBARD;;LMP3;;Panis Barthez Competition;LIGIER;
16;0;26;1:47.068;0;;23.148;0;34.252;0;49.668;0;165.1;59:56.648;10:34:56.648;0:23.148;0:34.252;0:49.668;243.2;Eric DEBARD;;LMP3;;Panis Barthez Competition;LIGIER;
16;0;27;1:43.448;0;;22.283;0;33.432;1;47.733;1;170.8;1:01:40.096;10:36:40.096;0:22.283;0:33.432;0:47.733;256.5;Eric DEBARD;;LMP3;;Panis Barthez Competition;LIGIER;
16;0;28;3:38.459;0;B;22.574;0;33.966;0;2:41.919;0;80.9;1:05:18.555;10:40:18.555;0:22.574;0:33.966;2:41.919;256.5;Eric DEBARD;;LMP3;;Panis Barthez Competition;LIGIER;
16;1;29;2:05.091;0;;37.651;0;35.326;0;52.114;0;141.3;1:07:23.646;10:42:23.646;0:37.651;0:35.326;0:52.114;178.8;Valentin MOINEAULT;0:02:06.263;LMP3;;Panis Barthez Competition;LIGIER;
16;1;30;1:44.589;0;;22.931;0;33.792;0;47.866;0;169.0;1:09:08.235;10:44:08.235;0:22.931;0:33.792;0:47.866;251.7;Valentin MOINEAULT;;LMP3;;Panis Barthez Competition;LIGIER;
16;1;31;1:42.126;0;;21.673;0;32.849;0;47.604;0;173.0;1:10:50.361;10:45:50.361;0:21.673;0:32.849;0:47.604;257.1;Valentin MOINEAULT;;LMP3;;Panis Barthez Competition;LIGIER;
16;1;32;1:42.355;0;;21.724;0;33.061;0;47.570;0;172.7;1:12:32.716;10:47:32.716;0:21.724;0:33.061;0:47.570;257.1;Valentin MOINEAULT;;LMP3;;Panis Barthez Competition;LIGIER;
16;1;33;1:43.213;0;;21.708;0;33.081;0;48.424;0;171.2;1:14:15.929;10:49:15.929;0:21.708;0:33.081;0:48.424;260.2;Valentin MOINEAULT;;LMP3;;Panis Barthez Competition;LIGIER;
16;1;34;1:41.291;0;;21.736;0;32.479;1;47.076;1;174.5;1:15:57.220;10:50:57.220;0:21.736;0:32.479;0:47.076;257.1;Valentin MOINEAULT;;LMP3;;Panis Barthez Competition;LIGIER;
16;1;35;1:47.816;0;;21.672;1;32.737;0;53.407;0;163.9;1:17:45.036;10:52:45.036;0:21.672;0:32.737;0:53.407;259.6;Valentin MOINEAULT;;LMP3;;Panis Barthez Competition;LIGIER;
16;1;36;1:41.806;0;;21.691;0;32.805;0;47.310;0;173.6;1:19:26.842;10:54:26.842;0:21.691;0:32.805;0:47.310;259.0;Valentin MOINEAULT;;LMP3;;Panis Barthez Competition;LIGIER;
16;1;37;2:46.102;0;;22.454;0;41.438;0;1:42.210;0;106.4;1:22:12.944;10:57:12.944;0:22.454;0:41.438;1:42.210;259.0;Valentin MOINEAULT;;LMP3;;Panis Barthez Competition;LIGIER;
16;1;38;2:25.407;0;;1:01.436;0;35.978;0;47.993;0;121.5;1:24:38.351;10:59:38.351;1:01.436;0:35.978;0:47.993;78.2;Valentin MOINEAULT;;LMP3;;Panis Barthez Competition;LIGIER;
16;1;39;1:42.196;0;;21.862;0;32.778;0;47.556;0;172.9;1:26:20.547;11:01:20.547;0:21.862;0:32.778;0:47.556;254.7;Valentin MOINEAULT;;LMP3;;Panis Barthez Competition;LIGIER;
16;1;40;1:43.604;0;;21.679;0;33.370;0;48.555;0;170.6;1:28:04.151;11:03:04.151;0:21.679;0:33.370;0:48.555;257.1;Valentin MOINEAULT;;LMP3;;Panis Barthez Competition;LIGIER;
16;1;41;1:45.295;0;;21.764;0;32.993;0;50.538;0;167.8;1:29:49.446;11:04:49.446;0:21.764;0:32.993;0:50.538;258.4;Valentin MOINEAULT;;LMP3;;Panis Barthez Competition;LIGIER;
16;1;42;1:41.741;0;;21.737;0;32.573;0;47.431;0;173.7;1:31:31.187;11:06:31.187;0:21.737;0:32.573;0:47.431;257.8;Valentin MOINEAULT;;LMP3;;Panis Barthez Competition;LIGIER;
17;2;1;2:58.390;0;;1:22.494;0;42.741;0;53.155;0;99.1;2:58.390;09:37:58.390;1:22.494;0:42.741;0:53.155;120.1;Matthieu LAHAYE;0:00:52.325;LMP3;;ULTIMATE;LIGIER;
17;2;2;1:52.668;0;;24.529;0;36.722;0;51.417;0;156.9;4:51.058;09:39:51.058;0:24.529;0:36.722;0:51.417;216.4;Matthieu LAHAYE;;LMP3;;ULTIMATE;LIGIER;
17;2;3;1:47.387;0;;23.573;0;35.061;0;48.753;0;164.6;6:38.445;09:41:38.445;0:23.573;0:35.061;0:48.753;242.7;Matthieu LAHAYE;;LMP3;;ULTIMATE;LIGIER;
17;2;4;3:02.796;0;;22.421;0;1:00.877;0;1:39.498;0;96.7;9:41.241;09:44:41.241;0:22.421;1:00.877;1:39.498;255.9;Matthieu LAHAYE;;LMP3;;ULTIMATE;LIGIER;
17;2;5;2:05.060;0;;39.534;0;34.838;0;50.688;0;141.3;11:46.301;09:46:46.301;0:39.534;0:34.838;0:50.688;108.8;Matthieu LAHAYE;;LMP3;;ULTIMATE;LIGIER;
17;2;6;1:44.531;0;;22.188;0;33.756;0;48.587;0;169.1;13:30.832;09:48:30.832;0:22.188;0:33.756;0:48.587;255.9;Matthieu LAHAYE;;LMP3;;ULTIMATE;LIGIER;
17;2;7;1:58.124;0;;23.948;0;37.255;0;56.921;0;149.6;15:28.956;09:50:28.956;0:23.948;0:37.255;0:56.921;212.6;Matthieu LAHAYE;;LMP3;;ULTIMATE;LIGIER;
17;2;8;1:42.875;0;;22.157;0;33.114;0;47.604;0;171.8;17:11.831;09:52:11.831;0:22.157;0:33.114;0:47.604;257.1;Matthieu LAHAYE;;LMP3;;ULTIMATE;LIGIER;
17;2;9;1:41.709;2;;21.868;0;32.801;2;47.040;2;173.8;18:53.540;09:53:53.540;0:21.868;0:32.801;0:47.040;256.5;Matthieu LAHAYE;;LMP3;;ULTIMATE;LIGIER;
17;2;10;3:44.031;0;B;21.796;2;33.416;0;2:48.819;0;78.9;22:37.571;09:57:37.571;0:21.796;0:33.416;2:48.819;257.8;Matthieu LAHAYE;;LMP3;;ULTIMATE;LIGIER;
17;0;11;2:02.683;0;;38.232;0;34.122;0;50.329;0;144.0;24:40.254;09:59:40.254;0:38.232;0:34.122;0:50.329;163.6;Jean Baptiste LAHAYE;0:02:16.653;LMP3;;ULTIMATE;LIGIER;
17;0;12;1:47.684;0;;22.640;0;34.898;0;50.146;0;164.1;26:27.938;10:01:27.938;0:22.640;0:34.898;0:50.146;259.0;Jean Baptiste LAHAYE;;LMP3;;ULTIMATE;LIGIER;
17;0;13;1:42.818;0;;21.938;0;33.178;1;47.702;1;171.9;28:10.756;10:03:10.756;0:21.938;0:33.178;0:47.702;258.4;Jean Baptiste LAHAYE;;LMP3;;ULTIMATE;LIGIER;
17;0;14;5:39.318;0;B;23.908;0;1:00.447;0;4:14.963;0;52.1;33:50.074;10:08:50.074;0:23.908;1:00.447;4:14.963;209.7;Jean Baptiste LAHAYE;;LMP3;;ULTIMATE;LIGIER;
17;0;15;2:04.881;0;;37.970;0;36.683;0;50.228;0;141.5;35:54.955;10:10:54.955;0:37.970;0:36.683;0:50.228;179.1;Jean Baptiste LAHAYE;0:03:03.015;LMP3;;ULTIMATE;LIGIER;
17;0;16;2:40.603;0;;23.513;0;37.138;0;1:39.952;0;110.0;38:35.558;10:13:35.558;0:23.513;0:37.138;1:39.952;260.2;Jean Baptiste LAHAYE;;LMP3;;ULTIMATE;LIGIER;
17;0;17;3:08.429;0;;59.064;0;1:11.685;0;57.680;0;93.8;41:43.987;10:16:43.987;0:59.064;1:11.685;0:57.680;74.7;Jean Baptiste LAHAYE;;LMP3;;ULTIMATE;LIGIER;
17;0;18;2:06.743;0;;25.822;0;41.494;0;59.427;0;139.4;43:50.730;10:18:50.730;0:25.822;0:41.494;0:59.427;240.5;Jean Baptiste LAHAYE;;LMP3;;ULTIMATE;LIGIER;
17;0;19;2:06.238;0;;22.080;0;34.964;0;1:09.194;0;140.0;45:56.968;10:20:56.968;0:22.080;0:34.964;1:09.194;256.5;Jean Baptiste LAHAYE;;LMP3;;ULTIMATE;LIGIER;
17;0;20;3:17.302;0;;56.731;0;1:11.947;0;1:08.624;0;89.6;49:14.270;10:24:14.270;0:56.731;1:11.947;1:08.624;77.9;Jean Baptiste LAHAYE;;LMP3;;ULTIMATE;LIGIER;
17;0;21;1:46.281;0;;22.521;0;33.736;0;50.024;0;166.3;51:00.551;10:26:00.551;0:22.521;0:33.736;0:50.024;248.3;Jean Baptiste LAHAYE;;LMP3;;ULTIMATE;LIGIER;
17;0;22;1:45.689;0;;22.072;0;34.156;0;49.461;0;167.2;52:46.240;10:27:46.240;0:22.072;0:34.156;0:49.461;256.5;Jean Baptiste LAHAYE;;LMP3;;ULTIMATE;LIGIER;
17;0;23;4:56.508;0;B;21.815;1;46.053;0;3:48.640;0;59.6;57:42.748;10:32:42.748;0:21.815;0:46.053;3:48.640;257.8;Jean Baptiste LAHAYE;;LMP3;;ULTIMATE;LIGIER;
17;1;24;2:04.180;0;;38.334;0;35.414;0;50.432;0;142.3;59:46.928;10:34:46.928;0:38.334;0:35.414;0:50.432;180.0;François HERIAU;0:02:37.775;LMP3;;ULTIMATE;LIGIER;
17;1;25;1:47.969;0;;22.638;0;34.849;0;50.482;0;163.7;1:01:34.897;10:36:34.897;0:22.638;0:34.849;0:50.482;257.1;François HERIAU;;LMP3;;ULTIMATE;LIGIER;
17;1;26;1:44.364;0;;22.171;0;33.859;0;48.334;0;169.3;1:03:19.261;10:38:19.261;0:22.171;0:33.859;0:48.334;257.1;François HERIAU;;LMP3;;ULTIMATE;LIGIER;
17;1;27;1:45.258;0;;22.218;0;34.586;0;48.454;0;167.9;1:05:04.519;10:40:04.519;0:22.218;0:34.586;0:48.454;257.8;François HERIAU;;LMP3;;ULTIMATE;LIGIER;
17;1;28;1:46.080;0;;22.127;0;34.708;0;49.245;0;166.6;1:06:50.599;10:41:50.599;0:22.127;0:34.708;0:49.245;258.4;François HERIAU;;LMP3;;ULTIMATE;LIGIER;
17;1;29;1:43.941;0;;22.006;1;33.551;0;48.384;0;170.0;1:08:34.540;10:43:34.540;0:22.006;0:33.551;0:48.384;257.8;François HERIAU;;LMP3;;ULTIMATE;LIGIER;
17;1;30;1:44.840;0;;22.114;0;33.725;0;49.001;0;168.6;1:10:19.380;10:45:19.380;0:22.114;0:33.725;0:49.001;257.1;François HERIAU;;LMP3;;ULTIMATE;LIGIER;
17;1;31;3:33.407;0;B;22.193;0;34.600;0;2:36.614;0;82.8;1:13:52.787;10:48:52.787;0:22.193;0:34.600;2:36.614;257.8;François HERIAU;;LMP3;;ULTIMATE;LIGIER;
17;1;32;2:00.711;0;;38.507;0;34.194;0;48.010;1;146.4;1:15:53.498;10:50:53.498;0:38.507;0:34.194;0:48.010;182.4;François HERIAU;0:02:01.570;LMP3;;ULTIMATE;LIGIER;
17;1;33;1:44.116;0;;22.284;0;33.544;1;48.288;0;169.7;1:17:37.614;10:52:37.614;0:22.284;0:33.544;0:48.288;258.4;François HERIAU;;LMP3;;ULTIMATE;LIGIER;
17;1;34;1:56.125;0;;22.224;0;34.337;0;59.564;0;152.2;1:19:33.739;10:54:33.739;0:22.224;0:34.337;0:59.564;259.6;François HERIAU;;LMP3;;ULTIMATE;LIGIER;
17;1;35;2:58.310;0;;23.221;0;55.614;0;1:39.475;0;99.1;1:22:32.049;10:57:32.049;0:23.221;0:55.614;1:39.475;236.3;François HERIAU;;LMP3;;ULTIMATE;LIGIER;
17;1;36;2:14.366;0;;50.746;0;34.636;0;48.984;0;131.5;1:24:46.415;10:59:46.415;0:50.746;0:34.636;0:48.984;77.7;François HERIAU;;LMP3;;ULTIMATE;LIGIER;
17;1;37;1:45.649;0;;22.284;0;34.134;0;49.231;0;167.3;1:26:32.064;11:01:32.064;0:22.284;0:34.134;0:49.231;257.8;François HERIAU;;LMP3;;ULTIMATE;LIGIER;
17;1;38;1:45.924;0;;22.288;0;34.064;0;49.572;0;166.8;1:28:17.988;11:03:17.988;0:22.288;0:34.064;0:49.572;258.4;François HERIAU;;LMP3;;ULTIMATE;LIGIER;
17;1;39;1:46.263;0;;23.113;0;34.436;0;48.714;0;166.3;1:30:04.251;11:05:04.251;0:23.113;0:34.436;0:48.714;219.5;François HERIAU;;LMP3;;ULTIMATE;LIGIER;
18;0;1;1:34.974;0;B;;0;;0;;0;186.1;1:34.974;09:36:34.974;;;;;Thomas LAURENT;;LMP3;;M.RACING - YMR;LIGIER;
18;0;2;2:08.733;0;;39.571;0;38.356;0;50.806;0;137.3;3:43.707;09:38:43.707;0:39.571;0:38.356;0:50.806;178.5;Thomas LAURENT;;LMP3;;M.RACING - YMR;LIGIER;
18;0;3;1:45.217;0;;22.361;0;34.195;0;48.661;0;168.0;5:28.924;09:40:28.924;0:22.361;0:34.195;0:48.661;255.3;Thomas LAURENT;;LMP3;;M.RACING - YMR;LIGIER;
18;0;4;1:43.487;0;;21.975;0;33.542;0;47.970;0;170.8;7:12.411;09:42:12.411;0:21.975;0:33.542;0:47.970;256.5;Thomas LAURENT;;LMP3;;M.RACING - YMR;LIGIER;
18;0;5;3:05.859;0;;37.647;0;1:08.490;0;1:19.722;0;95.1;10:18.270;09:45:18.270;0:37.647;1:08.490;1:19.722;220.4;Thomas LAURENT;;LMP3;;M.RACING - YMR;LIGIER;
18;0;6;1:42.363;0;;22.121;0;32.744;0;47.498;0;172.6;12:00.633;09:47:00.633;0:22.121;0:32.744;0:47.498;254.7;Thomas LAURENT;;LMP3;;M.RACING - YMR;LIGIER;
18;0;7;1:41.769;0;;21.878;0;32.528;2;47.363;0;173.7;13:42.402;09:48:42.402;0:21.878;0:32.528;0:47.363;256.5;Thomas LAURENT;;LMP3;;M.RACING - YMR;LIGIER;
18;0;8;1:41.917;0;;21.561;0;32.585;0;47.771;0;173.4;15:24.319;09:50:24.319;0:21.561;0:32.585;0:47.771;258.4;Thomas LAURENT;;LMP3;;M.RACING - YMR;LIGIER;
18;0;9;1:41.627;2;;21.506;2;33.005;0;47.116;2;173.9;17:05.946;09:52:05.946;0:21.506;0:33.005;0:47.116;259.0;Thomas LAURENT;;LMP3;;M.RACING - YMR;LIGIER;
18;0;10;1:42.885;0;;21.551;0;33.700;0;47.634;0;171.8;18:48.831;09:53:48.831;0:21.551;0:33.700;0:47.634;262.1;Thomas LAURENT;;LMP3;;M.RACING - YMR;LIGIER;
18;0;11;1:43.282;0;;21.828;0;33.477;0;47.977;0;171.1;20:32.113;09:55:32.113;0:21.828;0:33.477;0:47.977;262.8;Thomas LAURENT;;LMP3;;M.RACING - YMR;LIGIER;
18;0;12;1:45.563;0;;22.984;0;34.645;0;47.934;0;167.4;22:17.676;09:57:17.676;0:22.984;0:34.645;0:47.934;263.4;Thomas LAURENT;;LMP3;;M.RACING - YMR;LIGIER;
18;0;13;4:57.406;0;B;21.654;0;33.433;0;4:02.319;0;59.4;27:15.082;10:02:15.082;0:21.654;0:33.433;4:02.319;259.0;Thomas LAURENT;;LMP3;;M.RACING - YMR;LIGIER;
18;2;14;6:54.028;0;B;38.486;0;37.902;0;5:37.640;0;42.7;34:09.110;10:09:09.110;0:38.486;0:37.902;5:37.640;180.0;Alexandre COUGNAUD;0:03:30.323;LMP3;;M.RACING - YMR;LIGIER;
18;2;15;1:59.581;0;;36.864;0;34.804;0;47.913;0;147.8;36:08.691;10:11:08.691;0:36.864;0:34.804;0:47.913;187.2;Alexandre COUGNAUD;0:04:33.607;LMP3;;M.RACING - YMR;LIGIER;
18;2;16;2:43.925;0;;22.088;0;42.306;0;1:39.531;0;107.8;38:52.616;10:13:52.616;0:22.088;0:42.306;1:39.531;260.9;Alexandre COUGNAUD;;LMP3;;M.RACING - YMR;LIGIER;
18;2;17;2:57.822;0;;57.103;0;1:10.036;0;50.683;0;99.4;41:50.438;10:16:50.438;0:57.103;1:10.036;0:50.683;75.3;Alexandre COUGNAUD;;LMP3;;M.RACING - YMR;LIGIER;
18;2;18;1:45.526;0;;22.958;0;34.455;0;48.113;0;167.5;43:35.964;10:18:35.964;0:22.958;0:34.455;0:48.113;243.8;Alexandre COUGNAUD;;LMP3;;M.RACING - YMR;LIGIER;
18;2;19;1:43.140;0;;21.805;0;33.435;0;47.900;0;171.3;45:19.104;10:20:19.104;0:21.805;0:33.435;0:47.900;258.4;Alexandre COUGNAUD;;LMP3;;M.RACING - YMR;LIGIER;
18;2;20;3:28.742;0;;56.338;0;1:09.815;0;1:22.589;0;84.7;48:47.846;10:23:47.846;0:56.338;1:09.815;1:22.589;76.7;Alexandre COUGNAUD;;LMP3;;M.RACING - YMR;LIGIER;
18;2;21;1:46.443;0;;22.699;0;35.604;0;48.140;0;166.0;50:34.289;10:25:34.289;0:22.699;0:35.604;0:48.140;256.5;Alexandre COUGNAUD;;LMP3;;M.RACING - YMR;LIGIER;
18;2;22;1:44.720;0;;21.875;0;33.807;0;49.038;0;168.8;52:19.009;10:27:19.009;0:21.875;0:33.807;0:49.038;259.0;Alexandre COUGNAUD;;LMP3;;M.RACING - YMR;LIGIER;
18;2;23;2:21.538;0;;22.141;0;34.232;0;1:25.165;0;124.9;54:40.547;10:29:40.547;0:22.141;0:34.232;1:25.165;262.8;Alexandre COUGNAUD;;LMP3;;M.RACING - YMR;LIGIER;
18;2;24;3:28.050;0;;57.711;0;1:10.841;0;1:19.498;0;84.9;58:08.597;10:33:08.597;0:57.711;1:10.841;1:19.498;77.1;Alexandre COUGNAUD;;LMP3;;M.RACING - YMR;LIGIER;
18;2;25;1:45.956;0;;23.337;0;34.113;0;48.506;0;166.8;59:54.553;10:34:54.553;0:23.337;0:34.113;0:48.506;258.4;Alexandre COUGNAUD;;LMP3;;M.RACING - YMR;LIGIER;
18;2;26;1:42.809;0;;21.785;0;33.433;0;47.591;0;171.9;1:01:37.362;10:36:37.362;0:21.785;0:33.433;0:47.591;259.0;Alexandre COUGNAUD;;LMP3;;M.RACING - YMR;LIGIER;
18;2;27;1:42.292;0;;21.758;1;33.174;1;47.360;0;172.8;1:03:19.654;10:38:19.654;0:21.758;0:33.174;0:47.360;259.6;Alexandre COUGNAUD;;LMP3;;M.RACING - YMR;LIGIER;
18;2;28;1:42.754;0;;22.065;0;33.486;0;47.203;1;172.0;1:05:02.408;10:40:02.408;0:22.065;0:33.486;0:47.203;262.1;Alexandre COUGNAUD;;LMP3;;M.RACING - YMR;LIGIER;
18;2;29;5:24.807;0;B;22.067;0;33.914;0;4:28.826;0;54.4;1:10:27.215;10:45:27.215;0:22.067;0:33.914;4:28.826;262.1;Alexandre COUGNAUD;;LMP3;;M.RACING - YMR;LIGIER;
18;1;30;1:59.415;0;;37.103;0;33.870;0;48.442;0;148.0;1:12:26.630;10:47:26.630;0:37.103;0:33.870;0:48.442;186.9;Yann EHRLACHER;0:03:56.216;LMP3;;M.RACING - YMR;LIGIER;
18;1;31;1:44.280;0;;22.366;0;34.060;0;47.854;0;169.5;1:14:10.910;10:49:10.910;0:22.366;0:34.060;0:47.854;257.1;Yann EHRLACHER;;LMP3;;M.RACING - YMR;LIGIER;
18;1;32;1:43.060;0;;21.749;1;33.169;0;48.142;0;171.5;1:15:53.970;10:50:53.970;0:21.749;0:33.169;0:48.142;259.0;Yann EHRLACHER;;LMP3;;M.RACING - YMR;LIGIER;
18;1;33;1:47.711;0;;22.094;0;34.111;0;51.506;0;164.1;1:17:41.681;10:52:41.681;0:22.094;0:34.111;0:51.506;262.1;Yann EHRLACHER;;LMP3;;M.RACING - YMR;LIGIER;
18;1;34;1:43.264;0;;21.861;0;33.013;0;48.390;0;171.1;1:19:24.945;10:54:24.945;0:21.861;0:33.013;0:48.390;257.8;Yann EHRLACHER;;LMP3;;M.RACING - YMR;LIGIER;
18;1;35;2:37.283;0;;21.776;0;38.015;0;1:37.492;0;112.4;1:22:02.228;10:57:02.228;0:21.776;0:38.015;1:37.492;259.0;Yann EHRLACHER;;LMP3;;M.RACING - YMR;LIGIER;
18;1;36;2:27.824;0;;55.579;0;44.040;0;48.205;0;119.6;1:24:30.052;10:59:30.052;0:55.579;0:44.040;0:48.205;79.4;Yann EHRLACHER;;LMP3;;M.RACING - YMR;LIGIER;
18;1;37;1:42.338;0;;21.894;0;32.972;1;47.472;1;172.7;1:26:12.390;11:01:12.390;0:21.894;0:32.972;0:47.472;257.8;Yann EHRLACHER;;LMP3;;M.RACING - YMR;LIGIER;
19;1;1;2:12.956;0;;48.235;0;36.080;0;48.641;0;132.9;2:12.956;09:37:12.956;0:48.235;0:36.080;0:48.641;183.1;Dino LUNARDI;0:00:23.295;LMP3;;DUQUEINE ENGINEERING;LIGIER;
19;1;2;1:42.011;0;;22.532;0;32.698;0;46.781;0;173.2;3:54.967;09:38:54.967;0:22.532;0:32.698;0:46.781;251.7;Dino LUNARDI;;LMP3;;DUQUEINE ENGINEERING;LIGIER;
19;1;3;1:42.395;0;;21.806;0;33.352;0;47.237;0;172.6;5:37.362;09:40:37.362;0:21.806;0:33.352;0:47.237;259.0;Dino LUNARDI;;LMP3;;DUQUEINE ENGINEERING;LIGIER;
19;1;4;3:45.472;0;B;21.443;0;32.481;0;2:51.548;0;78.4;9:22.834;09:44:22.834;0:21.443;0:32.481;2:51.548;258.4;Dino LUNARDI;;LMP3;;DUQUEINE ENGINEERING;LIGIER;
19;1;5;2:24.851;0;;56.170;0;41.683;0;46.998;0;122.0;11:47.685;09:46:47.685;0:56.170;0:41.683;0:46.998;78.8;Dino LUNARDI;0:02:20.642;LMP3;;DUQUEINE ENGINEERING;LIGIER;
19;1;6;1:43.205;0;;22.212;0;33.712;0;47.281;0;171.2;13:30.890;09:48:30.890;0:22.212;0:33.712;0:47.281;262.8;Dino LUNARDI;;LMP3;;DUQUEINE ENGINEERING;LIGIER;
19;1;7;1:40.769;2;;21.873;0;32.428;2;46.468;2;175.4;15:11.659;09:50:11.659;0:21.873;0:32.428;0:46.468;261.5;Dino LUNARDI;;LMP3;;DUQUEINE ENGINEERING;LIGIER;
19;1;8;1:44.298;0;;21.555;0;35.044;0;47.699;0;169.4;16:55.957;09:51:55.957;0:21.555;0:35.044;0:47.699;261.5;Dino LUNARDI;;LMP3;;DUQUEINE ENGINEERING;LIGIER;
19;1;9;1:41.644;0;;21.393;2;33.269;0;46.982;0;173.9;18:37.601;09:53:37.601;0:21.393;0:33.269;0:46.982;260.2;Dino LUNARDI;;LMP3;;DUQUEINE ENGINEERING;LIGIER;
19;1;10;23:18.845;0;B;21.470;0;33.920;0;22:23.455;0;12.6;41:56.446;10:16:56.446;0:21.470;0:33.920;22:23.455;261.5;Dino LUNARDI;;LMP3;;DUQUEINE ENGINEERING;LIGIER;
19;2;11;2:01.376;0;;38.225;0;34.003;0;49.148;0;145.6;43:57.822;10:18:57.822;0:38.225;0:34.003;0:49.148;163.6;David DROUX;0:21:51.277;LMP3;;DUQUEINE ENGINEERING;LIGIER;
19;2;12;2:19.062;0;;22.040;0;34.301;0;1:22.721;0;127.1;46:16.884;10:21:16.884;0:22.040;0:34.301;1:22.721;258.4;David DROUX;;LMP3;;DUQUEINE ENGINEERING;LIGIER;
19;2;13;2:59.485;0;;55.790;0;1:08.742;0;54.953;0;98.5;49:16.369;10:24:16.369;0:55.790;1:08.742;0:54.953;78.8;David DROUX;;LMP3;;DUQUEINE ENGINEERING;LIGIER;
19;2;14;1:43.079;0;;22.034;0;33.092;0;47.953;0;171.4;50:59.448;10:25:59.448;0:22.034;0:33.092;0:47.953;257.1;David DROUX;;LMP3;;DUQUEINE ENGINEERING;LIGIER;
19;2;15;1:43.660;0;;21.982;0;33.945;0;47.733;1;170.5;52:43.108;10:27:43.108;0:21.982;0:33.945;0:47.733;257.8;David DROUX;;LMP3;;DUQUEINE ENGINEERING;LIGIER;
19;2;16;2:45.970;0;;21.685;1;45.673;0;1:38.612;0;106.5;55:29.078;10:30:29.078;0:21.685;0:45.673;1:38.612;260.2;David DROUX;;LMP3;;DUQUEINE ENGINEERING;LIGIER;
19;2;17;3:02.615;0;;55.862;0;1:09.106;0;57.647;0;96.8;58:31.693;10:33:31.693;0:55.862;1:09.106;0:57.647;79.1;David DROUX;;LMP3;;DUQUEINE ENGINEERING;LIGIER;
19;2;18;1:43.376;0;;22.017;0;33.550;0;47.809;0;171.0;1:00:15.069;10:35:15.069;0:22.017;0:33.550;0:47.809;259.0;David DROUX;;LMP3;;DUQUEINE ENGINEERING;LIGIER;
19;2;19;1:45.654;0;;21.848;0;35.469;0;48.337;0;167.3;1:02:00.723;10:37:00.723;0:21.848;0:35.469;0:48.337;260.2;David DROUX;;LMP3;;DUQUEINE ENGINEERING;LIGIER;
19;2;20;1:43.154;0;;21.819;0;33.257;0;48.078;0;171.3;1:03:43.877;10:38:43.877;0:21.819;0:33.257;0:48.078;263.4;David DROUX;;LMP3;;DUQUEINE ENGINEERING;LIGIER;
19;2;21;1:42.693;0;;21.726;0;32.904;0;48.063;0;172.1;1:05:26.570;10:40:26.570;0:21.726;0:32.904;0:48.063;260.9;David DROUX;;LMP3;;DUQUEINE ENGINEERING;LIGIER;
19;2;22;1:45.608;0;;21.729;0;35.763;0;48.116;0;167.3;1:07:12.178;10:42:12.178;0:21.729;0:35.763;0:48.116;263.4;David DROUX;;LMP3;;DUQUEINE ENGINEERING;LIGIER;
19;2;23;1:43.824;0;;21.774;0;33.750;0;48.300;0;170.2;1:08:56.002;10:43:56.002;0:21.774;0:33.750;0:48.300;262.1;David DROUX;;LMP3;;DUQUEINE ENGINEERING;LIGIER;
19;2;24;3:38.349;0;B;21.739;0;32.851;1;2:43.759;0;80.9;1:12:34.351;10:47:34.351;0:21.739;0:32.851;2:43.759;259.0;David DROUX;;LMP3;;DUQUEINE ENGINEERING;LIGIER;
19;0;25;2:01.633;0;;37.507;0;34.538;0;49.588;0;145.3;1:14:35.984;10:49:35.984;0:37.507;0:34.538;0:49.588;180.9;David HALLYDAY;0:02:13.940;LMP3;;DUQUEINE ENGINEERING;LIGIER;
19;0;26;1:45.210;0;;22.157;0;34.104;0;48.949;0;168.0;1:16:21.194;10:51:21.194;0:22.157;0:34.104;0:48.949;258.4;David HALLYDAY;;LMP3;;DUQUEINE ENGINEERING;LIGIER;
19;0;27;1:43.854;0;;22.062;0;33.928;0;47.864;1;170.2;1:18:05.048;10:53:05.048;0:22.062;0:33.928;0:47.864;259.0;David HALLYDAY;;LMP3;;DUQUEINE ENGINEERING;LIGIER;
19;0;28;1:43.855;0;;21.827;1;33.434;1;48.594;0;170.2;1:19:48.903;10:54:48.903;0:21.827;0:33.434;0:48.594;259.0;David HALLYDAY;;LMP3;;DUQUEINE ENGINEERING;LIGIER;
19;0;29;3:13.098;0;;21.839;0;1:09.243;0;1:42.016;0;91.5;1:23:02.001;10:58:02.001;0:21.839;1:09.243;1:42.016;260.2;David HALLYDAY;;LMP3;;DUQUEINE ENGINEERING;LIGIER;
19;0;30;1:58.537;0;;36.427;0;34.132;0;47.978;0;149.1;1:25:00.538;11:00:00.538;0:36.427;0:34.132;0:47.978;169.8;David HALLYDAY;;LMP3;;DUQUEINE ENGINEERING;LIGIER;
19;0;31;1:43.876;0;;22.044;0;33.690;0;48.142;0;170.1;1:26:44.414;11:01:44.414;0:22.044;0:33.690;0:48.142;259.0;David HALLYDAY;;LMP3;;DUQUEINE ENGINEERING;LIGIER;
19;0;32;1:47.201;0;;21.999;0;35.412;0;49.790;0;164.9;1:28:31.615;11:03:31.615;0:21.999;0:35.412;0:49.790;260.9;David HALLYDAY;;LMP3;;DUQUEINE ENGINEERING;LIGIER;
19;0;33;1:44.236;0;;22.107;0;33.736;0;48.393;0;169.5;1:30:15.851;11:05:15.851;0:22.107;0:33.736;0:48.393;257.8;David HALLYDAY;;LMP3;;DUQUEINE ENGINEERING;LIGIER;
2;0;1;1:53.698;0;;29.221;0;35.755;0;48.722;0;155.4;1:53.698;09:36:53.698;0:29.221;0:35.755;0:48.722;183.7;Alex BRUNDLE;0:00:04.762;LMP3;;UNITED AUTOSPORTS;LIGIER;
2;0;2;1:43.315;0;;22.212;0;33.474;0;47.629;0;171.1;3:37.013;09:38:37.013;0:22.212;0:33.474;0:47.629;249.4;Alex BRUNDLE;;LMP3;;UNITED AUTOSPORTS;LIGIER;
2;0;3;1:42.799;0;;22.278;0;32.858;0;47.663;0;171.9;5:19.812;09:40:19.812;0:22.278;0:32.858;0:47.663;257.1;Alex BRUNDLE;;LMP3;;UNITED AUTOSPORTS;LIGIER;
2;0;4;1:42.437;0;;21.779;0;32.428;2;48.230;0;172.5;7:02.249;09:42:02.249;0:21.779;0:32.428;0:48.230;254.7;Alex BRUNDLE;;LMP3;;UNITED AUTOSPORTS;LIGIER;
2;0;5;3:08.498;0;;28.462;0;1:09.814;0;1:30.222;0;93.8;10:10.747;09:45:10.747;0:28.462;1:09.814;1:30.222;257.1;Alex BRUNDLE;;LMP3;;UNITED AUTOSPORTS;LIGIER;
2;0;6;1:45.876;0;;22.595;0;32.632;0;50.649;0;166.9;11:56.623;09:46:56.623;0:22.595;0:32.632;0:50.649;244.3;Alex BRUNDLE;;LMP3;;UNITED AUTOSPORTS;LIGIER;
2;0;7;1:41.735;2;;21.725;0;32.662;0;47.348;0;173.7;13:38.358;09:48:38.358;0:21.725;0:32.662;0:47.348;254.1;Alex BRUNDLE;;LMP3;;UNITED AUTOSPORTS;LIGIER;
2;0;8;1:43.187;0;;21.590;2;33.626;0;47.971;0;171.3;15:21.545;09:50:21.545;0:21.590;0:33.626;0:47.971;257.1;Alex BRUNDLE;;LMP3;;UNITED AUTOSPORTS;LIGIER;
2;0;9;1:42.972;0;;21.975;0;33.794;0;47.203;2;171.6;17:04.517;09:52:04.517;0:21.975;0:33.794;0:47.203;260.2;Alex BRUNDLE;;LMP3;;UNITED AUTOSPORTS;LIGIER;
2;0;10;1:42.058;0;;21.590;0;32.937;0;47.531;0;173.2;18:46.575;09:53:46.575;0:21.590;0:32.937;0:47.531;257.8;Alex BRUNDLE;;LMP3;;UNITED AUTOSPORTS;LIGIER;
2;0;11;1:41.861;0;;21.903;0;32.608;0;47.350;0;173.5;20:28.436;09:55:28.436;0:21.903;0:32.608;0:47.350;258.4;Alex BRUNDLE;;LMP3;;UNITED AUTOSPORTS;LIGIER;
2;0;12;3:25.722;0;B;21.868;0;32.612;0;2:31.242;0;85.9;23:54.158;09:58:54.158;0:21.868;0:32.612;2:31.242;259.0;Alex BRUNDLE;;LMP3;;UNITED AUTOSPORTS;LIGIER;
2;1;13;2:10.004;0;;41.937;0;36.550;0;51.517;0;135.9;26:04.162;10:01:04.162;0:41.937;0:36.550;0:51.517;150.2;Michael GUASCH;0:01:59.943;LMP3;;UNITED AUTOSPORTS;LIGIER;
2;1;14;1:47.749;0;;22.742;0;35.392;0;49.615;0;164.0;27:51.911;10:02:51.911;0:22.742;0:35.392;0:49.615;254.7;Michael GUASCH;;LMP3;;UNITED AUTOSPORTS;LIGIER;
2;1;15;5:32.877;0;B;24.161;0;45.253;0;4:23.463;0;53.1;33:24.788;10:08:24.788;0:24.161;0:45.253;4:23.463;215.6;Michael GUASCH;;LMP3;;UNITED AUTOSPORTS;LIGIER;
2;1;16;2:17.930;0;;51.358;0;36.905;0;49.667;0;128.1;35:42.718;10:10:42.718;0:51.358;0:36.905;0:49.667;127.5;Michael GUASCH;0:03:15.637;LMP3;;UNITED AUTOSPORTS;LIGIER;
2;1;17;2:19.303;0;;22.711;0;35.201;0;1:21.391;0;126.9;38:02.021;10:13:02.021;0:22.711;0:35.201;1:21.391;252.9;Michael GUASCH;;LMP3;;UNITED AUTOSPORTS;LIGIER;
2;1;18;3:24.991;0;;58.000;0;1:09.648;0;1:17.343;0;86.2;41:27.012;10:16:27.012;0:58.000;1:09.648;1:17.343;73.5;Michael GUASCH;;LMP3;;UNITED AUTOSPORTS;LIGIER;
2;1;19;1:47.984;0;;23.804;0;34.987;0;49.193;0;163.7;43:14.996;10:18:14.996;0:23.804;0:34.987;0:49.193;225.5;Michael GUASCH;;LMP3;;UNITED AUTOSPORTS;LIGIER;
2;1;20;1:46.176;0;;22.970;0;34.478;0;48.728;0;166.4;45:01.172;10:20:01.172;0:22.970;0:34.478;0:48.728;252.9;Michael GUASCH;;LMP3;;UNITED AUTOSPORTS;LIGIER;
2;1;21;3:18.868;0;;31.280;0;1:09.358;0;1:38.230;0;88.9;48:20.040;10:23:20.040;0:31.280;1:09.358;1:38.230;253.5;Michael GUASCH;;LMP3;;UNITED AUTOSPORTS;LIGIER;
2;1;22;1:59.067;0;;34.270;0;35.347;0;49.450;0;148.4;50:19.107;10:25:19.107;0:34.270;0:35.347;0:49.450;151.7;Michael GUASCH;;LMP3;;UNITED AUTOSPORTS;LIGIER;
2;1;23;1:46.345;0;;22.778;0;34.628;0;48.939;0;166.2;52:05.452;10:27:05.452;0:22.778;0:34.628;0:48.939;254.7;Michael GUASCH;;LMP3;;UNITED AUTOSPORTS;LIGIER;
2;1;24;2:09.368;0;;22.658;0;34.226;0;1:12.484;0;136.6;54:14.820;10:29:14.820;0:22.658;0:34.226;1:12.484;255.3;Michael GUASCH;;LMP3;;UNITED AUTOSPORTS;LIGIER;
2;1;25;3:37.808;0;;55.692;0;1:08.393;0;1:33.723;0;81.1;57:52.628;10:32:52.628;0:55.692;1:08.393;1:33.723;78.9;Michael GUASCH;;LMP3;;UNITED AUTOSPORTS;LIGIER;
2;1;26;1:48.438;0;;24.695;0;34.730;0;49.013;0;163.0;59:41.066;10:34:41.066;0:24.695;0:34.730;0:49.013;231.8;Michael GUASCH;;LMP3;;UNITED AUTOSPORTS;LIGIER;
2;1;27;1:46.186;0;;22.697;0;34.432;0;49.057;0;166.4;1:01:27.252;10:36:27.252;0:22.697;0:34.432;0:49.057;256.5;Michael GUASCH;;LMP3;;UNITED AUTOSPORTS;LIGIER;
2;1;28;1:46.000;0;;22.456;1;34.554;0;48.990;0;166.7;1:03:13.252;10:38:13.252;0:22.456;0:34.554;0:48.990;256.5;Michael GUASCH;;LMP3;;UNITED AUTOSPORTS;LIGIER;
2;1;29;1:46.189;0;;22.704;0;34.309;0;49.176;0;166.4;1:04:59.441;10:39:59.441;0:22.704;0:34.309;0:49.176;242.7;Michael GUASCH;;LMP3;;UNITED AUTOSPORTS;LIGIER;
2;1;30;1:45.863;0;;22.677;0;34.045;0;49.141;0;166.9;1:06:45.304;10:41:45.304;0:22.677;0:34.045;0:49.141;240.5;Michael GUASCH;;LMP3;;UNITED AUTOSPORTS;LIGIER;
2;1;31;1:44.473;0;;22.464;0;33.918;1;48.091;1;169.2;1:08:29.777;10:43:29.777;0:22.464;0:33.918;0:48.091;255.3;Michael GUASCH;;LMP3;;UNITED AUTOSPORTS;LIGIER;
2;1;32;1:45.805;0;;22.510;0;34.850;0;48.445;0;167.0;1:10:15.582;10:45:15.582;0:22.510;0:34.850;0:48.445;253.5;Michael GUASCH;;LMP3;;UNITED AUTOSPORTS;LIGIER;
20;2;1;3:05.165;0;;1:31.033;0;39.452;0;54.680;0;95.4;3:05.165;09:38:05.165;1:31.033;0:39.452;0:54.680;177.3;Eric CLEMENT;0:01:05.677;LMP3;;DUQUEINE ENGINEERING;LIGIER;
20;2;2;1:48.470;0;;23.251;0;35.587;0;49.632;0;162.9;4:53.635;09:39:53.635;0:23.251;0:35.587;0:49.632;246.0;Eric CLEMENT;;LMP3;;DUQUEINE ENGINEERING;LIGIER;
20;2;3;1:46.958;0;;22.841;0;34.892;0;49.225;0;165.2;6:40.593;09:41:40.593;0:22.841;0:34.892;0:49.225;254.7;Eric CLEMENT;;LMP3;;DUQUEINE ENGINEERING;LIGIER;
20;2;4;2:54.960;0;;22.532;0;49.808;0;1:42.620;0;101.0;9:35.553;09:44:35.553;0:22.532;0:49.808;1:42.620;257.8;Eric CLEMENT;;LMP3;;DUQUEINE ENGINEERING;LIGIER;
20;2;5;2:09.042;0;;42.720;0;34.958;0;51.364;0;137.0;11:44.595;09:46:44.595;0:42.720;0:34.958;0:51.364;73.1;Eric CLEMENT;;LMP3;;DUQUEINE ENGINEERING;LIGIER;
20;2;6;1:45.649;0;;22.574;0;34.345;0;48.730;0;167.3;13:30.244;09:48:30.244;0:22.574;0:34.345;0:48.730;256.5;Eric CLEMENT;;LMP3;;DUQUEINE ENGINEERING;LIGIER;
20;2;7;1:45.593;0;;22.849;0;34.331;0;48.413;0;167.4;15:15.837;09:50:15.837;0:22.849;0:34.331;0:48.413;259.6;Eric CLEMENT;;LMP3;;DUQUEINE ENGINEERING;LIGIER;
20;2;8;1:47.143;0;;22.445;0;36.517;0;48.181;0;164.9;17:02.980;09:52:02.980;0:22.445;0:36.517;0:48.181;258.4;Eric CLEMENT;;LMP3;;DUQUEINE ENGINEERING;LIGIER;
20;2;9;1:44.958;0;;22.263;0;33.583;1;49.112;0;168.4;18:47.938;09:53:47.938;0:22.263;0:33.583;0:49.112;260.2;Eric CLEMENT;;LMP3;;DUQUEINE ENGINEERING;LIGIER;
20;2;10;1:44.039;0;;21.973;0;33.902;0;48.164;1;169.9;20:31.977;09:55:31.977;0:21.973;0:33.902;0:48.164;260.2;Eric CLEMENT;;LMP3;;DUQUEINE ENGINEERING;LIGIER;
20;2;11;1:48.100;0;;23.662;0;36.204;0;48.234;0;163.5;22:20.077;09:57:20.077;0:23.662;0:36.204;0:48.234;232.3;Eric CLEMENT;;LMP3;;DUQUEINE ENGINEERING;LIGIER;
20;2;12;1:45.232;0;;21.945;1;34.809;0;48.478;0;167.9;24:05.309;09:59:05.309;0:21.945;0:34.809;0:48.478;260.9;Eric CLEMENT;;LMP3;;DUQUEINE ENGINEERING;LIGIER;
20;2;13;1:46.880;0;;22.514;0;34.394;0;49.972;0;165.3;25:52.189;10:00:52.189;0:22.514;0:34.394;0:49.972;254.1;Eric CLEMENT;;LMP3;;DUQUEINE ENGINEERING;LIGIER;
20;2;14;1:44.752;0;;22.191;0;33.741;0;48.820;0;168.7;27:36.941;10:02:36.941;0:22.191;0:33.741;0:48.820;259.6;Eric CLEMENT;;LMP3;;DUQUEINE ENGINEERING;LIGIER;
20;2;15;13:49.181;0;B;22.162;0;33.677;0;12:53.342;0;21.3;41:26.122;10:16:26.122;0:22.162;0:33.677;12:53.342;261.5;Eric CLEMENT;;LMP3;;DUQUEINE ENGINEERING;LIGIER;
20;0;16;2:05.338;0;;40.531;0;35.473;0;49.334;0;141.0;43:31.460;10:18:31.460;0:40.531;0:35.473;0:49.334;173.4;Romain IANNETTA;0:11:45.477;LMP3;;DUQUEINE ENGINEERING;LIGIER;
20;0;17;1:44.107;0;;21.893;0;34.203;0;48.011;0;169.8;45:15.567;10:20:15.567;0:21.893;0:34.203;0:48.011;259.0;Romain IANNETTA;;LMP3;;DUQUEINE ENGINEERING;LIGIER;
20;0;18;3:26.328;0;;47.792;0;1:10.579;0;1:27.957;0;85.7;48:41.895;10:23:41.895;0:47.792;1:10.579;1:27.957;76.2;Romain IANNETTA;;LMP3;;DUQUEINE ENGINEERING;LIGIER;
20;0;19;1:46.019;0;;23.043;0;33.915;0;49.061;0;166.7;50:27.914;10:25:27.914;0:23.043;0:33.915;0:49.061;250.0;Romain IANNETTA;;LMP3;;DUQUEINE ENGINEERING;LIGIER;
20;0;20;1:43.627;0;;22.017;0;33.613;0;47.997;0;170.5;52:11.541;10:27:11.541;0:22.017;0:33.613;0:47.997;261.5;Romain IANNETTA;;LMP3;;DUQUEINE ENGINEERING;LIGIER;
20;0;21;2:20.524;0;;21.995;0;35.027;0;1:23.502;0;125.8;54:32.065;10:29:32.065;0:21.995;0:35.027;1:23.502;261.5;Romain IANNETTA;;LMP3;;DUQUEINE ENGINEERING;LIGIER;
20;0;22;3:29.017;0;;56.726;0;1:10.278;0;1:22.013;0;84.6;58:01.082;10:33:01.082;0:56.726;1:10.278;1:22.013;77.7;Romain IANNETTA;;LMP3;;DUQUEINE ENGINEERING;LIGIER;
20;0;23;1:46.135;0;;22.423;0;34.337;0;49.375;0;166.5;59:47.217;10:34:47.217;0:22.423;0:34.337;0:49.375;254.7;Romain IANNETTA;;LMP3;;DUQUEINE ENGINEERING;LIGIER;
20;0;24;1:44.295;0;;22.548;0;33.798;0;47.949;0;169.4;1:01:31.512;10:36:31.512;0:22.548;0:33.798;0:47.949;259.0;Romain IANNETTA;;LMP3;;DUQUEINE ENGINEERING;LIGIER;
20;0;25;1:44.158;0;;22.007;0;34.452;0;47.699;1;169.7;1:03:15.670;10:38:15.670;0:22.007;0:34.452;0:47.699;262.1;Romain IANNETTA;;LMP3;;DUQUEINE ENGINEERING;LIGIER;
20;0;26;1:42.770;2;;21.765;2;33.060;2;47.945;0;172.0;1:04:58.440;10:39:58.440;0:21.765;0:33.060;0:47.945;256.5;Romain IANNETTA;;LMP3;;DUQUEINE ENGINEERING;LIGIER;
20;0;27;7:59.131;0;B;22.010;0;33.214;0;7:03.907;0;36.9;1:12:57.571;10:47:57.571;0:22.010;0:33.214;7:03.907;257.8;Romain IANNETTA;;LMP3;;DUQUEINE ENGINEERING;LIGIER;
20;1;28;2:02.053;0;;37.825;0;35.256;0;48.972;0;144.8;1:14:59.624;10:49:59.624;0:37.825;0:35.256;0:48.972;182.4;Maxime PIALAT;0:06:31.505;LMP3;;DUQUEINE ENGINEERING;LIGIER;
20;1;29;1:46.165;0;;22.516;0;34.376;0;49.273;0;166.5;1:16:45.789;10:51:45.789;0:22.516;0:34.376;0:49.273;258.4;Maxime PIALAT;;LMP3;;DUQUEINE ENGINEERING;LIGIER;
20;1;30;1:43.341;0;;22.547;0;33.328;0;47.466;2;171.0;1:18:29.130;10:53:29.130;0:22.547;0:33.328;0:47.466;257.1;Maxime PIALAT;;LMP3;;DUQUEINE ENGINEERING;LIGIER;
21;2;1;3:20.021;0;B;1:14.674;0;33.944;0;1:31.403;0;88.4;3:20.021;09:38:20.021;1:14.674;0:33.944;1:31.403;116.9;Ben HANLEY;0:00:43.855;LMP2;;DragonSpeed;Oreca;
21;2;2;1:53.182;0;;35.993;0;31.581;0;45.608;0;156.1;5:13.203;09:40:13.203;0:35.993;0:31.581;0:45.608;194.6;Ben HANLEY;0:00:59.306;LMP2;;DragonSpeed;Oreca;
21;2;3;1:40.462;0;;20.979;0;32.754;0;46.729;0;175.9;6:53.665;09:41:53.665;0:20.979;0:32.754;0:46.729;269.3;Ben HANLEY;;LMP2;;DragonSpeed;Oreca;
21;2;4;2:56.874;0;;20.855;0;57.497;0;1:38.522;0;99.9;9:50.539;09:44:50.539;0:20.855;0:57.497;1:38.522;267.3;Ben HANLEY;;LMP2;;DragonSpeed;Oreca;
21;2;5;1:49.819;0;;31.541;0;31.751;0;46.527;0;160.9;11:40.358;09:46:40.358;0:31.541;0:31.751;0:46.527;204.9;Ben HANLEY;;LMP2;;DragonSpeed;Oreca;
21;2;6;1:38.869;0;;20.965;0;32.755;0;45.149;0;178.7;13:19.227;09:48:19.227;0:20.965;0:32.755;0:45.149;269.3;Ben HANLEY;;LMP2;;DragonSpeed;Oreca;
21;2;7;1:38.079;0;;20.506;0;32.904;0;44.669;0;180.2;14:57.306;09:49:57.306;0:20.506;0:32.904;0:44.669;270.0;Ben HANLEY;;LMP2;;DragonSpeed;Oreca;
21;2;8;1:39.411;0;;20.873;0;32.000;0;46.538;0;177.8;16:36.717;09:51:36.717;0:20.873;0:32.000;0:46.538;270.0;Ben HANLEY;;LMP2;;DragonSpeed;Oreca;
21;2;9;1:37.638;0;;20.462;1;31.530;0;45.646;0;181.0;18:14.355;09:53:14.355;0:20.462;0:31.530;0:45.646;270.7;Ben HANLEY;;LMP2;;DragonSpeed;Oreca;
21;2;10;1:35.579;0;;20.629;0;30.592;0;44.358;1;184.9;19:49.934;09:54:49.934;0:20.629;0:30.592;0:44.358;267.3;Ben HANLEY;;LMP2;;DragonSpeed;Oreca;
21;2;11;1:36.256;0;;20.489;0;30.640;0;45.127;0;183.6;21:26.190;09:56:26.190;0:20.489;0:30.640;0:45.127;268.0;Ben HANLEY;;LMP2;;DragonSpeed;Oreca;
21;2;12;1:35.837;0;;20.650;0;30.688;0;44.499;0;184.4;23:02.027;09:58:02.027;0:20.650;0:30.688;0:44.499;268.0;Ben HANLEY;;LMP2;;DragonSpeed;Oreca;
21;2;13;1:36.273;0;;20.482;0;30.588;1;45.203;0;183.6;24:38.300;09:59:38.300;0:20.482;0:30.588;0:45.203;271.4;Ben HANLEY;;LMP2;;DragonSpeed;Oreca;
21;2;14;1:41.072;0;;23.505;0;32.160;0;45.407;0;174.8;26:19.372;10:01:19.372;0:23.505;0:32.160;0:45.407;260.9;Ben HANLEY;;LMP2;;DragonSpeed;Oreca;
21;2;15;1:37.680;0;;21.509;0;30.829;0;45.342;0;180.9;27:57.052;10:02:57.052;0:21.509;0:30.829;0:45.342;271.4;Ben HANLEY;;LMP2;;DragonSpeed;Oreca;
21;2;16;6:40.857;0;B;22.027;0;43.936;0;5:34.894;0;44.1;34:37.909;10:09:37.909;0:22.027;0:43.936;5:34.894;224.5;Ben HANLEY;;LMP2;;DragonSpeed;Oreca;
21;0;17;1:59.270;0;;38.599;0;33.444;0;47.227;0;148.2;36:37.179;10:11:37.179;0:38.599;0:33.444;0:47.227;182.1;Henrik HEDMAN;0:04:15.703;LMP2;;DragonSpeed;Oreca;
21;0;18;3:07.019;0;;22.277;0;1:06.783;0;1:37.959;0;94.5;39:44.198;10:14:44.198;0:22.277;1:06.783;1:37.959;266.0;Henrik HEDMAN;;LMP2;;DragonSpeed;Oreca;
21;0;19;2:28.609;0;;55.484;0;45.394;0;47.731;0;118.9;42:12.807;10:17:12.807;0:55.484;0:45.394;0:47.731;79.5;Henrik HEDMAN;;LMP2;;DragonSpeed;Oreca;
21;0;20;1:43.006;0;;22.777;0;33.469;0;46.760;0;171.6;43:55.813;10:18:55.813;0:22.777;0:33.469;0:46.760;228.8;Henrik HEDMAN;;LMP2;;DragonSpeed;Oreca;
21;0;21;2:13.416;0;;21.823;0;34.286;0;1:17.307;0;132.5;46:09.229;10:21:09.229;0:21.823;0:34.286;1:17.307;257.8;Henrik HEDMAN;;LMP2;;DragonSpeed;Oreca;
21;0;22;3:02.625;0;;55.382;0;1:07.913;0;59.330;0;96.8;49:11.854;10:24:11.854;0:55.382;1:07.913;0:59.330;79.6;Henrik HEDMAN;;LMP2;;DragonSpeed;Oreca;
21;0;23;2:05.363;0;;21.329;0;33.063;0;1:10.971;0;141.0;51:17.217;10:26:17.217;0:21.329;0:33.063;1:10.971;264.7;Henrik HEDMAN;;LMP2;;DragonSpeed;Oreca;
21;0;24;1:39.511;0;;21.212;0;32.098;1;46.201;1;177.6;52:56.728;10:27:56.728;0:21.212;0:32.098;0:46.201;268.0;Henrik HEDMAN;;LMP2;;DragonSpeed;Oreca;
21;0;25;6:54.855;0;B;21.083;1;1:06.745;0;5:27.027;0;42.6;59:51.583;10:34:51.583;0:21.083;1:06.745;5:27.027;268.7;Henrik HEDMAN;;LMP2;;DragonSpeed;Oreca;
21;0;26;4:54.908;0;B;41.638;0;34.369;0;3:38.901;0;59.9;1:04:46.491;10:39:46.491;0:41.638;0:34.369;3:38.901;154.7;Henrik HEDMAN;0:04:02.753;LMP2;;DragonSpeed;Oreca;
21;1;27;1:56.616;0;;37.457;0;31.901;0;47.258;0;151.5;1:06:43.107;10:41:43.107;0:37.457;0:31.901;0:47.258;175.3;Nicolas LAPIERRE;0:03:03.661;LMP2;;DragonSpeed;Oreca;
21;1;28;1:36.095;0;;20.617;0;30.643;0;44.835;0;183.9;1:08:19.202;10:43:19.202;0:20.617;0:30.643;0:44.835;265.4;Nicolas LAPIERRE;;LMP2;;DragonSpeed;Oreca;
21;1;29;1:36.180;0;;20.378;0;30.897;0;44.905;0;183.7;1:09:55.382;10:44:55.382;0:20.378;0:30.897;0:44.905;266.7;Nicolas LAPIERRE;;LMP2;;DragonSpeed;Oreca;
21;1;30;3:06.130;0;B;20.376;0;30.551;0;2:15.203;0;94.9;1:13:01.512;10:48:01.512;0:20.376;0:30.551;2:15.203;267.3;Nicolas LAPIERRE;;LMP2;;DragonSpeed;Oreca;
21;1;31;1:55.281;0;;34.872;0;32.487;0;47.922;0;153.3;1:14:56.793;10:49:56.793;0:34.872;0:32.487;0:47.922;198.2;Nicolas LAPIERRE;0:01:47.062;LMP2;;DragonSpeed;Oreca;
21;1;32;1:37.755;0;;20.245;0;30.537;0;46.973;0;180.8;1:16:34.548;10:51:34.548;0:20.245;0:30.537;0:46.973;267.3;Nicolas LAPIERRE;;LMP2;;DragonSpeed;Oreca;
21;1;33;1:35.506;0;;20.357;0;31.105;0;44.044;0;185.0;1:18:10.054;10:53:10.054;0:20.357;0:31.105;0:44.044;269.3;Nicolas LAPIERRE;;LMP2;;DragonSpeed;Oreca;
21;1;34;1:35.726;0;;20.173;2;30.401;0;45.152;0;184.6;1:19:45.780;10:54:45.780;0:20.173;0:30.401;0:45.152;268.0;Nicolas LAPIERRE;;LMP2;;DragonSpeed;Oreca;
21;1;35;4:36.998;0;B;21.124;0;1:05.535;0;3:10.339;0;63.8;1:24:22.778;10:59:22.778;0:21.124;1:05.535;3:10.339;270.0;Nicolas LAPIERRE;;LMP2;;DragonSpeed;Oreca;
21;1;36;1:50.117;0;;34.961;0;30.637;0;44.519;0;160.5;1:26:12.895;11:01:12.895;0:34.961;0:30.637;0:44.519;197.8;Nicolas LAPIERRE;0:01:55.790;LMP2;;DragonSpeed;Oreca;
21;1;37;1:35.284;0;;20.494;0;30.831;0;43.959;0;185.5;1:27:48.179;11:02:48.179;0:20.494;0:30.831;0:43.959;272.7;Nicolas LAPIERRE;;LMP2;;DragonSpeed;Oreca;
21;1;38;1:35.259;0;;20.867;0;30.416;0;43.976;0;185.5;1:29:23.438;11:04:23.438;0:20.867;0:30.416;0:43.976;270.0;Nicolas LAPIERRE;;LMP2;;DragonSpeed;Oreca;
21;1;39;1:34.485;2;;20.251;0;30.302;2;43.932;2;187.0;1:30:57.923;11:05:57.923;0:20.251;0:30.302;0:43.932;270.7;Nicolas LAPIERRE;;LMP2;;DragonSpeed;Oreca;
22;1;1;2:05.883;0;;42.337;0;35.379;0;48.167;0;140.4;2:05.883;09:37:05.883;0:42.337;0:35.379;0:48.167;170.6;Olivier LOMBARD;0:00:16.810;LMP2;;SO24 ! BY LOMBARD RACING;LIGIER;
22;1;2;1:40.271;0;;21.864;0;32.244;0;46.163;0;176.2;3:46.154;09:38:46.154;0:21.864;0:32.244;0:46.163;260.9;Olivier LOMBARD;;LMP2;;SO24 ! BY LOMBARD RACING;LIGIER;
22;1;3;1:41.736;0;;22.515;0;33.026;0;46.195;0;173.7;5:27.890;09:40:27.890;0:22.515;0:33.026;0:46.195;243.2;Olivier LOMBARD;;LMP2;;SO24 ! BY LOMBARD RACING;LIGIER;
22;1;4;1:37.333;0;;20.903;0;31.293;0;45.137;0;181.6;7:05.223;09:42:05.223;0:20.903;0:31.293;0:45.137;265.4;Olivier LOMBARD;;LMP2;;SO24 ! BY LOMBARD RACING;LIGIER;
22;1;5;3:36.020;0;B;33.737;0;1:10.631;0;1:51.652;0;81.8;10:41.243;09:45:41.243;0:33.737;1:10.631;1:51.652;265.4;Olivier LOMBARD;;LMP2;;SO24 ! BY LOMBARD RACING;LIGIER;
22;1;6;2:58.323;0;;1:37.017;0;34.864;0;46.442;0;99.1;13:39.566;09:48:39.566;1:37.017;0:34.864;0:46.442;131.9;Olivier LOMBARD;0:01:34.685;LMP2;;SO24 ! BY LOMBARD RACING;LIGIER;
22;1;7;1:39.634;0;;20.846;0;32.883;0;45.905;0;177.4;15:19.200;09:50:19.200;0:20.846;0:32.883;0:45.905;266.0;Olivier LOMBARD;;LMP2;;SO24 ! BY LOMBARD RACING;LIGIER;
22;1;8;1:37.513;0;;20.801;0;31.440;0;45.272;0;181.2;16:56.713;09:51:56.713;0:20.801;0:31.440;0:45.272;265.4;Olivier LOMBARD;;LMP2;;SO24 ! BY LOMBARD RACING;LIGIER;
22;1;9;1:38.094;0;;20.761;0;31.926;0;45.407;0;180.2;18:34.807;09:53:34.807;0:20.761;0:31.926;0:45.407;266.0;Olivier LOMBARD;;LMP2;;SO24 ! BY LOMBARD RACING;LIGIER;
22;1;10;1:37.778;0;;20.604;1;31.810;0;45.364;0;180.7;20:12.585;09:55:12.585;0:20.604;0:31.810;0:45.364;267.3;Olivier LOMBARD;;LMP2;;SO24 ! BY LOMBARD RACING;LIGIER;
22;1;11;1:36.496;0;;20.604;0;31.217;0;44.675;2;183.1;21:49.081;09:56:49.081;0:20.604;0:31.217;0:44.675;266.0;Olivier LOMBARD;;LMP2;;SO24 ! BY LOMBARD RACING;LIGIER;
22;1;12;1:36.098;2;;20.630;0;30.638;2;44.830;0;183.9;23:25.179;09:58:25.179;0:20.630;0:30.638;0:44.830;266.0;Olivier LOMBARD;;LMP2;;SO24 ! BY LOMBARD RACING;LIGIER;
22;1;13;1:57.001;0;B;20.645;0;31.040;0;1:05.316;0;151.0;25:22.180;10:00:22.180;0:20.645;0:31.040;1:05.316;264.7;Olivier LOMBARD;;LMP2;;SO24 ! BY LOMBARD RACING;LIGIER;
22;0;14;3:24.729;0;;2:01.327;0;32.840;0;50.562;0;86.3;28:46.909;10:03:46.909;2:01.327;0:32.840;0:50.562;194.2;Vincent CAPILLAIRE;0:01:58.721;LMP2;;SO24 ! BY LOMBARD RACING;LIGIER;
22;0;15;3:53.791;0;B;57.234;0;1:09.203;0;1:47.354;0;75.6;32:40.700;10:07:40.700;0:57.234;1:09.203;1:47.354;76.1;Vincent CAPILLAIRE;;LMP2;;SO24 ! BY LOMBARD RACING;LIGIER;
22;0;16;3:39.297;0;;2:16.192;0;35.395;0;47.710;0;80.6;36:19.997;10:11:19.997;2:16.192;0:35.395;0:47.710;174.8;Vincent CAPILLAIRE;0:02:13.085;LMP2;;SO24 ! BY LOMBARD RACING;LIGIER;
22;0;17;3:07.668;0;B;22.874;0;59.459;0;1:45.335;0;94.2;39:27.665;10:14:27.665;0:22.874;0:59.459;1:45.335;261.5;Vincent CAPILLAIRE;;LMP2;;SO24 ! BY LOMBARD RACING;LIGIER;
22;0;18;3:39.824;0;;2:21.453;0;32.723;0;45.648;0;80.4;43:07.489;10:18:07.489;2:21.453;0:32.723;0:45.648;192.9;Vincent CAPILLAIRE;0:02:19.574;LMP2;;SO24 ! BY LOMBARD RACING;LIGIER;
22;0;19;1:37.025;0;;21.046;0;31.171;0;44.808;1;182.1;44:44.514;10:19:44.514;0:21.046;0:31.171;0:44.808;264.1;Vincent CAPILLAIRE;;LMP2;;SO24 ! BY LOMBARD RACING;LIGIER;
22;0;20;3:06.844;0;;20.611;0;1:05.106;0;1:41.127;0;94.6;47:51.358;10:22:51.358;0:20.611;1:05.106;1:41.127;264.7;Vincent CAPILLAIRE;;LMP2;;SO24 ! BY LOMBARD RACING;LIGIER;
22;0;21;2:07.377;0;;48.269;0;33.246;0;45.862;0;138.7;49:58.735;10:24:58.735;0:48.269;0:33.246;0:45.862;75.4;Vincent CAPILLAIRE;;LMP2;;SO24 ! BY LOMBARD RACING;LIGIER;
22;0;22;1:36.902;0;;20.795;0;31.094;1;45.013;0;182.4;51:35.637;10:26:35.637;0:20.795;0:31.094;0:45.013;264.7;Vincent CAPILLAIRE;;LMP2;;SO24 ! BY LOMBARD RACING;LIGIER;
22;0;23;1:36.555;0;;20.517;2;31.112;0;44.926;0;183.0;53:12.192;10:28:12.192;0:20.517;0:31.112;0:44.926;266.0;Vincent CAPILLAIRE;;LMP2;;SO24 ! BY LOMBARD RACING;LIGIER;
22;0;24;3:31.813;0;B;20.708;0;1:13.527;0;1:57.578;0;83.4;56:44.005;10:31:44.005;0:20.708;1:13.527;1:57.578;267.3;Vincent CAPILLAIRE;;LMP2;;SO24 ! BY LOMBARD RACING;LIGIER;
22;2;25;3:41.163;0;;2:15.325;0;35.959;0;49.879;0;79.9;1:00:25.168;10:35:25.168;2:15.325;0:35.959;0:49.879;170.9;Jonathan COLEMAN;0:02:09.893;LMP2;;SO24 ! BY LOMBARD RACING;LIGIER;
22;2;26;1:41.091;0;;21.359;0;32.694;0;47.038;0;174.8;1:02:06.259;10:37:06.259;0:21.359;0:32.694;0:47.038;264.1;Jonathan COLEMAN;;LMP2;;SO24 ! BY LOMBARD RACING;LIGIER;
22;2;27;1:41.549;0;;21.004;0;33.366;0;47.179;0;174.0;1:03:47.808;10:38:47.808;0:21.004;0:33.366;0:47.179;267.3;Jonathan COLEMAN;;LMP2;;SO24 ! BY LOMBARD RACING;LIGIER;
22;2;28;1:41.284;0;;21.564;0;32.755;0;46.965;0;174.5;1:05:29.092;10:40:29.092;0:21.564;0:32.755;0:46.965;266.0;Jonathan COLEMAN;;LMP2;;SO24 ! BY LOMBARD RACING;LIGIER;
22;2;29;1:40.929;0;;21.125;0;32.360;0;47.444;0;175.1;1:07:10.021;10:42:10.021;0:21.125;0:32.360;0:47.444;267.3;Jonathan COLEMAN;;LMP2;;SO24 ! BY LOMBARD RACING;LIGIER;
22;2;30;1:42.037;0;;21.705;0;32.486;0;47.846;0;173.2;1:08:52.058;10:43:52.058;0:21.705;0:32.486;0:47.846;265.4;Jonathan COLEMAN;;LMP2;;SO24 ! BY LOMBARD RACING;LIGIER;
22;2;31;1:40.566;0;;21.183;0;32.851;0;46.532;0;175.7;1:10:32.624;10:45:32.624;0:21.183;0:32.851;0:46.532;264.7;Jonathan COLEMAN;;LMP2;;SO24 ! BY LOMBARD RACING;LIGIER;
22;2;32;1:39.696;0;;21.158;0;32.277;0;46.261;0;177.3;1:12:12.320;10:47:12.320;0:21.158;0:32.277;0:46.261;265.4;Jonathan COLEMAN;;LMP2;;SO24 ! BY LOMBARD RACING;LIGIER;
22;2;33;1:39.240;0;;20.941;0;31.707;0;46.592;0;178.1;1:13:51.560;10:48:51.560;0:20.941;0:31.707;0:46.592;264.1;Jonathan COLEMAN;;LMP2;;SO24 ! BY LOMBARD RACING;LIGIER;
22;2;34;1:39.815;0;;21.169;0;31.943;0;46.703;0;177.1;1:15:31.375;10:50:31.375;0:21.169;0:31.943;0:46.703;266.0;Jonathan COLEMAN;;LMP2;;SO24 ! BY LOMBARD RACING;LIGIER;
22;2;35;1:38.871;0;;21.529;0;31.426;0;45.916;0;178.7;1:17:10.246;10:52:10.246;0:21.529;0:31.426;0:45.916;264.7;Jonathan COLEMAN;;LMP2;;SO24 ! BY LOMBARD RACING;LIGIER;
22;2;36;1:38.618;0;;20.937;1;31.580;0;46.101;0;179.2;1:18:48.864;10:53:48.864;0:20.937;0:31.580;0:46.101;266.0;Jonathan COLEMAN;;LMP2;;SO24 ! BY LOMBARD RACING;LIGIER;
22;2;37;1:58.745;0;;20.955;0;31.746;0;1:06.044;0;148.8;1:20:47.609;10:55:47.609;0:20.955;0:31.746;1:06.044;265.4;Jonathan COLEMAN;;LMP2;;SO24 ! BY LOMBARD RACING;LIGIER;
22;2;38;3:04.658;0;;55.825;0;1:08.433;0;1:00.400;0;95.7;1:23:52.267;10:58:52.267;0:55.825;1:08.433;1:00.400;79.5;Jonathan COLEMAN;;LMP2;;SO24 ! BY LOMBARD RACING;LIGIER;
22;2;39;1:43.931;0;;22.634;0;34.671;0;46.626;0;170.0;1:25:36.198;11:00:36.198;0:22.634;0:34.671;0:46.626;240.0;Jonathan COLEMAN;;LMP2;;SO24 ! BY LOMBARD RACING;LIGIER;
22;2;40;1:37.960;0;;20.991;0;31.363;1;45.606;0;180.4;1:27:14.158;11:02:14.158;0:20.991;0:31.363;0:45.606;262.8;Jonathan COLEMAN;;LMP2;;SO24 ! BY LOMBARD RACING;LIGIER;
22;2;41;1:38.359;0;;20.993;0;31.765;0;45.601;1;179.7;1:28:52.517;11:03:52.517;0:20.993;0:31.765;0:45.601;265.4;Jonathan COLEMAN;;LMP2;;SO24 ! BY LOMBARD RACING;LIGIER;
22;2;42;1:38.781;0;;20.990;0;31.661;0;46.130;0;178.9;1:30:31.298;11:05:31.298;0:20.990;0:31.661;0:46.130;262.8;Jonathan COLEMAN;;LMP2;;SO24 ! BY LOMBARD RACING;LIGIER;
23;2;1;2:36.404;0;;1:10.669;0;36.887;0;48.848;0;113.0;2:36.404;09:37:36.404;1:10.669;0:36.887;0:48.848;90.0;Paul Loup CHATIN;0:00:34.781;LMP2;;Panis Barthez Competition;LIGIER;
23;2;2;1:37.409;0;;20.833;0;31.181;0;45.395;0;181.4;4:13.813;09:39:13.813;0:20.833;0:31.181;0:45.395;265.4;Paul Loup CHATIN;;LMP2;;Panis Barthez Competition;LIGIER;
23;2;3;1:36.005;0;;20.529;0;30.631;0;44.845;0;184.1;5:49.818;09:40:49.818;0:20.529;0:30.631;0:44.845;268.0;Paul Loup CHATIN;;LMP2;;Panis Barthez Competition;LIGIER;
23;2;4;5:25.586;0;B;20.472;0;30.388;0;4:34.726;0;54.3;11:15.404;09:46:15.404;0:20.472;0:30.388;4:34.726;270.0;Paul Loup CHATIN;;LMP2;;Panis Barthez Competition;LIGIER;
23;2;5;2:01.799;0;;41.606;0;33.205;0;46.988;0;145.1;13:17.203;09:48:17.203;0:41.606;0:33.205;0:46.988;174.5;Paul Loup CHATIN;0:03:59.702;LMP2;;Panis Barthez Competition;LIGIER;
23;2;6;1:37.557;0;;20.517;0;31.769;0;45.271;0;181.1;14:54.760;09:49:54.760;0:20.517;0:31.769;0:45.271;270.0;Paul Loup CHATIN;;LMP2;;Panis Barthez Competition;LIGIER;
23;2;7;1:41.356;0;;21.818;0;32.885;0;46.653;0;174.4;16:36.116;09:51:36.116;0:21.818;0:32.885;0:46.653;267.3;Paul Loup CHATIN;;LMP2;;Panis Barthez Competition;LIGIER;
23;2;8;1:34.648;0;;20.227;0;30.762;0;43.659;3;186.7;18:10.764;09:53:10.764;0:20.227;0:30.762;0:43.659;270.0;Paul Loup CHATIN;;LMP2;;Panis Barthez Competition;LIGIER;
23;2;9;1:33.881;3;;20.118;3;29.999;2;43.764;0;188.2;19:44.645;09:54:44.645;0:20.118;0:29.999;0:43.764;270.7;Paul Loup CHATIN;;LMP2;;Panis Barthez Competition;LIGIER;
23;2;10;3:22.168;0;B;21.480;0;33.804;0;2:26.884;0;87.4;23:06.813;09:58:06.813;0:21.480;0:33.804;2:26.884;271.4;Paul Loup CHATIN;;LMP2;;Panis Barthez Competition;LIGIER;
23;0;11;1:57.966;0;;36.266;0;33.249;0;48.451;0;149.8;25:04.779;10:00:04.779;0:36.266;0:33.249;0:48.451;190.8;Fabien BARTHEZ;0:01:54.724;LMP2;;Panis Barthez Competition;LIGIER;
23;0;12;1:41.406;0;;22.278;0;32.966;0;46.162;0;174.3;26:46.185;10:01:46.185;0:22.278;0:32.966;0:46.162;267.3;Fabien BARTHEZ;;LMP2;;Panis Barthez Competition;LIGIER;
23;0;13;1:39.546;0;;21.036;0;32.354;0;46.156;0;177.5;28:25.731;10:03:25.731;0:21.036;0:32.354;0:46.156;267.3;Fabien BARTHEZ;;LMP2;;Panis Barthez Competition;LIGIER;
23;0;14;5:27.266;0;B;35.390;0;1:09.571;0;3:42.305;0;54.0;33:52.997;10:08:52.997;0:35.390;1:09.571;3:42.305;188.8;Fabien BARTHEZ;;LMP2;;Panis Barthez Competition;LIGIER;
23;0;15;1:57.851;0;;35.931;0;34.161;0;47.759;0;150.0;35:50.848;10:10:50.848;0:35.931;0:34.161;0:47.759;190.5;Fabien BARTHEZ;0:02:28.875;LMP2;;Panis Barthez Competition;LIGIER;
23;0;16;2:31.896;0;;23.047;0;36.475;0;1:32.374;0;116.3;38:22.744;10:13:22.744;0:23.047;0:36.475;1:32.374;260.9;Fabien BARTHEZ;;LMP2;;Panis Barthez Competition;LIGIER;
23;0;17;3:08.185;0;;55.747;0;1:07.835;0;1:04.603;0;93.9;41:30.929;10:16:30.929;0:55.747;1:07.835;1:04.603;79.1;Fabien BARTHEZ;;LMP2;;Panis Barthez Competition;LIGIER;
23;0;18;1:44.608;0;;22.767;0;35.123;0;46.718;0;168.9;43:15.537;10:18:15.537;0:22.767;0:35.123;0:46.718;228.3;Fabien BARTHEZ;;LMP2;;Panis Barthez Competition;LIGIER;
23;0;19;1:39.378;0;;21.272;0;32.272;0;45.834;0;177.8;44:54.915;10:19:54.915;0:21.272;0:32.272;0:45.834;268.7;Fabien BARTHEZ;;LMP2;;Panis Barthez Competition;LIGIER;
23;0;20;3:11.758;0;;24.408;0;1:09.421;0;1:37.929;0;92.2;48:06.673;10:23:06.673;0:24.408;1:09.421;1:37.929;268.0;Fabien BARTHEZ;;LMP2;;Panis Barthez Competition;LIGIER;
23;0;21;2:01.537;0;;40.898;0;33.405;0;47.234;0;145.4;50:08.210;10:25:08.210;0:40.898;0:33.405;0:47.234;79.9;Fabien BARTHEZ;;LMP2;;Panis Barthez Competition;LIGIER;
23;0;22;1:38.288;0;;21.001;0;31.652;1;45.635;1;179.8;51:46.498;10:26:46.498;0:21.001;0:31.652;0:45.635;267.3;Fabien BARTHEZ;;LMP2;;Panis Barthez Competition;LIGIER;
23;0;23;16:35.100;0;B;20.679;1;8:46.064;0;7:28.357;0;17.8;1:08:21.598;10:43:21.598;0:20.679;8:46.064;7:28.357;267.3;Fabien BARTHEZ;;LMP2;;Panis Barthez Competition;LIGIER;
23;1;24;2:25.536;0;;37.816;0;1:00.745;0;46.975;0;121.4;1:10:47.134;10:45:47.134;0:37.816;1:00.745;0:46.975;176.5;Timothe BURET;0:06:21.881;LMP2;;Panis Barthez Competition;LIGIER;
23;1;25;1:40.275;0;;22.393;0;32.066;0;45.816;0;176.2;1:12:27.409;10:47:27.409;0:22.393;0:32.066;0:45.816;267.3;Timothe BURET;;LMP2;;Panis Barthez Competition;LIGIER;
23;1;26;1:39.706;0;;21.825;0;32.604;0;45.277;0;177.2;1:14:07.115;10:49:07.115;0:21.825;0:32.604;0:45.277;260.2;Timothe BURET;;LMP2;;Panis Barthez Competition;LIGIER;
23;1;27;1:39.503;0;;21.973;0;32.094;0;45.436;0;177.6;1:15:46.618;10:50:46.618;0:21.973;0:32.094;0:45.436;238.4;Timothe BURET;;LMP2;;Panis Barthez Competition;LIGIER;
23;1;28;1:40.327;0;;20.730;0;34.348;0;45.249;0;176.1;1:17:26.945;10:52:26.945;0:20.730;0:34.348;0:45.249;268.7;Timothe BURET;;LMP2;;Panis Barthez Competition;LIGIER;
23;1;29;1:37.519;0;;20.628;0;31.171;1;45.720;0;181.2;1:19:04.464;10:54:04.464;0:20.628;0:31.171;0:45.720;269.3;Timothe BURET;;LMP2;;Panis Barthez Competition;LIGIER;
23;1;30;2:15.311;0;;20.482;1;32.512;0;1:22.317;0;130.6;1:21:19.775;10:56:19.775;0:20.482;0:32.512;1:22.317;270.7;Timothe BURET;;LMP2;;Panis Barthez Competition;LIGIER;
23;1;31;2:47.306;0;;55.241;0;1:04.914;0;47.151;0;105.6;1:24:07.081;10:59:07.081;0:55.241;1:04.914;0:47.151;79.9;Timothe BURET;;LMP2;;Panis Barthez Competition;LIGIER;
23;1;32;1:38.429;0;;22.112;0;31.190;0;45.127;1;179.5;1:25:45.510;11:00:45.510;0:22.112;0:31.190;0:45.127;238.9;Timothe BURET;;LMP2;;Panis Barthez Competition;LIGIER;
23;1;33;1:38.317;0;;20.526;0;32.193;0;45.598;0;179.7;1:27:23.827;11:02:23.827;0:20.526;0:32.193;0:45.598;268.7;Timothe BURET;;LMP2;;Panis Barthez Competition;LIGIER;
23;1;34;1:38.348;0;;20.651;0;32.419;0;45.278;0;179.7;1:29:02.175;11:04:02.175;0:20.651;0:32.419;0:45.278;269.3;Timothe BURET;;LMP2;;Panis Barthez Competition;LIGIER;
23;1;35;1:41.215;0;;20.594;0;32.439;0;48.182;0;174.6;1:30:43.390;11:05:43.390;0:20.594;0:32.439;0:48.182;268.7;Timothe BURET;;LMP2;;Panis Barthez Competition;LIGIER;
24;1;1;2:24.271;0;;48.564;0;40.831;0;54.876;0;122.5;2:24.271;09:37:24.271;0:48.564;0:40.831;0:54.876;177.6;Pierre NICOLET;0:00:21.222;LMP3;;Oak Racing;LIGIER;
24;1;2;3:46.231;0;B;24.497;0;38.713;0;2:43.021;0;78.1;6:10.502;09:41:10.502;0:24.497;0:38.713;2:43.021;225.5;Pierre NICOLET;;LMP3;;Oak Racing;LIGIER;
24;1;3;3:10.148;0;;38.435;0;50.829;0;1:40.884;0;92.9;9:20.650;09:44:20.650;0:38.435;0:50.829;1:40.884;183.7;Pierre NICOLET;0:02:05.133;LMP3;;Oak Racing;LIGIER;
24;1;4;2:15.418;0;;48.675;0;36.094;0;50.649;0;130.5;11:36.068;09:46:36.068;0:48.675;0:36.094;0:50.649;78.8;Pierre NICOLET;;LMP3;;Oak Racing;LIGIER;
24;1;5;1:48.897;0;;23.136;0;35.630;0;50.131;0;162.3;13:24.965;09:48:24.965;0:23.136;0:35.630;0:50.131;248.3;Pierre NICOLET;;LMP3;;Oak Racing;LIGIER;
24;1;6;1:47.603;0;;22.790;0;35.439;0;49.374;0;164.2;15:12.568;09:50:12.568;0:22.790;0:35.439;0:49.374;251.7;Pierre NICOLET;;LMP3;;Oak Racing;LIGIER;
24;1;7;1:45.430;0;;21.871;0;34.596;0;48.963;0;167.6;16:57.998;09:51:57.998;0:21.871;0:34.596;0:48.963;259.6;Pierre NICOLET;;LMP3;;Oak Racing;LIGIER;
24;1;8;1:43.059;0;;21.864;0;33.147;0;48.048;0;171.5;18:41.057;09:53:41.057;0:21.864;0:33.147;0:48.048;262.1;Pierre NICOLET;;LMP3;;Oak Racing;LIGIER;
24;1;9;1:44.081;0;;21.869;0;33.664;0;48.548;0;169.8;20:25.138;09:55:25.138;0:21.869;0:33.664;0:48.548;262.1;Pierre NICOLET;;LMP3;;Oak Racing;LIGIER;
24;1;10;4:27.268;0;B;23.760;0;39.102;0;3:24.406;0;66.1;24:52.406;09:59:52.406;0:23.760;0:39.102;3:24.406;224.1;Pierre NICOLET;;LMP3;;Oak Racing;LIGIER;
24;0;11;2:03.569;0;;38.186;0;35.921;0;49.462;0;143.0;26:55.975;10:01:55.975;0:38.186;0:35.921;0:49.462;184.3;Jacques NICOLET;0:02:46.280;LMP3;;Oak Racing;LIGIER;
24;0;12;1:47.943;0;;22.432;0;34.467;0;51.044;0;163.7;28:43.918;10:03:43.918;0:22.432;0:34.467;0:51.044;255.9;Jacques NICOLET;;LMP3;;Oak Racing;LIGIER;
24;0;13;5:02.882;0;B;50.376;0;1:10.736;0;3:01.770;0;58.3;33:46.800;10:08:46.800;0:50.376;1:10.736;3:01.770;93.5;Jacques NICOLET;;LMP3;;Oak Racing;LIGIER;
24;0;14;2:05.017;0;;38.544;0;36.450;0;50.023;0;141.4;35:51.817;10:10:51.817;0:38.544;0:36.450;0:50.023;185.2;Jacques NICOLET;0:01:48.710;LMP3;;Oak Racing;LIGIER;
24;0;15;2:39.033;0;;24.267;0;37.791;0;1:36.975;0;111.1;38:30.850;10:13:30.850;0:24.267;0:37.791;1:36.975;247.7;Jacques NICOLET;;LMP3;;Oak Racing;LIGIER;
24;0;16;3:09.456;0;;56.981;0;1:09.384;0;1:03.091;0;93.3;41:40.306;10:16:40.306;0:56.981;1:09.384;1:03.091;78.0;Jacques NICOLET;;LMP3;;Oak Racing;LIGIER;
24;0;17;1:45.818;0;;22.483;0;34.404;0;48.931;0;167.0;43:26.124;10:18:26.124;0:22.483;0:34.404;0:48.931;252.3;Jacques NICOLET;;LMP3;;Oak Racing;LIGIER;
24;0;18;1:44.742;0;;22.035;0;33.642;0;49.065;0;168.7;45:10.866;10:20:10.866;0:22.035;0:33.642;0:49.065;260.9;Jacques NICOLET;;LMP3;;Oak Racing;LIGIER;
24;0;19;3:25.276;0;;37.577;0;1:09.991;0;1:37.708;0;86.1;48:36.142;10:23:36.142;0:37.577;1:09.991;1:37.708;236.8;Jacques NICOLET;;LMP3;;Oak Racing;LIGIER;
24;0;20;1:47.314;0;;24.286;0;34.334;0;48.694;0;164.7;50:23.456;10:25:23.456;0:24.286;0:34.334;0:48.694;236.8;Jacques NICOLET;;LMP3;;Oak Racing;LIGIER;
24;0;21;1:45.160;0;;22.255;0;33.983;0;48.922;0;168.1;52:08.616;10:27:08.616;0:22.255;0:33.983;0:48.922;262.8;Jacques NICOLET;;LMP3;;Oak Racing;LIGIER;
24;0;22;5:39.996;0;B;22.179;0;36.046;0;4:41.771;0;52.0;57:48.612;10:32:48.612;0:22.179;0:36.046;4:41.771;261.5;Jacques NICOLET;;LMP3;;Oak Racing;LIGIER;
24;0;23;2:00.995;0;;37.819;0;34.472;0;48.704;0;146.1;59:49.607;10:34:49.607;0:37.819;0:34.472;0:48.704;184.6;Jacques NICOLET;0:04:00.217;LMP3;;Oak Racing;LIGIER;
24;0;24;1:44.344;0;;21.773;1;33.411;1;49.160;0;169.4;1:01:33.951;10:36:33.951;0:21.773;0:33.411;0:49.160;260.2;Jacques NICOLET;;LMP3;;Oak Racing;LIGIER;
24;0;25;1:44.029;0;;21.860;0;33.900;0;48.269;0;169.9;1:03:17.980;10:38:17.980;0:21.860;0:33.900;0:48.269;259.6;Jacques NICOLET;;LMP3;;Oak Racing;LIGIER;
24;0;26;1:43.552;0;;21.893;0;33.810;0;47.849;1;170.7;1:05:01.532;10:40:01.532;0:21.893;0:33.810;0:47.849;259.6;Jacques NICOLET;;LMP3;;Oak Racing;LIGIER;
24;0;27;1:46.035;0;;22.723;0;33.595;0;49.717;0;166.7;1:06:47.567;10:41:47.567;0:22.723;0:33.595;0:49.717;261.5;Jacques NICOLET;;LMP3;;Oak Racing;LIGIER;
24;0;28;1:43.558;0;;22.000;0;33.538;0;48.020;0;170.7;1:08:31.125;10:43:31.125;0:22.000;0:33.538;0:48.020;259.0;Jacques NICOLET;;LMP3;;Oak Racing;LIGIER;
24;0;29;4:16.445;0;B;22.059;0;34.952;0;3:19.434;0;68.9;1:12:47.570;10:47:47.570;0:22.059;0:34.952;3:19.434;258.4;Jacques NICOLET;;LMP3;;Oak Racing;LIGIER;
24;1;30;2:02.739;0;;37.924;0;36.560;0;48.255;0;144.0;1:14:50.309;10:49:50.309;0:37.924;0:36.560;0:48.255;182.4;Pierre NICOLET;0:02:46.377;LMP3;;Oak Racing;LIGIER;
24;1;31;1:44.234;0;;21.788;0;34.372;0;48.074;0;169.5;1:16:34.543;10:51:34.543;0:21.788;0:34.372;0:48.074;259.0;Pierre NICOLET;;LMP3;;Oak Racing;LIGIER;
24;1;32;1:43.274;0;;21.864;0;33.496;0;47.914;0;171.1;1:18:17.817;10:53:17.817;0:21.864;0:33.496;0:47.914;261.5;Pierre NICOLET;;LMP3;;Oak Racing;LIGIER;
24;1;33;1:42.174;2;;21.598;0;33.002;0;47.574;2;173.0;1:19:59.991;10:54:59.991;0:21.598;0:33.002;0:47.574;259.0;Pierre NICOLET;;LMP3;;Oak Racing;LIGIER;
24;1;34;3:14.754;0;;27.559;0;1:08.919;0;1:38.276;0;90.7;1:23:14.745;10:58:14.745;0:27.559;1:08.919;1:38.276;260.2;Pierre NICOLET;;LMP3;;Oak Racing;LIGIER;
24;1;35;1:53.816;0;;29.669;0;34.245;0;49.902;0;155.3;1:25:08.561;11:00:08.561;0:29.669;0:34.245;0:49.902;179.1;Pierre NICOLET;;LMP3;;Oak Racing;LIGIER;
24;1;36;1:42.891;0;;21.830;0;33.271;0;47.790;0;171.8;1:26:51.452;11:01:51.452;0:21.830;0:33.271;0:47.790;261.5;Pierre NICOLET;;LMP3;;Oak Racing;LIGIER;
24;1;37;1:42.853;0;;21.513;2;33.318;0;48.022;0;171.8;1:28:34.305;11:03:34.305;0:21.513;0:33.318;0:48.022;259.0;Pierre NICOLET;;LMP3;;Oak Racing;LIGIER;
24;1;38;1:42.656;0;;21.655;0;32.913;2;48.088;0;172.2;1:30:16.961;11:05:16.961;0:21.655;0:32.913;0:48.088;259.6;Pierre NICOLET;;LMP3;;Oak Racing;LIGIER;
25;0;1;3:26.464;0;;1:59.864;0;36.206;0;50.394;0;85.6;3:26.464;09:38:26.464;1:59.864;0:36.206;0:50.394;181.8;Michael MUNEMANN;0:01:34.828;LMP2;;Algarve Pro Racing;LIGIER;
25;0;2;1:44.049;0;;22.345;0;33.733;0;47.971;0;169.8;5:10.513;09:40:10.513;0:22.345;0:33.733;0:47.971;246.0;Michael MUNEMANN;;LMP2;;Algarve Pro Racing;LIGIER;
25;0;3;1:43.870;0;;21.968;0;33.441;0;48.461;0;170.1;6:54.383;09:41:54.383;0:21.968;0:33.441;0:48.461;263.4;Michael MUNEMANN;;LMP2;;Algarve Pro Racing;LIGIER;
25;0;4;3:57.577;0;B;21.334;0;57.441;0;2:38.802;0;74.4;10:51.960;09:45:51.960;0:21.334;0:57.441;2:38.802;264.1;Michael MUNEMANN;;LMP2;;Algarve Pro Racing;LIGIER;
25;0;5;2:10.042;0;;49.235;0;33.786;0;47.021;0;135.9;13:02.002;09:48:02.002;0:49.235;0:33.786;0:47.021;79.2;Michael MUNEMANN;0:01:27.945;LMP2;;Algarve Pro Racing;LIGIER;
25;0;6;1:39.786;0;;21.311;0;32.349;0;46.126;0;177.1;14:41.788;09:49:41.788;0:21.311;0:32.349;0:46.126;262.1;Michael MUNEMANN;;LMP2;;Algarve Pro Racing;LIGIER;
25;0;7;1:38.766;0;;21.127;0;31.667;0;45.972;0;178.9;16:20.554;09:51:20.554;0:21.127;0:31.667;0:45.972;263.4;Michael MUNEMANN;;LMP2;;Algarve Pro Racing;LIGIER;
25;0;8;1:39.468;0;;20.850;0;31.766;0;46.852;0;177.7;18:00.022;09:53:00.022;0:20.850;0:31.766;0:46.852;264.7;Michael MUNEMANN;;LMP2;;Algarve Pro Racing;LIGIER;
25;0;9;1:40.079;0;;21.529;0;31.901;0;46.649;0;176.6;19:40.101;09:54:40.101;0:21.529;0:31.901;0:46.649;241.1;Michael MUNEMANN;;LMP2;;Algarve Pro Racing;LIGIER;
25;0;10;1:38.622;0;;20.969;0;31.804;0;45.849;0;179.2;21:18.723;09:56:18.723;0:20.969;0:31.804;0:45.849;265.4;Michael MUNEMANN;;LMP2;;Algarve Pro Racing;LIGIER;
25;0;11;1:39.642;0;;21.034;0;32.789;0;45.819;1;177.4;22:58.365;09:57:58.365;0:21.034;0:32.789;0:45.819;266.7;Michael MUNEMANN;;LMP2;;Algarve Pro Racing;LIGIER;
25;0;12;1:38.391;0;;20.784;1;31.500;1;46.107;0;179.6;24:36.756;09:59:36.756;0:20.784;0:31.500;0:46.107;265.4;Michael MUNEMANN;;LMP2;;Algarve Pro Racing;LIGIER;
25;0;13;2:04.428;0;;25.083;0;35.588;0;1:03.757;0;142.0;26:41.184;10:01:41.184;0:25.083;0:35.588;1:03.757;226.9;Michael MUNEMANN;;LMP2;;Algarve Pro Racing;LIGIER;
25;0;14;4:09.410;0;B;20.944;0;38.830;0;3:09.636;0;70.9;30:50.594;10:05:50.594;0:20.944;0:38.830;3:09.636;265.4;Michael MUNEMANN;;LMP2;;Algarve Pro Racing;LIGIER;
25;1;15;4:29.994;0;;3:08.964;0;33.566;0;47.464;0;65.5;35:20.588;10:10:20.588;3:08.964;0:33.566;0:47.464;185.6;Chris HOY;0:05:04.720;LMP2;;Algarve Pro Racing;LIGIER;
25;1;16;1:40.915;0;;21.291;0;32.517;0;47.107;0;175.1;37:01.503;10:12:01.503;0:21.291;0:32.517;0:47.107;262.8;Chris HOY;;LMP2;;Algarve Pro Racing;LIGIER;
25;1;17;3:43.200;0;;54.818;0;1:09.482;0;1:38.900;0;79.2;40:44.703;10:15:44.703;0:54.818;1:09.482;1:38.900;78.4;Chris HOY;;LMP2;;Algarve Pro Racing;LIGIER;
25;1;18;1:57.423;0;;36.792;0;33.575;0;47.056;0;150.5;42:42.126;10:17:42.126;0:36.792;0:33.575;0:47.056;153.4;Chris HOY;;LMP2;;Algarve Pro Racing;LIGIER;
25;1;19;1:38.098;0;;20.904;0;31.657;0;45.537;1;180.2;44:20.224;10:19:20.224;0:20.904;0:31.657;0:45.537;262.8;Chris HOY;;LMP2;;Algarve Pro Racing;LIGIER;
25;1;20;2:27.264;0;;20.888;0;31.620;0;1:34.756;0;120.0;46:47.488;10:21:47.488;0:20.888;0:31.620;1:34.756;263.4;Chris HOY;;LMP2;;Algarve Pro Racing;LIGIER;
25;1;21;2:48.112;0;;1:07.189;0;53.965;0;46.958;0;105.1;49:35.600;10:24:35.600;1:07.189;0:53.965;0:46.958;57.2;Chris HOY;;LMP2;;Algarve Pro Racing;LIGIER;
25;1;22;1:48.225;0;;21.301;0;32.453;0;54.471;0;163.3;51:23.825;10:26:23.825;0:21.301;0:32.453;0:54.471;265.4;Chris HOY;;LMP2;;Algarve Pro Racing;LIGIER;
25;1;23;1:38.390;0;;21.096;0;31.608;1;45.686;0;179.6;53:02.215;10:28:02.215;0:21.096;0:31.608;0:45.686;264.7;Chris HOY;;LMP2;;Algarve Pro Racing;LIGIER;
25;1;24;6:32.424;0;B;20.865;1;1:05.965;0;5:05.594;0;45.0;59:34.639;10:34:34.639;0:20.865;1:05.965;5:05.594;266.0;Chris HOY;;LMP2;;Algarve Pro Racing;LIGIER;
25;2;25;2:43.130;0;;58.915;0;55.499;0;48.716;0;108.3;1:02:17.769;10:37:17.769;0:58.915;0:55.499;0:48.716;89.1;Parth GHORPADE;0:03:38.560;LMP2;;Algarve Pro Racing;LIGIER;
25;2;26;1:37.860;0;;21.287;0;31.340;0;45.233;0;180.6;1:03:55.629;10:38:55.629;0:21.287;0:31.340;0:45.233;264.7;Parth GHORPADE;;LMP2;;Algarve Pro Racing;LIGIER;
25;2;27;1:39.998;0;;20.920;0;31.461;0;47.617;0;176.7;1:05:35.627;10:40:35.627;0:20.920;0:31.461;0:47.617;266.7;Parth GHORPADE;;LMP2;;Algarve Pro Racing;LIGIER;
25;2;28;1:45.531;0;;21.997;0;32.352;0;51.182;0;167.5;1:07:21.158;10:42:21.158;0:21.997;0:32.352;0:51.182;252.3;Parth GHORPADE;;LMP2;;Algarve Pro Racing;LIGIER;
25;2;29;1:56.373;0;;20.611;2;31.420;0;1:04.342;0;151.9;1:09:17.531;10:44:17.531;0:20.611;0:31.420;1:04.342;267.3;Parth GHORPADE;;LMP2;;Algarve Pro Racing;LIGIER;
25;2;30;1:57.642;0;;20.934;0;33.789;0;1:02.919;0;150.2;1:11:15.173;10:46:15.173;0:20.934;0:33.789;1:02.919;262.8;Parth GHORPADE;;LMP2;;Algarve Pro Racing;LIGIER;
25;2;31;1:37.173;2;;20.665;0;31.027;2;45.481;0;181.9;1:12:52.346;10:47:52.346;0:20.665;0:31.027;0:45.481;264.1;Parth GHORPADE;;LMP2;;Algarve Pro Racing;LIGIER;
25;2;32;1:42.471;0;;21.918;0;33.152;0;47.401;0;172.5;1:14:34.817;10:49:34.817;0:21.918;0:33.152;0:47.401;266.0;Parth GHORPADE;;LMP2;;Algarve Pro Racing;LIGIER;
25;2;33;1:37.563;0;;21.198;0;31.307;0;45.058;2;181.1;1:16:12.380;10:51:12.380;0:21.198;0:31.307;0:45.058;264.7;Parth GHORPADE;;LMP2;;Algarve Pro Racing;LIGIER;
28;2;1;3:34.508;0;;2:04.326;0;38.833;0;51.349;0;82.4;3:34.508;09:38:34.508;2:04.326;0:38.833;0:51.349;180.3;Dimitri ENJALBERT;0:01:38.585;LMP2;;IDEC SPORT RACING;LIGIER;
28;2;2;1:43.399;0;;22.866;0;33.522;0;47.011;0;170.9;5:17.907;09:40:17.907;0:22.866;0:33.522;0:47.011;203.4;Dimitri ENJALBERT;;LMP2;;IDEC SPORT RACING;LIGIER;
28;2;3;4:08.324;0;B;21.347;0;32.653;0;3:14.324;0;71.2;9:26.231;09:44:26.231;0:21.347;0:32.653;3:14.324;266.7;Dimitri ENJALBERT;;LMP2;;IDEC SPORT RACING;LIGIER;
28;2;4;2:09.819;0;;47.589;0;33.500;0;48.730;0;136.1;11:36.050;09:46:36.050;0:47.589;0:33.500;0:48.730;80.6;Dimitri ENJALBERT;0:02:40.991;LMP2;;IDEC SPORT RACING;LIGIER;
28;2;5;1:39.103;0;;21.148;0;32.070;0;45.885;0;178.3;13:15.153;09:48:15.153;0:21.148;0:32.070;0:45.885;264.1;Dimitri ENJALBERT;;LMP2;;IDEC SPORT RACING;LIGIER;
28;2;6;1:39.454;0;;22.225;0;31.870;0;45.359;0;177.7;14:54.607;09:49:54.607;0:22.225;0:31.870;0:45.359;268.0;Dimitri ENJALBERT;;LMP2;;IDEC SPORT RACING;LIGIER;
28;2;7;1:40.411;0;;21.088;0;32.968;0;46.355;0;176.0;16:35.018;09:51:35.018;0:21.088;0:32.968;0:46.355;270.7;Dimitri ENJALBERT;;LMP2;;IDEC SPORT RACING;LIGIER;
28;2;8;7:38.859;0;B;21.042;0;32.196;0;6:45.621;0;38.5;24:13.877;09:59:13.877;0:21.042;0:32.196;6:45.621;266.7;Dimitri ENJALBERT;;LMP2;;IDEC SPORT RACING;LIGIER;
28;2;9;1:54.196;0;;36.471;0;32.009;0;45.716;0;154.8;26:08.073;10:01:08.073;0:36.471;0:32.009;0:45.716;192.9;Dimitri ENJALBERT;0:06:14.390;LMP2;;IDEC SPORT RACING;LIGIER;
28;2;10;1:40.616;0;;22.291;0;32.338;0;45.987;0;175.6;27:48.689;10:02:48.689;0:22.291;0:32.338;0:45.987;241.1;Dimitri ENJALBERT;;LMP2;;IDEC SPORT RACING;LIGIER;
28;2;11;7:09.436;0;B;25.735;0;44.671;0;5:59.030;0;41.2;34:58.125;10:09:58.125;0:25.735;0:44.671;5:59.030;123.3;Dimitri ENJALBERT;;LMP2;;IDEC SPORT RACING;LIGIER;
28;1;12;2:06.918;0;;39.970;0;35.877;0;51.071;0;139.2;37:05.043;10:12:05.043;0:39.970;0:35.877;0:51.071;180.0;Paul LAFARGUE;0:04:45.243;LMP2;;IDEC SPORT RACING;LIGIER;
28;1;13;3:45.997;0;;57.269;0;1:09.383;0;1:39.345;0;78.2;40:51.040;10:15:51.040;0:57.269;1:09.383;1:39.345;78.4;Paul LAFARGUE;;LMP2;;IDEC SPORT RACING;LIGIER;
28;1;14;1:56.538;0;;34.712;0;34.960;0;46.866;0;151.6;42:47.578;10:17:47.578;0:34.712;0:34.960;0:46.866;189.8;Paul LAFARGUE;;LMP2;;IDEC SPORT RACING;LIGIER;
28;1;15;1:39.211;0;;20.980;0;32.548;0;45.683;1;178.1;44:26.789;10:19:26.789;0:20.980;0:32.548;0:45.683;266.7;Paul LAFARGUE;;LMP2;;IDEC SPORT RACING;LIGIER;
28;1;16;2:40.375;0;;20.690;2;40.041;0;1:39.644;0;110.2;47:07.164;10:22:07.164;0:20.690;0:40.041;1:39.644;267.3;Paul LAFARGUE;;LMP2;;IDEC SPORT RACING;LIGIER;
28;1;17;2:33.753;0;;56.506;0;48.862;0;48.385;0;114.9;49:40.917;10:24:40.917;0:56.506;0:48.862;0:48.385;77.2;Paul LAFARGUE;;LMP2;;IDEC SPORT RACING;LIGIER;
28;1;18;1:40.172;0;;21.240;0;32.385;0;46.547;0;176.4;51:21.089;10:26:21.089;0:21.240;0:32.385;0:46.547;266.7;Paul LAFARGUE;;LMP2;;IDEC SPORT RACING;LIGIER;
28;1;19;1:39.162;0;;20.888;0;31.987;1;46.287;0;178.2;53:00.251;10:28:00.251;0:20.888;0:31.987;0:46.287;268.0;Paul LAFARGUE;;LMP2;;IDEC SPORT RACING;LIGIER;
28;1;20;6:25.267;0;B;21.182;0;1:04.009;0;5:00.076;0;45.9;59:25.518;10:34:25.518;0:21.182;1:04.009;5:00.076;269.3;Paul LAFARGUE;;LMP2;;IDEC SPORT RACING;LIGIER;
28;0;21;2:02.854;0;;40.606;0;34.772;0;47.476;0;143.8;1:01:28.372;10:36:28.372;0:40.606;0:34.772;0:47.476;157.0;Patrice LAFARGUE;0:03:28.940;LMP2;;IDEC SPORT RACING;LIGIER;
28;0;22;1:42.812;0;;22.094;0;33.585;0;47.133;0;171.9;1:03:11.184;10:38:11.184;0:22.094;0:33.585;0:47.133;263.4;Patrice LAFARGUE;;LMP2;;IDEC SPORT RACING;LIGIER;
28;0;23;1:40.598;0;;21.773;0;32.725;0;46.100;0;175.7;1:04:51.782;10:39:51.782;0:21.773;0:32.725;0:46.100;266.0;Patrice LAFARGUE;;LMP2;;IDEC SPORT RACING;LIGIER;
28;0;24;2:26.156;0;;21.392;0;31.935;1;1:32.829;0;120.9;1:07:17.938;10:42:17.938;0:21.392;0:31.935;1:32.829;270.0;Patrice LAFARGUE;;LMP2;;IDEC SPORT RACING;LIGIER;
28;0;25;1:40.976;0;;21.476;0;32.627;0;46.873;0;175.0;1:08:58.914;10:43:58.914;0:21.476;0:32.627;0:46.873;267.3;Patrice LAFARGUE;;LMP2;;IDEC SPORT RACING;LIGIER;
28;0;26;1:39.951;0;;21.272;0;32.592;0;46.087;0;176.8;1:10:38.865;10:45:38.865;0:21.272;0:32.592;0:46.087;267.3;Patrice LAFARGUE;;LMP2;;IDEC SPORT RACING;LIGIER;
28;0;27;1:41.494;0;;21.165;1;32.279;0;48.050;0;174.1;1:12:20.359;10:47:20.359;0:21.165;0:32.279;0:48.050;269.3;Patrice LAFARGUE;;LMP2;;IDEC SPORT RACING;LIGIER;
28;0;28;1:39.421;0;;21.278;0;32.278;0;45.865;0;177.8;1:13:59.780;10:48:59.780;0:21.278;0:32.278;0:45.865;268.0;Patrice LAFARGUE;;LMP2;;IDEC SPORT RACING;LIGIER;
28;0;29;1:38.995;0;;21.251;0;32.073;0;45.671;1;178.5;1:15:38.775;10:50:38.775;0:21.251;0:32.073;0:45.671;268.0;Patrice LAFARGUE;;LMP2;;IDEC SPORT RACING;LIGIER;
28;0;30;3:46.396;0;B;22.437;0;34.285;0;2:49.674;0;78.1;1:19:25.171;10:54:25.171;0:22.437;0:34.285;2:49.674;246.0;Patrice LAFARGUE;;LMP2;;IDEC SPORT RACING;LIGIER;
28;2;31;3:12.624;0;;36.265;0;58.700;0;1:37.659;0;91.7;1:22:37.795;10:57:37.795;0:36.265;0:58.700;1:37.659;193.2;Dimitri ENJALBERT;0:02:16.817;LMP2;;IDEC SPORT RACING;LIGIER;
28;2;32;2:06.031;0;;46.855;0;33.111;0;46.065;0;140.2;1:24:43.826;10:59:43.826;0:46.855;0:33.111;0:46.065;78.8;Dimitri ENJALBERT;;LMP2;;IDEC SPORT RACING;LIGIER;
28;2;33;1:38.594;2;;21.602;0;31.649;2;45.343;2;179.2;1:26:22.420;11:01:22.420;0:21.602;0:31.649;0:45.343;267.3;Dimitri ENJALBERT;;LMP2;;IDEC SPORT RACING;LIGIER;
28;2;34;1:38.893;0;;20.787;1;32.736;0;45.370;0;178.7;1:28:01.313;11:03:01.313;0:20.787;0:32.736;0:45.370;268.0;Dimitri ENJALBERT;;LMP2;;IDEC SPORT RACING;LIGIER;
28;2;35;1:39.899;0;;21.363;0;31.884;0;46.652;0;176.9;1:29:41.212;11:04:41.212;0:21.363;0:31.884;0:46.652;270.0;Dimitri ENJALBERT;;LMP2;;IDEC SPORT RACING;LIGIER;
28;2;36;1:39.881;0;;21.263;0;31.952;0;46.666;0;176.9;1:31:21.093;11:06:21.093;0:21.263;0:31.952;0:46.666;240.5;Dimitri ENJALBERT;;LMP2;;IDEC SPORT RACING;LIGIER;
29;2;1;3:32.137;0;B;1:24.912;0;38.639;0;1:28.586;0;83.3;3:32.137;09:38:32.137;1:24.912;0:38.639;1:28.586;167.2;Léo ROUSSEL;0:00:59.421;LMP2;;Pegasus Racing;Morgan;
29;2;2;1:54.423;0;;36.078;0;32.459;0;45.886;0;154.4;5:26.560;09:40:26.560;0:36.078;0:32.459;0:45.886;192.5;Léo ROUSSEL;0:00:56.300;LMP2;;Pegasus Racing;Morgan;
29;2;3;1:37.770;0;;20.828;0;31.013;2;45.929;0;180.8;7:04.330;09:42:04.330;0:20.828;0:31.013;0:45.929;268.0;Léo ROUSSEL;;LMP2;;Pegasus Racing;Morgan;
29;2;4;4:48.279;0;B;32.971;0;1:08.169;0;3:07.139;0;61.3;11:52.609;09:46:52.609;0:32.971;1:08.169;3:07.139;270.7;Léo ROUSSEL;;LMP2;;Pegasus Racing;Morgan;
29;0;5;2:01.047;0;;38.854;0;34.116;0;48.077;0;146.0;13:53.656;09:48:53.656;0:38.854;0:34.116;0:48.077;189.1;Inès TAITTINGER;0:01:55.811;LMP2;;Pegasus Racing;Morgan;
29;0;6;1:41.615;0;;21.851;0;32.699;0;47.065;0;173.9;15:35.271;09:50:35.271;0:21.851;0:32.699;0:47.065;267.3;Inès TAITTINGER;;LMP2;;Pegasus Racing;Morgan;
29;0;7;1:41.926;0;;21.658;0;33.093;0;47.175;0;173.4;17:17.197;09:52:17.197;0:21.658;0:33.093;0:47.175;268.0;Inès TAITTINGER;;LMP2;;Pegasus Racing;Morgan;
29;0;8;1:41.749;0;;21.450;0;32.814;0;47.485;0;173.7;18:58.946;09:53:58.946;0:21.450;0:32.814;0:47.485;268.0;Inès TAITTINGER;;LMP2;;Pegasus Racing;Morgan;
29;0;9;1:41.261;0;;21.691;0;32.597;0;46.973;0;174.5;20:40.207;09:55:40.207;0:21.691;0:32.597;0:46.973;266.0;Inès TAITTINGER;;LMP2;;Pegasus Racing;Morgan;
29;0;10;1:42.253;0;;21.481;0;33.198;0;47.574;0;172.8;22:22.460;09:57:22.460;0:21.481;0:33.198;0:47.574;268.7;Inès TAITTINGER;;LMP2;;Pegasus Racing;Morgan;
29;0;11;1:43.001;0;;22.248;0;33.115;0;47.638;0;171.6;24:05.461;09:59:05.461;0:22.248;0:33.115;0:47.638;261.5;Inès TAITTINGER;;LMP2;;Pegasus Racing;Morgan;
29;0;12;1:43.478;0;;21.358;1;34.167;0;47.953;0;170.8;25:48.939;10:00:48.939;0:21.358;0:34.167;0:47.953;268.7;Inès TAITTINGER;;LMP2;;Pegasus Racing;Morgan;
29;0;13;1:41.002;0;;21.914;0;32.121;1;46.967;1;175.0;27:29.941;10:02:29.941;0:21.914;0:32.121;0:46.967;266.7;Inès TAITTINGER;;LMP2;;Pegasus Racing;Morgan;
29;0;14;17:38.201;0;B;23.673;0;32.285;0;16:42.243;0;16.7;45:08.142;10:20:08.142;0:23.673;0:32.285;16:42.243;255.3;Inès TAITTINGER;;LMP2;;Pegasus Racing;Morgan;
29;1;15;3:38.273;0;;1:05.203;0;1:09.610;0;1:23.460;0;81.0;48:46.415;10:23:46.415;1:05.203;1:09.610;1:23.460;66.0;Rémy STRIEBIG;0:15:43.049;LMP2;;Pegasus Racing;Morgan;
29;1;16;1:46.456;0;;23.030;0;35.219;0;48.207;1;166.0;50:32.871;10:25:32.871;0:23.030;0:35.219;0:48.207;251.7;Rémy STRIEBIG;;LMP2;;Pegasus Racing;Morgan;
29;1;17;1:45.803;0;;22.072;0;34.752;1;48.979;0;167.0;52:18.674;10:27:18.674;0:22.072;0:34.752;0:48.979;265.4;Rémy STRIEBIG;;LMP2;;Pegasus Racing;Morgan;
29;1;18;2:25.660;0;;22.039;0;35.975;0;1:27.646;0;121.3;54:44.334;10:29:44.334;0:22.039;0:35.975;1:27.646;266.0;Rémy STRIEBIG;;LMP2;;Pegasus Racing;Morgan;
29;1;19;3:26.151;0;;55.865;0;1:09.895;0;1:20.391;0;85.7;58:10.485;10:33:10.485;0:55.865;1:09.895;1:20.391;78.6;Rémy STRIEBIG;;LMP2;;Pegasus Racing;Morgan;
29;1;20;1:47.984;0;;23.056;0;35.511;0;49.417;0;163.7;59:58.469;10:34:58.469;0:23.056;0:35.511;0:49.417;250.0;Rémy STRIEBIG;;LMP2;;Pegasus Racing;Morgan;
29;1;21;1:47.721;0;;22.881;0;35.420;0;49.420;0;164.1;1:01:46.190;10:36:46.190;0:22.881;0:35.420;0:49.420;240.5;Rémy STRIEBIG;;LMP2;;Pegasus Racing;Morgan;
29;1;22;13:05.663;0;B;21.819;1;35.333;0;12:08.511;0;22.5;1:14:51.853;10:49:51.853;0:21.819;0:35.333;12:08.511;261.5;Rémy STRIEBIG;;LMP2;;Pegasus Racing;Morgan;
29;2;23;1:54.260;0;;36.689;0;32.288;0;45.283;0;154.7;1:16:46.113;10:51:46.113;0:36.689;0:32.288;0:45.283;190.1;Léo ROUSSEL;0:11:34.725;LMP2;;Pegasus Racing;Morgan;
29;2;24;1:37.733;0;;20.861;0;31.261;0;45.611;0;180.8;1:18:23.846;10:53:23.846;0:20.861;0:31.261;0:45.611;266.0;Léo ROUSSEL;;LMP2;;Pegasus Racing;Morgan;
29;2;25;1:37.494;2;;20.549;0;32.135;0;44.810;2;181.3;1:20:01.340;10:55:01.340;0:20.549;0:32.135;0:44.810;267.3;Léo ROUSSEL;;LMP2;;Pegasus Racing;Morgan;
29;2;26;4:51.375;0;B;27.686;0;1:08.400;0;3:15.289;0;60.7;1:24:52.715;10:59:52.715;0:27.686;1:08.400;3:15.289;268.0;Léo ROUSSEL;;LMP2;;Pegasus Racing;Morgan;
29;2;27;1:53.053;0;;35.724;0;32.257;0;45.072;0;156.3;1:26:45.768;11:01:45.768;0:35.724;0:32.257;0:45.072;188.8;Léo ROUSSEL;0:02:04.435;LMP2;;Pegasus Racing;Morgan;
29;2;28;1:41.246;0;;20.828;0;34.799;0;45.619;0;174.5;1:28:27.014;11:03:27.014;0:20.828;0:34.799;0:45.619;268.0;Léo ROUSSEL;;LMP2;;Pegasus Racing;Morgan;
29;2;29;1:38.622;0;;20.537;2;32.841;0;45.244;0;179.2;1:30:05.636;11:05:05.636;0:20.537;0:32.841;0:45.244;267.3;Léo ROUSSEL;;LMP2;;Pegasus Racing;Morgan;
3;0;1;11:13.944;0;B;;0;;0;;0;26.2;11:13.944;09:46:13.944;;;;;Mark PATTERSON;;LMP3;;UNITED AUTOSPORTS;LIGIER;
3;1;2;2:00.963;0;;37.407;0;34.958;0;48.598;0;146.1;13:14.907;09:48:14.907;0:37.407;0:34.958;0:48.598;183.4;Matthew BELL;;LMP3;;UNITED AUTOSPORTS;LIGIER;
3;1;3;1:45.765;0;;22.795;0;35.664;0;47.306;0;167.1;15:00.672;09:50:00.672;0:22.795;0:35.664;0:47.306;254.1;Matthew BELL;;LMP3;;UNITED AUTOSPORTS;LIGIER;
3;1;4;1:42.378;0;;22.007;1;32.781;0;47.590;0;172.6;16:43.050;09:51:43.050;0:22.007;0:32.781;0:47.590;255.3;Matthew BELL;;LMP3;;UNITED AUTOSPORTS;LIGIER;
3;1;5;1:41.889;0;;22.109;0;32.851;0;46.929;1;173.4;18:24.939;09:53:24.939;0:22.109;0:32.851;0:46.929;257.1;Matthew BELL;;LMP3;;UNITED AUTOSPORTS;LIGIER;
3;1;6;4:30.951;0;B;23.423;0;32.590;1;3:34.938;0;65.2;22:55.890;09:57:55.890;0:23.423;0:32.590;3:34.938;257.1;Matthew BELL;;LMP3;;UNITED AUTOSPORTS;LIGIER;
3;0;7;2:08.041;0;;40.842;0;36.713;0;50.486;0;138.0;25:03.931;10:00:03.931;0:40.842;0:36.713;0:50.486;157.0;Mark PATTERSON;0:03:04.502;LMP3;;UNITED AUTOSPORTS;LIGIER;
3;0;8;1:46.934;0;;22.977;0;34.924;0;49.033;0;165.3;26:50.865;10:01:50.865;0:22.977;0:34.924;0:49.033;255.9;Mark PATTERSON;;LMP3;;UNITED AUTOSPORTS;LIGIER;
3;0;9;1:44.506;0;;22.468;0;33.556;1;48.482;0;169.1;28:35.371;10:03:35.371;0:22.468;0:33.556;0:48.482;255.9;Mark PATTERSON;;LMP3;;UNITED AUTOSPORTS;LIGIER;
3;0;10;6:13.902;0;B;28.550;0;1:07.539;0;4:37.813;0;47.3;34:49.273;10:09:49.273;0:28.550;1:07.539;4:37.813;191.2;Mark PATTERSON;;LMP3;;UNITED AUTOSPORTS;LIGIER;
3;0;11;6:48.010;0;B;38.368;0;34.299;0;5:35.343;0;43.3;41:37.283;10:16:37.283;0:38.368;0:34.299;5:35.343;177.3;Mark PATTERSON;0:03:24.020;LMP3;;UNITED AUTOSPORTS;LIGIER;
3;0;12;2:01.080;0;;38.283;0;34.357;0;48.440;1;146.0;43:38.363;10:18:38.363;0:38.283;0:34.357;0:48.440;166.4;Mark PATTERSON;0:05:01.300;LMP3;;UNITED AUTOSPORTS;LIGIER;
3;0;13;1:48.555;0;;22.269;1;33.593;0;52.693;0;162.8;45:26.918;10:20:26.918;0:22.269;0:33.593;0:52.693;257.8;Mark PATTERSON;;LMP3;;UNITED AUTOSPORTS;LIGIER;
3;0;14;3:28.865;0;;1:02.423;0;1:10.242;0;1:16.200;0;84.6;48:55.783;10:23:55.783;1:02.423;1:10.242;1:16.200;71.7;Mark PATTERSON;;LMP3;;UNITED AUTOSPORTS;LIGIER;
3;0;15;1:46.136;0;;22.810;0;34.547;0;48.779;0;166.5;50:41.919;10:25:41.919;0:22.810;0:34.547;0:48.779;252.3;Mark PATTERSON;;LMP3;;UNITED AUTOSPORTS;LIGIER;
3;0;16;7:42.932;0;B;24.142;0;36.441;0;6:42.349;0;38.2;58:24.851;10:33:24.851;0:24.142;0:36.441;6:42.349;262.1;Mark PATTERSON;;LMP3;;UNITED AUTOSPORTS;LIGIER;
3;2;17;2:03.022;0;;37.326;0;34.777;0;50.919;0;143.7;1:00:27.873;10:35:27.873;0:37.326;0:34.777;0:50.919;184.9;Wayne BOYD;0:06:08.238;LMP3;;UNITED AUTOSPORTS;LIGIER;
3;2;18;1:40.843;2;;21.567;0;32.523;0;46.753;2;175.2;1:02:08.716;10:37:08.716;0:21.567;0:32.523;0:46.753;257.8;Wayne BOYD;;LMP3;;UNITED AUTOSPORTS;LIGIER;
3;2;19;1:41.083;0;;21.427;2;32.300;2;47.356;0;174.8;1:03:49.799;10:38:49.799;0:21.427;0:32.300;0:47.356;258.4;Wayne BOYD;;LMP3;;UNITED AUTOSPORTS;LIGIER;
32;1;1;2:50.699;0;;1:24.336;0;37.614;0;48.749;0;103.5;2:50.699;09:37:50.699;1:24.336;0:37.614;0:48.749;130.1;Julian LEAL;0:00:55.647;LMP2;;SMP Racing;BR;
32;1;2;1:40.844;0;;21.795;0;32.544;0;46.505;0;175.2;4:31.543;09:39:31.543;0:21.795;0:32.544;0:46.505;267.3;Julian LEAL;;LMP2;;SMP Racing;BR;
32;1;3;1:41.270;0;;21.193;0;33.028;0;47.049;0;174.5;6:12.813;09:41:12.813;0:21.193;0:33.028;0:47.049;267.3;Julian LEAL;;LMP2;;SMP Racing;BR;
32;1;4;2:00.638;0;;20.860;0;31.379;0;1:08.399;0;146.5;8:13.451;09:43:13.451;0:20.860;0:31.379;1:08.399;266.0;Julian LEAL;;LMP2;;SMP Racing;BR;
32;1;5;2:43.261;0;;56.160;0;1:00.071;0;47.030;0;108.2;10:56.712;09:45:56.712;0:56.160;1:00.071;0:47.030;78.5;Julian LEAL;;LMP2;;SMP Racing;BR;
32;1;6;1:37.293;0;;20.851;0;31.413;0;45.029;0;181.6;12:34.005;09:47:34.005;0:20.851;0:31.413;0:45.029;262.8;Julian LEAL;;LMP2;;SMP Racing;BR;
32;1;7;1:38.920;0;;20.852;0;32.445;0;45.623;0;178.7;14:12.925;09:49:12.925;0:20.852;0:32.445;0:45.623;265.4;Julian LEAL;;LMP2;;SMP Racing;BR;
32;1;8;1:37.343;0;;20.904;0;31.337;0;45.102;0;181.5;15:50.268;09:50:50.268;0:20.904;0:31.337;0:45.102;265.4;Julian LEAL;;LMP2;;SMP Racing;BR;
32;1;9;1:37.227;0;;20.549;0;31.271;0;45.407;0;181.8;17:27.495;09:52:27.495;0:20.549;0:31.271;0:45.407;267.3;Julian LEAL;;LMP2;;SMP Racing;BR;
32;1;10;1:37.852;0;;20.694;0;31.630;0;45.528;0;180.6;19:05.347;09:54:05.347;0:20.694;0:31.630;0:45.528;268.0;Julian LEAL;;LMP2;;SMP Racing;BR;
32;1;11;1:37.098;0;;20.611;0;31.382;0;45.105;0;182.0;20:42.445;09:55:42.445;0:20.611;0:31.382;0:45.105;268.7;Julian LEAL;;LMP2;;SMP Racing;BR;
32;1;12;1:40.279;0;;20.569;0;32.453;0;47.257;0;176.2;22:22.724;09:57:22.724;0:20.569;0:32.453;0:47.257;268.0;Julian LEAL;;LMP2;;SMP Racing;BR;
32;1;13;1:39.926;0;;20.881;0;32.299;0;46.746;0;176.9;24:02.650;09:59:02.650;0:20.881;0:32.299;0:46.746;271.4;Julian LEAL;;LMP2;;SMP Racing;BR;
32;1;14;1:37.623;0;;20.483;1;31.103;1;46.037;0;181.0;25:40.273;10:00:40.273;0:20.483;0:31.103;0:46.037;269.3;Julian LEAL;;LMP2;;SMP Racing;BR;
32;1;15;1:36.923;0;;20.582;0;31.464;0;44.877;1;182.3;27:17.196;10:02:17.196;0:20.582;0:31.464;0:44.877;268.0;Julian LEAL;;LMP2;;SMP Racing;BR;
32;1;16;7:05.305;0;B;20.683;0;31.238;0;6:13.384;0;41.6;34:22.501;10:09:22.501;0:20.683;0:31.238;6:13.384;268.0;Julian LEAL;;LMP2;;SMP Racing;BR;
32;2;17;1:59.059;0;;38.152;0;33.782;0;47.125;0;148.4;36:21.560;10:11:21.560;0:38.152;0:33.782;0:47.125;186.2;Andreas WIRTH;0:05:45.412;LMP2;;SMP Racing;BR;
32;2;18;3:01.855;0;;22.645;0;1:00.179;0;1:39.031;0;97.2;39:23.415;10:14:23.415;0:22.645;1:00.179;1:39.031;268.0;Andreas WIRTH;;LMP2;;SMP Racing;BR;
32;2;19;2:39.883;0;;56.229;0;56.451;0;47.203;0;110.5;42:03.298;10:17:03.298;0:56.229;0:56.451;0:47.203;78.6;Andreas WIRTH;;LMP2;;SMP Racing;BR;
32;2;20;1:39.520;0;;21.227;0;32.079;0;46.214;0;177.6;43:42.818;10:18:42.818;0:21.227;0:32.079;0:46.214;266.0;Andreas WIRTH;;LMP2;;SMP Racing;BR;
32;2;21;1:52.832;0;;20.763;0;31.768;0;1:00.301;0;156.6;45:35.650;10:20:35.650;0:20.763;0:31.768;1:00.301;269.3;Andreas WIRTH;;LMP2;;SMP Racing;BR;
32;2;22;3:19.944;0;;55.986;0;1:08.998;0;1:14.960;0;88.4;48:55.594;10:23:55.594;0:55.986;1:08.998;1:14.960;78.7;Andreas WIRTH;;LMP2;;SMP Racing;BR;
32;2;23;1:40.507;0;;22.169;0;32.349;0;45.989;0;175.8;50:36.101;10:25:36.101;0:22.169;0:32.349;0:45.989;252.9;Andreas WIRTH;;LMP2;;SMP Racing;BR;
32;2;24;1:41.498;0;;21.494;0;32.636;0;47.368;0;174.1;52:17.599;10:27:17.599;0:21.494;0:32.636;0:47.368;273.4;Andreas WIRTH;;LMP2;;SMP Racing;BR;
32;2;25;2:19.128;0;;20.773;0;33.550;0;1:24.805;0;127.0;54:36.727;10:29:36.727;0:20.773;0:33.550;1:24.805;269.3;Andreas WIRTH;;LMP2;;SMP Racing;BR;
32;2;26;3:25.099;0;;56.074;0;1:08.992;0;1:20.033;0;86.2;58:01.826;10:33:01.826;0:56.074;1:08.992;1:20.033;78.8;Andreas WIRTH;;LMP2;;SMP Racing;BR;
32;2;27;1:42.100;0;;21.673;0;32.822;0;47.605;0;173.1;59:43.926;10:34:43.926;0:21.673;0:32.822;0:47.605;254.1;Andreas WIRTH;;LMP2;;SMP Racing;BR;
32;2;28;1:41.034;0;;22.556;0;32.615;0;45.863;0;174.9;1:01:24.960;10:36:24.960;0:22.556;0:32.615;0:45.863;238.9;Andreas WIRTH;;LMP2;;SMP Racing;BR;
32;2;29;1:37.784;0;;20.718;0;31.335;0;45.731;1;180.7;1:03:02.744;10:38:02.744;0:20.718;0:31.335;0:45.731;267.3;Andreas WIRTH;;LMP2;;SMP Racing;BR;
32;2;30;2:40.433;0;B;20.682;1;31.129;1;1:48.622;0;110.2;1:05:43.177;10:40:43.177;0:20.682;0:31.129;1:48.622;267.3;Andreas WIRTH;;LMP2;;SMP Racing;BR;
32;0;31;1:54.818;0;;36.805;0;32.206;0;45.807;0;153.9;1:07:37.995;10:42:37.995;0:36.805;0:32.206;0:45.807;192.2;Stefano COLETTI;0:01:19.566;LMP2;;SMP Racing;BR;
32;0;32;1:38.373;0;;20.902;0;31.027;2;46.444;0;179.6;1:09:16.368;10:44:16.368;0:20.902;0:31.027;0:46.444;265.4;Stefano COLETTI;;LMP2;;SMP Racing;BR;
32;0;33;1:40.087;0;;20.870;0;33.684;0;45.533;0;176.6;1:10:56.455;10:45:56.455;0:20.870;0:33.684;0:45.533;265.4;Stefano COLETTI;;LMP2;;SMP Racing;BR;
32;0;34;1:37.087;0;;20.928;0;31.202;0;44.957;0;182.0;1:12:33.542;10:47:33.542;0:20.928;0:31.202;0:44.957;267.3;Stefano COLETTI;;LMP2;;SMP Racing;BR;
32;0;35;2:35.573;0;B;21.356;0;33.036;0;1:41.181;0;113.6;1:15:09.115;10:50:09.115;0:21.356;0:33.036;1:41.181;259.6;Stefano COLETTI;;LMP2;;SMP Racing;BR;
32;0;36;1:53.558;0;;35.826;0;33.043;0;44.689;2;155.6;1:17:02.673;10:52:02.673;0:35.826;0:33.043;0:44.689;194.6;Stefano COLETTI;0:01:11.929;LMP2;;SMP Racing;BR;
32;0;37;1:36.648;2;;20.504;0;31.403;0;44.741;0;182.9;1:18:39.321;10:53:39.321;0:20.504;0:31.403;0:44.741;269.3;Stefano COLETTI;;LMP2;;SMP Racing;BR;
33;2;1;1:49.290;0;;30.107;0;33.672;0;45.511;0;161.7;1:49.290;09:36:49.290;0:30.107;0:33.672;0:45.511;193.9;Tristan GOMMENDY;0:00:07.490;LMP2;;EURASIA MOTORSPORT;Oreca;
33;2;2;1:39.180;0;;20.655;0;32.568;0;45.957;0;178.2;3:28.470;09:38:28.470;0:20.655;0:32.568;0:45.957;266.7;Tristan GOMMENDY;;LMP2;;EURASIA MOTORSPORT;Oreca;
33;2;3;1:39.058;0;;20.672;0;32.325;0;46.061;0;178.4;5:07.528;09:40:07.528;0:20.672;0:32.325;0:46.061;270.0;Tristan GOMMENDY;;LMP2;;EURASIA MOTORSPORT;Oreca;
33;2;4;1:38.293;0;;20.501;0;30.857;0;46.935;0;179.8;6:45.821;09:41:45.821;0:20.501;0:30.857;0:46.935;270.0;Tristan GOMMENDY;;LMP2;;EURASIA MOTORSPORT;Oreca;
33;2;5;3:03.991;0;B;20.376;0;57.334;0;1:46.281;0;96.1;9:49.812;09:44:49.812;0:20.376;0:57.334;1:46.281;272.7;Tristan GOMMENDY;;LMP2;;EURASIA MOTORSPORT;Oreca;
33;0;6;3:16.658;0;;1:57.080;0;33.119;0;46.459;0;89.9;13:06.470;09:48:06.470;1:57.080;0:33.119;0:46.459;136.5;Pu JUNJIN;0:01:48.897;LMP2;;EURASIA MOTORSPORT;Oreca;
33;0;7;1:39.695;0;;20.932;0;33.325;0;45.438;0;177.3;14:46.165;09:49:46.165;0:20.932;0:33.325;0:45.438;268.7;Pu JUNJIN;;LMP2;;EURASIA MOTORSPORT;Oreca;
33;0;8;1:37.012;0;;20.607;0;31.321;0;45.084;0;182.2;16:23.177;09:51:23.177;0:20.607;0:31.321;0:45.084;270.0;Pu JUNJIN;;LMP2;;EURASIA MOTORSPORT;Oreca;
33;0;9;1:37.155;0;;20.758;0;31.362;0;45.035;0;181.9;18:00.332;09:53:00.332;0:20.758;0:31.362;0:45.035;270.7;Pu JUNJIN;;LMP2;;EURASIA MOTORSPORT;Oreca;
33;0;10;1:37.619;0;;20.633;0;31.510;0;45.476;0;181.0;19:37.951;09:54:37.951;0:20.633;0:31.510;0:45.476;273.4;Pu JUNJIN;;LMP2;;EURASIA MOTORSPORT;Oreca;
33;0;11;1:37.387;0;;20.571;0;31.394;0;45.422;0;181.5;21:15.338;09:56:15.338;0:20.571;0:31.394;0:45.422;271.4;Pu JUNJIN;;LMP2;;EURASIA MOTORSPORT;Oreca;
33;0;12;1:36.488;0;;20.588;0;30.956;0;44.944;0;183.2;22:51.826;09:57:51.826;0:20.588;0:30.956;0:44.944;271.4;Pu JUNJIN;;LMP2;;EURASIA MOTORSPORT;Oreca;
33;0;13;1:36.060;0;;20.364;1;30.931;1;44.765;1;184.0;24:27.886;09:59:27.886;0:20.364;0:30.931;0:44.765;272.7;Pu JUNJIN;;LMP2;;EURASIA MOTORSPORT;Oreca;
33;0;14;1:39.560;0;;20.449;0;32.637;0;46.474;0;177.5;26:07.446;10:01:07.446;0:20.449;0:32.637;0:46.474;271.4;Pu JUNJIN;;LMP2;;EURASIA MOTORSPORT;Oreca;
33;0;15;1:40.005;0;;20.888;0;33.414;0;45.703;0;176.7;27:47.451;10:02:47.451;0:20.888;0:33.414;0:45.703;268.0;Pu JUNJIN;;LMP2;;EURASIA MOTORSPORT;Oreca;
33;0;16;3:16.517;0;B;26.874;0;47.769;0;2:01.874;0;89.9;31:03.968;10:06:03.968;0:26.874;0:47.769;2:01.874;124.3;Pu JUNJIN;;LMP2;;EURASIA MOTORSPORT;Oreca;
33;1;17;9:01.902;0;;6:13.554;0;1:09.080;0;1:39.268;0;32.6;40:05.870;10:15:05.870;6:13.554;1:09.080;1:39.268;139.0;Nico PIETER DE BRUIJN;0:06:07.571;LMP2;;EURASIA MOTORSPORT;Oreca;
33;1;18;2:17.270;0;;56.412;0;34.214;0;46.644;0;128.7;42:23.140;10:17:23.140;0:56.412;0:34.214;0:46.644;78.4;Nico PIETER DE BRUIJN;;LMP2;;EURASIA MOTORSPORT;Oreca;
33;1;19;1:36.173;0;;20.504;0;30.815;0;44.854;0;183.8;43:59.313;10:18:59.313;0:20.504;0:30.815;0:44.854;271.4;Nico PIETER DE BRUIJN;;LMP2;;EURASIA MOTORSPORT;Oreca;
33;1;20;2:10.636;0;B;21.338;0;32.485;0;1:16.813;0;135.3;46:09.949;10:21:09.949;0:21.338;0:32.485;1:16.813;275.5;Nico PIETER DE BRUIJN;;LMP2;;EURASIA MOTORSPORT;Oreca;
33;1;21;4:10.031;0;;2:49.169;0;34.093;0;46.769;0;70.7;50:19.980;10:25:19.980;2:49.169;0:34.093;0:46.769;199.6;Nico PIETER DE BRUIJN;0:02:47.682;LMP2;;EURASIA MOTORSPORT;Oreca;
33;1;22;1:38.263;0;;21.810;0;31.313;0;45.140;0;179.8;51:58.243;10:26:58.243;0:21.810;0:31.313;0:45.140;272.0;Nico PIETER DE BRUIJN;;LMP2;;EURASIA MOTORSPORT;Oreca;
33;1;23;1:37.269;0;;20.338;0;31.440;0;45.491;0;181.7;53:35.512;10:28:35.512;0:20.338;0:31.440;0:45.491;272.0;Nico PIETER DE BRUIJN;;LMP2;;EURASIA MOTORSPORT;Oreca;
33;1;24;3:36.813;0;;48.842;0;1:09.146;0;1:38.825;0;81.5;57:12.325;10:32:12.325;0:48.842;1:09.146;1:38.825;78.9;Nico PIETER DE BRUIJN;;LMP2;;EURASIA MOTORSPORT;Oreca;
33;1;25;2:00.032;0;;44.400;0;31.122;0;44.510;0;147.2;59:12.357;10:34:12.357;0:44.400;0:31.122;0:44.510;78.1;Nico PIETER DE BRUIJN;;LMP2;;EURASIA MOTORSPORT;Oreca;
33;1;26;1:36.470;0;;20.328;0;30.864;0;45.278;0;183.2;1:00:48.827;10:35:48.827;0:20.328;0:30.864;0:45.278;272.0;Nico PIETER DE BRUIJN;;LMP2;;EURASIA MOTORSPORT;Oreca;
33;1;27;1:36.075;0;;20.215;0;31.288;0;44.572;0;183.9;1:02:24.902;10:37:24.902;0:20.215;0:31.288;0:44.572;274.1;Nico PIETER DE BRUIJN;;LMP2;;EURASIA MOTORSPORT;Oreca;
33;1;28;1:35.123;0;;20.261;0;30.475;1;44.387;1;185.8;1:04:00.025;10:39:00.025;0:20.261;0:30.475;0:44.387;272.7;Nico PIETER DE BRUIJN;;LMP2;;EURASIA MOTORSPORT;Oreca;
33;1;29;1:54.738;0;B;20.214;1;30.853;0;1:03.671;0;154.0;1:05:54.763;10:40:54.763;0:20.214;0:30.853;1:03.671;274.1;Nico PIETER DE BRUIJN;;LMP2;;EURASIA MOTORSPORT;Oreca;
33;2;30;2:53.322;0;;1:36.492;0;31.681;0;45.149;0;102.0;1:08:48.085;10:43:48.085;1:36.492;0:31.681;0:45.149;200.4;Tristan GOMMENDY;0:01:34.872;LMP2;;EURASIA MOTORSPORT;Oreca;
33;2;31;1:38.173;0;;20.327;0;31.917;0;45.929;0;180.0;1:10:26.258;10:45:26.258;0:20.327;0:31.917;0:45.929;272.0;Tristan GOMMENDY;;LMP2;;EURASIA MOTORSPORT;Oreca;
33;2;32;1:37.988;0;;21.206;0;31.712;0;45.070;0;180.4;1:12:04.246;10:47:04.246;0:21.206;0:31.712;0:45.070;268.0;Tristan GOMMENDY;;LMP2;;EURASIA MOTORSPORT;Oreca;
33;2;33;1:40.077;0;;22.012;0;32.409;0;45.656;0;176.6;1:13:44.323;10:48:44.323;0:22.012;0:32.409;0:45.656;243.8;Tristan GOMMENDY;;LMP2;;EURASIA MOTORSPORT;Oreca;
33;2;34;1:35.426;0;;20.409;0;30.609;0;44.408;0;185.2;1:15:19.749;10:50:19.749;0:20.409;0:30.609;0:44.408;271.4;Tristan GOMMENDY;;LMP2;;EURASIA MOTORSPORT;Oreca;
33;2;35;1:36.707;0;;20.279;0;31.348;0;45.080;0;182.7;1:16:56.456;10:51:56.456;0:20.279;0:31.348;0:45.080;273.4;Tristan GOMMENDY;;LMP2;;EURASIA MOTORSPORT;Oreca;
33;2;36;1:34.971;2;;20.328;0;30.323;2;44.320;2;186.1;1:18:31.427;10:53:31.427;0:20.328;0:30.323;0:44.320;272.7;Tristan GOMMENDY;;LMP2;;EURASIA MOTORSPORT;Oreca;
33;2;37;1:36.742;0;;20.129;2;31.734;0;44.879;0;182.7;1:20:08.169;10:55:08.169;0:20.129;0:31.734;0:44.879;273.4;Tristan GOMMENDY;;LMP2;;EURASIA MOTORSPORT;Oreca;
33;2;38;3:18.711;0;;40.129;0;1:08.666;0;1:29.916;0;88.9;1:23:26.880;10:58:26.880;0:40.129;1:08.666;1:29.916;153.0;Tristan GOMMENDY;;LMP2;;EURASIA MOTORSPORT;Oreca;
33;2;39;1:39.653;0;;21.479;0;32.875;0;45.299;0;177.3;1:25:06.533;11:00:06.533;0:21.479;0:32.875;0:45.299;258.4;Tristan GOMMENDY;;LMP2;;EURASIA MOTORSPORT;Oreca;
33;2;40;1:37.558;0;;21.153;0;31.007;0;45.398;0;181.1;1:26:44.091;11:01:44.091;0:21.153;0:31.007;0:45.398;243.2;Tristan GOMMENDY;;LMP2;;EURASIA MOTORSPORT;Oreca;
33;2;41;3:24.812;0;B;22.037;0;44.865;0;2:17.910;0;86.3;1:30:08.903;11:05:08.903;0:22.037;0:44.865;2:17.910;274.1;Tristan GOMMENDY;;LMP2;;EURASIA MOTORSPORT;Oreca;
34;1;1;1:57.552;0;;34.675;0;34.008;0;48.869;0;150.3;1:57.552;09:36:57.552;0:34.675;0:34.008;0:48.869;178.2;James WINSLOW;0:00:09.957;LMP2;;RACE PERFORMANCE;Oreca;
34;1;2;1:43.582;0;;21.870;0;33.965;0;47.747;0;170.6;3:41.134;09:38:41.134;0:21.870;0:33.965;0:47.747;260.2;James WINSLOW;;LMP2;;RACE PERFORMANCE;Oreca;
34;1;3;1:43.504;0;;21.500;0;34.866;0;47.138;0;170.7;5:24.638;09:40:24.638;0:21.500;0:34.866;0:47.138;262.8;James WINSLOW;;LMP2;;RACE PERFORMANCE;Oreca;
34;1;4;1:39.530;0;;21.405;0;32.059;0;46.066;0;177.6;7:04.168;09:42:04.168;0:21.405;0:32.059;0:46.066;263.4;James WINSLOW;;LMP2;;RACE PERFORMANCE;Oreca;
34;1;5;3:32.152;0;B;33.711;0;1:10.143;0;1:48.298;0;83.3;10:36.320;09:45:36.320;0:33.711;1:10.143;1:48.298;265.4;James WINSLOW;;LMP2;;RACE PERFORMANCE;Oreca;
34;1;6;4:12.787;0;;2:50.435;0;34.402;0;47.950;0;69.9;14:49.107;09:49:49.107;2:50.435;0:34.402;0:47.950;189.5;James WINSLOW;0:02:51.010;LMP2;;RACE PERFORMANCE;Oreca;
34;1;7;1:37.991;0;;20.923;0;31.561;0;45.507;0;180.3;16:27.098;09:51:27.098;0:20.923;0:31.561;0:45.507;262.8;James WINSLOW;;LMP2;;RACE PERFORMANCE;Oreca;
34;1;8;1:36.811;2;;20.740;0;30.994;2;45.077;2;182.5;18:03.909;09:53:03.909;0:20.740;0:30.994;0:45.077;264.1;James WINSLOW;;LMP2;;RACE PERFORMANCE;Oreca;
34;1;9;1:37.073;0;;20.697;2;31.155;0;45.221;0;182.1;19:40.982;09:54:40.982;0:20.697;0:31.155;0:45.221;265.4;James WINSLOW;;LMP2;;RACE PERFORMANCE;Oreca;
34;1;10;1:39.995;0;;20.821;0;31.472;0;47.702;0;176.7;21:20.977;09:56:20.977;0:20.821;0:31.472;0:47.702;266.7;James WINSLOW;;LMP2;;RACE PERFORMANCE;Oreca;
34;1;11;1:38.359;0;;20.715;0;31.507;0;46.137;0;179.7;22:59.336;09:57:59.336;0:20.715;0:31.507;0:46.137;266.0;James WINSLOW;;LMP2;;RACE PERFORMANCE;Oreca;
34;1;12;1:37.772;0;;20.908;0;31.293;0;45.571;0;180.8;24:37.108;09:59:37.108;0:20.908;0:31.293;0:45.571;266.7;James WINSLOW;;LMP2;;RACE PERFORMANCE;Oreca;
34;1;13;2:06.340;0;B;25.243;0;34.226;0;1:06.871;0;139.9;26:43.448;10:01:43.448;0:25.243;0:34.226;1:06.871;239.5;James WINSLOW;;LMP2;;RACE PERFORMANCE;Oreca;
34;2;14;9:58.016;0;;8:35.880;0;34.048;0;48.088;0;29.6;36:41.464;10:11:41.464;8:35.880;0:34.048;0:48.088;186.5;Shinji NAKANO;0:08:33.366;LMP2;;RACE PERFORMANCE;Oreca;
34;2;15;3:33.922;0;;40.223;0;1:12.114;0;1:41.585;0;82.6;40:15.386;10:15:15.386;0:40.223;1:12.114;1:41.585;167.7;Shinji NAKANO;;LMP2;;RACE PERFORMANCE;Oreca;
34;2;16;2:13.750;0;;52.164;0;34.370;0;47.216;0;132.1;42:29.136;10:17:29.136;0:52.164;0:34.370;0:47.216;78.9;Shinji NAKANO;;LMP2;;RACE PERFORMANCE;Oreca;
34;2;17;1:39.901;0;;21.518;0;32.349;0;46.034;1;176.9;44:09.037;10:19:09.037;0:21.518;0:32.349;0:46.034;264.7;Shinji NAKANO;;LMP2;;RACE PERFORMANCE;Oreca;
34;2;18;2:18.711;0;;21.008;0;32.072;1;1:25.631;0;127.4;46:27.748;10:21:27.748;0:21.008;0:32.072;1:25.631;265.4;Shinji NAKANO;;LMP2;;RACE PERFORMANCE;Oreca;
34;2;19;2:53.938;0;;56.511;0;1:08.809;0;48.618;0;101.6;49:21.686;10:24:21.686;0:56.511;1:08.809;0:48.618;78.4;Shinji NAKANO;;LMP2;;RACE PERFORMANCE;Oreca;
34;2;20;1:41.527;0;;22.096;0;32.981;0;46.450;0;174.1;51:03.213;10:26:03.213;0:22.096;0:32.981;0:46.450;264.7;Shinji NAKANO;;LMP2;;RACE PERFORMANCE;Oreca;
34;2;21;1:41.700;0;;21.148;0;33.483;0;47.069;0;173.8;52:44.913;10:27:44.913;0:21.148;0:33.483;0:47.069;264.7;Shinji NAKANO;;LMP2;;RACE PERFORMANCE;Oreca;
34;2;22;2:43.359;0;;20.895;1;44.105;0;1:38.359;0;108.2;55:28.272;10:30:28.272;0:20.895;0:44.105;1:38.359;266.7;Shinji NAKANO;;LMP2;;RACE PERFORMANCE;Oreca;
34;2;23;3:01.472;0;;55.973;0;1:09.120;0;56.379;0;97.4;58:29.744;10:33:29.744;0:55.973;1:09.120;0:56.379;79.0;Shinji NAKANO;;LMP2;;RACE PERFORMANCE;Oreca;
34;2;24;1:43.039;0;;22.320;0;33.348;0;47.371;0;171.5;1:00:12.783;10:35:12.783;0:22.320;0:33.348;0:47.371;263.4;Shinji NAKANO;;LMP2;;RACE PERFORMANCE;Oreca;
34;2;25;1:44.475;0;;21.810;0;34.161;0;48.504;0;169.2;1:01:57.258;10:36:57.258;0:21.810;0:34.161;0:48.504;266.0;Shinji NAKANO;;LMP2;;RACE PERFORMANCE;Oreca;
34;2;26;1:41.333;0;;21.568;0;33.433;0;46.332;0;174.4;1:03:38.591;10:38:38.591;0:21.568;0:33.433;0:46.332;265.4;Shinji NAKANO;;LMP2;;RACE PERFORMANCE;Oreca;
34;2;27;2:01.515;0;B;21.407;0;33.067;0;1:07.041;0;145.4;1:05:40.106;10:40:40.106;0:21.407;0:33.067;1:07.041;264.7;Shinji NAKANO;;LMP2;;RACE PERFORMANCE;Oreca;
34;0;28;4:23.893;0;;3:03.110;0;33.291;0;47.492;0;67.0;1:10:03.999;10:45:03.999;3:03.110;0:33.291;0:47.492;186.2;Nicolas LEUTWILER;0:02:59.686;LMP2;;RACE PERFORMANCE;Oreca;
34;0;29;1:39.874;0;;21.500;0;31.935;0;46.439;0;176.9;1:11:43.873;10:46:43.873;0:21.500;0:31.935;0:46.439;260.9;Nicolas LEUTWILER;;LMP2;;RACE PERFORMANCE;Oreca;
34;0;30;1:38.805;0;;21.094;0;31.589;1;46.122;1;178.9;1:13:22.678;10:48:22.678;0:21.094;0:31.589;0:46.122;260.2;Nicolas LEUTWILER;;LMP2;;RACE PERFORMANCE;Oreca;
34;0;31;1:41.725;0;;21.204;0;33.614;0;46.907;0;173.7;1:15:04.403;10:50:04.403;0:21.204;0:33.614;0:46.907;261.5;Nicolas LEUTWILER;;LMP2;;RACE PERFORMANCE;Oreca;
34;0;32;1:40.240;0;;21.124;0;31.991;0;47.125;0;176.3;1:16:44.643;10:51:44.643;0:21.124;0:31.991;0:47.125;262.1;Nicolas LEUTWILER;;LMP2;;RACE PERFORMANCE;Oreca;
34;0;33;1:40.094;0;;21.233;0;31.969;0;46.892;0;176.6;1:18:24.737;10:53:24.737;0:21.233;0:31.969;0:46.892;260.9;Nicolas LEUTWILER;;LMP2;;RACE PERFORMANCE;Oreca;
34;0;34;1:39.681;0;;21.300;0;31.924;0;46.457;0;177.3;1:20:04.418;10:55:04.418;0:21.300;0:31.924;0:46.457;264.7;Nicolas LEUTWILER;;LMP2;;RACE PERFORMANCE;Oreca;
34;0;35;3:17.496;0;;37.468;0;1:08.130;0;1:31.898;0;89.5;1:23:21.914;10:58:21.914;0:37.468;1:08.130;1:31.898;263.4;Nicolas LEUTWILER;;LMP2;;RACE PERFORMANCE;Oreca;
34;0;36;1:44.304;0;;23.853;0;33.182;0;47.269;0;169.4;1:25:06.218;11:00:06.218;0:23.853;0:33.182;0:47.269;241.1;Nicolas LEUTWILER;;LMP2;;RACE PERFORMANCE;Oreca;
34;0;37;1:40.913;0;;21.395;0;32.819;0;46.699;0;175.1;1:26:47.131;11:01:47.131;0:21.395;0:32.819;0:46.699;264.1;Nicolas LEUTWILER;;LMP2;;RACE PERFORMANCE;Oreca;
34;0;38;1:41.454;0;;21.062;0;33.668;0;46.724;0;174.2;1:28:28.585;11:03:28.585;0:21.062;0:33.668;0:46.724;264.1;Nicolas LEUTWILER;;LMP2;;RACE PERFORMANCE;Oreca;
34;0;39;1:41.111;0;;20.987;1;32.717;0;47.407;0;174.8;1:30:09.696;11:05:09.696;0:20.987;0:32.717;0:47.407;262.8;Nicolas LEUTWILER;;LMP2;;RACE PERFORMANCE;Oreca;
38;2;1;2:33.512;0;;1:11.255;0;35.084;0;47.173;0;115.1;2:33.512;09:37:33.512;1:11.255;0:35.084;0:47.173;115.4;Giedo VAN DER GARDE;0:00:42.476;LMP2;;G-Drive Racing;Gibson;
38;2;2;1:37.259;0;;20.929;0;31.280;0;45.050;0;181.7;4:10.771;09:39:10.771;0:20.929;0:31.280;0:45.050;260.9;Giedo VAN DER GARDE;;LMP2;;G-Drive Racing;Gibson;
38;2;3;1:38.790;0;;20.668;0;31.129;0;46.993;0;178.9;5:49.561;09:40:49.561;0:20.668;0:31.129;0:46.993;264.1;Giedo VAN DER GARDE;;LMP2;;G-Drive Racing;Gibson;
38;2;4;1:44.451;0;;21.056;0;32.522;0;50.873;0;169.2;7:34.012;09:42:34.012;0:21.056;0:32.522;0:50.873;265.4;Giedo VAN DER GARDE;;LMP2;;G-Drive Racing;Gibson;
38;2;5;3:04.699;0;;55.933;0;1:08.714;0;1:00.052;0;95.7;10:38.711;09:45:38.711;0:55.933;1:08.714;1:00.052;78.9;Giedo VAN DER GARDE;;LMP2;;G-Drive Racing;Gibson;
38;2;6;1:36.369;0;;20.751;0;30.516;2;45.102;0;183.4;12:15.080;09:47:15.080;0:20.751;0:30.516;0:45.102;261.5;Giedo VAN DER GARDE;;LMP2;;G-Drive Racing;Gibson;
38;2;7;1:36.158;0;;20.565;0;30.733;0;44.860;0;183.8;13:51.238;09:48:51.238;0:20.565;0:30.733;0:44.860;265.4;Giedo VAN DER GARDE;;LMP2;;G-Drive Racing;Gibson;
38;2;8;1:35.910;0;;20.365;0;30.944;0;44.601;1;184.3;15:27.148;09:50:27.148;0:20.365;0:30.944;0:44.601;266.0;Giedo VAN DER GARDE;;LMP2;;G-Drive Racing;Gibson;
38;2;9;3:25.535;0;B;20.385;0;32.137;0;2:33.013;0;86.0;18:52.683;09:53:52.683;0:20.385;0:32.137;2:33.013;268.0;Giedo VAN DER GARDE;;LMP2;;G-Drive Racing;Gibson;
38;2;10;1:52.917;0;;35.210;0;31.963;0;45.744;0;156.5;20:45.600;09:55:45.600;0:35.210;0:31.963;0:45.744;195.7;Giedo VAN DER GARDE;0:02:02.082;LMP2;;G-Drive Racing;Gibson;
38;2;11;1:38.313;0;;20.611;0;30.631;0;47.071;0;179.8;22:23.913;09:57:23.913;0:20.611;0:30.631;0:47.071;266.7;Giedo VAN DER GARDE;;LMP2;;G-Drive Racing;Gibson;
38;2;12;1:37.516;0;;20.640;0;31.585;0;45.291;0;181.2;24:01.429;09:59:01.429;0:20.640;0:31.585;0:45.291;265.4;Giedo VAN DER GARDE;;LMP2;;G-Drive Racing;Gibson;
38;2;13;3:32.600;0;B;20.279;2;30.602;0;2:41.719;0;83.1;27:34.029;10:02:34.029;0:20.279;0:30.602;2:41.719;266.7;Giedo VAN DER GARDE;;LMP2;;G-Drive Racing;Gibson;
38;0;14;6:00.445;0;B;38.624;0;43.730;0;4:38.091;0;49.0;33:34.474;10:08:34.474;0:38.624;0:43.730;4:38.091;132.8;Simon DOLAN;0:02:14.522;LMP2;;G-Drive Racing;Gibson;
38;0;15;2:00.761;0;;41.525;0;33.519;0;45.717;1;146.3;35:35.235;10:10:35.235;0:41.525;0:33.519;0:45.717;124.4;Simon DOLAN;0:03:28.823;LMP2;;G-Drive Racing;Gibson;
38;0;16;1:57.150;0;;21.380;0;32.053;0;1:03.717;0;150.9;37:32.385;10:12:32.385;0:21.380;0:32.053;1:03.717;262.8;Simon DOLAN;;LMP2;;G-Drive Racing;Gibson;
38;0;17;3:36.956;0;;56.574;0;1:09.296;0;1:31.086;0;81.5;41:09.341;10:16:09.341;0:56.574;1:09.296;1:31.086;77.9;Simon DOLAN;;LMP2;;G-Drive Racing;Gibson;
38;0;18;1:39.805;0;;22.086;0;31.814;0;45.905;0;177.1;42:49.146;10:17:49.146;0:22.086;0:31.814;0:45.905;252.9;Simon DOLAN;;LMP2;;G-Drive Racing;Gibson;
38;0;19;1:38.122;0;;20.780;0;31.547;0;45.795;0;180.1;44:27.268;10:19:27.268;0:20.780;0:31.547;0:45.795;264.7;Simon DOLAN;;LMP2;;G-Drive Racing;Gibson;
38;0;20;2:34.313;0;;20.757;0;35.596;0;1:37.960;0;114.5;47:01.581;10:22:01.581;0:20.757;0:35.596;1:37.960;268.0;Simon DOLAN;;LMP2;;G-Drive Racing;Gibson;
38;0;21;2:32.726;0;;55.992;0;50.314;0;46.420;0;115.7;49:34.307;10:24:34.307;0:55.992;0:50.314;0:46.420;78.7;Simon DOLAN;;LMP2;;G-Drive Racing;Gibson;
38;0;22;1:38.649;0;;21.046;0;31.459;0;46.144;0;179.1;51:12.956;10:26:12.956;0:21.046;0:31.459;0:46.144;263.4;Simon DOLAN;;LMP2;;G-Drive Racing;Gibson;
38;0;23;1:38.463;0;;20.624;1;31.777;0;46.062;0;179.5;52:51.419;10:27:51.419;0:20.624;0:31.777;0:46.062;267.3;Simon DOLAN;;LMP2;;G-Drive Racing;Gibson;
38;0;24;2:43.678;0;;20.837;0;44.901;0;1:37.940;0;108.0;55:35.097;10:30:35.097;0:20.837;0:44.901;1:37.940;266.0;Simon DOLAN;;LMP2;;G-Drive Racing;Gibson;
38;0;25;2:54.908;0;;56.081;0;1:08.484;0;50.343;0;101.0;58:30.005;10:33:30.005;0:56.081;1:08.484;0:50.343;77.8;Simon DOLAN;;LMP2;;G-Drive Racing;Gibson;
38;0;26;1:40.365;0;;21.933;0;31.707;0;46.725;0;176.1;1:00:10.370;10:35:10.370;0:21.933;0:31.707;0:46.725;260.9;Simon DOLAN;;LMP2;;G-Drive Racing;Gibson;
38;0;27;1:42.322;0;;21.546;0;32.821;0;47.955;0;172.7;1:01:52.692;10:36:52.692;0:21.546;0:32.821;0:47.955;267.3;Simon DOLAN;;LMP2;;G-Drive Racing;Gibson;
38;0;28;3:23.728;0;B;20.637;0;31.221;1;2:31.870;0;86.7;1:05:16.420;10:40:16.420;0:20.637;0:31.221;2:31.870;267.3;Simon DOLAN;;LMP2;;G-Drive Racing;Gibson;
38;1;29;1:55.799;0;;36.305;0;32.698;0;46.796;0;152.6;1:07:12.219;10:42:12.219;0:36.305;0:32.698;0:46.796;189.8;Harry TINCKNELL;0:01:58.859;LMP2;;G-Drive Racing;Gibson;
38;1;30;1:38.383;0;;20.787;0;32.148;0;45.448;0;179.6;1:08:50.602;10:43:50.602;0:20.787;0:32.148;0:45.448;266.0;Harry TINCKNELL;;LMP2;;G-Drive Racing;Gibson;
38;1;31;1:36.900;0;;20.647;0;31.237;0;45.016;0;182.4;1:10:27.502;10:45:27.502;0:20.647;0:31.237;0:45.016;264.1;Harry TINCKNELL;;LMP2;;G-Drive Racing;Gibson;
38;1;32;1:38.008;0;;20.693;0;31.500;0;45.815;0;180.3;1:12:05.510;10:47:05.510;0:20.693;0:31.500;0:45.815;264.7;Harry TINCKNELL;;LMP2;;G-Drive Racing;Gibson;
38;1;33;1:41.519;0;;20.978;0;32.922;0;47.619;0;174.1;1:13:47.029;10:48:47.029;0:20.978;0:32.922;0:47.619;268.0;Harry TINCKNELL;;LMP2;;G-Drive Racing;Gibson;
38;1;34;1:36.026;0;;20.539;0;31.058;0;44.429;0;184.0;1:15:23.055;10:50:23.055;0:20.539;0:31.058;0:44.429;266.0;Harry TINCKNELL;;LMP2;;G-Drive Racing;Gibson;
38;1;35;1:35.981;0;;20.459;0;30.678;1;44.844;0;184.1;1:16:59.036;10:51:59.036;0:20.459;0:30.678;0:44.844;267.3;Harry TINCKNELL;;LMP2;;G-Drive Racing;Gibson;
38;1;36;1:35.671;0;;20.956;0;30.710;0;44.005;2;184.7;1:18:34.707;10:53:34.707;0:20.956;0:30.710;0:44.005;272.0;Harry TINCKNELL;;LMP2;;G-Drive Racing;Gibson;
38;1;37;1:35.653;0;;20.389;1;31.101;0;44.163;0;184.8;1:20:10.360;10:55:10.360;0:20.389;0:31.101;0:44.163;268.7;Harry TINCKNELL;;LMP2;;G-Drive Racing;Gibson;
38;1;38;3:14.396;0;;39.173;0;1:08.353;0;1:26.870;0;90.9;1:23:24.756;10:58:24.756;0:39.173;1:08.353;1:26.870;178.2;Harry TINCKNELL;;LMP2;;G-Drive Racing;Gibson;
38;1;39;1:40.897;0;;22.744;0;32.459;0;45.694;0;175.2;1:25:05.653;11:00:05.653;0:22.744;0:32.459;0:45.694;254.7;Harry TINCKNELL;;LMP2;;G-Drive Racing;Gibson;
38;1;40;1:36.734;0;;20.579;0;31.448;0;44.707;0;182.7;1:26:42.387;11:01:42.387;0:20.579;0:31.448;0:44.707;264.1;Harry TINCKNELL;;LMP2;;G-Drive Racing;Gibson;
38;1;41;1:38.181;0;;21.198;0;31.661;0;45.322;0;180.0;1:28:20.568;11:03:20.568;0:21.198;0:31.661;0:45.322;268.0;Harry TINCKNELL;;LMP2;;G-Drive Racing;Gibson;
38;1;42;1:38.088;0;;22.108;0;31.246;0;44.734;0;180.2;1:29:58.656;11:04:58.656;0:22.108;0:31.246;0:44.734;254.7;Harry TINCKNELL;;LMP2;;G-Drive Racing;Gibson;
38;1;43;1:35.429;2;;20.589;0;30.723;0;44.117;0;185.2;1:31:34.085;11:06:34.085;0:20.589;0:30.723;0:44.117;264.1;Harry TINCKNELL;;LMP2;;G-Drive Racing;Gibson;
4;1;1;2:50.256;0;;1:14.714;0;39.889;0;55.653;0;103.8;2:50.256;09:37:50.256;1:14.714;0:39.889;0:55.653;80.5;Erik MARIS;0:00:40.284;LMP3;;Oak Racing;LIGIER;
4;1;2;1:49.819;0;;23.410;0;35.699;0;50.710;0;160.9;4:40.075;09:39:40.075;0:23.410;0:35.699;0:50.710;257.8;Erik MARIS;;LMP3;;Oak Racing;LIGIER;
4;1;3;1:46.785;0;;22.501;0;34.867;0;49.417;0;165.5;6:26.860;09:41:26.860;0:22.501;0:34.867;0:49.417;257.8;Erik MARIS;;LMP3;;Oak Racing;LIGIER;
4;1;4;4:36.185;0;B;22.566;0;48.816;0;3:24.803;0;64.0;11:03.045;09:46:03.045;0:22.566;0:48.816;3:24.803;258.4;Erik MARIS;;LMP3;;Oak Racing;LIGIER;
4;1;5;2:11.379;0;;45.254;0;35.795;0;50.330;0;134.5;13:14.424;09:48:14.424;0:45.254;0:35.795;0:50.330;143.6;Erik MARIS;0:02:13.655;LMP3;;Oak Racing;LIGIER;
4;1;6;1:49.121;0;;22.872;0;36.810;0;49.439;0;162.0;15:03.545;09:50:03.545;0:22.872;0:36.810;0:49.439;259.0;Erik MARIS;;LMP3;;Oak Racing;LIGIER;
4;1;7;1:46.695;0;;22.656;0;35.099;0;48.940;0;165.6;16:50.240;09:51:50.240;0:22.656;0:35.099;0:48.940;259.0;Erik MARIS;;LMP3;;Oak Racing;LIGIER;
4;1;8;1:46.474;0;;22.229;0;34.807;0;49.438;0;166.0;18:36.714;09:53:36.714;0:22.229;0:34.807;0:49.438;261.5;Erik MARIS;;LMP3;;Oak Racing;LIGIER;
4;1;9;1:51.597;0;;22.178;0;34.852;0;54.567;0;158.4;20:28.311;09:55:28.311;0:22.178;0:34.852;0:54.567;261.5;Erik MARIS;;LMP3;;Oak Racing;LIGIER;
4;1;10;1:46.944;0;;22.887;0;34.820;0;49.237;0;165.2;22:15.255;09:57:15.255;0:22.887;0:34.820;0:49.237;256.5;Erik MARIS;;LMP3;;Oak Racing;LIGIER;
4;1;11;5:13.140;0;B;22.421;0;34.778;0;4:15.941;0;56.4;27:28.395;10:02:28.395;0:22.421;0:34.778;4:15.941;260.9;Erik MARIS;;LMP3;;Oak Racing;LIGIER;
4;0;12;6:31.157;0;B;41.359;0;47.902;0;5:01.896;0;45.2;33:59.552;10:08:59.552;0:41.359;0:47.902;5:01.896;163.1;Jean-Marc MERLIN;0:03:39.883;LMP3;;Oak Racing;LIGIER;
4;0;13;2:05.438;0;;39.581;0;35.736;0;50.121;0;140.9;36:04.990;10:11:04.990;0:39.581;0:35.736;0:50.121;173.6;Jean-Marc MERLIN;0:03:48.708;LMP3;;Oak Racing;LIGIER;
4;0;14;2:42.693;0;;22.732;0;40.583;0;1:39.378;0;108.6;38:47.683;10:13:47.683;0:22.732;0:40.583;1:39.378;256.5;Jean-Marc MERLIN;;LMP3;;Oak Racing;LIGIER;
4;0;15;3:04.522;0;;56.128;0;1:09.155;0;59.239;0;95.8;41:52.205;10:16:52.205;0:56.128;1:09.155;0:59.239;78.9;Jean-Marc MERLIN;;LMP3;;Oak Racing;LIGIER;
4;0;16;1:48.864;0;;23.703;0;35.523;0;49.638;0;162.3;43:41.069;10:18:41.069;0:23.703;0:35.523;0:49.638;224.1;Jean-Marc MERLIN;;LMP3;;Oak Racing;LIGIER;
4;0;17;2:02.099;0;;22.475;0;35.158;0;1:04.466;0;144.7;45:43.168;10:20:43.168;0:22.475;0:35.158;1:04.466;256.5;Jean-Marc MERLIN;;LMP3;;Oak Racing;LIGIER;
4;0;18;3:17.518;0;;55.907;0;1:08.833;0;1:12.778;0;89.5;49:00.686;10:24:00.686;0:55.907;1:08.833;1:12.778;78.9;Jean-Marc MERLIN;;LMP3;;Oak Racing;LIGIER;
4;0;19;1:46.905;0;;22.582;0;34.756;0;49.567;0;165.3;50:47.591;10:25:47.591;0:22.582;0:34.756;0:49.567;258.4;Jean-Marc MERLIN;;LMP3;;Oak Racing;LIGIER;
4;0;20;1:46.693;0;;22.430;0;34.629;0;49.634;0;165.6;52:34.284;10:27:34.284;0:22.430;0:34.629;0:49.634;259.0;Jean-Marc MERLIN;;LMP3;;Oak Racing;LIGIER;
4;0;21;2:40.375;0;;22.523;0;38.499;0;1:39.353;0;110.2;55:14.659;10:30:14.659;0:22.523;0:38.499;1:39.353;259.6;Jean-Marc MERLIN;;LMP3;;Oak Racing;LIGIER;
4;0;22;3:09.237;0;;55.982;0;1:08.961;0;1:04.294;0;93.4;58:23.896;10:33:23.896;0:55.982;1:08.961;1:04.294;78.9;Jean-Marc MERLIN;;LMP3;;Oak Racing;LIGIER;
4;0;23;1:48.708;0;;22.809;0;35.098;0;50.801;0;162.6;1:00:12.604;10:35:12.604;0:22.809;0:35.098;0:50.801;250.0;Jean-Marc MERLIN;;LMP3;;Oak Racing;LIGIER;
4;0;24;1:50.887;0;;22.952;0;37.655;0;50.280;0;159.4;1:02:03.491;10:37:03.491;0:22.952;0:37.655;0:50.280;256.5;Jean-Marc MERLIN;;LMP3;;Oak Racing;LIGIER;
4;0;25;1:46.212;0;;22.273;0;34.509;0;49.430;1;166.4;1:03:49.703;10:38:49.703;0:22.273;0:34.509;0:49.430;260.9;Jean-Marc MERLIN;;LMP3;;Oak Racing;LIGIER;
4;0;26;1:47.271;0;;22.500;0;34.543;0;50.228;0;164.7;1:05:36.974;10:40:36.974;0:22.500;0:34.543;0:50.228;260.9;Jean-Marc MERLIN;;LMP3;;Oak Racing;LIGIER;
4;0;27;1:47.920;0;;22.208;1;34.377;1;51.335;0;163.8;1:07:24.894;10:42:24.894;0:22.208;0:34.377;0:51.335;261.5;Jean-Marc MERLIN;;LMP3;;Oak Racing;LIGIER;
4;0;28;4:19.714;0;B;22.750;0;35.145;0;3:21.819;0;68.0;1:11:44.608;10:46:44.608;0:22.750;0:35.145;3:21.819;241.1;Jean-Marc MERLIN;;LMP3;;Oak Racing;LIGIER;
4;1;29;2:07.030;0;;39.933;0;37.689;0;49.408;0;139.1;1:13:51.638;10:48:51.638;0:39.933;0:37.689;0:49.408;175.0;Erik MARIS;0:02:43.610;LMP3;;Oak Racing;LIGIER;
4;1;30;1:45.868;0;;22.454;0;34.476;0;48.938;0;166.9;1:15:37.506;10:50:37.506;0:22.454;0:34.476;0:48.938;259.0;Erik MARIS;;LMP3;;Oak Racing;LIGIER;
4;1;31;1:44.955;0;;22.124;0;34.362;0;48.469;0;168.4;1:17:22.461;10:52:22.461;0:22.124;0:34.362;0:48.469;259.6;Erik MARIS;;LMP3;;Oak Racing;LIGIER;
4;1;32;1:44.767;0;;22.237;0;33.543;2;48.987;0;168.7;1:19:07.228;10:54:07.228;0:22.237;0:33.543;0:48.987;260.2;Erik MARIS;;LMP3;;Oak Racing;LIGIER;
4;1;33;2:37.916;0;;22.109;2;33.999;0;1:41.808;0;111.9;1:21:45.144;10:56:45.144;0:22.109;0:33.999;1:41.808;259.6;Erik MARIS;;LMP3;;Oak Racing;LIGIER;
4;1;34;2:38.898;0;;56.451;0;51.638;0;50.809;0;111.2;1:24:24.042;10:59:24.042;0:56.451;0:51.638;0:50.809;77.4;Erik MARIS;;LMP3;;Oak Racing;LIGIER;
4;1;35;1:45.759;0;;22.478;0;34.407;0;48.874;0;167.1;1:26:09.801;11:01:09.801;0:22.478;0:34.407;0:48.874;257.1;Erik MARIS;;LMP3;;Oak Racing;LIGIER;
4;1;36;1:46.246;0;;22.625;0;34.202;0;49.419;0;166.3;1:27:56.047;11:02:56.047;0:22.625;0:34.202;0:49.419;258.4;Erik MARIS;;LMP3;;Oak Racing;LIGIER;
4;1;37;1:44.493;2;;22.436;0;33.971;0;48.086;2;169.1;1:29:40.540;11:04:40.540;0:22.436;0:33.971;0:48.086;261.5;Erik MARIS;;LMP3;;Oak Racing;LIGIER;
40;2;1;1:58.045;0;;38.816;0;33.222;0;46.007;0;149.7;1:58.045;09:36:58.045;0:38.816;0:33.222;0:46.007;180.0;Olivier PLA;0:00:14.576;LMP2;;Krohn Racing;LIGIER;
40;2;2;1:38.751;0;;21.547;0;32.428;0;44.776;0;179.0;3:36.796;09:38:36.796;0:21.547;0:32.428;0:44.776;266.7;Olivier PLA;;LMP2;;Krohn Racing;LIGIER;
40;2;3;1:37.564;0;;20.864;0;31.771;0;44.929;0;181.1;5:14.360;09:40:14.360;0:20.864;0:31.771;0:44.929;265.4;Olivier PLA;;LMP2;;Krohn Racing;LIGIER;
40;2;4;1:40.814;0;;20.433;0;32.362;0;48.019;0;175.3;6:55.174;09:41:55.174;0:20.433;0:32.362;0:48.019;270.7;Olivier PLA;;LMP2;;Krohn Racing;LIGIER;
40;2;5;5:37.596;0;B;20.953;0;57.496;0;4:19.147;0;52.3;12:32.770;09:47:32.770;0:20.953;0:57.496;4:19.147;270.0;Olivier PLA;;LMP2;;Krohn Racing;LIGIER;
40;2;6;1:57.097;0;;40.380;0;31.159;0;45.558;0;150.9;14:29.867;09:49:29.867;0:40.380;0:31.159;0:45.558;97.4;Olivier PLA;0:03:07.496;LMP2;;Krohn Racing;LIGIER;
40;2;7;1:35.196;0;;20.452;0;30.591;0;44.153;0;185.6;16:05.063;09:51:05.063;0:20.452;0:30.591;0:44.153;265.4;Olivier PLA;;LMP2;;Krohn Racing;LIGIER;
40;2;8;1:38.317;0;;20.738;0;32.171;0;45.408;0;179.7;17:43.380;09:52:43.380;0:20.738;0:32.171;0:45.408;268.0;Olivier PLA;;LMP2;;Krohn Racing;LIGIER;
40;2;9;1:35.175;0;;20.669;0;30.374;0;44.132;0;185.7;19:18.555;09:54:18.555;0:20.669;0:30.374;0:44.132;265.4;Olivier PLA;;LMP2;;Krohn Racing;LIGIER;
40;2;10;1:34.807;0;;20.488;0;30.279;0;44.040;0;186.4;20:53.362;09:55:53.362;0:20.488;0:30.279;0:44.040;267.3;Olivier PLA;;LMP2;;Krohn Racing;LIGIER;
40;2;11;3:28.859;0;B;21.049;0;31.536;0;2:36.274;0;84.6;24:22.221;09:59:22.221;0:21.049;0:31.536;2:36.274;269.3;Olivier PLA;;LMP2;;Krohn Racing;LIGIER;
40;0;12;1:56.827;0;;38.022;0;32.730;0;46.075;0;151.3;26:19.048;10:01:19.048;0:38.022;0:32.730;0:46.075;192.2;Bjorn WIRDHEIM;0:02:05.543;LMP2;;Krohn Racing;LIGIER;
40;0;13;1:39.365;0;;22.699;0;31.351;1;45.315;1;177.9;27:58.413;10:02:58.413;0:22.699;0:31.351;0:45.315;267.3;Bjorn WIRDHEIM;;LMP2;;Krohn Racing;LIGIER;
40;0;14;6:32.233;0;B;25.277;0;54.391;0;5:12.565;0;45.1;34:30.646;10:09:30.646;0:25.277;0:54.391;5:12.565;155.8;Bjorn WIRDHEIM;;LMP2;;Krohn Racing;LIGIER;
40;0;15;1:54.012;0;;35.489;0;32.646;0;45.877;0;155.0;36:24.658;10:11:24.658;0:35.489;0:32.646;0:45.877;193.2;Bjorn WIRDHEIM;0:03:58.820;LMP2;;Krohn Racing;LIGIER;
40;0;16;5:21.972;0;B;23.048;0;1:00.174;0;3:58.750;0;54.9;41:46.630;10:16:46.630;0:23.048;1:00.174;3:58.750;208.9;Bjorn WIRDHEIM;;LMP2;;Krohn Racing;LIGIER;
40;0;17;1:54.547;0;;35.570;0;33.263;0;45.714;0;154.3;43:41.177;10:18:41.177;0:35.570;0:33.263;0:45.714;182.4;Bjorn WIRDHEIM;0:02:45.395;LMP2;;Krohn Racing;LIGIER;
40;0;18;1:41.774;0;;20.504;1;32.745;0;48.525;0;173.6;45:22.951;10:20:22.951;0:20.504;0:32.745;0:48.525;268.7;Bjorn WIRDHEIM;;LMP2;;Krohn Racing;LIGIER;
40;0;19;3:24.747;0;;54.348;0;1:08.709;0;1:21.690;0;86.3;48:47.698;10:23:47.698;0:54.348;1:08.709;1:21.690;79.3;Bjorn WIRDHEIM;;LMP2;;Krohn Racing;LIGIER;
40;0;20;1:39.969;0;;22.313;0;31.977;0;45.679;0;176.8;50:27.667;10:25:27.667;0:22.313;0:31.977;0:45.679;259.0;Bjorn WIRDHEIM;;LMP2;;Krohn Racing;LIGIER;
40;0;21;1:39.800;0;;20.549;0;32.834;0;46.417;0;177.1;52:07.467;10:27:07.467;0:20.549;0:32.834;0:46.417;270.0;Bjorn WIRDHEIM;;LMP2;;Krohn Racing;LIGIER;
40;0;22;5:31.793;0;B;21.213;0;32.468;0;4:38.112;0;53.3;57:39.260;10:32:39.260;0:21.213;0:32.468;4:38.112;268.7;Bjorn WIRDHEIM;;LMP2;;Krohn Racing;LIGIER;
40;2;23;1:51.071;0;;34.605;0;31.704;0;44.762;0;159.1;59:30.331;10:34:30.331;0:34.605;0:31.704;0:44.762;195.7;Olivier PLA;0:04:01.446;LMP2;;Krohn Racing;LIGIER;
40;2;24;1:37.488;0;;20.440;0;31.698;0;45.350;0;181.3;1:01:07.819;10:36:07.819;0:20.440;0:31.698;0:45.350;266.7;Olivier PLA;;LMP2;;Krohn Racing;LIGIER;
40;2;25;1:34.816;0;;20.390;0;30.490;0;43.936;0;186.4;1:02:42.635;10:37:42.635;0:20.390;0:30.490;0:43.936;267.3;Olivier PLA;;LMP2;;Krohn Racing;LIGIER;
40;2;26;2:37.407;0;B;20.605;0;30.491;0;1:46.311;0;112.3;1:05:20.042;10:40:20.042;0:20.605;0:30.491;1:46.311;268.0;Olivier PLA;;LMP2;;Krohn Racing;LIGIER;
40;2;27;2:11.708;0;B;35.724;0;30.855;0;1:05.129;0;134.2;1:07:31.750;10:42:31.750;0:35.724;0:30.855;1:05.129;196.0;Olivier PLA;0:01:17.419;LMP2;;Krohn Racing;LIGIER;
40;2;28;1:55.562;0;;34.219;0;31.573;0;49.770;0;152.9;1:09:27.312;10:44:27.312;0:34.219;0:31.573;0:49.770;196.4;Olivier PLA;0:00:32.554;LMP2;;Krohn Racing;LIGIER;
40;2;29;1:34.121;2;;20.221;2;30.233;0;43.667;2;187.8;1:11:01.433;10:46:01.433;0:20.221;0:30.233;0:43.667;268.0;Olivier PLA;;LMP2;;Krohn Racing;LIGIER;
40;2;30;1:44.872;0;;23.671;0;32.610;0;48.591;0;168.5;1:12:46.305;10:47:46.305;0:23.671;0:32.610;0:48.591;268.0;Olivier PLA;;LMP2;;Krohn Racing;LIGIER;
40;2;31;1:34.324;0;;20.392;0;29.974;3;43.958;0;187.4;1:14:20.629;10:49:20.629;0:20.392;0:29.974;0:43.958;266.0;Olivier PLA;;LMP2;;Krohn Racing;LIGIER;
40;2;32;3:26.754;0;B;21.014;0;31.638;0;2:34.102;0;85.5;1:17:47.383;10:52:47.383;0:21.014;0:31.638;2:34.102;269.3;Olivier PLA;;LMP2;;Krohn Racing;LIGIER;
40;1;33;1:54.787;0;;36.180;0;32.152;0;46.455;0;154.0;1:19:42.170;10:54:42.170;0:36.180;0:32.152;0:46.455;195.3;Niclas JÖNSSON;0:02:05.399;LMP2;;Krohn Racing;LIGIER;
40;1;34;3:11.247;0;;20.817;0;1:07.368;0;1:43.062;0;92.4;1:22:53.417;10:57:53.417;0:20.817;1:07.368;1:43.062;268.0;Niclas JÖNSSON;;LMP2;;Krohn Racing;LIGIER;
40;1;35;1:54.802;0;;38.290;0;31.845;0;44.667;1;153.9;1:24:48.219;10:59:48.219;0:38.290;0:31.845;0:44.667;118.3;Niclas JÖNSSON;;LMP2;;Krohn Racing;LIGIER;
40;1;36;1:37.423;0;;20.565;1;31.925;0;44.933;0;181.4;1:26:25.642;11:01:25.642;0:20.565;0:31.925;0:44.933;267.3;Niclas JÖNSSON;;LMP2;;Krohn Racing;LIGIER;
40;1;37;1:36.574;0;;20.660;0;31.226;1;44.688;0;183.0;1:28:02.216;11:03:02.216;0:20.660;0:31.226;0:44.688;266.7;Niclas JÖNSSON;;LMP2;;Krohn Racing;LIGIER;
40;1;38;1:38.798;0;;20.730;0;31.762;0;46.306;0;178.9;1:29:41.014;11:04:41.014;0:20.730;0:31.762;0:46.306;268.7;Niclas JÖNSSON;;LMP2;;Krohn Racing;LIGIER;
40;1;39;1:37.492;0;;20.813;0;31.429;0;45.250;0;181.3;1:31:18.506;11:06:18.506;0:20.813;0:31.429;0:45.250;268.7;Niclas JÖNSSON;;LMP2;;Krohn Racing;LIGIER;
41;2;1;2:13.198;0;;51.630;0;34.651;0;46.917;0;132.7;2:13.198;09:37:13.198;0:51.630;0:34.651;0:46.917;183.7;Jakub GIERMAZIAK;0:00:27.424;LMP2;;Greaves Motorsport;LIGIER;
41;2;2;1:38.374;0;;21.443;0;31.865;0;45.066;0;179.6;3:51.572;09:38:51.572;0:21.443;0:31.865;0:45.066;262.1;Jakub GIERMAZIAK;;LMP2;;Greaves Motorsport;LIGIER;
41;2;3;1:38.728;0;;20.780;0;31.889;0;46.059;0;179.0;5:30.300;09:40:30.300;0:20.780;0:31.889;0:46.059;265.4;Jakub GIERMAZIAK;;LMP2;;Greaves Motorsport;LIGIER;
41;2;4;1:38.392;0;;20.912;0;31.748;0;45.732;0;179.6;7:08.692;09:42:08.692;0:20.912;0:31.748;0:45.732;268.0;Jakub GIERMAZIAK;;LMP2;;Greaves Motorsport;LIGIER;
41;2;5;7:47.398;0;B;32.310;0;1:09.256;0;6:05.832;0;37.8;14:56.090;09:49:56.090;0:32.310;1:09.256;6:05.832;168.0;Jakub GIERMAZIAK;;LMP2;;Greaves Motorsport;LIGIER;
41;2;6;1:56.869;0;;36.203;0;34.569;0;46.097;0;151.2;16:52.959;09:51:52.959;0:36.203;0:34.569;0:46.097;195.3;Jakub GIERMAZIAK;0:04:55.735;LMP2;;Greaves Motorsport;LIGIER;
41;2;7;1:40.595;0;;20.637;0;33.994;0;45.964;0;175.7;18:33.554;09:53:33.554;0:20.637;0:33.994;0:45.964;267.3;Jakub GIERMAZIAK;;LMP2;;Greaves Motorsport;LIGIER;
41;2;8;1:38.066;0;;20.585;0;32.000;0;45.481;0;180.2;20:11.620;09:55:11.620;0:20.585;0:32.000;0:45.481;267.3;Jakub GIERMAZIAK;;LMP2;;Greaves Motorsport;LIGIER;
41;2;9;1:35.540;0;;20.448;0;30.588;0;44.504;0;185.0;21:47.160;09:56:47.160;0:20.448;0:30.588;0:44.504;268.0;Jakub GIERMAZIAK;;LMP2;;Greaves Motorsport;LIGIER;
41;2;10;1:34.654;2;;20.309;2;30.396;2;43.949;2;186.7;23:21.814;09:58:21.814;0:20.309;0:30.396;0:43.949;266.7;Jakub GIERMAZIAK;;LMP2;;Greaves Motorsport;LIGIER;
41;2;11;11:22.096;0;B;21.155;0;31.495;0;10:29.446;0;25.9;34:43.910;10:09:43.910;0:21.155;0:31.495;10:29.446;266.7;Jakub GIERMAZIAK;;LMP2;;Greaves Motorsport;LIGIER;
41;0;12;2:01.857;0;;38.485;0;34.557;0;48.815;0;145.0;36:45.767;10:11:45.767;0:38.485;0:34.557;0:48.815;185.2;Memo ROJAS;0:09:59.129;LMP2;;Greaves Motorsport;LIGIER;
41;0;13;3:32.564;0;;38.975;0;1:09.812;0;1:43.777;0;83.1;40:18.331;10:15:18.331;0:38.975;1:09.812;1:43.777;217.3;Memo ROJAS;;LMP2;;Greaves Motorsport;LIGIER;
41;0;14;2:11.084;0;;50.739;0;33.407;0;46.938;0;134.8;42:29.415;10:17:29.415;0:50.739;0:33.407;0:46.938;77.9;Memo ROJAS;;LMP2;;Greaves Motorsport;LIGIER;
41;0;15;1:40.130;0;;21.900;0;32.111;0;46.119;0;176.5;44:09.545;10:19:09.545;0:21.900;0:32.111;0:46.119;266.0;Memo ROJAS;;LMP2;;Greaves Motorsport;LIGIER;
41;0;16;2:31.202;0;;21.017;0;31.956;0;1:38.229;0;116.9;46:40.747;10:21:40.747;0:21.017;0:31.956;1:38.229;267.3;Memo ROJAS;;LMP2;;Greaves Motorsport;LIGIER;
41;0;17;2:48.421;0;;58.764;0;59.742;0;49.915;0;104.9;49:29.168;10:24:29.168;0:58.764;0:59.742;0:49.915;79.6;Memo ROJAS;;LMP2;;Greaves Motorsport;LIGIER;
41;0;18;1:38.756;0;;21.253;0;31.488;0;46.015;0;179.0;51:07.924;10:26:07.924;0:21.253;0:31.488;0:46.015;266.0;Memo ROJAS;;LMP2;;Greaves Motorsport;LIGIER;
41;0;19;1:39.660;0;;21.096;0;32.143;0;46.421;0;177.3;52:47.584;10:27:47.584;0:21.096;0:32.143;0:46.421;266.7;Memo ROJAS;;LMP2;;Greaves Motorsport;LIGIER;
41;0;20;2:42.278;0;;21.086;0;43.148;0;1:38.044;0;108.9;55:29.862;10:30:29.862;0:21.086;0:43.148;1:38.044;267.3;Memo ROJAS;;LMP2;;Greaves Motorsport;LIGIER;
41;0;21;2:59.146;0;;56.060;0;1:08.546;0;54.540;0;98.6;58:29.008;10:33:29.008;0:56.060;1:08.546;0:54.540;78.0;Memo ROJAS;;LMP2;;Greaves Motorsport;LIGIER;
41;0;22;1:39.995;0;;21.057;0;32.144;0;46.794;0;176.7;1:00:09.003;10:35:09.003;0:21.057;0:32.144;0:46.794;265.4;Memo ROJAS;;LMP2;;Greaves Motorsport;LIGIER;
41;0;23;1:42.092;0;;21.752;0;33.232;0;47.108;0;173.1;1:01:51.095;10:36:51.095;0:21.752;0:33.232;0:47.108;266.0;Memo ROJAS;;LMP2;;Greaves Motorsport;LIGIER;
41;0;24;1:38.925;0;;20.775;0;31.858;0;46.292;0;178.6;1:03:30.020;10:38:30.020;0:20.775;0:31.858;0:46.292;266.7;Memo ROJAS;;LMP2;;Greaves Motorsport;LIGIER;
41;0;25;1:37.278;0;;20.691;1;31.316;1;45.271;1;181.7;1:05:07.298;10:40:07.298;0:20.691;0:31.316;0:45.271;266.7;Memo ROJAS;;LMP2;;Greaves Motorsport;LIGIER;
41;0;26;3:18.163;0;B;20.836;0;31.884;0;2:25.443;0;89.2;1:08:25.461;10:43:25.461;0:20.836;0:31.884;2:25.443;268.0;Memo ROJAS;;LMP2;;Greaves Motorsport;LIGIER;
41;1;27;2:00.347;0;;39.111;0;34.630;0;46.606;0;146.8;1:10:25.808;10:45:25.808;0:39.111;0:34.630;0:46.606;193.2;Julien CANAL;0:01:55.156;LMP2;;Greaves Motorsport;LIGIER;
41;1;28;1:38.215;0;;21.162;0;31.581;0;45.472;0;179.9;1:12:04.023;10:47:04.023;0:21.162;0:31.581;0:45.472;264.7;Julien CANAL;;LMP2;;Greaves Motorsport;LIGIER;
41;1;29;1:38.389;0;;21.392;0;31.949;0;45.048;1;179.6;1:13:42.412;10:48:42.412;0:21.392;0:31.949;0:45.048;257.1;Julien CANAL;;LMP2;;Greaves Motorsport;LIGIER;
41;1;30;1:37.925;0;;21.154;0;31.378;0;45.393;0;180.5;1:15:20.337;10:50:20.337;0:21.154;0:31.378;0:45.393;264.1;Julien CANAL;;LMP2;;Greaves Motorsport;LIGIER;
41;1;31;1:38.433;0;;20.817;0;31.666;0;45.950;0;179.5;1:16:58.770;10:51:58.770;0:20.817;0:31.666;0:45.950;268.0;Julien CANAL;;LMP2;;Greaves Motorsport;LIGIER;
41;1;32;1:38.314;0;;21.821;0;31.289;1;45.204;0;179.8;1:18:37.084;10:53:37.084;0:21.821;0:31.289;0:45.204;266.7;Julien CANAL;;LMP2;;Greaves Motorsport;LIGIER;
41;1;33;2:29.044;0;B;20.702;1;31.377;0;1:36.965;0;118.6;1:21:06.128;10:56:06.128;0:20.702;0:31.377;1:36.965;267.3;Julien CANAL;;LMP2;;Greaves Motorsport;LIGIER;
41;1;34;2:56.427;0;;58.401;0;1:08.223;0;49.803;0;100.2;1:24:02.555;10:59:02.555;0:58.401;1:08.223;0:49.803;79.4;Julien CANAL;0:01:02.971;LMP2;;Greaves Motorsport;LIGIER;
41;1;35;1:38.552;0;;21.306;0;31.604;0;45.642;0;179.3;1:25:41.107;11:00:41.107;0:21.306;0:31.604;0:45.642;262.1;Julien CANAL;;LMP2;;Greaves Motorsport;LIGIER;
41;1;36;1:40.271;0;;21.749;0;32.717;0;45.805;0;176.2;1:27:21.378;11:02:21.378;0:21.749;0:32.717;0:45.805;266.0;Julien CANAL;;LMP2;;Greaves Motorsport;LIGIER;
41;1;37;1:37.741;0;;20.760;0;31.342;0;45.639;0;180.8;1:28:59.119;11:03:59.119;0:20.760;0:31.342;0:45.639;264.7;Julien CANAL;;LMP2;;Greaves Motorsport;LIGIER;
41;1;38;1:39.547;0;;21.383;0;31.499;0;46.665;0;177.5;1:30:38.666;11:05:38.666;0:21.383;0:31.499;0:46.665;264.7;Julien CANAL;;LMP2;;Greaves Motorsport;LIGIER;
46;0;1;2:06.259;0;;47.747;0;32.677;0;45.835;0;140.0;2:06.259;09:37:06.259;0:47.747;0:32.677;0:45.835;194.6;Pierre THIRIET;0:00:24.484;LMP2;;Thiriet By Tds Racing;Oreca;
46;0;2;1:38.616;0;;20.972;0;31.259;0;46.385;0;179.2;3:44.875;09:38:44.875;0:20.972;0:31.259;0:46.385;270.0;Pierre THIRIET;;LMP2;;Thiriet By Tds Racing;Oreca;
46;0;3;1:38.351;0;;21.205;0;31.618;0;45.528;0;179.7;5:23.226;09:40:23.226;0:21.205;0:31.618;0:45.528;266.7;Pierre THIRIET;;LMP2;;Thiriet By Tds Racing;Oreca;
46;0;4;1:38.497;0;;20.626;1;30.902;1;46.969;0;179.4;7:01.723;09:42:01.723;0:20.626;0:30.902;0:46.969;267.3;Pierre THIRIET;;LMP2;;Thiriet By Tds Racing;Oreca;
46;0;5;3:08.112;0;;27.450;0;1:09.503;0;1:31.159;0;93.9;10:09.835;09:45:09.835;0:27.450;1:09.503;1:31.159;264.7;Pierre THIRIET;;LMP2;;Thiriet By Tds Racing;Oreca;
46;0;6;1:38.910;0;;21.954;0;31.501;0;45.455;0;178.7;11:48.745;09:46:48.745;0:21.954;0:31.501;0:45.455;255.3;Pierre THIRIET;;LMP2;;Thiriet By Tds Racing;Oreca;
46;0;7;1:38.315;0;;21.038;0;32.122;0;45.155;0;179.8;13:27.060;09:48:27.060;0:21.038;0:32.122;0:45.155;268.7;Pierre THIRIET;;LMP2;;Thiriet By Tds Racing;Oreca;
46;0;8;1:37.168;0;;21.020;0;31.471;0;44.677;1;181.9;15:04.228;09:50:04.228;0:21.020;0:31.471;0:44.677;270.0;Pierre THIRIET;;LMP2;;Thiriet By Tds Racing;Oreca;
46;0;9;6:53.371;0;B;22.163;0;32.072;0;5:59.136;0;42.8;21:57.599;09:56:57.599;0:22.163;0:32.072;5:59.136;269.3;Pierre THIRIET;;LMP2;;Thiriet By Tds Racing;Oreca;
46;2;10;1:56.557;0;;37.276;0;32.733;0;46.548;0;151.6;23:54.156;09:58:54.156;0:37.276;0:32.733;0:46.548;159.1;Ryo HIRAKAWA;0:05:29.663;LMP2;;Thiriet By Tds Racing;Oreca;
46;2;11;1:36.968;0;;20.488;0;31.054;0;45.426;0;182.2;25:31.124;10:00:31.124;0:20.488;0:31.054;0:45.426;270.7;Ryo HIRAKAWA;;LMP2;;Thiriet By Tds Racing;Oreca;
46;2;12;1:35.757;0;;20.417;0;30.717;0;44.623;0;184.6;27:06.881;10:02:06.881;0:20.417;0:30.717;0:44.623;271.4;Ryo HIRAKAWA;;LMP2;;Thiriet By Tds Racing;Oreca;
46;2;13;6:41.545;0;B;20.612;0;31.758;0;5:49.175;0;44.0;33:48.426;10:08:48.426;0:20.612;0:31.758;5:49.175;272.7;Ryo HIRAKAWA;;LMP2;;Thiriet By Tds Racing;Oreca;
46;2;14;1:57.629;0;;36.619;0;35.104;0;45.906;0;150.2;35:46.055;10:10:46.055;0:36.619;0:35.104;0:45.906;195.7;Ryo HIRAKAWA;0:05:19.056;LMP2;;Thiriet By Tds Racing;Oreca;
46;2;15;10:54.058;0;B;20.950;0;32.759;0;10:00.349;0;27.0;46:40.113;10:21:40.113;0:20.950;0:32.759;10:00.349;269.3;Ryo HIRAKAWA;;LMP2;;Thiriet By Tds Racing;Oreca;
46;1;16;2:48.294;0;;59.898;0;59.721;0;48.675;0;105.0;49:28.407;10:24:28.407;0:59.898;0:59.721;0:48.675;77.6;Mathias BECHE;0:09:09.757;LMP2;;Thiriet By Tds Racing;Oreca;
46;1;17;1:37.511;0;;21.037;0;30.618;0;45.856;0;181.2;51:05.918;10:26:05.918;0:21.037;0:30.618;0:45.856;268.7;Mathias BECHE;;LMP2;;Thiriet By Tds Racing;Oreca;
46;1;18;1:37.020;0;;20.368;0;31.295;0;45.357;0;182.2;52:42.938;10:27:42.938;0:20.368;0:31.295;0:45.357;271.4;Mathias BECHE;;LMP2;;Thiriet By Tds Racing;Oreca;
46;1;19;2:32.693;0;;20.434;0;32.772;0;1:39.487;0;115.7;55:15.631;10:30:15.631;0:20.434;0:32.772;1:39.487;270.7;Mathias BECHE;;LMP2;;Thiriet By Tds Racing;Oreca;
46;1;20;3:12.617;0;;56.358;0;1:09.229;0;1:07.030;0;91.7;58:28.248;10:33:28.248;0:56.358;1:09.229;1:07.030;78.7;Mathias BECHE;;LMP2;;Thiriet By Tds Racing;Oreca;
46;1;21;1:39.142;0;;20.864;0;31.703;0;46.575;0;178.3;1:00:07.390;10:35:07.390;0:20.864;0:31.703;0:46.575;267.3;Mathias BECHE;;LMP2;;Thiriet By Tds Racing;Oreca;
46;1;22;2:52.273;0;B;20.885;0;33.301;0;1:58.087;0;102.6;1:02:59.663;10:37:59.663;0:20.885;0:33.301;1:58.087;274.1;Mathias BECHE;;LMP2;;Thiriet By Tds Racing;Oreca;
46;1;23;2:20.708;0;;34.895;0;46.784;0;59.029;0;125.6;1:05:20.371;10:40:20.371;0:34.895;0:46.784;0:59.029;198.5;Mathias BECHE;0:01:28.597;LMP2;;Thiriet By Tds Racing;Oreca;
46;1;24;1:36.181;0;;20.266;2;31.327;0;44.588;0;183.7;1:06:56.552;10:41:56.552;0:20.266;0:31.327;0:44.588;272.7;Mathias BECHE;;LMP2;;Thiriet By Tds Racing;Oreca;
46;1;25;1:35.793;0;;20.752;0;30.777;0;44.264;2;184.5;1:08:32.345;10:43:32.345;0:20.752;0:30.777;0:44.264;273.4;Mathias BECHE;;LMP2;;Thiriet By Tds Racing;Oreca;
46;1;26;1:41.984;0;;20.781;0;32.546;0;48.657;0;173.3;1:10:14.329;10:45:14.329;0:20.781;0:32.546;0:48.657;270.7;Mathias BECHE;;LMP2;;Thiriet By Tds Racing;Oreca;
46;1;27;1:34.985;2;;20.427;0;30.147;2;44.411;0;186.1;1:11:49.314;10:46:49.314;0:20.427;0:30.147;0:44.411;268.7;Mathias BECHE;;LMP2;;Thiriet By Tds Racing;Oreca;
46;1;28;1:41.545;0;;20.407;0;30.900;0;50.238;0;174.0;1:13:30.859;10:48:30.859;0:20.407;0:30.900;0:50.238;268.7;Mathias BECHE;;LMP2;;Thiriet By Tds Racing;Oreca;
46;1;29;5:59.678;0;B;20.334;0;30.270;0;5:09.074;0;49.1;1:19:30.537;10:54:30.537;0:20.334;0:30.270;5:09.074;268.7;Mathias BECHE;;LMP2;;Thiriet By Tds Racing;Oreca;
46;2;30;3:26.669;0;;36.913;0;1:05.723;0;1:44.033;0;85.5;1:22:57.206;10:57:57.206;0:36.913;1:05.723;1:44.033;191.2;Ryo HIRAKAWA;0:04:40.744;LMP2;;Thiriet By Tds Racing;Oreca;
46;2;31;1:56.241;0;;37.378;0;32.215;0;46.648;0;152.0;1:24:53.447;10:59:53.447;0:37.378;0:32.215;0:46.648;141.5;Ryo HIRAKAWA;;LMP2;;Thiriet By Tds Racing;Oreca;
46;2;32;1:37.126;0;;20.370;0;31.313;0;45.443;0;182.0;1:26:30.573;11:01:30.573;0:20.370;0:31.313;0:45.443;270.0;Ryo HIRAKAWA;;LMP2;;Thiriet By Tds Racing;Oreca;
46;2;33;1:36.258;0;;21.007;0;30.711;1;44.540;1;183.6;1:28:06.831;11:03:06.831;0:21.007;0:30.711;0:44.540;272.0;Ryo HIRAKAWA;;LMP2;;Thiriet By Tds Racing;Oreca;
46;2;34;1:37.491;0;;20.356;1;31.457;0;45.678;0;181.3;1:29:44.322;11:04:44.322;0:20.356;0:31.457;0:45.678;270.7;Ryo HIRAKAWA;;LMP2;;Thiriet By Tds Racing;Oreca;
46;2;35;1:36.664;0;;20.449;0;30.841;0;45.374;0;182.8;1:31:20.986;11:06:20.986;0:20.449;0:30.841;0:45.374;274.1;Ryo HIRAKAWA;;LMP2;;Thiriet By Tds Racing;Oreca;
48;2;1;2:30.929;0;;52.941;0;51.556;0;46.432;0;117.1;2:30.929;09:37:30.929;0:52.941;0:51.556;0:46.432;189.5;Garry FINDLAY;0:00:29.942;LMP2;;Murphy Prototypes;Oreca;
48;2;2;1:38.420;0;;21.125;0;31.787;0;45.508;0;179.6;4:09.349;09:39:09.349;0:21.125;0:31.787;0:45.508;260.2;Garry FINDLAY;;LMP2;;Murphy Prototypes;Oreca;
48;2;3;1:37.638;0;;20.856;0;31.403;0;45.379;0;181.0;5:46.987;09:40:46.987;0:20.856;0:31.403;0:45.379;263.4;Garry FINDLAY;;LMP2;;Murphy Prototypes;Oreca;
48;2;4;5:32.641;0;B;20.729;0;30.691;0;4:41.221;0;53.1;11:19.628;09:46:19.628;0:20.729;0:30.691;4:41.221;264.1;Garry FINDLAY;;LMP2;;Murphy Prototypes;Oreca;
48;2;5;1:58.858;0;;40.499;0;32.495;0;45.864;0;148.7;13:18.486;09:48:18.486;0:40.499;0:32.495;0:45.864;184.3;Garry FINDLAY;0:04:09.240;LMP2;;Murphy Prototypes;Oreca;
48;2;6;1:37.468;0;;20.683;0;32.189;0;44.596;0;181.3;14:55.954;09:49:55.954;0:20.683;0:32.189;0:44.596;265.4;Garry FINDLAY;;LMP2;;Murphy Prototypes;Oreca;
48;2;7;1:40.551;0;;21.579;0;32.358;0;46.614;0;175.8;16:36.505;09:51:36.505;0:21.579;0:32.358;0:46.614;268.7;Garry FINDLAY;;LMP2;;Murphy Prototypes;Oreca;
48;2;8;1:45.674;0;;24.138;0;36.232;0;45.304;0;167.2;18:22.179;09:53:22.179;0:24.138;0:36.232;0:45.304;182.4;Garry FINDLAY;;LMP2;;Murphy Prototypes;Oreca;
48;2;9;1:35.471;0;;20.529;0;30.375;0;44.567;0;185.1;19:57.650;09:54:57.650;0:20.529;0:30.375;0:44.567;264.7;Garry FINDLAY;;LMP2;;Murphy Prototypes;Oreca;
48;2;10;1:35.650;0;;20.609;0;30.382;0;44.659;0;184.8;21:33.300;09:56:33.300;0:20.609;0:30.382;0:44.659;266.0;Garry FINDLAY;;LMP2;;Murphy Prototypes;Oreca;
48;2;11;1:35.317;2;;20.505;2;30.283;2;44.529;2;185.4;23:08.617;09:58:08.617;0:20.505;0:30.283;0:44.529;264.7;Garry FINDLAY;;LMP2;;Murphy Prototypes;Oreca;
48;2;12;4:23.570;0;B;20.535;0;30.633;0;3:32.402;0;67.1;27:32.187;10:02:32.187;0:20.535;0:30.633;3:32.402;265.4;Garry FINDLAY;;LMP2;;Murphy Prototypes;Oreca;
48;0;13;6:42.685;0;B;36.725;0;38.841;0;5:27.119;0;43.9;34:14.872;10:09:14.872;0:36.725;0:38.841;5:27.119;196.0;Sean DOYLE;0:03:00.709;LMP2;;Murphy Prototypes;Oreca;
48;0;14;1:58.478;0;;39.033;0;33.272;0;46.173;0;149.2;36:13.350;10:11:13.350;0:39.033;0:33.272;0:46.173;180.6;Sean DOYLE;0:04:17.972;LMP2;;Murphy Prototypes;Oreca;
48;0;15;2:45.798;0;;23.038;0;45.572;0;1:37.188;0;106.6;38:59.148;10:13:59.148;0:23.038;0:45.572;1:37.188;267.3;Sean DOYLE;;LMP2;;Murphy Prototypes;Oreca;
48;0;16;2:49.528;0;;54.177;0;1:08.043;0;47.308;0;104.2;41:48.676;10:16:48.676;0:54.177;1:08.043;0:47.308;81.9;Sean DOYLE;;LMP2;;Murphy Prototypes;Oreca;
48;0;17;1:40.402;0;;21.203;0;32.450;0;46.749;0;176.0;43:29.078;10:18:29.078;0:21.203;0:32.450;0:46.749;267.3;Sean DOYLE;;LMP2;;Murphy Prototypes;Oreca;
48;0;18;1:39.317;0;;21.122;0;32.314;0;45.881;0;177.9;45:08.395;10:20:08.395;0:21.122;0:32.314;0:45.881;266.7;Sean DOYLE;;LMP2;;Murphy Prototypes;Oreca;
48;0;19;3:22.668;0;;36.626;0;1:08.688;0;1:37.354;0;87.2;48:31.063;10:23:31.063;0:36.626;1:08.688;1:37.354;252.9;Sean DOYLE;;LMP2;;Murphy Prototypes;Oreca;
48;0;20;1:50.646;0;;27.097;0;35.928;0;47.621;0;159.7;50:21.709;10:25:21.709;0:27.097;0:35.928;0:47.621;216.4;Sean DOYLE;;LMP2;;Murphy Prototypes;Oreca;
48;0;21;1:39.387;0;;21.272;0;32.490;0;45.625;1;177.8;52:01.096;10:27:01.096;0:21.272;0:32.490;0:45.625;266.7;Sean DOYLE;;LMP2;;Murphy Prototypes;Oreca;
48;0;22;1:50.378;0;;20.942;1;31.512;0;57.924;0;160.1;53:51.474;10:28:51.474;0:20.942;0:31.512;0:57.924;264.7;Sean DOYLE;;LMP2;;Murphy Prototypes;Oreca;
48;0;23;3:39.239;0;;53.661;0;1:06.326;0;1:39.252;0;80.6;57:30.713;10:32:30.713;0:53.661;1:06.326;1:39.252;81.6;Sean DOYLE;;LMP2;;Murphy Prototypes;Oreca;
48;0;24;5:21.561;0;B;34.276;0;31.421;1;4:15.864;0;55.0;1:02:52.274;10:37:52.274;0:34.276;0:31.421;4:15.864;175.0;Sean DOYLE;;LMP2;;Murphy Prototypes;Oreca;
48;1;25;1:57.621;0;;37.666;0;33.080;0;46.875;0;150.2;1:04:49.895;10:39:49.895;0:37.666;0:33.080;0:46.875;188.8;Patrick MCCLUGHAN;0:02:16.815;LMP2;;Murphy Prototypes;Oreca;
48;1;26;1:38.396;0;;20.916;0;32.063;0;45.417;0;179.6;1:06:28.291;10:41:28.291;0:20.916;0:32.063;0:45.417;265.4;Patrick MCCLUGHAN;;LMP2;;Murphy Prototypes;Oreca;
48;1;27;1:39.108;0;;21.582;0;32.127;0;45.399;1;178.3;1:08:07.399;10:43:07.399;0:21.582;0:32.127;0:45.399;263.4;Patrick MCCLUGHAN;;LMP2;;Murphy Prototypes;Oreca;
48;1;28;1:38.427;0;;20.891;1;31.808;1;45.728;0;179.5;1:09:45.826;10:44:45.826;0:20.891;0:31.808;0:45.728;263.4;Patrick MCCLUGHAN;;LMP2;;Murphy Prototypes;Oreca;
48;1;29;1:38.892;0;;20.958;0;32.083;0;45.851;0;178.7;1:11:24.718;10:46:24.718;0:20.958;0:32.083;0:45.851;263.4;Patrick MCCLUGHAN;;LMP2;;Murphy Prototypes;Oreca;
48;1;30;1:41.166;0;;21.661;0;33.231;0;46.274;0;174.7;1:13:05.884;10:48:05.884;0:21.661;0:33.231;0:46.274;264.1;Patrick MCCLUGHAN;;LMP2;;Murphy Prototypes;Oreca;
48;1;31;1:42.076;0;;21.495;0;33.152;0;47.429;0;173.1;1:14:47.960;10:49:47.960;0:21.495;0:33.152;0:47.429;264.7;Patrick MCCLUGHAN;;LMP2;;Murphy Prototypes;Oreca;
48;1;32;3:32.996;0;B;21.259;0;32.289;0;2:39.448;0;83.0;1:18:20.956;10:53:20.956;0:21.259;0:32.289;2:39.448;263.4;Patrick MCCLUGHAN;;LMP2;;Murphy Prototypes;Oreca;
48;1;33;2:02.733;0;;35.949;0;34.862;0;51.922;0;144.0;1:20:23.689;10:55:23.689;0:35.949;0:34.862;0:51.922;196.4;Patrick MCCLUGHAN;0:02:08.374;LMP2;;Murphy Prototypes;Oreca;
48;1;34;3:18.709;0;;53.231;0;1:10.462;0;1:15.016;0;88.9;1:23:42.398;10:58:42.398;0:53.231;1:10.462;1:15.016;76.8;Patrick MCCLUGHAN;;LMP2;;Murphy Prototypes;Oreca;
48;1;35;1:41.495;0;;21.819;0;32.743;0;46.933;0;174.1;1:25:23.893;11:00:23.893;0:21.819;0:32.743;0:46.933;262.8;Patrick MCCLUGHAN;;LMP2;;Murphy Prototypes;Oreca;
48;1;36;1:38.618;0;;21.084;0;32.110;0;45.424;0;179.2;1:27:02.511;11:02:02.511;0:21.084;0:32.110;0:45.424;262.8;Patrick MCCLUGHAN;;LMP2;;Murphy Prototypes;Oreca;
48;1;37;1:42.442;0;;21.119;0;32.746;0;48.577;0;172.5;1:28:44.953;11:03:44.953;0:21.119;0:32.746;0:48.577;265.4;Patrick MCCLUGHAN;;LMP2;;Murphy Prototypes;Oreca;
48;1;38;1:40.104;0;;21.488;0;31.947;0;46.669;0;176.5;1:30:25.057;11:05:25.057;0:21.488;0:31.947;0:46.669;264.1;Patrick MCCLUGHAN;;LMP2;;Murphy Prototypes;Oreca;
5;0;1;3:25.201;0;;1:51.874;0;38.760;0;54.567;0;86.1;3:25.201;09:38:25.201;1:51.874;0:38.760;0:54.567;165.1;Tom JACKSON;0:01:25.100;LMP3;;BY SPEED FACTORY;LIGIER;
5;0;2;2:51.292;0;B;24.640;0;36.425;0;1:50.227;0;103.2;6:16.493;09:41:16.493;0:24.640;0:36.425;1:50.227;234.3;Tom JACKSON;;LMP3;;BY SPEED FACTORY;LIGIER;
5;0;3;3:13.601;0;;37.616;0;54.541;0;1:41.444;0;91.3;9:30.094;09:44:30.094;0:37.616;0:54.541;1:41.444;180.6;Tom JACKSON;0:01:15.653;LMP3;;BY SPEED FACTORY;LIGIER;
5;0;4;2:08.775;0;;45.225;0;35.016;0;48.534;0;137.2;11:38.869;09:46:38.869;0:45.225;0:35.016;0:48.534;74.2;Tom JACKSON;;LMP3;;BY SPEED FACTORY;LIGIER;
5;0;5;1:44.909;0;;22.280;0;34.045;0;48.584;0;168.5;13:23.778;09:48:23.778;0:22.280;0:34.045;0:48.584;251.7;Tom JACKSON;;LMP3;;BY SPEED FACTORY;LIGIER;
5;0;6;1:42.880;2;;22.003;0;33.201;0;47.676;2;171.8;15:06.658;09:50:06.658;0:22.003;0:33.201;0:47.676;254.7;Tom JACKSON;;LMP3;;BY SPEED FACTORY;LIGIER;
5;0;7;1:43.728;0;;21.912;0;33.086;0;48.730;0;170.4;16:50.386;09:51:50.386;0:21.912;0:33.086;0:48.730;255.9;Tom JACKSON;;LMP3;;BY SPEED FACTORY;LIGIER;
5;0;8;1:48.319;0;;22.506;0;35.177;0;50.636;0;163.2;18:38.705;09:53:38.705;0:22.506;0:35.177;0:50.636;260.2;Tom JACKSON;;LMP3;;BY SPEED FACTORY;LIGIER;
5;0;9;1:44.472;0;;21.831;0;33.560;0;49.081;0;169.2;20:23.177;09:55:23.177;0:21.831;0:33.560;0:49.081;259.0;Tom JACKSON;;LMP3;;BY SPEED FACTORY;LIGIER;
5;0;10;4:00.202;0;B;21.667;2;32.709;2;3:05.826;0;73.6;24:23.379;09:59:23.379;0:21.667;0:32.709;3:05.826;258.4;Tom JACKSON;;LMP3;;BY SPEED FACTORY;LIGIER;
5;1;11;2:09.865;0;;41.595;0;37.025;0;51.245;0;136.1;26:33.244;10:01:33.244;0:41.595;0:37.025;0:51.245;174.2;Alvaro FONTES;0:02:37.944;LMP3;;BY SPEED FACTORY;LIGIER;
5;1;12;1:45.708;0;;22.848;0;34.152;0;48.708;0;167.2;28:18.952;10:03:18.952;0:22.848;0:34.152;0:48.708;251.2;Alvaro FONTES;;LMP3;;BY SPEED FACTORY;LIGIER;
5;1;13;5:23.011;0;B;38.761;0;1:06.241;0;3:38.009;0;54.7;33:41.963;10:08:41.963;0:38.761;1:06.241;3:38.009;192.5;Alvaro FONTES;;LMP3;;BY SPEED FACTORY;LIGIER;
5;1;14;2:08.286;0;;41.629;0;36.936;0;49.721;0;137.8;35:50.249;10:10:50.249;0:41.629;0:36.936;0:49.721;173.4;Alvaro FONTES;0:02:25.412;LMP3;;BY SPEED FACTORY;LIGIER;
5;1;15;9:52.923;0;B;23.513;0;38.198;0;8:51.212;0;29.8;45:43.172;10:20:43.172;0:23.513;0:38.198;8:51.212;251.2;Alvaro FONTES;;LMP3;;BY SPEED FACTORY;LIGIER;
5;1;16;3:36.303;0;;1:06.658;0;1:14.640;0;1:15.005;0;81.7;49:19.475;10:24:19.475;1:06.658;1:14.640;1:15.005;74.7;Alvaro FONTES;0:07:50.300;LMP3;;BY SPEED FACTORY;LIGIER;
5;1;17;1:46.069;0;;22.812;0;34.058;0;49.199;0;166.6;51:05.544;10:26:05.544;0:22.812;0:34.058;0:49.199;248.3;Alvaro FONTES;;LMP3;;BY SPEED FACTORY;LIGIER;
5;1;18;1:45.725;0;;22.480;0;34.182;0;49.063;0;167.2;52:51.269;10:27:51.269;0:22.480;0:34.182;0:49.063;247.7;Alvaro FONTES;;LMP3;;BY SPEED FACTORY;LIGIER;
5;1;19;3:38.516;0;;22.708;0;1:08.963;0;2:06.845;0;80.9;56:29.785;10:31:29.785;0:22.708;1:08.963;2:06.845;250.0;Alvaro FONTES;;LMP3;;BY SPEED FACTORY;LIGIER;
5;1;20;2:35.550;0;;1:00.495;0;44.561;0;50.494;0;113.6;59:05.335;10:34:05.335;1:00.495;0:44.561;0:50.494;75.9;Alvaro FONTES;;LMP3;;BY SPEED FACTORY;LIGIER;
5;1;21;1:45.213;0;;22.397;0;33.985;0;48.831;0;168.0;1:00:50.548;10:35:50.548;0:22.397;0:33.985;0:48.831;253.5;Alvaro FONTES;;LMP3;;BY SPEED FACTORY;LIGIER;
5;1;22;1:44.242;0;;22.216;0;33.572;0;48.454;0;169.5;1:02:34.790;10:37:34.790;0:22.216;0:33.572;0:48.454;255.9;Alvaro FONTES;;LMP3;;BY SPEED FACTORY;LIGIER;
5;1;23;1:43.504;0;;22.247;0;33.252;0;48.005;0;170.7;1:04:18.294;10:39:18.294;0:22.247;0:33.252;0:48.005;255.9;Alvaro FONTES;;LMP3;;BY SPEED FACTORY;LIGIER;
5;1;24;1:43.504;0;;22.269;0;33.363;0;47.872;0;170.7;1:06:01.798;10:41:01.798;0:22.269;0:33.363;0:47.872;254.1;Alvaro FONTES;;LMP3;;BY SPEED FACTORY;LIGIER;
5;1;25;1:43.071;0;;22.150;1;33.100;1;47.821;1;171.5;1:07:44.869;10:42:44.869;0:22.150;0:33.100;0:47.821;255.3;Alvaro FONTES;;LMP3;;BY SPEED FACTORY;LIGIER;
5;1;26;3:20.340;0;B;22.758;0;33.998;0;2:23.584;0;88.2;1:11:05.209;10:46:05.209;0:22.758;0:33.998;2:23.584;252.9;Alvaro FONTES;;LMP3;;BY SPEED FACTORY;LIGIER;
5;2;27;2:05.869;0;;39.525;0;36.012;0;50.332;0;140.4;1:13:11.078;10:48:11.078;0:39.525;0:36.012;0:50.332;164.9;Jesus FUSTER;0:01:49.849;LMP3;;BY SPEED FACTORY;LIGIER;
5;2;28;1:47.998;0;;22.907;0;34.589;0;50.502;0;163.6;1:14:59.076;10:49:59.076;0:22.907;0:34.589;0:50.502;252.9;Jesus FUSTER;;LMP3;;BY SPEED FACTORY;LIGIER;
5;2;29;1:47.086;0;;22.749;0;34.083;0;50.254;0;165.0;1:16:46.162;10:51:46.162;0:22.749;0:34.083;0:50.254;254.1;Jesus FUSTER;;LMP3;;BY SPEED FACTORY;LIGIER;
5;2;30;1:45.730;0;;22.791;0;33.878;1;49.061;0;167.1;1:18:31.892;10:53:31.892;0:22.791;0:33.878;0:49.061;255.9;Jesus FUSTER;;LMP3;;BY SPEED FACTORY;LIGIER;
5;2;31;1:46.273;0;;22.293;1;34.329;0;49.651;0;166.3;1:20:18.165;10:55:18.165;0:22.293;0:34.329;0:49.651;255.3;Jesus FUSTER;;LMP3;;BY SPEED FACTORY;LIGIER;
5;2;32;3:21.085;0;;50.484;0;1:09.930;0;1:20.671;0;87.9;1:23:39.250;10:58:39.250;0:50.484;1:09.930;1:20.671;80.1;Jesus FUSTER;;LMP3;;BY SPEED FACTORY;LIGIER;
5;2;33;1:46.496;0;;23.069;0;34.106;0;49.321;0;165.9;1:25:25.746;11:00:25.746;0:23.069;0:34.106;0:49.321;249.4;Jesus FUSTER;;LMP3;;BY SPEED FACTORY;LIGIER;
5;2;34;1:45.323;0;;22.683;0;33.880;0;48.760;1;167.8;1:27:11.069;11:02:11.069;0:22.683;0:33.880;0:48.760;255.3;Jesus FUSTER;;LMP3;;BY SPEED FACTORY;LIGIER;
5;2;35;1:46.977;0;;22.617;0;34.462;0;49.898;0;165.2;1:28:58.046;11:03:58.046;0:22.617;0:34.462;0:49.898;254.7;Jesus FUSTER;;LMP3;;BY SPEED FACTORY;LIGIER;
5;2;36;1:46.617;0;;22.401;0;34.296;0;49.920;0;165.8;1:30:44.663;11:05:44.663;0:22.401;0:34.296;0:49.920;254.1;Jesus FUSTER;;LMP3;;BY SPEED FACTORY;LIGIER;
51;2;1;2:54.925;0;;1:23.413;0;38.829;0;52.683;0;101.0;2:54.925;09:37:54.925;1:23.413;0:38.829;0:52.683;157.9;Rui AGUAS;0:00:57.475;LMGTE;;AF Corse;Ferrari;
51;2;2;1:50.416;0;;23.545;0;35.996;0;50.875;0;160.1;4:45.341;09:39:45.341;0:23.545;0:35.996;0:50.875;217.3;Rui AGUAS;;LMGTE;;AF Corse;Ferrari;
51;2;3;1:51.600;0;;24.003;0;36.048;0;51.549;0;158.4;6:36.941;09:41:36.941;0:24.003;0:36.048;0:51.549;213.0;Rui AGUAS;;LMGTE;;AF Corse;Ferrari;
51;2;4;3:09.326;0;;27.661;0;1:03.860;0;1:37.805;0;93.3;9:46.267;09:44:46.267;0:27.661;1:03.860;1:37.805;178.8;Rui AGUAS;;LMGTE;;AF Corse;Ferrari;
51;2;5;2:01.085;0;;35.990;0;35.702;0;49.393;0;146.0;11:47.352;09:46:47.352;0:35.990;0:35.702;0:49.393;168.2;Rui AGUAS;;LMGTE;;AF Corse;Ferrari;
51;2;6;1:49.300;0;;22.290;0;34.713;0;52.297;0;161.7;13:36.652;09:48:36.652;0:22.290;0:34.713;0:52.297;259.6;Rui AGUAS;;LMGTE;;AF Corse;Ferrari;
51;2;7;1:44.697;0;;22.211;0;34.065;0;48.421;0;168.8;15:21.349;09:50:21.349;0:22.211;0:34.065;0:48.421;261.5;Rui AGUAS;;LMGTE;;AF Corse;Ferrari;
51;2;8;1:43.933;0;;22.002;1;34.316;0;47.615;1;170.0;17:05.282;09:52:05.282;0:22.002;0:34.316;0:47.615;262.1;Rui AGUAS;;LMGTE;;AF Corse;Ferrari;
51;2;9;1:43.288;0;;22.026;0;33.633;1;47.629;0;171.1;18:48.570;09:53:48.570;0:22.026;0:33.633;0:47.629;264.1;Rui AGUAS;;LMGTE;;AF Corse;Ferrari;
51;2;10;14:44.507;0;B;22.285;0;34.934;0;13:47.288;0;20.0;33:33.077;10:08:33.077;0:22.285;0:34.934;13:47.288;264.1;Rui AGUAS;;LMGTE;;AF Corse;Ferrari;
51;0;11;2:12.850;0;;42.393;0;38.732;0;51.725;0;133.0;35:45.927;10:10:45.927;0:42.393;0:38.732;0:51.725;168.7;Piergiuseppe PERAZZINI;0:13:16.328;LMGTE;;AF Corse;Ferrari;
51;0;12;2:27.659;0;;23.719;0;36.935;0;1:27.005;0;119.7;38:13.586;10:13:13.586;0:23.719;0:36.935;1:27.005;246.6;Piergiuseppe PERAZZINI;;LMGTE;;AF Corse;Ferrari;
51;0;13;3:16.254;0;;55.253;0;1:07.684;0;1:13.317;0;90.0;41:29.840;10:16:29.840;0:55.253;1:07.684;1:13.317;81.4;Piergiuseppe PERAZZINI;;LMGTE;;AF Corse;Ferrari;
51;0;14;1:49.827;0;;23.293;0;36.127;0;50.407;0;160.9;43:19.667;10:18:19.667;0:23.293;0:36.127;0:50.407;257.1;Piergiuseppe PERAZZINI;;LMGTE;;AF Corse;Ferrari;
51;0;15;1:46.667;0;;22.505;0;35.442;0;48.720;0;165.7;45:06.334;10:20:06.334;0:22.505;0:35.442;0:48.720;262.1;Piergiuseppe PERAZZINI;;LMGTE;;AF Corse;Ferrari;
51;0;16;3:17.380;0;;32.059;0;1:07.767;0;1:37.554;0;89.5;48:23.714;10:23:23.714;0:32.059;1:07.767;1:37.554;259.6;Piergiuseppe PERAZZINI;;LMGTE;;AF Corse;Ferrari;
51;0;17;1:57.818;0;;31.768;0;35.693;0;50.357;0;150.0;50:21.532;10:25:21.532;0:31.768;0:35.693;0:50.357;193.9;Piergiuseppe PERAZZINI;;LMGTE;;AF Corse;Ferrari;
51;0;18;1:46.237;0;;22.756;0;34.837;0;48.644;0;166.3;52:07.769;10:27:07.769;0:22.756;0:34.837;0:48.644;262.1;Piergiuseppe PERAZZINI;;LMGTE;;AF Corse;Ferrari;
51;0;19;5:42.384;0;B;22.529;0;35.031;0;4:44.824;0;51.6;57:50.153;10:32:50.153;0:22.529;0:35.031;4:44.824;262.8;Piergiuseppe PERAZZINI;;LMGTE;;AF Corse;Ferrari;
51;0;20;2:07.532;0;;39.545;0;35.989;0;51.998;0;138.6;59:57.685;10:34:57.685;0:39.545;0:35.989;0:51.998;173.9;Piergiuseppe PERAZZINI;0:03:45.767;LMGTE;;AF Corse;Ferrari;
51;0;21;1:47.021;0;;22.900;0;35.091;0;49.030;0;165.1;1:01:44.706;10:36:44.706;0:22.900;0:35.091;0:49.030;254.7;Piergiuseppe PERAZZINI;;LMGTE;;AF Corse;Ferrari;
51;0;22;1:47.265;0;;22.483;0;35.561;0;49.221;0;164.8;1:03:31.971;10:38:31.971;0:22.483;0:35.561;0:49.221;262.8;Piergiuseppe PERAZZINI;;LMGTE;;AF Corse;Ferrari;
51;0;23;1:46.002;0;;22.400;0;34.838;0;48.764;0;166.7;1:05:17.973;10:40:17.973;0:22.400;0:34.838;0:48.764;263.4;Piergiuseppe PERAZZINI;;LMGTE;;AF Corse;Ferrari;
51;0;24;1:45.502;0;;22.269;1;34.814;1;48.419;1;167.5;1:07:03.475;10:42:03.475;0:22.269;0:34.814;0:48.419;263.4;Piergiuseppe PERAZZINI;;LMGTE;;AF Corse;Ferrari;
51;0;25;2:58.238;0;B;23.008;0;34.877;0;2:00.353;0;99.2;1:10:01.713;10:45:01.713;0:23.008;0:34.877;2:00.353;262.8;Piergiuseppe PERAZZINI;;LMGTE;;AF Corse;Ferrari;
51;1;26;2:01.435;0;;38.293;0;34.733;0;48.409;0;145.5;1:12:03.148;10:47:03.148;0:38.293;0:34.733;0:48.409;160.7;Marco CIOCI;0:01:28.589;LMGTE;;AF Corse;Ferrari;
51;1;27;1:45.095;0;;22.246;0;35.196;0;47.653;0;168.2;1:13:48.243;10:48:48.243;0:22.246;0:35.196;0:47.653;262.1;Marco CIOCI;;LMGTE;;AF Corse;Ferrari;
51;1;28;1:44.329;0;;22.013;0;33.669;0;48.647;0;169.4;1:15:32.572;10:50:32.572;0:22.013;0:33.669;0:48.647;262.8;Marco CIOCI;;LMGTE;;AF Corse;Ferrari;
51;1;29;1:43.137;0;;21.957;0;33.540;0;47.640;0;171.3;1:17:15.709;10:52:15.709;0:21.957;0:33.540;0:47.640;262.1;Marco CIOCI;;LMGTE;;AF Corse;Ferrari;
51;1;30;1:43.040;0;;21.974;0;33.650;0;47.416;0;171.5;1:18:58.749;10:53:58.749;0:21.974;0:33.650;0:47.416;262.1;Marco CIOCI;;LMGTE;;AF Corse;Ferrari;
51;1;31;5:11.566;0;B;22.042;0;34.788;0;4:14.736;0;56.7;1:24:10.315;10:59:10.315;0:22.042;0:34.788;4:14.736;262.1;Marco CIOCI;;LMGTE;;AF Corse;Ferrari;
51;1;32;2:01.058;0;;39.036;0;34.330;0;47.692;0;146.0;1:26:11.373;11:01:11.373;0:39.036;0:34.330;0:47.692;165.6;Marco CIOCI;0:03:21.696;LMGTE;;AF Corse;Ferrari;
51;1;33;1:43.643;0;;21.942;0;33.837;0;47.864;0;170.5;1:27:55.016;11:02:55.016;0:21.942;0:33.837;0:47.864;263.4;Marco CIOCI;;LMGTE;;AF Corse;Ferrari;
51;1;34;1:42.731;0;;21.871;2;33.340;0;47.520;0;172.0;1:29:37.747;11:04:37.747;0:21.871;0:33.340;0:47.520;260.9;Marco CIOCI;;LMGTE;;AF Corse;Ferrari;
51;1;35;1:42.597;2;;21.989;0;33.238;2;47.370;2;172.3;1:31:20.344;11:06:20.344;0:21.989;0:33.238;0:47.370;262.1;Marco CIOCI;;LMGTE;;AF Corse;Ferrari;
55;1;1;2:47.325;0;;1:19.494;0;38.341;0;49.490;0;105.6;2:47.325;09:37:47.325;1:19.494;0:38.341;0:49.490;116.8;Matt GRIFFIN;0:00:50.963;LMGTE;;AF Corse;Ferrari;
55;1;2;1:44.303;0;;22.306;0;34.110;0;47.887;0;169.4;4:31.628;09:39:31.628;0:22.306;0:34.110;0:47.887;264.1;Matt GRIFFIN;;LMGTE;;AF Corse;Ferrari;
55;1;3;1:43.304;0;;22.302;0;33.721;0;47.281;0;171.1;6:14.932;09:41:14.932;0:22.302;0:33.721;0:47.281;257.1;Matt GRIFFIN;;LMGTE;;AF Corse;Ferrari;
55;1;4;6:16.276;0;B;21.992;0;33.423;0;5:20.861;0;47.0;12:31.208;09:47:31.208;0:21.992;0:33.423;5:20.861;264.1;Matt GRIFFIN;;LMGTE;;AF Corse;Ferrari;
55;0;5;2:22.761;0;;49.359;0;41.452;0;51.950;0;123.8;14:53.969;09:49:53.969;0:49.359;0:41.452;0:51.950;77.8;Duncan CAMERON;0:04:18.985;LMGTE;;AF Corse;Ferrari;
55;0;6;1:50.122;0;;24.809;0;35.364;0;49.949;0;160.5;16:44.091;09:51:44.091;0:24.809;0:35.364;0:49.949;262.1;Duncan CAMERON;;LMGTE;;AF Corse;Ferrari;
55;0;7;1:46.157;0;;22.646;0;34.886;0;48.625;0;166.5;18:30.248;09:53:30.248;0:22.646;0:34.886;0:48.625;261.5;Duncan CAMERON;;LMGTE;;AF Corse;Ferrari;
55;0;8;5:49.339;0;B;22.960;0;36.509;0;4:49.870;0;50.6;24:19.587;09:59:19.587;0:22.960;0:36.509;4:49.870;258.4;Duncan CAMERON;;LMGTE;;AF Corse;Ferrari;
55;0;9;2:04.000;0;;39.037;0;36.005;0;48.958;0;142.5;26:23.587;10:01:23.587;0:39.037;0:36.005;0:48.958;184.0;Duncan CAMERON;0:04:13.953;LMGTE;;AF Corse;Ferrari;
55;0;10;1:45.236;0;;22.425;1;34.300;1;48.511;1;167.9;28:08.823;10:03:08.823;0:22.425;0:34.300;0:48.511;263.4;Duncan CAMERON;;LMGTE;;AF Corse;Ferrari;
55;0;11;5:57.658;0;B;24.522;0;59.268;0;4:33.868;0;49.4;34:06.481;10:09:06.481;0:24.522;0:59.268;4:33.868;200.7;Duncan CAMERON;;LMGTE;;AF Corse;Ferrari;
55;0;12;2:06.022;0;;39.284;0;37.311;0;49.427;0;140.2;36:12.503;10:11:12.503;0:39.284;0:37.311;0:49.427;184.0;Duncan CAMERON;0:03:23.657;LMGTE;;AF Corse;Ferrari;
55;0;13;2:52.801;0;;24.192;0;51.122;0;1:37.487;0;102.3;39:05.304;10:14:05.304;0:24.192;0:51.122;1:37.487;237.4;Duncan CAMERON;;LMGTE;;AF Corse;Ferrari;
55;0;14;2:51.725;0;;55.322;0;1:05.995;0;50.408;0;102.9;41:57.029;10:16:57.029;0:55.322;1:05.995;0:50.408;80.1;Duncan CAMERON;;LMGTE;;AF Corse;Ferrari;
55;0;15;1:48.839;0;;22.825;0;36.066;0;49.948;0;162.4;43:45.868;10:18:45.868;0:22.825;0:36.066;0:49.948;261.5;Duncan CAMERON;;LMGTE;;AF Corse;Ferrari;
55;0;16;4:20.203;0;B;22.499;0;34.927;0;3:22.777;0;67.9;48:06.071;10:23:06.071;0:22.499;0:34.927;3:22.777;262.8;Duncan CAMERON;;LMGTE;;AF Corse;Ferrari;
55;2;17;2:10.164;0;;45.329;0;35.634;0;49.201;0;135.8;50:16.235;10:25:16.235;0:45.329;0:35.634;0:49.201;91.4;Aaron SCOTT;0:02:44.096;LMGTE;;AF Corse;Ferrari;
55;2;18;1:44.855;0;;22.209;0;34.052;0;48.594;0;168.5;52:01.090;10:27:01.090;0:22.209;0:34.052;0:48.594;261.5;Aaron SCOTT;;LMGTE;;AF Corse;Ferrari;
55;2;19;2:04.348;0;;22.560;0;35.027;0;1:06.761;0;142.1;54:05.438;10:29:05.438;0:22.560;0:35.027;1:06.761;244.3;Aaron SCOTT;;LMGTE;;AF Corse;Ferrari;
55;2;20;3:41.742;0;;55.400;0;1:08.885;0;1:37.457;0;79.7;57:47.180;10:32:47.180;0:55.400;1:08.885;1:37.457;80.2;Aaron SCOTT;;LMGTE;;AF Corse;Ferrari;
55;2;21;1:50.440;0;;26.053;0;35.277;0;49.110;0;160.0;59:37.620;10:34:37.620;0:26.053;0:35.277;0:49.110;225.9;Aaron SCOTT;;LMGTE;;AF Corse;Ferrari;
55;2;22;1:44.463;0;;22.254;0;34.179;0;48.030;0;169.2;1:01:22.083;10:36:22.083;0:22.254;0:34.179;0:48.030;260.9;Aaron SCOTT;;LMGTE;;AF Corse;Ferrari;
55;2;23;1:44.359;0;;22.051;1;34.282;0;48.026;0;169.3;1:03:06.442;10:38:06.442;0:22.051;0:34.282;0:48.026;261.5;Aaron SCOTT;;LMGTE;;AF Corse;Ferrari;
55;2;24;1:45.025;0;;22.270;0;33.859;0;48.896;0;168.3;1:04:51.467;10:39:51.467;0:22.270;0:33.859;0:48.896;259.6;Aaron SCOTT;;LMGTE;;AF Corse;Ferrari;
55;2;25;1:44.245;0;;22.366;0;33.785;0;48.094;0;169.5;1:06:35.712;10:41:35.712;0:22.366;0:33.785;0:48.094;262.8;Aaron SCOTT;;LMGTE;;AF Corse;Ferrari;
55;2;26;1:43.548;0;;22.105;0;33.719;0;47.724;0;170.7;1:08:19.260;10:43:19.260;0:22.105;0:33.719;0:47.724;262.8;Aaron SCOTT;;LMGTE;;AF Corse;Ferrari;
55;2;27;1:45.531;0;;22.265;0;33.928;0;49.338;0;167.5;1:10:04.791;10:45:04.791;0:22.265;0:33.928;0:49.338;254.7;Aaron SCOTT;;LMGTE;;AF Corse;Ferrari;
55;2;28;1:44.731;0;;22.154;0;34.371;0;48.206;0;168.7;1:11:49.522;10:46:49.522;0:22.154;0:34.371;0:48.206;262.8;Aaron SCOTT;;LMGTE;;AF Corse;Ferrari;
55;2;29;1:43.719;0;;22.142;0;33.869;0;47.708;0;170.4;1:13:33.241;10:48:33.241;0:22.142;0:33.869;0:47.708;262.1;Aaron SCOTT;;LMGTE;;AF Corse;Ferrari;
55;2;30;1:43.427;0;;22.080;0;33.650;1;47.697;1;170.9;1:15:16.668;10:50:16.668;0:22.080;0:33.650;0:47.697;263.4;Aaron SCOTT;;LMGTE;;AF Corse;Ferrari;
55;2;31;4:04.848;0;B;22.091;0;34.589;0;3:08.168;0;72.2;1:19:21.516;10:54:21.516;0:22.091;0:34.589;3:08.168;261.5;Aaron SCOTT;;LMGTE;;AF Corse;Ferrari;
55;1;32;3:14.650;0;;37.650;0;59.196;0;1:37.804;0;90.8;1:22:36.166;10:57:36.166;0:37.650;0:59.196;1:37.804;185.6;Matt GRIFFIN;0:02:35.112;LMGTE;;AF Corse;Ferrari;
55;1;33;2:14.687;0;;47.728;0;35.623;0;51.336;0;131.2;1:24:50.853;10:59:50.853;0:47.728;0:35.623;0:51.336;80.1;Matt GRIFFIN;;LMGTE;;AF Corse;Ferrari;
55;1;34;1:42.852;0;;22.082;0;33.530;0;47.240;0;171.8;1:26:33.705;11:01:33.705;0:22.082;0:33.530;0:47.240;262.1;Matt GRIFFIN;;LMGTE;;AF Corse;Ferrari;
55;1;35;1:44.435;0;;21.895;2;33.410;0;49.130;0;169.2;1:28:18.140;11:03:18.140;0:21.895;0:33.410;0:49.130;264.1;Matt GRIFFIN;;LMGTE;;AF Corse;Ferrari;
55;1;36;1:42.521;2;;22.010;0;33.341;2;47.170;2;172.4;1:30:00.661;11:05:00.661;0:22.010;0:33.341;0:47.170;262.8;Matt GRIFFIN;;LMGTE;;AF Corse;Ferrari;
56;1;1;3:02.983;0;;1:25.032;0;43.375;0;54.576;0;96.6;3:02.983;09:38:02.983;1:25.032;0:43.375;0:54.576;126.2;Alexander TALKA JR;0:00:53.990;LMGTE;;AT Racing;Ferrari;
56;1;2;1:49.869;0;;23.658;0;36.588;0;49.623;0;160.8;4:52.852;09:39:52.852;0:23.658;0:36.588;0:49.623;235.8;Alexander TALKA JR;;LMGTE;;AT Racing;Ferrari;
56;1;3;1:50.237;0;;23.653;0;37.347;0;49.237;0;160.3;6:43.089;09:41:43.089;0:23.653;0:37.347;0:49.237;236.3;Alexander TALKA JR;;LMGTE;;AT Racing;Ferrari;
56;1;4;5:45.675;0;B;22.465;0;54.128;0;4:29.082;0;51.1;12:28.764;09:47:28.764;0:22.465;0:54.128;4:29.082;264.1;Alexander TALKA JR;;LMGTE;;AT Racing;Ferrari;
56;1;5;2:01.426;0;;37.298;0;35.751;0;48.377;0;145.5;14:30.190;09:49:30.190;0:37.298;0:35.751;0:48.377;185.2;Alexander TALKA JR;0:03:18.649;LMGTE;;AT Racing;Ferrari;
56;1;6;1:43.533;0;;22.436;0;33.569;0;47.528;1;170.7;16:13.723;09:51:13.723;0:22.436;0:33.569;0:47.528;264.7;Alexander TALKA JR;;LMGTE;;AT Racing;Ferrari;
56;1;7;1:43.015;0;;22.228;0;33.242;2;47.545;0;171.6;17:56.738;09:52:56.738;0:22.228;0:33.242;0:47.545;262.1;Alexander TALKA JR;;LMGTE;;AT Racing;Ferrari;
56;1;8;1:47.098;0;;22.076;0;33.753;0;51.269;0;165.0;19:43.836;09:54:43.836;0:22.076;0:33.753;0:51.269;263.4;Alexander TALKA JR;;LMGTE;;AT Racing;Ferrari;
56;1;9;3:37.582;0;B;22.017;1;33.527;0;2:42.038;0;81.2;23:21.418;09:58:21.418;0:22.017;0:33.527;2:42.038;264.7;Alexander TALKA JR;;LMGTE;;AT Racing;Ferrari;
56;2;10;2:00.497;0;;38.013;0;34.558;0;47.926;0;146.7;25:21.915;10:00:21.915;0:38.013;0:34.558;0:47.926;153.0;Davide RIGON;0:02:10.455;LMGTE;;AT Racing;Ferrari;
56;2;11;1:42.935;2;;22.171;0;33.451;1;47.313;2;171.7;27:04.850;10:02:04.850;0:22.171;0:33.451;0:47.313;264.1;Davide RIGON;;LMGTE;;AT Racing;Ferrari;
56;2;12;1:43.975;0;;21.882;2;33.467;0;48.626;0;170.0;28:48.825;10:03:48.825;0:21.882;0:33.467;0:48.626;264.7;Davide RIGON;;LMGTE;;AT Racing;Ferrari;
56;2;13;6:19.307;0;B;57.335;0;1:09.088;0;4:12.884;0;46.6;35:08.132;10:10:08.132;0:57.335;1:09.088;4:12.884;75.0;Davide RIGON;;LMGTE;;AT Racing;Ferrari;
56;2;14;13:11.838;0;B;36.960;0;5:05.769;0;7:29.109;0;22.3;48:19.970;10:23:19.970;0:36.960;5:05.769;7:29.109;186.5;Davide RIGON;0:02:59.344;LMGTE;;AT Racing;Ferrari;
56;2;15;2:11.344;0;;38.860;0;38.964;0;53.520;0;134.6;50:31.314;10:25:31.314;0:38.860;0:38.964;0:53.520;183.7;Davide RIGON;0:06:47.945;LMGTE;;AT Racing;Ferrari;
56;2;16;1:44.392;0;;22.522;0;34.055;0;47.815;0;169.3;52:15.706;10:27:15.706;0:22.522;0:34.055;0:47.815;262.1;Davide RIGON;;LMGTE;;AT Racing;Ferrari;
56;2;17;5:43.868;0;B;21.961;0;33.946;0;4:47.961;0;51.4;57:59.574;10:32:59.574;0:21.961;0:33.946;4:47.961;264.1;Davide RIGON;;LMGTE;;AT Racing;Ferrari;
56;0;18;2:08.262;0;;41.628;0;36.055;0;50.579;0;137.8;1:00:07.836;10:35:07.836;0:41.628;0:36.055;0:50.579;176.5;Alexander TALKANITSA;0:03:50.893;LMGTE;;AT Racing;Ferrari;
56;0;19;1:48.191;0;;22.767;0;35.062;0;50.362;0;163.3;1:01:56.027;10:36:56.027;0:22.767;0:35.062;0:50.362;262.8;Alexander TALKANITSA;;LMGTE;;AT Racing;Ferrari;
56;0;20;1:45.878;0;;22.402;0;35.102;0;48.374;0;166.9;1:03:41.905;10:38:41.905;0:22.402;0:35.102;0:48.374;264.1;Alexander TALKANITSA;;LMGTE;;AT Racing;Ferrari;
56;0;21;1:44.194;0;;22.358;0;33.908;0;47.928;0;169.6;1:05:26.099;10:40:26.099;0:22.358;0:33.908;0:47.928;264.7;Alexander TALKANITSA;;LMGTE;;AT Racing;Ferrari;
56;0;22;1:43.933;0;;22.010;1;33.960;0;47.963;0;170.0;1:07:10.032;10:42:10.032;0:22.010;0:33.960;0:47.963;266.7;Alexander TALKANITSA;;LMGTE;;AT Racing;Ferrari;
56;0;23;3:51.612;0;B;22.715;0;34.603;0;2:54.294;0;76.3;1:11:01.644;10:46:01.644;0:22.715;0:34.603;2:54.294;247.7;Alexander TALKANITSA;;LMGTE;;AT Racing;Ferrari;
56;0;24;2:01.405;0;;38.370;0;34.951;0;48.084;0;145.6;1:13:03.049;10:48:03.049;0:38.370;0:34.951;0:48.084;179.1;Alexander TALKANITSA;0:02:23.591;LMGTE;;AT Racing;Ferrari;
56;0;25;1:44.920;0;;22.613;0;34.113;0;48.194;0;168.4;1:14:47.969;10:49:47.969;0:22.613;0:34.113;0:48.194;263.4;Alexander TALKANITSA;;LMGTE;;AT Racing;Ferrari;
56;0;26;1:44.065;0;;22.479;0;33.604;1;47.982;0;169.8;1:16:32.034;10:51:32.034;0:22.479;0:33.604;0:47.982;251.2;Alexander TALKANITSA;;LMGTE;;AT Racing;Ferrari;
56;0;27;7:00.657;0;B;22.228;0;33.999;0;6:04.430;0;42.0;1:23:32.691;10:58:32.691;0:22.228;0:33.999;6:04.430;264.7;Alexander TALKANITSA;;LMGTE;;AT Racing;Ferrari;
56;0;28;2:06.345;0;;41.979;0;35.488;0;48.878;0;139.9;1:25:39.036;11:00:39.036;0:41.979;0:35.488;0:48.878;100.6;Alexander TALKANITSA;0:05:34.952;LMGTE;;AT Racing;Ferrari;
56;0;29;1:44.741;0;;22.283;0;33.893;0;48.565;0;168.7;1:27:23.777;11:02:23.777;0:22.283;0:33.893;0:48.565;262.8;Alexander TALKANITSA;;LMGTE;;AT Racing;Ferrari;
56;0;30;1:44.033;0;;22.384;0;33.865;0;47.784;1;169.9;1:29:07.810;11:04:07.810;0:22.384;0:33.865;0:47.784;253.5;Alexander TALKANITSA;;LMGTE;;AT Racing;Ferrari;
56;0;31;1:43.944;0;;22.254;0;33.894;0;47.796;0;170.0;1:30:51.754;11:05:51.754;0:22.254;0:33.894;0:47.796;262.1;Alexander TALKANITSA;;LMGTE;;AT Racing;Ferrari;
6;1;1;3:12.328;0;;1:39.049;0;39.041;0;54.238;0;91.9;3:12.328;09:38:12.328;1:39.049;0:39.041;0:54.238;171.7;Ross KAISER;0:01:11.171;LMP3;;360 Racing;LIGIER;
6;1;2;1:58.346;0;;25.947;0;39.289;0;53.110;0;149.3;5:10.674;09:40:10.674;0:25.947;0:39.289;0:53.110;187.2;Ross KAISER;;LMP3;;360 Racing;LIGIER;
6;1;3;1:51.198;0;;23.727;0;36.996;0;50.475;0;158.9;7:01.872;09:42:01.872;0:23.727;0:36.996;0:50.475;216.0;Ross KAISER;;LMP3;;360 Racing;LIGIER;
6;1;4;3:23.609;0;B;27.928;0;1:09.586;0;1:46.095;0;86.8;10:25.481;09:45:25.481;0:27.928;1:09.586;1:46.095;244.3;Ross KAISER;;LMP3;;360 Racing;LIGIER;
6;1;5;3:51.896;0;;2:28.935;0;34.386;0;48.575;0;76.2;14:17.377;09:49:17.377;2:28.935;0:34.386;0:48.575;177.3;Ross KAISER;0:02:24.119;LMP3;;360 Racing;LIGIER;
6;1;6;1:46.321;0;;22.108;0;33.392;0;50.821;0;166.2;16:03.698;09:51:03.698;0:22.108;0:33.392;0:50.821;256.5;Ross KAISER;;LMP3;;360 Racing;LIGIER;
6;1;7;1:43.048;0;;21.921;0;33.321;0;47.806;0;171.5;17:46.746;09:52:46.746;0:21.921;0:33.321;0:47.806;257.8;Ross KAISER;;LMP3;;360 Racing;LIGIER;
6;1;8;1:42.227;0;;22.468;0;32.581;0;47.178;0;172.9;19:28.973;09:54:28.973;0:22.468;0:32.581;0:47.178;259.0;Ross KAISER;;LMP3;;360 Racing;LIGIER;
6;1;9;1:41.611;0;;21.820;0;32.566;0;47.225;0;173.9;21:10.584;09:56:10.584;0:21.820;0:32.566;0:47.225;257.8;Ross KAISER;;LMP3;;360 Racing;LIGIER;
6;1;10;1:40.977;2;;21.673;2;32.305;2;46.999;0;175.0;22:51.561;09:57:51.561;0:21.673;0:32.305;0:46.999;259.0;Ross KAISER;;LMP3;;360 Racing;LIGIER;
6;1;11;1:41.112;0;;21.722;0;32.475;0;46.915;0;174.8;24:32.673;09:59:32.673;0:21.722;0:32.475;0:46.915;257.8;Ross KAISER;;LMP3;;360 Racing;LIGIER;
6;1;12;1:41.083;0;;21.754;0;32.437;0;46.892;2;174.8;26:13.756;10:01:13.756;0:21.754;0:32.437;0:46.892;259.0;Ross KAISER;;LMP3;;360 Racing;LIGIER;
6;1;13;1:43.173;0;;21.860;0;32.751;0;48.562;0;171.3;27:56.929;10:02:56.929;0:21.860;0:32.751;0:48.562;260.9;Ross KAISER;;LMP3;;360 Racing;LIGIER;
6;1;14;3:08.346;0;B;21.872;0;45.036;0;2:01.438;0;93.8;31:05.275;10:06:05.275;0:21.872;0:45.036;2:01.438;255.9;Ross KAISER;;LMP3;;360 Racing;LIGIER;
6;0;15;5:13.538;0;;3:44.853;0;39.008;0;49.677;0;56.4;36:18.813;10:11:18.813;3:44.853;0:39.008;0:49.677;180.3;Terrence WOODWARD;0:03:49.186;LMP3;;360 Racing;LIGIER;
6;0;16;2:50.251;0;;23.027;0;47.356;0;1:39.868;0;103.8;39:09.064;10:14:09.064;0:23.027;0:47.356;1:39.868;239.5;Terrence WOODWARD;;LMP3;;360 Racing;LIGIER;
6;0;17;2:48.787;0;;56.769;0;1:02.844;0;49.174;0;104.7;41:57.851;10:16:57.851;0:56.769;1:02.844;0:49.174;77.9;Terrence WOODWARD;;LMP3;;360 Racing;LIGIER;
6;0;18;1:44.703;0;;22.226;0;34.193;0;48.284;0;168.8;43:42.554;10:18:42.554;0:22.226;0:34.193;0:48.284;260.9;Terrence WOODWARD;;LMP3;;360 Racing;LIGIER;
6;0;19;2:01.375;0;;22.634;0;34.571;0;1:04.170;0;145.6;45:43.929;10:20:43.929;0:22.634;0:34.571;1:04.170;230.8;Terrence WOODWARD;;LMP3;;360 Racing;LIGIER;
6;0;20;3:15.164;0;;56.269;0;1:08.296;0;1:10.599;0;90.6;48:59.093;10:23:59.093;0:56.269;1:08.296;1:10.599;78.3;Terrence WOODWARD;;LMP3;;360 Racing;LIGIER;
6;0;21;1:43.744;0;;21.973;0;33.499;0;48.272;0;170.3;50:42.837;10:25:42.837;0:21.973;0:33.499;0:48.272;256.5;Terrence WOODWARD;;LMP3;;360 Racing;LIGIER;
6;0;22;1:45.388;0;;22.700;0;34.758;0;47.930;1;167.7;52:28.225;10:27:28.225;0:22.700;0:34.758;0:47.930;261.5;Terrence WOODWARD;;LMP3;;360 Racing;LIGIER;
6;0;23;2:27.879;0;;21.759;1;33.288;1;1:32.832;0;119.5;54:56.104;10:29:56.104;0:21.759;0:33.288;1:32.832;260.2;Terrence WOODWARD;;LMP3;;360 Racing;LIGIER;
6;0;24;3:17.692;0;;56.602;0;1:10.873;0;1:10.217;0;89.4;58:13.796;10:33:13.796;0:56.602;1:10.873;1:10.217;76.1;Terrence WOODWARD;;LMP3;;360 Racing;LIGIER;
6;0;25;1:49.881;0;;24.058;0;36.023;0;49.800;0;160.8;1:00:03.677;10:35:03.677;0:24.058;0:36.023;0:49.800;229.8;Terrence WOODWARD;;LMP3;;360 Racing;LIGIER;
6;0;26;2:03.504;0;B;23.805;0;33.801;0;1:05.898;0;143.1;1:02:07.181;10:37:07.181;0:23.805;0:33.801;1:05.898;258.4;Terrence WOODWARD;;LMP3;;360 Racing;LIGIER;
6;2;27;3:27.681;0;;2:02.544;0;34.887;0;50.250;0;85.1;1:05:34.862;10:40:34.862;2:02.544;0:34.887;0:50.250;175.3;James SWIFT;0:01:58.251;LMP3;;360 Racing;LIGIER;
6;2;28;1:49.431;0;;23.264;0;33.797;0;52.370;0;161.5;1:07:24.293;10:42:24.293;0:23.264;0:33.797;0:52.370;252.3;James SWIFT;;LMP3;;360 Racing;LIGIER;
6;2;29;1:47.855;0;;22.727;0;35.204;0;49.924;0;163.9;1:09:12.148;10:44:12.148;0:22.727;0:35.204;0:49.924;259.0;James SWIFT;;LMP3;;360 Racing;LIGIER;
6;2;30;1:43.262;0;;22.214;0;33.352;0;47.696;0;171.1;1:10:55.410;10:45:55.410;0:22.214;0:33.352;0:47.696;255.9;James SWIFT;;LMP3;;360 Racing;LIGIER;
6;2;31;1:42.854;0;;21.928;0;33.314;0;47.612;0;171.8;1:12:38.264;10:47:38.264;0:21.928;0:33.314;0:47.612;256.5;James SWIFT;;LMP3;;360 Racing;LIGIER;
6;2;32;1:42.700;0;;21.882;1;33.251;0;47.567;0;172.1;1:14:20.964;10:49:20.964;0:21.882;0:33.251;0:47.567;256.5;James SWIFT;;LMP3;;360 Racing;LIGIER;
6;2;33;1:48.811;0;;24.632;0;35.453;0;48.726;0;162.4;1:16:09.775;10:51:09.775;0:24.632;0:35.453;0:48.726;255.9;James SWIFT;;LMP3;;360 Racing;LIGIER;
6;2;34;1:47.139;0;;22.277;0;34.188;0;50.674;0;164.9;1:17:56.914;10:52:56.914;0:22.277;0:34.188;0:50.674;257.1;James SWIFT;;LMP3;;360 Racing;LIGIER;
6;2;35;1:42.616;0;;22.070;0;33.186;0;47.360;1;172.2;1:19:39.530;10:54:39.530;0:22.070;0:33.186;0:47.360;256.5;James SWIFT;;LMP3;;360 Racing;LIGIER;
6;2;36;3:07.239;0;;22.955;0;1:03.113;0;1:41.171;0;94.4;1:22:46.769;10:57:46.769;0:22.955;1:03.113;1:41.171;256.5;James SWIFT;;LMP3;;360 Racing;LIGIER;
6;2;37;2:11.082;0;;43.622;0;34.648;0;52.812;0;134.8;1:24:57.851;10:59:57.851;0:43.622;0:34.648;0:52.812;78.1;James SWIFT;;LMP3;;360 Racing;LIGIER;
6;2;38;1:42.939;0;;22.314;0;32.992;1;47.633;0;171.7;1:26:40.790;11:01:40.790;0:22.314;0:32.992;0:47.633;255.9;James SWIFT;;LMP3;;360 Racing;LIGIER;
6;2;39;1:43.765;0;;22.032;0;33.484;0;48.249;0;170.3;1:28:24.555;11:03:24.555;0:22.032;0:33.484;0:48.249;256.5;James SWIFT;;LMP3;;360 Racing;LIGIER;
6;2;40;1:50.083;0;;22.247;0;38.054;0;49.782;0;160.5;1:30:14.638;11:05:14.638;0:22.247;0:38.054;0:49.782;260.2;James SWIFT;;LMP3;;360 Racing;LIGIER;
60;2;1;2:52.070;0;;1:18.358;0;41.647;0;52.065;0;102.7;2:52.070;09:37:52.070;1:18.358;0:41.647;0:52.065;121.8;Christina NIELSEN;0:00:45.990;LMGTE;;Formula Racing;Ferrari;
60;2;2;1:48.705;0;;23.024;0;35.209;0;50.472;0;162.6;4:40.775;09:39:40.775;0:23.024;0:35.209;0:50.472;259.6;Christina NIELSEN;;LMGTE;;Formula Racing;Ferrari;
60;2;3;1:47.148;0;;22.763;0;34.661;0;49.724;0;164.9;6:27.923;09:41:27.923;0:22.763;0:34.661;0:49.724;260.2;Christina NIELSEN;;LMGTE;;Formula Racing;Ferrari;
60;2;4;5:37.356;0;B;22.557;0;51.199;0;4:23.600;0;52.4;12:05.279;09:47:05.279;0:22.557;0:51.199;4:23.600;260.2;Christina NIELSEN;;LMGTE;;Formula Racing;Ferrari;
60;2;5;2:10.292;0;;42.877;0;36.070;0;51.345;0;135.6;14:15.571;09:49:15.571;0:42.877;0:36.070;0:51.345;134.3;Christina NIELSEN;0:03:09.698;LMGTE;;Formula Racing;Ferrari;
60;2;6;1:45.692;0;;22.559;0;34.089;0;49.044;0;167.2;16:01.263;09:51:01.263;0:22.559;0:34.089;0:49.044;260.2;Christina NIELSEN;;LMGTE;;Formula Racing;Ferrari;
60;2;7;1:45.407;0;;22.434;0;34.093;0;48.880;0;167.7;17:46.670;09:52:46.670;0:22.434;0:34.093;0:48.880;260.2;Christina NIELSEN;;LMGTE;;Formula Racing;Ferrari;
60;2;8;1:45.374;0;;23.128;0;33.919;0;48.327;0;167.7;19:32.044;09:54:32.044;0:23.128;0:33.919;0:48.327;261.5;Christina NIELSEN;;LMGTE;;Formula Racing;Ferrari;
60;2;9;1:44.828;0;;22.118;0;34.194;0;48.516;0;168.6;21:16.872;09:56:16.872;0:22.118;0:34.194;0:48.516;262.8;Christina NIELSEN;;LMGTE;;Formula Racing;Ferrari;
60;2;10;1:44.713;0;;22.181;0;34.520;0;48.012;0;168.8;23:01.585;09:58:01.585;0:22.181;0:34.520;0:48.012;261.5;Christina NIELSEN;;LMGTE;;Formula Racing;Ferrari;
60;2;11;1:43.857;2;;22.127;0;33.889;2;47.841;2;170.2;24:45.442;09:59:45.442;0:22.127;0:33.889;0:47.841;262.1;Christina NIELSEN;;LMGTE;;Formula Racing;Ferrari;
60;2;12;1:45.130;0;;22.006;2;34.387;0;48.737;0;168.1;26:30.572;10:01:30.572;0:22.006;0:34.387;0:48.737;262.8;Christina NIELSEN;;LMGTE;;Formula Racing;Ferrari;
60;2;13;7:06.209;0;B;28.842;0;38.889;0;5:58.478;0;41.5;33:36.781;10:08:36.781;0:28.842;0:38.889;5:58.478;262.1;Christina NIELSEN;;LMGTE;;Formula Racing;Ferrari;
60;2;14;2:18.946;0;;46.753;0;39.863;0;52.330;0;127.2;35:55.727;10:10:55.727;0:46.753;0:39.863;0:52.330;149.6;Christina NIELSEN;0:05:26.472;LMGTE;;Formula Racing;Ferrari;
60;2;15;2:42.392;0;;25.234;0;38.551;0;1:38.607;0;108.8;38:38.119;10:13:38.119;0:25.234;0:38.551;1:38.607;221.3;Christina NIELSEN;;LMGTE;;Formula Racing;Ferrari;
60;2;16;3:09.609;0;;57.415;0;1:12.805;0;59.389;0;93.2;41:47.728;10:16:47.728;0:57.415;1:12.805;0:59.389;79.1;Christina NIELSEN;;LMGTE;;Formula Racing;Ferrari;
60;2;17;1:45.897;0;;22.475;0;35.096;0;48.326;0;166.9;43:33.625;10:18:33.625;0:22.475;0:35.096;0:48.326;262.1;Christina NIELSEN;;LMGTE;;Formula Racing;Ferrari;
66;1;1;2:39.039;0;;1:11.364;0;35.532;0;52.143;0;111.1;2:39.039;09:37:39.039;1:11.364;0:35.532;0:52.143;88.2;Rory BUTCHER;0:00:38.602;LMGTE;;JMW Motorsport;Ferrari;
66;1;2;1:43.595;0;;22.129;0;33.556;0;47.910;0;170.6;4:22.634;09:39:22.634;0:22.129;0:33.556;0:47.910;264.7;Rory BUTCHER;;LMGTE;;JMW Motorsport;Ferrari;
66;1;3;1:43.444;0;;22.051;0;33.713;0;47.680;0;170.8;6:06.078;09:41:06.078;0:22.051;0:33.713;0:47.680;263.4;Rory BUTCHER;;LMGTE;;JMW Motorsport;Ferrari;
66;1;4;2:18.169;0;;21.806;0;33.532;0;1:22.831;0;127.9;8:24.247;09:43:24.247;0:21.806;0:33.532;1:22.831;264.7;Rory BUTCHER;;LMGTE;;JMW Motorsport;Ferrari;
66;1;5;2:40.644;0;;55.324;0;54.223;0;51.097;0;110.0;11:04.891;09:46:04.891;0:55.324;0:54.223;0:51.097;79.8;Rory BUTCHER;;LMGTE;;JMW Motorsport;Ferrari;
66;1;6;1:43.619;0;;22.103;0;33.712;0;47.804;0;170.6;12:48.510;09:47:48.510;0:22.103;0:33.712;0:47.804;264.1;Rory BUTCHER;;LMGTE;;JMW Motorsport;Ferrari;
66;1;7;3:38.136;0;B;22.037;0;34.218;0;2:41.881;0;81.0;16:26.646;09:51:26.646;0:22.037;0:34.218;2:41.881;264.7;Rory BUTCHER;;LMGTE;;JMW Motorsport;Ferrari;
66;1;8;2:00.762;0;;37.052;0;34.697;0;49.013;0;146.3;18:27.408;09:53:27.408;0:37.052;0:34.697;0:49.013;184.6;Rory BUTCHER;0:02:10.570;LMGTE;;JMW Motorsport;Ferrari;
66;1;9;1:42.898;0;;21.783;0;33.810;0;47.305;0;171.7;20:10.306;09:55:10.306;0:21.783;0:33.810;0:47.305;266.7;Rory BUTCHER;;LMGTE;;JMW Motorsport;Ferrari;
66;1;10;1:42.750;0;;21.755;0;33.710;0;47.285;0;172.0;21:53.056;09:56:53.056;0:21.755;0:33.710;0:47.285;266.0;Rory BUTCHER;;LMGTE;;JMW Motorsport;Ferrari;
66;1;11;1:42.428;0;;21.638;1;33.444;0;47.346;0;172.5;23:35.484;09:58:35.484;0:21.638;0:33.444;0:47.346;266.7;Rory BUTCHER;;LMGTE;;JMW Motorsport;Ferrari;
66;1;12;1:42.156;0;;21.685;0;33.265;1;47.206;1;173.0;25:17.640;10:00:17.640;0:21.685;0:33.265;0:47.206;266.7;Rory BUTCHER;;LMGTE;;JMW Motorsport;Ferrari;
66;1;13;1:42.561;0;;21.654;0;33.601;0;47.306;0;172.3;27:00.201;10:02:00.201;0:21.654;0:33.601;0:47.306;266.0;Rory BUTCHER;;LMGTE;;JMW Motorsport;Ferrari;
66;1;14;6:43.482;0;B;21.704;0;33.637;0;5:48.141;0;43.8;33:43.683;10:08:43.683;0:21.704;0:33.637;5:48.141;266.7;Rory BUTCHER;;LMGTE;;JMW Motorsport;Ferrari;
66;0;15;2:07.267;0;;40.322;0;37.364;0;49.581;0;138.9;35:50.950;10:10:50.950;0:40.322;0:37.364;0:49.581;177.0;Robert SMITH;0:05:17.386;LMGTE;;JMW Motorsport;Ferrari;
66;0;16;2:40.492;0;;24.531;0;37.389;0;1:38.572;0;110.1;38:31.442;10:13:31.442;0:24.531;0:37.389;1:38.572;242.2;Robert SMITH;;LMGTE;;JMW Motorsport;Ferrari;
66;0;17;3:09.936;0;;56.999;0;1:09.799;0;1:03.138;0;93.0;41:41.378;10:16:41.378;0:56.999;1:09.799;1:03.138;76.2;Robert SMITH;;LMGTE;;JMW Motorsport;Ferrari;
66;0;18;1:48.896;0;;23.660;0;35.781;0;49.455;0;162.3;43:30.274;10:18:30.274;0:23.660;0:35.781;0:49.455;236.3;Robert SMITH;;LMGTE;;JMW Motorsport;Ferrari;
66;0;19;1:47.214;0;;22.603;0;35.463;0;49.148;0;164.8;45:17.488;10:20:17.488;0:22.603;0:35.463;0:49.148;259.0;Robert SMITH;;LMGTE;;JMW Motorsport;Ferrari;
66;0;20;3:29.339;0;;56.347;0;1:10.014;0;1:22.978;0;84.4;48:46.827;10:23:46.827;0:56.347;1:10.014;1:22.978;72.1;Robert SMITH;;LMGTE;;JMW Motorsport;Ferrari;
66;0;21;1:49.331;0;;23.315;0;35.740;0;50.276;0;161.6;50:36.158;10:25:36.158;0:23.315;0:35.740;0:50.276;229.8;Robert SMITH;;LMGTE;;JMW Motorsport;Ferrari;
66;0;22;1:45.698;0;;22.940;0;34.637;0;48.121;0;167.2;52:21.856;10:27:21.856;0:22.940;0:34.637;0:48.121;225.0;Robert SMITH;;LMGTE;;JMW Motorsport;Ferrari;
66;0;23;4:05.161;0;B;22.404;0;34.597;0;3:08.160;0;72.1;56:27.017;10:31:27.017;0:22.404;0:34.597;3:08.160;262.8;Robert SMITH;;LMGTE;;JMW Motorsport;Ferrari;
66;2;24;2:32.464;0;;58.940;0;44.705;0;48.819;0;115.9;58:59.481;10:33:59.481;0:58.940;0:44.705;0:48.819;80.3;Andrea BERTOLINI;0:02:05.082;LMGTE;;JMW Motorsport;Ferrari;
66;2;25;1:44.484;0;;22.142;0;34.167;0;48.175;0;169.1;1:00:43.965;10:35:43.965;0:22.142;0:34.167;0:48.175;262.8;Andrea BERTOLINI;;LMGTE;;JMW Motorsport;Ferrari;
66;2;26;1:43.251;0;;21.785;0;33.660;0;47.806;0;171.2;1:02:27.216;10:37:27.216;0:21.785;0:33.660;0:47.806;264.7;Andrea BERTOLINI;;LMGTE;;JMW Motorsport;Ferrari;
66;2;27;1:42.303;0;;21.665;0;33.355;0;47.283;0;172.7;1:04:09.519;10:39:09.519;0:21.665;0:33.355;0:47.283;266.0;Andrea BERTOLINI;;LMGTE;;JMW Motorsport;Ferrari;
66;2;28;2:50.518;0;B;21.626;0;37.328;0;1:51.564;0;103.6;1:07:00.037;10:42:00.037;0:21.626;0:37.328;1:51.564;266.7;Andrea BERTOLINI;;LMGTE;;JMW Motorsport;Ferrari;
66;2;29;2:01.751;0;;37.301;0;35.165;0;49.285;0;145.2;1:09:01.788;10:44:01.788;0:37.301;0:35.165;0:49.285;185.9;Andrea BERTOLINI;0:01:19.527;LMGTE;;JMW Motorsport;Ferrari;
66;2;30;1:43.644;0;;21.729;0;34.204;0;47.711;0;170.5;1:10:45.432;10:45:45.432;0:21.729;0:34.204;0:47.711;266.0;Andrea BERTOLINI;;LMGTE;;JMW Motorsport;Ferrari;
66;2;31;1:41.870;2;;21.644;0;33.326;0;46.900;2;173.5;1:12:27.302;10:47:27.302;0:21.644;0:33.326;0:46.900;266.0;Andrea BERTOLINI;;LMGTE;;JMW Motorsport;Ferrari;
66;2;32;1:51.296;0;;22.992;0;35.550;0;52.754;0;158.8;1:14:18.598;10:49:18.598;0:22.992;0:35.550;0:52.754;251.7;Andrea BERTOLINI;;LMGTE;;JMW Motorsport;Ferrari;
66;2;33;1:44.821;0;;21.678;0;33.415;0;49.728;0;168.6;1:16:03.419;10:51:03.419;0:21.678;0:33.415;0:49.728;266.7;Andrea BERTOLINI;;LMGTE;;JMW Motorsport;Ferrari;
66;2;34;1:48.046;0;;21.748;0;33.263;2;53.035;0;163.6;1:17:51.465;10:52:51.465;0:21.748;0:33.263;0:53.035;265.4;Andrea BERTOLINI;;LMGTE;;JMW Motorsport;Ferrari;
66;2;35;1:42.526;0;;21.618;2;33.324;0;47.584;0;172.4;1:19:33.991;10:54:33.991;0:21.618;0:33.324;0:47.584;265.4;Andrea BERTOLINI;;LMGTE;;JMW Motorsport;Ferrari;
66;2;36;3:56.140;0;B;21.671;0;44.142;0;2:50.327;0;74.8;1:23:30.131;10:58:30.131;0:21.671;0:44.142;2:50.327;267.3;Andrea BERTOLINI;;LMGTE;;JMW Motorsport;Ferrari;
66;0;37;2:10.237;0;;45.488;0;36.255;0;48.494;0;135.7;1:25:40.368;11:00:40.368;0:45.488;0:36.255;0:48.494;98.2;Robert SMITH;0:01:40.617;LMGTE;;JMW Motorsport;Ferrari;
66;0;38;1:45.426;0;;22.425;0;34.655;0;48.346;0;167.6;1:27:25.794;11:02:25.794;0:22.425;0:34.655;0:48.346;260.9;Robert SMITH;;LMGTE;;JMW Motorsport;Ferrari;
66;0;39;1:43.524;0;;22.132;1;33.846;1;47.546;1;170.7;1:29:09.318;11:04:09.318;0:22.132;0:33.846;0:47.546;265.4;Robert SMITH;;LMGTE;;JMW Motorsport;Ferrari;
66;0;40;1:43.940;0;;22.155;0;34.174;0;47.611;0;170.0;1:30:53.258;11:05:53.258;0:22.155;0:34.174;0:47.611;265.4;Robert SMITH;;LMGTE;;JMW Motorsport;Ferrari;
7;0;1;3:04.341;0;;1:30.745;0;39.064;0;54.532;0;95.9;3:04.341;09:38:04.341;1:30.745;0:39.064;0:54.532;174.5;Roberto LACORTE;0:01:03.991;LMP3;;Villorba Corse;LIGIER;
7;0;2;1:47.656;0;;22.588;0;35.402;0;49.666;0;164.2;4:51.997;09:39:51.997;0:22.588;0:35.402;0:49.666;255.3;Roberto LACORTE;;LMP3;;Villorba Corse;LIGIER;
7;0;3;1:45.482;0;;22.480;0;34.292;0;48.710;0;167.5;6:37.479;09:41:37.479;0:22.480;0:34.292;0:48.710;258.4;Roberto LACORTE;;LMP3;;Villorba Corse;LIGIER;
7;0;4;2:53.170;0;;22.043;0;50.626;0;1:40.501;0;102.1;9:30.649;09:44:30.649;0:22.043;0:50.626;1:40.501;256.5;Roberto LACORTE;;LMP3;;Villorba Corse;LIGIER;
7;0;5;2:09.122;0;;45.517;0;34.603;0;49.002;0;136.9;11:39.771;09:46:39.771;0:45.517;0:34.603;0:49.002;69.8;Roberto LACORTE;;LMP3;;Villorba Corse;LIGIER;
7;0;6;1:45.344;0;;22.619;0;34.034;0;48.691;0;167.8;13:25.115;09:48:25.115;0:22.619;0:34.034;0:48.691;255.9;Roberto LACORTE;;LMP3;;Villorba Corse;LIGIER;
7;0;7;1:44.599;0;;21.868;0;34.263;0;48.468;0;169.0;15:09.714;09:50:09.714;0:21.868;0:34.263;0:48.468;260.9;Roberto LACORTE;;LMP3;;Villorba Corse;LIGIER;
7;0;8;2:02.173;0;B;22.243;0;34.484;0;1:05.446;0;144.7;17:11.887;09:52:11.887;0:22.243;0:34.484;1:05.446;258.4;Roberto LACORTE;;LMP3;;Villorba Corse;LIGIER;
7;0;9;3:37.416;0;;2:14.103;0;35.009;0;48.304;0;81.3;20:49.303;09:55:49.303;2:14.103;0:35.009;0:48.304;186.9;Roberto LACORTE;0:02:10.455;LMP3;;Villorba Corse;LIGIER;
7;0;10;1:43.640;0;;22.014;0;33.628;0;47.998;1;170.5;22:32.943;09:57:32.943;0:22.014;0:33.628;0:47.998;259.0;Roberto LACORTE;;LMP3;;Villorba Corse;LIGIER;
7;0;11;1:44.617;0;;22.197;0;33.705;0;48.715;0;168.9;24:17.560;09:59:17.560;0:22.197;0:33.705;0:48.715;258.4;Roberto LACORTE;;LMP3;;Villorba Corse;LIGIER;
7;0;12;1:43.645;0;;21.914;0;33.583;0;48.148;0;170.5;26:01.205;10:01:01.205;0:21.914;0:33.583;0:48.148;258.4;Roberto LACORTE;;LMP3;;Villorba Corse;LIGIER;
7;0;13;1:44.070;0;;21.854;1;33.456;1;48.760;0;169.8;27:45.275;10:02:45.275;0:21.854;0:33.456;0:48.760;259.6;Roberto LACORTE;;LMP3;;Villorba Corse;LIGIER;
7;0;14;3:08.623;0;B;24.394;0;48.626;0;1:55.603;0;93.7;30:53.898;10:05:53.898;0:24.394;0:48.626;1:55.603;195.3;Roberto LACORTE;;LMP3;;Villorba Corse;LIGIER;
7;2;15;5:34.137;0;;4:10.115;0;34.940;0;49.082;0;52.9;36:28.035;10:11:28.035;4:10.115;0:34.940;0:49.082;181.5;Nicollo SCHIRO;0:04:14.602;LMP3;;Villorba Corse;LIGIER;
7;2;16;3:07.778;0;;23.225;0;1:06.591;0;1:37.962;0;94.1;39:35.813;10:14:35.813;0:23.225;1:06.591;1:37.962;258.4;Nicollo SCHIRO;;LMP3;;Villorba Corse;LIGIER;
7;2;17;2:33.680;0;;55.217;0;49.257;0;49.206;0;115.0;42:09.493;10:17:09.493;0:55.217;0:49.257;0:49.206;80.0;Nicollo SCHIRO;;LMP3;;Villorba Corse;LIGIER;
7;2;18;1:45.748;0;;22.261;0;34.830;0;48.657;0;167.1;43:55.241;10:18:55.241;0:22.261;0:34.830;0:48.657;257.1;Nicollo SCHIRO;;LMP3;;Villorba Corse;LIGIER;
7;2;19;2:20.413;0;;22.242;0;34.837;0;1:23.334;0;125.9;46:15.654;10:21:15.654;0:22.242;0:34.837;1:23.334;259.0;Nicollo SCHIRO;;LMP3;;Villorba Corse;LIGIER;
7;2;20;3:08.403;0;;55.193;0;1:09.054;0;1:04.156;0;93.8;49:24.057;10:24:24.057;0:55.193;1:09.054;1:04.156;79.9;Nicollo SCHIRO;;LMP3;;Villorba Corse;LIGIER;
7;2;21;1:44.087;0;;22.140;0;33.303;0;48.644;0;169.8;51:08.144;10:26:08.144;0:22.140;0:33.303;0:48.644;256.5;Nicollo SCHIRO;;LMP3;;Villorba Corse;LIGIER;
7;2;22;1:43.326;0;;22.266;0;33.044;0;48.016;0;171.0;52:51.470;10:27:51.470;0:22.266;0:33.044;0:48.016;261.5;Nicollo SCHIRO;;LMP3;;Villorba Corse;LIGIER;
7;2;23;3:00.482;0;B;22.020;0;55.096;0;1:43.366;0;97.9;55:51.952;10:30:51.952;0:22.020;0:55.096;1:43.366;260.9;Nicollo SCHIRO;;LMP3;;Villorba Corse;LIGIER;
7;2;24;3:40.225;0;;2:16.642;0;33.788;0;49.795;0;80.2;59:32.177;10:34:32.177;2:16.642;0:33.788;0:49.795;180.0;Nicollo SCHIRO;0:02:12.434;LMP3;;Villorba Corse;LIGIER;
7;2;25;1:43.040;0;;21.732;0;33.971;0;47.337;0;171.5;1:01:15.217;10:36:15.217;0:21.732;0:33.971;0:47.337;258.4;Nicollo SCHIRO;;LMP3;;Villorba Corse;LIGIER;
7;2;26;1:41.695;0;;21.653;0;32.420;0;47.622;0;173.8;1:02:56.912;10:37:56.912;0:21.653;0:32.420;0:47.622;257.8;Nicollo SCHIRO;;LMP3;;Villorba Corse;LIGIER;
7;2;27;1:41.093;0;;21.769;0;32.507;0;46.817;0;174.8;1:04:38.005;10:39:38.005;0:21.769;0:32.507;0:46.817;260.2;Nicollo SCHIRO;;LMP3;;Villorba Corse;LIGIER;
7;2;28;1:40.349;2;;21.652;2;32.185;2;46.512;2;176.1;1:06:18.354;10:41:18.354;0:21.652;0:32.185;0:46.512;257.8;Nicollo SCHIRO;;LMP3;;Villorba Corse;LIGIER;
7;2;29;2:01.698;0;B;22.118;0;34.914;0;1:04.666;0;145.2;1:08:20.052;10:43:20.052;0:22.118;0:34.914;1:04.666;256.5;Nicollo SCHIRO;;LMP3;;Villorba Corse;LIGIER;
7;1;30;4:34.543;0;;3:06.962;0;38.333;0;49.248;0;64.4;1:12:54.595;10:47:54.595;3:06.962;0:38.333;0:49.248;168.0;Giorgio SERNAGIOTTO;0:02:57.167;LMP3;;Villorba Corse;LIGIER;
7;1;31;1:42.563;0;;22.038;0;32.809;0;47.716;0;172.3;1:14:37.158;10:49:37.158;0:22.038;0:32.809;0:47.716;256.5;Giorgio SERNAGIOTTO;;LMP3;;Villorba Corse;LIGIER;
7;1;32;1:43.006;0;;22.741;0;32.940;0;47.325;0;171.6;1:16:20.164;10:51:20.164;0:22.741;0:32.940;0:47.325;258.4;Giorgio SERNAGIOTTO;;LMP3;;Villorba Corse;LIGIER;
7;1;33;1:40.923;0;;21.682;1;32.469;0;46.772;1;175.1;1:18:01.087;10:53:01.087;0:21.682;0:32.469;0:46.772;258.4;Giorgio SERNAGIOTTO;;LMP3;;Villorba Corse;LIGIER;
7;1;34;1:41.933;0;;21.876;0;32.444;1;47.613;0;173.4;1:19:43.020;10:54:43.020;0:21.876;0:32.444;0:47.613;259.0;Giorgio SERNAGIOTTO;;LMP3;;Villorba Corse;LIGIER;
7;1;35;3:12.096;0;;21.715;0;1:06.989;0;1:43.392;0;92.0;1:22:55.116;10:57:55.116;0:21.715;1:06.989;1:43.392;261.5;Giorgio SERNAGIOTTO;;LMP3;;Villorba Corse;LIGIER;
7;1;36;2:01.140;0;;38.695;0;34.217;0;48.228;0;145.9;1:24:56.256;10:59:56.256;0:38.695;0:34.217;0:48.228;119.6;Giorgio SERNAGIOTTO;;LMP3;;Villorba Corse;LIGIER;
7;1;37;2:00.715;0;B;21.690;0;32.789;0;1:06.236;0;146.4;1:26:56.971;11:01:56.971;0:21.690;0:32.789;1:06.236;260.9;Giorgio SERNAGIOTTO;;LMP3;;Villorba Corse;LIGIER;
77;1;1;2:46.579;0;;1:18.673;0;36.502;0;51.404;0;106.1;2:46.579;09:37:46.579;1:18.673;0:36.502;0:51.404;125.0;Wolf HENZLER;0:00:46.701;LMGTE;;Proton Competition;Porsche;
77;1;2;1:43.526;0;;22.103;0;33.716;0;47.707;1;170.7;4:30.105;09:39:30.105;0:22.103;0:33.716;0:47.707;262.1;Wolf HENZLER;;LMGTE;;Proton Competition;Porsche;
77;1;3;1:44.479;0;;22.091;0;34.343;0;48.045;0;169.1;6:14.584;09:41:14.584;0:22.091;0:34.343;0:48.045;263.4;Wolf HENZLER;;LMGTE;;Proton Competition;Porsche;
77;1;4;8:21.855;0;B;21.769;2;33.151;2;7:26.935;0;35.2;14:36.439;09:49:36.439;0:21.769;0:33.151;7:26.935;264.7;Wolf HENZLER;;LMGTE;;Proton Competition;Porsche;
77;0;5;2:06.550;0;;39.388;0;37.164;0;49.998;0;139.6;16:42.989;09:51:42.989;0:39.388;0:37.164;0:49.998;180.6;Michael HEDLUND;0:06:27.659;LMGTE;;Proton Competition;Porsche;
77;0;6;1:46.855;0;;23.186;0;34.704;0;48.965;0;165.4;18:29.844;09:53:29.844;0:23.186;0:34.704;0:48.965;249.4;Michael HEDLUND;;LMGTE;;Proton Competition;Porsche;
77;0;7;1:47.139;0;;22.766;0;35.162;0;49.211;0;164.9;20:16.983;09:55:16.983;0:22.766;0:35.162;0:49.211;254.7;Michael HEDLUND;;LMGTE;;Proton Competition;Porsche;
77;0;8;1:45.952;0;;22.552;0;34.546;0;48.854;0;166.8;22:02.935;09:57:02.935;0:22.552;0:34.546;0:48.854;260.9;Michael HEDLUND;;LMGTE;;Proton Competition;Porsche;
77;0;9;1:45.516;0;;22.557;0;34.362;0;48.597;0;167.5;23:48.451;09:58:48.451;0:22.557;0:34.362;0:48.597;260.9;Michael HEDLUND;;LMGTE;;Proton Competition;Porsche;
77;0;10;1:47.682;0;;24.248;0;34.940;0;48.494;0;164.1;25:36.133;10:00:36.133;0:24.248;0:34.940;0:48.494;258.4;Michael HEDLUND;;LMGTE;;Proton Competition;Porsche;
77;0;11;9:30.715;0;B;22.591;0;34.986;0;8:33.138;0;31.0;35:06.848;10:10:06.848;0:22.591;0:34.986;8:33.138;263.4;Michael HEDLUND;;LMGTE;;Proton Competition;Porsche;
77;2;12;2:17.553;0;;38.014;0;36.709;0;1:02.830;0;128.5;37:24.401;10:12:24.401;0:38.014;0:36.709;1:02.830;183.4;Robert RENAUER;0:08:01.074;LMGTE;;Proton Competition;Porsche;
77;2;13;3:52.180;0;B;56.395;0;1:08.713;0;1:47.072;0;76.1;41:16.581;10:16:16.581;0:56.395;1:08.713;1:47.072;78.9;Robert RENAUER;;LMGTE;;Proton Competition;Porsche;
77;2;14;2:10.905;0;;38.867;0;42.383;0;49.655;0;135.0;43:27.486;10:18:27.486;0:38.867;0:42.383;0:49.655;184.3;Robert RENAUER;0:00:34.054;LMGTE;;Proton Competition;Porsche;
77;2;15;1:43.684;0;;22.111;0;34.149;0;47.424;2;170.4;45:11.170;10:20:11.170;0:22.111;0:34.149;0:47.424;262.8;Robert RENAUER;;LMGTE;;Proton Competition;Porsche;
77;2;16;3:25.397;0;;40.736;0;1:09.066;0;1:35.595;0;86.0;48:36.567;10:23:36.567;0:40.736;1:09.066;1:35.595;142.5;Robert RENAUER;;LMGTE;;Proton Competition;Porsche;
77;2;17;1:48.435;0;;24.466;0;34.809;0;49.160;0;163.0;50:25.002;10:25:25.002;0:24.466;0:34.809;0:49.160;225.0;Robert RENAUER;;LMGTE;;Proton Competition;Porsche;
77;2;18;1:44.272;0;;22.018;0;34.277;0;47.977;0;169.5;52:09.274;10:27:09.274;0:22.018;0:34.277;0:47.977;266.0;Robert RENAUER;;LMGTE;;Proton Competition;Porsche;
77;2;19;2:09.835;0;;22.580;0;35.448;0;1:11.807;0;136.1;54:19.109;10:29:19.109;0:22.580;0:35.448;1:11.807;268.7;Robert RENAUER;;LMGTE;;Proton Competition;Porsche;
77;2;20;4:46.236;0;B;55.950;0;1:08.636;0;2:41.650;0;61.7;59:05.345;10:34:05.345;0:55.950;1:08.636;2:41.650;78.4;Robert RENAUER;;LMGTE;;Proton Competition;Porsche;
77;0;21;2:05.395;0;;38.948;0;36.379;0;50.068;0;140.9;1:01:10.740;10:36:10.740;0:38.948;0:36.379;0:50.068;180.3;Michael HEDLUND;0:01:31.553;LMGTE;;Proton Competition;Porsche;
77;0;22;1:46.073;0;;22.738;0;34.648;0;48.687;0;166.6;1:02:56.813;10:37:56.813;0:22.738;0:34.648;0:48.687;258.4;Michael HEDLUND;;LMGTE;;Proton Competition;Porsche;
77;0;23;1:46.006;0;;22.586;0;34.456;0;48.964;0;166.7;1:04:42.819;10:39:42.819;0:22.586;0:34.456;0:48.964;259.6;Michael HEDLUND;;LMGTE;;Proton Competition;Porsche;
77;0;24;1:45.114;0;;22.480;0;34.219;0;48.415;0;168.1;1:06:27.933;10:41:27.933;0:22.480;0:34.219;0:48.415;261.5;Michael HEDLUND;;LMGTE;;Proton Competition;Porsche;
77;0;25;1:45.308;0;;23.039;0;34.202;0;48.067;1;167.8;1:08:13.241;10:43:13.241;0:23.039;0:34.202;0:48.067;245.5;Michael HEDLUND;;LMGTE;;Proton Competition;Porsche;
77;0;26;1:44.874;0;;22.385;0;34.056;1;48.433;0;168.5;1:09:58.115;10:44:58.115;0:22.385;0:34.056;0:48.433;260.2;Michael HEDLUND;;LMGTE;;Proton Competition;Porsche;
77;0;27;5:57.647;0;B;22.261;1;34.518;0;5:00.868;0;49.4;1:15:55.762;10:50:55.762;0:22.261;0:34.518;5:00.868;260.9;Michael HEDLUND;;LMGTE;;Proton Competition;Porsche;
77;2;28;2:02.167;0;;37.465;0;34.795;0;49.907;0;144.7;1:17:57.929;10:52:57.929;0:37.465;0:34.795;0:49.907;173.1;Robert RENAUER;0:04:30.144;LMGTE;;Proton Competition;Porsche;
77;2;29;1:44.294;0;;21.983;0;34.203;0;48.108;0;169.4;1:19:42.223;10:54:42.223;0:21.983;0:34.203;0:48.108;262.1;Robert RENAUER;;LMGTE;;Proton Competition;Porsche;
77;2;30;3:12.108;0;;22.063;0;1:06.702;0;1:43.343;0;92.0;1:22:54.331;10:57:54.331;0:22.063;1:06.702;1:43.343;262.1;Robert RENAUER;;LMGTE;;Proton Competition;Porsche;
77;2;31;2:04.769;0;;40.306;0;35.896;0;48.567;0;141.6;1:24:59.100;10:59:59.100;0:40.306;0:35.896;0:48.567;107.6;Robert RENAUER;;LMGTE;;Proton Competition;Porsche;
77;2;32;1:42.740;2;;21.903;1;33.387;1;47.450;0;172.0;1:26:41.840;11:01:41.840;0:21.903;0:33.387;0:47.450;260.9;Robert RENAUER;;LMGTE;;Proton Competition;Porsche;
77;2;33;1:43.230;0;;21.927;0;33.738;0;47.565;0;171.2;1:28:25.070;11:03:25.070;0:21.927;0:33.738;0:47.565;262.1;Robert RENAUER;;LMGTE;;Proton Competition;Porsche;
77;2;34;1:45.266;0;;22.126;0;34.869;0;48.271;0;167.9;1:30:10.336;11:05:10.336;0:22.126;0:34.869;0:48.271;263.4;Robert RENAUER;;LMGTE;;Proton Competition;Porsche;
8;2;1;1:57.455;0;;29.829;0;37.006;0;50.620;0;150.5;1:57.455;09:36:57.455;0:29.829;0:37.006;0:50.620;177.0;Bert LONGIN;0:00:03.832;LMP3;;RACE PERFORMANCE;LIGIER;
8;2;2;1:47.686;0;;23.591;0;34.769;0;49.326;0;164.1;3:45.141;09:38:45.141;0:23.591;0:34.769;0:49.326;249.4;Bert LONGIN;;LMP3;;RACE PERFORMANCE;LIGIER;
8;2;3;1:45.461;0;;22.430;0;34.354;0;48.677;0;167.6;5:30.602;09:40:30.602;0:22.430;0:34.354;0:48.677;254.7;Bert LONGIN;;LMP3;;RACE PERFORMANCE;LIGIER;
8;2;4;1:45.142;0;;22.964;0;33.768;0;48.410;0;168.1;7:15.744;09:42:15.744;0:22.964;0:33.768;0:48.410;260.2;Bert LONGIN;;LMP3;;RACE PERFORMANCE;LIGIER;
8;2;5;3:05.943;0;;37.395;0;1:09.808;0;1:18.740;0;95.0;10:21.687;09:45:21.687;0:37.395;1:09.808;1:18.740;231.8;Bert LONGIN;;LMP3;;RACE PERFORMANCE;LIGIER;
8;2;6;1:43.261;0;;22.260;0;33.204;0;47.797;0;171.1;12:04.948;09:47:04.948;0:22.260;0:33.204;0:47.797;255.3;Bert LONGIN;;LMP3;;RACE PERFORMANCE;LIGIER;
8;2;7;1:43.460;0;;22.114;0;33.423;0;47.923;0;170.8;13:48.408;09:48:48.408;0:22.114;0:33.423;0:47.923;254.1;Bert LONGIN;;LMP3;;RACE PERFORMANCE;LIGIER;
8;2;8;1:44.000;0;;21.987;0;33.961;0;48.052;0;169.9;15:32.408;09:50:32.408;0:21.987;0:33.961;0:48.052;257.8;Bert LONGIN;;LMP3;;RACE PERFORMANCE;LIGIER;
8;2;9;1:43.093;0;;21.958;0;33.592;0;47.543;0;171.4;17:15.501;09:52:15.501;0:21.958;0:33.592;0:47.543;259.0;Bert LONGIN;;LMP3;;RACE PERFORMANCE;LIGIER;
8;2;10;1:43.359;0;;21.881;0;33.339;0;48.139;0;171.0;18:58.860;09:53:58.860;0:21.881;0:33.339;0:48.139;257.8;Bert LONGIN;;LMP3;;RACE PERFORMANCE;LIGIER;
8;2;11;1:45.604;0;;22.416;0;34.386;0;48.802;0;167.3;20:44.464;09:55:44.464;0:22.416;0:34.386;0:48.802;258.4;Bert LONGIN;;LMP3;;RACE PERFORMANCE;LIGIER;
8;2;12;1:44.095;0;;21.679;1;33.413;0;49.003;0;169.8;22:28.559;09:57:28.559;0:21.679;0:33.413;0:49.003;259.6;Bert LONGIN;;LMP3;;RACE PERFORMANCE;LIGIER;
8;2;13;1:42.241;2;;21.842;0;32.978;2;47.421;1;172.9;24:10.800;09:59:10.800;0:21.842;0:32.978;0:47.421;258.4;Bert LONGIN;;LMP3;;RACE PERFORMANCE;LIGIER;
8;2;14;1:43.885;0;;21.856;0;33.494;0;48.535;0;170.1;25:54.685;10:00:54.685;0:21.856;0:33.494;0:48.535;259.0;Bert LONGIN;;LMP3;;RACE PERFORMANCE;LIGIER;
8;2;15;1:42.682;0;;21.700;0;33.276;0;47.706;0;172.1;27:37.367;10:02:37.367;0:21.700;0:33.276;0:47.706;259.6;Bert LONGIN;;LMP3;;RACE PERFORMANCE;LIGIER;
8;2;16;2:40.948;0;B;22.202;0;34.249;0;1:44.497;0;109.8;30:18.315;10:05:18.315;0:22.202;0:34.249;1:44.497;261.5;Bert LONGIN;;LMP3;;RACE PERFORMANCE;LIGIER;
8;0;17;5:14.470;0;;3:48.865;0;36.165;0;49.440;0;56.2;35:32.785;10:10:32.785;3:48.865;0:36.165;0:49.440;168.0;Marcello MARATEOTTO;0:03:44.006;LMP3;;RACE PERFORMANCE;LIGIER;
8;0;18;6:39.296;0;;4:55.273;0;54.142;0;49.881;0;44.3;42:12.081;10:17:12.081;4:55.273;0:54.142;0:49.881;255.3;Marcello MARATEOTTO;;LMP3;;RACE PERFORMANCE;LIGIER;
8;0;19;1:47.454;0;;23.578;0;35.026;0;48.850;0;164.5;43:59.535;10:18:59.535;0:23.578;0:35.026;0:48.850;228.8;Marcello MARATEOTTO;;LMP3;;RACE PERFORMANCE;LIGIER;
8;0;20;2:23.351;0;;22.261;1;35.615;0;1:25.475;0;123.3;46:22.886;10:21:22.886;0:22.261;0:35.615;1:25.475;252.9;Marcello MARATEOTTO;;LMP3;;RACE PERFORMANCE;LIGIER;
8;0;21;2:58.551;0;;55.981;0;1:09.408;0;53.162;0;99.0;49:21.437;10:24:21.437;0:55.981;1:09.408;0:53.162;78.8;Marcello MARATEOTTO;;LMP3;;RACE PERFORMANCE;LIGIER;
8;0;22;1:46.277;0;;23.070;0;34.560;0;48.647;1;166.3;51:07.714;10:26:07.714;0:23.070;0:34.560;0:48.647;255.9;Marcello MARATEOTTO;;LMP3;;RACE PERFORMANCE;LIGIER;
8;0;23;1:46.805;0;;23.219;0;34.134;1;49.452;0;165.5;52:54.519;10:27:54.519;0:23.219;0:34.134;0:49.452;236.3;Marcello MARATEOTTO;;LMP3;;RACE PERFORMANCE;LIGIER;
8;0;24;3:28.282;0;B;22.305;0;1:06.979;0;1:58.998;0;84.8;56:22.801;10:31:22.801;0:22.305;1:06.979;1:58.998;259.6;Marcello MARATEOTTO;;LMP3;;RACE PERFORMANCE;LIGIER;
8;1;25;3:51.011;0;;2:24.818;0;35.387;0;50.806;0;76.5;1:00:13.812;10:35:13.812;2:24.818;0:35.387;0:50.806;165.4;Giorgio MAGGI;0:02:21.987;LMP3;;RACE PERFORMANCE;LIGIER;
8;1;26;1:46.485;0;;22.331;0;35.809;0;48.345;0;166.0;1:02:00.297;10:37:00.297;0:22.331;0:35.809;0:48.345;259.6;Giorgio MAGGI;;LMP3;;RACE PERFORMANCE;LIGIER;
8;1;27;1:44.618;0;;22.426;0;33.985;0;48.207;0;168.9;1:03:44.915;10:38:44.915;0:22.426;0:33.985;0:48.207;259.6;Giorgio MAGGI;;LMP3;;RACE PERFORMANCE;LIGIER;
8;1;28;1:43.089;0;;22.205;0;33.462;0;47.422;0;171.4;1:05:28.004;10:40:28.004;0:22.205;0:33.462;0:47.422;251.2;Giorgio MAGGI;;LMP3;;RACE PERFORMANCE;LIGIER;
8;1;29;1:45.449;0;;21.650;2;35.090;0;48.709;0;167.6;1:07:13.453;10:42:13.453;0:21.650;0:35.090;0:48.709;262.8;Giorgio MAGGI;;LMP3;;RACE PERFORMANCE;LIGIER;
8;1;30;1:43.189;0;;21.810;0;33.609;0;47.770;0;171.3;1:08:56.642;10:43:56.642;0:21.810;0:33.609;0:47.770;262.1;Giorgio MAGGI;;LMP3;;RACE PERFORMANCE;LIGIER;
8;1;31;1:44.182;0;;22.027;0;34.918;0;47.237;0;169.6;1:10:40.824;10:45:40.824;0:22.027;0:34.918;0:47.237;259.6;Giorgio MAGGI;;LMP3;;RACE PERFORMANCE;LIGIER;
8;1;32;1:42.818;0;;21.968;0;33.653;0;47.197;0;171.9;1:12:23.642;10:47:23.642;0:21.968;0:33.653;0:47.197;258.4;Giorgio MAGGI;;LMP3;;RACE PERFORMANCE;LIGIER;
8;1;33;1:43.426;0;;21.707;0;33.746;0;47.973;0;170.9;1:14:07.068;10:49:07.068;0:21.707;0:33.746;0:47.973;258.4;Giorgio MAGGI;;LMP3;;RACE PERFORMANCE;LIGIER;
8;1;34;1:44.677;0;;23.032;0;33.922;0;47.723;0;168.8;1:15:51.745;10:50:51.745;0:23.032;0:33.922;0:47.723;219.1;Giorgio MAGGI;;LMP3;;RACE PERFORMANCE;LIGIER;
8;1;35;1:44.389;0;;22.159;0;33.919;0;48.311;0;169.3;1:17:36.134;10:52:36.134;0:22.159;0:33.919;0:48.311;259.0;Giorgio MAGGI;;LMP3;;RACE PERFORMANCE;LIGIER;
8;1;36;1:42.436;0;;22.074;0;33.254;1;47.108;2;172.5;1:19:18.570;10:54:18.570;0:22.074;0:33.254;0:47.108;259.0;Giorgio MAGGI;;LMP3;;RACE PERFORMANCE;LIGIER;
8;1;37;2:46.067;0;B;21.956;0;38.026;0;1:46.085;0;106.4;1:22:04.637;10:57:04.637;0:21.956;0:38.026;1:46.085;258.4;Giorgio MAGGI;;LMP3;;RACE PERFORMANCE;LIGIER;
8;1;38;6:19.453;0;;4:53.402;0;36.933;0;49.118;0;46.6;1:28:24.090;11:03:24.090;4:53.402;0:36.933;0:49.118;177.0;Giorgio MAGGI;0:04:49.270;LMP3;;RACE PERFORMANCE;LIGIER;
8;1;39;1:45.691;0;;22.366;0;34.298;0;49.027;0;167.2;1:30:09.781;11:05:09.781;0:22.366;0:34.298;0:49.027;259.0;Giorgio MAGGI;;LMP3;;RACE PERFORMANCE;LIGIER;
88;2;1;3:12.007;0;;1:22.778;0;46.606;0;1:02.623;0;92.0;3:12.007;09:38:12.007;1:22.778;0:46.606;1:02.623;108.8;Christian RIED;0:00:49.969;LMGTE;;Proton Competition;Porsche;
88;2;2;1:58.458;0;;25.535;0;39.447;0;53.476;0;149.2;5:10.465;09:40:10.465;0:25.535;0:39.447;0:53.476;195.3;Christian RIED;;LMGTE;;Proton Competition;Porsche;
88;2;3;1:49.899;0;;23.377;0;35.907;0;50.615;0;160.8;7:00.364;09:42:00.364;0:23.377;0:35.907;0:50.615;237.4;Christian RIED;;LMGTE;;Proton Competition;Porsche;
88;2;4;7:53.359;0;B;28.046;0;1:08.723;0;6:16.590;0;37.3;14:53.723;09:49:53.723;0:28.046;1:08.723;6:16.590;210.9;Christian RIED;;LMGTE;;Proton Competition;Porsche;
88;2;5;2:06.478;0;;37.757;0;38.074;0;50.647;0;139.7;17:00.201;09:52:00.201;0:37.757;0:38.074;0:50.647;185.9;Christian RIED;0:05:05.825;LMGTE;;Proton Competition;Porsche;
88;2;6;1:45.890;0;;22.498;0;34.494;0;48.898;0;166.9;18:46.091;09:53:46.091;0:22.498;0:34.494;0:48.898;261.5;Christian RIED;;LMGTE;;Proton Competition;Porsche;
88;2;7;1:45.226;0;;22.331;0;34.527;0;48.368;0;167.9;20:31.317;09:55:31.317;0:22.331;0:34.527;0:48.368;261.5;Christian RIED;;LMGTE;;Proton Competition;Porsche;
88;2;8;1:47.622;0;;23.564;0;34.695;0;49.363;0;164.2;22:18.939;09:57:18.939;0:23.564;0:34.695;0:49.363;260.2;Christian RIED;;LMGTE;;Proton Competition;Porsche;
88;2;9;1:45.367;0;;22.136;0;34.261;0;48.970;0;167.7;24:04.306;09:59:04.306;0:22.136;0:34.261;0:48.970;264.1;Christian RIED;;LMGTE;;Proton Competition;Porsche;
88;2;10;1:44.640;0;;22.125;0;34.063;0;48.452;0;168.9;25:48.946;10:00:48.946;0:22.125;0:34.063;0:48.452;263.4;Christian RIED;;LMGTE;;Proton Competition;Porsche;
88;2;11;1:44.782;0;;22.572;0;33.984;1;48.226;1;168.7;27:33.728;10:02:33.728;0:22.572;0:33.984;0:48.226;259.6;Christian RIED;;LMGTE;;Proton Competition;Porsche;
88;2;12;6:44.065;0;B;22.062;1;34.518;0;5:47.485;0;43.7;34:17.793;10:09:17.793;0:22.062;0:34.518;5:47.485;263.4;Christian RIED;;LMGTE;;Proton Competition;Porsche;
88;2;13;2:07.015;0;;41.492;0;36.436;0;49.087;0;139.1;36:24.808;10:11:24.808;0:41.492;0:36.436;0:49.087;180.3;Christian RIED;0:04:46.065;LMGTE;;Proton Competition;Porsche;
88;2;14;3:09.207;0;;25.177;0;1:05.747;0;1:38.283;0;93.4;39:34.015;10:14:34.015;0:25.177;1:05.747;1:38.283;190.5;Christian RIED;;LMGTE;;Proton Competition;Porsche;
88;2;15;2:38.444;0;;55.987;0;52.763;0;49.694;0;111.5;42:12.459;10:17:12.459;0:55.987;0:52.763;0:49.694;78.8;Christian RIED;;LMGTE;;Proton Competition;Porsche;
88;2;16;1:46.037;0;;22.769;0;34.610;0;48.658;0;166.7;43:58.496;10:18:58.496;0:22.769;0:34.610;0:48.658;257.8;Christian RIED;;LMGTE;;Proton Competition;Porsche;
88;2;17;6:23.946;0;B;22.349;0;35.838;0;5:25.759;0;46.0;50:22.442;10:25:22.442;0:22.349;0:35.838;5:25.759;263.4;Christian RIED;;LMGTE;;Proton Competition;Porsche;
88;1;18;2:01.555;0;;38.380;0;35.080;0;48.095;0;145.4;52:23.997;10:27:23.997;0:38.380;0:35.080;0:48.095;181.2;Klaus BACHLER;0:04:28.137;LMGTE;;Proton Competition;Porsche;
88;1;19;6:21.646;0;B;21.816;0;35.018;0;5:24.812;0;46.3;58:45.643;10:33:45.643;0:21.816;0:35.018;5:24.812;266.0;Klaus BACHLER;;LMGTE;;Proton Competition;Porsche;
88;1;20;2:00.622;0;;37.022;0;34.540;0;49.060;0;146.5;1:00:46.265;10:35:46.265;0:37.022;0:34.540;0:49.060;184.6;Klaus BACHLER;0:04:20.353;LMGTE;;Proton Competition;Porsche;
88;1;21;1:42.949;0;;21.729;0;33.886;0;47.334;0;171.7;1:02:29.214;10:37:29.214;0:21.729;0:33.886;0:47.334;264.7;Klaus BACHLER;;LMGTE;;Proton Competition;Porsche;
88;1;22;1:42.044;2;;21.631;0;33.303;2;47.110;2;173.2;1:04:11.258;10:39:11.258;0:21.631;0:33.303;0:47.110;265.4;Klaus BACHLER;;LMGTE;;Proton Competition;Porsche;
88;1;23;4:00.248;0;B;21.577;2;33.470;0;3:05.201;0;73.6;1:08:11.506;10:43:11.506;0:21.577;0:33.470;3:05.201;266.7;Klaus BACHLER;;LMGTE;;Proton Competition;Porsche;
88;0;24;2:07.164;0;;40.246;0;37.739;0;49.179;0;139.0;1:10:18.670;10:45:18.670;0:40.246;0:37.739;0:49.179;172.0;Gianluca RODA;0:02:34.390;LMGTE;;Proton Competition;Porsche;
88;0;25;1:45.196;0;;22.193;0;34.631;0;48.372;0;168.0;1:12:03.866;10:47:03.866;0:22.193;0:34.631;0:48.372;262.8;Gianluca RODA;;LMGTE;;Proton Competition;Porsche;
88;0;26;1:45.425;0;;22.440;0;34.817;0;48.168;0;167.6;1:13:49.291;10:48:49.291;0:22.440;0:34.817;0:48.168;264.7;Gianluca RODA;;LMGTE;;Proton Competition;Porsche;
88;0;27;1:44.013;0;;21.999;1;34.350;0;47.664;1;169.9;1:15:33.304;10:50:33.304;0:21.999;0:34.350;0:47.664;263.4;Gianluca RODA;;LMGTE;;Proton Competition;Porsche;
88;0;28;1:43.798;0;;22.107;0;33.753;0;47.938;0;170.3;1:17:17.102;10:52:17.102;0:22.107;0:33.753;0:47.938;265.4;Gianluca RODA;;LMGTE;;Proton Competition;Porsche;
88;0;29;1:43.756;0;;22.189;0;33.731;1;47.836;0;170.3;1:19:00.858;10:54:00.858;0:22.189;0:33.731;0:47.836;264.7;Gianluca RODA;;LMGTE;;Proton Competition;Porsche;
88;0;30;2:34.877;0;;22.115;0;38.040;0;1:34.722;0;114.1;1:21:35.735;10:56:35.735;0:22.115;0:38.040;1:34.722;264.7;Gianluca RODA;;LMGTE;;Proton Competition;Porsche;
88;0;31;2:42.102;0;;55.939;0;56.916;0;49.247;0;109.0;1:24:17.837;10:59:17.837;0:55.939;0:56.916;0:49.247;78.8;Gianluca RODA;;LMGTE;;Proton Competition;Porsche;
88;0;32;1:44.722;0;;22.417;0;33.947;0;48.358;0;168.8;1:26:02.559;11:01:02.559;0:22.417;0:33.947;0:48.358;260.2;Gianluca RODA;;LMGTE;;Proton Competition;Porsche;
88;0;33;1:44.258;0;;22.141;0;34.135;0;47.982;0;169.5;1:27:46.817;11:02:46.817;0:22.141;0:34.135;0:47.982;261.5;Gianluca RODA;;LMGTE;;Proton Competition;Porsche;
88;0;34;1:44.534;0;;22.219;0;33.966;0;48.349;0;169.1;1:29:31.351;11:04:31.351;0:22.219;0:33.966;0:48.349;262.1;Gianluca RODA;;LMGTE;;Proton Competition;Porsche;
9;0;1;3:05.750;0;;1:34.312;0;38.257;0;53.181;0;95.1;3:05.750;09:38:05.750;1:34.312;0:38.257;0:53.181;135.2;Eric TROUILLET;0:01:07.126;LMP3;;GRAFF;LIGIER;
9;0;2;1:50.127;0;;23.137;0;35.771;0;51.219;0;160.5;4:55.877;09:39:55.877;0:23.137;0:35.771;0:51.219;256.5;Eric TROUILLET;;LMP3;;GRAFF;LIGIER;
9;0;3;1:45.053;0;;22.141;0;34.138;0;48.774;0;168.2;6:40.930;09:41:40.930;0:22.141;0:34.138;0:48.774;256.5;Eric TROUILLET;;LMP3;;GRAFF;LIGIER;
9;0;4;2:51.794;0;;22.486;0;48.020;0;1:41.288;0;102.9;9:32.724;09:44:32.724;0:22.486;0:48.020;1:41.288;260.9;Eric TROUILLET;;LMP3;;GRAFF;LIGIER;
9;0;5;2:09.040;0;;44.100;0;35.025;0;49.915;0;137.0;11:41.764;09:46:41.764;0:44.100;0:35.025;0:49.915;77.4;Eric TROUILLET;;LMP3;;GRAFF;LIGIER;
9;0;6;1:44.298;0;;22.088;0;34.017;0;48.193;0;169.4;13:26.062;09:48:26.062;0:22.088;0:34.017;0:48.193;258.4;Eric TROUILLET;;LMP3;;GRAFF;LIGIER;
9;0;7;1:44.773;0;;22.003;0;34.307;0;48.463;0;168.7;15:10.835;09:50:10.835;0:22.003;0:34.307;0:48.463;260.2;Eric TROUILLET;;LMP3;;GRAFF;LIGIER;
9;0;8;1:46.036;0;;22.115;0;35.131;0;48.790;0;166.7;16:56.871;09:51:56.871;0:22.115;0:35.131;0:48.790;258.4;Eric TROUILLET;;LMP3;;GRAFF;LIGIER;
9;0;9;1:43.554;0;;21.866;0;33.481;0;48.207;0;170.7;18:40.425;09:53:40.425;0:21.866;0:33.481;0:48.207;262.1;Eric TROUILLET;;LMP3;;GRAFF;LIGIER;
9;0;10;1:45.624;0;;22.148;0;34.886;0;48.590;0;167.3;20:26.049;09:55:26.049;0:22.148;0:34.886;0:48.590;259.6;Eric TROUILLET;;LMP3;;GRAFF;LIGIER;
9;0;11;1:45.690;0;;22.608;0;34.472;0;48.610;0;167.2;22:11.739;09:57:11.739;0:22.608;0:34.472;0:48.610;260.2;Eric TROUILLET;;LMP3;;GRAFF;LIGIER;
9;0;12;1:45.063;0;;22.272;0;34.502;0;48.289;0;168.2;23:56.802;09:58:56.802;0:22.272;0:34.502;0:48.289;258.4;Eric TROUILLET;;LMP3;;GRAFF;LIGIER;
9;0;13;1:45.999;0;;21.894;0;34.499;0;49.606;0;166.7;25:42.801;10:00:42.801;0:21.894;0:34.499;0:49.606;260.2;Eric TROUILLET;;LMP3;;GRAFF;LIGIER;
9;0;14;1:42.887;0;;21.801;0;33.283;0;47.803;1;171.8;27:25.688;10:02:25.688;0:21.801;0:33.283;0:47.803;259.0;Eric TROUILLET;;LMP3;;GRAFF;LIGIER;
9;0;15;2:18.377;0;B;21.762;1;33.265;1;1:23.350;0;127.7;29:44.065;10:04:44.065;0:21.762;0:33.265;1:23.350;257.1;Eric TROUILLET;;LMP3;;GRAFF;LIGIER;
9;2;16;5:41.128;0;;4:18.454;0;33.922;0;48.752;0;51.8;35:25.193;10:10:25.193;4:18.454;0:33.922;0:48.752;178.8;Enzo GUIBBERT;0:04:18.415;LMP3;;GRAFF;LIGIER;
9;2;17;1:59.827;0;;21.915;0;34.679;0;1:03.233;0;147.5;37:25.020;10:12:25.020;0:21.915;0:34.679;1:03.233;259.6;Enzo GUIBBERT;;LMP3;;GRAFF;LIGIER;
9;2;18;3:42.354;0;;56.386;0;1:08.654;0;1:37.314;0;79.5;41:07.374;10:16:07.374;0:56.386;1:08.654;1:37.314;78.9;Enzo GUIBBERT;;LMP3;;GRAFF;LIGIER;
9;2;19;1:46.215;0;;23.101;0;33.814;0;49.300;0;166.4;42:53.589;10:17:53.589;0:23.101;0:33.814;0:49.300;241.1;Enzo GUIBBERT;;LMP3;;GRAFF;LIGIER;
9;2;20;1:42.126;0;;21.797;0;32.982;0;47.347;0;173.0;44:35.715;10:19:35.715;0:21.797;0:32.982;0:47.347;258.4;Enzo GUIBBERT;;LMP3;;GRAFF;LIGIER;
9;2;21;2:50.965;0;;21.496;0;52.722;0;1:36.747;0;103.4;47:26.680;10:22:26.680;0:21.496;0:52.722;1:36.747;258.4;Enzo GUIBBERT;;LMP3;;GRAFF;LIGIER;
9;2;22;2:23.738;0;;55.683;0;39.077;0;48.978;0;122.9;49:50.418;10:24:50.418;0:55.683;0:39.077;0:48.978;79.1;Enzo GUIBBERT;;LMP3;;GRAFF;LIGIER;
9;2;23;1:41.390;0;;21.828;0;32.707;0;46.855;2;174.3;51:31.808;10:26:31.808;0:21.828;0:32.707;0:46.855;258.4;Enzo GUIBBERT;;LMP3;;GRAFF;LIGIER;
9;2;24;1:42.609;0;;21.652;0;33.267;0;47.690;0;172.2;53:14.417;10:28:14.417;0:21.652;0:33.267;0:47.690;259.6;Enzo GUIBBERT;;LMP3;;GRAFF;LIGIER;
9;2;25;3:22.430;0;;30.775;0;1:07.704;0;1:43.951;0;87.3;56:36.847;10:31:36.847;0:30.775;1:07.704;1:43.951;259.0;Enzo GUIBBERT;;LMP3;;GRAFF;LIGIER;
9;2;26;2:26.707;0;;55.915;0;42.365;0;48.427;0;120.5;59:03.554;10:34:03.554;0:55.915;0:42.365;0:48.427;79.4;Enzo GUIBBERT;;LMP3;;GRAFF;LIGIER;
9;2;27;1:45.453;0;;21.645;0;33.330;0;50.478;0;167.6;1:00:49.007;10:35:49.007;0:21.645;0:33.330;0:50.478;259.0;Enzo GUIBBERT;;LMP3;;GRAFF;LIGIER;
9;2;28;1:41.589;0;;21.664;0;32.847;0;47.078;0;174.0;1:02:30.596;10:37:30.596;0:21.664;0:32.847;0:47.078;261.5;Enzo GUIBBERT;;LMP3;;GRAFF;LIGIER;
9;2;29;1:41.263;2;;21.401;2;32.668;2;47.194;0;174.5;1:04:11.859;10:39:11.859;0:21.401;0:32.668;0:47.194;262.8;Enzo GUIBBERT;;LMP3;;GRAFF;LIGIER;
9;2;30;2:00.832;0;B;21.439;0;33.267;0;1:06.126;0;146.3;1:06:12.691;10:41:12.691;0:21.439;0:33.267;1:06.126;262.1;Enzo GUIBBERT;;LMP3;;GRAFF;LIGIER;
9;1;31;3:26.018;0;;2:03.509;0;34.310;0;48.199;0;85.8;1:09:38.709;10:44:38.709;2:03.509;0:34.310;0:48.199;183.4;Paul PETIT;0:02:01.587;LMP3;;GRAFF;LIGIER;
9;1;32;1:44.057;0;;21.896;0;33.854;0;48.307;0;169.8;1:11:22.766;10:46:22.766;0:21.896;0:33.854;0:48.307;257.8;Paul PETIT;;LMP3;;GRAFF;LIGIER;
9;1;33;1:44.745;0;;22.083;0;33.671;0;48.991;0;168.7;1:13:07.511;10:48:07.511;0:22.083;0:33.671;0:48.991;256.5;Paul PETIT;;LMP3;;GRAFF;LIGIER;
9;1;34;1:44.213;0;;21.851;0;34.287;0;48.075;0;169.6;1:14:51.724;10:49:51.724;0:21.851;0:34.287;0:48.075;257.1;Paul PETIT;;LMP3;;GRAFF;LIGIER;
9;1;35;1:47.041;0;;21.823;0;33.668;0;51.550;0;165.1;1:16:38.765;10:51:38.765;0:21.823;0:33.668;0:51.550;259.0;Paul PETIT;;LMP3;;GRAFF;LIGIER;
9;1;36;1:42.871;0;;22.078;0;33.332;0;47.461;0;171.8;1:18:21.636;10:53:21.636;0:22.078;0:33.332;0:47.461;258.4;Paul PETIT;;LMP3;;GRAFF;LIGIER;
9;1;37;1:44.229;0;;21.816;1;33.795;0;48.618;0;169.6;1:20:05.865;10:55:05.865;0:21.816;0:33.795;0:48.618;259.0;Paul PETIT;;LMP3;;GRAFF;LIGIER;
9;1;38;3:17.493;0;;37.593;0;1:09.139;0;1:30.761;0;89.5;1:23:23.358;10:58:23.358;0:37.593;1:09.139;1:30.761;210.1;Paul PETIT;;LMP3;;GRAFF;LIGIER;
9;1;39;1:49.627;0;;24.193;0;34.994;0;50.440;0;161.2;1:25:12.985;11:00:12.985;0:24.193;0:34.994;0:50.440;243.8;Paul PETIT;;LMP3;;GRAFF;LIGIER;
9;1;40;1:42.448;0;;21.962;0;33.052;1;47.434;1;172.5;1:26:55.433;11:01:55.433;0:21.962;0:33.052;0:47.434;258.4;Paul PETIT;;LMP3;;GRAFF;LIGIER;
9;1;41;1:44.456;0;;22.921;0;33.546;0;47.989;0;169.2;1:28:39.889;11:03:39.889;0:22.921;0:33.546;0:47.989;260.2;Paul PETIT;;LMP3;;GRAFF;LIGIER;
9;1;42;2:18.299;0;B;21.871;0;33.277;0;1:23.151;0;127.8;1:30:58.188;11:05:58.188;0:21.871;0:33.277;1:23.151;258.4;Paul PETIT;;LMP3;;GRAFF;LIGIER;
99;1;1;2:45.109;0;;1:18.365;0;36.538;0;50.206;0;107.0;2:45.109;09:37:45.109;1:18.365;0:36.538;0:50.206;120.9;Darren TURNER;0:00:47.889;LMGTE;;Aston Martin Racing;Aston Martin;
99;1;2;1:44.461;0;;22.406;0;34.057;0;47.998;0;169.2;4:29.570;09:39:29.570;0:22.406;0:34.057;0:47.998;259.6;Darren TURNER;;LMGTE;;Aston Martin Racing;Aston Martin;
99;1;3;1:43.955;0;;22.091;0;33.388;0;48.476;0;170.0;6:13.525;09:41:13.525;0:22.091;0:33.388;0:48.476;260.9;Darren TURNER;;LMGTE;;Aston Martin Racing;Aston Martin;
99;1;4;4:53.627;0;B;21.796;2;33.188;0;3:58.643;0;60.2;11:07.152;09:46:07.152;0:21.796;0:33.188;3:58.643;263.4;Darren TURNER;;LMGTE;;Aston Martin Racing;Aston Martin;
99;1;5;2:01.863;0;;40.210;0;33.916;0;47.737;0;145.0;13:09.015;09:48:09.015;0:40.210;0:33.916;0:47.737;147.9;Darren TURNER;0:02:59.262;LMGTE;;Aston Martin Racing;Aston Martin;
99;1;6;1:42.858;2;;22.085;0;33.104;2;47.669;2;171.8;14:51.873;09:49:51.873;0:22.085;0:33.104;0:47.669;260.9;Darren TURNER;;LMGTE;;Aston Martin Racing;Aston Martin;
99;1;7;3:16.255;0;B;23.232;0;33.287;0;2:19.736;0;90.0;18:08.128;09:53:08.128;0:23.232;0:33.287;2:19.736;260.9;Darren TURNER;;LMGTE;;Aston Martin Racing;Aston Martin;
99;0;8;2:08.834;0;;40.398;0;36.466;0;51.970;0;137.2;20:16.962;09:55:16.962;0:40.398;0:36.466;0:51.970;162.2;Andrew HOWARD;0:01:49.239;LMGTE;;Aston Martin Racing;Aston Martin;
99;0;9;1:49.441;0;;23.394;0;35.577;0;50.470;0;161.5;22:06.403;09:57:06.403;0:23.394;0:35.577;0:50.470;248.3;Andrew HOWARD;;LMGTE;;Aston Martin Racing;Aston Martin;
99;0;10;1:48.257;0;;22.989;0;35.424;0;49.844;0;163.2;23:54.660;09:58:54.660;0:22.989;0:35.424;0:49.844;254.1;Andrew HOWARD;;LMGTE;;Aston Martin Racing;Aston Martin;
99;0;11;1:49.188;0;;22.737;0;35.429;0;51.022;0;161.9;25:43.848;10:00:43.848;0:22.737;0:35.429;0:51.022;259.6;Andrew HOWARD;;LMGTE;;Aston Martin Racing;Aston Martin;
99;0;12;1:47.256;0;;22.676;0;34.882;0;49.698;0;164.8;27:31.104;10:02:31.104;0:22.676;0:34.882;0:49.698;260.2;Andrew HOWARD;;LMGTE;;Aston Martin Racing;Aston Martin;
99;0;13;6:07.902;0;B;23.204;0;35.598;0;5:09.100;0;48.0;33:39.006;10:08:39.006;0:23.204;0:35.598;5:09.100;244.9;Andrew HOWARD;;LMGTE;;Aston Martin Racing;Aston Martin;
99;2;14;2:09.653;0;;44.165;0;36.317;0;49.171;0;136.3;35:48.659;10:10:48.659;0:44.165;0:36.317;0:49.171;157.9;Alex MACDOWALL;0:04:09.785;LMGTE;;Aston Martin Racing;Aston Martin;
99;2;15;2:28.024;0;;22.512;0;36.132;0;1:29.380;0;119.4;38:16.683;10:13:16.683;0:22.512;0:36.132;1:29.380;260.9;Alex MACDOWALL;;LMGTE;;Aston Martin Racing;Aston Martin;
99;2;16;3:13.284;0;;55.482;0;1:08.231;0;1:09.571;0;91.4;41:29.967;10:16:29.967;0:55.482;1:08.231;1:09.571;79.8;Alex MACDOWALL;;LMGTE;;Aston Martin Racing;Aston Martin;
99;2;17;1:52.048;0;;23.498;0;36.297;0;52.253;0;157.7;43:22.015;10:18:22.015;0:23.498;0:36.297;0:52.253;243.2;Alex MACDOWALL;;LMGTE;;Aston Martin Racing;Aston Martin;
99;2;18;1:45.579;0;;22.232;1;34.100;0;49.247;0;167.4;45:07.594;10:20:07.594;0:22.232;0:34.100;0:49.247;260.2;Alex MACDOWALL;;LMGTE;;Aston Martin Racing;Aston Martin;
99;2;19;3:22.177;0;;36.163;0;1:08.126;0;1:37.888;0;87.4;48:29.771;10:23:29.771;0:36.163;1:08.126;1:37.888;249.4;Alex MACDOWALL;;LMGTE;;Aston Martin Racing;Aston Martin;
99;2;20;1:53.514;0;;26.340;0;35.490;0;51.684;0;155.7;50:23.285;10:25:23.285;0:26.340;0:35.490;0:51.684;224.1;Alex MACDOWALL;;LMGTE;;Aston Martin Racing;Aston Martin;
99;2;21;1:45.768;0;;23.220;0;33.963;1;48.585;1;167.1;52:09.053;10:27:09.053;0:23.220;0:33.963;0:48.585;262.8;Alex MACDOWALL;;LMGTE;;Aston Martin Racing;Aston Martin;
99;2;22;2:17.850;0;;22.465;0;36.813;0;1:18.572;0;128.2;54:26.903;10:29:26.903;0:22.465;0:36.813;1:18.572;257.8;Alex MACDOWALL;;LMGTE;;Aston Martin Racing;Aston Martin;
99;2;23;3:28.799;0;;55.456;0;1:08.104;0;1:25.239;0;84.6;57:55.702;10:32:55.702;0:55.456;1:08.104;1:25.239;79.8;Alex MACDOWALL;;LMGTE;;Aston Martin Racing;Aston Martin;
99;2;24;1:47.644;0;;23.763;0;34.755;0;49.126;0;164.2;59:43.346;10:34:43.346;0:23.763;0:34.755;0:49.126;245.5;Alex MACDOWALL;;LMGTE;;Aston Martin Racing;Aston Martin;
99;2;25;1:47.578;0;;23.227;0;35.372;0;48.979;0;164.3;1:01:30.924;10:36:30.924;0:23.227;0:35.372;0:48.979;254.7;Alex MACDOWALL;;LMGTE;;Aston Martin Racing;Aston Martin;
99;2;26;3:14.830;0;B;22.266;0;35.548;0;2:17.016;0;90.7;1:04:45.754;10:39:45.754;0:22.266;0:35.548;2:17.016;260.9;Alex MACDOWALL;;LMGTE;;Aston Martin Racing;Aston Martin;
99;0;27;2:07.474;0;;39.150;0;37.937;0;50.387;0;138.6;1:06:53.228;10:41:53.228;0:39.150;0:37.937;0:50.387;166.2;Andrew HOWARD;0:01:43.966;LMGTE;;Aston Martin Racing;Aston Martin;
99;0;28;1:47.592;0;;22.685;0;35.905;0;49.002;0;164.3;1:08:40.820;10:43:40.820;0:22.685;0:35.905;0:49.002;258.4;Andrew HOWARD;;LMGTE;;Aston Martin Racing;Aston Martin;
99;0;29;1:48.349;0;;22.567;0;35.466;0;50.316;0;163.1;1:10:29.169;10:45:29.169;0:22.567;0:35.466;0:50.316;259.0;Andrew HOWARD;;LMGTE;;Aston Martin Racing;Aston Martin;
99;0;30;1:47.477;0;;22.685;0;35.495;0;49.297;0;164.4;1:12:16.646;10:47:16.646;0:22.685;0:35.495;0:49.297;257.8;Andrew HOWARD;;LMGTE;;Aston Martin Racing;Aston Martin;
99;0;31;1:46.547;0;;22.597;0;34.975;0;48.975;0;165.9;1:14:03.193;10:49:03.193;0:22.597;0:34.975;0:48.975;258.4;Andrew HOWARD;;LMGTE;;Aston Martin Racing;Aston Martin;
99;0;32;1:46.312;0;;22.671;0;34.819;0;48.822;1;166.2;1:15:49.505;10:50:49.505;0:22.671;0:34.819;0:48.822;257.1;Andrew HOWARD;;LMGTE;;Aston Martin Racing;Aston Martin;
99;0;33;1:46.524;0;;22.473;1;34.784;0;49.267;0;165.9;1:17:36.029;10:52:36.029;0:22.473;0:34.784;0:49.267;259.0;Andrew HOWARD;;LMGTE;;Aston Martin Racing;Aston Martin;
99;0;34;1:50.295;0;;23.033;0;36.232;0;51.030;0;160.2;1:19:26.324;10:54:26.324;0:23.033;0:36.232;0:51.030;254.1;Andrew HOWARD;;LMGTE;;Aston Martin Racing;Aston Martin;
99;0;35;2:48.656;0;;22.667;0;47.546;0;1:38.443;0;104.8;1:22:14.980;10:57:14.980;0:22.667;0:47.546;1:38.443;259.0;Andrew HOWARD;;LMGTE;;Aston Martin Racing;Aston Martin;
99;0;36;2:27.586;0;;1:01.883;0;36.314;0;49.389;0;119.7;1:24:42.566;10:59:42.566;1:01.883;0:36.314;0:49.389;72.1;Andrew HOWARD;;LMGTE;;Aston Martin Racing;Aston Martin;
99;0;37;1:48.350;0;;22.892;0;35.547;0;49.911;0;163.1;1:26:30.916;11:01:30.916;0:22.892;0:35.547;0:49.911;257.1;Andrew HOWARD;;LMGTE;;Aston Martin Racing;Aston Martin;
99;0;38;1:48.739;0;;22.593;0;34.463;1;51.683;0;162.5;1:28:19.655;11:03:19.655;0:22.593;0:34.463;0:51.683;258.4;Andrew HOWARD;;LMGTE;;Aston Martin Racing;Aston Martin;
