NUMBER;DRIVER_NUMBER;LAP_NUMBER;LAP_TIME;LAP_IMPROVEMENT;CROSSING_FINISH_LINE_IN_PIT;S1;S1_IMPROVEMENT;S2;S2_IMPROVEMENT;S3;S3_IMPROVEMENT;KPH;ELAPSED;HOUR;S1_LARGE;S2_LARGE;S3_LARGE;TOP_SPEED;DRIVER_NAME;PIT_TIME;CLASS;GROUP;TEAM;MANUFACTURER;FLAG_AT_FL;S1_SECONDS;S2_SECONDS;S3_SECONDS
2;3;1;2:23.837;1;;39.691;1;37.835;1;1:06.311;1;145.0;2:23.837;16:01:55.101;0:39.691;0:37.835;1:06.311;195;Picariello;;Pro;;Boutsen VDS;Porsche;SC;39.691;37.835;66.311
2;3;2;4:22.485;0;;1:46.522;0;1:18.727;0;1:17.236;0;79.5;6:46.322;16:06:17.586;1:46.522;1:18.727;1:17.236;47;Picariello;;Pro;;Boutsen VDS;Porsche;SC;106.522;78.727;77.236
2;3;3;3:26.896;0;;1:24.734;0;1:00.467;0;1:01.695;1;100.8;10:13.218;16:09:44.482;1:24.734;1:00.467;1:01.695;88;Picariello;;Pro;;Boutsen VDS;Porsche;SC;84.734;60.467;61.695
2;3;4;2:52.874;0;;1:07.129;0;52.842;0;52.903;1;120.6;13:06.092;16:12:37.356;1:07.129;0:52.842;0:52.903;116;Picariello;;Pro;;Boutsen VDS;Porsche;SC;67.129;52.842;52.903
2;3;5;2:38.871;0;;49.951;0;50.011;0;58.909;0;131.3;15:44.963;16:15:16.227;0:49.951;0:50.011;0:58.909;129;Picariello;;Pro;;Boutsen VDS;Porsche;SC;49.951;50.011;58.909
2;3;6;2:50.961;0;;1:00.210;0;56.835;0;53.916;0;122.0;18:35.924;16:18:07.188;1:00.210;0:56.835;0:53.916;132;Picariello;;Pro;;Boutsen VDS;Porsche;GF;60.210;56.835;53.916
2;3;7;1:49.793;1;;35.369;1;37.086;1;37.338;1;189.9;20:25.717;16:19:56.981;0:35.369;0:37.086;0:37.338;267;Picariello;;Pro;;Boutsen VDS;Porsche;GF;35.369;37.086;37.338
2;3;8;1:48.840;1;;34.811;1;36.859;1;37.170;1;191.6;22:14.557;16:21:45.821;0:34.811;0:36.859;0:37.170;265;Picariello;;Pro;;Boutsen VDS;Porsche;GF;34.811;36.859;37.170
2;3;9;1:48.169;1;;34.600;1;36.745;1;36.824;1;192.8;24:02.726;16:23:33.990;0:34.600;0:36.745;0:36.824;266;Picariello;;Pro;;Boutsen VDS;Porsche;GF;34.600;36.745;36.824
2;3;10;1:47.938;1;;34.416;1;36.698;1;36.824;0;193.2;25:50.664;16:25:21.928;0:34.416;0:36.698;0:36.824;267;Picariello;;Pro;;Boutsen VDS;Porsche;GF;34.416;36.698;36.824
2;3;11;1:47.498;1;;34.446;0;36.436;1;36.616;1;194.0;27:38.162;16:27:09.426;0:34.446;0:36.436;0:36.616;267;Picariello;;Pro;;Boutsen VDS;Porsche;GF;34.446;36.436;36.616
2;3;12;1:47.854;0;;34.356;1;36.854;0;36.644;0;193.4;29:26.016;16:28:57.280;0:34.356;0:36.854;0:36.644;267;Picariello;;Pro;;Boutsen VDS;Porsche;GF;34.356;36.854;36.644
2;3;13;1:47.321;1;;34.257;1;36.459;0;36.605;1;194.3;31:13.337;16:30:44.601;0:34.257;0:36.459;0:36.605;267;Picariello;;Pro;;Boutsen VDS;Porsche;GF;34.257;36.459;36.605
2;3;14;1:47.307;1;;34.282;0;36.358;1;36.667;0;194.3;33:00.644;16:32:31.908;0:34.282;0:36.358;0:36.667;267;Picariello;;Pro;;Boutsen VDS;Porsche;GF;34.282;36.358;36.667
2;3;15;1:47.187;1;;34.230;1;36.487;0;36.470;1;194.6;34:47.831;16:34:19.095;0:34.230;0:36.487;0:36.470;267;Picariello;;Pro;;Boutsen VDS;Porsche;GF;34.230;36.487;36.470
2;3;16;1:47.060;1;;34.185;1;36.401;0;36.474;0;194.8;36:34.891;16:36:06.155;0:34.185;0:36.401;0:36.474;267;Picariello;;Pro;;Boutsen VDS;Porsche;GF;34.185;36.401;36.474
2;3;17;1:47.025;1;;34.192;0;36.353;1;36.480;0;194.9;38:21.916;16:37:53.180;0:34.192;0:36.353;0:36.480;267;Picariello;;Pro;;Boutsen VDS;Porsche;GF;34.192;36.353;36.480
2;3;18;1:47.137;0;;34.209;0;36.472;0;36.456;1;194.7;40:09.053;16:39:40.317;0:34.209;0:36.472;0:36.456;267;Picariello;;Pro;;Boutsen VDS;Porsche;GF;34.209;36.472;36.456
2;3;19;1:47.027;0;;34.227;0;36.211;1;36.589;0;194.9;41:56.080;16:41:27.344;0:34.227;0:36.211;0:36.589;267;Picariello;;Pro;;Boutsen VDS;Porsche;GF;34.227;36.211;36.589
2;3;20;1:47.167;0;;34.263;0;36.316;0;36.588;0;194.6;43:43.247;16:43:14.511;0:34.263;0:36.316;0:36.588;267;Picariello;;Pro;;Boutsen VDS;Porsche;GF;34.263;36.316;36.588
2;3;21;1:47.370;0;;34.190;0;36.643;0;36.537;0;194.2;45:30.617;16:45:01.881;0:34.190;0:36.643;0:36.537;268;Picariello;;Pro;;Boutsen VDS;Porsche;GF;34.190;36.643;36.537
2;3;22;1:47.379;0;;34.367;0;36.348;0;36.664;0;194.2;47:17.996;16:46:49.260;0:34.367;0:36.348;0:36.664;266;Picariello;;Pro;;Boutsen VDS;Porsche;GF;34.367;36.348;36.664
2;3;23;1:47.120;0;;34.358;0;36.292;0;36.470;0;194.7;49:05.116;16:48:36.380;0:34.358;0:36.292;0:36.470;265;Picariello;;Pro;;Boutsen VDS;Porsche;GF;34.358;36.292;36.470
2;3;24;3:11.696;0;;34.288;0;1:05.238;0;1:32.170;0;108.8;52:16.812;16:51:48.076;0:34.288;1:05.238;1:32.170;266;Picariello;;Pro;;Boutsen VDS;Porsche;FCY;34.288;65.238;92.170
2;3;25;4:22.791;0;;1:26.135;0;1:21.607;0;1:35.049;0;79.4;56:39.603;16:56:10.867;1:26.135;1:21.607;1:35.049;;Picariello;;Pro;;Boutsen VDS;Porsche;FCY;86.135;81.607;95.049
2;2;26;5:21.029;0;;2:26.853;0;1:21.755;0;1:32.421;0;65.0;1:02:00.632;17:01:31.896;2:26.853;1:21.755;1:32.421;78;Boccolacci;;Pro;;Boutsen VDS;Porsche;GF;146.853;81.755;92.421
2;2;27;3:47.293;0;B;1:26.524;0;1:13.852;0;1:06.917;0;91.8;1:05:47.925;17:05:19.189;1:26.524;1:13.852;1:06.917;78;Boccolacci;;Pro;;Boutsen VDS;Porsche;SC;86.524;73.852;66.917
2;2;28;2:51.339;0;;1:05.150;0;53.340;0;52.849;0;121.7;1:08:39.264;17:08:10.528;1:05.150;0:53.340;0:52.849;103;Boccolacci;;Pro;;Boutsen VDS;Porsche;GF;65.150;53.340;52.849
2;2;29;1:48.962;0;;35.103;0;36.887;0;36.972;0;191.4;1:10:28.226;17:09:59.490;0:35.103;0:36.887;0:36.972;265;Boccolacci;;Pro;;Boutsen VDS;Porsche;GF;35.103;36.887;36.972
2;2;30;1:48.141;0;;34.668;0;36.698;0;36.775;0;192.8;1:12:16.367;17:11:47.631;0:34.668;0:36.698;0:36.775;265;Boccolacci;;Pro;;Boutsen VDS;Porsche;GF;34.668;36.698;36.775
2;2;31;1:47.915;0;;34.562;0;36.644;0;36.709;0;193.3;1:14:04.282;17:13:35.546;0:34.562;0:36.644;0:36.709;265;Boccolacci;;Pro;;Boutsen VDS;Porsche;GF;34.562;36.644;36.709
2;2;32;1:47.723;0;;34.523;0;36.372;0;36.828;0;193.6;1:15:52.005;17:15:23.269;0:34.523;0:36.372;0:36.828;265;Boccolacci;;Pro;;Boutsen VDS;Porsche;GF;34.523;36.372;36.828
2;2;33;1:48.063;0;;34.535;0;36.913;0;36.615;0;193.0;1:17:40.068;17:17:11.332;0:34.535;0:36.913;0:36.615;265;Boccolacci;;Pro;;Boutsen VDS;Porsche;GF;34.535;36.913;36.615
2;2;34;1:51.688;0;;34.497;0;36.567;0;40.624;0;186.7;1:19:31.756;17:19:03.020;0:34.497;0:36.567;0:40.624;265;Boccolacci;;Pro;;Boutsen VDS;Porsche;FCY;34.497;36.567;40.624
2;2;35;2:29.615;0;;1:15.400;0;37.387;0;36.828;0;139.4;1:22:01.371;17:21:32.635;1:15.400;0:37.387;0:36.828;78;Boccolacci;;Pro;;Boutsen VDS;Porsche;GF;75.400;37.387;36.828
2;2;36;1:47.838;0;;34.509;0;36.554;0;36.775;0;193.4;1:23:49.209;17:23:20.473;0:34.509;0:36.554;0:36.775;266;Boccolacci;;Pro;;Boutsen VDS;Porsche;GF;34.509;36.554;36.775
2;2;37;1:47.607;0;;34.473;0;36.503;0;36.631;0;193.8;1:25:36.816;17:25:08.080;0:34.473;0:36.503;0:36.631;266;Boccolacci;;Pro;;Boutsen VDS;Porsche;GF;34.473;36.503;36.631
2;2;38;1:48.203;0;;34.756;0;36.781;0;36.666;0;192.7;1:27:25.019;17:26:56.283;0:34.756;0:36.781;0:36.666;266;Boccolacci;;Pro;;Boutsen VDS;Porsche;GF;34.756;36.781;36.666
2;2;39;1:47.181;0;;34.396;0;36.322;0;36.463;0;194.6;1:29:12.200;17:28:43.464;0:34.396;0:36.322;0:36.463;266;Boccolacci;;Pro;;Boutsen VDS;Porsche;GF;34.396;36.322;36.463
2;2;40;1:47.283;0;;34.286;0;36.460;0;36.537;0;194.4;1:30:59.483;17:30:30.747;0:34.286;0:36.460;0:36.537;266;Boccolacci;;Pro;;Boutsen VDS;Porsche;GF;34.286;36.460;36.537
2;2;41;1:46.788;1;;34.253;0;36.091;1;36.444;1;195.3;1:32:46.271;17:32:17.535;0:34.253;0:36.091;0:36.444;267;Boccolacci;;Pro;;Boutsen VDS;Porsche;GF;34.253;36.091;36.444
2;2;42;1:47.314;0;;34.377;0;36.339;0;36.598;0;194.3;1:34:33.585;17:34:04.849;0:34.377;0:36.339;0:36.598;268;Boccolacci;;Pro;;Boutsen VDS;Porsche;GF;34.377;36.339;36.598
2;2;43;3:07.400;0;;34.341;0;1:00.802;0;1:32.257;0;111.3;1:37:40.985;17:37:12.249;0:34.341;1:00.802;1:32.257;267;Boccolacci;;Pro;;Boutsen VDS;Porsche;FCY;34.341;60.802;92.257
2;2;44;4:24.275;0;;1:26.090;0;1:22.037;0;1:36.148;0;78.9;1:42:05.260;17:41:36.524;1:26.090;1:22.037;1:36.148;;Boccolacci;;Pro;;Boutsen VDS;Porsche;FCY;86.090;82.037;96.148
2;2;45;4:33.096;0;;2:27.917;0;1:21.703;0;43.476;0;76.4;1:46:38.356;17:46:09.620;2:27.917;1:21.703;0:43.476;78;Boccolacci;;Pro;;Boutsen VDS;Porsche;SC;147.917;81.703;43.476
2;2;46;2:56.839;0;;40.868;0;1:07.373;0;1:08.598;0;117.9;1:49:35.195;17:49:06.459;0:40.868;1:07.373;1:08.598;239;Boccolacci;;Pro;;Boutsen VDS;Porsche;SC;40.868;67.373;68.598
2;2;47;2:59.958;0;;1:07.002;0;55.894;0;57.062;0;115.9;1:52:35.153;17:52:06.417;1:07.002;0:55.894;0:57.062;110;Boccolacci;;Pro;;Boutsen VDS;Porsche;GF;67.002;55.894;57.062
2;2;48;1:49.549;0;;35.110;0;37.185;0;37.254;0;190.4;1:54:24.702;17:53:55.966;0:35.110;0:37.185;0:37.254;263;Boccolacci;;Pro;;Boutsen VDS;Porsche;GF;35.110;37.185;37.254
2;2;49;1:48.320;0;;34.746;0;36.746;0;36.828;0;192.5;1:56:13.022;17:55:44.286;0:34.746;0:36.746;0:36.828;265;Boccolacci;;Pro;;Boutsen VDS;Porsche;GF;34.746;36.746;36.828
2;2;50;1:48.192;0;;34.604;0;36.764;0;36.824;0;192.8;1:58:01.214;17:57:32.478;0:34.604;0:36.764;0:36.824;267;Boccolacci;;Pro;;Boutsen VDS;Porsche;GF;34.604;36.764;36.824
2;2;51;1:48.016;0;;34.629;0;36.672;0;36.715;0;193.1;1:59:49.230;17:59:20.494;0:34.629;0:36.672;0:36.715;266;Boccolacci;;Pro;;Boutsen VDS;Porsche;GF;34.629;36.672;36.715
2;2;52;1:47.764;0;;34.494;0;36.491;0;36.779;0;193.5;2:01:36.994;18:01:08.258;0:34.494;0:36.491;0:36.779;266;Boccolacci;;Pro;;Boutsen VDS;Porsche;GF;34.494;36.491;36.779
2;2;53;1:47.692;0;;34.468;0;36.600;0;36.624;0;193.7;2:03:24.686;18:02:55.950;0:34.468;0:36.600;0:36.624;266;Boccolacci;;Pro;;Boutsen VDS;Porsche;GF;34.468;36.600;36.624
2;2;54;1:47.605;0;;34.538;0;36.564;0;36.503;0;193.8;2:05:12.291;18:04:43.555;0:34.538;0:36.564;0:36.503;265;Boccolacci;;Pro;;Boutsen VDS;Porsche;GF;34.538;36.564;36.503
2;2;55;1:47.982;0;B;34.382;0;36.443;0;37.157;0;193.1;2:07:00.273;18:06:31.537;0:34.382;0:36.443;0:37.157;265;Boccolacci;;Pro;;Boutsen VDS;Porsche;GF;34.382;36.443;37.157
2;2;56;1:48.097;0;;34.500;0;37.080;0;36.517;0;192.9;2:08:48.370;18:08:19.634;0:34.500;0:37.080;0:36.517;265;Boccolacci;;Pro;;Boutsen VDS;Porsche;GF;34.500;37.080;36.517
2;2;57;1:54.197;0;;34.418;0;36.464;0;43.315;0;182.6;2:10:42.567;18:10:13.831;0:34.418;0:36.464;0:43.315;;Boccolacci;;Pro;;Boutsen VDS;Porsche;GF;34.418;36.464;43.315
2;1;58;3:03.190;0;;1:49.374;0;36.982;0;36.834;0;113.8;2:13:45.757;18:13:17.021;1:49.374;0:36.982;0:36.834;204;Schuring;;Pro;;Boutsen VDS;Porsche;GF;109.374;36.982;36.834
2;1;59;1:47.808;0;;34.406;0;36.640;0;36.762;0;193.4;2:15:33.565;18:15:04.829;0:34.406;0:36.640;0:36.762;265;Schuring;;Pro;;Boutsen VDS;Porsche;GF;34.406;36.640;36.762
2;1;60;1:47.984;0;;34.418;0;36.811;0;36.755;0;193.1;2:17:21.549;18:16:52.813;0:34.418;0:36.811;0:36.755;266;Schuring;;Pro;;Boutsen VDS;Porsche;GF;34.418;36.811;36.755
2;1;61;1:47.277;0;;34.345;0;36.398;0;36.534;0;194.4;2:19:08.826;18:18:40.090;0:34.345;0:36.398;0:36.534;265;Schuring;;Pro;;Boutsen VDS;Porsche;GF;34.345;36.398;36.534
2;1;62;1:47.189;0;;34.389;0;36.365;0;36.435;1;194.6;2:20:56.015;18:20:27.279;0:34.389;0:36.365;0:36.435;265;Schuring;;Pro;;Boutsen VDS;Porsche;GF;34.389;36.365;36.435
2;1;63;1:47.095;0;;34.364;0;36.192;0;36.539;0;194.7;2:22:43.110;18:22:14.374;0:34.364;0:36.192;0:36.539;266;Schuring;;Pro;;Boutsen VDS;Porsche;GF;34.364;36.192;36.539
2;1;64;1:47.188;0;;34.446;0;36.303;0;36.439;0;194.6;2:24:30.298;18:24:01.562;0:34.446;0:36.303;0:36.439;267;Schuring;;Pro;;Boutsen VDS;Porsche;GF;34.446;36.303;36.439
2;1;65;1:47.516;0;;34.427;0;36.445;0;36.644;0;194.0;2:26:17.814;18:25:49.078;0:34.427;0:36.445;0:36.644;267;Schuring;;Pro;;Boutsen VDS;Porsche;GF;34.427;36.445;36.644
2;1;66;1:47.026;0;;34.345;0;36.202;0;36.479;0;194.9;2:28:04.840;18:27:36.104;0:34.345;0:36.202;0:36.479;267;Schuring;;Pro;;Boutsen VDS;Porsche;GF;34.345;36.202;36.479
2;1;67;1:47.305;0;;34.348;0;36.290;0;36.667;0;194.4;2:29:52.145;18:29:23.409;0:34.348;0:36.290;0:36.667;267;Schuring;;Pro;;Boutsen VDS;Porsche;GF;34.348;36.290;36.667
2;1;68;1:47.194;0;;34.313;0;36.403;0;36.478;0;194.6;2:31:39.339;18:31:10.603;0:34.313;0:36.403;0:36.478;267;Schuring;;Pro;;Boutsen VDS;Porsche;GF;34.313;36.403;36.478
2;1;69;1:47.254;0;;34.218;0;36.542;0;36.494;0;194.4;2:33:26.593;18:32:57.857;0:34.218;0:36.542;0:36.494;268;Schuring;;Pro;;Boutsen VDS;Porsche;GF;34.218;36.542;36.494
2;1;70;1:47.330;0;;34.272;0;36.540;0;36.518;0;194.3;2:35:13.923;18:34:45.187;0:34.272;0:36.540;0:36.518;267;Schuring;;Pro;;Boutsen VDS;Porsche;GF;34.272;36.540;36.518
2;1;71;1:47.218;0;;34.255;0;36.364;0;36.599;0;194.5;2:37:01.141;18:36:32.405;0:34.255;0:36.364;0:36.599;268;Schuring;;Pro;;Boutsen VDS;Porsche;GF;34.255;36.364;36.599
2;1;72;2:41.633;0;;34.305;0;36.988;0;1:30.340;0;129.0;2:39:42.774;18:39:14.038;0:34.305;0:36.988;1:30.340;268;Schuring;;Pro;;Boutsen VDS;Porsche;FCY;34.305;36.988;90.340
2;1;73;4:20.241;0;;1:26.101;0;1:21.702;0;1:32.438;0;80.1;2:44:03.015;18:43:34.279;1:26.101;1:21.702;1:32.438;78;Schuring;;Pro;;Boutsen VDS;Porsche;FCY;86.101;81.702;92.438
2;1;74;4:14.981;0;;1:26.384;0;1:21.863;0;1:26.734;0;81.8;2:48:17.996;18:47:49.260;1:26.384;1:21.863;1:26.734;78;Schuring;;Pro;;Boutsen VDS;Porsche;SC;86.384;81.863;86.734
2;1;75;2:02.035;0;;37.703;0;39.477;0;44.855;0;170.9;2:50:20.031;18:49:51.295;0:37.703;0:39.477;0:44.855;244;Schuring;;Pro;;Boutsen VDS;Porsche;SC;37.703;39.477;44.855
2;1;76;2:47.256;0;;1:04.032;0;51.418;0;51.806;0;124.7;2:53:07.287;18:52:38.551;1:04.032;0:51.418;0:51.806;97;Schuring;;Pro;;Boutsen VDS;Porsche;GF;64.032;51.418;51.806
2;1;77;1:50.856;0;;34.839;0;38.538;0;37.479;0;188.1;2:54:58.143;18:54:29.407;0:34.839;0:38.538;0:37.479;269;Schuring;;Pro;;Boutsen VDS;Porsche;GF;34.839;38.538;37.479
2;1;78;1:56.232;0;;35.654;0;40.260;0;40.318;0;179.4;2:56:54.375;18:56:25.639;0:35.654;0:40.260;0:40.318;269;Schuring;;Pro;;Boutsen VDS;Porsche;GF;35.654;40.260;40.318
2;1;79;4:12.085;0;;1:29.491;0;1:27.786;0;1:14.808;0;82.7;3:01:06.460;19:00:37.724;1:29.491;1:27.786;1:14.808;53;Schuring;;Pro;;Boutsen VDS;Porsche;GF;89.491;87.786;74.808
3;1;1;2:25.951;1;;39.974;1;38.875;1;1:07.102;1;142.9;2:25.951;16:01:57.215;0:39.974;0:38.875;1:07.102;227;Juncadella;;Pro;;Mercedes-AMG Team Verstappen Racing;Mercedes-AMG;SC;39.974;38.875;67.102
3;1;2;4:22.363;0;;1:45.999;0;1:19.341;0;1:17.023;0;79.5;6:48.314;16:06:19.578;1:45.999;1:19.341;1:17.023;41;Juncadella;;Pro;;Mercedes-AMG Team Verstappen Racing;Mercedes-AMG;SC;105.999;79.341;77.023
3;1;3;3:25.816;0;;1:25.203;0;1:00.322;0;1:00.291;1;101.3;10:14.130;16:09:45.394;1:25.203;1:00.322;1:00.291;84;Juncadella;;Pro;;Mercedes-AMG Team Verstappen Racing;Mercedes-AMG;SC;85.203;60.322;60.291
3;1;4;2:52.742;0;;1:06.978;0;53.039;0;52.725;1;120.7;13:06.872;16:12:38.136;1:06.978;0:53.039;0:52.725;113;Juncadella;;Pro;;Mercedes-AMG Team Verstappen Racing;Mercedes-AMG;SC;66.978;53.039;52.725
3;1;5;2:39.519;0;;50.056;0;50.245;0;59.218;0;130.7;15:46.391;16:15:17.655;0:50.056;0:50.245;0:59.218;148;Juncadella;;Pro;;Mercedes-AMG Team Verstappen Racing;Mercedes-AMG;SC;50.056;50.245;59.218
3;1;6;2:50.447;0;;59.615;0;57.316;0;53.516;0;122.4;18:36.838;16:18:08.102;0:59.615;0:57.316;0:53.516;120;Juncadella;;Pro;;Mercedes-AMG Team Verstappen Racing;Mercedes-AMG;GF;59.615;57.316;53.516
3;1;7;1:49.964;1;;35.114;1;37.393;1;37.457;1;189.7;20:26.802;16:19:58.066;0:35.114;0:37.393;0:37.457;260;Juncadella;;Pro;;Mercedes-AMG Team Verstappen Racing;Mercedes-AMG;GF;35.114;37.393;37.457
3;1;8;1:49.093;1;;34.772;1;37.091;1;37.230;1;191.2;22:15.895;16:21:47.159;0:34.772;0:37.091;0:37.230;263;Juncadella;;Pro;;Mercedes-AMG Team Verstappen Racing;Mercedes-AMG;GF;34.772;37.091;37.230
3;1;9;1:48.617;1;;34.717;1;36.808;1;37.092;1;192.0;24:04.512;16:23:35.776;0:34.717;0:36.808;0:37.092;264;Juncadella;;Pro;;Mercedes-AMG Team Verstappen Racing;Mercedes-AMG;GF;34.717;36.808;37.092
3;1;10;1:48.351;1;;34.526;1;36.748;1;37.077;1;192.5;25:52.863;16:25:24.127;0:34.526;0:36.748;0:37.077;262;Juncadella;;Pro;;Mercedes-AMG Team Verstappen Racing;Mercedes-AMG;GF;34.526;36.748;37.077
3;1;11;1:48.078;1;;34.447;1;36.694;1;36.937;1;193.0;27:40.941;16:27:12.205;0:34.447;0:36.694;0:36.937;263;Juncadella;;Pro;;Mercedes-AMG Team Verstappen Racing;Mercedes-AMG;GF;34.447;36.694;36.937
3;1;12;1:48.093;0;;34.297;1;36.809;0;36.987;0;192.9;29:29.034;16:29:00.298;0:34.297;0:36.809;0:36.987;263;Juncadella;;Pro;;Mercedes-AMG Team Verstappen Racing;Mercedes-AMG;GF;34.297;36.809;36.987
3;1;13;1:47.988;1;;34.492;0;36.677;1;36.819;1;193.1;31:17.022;16:30:48.286;0:34.492;0:36.677;0:36.819;263;Juncadella;;Pro;;Mercedes-AMG Team Verstappen Racing;Mercedes-AMG;GF;34.492;36.677;36.819
3;1;14;1:47.879;1;;34.384;0;36.695;0;36.800;1;193.3;33:04.901;16:32:36.165;0:34.384;0:36.695;0:36.800;264;Juncadella;;Pro;;Mercedes-AMG Team Verstappen Racing;Mercedes-AMG;GF;34.384;36.695;36.800
3;1;15;1:47.689;1;;34.347;0;36.586;1;36.756;1;193.7;34:52.590;16:34:23.854;0:34.347;0:36.586;0:36.756;262;Juncadella;;Pro;;Mercedes-AMG Team Verstappen Racing;Mercedes-AMG;GF;34.347;36.586;36.756
3;1;16;1:47.801;0;;34.375;0;36.627;0;36.799;0;193.5;36:40.391;16:36:11.655;0:34.375;0:36.627;0:36.799;265;Juncadella;;Pro;;Mercedes-AMG Team Verstappen Racing;Mercedes-AMG;GF;34.375;36.627;36.799
3;1;17;1:47.987;0;;34.387;0;36.865;0;36.735;1;193.1;38:28.378;16:37:59.642;0:34.387;0:36.865;0:36.735;263;Juncadella;;Pro;;Mercedes-AMG Team Verstappen Racing;Mercedes-AMG;GF;34.387;36.865;36.735
3;1;18;1:47.836;0;;34.480;0;36.604;0;36.752;0;193.4;40:16.214;16:39:47.478;0:34.480;0:36.604;0:36.752;262;Juncadella;;Pro;;Mercedes-AMG Team Verstappen Racing;Mercedes-AMG;GF;34.480;36.604;36.752
3;1;19;1:47.578;1;;34.365;0;36.460;1;36.753;0;193.9;42:03.792;16:41:35.056;0:34.365;0:36.460;0:36.753;264;Juncadella;;Pro;;Mercedes-AMG Team Verstappen Racing;Mercedes-AMG;GF;34.365;36.460;36.753
3;1;20;1:47.528;1;;34.278;1;36.581;0;36.669;1;193.9;43:51.320;16:43:22.584;0:34.278;0:36.581;0:36.669;263;Juncadella;;Pro;;Mercedes-AMG Team Verstappen Racing;Mercedes-AMG;GF;34.278;36.581;36.669
3;1;21;1:47.640;0;;34.558;0;36.527;0;36.555;1;193.7;45:38.960;16:45:10.224;0:34.558;0:36.527;0:36.555;263;Juncadella;;Pro;;Mercedes-AMG Team Verstappen Racing;Mercedes-AMG;GF;34.558;36.527;36.555
3;1;22;1:47.606;0;;34.447;0;36.466;0;36.693;0;193.8;47:26.566;16:46:57.830;0:34.447;0:36.466;0:36.693;262;Juncadella;;Pro;;Mercedes-AMG Team Verstappen Racing;Mercedes-AMG;GF;34.447;36.466;36.693
3;1;23;1:54.492;0;;34.364;0;36.748;0;43.380;0;182.2;49:21.058;16:48:52.322;0:34.364;0:36.748;0:43.380;;Juncadella;;Pro;;Mercedes-AMG Team Verstappen Racing;Mercedes-AMG;GF;34.364;36.748;43.380
3;2;24;9:32.911;0;;6:39.375;0;1:21.478;0;1:32.058;0;36.4;58:53.969;16:58:25.233;6:39.375;1:21.478;1:32.058;79;Lulham;;Pro;;Mercedes-AMG Team Verstappen Racing;Mercedes-AMG;FCY;399.375;81.478;92.058
3;2;25;4:19.930;0;B;1:26.198;0;1:21.751;0;1:31.981;0;80.2;1:03:13.899;17:02:45.163;1:26.198;1:21.751;1:31.981;79;Lulham;;Pro;;Mercedes-AMG Team Verstappen Racing;Mercedes-AMG;GF;86.198;81.751;91.981
3;2;26;2:59.272;0;;1:26.189;0;46.039;0;47.044;0;116.3;1:06:13.171;17:05:44.435;1:26.189;0:46.039;0:47.044;;Lulham;;Pro;;Mercedes-AMG Team Verstappen Racing;Mercedes-AMG;SC;86.189;46.039;47.044
3;2;27;3:05.510;0;;1:50.251;0;38.092;0;37.167;0;112.4;1:09:18.681;17:08:49.945;1:50.251;0:38.092;0:37.167;201;Lulham;;Pro;;Mercedes-AMG Team Verstappen Racing;Mercedes-AMG;GF;110.251;38.092;37.167
3;2;28;1:48.423;0;;34.523;0;36.940;0;36.960;0;192.3;1:11:07.104;17:10:38.368;0:34.523;0:36.940;0:36.960;263;Lulham;;Pro;;Mercedes-AMG Team Verstappen Racing;Mercedes-AMG;GF;34.523;36.940;36.960
3;2;29;1:47.807;0;;34.358;0;36.596;0;36.853;0;193.4;1:12:54.911;17:12:26.175;0:34.358;0:36.596;0:36.853;265;Lulham;;Pro;;Mercedes-AMG Team Verstappen Racing;Mercedes-AMG;GF;34.358;36.596;36.853
3;2;30;1:50.326;0;B;35.394;0;37.137;0;37.795;0;189.0;1:14:45.237;17:14:16.501;0:35.394;0:37.137;0:37.795;259;Lulham;;Pro;;Mercedes-AMG Team Verstappen Racing;Mercedes-AMG;GF;35.394;37.137;37.795
3;2;31;1:47.633;0;;34.486;0;36.508;0;36.639;0;193.8;1:16:32.870;17:16:04.134;0:34.486;0:36.508;0:36.639;266;Lulham;;Pro;;Mercedes-AMG Team Verstappen Racing;Mercedes-AMG;GF;34.486;36.508;36.639
4;3;1;2:56.111;1;;46.325;1;50.070;1;1:19.716;1;118.4;2:56.111;16:02:27.375;0:46.325;0:50.070;1:19.716;179;George;;Gold;;Optimum Motorsport;McLaren;SC;46.325;50.070;79.716
4;3;2;4:31.644;0;;1:48.532;0;1:20.192;0;1:22.920;0;76.8;7:27.755;16:06:59.019;1:48.532;1:20.192;1:22.920;;George;;Gold;;Optimum Motorsport;McLaren;SC;108.532;80.192;82.920
4;3;3;129:35.625;0;B;128:18.492;0;39.066;1;38.067;1;2.7;2:17:03.380;18:16:34.644;128:18.492;0:39.066;0:38.067;201;George;;Gold;;Optimum Motorsport;McLaren;GF;7698.492;39.066;38.067
4;3;4;1:52.338;1;;36.750;1;37.728;1;37.860;1;185.6;2:18:55.718;18:18:26.982;0:36.750;0:37.728;0:37.860;217;George;;Gold;;Optimum Motorsport;McLaren;GF;36.750;37.728;37.860
4;3;5;1:59.241;0;;35.011;1;37.125;1;47.105;0;174.9;2:20:54.959;18:20:26.223;0:35.011;0:37.125;0:47.105;;George;;Gold;;Optimum Motorsport;McLaren;GF;35.011;37.125;47.105
5;1;1;2:31.373;1;;42.382;1;38.895;1;1:10.096;1;137.8;2:31.373;16:02:02.637;0:42.382;0:38.895;1:10.096;186;Rappange;;Silver;;Optimum Motorsport;McLaren;SC;42.382;38.895;70.096
5;1;2;4:24.427;0;;1:47.501;0;1:19.797;0;1:17.129;0;78.9;6:55.800;16:06:27.064;1:47.501;1:19.797;1:17.129;35;Rappange;;Silver;;Optimum Motorsport;McLaren;SC;107.501;79.797;77.129
5;1;3;3:24.286;0;;1:23.920;0;1:01.731;0;58.635;1;102.1;10:20.086;16:09:51.350;1:23.920;1:01.731;0:58.635;72;Rappange;;Silver;;Optimum Motorsport;McLaren;SC;83.920;61.731;58.635
5;1;4;2:51.262;0;;1:07.219;0;53.518;0;50.525;1;121.8;13:11.348;16:12:42.612;1:07.219;0:53.518;0:50.525;115;Rappange;;Silver;;Optimum Motorsport;McLaren;SC;67.219;53.518;50.525
5;1;5;2:39.968;0;;47.492;0;50.862;0;1:01.614;0;130.4;15:51.316;16:15:22.580;0:47.492;0:50.862;1:01.614;;Rappange;;Silver;;Optimum Motorsport;McLaren;SC;47.492;50.862;61.614
5;1;6;3:06.635;0;;1:52.557;0;37.092;1;36.986;1;111.7;18:57.951;16:18:29.215;1:52.557;0:37.092;0:36.986;202;Rappange;;Silver;;Optimum Motorsport;McLaren;GF;112.557;37.092;36.986
5;1;7;1:48.041;1;;34.359;1;36.614;1;37.068;0;193.0;20:45.992;16:20:17.256;0:34.359;0:36.614;0:37.068;267;Rappange;;Silver;;Optimum Motorsport;McLaren;GF;34.359;36.614;37.068
5;1;8;1:53.129;0;;36.637;0;38.346;0;38.146;0;184.3;22:39.121;16:22:10.385;0:36.637;0:38.346;0:38.146;271;Rappange;;Silver;;Optimum Motorsport;McLaren;GF;36.637;38.346;38.146
5;1;9;1:48.500;0;;34.608;0;37.066;0;36.826;1;192.2;24:27.621;16:23:58.885;0:34.608;0:37.066;0:36.826;272;Rappange;;Silver;;Optimum Motorsport;McLaren;GF;34.608;37.066;36.826
5;1;10;1:49.091;0;;35.500;0;36.786;0;36.805;1;191.2;26:16.712;16:25:47.976;0:35.500;0:36.786;0:36.805;269;Rappange;;Silver;;Optimum Motorsport;McLaren;GF;35.500;36.786;36.805
5;1;11;1:49.631;0;;35.048;0;37.876;0;36.707;1;190.2;28:06.343;16:27:37.607;0:35.048;0:37.876;0:36.707;271;Rappange;;Silver;;Optimum Motorsport;McLaren;GF;35.048;37.876;36.707
5;1;12;1:47.284;1;;34.089;1;36.486;1;36.709;0;194.4;29:53.627;16:29:24.891;0:34.089;0:36.486;0:36.709;269;Rappange;;Silver;;Optimum Motorsport;McLaren;GF;34.089;36.486;36.709
5;1;13;1:47.724;0;;34.113;0;37.009;0;36.602;1;193.6;31:41.351;16:31:12.615;0:34.113;0:37.009;0:36.602;270;Rappange;;Silver;;Optimum Motorsport;McLaren;GF;34.113;37.009;36.602
5;1;14;1:48.070;0;;34.219;0;36.994;0;36.857;0;193.0;33:29.421;16:33:00.685;0:34.219;0:36.994;0:36.857;269;Rappange;;Silver;;Optimum Motorsport;McLaren;GF;34.219;36.994;36.857
5;1;15;1:50.743;0;;35.552;0;37.365;0;37.826;0;188.3;35:20.164;16:34:51.428;0:35.552;0:37.365;0:37.826;272;Rappange;;Silver;;Optimum Motorsport;McLaren;GF;35.552;37.365;37.826
5;1;16;1:49.244;0;;34.555;0;37.668;0;37.021;0;190.9;37:09.408;16:36:40.672;0:34.555;0:37.668;0:37.021;246;Rappange;;Silver;;Optimum Motorsport;McLaren;GF;34.555;37.668;37.021
5;1;17;1:48.209;0;;34.269;0;37.031;0;36.909;0;192.7;38:57.617;16:38:28.881;0:34.269;0:37.031;0:36.909;270;Rappange;;Silver;;Optimum Motorsport;McLaren;GF;34.269;37.031;36.909
5;1;18;1:48.208;0;;34.442;0;36.673;0;37.093;0;192.7;40:45.825;16:40:17.089;0:34.442;0:36.673;0:37.093;270;Rappange;;Silver;;Optimum Motorsport;McLaren;GF;34.442;36.673;37.093
5;1;19;1:48.186;0;;34.537;0;36.815;0;36.834;0;192.8;42:34.011;16:42:05.275;0:34.537;0:36.815;0:36.834;269;Rappange;;Silver;;Optimum Motorsport;McLaren;GF;34.537;36.815;36.834
5;1;20;1:48.342;0;;34.442;0;36.876;0;37.024;0;192.5;44:22.353;16:43:53.617;0:34.442;0:36.876;0:37.024;264;Rappange;;Silver;;Optimum Motorsport;McLaren;GF;34.442;36.876;37.024
5;1;21;1:56.199;0;;41.732;0;37.067;0;37.400;0;179.5;46:18.552;16:45:49.816;0:41.732;0:37.067;0:37.400;253;Rappange;;Silver;;Optimum Motorsport;McLaren;GF;41.732;37.067;37.400
5;1;22;1:48.146;0;;34.346;0;36.941;0;36.859;0;192.8;48:06.698;16:47:37.962;0:34.346;0:36.941;0:36.859;269;Rappange;;Silver;;Optimum Motorsport;McLaren;GF;34.346;36.941;36.859
5;1;23;1:49.820;0;;34.182;0;36.595;0;39.043;0;189.9;49:56.518;16:49:27.782;0:34.182;0:36.595;0:39.043;269;Rappange;;Silver;;Optimum Motorsport;McLaren;GF;34.182;36.595;39.043
5;1;24;4:20.116;0;;1:26.283;0;1:21.534;0;1:32.299;0;80.2;54:16.634;16:53:47.898;1:26.283;1:21.534;1:32.299;78;Rappange;;Silver;;Optimum Motorsport;McLaren;FCY;86.283;81.534;92.299
5;1;25;4:21.266;0;;1:26.820;0;1:21.877;0;1:32.569;0;79.8;58:37.900;16:58:09.164;1:26.820;1:21.877;1:32.569;78;Rappange;;Silver;;Optimum Motorsport;McLaren;FCY;86.820;81.877;92.569
5;1;26;4:20.782;0;;1:26.596;0;1:21.674;0;1:32.512;0;80.0;1:02:58.682;17:02:29.946;1:26.596;1:21.674;1:32.512;79;Rappange;;Silver;;Optimum Motorsport;McLaren;GF;86.596;81.674;92.512
5;1;27;3:05.116;0;B;1:27.095;0;50.051;0;47.970;0;112.7;1:06:03.798;17:05:35.062;1:27.095;0:50.051;0:47.970;79;Rappange;;Silver;;Optimum Motorsport;McLaren;SC;87.095;50.051;47.970
5;1;28;2:41.500;0;;1:05.088;0;53.078;0;43.334;0;129.1;1:08:45.298;17:08:16.562;1:05.088;0:53.078;0:43.334;93;Rappange;;Silver;;Optimum Motorsport;McLaren;GF;65.088;53.078;43.334
5;1;29;1:52.103;0;;35.679;0;38.820;0;37.604;0;186.0;1:10:37.401;17:10:08.665;0:35.679;0:38.820;0:37.604;250;Rappange;;Silver;;Optimum Motorsport;McLaren;GF;35.679;38.820;37.604
5;1;30;1:49.187;0;;35.076;0;37.454;0;36.657;0;191.0;1:12:26.588;17:11:57.852;0:35.076;0:37.454;0:36.657;263;Rappange;;Silver;;Optimum Motorsport;McLaren;GF;35.076;37.454;36.657
5;1;31;1:56.849;0;;34.498;0;37.891;0;44.460;0;178.5;1:14:23.437;17:13:54.701;0:34.498;0:37.891;0:44.460;;Rappange;;Silver;;Optimum Motorsport;McLaren;GF;34.498;37.891;44.460
5;3;32;3:04.967;0;;1:50.820;0;37.033;0;37.114;0;112.7;1:17:28.404;17:16:59.668;1:50.820;0:37.033;0:37.114;204;Porter;;Silver;;Optimum Motorsport;McLaren;GF;110.820;37.033;37.114
5;3;33;1:48.286;0;;34.353;0;36.790;0;37.143;0;192.6;1:19:16.690;17:18:47.954;0:34.353;0:36.790;0:37.143;269;Porter;;Silver;;Optimum Motorsport;McLaren;GF;34.353;36.790;37.143
5;3;34;2:25.237;0;;1:01.604;0;46.679;0;36.954;0;143.6;1:21:41.927;17:21:13.191;1:01.604;0:46.679;0:36.954;190;Porter;;Silver;;Optimum Motorsport;McLaren;GF;61.604;46.679;36.954
5;3;35;1:48.792;0;;34.278;0;37.587;0;36.927;0;191.7;1:23:30.719;17:23:01.983;0:34.278;0:37.587;0:36.927;269;Porter;;Silver;;Optimum Motorsport;McLaren;GF;34.278;37.587;36.927
5;3;36;1:47.649;0;;34.204;0;36.545;0;36.900;0;193.7;1:25:18.368;17:24:49.632;0:34.204;0:36.545;0:36.900;269;Porter;;Silver;;Optimum Motorsport;McLaren;GF;34.204;36.545;36.900
5;3;37;1:48.046;0;;34.197;0;36.844;0;37.005;0;193.0;1:27:06.414;17:26:37.678;0:34.197;0:36.844;0:37.005;269;Porter;;Silver;;Optimum Motorsport;McLaren;GF;34.197;36.844;37.005
5;3;38;1:47.882;0;;34.269;0;36.595;0;37.018;0;193.3;1:28:54.296;17:28:25.560;0:34.269;0:36.595;0:37.018;269;Porter;;Silver;;Optimum Motorsport;McLaren;GF;34.269;36.595;37.018
5;3;39;1:48.027;0;;34.337;0;36.620;0;37.070;0;193.1;1:30:42.323;17:30:13.587;0:34.337;0:36.620;0:37.070;267;Porter;;Silver;;Optimum Motorsport;McLaren;GF;34.337;36.620;37.070
5;3;40;1:47.848;0;;34.434;0;36.461;1;36.953;0;193.4;1:32:30.171;17:32:01.435;0:34.434;0:36.461;0:36.953;269;Porter;;Silver;;Optimum Motorsport;McLaren;GF;34.434;36.461;36.953
5;3;41;1:48.037;0;;34.280;0;36.764;0;36.993;0;193.0;1:34:18.208;17:33:49.472;0:34.280;0:36.764;0:36.993;268;Porter;;Silver;;Optimum Motorsport;McLaren;GF;34.280;36.764;36.993
5;3;42;3:07.485;0;;34.154;0;1:01.058;0;1:32.273;0;111.2;1:37:25.693;17:36:56.957;0:34.154;1:01.058;1:32.273;270;Porter;;Silver;;Optimum Motorsport;McLaren;FCY;34.154;61.058;92.273
5;3;43;4:21.175;0;;1:27.168;0;1:21.825;0;1:32.182;0;79.8;1:41:46.868;17:41:18.132;1:27.168;1:21.825;1:32.182;79;Porter;;Silver;;Optimum Motorsport;McLaren;FCY;87.168;81.825;92.182
5;3;44;4:25.350;0;;1:27.665;0;1:22.354;0;1:35.331;0;78.6;1:46:12.218;17:45:43.482;1:27.665;1:22.354;1:35.331;;Porter;;Silver;;Optimum Motorsport;McLaren;SC;87.665;82.354;95.331
6;3;1;2:44.018;1;;44.689;1;42.645;1;1:16.684;1;127.1;2:44.018;16:02:15.282;0:44.689;0:42.645;1:16.684;184;Panis;;Silver;;GetSpeed Team Bartone Bros;Mercedes-AMG;SC;44.689;42.645;76.684
6;3;2;4:26.882;0;;1:47.604;0;1:21.476;0;1:17.802;0;78.1;7:10.900;16:06:42.164;1:47.604;1:21.476;1:17.802;41;Panis;;Silver;;GetSpeed Team Bartone Bros;Mercedes-AMG;SC;107.604;81.476;77.802
6;3;3;3:22.970;0;;1:21.849;0;1:01.693;0;59.428;1;102.7;10:33.870;16:10:05.134;1:21.849;1:01.693;0:59.428;49;Panis;;Silver;;GetSpeed Team Bartone Bros;Mercedes-AMG;SC;81.849;61.693;59.428
6;3;4;2:46.091;0;;1:04.711;0;53.809;0;47.571;1;125.6;13:19.961;16:12:51.225;1:04.711;0:53.809;0:47.571;68;Panis;;Silver;;GetSpeed Team Bartone Bros;Mercedes-AMG;SC;64.711;53.809;47.571
6;3;5;2:37.085;1;;44.561;1;53.747;0;58.777;0;132.8;15:57.046;16:15:28.310;0:44.561;0:53.747;0:58.777;;Panis;;Silver;;GetSpeed Team Bartone Bros;Mercedes-AMG;SC;44.561;53.747;58.777
6;3;6;3:06.248;0;;1:51.021;0;37.650;1;37.577;1;112.0;19:03.294;16:18:34.558;1:51.021;0:37.650;0:37.577;202;Panis;;Silver;;GetSpeed Team Bartone Bros;Mercedes-AMG;GF;111.021;37.650;37.577
6;3;7;1:48.641;1;;34.778;1;36.889;1;36.974;1;192.0;20:51.935;16:20:23.199;0:34.778;0:36.889;0:36.974;266;Panis;;Silver;;GetSpeed Team Bartone Bros;Mercedes-AMG;GF;34.778;36.889;36.974
6;3;8;1:49.574;0;;34.871;0;37.567;0;37.136;0;190.3;22:41.509;16:22:12.773;0:34.871;0:37.567;0:37.136;267;Panis;;Silver;;GetSpeed Team Bartone Bros;Mercedes-AMG;GF;34.871;37.567;37.136
6;3;9;1:49.557;0;;35.164;0;37.252;0;37.141;0;190.4;24:31.066;16:24:02.330;0:35.164;0:37.252;0:37.141;262;Panis;;Silver;;GetSpeed Team Bartone Bros;Mercedes-AMG;GF;35.164;37.252;37.141
6;3;10;1:48.952;0;;35.147;0;36.836;1;36.969;1;191.4;26:20.018;16:25:51.282;0:35.147;0:36.836;0:36.969;263;Panis;;Silver;;GetSpeed Team Bartone Bros;Mercedes-AMG;GF;35.147;36.836;36.969
6;3;11;1:49.885;0;;34.545;1;37.081;0;38.259;0;189.8;28:09.903;16:27:41.167;0:34.545;0:37.081;0:38.259;269;Panis;;Silver;;GetSpeed Team Bartone Bros;Mercedes-AMG;GF;34.545;37.081;38.259
6;3;12;1:50.100;0;;35.086;0;37.435;0;37.579;0;189.4;30:00.003;16:29:31.267;0:35.086;0:37.435;0:37.579;265;Panis;;Silver;;GetSpeed Team Bartone Bros;Mercedes-AMG;GF;35.086;37.435;37.579
6;3;13;1:48.965;0;;34.821;0;36.938;0;37.206;0;191.4;31:48.968;16:31:20.232;0:34.821;0:36.938;0:37.206;269;Panis;;Silver;;GetSpeed Team Bartone Bros;Mercedes-AMG;GF;34.821;36.938;37.206
6;3;14;1:48.694;0;;34.547;0;36.983;0;37.164;0;191.9;33:37.662;16:33:08.926;0:34.547;0:36.983;0:37.164;266;Panis;;Silver;;GetSpeed Team Bartone Bros;Mercedes-AMG;GF;34.547;36.983;37.164
6;3;15;1:49.147;0;;34.579;0;37.073;0;37.495;0;191.1;35:26.809;16:34:58.073;0:34.579;0:37.073;0:37.495;265;Panis;;Silver;;GetSpeed Team Bartone Bros;Mercedes-AMG;GF;34.579;37.073;37.495
6;3;16;1:48.279;1;;34.779;0;36.661;1;36.839;1;192.6;37:15.088;16:36:46.352;0:34.779;0:36.661;0:36.839;260;Panis;;Silver;;GetSpeed Team Bartone Bros;Mercedes-AMG;GF;34.779;36.661;36.839
6;3;17;1:47.829;1;;34.293;1;36.653;1;36.883;0;193.4;39:02.917;16:38:34.181;0:34.293;0:36.653;0:36.883;267;Panis;;Silver;;GetSpeed Team Bartone Bros;Mercedes-AMG;GF;34.293;36.653;36.883
6;3;18;1:47.410;1;;34.208;1;36.480;1;36.722;1;194.2;40:50.327;16:40:21.591;0:34.208;0:36.480;0:36.722;267;Panis;;Silver;;GetSpeed Team Bartone Bros;Mercedes-AMG;GF;34.208;36.480;36.722
6;3;19;1:47.237;1;;34.222;0;36.445;1;36.570;1;194.5;42:37.564;16:42:08.828;0:34.222;0:36.445;0:36.570;267;Panis;;Silver;;GetSpeed Team Bartone Bros;Mercedes-AMG;GF;34.222;36.445;36.570
6;3;20;1:47.619;0;;34.562;0;36.450;0;36.607;0;193.8;44:25.183;16:43:56.447;0:34.562;0:36.450;0:36.607;268;Panis;;Silver;;GetSpeed Team Bartone Bros;Mercedes-AMG;GF;34.562;36.450;36.607
6;3;21;1:50.394;0;;36.132;0;37.474;0;36.788;0;188.9;46:15.577;16:45:46.841;0:36.132;0:37.474;0:36.788;269;Panis;;Silver;;GetSpeed Team Bartone Bros;Mercedes-AMG;GF;36.132;37.474;36.788
6;3;22;1:48.513;0;;34.465;0;36.971;0;37.077;0;192.2;48:04.090;16:47:35.354;0:34.465;0:36.971;0:37.077;267;Panis;;Silver;;GetSpeed Team Bartone Bros;Mercedes-AMG;GF;34.465;36.971;37.077
6;3;23;1:48.475;0;;34.362;0;36.534;0;37.579;0;192.3;49:52.565;16:49:23.829;0:34.362;0:36.534;0:37.579;267;Panis;;Silver;;GetSpeed Team Bartone Bros;Mercedes-AMG;GF;34.362;36.534;37.579
6;3;24;4:23.119;0;;1:25.392;0;1:22.002;0;1:35.725;0;79.3;54:15.684;16:53:46.948;1:25.392;1:22.002;1:35.725;;Panis;;Silver;;GetSpeed Team Bartone Bros;Mercedes-AMG;FCY;85.392;82.002;95.725
6;1;25;5:22.486;0;;2:27.959;0;1:21.950;0;1:32.577;0;64.7;59:38.170;16:59:09.434;2:27.959;1:21.950;1:32.577;78;Bartone;;Silver;;GetSpeed Team Bartone Bros;Mercedes-AMG;GF;147.959;81.950;92.577
6;1;26;4:24.736;0;B;1:26.645;0;1:22.017;0;1:36.074;0;78.8;1:04:02.906;17:03:34.170;1:26.645;1:22.017;1:36.074;;Bartone;;Silver;;GetSpeed Team Bartone Bros;Mercedes-AMG;GF;86.645;82.017;96.074
6;1;27;2:28.001;0;;1:06.039;0;41.188;0;40.774;0;140.9;1:06:30.907;17:06:02.171;1:06.039;0:41.188;0:40.774;201;Bartone;;Silver;;GetSpeed Team Bartone Bros;Mercedes-AMG;SC;66.039;41.188;40.774
6;1;28;2:25.164;0;;54.687;0;52.527;0;37.950;0;143.7;1:08:56.071;17:08:27.335;0:54.687;0:52.527;0:37.950;107;Bartone;;Silver;;GetSpeed Team Bartone Bros;Mercedes-AMG;GF;54.687;52.527;37.950
6;1;29;1:49.445;0;;34.602;0;37.354;0;37.489;0;190.6;1:10:45.516;17:10:16.780;0:34.602;0:37.354;0:37.489;267;Bartone;;Silver;;GetSpeed Team Bartone Bros;Mercedes-AMG;GF;34.602;37.354;37.489
6;1;30;1:49.973;0;;35.070;0;37.559;0;37.344;0;189.6;1:12:35.489;17:12:06.753;0:35.070;0:37.559;0:37.344;263;Bartone;;Silver;;GetSpeed Team Bartone Bros;Mercedes-AMG;GF;35.070;37.559;37.344
6;1;31;1:49.731;0;;35.033;0;37.715;0;36.983;0;190.1;1:14:25.220;17:13:56.484;0:35.033;0:37.715;0:36.983;262;Bartone;;Silver;;GetSpeed Team Bartone Bros;Mercedes-AMG;GF;35.033;37.715;36.983
6;1;32;1:48.947;0;;34.555;0;37.377;0;37.015;0;191.4;1:16:14.167;17:15:45.431;0:34.555;0:37.377;0:37.015;265;Bartone;;Silver;;GetSpeed Team Bartone Bros;Mercedes-AMG;GF;34.555;37.377;37.015
6;1;33;1:48.499;0;;34.526;0;36.906;0;37.067;0;192.2;1:18:02.666;17:17:33.930;0:34.526;0:36.906;0:37.067;267;Bartone;;Silver;;GetSpeed Team Bartone Bros;Mercedes-AMG;GF;34.526;36.906;37.067
6;1;34;2:26.954;0;;34.420;0;37.030;0;1:15.504;0;141.9;1:20:29.620;17:20:00.884;0:34.420;0:37.030;1:15.504;265;Bartone;;Silver;;GetSpeed Team Bartone Bros;Mercedes-AMG;FCY;34.420;37.030;75.504
6;1;35;1:58.699;0;;44.296;0;37.364;0;37.039;0;175.7;1:22:28.319;17:21:59.583;0:44.296;0:37.364;0:37.039;223;Bartone;;Silver;;GetSpeed Team Bartone Bros;Mercedes-AMG;GF;44.296;37.364;37.039
6;1;36;1:50.317;0;;34.766;0;38.466;0;37.085;0;189.0;1:24:18.636;17:23:49.900;0:34.766;0:38.466;0:37.085;267;Bartone;;Silver;;GetSpeed Team Bartone Bros;Mercedes-AMG;GF;34.766;38.466;37.085
6;1;37;1:48.566;0;;34.521;0;37.006;0;37.039;0;192.1;1:26:07.202;17:25:38.466;0:34.521;0:37.006;0:37.039;267;Bartone;;Silver;;GetSpeed Team Bartone Bros;Mercedes-AMG;GF;34.521;37.006;37.039
6;1;38;1:47.969;0;;34.441;0;36.650;0;36.878;0;193.2;1:27:55.171;17:27:26.435;0:34.441;0:36.650;0:36.878;267;Bartone;;Silver;;GetSpeed Team Bartone Bros;Mercedes-AMG;GF;34.441;36.650;36.878
6;1;39;1:48.074;0;;34.445;0;36.908;0;36.721;0;193.0;1:29:43.245;17:29:14.509;0:34.445;0:36.908;0:36.721;268;Bartone;;Silver;;GetSpeed Team Bartone Bros;Mercedes-AMG;GF;34.445;36.908;36.721
6;1;40;1:49.522;0;;34.411;0;37.089;0;38.022;0;190.4;1:31:32.767;17:31:04.031;0:34.411;0:37.089;0:38.022;268;Bartone;;Silver;;GetSpeed Team Bartone Bros;Mercedes-AMG;GF;34.411;37.089;38.022
6;1;41;1:48.923;0;;34.461;0;37.374;0;37.088;0;191.5;1:33:21.690;17:32:52.954;0:34.461;0:37.374;0:37.088;265;Bartone;;Silver;;GetSpeed Team Bartone Bros;Mercedes-AMG;GF;34.461;37.374;37.088
6;1;42;1:48.847;0;;34.815;0;37.056;0;36.976;0;191.6;1:35:10.537;17:34:41.801;0:34.815;0:37.056;0:36.976;267;Bartone;;Silver;;GetSpeed Team Bartone Bros;Mercedes-AMG;GF;34.815;37.056;36.976
6;1;43;3:55.787;0;;58.546;0;1:21.789;0;1:35.452;0;88.4;1:39:06.324;17:38:37.588;0:58.546;1:21.789;1:35.452;;Bartone;;Silver;;GetSpeed Team Bartone Bros;Mercedes-AMG;FCY;58.546;81.789;95.452
6;1;44;4:36.258;0;;1:41.669;0;1:21.971;0;1:32.618;0;75.5;1:43:42.582;17:43:13.846;1:41.669;1:21.971;1:32.618;78;Bartone;;Silver;;GetSpeed Team Bartone Bros;Mercedes-AMG;FCY;101.669;81.971;92.618
6;1;45;3:24.607;0;;1:26.901;0;1:09.929;0;47.777;0;101.9;1:47:07.189;17:46:38.453;1:26.901;1:09.929;0:47.777;78;Bartone;;Silver;;GetSpeed Team Bartone Bros;Mercedes-AMG;SC;86.901;69.929;47.777
6;1;46;2:44.339;0;;38.671;0;57.131;0;1:08.537;0;126.9;1:49:51.528;17:49:22.792;0:38.671;0:57.131;1:08.537;219;Bartone;;Silver;;GetSpeed Team Bartone Bros;Mercedes-AMG;SC;38.671;57.131;68.537
6;1;47;2:51.744;0;;1:06.047;0;55.626;0;50.071;0;121.4;1:52:43.272;17:52:14.536;1:06.047;0:55.626;0:50.071;90;Bartone;;Silver;;GetSpeed Team Bartone Bros;Mercedes-AMG;GF;66.047;55.626;50.071
6;1;48;1:50.122;0;;35.322;0;37.491;0;37.309;0;189.4;1:54:33.394;17:54:04.658;0:35.322;0:37.491;0:37.309;241;Bartone;;Silver;;GetSpeed Team Bartone Bros;Mercedes-AMG;GF;35.322;37.491;37.309
6;1;49;1:51.253;0;;36.920;0;37.211;0;37.122;0;187.5;1:56:24.647;17:55:55.911;0:36.920;0:37.211;0:37.122;265;Bartone;;Silver;;GetSpeed Team Bartone Bros;Mercedes-AMG;GF;36.920;37.211;37.122
6;1;50;1:48.509;0;;34.475;0;37.085;0;36.949;0;192.2;1:58:13.156;17:57:44.420;0:34.475;0:37.085;0:36.949;268;Bartone;;Silver;;GetSpeed Team Bartone Bros;Mercedes-AMG;GF;34.475;37.085;36.949
6;1;51;1:49.764;0;;34.639;0;37.463;0;37.662;0;190.0;2:00:02.920;17:59:34.184;0:34.639;0:37.463;0:37.662;264;Bartone;;Silver;;GetSpeed Team Bartone Bros;Mercedes-AMG;GF;34.639;37.463;37.662
6;1;52;1:49.112;0;;34.988;0;36.785;0;37.339;0;191.1;2:01:52.032;18:01:23.296;0:34.988;0:36.785;0:37.339;270;Bartone;;Silver;;GetSpeed Team Bartone Bros;Mercedes-AMG;GF;34.988;36.785;37.339
6;1;53;1:47.823;0;;34.370;0;36.661;0;36.792;0;193.4;2:03:39.855;18:03:11.119;0:34.370;0:36.661;0:36.792;267;Bartone;;Silver;;GetSpeed Team Bartone Bros;Mercedes-AMG;GF;34.370;36.661;36.792
6;1;54;1:48.566;0;;34.453;0;36.830;0;37.283;0;192.1;2:05:28.421;18:04:59.685;0:34.453;0:36.830;0:37.283;267;Bartone;;Silver;;GetSpeed Team Bartone Bros;Mercedes-AMG;GF;34.453;36.830;37.283
6;1;55;1:57.393;0;B;34.520;0;37.994;0;44.879;0;177.6;2:07:25.814;18:06:57.078;0:34.520;0:37.994;0:44.879;;Bartone;;Silver;;GetSpeed Team Bartone Bros;Mercedes-AMG;GF;34.520;37.994;44.879
6;2;56;3:06.150;0;;1:51.548;0;37.508;0;37.094;0;112.0;2:10:31.964;18:10:03.228;1:51.548;0:37.508;0:37.094;202;Gazeau;;Silver;;GetSpeed Team Bartone Bros;Mercedes-AMG;GF;111.548;37.508;37.094
6;2;57;1:48.456;0;;34.709;0;36.912;0;36.835;0;192.3;2:12:20.420;18:11:51.684;0:34.709;0:36.912;0:36.835;264;Gazeau;;Silver;;GetSpeed Team Bartone Bros;Mercedes-AMG;GF;34.709;36.912;36.835
6;2;58;1:48.489;0;;34.573;0;36.937;0;36.979;0;192.2;2:14:08.909;18:13:40.173;0:34.573;0:36.937;0:36.979;266;Gazeau;;Silver;;GetSpeed Team Bartone Bros;Mercedes-AMG;GF;34.573;36.937;36.979
6;2;59;1:48.144;0;;34.455;0;36.831;0;36.858;0;192.8;2:15:57.053;18:15:28.317;0:34.455;0:36.831;0:36.858;267;Gazeau;;Silver;;GetSpeed Team Bartone Bros;Mercedes-AMG;GF;34.455;36.831;36.858
6;2;60;1:47.583;0;;34.347;0;36.518;0;36.718;0;193.8;2:17:44.636;18:17:15.900;0:34.347;0:36.518;0:36.718;267;Gazeau;;Silver;;GetSpeed Team Bartone Bros;Mercedes-AMG;GF;34.347;36.518;36.718
6;2;61;1:47.800;0;;34.385;0;36.707;0;36.708;0;193.5;2:19:32.436;18:19:03.700;0:34.385;0:36.707;0:36.708;267;Gazeau;;Silver;;GetSpeed Team Bartone Bros;Mercedes-AMG;GF;34.385;36.707;36.708
6;2;62;1:47.752;0;;34.177;1;36.813;0;36.762;0;193.5;2:21:20.188;18:20:51.452;0:34.177;0:36.813;0:36.762;267;Gazeau;;Silver;;GetSpeed Team Bartone Bros;Mercedes-AMG;GF;34.177;36.813;36.762
6;2;63;1:47.521;0;;34.287;0;36.638;0;36.596;0;194.0;2:23:07.709;18:22:38.973;0:34.287;0:36.638;0:36.596;268;Gazeau;;Silver;;GetSpeed Team Bartone Bros;Mercedes-AMG;GF;34.287;36.638;36.596
6;2;64;1:49.023;0;;34.391;0;37.945;0;36.687;0;191.3;2:24:56.732;18:24:27.996;0:34.391;0:37.945;0:36.687;269;Gazeau;;Silver;;GetSpeed Team Bartone Bros;Mercedes-AMG;GF;34.391;37.945;36.687
6;2;65;1:47.226;1;;34.147;1;36.530;0;36.549;1;194.5;2:26:43.958;18:26:15.222;0:34.147;0:36.530;0:36.549;268;Gazeau;;Silver;;GetSpeed Team Bartone Bros;Mercedes-AMG;GF;34.147;36.530;36.549
6;2;66;1:48.365;0;;34.342;0;37.234;0;36.789;0;192.4;2:28:32.323;18:28:03.587;0:34.342;0:37.234;0:36.789;269;Gazeau;;Silver;;GetSpeed Team Bartone Bros;Mercedes-AMG;GF;34.342;37.234;36.789
6;2;67;1:47.762;0;;34.235;0;36.902;0;36.625;0;193.5;2:30:20.085;18:29:51.349;0:34.235;0:36.902;0:36.625;269;Gazeau;;Silver;;GetSpeed Team Bartone Bros;Mercedes-AMG;GF;34.235;36.902;36.625
6;2;68;1:47.846;0;;34.118;1;36.962;0;36.766;0;193.4;2:32:07.931;18:31:39.195;0:34.118;0:36.962;0:36.766;271;Gazeau;;Silver;;GetSpeed Team Bartone Bros;Mercedes-AMG;GF;34.118;36.962;36.766
6;2;69;1:48.015;0;;34.370;0;36.927;0;36.718;0;193.1;2:33:55.946;18:33:27.210;0:34.370;0:36.927;0:36.718;269;Gazeau;;Silver;;GetSpeed Team Bartone Bros;Mercedes-AMG;GF;34.370;36.927;36.718
6;2;70;1:47.677;0;;34.282;0;36.786;0;36.609;0;193.7;2:35:43.623;18:35:14.887;0:34.282;0:36.786;0:36.609;269;Gazeau;;Silver;;GetSpeed Team Bartone Bros;Mercedes-AMG;GF;34.282;36.786;36.609
6;2;71;1:48.210;0;;34.284;0;36.975;0;36.951;0;192.7;2:37:31.833;18:37:03.097;0:34.284;0:36.975;0:36.951;269;Gazeau;;Silver;;GetSpeed Team Bartone Bros;Mercedes-AMG;GF;34.284;36.975;36.951
6;2;72;3:22.332;0;;34.450;0;1:15.478;0;1:32.404;0;103.1;2:40:54.165;18:40:25.429;0:34.450;1:15.478;1:32.404;268;Gazeau;;Silver;;GetSpeed Team Bartone Bros;Mercedes-AMG;FCY;34.450;75.478;92.404
6;2;73;4:21.482;0;;1:27.163;0;1:21.950;0;1:32.369;0;79.8;2:45:15.647;18:44:46.911;1:27.163;1:21.950;1:32.369;78;Gazeau;;Silver;;GetSpeed Team Bartone Bros;Mercedes-AMG;FCY;87.163;81.950;92.369
6;2;74;3:40.289;0;;1:27.043;0;1:22.006;0;51.240;0;94.7;2:48:55.936;18:48:27.200;1:27.043;1:22.006;0:51.240;79;Gazeau;;Silver;;GetSpeed Team Bartone Bros;Mercedes-AMG;SC;87.043;82.006;51.240
6;2;75;1:56.673;0;;38.064;0;40.106;0;38.503;0;178.7;2:50:52.609;18:50:23.873;0:38.064;0:40.106;0:38.503;210;Gazeau;;Silver;;GetSpeed Team Bartone Bros;Mercedes-AMG;SC;38.064;40.106;38.503
6;2;76;2:18.896;0;;42.913;0;50.067;0;45.916;0;150.1;2:53:11.505;18:52:42.769;0:42.913;0:50.067;0:45.916;235;Gazeau;;Silver;;GetSpeed Team Bartone Bros;Mercedes-AMG;GF;42.913;50.067;45.916
6;2;77;1:52.381;0;;35.963;0;38.877;0;37.541;0;185.6;2:55:03.886;18:54:35.150;0:35.963;0:38.877;0:37.541;256;Gazeau;;Silver;;GetSpeed Team Bartone Bros;Mercedes-AMG;GF;35.963;38.877;37.541
6;2;78;2:02.500;0;;35.712;0;44.505;0;42.283;0;170.2;2:57:06.386;18:56:37.650;0:35.712;0:44.505;0:42.283;259;Gazeau;;Silver;;GetSpeed Team Bartone Bros;Mercedes-AMG;GF;35.712;44.505;42.283
6;2;79;4:08.757;0;;1:30.221;0;1:26.873;0;1:11.663;0;83.8;3:01:15.143;19:00:46.407;1:30.221;1:26.873;1:11.663;50;Gazeau;;Silver;;GetSpeed Team Bartone Bros;Mercedes-AMG;GF;90.221;86.873;71.663
9;3;1;2:54.124;1;;47.012;1;48.127;1;1:18.985;1;119.8;2:54.124;16:02:25.388;0:47.012;0:48.127;1:18.985;177;Malykhin;;Silver;;Pure Rxcing;Porsche;SC;47.012;48.127;78.985
9;3;2;4:27.980;0;;1:47.888;0;1:20.712;0;1:19.380;0;77.8;7:22.104;16:06:53.368;1:47.888;1:20.712;1:19.380;74;Malykhin;;Silver;;Pure Rxcing;Porsche;SC;107.888;80.712;79.380
9;3;3;3:21.048;0;B;1:20.239;0;1:04.494;0;56.315;1;103.7;10:43.152;16:10:14.416;1:20.239;1:04.494;0:56.315;26;Malykhin;;Silver;;Pure Rxcing;Porsche;SC;80.239;64.494;56.315
9;3;4;2:44.864;1;;1:03.460;0;55.239;0;46.165;1;126.5;13:28.016;16:12:59.280;1:03.460;0:55.239;0:46.165;79;Malykhin;;Silver;;Pure Rxcing;Porsche;SC;63.460;55.239;46.165
9;3;5;2:27.837;1;;41.244;1;55.413;0;51.180;0;141.1;15:55.853;16:15:27.117;0:41.244;0:55.413;0:51.180;241;Malykhin;;Silver;;Pure Rxcing;Porsche;SC;41.244;55.413;51.180
9;3;6;2:44.389;0;B;55.923;0;57.493;0;50.973;0;126.9;18:40.242;16:18:11.506;0:55.923;0:57.493;0:50.973;102;Malykhin;;Silver;;Pure Rxcing;Porsche;GF;55.923;57.493;50.973
9;3;7;1:50.923;1;;35.765;1;37.500;1;37.658;1;188.0;20:31.165;16:20:02.429;0:35.765;0:37.500;0:37.658;258;Malykhin;;Silver;;Pure Rxcing;Porsche;GF;35.765;37.500;37.658
9;3;8;1:49.385;1;;34.682;1;37.218;1;37.485;1;190.7;22:20.550;16:21:51.814;0:34.682;0:37.218;0:37.485;266;Malykhin;;Silver;;Pure Rxcing;Porsche;GF;34.682;37.218;37.485
9;3;9;1:48.726;1;;34.728;0;36.957;1;37.041;1;191.8;24:09.276;16:23:40.540;0:34.728;0:36.957;0:37.041;266;Malykhin;;Silver;;Pure Rxcing;Porsche;GF;34.728;36.957;37.041
9;3;10;1:48.505;1;;34.568;1;36.938;1;36.999;1;192.2;25:57.781;16:25:29.045;0:34.568;0:36.938;0:36.999;265;Malykhin;;Silver;;Pure Rxcing;Porsche;GF;34.568;36.938;36.999
9;3;11;1:48.301;1;;34.452;1;36.903;1;36.946;1;192.6;27:46.082;16:27:17.346;0:34.452;0:36.903;0:36.946;267;Malykhin;;Silver;;Pure Rxcing;Porsche;GF;34.452;36.903;36.946
9;3;12;1:48.234;1;;34.411;1;36.817;1;37.006;0;192.7;29:34.316;16:29:05.580;0:34.411;0:36.817;0:37.006;267;Malykhin;;Silver;;Pure Rxcing;Porsche;GF;34.411;36.817;37.006
9;3;13;1:48.376;0;;34.397;1;36.858;0;37.121;0;192.4;31:22.692;16:30:53.956;0:34.397;0:36.858;0:37.121;267;Malykhin;;Silver;;Pure Rxcing;Porsche;GF;34.397;36.858;37.121
9;3;14;1:48.147;1;;34.413;0;36.732;1;37.002;0;192.8;33:10.839;16:32:42.103;0:34.413;0:36.732;0:37.002;267;Malykhin;;Silver;;Pure Rxcing;Porsche;GF;34.413;36.732;37.002
9;3;15;1:47.596;1;;34.399;0;36.490;1;36.707;1;193.8;34:58.435;16:34:29.699;0:34.399;0:36.490;0:36.707;267;Malykhin;;Silver;;Pure Rxcing;Porsche;GF;34.399;36.490;36.707
9;3;16;1:48.591;0;;34.364;1;37.497;0;36.730;0;192.0;36:47.026;16:36:18.290;0:34.364;0:37.497;0:36.730;269;Malykhin;;Silver;;Pure Rxcing;Porsche;GF;34.364;37.497;36.730
9;3;17;1:47.962;0;;34.437;0;36.792;0;36.733;0;193.2;38:34.988;16:38:06.252;0:34.437;0:36.792;0:36.733;268;Malykhin;;Silver;;Pure Rxcing;Porsche;GF;34.437;36.792;36.733
9;3;18;1:48.136;0;;34.439;0;36.910;0;36.787;0;192.9;40:23.124;16:39:54.388;0:34.439;0:36.910;0:36.787;267;Malykhin;;Silver;;Pure Rxcing;Porsche;GF;34.439;36.910;36.787
9;3;19;1:47.940;0;;34.482;0;36.667;0;36.791;0;193.2;42:11.064;16:41:42.328;0:34.482;0:36.667;0:36.791;268;Malykhin;;Silver;;Pure Rxcing;Porsche;GF;34.482;36.667;36.791
9;3;20;1:48.322;0;;34.476;0;36.950;0;36.896;0;192.5;43:59.386;16:43:30.650;0:34.476;0:36.950;0:36.896;268;Malykhin;;Silver;;Pure Rxcing;Porsche;GF;34.476;36.950;36.896
9;3;21;1:49.215;0;;34.522;0;37.992;0;36.701;1;191.0;45:48.601;16:45:19.865;0:34.522;0:37.992;0:36.701;269;Malykhin;;Silver;;Pure Rxcing;Porsche;GF;34.522;37.992;36.701
9;3;22;1:47.913;0;;34.288;1;36.787;0;36.838;0;193.3;47:36.514;16:47:07.778;0:34.288;0:36.787;0:36.838;269;Malykhin;;Silver;;Pure Rxcing;Porsche;GF;34.288;36.787;36.838
9;3;23;1:49.016;0;;34.559;0;37.056;0;37.401;0;191.3;49:25.530;16:48:56.794;0:34.559;0:37.056;0:37.401;269;Malykhin;;Silver;;Pure Rxcing;Porsche;GF;34.559;37.056;37.401
9;2;24;3:42.029;0;;45.084;0;1:21.924;0;1:35.021;0;93.9;53:07.559;16:52:38.823;0:45.084;1:21.924;1:35.021;;Hofer;;Silver;;Pure Rxcing;Porsche;FCY;45.084;81.924;95.021
9;2;25;5:23.489;0;;2:29.492;0;1:21.098;0;1:32.899;0;64.5;58:31.048;16:58:02.312;2:29.492;1:21.098;1:32.899;79;Hofer;;Silver;;Pure Rxcing;Porsche;FCY;149.492;81.098;92.899
9;2;26;4:21.882;0;;1:27.007;0;1:22.228;0;1:32.647;0;79.6;1:02:52.930;17:02:24.194;1:27.007;1:22.228;1:32.647;77;Hofer;;Silver;;Pure Rxcing;Porsche;GF;87.007;82.228;92.647
9;2;27;3:10.015;0;;1:26.935;0;51.658;0;51.422;0;109.8;1:06:02.945;17:05:34.209;1:26.935;0:51.658;0:51.422;76;Hofer;;Silver;;Pure Rxcing;Porsche;SC;86.935;51.658;51.422
9;2;28;2:42.243;0;;1:05.118;0;53.046;0;44.079;0;128.5;1:08:45.188;17:08:16.452;1:05.118;0:53.046;0:44.079;104;Hofer;;Silver;;Pure Rxcing;Porsche;GF;65.118;53.046;44.079
9;2;29;1:54.244;0;;35.589;0;40.937;0;37.718;0;182.5;1:10:39.432;17:10:10.696;0:35.589;0:40.937;0:37.718;264;Hofer;;Silver;;Pure Rxcing;Porsche;GF;35.589;40.937;37.718
9;2;30;1:50.174;0;;35.020;0;37.878;0;37.276;0;189.3;1:12:29.606;17:12:00.870;0:35.020;0:37.878;0:37.276;267;Hofer;;Silver;;Pure Rxcing;Porsche;GF;35.020;37.878;37.276
9;2;31;1:48.980;0;B;34.575;0;37.237;0;37.168;0;191.4;1:14:18.586;17:13:49.850;0:34.575;0:37.237;0:37.168;269;Hofer;;Silver;;Pure Rxcing;Porsche;GF;34.575;37.237;37.168
9;2;32;1:48.718;0;;34.441;0;37.007;0;37.270;0;191.8;1:16:07.304;17:15:38.568;0:34.441;0:37.007;0:37.270;269;Hofer;;Silver;;Pure Rxcing;Porsche;GF;34.441;37.007;37.270
9;2;33;1:50.884;0;;34.577;0;38.737;0;37.570;0;188.1;1:17:58.188;17:17:29.452;0:34.577;0:38.737;0:37.570;268;Hofer;;Silver;;Pure Rxcing;Porsche;GF;34.577;38.737;37.570
9;2;34;2:20.510;0;;34.826;0;36.956;0;1:08.728;0;148.4;1:20:18.698;17:19:49.962;0:34.826;0:36.956;1:08.728;266;Hofer;;Silver;;Pure Rxcing;Porsche;FCY;34.826;36.956;68.728
9;2;35;2:04.238;0;;50.369;0;36.742;0;37.127;0;167.9;1:22:22.936;17:21:54.200;0:50.369;0:36.742;0:37.127;199;Hofer;;Silver;;Pure Rxcing;Porsche;GF;50.369;36.742;37.127
9;2;36;1:48.094;0;;34.409;0;36.658;0;37.027;0;192.9;1:24:11.030;17:23:42.294;0:34.409;0:36.658;0:37.027;269;Hofer;;Silver;;Pure Rxcing;Porsche;GF;34.409;36.658;37.027
9;2;37;1:47.735;0;;34.552;0;36.552;0;36.631;1;193.6;1:25:58.765;17:25:30.029;0:34.552;0:36.552;0:36.631;266;Hofer;;Silver;;Pure Rxcing;Porsche;GF;34.552;36.552;36.631
9;2;38;1:48.635;0;;34.434;0;36.952;0;37.249;0;192.0;1:27:47.400;17:27:18.664;0:34.434;0:36.952;0:37.249;265;Hofer;;Silver;;Pure Rxcing;Porsche;GF;34.434;36.952;37.249
9;2;39;1:47.698;0;;34.515;0;36.519;0;36.664;0;193.6;1:29:35.098;17:29:06.362;0:34.515;0:36.519;0:36.664;269;Hofer;;Silver;;Pure Rxcing;Porsche;GF;34.515;36.519;36.664
9;2;40;1:47.394;1;;34.375;0;36.391;1;36.628;1;194.2;1:31:22.492;17:30:53.756;0:34.375;0:36.391;0:36.628;265;Hofer;;Silver;;Pure Rxcing;Porsche;GF;34.375;36.391;36.628
9;2;41;1:47.180;1;;34.278;1;36.403;0;36.499;1;194.6;1:33:09.672;17:32:40.936;0:34.278;0:36.403;0:36.499;266;Hofer;;Silver;;Pure Rxcing;Porsche;GF;34.278;36.403;36.499
9;2;42;1:47.233;0;;34.292;0;36.362;1;36.579;0;194.5;1:34:56.905;17:34:28.169;0:34.292;0:36.362;0:36.579;267;Hofer;;Silver;;Pure Rxcing;Porsche;GF;34.292;36.362;36.579
9;2;43;3:29.951;0;;37.609;0;1:20.833;0;1:31.509;0;99.3;1:38:26.856;17:37:58.120;0:37.609;1:20.833;1:31.509;267;Hofer;;Silver;;Pure Rxcing;Porsche;FCY;37.609;80.833;91.509
9;2;44;4:22.781;0;;1:25.825;0;1:21.813;0;1:35.143;0;79.4;1:42:49.637;17:42:20.901;1:25.825;1:21.813;1:35.143;;Hofer;;Silver;;Pure Rxcing;Porsche;FCY;85.825;81.813;95.143
9;1;45;4:19.530;0;;2:26.725;0;1:05.185;0;47.620;0;80.4;1:47:09.167;17:46:40.431;2:26.725;1:05.185;0:47.620;79;Nesov;;Silver;;Pure Rxcing;Porsche;SC;146.725;65.185;47.620
9;1;46;2:43.399;0;;38.425;0;56.868;0;1:08.106;0;127.6;1:49:52.566;17:49:23.830;0:38.425;0:56.868;1:08.106;184;Nesov;;Silver;;Pure Rxcing;Porsche;SC;38.425;56.868;68.106
9;1;47;2:51.944;0;;1:06.336;0;55.736;0;49.872;0;121.3;1:52:44.510;17:52:15.774;1:06.336;0:55.736;0:49.872;71;Nesov;;Silver;;Pure Rxcing;Porsche;GF;66.336;55.736;49.872
9;1;48;1:49.425;0;;35.072;0;37.129;0;37.224;0;190.6;1:54:33.935;17:54:05.199;0:35.072;0:37.129;0:37.224;266;Nesov;;Silver;;Pure Rxcing;Porsche;GF;35.072;37.129;37.224
9;1;49;1:51.105;0;;36.784;0;37.002;0;37.319;0;187.7;1:56:25.040;17:55:56.304;0:36.784;0:37.002;0:37.319;268;Nesov;;Silver;;Pure Rxcing;Porsche;GF;36.784;37.002;37.319
9;1;50;1:48.626;0;;34.556;0;37.018;0;37.052;0;192.0;1:58:13.666;17:57:44.930;0:34.556;0:37.018;0:37.052;270;Nesov;;Silver;;Pure Rxcing;Porsche;GF;34.556;37.018;37.052
9;1;51;1:49.483;0;;34.588;0;37.335;0;37.560;0;190.5;2:00:03.149;17:59:34.413;0:34.588;0:37.335;0:37.560;269;Nesov;;Silver;;Pure Rxcing;Porsche;GF;34.588;37.335;37.560
9;1;52;1:49.250;0;;35.018;0;37.002;0;37.230;0;190.9;2:01:52.399;18:01:23.663;0:35.018;0:37.002;0:37.230;272;Nesov;;Silver;;Pure Rxcing;Porsche;GF;35.018;37.002;37.230
9;1;53;1:48.087;0;;34.419;0;36.743;0;36.925;0;192.9;2:03:40.486;18:03:11.750;0:34.419;0:36.743;0:36.925;269;Nesov;;Silver;;Pure Rxcing;Porsche;GF;34.419;36.743;36.925
9;1;54;1:48.317;0;;34.431;0;36.699;0;37.187;0;192.5;2:05:28.803;18:05:00.067;0:34.431;0:36.699;0:37.187;269;Nesov;;Silver;;Pure Rxcing;Porsche;GF;34.431;36.699;37.187
9;1;55;1:50.259;0;B;34.627;0;37.725;0;37.907;0;189.1;2:07:19.062;18:06:50.326;0:34.627;0:37.725;0:37.907;270;Nesov;;Silver;;Pure Rxcing;Porsche;GF;34.627;37.725;37.907
9;1;56;1:47.999;0;;34.595;0;36.494;0;36.910;0;193.1;2:09:07.061;18:08:38.325;0:34.595;0:36.494;0:36.910;265;Nesov;;Silver;;Pure Rxcing;Porsche;GF;34.595;36.494;36.910
9;1;57;1:48.311;0;;34.943;0;36.542;0;36.826;0;192.5;2:10:55.372;18:10:26.636;0:34.943;0:36.542;0:36.826;265;Nesov;;Silver;;Pure Rxcing;Porsche;GF;34.943;36.542;36.826
9;1;58;1:47.593;0;;34.393;0;36.590;0;36.610;0;193.8;2:12:42.965;18:12:14.229;0:34.393;0:36.590;0:36.610;266;Nesov;;Silver;;Pure Rxcing;Porsche;GF;34.393;36.590;36.610
9;1;59;1:47.616;0;;34.343;0;36.530;0;36.743;0;193.8;2:14:30.581;18:14:01.845;0:34.343;0:36.530;0:36.743;267;Nesov;;Silver;;Pure Rxcing;Porsche;GF;34.343;36.530;36.743
9;1;60;1:47.391;0;;34.357;0;36.420;0;36.614;0;194.2;2:16:17.972;18:15:49.236;0:34.357;0:36.420;0:36.614;267;Nesov;;Silver;;Pure Rxcing;Porsche;GF;34.357;36.420;36.614
9;1;61;1:47.487;0;;34.379;0;36.381;0;36.727;0;194.0;2:18:05.459;18:17:36.723;0:34.379;0:36.381;0:36.727;266;Nesov;;Silver;;Pure Rxcing;Porsche;GF;34.379;36.381;36.727
9;1;62;1:47.503;0;;34.351;0;36.429;0;36.723;0;194.0;2:19:52.962;18:19:24.226;0:34.351;0:36.429;0:36.723;266;Nesov;;Silver;;Pure Rxcing;Porsche;GF;34.351;36.429;36.723
9;1;63;1:47.327;0;;34.333;0;36.407;0;36.587;0;194.3;2:21:40.289;18:21:11.553;0:34.333;0:36.407;0:36.587;266;Nesov;;Silver;;Pure Rxcing;Porsche;GF;34.333;36.407;36.587
9;1;64;1:47.462;0;;34.390;0;36.400;0;36.672;0;194.1;2:23:27.751;18:22:59.015;0:34.390;0:36.400;0:36.672;267;Nesov;;Silver;;Pure Rxcing;Porsche;GF;34.390;36.400;36.672
9;1;65;1:47.351;0;;34.212;1;36.399;0;36.740;0;194.3;2:25:15.102;18:24:46.366;0:34.212;0:36.399;0:36.740;267;Nesov;;Silver;;Pure Rxcing;Porsche;GF;34.212;36.399;36.740
9;1;66;1:47.394;0;;34.202;1;36.551;0;36.641;0;194.2;2:27:02.496;18:26:33.760;0:34.202;0:36.551;0:36.641;268;Nesov;;Silver;;Pure Rxcing;Porsche;GF;34.202;36.551;36.641
9;1;67;1:47.329;0;;34.214;0;36.401;0;36.714;0;194.3;2:28:49.825;18:28:21.089;0:34.214;0:36.401;0:36.714;269;Nesov;;Silver;;Pure Rxcing;Porsche;GF;34.214;36.401;36.714
9;1;68;1:47.271;0;;34.196;1;36.467;0;36.608;0;194.4;2:30:37.096;18:30:08.360;0:34.196;0:36.467;0:36.608;269;Nesov;;Silver;;Pure Rxcing;Porsche;GF;34.196;36.467;36.608
9;1;69;1:47.141;1;;34.128;1;36.414;0;36.599;0;194.6;2:32:24.237;18:31:55.501;0:34.128;0:36.414;0:36.599;270;Nesov;;Silver;;Pure Rxcing;Porsche;GF;34.128;36.414;36.599
9;1;70;1:47.435;0;;34.102;1;36.586;0;36.747;0;194.1;2:34:11.672;18:33:42.936;0:34.102;0:36.586;0:36.747;270;Nesov;;Silver;;Pure Rxcing;Porsche;GF;34.102;36.586;36.747
9;1;71;1:48.393;0;;34.099;1;36.745;0;37.549;0;192.4;2:36:00.065;18:35:31.329;0:34.099;0:36.745;0:37.549;271;Nesov;;Silver;;Pure Rxcing;Porsche;GF;34.099;36.745;37.549
9;1;72;1:57.660;0;;34.210;0;38.725;0;44.725;0;177.2;2:37:57.725;18:37:28.989;0:34.210;0:38.725;0:44.725;;Nesov;;Silver;;Pure Rxcing;Porsche;GF;34.210;38.725;44.725
9;1;73;5:20.942;0;;2:27.307;0;1:21.092;0;1:32.543;0;65.0;2:43:18.667;18:42:49.931;2:27.307;1:21.092;1:32.543;79;Nesov;;Silver;;Pure Rxcing;Porsche;FCY;147.307;81.092;92.543
9;1;74;4:20.100;0;;1:25.933;0;1:21.508;0;1:32.659;0;80.2;2:47:38.767;18:47:10.031;1:25.933;1:21.508;1:32.659;79;Nesov;;Silver;;Pure Rxcing;Porsche;FCY;85.933;81.508;92.659
9;1;75;2:38.627;0;;1:02.371;0;39.550;0;56.706;0;131.5;2:50:17.394;18:49:48.658;1:02.371;0:39.550;0:56.706;89;Nesov;;Silver;;Pure Rxcing;Porsche;SC;62.371;39.550;56.706
9;1;76;2:49.071;0;;1:03.975;0;50.930;0;54.166;0;123.3;2:53:06.465;18:52:37.729;1:03.975;0:50.930;0:54.166;110;Nesov;;Silver;;Pure Rxcing;Porsche;GF;63.975;50.930;54.166
9;1;77;1:51.177;0;;35.007;0;38.624;0;37.546;0;187.6;2:54:57.642;18:54:28.906;0:35.007;0:38.624;0:37.546;269;Nesov;;Silver;;Pure Rxcing;Porsche;GF;35.007;38.624;37.546
11;2;1;3:10.074;1;;52.396;1;54.728;1;1:22.950;1;109.7;3:10.074;16:02:41.338;0:52.396;0:54.728;1:22.950;164;Tomasoni;;Bronze;;Comtoyou Racing;Aston Martin;SC;52.396;54.728;82.950
11;2;2;4:30.408;0;;1:52.947;0;1:18.520;0;1:18.941;1;77.1;7:40.482;16:07:11.746;1:52.947;1:18.520;1:18.941;73;Tomasoni;;Bronze;;Comtoyou Racing;Aston Martin;SC;112.947;78.520;78.941
11;2;3;3:13.701;0;;1:14.472;0;1:06.778;0;52.451;1;107.7;10:54.183;16:10:25.447;1:14.472;1:06.778;0:52.451;39;Tomasoni;;Bronze;;Comtoyou Racing;Aston Martin;SC;74.472;66.778;52.451
11;2;4;2:41.096;1;;1:02.001;0;52.934;1;46.161;1;129.5;13:35.279;16:13:06.543;1:02.001;0:52.934;0:46.161;81;Tomasoni;;Bronze;;Comtoyou Racing;Aston Martin;SC;62.001;52.934;46.161
11;2;5;2:22.921;1;;41.121;1;53.882;0;47.918;0;145.9;15:58.200;16:15:29.464;0:41.121;0:53.882;0:47.918;186;Tomasoni;;Bronze;;Comtoyou Racing;Aston Martin;SC;41.121;53.882;47.918
11;2;6;2:44.062;0;;55.244;0;57.098;0;51.720;0;127.1;18:42.262;16:18:13.526;0:55.244;0:57.098;0:51.720;85;Tomasoni;;Bronze;;Comtoyou Racing;Aston Martin;GF;55.244;57.098;51.720
11;2;7;1:57.274;1;;36.676;1;39.574;1;41.024;1;177.8;20:39.536;16:20:10.800;0:36.676;0:39.574;0:41.024;240;Tomasoni;;Bronze;;Comtoyou Racing;Aston Martin;GF;36.676;39.574;41.024
11;2;8;1:55.793;1;;35.814;1;40.045;0;39.934;1;180.1;22:35.329;16:22:06.593;0:35.814;0:40.045;0:39.934;250;Tomasoni;;Bronze;;Comtoyou Racing;Aston Martin;GF;35.814;40.045;39.934
11;2;9;1:54.967;1;;36.165;0;39.201;1;39.601;1;181.4;24:30.296;16:24:01.560;0:36.165;0:39.201;0:39.601;261;Tomasoni;;Bronze;;Comtoyou Racing;Aston Martin;GF;36.165;39.201;39.601
11;2;10;1:55.374;0;;37.341;0;38.419;1;39.614;0;180.8;26:25.670;16:25:56.934;0:37.341;0:38.419;0:39.614;227;Tomasoni;;Bronze;;Comtoyou Racing;Aston Martin;GF;37.341;38.419;39.614
11;2;11;1:53.636;1;;35.596;1;38.648;0;39.392;1;183.5;28:19.306;16:27:50.570;0:35.596;0:38.648;0:39.392;252;Tomasoni;;Bronze;;Comtoyou Racing;Aston Martin;GF;35.596;38.648;39.392
11;2;12;1:51.849;1;;35.045;1;38.093;1;38.711;1;186.5;30:11.155;16:29:42.419;0:35.045;0:38.093;0:38.711;263;Tomasoni;;Bronze;;Comtoyou Racing;Aston Martin;GF;35.045;38.093;38.711
11;2;13;1:51.923;0;;34.881;1;37.759;1;39.283;0;186.3;32:03.078;16:31:34.342;0:34.881;0:37.759;0:39.283;265;Tomasoni;;Bronze;;Comtoyou Racing;Aston Martin;GF;34.881;37.759;39.283
11;2;14;1:51.424;1;;35.009;0;37.619;1;38.796;0;187.2;33:54.502;16:33:25.766;0:35.009;0:37.619;0:38.796;263;Tomasoni;;Bronze;;Comtoyou Racing;Aston Martin;GF;35.009;37.619;38.796
11;2;15;1:51.890;0;;35.003;0;38.091;0;38.796;0;186.4;35:46.392;16:35:17.656;0:35.003;0:38.091;0:38.796;262;Tomasoni;;Bronze;;Comtoyou Racing;Aston Martin;GF;35.003;38.091;38.796
11;2;16;1:52.622;0;;36.157;0;37.891;0;38.574;1;185.2;37:39.014;16:37:10.278;0:36.157;0:37.891;0:38.574;235;Tomasoni;;Bronze;;Comtoyou Racing;Aston Martin;GF;36.157;37.891;38.574
11;2;17;1:51.227;1;;34.983;0;37.741;0;38.503;1;187.5;39:30.241;16:39:01.505;0:34.983;0:37.741;0:38.503;262;Tomasoni;;Bronze;;Comtoyou Racing;Aston Martin;GF;34.983;37.741;38.503
11;2;18;1:50.537;1;;34.854;1;37.397;1;38.286;1;188.7;41:20.778;16:40:52.042;0:34.854;0:37.397;0:38.286;262;Tomasoni;;Bronze;;Comtoyou Racing;Aston Martin;GF;34.854;37.397;38.286
11;2;19;1:51.471;0;;34.908;0;37.822;0;38.741;0;187.1;43:12.249;16:42:43.513;0:34.908;0:37.822;0:38.741;262;Tomasoni;;Bronze;;Comtoyou Racing;Aston Martin;GF;34.908;37.822;38.741
11;2;20;1:51.854;0;;35.579;0;37.821;0;38.454;0;186.4;45:04.103;16:44:35.367;0:35.579;0:37.821;0:38.454;260;Tomasoni;;Bronze;;Comtoyou Racing;Aston Martin;GF;35.579;37.821;38.454
11;2;21;2:00.207;0;;34.982;0;37.718;0;47.507;0;173.5;47:04.310;16:46:35.574;0:34.982;0:37.718;0:47.507;;Tomasoni;;Bronze;;Comtoyou Racing;Aston Martin;GF;34.982;37.718;47.507
11;1;22;3:28.380;0;;1:52.312;0;37.704;0;58.364;0;100.1;50:32.690;16:50:03.954;1:52.312;0:37.704;0:58.364;201;Muss;;Bronze;;Comtoyou Racing;Aston Martin;FCY;112.312;37.704;58.364
11;1;23;4:21.365;0;;1:26.585;0;1:22.163;0;1:32.617;0;79.8;54:54.055;16:54:25.319;1:26.585;1:22.163;1:32.617;78;Muss;;Bronze;;Comtoyou Racing;Aston Martin;FCY;86.585;82.163;92.617
11;1;24;4:21.741;0;;1:26.930;0;1:22.155;0;1:32.656;0;79.7;59:15.796;16:58:47.060;1:26.930;1:22.155;1:32.656;78;Muss;;Bronze;;Comtoyou Racing;Aston Martin;FCY;86.930;82.155;92.656
11;1;25;4:22.997;0;;1:27.815;0;1:22.292;0;1:32.890;0;79.3;1:03:38.793;17:03:10.057;1:27.815;1:22.292;1:32.890;78;Muss;;Bronze;;Comtoyou Racing;Aston Martin;GF;87.815;82.292;92.890
11;1;26;2:43.878;0;B;1:13.239;0;43.126;0;47.513;0;127.3;1:06:22.671;17:05:53.935;1:13.239;0:43.126;0:47.513;;Muss;;Bronze;;Comtoyou Racing;Aston Martin;SC;73.239;43.126;47.513
11;1;27;3:08.921;0;;1:52.295;0;38.418;0;38.208;1;110.4;1:09:31.592;17:09:02.856;1:52.295;0:38.418;0:38.208;201;Muss;;Bronze;;Comtoyou Racing;Aston Martin;GF;112.295;38.418;38.208
11;1;28;1:50.146;1;;35.504;0;37.311;1;37.331;1;189.3;1:11:21.738;17:10:53.002;0:35.504;0:37.311;0:37.331;260;Muss;;Bronze;;Comtoyou Racing;Aston Martin;GF;35.504;37.311;37.331
11;1;29;1:49.301;1;;34.987;0;37.231;1;37.083;1;190.8;1:13:11.039;17:12:42.303;0:34.987;0:37.231;0:37.083;263;Muss;;Bronze;;Comtoyou Racing;Aston Martin;GF;34.987;37.231;37.083
11;1;30;1:49.373;0;;34.870;0;37.284;0;37.219;0;190.7;1:15:00.412;17:14:31.676;0:34.870;0:37.284;0:37.219;262;Muss;;Bronze;;Comtoyou Racing;Aston Martin;GF;34.870;37.284;37.219
11;1;31;1:48.619;1;;34.819;1;36.925;1;36.875;1;192.0;1:16:49.031;17:16:20.295;0:34.819;0:36.925;0:36.875;262;Muss;;Bronze;;Comtoyou Racing;Aston Martin;GF;34.819;36.925;36.875
11;1;32;1:51.482;0;;34.749;1;36.783;1;39.950;0;187.1;1:18:40.513;17:18:11.777;0:34.749;0:36.783;0:39.950;262;Muss;;Bronze;;Comtoyou Racing;Aston Martin;GF;34.749;36.783;39.950
11;1;33;2:30.885;0;;34.850;0;1:10.802;0;45.233;0;138.2;1:21:11.398;17:20:42.662;0:34.850;1:10.802;0:45.233;260;Muss;;Bronze;;Comtoyou Racing;Aston Martin;GF;34.850;70.802;45.233
11;1;34;1:49.522;0;;35.174;0;36.908;0;37.440;0;190.4;1:23:00.920;17:22:32.184;0:35.174;0:36.908;0:37.440;261;Muss;;Bronze;;Comtoyou Racing;Aston Martin;GF;35.174;36.908;37.440
11;1;35;1:48.815;0;;34.957;0;36.904;0;36.954;0;191.7;1:24:49.735;17:24:20.999;0:34.957;0:36.904;0:36.954;260;Muss;;Bronze;;Comtoyou Racing;Aston Martin;GF;34.957;36.904;36.954
11;1;36;1:48.484;1;;34.686;1;37.022;0;36.776;1;192.2;1:26:38.219;17:26:09.483;0:34.686;0:37.022;0:36.776;262;Muss;;Bronze;;Comtoyou Racing;Aston Martin;GF;34.686;37.022;36.776
11;1;37;1:49.138;0;;34.737;0;37.449;0;36.952;0;191.1;1:28:27.357;17:27:58.621;0:34.737;0:37.449;0:36.952;262;Muss;;Bronze;;Comtoyou Racing;Aston Martin;GF;34.737;37.449;36.952
11;1;38;1:50.986;0;;36.740;0;37.251;0;36.995;0;187.9;1:30:18.343;17:29:49.607;0:36.740;0:37.251;0:36.995;263;Muss;;Bronze;;Comtoyou Racing;Aston Martin;GF;36.740;37.251;36.995
11;1;39;1:49.817;0;;34.737;0;37.839;0;37.241;0;189.9;1:32:08.160;17:31:39.424;0:34.737;0:37.839;0:37.241;263;Muss;;Bronze;;Comtoyou Racing;Aston Martin;GF;34.737;37.839;37.241
11;1;40;1:50.376;0;;34.806;0;37.042;0;38.528;0;188.9;1:33:58.536;17:33:29.800;0:34.806;0:37.042;0:38.528;263;Muss;;Bronze;;Comtoyou Racing;Aston Martin;GF;34.806;37.042;38.528
11;1;41;2:20.157;0;;34.777;0;37.549;0;1:07.831;0;148.8;1:36:18.693;17:35:49.957;0:34.777;0:37.549;1:07.831;263;Muss;;Bronze;;Comtoyou Racing;Aston Martin;FCY;34.777;37.549;67.831
11;1;42;4:24.021;0;;1:26.265;0;1:22.167;0;1:35.589;0;79.0;1:40:42.714;17:40:13.978;1:26.265;1:22.167;1:35.589;;Muss;;Bronze;;Comtoyou Racing;Aston Martin;FCY;86.265;82.167;95.589
11;1;43;4:38.054;0;;1:42.871;0;1:22.306;0;1:32.877;0;75.0;1:45:20.768;17:44:52.032;1:42.871;1:22.306;1:32.877;78;Muss;;Bronze;;Comtoyou Racing;Aston Martin;GF;102.871;82.306;92.877
11;1;44;2:25.333;0;;1:05.012;0;40.188;0;40.133;0;143.5;1:47:46.101;17:47:17.365;1:05.012;0:40.188;0:40.133;78;Muss;;Bronze;;Comtoyou Racing;Aston Martin;SC;65.012;40.188;40.133
11;1;45;2:15.925;0;;35.650;0;38.421;0;1:01.854;0;153.4;1:50:02.026;17:49:33.290;0:35.650;0:38.421;1:01.854;255;Muss;;Bronze;;Comtoyou Racing;Aston Martin;SC;35.650;38.421;61.854
11;1;46;2:46.913;0;;1:05.693;0;54.808;0;46.412;0;124.9;1:52:48.939;17:52:20.203;1:05.693;0:54.808;0:46.412;52;Muss;;Bronze;;Comtoyou Racing;Aston Martin;GF;65.693;54.808;46.412
11;1;47;1:52.906;0;;36.001;0;38.691;0;38.214;0;184.7;1:54:41.845;17:54:13.109;0:36.001;0:38.691;0:38.214;238;Muss;;Bronze;;Comtoyou Racing;Aston Martin;GF;36.001;38.691;38.214
11;1;48;1:49.950;0;;34.946;0;37.925;0;37.079;0;189.7;1:56:31.795;17:56:03.059;0:34.946;0:37.925;0:37.079;263;Muss;;Bronze;;Comtoyou Racing;Aston Martin;GF;34.946;37.925;37.079
11;1;49;2:40.790;0;;35.113;0;38.875;0;1:26.802;0;129.7;1:59:12.585;17:58:43.849;0:35.113;0:38.875;1:26.802;;Muss;;Bronze;;Comtoyou Racing;Aston Martin;GF;35.113;38.875;86.802
11;1;50;3:31.568;0;;2:15.907;0;37.987;0;37.674;0;98.6;2:02:44.153;18:02:15.417;2:15.907;0:37.987;0:37.674;202;Muss;;Bronze;;Comtoyou Racing;Aston Martin;GF;135.907;37.987;37.674
11;1;51;1:49.496;0;;34.933;0;37.070;0;37.493;0;190.5;2:04:33.649;18:04:04.913;0:34.933;0:37.070;0:37.493;262;Muss;;Bronze;;Comtoyou Racing;Aston Martin;GF;34.933;37.070;37.493
11;1;52;1:56.043;0;;34.839;0;37.124;0;44.080;0;179.7;2:06:29.692;18:06:00.956;0:34.839;0:37.124;0:44.080;262;Muss;;Bronze;;Comtoyou Racing;Aston Martin;GF;34.839;37.124;44.080
11;1;53;1:50.459;0;B;34.962;0;37.732;0;37.765;0;188.8;2:08:20.151;18:07:51.415;0:34.962;0:37.732;0:37.765;260;Muss;;Bronze;;Comtoyou Racing;Aston Martin;GF;34.962;37.732;37.765
11;1;54;1:49.417;0;;34.947;0;37.077;0;37.393;0;190.6;2:10:09.568;18:09:40.832;0:34.947;0:37.077;0:37.393;261;Muss;;Bronze;;Comtoyou Racing;Aston Martin;GF;34.947;37.077;37.393
11;1;55;1:56.398;0;;34.890;0;37.079;0;44.429;0;179.2;2:12:05.966;18:11:37.230;0:34.890;0:37.079;0:44.429;;Muss;;Bronze;;Comtoyou Racing;Aston Martin;GF;34.890;37.079;44.429
11;3;56;3:09.014;0;;1:53.397;0;37.876;0;37.741;0;110.3;2:15:14.980;18:14:46.244;1:53.397;0:37.876;0:37.741;202;Marcelli;;Bronze;;Comtoyou Racing;Aston Martin;GF;113.397;37.876;37.741
11;3;57;1:49.291;0;;34.901;0;37.044;0;37.346;0;190.8;2:17:04.271;18:16:35.535;0:34.901;0:37.044;0:37.346;262;Marcelli;;Bronze;;Comtoyou Racing;Aston Martin;GF;34.901;37.044;37.346
11;3;58;1:48.876;0;;34.752;0;37.041;0;37.083;0;191.5;2:18:53.147;18:18:24.411;0:34.752;0:37.041;0:37.083;262;Marcelli;;Bronze;;Comtoyou Racing;Aston Martin;GF;34.752;37.041;37.083
11;3;59;1:48.974;0;;34.690;0;37.070;0;37.214;0;191.4;2:20:42.121;18:20:13.385;0:34.690;0:37.070;0:37.214;261;Marcelli;;Bronze;;Comtoyou Racing;Aston Martin;GF;34.690;37.070;37.214
11;3;60;1:48.788;0;;34.778;0;36.915;0;37.095;0;191.7;2:22:30.909;18:22:02.173;0:34.778;0:36.915;0:37.095;261;Marcelli;;Bronze;;Comtoyou Racing;Aston Martin;GF;34.778;36.915;37.095
11;3;61;1:48.398;1;;34.727;0;36.690;1;36.981;0;192.4;2:24:19.307;18:23:50.571;0:34.727;0:36.690;0:36.981;262;Marcelli;;Bronze;;Comtoyou Racing;Aston Martin;GF;34.727;36.690;36.981
11;3;62;1:48.808;0;;34.701;0;36.986;0;37.121;0;191.7;2:26:08.115;18:25:39.379;0:34.701;0:36.986;0:37.121;262;Marcelli;;Bronze;;Comtoyou Racing;Aston Martin;GF;34.701;36.986;37.121
11;3;63;1:48.762;0;;34.853;0;36.924;0;36.985;0;191.7;2:27:56.877;18:27:28.141;0:34.853;0:36.924;0:36.985;263;Marcelli;;Bronze;;Comtoyou Racing;Aston Martin;GF;34.853;36.924;36.985
11;3;64;1:48.599;0;;34.597;1;36.856;0;37.146;0;192.0;2:29:45.476;18:29:16.740;0:34.597;0:36.856;0:37.146;263;Marcelli;;Bronze;;Comtoyou Racing;Aston Martin;GF;34.597;36.856;37.146
11;3;65;1:48.127;1;;34.589;1;36.598;1;36.940;0;192.9;2:31:33.603;18:31:04.867;0:34.589;0:36.598;0:36.940;262;Marcelli;;Bronze;;Comtoyou Racing;Aston Martin;GF;34.589;36.598;36.940
11;3;66;1:48.551;0;;34.672;0;36.916;0;36.963;0;192.1;2:33:22.154;18:32:53.418;0:34.672;0:36.916;0:36.963;263;Marcelli;;Bronze;;Comtoyou Racing;Aston Martin;GF;34.672;36.916;36.963
11;3;67;1:48.568;0;;34.632;0;36.936;0;37.000;0;192.1;2:35:10.722;18:34:41.986;0:34.632;0:36.936;0:37.000;262;Marcelli;;Bronze;;Comtoyou Racing;Aston Martin;GF;34.632;36.936;37.000
11;3;68;1:48.896;0;;34.600;0;36.934;0;37.362;0;191.5;2:36:59.618;18:36:30.882;0:34.600;0:36.934;0:37.362;262;Marcelli;;Bronze;;Comtoyou Racing;Aston Martin;GF;34.600;36.934;37.362
11;3;69;2:48.052;0;;34.720;0;39.871;0;1:33.461;0;124.1;2:39:47.670;18:39:18.934;0:34.720;0:39.871;1:33.461;263;Marcelli;;Bronze;;Comtoyou Racing;Aston Martin;FCY;34.720;39.871;93.461
11;3;70;4:21.983;0;;1:26.797;0;1:22.238;0;1:32.948;0;79.6;2:44:09.653;18:43:40.917;1:26.797;1:22.238;1:32.948;78;Marcelli;;Bronze;;Comtoyou Racing;Aston Martin;FCY;86.797;82.238;92.948
11;3;71;4:14.889;0;;1:27.226;0;1:22.322;0;1:25.341;0;81.8;2:48:24.542;18:47:55.806;1:27.226;1:22.322;1:25.341;78;Marcelli;;Bronze;;Comtoyou Racing;Aston Martin;SC;87.226;82.322;85.341
11;3;72;1:57.968;0;;38.046;0;38.673;0;41.249;0;176.8;2:50:22.510;18:49:53.774;0:38.046;0:38.673;0:41.249;199;Marcelli;;Bronze;;Comtoyou Racing;Aston Martin;SC;38.046;38.673;41.249
11;3;73;2:46.516;0;;1:03.265;0;51.255;0;51.996;0;125.2;2:53:09.026;18:52:40.290;1:03.265;0:51.255;0:51.996;93;Marcelli;;Bronze;;Comtoyou Racing;Aston Martin;GF;63.265;51.255;51.996
11;3;74;2:04.081;0;;45.632;0;39.474;0;38.975;0;168.1;2:55:13.107;18:54:44.371;0:45.632;0:39.474;0:38.975;224;Marcelli;;Bronze;;Comtoyou Racing;Aston Martin;GF;45.632;39.474;38.975
11;3;75;2:09.598;0;;37.523;0;50.198;0;41.877;0;160.9;2:57:22.705;18:56:53.969;0:37.523;0:50.198;0:41.877;187;Marcelli;;Bronze;;Comtoyou Racing;Aston Martin;GF;37.523;50.198;41.877
11;3;76;4:14.769;0;;1:38.994;0;1:22.392;0;1:13.383;0;81.9;3:01:37.474;19:01:08.738;1:38.994;1:22.392;1:13.383;31;Marcelli;;Bronze;;Comtoyou Racing;Aston Martin;GF;98.994;82.392;73.383
12;2;1;3:02.447;1;;50.887;1;49.997;1;1:21.563;1;114.3;3:02.447;16:02:33.711;0:50.887;0:49.997;1:21.563;183;Kalender;;Bronze;;GetSpeed Team Dubai;Mercedes-AMG;SC;50.887;49.997;81.563
12;2;2;4:31.010;0;;1:54.096;0;1:17.850;0;1:19.064;1;77.0;7:33.457;16:07:04.721;1:54.096;1:17.850;1:19.064;71;Kalender;;Bronze;;GetSpeed Team Dubai;Mercedes-AMG;SC;114.096;77.850;79.064
12;2;3;3:16.418;0;;1:16.163;0;1:06.182;0;54.073;1;106.2;10:49.875;16:10:21.139;1:16.163;1:06.182;0:54.073;33;Kalender;;Bronze;;GetSpeed Team Dubai;Mercedes-AMG;SC;76.163;66.182;54.073
12;2;4;2:42.180;1;B;1:02.879;0;52.656;0;46.645;1;128.6;13:32.055;16:13:03.319;1:02.879;0:52.656;0:46.645;107;Kalender;;Bronze;;GetSpeed Team Dubai;Mercedes-AMG;SC;62.879;52.656;46.645
12;2;5;2:32.128;1;;41.092;1;54.556;0;56.480;0;137.1;16:04.183;16:15:35.447;0:41.092;0:54.556;0:56.480;;Kalender;;Bronze;;GetSpeed Team Dubai;Mercedes-AMG;SC;41.092;54.556;56.480
12;2;6;3:11.180;0;;1:56.443;0;37.591;1;37.146;1;109.1;19:15.363;16:18:46.627;1:56.443;0:37.591;0:37.146;202;Kalender;;Bronze;;GetSpeed Team Dubai;Mercedes-AMG;GF;116.443;37.591;37.146
12;2;7;1:49.092;1;;34.797;1;37.297;1;36.998;1;191.2;21:04.455;16:20:35.719;0:34.797;0:37.297;0:36.998;263;Kalender;;Bronze;;GetSpeed Team Dubai;Mercedes-AMG;GF;34.797;37.297;36.998
12;2;8;1:48.683;1;;34.813;0;36.807;1;37.063;0;191.9;22:53.138;16:22:24.402;0:34.813;0:36.807;0:37.063;263;Kalender;;Bronze;;GetSpeed Team Dubai;Mercedes-AMG;GF;34.813;36.807;37.063
12;2;9;1:48.149;1;;34.582;1;36.738;1;36.829;1;192.8;24:41.287;16:24:12.551;0:34.582;0:36.738;0:36.829;263;Kalender;;Bronze;;GetSpeed Team Dubai;Mercedes-AMG;GF;34.582;36.738;36.829
12;2;10;1:49.031;0;;34.483;1;36.620;1;37.928;0;191.3;26:30.318;16:26:01.582;0:34.483;0:36.620;0:37.928;265;Kalender;;Bronze;;GetSpeed Team Dubai;Mercedes-AMG;GF;34.483;36.620;37.928
12;2;11;1:48.093;1;;34.598;0;36.645;0;36.850;0;192.9;28:18.411;16:27:49.675;0:34.598;0:36.645;0:36.850;265;Kalender;;Bronze;;GetSpeed Team Dubai;Mercedes-AMG;GF;34.598;36.645;36.850
12;2;12;1:47.751;1;;34.542;0;36.525;1;36.684;1;193.5;30:06.162;16:29:37.426;0:34.542;0:36.525;0:36.684;264;Kalender;;Bronze;;GetSpeed Team Dubai;Mercedes-AMG;GF;34.542;36.525;36.684
12;2;13;1:48.251;0;;34.435;1;36.486;1;37.330;0;192.7;31:54.413;16:31:25.677;0:34.435;0:36.486;0:37.330;266;Kalender;;Bronze;;GetSpeed Team Dubai;Mercedes-AMG;GF;34.435;36.486;37.330
12;2;14;1:48.385;0;;34.458;0;36.790;0;37.137;0;192.4;33:42.798;16:33:14.062;0:34.458;0:36.790;0:37.137;267;Kalender;;Bronze;;GetSpeed Team Dubai;Mercedes-AMG;GF;34.458;36.790;37.137
12;2;15;1:48.905;0;;34.551;0;37.505;0;36.849;0;191.5;35:31.703;16:35:02.967;0:34.551;0:37.505;0:36.849;267;Kalender;;Bronze;;GetSpeed Team Dubai;Mercedes-AMG;GF;34.551;37.505;36.849
12;2;16;1:47.916;0;;34.481;0;36.559;0;36.876;0;193.3;37:19.619;16:36:50.883;0:34.481;0:36.559;0:36.876;265;Kalender;;Bronze;;GetSpeed Team Dubai;Mercedes-AMG;GF;34.481;36.559;36.876
12;2;17;1:48.653;0;;34.515;0;37.265;0;36.873;0;191.9;39:08.272;16:38:39.536;0:34.515;0:37.265;0:36.873;267;Kalender;;Bronze;;GetSpeed Team Dubai;Mercedes-AMG;GF;34.515;37.265;36.873
12;2;18;1:48.107;0;;34.550;0;36.776;0;36.781;0;192.9;40:56.379;16:40:27.643;0:34.550;0:36.776;0:36.781;267;Kalender;;Bronze;;GetSpeed Team Dubai;Mercedes-AMG;GF;34.550;36.776;36.781
12;2;19;1:48.269;0;;34.449;0;36.956;0;36.864;0;192.6;42:44.648;16:42:15.912;0:34.449;0:36.956;0:36.864;266;Kalender;;Bronze;;GetSpeed Team Dubai;Mercedes-AMG;GF;34.449;36.956;36.864
12;2;20;1:47.890;0;;34.595;0;36.529;0;36.766;0;193.3;44:32.538;16:44:03.802;0:34.595;0:36.529;0:36.766;268;Kalender;;Bronze;;GetSpeed Team Dubai;Mercedes-AMG;GF;34.595;36.529;36.766
12;2;21;1:48.155;0;;34.304;1;36.708;0;37.143;0;192.8;46:20.693;16:45:51.957;0:34.304;0:36.708;0:37.143;266;Kalender;;Bronze;;GetSpeed Team Dubai;Mercedes-AMG;GF;34.304;36.708;37.143
12;2;22;1:48.733;0;;34.575;0;36.915;0;37.243;0;191.8;48:09.426;16:47:40.690;0:34.575;0:36.915;0:37.243;268;Kalender;;Bronze;;GetSpeed Team Dubai;Mercedes-AMG;GF;34.575;36.915;37.243
12;2;23;1:54.319;0;;34.974;0;36.747;0;42.598;0;182.4;50:03.745;16:49:35.009;0:34.974;0:36.747;0:42.598;269;Kalender;;Bronze;;GetSpeed Team Dubai;Mercedes-AMG;FCY;34.974;36.747;42.598
12;1;24;4:23.495;0;;1:25.877;0;1:21.859;0;1:35.759;0;79.1;54:27.240;16:53:58.504;1:25.877;1:21.859;1:35.759;;Rindone;;Bronze;;GetSpeed Team Dubai;Mercedes-AMG;FCY;85.877;81.859;95.759
12;1;25;5:31.737;0;;2:37.028;0;1:22.116;0;1:32.593;0;62.9;59:58.977;16:59:30.241;2:37.028;1:22.116;1:32.593;78;Rindone;;Bronze;;GetSpeed Team Dubai;Mercedes-AMG;GF;157.028;82.116;92.593
12;1;26;4:25.067;0;;1:26.873;0;1:22.064;0;1:36.130;0;78.7;1:04:24.044;17:03:55.308;1:26.873;1:22.064;1:36.130;;Rindone;;Bronze;;GetSpeed Team Dubai;Mercedes-AMG;SC;86.873;82.064;96.130
12;1;27;2:27.018;0;;1:07.176;0;40.286;0;39.556;0;141.9;1:06:51.062;17:06:22.326;1:07.176;0:40.286;0:39.556;177;Rindone;;Bronze;;GetSpeed Team Dubai;Mercedes-AMG;SC;67.176;40.286;39.556
12;1;28;2:08.744;0;;38.496;0;51.168;0;39.080;0;162.0;1:08:59.806;17:08:31.070;0:38.496;0:51.168;0:39.080;255;Rindone;;Bronze;;GetSpeed Team Dubai;Mercedes-AMG;GF;38.496;51.168;39.080
12;1;29;1:51.097;0;;35.095;0;38.409;0;37.593;0;187.7;1:10:50.903;17:10:22.167;0:35.095;0:38.409;0:37.593;262;Rindone;;Bronze;;GetSpeed Team Dubai;Mercedes-AMG;GF;35.095;38.409;37.593
12;1;30;1:50.382;0;;34.893;0;38.007;0;37.482;0;188.9;1:12:41.285;17:12:12.549;0:34.893;0:38.007;0:37.482;263;Rindone;;Bronze;;GetSpeed Team Dubai;Mercedes-AMG;GF;34.893;38.007;37.482
12;1;31;1:51.434;0;B;35.394;0;38.589;0;37.451;0;187.1;1:14:32.719;17:14:03.983;0:35.394;0:38.589;0:37.451;258;Rindone;;Bronze;;GetSpeed Team Dubai;Mercedes-AMG;GF;35.394;38.589;37.451
12;1;32;1:51.999;0;;35.120;0;38.555;0;38.324;0;186.2;1:16:24.718;17:15:55.982;0:35.120;0:38.555;0:38.324;262;Rindone;;Bronze;;GetSpeed Team Dubai;Mercedes-AMG;GF;35.120;38.555;38.324
12;1;33;1:50.006;0;;34.758;0;37.741;0;37.507;0;189.6;1:18:14.724;17:17:45.988;0:34.758;0:37.741;0:37.507;260;Rindone;;Bronze;;GetSpeed Team Dubai;Mercedes-AMG;GF;34.758;37.741;37.507
12;1;34;2:37.006;0;;35.304;0;45.507;0;1:16.195;0;132.8;1:20:51.730;17:20:22.994;0:35.304;0:45.507;1:16.195;262;Rindone;;Bronze;;GetSpeed Team Dubai;Mercedes-AMG;GF;35.304;45.507;76.195
12;1;35;1:52.018;0;;35.557;0;38.493;0;37.968;0;186.2;1:22:43.748;17:22:15.012;0:35.557;0:38.493;0:37.968;247;Rindone;;Bronze;;GetSpeed Team Dubai;Mercedes-AMG;GF;35.557;38.493;37.968
12;1;36;1:50.020;0;;35.164;0;37.505;0;37.351;0;189.6;1:24:33.768;17:24:05.032;0:35.164;0:37.505;0:37.351;261;Rindone;;Bronze;;GetSpeed Team Dubai;Mercedes-AMG;GF;35.164;37.505;37.351
12;1;37;1:49.182;0;;34.836;0;37.222;0;37.124;0;191.0;1:26:22.950;17:25:54.214;0:34.836;0:37.222;0:37.124;262;Rindone;;Bronze;;GetSpeed Team Dubai;Mercedes-AMG;GF;34.836;37.222;37.124
12;1;38;1:49.496;0;;34.861;0;37.494;0;37.141;0;190.5;1:28:12.446;17:27:43.710;0:34.861;0:37.494;0:37.141;261;Rindone;;Bronze;;GetSpeed Team Dubai;Mercedes-AMG;GF;34.861;37.494;37.141
12;1;39;1:50.477;0;;34.882;0;37.944;0;37.651;0;188.8;1:30:02.923;17:29:34.187;0:34.882;0:37.944;0:37.651;262;Rindone;;Bronze;;GetSpeed Team Dubai;Mercedes-AMG;GF;34.882;37.944;37.651
12;1;40;1:49.699;0;;34.920;0;37.546;0;37.233;0;190.1;1:31:52.622;17:31:23.886;0:34.920;0:37.546;0:37.233;260;Rindone;;Bronze;;GetSpeed Team Dubai;Mercedes-AMG;GF;34.920;37.546;37.233
12;1;41;1:49.559;0;;34.756;0;37.488;0;37.315;0;190.4;1:33:42.181;17:33:13.445;0:34.756;0:37.488;0:37.315;262;Rindone;;Bronze;;GetSpeed Team Dubai;Mercedes-AMG;GF;34.756;37.488;37.315
12;1;42;1:56.199;0;;34.781;0;37.883;0;43.535;0;179.5;1:35:38.380;17:35:09.644;0:34.781;0:37.883;0:43.535;262;Rindone;;Bronze;;GetSpeed Team Dubai;Mercedes-AMG;FCY;34.781;37.883;43.535
12;1;43;4:20.644;0;;1:26.333;0;1:21.937;0;1:32.374;0;80.0;1:39:59.024;17:39:30.288;1:26.333;1:21.937;1:32.374;78;Rindone;;Bronze;;GetSpeed Team Dubai;Mercedes-AMG;FCY;86.333;81.937;92.374
12;1;44;4:20.893;0;;1:26.546;0;1:21.968;0;1:32.379;0;79.9;1:44:19.917;17:43:51.181;1:26.546;1:21.968;1:32.379;78;Rindone;;Bronze;;GetSpeed Team Dubai;Mercedes-AMG;FCY;86.546;81.968;92.379
12;1;45;2:58.429;0;;1:27.341;0;50.142;0;40.946;0;116.9;1:47:18.346;17:46:49.610;1:27.341;0:50.142;0:40.946;78;Rindone;;Bronze;;GetSpeed Team Dubai;Mercedes-AMG;SC;87.341;50.142;40.946
12;1;46;2:41.336;0;;39.050;0;55.592;0;1:06.694;0;129.3;1:49:59.682;17:49:30.946;0:39.050;0:55.592;1:06.694;145;Rindone;;Bronze;;GetSpeed Team Dubai;Mercedes-AMG;SC;39.050;55.592;66.694
12;1;47;2:48.734;0;;1:05.995;0;55.396;0;47.343;0;123.6;1:52:48.416;17:52:19.680;1:05.995;0:55.396;0:47.343;66;Rindone;;Bronze;;GetSpeed Team Dubai;Mercedes-AMG;GF;65.995;55.396;47.343
12;1;48;1:52.946;0;;35.529;0;38.887;0;38.530;0;184.6;1:54:41.362;17:54:12.626;0:35.529;0:38.887;0:38.530;242;Rindone;;Bronze;;GetSpeed Team Dubai;Mercedes-AMG;GF;35.529;38.887;38.530
12;1;49;1:54.554;0;;37.508;0;39.039;0;38.007;0;182.1;1:56:35.916;17:56:07.180;0:37.508;0:39.039;0:38.007;223;Rindone;;Bronze;;GetSpeed Team Dubai;Mercedes-AMG;GF;37.508;39.039;38.007
12;1;50;1:52.438;0;;34.748;0;39.212;0;38.478;0;185.5;1:58:28.354;17:57:59.618;0:34.748;0:39.212;0:38.478;266;Rindone;;Bronze;;GetSpeed Team Dubai;Mercedes-AMG;GF;34.748;39.212;38.478
12;1;51;1:55.570;0;;35.190;0;37.659;0;42.721;0;180.5;2:00:23.924;17:59:55.188;0:35.190;0:37.659;0:42.721;249;Rindone;;Bronze;;GetSpeed Team Dubai;Mercedes-AMG;GF;35.190;37.659;42.721
12;1;52;1:58.330;0;;35.041;0;37.788;0;45.501;0;176.2;2:02:22.254;18:01:53.518;0:35.041;0:37.788;0:45.501;;Rindone;;Bronze;;GetSpeed Team Dubai;Mercedes-AMG;GF;35.041;37.788;45.501
12;3;53;3:20.225;0;B;2:04.336;0;37.930;0;37.959;0;104.2;2:05:42.479;18:05:13.743;2:04.336;0:37.930;0:37.959;199;Grenier;;Bronze;;GetSpeed Team Dubai;Mercedes-AMG;GF;124.336;37.930;37.959
12;3;54;1:49.038;0;;34.759;0;37.183;0;37.096;0;191.3;2:07:31.517;18:07:02.781;0:34.759;0:37.183;0:37.096;265;Grenier;;Bronze;;GetSpeed Team Dubai;Mercedes-AMG;GF;34.759;37.183;37.096
12;3;55;1:48.281;0;;34.608;0;36.625;0;37.048;0;192.6;2:09:19.798;18:08:51.062;0:34.608;0:36.625;0:37.048;265;Grenier;;Bronze;;GetSpeed Team Dubai;Mercedes-AMG;GF;34.608;36.625;37.048
12;3;56;1:48.042;0;;34.609;0;36.548;0;36.885;0;193.0;2:11:07.840;18:10:39.104;0:34.609;0:36.548;0:36.885;265;Grenier;;Bronze;;GetSpeed Team Dubai;Mercedes-AMG;GF;34.609;36.548;36.885
12;3;57;1:47.996;0;;34.429;0;36.686;0;36.881;0;193.1;2:12:55.836;18:12:27.100;0:34.429;0:36.686;0:36.881;265;Grenier;;Bronze;;GetSpeed Team Dubai;Mercedes-AMG;GF;34.429;36.686;36.881
12;3;58;1:48.029;0;;34.447;0;36.743;0;36.839;0;193.0;2:14:43.865;18:14:15.129;0:34.447;0:36.743;0:36.839;265;Grenier;;Bronze;;GetSpeed Team Dubai;Mercedes-AMG;GF;34.447;36.743;36.839
12;3;59;1:47.531;1;;34.406;0;36.300;1;36.825;0;193.9;2:16:31.396;18:16:02.660;0:34.406;0:36.300;0:36.825;265;Grenier;;Bronze;;GetSpeed Team Dubai;Mercedes-AMG;GF;34.406;36.300;36.825
12;3;60;1:47.896;0;;34.440;0;36.675;0;36.781;0;193.3;2:18:19.292;18:17:50.556;0:34.440;0:36.675;0:36.781;265;Grenier;;Bronze;;GetSpeed Team Dubai;Mercedes-AMG;GF;34.440;36.675;36.781
12;3;61;1:47.887;0;;34.462;0;36.686;0;36.739;0;193.3;2:20:07.179;18:19:38.443;0:34.462;0:36.686;0:36.739;264;Grenier;;Bronze;;GetSpeed Team Dubai;Mercedes-AMG;GF;34.462;36.686;36.739
12;3;62;1:47.945;0;;34.401;0;36.743;0;36.801;0;193.2;2:21:55.124;18:21:26.388;0:34.401;0:36.743;0:36.801;265;Grenier;;Bronze;;GetSpeed Team Dubai;Mercedes-AMG;GF;34.401;36.743;36.801
12;3;63;1:47.869;0;;34.449;0;36.679;0;36.741;0;193.3;2:23:42.993;18:23:14.257;0:34.449;0:36.679;0:36.741;265;Grenier;;Bronze;;GetSpeed Team Dubai;Mercedes-AMG;GF;34.449;36.679;36.741
12;3;64;1:47.828;0;;34.441;0;36.625;0;36.762;0;193.4;2:25:30.821;18:25:02.085;0:34.441;0:36.625;0:36.762;265;Grenier;;Bronze;;GetSpeed Team Dubai;Mercedes-AMG;GF;34.441;36.625;36.762
12;3;65;1:48.248;0;;34.454;0;37.015;0;36.779;0;192.7;2:27:19.069;18:26:50.333;0:34.454;0:37.015;0:36.779;264;Grenier;;Bronze;;GetSpeed Team Dubai;Mercedes-AMG;GF;34.454;37.015;36.779
12;3;66;1:47.802;0;;34.409;0;36.651;0;36.742;0;193.5;2:29:06.871;18:28:38.135;0:34.409;0:36.651;0:36.742;266;Grenier;;Bronze;;GetSpeed Team Dubai;Mercedes-AMG;GF;34.409;36.651;36.742
12;3;67;1:48.005;0;;34.539;0;36.602;0;36.864;0;193.1;2:30:54.876;18:30:26.140;0:34.539;0:36.602;0:36.864;265;Grenier;;Bronze;;GetSpeed Team Dubai;Mercedes-AMG;GF;34.539;36.602;36.864
12;3;68;1:49.341;0;;34.562;0;37.908;0;36.871;0;190.7;2:32:44.217;18:32:15.481;0:34.562;0:37.908;0:36.871;265;Grenier;;Bronze;;GetSpeed Team Dubai;Mercedes-AMG;GF;34.562;37.908;36.871
12;3;69;1:47.534;0;;34.397;0;36.423;0;36.714;0;193.9;2:34:31.751;18:34:03.015;0:34.397;0:36.423;0:36.714;265;Grenier;;Bronze;;GetSpeed Team Dubai;Mercedes-AMG;GF;34.397;36.423;36.714
12;3;70;1:47.764;0;;34.433;0;36.606;0;36.725;0;193.5;2:36:19.515;18:35:50.779;0:34.433;0:36.606;0:36.725;264;Grenier;;Bronze;;GetSpeed Team Dubai;Mercedes-AMG;GF;34.433;36.606;36.725
12;3;71;1:48.847;0;;34.467;0;36.761;0;37.619;0;191.6;2:38:08.362;18:37:39.626;0:34.467;0:36.761;0:37.619;264;Grenier;;Bronze;;GetSpeed Team Dubai;Mercedes-AMG;GF;34.467;36.761;37.619
12;3;72;4:13.348;0;;1:18.859;0;1:21.878;0;1:32.611;0;82.3;2:42:21.710;18:41:52.974;1:18.859;1:21.878;1:32.611;78;Grenier;;Bronze;;GetSpeed Team Dubai;Mercedes-AMG;FCY;78.859;81.878;92.611
12;3;73;4:20.970;0;;1:26.444;0;1:21.834;0;1:32.692;0;79.9;2:46:42.680;18:46:13.944;1:26.444;1:21.834;1:32.692;78;Grenier;;Bronze;;GetSpeed Team Dubai;Mercedes-AMG;FCY;86.444;81.834;92.692
12;3;74;3:29.913;0;;1:26.873;0;54.106;0;1:08.934;0;99.3;2:50:12.593;18:49:43.857;1:26.873;0:54.106;1:08.934;79;Grenier;;Bronze;;GetSpeed Team Dubai;Mercedes-AMG;SC;86.873;54.106;68.934
12;3;75;2:50.821;0;;1:03.653;0;51.196;0;55.972;0;122.1;2:53:03.414;18:52:34.678;1:03.653;0:51.196;0:55.972;106;Grenier;;Bronze;;GetSpeed Team Dubai;Mercedes-AMG;GF;63.653;51.196;55.972
12;3;76;1:52.643;0;;35.843;0;38.847;0;37.953;0;185.1;2:54:56.057;18:54:27.321;0:35.843;0:38.847;0:37.953;265;Grenier;;Bronze;;GetSpeed Team Dubai;Mercedes-AMG;GF;35.843;38.847;37.953
12;3;77;1:56.162;0;;36.118;0;40.591;0;39.453;0;179.5;2:56:52.219;18:56:23.483;0:36.118;0:40.591;0:39.453;266;Grenier;;Bronze;;GetSpeed Team Dubai;Mercedes-AMG;GF;36.118;40.591;39.453
12;3;78;4:13.297;0;;1:29.563;0;1:27.533;0;1:16.201;0;82.3;3:01:05.516;19:00:36.780;1:29.563;1:27.533;1:16.201;49;Grenier;;Bronze;;GetSpeed Team Dubai;Mercedes-AMG;GF;89.563;87.533;76.201
17;1;1;2:22.207;1;;38.321;1;38.593;1;1:05.293;1;146.7;2:22.207;16:01:53.471;0:38.321;0:38.593;1:05.293;210;Martin;;Silver;;Mercedes-AMG Team GetSpeed;Mercedes-AMG;SC;38.321;38.593;65.293
17;1;2;4:22.307;0;;1:46.055;0;1:18.168;0;1:18.084;0;79.5;6:44.514;16:06:15.778;1:46.055;1:18.168;1:18.084;52;Martin;;Silver;;Mercedes-AMG Team GetSpeed;Mercedes-AMG;SC;106.055;78.168;78.084
17;1;3;3:26.931;0;;1:25.021;0;59.733;0;1:02.177;1;100.8;10:11.445;16:09:42.709;1:25.021;0:59.733;1:02.177;88;Martin;;Silver;;Mercedes-AMG Team GetSpeed;Mercedes-AMG;SC;85.021;59.733;62.177
17;1;4;2:53.265;0;;1:07.269;0;52.025;0;53.971;1;120.4;13:04.710;16:12:35.974;1:07.269;0:52.025;0:53.971;108;Martin;;Silver;;Mercedes-AMG Team GetSpeed;Mercedes-AMG;SC;67.269;52.025;53.971
17;1;5;2:38.610;0;;50.074;0;49.488;0;59.048;0;131.5;15:43.320;16:15:14.584;0:50.074;0:49.488;0:59.048;136;Martin;;Silver;;Mercedes-AMG Team GetSpeed;Mercedes-AMG;SC;50.074;49.488;59.048
17;1;6;2:51.942;0;;1:00.031;0;57.095;0;54.816;0;121.3;18:35.262;16:18:06.526;1:00.031;0:57.095;0:54.816;130;Martin;;Silver;;Mercedes-AMG Team GetSpeed;Mercedes-AMG;GF;60.031;57.095;54.816
17;1;7;1:49.399;1;;35.231;1;37.095;1;37.073;1;190.6;20:24.661;16:19:55.925;0:35.231;0:37.095;0:37.073;262;Martin;;Silver;;Mercedes-AMG Team GetSpeed;Mercedes-AMG;GF;35.231;37.095;37.073
17;1;8;1:48.745;1;;34.893;1;37.016;1;36.836;1;191.8;22:13.406;16:21:44.670;0:34.893;0:37.016;0:36.836;264;Martin;;Silver;;Mercedes-AMG Team GetSpeed;Mercedes-AMG;GF;34.893;37.016;36.836
17;1;9;1:47.999;1;;34.652;1;36.687;1;36.660;1;193.1;24:01.405;16:23:32.669;0:34.652;0:36.687;0:36.660;263;Martin;;Silver;;Mercedes-AMG Team GetSpeed;Mercedes-AMG;GF;34.652;36.687;36.660
17;1;10;1:47.630;1;;34.490;1;36.579;1;36.561;1;193.8;25:49.035;16:25:20.299;0:34.490;0:36.579;0:36.561;265;Martin;;Silver;;Mercedes-AMG Team GetSpeed;Mercedes-AMG;GF;34.490;36.579;36.561
17;1;11;1:47.262;1;;34.315;1;36.498;1;36.449;1;194.4;27:36.297;16:27:07.561;0:34.315;0:36.498;0:36.449;264;Martin;;Silver;;Mercedes-AMG Team GetSpeed;Mercedes-AMG;GF;34.315;36.498;36.449
17;1;12;1:47.180;1;;34.305;1;36.294;1;36.581;0;194.6;29:23.477;16:28:54.741;0:34.305;0:36.294;0:36.581;265;Martin;;Silver;;Mercedes-AMG Team GetSpeed;Mercedes-AMG;GF;34.305;36.294;36.581
17;1;13;1:47.160;1;;34.351;0;36.319;0;36.490;0;194.6;31:10.637;16:30:41.901;0:34.351;0:36.319;0:36.490;265;Martin;;Silver;;Mercedes-AMG Team GetSpeed;Mercedes-AMG;GF;34.351;36.319;36.490
17;1;14;1:47.188;0;;34.279;1;36.391;0;36.518;0;194.6;32:57.825;16:32:29.089;0:34.279;0:36.391;0:36.518;265;Martin;;Silver;;Mercedes-AMG Team GetSpeed;Mercedes-AMG;GF;34.279;36.391;36.518
17;1;15;1:47.404;0;;34.312;0;36.623;0;36.469;0;194.2;34:45.229;16:34:16.493;0:34.312;0:36.623;0:36.469;265;Martin;;Silver;;Mercedes-AMG Team GetSpeed;Mercedes-AMG;GF;34.312;36.623;36.469
17;1;16;1:47.184;0;;34.245;1;36.513;0;36.426;1;194.6;36:32.413;16:36:03.677;0:34.245;0:36.513;0:36.426;266;Martin;;Silver;;Mercedes-AMG Team GetSpeed;Mercedes-AMG;GF;34.245;36.513;36.426
17;1;17;1:47.008;1;;34.190;1;36.279;1;36.539;0;194.9;38:19.421;16:37:50.685;0:34.190;0:36.279;0:36.539;265;Martin;;Silver;;Mercedes-AMG Team GetSpeed;Mercedes-AMG;GF;34.190;36.279;36.539
17;1;18;1:47.154;0;;34.305;0;36.493;0;36.356;1;194.6;40:06.575;16:39:37.839;0:34.305;0:36.493;0:36.356;263;Martin;;Silver;;Mercedes-AMG Team GetSpeed;Mercedes-AMG;GF;34.305;36.493;36.356
17;1;19;1:47.200;0;;34.434;0;36.366;0;36.400;0;194.5;41:53.775;16:41:25.039;0:34.434;0:36.366;0:36.400;265;Martin;;Silver;;Mercedes-AMG Team GetSpeed;Mercedes-AMG;GF;34.434;36.366;36.400
17;1;20;1:46.899;1;;34.225;0;36.239;1;36.435;0;195.1;43:40.674;16:43:11.938;0:34.225;0:36.239;0:36.435;265;Martin;;Silver;;Mercedes-AMG Team GetSpeed;Mercedes-AMG;GF;34.225;36.239;36.435
17;1;21;1:54.062;0;;34.216;0;36.299;0;43.547;0;182.8;45:34.736;16:45:06.000;0:34.216;0:36.299;0:43.547;;Martin;;Silver;;Mercedes-AMG Team GetSpeed;Mercedes-AMG;GF;34.216;36.299;43.547
17;1;22;6:40.260;0;;4:03.445;0;1:04.216;0;1:32.599;0;52.1;52:14.996;16:51:46.260;4:03.445;1:04.216;1:32.599;204;Martin;;Silver;;Mercedes-AMG Team GetSpeed;Mercedes-AMG;FCY;243.445;64.216;92.599
17;1;23;4:23.208;0;;1:26.338;0;1:21.779;0;1:35.091;0;79.2;56:38.204;16:56:09.468;1:26.338;1:21.779;1:35.091;;Martin;;Silver;;Mercedes-AMG Team GetSpeed;Mercedes-AMG;FCY;86.338;81.779;95.091
21;2;1;2:45.511;1;;45.114;1;43.514;1;1:16.883;1;126.0;2:45.511;16:02:16.775;0:45.114;0:43.514;1:16.883;180;Söderström;;Silver;;Comtoyou Racing;Aston Martin;SC;45.114;43.514;76.883
21;2;2;4:27.564;0;;1:47.627;0;1:20.834;0;1:19.103;0;77.9;7:13.075;16:06:44.339;1:47.627;1:20.834;1:19.103;37;Söderström;;Silver;;Comtoyou Racing;Aston Martin;SC;107.627;80.834;79.103
21;2;3;3:23.219;0;;1:21.153;0;1:02.874;0;59.192;1;102.6;10:36.294;16:10:07.558;1:21.153;1:02.874;0:59.192;50;Söderström;;Silver;;Comtoyou Racing;Aston Martin;SC;81.153;62.874;59.192
21;2;4;2:45.391;1;;1:03.878;0;54.097;0;47.416;1;126.1;13:21.685;16:12:52.949;1:03.878;0:54.097;0:47.416;69;Söderström;;Silver;;Comtoyou Racing;Aston Martin;SC;63.878;54.097;47.416
21;2;5;2:37.128;1;;44.009;1;54.822;0;58.297;0;132.7;15:58.813;16:15:30.077;0:44.009;0:54.822;0:58.297;;Söderström;;Silver;;Comtoyou Racing;Aston Martin;SC;44.009;54.822;58.297
21;2;6;3:08.783;0;;1:53.484;0;37.876;1;37.423;1;110.5;19:07.596;16:18:38.860;1:53.484;0:37.876;0:37.423;199;Söderström;;Silver;;Comtoyou Racing;Aston Martin;GF;113.484;37.876;37.423
21;2;7;1:49.003;1;;34.840;1;36.956;1;37.207;1;191.3;20:56.599;16:20:27.863;0:34.840;0:36.956;0:37.207;263;Söderström;;Silver;;Comtoyou Racing;Aston Martin;GF;34.840;36.956;37.207
21;2;8;1:48.661;1;;34.671;1;37.023;0;36.967;1;191.9;22:45.260;16:22:16.524;0:34.671;0:37.023;0:36.967;263;Söderström;;Silver;;Comtoyou Racing;Aston Martin;GF;34.671;37.023;36.967
21;2;9;1:50.083;0;;34.495;1;37.068;0;38.520;0;189.4;24:35.343;16:24:06.607;0:34.495;0:37.068;0:38.520;267;Söderström;;Silver;;Comtoyou Racing;Aston Martin;GF;34.495;37.068;38.520
21;2;10;1:49.143;0;;34.636;0;36.848;1;37.659;0;191.1;26:24.486;16:25:55.750;0:34.636;0:36.848;0:37.659;267;Söderström;;Silver;;Comtoyou Racing;Aston Martin;GF;34.636;36.848;37.659
21;2;11;1:48.629;1;;34.616;0;36.909;0;37.104;0;192.0;28:13.115;16:27:44.379;0:34.616;0:36.909;0:37.104;265;Söderström;;Silver;;Comtoyou Racing;Aston Martin;GF;34.616;36.909;37.104
21;2;12;1:49.018;0;;34.577;0;36.902;0;37.539;0;191.3;30:02.133;16:29:33.397;0:34.577;0:36.902;0:37.539;267;Söderström;;Silver;;Comtoyou Racing;Aston Martin;GF;34.577;36.902;37.539
21;2;13;1:48.398;1;;34.463;1;36.876;0;37.059;0;192.4;31:50.531;16:31:21.795;0:34.463;0:36.876;0:37.059;266;Söderström;;Silver;;Comtoyou Racing;Aston Martin;GF;34.463;36.876;37.059
21;2;14;1:48.738;0;;34.916;0;36.797;1;37.025;0;191.8;33:39.269;16:33:10.533;0:34.916;0:36.797;0:37.025;266;Söderström;;Silver;;Comtoyou Racing;Aston Martin;GF;34.916;36.797;37.025
21;2;15;1:48.652;0;;34.543;0;36.791;1;37.318;0;191.9;35:27.921;16:34:59.185;0:34.543;0:36.791;0:37.318;267;Söderström;;Silver;;Comtoyou Racing;Aston Martin;GF;34.543;36.791;37.318
21;2;16;1:49.566;0;;34.620;0;37.450;0;37.496;0;190.3;37:17.487;16:36:48.751;0:34.620;0:37.450;0:37.496;267;Söderström;;Silver;;Comtoyou Racing;Aston Martin;GF;34.620;37.450;37.496
21;2;17;1:48.523;0;;34.592;0;36.900;0;37.031;0;192.2;39:06.010;16:38:37.274;0:34.592;0:36.900;0:37.031;268;Söderström;;Silver;;Comtoyou Racing;Aston Martin;GF;34.592;36.900;37.031
21;2;18;1:48.358;1;;34.520;0;36.749;1;37.089;0;192.5;40:54.368;16:40:25.632;0:34.520;0:36.749;0:37.089;267;Söderström;;Silver;;Comtoyou Racing;Aston Martin;GF;34.520;36.749;37.089
21;2;19;1:48.252;1;;34.428;1;36.699;1;37.125;0;192.7;42:42.620;16:42:13.884;0:34.428;0:36.699;0:37.125;268;Söderström;;Silver;;Comtoyou Racing;Aston Martin;GF;34.428;36.699;37.125
21;2;20;1:48.289;0;;34.490;0;36.848;0;36.951;1;192.6;44:30.909;16:44:02.173;0:34.490;0:36.848;0:36.951;267;Söderström;;Silver;;Comtoyou Racing;Aston Martin;GF;34.490;36.848;36.951
21;2;21;1:48.690;0;;34.553;0;37.124;0;37.013;0;191.9;46:19.599;16:45:50.863;0:34.553;0:37.124;0:37.013;268;Söderström;;Silver;;Comtoyou Racing;Aston Martin;GF;34.553;37.124;37.013
21;2;22;1:48.705;0;;34.541;0;37.253;0;36.911;1;191.8;48:08.304;16:47:39.568;0:34.541;0:37.253;0:36.911;267;Söderström;;Silver;;Comtoyou Racing;Aston Martin;GF;34.541;37.253;36.911
21;2;23;1:52.348;0;;34.482;0;36.760;0;41.106;0;185.6;50:00.652;16:49:31.916;0:34.482;0:36.760;0:41.106;267;Söderström;;Silver;;Comtoyou Racing;Aston Martin;FCY;34.482;36.760;41.106
21;2;24;4:21.182;0;;1:26.322;0;1:22.165;0;1:32.695;0;79.8;54:21.834;16:53:53.098;1:26.322;1:22.165;1:32.695;78;Söderström;;Silver;;Comtoyou Racing;Aston Martin;FCY;86.322;82.165;92.695
21;2;25;4:21.741;0;;1:26.721;0;1:22.311;0;1:32.709;0;79.7;58:43.575;16:58:14.839;1:26.721;1:22.311;1:32.709;78;Söderström;;Silver;;Comtoyou Racing;Aston Martin;FCY;86.721;82.311;92.709
21;2;26;4:21.686;0;;1:26.792;0;1:22.157;0;1:32.737;0;79.7;1:03:05.261;17:02:36.525;1:26.792;1:22.157;1:32.737;78;Söderström;;Silver;;Comtoyou Racing;Aston Martin;GF;86.792;82.157;92.737
21;2;27;3:05.202;0;B;1:27.000;0;49.972;0;48.230;0;112.6;1:06:10.463;17:05:41.727;1:27.000;0:49.972;0:48.230;;Söderström;;Silver;;Comtoyou Racing;Aston Martin;SC;87.000;49.972;48.230
21;3;28;3:06.269;0;;1:51.111;0;37.943;0;37.215;0;112.0;1:09:16.732;17:08:47.996;1:51.111;0:37.943;0:37.215;200;Baud;;Silver;;Comtoyou Racing;Aston Martin;GF;111.111;37.943;37.215
21;3;29;1:48.527;0;;34.550;0;36.770;0;37.207;0;192.2;1:11:05.259;17:10:36.523;0:34.550;0:36.770;0:37.207;267;Baud;;Silver;;Comtoyou Racing;Aston Martin;GF;34.550;36.770;37.207
21;3;30;1:47.933;1;;34.559;0;36.608;1;36.766;1;193.2;1:12:53.192;17:12:24.456;0:34.559;0:36.608;0:36.766;268;Baud;;Silver;;Comtoyou Racing;Aston Martin;GF;34.559;36.608;36.766
21;3;31;1:48.267;0;;34.656;0;36.698;0;36.913;0;192.6;1:14:41.459;17:14:12.723;0:34.656;0:36.698;0:36.913;267;Baud;;Silver;;Comtoyou Racing;Aston Martin;GF;34.656;36.698;36.913
21;3;32;1:47.875;1;;34.390;1;36.789;0;36.696;1;193.3;1:16:29.334;17:16:00.598;0:34.390;0:36.789;0:36.696;268;Baud;;Silver;;Comtoyou Racing;Aston Martin;GF;34.390;36.789;36.696
21;3;33;1:47.735;1;;34.363;1;36.645;0;36.727;0;193.6;1:18:17.069;17:17:48.333;0:34.363;0:36.645;0:36.727;267;Baud;;Silver;;Comtoyou Racing;Aston Martin;GF;34.363;36.645;36.727
21;3;34;2:32.539;0;;34.410;0;37.805;0;1:20.324;0;136.7;1:20:49.608;17:20:20.872;0:34.410;0:37.805;1:20.324;268;Baud;;Silver;;Comtoyou Racing;Aston Martin;GF;34.410;37.805;80.324
21;3;35;1:48.987;0;;35.440;0;36.864;0;36.683;1;191.4;1:22:38.595;17:22:09.859;0:35.440;0:36.864;0:36.683;261;Baud;;Silver;;Comtoyou Racing;Aston Martin;GF;35.440;36.864;36.683
21;3;36;1:47.845;0;;34.557;0;36.509;1;36.779;0;193.4;1:24:26.440;17:23:57.704;0:34.557;0:36.509;0:36.779;267;Baud;;Silver;;Comtoyou Racing;Aston Martin;GF;34.557;36.509;36.779
21;3;37;1:47.837;0;;34.437;0;36.497;1;36.903;0;193.4;1:26:14.277;17:25:45.541;0:34.437;0:36.497;0:36.903;267;Baud;;Silver;;Comtoyou Racing;Aston Martin;GF;34.437;36.497;36.903
21;3;38;1:48.157;0;;34.421;0;36.919;0;36.817;0;192.8;1:28:02.434;17:27:33.698;0:34.421;0:36.919;0:36.817;267;Baud;;Silver;;Comtoyou Racing;Aston Martin;GF;34.421;36.919;36.817
21;3;39;1:48.079;0;;34.396;0;36.860;0;36.823;0;193.0;1:29:50.513;17:29:21.777;0:34.396;0:36.860;0:36.823;269;Baud;;Silver;;Comtoyou Racing;Aston Martin;GF;34.396;36.860;36.823
21;3;40;1:48.292;0;;34.410;0;37.011;0;36.871;0;192.6;1:31:38.805;17:31:10.069;0:34.410;0:37.011;0:36.871;267;Baud;;Silver;;Comtoyou Racing;Aston Martin;GF;34.410;37.011;36.871
21;3;41;1:47.864;0;;34.395;0;36.597;0;36.872;0;193.3;1:33:26.669;17:32:57.933;0:34.395;0:36.597;0:36.872;268;Baud;;Silver;;Comtoyou Racing;Aston Martin;GF;34.395;36.597;36.872
21;3;42;1:48.236;0;;34.717;0;36.717;0;36.802;0;192.7;1:35:14.905;17:34:46.169;0:34.717;0:36.717;0:36.802;268;Baud;;Silver;;Comtoyou Racing;Aston Martin;GF;34.717;36.717;36.802
21;3;43;3:54.255;0;;59.918;0;1:21.878;0;1:32.459;0;89.0;1:39:09.160;17:38:40.424;0:59.918;1:21.878;1:32.459;247;Baud;;Silver;;Comtoyou Racing;Aston Martin;FCY;59.918;81.878;92.459
21;3;44;4:21.806;0;;1:27.034;0;1:22.004;0;1:32.768;0;79.7;1:43:30.966;17:43:02.230;1:27.034;1:22.004;1:32.768;78;Baud;;Silver;;Comtoyou Racing;Aston Martin;FCY;87.034;82.004;92.768
21;3;45;3:29.396;0;;1:27.289;0;1:16.254;0;45.853;0;99.6;1:47:00.362;17:46:31.626;1:27.289;1:16.254;0:45.853;78;Baud;;Silver;;Comtoyou Racing;Aston Martin;SC;87.289;76.254;45.853
21;3;46;2:45.532;0;;36.583;0;1:00.129;0;1:08.820;0;126.0;1:49:45.894;17:49:17.158;0:36.583;1:00.129;1:08.820;229;Baud;;Silver;;Comtoyou Racing;Aston Martin;SC;36.583;60.129;68.820
21;3;47;2:54.773;0;;1:06.007;0;55.640;0;53.126;0;119.3;1:52:40.667;17:52:11.931;1:06.007;0:55.640;0:53.126;90;Baud;;Silver;;Comtoyou Racing;Aston Martin;GF;66.007;55.640;53.126
21;3;48;1:50.896;0;;35.460;0;37.435;0;38.001;0;188.1;1:54:31.563;17:54:02.827;0:35.460;0:37.435;0:38.001;248;Baud;;Silver;;Comtoyou Racing;Aston Martin;GF;35.460;37.435;38.001
21;3;49;1:49.306;0;;34.822;0;37.420;0;37.064;0;190.8;1:56:20.869;17:55:52.133;0:34.822;0:37.420;0:37.064;269;Baud;;Silver;;Comtoyou Racing;Aston Martin;GF;34.822;37.420;37.064
21;3;50;1:48.518;0;;34.521;0;36.894;0;37.103;0;192.2;1:58:09.387;17:57:40.651;0:34.521;0:36.894;0:37.103;269;Baud;;Silver;;Comtoyou Racing;Aston Martin;GF;34.521;36.894;37.103
21;3;51;1:48.255;0;;34.384;0;36.835;0;37.036;0;192.6;1:59:57.642;17:59:28.906;0:34.384;0:36.835;0:37.036;270;Baud;;Silver;;Comtoyou Racing;Aston Martin;GF;34.384;36.835;37.036
21;3;52;1:49.771;0;;34.615;0;38.136;0;37.020;0;190.0;2:01:47.413;18:01:18.677;0:34.615;0:38.136;0:37.020;266;Baud;;Silver;;Comtoyou Racing;Aston Martin;GF;34.615;38.136;37.020
21;3;53;1:48.332;0;;34.406;0;36.994;0;36.932;0;192.5;2:03:35.745;18:03:07.009;0:34.406;0:36.994;0:36.932;271;Baud;;Silver;;Comtoyou Racing;Aston Martin;GF;34.406;36.994;36.932
21;3;54;1:55.408;0;;34.258;1;36.872;0;44.278;0;180.7;2:05:31.153;18:05:02.417;0:34.258;0:36.872;0:44.278;;Baud;;Silver;;Comtoyou Racing;Aston Martin;GF;34.258;36.872;44.278
21;1;55;3:20.732;0;B;2:06.680;0;37.015;0;37.037;0;103.9;2:08:51.885;18:08:23.149;2:06.680;0:37.015;0:37.037;202;Pauwels;;Silver;;Comtoyou Racing;Aston Martin;GF;126.680;37.015;37.037
21;1;56;1:47.751;0;;34.481;0;36.630;0;36.640;1;193.5;2:10:39.636;18:10:10.900;0:34.481;0:36.630;0:36.640;265;Pauwels;;Silver;;Comtoyou Racing;Aston Martin;GF;34.481;36.630;36.640
21;1;57;1:48.103;0;;34.445;0;36.887;0;36.771;0;192.9;2:12:27.739;18:11:59.003;0:34.445;0:36.887;0:36.771;267;Pauwels;;Silver;;Comtoyou Racing;Aston Martin;GF;34.445;36.887;36.771
21;1;58;1:49.605;0;;34.813;0;37.186;0;37.606;0;190.3;2:14:17.344;18:13:48.608;0:34.813;0:37.186;0:37.606;267;Pauwels;;Silver;;Comtoyou Racing;Aston Martin;GF;34.813;37.186;37.606
21;1;59;1:48.149;0;;34.481;0;36.798;0;36.870;0;192.8;2:16:05.493;18:15:36.757;0:34.481;0:36.798;0:36.870;270;Pauwels;;Silver;;Comtoyou Racing;Aston Martin;GF;34.481;36.798;36.870
21;1;60;1:47.380;1;;34.250;1;36.452;1;36.678;0;194.2;2:17:52.873;18:17:24.137;0:34.250;0:36.452;0:36.678;268;Pauwels;;Silver;;Comtoyou Racing;Aston Martin;GF;34.250;36.452;36.678
21;1;61;1:47.687;0;;34.272;0;36.549;0;36.866;0;193.7;2:19:40.560;18:19:11.824;0:34.272;0:36.549;0:36.866;269;Pauwels;;Silver;;Comtoyou Racing;Aston Martin;GF;34.272;36.549;36.866
21;1;62;1:48.346;0;;34.435;0;36.951;0;36.960;0;192.5;2:21:28.906;18:21:00.170;0:34.435;0:36.951;0:36.960;270;Pauwels;;Silver;;Comtoyou Racing;Aston Martin;GF;34.435;36.951;36.960
21;1;63;1:48.468;0;;34.326;0;36.899;0;37.243;0;192.3;2:23:17.374;18:22:48.638;0:34.326;0:36.899;0:37.243;261;Pauwels;;Silver;;Comtoyou Racing;Aston Martin;GF;34.326;36.899;37.243
21;1;64;1:47.601;0;;34.354;0;36.613;0;36.634;1;193.8;2:25:04.975;18:24:36.239;0:34.354;0:36.613;0:36.634;268;Pauwels;;Silver;;Comtoyou Racing;Aston Martin;GF;34.354;36.613;36.634
21;1;65;1:47.804;0;;34.359;0;36.603;0;36.842;0;193.5;2:26:52.779;18:26:24.043;0:34.359;0:36.603;0:36.842;268;Pauwels;;Silver;;Comtoyou Racing;Aston Martin;GF;34.359;36.603;36.842
21;1;66;1:47.564;0;;34.209;1;36.631;0;36.724;0;193.9;2:28:40.343;18:28:11.607;0:34.209;0:36.631;0:36.724;270;Pauwels;;Silver;;Comtoyou Racing;Aston Martin;GF;34.209;36.631;36.724
21;1;67;1:47.375;1;;34.154;1;36.618;0;36.603;1;194.2;2:30:27.718;18:29:58.982;0:34.154;0:36.618;0:36.603;271;Pauwels;;Silver;;Comtoyou Racing;Aston Martin;GF;34.154;36.618;36.603
21;1;68;1:47.350;1;;34.199;0;36.473;0;36.678;0;194.3;2:32:15.068;18:31:46.332;0:34.199;0:36.473;0:36.678;271;Pauwels;;Silver;;Comtoyou Racing;Aston Martin;GF;34.199;36.473;36.678
21;1;69;1:49.750;0;;35.992;0;37.113;0;36.645;0;190.0;2:34:04.818;18:33:36.082;0:35.992;0:37.113;0:36.645;269;Pauwels;;Silver;;Comtoyou Racing;Aston Martin;GF;35.992;37.113;36.645
21;1;70;1:50.148;0;;35.406;0;36.592;0;38.150;0;189.3;2:35:54.966;18:35:26.230;0:35.406;0:36.592;0:38.150;244;Pauwels;;Silver;;Comtoyou Racing;Aston Martin;GF;35.406;36.592;38.150
21;1;71;1:48.487;0;;34.473;0;36.784;0;37.230;0;192.2;2:37:43.453;18:37:14.717;0:34.473;0:36.784;0:37.230;267;Pauwels;;Silver;;Comtoyou Racing;Aston Martin;GF;34.473;36.784;37.230
21;1;72;3:42.114;0;;47.522;0;1:21.930;0;1:32.662;0;93.9;2:41:25.567;18:40:56.831;0:47.522;1:21.930;1:32.662;269;Pauwels;;Silver;;Comtoyou Racing;Aston Martin;FCY;47.522;81.930;92.662
21;1;73;4:21.600;0;;1:26.641;0;1:22.048;0;1:32.911;0;79.7;2:45:47.167;18:45:18.431;1:26.641;1:22.048;1:32.911;78;Pauwels;;Silver;;Comtoyou Racing;Aston Martin;FCY;86.641;82.048;92.911
21;1;74;3:25.319;0;;1:26.856;0;1:10.724;0;47.739;0;101.6;2:49:12.486;18:48:43.750;1:26.856;1:10.724;0:47.739;78;Pauwels;;Silver;;Comtoyou Racing;Aston Martin;SC;86.856;70.724;47.739
21;1;75;1:57.921;0;;39.113;0;39.394;0;39.414;0;176.9;2:51:10.407;18:50:41.671;0:39.113;0:39.394;0:39.414;170;Pauwels;;Silver;;Comtoyou Racing;Aston Martin;SC;39.113;39.394;39.414
21;1;76;2:05.780;0;;37.527;0;47.771;0;40.482;0;165.8;2:53:16.187;18:52:47.451;0:37.527;0:47.771;0:40.482;262;Pauwels;;Silver;;Comtoyou Racing;Aston Martin;GF;37.527;47.771;40.482
21;1;77;1:51.600;0;;34.746;0;38.236;0;38.618;0;186.9;2:55:07.787;18:54:39.051;0:34.746;0:38.236;0:38.618;271;Pauwels;;Silver;;Comtoyou Racing;Aston Martin;GF;34.746;38.236;38.618
21;1;78;2:08.927;0;;37.481;0;49.071;0;42.375;0;161.8;2:57:16.714;18:56:47.978;0:37.481;0:49.071;0:42.375;209;Pauwels;;Silver;;Comtoyou Racing;Aston Martin;GF;37.481;49.071;42.375
21;1;79;4:12.326;0;;1:34.313;0;1:24.474;0;1:13.539;0;82.7;3:01:29.040;19:01:00.304;1:34.313;1:24.474;1:13.539;17;Pauwels;;Silver;;Comtoyou Racing;Aston Martin;GF;94.313;84.474;73.539
23;2;1;2:33.709;1;;42.920;1;39.619;1;1:11.170;1;135.7;2:33.709;16:02:04.973;0:42.920;0:39.619;1:11.170;196;Lynn;;Bronze;;Team RJN;McLaren;SC;42.920;39.619;71.170
23;2;2;4:24.410;0;;1:47.417;0;1:20.962;0;1:16.031;0;78.9;6:58.119;16:06:29.383;1:47.417;1:20.962;1:16.031;33;Lynn;;Bronze;;Team RJN;McLaren;SC;107.417;80.962;76.031
23;2;3;3:24.659;0;;1:24.076;0;1:01.561;0;59.022;1;101.9;10:22.778;16:09:54.042;1:24.076;1:01.561;0:59.022;77;Lynn;;Bronze;;Team RJN;McLaren;SC;84.076;61.561;59.022
23;2;4;2:49.874;0;;1:07.296;0;52.870;0;49.708;1;122.8;13:12.652;16:12:43.916;1:07.296;0:52.870;0:49.708;83;Lynn;;Bronze;;Team RJN;McLaren;SC;67.296;52.870;49.708
23;2;5;2:34.585;0;;47.112;0;51.199;0;56.274;0;134.9;15:47.237;16:15:18.501;0:47.112;0:51.199;0:56.274;135;Lynn;;Bronze;;Team RJN;McLaren;SC;47.112;51.199;56.274
23;2;6;2:50.037;0;;59.934;0;56.791;0;53.312;0;122.6;18:37.274;16:18:08.538;0:59.934;0:56.791;0:53.312;96;Lynn;;Bronze;;Team RJN;McLaren;GF;59.934;56.791;53.312
23;2;7;1:49.860;1;;35.167;1;37.545;1;37.148;1;189.8;20:27.134;16:19:58.398;0:35.167;0:37.545;0:37.148;259;Lynn;;Bronze;;Team RJN;McLaren;GF;35.167;37.545;37.148
23;2;8;1:49.104;1;;34.695;1;37.492;1;36.917;1;191.1;22:16.238;16:21:47.502;0:34.695;0:37.492;0:36.917;268;Lynn;;Bronze;;Team RJN;McLaren;GF;34.695;37.492;36.917
23;2;9;1:48.724;1;;34.565;1;37.182;1;36.977;0;191.8;24:04.962;16:23:36.226;0:34.565;0:37.182;0:36.977;269;Lynn;;Bronze;;Team RJN;McLaren;GF;34.565;37.182;36.977
23;2;10;1:48.761;0;;34.500;1;37.168;1;37.093;0;191.7;25:53.723;16:25:24.987;0:34.500;0:37.168;0:37.093;268;Lynn;;Bronze;;Team RJN;McLaren;GF;34.500;37.168;37.093
23;2;11;1:48.286;1;;34.468;1;37.042;1;36.776;1;192.6;27:42.009;16:27:13.273;0:34.468;0:37.042;0:36.776;267;Lynn;;Bronze;;Team RJN;McLaren;GF;34.468;37.042;36.776
23;2;12;1:48.109;1;;34.582;0;36.763;1;36.764;1;192.9;29:30.118;16:29:01.382;0:34.582;0:36.763;0:36.764;267;Lynn;;Bronze;;Team RJN;McLaren;GF;34.582;36.763;36.764
23;2;13;1:48.019;1;;34.443;1;36.783;0;36.793;0;193.1;31:18.137;16:30:49.401;0:34.443;0:36.783;0:36.793;268;Lynn;;Bronze;;Team RJN;McLaren;GF;34.443;36.783;36.793
23;2;14;1:47.924;1;;34.402;1;36.833;0;36.689;1;193.2;33:06.061;16:32:37.325;0:34.402;0:36.833;0:36.689;268;Lynn;;Bronze;;Team RJN;McLaren;GF;34.402;36.833;36.689
23;2;15;1:47.947;0;;34.338;1;36.957;0;36.652;1;193.2;34:54.008;16:34:25.272;0:34.338;0:36.957;0:36.652;267;Lynn;;Bronze;;Team RJN;McLaren;GF;34.338;36.957;36.652
23;2;16;1:47.923;1;;34.364;0;36.885;0;36.674;0;193.2;36:41.931;16:36:13.195;0:34.364;0:36.885;0:36.674;268;Lynn;;Bronze;;Team RJN;McLaren;GF;34.364;36.885;36.674
23;2;17;1:47.530;1;;34.363;0;36.510;1;36.657;0;193.9;38:29.461;16:38:00.725;0:34.363;0:36.510;0:36.657;267;Lynn;;Bronze;;Team RJN;McLaren;GF;34.363;36.510;36.657
23;2;18;1:47.621;0;;34.389;0;36.616;0;36.616;1;193.8;40:17.082;16:39:48.346;0:34.389;0:36.616;0:36.616;267;Lynn;;Bronze;;Team RJN;McLaren;GF;34.389;36.616;36.616
23;2;19;1:47.398;1;;34.368;0;36.530;0;36.500;1;194.2;42:04.480;16:41:35.744;0:34.368;0:36.530;0:36.500;268;Lynn;;Bronze;;Team RJN;McLaren;GF;34.368;36.530;36.500
23;2;20;1:47.714;0;;34.389;0;36.746;0;36.579;0;193.6;43:52.194;16:43:23.458;0:34.389;0:36.746;0:36.579;268;Lynn;;Bronze;;Team RJN;McLaren;GF;34.389;36.746;36.579
23;2;21;1:47.400;0;;34.285;1;36.660;0;36.455;1;194.2;45:39.594;16:45:10.858;0:34.285;0:36.660;0:36.455;267;Lynn;;Bronze;;Team RJN;McLaren;GF;34.285;36.660;36.455
23;2;22;1:47.539;0;;34.500;0;36.615;0;36.424;1;193.9;47:27.133;16:46:58.397;0:34.500;0:36.615;0:36.424;267;Lynn;;Bronze;;Team RJN;McLaren;GF;34.500;36.615;36.424
23;2;23;1:47.484;0;;34.358;0;36.594;0;36.532;0;194.0;49:14.617;16:48:45.881;0:34.358;0:36.594;0:36.532;268;Lynn;;Bronze;;Team RJN;McLaren;GF;34.358;36.594;36.532
23;2;24;3:25.927;0;;34.477;0;1:16.235;0;1:35.215;0;101.3;52:40.544;16:52:11.808;0:34.477;1:16.235;1:35.215;;Lynn;;Bronze;;Team RJN;McLaren;FCY;34.477;76.235;95.215
23;1;25;5:24.671;0;;2:29.423;0;1:22.201;0;1:33.047;0;64.2;58:05.215;16:57:36.479;2:29.423;1:22.201;1:33.047;78;Fitz-Simon;;Bronze;;Team RJN;McLaren;FCY;149.423;82.201;93.047
23;1;26;4:22.155;0;;1:26.806;0;1:22.239;0;1:33.110;0;79.6;1:02:27.370;17:01:58.634;1:26.806;1:22.239;1:33.110;78;Fitz-Simon;;Bronze;;Team RJN;McLaren;GF;86.806;82.239;93.110
23;1;27;3:23.198;0;B;1:26.955;0;59.712;0;56.531;0;102.6;1:05:50.568;17:05:21.832;1:26.955;0:59.712;0:56.531;78;Fitz-Simon;;Bronze;;Team RJN;McLaren;SC;86.955;59.712;56.531
23;1;28;2:49.934;0;;1:05.140;0;54.469;0;50.325;0;122.7;1:08:40.502;17:08:11.766;1:05.140;0:54.469;0:50.325;99;Fitz-Simon;;Bronze;;Team RJN;McLaren;GF;65.140;54.469;50.325
23;1;29;1:49.337;0;;34.875;0;37.514;0;36.948;0;190.7;1:10:29.839;17:10:01.103;0:34.875;0:37.514;0:36.948;267;Fitz-Simon;;Bronze;;Team RJN;McLaren;GF;34.875;37.514;36.948
23;1;30;1:48.680;0;;34.671;0;37.019;0;36.990;0;191.9;1:12:18.519;17:11:49.783;0:34.671;0:37.019;0:36.990;269;Fitz-Simon;;Bronze;;Team RJN;McLaren;GF;34.671;37.019;36.990
23;1;31;1:48.181;0;;34.692;0;36.714;0;36.775;0;192.8;1:14:06.700;17:13:37.964;0:34.692;0:36.714;0:36.775;267;Fitz-Simon;;Bronze;;Team RJN;McLaren;GF;34.692;36.714;36.775
23;1;32;1:47.608;0;;34.413;0;36.465;1;36.730;0;193.8;1:15:54.308;17:15:25.572;0:34.413;0:36.465;0:36.730;267;Fitz-Simon;;Bronze;;Team RJN;McLaren;GF;34.413;36.465;36.730
23;1;33;1:47.906;0;;34.489;0;36.788;0;36.629;0;193.3;1:17:42.214;17:17:13.478;0:34.489;0:36.788;0:36.629;267;Fitz-Simon;;Bronze;;Team RJN;McLaren;GF;34.489;36.788;36.629
23;1;34;1:53.349;0;;34.432;0;36.727;0;42.190;0;184.0;1:19:35.563;17:19:06.827;0:34.432;0:36.727;0:42.190;268;Fitz-Simon;;Bronze;;Team RJN;McLaren;FCY;34.432;36.727;42.190
23;1;35;2:26.074;0;;1:12.441;0;36.956;0;36.677;0;142.8;1:22:01.637;17:21:32.901;1:12.441;0:36.956;0:36.677;78;Fitz-Simon;;Bronze;;Team RJN;McLaren;GF;72.441;36.956;36.677
23;1;36;1:48.220;0;;34.565;0;37.033;0;36.622;0;192.7;1:23:49.857;17:23:21.121;0:34.565;0:37.033;0:36.622;269;Fitz-Simon;;Bronze;;Team RJN;McLaren;GF;34.565;37.033;36.622
23;1;37;1:47.806;0;;34.545;0;36.728;0;36.533;0;193.4;1:25:37.663;17:25:08.927;0:34.545;0:36.728;0:36.533;269;Fitz-Simon;;Bronze;;Team RJN;McLaren;GF;34.545;36.728;36.533
23;1;38;1:47.920;0;;34.362;0;36.671;0;36.887;0;193.2;1:27:25.583;17:26:56.847;0:34.362;0:36.671;0:36.887;269;Fitz-Simon;;Bronze;;Team RJN;McLaren;GF;34.362;36.671;36.887
23;1;39;1:47.554;0;;34.467;0;36.671;0;36.416;1;193.9;1:29:13.137;17:28:44.401;0:34.467;0:36.671;0:36.416;269;Fitz-Simon;;Bronze;;Team RJN;McLaren;GF;34.467;36.671;36.416
23;1;40;1:47.239;1;;34.320;0;36.514;0;36.405;1;194.5;1:31:00.376;17:30:31.640;0:34.320;0:36.514;0:36.405;269;Fitz-Simon;;Bronze;;Team RJN;McLaren;GF;34.320;36.514;36.405
23;1;41;1:47.323;0;;34.271;1;36.485;0;36.567;0;194.3;1:32:47.699;17:32:18.963;0:34.271;0:36.485;0:36.567;269;Fitz-Simon;;Bronze;;Team RJN;McLaren;GF;34.271;36.485;36.567
23;1;42;1:47.515;0;;34.229;1;36.762;0;36.524;0;194.0;1:34:35.214;17:34:06.478;0:34.229;0:36.762;0:36.524;269;Fitz-Simon;;Bronze;;Team RJN;McLaren;GF;34.229;36.762;36.524
23;1;43;3:13.742;0;;34.402;0;1:06.457;0;1:32.883;0;107.6;1:37:48.956;17:37:20.220;0:34.402;1:06.457;1:32.883;269;Fitz-Simon;;Bronze;;Team RJN;McLaren;FCY;34.402;66.457;92.883
23;1;44;4:27.938;0;;1:26.600;0;1:24.512;0;1:36.826;0;77.8;1:42:16.894;17:41:48.158;1:26.600;1:24.512;1:36.826;;Fitz-Simon;;Bronze;;Team RJN;McLaren;FCY;86.600;84.512;96.826
23;3;45;4:29.795;0;;2:28.298;0;1:21.122;0;40.375;0;77.3;1:46:46.689;17:46:17.953;2:28.298;1:21.122;0:40.375;78;Dörr;;Bronze;;Team RJN;McLaren;SC;148.298;81.122;40.375
23;3;46;2:50.570;0;;36.009;0;1:05.632;0;1:08.929;0;122.3;1:49:37.259;17:49:08.523;0:36.009;1:05.632;1:08.929;257;Dörr;;Bronze;;Team RJN;McLaren;SC;36.009;65.632;68.929
23;3;47;2:58.877;0;;1:07.060;0;55.323;0;56.494;0;116.6;1:52:36.136;17:52:07.400;1:07.060;0:55.323;0:56.494;106;Dörr;;Bronze;;Team RJN;McLaren;GF;67.060;55.323;56.494
23;3;48;1:49.380;0;;34.892;0;37.525;0;36.963;0;190.7;1:54:25.516;17:53:56.780;0:34.892;0:37.525;0:36.963;260;Dörr;;Bronze;;Team RJN;McLaren;GF;34.892;37.525;36.963
23;3;49;1:48.335;0;;34.483;0;36.807;0;37.045;0;192.5;1:56:13.851;17:55:45.115;0:34.483;0:36.807;0:37.045;268;Dörr;;Bronze;;Team RJN;McLaren;GF;34.483;36.807;37.045
23;3;50;1:47.872;0;;34.510;0;36.597;0;36.765;0;193.3;1:58:01.723;17:57:32.987;0:34.510;0:36.597;0:36.765;269;Dörr;;Bronze;;Team RJN;McLaren;GF;34.510;36.597;36.765
23;3;51;1:48.011;0;;34.274;0;36.838;0;36.899;0;193.1;1:59:49.734;17:59:20.998;0:34.274;0:36.838;0:36.899;269;Dörr;;Bronze;;Team RJN;McLaren;GF;34.274;36.838;36.899
23;3;52;1:47.961;0;;34.423;0;36.511;0;37.027;0;193.2;2:01:37.695;18:01:08.959;0:34.423;0:36.511;0:37.027;268;Dörr;;Bronze;;Team RJN;McLaren;GF;34.423;36.511;37.027
23;3;53;1:47.514;0;;34.406;0;36.459;1;36.649;0;194.0;2:03:25.209;18:02:56.473;0:34.406;0:36.459;0:36.649;269;Dörr;;Bronze;;Team RJN;McLaren;GF;34.406;36.459;36.649
23;3;54;1:47.530;0;;34.271;0;36.756;0;36.503;0;193.9;2:05:12.739;18:04:44.003;0:34.271;0:36.756;0:36.503;267;Dörr;;Bronze;;Team RJN;McLaren;GF;34.271;36.756;36.503
23;3;55;1:47.895;0;;34.392;0;36.695;0;36.808;0;193.3;2:07:00.634;18:06:31.898;0:34.392;0:36.695;0:36.808;267;Dörr;;Bronze;;Team RJN;McLaren;GF;34.392;36.695;36.808
23;3;56;1:48.100;0;;34.287;0;37.189;0;36.624;0;192.9;2:08:48.734;18:08:19.998;0:34.287;0:37.189;0:36.624;268;Dörr;;Bronze;;Team RJN;McLaren;GF;34.287;37.189;36.624
23;3;57;1:47.486;0;B;34.314;0;36.580;0;36.592;0;194.0;2:10:36.220;18:10:07.484;0:34.314;0:36.580;0:36.592;269;Dörr;;Bronze;;Team RJN;McLaren;GF;34.314;36.580;36.592
23;3;58;1:48.297;0;;34.257;0;37.148;0;36.892;0;192.6;2:12:24.517;18:11:55.781;0:34.257;0:37.148;0:36.892;269;Dörr;;Bronze;;Team RJN;McLaren;GF;34.257;37.148;36.892
23;3;59;1:47.230;1;;34.166;1;36.525;0;36.539;0;194.5;2:14:11.747;18:13:43.011;0:34.166;0:36.525;0:36.539;270;Dörr;;Bronze;;Team RJN;McLaren;GF;34.166;36.525;36.539
23;3;60;1:47.967;0;;34.755;0;36.747;0;36.465;0;193.2;2:15:59.714;18:15:30.978;0:34.755;0:36.747;0:36.465;242;Dörr;;Bronze;;Team RJN;McLaren;GF;34.755;36.747;36.465
23;3;61;1:47.473;0;;34.058;1;36.484;0;36.931;0;194.0;2:17:47.187;18:17:18.451;0:34.058;0:36.484;0:36.931;270;Dörr;;Bronze;;Team RJN;McLaren;GF;34.058;36.484;36.931
23;3;62;1:47.227;1;;34.294;0;36.441;1;36.492;0;194.5;2:19:34.414;18:19:05.678;0:34.294;0:36.441;0:36.492;272;Dörr;;Bronze;;Team RJN;McLaren;GF;34.294;36.441;36.492
23;3;63;1:47.049;1;;34.158;0;36.436;1;36.455;0;194.8;2:21:21.463;18:20:52.727;0:34.158;0:36.436;0:36.455;268;Dörr;;Bronze;;Team RJN;McLaren;GF;34.158;36.436;36.455
23;3;64;1:46.822;1;;34.088;0;36.374;1;36.360;1;195.2;2:23:08.285;18:22:39.549;0:34.088;0:36.374;0:36.360;270;Dörr;;Bronze;;Team RJN;McLaren;GF;34.088;36.374;36.360
23;3;65;1:47.147;0;;34.077;0;36.717;0;36.353;1;194.6;2:24:55.432;18:24:26.696;0:34.077;0:36.717;0:36.353;271;Dörr;;Bronze;;Team RJN;McLaren;GF;34.077;36.717;36.353
23;3;66;1:47.270;0;;34.187;0;36.441;0;36.642;0;194.4;2:26:42.702;18:26:13.966;0:34.187;0:36.441;0:36.642;270;Dörr;;Bronze;;Team RJN;McLaren;GF;34.187;36.441;36.642
23;3;67;1:47.051;0;;34.011;1;36.527;0;36.513;0;194.8;2:28:29.753;18:28:01.017;0:34.011;0:36.527;0:36.513;271;Dörr;;Bronze;;Team RJN;McLaren;GF;34.011;36.527;36.513
23;3;68;1:46.864;0;;34.114;0;36.224;1;36.526;0;195.2;2:30:16.617;18:29:47.881;0:34.114;0:36.224;0:36.526;272;Dörr;;Bronze;;Team RJN;McLaren;GF;34.114;36.224;36.526
23;3;69;1:46.659;1;;34.113;0;36.190;1;36.356;0;195.5;2:32:03.276;18:31:34.540;0:34.113;0:36.190;0:36.356;269;Dörr;;Bronze;;Team RJN;McLaren;GF;34.113;36.190;36.356
23;3;70;1:47.659;0;;34.062;0;36.378;0;37.219;0;193.7;2:33:50.935;18:33:22.199;0:34.062;0:36.378;0:37.219;271;Dörr;;Bronze;;Team RJN;McLaren;GF;34.062;36.378;37.219
23;3;71;1:47.271;0;;34.240;0;36.647;0;36.384;0;194.4;2:35:38.206;18:35:09.470;0:34.240;0:36.647;0:36.384;268;Dörr;;Bronze;;Team RJN;McLaren;GF;34.240;36.647;36.384
23;3;72;1:54.307;0;;34.097;0;36.179;1;44.031;0;182.4;2:37:32.513;18:37:03.777;0:34.097;0:36.179;0:44.031;;Dörr;;Bronze;;Team RJN;McLaren;GF;34.097;36.179;44.031
23;3;73;5:22.649;0;;2:27.869;0;1:22.026;0;1:32.754;0;64.6;2:42:55.162;18:42:26.426;2:27.869;1:22.026;1:32.754;78;Dörr;;Bronze;;Team RJN;McLaren;FCY;147.869;82.026;92.754
23;3;74;4:21.723;0;;1:26.876;0;1:22.128;0;1:32.719;0;79.7;2:47:16.885;18:46:48.149;1:26.876;1:22.128;1:32.719;78;Dörr;;Bronze;;Team RJN;McLaren;FCY;86.876;82.128;92.719
23;3;75;2:57.357;0;;1:10.585;0;41.429;0;1:05.343;0;117.6;2:50:14.242;18:49:45.506;1:10.585;0:41.429;1:05.343;78;Dörr;;Bronze;;Team RJN;McLaren;SC;70.585;41.429;65.343
23;3;76;2:50.055;0;;1:03.726;0;51.448;0;54.881;0;122.6;2:53:04.297;18:52:35.561;1:03.726;0:51.448;0:54.881;107;Dörr;;Bronze;;Team RJN;McLaren;GF;63.726;51.448;54.881
23;3;77;1:52.845;0;;34.900;0;40.179;0;37.766;0;184.8;2:54:57.142;18:54:28.406;0:34.900;0:40.179;0:37.766;264;Dörr;;Bronze;;Team RJN;McLaren;GF;34.900;40.179;37.766
23;3;78;1:59.545;0;;37.108;0;41.200;0;41.237;0;174.5;2:56:56.687;18:56:27.951;0:37.108;0:41.200;0:41.237;268;Dörr;;Bronze;;Team RJN;McLaren;GF;37.108;41.200;41.237
23;3;79;4:11.558;0;;1:28.462;0;1:28.205;0;1:14.891;0;82.9;3:01:08.245;19:00:39.509;1:28.462;1:28.205;1:14.891;50;Dörr;;Bronze;;Team RJN;McLaren;GF;88.462;88.205;74.891
24;1;1;2:40.205;1;;44.052;1;41.191;1;1:14.962;1;130.2;2:40.205;16:02:11.469;0:44.052;0:41.191;1:14.962;177;Mac;;Pro;;Steller Motorsport;Chevrolet;SC;44.052;41.191;74.962
24;1;2;4:24.538;0;;1:46.938;0;1:21.378;0;1:16.222;0;78.8;7:04.743;16:06:36.007;1:46.938;1:21.378;1:16.222;24;Mac;;Pro;;Steller Motorsport;Chevrolet;SC;106.938;81.378;76.222
24;1;3;3:24.141;0;;1:22.058;0;1:03.495;0;58.588;1;102.2;10:28.884;16:10:00.148;1:22.058;1:03.495;0:58.588;65;Mac;;Pro;;Steller Motorsport;Chevrolet;SC;82.058;63.495;58.588
24;1;4;2:54.020;0;;1:06.189;0;53.166;0;54.665;1;119.8;13:22.904;16:12:54.168;1:06.189;0:53.166;0:54.665;;Mac;;Pro;;Steller Motorsport;Chevrolet;SC;66.189;53.166;54.665
24;1;5;3:05.075;0;;1:49.913;0;37.335;1;37.827;1;112.7;16:27.979;16:15:59.243;1:49.913;0:37.335;0:37.827;207;Mac;;Pro;;Steller Motorsport;Chevrolet;SC;109.913;37.335;37.827
24;1;6;2:21.487;1;;42.512;1;53.482;0;45.493;0;147.4;18:49.466;16:18:20.730;0:42.512;0:53.482;0:45.493;124;Mac;;Pro;;Steller Motorsport;Chevrolet;GF;42.512;53.482;45.493
24;1;7;1:52.814;1;;35.297;1;38.402;0;39.115;0;184.9;20:42.280;16:20:13.544;0:35.297;0:38.402;0:39.115;257;Mac;;Pro;;Steller Motorsport;Chevrolet;GF;35.297;38.402;39.115
24;1;8;1:58.907;0;;44.391;0;37.265;1;37.251;1;175.4;22:41.187;16:22:12.451;0:44.391;0:37.265;0:37.251;265;Mac;;Pro;;Steller Motorsport;Chevrolet;GF;44.391;37.265;37.251
24;1;9;1:49.418;1;;35.148;1;37.254;1;37.016;1;190.6;24:30.605;16:24:01.869;0:35.148;0:37.254;0:37.016;276;Mac;;Pro;;Steller Motorsport;Chevrolet;GF;35.148;37.254;37.016
24;1;10;1:48.104;1;;34.464;1;36.800;1;36.840;1;192.9;26:18.709;16:25:49.973;0:34.464;0:36.800;0:36.840;271;Mac;;Pro;;Steller Motorsport;Chevrolet;GF;34.464;36.800;36.840
24;1;11;1:49.270;0;;34.599;0;37.837;0;36.834;1;190.9;28:07.979;16:27:39.243;0:34.599;0:37.837;0:36.834;273;Mac;;Pro;;Steller Motorsport;Chevrolet;GF;34.599;37.837;36.834
24;1;12;1:47.783;1;;34.218;1;36.729;1;36.836;0;193.5;29:55.762;16:29:27.026;0:34.218;0:36.729;0:36.836;271;Mac;;Pro;;Steller Motorsport;Chevrolet;GF;34.218;36.729;36.836
24;1;13;1:47.491;1;;34.249;0;36.525;1;36.717;1;194.0;31:43.253;16:31:14.517;0:34.249;0:36.525;0:36.717;270;Mac;;Pro;;Steller Motorsport;Chevrolet;GF;34.249;36.525;36.717
24;1;14;1:47.700;0;;34.221;0;36.706;0;36.773;0;193.6;33:30.953;16:33:02.217;0:34.221;0:36.706;0:36.773;272;Mac;;Pro;;Steller Motorsport;Chevrolet;GF;34.221;36.706;36.773
24;1;15;1:49.382;0;;34.619;0;37.478;0;37.285;0;190.7;35:20.335;16:34:51.599;0:34.619;0:37.478;0:37.285;273;Mac;;Pro;;Steller Motorsport;Chevrolet;GF;34.619;37.478;37.285
24;1;16;1:49.504;0;;34.746;0;37.447;0;37.311;0;190.4;37:09.839;16:36:41.103;0:34.746;0:37.447;0:37.311;272;Mac;;Pro;;Steller Motorsport;Chevrolet;GF;34.746;37.447;37.311
24;1;17;1:49.688;0;;34.400;0;38.360;0;36.928;0;190.1;38:59.527;16:38:30.791;0:34.400;0:38.360;0:36.928;272;Mac;;Pro;;Steller Motorsport;Chevrolet;GF;34.400;38.360;36.928
24;1;18;1:47.817;0;;34.180;1;36.776;0;36.861;0;193.4;40:47.344;16:40:18.608;0:34.180;0:36.776;0:36.861;271;Mac;;Pro;;Steller Motorsport;Chevrolet;GF;34.180;36.776;36.861
24;1;19;1:47.699;0;;34.318;0;36.558;0;36.823;0;193.6;42:35.043;16:42:06.307;0:34.318;0:36.558;0:36.823;272;Mac;;Pro;;Steller Motorsport;Chevrolet;GF;34.318;36.558;36.823
24;1;20;1:48.268;0;;34.488;0;36.680;0;37.100;0;192.6;44:23.311;16:43:54.575;0:34.488;0:36.680;0:37.100;274;Mac;;Pro;;Steller Motorsport;Chevrolet;GF;34.488;36.680;37.100
24;1;21;1:53.781;0;;40.456;0;36.748;0;36.577;1;183.3;46:17.092;16:45:48.356;0:40.456;0:36.748;0:36.577;274;Mac;;Pro;;Steller Motorsport;Chevrolet;GF;40.456;36.748;36.577
24;1;22;1:48.038;0;;34.361;0;36.606;0;37.071;0;193.0;48:05.130;16:47:36.394;0:34.361;0:36.606;0:37.071;271;Mac;;Pro;;Steller Motorsport;Chevrolet;GF;34.361;36.606;37.071
24;1;23;1:50.371;0;;34.670;0;36.894;0;38.807;0;189.0;49:55.501;16:49:26.765;0:34.670;0:36.894;0:38.807;273;Mac;;Pro;;Steller Motorsport;Chevrolet;GF;34.670;36.894;38.807
24;1;24;4:20.550;0;;1:26.181;0;1:21.848;0;1:32.521;0;80.0;54:16.051;16:53:47.315;1:26.181;1:21.848;1:32.521;79;Mac;;Pro;;Steller Motorsport;Chevrolet;FCY;86.181;81.848;92.521
24;1;25;4:21.184;0;;1:26.790;0;1:21.962;0;1:32.432;0;79.8;58:37.235;16:58:08.499;1:26.790;1:21.962;1:32.432;79;Mac;;Pro;;Steller Motorsport;Chevrolet;FCY;86.790;81.962;92.432
24;1;26;4:21.063;0;;1:26.808;0;1:21.731;0;1:32.524;0;79.9;1:02:58.298;17:02:29.562;1:26.808;1:21.731;1:32.524;77;Mac;;Pro;;Steller Motorsport;Chevrolet;GF;86.808;81.731;92.524
24;1;27;3:09.305;0;B;1:26.809;0;50.264;0;52.232;0;110.2;1:06:07.603;17:05:38.867;1:26.809;0:50.264;0:52.232;;Mac;;Pro;;Steller Motorsport;Chevrolet;SC;86.809;50.264;52.232
24;2;28;3:08.685;0;;1:52.572;0;38.709;0;37.404;0;110.5;1:09:16.288;17:08:47.552;1:52.572;0:38.709;0:37.404;206;Doquin;;Pro;;Steller Motorsport;Chevrolet;GF;112.572;38.709;37.404
24;2;29;1:48.316;0;;34.363;0;36.788;0;37.165;0;192.5;1:11:04.604;17:10:35.868;0:34.363;0:36.788;0:37.165;267;Doquin;;Pro;;Steller Motorsport;Chevrolet;GF;34.363;36.788;37.165
24;2;30;1:48.035;0;;34.404;0;36.689;0;36.942;0;193.0;1:12:52.639;17:12:23.903;0:34.404;0:36.689;0:36.942;268;Doquin;;Pro;;Steller Motorsport;Chevrolet;GF;34.404;36.689;36.942
24;2;31;1:47.691;0;;34.455;0;36.544;0;36.692;0;193.7;1:14:40.330;17:14:11.594;0:34.455;0:36.544;0:36.692;268;Doquin;;Pro;;Steller Motorsport;Chevrolet;GF;34.455;36.544;36.692
24;2;32;1:47.455;1;;34.306;0;36.494;1;36.655;0;194.1;1:16:27.785;17:15:59.049;0:34.306;0:36.494;0:36.655;269;Doquin;;Pro;;Steller Motorsport;Chevrolet;GF;34.306;36.494;36.655
24;2;33;1:47.742;0;;34.247;0;36.750;0;36.745;0;193.6;1:18:15.527;17:17:46.791;0:34.247;0:36.750;0:36.745;269;Doquin;;Pro;;Steller Motorsport;Chevrolet;GF;34.247;36.750;36.745
24;2;34;2:32.523;0;;35.578;0;38.088;0;1:18.857;0;136.7;1:20:48.050;17:20:19.314;0:35.578;0:38.088;1:18.857;273;Doquin;;Pro;;Steller Motorsport;Chevrolet;GF;35.578;38.088;78.857
24;2;35;1:48.470;0;;34.715;0;36.677;0;37.078;0;192.3;1:22:36.520;17:22:07.784;0:34.715;0:36.677;0:37.078;265;Doquin;;Pro;;Steller Motorsport;Chevrolet;GF;34.715;36.677;37.078
24;2;36;1:47.671;0;;34.373;0;36.598;0;36.700;0;193.7;1:24:24.191;17:23:55.455;0:34.373;0:36.598;0:36.700;268;Doquin;;Pro;;Steller Motorsport;Chevrolet;GF;34.373;36.598;36.700
24;2;37;1:47.079;1;;34.259;0;36.384;1;36.436;1;194.8;1:26:11.270;17:25:42.534;0:34.259;0:36.384;0:36.436;269;Doquin;;Pro;;Steller Motorsport;Chevrolet;GF;34.259;36.384;36.436
24;2;38;1:47.990;0;;34.072;1;36.841;0;37.077;0;193.1;1:27:59.260;17:27:30.524;0:34.072;0:36.841;0:37.077;271;Doquin;;Pro;;Steller Motorsport;Chevrolet;GF;34.072;36.841;37.077
24;2;39;1:47.935;0;;34.416;0;36.792;0;36.727;0;193.2;1:29:47.195;17:29:18.459;0:34.416;0:36.792;0:36.727;270;Doquin;;Pro;;Steller Motorsport;Chevrolet;GF;34.416;36.792;36.727
24;2;40;1:47.117;0;;34.159;0;36.455;0;36.503;0;194.7;1:31:34.312;17:31:05.576;0:34.159;0:36.455;0:36.503;270;Doquin;;Pro;;Steller Motorsport;Chevrolet;GF;34.159;36.455;36.503
24;2;41;2:01.247;0;;34.127;0;39.306;0;47.814;0;172.0;1:33:35.559;17:33:06.823;0:34.127;0:39.306;0:47.814;;Doquin;;Pro;;Steller Motorsport;Chevrolet;GF;34.127;39.306;47.814
24;2;42;4:43.907;0;;1:51.107;0;1:20.608;0;1:32.192;0;73.5;1:38:19.466;17:37:50.730;1:51.107;1:20.608;1:32.192;207;Doquin;;Pro;;Steller Motorsport;Chevrolet;FCY;111.107;80.608;92.192
24;2;43;4:20.063;0;;1:26.320;0;1:21.605;0;1:32.138;0;80.2;1:42:39.529;17:42:10.793;1:26.320;1:21.605;1:32.138;79;Doquin;;Pro;;Steller Motorsport;Chevrolet;FCY;86.320;81.605;92.138
24;2;44;3:52.537;0;;1:26.522;0;1:21.624;0;1:04.391;0;89.7;1:46:32.066;17:46:03.330;1:26.522;1:21.624;1:04.391;79;Doquin;;Pro;;Steller Motorsport;Chevrolet;SC;86.522;81.624;64.391
24;2;45;2:37.203;0;;45.144;0;1:07.829;0;44.230;0;132.7;1:49:09.269;17:48:40.533;0:45.144;1:07.829;0:44.230;184;Doquin;;Pro;;Steller Motorsport;Chevrolet;SC;45.144;67.829;44.230
24;2;46;1:51.494;0;;35.362;0;38.377;0;37.755;0;187.0;1:51:00.763;17:50:32.027;0:35.362;0:38.377;0:37.755;262;Doquin;;Pro;;Steller Motorsport;Chevrolet;SC;35.362;38.377;37.755
24;2;47;1:53.603;0;;34.727;0;37.421;0;41.455;0;183.6;1:52:54.366;17:52:25.630;0:34.727;0:37.421;0:41.455;265;Doquin;;Pro;;Steller Motorsport;Chevrolet;GF;34.727;37.421;41.455
24;2;48;1:49.985;0;;34.691;0;37.774;0;37.520;0;189.6;1:54:44.351;17:54:15.615;0:34.691;0:37.774;0:37.520;273;Doquin;;Pro;;Steller Motorsport;Chevrolet;GF;34.691;37.774;37.520
24;2;49;1:52.142;0;;35.427;0;38.550;0;38.165;0;186.0;1:56:36.493;17:56:07.757;0:35.427;0:38.550;0:38.165;273;Doquin;;Pro;;Steller Motorsport;Chevrolet;GF;35.427;38.550;38.165
24;2;50;1:51.045;0;;34.856;0;38.530;0;37.659;0;187.8;1:58:27.538;17:57:58.802;0:34.856;0:38.530;0:37.659;269;Doquin;;Pro;;Steller Motorsport;Chevrolet;GF;34.856;38.530;37.659
24;2;51;1:48.541;0;;34.335;0;36.806;0;37.400;0;192.1;2:00:16.079;17:59:47.343;0:34.335;0:36.806;0:37.400;271;Doquin;;Pro;;Steller Motorsport;Chevrolet;GF;34.335;36.806;37.400
24;2;52;1:48.107;0;;34.376;0;36.736;0;36.995;0;192.9;2:02:04.186;18:01:35.450;0:34.376;0:36.736;0:36.995;271;Doquin;;Pro;;Steller Motorsport;Chevrolet;GF;34.376;36.736;36.995
24;2;53;1:47.929;0;;34.370;0;36.760;0;36.799;0;193.2;2:03:52.115;18:03:23.379;0:34.370;0:36.760;0:36.799;269;Doquin;;Pro;;Steller Motorsport;Chevrolet;GF;34.370;36.760;36.799
24;2;54;1:48.062;0;;34.408;0;36.844;0;36.810;0;193.0;2:05:40.177;18:05:11.441;0:34.408;0:36.844;0:36.810;269;Doquin;;Pro;;Steller Motorsport;Chevrolet;GF;34.408;36.844;36.810
24;2;55;1:47.738;0;B;34.320;0;36.594;0;36.824;0;193.6;2:07:27.915;18:06:59.179;0:34.320;0:36.594;0:36.824;269;Doquin;;Pro;;Steller Motorsport;Chevrolet;GF;34.320;36.594;36.824
24;2;56;1:55.242;0;;34.484;0;36.593;0;44.165;0;181.0;2:09:23.157;18:08:54.421;0:34.484;0:36.593;0:44.165;;Doquin;;Pro;;Steller Motorsport;Chevrolet;GF;34.484;36.593;44.165
24;3;57;3:09.815;0;;1:56.176;0;36.838;0;36.801;0;109.9;2:12:32.972;18:12:04.236;1:56.176;0:36.838;0:36.801;207;Lind;;Pro;;Steller Motorsport;Chevrolet;GF;116.176;36.838;36.801
24;3;58;1:48.720;0;;34.330;0;37.556;0;36.834;0;191.8;2:14:21.692;18:13:52.956;0:34.330;0:37.556;0:36.834;270;Lind;;Pro;;Steller Motorsport;Chevrolet;GF;34.330;37.556;36.834
24;3;59;1:47.596;0;;34.157;0;36.660;0;36.779;0;193.8;2:16:09.288;18:15:40.552;0:34.157;0:36.660;0:36.779;272;Lind;;Pro;;Steller Motorsport;Chevrolet;GF;34.157;36.660;36.779
24;3;60;1:47.788;0;;34.618;0;36.582;0;36.588;0;193.5;2:17:57.076;18:17:28.340;0:34.618;0:36.582;0:36.588;258;Lind;;Pro;;Steller Motorsport;Chevrolet;GF;34.618;36.582;36.588
24;3;61;1:48.453;0;;34.806;0;36.918;0;36.729;0;192.3;2:19:45.529;18:19:16.793;0:34.806;0:36.918;0:36.729;269;Lind;;Pro;;Steller Motorsport;Chevrolet;GF;34.806;36.918;36.729
24;3;62;1:47.325;0;;34.179;0;36.434;0;36.712;0;194.3;2:21:32.854;18:21:04.118;0:34.179;0:36.434;0:36.712;263;Lind;;Pro;;Steller Motorsport;Chevrolet;GF;34.179;36.434;36.712
24;3;63;1:47.680;0;;34.088;0;36.800;0;36.792;0;193.7;2:23:20.534;18:22:51.798;0:34.088;0:36.800;0:36.792;261;Lind;;Pro;;Steller Motorsport;Chevrolet;GF;34.088;36.800;36.792
24;3;64;1:47.794;0;;34.255;0;36.724;0;36.815;0;193.5;2:25:08.328;18:24:39.592;0:34.255;0:36.724;0:36.815;256;Lind;;Pro;;Steller Motorsport;Chevrolet;GF;34.255;36.724;36.815
24;3;65;1:47.618;0;;34.236;0;36.707;0;36.675;0;193.8;2:26:55.946;18:26:27.210;0:34.236;0:36.707;0:36.675;269;Lind;;Pro;;Steller Motorsport;Chevrolet;GF;34.236;36.707;36.675
24;3;66;1:47.833;0;;34.242;0;36.770;0;36.821;0;193.4;2:28:43.779;18:28:15.043;0:34.242;0:36.770;0:36.821;270;Lind;;Pro;;Steller Motorsport;Chevrolet;GF;34.242;36.770;36.821
24;3;67;1:47.244;0;;34.124;0;36.490;0;36.630;0;194.5;2:30:31.023;18:30:02.287;0:34.124;0:36.490;0:36.630;272;Lind;;Pro;;Steller Motorsport;Chevrolet;GF;34.124;36.490;36.630
24;3;68;1:47.398;0;;34.230;0;36.554;0;36.614;0;194.2;2:32:18.421;18:31:49.685;0:34.230;0:36.554;0:36.614;269;Lind;;Pro;;Steller Motorsport;Chevrolet;GF;34.230;36.554;36.614
24;3;69;1:47.352;0;;34.234;0;36.540;0;36.578;0;194.3;2:34:05.773;18:33:37.037;0:34.234;0:36.540;0:36.578;270;Lind;;Pro;;Steller Motorsport;Chevrolet;GF;34.234;36.540;36.578
24;3;70;1:47.730;0;;33.994;1;36.462;0;37.274;0;193.6;2:35:53.503;18:35:24.767;0:33.994;0:36.462;0:37.274;268;Lind;;Pro;;Steller Motorsport;Chevrolet;GF;33.994;36.462;37.274
24;3;71;1:47.760;0;;34.273;0;36.608;0;36.879;0;193.5;2:37:41.263;18:37:12.527;0:34.273;0:36.608;0:36.879;257;Lind;;Pro;;Steller Motorsport;Chevrolet;GF;34.273;36.608;36.879
24;3;72;3:37.118;0;;43.172;0;1:21.758;0;1:32.188;0;96.1;2:41:18.381;18:40:49.645;0:43.172;1:21.758;1:32.188;257;Lind;;Pro;;Steller Motorsport;Chevrolet;FCY;43.172;81.758;92.188
24;3;73;4:20.163;0;;1:26.450;0;1:21.562;0;1:32.151;0;80.2;2:45:38.544;18:45:09.808;1:26.450;1:21.562;1:32.151;79;Lind;;Pro;;Steller Motorsport;Chevrolet;FCY;86.450;81.562;92.151
24;3;74;3:31.253;0;;1:26.434;0;1:14.513;0;50.306;0;98.7;2:49:09.797;18:48:41.061;1:26.434;1:14.513;0:50.306;79;Lind;;Pro;;Steller Motorsport;Chevrolet;SC;86.434;74.513;50.306
24;3;75;1:58.313;0;;39.690;0;38.821;0;39.802;0;176.3;2:51:08.110;18:50:39.374;0:39.690;0:38.821;0:39.802;213;Lind;;Pro;;Steller Motorsport;Chevrolet;SC;39.690;38.821;39.802
24;3;76;2:06.600;0;;37.496;0;48.528;0;40.576;0;164.7;2:53:14.710;18:52:45.974;0:37.496;0:48.528;0:40.576;237;Lind;;Pro;;Steller Motorsport;Chevrolet;GF;37.496;48.528;40.576
24;3;77;1:54.371;0;;36.849;0;37.812;0;39.710;0;182.3;2:55:09.081;18:54:40.345;0:36.849;0:37.812;0:39.710;263;Lind;;Pro;;Steller Motorsport;Chevrolet;GF;36.849;37.812;39.710
24;3;78;2:06.931;0;;36.262;0;48.474;0;42.195;0;164.3;2:57:16.012;18:56:47.276;0:36.262;0:48.474;0:42.195;218;Lind;;Pro;;Steller Motorsport;Chevrolet;GF;36.262;48.474;42.195
24;3;79;4:10.687;0;;1:32.614;0;1:25.095;0;1:12.978;0;83.2;3:01:26.699;19:00:57.963;1:32.614;1:25.095;1:12.978;19;Lind;;Pro;;Steller Motorsport;Chevrolet;GF;92.614;85.095;72.978
25;3;1;2:37.856;1;;43.710;1;40.667;1;1:13.479;1;132.1;2:37.856;16:02:09.120;0:43.710;0:40.667;1:13.479;183;Klymenko;;Silver;;Sainteloc Racing;Audi;SC;43.710;40.667;73.479
25;3;2;4:23.243;0;;1:46.807;0;1:21.416;0;1:15.020;0;79.2;7:01.099;16:06:32.363;1:46.807;1:21.416;1:15.020;26;Klymenko;;Silver;;Sainteloc Racing;Audi;SC;106.807;81.416;75.020
25;3;3;3:25.729;0;;1:23.972;0;1:03.408;0;58.349;1;101.4;10:26.828;16:09:58.092;1:23.972;1:03.408;0:58.349;108;Klymenko;;Silver;;Sainteloc Racing;Audi;SC;83.972;63.408;58.349
25;3;4;2:48.972;0;;1:05.994;0;53.366;0;49.612;1;123.4;13:15.800;16:12:47.064;1:05.994;0:53.366;0:49.612;89;Klymenko;;Silver;;Sainteloc Racing;Audi;SC;65.994;53.366;49.612
25;3;5;2:32.748;1;;46.470;0;52.353;0;53.925;0;136.5;15:48.548;16:15:19.812;0:46.470;0:52.353;0:53.925;128;Klymenko;;Silver;;Sainteloc Racing;Audi;SC;46.470;52.353;53.925
25;3;6;2:49.388;0;;59.889;0;57.846;0;51.653;0;123.1;18:37.936;16:18:09.200;0:59.889;0:57.846;0:51.653;110;Klymenko;;Silver;;Sainteloc Racing;Audi;GF;59.889;57.846;51.653
25;3;7;1:49.786;1;;35.083;1;37.437;1;37.266;1;190.0;20:27.722;16:19:58.986;0:35.083;0:37.437;0:37.266;262;Klymenko;;Silver;;Sainteloc Racing;Audi;GF;35.083;37.437;37.266
25;3;8;1:49.089;1;;34.556;1;37.238;1;37.295;0;191.2;22:16.811;16:21:48.075;0:34.556;0:37.238;0:37.295;268;Klymenko;;Silver;;Sainteloc Racing;Audi;GF;34.556;37.238;37.295
25;3;9;1:48.704;1;;34.594;0;36.842;1;37.268;0;191.8;24:05.515;16:23:36.779;0:34.594;0:36.842;0:37.268;269;Klymenko;;Silver;;Sainteloc Racing;Audi;GF;34.594;36.842;37.268
25;3;10;1:48.570;1;;34.410;1;37.087;0;37.073;1;192.1;25:54.085;16:25:25.349;0:34.410;0:37.087;0:37.073;270;Klymenko;;Silver;;Sainteloc Racing;Audi;GF;34.410;37.087;37.073
25;3;11;1:48.368;1;;34.424;0;37.073;0;36.871;1;192.4;27:42.453;16:27:13.717;0:34.424;0:37.073;0:36.871;269;Klymenko;;Silver;;Sainteloc Racing;Audi;GF;34.424;37.073;36.871
25;3;12;1:48.461;0;;34.413;0;37.073;0;36.975;0;192.3;29:30.914;16:29:02.178;0:34.413;0:37.073;0:36.975;269;Klymenko;;Silver;;Sainteloc Racing;Audi;GF;34.413;37.073;36.975
25;3;13;1:47.808;1;;34.269;1;36.658;1;36.881;0;193.4;31:18.722;16:30:49.986;0:34.269;0:36.658;0:36.881;270;Klymenko;;Silver;;Sainteloc Racing;Audi;GF;34.269;36.658;36.881
25;3;14;1:47.884;0;;34.341;0;36.665;0;36.878;0;193.3;33:06.606;16:32:37.870;0:34.341;0:36.665;0:36.878;271;Klymenko;;Silver;;Sainteloc Racing;Audi;GF;34.341;36.665;36.878
25;3;15;1:47.880;0;;34.364;0;36.608;1;36.908;0;193.3;34:54.486;16:34:25.750;0:34.364;0:36.608;0:36.908;269;Klymenko;;Silver;;Sainteloc Racing;Audi;GF;34.364;36.608;36.908
25;3;16;1:48.050;0;;34.341;0;36.756;0;36.953;0;193.0;36:42.536;16:36:13.800;0:34.341;0:36.756;0:36.953;271;Klymenko;;Silver;;Sainteloc Racing;Audi;GF;34.341;36.756;36.953
25;3;17;1:47.720;1;;34.305;0;36.706;0;36.709;1;193.6;38:30.256;16:38:01.520;0:34.305;0:36.706;0:36.709;269;Klymenko;;Silver;;Sainteloc Racing;Audi;GF;34.305;36.706;36.709
25;3;18;1:47.770;0;;34.448;0;36.630;0;36.692;1;193.5;40:18.026;16:39:49.290;0:34.448;0:36.630;0:36.692;268;Klymenko;;Silver;;Sainteloc Racing;Audi;GF;34.448;36.630;36.692
25;3;19;1:47.386;1;;34.241;1;36.529;1;36.616;1;194.2;42:05.412;16:41:36.676;0:34.241;0:36.529;0:36.616;269;Klymenko;;Silver;;Sainteloc Racing;Audi;GF;34.241;36.529;36.616
25;3;20;1:47.422;0;;34.233;1;36.419;1;36.770;0;194.1;43:52.834;16:43:24.098;0:34.233;0:36.419;0:36.770;269;Klymenko;;Silver;;Sainteloc Racing;Audi;GF;34.233;36.419;36.770
25;3;21;1:47.619;0;;34.359;0;36.713;0;36.547;1;193.8;45:40.453;16:45:11.717;0:34.359;0:36.713;0:36.547;271;Klymenko;;Silver;;Sainteloc Racing;Audi;GF;34.359;36.713;36.547
25;3;22;1:47.685;0;;34.225;1;36.743;0;36.717;0;193.7;47:28.138;16:46:59.402;0:34.225;0:36.743;0:36.717;269;Klymenko;;Silver;;Sainteloc Racing;Audi;GF;34.225;36.743;36.717
25;3;23;1:47.832;0;;34.299;0;36.670;0;36.863;0;193.4;49:15.970;16:48:47.234;0:34.299;0:36.670;0:36.863;268;Klymenko;;Silver;;Sainteloc Racing;Audi;GF;34.299;36.670;36.863
25;3;24;3:25.165;0;;34.296;0;1:15.657;0;1:35.212;0;101.6;52:41.135;16:52:12.399;0:34.296;1:15.657;1:35.212;;Klymenko;;Silver;;Sainteloc Racing;Audi;FCY;34.296;75.657;95.212
25;2;25;5:25.686;0;;2:31.277;0;1:21.902;0;1:32.507;0;64.0;58:06.821;16:57:38.085;2:31.277;1:21.902;1:32.507;78;Cheli;;Silver;;Sainteloc Racing;Audi;FCY;151.277;81.902;92.507
25;2;26;4:21.115;0;B;1:26.391;0;1:21.930;0;1:32.794;0;79.9;1:02:27.936;17:01:59.200;1:26.391;1:21.930;1:32.794;78;Cheli;;Silver;;Sainteloc Racing;Audi;GF;86.391;81.930;92.794
25;2;27;3:23.576;0;;1:26.748;0;59.985;0;56.843;0;102.4;1:05:51.512;17:05:22.776;1:26.748;0:59.985;0:56.843;78;Cheli;;Silver;;Sainteloc Racing;Audi;SC;86.748;59.985;56.843
25;2;28;2:49.375;0;;1:05.331;0;53.727;0;50.317;0;123.1;1:08:40.887;17:08:12.151;1:05.331;0:53.727;0:50.317;104;Cheli;;Silver;;Sainteloc Racing;Audi;GF;65.331;53.727;50.317
25;2;29;1:49.918;0;;35.122;0;37.389;0;37.407;0;189.7;1:10:30.805;17:10:02.069;0:35.122;0:37.389;0:37.407;267;Cheli;;Silver;;Sainteloc Racing;Audi;GF;35.122;37.389;37.407
25;2;30;1:48.958;0;;34.771;0;37.013;0;37.174;0;191.4;1:12:19.763;17:11:51.027;0:34.771;0:37.013;0:37.174;268;Cheli;;Silver;;Sainteloc Racing;Audi;GF;34.771;37.013;37.174
25;2;31;1:48.218;0;;34.522;0;36.756;0;36.940;0;192.7;1:14:07.981;17:13:39.245;0:34.522;0:36.756;0:36.940;267;Cheli;;Silver;;Sainteloc Racing;Audi;GF;34.522;36.756;36.940
25;2;32;1:48.030;0;;34.505;0;36.682;0;36.843;0;193.0;1:15:56.011;17:15:27.275;0:34.505;0:36.682;0:36.843;267;Cheli;;Silver;;Sainteloc Racing;Audi;GF;34.505;36.682;36.843
25;2;33;1:48.149;0;;34.615;0;36.647;0;36.887;0;192.8;1:17:44.160;17:17:15.424;0:34.615;0:36.647;0:36.887;267;Cheli;;Silver;;Sainteloc Racing;Audi;GF;34.615;36.647;36.887
25;2;34;1:55.290;0;;34.528;0;36.818;0;43.944;0;180.9;1:19:39.450;17:19:10.714;0:34.528;0:36.818;0:43.944;267;Cheli;;Silver;;Sainteloc Racing;Audi;FCY;34.528;36.818;43.944
25;2;35;2:24.408;0;;1:10.155;0;37.280;0;36.973;0;144.4;1:22:03.858;17:21:35.122;1:10.155;0:37.280;0:36.973;78;Cheli;;Silver;;Sainteloc Racing;Audi;GF;70.155;37.280;36.973
25;2;36;1:47.996;0;;34.503;0;36.610;0;36.883;0;193.1;1:23:51.854;17:23:23.118;0:34.503;0:36.610;0:36.883;267;Cheli;;Silver;;Sainteloc Racing;Audi;GF;34.503;36.610;36.883
25;2;37;1:47.712;0;;34.465;0;36.584;0;36.663;0;193.6;1:25:39.566;17:25:10.830;0:34.465;0:36.584;0:36.663;267;Cheli;;Silver;;Sainteloc Racing;Audi;GF;34.465;36.584;36.663
25;2;38;1:47.744;0;;34.382;0;36.563;0;36.799;0;193.6;1:27:27.310;17:26:58.574;0:34.382;0:36.563;0:36.799;267;Cheli;;Silver;;Sainteloc Racing;Audi;GF;34.382;36.563;36.799
25;2;39;1:47.702;0;;34.408;0;36.479;0;36.815;0;193.6;1:29:15.012;17:28:46.276;0:34.408;0:36.479;0:36.815;268;Cheli;;Silver;;Sainteloc Racing;Audi;GF;34.408;36.479;36.815
25;2;40;1:48.474;0;;34.220;1;37.275;0;36.979;0;192.3;1:31:03.486;17:30:34.750;0:34.220;0:37.275;0:36.979;269;Cheli;;Silver;;Sainteloc Racing;Audi;GF;34.220;37.275;36.979
25;2;41;1:47.563;0;;34.305;0;36.491;0;36.767;0;193.9;1:32:51.049;17:32:22.313;0:34.305;0:36.491;0:36.767;269;Cheli;;Silver;;Sainteloc Racing;Audi;GF;34.305;36.491;36.767
25;2;42;1:48.314;0;;34.409;0;36.553;0;37.352;0;192.5;1:34:39.363;17:34:10.627;0:34.409;0:36.553;0:37.352;269;Cheli;;Silver;;Sainteloc Racing;Audi;GF;34.409;36.553;37.352
25;2;43;3:12.275;0;;34.353;0;1:05.387;0;1:32.535;0;108.5;1:37:51.638;17:37:22.902;0:34.353;1:05.387;1:32.535;267;Cheli;;Silver;;Sainteloc Racing;Audi;FCY;34.353;65.387;92.535
25;1;44;4:25.925;0;;1:26.276;0;1:22.637;0;1:37.012;0;78.4;1:42:17.563;17:41:48.827;1:26.276;1:22.637;1:37.012;;Companc;;Silver;;Sainteloc Racing;Audi;FCY;86.276;82.637;97.012
25;1;45;4:32.233;0;;2:32.863;0;1:18.393;0;40.977;0;76.6;1:46:49.796;17:46:21.060;2:32.863;1:18.393;0:40.977;78;Companc;;Silver;;Sainteloc Racing;Audi;SC;152.863;78.393;40.977
25;1;46;2:50.183;0;;36.149;0;1:05.490;0;1:08.544;0;122.5;1:49:39.979;17:49:11.243;0:36.149;1:05.490;1:08.544;254;Companc;;Silver;;Sainteloc Racing;Audi;SC;36.149;65.490;68.544
25;1;47;2:57.780;0;;1:06.770;0;55.444;0;55.566;0;117.3;1:52:37.759;17:52:09.023;1:06.770;0:55.444;0:55.566;98;Companc;;Silver;;Sainteloc Racing;Audi;GF;66.770;55.444;55.566
25;1;48;1:50.218;0;;35.335;0;37.580;0;37.303;0;189.2;1:54:27.977;17:53:59.241;0:35.335;0:37.580;0:37.303;262;Companc;;Silver;;Sainteloc Racing;Audi;GF;35.335;37.580;37.303
25;1;49;1:49.537;0;;34.961;0;37.211;0;37.365;0;190.4;1:56:17.514;17:55:48.778;0:34.961;0:37.211;0:37.365;269;Companc;;Silver;;Sainteloc Racing;Audi;GF;34.961;37.211;37.365
25;1;50;1:48.668;0;;34.414;0;37.017;0;37.237;0;191.9;1:58:06.182;17:57:37.446;0:34.414;0:37.017;0:37.237;272;Companc;;Silver;;Sainteloc Racing;Audi;GF;34.414;37.017;37.237
25;1;51;1:49.579;0;;35.180;0;37.387;0;37.012;0;190.3;1:59:55.761;17:59:27.025;0:35.180;0:37.387;0:37.012;271;Companc;;Silver;;Sainteloc Racing;Audi;GF;35.180;37.387;37.012
25;1;52;1:48.407;0;;34.345;0;37.148;0;36.914;0;192.4;2:01:44.168;18:01:15.432;0:34.345;0:37.148;0:36.914;269;Companc;;Silver;;Sainteloc Racing;Audi;GF;34.345;37.148;36.914
25;1;53;1:47.631;0;;34.300;0;36.570;0;36.761;0;193.8;2:03:31.799;18:03:03.063;0:34.300;0:36.570;0:36.761;268;Companc;;Silver;;Sainteloc Racing;Audi;GF;34.300;36.570;36.761
25;1;54;1:48.369;0;;34.288;0;37.154;0;36.927;0;192.4;2:05:20.168;18:04:51.432;0:34.288;0:37.154;0:36.927;267;Companc;;Silver;;Sainteloc Racing;Audi;GF;34.288;37.154;36.927
25;1;55;1:48.566;0;B;34.311;0;36.915;0;37.340;0;192.1;2:07:08.734;18:06:39.998;0:34.311;0:36.915;0:37.340;267;Companc;;Silver;;Sainteloc Racing;Audi;GF;34.311;36.915;37.340
25;1;56;1:49.192;0;;35.136;0;37.241;0;36.815;0;191.0;2:08:57.926;18:08:29.190;0:35.136;0:37.241;0:36.815;268;Companc;;Silver;;Sainteloc Racing;Audi;GF;35.136;37.241;36.815
25;1;57;1:47.662;0;;34.278;0;36.566;0;36.818;0;193.7;2:10:45.588;18:10:16.852;0:34.278;0:36.566;0:36.818;267;Companc;;Silver;;Sainteloc Racing;Audi;GF;34.278;36.566;36.818
25;1;58;1:48.029;0;;34.465;0;36.763;0;36.801;0;193.0;2:12:33.617;18:12:04.881;0:34.465;0:36.763;0:36.801;268;Companc;;Silver;;Sainteloc Racing;Audi;GF;34.465;36.763;36.801
25;1;59;1:47.511;0;;34.160;1;36.714;0;36.637;0;194.0;2:14:21.128;18:13:52.392;0:34.160;0:36.714;0:36.637;272;Companc;;Silver;;Sainteloc Racing;Audi;GF;34.160;36.714;36.637
25;1;60;1:47.901;0;;34.230;0;36.766;0;36.905;0;193.3;2:16:09.029;18:15:40.293;0:34.230;0:36.766;0:36.905;272;Companc;;Silver;;Sainteloc Racing;Audi;GF;34.230;36.766;36.905
25;1;61;1:48.492;0;;34.483;0;37.120;0;36.889;0;192.2;2:17:57.521;18:17:28.785;0:34.483;0:37.120;0:36.889;270;Companc;;Silver;;Sainteloc Racing;Audi;GF;34.483;37.120;36.889
25;1;62;1:47.590;0;;34.307;0;36.574;0;36.709;0;193.8;2:19:45.111;18:19:16.375;0:34.307;0:36.574;0:36.709;269;Companc;;Silver;;Sainteloc Racing;Audi;GF;34.307;36.574;36.709
25;1;63;1:47.392;0;;34.211;0;36.517;0;36.664;0;194.2;2:21:32.503;18:21:03.767;0:34.211;0:36.517;0:36.664;268;Companc;;Silver;;Sainteloc Racing;Audi;GF;34.211;36.517;36.664
25;1;64;1:47.583;0;;34.175;0;36.628;0;36.780;0;193.8;2:23:20.086;18:22:51.350;0:34.175;0:36.628;0:36.780;270;Companc;;Silver;;Sainteloc Racing;Audi;GF;34.175;36.628;36.780
25;1;65;1:47.251;1;;34.227;0;36.491;0;36.533;1;194.4;2:25:07.337;18:24:38.601;0:34.227;0:36.491;0:36.533;271;Companc;;Silver;;Sainteloc Racing;Audi;GF;34.227;36.491;36.533
25;1;66;1:47.198;1;;34.199;0;36.430;0;36.569;0;194.5;2:26:54.535;18:26:25.799;0:34.199;0:36.430;0:36.569;269;Companc;;Silver;;Sainteloc Racing;Audi;GF;34.199;36.430;36.569
25;1;67;1:47.216;0;;34.114;1;36.389;1;36.713;0;194.5;2:28:41.751;18:28:13.015;0:34.114;0:36.389;0:36.713;270;Companc;;Silver;;Sainteloc Racing;Audi;GF;34.114;36.389;36.713
25;1;68;1:47.491;0;;34.294;0;36.489;0;36.708;0;194.0;2:30:29.242;18:30:00.506;0:34.294;0:36.489;0:36.708;271;Companc;;Silver;;Sainteloc Racing;Audi;GF;34.294;36.489;36.708
25;1;69;1:47.345;0;;34.110;1;36.524;0;36.711;0;194.3;2:32:16.587;18:31:47.851;0:34.110;0:36.524;0:36.711;270;Companc;;Silver;;Sainteloc Racing;Audi;GF;34.110;36.524;36.711
25;1;70;1:48.694;0;;34.545;0;37.482;0;36.667;0;191.9;2:34:05.281;18:33:36.545;0:34.545;0:37.482;0:36.667;270;Companc;;Silver;;Sainteloc Racing;Audi;GF;34.545;37.482;36.667
25;1;71;1:47.966;0;;34.164;0;36.513;0;37.289;0;193.2;2:35:53.247;18:35:24.511;0:34.164;0:36.513;0:37.289;269;Companc;;Silver;;Sainteloc Racing;Audi;GF;34.164;36.513;37.289
25;1;72;1:47.697;0;;34.226;0;36.507;0;36.964;0;193.6;2:37:40.944;18:37:12.208;0:34.226;0:36.507;0:36.964;268;Companc;;Silver;;Sainteloc Racing;Audi;GF;34.226;36.507;36.964
25;1;73;3:39.661;0;;43.135;0;1:21.702;0;1:34.824;0;94.9;2:41:20.605;18:40:51.869;0:43.135;1:21.702;1:34.824;;Companc;;Silver;;Sainteloc Racing;Audi;FCY;43.135;81.702;94.824
25;1;74;5:05.971;0;;2:08.602;0;1:22.046;0;1:35.323;0;68.2;2:46:26.576;18:45:57.840;2:08.602;1:22.046;1:35.323;;Companc;;Silver;;Sainteloc Racing;Audi;FCY;128.602;82.046;95.323
25;1;75;3:49.772;0;;2:06.842;0;39.491;0;1:03.439;0;90.8;2:50:16.348;18:49:47.612;2:06.842;0:39.491;1:03.439;78;Companc;;Silver;;Sainteloc Racing;Audi;SC;126.842;39.491;63.439
25;1;76;2:48.660;0;;1:03.464;0;51.366;0;53.830;0;123.6;2:53:05.008;18:52:36.272;1:03.464;0:51.366;0:53.830;107;Companc;;Silver;;Sainteloc Racing;Audi;GF;63.464;51.366;53.830
25;1;77;1:51.471;0;;35.740;0;37.810;0;37.921;0;187.1;2:54:56.479;18:54:27.743;0:35.740;0:37.810;0:37.921;248;Companc;;Silver;;Sainteloc Racing;Audi;GF;35.740;37.810;37.921
30;2;1;2:56.475;1;;48.705;1;49.072;1;1:18.698;1;118.2;2:56.475;16:02:27.739;0:48.705;0:49.072;1:18.698;;Lismont;;Pro;;Team WRT;BMW;SC;48.705;49.072;78.698
30;2;2;4:51.722;0;;2:11.874;0;1:19.120;0;1:20.728;0;71.5;7:48.197;16:07:19.461;2:11.874;1:19.120;1:20.728;;Lismont;;Pro;;Team WRT;BMW;SC;131.874;79.120;80.728
30;2;3;3:13.012;0;;1:14.152;0;1:06.612;0;52.248;1;108.0;11:01.209;16:10:32.473;1:14.152;1:06.612;0:52.248;131;Lismont;;Pro;;Team WRT;BMW;SC;74.152;66.612;52.248
30;2;4;2:45.268;1;;1:00.148;0;52.952;0;52.168;1;126.2;13:46.477;16:13:17.741;1:00.148;0:52.952;0:52.168;;Lismont;;Pro;;Team WRT;BMW;SC;60.148;52.952;52.168
30;2;5;2:22.544;1;;1:05.446;0;38.700;1;38.398;1;146.3;16:09.021;16:15:40.285;1:05.446;0:38.700;0:38.398;189;Lismont;;Pro;;Team WRT;BMW;SC;65.446;38.700;38.398
30;2;6;2:37.337;0;;53.684;0;55.619;0;48.034;0;132.5;18:46.358;16:18:17.622;0:53.684;0:55.619;0:48.034;90;Lismont;;Pro;;Team WRT;BMW;GF;53.684;55.619;48.034
30;2;7;1:53.789;1;;35.956;1;39.163;0;38.670;0;183.3;20:40.147;16:20:11.411;0:35.956;0:39.163;0:38.670;244;Lismont;;Pro;;Team WRT;BMW;GF;35.956;39.163;38.670
30;2;8;1:49.599;1;;35.355;1;37.372;1;36.872;1;190.3;22:29.746;16:22:01.010;0:35.355;0:37.372;0:36.872;264;Lismont;;Pro;;Team WRT;BMW;GF;35.355;37.372;36.872
30;2;9;1:49.525;1;;34.637;1;37.519;0;37.369;0;190.4;24:19.271;16:23:50.535;0:34.637;0:37.519;0:37.369;267;Lismont;;Pro;;Team WRT;BMW;GF;34.637;37.519;37.369
30;2;10;1:49.824;0;;35.469;0;36.890;1;37.465;0;189.9;26:09.095;16:25:40.359;0:35.469;0:36.890;0:37.465;265;Lismont;;Pro;;Team WRT;BMW;GF;35.469;36.890;37.465
30;2;11;1:49.241;1;;35.257;0;36.867;1;37.117;0;190.9;27:58.336;16:27:29.600;0:35.257;0:36.867;0:37.117;261;Lismont;;Pro;;Team WRT;BMW;GF;35.257;36.867;37.117
30;2;12;1:49.406;0;;34.949;0;36.945;0;37.512;0;190.6;29:47.742;16:29:19.006;0:34.949;0:36.945;0:37.512;268;Lismont;;Pro;;Team WRT;BMW;GF;34.949;36.945;37.512
30;2;13;1:49.949;0;;35.059;0;37.607;0;37.283;0;189.7;31:37.691;16:31:08.955;0:35.059;0:37.607;0:37.283;267;Lismont;;Pro;;Team WRT;BMW;GF;35.059;37.607;37.283
30;2;14;1:48.547;1;;34.543;1;36.873;0;37.131;0;192.1;33:26.238;16:32:57.502;0:34.543;0:36.873;0:37.131;267;Lismont;;Pro;;Team WRT;BMW;GF;34.543;36.873;37.131
30;2;15;1:48.888;0;;35.183;0;36.866;1;36.839;1;191.5;35:15.126;16:34:46.390;0:35.183;0:36.866;0:36.839;267;Lismont;;Pro;;Team WRT;BMW;GF;35.183;36.866;36.839
30;2;16;1:47.965;1;;34.479;1;36.758;1;36.728;1;193.2;37:03.091;16:36:34.355;0:34.479;0:36.758;0:36.728;266;Lismont;;Pro;;Team WRT;BMW;GF;34.479;36.758;36.728
30;2;17;1:48.290;0;;34.515;0;36.924;0;36.851;0;192.6;38:51.381;16:38:22.645;0:34.515;0:36.924;0:36.851;266;Lismont;;Pro;;Team WRT;BMW;GF;34.515;36.924;36.851
30;2;18;1:48.076;0;;34.479;0;36.717;1;36.880;0;193.0;40:39.457;16:40:10.721;0:34.479;0:36.717;0:36.880;265;Lismont;;Pro;;Team WRT;BMW;GF;34.479;36.717;36.880
30;2;19;1:48.125;0;;34.502;0;36.751;0;36.872;0;192.9;42:27.582;16:41:58.846;0:34.502;0:36.751;0:36.872;267;Lismont;;Pro;;Team WRT;BMW;GF;34.502;36.751;36.872
30;2;20;1:48.286;0;;34.574;0;36.630;1;37.082;0;192.6;44:15.868;16:43:47.132;0:34.574;0:36.630;0:37.082;266;Lismont;;Pro;;Team WRT;BMW;GF;34.574;36.630;37.082
30;2;21;1:48.285;0;;34.484;0;36.870;0;36.931;0;192.6;46:04.153;16:45:35.417;0:34.484;0:36.870;0:36.931;267;Lismont;;Pro;;Team WRT;BMW;GF;34.484;36.870;36.931
30;2;22;1:48.117;0;;34.555;0;36.714;0;36.848;0;192.9;47:52.270;16:47:23.534;0:34.555;0:36.714;0:36.848;265;Lismont;;Pro;;Team WRT;BMW;GF;34.555;36.714;36.848
30;2;23;1:48.251;0;;34.510;0;36.720;0;37.021;0;192.7;49:40.521;16:49:11.785;0:34.510;0:36.720;0:37.021;265;Lismont;;Pro;;Team WRT;BMW;GF;34.510;36.720;37.021
30;2;24;3:54.325;0;;59.343;0;1:22.258;0;1:32.724;0;89.0;53:34.846;16:53:06.110;0:59.343;1:22.258;1:32.724;244;Lismont;;Pro;;Team WRT;BMW;FCY;59.343;82.258;92.724
30;2;25;4:24.720;0;;1:27.240;0;1:21.997;0;1:35.483;0;78.8;57:59.566;16:57:30.830;1:27.240;1:21.997;1:35.483;;Lismont;;Pro;;Team WRT;BMW;FCY;87.240;81.997;95.483
30;3;26;5:24.853;0;;2:27.508;0;1:21.854;0;1:35.491;0;64.2;1:03:24.419;17:02:55.683;2:27.508;1:21.854;1:35.491;;Cordeel;;Pro;;Team WRT;BMW;GF;147.508;81.854;95.491
30;3;27;2:54.765;0;B;1:29.729;0;44.368;0;40.668;0;119.3;1:06:19.184;17:05:50.448;1:29.729;0:44.368;0:40.668;78;Cordeel;;Pro;;Team WRT;BMW;SC;89.729;44.368;40.668
30;3;28;2:31.143;0;;59.473;0;52.568;0;39.102;0;138.0;1:08:50.327;17:08:21.591;0:59.473;0:52.568;0:39.102;83;Cordeel;;Pro;;Team WRT;BMW;GF;59.473;52.568;39.102
30;3;29;1:50.195;0;;34.774;0;37.556;0;37.865;0;189.3;1:10:40.522;17:10:11.786;0:34.774;0:37.556;0:37.865;267;Cordeel;;Pro;;Team WRT;BMW;GF;34.774;37.556;37.865
30;3;30;1:50.208;0;;35.203;0;37.643;0;37.362;0;189.2;1:12:30.730;17:12:01.994;0:35.203;0:37.643;0:37.362;262;Cordeel;;Pro;;Team WRT;BMW;GF;35.203;37.643;37.362
30;3;31;1:50.229;0;;35.779;0;37.393;0;37.057;0;189.2;1:14:20.959;17:13:52.223;0:35.779;0:37.393;0:37.057;267;Cordeel;;Pro;;Team WRT;BMW;GF;35.779;37.393;37.057
30;3;32;1:48.918;0;;35.042;0;36.835;0;37.041;0;191.5;1:16:09.877;17:15:41.141;0:35.042;0:36.835;0:37.041;264;Cordeel;;Pro;;Team WRT;BMW;GF;35.042;36.835;37.041
30;3;33;1:49.395;0;;34.561;0;37.521;0;37.313;0;190.6;1:17:59.272;17:17:30.536;0:34.561;0:37.521;0:37.313;269;Cordeel;;Pro;;Team WRT;BMW;GF;34.561;37.521;37.313
30;3;34;2:23.063;0;;35.216;0;36.918;0;1:10.929;0;145.8;1:20:22.335;17:19:53.599;0:35.216;0:36.918;1:10.929;263;Cordeel;;Pro;;Team WRT;BMW;FCY;35.216;36.918;70.929
30;3;35;2:03.224;0;;48.654;0;37.410;0;37.160;0;169.2;1:22:25.559;17:21:56.823;0:48.654;0:37.410;0:37.160;207;Cordeel;;Pro;;Team WRT;BMW;GF;48.654;37.410;37.160
30;3;36;1:48.567;0;;34.563;0;36.981;0;37.023;0;192.1;1:24:14.126;17:23:45.390;0:34.563;0:36.981;0:37.023;269;Cordeel;;Pro;;Team WRT;BMW;GF;34.563;36.981;37.023
30;3;37;1:49.345;0;;34.556;0;37.738;0;37.051;0;190.7;1:26:03.471;17:25:34.735;0:34.556;0:37.738;0:37.051;267;Cordeel;;Pro;;Team WRT;BMW;GF;34.556;37.738;37.051
30;3;38;1:48.445;0;;34.463;1;37.032;0;36.950;0;192.3;1:27:51.916;17:27:23.180;0:34.463;0:37.032;0:36.950;264;Cordeel;;Pro;;Team WRT;BMW;GF;34.463;37.032;36.950
30;3;39;1:47.918;1;;34.451;1;36.636;0;36.831;0;193.2;1:29:39.834;17:29:11.098;0:34.451;0:36.636;0:36.831;268;Cordeel;;Pro;;Team WRT;BMW;GF;34.451;36.636;36.831
30;3;40;1:48.099;0;;34.502;0;36.769;0;36.828;0;192.9;1:31:27.933;17:30:59.197;0:34.502;0:36.769;0:36.828;268;Cordeel;;Pro;;Team WRT;BMW;GF;34.502;36.769;36.828
30;3;41;1:48.429;0;;34.502;0;36.804;0;37.123;0;192.3;1:33:16.362;17:32:47.626;0:34.502;0:36.804;0:37.123;263;Cordeel;;Pro;;Team WRT;BMW;GF;34.502;36.804;37.123
30;3;42;1:48.302;0;;34.458;0;36.880;0;36.964;0;192.6;1:35:04.664;17:34:35.928;0:34.458;0:36.880;0:36.964;269;Cordeel;;Pro;;Team WRT;BMW;GF;34.458;36.880;36.964
30;3;43;3:51.624;0;;54.569;0;1:21.681;0;1:35.374;0;90.0;1:38:56.288;17:38:27.552;0:54.569;1:21.681;1:35.374;;Cordeel;;Pro;;Team WRT;BMW;FCY;54.569;81.681;95.374
30;3;44;4:34.999;0;;1:40.531;0;1:21.811;0;1:32.657;0;75.8;1:43:31.287;17:43:02.551;1:40.531;1:21.811;1:32.657;79;Cordeel;;Pro;;Team WRT;BMW;FCY;100.531;81.811;92.657
30;3;45;3:29.695;0;;1:27.313;0;1:16.447;0;45.935;0;99.5;1:47:00.982;17:46:32.246;1:27.313;1:16.447;0:45.935;78;Cordeel;;Pro;;Team WRT;BMW;SC;87.313;76.447;45.935
30;3;46;2:45.298;0;;36.671;0;1:00.129;0;1:08.498;0;126.2;1:49:46.280;17:49:17.544;0:36.671;1:00.129;1:08.498;216;Cordeel;;Pro;;Team WRT;BMW;SC;36.671;60.129;68.498
30;3;47;2:54.661;0;;1:06.296;0;55.410;0;52.955;0;119.4;1:52:40.941;17:52:12.205;1:06.296;0:55.410;0:52.955;87;Cordeel;;Pro;;Team WRT;BMW;GF;66.296;55.410;52.955
30;3;48;1:50.781;0;;35.455;0;37.589;0;37.737;0;188.3;1:54:31.722;17:54:02.986;0:35.455;0:37.589;0:37.737;257;Cordeel;;Pro;;Team WRT;BMW;GF;35.455;37.589;37.737
30;3;49;1:51.233;0;;35.802;0;37.661;0;37.770;0;187.5;1:56:22.955;17:55:54.219;0:35.802;0:37.661;0:37.770;257;Cordeel;;Pro;;Team WRT;BMW;GF;35.802;37.661;37.770
30;3;50;1:49.088;0;;34.552;0;37.307;0;37.229;0;191.2;1:58:12.043;17:57:43.307;0:34.552;0:37.307;0:37.229;267;Cordeel;;Pro;;Team WRT;BMW;GF;34.552;37.307;37.229
30;3;51;1:49.072;0;;34.548;0;37.349;0;37.175;0;191.2;2:00:01.115;17:59:32.379;0:34.548;0:37.349;0:37.175;266;Cordeel;;Pro;;Team WRT;BMW;GF;34.548;37.349;37.175
30;3;52;1:48.893;0;;34.561;0;37.070;0;37.262;0;191.5;2:01:50.008;18:01:21.272;0:34.561;0:37.070;0:37.262;270;Cordeel;;Pro;;Team WRT;BMW;GF;34.561;37.070;37.262
30;3;53;1:48.275;0;;34.412;1;37.008;0;36.855;0;192.6;2:03:38.283;18:03:09.547;0:34.412;0:37.008;0:36.855;265;Cordeel;;Pro;;Team WRT;BMW;GF;34.412;37.008;36.855
30;3;54;1:48.801;0;;34.512;0;37.212;0;37.077;0;191.7;2:05:27.084;18:04:58.348;0:34.512;0:37.212;0:37.077;268;Cordeel;;Pro;;Team WRT;BMW;GF;34.512;37.212;37.077
30;3;55;1:48.181;0;B;34.439;0;36.850;0;36.892;0;192.8;2:07:15.265;18:06:46.529;0:34.439;0:36.850;0:36.892;267;Cordeel;;Pro;;Team WRT;BMW;GF;34.439;36.850;36.892
30;3;56;1:47.876;1;;34.523;0;36.753;0;36.600;1;193.3;2:09:03.141;18:08:34.405;0:34.523;0:36.753;0:36.600;267;Cordeel;;Pro;;Team WRT;BMW;GF;34.523;36.753;36.600
30;3;57;1:55.104;0;;34.369;1;36.573;1;44.162;0;181.2;2:10:58.245;18:10:29.509;0:34.369;0:36.573;0:44.162;;Cordeel;;Pro;;Team WRT;BMW;GF;34.369;36.573;44.162
30;1;58;3:06.663;0;;1:51.594;0;37.785;0;37.284;0;111.7;2:14:04.908;18:13:36.172;1:51.594;0:37.785;0:37.284;200;Montenegro;;Pro;;Team WRT;BMW;GF;111.594;37.785;37.284
30;1;59;1:48.313;0;;34.609;0;36.837;0;36.867;0;192.5;2:15:53.221;18:15:24.485;0:34.609;0:36.837;0:36.867;266;Montenegro;;Pro;;Team WRT;BMW;GF;34.609;36.837;36.867
30;1;60;1:48.068;0;;34.667;0;36.606;0;36.795;0;193.0;2:17:41.289;18:17:12.553;0:34.667;0:36.606;0:36.795;267;Montenegro;;Pro;;Team WRT;BMW;GF;34.667;36.606;36.795
30;1;61;1:47.643;1;;34.527;0;36.499;1;36.617;0;193.7;2:19:28.932;18:19:00.196;0:34.527;0:36.499;0:36.617;265;Montenegro;;Pro;;Team WRT;BMW;GF;34.527;36.499;36.617
30;1;62;1:48.105;0;;34.491;0;36.643;0;36.971;0;192.9;2:21:17.037;18:20:48.301;0:34.491;0:36.643;0:36.971;267;Montenegro;;Pro;;Team WRT;BMW;GF;34.491;36.643;36.971
30;1;63;1:49.034;0;;35.026;0;36.934;0;37.074;0;191.3;2:23:06.071;18:22:37.335;0:35.026;0:36.934;0:37.074;253;Montenegro;;Pro;;Team WRT;BMW;GF;35.026;36.934;37.074
30;1;64;1:48.061;0;;34.631;0;36.650;0;36.780;0;193.0;2:24:54.132;18:24:25.396;0:34.631;0:36.650;0:36.780;266;Montenegro;;Pro;;Team WRT;BMW;GF;34.631;36.650;36.780
30;1;65;1:48.826;0;;34.548;0;36.910;0;37.368;0;191.6;2:26:42.958;18:26:14.222;0:34.548;0:36.910;0:37.368;267;Montenegro;;Pro;;Team WRT;BMW;GF;34.548;36.910;37.368
30;1;66;1:47.913;0;;34.604;0;36.646;0;36.663;0;193.3;2:28:30.871;18:28:02.135;0:34.604;0:36.646;0:36.663;267;Montenegro;;Pro;;Team WRT;BMW;GF;34.604;36.646;36.663
30;1;67;1:47.536;1;;34.430;0;36.422;1;36.684;0;193.9;2:30:18.407;18:29:49.671;0:34.430;0:36.422;0:36.684;268;Montenegro;;Pro;;Team WRT;BMW;GF;34.430;36.422;36.684
30;1;68;1:48.137;0;;34.481;0;36.933;0;36.723;0;192.9;2:32:06.544;18:31:37.808;0:34.481;0:36.933;0:36.723;267;Montenegro;;Pro;;Team WRT;BMW;GF;34.481;36.933;36.723
30;1;69;1:47.902;0;;34.591;0;36.666;0;36.645;0;193.3;2:33:54.446;18:33:25.710;0:34.591;0:36.666;0:36.645;267;Montenegro;;Pro;;Team WRT;BMW;GF;34.591;36.666;36.645
30;1;70;1:47.695;0;;34.530;0;36.536;0;36.629;0;193.6;2:35:42.141;18:35:13.405;0:34.530;0:36.536;0:36.629;267;Montenegro;;Pro;;Team WRT;BMW;GF;34.530;36.536;36.629
30;1;71;1:48.148;0;;34.451;0;36.871;0;36.826;0;192.8;2:37:30.289;18:37:01.553;0:34.451;0:36.871;0:36.826;266;Montenegro;;Pro;;Team WRT;BMW;GF;34.451;36.871;36.826
30;1;72;3:22.447;0;;34.690;0;1:15.439;0;1:32.318;0;103.0;2:40:52.736;18:40:24.000;0:34.690;1:15.439;1:32.318;267;Montenegro;;Pro;;Team WRT;BMW;FCY;34.690;75.439;92.318
30;1;73;4:21.503;0;;1:27.064;0;1:22.029;0;1:32.410;0;79.7;2:45:14.239;18:44:45.503;1:27.064;1:22.029;1:32.410;79;Montenegro;;Pro;;Team WRT;BMW;FCY;87.064;82.029;92.410
30;1;74;3:41.280;0;;1:27.436;0;1:22.122;0;51.722;0;94.2;2:48:55.519;18:48:26.783;1:27.436;1:22.122;0:51.722;79;Montenegro;;Pro;;Team WRT;BMW;SC;87.436;82.122;51.722
30;1;75;1:56.093;0;;37.712;0;39.832;0;38.549;0;179.6;2:50:51.612;18:50:22.876;0:37.712;0:39.832;0:38.549;221;Montenegro;;Pro;;Team WRT;BMW;SC;37.712;39.832;38.549
30;1;76;2:19.775;0;;43.138;0;50.236;0;46.401;0;149.2;2:53:11.387;18:52:42.651;0:43.138;0:50.236;0:46.401;242;Montenegro;;Pro;;Team WRT;BMW;GF;43.138;50.236;46.401
30;1;77;1:53.721;0;;37.447;0;38.575;0;37.699;0;183.4;2:55:05.108;18:54:36.372;0:37.447;0:38.575;0:37.699;227;Montenegro;;Pro;;Team WRT;BMW;GF;37.447;38.575;37.699
30;1;78;2:05.437;0;;37.079;0;44.826;0;43.532;0;166.3;2:57:10.545;18:56:41.809;0:37.079;0:44.826;0:43.532;244;Montenegro;;Pro;;Team WRT;BMW;GF;37.079;44.826;43.532
30;1;79;4:09.320;0;;1:30.802;0;1:26.776;0;1:11.742;0;83.6;3:01:19.865;19:00:51.129;1:30.802;1:26.776;1:11.742;30;Montenegro;;Pro;;Team WRT;BMW;GF;90.802;86.776;71.742
32;3;1;2:34.713;1;;43.110;1;39.927;1;1:11.676;1;134.8;2:34.713;16:02:05.977;0:43.110;0:39.927;1:11.676;189;Weerts;;Pro;;Team WRT;BMW;SC;43.110;39.927;71.676
32;3;2;4:26.753;0;;1:47.292;0;1:21.246;0;1:18.215;0;78.2;7:01.466;16:06:32.730;1:47.292;1:21.246;1:18.215;;Weerts;;Pro;;Team WRT;BMW;SC;107.292;81.246;78.215
32;3;3;4:05.405;0;;1:59.544;0;1:07.030;0;58.831;1;85.0;11:06.871;16:10:38.135;1:59.544;1:07.030;0:58.831;;Weerts;;Pro;;Team WRT;BMW;SC;119.544;67.030;58.831
32;3;4;2:35.716;0;;1:04.135;0;45.675;0;45.906;1;133.9;13:42.587;16:13:13.851;1:04.135;0:45.675;0:45.906;197;Weerts;;Pro;;Team WRT;BMW;SC;64.135;45.675;45.906
32;3;5;2:18.739;1;;38.544;1;55.148;0;45.047;1;150.3;16:01.326;16:15:32.590;0:38.544;0:55.148;0:45.047;185;Weerts;;Pro;;Team WRT;BMW;SC;38.544;55.148;45.047
32;3;6;2:43.139;0;;55.210;0;56.059;0;51.870;0;127.8;18:44.465;16:18:15.729;0:55.210;0:56.059;0:51.870;100;Weerts;;Pro;;Team WRT;BMW;GF;55.210;56.059;51.870
32;3;7;1:51.172;1;;36.015;1;37.794;1;37.363;1;187.6;20:35.637;16:20:06.901;0:36.015;0:37.794;0:37.363;263;Weerts;;Pro;;Team WRT;BMW;GF;36.015;37.794;37.363
32;3;8;1:49.537;1;;34.797;1;37.684;1;37.056;1;190.4;22:25.174;16:21:56.438;0:34.797;0:37.684;0:37.056;265;Weerts;;Pro;;Team WRT;BMW;GF;34.797;37.684;37.056
32;3;9;1:47.963;1;;34.673;1;36.621;1;36.669;1;193.2;24:13.137;16:23:44.401;0:34.673;0:36.621;0:36.669;265;Weerts;;Pro;;Team WRT;BMW;GF;34.673;36.621;36.669
32;3;10;1:47.815;1;;34.594;1;36.602;1;36.619;1;193.4;26:00.952;16:25:32.216;0:34.594;0:36.602;0:36.619;265;Weerts;;Pro;;Team WRT;BMW;GF;34.594;36.602;36.619
32;3;11;1:47.804;1;;34.415;1;36.586;1;36.803;0;193.5;27:48.756;16:27:20.020;0:34.415;0:36.586;0:36.803;267;Weerts;;Pro;;Team WRT;BMW;GF;34.415;36.586;36.803
32;3;12;1:47.465;1;;34.556;0;36.342;1;36.567;1;194.1;29:36.221;16:29:07.485;0:34.556;0:36.342;0:36.567;267;Weerts;;Pro;;Team WRT;BMW;GF;34.556;36.342;36.567
32;3;13;1:47.597;0;;34.356;1;36.448;0;36.793;0;193.8;31:23.818;16:30:55.082;0:34.356;0:36.448;0:36.793;267;Weerts;;Pro;;Team WRT;BMW;GF;34.356;36.448;36.793
32;3;14;1:47.528;0;;34.331;1;36.559;0;36.638;0;193.9;33:11.346;16:32:42.610;0:34.331;0:36.559;0:36.638;268;Weerts;;Pro;;Team WRT;BMW;GF;34.331;36.559;36.638
32;3;15;1:47.594;0;;34.429;0;36.494;0;36.671;0;193.8;34:58.940;16:34:30.204;0:34.429;0:36.494;0:36.671;267;Weerts;;Pro;;Team WRT;BMW;GF;34.429;36.494;36.671
32;3;16;1:47.235;1;;34.233;1;36.531;0;36.471;1;194.5;36:46.175;16:36:17.439;0:34.233;0:36.531;0:36.471;269;Weerts;;Pro;;Team WRT;BMW;GF;34.233;36.531;36.471
32;3;17;1:48.125;0;;34.390;0;36.623;0;37.112;0;192.9;38:34.300;16:38:05.564;0:34.390;0:36.623;0:37.112;269;Weerts;;Pro;;Team WRT;BMW;GF;34.390;36.623;37.112
32;3;18;1:48.172;0;;34.597;0;36.576;0;36.999;0;192.8;40:22.472;16:39:53.736;0:34.597;0:36.576;0:36.999;269;Weerts;;Pro;;Team WRT;BMW;GF;34.597;36.576;36.999
32;3;19;1:47.932;0;;34.537;0;36.560;0;36.835;0;193.2;42:10.404;16:41:41.668;0:34.537;0:36.560;0:36.835;267;Weerts;;Pro;;Team WRT;BMW;GF;34.537;36.560;36.835
32;3;20;1:48.195;0;;34.329;0;36.836;0;37.030;0;192.8;43:58.599;16:43:29.863;0:34.329;0:36.836;0:37.030;269;Weerts;;Pro;;Team WRT;BMW;GF;34.329;36.836;37.030
32;3;21;1:48.277;0;;34.640;0;36.781;0;36.856;0;192.6;45:46.876;16:45:18.140;0:34.640;0:36.781;0:36.856;267;Weerts;;Pro;;Team WRT;BMW;GF;34.640;36.781;36.856
32;3;22;1:48.275;0;;34.522;0;36.767;0;36.986;0;192.6;47:35.151;16:47:06.415;0:34.522;0:36.767;0:36.986;267;Weerts;;Pro;;Team WRT;BMW;GF;34.522;36.767;36.986
32;3;23;1:47.918;0;;34.582;0;36.500;0;36.836;0;193.2;49:23.069;16:48:54.333;0:34.582;0:36.500;0:36.836;267;Weerts;;Pro;;Team WRT;BMW;GF;34.582;36.500;36.836
32;3;24;3:37.231;0;;43.247;0;1:21.676;0;1:32.308;0;96.0;53:00.300;16:52:31.564;0:43.247;1:21.676;1:32.308;268;Weerts;;Pro;;Team WRT;BMW;FCY;43.247;81.676;92.308
32;3;25;4:22.805;0;;1:25.845;0;1:21.731;0;1:35.229;0;79.4;57:23.105;16:56:54.369;1:25.845;1:21.731;1:35.229;;Weerts;;Pro;;Team WRT;BMW;FCY;85.845;81.731;95.229
32;2;26;5:22.909;0;;2:25.820;0;1:21.776;0;1:35.313;0;64.6;1:02:46.014;17:02:17.278;2:25.820;1:21.776;1:35.313;;Pepper;;Pro;;Team WRT;BMW;GF;145.820;81.776;95.313
32;2;27;3:18.685;0;B;1:40.876;0;50.558;0;47.251;0;105.0;1:06:04.699;17:05:35.963;1:40.876;0:50.558;0:47.251;78;Pepper;;Pro;;Team WRT;BMW;SC;100.876;50.558;47.251
32;2;28;2:40.978;0;;1:05.262;0;52.809;0;42.907;0;129.6;1:08:45.677;17:08:16.941;1:05.262;0:52.809;0:42.907;111;Pepper;;Pro;;Team WRT;BMW;GF;65.262;52.809;42.907
32;2;29;1:51.095;0;B;35.760;0;38.283;0;37.052;0;187.7;1:10:36.772;17:10:08.036;0:35.760;0:38.283;0:37.052;265;Pepper;;Pro;;Team WRT;BMW;GF;35.760;38.283;37.052
32;2;30;1:48.988;0;;35.213;0;36.798;0;36.977;0;191.3;1:12:25.760;17:11:57.024;0:35.213;0:36.798;0:36.977;256;Pepper;;Pro;;Team WRT;BMW;GF;35.213;36.798;36.977
32;2;31;1:49.351;0;;35.218;0;37.357;0;36.776;0;190.7;1:14:15.111;17:13:46.375;0:35.218;0:37.357;0:36.776;268;Pepper;;Pro;;Team WRT;BMW;GF;35.218;37.357;36.776
32;2;32;1:48.193;0;;34.469;0;36.990;0;36.734;0;192.8;1:16:03.304;17:15:34.568;0:34.469;0:36.990;0:36.734;267;Pepper;;Pro;;Team WRT;BMW;GF;34.469;36.990;36.734
32;2;33;1:48.783;0;;34.893;0;37.078;0;36.812;0;191.7;1:17:52.087;17:17:23.351;0:34.893;0:37.078;0:36.812;267;Pepper;;Pro;;Team WRT;BMW;GF;34.893;37.078;36.812
32;2;34;2:03.354;0;;34.523;0;36.667;0;52.164;0;169.1;1:19:55.441;17:19:26.705;0:34.523;0:36.667;0:52.164;265;Pepper;;Pro;;Team WRT;BMW;FCY;34.523;36.667;52.164
32;2;35;2:15.323;0;;1:01.693;0;36.795;0;36.835;0;154.1;1:22:10.764;17:21:42.028;1:01.693;0:36.795;0:36.835;79;Pepper;;Pro;;Team WRT;BMW;GF;61.693;36.795;36.835
32;2;36;1:48.078;0;;34.484;0;36.790;0;36.804;0;193.0;1:23:58.842;17:23:30.106;0:34.484;0:36.790;0:36.804;267;Pepper;;Pro;;Team WRT;BMW;GF;34.484;36.790;36.804
32;2;37;1:48.021;0;;34.601;0;36.490;0;36.930;0;193.1;1:25:46.863;17:25:18.127;0:34.601;0:36.490;0:36.930;267;Pepper;;Pro;;Team WRT;BMW;GF;34.601;36.490;36.930
32;2;38;1:48.276;0;;34.520;0;36.771;0;36.985;0;192.6;1:27:35.139;17:27:06.403;0:34.520;0:36.771;0:36.985;266;Pepper;;Pro;;Team WRT;BMW;GF;34.520;36.771;36.985
32;2;39;1:48.696;0;;35.174;0;36.687;0;36.835;0;191.9;1:29:23.835;17:28:55.099;0:35.174;0:36.687;0:36.835;266;Pepper;;Pro;;Team WRT;BMW;GF;35.174;36.687;36.835
32;2;40;1:48.100;0;;34.623;0;36.660;0;36.817;0;192.9;1:31:11.935;17:30:43.199;0:34.623;0:36.660;0:36.817;268;Pepper;;Pro;;Team WRT;BMW;GF;34.623;36.660;36.817
32;2;41;1:48.231;0;;34.703;0;36.806;0;36.722;0;192.7;1:33:00.166;17:32:31.430;0:34.703;0:36.806;0:36.722;267;Pepper;;Pro;;Team WRT;BMW;GF;34.703;36.806;36.722
32;2;42;1:47.841;0;;34.416;0;36.685;0;36.740;0;193.4;1:34:48.007;17:34:19.271;0:34.416;0:36.685;0:36.740;267;Pepper;;Pro;;Team WRT;BMW;GF;34.416;36.685;36.740
32;2;43;3:23.731;0;;34.393;0;1:14.220;0;1:35.118;0;102.4;1:38:11.738;17:37:43.002;0:34.393;1:14.220;1:35.118;;Pepper;;Pro;;Team WRT;BMW;FCY;34.393;74.220;95.118
32;2;44;4:34.766;0;;1:40.684;0;1:21.766;0;1:32.316;0;75.9;1:42:46.504;17:42:17.768;1:40.684;1:21.766;1:32.316;78;Pepper;;Pro;;Team WRT;BMW;FCY;100.684;81.766;92.316
32;2;45;3:46.013;0;;1:26.266;0;1:21.754;0;57.993;0;92.3;1:46:32.517;17:46:03.781;1:26.266;1:21.754;0:57.993;78;Pepper;;Pro;;Team WRT;BMW;SC;86.266;81.754;57.993
32;2;46;3:01.394;0;;45.098;0;1:07.897;0;1:08.399;0;115.0;1:49:33.911;17:49:05.175;0:45.098;1:07.897;1:08.399;162;Pepper;;Pro;;Team WRT;BMW;SC;45.098;67.897;68.399
32;2;47;3:00.699;0;;1:07.384;0;55.644;0;57.671;0;115.4;1:52:34.610;17:52:05.874;1:07.384;0:55.644;0:57.671;105;Pepper;;Pro;;Team WRT;BMW;GF;67.384;55.644;57.671
32;2;48;1:48.981;0;;34.880;0;37.171;0;36.930;0;191.4;1:54:23.591;17:53:54.855;0:34.880;0:37.171;0:36.930;260;Pepper;;Pro;;Team WRT;BMW;GF;34.880;37.171;36.930
32;2;49;1:48.407;0;;34.597;0;36.822;0;36.988;0;192.4;1:56:11.998;17:55:43.262;0:34.597;0:36.822;0:36.988;265;Pepper;;Pro;;Team WRT;BMW;GF;34.597;36.822;36.988
32;2;50;1:48.392;0;;34.904;0;36.699;0;36.789;0;192.4;1:58:00.390;17:57:31.654;0:34.904;0:36.699;0:36.789;266;Pepper;;Pro;;Team WRT;BMW;GF;34.904;36.699;36.789
32;2;51;1:47.830;0;;34.360;0;36.676;0;36.794;0;193.4;1:59:48.220;17:59:19.484;0:34.360;0:36.676;0:36.794;265;Pepper;;Pro;;Team WRT;BMW;GF;34.360;36.676;36.794
32;2;52;1:47.869;0;;34.347;0;36.588;0;36.934;0;193.3;2:01:36.089;18:01:07.353;0:34.347;0:36.588;0:36.934;265;Pepper;;Pro;;Team WRT;BMW;GF;34.347;36.588;36.934
32;2;53;1:47.708;0;;34.388;0;36.684;0;36.636;0;193.6;2:03:23.797;18:02:55.061;0:34.388;0:36.684;0:36.636;265;Pepper;;Pro;;Team WRT;BMW;GF;34.388;36.684;36.636
32;2;54;1:47.579;0;;34.511;0;36.555;0;36.513;0;193.9;2:05:11.376;18:04:42.640;0:34.511;0:36.555;0:36.513;264;Pepper;;Pro;;Team WRT;BMW;GF;34.511;36.555;36.513
32;2;55;1:47.655;0;B;34.312;0;36.602;0;36.741;0;193.7;2:06:59.031;18:06:30.295;0:34.312;0:36.602;0:36.741;265;Pepper;;Pro;;Team WRT;BMW;GF;34.312;36.602;36.741
32;2;56;1:47.619;0;;34.386;0;36.650;0;36.583;0;193.8;2:08:46.650;18:08:17.914;0:34.386;0:36.650;0:36.583;265;Pepper;;Pro;;Team WRT;BMW;GF;34.386;36.650;36.583
32;2;57;1:54.452;0;;34.542;0;36.633;0;43.277;0;182.2;2:10:41.102;18:10:12.366;0:34.542;0:36.633;0:43.277;;Pepper;;Pro;;Team WRT;BMW;GF;34.542;36.633;43.277
32;1;58;3:03.495;0;;1:50.107;0;36.716;0;36.672;0;113.7;2:13:44.597;18:13:15.861;1:50.107;0:36.716;0:36.672;201;Linde;;Pro;;Team WRT;BMW;GF;110.107;36.716;36.672
32;1;59;1:47.696;0;;34.625;0;36.481;0;36.590;0;193.6;2:15:32.293;18:15:03.557;0:34.625;0:36.481;0:36.590;263;Linde;;Pro;;Team WRT;BMW;GF;34.625;36.481;36.590
32;1;60;1:47.930;0;;34.839;0;36.618;0;36.473;0;193.2;2:17:20.223;18:16:51.487;0:34.839;0:36.618;0:36.473;265;Linde;;Pro;;Team WRT;BMW;GF;34.839;36.618;36.473
32;1;61;1:47.269;0;;34.422;0;36.404;0;36.443;1;194.4;2:19:07.492;18:18:38.756;0:34.422;0:36.404;0:36.443;263;Linde;;Pro;;Team WRT;BMW;GF;34.422;36.404;36.443
32;1;62;1:47.264;0;;34.435;0;36.383;0;36.446;0;194.4;2:20:54.756;18:20:26.020;0:34.435;0:36.383;0:36.446;264;Linde;;Pro;;Team WRT;BMW;GF;34.435;36.383;36.446
32;1;63;1:47.578;0;;34.566;0;36.513;0;36.499;0;193.9;2:22:42.334;18:22:13.598;0:34.566;0:36.513;0:36.499;265;Linde;;Pro;;Team WRT;BMW;GF;34.566;36.513;36.499
32;1;64;1:47.297;0;;34.432;0;36.462;0;36.403;1;194.4;2:24:29.631;18:24:00.895;0:34.432;0:36.462;0:36.403;265;Linde;;Pro;;Team WRT;BMW;GF;34.432;36.462;36.403
32;1;65;1:47.192;1;;34.374;0;36.249;1;36.569;0;194.6;2:26:16.823;18:25:48.087;0:34.374;0:36.249;0:36.569;265;Linde;;Pro;;Team WRT;BMW;GF;34.374;36.249;36.569
32;1;66;1:47.231;0;;34.405;0;36.416;0;36.410;0;194.5;2:28:04.054;18:27:35.318;0:34.405;0:36.416;0:36.410;265;Linde;;Pro;;Team WRT;BMW;GF;34.405;36.416;36.410
32;1;67;1:46.938;1;;34.291;0;36.254;0;36.393;1;195.0;2:29:50.992;18:29:22.256;0:34.291;0:36.254;0:36.393;265;Linde;;Pro;;Team WRT;BMW;GF;34.291;36.254;36.393
32;1;68;1:47.520;0;;34.558;0;36.632;0;36.330;1;194.0;2:31:38.512;18:31:09.776;0:34.558;0:36.632;0:36.330;265;Linde;;Pro;;Team WRT;BMW;GF;34.558;36.632;36.330
32;1;69;1:47.020;0;;34.371;0;36.355;0;36.294;1;194.9;2:33:25.532;18:32:56.796;0:34.371;0:36.355;0:36.294;265;Linde;;Pro;;Team WRT;BMW;GF;34.371;36.355;36.294
32;1;70;1:47.662;0;;34.435;0;36.974;0;36.253;1;193.7;2:35:13.194;18:34:44.458;0:34.435;0:36.974;0:36.253;265;Linde;;Pro;;Team WRT;BMW;GF;34.435;36.974;36.253
32;1;71;1:47.245;0;;34.297;0;36.373;0;36.575;0;194.5;2:37:00.439;18:36:31.703;0:34.297;0:36.373;0:36.575;266;Linde;;Pro;;Team WRT;BMW;GF;34.297;36.373;36.575
32;1;72;2:41.769;0;;34.295;0;37.162;0;1:30.312;0;128.9;2:39:42.208;18:39:13.472;0:34.295;0:37.162;1:30.312;267;Linde;;Pro;;Team WRT;BMW;FCY;34.295;37.162;90.312
32;1;73;4:20.152;0;;1:25.981;0;1:21.715;0;1:32.456;0;80.2;2:44:02.360;18:43:33.624;1:25.981;1:21.715;1:32.456;79;Linde;;Pro;;Team WRT;BMW;FCY;85.981;81.715;92.456
32;1;74;4:14.670;0;;1:26.238;0;1:21.739;0;1:26.693;0;81.9;2:48:17.030;18:47:48.294;1:26.238;1:21.739;1:26.693;79;Linde;;Pro;;Team WRT;BMW;SC;86.238;81.739;86.693
32;1;75;2:02.242;0;;37.543;0;39.922;0;44.777;0;170.6;2:50:19.272;18:49:50.536;0:37.543;0:39.922;0:44.777;245;Linde;;Pro;;Team WRT;BMW;SC;37.543;39.922;44.777
32;1;76;2:47.518;0;;1:03.805;0;51.706;0;52.007;0;124.5;2:53:06.790;18:52:38.054;1:03.805;0:51.706;0:52.007;95;Linde;;Pro;;Team WRT;BMW;GF;63.805;51.706;52.007
32;1;77;1:51.132;0;;34.972;0;38.712;0;37.448;0;187.7;2:54:57.922;18:54:29.186;0:34.972;0:38.712;0:37.448;265;Linde;;Pro;;Team WRT;BMW;GF;34.972;38.712;37.448
32;1;78;1:59.453;0;;37.675;0;41.444;0;40.334;0;174.6;2:56:57.375;18:56:28.639;0:37.675;0:41.444;0:40.334;272;Linde;;Pro;;Team WRT;BMW;GF;37.675;41.444;40.334
32;1;79;4:11.513;0;;1:28.691;0;1:28.140;0;1:14.682;0;82.9;3:01:08.888;19:00:40.152;1:28.691;1:28.140;1:14.682;49;Linde;;Pro;;Team WRT;BMW;GF;88.691;88.140;74.682
34;1;1;2:30.417;1;;42.247;1;38.849;1;1:09.321;1;138.6;2:30.417;16:02:01.681;0:42.247;0:38.849;1:09.321;190;Day;;Silver;;natural elements by Walkenhorst Motorsport;Aston Martin;SC;42.247;38.849;69.321
34;1;2;4:24.526;0;;1:47.634;0;1:19.815;0;1:17.077;0;78.8;6:54.943;16:06:26.207;1:47.634;1:19.815;1:17.077;37;Day;;Silver;;natural elements by Walkenhorst Motorsport;Aston Martin;SC;107.634;79.815;77.077
34;1;3;3:24.188;0;B;1:23.404;0;1:02.276;0;58.508;1;102.1;10:19.131;16:09:50.395;1:23.404;1:02.276;0:58.508;72;Day;;Silver;;natural elements by Walkenhorst Motorsport;Aston Martin;SC;83.404;62.276;58.508
34;1;4;2:56.920;0;B;1:07.109;0;53.856;0;55.955;1;117.9;13:16.051;16:12:47.315;1:07.109;0:53.856;0:55.955;;Day;;Silver;;natural elements by Walkenhorst Motorsport;Aston Martin;SC;67.109;53.856;55.955
34;1;5;3:09.169;0;;1:52.612;0;38.689;1;37.868;1;110.2;16:25.220;16:15:56.484;1:52.612;0:38.689;0:37.868;195;Day;;Silver;;natural elements by Walkenhorst Motorsport;Aston Martin;SC;112.612;38.689;37.868
34;1;6;2:22.925;1;B;41.208;1;54.343;0;47.374;0;145.9;18:48.145;16:18:19.409;0:41.208;0:54.343;0:47.374;160;Day;;Silver;;natural elements by Walkenhorst Motorsport;Aston Martin;GF;41.208;54.343;47.374
34;1;7;1:52.814;1;B;35.575;1;38.042;1;39.197;0;184.9;20:40.959;16:20:12.223;0:35.575;0:38.042;0:39.197;264;Day;;Silver;;natural elements by Walkenhorst Motorsport;Aston Martin;GF;35.575;38.042;39.197
34;1;8;1:49.913;1;;35.233;1;37.642;1;37.038;1;189.7;22:30.872;16:22:02.136;0:35.233;0:37.642;0:37.038;267;Day;;Silver;;natural elements by Walkenhorst Motorsport;Aston Martin;GF;35.233;37.642;37.038
34;1;9;1:48.891;1;;34.553;1;36.752;1;37.586;0;191.5;24:19.763;16:23:51.027;0:34.553;0:36.752;0:37.586;267;Day;;Silver;;natural elements by Walkenhorst Motorsport;Aston Martin;GF;34.553;36.752;37.586
34;1;10;1:49.583;0;;35.206;0;37.060;0;37.317;0;190.3;26:09.346;16:25:40.610;0:35.206;0:37.060;0:37.317;268;Day;;Silver;;natural elements by Walkenhorst Motorsport;Aston Martin;GF;35.206;37.060;37.317
34;1;11;1:49.321;0;;35.150;0;37.195;0;36.976;1;190.8;27:58.667;16:27:29.931;0:35.150;0:37.195;0:36.976;260;Day;;Silver;;natural elements by Walkenhorst Motorsport;Aston Martin;GF;35.150;37.195;36.976
34;1;12;1:49.377;0;;34.980;0;37.012;0;37.385;0;190.7;29:48.044;16:29:19.308;0:34.980;0:37.012;0:37.385;267;Day;;Silver;;natural elements by Walkenhorst Motorsport;Aston Martin;GF;34.980;37.012;37.385
34;1;13;1:50.246;0;;34.968;0;38.092;0;37.186;0;189.2;31:38.290;16:31:09.554;0:34.968;0:38.092;0:37.186;271;Day;;Silver;;natural elements by Walkenhorst Motorsport;Aston Martin;GF;34.968;38.092;37.186
34;1;14;1:48.612;1;;34.691;0;36.761;0;37.160;0;192.0;33:26.902;16:32:58.166;0:34.691;0:36.761;0:37.160;258;Day;;Silver;;natural elements by Walkenhorst Motorsport;Aston Martin;GF;34.691;36.761;37.160
34;1;15;1:50.096;0;;35.359;0;37.654;0;37.083;0;189.4;35:16.998;16:34:48.262;0:35.359;0:37.654;0:37.083;273;Day;;Silver;;natural elements by Walkenhorst Motorsport;Aston Martin;GF;35.359;37.654;37.083
34;1;16;1:48.219;1;;34.414;1;36.900;0;36.905;1;192.7;37:05.217;16:36:36.481;0:34.414;0:36.900;0:36.905;268;Day;;Silver;;natural elements by Walkenhorst Motorsport;Aston Martin;GF;34.414;36.900;36.905
34;1;17;1:48.582;0;;34.600;0;37.025;0;36.957;0;192.1;38:53.799;16:38:25.063;0:34.600;0:37.025;0:36.957;267;Day;;Silver;;natural elements by Walkenhorst Motorsport;Aston Martin;GF;34.600;37.025;36.957
34;1;18;1:48.369;0;;34.694;0;36.720;1;36.955;0;192.4;40:42.168;16:40:13.432;0:34.694;0:36.720;0:36.955;268;Day;;Silver;;natural elements by Walkenhorst Motorsport;Aston Martin;GF;34.694;36.720;36.955
34;1;19;1:48.290;0;;34.545;0;36.754;0;36.991;0;192.6;42:30.458;16:42:01.722;0:34.545;0:36.754;0:36.991;269;Day;;Silver;;natural elements by Walkenhorst Motorsport;Aston Martin;GF;34.545;36.754;36.991
34;1;20;1:48.282;0;;34.610;0;36.885;0;36.787;1;192.6;44:18.740;16:43:50.004;0:34.610;0:36.885;0:36.787;265;Day;;Silver;;natural elements by Walkenhorst Motorsport;Aston Martin;GF;34.610;36.885;36.787
34;1;21;1:47.795;1;;34.450;0;36.597;1;36.748;1;193.5;46:06.535;16:45:37.799;0:34.450;0:36.597;0:36.748;263;Day;;Silver;;natural elements by Walkenhorst Motorsport;Aston Martin;GF;34.450;36.597;36.748
34;1;22;1:48.201;0;;34.554;0;36.724;0;36.923;0;192.7;47:54.736;16:47:26.000;0:34.554;0:36.724;0:36.923;265;Day;;Silver;;natural elements by Walkenhorst Motorsport;Aston Martin;GF;34.554;36.724;36.923
34;1;23;1:48.631;0;;34.519;0;36.830;0;37.282;0;192.0;49:43.367;16:49:14.631;0:34.519;0:36.830;0:37.282;265;Day;;Silver;;natural elements by Walkenhorst Motorsport;Aston Martin;GF;34.519;36.830;37.282
34;1;24;3:54.636;0;;1:00.473;0;1:21.709;0;1:32.454;0;88.9;53:38.003;16:53:09.267;1:00.473;1:21.709;1:32.454;246;Day;;Silver;;natural elements by Walkenhorst Motorsport;Aston Martin;FCY;60.473;81.709;92.454
34;1;25;4:20.542;0;;1:26.327;0;1:21.801;0;1:32.414;0;80.0;57:58.545;16:57:29.809;1:26.327;1:21.801;1:32.414;78;Day;;Silver;;natural elements by Walkenhorst Motorsport;Aston Martin;FCY;86.327;81.801;92.414
34;1;26;4:20.979;0;;1:26.494;0;1:21.820;0;1:32.665;0;79.9;1:02:19.524;17:01:50.788;1:26.494;1:21.820;1:32.665;78;Day;;Silver;;natural elements by Walkenhorst Motorsport;Aston Martin;GF;86.494;81.820;92.665
34;1;27;3:29.034;0;;1:26.720;0;1:00.389;0;1:01.925;0;99.8;1:05:48.558;17:05:19.822;1:26.720;1:00.389;1:01.925;78;Day;;Silver;;natural elements by Walkenhorst Motorsport;Aston Martin;SC;86.720;60.389;61.925
34;1;28;2:51.199;0;;1:05.194;0;53.434;0;52.571;0;121.8;1:08:39.757;17:08:11.021;1:05.194;0:53.434;0:52.571;102;Day;;Silver;;natural elements by Walkenhorst Motorsport;Aston Martin;GF;65.194;53.434;52.571
34;1;29;1:49.261;0;;35.074;0;37.072;0;37.115;0;190.9;1:10:29.018;17:10:00.282;0:35.074;0:37.072;0:37.115;267;Day;;Silver;;natural elements by Walkenhorst Motorsport;Aston Martin;GF;35.074;37.072;37.115
34;1;30;1:55.177;0;;34.615;0;36.799;0;43.763;0;181.1;1:12:24.195;17:11:55.459;0:34.615;0:36.799;0:43.763;;Day;;Silver;;natural elements by Walkenhorst Motorsport;Aston Martin;GF;34.615;36.799;43.763
34;2;31;3:05.450;0;B;1:51.172;0;36.964;0;37.314;0;112.5;1:15:29.645;17:15:00.909;1:51.172;0:36.964;0:37.314;202;Krognes;;Silver;;natural elements by Walkenhorst Motorsport;Aston Martin;GF;111.172;36.964;37.314
34;2;32;1:48.279;0;;34.642;0;36.629;0;37.008;0;192.6;1:17:17.924;17:16:49.188;0:34.642;0:36.629;0:37.008;262;Krognes;;Silver;;natural elements by Walkenhorst Motorsport;Aston Martin;GF;34.642;36.629;37.008
34;2;33;1:48.663;0;;34.604;0;36.629;0;37.430;0;191.9;1:19:06.587;17:18:37.851;0:34.604;0:36.629;0:37.430;263;Krognes;;Silver;;natural elements by Walkenhorst Motorsport;Aston Martin;GF;34.604;36.629;37.430
34;2;34;2:28.342;0;;57.140;0;54.000;0;37.202;0;140.6;1:21:34.929;17:21:06.193;0:57.140;0:54.000;0:37.202;263;Krognes;;Silver;;natural elements by Walkenhorst Motorsport;Aston Martin;GF;57.140;54.000;37.202
34;2;35;1:47.942;0;;34.602;0;36.525;1;36.815;0;193.2;1:23:22.871;17:22:54.135;0:34.602;0:36.525;0:36.815;263;Krognes;;Silver;;natural elements by Walkenhorst Motorsport;Aston Martin;GF;34.602;36.525;36.815
34;2;36;1:47.673;1;;34.579;0;36.401;1;36.693;1;193.7;1:25:10.544;17:24:41.808;0:34.579;0:36.401;0:36.693;263;Krognes;;Silver;;natural elements by Walkenhorst Motorsport;Aston Martin;GF;34.579;36.401;36.693
34;2;37;1:47.786;0;;34.502;0;36.580;0;36.704;0;193.5;1:26:58.330;17:26:29.594;0:34.502;0:36.580;0:36.704;263;Krognes;;Silver;;natural elements by Walkenhorst Motorsport;Aston Martin;GF;34.502;36.580;36.704
34;2;38;1:47.813;0;;34.579;0;36.584;0;36.650;1;193.4;1:28:46.143;17:28:17.407;0:34.579;0:36.584;0:36.650;263;Krognes;;Silver;;natural elements by Walkenhorst Motorsport;Aston Martin;GF;34.579;36.584;36.650
34;2;39;1:47.426;1;;34.506;0;36.381;1;36.539;1;194.1;1:30:33.569;17:30:04.833;0:34.506;0:36.381;0:36.539;263;Krognes;;Silver;;natural elements by Walkenhorst Motorsport;Aston Martin;GF;34.506;36.381;36.539
34;2;40;1:47.812;0;;34.533;0;36.645;0;36.634;0;193.4;1:32:21.381;17:31:52.645;0:34.533;0:36.645;0:36.634;264;Krognes;;Silver;;natural elements by Walkenhorst Motorsport;Aston Martin;GF;34.533;36.645;36.634
34;2;41;1:47.591;0;;34.395;1;36.420;0;36.776;0;193.8;1:34:08.972;17:33:40.236;0:34.395;0:36.420;0:36.776;264;Krognes;;Silver;;natural elements by Walkenhorst Motorsport;Aston Martin;GF;34.395;36.420;36.776
34;2;42;2:32.644;0;;34.547;0;36.615;0;1:21.482;0;136.6;1:36:41.616;17:36:12.880;0:34.547;0:36.615;1:21.482;263;Krognes;;Silver;;natural elements by Walkenhorst Motorsport;Aston Martin;FCY;34.547;36.615;81.482
34;2;43;4:20.658;0;;1:26.061;0;1:21.828;0;1:32.769;0;80.0;1:41:02.274;17:40:33.538;1:26.061;1:21.828;1:32.769;78;Krognes;;Silver;;natural elements by Walkenhorst Motorsport;Aston Martin;FCY;86.061;81.828;92.769
34;2;44;4:23.040;0;;1:28.227;0;1:22.061;0;1:32.752;0;79.3;1:45:25.314;17:44:56.578;1:28.227;1:22.061;1:32.752;78;Krognes;;Silver;;natural elements by Walkenhorst Motorsport;Aston Martin;GF;88.227;82.061;92.752
34;2;45;2:23.945;0;;1:03.229;0;40.864;0;39.852;0;144.9;1:47:49.259;17:47:20.523;1:03.229;0:40.864;0:39.852;78;Krognes;;Silver;;natural elements by Walkenhorst Motorsport;Aston Martin;SC;63.229;40.864;39.852
34;2;46;2:13.487;0;;35.595;0;37.971;0;59.921;0;156.2;1:50:02.746;17:49:34.010;0:35.595;0:37.971;0:59.921;260;Krognes;;Silver;;natural elements by Walkenhorst Motorsport;Aston Martin;SC;35.595;37.971;59.921
34;2;47;2:46.524;0;;1:06.295;0;54.746;0;45.483;0;125.2;1:52:49.270;17:52:20.534;1:06.295;0:54.746;0:45.483;59;Krognes;;Silver;;natural elements by Walkenhorst Motorsport;Aston Martin;GF;66.295;54.746;45.483
34;2;48;1:52.787;0;;36.507;0;38.003;0;38.277;0;184.9;1:54:42.057;17:54:13.321;0:36.507;0:38.003;0:38.277;253;Krognes;;Silver;;natural elements by Walkenhorst Motorsport;Aston Martin;GF;36.507;38.003;38.277
34;2;49;1:50.621;0;;35.129;0;38.209;0;37.283;0;188.5;1:56:32.678;17:56:03.942;0:35.129;0:38.209;0:37.283;255;Krognes;;Silver;;natural elements by Walkenhorst Motorsport;Aston Martin;GF;35.129;38.209;37.283
34;2;50;1:48.429;0;;34.728;0;36.974;0;36.727;0;192.3;1:58:21.107;17:57:52.371;0:34.728;0:36.974;0:36.727;273;Krognes;;Silver;;natural elements by Walkenhorst Motorsport;Aston Martin;GF;34.728;36.974;36.727
34;2;51;1:48.565;0;;34.322;1;36.560;0;37.683;0;192.1;2:00:09.672;17:59:40.936;0:34.322;0:36.560;0:37.683;269;Krognes;;Silver;;natural elements by Walkenhorst Motorsport;Aston Martin;GF;34.322;36.560;37.683
34;2;52;1:49.137;0;;34.774;0;37.090;0;37.273;0;191.1;2:01:58.809;18:01:30.073;0:34.774;0:37.090;0:37.273;272;Krognes;;Silver;;natural elements by Walkenhorst Motorsport;Aston Martin;GF;34.774;37.090;37.273
34;2;53;1:48.149;0;;34.564;0;36.783;0;36.802;0;192.8;2:03:46.958;18:03:18.222;0:34.564;0:36.783;0:36.802;270;Krognes;;Silver;;natural elements by Walkenhorst Motorsport;Aston Martin;GF;34.564;36.783;36.802
34;2;54;1:47.879;0;;34.408;0;36.778;0;36.693;0;193.3;2:05:34.837;18:05:06.101;0:34.408;0:36.778;0:36.693;269;Krognes;;Silver;;natural elements by Walkenhorst Motorsport;Aston Martin;GF;34.408;36.778;36.693
34;2;55;1:48.222;0;;34.374;0;36.861;0;36.987;0;192.7;2:07:23.059;18:06:54.323;0:34.374;0:36.861;0:36.987;270;Krognes;;Silver;;natural elements by Walkenhorst Motorsport;Aston Martin;GF;34.374;36.861;36.987
34;2;56;1:49.223;0;;35.069;0;37.023;0;37.131;0;190.9;2:09:12.282;18:08:43.546;0:35.069;0:37.023;0:37.131;264;Krognes;;Silver;;natural elements by Walkenhorst Motorsport;Aston Martin;GF;35.069;37.023;37.131
34;2;57;1:55.638;0;B;34.476;0;36.768;0;44.394;0;180.3;2:11:07.920;18:10:39.184;0:34.476;0:36.768;0:44.394;;Krognes;;Silver;;natural elements by Walkenhorst Motorsport;Aston Martin;GF;34.476;36.768;44.394
34;3;58;3:03.572;0;;1:49.882;0;36.699;0;36.991;0;113.6;2:14:11.492;18:13:42.756;1:49.882;0:36.699;0:36.991;202;Chaves;;Silver;;natural elements by Walkenhorst Motorsport;Aston Martin;GF;109.882;36.699;36.991
34;3;59;1:49.200;0;;34.781;0;37.666;0;36.753;0;191.0;2:16:00.692;18:15:31.956;0:34.781;0:37.666;0:36.753;268;Chaves;;Silver;;natural elements by Walkenhorst Motorsport;Aston Martin;GF;34.781;37.666;36.753
34;3;60;1:47.594;0;;34.469;0;36.461;0;36.664;0;193.8;2:17:48.286;18:17:19.550;0:34.469;0:36.461;0:36.664;267;Chaves;;Silver;;natural elements by Walkenhorst Motorsport;Aston Martin;GF;34.469;36.461;36.664
34;3;61;1:48.109;0;;34.351;0;37.045;0;36.713;0;192.9;2:19:36.395;18:19:07.659;0:34.351;0:37.045;0:36.713;268;Chaves;;Silver;;natural elements by Walkenhorst Motorsport;Aston Martin;GF;34.351;37.045;36.713
34;3;62;1:47.855;0;;34.483;0;36.812;0;36.560;0;193.4;2:21:24.250;18:20:55.514;0:34.483;0:36.812;0:36.560;268;Chaves;;Silver;;natural elements by Walkenhorst Motorsport;Aston Martin;GF;34.483;36.812;36.560
34;3;63;1:47.576;0;;34.352;0;36.533;0;36.691;0;193.9;2:23:11.826;18:22:43.090;0:34.352;0:36.533;0:36.691;268;Chaves;;Silver;;natural elements by Walkenhorst Motorsport;Aston Martin;GF;34.352;36.533;36.691
34;3;64;1:47.566;0;;34.322;0;36.661;0;36.583;0;193.9;2:24:59.392;18:24:30.656;0:34.322;0:36.661;0:36.583;269;Chaves;;Silver;;natural elements by Walkenhorst Motorsport;Aston Martin;GF;34.322;36.661;36.583
34;3;65;1:48.163;0;;34.308;1;37.195;0;36.660;0;192.8;2:26:47.555;18:26:18.819;0:34.308;0:37.195;0:36.660;269;Chaves;;Silver;;natural elements by Walkenhorst Motorsport;Aston Martin;GF;34.308;37.195;36.660
34;3;66;1:48.618;0;;34.519;0;37.293;0;36.806;0;192.0;2:28:36.173;18:28:07.437;0:34.519;0:37.293;0:36.806;268;Chaves;;Silver;;natural elements by Walkenhorst Motorsport;Aston Martin;GF;34.519;37.293;36.806
34;3;67;1:48.300;0;;34.737;0;36.858;0;36.705;0;192.6;2:30:24.473;18:29:55.737;0:34.737;0:36.858;0:36.705;258;Chaves;;Silver;;natural elements by Walkenhorst Motorsport;Aston Martin;GF;34.737;36.858;36.705
34;3;68;1:47.785;0;;34.413;0;36.659;0;36.713;0;193.5;2:32:12.258;18:31:43.522;0:34.413;0:36.659;0:36.713;269;Chaves;;Silver;;natural elements by Walkenhorst Motorsport;Aston Martin;GF;34.413;36.659;36.713
34;3;69;1:48.494;0;;34.885;0;36.829;0;36.780;0;192.2;2:34:00.752;18:33:32.016;0:34.885;0:36.829;0:36.780;255;Chaves;;Silver;;natural elements by Walkenhorst Motorsport;Aston Martin;GF;34.885;36.829;36.780
34;3;70;1:48.536;0;;34.249;1;37.477;0;36.810;0;192.1;2:35:49.288;18:35:20.552;0:34.249;0:37.477;0:36.810;268;Chaves;;Silver;;natural elements by Walkenhorst Motorsport;Aston Martin;GF;34.249;37.477;36.810
34;3;71;1:49.231;0;;34.368;0;36.951;0;37.912;0;190.9;2:37:38.519;18:37:09.783;0:34.368;0:36.951;0:37.912;268;Chaves;;Silver;;natural elements by Walkenhorst Motorsport;Aston Martin;GF;34.368;36.951;37.912
34;3;72;3:27.741;0;;35.009;0;1:20.452;0;1:32.280;0;100.4;2:41:06.260;18:40:37.524;0:35.009;1:20.452;1:32.280;263;Chaves;;Silver;;natural elements by Walkenhorst Motorsport;Aston Martin;FCY;35.009;80.452;92.280
34;3;73;4:20.142;0;;1:26.132;0;1:21.662;0;1:32.348;0;80.2;2:45:26.402;18:44:57.666;1:26.132;1:21.662;1:32.348;78;Chaves;;Silver;;natural elements by Walkenhorst Motorsport;Aston Martin;FCY;86.132;81.662;92.348
34;3;74;3:38.873;0;;1:26.490;0;1:21.684;0;50.699;0;95.3;2:49:05.275;18:48:36.539;1:26.490;1:21.684;0:50.699;78;Chaves;;Silver;;natural elements by Walkenhorst Motorsport;Aston Martin;SC;86.490;81.684;50.699
34;3;75;1:56.742;0;;38.527;0;39.762;0;38.453;0;178.6;2:51:02.017;18:50:33.281;0:38.527;0:39.762;0:38.453;179;Chaves;;Silver;;natural elements by Walkenhorst Motorsport;Aston Martin;SC;38.527;39.762;38.453
34;3;76;2:11.382;0;;39.779;0;48.920;0;42.683;0;158.7;2:53:13.399;18:52:44.663;0:39.779;0:48.920;0:42.683;263;Chaves;;Silver;;natural elements by Walkenhorst Motorsport;Aston Martin;GF;39.779;48.920;42.683
34;3;77;1:52.377;0;;35.791;0;38.985;0;37.601;0;185.6;2:55:05.776;18:54:37.040;0:35.791;0:38.985;0:37.601;250;Chaves;;Silver;;natural elements by Walkenhorst Motorsport;Aston Martin;GF;35.791;38.985;37.601
34;3;78;2:05.507;0;;37.021;0;46.413;0;42.073;0;166.2;2:57:11.283;18:56:42.547;0:37.021;0:46.413;0:42.073;261;Chaves;;Silver;;natural elements by Walkenhorst Motorsport;Aston Martin;GF;37.021;46.413;42.073
34;3;79;4:09.542;0;;1:31.245;0;1:26.499;0;1:11.798;0;83.6;3:01:20.825;19:00:52.089;1:31.245;1:26.499;1:11.798;32;Chaves;;Silver;;natural elements by Walkenhorst Motorsport;Aston Martin;GF;91.245;86.499;71.798
35;2;1;3:06.457;1;;51.130;1;53.616;1;1:21.711;1;111.8;3:06.457;16:02:37.721;0:51.130;0:53.616;1:21.711;164;Ischer;;Bronze;;Walkenhorst Motorsport;Aston Martin;SC;51.130;53.616;81.711
35;2;2;4:30.479;0;;1:53.168;0;1:18.534;0;1:18.777;1;77.1;7:36.936;16:07:08.200;1:53.168;1:18.534;1:18.777;80;Ischer;;Bronze;;Walkenhorst Motorsport;Aston Martin;SC;113.168;78.534;78.777
35;2;3;3:23.054;0;;1:15.876;0;1:06.259;0;1:00.919;1;102.7;10:59.990;16:10:31.254;1:15.876;1:06.259;1:00.919;;Ischer;;Bronze;;Walkenhorst Motorsport;Aston Martin;SC;75.876;66.259;60.919
35;2;4;3:10.234;0;;1:52.956;0;39.158;1;38.120;1;109.6;14:10.224;16:13:41.488;1:52.956;0:39.158;0:38.120;191;Ischer;;Bronze;;Walkenhorst Motorsport;Aston Martin;SC;112.956;39.158;38.120
35;2;5;1:57.171;1;;39.285;1;38.583;1;39.303;0;178.0;16:07.395;16:15:38.659;0:39.285;0:38.583;0:39.303;142;Ischer;;Bronze;;Walkenhorst Motorsport;Aston Martin;SC;39.285;38.583;39.303
35;2;6;2:38.612;0;;54.583;0;55.732;0;48.297;0;131.5;18:46.007;16:18:17.271;0:54.583;0:55.732;0:48.297;96;Ischer;;Bronze;;Walkenhorst Motorsport;Aston Martin;GF;54.583;55.732;48.297
35;2;7;1:53.509;1;;36.177;1;39.150;0;38.182;0;183.7;20:39.516;16:20:10.780;0:36.177;0:39.150;0:38.182;253;Ischer;;Bronze;;Walkenhorst Motorsport;Aston Martin;GF;36.177;39.150;38.182
35;2;8;1:49.489;1;;35.065;1;37.131;1;37.293;1;190.5;22:29.005;16:22:00.269;0:35.065;0:37.131;0:37.293;263;Ischer;;Bronze;;Walkenhorst Motorsport;Aston Martin;GF;35.065;37.131;37.293
35;2;9;1:49.914;0;;34.747;1;37.830;0;37.337;0;189.7;24:18.919;16:23:50.183;0:34.747;0:37.830;0:37.337;265;Ischer;;Bronze;;Walkenhorst Motorsport;Aston Martin;GF;34.747;37.830;37.337
35;2;10;1:50.010;0;;35.313;0;37.244;0;37.453;0;189.6;26:08.929;16:25:40.193;0:35.313;0:37.244;0:37.453;263;Ischer;;Bronze;;Walkenhorst Motorsport;Aston Martin;GF;35.313;37.244;37.453
35;2;11;1:48.754;1;;34.803;0;36.820;1;37.131;1;191.8;27:57.683;16:27:28.947;0:34.803;0:36.820;0:37.131;270;Ischer;;Bronze;;Walkenhorst Motorsport;Aston Martin;GF;34.803;36.820;37.131
35;2;12;1:49.666;0;;34.782;0;37.373;0;37.511;0;190.2;29:47.349;16:29:18.613;0:34.782;0:37.373;0:37.511;266;Ischer;;Bronze;;Walkenhorst Motorsport;Aston Martin;GF;34.782;37.373;37.511
35;2;13;1:49.952;0;;35.413;0;37.485;0;37.054;1;189.7;31:37.301;16:31:08.565;0:35.413;0:37.485;0:37.054;270;Ischer;;Bronze;;Walkenhorst Motorsport;Aston Martin;GF;35.413;37.485;37.054
35;2;14;1:48.856;0;;34.544;1;37.074;0;37.238;0;191.6;33:26.157;16:32:57.421;0:34.544;0:37.074;0:37.238;268;Ischer;;Bronze;;Walkenhorst Motorsport;Aston Martin;GF;34.544;37.074;37.238
35;2;15;1:48.494;1;;34.852;0;36.582;1;37.060;0;192.2;35:14.651;16:34:45.915;0:34.852;0:36.582;0:37.060;268;Ischer;;Bronze;;Walkenhorst Motorsport;Aston Martin;GF;34.852;36.582;37.060
35;2;16;1:47.771;1;;34.476;1;36.459;1;36.836;1;193.5;37:02.422;16:36:33.686;0:34.476;0:36.459;0:36.836;265;Ischer;;Bronze;;Walkenhorst Motorsport;Aston Martin;GF;34.476;36.459;36.836
35;2;17;1:48.481;0;;34.622;0;36.986;0;36.873;0;192.2;38:50.903;16:38:22.167;0:34.622;0:36.986;0:36.873;265;Ischer;;Bronze;;Walkenhorst Motorsport;Aston Martin;GF;34.622;36.986;36.873
35;2;18;1:48.269;0;;34.477;0;36.824;0;36.968;0;192.6;40:39.172;16:40:10.436;0:34.477;0:36.824;0:36.968;265;Ischer;;Bronze;;Walkenhorst Motorsport;Aston Martin;GF;34.477;36.824;36.968
35;2;19;1:48.153;0;;34.459;1;36.877;0;36.817;1;192.8;42:27.325;16:41:58.589;0:34.459;0:36.877;0:36.817;265;Ischer;;Bronze;;Walkenhorst Motorsport;Aston Martin;GF;34.459;36.877;36.817
35;2;20;1:48.297;0;;34.525;0;36.635;0;37.137;0;192.6;44:15.622;16:43:46.886;0:34.525;0:36.635;0:37.137;265;Ischer;;Bronze;;Walkenhorst Motorsport;Aston Martin;GF;34.525;36.635;37.137
35;2;21;1:48.157;0;;34.430;1;36.737;0;36.990;0;192.8;46:03.779;16:45:35.043;0:34.430;0:36.737;0:36.990;265;Ischer;;Bronze;;Walkenhorst Motorsport;Aston Martin;GF;34.430;36.737;36.990
35;2;22;1:48.037;0;;34.468;0;36.658;0;36.911;0;193.0;47:51.816;16:47:23.080;0:34.468;0:36.658;0:36.911;265;Ischer;;Bronze;;Walkenhorst Motorsport;Aston Martin;GF;34.468;36.658;36.911
35;2;23;1:48.515;0;;34.574;0;36.740;0;37.201;0;192.2;49:40.331;16:49:11.595;0:34.574;0:36.740;0:37.201;265;Ischer;;Bronze;;Walkenhorst Motorsport;Aston Martin;GF;34.574;36.740;37.201
35;2;24;3:54.291;0;;59.320;0;1:22.268;0;1:32.703;0;89.0;53:34.622;16:53:05.886;0:59.320;1:22.268;1:32.703;266;Ischer;;Bronze;;Walkenhorst Motorsport;Aston Martin;FCY;59.320;82.268;92.703
35;2;25;4:24.584;0;;1:27.243;0;1:22.033;0;1:35.308;0;78.8;57:59.206;16:57:30.470;1:27.243;1:22.033;1:35.308;;Ischer;;Bronze;;Walkenhorst Motorsport;Aston Martin;FCY;87.243;82.033;95.308
35;1;26;5:32.861;0;;2:35.711;0;1:21.911;0;1:35.239;0;62.7;1:03:32.067;17:03:03.331;2:35.711;1:21.911;1:35.239;;Simon;;Bronze;;Walkenhorst Motorsport;Aston Martin;GF;155.711;81.911;95.239
35;1;27;2:49.403;0;;1:26.048;0;43.686;0;39.669;0;123.1;1:06:21.470;17:05:52.734;1:26.048;0:43.686;0:39.669;78;Simon;;Bronze;;Walkenhorst Motorsport;Aston Martin;SC;86.048;43.686;39.669
35;1;28;2:30.226;0;;59.255;0;51.921;0;39.050;0;138.8;1:08:51.696;17:08:22.960;0:59.255;0:51.921;0:39.050;101;Simon;;Bronze;;Walkenhorst Motorsport;Aston Martin;GF;59.255;51.921;39.050
35;1;29;1:49.475;0;;34.692;0;37.108;0;37.675;0;190.5;1:10:41.171;17:10:12.435;0:34.692;0:37.108;0:37.675;266;Simon;;Bronze;;Walkenhorst Motorsport;Aston Martin;GF;34.692;37.108;37.675
35;1;30;1:50.253;0;;35.424;0;37.351;0;37.478;0;189.2;1:12:31.424;17:12:02.688;0:35.424;0:37.351;0:37.478;261;Simon;;Bronze;;Walkenhorst Motorsport;Aston Martin;GF;35.424;37.351;37.478
35;1;31;1:50.212;0;;35.827;0;37.408;0;36.977;0;189.2;1:14:21.636;17:13:52.900;0:35.827;0:37.408;0:36.977;268;Simon;;Bronze;;Walkenhorst Motorsport;Aston Martin;GF;35.827;37.408;36.977
35;1;32;1:48.910;0;;34.812;0;37.191;0;36.907;0;191.5;1:16:10.546;17:15:41.810;0:34.812;0:37.191;0:36.907;271;Simon;;Bronze;;Walkenhorst Motorsport;Aston Martin;GF;34.812;37.191;36.907
35;1;33;1:49.770;0;;34.425;1;37.447;0;37.898;0;190.0;1:18:00.316;17:17:31.580;0:34.425;0:37.447;0:37.898;268;Simon;;Bronze;;Walkenhorst Motorsport;Aston Martin;GF;34.425;37.447;37.898
35;1;34;2:28.961;0;;35.260;0;37.317;0;1:16.384;0;140.0;1:20:29.277;17:20:00.541;0:35.260;0:37.317;1:16.384;271;Simon;;Bronze;;Walkenhorst Motorsport;Aston Martin;FCY;35.260;37.317;76.384
35;1;35;1:57.869;0;;43.933;0;37.010;0;36.926;0;176.9;1:22:27.146;17:21:58.410;0:43.933;0:37.010;0:36.926;228;Simon;;Bronze;;Walkenhorst Motorsport;Aston Martin;GF;43.933;37.010;36.926
35;1;36;1:48.601;0;;34.621;0;37.040;0;36.940;0;192.0;1:24:15.747;17:23:47.011;0:34.621;0:37.040;0:36.940;267;Simon;;Bronze;;Walkenhorst Motorsport;Aston Martin;GF;34.621;37.040;36.940
35;1;37;1:49.175;0;;34.423;1;37.821;0;36.931;0;191.0;1:26:04.922;17:25:36.186;0:34.423;0:37.821;0:36.931;270;Simon;;Bronze;;Walkenhorst Motorsport;Aston Martin;GF;34.423;37.821;36.931
35;1;38;1:47.979;0;;34.622;0;36.666;0;36.691;1;193.1;1:27:52.901;17:27:24.165;0:34.622;0:36.666;0:36.691;272;Simon;;Bronze;;Walkenhorst Motorsport;Aston Martin;GF;34.622;36.666;36.691
35;1;39;1:48.078;0;;34.619;0;36.693;0;36.766;0;193.0;1:29:40.979;17:29:12.243;0:34.619;0:36.693;0:36.766;267;Simon;;Bronze;;Walkenhorst Motorsport;Aston Martin;GF;34.619;36.693;36.766
35;1;40;1:48.379;0;;34.459;0;36.624;0;37.296;0;192.4;1:31:29.358;17:31:00.622;0:34.459;0:36.624;0:37.296;267;Simon;;Bronze;;Walkenhorst Motorsport;Aston Martin;GF;34.459;36.624;37.296
35;1;41;1:47.781;0;;34.305;1;36.646;0;36.830;0;193.5;1:33:17.139;17:32:48.403;0:34.305;0:36.646;0:36.830;268;Simon;;Bronze;;Walkenhorst Motorsport;Aston Martin;GF;34.305;36.646;36.830
35;1;42;1:48.423;0;;34.578;0;36.891;0;36.954;0;192.3;1:35:05.562;17:34:36.826;0:34.578;0:36.891;0:36.954;267;Simon;;Bronze;;Walkenhorst Motorsport;Aston Martin;GF;34.578;36.891;36.954
35;1;43;3:50.317;0;;56.490;0;1:21.588;0;1:32.239;0;90.5;1:38:55.879;17:38:27.143;0:56.490;1:21.588;1:32.239;245;Simon;;Bronze;;Walkenhorst Motorsport;Aston Martin;FCY;56.490;81.588;92.239
35;1;44;4:20.146;0;;1:26.175;0;1:21.713;0;1:32.258;0;80.2;1:43:16.025;17:42:47.289;1:26.175;1:21.713;1:32.258;78;Simon;;Bronze;;Walkenhorst Motorsport;Aston Martin;FCY;86.175;81.713;92.258
35;1;45;3:28.606;0;;1:26.459;0;1:21.271;0;40.876;0;100.0;1:46:44.631;17:46:15.895;1:26.459;1:21.271;0:40.876;78;Simon;;Bronze;;Walkenhorst Motorsport;Aston Martin;SC;86.459;81.271;40.876
35;1;46;2:51.278;0;;36.184;0;1:06.452;0;1:08.642;0;121.8;1:49:35.909;17:49:07.173;0:36.184;1:06.452;1:08.642;260;Simon;;Bronze;;Walkenhorst Motorsport;Aston Martin;SC;36.184;66.452;68.642
35;1;47;2:59.803;0;;1:06.979;0;55.897;0;56.927;0;116.0;1:52:35.712;17:52:06.976;1:06.979;0:55.897;0:56.927;109;Simon;;Bronze;;Walkenhorst Motorsport;Aston Martin;GF;66.979;55.897;56.927
35;1;48;1:51.212;0;;35.135;0;38.293;0;37.784;0;187.5;1:54:26.924;17:53:58.188;0:35.135;0:38.293;0:37.784;263;Simon;;Bronze;;Walkenhorst Motorsport;Aston Martin;GF;35.135;38.293;37.784
35;1;49;1:49.089;0;;34.893;0;37.057;0;37.139;0;191.2;1:56:16.013;17:55:47.277;0:34.893;0:37.057;0:37.139;265;Simon;;Bronze;;Walkenhorst Motorsport;Aston Martin;GF;34.893;37.057;37.139
35;1;50;1:48.151;0;;34.526;0;36.808;0;36.817;0;192.8;1:58:04.164;17:57:35.428;0:34.526;0:36.808;0:36.817;267;Simon;;Bronze;;Walkenhorst Motorsport;Aston Martin;GF;34.526;36.808;36.817
35;1;51;1:47.896;0;;34.434;0;36.716;0;36.746;0;193.3;1:59:52.060;17:59:23.324;0:34.434;0:36.716;0:36.746;267;Simon;;Bronze;;Walkenhorst Motorsport;Aston Martin;GF;34.434;36.716;36.746
35;1;52;1:55.811;0;;34.411;0;36.990;0;44.410;0;180.1;2:01:47.871;18:01:19.135;0:34.411;0:36.990;0:44.410;;Simon;;Bronze;;Walkenhorst Motorsport;Aston Martin;GF;34.411;36.990;44.410
35;3;53;3:06.140;0;;1:50.687;0;37.869;0;37.584;0;112.0;2:04:54.011;18:04:25.275;1:50.687;0:37.869;0:37.584;199;Villagomez;;Bronze;;Walkenhorst Motorsport;Aston Martin;GF;110.687;37.869;37.584
35;3;54;1:49.037;0;;34.656;0;37.201;0;37.180;0;191.3;2:06:43.048;18:06:14.312;0:34.656;0:37.201;0:37.180;262;Villagomez;;Bronze;;Walkenhorst Motorsport;Aston Martin;GF;34.656;37.201;37.180
35;3;55;1:48.174;0;;34.555;0;36.848;0;36.771;0;192.8;2:08:31.222;18:08:02.486;0:34.555;0:36.848;0:36.771;264;Villagomez;;Bronze;;Walkenhorst Motorsport;Aston Martin;GF;34.555;36.848;36.771
35;3;56;1:48.085;0;;34.510;0;36.722;0;36.853;0;192.9;2:10:19.307;18:09:50.571;0:34.510;0:36.722;0:36.853;264;Villagomez;;Bronze;;Walkenhorst Motorsport;Aston Martin;GF;34.510;36.722;36.853
35;3;57;1:48.061;0;;34.344;0;37.023;0;36.694;0;193.0;2:12:07.368;18:11:38.632;0:34.344;0:37.023;0:36.694;266;Villagomez;;Bronze;;Walkenhorst Motorsport;Aston Martin;GF;34.344;37.023;36.694
35;3;58;1:51.036;0;;35.229;0;38.377;0;37.430;0;187.8;2:13:58.404;18:13:29.668;0:35.229;0:38.377;0:37.430;264;Villagomez;;Bronze;;Walkenhorst Motorsport;Aston Martin;GF;35.229;38.377;37.430
35;3;59;1:48.253;0;;34.659;0;36.707;0;36.887;0;192.6;2:15:46.657;18:15:17.921;0:34.659;0:36.707;0:36.887;264;Villagomez;;Bronze;;Walkenhorst Motorsport;Aston Martin;GF;34.659;36.707;36.887
35;3;60;1:47.818;0;;34.475;0;36.629;0;36.714;0;193.4;2:17:34.475;18:17:05.739;0:34.475;0:36.629;0:36.714;264;Villagomez;;Bronze;;Walkenhorst Motorsport;Aston Martin;GF;34.475;36.629;36.714
35;3;61;1:48.004;0;;34.387;0;36.630;0;36.987;0;193.1;2:19:22.479;18:18:53.743;0:34.387;0:36.630;0:36.987;263;Villagomez;;Bronze;;Walkenhorst Motorsport;Aston Martin;GF;34.387;36.630;36.987
35;3;62;1:54.279;0;;34.902;0;41.699;0;37.678;0;182.5;2:21:16.758;18:20:48.022;0:34.902;0:41.699;0:37.678;263;Villagomez;;Bronze;;Walkenhorst Motorsport;Aston Martin;GF;34.902;41.699;37.678
35;3;63;1:48.952;0;;35.036;0;37.005;0;36.911;0;191.4;2:23:05.710;18:22:36.974;0:35.036;0:37.005;0:36.911;253;Villagomez;;Bronze;;Walkenhorst Motorsport;Aston Martin;GF;35.036;37.005;36.911
35;3;64;1:48.040;0;;34.384;0;36.866;0;36.790;0;193.0;2:24:53.750;18:24:25.014;0:34.384;0:36.866;0:36.790;268;Villagomez;;Bronze;;Walkenhorst Motorsport;Aston Martin;GF;34.384;36.866;36.790
35;3;65;1:47.776;0;;34.430;0;36.613;0;36.733;0;193.5;2:26:41.526;18:26:12.790;0:34.430;0:36.613;0:36.733;267;Villagomez;;Bronze;;Walkenhorst Motorsport;Aston Martin;GF;34.430;36.613;36.733
35;3;66;1:47.929;0;;34.280;1;36.799;0;36.850;0;193.2;2:28:29.455;18:28:00.719;0:34.280;0:36.799;0:36.850;268;Villagomez;;Bronze;;Walkenhorst Motorsport;Aston Martin;GF;34.280;36.799;36.850
35;3;67;1:48.502;0;;35.152;0;36.611;0;36.739;0;192.2;2:30:17.957;18:29:49.221;0:35.152;0:36.611;0:36.739;267;Villagomez;;Bronze;;Walkenhorst Motorsport;Aston Martin;GF;35.152;36.611;36.739
35;3;68;1:47.706;1;;34.324;0;36.691;0;36.691;0;193.6;2:32:05.663;18:31:36.927;0:34.324;0:36.691;0:36.691;269;Villagomez;;Bronze;;Walkenhorst Motorsport;Aston Martin;GF;34.324;36.691;36.691
35;3;69;1:47.743;0;;34.366;0;36.678;0;36.699;0;193.6;2:33:53.406;18:33:24.670;0:34.366;0:36.678;0:36.699;268;Villagomez;;Bronze;;Walkenhorst Motorsport;Aston Martin;GF;34.366;36.678;36.699
35;3;70;1:47.666;1;;34.190;1;36.802;0;36.674;1;193.7;2:35:41.072;18:35:12.336;0:34.190;0:36.802;0:36.674;269;Villagomez;;Bronze;;Walkenhorst Motorsport;Aston Martin;GF;34.190;36.802;36.674
35;3;71;1:48.370;0;;34.485;0;37.202;0;36.683;0;192.4;2:37:29.442;18:37:00.706;0:34.485;0:37.202;0:36.683;269;Villagomez;;Bronze;;Walkenhorst Motorsport;Aston Martin;GF;34.485;37.202;36.683
35;3;72;3:22.264;0;;34.541;0;1:14.622;0;1:33.101;0;103.1;2:40:51.706;18:40:22.970;0:34.541;1:14.622;1:33.101;267;Villagomez;;Bronze;;Walkenhorst Motorsport;Aston Martin;FCY;34.541;74.622;93.101
35;3;73;4:21.701;0;;1:26.923;0;1:22.093;0;1:32.685;0;79.7;2:45:13.407;18:44:44.671;1:26.923;1:22.093;1:32.685;78;Villagomez;;Bronze;;Walkenhorst Motorsport;Aston Martin;FCY;86.923;82.093;92.685
35;3;74;3:40.749;0;;1:26.998;0;1:22.111;0;51.640;0;94.5;2:48:54.156;18:48:25.420;1:26.998;1:22.111;0:51.640;78;Villagomez;;Bronze;;Walkenhorst Motorsport;Aston Martin;SC;86.998;82.111;51.640
35;3;75;1:55.034;0;;37.068;0;39.660;0;38.306;0;181.3;2:50:49.190;18:50:20.454;0:37.068;0:39.660;0:38.306;239;Villagomez;;Bronze;;Walkenhorst Motorsport;Aston Martin;SC;37.068;39.660;38.306
35;3;76;2:21.860;0;;45.007;0;50.266;0;46.587;0;147.0;2:53:11.050;18:52:42.314;0:45.007;0:50.266;0:46.587;244;Villagomez;;Bronze;;Walkenhorst Motorsport;Aston Martin;GF;45.007;50.266;46.587
35;3;77;2:00.099;0;;43.188;0;39.027;0;37.884;0;173.6;2:55:11.149;18:54:42.413;0:43.188;0:39.027;0:37.884;232;Villagomez;;Bronze;;Walkenhorst Motorsport;Aston Martin;GF;43.188;39.027;37.884
35;3;78;2:10.252;0;;37.403;0;50.778;0;42.071;0;160.1;2:57:21.401;18:56:52.665;0:37.403;0:50.778;0:42.071;204;Villagomez;;Bronze;;Walkenhorst Motorsport;Aston Martin;GF;37.403;50.778;42.071
35;3;79;4:14.174;0;;1:36.793;0;1:23.052;0;1:14.329;0;82.0;3:01:35.575;19:01:06.839;1:36.793;1:23.052;1:14.329;20;Villagomez;;Bronze;;Walkenhorst Motorsport;Aston Martin;GF;96.793;83.052;74.329
42;3;1;3:00.317;1;;49.852;1;49.666;1;1:20.799;1;115.7;3:00.317;16:02:31.581;0:49.852;0:49.666;1:20.799;168;Williams;;GT3;;Oman Racing by Century Motorsport;BMW;SC;49.852;49.666;80.799
42;3;2;4:29.958;0;;1:50.856;0;1:21.015;0;1:18.087;1;77.3;7:30.275;16:07:01.539;1:50.856;1:21.015;1:18.087;63;Williams;;GT3;;Oman Racing by Century Motorsport;BMW;SC;110.856;81.015;78.087
42;3;3;3:24.128;0;;1:17.697;0;1:05.716;0;1:00.715;1;102.2;10:54.403;16:10:25.667;1:17.697;1:05.716;1:00.715;;Williams;;GT3;;Oman Racing by Century Motorsport;BMW;SC;77.697;65.716;60.715
42;3;4;3:11.215;0;B;1:54.939;0;38.620;1;37.656;1;109.1;14:05.618;16:13:36.882;1:54.939;0:38.620;0:37.656;157;Williams;;GT3;;Oman Racing by Century Motorsport;BMW;SC;114.939;38.620;37.656
42;3;5;1:58.436;1;;41.410;1;38.091;1;38.935;0;176.1;16:04.054;16:15:35.318;0:41.410;0:38.091;0:38.935;146;Williams;;GT3;;Oman Racing by Century Motorsport;BMW;SC;41.410;38.091;38.935
42;3;6;2:40.684;0;;54.889;0;55.400;0;50.395;0;129.8;18:44.738;16:18:16.002;0:54.889;0:55.400;0:50.395;94;Williams;;GT3;;Oman Racing by Century Motorsport;BMW;GF;54.889;55.400;50.395
42;3;7;1:52.012;1;;36.184;1;37.787;1;38.041;0;186.2;20:36.750;16:20:08.014;0:36.184;0:37.787;0:38.041;262;Williams;;GT3;;Oman Racing by Century Motorsport;BMW;GF;36.184;37.787;38.041
42;3;8;1:50.007;1;;35.858;1;36.884;1;37.265;1;189.6;22:26.757;16:21:58.021;0:35.858;0:36.884;0:37.265;267;Williams;;GT3;;Oman Racing by Century Motorsport;BMW;GF;35.858;36.884;37.265
42;3;9;1:47.899;1;;34.569;1;36.608;1;36.722;1;193.3;24:14.656;16:23:45.920;0:34.569;0:36.608;0:36.722;266;Williams;;GT3;;Oman Racing by Century Motorsport;BMW;GF;34.569;36.608;36.722
42;3;10;1:47.852;1;;34.509;1;36.601;1;36.742;0;193.4;26:02.508;16:25:33.772;0:34.509;0:36.601;0:36.742;265;Williams;;GT3;;Oman Racing by Century Motorsport;BMW;GF;34.509;36.601;36.742
42;3;11;1:47.759;1;;34.341;1;36.630;0;36.788;0;193.5;27:50.267;16:27:21.531;0:34.341;0:36.630;0:36.788;266;Williams;;GT3;;Oman Racing by Century Motorsport;BMW;GF;34.341;36.630;36.788
42;3;12;1:49.243;0;;34.468;0;38.013;0;36.762;0;190.9;29:39.510;16:29:10.774;0:34.468;0:38.013;0:36.762;267;Williams;;GT3;;Oman Racing by Century Motorsport;BMW;GF;34.468;38.013;36.762
42;3;13;1:47.976;0;B;34.545;0;36.675;0;36.756;0;193.1;31:27.486;16:30:58.750;0:34.545;0:36.675;0:36.756;269;Williams;;GT3;;Oman Racing by Century Motorsport;BMW;GF;34.545;36.675;36.756
42;3;14;1:48.370;0;;34.551;0;37.233;0;36.586;1;192.4;33:15.856;16:32:47.120;0:34.551;0:37.233;0:36.586;270;Williams;;GT3;;Oman Racing by Century Motorsport;BMW;GF;34.551;37.233;36.586
42;3;15;1:47.479;1;;34.477;0;36.503;1;36.499;1;194.0;35:03.335;16:34:34.599;0:34.477;0:36.503;0:36.499;267;Williams;;GT3;;Oman Racing by Century Motorsport;BMW;GF;34.477;36.503;36.499
42;3;16;1:48.113;0;;34.439;0;37.008;0;36.666;0;192.9;36:51.448;16:36:22.712;0:34.439;0:37.008;0:36.666;267;Williams;;GT3;;Oman Racing by Century Motorsport;BMW;GF;34.439;37.008;36.666
42;3;17;1:49.123;0;;35.012;0;37.440;0;36.671;0;191.1;38:40.571;16:38:11.835;0:35.012;0:37.440;0:36.671;267;Williams;;GT3;;Oman Racing by Century Motorsport;BMW;GF;35.012;37.440;36.671
42;3;18;1:47.755;0;;34.442;0;36.730;0;36.583;0;193.5;40:28.326;16:39:59.590;0:34.442;0:36.730;0:36.583;267;Williams;;GT3;;Oman Racing by Century Motorsport;BMW;GF;34.442;36.730;36.583
42;3;19;1:47.592;0;;34.444;0;36.445;1;36.703;0;193.8;42:15.918;16:41:47.182;0:34.444;0:36.445;0:36.703;267;Williams;;GT3;;Oman Racing by Century Motorsport;BMW;GF;34.444;36.445;36.703
42;3;20;1:47.547;0;;34.482;0;36.511;0;36.554;0;193.9;44:03.465;16:43:34.729;0:34.482;0:36.511;0:36.554;266;Williams;;GT3;;Oman Racing by Century Motorsport;BMW;GF;34.482;36.511;36.554
42;3;21;1:47.637;0;;34.529;0;36.548;0;36.560;0;193.8;45:51.102;16:45:22.366;0:34.529;0:36.548;0:36.560;267;Williams;;GT3;;Oman Racing by Century Motorsport;BMW;GF;34.529;36.548;36.560
42;3;22;1:47.475;1;;34.462;0;36.483;0;36.530;0;194.0;47:38.577;16:47:09.841;0:34.462;0:36.483;0:36.530;266;Williams;;GT3;;Oman Racing by Century Motorsport;BMW;GF;34.462;36.483;36.530
42;3;23;1:47.607;0;;34.429;0;36.523;0;36.655;0;193.8;49:26.184;16:48:57.448;0:34.429;0:36.523;0:36.655;267;Williams;;GT3;;Oman Racing by Century Motorsport;BMW;GF;34.429;36.523;36.655
42;3;24;3:40.287;0;;46.089;0;1:21.802;0;1:32.396;0;94.7;53:06.471;16:52:37.735;0:46.089;1:21.802;1:32.396;269;Williams;;GT3;;Oman Racing by Century Motorsport;BMW;FCY;46.089;81.802;92.396
42;3;25;4:23.670;0;;1:26.538;0;1:21.903;0;1:35.229;0;79.1;57:30.141;16:57:01.405;1:26.538;1:21.903;1:35.229;;Williams;;GT3;;Oman Racing by Century Motorsport;BMW;FCY;86.538;81.903;95.229
42;1;26;5:21.553;0;;2:27.048;0;1:21.951;0;1:32.554;0;64.9;1:02:51.694;17:02:22.958;2:27.048;1:21.951;1:32.554;78;Harthy;;GT3;;Oman Racing by Century Motorsport;BMW;GF;147.048;81.951;92.554
42;1;27;3:09.499;0;;1:26.532;0;51.592;0;51.375;0;110.1;1:06:01.193;17:05:32.457;1:26.532;0:51.592;0:51.375;78;Harthy;;GT3;;Oman Racing by Century Motorsport;BMW;SC;86.532;51.592;51.375
42;1;28;2:43.242;0;;1:05.529;0;53.098;0;44.615;0;127.8;1:08:44.435;17:08:15.699;1:05.529;0:53.098;0:44.615;80;Harthy;;GT3;;Oman Racing by Century Motorsport;BMW;GF;65.529;53.098;44.615
42;1;29;1:52.028;0;;36.166;0;38.265;0;37.597;0;186.2;1:10:36.463;17:10:07.727;0:36.166;0:38.265;0:37.597;243;Harthy;;GT3;;Oman Racing by Century Motorsport;BMW;GF;36.166;38.265;37.597
42;1;30;1:51.470;0;;36.006;0;38.212;0;37.252;0;187.1;1:12:27.933;17:11:59.197;0:36.006;0:38.212;0:37.252;241;Harthy;;GT3;;Oman Racing by Century Motorsport;BMW;GF;36.006;38.212;37.252
42;1;31;1:49.778;0;;35.044;0;37.565;0;37.169;0;190.0;1:14:17.711;17:13:48.975;0:35.044;0:37.565;0:37.169;265;Harthy;;GT3;;Oman Racing by Century Motorsport;BMW;GF;35.044;37.565;37.169
42;1;32;1:48.937;0;B;34.608;0;36.896;0;37.433;0;191.4;1:16:06.648;17:15:37.912;0:34.608;0:36.896;0:37.433;267;Harthy;;GT3;;Oman Racing by Century Motorsport;BMW;GF;34.608;36.896;37.433
42;1;33;1:50.915;0;;34.898;0;38.623;0;37.394;0;188.0;1:17:57.563;17:17:28.827;0:34.898;0:38.623;0:37.394;269;Harthy;;GT3;;Oman Racing by Century Motorsport;BMW;GF;34.898;38.623;37.394
42;1;34;2:19.561;0;;34.722;0;37.054;0;1:07.785;0;149.4;1:20:17.124;17:19:48.388;0:34.722;0:37.054;1:07.785;265;Harthy;;GT3;;Oman Racing by Century Motorsport;BMW;FCY;34.722;37.054;67.785
42;1;35;2:07.289;0;;52.994;0;37.066;0;37.229;0;163.8;1:22:24.413;17:21:55.677;0:52.994;0:37.066;0:37.229;190;Harthy;;GT3;;Oman Racing by Century Motorsport;BMW;GF;52.994;37.066;37.229
42;1;36;1:48.559;0;;34.642;0;36.940;0;36.977;0;192.1;1:24:12.972;17:23:44.236;0:34.642;0:36.940;0:36.977;267;Harthy;;GT3;;Oman Racing by Century Motorsport;BMW;GF;34.642;36.940;36.977
42;1;37;1:49.221;0;;34.738;0;37.495;0;36.988;0;190.9;1:26:02.193;17:25:33.457;0:34.738;0:37.495;0:36.988;267;Harthy;;GT3;;Oman Racing by Century Motorsport;BMW;GF;34.738;37.495;36.988
42;1;38;1:48.458;0;;34.549;0;37.035;0;36.874;0;192.3;1:27:50.651;17:27:21.915;0:34.549;0:37.035;0:36.874;265;Harthy;;GT3;;Oman Racing by Century Motorsport;BMW;GF;34.549;37.035;36.874
42;1;39;1:47.973;0;;34.471;0;36.669;0;36.833;0;193.1;1:29:38.624;17:29:09.888;0:34.471;0:36.669;0:36.833;267;Harthy;;GT3;;Oman Racing by Century Motorsport;BMW;GF;34.471;36.669;36.833
42;1;40;1:48.127;0;;34.508;0;36.747;0;36.872;0;192.9;1:31:26.751;17:30:58.015;0:34.508;0:36.747;0:36.872;266;Harthy;;GT3;;Oman Racing by Century Motorsport;BMW;GF;34.508;36.747;36.872
42;1;41;1:48.508;0;;34.517;0;37.003;0;36.988;0;192.2;1:33:15.259;17:32:46.523;0:34.517;0:37.003;0:36.988;264;Harthy;;GT3;;Oman Racing by Century Motorsport;BMW;GF;34.517;37.003;36.988
42;1;42;1:48.446;0;;34.628;0;36.919;0;36.899;0;192.3;1:35:03.705;17:34:34.969;0:34.628;0:36.919;0:36.899;265;Harthy;;GT3;;Oman Racing by Century Motorsport;BMW;GF;34.628;36.919;36.899
42;1;43;3:48.358;0;;51.055;0;1:21.828;0;1:35.475;0;91.3;1:38:52.063;17:38:23.327;0:51.055;1:21.828;1:35.475;;Harthy;;GT3;;Oman Racing by Century Motorsport;BMW;FCY;51.055;81.828;95.475
42;1;44;4:38.138;0;;1:43.589;0;1:21.891;0;1:32.658;0;75.0;1:43:30.201;17:43:01.465;1:43.589;1:21.891;1:32.658;78;Harthy;;GT3;;Oman Racing by Century Motorsport;BMW;FCY;103.589;81.891;92.658
42;1;45;3:27.857;0;;1:26.670;0;1:16.107;0;45.080;0;100.3;1:46:58.058;17:46:29.322;1:26.670;1:16.107;0:45.080;78;Harthy;;GT3;;Oman Racing by Century Motorsport;BMW;SC;86.670;76.107;45.080
42;1;46;2:46.948;0;;36.959;0;1:00.638;0;1:09.351;0;124.9;1:49:45.006;17:49:16.270;0:36.959;1:00.638;1:09.351;197;Harthy;;GT3;;Oman Racing by Century Motorsport;BMW;SC;36.959;60.638;69.351
42;1;47;2:55.113;0;;1:05.953;0;55.473;0;53.687;0;119.1;1:52:40.119;17:52:11.383;1:05.953;0:55.473;0:53.687;90;Harthy;;GT3;;Oman Racing by Century Motorsport;BMW;GF;65.953;55.473;53.687
42;1;48;1:51.002;0;;35.031;0;38.110;0;37.861;0;187.9;1:54:31.121;17:54:02.385;0:35.031;0:38.110;0:37.861;251;Harthy;;GT3;;Oman Racing by Century Motorsport;BMW;GF;35.031;38.110;37.861
42;1;49;1:49.095;0;;34.718;0;37.241;0;37.136;0;191.2;1:56:20.216;17:55:51.480;0:34.718;0:37.241;0:37.136;266;Harthy;;GT3;;Oman Racing by Century Motorsport;BMW;GF;34.718;37.241;37.136
42;1;50;1:48.539;0;;34.543;0;36.969;0;37.027;0;192.1;1:58:08.755;17:57:40.019;0:34.543;0:36.969;0:37.027;267;Harthy;;GT3;;Oman Racing by Century Motorsport;BMW;GF;34.543;36.969;37.027
42;1;51;1:48.591;0;;34.437;0;37.139;0;37.015;0;192.0;1:59:57.346;17:59:28.610;0:34.437;0:37.139;0:37.015;268;Harthy;;GT3;;Oman Racing by Century Motorsport;BMW;GF;34.437;37.139;37.015
42;1;52;1:49.209;0;;34.489;0;36.864;0;37.856;0;191.0;2:01:46.555;18:01:17.819;0:34.489;0:36.864;0:37.856;268;Harthy;;GT3;;Oman Racing by Century Motorsport;BMW;GF;34.489;36.864;37.856
42;1;53;1:48.649;0;;34.815;0;36.933;0;36.901;0;191.9;2:03:35.204;18:03:06.468;0:34.815;0:36.933;0:36.901;246;Harthy;;GT3;;Oman Racing by Century Motorsport;BMW;GF;34.815;36.933;36.901
42;1;54;1:48.428;0;;34.456;0;36.819;0;37.153;0;192.3;2:05:23.632;18:04:54.896;0:34.456;0:36.819;0:37.153;267;Harthy;;GT3;;Oman Racing by Century Motorsport;BMW;GF;34.456;36.819;37.153
42;1;55;1:48.475;0;B;34.499;0;36.810;0;37.166;0;192.3;2:07:12.107;18:06:43.371;0:34.499;0:36.810;0:37.166;266;Harthy;;GT3;;Oman Racing by Century Motorsport;BMW;GF;34.499;36.810;37.166
42;1;56;1:48.319;0;;34.368;0;36.923;0;37.028;0;192.5;2:09:00.426;18:08:31.690;0:34.368;0:36.923;0:37.028;266;Harthy;;GT3;;Oman Racing by Century Motorsport;BMW;GF;34.368;36.923;37.028
42;1;57;1:56.084;0;;34.516;0;37.012;0;44.556;0;179.7;2:10:56.510;18:10:27.774;0:34.516;0:37.012;0:44.556;;Harthy;;GT3;;Oman Racing by Century Motorsport;BMW;GF;34.516;37.012;44.556
42;2;58;3:05.833;0;;1:51.352;0;37.281;0;37.200;0;112.2;2:14:02.343;18:13:33.607;1:51.352;0:37.281;0:37.200;203;Sagrera;;GT3;;Oman Racing by Century Motorsport;BMW;GF;111.352;37.281;37.200
42;2;59;1:48.373;0;;34.684;0;36.810;0;36.879;0;192.4;2:15:50.716;18:15:21.980;0:34.684;0:36.810;0:36.879;265;Sagrera;;GT3;;Oman Racing by Century Motorsport;BMW;GF;34.684;36.810;36.879
42;2;60;1:48.859;0;;35.298;0;36.675;0;36.886;0;191.6;2:17:39.575;18:17:10.839;0:35.298;0:36.675;0:36.886;267;Sagrera;;GT3;;Oman Racing by Century Motorsport;BMW;GF;35.298;36.675;36.886
42;2;61;1:48.386;0;;34.537;0;37.012;0;36.837;0;192.4;2:19:27.961;18:18:59.225;0:34.537;0:37.012;0:36.837;267;Sagrera;;GT3;;Oman Racing by Century Motorsport;BMW;GF;34.537;37.012;36.837
42;2;62;1:48.606;0;;34.510;0;37.020;0;37.076;0;192.0;2:21:16.567;18:20:47.831;0:34.510;0:37.020;0:37.076;265;Sagrera;;GT3;;Oman Racing by Century Motorsport;BMW;GF;34.510;37.020;37.076
42;2;63;1:48.269;0;;34.714;0;36.781;0;36.774;0;192.6;2:23:04.836;18:22:36.100;0:34.714;0:36.781;0:36.774;266;Sagrera;;GT3;;Oman Racing by Century Motorsport;BMW;GF;34.714;36.781;36.774
42;2;64;1:47.901;0;;34.509;0;36.577;0;36.815;0;193.3;2:24:52.737;18:24:24.001;0:34.509;0:36.577;0:36.815;266;Sagrera;;GT3;;Oman Racing by Century Motorsport;BMW;GF;34.509;36.577;36.815
42;2;65;1:47.872;0;;34.586;0;36.535;0;36.751;0;193.3;2:26:40.609;18:26:11.873;0:34.586;0:36.535;0:36.751;266;Sagrera;;GT3;;Oman Racing by Century Motorsport;BMW;GF;34.586;36.535;36.751
42;2;66;1:47.934;0;;34.478;0;36.621;0;36.835;0;193.2;2:28:28.543;18:27:59.807;0:34.478;0:36.621;0:36.835;267;Sagrera;;GT3;;Oman Racing by Century Motorsport;BMW;GF;34.478;36.621;36.835
42;2;67;1:47.938;0;;34.518;0;36.585;0;36.835;0;193.2;2:30:16.481;18:29:47.745;0:34.518;0:36.585;0:36.835;267;Sagrera;;GT3;;Oman Racing by Century Motorsport;BMW;GF;34.518;36.585;36.835
42;2;68;1:48.365;0;;34.977;0;36.680;0;36.708;0;192.4;2:32:04.846;18:31:36.110;0:34.977;0:36.680;0:36.708;257;Sagrera;;GT3;;Oman Racing by Century Motorsport;BMW;GF;34.977;36.680;36.708
42;2;69;1:47.621;0;;34.440;0;36.592;0;36.589;0;193.8;2:33:52.467;18:33:23.731;0:34.440;0:36.592;0:36.589;267;Sagrera;;GT3;;Oman Racing by Century Motorsport;BMW;GF;34.440;36.592;36.589
42;2;70;1:48.089;0;;34.510;0;36.884;0;36.695;0;192.9;2:35:40.556;18:35:11.820;0:34.510;0:36.884;0:36.695;267;Sagrera;;GT3;;Oman Racing by Century Motorsport;BMW;GF;34.510;36.884;36.695
42;2;71;1:48.350;0;;34.491;0;36.975;0;36.884;0;192.5;2:37:28.906;18:37:00.170;0:34.491;0:36.975;0:36.884;266;Sagrera;;GT3;;Oman Racing by Century Motorsport;BMW;GF;34.491;36.975;36.884
42;2;72;3:19.888;0;;34.823;0;1:12.765;0;1:32.300;0;104.3;2:40:48.794;18:40:20.058;0:34.823;1:12.765;1:32.300;266;Sagrera;;GT3;;Oman Racing by Century Motorsport;BMW;FCY;34.823;72.765;92.300
42;2;73;4:21.132;0;;1:26.619;0;1:21.927;0;1:32.586;0;79.9;2:45:09.926;18:44:41.190;1:26.619;1:21.927;1:32.586;78;Sagrera;;GT3;;Oman Racing by Century Motorsport;BMW;FCY;86.619;81.927;92.586
42;2;74;3:42.465;0;;1:26.712;0;1:21.987;0;53.766;0;93.7;2:48:52.391;18:48:23.655;1:26.712;1:21.987;0:53.766;78;Sagrera;;GT3;;Oman Racing by Century Motorsport;BMW;SC;86.712;81.987;53.766
42;2;75;1:53.987;0;;36.280;0;38.556;0;39.151;0;183.0;2:50:46.378;18:50:17.642;0:36.280;0:38.556;0:39.151;252;Sagrera;;GT3;;Oman Racing by Century Motorsport;BMW;SC;36.280;38.556;39.151
42;2;76;2:24.177;0;;46.605;0;50.985;0;46.587;0;144.6;2:53:10.555;18:52:41.819;0:46.605;0:50.985;0:46.587;179;Sagrera;;GT3;;Oman Racing by Century Motorsport;BMW;GF;46.605;50.985;46.587
42;2;77;1:51.611;0;;36.273;0;37.633;0;37.705;0;186.9;2:55:02.166;18:54:33.430;0:36.273;0:37.633;0:37.705;232;Sagrera;;GT3;;Oman Racing by Century Motorsport;BMW;GF;36.273;37.633;37.705
42;2;78;2:03.448;0;;35.902;0;45.274;0;42.272;0;168.9;2:57:05.614;18:56:36.878;0:35.902;0:45.274;0:42.272;268;Sagrera;;GT3;;Oman Racing by Century Motorsport;BMW;GF;35.902;45.274;42.272
42;2;79;4:08.640;0;;1:30.147;0;1:26.955;0;1:11.538;0;83.9;3:01:14.254;19:00:45.518;1:30.147;1:26.955;1:11.538;54;Sagrera;;GT3;;Oman Racing by Century Motorsport;BMW;GF;90.147;86.955;71.538
44;1;1;3:07.664;1;;51.854;1;53.537;1;1:22.273;1;111.1;3:07.664;16:02:38.928;0:51.854;0:53.537;1:22.273;178;Rattican;;GT3;;Greystone GT;McLaren;SC;51.854;53.537;82.273
44;1;2;4:31.770;0;;1:53.765;0;1:18.243;0;1:19.762;1;76.7;7:39.434;16:07:10.698;1:53.765;1:18.243;1:19.762;71;Rattican;;GT3;;Greystone GT;McLaren;SC;113.765;78.243;79.762
44;1;3;3:13.663;0;;1:14.584;0;1:06.532;0;52.547;1;107.7;10:53.097;16:10:24.361;1:14.584;1:06.532;0:52.547;38;Rattican;;GT3;;Greystone GT;McLaren;SC;74.584;66.532;52.547
44;1;4;2:41.248;1;;1:02.314;0;52.984;1;45.950;1;129.3;13:34.345;16:13:05.609;1:02.314;0:52.984;0:45.950;90;Rattican;;GT3;;Greystone GT;McLaren;SC;62.314;52.984;45.950
44;1;5;2:33.006;1;;40.997;1;53.632;0;58.377;0;136.3;16:07.351;16:15:38.615;0:40.997;0:53.632;0:58.377;;Rattican;;GT3;;Greystone GT;McLaren;SC;40.997;53.632;58.377
44;1;6;3:06.175;0;;1:51.926;0;37.336;1;36.913;1;112.0;19:13.526;16:18:44.790;1:51.926;0:37.336;0:36.913;204;Rattican;;GT3;;Greystone GT;McLaren;GF;111.926;37.336;36.913
44;1;7;1:48.346;1;;34.681;1;36.864;1;36.801;1;192.5;21:01.872;16:20:33.136;0:34.681;0:36.864;0:36.801;265;Rattican;;GT3;;Greystone GT;McLaren;GF;34.681;36.864;36.801
44;1;8;1:48.165;1;;34.524;1;36.808;1;36.833;0;192.8;22:50.037;16:22:21.301;0:34.524;0:36.808;0:36.833;267;Rattican;;GT3;;Greystone GT;McLaren;GF;34.524;36.808;36.833
44;1;9;1:47.838;1;;34.449;1;36.561;1;36.828;0;193.4;24:37.875;16:24:09.139;0:34.449;0:36.561;0:36.828;267;Rattican;;GT3;;Greystone GT;McLaren;GF;34.449;36.561;36.828
44;1;10;1:48.076;0;;34.513;0;36.776;0;36.787;1;193.0;26:25.951;16:25:57.215;0:34.513;0:36.776;0:36.787;269;Rattican;;GT3;;Greystone GT;McLaren;GF;34.513;36.776;36.787
44;1;11;1:49.350;0;;35.243;0;37.073;0;37.034;0;190.7;28:15.301;16:27:46.565;0:35.243;0:37.073;0:37.034;233;Rattican;;GT3;;Greystone GT;McLaren;GF;35.243;37.073;37.034
44;1;12;1:48.333;0;;34.647;0;36.808;0;36.878;0;192.5;30:03.634;16:29:34.898;0:34.647;0:36.808;0:36.878;268;Rattican;;GT3;;Greystone GT;McLaren;GF;34.647;36.808;36.878
44;1;13;1:48.948;0;;34.489;0;37.049;0;37.410;0;191.4;31:52.582;16:31:23.846;0:34.489;0:37.049;0:37.410;270;Rattican;;GT3;;Greystone GT;McLaren;GF;34.489;37.049;37.410
44;1;14;1:47.808;1;;34.574;0;36.565;0;36.669;1;193.4;33:40.390;16:33:11.654;0:34.574;0:36.565;0:36.669;268;Rattican;;GT3;;Greystone GT;McLaren;GF;34.574;36.565;36.669
44;1;15;1:48.048;0;;34.479;0;36.806;0;36.763;0;193.0;35:28.438;16:34:59.702;0:34.479;0:36.806;0:36.763;269;Rattican;;GT3;;Greystone GT;McLaren;GF;34.479;36.806;36.763
44;1;16;1:49.310;0;;34.535;0;37.260;0;37.515;0;190.8;37:17.748;16:36:49.012;0:34.535;0:37.260;0:37.515;267;Rattican;;GT3;;Greystone GT;McLaren;GF;34.535;37.260;37.515
44;1;17;1:48.634;0;;34.465;0;37.147;0;37.022;0;192.0;39:06.382;16:38:37.646;0:34.465;0:37.147;0:37.022;265;Rattican;;GT3;;Greystone GT;McLaren;GF;34.465;37.147;37.022
44;1;18;1:48.256;0;;34.432;1;36.790;0;37.034;0;192.6;40:54.638;16:40:25.902;0:34.432;0:36.790;0:37.034;266;Rattican;;GT3;;Greystone GT;McLaren;GF;34.432;36.790;37.034
44;1;19;1:48.489;0;;34.575;0;36.664;0;37.250;0;192.2;42:43.127;16:42:14.391;0:34.575;0:36.664;0:37.250;266;Rattican;;GT3;;Greystone GT;McLaren;GF;34.575;36.664;37.250
44;1;20;1:48.155;0;;34.469;0;36.749;0;36.937;0;192.8;44:31.282;16:44:02.546;0:34.469;0:36.749;0:36.937;266;Rattican;;GT3;;Greystone GT;McLaren;GF;34.469;36.749;36.937
44;1;21;1:48.703;0;;34.560;0;36.920;0;37.223;0;191.9;46:19.985;16:45:51.249;0:34.560;0:36.920;0:37.223;266;Rattican;;GT3;;Greystone GT;McLaren;GF;34.560;36.920;37.223
44;1;22;1:48.760;0;;34.429;1;37.117;0;37.214;0;191.8;48:08.745;16:47:40.009;0:34.429;0:37.117;0:37.214;268;Rattican;;GT3;;Greystone GT;McLaren;GF;34.429;37.117;37.214
44;1;23;1:52.597;0;;34.613;0;36.751;0;41.233;0;185.2;50:01.342;16:49:32.606;0:34.613;0:36.751;0:41.233;268;Rattican;;GT3;;Greystone GT;McLaren;FCY;34.613;36.751;41.233
44;1;24;4:22.908;0;;1:27.155;0;1:22.706;0;1:33.047;0;79.3;54:24.250;16:53:55.514;1:27.155;1:22.706;1:33.047;77;Rattican;;GT3;;Greystone GT;McLaren;FCY;87.155;82.706;93.047
44;1;25;4:22.324;0;;1:26.841;0;1:22.393;0;1:33.090;0;79.5;58:46.574;16:58:17.838;1:26.841;1:22.393;1:33.090;78;Rattican;;GT3;;Greystone GT;McLaren;FCY;86.841;82.393;93.090
44;1;26;4:22.390;0;;1:26.897;0;1:22.409;0;1:33.084;0;79.5;1:03:08.964;17:02:40.228;1:26.897;1:22.409;1:33.084;78;Rattican;;GT3;;Greystone GT;McLaren;GF;86.897;82.409;93.084
44;1;27;2:57.722;0;B;1:26.986;0;46.775;0;43.961;0;117.3;1:06:06.686;17:05:37.950;1:26.986;0:46.775;0:43.961;78;Rattican;;GT3;;Greystone GT;McLaren;SC;86.986;46.775;43.961
44;1;28;2:40.126;0;;1:06.242;0;50.971;0;42.913;0;130.2;1:08:46.812;17:08:18.076;1:06.242;0:50.971;0:42.913;81;Rattican;;GT3;;Greystone GT;McLaren;GF;66.242;50.971;42.913
44;1;29;1:50.909;0;;35.266;0;38.234;0;37.409;0;188.0;1:10:37.721;17:10:08.985;0:35.266;0:38.234;0:37.409;268;Rattican;;GT3;;Greystone GT;McLaren;GF;35.266;38.234;37.409
44;1;30;1:49.343;0;;34.917;0;37.616;0;36.810;0;190.7;1:12:27.064;17:11:58.328;0:34.917;0:37.616;0:36.810;259;Rattican;;GT3;;Greystone GT;McLaren;GF;34.917;37.616;36.810
44;1;31;1:57.155;0;;34.371;1;37.878;0;44.906;0;178.0;1:14:24.219;17:13:55.483;0:34.371;0:37.878;0:44.906;;Rattican;;GT3;;Greystone GT;McLaren;GF;34.371;37.878;44.906
44;3;32;3:05.068;0;;1:51.325;0;36.818;0;36.925;0;112.7;1:17:29.287;17:17:00.551;1:51.325;0:36.818;0:36.925;203;Kelly;;GT3;;Greystone GT;McLaren;GF;111.325;36.818;36.925
44;3;33;1:48.488;0;;34.725;0;36.750;0;37.013;0;192.2;1:19:17.775;17:18:49.039;0:34.725;0:36.750;0:37.013;265;Kelly;;GT3;;Greystone GT;McLaren;GF;34.725;36.750;37.013
44;3;34;2:25.972;0;;1:05.293;0;43.938;0;36.741;0;142.9;1:21:43.747;17:21:15.011;1:05.293;0:43.938;0:36.741;76;Kelly;;GT3;;Greystone GT;McLaren;GF;65.293;43.938;36.741
44;3;35;1:48.028;0;;34.658;0;36.686;0;36.684;0;193.0;1:23:31.775;17:23:03.039;0:34.658;0:36.686;0:36.684;265;Kelly;;GT3;;Greystone GT;McLaren;GF;34.658;36.686;36.684
44;3;36;1:48.088;0;;34.681;0;36.705;0;36.702;0;192.9;1:25:19.863;17:24:51.127;0:34.681;0:36.705;0:36.702;267;Kelly;;GT3;;Greystone GT;McLaren;GF;34.681;36.705;36.702
44;3;37;1:47.663;1;;34.441;0;36.671;0;36.551;1;193.7;1:27:07.526;17:26:38.790;0:34.441;0:36.671;0:36.551;266;Kelly;;GT3;;Greystone GT;McLaren;GF;34.441;36.671;36.551
44;3;38;1:47.804;0;;34.572;0;36.541;1;36.691;0;193.5;1:28:55.330;17:28:26.594;0:34.572;0:36.541;0:36.691;267;Kelly;;GT3;;Greystone GT;McLaren;GF;34.572;36.541;36.691
44;3;39;1:47.807;0;;34.532;0;36.556;0;36.719;0;193.4;1:30:43.137;17:30:14.401;0:34.532;0:36.556;0:36.719;267;Kelly;;GT3;;Greystone GT;McLaren;GF;34.532;36.556;36.719
44;3;40;1:47.975;0;;34.592;0;36.626;0;36.757;0;193.1;1:32:31.112;17:32:02.376;0:34.592;0:36.626;0:36.757;267;Kelly;;GT3;;Greystone GT;McLaren;GF;34.592;36.626;36.757
44;3;41;1:47.671;0;;34.525;0;36.551;0;36.595;0;193.7;1:34:18.783;17:33:50.047;0:34.525;0:36.551;0:36.595;267;Kelly;;GT3;;Greystone GT;McLaren;GF;34.525;36.551;36.595
44;3;42;2:48.797;0;;34.614;0;41.339;0;1:32.844;0;123.5;1:37:07.580;17:36:38.844;0:34.614;0:41.339;1:32.844;268;Kelly;;GT3;;Greystone GT;McLaren;FCY;34.614;41.339;92.844
44;3;43;4:21.948;0;;1:26.701;0;1:22.219;0;1:33.028;0;79.6;1:41:29.528;17:41:00.792;1:26.701;1:22.219;1:33.028;78;Kelly;;GT3;;Greystone GT;McLaren;FCY;86.701;82.219;93.028
44;3;44;4:23.001;0;;1:27.726;0;1:22.272;0;1:33.003;0;79.3;1:45:52.529;17:45:23.793;1:27.726;1:22.272;1:33.003;78;Kelly;;GT3;;Greystone GT;McLaren;GF;87.726;82.272;93.003
44;3;45;2:11.467;0;;51.589;0;40.480;0;39.398;0;158.6;1:48:03.996;17:47:35.260;0:51.589;0:40.480;0:39.398;168;Kelly;;GT3;;Greystone GT;McLaren;SC;51.589;40.480;39.398
44;3;46;2:04.874;0;;36.808;0;37.581;0;50.485;0;167.0;1:50:08.870;17:49:40.134;0:36.808;0:37.581;0:50.485;234;Kelly;;GT3;;Greystone GT;McLaren;SC;36.808;37.581;50.485
44;3;47;2:43.502;0;;1:06.038;0;53.998;0;43.466;0;127.6;1:52:52.372;17:52:23.636;1:06.038;0:53.998;0:43.466;69;Kelly;;GT3;;Greystone GT;McLaren;GF;66.038;53.998;43.466
44;3;48;1:50.291;0;;34.860;0;37.609;0;37.822;0;189.1;1:54:42.663;17:54:13.927;0:34.860;0:37.609;0:37.822;264;Kelly;;GT3;;Greystone GT;McLaren;GF;34.860;37.609;37.822
44;3;49;1:50.636;0;;36.166;0;37.594;0;36.876;0;188.5;1:56:33.299;17:56:04.563;0:36.166;0:37.594;0:36.876;244;Kelly;;GT3;;Greystone GT;McLaren;GF;36.166;37.594;36.876
44;3;50;1:48.588;0;;34.547;0;37.159;0;36.882;0;192.1;1:58:21.887;17:57:53.151;0:34.547;0:37.159;0:36.882;269;Kelly;;GT3;;Greystone GT;McLaren;GF;34.547;37.159;36.882
44;3;51;1:48.382;0;;34.540;0;36.716;0;37.126;0;192.4;2:00:10.269;17:59:41.533;0:34.540;0:36.716;0:37.126;269;Kelly;;GT3;;Greystone GT;McLaren;GF;34.540;36.716;37.126
44;3;52;1:48.892;0;B;34.652;0;37.076;0;37.164;0;191.5;2:01:59.161;18:01:30.425;0:34.652;0:37.076;0:37.164;269;Kelly;;GT3;;Greystone GT;McLaren;GF;34.652;37.076;37.164
44;3;53;1:48.870;0;;34.856;0;37.026;0;36.988;0;191.6;2:03:48.031;18:03:19.295;0:34.856;0:37.026;0:36.988;262;Kelly;;GT3;;Greystone GT;McLaren;GF;34.856;37.026;36.988
44;3;54;1:48.078;0;;34.602;0;36.811;0;36.665;0;193.0;2:05:36.109;18:05:07.373;0:34.602;0:36.811;0:36.665;266;Kelly;;GT3;;Greystone GT;McLaren;GF;34.602;36.811;36.665
44;3;55;1:48.468;0;;34.592;0;37.086;0;36.790;0;192.3;2:07:24.577;18:06:55.841;0:34.592;0:37.086;0:36.790;267;Kelly;;GT3;;Greystone GT;McLaren;GF;34.592;37.086;36.790
44;3;56;1:48.309;0;;34.668;0;36.960;0;36.681;0;192.5;2:09:12.886;18:08:44.150;0:34.668;0:36.960;0:36.681;269;Kelly;;GT3;;Greystone GT;McLaren;GF;34.668;36.960;36.681
44;3;57;1:48.250;0;;34.651;0;36.768;0;36.831;0;192.7;2:11:01.136;18:10:32.400;0:34.651;0:36.768;0:36.831;269;Kelly;;GT3;;Greystone GT;McLaren;GF;34.651;36.768;36.831
44;3;58;1:56.029;0;;34.612;0;36.794;0;44.623;0;179.7;2:12:57.165;18:12:28.429;0:34.612;0:36.794;0:44.623;;Kelly;;GT3;;Greystone GT;McLaren;GF;34.612;36.794;44.623
44;2;59;3:09.246;0;;1:55.530;0;36.725;0;36.991;0;110.2;2:16:06.411;18:15:37.675;1:55.530;0:36.725;0:36.991;200;Pintos;;GT3;;Greystone GT;McLaren;GF;115.530;36.725;36.991
44;2;60;1:47.933;0;;34.584;0;36.554;0;36.795;0;193.2;2:17:54.344;18:17:25.608;0:34.584;0:36.554;0:36.795;269;Pintos;;GT3;;Greystone GT;McLaren;GF;34.584;36.554;36.795
44;2;61;1:48.605;0;;34.566;0;36.843;0;37.196;0;192.0;2:19:42.949;18:19:14.213;0:34.566;0:36.843;0:37.196;267;Pintos;;GT3;;Greystone GT;McLaren;GF;34.566;36.843;37.196
44;2;62;1:48.451;0;;34.740;0;36.966;0;36.745;0;192.3;2:21:31.400;18:21:02.664;0:34.740;0:36.966;0:36.745;269;Pintos;;GT3;;Greystone GT;McLaren;GF;34.740;36.966;36.745
44;2;63;1:48.287;0;;34.451;0;36.897;0;36.939;0;192.6;2:23:19.687;18:22:50.951;0:34.451;0:36.897;0:36.939;269;Pintos;;GT3;;Greystone GT;McLaren;GF;34.451;36.897;36.939
44;2;64;1:48.309;0;;34.563;0;36.938;0;36.808;0;192.5;2:25:07.996;18:24:39.260;0:34.563;0:36.938;0:36.808;268;Pintos;;GT3;;Greystone GT;McLaren;GF;34.563;36.938;36.808
44;2;65;1:47.471;1;;34.460;0;36.322;1;36.689;0;194.1;2:26:55.467;18:26:26.731;0:34.460;0:36.322;0:36.689;269;Pintos;;GT3;;Greystone GT;McLaren;GF;34.460;36.322;36.689
44;2;66;1:48.858;0;;34.447;0;37.384;0;37.027;0;191.6;2:28:44.325;18:28:15.589;0:34.447;0:37.384;0:37.027;269;Pintos;;GT3;;Greystone GT;McLaren;GF;34.447;37.384;37.027
44;2;67;1:47.801;0;;34.482;0;36.565;0;36.754;0;193.5;2:30:32.126;18:30:03.390;0:34.482;0:36.565;0:36.754;269;Pintos;;GT3;;Greystone GT;McLaren;GF;34.482;36.565;36.754
44;2;68;1:47.897;0;B;34.516;0;36.632;0;36.749;0;193.3;2:32:20.023;18:31:51.287;0:34.516;0:36.632;0:36.749;268;Pintos;;GT3;;Greystone GT;McLaren;GF;34.516;36.632;36.749
44;2;69;1:48.034;0;;34.647;0;36.729;0;36.658;0;193.0;2:34:08.057;18:33:39.321;0:34.647;0:36.729;0:36.658;267;Pintos;;GT3;;Greystone GT;McLaren;GF;34.647;36.729;36.658
44;2;70;1:48.331;0;;34.512;0;37.024;0;36.795;0;192.5;2:35:56.388;18:35:27.652;0:34.512;0:37.024;0:36.795;269;Pintos;;GT3;;Greystone GT;McLaren;GF;34.512;37.024;36.795
44;2;71;4:58.230;0;;34.501;0;2:47.158;0;1:36.571;0;69.9;2:40:54.618;18:40:25.882;0:34.501;2:47.158;1:36.571;;Pintos;;GT3;;Greystone GT;McLaren;FCY;34.501;167.158;96.571
45;2;1;2:46.456;1;;45.285;1;45.079;1;1:16.092;1;125.3;2:46.456;16:02:17.720;0:45.285;0:45.079;1:16.092;177;Medler;;GT3;;Rinaldi Racing;Ferrari;SC;45.285;45.079;76.092
45;2;2;4:28.539;0;;1:47.813;0;1:20.360;0;1:20.366;0;77.7;7:14.995;16:06:46.259;1:47.813;1:20.360;1:20.366;48;Medler;;GT3;;Rinaldi Racing;Ferrari;SC;107.813;80.360;80.366
45;2;3;3:22.265;0;;1:20.694;0;1:03.288;0;58.283;1;103.1;10:37.260;16:10:08.524;1:20.694;1:03.288;0:58.283;47;Medler;;GT3;;Rinaldi Racing;Ferrari;SC;80.694;63.288;58.283
45;2;4;2:53.130;0;;1:04.560;0;54.148;0;54.422;1;120.5;13:30.390;16:13:01.654;1:04.560;0:54.148;0:54.422;;Medler;;GT3;;Rinaldi Racing;Ferrari;SC;64.560;54.148;54.422
45;2;5;3:08.195;0;;1:51.667;0;38.251;1;38.277;1;110.8;16:38.585;16:16:09.849;1:51.667;0:38.251;0:38.277;201;Medler;;GT3;;Rinaldi Racing;Ferrari;SC;111.667;38.251;38.277
45;2;6;2:11.635;1;;36.870;1;50.374;0;44.391;0;158.4;18:50.220;16:18:21.484;0:36.870;0:50.374;0:44.391;209;Medler;;GT3;;Rinaldi Racing;Ferrari;GF;36.870;50.374;44.391
45;2;7;1:53.367;1;;35.511;1;37.854;1;40.002;0;184.0;20:43.587;16:20:14.851;0:35.511;0:37.854;0:40.002;253;Medler;;GT3;;Rinaldi Racing;Ferrari;GF;35.511;37.854;40.002
45;2;8;1:53.608;0;;37.766;0;38.754;0;37.088;1;183.6;22:37.195;16:22:08.459;0:37.766;0:38.754;0:37.088;263;Medler;;GT3;;Rinaldi Racing;Ferrari;GF;37.766;38.754;37.088
45;2;9;1:48.669;1;;34.212;1;37.317;1;37.140;0;191.9;24:25.864;16:23:57.128;0:34.212;0:37.317;0:37.140;271;Medler;;GT3;;Rinaldi Racing;Ferrari;GF;34.212;37.317;37.140
45;2;10;1:49.779;0;;34.661;0;37.765;0;37.353;0;190.0;26:15.643;16:25:46.907;0:34.661;0:37.765;0:37.353;255;Medler;;GT3;;Rinaldi Racing;Ferrari;GF;34.661;37.765;37.353
45;2;11;1:48.217;1;;34.513;0;36.889;1;36.815;1;192.7;28:03.860;16:27:35.124;0:34.513;0:36.889;0:36.815;270;Medler;;GT3;;Rinaldi Racing;Ferrari;GF;34.513;36.889;36.815
45;2;12;1:47.836;1;;34.133;1;36.801;1;36.902;0;193.4;29:51.696;16:29:22.960;0:34.133;0:36.801;0:36.902;272;Medler;;GT3;;Rinaldi Racing;Ferrari;GF;34.133;36.801;36.902
45;2;13;1:48.244;0;;34.119;1;36.819;0;37.306;0;192.7;31:39.940;16:31:11.204;0:34.119;0:36.819;0:37.306;272;Medler;;GT3;;Rinaldi Racing;Ferrari;GF;34.119;36.819;37.306
45;2;14;1:48.934;0;;35.029;0;36.850;0;37.055;0;191.4;33:28.874;16:33:00.138;0:35.029;0:36.850;0:37.055;265;Medler;;GT3;;Rinaldi Racing;Ferrari;GF;35.029;36.850;37.055
45;2;15;1:50.090;0;;34.657;0;37.894;0;37.539;0;189.4;35:18.964;16:34:50.228;0:34.657;0:37.894;0:37.539;272;Medler;;GT3;;Rinaldi Racing;Ferrari;GF;34.657;37.894;37.539
45;2;16;1:48.763;0;;34.422;0;37.074;0;37.267;0;191.7;37:07.727;16:36:38.991;0:34.422;0:37.074;0:37.267;267;Medler;;GT3;;Rinaldi Racing;Ferrari;GF;34.422;37.074;37.267
45;2;17;1:47.941;0;;34.285;0;36.790;1;36.866;0;193.2;38:55.668;16:38:26.932;0:34.285;0:36.790;0:36.866;264;Medler;;GT3;;Rinaldi Racing;Ferrari;GF;34.285;36.790;36.866
45;2;18;1:48.837;0;;34.431;0;37.252;0;37.154;0;191.6;40:44.505;16:40:15.769;0:34.431;0:37.252;0:37.154;264;Medler;;GT3;;Rinaldi Racing;Ferrari;GF;34.431;37.252;37.154
45;2;19;1:47.925;0;;34.171;0;37.004;0;36.750;1;193.2;42:32.430;16:42:03.694;0:34.171;0:37.004;0:36.750;265;Medler;;GT3;;Rinaldi Racing;Ferrari;GF;34.171;37.004;36.750
45;2;20;1:49.264;0;;34.389;0;37.333;0;37.542;0;190.9;44:21.694;16:43:52.958;0:34.389;0:37.333;0:37.542;271;Medler;;GT3;;Rinaldi Racing;Ferrari;GF;34.389;37.333;37.542
45;2;21;1:49.187;0;;34.894;0;37.540;0;36.753;0;191.0;46:10.881;16:45:42.145;0:34.894;0:37.540;0:36.753;269;Medler;;GT3;;Rinaldi Racing;Ferrari;GF;34.894;37.540;36.753
45;2;22;1:47.473;1;;34.238;0;36.585;1;36.650;1;194.0;47:58.354;16:47:29.618;0:34.238;0:36.585;0:36.650;270;Medler;;GT3;;Rinaldi Racing;Ferrari;GF;34.238;36.585;36.650
45;2;23;1:47.792;0;;34.170;0;36.802;0;36.820;0;193.5;49:46.146;16:49:17.410;0:34.170;0:36.802;0:36.820;268;Medler;;GT3;;Rinaldi Racing;Ferrari;GF;34.170;36.802;36.820
45;2;24;3:59.348;0;;1:04.871;0;1:21.862;0;1:32.615;0;87.1;53:45.494;16:53:16.758;1:04.871;1:21.862;1:32.615;80;Medler;;GT3;;Rinaldi Racing;Ferrari;FCY;64.871;81.862;92.615
45;2;25;4:20.477;0;;1:26.211;0;1:21.853;0;1:32.413;0;80.1;58:05.971;16:57:37.235;1:26.211;1:21.853;1:32.413;78;Medler;;GT3;;Rinaldi Racing;Ferrari;FCY;86.211;81.853;92.413
45;2;26;4:24.616;0;;1:26.343;0;1:22.284;0;1:35.989;0;78.8;1:02:30.587;17:02:01.851;1:26.343;1:22.284;1:35.989;;Medler;;GT3;;Rinaldi Racing;Ferrari;GF;86.343;82.284;95.989
45;3;27;3:43.363;0;B;2:17.883;0;43.416;0;42.064;0;93.4;1:06:13.950;17:05:45.214;2:17.883;0:43.416;0:42.064;78;Perel;;GT3;;Rinaldi Racing;Ferrari;SC;137.883;43.416;42.064
45;3;28;2:33.776;0;;1:01.157;0;51.397;0;41.222;0;135.6;1:08:47.726;17:08:18.990;1:01.157;0:51.397;0:41.222;80;Perel;;GT3;;Rinaldi Racing;Ferrari;GF;61.157;51.397;41.222
45;3;29;1:50.251;0;;34.790;0;38.319;0;37.142;0;189.2;1:10:37.977;17:10:09.241;0:34.790;0:38.319;0:37.142;260;Perel;;GT3;;Rinaldi Racing;Ferrari;GF;34.790;38.319;37.142
45;3;30;1:50.171;0;;35.095;0;38.018;0;37.058;0;189.3;1:12:28.148;17:11:59.412;0:35.095;0:38.018;0:37.058;260;Perel;;GT3;;Rinaldi Racing;Ferrari;GF;35.095;38.018;37.058
45;3;31;1:48.619;0;;34.349;0;37.123;0;37.147;0;192.0;1:14:16.767;17:13:48.031;0:34.349;0:37.123;0:37.147;272;Perel;;GT3;;Rinaldi Racing;Ferrari;GF;34.349;37.123;37.147
45;3;32;1:49.219;0;;34.322;0;37.457;0;37.440;0;190.9;1:16:05.986;17:15:37.250;0:34.322;0:37.457;0:37.440;269;Perel;;GT3;;Rinaldi Racing;Ferrari;GF;34.322;37.457;37.440
45;3;33;1:48.213;0;;34.729;0;36.769;0;36.715;0;192.7;1:17:54.199;17:17:25.463;0:34.729;0:36.769;0:36.715;270;Perel;;GT3;;Rinaldi Racing;Ferrari;GF;34.729;36.769;36.715
45;3;34;2:04.123;0;;34.351;0;36.412;1;53.360;0;168.0;1:19:58.322;17:19:29.586;0:34.351;0:36.412;0:53.360;270;Perel;;GT3;;Rinaldi Racing;Ferrari;FCY;34.351;36.412;53.360
45;3;35;2:14.310;0;;1:00.830;0;36.772;0;36.708;0;155.3;1:22:12.632;17:21:43.896;1:00.830;0:36.772;0:36.708;78;Perel;;GT3;;Rinaldi Racing;Ferrari;GF;60.830;36.772;36.708
45;3;36;1:47.470;1;;34.185;0;36.511;0;36.774;0;194.1;1:24:00.102;17:23:31.366;0:34.185;0:36.511;0:36.774;268;Perel;;GT3;;Rinaldi Racing;Ferrari;GF;34.185;36.511;36.774
45;3;37;1:47.192;1;;34.087;1;36.483;0;36.622;1;194.6;1:25:47.294;17:25:18.558;0:34.087;0:36.483;0:36.622;269;Perel;;GT3;;Rinaldi Racing;Ferrari;GF;34.087;36.483;36.622
45;3;38;1:47.914;0;;34.207;0;36.950;0;36.757;0;193.3;1:27:35.208;17:27:06.472;0:34.207;0:36.950;0:36.757;261;Perel;;GT3;;Rinaldi Racing;Ferrari;GF;34.207;36.950;36.757
45;3;39;1:47.950;0;;34.826;0;36.489;0;36.635;0;193.2;1:29:23.158;17:28:54.422;0:34.826;0:36.489;0:36.635;262;Perel;;GT3;;Rinaldi Racing;Ferrari;GF;34.826;36.489;36.635
45;3;40;1:47.316;0;;34.141;0;36.776;0;36.399;1;194.3;1:31:10.474;17:30:41.738;0:34.141;0:36.776;0:36.399;269;Perel;;GT3;;Rinaldi Racing;Ferrari;GF;34.141;36.776;36.399
45;3;41;1:46.606;1;;34.001;1;36.219;1;36.386;1;195.6;1:32:57.080;17:32:28.344;0:34.001;0:36.219;0:36.386;269;Perel;;GT3;;Rinaldi Racing;Ferrari;GF;34.001;36.219;36.386
45;3;42;1:46.783;0;;34.064;0;36.324;0;36.395;0;195.3;1:34:43.863;17:34:15.127;0:34.064;0:36.324;0:36.395;270;Perel;;GT3;;Rinaldi Racing;Ferrari;GF;34.064;36.324;36.395
45;3;43;3:20.690;0;;34.162;0;1:11.494;0;1:35.034;0;103.9;1:38:04.553;17:37:35.817;0:34.162;1:11.494;1:35.034;;Perel;;GT3;;Rinaldi Racing;Ferrari;FCY;34.162;71.494;95.034
45;3;44;5:24.830;0;;2:30.000;0;1:21.791;0;1:33.039;0;64.2;1:43:29.383;17:43:00.647;2:30.000;1:21.791;1:33.039;78;Perel;;GT3;;Rinaldi Racing;Ferrari;FCY;150.000;81.791;93.039
45;3;45;3:27.077;0;;1:26.713;0;1:16.187;0;44.177;0;100.7;1:46:56.460;17:46:27.724;1:26.713;1:16.187;0:44.177;78;Perel;;GT3;;Rinaldi Racing;Ferrari;SC;86.713;76.187;44.177
45;3;46;2:47.583;0;;36.867;0;1:01.547;0;1:09.169;0;124.4;1:49:44.043;17:49:15.307;0:36.867;1:01.547;1:09.169;234;Perel;;GT3;;Rinaldi Racing;Ferrari;SC;36.867;61.547;69.169
45;3;47;2:55.086;0;;1:05.907;0;55.605;0;53.574;0;119.1;1:52:39.129;17:52:10.393;1:05.907;0:55.605;0:53.574;102;Perel;;GT3;;Rinaldi Racing;Ferrari;GF;65.907;55.605;53.574
45;3;48;1:49.637;0;;35.021;0;37.295;0;37.321;0;190.2;1:54:28.766;17:54:00.030;0:35.021;0:37.295;0:37.321;253;Perel;;GT3;;Rinaldi Racing;Ferrari;GF;35.021;37.295;37.321
45;3;49;1:49.113;0;;34.477;0;37.417;0;37.219;0;191.1;1:56:17.879;17:55:49.143;0:34.477;0:37.417;0:37.219;273;Perel;;GT3;;Rinaldi Racing;Ferrari;GF;34.477;37.417;37.219
45;3;50;1:48.524;0;;34.264;0;36.984;0;37.276;0;192.2;1:58:06.403;17:57:37.667;0:34.264;0:36.984;0:37.276;273;Perel;;GT3;;Rinaldi Racing;Ferrari;GF;34.264;36.984;37.276
45;3;51;1:49.579;0;;34.951;0;37.607;0;37.021;0;190.3;1:59:55.982;17:59:27.246;0:34.951;0:37.607;0:37.021;272;Perel;;GT3;;Rinaldi Racing;Ferrari;GF;34.951;37.607;37.021
45;3;52;1:48.556;0;;34.260;0;37.207;0;37.089;0;192.1;2:01:44.538;18:01:15.802;0:34.260;0:37.207;0:37.089;273;Perel;;GT3;;Rinaldi Racing;Ferrari;GF;34.260;37.207;37.089
45;3;53;1:47.603;0;;34.098;0;36.716;0;36.789;0;193.8;2:03:32.141;18:03:03.405;0:34.098;0:36.716;0:36.789;271;Perel;;GT3;;Rinaldi Racing;Ferrari;GF;34.098;36.716;36.789
45;3;54;1:48.398;0;;34.066;0;37.343;0;36.989;0;192.4;2:05:20.539;18:04:51.803;0:34.066;0:37.343;0:36.989;271;Perel;;GT3;;Rinaldi Racing;Ferrari;GF;34.066;37.343;36.989
45;3;55;1:48.454;0;B;34.128;0;36.818;0;37.508;0;192.3;2:07:08.993;18:06:40.257;0:34.128;0:36.818;0:37.508;271;Perel;;GT3;;Rinaldi Racing;Ferrari;GF;34.128;36.818;37.508
45;3;56;1:47.763;0;;34.558;0;36.619;0;36.586;0;193.5;2:08:56.756;18:08:28.020;0:34.558;0:36.619;0:36.586;262;Perel;;GT3;;Rinaldi Racing;Ferrari;GF;34.558;36.619;36.586
45;2;57;1:54.021;0;;33.981;1;36.423;0;43.617;0;182.9;2:10:50.777;18:10:22.041;0:33.981;0:36.423;0:43.617;;Medler;;GT3;;Rinaldi Racing;Ferrari;GF;33.981;36.423;43.617
45;1;58;3:08.465;0;;1:52.406;0;37.970;0;38.089;0;110.7;2:13:59.242;18:13:30.506;1:52.406;0:37.970;0:38.089;203;Duran;;GT3;;Rinaldi Racing;Ferrari;GF;112.406;37.970;38.089
45;1;59;1:50.401;0;;35.489;0;37.777;0;37.135;0;188.9;2:15:49.643;18:15:20.907;0:35.489;0:37.777;0:37.135;255;Duran;;GT3;;Rinaldi Racing;Ferrari;GF;35.489;37.777;37.135
45;1;60;1:48.401;0;;34.358;0;37.104;0;36.939;0;192.4;2:17:38.044;18:17:09.308;0:34.358;0:37.104;0:36.939;269;Duran;;GT3;;Rinaldi Racing;Ferrari;GF;34.358;37.104;36.939
45;1;61;1:47.933;0;;34.358;0;36.820;0;36.755;0;193.2;2:19:25.977;18:18:57.241;0:34.358;0:36.820;0:36.755;267;Duran;;GT3;;Rinaldi Racing;Ferrari;GF;34.358;36.820;36.755
45;1;62;1:49.799;0;;34.244;0;38.445;0;37.110;0;189.9;2:21:15.776;18:20:47.040;0:34.244;0:38.445;0:37.110;267;Duran;;GT3;;Rinaldi Racing;Ferrari;GF;34.244;38.445;37.110
45;1;63;1:47.745;0;;34.232;0;36.683;0;36.830;0;193.6;2:23:03.521;18:22:34.785;0:34.232;0:36.683;0:36.830;270;Duran;;GT3;;Rinaldi Racing;Ferrari;GF;34.232;36.683;36.830
45;1;64;1:47.602;0;;34.030;0;36.902;0;36.670;0;193.8;2:24:51.123;18:24:22.387;0:34.030;0:36.902;0:36.670;269;Duran;;GT3;;Rinaldi Racing;Ferrari;GF;34.030;36.902;36.670
45;1;65;1:47.753;0;;34.219;0;36.763;0;36.771;0;193.5;2:26:38.876;18:26:10.140;0:34.219;0:36.763;0:36.771;271;Duran;;GT3;;Rinaldi Racing;Ferrari;GF;34.219;36.763;36.771
45;1;66;1:48.560;0;;34.067;0;37.526;0;36.967;0;192.1;2:28:27.436;18:27:58.700;0:34.067;0:37.526;0:36.967;271;Duran;;GT3;;Rinaldi Racing;Ferrari;GF;34.067;37.526;36.967
45;1;67;1:47.619;0;;34.184;0;36.638;0;36.797;0;193.8;2:30:15.055;18:29:46.319;0:34.184;0:36.638;0:36.797;270;Duran;;GT3;;Rinaldi Racing;Ferrari;GF;34.184;36.638;36.797
45;1;68;1:47.481;0;;34.091;0;36.687;0;36.703;0;194.0;2:32:02.536;18:31:33.800;0:34.091;0:36.687;0:36.703;269;Duran;;GT3;;Rinaldi Racing;Ferrari;GF;34.091;36.687;36.703
45;1;69;1:48.390;0;;34.165;0;36.884;0;37.341;0;192.4;2:33:50.926;18:33:22.190;0:34.165;0:36.884;0:37.341;269;Duran;;GT3;;Rinaldi Racing;Ferrari;GF;34.165;36.884;37.341
45;1;70;1:48.827;0;;35.022;0;37.022;0;36.783;0;191.6;2:35:39.753;18:35:11.017;0:35.022;0:37.022;0:36.783;255;Duran;;GT3;;Rinaldi Racing;Ferrari;GF;35.022;37.022;36.783
45;1;71;1:56.291;0;;34.193;0;42.309;0;39.789;0;179.3;2:37:36.044;18:37:07.308;0:34.193;0:42.309;0:39.789;269;Duran;;GT3;;Rinaldi Racing;Ferrari;GF;34.193;42.309;39.789
45;1;72;3:23.953;0;;34.993;0;1:16.549;0;1:32.411;0;102.3;2:40:59.997;18:40:31.261;0:34.993;1:16.549;1:32.411;272;Duran;;GT3;;Rinaldi Racing;Ferrari;FCY;34.993;76.549;92.411
45;1;73;4:20.983;0;;1:26.818;0;1:21.745;0;1:32.420;0;79.9;2:45:20.980;18:44:52.244;1:26.818;1:21.745;1:32.420;78;Duran;;GT3;;Rinaldi Racing;Ferrari;FCY;86.818;81.745;92.420
45;1;74;3:41.959;0;;1:27.495;0;1:22.391;0;52.073;0;94.0;2:49:02.939;18:48:34.203;1:27.495;1:22.391;0:52.073;78;Duran;;GT3;;Rinaldi Racing;Ferrari;SC;87.495;82.391;52.073
45;1;75;1:55.994;0;;38.027;0;38.469;0;39.498;0;179.8;2:50:58.933;18:50:30.197;0:38.027;0:38.469;0:39.498;213;Duran;;GT3;;Rinaldi Racing;Ferrari;SC;38.027;38.469;39.498
45;1;76;2:14.265;0;;41.437;0;48.704;0;44.124;0;155.3;2:53:13.198;18:52:44.462;0:41.437;0:48.704;0:44.124;260;Duran;;GT3;;Rinaldi Racing;Ferrari;GF;41.437;48.704;44.124
45;1;77;1:53.266;0;;35.842;0;39.315;0;38.109;0;184.1;2:55:06.464;18:54:37.728;0:35.842;0:39.315;0:38.109;269;Duran;;GT3;;Rinaldi Racing;Ferrari;GF;35.842;39.315;38.109
45;1;78;2:06.721;0;;36.557;0;48.533;0;41.631;0;164.6;2:57:13.185;18:56:44.449;0:36.557;0:48.533;0:41.631;258;Duran;;GT3;;Rinaldi Racing;Ferrari;GF;36.557;48.533;41.631
45;1;79;4:09.524;0;;1:31.995;0;1:25.332;0;1:12.197;0;83.6;3:01:22.709;19:00:53.973;1:31.995;1:25.332;1:12.197;24;Duran;;GT3;;Rinaldi Racing;Ferrari;GF;91.995;85.332;72.197
46;3;1;2:24.690;1;;40.800;1;37.912;1;1:05.978;1;144.1;2:24.690;16:01:55.954;0:40.800;0:37.912;1:05.978;199;Rossi;;GT3;;Team WRT;BMW;SC;40.800;37.912;65.978
46;3;2;4:22.851;0;;1:46.228;0;1:19.373;0;1:17.250;0;79.3;6:47.541;16:06:18.805;1:46.228;1:19.373;1:17.250;47;Rossi;;GT3;;Team WRT;BMW;SC;106.228;79.373;77.250
46;3;3;3:30.314;0;;1:24.552;0;1:00.418;0;1:05.344;1;99.2;10:17.855;16:09:49.119;1:24.552;1:00.418;1:05.344;;Rossi;;GT3;;Team WRT;BMW;SC;84.552;60.418;65.344
48;3;1;2:23.234;1;;38.642;1;38.546;1;1:06.046;1;145.6;2:23.234;16:01:54.498;0:38.642;0:38.546;1:06.046;221;Engel;;GT3;;Mercedes-AMG Team MANN-FILTER;Mercedes-AMG;SC;38.642;38.546;66.046
48;3;2;4:22.507;0;;1:46.387;0;1:18.568;0;1:17.552;0;79.4;6:45.741;16:06:17.005;1:46.387;1:18.568;1:17.552;51;Engel;;GT3;;Mercedes-AMG Team MANN-FILTER;Mercedes-AMG;SC;106.387;78.568;77.552
48;3;3;3:26.809;0;;1:24.797;0;1:00.115;0;1:01.897;1;100.8;10:12.550;16:09:43.814;1:24.797;1:00.115;1:01.897;86;Engel;;GT3;;Mercedes-AMG Team MANN-FILTER;Mercedes-AMG;SC;84.797;60.115;61.897
48;3;4;2:53.056;0;;1:06.975;0;52.414;0;53.667;1;120.5;13:05.606;16:12:36.870;1:06.975;0:52.414;0:53.667;115;Engel;;GT3;;Mercedes-AMG Team MANN-FILTER;Mercedes-AMG;SC;66.975;52.414;53.667
48;3;5;2:38.700;0;;49.892;0;49.969;0;58.839;0;131.4;15:44.306;16:15:15.570;0:49.892;0:49.969;0:58.839;119;Engel;;GT3;;Mercedes-AMG Team MANN-FILTER;Mercedes-AMG;SC;49.892;49.969;58.839
48;3;6;2:51.329;0;;1:00.421;0;56.802;0;54.106;0;121.7;18:35.635;16:18:06.899;1:00.421;0:56.802;0:54.106;146;Engel;;GT3;;Mercedes-AMG Team MANN-FILTER;Mercedes-AMG;GF;60.421;56.802;54.106
48;3;7;1:49.625;1;;35.206;1;37.217;1;37.202;1;190.2;20:25.260;16:19:56.524;0:35.206;0:37.217;0:37.202;264;Engel;;GT3;;Mercedes-AMG Team MANN-FILTER;Mercedes-AMG;GF;35.206;37.217;37.202
48;3;8;1:48.779;1;;34.674;1;37.086;1;37.019;1;191.7;22:14.039;16:21:45.303;0:34.674;0:37.086;0:37.019;265;Engel;;GT3;;Mercedes-AMG Team MANN-FILTER;Mercedes-AMG;GF;34.674;37.086;37.019
48;3;9;1:48.191;1;;34.533;1;36.808;1;36.850;1;192.8;24:02.230;16:23:33.494;0:34.533;0:36.808;0:36.850;266;Engel;;GT3;;Mercedes-AMG Team MANN-FILTER;Mercedes-AMG;GF;34.533;36.808;36.850
48;3;10;1:47.832;1;;34.460;1;36.669;1;36.703;1;193.4;25:50.062;16:25:21.326;0:34.460;0:36.669;0:36.703;267;Engel;;GT3;;Mercedes-AMG Team MANN-FILTER;Mercedes-AMG;GF;34.460;36.669;36.703
48;3;11;1:47.399;1;;34.314;1;36.528;1;36.557;1;194.2;27:37.461;16:27:08.725;0:34.314;0:36.528;0:36.557;266;Engel;;GT3;;Mercedes-AMG Team MANN-FILTER;Mercedes-AMG;GF;34.314;36.528;36.557
48;3;12;1:47.343;1;;34.254;1;36.531;0;36.558;0;194.3;29:24.804;16:28:56.068;0:34.254;0:36.531;0:36.558;267;Engel;;GT3;;Mercedes-AMG Team MANN-FILTER;Mercedes-AMG;GF;34.254;36.531;36.558
48;3;13;1:47.261;1;;34.322;0;36.415;1;36.524;1;194.4;31:12.065;16:30:43.329;0:34.322;0:36.415;0:36.524;267;Engel;;GT3;;Mercedes-AMG Team MANN-FILTER;Mercedes-AMG;GF;34.322;36.415;36.524
48;3;14;1:47.145;1;;34.300;0;36.289;1;36.556;0;194.6;32:59.210;16:32:30.474;0:34.300;0:36.289;0:36.556;267;Engel;;GT3;;Mercedes-AMG Team MANN-FILTER;Mercedes-AMG;GF;34.300;36.289;36.556
48;3;15;1:47.295;0;;34.254;0;36.499;0;36.542;0;194.4;34:46.505;16:34:17.769;0:34.254;0:36.499;0:36.542;267;Engel;;GT3;;Mercedes-AMG Team MANN-FILTER;Mercedes-AMG;GF;34.254;36.499;36.542
48;3;16;1:47.147;0;;34.163;1;36.416;0;36.568;0;194.6;36:33.652;16:36:04.916;0:34.163;0:36.416;0:36.568;268;Engel;;GT3;;Mercedes-AMG Team MANN-FILTER;Mercedes-AMG;GF;34.163;36.416;36.568
48;3;17;1:47.361;0;;34.259;0;36.565;0;36.537;0;194.2;38:21.013;16:37:52.277;0:34.259;0:36.565;0:36.537;267;Engel;;GT3;;Mercedes-AMG Team MANN-FILTER;Mercedes-AMG;GF;34.259;36.565;36.537
48;3;18;1:47.218;0;;34.231;0;36.523;0;36.464;1;194.5;40:08.231;16:39:39.495;0:34.231;0:36.523;0:36.464;267;Engel;;GT3;;Mercedes-AMG Team MANN-FILTER;Mercedes-AMG;GF;34.231;36.523;36.464
48;3;19;1:47.005;1;;34.163;0;36.407;0;36.435;1;194.9;41:55.236;16:41:26.500;0:34.163;0:36.407;0:36.435;268;Engel;;GT3;;Mercedes-AMG Team MANN-FILTER;Mercedes-AMG;GF;34.163;36.407;36.435
48;3;20;1:47.054;0;;34.251;0;36.324;0;36.479;0;194.8;43:42.290;16:43:13.554;0:34.251;0:36.324;0:36.479;267;Engel;;GT3;;Mercedes-AMG Team MANN-FILTER;Mercedes-AMG;GF;34.251;36.324;36.479
48;3;21;1:46.900;1;;34.196;0;36.360;0;36.344;1;195.1;45:29.190;16:45:00.454;0:34.196;0:36.360;0:36.344;268;Engel;;GT3;;Mercedes-AMG Team MANN-FILTER;Mercedes-AMG;GF;34.196;36.360;36.344
48;3;22;1:46.815;1;;34.168;0;36.316;0;36.331;1;195.2;47:16.005;16:46:47.269;0:34.168;0:36.316;0:36.331;266;Engel;;GT3;;Mercedes-AMG Team MANN-FILTER;Mercedes-AMG;GF;34.168;36.316;36.331
48;3;23;1:46.838;0;;34.233;0;36.304;0;36.301;1;195.2;49:02.843;16:48:34.107;0:34.233;0:36.304;0:36.301;265;Engel;;GT3;;Mercedes-AMG Team MANN-FILTER;Mercedes-AMG;GF;34.233;36.304;36.301
48;3;24;3:05.477;0;;34.167;0;58.893;0;1:32.417;0;112.4;52:08.320;16:51:39.584;0:34.167;0:58.893;1:32.417;265;Engel;;GT3;;Mercedes-AMG Team MANN-FILTER;Mercedes-AMG;FCY;34.167;58.893;92.417
48;3;25;4:23.727;0;;1:26.569;0;1:21.970;0;1:35.188;0;79.1;56:32.047;16:56:03.311;1:26.569;1:21.970;1:35.188;;Engel;;GT3;;Mercedes-AMG Team MANN-FILTER;Mercedes-AMG;FCY;86.569;81.970;95.188
48;2;26;5:24.553;0;;2:29.109;0;1:22.427;0;1:33.017;0;64.3;1:01:56.600;17:01:27.864;2:29.109;1:22.427;1:33.017;78;Stolz;;GT3;;Mercedes-AMG Team MANN-FILTER;Mercedes-AMG;GF;149.109;82.427;93.017
48;2;27;3:50.392;0;B;1:26.759;0;1:16.311;0;1:07.322;0;90.5;1:05:46.992;17:05:18.256;1:26.759;1:16.311;1:07.322;78;Stolz;;GT3;;Mercedes-AMG Team MANN-FILTER;Mercedes-AMG;SC;86.759;76.311;67.322
48;2;28;2:51.926;0;;1:05.423;0;53.016;0;53.487;0;121.3;1:08:38.918;17:08:10.182;1:05.423;0:53.016;0:53.487;106;Stolz;;GT3;;Mercedes-AMG Team MANN-FILTER;Mercedes-AMG;GF;65.423;53.016;53.487
48;2;29;1:48.550;0;;34.733;0;36.831;0;36.986;0;192.1;1:10:27.468;17:09:58.732;0:34.733;0:36.831;0:36.986;264;Stolz;;GT3;;Mercedes-AMG Team MANN-FILTER;Mercedes-AMG;GF;34.733;36.831;36.986
48;2;30;1:48.120;0;;34.610;0;36.706;0;36.804;0;192.9;1:12:15.588;17:11:46.852;0:34.610;0:36.706;0:36.804;263;Stolz;;GT3;;Mercedes-AMG Team MANN-FILTER;Mercedes-AMG;GF;34.610;36.706;36.804
48;2;31;1:47.989;0;;34.652;0;36.538;0;36.799;0;193.1;1:14:03.577;17:13:34.841;0:34.652;0:36.538;0:36.799;264;Stolz;;GT3;;Mercedes-AMG Team MANN-FILTER;Mercedes-AMG;GF;34.652;36.538;36.799
48;2;32;1:47.723;0;B;34.432;0;36.596;0;36.695;0;193.6;1:15:51.300;17:15:22.564;0:34.432;0:36.596;0:36.695;264;Stolz;;GT3;;Mercedes-AMG Team MANN-FILTER;Mercedes-AMG;GF;34.432;36.596;36.695
48;2;33;1:47.608;0;;34.449;0;36.591;0;36.568;0;193.8;1:17:38.908;17:17:10.172;0:34.449;0:36.591;0:36.568;265;Stolz;;GT3;;Mercedes-AMG Team MANN-FILTER;Mercedes-AMG;GF;34.449;36.591;36.568
48;2;34;1:52.123;0;;34.427;0;36.633;0;41.063;0;186.0;1:19:31.031;17:19:02.295;0:34.427;0:36.633;0:41.063;266;Stolz;;GT3;;Mercedes-AMG Team MANN-FILTER;Mercedes-AMG;FCY;34.427;36.633;41.063
48;2;35;2:29.667;0;;1:15.846;0;37.079;0;36.742;0;139.3;1:22:00.698;17:21:31.962;1:15.846;0:37.079;0:36.742;78;Stolz;;GT3;;Mercedes-AMG Team MANN-FILTER;Mercedes-AMG;GF;75.846;37.079;36.742
48;2;36;1:47.703;0;;34.378;0;36.623;0;36.702;0;193.6;1:23:48.401;17:23:19.665;0:34.378;0:36.623;0:36.702;265;Stolz;;GT3;;Mercedes-AMG Team MANN-FILTER;Mercedes-AMG;GF;34.378;36.623;36.702
48;2;37;1:47.637;0;;34.349;0;36.619;0;36.669;0;193.8;1:25:36.038;17:25:07.302;0:34.349;0:36.619;0:36.669;264;Stolz;;GT3;;Mercedes-AMG Team MANN-FILTER;Mercedes-AMG;GF;34.349;36.619;36.669
48;2;38;1:47.492;0;;34.269;0;36.586;0;36.637;0;194.0;1:27:23.530;17:26:54.794;0:34.269;0:36.586;0:36.637;267;Stolz;;GT3;;Mercedes-AMG Team MANN-FILTER;Mercedes-AMG;GF;34.269;36.586;36.637
48;2;39;1:47.169;0;;34.310;0;36.370;0;36.489;0;194.6;1:29:10.699;17:28:41.963;0:34.310;0:36.370;0:36.489;265;Stolz;;GT3;;Mercedes-AMG Team MANN-FILTER;Mercedes-AMG;GF;34.310;36.370;36.489
48;2;40;1:47.176;0;;34.294;0;36.398;0;36.484;0;194.6;1:30:57.875;17:30:29.139;0:34.294;0:36.398;0:36.484;265;Stolz;;GT3;;Mercedes-AMG Team MANN-FILTER;Mercedes-AMG;GF;34.294;36.398;36.484
48;2;41;1:47.169;0;;34.236;0;36.351;0;36.582;0;194.6;1:32:45.044;17:32:16.308;0:34.236;0:36.351;0:36.582;267;Stolz;;GT3;;Mercedes-AMG Team MANN-FILTER;Mercedes-AMG;GF;34.236;36.351;36.582
48;2;42;1:47.202;0;;34.151;1;36.499;0;36.552;0;194.5;1:34:32.246;17:34:03.510;0:34.151;0:36.499;0:36.552;268;Stolz;;GT3;;Mercedes-AMG Team MANN-FILTER;Mercedes-AMG;GF;34.151;36.499;36.552
48;2;43;3:07.315;0;;34.256;0;1:00.286;0;1:32.773;0;111.3;1:37:39.561;17:37:10.825;0:34.256;1:00.286;1:32.773;266;Stolz;;GT3;;Mercedes-AMG Team MANN-FILTER;Mercedes-AMG;FCY;34.256;60.286;92.773
48;2;44;4:21.555;0;;1:26.617;0;1:22.148;0;1:32.790;0;79.7;1:42:01.116;17:41:32.380;1:26.617;1:22.148;1:32.790;78;Stolz;;GT3;;Mercedes-AMG Team MANN-FILTER;Mercedes-AMG;FCY;86.617;82.148;92.790
48;2;45;4:20.959;0;;1:27.294;0;1:22.207;0;1:31.458;0;79.9;1:46:22.075;17:45:53.339;1:27.294;1:22.207;1:31.458;;Stolz;;GT3;;Mercedes-AMG Team MANN-FILTER;Mercedes-AMG;SC;87.294;82.207;91.458
48;1;46;3:38.693;0;;1:50.037;0;42.098;0;1:06.558;0;95.4;1:50:00.768;17:49:32.032;1:50.037;0:42.098;1:06.558;202;Auer;;GT3;;Mercedes-AMG Team MANN-FILTER;Mercedes-AMG;SC;110.037;42.098;66.558
48;1;47;2:47.757;0;;1:06.235;0;54.827;0;46.695;0;124.3;1:52:48.525;17:52:19.789;1:06.235;0:54.827;0:46.695;51;Auer;;GT3;;Mercedes-AMG Team MANN-FILTER;Mercedes-AMG;GF;66.235;54.827;46.695
48;1;48;1:49.156;0;;34.602;0;37.675;0;36.879;0;191.1;1:54:37.681;17:54:08.945;0:34.602;0:37.675;0:36.879;267;Auer;;GT3;;Mercedes-AMG Team MANN-FILTER;Mercedes-AMG;GF;34.602;37.675;36.879
48;1;49;1:50.118;0;;34.780;0;38.243;0;37.095;0;189.4;1:56:27.799;17:55:59.063;0:34.780;0:38.243;0:37.095;270;Auer;;GT3;;Mercedes-AMG Team MANN-FILTER;Mercedes-AMG;GF;34.780;38.243;37.095
48;1;50;1:49.158;0;;34.743;0;37.265;0;37.150;0;191.1;1:58:16.957;17:57:48.221;0:34.743;0:37.265;0:37.150;274;Auer;;GT3;;Mercedes-AMG Team MANN-FILTER;Mercedes-AMG;GF;34.743;37.265;37.150
48;1;51;1:49.257;0;;34.329;0;37.769;0;37.159;0;190.9;2:00:06.214;17:59:37.478;0:34.329;0:37.769;0:37.159;271;Auer;;GT3;;Mercedes-AMG Team MANN-FILTER;Mercedes-AMG;GF;34.329;37.769;37.159
48;1;52;1:48.164;0;;34.219;0;36.814;0;37.131;0;192.8;2:01:54.378;18:01:25.642;0:34.219;0:36.814;0:37.131;271;Auer;;GT3;;Mercedes-AMG Team MANN-FILTER;Mercedes-AMG;GF;34.219;36.814;37.131
48;1;53;1:48.371;0;;34.441;0;36.965;0;36.965;0;192.4;2:03:42.749;18:03:14.013;0:34.441;0:36.965;0:36.965;271;Auer;;GT3;;Mercedes-AMG Team MANN-FILTER;Mercedes-AMG;GF;34.441;36.965;36.965
48;1;54;1:48.278;0;;34.517;0;36.944;0;36.817;0;192.6;2:05:31.027;18:05:02.291;0:34.517;0:36.944;0:36.817;263;Auer;;GT3;;Mercedes-AMG Team MANN-FILTER;Mercedes-AMG;GF;34.517;36.944;36.817
48;1;55;1:49.442;0;;34.665;0;36.536;0;38.241;0;190.6;2:07:20.469;18:06:51.733;0:34.665;0:36.536;0:38.241;270;Auer;;GT3;;Mercedes-AMG Team MANN-FILTER;Mercedes-AMG;GF;34.665;36.536;38.241
48;1;56;1:50.265;0;;36.376;0;36.965;0;36.924;0;189.1;2:09:10.734;18:08:41.998;0:36.376;0:36.965;0:36.924;273;Auer;;GT3;;Mercedes-AMG Team MANN-FILTER;Mercedes-AMG;GF;36.376;36.965;36.924
48;1;57;1:48.695;0;B;34.617;0;37.268;0;36.810;0;191.9;2:10:59.429;18:10:30.693;0:34.617;0:37.268;0:36.810;263;Auer;;GT3;;Mercedes-AMG Team MANN-FILTER;Mercedes-AMG;GF;34.617;37.268;36.810
48;1;58;1:48.230;0;;34.172;0;36.833;0;37.225;0;192.7;2:12:47.659;18:12:18.923;0:34.172;0:36.833;0:37.225;271;Auer;;GT3;;Mercedes-AMG Team MANN-FILTER;Mercedes-AMG;GF;34.172;36.833;37.225
48;1;59;1:48.945;0;;34.702;0;37.126;0;37.117;0;191.4;2:14:36.604;18:14:07.868;0:34.702;0:37.126;0:37.117;257;Auer;;GT3;;Mercedes-AMG Team MANN-FILTER;Mercedes-AMG;GF;34.702;37.126;37.117
48;1;60;1:49.249;0;;34.407;0;36.760;0;38.082;0;190.9;2:16:25.853;18:15:57.117;0:34.407;0:36.760;0:38.082;269;Auer;;GT3;;Mercedes-AMG Team MANN-FILTER;Mercedes-AMG;GF;34.407;36.760;38.082
48;1;61;1:46.911;0;;34.216;0;36.309;0;36.386;0;195.1;2:18:12.764;18:17:44.028;0:34.216;0:36.309;0:36.386;267;Auer;;GT3;;Mercedes-AMG Team MANN-FILTER;Mercedes-AMG;GF;34.216;36.309;36.386
48;1;62;1:46.944;0;;34.227;0;36.352;0;36.365;0;195.0;2:19:59.708;18:19:30.972;0:34.227;0:36.352;0:36.365;268;Auer;;GT3;;Mercedes-AMG Team MANN-FILTER;Mercedes-AMG;GF;34.227;36.352;36.365
48;1;63;1:47.325;0;;34.128;1;36.484;0;36.713;0;194.3;2:21:47.033;18:21:18.297;0:34.128;0:36.484;0:36.713;267;Auer;;GT3;;Mercedes-AMG Team MANN-FILTER;Mercedes-AMG;GF;34.128;36.484;36.713
48;1;64;1:46.723;1;;34.084;1;36.289;0;36.350;0;195.4;2:23:33.756;18:23:05.020;0:34.084;0:36.289;0:36.350;268;Auer;;GT3;;Mercedes-AMG Team MANN-FILTER;Mercedes-AMG;GF;34.084;36.289;36.350
48;1;65;1:47.209;0;;34.142;0;36.378;0;36.689;0;194.5;2:25:20.965;18:24:52.229;0:34.142;0:36.378;0:36.689;268;Auer;;GT3;;Mercedes-AMG Team MANN-FILTER;Mercedes-AMG;GF;34.142;36.378;36.689
48;1;66;1:47.163;0;;34.198;0;36.406;0;36.559;0;194.6;2:27:08.128;18:26:39.392;0:34.198;0:36.406;0:36.559;268;Auer;;GT3;;Mercedes-AMG Team MANN-FILTER;Mercedes-AMG;GF;34.198;36.406;36.559
48;1;67;1:46.676;1;;34.101;0;36.233;1;36.342;0;195.5;2:28:54.804;18:28:26.068;0:34.101;0:36.233;0:36.342;269;Auer;;GT3;;Mercedes-AMG Team MANN-FILTER;Mercedes-AMG;GF;34.101;36.233;36.342
48;1;68;1:46.487;1;;33.999;1;36.184;1;36.304;0;195.8;2:30:41.291;18:30:12.555;0:33.999;0:36.184;0:36.304;270;Auer;;GT3;;Mercedes-AMG Team MANN-FILTER;Mercedes-AMG;GF;33.999;36.184;36.304
48;1;69;1:46.445;1;;33.892;1;36.167;1;36.386;0;195.9;2:32:27.736;18:31:59.000;0:33.892;0:36.167;0:36.386;270;Auer;;GT3;;Mercedes-AMG Team MANN-FILTER;Mercedes-AMG;GF;33.892;36.167;36.386
48;1;70;1:46.809;0;;34.137;0;36.464;0;36.208;1;195.3;2:34:14.545;18:33:45.809;0:34.137;0:36.464;0:36.208;269;Auer;;GT3;;Mercedes-AMG Team MANN-FILTER;Mercedes-AMG;GF;34.137;36.464;36.208
48;1;71;1:47.038;0;;34.005;0;36.470;0;36.563;0;194.8;2:36:01.583;18:35:32.847;0:34.005;0:36.470;0:36.563;270;Auer;;GT3;;Mercedes-AMG Team MANN-FILTER;Mercedes-AMG;GF;34.005;36.470;36.563
48;1;72;1:50.259;0;;33.850;1;38.216;0;38.193;0;189.1;2:37:51.842;18:37:23.106;0:33.850;0:38.216;0:38.193;272;Auer;;GT3;;Mercedes-AMG Team MANN-FILTER;Mercedes-AMG;GF;33.850;38.216;38.193
48;1;73;3:53.888;0;;56.593;0;1:21.983;0;1:35.312;0;89.2;2:41:45.730;18:41:16.994;0:56.593;1:21.983;1:35.312;;Auer;;GT3;;Mercedes-AMG Team MANN-FILTER;Mercedes-AMG;FCY;56.593;81.983;95.312
48;1;74;5:36.005;0;;2:41.237;0;1:22.068;0;1:32.700;0;62.1;2:47:21.735;18:46:52.999;2:41.237;1:22.068;1:32.700;78;Auer;;GT3;;Mercedes-AMG Team MANN-FILTER;Mercedes-AMG;FCY;161.237;82.068;92.700
48;1;75;2:53.363;0;;1:07.705;0;40.817;0;1:04.841;0;120.3;2:50:15.098;18:49:46.362;1:07.705;0:40.817;1:04.841;78;Auer;;GT3;;Mercedes-AMG Team MANN-FILTER;Mercedes-AMG;SC;67.705;40.817;64.841
48;1;76;2:49.708;0;;1:03.526;0;51.810;0;54.372;0;122.9;2:53:04.806;18:52:36.070;1:03.526;0:51.810;0:54.372;115;Auer;;GT3;;Mercedes-AMG Team MANN-FILTER;Mercedes-AMG;GF;63.526;51.810;54.372
48;1;77;1:50.805;0;;34.732;0;38.563;0;37.510;0;188.2;2:54:55.611;18:54:26.875;0:34.732;0:38.563;0:37.510;267;Auer;;GT3;;Mercedes-AMG Team MANN-FILTER;Mercedes-AMG;GF;34.732;38.563;37.510
48;1;78;1:55.041;0;;36.329;0;39.740;0;38.972;0;181.3;2:56:50.652;18:56:21.916;0:36.329;0:39.740;0:38.972;269;Auer;;GT3;;Mercedes-AMG Team MANN-FILTER;Mercedes-AMG;GF;36.329;39.740;38.972
48;1;79;4:13.806;0;;1:30.140;0;1:27.789;0;1:15.877;0;82.2;3:01:04.458;19:00:35.722;1:30.140;1:27.789;1:15.877;53;Auer;;GT3;;Mercedes-AMG Team MANN-FILTER;Mercedes-AMG;GF;90.140;87.789;75.877
50;3;1;2:32.756;1;;42.570;1;39.237;1;1:10.949;1;136.5;2:32.756;16:02:04.020;0:42.570;0:39.237;1:10.949;188;Gelael;;GT3;;AF Corse;Ferrari;SC;42.570;39.237;70.949
50;3;2;4:24.034;0;;1:47.274;0;1:20.884;0;1:15.876;0;79.0;6:56.790;16:06:28.054;1:47.274;1:20.884;1:15.876;33;Gelael;;GT3;;AF Corse;Ferrari;SC;107.274;80.884;75.876
50;3;3;3:25.113;0;;1:24.062;0;1:01.857;0;59.194;1;101.7;10:21.903;16:09:53.167;1:24.062;1:01.857;0:59.194;68;Gelael;;GT3;;AF Corse;Ferrari;SC;84.062;61.857;59.194
50;3;4;2:56.174;0;;1:06.894;0;53.446;0;55.834;1;118.4;13:18.077;16:12:49.341;1:06.894;0:53.446;0:55.834;;Gelael;;GT3;;AF Corse;Ferrari;SC;66.894;53.446;55.834
50;3;5;3:08.529;0;;1:51.758;0;38.432;1;38.339;1;110.6;16:26.606;16:15:57.870;1:51.758;0:38.432;0:38.339;201;Gelael;;GT3;;AF Corse;Ferrari;SC;111.758;38.432;38.339
50;3;6;2:22.145;1;;42.133;1;53.523;0;46.489;0;146.7;18:48.751;16:18:20.015;0:42.133;0:53.523;0:46.489;152;Gelael;;GT3;;AF Corse;Ferrari;GF;42.133;53.523;46.489
50;3;7;1:53.148;1;;35.513;1;38.432;0;39.203;0;184.3;20:41.899;16:20:13.163;0:35.513;0:38.432;0:39.203;257;Gelael;;GT3;;AF Corse;Ferrari;GF;35.513;38.432;39.203
50;3;8;1:52.595;1;;36.335;0;37.400;1;38.860;0;185.2;22:34.494;16:22:05.758;0:36.335;0:37.400;0:38.860;255;Gelael;;GT3;;AF Corse;Ferrari;GF;36.335;37.400;38.860
50;3;9;1:49.030;1;;34.724;1;37.310;1;36.996;1;191.3;24:23.524;16:23:54.788;0:34.724;0:37.310;0:36.996;268;Gelael;;GT3;;AF Corse;Ferrari;GF;34.724;37.310;36.996
50;3;10;1:47.711;1;;34.307;1;36.642;1;36.762;1;193.6;26:11.235;16:25:42.499;0:34.307;0:36.642;0:36.762;269;Gelael;;GT3;;AF Corse;Ferrari;GF;34.307;36.642;36.762
50;3;11;1:49.077;0;;35.788;0;36.648;0;36.641;1;191.2;28:00.312;16:27:31.576;0:35.788;0:36.648;0:36.641;272;Gelael;;GT3;;AF Corse;Ferrari;GF;35.788;36.648;36.641
50;3;12;1:48.124;0;;34.289;1;36.768;0;37.067;0;192.9;29:48.436;16:29:19.700;0:34.289;0:36.768;0:37.067;269;Gelael;;GT3;;AF Corse;Ferrari;GF;34.289;36.768;37.067
50;3;13;1:50.352;0;;34.720;0;38.160;0;37.472;0;189.0;31:38.788;16:31:10.052;0:34.720;0:38.160;0:37.472;274;Gelael;;GT3;;AF Corse;Ferrari;GF;34.720;38.160;37.472
50;3;14;1:48.499;0;;34.493;0;36.917;0;37.089;0;192.2;33:27.287;16:32:58.551;0:34.493;0:36.917;0:37.089;272;Gelael;;GT3;;AF Corse;Ferrari;GF;34.493;36.917;37.089
50;3;15;1:50.642;0;;35.080;0;38.623;0;36.939;0;188.5;35:17.929;16:34:49.193;0:35.080;0:38.623;0:36.939;271;Gelael;;GT3;;AF Corse;Ferrari;GF;35.080;38.623;36.939
50;3;16;1:48.378;0;;34.321;0;37.353;0;36.704;0;192.4;37:06.307;16:36:37.571;0:34.321;0:37.353;0:36.704;269;Gelael;;GT3;;AF Corse;Ferrari;GF;34.321;37.353;36.704
50;3;17;1:48.235;0;;34.179;1;37.076;0;36.980;0;192.7;38:54.542;16:38:25.806;0:34.179;0:37.076;0:36.980;270;Gelael;;GT3;;AF Corse;Ferrari;GF;34.179;37.076;36.980
50;3;18;1:48.554;0;;34.522;0;37.130;0;36.902;0;192.1;40:43.096;16:40:14.360;0:34.522;0:37.130;0:36.902;265;Gelael;;GT3;;AF Corse;Ferrari;GF;34.522;37.130;36.902
50;3;19;1:48.151;0;;34.305;0;36.986;0;36.860;0;192.8;42:31.247;16:42:02.511;0:34.305;0:36.986;0:36.860;269;Gelael;;GT3;;AF Corse;Ferrari;GF;34.305;36.986;36.860
50;3;20;1:49.879;0;;34.559;0;37.136;0;38.184;0;189.8;44:21.126;16:43:52.390;0:34.559;0:37.136;0:38.184;260;Gelael;;GT3;;AF Corse;Ferrari;GF;34.559;37.136;38.184
50;3;21;1:48.571;0;;35.145;0;36.930;0;36.496;1;192.1;46:09.697;16:45:40.961;0:35.145;0:36.930;0:36.496;271;Gelael;;GT3;;AF Corse;Ferrari;GF;35.145;36.930;36.496
50;3;22;1:47.523;1;;34.342;0;36.585;1;36.596;0;194.0;47:57.220;16:47:28.484;0:34.342;0:36.585;0:36.596;267;Gelael;;GT3;;AF Corse;Ferrari;GF;34.342;36.585;36.596
50;3;23;1:47.752;0;;34.274;0;36.663;0;36.815;0;193.5;49:44.972;16:49:16.236;0:34.274;0:36.663;0:36.815;268;Gelael;;GT3;;AF Corse;Ferrari;GF;34.274;36.663;36.815
50;3;24;4:00.902;0;;1:04.086;0;1:21.709;0;1:35.107;0;86.6;53:45.874;16:53:17.138;1:04.086;1:21.709;1:35.107;;Gelael;;GT3;;AF Corse;Ferrari;FCY;64.086;81.709;95.107
50;3;25;4:33.711;0;;1:39.626;0;1:21.783;0;1:32.302;0;76.2;58:19.585;16:57:50.849;1:39.626;1:21.783;1:32.302;78;Gelael;;GT3;;AF Corse;Ferrari;FCY;99.626;81.783;92.302
50;3;26;4:20.365;0;;1:26.257;0;1:21.782;0;1:32.326;0;80.1;1:02:39.950;17:02:11.214;1:26.257;1:21.782;1:32.326;78;Gelael;;GT3;;AF Corse;Ferrari;GF;86.257;81.782;92.326
50;3;27;3:14.438;0;B;1:26.491;0;52.982;0;54.965;0;107.3;1:05:54.388;17:05:25.652;1:26.491;0:52.982;0:54.965;78;Gelael;;GT3;;AF Corse;Ferrari;SC;86.491;52.982;54.965
50;3;28;2:47.415;0;;1:05.388;0;53.752;0;48.275;0;124.6;1:08:41.803;17:08:13.067;1:05.388;0:53.752;0:48.275;104;Gelael;;GT3;;AF Corse;Ferrari;GF;65.388;53.752;48.275
50;3;29;1:49.834;0;;35.397;0;37.196;0;37.241;0;189.9;1:10:31.637;17:10:02.901;0:35.397;0:37.196;0:37.241;269;Gelael;;GT3;;AF Corse;Ferrari;GF;35.397;37.196;37.241
50;3;30;1:48.836;0;;34.469;0;37.365;0;37.002;0;191.6;1:12:20.473;17:11:51.737;0:34.469;0:37.365;0:37.002;269;Gelael;;GT3;;AF Corse;Ferrari;GF;34.469;37.365;37.002
50;3;31;1:48.479;0;;34.666;0;37.049;0;36.764;0;192.2;1:14:08.952;17:13:40.216;0:34.666;0:37.049;0:36.764;269;Gelael;;GT3;;AF Corse;Ferrari;GF;34.666;37.049;36.764
50;3;32;1:48.199;0;;34.439;0;36.958;0;36.802;0;192.7;1:15:57.151;17:15:28.415;0:34.439;0:36.958;0:36.802;268;Gelael;;GT3;;AF Corse;Ferrari;GF;34.439;36.958;36.802
50;3;33;1:48.028;0;;34.459;0;36.816;0;36.753;0;193.0;1:17:45.179;17:17:16.443;0:34.459;0:36.816;0:36.753;269;Gelael;;GT3;;AF Corse;Ferrari;GF;34.459;36.816;36.753
50;3;34;1:58.429;0;;34.334;0;36.858;0;47.237;0;176.1;1:19:43.608;17:19:14.872;0:34.334;0:36.858;0:47.237;269;Gelael;;GT3;;AF Corse;Ferrari;FCY;34.334;36.858;47.237
50;3;35;2:28.000;0;;1:07.294;0;37.122;0;43.584;0;140.9;1:22:11.608;17:21:42.872;1:07.294;0:37.122;0:43.584;;Gelael;;GT3;;AF Corse;Ferrari;GF;67.294;37.122;43.584
50;1;36;3:04.473;0;;1:50.876;0;36.853;0;36.744;0;113.1;1:25:16.081;17:24:47.345;1:50.876;0:36.853;0:36.744;199;Wadoux;;GT3;;AF Corse;Ferrari;GF;110.876;36.853;36.744
50;1;37;1:47.624;0;;34.409;0;36.620;0;36.595;0;193.8;1:27:03.705;17:26:34.969;0:34.409;0:36.620;0:36.595;267;Wadoux;;GT3;;AF Corse;Ferrari;GF;34.409;36.620;36.595
50;1;38;1:47.357;1;;34.355;0;36.497;1;36.505;0;194.3;1:28:51.062;17:28:22.326;0:34.355;0:36.497;0:36.505;267;Wadoux;;GT3;;AF Corse;Ferrari;GF;34.355;36.497;36.505
50;1;39;1:47.826;0;;34.405;0;36.697;0;36.724;0;193.4;1:30:38.888;17:30:10.152;0:34.405;0:36.697;0:36.724;269;Wadoux;;GT3;;AF Corse;Ferrari;GF;34.405;36.697;36.724
50;1;40;1:47.500;0;;34.293;0;36.607;0;36.600;0;194.0;1:32:26.388;17:31:57.652;0:34.293;0:36.607;0:36.600;268;Wadoux;;GT3;;AF Corse;Ferrari;GF;34.293;36.607;36.600
50;1;41;1:47.673;0;;34.317;0;36.697;0;36.659;0;193.7;1:34:14.061;17:33:45.325;0:34.317;0:36.697;0:36.659;262;Wadoux;;GT3;;AF Corse;Ferrari;GF;34.317;36.697;36.659
50;1;42;2:39.091;0;;34.420;0;37.169;0;1:27.502;0;131.1;1:36:53.152;17:36:24.416;0:34.420;0:37.169;1:27.502;262;Wadoux;;GT3;;AF Corse;Ferrari;FCY;34.420;37.169;87.502
50;1;43;4:20.335;0;;1:26.088;0;1:21.816;0;1:32.431;0;80.1;1:41:13.487;17:40:44.751;1:26.088;1:21.816;1:32.431;78;Wadoux;;GT3;;AF Corse;Ferrari;FCY;86.088;81.816;92.431
50;1;44;4:21.403;0;;1:26.984;0;1:21.939;0;1:32.480;0;79.8;1:45:34.890;17:45:06.154;1:26.984;1:21.939;1:32.480;78;Wadoux;;GT3;;AF Corse;Ferrari;GF;86.984;81.939;92.480
50;1;45;2:21.142;0;;1:01.506;0;39.749;0;39.887;0;147.8;1:47:56.032;17:47:27.296;1:01.506;0:39.749;0:39.887;85;Wadoux;;GT3;;AF Corse;Ferrari;SC;61.506;39.749;39.887
50;1;46;2:10.758;0;;36.635;0;37.845;0;56.278;0;159.5;1:50:06.790;17:49:38.054;0:36.635;0:37.845;0:56.278;189;Wadoux;;GT3;;AF Corse;Ferrari;SC;36.635;37.845;56.278
50;1;47;2:43.704;0;;1:06.317;0;53.888;0;43.499;0;127.4;1:52:50.494;17:52:21.758;1:06.317;0:53.888;0:43.499;71;Wadoux;;GT3;;AF Corse;Ferrari;GF;66.317;53.888;43.499
50;1;48;1:51.767;0;;35.261;0;38.253;0;38.253;0;186.6;1:54:42.261;17:54:13.525;0:35.261;0:38.253;0:38.253;244;Wadoux;;GT3;;AF Corse;Ferrari;GF;35.261;38.253;38.253
50;1;49;1:49.770;0;;35.216;0;37.806;0;36.748;0;190.0;1:56:32.031;17:56:03.295;0:35.216;0:37.806;0:36.748;248;Wadoux;;GT3;;AF Corse;Ferrari;GF;35.216;37.806;36.748
50;1;50;1:47.407;0;;34.274;0;36.475;1;36.658;0;194.2;1:58:19.438;17:57:50.702;0:34.274;0:36.475;0:36.658;273;Wadoux;;GT3;;AF Corse;Ferrari;GF;34.274;36.475;36.658
50;1;51;1:49.449;0;;34.558;0;36.647;0;38.244;0;190.5;2:00:08.887;17:59:40.151;0:34.558;0:36.647;0:38.244;267;Wadoux;;GT3;;AF Corse;Ferrari;GF;34.558;36.647;38.244
50;1;52;1:49.422;0;;35.231;0;36.952;0;37.239;0;190.6;2:01:58.309;18:01:29.573;0:35.231;0:36.952;0:37.239;242;Wadoux;;GT3;;AF Corse;Ferrari;GF;35.231;36.952;37.239
50;1;53;1:46.942;1;;33.984;1;36.367;1;36.591;0;195.0;2:03:45.251;18:03:16.515;0:33.984;0:36.367;0:36.591;270;Wadoux;;GT3;;AF Corse;Ferrari;GF;33.984;36.367;36.591
50;1;54;1:47.929;0;;34.410;0;36.736;0;36.783;0;193.2;2:05:33.180;18:05:04.444;0:34.410;0:36.736;0:36.783;262;Wadoux;;GT3;;AF Corse;Ferrari;GF;34.410;36.736;36.783
50;1;55;1:49.469;0;B;34.517;0;37.343;0;37.609;0;190.5;2:07:22.649;18:06:53.913;0:34.517;0:37.343;0:37.609;266;Wadoux;;GT3;;AF Corse;Ferrari;GF;34.517;37.343;37.609
50;1;56;1:57.216;0;;35.024;0;37.254;0;44.938;0;177.9;2:09:19.865;18:08:51.129;0:35.024;0:37.254;0:44.938;;Wadoux;;GT3;;AF Corse;Ferrari;GF;35.024;37.254;44.938
50;2;57;3:04.433;0;;1:49.616;0;37.829;0;36.988;0;113.1;2:12:24.298;18:11:55.562;1:49.616;0:37.829;0:36.988;202;Leclerc;;GT3;;AF Corse;Ferrari;GF;109.616;37.829;36.988
50;2;58;1:48.231;0;;34.880;0;36.759;0;36.592;0;192.7;2:14:12.529;18:13:43.793;0:34.880;0:36.759;0:36.592;258;Leclerc;;GT3;;AF Corse;Ferrari;GF;34.880;36.759;36.592
50;2;59;1:48.645;0;;34.370;0;37.364;0;36.911;0;192.0;2:16:01.174;18:15:32.438;0:34.370;0:37.364;0:36.911;271;Leclerc;;GT3;;AF Corse;Ferrari;GF;34.370;37.364;36.911
50;2;60;1:47.490;0;;34.195;0;36.731;0;36.564;0;194.0;2:17:48.664;18:17:19.928;0:34.195;0:36.731;0:36.564;271;Leclerc;;GT3;;AF Corse;Ferrari;GF;34.195;36.731;36.564
50;2;61;1:48.054;0;;34.198;0;37.049;0;36.807;0;193.0;2:19:36.718;18:19:07.982;0:34.198;0:37.049;0:36.807;272;Leclerc;;GT3;;AF Corse;Ferrari;GF;34.198;37.049;36.807
50;2;62;1:47.942;0;;34.289;0;36.990;0;36.663;0;193.2;2:21:24.660;18:20:55.924;0:34.289;0:36.990;0:36.663;271;Leclerc;;GT3;;AF Corse;Ferrari;GF;34.289;36.990;36.663
50;2;63;1:47.550;0;;34.261;0;36.589;0;36.700;0;193.9;2:23:12.210;18:22:43.474;0:34.261;0:36.589;0:36.700;272;Leclerc;;GT3;;AF Corse;Ferrari;GF;34.261;36.589;36.700
50;2;64;1:47.583;0;;34.193;0;36.744;0;36.646;0;193.8;2:24:59.793;18:24:31.057;0:34.193;0:36.744;0:36.646;271;Leclerc;;GT3;;AF Corse;Ferrari;GF;34.193;36.744;36.646
50;2;65;1:48.092;0;;34.245;0;37.039;0;36.808;0;192.9;2:26:47.885;18:26:19.149;0:34.245;0:37.039;0:36.808;272;Leclerc;;GT3;;AF Corse;Ferrari;GF;34.245;37.039;36.808
50;2;66;1:47.146;0;;34.106;0;36.713;0;36.327;1;194.6;2:28:35.031;18:28:06.295;0:34.106;0:36.713;0:36.327;272;Leclerc;;GT3;;AF Corse;Ferrari;GF;34.106;36.713;36.327
50;2;67;1:48.004;0;;34.241;0;37.331;0;36.432;0;193.1;2:30:23.035;18:29:54.299;0:34.241;0:37.331;0:36.432;273;Leclerc;;GT3;;AF Corse;Ferrari;GF;34.241;37.331;36.432
50;2;68;1:47.767;0;;34.014;0;37.044;0;36.709;0;193.5;2:32:10.802;18:31:42.066;0:34.014;0:37.044;0:36.709;272;Leclerc;;GT3;;AF Corse;Ferrari;GF;34.014;37.044;36.709
50;2;69;1:47.378;0;;34.148;0;36.842;0;36.388;0;194.2;2:33:58.180;18:33:29.444;0:34.148;0:36.842;0:36.388;272;Leclerc;;GT3;;AF Corse;Ferrari;GF;34.148;36.842;36.388
50;2;70;1:47.235;0;;34.291;0;36.484;0;36.460;0;194.5;2:35:45.415;18:35:16.679;0:34.291;0:36.484;0:36.460;270;Leclerc;;GT3;;AF Corse;Ferrari;GF;34.291;36.484;36.460
50;2;71;1:49.597;0;;34.116;0;36.825;0;38.656;0;190.3;2:37:35.012;18:37:06.276;0:34.116;0:36.825;0:38.656;270;Leclerc;;GT3;;AF Corse;Ferrari;GF;34.116;36.825;38.656
50;2;72;3:22.576;0;;34.252;0;1:15.749;0;1:32.575;0;102.9;2:40:57.588;18:40:28.852;0:34.252;1:15.749;1:32.575;269;Leclerc;;GT3;;AF Corse;Ferrari;FCY;34.252;75.749;92.575
50;2;73;4:22.189;0;;1:27.347;0;1:22.098;0;1:32.744;0;79.5;2:45:19.777;18:44:51.041;1:27.347;1:22.098;1:32.744;78;Leclerc;;GT3;;AF Corse;Ferrari;FCY;87.347;82.098;92.744
50;2;74;3:39.472;0;;1:27.427;0;1:22.246;0;49.799;0;95.0;2:48:59.249;18:48:30.513;1:27.427;1:22.246;0:49.799;78;Leclerc;;GT3;;AF Corse;Ferrari;SC;87.427;82.246;49.799
50;2;75;1:57.264;0;;37.757;0;39.488;0;40.019;0;177.8;2:50:56.513;18:50:27.777;0:37.757;0:39.488;0:40.019;242;Leclerc;;GT3;;AF Corse;Ferrari;SC;37.757;39.488;40.019
50;2;76;2:15.756;0;;41.816;0;49.254;0;44.686;0;153.6;2:53:12.269;18:52:43.533;0:41.816;0:49.254;0:44.686;254;Leclerc;;GT3;;AF Corse;Ferrari;GF;41.816;49.254;44.686
50;2;77;1:50.426;0;;35.416;0;38.014;0;36.996;0;188.9;2:55:02.695;18:54:33.959;0:35.416;0:38.014;0:36.996;270;Leclerc;;GT3;;AF Corse;Ferrari;GF;35.416;38.014;36.996
50;2;78;2:02.144;0;;35.435;0;44.731;0;41.978;0;170.7;2:57:04.839;18:56:36.103;0:35.435;0:44.731;0:41.978;271;Leclerc;;GT3;;AF Corse;Ferrari;GF;35.435;44.731;41.978
50;2;79;4:08.819;0;;1:29.583;0;1:27.267;0;1:11.969;0;83.8;3:01:13.658;19:00:44.922;1:29.583;1:27.267;1:11.969;59;Leclerc;;GT3;;AF Corse;Ferrari;GF;89.583;87.267;71.969
52;3;1;2:41.101;1;;44.475;1;41.482;1;1:15.144;1;129.5;2:41.101;16:02:12.365;0:44.475;0:41.482;1:15.144;191;Stadsbader;;GT3;;AF Corse;Ferrari;SC;44.475;41.482;75.144
52;3;2;4:25.512;0;;1:47.054;0;1:21.570;0;1:16.888;0;78.5;7:06.613;16:06:37.877;1:47.054;1:21.570;1:16.888;25;Stadsbader;;GT3;;AF Corse;Ferrari;SC;107.054;81.570;76.888
52;3;3;3:28.638;0;;1:21.194;0;1:03.349;0;1:04.095;1;100.0;10:35.251;16:10:06.515;1:21.194;1:03.349;1:04.095;;Stadsbader;;GT3;;AF Corse;Ferrari;SC;81.194;63.349;64.095
52;3;4;3:10.051;0;;1:55.134;0;37.308;1;37.609;1;109.7;13:45.302;16:13:16.566;1:55.134;0:37.308;0:37.609;195;Stadsbader;;GT3;;AF Corse;Ferrari;SC;115.134;37.308;37.609
52;3;5;2:24.591;1;;37.954;1;54.014;0;52.623;0;144.2;16:09.893;16:15:41.157;0:37.954;0:54.014;0:52.623;;Stadsbader;;GT3;;AF Corse;Ferrari;SC;37.954;54.014;52.623
52;3;6;2:39.847;0;;1:03.833;0;50.899;0;45.115;0;130.5;18:49.740;16:18:21.004;1:03.833;0:50.899;0:45.115;202;Stadsbader;;GT3;;AF Corse;Ferrari;GF;63.833;50.899;45.115
52;3;7;1:52.826;1;;35.678;1;38.027;0;39.121;0;184.8;20:42.566;16:20:13.830;0:35.678;0:38.027;0:39.121;239;Stadsbader;;GT3;;AF Corse;Ferrari;GF;35.678;38.027;39.121
52;3;8;1:58.102;0;;43.751;0;36.940;1;37.411;1;176.6;22:40.668;16:22:11.932;0:43.751;0:36.940;0:37.411;246;Stadsbader;;GT3;;AF Corse;Ferrari;GF;43.751;36.940;37.411
52;3;9;1:50.842;1;;37.143;0;36.730;1;36.969;1;188.1;24:31.510;16:24:02.774;0:37.143;0:36.730;0:36.969;263;Stadsbader;;GT3;;AF Corse;Ferrari;GF;37.143;36.730;36.969
52;3;10;1:48.756;1;;35.200;1;36.641;1;36.915;1;191.8;26:20.266;16:25:51.530;0:35.200;0:36.641;0:36.915;260;Stadsbader;;GT3;;AF Corse;Ferrari;GF;35.200;36.641;36.915
52;3;11;1:49.631;0;;34.752;1;36.873;0;38.006;0;190.2;28:09.897;16:27:41.161;0:34.752;0:36.873;0:38.006;269;Stadsbader;;GT3;;AF Corse;Ferrari;GF;34.752;36.873;38.006
52;3;12;1:57.547;0;;35.219;0;37.665;0;44.663;0;177.4;30:07.444;16:29:38.708;0:35.219;0:37.665;0:44.663;;Stadsbader;;GT3;;AF Corse;Ferrari;GF;35.219;37.665;44.663
54;2;1;3:12.691;1;;53.784;1;54.899;1;1:24.008;1;108.2;3:12.691;16:02:43.955;0:53.784;0:54.899;1:24.008;154;Whiteside;;GT3;;Dinamic GT;Porsche;SC;53.784;54.899;84.008
54;2;2;4:31.219;0;;1:53.150;0;1:18.255;0;1:19.814;1;76.9;7:43.910;16:07:15.174;1:53.150;1:18.255;1:19.814;68;Whiteside;;GT3;;Dinamic GT;Porsche;SC;113.150;78.255;79.814
54;2;3;3:13.086;0;;1:14.193;0;1:06.552;0;52.341;1;108.0;10:56.996;16:10:28.260;1:14.193;1:06.552;0:52.341;45;Whiteside;;GT3;;Dinamic GT;Porsche;SC;74.193;66.552;52.341
54;2;4;2:47.340;1;;1:01.676;0;52.524;1;53.140;0;124.6;13:44.336;16:13:15.600;1:01.676;0:52.524;0:53.140;;Whiteside;;GT3;;Dinamic GT;Porsche;SC;61.676;52.524;53.140
54;2;5;3:06.243;0;;1:51.054;0;37.833;1;37.356;1;112.0;16:50.579;16:16:21.843;1:51.054;0:37.833;0:37.356;204;Whiteside;;GT3;;Dinamic GT;Porsche;SC;111.054;37.833;37.356
54;2;6;2:01.172;1;;34.953;1;42.608;0;43.611;0;172.1;18:51.751;16:18:23.015;0:34.953;0:42.608;0:43.611;265;Whiteside;;GT3;;Dinamic GT;Porsche;GF;34.953;42.608;43.611
54;2;7;1:51.938;1;;35.564;0;37.587;1;38.787;0;186.3;20:43.689;16:20:14.953;0:35.564;0:37.587;0:38.787;232;Whiteside;;GT3;;Dinamic GT;Porsche;GF;35.564;37.587;38.787
54;2;8;1:55.279;0;;38.168;0;38.997;0;38.114;0;180.9;22:38.968;16:22:10.232;0:38.168;0:38.997;0:38.114;231;Whiteside;;GT3;;Dinamic GT;Porsche;GF;38.168;38.997;38.114
54;2;9;1:50.411;1;;34.937;1;37.291;1;38.183;0;188.9;24:29.379;16:24:00.643;0:34.937;0:37.291;0:38.183;270;Whiteside;;GT3;;Dinamic GT;Porsche;GF;34.937;37.291;38.183
54;2;10;1:48.477;1;;34.525;1;37.001;1;36.951;1;192.3;26:17.856;16:25:49.120;0:34.525;0:37.001;0:36.951;265;Whiteside;;GT3;;Dinamic GT;Porsche;GF;34.525;37.001;36.951
54;2;11;1:51.824;0;;35.322;0;38.170;0;38.332;0;186.5;28:09.680;16:27:40.944;0:35.322;0:38.170;0:38.332;268;Whiteside;;GT3;;Dinamic GT;Porsche;GF;35.322;38.170;38.332
54;2;12;1:50.155;0;;34.835;0;37.699;0;37.621;0;189.3;29:59.835;16:29:31.099;0:34.835;0:37.699;0:37.621;250;Whiteside;;GT3;;Dinamic GT;Porsche;GF;34.835;37.699;37.621
54;2;13;1:48.944;0;;34.499;1;36.992;1;37.453;0;191.4;31:48.779;16:31:20.043;0:34.499;0:36.992;0:37.453;267;Whiteside;;GT3;;Dinamic GT;Porsche;GF;34.499;36.992;37.453
54;2;14;1:48.625;0;;34.478;1;36.870;1;37.277;0;192.0;33:37.404;16:33:08.668;0:34.478;0:36.870;0:37.277;268;Whiteside;;GT3;;Dinamic GT;Porsche;GF;34.478;36.870;37.277
54;2;15;1:48.968;0;;34.529;0;37.001;0;37.438;0;191.4;35:26.372;16:34:57.636;0:34.529;0:37.001;0:37.438;267;Whiteside;;GT3;;Dinamic GT;Porsche;GF;34.529;37.001;37.438
54;2;16;1:47.869;1;;34.403;1;36.653;1;36.813;1;193.3;37:14.241;16:36:45.505;0:34.403;0:36.653;0:36.813;265;Whiteside;;GT3;;Dinamic GT;Porsche;GF;34.403;36.653;36.813
54;2;17;1:47.865;1;;34.451;0;36.584;1;36.830;0;193.3;39:02.106;16:38:33.370;0:34.451;0:36.584;0:36.830;266;Whiteside;;GT3;;Dinamic GT;Porsche;GF;34.451;36.584;36.830
54;2;18;1:47.511;1;;34.401;1;36.417;1;36.693;1;194.0;40:49.617;16:40:20.881;0:34.401;0:36.417;0:36.693;265;Whiteside;;GT3;;Dinamic GT;Porsche;GF;34.401;36.417;36.693
54;2;19;1:47.378;1;;34.243;1;36.382;1;36.753;0;194.2;42:36.995;16:42:08.259;0:34.243;0:36.382;0:36.753;267;Whiteside;;GT3;;Dinamic GT;Porsche;GF;34.243;36.382;36.753
54;2;20;1:47.658;0;;34.369;0;36.417;0;36.872;0;193.7;44:24.653;16:43:55.917;0:34.369;0:36.417;0:36.872;267;Whiteside;;GT3;;Dinamic GT;Porsche;GF;34.369;36.417;36.872
54;2;21;1:51.793;0;;36.696;0;38.101;0;36.996;0;186.5;46:16.446;16:45:47.710;0:36.696;0:38.101;0:36.996;269;Whiteside;;GT3;;Dinamic GT;Porsche;GF;36.696;38.101;36.996
54;2;22;1:48.377;0;;34.447;0;36.849;0;37.081;0;192.4;48:04.823;16:47:36.087;0:34.447;0:36.849;0:37.081;268;Whiteside;;GT3;;Dinamic GT;Porsche;GF;34.447;36.849;37.081
54;2;23;1:50.239;0;;34.833;0;36.710;0;38.696;0;189.2;49:55.062;16:49:26.326;0:34.833;0:36.710;0:38.696;258;Whiteside;;GT3;;Dinamic GT;Porsche;GF;34.833;36.710;38.696
54;2;24;4:20.698;0;;1:26.315;0;1:21.865;0;1:32.518;0;80.0;54:15.760;16:53:47.024;1:26.315;1:21.865;1:32.518;78;Whiteside;;GT3;;Dinamic GT;Porsche;FCY;86.315;81.865;92.518
54;2;25;4:21.193;0;;1:26.662;0;1:21.887;0;1:32.644;0;79.8;58:36.953;16:58:08.217;1:26.662;1:21.887;1:32.644;78;Whiteside;;GT3;;Dinamic GT;Porsche;FCY;86.662;81.887;92.644
54;2;26;4:21.035;0;;1:26.590;0;1:21.985;0;1:32.460;0;79.9;1:02:57.988;17:02:29.252;1:26.590;1:21.985;1:32.460;78;Whiteside;;GT3;;Dinamic GT;Porsche;GF;86.590;81.985;92.460
54;2;27;3:07.819;0;B;1:26.613;0;50.065;0;51.141;0;111.0;1:06:05.807;17:05:37.071;1:26.613;0:50.065;0:51.141;;Whiteside;;GT3;;Dinamic GT;Porsche;SC;86.613;50.065;51.141
54;3;28;3:08.202;0;;1:51.428;0;38.613;0;38.161;0;110.8;1:09:14.009;17:08:45.273;1:51.428;0:38.613;0:38.161;198;Sathienthirakul;;GT3;;Dinamic GT;Porsche;GF;111.428;38.613;38.161
54;3;29;1:48.493;0;;34.697;0;36.744;0;37.052;0;192.2;1:11:02.502;17:10:33.766;0:34.697;0:36.744;0:37.052;265;Sathienthirakul;;GT3;;Dinamic GT;Porsche;GF;34.697;36.744;37.052
54;3;30;1:48.179;0;;34.468;0;36.769;0;36.942;0;192.8;1:12:50.681;17:12:21.945;0:34.468;0:36.769;0:36.942;265;Sathienthirakul;;GT3;;Dinamic GT;Porsche;GF;34.468;36.769;36.942
54;3;31;1:48.636;0;;34.777;0;36.901;0;36.958;0;192.0;1:14:39.317;17:14:10.581;0:34.777;0:36.901;0:36.958;260;Sathienthirakul;;GT3;;Dinamic GT;Porsche;GF;34.777;36.901;36.958
54;3;32;1:47.709;0;;34.426;0;36.526;0;36.757;0;193.6;1:16:27.026;17:15:58.290;0:34.426;0:36.526;0:36.757;266;Sathienthirakul;;GT3;;Dinamic GT;Porsche;GF;34.426;36.526;36.757
54;3;33;1:48.134;0;;34.459;0;36.656;0;37.019;0;192.9;1:18:15.160;17:17:46.424;0:34.459;0:36.656;0:37.019;266;Sathienthirakul;;GT3;;Dinamic GT;Porsche;GF;34.459;36.656;37.019
54;3;34;2:33.224;0;;35.024;0;39.182;0;1:19.018;0;136.1;1:20:48.384;17:20:19.648;0:35.024;0:39.182;1:19.018;266;Sathienthirakul;;GT3;;Dinamic GT;Porsche;GF;35.024;39.182;79.018
54;3;35;1:48.747;0;;34.727;0;37.043;0;36.977;0;191.8;1:22:37.131;17:22:08.395;0:34.727;0:37.043;0:36.977;264;Sathienthirakul;;GT3;;Dinamic GT;Porsche;GF;34.727;37.043;36.977
54;3;36;1:47.821;0;;34.519;0;36.617;0;36.685;1;193.4;1:24:24.952;17:23:56.216;0:34.519;0:36.617;0:36.685;267;Sathienthirakul;;GT3;;Dinamic GT;Porsche;GF;34.519;36.617;36.685
54;3;37;1:47.906;0;;34.459;0;36.647;0;36.800;0;193.3;1:26:12.858;17:25:44.122;0:34.459;0:36.647;0:36.800;267;Sathienthirakul;;GT3;;Dinamic GT;Porsche;GF;34.459;36.647;36.800
54;3;38;1:47.881;0;;34.378;0;36.476;0;37.027;0;193.3;1:28:00.739;17:27:32.003;0:34.378;0:36.476;0:37.027;267;Sathienthirakul;;GT3;;Dinamic GT;Porsche;GF;34.378;36.476;37.027
54;3;39;1:47.800;0;;34.361;0;36.700;0;36.739;0;193.5;1:29:48.539;17:29:19.803;0:34.361;0:36.700;0:36.739;269;Sathienthirakul;;GT3;;Dinamic GT;Porsche;GF;34.361;36.700;36.739
54;3;40;1:47.944;0;;34.212;1;36.983;0;36.749;0;193.2;1:31:36.483;17:31:07.747;0:34.212;0:36.983;0:36.749;268;Sathienthirakul;;GT3;;Dinamic GT;Porsche;GF;34.212;36.983;36.749
54;3;41;1:48.330;0;;34.400;0;36.904;0;37.026;0;192.5;1:33:24.813;17:32:56.077;0:34.400;0:36.904;0:37.026;260;Sathienthirakul;;GT3;;Dinamic GT;Porsche;GF;34.400;36.904;37.026
54;3;42;1:48.042;0;;34.863;0;36.493;0;36.686;0;193.0;1:35:12.855;17:34:44.119;0:34.863;0:36.493;0:36.686;266;Sathienthirakul;;GT3;;Dinamic GT;Porsche;GF;34.863;36.493;36.686
54;3;43;3:53.931;0;;58.879;0;1:22.196;0;1:32.856;0;89.1;1:39:06.786;17:38:38.050;0:58.879;1:22.196;1:32.856;269;Sathienthirakul;;GT3;;Dinamic GT;Porsche;FCY;58.879;82.196;92.856
54;3;44;4:21.989;0;;1:26.893;0;1:22.381;0;1:32.715;0;79.6;1:43:28.775;17:43:00.039;1:26.893;1:22.381;1:32.715;78;Sathienthirakul;;GT3;;Dinamic GT;Porsche;FCY;86.893;82.381;92.715
54;3;45;3:26.968;0;;1:26.926;0;1:15.913;0;44.129;0;100.8;1:46:55.743;17:46:27.007;1:26.926;1:15.913;0:44.129;78;Sathienthirakul;;GT3;;Dinamic GT;Porsche;SC;86.926;75.913;44.129
54;3;46;2:47.516;0;;36.936;0;1:01.420;0;1:09.160;0;124.5;1:49:43.259;17:49:14.523;0:36.936;1:01.420;1:09.160;240;Sathienthirakul;;GT3;;Dinamic GT;Porsche;SC;36.936;61.420;69.160
54;3;47;2:55.733;0;;1:05.701;0;56.145;0;53.887;0;118.7;1:52:38.992;17:52:10.256;1:05.701;0:56.145;0:53.887;103;Sathienthirakul;;GT3;;Dinamic GT;Porsche;GF;65.701;56.145;53.887
54;3;48;1:50.693;0;;35.500;0;38.030;0;37.163;0;188.4;1:54:29.685;17:54:00.949;0:35.500;0:38.030;0:37.163;239;Sathienthirakul;;GT3;;Dinamic GT;Porsche;GF;35.500;38.030;37.163
54;3;49;1:48.786;0;;34.392;0;37.187;0;37.207;0;191.7;1:56:18.471;17:55:49.735;0:34.392;0:37.187;0:37.207;269;Sathienthirakul;;GT3;;Dinamic GT;Porsche;GF;34.392;37.187;37.207
54;3;50;1:48.510;0;;34.497;0;37.042;0;36.971;0;192.2;1:58:06.981;17:57:38.245;0:34.497;0:37.042;0:36.971;265;Sathienthirakul;;GT3;;Dinamic GT;Porsche;GF;34.497;37.042;36.971
54;3;51;1:49.340;0;;34.567;0;37.791;0;36.982;0;190.7;1:59:56.321;17:59:27.585;0:34.567;0:37.791;0:36.982;269;Sathienthirakul;;GT3;;Dinamic GT;Porsche;GF;34.567;37.791;36.982
54;3;52;1:49.317;0;;34.327;0;37.246;0;37.744;0;190.8;2:01:45.638;18:01:16.902;0:34.327;0:37.246;0:37.744;272;Sathienthirakul;;GT3;;Dinamic GT;Porsche;GF;34.327;37.246;37.744
54;3;53;1:55.393;0;;34.261;0;36.687;0;44.445;0;180.7;2:03:41.031;18:03:12.295;0:34.261;0:36.687;0:44.445;;Sathienthirakul;;GT3;;Dinamic GT;Porsche;GF;34.261;36.687;44.445
54;1;54;3:05.188;0;;1:49.846;0;38.031;0;37.311;0;112.6;2:06:46.219;18:06:17.483;1:49.846;0:38.031;0:37.311;203;Simonazzi;;GT3;;Dinamic GT;Porsche;GF;109.846;38.031;37.311
54;1;55;1:48.337;0;B;34.545;0;36.949;0;36.843;0;192.5;2:08:34.556;18:08:05.820;0:34.545;0:36.949;0:36.843;265;Simonazzi;;GT3;;Dinamic GT;Porsche;GF;34.545;36.949;36.843
54;1;56;1:48.038;0;;34.381;0;36.766;0;36.891;0;193.0;2:10:22.594;18:09:53.858;0:34.381;0:36.766;0:36.891;265;Simonazzi;;GT3;;Dinamic GT;Porsche;GF;34.381;36.766;36.891
54;1;57;1:47.967;0;;34.302;0;36.954;0;36.711;0;193.2;2:12:10.561;18:11:41.825;0:34.302;0:36.954;0:36.711;266;Simonazzi;;GT3;;Dinamic GT;Porsche;GF;34.302;36.954;36.711
54;1;58;1:48.399;0;;34.382;0;36.683;0;37.334;0;192.4;2:13:58.960;18:13:30.224;0:34.382;0:36.683;0:37.334;265;Simonazzi;;GT3;;Dinamic GT;Porsche;GF;34.382;36.683;37.334
54;1;59;1:48.355;0;;34.582;0;36.858;0;36.915;0;192.5;2:15:47.315;18:15:18.579;0:34.582;0:36.858;0:36.915;268;Simonazzi;;GT3;;Dinamic GT;Porsche;GF;34.582;36.858;36.915
54;1;60;1:47.726;0;;34.327;0;36.638;0;36.761;0;193.6;2:17:35.041;18:17:06.305;0:34.327;0:36.638;0:36.761;267;Simonazzi;;GT3;;Dinamic GT;Porsche;GF;34.327;36.638;36.761
54;1;61;1:47.737;0;;34.280;0;36.686;0;36.771;0;193.6;2:19:22.778;18:18:54.042;0:34.280;0:36.686;0:36.771;268;Simonazzi;;GT3;;Dinamic GT;Porsche;GF;34.280;36.686;36.771
54;1;62;1:51.468;0;;34.757;0;39.807;0;36.904;0;187.1;2:21:14.246;18:20:45.510;0:34.757;0:39.807;0:36.904;268;Simonazzi;;GT3;;Dinamic GT;Porsche;GF;34.757;39.807;36.904
54;1;63;1:47.810;0;;34.250;0;36.732;0;36.828;0;193.4;2:23:02.056;18:22:33.320;0:34.250;0:36.732;0:36.828;267;Simonazzi;;GT3;;Dinamic GT;Porsche;GF;34.250;36.732;36.828
54;1;64;1:47.524;0;;34.227;0;36.570;0;36.727;0;194.0;2:24:49.580;18:24:20.844;0:34.227;0:36.570;0:36.727;267;Simonazzi;;GT3;;Dinamic GT;Porsche;GF;34.227;36.570;36.727
54;1;65;1:47.361;1;;34.191;1;36.519;0;36.651;1;194.2;2:26:36.941;18:26:08.205;0:34.191;0:36.519;0:36.651;268;Simonazzi;;GT3;;Dinamic GT;Porsche;GF;34.191;36.519;36.651
54;1;66;1:47.377;0;;34.182;1;36.519;0;36.676;0;194.2;2:28:24.318;18:27:55.582;0:34.182;0:36.519;0:36.676;269;Simonazzi;;GT3;;Dinamic GT;Porsche;GF;34.182;36.519;36.676
54;1;67;1:47.855;0;;34.256;0;36.698;0;36.901;0;193.4;2:30:12.173;18:29:43.437;0:34.256;0:36.698;0:36.901;269;Simonazzi;;GT3;;Dinamic GT;Porsche;GF;34.256;36.698;36.901
54;1;68;1:47.978;0;;34.475;0;36.753;0;36.750;0;193.1;2:32:00.151;18:31:31.415;0:34.475;0:36.753;0:36.750;269;Simonazzi;;GT3;;Dinamic GT;Porsche;GF;34.475;36.753;36.750
54;1;69;1:47.949;0;;34.387;0;36.693;0;36.869;0;193.2;2:33:48.100;18:33:19.364;0:34.387;0:36.693;0:36.869;268;Simonazzi;;GT3;;Dinamic GT;Porsche;GF;34.387;36.693;36.869
54;1;70;1:47.720;0;;34.235;0;36.725;0;36.760;0;193.6;2:35:35.820;18:35:07.084;0:34.235;0:36.725;0:36.760;267;Simonazzi;;GT3;;Dinamic GT;Porsche;GF;34.235;36.725;36.760
54;1;71;1:50.326;0;;34.309;0;38.470;0;37.547;0;189.0;2:37:26.146;18:36:57.410;0:34.309;0:38.470;0:37.547;267;Simonazzi;;GT3;;Dinamic GT;Porsche;GF;34.309;38.470;37.547
54;1;72;3:15.486;0;;34.204;0;1:08.688;0;1:32.594;0;106.7;2:40:41.632;18:40:12.896;0:34.204;1:08.688;1:32.594;268;Simonazzi;;GT3;;Dinamic GT;Porsche;FCY;34.204;68.688;92.594
54;1;73;4:21.819;0;;1:27.326;0;1:21.903;0;1:32.590;0;79.7;2:45:03.451;18:44:34.715;1:27.326;1:21.903;1:32.590;78;Simonazzi;;GT3;;Dinamic GT;Porsche;FCY;87.326;81.903;92.590
54;1;74;3:44.636;0;B;1:27.001;0;1:22.074;0;55.561;0;92.8;2:48:48.087;18:48:19.351;1:27.001;1:22.074;0:55.561;78;Simonazzi;;GT3;;Dinamic GT;Porsche;SC;87.001;82.074;55.561
54;1;75;1:57.067;0;;38.355;0;39.736;0;38.976;0;178.1;2:50:45.154;18:50:16.418;0:38.355;0:39.736;0:38.976;215;Simonazzi;;GT3;;Dinamic GT;Porsche;SC;38.355;39.736;38.976
54;1;76;2:25.187;0;;46.919;0;51.116;0;47.152;0;143.6;2:53:10.341;18:52:41.605;0:46.919;0:51.116;0:47.152;178;Simonazzi;;GT3;;Dinamic GT;Porsche;GF;46.919;51.116;47.152
54;1;77;1:50.698;0;;35.379;0;38.140;0;37.179;0;188.4;2:55:01.039;18:54:32.303;0:35.379;0:38.140;0:37.179;238;Simonazzi;;GT3;;Dinamic GT;Porsche;GF;35.379;38.140;37.179
54;1;78;2:01.646;0;;35.820;0;44.452;0;41.374;0;171.4;2:57:02.685;18:56:33.949;0:35.820;0:44.452;0:41.374;269;Simonazzi;;GT3;;Dinamic GT;Porsche;GF;35.820;44.452;41.374
54;1;79;4:10.298;0;;1:29.827;0;1:26.920;0;1:13.551;0;83.3;3:01:12.983;19:00:44.247;1:29.827;1:26.920;1:13.551;63;Simonazzi;;GT3;;Dinamic GT;Porsche;GF;89.827;86.920;73.551
56;1;1;3:08.677;1;;52.271;1;54.178;1;1:22.228;1;110.5;3:08.677;16:02:39.941;0:52.271;0:54.178;1:22.228;136;Petrobelli;;GT3;;Ecurie Ecosse Blackthorn;Aston Martin;SC;52.271;54.178;82.228
56;1;2;4:29.037;0;;1:53.540;0;1:18.331;0;1:17.166;1;77.5;7:37.714;16:07:08.978;1:53.540;1:18.331;1:17.166;;Petrobelli;;GT3;;Ecurie Ecosse Blackthorn;Aston Martin;SC;113.540;78.331;77.166
56;1;3;3:23.970;0;;1:54.389;0;43.419;1;46.162;1;102.2;11:01.684;16:10:32.948;1:54.389;0:43.419;0:46.162;155;Petrobelli;;GT3;;Ecurie Ecosse Blackthorn;Aston Martin;SC;114.389;43.419;46.162
56;1;4;2:37.955;1;;1:00.868;0;52.784;0;44.303;1;132.0;13:39.639;16:13:10.903;1:00.868;0:52.784;0:44.303;70;Petrobelli;;GT3;;Ecurie Ecosse Blackthorn;Aston Martin;SC;60.868;52.784;44.303
56;1;5;2:20.248;1;;39.914;1;55.975;0;44.359;0;148.7;15:59.887;16:15:31.151;0:39.914;0:55.975;0:44.359;195;Petrobelli;;GT3;;Ecurie Ecosse Blackthorn;Aston Martin;SC;39.914;55.975;44.359
56;1;6;2:44.017;0;;54.953;0;57.091;0;51.973;0;127.2;18:43.904;16:18:15.168;0:54.953;0:57.091;0:51.973;103;Petrobelli;;GT3;;Ecurie Ecosse Blackthorn;Aston Martin;GF;54.953;57.091;51.973
56;1;7;1:52.637;1;;35.601;1;38.695;1;38.341;1;185.2;20:36.541;16:20:07.805;0:35.601;0:38.695;0:38.341;262;Petrobelli;;GT3;;Ecurie Ecosse Blackthorn;Aston Martin;GF;35.601;38.695;38.341
56;1;8;1:50.607;1;;35.259;1;37.516;1;37.832;1;188.5;22:27.148;16:21:58.412;0:35.259;0:37.516;0:37.832;265;Petrobelli;;GT3;;Ecurie Ecosse Blackthorn;Aston Martin;GF;35.259;37.516;37.832
56;1;9;1:51.345;0;;35.631;0;38.017;0;37.697;1;187.3;24:18.493;16:23:49.757;0:35.631;0:38.017;0:37.697;267;Petrobelli;;GT3;;Ecurie Ecosse Blackthorn;Aston Martin;GF;35.631;38.017;37.697
56;1;10;1:50.018;1;;35.048;1;37.315;1;37.655;1;189.6;26:08.511;16:25:39.775;0:35.048;0:37.315;0:37.655;265;Petrobelli;;GT3;;Ecurie Ecosse Blackthorn;Aston Martin;GF;35.048;37.315;37.655
56;1;11;1:48.838;1;;34.562;1;36.932;1;37.344;1;191.6;27:57.349;16:27:28.613;0:34.562;0:36.932;0:37.344;264;Petrobelli;;GT3;;Ecurie Ecosse Blackthorn;Aston Martin;GF;34.562;36.932;37.344
56;1;12;1:49.793;0;;34.925;0;37.321;0;37.547;0;189.9;29:47.142;16:29:18.406;0:34.925;0:37.321;0:37.547;264;Petrobelli;;GT3;;Ecurie Ecosse Blackthorn;Aston Martin;GF;34.925;37.321;37.547
56;1;13;1:49.724;0;;35.364;0;36.889;1;37.471;0;190.1;31:36.866;16:31:08.130;0:35.364;0:36.889;0:37.471;268;Petrobelli;;GT3;;Ecurie Ecosse Blackthorn;Aston Martin;GF;35.364;36.889;37.471
56;1;14;1:49.428;0;;34.662;0;37.147;0;37.619;0;190.6;33:26.294;16:32:57.558;0:34.662;0:37.147;0:37.619;263;Petrobelli;;GT3;;Ecurie Ecosse Blackthorn;Aston Martin;GF;34.662;37.147;37.619
56;1;15;1:50.290;0;;35.632;0;37.490;0;37.168;1;189.1;35:16.584;16:34:47.848;0:35.632;0:37.490;0:37.168;262;Petrobelli;;GT3;;Ecurie Ecosse Blackthorn;Aston Martin;GF;35.632;37.490;37.168
56;0;16;1:48.412;1;;34.469;1;37.003;0;36.940;1;192.4;37:04.996;16:36:36.260;0:34.469;0:37.003;0:36.940;;Driver 0;;GT3;;Ecurie Ecosse Blackthorn;Aston Martin;GF;34.469;37.003;36.940
56;0;17;1:48.534;0;;;0;;0;;0;192.1;38:53.530;16:38:24.794;;;;;Driver 0;;GT3;;Ecurie Ecosse Blackthorn;Aston Martin;GF;;;
56;0;18;1:48.344;1;;;0;;0;;0;192.5;40:41.874;16:40:13.138;;;;;Driver 0;;GT3;;Ecurie Ecosse Blackthorn;Aston Martin;GF;;;
56;0;19;1:48.324;1;;;0;;0;;0;192.5;42:30.198;16:42:01.462;;;;;Driver 0;;GT3;;Ecurie Ecosse Blackthorn;Aston Martin;GF;;;
56;0;20;1:50.616;0;;;0;;0;;0;188.5;44:20.814;16:43:52.078;;;;;Driver 0;;GT3;;Ecurie Ecosse Blackthorn;Aston Martin;GF;;;
56;0;21;1:50.794;0;;;0;;0;;0;188.2;46:11.608;16:45:42.872;;;;;Driver 0;;GT3;;Ecurie Ecosse Blackthorn;Aston Martin;GF;;;
56;0;22;1:48.369;0;;;0;;0;;0;192.4;47:59.977;16:47:31.241;;;;;Driver 0;;GT3;;Ecurie Ecosse Blackthorn;Aston Martin;GF;;;
56;0;23;1:48.895;0;;;0;;0;;0;191.5;49:48.872;16:49:20.136;;;;;Driver 0;;GT3;;Ecurie Ecosse Blackthorn;Aston Martin;GF;;;
56;0;24;4:10.864;0;;;0;;0;;0;83.1;53:59.736;16:53:31.000;;;;;Driver 0;;GT3;;Ecurie Ecosse Blackthorn;Aston Martin;FCY;;;
56;0;25;5:20.699;0;;;0;;0;;0;65.0;59:20.435;16:58:51.699;;;;;Driver 0;;GT3;;Ecurie Ecosse Blackthorn;Aston Martin;FCY;;;
56;0;26;4:19.499;0;;;0;;0;;0;80.4;1:03:39.934;17:03:11.198;;;;;Driver 0;;GT3;;Ecurie Ecosse Blackthorn;Aston Martin;GF;;;
56;0;27;2:38.024;0;B;;0;;0;;0;132.0;1:06:17.958;17:05:49.222;;;;;Driver 0;;GT3;;Ecurie Ecosse Blackthorn;Aston Martin;SC;;;
56;0;28;2:31.402;0;;;0;;0;;0;137.7;1:08:49.360;17:08:20.624;;;;;Driver 0;;GT3;;Ecurie Ecosse Blackthorn;Aston Martin;GF;;;
56;0;29;1:50.814;0;;;0;;0;;0;188.2;1:10:40.174;17:10:11.438;;;;;Driver 0;;GT3;;Ecurie Ecosse Blackthorn;Aston Martin;GF;;;
56;0;30;1:49.999;0;;;0;;0;;0;189.6;1:12:30.173;17:12:01.437;;;;;Driver 0;;GT3;;Ecurie Ecosse Blackthorn;Aston Martin;GF;;;
56;0;31;1:48.932;0;;;0;;0;;0;191.4;1:14:19.105;17:13:50.369;;;;;Driver 0;;GT3;;Ecurie Ecosse Blackthorn;Aston Martin;GF;;;
56;0;32;1:48.617;0;;;0;;0;;0;192.0;1:16:07.722;17:15:38.986;;;;;Driver 0;;GT3;;Ecurie Ecosse Blackthorn;Aston Martin;GF;;;
56;0;33;1:50.954;0;;;0;;0;;0;188.0;1:17:58.676;17:17:29.940;;;;;Driver 0;;GT3;;Ecurie Ecosse Blackthorn;Aston Martin;GF;;;
56;0;34;2:21.697;0;;;0;;0;;0;147.2;1:20:20.373;17:19:51.637;;;;;Driver 0;;GT3;;Ecurie Ecosse Blackthorn;Aston Martin;FCY;;;
56;0;35;2:04.948;0;;;0;;0;;0;166.9;1:22:25.321;17:21:56.585;;;;;Driver 0;;GT3;;Ecurie Ecosse Blackthorn;Aston Martin;GF;;;
56;0;36;1:48.383;0;;;0;;0;;0;192.4;1:24:13.704;17:23:44.968;;;;;Driver 0;;GT3;;Ecurie Ecosse Blackthorn;Aston Martin;GF;;;
56;0;37;1:49.447;0;;;0;;0;;0;190.5;1:26:03.151;17:25:34.415;;;;;Driver 0;;GT3;;Ecurie Ecosse Blackthorn;Aston Martin;GF;;;
56;0;38;1:48.148;1;;;0;;0;;0;192.8;1:27:51.299;17:27:22.563;;;;;Driver 0;;GT3;;Ecurie Ecosse Blackthorn;Aston Martin;GF;;;
56;0;39;1:48.057;1;;;0;;0;;0;193.0;1:29:39.356;17:29:10.620;;;;;Driver 0;;GT3;;Ecurie Ecosse Blackthorn;Aston Martin;GF;;;
56;0;40;1:48.095;0;;;0;;0;;0;192.9;1:31:27.451;17:30:58.715;;;;;Driver 0;;GT3;;Ecurie Ecosse Blackthorn;Aston Martin;GF;;;
56;0;41;1:48.441;0;;;0;;0;;0;192.3;1:33:15.892;17:32:47.156;;;;;Driver 0;;GT3;;Ecurie Ecosse Blackthorn;Aston Martin;GF;;;
56;0;42;1:48.336;0;;;0;;0;;0;192.5;1:35:04.228;17:34:35.492;;;;;Driver 0;;GT3;;Ecurie Ecosse Blackthorn;Aston Martin;GF;;;
56;3;43;3:45.647;0;;1:19.000;0;;0;;0;92.4;1:38:49.875;17:38:21.139;1:19.000;;;;Adam;;GT3;;Ecurie Ecosse Blackthorn;Aston Martin;FCY;79.000;;
56;3;44;4:22.771;0;;1:26.363;0;1:21.264;0;1:35.144;0;79.4;1:43:12.646;17:42:43.910;1:26.363;1:21.264;1:35.144;;Adam;;GT3;;Ecurie Ecosse Blackthorn;Aston Martin;FCY;86.363;81.264;95.144
56;2;45;4:01.976;0;;2:27.861;0;52.032;0;42.083;0;86.2;1:47:14.622;17:46:45.886;2:27.861;0:52.032;0:42.083;79;Hanafin;;GT3;;Ecurie Ecosse Blackthorn;Aston Martin;SC;147.861;52.032;42.083
56;2;46;2:42.310;0;;38.769;0;57.208;0;1:06.333;0;128.5;1:49:56.932;17:49:28.196;0:38.769;0:57.208;1:06.333;164;Hanafin;;GT3;;Ecurie Ecosse Blackthorn;Aston Martin;SC;38.769;57.208;66.333
56;2;47;2:50.089;0;;1:06.414;0;56.330;0;47.345;0;122.6;1:52:47.021;17:52:18.285;1:06.414;0:56.330;0:47.345;87;Hanafin;;GT3;;Ecurie Ecosse Blackthorn;Aston Martin;GF;66.414;56.330;47.345
56;2;48;1:51.427;0;;35.192;0;39.196;0;37.039;0;187.2;1:54:38.448;17:54:09.712;0:35.192;0:39.196;0:37.039;262;Hanafin;;GT3;;Ecurie Ecosse Blackthorn;Aston Martin;GF;35.192;39.196;37.039
56;2;49;1:49.814;0;;34.582;0;38.194;0;37.038;0;189.9;1:56:28.262;17:55:59.526;0:34.582;0:38.194;0:37.038;267;Hanafin;;GT3;;Ecurie Ecosse Blackthorn;Aston Martin;GF;34.582;38.194;37.038
56;2;50;1:49.088;0;;34.536;0;37.569;0;36.983;0;191.2;1:58:17.350;17:57:48.614;0:34.536;0:37.569;0:36.983;269;Hanafin;;GT3;;Ecurie Ecosse Blackthorn;Aston Martin;GF;34.536;37.569;36.983
56;2;51;1:51.126;0;;34.640;0;37.276;0;39.210;0;187.7;2:00:08.476;17:59:39.740;0:34.640;0:37.276;0:39.210;268;Hanafin;;GT3;;Ecurie Ecosse Blackthorn;Aston Martin;GF;34.640;37.276;39.210
56;2;52;2:06.638;0;;53.017;0;36.742;1;36.879;1;164.7;2:02:15.114;18:01:46.378;0:53.017;0:36.742;0:36.879;263;Hanafin;;GT3;;Ecurie Ecosse Blackthorn;Aston Martin;GF;53.017;36.742;36.879
56;2;53;1:47.977;1;B;34.539;0;36.634;1;36.804;1;193.1;2:04:03.091;18:03:34.355;0:34.539;0:36.634;0:36.804;264;Hanafin;;GT3;;Ecurie Ecosse Blackthorn;Aston Martin;GF;34.539;36.634;36.804
56;2;54;1:48.167;0;;34.383;1;36.825;0;36.959;0;192.8;2:05:51.258;18:05:22.522;0:34.383;0:36.825;0:36.959;264;Hanafin;;GT3;;Ecurie Ecosse Blackthorn;Aston Martin;GF;34.383;36.825;36.959
56;2;55;1:47.821;1;;34.422;0;36.724;0;36.675;1;193.4;2:07:39.079;18:07:10.343;0:34.422;0:36.724;0:36.675;263;Hanafin;;GT3;;Ecurie Ecosse Blackthorn;Aston Martin;GF;34.422;36.724;36.675
56;2;56;1:47.646;1;;34.446;0;36.563;1;36.637;1;193.7;2:09:26.725;18:08:57.989;0:34.446;0:36.563;0:36.637;264;Hanafin;;GT3;;Ecurie Ecosse Blackthorn;Aston Martin;GF;34.446;36.563;36.637
56;2;57;1:47.403;1;;34.361;1;36.562;1;36.480;1;194.2;2:11:14.128;18:10:45.392;0:34.361;0:36.562;0:36.480;265;Hanafin;;GT3;;Ecurie Ecosse Blackthorn;Aston Martin;GF;34.361;36.562;36.480
56;2;58;1:47.179;1;;34.173;1;36.447;1;36.559;0;194.6;2:13:01.307;18:12:32.571;0:34.173;0:36.447;0:36.559;265;Hanafin;;GT3;;Ecurie Ecosse Blackthorn;Aston Martin;GF;34.173;36.447;36.559
56;2;59;1:47.777;0;;34.372;0;36.754;0;36.651;0;193.5;2:14:49.084;18:14:20.348;0:34.372;0:36.754;0:36.651;266;Hanafin;;GT3;;Ecurie Ecosse Blackthorn;Aston Martin;GF;34.372;36.754;36.651
56;2;60;1:47.531;0;;34.356;0;36.539;0;36.636;0;193.9;2:16:36.615;18:16:07.879;0:34.356;0:36.539;0:36.636;265;Hanafin;;GT3;;Ecurie Ecosse Blackthorn;Aston Martin;GF;34.356;36.539;36.636
56;2;61;1:47.208;0;;34.236;0;36.410;1;36.562;0;194.5;2:18:23.823;18:17:55.087;0:34.236;0:36.410;0:36.562;265;Hanafin;;GT3;;Ecurie Ecosse Blackthorn;Aston Martin;GF;34.236;36.410;36.562
56;2;62;1:47.564;0;;34.293;0;36.720;0;36.551;0;193.9;2:20:11.387;18:19:42.651;0:34.293;0:36.720;0:36.551;265;Hanafin;;GT3;;Ecurie Ecosse Blackthorn;Aston Martin;GF;34.293;36.720;36.551
56;2;63;1:47.138;1;;34.160;1;36.395;1;36.583;0;194.7;2:21:58.525;18:21:29.789;0:34.160;0:36.395;0:36.583;266;Hanafin;;GT3;;Ecurie Ecosse Blackthorn;Aston Martin;GF;34.160;36.395;36.583
56;2;64;1:47.442;0;;34.319;0;36.551;0;36.572;0;194.1;2:23:45.967;18:23:17.231;0:34.319;0:36.551;0:36.572;267;Hanafin;;GT3;;Ecurie Ecosse Blackthorn;Aston Martin;GF;34.319;36.551;36.572
56;2;65;1:47.060;1;;34.225;0;36.333;1;36.502;0;194.8;2:25:33.027;18:25:04.291;0:34.225;0:36.333;0:36.502;267;Hanafin;;GT3;;Ecurie Ecosse Blackthorn;Aston Martin;GF;34.225;36.333;36.502
56;2;66;1:47.436;0;;34.216;0;36.558;0;36.662;0;194.1;2:27:20.463;18:26:51.727;0:34.216;0:36.558;0:36.662;268;Hanafin;;GT3;;Ecurie Ecosse Blackthorn;Aston Martin;GF;34.216;36.558;36.662
56;2;67;1:47.221;0;;34.276;0;36.416;0;36.529;0;194.5;2:29:07.684;18:28:38.948;0:34.276;0:36.416;0:36.529;269;Hanafin;;GT3;;Ecurie Ecosse Blackthorn;Aston Martin;GF;34.276;36.416;36.529
56;2;68;1:47.586;0;;34.317;0;36.522;0;36.747;0;193.8;2:30:55.270;18:30:26.534;0:34.317;0:36.522;0:36.747;269;Hanafin;;GT3;;Ecurie Ecosse Blackthorn;Aston Martin;GF;34.317;36.522;36.747
56;2;69;1:47.955;0;;34.413;0;36.996;0;36.546;0;193.2;2:32:43.225;18:32:14.489;0:34.413;0:36.996;0:36.546;268;Hanafin;;GT3;;Ecurie Ecosse Blackthorn;Aston Martin;GF;34.413;36.996;36.546
56;2;70;1:55.740;0;;34.193;0;36.641;0;44.906;0;180.2;2:34:38.965;18:34:10.229;0:34.193;0:36.641;0:44.906;;Hanafin;;GT3;;Ecurie Ecosse Blackthorn;Aston Martin;GF;34.193;36.641;44.906
56;2;71;2:29.884;0;;1:16.543;0;36.691;0;36.650;0;139.1;2:37:08.849;18:36:40.113;1:16.543;0:36.691;0:36.650;204;Hanafin;;GT3;;Ecurie Ecosse Blackthorn;Aston Martin;GF;76.543;36.691;36.650
56;0;72;2:59.102;0;;34.695;0;4:24.000;0;;0;116.4;2:40:07.951;18:39:39.215;0:34.695;4:24.000;;;Driver 0;;GT3;;Ecurie Ecosse Blackthorn;Aston Martin;FCY;34.695;264.000;
56;0;73;4:18.683;0;;;0;;0;;0;80.6;2:44:26.634;18:43:57.898;;;;;Driver 0;;GT3;;Ecurie Ecosse Blackthorn;Aston Martin;FCY;;;
56;0;74;4:01.686;0;;;0;;0;;0;86.3;2:48:28.320;18:47:59.584;;;;;Driver 0;;GT3;;Ecurie Ecosse Blackthorn;Aston Martin;SC;;;
56;2;75;1:58.746;0;;3:47.000;0;;0;;0;175.6;2:50:27.066;18:49:58.330;3:47.000;;;;Hanafin;;GT3;;Ecurie Ecosse Blackthorn;Aston Martin;SC;227.000;;
56;2;76;2:42.072;0;;1:00.082;0;51.406;0;50.584;0;128.7;2:53:09.138;18:52:40.402;1:00.082;0:51.406;0:50.584;94;Hanafin;;GT3;;Ecurie Ecosse Blackthorn;Aston Martin;GF;60.082;51.406;50.584
56;2;77;1:50.846;0;;35.193;0;38.262;0;37.391;0;188.1;2:54:59.984;18:54:31.248;0:35.193;0:38.262;0:37.391;265;Hanafin;;GT3;;Ecurie Ecosse Blackthorn;Aston Martin;GF;35.193;38.262;37.391
56;2;78;2:01.819;0;;36.317;0;44.326;0;41.176;0;171.2;2:57:01.803;18:56:33.067;0:36.317;0:44.326;0:41.176;262;Hanafin;;GT3;;Ecurie Ecosse Blackthorn;Aston Martin;GF;36.317;44.326;41.176
56;2;79;4:10.383;0;;1:29.294;0;1:27.623;0;1:13.466;0;83.3;3:01:12.186;19:00:43.450;1:29.294;1:27.623;1:13.466;62;Hanafin;;GT3;;Ecurie Ecosse Blackthorn;Aston Martin;GF;89.294;87.623;73.466
58;3;1;2:42.666;1;;44.807;1;42.094;1;1:15.765;1;128.2;2:42.666;16:02:13.930;0:44.807;0:42.094;1:15.765;182;Goethe;;GT3;;Garage 59;McLaren;SC;44.807;42.094;75.765
58;3;2;4:26.747;0;;1:47.636;0;1:21.603;0;1:17.508;0;78.2;7:09.413;16:06:40.677;1:47.636;1:21.603;1:17.508;31;Goethe;;GT3;;Garage 59;McLaren;SC;107.636;81.603;77.508
58;3;3;3:22.506;0;;1:21.665;0;1:01.904;0;58.937;1;103.0;10:31.919;16:10:03.183;1:21.665;1:01.904;0:58.937;55;Goethe;;GT3;;Garage 59;McLaren;SC;81.665;61.904;58.937
58;3;4;2:46.918;0;;1:05.578;0;53.816;0;47.524;1;124.9;13:18.837;16:12:50.101;1:05.578;0:53.816;0:47.524;74;Goethe;;GT3;;Garage 59;McLaren;SC;65.578;53.816;47.524
58;3;5;2:36.561;1;;44.788;1;53.497;0;58.276;0;133.2;15:55.398;16:15:26.662;0:44.788;0:53.497;0:58.276;;Goethe;;GT3;;Garage 59;McLaren;SC;44.788;53.497;58.276
58;3;6;3:06.818;0;;1:51.971;0;37.472;1;37.375;1;111.6;19:02.216;16:18:33.480;1:51.971;0:37.472;0:37.375;202;Goethe;;GT3;;Garage 59;McLaren;GF;111.971;37.472;37.375
58;3;7;1:48.670;1;;34.854;1;36.720;1;37.096;1;191.9;20:50.886;16:20:22.150;0:34.854;0:36.720;0:37.096;266;Goethe;;GT3;;Garage 59;McLaren;GF;34.854;36.720;37.096
58;3;8;1:49.702;0;;34.891;0;36.871;0;37.940;0;190.1;22:40.588;16:22:11.852;0:34.891;0:36.871;0:37.940;268;Goethe;;GT3;;Garage 59;McLaren;GF;34.891;36.871;37.940
58;3;9;1:49.166;0;;34.992;0;36.694;1;37.480;0;191.0;24:29.754;16:24:01.018;0:34.992;0:36.694;0:37.480;265;Goethe;;GT3;;Garage 59;McLaren;GF;34.992;36.694;37.480
58;3;10;1:48.429;1;;34.570;1;36.822;0;37.037;1;192.3;26:18.183;16:25:49.447;0:34.570;0:36.822;0:37.037;268;Goethe;;GT3;;Garage 59;McLaren;GF;34.570;36.822;37.037
58;3;11;1:48.842;0;;34.675;0;37.247;0;36.920;1;191.6;28:07.025;16:27:38.289;0:34.675;0:37.247;0:36.920;272;Goethe;;GT3;;Garage 59;McLaren;GF;34.675;37.247;36.920
58;3;12;1:47.948;1;;34.395;1;36.705;0;36.848;1;193.2;29:54.973;16:29:26.237;0:34.395;0:36.705;0:36.848;269;Goethe;;GT3;;Garage 59;McLaren;GF;34.395;36.705;36.848
58;3;13;1:47.763;1;;34.286;1;36.577;1;36.900;0;193.5;31:42.736;16:31:14.000;0:34.286;0:36.577;0:36.900;268;Goethe;;GT3;;Garage 59;McLaren;GF;34.286;36.577;36.900
58;3;14;1:47.684;1;;34.214;1;36.626;0;36.844;1;193.7;33:30.420;16:33:01.684;0:34.214;0:36.626;0:36.844;270;Goethe;;GT3;;Garage 59;McLaren;GF;34.214;36.626;36.844
58;3;15;1:49.558;0;;34.678;0;37.569;0;37.311;0;190.4;35:19.978;16:34:51.242;0:34.678;0:37.569;0:37.311;271;Goethe;;GT3;;Garage 59;McLaren;GF;34.678;37.569;37.311
58;3;16;1:48.563;0;;34.651;0;36.911;0;37.001;0;192.1;37:08.541;16:36:39.805;0:34.651;0:36.911;0:37.001;271;Goethe;;GT3;;Garage 59;McLaren;GF;34.651;36.911;37.001
58;3;17;1:48.258;0;;34.452;0;36.954;0;36.852;0;192.6;38:56.799;16:38:28.063;0:34.452;0:36.954;0:36.852;268;Goethe;;GT3;;Garage 59;McLaren;GF;34.452;36.954;36.852
58;3;18;1:48.457;0;;34.246;0;36.694;0;37.517;0;192.3;40:45.256;16:40:16.520;0:34.246;0:36.694;0:37.517;267;Goethe;;GT3;;Garage 59;McLaren;GF;34.246;36.694;37.517
58;3;19;1:48.098;0;;34.538;0;36.566;1;36.994;0;192.9;42:33.354;16:42:04.618;0:34.538;0:36.566;0:36.994;272;Goethe;;GT3;;Garage 59;McLaren;GF;34.538;36.566;36.994
58;3;20;1:48.993;0;;34.334;0;36.911;0;37.748;0;191.3;44:22.347;16:43:53.611;0:34.334;0:36.911;0:37.748;269;Goethe;;GT3;;Garage 59;McLaren;GF;34.334;36.911;37.748
58;3;21;1:52.900;0;;38.036;0;37.738;0;37.126;0;184.7;46:15.247;16:45:46.511;0:38.036;0:37.738;0:37.126;253;Goethe;;GT3;;Garage 59;McLaren;GF;38.036;37.738;37.126
58;3;22;1:48.330;0;;34.617;0;36.722;0;36.991;0;192.5;48:03.577;16:47:34.841;0:34.617;0:36.722;0:36.991;268;Goethe;;GT3;;Garage 59;McLaren;GF;34.617;36.722;36.991
58;3;23;1:48.762;0;;34.302;0;36.565;1;37.895;0;191.7;49:52.339;16:49:23.603;0:34.302;0:36.565;0:37.895;269;Goethe;;GT3;;Garage 59;McLaren;GF;34.302;36.565;37.895
58;3;24;4:16.803;0;;1:22.233;0;1:21.954;0;1:32.616;0;81.2;54:09.142;16:53:40.406;1:22.233;1:21.954;1:32.616;78;Goethe;;GT3;;Garage 59;McLaren;FCY;82.233;81.954;92.616
58;3;25;4:21.530;0;;1:26.540;0;1:22.087;0;1:32.903;0;79.7;58:30.672;16:58:01.936;1:26.540;1:22.087;1:32.903;78;Goethe;;GT3;;Garage 59;McLaren;FCY;86.540;82.087;92.903
58;3;26;4:21.917;0;;1:27.079;0;1:22.063;0;1:32.775;0;79.6;1:02:52.589;17:02:23.853;1:27.079;1:22.063;1:32.775;78;Goethe;;GT3;;Garage 59;McLaren;GF;87.079;82.063;92.775
58;3;27;3:09.098;0;B;1:26.811;0;51.011;0;51.276;0;110.3;1:06:01.687;17:05:32.951;1:26.811;0:51.011;0:51.276;78;Goethe;;GT3;;Garage 59;McLaren;SC;86.811;51.011;51.276
58;3;28;2:43.187;0;;1:05.611;0;53.088;0;44.488;0;127.8;1:08:44.874;17:08:16.138;1:05.611;0:53.088;0:44.488;89;Goethe;;GT3;;Garage 59;McLaren;GF;65.611;53.088;44.488
58;3;29;1:51.294;0;;35.556;0;38.142;0;37.596;0;187.4;1:10:36.168;17:10:07.432;0:35.556;0:38.142;0:37.596;252;Goethe;;GT3;;Garage 59;McLaren;GF;35.556;38.142;37.596
58;3;30;1:49.348;0;;34.912;0;37.228;0;37.208;0;190.7;1:12:25.516;17:11:56.780;0:34.912;0:37.228;0:37.208;261;Goethe;;GT3;;Garage 59;McLaren;GF;34.912;37.228;37.208
58;3;31;1:55.834;0;;34.967;0;36.976;0;43.891;0;180.0;1:14:21.350;17:13:52.614;0:34.967;0:36.976;0:43.891;;Goethe;;GT3;;Garage 59;McLaren;GF;34.967;36.976;43.891
58;2;32;3:06.202;0;;1:51.694;0;37.176;0;37.332;0;112.0;1:17:27.552;17:16:58.816;1:51.694;0:37.176;0:37.332;204;Prette;;GT3;;Garage 59;McLaren;GF;111.694;37.176;37.332
58;2;33;1:48.586;0;;34.470;0;36.763;0;37.353;0;192.1;1:19:16.138;17:18:47.402;0:34.470;0:36.763;0:37.353;265;Prette;;GT3;;Garage 59;McLaren;GF;34.470;36.763;37.353
58;2;34;2:25.117;0;;1:00.652;0;47.358;0;37.107;0;143.7;1:21:41.255;17:21:12.519;1:00.652;0:47.358;0:37.107;204;Prette;;GT3;;Garage 59;McLaren;GF;60.652;47.358;37.107
58;2;35;1:48.739;0;;34.391;0;37.256;0;37.092;0;191.8;1:23:29.994;17:23:01.258;0:34.391;0:37.256;0:37.092;267;Prette;;GT3;;Garage 59;McLaren;GF;34.391;37.256;37.092
58;2;36;1:47.943;0;;34.389;0;36.626;0;36.928;0;193.2;1:25:17.937;17:24:49.201;0:34.389;0:36.626;0:36.928;267;Prette;;GT3;;Garage 59;McLaren;GF;34.389;36.626;36.928
58;2;37;1:48.078;0;;34.329;0;36.788;0;36.961;0;193.0;1:27:06.015;17:26:37.279;0:34.329;0:36.788;0:36.961;268;Prette;;GT3;;Garage 59;McLaren;GF;34.329;36.788;36.961
58;2;38;1:47.902;0;;34.288;0;36.705;0;36.909;0;193.3;1:28:53.917;17:28:25.181;0:34.288;0:36.705;0:36.909;267;Prette;;GT3;;Garage 59;McLaren;GF;34.288;36.705;36.909
58;2;39;1:47.954;0;;34.388;0;36.622;0;36.944;0;193.2;1:30:41.871;17:30:13.135;0:34.388;0:36.622;0:36.944;267;Prette;;GT3;;Garage 59;McLaren;GF;34.388;36.622;36.944
58;2;40;1:47.851;0;;34.235;0;36.668;0;36.948;0;193.4;1:32:29.722;17:32:00.986;0:34.235;0:36.668;0:36.948;269;Prette;;GT3;;Garage 59;McLaren;GF;34.235;36.668;36.948
58;2;41;1:48.089;0;;34.349;0;36.804;0;36.936;0;192.9;1:34:17.811;17:33:49.075;0:34.349;0:36.804;0:36.936;267;Prette;;GT3;;Garage 59;McLaren;GF;34.349;36.804;36.936
58;2;42;2:48.537;0;;34.300;0;41.502;0;1:32.735;0;123.7;1:37:06.348;17:36:37.612;0:34.300;0:41.502;1:32.735;269;Prette;;GT3;;Garage 59;McLaren;FCY;34.300;41.502;92.735
58;2;43;4:21.331;0;;1:26.416;0;1:22.049;0;1:32.866;0;79.8;1:41:27.679;17:40:58.943;1:26.416;1:22.049;1:32.866;78;Prette;;GT3;;Garage 59;McLaren;FCY;86.416;82.049;92.866
58;2;44;4:22.300;0;;1:27.278;0;1:22.166;0;1:32.856;0;79.5;1:45:49.979;17:45:21.243;1:27.278;1:22.166;1:32.856;78;Prette;;GT3;;Garage 59;McLaren;GF;87.278;82.166;92.856
58;2;45;2:11.971;0;;52.601;0;40.228;0;39.142;0;158.0;1:48:01.950;17:47:33.214;0:52.601;0:40.228;0:39.142;151;Prette;;GT3;;Garage 59;McLaren;SC;52.601;40.228;39.142
58;2;46;2:05.976;0;;35.455;0;38.219;0;52.302;0;165.5;1:50:07.926;17:49:39.190;0:35.455;0:38.219;0:52.302;256;Prette;;GT3;;Garage 59;McLaren;SC;35.455;38.219;52.302
58;2;47;2:44.217;0;;1:05.819;0;54.695;0;43.703;0;127.0;1:52:52.143;17:52:23.407;1:05.819;0:54.695;0:43.703;77;Prette;;GT3;;Garage 59;McLaren;GF;65.819;54.695;43.703
58;2;48;1:50.281;0;;34.898;0;37.324;0;38.059;0;189.1;1:54:42.424;17:54:13.688;0:34.898;0:37.324;0:38.059;244;Prette;;GT3;;Garage 59;McLaren;GF;34.898;37.324;38.059
58;2;49;1:53.840;0;;36.702;0;38.874;0;38.264;0;183.2;1:56:36.264;17:56:07.528;0:36.702;0:38.874;0:38.264;234;Prette;;GT3;;Garage 59;McLaren;GF;36.702;38.874;38.264
58;2;50;1:49.954;0;;34.500;0;37.645;0;37.809;0;189.7;1:58:26.218;17:57:57.482;0:34.500;0:37.645;0:37.809;263;Prette;;GT3;;Garage 59;McLaren;GF;34.500;37.645;37.809
58;2;51;1:48.475;0;;34.290;0;36.927;0;37.258;0;192.3;2:00:14.693;17:59:45.957;0:34.290;0:36.927;0:37.258;269;Prette;;GT3;;Garage 59;McLaren;GF;34.290;36.927;37.258
58;2;52;1:48.150;0;;34.415;0;36.690;0;37.045;0;192.8;2:02:02.843;18:01:34.107;0:34.415;0:36.690;0:37.045;270;Prette;;GT3;;Garage 59;McLaren;GF;34.415;36.690;37.045
58;2;53;1:47.630;1;;34.340;0;36.508;1;36.782;1;193.8;2:03:50.473;18:03:21.737;0:34.340;0:36.508;0:36.782;269;Prette;;GT3;;Garage 59;McLaren;GF;34.340;36.508;36.782
58;2;54;1:47.935;0;;34.406;0;36.623;0;36.906;0;193.2;2:05:38.408;18:05:09.672;0:34.406;0:36.623;0:36.906;268;Prette;;GT3;;Garage 59;McLaren;GF;34.406;36.623;36.906
58;2;55;1:54.865;0;;34.271;0;36.656;0;43.938;0;181.6;2:07:33.273;18:07:04.537;0:34.271;0:36.656;0:43.938;;Prette;;GT3;;Garage 59;McLaren;GF;34.271;36.656;43.938
58;1;56;3:04.251;0;B;1:50.451;0;36.951;0;36.849;0;113.2;2:10:37.524;18:10:08.788;1:50.451;0:36.951;0:36.849;204;Fleming;;GT3;;Garage 59;McLaren;GF;110.451;36.951;36.849
58;1;57;1:48.128;0;;34.401;0;36.820;0;36.907;0;192.9;2:12:25.652;18:11:56.916;0:34.401;0:36.820;0:36.907;268;Fleming;;GT3;;Garage 59;McLaren;GF;34.401;36.820;36.907
58;1;58;1:47.934;0;;34.509;0;36.737;0;36.688;1;193.2;2:14:13.586;18:13:44.850;0:34.509;0:36.737;0:36.688;267;Fleming;;GT3;;Garage 59;McLaren;GF;34.509;36.737;36.688
58;1;59;1:48.418;0;;34.473;0;36.749;0;37.196;0;192.4;2:16:02.004;18:15:33.268;0:34.473;0:36.749;0:37.196;265;Fleming;;GT3;;Garage 59;McLaren;GF;34.473;36.749;37.196
58;1;60;1:47.987;0;;34.461;0;36.852;0;36.674;1;193.1;2:17:49.991;18:17:21.255;0:34.461;0:36.852;0:36.674;274;Fleming;;GT3;;Garage 59;McLaren;GF;34.461;36.852;36.674
58;1;61;1:48.276;0;;34.204;1;37.196;0;36.876;0;192.6;2:19:38.267;18:19:09.531;0:34.204;0:37.196;0:36.876;267;Fleming;;GT3;;Garage 59;McLaren;GF;34.204;37.196;36.876
58;1;62;1:47.593;1;;34.303;0;36.597;0;36.693;0;193.8;2:21:25.860;18:20:57.124;0:34.303;0:36.597;0:36.693;268;Fleming;;GT3;;Garage 59;McLaren;GF;34.303;36.597;36.693
58;1;63;1:47.753;0;;34.286;0;36.641;0;36.826;0;193.5;2:23:13.613;18:22:44.877;0:34.286;0:36.641;0:36.826;272;Fleming;;GT3;;Garage 59;McLaren;GF;34.286;36.641;36.826
58;1;64;1:48.557;0;;34.194;1;37.132;0;37.231;0;192.1;2:25:02.170;18:24:33.434;0:34.194;0:37.132;0:37.231;269;Fleming;;GT3;;Garage 59;McLaren;GF;34.194;37.132;37.231
58;1;65;1:48.527;0;;34.168;1;37.049;0;37.310;0;192.2;2:26:50.697;18:26:21.961;0:34.168;0:37.049;0:37.310;270;Fleming;;GT3;;Garage 59;McLaren;GF;34.168;37.049;37.310
58;1;66;1:47.296;1;;34.117;1;36.501;1;36.678;0;194.4;2:28:37.993;18:28:09.257;0:34.117;0:36.501;0:36.678;270;Fleming;;GT3;;Garage 59;McLaren;GF;34.117;36.501;36.678
58;1;67;1:47.951;0;;34.165;0;36.914;0;36.872;0;193.2;2:30:25.944;18:29:57.208;0:34.165;0:36.914;0:36.872;272;Fleming;;GT3;;Garage 59;McLaren;GF;34.165;36.914;36.872
58;1;68;1:47.635;0;;34.117;0;36.639;0;36.879;0;193.8;2:32:13.579;18:31:44.843;0:34.117;0:36.639;0:36.879;266;Fleming;;GT3;;Garage 59;McLaren;GF;34.117;36.639;36.879
58;1;69;1:48.054;0;;34.218;0;37.046;0;36.790;0;193.0;2:34:01.633;18:33:32.897;0:34.218;0:37.046;0:36.790;272;Fleming;;GT3;;Garage 59;McLaren;GF;34.218;37.046;36.790
58;1;70;1:49.837;0;;34.281;0;36.815;0;38.741;0;189.9;2:35:51.470;18:35:22.734;0:34.281;0:36.815;0:38.741;269;Fleming;;GT3;;Garage 59;McLaren;GF;34.281;36.815;38.741
58;1;71;1:47.957;0;;34.380;0;36.550;0;37.027;0;193.2;2:37:39.427;18:37:10.691;0:34.380;0:36.550;0:37.027;269;Fleming;;GT3;;Garage 59;McLaren;GF;34.380;36.550;37.027
58;1;72;3:28.910;0;;34.948;0;1:21.452;0;1:32.510;0;99.8;2:41:08.337;18:40:39.601;0:34.948;1:21.452;1:32.510;271;Fleming;;GT3;;Garage 59;McLaren;FCY;34.948;81.452;92.510
58;1;73;4:21.123;0;;1:26.588;0;1:21.970;0;1:32.565;0;79.9;2:45:29.460;18:45:00.724;1:26.588;1:21.970;1:32.565;78;Fleming;;GT3;;Garage 59;McLaren;FCY;86.588;81.970;92.565
58;1;74;3:38.213;0;;1:26.749;0;1:20.642;0;50.822;0;95.6;2:49:07.673;18:48:38.937;1:26.749;1:20.642;0:50.822;78;Fleming;;GT3;;Garage 59;McLaren;SC;86.749;80.642;50.822
58;1;75;1:57.979;0;;39.570;0;39.462;0;38.947;0;176.8;2:51:05.652;18:50:36.916;0:39.570;0:39.462;0:38.947;234;Fleming;;GT3;;Garage 59;McLaren;SC;39.570;39.462;38.947
58;1;76;2:08.197;0;;38.053;0;49.017;0;41.127;0;162.7;2:53:13.849;18:52:45.113;0:38.053;0:49.017;0:41.127;254;Fleming;;GT3;;Garage 59;McLaren;GF;38.053;49.017;41.127
58;1;77;1:53.020;0;;35.600;0;39.020;0;38.400;0;184.5;2:55:06.869;18:54:38.133;0:35.600;0:39.020;0:38.400;260;Fleming;;GT3;;Garage 59;McLaren;GF;35.600;39.020;38.400
58;1;78;2:05.731;0;;36.106;0;48.196;0;41.429;0;165.9;2:57:12.600;18:56:43.864;0:36.106;0:48.196;0:41.429;249;Fleming;;GT3;;Garage 59;McLaren;GF;36.106;48.196;41.429
58;1;79;4:09.825;0;;1:31.259;0;1:26.032;0;1:12.534;0;83.5;3:01:22.425;19:00:53.689;1:31.259;1:26.032;1:12.534;27;Fleming;;GT3;;Garage 59;McLaren;GF;91.259;86.032;72.534
60;2;1;2:50.527;1;;46.392;1;46.534;1;1:17.601;1;122.3;2:50.527;16:02:21.791;0:46.392;0:46.534;1:17.601;183;Ineichen;;GT3;;JMW Motorsport;Ferrari;SC;46.392;46.534;77.601
60;2;2;4:28.319;0;;1:48.666;0;1:20.766;0;1:18.887;0;77.7;7:18.846;16:06:50.110;1:48.666;1:20.766;1:18.887;68;Ineichen;;GT3;;JMW Motorsport;Ferrari;SC;108.666;80.766;78.887
60;2;3;3:26.680;0;;1:20.987;0;1:03.934;0;1:01.759;1;100.9;10:45.526;16:10:16.790;1:20.987;1:03.934;1:01.759;;Ineichen;;GT3;;JMW Motorsport;Ferrari;SC;80.987;63.934;61.759
60;2;4;3:13.139;0;;1:56.718;0;38.548;1;37.873;1;108.0;13:58.665;16:13:29.929;1:56.718;0:38.548;0:37.873;177;Ineichen;;GT3;;JMW Motorsport;Ferrari;SC;116.718;38.548;37.873
60;2;5;2:04.217;1;;35.059;1;44.557;0;44.601;0;167.9;16:02.882;16:15:34.146;0:35.059;0:44.557;0:44.601;263;Ineichen;;GT3;;JMW Motorsport;Ferrari;SC;35.059;44.557;44.601
60;2;6;2:41.733;0;;54.908;0;55.690;0;51.135;0;128.9;18:44.615;16:18:15.879;0:54.908;0:55.690;0:51.135;86;Ineichen;;GT3;;JMW Motorsport;Ferrari;GF;54.908;55.690;51.135
60;2;7;1:54.425;1;;37.330;0;39.053;0;38.042;0;182.3;20:39.040;16:20:10.304;0:37.330;0:39.053;0:38.042;260;Ineichen;;GT3;;JMW Motorsport;Ferrari;GF;37.330;39.053;38.042
60;2;8;1:49.499;1;;34.969;1;37.278;1;37.252;1;190.5;22:28.539;16:21:59.803;0:34.969;0:37.278;0:37.252;270;Ineichen;;GT3;;JMW Motorsport;Ferrari;GF;34.969;37.278;37.252
60;2;9;1:50.167;0;;34.741;1;37.959;0;37.467;0;189.3;24:18.706;16:23:49.970;0:34.741;0:37.959;0:37.467;272;Ineichen;;GT3;;JMW Motorsport;Ferrari;GF;34.741;37.959;37.467
60;2;10;1:50.205;0;;35.017;0;37.384;0;37.804;0;189.2;26:08.911;16:25:40.175;0:35.017;0:37.384;0:37.804;263;Ineichen;;GT3;;JMW Motorsport;Ferrari;GF;35.017;37.384;37.804
60;2;11;1:49.197;1;;35.061;0;36.962;1;37.174;1;191.0;27:58.108;16:27:29.372;0:35.061;0:36.962;0:37.174;265;Ineichen;;GT3;;JMW Motorsport;Ferrari;GF;35.061;36.962;37.174
60;2;12;1:49.558;0;;34.753;0;37.221;0;37.584;0;190.4;29:47.666;16:29:18.930;0:34.753;0:37.221;0:37.584;268;Ineichen;;GT3;;JMW Motorsport;Ferrari;GF;34.753;37.221;37.584
60;2;13;1:50.488;0;;35.236;0;37.931;0;37.321;0;188.8;31:38.154;16:31:09.418;0:35.236;0:37.931;0:37.321;267;Ineichen;;GT3;;JMW Motorsport;Ferrari;GF;35.236;37.931;37.321
60;2;14;1:48.474;1;;34.440;1;36.905;1;37.129;1;192.3;33:26.628;16:32:57.892;0:34.440;0:36.905;0:37.129;268;Ineichen;;GT3;;JMW Motorsport;Ferrari;GF;34.440;36.905;37.129
60;2;15;1:49.202;0;;34.955;0;37.109;0;37.138;0;191.0;35:15.830;16:34:47.094;0:34.955;0:37.109;0:37.138;273;Ineichen;;GT3;;JMW Motorsport;Ferrari;GF;34.955;37.109;37.138
60;2;16;1:48.216;1;;34.440;0;36.804;1;36.972;1;192.7;37:04.046;16:36:35.310;0:34.440;0:36.804;0:36.972;267;Ineichen;;GT3;;JMW Motorsport;Ferrari;GF;34.440;36.804;36.972
60;2;17;1:48.069;1;;34.379;1;36.666;1;37.024;0;193.0;38:52.115;16:38:23.379;0:34.379;0:36.666;0:37.024;267;Ineichen;;GT3;;JMW Motorsport;Ferrari;GF;34.379;36.666;37.024
60;2;18;1:48.103;0;;34.350;1;36.739;0;37.014;0;192.9;40:40.218;16:40:11.482;0:34.350;0:36.739;0:37.014;266;Ineichen;;GT3;;JMW Motorsport;Ferrari;GF;34.350;36.739;37.014
60;2;19;1:48.007;1;;34.316;1;36.683;0;37.008;0;193.1;42:28.225;16:41:59.489;0:34.316;0:36.683;0:37.008;267;Ineichen;;GT3;;JMW Motorsport;Ferrari;GF;34.316;36.683;37.008
60;2;20;1:48.143;0;;34.444;0;36.765;0;36.934;1;192.8;44:16.368;16:43:47.632;0:34.444;0:36.765;0:36.934;267;Ineichen;;GT3;;JMW Motorsport;Ferrari;GF;34.444;36.765;36.934
60;2;21;1:48.255;0;;34.372;0;36.977;0;36.906;1;192.6;46:04.623;16:45:35.887;0:34.372;0:36.977;0:36.906;267;Ineichen;;GT3;;JMW Motorsport;Ferrari;GF;34.372;36.977;36.906
60;2;22;1:48.439;0;;34.389;0;36.931;0;37.119;0;192.3;47:53.062;16:47:24.326;0:34.389;0:36.931;0:37.119;267;Ineichen;;GT3;;JMW Motorsport;Ferrari;GF;34.389;36.931;37.119
60;2;23;1:48.379;0;;34.406;0;36.548;1;37.425;0;192.4;49:41.441;16:49:12.705;0:34.406;0:36.548;0:37.425;267;Ineichen;;GT3;;JMW Motorsport;Ferrari;GF;34.406;36.548;37.425
60;2;24;3:53.819;0;;59.472;0;1:21.842;0;1:32.505;0;89.2;53:35.260;16:53:06.524;0:59.472;1:21.842;1:32.505;263;Ineichen;;GT3;;JMW Motorsport;Ferrari;FCY;59.472;81.842;92.505
60;2;25;4:25.173;0;;1:27.214;0;1:22.150;0;1:35.809;0;78.6;58:00.433;16:57:31.697;1:27.214;1:22.150;1:35.809;;Ineichen;;GT3;;JMW Motorsport;Ferrari;FCY;87.214;82.150;95.809
60;1;26;5:23.286;0;;2:28.703;0;1:22.035;0;1:32.548;0;64.5;1:03:23.719;17:02:54.983;2:28.703;1:22.035;1:32.548;78;Kiefer;;GT3;;JMW Motorsport;Ferrari;GF;148.703;82.035;92.548
60;1;27;2:49.647;0;B;1:24.407;0;43.251;0;41.989;0;122.9;1:06:13.366;17:05:44.630;1:24.407;0:43.251;0:41.989;78;Kiefer;;GT3;;JMW Motorsport;Ferrari;SC;84.407;43.251;41.989
60;1;28;2:34.228;0;;1:00.577;0;51.791;0;41.860;0;135.2;1:08:47.594;17:08:18.858;1:00.577;0:51.791;0:41.860;82;Kiefer;;GT3;;JMW Motorsport;Ferrari;GF;60.577;51.791;41.860
60;1;29;1:52.319;0;;35.503;0;38.880;0;37.936;0;185.7;1:10:39.913;17:10:11.177;0:35.503;0:38.880;0:37.936;257;Kiefer;;GT3;;JMW Motorsport;Ferrari;GF;35.503;38.880;37.936
60;1;30;1:50.646;0;;35.465;0;37.627;0;37.554;0;188.5;1:12:30.559;17:12:01.823;0:35.465;0:37.627;0:37.554;265;Kiefer;;GT3;;JMW Motorsport;Ferrari;GF;35.465;37.627;37.554
60;1;31;1:49.445;0;;35.322;0;37.091;0;37.032;0;190.6;1:14:20.004;17:13:51.268;0:35.322;0:37.091;0:37.032;268;Kiefer;;GT3;;JMW Motorsport;Ferrari;GF;35.322;37.091;37.032
60;1;32;1:48.350;0;;34.414;0;36.952;0;36.984;0;192.5;1:16:08.354;17:15:39.618;0:34.414;0:36.952;0:36.984;267;Kiefer;;GT3;;JMW Motorsport;Ferrari;GF;34.414;36.952;36.984
60;1;33;1:51.459;0;;34.527;0;39.224;0;37.708;0;187.1;1:17:59.813;17:17:31.077;0:34.527;0:39.224;0:37.708;268;Kiefer;;GT3;;JMW Motorsport;Ferrari;GF;34.527;39.224;37.708
60;1;34;2:27.341;0;;35.476;0;37.436;0;1:14.429;0;141.5;1:20:27.154;17:19:58.418;0:35.476;0:37.436;1:14.429;267;Kiefer;;GT3;;JMW Motorsport;Ferrari;FCY;35.476;37.436;74.429
60;1;35;1:59.714;0;;45.375;0;37.171;0;37.168;0;174.2;1:22:26.868;17:21:58.132;0:45.375;0:37.171;0:37.168;221;Kiefer;;GT3;;JMW Motorsport;Ferrari;GF;45.375;37.171;37.168
60;1;36;1:48.518;0;;34.626;0;36.962;0;36.930;0;192.2;1:24:15.386;17:23:46.650;0:34.626;0:36.962;0:36.930;269;Kiefer;;GT3;;JMW Motorsport;Ferrari;GF;34.626;36.962;36.930
60;1;37;1:49.296;0;;34.409;0;37.843;0;37.044;0;190.8;1:26:04.682;17:25:35.946;0:34.409;0:37.843;0:37.044;269;Kiefer;;GT3;;JMW Motorsport;Ferrari;GF;34.409;37.843;37.044
60;1;38;1:48.905;0;;35.100;0;36.924;0;36.881;1;191.5;1:27:53.587;17:27:24.851;0:35.100;0:36.924;0:36.881;269;Kiefer;;GT3;;JMW Motorsport;Ferrari;GF;35.100;36.924;36.881
60;1;39;1:48.117;0;;34.525;0;36.661;0;36.931;0;192.9;1:29:41.704;17:29:12.968;0:34.525;0:36.661;0:36.931;269;Kiefer;;GT3;;JMW Motorsport;Ferrari;GF;34.525;36.661;36.931
60;1;40;1:48.207;0;;34.410;0;36.749;0;37.048;0;192.7;1:31:29.911;17:31:01.175;0:34.410;0:36.749;0:37.048;269;Kiefer;;GT3;;JMW Motorsport;Ferrari;GF;34.410;36.749;37.048
60;1;41;1:48.178;0;;34.481;0;36.920;0;36.777;1;192.8;1:33:18.089;17:32:49.353;0:34.481;0:36.920;0:36.777;270;Kiefer;;GT3;;JMW Motorsport;Ferrari;GF;34.481;36.920;36.777
60;1;42;1:49.147;0;;34.952;0;37.242;0;36.953;0;191.1;1:35:07.236;17:34:38.500;0:34.952;0:37.242;0:36.953;270;Kiefer;;GT3;;JMW Motorsport;Ferrari;GF;34.952;37.242;36.953
60;1;43;3:54.398;0;;57.266;0;1:21.831;0;1:35.301;0;89.0;1:39:01.634;17:38:32.898;0:57.266;1:21.831;1:35.301;;Kiefer;;GT3;;JMW Motorsport;Ferrari;FCY;57.266;81.831;95.301
60;1;44;4:34.048;0;;1:39.667;0;1:21.890;0;1:32.491;0;76.1;1:43:35.682;17:43:06.946;1:39.667;1:21.890;1:32.491;78;Kiefer;;GT3;;JMW Motorsport;Ferrari;FCY;99.667;81.890;92.491
60;1;45;3:27.810;0;;1:26.525;0;1:13.870;0;47.415;0;100.4;1:47:03.492;17:46:34.756;1:26.525;1:13.870;0:47.415;78;Kiefer;;GT3;;JMW Motorsport;Ferrari;SC;86.525;73.870;47.415
60;1;46;2:44.226;0;;37.494;0;58.304;0;1:08.428;0;127.0;1:49:47.718;17:49:18.982;0:37.494;0:58.304;1:08.428;236;Kiefer;;GT3;;JMW Motorsport;Ferrari;SC;37.494;58.304;68.428
60;1;47;2:54.106;0;;1:05.865;0;56.146;0;52.095;0;119.8;1:52:41.824;17:52:13.088;1:05.865;0:56.146;0:52.095;84;Kiefer;;GT3;;JMW Motorsport;Ferrari;GF;65.865;56.146;52.095
60;1;48;1:50.339;0;;35.092;0;37.637;0;37.610;0;189.0;1:54:32.163;17:54:03.427;0:35.092;0:37.637;0:37.610;261;Kiefer;;GT3;;JMW Motorsport;Ferrari;GF;35.092;37.637;37.610
60;1;49;1:51.058;0;;35.763;0;37.443;0;37.852;0;187.8;1:56:23.221;17:55:54.485;0:35.763;0:37.443;0:37.852;262;Kiefer;;GT3;;JMW Motorsport;Ferrari;GF;35.763;37.443;37.852
60;1;50;1:49.268;0;;34.539;0;37.529;0;37.200;0;190.9;1:58:12.489;17:57:43.753;0:34.539;0:37.529;0:37.200;273;Kiefer;;GT3;;JMW Motorsport;Ferrari;GF;34.539;37.529;37.200
60;1;51;1:49.189;0;;34.447;0;37.350;0;37.392;0;191.0;2:00:01.678;17:59:32.942;0:34.447;0:37.350;0:37.392;270;Kiefer;;GT3;;JMW Motorsport;Ferrari;GF;34.447;37.350;37.392
60;1;52;1:48.909;0;;34.247;1;37.270;0;37.392;0;191.5;2:01:50.587;18:01:21.851;0:34.247;0:37.270;0:37.392;271;Kiefer;;GT3;;JMW Motorsport;Ferrari;GF;34.247;37.270;37.392
60;1;53;1:48.221;0;;34.312;0;36.965;0;36.944;0;192.7;2:03:38.808;18:03:10.072;0:34.312;0:36.965;0:36.944;269;Kiefer;;GT3;;JMW Motorsport;Ferrari;GF;34.312;36.965;36.944
60;1;54;1:48.891;0;;34.405;0;37.098;0;37.388;0;191.5;2:05:27.699;18:04:58.963;0:34.405;0:37.098;0:37.388;270;Kiefer;;GT3;;JMW Motorsport;Ferrari;GF;34.405;37.098;37.388
60;1;55;1:48.221;0;;34.491;0;36.911;0;36.819;0;192.7;2:07:15.920;18:06:47.184;0:34.491;0:36.911;0:36.819;269;Kiefer;;GT3;;JMW Motorsport;Ferrari;GF;34.491;36.911;36.819
60;1;56;1:47.859;1;B;34.196;1;36.875;0;36.788;0;193.4;2:09:03.779;18:08:35.043;0:34.196;0:36.875;0:36.788;269;Kiefer;;GT3;;JMW Motorsport;Ferrari;GF;34.196;36.875;36.788
60;1;57;1:55.255;0;;34.222;0;36.589;0;44.444;0;180.9;2:10:59.034;18:10:30.298;0:34.222;0:36.589;0:44.444;;Kiefer;;GT3;;JMW Motorsport;Ferrari;GF;34.222;36.589;44.444
60;3;58;3:26.314;0;;2:12.372;0;37.038;0;36.904;0;101.1;2:14:25.348;18:13:56.612;2:12.372;0:37.038;0:36.904;203;Heinemann;;GT3;;JMW Motorsport;Ferrari;GF;132.372;37.038;36.904
60;3;59;1:47.793;1;;34.555;0;36.543;1;36.695;1;193.5;2:16:13.141;18:15:44.405;0:34.555;0:36.543;0:36.695;267;Heinemann;;GT3;;JMW Motorsport;Ferrari;GF;34.555;36.543;36.695
60;3;60;1:47.575;1;;34.313;0;36.442;1;36.820;0;193.9;2:18:00.716;18:17:31.980;0:34.313;0:36.442;0:36.820;267;Heinemann;;GT3;;JMW Motorsport;Ferrari;GF;34.313;36.442;36.820
60;3;61;1:47.857;0;;34.350;0;36.762;0;36.745;0;193.4;2:19:48.573;18:19:19.837;0:34.350;0:36.762;0:36.745;269;Heinemann;;GT3;;JMW Motorsport;Ferrari;GF;34.350;36.762;36.745
60;3;62;1:48.337;0;;34.181;1;37.001;0;37.155;0;192.5;2:21:36.910;18:21:08.174;0:34.181;0:37.001;0:37.155;269;Heinemann;;GT3;;JMW Motorsport;Ferrari;GF;34.181;37.001;37.155
60;3;63;1:47.757;0;;34.288;0;36.690;0;36.779;0;193.5;2:23:24.667;18:22:55.931;0:34.288;0:36.690;0:36.779;268;Heinemann;;GT3;;JMW Motorsport;Ferrari;GF;34.288;36.690;36.779
60;3;64;1:48.342;0;;34.188;0;36.755;0;37.399;0;192.5;2:25:13.009;18:24:44.273;0:34.188;0:36.755;0:37.399;270;Heinemann;;GT3;;JMW Motorsport;Ferrari;GF;34.188;36.755;37.399
60;3;65;1:47.656;0;;34.323;0;36.781;0;36.552;1;193.7;2:27:00.665;18:26:31.929;0:34.323;0:36.781;0:36.552;269;Heinemann;;GT3;;JMW Motorsport;Ferrari;GF;34.323;36.781;36.552
60;3;66;1:47.529;1;;34.254;0;36.594;0;36.681;0;193.9;2:28:48.194;18:28:19.458;0:34.254;0:36.594;0:36.681;269;Heinemann;;GT3;;JMW Motorsport;Ferrari;GF;34.254;36.594;36.681
60;3;67;1:47.528;1;;34.118;1;36.527;0;36.883;0;193.9;2:30:35.722;18:30:06.986;0:34.118;0:36.527;0:36.883;270;Heinemann;;GT3;;JMW Motorsport;Ferrari;GF;34.118;36.527;36.883
60;3;68;1:47.788;0;;34.240;0;36.894;0;36.654;0;193.5;2:32:23.510;18:31:54.774;0:34.240;0:36.894;0:36.654;269;Heinemann;;GT3;;JMW Motorsport;Ferrari;GF;34.240;36.894;36.654
60;3;69;1:47.696;0;;34.111;1;36.792;0;36.793;0;193.6;2:34:11.206;18:33:42.470;0:34.111;0:36.792;0:36.793;270;Heinemann;;GT3;;JMW Motorsport;Ferrari;GF;34.111;36.792;36.793
60;3;70;1:49.347;0;;34.224;0;37.216;0;37.907;0;190.7;2:36:00.553;18:35:31.817;0:34.224;0:37.216;0:37.907;270;Heinemann;;GT3;;JMW Motorsport;Ferrari;GF;34.224;37.216;37.907
60;3;71;1:51.460;0;;34.179;0;38.728;0;38.553;0;187.1;2:37:52.013;18:37:23.277;0:34.179;0:38.728;0:38.553;271;Heinemann;;GT3;;JMW Motorsport;Ferrari;GF;34.179;38.728;38.553
60;3;72;3:51.211;0;;56.997;0;1:21.766;0;1:32.448;0;90.2;2:41:43.224;18:41:14.488;0:56.997;1:21.766;1:32.448;271;Heinemann;;GT3;;JMW Motorsport;Ferrari;FCY;56.997;81.766;92.448
60;3;73;4:20.755;0;;1:26.300;0;1:21.757;0;1:32.698;0;80.0;2:46:03.979;18:45:35.243;1:26.300;1:21.757;1:32.698;78;Heinemann;;GT3;;JMW Motorsport;Ferrari;FCY;86.300;81.757;92.698
60;3;74;3:12.603;0;;1:27.256;0;59.338;0;46.009;0;108.3;2:49:16.582;18:48:47.846;1:27.256;0:59.338;0:46.009;76;Heinemann;;GT3;;JMW Motorsport;Ferrari;SC;87.256;59.338;46.009
60;3;75;1:55.855;0;;39.411;0;38.346;0;38.098;0;180.0;2:51:12.437;18:50:43.701;0:39.411;0:38.346;0:38.098;107;Heinemann;;GT3;;JMW Motorsport;Ferrari;SC;39.411;38.346;38.098
60;3;76;2:05.283;0;;38.529;0;46.857;0;39.897;0;166.5;2:53:17.720;18:52:48.984;0:38.529;0:46.857;0:39.897;231;Heinemann;;GT3;;JMW Motorsport;Ferrari;GF;38.529;46.857;39.897
60;3;77;1:51.645;0;;34.795;0;37.915;0;38.935;0;186.8;2:55:09.365;18:54:40.629;0:34.795;0:37.915;0:38.935;265;Heinemann;;GT3;;JMW Motorsport;Ferrari;GF;34.795;37.915;38.935
60;3;78;2:08.156;0;;36.475;0;49.261;0;42.420;0;162.7;2:57:17.521;18:56:48.785;0:36.475;0:49.261;0:42.420;213;Heinemann;;GT3;;JMW Motorsport;Ferrari;GF;36.475;49.261;42.420
60;3;79;4:12.423;0;;1:34.758;0;1:24.229;0;1:13.436;0;82.6;3:01:29.944;19:01:01.208;1:34.758;1:24.229;1:13.436;15;Heinemann;;GT3;;JMW Motorsport;Ferrari;GF;94.758;84.229;73.436
63;3;1;2:29.649;1;;42.128;1;38.582;1;1:08.939;1;139.4;2:29.649;16:02:00.913;0:42.128;0:38.582;1:08.939;188;Perera;;GT3;;TGI Team by GRT;Lamborghini;SC;42.128;38.582;68.939
63;3;2;4:24.315;0;;1:47.517;0;1:20.038;0;1:16.760;0;78.9;6:53.964;16:06:25.228;1:47.517;1:20.038;1:16.760;38;Perera;;GT3;;TGI Team by GRT;Lamborghini;SC;107.517;80.038;76.760
63;3;3;3:24.378;0;;1:23.717;0;1:02.088;0;58.573;1;102.0;10:18.342;16:09:49.606;1:23.717;1:02.088;0:58.573;66;Perera;;GT3;;TGI Team by GRT;Lamborghini;SC;83.717;62.088;58.573
63;3;4;2:50.060;0;;1:07.235;0;53.919;0;48.906;1;122.6;13:08.402;16:12:39.666;1:07.235;0:53.919;0:48.906;110;Perera;;GT3;;TGI Team by GRT;Lamborghini;SC;67.235;53.919;48.906
63;3;5;2:42.135;0;;49.529;0;50.828;0;1:01.778;0;128.6;15:50.537;16:15:21.801;0:49.529;0:50.828;1:01.778;;Perera;;GT3;;TGI Team by GRT;Lamborghini;SC;49.529;50.828;61.778
63;3;6;3:06.090;0;;1:50.637;0;37.883;1;37.570;1;112.1;18:56.627;16:18:27.891;1:50.637;0:37.883;0:37.570;202;Perera;;GT3;;TGI Team by GRT;Lamborghini;GF;110.637;37.883;37.570
63;3;7;1:49.053;1;;34.770;1;37.054;1;37.229;1;191.2;20:45.680;16:20:16.944;0:34.770;0:37.054;0:37.229;265;Perera;;GT3;;TGI Team by GRT;Lamborghini;GF;34.770;37.054;37.229
63;3;8;1:52.835;0;;36.699;0;38.461;0;37.675;0;184.8;22:38.515;16:22:09.779;0:36.699;0:38.461;0:37.675;267;Perera;;GT3;;TGI Team by GRT;Lamborghini;GF;36.699;38.461;37.675
63;3;9;1:48.282;1;;34.298;1;36.953;1;37.031;1;192.6;24:26.797;16:23:58.061;0:34.298;0:36.953;0:37.031;267;Perera;;GT3;;TGI Team by GRT;Lamborghini;GF;34.298;36.953;37.031
63;3;10;1:49.188;0;;34.326;0;37.528;0;37.334;0;191.0;26:15.985;16:25:47.249;0:34.326;0:37.528;0:37.334;267;Perera;;GT3;;TGI Team by GRT;Lamborghini;GF;34.326;37.528;37.334
63;3;11;1:48.451;0;;34.509;0;37.035;0;36.907;1;192.3;28:04.436;16:27:35.700;0:34.509;0:37.035;0:36.907;270;Perera;;GT3;;TGI Team by GRT;Lamborghini;GF;34.509;37.035;36.907
63;3;12;1:47.777;1;;34.199;1;36.688;1;36.890;1;193.5;29:52.213;16:29:23.477;0:34.199;0:36.688;0:36.890;268;Perera;;GT3;;TGI Team by GRT;Lamborghini;GF;34.199;36.688;36.890
63;3;13;1:48.020;0;;34.180;1;36.825;0;37.015;0;193.1;31:40.233;16:31:11.497;0:34.180;0:36.825;0:37.015;269;Perera;;GT3;;TGI Team by GRT;Lamborghini;GF;34.180;36.825;37.015
63;3;14;1:48.980;0;;34.959;0;37.017;0;37.004;0;191.4;33:29.213;16:33:00.477;0:34.959;0:37.017;0:37.004;269;Perera;;GT3;;TGI Team by GRT;Lamborghini;GF;34.959;37.017;37.004
63;3;15;1:50.087;0;;35.062;0;37.554;0;37.471;0;189.4;35:19.300;16:34:50.564;0:35.062;0:37.554;0:37.471;270;Perera;;GT3;;TGI Team by GRT;Lamborghini;GF;35.062;37.554;37.471
63;3;16;1:49.676;0;;35.366;0;37.507;0;36.803;1;190.1;37:08.976;16:36:40.240;0:35.366;0:37.507;0:36.803;269;Perera;;GT3;;TGI Team by GRT;Lamborghini;GF;35.366;37.507;36.803
63;3;17;1:48.349;0;;34.308;0;37.096;0;36.945;0;192.5;38:57.325;16:38:28.589;0:34.308;0:37.096;0:36.945;268;Perera;;GT3;;TGI Team by GRT;Lamborghini;GF;34.308;37.096;36.945
63;3;18;1:48.106;0;;34.397;0;36.560;1;37.149;0;192.9;40:45.431;16:40:16.695;0:34.397;0:36.560;0:37.149;268;Perera;;GT3;;TGI Team by GRT;Lamborghini;GF;34.397;36.560;37.149
63;3;19;1:48.329;0;;34.632;0;36.835;0;36.862;0;192.5;42:33.760;16:42:05.024;0:34.632;0:36.835;0:36.862;272;Perera;;GT3;;TGI Team by GRT;Lamborghini;GF;34.632;36.835;36.862
63;3;20;1:48.343;0;;34.423;0;36.930;0;36.990;0;192.5;44:22.103;16:43:53.367;0:34.423;0:36.930;0:36.990;269;Perera;;GT3;;TGI Team by GRT;Lamborghini;GF;34.423;36.930;36.990
63;3;21;1:51.005;0;;37.486;0;36.705;0;36.814;0;187.9;46:13.108;16:45:44.372;0:37.486;0:36.705;0:36.814;263;Perera;;GT3;;TGI Team by GRT;Lamborghini;GF;37.486;36.705;36.814
63;3;22;1:48.946;0;;34.509;0;37.204;0;37.233;0;191.4;48:02.054;16:47:33.318;0:34.509;0:37.204;0:37.233;255;Perera;;GT3;;TGI Team by GRT;Lamborghini;GF;34.509;37.204;37.233
63;3;23;1:49.793;0;;34.320;0;36.953;0;38.520;0;189.9;49:51.847;16:49:23.111;0:34.320;0:36.953;0:38.520;266;Perera;;GT3;;TGI Team by GRT;Lamborghini;GF;34.320;36.953;38.520
63;3;24;4:16.256;0;;1:19.370;0;1:21.709;0;1:35.177;0;81.4;54:08.103;16:53:39.367;1:19.370;1:21.709;1:35.177;;Perera;;GT3;;TGI Team by GRT;Lamborghini;FCY;79.370;81.709;95.177
63;3;25;5:05.298;0;;2:10.457;0;1:22.118;0;1:32.723;0;68.3;59:13.401;16:58:44.665;2:10.457;1:22.118;1:32.723;78;Perera;;GT3;;TGI Team by GRT;Lamborghini;FCY;130.457;82.118;92.723
63;3;26;4:21.294;0;B;1:26.762;0;1:21.953;0;1:32.579;0;79.8;1:03:34.695;17:03:05.959;1:26.762;1:21.953;1:32.579;78;Perera;;GT3;;TGI Team by GRT;Lamborghini;GF;86.762;81.953;92.579
63;3;27;2:40.406;0;;1:14.903;0;43.913;0;41.590;0;130.0;1:06:15.101;17:05:46.365;1:14.903;0:43.913;0:41.590;78;Perera;;GT3;;TGI Team by GRT;Lamborghini;SC;74.903;43.913;41.590
63;3;28;2:32.959;0;;1:01.521;0;51.782;0;39.656;0;136.3;1:08:48.060;17:08:19.324;1:01.521;0:51.782;0:39.656;75;Perera;;GT3;;TGI Team by GRT;Lamborghini;GF;61.521;51.782;39.656
63;3;29;1:50.870;0;;35.121;0;38.180;0;37.569;0;188.1;1:10:38.930;17:10:10.194;0:35.121;0:38.180;0:37.569;258;Perera;;GT3;;TGI Team by GRT;Lamborghini;GF;35.121;38.180;37.569
63;3;30;1:49.833;0;;34.687;0;37.976;0;37.170;0;189.9;1:12:28.763;17:12:00.027;0:34.687;0:37.976;0:37.170;252;Perera;;GT3;;TGI Team by GRT;Lamborghini;GF;34.687;37.976;37.170
63;3;31;1:48.517;0;;34.271;0;37.141;0;37.105;0;192.2;1:14:17.280;17:13:48.544;0:34.271;0:37.141;0:37.105;267;Perera;;GT3;;TGI Team by GRT;Lamborghini;GF;34.271;37.141;37.105
63;3;32;1:49.054;0;;34.049;1;37.447;0;37.558;0;191.2;1:16:06.334;17:15:37.598;0:34.049;0:37.447;0:37.558;269;Perera;;GT3;;TGI Team by GRT;Lamborghini;GF;34.049;37.447;37.558
63;3;33;1:49.801;0;;34.746;0;37.959;0;37.096;0;189.9;1:17:56.135;17:17:27.399;0:34.746;0:37.959;0:37.096;268;Perera;;GT3;;TGI Team by GRT;Lamborghini;GF;34.746;37.959;37.096
63;3;34;2:12.036;0;;34.464;0;36.972;0;1:00.600;0;157.9;1:20:08.171;17:19:39.435;0:34.464;0:36.972;1:00.600;266;Perera;;GT3;;TGI Team by GRT;Lamborghini;FCY;34.464;36.972;60.600
63;3;35;2:17.384;0;;56.475;0;36.895;0;44.014;0;151.8;1:22:25.555;17:21:56.819;0:56.475;0:36.895;0:44.014;;Perera;;GT3;;TGI Team by GRT;Lamborghini;GF;56.475;36.895;44.014
63;2;36;3:03.040;0;;1:48.638;0;37.071;0;37.331;0;113.9;1:25:28.595;17:24:59.859;1:48.638;0:37.071;0:37.331;205;Paul;;GT3;;TGI Team by GRT;Lamborghini;GF;108.638;37.071;37.331
63;2;37;1:48.849;0;;34.610;0;37.024;0;37.215;0;191.6;1:27:17.444;17:26:48.708;0:34.610;0:37.024;0:37.215;264;Paul;;GT3;;TGI Team by GRT;Lamborghini;GF;34.610;37.024;37.215
63;2;38;1:48.196;0;;34.408;0;36.768;0;37.020;0;192.8;1:29:05.640;17:28:36.904;0:34.408;0:36.768;0:37.020;264;Paul;;GT3;;TGI Team by GRT;Lamborghini;GF;34.408;36.768;37.020
63;2;39;1:48.439;0;;34.391;0;36.918;0;37.130;0;192.3;1:30:54.079;17:30:25.343;0:34.391;0:36.918;0:37.130;263;Paul;;GT3;;TGI Team by GRT;Lamborghini;GF;34.391;36.918;37.130
63;2;40;1:48.589;0;;34.357;0;36.914;0;37.318;0;192.1;1:32:42.668;17:32:13.932;0:34.357;0:36.914;0:37.318;264;Paul;;GT3;;TGI Team by GRT;Lamborghini;GF;34.357;36.914;37.318
63;2;41;1:57.110;0;;34.845;0;36.743;0;45.522;0;178.1;1:34:39.778;17:34:11.042;0:34.845;0:36.743;0:45.522;;Paul;;GT3;;TGI Team by GRT;Lamborghini;GF;34.845;36.743;45.522
66;3;1;2:48.412;1;;45.574;1;46.057;1;1:16.781;1;123.8;2:48.412;16:02:19.676;0:45.574;0:46.057;1:16.781;180;Levi;;GT3;;Tresor Attempto Racing;Audi;SC;45.574;46.057;76.781
66;3;2;4:28.437;0;;1:48.147;0;1:20.265;0;1:20.025;0;77.7;7:16.849;16:06:48.113;1:48.147;1:20.265;1:20.025;52;Levi;;GT3;;Tresor Attempto Racing;Audi;SC;108.147;80.265;80.025
66;3;3;3:26.677;0;;1:20.805;0;1:03.569;0;1:02.303;1;100.9;10:43.526;16:10:14.790;1:20.805;1:03.569;1:02.303;;Levi;;GT3;;Tresor Attempto Racing;Audi;SC;80.805;63.569;62.303
66;3;4;3:24.988;0;;2:08.027;0;38.877;1;38.084;1;101.7;14:08.514;16:13:39.778;2:08.027;0:38.877;0:38.084;182;Levi;;GT3;;Tresor Attempto Racing;Audi;SC;128.027;38.877;38.084
66;3;5;1:57.236;1;;40.110;1;38.446;1;38.680;0;177.9;16:05.750;16:15:37.014;0:40.110;0:38.446;0:38.680;134;Levi;;GT3;;Tresor Attempto Racing;Audi;SC;40.110;38.446;38.680
66;3;6;2:39.885;0;;55.341;0;55.677;0;48.867;0;130.4;18:45.635;16:18:16.899;0:55.341;0:55.677;0:48.867;105;Levi;;GT3;;Tresor Attempto Racing;Audi;GF;55.341;55.677;48.867
66;3;7;1:52.647;1;;36.318;1;38.182;1;38.147;0;185.1;20:38.282;16:20:09.546;0:36.318;0:38.182;0:38.147;267;Levi;;GT3;;Tresor Attempto Racing;Audi;GF;36.318;38.182;38.147
66;3;8;1:48.918;1;;34.613;1;36.890;1;37.415;1;191.5;22:27.200;16:21:58.464;0:34.613;0:36.890;0:37.415;267;Levi;;GT3;;Tresor Attempto Racing;Audi;GF;34.613;36.890;37.415
66;3;9;1:48.246;1;;34.797;0;36.665;1;36.784;1;192.7;24:15.446;16:23:46.710;0:34.797;0:36.665;0:36.784;263;Levi;;GT3;;Tresor Attempto Racing;Audi;GF;34.797;36.665;36.784
66;3;10;1:47.772;1;;34.581;1;36.503;1;36.688;1;193.5;26:03.218;16:25:34.482;0:34.581;0:36.503;0:36.688;267;Levi;;GT3;;Tresor Attempto Racing;Audi;GF;34.581;36.503;36.688
66;3;11;1:47.415;1;;34.274;1;36.453;1;36.688;0;194.2;27:50.633;16:27:21.897;0:34.274;0:36.453;0:36.688;268;Levi;;GT3;;Tresor Attempto Racing;Audi;GF;34.274;36.453;36.688
66;3;12;1:48.008;0;;34.212;1;36.980;0;36.816;0;193.1;29:38.641;16:29:09.905;0:34.212;0:36.980;0:36.816;269;Levi;;GT3;;Tresor Attempto Racing;Audi;GF;34.212;36.980;36.816
66;3;13;1:48.180;0;;34.325;0;36.841;0;37.014;0;192.8;31:26.821;16:30:58.085;0:34.325;0:36.841;0:37.014;269;Levi;;GT3;;Tresor Attempto Racing;Audi;GF;34.325;36.841;37.014
66;3;14;1:48.137;0;;34.738;0;36.591;0;36.808;0;192.9;33:14.958;16:32:46.222;0:34.738;0:36.591;0:36.808;269;Levi;;GT3;;Tresor Attempto Racing;Audi;GF;34.738;36.591;36.808
66;3;15;1:47.392;1;;34.246;0;36.436;1;36.710;0;194.2;35:02.350;16:34:33.614;0:34.246;0:36.436;0:36.710;266;Levi;;GT3;;Tresor Attempto Racing;Audi;GF;34.246;36.436;36.710
66;3;16;1:47.541;0;;34.194;1;36.548;0;36.799;0;193.9;36:49.891;16:36:21.155;0:34.194;0:36.548;0:36.799;267;Levi;;GT3;;Tresor Attempto Racing;Audi;GF;34.194;36.548;36.799
66;3;17;1:47.332;1;;34.338;0;36.444;0;36.550;1;194.3;38:37.223;16:38:08.487;0:34.338;0:36.444;0:36.550;266;Levi;;GT3;;Tresor Attempto Racing;Audi;GF;34.338;36.444;36.550
66;3;18;1:47.306;1;;34.219;0;36.492;0;36.595;0;194.3;40:24.529;16:39:55.793;0:34.219;0:36.492;0:36.595;266;Levi;;GT3;;Tresor Attempto Racing;Audi;GF;34.219;36.492;36.595
66;3;19;1:47.435;0;;34.104;1;36.734;0;36.597;0;194.1;42:11.964;16:41:43.228;0:34.104;0:36.734;0:36.597;267;Levi;;GT3;;Tresor Attempto Racing;Audi;GF;34.104;36.734;36.597
66;3;20;1:47.666;0;;34.169;0;36.824;0;36.673;0;193.7;43:59.630;16:43:30.894;0:34.169;0:36.824;0:36.673;269;Levi;;GT3;;Tresor Attempto Racing;Audi;GF;34.169;36.824;36.673
66;3;21;1:48.301;0;;34.401;0;37.253;0;36.647;0;192.6;45:47.931;16:45:19.195;0:34.401;0:37.253;0:36.647;272;Levi;;GT3;;Tresor Attempto Racing;Audi;GF;34.401;37.253;36.647
66;3;22;1:47.837;0;;34.179;0;36.898;0;36.760;0;193.4;47:35.768;16:47:07.032;0:34.179;0:36.898;0:36.760;271;Levi;;GT3;;Tresor Attempto Racing;Audi;GF;34.179;36.898;36.760
66;3;23;1:47.932;0;;34.476;0;36.727;0;36.729;0;193.2;49:23.700;16:48:54.964;0:34.476;0:36.727;0:36.729;272;Levi;;GT3;;Tresor Attempto Racing;Audi;GF;34.476;36.727;36.729
66;3;24;3:40.622;0;;43.176;0;1:22.166;0;1:35.280;0;94.5;53:04.322;16:52:35.586;0:43.176;1:22.166;1:35.280;;Levi;;GT3;;Tresor Attempto Racing;Audi;FCY;43.176;82.166;95.280
66;2;25;5:21.170;0;;2:26.590;0;1:22.007;0;1:32.573;0;64.9;58:25.492;16:57:56.756;2:26.590;1:22.007;1:32.573;78;Øgaard;;GT3;;Tresor Attempto Racing;Audi;FCY;146.590;82.007;92.573
66;2;26;4:21.140;0;;1:26.561;0;1:22.010;0;1:32.569;0;79.9;1:02:46.632;17:02:17.896;1:26.561;1:22.010;1:32.569;78;Øgaard;;GT3;;Tresor Attempto Racing;Audi;GF;86.561;82.010;92.569
66;2;27;3:09.207;0;;1:26.419;0;51.444;0;51.344;0;110.2;1:05:55.839;17:05:27.103;1:26.419;0:51.444;0:51.344;78;Øgaard;;GT3;;Tresor Attempto Racing;Audi;SC;86.419;51.444;51.344
66;2;28;2:46.620;0;;1:06.056;0;54.148;0;46.416;0;125.2;1:08:42.459;17:08:13.723;1:06.056;0:54.148;0:46.416;111;Øgaard;;GT3;;Tresor Attempto Racing;Audi;GF;66.056;54.148;46.416
66;2;29;1:50.191;0;;35.435;0;37.471;0;37.285;0;189.3;1:10:32.650;17:10:03.914;0:35.435;0:37.471;0:37.285;258;Øgaard;;GT3;;Tresor Attempto Racing;Audi;GF;35.435;37.471;37.285
66;2;30;1:48.681;0;;34.474;0;37.083;0;37.124;0;191.9;1:12:21.331;17:11:52.595;0:34.474;0:37.083;0:37.124;271;Øgaard;;GT3;;Tresor Attempto Racing;Audi;GF;34.474;37.083;37.124
66;2;31;1:48.068;0;;34.364;0;36.883;0;36.821;0;193.0;1:14:09.399;17:13:40.663;0:34.364;0:36.883;0:36.821;269;Øgaard;;GT3;;Tresor Attempto Racing;Audi;GF;34.364;36.883;36.821
66;2;32;1:48.449;0;;34.742;0;36.738;0;36.969;0;192.3;1:15:57.848;17:15:29.112;0:34.742;0:36.738;0:36.969;270;Øgaard;;GT3;;Tresor Attempto Racing;Audi;GF;34.742;36.738;36.969
66;2;33;1:47.877;0;;34.303;0;36.785;0;36.789;0;193.3;1:17:45.725;17:17:16.989;0:34.303;0:36.785;0:36.789;269;Øgaard;;GT3;;Tresor Attempto Racing;Audi;GF;34.303;36.785;36.789
66;2;34;1:59.771;0;;34.346;0;36.852;0;48.573;0;174.1;1:19:45.496;17:19:16.760;0:34.346;0:36.852;0:48.573;269;Øgaard;;GT3;;Tresor Attempto Racing;Audi;FCY;34.346;36.852;48.573
66;2;35;2:20.258;0;;1:06.113;0;37.022;0;37.123;0;148.7;1:22:05.754;17:21:37.018;1:06.113;0:37.022;0:37.123;78;Øgaard;;GT3;;Tresor Attempto Racing;Audi;GF;66.113;37.022;37.123
66;2;36;1:47.711;0;;34.252;0;36.584;0;36.875;0;193.6;1:23:53.465;17:23:24.729;0:34.252;0:36.584;0:36.875;267;Øgaard;;GT3;;Tresor Attempto Racing;Audi;GF;34.252;36.584;36.875
66;2;37;1:47.562;0;;34.236;0;36.565;0;36.761;0;193.9;1:25:41.027;17:25:12.291;0:34.236;0:36.565;0:36.761;269;Øgaard;;GT3;;Tresor Attempto Racing;Audi;GF;34.236;36.565;36.761
66;2;38;1:47.486;0;;34.173;0;36.676;0;36.637;0;194.0;1:27:28.513;17:26:59.777;0:34.173;0:36.676;0:36.637;269;Øgaard;;GT3;;Tresor Attempto Racing;Audi;GF;34.173;36.676;36.637
66;2;39;1:47.719;0;;34.080;1;36.753;0;36.886;0;193.6;1:29:16.232;17:28:47.496;0:34.080;0:36.753;0:36.886;269;Øgaard;;GT3;;Tresor Attempto Racing;Audi;GF;34.080;36.753;36.886
66;2;40;1:47.835;0;;34.274;0;36.570;0;36.991;0;193.4;1:31:04.067;17:30:35.331;0:34.274;0:36.570;0:36.991;269;Øgaard;;GT3;;Tresor Attempto Racing;Audi;GF;34.274;36.570;36.991
66;2;41;1:48.035;0;;34.346;0;36.930;0;36.759;0;193.0;1:32:52.102;17:32:23.366;0:34.346;0:36.930;0:36.759;268;Øgaard;;GT3;;Tresor Attempto Racing;Audi;GF;34.346;36.930;36.759
66;2;42;1:48.086;0;;34.348;0;36.729;0;37.009;0;192.9;1:34:40.188;17:34:11.452;0:34.348;0:36.729;0:37.009;272;Øgaard;;GT3;;Tresor Attempto Racing;Audi;GF;34.348;36.729;37.009
66;2;43;3:15.989;0;;34.740;0;1:08.806;0;1:32.443;0;106.4;1:37:56.177;17:37:27.441;0:34.740;1:08.806;1:32.443;269;Øgaard;;GT3;;Tresor Attempto Racing;Audi;FCY;34.740;68.806;92.443
66;2;44;4:23.931;0;;1:26.536;0;1:21.981;0;1:35.414;0;79.0;1:42:20.108;17:41:51.372;1:26.536;1:21.981;1:35.414;;Øgaard;;GT3;;Tresor Attempto Racing;Audi;FCY;86.536;81.981;95.414
66;1;45;4:28.129;0;;2:27.614;0;1:20.016;0;40.499;0;77.8;1:46:48.237;17:46:19.501;2:27.614;1:20.016;0:40.499;78;Mazzola;;GT3;;Tresor Attempto Racing;Audi;SC;147.614;80.016;40.499
66;1;46;2:50.675;0;;36.132;0;1:05.655;0;1:08.888;0;122.2;1:49:38.912;17:49:10.176;0:36.132;1:05.655;1:08.888;246;Mazzola;;GT3;;Tresor Attempto Racing;Audi;SC;36.132;65.655;68.888
66;1;47;2:58.245;0;;1:06.937;0;55.649;0;55.659;0;117.0;1:52:37.157;17:52:08.421;1:06.937;0:55.649;0:55.659;93;Mazzola;;GT3;;Tresor Attempto Racing;Audi;GF;66.937;55.649;55.659
66;1;48;1:50.054;0;;35.091;0;37.512;0;37.451;0;189.5;1:54:27.211;17:53:58.475;0:35.091;0:37.512;0:37.451;260;Mazzola;;GT3;;Tresor Attempto Racing;Audi;GF;35.091;37.512;37.451
66;1;49;1:49.867;0;;35.013;0;37.488;0;37.366;0;189.8;1:56:17.078;17:55:48.342;0:35.013;0:37.488;0:37.366;262;Mazzola;;GT3;;Tresor Attempto Racing;Audi;GF;35.013;37.488;37.366
66;1;50;1:48.699;0;;34.298;0;37.268;0;37.133;0;191.9;1:58:05.777;17:57:37.041;0:34.298;0:37.268;0:37.133;272;Mazzola;;GT3;;Tresor Attempto Racing;Audi;GF;34.298;37.268;37.133
66;1;51;1:48.128;0;;34.202;0;36.876;0;37.050;0;192.9;1:59:53.905;17:59:25.169;0:34.202;0:36.876;0:37.050;272;Mazzola;;GT3;;Tresor Attempto Racing;Audi;GF;34.202;36.876;37.050
66;1;52;1:48.255;0;;34.345;0;36.914;0;36.996;0;192.6;2:01:42.160;18:01:13.424;0:34.345;0:36.914;0:36.996;271;Mazzola;;GT3;;Tresor Attempto Racing;Audi;GF;34.345;36.914;36.996
66;1;53;1:47.880;0;;34.333;0;36.672;0;36.875;0;193.3;2:03:30.040;18:03:01.304;0:34.333;0:36.672;0:36.875;268;Mazzola;;GT3;;Tresor Attempto Racing;Audi;GF;34.333;36.672;36.875
66;1;54;1:47.915;0;;34.366;0;36.599;0;36.950;0;193.3;2:05:17.955;18:04:49.219;0:34.366;0:36.599;0:36.950;268;Mazzola;;GT3;;Tresor Attempto Racing;Audi;GF;34.366;36.599;36.950
66;1;55;1:47.823;0;;34.240;0;36.646;0;36.937;0;193.4;2:07:05.778;18:06:37.042;0:34.240;0:36.646;0:36.937;267;Mazzola;;GT3;;Tresor Attempto Racing;Audi;GF;34.240;36.646;36.937
66;1;56;1:47.635;0;;34.233;0;36.616;0;36.786;0;193.8;2:08:53.413;18:08:24.677;0:34.233;0:36.616;0:36.786;269;Mazzola;;GT3;;Tresor Attempto Racing;Audi;GF;34.233;36.616;36.786
66;1;57;1:47.379;0;;34.252;0;36.537;0;36.590;0;194.2;2:10:40.792;18:10:12.056;0:34.252;0:36.537;0:36.590;269;Mazzola;;GT3;;Tresor Attempto Racing;Audi;GF;34.252;36.537;36.590
66;1;58;1:47.969;0;;34.025;1;36.956;0;36.988;0;193.2;2:12:28.761;18:12:00.025;0:34.025;0:36.956;0:36.988;273;Mazzola;;GT3;;Tresor Attempto Racing;Audi;GF;34.025;36.956;36.988
66;1;59;1:48.076;0;;34.185;0;37.110;0;36.781;0;193.0;2:14:16.837;18:13:48.101;0:34.185;0:37.110;0:36.781;273;Mazzola;;GT3;;Tresor Attempto Racing;Audi;GF;34.185;37.110;36.781
66;1;60;1:47.641;0;;34.216;0;36.742;0;36.683;0;193.7;2:16:04.478;18:15:35.742;0:34.216;0:36.742;0:36.683;272;Mazzola;;GT3;;Tresor Attempto Racing;Audi;GF;34.216;36.742;36.683
66;1;61;1:47.375;0;;34.170;0;36.666;0;36.539;1;194.2;2:17:51.853;18:17:23.117;0:34.170;0:36.666;0:36.539;272;Mazzola;;GT3;;Tresor Attempto Racing;Audi;GF;34.170;36.666;36.539
66;1;62;1:47.772;0;;34.188;0;36.769;0;36.815;0;193.5;2:19:39.625;18:19:10.889;0:34.188;0:36.769;0:36.815;272;Mazzola;;GT3;;Tresor Attempto Racing;Audi;GF;34.188;36.769;36.815
66;1;63;1:47.945;0;;34.427;0;36.589;0;36.929;0;193.2;2:21:27.570;18:20:58.834;0:34.427;0:36.589;0:36.929;271;Mazzola;;GT3;;Tresor Attempto Racing;Audi;GF;34.427;36.589;36.929
66;1;64;1:47.480;0;;34.242;0;36.478;0;36.760;0;194.0;2:23:15.050;18:22:46.314;0:34.242;0:36.478;0:36.760;270;Mazzola;;GT3;;Tresor Attempto Racing;Audi;GF;34.242;36.478;36.760
66;1;65;1:47.475;0;;34.093;0;36.528;0;36.854;0;194.0;2:25:02.525;18:24:33.789;0:34.093;0:36.528;0:36.854;271;Mazzola;;GT3;;Tresor Attempto Racing;Audi;GF;34.093;36.528;36.854
66;1;66;1:47.554;0;;34.245;0;36.576;0;36.733;0;193.9;2:26:50.079;18:26:21.343;0:34.245;0:36.576;0:36.733;274;Mazzola;;GT3;;Tresor Attempto Racing;Audi;GF;34.245;36.576;36.733
66;1;67;1:47.334;0;;34.134;0;36.438;0;36.762;0;194.3;2:28:37.413;18:28:08.677;0:34.134;0:36.438;0:36.762;272;Mazzola;;GT3;;Tresor Attempto Racing;Audi;GF;34.134;36.438;36.762
66;1;68;1:47.686;0;;34.188;0;36.700;0;36.798;0;193.7;2:30:25.099;18:29:56.363;0:34.188;0:36.700;0:36.798;275;Mazzola;;GT3;;Tresor Attempto Racing;Audi;GF;34.188;36.700;36.798
66;1;69;1:47.483;0;;34.122;0;36.637;0;36.724;0;194.0;2:32:12.582;18:31:43.846;0:34.122;0:36.637;0:36.724;273;Mazzola;;GT3;;Tresor Attempto Racing;Audi;GF;34.122;36.637;36.724
66;1;70;1:47.415;0;;34.242;0;36.557;0;36.616;0;194.2;2:33:59.997;18:33:31.261;0:34.242;0:36.557;0:36.616;271;Mazzola;;GT3;;Tresor Attempto Racing;Audi;GF;34.242;36.557;36.616
66;1;71;1:48.175;0;;34.361;0;37.210;0;36.604;0;192.8;2:35:48.172;18:35:19.436;0:34.361;0:37.210;0:36.604;272;Mazzola;;GT3;;Tresor Attempto Racing;Audi;GF;34.361;37.210;36.604
66;1;72;1:48.879;0;;34.088;0;36.719;0;38.072;0;191.5;2:37:37.051;18:37:08.315;0:34.088;0:36.719;0:38.072;270;Mazzola;;GT3;;Tresor Attempto Racing;Audi;GF;34.088;36.719;38.072
66;1;73;3:28.288;0;;34.661;0;1:18.224;0;1:35.403;0;100.1;2:41:05.339;18:40:36.603;0:34.661;1:18.224;1:35.403;;Mazzola;;GT3;;Tresor Attempto Racing;Audi;FCY;34.661;78.224;95.403
66;1;74;5:21.809;0;;2:27.475;0;1:21.950;0;1:32.384;0;64.8;2:46:27.148;18:45:58.412;2:27.475;1:21.950;1:32.384;78;Mazzola;;GT3;;Tresor Attempto Racing;Audi;FCY;147.475;81.950;92.384
66;1;75;3:42.520;0;;1:27.228;0;1:06.479;0;1:08.813;0;93.7;2:50:09.668;18:49:40.932;1:27.228;1:06.479;1:08.813;78;Mazzola;;GT3;;Tresor Attempto Racing;Audi;SC;87.228;66.479;68.813
66;1;76;2:53.185;0;;1:03.843;0;50.433;0;58.909;0;120.4;2:53:02.853;18:52:34.117;1:03.843;0:50.433;0:58.909;108;Mazzola;;GT3;;Tresor Attempto Racing;Audi;GF;63.843;50.433;58.909
66;1;77;1:52.160;0;;35.649;0;38.756;0;37.755;0;185.9;2:54:55.013;18:54:26.277;0:35.649;0:38.756;0:37.755;265;Mazzola;;GT3;;Tresor Attempto Racing;Audi;GF;35.649;38.756;37.755
66;1;78;1:55.196;0;;34.721;0;41.261;0;39.214;0;181.0;2:56:50.209;18:56:21.473;0:34.721;0:41.261;0:39.214;265;Mazzola;;GT3;;Tresor Attempto Racing;Audi;GF;34.721;41.261;39.214
66;1;79;4:13.466;0;;1:29.589;0;1:27.712;0;1:16.165;0;82.3;3:01:03.675;19:00:34.939;1:29.589;1:27.712;1:16.165;52;Mazzola;;GT3;;Tresor Attempto Racing;Audi;GF;89.589;87.712;76.165
71;3;1;2:27.202;1;;41.148;1;37.928;1;1:08.126;1;141.7;2:27.202;16:01:58.466;0:41.148;0:37.928;1:08.126;194;Birch;;GT3;;Selected Car Racing;Ferrari;SC;41.148;37.928;68.126
71;3;2;4:23.023;0;;1:46.716;0;1:18.844;0;1:17.463;0;79.3;6:50.225;16:06:21.489;1:46.716;1:18.844;1:17.463;42;Birch;;GT3;;Selected Car Racing;Ferrari;SC;106.716;78.844;77.463
71;3;3;3:26.022;0;;1:24.630;0;1:00.949;0;1:00.443;1;101.2;10:16.247;16:09:47.511;1:24.630;1:00.949;1:00.443;72;Birch;;GT3;;Selected Car Racing;Ferrari;SC;84.630;60.949;60.443
71;3;4;2:57.878;0;;1:07.286;0;52.101;0;58.491;1;117.2;13:14.125;16:12:45.389;1:07.286;0:52.101;0:58.491;;Birch;;GT3;;Selected Car Racing;Ferrari;SC;67.286;52.101;58.491
71;3;5;3:08.736;0;;1:52.346;0;38.134;0;38.256;1;110.5;16:22.861;16:15:54.125;1:52.346;0:38.134;0:38.256;173;Birch;;GT3;;Selected Car Racing;Ferrari;SC;112.346;38.134;38.256
71;3;6;2:24.951;1;;42.873;0;54.345;0;47.733;0;143.9;18:47.812;16:18:19.076;0:42.873;0:54.345;0:47.733;133;Birch;;GT3;;Selected Car Racing;Ferrari;GF;42.873;54.345;47.733
71;3;7;1:53.868;1;;34.858;1;39.641;0;39.369;0;183.1;20:41.680;16:20:12.944;0:34.858;0:39.641;0:39.369;270;Birch;;GT3;;Selected Car Racing;Ferrari;GF;34.858;39.641;39.369
71;3;8;1:49.994;1;;35.382;0;37.420;1;37.192;1;189.6;22:31.674;16:22:02.938;0:35.382;0:37.420;0:37.192;262;Birch;;GT3;;Selected Car Racing;Ferrari;GF;35.382;37.420;37.192
71;3;9;1:48.629;1;;34.513;1;36.866;1;37.250;0;192.0;24:20.303;16:23:51.567;0:34.513;0:36.866;0:37.250;246;Birch;;GT3;;Selected Car Racing;Ferrari;GF;34.513;36.866;37.250
71;3;10;1:49.593;0;;35.162;0;37.084;0;37.347;0;190.3;26:09.896;16:25:41.160;0:35.162;0:37.084;0:37.347;233;Birch;;GT3;;Selected Car Racing;Ferrari;GF;35.162;37.084;37.347
71;3;11;2:04.128;0;;49.867;0;37.346;0;36.915;1;168.0;28:14.024;16:27:45.288;0:49.867;0:37.346;0:36.915;268;Birch;;GT3;;Selected Car Racing;Ferrari;GF;49.867;37.346;36.915
71;3;12;1:48.581;1;;34.371;1;36.606;1;37.604;0;192.1;30:02.605;16:29:33.869;0:34.371;0:36.606;0:37.604;269;Birch;;GT3;;Selected Car Racing;Ferrari;GF;34.371;36.606;37.604
71;3;13;1:48.162;1;;34.313;1;36.820;0;37.029;0;192.8;31:50.767;16:31:22.031;0:34.313;0:36.820;0:37.029;270;Birch;;GT3;;Selected Car Racing;Ferrari;GF;34.313;36.820;37.029
71;3;14;1:47.666;1;;34.365;0;36.484;1;36.817;1;193.7;33:38.433;16:33:09.697;0:34.365;0:36.484;0:36.817;271;Birch;;GT3;;Selected Car Racing;Ferrari;GF;34.365;36.484;36.817
71;3;15;1:48.545;0;;34.401;0;36.841;0;37.303;0;192.1;35:26.978;16:34:58.242;0:34.401;0:36.841;0:37.303;268;Birch;;GT3;;Selected Car Racing;Ferrari;GF;34.401;36.841;37.303
71;3;16;1:48.707;0;;35.148;0;36.950;0;36.609;1;191.8;37:15.685;16:36:46.949;0:35.148;0:36.950;0:36.609;247;Birch;;GT3;;Selected Car Racing;Ferrari;GF;35.148;36.950;36.609
71;3;17;1:47.654;1;;34.223;1;36.465;1;36.966;0;193.7;39:03.339;16:38:34.603;0:34.223;0:36.465;0:36.966;269;Birch;;GT3;;Selected Car Racing;Ferrari;GF;34.223;36.465;36.966
71;3;18;1:47.450;1;;34.342;0;36.341;1;36.767;0;194.1;40:50.789;16:40:22.053;0:34.342;0:36.341;0:36.767;269;Birch;;GT3;;Selected Car Racing;Ferrari;GF;34.342;36.341;36.767
71;3;19;1:47.422;1;;34.174;1;36.409;0;36.839;0;194.1;42:38.211;16:42:09.475;0:34.174;0:36.409;0:36.839;268;Birch;;GT3;;Selected Car Racing;Ferrari;GF;34.174;36.409;36.839
71;3;20;1:47.507;0;;34.272;0;36.474;0;36.761;0;194.0;44:25.718;16:43:56.982;0:34.272;0:36.474;0:36.761;271;Birch;;GT3;;Selected Car Racing;Ferrari;GF;34.272;36.474;36.761
71;3;21;1:50.235;0;;36.178;0;37.093;0;36.964;0;189.2;46:15.953;16:45:47.217;0:36.178;0:37.093;0:36.964;271;Birch;;GT3;;Selected Car Racing;Ferrari;GF;36.178;37.093;36.964
71;3;22;1:48.459;0;;34.411;0;36.976;0;37.072;0;192.3;48:04.412;16:47:35.676;0:34.411;0:36.976;0:37.072;265;Birch;;GT3;;Selected Car Racing;Ferrari;GF;34.411;36.976;37.072
71;3;23;1:48.532;0;;34.303;0;36.660;0;37.569;0;192.2;49:52.944;16:49:24.208;0:34.303;0:36.660;0:37.569;269;Birch;;GT3;;Selected Car Racing;Ferrari;GF;34.303;36.660;37.569
71;3;24;4:23.588;0;;1:25.537;0;1:21.985;0;1:36.066;0;79.1;54:16.532;16:53:47.796;1:25.537;1:21.985;1:36.066;;Birch;;GT3;;Selected Car Racing;Ferrari;FCY;85.537;81.985;96.066
71;2;25;5:25.146;0;;2:27.770;0;1:21.901;0;1:35.475;0;64.1;59:41.678;16:59:12.942;2:27.770;1:21.901;1:35.475;;Ebdrup;;GT3;;Selected Car Racing;Ferrari;GF;147.770;81.901;95.475
71;2;26;4:35.225;0;B;1:40.782;0;1:21.913;0;1:32.530;0;75.8;1:04:16.903;17:03:48.167;1:40.782;1:21.913;1:32.530;78;Ebdrup;;GT3;;Selected Car Racing;Ferrari;GF;100.782;81.913;92.530
71;2;27;2:12.200;0;;50.295;0;41.576;0;40.329;0;157.8;1:06:29.103;17:06:00.367;0:50.295;0:41.576;0:40.329;200;Ebdrup;;GT3;;Selected Car Racing;Ferrari;SC;50.295;41.576;40.329
71;2;28;2:26.441;0;;55.736;0;52.255;0;38.450;0;142.4;1:08:55.544;17:08:26.808;0:55.736;0:52.255;0:38.450;95;Ebdrup;;GT3;;Selected Car Racing;Ferrari;GF;55.736;52.255;38.450
71;2;29;1:49.286;0;;34.715;0;37.116;0;37.455;0;190.8;1:10:44.830;17:10:16.094;0:34.715;0:37.116;0:37.455;268;Ebdrup;;GT3;;Selected Car Racing;Ferrari;GF;34.715;37.116;37.455
71;2;30;1:47.903;0;;34.389;0;36.665;0;36.849;0;193.3;1:12:32.733;17:12:03.997;0:34.389;0:36.665;0:36.849;267;Ebdrup;;GT3;;Selected Car Racing;Ferrari;GF;34.389;36.665;36.849
71;2;31;1:49.303;0;;34.756;0;37.354;0;37.193;0;190.8;1:14:22.036;17:13:53.300;0:34.756;0:37.354;0:37.193;268;Ebdrup;;GT3;;Selected Car Racing;Ferrari;GF;34.756;37.354;37.193
71;2;32;1:49.034;0;;34.682;0;37.355;0;36.997;0;191.3;1:16:11.070;17:15:42.334;0:34.682;0:37.355;0:36.997;269;Ebdrup;;GT3;;Selected Car Racing;Ferrari;GF;34.682;37.355;36.997
71;2;33;1:48.944;0;;34.435;0;37.099;0;37.410;0;191.4;1:18:00.014;17:17:31.278;0:34.435;0:37.099;0:37.410;269;Ebdrup;;GT3;;Selected Car Racing;Ferrari;GF;34.435;37.099;37.410
71;2;34;2:25.775;0;;35.018;0;37.201;0;1:13.556;0;143.1;1:20:25.789;17:19:57.053;0:35.018;0:37.201;1:13.556;264;Ebdrup;;GT3;;Selected Car Racing;Ferrari;FCY;35.018;37.201;73.556
71;2;35;2:00.596;0;;45.959;0;37.395;0;37.242;0;172.9;1:22:26.385;17:21:57.649;0:45.959;0:37.395;0:37.242;218;Ebdrup;;GT3;;Selected Car Racing;Ferrari;GF;45.959;37.395;37.242
71;2;36;1:51.331;0;;36.878;0;37.713;0;36.740;0;187.3;1:24:17.716;17:23:48.980;0:36.878;0:37.713;0:36.740;271;Ebdrup;;GT3;;Selected Car Racing;Ferrari;GF;36.878;37.713;36.740
71;2;37;1:48.383;0;;34.136;1;36.669;0;37.578;0;192.4;1:26:06.099;17:25:37.363;0:34.136;0:36.669;0:37.578;267;Ebdrup;;GT3;;Selected Car Racing;Ferrari;GF;34.136;36.669;37.578
71;2;38;1:48.203;0;;34.296;0;37.016;0;36.891;0;192.7;1:27:54.302;17:27:25.566;0:34.296;0:37.016;0:36.891;267;Ebdrup;;GT3;;Selected Car Racing;Ferrari;GF;34.296;37.016;36.891
71;2;39;1:48.040;0;;34.454;0;36.845;0;36.741;0;193.0;1:29:42.342;17:29:13.606;0:34.454;0:36.845;0:36.741;270;Ebdrup;;GT3;;Selected Car Racing;Ferrari;GF;34.454;36.845;36.741
71;2;40;1:48.390;0;;34.411;0;37.265;0;36.714;0;192.4;1:31:30.732;17:31:01.996;0:34.411;0:37.265;0:36.714;270;Ebdrup;;GT3;;Selected Car Racing;Ferrari;GF;34.411;37.265;36.714
71;2;41;1:47.657;0;;34.234;0;36.587;0;36.836;0;193.7;1:33:18.389;17:32:49.653;0:34.234;0:36.587;0:36.836;271;Ebdrup;;GT3;;Selected Car Racing;Ferrari;GF;34.234;36.587;36.836
71;2;42;1:48.067;0;;34.610;0;36.595;0;36.862;0;193.0;1:35:06.456;17:34:37.720;0:34.610;0:36.595;0:36.862;272;Ebdrup;;GT3;;Selected Car Racing;Ferrari;GF;34.610;36.595;36.862
71;2;43;3:50.422;0;;56.322;0;1:21.766;0;1:32.334;0;90.5;1:38:56.878;17:38:28.142;0:56.322;1:21.766;1:32.334;257;Ebdrup;;GT3;;Selected Car Racing;Ferrari;FCY;56.322;81.766;92.334
71;2;44;4:22.872;0;;1:26.074;0;1:21.767;0;1:35.031;0;79.3;1:43:19.750;17:42:51.014;1:26.074;1:21.767;1:35.031;;Ebdrup;;GT3;;Selected Car Racing;Ferrari;FCY;86.074;81.767;95.031
71;1;45;3:55.888;0;;2:26.627;0;47.313;0;41.948;0;88.4;1:47:15.638;17:46:46.902;2:26.627;0:47.313;0:41.948;78;Schandorff;;GT3;;Selected Car Racing;Ferrari;SC;146.627;47.313;41.948
71;1;46;2:43.007;0;;39.783;0;56.783;0;1:06.441;0;127.9;1:49:58.645;17:49:29.909;0:39.783;0:56.783;1:06.441;163;Schandorff;;GT3;;Selected Car Racing;Ferrari;SC;39.783;56.783;66.441
71;1;47;2:48.730;0;;1:06.252;0;55.450;0;47.028;0;123.6;1:52:47.375;17:52:18.639;1:06.252;0:55.450;0:47.028;56;Schandorff;;GT3;;Selected Car Racing;Ferrari;GF;66.252;55.450;47.028
71;1;48;1:49.887;0;;34.896;0;38.054;0;36.937;0;189.8;1:54:37.262;17:54:08.526;0:34.896;0:38.054;0:36.937;267;Schandorff;;GT3;;Selected Car Racing;Ferrari;GF;34.896;38.054;36.937
71;1;49;1:50.343;0;;34.682;0;38.515;0;37.146;0;189.0;1:56:27.605;17:55:58.869;0:34.682;0:38.515;0:37.146;269;Schandorff;;GT3;;Selected Car Racing;Ferrari;GF;34.682;38.515;37.146
71;1;50;1:48.837;0;;34.850;0;37.059;0;36.928;0;191.6;1:58:16.442;17:57:47.706;0:34.850;0:37.059;0:36.928;273;Schandorff;;GT3;;Selected Car Racing;Ferrari;GF;34.850;37.059;36.928
71;1;51;1:50.205;0;;34.704;0;37.968;0;37.533;0;189.2;2:00:06.647;17:59:37.911;0:34.704;0:37.968;0:37.533;271;Schandorff;;GT3;;Selected Car Racing;Ferrari;GF;34.704;37.968;37.533
71;1;52;1:48.720;0;;34.396;0;37.151;0;37.173;0;191.8;2:01:55.367;18:01:26.631;0:34.396;0:37.151;0:37.173;271;Schandorff;;GT3;;Selected Car Racing;Ferrari;GF;34.396;37.151;37.173
71;1;53;1:48.419;0;;34.495;0;36.810;0;37.114;0;192.4;2:03:43.786;18:03:15.050;0:34.495;0:36.810;0:37.114;268;Schandorff;;GT3;;Selected Car Racing;Ferrari;GF;34.495;36.810;37.114
71;1;54;1:48.401;0;;34.555;0;36.711;0;37.135;0;192.4;2:05:32.187;18:05:03.451;0:34.555;0:36.711;0:37.135;271;Schandorff;;GT3;;Selected Car Racing;Ferrari;GF;34.555;36.711;37.135
71;1;55;1:49.309;0;;34.670;0;37.179;0;37.460;0;190.8;2:07:21.496;18:06:52.760;0:34.670;0:37.179;0:37.460;272;Schandorff;;GT3;;Selected Car Racing;Ferrari;GF;34.670;37.179;37.460
71;1;56;1:48.972;0;B;35.075;0;37.003;0;36.894;0;191.4;2:09:10.468;18:08:41.732;0:35.075;0:37.003;0:36.894;263;Schandorff;;GT3;;Selected Car Racing;Ferrari;GF;35.075;37.003;36.894
71;1;57;1:48.312;0;;34.756;0;36.479;0;37.077;0;192.5;2:10:58.780;18:10:30.044;0:34.756;0:36.479;0:37.077;271;Schandorff;;GT3;;Selected Car Racing;Ferrari;GF;34.756;36.479;37.077
71;1;58;1:48.805;0;;34.455;0;36.833;0;37.517;0;191.7;2:12:47.585;18:12:18.849;0:34.455;0:36.833;0:37.517;269;Schandorff;;GT3;;Selected Car Racing;Ferrari;GF;34.455;36.833;37.517
71;1;59;1:55.769;0;;34.576;0;37.175;0;44.018;0;180.1;2:14:43.354;18:14:14.618;0:34.576;0:37.175;0:44.018;;Schandorff;;GT3;;Selected Car Racing;Ferrari;GF;34.576;37.175;44.018
71;1;60;3:03.009;0;;1:49.096;0;37.046;0;36.867;0;114.0;2:17:46.363;18:17:17.627;1:49.096;0:37.046;0:36.867;202;Schandorff;;GT3;;Selected Car Racing;Ferrari;GF;109.096;37.046;36.867
71;1;61;1:48.603;0;;34.631;0;36.630;0;37.342;0;192.0;2:19:34.966;18:19:06.230;0:34.631;0:36.630;0:37.342;266;Schandorff;;GT3;;Selected Car Racing;Ferrari;GF;34.631;36.630;37.342
71;1;62;1:48.091;0;;34.492;0;36.590;0;37.009;0;192.9;2:21:23.057;18:20:54.321;0:34.492;0:36.590;0:37.009;267;Schandorff;;GT3;;Selected Car Racing;Ferrari;GF;34.492;36.590;37.009
71;1;63;1:47.802;0;;34.451;0;36.495;0;36.856;0;193.5;2:23:10.859;18:22:42.123;0:34.451;0:36.495;0:36.856;267;Schandorff;;GT3;;Selected Car Racing;Ferrari;GF;34.451;36.495;36.856
71;1;64;1:47.496;0;;34.401;0;36.453;0;36.642;0;194.0;2:24:58.355;18:24:29.619;0:34.401;0:36.453;0:36.642;266;Schandorff;;GT3;;Selected Car Racing;Ferrari;GF;34.401;36.453;36.642
71;1;65;1:47.990;0;;34.710;0;36.563;0;36.717;0;193.1;2:26:46.345;18:26:17.609;0:34.710;0:36.563;0:36.717;267;Schandorff;;GT3;;Selected Car Racing;Ferrari;GF;34.710;36.563;36.717
71;1;66;1:47.848;0;;34.462;0;36.599;0;36.787;0;193.4;2:28:34.193;18:28:05.457;0:34.462;0:36.599;0:36.787;267;Schandorff;;GT3;;Selected Car Racing;Ferrari;GF;34.462;36.599;36.787
71;1;67;1:47.739;0;;34.491;0;36.532;0;36.716;0;193.6;2:30:21.932;18:29:53.196;0:34.491;0:36.532;0:36.716;267;Schandorff;;GT3;;Selected Car Racing;Ferrari;GF;34.491;36.532;36.716
71;1;68;1:47.583;0;;34.362;0;36.474;0;36.747;0;193.8;2:32:09.515;18:31:40.779;0:34.362;0:36.474;0:36.747;267;Schandorff;;GT3;;Selected Car Racing;Ferrari;GF;34.362;36.474;36.747
71;1;69;1:47.816;0;;34.439;0;36.648;0;36.729;0;193.4;2:33:57.331;18:33:28.595;0:34.439;0:36.648;0:36.729;267;Schandorff;;GT3;;Selected Car Racing;Ferrari;GF;34.439;36.648;36.729
71;1;70;1:47.450;0;;34.350;0;36.526;0;36.574;1;194.1;2:35:44.781;18:35:16.045;0:34.350;0:36.526;0:36.574;267;Schandorff;;GT3;;Selected Car Racing;Ferrari;GF;34.350;36.526;36.574
71;1;71;1:51.073;0;;34.351;0;37.475;0;39.247;0;187.8;2:37:35.854;18:37:07.118;0:34.351;0:37.475;0:39.247;267;Schandorff;;GT3;;Selected Car Racing;Ferrari;GF;34.351;37.475;39.247
71;1;72;3:23.414;0;;34.762;0;1:16.114;0;1:32.538;0;102.5;2:40:59.268;18:40:30.532;0:34.762;1:16.114;1:32.538;267;Schandorff;;GT3;;Selected Car Racing;Ferrari;FCY;34.762;76.114;92.538
71;1;73;4:20.867;0;;1:26.366;0;1:21.824;0;1:32.677;0;79.9;2:45:20.135;18:44:51.399;1:26.366;1:21.824;1:32.677;78;Schandorff;;GT3;;Selected Car Racing;Ferrari;FCY;86.366;81.824;92.677
71;1;74;3:41.868;0;;1:27.824;0;1:22.365;0;51.679;0;94.0;2:49:02.003;18:48:33.267;1:27.824;1:22.365;0:51.679;78;Schandorff;;GT3;;Selected Car Racing;Ferrari;SC;87.824;82.365;51.679
71;1;75;1:55.961;0;;37.974;0;38.410;0;39.577;0;179.8;2:50:57.964;18:50:29.228;0:37.974;0:38.410;0:39.577;240;Schandorff;;GT3;;Selected Car Racing;Ferrari;SC;37.974;38.410;39.577
71;1;76;2:14.608;0;;41.480;0;48.740;0;44.388;0;154.9;2:53:12.572;18:52:43.836;0:41.480;0:48.740;0:44.388;258;Schandorff;;GT3;;Selected Car Racing;Ferrari;GF;41.480;48.740;44.388
71;1;77;1:51.944;0;;36.053;0;37.927;0;37.964;0;186.3;2:55:04.516;18:54:35.780;0:36.053;0:37.927;0:37.964;262;Schandorff;;GT3;;Selected Car Racing;Ferrari;GF;36.053;37.927;37.964
71;1;78;2:02.894;0;;35.674;0;44.532;0;42.688;0;169.7;2:57:07.410;18:56:38.674;0:35.674;0:44.532;0:42.688;263;Schandorff;;GT3;;Selected Car Racing;Ferrari;GF;35.674;44.532;42.688
71;1;79;4:08.970;0;;1:30.263;0;1:26.821;0;1:11.886;0;83.8;3:01:16.380;19:00:47.644;1:30.263;1:26.821;1:11.886;42;Schandorff;;GT3;;Selected Car Racing;Ferrari;GF;90.263;86.821;71.886
74;1;1;2:36.004;1;;43.309;1;40.344;1;1:12.351;1;133.7;2:36.004;16:02:07.268;0:43.309;0:40.344;1:12.351;181;Blattner;;GT3;;Kessel Racing;Ferrari;SC;43.309;40.344;72.351
74;1;2;4:23.055;0;;1:46.659;0;1:21.462;0;1:14.934;0;79.3;6:59.059;16:06:30.323;1:46.659;1:21.462;1:14.934;30;Blattner;;GT3;;Kessel Racing;Ferrari;SC;106.659;81.462;74.934
74;1;3;3:24.338;0;;1:24.358;0;1:01.781;0;58.199;1;102.1;10:23.397;16:09:54.661;1:24.358;1:01.781;0:58.199;77;Blattner;;GT3;;Kessel Racing;Ferrari;SC;84.358;61.781;58.199
74;1;4;2:50.125;0;;1:07.416;0;53.095;0;49.614;1;122.6;13:13.522;16:12:44.786;1:07.416;0:53.095;0:49.614;89;Blattner;;GT3;;Kessel Racing;Ferrari;SC;67.416;53.095;49.614
74;1;5;2:39.678;0;;46.998;0;51.632;0;1:01.048;0;130.6;15:53.200;16:15:24.464;0:46.998;0:51.632;1:01.048;;Blattner;;GT3;;Kessel Racing;Ferrari;SC;46.998;51.632;61.048
74;1;6;3:15.881;0;;2:00.255;0;38.072;1;37.554;1;106.5;19:09.081;16:18:40.345;2:00.255;0:38.072;0:37.554;200;Blattner;;GT3;;Kessel Racing;Ferrari;GF;120.255;38.072;37.554
74;1;7;1:48.815;1;;34.637;1;37.107;1;37.071;1;191.7;20:57.896;16:20:29.160;0:34.637;0:37.107;0:37.071;266;Blattner;;GT3;;Kessel Racing;Ferrari;GF;34.637;37.107;37.071
74;1;8;1:48.022;1;;34.574;1;36.691;1;36.757;1;193.1;22:45.918;16:22:17.182;0:34.574;0:36.691;0:36.757;267;Blattner;;GT3;;Kessel Racing;Ferrari;GF;34.574;36.691;36.757
74;1;9;1:49.634;0;;34.423;1;36.947;0;38.264;0;190.2;24:35.552;16:24:06.816;0:34.423;0:36.947;0:38.264;269;Blattner;;GT3;;Kessel Racing;Ferrari;GF;34.423;36.947;38.264
74;1;10;1:49.493;0;;34.523;0;37.249;0;37.721;0;190.5;26:25.045;16:25:56.309;0:34.523;0:37.249;0:37.721;268;Blattner;;GT3;;Kessel Racing;Ferrari;GF;34.523;37.249;37.721
74;1;11;1:49.595;0;;34.854;0;37.741;0;37.000;0;190.3;28:14.640;16:27:45.904;0:34.854;0:37.741;0:37.000;267;Blattner;;GT3;;Kessel Racing;Ferrari;GF;34.854;37.741;37.000
74;1;12;1:48.206;0;;34.283;1;36.651;1;37.272;0;192.7;30:02.846;16:29:34.110;0:34.283;0:36.651;0:37.272;269;Blattner;;GT3;;Kessel Racing;Ferrari;GF;34.283;36.651;37.272
74;1;13;1:50.702;0;;34.529;0;37.123;0;39.050;0;188.4;31:53.548;16:31:24.812;0:34.529;0:37.123;0:39.050;271;Blattner;;GT3;;Kessel Racing;Ferrari;GF;34.529;37.123;39.050
74;1;14;1:48.876;0;;34.287;0;37.512;0;37.077;0;191.5;33:42.424;16:33:13.688;0:34.287;0:37.512;0:37.077;271;Blattner;;GT3;;Kessel Racing;Ferrari;GF;34.287;37.512;37.077
74;1;15;1:49.677;0;;34.447;0;38.208;0;37.022;0;190.1;35:32.101;16:35:03.365;0:34.447;0:38.208;0:37.022;268;Blattner;;GT3;;Kessel Racing;Ferrari;GF;34.447;38.208;37.022
74;1;16;1:48.028;0;;34.442;0;36.696;0;36.890;0;193.0;37:20.129;16:36:51.393;0:34.442;0:36.696;0:36.890;269;Blattner;;GT3;;Kessel Racing;Ferrari;GF;34.442;36.696;36.890
74;1;17;1:48.469;0;;34.370;0;37.157;0;36.942;0;192.3;39:08.598;16:38:39.862;0:34.370;0:37.157;0:36.942;269;Blattner;;GT3;;Kessel Racing;Ferrari;GF;34.370;37.157;36.942
74;1;18;1:48.261;0;;34.678;0;36.823;0;36.760;0;192.6;40:56.859;16:40:28.123;0:34.678;0:36.823;0:36.760;267;Blattner;;GT3;;Kessel Racing;Ferrari;GF;34.678;36.823;36.760
74;1;19;1:48.193;0;;34.516;0;36.702;0;36.975;0;192.8;42:45.052;16:42:16.316;0:34.516;0:36.702;0:36.975;267;Blattner;;GT3;;Kessel Racing;Ferrari;GF;34.516;36.702;36.975
74;1;20;1:47.967;1;;34.521;0;36.769;0;36.677;1;193.2;44:33.019;16:44:04.283;0:34.521;0:36.769;0:36.677;267;Blattner;;GT3;;Kessel Racing;Ferrari;GF;34.521;36.769;36.677
74;1;21;1:48.505;0;;34.492;0;37.075;0;36.938;0;192.2;46:21.524;16:45:52.788;0:34.492;0:37.075;0:36.938;269;Blattner;;GT3;;Kessel Racing;Ferrari;GF;34.492;37.075;36.938
74;1;22;1:48.140;0;;34.326;0;36.806;0;37.008;0;192.9;48:09.664;16:47:40.928;0:34.326;0:36.806;0:37.008;269;Blattner;;GT3;;Kessel Racing;Ferrari;GF;34.326;36.806;37.008
74;1;23;1:56.908;0;;34.896;0;36.859;0;45.153;0;178.4;50:06.572;16:49:37.836;0:34.896;0:36.859;0:45.153;269;Blattner;;GT3;;Kessel Racing;Ferrari;FCY;34.896;36.859;45.153
74;1;24;4:21.133;0;;1:26.280;0;1:22.123;0;1:32.730;0;79.9;54:27.705;16:53:58.969;1:26.280;1:22.123;1:32.730;78;Blattner;;GT3;;Kessel Racing;Ferrari;FCY;86.280;82.123;92.730
74;1;25;4:24.341;0;;1:26.549;0;1:22.182;0;1:35.610;0;78.9;58:52.046;16:58:23.310;1:26.549;1:22.182;1:35.610;;Blattner;;GT3;;Kessel Racing;Ferrari;FCY;86.549;82.182;95.610
74;2;26;5:23.071;0;B;2:27.907;0;1:22.306;0;1:32.858;0;64.6;1:04:15.117;17:03:46.381;2:27.907;1:22.306;1:32.858;78;Patrese;;GT3;;Kessel Racing;Ferrari;GF;147.907;82.306;92.858
74;2;27;2:12.731;0;;50.666;0;41.982;0;40.083;0;157.1;1:06:27.848;17:05:59.112;0:50.666;0:41.982;0:40.083;207;Patrese;;GT3;;Kessel Racing;Ferrari;SC;50.666;41.982;40.083
74;2;28;2:27.157;0;;56.282;0;52.294;0;38.581;0;141.7;1:08:55.005;17:08:26.269;0:56.282;0:52.294;0:38.581;94;Patrese;;GT3;;Kessel Racing;Ferrari;GF;56.282;52.294;38.581
74;2;29;1:48.409;0;;34.596;0;37.138;0;36.675;1;192.4;1:10:43.414;17:10:14.678;0:34.596;0:37.138;0:36.675;272;Patrese;;GT3;;Kessel Racing;Ferrari;GF;34.596;37.138;36.675
74;2;30;1:48.447;0;;34.325;0;36.881;0;37.241;0;192.3;1:12:31.861;17:12:03.125;0:34.325;0:36.881;0:37.241;271;Patrese;;GT3;;Kessel Racing;Ferrari;GF;34.325;36.881;37.241
74;2;31;2:01.181;0;;47.086;0;36.750;0;37.345;0;172.1;1:14:33.042;17:14:04.306;0:47.086;0:36.750;0:37.345;277;Patrese;;GT3;;Kessel Racing;Ferrari;GF;47.086;36.750;37.345
74;2;32;1:48.345;0;;34.902;0;36.753;0;36.690;0;192.5;1:16:21.387;17:15:52.651;0:34.902;0:36.753;0:36.690;269;Patrese;;GT3;;Kessel Racing;Ferrari;GF;34.902;36.753;36.690
74;2;33;1:47.672;1;;34.434;0;36.482;1;36.756;0;193.7;1:18:09.059;17:17:40.323;0:34.434;0:36.482;0:36.756;267;Patrese;;GT3;;Kessel Racing;Ferrari;GF;34.434;36.482;36.756
74;2;34;2:33.004;0;;34.348;0;36.426;1;1:22.230;0;136.3;1:20:42.063;17:20:13.327;0:34.348;0:36.426;1:22.230;267;Patrese;;GT3;;Kessel Racing;Ferrari;GF;34.348;36.426;82.230
74;2;35;1:49.688;0;;36.335;0;36.674;0;36.679;0;190.1;1:22:31.751;17:22:03.015;0:36.335;0:36.674;0:36.679;250;Patrese;;GT3;;Kessel Racing;Ferrari;GF;36.335;36.674;36.679
74;2;36;1:48.281;0;;34.583;0;36.554;0;37.144;0;192.6;1:24:20.032;17:23:51.296;0:34.583;0:36.554;0:37.144;267;Patrese;;GT3;;Kessel Racing;Ferrari;GF;34.583;36.554;37.144
74;2;37;1:48.011;0;;34.461;0;36.702;0;36.848;0;193.1;1:26:08.043;17:25:39.307;0:34.461;0:36.702;0:36.848;272;Patrese;;GT3;;Kessel Racing;Ferrari;GF;34.461;36.702;36.848
74;2;38;1:47.776;0;;34.373;0;36.745;0;36.658;1;193.5;1:27:55.819;17:27:27.083;0:34.373;0:36.745;0:36.658;268;Patrese;;GT3;;Kessel Racing;Ferrari;GF;34.373;36.745;36.658
74;2;39;1:47.829;0;;34.532;0;36.626;0;36.671;0;193.4;1:29:43.648;17:29:14.912;0:34.532;0:36.626;0:36.671;268;Patrese;;GT3;;Kessel Racing;Ferrari;GF;34.532;36.626;36.671
74;2;40;1:48.011;0;;34.273;1;36.810;0;36.928;0;193.1;1:31:31.659;17:31:02.923;0:34.273;0:36.810;0:36.928;272;Patrese;;GT3;;Kessel Racing;Ferrari;GF;34.273;36.810;36.928
74;2;41;1:47.842;0;;34.145;1;36.802;0;36.895;0;193.4;1:33:19.501;17:32:50.765;0:34.145;0:36.802;0:36.895;272;Patrese;;GT3;;Kessel Racing;Ferrari;GF;34.145;36.802;36.895
74;2;42;1:47.810;0;;34.110;1;36.815;0;36.885;0;193.4;1:35:07.311;17:34:38.575;0:34.110;0:36.815;0:36.885;272;Patrese;;GT3;;Kessel Racing;Ferrari;GF;34.110;36.815;36.885
74;2;43;3:53.572;0;;58.703;0;1:22.219;0;1:32.650;0;89.3;1:39:00.883;17:38:32.147;0:58.703;1:22.219;1:32.650;253;Patrese;;GT3;;Kessel Racing;Ferrari;FCY;58.703;82.219;92.650
74;2;44;4:24.196;0;;1:26.605;0;1:22.139;0;1:35.452;0;78.9;1:43:25.079;17:42:56.343;1:26.605;1:22.139;1:35.452;;Patrese;;GT3;;Kessel Racing;Ferrari;FCY;86.605;82.139;95.452
74;2;45;3:39.404;0;;1:40.217;0;1:11.294;0;47.893;0;95.1;1:47:04.483;17:46:35.747;1:40.217;1:11.294;0:47.893;78;Patrese;;GT3;;Kessel Racing;Ferrari;SC;100.217;71.294;47.893
74;2;46;2:43.904;0;;37.742;0;58.123;0;1:08.039;0;127.2;1:49:48.387;17:49:19.651;0:37.742;0:58.123;1:08.039;229;Patrese;;GT3;;Kessel Racing;Ferrari;SC;37.742;58.123;68.039
74;2;47;2:53.828;0;;1:05.991;0;55.896;0;51.941;0;120.0;1:52:42.215;17:52:13.479;1:05.991;0:55.896;0:51.941;88;Patrese;;GT3;;Kessel Racing;Ferrari;GF;65.991;55.896;51.941
74;2;48;1:50.013;0;;34.868;0;37.752;0;37.393;0;189.6;1:54:32.228;17:54:03.492;0:34.868;0:37.752;0:37.393;255;Patrese;;GT3;;Kessel Racing;Ferrari;GF;34.868;37.752;37.393
74;2;49;1:49.580;0;;35.252;0;37.169;0;37.159;0;190.3;1:56:21.808;17:55:53.072;0:35.252;0:37.169;0:37.159;265;Patrese;;GT3;;Kessel Racing;Ferrari;GF;35.252;37.169;37.159
74;2;50;1:47.962;0;;34.244;0;36.627;0;37.091;0;193.2;1:58:09.770;17:57:41.034;0:34.244;0:36.627;0:37.091;271;Patrese;;GT3;;Kessel Racing;Ferrari;GF;34.244;36.627;37.091
74;2;51;1:48.315;0;;34.257;0;36.909;0;37.149;0;192.5;1:59:58.085;17:59:29.349;0:34.257;0:36.909;0:37.149;273;Patrese;;GT3;;Kessel Racing;Ferrari;GF;34.257;36.909;37.149
74;2;52;1:48.628;0;;34.292;0;37.306;0;37.030;0;192.0;2:01:46.713;18:01:17.977;0:34.292;0:37.306;0:37.030;271;Patrese;;GT3;;Kessel Racing;Ferrari;GF;34.292;37.306;37.030
74;2;53;1:46.974;1;;33.961;1;36.406;1;36.607;1;195.0;2:03:33.687;18:03:04.951;0:33.961;0:36.406;0:36.607;271;Patrese;;GT3;;Kessel Racing;Ferrari;GF;33.961;36.406;36.607
74;2;54;1:47.172;0;;34.144;0;36.383;1;36.645;0;194.6;2:05:20.859;18:04:52.123;0:34.144;0:36.383;0:36.645;269;Patrese;;GT3;;Kessel Racing;Ferrari;GF;34.144;36.383;36.645
74;2;55;1:48.093;0;B;34.201;0;36.604;0;37.288;0;192.9;2:07:08.952;18:06:40.216;0:34.201;0:36.604;0:37.288;269;Patrese;;GT3;;Kessel Racing;Ferrari;GF;34.201;36.604;37.288
74;2;56;1:47.104;0;;34.218;0;36.344;1;36.542;1;194.7;2:08:56.056;18:08:27.320;0:34.218;0:36.344;0:36.542;275;Patrese;;GT3;;Kessel Racing;Ferrari;GF;34.218;36.344;36.542
74;2;57;1:46.760;1;;34.091;0;36.315;1;36.354;1;195.3;2:10:42.816;18:10:14.080;0:34.091;0:36.315;0:36.354;269;Patrese;;GT3;;Kessel Racing;Ferrari;GF;34.091;36.315;36.354
74;2;58;1:54.346;0;;34.114;0;36.244;1;43.988;0;182.4;2:12:37.162;18:12:08.426;0:34.114;0:36.244;0:43.988;;Patrese;;GT3;;Kessel Racing;Ferrari;GF;34.114;36.244;43.988
74;3;59;3:10.954;0;;1:57.312;0;36.740;0;36.902;0;109.2;2:15:48.116;18:15:19.380;1:57.312;0:36.740;0:36.902;202;Marschall;;GT3;;Kessel Racing;Ferrari;GF;117.312;36.740;36.902
74;3;60;1:47.352;0;;34.315;0;36.315;0;36.722;0;194.3;2:17:35.468;18:17:06.732;0:34.315;0:36.315;0:36.722;269;Marschall;;GT3;;Kessel Racing;Ferrari;GF;34.315;36.315;36.722
74;3;61;1:47.674;0;;34.313;0;36.620;0;36.741;0;193.7;2:19:23.142;18:18:54.406;0:34.313;0:36.620;0:36.741;269;Marschall;;GT3;;Kessel Racing;Ferrari;GF;34.313;36.620;36.741
74;3;62;1:48.349;0;;34.524;0;37.416;0;36.409;0;192.5;2:21:11.491;18:20:42.755;0:34.524;0:37.416;0:36.409;269;Marschall;;GT3;;Kessel Racing;Ferrari;GF;34.524;37.416;36.409
74;3;63;1:46.860;0;;34.288;0;36.111;1;36.461;0;195.2;2:22:58.351;18:22:29.615;0:34.288;0:36.111;0:36.461;266;Marschall;;GT3;;Kessel Racing;Ferrari;GF;34.288;36.111;36.461
74;3;64;1:47.712;0;;34.898;0;36.395;0;36.419;0;193.6;2:24:46.063;18:24:17.327;0:34.898;0:36.395;0:36.419;267;Marschall;;GT3;;Kessel Racing;Ferrari;GF;34.898;36.395;36.419
74;3;65;1:46.684;1;;34.245;0;36.058;1;36.381;0;195.5;2:26:32.747;18:26:04.011;0:34.245;0:36.058;0:36.381;267;Marschall;;GT3;;Kessel Racing;Ferrari;GF;34.245;36.058;36.381
74;3;66;1:46.720;0;;34.295;0;36.134;0;36.291;1;195.4;2:28:19.467;18:27:50.731;0:34.295;0:36.134;0:36.291;267;Marschall;;GT3;;Kessel Racing;Ferrari;GF;34.295;36.134;36.291
74;3;67;1:46.836;0;;34.298;0;36.058;0;36.480;0;195.2;2:30:06.303;18:29:37.567;0:34.298;0:36.058;0:36.480;268;Marschall;;GT3;;Kessel Racing;Ferrari;GF;34.298;36.058;36.480
74;3;68;1:46.838;0;;34.240;0;36.175;0;36.423;0;195.2;2:31:53.141;18:31:24.405;0:34.240;0:36.175;0:36.423;268;Marschall;;GT3;;Kessel Racing;Ferrari;GF;34.240;36.175;36.423
74;3;69;1:46.895;0;;34.193;0;36.469;0;36.233;1;195.1;2:33:40.036;18:33:11.300;0:34.193;0:36.469;0:36.233;269;Marschall;;GT3;;Kessel Racing;Ferrari;GF;34.193;36.469;36.233
74;3;70;1:46.864;0;;34.275;0;36.226;0;36.363;0;195.2;2:35:26.900;18:34:58.164;0:34.275;0:36.226;0:36.363;267;Marschall;;GT3;;Kessel Racing;Ferrari;GF;34.275;36.226;36.363
74;3;71;1:46.396;1;;34.187;0;36.030;1;36.179;1;196.0;2:37:13.296;18:36:44.560;0:34.187;0:36.030;0:36.179;266;Marschall;;GT3;;Kessel Racing;Ferrari;GF;34.187;36.030;36.179
74;3;72;3:04.741;0;;34.233;0;57.469;0;1:33.039;0;112.9;2:40:18.037;18:39:49.301;0:34.233;0:57.469;1:33.039;268;Marschall;;GT3;;Kessel Racing;Ferrari;FCY;34.233;57.469;93.039
74;3;73;4:22.136;0;;1:26.892;0;1:22.164;0;1:33.080;0;79.6;2:44:40.173;18:44:11.437;1:26.892;1:22.164;1:33.080;78;Marschall;;GT3;;Kessel Racing;Ferrari;FCY;86.892;82.164;93.080
74;3;74;3:55.456;0;;1:27.061;0;1:22.316;0;1:06.079;0;88.6;2:48:35.629;18:48:06.893;1:27.061;1:22.316;1:06.079;78;Marschall;;GT3;;Kessel Racing;Ferrari;SC;87.061;82.316;66.079
74;3;75;1:55.712;0;;39.785;0;37.448;0;38.479;0;180.2;2:50:31.341;18:50:02.605;0:39.785;0:37.448;0:38.479;200;Marschall;;GT3;;Kessel Racing;Ferrari;SC;39.785;37.448;38.479
74;3;76;2:37.807;0;;56.735;0;51.325;0;49.747;0;132.2;2:53:09.148;18:52:40.412;0:56.735;0:51.325;0:49.747;113;Marschall;;GT3;;Kessel Racing;Ferrari;GF;56.735;51.325;49.747
74;3;77;1:49.821;0;;34.932;0;37.261;0;37.628;0;189.9;2:54:58.969;18:54:30.233;0:34.932;0:37.261;0:37.628;264;Marschall;;GT3;;Kessel Racing;Ferrari;GF;34.932;37.261;37.628
74;3;78;2:00.040;0;;36.738;0;42.491;0;40.811;0;173.7;2:56:59.009;18:56:30.273;0:36.738;0:42.491;0:40.811;264;Marschall;;GT3;;Kessel Racing;Ferrari;GF;36.738;42.491;40.811
74;3;79;4:11.496;0;;1:28.542;0;1:28.715;0;1:14.239;0;82.9;3:01:10.505;19:00:41.769;1:28.542;1:28.715;1:14.239;51;Marschall;;GT3;;Kessel Racing;Ferrari;GF;88.542;88.715;74.239
84;2;1;2:41.838;1;;44.282;1;42.162;1;1:15.394;1;128.9;2:41.838;16:02:13.102;0:44.282;0:42.162;1:15.394;180;Reicher;;GT3;;Eastalent Racing;Audi;SC;44.282;42.162;75.394
84;2;2;4:26.304;0;;1:47.611;0;1:21.395;0;1:17.298;0;78.3;7:08.142;16:06:39.406;1:47.611;1:21.395;1:17.298;28;Reicher;;GT3;;Eastalent Racing;Audi;SC;107.611;81.395;77.298
84;2;3;3:22.035;0;;1:21.149;0;1:02.917;0;57.969;1;103.2;10:30.177;16:10:01.441;1:21.149;1:02.917;0:57.969;60;Reicher;;GT3;;Eastalent Racing;Audi;SC;81.149;62.917;57.969
84;2;4;2:46.661;0;;1:06.241;0;53.388;0;47.032;1;125.1;13:16.838;16:12:48.102;1:06.241;0:53.388;0:47.032;64;Reicher;;GT3;;Eastalent Racing;Audi;SC;66.241;53.388;47.032
84;2;5;2:37.626;1;;46.117;0;53.140;0;58.369;0;132.3;15:54.464;16:15:25.728;0:46.117;0:53.140;0:58.369;;Reicher;;GT3;;Eastalent Racing;Audi;SC;46.117;53.140;58.369
84;2;6;3:06.857;0;;1:51.774;0;37.500;1;37.583;1;111.6;19:01.321;16:18:32.585;1:51.774;0:37.500;0:37.583;202;Reicher;;GT3;;Eastalent Racing;Audi;GF;111.774;37.500;37.583
84;2;7;1:49.041;1;;34.969;1;36.917;1;37.155;1;191.3;20:50.362;16:20:21.626;0:34.969;0:36.917;0:37.155;263;Reicher;;GT3;;Eastalent Racing;Audi;GF;34.969;36.917;37.155
84;2;8;1:50.220;0;;34.853;1;36.849;1;38.518;0;189.2;22:40.582;16:22:11.846;0:34.853;0:36.849;0:38.518;263;Reicher;;GT3;;Eastalent Racing;Audi;GF;34.853;36.849;38.518
84;2;9;1:49.776;0;;35.688;0;37.063;0;37.025;1;190.0;24:30.358;16:24:01.622;0:35.688;0:37.063;0:37.025;264;Reicher;;GT3;;Eastalent Racing;Audi;GF;35.688;37.063;37.025
84;2;10;1:49.379;0;;35.219;0;37.026;0;37.134;0;190.7;26:19.737;16:25:51.001;0:35.219;0:37.026;0:37.134;263;Reicher;;GT3;;Eastalent Racing;Audi;GF;35.219;37.026;37.134
84;2;11;1:49.728;0;;34.580;1;36.970;0;38.178;0;190.1;28:09.465;16:27:40.729;0:34.580;0:36.970;0:38.178;267;Reicher;;GT3;;Eastalent Racing;Audi;GF;34.580;36.970;38.178
84;2;12;1:48.133;1;;34.388;1;36.662;1;37.083;0;192.9;29:57.598;16:29:28.862;0:34.388;0:36.662;0:37.083;269;Reicher;;GT3;;Eastalent Racing;Audi;GF;34.388;36.662;37.083
84;2;13;1:47.894;1;;34.329;1;36.584;1;36.981;1;193.3;31:45.492;16:31:16.756;0:34.329;0:36.584;0:36.981;266;Reicher;;GT3;;Eastalent Racing;Audi;GF;34.329;36.584;36.981
84;2;14;1:47.864;1;;34.407;0;36.589;0;36.868;1;193.3;33:33.356;16:33:04.620;0:34.407;0:36.589;0:36.868;266;Reicher;;GT3;;Eastalent Racing;Audi;GF;34.407;36.589;36.868
84;2;15;1:48.243;0;;34.371;0;36.943;0;36.929;0;192.7;35:21.599;16:34:52.863;0:34.371;0:36.943;0:36.929;265;Reicher;;GT3;;Eastalent Racing;Audi;GF;34.371;36.943;36.929
84;2;16;1:48.741;0;;34.427;0;36.832;0;37.482;0;191.8;37:10.340;16:36:41.604;0:34.427;0:36.832;0:37.482;266;Reicher;;GT3;;Eastalent Racing;Audi;GF;34.427;36.832;37.482
84;2;17;1:48.285;0;;34.390;0;36.949;0;36.946;0;192.6;38:58.625;16:38:29.889;0:34.390;0:36.949;0:36.946;267;Reicher;;GT3;;Eastalent Racing;Audi;GF;34.390;36.949;36.946
84;2;18;1:48.217;0;;34.540;0;36.715;0;36.962;0;192.7;40:46.842;16:40:18.106;0:34.540;0:36.715;0:36.962;266;Reicher;;GT3;;Eastalent Racing;Audi;GF;34.540;36.715;36.962
84;2;19;1:47.918;0;;34.317;1;36.779;0;36.822;1;193.2;42:34.760;16:42:06.024;0:34.317;0:36.779;0:36.822;266;Reicher;;GT3;;Eastalent Racing;Audi;GF;34.317;36.779;36.822
84;2;20;1:48.224;0;;34.560;0;36.642;0;37.022;0;192.7;44:22.984;16:43:54.248;0:34.560;0:36.642;0:37.022;269;Reicher;;GT3;;Eastalent Racing;Audi;GF;34.560;36.642;37.022
84;2;21;1:51.661;0;;37.843;0;37.033;0;36.785;1;186.8;46:14.645;16:45:45.909;0:37.843;0:37.033;0:36.785;267;Reicher;;GT3;;Eastalent Racing;Audi;GF;37.843;37.033;36.785
84;2;22;1:48.254;0;;34.497;0;36.614;0;37.143;0;192.6;48:02.899;16:47:34.163;0:34.497;0:36.614;0:37.143;266;Reicher;;GT3;;Eastalent Racing;Audi;GF;34.497;36.614;37.143
84;2;23;1:48.880;0;;34.400;0;36.536;1;37.944;0;191.5;49:51.779;16:49:23.043;0:34.400;0:36.536;0:37.944;266;Reicher;;GT3;;Eastalent Racing;Audi;GF;34.400;36.536;37.944
84;2;24;4:11.143;0;;1:17.313;0;1:21.579;0;1:32.251;0;83.0;54:02.922;16:53:34.186;1:17.313;1:21.579;1:32.251;79;Reicher;;GT3;;Eastalent Racing;Audi;FCY;77.313;81.579;92.251
84;2;25;4:20.284;0;B;1:26.149;0;1:21.613;0;1:32.522;0;80.1;58:23.206;16:57:54.470;1:26.149;1:21.613;1:32.522;79;Reicher;;GT3;;Eastalent Racing;Audi;FCY;86.149;81.613;92.522
84;2;26;4:20.458;0;;1:26.584;0;1:21.584;0;1:32.290;0;80.1;1:02:43.664;17:02:14.928;1:26.584;1:21.584;1:32.290;77;Reicher;;GT3;;Eastalent Racing;Audi;GF;86.584;81.584;92.290
84;2;27;3:11.384;0;;1:26.210;0;51.103;0;54.071;0;109.0;1:05:55.048;17:05:26.312;1:26.210;0:51.103;0:54.071;79;Reicher;;GT3;;Eastalent Racing;Audi;SC;86.210;51.103;54.071
84;2;28;2:47.137;0;;1:05.425;0;54.054;0;47.658;0;124.8;1:08:42.185;17:08:13.449;1:05.425;0:54.054;0:47.658;105;Reicher;;GT3;;Eastalent Racing;Audi;GF;65.425;54.054;47.658
84;2;29;1:50.001;0;;35.324;0;37.431;0;37.246;0;189.6;1:10:32.186;17:10:03.450;0:35.324;0:37.431;0:37.246;269;Reicher;;GT3;;Eastalent Racing;Audi;GF;35.324;37.431;37.246
84;2;30;1:55.793;0;;34.414;0;37.244;0;44.135;0;180.1;1:12:27.979;17:11:59.243;0:34.414;0:37.244;0:44.135;;Reicher;;GT3;;Eastalent Racing;Audi;GF;34.414;37.244;44.135
84;3;31;3:05.867;0;;1:51.061;0;37.346;0;37.460;0;112.2;1:15:33.846;17:15:05.110;1:51.061;0:37.346;0:37.460;202;Winkelhock;;GT3;;Eastalent Racing;Audi;GF;111.061;37.346;37.460
84;3;32;1:49.017;0;;34.883;0;37.020;0;37.114;0;191.3;1:17:22.863;17:16:54.127;0:34.883;0:37.020;0:37.114;263;Winkelhock;;GT3;;Eastalent Racing;Audi;GF;34.883;37.020;37.114
84;3;33;1:49.060;0;;34.567;0;36.964;0;37.529;0;191.2;1:19:11.923;17:18:43.187;0:34.567;0:36.964;0:37.529;267;Winkelhock;;GT3;;Eastalent Racing;Audi;GF;34.567;36.964;37.529
84;3;34;2:26.694;0;;58.915;0;50.505;0;37.274;0;142.2;1:21:38.617;17:21:09.881;0:58.915;0:50.505;0:37.274;265;Winkelhock;;GT3;;Eastalent Racing;Audi;GF;58.915;50.505;37.274
84;3;35;1:48.283;0;;34.490;0;36.815;0;36.978;0;192.6;1:23:26.900;17:22:58.164;0:34.490;0:36.815;0:36.978;266;Winkelhock;;GT3;;Eastalent Racing;Audi;GF;34.490;36.815;36.978
84;3;36;1:48.057;0;;34.656;0;36.721;0;36.680;1;193.0;1:25:14.957;17:24:46.221;0:34.656;0:36.721;0:36.680;260;Winkelhock;;GT3;;Eastalent Racing;Audi;GF;34.656;36.721;36.680
84;3;37;1:47.711;1;;34.550;0;36.502;1;36.659;1;193.6;1:27:02.668;17:26:33.932;0:34.550;0:36.502;0:36.659;266;Winkelhock;;GT3;;Eastalent Racing;Audi;GF;34.550;36.502;36.659
84;3;38;1:47.900;0;;34.672;0;36.608;0;36.620;1;193.3;1:28:50.568;17:28:21.832;0:34.672;0:36.608;0:36.620;267;Winkelhock;;GT3;;Eastalent Racing;Audi;GF;34.672;36.608;36.620
84;3;39;1:47.669;1;;34.495;0;36.470;1;36.704;0;193.7;1:30:38.237;17:30:09.501;0:34.495;0:36.470;0:36.704;266;Winkelhock;;GT3;;Eastalent Racing;Audi;GF;34.495;36.470;36.704
84;3;40;1:47.705;0;;34.384;0;36.731;0;36.590;1;193.6;1:32:25.942;17:31:57.206;0:34.384;0:36.731;0:36.590;267;Winkelhock;;GT3;;Eastalent Racing;Audi;GF;34.384;36.731;36.590
84;3;41;1:47.606;1;;34.344;0;36.531;0;36.731;0;193.8;1:34:13.548;17:33:44.812;0:34.344;0:36.531;0:36.731;267;Winkelhock;;GT3;;Eastalent Racing;Audi;GF;34.344;36.531;36.731
84;3;42;2:38.716;0;;34.321;0;37.339;0;1:27.056;0;131.4;1:36:52.264;17:36:23.528;0:34.321;0:37.339;1:27.056;267;Winkelhock;;GT3;;Eastalent Racing;Audi;FCY;34.321;37.339;87.056
84;3;43;4:19.931;0;;1:25.793;0;1:21.744;0;1:32.394;0;80.2;1:41:12.195;17:40:43.459;1:25.793;1:21.744;1:32.394;79;Winkelhock;;GT3;;Eastalent Racing;Audi;FCY;85.793;81.744;92.394
84;3;44;4:21.150;0;;1:26.595;0;1:21.941;0;1:32.614;0;79.9;1:45:33.345;17:45:04.609;1:26.595;1:21.941;1:32.614;79;Winkelhock;;GT3;;Eastalent Racing;Audi;GF;86.595;81.941;92.614
84;3;45;2:21.638;0;;1:01.878;0;40.073;0;39.687;0;147.2;1:47:54.983;17:47:26.247;1:01.878;0:40.073;0:39.687;94;Winkelhock;;GT3;;Eastalent Racing;Audi;SC;61.878;40.073;39.687
84;3;46;2:10.853;0;;36.650;0;38.002;0;56.201;0;159.4;1:50:05.836;17:49:37.100;0:36.650;0:38.002;0:56.201;195;Winkelhock;;GT3;;Eastalent Racing;Audi;SC;36.650;38.002;56.201
84;3;47;2:44.120;0;;1:06.234;0;54.026;0;43.860;0;127.1;1:52:49.956;17:52:21.220;1:06.234;0:54.026;0:43.860;55;Winkelhock;;GT3;;Eastalent Racing;Audi;GF;66.234;54.026;43.860
84;3;48;1:51.536;0;;35.414;0;37.989;0;38.133;0;187.0;1:54:41.492;17:54:12.756;0:35.414;0:37.989;0:38.133;250;Winkelhock;;GT3;;Eastalent Racing;Audi;GF;35.414;37.989;38.133
84;3;49;1:49.186;0;;34.969;0;37.289;0;36.928;0;191.0;1:56:30.678;17:56:01.942;0:34.969;0:37.289;0:36.928;258;Winkelhock;;GT3;;Eastalent Racing;Audi;GF;34.969;37.289;36.928
84;3;50;1:48.182;0;;34.439;0;36.736;0;37.007;0;192.8;1:58:18.860;17:57:50.124;0:34.439;0:36.736;0:37.007;268;Winkelhock;;GT3;;Eastalent Racing;Audi;GF;34.439;36.736;37.007
84;3;51;1:49.837;0;B;34.423;0;36.962;0;38.452;0;189.9;2:00:08.697;17:59:39.961;0:34.423;0:36.962;0:38.452;271;Winkelhock;;GT3;;Eastalent Racing;Audi;GF;34.423;36.962;38.452
84;3;52;1:49.500;0;;35.189;0;37.026;0;37.285;0;190.5;2:01:58.197;18:01:29.461;0:35.189;0:37.026;0:37.285;254;Winkelhock;;GT3;;Eastalent Racing;Audi;GF;35.189;37.026;37.285
84;3;53;1:48.066;0;;34.736;0;36.529;0;36.801;0;193.0;2:03:46.263;18:03:17.527;0:34.736;0:36.529;0:36.801;254;Winkelhock;;GT3;;Eastalent Racing;Audi;GF;34.736;36.529;36.801
84;3;54;1:48.275;0;;34.877;0;36.698;0;36.700;0;192.6;2:05:34.538;18:05:05.802;0:34.877;0:36.698;0:36.700;266;Winkelhock;;GT3;;Eastalent Racing;Audi;GF;34.877;36.698;36.700
84;3;55;1:55.997;0;;34.462;0;36.620;0;44.915;0;179.8;2:07:30.535;18:07:01.799;0:34.462;0:36.620;0:44.915;;Winkelhock;;GT3;;Eastalent Racing;Audi;GF;34.462;36.620;44.915
84;1;56;3:04.533;0;;1:50.311;0;37.148;0;37.074;0;113.0;2:10:35.068;18:10:06.332;1:50.311;0:37.148;0:37.074;203;Haase;;GT3;;Eastalent Racing;Audi;GF;110.311;37.148;37.074
84;1;57;1:49.977;0;;34.546;0;37.884;0;37.547;0;189.6;2:12:25.045;18:11:56.309;0:34.546;0:37.884;0:37.547;266;Haase;;GT3;;Eastalent Racing;Audi;GF;34.546;37.884;37.547
84;1;58;1:48.036;0;;34.520;0;36.739;0;36.777;0;193.0;2:14:13.081;18:13:44.345;0:34.520;0:36.739;0:36.777;270;Haase;;GT3;;Eastalent Racing;Audi;GF;34.520;36.739;36.777
84;1;59;1:48.809;0;;34.558;0;36.799;0;37.452;0;191.7;2:16:01.890;18:15:33.154;0:34.558;0:36.799;0:37.452;270;Haase;;GT3;;Eastalent Racing;Audi;GF;34.558;36.799;37.452
84;1;60;1:48.659;0;;34.763;0;36.901;0;36.995;0;191.9;2:17:50.549;18:17:21.813;0:34.763;0:36.901;0:36.995;267;Haase;;GT3;;Eastalent Racing;Audi;GF;34.763;36.901;36.995
84;1;61;1:49.613;0;;35.138;0;36.628;0;37.847;0;190.3;2:19:40.162;18:19:11.426;0:35.138;0:36.628;0:37.847;243;Haase;;GT3;;Eastalent Racing;Audi;GF;35.138;36.628;37.847
84;1;62;1:47.972;0;;34.522;0;36.718;0;36.732;0;193.2;2:21:28.134;18:20:59.398;0:34.522;0:36.718;0:36.732;270;Haase;;GT3;;Eastalent Racing;Audi;GF;34.522;36.718;36.732
84;1;63;1:48.758;0;;34.565;0;37.310;0;36.883;0;191.8;2:23:16.892;18:22:48.156;0:34.565;0:37.310;0:36.883;272;Haase;;GT3;;Eastalent Racing;Audi;GF;34.565;37.310;36.883
84;1;64;1:47.496;1;;34.303;1;36.397;1;36.796;0;194.0;2:25:04.388;18:24:35.652;0:34.303;0:36.397;0:36.796;269;Haase;;GT3;;Eastalent Racing;Audi;GF;34.303;36.397;36.796
84;1;65;1:47.687;0;;34.352;0;36.709;0;36.626;0;193.7;2:26:52.075;18:26:23.339;0:34.352;0:36.709;0:36.626;267;Haase;;GT3;;Eastalent Racing;Audi;GF;34.352;36.709;36.626
84;1;66;1:47.473;1;;34.190;1;36.611;0;36.672;0;194.0;2:28:39.548;18:28:10.812;0:34.190;0:36.611;0:36.672;269;Haase;;GT3;;Eastalent Racing;Audi;GF;34.190;36.611;36.672
84;1;67;1:47.189;1;;34.207;0;36.396;1;36.586;1;194.6;2:30:26.737;18:29:58.001;0:34.207;0:36.396;0:36.586;269;Haase;;GT3;;Eastalent Racing;Audi;GF;34.207;36.396;36.586
84;1;68;1:47.333;0;;34.152;1;36.266;1;36.915;0;194.3;2:32:14.070;18:31:45.334;0:34.152;0:36.266;0:36.915;270;Haase;;GT3;;Eastalent Racing;Audi;GF;34.152;36.266;36.915
84;1;69;1:48.441;0;;34.284;0;37.444;0;36.713;0;192.3;2:34:02.511;18:33:33.775;0:34.284;0:37.444;0:36.713;272;Haase;;GT3;;Eastalent Racing;Audi;GF;34.284;37.444;36.713
84;1;70;1:48.038;0;;34.296;0;36.543;0;37.199;0;193.0;2:35:50.549;18:35:21.813;0:34.296;0:36.543;0:37.199;269;Haase;;GT3;;Eastalent Racing;Audi;GF;34.296;36.543;37.199
84;1;71;1:47.936;0;;34.246;0;36.434;0;37.256;0;193.2;2:37:38.485;18:37:09.749;0:34.246;0:36.434;0:37.256;269;Haase;;GT3;;Eastalent Racing;Audi;GF;34.246;36.434;37.256
84;1;72;3:28.307;0;;35.387;0;1:20.754;0;1:32.166;0;100.1;2:41:06.792;18:40:38.056;0:35.387;1:20.754;1:32.166;266;Haase;;GT3;;Eastalent Racing;Audi;FCY;35.387;80.754;92.166
84;1;73;4:19.941;0;;1:25.981;0;1:21.597;0;1:32.363;0;80.2;2:45:26.733;18:44:57.997;1:25.981;1:21.597;1:32.363;79;Haase;;GT3;;Eastalent Racing;Audi;FCY;85.981;81.597;92.363
84;1;74;3:39.012;0;;1:26.501;0;1:21.642;0;50.869;0;95.2;2:49:05.745;18:48:37.009;1:26.501;1:21.642;0:50.869;79;Haase;;GT3;;Eastalent Racing;Audi;SC;86.501;81.642;50.869
84;1;75;1:56.652;0;;38.282;0;40.164;0;38.206;0;178.8;2:51:02.397;18:50:33.661;0:38.282;0:40.164;0:38.206;173;Haase;;GT3;;Eastalent Racing;Audi;SC;38.282;40.164;38.206
84;1;76;2:11.264;0;;40.272;0;49.405;0;41.587;0;158.9;2:53:13.661;18:52:44.925;0:40.272;0:49.405;0:41.587;241;Haase;;GT3;;Eastalent Racing;Audi;GF;40.272;49.405;41.587
84;1;77;1:53.528;0;;35.566;0;39.262;0;38.700;0;183.7;2:55:07.189;18:54:38.453;0:35.566;0:39.262;0:38.700;255;Haase;;GT3;;Eastalent Racing;Audi;GF;35.566;39.262;38.700
84;1;78;2:06.668;0;;36.099;0;48.746;0;41.823;0;164.6;2:57:13.857;18:56:45.121;0:36.099;0:48.746;0:41.823;252;Haase;;GT3;;Eastalent Racing;Audi;GF;36.099;48.746;41.823
84;1;79;4:09.875;0;;1:31.935;0;1:25.405;0;1:12.535;0;83.5;3:01:23.732;19:00:54.996;1:31.935;1:25.405;1:12.535;21;Haase;;GT3;;Eastalent Racing;Audi;GF;91.935;85.405;72.535
87;3;1;2:36.570;1;;43.212;1;40.682;1;1:12.676;1;133.2;2:36.570;16:02:07.834;0:43.212;0:40.682;1:12.676;185;Salikhov;;GT3;;Winward Racing;Mercedes-AMG;SC;43.212;40.682;72.676
87;3;2;4:23.118;0;;1:46.886;0;1:21.494;0;1:14.738;0;79.3;6:59.688;16:06:30.952;1:46.886;1:21.494;1:14.738;30;Salikhov;;GT3;;Winward Racing;Mercedes-AMG;SC;106.886;81.494;74.738
87;3;3;3:26.059;0;;1:24.507;0;1:03.271;0;58.281;1;101.2;10:25.747;16:09:57.011;1:24.507;1:03.271;0:58.281;74;Salikhov;;GT3;;Winward Racing;Mercedes-AMG;SC;84.507;63.271;58.281
87;3;4;2:48.573;0;;1:05.666;0;53.036;0;49.871;1;123.7;13:14.320;16:12:45.584;1:05.666;0:53.036;0:49.871;88;Salikhov;;GT3;;Winward Racing;Mercedes-AMG;SC;65.666;53.036;49.871
87;3;5;2:33.595;1;;46.691;0;51.727;0;55.177;0;135.8;15:47.915;16:15:19.179;0:46.691;0:51.727;0:55.177;138;Salikhov;;GT3;;Winward Racing;Mercedes-AMG;SC;46.691;51.727;55.177
87;3;6;2:49.594;0;;59.812;0;56.989;0;52.793;0;123.0;18:37.509;16:18:08.773;0:59.812;0:56.989;0:52.793;108;Salikhov;;GT3;;Winward Racing;Mercedes-AMG;GF;59.812;56.989;52.793
87;3;7;1:50.670;1;;35.352;1;37.999;1;37.319;1;188.4;20:28.179;16:19:59.443;0:35.352;0:37.999;0:37.319;251;Salikhov;;GT3;;Winward Racing;Mercedes-AMG;GF;35.352;37.999;37.319
87;3;8;1:49.238;1;;34.740;1;37.300;1;37.198;1;190.9;22:17.417;16:21:48.681;0:34.740;0:37.300;0:37.198;265;Salikhov;;GT3;;Winward Racing;Mercedes-AMG;GF;34.740;37.300;37.198
87;3;9;1:48.921;1;;34.693;1;37.064;1;37.164;1;191.5;24:06.338;16:23:37.602;0:34.693;0:37.064;0:37.164;267;Salikhov;;GT3;;Winward Racing;Mercedes-AMG;GF;34.693;37.064;37.164
87;3;10;1:48.719;1;;34.711;0;36.911;1;37.097;1;191.8;25:55.057;16:25:26.321;0:34.711;0:36.911;0:37.097;267;Salikhov;;GT3;;Winward Racing;Mercedes-AMG;GF;34.711;36.911;37.097
87;3;11;1:48.314;1;;34.541;1;36.912;0;36.861;1;192.5;27:43.371;16:27:14.635;0:34.541;0:36.912;0:36.861;267;Salikhov;;GT3;;Winward Racing;Mercedes-AMG;GF;34.541;36.912;36.861
87;3;12;1:48.262;1;;34.405;1;36.926;0;36.931;0;192.6;29:31.633;16:29:02.897;0:34.405;0:36.926;0:36.931;267;Salikhov;;GT3;;Winward Racing;Mercedes-AMG;GF;34.405;36.926;36.931
87;3;13;1:48.137;1;;34.422;0;36.764;1;36.951;0;192.9;31:19.770;16:30:51.034;0:34.422;0:36.764;0:36.951;269;Salikhov;;GT3;;Winward Racing;Mercedes-AMG;GF;34.422;36.764;36.951
87;3;14;1:48.100;1;;34.395;1;36.802;0;36.903;0;192.9;33:07.870;16:32:39.134;0:34.395;0:36.802;0:36.903;267;Salikhov;;GT3;;Winward Racing;Mercedes-AMG;GF;34.395;36.802;36.903
87;3;15;1:48.394;0;;34.354;1;37.119;0;36.921;0;192.4;34:56.264;16:34:27.528;0:34.354;0:37.119;0:36.921;269;Salikhov;;GT3;;Winward Racing;Mercedes-AMG;GF;34.354;37.119;36.921
87;3;16;1:48.310;0;;34.410;0;36.995;0;36.905;0;192.5;36:44.574;16:36:15.838;0:34.410;0:36.995;0:36.905;269;Salikhov;;GT3;;Winward Racing;Mercedes-AMG;GF;34.410;36.995;36.905
87;3;17;1:48.121;0;;34.409;0;36.819;0;36.893;0;192.9;38:32.695;16:38:03.959;0:34.409;0:36.819;0:36.893;266;Salikhov;;GT3;;Winward Racing;Mercedes-AMG;GF;34.409;36.819;36.893
87;3;18;1:47.945;1;;34.483;0;36.820;0;36.642;1;193.2;40:20.640;16:39:51.904;0:34.483;0:36.820;0:36.642;267;Salikhov;;GT3;;Winward Racing;Mercedes-AMG;GF;34.483;36.820;36.642
87;3;19;1:47.882;1;;34.377;0;36.728;1;36.777;0;193.3;42:08.522;16:41:39.786;0:34.377;0:36.728;0:36.777;267;Salikhov;;GT3;;Winward Racing;Mercedes-AMG;GF;34.377;36.728;36.777
87;3;20;1:47.736;1;;34.438;0;36.684;1;36.614;1;193.6;43:56.258;16:43:27.522;0:34.438;0:36.684;0:36.614;267;Salikhov;;GT3;;Winward Racing;Mercedes-AMG;GF;34.438;36.684;36.614
87;3;21;1:48.086;0;;34.289;1;37.105;0;36.692;0;192.9;45:44.344;16:45:15.608;0:34.289;0:37.105;0:36.692;267;Salikhov;;GT3;;Winward Racing;Mercedes-AMG;GF;34.289;37.105;36.692
87;3;22;1:48.061;0;;34.520;0;36.833;0;36.708;0;193.0;47:32.405;16:47:03.669;0:34.520;0:36.833;0:36.708;266;Salikhov;;GT3;;Winward Racing;Mercedes-AMG;GF;34.520;36.833;36.708
87;3;23;1:48.101;0;;34.452;0;36.774;0;36.875;0;192.9;49:20.506;16:48:51.770;0:34.452;0:36.774;0:36.875;267;Salikhov;;GT3;;Winward Racing;Mercedes-AMG;GF;34.452;36.774;36.875
87;3;24;3:33.096;0;;35.817;0;1:21.857;0;1:35.422;0;97.9;52:53.602;16:52:24.866;0:35.817;1:21.857;1:35.422;;Salikhov;;GT3;;Winward Racing;Mercedes-AMG;FCY;35.817;81.857;95.422
87;2;25;5:21.555;0;;2:27.166;0;1:21.910;0;1:32.479;0;64.9;58:15.157;16:57:46.421;2:27.166;1:21.910;1:32.479;78;Piana;;GT3;;Winward Racing;Mercedes-AMG;FCY;147.166;81.910;92.479
87;2;26;4:21.163;0;;1:26.646;0;1:21.982;0;1:32.535;0;79.9;1:02:36.320;17:02:07.584;1:26.646;1:21.982;1:32.535;78;Piana;;GT3;;Winward Racing;Mercedes-AMG;GF;86.646;81.982;92.535
87;2;27;3:16.694;0;B;1:26.665;0;51.979;0;58.050;0;106.0;1:05:53.014;17:05:24.278;1:26.665;0:51.979;0:58.050;78;Piana;;GT3;;Winward Racing;Mercedes-AMG;SC;86.665;51.979;58.050
87;2;28;2:48.186;0;;1:04.702;0;54.449;0;49.035;0;124.0;1:08:41.200;17:08:12.464;1:04.702;0:54.449;0:49.035;84;Piana;;GT3;;Winward Racing;Mercedes-AMG;GF;64.702;54.449;49.035
87;2;29;1:50.007;0;;35.648;0;37.274;0;37.085;0;189.6;1:10:31.207;17:10:02.471;0:35.648;0:37.274;0:37.085;260;Piana;;GT3;;Winward Racing;Mercedes-AMG;GF;35.648;37.274;37.085
87;2;30;1:48.917;0;;34.708;0;37.089;0;37.120;0;191.5;1:12:20.124;17:11:51.388;0:34.708;0:37.089;0:37.120;265;Piana;;GT3;;Winward Racing;Mercedes-AMG;GF;34.708;37.089;37.120
87;2;31;1:48.424;0;;34.707;0;36.893;0;36.824;0;192.3;1:14:08.548;17:13:39.812;0:34.707;0:36.893;0:36.824;264;Piana;;GT3;;Winward Racing;Mercedes-AMG;GF;34.707;36.893;36.824
87;2;32;1:48.202;0;;34.544;0;36.815;0;36.843;0;192.7;1:15:56.750;17:15:28.014;0:34.544;0:36.815;0:36.843;267;Piana;;GT3;;Winward Racing;Mercedes-AMG;GF;34.544;36.815;36.843
87;2;33;1:48.041;0;B;34.438;0;36.805;0;36.798;0;193.0;1:17:44.791;17:17:16.055;0:34.438;0:36.805;0:36.798;267;Piana;;GT3;;Winward Racing;Mercedes-AMG;GF;34.438;36.805;36.798
87;2;34;1:58.077;0;;34.413;0;36.736;0;46.928;0;176.6;1:19:42.868;17:19:14.132;0:34.413;0:36.736;0:46.928;267;Piana;;GT3;;Winward Racing;Mercedes-AMG;FCY;34.413;36.736;46.928
87;2;35;2:21.366;0;;1:07.669;0;36.915;0;36.782;0;147.5;1:22:04.234;17:21:35.498;1:07.669;0:36.915;0:36.782;78;Piana;;GT3;;Winward Racing;Mercedes-AMG;GF;67.669;36.915;36.782
87;2;36;1:48.060;0;;34.366;0;36.930;0;36.764;0;193.0;1:23:52.294;17:23:23.558;0:34.366;0:36.930;0:36.764;267;Piana;;GT3;;Winward Racing;Mercedes-AMG;GF;34.366;36.930;36.764
87;2;37;1:47.719;1;;34.333;0;36.707;0;36.679;0;193.6;1:25:40.013;17:25:11.277;0:34.333;0:36.707;0:36.679;267;Piana;;GT3;;Winward Racing;Mercedes-AMG;GF;34.333;36.707;36.679
87;2;38;1:47.589;1;;34.330;0;36.614;1;36.645;0;193.8;1:27:27.602;17:26:58.866;0:34.330;0:36.614;0:36.645;269;Piana;;GT3;;Winward Racing;Mercedes-AMG;GF;34.330;36.614;36.645
87;2;39;1:47.795;0;;34.318;0;36.776;0;36.701;0;193.5;1:29:15.397;17:28:46.661;0:34.318;0:36.776;0:36.701;267;Piana;;GT3;;Winward Racing;Mercedes-AMG;GF;34.318;36.776;36.701
87;2;40;1:48.345;0;;34.212;1;36.894;0;37.239;0;192.5;1:31:03.742;17:30:35.006;0:34.212;0:36.894;0:37.239;269;Piana;;GT3;;Winward Racing;Mercedes-AMG;GF;34.212;36.894;37.239
87;2;41;1:47.840;0;;34.409;0;36.693;0;36.738;0;193.4;1:32:51.582;17:32:22.846;0:34.409;0:36.693;0:36.738;267;Piana;;GT3;;Winward Racing;Mercedes-AMG;GF;34.409;36.693;36.738
87;2;42;1:48.381;0;;34.363;0;36.761;0;37.257;0;192.4;1:34:39.963;17:34:11.227;0:34.363;0:36.761;0:37.257;268;Piana;;GT3;;Winward Racing;Mercedes-AMG;GF;34.363;36.761;37.257
87;2;43;3:15.532;0;;34.390;0;1:08.775;0;1:32.367;0;106.7;1:37:55.495;17:37:26.759;0:34.390;1:08.775;1:32.367;269;Piana;;GT3;;Winward Racing;Mercedes-AMG;FCY;34.390;68.775;92.367
87;2;44;4:23.723;0;;1:26.488;0;1:21.891;0;1:35.344;0;79.1;1:42:19.218;17:41:50.482;1:26.488;1:21.891;1:35.344;;Piana;;GT3;;Winward Racing;Mercedes-AMG;FCY;86.488;81.891;95.344
87;1;45;4:28.286;0;;2:27.565;0;1:20.205;0;40.516;0;77.7;1:46:47.504;17:46:18.768;2:27.565;1:20.205;0:40.516;78;Dienst;;GT3;;Winward Racing;Mercedes-AMG;SC;147.565;80.205;40.516
87;1;46;2:50.712;0;;36.089;0;1:05.538;0;1:09.085;0;122.2;1:49:38.216;17:49:09.480;0:36.089;1:05.538;1:09.085;248;Dienst;;GT3;;Winward Racing;Mercedes-AMG;SC;36.089;65.538;69.085
87;1;47;2:58.491;0;;1:06.808;0;55.556;0;56.127;0;116.8;1:52:36.707;17:52:07.971;1:06.808;0:55.556;0:56.127;99;Dienst;;GT3;;Winward Racing;Mercedes-AMG;GF;66.808;55.556;56.127
87;1;48;1:50.214;0;;35.114;0;37.502;0;37.598;0;189.2;1:54:26.921;17:53:58.185;0:35.114;0:37.502;0:37.598;258;Dienst;;GT3;;Winward Racing;Mercedes-AMG;GF;35.114;37.502;37.598
87;1;49;1:49.689;0;;35.149;0;37.334;0;37.206;0;190.1;1:56:16.610;17:55:47.874;0:35.149;0:37.334;0:37.206;265;Dienst;;GT3;;Winward Racing;Mercedes-AMG;GF;35.149;37.334;37.206
87;1;50;1:48.626;0;;34.562;0;37.248;0;36.816;0;192.0;1:58:05.236;17:57:36.500;0:34.562;0:37.248;0:36.816;270;Dienst;;GT3;;Winward Racing;Mercedes-AMG;GF;34.562;37.248;36.816
87;1;51;1:48.040;0;;34.400;0;36.717;0;36.923;0;193.0;1:59:53.276;17:59:24.540;0:34.400;0:36.717;0:36.923;270;Dienst;;GT3;;Winward Racing;Mercedes-AMG;GF;34.400;36.717;36.923
87;1;52;1:47.940;0;;34.340;0;36.626;0;36.974;0;193.2;2:01:41.216;18:01:12.480;0:34.340;0:36.626;0:36.974;269;Dienst;;GT3;;Winward Racing;Mercedes-AMG;GF;34.340;36.626;36.974
87;1;53;1:47.811;0;;34.522;0;36.571;1;36.718;0;193.4;2:03:29.027;18:03:00.291;0:34.522;0:36.571;0:36.718;267;Dienst;;GT3;;Winward Racing;Mercedes-AMG;GF;34.522;36.571;36.718
87;1;54;1:47.533;1;;34.364;0;36.591;0;36.578;1;193.9;2:05:16.560;18:04:47.824;0:34.364;0:36.591;0:36.578;267;Dienst;;GT3;;Winward Racing;Mercedes-AMG;GF;34.364;36.591;36.578
87;1;55;1:47.837;0;;34.379;0;36.687;0;36.771;0;193.4;2:07:04.397;18:06:35.661;0:34.379;0:36.687;0:36.771;267;Dienst;;GT3;;Winward Racing;Mercedes-AMG;GF;34.379;36.687;36.771
87;1;56;1:47.826;0;B;34.391;0;36.629;0;36.806;0;193.4;2:08:52.223;18:08:23.487;0:34.391;0:36.629;0:36.806;267;Dienst;;GT3;;Winward Racing;Mercedes-AMG;GF;34.391;36.629;36.806
87;1;57;1:48.043;0;;34.608;0;36.821;0;36.614;0;193.0;2:10:40.266;18:10:11.530;0:34.608;0:36.821;0:36.614;265;Dienst;;GT3;;Winward Racing;Mercedes-AMG;GF;34.608;36.821;36.614
87;1;58;1:47.970;0;;34.398;0;36.713;0;36.859;0;193.2;2:12:28.236;18:11:59.500;0:34.398;0:36.713;0:36.859;270;Dienst;;GT3;;Winward Racing;Mercedes-AMG;GF;34.398;36.713;36.859
87;1;59;1:47.440;1;;34.240;0;36.617;0;36.583;0;194.1;2:14:15.676;18:13:46.940;0:34.240;0:36.617;0:36.583;272;Dienst;;GT3;;Winward Racing;Mercedes-AMG;GF;34.240;36.617;36.583
87;1;60;1:47.727;0;;34.369;0;36.635;0;36.723;0;193.6;2:16:03.403;18:15:34.667;0:34.369;0:36.635;0:36.723;270;Dienst;;GT3;;Winward Racing;Mercedes-AMG;GF;34.369;36.635;36.723
87;1;61;1:47.446;0;;34.193;1;36.553;1;36.700;0;194.1;2:17:50.849;18:17:22.113;0:34.193;0:36.553;0:36.700;272;Dienst;;GT3;;Winward Racing;Mercedes-AMG;GF;34.193;36.553;36.700
87;1;62;1:48.063;0;;34.337;0;36.653;0;37.073;0;193.0;2:19:38.912;18:19:10.176;0:34.337;0:36.653;0:37.073;269;Dienst;;GT3;;Winward Racing;Mercedes-AMG;GF;34.337;36.653;37.073
87;1;63;1:47.468;0;;34.423;0;36.491;1;36.554;1;194.1;2:21:26.380;18:20:57.644;0:34.423;0:36.491;0:36.554;269;Dienst;;GT3;;Winward Racing;Mercedes-AMG;GF;34.423;36.491;36.554
87;1;64;1:47.661;0;;34.319;0;36.758;0;36.584;0;193.7;2:23:14.041;18:22:45.305;0:34.319;0:36.758;0:36.584;271;Dienst;;GT3;;Winward Racing;Mercedes-AMG;GF;34.319;36.758;36.584
87;1;65;1:47.434;1;;34.251;0;36.605;0;36.578;0;194.1;2:25:01.475;18:24:32.739;0:34.251;0:36.605;0:36.578;272;Dienst;;GT3;;Winward Racing;Mercedes-AMG;GF;34.251;36.605;36.578
87;1;66;1:47.115;1;;34.189;1;36.240;1;36.686;0;194.7;2:26:48.590;18:26:19.854;0:34.189;0:36.240;0:36.686;272;Dienst;;GT3;;Winward Racing;Mercedes-AMG;GF;34.189;36.240;36.686
87;1;67;1:47.782;0;;34.296;0;36.623;0;36.863;0;193.5;2:28:36.372;18:28:07.636;0:34.296;0:36.623;0:36.863;273;Dienst;;GT3;;Winward Racing;Mercedes-AMG;GF;34.296;36.623;36.863
87;1;68;1:47.403;0;;34.219;0;36.721;0;36.463;1;194.2;2:30:23.775;18:29:55.039;0:34.219;0:36.721;0:36.463;273;Dienst;;GT3;;Winward Racing;Mercedes-AMG;GF;34.219;36.721;36.463
87;1;69;1:47.548;0;;34.052;1;36.814;0;36.682;0;193.9;2:32:11.323;18:31:42.587;0:34.052;0:36.814;0:36.682;272;Dienst;;GT3;;Winward Racing;Mercedes-AMG;GF;34.052;36.814;36.682
87;1;70;1:47.945;0;;34.345;0;37.066;0;36.534;0;193.2;2:33:59.268;18:33:30.532;0:34.345;0:37.066;0:36.534;272;Dienst;;GT3;;Winward Racing;Mercedes-AMG;GF;34.345;37.066;36.534
87;1;71;1:48.179;0;;34.941;0;36.750;0;36.488;0;192.8;2:35:47.447;18:35:18.711;0:34.941;0:36.750;0:36.488;271;Dienst;;GT3;;Winward Racing;Mercedes-AMG;GF;34.941;36.750;36.488
87;1;72;1:48.829;0;;34.259;0;36.621;0;37.949;0;191.6;2:37:36.276;18:37:07.540;0:34.259;0:36.621;0:37.949;269;Dienst;;GT3;;Winward Racing;Mercedes-AMG;GF;34.259;36.621;37.949
87;1;73;3:28.342;0;;35.112;0;1:17.857;0;1:35.373;0;100.1;2:41:04.618;18:40:35.882;0:35.112;1:17.857;1:35.373;;Dienst;;GT3;;Winward Racing;Mercedes-AMG;FCY;35.112;77.857;95.373
87;1;74;5:24.401;0;;2:29.566;0;1:22.129;0;1:32.706;0;64.3;2:46:29.019;18:46:00.283;2:29.566;1:22.129;1:32.706;78;Dienst;;GT3;;Winward Racing;Mercedes-AMG;FCY;149.566;82.129;92.706
87;1;75;3:41.162;0;;1:27.007;0;1:05.373;0;1:08.782;0;94.3;2:50:10.181;18:49:41.445;1:27.007;1:05.373;1:08.782;78;Dienst;;GT3;;Winward Racing;Mercedes-AMG;SC;87.007;65.373;68.782
87;1;76;2:52.818;0;;1:04.224;0;49.973;0;58.621;0;120.7;2:53:02.999;18:52:34.263;1:04.224;0:49.973;0:58.621;106;Dienst;;GT3;;Winward Racing;Mercedes-AMG;GF;64.224;49.973;58.621
87;1;77;1:52.245;0;;35.887;0;38.888;0;37.470;0;185.8;2:54:55.244;18:54:26.508;0:35.887;0:38.888;0:37.470;265;Dienst;;GT3;;Winward Racing;Mercedes-AMG;GF;35.887;38.888;37.470
88;3;1;2:57.020;1;;48.387;1;48.871;1;1:19.762;1;117.8;2:57.020;16:02:28.284;0:48.387;0:48.871;1:19.762;175;Tweraser;;GT3;;Tresor Attempto Racing;Audi;SC;48.387;48.871;79.762
88;3;2;4:28.386;0;;1:48.565;0;1:20.282;0;1:19.539;1;77.7;7:25.406;16:06:56.670;1:48.565;1:20.282;1:19.539;108;Tweraser;;GT3;;Tresor Attempto Racing;Audi;SC;108.565;80.282;79.539
88;3;3;3:19.221;0;;1:18.791;0;1:04.862;0;55.568;1;104.7;10:44.627;16:10:15.891;1:18.791;1:04.862;0:55.568;27;Tweraser;;GT3;;Tresor Attempto Racing;Audi;SC;78.791;64.862;55.568
88;3;4;2:45.556;1;;1:04.601;0;54.322;0;46.633;1;126.0;13:30.183;16:13:01.447;1:04.601;0:54.322;0:46.633;71;Tweraser;;GT3;;Tresor Attempto Racing;Audi;SC;64.601;54.322;46.633
88;3;5;2:32.094;1;;40.646;1;55.500;0;55.948;0;137.1;16:02.277;16:15:33.541;0:40.646;0:55.500;0:55.948;;Tweraser;;GT3;;Tresor Attempto Racing;Audi;SC;40.646;55.500;55.948
88;3;6;3:07.219;0;;1:51.447;0;37.958;1;37.814;1;111.4;19:09.496;16:18:40.760;1:51.447;0:37.958;0:37.814;202;Tweraser;;GT3;;Tresor Attempto Racing;Audi;GF;111.447;37.958;37.814
88;3;7;1:49.265;1;;34.924;1;37.195;1;37.146;1;190.9;20:58.761;16:20:30.025;0:34.924;0:37.195;0:37.146;264;Tweraser;;GT3;;Tresor Attempto Racing;Audi;GF;34.924;37.195;37.146
88;3;8;1:48.408;1;;34.507;1;36.860;1;37.041;1;192.4;22:47.169;16:22:18.433;0:34.507;0:36.860;0:37.041;269;Tweraser;;GT3;;Tresor Attempto Racing;Audi;GF;34.507;36.860;37.041
88;3;9;1:48.974;0;;34.825;0;36.850;1;37.299;0;191.4;24:36.143;16:24:07.407;0:34.825;0:36.850;0:37.299;269;Tweraser;;GT3;;Tresor Attempto Racing;Audi;GF;34.825;36.850;37.299
88;3;10;1:48.917;0;;34.627;0;36.853;0;37.437;0;191.5;26:25.060;16:25:56.324;0:34.627;0:36.853;0:37.437;269;Tweraser;;GT3;;Tresor Attempto Racing;Audi;GF;34.627;36.853;37.437
88;3;11;1:49.966;0;;34.950;0;37.698;0;37.318;0;189.6;28:15.026;16:27:46.290;0:34.950;0:37.698;0:37.318;258;Tweraser;;GT3;;Tresor Attempto Racing;Audi;GF;34.950;37.698;37.318
88;3;12;1:48.244;1;;34.416;1;36.855;0;36.973;1;192.7;30:03.270;16:29:34.534;0:34.416;0:36.855;0:36.973;273;Tweraser;;GT3;;Tresor Attempto Racing;Audi;GF;34.416;36.855;36.973
88;3;13;1:49.756;0;;34.589;0;36.848;1;38.319;0;190.0;31:53.026;16:31:24.290;0:34.589;0:36.848;0:38.319;274;Tweraser;;GT3;;Tresor Attempto Racing;Audi;GF;34.589;36.848;38.319
88;3;14;1:48.829;0;;34.593;0;37.284;0;36.952;1;191.6;33:41.855;16:33:13.119;0:34.593;0:37.284;0:36.952;270;Tweraser;;GT3;;Tresor Attempto Racing;Audi;GF;34.593;37.284;36.952
88;3;15;1:48.916;0;;34.508;0;37.173;0;37.235;0;191.5;35:30.771;16:35:02.035;0:34.508;0:37.173;0:37.235;268;Tweraser;;GT3;;Tresor Attempto Racing;Audi;GF;34.508;37.173;37.235
88;3;16;1:48.395;0;;34.524;0;36.926;0;36.945;1;192.4;37:19.166;16:36:50.430;0:34.524;0:36.926;0:36.945;267;Tweraser;;GT3;;Tresor Attempto Racing;Audi;GF;34.524;36.926;36.945
88;3;17;1:48.579;0;;34.593;0;37.046;0;36.940;1;192.1;39:07.745;16:38:39.009;0:34.593;0:37.046;0:36.940;269;Tweraser;;GT3;;Tresor Attempto Racing;Audi;GF;34.593;37.046;36.940
88;3;18;1:48.367;0;;34.623;0;36.734;1;37.010;0;192.4;40:56.112;16:40:27.376;0:34.623;0:36.734;0:37.010;269;Tweraser;;GT3;;Tresor Attempto Racing;Audi;GF;34.623;36.734;37.010
88;3;19;1:48.173;1;;34.501;0;36.743;0;36.929;1;192.8;42:44.285;16:42:15.549;0:34.501;0:36.743;0:36.929;269;Tweraser;;GT3;;Tresor Attempto Racing;Audi;GF;34.501;36.743;36.929
88;3;20;1:47.566;1;;34.292;1;36.454;1;36.820;1;193.9;44:31.851;16:44:03.115;0:34.292;0:36.454;0:36.820;269;Tweraser;;GT3;;Tresor Attempto Racing;Audi;GF;34.292;36.454;36.820
88;3;21;1:48.520;0;;34.432;0;36.706;0;37.382;0;192.2;46:20.371;16:45:51.635;0:34.432;0:36.706;0:37.382;269;Tweraser;;GT3;;Tresor Attempto Racing;Audi;GF;34.432;36.706;37.382
88;3;22;1:48.589;0;;34.456;0;36.832;0;37.301;0;192.1;48:08.960;16:47:40.224;0:34.456;0:36.832;0:37.301;271;Tweraser;;GT3;;Tresor Attempto Racing;Audi;GF;34.456;36.832;37.301
88;3;23;1:58.785;0;;36.545;0;36.862;0;45.378;0;175.6;50:07.745;16:49:39.009;0:36.545;0:36.862;0:45.378;269;Tweraser;;GT3;;Tresor Attempto Racing;Audi;FCY;36.545;36.862;45.378
88;3;24;4:25.234;0;;1:26.764;0;1:22.560;0;1:35.910;0;78.6;54:32.979;16:54:04.243;1:26.764;1:22.560;1:35.910;;Tweraser;;GT3;;Tresor Attempto Racing;Audi;FCY;86.764;82.560;95.910
88;1;25;5:35.001;0;;2:38.891;0;1:22.655;0;1:33.455;0;62.3;1:00:07.980;16:59:39.244;2:38.891;1:22.655;1:33.455;78;Schreiner;;GT3;;Tresor Attempto Racing;Audi;GF;158.891;82.655;93.455
88;1;26;4:24.019;0;B;1:27.655;0;1:22.824;0;1:33.540;0;79.0;1:04:31.999;17:04:03.263;1:27.655;1:22.824;1:33.540;78;Schreiner;;GT3;;Tresor Attempto Racing;Audi;SC;87.655;82.824;93.540
88;1;27;2:03.069;0;;44.573;0;39.659;0;38.837;0;169.5;1:06:35.068;17:06:06.332;0:44.573;0:39.659;0:38.837;199;Schreiner;;GT3;;Tresor Attempto Racing;Audi;SC;44.573;39.659;38.837
88;1;28;2:22.625;0;;51.795;0;52.439;0;38.391;0;146.2;1:08:57.693;17:08:28.957;0:51.795;0:52.439;0:38.391;129;Schreiner;;GT3;;Tresor Attempto Racing;Audi;GF;51.795;52.439;38.391
88;1;29;1:49.418;0;;34.798;0;37.175;0;37.445;0;190.6;1:10:47.111;17:10:18.375;0:34.798;0:37.175;0:37.445;265;Schreiner;;GT3;;Tresor Attempto Racing;Audi;GF;34.798;37.175;37.445
88;1;30;1:48.830;0;;34.906;0;37.013;0;36.911;0;191.6;1:12:35.941;17:12:07.205;0:34.906;0:37.013;0:36.911;268;Schreiner;;GT3;;Tresor Attempto Racing;Audi;GF;34.906;37.013;36.911
88;1;31;1:50.539;0;;35.465;0;37.611;0;37.463;0;188.7;1:14:26.480;17:13:57.744;0:35.465;0:37.611;0:37.463;246;Schreiner;;GT3;;Tresor Attempto Racing;Audi;GF;35.465;37.611;37.463
88;1;32;1:48.882;0;;34.981;0;36.746;0;37.155;0;191.5;1:16:15.362;17:15:46.626;0:34.981;0:36.746;0:37.155;261;Schreiner;;GT3;;Tresor Attempto Racing;Audi;GF;34.981;36.746;37.155
88;1;33;1:48.797;0;;34.810;0;37.018;0;36.969;0;191.7;1:18:04.159;17:17:35.423;0:34.810;0:37.018;0:36.969;267;Schreiner;;GT3;;Tresor Attempto Racing;Audi;GF;34.810;37.018;36.969
88;1;34;2:28.219;0;;34.492;0;36.606;0;1:17.121;0;140.7;1:20:32.378;17:20:03.642;0:34.492;0:36.606;1:17.121;268;Schreiner;;GT3;;Tresor Attempto Racing;Audi;FCY;34.492;36.606;77.121
88;1;35;1:56.248;0;;42.237;0;37.088;0;36.923;0;179.4;1:22:28.626;17:21:59.890;0:42.237;0:37.088;0:36.923;233;Schreiner;;GT3;;Tresor Attempto Racing;Audi;GF;42.237;37.088;36.923
88;1;36;1:50.264;0;;34.868;0;38.166;0;37.230;0;189.1;1:24:18.890;17:23:50.154;0:34.868;0:38.166;0:37.230;262;Schreiner;;GT3;;Tresor Attempto Racing;Audi;GF;34.868;38.166;37.230
88;1;37;1:48.565;0;;34.473;0;37.003;0;37.089;0;192.1;1:26:07.455;17:25:38.719;0:34.473;0:37.003;0:37.089;266;Schreiner;;GT3;;Tresor Attempto Racing;Audi;GF;34.473;37.003;37.089
88;1;38;1:48.048;0;;34.573;0;36.793;0;36.682;1;193.0;1:27:55.503;17:27:26.767;0:34.573;0:36.793;0:36.682;267;Schreiner;;GT3;;Tresor Attempto Racing;Audi;GF;34.573;36.793;36.682
88;1;39;1:49.162;0;;34.873;0;37.512;0;36.777;0;191.0;1:29:44.665;17:29:15.929;0:34.873;0:37.512;0:36.777;265;Schreiner;;GT3;;Tresor Attempto Racing;Audi;GF;34.873;37.512;36.777
88;1;40;1:48.472;0;;34.534;0;36.671;0;37.267;0;192.3;1:31:33.137;17:31:04.401;0:34.534;0:36.671;0:37.267;269;Schreiner;;GT3;;Tresor Attempto Racing;Audi;GF;34.534;36.671;37.267
88;1;41;1:49.279;0;;34.898;0;37.139;0;37.242;0;190.8;1:33:22.416;17:32:53.680;0:34.898;0:37.139;0:37.242;264;Schreiner;;GT3;;Tresor Attempto Racing;Audi;GF;34.898;37.139;37.242
88;1;42;1:48.411;0;;34.562;0;36.784;0;37.065;0;192.4;1:35:10.827;17:34:42.091;0:34.562;0:36.784;0:37.065;264;Schreiner;;GT3;;Tresor Attempto Racing;Audi;GF;34.562;36.784;37.065
88;1;43;3:58.624;0;;59.222;0;1:22.880;0;1:36.522;0;87.4;1:39:09.451;17:38:40.715;0:59.222;1:22.880;1:36.522;;Schreiner;;GT3;;Tresor Attempto Racing;Audi;FCY;59.222;82.880;96.522
88;1;44;4:47.659;0;;1:51.437;0;1:22.841;0;1:33.381;0;72.5;1:43:57.110;17:43:28.374;1:51.437;1:22.841;1:33.381;78;Schreiner;;GT3;;Tresor Attempto Racing;Audi;FCY;111.437;82.841;93.381
88;1;45;3:14.524;0;;1:27.828;0;1:01.243;0;45.453;0;107.2;1:47:11.634;17:46:42.898;1:27.828;1:01.243;0:45.453;78;Schreiner;;GT3;;Tresor Attempto Racing;Audi;SC;87.828;61.243;45.453
88;1;46;2:42.880;0;;38.214;0;56.555;0;1:08.111;0;128.0;1:49:54.514;17:49:25.778;0:38.214;0:56.555;1:08.111;204;Schreiner;;GT3;;Tresor Attempto Racing;Audi;SC;38.214;56.555;68.111
88;1;47;2:51.495;0;;1:06.192;0;56.267;0;49.036;0;121.6;1:52:46.009;17:52:17.273;1:06.192;0:56.267;0:49.036;63;Schreiner;;GT3;;Tresor Attempto Racing;Audi;GF;66.192;56.267;49.036
88;1;48;1:49.193;0;;34.789;0;37.005;0;37.399;0;191.0;1:54:35.202;17:54:06.466;0:34.789;0:37.005;0:37.399;261;Schreiner;;GT3;;Tresor Attempto Racing;Audi;GF;34.789;37.005;37.399
88;1;49;1:51.495;0;;36.249;0;38.187;0;37.059;0;187.0;1:56:26.697;17:55:57.961;0:36.249;0:38.187;0:37.059;270;Schreiner;;GT3;;Tresor Attempto Racing;Audi;GF;36.249;38.187;37.059
88;1;50;1:48.517;0;;34.750;0;36.950;0;36.817;0;192.2;1:58:15.214;17:57:46.478;0:34.750;0:36.950;0:36.817;249;Schreiner;;GT3;;Tresor Attempto Racing;Audi;GF;34.750;36.950;36.817
88;1;51;1:50.325;0;;35.167;0;37.537;0;37.621;0;189.0;2:00:05.539;17:59:36.803;0:35.167;0:37.537;0:37.621;267;Schreiner;;GT3;;Tresor Attempto Racing;Audi;GF;35.167;37.537;37.621
88;1;52;1:48.715;0;;34.320;0;36.967;0;37.428;0;191.8;2:01:54.254;18:01:25.518;0:34.320;0:36.967;0:37.428;267;Schreiner;;GT3;;Tresor Attempto Racing;Audi;GF;34.320;36.967;37.428
88;1;53;1:48.241;0;;34.315;0;36.896;0;37.030;0;192.7;2:03:42.495;18:03:13.759;0:34.315;0:36.896;0:37.030;272;Schreiner;;GT3;;Tresor Attempto Racing;Audi;GF;34.315;36.896;37.030
88;1;54;1:48.045;0;B;34.417;0;36.772;0;36.856;0;193.0;2:05:30.540;18:05:01.804;0:34.417;0:36.772;0:36.856;253;Schreiner;;GT3;;Tresor Attempto Racing;Audi;GF;34.417;36.772;36.856
88;1;55;1:58.923;0;;35.384;0;36.886;0;46.653;0;175.4;2:07:29.463;18:07:00.727;0:35.384;0:36.886;0:46.653;;Schreiner;;GT3;;Tresor Attempto Racing;Audi;GF;35.384;36.886;46.653
88;2;56;3:03.165;0;;1:48.033;0;37.731;0;37.401;0;113.9;2:10:32.628;18:10:03.892;1:48.033;0:37.731;0:37.401;204;Amato;;GT3;;Tresor Attempto Racing;Audi;GF;108.033;37.731;37.401
88;2;57;1:48.680;0;;34.593;0;37.002;0;37.085;0;191.9;2:12:21.308;18:11:52.572;0:34.593;0:37.002;0:37.085;269;Amato;;GT3;;Tresor Attempto Racing;Audi;GF;34.593;37.002;37.085
88;2;58;1:48.370;0;;34.491;0;36.858;0;37.021;0;192.4;2:14:09.678;18:13:40.942;0:34.491;0:36.858;0:37.021;268;Amato;;GT3;;Tresor Attempto Racing;Audi;GF;34.491;36.858;37.021
88;2;59;1:48.060;0;;34.402;0;36.657;0;37.001;0;193.0;2:15:57.738;18:15:29.002;0:34.402;0:36.657;0:37.001;269;Amato;;GT3;;Tresor Attempto Racing;Audi;GF;34.402;36.657;37.001
88;2;60;1:49.120;0;;34.789;0;37.350;0;36.981;0;191.1;2:17:46.858;18:17:18.122;0:34.789;0:37.350;0:36.981;269;Amato;;GT3;;Tresor Attempto Racing;Audi;GF;34.789;37.350;36.981
88;2;61;1:52.418;0;;34.679;0;39.918;0;37.821;0;185.5;2:19:39.276;18:19:10.540;0:34.679;0:39.918;0:37.821;269;Amato;;GT3;;Tresor Attempto Racing;Audi;GF;34.679;39.918;37.821
88;2;62;1:48.061;0;;34.338;0;36.810;0;36.913;0;193.0;2:21:27.337;18:20:58.601;0:34.338;0:36.810;0:36.913;270;Amato;;GT3;;Tresor Attempto Racing;Audi;GF;34.338;36.810;36.913
88;2;63;1:55.603;0;;34.851;0;43.423;0;37.329;0;180.4;2:23:22.940;18:22:54.204;0:34.851;0:43.423;0:37.329;245;Amato;;GT3;;Tresor Attempto Racing;Audi;GF;34.851;43.423;37.329
88;2;64;1:47.747;0;;34.288;1;36.626;0;36.833;0;193.6;2:25:10.687;18:24:41.951;0:34.288;0:36.626;0:36.833;267;Amato;;GT3;;Tresor Attempto Racing;Audi;GF;34.288;36.626;36.833
88;2;65;1:47.481;1;;34.240;1;36.538;0;36.703;0;194.0;2:26:58.168;18:26:29.432;0:34.240;0:36.538;0:36.703;267;Amato;;GT3;;Tresor Attempto Racing;Audi;GF;34.240;36.538;36.703
88;2;66;1:47.657;0;;34.244;0;36.551;0;36.862;0;193.7;2:28:45.825;18:28:17.089;0:34.244;0:36.551;0:36.862;268;Amato;;GT3;;Tresor Attempto Racing;Audi;GF;34.244;36.551;36.862
88;2;67;1:47.869;0;;34.423;0;36.602;0;36.844;0;193.3;2:30:33.694;18:30:04.958;0:34.423;0:36.602;0:36.844;268;Amato;;GT3;;Tresor Attempto Racing;Audi;GF;34.423;36.602;36.844
88;2;68;1:47.626;0;;34.244;0;36.501;0;36.881;0;193.8;2:32:21.320;18:31:52.584;0:34.244;0:36.501;0:36.881;267;Amato;;GT3;;Tresor Attempto Racing;Audi;GF;34.244;36.501;36.881
88;2;69;1:48.040;0;;34.634;0;36.596;0;36.810;0;193.0;2:34:09.360;18:33:40.624;0:34.634;0:36.596;0:36.810;268;Amato;;GT3;;Tresor Attempto Racing;Audi;GF;34.634;36.596;36.810
88;2;70;1:48.473;0;;34.333;0;37.045;0;37.095;0;192.3;2:35:57.833;18:35:29.097;0:34.333;0:37.045;0:37.095;269;Amato;;GT3;;Tresor Attempto Racing;Audi;GF;34.333;37.045;37.095
88;2;71;1:51.361;0;;34.287;0;39.401;0;37.673;0;187.3;2:37:49.194;18:37:20.458;0:34.287;0:39.401;0:37.673;268;Amato;;GT3;;Tresor Attempto Racing;Audi;GF;34.287;39.401;37.673
88;2;72;3:49.918;0;;54.139;0;1:22.434;0;1:33.345;0;90.7;2:41:39.112;18:41:10.376;0:54.139;1:22.434;1:33.345;265;Amato;;GT3;;Tresor Attempto Racing;Audi;FCY;54.139;82.434;93.345
88;2;73;4:23.108;0;;1:27.324;0;1:22.489;0;1:33.295;0;79.3;2:46:02.220;18:45:33.484;1:27.324;1:22.489;1:33.295;78;Amato;;GT3;;Tresor Attempto Racing;Audi;FCY;87.324;82.489;93.295
88;2;74;3:12.454;0;;1:27.279;0;59.185;0;45.990;0;108.4;2:49:14.674;18:48:45.938;1:27.279;0:59.185;0:45.990;78;Amato;;GT3;;Tresor Attempto Racing;Audi;SC;87.279;59.185;45.990
88;2;75;1:56.633;0;;38.070;0;39.098;0;39.465;0;178.8;2:51:11.307;18:50:42.571;0:38.070;0:39.098;0:39.465;160;Amato;;GT3;;Tresor Attempto Racing;Audi;SC;38.070;39.098;39.465
88;2;76;2:05.224;0;;37.905;0;47.076;0;40.243;0;166.5;2:53:16.531;18:52:47.795;0:37.905;0:47.076;0:40.243;245;Amato;;GT3;;Tresor Attempto Racing;Audi;GF;37.905;47.076;40.243
88;2;77;1:53.166;0;;34.967;0;38.759;0;39.440;0;184.3;2:55:09.697;18:54:40.961;0:34.967;0:38.759;0:39.440;262;Amato;;GT3;;Tresor Attempto Racing;Audi;GF;34.967;38.759;39.440
88;2;78;2:09.184;0;;37.741;0;49.059;0;42.384;0;161.4;2:57:18.881;18:56:50.145;0:37.741;0:49.059;0:42.384;214;Amato;;GT3;;Tresor Attempto Racing;Audi;GF;37.741;49.059;42.384
88;2;79;4:12.800;0;;1:35.255;0;1:24.768;0;1:12.777;0;82.5;3:01:31.681;19:01:02.945;1:35.255;1:24.768;1:12.777;17;Amato;;GT3;;Tresor Attempto Racing;Audi;GF;95.255;84.768;72.777
89;2;1;3:03.331;1;;51.212;1;51.223;1;1:20.896;1;113.8;3:03.331;16:02:34.595;0:51.212;0:51.223;1:20.896;;Mardini;;GT3;;Lionspeed GP;Porsche;SC;51.212;51.223;80.896
89;2;2;4:46.486;0;;2:05.911;0;1:19.044;0;1:21.531;0;72.8;7:49.817;16:07:21.081;2:05.911;1:19.044;1:21.531;;Mardini;;GT3;;Lionspeed GP;Porsche;SC;125.911;79.044;81.531
89;2;3;3:18.711;0;;1:31.255;0;49.098;1;58.358;1;105.0;11:08.528;16:10:39.792;1:31.255;0:49.098;0:58.358;;Mardini;;GT3;;Lionspeed GP;Porsche;SC;91.255;49.098;58.358
89;2;4;2:42.036;1;B;1:06.029;0;43.451;1;52.556;1;128.7;13:50.564;16:13:21.828;1:06.029;0:43.451;0:52.556;;Mardini;;GT3;;Lionspeed GP;Porsche;SC;66.029;43.451;52.556
89;2;5;2:22.354;1;;1:06.410;0;37.840;1;38.104;1;146.5;16:12.918;16:15:44.182;1:06.410;0:37.840;0:38.104;202;Mardini;;GT3;;Lionspeed GP;Porsche;SC;66.410;37.840;38.104
89;2;6;2:34.634;0;;50.560;1;55.479;0;48.595;0;134.9;18:47.552;16:18:18.816;0:50.560;0:55.479;0:48.595;109;Mardini;;GT3;;Lionspeed GP;Porsche;GF;50.560;55.479;48.595
89;2;7;1:54.038;1;;35.659;1;38.517;0;39.862;0;182.9;20:41.590;16:20:12.854;0:35.659;0:38.517;0:39.862;267;Mardini;;GT3;;Lionspeed GP;Porsche;GF;35.659;38.517;39.862
89;2;8;1:52.207;1;;36.022;0;37.899;0;38.286;0;185.9;22:33.797;16:22:05.061;0:36.022;0:37.899;0:38.286;265;Mardini;;GT3;;Lionspeed GP;Porsche;GF;36.022;37.899;38.286
89;2;9;1:51.350;1;;34.876;1;37.920;0;38.554;0;187.3;24:25.147;16:23:56.411;0:34.876;0:37.920;0:38.554;265;Mardini;;GT3;;Lionspeed GP;Porsche;GF;34.876;37.920;38.554
89;2;10;1:50.895;1;;35.296;0;37.612;1;37.987;1;188.1;26:16.042;16:25:47.306;0:35.296;0:37.612;0:37.987;262;Mardini;;GT3;;Lionspeed GP;Porsche;GF;35.296;37.612;37.987
89;2;11;1:53.308;0;;35.616;0;39.452;0;38.240;0;184.1;28:09.350;16:27:40.614;0:35.616;0:39.452;0:38.240;263;Mardini;;GT3;;Lionspeed GP;Porsche;GF;35.616;39.452;38.240
89;2;12;1:50.016;1;;34.975;0;37.731;0;37.310;1;189.6;29:59.366;16:29:30.630;0:34.975;0:37.731;0:37.310;265;Mardini;;GT3;;Lionspeed GP;Porsche;GF;34.975;37.731;37.310
89;2;13;1:48.975;1;;34.607;1;37.164;1;37.204;1;191.4;31:48.341;16:31:19.605;0:34.607;0:37.164;0:37.204;265;Mardini;;GT3;;Lionspeed GP;Porsche;GF;34.607;37.164;37.204
89;2;14;1:48.715;1;;34.560;1;37.004;1;37.151;1;191.8;33:37.056;16:33:08.320;0:34.560;0:37.004;0:37.151;265;Mardini;;GT3;;Lionspeed GP;Porsche;GF;34.560;37.004;37.151
89;2;15;1:49.622;0;;34.618;0;37.169;0;37.835;0;190.2;35:26.678;16:34:57.942;0:34.618;0:37.169;0:37.835;264;Mardini;;GT3;;Lionspeed GP;Porsche;GF;34.618;37.169;37.835
89;2;16;1:50.438;0;;35.328;0;37.876;0;37.234;0;188.8;37:17.116;16:36:48.380;0:35.328;0:37.876;0:37.234;261;Mardini;;GT3;;Lionspeed GP;Porsche;GF;35.328;37.876;37.234
89;2;17;1:48.375;1;;34.567;0;36.913;1;36.895;1;192.4;39:05.491;16:38:36.755;0:34.567;0:36.913;0:36.895;266;Mardini;;GT3;;Lionspeed GP;Porsche;GF;34.567;36.913;36.895
89;2;18;1:48.478;0;;34.606;0;36.940;0;36.932;0;192.2;40:53.969;16:40:25.233;0:34.606;0:36.940;0:36.932;265;Mardini;;GT3;;Lionspeed GP;Porsche;GF;34.606;36.940;36.932
89;2;19;1:48.228;1;;34.554;1;36.707;1;36.967;0;192.7;42:42.197;16:42:13.461;0:34.554;0:36.707;0:36.967;265;Mardini;;GT3;;Lionspeed GP;Porsche;GF;34.554;36.707;36.967
89;2;20;1:48.360;0;;34.518;1;36.902;0;36.940;0;192.5;44:30.557;16:44:01.821;0:34.518;0:36.902;0:36.940;265;Mardini;;GT3;;Lionspeed GP;Porsche;GF;34.518;36.902;36.940
89;2;21;1:48.676;0;;34.674;0;37.067;0;36.935;0;191.9;46:19.233;16:45:50.497;0:34.674;0:37.067;0:36.935;265;Mardini;;GT3;;Lionspeed GP;Porsche;GF;34.674;37.067;36.935
89;2;22;1:48.457;0;;34.531;0;36.782;0;37.144;0;192.3;48:07.690;16:47:38.954;0:34.531;0:36.782;0:37.144;268;Mardini;;GT3;;Lionspeed GP;Porsche;GF;34.531;36.782;37.144
89;2;23;1:51.686;0;;34.647;0;36.814;0;40.225;0;186.7;49:59.376;16:49:30.640;0:34.647;0:36.814;0:40.225;267;Mardini;;GT3;;Lionspeed GP;Porsche;FCY;34.647;36.814;40.225
89;2;24;4:19.934;0;;1:25.839;0;1:21.693;0;1:32.402;0;80.2;54:19.310;16:53:50.574;1:25.839;1:21.693;1:32.402;79;Mardini;;GT3;;Lionspeed GP;Porsche;FCY;85.839;81.693;92.402
89;2;25;4:20.516;0;;1:26.165;0;1:21.782;0;1:32.569;0;80.1;58:39.826;16:58:11.090;1:26.165;1:21.782;1:32.569;78;Mardini;;GT3;;Lionspeed GP;Porsche;FCY;86.165;81.782;92.569
89;2;26;4:23.233;0;;1:26.308;0;1:21.873;0;1:35.052;0;79.2;1:03:03.059;17:02:34.323;1:26.308;1:21.873;1:35.052;;Mardini;;GT3;;Lionspeed GP;Porsche;GF;86.308;81.873;95.052
89;1;27;3:21.724;0;;1:59.347;0;41.852;0;40.525;0;103.4;1:06:24.783;17:05:56.047;1:59.347;0:41.852;0:40.525;143;Kolb;;GT3;;Lionspeed GP;Porsche;SC;119.347;41.852;40.525
89;1;28;2:29.736;0;B;58.260;0;52.204;0;39.272;0;139.3;1:08:54.519;17:08:25.783;0:58.260;0:52.204;0:39.272;113;Kolb;;GT3;;Lionspeed GP;Porsche;GF;58.260;52.204;39.272
89;1;29;1:50.705;0;;35.063;0;37.618;0;38.024;0;188.4;1:10:45.224;17:10:16.488;0:35.063;0:37.618;0:38.024;268;Kolb;;GT3;;Lionspeed GP;Porsche;GF;35.063;37.618;38.024
89;1;30;1:48.316;0;;34.702;0;36.704;1;36.910;0;192.5;1:12:33.540;17:12:04.804;0:34.702;0:36.704;0:36.910;272;Kolb;;GT3;;Lionspeed GP;Porsche;GF;34.702;36.704;36.910
89;1;31;1:48.771;0;;34.812;0;36.883;0;37.076;0;191.7;1:14:22.311;17:13:53.575;0:34.812;0:36.883;0:37.076;267;Kolb;;GT3;;Lionspeed GP;Porsche;GF;34.812;36.883;37.076
89;1;32;1:48.995;0;;34.876;0;37.201;0;36.918;0;191.3;1:16:11.306;17:15:42.570;0:34.876;0:37.201;0:36.918;266;Kolb;;GT3;;Lionspeed GP;Porsche;GF;34.876;37.201;36.918
89;1;33;1:49.133;0;;34.935;0;36.836;0;37.362;0;191.1;1:18:00.439;17:17:31.703;0:34.935;0:36.836;0:37.362;269;Kolb;;GT3;;Lionspeed GP;Porsche;GF;34.935;36.836;37.362
89;1;34;2:29.462;0;;35.372;0;37.453;0;1:16.637;0;139.5;1:20:29.901;17:20:01.165;0:35.372;0:37.453;1:16.637;263;Kolb;;GT3;;Lionspeed GP;Porsche;FCY;35.372;37.453;76.637
89;1;35;1:58.067;0;;43.793;0;37.199;0;37.075;0;176.6;1:22:27.968;17:21:59.232;0:43.793;0:37.199;0:37.075;228;Kolb;;GT3;;Lionspeed GP;Porsche;GF;43.793;37.199;37.075
89;1;36;1:48.391;0;;34.708;0;36.882;0;36.801;1;192.4;1:24:16.359;17:23:47.623;0:34.708;0:36.882;0:36.801;267;Kolb;;GT3;;Lionspeed GP;Porsche;GF;34.708;36.882;36.801
89;1;37;1:49.221;0;;35.040;0;36.712;0;37.469;0;190.9;1:26:05.580;17:25:36.844;0:35.040;0:36.712;0:37.469;269;Kolb;;GT3;;Lionspeed GP;Porsche;GF;35.040;36.712;37.469
89;1;38;1:48.275;0;;34.408;1;37.046;0;36.821;0;192.6;1:27:53.855;17:27:25.119;0:34.408;0:37.046;0:36.821;267;Kolb;;GT3;;Lionspeed GP;Porsche;GF;34.408;37.046;36.821
89;1;39;1:48.110;1;;34.494;0;36.895;0;36.721;1;192.9;1:29:41.965;17:29:13.229;0:34.494;0:36.895;0:36.721;271;Kolb;;GT3;;Lionspeed GP;Porsche;GF;34.494;36.895;36.721
89;1;40;1:49.285;0;;34.602;0;37.897;0;36.786;0;190.8;1:31:31.250;17:31:02.514;0:34.602;0:37.897;0:36.786;273;Kolb;;GT3;;Lionspeed GP;Porsche;GF;34.602;37.897;36.786
89;1;41;1:48.463;0;;34.321;1;36.725;0;37.417;0;192.3;1:33:19.713;17:32:50.977;0:34.321;0:36.725;0:37.417;270;Kolb;;GT3;;Lionspeed GP;Porsche;GF;34.321;36.725;37.417
89;1;42;1:48.196;0;;34.400;0;37.028;0;36.768;0;192.8;1:35:07.909;17:34:39.173;0:34.400;0:37.028;0:36.768;272;Kolb;;GT3;;Lionspeed GP;Porsche;GF;34.400;37.028;36.768
89;1;43;3:53.332;0;;58.630;0;1:21.973;0;1:32.729;0;89.4;1:39:01.241;17:38:32.505;0:58.630;1:21.973;1:32.729;240;Kolb;;GT3;;Lionspeed GP;Porsche;FCY;58.630;81.973;92.729
89;1;44;4:24.749;0;;1:27.025;0;1:21.781;0;1:35.943;0;78.8;1:43:25.990;17:42:57.254;1:27.025;1:21.781;1:35.943;;Kolb;;GT3;;Lionspeed GP;Porsche;FCY;87.025;81.781;95.943
89;1;45;3:43.765;0;;1:53.341;0;1:03.501;0;46.923;0;93.2;1:47:09.755;17:46:41.019;1:53.341;1:03.501;0:46.923;78;Kolb;;GT3;;Lionspeed GP;Porsche;SC;113.341;63.501;46.923
89;1;46;2:44.157;0;;38.885;0;56.613;0;1:08.659;0;127.0;1:49:53.912;17:49:25.176;0:38.885;0:56.613;1:08.659;188;Kolb;;GT3;;Lionspeed GP;Porsche;SC;38.885;56.613;68.659
89;1;47;2:51.007;0;;1:05.762;0;55.974;0;49.271;0;122.0;1:52:44.919;17:52:16.183;1:05.762;0:55.974;0:49.271;67;Kolb;;GT3;;Lionspeed GP;Porsche;GF;65.762;55.974;49.271
89;1;48;1:49.426;0;;35.193;0;37.066;0;37.167;0;190.6;1:54:34.345;17:54:05.609;0:35.193;0:37.066;0:37.167;263;Kolb;;GT3;;Lionspeed GP;Porsche;GF;35.193;37.066;37.167
89;1;49;1:50.968;0;;36.810;0;37.187;0;36.971;0;187.9;1:56:25.313;17:55:56.577;0:36.810;0:37.187;0:36.971;270;Kolb;;GT3;;Lionspeed GP;Porsche;GF;36.810;37.187;36.971
89;1;50;1:48.806;0;;34.747;0;37.071;0;36.988;0;191.7;1:58:14.119;17:57:45.383;0:34.747;0:37.071;0:36.988;270;Kolb;;GT3;;Lionspeed GP;Porsche;GF;34.747;37.071;36.988
89;1;51;1:49.195;0;;34.458;0;37.238;0;37.499;0;191.0;2:00:03.314;17:59:34.578;0:34.458;0:37.238;0:37.499;270;Kolb;;GT3;;Lionspeed GP;Porsche;GF;34.458;37.238;37.499
89;1;52;1:49.742;0;;35.006;0;37.674;0;37.062;0;190.0;2:01:53.056;18:01:24.320;0:35.006;0:37.674;0:37.062;255;Kolb;;GT3;;Lionspeed GP;Porsche;GF;35.006;37.674;37.062
89;1;53;1:48.814;0;;34.565;0;37.283;0;36.966;0;191.7;2:03:41.870;18:03:13.134;0:34.565;0:37.283;0:36.966;269;Kolb;;GT3;;Lionspeed GP;Porsche;GF;34.565;37.283;36.966
89;1;54;1:48.527;0;;34.454;0;36.732;0;37.341;0;192.2;2:05:30.397;18:05:01.661;0:34.454;0:36.732;0:37.341;267;Kolb;;GT3;;Lionspeed GP;Porsche;GF;34.454;36.732;37.341
89;1;55;1:49.679;0;;34.628;0;36.963;0;38.088;0;190.1;2:07:20.076;18:06:51.340;0:34.628;0:36.963;0:38.088;267;Kolb;;GT3;;Lionspeed GP;Porsche;GF;34.628;36.963;38.088
89;1;56;1:49.311;0;;35.303;0;37.109;0;36.899;0;190.8;2:09:09.387;18:08:40.651;0:35.303;0:37.109;0:36.899;262;Kolb;;GT3;;Lionspeed GP;Porsche;GF;35.303;37.109;36.899
89;1;57;1:48.866;0;;35.017;0;36.697;1;37.152;0;191.6;2:10:58.253;18:10:29.517;0:35.017;0:36.697;0:37.152;268;Kolb;;GT3;;Lionspeed GP;Porsche;GF;35.017;36.697;37.152
89;1;58;1:49.128;0;;34.410;0;36.748;0;37.970;0;191.1;2:12:47.381;18:12:18.645;0:34.410;0:36.748;0:37.970;268;Kolb;;GT3;;Lionspeed GP;Porsche;GF;34.410;36.748;37.970
89;1;59;1:48.817;0;B;34.590;0;37.069;0;37.158;0;191.7;2:14:36.198;18:14:07.462;0:34.590;0:37.069;0:37.158;268;Kolb;;GT3;;Lionspeed GP;Porsche;GF;34.590;37.069;37.158
89;1;60;1:58.575;0;;34.505;0;36.844;0;47.226;0;175.9;2:16:34.773;18:16:06.037;0:34.505;0:36.844;0:47.226;;Kolb;;GT3;;Lionspeed GP;Porsche;GF;34.505;36.844;47.226
89;3;61;3:07.823;0;B;1:53.137;0;37.542;0;37.144;0;111.0;2:19:42.596;18:19:13.860;1:53.137;0:37.542;0:37.144;204;Fontana;;GT3;;Lionspeed GP;Porsche;GF;113.137;37.542;37.144
89;3;62;1:48.023;1;;34.508;0;36.828;0;36.687;1;193.1;2:21:30.619;18:21:01.883;0:34.508;0:36.828;0:36.687;265;Fontana;;GT3;;Lionspeed GP;Porsche;GF;34.508;36.828;36.687
89;3;63;1:47.622;1;;34.332;0;36.637;1;36.653;1;193.8;2:23:18.241;18:22:49.505;0:34.332;0:36.637;0:36.653;269;Fontana;;GT3;;Lionspeed GP;Porsche;GF;34.332;36.637;36.653
89;3;64;1:47.429;1;;34.280;1;36.489;1;36.660;0;194.1;2:25:05.670;18:24:36.934;0:34.280;0:36.489;0:36.660;268;Fontana;;GT3;;Lionspeed GP;Porsche;GF;34.280;36.489;36.660
89;3;65;1:47.565;0;;34.358;0;36.475;1;36.732;0;193.9;2:26:53.235;18:26:24.499;0:34.358;0:36.475;0:36.732;269;Fontana;;GT3;;Lionspeed GP;Porsche;GF;34.358;36.475;36.732
89;3;66;1:47.678;0;;34.222;1;36.664;0;36.792;0;193.7;2:28:40.913;18:28:12.177;0:34.222;0:36.664;0:36.792;270;Fontana;;GT3;;Lionspeed GP;Porsche;GF;34.222;36.664;36.792
89;3;67;1:47.578;0;;34.327;0;36.625;0;36.626;1;193.9;2:30:28.491;18:29:59.755;0:34.327;0:36.625;0:36.626;268;Fontana;;GT3;;Lionspeed GP;Porsche;GF;34.327;36.625;36.626
89;3;68;1:47.336;1;;34.218;1;36.468;1;36.650;0;194.3;2:32:15.827;18:31:47.091;0:34.218;0:36.468;0:36.650;269;Fontana;;GT3;;Lionspeed GP;Porsche;GF;34.218;36.468;36.650
89;3;69;1:47.997;0;;34.858;0;36.628;0;36.511;1;193.1;2:34:03.824;18:33:35.088;0:34.858;0:36.628;0:36.511;269;Fontana;;GT3;;Lionspeed GP;Porsche;GF;34.858;36.628;36.511
89;3;70;1:47.964;0;;34.218;0;36.505;0;37.241;0;193.2;2:35:51.788;18:35:23.052;0:34.218;0:36.505;0:37.241;267;Fontana;;GT3;;Lionspeed GP;Porsche;GF;34.218;36.505;37.241
89;3;71;1:48.655;0;;34.579;0;36.819;0;37.257;0;191.9;2:37:40.443;18:37:11.707;0:34.579;0:36.819;0:37.257;266;Fontana;;GT3;;Lionspeed GP;Porsche;GF;34.579;36.819;37.257
89;3;72;3:29.921;0;;35.874;0;1:21.805;0;1:32.242;0;99.3;2:41:10.364;18:40:41.628;0:35.874;1:21.805;1:32.242;269;Fontana;;GT3;;Lionspeed GP;Porsche;FCY;35.874;81.805;92.242
89;3;73;4:20.581;0;B;1:26.505;0;1:21.748;0;1:32.328;0;80.0;2:45:30.945;18:45:02.209;1:26.505;1:21.748;1:32.328;79;Fontana;;GT3;;Lionspeed GP;Porsche;FCY;86.505;81.748;92.328
89;3;74;3:37.837;0;;1:26.911;0;1:20.535;0;50.391;0;95.7;2:49:08.782;18:48:40.046;1:26.911;1:20.535;0:50.391;78;Fontana;;GT3;;Lionspeed GP;Porsche;SC;86.911;80.535;50.391
89;3;75;1:58.060;0;;39.597;0;39.120;0;39.343;0;176.6;2:51:06.842;18:50:38.106;0:39.597;0:39.120;0:39.343;216;Fontana;;GT3;;Lionspeed GP;Porsche;SC;39.597;39.120;39.343
89;3;76;2:07.824;0;;38.193;0;48.886;0;40.745;0;163.2;2:53:14.666;18:52:45.930;0:38.193;0:48.886;0:40.745;245;Fontana;;GT3;;Lionspeed GP;Porsche;GF;38.193;48.886;40.745
89;3;77;1:52.751;0;;35.259;0;38.983;0;38.509;0;185.0;2:55:07.417;18:54:38.681;0:35.259;0:38.983;0:38.509;266;Fontana;;GT3;;Lionspeed GP;Porsche;GF;35.259;38.983;38.509
89;3;78;2:07.785;0;;36.823;0;49.051;0;41.911;0;163.2;2:57:15.202;18:56:46.466;0:36.823;0:49.051;0:41.911;221;Fontana;;GT3;;Lionspeed GP;Porsche;GF;36.823;49.051;41.911
89;3;79;4:08.973;0;;1:31.867;0;1:24.949;0;1:12.157;0;83.8;3:01:24.175;19:00:55.439;1:31.867;1:24.949;1:12.157;19;Fontana;;GT3;;Lionspeed GP;Porsche;GF;91.867;84.949;72.157
91;1;1;2:55.337;1;;48.227;1;47.416;1;1:19.694;1;118.9;2:55.337;16:02:26.601;0:48.227;0:47.416;1:19.694;164;Bohn;;GT3;;Herberth Motorsport;Porsche;SC;48.227;47.416;79.694
91;1;2;4:28.548;0;;1:47.944;0;1:20.667;0;1:19.937;0;77.7;7:23.885;16:06:55.149;1:47.944;1:20.667;1:19.937;82;Bohn;;GT3;;Herberth Motorsport;Porsche;SC;107.944;80.667;79.937
91;1;3;3:20.114;0;;1:19.335;0;1:04.776;0;56.003;1;104.2;10:43.999;16:10:15.263;1:19.335;1:04.776;0:56.003;28;Bohn;;GT3;;Herberth Motorsport;Porsche;SC;79.335;64.776;56.003
91;1;4;2:45.134;1;;1:03.675;0;54.943;0;46.516;1;126.3;13:29.133;16:13:00.397;1:03.675;0:54.943;0:46.516;81;Bohn;;GT3;;Herberth Motorsport;Porsche;SC;63.675;54.943;46.516
91;1;5;2:27.369;1;;40.920;1;55.302;0;51.147;0;141.5;15:56.502;16:15:27.766;0:40.920;0:55.302;0:51.147;232;Bohn;;GT3;;Herberth Motorsport;Porsche;SC;40.920;55.302;51.147
91;1;6;2:44.211;0;;56.291;0;56.932;0;50.988;0;127.0;18:40.713;16:18:11.977;0:56.291;0:56.932;0:50.988;91;Bohn;;GT3;;Herberth Motorsport;Porsche;GF;56.291;56.932;50.988
91;1;7;1:51.345;1;;35.917;1;37.746;1;37.682;1;187.3;20:32.058;16:20:03.322;0:35.917;0:37.746;0:37.682;243;Bohn;;GT3;;Herberth Motorsport;Porsche;GF;35.917;37.746;37.682
91;1;8;1:49.916;1;;34.984;1;37.441;1;37.491;1;189.7;22:21.974;16:21:53.238;0:34.984;0:37.441;0:37.491;265;Bohn;;GT3;;Herberth Motorsport;Porsche;GF;34.984;37.441;37.491
91;1;9;1:49.458;1;;34.870;1;37.432;1;37.156;1;190.5;24:11.432;16:23:42.696;0:34.870;0:37.432;0:37.156;265;Bohn;;GT3;;Herberth Motorsport;Porsche;GF;34.870;37.432;37.156
91;1;10;1:49.059;1;;34.678;1;37.040;1;37.341;0;191.2;26:00.491;16:25:31.755;0:34.678;0:37.040;0:37.341;263;Bohn;;GT3;;Herberth Motorsport;Porsche;GF;34.678;37.040;37.341
91;1;11;1:48.305;1;;34.467;1;36.693;1;37.145;1;192.6;27:48.796;16:27:20.060;0:34.467;0:36.693;0:37.145;265;Bohn;;GT3;;Herberth Motorsport;Porsche;GF;34.467;36.693;37.145
91;1;12;1:49.232;0;;34.960;0;37.254;0;37.018;1;190.9;29:38.028;16:29:09.292;0:34.960;0:37.254;0:37.018;264;Bohn;;GT3;;Herberth Motorsport;Porsche;GF;34.960;37.254;37.018
91;1;13;1:48.687;0;;34.384;1;37.164;0;37.139;0;191.9;31:26.715;16:30:57.979;0:34.384;0:37.164;0:37.139;267;Bohn;;GT3;;Herberth Motorsport;Porsche;GF;34.384;37.164;37.139
91;1;14;1:51.007;0;;35.065;0;38.823;0;37.119;0;187.9;33:17.722;16:32:48.986;0:35.065;0:38.823;0:37.119;265;Bohn;;GT3;;Herberth Motorsport;Porsche;GF;35.065;38.823;37.119
91;1;15;1:48.099;1;;34.337;1;36.948;0;36.814;1;192.9;35:05.821;16:34:37.085;0:34.337;0:36.948;0:36.814;268;Bohn;;GT3;;Herberth Motorsport;Porsche;GF;34.337;36.948;36.814
91;1;16;1:47.661;1;;34.218;1;36.702;0;36.741;1;193.7;36:53.482;16:36:24.746;0:34.218;0:36.702;0:36.741;267;Bohn;;GT3;;Herberth Motorsport;Porsche;GF;34.218;36.702;36.741
91;1;17;1:48.196;0;;34.413;0;36.933;0;36.850;0;192.8;38:41.678;16:38:12.942;0:34.413;0:36.933;0:36.850;265;Bohn;;GT3;;Herberth Motorsport;Porsche;GF;34.413;36.933;36.850
91;1;18;1:47.982;0;;34.324;0;36.780;0;36.878;0;193.1;40:29.660;16:40:00.924;0:34.324;0:36.780;0:36.878;267;Bohn;;GT3;;Herberth Motorsport;Porsche;GF;34.324;36.780;36.878
91;1;19;1:48.114;0;;34.246;0;37.012;0;36.856;0;192.9;42:17.774;16:41:49.038;0:34.246;0:37.012;0:36.856;267;Bohn;;GT3;;Herberth Motorsport;Porsche;GF;34.246;37.012;36.856
91;1;20;1:48.458;0;;34.764;0;36.840;0;36.854;0;192.3;44:06.232;16:43:37.496;0:34.764;0:36.840;0:36.854;266;Bohn;;GT3;;Herberth Motorsport;Porsche;GF;34.764;36.840;36.854
91;1;21;1:48.210;0;;34.553;0;36.730;0;36.927;0;192.7;45:54.442;16:45:25.706;0:34.553;0:36.730;0:36.927;266;Bohn;;GT3;;Herberth Motorsport;Porsche;GF;34.553;36.730;36.927
91;1;22;1:47.865;0;;34.385;0;36.654;1;36.826;0;193.3;47:42.307;16:47:13.571;0:34.385;0:36.654;0:36.826;265;Bohn;;GT3;;Herberth Motorsport;Porsche;GF;34.385;36.654;36.826
91;1;23;1:48.375;0;;34.383;0;37.019;0;36.973;0;192.4;49:30.682;16:49:01.946;0:34.383;0:37.019;0:36.973;267;Bohn;;GT3;;Herberth Motorsport;Porsche;GF;34.383;37.019;36.973
91;1;24;3:48.101;0;;51.050;0;1:21.946;0;1:35.105;0;91.4;53:18.783;16:52:50.047;0:51.050;1:21.946;1:35.105;;Bohn;;GT3;;Herberth Motorsport;Porsche;FCY;51.050;81.946;95.105
91;3;25;5:22.629;0;;2:27.856;0;1:22.081;0;1:32.692;0;64.6;58:41.412;16:58:12.676;2:27.856;1:22.081;1:32.692;78;Renauer;;GT3;;Herberth Motorsport;Porsche;FCY;147.856;82.081;92.692
91;3;26;4:21.458;0;B;1:26.615;0;1:22.061;0;1:32.782;0;79.8;1:03:02.870;17:02:34.134;1:26.615;1:22.061;1:32.782;78;Renauer;;GT3;;Herberth Motorsport;Porsche;GF;86.615;82.061;92.782
91;3;27;3:02.914;0;;1:26.809;0;49.138;0;46.967;0;114.0;1:06:05.784;17:05:37.048;1:26.809;0:49.138;0:46.967;78;Renauer;;GT3;;Herberth Motorsport;Porsche;SC;86.809;49.138;46.967
91;3;28;2:40.900;0;;1:06.080;0;51.730;0;43.090;0;129.6;1:08:46.684;17:08:17.948;1:06.080;0:51.730;0:43.090;91;Renauer;;GT3;;Herberth Motorsport;Porsche;GF;66.080;51.730;43.090
91;3;29;1:51.908;0;;35.301;0;39.112;0;37.495;0;186.4;1:10:38.592;17:10:09.856;0:35.301;0:39.112;0:37.495;269;Renauer;;GT3;;Herberth Motorsport;Porsche;GF;35.301;39.112;37.495
91;3;30;1:50.611;0;;34.949;0;38.461;0;37.201;0;188.5;1:12:29.203;17:12:00.467;0:34.949;0:38.461;0:37.201;266;Renauer;;GT3;;Herberth Motorsport;Porsche;GF;34.949;38.461;37.201
91;3;31;1:48.870;0;;34.545;0;37.217;0;37.108;0;191.6;1:14:18.073;17:13:49.337;0:34.545;0:37.217;0:37.108;269;Renauer;;GT3;;Herberth Motorsport;Porsche;GF;34.545;37.217;37.108
91;3;32;1:48.916;0;;34.566;0;37.005;0;37.345;0;191.5;1:16:06.989;17:15:38.253;0:34.566;0:37.005;0:37.345;269;Renauer;;GT3;;Herberth Motorsport;Porsche;GF;34.566;37.005;37.345
91;3;33;1:50.891;0;;34.750;0;38.622;0;37.519;0;188.1;1:17:57.880;17:17:29.144;0:34.750;0:38.622;0:37.519;271;Renauer;;GT3;;Herberth Motorsport;Porsche;GF;34.750;38.622;37.519
91;3;34;2:20.452;0;;34.761;0;36.985;0;1:08.706;0;148.5;1:20:18.332;17:19:49.596;0:34.761;0:36.985;1:08.706;268;Renauer;;GT3;;Herberth Motorsport;Porsche;FCY;34.761;36.985;68.706
91;3;35;2:05.135;0;;51.325;0;36.802;0;37.008;0;166.7;1:22:23.467;17:21:54.731;0:51.325;0:36.802;0:37.008;198;Renauer;;GT3;;Herberth Motorsport;Porsche;GF;51.325;36.802;37.008
91;3;36;1:48.673;0;;34.497;0;37.101;0;37.075;0;191.9;1:24:12.140;17:23:43.404;0:34.497;0:37.101;0:37.075;268;Renauer;;GT3;;Herberth Motorsport;Porsche;GF;34.497;37.101;37.075
91;3;37;1:48.604;0;;34.521;0;36.763;0;37.320;0;192.0;1:26:00.744;17:25:32.008;0:34.521;0:36.763;0:37.320;268;Renauer;;GT3;;Herberth Motorsport;Porsche;GF;34.521;36.763;37.320
91;3;38;1:55.662;0;;34.731;0;36.647;1;44.284;0;180.3;1:27:56.406;17:27:27.670;0:34.731;0:36.647;0:44.284;;Renauer;;GT3;;Herberth Motorsport;Porsche;GF;34.731;36.647;44.284
91;3;39;2:12.334;0;;58.751;0;36.929;0;36.654;1;157.6;1:30:08.740;17:29:40.004;0:58.751;0:36.929;0:36.654;204;Renauer;;GT3;;Herberth Motorsport;Porsche;GF;58.751;36.929;36.654
91;3;40;1:47.762;0;;34.485;0;36.690;0;36.587;1;193.5;1:31:56.502;17:31:27.766;0:34.485;0:36.690;0:36.587;267;Renauer;;GT3;;Herberth Motorsport;Porsche;GF;34.485;36.690;36.587
91;3;41;1:47.551;1;;34.446;0;36.446;1;36.659;0;193.9;1:33:44.053;17:33:15.317;0:34.446;0:36.446;0:36.659;267;Renauer;;GT3;;Herberth Motorsport;Porsche;GF;34.446;36.446;36.659
91;3;42;1:56.268;0;;34.235;0;36.906;0;45.127;0;179.4;1:35:40.321;17:35:11.585;0:34.235;0:36.906;0:45.127;269;Renauer;;GT3;;Herberth Motorsport;Porsche;FCY;34.235;36.906;45.127
91;3;43;4:20.920;0;;1:26.203;0;1:22.035;0;1:32.682;0;79.9;1:40:01.241;17:39:32.505;1:26.203;1:22.035;1:32.682;78;Renauer;;GT3;;Herberth Motorsport;Porsche;FCY;86.203;82.035;92.682
91;3;44;4:24.568;0;;1:26.644;0;1:22.055;0;1:35.869;0;78.8;1:44:25.809;17:43:57.073;1:26.644;1:22.055;1:35.869;;Renauer;;GT3;;Herberth Motorsport;Porsche;FCY;86.644;82.055;95.869
91;2;45;3:24.861;0;;2:06.171;0;39.008;0;39.682;0;101.8;1:47:50.670;17:47:21.934;2:06.171;0:39.008;0:39.682;78;Eijndhoven;;GT3;;Herberth Motorsport;Porsche;SC;126.171;39.008;39.682
91;2;46;2:13.280;0;;35.624;0;37.799;0;59.857;0;156.5;1:50:03.950;17:49:35.214;0:35.624;0:37.799;0:59.857;233;Eijndhoven;;GT3;;Herberth Motorsport;Porsche;SC;35.624;37.799;59.857
91;2;47;2:45.508;0;;1:05.971;0;54.410;0;45.127;0;126.0;1:52:49.458;17:52:20.722;1:05.971;0:54.410;0:45.127;58;Eijndhoven;;GT3;;Herberth Motorsport;Porsche;GF;65.971;54.410;45.127
91;2;48;1:50.587;0;;35.135;0;38.219;0;37.233;0;188.6;1:54:40.045;17:54:11.309;0:35.135;0:38.219;0:37.233;258;Eijndhoven;;GT3;;Herberth Motorsport;Porsche;GF;35.135;38.219;37.233
91;2;49;1:48.941;0;;34.898;0;36.900;0;37.143;0;191.4;1:56:28.986;17:56:00.250;0:34.898;0:36.900;0:37.143;268;Eijndhoven;;GT3;;Herberth Motorsport;Porsche;GF;34.898;36.900;37.143
91;2;50;1:48.902;0;;34.511;0;37.215;0;37.176;0;191.5;1:58:17.888;17:57:49.152;0:34.511;0:37.215;0:37.176;271;Eijndhoven;;GT3;;Herberth Motorsport;Porsche;GF;34.511;37.215;37.176
91;2;51;1:50.248;0;;34.620;0;36.926;0;38.702;0;189.2;2:00:08.136;17:59:39.400;0:34.620;0:36.926;0:38.702;269;Eijndhoven;;GT3;;Herberth Motorsport;Porsche;GF;34.620;36.926;38.702
91;2;52;1:48.331;0;;34.384;0;36.900;0;37.047;0;192.5;2:01:56.467;18:01:27.731;0:34.384;0:36.900;0:37.047;270;Eijndhoven;;GT3;;Herberth Motorsport;Porsche;GF;34.384;36.900;37.047
91;2;53;1:48.084;0;;34.482;0;36.717;0;36.885;0;192.9;2:03:44.551;18:03:15.815;0:34.482;0:36.717;0:36.885;269;Eijndhoven;;GT3;;Herberth Motorsport;Porsche;GF;34.482;36.717;36.885
91;2;54;1:47.979;0;;34.460;0;36.579;0;36.940;0;193.1;2:05:32.530;18:05:03.794;0:34.460;0:36.579;0:36.940;269;Eijndhoven;;GT3;;Herberth Motorsport;Porsche;GF;34.460;36.579;36.940
91;2;55;1:49.780;0;;34.424;0;37.859;0;37.497;0;190.0;2:07:22.310;18:06:53.574;0:34.424;0:37.859;0:37.497;274;Eijndhoven;;GT3;;Herberth Motorsport;Porsche;GF;34.424;37.859;37.497
91;2;56;1:49.471;0;B;34.919;0;37.526;0;37.026;0;190.5;2:09:11.781;18:08:43.045;0:34.919;0:37.526;0:37.026;272;Eijndhoven;;GT3;;Herberth Motorsport;Porsche;GF;34.919;37.526;37.026
91;2;57;1:48.617;0;;34.560;0;36.948;0;37.109;0;192.0;2:11:00.398;18:10:31.662;0:34.560;0:36.948;0:37.109;269;Eijndhoven;;GT3;;Herberth Motorsport;Porsche;GF;34.560;36.948;37.109
91;2;58;1:48.429;0;;34.442;0;36.828;0;37.159;0;192.3;2:12:48.827;18:12:20.091;0:34.442;0:36.828;0:37.159;272;Eijndhoven;;GT3;;Herberth Motorsport;Porsche;GF;34.442;36.828;37.159
91;2;59;1:48.864;0;;34.412;0;37.092;0;37.360;0;191.6;2:14:37.691;18:14:08.955;0:34.412;0:37.092;0:37.360;271;Eijndhoven;;GT3;;Herberth Motorsport;Porsche;GF;34.412;37.092;37.360
91;2;60;1:49.043;0;;34.317;0;36.975;0;37.751;0;191.3;2:16:26.734;18:15:57.998;0:34.317;0:36.975;0:37.751;270;Eijndhoven;;GT3;;Herberth Motorsport;Porsche;GF;34.317;36.975;37.751
91;2;61;1:48.376;0;;34.580;0;36.883;0;36.913;0;192.4;2:18:15.110;18:17:46.374;0:34.580;0:36.883;0:36.913;267;Eijndhoven;;GT3;;Herberth Motorsport;Porsche;GF;34.580;36.883;36.913
91;2;62;1:48.349;0;;34.347;0;36.923;0;37.079;0;192.5;2:20:03.459;18:19:34.723;0:34.347;0:36.923;0:37.079;269;Eijndhoven;;GT3;;Herberth Motorsport;Porsche;GF;34.347;36.923;37.079
91;2;63;1:47.650;0;;34.184;1;36.539;0;36.927;0;193.7;2:21:51.109;18:21:22.373;0:34.184;0:36.539;0:36.927;269;Eijndhoven;;GT3;;Herberth Motorsport;Porsche;GF;34.184;36.539;36.927
91;2;64;1:47.777;0;;34.182;1;36.720;0;36.875;0;193.5;2:23:38.886;18:23:10.150;0:34.182;0:36.720;0:36.875;270;Eijndhoven;;GT3;;Herberth Motorsport;Porsche;GF;34.182;36.720;36.875
91;2;65;1:47.644;0;;34.227;0;36.506;0;36.911;0;193.7;2:25:26.530;18:24:57.794;0:34.227;0:36.506;0:36.911;270;Eijndhoven;;GT3;;Herberth Motorsport;Porsche;GF;34.227;36.506;36.911
91;2;66;1:47.405;1;;34.203;0;36.451;0;36.751;0;194.2;2:27:13.935;18:26:45.199;0:34.203;0:36.451;0:36.751;271;Eijndhoven;;GT3;;Herberth Motorsport;Porsche;GF;34.203;36.451;36.751
91;2;67;1:47.858;0;;34.368;0;36.593;0;36.897;0;193.4;2:29:01.793;18:28:33.057;0:34.368;0:36.593;0:36.897;271;Eijndhoven;;GT3;;Herberth Motorsport;Porsche;GF;34.368;36.593;36.897
91;2;68;1:49.666;0;B;34.186;0;37.503;0;37.977;0;190.2;2:30:51.459;18:30:22.723;0:34.186;0:37.503;0:37.977;270;Eijndhoven;;GT3;;Herberth Motorsport;Porsche;GF;34.186;37.503;37.977
91;2;69;1:47.893;0;;34.414;0;36.525;0;36.954;0;193.3;2:32:39.352;18:32:10.616;0:34.414;0:36.525;0:36.954;267;Eijndhoven;;GT3;;Herberth Motorsport;Porsche;GF;34.414;36.525;36.954
91;2;70;1:47.684;0;;34.343;0;36.533;0;36.808;0;193.7;2:34:27.036;18:33:58.300;0:34.343;0:36.533;0:36.808;267;Eijndhoven;;GT3;;Herberth Motorsport;Porsche;GF;34.343;36.533;36.808
91;2;71;1:47.547;0;;34.230;0;36.399;1;36.918;0;193.9;2:36:14.583;18:35:45.847;0:34.230;0:36.399;0:36.918;268;Eijndhoven;;GT3;;Herberth Motorsport;Porsche;GF;34.230;36.399;36.918
91;2;72;1:49.066;0;;34.302;0;37.425;0;37.339;0;191.2;2:38:03.649;18:37:34.913;0:34.302;0:37.425;0:37.339;267;Eijndhoven;;GT3;;Herberth Motorsport;Porsche;GF;34.302;37.425;37.339
91;2;73;4:12.024;0;;1:14.242;0;1:21.909;0;1:35.873;0;82.7;2:42:15.673;18:41:46.937;1:14.242;1:21.909;1:35.873;;Eijndhoven;;GT3;;Herberth Motorsport;Porsche;FCY;74.242;81.909;95.873
91;2;74;5:22.629;0;;2:28.003;0;1:22.024;0;1:32.602;0;64.6;2:47:38.302;18:47:09.566;2:28.003;1:22.024;1:32.602;78;Eijndhoven;;GT3;;Herberth Motorsport;Porsche;FCY;148.003;82.024;92.602
91;2;75;2:38.717;0;;1:02.157;0;39.987;0;56.573;0;131.4;2:50:17.019;18:49:48.283;1:02.157;0:39.987;0:56.573;100;Eijndhoven;;GT3;;Herberth Motorsport;Porsche;SC;62.157;39.987;56.573
91;2;76;3:04.412;0;;1:03.987;0;51.057;0;1:09.368;0;113.1;2:53:21.431;18:52:52.695;1:03.987;0:51.057;1:09.368;111;Eijndhoven;;GT3;;Herberth Motorsport;Porsche;GF;63.987;51.057;69.368
91;2;77;1:51.444;0;;35.302;0;37.999;0;38.143;0;187.1;2:55:12.875;18:54:44.139;0:35.302;0:37.999;0:38.143;262;Eijndhoven;;GT3;;Herberth Motorsport;Porsche;GF;35.302;37.999;38.143
91;2;78;2:09.424;0;;36.799;0;50.465;0;42.160;0;161.1;2:57:22.299;18:56:53.563;0:36.799;0:50.465;0:42.160;214;Eijndhoven;;GT3;;Herberth Motorsport;Porsche;GF;36.799;50.465;42.160
91;2;79;4:14.166;0;;1:37.061;0;1:22.954;0;1:14.151;0;82.1;3:01:36.465;19:01:07.729;1:37.061;1:22.954;1:14.151;32;Eijndhoven;;GT3;;Herberth Motorsport;Porsche;GF;97.061;82.954;74.151
93;1;1;3:03.826;1;;50.090;1;51.663;1;1:22.073;1;113.4;3:03.826;16:02:35.090;0:50.090;0:51.663;1:22.073;157;Hui;;GT3;;Ziggo Sport Tempesta Racing;Porsche;SC;50.090;51.663;82.073
93;1;2;4:31.416;0;;1:53.618;0;1:18.169;0;1:19.629;1;76.8;7:35.242;16:07:06.506;1:53.618;1:18.169;1:19.629;79;Hui;;GT3;;Ziggo Sport Tempesta Racing;Porsche;SC;113.618;78.169;79.629
93;1;3;3:16.175;0;;1:15.375;0;1:06.153;0;54.647;1;106.3;10:51.417;16:10:22.681;1:15.375;1:06.153;0:54.647;33;Hui;;GT3;;Ziggo Sport Tempesta Racing;Porsche;SC;75.375;66.153;54.647
93;1;4;2:42.356;1;B;1:02.496;0;52.706;0;47.154;1;128.5;13:33.773;16:13:05.037;1:02.496;0:52.706;0:47.154;104;Hui;;GT3;;Ziggo Sport Tempesta Racing;Porsche;SC;62.496;52.706;47.154
93;1;5;2:32.430;1;;40.584;1;54.099;0;57.747;0;136.8;16:06.203;16:15:37.467;0:40.584;0:54.099;0:57.747;;Hui;;GT3;;Ziggo Sport Tempesta Racing;Porsche;SC;40.584;54.099;57.747
93;1;6;3:12.851;0;;1:56.214;0;38.372;1;38.265;1;108.1;19:19.054;16:18:50.318;1:56.214;0:38.372;0:38.265;200;Hui;;GT3;;Ziggo Sport Tempesta Racing;Porsche;GF;116.214;38.372;38.265
93;1;7;1:51.027;1;;35.261;1;37.868;1;37.898;1;187.8;21:10.081;16:20:41.345;0:35.261;0:37.868;0:37.898;261;Hui;;GT3;;Ziggo Sport Tempesta Racing;Porsche;GF;35.261;37.868;37.898
93;1;8;1:50.396;1;;35.177;1;37.695;1;37.524;1;188.9;23:00.477;16:22:31.741;0:35.177;0:37.695;0:37.524;263;Hui;;GT3;;Ziggo Sport Tempesta Racing;Porsche;GF;35.177;37.695;37.524
93;1;9;1:49.546;1;;34.947;1;37.137;1;37.462;1;190.4;24:50.023;16:24:21.287;0:34.947;0:37.137;0:37.462;263;Hui;;GT3;;Ziggo Sport Tempesta Racing;Porsche;GF;34.947;37.137;37.462
93;1;10;1:49.662;0;;34.890;1;37.082;1;37.690;0;190.2;26:39.685;16:26:10.949;0:34.890;0:37.082;0:37.690;263;Hui;;GT3;;Ziggo Sport Tempesta Racing;Porsche;GF;34.890;37.082;37.690
93;1;11;1:49.223;1;;34.745;1;37.090;0;37.388;1;190.9;28:28.908;16:28:00.172;0:34.745;0:37.090;0:37.388;264;Hui;;GT3;;Ziggo Sport Tempesta Racing;Porsche;GF;34.745;37.090;37.388
93;1;12;1:48.887;1;;34.616;1;37.035;1;37.236;1;191.5;30:17.795;16:29:49.059;0:34.616;0:37.035;0:37.236;265;Hui;;GT3;;Ziggo Sport Tempesta Racing;Porsche;GF;34.616;37.035;37.236
93;1;13;1:49.698;0;;34.604;1;37.232;0;37.862;0;190.1;32:07.493;16:31:38.757;0:34.604;0:37.232;0:37.862;266;Hui;;GT3;;Ziggo Sport Tempesta Racing;Porsche;GF;34.604;37.232;37.862
93;1;14;1:49.418;0;;34.786;0;37.178;0;37.454;0;190.6;33:56.911;16:33:28.175;0:34.786;0:37.178;0:37.454;263;Hui;;GT3;;Ziggo Sport Tempesta Racing;Porsche;GF;34.786;37.178;37.454
93;1;15;1:49.494;0;;34.631;0;37.257;0;37.606;0;190.5;35:46.405;16:35:17.669;0:34.631;0:37.257;0:37.606;264;Hui;;GT3;;Ziggo Sport Tempesta Racing;Porsche;GF;34.631;37.257;37.606
93;1;16;1:50.225;0;;35.615;0;37.197;0;37.413;0;189.2;37:36.630;16:37:07.894;0:35.615;0:37.197;0:37.413;258;Hui;;GT3;;Ziggo Sport Tempesta Racing;Porsche;GF;35.615;37.197;37.413
93;1;17;1:49.281;0;;34.853;0;37.107;0;37.321;0;190.8;39:25.911;16:38:57.175;0:34.853;0:37.107;0:37.321;262;Hui;;GT3;;Ziggo Sport Tempesta Racing;Porsche;GF;34.853;37.107;37.321
93;1;18;1:49.390;0;;34.868;0;37.116;0;37.406;0;190.6;41:15.301;16:40:46.565;0:34.868;0:37.116;0:37.406;263;Hui;;GT3;;Ziggo Sport Tempesta Racing;Porsche;GF;34.868;37.116;37.406
93;1;19;1:49.152;0;;34.781;0;37.121;0;37.250;0;191.1;43:04.453;16:42:35.717;0:34.781;0:37.121;0:37.250;263;Hui;;GT3;;Ziggo Sport Tempesta Racing;Porsche;GF;34.781;37.121;37.250
93;1;20;1:48.466;1;;34.586;1;36.872;1;37.008;1;192.3;44:52.919;16:44:24.183;0:34.586;0:36.872;0:37.008;263;Hui;;GT3;;Ziggo Sport Tempesta Racing;Porsche;GF;34.586;36.872;37.008
93;1;21;1:48.683;0;;34.635;0;36.972;0;37.076;0;191.9;46:41.602;16:46:12.866;0:34.635;0:36.972;0:37.076;264;Hui;;GT3;;Ziggo Sport Tempesta Racing;Porsche;GF;34.635;36.972;37.076
93;1;22;1:48.548;0;;34.688;0;36.803;1;37.057;0;192.1;48:30.150;16:48:01.414;0:34.688;0:36.803;0:37.057;263;Hui;;GT3;;Ziggo Sport Tempesta Racing;Porsche;GF;34.688;36.803;37.057
93;1;23;2:31.840;0;;34.584;1;36.930;0;1:20.326;0;137.3;51:01.990;16:50:33.254;0:34.584;0:36.930;1:20.326;263;Hui;;GT3;;Ziggo Sport Tempesta Racing;Porsche;FCY;34.584;36.930;80.326
93;1;24;4:22.196;0;;1:26.832;0;1:22.291;0;1:33.073;0;79.5;55:24.186;16:54:55.450;1:26.832;1:22.291;1:33.073;78;Hui;;GT3;;Ziggo Sport Tempesta Racing;Porsche;FCY;86.832;82.291;93.073
93;1;25;4:22.408;0;;1:26.994;0;1:22.298;0;1:33.116;0;79.5;59:46.594;16:59:17.858;1:26.994;1:22.298;1:33.116;78;Hui;;GT3;;Ziggo Sport Tempesta Racing;Porsche;GF;86.994;82.298;93.116
93;1;26;4:25.878;0;;1:27.236;0;1:22.462;0;1:36.180;0;78.4;1:04:12.472;17:03:43.736;1:27.236;1:22.462;1:36.180;;Hui;;GT3;;Ziggo Sport Tempesta Racing;Porsche;GF;87.236;82.462;96.180
93;2;27;3:05.909;0;;1:51.296;0;37.342;0;37.271;0;112.2;1:07:18.381;17:06:49.645;1:51.296;0:37.342;0:37.271;202;Froggatt;;GT3;;Ziggo Sport Tempesta Racing;Porsche;SC;111.296;37.342;37.271
93;2;28;1:49.027;0;;34.799;0;36.932;0;37.296;0;191.3;1:09:07.408;17:08:38.672;0:34.799;0:36.932;0:37.296;263;Froggatt;;GT3;;Ziggo Sport Tempesta Racing;Porsche;GF;34.799;36.932;37.296
93;2;29;1:48.587;0;;34.770;0;36.781;1;37.036;0;192.1;1:10:55.995;17:10:27.259;0:34.770;0:36.781;0:37.036;265;Froggatt;;GT3;;Ziggo Sport Tempesta Racing;Porsche;GF;34.770;36.781;37.036
93;2;30;1:48.479;0;;34.686;0;36.778;1;37.015;0;192.2;1:12:44.474;17:12:15.738;0:34.686;0:36.778;0:37.015;265;Froggatt;;GT3;;Ziggo Sport Tempesta Racing;Porsche;GF;34.686;36.778;37.015
93;2;31;1:49.094;0;B;34.740;0;37.103;0;37.251;0;191.2;1:14:33.568;17:14:04.832;0:34.740;0:37.103;0:37.251;263;Froggatt;;GT3;;Ziggo Sport Tempesta Racing;Porsche;GF;34.740;37.103;37.251
93;2;32;1:49.894;0;;35.022;0;37.787;0;37.085;0;189.8;1:16:23.462;17:15:54.726;0:35.022;0:37.787;0:37.085;266;Froggatt;;GT3;;Ziggo Sport Tempesta Racing;Porsche;GF;35.022;37.787;37.085
93;2;33;1:48.332;1;;34.669;0;36.777;1;36.886;1;192.5;1:18:11.794;17:17:43.058;0:34.669;0:36.777;0:36.886;263;Froggatt;;GT3;;Ziggo Sport Tempesta Racing;Porsche;GF;34.669;36.777;36.886
93;2;34;2:32.013;0;;34.678;0;36.720;1;1:20.615;0;137.2;1:20:43.807;17:20:15.071;0:34.678;0:36.720;1:20.615;263;Froggatt;;GT3;;Ziggo Sport Tempesta Racing;Porsche;GF;34.678;36.720;80.615
93;2;35;1:49.837;0;;35.793;0;37.008;0;37.036;0;189.9;1:22:33.644;17:22:04.908;0:35.793;0:37.008;0:37.036;252;Froggatt;;GT3;;Ziggo Sport Tempesta Racing;Porsche;GF;35.793;37.008;37.036
93;2;36;1:48.348;0;;34.638;0;36.764;0;36.946;0;192.5;1:24:21.992;17:23:53.256;0:34.638;0:36.764;0:36.946;265;Froggatt;;GT3;;Ziggo Sport Tempesta Racing;Porsche;GF;34.638;36.764;36.946
93;2;37;1:48.165;1;;34.622;0;36.680;1;36.863;1;192.8;1:26:10.157;17:25:41.421;0:34.622;0:36.680;0:36.863;265;Froggatt;;GT3;;Ziggo Sport Tempesta Racing;Porsche;GF;34.622;36.680;36.863
93;2;38;1:49.051;0;;34.495;1;37.396;0;37.160;0;191.2;1:27:59.208;17:27:30.472;0:34.495;0:37.396;0:37.160;266;Froggatt;;GT3;;Ziggo Sport Tempesta Racing;Porsche;GF;34.495;37.396;37.160
93;2;39;1:48.846;0;;34.919;0;36.969;0;36.958;0;191.6;1:29:48.054;17:29:19.318;0:34.919;0:36.969;0:36.958;262;Froggatt;;GT3;;Ziggo Sport Tempesta Racing;Porsche;GF;34.919;36.969;36.958
93;2;40;1:48.072;1;;34.467;1;36.603;1;37.002;0;193.0;1:31:36.126;17:31:07.390;0:34.467;0:36.603;0:37.002;265;Froggatt;;GT3;;Ziggo Sport Tempesta Racing;Porsche;GF;34.467;36.603;37.002
93;2;41;1:48.350;0;;34.455;1;36.948;0;36.947;0;192.5;1:33:24.476;17:32:55.740;0:34.455;0:36.948;0:36.947;265;Froggatt;;GT3;;Ziggo Sport Tempesta Racing;Porsche;GF;34.455;36.948;36.947
93;2;42;1:49.696;0;;36.059;0;36.729;0;36.908;0;190.1;1:35:14.172;17:34:45.436;0:36.059;0:36.729;0:36.908;265;Froggatt;;GT3;;Ziggo Sport Tempesta Racing;Porsche;GF;36.059;36.729;36.908
93;2;43;3:57.657;0;;59.081;0;1:22.392;0;1:36.184;0;87.8;1:39:11.829;17:38:43.093;0:59.081;1:22.392;1:36.184;;Froggatt;;GT3;;Ziggo Sport Tempesta Racing;Porsche;FCY;59.081;82.392;96.184
93;2;44;4:47.688;0;;1:51.909;0;1:22.493;0;1:33.286;0;72.5;1:43:59.517;17:43:30.781;1:51.909;1:22.493;1:33.286;78;Froggatt;;GT3;;Ziggo Sport Tempesta Racing;Porsche;FCY;111.909;82.493;93.286
93;2;45;3:12.905;0;;1:27.194;0;1:00.512;0;45.199;0;108.1;1:47:12.422;17:46:43.686;1:27.194;1:00.512;0:45.199;78;Froggatt;;GT3;;Ziggo Sport Tempesta Racing;Porsche;SC;87.194;60.512;45.199
93;2;46;2:42.936;0;;38.363;0;57.298;0;1:07.275;0;128.0;1:49:55.358;17:49:26.622;0:38.363;0:57.298;1:07.275;174;Froggatt;;GT3;;Ziggo Sport Tempesta Racing;Porsche;SC;38.363;57.298;67.275
93;2;47;2:50.907;0;;1:06.363;0;55.740;0;48.804;0;122.0;1:52:46.265;17:52:17.529;1:06.363;0:55.740;0:48.804;78;Froggatt;;GT3;;Ziggo Sport Tempesta Racing;Porsche;GF;66.363;55.740;48.804
93;2;48;1:49.618;0;;35.146;0;37.311;0;37.161;0;190.2;1:54:35.883;17:54:07.147;0:35.146;0:37.311;0:37.161;256;Froggatt;;GT3;;Ziggo Sport Tempesta Racing;Porsche;GF;35.146;37.311;37.161
93;2;49;1:50.156;0;;35.415;0;37.633;0;37.108;0;189.3;1:56:26.039;17:55:57.303;0:35.415;0:37.633;0:37.108;267;Froggatt;;GT3;;Ziggo Sport Tempesta Racing;Porsche;GF;35.415;37.633;37.108
93;2;50;1:48.590;0;;34.545;0;36.857;0;37.188;0;192.1;1:58:14.629;17:57:45.893;0:34.545;0:36.857;0:37.188;267;Froggatt;;GT3;;Ziggo Sport Tempesta Racing;Porsche;GF;34.545;36.857;37.188
93;2;51;1:49.059;0;;34.503;0;37.059;0;37.497;0;191.2;2:00:03.688;17:59:34.952;0:34.503;0:37.059;0:37.497;269;Froggatt;;GT3;;Ziggo Sport Tempesta Racing;Porsche;GF;34.503;37.059;37.497
93;2;52;1:49.095;0;;34.763;0;37.228;0;37.104;0;191.2;2:01:52.783;18:01:24.047;0:34.763;0:37.228;0:37.104;260;Froggatt;;GT3;;Ziggo Sport Tempesta Racing;Porsche;GF;34.763;37.228;37.104
93;2;53;1:48.163;0;;34.374;1;36.871;0;36.918;0;192.8;2:03:40.946;18:03:12.210;0:34.374;0:36.871;0:36.918;269;Froggatt;;GT3;;Ziggo Sport Tempesta Racing;Porsche;GF;34.374;36.871;36.918
93;2;54;1:48.313;0;B;34.317;1;36.794;0;37.202;0;192.5;2:05:29.259;18:05:00.523;0:34.317;0:36.794;0:37.202;268;Froggatt;;GT3;;Ziggo Sport Tempesta Racing;Porsche;GF;34.317;36.794;37.202
93;2;55;1:50.728;0;;34.515;0;37.975;0;38.238;0;188.3;2:07:19.987;18:06:51.251;0:34.515;0:37.975;0:38.238;269;Froggatt;;GT3;;Ziggo Sport Tempesta Racing;Porsche;GF;34.515;37.975;38.238
93;2;56;1:56.070;0;;34.948;0;37.142;0;43.980;0;179.7;2:09:16.057;18:08:47.321;0:34.948;0:37.142;0:43.980;;Froggatt;;GT3;;Ziggo Sport Tempesta Racing;Porsche;GF;34.948;37.142;43.980
93;3;57;3:03.444;0;;1:49.813;0;36.638;0;36.993;0;113.7;2:12:19.501;18:11:50.765;1:49.813;0:36.638;0:36.993;204;Cheever;;GT3;;Ziggo Sport Tempesta Racing;Porsche;GF;109.813;36.638;36.993
93;3;58;1:48.803;0;;34.619;0;37.256;0;36.928;0;191.7;2:14:08.304;18:13:39.568;0:34.619;0:37.256;0:36.928;264;Cheever;;GT3;;Ziggo Sport Tempesta Racing;Porsche;GF;34.619;37.256;36.928
93;3;59;1:47.986;1;;34.444;0;36.771;0;36.771;1;193.1;2:15:56.290;18:15:27.554;0:34.444;0:36.771;0:36.771;265;Cheever;;GT3;;Ziggo Sport Tempesta Racing;Porsche;GF;34.444;36.771;36.771
93;3;60;1:47.638;1;;34.488;0;36.551;1;36.599;1;193.7;2:17:43.928;18:17:15.192;0:34.488;0:36.551;0:36.599;265;Cheever;;GT3;;Ziggo Sport Tempesta Racing;Porsche;GF;34.488;36.551;36.599
93;3;61;1:47.799;0;;34.485;0;36.660;0;36.654;0;193.5;2:19:31.727;18:19:02.991;0:34.485;0:36.660;0:36.654;265;Cheever;;GT3;;Ziggo Sport Tempesta Racing;Porsche;GF;34.485;36.660;36.654
93;3;62;1:47.900;0;;34.498;0;36.671;0;36.731;0;193.3;2:21:19.627;18:20:50.891;0:34.498;0:36.671;0:36.731;265;Cheever;;GT3;;Ziggo Sport Tempesta Racing;Porsche;GF;34.498;36.671;36.731
93;3;63;1:47.542;1;;34.465;0;36.446;1;36.631;0;193.9;2:23:07.169;18:22:38.433;0:34.465;0:36.446;0:36.631;266;Cheever;;GT3;;Ziggo Sport Tempesta Racing;Porsche;GF;34.465;36.446;36.631
93;3;64;1:47.703;0;;34.355;0;36.505;0;36.843;0;193.6;2:24:54.872;18:24:26.136;0:34.355;0:36.505;0:36.843;267;Cheever;;GT3;;Ziggo Sport Tempesta Racing;Porsche;GF;34.355;36.505;36.843
93;3;65;1:48.647;0;;34.388;0;36.946;0;37.313;0;192.0;2:26:43.519;18:26:14.783;0:34.388;0:36.946;0:37.313;267;Cheever;;GT3;;Ziggo Sport Tempesta Racing;Porsche;GF;34.388;36.946;37.313
93;3;66;1:48.126;0;;34.609;0;36.693;0;36.824;0;192.9;2:28:31.645;18:28:02.909;0:34.609;0:36.693;0:36.824;268;Cheever;;GT3;;Ziggo Sport Tempesta Racing;Porsche;GF;34.609;36.693;36.824
93;3;67;1:47.983;0;;34.458;0;36.835;0;36.690;0;193.1;2:30:19.628;18:29:50.892;0:34.458;0:36.835;0:36.690;269;Cheever;;GT3;;Ziggo Sport Tempesta Racing;Porsche;GF;34.458;36.835;36.690
93;3;68;1:47.780;0;;34.431;0;36.516;0;36.833;0;193.5;2:32:07.408;18:31:38.672;0:34.431;0:36.516;0:36.833;268;Cheever;;GT3;;Ziggo Sport Tempesta Racing;Porsche;GF;34.431;36.516;36.833
93;3;69;1:48.172;0;;34.421;0;36.994;0;36.757;0;192.8;2:33:55.580;18:33:26.844;0:34.421;0:36.994;0:36.757;267;Cheever;;GT3;;Ziggo Sport Tempesta Racing;Porsche;GF;34.421;36.994;36.757
93;3;70;1:47.549;0;;34.325;0;36.596;0;36.628;0;193.9;2:35:43.129;18:35:14.393;0:34.325;0:36.596;0:36.628;267;Cheever;;GT3;;Ziggo Sport Tempesta Racing;Porsche;GF;34.325;36.596;36.628
93;3;71;1:50.636;0;;34.389;0;36.793;0;39.454;0;188.5;2:37:33.765;18:37:05.029;0:34.389;0:36.793;0:39.454;267;Cheever;;GT3;;Ziggo Sport Tempesta Racing;Porsche;GF;34.389;36.793;39.454
93;3;72;3:23.483;0;;34.485;0;1:16.189;0;1:32.809;0;102.5;2:40:57.248;18:40:28.512;0:34.485;1:16.189;1:32.809;268;Cheever;;GT3;;Ziggo Sport Tempesta Racing;Porsche;FCY;34.485;76.189;92.809
93;3;73;4:22.196;0;;1:27.275;0;1:22.155;0;1:32.766;0;79.5;2:45:19.444;18:44:50.708;1:27.275;1:22.155;1:32.766;78;Cheever;;GT3;;Ziggo Sport Tempesta Racing;Porsche;FCY;87.275;82.155;92.766
93;3;74;3:39.257;0;;1:27.211;0;1:22.345;0;49.701;0;95.1;2:48:58.701;18:48:29.965;1:27.211;1:22.345;0:49.701;78;Cheever;;GT3;;Ziggo Sport Tempesta Racing;Porsche;SC;87.211;82.345;49.701
93;3;75;1:57.389;0;;37.502;0;39.981;0;39.906;0;177.7;2:50:56.090;18:50:27.354;0:37.502;0:39.981;0:39.906;244;Cheever;;GT3;;Ziggo Sport Tempesta Racing;Porsche;SC;37.502;39.981;39.906
93;3;76;2:16.008;0;;41.856;0;48.842;0;45.310;0;153.3;2:53:12.098;18:52:43.362;0:41.856;0:48.842;0:45.310;253;Cheever;;GT3;;Ziggo Sport Tempesta Racing;Porsche;GF;41.856;48.842;45.310
93;3;77;1:52.568;0;;36.535;0;38.428;0;37.605;0;185.3;2:55:04.666;18:54:35.930;0:36.535;0:38.428;0:37.605;253;Cheever;;GT3;;Ziggo Sport Tempesta Racing;Porsche;GF;36.535;38.428;37.605
93;3;78;2:03.407;0;;35.771;0;44.857;0;42.779;0;169.0;2:57:08.073;18:56:39.337;0:35.771;0:44.857;0:42.779;266;Cheever;;GT3;;Ziggo Sport Tempesta Racing;Porsche;GF;35.771;44.857;42.779
93;3;79;4:09.387;0;;1:30.389;0;1:27.055;0;1:11.943;0;83.6;3:01:17.460;19:00:48.724;1:30.389;1:27.055;1:11.943;43;Cheever;;GT3;;Ziggo Sport Tempesta Racing;Porsche;GF;90.389;87.055;71.943
96;1;1;2:38.860;1;;43.980;1;40.914;1;1:13.966;1;131.3;2:38.860;16:02:10.124;0:43.980;0:40.914;1:13.966;185;Engstler;;GT3;;Rutronik Racing;Lamborghini;SC;43.980;40.914;73.966
96;1;2;4:24.182;0;;1:46.707;0;1:21.815;0;1:15.660;0;78.9;7:03.042;16:06:34.306;1:46.707;1:21.815;1:15.660;27;Engstler;;GT3;;Rutronik Racing;Lamborghini;SC;106.707;81.815;75.660
96;1;3;3:24.889;0;;1:23.165;0;1:03.561;0;58.163;1;101.8;10:27.931;16:09:59.195;1:23.165;1:03.561;0:58.163;77;Engstler;;GT3;;Rutronik Racing;Lamborghini;SC;83.165;63.561;58.163
96;1;4;2:53.943;0;;1:06.183;0;52.913;0;54.847;1;119.9;13:21.874;16:12:53.138;1:06.183;0:52.913;0:54.847;;Engstler;;GT3;;Rutronik Racing;Lamborghini;SC;66.183;52.913;54.847
96;1;5;3:05.655;0;;1:49.833;0;37.884;1;37.938;1;112.3;16:27.529;16:15:58.793;1:49.833;0:37.884;0:37.938;204;Engstler;;GT3;;Rutronik Racing;Lamborghini;SC;109.833;37.884;37.938
96;1;6;2:21.544;1;;42.409;1;53.549;0;45.586;0;147.3;18:49.073;16:18:20.337;0:42.409;0:53.549;0:45.586;143;Engstler;;GT3;;Rutronik Racing;Lamborghini;GF;42.409;53.549;45.586
96;1;7;1:53.126;1;;35.530;1;38.419;0;39.177;0;184.4;20:42.199;16:20:13.463;0:35.530;0:38.419;0:39.177;244;Engstler;;GT3;;Rutronik Racing;Lamborghini;GF;35.530;38.419;39.177
96;1;8;1:53.433;0;;39.023;0;37.057;1;37.353;1;183.9;22:35.632;16:22:06.896;0:39.023;0:37.057;0:37.353;234;Engstler;;GT3;;Rutronik Racing;Lamborghini;GF;39.023;37.057;37.353
96;1;9;1:49.379;1;;34.964;1;36.752;1;37.663;0;190.7;24:25.011;16:23:56.275;0:34.964;0:36.752;0:37.663;269;Engstler;;GT3;;Rutronik Racing;Lamborghini;GF;34.964;36.752;37.663
96;1;10;1:48.178;1;;34.448;1;36.760;0;36.970;1;192.8;26:13.189;16:25:44.453;0:34.448;0:36.760;0:36.970;267;Engstler;;GT3;;Rutronik Racing;Lamborghini;GF;34.448;36.760;36.970
96;1;11;1:49.991;0;;36.093;0;36.885;0;37.013;0;189.6;28:03.180;16:27:34.444;0:36.093;0:36.885;0:37.013;267;Engstler;;GT3;;Rutronik Racing;Lamborghini;GF;36.093;36.885;37.013
96;1;12;1:48.030;1;;34.434;1;36.723;1;36.873;1;193.0;29:51.210;16:29:22.474;0:34.434;0:36.723;0:36.873;268;Engstler;;GT3;;Rutronik Racing;Lamborghini;GF;34.434;36.723;36.873
96;1;13;1:48.355;0;;34.219;1;36.730;0;37.406;0;192.5;31:39.565;16:31:10.829;0:34.219;0:36.730;0:37.406;269;Engstler;;GT3;;Rutronik Racing;Lamborghini;GF;34.219;36.730;37.406
96;1;14;1:49.001;0;;35.096;0;36.804;0;37.101;0;191.3;33:28.566;16:32:59.830;0:35.096;0:36.804;0:37.101;263;Engstler;;GT3;;Rutronik Racing;Lamborghini;GF;35.096;36.804;37.101
96;1;15;1:50.080;0;;34.666;0;38.012;0;37.402;0;189.5;35:18.646;16:34:49.910;0:34.666;0:38.012;0:37.402;268;Engstler;;GT3;;Rutronik Racing;Lamborghini;GF;34.666;38.012;37.402
96;1;16;1:48.693;0;;34.434;0;37.202;0;37.057;0;191.9;37:07.339;16:36:38.603;0:34.434;0:37.202;0:37.057;268;Engstler;;GT3;;Rutronik Racing;Lamborghini;GF;34.434;37.202;37.057
96;1;17;1:48.034;0;;34.328;0;36.650;1;37.056;0;193.0;38:55.373;16:38:26.637;0:34.328;0:36.650;0:37.056;268;Engstler;;GT3;;Rutronik Racing;Lamborghini;GF;34.328;36.650;37.056
96;1;18;1:48.223;0;;34.314;0;37.007;0;36.902;0;192.7;40:43.596;16:40:14.860;0:34.314;0:37.007;0:36.902;268;Engstler;;GT3;;Rutronik Racing;Lamborghini;GF;34.314;37.007;36.902
96;1;19;1:48.104;0;;34.232;0;36.723;0;37.149;0;192.9;42:31.700;16:42:02.964;0:34.232;0:36.723;0:37.149;269;Engstler;;GT3;;Rutronik Racing;Lamborghini;GF;34.232;36.723;37.149
96;1;20;1:49.637;0;;34.435;0;36.891;0;38.311;0;190.2;44:21.337;16:43:52.601;0:34.435;0:36.891;0:38.311;267;Engstler;;GT3;;Rutronik Racing;Lamborghini;GF;34.435;36.891;38.311
96;1;21;1:49.101;0;;35.089;0;37.144;0;36.868;1;191.2;46:10.438;16:45:41.702;0:35.089;0:37.144;0:36.868;267;Engstler;;GT3;;Rutronik Racing;Lamborghini;GF;35.089;37.144;36.868
96;1;22;1:47.505;1;;34.232;0;36.459;1;36.814;1;194.0;47:57.943;16:47:29.207;0:34.232;0:36.459;0:36.814;268;Engstler;;GT3;;Rutronik Racing;Lamborghini;GF;34.232;36.459;36.814
96;1;23;1:47.739;0;;34.094;1;36.597;0;37.048;0;193.6;49:45.682;16:49:16.946;0:34.094;0:36.597;0:37.048;269;Engstler;;GT3;;Rutronik Racing;Lamborghini;GF;34.094;36.597;37.048
96;1;24;4:02.373;0;;1:04.886;0;1:22.028;0;1:35.459;0;86.0;53:48.055;16:53:19.319;1:04.886;1:22.028;1:35.459;;Engstler;;GT3;;Rutronik Racing;Lamborghini;FCY;64.886;82.028;95.459
96;2;25;5:30.049;0;;2:32.269;0;1:22.157;0;1:35.623;0;63.2;59:18.104;16:58:49.368;2:32.269;1:22.157;1:35.623;;Mapelli;;GT3;;Rutronik Racing;Lamborghini;FCY;152.269;82.157;95.623
96;2;26;4:36.673;0;;1:41.737;0;1:22.168;0;1:32.768;0;75.4;1:03:54.777;17:03:26.041;1:41.737;1:22.168;1:32.768;78;Mapelli;;GT3;;Rutronik Racing;Lamborghini;GF;101.737;82.168;92.768
96;2;27;2:25.656;0;B;1:01.674;0;43.769;0;40.213;0;143.2;1:06:20.433;17:05:51.697;1:01.674;0:43.769;0:40.213;78;Mapelli;;GT3;;Rutronik Racing;Lamborghini;SC;61.674;43.769;40.213
96;2;28;2:30.439;0;;59.314;0;51.920;0;39.205;0;138.6;1:08:50.872;17:08:22.136;0:59.314;0:51.920;0:39.205;94;Mapelli;;GT3;;Rutronik Racing;Lamborghini;GF;59.314;51.920;39.205
96;2;29;1:50.064;0;;34.685;0;37.495;0;37.884;0;189.5;1:10:40.936;17:10:12.200;0:34.685;0:37.495;0:37.884;261;Mapelli;;GT3;;Rutronik Racing;Lamborghini;GF;34.685;37.495;37.884
96;2;30;1:50.260;0;;35.001;0;37.720;0;37.539;0;189.1;1:12:31.196;17:12:02.460;0:35.001;0:37.720;0:37.539;266;Mapelli;;GT3;;Rutronik Racing;Lamborghini;GF;35.001;37.720;37.539
96;2;31;1:49.494;0;;35.291;0;37.036;0;37.167;0;190.5;1:14:20.690;17:13:51.954;0:35.291;0:37.036;0:37.167;261;Mapelli;;GT3;;Rutronik Racing;Lamborghini;GF;35.291;37.036;37.167
96;2;32;1:48.412;0;;34.414;0;36.897;0;37.101;0;192.4;1:16:09.102;17:15:40.366;0:34.414;0:36.897;0:37.101;264;Mapelli;;GT3;;Rutronik Racing;Lamborghini;GF;34.414;36.897;37.101
96;2;33;1:49.788;0;;34.188;0;37.845;0;37.755;0;190.0;1:17:58.890;17:17:30.154;0:34.188;0:37.845;0:37.755;269;Mapelli;;GT3;;Rutronik Racing;Lamborghini;GF;34.188;37.845;37.755
96;2;34;2:25.867;0;;35.908;0;37.121;0;1:12.838;0;143.0;1:20:24.757;17:19:56.021;0:35.908;0:37.121;1:12.838;268;Mapelli;;GT3;;Rutronik Racing;Lamborghini;FCY;35.908;37.121;72.838
96;2;35;2:01.420;0;;46.531;0;37.645;0;37.244;0;171.8;1:22:26.177;17:21:57.441;0:46.531;0:37.645;0:37.244;217;Mapelli;;GT3;;Rutronik Racing;Lamborghini;GF;46.531;37.645;37.244
96;2;36;1:48.626;0;;34.424;0;37.099;0;37.103;0;192.0;1:24:14.803;17:23:46.067;0:34.424;0:37.099;0:37.103;269;Mapelli;;GT3;;Rutronik Racing;Lamborghini;GF;34.424;37.099;37.103
96;2;37;1:49.385;0;;34.272;0;38.117;0;36.996;0;190.7;1:26:04.188;17:25:35.452;0:34.272;0:38.117;0:36.996;267;Mapelli;;GT3;;Rutronik Racing;Lamborghini;GF;34.272;38.117;36.996
96;2;38;1:48.295;0;;34.347;0;36.736;0;37.212;0;192.6;1:27:52.483;17:27:23.747;0:34.347;0:36.736;0:37.212;268;Mapelli;;GT3;;Rutronik Racing;Lamborghini;GF;34.347;36.736;37.212
96;2;39;1:48.013;0;;34.373;0;36.820;0;36.820;0;193.1;1:29:40.496;17:29:11.760;0:34.373;0:36.820;0:36.820;267;Mapelli;;GT3;;Rutronik Racing;Lamborghini;GF;34.373;36.820;36.820
96;2;40;1:48.132;0;;34.223;0;36.917;0;36.992;0;192.9;1:31:28.628;17:30:59.892;0:34.223;0:36.917;0:36.992;267;Mapelli;;GT3;;Rutronik Racing;Lamborghini;GF;34.223;36.917;36.992
96;2;41;1:48.271;0;;34.150;0;36.986;0;37.135;0;192.6;1:33:16.899;17:32:48.163;0:34.150;0:36.986;0:37.135;268;Mapelli;;GT3;;Rutronik Racing;Lamborghini;GF;34.150;36.986;37.135
96;2;42;1:48.371;0;;34.273;0;37.015;0;37.083;0;192.4;1:35:05.270;17:34:36.534;0:34.273;0:37.015;0:37.083;267;Mapelli;;GT3;;Rutronik Racing;Lamborghini;GF;34.273;37.015;37.083
96;2;43;3:52.613;0;;54.973;0;1:22.025;0;1:35.615;0;89.7;1:38:57.883;17:38:29.147;0:54.973;1:22.025;1:35.615;;Mapelli;;GT3;;Rutronik Racing;Lamborghini;FCY;54.973;82.025;95.615
96;2;44;4:40.611;0;;1:45.637;0;1:22.092;0;1:32.882;0;74.3;1:43:38.494;17:43:09.758;1:45.637;1:22.092;1:32.882;78;Mapelli;;GT3;;Rutronik Racing;Lamborghini;FCY;105.637;82.092;92.882
96;2;45;3:26.821;0;;1:27.163;0;1:11.675;0;47.983;0;100.8;1:47:05.315;17:46:36.579;1:27.163;1:11.675;0:47.983;78;Mapelli;;GT3;;Rutronik Racing;Lamborghini;SC;87.163;71.675;47.983
96;2;46;2:44.722;0;;37.952;0;58.068;0;1:08.702;0;126.6;1:49:50.037;17:49:21.301;0:37.952;0:58.068;1:08.702;215;Mapelli;;GT3;;Rutronik Racing;Lamborghini;SC;37.952;58.068;68.702
96;2;47;2:52.709;0;;1:05.367;0;55.712;0;51.630;0;120.8;1:52:42.746;17:52:14.010;1:05.367;0:55.712;0:51.630;78;Mapelli;;GT3;;Rutronik Racing;Lamborghini;GF;65.367;55.712;51.630
96;2;48;1:50.070;0;;35.058;0;37.525;0;37.487;0;189.5;1:54:32.816;17:54:04.080;0:35.058;0:37.525;0:37.487;256;Mapelli;;GT3;;Rutronik Racing;Lamborghini;GF;35.058;37.525;37.487
96;2;49;1:50.891;0;;35.291;0;37.594;0;38.006;0;188.1;1:56:23.707;17:55:54.971;0:35.291;0:37.594;0:38.006;270;Mapelli;;GT3;;Rutronik Racing;Lamborghini;GF;35.291;37.594;38.006
96;2;50;1:49.177;0;;34.256;0;37.673;0;37.248;0;191.0;1:58:12.884;17:57:44.148;0:34.256;0:37.673;0:37.248;269;Mapelli;;GT3;;Rutronik Racing;Lamborghini;GF;34.256;37.673;37.248
96;2;51;1:49.735;0;;34.723;0;37.498;0;37.514;0;190.0;2:00:02.619;17:59:33.883;0:34.723;0:37.498;0:37.514;262;Mapelli;;GT3;;Rutronik Racing;Lamborghini;GF;34.723;37.498;37.514
96;2;52;1:48.583;0;;34.159;0;37.086;0;37.338;0;192.1;2:01:51.202;18:01:22.466;0:34.159;0:37.086;0:37.338;269;Mapelli;;GT3;;Rutronik Racing;Lamborghini;GF;34.159;37.086;37.338
96;2;53;1:48.149;0;;34.293;0;36.839;0;37.017;0;192.8;2:03:39.351;18:03:10.615;0:34.293;0:36.839;0:37.017;267;Mapelli;;GT3;;Rutronik Racing;Lamborghini;GF;34.293;36.839;37.017
96;2;54;1:48.600;0;;34.241;0;37.170;0;37.189;0;192.0;2:05:27.951;18:04:59.215;0:34.241;0:37.170;0:37.189;269;Mapelli;;GT3;;Rutronik Racing;Lamborghini;GF;34.241;37.170;37.189
96;2;55;1:56.504;0;B;34.620;0;37.954;0;43.930;0;179.0;2:07:24.455;18:06:55.719;0:34.620;0:37.954;0:43.930;;Mapelli;;GT3;;Rutronik Racing;Lamborghini;GF;34.620;37.954;43.930
96;3;56;3:03.317;0;;1:49.537;0;36.754;0;37.026;0;113.8;2:10:27.772;18:09:59.036;1:49.537;0:36.754;0:37.026;203;Niederhauser;;GT3;;Rutronik Racing;Lamborghini;GF;109.537;36.754;37.026
96;3;57;1:47.197;1;;34.225;0;36.393;1;36.579;1;194.5;2:12:14.969;18:11:46.233;0:34.225;0:36.393;0:36.579;266;Niederhauser;;GT3;;Rutronik Racing;Lamborghini;GF;34.225;36.393;36.579
96;3;58;1:48.238;0;;34.822;0;36.619;0;36.797;0;192.7;2:14:03.207;18:13:34.471;0:34.822;0:36.619;0:36.797;267;Niederhauser;;GT3;;Rutronik Racing;Lamborghini;GF;34.822;36.619;36.797
96;3;59;1:47.875;0;;34.153;0;36.715;0;37.007;0;193.3;2:15:51.082;18:15:22.346;0:34.153;0:36.715;0:37.007;268;Niederhauser;;GT3;;Rutronik Racing;Lamborghini;GF;34.153;36.715;37.007
96;3;60;1:47.746;0;;34.525;0;36.429;0;36.792;0;193.6;2:17:38.828;18:17:10.092;0:34.525;0:36.429;0:36.792;269;Niederhauser;;GT3;;Rutronik Racing;Lamborghini;GF;34.525;36.429;36.792
96;3;61;1:47.669;0;;34.181;0;36.574;0;36.914;0;193.7;2:19:26.497;18:18:57.761;0:34.181;0:36.574;0:36.914;267;Niederhauser;;GT3;;Rutronik Racing;Lamborghini;GF;34.181;36.574;36.914
96;3;62;1:48.599;0;;34.097;0;37.730;0;36.772;0;192.0;2:21:15.096;18:20:46.360;0:34.097;0:37.730;0:36.772;269;Niederhauser;;GT3;;Rutronik Racing;Lamborghini;GF;34.097;37.730;36.772
96;3;63;1:47.387;0;;34.266;0;36.331;1;36.790;0;194.2;2:23:02.483;18:22:33.747;0:34.266;0:36.331;0:36.790;267;Niederhauser;;GT3;;Rutronik Racing;Lamborghini;GF;34.266;36.331;36.790
96;3;64;1:47.587;0;;34.440;0;36.414;0;36.733;0;193.8;2:24:50.070;18:24:21.334;0:34.440;0:36.414;0:36.733;267;Niederhauser;;GT3;;Rutronik Racing;Lamborghini;GF;34.440;36.414;36.733
96;3;65;1:47.549;0;;34.413;0;36.436;0;36.700;0;193.9;2:26:37.619;18:26:08.883;0:34.413;0:36.436;0:36.700;269;Niederhauser;;GT3;;Rutronik Racing;Lamborghini;GF;34.413;36.436;36.700
96;3;66;1:47.325;0;;34.193;0;36.331;0;36.801;0;194.3;2:28:24.944;18:27:56.208;0:34.193;0:36.331;0:36.801;268;Niederhauser;;GT3;;Rutronik Racing;Lamborghini;GF;34.193;36.331;36.801
96;3;67;1:47.451;0;;34.122;0;36.585;0;36.744;0;194.1;2:30:12.395;18:29:43.659;0:34.122;0:36.585;0:36.744;269;Niederhauser;;GT3;;Rutronik Racing;Lamborghini;GF;34.122;36.585;36.744
96;3;68;1:48.470;0;;34.419;0;37.097;0;36.954;0;192.3;2:32:00.865;18:31:32.129;0:34.419;0:37.097;0:36.954;269;Niederhauser;;GT3;;Rutronik Racing;Lamborghini;GF;34.419;37.097;36.954
96;3;69;1:48.192;0;;34.870;0;36.669;0;36.653;0;192.8;2:33:49.057;18:33:20.321;0:34.870;0:36.669;0:36.653;268;Niederhauser;;GT3;;Rutronik Racing;Lamborghini;GF;34.870;36.669;36.653
96;3;70;1:47.363;0;;34.167;0;36.494;0;36.702;0;194.2;2:35:36.420;18:35:07.684;0:34.167;0:36.494;0:36.702;267;Niederhauser;;GT3;;Rutronik Racing;Lamborghini;GF;34.167;36.494;36.702
96;3;71;1:47.452;0;;34.111;0;36.763;0;36.578;1;194.1;2:37:23.872;18:36:55.136;0:34.111;0:36.763;0:36.578;267;Niederhauser;;GT3;;Rutronik Racing;Lamborghini;GF;34.111;36.763;36.578
96;3;72;3:14.450;0;;34.241;0;1:07.333;0;1:32.876;0;107.3;2:40:38.322;18:40:09.586;0:34.241;1:07.333;1:32.876;267;Niederhauser;;GT3;;Rutronik Racing;Lamborghini;FCY;34.241;67.333;92.876
96;3;73;4:21.476;0;;1:26.691;0;1:22.010;0;1:32.775;0;79.8;2:44:59.798;18:44:31.062;1:26.691;1:22.010;1:32.775;78;Niederhauser;;GT3;;Rutronik Racing;Lamborghini;FCY;86.691;82.010;92.775
96;3;74;3:46.362;0;;1:26.693;0;1:22.070;0;57.599;0;92.1;2:48:46.160;18:48:17.424;1:26.693;1:22.070;0:57.599;78;Niederhauser;;GT3;;Rutronik Racing;Lamborghini;SC;86.693;82.070;57.599
96;3;75;1:58.242;0;;39.286;0;39.221;0;39.735;0;176.4;2:50:44.402;18:50:15.666;0:39.286;0:39.221;0:39.735;222;Niederhauser;;GT3;;Rutronik Racing;Lamborghini;SC;39.286;39.221;39.735
96;3;76;2:25.443;0;;46.871;0;51.307;0;47.265;0;143.4;2:53:09.845;18:52:41.109;0:46.871;0:51.307;0:47.265;206;Niederhauser;;GT3;;Rutronik Racing;Lamborghini;GF;46.871;51.307;47.265
96;3;77;1:49.599;0;;34.715;0;37.737;0;37.147;0;190.3;2:54:59.444;18:54:30.708;0:34.715;0:37.737;0:37.147;266;Niederhauser;;GT3;;Rutronik Racing;Lamborghini;GF;34.715;37.737;37.147
96;3;78;1:58.836;0;;36.372;0;41.701;0;40.763;0;175.5;2:56:58.280;18:56:29.544;0:36.372;0:41.701;0:40.763;269;Niederhauser;;GT3;;Rutronik Racing;Lamborghini;GF;36.372;41.701;40.763
96;3;79;4:11.520;0;;1:28.717;0;1:28.145;0;1:14.658;0;82.9;3:01:09.800;19:00:41.064;1:28.717;1:28.145;1:14.658;51;Niederhauser;;GT3;;Rutronik Racing;Lamborghini;GF;88.717;88.145;74.658
97;2;1;2:58.361;1;;49.328;1;49.184;1;1:19.849;1;116.9;2:58.361;16:02:29.625;0:49.328;0:49.184;1:19.849;167;Au;;GT3;;Rutronik Racing;Porsche;SC;49.328;49.184;79.849
97;2;2;4:29.767;0;;1:51.134;0;1:20.526;0;1:18.107;1;77.3;7:28.128;16:06:59.392;1:51.134;1:20.526;1:18.107;65;Au;;GT3;;Rutronik Racing;Porsche;SC;111.134;80.526;78.107
97;2;3;3:20.580;0;;1:18.613;0;1:05.689;0;56.278;1;104.0;10:48.708;16:10:19.972;1:18.613;1:05.689;0:56.278;35;Au;;GT3;;Rutronik Racing;Porsche;SC;78.613;65.689;56.278
97;2;4;2:42.519;1;;1:03.346;0;52.608;0;46.565;1;128.3;13:31.227;16:13:02.491;1:03.346;0:52.608;0:46.565;104;Au;;GT3;;Rutronik Racing;Porsche;SC;63.346;52.608;46.565
97;2;5;2:32.296;1;;40.908;1;54.923;0;56.465;0;136.9;16:03.523;16:15:34.787;0:40.908;0:54.923;0:56.465;;Au;;GT3;;Rutronik Racing;Porsche;SC;40.908;54.923;56.465
97;2;6;3:21.605;0;;2:03.634;0;39.479;1;38.492;1;103.4;19:25.128;16:18:56.392;2:03.634;0:39.479;0:38.492;200;Au;;GT3;;Rutronik Racing;Porsche;GF;123.634;39.479;38.492
97;2;7;1:51.793;1;;35.534;1;38.180;1;38.079;1;186.5;21:16.921;16:20:48.185;0:35.534;0:38.180;0:38.079;262;Au;;GT3;;Rutronik Racing;Porsche;GF;35.534;38.180;38.079
97;2;8;1:50.791;1;;35.303;1;37.775;1;37.713;1;188.2;23:07.712;16:22:38.976;0:35.303;0:37.775;0:37.713;263;Au;;GT3;;Rutronik Racing;Porsche;GF;35.303;37.775;37.713
97;2;9;1:49.859;1;;34.771;1;37.400;1;37.688;1;189.8;24:57.571;16:24:28.835;0:34.771;0:37.400;0:37.688;265;Au;;GT3;;Rutronik Racing;Porsche;GF;34.771;37.400;37.688
97;2;10;1:49.949;0;;34.909;0;37.500;0;37.540;1;189.7;26:47.520;16:26:18.784;0:34.909;0:37.500;0:37.540;264;Au;;GT3;;Rutronik Racing;Porsche;GF;34.909;37.500;37.540
97;2;11;1:49.697;1;;34.722;1;37.619;0;37.356;1;190.1;28:37.217;16:28:08.481;0:34.722;0:37.619;0:37.356;266;Au;;GT3;;Rutronik Racing;Porsche;GF;34.722;37.619;37.356
97;2;12;1:49.678;1;;34.709;1;37.521;0;37.448;0;190.1;30:26.895;16:29:58.159;0:34.709;0:37.521;0:37.448;266;Au;;GT3;;Rutronik Racing;Porsche;GF;34.709;37.521;37.448
97;2;13;1:49.612;1;;34.603;1;37.300;1;37.709;0;190.3;32:16.507;16:31:47.771;0:34.603;0:37.300;0:37.709;267;Au;;GT3;;Rutronik Racing;Porsche;GF;34.603;37.300;37.709
97;2;14;1:49.309;1;;34.670;0;37.083;1;37.556;0;190.8;34:05.816;16:33:37.080;0:34.670;0:37.083;0:37.556;266;Au;;GT3;;Rutronik Racing;Porsche;GF;34.670;37.083;37.556
97;2;15;1:49.027;1;;34.589;1;37.035;1;37.403;0;191.3;35:54.843;16:35:26.107;0:34.589;0:37.035;0:37.403;266;Au;;GT3;;Rutronik Racing;Porsche;GF;34.589;37.035;37.403
97;2;16;1:49.279;0;;34.606;0;37.244;0;37.429;0;190.8;37:44.122;16:37:15.386;0:34.606;0:37.244;0:37.429;266;Au;;GT3;;Rutronik Racing;Porsche;GF;34.606;37.244;37.429
97;2;17;1:49.837;0;;34.579;1;37.436;0;37.822;0;189.9;39:33.959;16:39:05.223;0:34.579;0:37.436;0:37.822;267;Au;;GT3;;Rutronik Racing;Porsche;GF;34.579;37.436;37.822
97;2;18;1:49.241;0;;34.639;0;37.071;0;37.531;0;190.9;41:23.200;16:40:54.464;0:34.639;0:37.071;0:37.531;265;Au;;GT3;;Rutronik Racing;Porsche;GF;34.639;37.071;37.531
97;2;19;1:49.035;0;;34.501;1;37.242;0;37.292;1;191.3;43:12.235;16:42:43.499;0:34.501;0:37.242;0:37.292;266;Au;;GT3;;Rutronik Racing;Porsche;GF;34.501;37.242;37.292
97;2;20;1:49.368;0;;35.010;0;37.058;0;37.300;0;190.7;45:01.603;16:44:32.867;0:35.010;0:37.058;0:37.300;263;Au;;GT3;;Rutronik Racing;Porsche;GF;35.010;37.058;37.300
97;2;21;1:49.084;0;;34.752;0;36.958;1;37.374;0;191.2;46:50.687;16:46:21.951;0:34.752;0:36.958;0:37.374;264;Au;;GT3;;Rutronik Racing;Porsche;GF;34.752;36.958;37.374
97;2;22;1:49.005;1;;34.681;0;37.028;0;37.296;0;191.3;48:39.692;16:48:10.956;0:34.681;0:37.028;0:37.296;263;Au;;GT3;;Rutronik Racing;Porsche;GF;34.681;37.028;37.296
97;2;23;2:39.534;0;;34.724;0;37.141;0;1:27.669;0;130.7;51:19.226;16:50:50.490;0:34.724;0:37.141;1:27.669;264;Au;;GT3;;Rutronik Racing;Porsche;FCY;34.724;37.141;87.669
97;2;24;4:20.224;0;;1:26.200;0;1:21.755;0;1:32.269;0;80.1;55:39.450;16:55:10.714;1:26.200;1:21.755;1:32.269;78;Au;;GT3;;Rutronik Racing;Porsche;FCY;86.200;81.755;92.269
97;2;25;4:23.893;0;;1:26.654;0;1:21.841;0;1:35.398;0;79.0;1:00:03.343;16:59:34.607;1:26.654;1:21.841;1:35.398;;Au;;GT3;;Rutronik Racing;Porsche;GF;86.654;81.841;95.398
97;1;26;4:55.958;0;B;2:27.747;0;1:21.827;0;1:06.384;0;70.5;1:04:59.301;17:04:30.565;2:27.747;1:21.827;1:06.384;78;Pera;;GT3;;Rutronik Racing;Porsche;SC;147.747;81.827;66.384
97;1;27;1:59.868;0;;36.952;0;37.992;0;44.924;0;174.0;1:06:59.169;17:06:30.433;0:36.952;0:37.992;0:44.924;;Pera;;GT3;;Rutronik Racing;Porsche;SC;36.952;37.992;44.924
97;1;28;2:19.972;0;;1:04.587;0;38.125;0;37.260;1;149.0;1:09:19.141;17:08:50.405;1:04.587;0:38.125;0:37.260;203;Pera;;GT3;;Rutronik Racing;Porsche;GF;64.587;38.125;37.260
97;1;29;1:48.343;1;;34.535;0;36.925;1;36.883;1;192.5;1:11:07.484;17:10:38.748;0:34.535;0:36.925;0:36.883;263;Pera;;GT3;;Rutronik Racing;Porsche;GF;34.535;36.925;36.883
97;1;30;1:47.870;1;;34.588;0;36.557;1;36.725;1;193.3;1:12:55.354;17:12:26.618;0:34.588;0:36.557;0:36.725;266;Pera;;GT3;;Rutronik Racing;Porsche;GF;34.588;36.557;36.725
97;1;31;1:49.388;0;;34.800;0;36.872;0;37.716;0;190.6;1:14:44.742;17:14:16.006;0:34.800;0:36.872;0:37.716;250;Pera;;GT3;;Rutronik Racing;Porsche;GF;34.800;36.872;37.716
97;1;32;1:47.221;1;;34.389;1;36.311;1;36.521;1;194.5;1:16:31.963;17:16:03.227;0:34.389;0:36.311;0:36.521;265;Pera;;GT3;;Rutronik Racing;Porsche;GF;34.389;36.311;36.521
97;1;33;1:47.470;0;;34.402;0;36.324;0;36.744;0;194.1;1:18:19.433;17:17:50.697;0:34.402;0:36.324;0:36.744;266;Pera;;GT3;;Rutronik Racing;Porsche;GF;34.402;36.324;36.744
97;1;34;2:32.361;0;;34.299;1;43.233;0;1:14.829;0;136.9;1:20:51.794;17:20:23.058;0:34.299;0:43.233;1:14.829;267;Pera;;GT3;;Rutronik Racing;Porsche;GF;34.299;43.233;74.829
97;1;35;1:47.633;0;;34.574;0;36.537;0;36.522;0;193.8;1:22:39.427;17:22:10.691;0:34.574;0:36.537;0:36.522;263;Pera;;GT3;;Rutronik Racing;Porsche;GF;34.574;36.537;36.522
97;1;36;1:47.462;0;;34.313;0;36.544;0;36.605;0;194.1;1:24:26.889;17:23:58.153;0:34.313;0:36.544;0:36.605;267;Pera;;GT3;;Rutronik Racing;Porsche;GF;34.313;36.544;36.605
97;1;37;1:47.758;0;;34.389;0;36.614;0;36.755;0;193.5;1:26:14.647;17:25:45.911;0:34.389;0:36.614;0:36.755;269;Pera;;GT3;;Rutronik Racing;Porsche;GF;34.389;36.614;36.755
97;1;38;1:48.135;0;;34.325;0;36.921;0;36.889;0;192.9;1:28:02.782;17:27:34.046;0:34.325;0:36.921;0:36.889;269;Pera;;GT3;;Rutronik Racing;Porsche;GF;34.325;36.921;36.889
97;1;39;1:48.056;0;;34.458;0;36.905;0;36.693;0;193.0;1:29:50.838;17:29:22.102;0:34.458;0:36.905;0:36.693;269;Pera;;GT3;;Rutronik Racing;Porsche;GF;34.458;36.905;36.693
97;1;40;1:48.182;0;;34.381;0;37.125;0;36.676;0;192.8;1:31:39.020;17:31:10.284;0:34.381;0:37.125;0:36.676;269;Pera;;GT3;;Rutronik Racing;Porsche;GF;34.381;37.125;36.676
97;1;41;1:48.182;0;;34.374;0;36.950;0;36.858;0;192.8;1:33:27.202;17:32:58.466;0:34.374;0:36.950;0:36.858;271;Pera;;GT3;;Rutronik Racing;Porsche;GF;34.374;36.950;36.858
97;1;42;1:48.080;0;;34.324;0;37.008;0;36.748;0;193.0;1:35:15.282;17:34:46.546;0:34.324;0:37.008;0:36.748;270;Pera;;GT3;;Rutronik Racing;Porsche;GF;34.324;37.008;36.748
97;1;43;3:57.537;0;;1:00.318;0;1:21.681;0;1:35.538;0;87.8;1:39:12.819;17:38:44.083;1:00.318;1:21.681;1:35.538;;Pera;;GT3;;Rutronik Racing;Porsche;FCY;60.318;81.681;95.538
97;1;44;4:35.149;0;;1:40.926;0;1:21.827;0;1:32.396;0;75.8;1:43:47.968;17:43:19.232;1:40.926;1:21.827;1:32.396;78;Pera;;GT3;;Rutronik Racing;Porsche;FCY;100.926;81.827;92.396
97;1;45;3:20.854;0;;1:26.517;0;1:06.405;0;47.932;0;103.8;1:47:08.822;17:46:40.086;1:26.517;1:06.405;0:47.932;78;Pera;;GT3;;Rutronik Racing;Porsche;SC;86.517;66.405;47.932
97;1;46;2:43.267;0;;37.878;0;57.156;0;1:08.233;0;127.7;1:49:52.089;17:49:23.353;0:37.878;0:57.156;1:08.233;210;Pera;;GT3;;Rutronik Racing;Porsche;SC;37.878;57.156;68.233
97;1;47;2:51.912;0;;1:06.036;0;55.790;0;50.086;0;121.3;1:52:44.001;17:52:15.265;1:06.036;0:55.790;0:50.086;71;Pera;;GT3;;Rutronik Racing;Porsche;GF;66.036;55.790;50.086
97;1;48;1:49.582;0;;34.998;0;37.353;0;37.231;0;190.3;1:54:33.583;17:54:04.847;0:34.998;0:37.353;0:37.231;263;Pera;;GT3;;Rutronik Racing;Porsche;GF;34.998;37.353;37.231
97;1;49;1:52.766;0;;37.787;0;37.786;0;37.193;0;184.9;1:56:26.349;17:55:57.613;0:37.787;0:37.786;0:37.193;259;Pera;;GT3;;Rutronik Racing;Porsche;GF;37.787;37.786;37.193
97;1;50;1:48.552;0;;34.391;0;36.926;0;37.235;0;192.1;1:58:14.901;17:57:46.165;0:34.391;0:36.926;0:37.235;272;Pera;;GT3;;Rutronik Racing;Porsche;GF;34.391;36.926;37.235
97;1;51;1:49.125;0;;34.788;0;36.655;0;37.682;0;191.1;2:00:04.026;17:59:35.290;0:34.788;0:36.655;0:37.682;272;Pera;;GT3;;Rutronik Racing;Porsche;GF;34.788;36.655;37.682
97;1;52;1:49.398;0;;34.746;0;37.556;0;37.096;0;190.6;2:01:53.424;18:01:24.688;0:34.746;0:37.556;0:37.096;258;Pera;;GT3;;Rutronik Racing;Porsche;GF;34.746;37.556;37.096
97;1;53;1:48.793;0;;34.480;0;37.312;0;37.001;0;191.7;2:03:42.217;18:03:13.481;0:34.480;0:37.312;0:37.001;270;Pera;;GT3;;Rutronik Racing;Porsche;GF;34.480;37.312;37.001
97;1;54;1:47.882;0;;34.226;1;36.789;0;36.867;0;193.3;2:05:30.099;18:05:01.363;0:34.226;0:36.789;0:36.867;269;Pera;;GT3;;Rutronik Racing;Porsche;GF;34.226;36.789;36.867
97;1;55;1:50.214;0;;34.161;1;37.410;0;38.643;0;189.2;2:07:20.313;18:06:51.577;0:34.161;0:37.410;0:38.643;269;Pera;;GT3;;Rutronik Racing;Porsche;GF;34.161;37.410;38.643
97;1;56;1:49.275;0;;35.165;0;37.260;0;36.850;0;190.8;2:09:09.588;18:08:40.852;0:35.165;0:37.260;0:36.850;260;Pera;;GT3;;Rutronik Racing;Porsche;GF;35.165;37.260;36.850
97;1;57;1:55.479;0;B;34.473;0;36.367;0;44.639;0;180.6;2:11:05.067;18:10:36.331;0:34.473;0:36.367;0:44.639;;Pera;;GT3;;Rutronik Racing;Porsche;GF;34.473;36.367;44.639
97;3;58;3:12.431;0;;1:51.680;0;37.080;0;43.671;0;108.4;2:14:17.498;18:13:48.762;1:51.680;0:37.080;0:43.671;;Müller;;GT3;;Rutronik Racing;Porsche;GF;111.680;37.080;43.671
97;3;59;2:11.746;0;;58.574;0;36.473;0;36.699;0;158.3;2:16:29.244;18:16:00.508;0:58.574;0:36.473;0:36.699;205;Müller;;GT3;;Rutronik Racing;Porsche;GF;58.574;36.473;36.699
97;3;60;1:47.834;0;;34.174;0;36.878;0;36.782;0;193.4;2:18:17.078;18:17:48.342;0:34.174;0:36.878;0:36.782;268;Müller;;GT3;;Rutronik Racing;Porsche;GF;34.174;36.878;36.782
97;3;61;1:47.718;0;;34.294;0;36.709;0;36.715;0;193.6;2:20:04.796;18:19:36.060;0:34.294;0:36.709;0:36.715;267;Müller;;GT3;;Rutronik Racing;Porsche;GF;34.294;36.709;36.715
97;3;62;1:47.353;0;;34.137;1;36.524;0;36.692;0;194.3;2:21:52.149;18:21:23.413;0:34.137;0:36.524;0:36.692;269;Müller;;GT3;;Rutronik Racing;Porsche;GF;34.137;36.524;36.692
97;3;63;1:47.772;0;;34.247;0;36.731;0;36.794;0;193.5;2:23:39.921;18:23:11.185;0:34.247;0:36.731;0:36.794;269;Müller;;GT3;;Rutronik Racing;Porsche;GF;34.247;36.731;36.794
97;3;64;1:47.738;0;;34.514;0;36.541;0;36.683;0;193.6;2:25:27.659;18:24:58.923;0:34.514;0:36.541;0:36.683;271;Müller;;GT3;;Rutronik Racing;Porsche;GF;34.514;36.541;36.683
97;3;65;1:47.635;0;;34.187;0;36.740;0;36.708;0;193.8;2:27:15.294;18:26:46.558;0:34.187;0:36.740;0:36.708;269;Müller;;GT3;;Rutronik Racing;Porsche;GF;34.187;36.740;36.708
97;3;66;1:47.854;0;;34.097;1;36.896;0;36.861;0;193.4;2:29:03.148;18:28:34.412;0:34.097;0:36.896;0:36.861;269;Müller;;GT3;;Rutronik Racing;Porsche;GF;34.097;36.896;36.861
97;3;67;1:48.852;0;;34.244;0;36.841;0;37.767;0;191.6;2:30:52.000;18:30:23.264;0:34.244;0:36.841;0:37.767;271;Müller;;GT3;;Rutronik Racing;Porsche;GF;34.244;36.841;37.767
97;3;68;1:48.768;0;;35.251;0;36.712;0;36.805;0;191.7;2:32:40.768;18:32:12.032;0:35.251;0:36.712;0:36.805;267;Müller;;GT3;;Rutronik Racing;Porsche;GF;35.251;36.712;36.805
97;3;69;1:47.684;0;;34.280;0;36.713;0;36.691;0;193.7;2:34:28.452;18:33:59.716;0:34.280;0:36.713;0:36.691;268;Müller;;GT3;;Rutronik Racing;Porsche;GF;34.280;36.713;36.691
97;3;70;1:47.635;0;;34.324;0;36.587;0;36.724;0;193.8;2:36:16.087;18:35:47.351;0:34.324;0:36.587;0:36.724;269;Müller;;GT3;;Rutronik Racing;Porsche;GF;34.324;36.587;36.724
97;3;71;1:48.450;0;;34.348;0;37.017;0;37.085;0;192.3;2:38:04.537;18:37:35.801;0:34.348;0:37.017;0:37.085;267;Müller;;GT3;;Rutronik Racing;Porsche;GF;34.348;37.017;37.085
97;3;72;4:08.401;0;;1:13.666;0;1:21.866;0;1:32.869;0;84.0;2:42:12.938;18:41:44.202;1:13.666;1:21.866;1:32.869;78;Müller;;GT3;;Rutronik Racing;Porsche;FCY;73.666;81.866;92.869
97;3;73;4:20.621;0;;1:26.444;0;1:21.762;0;1:32.415;0;80.0;2:46:33.559;18:46:04.823;1:26.444;1:21.762;1:32.415;78;Müller;;GT3;;Rutronik Racing;Porsche;FCY;86.444;81.762;92.415
97;3;74;3:37.360;0;;1:26.538;0;1:02.429;0;1:08.393;0;95.9;2:50:10.919;18:49:42.183;1:26.538;1:02.429;1:08.393;78;Müller;;GT3;;Rutronik Racing;Porsche;SC;86.538;62.429;68.393
97;3;75;2:52.290;0;;1:04.387;0;50.505;0;57.398;0;121.0;2:53:03.209;18:52:34.473;1:04.387;0:50.505;0:57.398;114;Müller;;GT3;;Rutronik Racing;Porsche;GF;64.387;50.505;57.398
97;3;76;1:53.141;0;;36.795;0;38.410;0;37.936;0;184.3;2:54:56.350;18:54:27.614;0:36.795;0:38.410;0:37.936;262;Müller;;GT3;;Rutronik Racing;Porsche;GF;36.795;38.410;37.936
98;1;1;2:28.298;1;;41.780;1;37.947;1;1:08.571;1;140.6;2:28.298;16:01:59.562;0:41.780;0:37.947;1:08.571;189;Farfus;;GT3;;Rowe Racing;BMW;SC;41.780;37.947;68.571
98;1;2;4:23.347;0;;1:46.888;0;1:19.111;0;1:17.348;0;79.2;6:51.645;16:06:22.909;1:46.888;1:19.111;1:17.348;40;Farfus;;GT3;;Rowe Racing;BMW;SC;106.888;79.111;77.348
98;1;3;3:25.457;0;;1:24.272;0;1:01.202;0;59.983;1;101.5;10:17.102;16:09:48.366;1:24.272;1:01.202;0:59.983;69;Farfus;;GT3;;Rowe Racing;BMW;SC;84.272;61.202;59.983
98;1;4;2:57.685;0;;1:07.459;0;52.539;0;57.687;1;117.4;13:14.787;16:12:46.051;1:07.459;0:52.539;0:57.687;;Farfus;;GT3;;Rowe Racing;BMW;SC;67.459;52.539;57.687
98;1;5;3:11.068;0;;1:54.550;0;38.477;0;38.041;1;109.1;16:25.855;16:15:57.119;1:54.550;0:38.477;0:38.041;203;Farfus;;GT3;;Rowe Racing;BMW;SC;114.550;38.477;38.041
98;1;6;2:22.496;1;;42.159;0;53.644;0;46.693;0;146.4;18:48.351;16:18:19.615;0:42.159;0:53.644;0:46.693;157;Farfus;;GT3;;Rowe Racing;BMW;GF;42.159;53.644;46.693
98;1;7;1:52.836;1;;35.618;1;38.006;0;39.212;0;184.8;20:41.187;16:20:12.451;0:35.618;0:38.006;0:39.212;250;Farfus;;GT3;;Rowe Racing;BMW;GF;35.618;38.006;39.212
98;1;8;1:50.146;1;;35.177;1;37.697;1;37.272;1;189.3;22:31.333;16:22:02.597;0:35.177;0:37.697;0:37.272;268;Farfus;;GT3;;Rowe Racing;BMW;GF;35.177;37.697;37.272
98;1;9;1:48.713;1;;34.471;1;36.898;1;37.344;0;191.8;24:20.046;16:23:51.310;0:34.471;0:36.898;0:37.344;269;Farfus;;GT3;;Rowe Racing;BMW;GF;34.471;36.898;37.344
98;1;10;1:49.851;0;;35.085;0;37.122;0;37.644;0;189.8;26:09.897;16:25:41.161;0:35.085;0:37.122;0:37.644;246;Farfus;;GT3;;Rowe Racing;BMW;GF;35.085;37.122;37.644
98;1;11;1:51.301;0;;37.995;0;36.592;1;36.714;1;187.4;28:01.198;16:27:32.462;0:37.995;0:36.592;0:36.714;265;Farfus;;GT3;;Rowe Racing;BMW;GF;37.995;36.592;36.714
98;1;12;1:47.571;1;;34.303;1;36.361;1;36.907;0;193.9;29:48.769;16:29:20.033;0:34.303;0:36.361;0:36.907;269;Farfus;;GT3;;Rowe Racing;BMW;GF;34.303;36.361;36.907
98;1;13;1:50.251;0;;34.754;0;37.940;0;37.557;0;189.2;31:39.020;16:31:10.284;0:34.754;0:37.940;0:37.557;265;Farfus;;GT3;;Rowe Racing;BMW;GF;34.754;37.940;37.557
98;1;14;1:48.635;0;;34.588;0;36.871;0;37.176;0;192.0;33:27.655;16:32:58.919;0:34.588;0:36.871;0:37.176;248;Farfus;;GT3;;Rowe Racing;BMW;GF;34.588;36.871;37.176
98;1;15;1:49.658;0;;34.899;0;37.613;0;37.146;0;190.2;35:17.313;16:34:48.577;0:34.899;0:37.613;0:37.146;262;Farfus;;GT3;;Rowe Racing;BMW;GF;34.899;37.613;37.146
98;1;16;1:48.233;0;;34.329;0;36.920;0;36.984;0;192.7;37:05.546;16:36:36.810;0:34.329;0:36.920;0:36.984;263;Farfus;;GT3;;Rowe Racing;BMW;GF;34.329;36.920;36.984
98;1;17;1:48.643;0;;34.576;0;36.964;0;37.103;0;192.0;38:54.189;16:38:25.453;0:34.576;0:36.964;0:37.103;269;Farfus;;GT3;;Rowe Racing;BMW;GF;34.576;36.964;37.103
98;1;18;1:48.362;0;;34.474;0;36.901;0;36.987;0;192.5;40:42.551;16:40:13.815;0:34.474;0:36.901;0:36.987;267;Farfus;;GT3;;Rowe Racing;BMW;GF;34.474;36.901;36.987
98;1;19;1:48.329;0;;34.344;0;36.946;0;37.039;0;192.5;42:30.880;16:42:02.144;0:34.344;0:36.946;0:37.039;269;Farfus;;GT3;;Rowe Racing;BMW;GF;34.344;36.946;37.039
98;1;20;1:49.824;0;;34.399;0;37.394;0;38.031;0;189.9;44:20.704;16:43:51.968;0:34.399;0:37.394;0:38.031;269;Farfus;;GT3;;Rowe Racing;BMW;GF;34.399;37.394;38.031
98;1;21;1:47.535;1;;34.274;1;36.551;0;36.710;1;193.9;46:08.239;16:45:39.503;0:34.274;0:36.551;0:36.710;267;Farfus;;GT3;;Rowe Racing;BMW;GF;34.274;36.551;36.710
98;1;22;1:47.410;1;;34.305;0;36.388;0;36.717;0;194.2;47:55.649;16:47:26.913;0:34.305;0:36.388;0:36.717;267;Farfus;;GT3;;Rowe Racing;BMW;GF;34.305;36.388;36.717
98;1;23;1:48.129;0;;34.178;1;36.410;0;37.541;0;192.9;49:43.778;16:49:15.042;0:34.178;0:36.410;0:37.541;268;Farfus;;GT3;;Rowe Racing;BMW;GF;34.178;36.410;37.541
98;1;24;3:54.744;0;;1:00.537;0;1:21.796;0;1:32.411;0;88.8;53:38.522;16:53:09.786;1:00.537;1:21.796;1:32.411;229;Farfus;;GT3;;Rowe Racing;BMW;FCY;60.537;81.796;92.411
98;1;25;4:20.495;0;;1:26.203;0;1:21.865;0;1:32.427;0;80.1;57:59.017;16:57:30.281;1:26.203;1:21.865;1:32.427;78;Farfus;;GT3;;Rowe Racing;BMW;FCY;86.203;81.865;92.427
98;1;26;4:20.917;0;;1:26.468;0;1:21.869;0;1:32.580;0;79.9;1:02:19.934;17:01:51.198;1:26.468;1:21.869;1:32.580;78;Farfus;;GT3;;Rowe Racing;BMW;GF;86.468;81.869;92.580
98;1;27;3:29.735;0;B;1:26.763;0;1:01.228;0;1:01.744;0;99.4;1:05:49.669;17:05:20.933;1:26.763;1:01.228;1:01.744;78;Farfus;;GT3;;Rowe Racing;BMW;SC;86.763;61.228;61.744
98;1;28;2:50.296;0;;1:05.306;0;53.583;0;51.407;0;122.5;1:08:39.965;17:08:11.229;1:05.306;0:53.583;0:51.407;104;Farfus;;GT3;;Rowe Racing;BMW;GF;65.306;53.583;51.407
98;1;29;1:49.507;0;;35.200;0;37.082;0;37.225;0;190.4;1:10:29.472;17:10:00.736;0:35.200;0:37.082;0:37.225;263;Farfus;;GT3;;Rowe Racing;BMW;GF;35.200;37.082;37.225
98;1;30;1:55.547;0;;34.489;0;36.955;0;44.103;0;180.5;1:12:25.019;17:11:56.283;0:34.489;0:36.955;0:44.103;;Farfus;;GT3;;Rowe Racing;BMW;GF;34.489;36.955;44.103
98;2;31;3:06.434;0;;1:52.440;0;36.950;0;37.044;0;111.9;1:15:31.453;17:15:02.717;1:52.440;0:36.950;0:37.044;203;Dennis;;GT3;;Rowe Racing;BMW;GF;112.440;36.950;37.044
98;2;32;1:48.448;0;;34.697;0;36.950;0;36.801;0;192.3;1:17:19.901;17:16:51.165;0:34.697;0:36.950;0:36.801;264;Dennis;;GT3;;Rowe Racing;BMW;GF;34.697;36.950;36.801
98;2;33;1:48.447;0;;34.546;0;36.796;0;37.105;0;192.3;1:19:08.348;17:18:39.612;0:34.546;0:36.796;0:37.105;265;Dennis;;GT3;;Rowe Racing;BMW;GF;34.546;36.796;37.105
98;2;34;2:28.009;0;;58.376;0;52.602;0;37.031;0;140.9;1:21:36.357;17:21:07.621;0:58.376;0:52.602;0:37.031;265;Dennis;;GT3;;Rowe Racing;BMW;GF;58.376;52.602;37.031
98;2;35;1:48.029;0;;34.496;0;36.734;0;36.799;0;193.0;1:23:24.386;17:22:55.650;0:34.496;0:36.734;0:36.799;265;Dennis;;GT3;;Rowe Racing;BMW;GF;34.496;36.734;36.799
98;2;36;1:47.725;0;;34.449;0;36.630;0;36.646;1;193.6;1:25:12.111;17:24:43.375;0:34.449;0:36.630;0:36.646;265;Dennis;;GT3;;Rowe Racing;BMW;GF;34.449;36.630;36.646
98;2;37;1:47.583;0;;34.422;0;36.519;0;36.642;1;193.8;1:26:59.694;17:26:30.958;0:34.422;0:36.519;0:36.642;265;Dennis;;GT3;;Rowe Racing;BMW;GF;34.422;36.519;36.642
98;2;38;1:47.577;0;;34.376;0;36.506;0;36.695;0;193.9;1:28:47.271;17:28:18.535;0:34.376;0:36.506;0:36.695;265;Dennis;;GT3;;Rowe Racing;BMW;GF;34.376;36.506;36.695
98;2;39;1:47.634;0;;34.476;0;36.525;0;36.633;1;193.8;1:30:34.905;17:30:06.169;0:34.476;0:36.525;0:36.633;265;Dennis;;GT3;;Rowe Racing;BMW;GF;34.476;36.525;36.633
98;2;40;1:47.578;0;;34.337;0;36.613;0;36.628;1;193.9;1:32:22.483;17:31:53.747;0:34.337;0:36.613;0:36.628;265;Dennis;;GT3;;Rowe Racing;BMW;GF;34.337;36.613;36.628
98;2;41;1:47.644;0;;34.400;0;36.489;0;36.755;0;193.7;1:34:10.127;17:33:41.391;0:34.400;0:36.489;0:36.755;267;Dennis;;GT3;;Rowe Racing;BMW;GF;34.400;36.489;36.755
98;2;42;2:33.856;0;;34.391;0;36.870;0;1:22.595;0;135.5;1:36:43.983;17:36:15.247;0:34.391;0:36.870;1:22.595;267;Dennis;;GT3;;Rowe Racing;BMW;FCY;34.391;36.870;82.595
98;2;43;4:19.858;0;;1:25.765;0;1:21.790;0;1:32.303;0;80.3;1:41:03.841;17:40:35.105;1:25.765;1:21.790;1:32.303;78;Dennis;;GT3;;Rowe Racing;BMW;FCY;85.765;81.790;92.303
98;2;44;4:21.872;0;;1:26.957;0;1:22.025;0;1:32.890;0;79.6;1:45:25.713;17:44:56.977;1:26.957;1:22.025;1:32.890;78;Dennis;;GT3;;Rowe Racing;BMW;GF;86.957;82.025;92.890
98;2;45;2:23.717;0;;1:03.270;0;41.142;0;39.305;0;145.1;1:47:49.430;17:47:20.694;1:03.270;0:41.142;0:39.305;78;Dennis;;GT3;;Rowe Racing;BMW;SC;63.270;41.142;39.305
98;2;46;2:18.231;0;;35.823;0;37.811;0;1:04.597;0;150.9;1:50:07.661;17:49:38.925;0:35.823;0:37.811;1:04.597;;Dennis;;GT3;;Rowe Racing;BMW;SC;35.823;37.811;64.597
98;3;47;3:04.297;0;;1:50.152;0;37.100;0;37.045;0;113.2;1:53:11.958;17:52:43.222;1:50.152;0:37.100;0:37.045;203;Marciello;;GT3;;Rowe Racing;BMW;GF;110.152;37.100;37.045
98;3;48;1:48.677;0;;34.598;0;36.907;0;37.172;0;191.9;1:55:00.635;17:54:31.899;0:34.598;0:36.907;0:37.172;256;Marciello;;GT3;;Rowe Racing;BMW;GF;34.598;36.907;37.172
98;3;49;1:49.117;0;;34.680;0;37.159;0;37.278;0;191.1;1:56:49.752;17:56:21.016;0:34.680;0:37.159;0:37.278;244;Marciello;;GT3;;Rowe Racing;BMW;GF;34.680;37.159;37.278
98;3;50;1:49.492;0;;34.643;0;37.166;0;37.683;0;190.5;1:58:39.244;17:58:10.508;0:34.643;0:37.166;0:37.683;245;Marciello;;GT3;;Rowe Racing;BMW;GF;34.643;37.166;37.683
98;3;51;1:49.049;0;;34.604;0;36.957;0;37.488;0;191.2;2:00:28.293;17:59:59.557;0:34.604;0:36.957;0:37.488;248;Marciello;;GT3;;Rowe Racing;BMW;GF;34.604;36.957;37.488
98;3;52;1:48.807;0;;34.704;0;36.833;0;37.270;0;191.7;2:02:17.100;18:01:48.364;0:34.704;0:36.833;0:37.270;242;Marciello;;GT3;;Rowe Racing;BMW;GF;34.704;36.833;37.270
98;3;53;1:48.381;0;;34.395;0;36.802;0;37.184;0;192.4;2:04:05.481;18:03:36.745;0:34.395;0:36.802;0:37.184;248;Marciello;;GT3;;Rowe Racing;BMW;GF;34.395;36.802;37.184
98;3;54;1:48.370;0;B;34.326;0;36.701;0;37.343;0;192.4;2:05:53.851;18:05:25.115;0:34.326;0:36.701;0:37.343;250;Marciello;;GT3;;Rowe Racing;BMW;GF;34.326;36.701;37.343
98;3;55;1:48.527;0;;34.579;0;36.784;0;37.164;0;192.2;2:07:42.378;18:07:13.642;0:34.579;0:36.784;0:37.164;245;Marciello;;GT3;;Rowe Racing;BMW;GF;34.579;36.784;37.164
98;3;56;1:48.853;0;;34.510;0;37.075;0;37.268;0;191.6;2:09:31.231;18:09:02.495;0:34.510;0:37.075;0:37.268;247;Marciello;;GT3;;Rowe Racing;BMW;GF;34.510;37.075;37.268
98;3;57;1:48.835;0;;34.755;0;36.882;0;37.198;0;191.6;2:11:20.066;18:10:51.330;0:34.755;0:36.882;0:37.198;245;Marciello;;GT3;;Rowe Racing;BMW;GF;34.755;36.882;37.198
98;3;58;1:48.894;0;;34.576;0;36.849;0;37.469;0;191.5;2:13:08.960;18:12:40.224;0:34.576;0:36.849;0:37.469;239;Marciello;;GT3;;Rowe Racing;BMW;GF;34.576;36.849;37.469
98;3;59;1:49.460;0;;34.855;0;37.062;0;37.543;0;190.5;2:14:58.420;18:14:29.684;0:34.855;0:37.062;0:37.543;230;Marciello;;GT3;;Rowe Racing;BMW;GF;34.855;37.062;37.543
98;3;60;1:49.465;0;;34.853;0;37.070;0;37.542;0;190.5;2:16:47.885;18:16:19.149;0:34.853;0:37.070;0:37.542;234;Marciello;;GT3;;Rowe Racing;BMW;GF;34.853;37.070;37.542
98;3;61;1:49.274;0;;34.940;0;36.994;0;37.340;0;190.8;2:18:37.159;18:18:08.423;0:34.940;0:36.994;0:37.340;232;Marciello;;GT3;;Rowe Racing;BMW;GF;34.940;36.994;37.340
98;3;62;1:49.456;0;;34.762;0;37.201;0;37.493;0;190.5;2:20:26.615;18:19:57.879;0:34.762;0:37.201;0:37.493;232;Marciello;;GT3;;Rowe Racing;BMW;GF;34.762;37.201;37.493
98;3;63;1:49.745;0;;34.930;0;37.120;0;37.695;0;190.0;2:22:16.360;18:21:47.624;0:34.930;0:37.120;0:37.695;230;Marciello;;GT3;;Rowe Racing;BMW;GF;34.930;37.120;37.695
98;3;64;1:49.443;0;;34.836;0;37.092;0;37.515;0;190.6;2:24:05.803;18:23:37.067;0:34.836;0:37.092;0:37.515;232;Marciello;;GT3;;Rowe Racing;BMW;GF;34.836;37.092;37.515
98;3;65;1:49.429;0;;34.708;0;37.127;0;37.594;0;190.6;2:25:55.232;18:25:26.496;0:34.708;0:37.127;0:37.594;233;Marciello;;GT3;;Rowe Racing;BMW;GF;34.708;37.127;37.594
98;3;66;1:49.762;0;;34.770;0;37.370;0;37.622;0;190.0;2:27:44.994;18:27:16.258;0:34.770;0:37.370;0:37.622;234;Marciello;;GT3;;Rowe Racing;BMW;GF;34.770;37.370;37.622
98;3;67;1:49.421;0;;34.785;0;37.093;0;37.543;0;190.6;2:29:34.415;18:29:05.679;0:34.785;0:37.093;0:37.543;236;Marciello;;GT3;;Rowe Racing;BMW;GF;34.785;37.093;37.543
98;3;68;1:49.277;0;;34.792;0;36.916;0;37.569;0;190.8;2:31:23.692;18:30:54.956;0:34.792;0:36.916;0:37.569;236;Marciello;;GT3;;Rowe Racing;BMW;GF;34.792;36.916;37.569
98;3;69;1:49.600;0;;34.881;0;37.196;0;37.523;0;190.3;2:33:13.292;18:32:44.556;0:34.881;0:37.196;0:37.523;235;Marciello;;GT3;;Rowe Racing;BMW;GF;34.881;37.196;37.523
98;3;70;1:49.833;0;;34.894;0;37.307;0;37.632;0;189.9;2:35:03.125;18:34:34.389;0:34.894;0:37.307;0:37.632;236;Marciello;;GT3;;Rowe Racing;BMW;GF;34.894;37.307;37.632
98;3;71;1:49.872;0;;34.875;0;37.233;0;37.764;0;189.8;2:36:52.997;18:36:24.261;0:34.875;0:37.233;0:37.764;231;Marciello;;GT3;;Rowe Racing;BMW;GF;34.875;37.233;37.764
98;3;72;2:39.115;0;;34.734;0;37.349;0;1:27.032;0;131.1;2:39:32.112;18:39:03.376;0:34.734;0:37.349;1:27.032;;Marciello;;GT3;;Rowe Racing;BMW;FCY;34.734;37.349;87.032
98;2;73;4:47.607;0;;1:53.224;0;1:21.818;0;1:32.565;0;72.5;2:44:19.719;18:43:50.983;1:53.224;1:21.818;1:32.565;78;Dennis;;GT3;;Rowe Racing;BMW;FCY;113.224;81.818;92.565
98;2;74;4:06.318;0;;1:26.407;0;1:21.894;0;1:18.017;0;84.7;2:48:26.037;18:47:57.301;1:26.407;1:21.894;1:18.017;78;Dennis;;GT3;;Rowe Racing;BMW;SC;86.407;81.894;78.017
98;2;75;1:57.342;0;;38.370;0;39.032;0;39.940;0;177.7;2:50:23.379;18:49:54.643;0:38.370;0:39.032;0:39.940;208;Dennis;;GT3;;Rowe Racing;BMW;SC;38.370;39.032;39.940
98;2;76;2:44.751;0;;1:02.932;0;51.113;0;50.706;0;126.6;2:53:08.130;18:52:39.394;1:02.932;0:51.113;0:50.706;102;Dennis;;GT3;;Rowe Racing;BMW;GF;62.932;51.113;50.706
98;2;77;1:50.367;0;;34.829;0;37.928;0;37.610;0;189.0;2:54:58.497;18:54:29.761;0:34.829;0:37.928;0:37.610;267;Dennis;;GT3;;Rowe Racing;BMW;GF;34.829;37.928;37.610
98;2;78;1:57.067;0;;35.700;0;40.678;0;40.689;0;178.1;2:56:55.564;18:56:26.828;0:35.700;0:40.678;0:40.689;268;Dennis;;GT3;;Rowe Racing;BMW;GF;35.700;40.678;40.689
98;2;79;4:11.669;0;;1:28.977;0;1:28.064;0;1:14.628;0;82.9;3:01:07.233;19:00:38.497;1:28.977;1:28.064;1:14.628;49;Dennis;;GT3;;Rowe Racing;BMW;GF;88.977;88.064;74.628
99;3;1;3:14.821;1;;1:09.808;1;43.051;1;1:21.962;1;107.0;3:14.821;16:02:46.085;1:09.808;0:43.051;1:21.962;230;Ferrari;;GT3;;Tresor Attempto Racing;Audi;SC;69.808;43.051;81.962
99;3;2;4:31.174;0;;1:52.605;0;1:18.949;0;1:19.620;1;76.9;7:45.995;16:07:17.259;1:52.605;1:18.949;1:19.620;75;Ferrari;;GT3;;Tresor Attempto Racing;Audi;SC;112.605;78.949;79.620
99;3;3;3:13.647;1;;1:14.206;0;1:06.593;0;52.848;1;107.7;10:59.642;16:10:30.906;1:14.206;1:06.593;0:52.848;80;Ferrari;;GT3;;Tresor Attempto Racing;Audi;SC;74.206;66.593;52.848
99;3;4;2:46.107;1;;1:00.396;1;53.472;0;52.239;1;125.6;13:45.749;16:13:17.013;1:00.396;0:53.472;0:52.239;;Ferrari;;GT3;;Tresor Attempto Racing;Audi;SC;60.396;53.472;52.239
99;3;5;3:09.951;0;;1:54.844;0;37.363;1;37.744;1;109.8;16:55.700;16:16:26.964;1:54.844;0:37.363;0:37.744;203;Ferrari;;GT3;;Tresor Attempto Racing;Audi;SC;114.844;37.363;37.744
99;3;6;1:56.287;1;;36.383;1;37.326;1;42.578;0;179.3;18:51.987;16:18:23.251;0:36.383;0:37.326;0:42.578;238;Ferrari;;GT3;;Tresor Attempto Racing;Audi;GF;36.383;37.326;42.578
99;3;7;1:51.007;1;;34.817;1;37.661;0;38.529;0;187.9;20:42.994;16:20:14.258;0:34.817;0:37.661;0:38.529;267;Ferrari;;GT3;;Tresor Attempto Racing;Audi;GF;34.817;37.661;38.529
99;3;8;1:51.599;0;;37.236;0;36.955;1;37.408;1;186.9;22:34.593;16:22:05.857;0:37.236;0:36.955;0:37.408;240;Ferrari;;GT3;;Tresor Attempto Racing;Audi;GF;37.236;36.955;37.408
99;3;9;1:47.809;1;;34.404;1;36.686;1;36.719;1;193.4;24:22.402;16:23:53.666;0:34.404;0:36.686;0:36.719;270;Ferrari;;GT3;;Tresor Attempto Racing;Audi;GF;34.404;36.686;36.719
99;3;10;1:47.889;0;;34.601;0;36.473;1;36.815;0;193.3;26:10.291;16:25:41.555;0:34.601;0:36.473;0:36.815;267;Ferrari;;GT3;;Tresor Attempto Racing;Audi;GF;34.601;36.473;36.815
99;3;11;1:55.519;0;;41.481;0;37.268;0;36.770;0;180.5;28:05.810;16:27:37.074;0:41.481;0:37.268;0:36.770;258;Ferrari;;GT3;;Tresor Attempto Racing;Audi;GF;41.481;37.268;36.770
99;3;12;1:47.452;1;;34.286;1;36.391;1;36.775;0;194.1;29:53.262;16:29:24.526;0:34.286;0:36.391;0:36.775;267;Ferrari;;GT3;;Tresor Attempto Racing;Audi;GF;34.286;36.391;36.775
99;3;13;1:48.644;0;;34.437;0;37.359;0;36.848;0;192.0;31:41.906;16:31:13.170;0:34.437;0:37.359;0:36.848;272;Ferrari;;GT3;;Tresor Attempto Racing;Audi;GF;34.437;37.359;36.848
99;3;14;1:48.100;0;B;34.282;1;36.640;0;37.178;0;192.9;33:30.006;16:33:01.270;0:34.282;0:36.640;0:37.178;270;Ferrari;;GT3;;Tresor Attempto Racing;Audi;GF;34.282;36.640;37.178
99;3;15;1:49.585;0;;34.703;0;37.225;0;37.657;0;190.3;35:19.591;16:34:50.855;0:34.703;0:37.225;0:37.657;272;Ferrari;;GT3;;Tresor Attempto Racing;Audi;GF;34.703;37.225;37.657
99;3;16;1:48.563;0;;34.654;0;36.685;0;37.224;0;192.1;37:08.154;16:36:39.418;0:34.654;0:36.685;0:37.224;271;Ferrari;;GT3;;Tresor Attempto Racing;Audi;GF;34.654;36.685;37.224
99;3;17;1:48.122;0;;34.351;0;36.835;0;36.936;0;192.9;38:56.276;16:38:27.540;0:34.351;0:36.835;0:36.936;270;Ferrari;;GT3;;Tresor Attempto Racing;Audi;GF;34.351;36.835;36.936
99;3;18;1:48.571;0;;34.314;0;36.958;0;37.299;0;192.1;40:44.847;16:40:16.111;0:34.314;0:36.958;0:37.299;272;Ferrari;;GT3;;Tresor Attempto Racing;Audi;GF;34.314;36.958;37.299
99;3;19;1:48.123;0;;34.375;0;36.765;0;36.983;0;192.9;42:32.970;16:42:04.234;0:34.375;0:36.765;0:36.983;265;Ferrari;;GT3;;Tresor Attempto Racing;Audi;GF;34.375;36.765;36.983
99;3;20;1:49.084;0;;34.229;1;37.157;0;37.698;0;191.2;44:22.054;16:43:53.318;0:34.229;0:37.157;0:37.698;271;Ferrari;;GT3;;Tresor Attempto Racing;Audi;GF;34.229;37.157;37.698
99;3;21;2:01.094;0;;47.144;0;36.795;0;37.155;0;172.2;46:23.148;16:45:54.412;0:47.144;0:36.795;0:37.155;267;Ferrari;;GT3;;Tresor Attempto Racing;Audi;GF;47.144;36.795;37.155
99;3;22;2:02.072;0;;34.475;0;38.756;0;48.841;0;170.8;48:25.220;16:47:56.484;0:34.475;0:38.756;0:48.841;;Ferrari;;GT3;;Tresor Attempto Racing;Audi;GF;34.475;38.756;48.841
111;3;1;2:49.503;1;;46.164;1;46.130;1;1:17.209;1;123.0;2:49.503;16:02:20.767;0:46.164;0:46.130;1:17.209;189;Kell;;GT3;;CSA Racing;McLaren;SC;46.164;46.130;77.209
111;3;2;4:28.026;0;;1:47.953;0;1:21.551;0;1:18.522;0;77.8;7:17.529;16:06:48.793;1:47.953;1:21.551;1:18.522;60;Kell;;GT3;;CSA Racing;McLaren;SC;107.953;81.551;78.522
111;3;3;3:27.115;0;;1:20.925;0;1:03.922;0;1:02.268;1;100.7;10:44.644;16:10:15.908;1:20.925;1:03.922;1:02.268;;Kell;;GT3;;CSA Racing;McLaren;SC;80.925;63.922;62.268
111;3;4;3:21.806;0;;2:05.308;0;38.669;1;37.829;1;103.3;14:06.450;16:13:37.714;2:05.308;0:38.669;0:37.829;132;Kell;;GT3;;CSA Racing;McLaren;SC;125.308;38.669;37.829
111;3;5;1:58.410;1;;41.167;1;38.255;1;38.988;0;176.1;16:04.860;16:15:36.124;0:41.167;0:38.255;0:38.988;138;Kell;;GT3;;CSA Racing;McLaren;SC;41.167;38.255;38.988
111;3;6;2:40.138;0;;55.088;0;55.465;0;49.585;0;130.2;18:44.998;16:18:16.262;0:55.088;0:55.465;0:49.585;92;Kell;;GT3;;CSA Racing;McLaren;GF;55.088;55.465;49.585
111;3;7;1:53.757;1;;36.040;1;38.243;1;39.474;0;183.3;20:38.755;16:20:10.019;0:36.040;0:38.243;0:39.474;255;Kell;;GT3;;CSA Racing;McLaren;GF;36.040;38.243;39.474
111;3;8;1:49.206;1;;34.913;1;37.125;1;37.168;1;191.0;22:27.961;16:21:59.225;0:34.913;0:37.125;0:37.168;270;Kell;;GT3;;CSA Racing;McLaren;GF;34.913;37.125;37.168
111;3;9;1:50.116;0;B;35.009;0;37.951;0;37.156;1;189.4;24:18.077;16:23:49.341;0:35.009;0:37.951;0:37.156;265;Kell;;GT3;;CSA Racing;McLaren;GF;35.009;37.951;37.156
111;3;10;1:48.219;1;;34.535;1;36.951;1;36.733;1;192.7;26:06.296;16:25:37.560;0:34.535;0:36.951;0:36.733;267;Kell;;GT3;;CSA Racing;McLaren;GF;34.535;36.951;36.733
111;3;11;1:47.717;1;;34.333;1;36.670;1;36.714;1;193.6;27:54.013;16:27:25.277;0:34.333;0:36.670;0:36.714;269;Kell;;GT3;;CSA Racing;McLaren;GF;34.333;36.670;36.714
111;3;12;1:47.922;0;;34.420;0;36.737;0;36.765;0;193.2;29:41.935;16:29:13.199;0:34.420;0:36.737;0:36.765;268;Kell;;GT3;;CSA Racing;McLaren;GF;34.420;36.737;36.765
111;3;13;1:48.131;0;;34.462;0;37.030;0;36.639;1;192.9;31:30.066;16:31:01.330;0:34.462;0:37.030;0:36.639;269;Kell;;GT3;;CSA Racing;McLaren;GF;34.462;37.030;36.639
111;3;14;1:48.198;0;;34.372;0;36.699;0;37.127;0;192.7;33:18.264;16:32:49.528;0:34.372;0:36.699;0:37.127;269;Kell;;GT3;;CSA Racing;McLaren;GF;34.372;36.699;37.127
111;3;15;1:48.117;0;;34.350;0;37.014;0;36.753;0;192.9;35:06.381;16:34:37.645;0:34.350;0:37.014;0:36.753;270;Kell;;GT3;;CSA Racing;McLaren;GF;34.350;37.014;36.753
111;3;16;1:48.007;0;;34.603;0;36.707;0;36.697;0;193.1;36:54.388;16:36:25.652;0:34.603;0:36.707;0:36.697;267;Kell;;GT3;;CSA Racing;McLaren;GF;34.603;36.707;36.697
111;3;17;1:48.040;0;;34.505;0;36.932;0;36.603;1;193.0;38:42.428;16:38:13.692;0:34.505;0:36.932;0:36.603;269;Kell;;GT3;;CSA Racing;McLaren;GF;34.505;36.932;36.603
111;3;18;1:47.758;0;;34.376;0;36.738;0;36.644;0;193.5;40:30.186;16:40:01.450;0:34.376;0:36.738;0:36.644;269;Kell;;GT3;;CSA Racing;McLaren;GF;34.376;36.738;36.644
111;3;19;1:48.160;0;;34.324;1;36.867;0;36.969;0;192.8;42:18.346;16:41:49.610;0:34.324;0:36.867;0:36.969;269;Kell;;GT3;;CSA Racing;McLaren;GF;34.324;36.867;36.969
111;3;20;1:48.293;0;;34.373;0;37.050;0;36.870;0;192.6;44:06.639;16:43:37.903;0:34.373;0:37.050;0:36.870;269;Kell;;GT3;;CSA Racing;McLaren;GF;34.373;37.050;36.870
111;3;21;1:48.119;0;;34.471;0;36.872;0;36.776;0;192.9;45:54.758;16:45:26.022;0:34.471;0:36.872;0:36.776;263;Kell;;GT3;;CSA Racing;McLaren;GF;34.471;36.872;36.776
111;3;22;1:47.997;0;;34.511;0;36.831;0;36.655;0;193.1;47:42.755;16:47:14.019;0:34.511;0:36.831;0:36.655;265;Kell;;GT3;;CSA Racing;McLaren;GF;34.511;36.831;36.655
111;3;23;7:31.525;0;;34.473;0;36.753;0;6:20.299;0;46.2;55:14.280;16:54:45.544;0:34.473;0:36.753;6:20.299;;Kell;;GT3;;CSA Racing;McLaren;FCY;34.473;36.753;380.299
111;2;24;5:22.650;0;;2:28.133;0;1:21.916;0;1:32.601;0;64.6;1:00:36.930;17:00:08.194;2:28.133;1:21.916;1:32.601;78;Gachet;;GT3;;CSA Racing;McLaren;GF;148.133;81.916;92.601
111;2;25;4:06.936;0;;1:26.569;0;1:21.924;0;1:18.443;0;84.5;1:04:43.866;17:04:15.130;1:26.569;1:21.924;1:18.443;78;Gachet;;GT3;;CSA Racing;McLaren;SC;86.569;81.924;78.443
111;2;26;2:01.569;0;;37.307;0;38.277;0;45.985;0;171.5;1:06:45.435;17:06:16.699;0:37.307;0:38.277;0:45.985;;Gachet;;GT3;;CSA Racing;McLaren;SC;37.307;38.277;45.985
111;2;27;2:20.963;0;;1:06.563;0;37.236;0;37.164;0;147.9;1:09:06.398;17:08:37.662;1:06.563;0:37.236;0:37.164;204;Gachet;;GT3;;CSA Racing;McLaren;GF;66.563;37.236;37.164
111;2;28;1:48.001;0;B;34.306;1;36.864;0;36.831;0;193.1;1:10:54.399;17:10:25.663;0:34.306;0:36.864;0:36.831;270;Gachet;;GT3;;CSA Racing;McLaren;GF;34.306;36.864;36.831
111;2;29;1:47.694;1;;34.269;1;36.771;0;36.654;0;193.6;1:12:42.093;17:12:13.357;0:34.269;0:36.771;0:36.654;271;Gachet;;GT3;;CSA Racing;McLaren;GF;34.269;36.771;36.654
111;2;30;1:49.144;0;;34.964;0;37.466;0;36.714;0;191.1;1:14:31.237;17:14:02.501;0:34.964;0:37.466;0:36.714;258;Gachet;;GT3;;CSA Racing;McLaren;GF;34.964;37.466;36.714
111;2;31;1:47.669;1;;34.379;0;36.649;1;36.641;0;193.7;1:16:18.906;17:15:50.170;0:34.379;0:36.649;0:36.641;269;Gachet;;GT3;;CSA Racing;McLaren;GF;34.379;36.649;36.641
111;2;32;1:47.470;1;;34.343;0;36.521;1;36.606;0;194.1;1:18:06.376;17:17:37.640;0:34.343;0:36.521;0:36.606;269;Gachet;;GT3;;CSA Racing;McLaren;GF;34.343;36.521;36.606
111;2;33;2:31.585;0;;34.502;0;36.586;0;1:20.497;0;137.6;1:20:37.961;17:20:09.225;0:34.502;0:36.586;1:20.497;262;Gachet;;GT3;;CSA Racing;McLaren;GF;34.502;36.586;80.497
111;2;34;1:52.047;0;;38.092;0;36.811;0;37.144;0;186.1;1:22:30.008;17:22:01.272;0:38.092;0:36.811;0:37.144;243;Gachet;;GT3;;CSA Racing;McLaren;GF;38.092;36.811;37.144
111;2;35;1:49.264;0;;34.738;0;37.296;0;37.230;0;190.9;1:24:19.272;17:23:50.536;0:34.738;0:37.296;0:37.230;267;Gachet;;GT3;;CSA Racing;McLaren;GF;34.738;37.296;37.230
111;2;36;1:49.116;0;;34.547;0;37.031;0;37.538;0;191.1;1:26:08.388;17:25:39.652;0:34.547;0:37.031;0:37.538;266;Gachet;;GT3;;CSA Racing;McLaren;GF;34.547;37.031;37.538
111;2;37;1:48.235;0;;34.707;0;36.785;0;36.743;0;192.7;1:27:56.623;17:27:27.887;0:34.707;0:36.785;0:36.743;250;Gachet;;GT3;;CSA Racing;McLaren;GF;34.707;36.785;36.743
111;2;38;1:48.345;0;;34.371;0;37.271;0;36.703;0;192.5;1:29:44.968;17:29:16.232;0:34.371;0:37.271;0:36.703;265;Gachet;;GT3;;CSA Racing;McLaren;GF;34.371;37.271;36.703
111;2;39;1:48.193;0;;34.670;0;36.764;0;36.759;0;192.8;1:31:33.161;17:31:04.425;0:34.670;0:36.764;0:36.759;250;Gachet;;GT3;;CSA Racing;McLaren;GF;34.670;36.764;36.759
111;2;40;1:48.913;0;;34.535;0;37.010;0;37.368;0;191.5;1:33:22.074;17:32:53.338;0:34.535;0:37.010;0:37.368;262;Gachet;;GT3;;CSA Racing;McLaren;GF;34.535;37.010;37.368
111;2;41;1:49.153;0;;34.705;0;37.412;0;37.036;0;191.1;1:35:11.227;17:34:42.491;0:34.705;0:37.412;0:37.036;267;Gachet;;GT3;;CSA Racing;McLaren;GF;34.705;37.412;37.036
111;2;42;3:55.015;0;;59.272;0;1:22.995;0;1:32.748;0;88.7;1:39:06.242;17:38:37.506;0:59.272;1:22.995;1:32.748;252;Gachet;;GT3;;CSA Racing;McLaren;FCY;59.272;82.995;92.748
111;2;43;4:21.190;0;;1:26.628;0;1:21.992;0;1:32.570;0;79.8;1:43:27.432;17:42:58.696;1:26.628;1:21.992;1:32.570;78;Gachet;;GT3;;CSA Racing;McLaren;FCY;86.628;81.992;92.570
111;2;44;3:26.965;0;;1:26.801;0;1:16.606;0;43.558;0;100.8;1:46:54.397;17:46:25.661;1:26.801;1:16.606;0:43.558;78;Gachet;;GT3;;CSA Racing;McLaren;SC;86.801;76.606;43.558
111;2;45;2:47.924;0;;36.380;0;1:02.298;0;1:09.246;0;124.2;1:49:42.321;17:49:13.585;0:36.380;1:02.298;1:09.246;226;Gachet;;GT3;;CSA Racing;McLaren;SC;36.380;62.298;69.246
111;2;46;2:56.318;0;;1:06.185;0;55.946;0;54.187;0;118.3;1:52:38.639;17:52:09.903;1:06.185;0:55.946;0:54.187;102;Gachet;;GT3;;CSA Racing;McLaren;GF;66.185;55.946;54.187
111;2;47;1:49.601;0;;34.823;0;37.446;0;37.332;0;190.3;1:54:28.240;17:53:59.504;0:34.823;0:37.446;0:37.332;263;Gachet;;GT3;;CSA Racing;McLaren;GF;34.823;37.446;37.332
111;2;48;1:49.921;0;;34.805;0;37.334;0;37.782;0;189.7;1:56:18.161;17:55:49.425;0:34.805;0:37.334;0:37.782;264;Gachet;;GT3;;CSA Racing;McLaren;GF;34.805;37.334;37.782
111;2;49;1:49.109;0;;34.564;0;36.832;0;37.713;0;191.1;1:58:07.270;17:57:38.534;0:34.564;0:36.832;0:37.713;263;Gachet;;GT3;;CSA Racing;McLaren;GF;34.564;36.832;37.713
111;2;50;1:49.418;0;;34.493;0;37.824;0;37.101;0;190.6;1:59:56.688;17:59:27.952;0:34.493;0:37.824;0:37.101;256;Gachet;;GT3;;CSA Racing;McLaren;GF;34.493;37.824;37.101
111;2;51;1:49.169;0;;34.332;0;37.154;0;37.683;0;191.0;2:01:45.857;18:01:17.121;0:34.332;0:37.154;0:37.683;262;Gachet;;GT3;;CSA Racing;McLaren;GF;34.332;37.154;37.683
111;2;52;1:56.084;0;;34.984;0;36.954;0;44.146;0;179.7;2:03:41.941;18:03:13.205;0:34.984;0:36.954;0:44.146;;Gachet;;GT3;;CSA Racing;McLaren;GF;34.984;36.954;44.146
111;1;53;3:04.908;0;B;1:50.719;0;37.150;0;37.039;0;112.8;2:06:46.849;18:06:18.113;1:50.719;0:37.150;0:37.039;204;Rougier;;GT3;;CSA Racing;McLaren;GF;110.719;37.150;37.039
111;1;54;1:48.223;0;;34.442;0;36.979;0;36.802;0;192.7;2:08:35.072;18:08:06.336;0:34.442;0:36.979;0:36.802;265;Rougier;;GT3;;CSA Racing;McLaren;GF;34.442;36.979;36.802
111;1;55;1:48.239;0;;34.532;0;36.859;0;36.848;0;192.7;2:10:23.311;18:09:54.575;0:34.532;0:36.859;0:36.848;267;Rougier;;GT3;;CSA Racing;McLaren;GF;34.532;36.859;36.848
111;1;56;1:47.839;0;;34.302;0;36.784;0;36.753;0;193.4;2:12:11.150;18:11:42.414;0:34.302;0:36.784;0:36.753;270;Rougier;;GT3;;CSA Racing;McLaren;GF;34.302;36.784;36.753
111;1;57;1:48.112;0;;34.426;0;36.689;0;36.997;0;192.9;2:13:59.262;18:13:30.526;0:34.426;0:36.689;0:36.997;267;Rougier;;GT3;;CSA Racing;McLaren;GF;34.426;36.689;36.997
111;1;58;1:49.285;0;;35.239;0;37.094;0;36.952;0;190.8;2:15:48.547;18:15:19.811;0:35.239;0:37.094;0:36.952;267;Rougier;;GT3;;CSA Racing;McLaren;GF;35.239;37.094;36.952
111;1;59;1:47.898;0;;34.459;0;36.700;0;36.739;0;193.3;2:17:36.445;18:17:07.709;0:34.459;0:36.700;0:36.739;265;Rougier;;GT3;;CSA Racing;McLaren;GF;34.459;36.700;36.739
111;1;60;1:47.601;0;;34.321;0;36.705;0;36.575;1;193.8;2:19:24.046;18:18:55.310;0:34.321;0:36.705;0:36.575;269;Rougier;;GT3;;CSA Racing;McLaren;GF;34.321;36.705;36.575
111;1;61;1:48.574;0;;34.370;0;37.577;0;36.627;0;192.1;2:21:12.620;18:20:43.884;0:34.370;0:37.577;0:36.627;269;Rougier;;GT3;;CSA Racing;McLaren;GF;34.370;37.577;36.627
111;1;62;1:47.618;0;;34.372;0;36.611;0;36.635;0;193.8;2:23:00.238;18:22:31.502;0:34.372;0:36.611;0:36.635;269;Rougier;;GT3;;CSA Racing;McLaren;GF;34.372;36.611;36.635
111;1;63;1:47.739;0;;34.352;0;36.600;0;36.787;0;193.6;2:24:47.977;18:24:19.241;0:34.352;0:36.600;0:36.787;269;Rougier;;GT3;;CSA Racing;McLaren;GF;34.352;36.600;36.787
111;1;64;1:47.765;0;;34.414;0;36.662;0;36.689;0;193.5;2:26:35.742;18:26:07.006;0:34.414;0:36.662;0:36.689;258;Rougier;;GT3;;CSA Racing;McLaren;GF;34.414;36.662;36.689
111;1;65;1:47.525;0;;34.297;0;36.611;0;36.617;0;194.0;2:28:23.267;18:27:54.531;0:34.297;0:36.611;0:36.617;264;Rougier;;GT3;;CSA Racing;McLaren;GF;34.297;36.611;36.617
111;1;66;1:48.040;0;;34.305;0;36.761;0;36.974;0;193.0;2:30:11.307;18:29:42.571;0:34.305;0:36.761;0:36.974;261;Rougier;;GT3;;CSA Racing;McLaren;GF;34.305;36.761;36.974
111;1;67;1:47.667;0;;34.318;0;36.627;0;36.722;0;193.7;2:31:58.974;18:31:30.238;0:34.318;0:36.627;0:36.722;259;Rougier;;GT3;;CSA Racing;McLaren;GF;34.318;36.627;36.722
111;1;68;1:47.723;0;;34.462;0;36.682;0;36.579;0;193.6;2:33:46.697;18:33:17.961;0:34.462;0:36.682;0:36.579;257;Rougier;;GT3;;CSA Racing;McLaren;GF;34.462;36.682;36.579
111;1;69;1:47.298;1;;34.233;1;36.604;0;36.461;1;194.4;2:35:33.995;18:35:05.259;0:34.233;0:36.604;0:36.461;269;Rougier;;GT3;;CSA Racing;McLaren;GF;34.233;36.604;36.461
111;1;70;1:47.371;0;;34.273;0;36.552;0;36.546;0;194.2;2:37:21.366;18:36:52.630;0:34.273;0:36.552;0:36.546;269;Rougier;;GT3;;CSA Racing;McLaren;GF;34.273;36.552;36.546
111;1;71;3:13.523;0;;34.309;0;1:06.816;0;1:32.398;0;107.8;2:40:34.889;18:40:06.153;0:34.309;1:06.816;1:32.398;269;Rougier;;GT3;;CSA Racing;McLaren;FCY;34.309;66.816;92.398
111;1;72;4:21.527;0;;1:27.022;0;1:22.049;0;1:32.456;0;79.7;2:44:56.416;18:44:27.680;1:27.022;1:22.049;1:32.456;78;Rougier;;GT3;;CSA Racing;McLaren;FCY;87.022;82.049;92.456
111;1;73;3:48.031;0;;1:26.789;0;1:21.983;0;59.259;0;91.5;2:48:44.447;18:48:15.711;1:26.789;1:21.983;0:59.259;78;Rougier;;GT3;;CSA Racing;McLaren;SC;86.789;81.983;59.259
111;1;74;1:59.212;0;;38.767;0;40.694;0;39.751;0;174.9;2:50:43.659;18:50:14.923;0:38.767;0:40.694;0:39.751;178;Rougier;;GT3;;CSA Racing;McLaren;SC;38.767;40.694;39.751
111;1;75;2:26.014;0;;46.663;0;51.737;0;47.614;0;142.8;2:53:09.673;18:52:40.937;0:46.663;0:51.737;0:47.614;212;Rougier;;GT3;;CSA Racing;McLaren;GF;46.663;51.737;47.614
111;1;76;1:52.022;0;;35.537;0;38.952;0;37.533;0;186.2;2:55:01.695;18:54:32.959;0:35.537;0:38.952;0:37.533;241;Rougier;;GT3;;CSA Racing;McLaren;GF;35.537;38.952;37.533
111;1;77;2:02.575;0;;35.938;0;44.687;0;41.950;0;170.1;2:57:04.270;18:56:35.534;0:35.938;0:44.687;0:41.950;268;Rougier;;GT3;;CSA Racing;McLaren;GF;35.938;44.687;41.950
111;1;78;4:09.192;0;;1:29.531;0;1:27.145;0;1:12.516;0;83.7;3:01:13.462;19:00:44.726;1:29.531;1:27.145;1:12.516;60;Rougier;;GT3;;CSA Racing;McLaren;GF;89.531;87.145;72.516
177;1;1;3:13.615;1;;53.619;1;55.677;1;1:24.319;1;107.7;3:13.615;16:02:44.879;0:53.619;0:55.677;1:24.319;156;Ortega;;GT3;;Grupo Prom Racing Team;Mercedes-AMG;SC;53.619;55.677;84.319
177;1;2;4:31.308;0;;1:53.014;0;1:18.176;0;1:20.118;1;76.9;7:44.923;16:07:16.187;1:53.014;1:18.176;1:20.118;67;Ortega;;GT3;;Grupo Prom Racing Team;Mercedes-AMG;SC;113.014;78.176;80.118
177;1;3;3:13.147;1;;1:14.408;0;1:06.303;0;52.436;1;108.0;10:58.070;16:10:29.334;1:14.408;1:06.303;0:52.436;50;Ortega;;GT3;;Grupo Prom Racing Team;Mercedes-AMG;SC;74.408;66.303;52.436
177;1;4;2:39.808;1;;1:01.164;0;53.623;1;45.021;1;130.5;13:37.878;16:13:09.142;1:01.164;0:53.623;0:45.021;67;Ortega;;GT3;;Grupo Prom Racing Team;Mercedes-AMG;SC;61.164;53.623;45.021
177;1;5;2:21.345;1;;40.921;1;55.172;0;45.252;0;147.5;15:59.223;16:15:30.487;0:40.921;0:55.172;0:45.252;207;Ortega;;GT3;;Grupo Prom Racing Team;Mercedes-AMG;SC;40.921;55.172;45.252
177;1;6;2:44.528;0;;54.873;0;57.000;0;52.655;0;126.8;18:43.751;16:18:15.015;0:54.873;0:57.000;0:52.655;91;Ortega;;GT3;;Grupo Prom Racing Team;Mercedes-AMG;GF;54.873;57.000;52.655
177;1;7;1:58.701;1;;36.588;1;40.954;1;41.159;1;175.7;20:42.452;16:20:13.716;0:36.588;0:40.954;0:41.159;252;Ortega;;GT3;;Grupo Prom Racing Team;Mercedes-AMG;GF;36.588;40.954;41.159
177;1;8;1:59.220;0;;38.633;0;39.764;1;40.823;1;174.9;22:41.672;16:22:12.936;0:38.633;0:39.764;0:40.823;249;Ortega;;GT3;;Grupo Prom Racing Team;Mercedes-AMG;GF;38.633;39.764;40.823
177;1;9;1:54.764;1;;36.682;0;38.059;1;40.023;1;181.7;24:36.436;16:24:07.700;0:36.682;0:38.059;0:40.023;258;Ortega;;GT3;;Grupo Prom Racing Team;Mercedes-AMG;GF;36.682;38.059;40.023
177;1;10;1:54.657;1;;35.621;1;39.765;0;39.271;1;181.9;26:31.093;16:26:02.357;0:35.621;0:39.765;0:39.271;259;Ortega;;GT3;;Grupo Prom Racing Team;Mercedes-AMG;GF;35.621;39.765;39.271
177;1;11;1:52.533;1;;35.388;1;38.234;0;38.911;1;185.3;28:23.626;16:27:54.890;0:35.388;0:38.234;0:38.911;259;Ortega;;GT3;;Grupo Prom Racing Team;Mercedes-AMG;GF;35.388;38.234;38.911
177;1;12;1:52.026;1;;34.956;1;37.951;1;39.119;0;186.2;30:15.652;16:29:46.916;0:34.956;0:37.951;0:39.119;263;Ortega;;GT3;;Grupo Prom Racing Team;Mercedes-AMG;GF;34.956;37.951;39.119
177;1;13;1:52.523;0;;34.769;1;37.834;1;39.920;0;185.3;32:08.175;16:31:39.439;0:34.769;0:37.834;0:39.920;263;Ortega;;GT3;;Grupo Prom Racing Team;Mercedes-AMG;GF;34.769;37.834;39.920
177;1;14;1:52.369;0;;35.288;0;37.839;0;39.242;0;185.6;34:00.544;16:33:31.808;0:35.288;0:37.839;0:39.242;261;Ortega;;GT3;;Grupo Prom Racing Team;Mercedes-AMG;GF;35.288;37.839;39.242
177;1;15;1:51.586;1;;34.890;0;38.347;0;38.349;1;186.9;35:52.130;16:35:23.394;0:34.890;0:38.347;0:38.349;263;Ortega;;GT3;;Grupo Prom Racing Team;Mercedes-AMG;GF;34.890;38.347;38.349
177;1;16;1:50.608;1;;35.075;0;37.557;1;37.976;1;188.5;37:42.738;16:37:14.002;0:35.075;0:37.557;0:37.976;261;Ortega;;GT3;;Grupo Prom Racing Team;Mercedes-AMG;GF;35.075;37.557;37.976
177;1;17;1:51.716;0;;35.339;0;37.774;0;38.603;0;186.7;39:34.454;16:39:05.718;0:35.339;0:37.774;0:38.603;261;Ortega;;GT3;;Grupo Prom Racing Team;Mercedes-AMG;GF;35.339;37.774;38.603
177;1;18;1:51.316;0;;35.137;0;37.667;0;38.512;0;187.3;41:25.770;16:40:57.034;0:35.137;0:37.667;0:38.512;262;Ortega;;GT3;;Grupo Prom Racing Team;Mercedes-AMG;GF;35.137;37.667;38.512
177;1;19;1:50.825;0;;35.123;0;37.552;1;38.150;0;188.2;43:16.595;16:42:47.859;0:35.123;0:37.552;0:38.150;261;Ortega;;GT3;;Grupo Prom Racing Team;Mercedes-AMG;GF;35.123;37.552;38.150
177;1;20;1:50.976;0;;35.031;0;37.995;0;37.950;1;187.9;45:07.571;16:44:38.835;0:35.031;0:37.995;0:37.950;262;Ortega;;GT3;;Grupo Prom Racing Team;Mercedes-AMG;GF;35.031;37.995;37.950
177;1;21;1:58.901;0;;34.975;0;37.420;1;46.506;0;175.4;47:06.472;16:46:37.736;0:34.975;0:37.420;0:46.506;;Ortega;;GT3;;Grupo Prom Racing Team;Mercedes-AMG;GF;34.975;37.420;46.506
177;2;22;3:41.938;0;;1:53.642;0;37.885;0;1:10.411;0;94.0;50:48.410;16:50:19.674;1:53.642;0:37.885;1:10.411;201;Tribaudini;;GT3;;Grupo Prom Racing Team;Mercedes-AMG;FCY;113.642;37.885;70.411
177;2;23;4:22.227;0;;1:26.868;0;1:22.375;0;1:32.984;0;79.5;55:10.637;16:54:41.901;1:26.868;1:22.375;1:32.984;78;Tribaudini;;GT3;;Grupo Prom Racing Team;Mercedes-AMG;FCY;86.868;82.375;92.984
177;2;24;4:22.631;0;;1:27.186;0;1:22.408;0;1:33.037;0;79.4;59:33.268;16:59:04.532;1:27.186;1:22.408;1:33.037;78;Tribaudini;;GT3;;Grupo Prom Racing Team;Mercedes-AMG;FCY;87.186;82.408;93.037
177;2;25;4:22.928;0;B;1:27.527;0;1:22.385;0;1:33.016;0;79.3;1:03:56.196;17:03:27.460;1:27.527;1:22.385;1:33.016;78;Tribaudini;;GT3;;Grupo Prom Racing Team;Mercedes-AMG;GF;87.527;82.385;93.016
177;2;26;2:27.171;0;;1:02.933;0;43.629;0;40.609;0;141.7;1:06:23.367;17:05:54.631;1:02.933;0:43.629;0:40.609;76;Tribaudini;;GT3;;Grupo Prom Racing Team;Mercedes-AMG;SC;62.933;43.629;40.609
177;2;27;2:30.239;0;;58.279;0;52.338;0;39.622;0;138.8;1:08:53.606;17:08:24.870;0:58.279;0:52.338;0:39.622;94;Tribaudini;;GT3;;Grupo Prom Racing Team;Mercedes-AMG;GF;58.279;52.338;39.622
177;2;28;1:51.461;0;;35.466;0;37.784;0;38.211;0;187.1;1:10:45.067;17:10:16.331;0:35.466;0:37.784;0:38.211;252;Tribaudini;;GT3;;Grupo Prom Racing Team;Mercedes-AMG;GF;35.466;37.784;38.211
177;2;29;1:50.005;1;;35.335;0;37.436;0;37.234;1;189.6;1:12:35.072;17:12:06.336;0:35.335;0:37.436;0:37.234;259;Tribaudini;;GT3;;Grupo Prom Racing Team;Mercedes-AMG;GF;35.335;37.436;37.234
177;2;30;1:50.940;0;;35.442;0;38.293;0;37.205;1;188.0;1:14:26.012;17:13:57.276;0:35.442;0:38.293;0:37.205;263;Tribaudini;;GT3;;Grupo Prom Racing Team;Mercedes-AMG;GF;35.442;38.293;37.205
177;2;31;1:49.070;1;;34.825;0;37.128;1;37.117;1;191.2;1:16:15.082;17:15:46.346;0:34.825;0:37.128;0:37.117;265;Tribaudini;;GT3;;Grupo Prom Racing Team;Mercedes-AMG;GF;34.825;37.128;37.117
177;2;32;1:49.909;0;;35.588;0;37.263;0;37.058;1;189.7;1:18:04.991;17:17:36.255;0:35.588;0:37.263;0:37.058;255;Tribaudini;;GT3;;Grupo Prom Racing Team;Mercedes-AMG;GF;35.588;37.263;37.058
177;2;33;2:29.299;0;;34.743;1;36.888;1;1:17.668;0;139.7;1:20:34.290;17:20:05.554;0:34.743;0:36.888;1:17.668;265;Tribaudini;;GT3;;Grupo Prom Racing Team;Mercedes-AMG;FCY;34.743;36.888;77.668
177;2;34;1:55.373;0;;40.957;0;37.434;0;36.982;1;180.8;1:22:29.663;17:22:00.927;0:40.957;0:37.434;0:36.982;233;Tribaudini;;GT3;;Grupo Prom Racing Team;Mercedes-AMG;GF;40.957;37.434;36.982
177;2;35;1:50.040;0;;34.846;0;37.765;0;37.429;0;189.5;1:24:19.703;17:23:50.967;0:34.846;0:37.765;0:37.429;266;Tribaudini;;GT3;;Grupo Prom Racing Team;Mercedes-AMG;GF;34.846;37.765;37.429
177;2;36;1:49.457;0;;35.303;0;37.183;0;36.971;1;190.5;1:26:09.160;17:25:40.424;0:35.303;0:37.183;0:36.971;265;Tribaudini;;GT3;;Grupo Prom Racing Team;Mercedes-AMG;GF;35.303;37.183;36.971
177;2;37;1:49.527;0;;34.830;0;37.729;0;36.968;1;190.4;1:27:58.687;17:27:29.951;0:34.830;0:37.729;0:36.968;267;Tribaudini;;GT3;;Grupo Prom Racing Team;Mercedes-AMG;GF;34.830;37.729;36.968
177;2;38;2:04.659;0;;34.530;1;52.245;0;37.884;0;167.3;1:30:03.346;17:29:34.610;0:34.530;0:52.245;0:37.884;264;Tribaudini;;GT3;;Grupo Prom Racing Team;Mercedes-AMG;GF;34.530;52.245;37.884
177;2;39;1:49.804;0;;34.806;0;37.635;0;37.363;0;189.9;1:31:53.150;17:31:24.414;0:34.806;0:37.635;0:37.363;265;Tribaudini;;GT3;;Grupo Prom Racing Team;Mercedes-AMG;GF;34.806;37.635;37.363
177;2;40;1:49.408;0;;34.693;0;37.493;0;37.222;0;190.6;1:33:42.558;17:33:13.822;0:34.693;0:37.493;0:37.222;265;Tribaudini;;GT3;;Grupo Prom Racing Team;Mercedes-AMG;GF;34.693;37.493;37.222
177;2;41;2:00.235;0;;34.842;0;37.800;0;47.593;0;173.5;1:35:42.793;17:35:14.057;0:34.842;0:37.800;0:47.593;265;Tribaudini;;GT3;;Grupo Prom Racing Team;Mercedes-AMG;FCY;34.842;37.800;47.593
177;2;42;4:24.742;0;;1:26.466;0;1:22.302;0;1:35.974;0;78.8;1:40:07.535;17:39:38.799;1:26.466;1:22.302;1:35.974;;Tribaudini;;GT3;;Grupo Prom Racing Team;Mercedes-AMG;FCY;86.466;82.302;95.974
177;3;43;5:57.511;0;;3:02.377;0;1:22.405;0;1:32.729;0;58.3;1:46:05.046;17:45:36.310;3:02.377;1:22.405;1:32.729;78;Caresani;;GT3;;Grupo Prom Racing Team;Mercedes-AMG;SC;182.377;82.405;92.729
177;3;44;2:00.577;0;;40.753;0;40.452;0;39.372;0;173.0;1:48:05.623;17:47:36.887;0:40.753;0:40.452;0:39.372;218;Caresani;;GT3;;Grupo Prom Racing Team;Mercedes-AMG;SC;40.753;40.452;39.372
177;3;45;2:05.213;0;;36.618;0;38.491;0;50.104;0;166.6;1:50:10.836;17:49:42.100;0:36.618;0:38.491;0:50.104;226;Caresani;;GT3;;Grupo Prom Racing Team;Mercedes-AMG;SC;36.618;38.491;50.104
177;3;46;2:42.154;0;;1:04.936;0;53.657;0;43.561;0;128.6;1:52:52.990;17:52:24.254;1:04.936;0:53.657;0:43.561;72;Caresani;;GT3;;Grupo Prom Racing Team;Mercedes-AMG;GF;64.936;53.657;43.561
177;3;47;1:50.913;0;;35.017;0;38.712;0;37.184;0;188.0;1:54:43.903;17:54:15.167;0:35.017;0:38.712;0:37.184;265;Caresani;;GT3;;Grupo Prom Racing Team;Mercedes-AMG;GF;35.017;38.712;37.184
177;3;48;1:53.100;0;;35.635;0;39.266;0;38.199;0;184.4;1:56:37.003;17:56:08.267;0:35.635;0:39.266;0:38.199;268;Caresani;;GT3;;Grupo Prom Racing Team;Mercedes-AMG;GF;35.635;39.266;38.199
177;3;49;1:51.428;0;;34.960;0;38.446;0;38.022;0;187.2;1:58:28.431;17:57:59.695;0:34.960;0:38.446;0:38.022;268;Caresani;;GT3;;Grupo Prom Racing Team;Mercedes-AMG;GF;34.960;38.446;38.022
177;3;50;1:50.684;0;;35.377;0;37.767;0;37.540;0;188.4;2:00:19.115;17:59:50.379;0:35.377;0:37.767;0:37.540;248;Caresani;;GT3;;Grupo Prom Racing Team;Mercedes-AMG;GF;35.377;37.767;37.540
177;3;51;1:49.448;0;B;35.007;0;37.286;0;37.155;0;190.5;2:02:08.563;18:01:39.827;0:35.007;0:37.286;0:37.155;265;Caresani;;GT3;;Grupo Prom Racing Team;Mercedes-AMG;GF;35.007;37.286;37.155
177;3;52;1:47.826;1;;34.397;1;36.626;1;36.803;1;193.4;2:03:56.389;18:03:27.653;0:34.397;0:36.626;0:36.803;263;Caresani;;GT3;;Grupo Prom Racing Team;Mercedes-AMG;GF;34.397;36.626;36.803
177;3;53;1:48.230;0;;34.521;0;36.704;0;37.005;0;192.7;2:05:44.619;18:05:15.883;0:34.521;0:36.704;0:37.005;263;Caresani;;GT3;;Grupo Prom Racing Team;Mercedes-AMG;GF;34.521;36.704;37.005
177;3;54;1:48.212;0;;34.490;0;36.902;0;36.820;0;192.7;2:07:32.831;18:07:04.095;0:34.490;0:36.902;0:36.820;265;Caresani;;GT3;;Grupo Prom Racing Team;Mercedes-AMG;GF;34.490;36.902;36.820
177;3;55;1:47.850;0;;34.443;0;36.580;1;36.827;0;193.4;2:09:20.681;18:08:51.945;0:34.443;0:36.580;0:36.827;265;Caresani;;GT3;;Grupo Prom Racing Team;Mercedes-AMG;GF;34.443;36.580;36.827
177;3;56;1:47.963;0;;34.374;1;36.816;0;36.773;1;193.2;2:11:08.644;18:10:39.908;0:34.374;0:36.816;0:36.773;265;Caresani;;GT3;;Grupo Prom Racing Team;Mercedes-AMG;GF;34.374;36.816;36.773
177;3;57;1:47.863;0;;34.419;0;36.689;0;36.755;1;193.3;2:12:56.507;18:12:27.771;0:34.419;0:36.689;0:36.755;267;Caresani;;GT3;;Grupo Prom Racing Team;Mercedes-AMG;GF;34.419;36.689;36.755
177;3;58;1:47.831;0;;34.319;1;36.707;0;36.805;0;193.4;2:14:44.338;18:14:15.602;0:34.319;0:36.707;0:36.805;267;Caresani;;GT3;;Grupo Prom Racing Team;Mercedes-AMG;GF;34.319;36.707;36.805
177;3;59;1:47.711;1;;34.403;0;36.649;0;36.659;1;193.6;2:16:32.049;18:16:03.313;0:34.403;0:36.649;0:36.659;266;Caresani;;GT3;;Grupo Prom Racing Team;Mercedes-AMG;GF;34.403;36.649;36.659
177;3;60;1:47.769;0;;34.292;1;36.769;0;36.708;0;193.5;2:18:19.818;18:17:51.082;0:34.292;0:36.769;0:36.708;265;Caresani;;GT3;;Grupo Prom Racing Team;Mercedes-AMG;GF;34.292;36.769;36.708
177;3;61;1:47.888;0;;34.418;0;36.682;0;36.788;0;193.3;2:20:07.706;18:19:38.970;0:34.418;0:36.682;0:36.788;265;Caresani;;GT3;;Grupo Prom Racing Team;Mercedes-AMG;GF;34.418;36.682;36.788
177;3;62;1:48.056;0;;34.339;0;36.804;0;36.913;0;193.0;2:21:55.762;18:21:27.026;0:34.339;0:36.804;0:36.913;267;Caresani;;GT3;;Grupo Prom Racing Team;Mercedes-AMG;GF;34.339;36.804;36.913
177;3;63;1:47.762;0;;34.207;1;36.790;0;36.765;0;193.5;2:23:43.524;18:23:14.788;0:34.207;0:36.790;0:36.765;267;Caresani;;GT3;;Grupo Prom Racing Team;Mercedes-AMG;GF;34.207;36.790;36.765
177;3;64;1:47.797;0;;34.352;0;36.733;0;36.712;0;193.5;2:25:31.321;18:25:02.585;0:34.352;0:36.733;0:36.712;268;Caresani;;GT3;;Grupo Prom Racing Team;Mercedes-AMG;GF;34.352;36.733;36.712
177;3;65;1:48.261;0;;34.270;0;36.896;0;37.095;0;192.6;2:27:19.582;18:26:50.846;0:34.270;0:36.896;0:37.095;267;Caresani;;GT3;;Grupo Prom Racing Team;Mercedes-AMG;GF;34.270;36.896;37.095
177;3;66;1:47.825;0;;34.285;0;36.688;0;36.852;0;193.4;2:29:07.407;18:28:38.671;0:34.285;0:36.688;0:36.852;267;Caresani;;GT3;;Grupo Prom Racing Team;Mercedes-AMG;GF;34.285;36.688;36.852
177;3;67;1:48.424;0;;35.019;0;36.692;0;36.713;0;192.3;2:30:55.831;18:30:27.095;0:35.019;0:36.692;0:36.713;242;Caresani;;GT3;;Grupo Prom Racing Team;Mercedes-AMG;GF;35.019;36.692;36.713
177;3;68;1:48.782;0;;34.322;0;37.554;0;36.906;0;191.7;2:32:44.613;18:32:15.877;0:34.322;0:37.554;0:36.906;267;Caresani;;GT3;;Grupo Prom Racing Team;Mercedes-AMG;GF;34.322;37.554;36.906
177;3;69;1:54.856;0;;34.410;0;36.860;0;43.586;0;181.6;2:34:39.469;18:34:10.733;0:34.410;0:36.860;0:43.586;;Caresani;;GT3;;Grupo Prom Racing Team;Mercedes-AMG;GF;34.410;36.860;43.586
177;3;70;3:10.979;0;;1:52.531;0;40.594;0;37.854;0;109.2;2:37:50.448;18:37:21.712;1:52.531;0:40.594;0:37.854;203;Caresani;;GT3;;Grupo Prom Racing Team;Mercedes-AMG;GF;112.531;40.594;37.854
177;3;71;3:50.773;0;;55.366;0;1:22.301;0;1:33.106;0;90.4;2:41:41.221;18:41:12.485;0:55.366;1:22.301;1:33.106;265;Caresani;;GT3;;Grupo Prom Racing Team;Mercedes-AMG;FCY;55.366;82.301;93.106
177;3;72;4:22.365;0;;1:27.015;0;1:22.336;0;1:33.014;0;79.5;2:46:03.586;18:45:34.850;1:27.015;1:22.336;1:33.014;78;Caresani;;GT3;;Grupo Prom Racing Team;Mercedes-AMG;FCY;87.015;82.336;93.014
177;3;73;3:12.782;0;;1:27.247;0;59.275;0;46.260;0;108.2;2:49:16.368;18:48:47.632;1:27.247;0:59.275;0:46.260;78;Caresani;;GT3;;Grupo Prom Racing Team;Mercedes-AMG;SC;87.247;59.275;46.260
177;3;74;1:55.770;0;;38.934;0;38.698;0;38.138;0;180.1;2:51:12.138;18:50:43.402;0:38.934;0:38.698;0:38.138;151;Caresani;;GT3;;Grupo Prom Racing Team;Mercedes-AMG;SC;38.934;38.698;38.138
177;3;75;2:05.538;0;;37.912;0;47.007;0;40.619;0;166.1;2:53:17.676;18:52:48.940;0:37.912;0:47.007;0:40.619;238;Caresani;;GT3;;Grupo Prom Racing Team;Mercedes-AMG;GF;37.912;47.007;40.619
177;3;76;1:52.331;0;;35.199;0;37.930;0;39.202;0;185.7;2:55:10.007;18:54:41.271;0:35.199;0:37.930;0:39.202;257;Caresani;;GT3;;Grupo Prom Racing Team;Mercedes-AMG;GF;35.199;37.930;39.202
177;3;77;2:10.091;0;;37.867;0;49.524;0;42.700;0;160.3;2:57:20.098;18:56:51.362;0:37.867;0:49.524;0:42.700;202;Caresani;;GT3;;Grupo Prom Racing Team;Mercedes-AMG;GF;37.867;49.524;42.700
177;3;78;4:13.859;0;;1:35.866;0;1:24.342;0;1:13.651;0;82.2;3:01:33.957;19:01:05.221;1:35.866;1:24.342;1:13.651;16;Caresani;;GT3;;Grupo Prom Racing Team;Mercedes-AMG;GF;95.866;84.342;73.651
222;1;1;2:52.096;1;;46.751;1;47.026;1;1:18.319;1;121.2;2:52.096;16:02:23.360;0:46.751;0:47.026;1:18.319;170;Barr;;GT3;;2 Seas Motorsport;Mercedes-AMG;SC;46.751;47.026;78.319
222;1;2;4:28.308;0;;1:48.438;0;1:20.777;0;1:19.093;0;77.7;7:20.404;16:06:51.668;1:48.438;1:20.777;1:19.093;68;Barr;;GT3;;2 Seas Motorsport;Mercedes-AMG;SC;108.438;80.777;79.093
222;1;3;3:21.323;0;;1:20.600;0;1:04.660;0;56.063;1;103.6;10:41.727;16:10:12.991;1:20.600;1:04.660;0:56.063;27;Barr;;GT3;;2 Seas Motorsport;Mercedes-AMG;SC;80.600;64.660;56.063
222;1;4;2:44.742;1;;1:03.745;0;53.601;0;47.396;1;126.6;13:26.469;16:12:57.733;1:03.745;0:53.601;0:47.396;85;Barr;;GT3;;2 Seas Motorsport;Mercedes-AMG;SC;63.745;53.601;47.396
222;1;5;2:28.282;1;;41.082;1;55.116;0;52.084;0;140.6;15:54.751;16:15:26.015;0:41.082;0:55.116;0:52.084;241;Barr;;GT3;;2 Seas Motorsport;Mercedes-AMG;SC;41.082;55.116;52.084
222;1;6;2:44.111;0;;55.681;0;57.229;0;51.201;0;127.1;18:38.862;16:18:10.126;0:55.681;0:57.229;0:51.201;109;Barr;;GT3;;2 Seas Motorsport;Mercedes-AMG;GF;55.681;57.229;51.201
222;1;7;1:50.096;1;;35.169;1;37.420;1;37.507;1;189.4;20:28.958;16:20:00.222;0:35.169;0:37.420;0:37.507;261;Barr;;GT3;;2 Seas Motorsport;Mercedes-AMG;GF;35.169;37.420;37.507
222;1;8;1:49.464;1;;34.842;1;37.137;1;37.485;1;190.5;22:18.422;16:21:49.686;0:34.842;0:37.137;0:37.485;266;Barr;;GT3;;2 Seas Motorsport;Mercedes-AMG;GF;34.842;37.137;37.485
222;1;9;1:48.689;1;;34.674;1;36.948;1;37.067;1;191.9;24:07.111;16:23:38.375;0:34.674;0:36.948;0:37.067;266;Barr;;GT3;;2 Seas Motorsport;Mercedes-AMG;GF;34.674;36.948;37.067
222;1;10;1:48.826;0;;34.625;1;37.108;0;37.093;0;191.6;25:55.937;16:25:27.201;0:34.625;0:37.108;0:37.093;265;Barr;;GT3;;2 Seas Motorsport;Mercedes-AMG;GF;34.625;37.108;37.093
222;1;11;1:48.629;1;;34.605;1;36.997;0;37.027;1;192.0;27:44.566;16:27:15.830;0:34.605;0:36.997;0:37.027;266;Barr;;GT3;;2 Seas Motorsport;Mercedes-AMG;GF;34.605;36.997;37.027
222;1;12;1:48.327;1;;34.497;1;36.898;1;36.932;1;192.5;29:32.893;16:29:04.157;0:34.497;0:36.898;0:36.932;267;Barr;;GT3;;2 Seas Motorsport;Mercedes-AMG;GF;34.497;36.898;36.932
222;1;13;1:48.016;1;;34.434;1;36.731;1;36.851;1;193.1;31:20.909;16:30:52.173;0:34.434;0:36.731;0:36.851;267;Barr;;GT3;;2 Seas Motorsport;Mercedes-AMG;GF;34.434;36.731;36.851
222;1;14;1:48.156;0;;34.328;1;36.833;0;36.995;0;192.8;33:09.065;16:32:40.329;0:34.328;0:36.833;0:36.995;267;Barr;;GT3;;2 Seas Motorsport;Mercedes-AMG;GF;34.328;36.833;36.995
222;1;15;1:48.045;0;;34.368;0;36.760;0;36.917;0;193.0;34:57.110;16:34:28.374;0:34.368;0:36.760;0:36.917;265;Barr;;GT3;;2 Seas Motorsport;Mercedes-AMG;GF;34.368;36.760;36.917
222;1;16;1:48.460;0;;34.417;0;36.852;0;37.191;0;192.3;36:45.570;16:36:16.834;0:34.417;0:36.852;0:37.191;267;Barr;;GT3;;2 Seas Motorsport;Mercedes-AMG;GF;34.417;36.852;37.191
222;1;17;1:48.393;0;;34.419;0;37.029;0;36.945;0;192.4;38:33.963;16:38:05.227;0:34.419;0:37.029;0:36.945;265;Barr;;GT3;;2 Seas Motorsport;Mercedes-AMG;GF;34.419;37.029;36.945
222;1;18;1:48.177;0;;34.366;0;36.913;0;36.898;0;192.8;40:22.140;16:39:53.404;0:34.366;0:36.913;0:36.898;265;Barr;;GT3;;2 Seas Motorsport;Mercedes-AMG;GF;34.366;36.913;36.898
222;1;19;1:48.375;0;;34.352;0;36.760;0;37.263;0;192.4;42:10.515;16:41:41.779;0:34.352;0:36.760;0:37.263;267;Barr;;GT3;;2 Seas Motorsport;Mercedes-AMG;GF;34.352;36.760;37.263
222;1;20;1:48.488;0;;34.643;0;36.895;0;36.950;0;192.2;43:59.003;16:43:30.267;0:34.643;0:36.895;0:36.950;265;Barr;;GT3;;2 Seas Motorsport;Mercedes-AMG;GF;34.643;36.895;36.950
222;1;21;1:48.372;0;;34.563;0;37.100;0;36.709;1;192.4;45:47.375;16:45:18.639;0:34.563;0:37.100;0:36.709;265;Barr;;GT3;;2 Seas Motorsport;Mercedes-AMG;GF;34.563;37.100;36.709
222;1;22;1:48.175;0;;34.515;0;36.778;0;36.882;0;192.8;47:35.550;16:47:06.814;0:34.515;0:36.778;0:36.882;267;Barr;;GT3;;2 Seas Motorsport;Mercedes-AMG;GF;34.515;36.778;36.882
222;1;23;1:48.840;0;;35.046;0;36.877;0;36.917;0;191.6;49:24.390;16:48:55.654;0:35.046;0:36.877;0:36.917;265;Barr;;GT3;;2 Seas Motorsport;Mercedes-AMG;GF;35.046;36.877;36.917
222;1;24;3:40.949;0;;44.663;0;1:21.339;0;1:34.947;0;94.4;53:05.339;16:52:36.603;0:44.663;1:21.339;1:34.947;;Barr;;GT3;;2 Seas Motorsport;Mercedes-AMG;FCY;44.663;81.339;94.947
222;2;25;5:23.333;0;;2:28.934;0;1:21.636;0;1:32.763;0;64.5;58:28.672;16:57:59.936;2:28.934;1:21.636;1:32.763;78;Dawson;;GT3;;2 Seas Motorsport;Mercedes-AMG;FCY;148.934;81.636;92.763
222;2;26;4:20.803;0;B;1:26.779;0;1:21.747;0;1:32.277;0;80.0;1:02:49.475;17:02:20.739;1:26.779;1:21.747;1:32.277;79;Dawson;;GT3;;2 Seas Motorsport;Mercedes-AMG;GF;86.779;81.747;92.277
222;2;27;3:10.966;0;;1:27.096;0;52.282;0;51.588;0;109.2;1:06:00.441;17:05:31.705;1:27.096;0:52.282;0:51.588;79;Dawson;;GT3;;2 Seas Motorsport;Mercedes-AMG;SC;87.096;52.282;51.588
222;2;28;2:43.636;0;;1:05.109;0;53.325;0;45.202;0;127.4;1:08:44.077;17:08:15.341;1:05.109;0:53.325;0:45.202;76;Dawson;;GT3;;2 Seas Motorsport;Mercedes-AMG;GF;65.109;53.325;45.202
222;2;29;1:51.783;0;;35.557;0;38.654;0;37.572;0;186.6;1:10:35.860;17:10:07.124;0:35.557;0:38.654;0:37.572;259;Dawson;;GT3;;2 Seas Motorsport;Mercedes-AMG;GF;35.557;38.654;37.572
222;2;30;1:49.448;0;;34.978;0;37.177;0;37.293;0;190.5;1:12:25.308;17:11:56.572;0:34.978;0:37.177;0:37.293;266;Dawson;;GT3;;2 Seas Motorsport;Mercedes-AMG;GF;34.978;37.177;37.293
222;2;31;1:50.790;0;;35.484;0;38.068;0;37.238;0;188.2;1:14:16.098;17:13:47.362;0:35.484;0:38.068;0:37.238;265;Dawson;;GT3;;2 Seas Motorsport;Mercedes-AMG;GF;35.484;38.068;37.238
222;2;32;1:49.645;0;;34.800;0;37.543;0;37.302;0;190.2;1:16:05.743;17:15:37.007;0:34.800;0:37.543;0:37.302;265;Dawson;;GT3;;2 Seas Motorsport;Mercedes-AMG;GF;34.800;37.543;37.302
222;2;33;1:51.431;0;;35.370;0;38.902;0;37.159;0;187.2;1:17:57.174;17:17:28.438;0:35.370;0:38.902;0:37.159;267;Dawson;;GT3;;2 Seas Motorsport;Mercedes-AMG;GF;35.370;38.902;37.159
222;2;34;2:18.631;0;;34.773;0;37.253;0;1:06.605;0;150.4;1:20:15.805;17:19:47.069;0:34.773;0:37.253;1:06.605;265;Dawson;;GT3;;2 Seas Motorsport;Mercedes-AMG;FCY;34.773;37.253;66.605
222;2;35;2:06.867;0;;52.298;0;37.357;0;37.212;0;164.4;1:22:22.672;17:21:53.936;0:52.298;0:37.357;0:37.212;185;Dawson;;GT3;;2 Seas Motorsport;Mercedes-AMG;GF;52.298;37.357;37.212
222;2;36;1:49.187;0;;34.816;0;37.229;0;37.142;0;191.0;1:24:11.859;17:23:43.123;0:34.816;0:37.229;0:37.142;265;Dawson;;GT3;;2 Seas Motorsport;Mercedes-AMG;GF;34.816;37.229;37.142
222;2;37;1:49.428;0;;34.796;0;37.580;0;37.052;0;190.6;1:26:01.287;17:25:32.551;0:34.796;0:37.580;0:37.052;265;Dawson;;GT3;;2 Seas Motorsport;Mercedes-AMG;GF;34.796;37.580;37.052
222;2;38;1:48.500;0;;34.470;0;37.142;0;36.888;0;192.2;1:27:49.787;17:27:21.051;0:34.470;0:37.142;0:36.888;265;Dawson;;GT3;;2 Seas Motorsport;Mercedes-AMG;GF;34.470;37.142;36.888
222;2;39;1:48.333;0;;34.555;0;36.867;0;36.911;0;192.5;1:29:38.120;17:29:09.384;0:34.555;0:36.867;0:36.911;264;Dawson;;GT3;;2 Seas Motorsport;Mercedes-AMG;GF;34.555;36.867;36.911
222;2;40;1:48.200;0;;34.528;0;36.857;0;36.815;0;192.7;1:31:26.320;17:30:57.584;0:34.528;0:36.857;0:36.815;265;Dawson;;GT3;;2 Seas Motorsport;Mercedes-AMG;GF;34.528;36.857;36.815
222;2;41;1:48.548;0;;34.462;0;37.011;0;37.075;0;192.1;1:33:14.868;17:32:46.132;0:34.462;0:37.011;0:37.075;266;Dawson;;GT3;;2 Seas Motorsport;Mercedes-AMG;GF;34.462;37.011;37.075
222;2;42;1:48.377;0;;34.549;0;36.929;0;36.899;0;192.4;1:35:03.245;17:34:34.509;0:34.549;0:36.929;0:36.899;266;Dawson;;GT3;;2 Seas Motorsport;Mercedes-AMG;GF;34.549;36.929;36.899
222;2;43;3:44.302;0;;50.718;0;1:21.417;0;1:32.167;0;93.0;1:38:47.547;17:38:18.811;0:50.718;1:21.417;1:32.167;266;Dawson;;GT3;;2 Seas Motorsport;Mercedes-AMG;FCY;50.718;81.417;92.167
222;2;44;4:22.844;0;;1:26.230;0;1:21.615;0;1:34.999;0;79.3;1:43:10.391;17:42:41.655;1:26.230;1:21.615;1:34.999;;Dawson;;GT3;;2 Seas Motorsport;Mercedes-AMG;FCY;86.230;81.615;94.999
222;3;45;4:02.883;0;;2:28.186;0;50.144;0;44.553;0;85.9;1:47:13.274;17:46:44.538;2:28.186;0:50.144;0:44.553;79;Jewiss;;GT3;;2 Seas Motorsport;Mercedes-AMG;SC;148.186;50.144;44.553
222;3;46;2:42.582;0;;38.295;0;57.372;0;1:06.915;0;128.3;1:49:55.856;17:49:27.120;0:38.295;0:57.372;1:06.915;200;Jewiss;;GT3;;2 Seas Motorsport;Mercedes-AMG;SC;38.295;57.372;66.915
222;3;47;2:50.871;0;;1:06.717;0;56.136;0;48.018;0;122.0;1:52:46.727;17:52:17.991;1:06.717;0:56.136;0:48.018;68;Jewiss;;GT3;;2 Seas Motorsport;Mercedes-AMG;GF;66.717;56.136;48.018
222;3;48;1:49.578;0;;35.244;0;37.035;0;37.299;0;190.3;1:54:36.305;17:54:07.569;0:35.244;0:37.035;0:37.299;257;Jewiss;;GT3;;2 Seas Motorsport;Mercedes-AMG;GF;35.244;37.035;37.299
222;3;49;1:50.997;0;;35.314;0;38.553;0;37.130;0;187.9;1:56:27.302;17:55:58.566;0:35.314;0:38.553;0:37.130;269;Jewiss;;GT3;;2 Seas Motorsport;Mercedes-AMG;GF;35.314;38.553;37.130
222;3;50;1:48.847;0;;35.012;0;36.829;0;37.006;0;191.6;1:58:16.149;17:57:47.413;0:35.012;0:36.829;0:37.006;267;Jewiss;;GT3;;2 Seas Motorsport;Mercedes-AMG;GF;35.012;36.829;37.006
222;3;51;1:49.883;0;;34.727;0;38.049;0;37.107;0;189.8;2:00:06.032;17:59:37.296;0:34.727;0:38.049;0:37.107;267;Jewiss;;GT3;;2 Seas Motorsport;Mercedes-AMG;GF;34.727;38.049;37.107
222;3;52;1:48.991;0;;34.758;0;37.106;0;37.127;0;191.3;2:01:55.023;18:01:26.287;0:34.758;0:37.106;0:37.127;267;Jewiss;;GT3;;2 Seas Motorsport;Mercedes-AMG;GF;34.758;37.106;37.127
222;3;53;1:48.532;0;B;34.374;0;37.036;0;37.122;0;192.2;2:03:43.555;18:03:14.819;0:34.374;0:37.036;0:37.122;265;Jewiss;;GT3;;2 Seas Motorsport;Mercedes-AMG;GF;34.374;37.036;37.122
222;3;54;1:48.437;0;;34.374;0;36.803;0;37.260;0;192.3;2:05:31.992;18:05:03.256;0:34.374;0:36.803;0:37.260;268;Jewiss;;GT3;;2 Seas Motorsport;Mercedes-AMG;GF;34.374;36.803;37.260
222;3;55;1:49.477;0;;34.517;0;36.976;0;37.984;0;190.5;2:07:21.469;18:06:52.733;0:34.517;0:36.976;0:37.984;271;Jewiss;;GT3;;2 Seas Motorsport;Mercedes-AMG;GF;34.517;36.976;37.984
222;3;56;1:48.697;0;;34.784;0;36.968;0;36.945;0;191.9;2:09:10.166;18:08:41.430;0:34.784;0:36.968;0:36.945;263;Jewiss;;GT3;;2 Seas Motorsport;Mercedes-AMG;GF;34.784;36.968;36.945
222;3;57;1:49.188;0;;35.061;0;37.146;0;36.981;0;191.0;2:10:59.354;18:10:30.618;0:35.061;0:37.146;0:36.981;267;Jewiss;;GT3;;2 Seas Motorsport;Mercedes-AMG;GF;35.061;37.146;36.981
222;3;58;1:48.706;0;;34.784;0;36.858;0;37.064;0;191.8;2:12:48.060;18:12:19.324;0:34.784;0:36.858;0:37.064;264;Jewiss;;GT3;;2 Seas Motorsport;Mercedes-AMG;GF;34.784;36.858;37.064
222;3;59;1:49.058;0;;34.726;0;37.150;0;37.182;0;191.2;2:14:37.118;18:14:08.382;0:34.726;0:37.150;0:37.182;267;Jewiss;;GT3;;2 Seas Motorsport;Mercedes-AMG;GF;34.726;37.150;37.182
222;3;60;1:49.285;0;;34.644;0;36.732;0;37.909;0;190.8;2:16:26.403;18:15:57.667;0:34.644;0:36.732;0:37.909;266;Jewiss;;GT3;;2 Seas Motorsport;Mercedes-AMG;GF;34.644;36.732;37.909
222;3;61;1:48.287;0;;34.543;0;36.733;0;37.011;0;192.6;2:18:14.690;18:17:45.954;0:34.543;0:36.733;0:37.011;265;Jewiss;;GT3;;2 Seas Motorsport;Mercedes-AMG;GF;34.543;36.733;37.011
222;3;62;1:47.888;1;;34.517;0;36.662;1;36.709;0;193.3;2:20:02.578;18:19:33.842;0:34.517;0:36.662;0:36.709;265;Jewiss;;GT3;;2 Seas Motorsport;Mercedes-AMG;GF;34.517;36.662;36.709
222;3;63;1:47.813;1;;34.336;0;36.458;1;37.019;0;193.4;2:21:50.391;18:21:21.655;0:34.336;0:36.458;0:37.019;265;Jewiss;;GT3;;2 Seas Motorsport;Mercedes-AMG;GF;34.336;36.458;37.019
222;3;64;1:47.546;1;;34.393;0;36.484;0;36.669;1;193.9;2:23:37.937;18:23:09.201;0:34.393;0:36.484;0:36.669;265;Jewiss;;GT3;;2 Seas Motorsport;Mercedes-AMG;GF;34.393;36.484;36.669
222;3;65;1:47.564;0;;34.337;0;36.592;0;36.635;1;193.9;2:25:25.501;18:24:56.765;0:34.337;0:36.592;0:36.635;266;Jewiss;;GT3;;2 Seas Motorsport;Mercedes-AMG;GF;34.337;36.592;36.635
222;3;66;1:47.766;0;;34.560;0;36.474;0;36.732;0;193.5;2:27:13.267;18:26:44.531;0:34.560;0:36.474;0:36.732;266;Jewiss;;GT3;;2 Seas Motorsport;Mercedes-AMG;GF;34.560;36.474;36.732
222;3;67;1:47.528;1;;34.446;0;36.366;1;36.716;0;193.9;2:29:00.795;18:28:32.059;0:34.446;0:36.366;0:36.716;266;Jewiss;;GT3;;2 Seas Motorsport;Mercedes-AMG;GF;34.446;36.366;36.716
222;3;68;1:58.958;0;;34.850;0;37.693;0;46.415;0;175.3;2:30:59.753;18:30:31.017;0:34.850;0:37.693;0:46.415;;Jewiss;;GT3;;2 Seas Motorsport;Mercedes-AMG;GF;34.850;37.693;46.415
222;3;69;3:07.118;0;;1:52.936;0;37.120;0;37.062;0;111.5;2:34:06.871;18:33:38.135;1:52.936;0:37.120;0:37.062;204;Jewiss;;GT3;;2 Seas Motorsport;Mercedes-AMG;GF;112.936;37.120;37.062
222;3;70;1:51.593;0;;35.561;0;38.792;0;37.240;0;186.9;2:35:58.464;18:35:29.728;0:35.561;0:38.792;0:37.240;267;Jewiss;;GT3;;2 Seas Motorsport;Mercedes-AMG;GF;35.561;38.792;37.240
222;3;71;1:52.895;0;;34.549;0;39.818;0;38.528;0;184.7;2:37:51.359;18:37:22.623;0:34.549;0:39.818;0:38.528;267;Jewiss;;GT3;;2 Seas Motorsport;Mercedes-AMG;GF;34.549;39.818;38.528
555;2;1;2:47.366;1;;45.822;1;45.378;1;1:16.166;1;124.6;2:47.366;16:02:18.630;0:45.822;0:45.378;1:16.166;173;Andriolo;;GT3;;CSA Racing;McLaren;SC;45.822;45.378;76.166
555;2;2;4:28.543;0;;1:48.455;0;1:20.150;0;1:19.938;0;77.7;7:15.909;16:06:47.173;1:48.455;1:20.150;1:19.938;45;Andriolo;;GT3;;CSA Racing;McLaren;SC;108.455;80.150;79.938
555;2;3;3:23.304;0;;1:20.631;0;1:03.882;0;58.791;1;102.6;10:39.213;16:10:10.477;1:20.631;1:03.882;0:58.791;44;Andriolo;;GT3;;CSA Racing;McLaren;SC;80.631;63.882;58.791
555;2;4;2:44.825;1;;1:03.985;0;53.774;0;47.066;1;126.5;13:24.038;16:12:55.302;1:03.985;0:53.774;0:47.066;64;Andriolo;;GT3;;CSA Racing;McLaren;SC;63.985;53.774;47.066
555;2;5;2:26.812;1;;42.891;1;54.611;0;49.310;0;142.1;15:50.850;16:15:22.114;0:42.891;0:54.611;0:49.310;209;Andriolo;;GT3;;CSA Racing;McLaren;SC;42.891;54.611;49.310
555;2;6;2:47.504;0;;58.638;0;57.405;0;51.461;0;124.5;18:38.354;16:18:09.618;0:58.638;0:57.405;0:51.461;113;Andriolo;;GT3;;CSA Racing;McLaren;GF;58.638;57.405;51.461
555;2;7;1:50.244;1;;35.326;1;37.449;1;37.469;1;189.2;20:28.598;16:19:59.862;0:35.326;0:37.449;0:37.469;257;Andriolo;;GT3;;CSA Racing;McLaren;GF;35.326;37.449;37.469
555;2;8;1:49.343;1;;34.803;1;37.156;1;37.384;1;190.7;22:17.941;16:21:49.205;0:34.803;0:37.156;0:37.384;268;Andriolo;;GT3;;CSA Racing;McLaren;GF;34.803;37.156;37.384
555;2;9;1:48.767;1;;34.749;1;36.745;1;37.273;1;191.7;24:06.708;16:23:37.972;0:34.749;0:36.745;0:37.273;267;Andriolo;;GT3;;CSA Racing;McLaren;GF;34.749;36.745;37.273
555;2;10;1:48.785;0;;34.619;1;37.062;0;37.104;1;191.7;25:55.493;16:25:26.757;0:34.619;0:37.062;0:37.104;267;Andriolo;;GT3;;CSA Racing;McLaren;GF;34.619;37.062;37.104
555;2;11;1:48.308;1;;34.666;0;36.743;1;36.899;1;192.6;27:43.801;16:27:15.065;0:34.666;0:36.743;0:36.899;267;Andriolo;;GT3;;CSA Racing;McLaren;GF;34.666;36.743;36.899
555;2;12;1:48.378;0;;34.553;1;36.754;0;37.071;0;192.4;29:32.179;16:29:03.443;0:34.553;0:36.754;0:37.071;269;Andriolo;;GT3;;CSA Racing;McLaren;GF;34.553;36.754;37.071
555;2;13;1:48.135;1;;34.480;1;36.610;1;37.045;0;192.9;31:20.314;16:30:51.578;0:34.480;0:36.610;0:37.045;269;Andriolo;;GT3;;CSA Racing;McLaren;GF;34.480;36.610;37.045
555;2;14;1:48.138;0;;34.522;0;36.603;1;37.013;0;192.9;33:08.452;16:32:39.716;0:34.522;0:36.603;0:37.013;269;Andriolo;;GT3;;CSA Racing;McLaren;GF;34.522;36.603;37.013
555;2;15;1:48.219;0;;34.550;0;36.689;0;36.980;0;192.7;34:56.671;16:34:27.935;0:34.550;0:36.689;0:36.980;268;Andriolo;;GT3;;CSA Racing;McLaren;GF;34.550;36.689;36.980
555;2;16;1:48.482;0;;34.554;0;36.760;0;37.168;0;192.2;36:45.153;16:36:16.417;0:34.554;0:36.760;0:37.168;269;Andriolo;;GT3;;CSA Racing;McLaren;GF;34.554;36.760;37.168
555;2;17;1:48.256;0;;34.601;0;36.842;0;36.813;1;192.6;38:33.409;16:38:04.673;0:34.601;0:36.842;0:36.813;266;Andriolo;;GT3;;CSA Racing;McLaren;GF;34.601;36.842;36.813
555;2;18;1:48.290;0;;34.626;0;36.660;0;37.004;0;192.6;40:21.699;16:39:52.963;0:34.626;0:36.660;0:37.004;267;Andriolo;;GT3;;CSA Racing;McLaren;GF;34.626;36.660;37.004
555;2;19;1:48.065;1;;34.479;1;36.687;0;36.899;0;193.0;42:09.764;16:41:41.028;0:34.479;0:36.687;0:36.899;268;Andriolo;;GT3;;CSA Racing;McLaren;GF;34.479;36.687;36.899
555;2;20;1:48.557;0;;34.800;0;36.854;0;36.903;0;192.1;43:58.321;16:43:29.585;0:34.800;0:36.854;0:36.903;268;Andriolo;;GT3;;CSA Racing;McLaren;GF;34.800;36.854;36.903
555;2;21;1:48.247;0;;34.598;0;36.734;0;36.915;0;192.7;45:46.568;16:45:17.832;0:34.598;0:36.734;0:36.915;267;Andriolo;;GT3;;CSA Racing;McLaren;GF;34.598;36.734;36.915
555;2;22;1:48.211;0;;34.631;0;36.651;0;36.929;0;192.7;47:34.779;16:47:06.043;0:34.631;0:36.651;0:36.929;267;Andriolo;;GT3;;CSA Racing;McLaren;GF;34.631;36.651;36.929
555;2;23;1:48.086;0;;34.583;0;36.645;0;36.858;0;192.9;49:22.865;16:48:54.129;0:34.583;0:36.645;0:36.858;267;Andriolo;;GT3;;CSA Racing;McLaren;GF;34.583;36.645;36.858
555;2;24;3:40.358;0;;43.058;0;1:21.785;0;1:35.515;0;94.6;53:03.223;16:52:34.487;0:43.058;1:21.785;1:35.515;;Andriolo;;GT3;;CSA Racing;McLaren;FCY;43.058;81.785;95.515
555;1;25;5:24.443;0;;2:30.170;0;1:21.793;0;1:32.480;0;64.3;58:27.666;16:57:58.930;2:30.170;1:21.793;1:32.480;78;Moulin;;GT3;;CSA Racing;McLaren;FCY;150.170;81.793;92.480
555;1;26;4:20.631;0;;1:26.276;0;1:21.783;0;1:32.572;0;80.0;1:02:48.297;17:02:19.561;1:26.276;1:21.783;1:32.572;78;Moulin;;GT3;;CSA Racing;McLaren;GF;86.276;81.783;92.572
555;1;27;3:10.780;0;B;1:27.444;0;51.363;0;51.973;0;109.3;1:05:59.077;17:05:30.341;1:27.444;0:51.363;0:51.973;79;Moulin;;GT3;;CSA Racing;McLaren;SC;87.444;51.363;51.973
555;1;28;2:44.463;0;;1:05.336;0;53.222;0;45.905;0;126.8;1:08:43.540;17:08:14.804;1:05.336;0:53.222;0:45.905;101;Moulin;;GT3;;CSA Racing;McLaren;GF;65.336;53.222;45.905
555;1;29;1:51.883;0;;35.824;0;38.562;0;37.497;0;186.4;1:10:35.423;17:10:06.687;0:35.824;0:38.562;0:37.497;265;Moulin;;GT3;;CSA Racing;McLaren;GF;35.824;38.562;37.497
555;1;30;1:49.402;0;;34.898;0;37.161;0;37.343;0;190.6;1:12:24.825;17:11:56.089;0:34.898;0:37.161;0:37.343;267;Moulin;;GT3;;CSA Racing;McLaren;GF;34.898;37.161;37.343
555;1;31;1:48.994;0;;34.888;0;37.048;0;37.058;0;191.3;1:14:13.819;17:13:45.083;0:34.888;0:37.048;0:37.058;267;Moulin;;GT3;;CSA Racing;McLaren;GF;34.888;37.048;37.058
555;1;32;1:48.952;0;;34.971;0;36.781;0;37.200;0;191.4;1:16:02.771;17:15:34.035;0:34.971;0:36.781;0:37.200;269;Moulin;;GT3;;CSA Racing;McLaren;GF;34.971;36.781;37.200
555;1;33;1:48.717;0;;35.096;0;36.780;0;36.841;0;191.8;1:17:51.488;17:17:22.752;0:35.096;0:36.780;0:36.841;267;Moulin;;GT3;;CSA Racing;McLaren;GF;35.096;36.780;36.841
555;1;34;2:02.790;0;;34.638;0;36.700;0;51.452;0;169.8;1:19:54.278;17:19:25.542;0:34.638;0:36.700;0:51.452;266;Moulin;;GT3;;CSA Racing;McLaren;FCY;34.638;36.700;51.452
555;1;35;2:15.865;0;;1:02.182;0;36.754;0;36.929;0;153.5;1:22:10.143;17:21:41.407;1:02.182;0:36.754;0:36.929;78;Moulin;;GT3;;CSA Racing;McLaren;GF;62.182;36.754;36.929
555;1;36;1:48.319;0;;34.580;0;36.791;0;36.948;0;192.5;1:23:58.462;17:23:29.726;0:34.580;0:36.791;0:36.948;266;Moulin;;GT3;;CSA Racing;McLaren;GF;34.580;36.791;36.948
555;1;37;1:48.061;1;;34.652;0;36.566;1;36.843;0;193.0;1:25:46.523;17:25:17.787;0:34.652;0:36.566;0:36.843;266;Moulin;;GT3;;CSA Racing;McLaren;GF;34.652;36.566;36.843
555;1;38;1:48.276;0;;34.623;0;36.705;0;36.948;0;192.6;1:27:34.799;17:27:06.063;0:34.623;0:36.705;0:36.948;266;Moulin;;GT3;;CSA Racing;McLaren;GF;34.623;36.705;36.948
555;1;39;1:48.263;0;;34.547;0;36.669;0;37.047;0;192.6;1:29:23.062;17:28:54.326;0:34.547;0:36.669;0:37.047;267;Moulin;;GT3;;CSA Racing;McLaren;GF;34.547;36.669;37.047
555;1;40;1:49.306;0;;34.632;0;37.111;0;37.563;0;190.8;1:31:12.368;17:30:43.632;0:34.632;0:37.111;0:37.563;266;Moulin;;GT3;;CSA Racing;McLaren;GF;34.632;37.111;37.563
555;1;41;1:48.582;0;;34.416;1;37.239;0;36.927;0;192.1;1:33:00.950;17:32:32.214;0:34.416;0:37.239;0:36.927;269;Moulin;;GT3;;CSA Racing;McLaren;GF;34.416;37.239;36.927
555;1;42;1:48.332;0;;34.404;1;36.764;0;37.164;0;192.5;1:34:49.282;17:34:20.546;0:34.404;0:36.764;0:37.164;269;Moulin;;GT3;;CSA Racing;McLaren;GF;34.404;36.764;37.164
555;1;43;3:22.618;0;;34.423;0;1:15.834;0;1:32.361;0;102.9;1:38:11.900;17:37:43.164;0:34.423;1:15.834;1:32.361;268;Moulin;;GT3;;CSA Racing;McLaren;FCY;34.423;75.834;92.361
555;1;44;4:24.828;0;;1:27.014;0;1:22.135;0;1:35.679;0;78.7;1:42:36.728;17:42:07.992;1:27.014;1:22.135;1:35.679;;Moulin;;GT3;;CSA Racing;McLaren;FCY;87.014;82.135;95.679
555;3;45;4:29.049;0;;2:31.204;0;1:10.722;0;47.123;0;77.5;1:47:05.777;17:46:37.041;2:31.204;1:10.722;0:47.123;78;Lecertua;;GT3;;CSA Racing;McLaren;SC;151.204;70.722;47.123
555;3;46;2:45.087;0;;38.769;0;57.760;0;1:08.558;0;126.3;1:49:50.864;17:49:22.128;0:38.769;0:57.760;1:08.558;227;Lecertua;;GT3;;CSA Racing;McLaren;SC;38.769;57.760;68.558
555;3;47;2:52.042;0;;1:05.501;0;55.975;0;50.566;0;121.2;1:52:42.906;17:52:14.170;1:05.501;0:55.975;0:50.566;81;Lecertua;;GT3;;CSA Racing;McLaren;GF;65.501;55.975;50.566
555;3;48;1:50.184;0;;35.425;0;37.280;0;37.479;0;189.3;1:54:33.090;17:54:04.354;0:35.425;0:37.280;0:37.479;236;Lecertua;;GT3;;CSA Racing;McLaren;GF;35.425;37.280;37.479
555;3;49;2:05.017;0;;50.852;0;37.274;0;36.891;0;166.8;1:56:38.107;17:56:09.371;0:50.852;0:37.274;0:36.891;269;Lecertua;;GT3;;CSA Racing;McLaren;GF;50.852;37.274;36.891
555;3;50;1:50.308;0;;34.576;0;37.860;0;37.872;0;189.1;1:58:28.415;17:57:59.679;0:34.576;0:37.860;0:37.872;271;Lecertua;;GT3;;CSA Racing;McLaren;GF;34.576;37.860;37.872
555;3;51;1:48.746;0;;34.710;0;36.844;0;37.192;0;191.8;2:00:17.161;17:59:48.425;0:34.710;0:36.844;0:37.192;268;Lecertua;;GT3;;CSA Racing;McLaren;GF;34.710;36.844;37.192
555;3;52;1:48.028;1;;34.525;0;36.762;0;36.741;1;193.0;2:02:05.189;18:01:36.453;0:34.525;0:36.762;0:36.741;269;Lecertua;;GT3;;CSA Racing;McLaren;GF;34.525;36.762;36.741
555;3;53;1:47.891;1;B;34.509;0;36.868;0;36.514;1;193.3;2:03:53.080;18:03:24.344;0:34.509;0:36.868;0:36.514;268;Lecertua;;GT3;;CSA Racing;McLaren;GF;34.509;36.868;36.514
555;3;54;1:48.720;0;;34.602;0;37.094;0;37.024;0;191.8;2:05:41.800;18:05:13.064;0:34.602;0:37.094;0:37.024;268;Lecertua;;GT3;;CSA Racing;McLaren;GF;34.602;37.094;37.024
555;3;55;1:48.196;0;;34.583;0;36.785;0;36.828;0;192.8;2:07:29.996;18:07:01.260;0:34.583;0:36.785;0:36.828;267;Lecertua;;GT3;;CSA Racing;McLaren;GF;34.583;36.785;36.828
555;3;56;1:48.007;0;;34.648;0;36.821;0;36.538;0;193.1;2:09:18.003;18:08:49.267;0:34.648;0:36.821;0:36.538;267;Lecertua;;GT3;;CSA Racing;McLaren;GF;34.648;36.821;36.538
555;3;57;1:47.737;1;;34.540;0;36.729;0;36.468;1;193.6;2:11:05.740;18:10:37.004;0:34.540;0:36.729;0:36.468;268;Lecertua;;GT3;;CSA Racing;McLaren;GF;34.540;36.729;36.468
555;3;58;1:47.576;1;;34.472;0;36.507;1;36.597;0;193.9;2:12:53.316;18:12:24.580;0:34.472;0:36.507;0:36.597;267;Lecertua;;GT3;;CSA Racing;McLaren;GF;34.472;36.507;36.597
555;3;59;1:47.612;0;;34.473;0;36.565;0;36.574;0;193.8;2:14:40.928;18:14:12.192;0:34.473;0:36.565;0:36.574;268;Lecertua;;GT3;;CSA Racing;McLaren;GF;34.473;36.565;36.574
555;3;60;1:47.680;0;;34.435;0;36.523;0;36.722;0;193.7;2:16:28.608;18:15:59.872;0:34.435;0:36.523;0:36.722;269;Lecertua;;GT3;;CSA Racing;McLaren;GF;34.435;36.523;36.722
555;3;61;1:47.571;1;;34.513;0;36.514;0;36.544;0;193.9;2:18:16.179;18:17:47.443;0:34.513;0:36.514;0:36.544;268;Lecertua;;GT3;;CSA Racing;McLaren;GF;34.513;36.514;36.544
555;3;62;1:47.805;0;;34.557;0;36.594;0;36.654;0;193.4;2:20:03.984;18:19:35.248;0:34.557;0:36.594;0:36.654;269;Lecertua;;GT3;;CSA Racing;McLaren;GF;34.557;36.594;36.654
555;3;63;1:47.498;1;;34.478;0;36.402;1;36.618;0;194.0;2:21:51.482;18:21:22.746;0:34.478;0:36.402;0:36.618;269;Lecertua;;GT3;;CSA Racing;McLaren;GF;34.478;36.402;36.618
555;3;64;1:47.889;0;;34.517;0;36.682;0;36.690;0;193.3;2:23:39.371;18:23:10.635;0:34.517;0:36.682;0:36.690;270;Lecertua;;GT3;;CSA Racing;McLaren;GF;34.517;36.682;36.690
555;3;65;1:47.565;0;;34.414;0;36.507;0;36.644;0;193.9;2:25:26.936;18:24:58.200;0:34.414;0:36.507;0:36.644;270;Lecertua;;GT3;;CSA Racing;McLaren;GF;34.414;36.507;36.644
555;3;66;1:47.633;0;;34.436;0;36.655;0;36.542;0;193.8;2:27:14.569;18:26:45.833;0:34.436;0:36.655;0:36.542;271;Lecertua;;GT3;;CSA Racing;McLaren;GF;34.436;36.655;36.542
555;3;67;1:47.886;0;;34.592;0;36.728;0;36.566;0;193.3;2:29:02.455;18:28:33.719;0:34.592;0:36.728;0:36.566;271;Lecertua;;GT3;;CSA Racing;McLaren;GF;34.592;36.728;36.566
555;3;68;1:49.220;0;;34.411;0;36.605;0;38.204;0;190.9;2:30:51.675;18:30:22.939;0:34.411;0:36.605;0:38.204;270;Lecertua;;GT3;;CSA Racing;McLaren;GF;34.411;36.605;38.204
555;3;69;1:48.429;0;;35.076;0;36.666;0;36.687;0;192.3;2:32:40.104;18:32:11.368;0:35.076;0:36.666;0:36.687;265;Lecertua;;GT3;;CSA Racing;McLaren;GF;35.076;36.666;36.687
555;3;70;1:47.480;1;;34.372;1;36.581;0;36.527;0;194.0;2:34:27.584;18:33:58.848;0:34.372;0:36.581;0:36.527;268;Lecertua;;GT3;;CSA Racing;McLaren;GF;34.372;36.581;36.527
555;3;71;1:47.419;1;;34.395;0;36.503;0;36.521;0;194.1;2:36:15.003;18:35:46.267;0:34.395;0:36.503;0:36.521;269;Lecertua;;GT3;;CSA Racing;McLaren;GF;34.395;36.503;36.521
555;3;72;1:56.287;0;;34.457;0;36.955;0;44.875;0;179.3;2:38:11.290;18:37:42.554;0:34.457;0:36.955;0:44.875;;Lecertua;;GT3;;CSA Racing;McLaren;GF;34.457;36.955;44.875
555;3;73;5:22.565;0;;2:28.087;0;1:21.772;0;1:32.706;0;64.7;2:43:33.855;18:43:05.119;2:28.087;1:21.772;1:32.706;78;Lecertua;;GT3;;CSA Racing;McLaren;FCY;148.087;81.772;92.706
555;3;74;4:23.959;0;;1:26.429;0;1:21.860;0;1:35.670;0;79.0;2:47:57.814;18:47:29.078;1:26.429;1:21.860;1:35.670;78;Lecertua;;GT3;;CSA Racing;McLaren;GF;86.429;81.860;95.670
555;3;75;2:20.661;0;;55.544;0;40.730;0;44.387;0;148.3;2:50:18.475;18:49:49.739;0:55.544;0:40.730;0:44.387;212;Lecertua;;GT3;;CSA Racing;McLaren;SC;55.544;40.730;44.387
555;3;76;2:47.815;0;;1:04.133;0;51.869;0;51.813;0;124.3;2:53:06.290;18:52:37.554;1:04.133;0:51.869;0:51.813;88;Lecertua;;GT3;;CSA Racing;McLaren;GF;64.133;51.869;51.813
555;3;77;1:51.053;0;;34.932;0;38.561;0;37.560;0;187.8;2:54:57.343;18:54:28.607;0:34.932;0:38.561;0:37.560;267;Lecertua;;GT3;;CSA Racing;McLaren;GF;34.932;38.561;37.560
555;3;78;1:55.543;0;;36.253;0;39.718;0;39.572;0;180.5;2:56:52.886;18:56:24.150;0:36.253;0:39.718;0:39.572;268;Lecertua;;GT3;;CSA Racing;McLaren;GF;36.253;39.718;39.572
555;3;79;4:13.214;0;;1:29.908;0;1:27.241;0;1:16.065;0;82.4;3:01:06.100;19:00:37.364;1:29.908;1:27.241;1:16.065;52;Lecertua;;GT3;;CSA Racing;McLaren;GF;89.908;87.241;76.065
914;1;1;3:10.789;1;;53.001;1;54.597;1;1:23.191;1;109.3;3:10.789;16:02:42.053;0:53.001;0:54.597;1:23.191;166;Kolovos;;GT3;;Razoon - more than racing;Porsche;SC;53.001;54.597;83.191
914;1;2;4:30.757;0;;1:53.113;0;1:18.574;0;1:19.070;1;77.0;7:41.546;16:07:12.810;1:53.113;1:18.574;1:19.070;71;Kolovos;;GT3;;Razoon - more than racing;Porsche;SC;113.113;78.574;79.070
914;1;3;3:13.788;0;;1:14.691;0;1:06.531;0;52.566;1;107.6;10:55.334;16:10:26.598;1:14.691;1:06.531;0:52.566;43;Kolovos;;GT3;;Razoon - more than racing;Porsche;SC;74.691;66.531;52.566
914;1;4;2:41.537;1;;1:01.811;0;53.094;1;46.632;1;129.1;13:36.871;16:13:08.135;1:01.811;0:53.094;0:46.632;78;Kolovos;;GT3;;Razoon - more than racing;Porsche;SC;61.811;53.094;46.632
914;1;5;2:32.474;1;;41.172;1;54.590;0;56.712;0;136.8;16:09.345;16:15:40.609;0:41.172;0:54.590;0:56.712;;Kolovos;;GT3;;Razoon - more than racing;Porsche;SC;41.172;54.590;56.712
914;1;6;3:13.265;0;;1:56.884;0;38.369;1;38.012;1;107.9;19:22.610;16:18:53.874;1:56.884;0:38.369;0:38.012;200;Kolovos;;GT3;;Razoon - more than racing;Porsche;GF;116.884;38.369;38.012
914;1;7;1:51.378;1;;35.579;1;37.758;1;38.041;0;187.2;21:13.988;16:20:45.252;0:35.579;0:37.758;0:38.041;259;Kolovos;;GT3;;Razoon - more than racing;Porsche;GF;35.579;37.758;38.041
914;1;8;1:50.749;1;;35.461;1;37.531;1;37.757;1;188.3;23:04.737;16:22:36.001;0:35.461;0:37.531;0:37.757;260;Kolovos;;GT3;;Razoon - more than racing;Porsche;GF;35.461;37.531;37.757
914;1;9;1:50.168;1;;35.313;1;37.387;1;37.468;1;189.3;24:54.905;16:24:26.169;0:35.313;0:37.387;0:37.468;260;Kolovos;;GT3;;Razoon - more than racing;Porsche;GF;35.313;37.387;37.468
914;1;10;1:49.916;1;;35.253;1;37.279;1;37.384;1;189.7;26:44.821;16:26:16.085;0:35.253;0:37.279;0:37.384;259;Kolovos;;GT3;;Razoon - more than racing;Porsche;GF;35.253;37.279;37.384
914;1;11;1:49.976;0;;35.107;1;37.412;0;37.457;0;189.6;28:34.797;16:28:06.061;0:35.107;0:37.412;0:37.457;260;Kolovos;;GT3;;Razoon - more than racing;Porsche;GF;35.107;37.412;37.457
914;1;12;1:49.616;1;;35.445;0;37.031;1;37.140;1;190.3;30:24.413;16:29:55.677;0:35.445;0:37.031;0:37.140;260;Kolovos;;GT3;;Razoon - more than racing;Porsche;GF;35.445;37.031;37.140
914;1;13;1:49.562;1;;35.067;1;37.157;0;37.338;0;190.3;32:13.975;16:31:45.239;0:35.067;0:37.157;0:37.338;263;Kolovos;;GT3;;Razoon - more than racing;Porsche;GF;35.067;37.157;37.338
914;1;14;1:49.502;1;;35.120;0;37.121;0;37.261;0;190.5;34:03.477;16:33:34.741;0:35.120;0:37.121;0:37.261;260;Kolovos;;GT3;;Razoon - more than racing;Porsche;GF;35.120;37.121;37.261
914;1;15;1:49.284;1;;35.086;0;36.820;1;37.378;0;190.8;35:52.761;16:35:24.025;0:35.086;0:36.820;0:37.378;261;Kolovos;;GT3;;Razoon - more than racing;Porsche;GF;35.086;36.820;37.378
914;1;16;1:50.189;0;;35.226;0;37.136;0;37.827;0;189.3;37:42.950;16:37:14.214;0:35.226;0:37.136;0:37.827;263;Kolovos;;GT3;;Razoon - more than racing;Porsche;GF;35.226;37.136;37.827
914;1;17;1:54.192;0;;38.272;0;38.657;0;37.263;0;182.6;39:37.142;16:39:08.406;0:38.272;0:38.657;0:37.263;265;Kolovos;;GT3;;Razoon - more than racing;Porsche;GF;38.272;38.657;37.263
914;1;18;1:49.886;0;B;35.029;1;37.474;0;37.383;0;189.8;41:27.028;16:40:58.292;0:35.029;0:37.474;0:37.383;261;Kolovos;;GT3;;Razoon - more than racing;Porsche;GF;35.029;37.474;37.383
914;1;19;1:49.915;0;;35.278;0;37.216;0;37.421;0;189.7;43:16.943;16:42:48.207;0:35.278;0:37.216;0:37.421;262;Kolovos;;GT3;;Razoon - more than racing;Porsche;GF;35.278;37.216;37.421
914;1;20;1:50.841;0;;35.539;0;37.455;0;37.847;0;188.2;45:07.784;16:44:39.048;0:35.539;0:37.455;0:37.847;258;Kolovos;;GT3;;Razoon - more than racing;Porsche;GF;35.539;37.455;37.847
914;1;21;1:50.835;0;;35.290;0;37.163;0;38.382;0;188.2;46:58.619;16:46:29.883;0:35.290;0:37.163;0:38.382;258;Kolovos;;GT3;;Razoon - more than racing;Porsche;GF;35.290;37.163;38.382
914;1;22;1:49.619;0;;35.306;0;37.179;0;37.134;1;190.2;48:48.238;16:48:19.502;0:35.306;0:37.179;0:37.134;258;Kolovos;;GT3;;Razoon - more than racing;Porsche;GF;35.306;37.179;37.134
914;1;23;2:57.500;0;;35.033;0;50.795;0;1:31.672;0;117.5;51:45.738;16:51:17.002;0:35.033;0:50.795;1:31.672;260;Kolovos;;GT3;;Razoon - more than racing;Porsche;FCY;35.033;50.795;91.672
914;1;24;4:19.494;0;;1:26.220;0;1:21.327;0;1:31.947;0;80.4;56:05.232;16:55:36.496;1:26.220;1:21.327;1:31.947;79;Kolovos;;GT3;;Razoon - more than racing;Porsche;FCY;86.220;81.327;91.947
914;1;25;4:19.420;0;;1:26.357;0;1:21.278;0;1:31.785;0;80.4;1:00:24.652;16:59:55.916;1:26.357;1:21.278;1:31.785;79;Kolovos;;GT3;;Razoon - more than racing;Porsche;GF;86.357;81.278;91.785
914;1;26;4:15.968;0;;1:26.292;0;1:21.319;0;1:28.357;0;81.5;1:04:40.620;17:04:11.884;1:26.292;1:21.319;1:28.357;79;Kolovos;;GT3;;Razoon - more than racing;Porsche;SC;86.292;81.319;88.357
914;1;27;1:56.619;0;;38.744;0;39.138;0;38.737;0;178.8;1:06:37.239;17:06:08.503;0:38.744;0:39.138;0:38.737;212;Kolovos;;GT3;;Razoon - more than racing;Porsche;SC;38.744;39.138;38.737
914;1;28;2:21.605;0;;50.537;0;52.318;0;38.750;0;147.3;1:08:58.844;17:08:30.108;0:50.537;0:52.318;0:38.750;135;Kolovos;;GT3;;Razoon - more than racing;Porsche;GF;50.537;52.318;38.750
914;1;29;1:50.165;0;;35.220;0;37.312;0;37.633;0;189.3;1:10:49.009;17:10:20.273;0:35.220;0:37.312;0:37.633;262;Kolovos;;GT3;;Razoon - more than racing;Porsche;GF;35.220;37.312;37.633
914;1;30;1:57.584;0;;35.087;0;37.363;0;45.134;0;177.4;1:12:46.593;17:12:17.857;0:35.087;0:37.363;0:45.134;;Kolovos;;GT3;;Razoon - more than racing;Porsche;GF;35.087;37.363;45.134
914;3;31;3:15.711;0;;1:59.330;0;38.470;0;37.911;0;106.6;1:16:02.304;17:15:33.568;1:59.330;0:38.470;0:37.911;194;Kolovos;;GT3;;Razoon - more than racing;Porsche;GF;119.330;38.470;37.911
914;3;32;1:53.194;0;;37.041;0;38.465;0;37.688;0;184.2;1:17:55.498;17:17:26.762;0:37.041;0:38.465;0:37.688;260;Kolovos;;GT3;;Razoon - more than racing;Porsche;GF;37.041;38.465;37.688
914;3;33;2:13.972;0;;35.425;0;37.672;0;1:00.875;0;155.7;1:20:09.470;17:19:40.734;0:35.425;0:37.672;1:00.875;262;Kolovos;;GT3;;Razoon - more than racing;Porsche;FCY;35.425;37.672;60.875
914;3;34;2:11.587;0;;56.616;0;37.467;0;37.504;0;158.5;1:22:21.057;17:21:52.321;0:56.616;0:37.467;0:37.504;149;Kolovos;;GT3;;Razoon - more than racing;Porsche;GF;56.616;37.467;37.504
914;3;35;1:50.725;0;;35.270;0;37.228;0;38.227;0;188.3;1:24:11.782;17:23:43.046;0:35.270;0:37.228;0:38.227;262;Kolovos;;GT3;;Razoon - more than racing;Porsche;GF;35.270;37.228;38.227
914;3;36;1:56.178;0;;35.853;0;40.492;0;39.833;0;179.5;1:26:07.960;17:25:39.224;0:35.853;0:40.492;0:39.833;249;Kolovos;;GT3;;Razoon - more than racing;Porsche;GF;35.853;40.492;39.833
914;3;37;1:53.408;0;;35.973;0;39.414;0;38.021;0;183.9;1:28:01.368;17:27:32.632;0:35.973;0:39.414;0:38.021;253;Kolovos;;GT3;;Razoon - more than racing;Porsche;GF;35.973;39.414;38.021
914;3;38;1:51.699;0;;35.353;0;39.207;0;37.139;0;186.7;1:29:53.067;17:29:24.331;0:35.353;0:39.207;0:37.139;262;Kolovos;;GT3;;Razoon - more than racing;Porsche;GF;35.353;39.207;37.139
914;3;39;1:48.711;1;;34.885;1;36.713;1;37.113;1;191.8;1:31:41.778;17:31:13.042;0:34.885;0:36.713;0:37.113;262;Kolovos;;GT3;;Razoon - more than racing;Porsche;GF;34.885;36.713;37.113
914;3;40;1:48.806;0;;34.842;1;36.796;0;37.168;0;191.7;1:33:30.584;17:33:01.848;0:34.842;0:36.796;0:37.168;263;Kolovos;;GT3;;Razoon - more than racing;Porsche;GF;34.842;36.796;37.168
914;3;41;8:44.942;0;;34.976;0;6:33.845;0;1:36.121;0;39.7;1:42:15.526;17:41:46.790;0:34.976;6:33.845;1:36.121;;Kolovos;;GT3;;Razoon - more than racing;Porsche;FCY;34.976;393.845;96.121
914;3;42;13:17.908;0;B;11:59.988;0;39.323;0;38.597;0;26.1;1:55:33.434;17:55:04.698;11:59.988;0:39.323;0:38.597;198;Kolovos;;GT3;;Razoon - more than racing;Porsche;GF;719.988;39.323;38.597
914;3;43;1:51.096;0;;35.304;0;37.667;0;38.125;0;187.7;1:57:24.530;17:56:55.794;0:35.304;0:37.667;0:38.125;260;Kolovos;;GT3;;Razoon - more than racing;Porsche;GF;35.304;37.667;38.125
914;3;44;1:51.098;0;;35.434;0;37.468;0;38.196;0;187.7;1:59:15.628;17:58:46.892;0:35.434;0:37.468;0:38.196;258;Kolovos;;GT3;;Razoon - more than racing;Porsche;GF;35.434;37.468;38.196
914;3;45;1:50.184;0;;35.287;0;37.021;0;37.876;0;189.3;2:01:05.812;18:00:37.076;0:35.287;0:37.021;0:37.876;258;Kolovos;;GT3;;Razoon - more than racing;Porsche;GF;35.287;37.021;37.876
914;3;46;1:50.221;0;;35.265;0;37.480;0;37.476;0;189.2;2:02:56.033;18:02:27.297;0:35.265;0:37.480;0:37.476;258;Kolovos;;GT3;;Razoon - more than racing;Porsche;GF;35.265;37.480;37.476
914;3;47;1:49.905;0;;35.379;0;37.223;0;37.303;0;189.8;2:04:45.938;18:04:17.202;0:35.379;0:37.223;0:37.303;257;Kolovos;;GT3;;Razoon - more than racing;Porsche;GF;35.379;37.223;37.303
914;3;48;1:53.002;0;;35.195;0;39.533;0;38.274;0;184.6;2:06:38.940;18:06:10.204;0:35.195;0:39.533;0:38.274;258;Kolovos;;GT3;;Razoon - more than racing;Porsche;GF;35.195;39.533;38.274
914;3;49;1:50.099;0;;35.299;0;37.107;0;37.693;0;189.4;2:08:29.039;18:08:00.303;0:35.299;0:37.107;0:37.693;257;Kolovos;;GT3;;Razoon - more than racing;Porsche;GF;35.299;37.107;37.693
914;3;50;1:49.479;0;;35.258;0;36.900;0;37.321;0;190.5;2:10:18.518;18:09:49.782;0:35.258;0:36.900;0:37.321;256;Kolovos;;GT3;;Razoon - more than racing;Porsche;GF;35.258;36.900;37.321
914;3;51;2:00.934;0;;34.908;0;38.606;0;47.420;0;172.4;2:12:19.452;18:11:50.716;0:34.908;0:38.606;0:47.420;;Kolovos;;GT3;;Razoon - more than racing;Porsche;GF;34.908;38.606;47.420
914;2;52;3:11.982;0;;1:56.211;0;37.938;0;37.833;0;108.6;2:15:31.434;18:15:02.698;1:56.211;0:37.938;0:37.833;201;Ried;;GT3;;Razoon - more than racing;Porsche;GF;116.211;37.938;37.833
914;2;53;1:51.193;0;B;35.144;0;38.167;0;37.882;0;187.6;2:17:22.627;18:16:53.891;0:35.144;0:38.167;0:37.882;260;Ried;;GT3;;Razoon - more than racing;Porsche;GF;35.144;38.167;37.882
914;2;54;1:49.112;0;;34.908;0;37.182;0;37.022;1;191.1;2:19:11.739;18:18:43.003;0:34.908;0:37.182;0:37.022;260;Ried;;GT3;;Razoon - more than racing;Porsche;GF;34.908;37.182;37.022
914;2;55;1:49.031;0;;34.929;0;37.003;0;37.099;0;191.3;2:21:00.770;18:20:32.034;0:34.929;0:37.003;0:37.099;262;Ried;;GT3;;Razoon - more than racing;Porsche;GF;34.929;37.003;37.099
914;2;56;1:48.515;1;;34.775;1;36.755;0;36.985;1;192.2;2:22:49.285;18:22:20.549;0:34.775;0:36.755;0:36.985;260;Ried;;GT3;;Razoon - more than racing;Porsche;GF;34.775;36.755;36.985
914;2;57;1:48.369;1;;34.833;0;36.678;1;36.858;1;192.4;2:24:37.654;18:24:08.918;0:34.833;0:36.678;0:36.858;261;Ried;;GT3;;Razoon - more than racing;Porsche;GF;34.833;36.678;36.858
914;2;58;1:48.658;0;;34.761;1;36.785;0;37.112;0;191.9;2:26:26.312;18:25:57.576;0:34.761;0:36.785;0:37.112;262;Ried;;GT3;;Razoon - more than racing;Porsche;GF;34.761;36.785;37.112
914;2;59;1:48.724;0;;34.750;1;36.745;0;37.229;0;191.8;2:28:15.036;18:27:46.300;0:34.750;0:36.745;0:37.229;262;Ried;;GT3;;Razoon - more than racing;Porsche;GF;34.750;36.745;37.229
914;2;60;1:48.716;0;;34.789;0;36.847;0;37.080;0;191.8;2:30:03.752;18:29:35.016;0:34.789;0:36.847;0:37.080;262;Ried;;GT3;;Razoon - more than racing;Porsche;GF;34.789;36.847;37.080
914;2;61;1:48.614;0;;34.890;0;36.753;0;36.971;0;192.0;2:31:52.366;18:31:23.630;0:34.890;0:36.753;0:36.971;261;Ried;;GT3;;Razoon - more than racing;Porsche;GF;34.890;36.753;36.971
914;2;62;1:49.361;0;;34.825;0;37.498;0;37.038;0;190.7;2:33:41.727;18:33:12.991;0:34.825;0:37.498;0:37.038;262;Ried;;GT3;;Razoon - more than racing;Porsche;GF;34.825;37.498;37.038
914;2;63;1:48.395;0;;34.737;1;36.810;0;36.848;1;192.4;2:35:30.122;18:35:01.386;0:34.737;0:36.810;0:36.848;262;Ried;;GT3;;Razoon - more than racing;Porsche;GF;34.737;36.810;36.848
914;2;64;1:48.638;0;;34.683;1;36.762;0;37.193;0;192.0;2:37:18.760;18:36:50.024;0:34.683;0:36.762;0:37.193;262;Ried;;GT3;;Razoon - more than racing;Porsche;GF;34.683;36.762;37.193
914;2;65;3:11.612;0;;34.887;0;1:04.914;0;1:31.811;0;108.8;2:40:30.372;18:40:01.636;0:34.887;1:04.914;1:31.811;262;Ried;;GT3;;Razoon - more than racing;Porsche;FCY;34.887;64.914;91.811
914;2;66;4:20.196;0;;1:26.787;0;1:21.439;0;1:31.970;0;80.2;2:44:50.568;18:44:21.832;1:26.787;1:21.439;1:31.970;79;Ried;;GT3;;Razoon - more than racing;Porsche;FCY;86.787;81.439;91.970
914;2;67;3:52.364;0;;1:26.465;0;1:21.390;0;1:04.509;0;89.8;2:48:42.932;18:48:14.196;1:26.465;1:21.390;1:04.509;79;Ried;;GT3;;Razoon - more than racing;Porsche;SC;86.465;81.390;64.509
914;2;68;2:00.329;0;;39.263;0;40.613;0;40.453;0;173.3;2:50:43.261;18:50:14.525;0:39.263;0:40.613;0:40.453;189;Ried;;GT3;;Razoon - more than racing;Porsche;SC;39.263;40.613;40.453
914;2;69;2:26.388;0;;46.151;0;51.058;0;49.179;0;142.5;2:53:09.649;18:52:40.913;0:46.151;0:51.058;0:49.179;212;Ried;;GT3;;Razoon - more than racing;Porsche;GF;46.151;51.058;49.179
914;2;70;1:54.776;0;;37.097;0;38.966;0;38.713;0;181.7;2:55:04.425;18:54:35.689;0:37.097;0:38.966;0:38.713;213;Ried;;GT3;;Razoon - more than racing;Porsche;GF;37.097;38.966;38.713
914;2;71;2:05.179;0;;37.595;0;44.419;0;43.165;0;166.6;2:57:09.604;18:56:40.868;0:37.595;0:44.419;0:43.165;238;Ried;;GT3;;Razoon - more than racing;Porsche;GF;37.595;44.419;43.165
914;2;72;4:09.179;0;;1:30.743;0;1:27.076;0;1:11.360;0;83.7;3:01:18.783;19:00:50.047;1:30.743;1:27.076;1:11.360;33;Ried;;GT3;;Razoon - more than racing;Porsche;GF;90.743;87.076;71.360
991;3;1;3:01.429;1;;50.731;1;49.558;1;1:21.140;1;114.9;3:01.429;16:02:32.693;0:50.731;0:49.558;1:21.140;177;Kellett;;GT3;;Paradine Competition;BMW;SC;50.731;49.558;81.140
991;3;2;4:31.127;0;;1:54.472;0;1:17.611;0;1:19.044;1;76.9;7:32.556;16:07:03.820;1:54.472;1:17.611;1:19.044;63;Kellett;;GT3;;Paradine Competition;BMW;SC;114.472;77.611;79.044
991;3;3;3:22.658;0;;1:16.175;0;1:06.161;0;1:00.322;1;102.9;10:55.214;16:10:26.478;1:16.175;1:06.161;1:00.322;;Kellett;;GT3;;Paradine Competition;BMW;SC;76.175;66.161;60.322
991;3;4;3:12.365;0;;1:55.708;0;38.824;1;37.833;1;108.4;14:07.579;16:13:38.843;1:55.708;0:38.824;0:37.833;146;Kellett;;GT3;;Paradine Competition;BMW;SC;115.708;38.824;37.833
991;3;5;1:57.612;1;;40.630;1;38.344;1;38.638;0;177.3;16:05.191;16:15:36.455;0:40.630;0:38.344;0:38.638;136;Kellett;;GT3;;Paradine Competition;BMW;SC;40.630;38.344;38.638
991;3;6;2:40.190;0;;55.231;0;55.821;0;49.138;0;130.2;18:45.381;16:18:16.645;0:55.231;0:55.821;0:49.138;106;Kellett;;GT3;;Paradine Competition;BMW;GF;55.231;55.821;49.138
991;3;7;1:53.129;1;;36.657;1;38.327;1;38.145;0;184.3;20:38.510;16:20:09.774;0:36.657;0:38.327;0:38.145;257;Kellett;;GT3;;Paradine Competition;BMW;GF;36.657;38.327;38.145
991;3;8;1:48.891;1;;34.839;1;36.921;1;37.131;1;191.5;22:27.401;16:21:58.665;0:34.839;0:36.921;0:37.131;263;Kellett;;GT3;;Paradine Competition;BMW;GF;34.839;36.921;37.131
991;3;9;1:48.873;1;;35.440;0;36.786;1;36.647;1;191.6;24:16.274;16:23:47.538;0:35.440;0:36.786;0:36.647;257;Kellett;;GT3;;Paradine Competition;BMW;GF;35.440;36.786;36.647
991;3;10;1:47.793;1;;34.505;1;36.674;1;36.614;1;193.5;26:04.067;16:25:35.331;0:34.505;0:36.674;0:36.614;266;Kellett;;GT3;;Paradine Competition;BMW;GF;34.505;36.674;36.614
991;3;11;1:47.722;1;;34.492;1;36.638;1;36.592;1;193.6;27:51.789;16:27:23.053;0:34.492;0:36.638;0:36.592;267;Kellett;;GT3;;Paradine Competition;BMW;GF;34.492;36.638;36.592
991;3;12;1:48.137;0;;34.555;0;36.759;0;36.823;0;192.9;29:39.926;16:29:11.190;0:34.555;0:36.759;0:36.823;267;Kellett;;GT3;;Paradine Competition;BMW;GF;34.555;36.759;36.823
991;3;13;1:47.834;0;;34.484;1;36.674;0;36.676;0;193.4;31:27.760;16:30:59.024;0:34.484;0:36.674;0:36.676;268;Kellett;;GT3;;Paradine Competition;BMW;GF;34.484;36.674;36.676
991;3;14;1:48.900;0;;34.512;0;37.732;0;36.656;0;191.5;33:16.660;16:32:47.924;0:34.512;0:37.732;0:36.656;269;Kellett;;GT3;;Paradine Competition;BMW;GF;34.512;37.732;36.656
991;3;15;1:47.213;1;;34.440;1;36.355;1;36.418;1;194.5;35:03.873;16:34:35.137;0:34.440;0:36.355;0:36.418;267;Kellett;;GT3;;Paradine Competition;BMW;GF;34.440;36.355;36.418
991;3;16;1:47.760;0;;34.475;0;36.752;0;36.533;0;193.5;36:51.633;16:36:22.897;0:34.475;0:36.752;0:36.533;267;Kellett;;GT3;;Paradine Competition;BMW;GF;34.475;36.752;36.533
991;3;17;1:48.021;0;;34.815;0;36.682;0;36.524;0;193.1;38:39.654;16:38:10.918;0:34.815;0:36.682;0:36.524;267;Kellett;;GT3;;Paradine Competition;BMW;GF;34.815;36.682;36.524
991;3;18;1:47.522;0;;34.549;0;36.449;0;36.524;0;194.0;40:27.176;16:39:58.440;0:34.549;0:36.449;0:36.524;264;Kellett;;GT3;;Paradine Competition;BMW;GF;34.549;36.449;36.524
991;3;19;1:47.225;0;;34.367;1;36.365;0;36.493;0;194.5;42:14.401;16:41:45.665;0:34.367;0:36.365;0:36.493;265;Kellett;;GT3;;Paradine Competition;BMW;GF;34.367;36.365;36.493
991;3;20;1:47.257;0;;34.427;0;36.405;0;36.425;0;194.4;44:01.658;16:43:32.922;0:34.427;0:36.405;0:36.425;265;Kellett;;GT3;;Paradine Competition;BMW;GF;34.427;36.405;36.425
991;3;21;1:47.380;0;;34.384;0;36.517;0;36.479;0;194.2;45:49.038;16:45:20.302;0:34.384;0:36.517;0:36.479;267;Kellett;;GT3;;Paradine Competition;BMW;GF;34.384;36.517;36.479
991;3;22;1:47.719;0;;34.464;0;36.535;0;36.720;0;193.6;47:36.757;16:47:08.021;0:34.464;0:36.535;0:36.720;268;Kellett;;GT3;;Paradine Competition;BMW;GF;34.464;36.535;36.720
991;3;23;1:48.268;0;;34.496;0;37.126;0;36.646;0;192.6;49:25.025;16:48:56.289;0:34.496;0:37.126;0:36.646;267;Kellett;;GT3;;Paradine Competition;BMW;GF;34.496;37.126;36.646
991;3;24;3:38.913;0;;44.909;0;1:21.782;0;1:32.222;0;95.3;53:03.938;16:52:35.202;0:44.909;1:21.782;1:32.222;269;Kellett;;GT3;;Paradine Competition;BMW;FCY;44.909;81.782;92.222
991;3;25;4:20.087;0;;1:25.936;0;1:21.755;0;1:32.396;0;80.2;57:24.025;16:56:55.289;1:25.936;1:21.755;1:32.396;79;Kellett;;GT3;;Paradine Competition;BMW;FCY;85.936;81.755;92.396
991;3;26;4:23.453;0;;1:26.273;0;1:21.871;0;1:35.309;0;79.2;1:01:47.478;17:01:18.742;1:26.273;1:21.871;1:35.309;;Kellett;;GT3;;Paradine Competition;BMW;GF;86.273;81.871;95.309
991;3;27;4:10.272;0;B;2:27.383;0;51.158;0;51.731;0;83.3;1:05:57.750;17:05:29.014;2:27.383;0:51.158;0:51.731;78;Kellett;;GT3;;Paradine Competition;BMW;SC;147.383;51.158;51.731
991;3;28;2:45.504;0;;1:05.815;0;53.294;0;46.395;0;126.0;1:08:43.254;17:08:14.518;1:05.815;0:53.294;0:46.395;107;Kellett;;GT3;;Paradine Competition;BMW;GF;65.815;53.294;46.395
991;3;29;1:51.778;0;;35.974;0;38.395;0;37.409;0;186.6;1:10:35.032;17:10:06.296;0:35.974;0:38.395;0:37.409;250;Kellett;;GT3;;Paradine Competition;BMW;GF;35.974;38.395;37.409
991;3;30;1:49.430;0;;34.958;0;37.263;0;37.209;0;190.6;1:12:24.462;17:11:55.726;0:34.958;0:37.263;0:37.209;265;Kellett;;GT3;;Paradine Competition;BMW;GF;34.958;37.263;37.209
991;3;31;1:49.081;0;;34.794;0;37.056;0;37.231;0;191.2;1:14:13.543;17:13:44.807;0:34.794;0:37.056;0:37.231;264;Kellett;;GT3;;Paradine Competition;BMW;GF;34.794;37.056;37.231
991;3;32;1:50.946;0;;35.708;0;38.095;0;37.143;0;188.0;1:16:04.489;17:15:35.753;0:35.708;0:38.095;0:37.143;265;Kellett;;GT3;;Paradine Competition;BMW;GF;35.708;38.095;37.143
991;3;33;1:49.365;0;;34.833;0;37.428;0;37.104;0;190.7;1:17:53.854;17:17:25.118;0:34.833;0:37.428;0:37.104;265;Kellett;;GT3;;Paradine Competition;BMW;GF;34.833;37.428;37.104
991;3;34;2:13.827;0;;35.240;0;37.115;0;1:01.472;0;155.8;1:20:07.681;17:19:38.945;0:35.240;0:37.115;1:01.472;262;Kellett;;GT3;;Paradine Competition;BMW;FCY;35.240;37.115;61.472
991;3;35;2:12.206;0;;57.735;0;37.358;0;37.113;0;157.7;1:22:19.887;17:21:51.151;0:57.735;0:37.358;0:37.113;138;Kellett;;GT3;;Paradine Competition;BMW;GF;57.735;37.358;37.113
991;3;36;1:48.999;0;;34.919;0;36.995;0;37.085;0;191.3;1:24:08.886;17:23:40.150;0:34.919;0:36.995;0:37.085;258;Kellett;;GT3;;Paradine Competition;BMW;GF;34.919;36.995;37.085
991;3;37;1:48.869;0;;34.890;0;37.012;0;36.967;0;191.6;1:25:57.755;17:25:29.019;0:34.890;0:37.012;0:36.967;257;Kellett;;GT3;;Paradine Competition;BMW;GF;34.890;37.012;36.967
991;3;38;1:49.291;0;;34.841;0;37.358;0;37.092;0;190.8;1:27:47.046;17:27:18.310;0:34.841;0:37.358;0:37.092;258;Kellett;;GT3;;Paradine Competition;BMW;GF;34.841;37.358;37.092
991;3;39;1:49.376;0;;35.322;0;37.123;0;36.931;0;190.7;1:29:36.422;17:29:07.686;0:35.322;0:37.123;0:36.931;263;Kellett;;GT3;;Paradine Competition;BMW;GF;35.322;37.123;36.931
991;3;40;1:48.900;0;;34.793;0;37.078;0;37.029;0;191.5;1:31:25.322;17:30:56.586;0:34.793;0:37.078;0:37.029;264;Kellett;;GT3;;Paradine Competition;BMW;GF;34.793;37.078;37.029
991;3;41;1:48.765;0;;34.651;0;37.199;0;36.915;0;191.7;1:33:14.087;17:32:45.351;0:34.651;0:37.199;0:36.915;263;Kellett;;GT3;;Paradine Competition;BMW;GF;34.651;37.199;36.915
991;3;42;1:48.614;0;;34.721;0;36.856;0;37.037;0;192.0;1:35:02.701;17:34:33.965;0:34.721;0:36.856;0:37.037;264;Kellett;;GT3;;Paradine Competition;BMW;GF;34.721;36.856;37.037
991;3;43;3:47.324;0;;50.032;0;1:21.853;0;1:35.439;0;91.7;1:38:50.025;17:38:21.289;0:50.032;1:21.853;1:35.439;;Kellett;;GT3;;Paradine Competition;BMW;FCY;50.032;81.853;95.439
991;3;44;4:35.041;0;;1:40.538;0;1:21.902;0;1:32.601;0;75.8;1:43:25.066;17:42:56.330;1:40.538;1:21.902;1:32.601;78;Kellett;;GT3;;Paradine Competition;BMW;FCY;100.538;81.902;92.601
991;3;45;3:28.085;0;;1:26.666;0;1:18.403;0;43.016;0;100.2;1:46:53.151;17:46:24.415;1:26.666;1:18.403;0:43.016;78;Kellett;;GT3;;Paradine Competition;BMW;SC;86.666;78.403;43.016
991;3;46;2:48.205;0;;36.451;0;1:02.843;0;1:08.911;0;124.0;1:49:41.356;17:49:12.620;0:36.451;1:02.843;1:08.911;220;Kellett;;GT3;;Paradine Competition;BMW;SC;36.451;62.843;68.911
991;3;47;2:57.164;0;;1:06.385;0;55.444;0;55.335;0;117.7;1:52:38.520;17:52:09.784;1:06.385;0:55.444;0:55.335;92;Kellett;;GT3;;Paradine Competition;BMW;GF;66.385;55.444;55.335
991;3;48;1:52.807;0;;35.648;0;38.993;0;38.166;0;184.9;1:54:31.327;17:54:02.591;0:35.648;0:38.993;0:38.166;252;Kellett;;GT3;;Paradine Competition;BMW;GF;35.648;38.993;38.166
991;3;49;1:51.379;0;;35.545;0;37.675;0;38.159;0;187.2;1:56:22.706;17:55:53.970;0:35.545;0:37.675;0:38.159;250;Kellett;;GT3;;Paradine Competition;BMW;GF;35.545;37.675;38.159
991;3;50;1:49.035;0;;34.625;0;37.269;0;37.141;0;191.3;1:58:11.741;17:57:43.005;0:34.625;0:37.269;0:37.141;268;Kellett;;GT3;;Paradine Competition;BMW;GF;34.625;37.269;37.141
991;3;51;1:49.092;0;;34.664;0;37.289;0;37.139;0;191.2;2:00:00.833;17:59:32.097;0:34.664;0:37.289;0:37.139;266;Kellett;;GT3;;Paradine Competition;BMW;GF;34.664;37.289;37.139
991;3;52;1:48.841;0;;34.624;0;37.014;0;37.203;0;191.6;2:01:49.674;18:01:20.938;0:34.624;0:37.014;0:37.203;267;Kellett;;GT3;;Paradine Competition;BMW;GF;34.624;37.014;37.203
991;3;53;1:48.281;0;;34.547;0;36.941;0;36.793;0;192.6;2:03:37.955;18:03:09.219;0:34.547;0:36.941;0:36.793;267;Kellett;;GT3;;Paradine Competition;BMW;GF;34.547;36.941;36.793
991;3;54;1:48.988;0;;34.593;0;37.315;0;37.080;0;191.3;2:05:26.943;18:04:58.207;0:34.593;0:37.315;0:37.080;265;Kellett;;GT3;;Paradine Competition;BMW;GF;34.593;37.315;37.080
991;3;55;1:52.725;0;B;35.123;0;39.531;0;38.071;0;185.0;2:07:19.668;18:06:50.932;0:35.123;0:39.531;0:38.071;255;Kellett;;GT3;;Paradine Competition;BMW;GF;35.123;39.531;38.071
991;3;56;1:48.937;0;;35.004;0;37.065;0;36.868;0;191.4;2:09:08.605;18:08:39.869;0:35.004;0:37.065;0:36.868;265;Kellett;;GT3;;Paradine Competition;BMW;GF;35.004;37.065;36.868
991;3;57;1:48.982;0;;34.639;0;37.044;0;37.299;0;191.4;2:10:57.587;18:10:28.851;0:34.639;0:37.044;0:37.299;265;Kellett;;GT3;;Paradine Competition;BMW;GF;34.639;37.044;37.299
991;3;58;1:57.438;0;;34.588;0;37.171;0;45.679;0;177.6;2:12:55.025;18:12:26.289;0:34.588;0:37.171;0:45.679;;Kellett;;GT3;;Paradine Competition;BMW;GF;34.588;37.171;45.679
991;1;59;3:03.893;0;;1:50.572;0;36.748;0;36.573;0;113.4;2:15:58.918;18:15:30.182;1:50.572;0:36.748;0:36.573;202;Haan;;GT3;;Paradine Competition;BMW;GF;110.572;36.748;36.573
991;1;60;1:48.801;0;;34.490;0;36.734;0;37.577;0;191.7;2:17:47.719;18:17:18.983;0:34.490;0:36.734;0:37.577;266;Haan;;GT3;;Paradine Competition;BMW;GF;34.490;36.734;37.577
991;1;61;1:47.873;0;;34.550;0;36.856;0;36.467;0;193.3;2:19:35.592;18:19:06.856;0:34.550;0:36.856;0:36.467;264;Haan;;GT3;;Paradine Competition;BMW;GF;34.550;36.856;36.467
991;1;62;1:47.784;0;;34.550;0;36.515;0;36.719;0;193.5;2:21:23.376;18:20:54.640;0:34.550;0:36.515;0:36.719;265;Haan;;GT3;;Paradine Competition;BMW;GF;34.550;36.515;36.719
991;1;63;1:47.736;0;;34.560;0;36.503;0;36.673;0;193.6;2:23:11.112;18:22:42.376;0:34.560;0:36.503;0:36.673;265;Haan;;GT3;;Paradine Competition;BMW;GF;34.560;36.503;36.673
991;1;64;1:47.725;0;;34.527;0;36.575;0;36.623;0;193.6;2:24:58.837;18:24:30.101;0:34.527;0:36.575;0:36.623;266;Haan;;GT3;;Paradine Competition;BMW;GF;34.527;36.575;36.623
991;1;65;1:47.960;0;;34.516;0;36.968;0;36.476;0;193.2;2:26:46.797;18:26:18.061;0:34.516;0:36.968;0:36.476;267;Haan;;GT3;;Paradine Competition;BMW;GF;34.516;36.968;36.476
991;1;66;1:47.827;0;B;34.546;0;36.566;0;36.715;0;193.4;2:28:34.624;18:28:05.888;0:34.546;0:36.566;0:36.715;267;Haan;;GT3;;Paradine Competition;BMW;GF;34.546;36.566;36.715
991;1;67;1:47.699;0;;34.555;0;36.654;0;36.490;0;193.6;2:30:22.323;18:29:53.587;0:34.555;0:36.654;0:36.490;267;Haan;;GT3;;Paradine Competition;BMW;GF;34.555;36.654;36.490
991;1;68;1:47.985;0;;34.585;0;36.760;0;36.640;0;193.1;2:32:10.308;18:31:41.572;0:34.585;0:36.760;0:36.640;267;Haan;;GT3;;Paradine Competition;BMW;GF;34.585;36.760;36.640
991;1;69;1:49.262;0;;34.481;0;37.564;0;37.217;0;190.9;2:33:59.570;18:33:30.834;0:34.481;0:37.564;0:37.217;266;Haan;;GT3;;Paradine Competition;BMW;GF;34.481;37.564;37.217
991;1;70;1:49.246;0;;34.727;0;37.746;0;36.773;0;190.9;2:35:48.816;18:35:20.080;0:34.727;0:37.746;0:36.773;267;Haan;;GT3;;Paradine Competition;BMW;GF;34.727;37.746;36.773
991;1;71;1:48.696;0;;34.593;0;36.603;0;37.500;0;191.9;2:37:37.512;18:37:08.776;0:34.593;0:36.603;0:37.500;265;Haan;;GT3;;Paradine Competition;BMW;GF;34.593;36.603;37.500
991;1;72;3:27.672;0;;34.618;0;1:20.598;0;1:32.456;0;100.4;2:41:05.184;18:40:36.448;0:34.618;1:20.598;1:32.456;265;Haan;;GT3;;Paradine Competition;BMW;FCY;34.618;80.598;92.456
991;1;73;4:20.739;0;;1:26.354;0;1:21.919;0;1:32.466;0;80.0;2:45:25.923;18:44:57.187;1:26.354;1:21.919;1:32.466;78;Haan;;GT3;;Paradine Competition;BMW;FCY;86.354;81.919;92.466
991;1;74;3:39.125;0;;1:26.430;0;1:21.853;0;50.842;0;95.2;2:49:05.048;18:48:36.312;1:26.430;1:21.853;0:50.842;78;Haan;;GT3;;Paradine Competition;BMW;SC;86.430;81.853;50.842
991;1;75;1:56.327;0;;37.964;0;40.163;0;38.200;0;179.3;2:51:01.375;18:50:32.639;0:37.964;0:40.163;0:38.200;195;Haan;;GT3;;Paradine Competition;BMW;SC;37.964;40.163;38.200
991;1;76;2:11.931;0;;39.401;0;49.305;0;43.225;0;158.1;2:53:13.306;18:52:44.570;0:39.401;0:49.305;0:43.225;258;Haan;;GT3;;Paradine Competition;BMW;GF;39.401;49.305;43.225
991;1;77;1:51.464;0;;35.488;0;38.481;0;37.495;0;187.1;2:55:04.770;18:54:36.034;0:35.488;0:38.481;0:37.495;274;Haan;;GT3;;Paradine Competition;BMW;GF;35.488;38.481;37.495
991;1;78;2:03.489;0;;36.371;0;44.462;0;42.656;0;168.9;2:57:08.259;18:56:39.523;0:36.371;0:44.462;0:42.656;252;Haan;;GT3;;Paradine Competition;BMW;GF;36.371;44.462;42.656
991;1;79;4:09.509;0;;1:31.297;0;1:27.175;0;1:11.037;0;83.6;3:01:17.768;19:00:49.032;1:31.297;1:27.175;1:11.037;43;Haan;;GT3;;Paradine Competition;BMW;GF;91.297;87.175;71.037
992;2;1;2:51.329;1;;47.144;1;46.262;1;1:17.923;1;121.7;2:51.329;16:02:22.593;0:47.144;0:46.262;1:17.923;182;Thompson;;GT3;;Paradine Competition;BMW;SC;47.144;46.262;77.923
992;2;2;4:28.169;0;;1:48.627;0;1:20.856;0;1:18.686;0;77.8;7:19.498;16:06:50.762;1:48.627;1:20.856;1:18.686;61;Thompson;;GT3;;Paradine Competition;BMW;SC;108.627;80.856;78.686
992;2;3;3:20.831;0;;1:20.907;0;1:04.183;0;55.741;1;103.8;10:40.329;16:10:11.593;1:20.907;1:04.183;0:55.741;31;Thompson;;GT3;;Paradine Competition;BMW;SC;80.907;64.183;55.741
992;2;4;2:51.078;1;;1:03.898;0;53.418;0;53.762;1;121.9;13:31.407;16:13:02.671;1:03.898;0:53.418;0:53.762;;Thompson;;GT3;;Paradine Competition;BMW;SC;63.898;53.418;53.762
992;2;5;3:09.085;0;;1:53.445;0;38.077;1;37.563;1;110.3;16:40.492;16:16:11.756;1:53.445;0:38.077;0:37.563;199;Thompson;;GT3;;Paradine Competition;BMW;SC;113.445;38.077;37.563
992;2;6;2:10.128;1;;36.585;1;49.361;0;44.182;0;160.3;18:50.620;16:18:21.884;0:36.585;0:49.361;0:44.182;207;Thompson;;GT3;;Paradine Competition;BMW;GF;36.585;49.361;44.182
992;2;7;1:51.852;1;;35.701;1;37.494;1;38.657;0;186.4;20:42.472;16:20:13.736;0:35.701;0:37.494;0:38.657;255;Thompson;;GT3;;Paradine Competition;BMW;GF;35.701;37.494;38.657
992;2;8;1:52.526;0;;37.466;0;37.715;0;37.345;1;185.3;22:34.998;16:22:06.262;0:37.466;0:37.715;0:37.345;258;Thompson;;GT3;;Paradine Competition;BMW;GF;37.466;37.715;37.345
992;2;9;1:49.146;1;;34.561;1;37.216;1;37.369;0;191.1;24:24.144;16:23:55.408;0:34.561;0:37.216;0:37.369;271;Thompson;;GT3;;Paradine Competition;BMW;GF;34.561;37.216;37.369
992;2;10;1:47.740;1;;34.424;1;36.704;1;36.612;1;193.6;26:11.884;16:25:43.148;0:34.424;0:36.704;0:36.612;268;Thompson;;GT3;;Paradine Competition;BMW;GF;34.424;36.704;36.612
992;2;11;1:57.258;0;;36.578;0;36.877;0;43.803;0;177.9;28:09.142;16:27:40.406;0:36.578;0:36.877;0:43.803;;Thompson;;GT3;;Paradine Competition;BMW;GF;36.578;36.877;43.803
992;2;12;2:12.416;0;;59.027;0;36.639;1;36.750;0;157.5;30:21.558;16:29:52.822;0:59.027;0:36.639;0:36.750;203;Thompson;;GT3;;Paradine Competition;BMW;GF;59.027;36.639;36.750
992;2;13;1:48.327;0;;34.467;0;36.764;0;37.096;0;192.5;32:09.885;16:31:41.149;0:34.467;0:36.764;0:37.096;267;Thompson;;GT3;;Paradine Competition;BMW;GF;34.467;36.764;37.096
992;2;14;1:48.527;0;;34.433;0;36.956;0;37.138;0;192.2;33:58.412;16:33:29.676;0:34.433;0:36.956;0:37.138;267;Thompson;;GT3;;Paradine Competition;BMW;GF;34.433;36.956;37.138
992;2;15;1:48.200;0;;34.592;0;36.735;0;36.873;0;192.7;35:46.612;16:35:17.876;0:34.592;0:36.735;0:36.873;266;Thompson;;GT3;;Paradine Competition;BMW;GF;34.592;36.735;36.873
992;2;16;1:48.506;0;;34.925;0;36.615;1;36.966;0;192.2;37:35.118;16:37:06.382;0:34.925;0:36.615;0:36.966;264;Thompson;;GT3;;Paradine Competition;BMW;GF;34.925;36.615;36.966
992;2;17;1:48.200;0;;34.564;0;36.854;0;36.782;0;192.7;39:23.318;16:38:54.582;0:34.564;0:36.854;0:36.782;263;Thompson;;GT3;;Paradine Competition;BMW;GF;34.564;36.854;36.782
992;2;18;1:48.240;0;;34.621;0;36.820;0;36.799;0;192.7;41:11.558;16:40:42.822;0:34.621;0:36.820;0:36.799;264;Thompson;;GT3;;Paradine Competition;BMW;GF;34.621;36.820;36.799
992;2;19;1:47.718;1;;34.434;0;36.678;0;36.606;1;193.6;42:59.276;16:42:30.540;0:34.434;0:36.678;0:36.606;263;Thompson;;GT3;;Paradine Competition;BMW;GF;34.434;36.678;36.606
992;2;20;1:47.629;1;;34.454;0;36.500;1;36.675;0;193.8;44:46.905;16:44:18.169;0:34.454;0:36.500;0:36.675;265;Thompson;;GT3;;Paradine Competition;BMW;GF;34.454;36.500;36.675
992;2;21;1:48.050;0;;34.457;0;36.813;0;36.780;0;193.0;46:34.955;16:46:06.219;0:34.457;0:36.813;0:36.780;265;Thompson;;GT3;;Paradine Competition;BMW;GF;34.457;36.813;36.780
992;2;22;1:47.742;0;;34.536;0;36.670;0;36.536;1;193.6;48:22.697;16:47:53.961;0:34.536;0:36.670;0:36.536;264;Thompson;;GT3;;Paradine Competition;BMW;GF;34.536;36.670;36.536
992;2;23;2:09.336;0;;34.544;0;37.021;0;57.771;0;161.2;50:32.033;16:50:03.297;0:34.544;0:37.021;0:57.771;264;Thompson;;GT3;;Paradine Competition;BMW;FCY;34.544;37.021;57.771
992;2;24;4:23.123;0;;1:26.075;0;1:21.948;0;1:35.100;0;79.3;54:55.156;16:54:26.420;1:26.075;1:21.948;1:35.100;;Thompson;;GT3;;Paradine Competition;BMW;FCY;86.075;81.948;95.100
992;2;25;4:41.686;0;;1:47.099;0;1:21.959;0;1:32.628;0;74.0;59:36.842;16:59:08.106;1:47.099;1:21.959;1:32.628;78;Thompson;;GT3;;Paradine Competition;BMW;GF;107.099;81.959;92.628
992;2;26;4:20.995;0;;1:26.370;0;1:21.963;0;1:32.662;0;79.9;1:03:57.837;17:03:29.101;1:26.370;1:21.963;1:32.662;78;Thompson;;GT3;;Paradine Competition;BMW;GF;86.370;81.963;92.662
992;2;27;2:26.076;0;;1:01.869;0;43.537;0;40.670;0;142.8;1:06:23.913;17:05:55.177;1:01.869;0:43.537;0:40.670;78;Thompson;;GT3;;Paradine Competition;BMW;SC;61.869;43.537;40.670
992;2;28;2:29.763;0;;58.116;0;52.267;0;39.380;0;139.3;1:08:53.676;17:08:24.940;0:58.116;0:52.267;0:39.380;104;Thompson;;GT3;;Paradine Competition;BMW;GF;58.116;52.267;39.380
992;2;29;1:48.909;0;;34.645;0;37.274;0;36.990;0;191.5;1:10:42.585;17:10:13.849;0:34.645;0:37.274;0:36.990;265;Thompson;;GT3;;Paradine Competition;BMW;GF;34.645;37.274;36.990
992;2;30;1:49.051;0;;34.449;0;37.273;0;37.329;0;191.2;1:12:31.636;17:12:02.900;0:34.449;0:37.273;0:37.329;269;Thompson;;GT3;;Paradine Competition;BMW;GF;34.449;37.273;37.329
992;2;31;1:49.591;0;;35.053;0;37.510;0;37.028;0;190.3;1:14:21.227;17:13:52.491;0:35.053;0:37.510;0:37.028;272;Thompson;;GT3;;Paradine Competition;BMW;GF;35.053;37.510;37.028
992;2;32;1:48.159;0;;34.415;1;36.743;0;37.001;0;192.8;1:16:09.386;17:15:40.650;0:34.415;0:36.743;0:37.001;269;Thompson;;GT3;;Paradine Competition;BMW;GF;34.415;36.743;37.001
992;2;33;1:49.641;0;;34.358;1;37.644;0;37.639;0;190.2;1:17:59.027;17:17:30.291;0:34.358;0:37.644;0:37.639;267;Thompson;;GT3;;Paradine Competition;BMW;GF;34.358;37.644;37.639
992;2;34;2:21.825;0;;35.255;0;36.598;0;1:09.972;0;147.0;1:20:20.852;17:19:52.116;0:35.255;0:36.598;1:09.972;271;Thompson;;GT3;;Paradine Competition;BMW;FCY;35.255;36.598;69.972
992;2;35;2:10.256;0;;49.598;0;37.073;0;43.585;0;160.1;1:22:31.108;17:22:02.372;0:49.598;0:37.073;0:43.585;;Thompson;;GT3;;Paradine Competition;BMW;GF;49.598;37.073;43.585
992;1;36;3:04.667;0;;1:50.707;0;36.932;0;37.028;0;112.9;1:25:35.775;17:25:07.039;1:50.707;0:36.932;0:37.028;202;Hahn;;GT3;;Paradine Competition;BMW;GF;110.707;36.932;37.028
992;1;37;1:50.160;0;;35.142;0;37.035;0;37.983;0;189.3;1:27:25.935;17:26:57.199;0:35.142;0:37.035;0:37.983;259;Hahn;;GT3;;Paradine Competition;BMW;GF;35.142;37.035;37.983
992;1;38;1:48.290;0;;34.600;0;37.001;0;36.689;0;192.6;1:29:14.225;17:28:45.489;0:34.600;0:37.001;0:36.689;266;Hahn;;GT3;;Paradine Competition;BMW;GF;34.600;37.001;36.689
992;1;39;1:47.977;0;;34.568;0;36.819;0;36.590;0;193.1;1:31:02.202;17:30:33.466;0:34.568;0:36.819;0:36.590;265;Hahn;;GT3;;Paradine Competition;BMW;GF;34.568;36.819;36.590
992;1;40;1:48.129;0;;34.602;0;37.002;0;36.525;1;192.9;1:32:50.331;17:32:21.595;0:34.602;0:37.002;0:36.525;265;Hahn;;GT3;;Paradine Competition;BMW;GF;34.602;37.002;36.525
992;1;41;1:49.469;0;;34.482;0;37.036;0;37.951;0;190.5;1:34:39.800;17:34:11.064;0:34.482;0:37.036;0:37.951;265;Hahn;;GT3;;Paradine Competition;BMW;GF;34.482;37.036;37.951
992;1;42;3:18.130;0;;36.035;0;1:09.488;0;1:32.607;0;105.3;1:37:57.930;17:37:29.194;0:36.035;1:09.488;1:32.607;262;Hahn;;GT3;;Paradine Competition;BMW;FCY;36.035;69.488;92.607
992;1;43;4:21.266;0;;1:26.644;0;1:22.215;0;1:32.407;0;79.8;1:42:19.196;17:41:50.460;1:26.644;1:22.215;1:32.407;79;Hahn;;GT3;;Paradine Competition;BMW;FCY;86.644;82.215;92.407
992;1;44;4:10.339;0;;1:26.536;0;1:21.915;0;1:21.888;0;83.3;1:46:29.535;17:46:00.799;1:26.536;1:21.915;1:21.888;79;Hahn;;GT3;;Paradine Competition;BMW;SC;86.536;81.915;81.888
992;1;45;2:37.321;0;;46.749;0;1:08.002;0;42.570;0;132.6;1:49:06.856;17:48:38.120;0:46.749;1:08.002;0:42.570;211;Hahn;;GT3;;Paradine Competition;BMW;SC;46.749;68.002;42.570
992;1;46;1:50.189;0;;35.312;0;37.641;0;37.236;0;189.3;1:50:57.045;17:50:28.309;0:35.312;0:37.641;0:37.236;257;Hahn;;GT3;;Paradine Competition;BMW;SC;35.312;37.641;37.236
992;1;47;1:56.729;0;;34.799;0;38.495;0;43.435;0;178.7;1:52:53.774;17:52:25.038;0:34.799;0:38.495;0:43.435;262;Hahn;;GT3;;Paradine Competition;BMW;GF;34.799;38.495;43.435
992;1;48;1:50.038;0;;34.520;0;37.921;0;37.597;0;189.5;1:54:43.812;17:54:15.076;0:34.520;0:37.921;0:37.597;269;Hahn;;GT3;;Paradine Competition;BMW;GF;34.520;37.921;37.597
992;1;49;1:49.939;0;;35.156;0;37.818;0;36.965;0;189.7;1:56:33.751;17:56:05.015;0:35.156;0:37.818;0:36.965;273;Hahn;;GT3;;Paradine Competition;BMW;GF;35.156;37.818;36.965
992;1;50;1:49.796;0;;34.583;0;37.674;0;37.539;0;189.9;1:58:23.547;17:57:54.811;0:34.583;0:37.674;0:37.539;269;Hahn;;GT3;;Paradine Competition;BMW;GF;34.583;37.674;37.539
992;1;51;1:49.598;0;;34.818;0;37.003;0;37.777;0;190.3;2:00:13.145;17:59:44.409;0:34.818;0:37.003;0:37.777;268;Hahn;;GT3;;Paradine Competition;BMW;GF;34.818;37.003;37.777
992;1;52;1:48.291;0;;34.381;0;36.977;0;36.933;0;192.6;2:02:01.436;18:01:32.700;0:34.381;0:36.977;0:36.933;267;Hahn;;GT3;;Paradine Competition;BMW;GF;34.381;36.977;36.933
992;1;53;1:48.090;0;;34.462;0;36.721;0;36.907;0;192.9;2:03:49.526;18:03:20.790;0:34.462;0:36.721;0:36.907;266;Hahn;;GT3;;Paradine Competition;BMW;GF;34.462;36.721;36.907
992;1;54;1:47.835;0;;34.403;0;36.756;0;36.676;0;193.4;2:05:37.361;18:05:08.625;0:34.403;0:36.756;0:36.676;265;Hahn;;GT3;;Paradine Competition;BMW;GF;34.403;36.756;36.676
992;1;55;1:47.815;0;;34.448;0;36.661;0;36.706;0;193.4;2:07:25.176;18:06:56.440;0:34.448;0:36.661;0:36.706;267;Hahn;;GT3;;Paradine Competition;BMW;GF;34.448;36.661;36.706
992;1;56;1:55.718;0;;34.560;0;37.111;0;44.047;0;180.2;2:09:20.894;18:08:52.158;0:34.560;0:37.111;0:44.047;;Hahn;;GT3;;Paradine Competition;BMW;GF;34.560;37.111;44.047
992;3;57;3:11.132;0;;1:56.968;0;37.217;0;36.947;0;109.1;2:12:32.026;18:12:03.290;1:56.968;0:37.217;0:36.947;202;Rowledge;;GT3;;Paradine Competition;BMW;GF;116.968;37.217;36.947
992;3;58;1:48.599;0;;34.570;0;37.175;0;36.854;0;192.0;2:14:20.625;18:13:51.889;0:34.570;0:37.175;0:36.854;265;Rowledge;;GT3;;Paradine Competition;BMW;GF;34.570;37.175;36.854
992;3;59;1:47.951;0;;34.437;0;36.860;0;36.654;0;193.2;2:16:08.576;18:15:39.840;0:34.437;0:36.860;0:36.654;266;Rowledge;;GT3;;Paradine Competition;BMW;GF;34.437;36.860;36.654
992;3;60;1:51.231;0;;36.426;0;37.699;0;37.106;0;187.5;2:17:59.807;18:17:31.071;0:36.426;0:37.699;0:37.106;265;Rowledge;;GT3;;Paradine Competition;BMW;GF;36.426;37.699;37.106
992;3;61;1:48.005;0;;34.467;0;36.771;0;36.767;0;193.1;2:19:47.812;18:19:19.076;0:34.467;0:36.771;0:36.767;265;Rowledge;;GT3;;Paradine Competition;BMW;GF;34.467;36.771;36.767
992;3;62;1:48.512;0;;34.425;0;37.139;0;36.948;0;192.2;2:21:36.324;18:21:07.588;0:34.425;0:37.139;0:36.948;265;Rowledge;;GT3;;Paradine Competition;BMW;GF;34.425;37.139;36.948
992;3;63;1:47.820;0;;34.360;0;36.695;0;36.765;0;193.4;2:23:24.144;18:22:55.408;0:34.360;0:36.695;0:36.765;265;Rowledge;;GT3;;Paradine Competition;BMW;GF;34.360;36.695;36.765
992;3;64;1:47.632;0;;34.425;0;36.625;0;36.582;0;193.8;2:25:11.776;18:24:43.040;0:34.425;0:36.625;0:36.582;265;Rowledge;;GT3;;Paradine Competition;BMW;GF;34.425;36.625;36.582
992;3;65;1:47.720;0;;34.402;0;36.640;0;36.678;0;193.6;2:26:59.496;18:26:30.760;0:34.402;0:36.640;0:36.678;267;Rowledge;;GT3;;Paradine Competition;BMW;GF;34.402;36.640;36.678
992;3;66;1:47.654;0;;34.395;0;36.698;0;36.561;0;193.7;2:28:47.150;18:28:18.414;0:34.395;0:36.698;0:36.561;268;Rowledge;;GT3;;Paradine Competition;BMW;GF;34.395;36.698;36.561
992;3;67;1:47.749;0;;34.444;0;36.758;0;36.547;0;193.5;2:30:34.899;18:30:06.163;0:34.444;0:36.758;0:36.547;267;Rowledge;;GT3;;Paradine Competition;BMW;GF;34.444;36.758;36.547
992;3;68;1:47.722;0;;34.315;1;36.660;0;36.747;0;193.6;2:32:22.621;18:31:53.885;0:34.315;0:36.660;0:36.747;267;Rowledge;;GT3;;Paradine Competition;BMW;GF;34.315;36.660;36.747
992;3;69;1:47.956;0;;34.357;0;36.882;0;36.717;0;193.2;2:34:10.577;18:33:41.841;0:34.357;0:36.882;0:36.717;267;Rowledge;;GT3;;Paradine Competition;BMW;GF;34.357;36.882;36.717
992;3;70;1:48.586;0;;34.489;0;36.557;0;37.540;0;192.1;2:35:59.163;18:35:30.427;0:34.489;0:36.557;0:37.540;267;Rowledge;;GT3;;Paradine Competition;BMW;GF;34.489;36.557;37.540
992;3;71;1:52.330;0;;34.375;0;39.632;0;38.323;0;185.7;2:37:51.493;18:37:22.757;0:34.375;0:39.632;0:38.323;268;Rowledge;;GT3;;Paradine Competition;BMW;GF;34.375;39.632;38.323
992;3;72;3:57.794;0;;59.433;0;1:21.916;0;1:36.445;0;87.7;2:41:49.287;18:41:20.551;0:59.433;1:21.916;1:36.445;;Rowledge;;GT3;;Paradine Competition;BMW;FCY;59.433;81.916;96.445
992;3;73;5:23.069;0;;2:28.297;0;1:22.035;0;1:32.737;0;64.6;2:47:12.356;18:46:43.620;2:28.297;1:22.035;1:32.737;78;Rowledge;;GT3;;Paradine Competition;BMW;FCY;148.297;82.035;92.737
992;3;74;3:01.201;0;;1:11.914;0;42.546;0;1:06.741;0;115.1;2:50:13.557;18:49:44.821;1:11.914;0:42.546;1:06.741;78;Rowledge;;GT3;;Paradine Competition;BMW;SC;71.914;42.546;66.741
992;3;75;2:50.610;0;;1:03.687;0;51.154;0;55.769;0;122.2;2:53:04.167;18:52:35.431;1:03.687;0:51.154;0:55.769;107;Rowledge;;GT3;;Paradine Competition;BMW;GF;63.687;51.154;55.769
992;3;76;1:53.477;0;;36.801;0;38.079;0;38.597;0;183.8;2:54:57.644;18:54:28.908;0:36.801;0:38.079;0:38.597;240;Rowledge;;GT3;;Paradine Competition;BMW;GF;36.801;38.079;38.597
992;3;77;2:02.792;0;;38.207;0;44.218;0;40.367;0;169.8;2:57:00.436;18:56:31.700;0:38.207;0:44.218;0:40.367;265;Rowledge;;GT3;;Paradine Competition;BMW;GF;38.207;44.218;40.367
992;3;78;4:10.386;0;;1:29.015;0;1:28.122;0;1:13.249;0;83.3;3:01:10.822;19:00:42.086;1:29.015;1:28.122;1:13.249;53;Rowledge;;GT3;;Paradine Competition;BMW;GF;89.015;88.122;73.249
998;1;1;3:05.073;1;;51.894;1;51.482;1;1:21.697;1;112.7;3:05.073;16:02:36.337;0:51.894;0:51.482;1:21.697;163;Wilde;;GT3;;Rowe Racing;BMW;SC;51.894;51.482;81.697
998;1;2;4:30.706;0;;1:52.994;0;1:19.125;0;1:18.587;1;77.0;7:35.779;16:07:07.043;1:52.994;1:19.125;1:18.587;77;Wilde;;GT3;;Rowe Racing;BMW;SC;112.994;79.125;78.587
998;1;3;3:22.595;0;;1:15.721;0;1:06.159;0;1:00.715;1;102.9;10:58.374;16:10:29.638;1:15.721;1:06.159;1:00.715;;Wilde;;GT3;;Rowe Racing;BMW;SC;75.721;66.159;60.715
998;1;4;3:12.523;0;;1:54.876;0;39.273;1;38.374;1;108.3;14:10.897;16:13:42.161;1:54.876;0:39.273;0:38.374;179;Wilde;;GT3;;Rowe Racing;BMW;SC;114.876;39.273;38.374
998;1;5;2:04.215;1;;39.496;1;38.275;1;46.444;0;167.9;16:15.112;16:15:46.376;0:39.496;0:38.275;0:46.444;;Wilde;;GT3;;Rowe Racing;BMW;SC;39.496;38.275;46.444
998;1;6;2:35.889;0;;1:04.380;0;47.540;0;43.969;0;133.8;18:51.001;16:18:22.265;1:04.380;0:47.540;0:43.969;203;Wilde;;GT3;;Rowe Racing;BMW;GF;64.380;47.540;43.969
998;1;7;1:52.463;1;;35.726;1;37.464;1;39.273;0;185.4;20:43.464;16:20:14.728;0:35.726;0:37.464;0:39.273;267;Wilde;;GT3;;Rowe Racing;BMW;GF;35.726;37.464;39.273
998;1;8;1:52.478;0;;37.769;0;37.589;0;37.120;1;185.4;22:35.942;16:22:07.206;0:37.769;0:37.589;0:37.120;251;Wilde;;GT3;;Rowe Racing;BMW;GF;37.769;37.589;37.120
998;1;9;1:49.144;1;;35.268;1;36.792;1;37.084;1;191.1;24:25.086;16:23:56.350;0:35.268;0:36.792;0:37.084;267;Wilde;;GT3;;Rowe Racing;BMW;GF;35.268;36.792;37.084
998;1;10;1:48.510;1;;34.744;1;36.826;0;36.940;1;192.2;26:13.596;16:25:44.860;0:34.744;0:36.826;0:36.940;249;Wilde;;GT3;;Rowe Racing;BMW;GF;34.744;36.826;36.940
998;1;11;1:48.920;0;;35.331;0;36.690;1;36.899;1;191.5;28:02.516;16:27:33.780;0:35.331;0:36.690;0:36.899;265;Wilde;;GT3;;Rowe Racing;BMW;GF;35.331;36.690;36.899
998;1;12;1:47.632;1;;34.297;1;36.558;1;36.777;1;193.8;29:50.148;16:29:21.412;0:34.297;0:36.558;0:36.777;268;Wilde;;GT3;;Rowe Racing;BMW;GF;34.297;36.558;36.777
998;1;13;1:49.097;0;;34.256;1;37.347;0;37.494;0;191.2;31:39.245;16:31:10.509;0:34.256;0:37.347;0:37.494;270;Wilde;;GT3;;Rowe Racing;BMW;GF;34.256;37.347;37.494
998;1;14;1:48.646;0;;34.922;0;36.685;0;37.039;0;192.0;33:27.891;16:32:59.155;0:34.922;0:36.685;0:37.039;261;Wilde;;GT3;;Rowe Racing;BMW;GF;34.922;36.685;37.039
998;1;15;1:50.390;0;;35.116;0;38.155;0;37.119;0;188.9;35:18.281;16:34:49.545;0:35.116;0:38.155;0:37.119;265;Wilde;;GT3;;Rowe Racing;BMW;GF;35.116;38.155;37.119
998;1;16;1:48.522;0;;34.319;0;37.498;0;36.705;1;192.2;37:06.803;16:36:38.067;0:34.319;0:37.498;0:36.705;269;Wilde;;GT3;;Rowe Racing;BMW;GF;34.319;37.498;36.705
998;1;17;1:48.075;0;;34.284;0;36.653;0;37.138;0;193.0;38:54.878;16:38:26.142;0:34.284;0:36.653;0:37.138;268;Wilde;;GT3;;Rowe Racing;BMW;GF;34.284;36.653;37.138
998;1;18;1:49.228;0;;34.338;0;37.953;0;36.937;0;190.9;40:44.106;16:40:15.370;0:34.338;0:37.953;0:36.937;269;Wilde;;GT3;;Rowe Racing;BMW;GF;34.338;37.953;36.937
998;1;19;1:47.860;0;;34.422;0;36.656;0;36.782;0;193.4;42:31.966;16:42:03.230;0:34.422;0:36.656;0:36.782;267;Wilde;;GT3;;Rowe Racing;BMW;GF;34.422;36.656;36.782
998;1;20;1:50.084;0;;34.750;0;36.884;0;38.450;0;189.4;44:22.050;16:43:53.314;0:34.750;0:36.884;0:38.450;270;Wilde;;GT3;;Rowe Racing;BMW;GF;34.750;36.884;38.450
998;1;21;1:50.234;0;;36.711;0;36.706;0;36.817;0;189.2;46:12.284;16:45:43.548;0:36.711;0:36.706;0:36.817;266;Wilde;;GT3;;Rowe Racing;BMW;GF;36.711;36.706;36.817
998;1;22;1:47.969;0;;34.379;0;36.689;0;36.901;0;193.2;48:00.253;16:47:31.517;0:34.379;0:36.689;0:36.901;267;Wilde;;GT3;;Rowe Racing;BMW;GF;34.379;36.689;36.901
998;1;23;1:48.802;0;;34.651;0;36.697;0;37.454;0;191.7;49:49.055;16:49:20.319;0:34.651;0:36.697;0:37.454;268;Wilde;;GT3;;Rowe Racing;BMW;GF;34.651;36.697;37.454
998;1;24;4:09.509;0;;1:15.569;0;1:21.675;0;1:32.265;0;83.6;53:58.564;16:53:29.828;1:15.569;1:21.675;1:32.265;79;Wilde;;GT3;;Rowe Racing;BMW;FCY;75.569;81.675;92.265
998;1;25;4:20.123;0;;1:26.140;0;1:21.724;0;1:32.259;0;80.2;58:18.687;16:57:49.951;1:26.140;1:21.724;1:32.259;78;Wilde;;GT3;;Rowe Racing;BMW;FCY;86.140;81.724;92.259
998;1;26;4:20.385;0;;1:26.259;0;1:21.822;0;1:32.304;0;80.1;1:02:39.072;17:02:10.336;1:26.259;1:21.822;1:32.304;78;Wilde;;GT3;;Rowe Racing;BMW;GF;86.259;81.822;92.304
998;1;27;3:14.498;0;B;1:26.392;0;52.370;0;55.736;0;107.2;1:05:53.570;17:05:24.834;1:26.392;0:52.370;0:55.736;78;Wilde;;GT3;;Rowe Racing;BMW;SC;86.392;52.370;55.736
998;1;28;2:47.857;0;;1:05.392;0;54.067;0;48.398;0;124.2;1:08:41.427;17:08:12.691;1:05.392;0:54.067;0:48.398;95;Wilde;;GT3;;Rowe Racing;BMW;GF;65.392;54.067;48.398
998;1;29;1:51.760;0;;37.557;0;37.202;0;37.001;0;186.6;1:10:33.187;17:10:04.451;0:37.557;0:37.202;0:37.001;263;Wilde;;GT3;;Rowe Racing;BMW;GF;37.557;37.202;37.001
998;1;30;1:48.448;0;;34.599;0;36.746;0;37.103;0;192.3;1:12:21.635;17:11:52.899;0:34.599;0:36.746;0:37.103;266;Wilde;;GT3;;Rowe Racing;BMW;GF;34.599;36.746;37.103
998;1;31;1:55.367;0;;34.513;0;36.744;0;44.110;0;180.8;1:14:17.002;17:13:48.266;0:34.513;0:36.744;0:44.110;;Wilde;;GT3;;Rowe Racing;BMW;GF;34.513;36.744;44.110
998;2;32;3:05.176;0;;1:50.581;0;37.462;0;37.133;0;112.6;1:17:22.178;17:16:53.442;1:50.581;0:37.462;0:37.133;201;Tramnitz;;GT3;;Rowe Racing;BMW;GF;110.581;37.462;37.133
998;2;33;1:48.688;0;;34.703;0;36.825;0;37.160;0;191.9;1:19:10.866;17:18:42.130;0:34.703;0:36.825;0:37.160;262;Tramnitz;;GT3;;Rowe Racing;BMW;GF;34.703;36.825;37.160
998;2;34;2:27.023;0;;59.146;0;50.887;0;36.990;0;141.8;1:21:37.889;17:21:09.153;0:59.146;0:50.887;0:36.990;263;Tramnitz;;GT3;;Rowe Racing;BMW;GF;59.146;50.887;36.990
998;2;35;1:48.632;0;;34.652;0;37.121;0;36.859;0;192.0;1:23:26.521;17:22:57.785;0:34.652;0:37.121;0:36.859;263;Tramnitz;;GT3;;Rowe Racing;BMW;GF;34.652;37.121;36.859
998;2;36;1:47.842;0;;34.556;0;36.615;0;36.671;1;193.4;1:25:14.363;17:24:45.627;0:34.556;0:36.615;0:36.671;263;Tramnitz;;GT3;;Rowe Racing;BMW;GF;34.556;36.615;36.671
998;2;37;1:47.717;0;;34.528;0;36.530;1;36.659;1;193.6;1:27:02.080;17:26:33.344;0:34.528;0:36.530;0:36.659;263;Tramnitz;;GT3;;Rowe Racing;BMW;GF;34.528;36.530;36.659
998;2;38;1:47.866;0;;34.559;0;36.696;0;36.611;1;193.3;1:28:49.946;17:28:21.210;0:34.559;0:36.696;0:36.611;263;Tramnitz;;GT3;;Rowe Racing;BMW;GF;34.559;36.696;36.611
998;2;39;1:47.728;0;;34.474;0;36.630;0;36.624;0;193.6;1:30:37.674;17:30:08.938;0:34.474;0:36.630;0:36.624;264;Tramnitz;;GT3;;Rowe Racing;BMW;GF;34.474;36.630;36.624
998;2;40;1:47.686;0;;34.410;0;36.595;0;36.681;0;193.7;1:32:25.360;17:31:56.624;0:34.410;0:36.595;0:36.681;264;Tramnitz;;GT3;;Rowe Racing;BMW;GF;34.410;36.595;36.681
998;2;41;1:47.619;1;;34.413;0;36.546;0;36.660;0;193.8;1:34:12.979;17:33:44.243;0:34.413;0:36.546;0:36.660;264;Tramnitz;;GT3;;Rowe Racing;BMW;GF;34.413;36.546;36.660
998;2;42;2:38.552;0;;34.445;0;36.784;0;1:27.323;0;131.5;1:36:51.531;17:36:22.795;0:34.445;0:36.784;1:27.323;264;Tramnitz;;GT3;;Rowe Racing;BMW;FCY;34.445;36.784;87.323
998;2;43;4:20.199;0;;1:25.813;0;1:21.854;0;1:32.532;0;80.1;1:41:11.730;17:40:42.994;1:25.813;1:21.854;1:32.532;78;Tramnitz;;GT3;;Rowe Racing;BMW;FCY;85.813;81.854;92.532
998;2;44;4:21.107;0;;1:26.656;0;1:21.941;0;1:32.510;0;79.9;1:45:32.837;17:45:04.101;1:26.656;1:21.941;1:32.510;78;Tramnitz;;GT3;;Rowe Racing;BMW;GF;86.656;81.941;92.510
998;2;45;2:21.259;0;;1:01.534;0;39.908;0;39.817;0;147.6;1:47:54.096;17:47:25.360;1:01.534;0:39.908;0:39.817;87;Tramnitz;;GT3;;Rowe Racing;BMW;SC;61.534;39.908;39.817
998;2;46;2:10.615;0;;37.025;0;37.730;0;55.860;0;159.7;1:50:04.711;17:49:35.975;0:37.025;0:37.730;0:55.860;224;Tramnitz;;GT3;;Rowe Racing;BMW;SC;37.025;37.730;55.860
998;2;47;2:44.878;0;;1:05.990;0;54.465;0;44.423;0;126.5;1:52:49.589;17:52:20.853;1:05.990;0:54.465;0:44.423;55;Tramnitz;;GT3;;Rowe Racing;BMW;GF;65.990;54.465;44.423
998;2;48;1:51.753;0;;35.582;0;37.794;0;38.377;0;186.6;1:54:41.342;17:54:12.606;0:35.582;0:37.794;0:38.377;242;Tramnitz;;GT3;;Rowe Racing;BMW;GF;35.582;37.794;38.377
998;2;49;1:48.875;0;;34.986;0;36.942;0;36.947;0;191.5;1:56:30.217;17:56:01.481;0:34.986;0:36.942;0:36.947;265;Tramnitz;;GT3;;Rowe Racing;BMW;GF;34.986;36.942;36.947
998;2;50;1:48.119;0;;34.393;0;36.836;0;36.890;0;192.9;1:58:18.336;17:57:49.600;0:34.393;0:36.836;0:36.890;267;Tramnitz;;GT3;;Rowe Racing;BMW;GF;34.393;36.836;36.890
998;2;51;1:50.103;0;;34.538;0;36.920;0;38.645;0;189.4;2:00:08.439;17:59:39.703;0:34.538;0:36.920;0:38.645;269;Tramnitz;;GT3;;Rowe Racing;BMW;GF;34.538;36.920;38.645
998;2;52;1:48.196;0;;34.484;0;36.836;0;36.876;0;192.8;2:01:56.635;18:01:27.899;0:34.484;0:36.836;0:36.876;269;Tramnitz;;GT3;;Rowe Racing;BMW;GF;34.484;36.836;36.876
998;2;53;1:48.162;0;;34.732;0;36.610;0;36.820;0;192.8;2:03:44.797;18:03:16.061;0:34.732;0:36.610;0:36.820;268;Tramnitz;;GT3;;Rowe Racing;BMW;GF;34.732;36.610;36.820
998;2;54;1:47.984;0;;34.512;0;36.745;0;36.727;0;193.1;2:05:32.781;18:05:04.045;0:34.512;0:36.745;0:36.727;267;Tramnitz;;GT3;;Rowe Racing;BMW;GF;34.512;36.745;36.727
998;2;55;1:49.041;0;B;34.612;0;37.539;0;36.890;0;191.3;2:07:21.822;18:06:53.086;0:34.612;0:37.539;0:36.890;270;Tramnitz;;GT3;;Rowe Racing;BMW;GF;34.612;37.539;36.890
998;2;56;1:49.334;0;;35.010;0;37.526;0;36.798;0;190.7;2:09:11.156;18:08:42.420;0:35.010;0:37.526;0:36.798;253;Tramnitz;;GT3;;Rowe Racing;BMW;GF;35.010;37.526;36.798
998;2;57;1:48.609;0;;34.618;0;37.137;0;36.854;0;192.0;2:10:59.765;18:10:31.029;0:34.618;0:37.137;0:36.854;267;Tramnitz;;GT3;;Rowe Racing;BMW;GF;34.618;37.137;36.854
998;2;58;1:56.142;0;;34.670;0;36.929;0;44.543;0;179.6;2:12:55.907;18:12:27.171;0:34.670;0:36.929;0:44.543;;Tramnitz;;GT3;;Rowe Racing;BMW;GF;34.670;36.929;44.543
998;3;59;3:05.607;0;;1:50.676;0;37.646;0;37.285;0;112.4;2:16:01.514;18:15:32.778;1:50.676;0:37.646;0:37.285;203;Klingmann;;GT3;;Rowe Racing;BMW;GF;110.676;37.646;37.285
998;3;60;1:47.888;0;;34.601;0;36.624;0;36.663;0;193.3;2:17:49.402;18:17:20.666;0:34.601;0:36.624;0:36.663;267;Klingmann;;GT3;;Rowe Racing;BMW;GF;34.601;36.624;36.663
998;3;61;1:48.005;0;;34.382;0;37.018;0;36.605;1;193.1;2:19:37.407;18:19:08.671;0:34.382;0:37.018;0:36.605;267;Klingmann;;GT3;;Rowe Racing;BMW;GF;34.382;37.018;36.605
998;3;62;1:47.947;0;;34.477;0;36.811;0;36.659;0;193.2;2:21:25.354;18:20:56.618;0:34.477;0:36.811;0:36.659;266;Klingmann;;GT3;;Rowe Racing;BMW;GF;34.477;36.811;36.659
998;3;63;1:47.573;1;;34.349;0;36.570;0;36.654;0;193.9;2:23:12.927;18:22:44.191;0:34.349;0:36.570;0:36.654;267;Klingmann;;GT3;;Rowe Racing;BMW;GF;34.349;36.570;36.654
998;3;64;1:47.394;1;;34.398;0;36.554;0;36.442;1;194.2;2:25:00.321;18:24:31.585;0:34.398;0:36.554;0:36.442;267;Klingmann;;GT3;;Rowe Racing;BMW;GF;34.398;36.554;36.442
998;3;65;1:48.021;0;;34.399;0;36.815;0;36.807;0;193.1;2:26:48.342;18:26:19.606;0:34.399;0:36.815;0:36.807;268;Klingmann;;GT3;;Rowe Racing;BMW;GF;34.399;36.815;36.807
998;3;66;1:48.731;0;;35.022;0;36.769;0;36.940;0;191.8;2:28:37.073;18:28:08.337;0:35.022;0:36.769;0:36.940;258;Klingmann;;GT3;;Rowe Racing;BMW;GF;35.022;36.769;36.940
998;3;67;1:48.502;0;;34.537;0;37.176;0;36.789;0;192.2;2:30:25.575;18:29:56.839;0:34.537;0:37.176;0:36.789;269;Klingmann;;GT3;;Rowe Racing;BMW;GF;34.537;37.176;36.789
998;3;68;1:47.597;0;;34.311;0;36.541;0;36.745;0;193.8;2:32:13.172;18:31:44.436;0:34.311;0:36.541;0:36.745;268;Klingmann;;GT3;;Rowe Racing;BMW;GF;34.311;36.541;36.745
998;3;69;1:47.904;0;;34.500;0;36.735;0;36.669;0;193.3;2:34:01.076;18:33:32.340;0:34.500;0:36.735;0:36.669;268;Klingmann;;GT3;;Rowe Racing;BMW;GF;34.500;36.735;36.669
998;3;70;1:53.493;0;;34.355;0;37.316;0;41.822;0;183.8;2:35:54.569;18:35:25.833;0:34.355;0:37.316;0:41.822;268;Klingmann;;GT3;;Rowe Racing;BMW;GF;34.355;37.316;41.822
998;3;71;1:48.264;0;;34.456;0;36.669;0;37.139;0;192.6;2:37:42.833;18:37:14.097;0:34.456;0:36.669;0:37.139;265;Klingmann;;GT3;;Rowe Racing;BMW;GF;34.456;36.669;37.139
998;3;72;3:36.589;0;;42.291;0;1:21.770;0;1:32.528;0;96.3;2:41:19.422;18:40:50.686;0:42.291;1:21.770;1:32.528;266;Klingmann;;GT3;;Rowe Racing;BMW;FCY;42.291;81.770;92.528
998;3;73;4:20.515;0;;1:26.122;0;1:21.857;0;1:32.536;0;80.1;2:45:39.937;18:45:11.201;1:26.122;1:21.857;1:32.536;78;Klingmann;;GT3;;Rowe Racing;BMW;FCY;86.122;81.857;92.536
998;3;74;3:30.894;0;;1:26.353;0;1:14.864;0;49.677;0;98.9;2:49:10.831;18:48:42.095;1:26.353;1:14.864;0:49.677;78;Klingmann;;GT3;;Rowe Racing;BMW;SC;86.353;74.864;49.677
998;3;75;1:58.493;0;;39.552;0;38.416;0;40.525;0;176.0;2:51:09.324;18:50:40.588;0:39.552;0:38.416;0:40.525;183;Klingmann;;GT3;;Rowe Racing;BMW;SC;39.552;38.416;40.525
998;3;76;2:05.897;0;;37.474;0;47.858;0;40.565;0;165.6;2:53:15.221;18:52:46.485;0:37.474;0:47.858;0:40.565;260;Klingmann;;GT3;;Rowe Racing;BMW;GF;37.474;47.858;40.565
998;3;77;1:54.285;0;;35.213;0;39.785;0;39.287;0;182.5;2:55:09.506;18:54:40.770;0:35.213;0:39.785;0:39.287;268;Klingmann;;GT3;;Rowe Racing;BMW;GF;35.213;39.785;39.287
998;3;78;2:08.832;0;;37.240;0;49.396;0;42.196;0;161.9;2:57:18.338;18:56:49.602;0:37.240;0:49.396;0:42.196;219;Klingmann;;GT3;;Rowe Racing;BMW;GF;37.240;49.396;42.196
998;3;79;4:12.667;0;;1:34.369;0;1:25.594;0;1:12.704;0;82.5;3:01:31.005;19:01:02.269;1:34.369;1:25.594;1:12.704;16;Klingmann;;GT3;;Rowe Racing;BMW;GF;94.369;85.594;72.704
