NUMBER; DRIVER_NUMBER; LAP_NUMBER; LAP_TIME; LAP_IMPROVEMENT; CROSSING_FINISH_LINE_IN_PIT; S1; S1_IMPROVEMENT; S2; S2_IMPROVEMENT; S3; S3_IMPROVEMENT; KPH; ELAPSED; HOUR;S1_LARGE;S2_LARGE;S3_LARGE;TOP_SPEED;DRIVER_NAME;PIT_TIME;CLASS;GROUP;TEAM;MANUFACTURER;
1;2;1;2:07.603;0;B;30.500;0;36.782;0;1:00.321;0;128.7;2:07.603;11:02:07.603;0:30.500;0:36.782;1:00.321;120.4;Nick TANDY;0:00:08.891;LMP1;H;Porsche LMP Team;Porsche;
1;2;2;9:02.344;0;;7:41.336;0;33.447;0;47.561;0;30.3;11:09.947;11:11:09.947;7:41.336;0:33.447;0:47.561;149.4;Nick TANDY;0:07:24.426;LMP1;H;Porsche LMP Team;Porsche;
1;2;3;1:39.988;0;;21.775;0;31.469;0;46.744;0;164.3;12:49.935;11:12:49.935;0:21.775;0:31.469;0:46.744;212.6;Nick TANDY;;LMP1;H;Porsche LMP Team;Porsche;
1;2;4;1:39.057;0;;21.459;0;31.601;0;45.997;0;165.8;14:28.992;11:14:28.992;0:21.459;0:31.601;0:45.997;220.0;Nick TANDY;;LMP1;H;Porsche LMP Team;Porsche;
1;2;5;1:37.389;0;;21.109;0;30.377;0;45.903;0;168.7;16:06.381;11:16:06.381;0:21.109;0:30.377;0:45.903;237.4;Nick TANDY;;LMP1;H;Porsche LMP Team;Porsche;
1;2;6;1:36.270;0;;20.894;0;30.014;0;45.362;3;170.6;17:42.651;11:17:42.651;0:20.894;0:30.014;0:45.362;237.4;Nick TANDY;;LMP1;H;Porsche LMP Team;Porsche;
1;2;7;1:35.738;0;;20.855;0;29.327;0;45.556;0;171.6;19:18.389;11:19:18.389;0:20.855;0:29.327;0:45.556;238.4;Nick TANDY;;LMP1;H;Porsche LMP Team;Porsche;
1;2;8;1:41.645;0;B;20.578;0;29.311;1;51.756;0;161.6;21:00.034;11:21:00.034;0:20.578;0:29.311;0:51.756;268.7;Nick TANDY;;LMP1;H;Porsche LMP Team;Porsche;
1;2;9;11:41.092;0;;10:25.440;0;29.757;0;45.895;0;23.4;32:41.126;11:32:41.126;10:25.440;0:29.757;0:45.895;148.1;Nick TANDY;0:10:08.904;LMP1;H;Porsche LMP Team;Porsche;
1;2;10;1:39.918;0;;21.622;0;30.055;0;48.241;0;164.4;34:21.044;11:34:21.044;0:21.622;0:30.055;0:48.241;226.9;Nick TANDY;;LMP1;H;Porsche LMP Team;Porsche;
1;2;11;1:36.113;0;;20.801;0;29.561;0;45.751;0;170.9;35:57.157;11:35:57.157;0:20.801;0:29.561;0:45.751;259.0;Nick TANDY;;LMP1;H;Porsche LMP Team;Porsche;
1;2;12;1:37.822;0;;20.765;0;30.475;0;46.582;0;167.9;37:34.979;11:37:34.979;0:20.765;0:30.475;0:46.582;256.5;Nick TANDY;;LMP1;H;Porsche LMP Team;Porsche;
1;2;13;1:39.151;0;;20.754;0;29.716;0;48.681;0;165.7;39:14.130;11:39:14.130;0:20.754;0:29.716;0:48.681;266.0;Nick TANDY;;LMP1;H;Porsche LMP Team;Porsche;
1;2;14;1:36.603;0;;20.776;0;29.622;0;46.205;0;170.0;40:50.733;11:40:50.733;0:20.776;0:29.622;0:46.205;260.9;Nick TANDY;;LMP1;H;Porsche LMP Team;Porsche;
1;2;15;1:44.985;0;B;20.303;2;29.882;0;54.800;0;156.5;42:35.718;11:42:35.718;0:20.303;0:29.882;0:54.800;270.7;Nick TANDY;;LMP1;H;Porsche LMP Team;Porsche;
1;1;16;12:16.245;0;;10:56.138;0;32.733;0;47.374;0;22.3;54:51.963;11:54:51.963;10:56.138;0:32.733;0:47.374;147.9;André LOTTERER;0:10:39.305;LMP1;H;Porsche LMP Team;Porsche;
1;1;17;1:36.820;0;;20.972;0;29.929;0;45.919;0;169.7;56:28.783;11:56:28.783;0:20.972;0:29.929;0:45.919;243.2;André LOTTERER;;LMP1;H;Porsche LMP Team;Porsche;
1;1;18;1:38.445;0;;20.840;0;29.678;0;47.927;0;166.9;58:07.228;11:58:07.228;0:20.840;0:29.678;0:47.927;255.3;André LOTTERER;;LMP1;H;Porsche LMP Team;Porsche;
1;1;19;1:35.527;3;;20.833;0;29.276;0;45.418;1;172.0;59:42.755;11:59:42.755;0:20.833;0:29.276;0:45.418;246.6;André LOTTERER;;LMP1;H;Porsche LMP Team;Porsche;
1;1;20;1:36.083;0;;20.649;0;29.567;0;45.867;0;171.0;1:01:18.838;12:01:18.838;0:20.649;0:29.567;0:45.867;266.0;André LOTTERER;;LMP1;H;Porsche LMP Team;Porsche;
1;1;21;1:36.270;0;;20.668;0;29.544;0;46.058;0;170.6;1:02:55.108;12:02:55.108;0:20.668;0:29.544;0:46.058;266.7;André LOTTERER;;LMP1;H;Porsche LMP Team;Porsche;
1;1;22;1:42.097;0;B;20.447;1;29.133;3;52.517;0;160.9;1:04:37.205;12:04:37.205;0:20.447;0:29.133;0:52.517;277.6;André LOTTERER;;LMP1;H;Porsche LMP Team;Porsche;
1;1;23;6:20.231;0;;5:01.869;0;31.315;0;47.047;0;43.2;1:10:57.436;12:10:57.436;5:01.869;0:31.315;0:47.047;153.8;André LOTTERER;0:04:45.476;LMP1;H;Porsche LMP Team;Porsche;
1;1;24;1:36.018;0;;20.936;0;29.302;0;45.780;0;171.1;1:12:33.454;12:12:33.454;0:20.936;0:29.302;0:45.780;250.0;André LOTTERER;;LMP1;H;Porsche LMP Team;Porsche;
1;1;25;1:36.469;0;;20.810;0;30.111;0;45.548;0;170.3;1:14:09.923;12:14:09.923;0:20.810;0:30.111;0:45.548;266.0;André LOTTERER;;LMP1;H;Porsche LMP Team;Porsche;
1;1;26;1:35.579;0;;20.609;0;29.167;0;45.803;0;171.9;1:15:45.502;12:15:45.502;0:20.609;0:29.167;0:45.803;270.7;André LOTTERER;;LMP1;H;Porsche LMP Team;Porsche;
1;1;27;2:25.887;0;B;21.132;0;38.609;0;1:26.146;0;112.6;1:18:11.389;12:18:11.389;0:21.132;0:38.609;1:26.146;245.5;André LOTTERER;;LMP1;H;Porsche LMP Team;Porsche;
1;0;28;3:05.142;0;;1:43.797;0;33.155;0;48.190;0;88.7;1:21:16.531;12:21:16.531;1:43.797;0:33.155;0:48.190;127.1;Neel JANI;0:01:25.856;LMP1;H;Porsche LMP Team;Porsche;
1;0;29;1:43.461;0;;22.140;0;32.367;0;48.954;0;158.8;1:22:59.992;12:22:59.992;0:22.140;0:32.367;0:48.954;217.3;Neel JANI;;LMP1;H;Porsche LMP Team;Porsche;
1;0;30;1:38.194;0;;21.258;0;30.576;0;46.360;0;167.3;1:24:38.186;12:24:38.186;0:21.258;0:30.576;0:46.360;246.0;Neel JANI;;LMP1;H;Porsche LMP Team;Porsche;
1;0;31;1:39.490;0;;20.943;0;30.269;0;48.278;0;165.1;1:26:17.676;12:26:17.676;0:20.943;0:30.269;0:48.278;254.7;Neel JANI;;LMP1;H;Porsche LMP Team;Porsche;
1;0;32;1:41.756;0;;21.730;0;32.070;0;47.956;0;161.4;1:27:59.432;12:27:59.432;0:21.730;0:32.070;0:47.956;236.3;Neel JANI;;LMP1;H;Porsche LMP Team;Porsche;
1;0;33;1:36.804;0;;20.753;0;29.898;0;46.153;0;169.7;1:29:36.236;12:29:36.236;0:20.753;0:29.898;0:46.153;267.3;Neel JANI;;LMP1;H;Porsche LMP Team;Porsche;
1;0;34;1:36.661;0;;20.750;1;29.788;1;46.123;1;169.9;1:31:12.897;12:31:12.897;0:20.750;0:29.788;0:46.123;261.5;Neel JANI;;LMP1;H;Porsche LMP Team;Porsche;
13;2;1;3:54.906;0;;2:25.666;0;37.747;0;51.493;0;69.9;3:54.906;11:03:54.906;2:25.666;0:37.747;0:51.493;118.3;Nelson PIQUET JR;0:02:02.743;LMP2;;Vaillante Rebellion;Oreca;
13;2;2;1:45.528;0;;22.359;0;33.271;0;49.898;0;155.7;5:40.434;11:05:40.434;0:22.359;0:33.271;0:49.898;237.4;Nelson PIQUET JR;;LMP2;;Vaillante Rebellion;Oreca;
13;2;3;1:48.155;0;;24.307;0;33.022;0;50.826;0;151.9;7:28.589;11:07:28.589;0:24.307;0:33.022;0:50.826;259.6;Nelson PIQUET JR;;LMP2;;Vaillante Rebellion;Oreca;
13;2;4;1:49.752;0;;26.373;0;33.325;0;50.054;0;149.7;9:18.341;11:09:18.341;0:26.373;0:33.325;0:50.054;282.7;Nelson PIQUET JR;;LMP2;;Vaillante Rebellion;Oreca;
13;2;5;1:44.370;2;;21.901;0;32.634;0;49.835;0;157.4;11:02.711;11:11:02.711;0:21.901;0:32.634;0:49.835;257.8;Nelson PIQUET JR;;LMP2;;Vaillante Rebellion;Oreca;
13;2;6;1:45.731;0;;23.104;0;32.547;0;50.080;0;155.4;12:48.442;11:12:48.442;0:23.104;0:32.547;0:50.080;282.0;Nelson PIQUET JR;;LMP2;;Vaillante Rebellion;Oreca;
13;2;7;1:56.636;0;B;21.936;0;33.450;0;1:01.250;0;140.8;14:45.078;11:14:45.078;0:21.936;0:33.450;1:01.250;267.3;Nelson PIQUET JR;;LMP2;;Vaillante Rebellion;Oreca;
13;2;8;5:20.502;0;;3:57.405;0;33.300;0;49.797;0;51.3;20:05.580;11:20:05.580;3:57.405;0:33.300;0:49.797;141.0;Nelson PIQUET JR;0:03:39.721;LMP2;;Vaillante Rebellion;Oreca;
13;2;9;1:45.015;0;;22.690;0;32.581;0;49.744;2;156.4;21:50.595;11:21:50.595;0:22.690;0:32.581;0:49.744;291.1;Nelson PIQUET JR;;LMP2;;Vaillante Rebellion;Oreca;
13;2;10;1:44.742;0;;21.934;0;32.363;0;50.445;0;156.8;23:35.337;11:23:35.337;0:21.934;0:32.363;0:50.445;255.9;Nelson PIQUET JR;;LMP2;;Vaillante Rebellion;Oreca;
13;2;11;1:45.846;0;;21.957;0;32.896;0;50.993;0;155.2;25:21.183;11:25:21.183;0:21.957;0:32.896;0:50.993;265.4;Nelson PIQUET JR;;LMP2;;Vaillante Rebellion;Oreca;
13;2;12;1:44.671;0;;21.850;2;32.628;0;50.193;0;156.9;27:05.854;11:27:05.854;0:21.850;0:32.628;0:50.193;271.4;Nelson PIQUET JR;;LMP2;;Vaillante Rebellion;Oreca;
13;2;13;1:45.576;0;;22.470;0;32.271;2;50.835;0;155.6;28:51.430;11:28:51.430;0:22.470;0:32.271;0:50.835;276.9;Nelson PIQUET JR;;LMP2;;Vaillante Rebellion;Oreca;
13;2;14;1:53.861;0;B;22.089;0;32.672;0;59.100;0;144.3;30:45.291;11:30:45.291;0:22.089;0:32.672;0:59.100;260.9;Nelson PIQUET JR;;LMP2;;Vaillante Rebellion;Oreca;
13;1;15;7:58.155;0;;6:30.139;0;36.269;0;51.747;0;34.4;38:43.446;11:38:43.446;6:30.139;0:36.269;0:51.747;138.8;David HEINEMEIER HANSSON;0:06:10.523;LMP2;;Vaillante Rebellion;Oreca;
13;1;16;1:55.734;0;;29.081;0;35.264;0;51.389;0;141.9;40:39.180;11:40:39.180;0:29.081;0:35.264;0:51.389;275.5;David HEINEMEIER HANSSON;;LMP2;;Vaillante Rebellion;Oreca;
13;1;17;1:46.961;0;;22.287;0;33.527;0;51.147;0;153.6;42:26.141;11:42:26.141;0:22.287;0:33.527;0:51.147;236.8;David HEINEMEIER HANSSON;;LMP2;;Vaillante Rebellion;Oreca;
13;1;18;1:46.836;0;;22.063;0;33.242;0;51.531;0;153.8;44:12.977;11:44:12.977;0:22.063;0:33.242;0:51.531;248.8;David HEINEMEIER HANSSON;;LMP2;;Vaillante Rebellion;Oreca;
13;1;19;3:04.738;0;;30.448;0;1:07.026;0;1:27.264;0;88.9;47:17.715;11:47:17.715;0:30.448;1:07.026;1:27.264;269.3;David HEINEMEIER HANSSON;;LMP2;;Vaillante Rebellion;Oreca;
13;1;20;2:14.143;0;;47.892;0;35.154;0;51.097;0;122.5;49:31.858;11:49:31.858;0:47.892;0:35.154;0:51.097;79.9;David HEINEMEIER HANSSON;;LMP2;;Vaillante Rebellion;Oreca;
13;1;21;1:48.649;0;;22.803;0;33.664;0;52.182;0;151.2;51:20.507;11:51:20.507;0:22.803;0:33.664;0:52.182;224.5;David HEINEMEIER HANSSON;;LMP2;;Vaillante Rebellion;Oreca;
13;1;22;1:46.996;0;;22.710;0;33.218;0;51.068;0;153.5;53:07.503;11:53:07.503;0:22.710;0:33.218;0:51.068;243.2;David HEINEMEIER HANSSON;;LMP2;;Vaillante Rebellion;Oreca;
13;1;23;1:47.748;0;;22.282;0;34.461;0;51.005;0;152.5;54:55.251;11:54:55.251;0:22.282;0:34.461;0:51.005;247.1;David HEINEMEIER HANSSON;;LMP2;;Vaillante Rebellion;Oreca;
13;1;24;1:46.331;0;;22.394;0;33.307;0;50.630;1;154.5;56:41.582;11:56:41.582;0:22.394;0:33.307;0:50.630;252.3;David HEINEMEIER HANSSON;;LMP2;;Vaillante Rebellion;Oreca;
13;1;25;1:46.835;0;;22.603;0;33.368;0;50.864;0;153.8;58:28.417;11:58:28.417;0:22.603;0:33.368;0:50.864;250.6;David HEINEMEIER HANSSON;;LMP2;;Vaillante Rebellion;Oreca;
13;1;26;1:47.316;0;;22.078;0;33.764;0;51.474;0;153.1;1:00:15.733;12:00:15.733;0:22.078;0:33.764;0:51.474;265.4;David HEINEMEIER HANSSON;;LMP2;;Vaillante Rebellion;Oreca;
13;1;27;1:45.669;0;;21.974;1;32.889;1;50.806;0;155.5;1:02:01.402;12:02:01.402;0:21.974;0:32.889;0:50.806;259.0;David HEINEMEIER HANSSON;;LMP2;;Vaillante Rebellion;Oreca;
13;1;28;2:01.441;0;;35.432;0;35.068;0;50.941;0;135.3;1:04:02.843;12:04:02.843;0:35.432;0:35.068;0:50.941;237.9;David HEINEMEIER HANSSON;;LMP2;;Vaillante Rebellion;Oreca;
13;1;29;1:47.283;0;;22.333;0;33.309;0;51.641;0;153.1;1:05:50.126;12:05:50.126;0:22.333;0:33.309;0:51.641;252.3;David HEINEMEIER HANSSON;;LMP2;;Vaillante Rebellion;Oreca;
13;1;30;1:56.655;0;B;22.298;0;33.034;0;1:01.323;0;140.8;1:07:46.781;12:07:46.781;0:22.298;0:33.034;1:01.323;254.1;David HEINEMEIER HANSSON;;LMP2;;Vaillante Rebellion;Oreca;
13;0;31;13:00.823;0;;11:14.181;0;53.352;0;53.290;0;21.0;1:20:47.604;12:20:47.604;11:14.181;0:53.352;0:53.290;77.7;Mathias BECHE;0:10:43.757;LMP2;;Vaillante Rebellion;Oreca;
13;0;32;1:50.116;0;;23.649;0;34.117;0;52.350;0;149.2;1:22:37.720;12:22:37.720;0:23.649;0:34.117;0:52.350;197.1;Mathias BECHE;;LMP2;;Vaillante Rebellion;Oreca;
13;0;33;1:48.618;0;;22.918;0;33.636;0;52.064;0;151.2;1:24:26.338;12:24:26.338;0:22.918;0:33.636;0:52.064;208.5;Mathias BECHE;;LMP2;;Vaillante Rebellion;Oreca;
13;0;34;1:51.548;0;;23.245;0;34.610;0;53.693;0;147.3;1:26:17.886;12:26:17.886;0:23.245;0:34.610;0:53.693;196.0;Mathias BECHE;;LMP2;;Vaillante Rebellion;Oreca;
13;0;35;1:48.473;0;;22.602;0;34.324;0;51.547;0;151.4;1:28:06.359;12:28:06.359;0:22.602;0:34.324;0:51.547;230.3;Mathias BECHE;;LMP2;;Vaillante Rebellion;Oreca;
13;0;36;1:47.002;0;;22.083;1;33.245;0;51.674;0;153.5;1:29:53.361;12:29:53.361;0:22.083;0:33.245;0:51.674;266.0;Mathias BECHE;;LMP2;;Vaillante Rebellion;Oreca;
13;0;37;1:46.129;0;;22.169;0;32.959;1;51.001;1;154.8;1:31:39.490;12:31:39.490;0:22.169;0:32.959;0:51.001;261.5;Mathias BECHE;;LMP2;;Vaillante Rebellion;Oreca;
2;1;1;2:03.632;0;B;28.208;0;36.757;0;58.667;0;132.9;2:03.632;11:02:03.632;0:28.208;0:36.757;0:58.667;130.9;Earl BAMBER;0:00:07.523;LMP1;H;Porsche LMP Team;Porsche;
2;1;2;10:32.121;0;;9:11.445;0;33.185;0;47.491;0;26.0;12:35.753;11:12:35.753;9:11.445;0:33.185;0:47.491;142.1;Earl BAMBER;0:08:53.975;LMP1;H;Porsche LMP Team;Porsche;
2;1;3;1:39.709;0;;21.489;0;31.389;0;46.831;0;164.7;14:15.462;11:14:15.462;0:21.489;0:31.389;0:46.831;238.4;Earl BAMBER;;LMP1;H;Porsche LMP Team;Porsche;
2;1;4;1:36.464;0;;21.096;0;29.896;0;45.472;0;170.3;15:51.926;11:15:51.926;0:21.096;0:29.896;0:45.472;237.4;Earl BAMBER;;LMP1;H;Porsche LMP Team;Porsche;
2;1;5;1:36.552;0;;21.047;0;29.496;0;46.009;0;170.1;17:28.478;11:17:28.478;0:21.047;0:29.496;0:46.009;258.4;Earl BAMBER;;LMP1;H;Porsche LMP Team;Porsche;
2;1;6;1:35.660;2;;20.795;0;29.408;0;45.457;2;171.7;19:04.138;11:19:04.138;0:20.795;0:29.408;0:45.457;254.1;Earl BAMBER;;LMP1;H;Porsche LMP Team;Porsche;
2;1;7;1:36.112;0;;20.708;0;29.653;0;45.751;0;170.9;20:40.250;11:20:40.250;0:20.708;0:29.653;0:45.751;259.6;Earl BAMBER;;LMP1;H;Porsche LMP Team;Porsche;
2;1;8;1:37.711;0;;20.699;0;31.410;0;45.602;0;168.1;22:17.961;11:22:17.961;0:20.699;0:31.410;0:45.602;261.5;Earl BAMBER;;LMP1;H;Porsche LMP Team;Porsche;
2;1;9;1:41.863;0;B;20.833;0;29.595;0;51.435;0;161.3;23:59.824;11:23:59.824;0:20.833;0:29.595;0:51.435;252.9;Earl BAMBER;;LMP1;H;Porsche LMP Team;Porsche;
2;1;10;9:23.912;0;;8:06.797;0;31.012;0;46.103;0;29.1;33:23.736;11:33:23.736;8:06.797;0:31.012;0:46.103;152.1;Earl BAMBER;0:07:49.856;LMP1;H;Porsche LMP Team;Porsche;
2;1;11;1:36.394;0;;20.697;0;29.789;0;45.908;0;170.4;35:00.130;11:35:00.130;0:20.697;0:29.789;0:45.908;257.8;Earl BAMBER;;LMP1;H;Porsche LMP Team;Porsche;
2;1;12;1:35.750;0;;20.638;0;29.308;0;45.804;0;171.6;36:35.880;11:36:35.880;0:20.638;0:29.308;0:45.804;261.5;Earl BAMBER;;LMP1;H;Porsche LMP Team;Porsche;
2;1;13;1:36.150;0;;20.661;0;29.577;0;45.912;0;170.8;38:12.030;11:38:12.030;0:20.661;0:29.577;0:45.912;262.1;Earl BAMBER;;LMP1;H;Porsche LMP Team;Porsche;
2;1;14;1:37.857;0;;20.759;0;29.142;2;47.956;0;167.9;39:49.887;11:39:49.887;0:20.759;0:29.142;0:47.956;272.7;Earl BAMBER;;LMP1;H;Porsche LMP Team;Porsche;
2;1;15;1:37.339;0;;20.459;1;29.348;0;47.532;0;168.8;41:27.226;11:41:27.226;0:20.459;0:29.348;0:47.532;275.5;Earl BAMBER;;LMP1;H;Porsche LMP Team;Porsche;
2;1;16;1:42.755;0;B;20.537;0;30.077;0;52.141;0;159.9;43:09.981;11:43:09.981;0:20.537;0:30.077;0:52.141;266.7;Earl BAMBER;;LMP1;H;Porsche LMP Team;Porsche;
2;2;17;5:02.736;0;;2:47.564;0;1:07.293;0;1:07.879;0;54.3;48:12.717;11:48:12.717;2:47.564;1:07.293;1:07.879;79.3;Brendon HARTLEY;0:02:17.723;LMP1;H;Porsche LMP Team;Porsche;
2;2;18;2:14.694;0;;54.189;0;32.716;0;47.789;0;122.0;50:27.411;11:50:27.411;0:54.189;0:32.716;0:47.789;264.7;Brendon HARTLEY;;LMP1;H;Porsche LMP Team;Porsche;
2;2;19;1:37.450;0;;21.092;0;30.013;0;46.345;0;168.6;52:04.861;11:52:04.861;0:21.092;0:30.013;0:46.345;259.0;Brendon HARTLEY;;LMP1;H;Porsche LMP Team;Porsche;
2;2;20;1:37.633;0;;20.652;0;30.481;0;46.500;0;168.3;53:42.494;11:53:42.494;0:20.652;0:30.481;0:46.500;265.4;Brendon HARTLEY;;LMP1;H;Porsche LMP Team;Porsche;
2;2;21;1:36.588;0;;20.724;0;30.030;0;45.834;1;170.1;55:19.082;11:55:19.082;0:20.724;0:30.030;0:45.834;265.4;Brendon HARTLEY;;LMP1;H;Porsche LMP Team;Porsche;
2;2;22;1:36.909;0;;20.495;0;30.332;0;46.082;0;169.5;56:55.991;11:56:55.991;0:20.495;0:30.332;0:46.082;263.4;Brendon HARTLEY;;LMP1;H;Porsche LMP Team;Porsche;
2;2;23;1:36.856;0;;20.697;0;29.432;0;46.727;0;169.6;58:32.847;11:58:32.847;0:20.697;0:29.432;0:46.727;269.3;Brendon HARTLEY;;LMP1;H;Porsche LMP Team;Porsche;
2;2;24;1:36.999;0;;20.914;0;29.903;0;46.182;0;169.4;1:00:09.846;12:00:09.846;0:20.914;0:29.903;0:46.182;265.4;Brendon HARTLEY;;LMP1;H;Porsche LMP Team;Porsche;
2;2;25;1:43.089;0;B;20.348;2;29.386;1;53.355;0;159.3;1:01:52.935;12:01:52.935;0:20.348;0:29.386;0:53.355;268.7;Brendon HARTLEY;;LMP1;H;Porsche LMP Team;Porsche;
2;2;26;6:26.361;0;;5:07.419;0;32.356;0;46.586;0;42.5;1:08:19.296;12:08:19.296;5:07.419;0:32.356;0:46.586;154.1;Brendon HARTLEY;0:04:50.873;LMP1;H;Porsche LMP Team;Porsche;
2;2;27;2:21.367;0;B;48.372;0;34.931;0;58.064;0;116.2;1:10:40.663;12:10:40.663;0:48.372;0:34.931;0:58.064;265.4;Brendon HARTLEY;;LMP1;H;Porsche LMP Team;Porsche;
2;0;28;8:00.573;0;;5:37.379;0;55.560;0;1:27.634;0;34.2;1:18:41.236;12:18:41.236;5:37.379;0:55.560;1:27.634;153.0;Timo BERNHARD;0:05:20.420;LMP1;H;Porsche LMP Team;Porsche;
2;0;29;2:14.773;0;;52.069;0;33.739;0;48.965;0;121.9;1:20:56.009;12:20:56.009;0:52.069;0:33.739;0:48.965;79.4;Timo BERNHARD;;LMP1;H;Porsche LMP Team;Porsche;
2;0;30;1:43.019;0;;21.688;0;32.722;0;48.609;0;159.5;1:22:39.028;12:22:39.028;0:21.688;0:32.722;0:48.609;235.8;Timo BERNHARD;;LMP1;H;Porsche LMP Team;Porsche;
2;0;31;1:41.976;0;;21.844;0;32.470;0;47.662;0;161.1;1:24:21.004;12:24:21.004;0:21.844;0:32.470;0:47.662;214.3;Timo BERNHARD;;LMP1;H;Porsche LMP Team;Porsche;
2;0;32;1:37.647;0;;20.789;0;30.763;0;46.095;0;168.2;1:25:58.651;12:25:58.651;0:20.789;0:30.763;0:46.095;260.9;Timo BERNHARD;;LMP1;H;Porsche LMP Team;Porsche;
2;0;33;1:37.609;0;;20.760;1;30.347;1;46.502;0;168.3;1:27:36.260;12:27:36.260;0:20.760;0:30.347;0:46.502;258.4;Timo BERNHARD;;LMP1;H;Porsche LMP Team;Porsche;
2;0;34;1:39.263;0;;21.097;0;32.128;0;46.038;1;165.5;1:29:15.523;12:29:15.523;0:21.097;0:32.128;0:46.038;257.8;Timo BERNHARD;;LMP1;H;Porsche LMP Team;Porsche;
2;0;35;1:40.650;0;;23.776;0;30.685;0;46.189;0;163.2;1:30:56.173;12:30:56.173;0:23.776;0:30.685;0:46.189;272.0;Timo BERNHARD;;LMP1;H;Porsche LMP Team;Porsche;
24;1;1;2:03.728;0;;32.129;0;38.501;0;53.098;0;132.8;2:03.728;11:02:03.728;0:32.129;0:38.501;0:53.098;132.2;Ben HANLEY;0:00:10.594;LMP2;;CEFC Manor TRS Racing;Oreca;
24;1;2;2:07.600;0;B;28.682;0;37.101;0;1:01.817;0;128.7;4:11.328;11:04:11.328;0:28.682;0:37.101;1:01.817;254.7;Ben HANLEY;;LMP2;;CEFC Manor TRS Racing;Oreca;
24;1;3;12:53.880;0;;11:29.359;0;34.019;0;50.502;0;21.2;17:05.208;11:17:05.208;11:29.359;0:34.019;0:50.502;142.1;Ben HANLEY;0:11:11.659;LMP2;;CEFC Manor TRS Racing;Oreca;
24;1;4;1:44.806;0;;22.260;0;32.822;0;49.724;0;156.7;18:50.014;11:18:50.014;0:22.260;0:32.822;0:49.724;243.8;Ben HANLEY;;LMP2;;CEFC Manor TRS Racing;Oreca;
24;1;5;1:43.704;0;;21.996;0;32.423;0;49.285;2;158.4;20:33.718;11:20:33.718;0:21.996;0:32.423;0:49.285;256.5;Ben HANLEY;;LMP2;;CEFC Manor TRS Racing;Oreca;
24;1;6;1:43.533;2;;21.906;2;32.284;2;49.343;0;158.7;22:17.251;11:22:17.251;0:21.906;0:32.284;0:49.343;272.7;Ben HANLEY;;LMP2;;CEFC Manor TRS Racing;Oreca;
24;1;7;1:44.817;0;;22.049;0;32.680;0;50.088;0;156.7;24:02.068;11:24:02.068;0:22.049;0:32.680;0:50.088;272.0;Ben HANLEY;;LMP2;;CEFC Manor TRS Racing;Oreca;
24;1;8;1:53.584;0;B;21.981;0;33.361;0;58.242;0;144.6;25:55.652;11:25:55.652;0:21.981;0:33.361;0:58.242;272.0;Ben HANLEY;;LMP2;;CEFC Manor TRS Racing;Oreca;
24;1;9;4:21.314;0;;2:49.798;0;37.129;0;54.387;0;62.9;30:16.966;11:30:16.966;2:49.798;0:37.129;0:54.387;147.5;Ben HANLEY;0:02:30.675;LMP2;;CEFC Manor TRS Racing;Oreca;
24;1;10;1:49.583;0;;22.971;0;34.303;0;52.309;0;149.9;32:06.549;11:32:06.549;0:22.971;0:34.303;0:52.309;224.1;Ben HANLEY;;LMP2;;CEFC Manor TRS Racing;Oreca;
24;1;11;1:48.460;0;;23.111;0;33.906;0;51.443;0;151.5;33:55.009;11:33:55.009;0:23.111;0:33.906;0:51.443;223.1;Ben HANLEY;;LMP2;;CEFC Manor TRS Racing;Oreca;
24;1;12;1:47.021;0;;22.410;0;33.462;0;51.149;0;153.5;35:42.030;11:35:42.030;0:22.410;0:33.462;0:51.149;241.6;Ben HANLEY;;LMP2;;CEFC Manor TRS Racing;Oreca;
24;1;13;1:47.210;0;;22.251;0;33.625;0;51.334;0;153.2;37:29.240;11:37:29.240;0:22.251;0:33.625;0:51.334;253.5;Ben HANLEY;;LMP2;;CEFC Manor TRS Racing;Oreca;
24;1;14;1:47.068;0;;22.240;0;33.568;0;51.260;0;153.4;39:16.308;11:39:16.308;0:22.240;0:33.568;0:51.260;262.8;Ben HANLEY;;LMP2;;CEFC Manor TRS Racing;Oreca;
24;1;15;1:55.238;0;B;22.110;0;33.891;0;59.237;0;142.5;41:11.546;11:41:11.546;0:22.110;0:33.891;0:59.237;272.7;Ben HANLEY;;LMP2;;CEFC Manor TRS Racing;Oreca;
24;2;16;4:00.163;0;B;2:02.314;0;36.569;0;1:21.280;0;68.4;45:11.709;11:45:11.709;2:02.314;0:36.569;1:21.280;94.9;Jean-Eric VERGNE;0:01:39.244;LMP2;;CEFC Manor TRS Racing;Oreca;
24;2;17;4:39.755;0;;3:12.492;0;34.924;0;52.339;0;58.7;49:51.464;11:49:51.464;3:12.492;0:34.924;0:52.339;144.6;Jean-Eric VERGNE;0:02:52.812;LMP2;;CEFC Manor TRS Racing;Oreca;
24;2;18;1:47.423;0;;22.601;0;33.852;0;50.970;0;152.9;51:38.887;11:51:38.887;0:22.601;0:33.852;0:50.970;276.9;Jean-Eric VERGNE;;LMP2;;CEFC Manor TRS Racing;Oreca;
24;2;19;1:47.783;0;;22.732;0;33.073;0;51.978;0;152.4;53:26.670;11:53:26.670;0:22.732;0:33.073;0:51.978;228.3;Jean-Eric VERGNE;;LMP2;;CEFC Manor TRS Racing;Oreca;
24;2;20;1:45.823;0;;22.212;0;33.045;0;50.566;0;155.2;55:12.493;11:55:12.493;0:22.212;0:33.045;0:50.566;255.3;Jean-Eric VERGNE;;LMP2;;CEFC Manor TRS Racing;Oreca;
24;2;21;1:44.898;0;;21.972;0;32.824;0;50.102;1;156.6;56:57.391;11:56:57.391;0:21.972;0:32.824;0:50.102;265.4;Jean-Eric VERGNE;;LMP2;;CEFC Manor TRS Racing;Oreca;
24;2;22;1:45.360;0;;22.055;0;32.558;1;50.747;0;155.9;58:42.751;11:58:42.751;0:22.055;0:32.558;0:50.747;262.8;Jean-Eric VERGNE;;LMP2;;CEFC Manor TRS Racing;Oreca;
24;2;23;1:58.642;0;B;24.788;0;34.046;0;59.808;0;138.5;1:00:41.393;12:00:41.393;0:24.788;0:34.046;0:59.808;285.0;Jean-Eric VERGNE;;LMP2;;CEFC Manor TRS Racing;Oreca;
24;2;24;8:51.507;0;;7:25.011;0;34.139;0;52.357;0;30.9;1:09:32.900;12:09:32.900;7:25.011;0:34.139;0:52.357;140.1;Jean-Eric VERGNE;0:07:06.752;LMP2;;CEFC Manor TRS Racing;Oreca;
24;2;25;1:45.948;0;;22.251;0;32.839;0;50.858;0;155.0;1:11:18.848;12:11:18.848;0:22.251;0:32.839;0:50.858;241.6;Jean-Eric VERGNE;;LMP2;;CEFC Manor TRS Racing;Oreca;
24;2;26;1:46.753;0;;21.951;1;33.121;0;51.681;0;153.9;1:13:05.601;12:13:05.601;0:21.951;0:33.121;0:51.681;272.7;Jean-Eric VERGNE;;LMP2;;CEFC Manor TRS Racing;Oreca;
24;2;27;1:46.458;0;;22.036;0;33.305;0;51.117;0;154.3;1:14:52.059;12:14:52.059;0:22.036;0:33.305;0:51.117;274.1;Jean-Eric VERGNE;;LMP2;;CEFC Manor TRS Racing;Oreca;
24;2;28;1:50.200;0;;22.146;0;33.742;0;54.312;0;149.1;1:16:42.259;12:16:42.259;0:22.146;0:33.742;0:54.312;268.0;Jean-Eric VERGNE;;LMP2;;CEFC Manor TRS Racing;Oreca;
24;2;29;3:15.947;0;B;52.497;0;1:07.215;0;1:16.235;0;83.8;1:19:58.206;12:19:58.206;0:52.497;1:07.215;1:16.235;79.3;Jean-Eric VERGNE;;LMP2;;CEFC Manor TRS Racing;Oreca;
24;1;30;3:54.219;0;;2:24.113;0;36.271;0;53.835;0;70.1;1:23:52.425;12:23:52.425;2:24.113;0:36.271;0:53.835;141.4;Ben HANLEY;0:02:06.021;LMP2;;CEFC Manor TRS Racing;Oreca;
24;1;31;1:50.972;0;;22.961;0;34.510;0;53.501;0;148.0;1:25:43.397;12:25:43.397;0:22.961;0:34.510;0:53.501;234.8;Ben HANLEY;;LMP2;;CEFC Manor TRS Racing;Oreca;
24;1;32;1:50.367;0;;22.538;0;34.237;0;53.592;0;148.8;1:27:33.764;12:27:33.764;0:22.538;0:34.237;0:53.592;243.2;Ben HANLEY;;LMP2;;CEFC Manor TRS Racing;Oreca;
24;1;33;2:01.552;0;B;22.520;0;34.967;0;1:04.065;0;135.1;1:29:35.316;12:29:35.316;0:22.520;0:34.967;1:04.065;237.4;Ben HANLEY;;LMP2;;CEFC Manor TRS Racing;Oreca;
25;1;1;2:52.108;0;B;53.895;0;48.305;0;1:09.908;0;95.4;2:52.108;11:02:52.108;0:53.895;0:48.305;1:09.908;89.1;Simon TRUMMER;0:00:26.310;LMP2;;CEFC Manor TRS Racing;Oreca;
25;1;2;22:33.557;0;;20:55.046;0;39.218;0;59.293;0;12.1;25:25.665;11:25:25.665;20:55.046;0:39.218;0:59.293;112.4;Simon TRUMMER;0:20:34.418;LMP2;;CEFC Manor TRS Racing;Oreca;
25;1;3;1:47.220;0;;22.591;0;33.705;0;50.924;0;153.2;27:12.885;11:27:12.885;0:22.591;0:33.705;0:50.924;225.9;Simon TRUMMER;;LMP2;;CEFC Manor TRS Racing;Oreca;
25;1;4;1:45.950;0;;22.571;0;32.871;0;50.508;2;155.0;28:58.835;11:28:58.835;0:22.571;0:32.871;0:50.508;233.3;Simon TRUMMER;;LMP2;;CEFC Manor TRS Racing;Oreca;
25;1;5;1:46.773;0;;22.244;0;32.807;0;51.722;0;153.8;30:45.608;11:30:45.608;0:22.244;0:32.807;0:51.722;268.7;Simon TRUMMER;;LMP2;;CEFC Manor TRS Racing;Oreca;
25;1;6;1:52.995;0;;25.974;0;34.491;0;52.530;0;145.4;32:38.603;11:32:38.603;0:25.974;0:34.491;0:52.530;244.3;Simon TRUMMER;;LMP2;;CEFC Manor TRS Racing;Oreca;
25;1;7;1:46.401;0;;22.158;0;33.421;0;50.822;0;154.4;34:25.004;11:34:25.004;0:22.158;0:33.421;0:50.822;240.0;Simon TRUMMER;;LMP2;;CEFC Manor TRS Racing;Oreca;
25;1;8;1:46.152;0;;22.022;2;32.915;0;51.215;0;154.7;36:11.156;11:36:11.156;0:22.022;0:32.915;0:51.215;254.1;Simon TRUMMER;;LMP2;;CEFC Manor TRS Racing;Oreca;
25;1;9;1:45.228;2;;22.065;0;32.571;2;50.592;0;156.1;37:56.384;11:37:56.384;0:22.065;0:32.571;0:50.592;255.3;Simon TRUMMER;;LMP2;;CEFC Manor TRS Racing;Oreca;
25;1;10;1:58.436;0;B;22.148;0;33.634;0;1:02.654;0;138.7;39:54.820;11:39:54.820;0:22.148;0:33.634;1:02.654;269.3;Simon TRUMMER;;LMP2;;CEFC Manor TRS Racing;Oreca;
25;0;11;6:42.306;0;;4:13.607;0;57.221;0;1:31.478;0;40.8;46:37.126;11:46:37.126;4:13.607;0:57.221;1:31.478;113.1;Roberto GONZALEZ;0:03:52.021;LMP2;;CEFC Manor TRS Racing;Oreca;
25;0;12;2:45.459;0;;54.465;0;55.992;0;55.002;0;99.3;49:22.585;11:49:22.585;0:54.465;0:55.992;0:55.002;78.3;Roberto GONZALEZ;;LMP2;;CEFC Manor TRS Racing;Oreca;
25;0;13;1:56.891;0;;25.213;0;37.658;0;54.020;0;140.5;51:19.476;11:51:19.476;0:25.213;0:37.658;0:54.020;172.2;Roberto GONZALEZ;;LMP2;;CEFC Manor TRS Racing;Oreca;
25;0;14;1:53.668;0;;24.468;0;35.464;0;53.736;0;144.5;53:13.144;11:53:13.144;0:24.468;0:35.464;0:53.736;191.5;Roberto GONZALEZ;;LMP2;;CEFC Manor TRS Racing;Oreca;
25;0;15;1:51.774;0;;23.418;0;34.730;0;53.626;0;147.0;55:04.918;11:55:04.918;0:23.418;0:34.730;0:53.626;210.5;Roberto GONZALEZ;;LMP2;;CEFC Manor TRS Racing;Oreca;
25;0;16;1:49.523;0;;23.088;0;33.680;0;52.755;0;150.0;56:54.441;11:56:54.441;0:23.088;0:33.680;0:52.755;211.8;Roberto GONZALEZ;;LMP2;;CEFC Manor TRS Racing;Oreca;
25;0;17;1:51.870;0;;23.160;0;33.878;0;54.832;0;146.8;58:46.311;11:58:46.311;0:23.160;0:33.878;0:54.832;228.8;Roberto GONZALEZ;;LMP2;;CEFC Manor TRS Racing;Oreca;
25;0;18;1:49.833;0;;22.618;0;34.503;0;52.712;0;149.6;1:00:36.144;12:00:36.144;0:22.618;0:34.503;0:52.712;260.9;Roberto GONZALEZ;;LMP2;;CEFC Manor TRS Racing;Oreca;
25;0;19;1:49.549;0;;22.705;0;35.236;0;51.608;1;149.9;1:02:25.693;12:02:25.693;0:22.705;0:35.236;0:51.608;222.2;Roberto GONZALEZ;;LMP2;;CEFC Manor TRS Racing;Oreca;
25;0;20;1:49.843;0;;22.753;0;33.235;1;53.855;0;149.5;1:04:15.536;12:04:15.536;0:22.753;0:33.235;0:53.855;217.7;Roberto GONZALEZ;;LMP2;;CEFC Manor TRS Racing;Oreca;
25;0;21;1:48.950;0;;22.299;0;33.469;0;53.182;0;150.8;1:06:04.486;12:06:04.486;0:22.299;0:33.469;0:53.182;252.9;Roberto GONZALEZ;;LMP2;;CEFC Manor TRS Racing;Oreca;
25;0;22;1:48.511;0;;22.187;1;33.656;0;52.668;0;151.4;1:07:52.997;12:07:52.997;0:22.187;0:33.656;0:52.668;274.1;Roberto GONZALEZ;;LMP2;;CEFC Manor TRS Racing;Oreca;
25;0;23;1:50.660;0;;22.339;0;34.931;0;53.390;0;148.4;1:09:43.657;12:09:43.657;0:22.339;0:34.931;0:53.390;270.7;Roberto GONZALEZ;;LMP2;;CEFC Manor TRS Racing;Oreca;
25;0;24;2:01.087;0;B;22.832;0;35.407;0;1:02.848;0;135.7;1:11:44.744;12:11:44.744;0:22.832;0:35.407;1:02.848;247.1;Roberto GONZALEZ;;LMP2;;CEFC Manor TRS Racing;Oreca;
25;2;25;3:23.801;0;;1:54.286;0;36.831;0;52.684;0;80.6;1:15:08.545;12:15:08.545;1:54.286;0:36.831;0:52.684;116.8;Vitaly PETROV;0:01:34.967;LMP2;;CEFC Manor TRS Racing;Oreca;
25;2;26;2:20.293;0;B;26.285;0;34.128;0;1:19.880;0;117.1;1:17:28.838;12:17:28.838;0:26.285;0:34.128;1:19.880;222.7;Vitaly PETROV;;LMP2;;CEFC Manor TRS Racing;Oreca;
25;2;27;5:07.962;0;;3:37.098;0;35.371;0;55.493;0;53.3;1:22:36.800;12:22:36.800;3:37.098;0:35.371;0:55.493;138.5;Vitaly PETROV;0:03:18.870;LMP2;;CEFC Manor TRS Racing;Oreca;
25;2;28;1:47.767;0;;22.850;0;33.325;0;51.592;0;152.4;1:24:24.567;12:24:24.567;0:22.850;0:33.325;0:51.592;224.1;Vitaly PETROV;;LMP2;;CEFC Manor TRS Racing;Oreca;
25;2;29;1:49.624;0;;22.926;0;34.101;0;52.597;0;149.8;1:26:14.191;12:26:14.191;0:22.926;0:34.101;0:52.597;220.9;Vitaly PETROV;;LMP2;;CEFC Manor TRS Racing;Oreca;
25;2;30;1:45.904;0;;22.340;0;32.629;1;50.935;1;155.1;1:28:00.095;12:28:00.095;0:22.340;0:32.629;0:50.935;243.8;Vitaly PETROV;;LMP2;;CEFC Manor TRS Racing;Oreca;
25;2;31;1:46.948;0;;22.827;0;33.050;0;51.071;0;153.6;1:29:47.043;12:29:47.043;0:22.827;0:33.050;0:51.071;205.7;Vitaly PETROV;;LMP2;;CEFC Manor TRS Racing;Oreca;
25;2;32;1:55.068;0;B;22.339;1;32.861;0;59.868;0;142.8;1:31:42.111;12:31:42.111;0:22.339;0:32.861;0:59.868;251.2;Vitaly PETROV;;LMP2;;CEFC Manor TRS Racing;Oreca;
26;2;1;6:59.776;0;;5:34.432;0;34.514;0;50.830;0;39.1;6:59.776;11:06:59.776;5:34.432;0:34.514;0:50.830;126.9;James ROSSITER;0:05:12.942;LMP2;;G-Drive Racing;Oreca;
26;2;2;1:47.059;0;;22.734;0;33.907;0;50.418;0;153.4;8:46.835;11:08:46.835;0:22.734;0:33.907;0:50.418;211.8;James ROSSITER;;LMP2;;G-Drive Racing;Oreca;
26;2;3;1:44.613;0;;22.456;0;32.163;0;49.994;0;157.0;10:31.448;11:10:31.448;0:22.456;0:32.163;0:49.994;216.9;James ROSSITER;;LMP2;;G-Drive Racing;Oreca;
26;2;4;1:44.765;0;;22.316;0;32.447;0;50.002;0;156.8;12:16.213;11:12:16.213;0:22.316;0:32.447;0:50.002;225.9;James ROSSITER;;LMP2;;G-Drive Racing;Oreca;
26;2;5;1:44.003;0;;22.217;0;32.111;0;49.675;2;157.9;14:00.216;11:14:00.216;0:22.217;0:32.111;0:49.675;226.9;James ROSSITER;;LMP2;;G-Drive Racing;Oreca;
26;2;6;1:44.296;0;;22.210;0;32.073;0;50.013;0;157.5;15:44.512;11:15:44.512;0:22.210;0:32.073;0:50.013;239.5;James ROSSITER;;LMP2;;G-Drive Racing;Oreca;
26;2;7;1:43.912;2;;21.837;2;31.978;2;50.097;0;158.1;17:28.424;11:17:28.424;0:21.837;0:31.978;0:50.097;252.3;James ROSSITER;;LMP2;;G-Drive Racing;Oreca;
26;2;8;1:53.653;0;B;22.285;0;32.645;0;58.723;0;144.5;19:22.077;11:19:22.077;0:22.285;0:32.645;0:58.723;245.5;James ROSSITER;;LMP2;;G-Drive Racing;Oreca;
26;2;9;11:52.083;0;;10:26.831;0;34.097;0;51.155;0;23.1;31:14.160;11:31:14.160;10:26.831;0:34.097;0:51.155;125.7;James ROSSITER;0:10:07.489;LMP2;;G-Drive Racing;Oreca;
26;2;10;1:47.112;0;;22.200;0;33.889;0;51.023;0;153.4;33:01.272;11:33:01.272;0:22.200;0:33.889;0:51.023;244.3;James ROSSITER;;LMP2;;G-Drive Racing;Oreca;
26;2;11;1:47.469;0;;22.630;0;33.526;0;51.313;0;152.9;34:48.741;11:34:48.741;0:22.630;0:33.526;0:51.313;216.9;James ROSSITER;;LMP2;;G-Drive Racing;Oreca;
26;2;12;1:46.684;0;;22.670;0;33.127;0;50.887;0;154.0;36:35.425;11:36:35.425;0:22.670;0:33.127;0:50.887;215.6;James ROSSITER;;LMP2;;G-Drive Racing;Oreca;
26;2;13;1:46.920;0;;22.404;0;33.520;0;50.996;0;153.6;38:22.345;11:38:22.345;0:22.404;0:33.520;0:50.996;229.3;James ROSSITER;;LMP2;;G-Drive Racing;Oreca;
26;2;14;1:57.843;0;B;22.164;0;33.381;0;1:02.298;0;139.4;40:20.188;11:40:20.188;0:22.164;0:33.381;1:02.298;227.4;James ROSSITER;;LMP2;;G-Drive Racing;Oreca;
26;2;15;5:19.778;0;;3:23.629;0;33.775;0;1:22.374;0;51.4;45:39.966;11:45:39.966;3:23.629;0:33.775;1:22.374;140.6;James ROSSITER;0:03:05.025;LMP2;;G-Drive Racing;Oreca;
26;2;16;2:57.310;0;;51.905;0;1:06.454;0;58.951;0;92.6;48:37.276;11:48:37.276;0:51.905;1:06.454;0:58.951;79.6;James ROSSITER;;LMP2;;G-Drive Racing;Oreca;
26;2;17;1:50.054;0;;23.871;0;34.479;0;51.704;0;149.3;50:27.330;11:50:27.330;0:23.871;0:34.479;0:51.704;208.5;James ROSSITER;;LMP2;;G-Drive Racing;Oreca;
26;2;18;1:46.740;0;;22.501;0;33.312;0;50.927;0;153.9;52:14.070;11:52:14.070;0:22.501;0:33.312;0:50.927;228.3;James ROSSITER;;LMP2;;G-Drive Racing;Oreca;
26;2;19;1:45.623;0;;22.224;0;32.838;0;50.561;0;155.5;53:59.693;11:53:59.693;0:22.224;0:32.838;0:50.561;243.8;James ROSSITER;;LMP2;;G-Drive Racing;Oreca;
26;2;20;1:45.043;0;;22.183;0;32.784;0;50.076;0;156.4;55:44.736;11:55:44.736;0:22.183;0:32.784;0:50.076;233.3;James ROSSITER;;LMP2;;G-Drive Racing;Oreca;
26;2;21;1:54.668;0;B;22.426;0;32.488;0;59.754;0;143.3;57:39.404;11:57:39.404;0:22.426;0:32.488;0:59.754;237.9;James ROSSITER;;LMP2;;G-Drive Racing;Oreca;
26;0;22;5:22.763;0;;3:54.289;0;35.998;0;52.476;0;50.9;1:03:02.167;12:03:02.167;3:54.289;0:35.998;0:52.476;132.4;Roman RUSINOV;0:03:35.987;LMP2;;G-Drive Racing;Oreca;
26;0;23;1:48.383;0;;22.641;0;34.230;0;51.512;0;151.6;1:04:50.550;12:04:50.550;0:22.641;0:34.230;0:51.512;222.7;Roman RUSINOV;;LMP2;;G-Drive Racing;Oreca;
26;0;24;1:47.170;0;;22.901;0;33.462;0;50.807;1;153.3;1:06:37.720;12:06:37.720;0:22.901;0:33.462;0:50.807;220.4;Roman RUSINOV;;LMP2;;G-Drive Racing;Oreca;
26;0;25;1:46.762;0;;22.239;0;33.303;0;51.220;0;153.9;1:08:24.482;12:08:24.482;0:22.239;0:33.303;0:51.220;263.4;Roman RUSINOV;;LMP2;;G-Drive Racing;Oreca;
26;0;26;1:48.286;0;;23.297;0;33.690;0;51.299;0;151.7;1:10:12.768;12:10:12.768;0:23.297;0:33.690;0:51.299;256.5;Roman RUSINOV;;LMP2;;G-Drive Racing;Oreca;
26;0;27;1:46.452;0;;22.152;0;33.219;0;51.081;0;154.3;1:11:59.220;12:11:59.220;0:22.152;0:33.219;0:51.081;281.2;Roman RUSINOV;;LMP2;;G-Drive Racing;Oreca;
26;0;28;1:53.748;0;B;22.080;1;33.199;1;58.469;0;144.4;1:13:52.968;12:13:52.968;0:22.080;0:33.199;0:58.469;279.1;Roman RUSINOV;;LMP2;;G-Drive Racing;Oreca;
26;1;29;3:52.602;0;;1:52.458;0;35.542;0;1:24.602;0;70.6;1:17:45.570;12:17:45.570;1:52.458;0:35.542;1:24.602;148.4;Pierre THIRIET;0:01:34.343;LMP2;;G-Drive Racing;Oreca;
26;1;30;2:50.179;0;;57.805;0;58.058;0;54.316;0;96.5;1:20:35.749;12:20:35.749;0:57.805;0:58.058;0:54.316;79.7;Pierre THIRIET;;LMP2;;G-Drive Racing;Oreca;
26;1;31;1:50.229;0;;22.821;0;35.433;0;51.975;0;149.0;1:22:25.978;12:22:25.978;0:22.821;0:35.433;0:51.975;240.0;Pierre THIRIET;;LMP2;;G-Drive Racing;Oreca;
26;1;32;1:47.239;0;;22.314;1;33.808;0;51.117;1;153.2;1:24:13.217;12:24:13.217;0:22.314;0:33.808;0:51.117;264.7;Pierre THIRIET;;LMP2;;G-Drive Racing;Oreca;
26;1;33;1:56.152;0;;30.129;0;34.616;0;51.407;0;141.4;1:26:09.369;12:26:09.369;0:30.129;0:34.616;0:51.407;217.3;Pierre THIRIET;;LMP2;;G-Drive Racing;Oreca;
26;1;34;1:54.665;0;;27.034;0;34.421;0;53.210;0;143.3;1:28:04.034;12:28:04.034;0:27.034;0:34.421;0:53.210;268.7;Pierre THIRIET;;LMP2;;G-Drive Racing;Oreca;
26;1;35;1:48.587;0;;23.049;0;33.886;0;51.652;0;151.3;1:29:52.621;12:29:52.621;0:23.049;0:33.886;0:51.652;210.9;Pierre THIRIET;;LMP2;;G-Drive Racing;Oreca;
26;1;36;1:48.605;0;;23.231;0;33.773;1;51.601;0;151.3;1:31:41.226;12:31:41.226;0:23.231;0:33.773;0:51.601;220.9;Pierre THIRIET;;LMP2;;G-Drive Racing;Oreca;
28;1;1;4:31.421;0;;3:01.275;0;35.875;0;54.271;0;60.5;4:31.421;11:04:31.421;3:01.275;0:35.875;0:54.271;113.0;Matthieu VAXIVIERE;0:02:38.669;LMP2;;TDS Racing;Oreca;
28;1;2;1:46.245;0;;22.457;0;32.913;0;50.875;0;154.6;6:17.666;11:06:17.666;0:22.457;0:32.913;0:50.875;214.7;Matthieu VAXIVIERE;;LMP2;;TDS Racing;Oreca;
28;1;3;1:45.045;0;;22.679;0;32.232;0;50.134;0;156.4;8:02.711;11:08:02.711;0:22.679;0:32.232;0:50.134;245.5;Matthieu VAXIVIERE;;LMP2;;TDS Racing;Oreca;
28;1;4;1:46.056;0;;22.127;0;33.419;0;50.510;0;154.9;9:48.767;11:09:48.767;0:22.127;0:33.419;0:50.510;246.6;Matthieu VAXIVIERE;;LMP2;;TDS Racing;Oreca;
28;1;5;1:47.587;0;;22.954;0;34.284;0;50.349;0;152.7;11:36.354;11:11:36.354;0:22.954;0:34.284;0:50.349;211.4;Matthieu VAXIVIERE;;LMP2;;TDS Racing;Oreca;
28;1;6;1:44.278;0;;21.919;0;32.148;0;50.211;0;157.5;13:20.632;11:13:20.632;0:21.919;0:32.148;0:50.211;259.0;Matthieu VAXIVIERE;;LMP2;;TDS Racing;Oreca;
28;1;7;1:43.225;2;;21.805;0;31.979;0;49.441;2;159.1;15:03.857;11:15:03.857;0:21.805;0:31.979;0:49.441;280.5;Matthieu VAXIVIERE;;LMP2;;TDS Racing;Oreca;
28;1;8;1:54.962;0;B;22.392;0;34.368;0;58.202;0;142.9;16:58.819;11:16:58.819;0:22.392;0:34.368;0:58.202;232.3;Matthieu VAXIVIERE;;LMP2;;TDS Racing;Oreca;
28;1;9;6:46.732;0;;5:23.115;0;33.050;0;50.567;0;40.4;23:45.551;11:23:45.551;5:23.115;0:33.050;0:50.567;132.8;Matthieu VAXIVIERE;0:05:04.411;LMP2;;TDS Racing;Oreca;
28;1;10;1:43.670;0;;21.833;0;31.915;2;49.922;0;158.5;25:29.221;11:25:29.221;0:21.833;0:31.915;0:49.922;286.5;Matthieu VAXIVIERE;;LMP2;;TDS Racing;Oreca;
28;1;11;1:52.701;0;B;21.712;2;32.264;0;58.725;0;145.8;27:21.922;11:27:21.922;0:21.712;0:32.264;0:58.725;285.7;Matthieu VAXIVIERE;;LMP2;;TDS Racing;Oreca;
28;0;12;3:51.088;0;;2:20.125;0;36.698;0;54.265;0;71.1;31:13.010;11:31:13.010;2:20.125;0:36.698;0:54.265;124.6;François PERRODO;0:02:00.219;LMP2;;TDS Racing;Oreca;
28;0;13;1:50.615;0;;23.051;0;36.024;0;51.540;0;148.5;33:03.625;11:33:03.625;0:23.051;0:36.024;0:51.540;241.6;François PERRODO;;LMP2;;TDS Racing;Oreca;
28;0;14;1:47.991;0;;22.963;0;33.637;0;51.391;0;152.1;34:51.616;11:34:51.616;0:22.963;0:33.637;0:51.391;230.3;François PERRODO;;LMP2;;TDS Racing;Oreca;
28;0;15;1:48.277;0;;22.665;0;33.554;0;52.058;0;151.7;36:39.893;11:36:39.893;0:22.665;0:33.554;0:52.058;254.7;François PERRODO;;LMP2;;TDS Racing;Oreca;
28;0;16;1:48.079;0;;22.838;0;33.354;0;51.887;0;152.0;38:27.972;11:38:27.972;0:22.838;0:33.354;0:51.887;248.3;François PERRODO;;LMP2;;TDS Racing;Oreca;
28;0;17;1:47.996;0;;22.375;0;33.333;0;52.288;0;152.1;40:15.968;11:40:15.968;0:22.375;0:33.333;0:52.288;254.1;François PERRODO;;LMP2;;TDS Racing;Oreca;
28;0;18;1:47.125;0;;22.454;0;33.293;0;51.378;1;153.3;42:03.093;11:42:03.093;0:22.454;0:33.293;0:51.378;252.9;François PERRODO;;LMP2;;TDS Racing;Oreca;
28;0;19;1:48.408;0;;22.393;0;33.193;1;52.822;0;151.5;43:51.501;11:43:51.501;0:22.393;0:33.193;0:52.822;246.0;François PERRODO;;LMP2;;TDS Racing;Oreca;
28;0;20;2:46.878;0;;22.459;0;52.479;0;1:31.940;0;98.4;46:38.379;11:46:38.379;0:22.459;0:52.479;1:31.940;254.1;François PERRODO;;LMP2;;TDS Racing;Oreca;
28;0;21;2:40.643;0;;53.833;0;52.982;0;53.828;0;102.3;49:19.022;11:49:19.022;0:53.833;0:52.982;0:53.828;78.6;François PERRODO;;LMP2;;TDS Racing;Oreca;
28;0;22;1:49.439;0;;22.917;0;34.670;0;51.852;0;150.1;51:08.461;11:51:08.461;0:22.917;0:34.670;0:51.852;214.3;François PERRODO;;LMP2;;TDS Racing;Oreca;
28;0;23;1:46.954;0;;22.216;0;33.195;0;51.543;0;153.6;52:55.415;11:52:55.415;0:22.216;0:33.195;0:51.543;280.5;François PERRODO;;LMP2;;TDS Racing;Oreca;
28;0;24;1:48.422;0;;22.120;1;33.351;0;52.951;0;151.5;54:43.837;11:54:43.837;0:22.120;0:33.351;0:52.951;285.0;François PERRODO;;LMP2;;TDS Racing;Oreca;
28;0;25;1:59.545;0;B;22.734;0;36.144;0;1:00.667;0;137.4;56:43.382;11:56:43.382;0:22.734;0:36.144;1:00.667;231.8;François PERRODO;;LMP2;;TDS Racing;Oreca;
28;2;26;3:29.597;0;;2:02.081;0;34.601;0;52.915;0;78.4;1:00:12.979;12:00:12.979;2:02.081;0:34.601;0:52.915;142.5;Emmanuel COLLARD;0:01:43.850;LMP2;;TDS Racing;Oreca;
28;2;27;1:47.644;0;;22.819;0;33.488;0;51.337;0;152.6;1:02:00.623;12:02:00.623;0:22.819;0:33.488;0:51.337;213.9;Emmanuel COLLARD;;LMP2;;TDS Racing;Oreca;
28;2;28;1:46.194;0;;22.390;0;32.951;0;50.853;1;154.7;1:03:46.817;12:03:46.817;0:22.390;0:32.951;0:50.853;242.7;Emmanuel COLLARD;;LMP2;;TDS Racing;Oreca;
28;2;29;1:46.562;0;;22.208;1;33.028;0;51.326;0;154.2;1:05:33.379;12:05:33.379;0:22.208;0:33.028;0:51.326;246.6;Emmanuel COLLARD;;LMP2;;TDS Racing;Oreca;
28;2;30;1:46.374;0;;22.389;0;32.903;1;51.082;0;154.4;1:07:19.753;12:07:19.753;0:22.389;0:32.903;0:51.082;260.2;Emmanuel COLLARD;;LMP2;;TDS Racing;Oreca;
28;2;31;2:02.638;0;B;26.174;0;34.427;0;1:02.037;0;133.9;1:09:22.391;12:09:22.391;0:26.174;0:34.427;1:02.037;268.0;Emmanuel COLLARD;;LMP2;;TDS Racing;Oreca;
28;2;32;6:22.241;0;;4:56.162;0;34.266;0;51.813;0;43.0;1:15:44.632;12:15:44.632;4:56.162;0:34.266;0:51.813;143.6;Emmanuel COLLARD;0:04:38.586;LMP2;;TDS Racing;Oreca;
28;2;33;2:41.065;0;;22.709;0;50.570;0;1:27.786;0;102.0;1:18:25.697;12:18:25.697;0:22.709;0:50.570;1:27.786;230.8;Emmanuel COLLARD;;LMP2;;TDS Racing;Oreca;
28;2;34;2:26.025;0;;53.642;0;40.424;0;51.959;0;112.5;1:20:51.722;12:20:51.722;0:53.642;0:40.424;0:51.959;78.9;Emmanuel COLLARD;;LMP2;;TDS Racing;Oreca;
28;2;35;1:47.591;0;;22.473;0;33.591;0;51.527;0;152.7;1:22:39.313;12:22:39.313;0:22.473;0:33.591;0:51.527;254.7;Emmanuel COLLARD;;LMP2;;TDS Racing;Oreca;
28;2;36;1:57.786;0;B;23.184;0;34.399;0;1:00.203;0;139.5;1:24:37.099;12:24:37.099;0:23.184;0:34.399;1:00.203;191.2;Emmanuel COLLARD;;LMP2;;TDS Racing;Oreca;
28;2;37;5:47.156;0;;4:21.239;0;34.219;0;51.698;0;47.3;1:30:24.255;12:30:24.255;4:21.239;0:34.219;0:51.698;143.6;Emmanuel COLLARD;0:04:03.085;LMP2;;TDS Racing;Oreca;
31;0;1;5:36.752;0;;4:00.437;0;37.651;0;58.664;0;48.8;5:36.752;11:05:36.752;4:00.437;0:37.651;0:58.664;129.0;Julien CANAL;0:03:38.380;LMP2;;Vaillante Rebellion;Oreca;
31;0;2;1:53.284;0;;23.604;0;34.984;0;54.696;0;145.0;7:30.036;11:07:30.036;0:23.604;0:34.984;0:54.696;194.2;Julien CANAL;;LMP2;;Vaillante Rebellion;Oreca;
31;0;3;1:49.424;0;;23.145;0;33.932;0;52.347;0;150.1;9:19.460;11:09:19.460;0:23.145;0:33.932;0:52.347;207.3;Julien CANAL;;LMP2;;Vaillante Rebellion;Oreca;
31;0;4;1:46.612;0;;22.737;0;33.330;0;50.545;0;154.1;11:06.072;11:11:06.072;0:22.737;0:33.330;0:50.545;226.4;Julien CANAL;;LMP2;;Vaillante Rebellion;Oreca;
31;0;5;1:45.794;0;;22.282;0;33.174;0;50.338;1;155.3;12:51.866;11:12:51.866;0:22.282;0:33.174;0:50.338;245.5;Julien CANAL;;LMP2;;Vaillante Rebellion;Oreca;
31;0;6;1:46.963;0;;22.012;0;34.442;0;50.509;0;153.6;14:38.829;11:14:38.829;0:22.012;0:34.442;0:50.509;263.4;Julien CANAL;;LMP2;;Vaillante Rebellion;Oreca;
31;0;7;1:54.926;0;B;22.042;0;32.679;1;1:00.205;0;142.9;16:33.755;11:16:33.755;0:22.042;0:32.679;1:00.205;272.0;Julien CANAL;;LMP2;;Vaillante Rebellion;Oreca;
31;0;8;7:28.130;0;;6:01.368;0;34.972;0;51.790;0;36.7;24:01.885;11:24:01.885;6:01.368;0:34.972;0:51.790;140.3;Julien CANAL;0:05:43.256;LMP2;;Vaillante Rebellion;Oreca;
31;0;9;1:46.838;0;;21.834;1;33.915;0;51.089;0;153.8;25:48.723;11:25:48.723;0:21.834;0:33.915;0:51.089;267.3;Julien CANAL;;LMP2;;Vaillante Rebellion;Oreca;
31;0;10;2:01.805;0;B;23.973;0;33.838;0;1:03.994;0;134.9;27:50.528;11:27:50.528;0:23.973;0:33.838;1:03.994;284.2;Julien CANAL;;LMP2;;Vaillante Rebellion;Oreca;
31;1;11;4:25.479;0;;2:57.560;0;35.656;0;52.263;0;61.9;32:16.007;11:32:16.007;2:57.560;0:35.656;0:52.263;142.1;Nicolas PROST;0:02:39.722;LMP2;;Vaillante Rebellion;Oreca;
31;1;12;1:47.195;0;;22.587;0;33.121;0;51.487;0;153.2;34:03.202;11:34:03.202;0:22.587;0:33.121;0:51.487;222.7;Nicolas PROST;;LMP2;;Vaillante Rebellion;Oreca;
31;1;13;1:47.504;0;;22.262;0;34.039;0;51.203;0;152.8;35:50.706;11:35:50.706;0:22.262;0:34.039;0:51.203;238.4;Nicolas PROST;;LMP2;;Vaillante Rebellion;Oreca;
31;1;14;1:45.719;0;;22.142;0;32.778;0;50.799;0;155.4;37:36.425;11:37:36.425;0:22.142;0:32.778;0:50.799;246.0;Nicolas PROST;;LMP2;;Vaillante Rebellion;Oreca;
31;1;15;1:46.771;0;;22.270;0;33.034;0;51.467;0;153.9;39:23.196;11:39:23.196;0:22.270;0:33.034;0:51.467;227.8;Nicolas PROST;;LMP2;;Vaillante Rebellion;Oreca;
31;1;16;1:55.474;0;B;22.372;0;33.606;0;59.496;0;142.3;41:18.670;11:41:18.670;0:22.372;0:33.606;0:59.496;222.7;Nicolas PROST;;LMP2;;Vaillante Rebellion;Oreca;
31;1;17;11:32.949;0;;10:07.814;0;33.871;0;51.264;0;23.7;52:51.619;11:52:51.619;10:07.814;0:33.871;0:51.264;141.9;Nicolas PROST;0:09:49.769;LMP2;;Vaillante Rebellion;Oreca;
31;1;18;1:45.121;0;;21.921;0;32.466;0;50.734;0;156.3;54:36.740;11:54:36.740;0:21.921;0:32.466;0:50.734;251.7;Nicolas PROST;;LMP2;;Vaillante Rebellion;Oreca;
31;1;19;1:44.287;2;;21.749;1;32.257;2;50.281;1;157.5;56:21.027;11:56:21.027;0:21.749;0:32.257;0:50.281;258.4;Nicolas PROST;;LMP2;;Vaillante Rebellion;Oreca;
31;1;20;1:58.874;0;B;21.916;0;37.873;0;59.085;0;138.2;58:19.901;11:58:19.901;0:21.916;0:37.873;0:59.085;262.8;Nicolas PROST;;LMP2;;Vaillante Rebellion;Oreca;
31;1;21;6:28.521;0;;5:04.341;0;33.823;0;50.357;0;42.3;1:04:48.422;12:04:48.422;5:04.341;0:33.823;0:50.357;144.0;Nicolas PROST;0:04:46.490;LMP2;;Vaillante Rebellion;Oreca;
31;1;22;1:46.235;0;;22.091;0;33.691;0;50.453;0;154.6;1:06:34.657;12:06:34.657;0:22.091;0:33.691;0:50.453;251.7;Nicolas PROST;;LMP2;;Vaillante Rebellion;Oreca;
31;1;23;1:45.123;0;;21.782;0;32.708;0;50.633;0;156.3;1:08:19.780;12:08:19.780;0:21.782;0:32.708;0:50.633;260.9;Nicolas PROST;;LMP2;;Vaillante Rebellion;Oreca;
31;1;24;1:58.886;0;B;27.469;0;33.436;0;57.981;0;138.2;1:10:18.666;12:10:18.666;0:27.469;0:33.436;0:57.981;225.0;Nicolas PROST;;LMP2;;Vaillante Rebellion;Oreca;
31;2;25;3:26.150;0;;1:59.689;0;34.556;0;51.905;0;79.7;1:13:44.816;12:13:44.816;1:59.689;0:34.556;0:51.905;136.0;Bruno SENNA;0:01:38.286;LMP2;;Vaillante Rebellion;Oreca;
31;2;26;1:46.122;0;;21.996;0;33.207;0;50.919;0;154.8;1:15:30.938;12:15:30.938;0:21.996;0:33.207;0:50.919;272.7;Bruno SENNA;;LMP2;;Vaillante Rebellion;Oreca;
31;2;27;2:19.106;0;;22.033;0;33.871;0;1:23.202;0;118.1;1:17:50.044;12:17:50.044;0:22.033;0:33.871;1:23.202;269.3;Bruno SENNA;;LMP2;;Vaillante Rebellion;Oreca;
31;2;28;2:41.612;0;;53.872;0;56.128;0;51.612;0;101.6;1:20:31.656;12:20:31.656;0:53.872;0:56.128;0:51.612;80.4;Bruno SENNA;;LMP2;;Vaillante Rebellion;Oreca;
31;2;29;1:47.114;0;;22.706;0;33.188;0;51.220;0;153.4;1:22:18.770;12:22:18.770;0:22.706;0:33.188;0:51.220;288.0;Bruno SENNA;;LMP2;;Vaillante Rebellion;Oreca;
31;2;30;1:44.822;0;;21.858;0;32.775;1;50.189;2;156.7;1:24:03.592;12:24:03.592;0:21.858;0:32.775;0:50.189;270.7;Bruno SENNA;;LMP2;;Vaillante Rebellion;Oreca;
31;2;31;1:46.443;0;;22.231;0;32.946;0;51.266;0;154.3;1:25:50.035;12:25:50.035;0:22.231;0:32.946;0:51.266;251.2;Bruno SENNA;;LMP2;;Vaillante Rebellion;Oreca;
31;2;32;1:46.006;0;;22.016;0;33.597;0;50.393;0;155.0;1:27:36.041;12:27:36.041;0:22.016;0:33.597;0:50.393;273.4;Bruno SENNA;;LMP2;;Vaillante Rebellion;Oreca;
31;2;33;1:46.483;0;;21.995;0;33.558;0;50.930;0;154.3;1:29:22.524;12:29:22.524;0:21.995;0:33.558;0:50.930;264.7;Bruno SENNA;;LMP2;;Vaillante Rebellion;Oreca;
31;2;34;1:53.597;0;B;21.728;2;33.035;0;58.834;0;144.6;1:31:16.121;12:31:16.121;0:21.728;0:33.035;0:58.834;279.8;Bruno SENNA;;LMP2;;Vaillante Rebellion;Oreca;
36;1;1;8:55.679;0;B;7:22.094;0;33.780;0;59.805;0;30.7;8:55.679;11:08:55.679;7:22.094;0:33.780;0:59.805;144.0;Gustavo MENEZES;0:07:01.761;LMP2;;Signatech Alpine Matmut;Alpine;
36;1;2;16:57.122;0;;15:35.025;0;32.428;0;49.669;2;16.2;25:52.801;11:25:52.801;15:35.025;0:32.428;0:49.669;151.9;Gustavo MENEZES;0:15:18.391;LMP2;;Signatech Alpine Matmut;Alpine;
36;1;3;1:44.803;0;;22.019;0;32.192;0;50.592;0;156.7;27:37.604;11:27:37.604;0:22.019;0:32.192;0:50.592;268.0;Gustavo MENEZES;;LMP2;;Signatech Alpine Matmut;Alpine;
36;1;4;1:43.727;2;;21.835;2;31.942;2;49.950;0;158.4;29:21.331;11:29:21.331;0:21.835;0:31.942;0:49.950;279.8;Gustavo MENEZES;;LMP2;;Signatech Alpine Matmut;Alpine;
36;1;5;1:45.697;0;;22.197;0;33.414;0;50.086;0;155.4;31:07.028;11:31:07.028;0:22.197;0:33.414;0:50.086;270.7;Gustavo MENEZES;;LMP2;;Signatech Alpine Matmut;Alpine;
36;1;6;1:47.285;0;;24.035;0;32.835;0;50.415;0;153.1;32:54.313;11:32:54.313;0:24.035;0:32.835;0:50.415;290.3;Gustavo MENEZES;;LMP2;;Signatech Alpine Matmut;Alpine;
36;1;7;1:45.883;0;;22.119;0;33.610;0;50.154;0;155.1;34:40.196;11:34:40.196;0:22.119;0:33.610;0:50.154;257.1;Gustavo MENEZES;;LMP2;;Signatech Alpine Matmut;Alpine;
36;1;8;1:44.947;0;;22.054;0;32.763;0;50.130;0;156.5;36:25.143;11:36:25.143;0:22.054;0:32.763;0:50.130;270.7;Gustavo MENEZES;;LMP2;;Signatech Alpine Matmut;Alpine;
36;1;9;1:44.736;0;;22.039;0;32.285;0;50.412;0;156.8;38:09.879;11:38:09.879;0:22.039;0:32.285;0:50.412;274.1;Gustavo MENEZES;;LMP2;;Signatech Alpine Matmut;Alpine;
36;1;10;1:58.291;0;B;25.612;0;32.834;0;59.845;0;138.9;40:08.170;11:40:08.170;0:25.612;0:32.834;0:59.845;280.5;Gustavo MENEZES;;LMP2;;Signatech Alpine Matmut;Alpine;
36;2;11;11:44.192;0;;10:17.056;0;34.670;0;52.466;0;23.3;51:52.362;11:51:52.362;10:17.056;0:34.670;0:52.466;147.9;André NEGRÃO;0:09:58.920;LMP2;;Signatech Alpine Matmut;Alpine;
36;2;12;1:49.104;0;;23.893;0;33.807;0;51.404;0;150.6;53:41.466;11:53:41.466;0:23.893;0:33.807;0:51.404;270.7;André NEGRÃO;;LMP2;;Signatech Alpine Matmut;Alpine;
36;2;13;1:48.933;0;;23.241;0;34.110;0;51.582;0;150.8;55:30.399;11:55:30.399;0:23.241;0:34.110;0:51.582;228.3;André NEGRÃO;;LMP2;;Signatech Alpine Matmut;Alpine;
36;2;14;1:49.004;0;;23.213;0;34.130;0;51.661;0;150.7;57:19.403;11:57:19.403;0:23.213;0:34.130;0:51.661;224.1;André NEGRÃO;;LMP2;;Signatech Alpine Matmut;Alpine;
36;2;15;1:46.929;0;;22.174;0;33.569;0;51.186;0;153.6;59:06.332;11:59:06.332;0:22.174;0:33.569;0:51.186;258.4;André NEGRÃO;;LMP2;;Signatech Alpine Matmut;Alpine;
36;2;16;1:55.219;0;B;22.369;0;33.035;0;59.815;0;142.6;1:01:01.551;12:01:01.551;0:22.369;0:33.035;0:59.815;267.3;André NEGRÃO;;LMP2;;Signatech Alpine Matmut;Alpine;
36;2;17;4:51.676;0;;3:27.259;0;33.003;0;51.414;0;56.3;1:05:53.227;12:05:53.227;3:27.259;0:33.003;0:51.414;148.4;André NEGRÃO;0:03:09.500;LMP2;;Signatech Alpine Matmut;Alpine;
36;2;18;1:45.766;0;;22.101;0;32.756;0;50.909;1;155.3;1:07:38.993;12:07:38.993;0:22.101;0:32.756;0:50.909;257.8;André NEGRÃO;;LMP2;;Signatech Alpine Matmut;Alpine;
36;2;19;1:45.567;0;;21.875;1;32.514;1;51.178;0;155.6;1:09:24.560;12:09:24.560;0:21.875;0:32.514;0:51.178;274.8;André NEGRÃO;;LMP2;;Signatech Alpine Matmut;Alpine;
36;2;20;1:53.999;0;B;21.951;0;32.978;0;59.070;0;144.1;1:11:18.559;12:11:18.559;0:21.951;0:32.978;0:59.070;285.0;André NEGRÃO;;LMP2;;Signatech Alpine Matmut;Alpine;
36;0;21;2:59.062;0;;1:33.371;0;33.800;0;51.891;0;91.7;1:14:17.621;12:14:17.621;1:33.371;0:33.800;0:51.891;145.9;Nicolas LAPIERRE;0:01:14.961;LMP2;;Signatech Alpine Matmut;Alpine;
36;0;22;1:47.270;0;;22.181;1;34.133;0;50.956;1;153.1;1:16:04.891;12:16:04.891;0:22.181;0:34.133;0:50.956;252.9;Nicolas LAPIERRE;;LMP2;;Signatech Alpine Matmut;Alpine;
36;0;23;2:57.147;0;B;22.646;0;1:05.376;0;1:29.125;0;92.7;1:19:02.038;12:19:02.038;0:22.646;1:05.376;1:29.125;243.2;Nicolas LAPIERRE;;LMP2;;Signatech Alpine Matmut;Alpine;
36;0;24;2:57.273;0;;1:30.520;0;34.471;0;52.282;0;92.7;1:21:59.311;12:21:59.311;1:30.520;0:34.471;0:52.282;142.1;Nicolas LAPIERRE;0:01:11.842;LMP2;;Signatech Alpine Matmut;Alpine;
36;0;25;1:56.860;0;;29.283;0;34.942;0;52.635;0;140.6;1:23:56.171;12:23:56.171;0:29.283;0:34.942;0:52.635;260.9;Nicolas LAPIERRE;;LMP2;;Signatech Alpine Matmut;Alpine;
36;0;26;2:04.464;0;B;23.088;0;36.729;0;1:04.647;0;132.0;1:26:00.635;12:26:00.635;0:23.088;0:36.729;1:04.647;201.5;Nicolas LAPIERRE;;LMP2;;Signatech Alpine Matmut;Alpine;
36;0;27;2:57.053;0;;1:28.994;0;35.267;0;52.792;0;92.8;1:28:57.688;12:28:57.688;1:28.994;0:35.267;0:52.792;105.7;Nicolas LAPIERRE;0:01:08.168;LMP2;;Signatech Alpine Matmut;Alpine;
36;0;28;1:48.877;0;;22.650;0;33.385;1;52.842;0;150.9;1:30:46.565;12:30:46.565;0:22.650;0:33.385;0:52.842;233.3;Nicolas LAPIERRE;;LMP2;;Signatech Alpine Matmut;Alpine;
37;1;1;2:32.126;0;;1:00.312;0;36.592;0;55.222;0;108.0;2:32.126;11:02:32.126;1:00.312;0:36.592;0:55.222;139.5;Alex BRUNDLE;0:00:39.544;LMP2;;Jackie Chan DC Racing;Oreca;
37;1;2;2:00.788;0;B;22.774;0;34.588;0;1:03.426;0;136.0;4:32.914;11:04:32.914;0:22.774;0:34.588;1:03.426;220.4;Alex BRUNDLE;;LMP2;;Jackie Chan DC Racing;Oreca;
37;1;3;7:27.787;0;;6:04.995;0;32.749;0;50.043;0;36.7;12:00.701;11:12:00.701;6:04.995;0:32.749;0:50.043;146.5;Alex BRUNDLE;0:05:47.332;LMP2;;Jackie Chan DC Racing;Oreca;
37;1;4;1:43.233;0;;21.901;0;31.801;2;49.531;0;159.1;13:43.934;11:13:43.934;0:21.901;0:31.801;0:49.531;247.1;Alex BRUNDLE;;LMP2;;Jackie Chan DC Racing;Oreca;
37;1;5;1:43.563;0;;21.815;0;31.938;0;49.810;0;158.6;15:27.497;11:15:27.497;0:21.815;0:31.938;0:49.810;260.9;Alex BRUNDLE;;LMP2;;Jackie Chan DC Racing;Oreca;
37;1;6;1:44.080;0;;22.130;0;32.319;0;49.631;0;157.8;17:11.577;11:17:11.577;0:22.130;0:32.319;0:49.631;240.0;Alex BRUNDLE;;LMP2;;Jackie Chan DC Racing;Oreca;
37;1;7;1:43.671;0;;21.868;0;31.957;0;49.846;0;158.5;18:55.248;11:18:55.248;0:21.868;0:31.957;0:49.846;257.8;Alex BRUNDLE;;LMP2;;Jackie Chan DC Racing;Oreca;
37;1;8;1:51.868;0;B;21.813;0;32.121;0;57.934;0;146.8;20:47.116;11:20:47.116;0:21.813;0:32.121;0:57.934;276.2;Alex BRUNDLE;;LMP2;;Jackie Chan DC Racing;Oreca;
37;1;9;3:31.169;0;;2:06.488;0;33.409;0;51.272;0;77.8;24:18.285;11:24:18.285;2:06.488;0:33.409;0:51.272;146.1;Alex BRUNDLE;0:01:48.345;LMP2;;Jackie Chan DC Racing;Oreca;
37;1;10;1:44.718;0;;21.953;0;32.676;0;50.089;0;156.9;26:03.003;11:26:03.003;0:21.953;0:32.676;0:50.089;257.8;Alex BRUNDLE;;LMP2;;Jackie Chan DC Racing;Oreca;
37;1;11;1:52.495;0;;21.612;0;40.681;0;50.202;0;146.0;27:55.498;11:27:55.498;0:21.612;0:40.681;0:50.202;267.3;Alex BRUNDLE;;LMP2;;Jackie Chan DC Racing;Oreca;
37;1;12;1:46.867;0;;24.208;0;32.692;0;49.967;0;153.7;29:42.365;11:29:42.365;0:24.208;0:32.692;0:49.967;278.4;Alex BRUNDLE;;LMP2;;Jackie Chan DC Racing;Oreca;
37;1;13;1:43.221;0;;21.580;0;32.116;0;49.525;0;159.1;31:25.586;11:31:25.586;0:21.580;0:32.116;0:49.525;272.7;Alex BRUNDLE;;LMP2;;Jackie Chan DC Racing;Oreca;
37;1;14;1:42.735;2;;21.715;0;31.894;0;49.126;2;159.9;33:08.321;11:33:08.321;0:21.715;0:31.894;0:49.126;262.8;Alex BRUNDLE;;LMP2;;Jackie Chan DC Racing;Oreca;
37;1;15;1:52.401;0;B;21.543;2;32.226;0;58.632;0;146.1;35:00.722;11:35:00.722;0:21.543;0:32.226;0:58.632;261.5;Alex BRUNDLE;;LMP2;;Jackie Chan DC Racing;Oreca;
37;0;16;4:39.358;0;;3:00.842;0;38.897;0;59.619;0;58.8;39:40.080;11:39:40.080;3:00.842;0:38.897;0:59.619;104.2;David CHENG;0:02:38.662;LMP2;;Jackie Chan DC Racing;Oreca;
37;0;17;1:53.294;0;;22.254;0;36.204;0;54.836;0;145.0;41:33.374;11:41:33.374;0:22.254;0:36.204;0:54.836;271.4;David CHENG;;LMP2;;Jackie Chan DC Racing;Oreca;
37;0;18;1:56.893;0;;28.744;0;35.771;0;52.378;0;140.5;43:30.267;11:43:30.267;0:28.744;0:35.771;0:52.378;287.2;David CHENG;;LMP2;;Jackie Chan DC Racing;Oreca;
37;0;19;2:24.498;0;;22.544;0;35.865;0;1:26.089;0;113.7;45:54.765;11:45:54.765;0:22.544;0:35.865;1:26.089;237.4;David CHENG;;LMP2;;Jackie Chan DC Racing;Oreca;
37;0;20;3:01.125;0;;52.890;0;1:08.149;0;1:00.086;0;90.7;48:55.890;11:48:55.890;0:52.890;1:08.149;1:00.086;80.5;David CHENG;;LMP2;;Jackie Chan DC Racing;Oreca;
37;0;21;2:06.063;0;;36.205;0;36.616;0;53.242;0;130.3;51:01.953;11:51:01.953;0:36.205;0:36.616;0:53.242;270.7;David CHENG;;LMP2;;Jackie Chan DC Racing;Oreca;
37;0;22;1:50.905;0;;22.849;0;34.854;0;53.202;0;148.1;52:52.858;11:52:52.858;0:22.849;0:34.854;0:53.202;236.8;David CHENG;;LMP2;;Jackie Chan DC Racing;Oreca;
37;0;23;1:50.521;0;;22.776;0;34.515;0;53.230;0;148.6;54:43.379;11:54:43.379;0:22.776;0:34.515;0:53.230;243.2;David CHENG;;LMP2;;Jackie Chan DC Racing;Oreca;
37;0;24;1:50.663;0;;22.901;0;34.873;0;52.889;0;148.4;56:34.042;11:56:34.042;0:22.901;0:34.873;0:52.889;246.0;David CHENG;;LMP2;;Jackie Chan DC Racing;Oreca;
37;0;25;1:48.221;0;;22.291;0;33.967;0;51.963;0;151.8;58:22.263;11:58:22.263;0:22.291;0:33.967;0:51.963;254.7;David CHENG;;LMP2;;Jackie Chan DC Racing;Oreca;
37;0;26;1:47.922;0;;22.600;0;33.760;0;51.562;0;152.2;1:00:10.185;12:00:10.185;0:22.600;0:33.760;0:51.562;254.7;David CHENG;;LMP2;;Jackie Chan DC Racing;Oreca;
37;0;27;1:48.570;0;;22.820;0;34.136;0;51.614;0;151.3;1:01:58.755;12:01:58.755;0:22.820;0:34.136;0:51.614;232.3;David CHENG;;LMP2;;Jackie Chan DC Racing;Oreca;
37;0;28;1:46.860;0;;22.411;0;33.171;1;51.278;1;153.7;1:03:45.615;12:03:45.615;0:22.411;0:33.171;0:51.278;264.1;David CHENG;;LMP2;;Jackie Chan DC Racing;Oreca;
37;0;29;1:58.852;0;B;22.113;1;33.776;0;1:02.963;0;138.2;1:05:44.467;12:05:44.467;0:22.113;0:33.776;1:02.963;266.7;David CHENG;;LMP2;;Jackie Chan DC Racing;Oreca;
37;2;30;3:35.364;0;;2:03.953;0;38.379;0;53.032;0;76.3;1:09:19.831;12:09:19.831;2:03.953;0:38.379;0:53.032;135.2;Tristan GOMMENDY;0:01:44.738;LMP2;;Jackie Chan DC Racing;Oreca;
37;2;31;1:51.012;0;;23.308;0;35.652;0;52.052;0;148.0;1:11:10.843;12:11:10.843;0:23.308;0:35.652;0:52.052;208.5;Tristan GOMMENDY;;LMP2;;Jackie Chan DC Racing;Oreca;
37;2;32;1:49.290;0;;22.324;0;35.316;0;51.650;1;150.3;1:13:00.133;12:13:00.133;0:22.324;0:35.316;0:51.650;225.9;Tristan GOMMENDY;;LMP2;;Jackie Chan DC Racing;Oreca;
37;2;33;1:51.218;0;;23.527;0;35.745;0;51.946;0;147.7;1:14:51.351;12:14:51.351;0:23.527;0:35.745;0:51.946;250.6;Tristan GOMMENDY;;LMP2;;Jackie Chan DC Racing;Oreca;
37;2;34;2:39.987;0;;22.268;1;34.711;1;1:43.008;0;102.7;1:17:31.338;12:17:31.338;0:22.268;0:34.711;1:43.008;247.1;Tristan GOMMENDY;;LMP2;;Jackie Chan DC Racing;Oreca;
37;2;35;3:02.709;0;;1:10.081;0;58.972;0;53.656;0;89.9;1:20:34.047;12:20:34.047;1:10.081;0:58.972;0:53.656;58.2;Tristan GOMMENDY;;LMP2;;Jackie Chan DC Racing;Oreca;
37;2;36;1:57.518;0;;23.428;0;36.128;0;57.962;0;139.8;1:22:31.565;12:22:31.565;0:23.428;0:36.128;0:57.962;210.5;Tristan GOMMENDY;;LMP2;;Jackie Chan DC Racing;Oreca;
37;2;37;1:51.161;0;;23.303;0;35.518;0;52.340;0;147.8;1:24:22.726;12:24:22.726;0:23.303;0:35.518;0:52.340;192.2;Tristan GOMMENDY;;LMP2;;Jackie Chan DC Racing;Oreca;
37;2;38;1:51.427;0;;23.362;0;35.165;0;52.900;0;147.4;1:26:14.153;12:26:14.153;0:23.362;0:35.165;0:52.900;201.1;Tristan GOMMENDY;;LMP2;;Jackie Chan DC Racing;Oreca;
37;2;39;1:53.896;0;;23.465;0;36.917;0;53.514;0;144.2;1:28:08.049;12:28:08.049;0:23.465;0:36.917;0:53.514;216.9;Tristan GOMMENDY;;LMP2;;Jackie Chan DC Racing;Oreca;
37;2;40;2:03.866;0;B;24.037;0;37.189;0;1:02.640;0;132.6;1:30:11.915;12:30:11.915;0:24.037;0:37.189;1:02.640;194.6;Tristan GOMMENDY;;LMP2;;Jackie Chan DC Racing;Oreca;
38;1;1;4:25.403;0;;2:51.032;0;40.993;0;53.378;0;61.9;4:25.403;11:04:25.403;2:51.032;0:40.993;0:53.378;103.3;Oliver JARVIS;0:02:27.330;LMP2;;Jackie Chan DC Racing;Oreca;
38;1;2;1:46.657;0;;22.543;0;33.921;0;50.193;0;154.0;6:12.060;11:06:12.060;0:22.543;0:33.921;0:50.193;231.8;Oliver JARVIS;;LMP2;;Jackie Chan DC Racing;Oreca;
38;1;3;1:44.994;0;;22.203;0;33.012;0;49.779;0;156.5;7:57.054;11:07:57.054;0:22.203;0:33.012;0:49.779;238.9;Oliver JARVIS;;LMP2;;Jackie Chan DC Racing;Oreca;
38;1;4;1:43.428;0;;22.150;0;32.110;0;49.168;2;158.8;9:40.482;11:09:40.482;0:22.150;0:32.110;0:49.168;250.6;Oliver JARVIS;;LMP2;;Jackie Chan DC Racing;Oreca;
38;1;5;1:43.909;0;;21.878;0;32.519;0;49.512;0;158.1;11:24.391;11:11:24.391;0:21.878;0:32.519;0:49.512;256.5;Oliver JARVIS;;LMP2;;Jackie Chan DC Racing;Oreca;
38;1;6;1:53.496;0;B;21.976;0;31.922;1;59.598;0;144.7;13:17.887;11:13:17.887;0:21.976;0:31.922;0:59.598;248.8;Oliver JARVIS;;LMP2;;Jackie Chan DC Racing;Oreca;
38;1;7;9:19.506;0;;7:48.481;0;37.362;0;53.663;0;29.4;22:37.393;11:22:37.393;7:48.481;0:37.362;0:53.663;107.6;Oliver JARVIS;0:07:28.850;LMP2;;Jackie Chan DC Racing;Oreca;
38;1;8;1:49.689;0;;23.189;0;34.805;0;51.695;0;149.8;24:27.082;11:24:27.082;0:23.189;0:34.805;0:51.695;217.7;Oliver JARVIS;;LMP2;;Jackie Chan DC Racing;Oreca;
38;1;9;1:46.848;0;;22.487;0;33.621;0;50.740;0;153.7;26:13.930;11:26:13.930;0:22.487;0:33.621;0:50.740;245.5;Oliver JARVIS;;LMP2;;Jackie Chan DC Racing;Oreca;
38;1;10;1:47.846;0;;22.069;0;34.294;0;51.483;0;152.3;28:01.776;11:28:01.776;0:22.069;0:34.294;0:51.483;251.7;Oliver JARVIS;;LMP2;;Jackie Chan DC Racing;Oreca;
38;1;11;1:45.681;0;;21.934;0;33.584;0;50.163;0;155.4;29:47.457;11:29:47.457;0:21.934;0:33.584;0:50.163;249.4;Oliver JARVIS;;LMP2;;Jackie Chan DC Racing;Oreca;
38;1;12;1:47.121;0;;22.426;0;34.139;0;50.556;0;153.3;31:34.578;11:31:34.578;0:22.426;0:34.139;0:50.556;227.8;Oliver JARVIS;;LMP2;;Jackie Chan DC Racing;Oreca;
38;1;13;1:44.901;0;;21.870;0;32.647;0;50.384;0;156.6;33:19.479;11:33:19.479;0:21.870;0:32.647;0:50.384;252.9;Oliver JARVIS;;LMP2;;Jackie Chan DC Racing;Oreca;
38;1;14;1:44.746;0;;21.730;0;32.051;0;50.965;0;156.8;35:04.225;11:35:04.225;0:21.730;0:32.051;0:50.965;260.9;Oliver JARVIS;;LMP2;;Jackie Chan DC Racing;Oreca;
38;1;15;1:51.510;0;B;21.697;1;32.251;0;57.562;0;147.3;36:55.735;11:36:55.735;0:21.697;0:32.251;0:57.562;261.5;Oliver JARVIS;;LMP2;;Jackie Chan DC Racing;Oreca;
38;0;16;5:06.100;0;;3:40.253;0;33.522;0;52.325;0;53.7;42:01.835;11:42:01.835;3:40.253;0:33.522;0:52.325;149.0;Ho-Pin TUNG;0:03:21.855;LMP2;;Jackie Chan DC Racing;Oreca;
38;0;17;1:44.517;0;;21.848;0;32.727;0;49.942;0;157.2;43:46.352;11:43:46.352;0:21.848;0:32.727;0:49.942;262.1;Ho-Pin TUNG;;LMP2;;Jackie Chan DC Racing;Oreca;
38;0;18;2:38.624;0;B;21.934;0;47.538;0;1:29.152;0;103.6;46:24.976;11:46:24.976;0:21.934;0:47.538;1:29.152;274.8;Ho-Pin TUNG;;LMP2;;Jackie Chan DC Racing;Oreca;
38;0;19;3:36.702;0;;2:11.586;0;34.385;0;50.731;0;75.8;50:01.678;11:50:01.678;2:11.586;0:34.385;0:50.731;92.1;Ho-Pin TUNG;0:01:49.972;LMP2;;Jackie Chan DC Racing;Oreca;
38;0;20;1:44.405;0;;21.695;0;32.869;0;49.841;0;157.3;51:46.083;11:51:46.083;0:21.695;0:32.869;0:49.841;272.0;Ho-Pin TUNG;;LMP2;;Jackie Chan DC Racing;Oreca;
38;0;21;1:44.043;0;;21.574;0;32.341;0;50.128;0;157.9;53:30.126;11:53:30.126;0:21.574;0:32.341;0:50.128;275.5;Ho-Pin TUNG;;LMP2;;Jackie Chan DC Racing;Oreca;
38;0;22;1:43.792;0;;21.594;0;32.014;0;50.184;0;158.3;55:13.918;11:55:13.918;0:21.594;0:32.014;0:50.184;272.7;Ho-Pin TUNG;;LMP2;;Jackie Chan DC Racing;Oreca;
38;0;23;1:44.049;0;;21.763;0;32.078;0;50.208;0;157.9;56:57.967;11:56:57.967;0:21.763;0:32.078;0:50.208;258.4;Ho-Pin TUNG;;LMP2;;Jackie Chan DC Racing;Oreca;
38;0;24;1:45.015;0;;21.927;0;32.538;0;50.550;0;156.4;58:42.982;11:58:42.982;0:21.927;0:32.538;0:50.550;255.9;Ho-Pin TUNG;;LMP2;;Jackie Chan DC Racing;Oreca;
38;0;25;1:44.022;0;;21.939;0;32.357;0;49.726;0;157.9;1:00:27.004;12:00:27.004;0:21.939;0:32.357;0:49.726;275.5;Ho-Pin TUNG;;LMP2;;Jackie Chan DC Racing;Oreca;
38;0;26;1:43.688;0;;21.919;0;32.548;0;49.221;1;158.4;1:02:10.692;12:02:10.692;0:21.919;0:32.548;0:49.221;260.2;Ho-Pin TUNG;;LMP2;;Jackie Chan DC Racing;Oreca;
38;0;27;1:43.431;0;;21.732;0;31.703;2;49.996;0;158.8;1:03:54.123;12:03:54.123;0:21.732;0:31.703;0:49.996;270.0;Ho-Pin TUNG;;LMP2;;Jackie Chan DC Racing;Oreca;
38;0;28;1:43.327;2;;21.533;2;31.745;0;50.049;0;159.0;1:05:37.450;12:05:37.450;0:21.533;0:31.745;0:50.049;272.7;Ho-Pin TUNG;;LMP2;;Jackie Chan DC Racing;Oreca;
38;0;29;1:54.669;0;B;23.190;0;33.124;0;58.355;0;143.3;1:07:32.119;12:07:32.119;0:23.190;0:33.124;0:58.355;279.8;Ho-Pin TUNG;;LMP2;;Jackie Chan DC Racing;Oreca;
38;2;30;3:52.495;0;;2:24.816;0;34.508;0;53.171;0;70.7;1:11:24.614;12:11:24.614;2:24.816;0:34.508;0:53.171;142.9;Thomas LAURENT;0:02:05.984;LMP2;;Jackie Chan DC Racing;Oreca;
38;2;31;1:48.700;0;;22.884;0;34.175;0;51.641;1;151.1;1:13:13.314;12:13:13.314;0:22.884;0:34.175;0:51.641;220.9;Thomas LAURENT;;LMP2;;Jackie Chan DC Racing;Oreca;
38;2;32;1:47.989;0;;22.416;0;33.535;0;52.038;0;152.1;1:15:01.303;12:15:01.303;0:22.416;0:33.535;0:52.038;255.9;Thomas LAURENT;;LMP2;;Jackie Chan DC Racing;Oreca;
38;2;33;2:08.910;0;;22.508;0;33.251;1;1:13.151;0;127.4;1:17:10.213;12:17:10.213;0:22.508;0:33.251;1:13.151;238.4;Thomas LAURENT;;LMP2;;Jackie Chan DC Racing;Oreca;
38;2;34;2:59.839;0;;52.409;0;1:08.494;0;58.936;0;91.3;1:20:10.052;12:20:10.052;0:52.409;1:08.494;0:58.936;80.1;Thomas LAURENT;;LMP2;;Jackie Chan DC Racing;Oreca;
38;2;35;1:50.494;0;;22.656;0;34.839;0;52.999;0;148.7;1:22:00.546;12:22:00.546;0:22.656;0:34.839;0:52.999;265.4;Thomas LAURENT;;LMP2;;Jackie Chan DC Racing;Oreca;
38;2;36;1:49.132;0;;22.325;1;34.084;0;52.723;0;150.5;1:23:49.678;12:23:49.678;0:22.325;0:34.084;0:52.723;268.0;Thomas LAURENT;;LMP2;;Jackie Chan DC Racing;Oreca;
38;2;37;1:49.401;0;;22.887;0;33.849;0;52.665;0;150.2;1:25:39.079;12:25:39.079;0:22.887;0:33.849;0:52.665;242.2;Thomas LAURENT;;LMP2;;Jackie Chan DC Racing;Oreca;
38;2;38;2:27.274;0;B;50.350;0;34.567;0;1:02.357;0;111.5;1:28:06.353;12:28:06.353;0:50.350;0:34.567;1:02.357;277.6;Thomas LAURENT;;LMP2;;Jackie Chan DC Racing;Oreca;
51;1;1;3:28.878;0;B;1:41.574;0;41.214;0;1:06.090;0;78.6;3:28.878;11:03:28.878;1:41.574;0:41.214;1:06.090;114.6;Alessandro PIER GUIDI;0:01:18.815;LMGTE Pro;;AF Corse;Ferrari;
51;1;2;3:18.969;0;;1:48.557;0;36.287;0;54.125;0;82.6;6:47.847;11:06:47.847;1:48.557;0:36.287;0:54.125;136.0;Alessandro PIER GUIDI;0:01:26.795;LMGTE Pro;;AF Corse;Ferrari;
51;1;3;1:50.081;0;;24.069;0;34.876;0;51.136;0;149.2;8:37.928;11:08:37.928;0:24.069;0:34.876;0:51.136;203.4;Alessandro PIER GUIDI;;LMGTE Pro;;AF Corse;Ferrari;
51;1;4;1:47.887;0;;23.478;0;33.905;0;50.504;0;152.3;10:25.815;11:10:25.815;0:23.478;0:33.905;0:50.504;220.0;Alessandro PIER GUIDI;;LMGTE Pro;;AF Corse;Ferrari;
51;1;5;1:47.681;2;;23.265;0;34.005;0;50.411;0;152.6;12:13.496;11:12:13.496;0:23.265;0:34.005;0:50.411;223.6;Alessandro PIER GUIDI;;LMGTE Pro;;AF Corse;Ferrari;
51;1;6;1:58.763;0;B;23.074;0;37.508;0;58.181;0;138.3;14:12.259;11:14:12.259;0:23.074;0:37.508;0:58.181;246.0;Alessandro PIER GUIDI;;LMGTE Pro;;AF Corse;Ferrari;
51;1;7;6:00.376;0;;4:36.017;0;34.304;0;50.055;2;45.6;20:12.635;11:20:12.635;4:36.017;0:34.304;0:50.055;137.6;Alessandro PIER GUIDI;0:04:18.151;LMGTE Pro;;AF Corse;Ferrari;
51;1;8;2:16.251;0;;22.985;2;33.530;2;1:19.736;0;120.6;22:28.886;11:22:28.886;0:22.985;0:33.530;1:19.736;250.0;Alessandro PIER GUIDI;;LMGTE Pro;;AF Corse;Ferrari;
51;1;9;1:51.627;0;;23.987;0;33.899;0;53.741;0;147.2;24:20.513;11:24:20.513;0:23.987;0:33.899;0:53.741;244.3;Alessandro PIER GUIDI;;LMGTE Pro;;AF Corse;Ferrari;
51;1;10;1:47.997;0;;23.047;0;34.113;0;50.837;0;152.1;26:08.510;11:26:08.510;0:23.047;0:34.113;0:50.837;257.8;Alessandro PIER GUIDI;;LMGTE Pro;;AF Corse;Ferrari;
51;1;11;1:58.063;0;;23.220;0;36.868;0;57.975;0;139.1;28:06.573;11:28:06.573;0:23.220;0:36.868;0:57.975;258.4;Alessandro PIER GUIDI;;LMGTE Pro;;AF Corse;Ferrari;
51;1;12;1:48.666;0;;23.078;0;33.909;0;51.679;0;151.2;29:55.239;11:29:55.239;0:23.078;0:33.909;0:51.679;254.7;Alessandro PIER GUIDI;;LMGTE Pro;;AF Corse;Ferrari;
51;1;13;1:48.116;0;;23.057;0;33.995;0;51.064;0;151.9;31:43.355;11:31:43.355;0:23.057;0:33.995;0:51.064;258.4;Alessandro PIER GUIDI;;LMGTE Pro;;AF Corse;Ferrari;
51;1;14;2:03.508;0;B;23.406;0;34.694;0;1:05.408;0;133.0;33:46.863;11:33:46.863;0:23.406;0:34.694;1:05.408;255.9;Alessandro PIER GUIDI;;LMGTE Pro;;AF Corse;Ferrari;
51;0;15;4:50.013;0;;3:23.129;0;35.211;0;51.673;0;56.6;38:36.876;11:38:36.876;3:23.129;0:35.211;0:51.673;125.7;James CALADO;0:03:03.238;LMGTE Pro;;AF Corse;Ferrari;
51;0;16;1:48.120;0;;23.084;0;33.942;0;51.094;0;151.9;40:24.996;11:40:24.996;0:23.084;0:33.942;0:51.094;246.0;James CALADO;;LMGTE Pro;;AF Corse;Ferrari;
51;0;17;1:50.133;0;;23.179;0;34.196;0;52.758;0;149.2;42:15.129;11:42:15.129;0:23.179;0:34.196;0:52.758;244.3;James CALADO;;LMGTE Pro;;AF Corse;Ferrari;
51;0;18;1:48.476;0;;23.059;0;34.152;0;51.265;0;151.4;44:03.605;11:44:03.605;0:23.059;0:34.152;0:51.265;252.3;James CALADO;;LMGTE Pro;;AF Corse;Ferrari;
51;0;19;2:52.439;0;;23.186;0;1:01.860;0;1:27.393;0;95.3;46:56.044;11:46:56.044;0:23.186;1:01.860;1:27.393;262.1;James CALADO;;LMGTE Pro;;AF Corse;Ferrari;
51;0;20;2:41.689;0;;52.870;0;52.751;0;56.068;0;101.6;49:37.733;11:49:37.733;0:52.870;0:52.751;0:56.068;78.0;James CALADO;;LMGTE Pro;;AF Corse;Ferrari;
51;0;21;1:47.870;0;;23.008;0;33.744;1;51.118;0;152.3;51:25.603;11:51:25.603;0:23.008;0:33.744;0:51.118;255.3;James CALADO;;LMGTE Pro;;AF Corse;Ferrari;
51;0;22;1:58.319;0;B;23.002;0;34.051;0;1:01.266;0;138.8;53:23.922;11:53:23.922;0:23.002;0:34.051;1:01.266;252.9;James CALADO;;LMGTE Pro;;AF Corse;Ferrari;
51;0;23;3:22.557;0;;1:39.995;0;48.273;0;54.289;0;81.1;56:46.479;11:56:46.479;1:39.995;0:48.273;0:54.289;124.0;James CALADO;0:01:18.121;LMGTE Pro;;AF Corse;Ferrari;
51;0;24;1:47.905;0;;23.091;0;33.800;0;51.014;0;152.2;58:34.384;11:58:34.384;0:23.091;0:33.800;0:51.014;259.0;James CALADO;;LMGTE Pro;;AF Corse;Ferrari;
51;0;25;2:18.779;0;B;25.540;0;47.697;0;1:05.542;0;118.4;1:00:53.163;12:00:53.163;0:25.540;0:47.697;1:05.542;262.8;James CALADO;;LMGTE Pro;;AF Corse;Ferrari;
51;0;26;5:23.810;0;;3:47.843;0;42.683;0;53.284;0;50.7;1:06:16.973;12:06:16.973;3:47.843;0:42.683;0:53.284;138.5;James CALADO;0:03:28.911;LMGTE Pro;;AF Corse;Ferrari;
51;0;27;1:47.948;0;;23.047;0;33.939;0;50.962;1;152.2;1:08:04.921;12:08:04.921;0:23.047;0:33.939;0:50.962;255.9;James CALADO;;LMGTE Pro;;AF Corse;Ferrari;
51;0;28;1:48.426;0;;23.035;0;34.188;0;51.203;0;151.5;1:09:53.347;12:09:53.347;0:23.035;0:34.188;0:51.203;259.6;James CALADO;;LMGTE Pro;;AF Corse;Ferrari;
51;0;29;1:56.280;0;;23.006;0;34.337;0;58.937;0;141.3;1:11:49.627;12:11:49.627;0:23.006;0:34.337;0:58.937;255.9;James CALADO;;LMGTE Pro;;AF Corse;Ferrari;
51;0;30;1:47.912;0;;22.989;1;33.848;0;51.075;0;152.2;1:13:37.539;12:13:37.539;0:22.989;0:33.848;0:51.075;259.0;James CALADO;;LMGTE Pro;;AF Corse;Ferrari;
51;0;31;1:55.735;0;B;23.203;0;34.928;0;57.604;0;141.9;1:15:33.274;12:15:33.274;0:23.203;0:34.928;0:57.604;250.6;James CALADO;;LMGTE Pro;;AF Corse;Ferrari;
51;0;32;5:40.267;0;;4:13.487;0;34.872;0;51.908;0;48.3;1:21:13.541;12:21:13.541;4:13.487;0:34.872;0:51.908;78.8;James CALADO;0:03:51.612;LMGTE Pro;;AF Corse;Ferrari;
51;0;33;1:48.813;0;;23.257;0;33.852;0;51.704;0;151.0;1:23:02.354;12:23:02.354;0:23.257;0:33.852;0:51.704;238.9;James CALADO;;LMGTE Pro;;AF Corse;Ferrari;
51;0;34;1:49.806;0;;23.686;0;34.755;0;51.365;0;149.6;1:24:52.160;12:24:52.160;0:23.686;0:34.755;0:51.365;206.9;James CALADO;;LMGTE Pro;;AF Corse;Ferrari;
51;0;35;1:48.990;0;;23.350;0;34.490;0;51.150;0;150.7;1:26:41.150;12:26:41.150;0:23.350;0:34.490;0:51.150;247.1;James CALADO;;LMGTE Pro;;AF Corse;Ferrari;
51;0;36;1:48.799;0;;23.203;0;34.221;0;51.375;0;151.0;1:28:29.949;12:28:29.949;0:23.203;0:34.221;0:51.375;248.3;James CALADO;;LMGTE Pro;;AF Corse;Ferrari;
51;0;37;1:48.782;0;;23.391;0;33.952;0;51.439;0;151.0;1:30:18.731;12:30:18.731;0:23.391;0:33.952;0:51.439;244.9;James CALADO;;LMGTE Pro;;AF Corse;Ferrari;
54;2;1;3:02.649;0;B;1:15.955;0;40.987;0;1:05.707;0;89.9;3:02.649;11:03:02.649;1:15.955;0:40.987;1:05.707;103.6;Miguel MOLINA;0:00:51.291;LMGTE Am;;Spirit of Race;Ferrari;
54;2;2;3:50.358;0;;2:20.629;0;36.665;0;53.064;0;71.3;6:53.007;11:06:53.007;2:20.629;0:36.665;0:53.064;132.2;Miguel MOLINA;0:02:01.415;LMGTE Am;;Spirit of Race;Ferrari;
54;2;3;1:50.611;0;;24.096;0;35.104;0;51.411;0;148.5;8:43.618;11:08:43.618;0:24.096;0:35.104;0:51.411;220.9;Miguel MOLINA;;LMGTE Am;;Spirit of Race;Ferrari;
54;2;4;1:53.038;0;;24.338;0;35.583;0;53.117;0;145.3;10:36.656;11:10:36.656;0:24.338;0:35.583;0:53.117;227.8;Miguel MOLINA;;LMGTE Am;;Spirit of Race;Ferrari;
54;2;5;1:48.988;0;;23.854;0;34.305;0;50.829;0;150.7;12:25.644;11:12:25.644;0:23.854;0:34.305;0:50.829;220.0;Miguel MOLINA;;LMGTE Am;;Spirit of Race;Ferrari;
54;2;6;1:47.655;2;;23.402;0;33.636;2;50.617;2;152.6;14:13.299;11:14:13.299;0:23.402;0:33.636;0:50.617;238.4;Miguel MOLINA;;LMGTE Am;;Spirit of Race;Ferrari;
54;2;7;1:48.666;0;;23.525;0;33.974;0;51.167;0;151.2;16:01.965;11:16:01.965;0:23.525;0:33.974;0:51.167;241.6;Miguel MOLINA;;LMGTE Am;;Spirit of Race;Ferrari;
54;2;8;1:48.472;0;;23.469;0;33.722;0;51.281;0;151.4;17:50.437;11:17:50.437;0:23.469;0:33.722;0:51.281;246.6;Miguel MOLINA;;LMGTE Am;;Spirit of Race;Ferrari;
54;2;9;1:58.990;0;B;25.658;0;34.180;0;59.152;0;138.1;19:49.427;11:19:49.427;0:25.658;0:34.180;0:59.152;252.9;Miguel MOLINA;;LMGTE Am;;Spirit of Race;Ferrari;
54;2;10;6:52.620;0;;5:27.353;0;33.955;0;51.312;0;39.8;26:42.047;11:26:42.047;5:27.353;0:33.955;0:51.312;135.2;Miguel MOLINA;0:05:08.844;LMGTE Am;;Spirit of Race;Ferrari;
54;2;11;1:48.311;0;;23.288;2;33.812;0;51.211;0;151.7;28:30.358;11:28:30.358;0:23.288;0:33.812;0:51.211;251.7;Miguel MOLINA;;LMGTE Am;;Spirit of Race;Ferrari;
54;2;12;1:49.116;0;;23.346;0;34.251;0;51.519;0;150.5;30:19.474;11:30:19.474;0:23.346;0:34.251;0:51.519;248.8;Miguel MOLINA;;LMGTE Am;;Spirit of Race;Ferrari;
54;2;13;1:49.045;0;;23.316;0;34.236;0;51.493;0;150.6;32:08.519;11:32:08.519;0:23.316;0:34.236;0:51.493;246.6;Miguel MOLINA;;LMGTE Am;;Spirit of Race;Ferrari;
54;2;14;1:49.062;0;;23.388;0;34.186;0;51.488;0;150.6;33:57.581;11:33:57.581;0:23.388;0:34.186;0:51.488;250.0;Miguel MOLINA;;LMGTE Am;;Spirit of Race;Ferrari;
54;2;15;1:57.457;0;B;23.463;0;34.483;0;59.511;0;139.9;35:55.038;11:35:55.038;0:23.463;0:34.483;0:59.511;255.9;Miguel MOLINA;;LMGTE Am;;Spirit of Race;Ferrari;
54;0;16;6:31.371;0;;4:55.299;0;40.589;0;55.483;0;42.0;42:26.409;11:42:26.409;4:55.299;0:40.589;0:55.483;123.4;Thomas FLOHR;0:04:35.734;LMGTE Am;;Spirit of Race;Ferrari;
54;0;17;1:55.453;0;;24.953;0;37.427;0;53.073;0;142.3;44:21.862;11:44:21.862;0:24.953;0:37.427;0:53.073;196.4;Thomas FLOHR;;LMGTE Am;;Spirit of Race;Ferrari;
54;0;18;3:23.804;0;;46.000;0;1:08.323;0;1:29.481;0;80.6;47:45.666;11:47:45.666;0:46.000;1:08.323;1:29.481;78.7;Thomas FLOHR;;LMGTE Am;;Spirit of Race;Ferrari;
54;0;19;2:12.102;0;;38.317;0;39.202;0;54.583;0;124.3;49:57.768;11:49:57.768;0:38.317;0:39.202;0:54.583;167.7;Thomas FLOHR;;LMGTE Am;;Spirit of Race;Ferrari;
54;0;20;1:55.025;0;;24.115;0;37.444;0;53.466;0;142.8;51:52.793;11:51:52.793;0:24.115;0:37.444;0:53.466;223.6;Thomas FLOHR;;LMGTE Am;;Spirit of Race;Ferrari;
54;0;21;1:54.332;0;;24.296;0;36.818;0;53.218;0;143.7;53:47.125;11:53:47.125;0:24.296;0:36.818;0:53.218;226.4;Thomas FLOHR;;LMGTE Am;;Spirit of Race;Ferrari;
54;0;22;1:52.598;0;;24.088;0;35.928;0;52.582;0;145.9;55:39.723;11:55:39.723;0:24.088;0:35.928;0:52.582;216.4;Thomas FLOHR;;LMGTE Am;;Spirit of Race;Ferrari;
54;0;23;1:52.484;0;;23.935;0;35.771;0;52.778;0;146.0;57:32.207;11:57:32.207;0:23.935;0:35.771;0:52.778;219.1;Thomas FLOHR;;LMGTE Am;;Spirit of Race;Ferrari;
54;0;24;1:52.621;0;;23.890;0;35.767;0;52.964;0;145.9;59:24.828;11:59:24.828;0:23.890;0:35.767;0:52.964;221.8;Thomas FLOHR;;LMGTE Am;;Spirit of Race;Ferrari;
54;0;25;1:51.286;0;;23.720;0;35.208;0;52.358;1;147.6;1:01:16.114;12:01:16.114;0:23.720;0:35.208;0:52.358;241.1;Thomas FLOHR;;LMGTE Am;;Spirit of Race;Ferrari;
54;0;26;2:02.944;0;B;23.675;0;35.706;0;1:03.563;0;133.6;1:03:19.058;12:03:19.058;0:23.675;0:35.706;1:03.563;236.8;Thomas FLOHR;;LMGTE Am;;Spirit of Race;Ferrari;
54;0;27;5:31.611;0;;3:59.820;0;36.018;0;55.773;0;49.5;1:08:50.669;12:08:50.669;3:59.820;0:36.018;0:55.773;131.9;Thomas FLOHR;0:03:41.705;LMGTE Am;;Spirit of Race;Ferrari;
54;0;28;1:51.703;0;;24.039;0;35.195;0;52.469;0;147.1;1:10:42.372;12:10:42.372;0:24.039;0:35.195;0:52.469;209.3;Thomas FLOHR;;LMGTE Am;;Spirit of Race;Ferrari;
54;0;29;1:53.841;0;;23.831;0;34.947;1;55.063;0;144.3;1:12:36.213;12:12:36.213;0:23.831;0:34.947;0:55.063;232.3;Thomas FLOHR;;LMGTE Am;;Spirit of Race;Ferrari;
54;0;30;1:51.354;0;;23.568;1;35.173;0;52.613;0;147.5;1:14:27.567;12:14:27.567;0:23.568;0:35.173;0:52.613;239.5;Thomas FLOHR;;LMGTE Am;;Spirit of Race;Ferrari;
54;0;31;1:51.243;0;;23.605;0;35.051;0;52.587;0;147.7;1:16:18.810;12:16:18.810;0:23.605;0:35.051;0:52.587;237.4;Thomas FLOHR;;LMGTE Am;;Spirit of Race;Ferrari;
54;0;32;3:17.327;0;B;37.113;0;1:08.334;0;1:31.880;0;83.2;1:19:36.137;12:19:36.137;0:37.113;1:08.334;1:31.880;144.6;Thomas FLOHR;;LMGTE Am;;Spirit of Race;Ferrari;
54;1;33;3:42.238;0;;2:11.969;0;37.145;0;53.124;0;73.9;1:23:18.375;12:23:18.375;2:11.969;0:37.145;0:53.124;130.3;Francesco CASTELLACCI;0:01:52.237;LMGTE Am;;Spirit of Race;Ferrari;
54;1;34;1:52.295;0;;24.261;0;35.350;0;52.684;0;146.3;1:25:10.670;12:25:10.670;0:24.261;0:35.350;0:52.684;228.8;Francesco CASTELLACCI;;LMGTE Am;;Spirit of Race;Ferrari;
54;1;35;1:52.363;0;;23.602;1;35.676;0;53.085;0;146.2;1:27:03.033;12:27:03.033;0:23.602;0:35.676;0:53.085;233.3;Francesco CASTELLACCI;;LMGTE Am;;Spirit of Race;Ferrari;
54;1;36;1:51.195;0;;24.034;0;34.955;1;52.206;1;147.7;1:28:54.228;12:28:54.228;0:24.034;0:34.955;0:52.206;220.9;Francesco CASTELLACCI;;LMGTE Am;;Spirit of Race;Ferrari;
54;1;37;1:57.317;0;;24.730;0;39.530;0;53.057;0;140.0;1:30:51.545;12:30:51.545;0:24.730;0:39.530;0:53.057;250.6;Francesco CASTELLACCI;;LMGTE Am;;Spirit of Race;Ferrari;
61;2;1;2:17.054;0;B;28.436;0;42.120;0;1:06.498;0;119.9;2:17.054;11:02:17.054;0:28.436;0:42.120;1:06.498;119.1;Matt GRIFFIN;0:00:04.956;LMGTE Am;;Clearwater Racing;Ferrari;
61;2;2;5:40.557;0;;4:11.227;0;36.555;0;52.775;0;48.2;7:57.611;11:07:57.611;4:11.227;0:36.555;0:52.775;128.7;Matt GRIFFIN;0:03:51.801;LMGTE Am;;Clearwater Racing;Ferrari;
61;2;3;1:50.021;0;;24.218;0;35.152;0;50.651;2;149.3;9:47.632;11:09:47.632;0:24.218;0:35.152;0:50.651;203.8;Matt GRIFFIN;;LMGTE Am;;Clearwater Racing;Ferrari;
61;2;4;1:49.504;0;;23.937;0;34.133;0;51.434;0;150.0;11:37.136;11:11:37.136;0:23.937;0:34.133;0:51.434;221.8;Matt GRIFFIN;;LMGTE Am;;Clearwater Racing;Ferrari;
61;2;5;1:48.585;0;;23.729;0;34.031;0;50.825;0;151.3;13:25.721;11:13:25.721;0:23.729;0:34.031;0:50.825;226.4;Matt GRIFFIN;;LMGTE Am;;Clearwater Racing;Ferrari;
61;2;6;1:48.246;2;;23.576;0;33.802;0;50.868;0;151.8;15:13.967;11:15:13.967;0:23.576;0:33.802;0:50.868;237.9;Matt GRIFFIN;;LMGTE Am;;Clearwater Racing;Ferrari;
61;2;7;1:56.440;0;B;23.565;0;33.669;2;59.206;0;141.1;17:10.407;11:17:10.407;0:23.565;0:33.669;0:59.206;235.3;Matt GRIFFIN;;LMGTE Am;;Clearwater Racing;Ferrari;
61;2;8;4:40.156;0;;3:13.907;0;34.198;0;52.051;0;58.6;21:50.563;11:21:50.563;3:13.907;0:34.198;0:52.051;135.3;Matt GRIFFIN;0:02:55.732;LMGTE Am;;Clearwater Racing;Ferrari;
61;2;9;1:48.331;0;;23.438;2;33.769;0;51.124;0;151.6;23:38.894;11:23:38.894;0:23.438;0:33.769;0:51.124;226.9;Matt GRIFFIN;;LMGTE Am;;Clearwater Racing;Ferrari;
61;2;10;1:57.314;0;B;23.440;0;33.857;0;1:00.017;0;140.0;25:36.208;11:25:36.208;0:23.440;0:33.857;1:00.017;249.4;Matt GRIFFIN;;LMGTE Am;;Clearwater Racing;Ferrari;
61;2;11;6:41.850;0;;5:15.304;0;34.971;0;51.575;0;40.9;32:18.058;11:32:18.058;5:15.304;0:34.971;0:51.575;135.0;Matt GRIFFIN;0:04:57.026;LMGTE Am;;Clearwater Racing;Ferrari;
61;2;12;1:50.782;0;;25.649;0;34.073;0;51.060;0;148.3;34:08.840;11:34:08.840;0:25.649;0:34.073;0:51.060;255.3;Matt GRIFFIN;;LMGTE Am;;Clearwater Racing;Ferrari;
61;2;13;1:49.507;0;;23.563;0;34.762;0;51.182;0;150.0;35:58.347;11:35:58.347;0:23.563;0:34.762;0:51.182;250.0;Matt GRIFFIN;;LMGTE Am;;Clearwater Racing;Ferrari;
61;2;14;1:56.855;0;B;23.481;0;34.168;0;59.206;0;140.6;37:55.202;11:37:55.202;0:23.481;0:34.168;0:59.206;238.9;Matt GRIFFIN;;LMGTE Am;;Clearwater Racing;Ferrari;
61;0;15;5:59.238;0;;4:20.296;0;38.383;0;1:00.559;0;45.7;43:54.440;11:43:54.440;4:20.296;0:38.383;1:00.559;132.2;Weng Sun MOK;0:04:00.704;LMGTE Am;;Clearwater Racing;Ferrari;
61;0;16;2:58.802;0;;25.570;0;1:01.451;0;1:31.781;0;91.9;46:53.242;11:46:53.242;0:25.570;1:01.451;1:31.781;213.9;Weng Sun MOK;;LMGTE Am;;Clearwater Racing;Ferrari;
61;0;17;2:33.354;0;;53.837;0;44.361;0;55.156;0;107.1;49:26.596;11:49:26.596;0:53.837;0:44.361;0:55.156;78.5;Weng Sun MOK;;LMGTE Am;;Clearwater Racing;Ferrari;
61;0;18;1:55.099;0;;24.225;0;36.459;0;54.415;0;142.7;51:21.695;11:51:21.695;0:24.225;0:36.459;0:54.415;228.8;Weng Sun MOK;;LMGTE Am;;Clearwater Racing;Ferrari;
61;0;19;1:56.070;0;;24.295;0;36.583;0;55.192;0;141.5;53:17.765;11:53:17.765;0:24.295;0:36.583;0:55.192;214.7;Weng Sun MOK;;LMGTE Am;;Clearwater Racing;Ferrari;
61;0;20;1:53.769;0;;24.273;0;35.864;0;53.632;0;144.4;55:11.534;11:55:11.534;0:24.273;0:35.864;0:53.632;217.3;Weng Sun MOK;;LMGTE Am;;Clearwater Racing;Ferrari;
61;0;21;1:53.796;0;;24.275;0;35.959;0;53.562;0;144.4;57:05.330;11:57:05.330;0:24.275;0:35.959;0:53.562;219.5;Weng Sun MOK;;LMGTE Am;;Clearwater Racing;Ferrari;
61;0;22;1:52.574;0;;24.009;0;35.369;0;53.196;0;145.9;58:57.904;11:58:57.904;0:24.009;0:35.369;0:53.196;230.8;Weng Sun MOK;;LMGTE Am;;Clearwater Racing;Ferrari;
61;0;23;1:52.379;0;;23.933;0;35.247;0;53.199;0;146.2;1:00:50.283;12:00:50.283;0:23.933;0:35.247;0:53.199;230.3;Weng Sun MOK;;LMGTE Am;;Clearwater Racing;Ferrari;
61;0;24;1:51.754;0;;23.841;0;35.189;0;52.724;0;147.0;1:02:42.037;12:02:42.037;0:23.841;0:35.189;0:52.724;234.3;Weng Sun MOK;;LMGTE Am;;Clearwater Racing;Ferrari;
61;0;25;1:51.544;0;;23.994;0;34.797;1;52.753;0;147.3;1:04:33.581;12:04:33.581;0:23.994;0:34.797;0:52.753;233.3;Weng Sun MOK;;LMGTE Am;;Clearwater Racing;Ferrari;
61;0;26;1:52.186;0;;24.015;0;35.334;0;52.837;0;146.4;1:06:25.767;12:06:25.767;0:24.015;0:35.334;0:52.837;225.9;Weng Sun MOK;;LMGTE Am;;Clearwater Racing;Ferrari;
61;0;27;1:51.781;0;;23.834;1;35.259;0;52.688;1;147.0;1:08:17.548;12:08:17.548;0:23.834;0:35.259;0:52.688;233.8;Weng Sun MOK;;LMGTE Am;;Clearwater Racing;Ferrari;
61;0;28;2:17.919;0;B;39.110;0;37.030;0;1:01.779;0;119.1;1:10:35.467;12:10:35.467;0:39.110;0:37.030;1:01.779;233.8;Weng Sun MOK;;LMGTE Am;;Clearwater Racing;Ferrari;
66;0;1;3:05.478;0;B;1:21.838;0;39.307;0;1:04.333;0;88.6;3:05.478;11:03:05.478;1:21.838;0:39.307;1:04.333;99.2;Stefan MÜCKE;0:00:56.727;LMGTE Pro;;Ford Chip Ganassi Team UK;Ford;
66;0;2;6:29.869;0;;5:01.704;0;36.438;0;51.727;0;42.1;9:35.347;11:09:35.347;5:01.704;0:36.438;0:51.727;136.2;Stefan MÜCKE;0:04:43.200;LMGTE Pro;;Ford Chip Ganassi Team UK;Ford;
66;0;3;1:49.151;0;;23.341;0;34.643;0;51.167;0;150.5;11:24.498;11:11:24.498;0:23.341;0:34.643;0:51.167;219.5;Stefan MÜCKE;;LMGTE Pro;;Ford Chip Ganassi Team UK;Ford;
66;0;4;1:48.336;0;;23.422;0;34.162;0;50.752;2;151.6;13:12.834;11:13:12.834;0:23.422;0:34.162;0:50.752;228.3;Stefan MÜCKE;;LMGTE Pro;;Ford Chip Ganassi Team UK;Ford;
66;0;5;1:47.883;0;;22.902;2;33.937;0;51.044;0;152.3;15:00.717;11:15:00.717;0:22.902;0:33.937;0:51.044;249.4;Stefan MÜCKE;;LMGTE Pro;;Ford Chip Ganassi Team UK;Ford;
66;0;6;1:50.508;0;;23.762;0;35.725;0;51.021;0;148.6;16:51.225;11:16:51.225;0:23.762;0:35.725;0:51.021;260.9;Stefan MÜCKE;;LMGTE Pro;;Ford Chip Ganassi Team UK;Ford;
66;0;7;1:47.881;2;;23.022;0;33.880;2;50.979;0;152.3;18:39.106;11:18:39.106;0:23.022;0:33.880;0:50.979;260.9;Stefan MÜCKE;;LMGTE Pro;;Ford Chip Ganassi Team UK;Ford;
66;0;8;2:02.394;0;B;29.262;0;34.393;0;58.739;0;134.2;20:41.500;11:20:41.500;0:29.262;0:34.393;0:58.739;260.2;Stefan MÜCKE;;LMGTE Pro;;Ford Chip Ganassi Team UK;Ford;
66;0;9;9:04.946;0;;7:37.120;0;36.208;0;51.618;0;30.1;29:46.446;11:29:46.446;7:37.120;0:36.208;0:51.618;138.8;Stefan MÜCKE;0:07:17.327;LMGTE Pro;;Ford Chip Ganassi Team UK;Ford;
66;0;10;1:49.827;0;;23.148;0;34.016;0;52.663;0;149.6;31:36.273;11:31:36.273;0:23.148;0:34.016;0:52.663;253.5;Stefan MÜCKE;;LMGTE Pro;;Ford Chip Ganassi Team UK;Ford;
66;0;11;1:49.180;0;;23.406;0;34.156;0;51.618;0;150.5;33:25.453;11:33:25.453;0:23.406;0:34.156;0:51.618;241.6;Stefan MÜCKE;;LMGTE Pro;;Ford Chip Ganassi Team UK;Ford;
66;0;12;1:49.247;0;;23.303;0;34.286;0;51.658;0;150.4;35:14.700;11:35:14.700;0:23.303;0:34.286;0:51.658;243.8;Stefan MÜCKE;;LMGTE Pro;;Ford Chip Ganassi Team UK;Ford;
66;0;13;1:56.415;0;B;23.421;0;34.475;0;58.519;0;141.1;37:11.115;11:37:11.115;0:23.421;0:34.475;0:58.519;242.7;Stefan MÜCKE;;LMGTE Pro;;Ford Chip Ganassi Team UK;Ford;
66;0;14;12:58.345;0;;11:28.209;0;37.531;0;52.605;0;21.1;50:09.460;11:50:09.460;11:28.209;0:37.531;0:52.605;125.9;Stefan MÜCKE;0:11:06.726;LMGTE Pro;;Ford Chip Ganassi Team UK;Ford;
66;0;15;1:50.437;0;;23.662;0;35.059;0;51.716;0;148.7;51:59.897;11:51:59.897;0:23.662;0:35.059;0:51.716;240.0;Stefan MÜCKE;;LMGTE Pro;;Ford Chip Ganassi Team UK;Ford;
66;0;16;1:50.285;0;;23.414;0;34.720;0;52.151;0;148.9;53:50.182;11:53:50.182;0:23.414;0:34.720;0:52.151;243.2;Stefan MÜCKE;;LMGTE Pro;;Ford Chip Ganassi Team UK;Ford;
66;0;17;1:57.083;0;B;23.436;0;34.365;0;59.282;0;140.3;55:47.265;11:55:47.265;0:23.436;0:34.365;0:59.282;239.5;Stefan MÜCKE;;LMGTE Pro;;Ford Chip Ganassi Team UK;Ford;
66;1;18;5:39.370;0;;4:06.890;0;38.468;0;54.012;0;48.4;1:01:26.635;12:01:26.635;4:06.890;0:38.468;0:54.012;136.2;Olivier PLA;0:03:48.104;LMGTE Pro;;Ford Chip Ganassi Team UK;Ford;
66;1;19;1:50.458;0;;23.691;0;34.618;0;52.149;0;148.7;1:03:17.093;12:03:17.093;0:23.691;0:34.618;0:52.149;236.3;Olivier PLA;;LMGTE Pro;;Ford Chip Ganassi Team UK;Ford;
66;1;20;1:49.278;0;;23.376;0;34.462;0;51.440;1;150.3;1:05:06.371;12:05:06.371;0:23.376;0:34.462;0:51.440;232.3;Olivier PLA;;LMGTE Pro;;Ford Chip Ganassi Team UK;Ford;
66;1;21;2:08.437;0;B;23.426;0;34.322;0;1:10.689;0;127.9;1:07:14.808;12:07:14.808;0:23.426;0:34.322;1:10.689;232.8;Olivier PLA;;LMGTE Pro;;Ford Chip Ganassi Team UK;Ford;
66;1;22;3:49.925;0;;2:22.155;0;36.099;0;51.671;0;71.4;1:11:04.733;12:11:04.733;2:22.155;0:36.099;0:51.671;135.2;Olivier PLA;0:02:03.305;LMGTE Pro;;Ford Chip Ganassi Team UK;Ford;
66;1;23;1:50.281;0;;23.385;0;34.520;0;52.376;0;149.0;1:12:55.014;12:12:55.014;0:23.385;0:34.520;0:52.376;235.8;Olivier PLA;;LMGTE Pro;;Ford Chip Ganassi Team UK;Ford;
66;1;24;1:49.451;0;;23.219;1;34.352;0;51.880;0;150.1;1:14:44.465;12:14:44.465;0:23.219;0:34.352;0:51.880;255.9;Olivier PLA;;LMGTE Pro;;Ford Chip Ganassi Team UK;Ford;
66;1;25;2:05.260;0;B;23.555;0;34.658;0;1:07.047;0;131.1;1:16:49.725;12:16:49.725;0:23.555;0:34.658;1:07.047;232.3;Olivier PLA;;LMGTE Pro;;Ford Chip Ganassi Team UK;Ford;
66;1;26;4:51.736;0;;3:20.968;0;36.025;0;54.743;0;56.3;1:21:41.461;12:21:41.461;3:20.968;0:36.025;0:54.743;101.3;Olivier PLA;0:02:59.355;LMGTE Pro;;Ford Chip Ganassi Team UK;Ford;
66;1;27;1:50.435;0;;23.573;0;34.867;0;51.995;0;148.7;1:23:31.896;12:23:31.896;0:23.573;0:34.867;0:51.995;235.8;Olivier PLA;;LMGTE Pro;;Ford Chip Ganassi Team UK;Ford;
66;1;28;1:49.840;0;;23.406;0;34.391;0;52.043;0;149.6;1:25:21.736;12:25:21.736;0:23.406;0:34.391;0:52.043;242.7;Olivier PLA;;LMGTE Pro;;Ford Chip Ganassi Team UK;Ford;
66;1;29;1:50.361;0;;23.553;0;34.726;0;52.082;0;148.8;1:27:12.097;12:27:12.097;0:23.553;0:34.726;0:52.082;230.3;Olivier PLA;;LMGTE Pro;;Ford Chip Ganassi Team UK;Ford;
66;1;30;1:49.751;0;;23.513;0;34.209;1;52.029;0;149.7;1:29:01.848;12:29:01.848;0:23.513;0:34.209;0:52.029;239.5;Olivier PLA;;LMGTE Pro;;Ford Chip Ganassi Team UK;Ford;
66;1;31;1:59.834;0;B;23.386;0;35.018;0;1:01.430;0;137.1;1:31:01.682;12:31:01.682;0:23.386;0:35.018;1:01.430;237.4;Olivier PLA;;LMGTE Pro;;Ford Chip Ganassi Team UK;Ford;
67;0;1;3:16.000;0;B;1:37.090;0;38.886;0;1:00.024;0;83.8;3:16.000;11:03:16.000;1:37.090;0:38.886;1:00.024;119.1;Andy PRIAULX;0:01:15.329;LMGTE Pro;;Ford Chip Ganassi Team UK;Ford;
67;1;2;7:35.483;0;;6:04.905;0;37.209;0;53.369;0;36.1;10:51.483;11:10:51.483;6:04.905;0:37.209;0:53.369;136.2;Harry TINCKNELL;0:05:45.956;LMGTE Pro;;Ford Chip Ganassi Team UK;Ford;
67;1;3;1:49.834;0;;23.304;0;35.109;0;51.421;0;149.6;12:41.317;11:12:41.317;0:23.304;0:35.109;0:51.421;232.3;Harry TINCKNELL;;LMGTE Pro;;Ford Chip Ganassi Team UK;Ford;
67;1;4;1:48.916;0;;23.139;0;34.646;0;51.131;2;150.8;14:30.233;11:14:30.233;0:23.139;0:34.646;0:51.131;245.5;Harry TINCKNELL;;LMGTE Pro;;Ford Chip Ganassi Team UK;Ford;
67;1;5;1:51.267;0;;23.025;0;36.461;0;51.781;0;147.6;16:21.500;11:16:21.500;0:23.025;0:36.461;0:51.781;250.0;Harry TINCKNELL;;LMGTE Pro;;Ford Chip Ganassi Team UK;Ford;
67;1;6;1:49.563;0;;23.250;0;34.745;0;51.568;0;149.9;18:11.063;11:18:11.063;0:23.250;0:34.745;0:51.568;258.4;Harry TINCKNELL;;LMGTE Pro;;Ford Chip Ganassi Team UK;Ford;
67;1;7;2:23.550;0;B;28.456;0;44.209;0;1:10.885;0;114.4;20:34.613;11:20:34.613;0:28.456;0:44.209;1:10.885;262.1;Harry TINCKNELL;;LMGTE Pro;;Ford Chip Ganassi Team UK;Ford;
67;1;8;29:57.236;0;;28:25.630;0;37.930;0;53.676;0;9.1;50:31.849;11:50:31.849;28:25.630;0:37.930;0:53.676;123.6;Harry TINCKNELL;0:28:05.203;LMGTE Pro;;Ford Chip Ganassi Team UK;Ford;
67;1;9;1:51.374;0;;23.668;0;35.748;0;51.958;0;147.5;52:23.223;11:52:23.223;0:23.668;0:35.748;0:51.958;236.3;Harry TINCKNELL;;LMGTE Pro;;Ford Chip Ganassi Team UK;Ford;
67;1;10;1:50.166;0;;23.083;0;35.455;0;51.628;0;149.1;54:13.389;11:54:13.389;0:23.083;0:35.455;0:51.628;250.6;Harry TINCKNELL;;LMGTE Pro;;Ford Chip Ganassi Team UK;Ford;
67;1;11;1:53.428;0;;23.123;0;36.541;0;53.764;0;144.8;56:06.817;11:56:06.817;0:23.123;0:36.541;0:53.764;252.3;Harry TINCKNELL;;LMGTE Pro;;Ford Chip Ganassi Team UK;Ford;
67;1;12;1:55.298;0;B;23.232;0;34.651;0;57.415;0;142.5;58:02.115;11:58:02.115;0:23.232;0:34.651;0:57.415;248.8;Harry TINCKNELL;;LMGTE Pro;;Ford Chip Ganassi Team UK;Ford;
67;1;13;3:22.207;0;;1:55.931;0;34.258;0;52.018;0;81.2;1:01:24.322;12:01:24.322;1:55.931;0:34.258;0:52.018;141.7;Harry TINCKNELL;0:01:38.295;LMGTE Pro;;Ford Chip Ganassi Team UK;Ford;
67;1;14;1:56.352;0;B;23.043;0;34.495;0;58.814;0;141.2;1:03:20.674;12:03:20.674;0:23.043;0:34.495;0:58.814;253.5;Harry TINCKNELL;;LMGTE Pro;;Ford Chip Ganassi Team UK;Ford;
67;1;15;5:06.455;0;;3:39.337;0;35.498;0;51.620;0;53.6;1:08:27.129;12:08:27.129;3:39.337;0:35.498;0:51.620;137.6;Harry TINCKNELL;0:03:20.997;LMGTE Pro;;Ford Chip Ganassi Team UK;Ford;
67;1;16;1:52.676;0;;25.378;0;35.381;0;51.917;0;145.8;1:10:19.805;12:10:19.805;0:25.378;0:35.381;0:51.917;248.8;Harry TINCKNELL;;LMGTE Pro;;Ford Chip Ganassi Team UK;Ford;
67;1;17;1:49.492;0;;23.107;0;34.959;0;51.426;0;150.0;1:12:09.297;12:12:09.297;0:23.107;0:34.959;0:51.426;242.7;Harry TINCKNELL;;LMGTE Pro;;Ford Chip Ganassi Team UK;Ford;
67;1;18;1:48.710;2;;23.012;2;34.414;0;51.284;0;151.1;1:13:58.007;12:13:58.007;0:23.012;0:34.414;0:51.284;250.6;Harry TINCKNELL;;LMGTE Pro;;Ford Chip Ganassi Team UK;Ford;
67;1;19;1:55.659;0;B;23.030;0;34.062;2;58.567;0;142.0;1:15:53.666;12:15:53.666;0:23.030;0:34.062;0:58.567;249.4;Harry TINCKNELL;;LMGTE Pro;;Ford Chip Ganassi Team UK;Ford;
67;0;20;4:42.380;0;;2:48.763;0;58.470;0;55.147;0;58.2;1:20:36.046;12:20:36.046;2:48.763;0:58.470;0:55.147;79.6;Andy PRIAULX;0:02:13.737;LMGTE Pro;;Ford Chip Ganassi Team UK;Ford;
67;0;21;1:54.058;0;;24.493;0;36.379;0;53.186;0;144.0;1:22:30.104;12:22:30.104;0:24.493;0:36.379;0:53.186;199.3;Andy PRIAULX;;LMGTE Pro;;Ford Chip Ganassi Team UK;Ford;
67;0;22;1:54.340;0;;25.493;0;35.907;0;52.940;0;143.7;1:24:24.444;12:24:24.444;0:25.493;0:35.907;0:52.940;231.8;Andy PRIAULX;;LMGTE Pro;;Ford Chip Ganassi Team UK;Ford;
67;0;23;1:54.934;0;;24.600;0;36.357;0;53.977;0;142.9;1:26:19.378;12:26:19.378;0:24.600;0:36.357;0:53.977;190.8;Andy PRIAULX;;LMGTE Pro;;Ford Chip Ganassi Team UK;Ford;
67;0;24;1:53.906;0;;25.521;0;36.259;0;52.126;1;144.2;1:28:13.284;12:28:13.284;0:25.521;0:36.259;0:52.126;186.9;Andy PRIAULX;;LMGTE Pro;;Ford Chip Ganassi Team UK;Ford;
67;0;25;1:51.327;0;;23.780;1;35.145;1;52.402;0;147.6;1:30:04.611;12:30:04.611;0:23.780;0:35.145;0:52.402;215.6;Andy PRIAULX;;LMGTE Pro;;Ford Chip Ganassi Team UK;Ford;
7;1;1;3:48.584;0;;2:27.217;0;33.104;0;48.263;0;71.9;3:48.584;11:03:48.584;2:27.217;0:33.104;0:48.263;153.4;Kamui KOBAYASHI;0:02:08.251;LMP1;H;Toyota Gazoo Racing;Toyota;
7;1;2;1:38.332;0;;21.181;0;30.443;0;46.708;0;167.1;5:26.916;11:05:26.916;0:21.181;0:30.443;0:46.708;242.2;Kamui KOBAYASHI;;LMP1;H;Toyota Gazoo Racing;Toyota;
7;1;3;1:36.881;0;;20.829;0;30.033;1;46.019;1;169.6;7:03.797;11:07:03.797;0:20.829;0:30.033;0:46.019;246.0;Kamui KOBAYASHI;;LMP1;H;Toyota Gazoo Racing;Toyota;
7;1;4;1:42.001;0;;21.174;0;33.001;0;47.826;0;161.0;8:45.798;11:08:45.798;0:21.174;0:33.001;0:47.826;251.2;Kamui KOBAYASHI;;LMP1;H;Toyota Gazoo Racing;Toyota;
7;1;5;1:40.191;0;;21.785;0;31.545;0;46.861;0;164.0;10:25.989;11:10:25.989;0:21.785;0:31.545;0:46.861;252.9;Kamui KOBAYASHI;;LMP1;H;Toyota Gazoo Racing;Toyota;
7;1;6;1:44.258;0;B;20.736;1;30.586;0;52.936;0;157.6;12:10.247;11:12:10.247;0:20.736;0:30.586;0:52.936;260.9;Kamui KOBAYASHI;;LMP1;H;Toyota Gazoo Racing;Toyota;
7;2;7;9:21.338;0;;8:00.927;0;32.811;0;47.600;0;29.3;21:31.585;11:21:31.585;8:00.927;0:32.811;0:47.600;151.0;Jose Maria LOPEZ;0:07:43.663;LMP1;H;Toyota Gazoo Racing;Toyota;
7;2;8;1:37.718;0;;20.929;0;30.727;0;46.062;0;168.1;23:09.303;11:23:09.303;0:20.929;0:30.727;0:46.062;257.1;Jose Maria LOPEZ;;LMP1;H;Toyota Gazoo Racing;Toyota;
7;2;9;1:37.051;0;;20.767;0;30.022;0;46.262;0;169.3;24:46.354;11:24:46.354;0:20.767;0:30.022;0:46.262;259.0;Jose Maria LOPEZ;;LMP1;H;Toyota Gazoo Racing;Toyota;
7;2;10;1:36.478;0;;20.507;1;29.864;0;46.107;0;170.3;26:22.832;11:26:22.832;0:20.507;0:29.864;0:46.107;262.1;Jose Maria LOPEZ;;LMP1;H;Toyota Gazoo Racing;Toyota;
7;2;11;1:36.010;2;;20.554;0;29.471;2;45.985;2;171.1;27:58.842;11:27:58.842;0:20.554;0:29.471;0:45.985;262.1;Jose Maria LOPEZ;;LMP1;H;Toyota Gazoo Racing;Toyota;
7;2;12;1:43.968;0;B;20.713;0;30.699;0;52.556;0;158.0;29:42.810;11:29:42.810;0:20.713;0:30.699;0:52.556;279.1;Jose Maria LOPEZ;;LMP1;H;Toyota Gazoo Racing;Toyota;
7;0;13;4:33.257;0;;3:10.236;0;33.560;0;49.461;0;60.1;34:16.067;11:34:16.067;3:10.236;0:33.560;0:49.461;164.9;Mike CONWAY;0:02:53.540;LMP1;H;Toyota Gazoo Racing;Toyota;
7;0;14;1:40.173;0;;20.959;0;31.619;0;47.595;0;164.0;35:56.240;11:35:56.240;0:20.959;0:31.619;0:47.595;254.7;Mike CONWAY;;LMP1;H;Toyota Gazoo Racing;Toyota;
7;0;15;1:39.994;0;;20.647;0;32.003;0;47.344;0;164.3;37:36.234;11:37:36.234;0:20.647;0:32.003;0:47.344;255.9;Mike CONWAY;;LMP1;H;Toyota Gazoo Racing;Toyota;
7;0;16;1:49.545;0;B;20.625;0;31.214;0;57.706;0;150.0;39:25.779;11:39:25.779;0:20.625;0:31.214;0:57.706;263.4;Mike CONWAY;;LMP1;H;Toyota Gazoo Racing;Toyota;
7;0;17;2:32.449;0;;1:13.227;0;32.065;0;47.157;0;107.8;41:58.228;11:41:58.228;1:13.227;0:32.065;0:47.157;173.4;Mike CONWAY;0:00:57.700;LMP1;H;Toyota Gazoo Racing;Toyota;
7;0;18;1:37.102;0;;20.542;0;30.171;0;46.389;0;169.2;43:35.330;11:43:35.330;0:20.542;0:30.171;0:46.389;258.4;Mike CONWAY;;LMP1;H;Toyota Gazoo Racing;Toyota;
7;0;19;2:20.229;0;;24.764;0;30.771;0;1:24.694;0;117.1;45:55.559;11:45:55.559;0:24.764;0:30.771;1:24.694;262.8;Mike CONWAY;;LMP1;H;Toyota Gazoo Racing;Toyota;
7;0;20;2:51.728;0;;53.346;0;1:07.445;0;50.937;0;95.7;48:47.287;11:48:47.287;0:53.346;1:07.445;0:50.937;78.9;Mike CONWAY;;LMP1;H;Toyota Gazoo Racing;Toyota;
7;0;21;1:37.674;0;;20.284;3;31.177;0;46.213;0;168.2;50:24.961;11:50:24.961;0:20.284;0:31.177;0:46.213;274.1;Mike CONWAY;;LMP1;H;Toyota Gazoo Racing;Toyota;
7;0;22;1:37.438;0;;20.608;0;30.642;0;46.188;1;168.6;52:02.399;11:52:02.399;0:20.608;0:30.642;0:46.188;270.0;Mike CONWAY;;LMP1;H;Toyota Gazoo Racing;Toyota;
7;0;23;1:40.907;0;;20.606;0;32.475;0;47.826;0;162.8;53:43.306;11:53:43.306;0:20.606;0:32.475;0:47.826;271.4;Mike CONWAY;;LMP1;H;Toyota Gazoo Racing;Toyota;
7;0;24;1:43.603;0;B;20.826;0;30.922;0;51.855;0;158.6;55:26.909;11:55:26.909;0:20.826;0:30.922;0:51.855;257.8;Mike CONWAY;;LMP1;H;Toyota Gazoo Racing;Toyota;
7;0;25;8:26.370;0;;7:07.901;0;31.271;0;47.198;0;32.4;1:03:53.279;12:03:53.279;7:07.901;0:31.271;0:47.198;163.6;Mike CONWAY;0:06:51.765;LMP1;H;Toyota Gazoo Racing;Toyota;
7;0;26;1:38.400;0;;21.154;0;30.110;0;47.136;0;166.9;1:05:31.679;12:05:31.679;0:21.154;0:30.110;0:47.136;255.3;Mike CONWAY;;LMP1;H;Toyota Gazoo Racing;Toyota;
7;0;27;1:37.143;0;;20.811;0;30.065;1;46.267;0;169.1;1:07:08.822;12:07:08.822;0:20.811;0:30.065;0:46.267;260.9;Mike CONWAY;;LMP1;H;Toyota Gazoo Racing;Toyota;
7;0;28;1:42.106;0;;25.298;0;30.435;0;46.373;0;160.9;1:08:50.928;12:08:50.928;0:25.298;0:30.435;0:46.373;261.5;Mike CONWAY;;LMP1;H;Toyota Gazoo Racing;Toyota;
7;0;29;1:37.321;0;;20.784;0;30.155;0;46.382;0;168.8;1:10:28.249;12:10:28.249;0:20.784;0:30.155;0:46.382;259.0;Mike CONWAY;;LMP1;H;Toyota Gazoo Racing;Toyota;
7;0;30;1:45.486;0;B;20.786;0;30.177;0;54.523;0;155.7;1:12:13.735;12:12:13.735;0:20.786;0:30.177;0:54.523;257.8;Mike CONWAY;;LMP1;H;Toyota Gazoo Racing;Toyota;
7;2;31;2:45.637;0;;1:25.622;0;32.754;0;47.261;0;99.2;1:14:59.372;12:14:59.372;1:25.622;0:32.754;0:47.261;163.4;Jose Maria LOPEZ;0:01:08.770;LMP1;H;Toyota Gazoo Racing;Toyota;
7;2;32;1:46.432;0;;21.234;0;30.333;0;54.865;0;154.3;1:16:45.804;12:16:45.804;0:21.234;0:30.333;0:54.865;262.8;Jose Maria LOPEZ;;LMP1;H;Toyota Gazoo Racing;Toyota;
7;2;33;3:01.697;0;;52.399;0;1:07.254;0;1:02.044;0;90.4;1:19:47.501;12:19:47.501;0:52.399;1:07.254;1:02.044;79.3;Jose Maria LOPEZ;;LMP1;H;Toyota Gazoo Racing;Toyota;
7;2;34;1:37.683;0;;20.623;0;30.471;0;46.589;0;168.2;1:21:25.184;12:21:25.184;0:20.623;0:30.471;0:46.589;257.8;Jose Maria LOPEZ;;LMP1;H;Toyota Gazoo Racing;Toyota;
7;2;35;1:47.227;0;B;21.355;0;31.493;0;54.379;0;153.2;1:23:12.411;12:23:12.411;0:21.355;0:31.493;0:54.379;226.4;Jose Maria LOPEZ;;LMP1;H;Toyota Gazoo Racing;Toyota;
7;1;36;4:48.542;0;;3:28.136;0;31.882;0;48.524;0;56.9;1:28:00.953;12:28:00.953;3:28.136;0:31.882;0:48.524;169.0;Kamui KOBAYASHI;0:03:11.811;LMP1;H;Toyota Gazoo Racing;Toyota;
7;1;37;1:39.399;0;;21.483;0;31.027;0;46.889;0;165.3;1:29:40.352;12:29:40.352;0:21.483;0:31.027;0:46.889;226.9;Kamui KOBAYASHI;;LMP1;H;Toyota Gazoo Racing;Toyota;
7;1;38;2:08.337;0;B;20.931;0;30.196;0;1:17.210;0;128.0;1:31:48.689;12:31:48.689;0:20.931;0:30.196;1:17.210;252.3;Kamui KOBAYASHI;;LMP1;H;Toyota Gazoo Racing;Toyota;
71;0;1;11:16.148;0;;9:44.232;0;36.299;0;55.617;0;24.3;11:16.148;11:11:16.148;9:44.232;0:36.299;0:55.617;136.2;Davide RIGON;0:09:23.183;LMGTE Pro;;AF Corse;Ferrari;
71;0;2;1:49.245;0;;23.953;0;34.178;0;51.114;0;150.4;13:05.393;11:13:05.393;0:23.953;0:34.178;0:51.114;198.2;Davide RIGON;;LMGTE Pro;;AF Corse;Ferrari;
71;0;3;1:47.627;2;;23.253;0;33.624;2;50.750;0;152.6;14:53.020;11:14:53.020;0:23.253;0:33.624;0:50.750;216.0;Davide RIGON;;LMGTE Pro;;AF Corse;Ferrari;
71;0;4;1:48.212;0;;23.243;0;34.142;0;50.827;0;151.8;16:41.232;11:16:41.232;0:23.243;0:34.142;0:50.827;231.8;Davide RIGON;;LMGTE Pro;;AF Corse;Ferrari;
71;0;5;1:54.852;0;B;23.221;0;33.900;0;57.731;0;143.0;18:36.084;11:18:36.084;0:23.221;0:33.900;0:57.731;231.3;Davide RIGON;;LMGTE Pro;;AF Corse;Ferrari;
71;0;6;5:40.164;0;;4:15.347;0;34.088;0;50.729;2;48.3;24:16.248;11:24:16.248;4:15.347;0:34.088;0:50.729;135.5;Davide RIGON;0:03:55.686;LMGTE Pro;;AF Corse;Ferrari;
71;0;7;1:48.466;0;;23.392;0;34.214;0;50.860;0;151.4;26:04.714;11:26:04.714;0:23.392;0:34.214;0:50.860;231.8;Davide RIGON;;LMGTE Pro;;AF Corse;Ferrari;
71;0;8;1:47.751;0;;23.170;0;33.711;0;50.870;0;152.5;27:52.465;11:27:52.465;0:23.170;0:33.711;0:50.870;233.8;Davide RIGON;;LMGTE Pro;;AF Corse;Ferrari;
71;0;9;1:49.040;0;;23.468;0;34.309;0;51.263;0;150.6;29:41.505;11:29:41.505;0:23.468;0:34.309;0:51.263;246.0;Davide RIGON;;LMGTE Pro;;AF Corse;Ferrari;
71;0;10;1:48.392;0;;23.364;0;33.855;0;51.173;0;151.5;31:29.897;11:31:29.897;0:23.364;0:33.855;0:51.173;240.5;Davide RIGON;;LMGTE Pro;;AF Corse;Ferrari;
71;0;11;1:50.476;0;;23.297;0;33.907;0;53.272;0;148.7;33:20.373;11:33:20.373;0:23.297;0:33.907;0:53.272;240.0;Davide RIGON;;LMGTE Pro;;AF Corse;Ferrari;
71;0;12;1:48.484;0;;23.195;0;34.084;0;51.205;0;151.4;35:08.857;11:35:08.857;0:23.195;0:34.084;0:51.205;229.3;Davide RIGON;;LMGTE Pro;;AF Corse;Ferrari;
71;0;13;1:55.512;0;B;23.294;0;34.236;0;57.982;0;142.2;37:04.369;11:37:04.369;0:23.294;0:34.236;0:57.982;231.8;Davide RIGON;;LMGTE Pro;;AF Corse;Ferrari;
71;0;14;4:53.743;0;;3:27.674;0;34.595;0;51.474;0;55.9;41:58.112;11:41:58.112;3:27.674;0:34.595;0:51.474;137.8;Davide RIGON;0:03:09.936;LMGTE Pro;;AF Corse;Ferrari;
71;0;15;1:48.652;0;;23.143;1;33.852;0;51.657;0;151.2;43:46.764;11:43:46.764;0:23.143;0:33.852;0:51.657;231.3;Davide RIGON;;LMGTE Pro;;AF Corse;Ferrari;
71;0;16;2:40.075;0;;23.178;0;49.939;0;1:26.958;0;102.6;46:26.839;11:46:26.839;0:23.178;0:49.939;1:26.958;240.0;Davide RIGON;;LMGTE Pro;;AF Corse;Ferrari;
71;0;17;2:37.589;0;;52.754;0;53.430;0;51.405;0;104.2;49:04.428;11:49:04.428;0:52.754;0:53.430;0:51.405;78.7;Davide RIGON;;LMGTE Pro;;AF Corse;Ferrari;
71;0;18;1:54.915;0;B;23.416;0;34.209;0;57.290;0;142.9;50:59.343;11:50:59.343;0:23.416;0:34.209;0:57.290;255.3;Davide RIGON;;LMGTE Pro;;AF Corse;Ferrari;
71;1;19;10:29.887;0;;8:59.078;0;37.586;0;53.223;0;26.1;1:01:29.230;12:01:29.230;8:59.078;0:37.586;0:53.223;135.2;Sam BIRD;0:08:39.732;LMGTE Pro;;AF Corse;Ferrari;
71;1;20;1:50.498;0;;23.396;0;34.847;0;52.255;0;148.7;1:03:19.728;12:03:19.728;0:23.396;0:34.847;0:52.255;240.5;Sam BIRD;;LMGTE Pro;;AF Corse;Ferrari;
71;1;21;1:49.493;0;;23.462;0;34.229;0;51.802;0;150.0;1:05:09.221;12:05:09.221;0:23.462;0:34.229;0:51.802;256.5;Sam BIRD;;LMGTE Pro;;AF Corse;Ferrari;
71;1;22;1:49.050;0;;23.145;0;34.283;0;51.622;0;150.6;1:06:58.271;12:06:58.271;0:23.145;0:34.283;0:51.622;254.7;Sam BIRD;;LMGTE Pro;;AF Corse;Ferrari;
71;1;23;1:59.891;0;B;23.153;0;34.493;0;1:02.245;0;137.0;1:08:58.162;12:08:58.162;0:23.153;0:34.493;1:02.245;255.9;Sam BIRD;;LMGTE Pro;;AF Corse;Ferrari;
71;1;24;4:22.298;0;;2:55.391;0;34.767;0;52.140;0;62.6;1:13:20.460;12:13:20.460;2:55.391;0:34.767;0:52.140;138.8;Sam BIRD;0:02:37.327;LMGTE Pro;;AF Corse;Ferrari;
71;1;25;1:49.847;0;;23.313;0;34.627;0;51.907;0;149.5;1:15:10.307;12:15:10.307;0:23.313;0:34.627;0:51.907;252.3;Sam BIRD;;LMGTE Pro;;AF Corse;Ferrari;
71;1;26;2:25.456;0;B;26.927;0;35.040;0;1:23.489;0;112.9;1:17:35.763;12:17:35.763;0:26.927;0:35.040;1:23.489;259.6;Sam BIRD;;LMGTE Pro;;AF Corse;Ferrari;
71;1;27;4:46.248;0;;3:18.888;0;35.277;0;52.083;0;57.4;1:22:22.011;12:22:22.011;3:18.888;0:35.277;0:52.083;135.3;Sam BIRD;0:02:59.780;LMGTE Pro;;AF Corse;Ferrari;
71;1;28;1:49.436;0;;23.475;0;34.545;0;51.416;1;150.1;1:24:11.447;12:24:11.447;0:23.475;0:34.545;0:51.416;256.5;Sam BIRD;;LMGTE Pro;;AF Corse;Ferrari;
71;1;29;1:49.157;0;;23.264;0;34.217;1;51.676;0;150.5;1:26:00.604;12:26:00.604;0:23.264;0:34.217;0:51.676;260.2;Sam BIRD;;LMGTE Pro;;AF Corse;Ferrari;
71;1;30;1:49.531;0;;23.141;2;34.336;0;52.054;0;150.0;1:27:50.135;12:27:50.135;0:23.141;0:34.336;0:52.054;255.9;Sam BIRD;;LMGTE Pro;;AF Corse;Ferrari;
71;1;31;1:49.283;0;;23.278;0;34.366;0;51.639;0;150.3;1:29:39.418;12:29:39.418;0:23.278;0:34.366;0:51.639;262.1;Sam BIRD;;LMGTE Pro;;AF Corse;Ferrari;
71;1;32;1:59.816;0;B;24.837;0;35.380;0;59.599;0;137.1;1:31:39.234;12:31:39.234;0:24.837;0:35.380;0:59.599;250.6;Sam BIRD;;LMGTE Pro;;AF Corse;Ferrari;
77;1;1;4:30.246;0;B;2:46.699;0;40.461;0;1:03.086;0;60.8;4:30.246;11:04:30.246;2:46.699;0:40.461;1:03.086;125.7;Matteo CAIROLI;0:02:23.281;LMGTE Am;;Dempsey - Proton Racing;Porsche;
77;1;2;5:37.718;0;;4:09.161;0;36.105;0;52.452;0;48.6;10:07.964;11:10:07.964;4:09.161;0:36.105;0:52.452;134.5;Matteo CAIROLI;0:03:50.718;LMGTE Am;;Dempsey - Proton Racing;Porsche;
77;1;3;1:51.043;0;;23.780;0;35.321;0;51.942;0;147.9;11:59.007;11:11:59.007;0:23.780;0:35.321;0:51.942;226.4;Matteo CAIROLI;;LMGTE Am;;Dempsey - Proton Racing;Porsche;
77;1;4;1:50.271;0;;23.634;0;34.615;0;52.022;0;149.0;13:49.278;11:13:49.278;0:23.634;0:34.615;0:52.022;241.1;Matteo CAIROLI;;LMGTE Am;;Dempsey - Proton Racing;Porsche;
77;1;5;1:50.134;0;;23.575;0;34.572;2;51.987;0;149.2;15:39.412;11:15:39.412;0:23.575;0:34.572;0:51.987;246.0;Matteo CAIROLI;;LMGTE Am;;Dempsey - Proton Racing;Porsche;
77;1;6;1:51.124;0;;23.787;0;34.720;0;52.617;0;147.8;17:30.536;11:17:30.536;0:23.787;0:34.720;0:52.617;252.3;Matteo CAIROLI;;LMGTE Am;;Dempsey - Proton Racing;Porsche;
77;1;7;1:50.720;0;;23.537;0;34.694;0;52.489;0;148.4;19:21.256;11:19:21.256;0:23.537;0:34.694;0:52.489;246.6;Matteo CAIROLI;;LMGTE Am;;Dempsey - Proton Racing;Porsche;
77;1;8;1:57.232;0;B;23.768;0;34.740;0;58.724;0;140.1;21:18.488;11:21:18.488;0:23.768;0:34.740;0:58.724;250.6;Matteo CAIROLI;;LMGTE Am;;Dempsey - Proton Racing;Porsche;
77;1;9;6:04.087;0;;4:37.662;0;34.765;0;51.660;0;45.1;27:22.575;11:27:22.575;4:37.662;0:34.765;0:51.660;140.4;Matteo CAIROLI;0:04:20.013;LMGTE Am;;Dempsey - Proton Racing;Porsche;
77;1;10;1:49.534;0;;23.359;0;34.599;0;51.576;0;150.0;29:12.109;11:29:12.109;0:23.359;0:34.599;0:51.576;253.5;Matteo CAIROLI;;LMGTE Am;;Dempsey - Proton Racing;Porsche;
77;1;11;1:50.355;0;;23.877;0;34.784;0;51.694;0;148.9;31:02.464;11:31:02.464;0:23.877;0:34.784;0:51.694;253.5;Matteo CAIROLI;;LMGTE Am;;Dempsey - Proton Racing;Porsche;
77;1;12;1:50.026;0;;23.428;0;34.903;0;51.695;0;149.3;32:52.490;11:32:52.490;0:23.428;0:34.903;0:51.695;251.7;Matteo CAIROLI;;LMGTE Am;;Dempsey - Proton Racing;Porsche;
77;1;13;1:59.012;0;B;23.391;0;36.681;0;58.940;0;138.0;34:51.502;11:34:51.502;0:23.391;0:36.681;0:58.940;250.6;Matteo CAIROLI;;LMGTE Am;;Dempsey - Proton Racing;Porsche;
77;1;14;7:08.451;0;;5:39.075;0;36.585;0;52.791;0;38.3;41:59.953;11:41:59.953;5:39.075;0:36.585;0:52.791;139.9;Matteo CAIROLI;0:05:20.698;LMGTE Am;;Dempsey - Proton Racing;Porsche;
77;1;15;1:49.959;0;;23.356;0;35.025;0;51.578;0;149.4;43:49.912;11:43:49.912;0:23.356;0:35.025;0:51.578;241.1;Matteo CAIROLI;;LMGTE Am;;Dempsey - Proton Racing;Porsche;
77;1;16;2:49.701;0;;23.639;0;56.011;0;1:30.051;0;96.8;46:39.613;11:46:39.613;0:23.639;0:56.011;1:30.051;255.9;Matteo CAIROLI;;LMGTE Am;;Dempsey - Proton Racing;Porsche;
77;1;17;2:36.414;0;;53.922;0;49.989;0;52.503;0;105.0;49:16.027;11:49:16.027;0:53.922;0:49.989;0:52.503;78.9;Matteo CAIROLI;;LMGTE Am;;Dempsey - Proton Racing;Porsche;
77;1;18;1:49.672;0;;23.150;0;35.257;0;51.265;0;149.8;51:05.699;11:51:05.699;0:23.150;0:35.257;0:51.265;254.7;Matteo CAIROLI;;LMGTE Am;;Dempsey - Proton Racing;Porsche;
77;1;19;1:51.225;0;;23.151;0;34.730;0;53.344;0;147.7;52:56.924;11:52:56.924;0:23.151;0:34.730;0:53.344;259.6;Matteo CAIROLI;;LMGTE Am;;Dempsey - Proton Racing;Porsche;
77;1;20;1:49.042;2;;23.130;2;34.664;0;51.248;2;150.6;54:45.966;11:54:45.966;0:23.130;0:34.664;0:51.248;251.2;Matteo CAIROLI;;LMGTE Am;;Dempsey - Proton Racing;Porsche;
77;1;21;1:59.031;0;B;23.266;0;35.640;0;1:00.125;0;138.0;56:44.997;11:56:44.997;0:23.266;0:35.640;1:00.125;251.2;Matteo CAIROLI;;LMGTE Am;;Dempsey - Proton Racing;Porsche;
77;2;22;3:36.073;0;;2:03.589;0;38.599;0;53.885;0;76.0;1:00:21.070;12:00:21.070;2:03.589;0:38.599;0:53.885;128.4;Marvin DIENST;0:01:44.554;LMGTE Am;;Dempsey - Proton Racing;Porsche;
77;2;23;1:53.559;0;;24.392;0;36.687;0;52.480;0;144.7;1:02:14.629;12:02:14.629;0:24.392;0:36.687;0:52.480;203.4;Marvin DIENST;;LMGTE Am;;Dempsey - Proton Racing;Porsche;
77;2;24;1:53.156;0;;24.020;0;36.441;0;52.695;0;145.2;1:04:07.785;12:04:07.785;0:24.020;0:36.441;0:52.695;210.5;Marvin DIENST;;LMGTE Am;;Dempsey - Proton Racing;Porsche;
77;2;25;1:51.825;0;;23.759;0;35.816;0;52.250;0;146.9;1:05:59.610;12:05:59.610;0:23.759;0:35.816;0:52.250;223.1;Marvin DIENST;;LMGTE Am;;Dempsey - Proton Racing;Porsche;
77;2;26;1:50.969;0;;23.532;1;35.371;1;52.066;0;148.0;1:07:50.579;12:07:50.579;0:23.532;0:35.371;0:52.066;235.3;Marvin DIENST;;LMGTE Am;;Dempsey - Proton Racing;Porsche;
77;2;27;1:51.546;0;;23.600;0;35.837;0;52.109;0;147.3;1:09:42.125;12:09:42.125;0:23.600;0:35.837;0:52.109;230.3;Marvin DIENST;;LMGTE Am;;Dempsey - Proton Racing;Porsche;
77;2;28;1:54.246;0;;23.670;0;36.853;0;53.723;0;143.8;1:11:36.371;12:11:36.371;0:23.670;0:36.853;0:53.723;229.8;Marvin DIENST;;LMGTE Am;;Dempsey - Proton Racing;Porsche;
77;2;29;1:51.557;0;;23.890;0;35.564;0;52.103;0;147.3;1:13:27.928;12:13:27.928;0:23.890;0:35.564;0:52.103;224.1;Marvin DIENST;;LMGTE Am;;Dempsey - Proton Racing;Porsche;
77;2;30;1:50.877;0;;23.541;0;35.588;0;51.748;1;148.2;1:15:18.805;12:15:18.805;0:23.541;0:35.588;0:51.748;233.3;Marvin DIENST;;LMGTE Am;;Dempsey - Proton Racing;Porsche;
77;2;31;2:24.499;0;B;23.553;0;35.821;0;1:25.125;0;113.7;1:17:43.304;12:17:43.304;0:23.553;0:35.821;1:25.125;235.3;Marvin DIENST;;LMGTE Am;;Dempsey - Proton Racing;Porsche;
77;0;32;5:15.754;0;;3:39.978;0;39.944;0;55.832;0;52.0;1:22:59.058;12:22:59.058;3:39.978;0:39.944;0:55.832;123.7;Christian RIED;0:03:19.286;LMGTE Am;;Dempsey - Proton Racing;Porsche;
77;0;33;1:58.190;0;;24.460;0;38.256;0;55.474;0;139.0;1:24:57.248;12:24:57.248;0:24.460;0:38.256;0:55.474;195.3;Christian RIED;;LMGTE Am;;Dempsey - Proton Racing;Porsche;
77;0;34;1:57.900;0;;24.250;0;38.632;0;55.018;0;139.3;1:26:55.148;12:26:55.148;0:24.250;0:38.632;0:55.018;204.9;Christian RIED;;LMGTE Am;;Dempsey - Proton Racing;Porsche;
77;0;35;1:56.531;0;;24.241;0;37.949;0;54.341;1;141.0;1:28:51.679;12:28:51.679;0:24.241;0:37.949;0:54.341;206.5;Christian RIED;;LMGTE Am;;Dempsey - Proton Racing;Porsche;
77;0;36;1:56.302;0;;24.009;1;37.009;1;55.284;0;141.2;1:30:47.981;12:30:47.981;0:24.009;0:37.009;0:55.284;209.3;Christian RIED;;LMGTE Am;;Dempsey - Proton Racing;Porsche;
8;0;1;2:38.180;0;B;1:02.636;0;35.769;0;59.775;0;103.8;2:38.180;11:02:38.180;1:02.636;0:35.769;0:59.775;141.4;Sébastien BUEMI;0:00:42.365;LMP1;H;Toyota Gazoo Racing;Toyota;
8;0;2;6:14.903;0;;4:55.097;0;32.216;0;47.590;0;43.8;8:53.083;11:08:53.083;4:55.097;0:32.216;0:47.590;165.9;Sébastien BUEMI;0:04:39.207;LMP1;H;Toyota Gazoo Racing;Toyota;
8;0;3;1:39.660;0;;21.881;0;30.360;0;47.419;0;164.8;10:32.743;11:10:32.743;0:21.881;0:30.360;0:47.419;218.2;Sébastien BUEMI;;LMP1;H;Toyota Gazoo Racing;Toyota;
8;0;4;1:37.893;0;;21.028;0;29.976;0;46.889;0;167.8;12:10.636;11:12:10.636;0:21.028;0:29.976;0:46.889;246.6;Sébastien BUEMI;;LMP1;H;Toyota Gazoo Racing;Toyota;
8;0;5;1:39.536;0;;23.932;0;29.526;0;46.078;0;165.0;13:50.172;11:13:50.172;0:23.932;0:29.526;0:46.078;253.5;Sébastien BUEMI;;LMP1;H;Toyota Gazoo Racing;Toyota;
8;0;6;1:36.807;0;;21.027;0;29.453;0;46.327;0;169.7;15:26.979;11:15:26.979;0:21.027;0:29.453;0:46.327;249.4;Sébastien BUEMI;;LMP1;H;Toyota Gazoo Racing;Toyota;
8;0;7;1:37.041;0;;20.772;0;29.574;0;46.695;0;169.3;17:04.020;11:17:04.020;0:20.772;0:29.574;0:46.695;254.7;Sébastien BUEMI;;LMP1;H;Toyota Gazoo Racing;Toyota;
8;0;8;1:36.105;2;;20.701;0;29.295;2;46.109;0;170.9;18:40.125;11:18:40.125;0:20.701;0:29.295;0:46.109;255.9;Sébastien BUEMI;;LMP1;H;Toyota Gazoo Racing;Toyota;
8;0;9;1:43.321;0;B;20.911;0;29.352;0;53.058;0;159.0;20:23.446;11:20:23.446;0:20.911;0:29.352;0:53.058;256.5;Sébastien BUEMI;;LMP1;H;Toyota Gazoo Racing;Toyota;
8;0;10;8:11.315;0;;6:53.813;0;31.191;0;46.311;0;33.4;28:34.761;11:28:34.761;6:53.813;0:31.191;0:46.311;166.2;Sébastien BUEMI;0:06:38.049;LMP1;H;Toyota Gazoo Racing;Toyota;
8;0;11;1:37.526;0;;20.741;0;30.341;0;46.444;0;168.4;30:12.287;11:30:12.287;0:20.741;0:30.341;0:46.444;260.2;Sébastien BUEMI;;LMP1;H;Toyota Gazoo Racing;Toyota;
8;0;12;1:36.216;0;;20.719;0;29.472;0;46.025;0;170.7;31:48.503;11:31:48.503;0:20.719;0:29.472;0:46.025;260.2;Sébastien BUEMI;;LMP1;H;Toyota Gazoo Racing;Toyota;
8;0;13;1:36.518;0;;20.559;1;29.760;0;46.199;0;170.2;33:25.021;11:33:25.021;0:20.559;0:29.760;0:46.199;260.9;Sébastien BUEMI;;LMP1;H;Toyota Gazoo Racing;Toyota;
8;0;14;1:36.374;0;;20.570;0;29.796;0;46.008;1;170.4;35:01.395;11:35:01.395;0:20.570;0:29.796;0:46.008;259.0;Sébastien BUEMI;;LMP1;H;Toyota Gazoo Racing;Toyota;
8;0;15;1:43.500;0;B;20.628;0;29.504;0;53.368;0;158.7;36:44.895;11:36:44.895;0:20.628;0:29.504;0:53.368;257.1;Sébastien BUEMI;;LMP1;H;Toyota Gazoo Racing;Toyota;
8;1;16;8:32.958;0;;6:46.857;0;31.672;0;1:14.429;0;32.0;45:17.853;11:45:17.853;6:46.857;0:31.672;1:14.429;166.2;Anthony DAVIDSON;0:06:30.702;LMP1;H;Toyota Gazoo Racing;Toyota;
8;1;17;3:01.037;0;;53.813;0;1:06.926;0;1:00.298;0;90.7;48:18.890;11:48:18.890;0:53.813;1:06.926;1:00.298;79.4;Anthony DAVIDSON;;LMP1;H;Toyota Gazoo Racing;Toyota;
8;1;18;1:36.731;0;;20.375;2;30.109;0;46.247;0;169.8;49:55.621;11:49:55.621;0:20.375;0:30.109;0:46.247;256.5;Anthony DAVIDSON;;LMP1;H;Toyota Gazoo Racing;Toyota;
8;1;19;1:37.598;0;;20.732;0;31.029;0;45.837;2;168.3;51:33.219;11:51:33.219;0:20.732;0:31.029;0:45.837;264.1;Anthony DAVIDSON;;LMP1;H;Toyota Gazoo Racing;Toyota;
8;1;20;1:38.577;0;;20.728;0;30.139;0;47.710;0;166.6;53:11.796;11:53:11.796;0:20.728;0:30.139;0:47.710;262.8;Anthony DAVIDSON;;LMP1;H;Toyota Gazoo Racing;Toyota;
8;1;21;1:52.887;0;;20.583;0;30.915;0;1:01.389;0;145.5;55:04.683;11:55:04.683;0:20.583;0:30.915;1:01.389;260.2;Anthony DAVIDSON;;LMP1;H;Toyota Gazoo Racing;Toyota;
8;1;22;1:37.133;0;;20.762;0;30.019;0;46.352;0;169.1;56:41.816;11:56:41.816;0:20.762;0:30.019;0:46.352;261.5;Anthony DAVIDSON;;LMP1;H;Toyota Gazoo Racing;Toyota;
8;1;23;1:37.695;0;;20.919;0;29.831;0;46.945;0;168.1;58:19.511;11:58:19.511;0:20.919;0:29.831;0:46.945;261.5;Anthony DAVIDSON;;LMP1;H;Toyota Gazoo Racing;Toyota;
8;1;24;1:37.008;0;;20.779;0;29.746;1;46.483;0;169.3;59:56.519;11:59:56.519;0:20.779;0:29.746;0:46.483;266.0;Anthony DAVIDSON;;LMP1;H;Toyota Gazoo Racing;Toyota;
8;1;25;1:37.221;0;;20.641;0;30.105;0;46.475;0;169.0;1:01:33.740;12:01:33.740;0:20.641;0:30.105;0:46.475;261.5;Anthony DAVIDSON;;LMP1;H;Toyota Gazoo Racing;Toyota;
8;1;26;1:37.887;0;;20.657;0;30.302;0;46.928;0;167.8;1:03:11.627;12:03:11.627;0:20.657;0:30.302;0:46.928;264.1;Anthony DAVIDSON;;LMP1;H;Toyota Gazoo Racing;Toyota;
8;1;27;1:38.290;0;;20.934;0;30.436;0;46.920;0;167.1;1:04:49.917;12:04:49.917;0:20.934;0:30.436;0:46.920;259.6;Anthony DAVIDSON;;LMP1;H;Toyota Gazoo Racing;Toyota;
8;1;28;1:38.495;0;;20.899;0;30.906;0;46.690;0;166.8;1:06:28.412;12:06:28.412;0:20.899;0:30.906;0:46.690;262.1;Anthony DAVIDSON;;LMP1;H;Toyota Gazoo Racing;Toyota;
8;1;29;1:53.721;0;B;22.050;0;36.522;0;55.149;0;144.4;1:08:22.133;12:08:22.133;0:22.050;0:36.522;0:55.149;261.5;Anthony DAVIDSON;;LMP1;H;Toyota Gazoo Racing;Toyota;
8;2;30;7:15.653;0;;5:56.779;0;31.673;0;47.201;0;37.7;1:15:37.786;12:15:37.786;5:56.779;0:31.673;0:47.201;157.0;Kazuki NAKAJIMA;0:05:39.942;LMP1;H;Toyota Gazoo Racing;Toyota;
8;2;31;2:14.285;0;;20.684;0;30.130;0;1:23.471;0;122.3;1:17:52.071;12:17:52.071;0:20.684;0:30.130;1:23.471;259.6;Kazuki NAKAJIMA;;LMP1;H;Toyota Gazoo Racing;Toyota;
8;2;32;2:37.819;0;;53.093;0;55.623;0;49.103;0;104.1;1:20:29.890;12:20:29.890;0:53.093;0:55.623;0:49.103;77.6;Kazuki NAKAJIMA;;LMP1;H;Toyota Gazoo Racing;Toyota;
8;2;33;1:37.222;0;;20.613;1;30.119;1;46.490;1;169.0;1:22:07.112;12:22:07.112;0:20.613;0:30.119;0:46.490;265.4;Kazuki NAKAJIMA;;LMP1;H;Toyota Gazoo Racing;Toyota;
8;2;34;1:40.407;0;;20.865;0;30.943;0;48.599;0;163.6;1:23:47.519;12:23:47.519;0:20.865;0:30.943;0:48.599;255.3;Kazuki NAKAJIMA;;LMP1;H;Toyota Gazoo Racing;Toyota;
8;2;35;1:37.668;0;;20.688;0;30.155;0;46.825;0;168.2;1:25:25.187;12:25:25.187;0:20.688;0:30.155;0:46.825;260.9;Kazuki NAKAJIMA;;LMP1;H;Toyota Gazoo Racing;Toyota;
8;2;36;1:45.298;0;B;21.208;0;30.533;0;53.557;0;156.0;1:27:10.485;12:27:10.485;0:21.208;0:30.533;0:53.557;223.6;Kazuki NAKAJIMA;;LMP1;H;Toyota Gazoo Racing;Toyota;
8;2;37;2:32.244;0;;1:09.490;0;32.634;0;50.120;0;107.9;1:29:42.729;12:29:42.729;1:09.490;0:32.634;0:50.120;169.8;Kazuki NAKAJIMA;0:00:53.116;LMP1;H;Toyota Gazoo Racing;Toyota;
8;2;38;1:38.518;0;;21.022;0;30.212;0;47.284;0;166.7;1:31:21.247;12:31:21.247;0:21.022;0:30.212;0:47.284;257.8;Kazuki NAKAJIMA;;LMP1;H;Toyota Gazoo Racing;Toyota;
86;1;1;2:57.415;0;;1:23.619;0;39.768;0;54.028;0;92.6;2:57.415;11:02:57.415;1:23.619;0:39.768;0:54.028;102.3;Benjamin BARKER;0:01:00.286;LMGTE Am;;Gulf Racing UK;Porsche;
86;1;2;1:53.355;0;;24.285;0;35.805;0;53.265;0;144.9;4:50.770;11:04:50.770;0:24.285;0:35.805;0:53.265;214.7;Benjamin BARKER;;LMGTE Am;;Gulf Racing UK;Porsche;
86;1;3;1:52.439;2;;23.956;0;35.465;2;53.018;1;146.1;6:43.209;11:06:43.209;0:23.956;0:35.465;0:53.018;240.0;Benjamin BARKER;;LMGTE Am;;Gulf Racing UK;Porsche;
86;1;4;1:52.633;0;;23.956;0;35.587;0;53.090;0;145.8;8:35.842;11:08:35.842;0:23.956;0:35.587;0:53.090;236.3;Benjamin BARKER;;LMGTE Am;;Gulf Racing UK;Porsche;
86;1;5;2:00.360;0;B;23.775;1;35.577;0;1:01.008;0;136.5;10:36.202;11:10:36.202;0:23.775;0:35.577;1:01.008;230.3;Benjamin BARKER;;LMGTE Am;;Gulf Racing UK;Porsche;
86;1;6;6:28.443;0;B;4:45.451;0;40.603;0;1:02.389;0;42.3;17:04.645;11:17:04.645;4:45.451;0:40.603;1:02.389;132.2;Benjamin BARKER;0:04:26.047;LMGTE Am;;Gulf Racing UK;Porsche;
86;0;7;7:51.716;0;;6:16.707;0;39.419;0;55.590;0;34.8;24:56.361;11:24:56.361;6:16.707;0:39.419;0:55.590;116.8;Michael HEDLUND;0:05:55.798;LMGTE Am;;Gulf Racing UK;Porsche;
86;0;8;1:56.286;0;;25.142;0;37.043;0;54.101;0;141.3;26:52.647;11:26:52.647;0:25.142;0:37.043;0:54.101;187.8;Michael HEDLUND;;LMGTE Am;;Gulf Racing UK;Porsche;
86;0;9;1:55.219;0;;24.257;0;36.941;0;54.021;0;142.6;28:47.866;11:28:47.866;0:24.257;0:36.941;0:54.021;211.4;Michael HEDLUND;;LMGTE Am;;Gulf Racing UK;Porsche;
86;0;10;1:56.109;0;;24.656;0;36.885;0;54.568;0;141.5;30:43.975;11:30:43.975;0:24.656;0:36.885;0:54.568;194.2;Michael HEDLUND;;LMGTE Am;;Gulf Racing UK;Porsche;
86;0;11;1:55.182;0;;24.449;0;36.804;0;53.929;0;142.6;32:39.157;11:32:39.157;0:24.449;0:36.804;0:53.929;208.1;Michael HEDLUND;;LMGTE Am;;Gulf Racing UK;Porsche;
86;0;12;1:55.194;0;;24.837;0;36.571;0;53.786;1;142.6;34:34.351;11:34:34.351;0:24.837;0:36.571;0:53.786;205.7;Michael HEDLUND;;LMGTE Am;;Gulf Racing UK;Porsche;
86;0;13;1:54.302;0;;23.918;0;36.398;1;53.986;0;143.7;36:28.653;11:36:28.653;0:23.918;0:36.398;0:53.986;222.2;Michael HEDLUND;;LMGTE Am;;Gulf Racing UK;Porsche;
86;0;14;1:54.312;0;;23.796;1;36.643;0;53.873;0;143.7;38:22.965;11:38:22.965;0:23.796;0:36.643;0:53.873;225.9;Michael HEDLUND;;LMGTE Am;;Gulf Racing UK;Porsche;
86;0;15;2:03.760;0;B;24.036;0;36.884;0;1:02.840;0;132.7;40:26.725;11:40:26.725;0:24.036;0:36.884;1:02.840;206.5;Michael HEDLUND;;LMGTE Am;;Gulf Racing UK;Porsche;
86;2;16;6:12.258;0;;3:45.046;0;55.337;0;1:31.875;0;44.1;46:38.983;11:46:38.983;3:45.046;0:55.337;1:31.875;131.1;Nicholas FOSTER;0:03:21.755;LMGTE Am;;Gulf Racing UK;Porsche;
86;2;17;2:38.916;0;;53.814;0;52.197;0;52.905;2;103.4;49:17.899;11:49:17.899;0:53.814;0:52.197;0:52.905;78.9;Nicholas FOSTER;;LMGTE Am;;Gulf Racing UK;Porsche;
86;2;18;1:54.439;0;;23.471;2;35.659;0;55.309;0;143.5;51:12.338;11:51:12.338;0:23.471;0:35.659;0:55.309;236.3;Nicholas FOSTER;;LMGTE Am;;Gulf Racing UK;Porsche;
86;2;19;1:52.595;0;;23.852;0;35.525;1;53.218;0;145.9;53:04.933;11:53:04.933;0:23.852;0:35.525;0:53.218;226.4;Nicholas FOSTER;;LMGTE Am;;Gulf Racing UK;Porsche;
86;2;20;2:00.855;0;B;23.826;0;35.904;0;1:01.125;0;135.9;55:05.788;11:55:05.788;0:23.826;0:35.904;1:01.125;228.8;Nicholas FOSTER;;LMGTE Am;;Gulf Racing UK;Porsche;
86;2;21;5:33.286;0;;3:57.059;0;40.884;0;55.343;0;49.3;1:00:39.074;12:00:39.074;3:57.059;0:40.884;0:55.343;131.4;Nicholas FOSTER;0:03:37.084;LMGTE Am;;Gulf Racing UK;Porsche;
86;2;22;1:56.532;0;;25.089;0;36.370;0;55.073;0;141.0;1:02:35.606;12:02:35.606;0:25.089;0:36.370;0:55.073;193.5;Nicholas FOSTER;;LMGTE Am;;Gulf Racing UK;Porsche;
86;2;23;1:56.894;0;;24.397;0;36.226;0;56.271;0;140.5;1:04:32.500;12:04:32.500;0:24.397;0:36.226;0:56.271;213.9;Nicholas FOSTER;;LMGTE Am;;Gulf Racing UK;Porsche;
86;2;24;2:01.880;0;B;24.313;0;37.694;0;59.873;0;134.8;1:06:34.380;12:06:34.380;0:24.313;0:37.694;0:59.873;207.3;Nicholas FOSTER;;LMGTE Am;;Gulf Racing UK;Porsche;
86;2;25;8:02.336;0;;6:33.459;0;35.748;0;53.129;0;34.1;1:14:36.716;12:14:36.716;6:33.459;0:35.748;0:53.129;139.2;Nicholas FOSTER;0:06:15.313;LMGTE Am;;Gulf Racing UK;Porsche;
86;2;26;1:58.319;0;B;23.687;0;35.701;0;58.931;0;138.8;1:16:35.035;12:16:35.035;0:23.687;0:35.701;0:58.931;233.3;Nicholas FOSTER;;LMGTE Am;;Gulf Racing UK;Porsche;
86;0;27;4:39.769;0;;3:06.434;0;37.551;0;55.784;0;58.7;1:21:14.804;12:21:14.804;3:06.434;0:37.551;0:55.784;79.4;Michael HEDLUND;0:02:42.687;LMGTE Am;;Gulf Racing UK;Porsche;
86;0;28;1:57.349;0;;25.739;0;37.256;0;54.354;0;140.0;1:23:12.153;12:23:12.153;0:25.739;0:37.256;0:54.354;192.9;Michael HEDLUND;;LMGTE Am;;Gulf Racing UK;Porsche;
86;0;29;1:55.439;0;;24.427;0;36.863;0;54.149;0;142.3;1:25:07.592;12:25:07.592;0:24.427;0:36.863;0:54.149;205.7;Michael HEDLUND;;LMGTE Am;;Gulf Racing UK;Porsche;
86;0;30;1:54.828;0;;24.350;0;36.424;0;54.054;0;143.1;1:27:02.420;12:27:02.420;0:24.350;0:36.424;0:54.054;201.5;Michael HEDLUND;;LMGTE Am;;Gulf Racing UK;Porsche;
86;0;31;1:55.851;0;;24.925;0;36.630;0;54.296;0;141.8;1:28:58.271;12:28:58.271;0:24.925;0:36.630;0:54.296;208.9;Michael HEDLUND;;LMGTE Am;;Gulf Racing UK;Porsche;
86;0;32;1:57.788;0;;24.058;0;36.948;0;56.782;0;139.5;1:30:56.059;12:30:56.059;0:24.058;0:36.948;0:56.782;221.8;Michael HEDLUND;;LMGTE Am;;Gulf Racing UK;Porsche;
91;0;1;8:58.410;0;;7:20.836;0;40.620;0;56.954;0;30.5;8:58.410;11:08:58.410;7:20.836;0:40.620;0:56.954;98.7;Richard LIETZ;0:06:55.416;LMGTE Pro;;Porsche GT Team;Porsche;
91;0;2;1:49.620;0;;23.612;0;35.182;0;50.826;0;149.9;10:48.030;11:10:48.030;0:23.612;0:35.182;0:50.826;222.2;Richard LIETZ;;LMGTE Pro;;Porsche GT Team;Porsche;
91;0;3;1:48.224;0;;23.112;0;34.369;0;50.743;2;151.8;12:36.254;11:12:36.254;0:23.112;0:34.369;0:50.743;244.9;Richard LIETZ;;LMGTE Pro;;Porsche GT Team;Porsche;
91;0;4;1:47.811;0;;23.131;0;33.628;0;51.052;0;152.4;14:24.065;11:14:24.065;0:23.131;0:33.628;0:51.052;237.9;Richard LIETZ;;LMGTE Pro;;Porsche GT Team;Porsche;
91;0;5;1:47.617;2;;23.133;0;33.578;2;50.906;0;152.6;16:11.682;11:16:11.682;0:23.133;0:33.578;0:50.906;250.0;Richard LIETZ;;LMGTE Pro;;Porsche GT Team;Porsche;
91;0;6;1:48.361;0;;23.308;0;33.591;0;51.462;0;151.6;18:00.043;11:18:00.043;0:23.308;0:33.591;0:51.462;254.7;Richard LIETZ;;LMGTE Pro;;Porsche GT Team;Porsche;
91;0;7;2:06.959;0;B;28.758;0;35.410;0;1:02.791;0;129.4;20:07.002;11:20:07.002;0:28.758;0:35.410;1:02.791;263.4;Richard LIETZ;;LMGTE Pro;;Porsche GT Team;Porsche;
91;0;8;6:31.911;0;;5:06.477;0;33.973;0;51.461;0;41.9;26:38.913;11:26:38.913;5:06.477;0:33.973;0:51.461;137.8;Richard LIETZ;0:04:48.412;LMGTE Pro;;Porsche GT Team;Porsche;
91;0;9;1:51.111;0;;25.455;0;33.979;0;51.677;0;147.8;28:30.024;11:28:30.024;0:25.455;0:33.979;0:51.677;260.9;Richard LIETZ;;LMGTE Pro;;Porsche GT Team;Porsche;
91;0;10;1:48.270;0;;22.999;0;33.867;0;51.404;0;151.7;30:18.294;11:30:18.294;0:22.999;0:33.867;0:51.404;260.2;Richard LIETZ;;LMGTE Pro;;Porsche GT Team;Porsche;
91;0;11;1:53.623;0;;23.253;0;36.445;0;53.925;0;144.6;32:11.917;11:32:11.917;0:23.253;0:36.445;0:53.925;260.2;Richard LIETZ;;LMGTE Pro;;Porsche GT Team;Porsche;
91;0;12;1:54.763;0;B;23.007;0;34.112;0;57.644;0;143.1;34:06.680;11:34:06.680;0:23.007;0:34.112;0:57.644;255.3;Richard LIETZ;;LMGTE Pro;;Porsche GT Team;Porsche;
91;0;13;5:25.807;0;;3:59.480;0;34.814;0;51.513;0;50.4;39:32.487;11:39:32.487;3:59.480;0:34.814;0:51.513;137.2;Richard LIETZ;0:03:40.006;LMGTE Pro;;Porsche GT Team;Porsche;
91;0;14;1:48.484;0;;22.947;0;34.100;0;51.437;0;151.4;41:20.971;11:41:20.971;0:22.947;0:34.100;0:51.437;258.4;Richard LIETZ;;LMGTE Pro;;Porsche GT Team;Porsche;
91;0;15;1:54.314;0;B;23.082;0;34.041;0;57.191;0;143.7;43:15.285;11:43:15.285;0:23.082;0:34.041;0:57.191;251.7;Richard LIETZ;;LMGTE Pro;;Porsche GT Team;Porsche;
91;0;16;7:20.214;0;;5:48.061;0;38.874;0;53.279;0;37.3;50:35.499;11:50:35.499;5:48.061;0:38.874;0:53.279;111.6;Richard LIETZ;0:05:27.919;LMGTE Pro;;Porsche GT Team;Porsche;
91;0;17;1:51.523;0;;25.873;0;34.398;0;51.252;0;147.3;52:27.022;11:52:27.022;0:25.873;0:34.398;0:51.252;264.7;Richard LIETZ;;LMGTE Pro;;Porsche GT Team;Porsche;
91;0;18;1:48.053;0;;22.925;2;33.999;0;51.129;0;152.0;54:15.075;11:54:15.075;0:22.925;0:33.999;0:51.129;260.2;Richard LIETZ;;LMGTE Pro;;Porsche GT Team;Porsche;
91;0;19;1:48.839;0;;22.986;0;34.832;0;51.021;0;150.9;56:03.914;11:56:03.914;0:22.986;0:34.832;0:51.021;255.3;Richard LIETZ;;LMGTE Pro;;Porsche GT Team;Porsche;
91;0;20;1:55.630;0;B;23.099;0;34.178;0;58.353;0;142.1;57:59.544;11:57:59.544;0:23.099;0:34.178;0:58.353;254.7;Richard LIETZ;;LMGTE Pro;;Porsche GT Team;Porsche;
91;1;21;4:35.025;0;;3:07.857;0;34.912;0;52.256;0;59.7;1:02:34.569;12:02:34.569;3:07.857;0:34.912;0:52.256;137.6;Frédéric MAKOWIECKI;0:02:49.598;LMGTE Pro;;Porsche GT Team;Porsche;
91;1;22;1:49.469;0;;23.464;0;34.221;1;51.784;0;150.1;1:04:24.038;12:04:24.038;0:23.464;0:34.221;0:51.784;223.6;Frédéric MAKOWIECKI;;LMGTE Pro;;Porsche GT Team;Porsche;
91;1;23;1:49.570;0;;23.005;1;34.985;0;51.580;0;149.9;1:06:13.608;12:06:13.608;0:23.005;0:34.985;0:51.580;240.0;Frédéric MAKOWIECKI;;LMGTE Pro;;Porsche GT Team;Porsche;
91;1;24;1:48.877;0;;23.050;0;34.297;0;51.530;0;150.9;1:08:02.485;12:08:02.485;0:23.050;0:34.297;0:51.530;248.3;Frédéric MAKOWIECKI;;LMGTE Pro;;Porsche GT Team;Porsche;
91;1;25;1:49.460;0;;23.450;0;34.675;0;51.335;1;150.1;1:09:51.945;12:09:51.945;0:23.450;0:34.675;0:51.335;252.3;Frédéric MAKOWIECKI;;LMGTE Pro;;Porsche GT Team;Porsche;
91;1;26;1:57.481;0;B;24.005;0;34.422;0;59.054;0;139.8;1:11:49.426;12:11:49.426;0:24.005;0:34.422;0:59.054;259.0;Frédéric MAKOWIECKI;;LMGTE Pro;;Porsche GT Team;Porsche;
91;1;27;3:07.627;0;;1:37.152;0;37.335;0;53.140;0;87.6;1:14:57.053;12:14:57.053;1:37.152;0:37.335;0:53.140;122.7;Frédéric MAKOWIECKI;0:01:17.135;LMGTE Pro;;Porsche GT Team;Porsche;
91;1;28;2:09.958;0;;23.685;0;34.758;0;1:11.515;0;126.4;1:17:07.011;12:17:07.011;0:23.685;0:34.758;1:11.515;217.7;Frédéric MAKOWIECKI;;LMGTE Pro;;Porsche GT Team;Porsche;
91;1;29;3:00.376;0;;52.768;0;1:06.853;0;1:00.755;0;91.1;1:20:07.387;12:20:07.387;0:52.768;1:06.853;1:00.755;80.0;Frédéric MAKOWIECKI;;LMGTE Pro;;Porsche GT Team;Porsche;
91;1;30;1:55.095;0;;23.881;0;37.238;0;53.976;0;142.7;1:22:02.482;12:22:02.482;0:23.881;0:37.238;0:53.976;224.1;Frédéric MAKOWIECKI;;LMGTE Pro;;Porsche GT Team;Porsche;
91;1;31;1:51.537;0;;23.887;0;35.258;0;52.392;0;147.3;1:23:54.019;12:23:54.019;0:23.887;0:35.258;0:52.392;219.1;Frédéric MAKOWIECKI;;LMGTE Pro;;Porsche GT Team;Porsche;
91;1;32;1:50.917;0;;23.769;0;34.649;0;52.499;0;148.1;1:25:44.936;12:25:44.936;0:23.769;0:34.649;0:52.499;213.9;Frédéric MAKOWIECKI;;LMGTE Pro;;Porsche GT Team;Porsche;
91;1;33;1:51.573;0;;23.578;0;34.604;0;53.391;0;147.2;1:27:36.509;12:27:36.509;0:23.578;0:34.604;0:53.391;230.3;Frédéric MAKOWIECKI;;LMGTE Pro;;Porsche GT Team;Porsche;
91;1;34;1:55.054;0;;24.119;0;35.062;0;55.873;0;142.8;1:29:31.563;12:29:31.563;0:24.119;0:35.062;0:55.873;206.1;Frédéric MAKOWIECKI;;LMGTE Pro;;Porsche GT Team;Porsche;
91;1;35;1:56.096;0;B;23.509;0;34.702;0;57.885;0;141.5;1:31:27.659;12:31:27.659;0:23.509;0:34.702;0:57.885;234.8;Frédéric MAKOWIECKI;;LMGTE Pro;;Porsche GT Team;Porsche;
92;0;1;3:19.705;0;;1:44.839;0;40.090;0;54.776;0;82.3;3:19.705;11:03:19.705;1:44.839;0:40.090;0:54.776;110.3;Michael CHRISTENSEN;0:01:21.632;LMGTE Pro;;Porsche GT Team;Porsche;
92;0;2;1:52.334;0;;24.642;0;36.412;0;51.280;0;146.2;5:12.039;11:05:12.039;0:24.642;0:36.412;0:51.280;199.6;Michael CHRISTENSEN;;LMGTE Pro;;Porsche GT Team;Porsche;
92;0;3;1:51.644;0;;24.266;0;36.251;0;51.127;0;147.1;7:03.683;11:07:03.683;0:24.266;0:36.251;0:51.127;212.6;Michael CHRISTENSEN;;LMGTE Pro;;Porsche GT Team;Porsche;
92;0;4;1:49.923;0;;23.535;0;35.247;0;51.141;0;149.4;8:53.606;11:08:53.606;0:23.535;0:35.247;0:51.141;207.3;Michael CHRISTENSEN;;LMGTE Pro;;Porsche GT Team;Porsche;
92;0;5;1:47.767;0;;23.160;0;34.170;0;50.437;0;152.4;10:41.373;11:10:41.373;0:23.160;0:34.170;0:50.437;215.1;Michael CHRISTENSEN;;LMGTE Pro;;Porsche GT Team;Porsche;
92;0;6;1:47.871;0;;22.926;0;33.986;0;50.959;0;152.3;12:29.244;11:12:29.244;0:22.926;0:33.986;0:50.959;247.1;Michael CHRISTENSEN;;LMGTE Pro;;Porsche GT Team;Porsche;
92;0;7;1:49.344;0;;22.992;0;35.622;0;50.730;0;150.2;14:18.588;11:14:18.588;0:22.992;0:35.622;0:50.730;257.8;Michael CHRISTENSEN;;LMGTE Pro;;Porsche GT Team;Porsche;
92;0;8;1:47.655;0;;22.939;0;34.388;0;50.328;2;152.6;16:06.243;11:16:06.243;0:22.939;0:34.388;0:50.328;254.1;Michael CHRISTENSEN;;LMGTE Pro;;Porsche GT Team;Porsche;
92;0;9;1:47.365;2;;22.917;0;33.905;0;50.543;0;153.0;17:53.608;11:17:53.608;0:22.917;0:33.905;0:50.543;252.9;Michael CHRISTENSEN;;LMGTE Pro;;Porsche GT Team;Porsche;
92;0;10;1:53.287;0;;22.914;0;34.395;0;55.978;0;145.0;19:46.895;11:19:46.895;0:22.914;0:34.395;0:55.978;255.9;Michael CHRISTENSEN;;LMGTE Pro;;Porsche GT Team;Porsche;
92;0;11;1:49.945;0;;22.791;0;33.927;0;53.227;0;149.4;21:36.840;11:21:36.840;0:22.791;0:33.927;0:53.227;256.5;Michael CHRISTENSEN;;LMGTE Pro;;Porsche GT Team;Porsche;
92;0;12;1:56.229;0;B;22.783;2;33.738;2;59.708;0;141.3;23:33.069;11:23:33.069;0:22.783;0:33.738;0:59.708;257.8;Michael CHRISTENSEN;;LMGTE Pro;;Porsche GT Team;Porsche;
92;1;13;8:04.590;0;;6:38.412;0;34.768;0;51.410;0;33.9;31:37.659;11:31:37.659;6:38.412;0:34.768;0:51.410;134.8;Kevin ESTRE;0:06:19.365;LMGTE Pro;;Porsche GT Team;Porsche;
92;1;14;1:49.224;0;;23.296;0;34.580;0;51.348;0;150.4;33:26.883;11:33:26.883;0:23.296;0:34.580;0:51.348;229.3;Kevin ESTRE;;LMGTE Pro;;Porsche GT Team;Porsche;
92;1;15;1:49.324;0;;23.253;0;35.052;0;51.019;0;150.3;35:16.207;11:35:16.207;0:23.253;0:35.052;0:51.019;234.3;Kevin ESTRE;;LMGTE Pro;;Porsche GT Team;Porsche;
92;1;16;1:48.815;0;;23.071;0;34.586;0;51.158;0;151.0;37:05.022;11:37:05.022;0:23.071;0:34.586;0:51.158;255.3;Kevin ESTRE;;LMGTE Pro;;Porsche GT Team;Porsche;
92;1;17;1:52.442;0;;26.652;0;34.903;0;50.887;0;146.1;38:57.464;11:38:57.464;0:26.652;0:34.903;0:50.887;264.1;Kevin ESTRE;;LMGTE Pro;;Porsche GT Team;Porsche;
92;1;18;1:48.617;0;;23.123;0;34.259;0;51.235;0;151.2;40:46.081;11:40:46.081;0:23.123;0:34.259;0:51.235;254.1;Kevin ESTRE;;LMGTE Pro;;Porsche GT Team;Porsche;
92;1;19;1:56.559;0;B;23.054;0;34.874;0;58.631;0;140.9;42:42.640;11:42:42.640;0:23.054;0:34.874;0:58.631;257.1;Kevin ESTRE;;LMGTE Pro;;Porsche GT Team;Porsche;
92;1;20;7:48.712;0;;6:21.781;0;35.451;0;51.480;0;35.0;50:31.352;11:50:31.352;6:21.781;0:35.451;0:51.480;141.5;Kevin ESTRE;0:06:03.490;LMGTE Pro;;Porsche GT Team;Porsche;
92;1;21;1:48.700;0;;23.389;0;34.571;0;50.740;1;151.1;52:20.052;11:52:20.052;0:23.389;0:34.571;0:50.740;251.7;Kevin ESTRE;;LMGTE Pro;;Porsche GT Team;Porsche;
92;1;22;1:48.302;0;;23.199;0;34.129;1;50.974;0;151.7;54:08.354;11:54:08.354;0:23.199;0:34.129;0:50.974;250.6;Kevin ESTRE;;LMGTE Pro;;Porsche GT Team;Porsche;
92;1;23;1:54.697;0;B;23.238;0;34.289;0;57.170;0;143.2;56:03.051;11:56:03.051;0:23.238;0:34.289;0:57.170;252.9;Kevin ESTRE;;LMGTE Pro;;Porsche GT Team;Porsche;
92;1;24;8:18.054;0;;6:51.804;0;35.067;0;51.183;0;33.0;1:04:21.105;12:04:21.105;6:51.804;0:35.067;0:51.183;137.4;Kevin ESTRE;0:06:33.756;LMGTE Pro;;Porsche GT Team;Porsche;
92;1;25;1:48.489;0;;23.299;0;34.290;0;50.900;0;151.4;1:06:09.594;12:06:09.594;0:23.299;0:34.290;0:50.900;249.4;Kevin ESTRE;;LMGTE Pro;;Porsche GT Team;Porsche;
92;1;26;1:48.996;0;;23.199;0;34.279;0;51.518;0;150.7;1:07:58.590;12:07:58.590;0:23.199;0:34.279;0:51.518;255.9;Kevin ESTRE;;LMGTE Pro;;Porsche GT Team;Porsche;
92;1;27;1:54.676;0;B;23.145;0;34.943;0;56.588;0;143.2;1:09:53.266;12:09:53.266;0:23.145;0:34.943;0:56.588;258.4;Kevin ESTRE;;LMGTE Pro;;Porsche GT Team;Porsche;
92;1;28;8:33.774;0;;6:18.137;0;50.042;0;1:25.595;0;32.0;1:18:27.040;12:18:27.040;6:18.137;0:50.042;1:25.595;139.5;Kevin ESTRE;0:05:59.689;LMGTE Pro;;Porsche GT Team;Porsche;
92;1;29;2:25.924;0;;52.989;0;41.341;0;51.594;0;112.6;1:20:52.964;12:20:52.964;0:52.989;0:41.341;0:51.594;80.5;Kevin ESTRE;;LMGTE Pro;;Porsche GT Team;Porsche;
92;1;30;1:49.568;0;;23.537;0;34.457;0;51.574;0;149.9;1:22:42.532;12:22:42.532;0:23.537;0:34.457;0:51.574;242.7;Kevin ESTRE;;LMGTE Pro;;Porsche GT Team;Porsche;
92;1;31;1:48.209;0;;23.029;1;34.282;0;50.898;0;151.8;1:24:30.741;12:24:30.741;0:23.029;0:34.282;0:50.898;254.1;Kevin ESTRE;;LMGTE Pro;;Porsche GT Team;Porsche;
92;1;32;1:49.307;0;;23.140;0;34.775;0;51.392;0;150.3;1:26:20.048;12:26:20.048;0:23.140;0:34.775;0:51.392;256.5;Kevin ESTRE;;LMGTE Pro;;Porsche GT Team;Porsche;
92;1;33;1:49.676;0;;23.706;0;34.612;0;51.358;0;149.8;1:28:09.724;12:28:09.724;0:23.706;0:34.612;0:51.358;186.2;Kevin ESTRE;;LMGTE Pro;;Porsche GT Team;Porsche;
92;1;34;1:49.378;0;;23.691;0;34.863;0;50.824;0;150.2;1:29:59.102;12:29:59.102;0:23.691;0:34.863;0:50.824;228.3;Kevin ESTRE;;LMGTE Pro;;Porsche GT Team;Porsche;
92;1;35;1:49.060;0;;23.139;0;34.856;0;51.065;0;150.6;1:31:48.162;12:31:48.162;0:23.139;0:34.856;0:51.065;255.9;Kevin ESTRE;;LMGTE Pro;;Porsche GT Team;Porsche;
95;1;1;11:27.834;0;B;9:47.138;0;38.297;0;1:02.399;0;23.9;11:27.834;11:11:27.834;9:47.138;0:38.297;1:02.399;133.2;Marco SØRENSEN;0:09:26.165;LMGTE Pro;;Aston Martin Racing;Aston Martin;
95;1;2;8:15.295;0;;6:46.890;0;34.969;0;53.436;0;33.2;19:43.129;11:19:43.129;6:46.890;0:34.969;0:53.436;134.3;Marco SØRENSEN;0:06:28.540;LMGTE Pro;;Aston Martin Racing;Aston Martin;
95;1;3;1:50.876;0;;23.508;0;34.761;0;52.607;0;148.2;21:34.005;11:21:34.005;0:23.508;0:34.761;0:52.607;220.9;Marco SØRENSEN;;LMGTE Pro;;Aston Martin Racing;Aston Martin;
95;1;4;1:51.734;0;;23.357;0;35.008;0;53.369;0;147.0;23:25.739;11:23:25.739;0:23.357;0:35.008;0:53.369;231.8;Marco SØRENSEN;;LMGTE Pro;;Aston Martin Racing;Aston Martin;
95;1;5;1:51.623;0;;23.645;0;35.096;0;52.882;0;147.2;25:17.362;11:25:17.362;0:23.645;0:35.096;0:52.882;227.8;Marco SØRENSEN;;LMGTE Pro;;Aston Martin Racing;Aston Martin;
95;1;6;1:51.841;0;;23.400;0;35.069;0;53.372;0;146.9;27:09.203;11:27:09.203;0:23.400;0:35.069;0:53.372;239.5;Marco SØRENSEN;;LMGTE Pro;;Aston Martin Racing;Aston Martin;
95;1;7;2:00.720;0;B;23.515;0;35.574;0;1:01.631;0;136.1;29:09.923;11:29:09.923;0:23.515;0:35.574;1:01.631;236.3;Marco SØRENSEN;;LMGTE Pro;;Aston Martin Racing;Aston Martin;
95;1;8;6:41.546;0;;5:12.016;0;35.757;0;53.773;0;40.9;35:51.469;11:35:51.469;5:12.016;0:35.757;0:53.773;132.4;Marco SØRENSEN;0:04:52.811;LMGTE Pro;;Aston Martin Racing;Aston Martin;
95;1;9;1:52.882;0;;23.651;0;35.826;0;53.405;0;145.5;37:44.351;11:37:44.351;0:23.651;0:35.826;0:53.405;236.3;Marco SØRENSEN;;LMGTE Pro;;Aston Martin Racing;Aston Martin;
95;1;10;1:53.600;0;;23.483;0;35.471;0;54.646;0;144.6;39:37.951;11:39:37.951;0:23.483;0:35.471;0:54.646;238.9;Marco SØRENSEN;;LMGTE Pro;;Aston Martin Racing;Aston Martin;
95;1;11;1:52.602;0;;23.430;0;35.480;0;53.692;0;145.9;41:30.553;11:41:30.553;0:23.430;0:35.480;0:53.692;238.9;Marco SØRENSEN;;LMGTE Pro;;Aston Martin Racing;Aston Martin;
95;1;12;1:52.645;0;;23.619;0;35.397;0;53.629;0;145.8;43:23.198;11:43:23.198;0:23.619;0:35.397;0:53.629;228.3;Marco SØRENSEN;;LMGTE Pro;;Aston Martin Racing;Aston Martin;
95;1;13;2:24.611;0;B;24.185;0;35.883;0;1:24.543;0;113.6;45:47.809;11:45:47.809;0:24.185;0:35.883;1:24.543;241.6;Marco SØRENSEN;;LMGTE Pro;;Aston Martin Racing;Aston Martin;
95;1;14;7:49.895;0;;6:21.704;0;36.027;0;52.164;0;35.0;53:37.704;11:53:37.704;6:21.704;0:36.027;0:52.164;136.4;Marco SØRENSEN;0:06:02.734;LMGTE Pro;;Aston Martin Racing;Aston Martin;
95;1;15;1:49.284;0;;23.090;0;34.515;0;51.679;0;150.3;55:26.988;11:55:26.988;0:23.090;0:34.515;0:51.679;233.8;Marco SØRENSEN;;LMGTE Pro;;Aston Martin Racing;Aston Martin;
95;1;16;1:48.834;2;;22.994;2;34.491;2;51.349;2;150.9;57:15.822;11:57:15.822;0:22.994;0:34.491;0:51.349;226.9;Marco SØRENSEN;;LMGTE Pro;;Aston Martin Racing;Aston Martin;
95;1;17;1:49.736;0;;23.277;0;34.829;0;51.630;0;149.7;59:05.558;11:59:05.558;0:23.277;0:34.829;0:51.630;225.0;Marco SØRENSEN;;LMGTE Pro;;Aston Martin Racing;Aston Martin;
95;1;18;1:50.596;0;;23.089;0;35.097;0;52.410;0;148.5;1:00:56.154;12:00:56.154;0:23.089;0:35.097;0:52.410;241.1;Marco SØRENSEN;;LMGTE Pro;;Aston Martin Racing;Aston Martin;
95;1;19;1:57.643;0;B;23.453;0;35.095;0;59.095;0;139.6;1:02:53.797;12:02:53.797;0:23.453;0:35.095;0:59.095;221.3;Marco SØRENSEN;;LMGTE Pro;;Aston Martin Racing;Aston Martin;
95;1;20;7:05.689;0;;5:35.417;0;36.090;0;54.182;0;38.6;1:09:59.486;12:09:59.486;5:35.417;0:36.090;0:54.182;135.2;Marco SØRENSEN;0:05:16.801;LMGTE Pro;;Aston Martin Racing;Aston Martin;
95;1;21;1:53.456;0;;24.236;0;36.070;0;53.150;0;144.8;1:11:52.942;12:11:52.942;0:24.236;0:36.070;0:53.150;230.8;Marco SØRENSEN;;LMGTE Pro;;Aston Martin Racing;Aston Martin;
95;1;22;1:52.341;0;;23.541;0;35.522;0;53.278;0;146.2;1:13:45.283;12:13:45.283;0:23.541;0:35.522;0:53.278;226.4;Marco SØRENSEN;;LMGTE Pro;;Aston Martin Racing;Aston Martin;
95;1;23;1:53.547;0;;24.310;0;35.646;0;53.591;0;144.7;1:15:38.830;12:15:38.830;0:24.310;0:35.646;0:53.591;243.8;Marco SØRENSEN;;LMGTE Pro;;Aston Martin Racing;Aston Martin;
95;1;24;2:35.828;0;B;23.624;0;44.519;0;1:27.685;0;105.4;1:18:14.658;12:18:14.658;0:23.624;0:44.519;1:27.685;228.8;Marco SØRENSEN;;LMGTE Pro;;Aston Martin Racing;Aston Martin;
95;0;25;4:51.419;0;;3:19.237;0;37.031;0;55.151;0;56.4;1:23:06.077;12:23:06.077;3:19.237;0:37.031;0:55.151;135.7;Nicki THIIM;0:03:00.720;LMGTE Pro;;Aston Martin Racing;Aston Martin;
95;0;26;1:53.444;0;;24.187;0;35.758;0;53.499;0;144.8;1:24:59.521;12:24:59.521;0:24.187;0:35.758;0:53.499;205.3;Nicki THIIM;;LMGTE Pro;;Aston Martin Racing;Aston Martin;
95;0;27;1:53.044;0;;24.164;0;35.595;0;53.285;0;145.3;1:26:52.565;12:26:52.565;0:24.164;0:35.595;0:53.285;209.3;Nicki THIIM;;LMGTE Pro;;Aston Martin Racing;Aston Martin;
95;0;28;1:52.818;0;;24.028;0;35.583;1;53.207;1;145.6;1:28:45.383;12:28:45.383;0:24.028;0:35.583;0:53.207;220.9;Nicki THIIM;;LMGTE Pro;;Aston Martin Racing;Aston Martin;
95;0;29;1:52.866;0;;23.762;1;35.806;0;53.298;0;145.5;1:30:38.249;12:30:38.249;0:23.762;0:35.806;0:53.298;225.5;Nicki THIIM;;LMGTE Pro;;Aston Martin Racing;Aston Martin;
97;1;1;10:32.363;0;;8:56.690;0;40.440;0;55.233;0;26.0;10:32.363;11:10:32.363;8:56.690;0:40.440;0:55.233;137.1;Jonathan ADAM;0:08:35.319;LMGTE Pro;;Aston Martin Racing;Aston Martin;
97;1;2;2:03.741;0;B;25.606;0;35.835;0;1:02.300;0;132.8;12:36.104;11:12:36.104;0:25.606;0:35.835;1:02.300;177.3;Jonathan ADAM;;LMGTE Pro;;Aston Martin Racing;Aston Martin;
97;1;3;9:02.991;0;;7:34.788;0;35.513;0;52.690;0;30.3;21:39.095;11:21:39.095;7:34.788;0:35.513;0:52.690;138.1;Jonathan ADAM;0:07:16.584;LMGTE Pro;;Aston Martin Racing;Aston Martin;
97;1;4;1:52.127;0;;23.131;0;36.807;0;52.189;0;146.5;23:31.222;11:23:31.222;0:23.131;0:36.807;0:52.189;243.2;Jonathan ADAM;;LMGTE Pro;;Aston Martin Racing;Aston Martin;
97;1;5;1:50.632;0;;23.160;0;35.065;0;52.407;0;148.5;25:21.854;11:25:21.854;0:23.160;0:35.065;0:52.407;233.8;Jonathan ADAM;;LMGTE Pro;;Aston Martin Racing;Aston Martin;
97;1;6;1:51.493;0;;23.232;0;35.451;0;52.810;0;147.3;27:13.347;11:27:13.347;0:23.232;0:35.451;0:52.810;242.7;Jonathan ADAM;;LMGTE Pro;;Aston Martin Racing;Aston Martin;
97;1;7;1:51.672;0;;23.540;0;35.374;0;52.758;0;147.1;29:05.019;11:29:05.019;0:23.540;0:35.374;0:52.758;226.4;Jonathan ADAM;;LMGTE Pro;;Aston Martin Racing;Aston Martin;
97;1;8;2:09.126;0;B;32.836;0;36.064;0;1:00.226;0;127.2;31:14.145;11:31:14.145;0:32.836;0:36.064;1:00.226;244.9;Jonathan ADAM;;LMGTE Pro;;Aston Martin Racing;Aston Martin;
97;1;9;6:13.232;0;;4:44.468;0;35.860;0;52.904;0;44.0;37:27.377;11:37:27.377;4:44.468;0:35.860;0:52.904;139.5;Jonathan ADAM;0:04:26.196;LMGTE Pro;;Aston Martin Racing;Aston Martin;
97;1;10;1:54.582;0;;26.021;0;35.786;0;52.775;0;143.4;39:21.959;11:39:21.959;0:26.021;0:35.786;0:52.775;238.4;Jonathan ADAM;;LMGTE Pro;;Aston Martin Racing;Aston Martin;
97;1;11;1:52.452;0;;23.481;0;36.023;0;52.948;0;146.1;41:14.411;11:41:14.411;0:23.481;0:36.023;0:52.948;232.3;Jonathan ADAM;;LMGTE Pro;;Aston Martin Racing;Aston Martin;
97;1;12;1:51.841;0;;23.346;0;35.466;0;53.029;0;146.9;43:06.252;11:43:06.252;0:23.346;0:35.466;0:53.029;235.3;Jonathan ADAM;;LMGTE Pro;;Aston Martin Racing;Aston Martin;
97;1;13;2:16.943;0;;23.372;0;35.663;0;1:17.908;0;120.0;45:23.195;11:45:23.195;0:23.372;0:35.663;1:17.908;238.4;Jonathan ADAM;;LMGTE Pro;;Aston Martin Racing;Aston Martin;
97;1;14;3:08.584;0;B;52.046;0;1:06.474;0;1:10.064;0;87.1;48:31.779;11:48:31.779;0:52.046;1:06.474;1:10.064;80.0;Jonathan ADAM;;LMGTE Pro;;Aston Martin Racing;Aston Martin;
97;1;15;6:26.008;0;;4:58.455;0;35.310;0;52.243;0;42.6;54:57.787;11:54:57.787;4:58.455;0:35.310;0:52.243;133.0;Jonathan ADAM;0:04:39.266;LMGTE Pro;;Aston Martin Racing;Aston Martin;
97;1;16;1:49.289;0;;22.900;2;34.469;2;51.920;0;150.3;56:47.076;11:56:47.076;0:22.900;0:34.469;0:51.920;237.9;Jonathan ADAM;;LMGTE Pro;;Aston Martin Racing;Aston Martin;
97;1;17;1:49.499;0;;23.104;0;34.867;0;51.528;2;150.0;58:36.575;11:58:36.575;0:23.104;0:34.867;0:51.528;223.1;Jonathan ADAM;;LMGTE Pro;;Aston Martin Racing;Aston Martin;
97;1;18;1:49.210;2;;23.051;0;34.597;0;51.562;0;150.4;1:00:25.785;12:00:25.785;0:23.051;0:34.597;0:51.562;232.8;Jonathan ADAM;;LMGTE Pro;;Aston Martin Racing;Aston Martin;
97;1;19;1:49.414;0;;23.110;0;34.746;0;51.558;0;150.1;1:02:15.199;12:02:15.199;0:23.110;0:34.746;0:51.558;231.3;Jonathan ADAM;;LMGTE Pro;;Aston Martin Racing;Aston Martin;
97;1;20;1:58.312;0;B;23.983;0;35.560;0;58.769;0;138.8;1:04:13.511;12:04:13.511;0:23.983;0:35.560;0:58.769;201.1;Jonathan ADAM;;LMGTE Pro;;Aston Martin Racing;Aston Martin;
97;1;21;6:18.879;0;;4:47.188;0;37.127;0;54.564;0;43.4;1:10:32.390;12:10:32.390;4:47.188;0:37.127;0:54.564;135.5;Jonathan ADAM;0:04:28.175;LMGTE Pro;;Aston Martin Racing;Aston Martin;
97;1;22;1:54.307;0;;24.117;0;36.193;0;53.997;0;143.7;1:12:26.697;12:12:26.697;0:24.117;0:36.193;0:53.997;232.8;Jonathan ADAM;;LMGTE Pro;;Aston Martin Racing;Aston Martin;
97;1;23;1:54.772;0;;23.939;0;36.400;0;54.433;0;143.1;1:14:21.469;12:14:21.469;0:23.939;0:36.400;0:54.433;220.4;Jonathan ADAM;;LMGTE Pro;;Aston Martin Racing;Aston Martin;
97;1;24;1:54.017;0;;23.780;0;36.105;0;54.132;0;144.1;1:16:15.486;12:16:15.486;0:23.780;0:36.105;0:54.132;234.3;Jonathan ADAM;;LMGTE Pro;;Aston Martin Racing;Aston Martin;
97;1;25;3:08.307;0;B;32.203;0;1:06.926;0;1:29.178;0;87.2;1:19:23.793;12:19:23.793;0:32.203;1:06.926;1:29.178;227.4;Jonathan ADAM;;LMGTE Pro;;Aston Martin Racing;Aston Martin;
97;0;26;3:38.189;0;;2:06.286;0;37.958;0;53.945;0;75.3;1:23:01.982;12:23:01.982;2:06.286;0:37.958;0:53.945;138.8;Darren TURNER;0:01:48.631;LMGTE Pro;;Aston Martin Racing;Aston Martin;
97;0;27;2:01.546;0;;24.585;0;37.996;0;58.965;0;135.1;1:25:03.528;12:25:03.528;0:24.585;0:37.996;0:58.965;196.4;Darren TURNER;;LMGTE Pro;;Aston Martin Racing;Aston Martin;
97;0;28;1:53.517;0;;23.937;0;36.608;0;52.972;1;144.7;1:26:57.045;12:26:57.045;0:23.937;0:36.608;0:52.972;204.5;Darren TURNER;;LMGTE Pro;;Aston Martin Racing;Aston Martin;
97;0;29;1:52.561;0;;23.669;0;35.883;0;53.009;0;145.9;1:28:49.606;12:28:49.606;0:23.669;0:35.883;0:53.009;207.7;Darren TURNER;;LMGTE Pro;;Aston Martin Racing;Aston Martin;
97;0;30;1:52.412;0;;23.577;1;35.628;1;53.207;0;146.1;1:30:42.018;12:30:42.018;0:23.577;0:35.628;0:53.207;216.9;Darren TURNER;;LMGTE Pro;;Aston Martin Racing;Aston Martin;
98;1;1;12:22.564;0;B;10:35.622;0;41.534;0;1:05.408;0;22.1;12:22.564;11:12:22.564;10:35.622;0:41.534;1:05.408;105.3;Pedro LAMY;0:10:11.652;LMGTE Am;;Aston Martin Racing;Aston Martin;
98;1;2;8:31.026;0;;7:00.306;0;36.704;0;54.016;0;32.1;20:53.590;11:20:53.590;7:00.306;0:36.704;0:54.016;135.8;Pedro LAMY;0:06:41.375;LMGTE Am;;Aston Martin Racing;Aston Martin;
98;1;3;1:52.097;0;;24.072;0;35.302;0;52.723;0;146.5;22:45.687;11:22:45.687;0:24.072;0:35.302;0:52.723;214.7;Pedro LAMY;;LMGTE Am;;Aston Martin Racing;Aston Martin;
98;1;4;1:50.967;2;;23.829;0;34.774;2;52.364;2;148.0;24:36.654;11:24:36.654;0:23.829;0:34.774;0:52.364;208.9;Pedro LAMY;;LMGTE Am;;Aston Martin Racing;Aston Martin;
98;1;5;1:51.575;0;;23.900;0;34.869;0;52.806;0;147.2;26:28.229;11:26:28.229;0:23.900;0:34.869;0:52.806;204.2;Pedro LAMY;;LMGTE Am;;Aston Martin Racing;Aston Martin;
98;1;6;1:57.613;0;B;23.619;1;35.022;0;58.972;0;139.7;28:25.842;11:28:25.842;0:23.619;0:35.022;0:58.972;223.1;Pedro LAMY;;LMGTE Am;;Aston Martin Racing;Aston Martin;
98;1;7;6:05.328;0;;4:34.342;0;37.016;0;53.970;0;45.0;34:31.170;11:34:31.170;4:34.342;0:37.016;0:53.970;134.5;Pedro LAMY;0:04:14.792;LMGTE Am;;Aston Martin Racing;Aston Martin;
98;1;8;1:51.366;0;;23.739;0;34.995;0;52.632;0;147.5;36:22.536;11:36:22.536;0:23.739;0:34.995;0:52.632;219.5;Pedro LAMY;;LMGTE Am;;Aston Martin Racing;Aston Martin;
98;1;9;1:54.661;0;;25.224;0;35.624;0;53.813;0;143.3;38:17.197;11:38:17.197;0:25.224;0:35.624;0:53.813;230.3;Pedro LAMY;;LMGTE Am;;Aston Martin Racing;Aston Martin;
98;1;10;1:59.473;0;B;23.765;0;35.432;0;1:00.276;0;137.5;40:16.670;11:40:16.670;0:23.765;0:35.432;1:00.276;216.9;Pedro LAMY;;LMGTE Am;;Aston Martin Racing;Aston Martin;
98;0;11;6:50.935;0;;4:15.820;0;1:07.488;0;1:27.627;0;40.0;47:07.605;11:47:07.605;4:15.820;1:07.488;1:27.627;130.6;Paul DALLA LANA;0:03:55.285;LMGTE Am;;Aston Martin Racing;Aston Martin;
98;0;12;2:23.258;0;;52.045;0;37.956;0;53.257;1;114.7;49:30.863;11:49:30.863;0:52.045;0:37.956;0:53.257;79.9;Paul DALLA LANA;;LMGTE Am;;Aston Martin Racing;Aston Martin;
98;0;13;1:54.970;0;;24.611;0;36.299;0;54.060;0;142.9;51:25.833;11:51:25.833;0:24.611;0:36.299;0:54.060;205.3;Paul DALLA LANA;;LMGTE Am;;Aston Martin Racing;Aston Martin;
98;0;14;2:02.001;0;;32.224;0;35.975;1;53.802;0;134.6;53:27.834;11:53:27.834;0:32.224;0:35.975;0:53.802;226.4;Paul DALLA LANA;;LMGTE Am;;Aston Martin Racing;Aston Martin;
98;0;15;1:53.632;0;;23.985;0;36.038;0;53.609;0;144.6;55:21.466;11:55:21.466;0:23.985;0:36.038;0:53.609;212.2;Paul DALLA LANA;;LMGTE Am;;Aston Martin Racing;Aston Martin;
98;0;16;1:53.906;0;;23.925;0;36.174;0;53.807;0;144.2;57:15.372;11:57:15.372;0:23.925;0:36.174;0:53.807;242.2;Paul DALLA LANA;;LMGTE Am;;Aston Martin Racing;Aston Martin;
98;0;17;1:54.580;0;;23.965;0;36.277;0;54.338;0;143.4;59:09.952;11:59:09.952;0:23.965;0:36.277;0:54.338;238.9;Paul DALLA LANA;;LMGTE Am;;Aston Martin Racing;Aston Martin;
98;0;18;1:56.897;0;;26.545;0;36.331;0;54.021;0;140.5;1:01:06.849;12:01:06.849;0:26.545;0:36.331;0:54.021;249.4;Paul DALLA LANA;;LMGTE Am;;Aston Martin Racing;Aston Martin;
98;0;19;2:04.280;0;B;23.796;1;37.179;0;1:03.305;0;132.2;1:03:11.129;12:03:11.129;0:23.796;0:37.179;1:03.305;236.8;Paul DALLA LANA;;LMGTE Am;;Aston Martin Racing;Aston Martin;
98;2;20;3:40.102;0;;2:05.306;0;38.855;0;55.941;0;74.6;1:06:51.231;12:06:51.231;2:05.306;0:38.855;0:55.941;133.7;Mathias LAUDA;0:01:41.203;LMGTE Am;;Aston Martin Racing;Aston Martin;
98;2;21;2:16.444;0;;24.326;0;36.994;0;1:15.124;0;120.4;1:09:07.675;12:09:07.675;0:24.326;0:36.994;1:15.124;208.5;Mathias LAUDA;;LMGTE Am;;Aston Martin Racing;Aston Martin;
98;2;22;1:55.530;0;;23.937;0;36.900;0;54.693;0;142.2;1:11:03.205;12:11:03.205;0:23.937;0:36.900;0:54.693;222.7;Mathias LAUDA;;LMGTE Am;;Aston Martin Racing;Aston Martin;
98;2;23;1:55.552;0;;23.670;0;36.966;0;54.916;0;142.2;1:12:58.757;12:12:58.757;0:23.670;0:36.966;0:54.916;233.8;Mathias LAUDA;;LMGTE Am;;Aston Martin Racing;Aston Martin;
98;2;24;2:12.021;0;B;23.923;0;37.262;0;1:10.836;0;124.4;1:15:10.778;12:15:10.778;0:23.923;0:37.262;1:10.836;232.8;Mathias LAUDA;;LMGTE Am;;Aston Martin Racing;Aston Martin;
98;2;25;4:27.426;0;;1:57.812;0;1:07.885;0;1:21.729;0;61.4;1:19:38.204;12:19:38.204;1:57.812;1:07.885;1:21.729;76.3;Mathias LAUDA;0:01:27.466;LMGTE Am;;Aston Martin Racing;Aston Martin;
98;2;26;1:56.772;0;;25.861;0;36.342;0;54.569;0;140.7;1:21:34.976;12:21:34.976;0:25.861;0:36.342;0:54.569;236.8;Mathias LAUDA;;LMGTE Am;;Aston Martin Racing;Aston Martin;
98;2;27;1:53.829;0;;23.718;0;35.904;1;54.207;0;144.3;1:23:28.805;12:23:28.805;0:23.718;0:35.904;0:54.207;229.8;Mathias LAUDA;;LMGTE Am;;Aston Martin Racing;Aston Martin;
98;2;28;1:54.044;0;;23.595;2;35.942;0;54.507;0;144.0;1:25:22.849;12:25:22.849;0:23.595;0:35.942;0:54.507;241.6;Mathias LAUDA;;LMGTE Am;;Aston Martin Racing;Aston Martin;
98;2;29;1:54.793;0;;24.061;0;36.360;0;54.372;0;143.1;1:27:17.642;12:27:17.642;0:24.061;0:36.360;0:54.372;220.9;Mathias LAUDA;;LMGTE Am;;Aston Martin Racing;Aston Martin;
98;2;30;1:54.060;0;;23.857;0;36.164;0;54.039;1;144.0;1:29:11.702;12:29:11.702;0:23.857;0:36.164;0:54.039;230.3;Mathias LAUDA;;LMGTE Am;;Aston Martin Racing;Aston Martin;
98;2;31;2:00.358;0;;28.126;0;36.765;0;55.467;0;136.5;1:31:12.060;12:31:12.060;0:28.126;0:36.765;0:55.467;243.2;Mathias LAUDA;;LMGTE Am;;Aston Martin Racing;Aston Martin;
