NUMBER; DRIVER_NUMBER; LAP_NUMBER; LAP_TIME; LAP_IMPROVEMENT; CROSSING_FINISH_LINE_IN_PIT; S1; S1_IMPROVEMENT; S2; S2_IMPROVEMENT; S3; S3_IMPROVEMENT; KPH; ELAPSED; HOUR;S1_LARGE;S2_LARGE;S3_LARGE;TOP_SPEED;DRIVER_NAME;PIT_TIME;CLASS;GROUP;TEAM;MANUFACTURER;
10;1;1;16:36.476;0;;15:19.419;0;34.858;0;42.199;0;13.1;16:36.476;11:11:36.476;15:19.419;0:34.858;0:42.199;;Renger van der Zande;0:15:07.897;DPi;;Konica Minolta Cadillac DPi-V.R;Cadillac;
10;1;2;1:23.215;0;;11.198;0;29.436;0;42.581;0;157.2;17:59.691;11:12:59.691;0:11.198;0:29.436;0:42.581;;Renger van der Zande;;DPi;;Konica Minolta Cadillac DPi-V.R;Cadillac;
10;1;3;1:19.104;0;;10.253;0;28.114;0;40.737;0;165.4;19:18.795;11:14:18.795;0:10.253;0:28.114;0:40.737;;Renger van der Zande;;DPi;;Konica Minolta Cadillac DPi-V.R;Cadillac;
10;1;4;1:13.834;0;;10.020;0;27.253;0;36.561;0;177.2;20:32.629;11:15:32.629;0:10.020;0:27.253;0:36.561;;Renger van der Zande;;DPi;;Konica Minolta Cadillac DPi-V.R;Cadillac;
10;1;5;1:14.222;0;;9.839;0;27.277;0;37.106;0;176.3;21:46.851;11:16:46.851;0:09.839;0:27.277;0:37.106;;Renger van der Zande;;DPi;;Konica Minolta Cadillac DPi-V.R;Cadillac;
10;1;6;1:13.534;0;;9.920;0;26.794;0;36.820;0;177.9;23:00.385;11:18:00.385;0:09.920;0:26.794;0:36.820;;Renger van der Zande;;DPi;;Konica Minolta Cadillac DPi-V.R;Cadillac;
10;1;7;1:12.998;0;;9.894;0;26.874;0;36.230;0;179.2;24:13.383;11:19:13.383;0:09.894;0:26.874;0:36.230;;Renger van der Zande;;DPi;;Konica Minolta Cadillac DPi-V.R;Cadillac;
10;1;8;1:11.587;2;;9.599;1;26.565;1;35.423;4;182.7;25:24.970;11:20:24.970;0:09.599;0:26.565;0:35.423;;Renger van der Zande;;DPi;;Konica Minolta Cadillac DPi-V.R;Cadillac;
10;1;9;1:15.728;0;;10.137;0;26.766;0;38.825;0;172.7;26:40.698;11:21:40.698;0:10.137;0:26.766;0:38.825;;Renger van der Zande;;DPi;;Konica Minolta Cadillac DPi-V.R;Cadillac;
10;1;10;1:18.838;0;;9.674;0;26.645;0;42.519;0;165.9;27:59.536;11:22:59.536;0:09.674;0:26.645;0:42.519;;Renger van der Zande;;DPi;;Konica Minolta Cadillac DPi-V.R;Cadillac;
10;1;11;1:19.867;0;B;9.728;0;26.577;0;43.562;0;163.8;29:19.403;11:24:19.403;0:09.728;0:26.577;0:43.562;;Renger van der Zande;;DPi;;Konica Minolta Cadillac DPi-V.R;Cadillac;
10;2;12;3:58.568;0;;2:51.548;0;29.470;0;37.550;0;54.8;33:17.971;11:28:17.971;2:51.548;0:29.470;0:37.550;;Ryan Briscoe;0:02:52.867;DPi;;Konica Minolta Cadillac DPi-V.R;Cadillac;
10;2;13;1:15.958;0;;10.144;0;26.990;0;38.824;0;172.2;34:33.929;11:29:33.929;0:10.144;0:26.990;0:38.824;;Ryan Briscoe;;DPi;;Konica Minolta Cadillac DPi-V.R;Cadillac;
10;2;14;1:13.731;0;;9.832;0;27.445;0;36.454;0;177.4;35:47.660;11:30:47.660;0:09.832;0:27.445;0:36.454;;Ryan Briscoe;;DPi;;Konica Minolta Cadillac DPi-V.R;Cadillac;
10;2;15;1:12.633;0;;9.691;0;26.935;0;36.007;0;180.1;37:00.293;11:32:00.293;0:09.691;0:26.935;0:36.007;;Ryan Briscoe;;DPi;;Konica Minolta Cadillac DPi-V.R;Cadillac;
10;2;16;1:13.647;0;;10.209;0;27.166;0;36.272;0;177.6;38:13.940;11:33:13.940;0:10.209;0:27.166;0:36.272;;Ryan Briscoe;;DPi;;Konica Minolta Cadillac DPi-V.R;Cadillac;
10;2;17;1:21.615;0;B;9.821;0;27.019;0;44.775;0;160.3;39:35.555;11:34:35.555;0:09.821;0:27.019;0:44.775;;Ryan Briscoe;;DPi;;Konica Minolta Cadillac DPi-V.R;Cadillac;
10;2;18;5:06.454;0;;4:00.872;0;28.127;0;37.455;0;42.7;44:42.009;11:39:42.009;4:00.872;0:28.127;0:37.455;;Ryan Briscoe;0:04:02.518;DPi;;Konica Minolta Cadillac DPi-V.R;Cadillac;
10;2;19;1:15.902;0;;9.984;0;27.736;0;38.182;0;172.4;45:57.911;11:40:57.911;0:09.984;0:27.736;0:38.182;;Ryan Briscoe;;DPi;;Konica Minolta Cadillac DPi-V.R;Cadillac;
10;2;20;1:13.718;0;;9.856;0;27.250;0;36.612;0;177.5;47:11.629;11:42:11.629;0:09.856;0:27.250;0:36.612;;Ryan Briscoe;;DPi;;Konica Minolta Cadillac DPi-V.R;Cadillac;
10;2;21;1:21.360;0;B;9.815;0;27.122;0;44.423;0;160.8;48:32.989;11:43:32.989;0:09.815;0:27.122;0:44.423;;Ryan Briscoe;;DPi;;Konica Minolta Cadillac DPi-V.R;Cadillac;
10;2;22;4:47.443;0;;3:40.654;0;28.167;0;38.622;0;45.5;53:20.432;11:48:20.432;3:40.654;0:28.167;0:38.622;;Ryan Briscoe;0:03:42.084;DPi;;Konica Minolta Cadillac DPi-V.R;Cadillac;
10;2;23;1:15.199;0;;10.423;0;27.358;0;37.418;0;174.0;54:35.631;11:49:35.631;0:10.423;0:27.358;0:37.418;;Ryan Briscoe;;DPi;;Konica Minolta Cadillac DPi-V.R;Cadillac;
10;2;24;1:14.863;0;;9.914;0;27.064;0;37.885;0;174.7;55:50.494;11:50:50.494;0:09.914;0:27.064;0:37.885;;Ryan Briscoe;;DPi;;Konica Minolta Cadillac DPi-V.R;Cadillac;
10;2;25;1:18.049;0;;11.013;0;28.052;0;38.984;0;167.6;57:08.543;11:52:08.543;0:11.013;0:28.052;0:38.984;;Ryan Briscoe;;DPi;;Konica Minolta Cadillac DPi-V.R;Cadillac;
10;2;26;1:13.947;0;;9.858;0;27.132;0;36.957;0;176.9;58:22.490;11:53:22.490;0:09.858;0:27.132;0:36.957;;Ryan Briscoe;;DPi;;Konica Minolta Cadillac DPi-V.R;Cadillac;
10;2;27;1:20.996;0;B;9.819;0;27.046;0;44.131;0;161.5;59:43.486;11:54:43.486;0:09.819;0:27.046;0:44.131;;Ryan Briscoe;;DPi;;Konica Minolta Cadillac DPi-V.R;Cadillac;
10;2;28;4:22.017;0;;3:02.169;0;39.195;0;40.653;0;49.9;1:04:05.503;11:59:05.503;3:02.169;0:39.195;0:40.653;;Ryan Briscoe;0:03:02.734;DPi;;Konica Minolta Cadillac DPi-V.R;Cadillac;
10;2;29;1:15.157;0;;10.257;0;27.733;0;37.167;0;174.1;1:05:20.660;12:00:20.660;0:10.257;0:27.733;0:37.167;;Ryan Briscoe;;DPi;;Konica Minolta Cadillac DPi-V.R;Cadillac;
10;2;30;1:13.331;0;;9.900;0;27.179;0;36.252;0;178.4;1:06:33.991;12:01:33.991;0:09.900;0:27.179;0:36.252;;Ryan Briscoe;;DPi;;Konica Minolta Cadillac DPi-V.R;Cadillac;
10;2;31;1:14.480;0;;9.809;0;27.030;0;37.641;0;175.6;1:07:48.471;12:02:48.471;0:09.809;0:27.030;0:37.641;;Ryan Briscoe;;DPi;;Konica Minolta Cadillac DPi-V.R;Cadillac;
10;2;32;1:12.836;0;;9.799;0;26.698;0;36.339;0;179.6;1:09:01.307;12:04:01.307;0:09.799;0:26.698;0:36.339;;Ryan Briscoe;;DPi;;Konica Minolta Cadillac DPi-V.R;Cadillac;
10;2;33;1:15.653;0;;9.664;0;27.099;0;38.890;0;172.9;1:10:16.960;12:05:16.960;0:09.664;0:27.099;0:38.890;;Ryan Briscoe;;DPi;;Konica Minolta Cadillac DPi-V.R;Cadillac;
10;2;34;1:13.031;0;;9.692;0;26.674;0;36.665;0;179.1;1:11:29.991;12:06:29.991;0:09.692;0:26.674;0:36.665;;Ryan Briscoe;;DPi;;Konica Minolta Cadillac DPi-V.R;Cadillac;
10;2;35;1:12.630;0;;9.857;0;26.857;0;35.916;0;180.1;1:12:42.621;12:07:42.621;0:09.857;0:26.857;0:35.916;;Ryan Briscoe;;DPi;;Konica Minolta Cadillac DPi-V.R;Cadillac;
10;2;36;1:11.724;0;;9.657;0;26.551;0;35.516;1;182.4;1:13:54.345;12:08:54.345;0:09.657;0:26.551;0:35.516;;Ryan Briscoe;;DPi;;Konica Minolta Cadillac DPi-V.R;Cadillac;
10;2;37;1:11.808;0;;9.568;2;26.497;2;35.743;0;182.2;1:15:06.153;12:10:06.153;0:09.568;0:26.497;0:35.743;;Ryan Briscoe;;DPi;;Konica Minolta Cadillac DPi-V.R;Cadillac;
12;1;1;2:07.839;0;;44.106;0;37.154;0;46.579;0;102.3;2:07.839;10:57:07.839;0:44.106;0:37.154;0:46.579;;Frankie Montecalvo;0:00:31.254;GTD;;AIM VASSER SULLIVAN;Lexus;
12;1;2;1:29.221;0;;12.428;0;31.518;0;45.275;0;146.6;3:37.060;10:58:37.060;0:12.428;0:31.518;0:45.275;;Frankie Montecalvo;;GTD;;AIM VASSER SULLIVAN;Lexus;
12;1;3;1:24.150;0;;11.925;0;30.562;0;41.663;0;155.5;5:01.210;11:00:01.210;0:11.925;0:30.562;0:41.663;;Frankie Montecalvo;;GTD;;AIM VASSER SULLIVAN;Lexus;
12;1;4;1:23.233;0;;11.928;0;30.263;0;41.042;0;157.2;6:24.443;11:01:24.443;0:11.928;0:30.263;0:41.042;;Frankie Montecalvo;;GTD;;AIM VASSER SULLIVAN;Lexus;
12;1;5;1:29.717;0;B;11.782;0;29.988;0;47.947;0;145.8;7:54.160;11:02:54.160;0:11.782;0:29.988;0:47.947;;Frankie Montecalvo;;GTD;;AIM VASSER SULLIVAN;Lexus;
12;1;6;3:37.002;0;;2:15.777;0;35.150;0;46.075;0;60.3;11:31.162;11:06:31.162;2:15.777;0:35.150;0:46.075;;Frankie Montecalvo;0:02:12.595;GTD;;AIM VASSER SULLIVAN;Lexus;
12;1;7;1:23.067;0;;12.115;0;30.379;0;40.573;0;157.5;12:54.229;11:07:54.229;0:12.115;0:30.379;0:40.573;;Frankie Montecalvo;;GTD;;AIM VASSER SULLIVAN;Lexus;
12;1;8;1:21.512;0;;11.560;0;29.842;0;40.110;0;160.5;14:15.741;11:09:15.741;0:11.560;0:29.842;0:40.110;;Frankie Montecalvo;;GTD;;AIM VASSER SULLIVAN;Lexus;
12;1;9;1:20.845;0;;11.532;0;29.602;0;39.711;2;161.8;15:36.586;11:10:36.586;0:11.532;0:29.602;0:39.711;;Frankie Montecalvo;;GTD;;AIM VASSER SULLIVAN;Lexus;
12;1;10;1:20.754;2;;11.429;2;29.592;2;39.733;0;162.0;16:57.340;11:11:57.340;0:11.429;0:29.592;0:39.733;;Frankie Montecalvo;;GTD;;AIM VASSER SULLIVAN;Lexus;
12;1;11;1:29.029;0;B;11.505;0;29.698;0;47.826;0;146.9;18:26.369;11:13:26.369;0:11.505;0:29.698;0:47.826;;Frankie Montecalvo;;GTD;;AIM VASSER SULLIVAN;Lexus;
12;1;12;3:43.216;0;;2:31.864;0;30.557;0;40.795;0;58.6;22:09.585;11:17:09.585;2:31.864;0:30.557;0:40.795;;Frankie Montecalvo;0:02:31.764;GTD;;AIM VASSER SULLIVAN;Lexus;
12;1;13;1:21.752;0;;11.616;0;29.668;0;40.468;0;160.0;23:31.337;11:18:31.337;0:11.616;0:29.668;0:40.468;;Frankie Montecalvo;;GTD;;AIM VASSER SULLIVAN;Lexus;
12;1;14;1:28.992;0;B;11.562;0;29.731;0;47.699;0;147.0;25:00.329;11:20:00.329;0:11.562;0:29.731;0:47.699;;Frankie Montecalvo;;GTD;;AIM VASSER SULLIVAN;Lexus;
12;1;15;3:12.829;0;;2:01.555;0;30.443;0;40.831;0;67.8;28:13.158;11:23:13.158;2:01.555;0:30.443;0:40.831;;Frankie Montecalvo;0:02:01.604;GTD;;AIM VASSER SULLIVAN;Lexus;
12;1;16;1:21.913;0;;11.657;0;29.885;0;40.371;0;159.7;29:35.071;11:24:35.071;0:11.657;0:29.885;0:40.371;;Frankie Montecalvo;;GTD;;AIM VASSER SULLIVAN;Lexus;
12;1;17;1:22.289;0;;11.613;0;30.275;0;40.401;0;159.0;30:57.360;11:25:57.360;0:11.613;0:30.275;0:40.401;;Frankie Montecalvo;;GTD;;AIM VASSER SULLIVAN;Lexus;
12;1;18;1:22.837;0;;11.664;0;29.913;0;41.260;0;157.9;32:20.197;11:27:20.197;0:11.664;0:29.913;0:41.260;;Frankie Montecalvo;;GTD;;AIM VASSER SULLIVAN;Lexus;
12;1;19;1:22.352;0;;11.781;0;29.903;0;40.668;0;158.9;33:42.549;11:28:42.549;0:11.781;0:29.903;0:40.668;;Frankie Montecalvo;;GTD;;AIM VASSER SULLIVAN;Lexus;
12;1;20;1:22.155;0;;11.732;0;29.923;0;40.500;0;159.2;35:04.704;11:30:04.704;0:11.732;0:29.923;0:40.500;;Frankie Montecalvo;;GTD;;AIM VASSER SULLIVAN;Lexus;
12;1;21;1:29.592;0;B;11.649;0;30.015;0;47.928;0;146.0;36:34.296;11:31:34.296;0:11.649;0:30.015;0:47.928;;Frankie Montecalvo;;GTD;;AIM VASSER SULLIVAN;Lexus;
12;2;22;2:42.941;0;;1:31.047;0;30.944;0;40.950;0;80.3;39:17.237;11:34:17.237;1:31.047;0:30.944;0:40.950;;Townsend Bell;0:01:31.632;GTD;;AIM VASSER SULLIVAN;Lexus;
12;2;23;1:22.657;0;;11.705;0;30.163;1;40.789;0;158.3;40:39.894;11:35:39.894;0:11.705;0:30.163;0:40.789;;Townsend Bell;;GTD;;AIM VASSER SULLIVAN;Lexus;
12;2;24;1:23.892;0;;11.727;0;30.253;0;41.912;0;155.9;42:03.786;11:37:03.786;0:11.727;0:30.253;0:41.912;;Townsend Bell;;GTD;;AIM VASSER SULLIVAN;Lexus;
12;2;25;1:22.547;0;;11.691;0;30.247;0;40.609;0;158.5;43:26.333;11:38:26.333;0:11.691;0:30.247;0:40.609;;Townsend Bell;;GTD;;AIM VASSER SULLIVAN;Lexus;
12;2;26;1:23.034;0;;11.625;0;30.452;0;40.957;0;157.5;44:49.367;11:39:49.367;0:11.625;0:30.452;0:40.957;;Townsend Bell;;GTD;;AIM VASSER SULLIVAN;Lexus;
12;2;27;1:22.258;0;;11.536;1;30.180;0;40.542;1;159.0;46:11.625;11:41:11.625;0:11.536;0:30.180;0:40.542;;Townsend Bell;;GTD;;AIM VASSER SULLIVAN;Lexus;
12;2;28;1:22.485;0;;11.600;0;30.189;0;40.696;0;158.6;47:34.110;11:42:34.110;0:11.600;0:30.189;0:40.696;;Townsend Bell;;GTD;;AIM VASSER SULLIVAN;Lexus;
12;2;29;1:29.670;0;B;11.661;0;30.614;0;47.395;0;145.9;49:03.780;11:44:03.780;0:11.661;0:30.614;0:47.395;;Townsend Bell;;GTD;;AIM VASSER SULLIVAN;Lexus;
12;2;30;2:36.721;0;;1:25.232;0;30.673;0;40.816;0;83.5;51:40.501;11:46:40.501;1:25.232;0:30.673;0:40.816;;Townsend Bell;0:01:26.247;GTD;;AIM VASSER SULLIVAN;Lexus;
12;2;31;1:22.316;0;;11.576;0;30.172;0;40.568;0;158.9;53:02.817;11:48:02.817;0:11.576;0:30.172;0:40.568;;Townsend Bell;;GTD;;AIM VASSER SULLIVAN;Lexus;
12;2;32;1:22.422;0;;11.564;0;30.230;0;40.628;0;158.7;54:25.239;11:49:25.239;0:11.564;0:30.230;0:40.628;;Townsend Bell;;GTD;;AIM VASSER SULLIVAN;Lexus;
12;2;33;1:24.249;0;;11.649;0;30.895;0;41.705;0;155.3;55:49.488;11:50:49.488;0:11.649;0:30.895;0:41.705;;Townsend Bell;;GTD;;AIM VASSER SULLIVAN;Lexus;
12;2;34;1:30.329;0;B;11.889;0;30.664;0;47.776;0;144.8;57:19.817;11:52:19.817;0:11.889;0:30.664;0:47.776;;Townsend Bell;;GTD;;AIM VASSER SULLIVAN;Lexus;
12;2;35;2:34.688;0;;1:22.334;0;31.035;0;41.319;0;84.6;59:54.505;11:54:54.505;1:22.334;0:31.035;0:41.319;;Townsend Bell;0:01:23.258;GTD;;AIM VASSER SULLIVAN;Lexus;
12;2;36;1:30.267;0;B;11.656;0;30.901;0;47.710;0;144.9;1:01:24.772;11:56:24.772;0:11.656;0:30.901;0:47.710;;Townsend Bell;;GTD;;AIM VASSER SULLIVAN;Lexus;
14;1;1;1:55.773;0;;35.950;0;34.563;0;45.260;0;113.0;1:55.773;10:56:55.773;0:35.950;0:34.563;0:45.260;;Aaron Telitz;0:00:24.222;GTD;;AIM VASSER SULLIVAN;Lexus;
14;1;2;1:25.942;0;;12.335;0;31.650;0;41.957;0;152.2;3:21.715;10:58:21.715;0:12.335;0:31.650;0:41.957;;Aaron Telitz;;GTD;;AIM VASSER SULLIVAN;Lexus;
14;1;3;1:26.457;0;;11.905;0;30.731;0;43.821;0;151.3;4:48.172;10:59:48.172;0:11.905;0:30.731;0:43.821;;Aaron Telitz;;GTD;;AIM VASSER SULLIVAN;Lexus;
14;1;4;1:22.588;0;;11.723;0;30.363;0;40.502;0;158.4;6:10.760;11:01:10.760;0:11.723;0:30.363;0:40.502;;Aaron Telitz;;GTD;;AIM VASSER SULLIVAN;Lexus;
14;1;5;1:21.010;0;;11.544;0;29.742;0;39.724;0;161.5;7:31.770;11:02:31.770;0:11.544;0:29.742;0:39.724;;Aaron Telitz;;GTD;;AIM VASSER SULLIVAN;Lexus;
14;1;6;1:21.068;0;;11.427;0;29.740;0;39.901;0;161.4;8:52.838;11:03:52.838;0:11.427;0:29.740;0:39.901;;Aaron Telitz;;GTD;;AIM VASSER SULLIVAN;Lexus;
14;1;7;1:21.747;0;;11.390;0;30.297;0;40.060;0;160.0;10:14.585;11:05:14.585;0:11.390;0:30.297;0:40.060;;Aaron Telitz;;GTD;;AIM VASSER SULLIVAN;Lexus;
14;1;8;1:20.465;2;;11.374;0;29.598;0;39.493;2;162.6;11:35.050;11:06:35.050;0:11.374;0:29.598;0:39.493;;Aaron Telitz;;GTD;;AIM VASSER SULLIVAN;Lexus;
14;1;9;1:20.664;0;;11.468;0;29.518;2;39.678;0;162.2;12:55.714;11:07:55.714;0:11.468;0:29.518;0:39.678;;Aaron Telitz;;GTD;;AIM VASSER SULLIVAN;Lexus;
14;1;10;1:24.877;0;;11.382;0;30.197;0;43.298;0;154.1;14:20.591;11:09:20.591;0:11.382;0:30.197;0:43.298;;Aaron Telitz;;GTD;;AIM VASSER SULLIVAN;Lexus;
14;1;11;1:20.589;0;;11.360;2;29.523;0;39.706;0;162.3;15:41.180;11:10:41.180;0:11.360;0:29.523;0:39.706;;Aaron Telitz;;GTD;;AIM VASSER SULLIVAN;Lexus;
14;1;12;1:34.446;0;B;11.734;0;31.695;0;51.017;0;138.5;17:15.626;11:12:15.626;0:11.734;0:31.695;0:51.017;;Aaron Telitz;;GTD;;AIM VASSER SULLIVAN;Lexus;
14;1;13;3:59.908;0;;2:47.567;0;31.380;0;40.961;0;54.5;21:15.534;11:16:15.534;2:47.567;0:31.380;0:40.961;;Aaron Telitz;0:02:48.011;GTD;;AIM VASSER SULLIVAN;Lexus;
14;1;14;1:22.077;0;;11.588;0;30.261;0;40.228;0;159.4;22:37.611;11:17:37.611;0:11.588;0:30.261;0:40.228;;Aaron Telitz;;GTD;;AIM VASSER SULLIVAN;Lexus;
14;1;15;1:21.990;0;;11.506;0;29.729;0;40.755;0;159.6;23:59.601;11:18:59.601;0:11.506;0:29.729;0:40.755;;Aaron Telitz;;GTD;;AIM VASSER SULLIVAN;Lexus;
14;1;16;1:21.558;0;;11.544;0;29.971;0;40.043;0;160.4;25:21.159;11:20:21.159;0:11.544;0:29.971;0:40.043;;Aaron Telitz;;GTD;;AIM VASSER SULLIVAN;Lexus;
14;1;17;1:21.785;0;;11.553;0;29.989;0;40.243;0;160.0;26:42.944;11:21:42.944;0:11.553;0:29.989;0:40.243;;Aaron Telitz;;GTD;;AIM VASSER SULLIVAN;Lexus;
14;1;18;1:21.949;0;;11.681;0;29.959;0;40.309;0;159.6;28:04.893;11:23:04.893;0:11.681;0:29.959;0:40.309;;Aaron Telitz;;GTD;;AIM VASSER SULLIVAN;Lexus;
14;1;19;1:29.354;0;B;11.760;0;30.313;0;47.281;0;146.4;29:34.247;11:24:34.247;0:11.760;0:30.313;0:47.281;;Aaron Telitz;;GTD;;AIM VASSER SULLIVAN;Lexus;
14;2;20;2:44.891;0;;1:32.954;0;30.951;0;40.986;0;79.3;32:19.138;11:27:19.138;1:32.954;0:30.951;0:40.986;;Jack Hawksworth;0:01:32.782;GTD;;AIM VASSER SULLIVAN;Lexus;
14;2;21;1:22.072;0;;11.624;0;30.000;0;40.448;0;159.4;33:41.210;11:28:41.210;0:11.624;0:30.000;0:40.448;;Jack Hawksworth;;GTD;;AIM VASSER SULLIVAN;Lexus;
14;2;22;1:21.763;0;;11.557;0;29.940;0;40.266;1;160.0;35:02.973;11:30:02.973;0:11.557;0:29.940;0:40.266;;Jack Hawksworth;;GTD;;AIM VASSER SULLIVAN;Lexus;
14;2;23;1:21.823;0;;11.528;1;29.924;1;40.371;0;159.9;36:24.796;11:31:24.796;0:11.528;0:29.924;0:40.371;;Jack Hawksworth;;GTD;;AIM VASSER SULLIVAN;Lexus;
14;2;24;1:31.470;0;;11.727;0;32.233;0;47.510;0;143.0;37:56.266;11:32:56.266;0:11.727;0:32.233;0:47.510;;Jack Hawksworth;;GTD;;AIM VASSER SULLIVAN;Lexus;
14;2;25;1:29.399;0;B;11.660;0;30.085;0;47.654;0;146.3;39:25.665;11:34:25.665;0:11.660;0:30.085;0:47.654;;Jack Hawksworth;;GTD;;AIM VASSER SULLIVAN;Lexus;
14;2;26;4:09.401;0;;2:53.173;0;32.924;0;43.304;0;52.5;43:35.066;11:38:35.066;2:53.173;0:32.924;0:43.304;;Jack Hawksworth;0:02:53.977;GTD;;AIM VASSER SULLIVAN;Lexus;
14;2;27;1:22.845;0;;11.782;0;30.299;0;40.764;0;157.9;44:57.911;11:39:57.911;0:11.782;0:30.299;0:40.764;;Jack Hawksworth;;GTD;;AIM VASSER SULLIVAN;Lexus;
14;2;28;1:23.717;0;;11.587;0;29.991;0;42.139;0;156.3;46:21.628;11:41:21.628;0:11.587;0:29.991;0:42.139;;Jack Hawksworth;;GTD;;AIM VASSER SULLIVAN;Lexus;
14;2;29;1:22.333;0;;11.651;0;30.101;0;40.581;0;158.9;47:43.961;11:42:43.961;0:11.651;0:30.101;0:40.581;;Jack Hawksworth;;GTD;;AIM VASSER SULLIVAN;Lexus;
14;2;30;1:22.265;0;;11.571;0;30.104;0;40.590;0;159.0;49:06.226;11:44:06.226;0:11.571;0:30.104;0:40.590;;Jack Hawksworth;;GTD;;AIM VASSER SULLIVAN;Lexus;
14;2;31;1:22.095;0;;11.580;0;30.031;0;40.484;0;159.4;50:28.321;11:45:28.321;0:11.580;0:30.031;0:40.484;;Jack Hawksworth;;GTD;;AIM VASSER SULLIVAN;Lexus;
14;2;32;1:22.208;0;;11.549;0;30.010;0;40.649;0;159.1;51:50.529;11:46:50.529;0:11.549;0:30.010;0:40.649;;Jack Hawksworth;;GTD;;AIM VASSER SULLIVAN;Lexus;
14;2;33;1:22.470;0;;11.685;0;30.070;0;40.715;0;158.6;53:12.999;11:48:12.999;0:11.685;0:30.070;0:40.715;;Jack Hawksworth;;GTD;;AIM VASSER SULLIVAN;Lexus;
14;2;34;1:22.580;0;;11.714;0;30.087;0;40.779;0;158.4;54:35.579;11:49:35.579;0:11.714;0:30.087;0:40.779;;Jack Hawksworth;;GTD;;AIM VASSER SULLIVAN;Lexus;
14;2;35;1:22.513;0;;11.658;0;30.016;0;40.839;0;158.5;55:58.092;11:50:58.092;0:11.658;0:30.016;0:40.839;;Jack Hawksworth;;GTD;;AIM VASSER SULLIVAN;Lexus;
14;2;36;1:25.962;0;;11.682;0;30.323;0;43.957;0;152.2;57:24.054;11:52:24.054;0:11.682;0:30.323;0:43.957;;Jack Hawksworth;;GTD;;AIM VASSER SULLIVAN;Lexus;
14;2;37;1:22.930;0;;11.688;0;30.170;0;41.072;0;157.7;58:46.984;11:53:46.984;0:11.688;0:30.170;0:41.072;;Jack Hawksworth;;GTD;;AIM VASSER SULLIVAN;Lexus;
14;2;38;1:30.878;0;B;11.687;0;30.799;0;48.392;0;144.0;1:00:17.862;11:55:17.862;0:11.687;0:30.799;0:48.392;;Jack Hawksworth;;GTD;;AIM VASSER SULLIVAN;Lexus;
16;1;1;2:10.647;0;;39.542;0;39.095;0;52.010;0;100.1;2:10.647;10:57:10.647;0:39.542;0:39.095;0:52.010;;Ryan Hardwick;0:00:26.197;GTD;;Wright Motorsports;Porsche;
16;1;2;1:45.338;0;B;15.185;0;34.556;0;55.597;0;124.2;3:55.985;10:58:55.985;0:15.185;0:34.556;0:55.597;;Ryan Hardwick;;GTD;;Wright Motorsports;Porsche;
16;1;3;2:21.819;0;;1:00.792;0;35.568;0;45.459;0;92.2;6:17.804;11:01:17.804;1:00.792;0:35.568;0:45.459;;Ryan Hardwick;0:00:59.185;GTD;;Wright Motorsports;Porsche;
16;1;4;1:27.704;0;;12.579;0;32.093;0;43.032;0;149.2;7:45.508;11:02:45.508;0:12.579;0:32.093;0:43.032;;Ryan Hardwick;;GTD;;Wright Motorsports;Porsche;
16;1;5;1:23.826;0;;11.878;0;30.583;0;41.365;0;156.1;9:09.334;11:04:09.334;0:11.878;0:30.583;0:41.365;;Ryan Hardwick;;GTD;;Wright Motorsports;Porsche;
16;1;6;1:22.561;0;;11.637;0;30.144;0;40.780;0;158.5;10:31.895;11:05:31.895;0:11.637;0:30.144;0:40.780;;Ryan Hardwick;;GTD;;Wright Motorsports;Porsche;
16;1;7;1:22.295;0;;11.671;0;30.019;0;40.605;0;159.0;11:54.190;11:06:54.190;0:11.671;0:30.019;0:40.605;;Ryan Hardwick;;GTD;;Wright Motorsports;Porsche;
16;1;8;1:21.840;0;;11.599;0;29.858;0;40.383;0;159.8;13:16.030;11:08:16.030;0:11.599;0:29.858;0:40.383;;Ryan Hardwick;;GTD;;Wright Motorsports;Porsche;
16;1;9;1:21.590;0;;11.529;0;29.817;0;40.244;0;160.3;14:37.620;11:09:37.620;0:11.529;0:29.817;0:40.244;;Ryan Hardwick;;GTD;;Wright Motorsports;Porsche;
16;1;10;1:21.158;2;;11.521;0;29.637;2;40.000;2;161.2;15:58.778;11:10:58.778;0:11.521;0:29.637;0:40.000;;Ryan Hardwick;;GTD;;Wright Motorsports;Porsche;
16;1;11;1:30.596;0;B;11.423;2;30.581;0;48.592;0;144.4;17:29.374;11:12:29.374;0:11.423;0:30.581;0:48.592;;Ryan Hardwick;;GTD;;Wright Motorsports;Porsche;
16;1;12;3:36.376;0;;2:24.714;0;30.530;0;41.132;0;60.5;21:05.750;11:16:05.750;2:24.714;0:30.530;0:41.132;;Ryan Hardwick;0:02:24.991;GTD;;Wright Motorsports;Porsche;
16;1;13;1:21.925;0;;11.602;0;29.792;0;40.531;0;159.7;22:27.675;11:17:27.675;0:11.602;0:29.792;0:40.531;;Ryan Hardwick;;GTD;;Wright Motorsports;Porsche;
16;1;14;1:22.306;0;;11.656;0;29.705;0;40.945;0;158.9;23:49.981;11:18:49.981;0:11.656;0:29.705;0:40.945;;Ryan Hardwick;;GTD;;Wright Motorsports;Porsche;
16;1;15;1:30.216;0;B;11.570;0;29.737;0;48.909;0;145.0;25:20.197;11:20:20.197;0:11.570;0:29.737;0:48.909;;Ryan Hardwick;;GTD;;Wright Motorsports;Porsche;
16;1;16;2:23.529;0;;1:10.973;0;30.397;0;42.159;0;91.1;27:43.726;11:22:43.726;1:10.973;0:30.397;0:42.159;;Ryan Hardwick;0:01:11.734;GTD;;Wright Motorsports;Porsche;
16;1;17;1:23.319;0;;12.105;0;30.318;0;40.896;0;157.0;29:07.045;11:24:07.045;0:12.105;0:30.318;0:40.896;;Ryan Hardwick;;GTD;;Wright Motorsports;Porsche;
16;1;18;1:21.996;0;;11.709;0;29.900;0;40.387;0;159.5;30:29.041;11:25:29.041;0:11.709;0:29.900;0:40.387;;Ryan Hardwick;;GTD;;Wright Motorsports;Porsche;
16;1;19;1:22.075;0;;11.650;0;29.920;0;40.505;0;159.4;31:51.116;11:26:51.116;0:11.650;0:29.920;0:40.505;;Ryan Hardwick;;GTD;;Wright Motorsports;Porsche;
16;1;20;1:29.826;0;B;11.617;0;29.828;0;48.381;0;145.6;33:20.942;11:28:20.942;0:11.617;0:29.828;0:48.381;;Ryan Hardwick;;GTD;;Wright Motorsports;Porsche;
16;1;21;2:55.121;0;;1:43.952;0;30.447;0;40.722;0;74.7;36:16.063;11:31:16.063;1:43.952;0:30.447;0:40.722;;Ryan Hardwick;0:01:44.578;GTD;;Wright Motorsports;Porsche;
16;1;22;1:22.105;0;;11.754;0;29.839;0;40.512;0;159.3;37:38.168;11:32:38.168;0:11.754;0:29.839;0:40.512;;Ryan Hardwick;;GTD;;Wright Motorsports;Porsche;
16;1;23;1:30.603;0;B;11.745;0;30.021;0;48.837;0;144.4;39:08.771;11:34:08.771;0:11.745;0:30.021;0:48.837;;Ryan Hardwick;;GTD;;Wright Motorsports;Porsche;
16;2;24;2:38.378;0;;1:25.838;0;31.316;0;41.224;0;82.6;41:47.149;11:36:47.149;1:25.838;0:31.316;0:41.224;;Patrick Long;0:01:26.828;GTD;;Wright Motorsports;Porsche;
16;2;25;1:22.579;0;;11.760;0;29.894;0;40.925;0;158.4;43:09.728;11:38:09.728;0:11.760;0:29.894;0:40.925;;Patrick Long;;GTD;;Wright Motorsports;Porsche;
16;2;26;1:24.048;0;;11.775;0;30.860;0;41.413;0;155.6;44:33.776;11:39:33.776;0:11.775;0:30.860;0:41.413;;Patrick Long;;GTD;;Wright Motorsports;Porsche;
16;2;27;1:21.805;0;;11.651;1;29.789;1;40.365;1;159.9;45:55.581;11:40:55.581;0:11.651;0:29.789;0:40.365;;Patrick Long;;GTD;;Wright Motorsports;Porsche;
16;2;28;1:30.350;0;B;11.684;0;30.321;0;48.345;0;144.8;47:25.931;11:42:25.931;0:11.684;0:30.321;0:48.345;;Patrick Long;;GTD;;Wright Motorsports;Porsche;
16;2;29;2:30.437;0;;1:17.067;0;30.980;0;42.390;0;87.0;49:56.368;11:44:56.368;1:17.067;0:30.980;0:42.390;;Patrick Long;0:01:18.170;GTD;;Wright Motorsports;Porsche;
16;2;30;1:22.238;0;;11.713;0;30.088;0;40.437;0;159.1;51:18.606;11:46:18.606;0:11.713;0:30.088;0:40.437;;Patrick Long;;GTD;;Wright Motorsports;Porsche;
16;2;31;1:29.408;0;B;11.723;0;29.798;0;47.887;0;146.3;52:48.014;11:47:48.014;0:11.723;0:29.798;0:47.887;;Patrick Long;;GTD;;Wright Motorsports;Porsche;
16;2;32;2:58.867;0;;1:47.407;0;30.346;0;41.114;0;73.1;55:46.881;11:50:46.881;1:47.407;0:30.346;0:41.114;;Patrick Long;0:01:48.784;GTD;;Wright Motorsports;Porsche;
16;2;33;1:32.389;0;B;11.705;0;30.598;0;50.086;0;141.6;57:19.270;11:52:19.270;0:11.705;0:30.598;0:50.086;;Patrick Long;;GTD;;Wright Motorsports;Porsche;
16;2;34;2:12.082;0;;53.720;0;33.646;0;44.716;0;99.0;59:31.352;11:54:31.352;0:53.720;0:33.646;0:44.716;;Patrick Long;0:00:52.209;GTD;;Wright Motorsports;Porsche;
16;2;35;1:38.446;0;B;13.355;0;34.168;0;50.923;0;132.9;1:01:09.798;11:56:09.798;0:13.355;0:34.168;0:50.923;;Patrick Long;;GTD;;Wright Motorsports;Porsche;
22;1;1;2:19.462;0;;59.509;0;34.645;0;45.308;0;93.8;2:19.462;10:57:19.462;0:59.509;0:34.645;0:45.308;;Till Bechtolsheimer;0:00:47.910;GTD;;Gradient Racing;Acura;
22;1;2;1:32.445;0;;12.348;0;31.946;0;48.151;0;141.5;3:51.907;10:58:51.907;0:12.348;0:31.946;0:48.151;;Till Bechtolsheimer;;GTD;;Gradient Racing;Acura;
22;1;3;1:24.272;0;;12.035;0;30.785;0;41.452;0;155.2;5:16.179;11:00:16.179;0:12.035;0:30.785;0:41.452;;Till Bechtolsheimer;;GTD;;Gradient Racing;Acura;
22;1;4;1:23.624;0;;12.009;0;30.621;0;40.994;0;156.4;6:39.803;11:01:39.803;0:12.009;0:30.621;0:40.994;;Till Bechtolsheimer;;GTD;;Gradient Racing;Acura;
22;1;5;1:23.178;0;;11.863;0;30.564;0;40.751;0;157.3;8:02.981;11:03:02.981;0:11.863;0:30.564;0:40.751;;Till Bechtolsheimer;;GTD;;Gradient Racing;Acura;
22;1;6;1:22.447;0;;11.777;0;30.293;0;40.377;0;158.7;9:25.428;11:04:25.428;0:11.777;0:30.293;0:40.377;;Till Bechtolsheimer;;GTD;;Gradient Racing;Acura;
22;1;7;1:23.152;0;;11.650;0;30.323;0;41.179;0;157.3;10:48.580;11:05:48.580;0:11.650;0:30.323;0:41.179;;Till Bechtolsheimer;;GTD;;Gradient Racing;Acura;
22;1;8;1:22.676;0;;11.663;0;30.408;0;40.605;0;158.2;12:11.256;11:07:11.256;0:11.663;0:30.408;0:40.605;;Till Bechtolsheimer;;GTD;;Gradient Racing;Acura;
22;1;9;1:21.943;2;;11.591;2;30.132;1;40.220;2;159.6;13:33.199;11:08:33.199;0:11.591;0:30.132;0:40.220;;Till Bechtolsheimer;;GTD;;Gradient Racing;Acura;
22;1;10;2:25.828;0;B;11.812;0;30.589;0;1:43.427;0;89.7;15:59.027;11:10:59.027;0:11.812;0:30.589;1:43.427;;Till Bechtolsheimer;;GTD;;Gradient Racing;Acura;
22;2;11;1:37.771;0;;24.343;0;31.429;0;41.999;0;133.8;17:36.798;11:12:36.798;0:24.343;0:31.429;0:41.999;;Marc Miller;0:01:17.664;GTD;;Gradient Racing;Acura;
22;2;12;1:24.493;0;;11.712;0;31.036;0;41.745;0;154.8;19:01.291;11:14:01.291;0:11.712;0:31.036;0:41.745;;Marc Miller;;GTD;;Gradient Racing;Acura;
22;2;13;3:52.479;0;B;11.729;0;30.357;0;3:10.393;0;56.3;22:53.770;11:17:53.770;0:11.729;0:30.357;3:10.393;;Marc Miller;;GTD;;Gradient Racing;Acura;
22;2;14;1:35.043;0;;22.925;0;31.030;0;41.088;0;137.6;24:28.813;11:19:28.813;0:22.925;0:31.030;0:41.088;;Marc Miller;0:02:44.839;GTD;;Gradient Racing;Acura;
22;2;15;1:22.416;0;;11.683;0;30.192;0;40.541;0;158.7;25:51.229;11:20:51.229;0:11.683;0:30.192;0:40.541;;Marc Miller;;GTD;;Gradient Racing;Acura;
22;2;16;1:22.909;0;;11.667;0;30.059;0;41.183;0;157.8;27:14.138;11:22:14.138;0:11.667;0:30.059;0:41.183;;Marc Miller;;GTD;;Gradient Racing;Acura;
22;2;17;1:23.629;0;;11.972;0;30.268;0;41.389;0;156.4;28:37.767;11:23:37.767;0:11.972;0:30.268;0:41.389;;Marc Miller;;GTD;;Gradient Racing;Acura;
22;2;18;1:22.135;0;;11.669;0;29.939;2;40.527;1;159.3;29:59.902;11:24:59.902;0:11.669;0:29.939;0:40.527;;Marc Miller;;GTD;;Gradient Racing;Acura;
22;2;19;3:25.547;0;B;11.674;0;30.106;0;2:43.767;0;63.6;33:25.449;11:28:25.449;0:11.674;0:30.106;2:43.767;;Marc Miller;;GTD;;Gradient Racing;Acura;
22;2;20;1:34.513;0;;22.918;0;30.803;0;40.792;0;138.4;34:59.962;11:29:59.962;0:22.918;0:30.803;0:40.792;;Marc Miller;0:02:19.085;GTD;;Gradient Racing;Acura;
22;2;21;1:23.043;0;;11.694;0;30.032;0;41.317;0;157.5;36:23.005;11:31:23.005;0:11.694;0:30.032;0:41.317;;Marc Miller;;GTD;;Gradient Racing;Acura;
22;2;22;3:36.656;0;B;11.716;0;30.113;0;2:54.827;0;60.4;39:59.661;11:34:59.661;0:11.716;0:30.113;2:54.827;;Marc Miller;;GTD;;Gradient Racing;Acura;
22;2;23;1:36.407;0;;22.745;0;32.572;0;41.090;0;135.7;41:36.068;11:36:36.068;0:22.745;0:32.572;0:41.090;;Marc Miller;0:02:30.610;GTD;;Gradient Racing;Acura;
22;2;24;1:22.229;0;;11.632;0;30.053;0;40.544;0;159.1;42:58.297;11:37:58.297;0:11.632;0:30.053;0:40.544;;Marc Miller;;GTD;;Gradient Racing;Acura;
22;2;25;2:24.464;0;B;11.621;1;30.229;0;1:42.614;0;90.6;45:22.761;11:40:22.761;0:11.621;0:30.229;1:42.614;;Marc Miller;;GTD;;Gradient Racing;Acura;
22;1;26;1:37.834;0;;24.153;0;31.665;0;42.016;0;133.7;47:00.595;11:42:00.595;0:24.153;0:31.665;0:42.016;;Till Bechtolsheimer;0:01:18.076;GTD;;Gradient Racing;Acura;
22;1;27;1:23.874;0;;11.869;0;30.566;0;41.439;0;156.0;48:24.469;11:43:24.469;0:11.869;0:30.566;0:41.439;;Till Bechtolsheimer;;GTD;;Gradient Racing;Acura;
22;1;28;1:23.947;0;;11.810;0;30.619;0;41.518;0;155.8;49:48.416;11:44:48.416;0:11.810;0:30.619;0:41.518;;Till Bechtolsheimer;;GTD;;Gradient Racing;Acura;
22;1;29;1:23.674;0;;11.955;0;30.456;0;41.263;0;156.3;51:12.090;11:46:12.090;0:11.955;0:30.456;0:41.263;;Till Bechtolsheimer;;GTD;;Gradient Racing;Acura;
22;1;30;1:23.964;0;;11.914;0;30.451;0;41.599;0;155.8;52:36.054;11:47:36.054;0:11.914;0:30.451;0:41.599;;Till Bechtolsheimer;;GTD;;Gradient Racing;Acura;
22;1;31;1:23.724;0;;11.850;0;30.558;0;41.316;0;156.3;53:59.778;11:48:59.778;0:11.850;0:30.558;0:41.316;;Till Bechtolsheimer;;GTD;;Gradient Racing;Acura;
22;1;32;1:23.182;0;;11.760;0;30.477;0;40.945;0;157.3;55:22.960;11:50:22.960;0:11.760;0:30.477;0:40.945;;Till Bechtolsheimer;;GTD;;Gradient Racing;Acura;
22;1;33;1:23.478;0;;11.765;0;30.458;0;41.255;0;156.7;56:46.438;11:51:46.438;0:11.765;0:30.458;0:41.255;;Till Bechtolsheimer;;GTD;;Gradient Racing;Acura;
22;1;34;1:23.408;0;;11.801;0;30.556;0;41.051;0;156.8;58:09.846;11:53:09.846;0:11.801;0:30.556;0:41.051;;Till Bechtolsheimer;;GTD;;Gradient Racing;Acura;
22;1;35;1:23.695;0;;11.795;0;30.700;0;41.200;0;156.3;59:33.541;11:54:33.541;0:11.795;0:30.700;0:41.200;;Till Bechtolsheimer;;GTD;;Gradient Racing;Acura;
23;1;1;2:10.683;0;;45.244;0;36.803;0;48.636;0;100.1;2:10.683;10:57:10.683;0:45.244;0:36.803;0:48.636;;Ian James;0:00:32.733;GTD;;Heart Of Racing Team;Aston Martin;
23;1;2;1:28.544;0;;13.181;0;31.907;0;43.456;0;147.7;3:39.227;10:58:39.227;0:13.181;0:31.907;0:43.456;;Ian James;;GTD;;Heart Of Racing Team;Aston Martin;
23;1;3;1:25.238;0;;12.244;0;30.724;0;42.270;0;153.5;5:04.465;11:00:04.465;0:12.244;0:30.724;0:42.270;;Ian James;;GTD;;Heart Of Racing Team;Aston Martin;
23;1;4;1:24.201;0;;12.051;0;30.381;0;41.769;0;155.4;6:28.666;11:01:28.666;0:12.051;0:30.381;0:41.769;;Ian James;;GTD;;Heart Of Racing Team;Aston Martin;
23;1;5;2:09.163;0;B;11.975;0;30.297;0;1:26.891;0;101.3;8:37.829;11:03:37.829;0:11.975;0:30.297;1:26.891;;Ian James;;GTD;;Heart Of Racing Team;Aston Martin;
23;1;6;1:41.694;0;;24.608;0;33.928;0;43.158;0;128.6;10:19.523;11:05:19.523;0:24.608;0:33.928;0:43.158;;Ian James;0:01:01.922;GTD;;Heart Of Racing Team;Aston Martin;
23;1;7;1:23.142;0;;12.068;0;30.198;0;40.876;0;157.3;11:42.665;11:06:42.665;0:12.068;0:30.198;0:40.876;;Ian James;;GTD;;Heart Of Racing Team;Aston Martin;
23;1;8;1:22.054;0;;11.766;0;29.677;0;40.611;0;159.4;13:04.719;11:08:04.719;0:11.766;0:29.677;0:40.611;;Ian James;;GTD;;Heart Of Racing Team;Aston Martin;
23;1;9;1:22.166;0;;11.713;0;29.779;0;40.674;0;159.2;14:26.885;11:09:26.885;0:11.713;0:29.779;0:40.674;;Ian James;;GTD;;Heart Of Racing Team;Aston Martin;
23;1;10;2:53.292;0;B;11.735;0;29.754;0;2:11.803;0;75.5;17:20.177;11:12:20.177;0:11.735;0:29.754;2:11.803;;Ian James;;GTD;;Heart Of Racing Team;Aston Martin;
23;1;11;1:38.346;0;;24.013;0;31.658;0;42.675;0;133.0;18:58.523;11:13:58.523;0:24.013;0:31.658;0:42.675;;Ian James;0:01:47.530;GTD;;Heart Of Racing Team;Aston Martin;
23;1;12;3:35.077;0;B;11.830;0;29.766;0;2:53.481;0;60.8;22:33.600;11:17:33.600;0:11.830;0:29.766;2:53.481;;Ian James;;GTD;;Heart Of Racing Team;Aston Martin;
23;1;13;1:36.242;0;;23.764;0;31.134;0;41.344;0;135.9;24:09.842;11:19:09.842;0:23.764;0:31.134;0:41.344;;Ian James;0:02:29.002;GTD;;Heart Of Racing Team;Aston Martin;
23;1;14;2:53.242;0;B;11.814;0;29.674;0;2:11.754;0;75.5;27:03.084;11:22:03.084;0:11.814;0:29.674;2:11.754;;Ian James;;GTD;;Heart Of Racing Team;Aston Martin;
23;1;15;1:37.509;0;;23.609;0;30.666;0;43.234;0;134.2;28:40.593;11:23:40.593;0:23.609;0:30.666;0:43.234;;Ian James;0:01:47.446;GTD;;Heart Of Racing Team;Aston Martin;
23;1;16;1:22.043;0;;11.871;0;29.617;0;40.555;1;159.5;30:02.636;11:25:02.636;0:11.871;0:29.617;0:40.555;;Ian James;;GTD;;Heart Of Racing Team;Aston Martin;
23;1;17;1:21.783;2;;11.662;1;29.493;2;40.628;0;160.0;31:24.419;11:26:24.419;0:11.662;0:29.493;0:40.628;;Ian James;;GTD;;Heart Of Racing Team;Aston Martin;
23;1;18;2:12.106;0;B;11.675;0;29.850;0;1:30.581;0;99.0;33:36.525;11:28:36.525;0:11.675;0:29.850;1:30.581;;Ian James;;GTD;;Heart Of Racing Team;Aston Martin;
23;2;19;1:36.462;0;;23.483;0;31.172;0;41.807;0;135.6;35:12.987;11:30:12.987;0:23.483;0:31.172;0:41.807;;Roman De Angelis;0:01:06.535;GTD;;Heart Of Racing Team;Aston Martin;
23;2;20;1:22.761;0;;11.795;0;29.978;0;40.988;0;158.1;36:35.748;11:31:35.748;0:11.795;0:29.978;0:40.988;;Roman De Angelis;;GTD;;Heart Of Racing Team;Aston Martin;
23;2;21;1:22.940;0;;11.733;0;30.186;0;41.021;0;157.7;37:58.688;11:32:58.688;0:11.733;0:30.186;0:41.021;;Roman De Angelis;;GTD;;Heart Of Racing Team;Aston Martin;
23;2;22;1:22.090;0;;11.639;0;29.913;1;40.538;2;159.4;39:20.778;11:34:20.778;0:11.639;0:29.913;0:40.538;;Roman De Angelis;;GTD;;Heart Of Racing Team;Aston Martin;
23;2;23;2:33.470;0;B;11.627;0;30.748;0;1:51.095;0;85.2;41:54.248;11:36:54.248;0:11.627;0:30.748;1:51.095;;Roman De Angelis;;GTD;;Heart Of Racing Team;Aston Martin;
23;2;24;1:34.937;0;;23.100;0;30.649;0;41.188;0;137.8;43:29.185;11:38:29.185;0:23.100;0:30.649;0:41.188;;Roman De Angelis;0:01:25.488;GTD;;Heart Of Racing Team;Aston Martin;
23;2;25;1:22.533;0;;11.618;0;30.115;0;40.800;0;158.5;44:51.718;11:39:51.718;0:11.618;0:30.115;0:40.800;;Roman De Angelis;;GTD;;Heart Of Racing Team;Aston Martin;
23;2;26;2:24.244;0;B;11.652;0;30.108;0;1:42.484;0;90.7;47:15.962;11:42:15.962;0:11.652;0:30.108;1:42.484;;Roman De Angelis;;GTD;;Heart Of Racing Team;Aston Martin;
23;2;27;1:34.822;0;;23.088;0;30.664;0;41.070;0;138.0;48:50.784;11:43:50.784;0:23.088;0:30.664;0:41.070;;Roman De Angelis;0:01:16.441;GTD;;Heart Of Racing Team;Aston Martin;
23;2;28;1:22.485;0;;11.578;0;30.001;0;40.906;0;158.6;50:13.269;11:45:13.269;0:11.578;0:30.001;0:40.906;;Roman De Angelis;;GTD;;Heart Of Racing Team;Aston Martin;
23;2;29;3:29.218;0;B;11.594;0;30.032;0;2:47.592;0;62.5;53:42.487;11:48:42.487;0:11.594;0:30.032;2:47.592;;Roman De Angelis;;GTD;;Heart Of Racing Team;Aston Martin;
23;2;30;1:34.952;0;;23.203;0;30.625;0;41.124;0;137.8;55:17.439;11:50:17.439;0:23.203;0:30.625;0:41.124;;Roman De Angelis;0:02:23.204;GTD;;Heart Of Racing Team;Aston Martin;
23;2;31;1:22.466;0;;11.547;0;29.958;0;40.961;0;158.6;56:39.905;11:51:39.905;0:11.547;0:29.958;0:40.961;;Roman De Angelis;;GTD;;Heart Of Racing Team;Aston Martin;
23;2;32;1:22.156;0;;11.514;2;29.944;0;40.698;0;159.2;58:02.061;11:53:02.061;0:11.514;0:29.944;0:40.698;;Roman De Angelis;;GTD;;Heart Of Racing Team;Aston Martin;
23;2;33;2:23.540;0;B;11.570;0;30.202;0;1:41.768;0;91.1;1:00:25.601;11:55:25.601;0:11.570;0:30.202;1:41.768;;Roman De Angelis;;GTD;;Heart Of Racing Team;Aston Martin;
24;2;1;16:59.014;0;B;15:29.995;0;34.495;0;54.524;0;12.8;16:59.014;11:11:59.014;15:29.995;0:34.495;0:54.524;;John Edwards;0:15:17.423;GTLM;;BMW Team RLL;BMW;
24;2;2;2:20.621;0;B;58.099;0;33.087;1;49.435;0;93.0;19:19.635;11:14:19.635;0:58.099;0:33.087;0:49.435;;John Edwards;0:00:56.450;GTLM;;BMW Team RLL;BMW;
24;1;3;2:09.827;0;;53.601;0;33.247;0;42.979;0;100.8;21:29.462;11:16:29.462;0:53.601;0:33.247;0:42.979;;Jesse Krohn;0:00:52.754;GTLM;;BMW Team RLL;BMW;
24;1;4;1:23.774;0;;11.738;0;30.630;0;41.406;0;156.2;22:53.236;11:17:53.236;0:11.738;0:30.630;0:41.406;;Jesse Krohn;;GTLM;;BMW Team RLL;BMW;
24;1;5;1:22.644;0;;11.702;0;30.015;0;40.927;0;158.3;24:15.880;11:19:15.880;0:11.702;0:30.015;0:40.927;;Jesse Krohn;;GTLM;;BMW Team RLL;BMW;
24;1;6;1:20.501;0;;11.488;0;29.550;0;39.463;0;162.5;25:36.381;11:20:36.381;0:11.488;0:29.550;0:39.463;;Jesse Krohn;;GTLM;;BMW Team RLL;BMW;
24;1;7;1:19.184;0;;11.164;0;29.065;0;38.955;2;165.2;26:55.565;11:21:55.565;0:11.164;0:29.065;0:38.955;;Jesse Krohn;;GTLM;;BMW Team RLL;BMW;
24;1;8;1:26.624;0;B;11.110;0;28.957;2;46.557;0;151.0;28:22.189;11:23:22.189;0:11.110;0:28.957;0:46.557;;Jesse Krohn;;GTLM;;BMW Team RLL;BMW;
24;1;9;9:21.968;0;;8:11.099;0;30.381;0;40.488;0;23.3;37:44.157;11:32:44.157;8:11.099;0:30.381;0:40.488;;Jesse Krohn;0:08:11.798;GTLM;;BMW Team RLL;BMW;
24;1;10;1:20.731;0;;11.417;0;29.500;0;39.814;0;162.0;39:04.888;11:34:04.888;0:11.417;0:29.500;0:39.814;;Jesse Krohn;;GTLM;;BMW Team RLL;BMW;
24;1;11;1:19.868;0;;11.261;0;29.178;0;39.429;0;163.8;40:24.756;11:35:24.756;0:11.261;0:29.178;0:39.429;;Jesse Krohn;;GTLM;;BMW Team RLL;BMW;
24;1;12;1:20.005;0;;11.160;0;29.190;0;39.655;0;163.5;41:44.761;11:36:44.761;0:11.160;0:29.190;0:39.655;;Jesse Krohn;;GTLM;;BMW Team RLL;BMW;
24;1;13;1:20.199;0;;11.244;0;29.515;0;39.440;0;163.1;43:04.960;11:38:04.960;0:11.244;0:29.515;0:39.440;;Jesse Krohn;;GTLM;;BMW Team RLL;BMW;
24;1;14;1:19.906;0;;11.182;0;29.203;0;39.521;0;163.7;44:24.866;11:39:24.866;0:11.182;0:29.203;0:39.521;;Jesse Krohn;;GTLM;;BMW Team RLL;BMW;
24;1;15;1:26.940;0;B;11.180;0;29.216;0;46.544;0;150.5;45:51.806;11:40:51.806;0:11.180;0:29.216;0:46.544;;Jesse Krohn;;GTLM;;BMW Team RLL;BMW;
24;1;16;10:00.408;0;;8:48.262;0;31.147;0;40.999;0;21.8;55:52.214;11:50:52.214;8:48.262;0:31.147;0:40.999;;Jesse Krohn;0:08:48.996;GTLM;;BMW Team RLL;BMW;
24;1;17;1:22.334;0;;11.358;0;29.623;0;41.353;0;158.9;57:14.548;11:52:14.548;0:11.358;0:29.623;0:41.353;;Jesse Krohn;;GTLM;;BMW Team RLL;BMW;
24;1;18;1:20.653;0;;11.404;0;29.485;0;39.764;0;162.2;58:35.201;11:53:35.201;0:11.404;0:29.485;0:39.764;;Jesse Krohn;;GTLM;;BMW Team RLL;BMW;
24;1;19;1:19.922;0;;11.175;0;29.269;0;39.478;0;163.7;59:55.123;11:54:55.123;0:11.175;0:29.269;0:39.478;;Jesse Krohn;;GTLM;;BMW Team RLL;BMW;
24;1;20;1:20.196;0;;11.259;0;29.459;0;39.478;0;163.1;1:01:15.319;11:56:15.319;0:11.259;0:29.459;0:39.478;;Jesse Krohn;;GTLM;;BMW Team RLL;BMW;
24;1;21;1:19.518;0;;11.089;0;29.122;0;39.307;0;164.5;1:02:34.837;11:57:34.837;0:11.089;0:29.122;0:39.307;;Jesse Krohn;;GTLM;;BMW Team RLL;BMW;
24;1;22;1:26.562;0;B;11.004;2;29.149;0;46.409;0;151.1;1:04:01.399;11:59:01.399;0:11.004;0:29.149;0:46.409;;Jesse Krohn;;GTLM;;BMW Team RLL;BMW;
24;1;23;2:05.029;0;;51.557;0;31.876;0;41.596;0;104.6;1:06:06.428;12:01:06.428;0:51.557;0:31.876;0:41.596;;Jesse Krohn;0:00:51.435;GTLM;;BMW Team RLL;BMW;
24;1;24;1:24.268;0;;11.596;0;31.022;0;41.650;0;155.2;1:07:30.696;12:02:30.696;0:11.596;0:31.022;0:41.650;;Jesse Krohn;;GTLM;;BMW Team RLL;BMW;
24;1;25;1:20.720;0;;11.270;0;29.591;0;39.859;0;162.1;1:08:51.416;12:03:51.416;0:11.270;0:29.591;0:39.859;;Jesse Krohn;;GTLM;;BMW Team RLL;BMW;
24;1;26;1:19.506;0;;11.182;0;29.173;0;39.151;0;164.5;1:10:10.922;12:05:10.922;0:11.182;0:29.173;0:39.151;;Jesse Krohn;;GTLM;;BMW Team RLL;BMW;
24;1;27;1:19.034;2;;11.025;0;28.996;0;39.013;0;165.5;1:11:29.956;12:06:29.956;0:11.025;0:28.996;0:39.013;;Jesse Krohn;;GTLM;;BMW Team RLL;BMW;
24;1;28;1:20.207;0;;11.266;0;29.569;0;39.372;0;163.1;1:12:50.163;12:07:50.163;0:11.266;0:29.569;0:39.372;;Jesse Krohn;;GTLM;;BMW Team RLL;BMW;
24;1;29;1:31.133;0;B;11.011;0;29.192;0;50.930;0;143.5;1:14:21.296;12:09:21.296;0:11.011;0:29.192;0:50.930;;Jesse Krohn;;GTLM;;BMW Team RLL;BMW;
25;2;1;16:57.457;0;B;15:28.450;0;35.684;0;53.323;0;12.9;16:57.457;11:11:57.457;15:28.450;0:35.684;0:53.323;;Connor De Phillippi;0:15:15.298;GTLM;;BMW Team RLL;BMW;
25;2;2;2:20.597;0;B;52.871;0;35.170;0;52.556;0;93.0;19:18.054;11:14:18.054;0:52.871;0:35.170;0:52.556;;Connor De Phillippi;0:00:51.616;GTLM;;BMW Team RLL;BMW;
25;2;3;2:02.015;0;;48.928;0;31.274;0;41.813;0;107.2;21:20.069;11:16:20.069;0:48.928;0:31.274;0:41.813;;Connor De Phillippi;0:00:49.235;GTLM;;BMW Team RLL;BMW;
25;2;4;1:21.451;0;;11.395;0;29.840;0;40.216;0;160.6;22:41.520;11:17:41.520;0:11.395;0:29.840;0:40.216;;Connor De Phillippi;;GTLM;;BMW Team RLL;BMW;
25;2;5;1:20.523;0;;11.205;0;29.572;0;39.746;0;162.5;24:02.043;11:19:02.043;0:11.205;0:29.572;0:39.746;;Connor De Phillippi;;GTLM;;BMW Team RLL;BMW;
25;2;6;1:22.595;0;;11.080;0;29.307;0;42.208;0;158.4;25:24.638;11:20:24.638;0:11.080;0:29.307;0:42.208;;Connor De Phillippi;;GTLM;;BMW Team RLL;BMW;
25;2;7;1:20.859;0;;11.305;0;29.294;0;40.260;0;161.8;26:45.497;11:21:45.497;0:11.305;0:29.294;0:40.260;;Connor De Phillippi;;GTLM;;BMW Team RLL;BMW;
25;2;8;1:19.586;0;;11.104;0;28.949;2;39.533;0;164.4;28:05.083;11:23:05.083;0:11.104;0:28.949;0:39.533;;Connor De Phillippi;;GTLM;;BMW Team RLL;BMW;
25;2;9;1:19.435;0;;11.126;0;28.993;0;39.316;0;164.7;29:24.518;11:24:24.518;0:11.126;0:28.993;0:39.316;;Connor De Phillippi;;GTLM;;BMW Team RLL;BMW;
25;2;10;1:19.260;2;;10.994;2;29.045;0;39.221;1;165.1;30:43.778;11:25:43.778;0:10.994;0:29.045;0:39.221;;Connor De Phillippi;;GTLM;;BMW Team RLL;BMW;
25;2;11;1:26.841;0;B;11.049;0;29.184;0;46.608;0;150.6;32:10.619;11:27:10.619;0:11.049;0:29.184;0:46.608;;Connor De Phillippi;;GTLM;;BMW Team RLL;BMW;
25;2;12;5:40.803;0;;4:26.194;0;30.399;0;44.210;0;38.4;37:51.422;11:32:51.422;4:26.194;0:30.399;0:44.210;;Connor De Phillippi;0:04:26.346;GTLM;;BMW Team RLL;BMW;
25;2;13;1:19.803;0;;11.155;0;29.170;0;39.478;0;163.9;39:11.225;11:34:11.225;0:11.155;0:29.170;0:39.478;;Connor De Phillippi;;GTLM;;BMW Team RLL;BMW;
25;2;14;1:24.960;0;;11.146;0;29.393;0;44.421;0;154.0;40:36.185;11:35:36.185;0:11.146;0:29.393;0:44.421;;Connor De Phillippi;;GTLM;;BMW Team RLL;BMW;
25;2;15;1:20.159;0;;11.156;0;29.153;0;39.850;0;163.2;41:56.344;11:36:56.344;0:11.156;0:29.153;0:39.850;;Connor De Phillippi;;GTLM;;BMW Team RLL;BMW;
25;2;16;1:27.383;0;B;11.249;0;29.609;0;46.525;0;149.7;43:23.727;11:38:23.727;0:11.249;0:29.609;0:46.525;;Connor De Phillippi;;GTLM;;BMW Team RLL;BMW;
25;1;17;8:19.978;0;;7:07.953;0;31.213;0;40.812;0;26.2;51:43.705;11:46:43.705;7:07.953;0:31.213;0:40.812;;Bruno Spengler;0:07:08.480;GTLM;;BMW Team RLL;BMW;
25;1;18;1:21.546;0;;11.396;0;29.896;0;40.254;0;160.4;53:05.251;11:48:05.251;0:11.396;0:29.896;0:40.254;;Bruno Spengler;;GTLM;;BMW Team RLL;BMW;
25;1;19;1:20.915;0;;11.305;0;29.825;0;39.785;0;161.7;54:26.166;11:49:26.166;0:11.305;0:29.825;0:39.785;;Bruno Spengler;;GTLM;;BMW Team RLL;BMW;
25;1;20;1:21.334;0;;11.293;0;30.053;0;39.988;0;160.8;55:47.500;11:50:47.500;0:11.293;0:30.053;0:39.988;;Bruno Spengler;;GTLM;;BMW Team RLL;BMW;
25;1;21;1:22.456;0;;11.347;0;29.998;0;41.111;0;158.7;57:09.956;11:52:09.956;0:11.347;0:29.998;0:41.111;;Bruno Spengler;;GTLM;;BMW Team RLL;BMW;
25;1;22;1:20.437;0;;11.212;0;29.405;0;39.820;0;162.6;58:30.393;11:53:30.393;0:11.212;0:29.405;0:39.820;;Bruno Spengler;;GTLM;;BMW Team RLL;BMW;
25;1;23;1:20.338;0;;11.245;0;29.402;0;39.691;0;162.8;59:50.731;11:54:50.731;0:11.245;0:29.402;0:39.691;;Bruno Spengler;;GTLM;;BMW Team RLL;BMW;
25;1;24;1:27.283;0;B;11.231;0;29.343;0;46.709;0;149.9;1:01:18.014;11:56:18.014;0:11.231;0:29.343;0:46.709;;Bruno Spengler;;GTLM;;BMW Team RLL;BMW;
25;1;25;3:48.840;0;;2:30.397;0;34.313;0;44.130;0;57.2;1:05:06.854;12:00:06.854;2:30.397;0:34.313;0:44.130;;Bruno Spengler;0:02:29.546;GTLM;;BMW Team RLL;BMW;
25;1;26;1:22.574;0;;11.628;0;30.193;0;40.753;0;158.4;1:06:29.428;12:01:29.428;0:11.628;0:30.193;0:40.753;;Bruno Spengler;;GTLM;;BMW Team RLL;BMW;
25;1;27;1:20.722;0;;11.307;0;29.605;0;39.810;0;162.1;1:07:50.150;12:02:50.150;0:11.307;0:29.605;0:39.810;;Bruno Spengler;;GTLM;;BMW Team RLL;BMW;
25;1;28;1:19.732;0;;11.096;0;29.299;0;39.337;0;164.1;1:09:09.882;12:04:09.882;0:11.096;0:29.299;0:39.337;;Bruno Spengler;;GTLM;;BMW Team RLL;BMW;
25;1;29;1:19.678;0;;11.120;0;29.237;0;39.321;0;164.2;1:10:29.560;12:05:29.560;0:11.120;0:29.237;0:39.321;;Bruno Spengler;;GTLM;;BMW Team RLL;BMW;
25;1;30;1:19.911;0;;11.069;0;29.216;0;39.626;0;163.7;1:11:49.471;12:06:49.471;0:11.069;0:29.216;0:39.626;;Bruno Spengler;;GTLM;;BMW Team RLL;BMW;
25;1;31;1:19.720;0;;11.142;0;29.293;0;39.285;0;164.1;1:13:09.191;12:08:09.191;0:11.142;0:29.293;0:39.285;;Bruno Spengler;;GTLM;;BMW Team RLL;BMW;
25;1;32;1:19.560;0;;11.027;1;29.263;0;39.270;0;164.4;1:14:28.751;12:09:28.751;0:11.027;0:29.263;0:39.270;;Bruno Spengler;;GTLM;;BMW Team RLL;BMW;
25;1;33;1:19.334;0;;11.084;0;29.072;1;39.178;2;164.9;1:15:48.085;12:10:48.085;0:11.084;0:29.072;0:39.178;;Bruno Spengler;;GTLM;;BMW Team RLL;BMW;
3;2;1;17:35.253;0;;15:56.407;0;51.904;0;46.942;0;12.4;17:35.253;11:12:35.253;15:56.407;0:51.904;0:46.942;;Jordan Taylor;0:15:25.561;GTLM;;Corvette Racing;Chevrolet;
3;2;2;1:25.428;0;;12.200;0;31.513;0;41.715;0;153.1;19:00.681;11:14:00.681;0:12.200;0:31.513;0:41.715;;Jordan Taylor;;GTLM;;Corvette Racing;Chevrolet;
3;2;3;1:23.546;0;;11.678;0;30.694;0;41.174;0;156.6;20:24.227;11:15:24.227;0:11.678;0:30.694;0:41.174;;Jordan Taylor;;GTLM;;Corvette Racing;Chevrolet;
3;2;4;1:20.925;0;;11.357;0;29.687;0;39.881;0;161.7;21:45.152;11:16:45.152;0:11.357;0:29.687;0:39.881;;Jordan Taylor;;GTLM;;Corvette Racing;Chevrolet;
3;2;5;1:20.955;0;;11.463;0;29.670;0;39.822;0;161.6;23:06.107;11:18:06.107;0:11.463;0:29.670;0:39.822;;Jordan Taylor;;GTLM;;Corvette Racing;Chevrolet;
3;2;6;1:20.423;0;;11.233;0;29.719;0;39.471;0;162.7;24:26.530;11:19:26.530;0:11.233;0:29.719;0:39.471;;Jordan Taylor;;GTLM;;Corvette Racing;Chevrolet;
3;2;7;1:19.796;0;;11.187;0;29.251;0;39.358;0;163.9;25:46.326;11:20:46.326;0:11.187;0:29.251;0:39.358;;Jordan Taylor;;GTLM;;Corvette Racing;Chevrolet;
3;2;8;1:20.187;0;;11.423;0;29.416;0;39.348;0;163.1;27:06.513;11:22:06.513;0:11.423;0:29.416;0:39.348;;Jordan Taylor;;GTLM;;Corvette Racing;Chevrolet;
3;2;9;1:19.369;0;;11.101;0;29.013;0;39.255;0;164.8;28:25.882;11:23:25.882;0:11.101;0:29.013;0:39.255;;Jordan Taylor;;GTLM;;Corvette Racing;Chevrolet;
3;2;10;1:19.655;0;;11.293;0;29.210;0;39.152;0;164.2;29:45.537;11:24:45.537;0:11.293;0:29.210;0:39.152;;Jordan Taylor;;GTLM;;Corvette Racing;Chevrolet;
3;2;11;1:18.914;0;;11.047;0;28.888;0;38.979;0;165.8;31:04.451;11:26:04.451;0:11.047;0:28.888;0:38.979;;Jordan Taylor;;GTLM;;Corvette Racing;Chevrolet;
3;2;12;1:19.361;0;;11.107;0;29.057;0;39.197;0;164.8;32:23.812;11:27:23.812;0:11.107;0:29.057;0:39.197;;Jordan Taylor;;GTLM;;Corvette Racing;Chevrolet;
3;2;13;1:26.289;0;B;11.010;0;28.975;0;46.304;0;151.6;33:50.101;11:28:50.101;0:11.010;0:28.975;0:46.304;;Jordan Taylor;;GTLM;;Corvette Racing;Chevrolet;
3;2;14;2:49.841;0;;1:36.136;0;31.689;0;42.016;0;77.0;36:39.942;11:31:39.942;1:36.136;0:31.689;0:42.016;;Jordan Taylor;0:01:36.356;GTLM;;Corvette Racing;Chevrolet;
3;2;15;1:20.647;0;;11.391;0;29.577;0;39.679;0;162.2;38:00.589;11:33:00.589;0:11.391;0:29.577;0:39.679;;Jordan Taylor;;GTLM;;Corvette Racing;Chevrolet;
3;2;16;1:20.518;0;;11.166;0;29.128;0;40.224;0;162.5;39:21.107;11:34:21.107;0:11.166;0:29.128;0:40.224;;Jordan Taylor;;GTLM;;Corvette Racing;Chevrolet;
3;2;17;1:20.921;0;;11.483;0;29.846;0;39.592;0;161.7;40:42.028;11:35:42.028;0:11.483;0:29.846;0:39.592;;Jordan Taylor;;GTLM;;Corvette Racing;Chevrolet;
3;2;18;1:20.898;0;;11.091;0;29.133;0;40.674;0;161.7;42:02.926;11:37:02.926;0:11.091;0:29.133;0:40.674;;Jordan Taylor;;GTLM;;Corvette Racing;Chevrolet;
3;2;19;1:19.045;0;;11.049;0;28.818;0;39.178;0;165.5;43:21.971;11:38:21.971;0:11.049;0:28.818;0:39.178;;Jordan Taylor;;GTLM;;Corvette Racing;Chevrolet;
3;2;20;1:18.739;0;;10.932;0;28.697;2;39.110;0;166.1;44:40.710;11:39:40.710;0:10.932;0:28.697;0:39.110;;Jordan Taylor;;GTLM;;Corvette Racing;Chevrolet;
3;2;21;1:20.120;0;;10.971;0;28.830;0;40.319;0;163.3;46:00.830;11:41:00.830;0:10.971;0:28.830;0:40.319;;Jordan Taylor;;GTLM;;Corvette Racing;Chevrolet;
3;2;22;1:27.242;0;B;12.148;0;29.130;0;45.964;0;150.0;47:28.072;11:42:28.072;0:12.148;0:29.130;0:45.964;;Jordan Taylor;;GTLM;;Corvette Racing;Chevrolet;
3;2;23;7:01.306;0;;5:47.870;0;31.629;0;41.807;0;31.1;54:29.378;11:49:29.378;5:47.870;0:31.629;0:41.807;;Jordan Taylor;0:05:48.621;GTLM;;Corvette Racing;Chevrolet;
3;2;24;1:20.206;0;;11.145;0;29.236;0;39.825;0;163.1;55:49.584;11:50:49.584;0:11.145;0:29.236;0:39.825;;Jordan Taylor;;GTLM;;Corvette Racing;Chevrolet;
3;2;25;1:21.465;0;;11.210;0;29.177;0;41.078;0;160.6;57:11.049;11:52:11.049;0:11.210;0:29.177;0:41.078;;Jordan Taylor;;GTLM;;Corvette Racing;Chevrolet;
3;2;26;1:21.795;0;;11.163;0;29.014;0;41.618;0;159.9;58:32.844;11:53:32.844;0:11.163;0:29.014;0:41.618;;Jordan Taylor;;GTLM;;Corvette Racing;Chevrolet;
3;2;27;1:19.433;0;;11.049;0;28.919;0;39.465;0;164.7;59:52.277;11:54:52.277;0:11.049;0:28.919;0:39.465;;Jordan Taylor;;GTLM;;Corvette Racing;Chevrolet;
3;2;28;1:19.291;0;;11.053;0;28.912;0;39.326;0;165.0;1:01:11.568;11:56:11.568;0:11.053;0:28.912;0:39.326;;Jordan Taylor;;GTLM;;Corvette Racing;Chevrolet;
3;2;29;1:18.668;2;;10.991;0;28.780;0;38.897;1;166.3;1:02:30.236;11:57:30.236;0:10.991;0:28.780;0:38.897;;Jordan Taylor;;GTLM;;Corvette Racing;Chevrolet;
3;2;30;1:19.993;0;;10.925;2;29.251;0;39.817;0;163.5;1:03:50.229;11:58:50.229;0:10.925;0:29.251;0:39.817;;Jordan Taylor;;GTLM;;Corvette Racing;Chevrolet;
3;2;31;1:26.007;0;B;11.022;0;28.821;0;46.164;0;152.1;1:05:16.236;12:00:16.236;0:11.022;0:28.821;0:46.164;;Jordan Taylor;;GTLM;;Corvette Racing;Chevrolet;
3;1;32;2:23.352;0;;1:11.618;0;31.637;0;40.097;0;91.3;1:07:39.588;12:02:39.588;1:11.618;0:31.637;0:40.097;;Antonio Garcia;0:01:10.928;GTLM;;Corvette Racing;Chevrolet;
3;1;33;1:19.493;0;;11.153;0;28.988;0;39.352;0;164.6;1:08:59.081;12:03:59.081;0:11.153;0:28.988;0:39.352;;Antonio Garcia;;GTLM;;Corvette Racing;Chevrolet;
3;1;34;1:19.318;0;;11.115;0;28.980;0;39.223;0;164.9;1:10:18.399;12:05:18.399;0:11.115;0:28.980;0:39.223;;Antonio Garcia;;GTLM;;Corvette Racing;Chevrolet;
3;1;35;1:18.782;0;;10.993;0;28.894;0;38.895;2;166.1;1:11:37.181;12:06:37.181;0:10.993;0:28.894;0:38.895;;Antonio Garcia;;GTLM;;Corvette Racing;Chevrolet;
3;1;36;1:19.027;0;;11.095;0;28.967;0;38.965;0;165.5;1:12:56.208;12:07:56.208;0:11.095;0:28.967;0:38.965;;Antonio Garcia;;GTLM;;Corvette Racing;Chevrolet;
3;1;37;1:18.895;0;;10.957;1;28.872;1;39.066;0;165.8;1:14:15.103;12:09:15.103;0:10.957;0:28.872;0:39.066;;Antonio Garcia;;GTLM;;Corvette Racing;Chevrolet;
3;1;38;1:26.336;0;B;11.254;0;29.044;0;46.038;0;151.5;1:15:41.439;12:10:41.439;0:11.254;0:29.044;0:46.038;;Antonio Garcia;;GTLM;;Corvette Racing;Chevrolet;
30;2;1;2:15.716;0;;48.320;0;40.176;0;47.220;0;96.4;2:15.716;10:57:15.716;0:48.320;0:40.176;0:47.220;;Spencer Pumpelly;0:00:36.681;GTD;;Team Hardpoint;Audi;
30;2;2;1:30.822;0;;13.142;0;33.615;0;44.065;0;144.0;3:46.538;10:58:46.538;0:13.142;0:33.615;0:44.065;;Spencer Pumpelly;;GTD;;Team Hardpoint;Audi;
30;2;3;1:28.119;0;;12.596;0;32.406;0;43.117;0;148.5;5:14.657;11:00:14.657;0:12.596;0:32.406;0:43.117;;Spencer Pumpelly;;GTD;;Team Hardpoint;Audi;
30;2;4;2:42.410;0;B;12.470;0;31.446;0;1:58.494;0;80.5;7:57.067;11:02:57.067;0:12.470;0:31.446;1:58.494;;Spencer Pumpelly;;GTD;;Team Hardpoint;Audi;
30;2;5;1:38.441;0;;23.746;0;32.685;0;42.010;0;132.9;9:35.508;11:04:35.508;0:23.746;0:32.685;0:42.010;;Spencer Pumpelly;0:01:30.202;GTD;;Team Hardpoint;Audi;
30;2;6;1:22.971;0;;12.014;0;30.471;0;40.486;0;157.7;10:58.479;11:05:58.479;0:12.014;0:30.471;0:40.486;;Spencer Pumpelly;;GTD;;Team Hardpoint;Audi;
30;2;7;1:22.301;0;;11.734;0;30.276;0;40.291;0;159.0;12:20.780;11:07:20.780;0:11.734;0:30.276;0:40.291;;Spencer Pumpelly;;GTD;;Team Hardpoint;Audi;
30;2;8;1:21.688;0;;11.610;0;30.066;0;40.012;0;160.1;13:42.468;11:08:42.468;0:11.610;0:30.066;0:40.012;;Spencer Pumpelly;;GTD;;Team Hardpoint;Audi;
30;2;9;1:21.690;0;;11.692;0;29.987;0;40.011;0;160.1;15:04.158;11:10:04.158;0:11.692;0:29.987;0:40.011;;Spencer Pumpelly;;GTD;;Team Hardpoint;Audi;
30;2;10;1:21.202;2;;11.536;2;29.689;2;39.977;2;161.1;16:25.360;11:11:25.360;0:11.536;0:29.689;0:39.977;;Spencer Pumpelly;;GTD;;Team Hardpoint;Audi;
30;2;11;5:15.580;0;B;11.688;0;30.389;0;4:33.503;0;41.5;21:40.940;11:16:40.940;0:11.688;0:30.389;4:33.503;;Spencer Pumpelly;;GTD;;Team Hardpoint;Audi;
30;2;12;1:34.639;0;;22.628;0;30.954;0;41.057;0;138.2;23:15.579;11:18:15.579;0:22.628;0:30.954;0:41.057;;Spencer Pumpelly;0:04:09.357;GTD;;Team Hardpoint;Audi;
30;2;13;1:22.187;0;;11.798;0;29.988;0;40.401;0;159.2;24:37.766;11:19:37.766;0:11.798;0:29.988;0:40.401;;Spencer Pumpelly;;GTD;;Team Hardpoint;Audi;
30;2;14;1:21.831;0;;11.616;0;29.885;0;40.330;0;159.9;25:59.597;11:20:59.597;0:11.616;0:29.885;0:40.330;;Spencer Pumpelly;;GTD;;Team Hardpoint;Audi;
30;2;15;3:39.950;0;B;11.665;0;30.070;0;2:58.215;0;59.5;29:39.547;11:24:39.547;0:11.665;0:30.070;2:58.215;;Spencer Pumpelly;;GTD;;Team Hardpoint;Audi;
30;1;16;1:49.740;0;B;24.211;0;32.635;0;52.894;0;119.2;31:29.287;11:26:29.287;0:24.211;0:32.635;0:52.894;;Rob Ferriol;0:02:34.020;GTD;;Team Hardpoint;Audi;
30;1;17;1:39.726;0;;23.598;0;32.043;0;44.085;0;131.2;33:09.013;11:28:09.013;0:23.598;0:32.043;0:44.085;;Rob Ferriol;0:00:24.057;GTD;;Team Hardpoint;Audi;
30;1;18;1:27.799;0;;12.300;0;32.452;0;43.047;0;149.0;34:36.812;11:29:36.812;0:12.300;0:32.452;0:43.047;;Rob Ferriol;;GTD;;Team Hardpoint;Audi;
30;1;19;1:26.202;0;;12.268;0;31.305;0;42.629;0;151.8;36:03.014;11:31:03.014;0:12.268;0:31.305;0:42.629;;Rob Ferriol;;GTD;;Team Hardpoint;Audi;
30;1;20;1:25.700;0;;12.109;0;31.033;0;42.558;0;152.6;37:28.714;11:32:28.714;0:12.109;0:31.033;0:42.558;;Rob Ferriol;;GTD;;Team Hardpoint;Audi;
30;1;21;1:25.408;0;;12.159;0;30.899;0;42.350;0;153.2;38:54.122;11:33:54.122;0:12.159;0:30.899;0:42.350;;Rob Ferriol;;GTD;;Team Hardpoint;Audi;
30;1;22;1:25.130;0;;12.025;0;31.061;0;42.044;0;153.7;40:19.252;11:35:19.252;0:12.025;0:31.061;0:42.044;;Rob Ferriol;;GTD;;Team Hardpoint;Audi;
30;1;23;1:24.302;0;;11.891;1;30.756;0;41.655;1;155.2;41:43.554;11:36:43.554;0:11.891;0:30.756;0:41.655;;Rob Ferriol;;GTD;;Team Hardpoint;Audi;
30;1;24;1:25.092;0;;11.925;0;30.841;0;42.326;0;153.7;43:08.646;11:38:08.646;0:11.925;0:30.841;0:42.326;;Rob Ferriol;;GTD;;Team Hardpoint;Audi;
30;1;25;1:26.518;0;;12.085;0;31.425;0;43.008;0;151.2;44:35.164;11:39:35.164;0:12.085;0:31.425;0:43.008;;Rob Ferriol;;GTD;;Team Hardpoint;Audi;
30;1;26;1:25.556;0;;12.108;0;31.085;0;42.363;0;152.9;46:00.720;11:41:00.720;0:12.108;0:31.085;0:42.363;;Rob Ferriol;;GTD;;Team Hardpoint;Audi;
30;1;27;1:26.551;0;;12.755;0;31.182;0;42.614;0;151.1;47:27.271;11:42:27.271;0:12.755;0:31.182;0:42.614;;Rob Ferriol;;GTD;;Team Hardpoint;Audi;
30;1;28;1:25.625;0;;12.180;0;31.243;0;42.202;0;152.8;48:52.896;11:43:52.896;0:12.180;0:31.243;0:42.202;;Rob Ferriol;;GTD;;Team Hardpoint;Audi;
30;1;29;1:25.017;0;;12.128;0;30.773;0;42.116;0;153.9;50:17.913;11:45:17.913;0:12.128;0:30.773;0:42.116;;Rob Ferriol;;GTD;;Team Hardpoint;Audi;
30;1;30;1:24.604;0;;12.102;0;30.768;0;41.734;0;154.6;51:42.517;11:46:42.517;0:12.102;0:30.768;0:41.734;;Rob Ferriol;;GTD;;Team Hardpoint;Audi;
30;1;31;1:24.896;0;;11.934;0;30.968;0;41.994;0;154.1;53:07.413;11:48:07.413;0:11.934;0:30.968;0:41.994;;Rob Ferriol;;GTD;;Team Hardpoint;Audi;
30;1;32;1:24.634;0;;12.042;0;30.721;0;41.871;0;154.6;54:32.047;11:49:32.047;0:12.042;0:30.721;0:41.871;;Rob Ferriol;;GTD;;Team Hardpoint;Audi;
30;1;33;1:24.978;0;;11.916;0;30.690;0;42.372;0;153.9;55:57.025;11:50:57.025;0:11.916;0:30.690;0:42.372;;Rob Ferriol;;GTD;;Team Hardpoint;Audi;
30;1;34;1:24.481;0;;12.044;0;30.703;0;41.734;0;154.9;57:21.506;11:52:21.506;0:12.044;0:30.703;0:41.734;;Rob Ferriol;;GTD;;Team Hardpoint;Audi;
30;1;35;1:24.720;0;;11.913;0;30.568;1;42.239;0;154.4;58:46.226;11:53:46.226;0:11.913;0:30.568;0:42.239;;Rob Ferriol;;GTD;;Team Hardpoint;Audi;
30;1;36;5:42.339;0;B;12.040;0;32.873;0;4:57.426;0;38.2;1:04:28.565;11:59:28.565;0:12.040;0:32.873;4:57.426;;Rob Ferriol;;GTD;;Team Hardpoint;Audi;
31;1;1;16:32.299;0;;15:20.317;0;32.568;0;39.414;0;13.2;16:32.299;11:11:32.299;15:20.317;0:32.568;0:39.414;;Felipe Nasr;0:15:08.769;DPi;;Whelen Engineering Racing;Cadillac;
31;1;2;1:16.049;0;;10.605;0;27.830;0;37.614;0;172.0;17:48.348;11:12:48.348;0:10.605;0:27.830;0:37.614;;Felipe Nasr;;DPi;;Whelen Engineering Racing;Cadillac;
31;1;3;1:15.948;0;;10.139;0;27.542;0;38.267;0;172.2;19:04.296;11:14:04.296;0:10.139;0:27.542;0:38.267;;Felipe Nasr;;DPi;;Whelen Engineering Racing;Cadillac;
31;1;4;1:15.576;0;;10.254;0;27.705;0;37.617;0;173.1;20:19.872;11:15:19.872;0:10.254;0:27.705;0:37.617;;Felipe Nasr;;DPi;;Whelen Engineering Racing;Cadillac;
31;1;5;1:12.974;0;;9.950;0;26.840;0;36.184;0;179.3;21:32.846;11:16:32.846;0:09.950;0:26.840;0:36.184;;Felipe Nasr;;DPi;;Whelen Engineering Racing;Cadillac;
31;1;6;1:12.451;0;;9.848;0;26.872;0;35.731;1;180.6;22:45.297;11:17:45.297;0:09.848;0:26.872;0:35.731;;Felipe Nasr;;DPi;;Whelen Engineering Racing;Cadillac;
31;1;7;1:12.587;0;;9.760;0;26.520;0;36.307;0;180.2;23:57.884;11:18:57.884;0:09.760;0:26.520;0:36.307;;Felipe Nasr;;DPi;;Whelen Engineering Racing;Cadillac;
31;1;8;1:13.515;0;;9.734;0;26.534;0;37.247;0;178.0;25:11.399;11:20:11.399;0:09.734;0:26.534;0:37.247;;Felipe Nasr;;DPi;;Whelen Engineering Racing;Cadillac;
31;1;9;1:14.343;0;;9.781;0;26.665;0;37.897;0;176.0;26:25.742;11:21:25.742;0:09.781;0:26.665;0:37.897;;Felipe Nasr;;DPi;;Whelen Engineering Racing;Cadillac;
31;1;10;1:15.721;0;;9.720;0;27.026;0;38.975;0;172.8;27:41.463;11:22:41.463;0:09.720;0:27.026;0:38.975;;Felipe Nasr;;DPi;;Whelen Engineering Racing;Cadillac;
31;1;11;1:14.757;0;;9.829;0;26.810;0;38.118;0;175.0;28:56.220;11:23:56.220;0:09.829;0:26.810;0:38.118;;Felipe Nasr;;DPi;;Whelen Engineering Racing;Cadillac;
31;1;12;1:12.133;0;;9.650;2;26.403;2;36.080;0;181.4;30:08.353;11:25:08.353;0:09.650;0:26.403;0:36.080;;Felipe Nasr;;DPi;;Whelen Engineering Racing;Cadillac;
31;1;13;1:13.906;0;;9.726;0;26.600;0;37.580;0;177.0;31:22.259;11:26:22.259;0:09.726;0:26.600;0:37.580;;Felipe Nasr;;DPi;;Whelen Engineering Racing;Cadillac;
31;1;14;1:12.089;0;;9.694;0;26.579;0;35.816;0;181.5;32:34.348;11:27:34.348;0:09.694;0:26.579;0:35.816;;Felipe Nasr;;DPi;;Whelen Engineering Racing;Cadillac;
31;1;15;1:20.284;0;B;9.884;0;26.560;0;43.840;0;162.9;33:54.632;11:28:54.632;0:09.884;0:26.560;0:43.840;;Felipe Nasr;;DPi;;Whelen Engineering Racing;Cadillac;
31;1;16;7:36.099;0;;6:30.799;0;28.433;0;36.867;0;28.7;41:30.731;11:36:30.731;6:30.799;0:28.433;0:36.867;;Felipe Nasr;0:06:32.198;DPi;;Whelen Engineering Racing;Cadillac;
31;1;17;1:12.405;0;;9.787;0;26.651;0;35.967;0;180.7;42:43.136;11:37:43.136;0:09.787;0:26.651;0:35.967;;Felipe Nasr;;DPi;;Whelen Engineering Racing;Cadillac;
31;1;18;1:16.177;0;;9.746;0;26.791;0;39.640;0;171.7;43:59.313;11:38:59.313;0:09.746;0:26.791;0:39.640;;Felipe Nasr;;DPi;;Whelen Engineering Racing;Cadillac;
31;1;19;1:20.755;0;B;9.830;0;26.776;0;44.149;0;162.0;45:20.068;11:40:20.068;0:09.830;0:26.776;0:44.149;;Felipe Nasr;;DPi;;Whelen Engineering Racing;Cadillac;
31;2;20;4:01.541;0;;2:56.406;0;28.302;0;36.833;0;54.2;49:21.609;11:44:21.609;2:56.406;0:28.302;0:36.833;;Pipo Derani;0:02:57.562;DPi;;Whelen Engineering Racing;Cadillac;
31;2;21;1:13.423;0;;9.960;0;27.187;0;36.276;0;178.2;50:35.032;11:45:35.032;0:09.960;0:27.187;0:36.276;;Pipo Derani;;DPi;;Whelen Engineering Racing;Cadillac;
31;2;22;1:15.504;0;;9.826;0;26.935;0;38.743;0;173.3;51:50.536;11:46:50.536;0:09.826;0:26.935;0:38.743;;Pipo Derani;;DPi;;Whelen Engineering Racing;Cadillac;
31;2;23;1:15.929;0;;9.908;0;28.212;0;37.809;0;172.3;53:06.465;11:48:06.465;0:09.908;0:28.212;0:37.809;;Pipo Derani;;DPi;;Whelen Engineering Racing;Cadillac;
31;2;24;1:13.924;0;;9.999;0;27.348;0;36.577;0;177.0;54:20.389;11:49:20.389;0:09.999;0:27.348;0:36.577;;Pipo Derani;;DPi;;Whelen Engineering Racing;Cadillac;
31;2;25;1:13.545;0;;9.815;0;27.231;0;36.499;0;177.9;55:33.934;11:50:33.934;0:09.815;0:27.231;0:36.499;;Pipo Derani;;DPi;;Whelen Engineering Racing;Cadillac;
31;2;26;1:14.250;0;;9.935;0;27.225;0;37.090;0;176.2;56:48.184;11:51:48.184;0:09.935;0:27.225;0:37.090;;Pipo Derani;;DPi;;Whelen Engineering Racing;Cadillac;
31;2;27;1:21.370;0;B;9.993;0;27.276;0;44.101;0;160.8;58:09.554;11:53:09.554;0:09.993;0:27.276;0:44.101;;Pipo Derani;;DPi;;Whelen Engineering Racing;Cadillac;
31;2;28;5:39.640;0;;4:30.512;0;29.969;0;39.159;0;38.5;1:03:49.194;11:58:49.194;4:30.512;0:29.969;0:39.159;;Pipo Derani;0:04:30.565;DPi;;Whelen Engineering Racing;Cadillac;
31;2;29;1:14.649;0;;10.202;0;27.589;0;36.858;0;175.2;1:05:03.843;12:00:03.843;0:10.202;0:27.589;0:36.858;;Pipo Derani;;DPi;;Whelen Engineering Racing;Cadillac;
31;2;30;1:12.674;0;;9.900;0;26.907;0;35.867;0;180.0;1:06:16.517;12:01:16.517;0:09.900;0:26.907;0:35.867;;Pipo Derani;;DPi;;Whelen Engineering Racing;Cadillac;
31;2;31;1:13.007;0;;9.743;0;26.734;0;36.530;0;179.2;1:07:29.524;12:02:29.524;0:09.743;0:26.734;0:36.530;;Pipo Derani;;DPi;;Whelen Engineering Racing;Cadillac;
31;2;32;1:12.592;0;;9.774;0;26.952;0;35.866;0;180.2;1:08:42.116;12:03:42.116;0:09.774;0:26.952;0:35.866;;Pipo Derani;;DPi;;Whelen Engineering Racing;Cadillac;
31;2;33;1:12.035;0;;9.681;1;26.624;0;35.730;0;181.6;1:09:54.151;12:04:54.151;0:09.681;0:26.624;0:35.730;;Pipo Derani;;DPi;;Whelen Engineering Racing;Cadillac;
31;2;34;1:12.141;0;;9.735;0;26.679;0;35.727;0;181.3;1:11:06.292;12:06:06.292;0:09.735;0:26.679;0:35.727;;Pipo Derani;;DPi;;Whelen Engineering Racing;Cadillac;
31;2;35;1:11.898;2;;9.706;0;26.621;1;35.571;2;182.0;1:12:18.190;12:07:18.190;0:09.706;0:26.621;0:35.571;;Pipo Derani;;DPi;;Whelen Engineering Racing;Cadillac;
31;2;36;1:21.253;0;B;9.699;0;26.643;0;44.911;0;161.0;1:13:39.443;12:08:39.443;0:09.699;0:26.643;0:44.911;;Pipo Derani;;DPi;;Whelen Engineering Racing;Cadillac;
4;1;1;17:29.293;0;;15:54.661;0;47.219;0;47.413;0;12.5;17:29.293;11:12:29.293;15:54.661;0:47.219;0:47.413;;Oliver Gavin;0:15:29.871;GTLM;;Corvette Racing;Chevrolet;
4;1;2;1:30.439;0;;12.812;0;32.613;0;45.014;0;144.7;18:59.732;11:13:59.732;0:12.812;0:32.613;0:45.014;;Oliver Gavin;;GTLM;;Corvette Racing;Chevrolet;
4;1;3;1:25.535;0;;12.078;0;30.942;0;42.515;0;152.9;20:25.267;11:15:25.267;0:12.078;0:30.942;0:42.515;;Oliver Gavin;;GTLM;;Corvette Racing;Chevrolet;
4;1;4;1:23.772;0;;11.699;0;30.427;0;41.646;0;156.2;21:49.039;11:16:49.039;0:11.699;0:30.427;0:41.646;;Oliver Gavin;;GTLM;;Corvette Racing;Chevrolet;
4;1;5;1:22.280;0;;11.598;0;30.037;0;40.645;0;159.0;23:11.319;11:18:11.319;0:11.598;0:30.037;0:40.645;;Oliver Gavin;;GTLM;;Corvette Racing;Chevrolet;
4;1;6;1:21.212;0;;11.390;0;29.649;0;40.173;0;161.1;24:32.531;11:19:32.531;0:11.390;0:29.649;0:40.173;;Oliver Gavin;;GTLM;;Corvette Racing;Chevrolet;
4;1;7;1:20.739;0;;11.411;0;29.401;0;39.927;0;162.0;25:53.270;11:20:53.270;0:11.411;0:29.401;0:39.927;;Oliver Gavin;;GTLM;;Corvette Racing;Chevrolet;
4;1;8;1:21.002;0;;11.264;0;29.018;0;40.720;0;161.5;27:14.272;11:22:14.272;0:11.264;0:29.018;0:40.720;;Oliver Gavin;;GTLM;;Corvette Racing;Chevrolet;
4;1;9;1:20.177;0;;11.474;0;29.224;0;39.479;0;163.2;28:34.449;11:23:34.449;0:11.474;0:29.224;0:39.479;;Oliver Gavin;;GTLM;;Corvette Racing;Chevrolet;
4;1;10;1:19.443;0;;11.229;0;29.015;0;39.199;0;164.7;29:53.892;11:24:53.892;0:11.229;0:29.015;0:39.199;;Oliver Gavin;;GTLM;;Corvette Racing;Chevrolet;
4;1;11;1:19.965;0;;11.156;0;29.601;0;39.208;0;163.6;31:13.857;11:26:13.857;0:11.156;0:29.601;0:39.208;;Oliver Gavin;;GTLM;;Corvette Racing;Chevrolet;
4;1;12;1:19.321;0;;11.159;0;28.903;0;39.259;0;164.9;32:33.178;11:27:33.178;0:11.159;0:28.903;0:39.259;;Oliver Gavin;;GTLM;;Corvette Racing;Chevrolet;
4;1;13;1:27.047;0;B;11.127;0;29.273;0;46.647;0;150.3;34:00.225;11:29:00.225;0:11.127;0:29.273;0:46.647;;Oliver Gavin;;GTLM;;Corvette Racing;Chevrolet;
4;1;14;2:58.144;0;;1:42.989;0;32.236;0;42.919;0;73.4;36:58.369;11:31:58.369;1:42.989;0:32.236;0:42.919;;Oliver Gavin;0:01:42.917;GTLM;;Corvette Racing;Chevrolet;
4;1;15;1:22.278;0;;11.624;0;30.279;0;40.375;0;159.0;38:20.647;11:33:20.647;0:11.624;0:30.279;0:40.375;;Oliver Gavin;;GTLM;;Corvette Racing;Chevrolet;
4;1;16;1:20.753;0;;11.489;0;29.330;0;39.934;0;162.0;39:41.400;11:34:41.400;0:11.489;0:29.330;0:39.934;;Oliver Gavin;;GTLM;;Corvette Racing;Chevrolet;
4;1;17;1:19.791;0;;11.195;0;29.143;0;39.453;0;164.0;41:01.191;11:36:01.191;0:11.195;0:29.143;0:39.453;;Oliver Gavin;;GTLM;;Corvette Racing;Chevrolet;
4;1;18;1:19.408;0;;11.211;0;28.892;0;39.305;0;164.7;42:20.599;11:37:20.599;0:11.211;0:28.892;0:39.305;;Oliver Gavin;;GTLM;;Corvette Racing;Chevrolet;
4;1;19;1:19.673;0;;11.208;0;29.112;0;39.353;0;164.2;43:40.272;11:38:40.272;0:11.208;0:29.112;0:39.353;;Oliver Gavin;;GTLM;;Corvette Racing;Chevrolet;
4;1;20;1:19.653;0;;11.109;0;29.326;0;39.218;0;164.2;44:59.925;11:39:59.925;0:11.109;0:29.326;0:39.218;;Oliver Gavin;;GTLM;;Corvette Racing;Chevrolet;
4;1;21;1:20.106;0;;11.069;0;28.987;0;40.050;0;163.3;46:20.031;11:41:20.031;0:11.069;0:28.987;0:40.050;;Oliver Gavin;;GTLM;;Corvette Racing;Chevrolet;
4;1;22;1:18.928;2;;11.061;2;28.898;0;38.969;2;165.7;47:38.959;11:42:38.959;0:11.061;0:28.898;0:38.969;;Oliver Gavin;;GTLM;;Corvette Racing;Chevrolet;
4;1;23;1:27.103;0;B;11.109;0;28.836;2;47.158;0;150.2;49:06.062;11:44:06.062;0:11.109;0:28.836;0:47.158;;Oliver Gavin;;GTLM;;Corvette Racing;Chevrolet;
4;1;24;4:13.602;0;;2:51.333;0;31.104;0;51.165;0;51.6;53:19.664;11:48:19.664;2:51.333;0:31.104;0:51.165;;Oliver Gavin;0:02:51.616;GTLM;;Corvette Racing;Chevrolet;
4;1;25;1:21.089;0;;11.412;0;29.539;0;40.138;0;161.3;54:40.753;11:49:40.753;0:11.412;0:29.539;0:40.138;;Oliver Gavin;;GTLM;;Corvette Racing;Chevrolet;
4;1;26;1:20.014;0;;11.440;0;29.170;0;39.404;0;163.5;56:00.767;11:51:00.767;0:11.440;0:29.170;0:39.404;;Oliver Gavin;;GTLM;;Corvette Racing;Chevrolet;
4;1;27;1:28.302;0;;11.195;0;28.846;0;48.261;0;148.2;57:29.069;11:52:29.069;0:11.195;0:28.846;0:48.261;;Oliver Gavin;;GTLM;;Corvette Racing;Chevrolet;
4;1;28;1:19.356;0;;11.106;0;28.937;0;39.313;0;164.9;58:48.425;11:53:48.425;0:11.106;0:28.937;0:39.313;;Oliver Gavin;;GTLM;;Corvette Racing;Chevrolet;
4;1;29;1:28.243;0;B;11.228;0;29.434;0;47.581;0;148.2;1:00:16.668;11:55:16.668;0:11.228;0:29.434;0:47.581;;Oliver Gavin;;GTLM;;Corvette Racing;Chevrolet;
4;1;30;3:10.933;0;;2:00.030;0;30.350;0;40.553;0;68.5;1:03:27.601;11:58:27.601;2:00.030;0:30.350;0:40.553;;Oliver Gavin;0:02:01.089;GTLM;;Corvette Racing;Chevrolet;
4;1;31;1:20.231;0;;11.273;0;29.266;0;39.692;0;163.1;1:04:47.832;11:59:47.832;0:11.273;0:29.266;0:39.692;;Oliver Gavin;;GTLM;;Corvette Racing;Chevrolet;
4;1;32;1:19.692;0;;11.181;0;29.105;0;39.406;0;164.2;1:06:07.524;12:01:07.524;0:11.181;0:29.105;0:39.406;;Oliver Gavin;;GTLM;;Corvette Racing;Chevrolet;
4;1;33;1:19.389;0;;11.139;0;28.901;0;39.349;0;164.8;1:07:26.913;12:02:26.913;0:11.139;0:28.901;0:39.349;;Oliver Gavin;;GTLM;;Corvette Racing;Chevrolet;
4;1;34;1:27.922;0;B;11.152;0;29.149;0;47.621;0;148.8;1:08:54.835;12:03:54.835;0:11.152;0:29.149;0:47.621;;Oliver Gavin;;GTLM;;Corvette Racing;Chevrolet;
4;1;35;1:49.660;0;;38.752;0;30.447;0;40.461;0;119.3;1:10:44.495;12:05:44.495;0:38.752;0:30.447;0:40.461;;Oliver Gavin;0:00:39.454;GTLM;;Corvette Racing;Chevrolet;
4;1;36;1:20.720;0;;11.249;0;29.495;0;39.976;0;162.1;1:12:05.215;12:07:05.215;0:11.249;0:29.495;0:39.976;;Oliver Gavin;;GTLM;;Corvette Racing;Chevrolet;
4;1;37;1:20.751;0;;11.296;0;29.397;0;40.058;0;162.0;1:13:25.966;12:08:25.966;0:11.296;0:29.397;0:40.058;;Oliver Gavin;;GTLM;;Corvette Racing;Chevrolet;
4;1;38;1:20.801;0;;11.312;0;29.479;0;40.010;0;161.9;1:14:46.767;12:09:46.767;0:11.312;0:29.479;0:40.010;;Oliver Gavin;;GTLM;;Corvette Racing;Chevrolet;
4;1;39;1:19.896;0;;11.195;0;29.144;0;39.557;0;163.7;1:16:06.663;12:11:06.663;0:11.195;0:29.144;0:39.557;;Oliver Gavin;;GTLM;;Corvette Racing;Chevrolet;
44;1;1;3:12.772;0;B;43.049;0;40.691;0;1:49.032;0;67.9;3:12.772;10:58:12.772;0:43.049;0:40.691;1:49.032;;John Potter;0:00:28.527;GTD;;GRT Magnus;Lamborghini;
44;1;2;1:48.209;0;;25.612;0;36.200;0;46.397;0;120.9;5:00.981;11:00:00.981;0:25.612;0:36.200;0:46.397;;John Potter;0:01:17.325;GTD;;GRT Magnus;Lamborghini;
44;1;3;1:25.204;0;;12.618;0;30.859;0;41.727;0;153.5;6:26.185;11:01:26.185;0:12.618;0:30.859;0:41.727;;John Potter;;GTD;;GRT Magnus;Lamborghini;
44;1;4;1:23.239;0;;11.850;0;30.091;0;41.298;0;157.2;7:49.424;11:02:49.424;0:11.850;0:30.091;0:41.298;;John Potter;;GTD;;GRT Magnus;Lamborghini;
44;1;5;1:22.956;0;;11.817;0;30.208;0;40.931;0;157.7;9:12.380;11:04:12.380;0:11.817;0:30.208;0:40.931;;John Potter;;GTD;;GRT Magnus;Lamborghini;
44;1;6;1:22.465;0;;11.750;0;29.994;0;40.721;0;158.6;10:34.845;11:05:34.845;0:11.750;0:29.994;0:40.721;;John Potter;;GTD;;GRT Magnus;Lamborghini;
44;1;7;1:22.474;0;;11.782;0;29.986;0;40.706;0;158.6;11:57.319;11:06:57.319;0:11.782;0:29.986;0:40.706;;John Potter;;GTD;;GRT Magnus;Lamborghini;
44;1;8;1:23.068;0;;11.762;0;30.128;0;41.178;0;157.5;13:20.387;11:08:20.387;0:11.762;0:30.128;0:41.178;;John Potter;;GTD;;GRT Magnus;Lamborghini;
44;1;9;1:22.515;0;;11.757;0;29.945;0;40.813;0;158.5;14:42.902;11:09:42.902;0:11.757;0:29.945;0:40.813;;John Potter;;GTD;;GRT Magnus;Lamborghini;
44;1;10;1:21.978;2;;11.621;1;29.746;2;40.611;2;159.6;16:04.880;11:11:04.880;0:11.621;0:29.746;0:40.611;;John Potter;;GTD;;GRT Magnus;Lamborghini;
44;1;11;5:45.578;0;B;11.635;0;31.008;0;5:02.935;0;37.9;21:50.458;11:16:50.458;0:11.635;0:31.008;5:02.935;;John Potter;;GTD;;GRT Magnus;Lamborghini;
44;1;12;1:38.687;0;;24.496;0;32.197;0;41.994;0;132.6;23:29.145;11:18:29.145;0:24.496;0:32.197;0:41.994;;John Potter;0:04:36.023;GTD;;GRT Magnus;Lamborghini;
44;1;13;1:23.613;0;;11.778;0;30.700;0;41.135;0;156.5;24:52.758;11:19:52.758;0:11.778;0:30.700;0:41.135;;John Potter;;GTD;;GRT Magnus;Lamborghini;
44;1;14;1:22.812;0;;11.771;0;30.119;0;40.922;0;158.0;26:15.570;11:21:15.570;0:11.771;0:30.119;0:40.922;;John Potter;;GTD;;GRT Magnus;Lamborghini;
44;1;15;1:23.514;0;;11.718;0;30.643;0;41.153;0;156.6;27:39.084;11:22:39.084;0:11.718;0:30.643;0:41.153;;John Potter;;GTD;;GRT Magnus;Lamborghini;
44;1;16;1:23.298;0;;11.748;0;30.359;0;41.191;0;157.1;29:02.382;11:24:02.382;0:11.748;0:30.359;0:41.191;;John Potter;;GTD;;GRT Magnus;Lamborghini;
44;1;17;1:23.495;0;;11.804;0;30.375;0;41.316;0;156.7;30:25.877;11:25:25.877;0:11.804;0:30.375;0:41.316;;John Potter;;GTD;;GRT Magnus;Lamborghini;
44;1;18;1:23.042;0;;11.715;0;30.156;0;41.171;0;157.5;31:48.919;11:26:48.919;0:11.715;0:30.156;0:41.171;;John Potter;;GTD;;GRT Magnus;Lamborghini;
44;1;19;2:57.533;0;B;11.748;0;30.395;0;2:15.390;0;73.7;34:46.452;11:29:46.452;0:11.748;0:30.395;2:15.390;;John Potter;;GTD;;GRT Magnus;Lamborghini;
44;2;20;1:37.928;0;;22.783;0;32.089;0;43.056;0;133.6;36:24.380;11:31:24.380;0:22.783;0:32.089;0:43.056;;Andy Lally;0:01:50.556;GTD;;GRT Magnus;Lamborghini;
44;2;21;1:22.705;0;;11.742;0;29.910;0;41.053;0;158.2;37:47.085;11:32:47.085;0:11.742;0:29.910;0:41.053;;Andy Lally;;GTD;;GRT Magnus;Lamborghini;
44;2;22;1:22.615;0;;11.682;0;30.056;0;40.877;0;158.3;39:09.700;11:34:09.700;0:11.682;0:30.056;0:40.877;;Andy Lally;;GTD;;GRT Magnus;Lamborghini;
44;2;23;1:22.608;0;;11.653;0;30.251;0;40.704;0;158.4;40:32.308;11:35:32.308;0:11.653;0:30.251;0:40.704;;Andy Lally;;GTD;;GRT Magnus;Lamborghini;
44;2;24;1:22.386;0;;11.516;2;30.077;0;40.793;0;158.8;41:54.694;11:36:54.694;0:11.516;0:30.077;0:40.793;;Andy Lally;;GTD;;GRT Magnus;Lamborghini;
44;2;25;8:52.322;0;B;11.842;0;30.239;0;8:10.241;0;24.6;50:47.016;11:45:47.016;0:11.842;0:30.239;8:10.241;;Andy Lally;;GTD;;GRT Magnus;Lamborghini;
44;2;26;1:36.271;0;;23.822;0;31.313;0;41.136;0;135.9;52:23.287;11:47:23.287;0:23.822;0:31.313;0:41.136;;Andy Lally;0:07:45.393;GTD;;GRT Magnus;Lamborghini;
44;2;27;1:23.517;0;;11.826;0;30.051;0;41.640;0;156.6;53:46.804;11:48:46.804;0:11.826;0:30.051;0:41.640;;Andy Lally;;GTD;;GRT Magnus;Lamborghini;
44;2;28;1:22.816;0;;11.636;0;30.442;0;40.738;0;158.0;55:09.620;11:50:09.620;0:11.636;0:30.442;0:40.738;;Andy Lally;;GTD;;GRT Magnus;Lamborghini;
44;2;29;1:22.329;0;;11.573;0;30.051;0;40.705;0;158.9;56:31.949;11:51:31.949;0:11.573;0:30.051;0:40.705;;Andy Lally;;GTD;;GRT Magnus;Lamborghini;
44;2;30;1:22.593;0;;11.638;0;30.148;0;40.807;0;158.4;57:54.542;11:52:54.542;0:11.638;0:30.148;0:40.807;;Andy Lally;;GTD;;GRT Magnus;Lamborghini;
44;2;31;1:22.282;0;;11.629;0;29.989;0;40.664;1;159.0;59:16.824;11:54:16.824;0:11.629;0:29.989;0:40.664;;Andy Lally;;GTD;;GRT Magnus;Lamborghini;
44;2;32;14:14.855;0;B;11.644;0;29.831;1;13:33.380;0;15.3;1:13:31.679;12:08:31.679;0:11.644;0:29.831;13:33.380;;Andy Lally;;GTD;;GRT Magnus;Lamborghini;
5;2;1;16:43.893;0;B;15:22.511;0;32.870;0;48.512;0;13.0;16:43.893;11:11:43.893;15:22.511;0:32.870;0:48.512;;Sebastien Bourdais;0:15:10.749;DPi;;Mustang Sampling Racing / JDC-Miller MotorSports;Cadillac;
5;2;2;2:03.307;0;;53.306;0;30.433;0;39.568;0;106.1;18:47.200;11:13:47.200;0:53.306;0:30.433;0:39.568;;Sebastien Bourdais;0:00:53.431;DPi;;Mustang Sampling Racing / JDC-Miller MotorSports;Cadillac;
5;2;3;1:15.526;0;;10.429;0;27.847;0;37.250;0;173.2;20:02.726;11:15:02.726;0:10.429;0:27.847;0:37.250;;Sebastien Bourdais;;DPi;;Mustang Sampling Racing / JDC-Miller MotorSports;Cadillac;
5;2;4;1:15.020;0;;10.135;0;27.338;0;37.547;0;174.4;21:17.746;11:16:17.746;0:10.135;0:27.338;0:37.547;;Sebastien Bourdais;;DPi;;Mustang Sampling Racing / JDC-Miller MotorSports;Cadillac;
5;2;5;1:13.057;0;;9.965;0;26.955;0;36.137;0;179.1;22:30.803;11:17:30.803;0:09.965;0:26.955;0:36.137;;Sebastien Bourdais;;DPi;;Mustang Sampling Racing / JDC-Miller MotorSports;Cadillac;
5;2;6;1:13.849;0;;9.946;0;26.686;0;37.217;0;177.1;23:44.652;11:18:44.652;0:09.946;0:26.686;0:37.217;;Sebastien Bourdais;;DPi;;Mustang Sampling Racing / JDC-Miller MotorSports;Cadillac;
5;2;7;1:12.540;2;;9.874;0;26.551;0;36.115;1;180.3;24:57.192;11:19:57.192;0:09.874;0:26.551;0:36.115;;Sebastien Bourdais;;DPi;;Mustang Sampling Racing / JDC-Miller MotorSports;Cadillac;
5;2;8;1:21.141;0;B;9.825;0;26.443;2;44.873;0;161.2;26:18.333;11:21:18.333;0:09.825;0:26.443;0:44.873;;Sebastien Bourdais;;DPi;;Mustang Sampling Racing / JDC-Miller MotorSports;Cadillac;
5;2;9;5:22.539;0;;4:11.854;0;32.142;0;38.543;0;40.6;31:40.872;11:26:40.872;4:11.854;0:32.142;0:38.543;;Sebastien Bourdais;0:04:13.224;DPi;;Mustang Sampling Racing / JDC-Miller MotorSports;Cadillac;
5;2;10;1:14.422;0;;10.176;0;27.197;0;37.049;0;175.8;32:55.294;11:27:55.294;0:10.176;0:27.197;0:37.049;;Sebastien Bourdais;;DPi;;Mustang Sampling Racing / JDC-Miller MotorSports;Cadillac;
5;2;11;1:13.427;0;;9.941;0;27.097;0;36.389;0;178.2;34:08.721;11:29:08.721;0:09.941;0:27.097;0:36.389;;Sebastien Bourdais;;DPi;;Mustang Sampling Racing / JDC-Miller MotorSports;Cadillac;
5;2;12;1:12.731;0;;9.809;0;26.774;0;36.148;0;179.9;35:21.452;11:30:21.452;0:09.809;0:26.774;0:36.148;;Sebastien Bourdais;;DPi;;Mustang Sampling Racing / JDC-Miller MotorSports;Cadillac;
5;2;13;1:15.636;0;;9.802;2;26.896;0;38.938;0;173.0;36:37.088;11:31:37.088;0:09.802;0:26.896;0:38.938;;Sebastien Bourdais;;DPi;;Mustang Sampling Racing / JDC-Miller MotorSports;Cadillac;
5;2;14;1:25.189;0;B;10.457;0;28.471;0;46.261;0;153.6;38:02.277;11:33:02.277;0:10.457;0:28.471;0:46.261;;Sebastien Bourdais;;DPi;;Mustang Sampling Racing / JDC-Miller MotorSports;Cadillac;
5;1;15;5:33.180;0;;4:22.452;0;31.858;0;38.870;0;39.3;43:35.457;11:38:35.457;4:22.452;0:31.858;0:38.870;;Joao Barbosa;0:04:23.252;DPi;;Mustang Sampling Racing / JDC-Miller MotorSports;Cadillac;
5;1;16;1:16.322;0;;10.562;0;27.631;0;38.129;0;171.4;44:51.779;11:39:51.779;0:10.562;0:27.631;0:38.129;;Joao Barbosa;;DPi;;Mustang Sampling Racing / JDC-Miller MotorSports;Cadillac;
5;1;17;1:14.914;0;;10.098;0;27.706;0;37.110;0;174.6;46:06.693;11:41:06.693;0:10.098;0:27.706;0:37.110;;Joao Barbosa;;DPi;;Mustang Sampling Racing / JDC-Miller MotorSports;Cadillac;
5;1;18;1:14.856;0;;9.961;0;27.367;0;37.528;0;174.8;47:21.549;11:42:21.549;0:09.961;0:27.367;0:37.528;;Joao Barbosa;;DPi;;Mustang Sampling Racing / JDC-Miller MotorSports;Cadillac;
5;1;19;1:13.974;0;;9.951;0;27.259;0;36.764;0;176.8;48:35.523;11:43:35.523;0:09.951;0:27.259;0:36.764;;Joao Barbosa;;DPi;;Mustang Sampling Racing / JDC-Miller MotorSports;Cadillac;
5;1;20;1:21.875;0;B;9.971;0;27.468;0;44.436;0;159.8;49:57.398;11:44:57.398;0:09.971;0:27.468;0:44.436;;Joao Barbosa;;DPi;;Mustang Sampling Racing / JDC-Miller MotorSports;Cadillac;
5;1;21;4:43.625;0;;3:37.622;0;28.180;0;37.823;0;46.1;54:41.023;11:49:41.023;3:37.622;0:28.180;0:37.823;;Joao Barbosa;0:03:38.799;DPi;;Mustang Sampling Racing / JDC-Miller MotorSports;Cadillac;
5;1;22;1:15.936;0;;10.331;0;27.176;0;38.429;0;172.3;55:56.959;11:50:56.959;0:10.331;0:27.176;0:38.429;;Joao Barbosa;;DPi;;Mustang Sampling Racing / JDC-Miller MotorSports;Cadillac;
5;1;23;1:16.970;0;;10.030;0;27.247;0;39.693;0;170.0;57:13.929;11:52:13.929;0:10.030;0:27.247;0:39.693;;Joao Barbosa;;DPi;;Mustang Sampling Racing / JDC-Miller MotorSports;Cadillac;
5;1;24;1:23.485;0;B;10.304;0;27.439;0;45.742;0;156.7;58:37.414;11:53:37.414;0:10.304;0:27.439;0:45.742;;Joao Barbosa;;DPi;;Mustang Sampling Racing / JDC-Miller MotorSports;Cadillac;
5;1;25;3:34.826;0;B;2:17.685;0;30.497;0;46.644;0;60.9;1:02:12.240;11:57:12.240;2:17.685;0:30.497;0:46.644;;Joao Barbosa;0:02:17.886;DPi;;Mustang Sampling Racing / JDC-Miller MotorSports;Cadillac;
5;1;26;2:15.225;0;;1:05.222;0;30.974;0;39.029;0;96.7;1:04:27.465;11:59:27.465;1:05.222;0:30.974;0:39.029;;Joao Barbosa;0:01:03.589;DPi;;Mustang Sampling Racing / JDC-Miller MotorSports;Cadillac;
5;1;27;1:14.904;0;;10.385;0;27.602;0;36.917;0;174.7;1:05:42.369;12:00:42.369;0:10.385;0:27.602;0:36.917;;Joao Barbosa;;DPi;;Mustang Sampling Racing / JDC-Miller MotorSports;Cadillac;
5;1;28;1:13.449;0;;10.004;0;27.006;0;36.439;0;178.1;1:06:55.818;12:01:55.818;0:10.004;0:27.006;0:36.439;;Joao Barbosa;;DPi;;Mustang Sampling Racing / JDC-Miller MotorSports;Cadillac;
5;1;29;1:13.191;0;;9.992;0;26.923;0;36.276;0;178.7;1:08:09.009;12:03:09.009;0:09.992;0:26.923;0:36.276;;Joao Barbosa;;DPi;;Mustang Sampling Racing / JDC-Miller MotorSports;Cadillac;
5;1;30;1:12.804;0;;9.863;0;26.887;0;36.054;0;179.7;1:09:21.813;12:04:21.813;0:09.863;0:26.887;0:36.054;;Joao Barbosa;;DPi;;Mustang Sampling Racing / JDC-Miller MotorSports;Cadillac;
5;1;31;1:12.572;0;;9.816;1;26.826;0;35.930;2;180.3;1:10:34.385;12:05:34.385;0:09.816;0:26.826;0:35.930;;Joao Barbosa;;DPi;;Mustang Sampling Racing / JDC-Miller MotorSports;Cadillac;
5;1;32;1:14.022;0;;9.841;0;26.809;0;37.372;0;176.7;1:11:48.407;12:06:48.407;0:09.841;0:26.809;0:37.372;;Joao Barbosa;;DPi;;Mustang Sampling Racing / JDC-Miller MotorSports;Cadillac;
5;1;33;1:12.860;0;;9.903;0;26.824;0;36.133;0;179.5;1:13:01.267;12:08:01.267;0:09.903;0:26.824;0:36.133;;Joao Barbosa;;DPi;;Mustang Sampling Racing / JDC-Miller MotorSports;Cadillac;
5;1;34;1:14.072;0;;9.874;0;26.912;0;37.286;0;176.6;1:14:15.339;12:09:15.339;0:09.874;0:26.912;0:37.286;;Joao Barbosa;;DPi;;Mustang Sampling Racing / JDC-Miller MotorSports;Cadillac;
5;1;35;1:21.748;0;B;9.938;0;26.756;1;45.054;0;160.0;1:15:37.087;12:10:37.087;0:09.938;0:26.756;0:45.054;;Joao Barbosa;;DPi;;Mustang Sampling Racing / JDC-Miller MotorSports;Cadillac;
55;2;1;16:58.357;0;B;15:33.955;0;33.141;0;51.261;0;12.8;16:58.357;11:11:58.357;15:33.955;0:33.141;0:51.261;;Harry Tincknell;0:15:22.001;DPi;;Mazda Motorsports;Mazda;
55;1;2;2:24.883;0;B;1:05.411;0;31.227;0;48.245;0;90.3;19:23.240;11:14:23.240;1:05.411;0:31.227;0:48.245;;Jonathan Bomarito;0:01:05.476;DPi;;Mazda Motorsports;Mazda;
55;2;3;2:09.141;0;;59.548;0;30.341;0;39.252;0;101.3;21:32.381;11:16:32.381;0:59.548;0:30.341;0:39.252;;Harry Tincknell;0:00:58.003;DPi;;Mazda Motorsports;Mazda;
55;2;4;1:17.672;0;;11.853;0;27.911;0;37.908;0;168.4;22:50.053;11:17:50.053;0:11.853;0:27.911;0:37.908;;Harry Tincknell;;DPi;;Mazda Motorsports;Mazda;
55;2;5;1:13.438;0;;10.112;0;26.979;0;36.347;0;178.1;24:03.491;11:19:03.491;0:10.112;0:26.979;0:36.347;;Harry Tincknell;;DPi;;Mazda Motorsports;Mazda;
55;2;6;1:12.681;0;;9.970;0;26.742;0;35.969;0;180.0;25:16.172;11:20:16.172;0:09.970;0:26.742;0:35.969;;Harry Tincknell;;DPi;;Mazda Motorsports;Mazda;
55;2;7;1:12.750;0;;9.807;1;26.585;0;36.358;0;179.8;26:28.922;11:21:28.922;0:09.807;0:26.585;0:36.358;;Harry Tincknell;;DPi;;Mazda Motorsports;Mazda;
55;2;8;1:13.308;0;;10.049;0;26.671;0;36.588;0;178.5;27:42.230;11:22:42.230;0:10.049;0:26.671;0:36.588;;Harry Tincknell;;DPi;;Mazda Motorsports;Mazda;
55;2;9;1:15.557;0;;9.937;0;27.303;0;38.317;0;173.1;28:57.787;11:23:57.787;0:09.937;0:27.303;0:38.317;;Harry Tincknell;;DPi;;Mazda Motorsports;Mazda;
55;2;10;1:12.296;0;;9.842;0;26.553;1;35.901;1;181.0;30:10.083;11:25:10.083;0:09.842;0:26.553;0:35.901;;Harry Tincknell;;DPi;;Mazda Motorsports;Mazda;
55;2;11;1:21.387;0;B;9.822;0;26.792;0;44.773;0;160.7;31:31.470;11:26:31.470;0:09.822;0:26.792;0:44.773;;Harry Tincknell;;DPi;;Mazda Motorsports;Mazda;
55;2;12;5:31.984;0;;4:27.782;0;27.809;0;36.393;0;39.4;37:03.454;11:32:03.454;4:27.782;0:27.809;0:36.393;;Harry Tincknell;0:04:29.280;DPi;;Mazda Motorsports;Mazda;
55;2;13;1:14.027;0;;9.821;0;27.244;0;36.962;0;176.7;38:17.481;11:33:17.481;0:09.821;0:27.244;0:36.962;;Harry Tincknell;;DPi;;Mazda Motorsports;Mazda;
55;2;14;1:13.223;0;;9.867;0;26.630;0;36.726;0;178.7;39:30.704;11:34:30.704;0:09.867;0:26.630;0:36.726;;Harry Tincknell;;DPi;;Mazda Motorsports;Mazda;
55;2;15;1:13.272;0;;9.807;0;26.604;0;36.861;0;178.5;40:43.976;11:35:43.976;0:09.807;0:26.604;0:36.861;;Harry Tincknell;;DPi;;Mazda Motorsports;Mazda;
55;2;16;1:14.064;0;;9.813;0;27.551;0;36.700;0;176.6;41:58.040;11:36:58.040;0:09.813;0:27.551;0:36.700;;Harry Tincknell;;DPi;;Mazda Motorsports;Mazda;
55;2;17;1:14.390;0;;10.008;0;27.066;0;37.316;0;175.9;43:12.430;11:38:12.430;0:10.008;0:27.066;0:37.316;;Harry Tincknell;;DPi;;Mazda Motorsports;Mazda;
55;2;18;1:14.433;0;;9.958;0;27.691;0;36.784;0;175.8;44:26.863;11:39:26.863;0:09.958;0:27.691;0:36.784;;Harry Tincknell;;DPi;;Mazda Motorsports;Mazda;
55;2;19;1:13.753;0;;9.930;0;27.347;0;36.476;0;177.4;45:40.616;11:40:40.616;0:09.930;0:27.347;0:36.476;;Harry Tincknell;;DPi;;Mazda Motorsports;Mazda;
55;2;20;1:21.136;0;B;9.882;0;26.757;0;44.497;0;161.2;47:01.752;11:42:01.752;0:09.882;0:26.757;0:44.497;;Harry Tincknell;;DPi;;Mazda Motorsports;Mazda;
55;1;21;6:08.941;0;;4:56.938;0;31.388;0;40.615;0;35.5;53:10.693;11:48:10.693;4:56.938;0:31.388;0:40.615;;Jonathan Bomarito;0:04:57.569;DPi;;Mazda Motorsports;Mazda;
55;1;22;1:16.314;0;;10.414;0;28.086;0;37.814;0;171.4;54:27.007;11:49:27.007;0:10.414;0:28.086;0:37.814;;Jonathan Bomarito;;DPi;;Mazda Motorsports;Mazda;
55;1;23;1:18.015;0;;10.476;0;28.696;0;38.843;0;167.7;55:45.022;11:50:45.022;0:10.476;0:28.696;0:38.843;;Jonathan Bomarito;;DPi;;Mazda Motorsports;Mazda;
55;1;24;1:14.439;0;;10.105;0;27.400;0;36.934;0;175.7;56:59.461;11:51:59.461;0:10.105;0:27.400;0:36.934;;Jonathan Bomarito;;DPi;;Mazda Motorsports;Mazda;
55;1;25;1:13.713;0;;10.043;0;27.138;0;36.532;0;177.5;58:13.174;11:53:13.174;0:10.043;0:27.138;0:36.532;;Jonathan Bomarito;;DPi;;Mazda Motorsports;Mazda;
55;1;26;1:14.506;0;;10.231;0;27.465;0;36.810;0;175.6;59:27.680;11:54:27.680;0:10.231;0:27.465;0:36.810;;Jonathan Bomarito;;DPi;;Mazda Motorsports;Mazda;
55;1;27;1:12.966;0;;9.865;0;26.891;0;36.210;0;179.3;1:00:40.646;11:55:40.646;0:09.865;0:26.891;0:36.210;;Jonathan Bomarito;;DPi;;Mazda Motorsports;Mazda;
55;1;28;1:12.598;0;;9.812;0;26.706;0;36.080;0;180.2;1:01:53.244;11:56:53.244;0:09.812;0:26.706;0:36.080;;Jonathan Bomarito;;DPi;;Mazda Motorsports;Mazda;
55;1;29;1:12.371;0;;9.720;0;26.704;0;35.947;0;180.8;1:03:05.615;11:58:05.615;0:09.720;0:26.704;0:35.947;;Jonathan Bomarito;;DPi;;Mazda Motorsports;Mazda;
55;1;30;1:12.247;0;;9.807;0;26.675;0;35.765;0;181.1;1:04:17.862;11:59:17.862;0:09.807;0:26.675;0:35.765;;Jonathan Bomarito;;DPi;;Mazda Motorsports;Mazda;
55;1;31;1:12.009;2;;9.764;0;26.536;2;35.709;2;181.7;1:05:29.871;12:00:29.871;0:09.764;0:26.536;0:35.709;;Jonathan Bomarito;;DPi;;Mazda Motorsports;Mazda;
55;1;32;1:12.262;0;;9.691;2;26.735;0;35.836;0;181.0;1:06:42.133;12:01:42.133;0:09.691;0:26.735;0:35.836;;Jonathan Bomarito;;DPi;;Mazda Motorsports;Mazda;
55;1;33;1:20.994;0;B;9.734;0;26.758;0;44.502;0;161.5;1:08:03.127;12:03:03.127;0:09.734;0:26.758;0:44.502;;Jonathan Bomarito;;DPi;;Mazda Motorsports;Mazda;
55;1;34;3:40.698;0;;2:34.900;0;28.561;0;37.237;0;59.3;1:11:43.825;12:06:43.825;2:34.900;0:28.561;0:37.237;;Jonathan Bomarito;0:02:36.349;DPi;;Mazda Motorsports;Mazda;
55;1;35;1:13.176;0;;9.855;0;27.014;0;36.307;0;178.8;1:12:57.001;12:07:57.001;0:09.855;0:27.014;0:36.307;;Jonathan Bomarito;;DPi;;Mazda Motorsports;Mazda;
55;1;36;1:13.274;0;;10.123;0;26.931;0;36.220;0;178.5;1:14:10.275;12:09:10.275;0:10.123;0:26.931;0:36.220;;Jonathan Bomarito;;DPi;;Mazda Motorsports;Mazda;
55;1;37;1:20.071;0;B;9.757;0;26.752;0;43.562;0;163.4;1:15:30.346;12:10:30.346;0:09.757;0:26.752;0:43.562;;Jonathan Bomarito;;DPi;;Mazda Motorsports;Mazda;
57;2;1;4:16.707;0;;2:51.090;0;37.828;0;47.789;0;51.0;4:16.707;10:59:16.707;2:51.090;0:37.828;0:47.789;;Misha Goikhberg;0:02:38.372;GTD;;Heinricher Racing w/MSR Curb-Agajanian;Acura;
57;2;2;1:31.699;0;;12.936;0;34.759;0;44.004;0;142.7;5:48.406;11:00:48.406;0:12.936;0:34.759;0:44.004;;Misha Goikhberg;;GTD;;Heinricher Racing w/MSR Curb-Agajanian;Acura;
57;2;3;1:24.023;0;;12.137;0;30.457;0;41.429;0;155.7;7:12.429;11:02:12.429;0:12.137;0:30.457;0:41.429;;Misha Goikhberg;;GTD;;Heinricher Racing w/MSR Curb-Agajanian;Acura;
57;2;4;1:22.813;0;;11.786;0;30.134;0;40.893;0;158.0;8:35.242;11:03:35.242;0:11.786;0:30.134;0:40.893;;Misha Goikhberg;;GTD;;Heinricher Racing w/MSR Curb-Agajanian;Acura;
57;2;5;1:22.341;0;;11.754;0;30.109;0;40.478;0;158.9;9:57.583;11:04:57.583;0:11.754;0:30.109;0:40.478;;Misha Goikhberg;;GTD;;Heinricher Racing w/MSR Curb-Agajanian;Acura;
57;2;6;1:22.035;0;;11.656;0;29.918;0;40.461;0;159.5;11:19.618;11:06:19.618;0:11.656;0:29.918;0:40.461;;Misha Goikhberg;;GTD;;Heinricher Racing w/MSR Curb-Agajanian;Acura;
57;2;7;1:21.886;0;;11.579;1;29.862;0;40.445;0;159.8;12:41.504;11:07:41.504;0:11.579;0:29.862;0:40.445;;Misha Goikhberg;;GTD;;Heinricher Racing w/MSR Curb-Agajanian;Acura;
57;2;8;1:22.173;0;;11.660;0;29.945;0;40.568;0;159.2;14:03.677;11:09:03.677;0:11.660;0:29.945;0:40.568;;Misha Goikhberg;;GTD;;Heinricher Racing w/MSR Curb-Agajanian;Acura;
57;2;9;1:21.941;0;;11.718;0;29.767;0;40.456;0;159.7;15:25.618;11:10:25.618;0:11.718;0:29.767;0:40.456;;Misha Goikhberg;;GTD;;Heinricher Racing w/MSR Curb-Agajanian;Acura;
57;2;10;1:24.515;0;;11.712;0;30.148;0;42.655;0;154.8;16:50.133;11:11:50.133;0:11.712;0:30.148;0:42.655;;Misha Goikhberg;;GTD;;Heinricher Racing w/MSR Curb-Agajanian;Acura;
57;2;11;1:22.372;0;;11.786;0;29.869;0;40.717;0;158.8;18:12.505;11:13:12.505;0:11.786;0:29.869;0:40.717;;Misha Goikhberg;;GTD;;Heinricher Racing w/MSR Curb-Agajanian;Acura;
57;2;12;1:21.769;0;;11.582;0;29.922;0;40.265;0;160.0;19:34.274;11:14:34.274;0:11.582;0:29.922;0:40.265;;Misha Goikhberg;;GTD;;Heinricher Racing w/MSR Curb-Agajanian;Acura;
57;2;13;1:29.291;0;B;11.784;0;29.801;0;47.706;0;146.5;21:03.565;11:16:03.565;0:11.784;0:29.801;0:47.706;;Misha Goikhberg;;GTD;;Heinricher Racing w/MSR Curb-Agajanian;Acura;
57;2;14;6:39.852;0;;5:20.324;0;35.630;0;43.898;0;32.7;27:43.417;11:22:43.417;5:20.324;0:35.630;0:43.898;;Misha Goikhberg;0:05:18.359;GTD;;Heinricher Racing w/MSR Curb-Agajanian;Acura;
57;2;15;1:26.804;0;;12.044;0;31.039;0;43.721;0;150.7;29:10.221;11:24:10.221;0:12.044;0:31.039;0:43.721;;Misha Goikhberg;;GTD;;Heinricher Racing w/MSR Curb-Agajanian;Acura;
57;2;16;1:22.602;0;;11.800;0;30.071;0;40.731;0;158.4;30:32.823;11:25:32.823;0:11.800;0:30.071;0:40.731;;Misha Goikhberg;;GTD;;Heinricher Racing w/MSR Curb-Agajanian;Acura;
57;2;17;1:21.772;0;;11.760;0;29.876;0;40.136;2;160.0;31:54.595;11:26:54.595;0:11.760;0:29.876;0:40.136;;Misha Goikhberg;;GTD;;Heinricher Racing w/MSR Curb-Agajanian;Acura;
57;2;18;1:21.850;0;;11.719;0;29.783;0;40.348;0;159.8;33:16.445;11:28:16.445;0:11.719;0:29.783;0:40.348;;Misha Goikhberg;;GTD;;Heinricher Racing w/MSR Curb-Agajanian;Acura;
57;2;19;1:21.566;2;;11.609;0;29.711;2;40.246;0;160.4;34:38.011;11:29:38.011;0:11.609;0:29.711;0:40.246;;Misha Goikhberg;;GTD;;Heinricher Racing w/MSR Curb-Agajanian;Acura;
57;2;20;1:29.242;0;B;11.682;0;30.207;0;47.353;0;146.6;36:07.253;11:31:07.253;0:11.682;0:30.207;0:47.353;;Misha Goikhberg;;GTD;;Heinricher Racing w/MSR Curb-Agajanian;Acura;
57;1;21;4:46.602;0;;3:33.010;0;31.979;0;41.613;0;45.6;40:53.855;11:35:53.855;3:33.010;0:31.979;0:41.613;;Alvaro Parente;0:03:33.608;GTD;;Heinricher Racing w/MSR Curb-Agajanian;Acura;
57;1;22;1:22.734;0;;11.782;0;29.982;0;40.970;0;158.1;42:16.589;11:37:16.589;0:11.782;0:29.982;0:40.970;;Alvaro Parente;;GTD;;Heinricher Racing w/MSR Curb-Agajanian;Acura;
57;1;23;1:22.355;0;;11.702;0;29.939;0;40.714;0;158.8;43:38.944;11:38:38.944;0:11.702;0:29.939;0:40.714;;Alvaro Parente;;GTD;;Heinricher Racing w/MSR Curb-Agajanian;Acura;
57;1;24;1:23.342;0;;11.703;0;30.576;0;41.063;0;157.0;45:02.286;11:40:02.286;0:11.703;0:30.576;0:41.063;;Alvaro Parente;;GTD;;Heinricher Racing w/MSR Curb-Agajanian;Acura;
57;1;25;1:22.242;0;;11.599;0;29.837;0;40.806;0;159.1;46:24.528;11:41:24.528;0:11.599;0:29.837;0:40.806;;Alvaro Parente;;GTD;;Heinricher Racing w/MSR Curb-Agajanian;Acura;
57;1;26;1:29.198;0;B;11.624;0;29.856;0;47.718;0;146.7;47:53.726;11:42:53.726;0:11.624;0:29.856;0:47.718;;Alvaro Parente;;GTD;;Heinricher Racing w/MSR Curb-Agajanian;Acura;
57;1;27;7:00.013;0;;5:46.963;0;31.310;0;41.740;0;31.1;54:53.739;11:49:53.739;5:46.963;0:31.310;0:41.740;;Alvaro Parente;0:05:47.968;GTD;;Heinricher Racing w/MSR Curb-Agajanian;Acura;
57;1;28;1:22.689;0;;11.858;0;29.981;0;40.850;0;158.2;56:16.428;11:51:16.428;0:11.858;0:29.981;0:40.850;;Alvaro Parente;;GTD;;Heinricher Racing w/MSR Curb-Agajanian;Acura;
57;1;29;1:22.179;0;;11.652;0;29.893;0;40.634;1;159.2;57:38.607;11:52:38.607;0:11.652;0:29.893;0:40.634;;Alvaro Parente;;GTD;;Heinricher Racing w/MSR Curb-Agajanian;Acura;
57;1;30;1:22.009;0;;11.522;2;29.758;1;40.729;0;159.5;59:00.616;11:54:00.616;0:11.522;0:29.758;0:40.729;;Alvaro Parente;;GTD;;Heinricher Racing w/MSR Curb-Agajanian;Acura;
57;1;31;1:22.346;0;;11.593;0;29.960;0;40.793;0;158.9;1:00:22.962;11:55:22.962;0:11.593;0:29.960;0:40.793;;Alvaro Parente;;GTD;;Heinricher Racing w/MSR Curb-Agajanian;Acura;
57;1;32;1:29.085;0;B;11.639;0;29.863;0;47.583;0;146.8;1:01:52.047;11:56:52.047;0:11.639;0:29.863;0:47.583;;Alvaro Parente;;GTD;;Heinricher Racing w/MSR Curb-Agajanian;Acura;
6;2;1;16:46.517;0;B;15:27.268;0;31.750;0;47.499;0;13.0;16:46.517;11:11:46.517;15:27.268;0:31.750;0:47.499;;Dane Cameron;0:15:16.041;DPi;;ACURA TEAM PENSKE;Acura;
6;1;2;2:05.683;0;B;50.032;0;29.331;0;46.320;0;104.1;18:52.200;11:13:52.200;0:50.032;0:29.331;0:46.320;;Juan Pablo Montoya;0:00:49.889;DPi;;ACURA TEAM PENSKE;Acura;
6;1;3;2:08.467;0;;59.661;0;29.480;0;39.326;0;101.8;21:00.667;11:16:00.667;0:59.661;0:29.480;0:39.326;;Juan Pablo Montoya;0:01:00.239;DPi;;ACURA TEAM PENSKE;Acura;
6;1;4;1:15.986;0;;10.317;0;27.692;0;37.977;0;172.2;22:16.653;11:17:16.653;0:10.317;0:27.692;0:37.977;;Juan Pablo Montoya;;DPi;;ACURA TEAM PENSKE;Acura;
6;1;5;1:14.636;0;;10.071;0;27.058;0;37.507;0;175.3;23:31.289;11:18:31.289;0:10.071;0:27.058;0:37.507;;Juan Pablo Montoya;;DPi;;ACURA TEAM PENSKE;Acura;
6;1;6;1:13.132;0;;10.066;0;26.920;0;36.146;0;178.9;24:44.421;11:19:44.421;0:10.066;0:26.920;0:36.146;;Juan Pablo Montoya;;DPi;;ACURA TEAM PENSKE;Acura;
6;1;7;1:12.924;0;;9.883;0;26.615;0;36.426;0;179.4;25:57.345;11:20:57.345;0:09.883;0:26.615;0:36.426;;Juan Pablo Montoya;;DPi;;ACURA TEAM PENSKE;Acura;
6;1;8;1:15.256;0;;9.692;0;26.879;0;38.685;0;173.8;27:12.601;11:22:12.601;0:09.692;0:26.879;0:38.685;;Juan Pablo Montoya;;DPi;;ACURA TEAM PENSKE;Acura;
6;1;9;1:13.344;0;;9.676;0;26.467;0;37.201;0;178.4;28:25.945;11:23:25.945;0:09.676;0:26.467;0:37.201;;Juan Pablo Montoya;;DPi;;ACURA TEAM PENSKE;Acura;
6;1;10;1:11.913;0;;9.644;0;26.411;0;35.858;0;181.9;29:37.858;11:24:37.858;0:09.644;0:26.411;0:35.858;;Juan Pablo Montoya;;DPi;;ACURA TEAM PENSKE;Acura;
6;1;11;1:11.743;0;;9.621;0;26.490;0;35.632;1;182.3;30:49.601;11:25:49.601;0:09.621;0:26.490;0:35.632;;Juan Pablo Montoya;;DPi;;ACURA TEAM PENSKE;Acura;
6;1;12;1:12.448;0;;9.579;0;26.286;4;36.583;0;180.6;32:02.049;11:27:02.049;0:09.579;0:26.286;0:36.583;;Juan Pablo Montoya;;DPi;;ACURA TEAM PENSKE;Acura;
6;1;13;1:20.038;0;B;9.517;2;26.365;0;44.156;0;163.4;33:22.087;11:28:22.087;0:09.517;0:26.365;0:44.156;;Juan Pablo Montoya;;DPi;;ACURA TEAM PENSKE;Acura;
6;2;14;9:54.370;0;B;8:34.699;0;31.116;0;48.555;0;22.0;43:16.457;11:38:16.457;8:34.699;0:31.116;0:48.555;;Dane Cameron;0:08:34.597;DPi;;ACURA TEAM PENSKE;Acura;
6;2;15;1:29.087;0;;22.664;0;28.939;0;37.484;0;146.8;44:45.544;11:39:45.544;0:22.664;0:28.939;0:37.484;;Dane Cameron;0:00:24.062;DPi;;ACURA TEAM PENSKE;Acura;
6;2;16;1:15.313;0;;10.085;0;27.345;0;37.883;0;173.7;46:00.857;11:41:00.857;0:10.085;0:27.345;0:37.883;;Dane Cameron;;DPi;;ACURA TEAM PENSKE;Acura;
6;2;17;1:17.173;0;;10.239;0;28.340;0;38.594;0;169.5;47:18.030;11:42:18.030;0:10.239;0:28.340;0:38.594;;Dane Cameron;;DPi;;ACURA TEAM PENSKE;Acura;
6;2;18;1:13.237;0;;9.903;0;27.010;0;36.324;0;178.6;48:31.267;11:43:31.267;0:09.903;0:27.010;0:36.324;;Dane Cameron;;DPi;;ACURA TEAM PENSKE;Acura;
6;2;19;1:14.303;0;;9.814;0;26.707;0;37.782;0;176.1;49:45.570;11:44:45.570;0:09.814;0:26.707;0:37.782;;Dane Cameron;;DPi;;ACURA TEAM PENSKE;Acura;
6;2;20;1:12.314;0;;9.800;0;26.819;0;35.695;0;180.9;50:57.884;11:45:57.884;0:09.800;0:26.819;0:35.695;;Dane Cameron;;DPi;;ACURA TEAM PENSKE;Acura;
6;2;21;1:11.645;2;;9.697;0;26.481;0;35.467;2;182.6;52:09.529;11:47:09.529;0:09.697;0:26.481;0:35.467;;Dane Cameron;;DPi;;ACURA TEAM PENSKE;Acura;
6;2;22;1:12.593;0;;9.667;1;27.135;0;35.791;0;180.2;53:22.122;11:48:22.122;0:09.667;0:27.135;0:35.791;;Dane Cameron;;DPi;;ACURA TEAM PENSKE;Acura;
6;2;23;1:22.248;0;B;9.719;0;27.831;0;44.698;0;159.1;54:44.370;11:49:44.370;0:09.719;0:27.831;0:44.698;;Dane Cameron;;DPi;;ACURA TEAM PENSKE;Acura;
6;1;24;10:53.874;0;;9:48.352;0;28.191;0;37.331;0;20.0;1:05:38.244;12:00:38.244;9:48.352;0:28.191;0:37.331;;Juan Pablo Montoya;0:09:49.948;DPi;;ACURA TEAM PENSKE;Acura;
6;1;25;1:12.496;0;;9.787;0;26.688;0;36.021;0;180.5;1:06:50.740;12:01:50.740;0:09.787;0:26.688;0:36.021;;Juan Pablo Montoya;;DPi;;ACURA TEAM PENSKE;Acura;
6;1;26;1:11.830;0;;9.668;0;26.419;0;35.743;0;182.1;1:08:02.570;12:03:02.570;0:09.668;0:26.419;0:35.743;;Juan Pablo Montoya;;DPi;;ACURA TEAM PENSKE;Acura;
6;1;27;1:19.740;0;B;9.657;0;26.406;0;43.677;0;164.1;1:09:22.310;12:04:22.310;0:09.657;0:26.406;0:43.677;;Juan Pablo Montoya;;DPi;;ACURA TEAM PENSKE;Acura;
6;2;28;2:03.015;0;B;51.140;0;27.961;0;43.914;0;106.3;1:11:25.325;12:06:25.325;0:51.140;0:27.961;0:43.914;;Dane Cameron;0:00:51.937;DPi;;ACURA TEAM PENSKE;Acura;
6;2;29;1:25.504;0;;22.097;0;27.230;0;36.177;0;153.0;1:12:50.829;12:07:50.829;0:22.097;0:27.230;0:36.177;;Dane Cameron;0:00:23.867;DPi;;ACURA TEAM PENSKE;Acura;
6;2;30;1:12.828;0;;10.205;0;26.739;0;35.884;0;179.6;1:14:03.657;12:09:03.657;0:10.205;0:26.739;0:35.884;;Dane Cameron;;DPi;;ACURA TEAM PENSKE;Acura;
6;2;31;1:11.938;0;;9.700;0;26.470;1;35.768;0;181.9;1:15:15.595;12:10:15.595;0:09.700;0:26.470;0:35.768;;Dane Cameron;;DPi;;ACURA TEAM PENSKE;Acura;
7;1;1;16:39.819;0;;15:27.781;0;32.064;0;39.974;0;13.1;16:39.819;11:11:39.819;15:27.781;0:32.064;0:39.974;;Helio Castroneves;0:15:16.898;DPi;;ACURA TEAM PENSKE;Acura;
7;1;2;1:25.293;0;B;10.442;0;27.883;0;46.968;0;153.4;18:05.112;11:13:05.112;0:10.442;0:27.883;0:46.968;;Helio Castroneves;;DPi;;ACURA TEAM PENSKE;Acura;
7;2;3;2:23.698;0;;1:12.584;0;31.258;0;39.856;0;91.0;20:28.810;11:15:28.810;1:12.584;0:31.258;0:39.856;;Ricky Taylor;0:01:12.744;DPi;;ACURA TEAM PENSKE;Acura;
7;2;4;1:16.458;0;;10.461;0;28.230;0;37.767;0;171.1;21:45.268;11:16:45.268;0:10.461;0:28.230;0:37.767;;Ricky Taylor;;DPi;;ACURA TEAM PENSKE;Acura;
7;2;5;1:16.256;0;;10.105;0;26.986;0;39.165;0;171.6;23:01.524;11:18:01.524;0:10.105;0:26.986;0:39.165;;Ricky Taylor;;DPi;;ACURA TEAM PENSKE;Acura;
7;2;6;1:14.350;0;;9.869;0;26.795;0;37.686;0;176.0;24:15.874;11:19:15.874;0:09.869;0:26.795;0:37.686;;Ricky Taylor;;DPi;;ACURA TEAM PENSKE;Acura;
7;2;7;1:13.819;0;;9.903;0;26.542;0;37.374;0;177.2;25:29.693;11:20:29.693;0:09.903;0:26.542;0:37.374;;Ricky Taylor;;DPi;;ACURA TEAM PENSKE;Acura;
7;2;8;1:13.747;0;;9.717;0;26.446;0;37.584;0;177.4;26:43.440;11:21:43.440;0:09.717;0:26.446;0:37.584;;Ricky Taylor;;DPi;;ACURA TEAM PENSKE;Acura;
7;2;9;1:12.756;0;;10.010;0;26.518;0;36.228;0;179.8;27:56.196;11:22:56.196;0:10.010;0:26.518;0:36.228;;Ricky Taylor;;DPi;;ACURA TEAM PENSKE;Acura;
7;2;10;1:12.104;0;;9.699;0;26.430;1;35.975;0;181.4;29:08.300;11:24:08.300;0:09.699;0:26.430;0:35.975;;Ricky Taylor;;DPi;;ACURA TEAM PENSKE;Acura;
7;2;11;1:15.098;0;;10.021;0;26.917;0;38.160;0;174.2;30:23.398;11:25:23.398;0:10.021;0:26.917;0:38.160;;Ricky Taylor;;DPi;;ACURA TEAM PENSKE;Acura;
7;2;12;1:12.045;0;;9.743;0;26.591;0;35.711;1;181.6;31:35.443;11:26:35.443;0:09.743;0:26.591;0:35.711;;Ricky Taylor;;DPi;;ACURA TEAM PENSKE;Acura;
7;2;13;1:19.942;0;B;9.623;1;26.530;0;43.789;0;163.6;32:55.385;11:27:55.385;0:09.623;0:26.530;0:43.789;;Ricky Taylor;;DPi;;ACURA TEAM PENSKE;Acura;
7;1;14;6:54.438;0;;5:49.459;0;28.059;0;36.920;0;31.6;39:49.823;11:34:49.823;5:49.459;0:28.059;0:36.920;;Helio Castroneves;0:05:50.695;DPi;;ACURA TEAM PENSKE;Acura;
7;1;15;1:12.830;0;;9.823;0;26.684;0;36.323;0;179.6;41:02.653;11:36:02.653;0:09.823;0:26.684;0:36.323;;Helio Castroneves;;DPi;;ACURA TEAM PENSKE;Acura;
7;1;16;1:14.574;0;;9.816;0;26.813;0;37.945;0;175.4;42:17.227;11:37:17.227;0:09.816;0:26.813;0:37.945;;Helio Castroneves;;DPi;;ACURA TEAM PENSKE;Acura;
7;1;17;1:15.267;0;;10.737;0;27.900;0;36.630;0;173.8;43:32.494;11:38:32.494;0:10.737;0:27.900;0:36.630;;Helio Castroneves;;DPi;;ACURA TEAM PENSKE;Acura;
7;1;18;1:14.684;0;;9.736;0;27.080;0;37.868;0;175.2;44:47.178;11:39:47.178;0:09.736;0:27.080;0:37.868;;Helio Castroneves;;DPi;;ACURA TEAM PENSKE;Acura;
7;1;19;1:13.963;0;;9.831;0;26.841;0;37.291;0;176.9;46:01.141;11:41:01.141;0:09.831;0:26.841;0:37.291;;Helio Castroneves;;DPi;;ACURA TEAM PENSKE;Acura;
7;1;20;1:15.309;0;;10.336;0;27.030;0;37.943;0;173.7;47:16.450;11:42:16.450;0:10.336;0:27.030;0:37.943;;Helio Castroneves;;DPi;;ACURA TEAM PENSKE;Acura;
7;1;21;1:13.088;0;;9.761;0;26.741;0;36.586;0;179.0;48:29.538;11:43:29.538;0:09.761;0:26.741;0:36.586;;Helio Castroneves;;DPi;;ACURA TEAM PENSKE;Acura;
7;1;22;1:13.518;0;;9.732;0;26.915;0;36.871;0;177.9;49:43.056;11:44:43.056;0:09.732;0:26.915;0:36.871;;Helio Castroneves;;DPi;;ACURA TEAM PENSKE;Acura;
7;1;23;1:12.487;0;;9.684;0;26.692;0;36.111;0;180.5;50:55.543;11:45:55.543;0:09.684;0:26.692;0:36.111;;Helio Castroneves;;DPi;;ACURA TEAM PENSKE;Acura;
7;1;24;1:12.104;0;;9.592;0;26.714;0;35.798;0;181.4;52:07.647;11:47:07.647;0:09.592;0:26.714;0:35.798;;Helio Castroneves;;DPi;;ACURA TEAM PENSKE;Acura;
7;1;25;1:21.149;0;B;9.934;0;27.068;0;44.147;0;161.2;53:28.796;11:48:28.796;0:09.934;0:27.068;0:44.147;;Helio Castroneves;;DPi;;ACURA TEAM PENSKE;Acura;
7;1;26;9:54.799;0;;8:40.951;0;29.975;0;43.873;0;22.0;1:03:23.595;11:58:23.595;8:40.951;0:29.975;0:43.873;;Helio Castroneves;0:08:41.885;DPi;;ACURA TEAM PENSKE;Acura;
7;1;27;1:16.961;0;;10.039;0;27.074;0;39.848;0;170.0;1:04:40.556;11:59:40.556;0:10.039;0:27.074;0:39.848;;Helio Castroneves;;DPi;;ACURA TEAM PENSKE;Acura;
7;1;28;1:12.518;0;;9.799;0;26.742;0;35.977;0;180.4;1:05:53.074;12:00:53.074;0:09.799;0:26.742;0:35.977;;Helio Castroneves;;DPi;;ACURA TEAM PENSKE;Acura;
7;1;29;1:11.605;0;;9.667;0;26.492;0;35.446;2;182.7;1:07:04.679;12:02:04.679;0:09.667;0:26.492;0:35.446;;Helio Castroneves;;DPi;;ACURA TEAM PENSKE;Acura;
7;1;30;1:11.726;0;;9.646;0;26.476;0;35.604;0;182.4;1:08:16.405;12:03:16.405;0:09.646;0:26.476;0:35.604;;Helio Castroneves;;DPi;;ACURA TEAM PENSKE;Acura;
7;1;31;1:11.395;4;;9.589;0;26.347;2;35.459;0;183.2;1:09:27.800;12:04:27.800;0:09.589;0:26.347;0:35.459;;Helio Castroneves;;DPi;;ACURA TEAM PENSKE;Acura;
7;1;32;1:26.557;0;;9.480;4;28.434;0;48.643;0;151.1;1:10:54.357;12:05:54.357;0:09.480;0:28.434;0:48.643;;Helio Castroneves;;DPi;;ACURA TEAM PENSKE;Acura;
7;1;33;1:11.613;0;;9.576;0;26.395;0;35.642;0;182.7;1:12:05.970;12:07:05.970;0:09.576;0:26.395;0:35.642;;Helio Castroneves;;DPi;;ACURA TEAM PENSKE;Acura;
7;1;34;1:12.383;0;;10.262;0;26.572;0;35.549;0;180.7;1:13:18.353;12:08:18.353;0:10.262;0:26.572;0:35.549;;Helio Castroneves;;DPi;;ACURA TEAM PENSKE;Acura;
7;1;35;1:11.485;0;;9.545;0;26.364;0;35.576;0;183.0;1:14:29.838;12:09:29.838;0:09.545;0:26.364;0:35.576;;Helio Castroneves;;DPi;;ACURA TEAM PENSKE;Acura;
7;1;36;1:19.410;0;B;9.841;0;26.586;0;42.983;0;164.7;1:15:49.248;12:10:49.248;0:09.841;0:26.586;0:42.983;;Helio Castroneves;;DPi;;ACURA TEAM PENSKE;Acura;
74;1;1;2:11.091;0;;42.005;0;38.604;0;50.482;0;99.8;2:11.091;10:57:11.091;0:42.005;0:38.604;0:50.482;;Gar Robinson;0:00:27.409;GTD;;Riley Motorsports;Mercedes-AMG;
74;1;2;1:28.596;0;;13.523;0;32.447;0;42.626;0;147.7;3:39.687;10:58:39.687;0:13.523;0:32.447;0:42.626;;Gar Robinson;;GTD;;Riley Motorsports;Mercedes-AMG;
74;1;3;1:27.526;0;;13.534;0;32.212;0;41.780;0;149.5;5:07.213;11:00:07.213;0:13.534;0:32.212;0:41.780;;Gar Robinson;;GTD;;Riley Motorsports;Mercedes-AMG;
74;1;4;1:23.686;0;;11.849;0;30.539;0;41.298;0;156.3;6:30.899;11:01:30.899;0:11.849;0:30.539;0:41.298;;Gar Robinson;;GTD;;Riley Motorsports;Mercedes-AMG;
74;1;5;1:23.313;0;;11.797;0;30.347;0;41.169;0;157.0;7:54.212;11:02:54.212;0:11.797;0:30.347;0:41.169;;Gar Robinson;;GTD;;Riley Motorsports;Mercedes-AMG;
74;1;6;1:22.881;0;;11.798;0;30.399;0;40.684;0;157.8;9:17.093;11:04:17.093;0:11.798;0:30.399;0:40.684;;Gar Robinson;;GTD;;Riley Motorsports;Mercedes-AMG;
74;1;7;1:22.302;0;;11.685;0;30.104;0;40.513;0;159.0;10:39.395;11:05:39.395;0:11.685;0:30.104;0:40.513;;Gar Robinson;;GTD;;Riley Motorsports;Mercedes-AMG;
74;1;8;1:22.407;0;;11.631;0;30.192;0;40.584;0;158.7;12:01.802;11:07:01.802;0:11.631;0:30.192;0:40.584;;Gar Robinson;;GTD;;Riley Motorsports;Mercedes-AMG;
74;1;9;1:22.421;0;;11.746;0;30.028;0;40.647;0;158.7;13:24.223;11:08:24.223;0:11.746;0:30.028;0:40.647;;Gar Robinson;;GTD;;Riley Motorsports;Mercedes-AMG;
74;1;10;1:22.179;0;;11.595;1;29.916;1;40.668;0;159.2;14:46.402;11:09:46.402;0:11.595;0:29.916;0:40.668;;Gar Robinson;;GTD;;Riley Motorsports;Mercedes-AMG;
74;1;11;1:22.094;0;;11.625;0;30.054;0;40.415;2;159.4;16:08.496;11:11:08.496;0:11.625;0:30.054;0:40.415;;Gar Robinson;;GTD;;Riley Motorsports;Mercedes-AMG;
74;1;12;1:27.803;0;;11.743;0;30.991;0;45.069;0;149.0;17:36.299;11:12:36.299;0:11.743;0:30.991;0:45.069;;Gar Robinson;;GTD;;Riley Motorsports;Mercedes-AMG;
74;1;13;1:27.784;0;;11.662;0;32.207;0;43.915;0;149.0;19:04.083;11:14:04.083;0:11.662;0:32.207;0:43.915;;Gar Robinson;;GTD;;Riley Motorsports;Mercedes-AMG;
74;1;14;1:23.584;0;;11.874;0;30.228;0;41.482;0;156.5;20:27.667;11:15:27.667;0:11.874;0:30.228;0:41.482;;Gar Robinson;;GTD;;Riley Motorsports;Mercedes-AMG;
74;1;15;1:31.201;0;B;11.678;0;30.260;0;49.263;0;143.4;21:58.868;11:16:58.868;0:11.678;0:30.260;0:49.263;;Gar Robinson;;GTD;;Riley Motorsports;Mercedes-AMG;
74;1;16;4:14.558;0;;3:01.159;0;31.297;0;42.102;0;51.4;26:13.426;11:21:13.426;3:01.159;0:31.297;0:42.102;;Gar Robinson;0:03:01.681;GTD;;Riley Motorsports;Mercedes-AMG;
74;1;17;1:23.335;0;;11.816;0;30.353;0;41.166;0;157.0;27:36.761;11:22:36.761;0:11.816;0:30.353;0:41.166;;Gar Robinson;;GTD;;Riley Motorsports;Mercedes-AMG;
74;1;18;1:23.936;0;;11.758;0;30.306;0;41.872;0;155.9;29:00.697;11:24:00.697;0:11.758;0:30.306;0:41.872;;Gar Robinson;;GTD;;Riley Motorsports;Mercedes-AMG;
74;1;19;1:22.538;0;;11.619;0;30.126;0;40.793;0;158.5;30:23.235;11:25:23.235;0:11.619;0:30.126;0:40.793;;Gar Robinson;;GTD;;Riley Motorsports;Mercedes-AMG;
74;1;20;1:22.796;0;;11.693;0;30.091;0;41.012;0;158.0;31:46.031;11:26:46.031;0:11.693;0:30.091;0:41.012;;Gar Robinson;;GTD;;Riley Motorsports;Mercedes-AMG;
74;1;21;1:23.281;0;;11.690;0;30.038;0;41.553;0;157.1;33:09.312;11:28:09.312;0:11.690;0:30.038;0:41.553;;Gar Robinson;;GTD;;Riley Motorsports;Mercedes-AMG;
74;1;22;1:31.367;0;B;12.153;0;31.132;0;48.082;0;143.2;34:40.679;11:29:40.679;0:12.153;0:31.132;0:48.082;;Gar Robinson;;GTD;;Riley Motorsports;Mercedes-AMG;
74;2;23;4:25.725;0;;3:12.563;0;30.939;0;42.223;0;49.2;39:06.404;11:34:06.404;3:12.563;0:30.939;0:42.223;;Lawson Aschenbach;0:03:13.145;GTD;;Riley Motorsports;Mercedes-AMG;
74;2;24;1:22.047;2;;11.734;0;29.878;0;40.435;1;159.4;40:28.451;11:35:28.451;0:11.734;0:29.878;0:40.435;;Lawson Aschenbach;;GTD;;Riley Motorsports;Mercedes-AMG;
74;2;25;1:22.093;0;;11.643;0;29.767;2;40.683;0;159.4;41:50.544;11:36:50.544;0:11.643;0:29.767;0:40.683;;Lawson Aschenbach;;GTD;;Riley Motorsports;Mercedes-AMG;
74;2;26;1:22.436;0;;11.575;2;29.845;0;41.016;0;158.7;43:12.980;11:38:12.980;0:11.575;0:29.845;0:41.016;;Lawson Aschenbach;;GTD;;Riley Motorsports;Mercedes-AMG;
74;2;27;1:30.096;0;B;11.786;0;30.128;0;48.182;0;145.2;44:43.076;11:39:43.076;0:11.786;0:30.128;0:48.182;;Lawson Aschenbach;;GTD;;Riley Motorsports;Mercedes-AMG;
74;2;28;3:48.044;0;;2:33.349;0;31.557;0;43.138;0;57.4;48:31.120;11:43:31.120;2:33.349;0:31.557;0:43.138;;Lawson Aschenbach;0:02:34.421;GTD;;Riley Motorsports;Mercedes-AMG;
74;2;29;1:23.738;0;;11.828;0;30.718;0;41.192;0;156.2;49:54.858;11:44:54.858;0:11.828;0:30.718;0:41.192;;Lawson Aschenbach;;GTD;;Riley Motorsports;Mercedes-AMG;
74;2;30;1:22.360;0;;11.791;0;29.969;0;40.600;0;158.8;51:17.218;11:46:17.218;0:11.791;0:29.969;0:40.600;;Lawson Aschenbach;;GTD;;Riley Motorsports;Mercedes-AMG;
74;2;31;1:22.048;0;;11.635;0;29.948;0;40.465;0;159.4;52:39.266;11:47:39.266;0:11.635;0:29.948;0:40.465;;Lawson Aschenbach;;GTD;;Riley Motorsports;Mercedes-AMG;
74;2;32;1:29.765;0;B;11.657;0;29.906;0;48.202;0;145.7;54:09.031;11:49:09.031;0:11.657;0:29.906;0:48.202;;Lawson Aschenbach;;GTD;;Riley Motorsports;Mercedes-AMG;
74;2;33;2:40.651;0;;1:28.028;0;30.755;0;41.868;0;81.4;56:49.682;11:51:49.682;1:28.028;0:30.755;0:41.868;;Lawson Aschenbach;0:01:29.119;GTD;;Riley Motorsports;Mercedes-AMG;
74;2;34;1:22.184;0;;11.719;0;29.842;0;40.623;0;159.2;58:11.866;11:53:11.866;0:11.719;0:29.842;0:40.623;;Lawson Aschenbach;;GTD;;Riley Motorsports;Mercedes-AMG;
74;2;35;1:22.298;0;;11.683;0;29.902;0;40.713;0;159.0;59:34.164;11:54:34.164;0:11.683;0:29.902;0:40.713;;Lawson Aschenbach;;GTD;;Riley Motorsports;Mercedes-AMG;
74;2;36;1:30.286;0;B;11.756;0;30.218;0;48.312;0;144.9;1:01:04.450;11:56:04.450;0:11.756;0:30.218;0:48.312;;Lawson Aschenbach;;GTD;;Riley Motorsports;Mercedes-AMG;
76;1;1;2:07.476;0;;43.619;0;36.587;0;47.270;0;102.6;2:07.476;10:57:07.476;0:43.619;0:36.587;0:47.270;;Corey Fergus;0:00:29.802;GTD;;Compass Racing;McLaren;
76;1;2;1:26.503;0;;12.499;0;31.604;0;42.400;0;151.2;3:33.979;10:58:33.979;0:12.499;0:31.604;0:42.400;;Corey Fergus;;GTD;;Compass Racing;McLaren;
76;1;3;1:23.643;0;;11.940;0;30.234;0;41.469;0;156.4;4:57.622;10:59:57.622;0:11.940;0:30.234;0:41.469;;Corey Fergus;;GTD;;Compass Racing;McLaren;
76;1;4;1:22.163;0;;11.691;0;29.894;0;40.578;0;159.2;6:19.785;11:01:19.785;0:11.691;0:29.894;0:40.578;;Corey Fergus;;GTD;;Compass Racing;McLaren;
76;1;5;1:22.179;0;;11.682;0;29.940;0;40.557;0;159.2;7:41.964;11:02:41.964;0:11.682;0:29.940;0:40.557;;Corey Fergus;;GTD;;Compass Racing;McLaren;
76;1;6;1:21.543;0;;11.549;0;29.755;0;40.239;1;160.4;9:03.507;11:04:03.507;0:11.549;0:29.755;0:40.239;;Corey Fergus;;GTD;;Compass Racing;McLaren;
76;1;7;1:21.475;0;;11.521;2;29.615;1;40.339;0;160.6;10:24.982;11:05:24.982;0:11.521;0:29.615;0:40.339;;Corey Fergus;;GTD;;Compass Racing;McLaren;
76;1;8;5:29.643;0;B;11.524;0;29.840;0;4:48.279;0;39.7;15:54.625;11:10:54.625;0:11.524;0:29.840;4:48.279;;Corey Fergus;;GTD;;Compass Racing;McLaren;
76;1;9;1:38.195;0;;24.333;0;30.967;0;42.895;0;133.2;17:32.820;11:12:32.820;0:24.333;0:30.967;0:42.895;;Corey Fergus;0:04:23.500;GTD;;Compass Racing;McLaren;
76;1;10;1:23.273;0;;11.689;0;30.472;0;41.112;0;157.1;18:56.093;11:13:56.093;0:11.689;0:30.472;0:41.112;;Corey Fergus;;GTD;;Compass Racing;McLaren;
76;1;11;1:21.707;0;;11.559;0;29.829;0;40.319;0;160.1;20:17.800;11:15:17.800;0:11.559;0:29.829;0:40.319;;Corey Fergus;;GTD;;Compass Racing;McLaren;
76;1;12;1:22.119;0;;11.584;0;30.136;0;40.399;0;159.3;21:39.919;11:16:39.919;0:11.584;0:30.136;0:40.399;;Corey Fergus;;GTD;;Compass Racing;McLaren;
76;1;13;1:22.490;0;;11.692;0;29.818;0;40.980;0;158.6;23:02.409;11:18:02.409;0:11.692;0:29.818;0:40.980;;Corey Fergus;;GTD;;Compass Racing;McLaren;
76;1;14;1:21.616;0;;11.621;0;29.615;0;40.380;0;160.3;24:24.025;11:19:24.025;0:11.621;0:29.615;0:40.380;;Corey Fergus;;GTD;;Compass Racing;McLaren;
76;1;15;1:21.937;0;;11.585;0;29.818;0;40.534;0;159.7;25:45.962;11:20:45.962;0:11.585;0:29.818;0:40.534;;Corey Fergus;;GTD;;Compass Racing;McLaren;
76;1;16;1:22.459;0;;11.631;0;30.028;0;40.800;0;158.6;27:08.421;11:22:08.421;0:11.631;0:30.028;0:40.800;;Corey Fergus;;GTD;;Compass Racing;McLaren;
76;1;17;1:22.117;0;;11.684;0;29.901;0;40.532;0;159.3;28:30.538;11:23:30.538;0:11.684;0:29.901;0:40.532;;Corey Fergus;;GTD;;Compass Racing;McLaren;
76;1;18;2:46.459;0;B;11.637;0;29.711;0;2:05.111;0;78.6;31:16.997;11:26:16.997;0:11.637;0:29.711;2:05.111;;Corey Fergus;;GTD;;Compass Racing;McLaren;
76;2;19;1:35.304;0;;23.680;0;30.560;0;41.064;0;137.3;32:52.301;11:27:52.301;0:23.680;0:30.560;0:41.064;;Paul Holton;0:01:40.479;GTD;;Compass Racing;McLaren;
76;2;20;1:22.259;0;;11.597;0;29.835;0;40.827;0;159.0;34:14.560;11:29:14.560;0:11.597;0:29.835;0:40.827;;Paul Holton;;GTD;;Compass Racing;McLaren;
76;2;21;1:22.340;0;;11.653;0;29.723;0;40.964;0;158.9;35:36.900;11:30:36.900;0:11.653;0:29.723;0:40.964;;Paul Holton;;GTD;;Compass Racing;McLaren;
76;2;22;1:22.090;0;;11.572;0;29.538;2;40.980;0;159.4;36:58.990;11:31:58.990;0:11.572;0:29.538;0:40.980;;Paul Holton;;GTD;;Compass Racing;McLaren;
76;2;23;2:38.620;0;B;11.721;0;30.166;0;1:56.733;0;82.5;39:37.610;11:34:37.610;0:11.721;0:30.166;1:56.733;;Paul Holton;;GTD;;Compass Racing;McLaren;
76;2;24;1:33.662;0;;22.698;0;30.115;0;40.849;0;139.7;41:11.272;11:36:11.272;0:22.698;0:30.115;0:40.849;;Paul Holton;0:01:32.082;GTD;;Compass Racing;McLaren;
76;2;25;3:11.979;0;B;11.597;0;30.394;0;2:29.988;0;68.1;44:23.251;11:39:23.251;0:11.597;0:30.394;2:29.988;;Paul Holton;;GTD;;Compass Racing;McLaren;
76;2;26;1:53.804;0;;26.076;0;36.781;0;50.947;0;115.0;46:17.055;11:41:17.055;0:26.076;0:36.781;0:50.947;;Paul Holton;0:02:05.662;GTD;;Compass Racing;McLaren;
76;2;27;1:34.892;0;;12.413;0;35.939;0;46.540;0;137.9;47:51.947;11:42:51.947;0:12.413;0:35.939;0:46.540;;Paul Holton;;GTD;;Compass Racing;McLaren;
76;2;28;1:26.526;0;;11.760;0;31.427;0;43.339;0;151.2;49:18.473;11:44:18.473;0:11.760;0:31.427;0:43.339;;Paul Holton;;GTD;;Compass Racing;McLaren;
76;2;29;1:22.586;0;;11.745;0;29.840;0;41.001;0;158.4;50:41.059;11:45:41.059;0:11.745;0:29.840;0:41.001;;Paul Holton;;GTD;;Compass Racing;McLaren;
76;2;30;1:21.220;2;;11.560;1;29.577;0;40.083;2;161.1;52:02.279;11:47:02.279;0:11.560;0:29.577;0:40.083;;Paul Holton;;GTD;;Compass Racing;McLaren;
76;2;31;5:46.000;0;B;13.009;0;42.978;0;4:50.013;0;37.8;57:48.279;11:52:48.279;0:13.009;0:42.978;4:50.013;;Paul Holton;;GTD;;Compass Racing;McLaren;
77;2;1;16:56.116;0;B;15:31.712;0;33.389;0;51.015;0;12.9;16:56.116;11:11:56.116;15:31.712;0:33.389;0:51.015;;Tristan Nunez;0:15:20.023;DPi;;Mazda Motorsports;Mazda;
77;2;2;2:32.304;0;B;1:10.727;0;32.748;0;48.829;0;85.9;19:28.420;11:14:28.420;1:10.727;0:32.748;0:48.829;;Tristan Nunez;0:01:10.106;DPi;;Mazda Motorsports;Mazda;
77;2;3;2:09.543;0;;58.456;0;31.392;0;39.695;0;101.0;21:37.963;11:16:37.963;0:58.456;0:31.392;0:39.695;;Tristan Nunez;0:00:59.101;DPi;;Mazda Motorsports;Mazda;
77;2;4;1:15.395;0;;10.352;0;27.724;0;37.319;0;173.5;22:53.358;11:17:53.358;0:10.352;0:27.724;0:37.319;;Tristan Nunez;;DPi;;Mazda Motorsports;Mazda;
77;2;5;1:14.039;0;;10.272;0;27.187;0;36.580;0;176.7;24:07.397;11:19:07.397;0:10.272;0:27.187;0:36.580;;Tristan Nunez;;DPi;;Mazda Motorsports;Mazda;
77;2;6;1:13.792;0;;9.960;0;26.870;0;36.962;0;177.3;25:21.189;11:20:21.189;0:09.960;0:26.870;0:36.962;;Tristan Nunez;;DPi;;Mazda Motorsports;Mazda;
77;2;7;1:12.768;0;;9.962;0;26.801;0;36.005;1;179.8;26:33.957;11:21:33.957;0:09.962;0:26.801;0:36.005;;Tristan Nunez;;DPi;;Mazda Motorsports;Mazda;
77;2;8;1:13.308;0;;9.837;0;26.619;2;36.852;0;178.5;27:47.265;11:22:47.265;0:09.837;0:26.619;0:36.852;;Tristan Nunez;;DPi;;Mazda Motorsports;Mazda;
77;2;9;1:22.097;0;B;9.829;1;27.365;0;44.903;0;159.3;29:09.362;11:24:09.362;0:09.829;0:27.365;0:44.903;;Tristan Nunez;;DPi;;Mazda Motorsports;Mazda;
77;2;10;3:10.861;0;;2:03.676;0;28.344;0;38.841;0;68.5;32:20.223;11:27:20.223;2:03.676;0:28.344;0:38.841;;Tristan Nunez;0:02:04.928;DPi;;Mazda Motorsports;Mazda;
77;2;11;1:15.790;0;;10.302;0;27.332;0;38.156;0;172.6;33:36.013;11:28:36.013;0:10.302;0:27.332;0:38.156;;Tristan Nunez;;DPi;;Mazda Motorsports;Mazda;
77;2;12;1:12.853;0;;9.869;0;26.955;0;36.029;0;179.6;34:48.866;11:29:48.866;0:09.869;0:26.955;0:36.029;;Tristan Nunez;;DPi;;Mazda Motorsports;Mazda;
77;2;13;1:21.813;0;B;10.246;0;27.255;0;44.312;0;159.9;36:10.679;11:31:10.679;0:10.246;0:27.255;0:44.312;;Tristan Nunez;;DPi;;Mazda Motorsports;Mazda;
77;2;14;4:29.170;0;;3:22.218;0;29.032;0;37.920;0;48.6;40:39.849;11:35:39.849;3:22.218;0:29.032;0:37.920;;Tristan Nunez;0:03:24.199;DPi;;Mazda Motorsports;Mazda;
77;2;15;1:15.356;0;;10.015;0;27.030;0;38.311;0;173.6;41:55.205;11:36:55.205;0:10.015;0:27.030;0:38.311;;Tristan Nunez;;DPi;;Mazda Motorsports;Mazda;
77;2;16;1:15.447;0;;10.089;0;27.138;0;38.220;0;173.4;43:10.652;11:38:10.652;0:10.089;0:27.138;0:38.220;;Tristan Nunez;;DPi;;Mazda Motorsports;Mazda;
77;2;17;1:14.875;0;;10.654;0;27.448;0;36.773;0;174.7;44:25.527;11:39:25.527;0:10.654;0:27.448;0:36.773;;Tristan Nunez;;DPi;;Mazda Motorsports;Mazda;
77;2;18;1:13.794;0;;10.476;0;27.146;0;36.172;0;177.3;45:39.321;11:40:39.321;0:10.476;0:27.146;0:36.172;;Tristan Nunez;;DPi;;Mazda Motorsports;Mazda;
77;2;19;1:22.025;0;B;9.836;0;27.054;0;45.135;0;159.5;47:01.346;11:42:01.346;0:09.836;0:27.054;0:45.135;;Tristan Nunez;;DPi;;Mazda Motorsports;Mazda;
77;2;20;5:16.473;0;;4:11.425;0;28.024;0;37.024;0;41.3;52:17.819;11:47:17.819;4:11.425;0:28.024;0:37.024;;Tristan Nunez;0:04:13.052;DPi;;Mazda Motorsports;Mazda;
77;2;21;1:20.684;0;B;9.859;0;27.075;0;43.750;0;162.1;53:38.503;11:48:38.503;0:09.859;0:27.075;0:43.750;;Tristan Nunez;;DPi;;Mazda Motorsports;Mazda;
77;1;22;2:09.371;0;;59.341;0;30.293;0;39.737;0;101.1;55:47.874;11:50:47.874;0:59.341;0:30.293;0:39.737;;Oliver Jarvis;0:01:00.100;DPi;;Mazda Motorsports;Mazda;
77;1;23;1:18.807;0;;10.988;0;27.606;0;40.213;0;166.0;57:06.681;11:52:06.681;0:10.988;0:27.606;0:40.213;;Oliver Jarvis;;DPi;;Mazda Motorsports;Mazda;
77;1;24;1:13.802;0;;10.039;0;27.125;0;36.638;0;177.3;58:20.483;11:53:20.483;0:10.039;0:27.125;0:36.638;;Oliver Jarvis;;DPi;;Mazda Motorsports;Mazda;
77;1;25;1:20.729;0;B;9.902;0;27.022;0;43.805;0;162.0;59:41.212;11:54:41.212;0:09.902;0:27.022;0:43.805;;Oliver Jarvis;;DPi;;Mazda Motorsports;Mazda;
77;1;26;2:22.455;0;;1:12.467;0;30.156;0;39.832;0;91.8;1:02:03.667;11:57:03.667;1:12.467;0:30.156;0:39.832;;Oliver Jarvis;0:01:12.859;DPi;;Mazda Motorsports;Mazda;
77;1;27;1:16.462;0;;10.422;0;27.984;0;38.056;0;171.1;1:03:20.129;11:58:20.129;0:10.422;0:27.984;0:38.056;;Oliver Jarvis;;DPi;;Mazda Motorsports;Mazda;
77;1;28;1:14.409;0;;10.036;0;27.566;0;36.807;0;175.8;1:04:34.538;11:59:34.538;0:10.036;0:27.566;0:36.807;;Oliver Jarvis;;DPi;;Mazda Motorsports;Mazda;
77;1;29;1:13.142;0;;9.850;0;26.916;0;36.376;0;178.9;1:05:47.680;12:00:47.680;0:09.850;0:26.916;0:36.376;;Oliver Jarvis;;DPi;;Mazda Motorsports;Mazda;
77;1;30;1:12.479;0;;9.755;2;26.756;1;35.968;0;180.5;1:07:00.159;12:02:00.159;0:09.755;0:26.756;0:35.968;;Oliver Jarvis;;DPi;;Mazda Motorsports;Mazda;
77;1;31;1:14.258;0;;9.845;0;27.918;0;36.495;0;176.2;1:08:14.417;12:03:14.417;0:09.845;0:27.918;0:36.495;;Oliver Jarvis;;DPi;;Mazda Motorsports;Mazda;
77;1;32;1:18.000;0;;10.077;0;29.413;0;38.510;0;167.7;1:09:32.417;12:04:32.417;0:10.077;0:29.413;0:38.510;;Oliver Jarvis;;DPi;;Mazda Motorsports;Mazda;
77;1;33;1:13.216;0;;9.938;0;27.077;0;36.201;0;178.7;1:10:45.633;12:05:45.633;0:09.938;0:27.077;0:36.201;;Oliver Jarvis;;DPi;;Mazda Motorsports;Mazda;
77;1;34;1:13.121;0;;10.150;0;27.011;0;35.960;0;178.9;1:11:58.754;12:06:58.754;0:10.150;0:27.011;0:35.960;;Oliver Jarvis;;DPi;;Mazda Motorsports;Mazda;
77;1;35;1:12.495;0;;9.831;0;26.784;0;35.880;2;180.5;1:13:11.249;12:08:11.249;0:09.831;0:26.784;0:35.880;;Oliver Jarvis;;DPi;;Mazda Motorsports;Mazda;
77;1;36;1:13.836;0;;9.756;0;27.622;0;36.458;0;177.2;1:14:25.085;12:09:25.085;0:09.756;0:27.622;0:36.458;;Oliver Jarvis;;DPi;;Mazda Motorsports;Mazda;
77;1;37;1:12.470;2;;9.765;0;26.811;0;35.894;0;180.5;1:15:37.555;12:10:37.555;0:09.765;0:26.811;0:35.894;;Oliver Jarvis;;DPi;;Mazda Motorsports;Mazda;
85;2;1;16:38.621;0;;15:23.697;0;34.161;0;40.763;0;13.1;16:38.621;11:11:38.621;15:23.697;0:34.161;0:40.763;;Tristan Vautier;0:15:12.475;DPi;;JDC-Miller MotorSports;Cadillac;
85;2;2;1:26.562;0;;10.471;0;28.436;0;47.655;0;151.1;18:05.183;11:13:05.183;0:10.471;0:28.436;0:47.655;;Tristan Vautier;;DPi;;JDC-Miller MotorSports;Cadillac;
85;2;3;1:21.577;0;;10.190;0;27.485;0;43.902;0;160.4;19:26.760;11:14:26.760;0:10.190;0:27.485;0:43.902;;Tristan Vautier;;DPi;;JDC-Miller MotorSports;Cadillac;
85;2;4;1:13.415;0;;10.101;0;27.068;0;36.246;0;178.2;20:40.175;11:15:40.175;0:10.101;0:27.068;0:36.246;;Tristan Vautier;;DPi;;JDC-Miller MotorSports;Cadillac;
85;2;5;1:12.949;0;;9.897;0;26.699;2;36.353;0;179.3;21:53.124;11:16:53.124;0:09.897;0:26.699;0:36.353;;Tristan Vautier;;DPi;;JDC-Miller MotorSports;Cadillac;
85;2;6;1:21.519;0;B;9.913;0;27.067;0;44.539;0;160.5;23:14.643;11:18:14.643;0:09.913;0:27.067;0:44.539;;Tristan Vautier;;DPi;;JDC-Miller MotorSports;Cadillac;
85;2;7;4:38.482;0;;3:34.156;0;27.902;0;36.424;0;47.0;27:53.125;11:22:53.125;3:34.156;0:27.902;0:36.424;;Tristan Vautier;0:03:35.697;DPi;;JDC-Miller MotorSports;Cadillac;
85;2;8;1:13.914;0;;9.897;0;26.768;0;37.249;0;177.0;29:07.039;11:24:07.039;0:09.897;0:26.768;0:37.249;;Tristan Vautier;;DPi;;JDC-Miller MotorSports;Cadillac;
85;2;9;1:13.978;0;;9.986;0;27.113;0;36.879;0;176.8;30:21.017;11:25:21.017;0:09.986;0:27.113;0:36.879;;Tristan Vautier;;DPi;;JDC-Miller MotorSports;Cadillac;
85;2;10;1:12.727;0;;9.840;0;26.809;0;36.078;1;179.9;31:33.744;11:26:33.744;0:09.840;0:26.809;0:36.078;;Tristan Vautier;;DPi;;JDC-Miller MotorSports;Cadillac;
85;2;11;1:13.012;0;;9.805;0;26.822;0;36.385;0;179.2;32:46.756;11:27:46.756;0:09.805;0:26.822;0:36.385;;Tristan Vautier;;DPi;;JDC-Miller MotorSports;Cadillac;
85;2;12;1:12.874;0;;9.813;0;26.750;0;36.311;0;179.5;33:59.630;11:28:59.630;0:09.813;0:26.750;0:36.311;;Tristan Vautier;;DPi;;JDC-Miller MotorSports;Cadillac;
85;2;13;1:13.396;0;;9.753;2;26.830;0;36.813;0;178.2;35:13.026;11:30:13.026;0:09.753;0:26.830;0:36.813;;Tristan Vautier;;DPi;;JDC-Miller MotorSports;Cadillac;
85;2;14;1:22.249;0;B;10.120;0;27.111;0;45.018;0;159.1;36:35.275;11:31:35.275;0:10.120;0:27.111;0:45.018;;Tristan Vautier;;DPi;;JDC-Miller MotorSports;Cadillac;
85;1;15;3:23.377;0;;2:17.542;0;28.505;0;37.330;0;64.3;39:58.652;11:34:58.652;2:17.542;0:28.505;0:37.330;;Gabriel Aubry;0:02:19.032;DPi;;JDC-Miller MotorSports;Cadillac;
85;1;16;1:14.110;0;;9.962;0;27.120;0;37.028;0;176.5;41:12.762;11:36:12.762;0:09.962;0:27.120;0:37.028;;Gabriel Aubry;;DPi;;JDC-Miller MotorSports;Cadillac;
85;1;17;1:13.747;0;;10.054;0;26.861;0;36.832;0;177.4;42:26.509;11:37:26.509;0:10.054;0:26.861;0:36.832;;Gabriel Aubry;;DPi;;JDC-Miller MotorSports;Cadillac;
85;1;18;1:14.301;0;;9.906;0;26.931;0;37.464;0;176.1;43:40.810;11:38:40.810;0:09.906;0:26.931;0:37.464;;Gabriel Aubry;;DPi;;JDC-Miller MotorSports;Cadillac;
85;1;19;1:15.179;0;;10.514;0;27.844;0;36.821;0;174.0;44:55.989;11:39:55.989;0:10.514;0:27.844;0:36.821;;Gabriel Aubry;;DPi;;JDC-Miller MotorSports;Cadillac;
85;1;20;1:17.090;0;;9.978;0;27.752;0;39.360;0;169.7;46:13.079;11:41:13.079;0:09.978;0:27.752;0:39.360;;Gabriel Aubry;;DPi;;JDC-Miller MotorSports;Cadillac;
85;1;21;1:14.417;0;;10.151;0;27.141;0;37.125;0;175.8;47:27.496;11:42:27.496;0:10.151;0:27.141;0:37.125;;Gabriel Aubry;;DPi;;JDC-Miller MotorSports;Cadillac;
85;1;22;1:13.499;0;;9.962;0;26.969;0;36.568;0;178.0;48:40.995;11:43:40.995;0:09.962;0:26.969;0:36.568;;Gabriel Aubry;;DPi;;JDC-Miller MotorSports;Cadillac;
85;1;23;1:14.182;0;;9.938;0;27.052;0;37.192;0;176.4;49:55.177;11:44:55.177;0:09.938;0:27.052;0:37.192;;Gabriel Aubry;;DPi;;JDC-Miller MotorSports;Cadillac;
85;1;24;1:14.736;0;;10.288;0;27.296;0;37.152;0;175.0;51:09.913;11:46:09.913;0:10.288;0:27.296;0:37.152;;Gabriel Aubry;;DPi;;JDC-Miller MotorSports;Cadillac;
85;1;25;1:15.078;0;;10.063;0;27.477;0;37.538;0;174.2;52:24.991;11:47:24.991;0:10.063;0:27.477;0:37.538;;Gabriel Aubry;;DPi;;JDC-Miller MotorSports;Cadillac;
85;1;26;1:14.199;0;;10.130;0;27.209;0;36.860;0;176.3;53:39.190;11:48:39.190;0:10.130;0:27.209;0:36.860;;Gabriel Aubry;;DPi;;JDC-Miller MotorSports;Cadillac;
85;1;27;1:14.808;0;;9.965;0;27.086;0;37.757;0;174.9;54:53.998;11:49:53.998;0:09.965;0:27.086;0:37.757;;Gabriel Aubry;;DPi;;JDC-Miller MotorSports;Cadillac;
85;1;28;1:14.333;0;;10.203;0;27.256;0;36.874;0;176.0;56:08.331;11:51:08.331;0:10.203;0:27.256;0:36.874;;Gabriel Aubry;;DPi;;JDC-Miller MotorSports;Cadillac;
85;1;29;1:23.204;0;B;10.008;0;27.313;0;45.883;0;157.2;57:31.535;11:52:31.535;0:10.008;0:27.313;0:45.883;;Gabriel Aubry;;DPi;;JDC-Miller MotorSports;Cadillac;
85;1;30;5:05.610;0;;3:53.704;0;31.589;0;40.317;0;42.8;1:02:37.145;11:57:37.145;3:53.704;0:31.589;0:40.317;;Gabriel Aubry;0:03:53.370;DPi;;JDC-Miller MotorSports;Cadillac;
85;1;31;1:16.141;0;;10.495;0;28.217;0;37.429;0;171.8;1:03:53.286;11:58:53.286;0:10.495;0:28.217;0:37.429;;Gabriel Aubry;;DPi;;JDC-Miller MotorSports;Cadillac;
85;1;32;1:14.822;0;;10.106;0;27.309;0;37.407;0;174.8;1:05:08.108;12:00:08.108;0:10.106;0:27.309;0:37.407;;Gabriel Aubry;;DPi;;JDC-Miller MotorSports;Cadillac;
85;1;33;1:13.264;0;;10.280;0;26.978;0;36.006;0;178.6;1:06:21.372;12:01:21.372;0:10.280;0:26.978;0:36.006;;Gabriel Aubry;;DPi;;JDC-Miller MotorSports;Cadillac;
85;1;34;1:12.743;0;;9.857;0;26.927;0;35.959;0;179.8;1:07:34.115;12:02:34.115;0:09.857;0:26.927;0:35.959;;Gabriel Aubry;;DPi;;JDC-Miller MotorSports;Cadillac;
85;1;35;1:15.664;0;;9.871;0;26.780;1;39.013;0;172.9;1:08:49.779;12:03:49.779;0:09.871;0:26.780;0:39.013;;Gabriel Aubry;;DPi;;JDC-Miller MotorSports;Cadillac;
85;1;36;1:12.554;2;;9.809;0;26.850;0;35.895;2;180.3;1:10:02.333;12:05:02.333;0:09.809;0:26.850;0:35.895;;Gabriel Aubry;;DPi;;JDC-Miller MotorSports;Cadillac;
85;1;37;1:12.939;0;;9.797;0;26.850;0;36.292;0;179.4;1:11:15.272;12:06:15.272;0:09.797;0:26.850;0:36.292;;Gabriel Aubry;;DPi;;JDC-Miller MotorSports;Cadillac;
85;1;38;1:12.659;0;;9.869;0;26.820;0;35.970;0;180.0;1:12:27.931;12:07:27.931;0:09.869;0:26.820;0:35.970;;Gabriel Aubry;;DPi;;JDC-Miller MotorSports;Cadillac;
85;1;39;1:12.795;0;;9.764;1;26.875;0;36.156;0;179.7;1:13:40.726;12:08:40.726;0:09.764;0:26.875;0:36.156;;Gabriel Aubry;;DPi;;JDC-Miller MotorSports;Cadillac;
85;1;40;1:25.956;0;B;10.456;0;28.722;0;46.778;0;152.2;1:15:06.682;12:10:06.682;0:10.456;0:28.722;0:46.778;;Gabriel Aubry;;DPi;;JDC-Miller MotorSports;Cadillac;
86;2;1;1:44.278;0;;27.035;0;33.128;0;44.115;0;125.5;1:44.278;10:56:44.278;0:27.035;0:33.128;0:44.115;;Matt McMurry;0:00:15.757;GTD;;Meyer Shank Racing w/Curb-Agajanian;Acura;
86;2;2;1:25.252;0;;12.132;0;31.002;0;42.118;0;153.5;3:09.530;10:58:09.530;0:12.132;0:31.002;0:42.118;;Matt McMurry;;GTD;;Meyer Shank Racing w/Curb-Agajanian;Acura;
86;2;3;1:23.978;0;;12.056;0;30.550;0;41.372;0;155.8;4:33.508;10:59:33.508;0:12.056;0:30.550;0:41.372;;Matt McMurry;;GTD;;Meyer Shank Racing w/Curb-Agajanian;Acura;
86;2;4;1:23.121;0;;11.906;0;30.254;0;40.961;0;157.4;5:56.629;11:00:56.629;0:11.906;0:30.254;0:40.961;;Matt McMurry;;GTD;;Meyer Shank Racing w/Curb-Agajanian;Acura;
86;2;5;1:22.782;0;;11.800;0;30.197;0;40.785;0;158.0;7:19.411;11:02:19.411;0:11.800;0:30.197;0:40.785;;Matt McMurry;;GTD;;Meyer Shank Racing w/Curb-Agajanian;Acura;
86;2;6;1:22.588;0;;11.770;0;30.132;0;40.686;0;158.4;8:41.999;11:03:41.999;0:11.770;0:30.132;0:40.686;;Matt McMurry;;GTD;;Meyer Shank Racing w/Curb-Agajanian;Acura;
86;2;7;1:30.021;0;B;11.771;0;30.114;0;48.136;0;145.3;10:12.020;11:05:12.020;0:11.771;0:30.114;0:48.136;;Matt McMurry;;GTD;;Meyer Shank Racing w/Curb-Agajanian;Acura;
86;2;8;2:51.221;0;;1:36.399;0;32.814;0;42.008;0;76.4;13:03.241;11:08:03.241;1:36.399;0:32.814;0:42.008;;Matt McMurry;0:01:34.666;GTD;;Meyer Shank Racing w/Curb-Agajanian;Acura;
86;2;9;1:22.734;0;;11.920;0;30.446;0;40.368;0;158.1;14:25.975;11:09:25.975;0:11.920;0:30.446;0:40.368;;Matt McMurry;;GTD;;Meyer Shank Racing w/Curb-Agajanian;Acura;
86;2;10;1:21.382;0;;11.701;0;29.832;0;39.849;0;160.7;15:47.357;11:10:47.357;0:11.701;0:29.832;0:39.849;;Matt McMurry;;GTD;;Meyer Shank Racing w/Curb-Agajanian;Acura;
86;2;11;1:21.394;0;;11.535;0;29.597;2;40.262;0;160.7;17:08.751;11:12:08.751;0:11.535;0:29.597;0:40.262;;Matt McMurry;;GTD;;Meyer Shank Racing w/Curb-Agajanian;Acura;
86;2;12;1:21.070;2;;11.544;0;29.713;0;39.813;2;161.4;18:29.821;11:13:29.821;0:11.544;0:29.713;0:39.813;;Matt McMurry;;GTD;;Meyer Shank Racing w/Curb-Agajanian;Acura;
86;2;13;1:21.468;0;;11.482;2;29.693;0;40.293;0;160.6;19:51.289;11:14:51.289;0:11.482;0:29.693;0:40.293;;Matt McMurry;;GTD;;Meyer Shank Racing w/Curb-Agajanian;Acura;
86;2;14;1:28.462;0;B;11.619;0;29.871;0;46.972;0;147.9;21:19.751;11:16:19.751;0:11.619;0:29.871;0:46.972;;Matt McMurry;;GTD;;Meyer Shank Racing w/Curb-Agajanian;Acura;
86;2;15;4:43.278;0;;3:31.225;0;31.424;0;40.629;0;46.2;26:03.029;11:21:03.029;3:31.225;0:31.424;0:40.629;;Matt McMurry;0:03:31.814;GTD;;Meyer Shank Racing w/Curb-Agajanian;Acura;
86;2;16;1:22.182;0;;11.711;0;29.772;0;40.699;0;159.2;27:25.211;11:22:25.211;0:11.711;0:29.772;0:40.699;;Matt McMurry;;GTD;;Meyer Shank Racing w/Curb-Agajanian;Acura;
86;2;17;1:21.850;0;;11.720;0;29.767;0;40.363;0;159.8;28:47.061;11:23:47.061;0:11.720;0:29.767;0:40.363;;Matt McMurry;;GTD;;Meyer Shank Racing w/Curb-Agajanian;Acura;
86;2;18;1:29.343;0;B;11.667;0;29.782;0;47.894;0;146.4;30:16.404;11:25:16.404;0:11.667;0:29.782;0:47.894;;Matt McMurry;;GTD;;Meyer Shank Racing w/Curb-Agajanian;Acura;
86;1;19;3:48.829;0;;2:37.798;0;30.293;0;40.738;0;57.2;34:05.233;11:29:05.233;2:37.798;0:30.293;0:40.738;;Mario Farnbacher;0:02:38.648;GTD;;Meyer Shank Racing w/Curb-Agajanian;Acura;
86;1;20;1:21.951;0;;11.706;0;29.812;0;40.433;1;159.6;35:27.184;11:30:27.184;0:11.706;0:29.812;0:40.433;;Mario Farnbacher;;GTD;;Meyer Shank Racing w/Curb-Agajanian;Acura;
86;1;21;1:22.058;0;;11.770;0;29.806;0;40.482;0;159.4;36:49.242;11:31:49.242;0:11.770;0:29.806;0:40.482;;Mario Farnbacher;;GTD;;Meyer Shank Racing w/Curb-Agajanian;Acura;
86;1;22;1:22.193;0;;11.748;0;29.757;1;40.688;0;159.2;38:11.435;11:33:11.435;0:11.748;0:29.757;0:40.688;;Mario Farnbacher;;GTD;;Meyer Shank Racing w/Curb-Agajanian;Acura;
86;1;23;1:23.599;0;;11.732;0;30.185;0;41.682;0;156.5;39:35.034;11:34:35.034;0:11.732;0:30.185;0:41.682;;Mario Farnbacher;;GTD;;Meyer Shank Racing w/Curb-Agajanian;Acura;
86;1;24;1:22.122;0;;11.694;0;29.876;0;40.552;0;159.3;40:57.156;11:35:57.156;0:11.694;0:29.876;0:40.552;;Mario Farnbacher;;GTD;;Meyer Shank Racing w/Curb-Agajanian;Acura;
86;1;25;1:22.418;0;;11.628;0;29.818;0;40.972;0;158.7;42:19.574;11:37:19.574;0:11.628;0:29.818;0:40.972;;Mario Farnbacher;;GTD;;Meyer Shank Racing w/Curb-Agajanian;Acura;
86;1;26;1:22.810;0;;11.748;0;30.059;0;41.003;0;158.0;43:42.384;11:38:42.384;0:11.748;0:30.059;0:41.003;;Mario Farnbacher;;GTD;;Meyer Shank Racing w/Curb-Agajanian;Acura;
86;1;27;1:28.648;0;B;11.661;0;29.878;0;47.109;0;147.6;45:11.032;11:40:11.032;0:11.661;0:29.878;0:47.109;;Mario Farnbacher;;GTD;;Meyer Shank Racing w/Curb-Agajanian;Acura;
86;1;28;4:31.998;0;;3:20.674;0;30.536;0;40.788;0;48.1;49:43.030;11:44:43.030;3:20.674;0:30.536;0:40.788;;Mario Farnbacher;0:03:21.676;GTD;;Meyer Shank Racing w/Curb-Agajanian;Acura;
86;1;29;1:22.652;0;;11.748;0;30.262;0;40.642;0;158.3;51:05.682;11:46:05.682;0:11.748;0:30.262;0:40.642;;Mario Farnbacher;;GTD;;Meyer Shank Racing w/Curb-Agajanian;Acura;
86;1;30;1:28.813;0;B;11.592;1;29.911;0;47.310;0;147.3;52:34.495;11:47:34.495;0:11.592;0:29.911;0:47.310;;Mario Farnbacher;;GTD;;Meyer Shank Racing w/Curb-Agajanian;Acura;
86;1;31;4:21.788;0;;3:10.649;0;30.402;0;40.737;0;50.0;56:56.283;11:51:56.283;3:10.649;0:30.402;0:40.737;;Mario Farnbacher;0:03:11.778;GTD;;Meyer Shank Racing w/Curb-Agajanian;Acura;
86;1;32;1:22.400;0;;11.638;0;29.759;0;41.003;0;158.8;58:18.683;11:53:18.683;0:11.638;0:29.759;0:41.003;;Mario Farnbacher;;GTD;;Meyer Shank Racing w/Curb-Agajanian;Acura;
86;1;33;1:22.597;0;;11.605;0;29.965;0;41.027;0;158.4;59:41.280;11:54:41.280;0:11.605;0:29.965;0:41.027;;Mario Farnbacher;;GTD;;Meyer Shank Racing w/Curb-Agajanian;Acura;
86;1;34;1:29.743;0;B;11.689;0;29.812;0;48.242;0;145.8;1:01:11.023;11:56:11.023;0:11.689;0:29.812;0:48.242;;Mario Farnbacher;;GTD;;Meyer Shank Racing w/Curb-Agajanian;Acura;
96;2;1;1:48.235;0;;22.058;0;37.617;0;48.560;0;120.9;1:48.235;10:56:48.235;0:22.058;0:37.617;0:48.560;;Robby Foley;0:00:09.605;GTD;;Turner Motorsport;BMW;
96;2;2;1:28.414;0;;12.228;0;31.129;0;45.057;0;148.0;3:16.649;10:58:16.649;0:12.228;0:31.129;0:45.057;;Robby Foley;;GTD;;Turner Motorsport;BMW;
96;2;3;1:23.194;0;;11.801;0;30.284;0;41.109;0;157.2;4:39.843;10:59:39.843;0:11.801;0:30.284;0:41.109;;Robby Foley;;GTD;;Turner Motorsport;BMW;
96;2;4;1:22.045;0;;11.691;0;29.922;0;40.432;0;159.4;6:01.888;11:01:01.888;0:11.691;0:29.922;0:40.432;;Robby Foley;;GTD;;Turner Motorsport;BMW;
96;2;5;1:21.597;0;;11.561;0;29.866;0;40.170;0;160.3;7:23.485;11:02:23.485;0:11.561;0:29.866;0:40.170;;Robby Foley;;GTD;;Turner Motorsport;BMW;
96;2;6;1:21.432;0;;11.526;0;29.697;0;40.209;0;160.6;8:44.917;11:03:44.917;0:11.526;0:29.697;0:40.209;;Robby Foley;;GTD;;Turner Motorsport;BMW;
96;2;7;1:21.113;0;;11.489;0;29.597;0;40.027;0;161.3;10:06.030;11:05:06.030;0:11.489;0:29.597;0:40.027;;Robby Foley;;GTD;;Turner Motorsport;BMW;
96;2;8;1:21.882;0;;11.513;0;29.786;0;40.583;0;159.8;11:27.912;11:06:27.912;0:11.513;0:29.786;0:40.583;;Robby Foley;;GTD;;Turner Motorsport;BMW;
96;2;9;1:21.075;2;;11.465;2;29.709;0;39.901;2;161.4;12:48.987;11:07:48.987;0:11.465;0:29.709;0:39.901;;Robby Foley;;GTD;;Turner Motorsport;BMW;
96;2;10;6:35.849;0;B;11.494;0;30.062;0;5:54.293;0;33.0;19:24.836;11:14:24.836;0:11.494;0:30.062;5:54.293;;Robby Foley;;GTD;;Turner Motorsport;BMW;
96;2;11;1:35.727;0;;24.064;0;30.699;0;40.964;0;136.7;21:00.563;11:16:00.563;0:24.064;0:30.699;0:40.964;;Robby Foley;0:05:31.149;GTD;;Turner Motorsport;BMW;
96;2;12;1:22.128;0;;11.701;0;29.877;0;40.550;0;159.3;22:22.691;11:17:22.691;0:11.701;0:29.877;0:40.550;;Robby Foley;;GTD;;Turner Motorsport;BMW;
96;2;13;1:21.903;0;;11.583;0;29.926;0;40.394;0;159.7;23:44.594;11:18:44.594;0:11.583;0:29.926;0:40.394;;Robby Foley;;GTD;;Turner Motorsport;BMW;
96;2;14;1:21.361;0;;11.584;0;29.742;0;40.035;0;160.8;25:05.955;11:20:05.955;0:11.584;0:29.742;0:40.035;;Robby Foley;;GTD;;Turner Motorsport;BMW;
96;2;15;1:21.668;0;;11.497;0;29.587;2;40.584;0;160.2;26:27.623;11:21:27.623;0:11.497;0:29.587;0:40.584;;Robby Foley;;GTD;;Turner Motorsport;BMW;
96;2;16;3:40.612;0;B;11.582;0;29.706;0;2:59.324;0;59.3;30:08.235;11:25:08.235;0:11.582;0:29.706;2:59.324;;Robby Foley;;GTD;;Turner Motorsport;BMW;
96;1;17;1:36.411;0;;24.447;0;31.003;0;40.961;0;135.7;31:44.646;11:26:44.646;0:24.447;0:31.003;0:40.961;;Bill Auberlen;0:02:36.137;GTD;;Turner Motorsport;BMW;
96;1;18;1:23.055;0;;11.677;0;29.939;0;41.439;0;157.5;33:07.701;11:28:07.701;0:11.677;0:29.939;0:41.439;;Bill Auberlen;;GTD;;Turner Motorsport;BMW;
96;1;19;1:22.542;0;;11.782;0;30.081;0;40.679;0;158.5;34:30.243;11:29:30.243;0:11.782;0:30.081;0:40.679;;Bill Auberlen;;GTD;;Turner Motorsport;BMW;
96;1;20;1:22.293;0;;11.575;0;29.994;0;40.724;0;159.0;35:52.536;11:30:52.536;0:11.575;0:29.994;0:40.724;;Bill Auberlen;;GTD;;Turner Motorsport;BMW;
96;1;21;1:22.004;0;;11.534;1;29.939;0;40.531;1;159.5;37:14.540;11:32:14.540;0:11.534;0:29.939;0:40.531;;Bill Auberlen;;GTD;;Turner Motorsport;BMW;
96;1;22;6:40.165;0;B;11.570;0;29.744;1;5:58.851;0;32.7;43:54.705;11:38:54.705;0:11.570;0:29.744;5:58.851;;Bill Auberlen;;GTD;;Turner Motorsport;BMW;
96;1;23;1:36.439;0;;24.146;0;31.145;0;41.148;0;135.7;45:31.144;11:40:31.144;0:24.146;0:31.145;0:41.148;;Bill Auberlen;0:05:34.891;GTD;;Turner Motorsport;BMW;
96;1;24;1:23.066;0;;11.784;0;30.203;0;41.079;0;157.5;46:54.210;11:41:54.210;0:11.784;0:30.203;0:41.079;;Bill Auberlen;;GTD;;Turner Motorsport;BMW;
96;1;25;2:13.678;0;B;11.675;0;30.140;0;1:31.863;0;97.9;49:07.888;11:44:07.888;0:11.675;0:30.140;1:31.863;;Bill Auberlen;;GTD;;Turner Motorsport;BMW;
96;1;26;1:35.452;0;;23.684;0;30.796;0;40.972;0;137.1;50:43.340;11:45:43.340;0:23.684;0:30.796;0:40.972;;Bill Auberlen;0:01:07.426;GTD;;Turner Motorsport;BMW;
96;1;27;1:22.797;0;;11.595;0;30.022;0;41.180;0;158.0;52:06.137;11:47:06.137;0:11.595;0:30.022;0:41.180;;Bill Auberlen;;GTD;;Turner Motorsport;BMW;
96;1;28;1:22.794;0;;11.653;0;30.228;0;40.913;0;158.0;53:28.931;11:48:28.931;0:11.653;0:30.228;0:40.913;;Bill Auberlen;;GTD;;Turner Motorsport;BMW;
96;1;29;2:09.112;0;B;11.660;0;30.035;0;1:27.417;0;101.3;55:38.043;11:50:38.043;0:11.660;0:30.035;1:27.417;;Bill Auberlen;;GTD;;Turner Motorsport;BMW;
96;1;30;1:35.925;0;;23.468;0;31.202;0;41.255;0;136.4;57:13.968;11:52:13.968;0:23.468;0:31.202;0:41.255;;Bill Auberlen;0:01:03.599;GTD;;Turner Motorsport;BMW;
96;1;31;1:23.313;0;;11.687;0;30.313;0;41.313;0;157.0;58:37.281;11:53:37.281;0:11.687;0:30.313;0:41.313;;Bill Auberlen;;GTD;;Turner Motorsport;BMW;
96;1;32;1:22.842;0;;11.568;0;30.053;0;41.221;0;157.9;1:00:00.123;11:55:00.123;0:11.568;0:30.053;0:41.221;;Bill Auberlen;;GTD;;Turner Motorsport;BMW;
96;1;33;5:04.999;0;B;11.619;0;30.038;0;4:23.342;0;42.9;1:05:05.122;12:00:05.122;0:11.619;0:30.038;4:23.342;;Bill Auberlen;;GTD;;Turner Motorsport;BMW;
