NUMBER; DRIVER_NUMBER; LAP_NUMBER; LAP_TIME; LAP_IMPROVEMENT; CROSSING_FINISH_LINE_IN_PIT; S1; S1_IMPROVEMENT; S2; S2_IMPROVEMENT; S3; S3_IMPROVEMENT; KPH; ELAPSED; HOUR;S1_LARGE;S2_LARGE;S3_LARGE;TOP_SPEED;DRIVER_NAME;PIT_TIME;CLASS;GROUP;TEAM;MANUFACTURER;
10;2;1;2:47.656;0;;1:13.733;0;49.714;0;44.209;0;117.8;2:47.656;09:17:47.656;1:13.733;0:49.714;0:44.209;114.0;Riccardo PONZIO;0:00:29.055;LMP3;;Oregon Team;Norma;
10;2;2;2:05.102;0;;40.610;0;41.476;0;43.016;0;166.7;4:52.758;09:19:52.758;0:40.610;0:41.476;0:43.016;169.8;Riccardo PONZIO;;LMP3;;Oregon Team;Norma;
10;2;3;1:56.673;0;;36.668;0;38.926;0;41.079;0;178.7;6:49.431;09:21:49.431;0:36.668;0:38.926;0:41.079;229.3;Riccardo PONZIO;;LMP3;;Oregon Team;Norma;
10;2;4;1:51.247;0;;35.648;0;37.898;0;37.701;0;187.5;8:40.678;09:23:40.678;0:35.648;0:37.898;0:37.701;253.5;Riccardo PONZIO;;LMP3;;Oregon Team;Norma;
10;2;5;1:49.644;0;;34.959;0;37.719;0;36.966;0;190.2;10:30.322;09:25:30.322;0:34.959;0:37.719;0:36.966;270.0;Riccardo PONZIO;;LMP3;;Oregon Team;Norma;
10;2;6;1:50.305;0;;34.688;0;38.644;0;36.973;0;189.1;12:20.627;09:27:20.627;0:34.688;0:38.644;0:36.973;270.7;Riccardo PONZIO;;LMP3;;Oregon Team;Norma;
10;2;7;1:49.578;0;;34.600;0;37.404;0;37.574;0;190.3;14:10.205;09:29:10.205;0:34.600;0:37.404;0:37.574;271.4;Riccardo PONZIO;;LMP3;;Oregon Team;Norma;
10;2;8;1:48.280;0;;34.757;0;36.970;0;36.553;0;192.6;15:58.485;09:30:58.485;0:34.757;0:36.970;0:36.553;267.3;Riccardo PONZIO;;LMP3;;Oregon Team;Norma;
10;2;9;1:49.170;0;;35.190;0;37.039;0;36.941;0;191.0;17:47.655;09:32:47.655;0:35.190;0:37.039;0:36.941;244.3;Riccardo PONZIO;;LMP3;;Oregon Team;Norma;
10;2;10;1:49.906;0;;34.709;0;38.442;0;36.755;0;189.8;19:37.561;09:34:37.561;0:34.709;0:38.442;0:36.755;272.7;Riccardo PONZIO;;LMP3;;Oregon Team;Norma;
10;2;11;1:49.002;0;;35.283;0;37.032;0;36.687;0;191.3;21:26.563;09:36:26.563;0:35.283;0:37.032;0:36.687;272.7;Riccardo PONZIO;;LMP3;;Oregon Team;Norma;
10;2;12;1:47.402;2;;34.416;0;36.668;0;36.318;0;194.2;23:13.965;09:38:13.965;0:34.416;0:36.668;0:36.318;272.7;Riccardo PONZIO;;LMP3;;Oregon Team;Norma;
10;2;13;1:47.841;0;;34.410;2;36.845;0;36.586;0;193.4;25:01.806;09:40:01.806;0:34.410;0:36.845;0:36.586;273.4;Riccardo PONZIO;;LMP3;;Oregon Team;Norma;
10;2;14;1:47.738;0;;34.889;0;36.585;2;36.264;2;193.6;26:49.544;09:41:49.544;0:34.889;0:36.585;0:36.264;274.1;Riccardo PONZIO;;LMP3;;Oregon Team;Norma;
10;2;15;2:37.539;0;B;35.298;0;38.202;0;1:24.039;0;132.4;29:27.083;09:44:27.083;0:35.298;0:38.202;1:24.039;274.1;Riccardo PONZIO;;LMP3;;Oregon Team;Norma;
10;0;16;3:39.327;0;;2:22.456;0;38.615;0;38.256;0;95.1;33:06.410;09:48:06.410;2:22.456;0:38.615;0:38.256;200.0;Clément MATEU;0:01:48.882;LMP3;;Oregon Team;Norma;
10;0;17;1:51.664;0;;35.623;0;37.861;0;38.180;0;186.8;34:58.074;09:49:58.074;0:35.623;0:37.861;0:38.180;258.4;Clément MATEU;;LMP3;;Oregon Team;Norma;
10;0;18;1:55.598;0;;35.631;0;41.916;0;38.051;0;180.4;36:53.672;09:51:53.672;0:35.631;0:41.916;0:38.051;266.7;Clément MATEU;;LMP3;;Oregon Team;Norma;
10;0;19;1:50.950;0;;35.590;0;37.631;0;37.729;0;188.0;38:44.622;09:53:44.622;0:35.590;0:37.631;0:37.729;259.6;Clément MATEU;;LMP3;;Oregon Team;Norma;
10;0;20;1:50.807;0;;35.752;0;37.336;1;37.719;0;188.2;40:35.429;09:55:35.429;0:35.752;0:37.336;0:37.719;251.7;Clément MATEU;;LMP3;;Oregon Team;Norma;
10;0;21;1:49.969;0;;35.079;1;37.365;0;37.525;0;189.6;42:25.398;09:57:25.398;0:35.079;0:37.365;0:37.525;268.7;Clément MATEU;;LMP3;;Oregon Team;Norma;
10;0;22;1:50.213;0;;35.260;0;37.365;0;37.588;0;189.2;44:15.611;09:59:15.611;0:35.260;0:37.365;0:37.588;268.0;Clément MATEU;;LMP3;;Oregon Team;Norma;
10;0;23;1:50.661;0;;35.459;0;37.693;0;37.509;1;188.5;46:06.272;10:01:06.272;0:35.459;0:37.693;0:37.509;264.7;Clément MATEU;;LMP3;;Oregon Team;Norma;
10;0;24;1:50.156;0;;35.372;0;37.512;0;37.272;0;189.3;47:56.428;10:02:56.428;0:35.372;0:37.512;0:37.272;267.3;Clément MATEU;;LMP3;;Oregon Team;Norma;
10;0;25;4:22.786;0;B;1:20.757;0;1:25.869;0;1:36.160;0;79.4;52:19.214;10:07:19.214;1:20.757;1:25.869;1:36.160;79.2;Clément MATEU;;LMP3;;Oregon Team;Norma;
10;0;26;6:58.294;0;;5:40.379;0;39.452;0;38.463;0;49.9;59:17.508;10:14:17.508;5:40.379;0:39.452;0:38.463;203.8;Clément MATEU;0:05:08.662;LMP3;;Oregon Team;Norma;
10;0;27;2:00.472;0;B;36.196;0;37.794;0;46.482;0;173.1;1:01:17.980;10:16:17.980;0:36.196;0:37.794;0:46.482;240.5;Clément MATEU;;LMP3;;Oregon Team;Norma;
10;1;28;3:47.957;0;;2:31.411;0;38.538;0;38.008;0;91.5;1:05:05.937;10:20:05.937;2:31.411;0:38.538;0:38.008;108.0;Andres MENDEZ;0:01:50.988;LMP3;;Oregon Team;Norma;
10;1;29;1:50.420;0;;35.438;0;37.585;0;37.397;0;188.9;1:06:56.357;10:21:56.357;0:35.438;0:37.585;0:37.397;254.1;Andres MENDEZ;;LMP3;;Oregon Team;Norma;
10;1;30;1:51.957;0;;34.931;0;39.782;0;37.244;0;186.3;1:08:48.314;10:23:48.314;0:34.931;0:39.782;0:37.244;262.8;Andres MENDEZ;;LMP3;;Oregon Team;Norma;
10;1;31;1:49.256;0;;34.837;0;37.045;0;37.374;0;190.9;1:10:37.570;10:25:37.570;0:34.837;0:37.045;0:37.374;265.4;Andres MENDEZ;;LMP3;;Oregon Team;Norma;
10;1;32;1:49.499;0;;35.067;0;37.119;0;37.313;0;190.5;1:12:27.069;10:27:27.069;0:35.067;0:37.119;0:37.313;268.0;Andres MENDEZ;;LMP3;;Oregon Team;Norma;
10;1;33;1:49.149;0;;34.999;0;37.431;0;36.719;1;191.1;1:14:16.218;10:29:16.218;0:34.999;0:37.431;0:36.719;267.3;Andres MENDEZ;;LMP3;;Oregon Team;Norma;
10;1;34;2:43.617;0;;34.892;0;38.502;0;1:30.223;0;127.5;1:16:59.835;10:31:59.835;0:34.892;0:38.502;1:30.223;260.9;Andres MENDEZ;;LMP3;;Oregon Team;Norma;
10;1;35;3:35.914;0;;1:28.046;0;1:22.505;0;45.363;0;96.6;1:20:35.749;10:35:35.749;1:28.046;1:22.505;0:45.363;79.1;Andres MENDEZ;;LMP3;;Oregon Team;Norma;
10;1;36;1:50.868;0;;35.105;0;38.680;0;37.083;0;188.1;1:22:26.617;10:37:26.617;0:35.105;0:38.680;0:37.083;264.7;Andres MENDEZ;;LMP3;;Oregon Team;Norma;
10;1;37;1:48.929;0;;34.973;0;36.902;1;37.054;0;191.5;1:24:15.546;10:39:15.546;0:34.973;0:36.902;0:37.054;267.3;Andres MENDEZ;;LMP3;;Oregon Team;Norma;
10;1;38;1:48.556;0;;34.790;1;36.962;0;36.804;0;192.1;1:26:04.102;10:41:04.102;0:34.790;0:36.962;0:36.804;270.7;Andres MENDEZ;;LMP3;;Oregon Team;Norma;
10;1;39;1:48.765;0;;34.857;0;36.922;0;36.986;0;191.7;1:27:52.867;10:42:52.867;0:34.857;0:36.922;0:36.986;266.0;Andres MENDEZ;;LMP3;;Oregon Team;Norma;
10;1;40;1:49.390;0;;35.187;0;37.289;0;36.914;0;190.6;1:29:42.257;10:44:42.257;0:35.187;0:37.289;0:36.914;275.5;Andres MENDEZ;;LMP3;;Oregon Team;Norma;
10;1;41;1:49.485;0;;35.691;0;37.058;0;36.736;0;190.5;1:31:31.742;10:46:31.742;0:35.691;0:37.058;0:36.736;264.7;Andres MENDEZ;;LMP3;;Oregon Team;Norma;
11;0;1;13:46.793;0;;12:29.878;0;38.709;0;38.206;0;23.9;13:46.793;09:28:46.793;12:29.878;0:38.709;0:38.206;206.5;Giorgio MONDINI;0:11:53.197;LMP3;;EuroInternational;Ligier;
11;0;2;1:49.422;0;;35.251;0;37.159;0;37.012;0;190.6;15:36.215;09:30:36.215;0:35.251;0:37.159;0:37.012;268.0;Giorgio MONDINI;;LMP3;;EuroInternational;Ligier;
11;0;3;1:49.111;0;;34.828;0;37.271;0;37.012;0;191.1;17:25.326;09:32:25.326;0:34.828;0:37.271;0:37.012;270.0;Giorgio MONDINI;;LMP3;;EuroInternational;Ligier;
11;0;4;1:49.292;0;;34.805;0;37.699;0;36.788;0;190.8;19:14.618;09:34:14.618;0:34.805;0:37.699;0:36.788;272.7;Giorgio MONDINI;;LMP3;;EuroInternational;Ligier;
11;0;5;1:52.337;0;;34.750;0;39.307;0;38.280;0;185.6;21:06.955;09:36:06.955;0:34.750;0:39.307;0:38.280;272.0;Giorgio MONDINI;;LMP3;;EuroInternational;Ligier;
11;0;6;1:48.765;0;;34.730;0;36.981;0;37.054;0;191.7;22:55.720;09:37:55.720;0:34.730;0:36.981;0:37.054;273.4;Giorgio MONDINI;;LMP3;;EuroInternational;Ligier;
11;0;7;1:48.776;0;;35.207;0;36.850;0;36.719;0;191.7;24:44.496;09:39:44.496;0:35.207;0:36.850;0:36.719;272.7;Giorgio MONDINI;;LMP3;;EuroInternational;Ligier;
11;0;8;1:48.815;0;;35.221;0;36.761;0;36.833;0;191.7;26:33.311;09:41:33.311;0:35.221;0:36.761;0:36.833;272.7;Giorgio MONDINI;;LMP3;;EuroInternational;Ligier;
11;0;9;2:04.393;0;B;34.697;0;37.952;0;51.744;0;167.7;28:37.704;09:43:37.704;0:34.697;0:37.952;0:51.744;272.7;Giorgio MONDINI;;LMP3;;EuroInternational;Ligier;
11;0;10;5:07.363;0;;3:52.740;0;37.355;0;37.268;0;67.9;33:45.067;09:48:45.067;3:52.740;0:37.355;0:37.268;211.8;Giorgio MONDINI;0:03:22.764;LMP3;;EuroInternational;Ligier;
11;0;11;2:42.167;0;B;43.796;0;58.105;0;1:00.266;0;128.6;36:27.234;09:51:27.234;0:43.796;0:58.105;1:00.266;271.4;Giorgio MONDINI;;LMP3;;EuroInternational;Ligier;
11;0;12;8:37.557;0;;7:20.176;0;39.004;0;38.377;0;40.3;45:04.791;10:00:04.791;7:20.176;0:39.004;0:38.377;198.9;Giorgio MONDINI;0:06:48.560;LMP3;;EuroInternational;Ligier;
11;0;13;1:48.036;0;;34.980;0;36.513;0;36.543;0;193.0;46:52.827;10:01:52.827;0:34.980;0:36.513;0:36.543;269.3;Giorgio MONDINI;;LMP3;;EuroInternational;Ligier;
11;0;14;3:31.120;0;B;35.178;0;1:17.372;0;1:38.570;0;98.8;50:23.947;10:05:23.947;0:35.178;1:17.372;1:38.570;271.4;Giorgio MONDINI;;LMP3;;EuroInternational;Ligier;
11;1;15;9:35.766;0;;8:18.572;0;38.799;0;38.395;0;36.2;59:59.713;10:14:59.713;8:18.572;0:38.799;0:38.395;188.2;Kay VAN BERLO;0:07:48.109;LMP3;;EuroInternational;Ligier;
11;1;16;1:49.130;0;;35.173;0;37.062;0;36.895;0;191.1;1:01:48.843;10:16:48.843;0:35.173;0:37.062;0:36.895;269.3;Kay VAN BERLO;;LMP3;;EuroInternational;Ligier;
11;1;17;1:51.409;0;;34.937;0;37.945;0;38.527;0;187.2;1:03:40.252;10:18:40.252;0:34.937;0:37.945;0:38.527;272.0;Kay VAN BERLO;;LMP3;;EuroInternational;Ligier;
11;1;18;1:48.276;0;;34.841;0;36.812;1;36.623;1;192.6;1:05:28.528;10:20:28.528;0:34.841;0:36.812;0:36.623;271.4;Kay VAN BERLO;;LMP3;;EuroInternational;Ligier;
11;1;19;1:50.253;0;;34.936;0;38.206;0;37.111;0;189.2;1:07:18.781;10:22:18.781;0:34.936;0:38.206;0:37.111;272.7;Kay VAN BERLO;;LMP3;;EuroInternational;Ligier;
11;1;20;1:52.055;0;;35.082;0;37.151;0;39.822;0;186.1;1:09:10.836;10:24:10.836;0:35.082;0:37.151;0:39.822;273.4;Kay VAN BERLO;;LMP3;;EuroInternational;Ligier;
11;1;21;1:48.647;0;;35.176;0;36.837;0;36.634;0;192.0;1:10:59.483;10:25:59.483;0:35.176;0:36.837;0:36.634;270.0;Kay VAN BERLO;;LMP3;;EuroInternational;Ligier;
11;1;22;1:50.395;0;;34.972;0;36.881;0;38.542;0;188.9;1:12:49.878;10:27:49.878;0:34.972;0:36.881;0:38.542;270.7;Kay VAN BERLO;;LMP3;;EuroInternational;Ligier;
11;1;23;1:48.491;0;;34.769;1;36.936;0;36.786;0;192.2;1:14:38.369;10:29:38.369;0:34.769;0:36.936;0:36.786;272.7;Kay VAN BERLO;;LMP3;;EuroInternational;Ligier;
11;1;24;3:17.683;0;B;36.162;0;1:06.478;0;1:35.043;0;105.5;1:17:56.052;10:32:56.052;0:36.162;1:06.478;1:35.043;267.3;Kay VAN BERLO;;LMP3;;EuroInternational;Ligier;
11;0;25;4:01.480;0;;2:46.810;0;37.407;0;37.263;0;86.4;1:21:57.532;10:36:57.532;2:46.810;0:37.407;0:37.263;206.9;Giorgio MONDINI;0:02:15.985;LMP3;;EuroInternational;Ligier;
11;0;26;1:48.421;0;;35.326;0;36.720;0;36.375;2;192.4;1:23:45.953;10:38:45.953;0:35.326;0:36.720;0:36.375;272.0;Giorgio MONDINI;;LMP3;;EuroInternational;Ligier;
11;0;27;1:51.522;0;;35.057;0;38.648;0;37.817;0;187.0;1:25:37.475;10:40:37.475;0:35.057;0:38.648;0:37.817;271.4;Giorgio MONDINI;;LMP3;;EuroInternational;Ligier;
11;0;28;1:47.978;0;;34.626;0;36.469;2;36.883;0;193.1;1:27:25.453;10:42:25.453;0:34.626;0:36.469;0:36.883;272.7;Giorgio MONDINI;;LMP3;;EuroInternational;Ligier;
11;0;29;1:47.775;2;;34.563;2;36.780;0;36.432;0;193.5;1:29:13.228;10:44:13.228;0:34.563;0:36.780;0:36.432;272.0;Giorgio MONDINI;;LMP3;;EuroInternational;Ligier;
11;0;30;1:57.351;0;B;34.687;0;36.845;0;45.819;0;177.7;1:31:10.579;10:46:10.579;0:34.687;0:36.845;0:45.819;272.0;Giorgio MONDINI;;LMP3;;EuroInternational;Ligier;
12;1;1;3:19.261;0;;2:00.737;0;39.243;0;39.281;0;99.1;3:19.261;09:18:19.261;2:00.737;0:39.243;0:39.281;154.3;Maxwell HANRATTY;0:01:21.878;LMP3;;EuroInternational;Ligier;
12;1;2;1:52.356;0;;36.178;0;38.583;0;37.595;0;185.6;5:11.617;09:20:11.617;0:36.178;0:38.583;0:37.595;261.5;Maxwell HANRATTY;;LMP3;;EuroInternational;Ligier;
12;1;3;1:55.879;0;;39.766;0;38.384;0;37.729;0;180.0;7:07.496;09:22:07.496;0:39.766;0:38.384;0:37.729;268.7;Maxwell HANRATTY;;LMP3;;EuroInternational;Ligier;
12;1;4;1:50.576;0;;35.386;0;37.590;0;37.600;0;188.6;8:58.072;09:23:58.072;0:35.386;0:37.590;0:37.600;268.7;Maxwell HANRATTY;;LMP3;;EuroInternational;Ligier;
12;1;5;1:49.968;0;;35.143;0;37.275;0;37.550;0;189.6;10:48.040;09:25:48.040;0:35.143;0:37.275;0:37.550;272.7;Maxwell HANRATTY;;LMP3;;EuroInternational;Ligier;
12;1;6;1:55.006;0;;34.811;2;42.599;0;37.596;0;181.3;12:43.046;09:27:43.046;0:34.811;0:42.599;0:37.596;271.4;Maxwell HANRATTY;;LMP3;;EuroInternational;Ligier;
12;1;7;2:44.878;0;;34.903;0;1:32.317;0;37.658;0;126.5;15:27.924;09:30:27.924;0:34.903;1:32.317;0:37.658;270.7;Maxwell HANRATTY;;LMP3;;EuroInternational;Ligier;
12;1;8;1:49.504;0;;34.904;0;37.349;0;37.251;0;190.4;17:17.428;09:32:17.428;0:34.904;0:37.349;0:37.251;270.7;Maxwell HANRATTY;;LMP3;;EuroInternational;Ligier;
12;1;9;1:49.091;2;;34.817;0;37.038;0;37.236;1;191.2;19:06.519;09:34:06.519;0:34.817;0:37.038;0:37.236;272.7;Maxwell HANRATTY;;LMP3;;EuroInternational;Ligier;
12;1;10;1:49.184;0;;34.877;0;36.998;2;37.309;0;191.0;20:55.703;09:35:55.703;0:34.877;0:36.998;0:37.309;273.4;Maxwell HANRATTY;;LMP3;;EuroInternational;Ligier;
12;1;11;1:56.433;0;B;35.392;0;37.463;0;43.578;0;179.1;22:52.136;09:37:52.136;0:35.392;0:37.463;0:43.578;265.4;Maxwell HANRATTY;;LMP3;;EuroInternational;Ligier;
12;0;12;3:54.019;0;;2:34.521;0;40.899;0;38.599;0;89.1;26:46.155;09:41:46.155;2:34.521;0:40.899;0:38.599;183.4;Andrea DROMEDARI;0:01:58.508;LMP3;;EuroInternational;Ligier;
12;0;13;2:23.561;0;B;35.098;0;38.659;0;1:09.804;0;145.3;29:09.716;09:44:09.716;0:35.098;0:38.659;1:09.804;271.4;Andrea DROMEDARI;;LMP3;;EuroInternational;Ligier;
12;0;14;4:06.329;0;;2:49.175;0;39.144;0;38.010;0;84.7;33:16.045;09:48:16.045;2:49.175;0:39.144;0:38.010;210.9;Andrea DROMEDARI;0:02:18.841;LMP3;;EuroInternational;Ligier;
12;0;15;1:57.603;0;;38.865;0;39.911;0;38.827;0;177.3;35:13.648;09:50:13.648;0:38.865;0:39.911;0:38.827;271.4;Andrea DROMEDARI;;LMP3;;EuroInternational;Ligier;
12;0;16;1:50.236;0;;35.098;0;37.590;0;37.548;0;189.2;37:03.884;09:52:03.884;0:35.098;0:37.590;0:37.548;272.7;Andrea DROMEDARI;;LMP3;;EuroInternational;Ligier;
12;0;17;1:50.455;0;;34.862;1;37.965;0;37.628;0;188.8;38:54.339;09:53:54.339;0:34.862;0:37.965;0:37.628;274.1;Andrea DROMEDARI;;LMP3;;EuroInternational;Ligier;
12;0;18;1:49.684;0;;34.941;0;37.413;0;37.330;0;190.1;40:44.023;09:55:44.023;0:34.941;0:37.413;0:37.330;273.4;Andrea DROMEDARI;;LMP3;;EuroInternational;Ligier;
12;0;19;1:50.778;0;;35.186;0;38.286;0;37.306;0;188.3;42:34.801;09:57:34.801;0:35.186;0:38.286;0:37.306;272.0;Andrea DROMEDARI;;LMP3;;EuroInternational;Ligier;
12;0;20;1:49.407;0;;34.953;0;37.246;1;37.208;2;190.6;44:24.208;09:59:24.208;0:34.953;0:37.246;0:37.208;272.0;Andrea DROMEDARI;;LMP3;;EuroInternational;Ligier;
12;0;21;1:57.505;0;B;35.051;0;37.267;0;45.187;0;177.5;46:21.713;10:01:21.713;0:35.051;0:37.267;0:45.187;272.0;Andrea DROMEDARI;;LMP3;;EuroInternational;Ligier;
12;0;22;12:39.026;0;;11:20.670;0;39.363;0;38.993;0;27.5;59:00.739;10:14:00.739;11:20.670;0:39.363;0:38.993;193.2;Andrea DROMEDARI;0:10:47.615;LMP3;;EuroInternational;Ligier;
12;0;23;1:54.261;0;;37.669;0;38.567;0;38.025;0;182.5;1:00:55.000;10:15:55.000;0:37.669;0:38.567;0:38.025;246.0;Andrea DROMEDARI;;LMP3;;EuroInternational;Ligier;
12;0;24;1:52.270;0;;36.381;0;37.785;0;38.104;0;185.8;1:02:47.270;10:17:47.270;0:36.381;0:37.785;0:38.104;265.4;Andrea DROMEDARI;;LMP3;;EuroInternational;Ligier;
12;0;25;1:51.166;0;;35.447;0;37.631;0;38.088;0;187.6;1:04:38.436;10:19:38.436;0:35.447;0:37.631;0:38.088;268.7;Andrea DROMEDARI;;LMP3;;EuroInternational;Ligier;
12;0;26;1:51.635;0;;35.444;0;37.726;0;38.465;0;186.8;1:06:30.071;10:21:30.071;0:35.444;0:37.726;0:38.465;270.7;Andrea DROMEDARI;;LMP3;;EuroInternational;Ligier;
12;0;27;1:50.972;0;;35.324;0;37.885;0;37.763;0;187.9;1:08:21.043;10:23:21.043;0:35.324;0:37.885;0:37.763;268.7;Andrea DROMEDARI;;LMP3;;EuroInternational;Ligier;
12;0;28;1:59.175;0;B;35.441;0;38.211;0;45.523;0;175.0;1:10:20.218;10:25:20.218;0:35.441;0:38.211;0:45.523;264.7;Andrea DROMEDARI;;LMP3;;EuroInternational;Ligier;
13;0;1;2:37.784;0;;1:15.692;0;42.518;0;39.574;0;125.1;2:37.784;09:17:37.784;1:15.692;0:42.518;0:39.574;143.4;Jakub SMIECHOWSKI;0:00:32.822;LMP3;;Inter Europol Competition;Ligier;
13;0;2;1:54.610;0;;37.778;0;39.104;0;37.728;0;182.0;4:32.394;09:19:32.394;0:37.778;0:39.104;0:37.728;179.4;Jakub SMIECHOWSKI;;LMP3;;Inter Europol Competition;Ligier;
13;0;3;1:51.084;0;;35.695;0;38.252;0;37.137;0;187.7;6:23.478;09:21:23.478;0:35.695;0:38.252;0:37.137;267.3;Jakub SMIECHOWSKI;;LMP3;;Inter Europol Competition;Ligier;
13;0;4;1:48.997;0;;35.061;0;37.182;0;36.754;0;191.3;8:12.475;09:23:12.475;0:35.061;0:37.182;0:36.754;268.0;Jakub SMIECHOWSKI;;LMP3;;Inter Europol Competition;Ligier;
13;0;5;1:49.530;0;;34.758;0;37.809;0;36.963;0;190.4;10:02.005;09:25:02.005;0:34.758;0:37.809;0:36.963;270.0;Jakub SMIECHOWSKI;;LMP3;;Inter Europol Competition;Ligier;
13;0;6;1:48.467;0;;34.783;0;37.063;0;36.621;0;192.3;11:50.472;09:26:50.472;0:34.783;0:37.063;0:36.621;268.7;Jakub SMIECHOWSKI;;LMP3;;Inter Europol Competition;Ligier;
13;0;7;1:57.038;0;B;35.408;0;37.268;0;44.362;0;178.2;13:47.510;09:28:47.510;0:35.408;0:37.268;0:44.362;268.7;Jakub SMIECHOWSKI;;LMP3;;Inter Europol Competition;Ligier;
13;1;8;3:14.807;0;;1:59.826;0;37.566;0;37.415;0;107.1;17:02.317;09:32:02.317;1:59.826;0:37.566;0:37.415;207.7;Martin HIPPE;0:01:29.071;LMP3;;Inter Europol Competition;Ligier;
13;1;9;1:49.272;0;;35.206;0;36.963;0;37.103;0;190.9;18:51.589;09:33:51.589;0:35.206;0:36.963;0:37.103;269.3;Martin HIPPE;;LMP3;;Inter Europol Competition;Ligier;
13;1;10;1:48.905;0;;35.129;0;36.742;1;37.034;0;191.5;20:40.494;09:35:40.494;0:35.129;0:36.742;0:37.034;270.0;Martin HIPPE;;LMP3;;Inter Europol Competition;Ligier;
13;1;11;1:51.531;0;;35.609;0;38.526;0;37.396;0;187.0;22:32.025;09:37:32.025;0:35.609;0:38.526;0:37.396;268.7;Martin HIPPE;;LMP3;;Inter Europol Competition;Ligier;
13;1;12;1:49.341;0;;35.200;0;37.141;0;37.000;0;190.7;24:21.366;09:39:21.366;0:35.200;0:37.141;0:37.000;271.4;Martin HIPPE;;LMP3;;Inter Europol Competition;Ligier;
13;1;13;1:48.661;0;;34.870;1;36.880;0;36.911;0;191.9;26:10.027;09:41:10.027;0:34.870;0:36.880;0:36.911;269.3;Martin HIPPE;;LMP3;;Inter Europol Competition;Ligier;
13;1;14;1:56.210;0;B;34.995;0;37.023;0;44.192;0;179.5;28:06.237;09:43:06.237;0:34.995;0:37.023;0:44.192;270.7;Martin HIPPE;;LMP3;;Inter Europol Competition;Ligier;
13;1;15;9:05.214;0;;7:50.429;0;37.467;0;37.318;0;38.3;37:11.451;09:52:11.451;7:50.429;0:37.467;0:37.318;203.8;Martin HIPPE;0:07:19.746;LMP3;;Inter Europol Competition;Ligier;
13;1;16;1:49.094;0;;35.200;0;36.949;0;36.945;0;191.2;39:00.545;09:54:00.545;0:35.200;0:36.949;0:36.945;268.7;Martin HIPPE;;LMP3;;Inter Europol Competition;Ligier;
13;1;17;1:49.049;0;;35.141;0;36.839;0;37.069;0;191.2;40:49.594;09:55:49.594;0:35.141;0:36.839;0:37.069;269.3;Martin HIPPE;;LMP3;;Inter Europol Competition;Ligier;
13;1;18;1:50.324;0;;35.390;0;37.400;0;37.534;0;189.0;42:39.918;09:57:39.918;0:35.390;0:37.400;0:37.534;270.7;Martin HIPPE;;LMP3;;Inter Europol Competition;Ligier;
13;1;19;1:51.015;0;;35.982;0;38.133;0;36.900;1;187.9;44:30.933;09:59:30.933;0:35.982;0:38.133;0:36.900;264.1;Martin HIPPE;;LMP3;;Inter Europol Competition;Ligier;
13;1;20;1:49.645;0;;35.131;0;37.406;0;37.108;0;190.2;46:20.578;10:01:20.578;0:35.131;0:37.406;0:37.108;271.4;Martin HIPPE;;LMP3;;Inter Europol Competition;Ligier;
13;1;21;2:18.188;0;B;35.039;0;36.955;0;1:06.194;0;150.9;48:38.766;10:03:38.766;0:35.039;0:36.955;1:06.194;268.7;Martin HIPPE;;LMP3;;Inter Europol Competition;Ligier;
13;0;22;10:35.445;0;;9:17.868;0;39.946;0;37.631;0;32.8;59:14.211;10:14:14.211;9:17.868;0:39.946;0:37.631;193.5;Jakub SMIECHOWSKI;0:08:47.082;LMP3;;Inter Europol Competition;Ligier;
13;0;23;1:49.567;0;;35.064;0;37.423;0;37.080;0;190.3;1:01:03.778;10:16:03.778;0:35.064;0:37.423;0:37.080;268.7;Jakub SMIECHOWSKI;;LMP3;;Inter Europol Competition;Ligier;
13;0;24;1:52.403;0;;35.538;0;38.525;0;38.340;0;185.5;1:02:56.181;10:17:56.181;0:35.538;0:38.525;0:38.340;248.3;Jakub SMIECHOWSKI;;LMP3;;Inter Europol Competition;Ligier;
13;0;25;1:52.636;0;;36.595;0;38.428;0;37.613;0;185.2;1:04:48.817;10:19:48.817;0:36.595;0:38.428;0:37.613;248.3;Jakub SMIECHOWSKI;;LMP3;;Inter Europol Competition;Ligier;
13;0;26;1:50.489;0;;35.144;0;37.824;0;37.521;0;188.8;1:06:39.306;10:21:39.306;0:35.144;0:37.824;0:37.521;270.0;Jakub SMIECHOWSKI;;LMP3;;Inter Europol Competition;Ligier;
13;0;27;1:49.278;0;;34.965;0;37.346;0;36.967;0;190.8;1:08:28.584;10:23:28.584;0:34.965;0:37.346;0:36.967;268.0;Jakub SMIECHOWSKI;;LMP3;;Inter Europol Competition;Ligier;
13;0;28;1:55.282;0;B;34.805;0;37.146;0;43.331;0;180.9;1:10:23.866;10:25:23.866;0:34.805;0:37.146;0:43.331;269.3;Jakub SMIECHOWSKI;;LMP3;;Inter Europol Competition;Ligier;
13;0;29;12:11.829;0;;10:56.764;0;37.306;0;37.759;0;28.5;1:22:35.695;10:37:35.695;10:56.764;0:37.306;0:37.759;211.8;Jakub SMIECHOWSKI;0:10:26.728;LMP3;;Inter Europol Competition;Ligier;
13;0;30;1:47.938;2;;34.923;0;36.624;0;36.391;2;193.2;1:24:23.633;10:39:23.633;0:34.923;0:36.624;0:36.391;269.3;Jakub SMIECHOWSKI;;LMP3;;Inter Europol Competition;Ligier;
13;0;31;1:48.398;0;;34.702;0;36.478;2;37.218;0;192.4;1:26:12.031;10:41:12.031;0:34.702;0:36.478;0:37.218;271.4;Jakub SMIECHOWSKI;;LMP3;;Inter Europol Competition;Ligier;
13;0;32;1:48.237;0;;34.539;2;37.017;0;36.681;0;192.7;1:28:00.268;10:43:00.268;0:34.539;0:37.017;0:36.681;272.0;Jakub SMIECHOWSKI;;LMP3;;Inter Europol Competition;Ligier;
13;0;33;1:55.771;0;B;34.652;0;37.308;0;43.811;0;180.1;1:29:56.039;10:44:56.039;0:34.652;0:37.308;0:43.811;271.4;Jakub SMIECHOWSKI;;LMP3;;Inter Europol Competition;Ligier;
14;1;1;4:00.813;0;;2:34.449;0;43.148;0;43.216;0;82.0;4:00.813;09:19:00.813;2:34.449;0:43.148;0:43.216;124.9;Luca DEMARCHI;0:01:50.615;LMP3;;Inter Europol Competition;Ligier;
14;1;2;1:57.658;0;;38.057;0;40.119;0;39.482;0;177.2;5:58.471;09:20:58.471;0:38.057;0:40.119;0:39.482;193.9;Luca DEMARCHI;;LMP3;;Inter Europol Competition;Ligier;
14;1;3;1:54.721;0;;35.934;0;40.822;0;37.965;0;181.8;7:53.192;09:22:53.192;0:35.934;0:40.822;0:37.965;251.7;Luca DEMARCHI;;LMP3;;Inter Europol Competition;Ligier;
14;1;4;1:52.705;0;;35.482;0;39.601;0;37.622;0;185.0;9:45.897;09:24:45.897;0:35.482;0:39.601;0:37.622;266.7;Luca DEMARCHI;;LMP3;;Inter Europol Competition;Ligier;
14;1;5;1:49.874;0;;35.042;0;37.404;0;37.428;0;189.8;11:35.771;09:26:35.771;0:35.042;0:37.404;0:37.428;267.3;Luca DEMARCHI;;LMP3;;Inter Europol Competition;Ligier;
14;1;6;1:49.984;0;;34.973;0;37.350;0;37.661;0;189.6;13:25.755;09:28:25.755;0:34.973;0:37.350;0:37.661;267.3;Luca DEMARCHI;;LMP3;;Inter Europol Competition;Ligier;
14;1;7;1:49.997;0;;34.903;1;37.878;0;37.216;0;189.6;15:15.752;09:30:15.752;0:34.903;0:37.878;0:37.216;267.3;Luca DEMARCHI;;LMP3;;Inter Europol Competition;Ligier;
14;1;8;1:50.866;0;;35.042;0;38.107;0;37.717;0;188.1;17:06.618;09:32:06.618;0:35.042;0:38.107;0:37.717;268.7;Luca DEMARCHI;;LMP3;;Inter Europol Competition;Ligier;
14;1;9;1:49.400;0;;35.139;0;37.166;0;37.095;0;190.6;18:56.018;09:33:56.018;0:35.139;0:37.166;0:37.095;270.0;Luca DEMARCHI;;LMP3;;Inter Europol Competition;Ligier;
14;1;10;1:49.066;0;;35.014;0;37.076;0;36.976;1;191.2;20:45.084;09:35:45.084;0:35.014;0:37.076;0:36.976;268.7;Luca DEMARCHI;;LMP3;;Inter Europol Competition;Ligier;
14;1;11;1:50.899;0;;35.466;0;38.025;0;37.408;0;188.1;22:35.983;09:37:35.983;0:35.466;0:38.025;0:37.408;267.3;Luca DEMARCHI;;LMP3;;Inter Europol Competition;Ligier;
14;1;12;1:56.265;0;B;35.128;0;37.042;1;44.095;0;179.4;24:32.248;09:39:32.248;0:35.128;0:37.042;0:44.095;271.4;Luca DEMARCHI;;LMP3;;Inter Europol Competition;Ligier;
14;0;13;3:29.635;0;;2:11.234;0;40.209;0;38.192;0;99.5;28:01.883;09:43:01.883;2:11.234;0:40.209;0:38.192;184.3;Paul SCHEUSCHNER;0:01:38.777;LMP3;;Inter Europol Competition;Ligier;
14;0;14;3:25.480;0;;1:00.317;0;1:21.810;0;1:03.353;0;101.5;31:27.363;09:46:27.363;1:00.317;1:21.810;1:03.353;265.4;Paul SCHEUSCHNER;;LMP3;;Inter Europol Competition;Ligier;
14;0;15;1:52.305;0;;35.932;0;38.260;0;38.113;0;185.7;33:19.668;09:48:19.668;0:35.932;0:38.260;0:38.113;259.0;Paul SCHEUSCHNER;;LMP3;;Inter Europol Competition;Ligier;
14;0;16;1:50.613;0;;35.154;0;37.820;0;37.639;0;188.5;35:10.281;09:50:10.281;0:35.154;0:37.820;0:37.639;263.4;Paul SCHEUSCHNER;;LMP3;;Inter Europol Competition;Ligier;
14;0;17;1:50.672;0;;35.063;1;37.761;0;37.848;0;188.4;37:00.953;09:52:00.953;0:35.063;0:37.761;0:37.848;265.4;Paul SCHEUSCHNER;;LMP3;;Inter Europol Competition;Ligier;
14;0;18;1:51.556;0;;35.229;0;37.710;1;38.617;0;186.9;38:52.509;09:53:52.509;0:35.229;0:37.710;0:38.617;266.0;Paul SCHEUSCHNER;;LMP3;;Inter Europol Competition;Ligier;
14;0;19;1:50.792;0;;35.112;0;38.126;0;37.554;1;188.2;40:43.301;09:55:43.301;0:35.112;0:38.126;0:37.554;266.0;Paul SCHEUSCHNER;;LMP3;;Inter Europol Competition;Ligier;
14;0;20;2:01.699;0;B;35.684;0;39.024;0;46.991;0;171.4;42:45.000;09:57:45.000;0:35.684;0:39.024;0:46.991;265.4;Paul SCHEUSCHNER;;LMP3;;Inter Europol Competition;Ligier;
14;0;21;3:08.469;0;;1:52.935;0;37.824;0;37.710;0;110.7;45:53.469;10:00:53.469;1:52.935;0:37.824;0:37.710;209.3;Paul SCHEUSCHNER;0:01:22.495;LMP3;;Inter Europol Competition;Ligier;
14;0;22;1:50.534;0;;35.137;0;37.756;0;37.641;0;188.7;47:44.003;10:02:44.003;0:35.137;0:37.756;0:37.641;264.1;Paul SCHEUSCHNER;;LMP3;;Inter Europol Competition;Ligier;
14;0;23;4:01.568;0;B;1:04.295;0;1:23.213;0;1:34.060;0;86.3;51:45.571;10:06:45.571;1:04.295;1:23.213;1:34.060;147.3;Paul SCHEUSCHNER;;LMP3;;Inter Europol Competition;Ligier;
14;2;24;7:30.101;0;;6:09.807;0;41.413;0;38.881;0;46.3;59:15.672;10:14:15.672;6:09.807;0:41.413;0:38.881;186.5;Hendrik STILL;0:05:35.421;LMP3;;Inter Europol Competition;Ligier;
14;2;25;1:51.181;0;;35.804;0;37.481;0;37.896;0;187.6;1:01:06.853;10:16:06.853;0:35.804;0:37.481;0:37.896;260.2;Hendrik STILL;;LMP3;;Inter Europol Competition;Ligier;
14;2;26;1:50.310;0;;35.234;0;37.899;0;37.177;0;189.1;1:02:57.163;10:17:57.163;0:35.234;0:37.899;0:37.177;268.7;Hendrik STILL;;LMP3;;Inter Europol Competition;Ligier;
14;2;27;1:55.541;0;;36.036;0;41.105;0;38.400;0;180.5;1:04:52.704;10:19:52.704;0:36.036;0:41.105;0:38.400;254.1;Hendrik STILL;;LMP3;;Inter Europol Competition;Ligier;
14;2;28;1:55.238;0;;36.785;0;39.195;0;39.258;0;181.0;1:06:47.942;10:21:47.942;0:36.785;0:39.195;0:39.258;268.0;Hendrik STILL;;LMP3;;Inter Europol Competition;Ligier;
14;2;29;1:49.635;0;;35.107;0;37.382;0;37.146;0;190.2;1:08:37.577;10:23:37.577;0:35.107;0:37.382;0:37.146;268.7;Hendrik STILL;;LMP3;;Inter Europol Competition;Ligier;
14;2;30;1:51.854;0;;35.086;0;38.745;0;38.023;0;186.4;1:10:29.431;10:25:29.431;0:35.086;0:38.745;0:38.023;266.7;Hendrik STILL;;LMP3;;Inter Europol Competition;Ligier;
14;2;31;1:56.842;0;B;34.902;0;37.409;0;44.531;0;178.5;1:12:26.273;10:27:26.273;0:34.902;0:37.409;0:44.531;267.3;Hendrik STILL;;LMP3;;Inter Europol Competition;Ligier;
14;2;32;2:57.272;0;;1:41.273;0;37.641;0;38.358;0;117.6;1:15:23.545;10:30:23.545;1:41.273;0:37.641;0:38.358;208.1;Hendrik STILL;0:01:10.769;LMP3;;Inter Europol Competition;Ligier;
14;2;33;4:07.141;0;;1:13.716;0;1:21.441;0;1:31.984;0;84.4;1:19:30.686;10:34:30.686;1:13.716;1:21.441;1:31.984;79.9;Hendrik STILL;;LMP3;;Inter Europol Competition;Ligier;
14;2;34;2:14.654;0;;59.250;0;38.150;0;37.254;0;154.9;1:21:45.340;10:36:45.340;0:59.250;0:38.150;0:37.254;120.0;Hendrik STILL;;LMP3;;Inter Europol Competition;Ligier;
14;2;35;1:49.096;0;;35.111;0;37.152;0;36.833;0;191.2;1:23:34.436;10:38:34.436;0:35.111;0:37.152;0:36.833;268.0;Hendrik STILL;;LMP3;;Inter Europol Competition;Ligier;
14;2;36;1:49.072;0;;34.801;0;37.323;0;36.948;0;191.2;1:25:23.508;10:40:23.508;0:34.801;0:37.323;0:36.948;270.7;Hendrik STILL;;LMP3;;Inter Europol Competition;Ligier;
14;2;37;1:48.284;0;;34.919;0;36.726;0;36.639;2;192.6;1:27:11.792;10:42:11.792;0:34.919;0:36.726;0:36.639;269.3;Hendrik STILL;;LMP3;;Inter Europol Competition;Ligier;
14;2;38;1:48.081;2;;34.725;2;36.582;2;36.774;0;193.0;1:28:59.873;10:43:59.873;0:34.725;0:36.582;0:36.774;271.4;Hendrik STILL;;LMP3;;Inter Europol Competition;Ligier;
14;2;39;1:58.201;0;B;36.313;0;37.246;0;44.642;0;176.4;1:30:58.074;10:45:58.074;0:36.313;0:37.246;0:44.642;206.1;Hendrik STILL;;LMP3;;Inter Europol Competition;Ligier;
16;0;1;2:14.425;0;;55.183;0;39.731;0;39.511;0;146.9;2:14.425;09:17:14.425;0:55.183;0:39.731;0:39.511;179.7;Francesco DRACONE;0:00:17.331;LMP3;;BHK Motorsport;Ligier;
16;0;2;1:51.421;0;;35.530;0;37.713;0;38.178;0;187.2;4:05.846;09:19:05.846;0:35.530;0:37.713;0:38.178;258.4;Francesco DRACONE;;LMP3;;BHK Motorsport;Ligier;
16;0;3;1:53.698;0;;37.943;0;38.104;0;37.651;0;183.4;5:59.544;09:20:59.544;0:37.943;0:38.104;0:37.651;272.0;Francesco DRACONE;;LMP3;;BHK Motorsport;Ligier;
16;0;4;1:52.231;0;;35.196;0;39.531;0;37.504;0;185.8;7:51.775;09:22:51.775;0:35.196;0:39.531;0:37.504;264.1;Francesco DRACONE;;LMP3;;BHK Motorsport;Ligier;
16;0;5;1:49.730;0;;35.177;0;37.387;0;37.166;0;190.1;9:41.505;09:24:41.505;0:35.177;0:37.387;0:37.166;272.7;Francesco DRACONE;;LMP3;;BHK Motorsport;Ligier;
16;0;6;1:49.707;0;;35.290;0;37.342;0;37.075;0;190.1;11:31.212;09:26:31.212;0:35.290;0:37.342;0:37.075;264.1;Francesco DRACONE;;LMP3;;BHK Motorsport;Ligier;
16;0;7;1:49.149;0;;34.850;0;37.520;0;36.779;0;191.1;13:20.361;09:28:20.361;0:34.850;0:37.520;0:36.779;272.7;Francesco DRACONE;;LMP3;;BHK Motorsport;Ligier;
16;0;8;1:49.684;0;;34.801;0;37.955;0;36.928;0;190.1;15:10.045;09:30:10.045;0:34.801;0:37.955;0:36.928;274.1;Francesco DRACONE;;LMP3;;BHK Motorsport;Ligier;
16;0;9;1:57.961;0;B;34.985;0;37.240;0;45.736;0;176.8;17:08.006;09:32:08.006;0:34.985;0:37.240;0:45.736;266.7;Francesco DRACONE;;LMP3;;BHK Motorsport;Ligier;
16;0;10;5:27.480;0;;4:10.997;0;38.904;0;37.579;0;63.7;22:35.486;09:37:35.486;4:10.997;0:38.904;0:37.579;196.4;Francesco DRACONE;0:03:41.091;LMP3;;BHK Motorsport;Ligier;
16;0;11;1:49.053;0;;34.925;0;37.151;0;36.977;0;191.2;24:24.539;09:39:24.539;0:34.925;0:37.151;0:36.977;269.3;Francesco DRACONE;;LMP3;;BHK Motorsport;Ligier;
16;0;12;1:50.557;0;;35.494;0;37.300;0;37.763;0;188.6;26:15.096;09:41:15.096;0:35.494;0:37.300;0:37.763;241.1;Francesco DRACONE;;LMP3;;BHK Motorsport;Ligier;
16;0;13;2:11.833;0;B;35.044;0;43.547;0;53.242;0;158.2;28:26.929;09:43:26.929;0:35.044;0:43.547;0:53.242;266.7;Francesco DRACONE;;LMP3;;BHK Motorsport;Ligier;
16;0;14;9:45.070;0;;8:28.669;0;37.986;0;38.415;0;35.6;38:11.999;09:53:11.999;8:28.669;0:37.986;0:38.415;206.9;Francesco DRACONE;0:08:00.367;LMP3;;BHK Motorsport;Ligier;
16;0;15;1:49.884;0;;35.291;0;37.357;0;37.236;0;189.8;40:01.883;09:55:01.883;0:35.291;0:37.357;0:37.236;271.4;Francesco DRACONE;;LMP3;;BHK Motorsport;Ligier;
16;0;16;1:49.952;0;;35.053;0;37.057;0;37.842;0;189.7;41:51.835;09:56:51.835;0:35.053;0:37.057;0:37.842;268.7;Francesco DRACONE;;LMP3;;BHK Motorsport;Ligier;
16;0;17;1:48.808;0;;34.890;0;36.859;0;37.059;0;191.7;43:40.643;09:58:40.643;0:34.890;0:36.859;0:37.059;272.7;Francesco DRACONE;;LMP3;;BHK Motorsport;Ligier;
16;0;18;1:49.825;0;;35.240;0;37.408;0;37.177;0;189.9;45:30.468;10:00:30.468;0:35.240;0:37.408;0:37.177;274.1;Francesco DRACONE;;LMP3;;BHK Motorsport;Ligier;
16;0;19;1:51.744;0;;35.262;0;39.020;0;37.462;0;186.6;47:22.212;10:02:22.212;0:35.262;0:39.020;0:37.462;267.3;Francesco DRACONE;;LMP3;;BHK Motorsport;Ligier;
16;0;20;3:35.656;0;B;36.446;0;1:24.374;0;1:34.836;0;96.7;50:57.868;10:05:57.868;0:36.446;1:24.374;1:34.836;269.3;Francesco DRACONE;;LMP3;;BHK Motorsport;Ligier;
16;0;21;12:06.814;0;;10:50.538;0;38.055;0;38.221;0;28.7;1:03:04.682;10:18:04.682;10:50.538;0:38.055;0:38.221;211.4;Francesco DRACONE;0:10:21.110;LMP3;;BHK Motorsport;Ligier;
16;0;22;1:50.876;0;;35.023;0;37.165;0;38.688;0;188.1;1:04:55.558;10:19:55.558;0:35.023;0:37.165;0:38.688;262.1;Francesco DRACONE;;LMP3;;BHK Motorsport;Ligier;
16;0;23;1:49.654;0;;35.022;0;37.398;0;37.234;0;190.2;1:06:45.212;10:21:45.212;0:35.022;0:37.398;0:37.234;264.1;Francesco DRACONE;;LMP3;;BHK Motorsport;Ligier;
16;0;24;1:49.429;0;;34.847;0;36.832;0;37.750;0;190.6;1:08:34.641;10:23:34.641;0:34.847;0:36.832;0:37.750;270.0;Francesco DRACONE;;LMP3;;BHK Motorsport;Ligier;
16;0;25;1:49.892;0;;34.633;0;37.435;0;37.824;0;189.8;1:10:24.533;10:25:24.533;0:34.633;0:37.435;0:37.824;274.1;Francesco DRACONE;;LMP3;;BHK Motorsport;Ligier;
16;0;26;1:49.157;0;;35.006;0;37.066;0;37.085;0;191.1;1:12:13.690;10:27:13.690;0:35.006;0:37.066;0:37.085;272.7;Francesco DRACONE;;LMP3;;BHK Motorsport;Ligier;
16;0;27;1:48.549;0;;34.586;2;37.030;0;36.933;0;192.1;1:14:02.239;10:29:02.239;0:34.586;0:37.030;0:36.933;273.4;Francesco DRACONE;;LMP3;;BHK Motorsport;Ligier;
16;0;28;2:43.465;0;B;34.621;0;37.013;0;1:31.831;0;127.6;1:16:45.704;10:31:45.704;0:34.621;0:37.013;1:31.831;274.1;Francesco DRACONE;;LMP3;;BHK Motorsport;Ligier;
16;0;29;4:06.422;0;;2:21.211;0;1:06.425;0;38.786;0;84.6;1:20:52.126;10:35:52.126;2:21.211;1:06.425;0:38.786;80.4;Francesco DRACONE;0:01:16.345;LMP3;;BHK Motorsport;Ligier;
16;0;30;1:50.768;0;;35.490;0;38.007;0;37.271;0;188.3;1:22:42.894;10:37:42.894;0:35.490;0:38.007;0:37.271;250.0;Francesco DRACONE;;LMP3;;BHK Motorsport;Ligier;
16;0;31;1:50.187;0;;34.832;0;38.282;0;37.073;0;189.3;1:24:33.081;10:39:33.081;0:34.832;0:38.282;0:37.073;274.8;Francesco DRACONE;;LMP3;;BHK Motorsport;Ligier;
16;0;32;1:48.625;0;;34.735;0;36.994;0;36.896;0;192.0;1:26:21.706;10:41:21.706;0:34.735;0:36.994;0:36.896;274.8;Francesco DRACONE;;LMP3;;BHK Motorsport;Ligier;
16;0;33;1:48.417;0;;34.914;0;36.694;2;36.809;0;192.4;1:28:10.123;10:43:10.123;0:34.914;0:36.694;0:36.809;255.9;Francesco DRACONE;;LMP3;;BHK Motorsport;Ligier;
16;0;34;1:48.391;2;;34.654;0;37.021;0;36.716;2;192.4;1:29:58.514;10:44:58.514;0:34.654;0:37.021;0:36.716;272.0;Francesco DRACONE;;LMP3;;BHK Motorsport;Ligier;
16;0;35;1:49.238;0;;34.755;0;37.383;0;37.100;0;190.9;1:31:47.752;10:46:47.752;0:34.755;0:37.383;0:37.100;273.4;Francesco DRACONE;;LMP3;;BHK Motorsport;Ligier;
17;0;1;3:32.456;0;;2:08.264;0;43.921;0;40.271;0;92.9;3:32.456;09:18:32.456;2:08.264;0:43.921;0:40.271;139.4;Matthieu LAHAYE;0:01:27.986;LMP3;;Ultimate;Norma;
17;0;2;1:51.747;0;;35.635;0;38.236;0;37.876;0;186.6;5:24.203;09:20:24.203;0:35.635;0:38.236;0:37.876;262.8;Matthieu LAHAYE;;LMP3;;Ultimate;Norma;
17;0;3;1:50.208;0;;35.140;0;38.131;0;36.937;0;189.2;7:14.411;09:22:14.411;0:35.140;0:38.131;0:36.937;263.4;Matthieu LAHAYE;;LMP3;;Ultimate;Norma;
17;0;4;1:48.390;0;;34.749;0;37.026;0;36.615;0;192.4;9:02.801;09:24:02.801;0:34.749;0:37.026;0:36.615;270.7;Matthieu LAHAYE;;LMP3;;Ultimate;Norma;
17;0;5;1:47.833;0;;34.494;0;36.838;0;36.501;1;193.4;10:50.634;09:25:50.634;0:34.494;0:36.838;0:36.501;273.4;Matthieu LAHAYE;;LMP3;;Ultimate;Norma;
17;0;6;1:54.162;0;B;34.374;2;36.791;1;42.997;0;182.7;12:44.796;09:27:44.796;0:34.374;0:36.791;0:42.997;271.4;Matthieu LAHAYE;;LMP3;;Ultimate;Norma;
17;0;7;14:27.710;0;;13:12.014;0;38.021;0;37.675;0;24.0;27:12.506;09:42:12.506;13:12.014;0:38.021;0:37.675;211.8;Matthieu LAHAYE;0:12:41.528;LMP3;;Ultimate;Norma;
17;0;8;2:58.728;0;B;34.761;0;50.672;0;1:33.295;0;116.7;30:11.234;09:45:11.234;0:34.761;0:50.672;1:33.295;273.4;Matthieu LAHAYE;;LMP3;;Ultimate;Norma;
17;1;9;3:15.721;0;;2:00.512;0;38.066;0;37.143;0;106.6;33:26.955;09:48:26.955;2:00.512;0:38.066;0:37.143;185.6;Jean-Baptiste LAHAYE;0:01:25.810;LMP3;;Ultimate;Norma;
17;1;10;1:49.252;0;;34.975;0;37.640;0;36.637;0;190.9;35:16.207;09:50:16.207;0:34.975;0:37.640;0:36.637;272.0;Jean-Baptiste LAHAYE;;LMP3;;Ultimate;Norma;
17;1;11;1:48.227;0;;34.672;0;37.053;0;36.502;0;192.7;37:04.434;09:52:04.434;0:34.672;0:37.053;0:36.502;273.4;Jean-Baptiste LAHAYE;;LMP3;;Ultimate;Norma;
17;1;12;1:48.463;0;;34.668;0;37.341;0;36.454;0;192.3;38:52.897;09:53:52.897;0:34.668;0:37.341;0:36.454;266.0;Jean-Baptiste LAHAYE;;LMP3;;Ultimate;Norma;
17;1;13;1:47.889;0;;34.777;0;36.840;0;36.272;0;193.3;40:40.786;09:55:40.786;0:34.777;0:36.840;0:36.272;266.7;Jean-Baptiste LAHAYE;;LMP3;;Ultimate;Norma;
17;1;14;1:46.874;2;;34.461;1;36.346;2;36.067;2;195.1;42:27.660;09:57:27.660;0:34.461;0:36.346;0:36.067;274.1;Jean-Baptiste LAHAYE;;LMP3;;Ultimate;Norma;
17;1;15;1:55.477;0;B;34.546;0;36.770;0;44.161;0;180.6;44:23.137;09:59:23.137;0:34.546;0:36.770;0:44.161;275.5;Jean-Baptiste LAHAYE;;LMP3;;Ultimate;Norma;
17;1;16;2:57.730;0;;1:42.025;0;39.031;0;36.674;0;117.3;47:20.867;10:02:20.867;1:42.025;0:39.031;0:36.674;208.9;Jean-Baptiste LAHAYE;0:01:11.711;LMP3;;Ultimate;Norma;
17;1;17;3:32.189;0;B;36.262;0;1:21.482;0;1:34.445;0;98.3;50:53.056;10:05:53.056;0:36.262;1:21.482;1:34.445;272.0;Jean-Baptiste LAHAYE;;LMP3;;Ultimate;Norma;
17;1;18;8:41.390;0;;7:22.296;0;40.360;0;38.734;0;40.0;59:34.446;10:14:34.446;7:22.296;0:40.360;0:38.734;182.4;Jean-Baptiste LAHAYE;0:06:49.949;LMP3;;Ultimate;Norma;
17;1;19;1:49.422;0;;35.486;0;37.206;0;36.730;0;190.6;1:01:23.868;10:16:23.868;0:35.486;0:37.206;0:36.730;246.0;Jean-Baptiste LAHAYE;;LMP3;;Ultimate;Norma;
17;1;20;1:48.605;0;;35.017;0;36.878;0;36.710;0;192.0;1:03:12.473;10:18:12.473;0:35.017;0:36.878;0:36.710;272.0;Jean-Baptiste LAHAYE;;LMP3;;Ultimate;Norma;
17;1;21;1:49.571;0;;34.839;0;37.685;0;37.047;0;190.3;1:05:02.044;10:20:02.044;0:34.839;0:37.685;0:37.047;273.4;Jean-Baptiste LAHAYE;;LMP3;;Ultimate;Norma;
17;1;22;1:49.569;0;;34.970;0;36.997;0;37.602;0;190.3;1:06:51.613;10:21:51.613;0:34.970;0:36.997;0:37.602;268.7;Jean-Baptiste LAHAYE;;LMP3;;Ultimate;Norma;
17;1;23;1:48.144;0;;34.747;0;36.742;0;36.655;0;192.8;1:08:39.757;10:23:39.757;0:34.747;0:36.742;0:36.655;272.0;Jean-Baptiste LAHAYE;;LMP3;;Ultimate;Norma;
17;1;24;1:55.051;0;B;34.562;0;36.963;0;43.526;0;181.3;1:10:34.808;10:25:34.808;0:34.562;0:36.963;0:43.526;272.0;Jean-Baptiste LAHAYE;;LMP3;;Ultimate;Norma;
17;2;25;3:14.508;0;;1:57.973;0;38.399;0;38.136;0;107.2;1:13:49.316;10:28:49.316;1:57.973;0:38.399;0:38.136;206.9;François HERIAU;0:01:26.781;LMP3;;Ultimate;Norma;
17;2;26;2:09.904;0;;35.062;1;38.121;0;56.721;0;160.5;1:15:59.220;10:30:59.220;0:35.062;0:38.121;0:56.721;270.0;François HERIAU;;LMP3;;Ultimate;Norma;
17;2;27;4:10.313;0;;1:25.854;0;1:20.841;0;1:23.618;0;83.3;1:20:09.533;10:35:09.533;1:25.854;1:20.841;1:23.618;80.7;François HERIAU;;LMP3;;Ultimate;Norma;
17;2;28;1:54.121;0;;36.689;0;38.871;0;38.561;0;182.7;1:22:03.654;10:37:03.654;0:36.689;0:38.871;0:38.561;249.4;François HERIAU;;LMP3;;Ultimate;Norma;
17;2;29;1:51.730;0;;35.441;0;38.296;0;37.993;0;186.7;1:23:55.384;10:38:55.384;0:35.441;0:38.296;0:37.993;270.0;François HERIAU;;LMP3;;Ultimate;Norma;
17;2;30;1:51.016;0;;35.394;0;37.787;0;37.835;0;187.9;1:25:46.400;10:40:46.400;0:35.394;0:37.787;0:37.835;272.0;François HERIAU;;LMP3;;Ultimate;Norma;
17;2;31;1:52.092;0;;35.327;0;38.914;0;37.851;0;186.1;1:27:38.492;10:42:38.492;0:35.327;0:38.914;0:37.851;272.0;François HERIAU;;LMP3;;Ultimate;Norma;
17;2;32;1:50.693;0;;35.295;0;37.810;0;37.588;0;188.4;1:29:29.185;10:44:29.185;0:35.295;0:37.810;0:37.588;270.7;François HERIAU;;LMP3;;Ultimate;Norma;
17;2;33;1:50.327;0;;35.105;0;37.762;1;37.460;1;189.0;1:31:19.512;10:46:19.512;0:35.105;0:37.762;0:37.460;272.0;François HERIAU;;LMP3;;Ultimate;Norma;
18;1;1;3:37.435;0;B;1:54.645;0;39.876;0;1:02.914;0;90.8;3:37.435;09:18:37.435;1:54.645;0:39.876;1:02.914;136.4;Natan BIHEL;0:01:12.522;LMP3;;M. Racing - YMR;Ligier;
18;1;2;6:29.166;0;;5:08.666;0;41.287;0;39.213;0;53.6;10:06.601;09:25:06.601;5:08.666;0:41.287;0:39.213;128.9;Natan BIHEL;0:04:34.174;LMP3;;M. Racing - YMR;Ligier;
18;1;3;1:55.454;0;;38.059;0;39.311;0;38.084;0;180.6;12:02.055;09:27:02.055;0:38.059;0:39.311;0:38.084;186.9;Natan BIHEL;;LMP3;;M. Racing - YMR;Ligier;
18;1;4;1:56.153;0;;37.533;0;39.776;0;38.844;0;179.5;13:58.208;09:28:58.208;0:37.533;0:39.776;0:38.844;235.8;Natan BIHEL;;LMP3;;M. Racing - YMR;Ligier;
18;1;5;1:53.260;0;;35.994;0;38.242;0;39.024;0;184.1;15:51.468;09:30:51.468;0:35.994;0:38.242;0:39.024;251.2;Natan BIHEL;;LMP3;;M. Racing - YMR;Ligier;
18;1;6;1:58.546;0;B;35.451;0;37.551;0;45.544;0;175.9;17:50.014;09:32:50.014;0:35.451;0:37.551;0:45.544;262.1;Natan BIHEL;;LMP3;;M. Racing - YMR;Ligier;
18;1;7;8:28.341;0;;7:11.995;0;38.690;0;37.656;0;41.0;26:18.355;09:41:18.355;7:11.995;0:38.690;0:37.656;139.7;Natan BIHEL;0:06:37.970;LMP3;;M. Racing - YMR;Ligier;
18;1;8;1:58.490;0;B;36.253;0;37.496;0;44.741;0;176.0;28:16.845;09:43:16.845;0:36.253;0:37.496;0:44.741;257.8;Natan BIHEL;;LMP3;;M. Racing - YMR;Ligier;
18;1;9;4:20.950;0;;3:05.036;0;38.185;0;37.729;0;79.9;32:37.795;09:47:37.795;3:05.036;0:38.185;0:37.729;76.4;Natan BIHEL;0:02:21.427;LMP3;;M. Racing - YMR;Ligier;
18;1;10;1:51.106;0;;35.784;0;37.728;0;37.594;0;187.7;34:28.901;09:49:28.901;0:35.784;0:37.728;0:37.594;262.8;Natan BIHEL;;LMP3;;M. Racing - YMR;Ligier;
18;1;11;1:52.358;0;;35.885;0;39.035;0;37.438;0;185.6;36:21.259;09:51:21.259;0:35.885;0:39.035;0:37.438;263.4;Natan BIHEL;;LMP3;;M. Racing - YMR;Ligier;
18;1;12;1:52.588;0;;35.625;0;38.901;0;38.062;0;185.2;38:13.847;09:53:13.847;0:35.625;0:38.901;0:38.062;264.7;Natan BIHEL;;LMP3;;M. Racing - YMR;Ligier;
18;1;13;1:52.055;0;;35.741;0;38.068;0;38.246;0;186.1;40:05.902;09:55:05.902;0:35.741;0:38.068;0:38.246;263.4;Natan BIHEL;;LMP3;;M. Racing - YMR;Ligier;
18;1;14;1:58.675;0;B;35.917;0;37.478;0;45.280;0;175.7;42:04.577;09:57:04.577;0:35.917;0:37.478;0:45.280;262.1;Natan BIHEL;;LMP3;;M. Racing - YMR;Ligier;
18;0;15;18:04.190;0;;16:46.241;0;39.029;0;38.920;0;19.2;1:00:08.767;10:15:08.767;16:46.241;0:39.029;0:38.920;192.5;Laurent MILLARA;0:16:13.650;LMP3;;M. Racing - YMR;Ligier;
18;0;16;1:55.118;0;;36.971;0;38.580;0;39.567;0;181.2;1:02:03.885;10:17:03.885;0:36.971;0:38.580;0:39.567;242.7;Laurent MILLARA;;LMP3;;M. Racing - YMR;Ligier;
18;0;17;1:53.816;0;;36.014;0;38.934;0;38.868;0;183.2;1:03:57.701;10:18:57.701;0:36.014;0:38.934;0:38.868;260.2;Laurent MILLARA;;LMP3;;M. Racing - YMR;Ligier;
18;0;18;1:52.514;0;;35.893;0;38.391;0;38.230;0;185.4;1:05:50.215;10:20:50.215;0:35.893;0:38.391;0:38.230;262.8;Laurent MILLARA;;LMP3;;M. Racing - YMR;Ligier;
18;0;19;1:52.771;0;;35.655;0;38.676;0;38.440;0;184.9;1:07:42.986;10:22:42.986;0:35.655;0:38.676;0:38.440;261.5;Laurent MILLARA;;LMP3;;M. Racing - YMR;Ligier;
18;0;20;1:52.525;0;;35.797;0;38.703;0;38.025;0;185.3;1:09:35.511;10:24:35.511;0:35.797;0:38.703;0:38.025;262.1;Laurent MILLARA;;LMP3;;M. Racing - YMR;Ligier;
18;0;21;1:52.740;0;;35.741;0;38.577;0;38.422;0;185.0;1:11:28.251;10:26:28.251;0:35.741;0:38.577;0:38.422;262.1;Laurent MILLARA;;LMP3;;M. Racing - YMR;Ligier;
18;0;22;1:51.928;0;;35.446;1;38.513;0;37.969;1;186.3;1:13:20.179;10:28:20.179;0:35.446;0:38.513;0:37.969;263.4;Laurent MILLARA;;LMP3;;M. Racing - YMR;Ligier;
18;0;23;2:00.693;0;B;35.821;0;38.151;1;46.721;0;172.8;1:15:20.872;10:30:20.872;0:35.821;0:38.151;0:46.721;264.1;Laurent MILLARA;;LMP3;;M. Racing - YMR;Ligier;
18;1;24;5:11.341;0;;2:54.165;0;1:21.866;0;55.310;0;67.0;1:20:32.213;10:35:32.213;2:54.165;1:21.866;0:55.310;79.6;Natan BIHEL;0:01:46.816;LMP3;;M. Racing - YMR;Ligier;
18;1;25;1:50.133;0;;35.654;0;37.199;0;37.280;0;189.4;1:22:22.346;10:37:22.346;0:35.654;0:37.199;0:37.280;263.4;Natan BIHEL;;LMP3;;M. Racing - YMR;Ligier;
18;1;26;1:48.931;0;;35.059;0;36.963;0;36.909;0;191.4;1:24:11.277;10:39:11.277;0:35.059;0:36.963;0:36.909;265.4;Natan BIHEL;;LMP3;;M. Racing - YMR;Ligier;
18;1;27;1:48.685;0;;35.120;0;36.941;0;36.624;0;191.9;1:25:59.962;10:40:59.962;0:35.120;0:36.941;0:36.624;265.4;Natan BIHEL;;LMP3;;M. Racing - YMR;Ligier;
18;1;28;1:48.174;2;;34.935;2;36.637;2;36.602;2;192.8;1:27:48.136;10:42:48.136;0:34.935;0:36.637;0:36.602;266.0;Natan BIHEL;;LMP3;;M. Racing - YMR;Ligier;
18;1;29;1:56.872;0;B;35.031;0;37.296;0;44.545;0;178.4;1:29:45.008;10:44:45.008;0:35.031;0:37.296;0:44.545;266.0;Natan BIHEL;;LMP3;;M. Racing - YMR;Ligier;
19;2;1;3:00.964;0;;1:40.840;0;41.889;0;38.235;0;109.1;3:00.964;09:18:00.964;1:40.840;0:41.889;0:38.235;190.1;Lucas LÉGERET;0:01:03.581;LMP3;;M. Racing - YMR;Norma;
19;2;2;1:50.193;0;;35.386;0;37.609;0;37.198;0;189.3;4:51.157;09:19:51.157;0:35.386;0:37.609;0:37.198;268.0;Lucas LÉGERET;;LMP3;;M. Racing - YMR;Norma;
19;2;3;1:49.580;0;;35.122;0;37.874;0;36.584;0;190.3;6:40.737;09:21:40.737;0:35.122;0:37.874;0:36.584;270.0;Lucas LÉGERET;;LMP3;;M. Racing - YMR;Norma;
19;2;4;1:48.005;0;;34.770;0;36.925;0;36.310;1;193.1;8:28.742;09:23:28.742;0:34.770;0:36.925;0:36.310;273.4;Lucas LÉGERET;;LMP3;;M. Racing - YMR;Norma;
19;2;5;1:47.509;0;;34.404;1;36.462;1;36.643;0;194.0;10:16.251;09:25:16.251;0:34.404;0:36.462;0:36.643;275.5;Lucas LÉGERET;;LMP3;;M. Racing - YMR;Norma;
19;2;6;1:49.426;0;;34.517;0;38.357;0;36.552;0;190.6;12:05.677;09:27:05.677;0:34.517;0:38.357;0:36.552;272.0;Lucas LÉGERET;;LMP3;;M. Racing - YMR;Norma;
19;2;7;1:54.090;0;B;34.524;0;36.996;0;42.570;0;182.8;13:59.767;09:28:59.767;0:34.524;0:36.996;0:42.570;274.1;Lucas LÉGERET;;LMP3;;M. Racing - YMR;Norma;
19;2;8;3:52.965;0;;2:38.285;0;37.629;0;37.051;0;89.5;17:52.732;09:32:52.732;2:38.285;0:37.629;0:37.051;184.9;Lucas LÉGERET;0:02:03.594;LMP3;;M. Racing - YMR;Norma;
19;2;9;1:49.992;0;;34.851;0;38.304;0;36.837;0;189.6;19:42.724;09:34:42.724;0:34.851;0:38.304;0:36.837;262.1;Lucas LÉGERET;;LMP3;;M. Racing - YMR;Norma;
19;2;10;1:49.079;0;;34.787;0;37.350;0;36.942;0;191.2;21:31.803;09:36:31.803;0:34.787;0:37.350;0:36.942;271.4;Lucas LÉGERET;;LMP3;;M. Racing - YMR;Norma;
19;2;11;1:49.693;0;;34.964;0;37.665;0;37.064;0;190.1;23:21.496;09:38:21.496;0:34.964;0:37.665;0:37.064;261.5;Lucas LÉGERET;;LMP3;;M. Racing - YMR;Norma;
19;2;12;1:48.994;0;;34.663;0;37.385;0;36.946;0;191.3;25:10.490;09:40:10.490;0:34.663;0:37.385;0:36.946;270.7;Lucas LÉGERET;;LMP3;;M. Racing - YMR;Norma;
19;2;13;1:48.527;0;;34.719;0;37.038;0;36.770;0;192.2;26:59.017;09:41:59.017;0:34.719;0:37.038;0:36.770;272.0;Lucas LÉGERET;;LMP3;;M. Racing - YMR;Norma;
19;2;14;2:40.123;0;B;34.805;0;36.925;0;1:28.393;0;130.2;29:39.140;09:44:39.140;0:34.805;0:36.925;1:28.393;270.7;Lucas LÉGERET;;LMP3;;M. Racing - YMR;Norma;
19;0;15;4:14.317;0;;2:56.785;0;39.491;0;38.041;0;82.0;33:53.457;09:48:53.457;2:56.785;0:39.491;0:38.041;197.4;Nicolas FERRER;0:02:24.686;LMP3;;M. Racing - YMR;Norma;
19;0;16;1:51.121;0;;35.520;0;;0;;0;187.7;35:44.578;09:50:44.578;0:35.520;;;270.0;Nicolas FERRER;;LMP3;;M. Racing - YMR;Norma;
19;0;17;1:49.770;0;;;0;;0;37.320;0;190.0;37:34.348;09:52:34.348;;;0:37.320;271.4;Nicolas FERRER;;LMP3;;M. Racing - YMR;Norma;
19;0;18;1:49.392;0;;34.936;0;37.165;0;37.291;0;190.6;39:23.740;09:54:23.740;0:34.936;0:37.165;0:37.291;273.4;Nicolas FERRER;;LMP3;;M. Racing - YMR;Norma;
19;0;19;1:49.171;0;;34.751;0;37.224;0;37.196;0;191.0;41:12.911;09:56:12.911;0:34.751;0:37.224;0:37.196;273.4;Nicolas FERRER;;LMP3;;M. Racing - YMR;Norma;
19;0;20;1:49.994;0;;35.174;0;37.064;0;37.756;0;189.6;43:02.905;09:58:02.905;0:35.174;0:37.064;0:37.756;268.0;Nicolas FERRER;;LMP3;;M. Racing - YMR;Norma;
19;0;21;1:48.931;0;;34.736;1;37.004;1;37.191;0;191.4;44:51.836;09:59:51.836;0:34.736;0:37.004;0:37.191;273.4;Nicolas FERRER;;LMP3;;M. Racing - YMR;Norma;
19;0;22;1:51.545;0;;35.442;0;38.331;0;37.772;0;187.0;46:43.381;10:01:43.381;0:35.442;0:38.331;0:37.772;272.7;Nicolas FERRER;;LMP3;;M. Racing - YMR;Norma;
19;0;23;2:45.009;0;B;35.075;0;41.745;0;1:28.189;0;126.4;49:28.390;10:04:28.390;0:35.075;0:41.745;1:28.189;272.7;Nicolas FERRER;;LMP3;;M. Racing - YMR;Norma;
19;0;24;10:17.164;0;;8:58.927;0;39.300;0;38.937;0;33.8;59:45.554;10:14:45.554;8:58.927;0:39.300;0:38.937;203.4;Nicolas FERRER;0:08:27.765;LMP3;;M. Racing - YMR;Norma;
19;0;25;1:51.112;0;;35.503;0;37.789;0;37.820;0;187.7;1:01:36.666;10:16:36.666;0:35.503;0:37.789;0:37.820;262.1;Nicolas FERRER;;LMP3;;M. Racing - YMR;Norma;
19;0;26;1:50.009;0;;35.041;0;37.240;0;37.728;0;189.6;1:03:26.675;10:18:26.675;0:35.041;0:37.240;0:37.728;272.0;Nicolas FERRER;;LMP3;;M. Racing - YMR;Norma;
19;0;27;1:50.031;0;;34.798;0;38.111;0;37.122;1;189.5;1:05:16.706;10:20:16.706;0:34.798;0:38.111;0:37.122;272.7;Nicolas FERRER;;LMP3;;M. Racing - YMR;Norma;
19;0;28;1:49.596;0;;35.146;0;37.245;0;37.205;0;190.3;1:07:06.302;10:22:06.302;0:35.146;0:37.245;0:37.205;271.4;Nicolas FERRER;;LMP3;;M. Racing - YMR;Norma;
19;0;29;1:49.430;0;;34.758;0;37.005;0;37.667;0;190.6;1:08:55.732;10:23:55.732;0:34.758;0:37.005;0:37.667;272.7;Nicolas FERRER;;LMP3;;M. Racing - YMR;Norma;
19;0;30;2:00.112;0;B;35.811;0;39.098;0;45.203;0;173.6;1:10:55.844;10:25:55.844;0:35.811;0:39.098;0:45.203;257.8;Nicolas FERRER;;LMP3;;M. Racing - YMR;Norma;
19;1;31;4:03.809;0;;2:41.375;0;41.524;0;40.910;0;85.5;1:14:59.653;10:29:59.653;2:41.375;0:41.524;0:40.910;175.6;David DROUX;0:02:02.498;LMP3;;M. Racing - YMR;Norma;
19;1;32;3:51.395;0;B;55.818;0;1:21.705;0;1:33.872;0;90.1;1:18:51.048;10:33:51.048;0:55.818;1:21.705;1:33.872;272.7;David DROUX;;LMP3;;M. Racing - YMR;Norma;
19;1;33;4:00.623;0;;2:42.800;0;41.087;0;36.736;0;86.7;1:22:51.671;10:37:51.671;2:42.800;0:41.087;0:36.736;202.6;David DROUX;0:02:12.441;LMP3;;M. Racing - YMR;Norma;
19;1;34;1:46.623;2;;34.402;2;36.185;0;36.036;2;195.6;1:24:38.294;10:39:38.294;0:34.402;0:36.185;0:36.036;272.7;David DROUX;;LMP3;;M. Racing - YMR;Norma;
19;1;35;1:51.600;0;;34.801;0;37.848;0;38.951;0;186.9;1:26:29.894;10:41:29.894;0:34.801;0:37.848;0:38.951;274.1;David DROUX;;LMP3;;M. Racing - YMR;Norma;
19;1;36;1:46.719;0;;34.437;0;36.137;0;36.145;0;195.4;1:28:16.613;10:43:16.613;0:34.437;0:36.137;0:36.145;270.0;David DROUX;;LMP3;;M. Racing - YMR;Norma;
19;1;37;1:53.618;0;B;34.559;0;36.034;2;43.025;0;183.6;1:30:10.231;10:45:10.231;0:34.559;0:36.034;0:43.025;272.7;David DROUX;;LMP3;;M. Racing - YMR;Norma;
2;1;1;3:15.036;0;;1:53.849;0;39.543;0;41.644;0;101.2;3:15.036;09:18:15.036;1:53.849;0:39.543;0:41.644;141.0;Sean RAYHALL;0:01:08.059;LMP3;;United Autosports;Ligier;
2;1;2;1:49.500;0;;35.508;0;37.054;0;36.938;0;190.5;5:04.536;09:20:04.536;0:35.508;0:37.054;0:36.938;264.1;Sean RAYHALL;;LMP3;;United Autosports;Ligier;
2;1;3;1:48.969;0;;34.933;0;37.396;0;36.640;0;191.4;6:53.505;09:21:53.505;0:34.933;0:37.396;0:36.640;268.7;Sean RAYHALL;;LMP3;;United Autosports;Ligier;
2;1;4;1:48.591;0;;34.957;0;37.053;0;36.581;2;192.0;8:42.096;09:23:42.096;0:34.957;0:37.053;0:36.581;269.3;Sean RAYHALL;;LMP3;;United Autosports;Ligier;
2;1;5;1:50.321;0;;34.816;0;36.946;0;38.559;0;189.0;10:32.417;09:25:32.417;0:34.816;0:36.946;0:38.559;271.4;Sean RAYHALL;;LMP3;;United Autosports;Ligier;
2;1;6;1:48.559;0;;34.642;0;36.910;0;37.007;0;192.1;12:20.976;09:27:20.976;0:34.642;0:36.910;0:37.007;270.0;Sean RAYHALL;;LMP3;;United Autosports;Ligier;
2;1;7;1:48.495;0;;34.651;0;37.061;0;36.783;0;192.2;14:09.471;09:29:09.471;0:34.651;0:37.061;0:36.783;267.3;Sean RAYHALL;;LMP3;;United Autosports;Ligier;
2;1;8;1:47.710;2;;34.515;2;36.614;2;36.581;0;193.6;15:57.181;09:30:57.181;0:34.515;0:36.614;0:36.581;270.7;Sean RAYHALL;;LMP3;;United Autosports;Ligier;
2;1;9;1:56.413;0;B;35.431;0;37.225;0;43.757;0;179.1;17:53.594;09:32:53.594;0:35.431;0:37.225;0:43.757;246.6;Sean RAYHALL;;LMP3;;United Autosports;Ligier;
2;0;10;3:43.595;0;;2:26.696;0;38.951;0;37.948;0;93.3;21:37.189;09:36:37.189;2:26.696;0:38.951;0:37.948;167.4;John FALB;0:01:55.177;LMP3;;United Autosports;Ligier;
2;0;11;1:51.495;0;;35.338;0;38.349;0;37.808;0;187.0;23:28.684;09:38:28.684;0:35.338;0:38.349;0:37.808;266.0;John FALB;;LMP3;;United Autosports;Ligier;
2;0;12;1:51.077;0;;35.082;0;38.291;0;37.704;0;187.8;25:19.761;09:40:19.761;0:35.082;0:38.291;0:37.704;269.3;John FALB;;LMP3;;United Autosports;Ligier;
2;0;13;1:50.843;0;;35.243;0;37.634;0;37.966;0;188.1;27:10.604;09:42:10.604;0:35.243;0:37.634;0:37.966;267.3;John FALB;;LMP3;;United Autosports;Ligier;
2;0;14;2:56.880;0;;35.197;0;49.884;0;1:31.799;0;117.9;30:07.484;09:45:07.484;0:35.197;0:49.884;1:31.799;267.3;John FALB;;LMP3;;United Autosports;Ligier;
2;0;15;2:24.328;0;;1:07.550;0;38.568;0;38.210;0;144.5;32:31.812;09:47:31.812;1:07.550;0:38.568;0:38.210;80.1;John FALB;;LMP3;;United Autosports;Ligier;
2;0;16;1:50.977;0;;35.199;0;37.849;0;37.929;0;187.9;34:22.789;09:49:22.789;0:35.199;0:37.849;0:37.929;268.7;John FALB;;LMP3;;United Autosports;Ligier;
2;0;17;1:50.448;0;;35.047;0;37.818;0;37.583;0;188.8;36:13.237;09:51:13.237;0:35.047;0:37.818;0:37.583;269.3;John FALB;;LMP3;;United Autosports;Ligier;
2;0;18;1:50.611;0;;35.365;0;37.575;0;37.671;0;188.5;38:03.848;09:53:03.848;0:35.365;0:37.575;0:37.671;270.0;John FALB;;LMP3;;United Autosports;Ligier;
2;0;19;1:50.329;0;;34.970;0;37.543;0;37.816;0;189.0;39:54.177;09:54:54.177;0:34.970;0:37.543;0:37.816;268.0;John FALB;;LMP3;;United Autosports;Ligier;
2;0;20;1:50.611;0;;34.955;1;37.791;0;37.865;0;188.5;41:44.788;09:56:44.788;0:34.955;0:37.791;0:37.865;270.0;John FALB;;LMP3;;United Autosports;Ligier;
2;0;21;1:50.209;0;;35.086;0;37.504;1;37.619;0;189.2;43:34.997;09:58:34.997;0:35.086;0:37.504;0:37.619;270.0;John FALB;;LMP3;;United Autosports;Ligier;
2;0;22;1:50.121;0;;35.154;0;37.516;0;37.451;1;189.4;45:25.118;10:00:25.118;0:35.154;0:37.516;0:37.451;269.3;John FALB;;LMP3;;United Autosports;Ligier;
2;0;23;1:50.216;0;;35.017;0;37.618;0;37.581;0;189.2;47:15.334;10:02:15.334;0:35.017;0:37.618;0:37.581;268.7;John FALB;;LMP3;;United Autosports;Ligier;
2;0;24;3:34.868;0;B;35.044;0;1:19.594;0;1:40.230;0;97.1;50:50.202;10:05:50.202;0:35.044;1:19.594;1:40.230;270.0;John FALB;;LMP3;;United Autosports;Ligier;
2;0;25;10:28.566;0;;9:10.460;0;39.716;0;38.390;0;33.2;1:01:18.768;10:16:18.768;9:10.460;0:39.716;0:38.390;194.9;John FALB;0:08:38.693;LMP3;;United Autosports;Ligier;
2;0;26;1:51.585;0;;35.373;0;38.108;0;38.104;0;186.9;1:03:10.353;10:18:10.353;0:35.373;0:38.108;0:38.104;266.0;John FALB;;LMP3;;United Autosports;Ligier;
2;0;27;1:52.784;0;;36.517;0;38.024;0;38.243;0;184.9;1:05:03.137;10:20:03.137;0:36.517;0:38.024;0:38.243;254.7;John FALB;;LMP3;;United Autosports;Ligier;
2;0;28;1:50.869;0;;35.135;0;37.664;0;38.070;0;188.1;1:06:54.006;10:21:54.006;0:35.135;0:37.664;0:38.070;268.7;John FALB;;LMP3;;United Autosports;Ligier;
2;0;29;1:50.588;0;;35.434;0;37.586;0;37.568;0;188.6;1:08:44.594;10:23:44.594;0:35.434;0:37.586;0:37.568;267.3;John FALB;;LMP3;;United Autosports;Ligier;
2;0;30;1:51.102;0;;35.146;0;38.283;0;37.673;0;187.7;1:10:35.696;10:25:35.696;0:35.146;0:38.283;0:37.673;268.0;John FALB;;LMP3;;United Autosports;Ligier;
2;0;31;1:51.084;0;;35.314;0;38.099;0;37.671;0;187.7;1:12:26.780;10:27:26.780;0:35.314;0:38.099;0:37.671;268.7;John FALB;;LMP3;;United Autosports;Ligier;
2;0;32;1:58.833;0;B;36.287;0;38.597;0;43.949;0;175.5;1:14:25.613;10:29:25.613;0:36.287;0:38.597;0:43.949;267.3;John FALB;;LMP3;;United Autosports;Ligier;
2;1;33;6:04.420;0;;3:46.093;0;1:20.788;0;57.539;0;57.2;1:20:30.033;10:35:30.033;3:46.093;1:20.788;0:57.539;80.5;Sean RAYHALL;0:02:38.528;LMP3;;United Autosports;Ligier;
2;1;34;1:56.855;0;B;35.536;0;37.673;0;43.646;0;178.5;1:22:26.888;10:37:26.888;0:35.536;0:37.673;0:43.646;266.0;Sean RAYHALL;;LMP3;;United Autosports;Ligier;
20;2;1;2:50.143;0;;1:24.695;0;41.325;0;44.123;0;116.0;2:50.143;09:17:50.143;1:24.695;0:41.325;0:44.123;177.3;Alex FONTANA;0:00:46.355;LMP3;;Racing for Poland;Ligier;
20;2;2;1:53.659;0;;36.729;0;39.039;0;37.891;0;183.5;4:43.802;09:19:43.802;0:36.729;0:39.039;0:37.891;225.5;Alex FONTANA;;LMP3;;Racing for Poland;Ligier;
20;2;3;1:49.883;0;;35.363;0;37.252;0;37.268;0;189.8;6:33.685;09:21:33.685;0:35.363;0:37.252;0:37.268;264.1;Alex FONTANA;;LMP3;;Racing for Poland;Ligier;
20;2;4;1:49.502;0;;34.935;0;37.013;0;37.554;0;190.5;8:23.187;09:23:23.187;0:34.935;0:37.013;0:37.554;266.7;Alex FONTANA;;LMP3;;Racing for Poland;Ligier;
20;2;5;1:57.841;0;B;35.164;0;37.103;0;45.574;0;177.0;10:21.028;09:25:21.028;0:35.164;0:37.103;0:45.574;268.0;Alex FONTANA;;LMP3;;Racing for Poland;Ligier;
20;2;6;5:33.855;0;;4:14.624;0;40.689;0;38.542;0;62.5;15:54.883;09:30:54.883;4:14.624;0:40.689;0:38.542;205.3;Alex FONTANA;0:03:43.627;LMP3;;Racing for Poland;Ligier;
20;2;7;1:49.326;0;;35.032;0;36.956;0;37.338;0;190.8;17:44.209;09:32:44.209;0:35.032;0:36.956;0:37.338;264.7;Alex FONTANA;;LMP3;;Racing for Poland;Ligier;
20;2;8;1:49.042;0;;35.026;0;37.019;0;36.997;0;191.3;19:33.251;09:34:33.251;0:35.026;0:37.019;0:36.997;265.4;Alex FONTANA;;LMP3;;Racing for Poland;Ligier;
20;2;9;1:48.857;0;;34.835;0;37.021;0;37.001;0;191.6;21:22.108;09:36:22.108;0:34.835;0:37.021;0:37.001;267.3;Alex FONTANA;;LMP3;;Racing for Poland;Ligier;
20;2;10;1:48.784;0;;34.907;0;36.900;0;36.977;0;191.7;23:10.892;09:38:10.892;0:34.907;0:36.900;0:36.977;267.3;Alex FONTANA;;LMP3;;Racing for Poland;Ligier;
20;2;11;2:00.883;0;B;35.170;0;38.092;0;47.621;0;172.5;25:11.775;09:40:11.775;0:35.170;0:38.092;0:47.621;266.7;Alex FONTANA;;LMP3;;Racing for Poland;Ligier;
20;1;12;6:53.529;0;B;4:43.547;0;1:16.673;0;53.309;0;50.4;32:05.304;09:47:05.304;4:43.547;1:16.673;0:53.309;79.8;Tomasz BLICHARSKI;0:03:33.692;LMP3;;Racing for Poland;Ligier;
20;1;13;10:49.760;0;;9:27.102;0;42.123;0;40.535;0;32.1;42:55.064;09:57:55.064;9:27.102;0:42.123;0:40.535;193.5;Tomasz BLICHARSKI;0:08:53.076;LMP3;;Racing for Poland;Ligier;
20;1;14;1:56.566;0;;36.485;0;40.230;0;39.851;0;178.9;44:51.630;09:59:51.630;0:36.485;0:40.230;0:39.851;264.1;Tomasz BLICHARSKI;;LMP3;;Racing for Poland;Ligier;
20;1;15;1:58.951;0;;37.853;0;40.992;0;40.106;0;175.3;46:50.581;10:01:50.581;0:37.853;0:40.992;0:40.106;264.1;Tomasz BLICHARSKI;;LMP3;;Racing for Poland;Ligier;
20;1;16;3:39.032;0;B;37.042;0;1:24.596;0;1:37.394;0;95.2;50:29.613;10:05:29.613;0:37.042;1:24.596;1:37.394;265.4;Tomasz BLICHARSKI;;LMP3;;Racing for Poland;Ligier;
20;1;17;9:41.149;0;B;7:39.347;0;59.375;0;1:02.427;0;35.9;1:00:10.762;10:15:10.762;7:39.347;0:59.375;1:02.427;165.1;Tomasz BLICHARSKI;0:07:02.482;LMP3;;Racing for Poland;Ligier;
20;1;18;4:46.033;0;;3:23.971;0;41.458;0;40.604;0;72.9;1:04:56.795;10:19:56.795;3:23.971;0:41.458;0:40.604;179.4;Tomasz BLICHARSKI;0:02:47.958;LMP3;;Racing for Poland;Ligier;
20;1;19;1:57.725;0;;36.257;0;40.622;0;40.846;0;177.1;1:06:54.520;10:21:54.520;0:36.257;0:40.622;0:40.846;264.1;Tomasz BLICHARSKI;;LMP3;;Racing for Poland;Ligier;
20;1;20;1:56.666;0;;36.372;0;40.139;0;40.155;0;178.8;1:08:51.186;10:23:51.186;0:36.372;0:40.139;0:40.155;264.1;Tomasz BLICHARSKI;;LMP3;;Racing for Poland;Ligier;
20;1;21;1:59.558;0;;38.278;0;40.773;0;40.507;0;174.4;1:10:50.744;10:25:50.744;0:38.278;0:40.773;0:40.507;263.4;Tomasz BLICHARSKI;;LMP3;;Racing for Poland;Ligier;
20;1;22;1:57.786;0;;37.529;0;40.479;0;39.778;1;177.1;1:12:48.530;10:27:48.530;0:37.529;0:40.479;0:39.778;263.4;Tomasz BLICHARSKI;;LMP3;;Racing for Poland;Ligier;
20;1;23;1:55.517;0;;36.022;1;39.661;1;39.834;0;180.5;1:14:44.047;10:29:44.047;0:36.022;0:39.661;0:39.834;265.4;Tomasz BLICHARSKI;;LMP3;;Racing for Poland;Ligier;
20;1;24;3:31.379;0;B;38.325;0;1:18.468;0;1:34.586;0;98.7;1:18:15.426;10:33:15.426;0:38.325;1:18.468;1:34.586;251.7;Tomasz BLICHARSKI;;LMP3;;Racing for Poland;Ligier;
20;2;25;3:45.670;0;;2:23.854;0;42.553;0;39.263;0;92.4;1:22:01.096;10:37:01.096;2:23.854;0:42.553;0:39.263;194.9;Alex FONTANA;0:01:49.289;LMP3;;Racing for Poland;Ligier;
20;2;26;1:49.164;0;;35.283;0;36.865;0;37.016;0;191.0;1:23:50.260;10:38:50.260;0:35.283;0:36.865;0:37.016;268.0;Alex FONTANA;;LMP3;;Racing for Poland;Ligier;
20;2;27;2:06.096;0;;35.387;0;43.541;0;47.168;0;165.4;1:25:56.356;10:40:56.356;0:35.387;0:43.541;0:47.168;271.4;Alex FONTANA;;LMP3;;Racing for Poland;Ligier;
20;2;28;1:48.123;0;;34.810;0;36.591;0;36.722;0;192.9;1:27:44.479;10:42:44.479;0:34.810;0:36.591;0:36.722;270.0;Alex FONTANA;;LMP3;;Racing for Poland;Ligier;
20;2;29;1:48.949;0;;35.018;0;36.713;0;37.218;0;191.4;1:29:33.428;10:44:33.428;0:35.018;0:36.713;0:37.218;270.0;Alex FONTANA;;LMP3;;Racing for Poland;Ligier;
20;2;30;1:47.651;2;;34.670;2;36.416;2;36.565;2;193.7;1:31:21.079;10:46:21.079;0:34.670;0:36.416;0:36.565;268.0;Alex FONTANA;;LMP3;;Racing for Poland;Ligier;
21;1;1;2:15.619;0;B;56.917;0;37.109;0;41.593;0;145.6;2:15.619;09:17:15.619;0:56.917;0:37.109;0:41.593;185.2;Ben HANLEY;0:00:21.667;LMP2;;DragonSpeed;Oreca;
21;1;2;11:24.955;0;;10:17.747;0;33.798;0;33.410;0;30.4;13:40.574;09:28:40.574;10:17.747;0:33.798;0:33.410;220.9;Ben HANLEY;0:09:49.359;LMP2;;DragonSpeed;Oreca;
21;1;3;1:39.492;0;;31.356;0;34.263;0;33.873;0;209.6;15:20.066;09:30:20.066;0:31.356;0:34.263;0:33.873;304.2;Ben HANLEY;;LMP2;;DragonSpeed;Oreca;
21;1;4;1:39.134;0;;31.190;0;34.626;0;33.318;0;210.4;16:59.200;09:31:59.200;0:31.190;0:34.626;0:33.318;305.1;Ben HANLEY;;LMP2;;DragonSpeed;Oreca;
21;1;5;1:36.671;0;;31.381;0;32.679;0;32.611;0;215.7;18:35.871;09:33:35.871;0:31.381;0:32.679;0:32.611;305.9;Ben HANLEY;;LMP2;;DragonSpeed;Oreca;
21;1;6;1:37.189;0;;31.396;0;32.668;3;33.125;0;214.6;20:13.060;09:35:13.060;0:31.396;0:32.668;0:33.125;305.1;Ben HANLEY;;LMP2;;DragonSpeed;Oreca;
21;1;7;1:36.091;2;;31.133;2;32.720;0;32.238;2;217.0;21:49.151;09:36:49.151;0:31.133;0:32.720;0:32.238;306.8;Ben HANLEY;;LMP2;;DragonSpeed;Oreca;
21;1;8;1:45.042;0;B;31.411;0;33.325;0;40.306;0;198.5;23:34.193;09:38:34.193;0:31.411;0:33.325;0:40.306;306.8;Ben HANLEY;;LMP2;;DragonSpeed;Oreca;
21;1;9;2:44.917;0;;1:38.489;0;33.400;0;33.028;0;126.5;26:19.110;09:41:19.110;1:38.489;0:33.400;0:33.028;235.3;Ben HANLEY;0:01:11.660;LMP2;;DragonSpeed;Oreca;
21;1;10;1:40.574;0;;32.643;0;34.754;0;33.177;0;207.4;27:59.684;09:42:59.684;0:32.643;0:34.754;0:33.177;305.9;Ben HANLEY;;LMP2;;DragonSpeed;Oreca;
21;1;11;3:28.464;0;B;57.854;0;1:21.442;0;1:09.168;0;100.0;31:28.148;09:46:28.148;0:57.854;1:21.442;1:09.168;300.8;Ben HANLEY;;LMP2;;DragonSpeed;Oreca;
21;0;12;3:10.016;0;;2:00.070;0;35.476;0;34.470;0;109.8;34:38.164;09:49:38.164;2:00.070;0:35.476;0:34.470;206.5;Henrik HEDMAN;0:01:29.197;LMP2;;DragonSpeed;Oreca;
21;0;13;1:40.958;0;;32.079;0;34.512;0;34.367;0;206.6;36:19.122;09:51:19.122;0:32.079;0:34.512;0:34.367;293.5;Henrik HEDMAN;;LMP2;;DragonSpeed;Oreca;
21;0;14;1:41.150;0;;32.241;0;34.847;0;34.062;0;206.2;38:00.272;09:53:00.272;0:32.241;0:34.847;0:34.062;295.9;Henrik HEDMAN;;LMP2;;DragonSpeed;Oreca;
21;0;15;1:39.971;0;;32.085;0;34.177;0;33.709;0;208.6;39:40.243;09:54:40.243;0:32.085;0:34.177;0:33.709;292.7;Henrik HEDMAN;;LMP2;;DragonSpeed;Oreca;
21;0;16;1:41.118;0;;32.745;0;34.575;0;33.798;0;206.2;41:21.361;09:56:21.361;0:32.745;0:34.575;0:33.798;243.2;Henrik HEDMAN;;LMP2;;DragonSpeed;Oreca;
21;0;17;1:39.809;0;;31.926;0;34.206;0;33.677;1;208.9;43:01.170;09:58:01.170;0:31.926;0:34.206;0:33.677;300.8;Henrik HEDMAN;;LMP2;;DragonSpeed;Oreca;
21;0;18;1:42.153;0;;32.354;0;35.649;0;34.150;0;204.2;44:43.323;09:59:43.323;0:32.354;0:35.649;0:34.150;272.7;Henrik HEDMAN;;LMP2;;DragonSpeed;Oreca;
21;0;19;1:42.369;0;;31.943;0;34.071;1;36.355;0;203.7;46:25.692;10:01:25.692;0:31.943;0:34.071;0:36.355;302.5;Henrik HEDMAN;;LMP2;;DragonSpeed;Oreca;
21;0;20;1:56.424;0;B;31.857;1;34.259;0;50.308;0;179.1;48:22.116;10:03:22.116;0:31.857;0:34.259;0:50.308;303.4;Henrik HEDMAN;;LMP2;;DragonSpeed;Oreca;
21;2;21;10:45.892;0;;9:36.151;0;36.090;0;33.651;0;32.3;59:08.008;10:14:08.008;9:36.151;0:36.090;0:33.651;199.3;Nicolas LAPIERRE;0:09:07.227;LMP2;;DragonSpeed;Oreca;
21;2;22;1:39.280;0;;31.529;0;34.758;0;32.993;0;210.1;1:00:47.288;10:15:47.288;0:31.529;0:34.758;0:32.993;304.2;Nicolas LAPIERRE;;LMP2;;DragonSpeed;Oreca;
21;2;23;1:37.821;0;;31.643;0;33.564;0;32.614;0;213.2;1:02:25.109;10:17:25.109;0:31.643;0:33.564;0:32.614;305.1;Nicolas LAPIERRE;;LMP2;;DragonSpeed;Oreca;
21;2;24;1:41.967;0;;31.415;0;34.286;0;36.266;0;204.5;1:04:07.076;10:19:07.076;0:31.415;0:34.286;0:36.266;305.1;Nicolas LAPIERRE;;LMP2;;DragonSpeed;Oreca;
21;2;25;1:37.397;0;;31.384;0;33.373;0;32.640;0;214.1;1:05:44.473;10:20:44.473;0:31.384;0:33.373;0:32.640;305.9;Nicolas LAPIERRE;;LMP2;;DragonSpeed;Oreca;
21;2;26;1:37.335;0;;31.463;0;33.351;1;32.521;1;214.3;1:07:21.808;10:22:21.808;0:31.463;0:33.351;0:32.521;304.2;Nicolas LAPIERRE;;LMP2;;DragonSpeed;Oreca;
21;2;27;1:37.813;0;;31.377;1;33.818;0;32.618;0;213.2;1:08:59.621;10:23:59.621;0:31.377;0:33.818;0:32.618;306.8;Nicolas LAPIERRE;;LMP2;;DragonSpeed;Oreca;
21;2;28;1:39.390;0;;31.572;0;34.938;0;32.880;0;209.8;1:10:39.011;10:25:39.011;0:31.572;0:34.938;0:32.880;305.9;Nicolas LAPIERRE;;LMP2;;DragonSpeed;Oreca;
21;2;29;1:39.614;0;;32.269;0;34.116;0;33.229;0;209.4;1:12:18.625;10:27:18.625;0:32.269;0:34.116;0:33.229;288.0;Nicolas LAPIERRE;;LMP2;;DragonSpeed;Oreca;
21;2;30;1:45.967;0;B;31.463;0;34.170;0;40.334;0;196.8;1:14:04.592;10:29:04.592;0:31.463;0:34.170;0:40.334;302.5;Nicolas LAPIERRE;;LMP2;;DragonSpeed;Oreca;
21;1;31;7:21.168;0;;6:13.164;0;34.594;0;33.410;0;47.3;1:21:25.760;10:36:25.760;6:13.164;0:34.594;0:33.410;80.1;Ben HANLEY;0:05:26.038;LMP2;;DragonSpeed;Oreca;
21;1;32;1:39.008;0;;31.679;0;34.354;0;32.975;0;210.6;1:23:04.768;10:38:04.768;0:31.679;0:34.354;0:32.975;303.4;Ben HANLEY;;LMP2;;DragonSpeed;Oreca;
21;1;33;1:46.336;0;B;31.568;0;34.119;0;40.649;0;196.1;1:24:51.104;10:39:51.104;0:31.568;0:34.119;0:40.649;306.8;Ben HANLEY;;LMP2;;DragonSpeed;Oreca;
21;1;34;2:31.582;0;;1:23.594;0;33.596;0;34.392;0;137.6;1:27:22.686;10:42:22.686;1:23.594;0:33.596;0:34.392;237.4;Ben HANLEY;0:00:56.824;LMP2;;DragonSpeed;Oreca;
21;1;35;1:38.053;0;;31.613;0;33.378;0;33.062;0;212.7;1:29:00.739;10:44:00.739;0:31.613;0:33.378;0:33.062;306.8;Ben HANLEY;;LMP2;;DragonSpeed;Oreca;
21;1;36;1:37.503;0;;31.462;0;33.214;0;32.827;0;213.9;1:30:38.242;10:45:38.242;0:31.462;0:33.214;0:32.827;306.8;Ben HANLEY;;LMP2;;DragonSpeed;Oreca;
22;1;1;2:03.167;0;;48.204;0;37.486;0;37.477;0;160.3;2:03.167;09:17:03.167;0:48.204;0:37.486;0:37.477;169.8;Filipe ALBUQUERQUE;0:00:11.228;LMP2;;United Autosports;Ligier;
22;1;2;1:39.278;0;;32.169;0;33.928;0;33.181;0;210.1;3:42.445;09:18:42.445;0:32.169;0:33.928;0:33.181;297.5;Filipe ALBUQUERQUE;;LMP2;;United Autosports;Ligier;
22;1;3;1:38.478;0;;31.782;0;33.609;0;33.087;0;211.8;5:20.923;09:20:20.923;0:31.782;0:33.609;0:33.087;302.5;Filipe ALBUQUERQUE;;LMP2;;United Autosports;Ligier;
22;1;4;1:49.470;0;B;31.681;0;35.438;0;42.351;0;190.5;7:10.393;09:22:10.393;0:31.681;0:35.438;0:42.351;302.5;Filipe ALBUQUERQUE;;LMP2;;United Autosports;Ligier;
22;1;5;9:10.515;0;;7:57.930;0;34.830;0;37.755;0;37.9;16:20.908;09:31:20.908;7:57.930;0:34.830;0:37.755;236.3;Filipe ALBUQUERQUE;0:07:30.610;LMP2;;United Autosports;Ligier;
22;1;6;1:38.390;0;;31.539;0;33.779;0;33.072;0;212.0;17:59.298;09:32:59.298;0:31.539;0:33.779;0:33.072;303.4;Filipe ALBUQUERQUE;;LMP2;;United Autosports;Ligier;
22;1;7;1:45.607;0;B;31.489;0;34.103;0;40.015;0;197.5;19:44.905;09:34:44.905;0:31.489;0:34.103;0:40.015;305.9;Filipe ALBUQUERQUE;;LMP2;;United Autosports;Ligier;
22;1;8;5:45.267;0;;4:35.768;0;34.358;0;35.141;0;60.4;25:30.172;09:40:30.172;4:35.768;0:34.358;0:35.141;234.3;Filipe ALBUQUERQUE;0:04:08.024;LMP2;;United Autosports;Ligier;
22;1;9;1:37.606;0;;31.378;0;33.353;2;32.875;0;213.7;27:07.778;09:42:07.778;0:31.378;0:33.353;0:32.875;303.4;Filipe ALBUQUERQUE;;LMP2;;United Autosports;Ligier;
22;1;10;2:35.407;0;B;31.281;2;34.280;0;1:29.846;0;134.2;29:43.185;09:44:43.185;0:31.281;0:34.280;1:29.846;304.2;Filipe ALBUQUERQUE;;LMP2;;United Autosports;Ligier;
22;0;11;4:45.397;0;;3:37.155;0;34.858;0;33.384;0;73.1;34:28.582;09:49:28.582;3:37.155;0:34.858;0:33.384;198.5;Philip HANSON;0:03:08.761;LMP2;;United Autosports;Ligier;
22;0;12;1:39.889;0;;31.721;0;35.197;0;32.971;0;208.8;36:08.471;09:51:08.471;0:31.721;0:35.197;0:32.971;304.2;Philip HANSON;;LMP2;;United Autosports;Ligier;
22;0;13;1:40.890;0;;31.597;0;34.076;0;35.217;0;206.7;37:49.361;09:52:49.361;0:31.597;0:34.076;0:35.217;304.2;Philip HANSON;;LMP2;;United Autosports;Ligier;
22;0;14;1:38.769;0;;32.586;0;33.562;1;32.621;2;211.1;39:28.130;09:54:28.130;0:32.586;0:33.562;0:32.621;276.9;Philip HANSON;;LMP2;;United Autosports;Ligier;
22;0;15;1:38.162;0;;31.549;1;33.977;0;32.636;0;212.5;41:06.292;09:56:06.292;0:31.549;0:33.977;0:32.636;304.2;Philip HANSON;;LMP2;;United Autosports;Ligier;
22;0;16;1:47.810;0;B;31.577;0;35.136;0;41.097;0;193.4;42:54.102;09:57:54.102;0:31.577;0:35.136;0:41.097;304.2;Philip HANSON;;LMP2;;United Autosports;Ligier;
22;0;17;4:54.086;0;;3:46.529;0;34.170;0;33.387;0;70.9;47:48.188;10:02:48.188;3:46.529;0:34.170;0:33.387;226.4;Philip HANSON;0:03:19.183;LMP2;;United Autosports;Ligier;
22;0;18;3:22.650;0;B;1:06.535;0;1:15.564;0;1:00.551;0;102.9;51:10.838;10:06:10.838;1:06.535;1:15.564;1:00.551;101.6;Philip HANSON;;LMP2;;United Autosports;Ligier;
22;0;19;7:47.585;0;;6:36.564;0;36.360;0;34.661;0;44.6;58:58.423;10:13:58.423;6:36.564;0:36.360;0:34.661;186.9;Philip HANSON;0:06:07.638;LMP2;;United Autosports;Ligier;
22;0;20;1:40.610;0;;32.344;0;34.872;0;33.394;0;207.3;1:00:39.033;10:15:39.033;0:32.344;0:34.872;0:33.394;284.2;Philip HANSON;;LMP2;;United Autosports;Ligier;
22;0;21;1:38.476;0;;31.825;0;33.568;0;33.083;0;211.8;1:02:17.509;10:17:17.509;0:31.825;0:33.568;0:33.083;300.8;Philip HANSON;;LMP2;;United Autosports;Ligier;
22;0;22;1:40.175;0;;31.820;0;33.609;0;34.746;0;208.2;1:03:57.684;10:18:57.684;0:31.820;0:33.609;0:34.746;301.7;Philip HANSON;;LMP2;;United Autosports;Ligier;
22;0;23;1:38.764;0;;32.113;0;33.741;0;32.910;0;211.2;1:05:36.448;10:20:36.448;0:32.113;0:33.741;0:32.910;300.0;Philip HANSON;;LMP2;;United Autosports;Ligier;
22;0;24;1:38.750;0;;31.761;0;33.583;0;33.406;0;211.2;1:07:15.198;10:22:15.198;0:31.761;0:33.583;0:33.406;302.5;Philip HANSON;;LMP2;;United Autosports;Ligier;
22;0;25;1:40.015;0;;31.906;0;33.586;0;34.523;0;208.5;1:08:55.213;10:23:55.213;0:31.906;0:33.586;0:34.523;294.3;Philip HANSON;;LMP2;;United Autosports;Ligier;
22;0;26;1:50.435;0;B;32.772;0;35.568;0;42.095;0;188.8;1:10:45.648;10:25:45.648;0:32.772;0:35.568;0:42.095;283.5;Philip HANSON;;LMP2;;United Autosports;Ligier;
22;1;27;4:37.981;0;;3:27.967;0;34.343;0;35.671;0;75.0;1:15:23.629;10:30:23.629;3:27.967;0:34.343;0:35.671;234.8;Filipe ALBUQUERQUE;0:03:00.214;LMP2;;United Autosports;Ligier;
22;1;28;4:04.541;0;;1:08.844;0;1:21.703;0;1:33.994;0;85.3;1:19:28.170;10:34:28.170;1:08.844;1:21.703;1:33.994;80.3;Filipe ALBUQUERQUE;;LMP2;;United Autosports;Ligier;
22;1;29;2:11.679;0;;58.002;0;35.563;0;38.114;0;158.4;1:21:39.849;10:36:39.849;0:58.002;0:35.563;0:38.114;89.4;Filipe ALBUQUERQUE;;LMP2;;United Autosports;Ligier;
22;1;30;1:38.379;0;;31.745;0;33.753;0;32.881;0;212.0;1:23:18.228;10:38:18.228;0:31.745;0:33.753;0:32.881;300.0;Filipe ALBUQUERQUE;;LMP2;;United Autosports;Ligier;
22;1;31;1:41.534;0;;31.534;0;34.508;0;35.492;0;205.4;1:24:59.762;10:39:59.762;0:31.534;0:34.508;0:35.492;301.7;Filipe ALBUQUERQUE;;LMP2;;United Autosports;Ligier;
22;1;32;1:37.695;0;;31.529;0;33.381;0;32.785;1;213.5;1:26:37.457;10:41:37.457;0:31.529;0:33.381;0:32.785;302.5;Filipe ALBUQUERQUE;;LMP2;;United Autosports;Ligier;
22;1;33;1:37.536;2;;31.358;0;33.364;0;32.814;0;213.8;1:28:14.993;10:43:14.993;0:31.358;0:33.364;0:32.814;304.2;Filipe ALBUQUERQUE;;LMP2;;United Autosports;Ligier;
22;1;34;1:39.932;0;;31.508;0;34.701;0;33.723;0;208.7;1:29:54.925;10:44:54.925;0:31.508;0:34.701;0:33.723;304.2;Filipe ALBUQUERQUE;;LMP2;;United Autosports;Ligier;
22;1;35;1:38.227;0;;31.495;0;33.747;0;32.985;0;212.3;1:31:33.152;10:46:33.152;0:31.495;0:33.747;0:32.985;305.9;Filipe ALBUQUERQUE;;LMP2;;United Autosports;Ligier;
23;2;1;8:53.590;0;;7:40.910;0;37.230;0;35.450;0;37.0;8:53.590;09:23:53.590;7:40.910;0:37.230;0:35.450;213.4;William STEVENS;0:07:06.459;LMP2;;Panis Barthez Competition;Ligier;
23;2;2;1:40.800;0;;32.275;0;33.902;0;34.623;0;206.9;10:34.390;09:25:34.390;0:32.275;0:33.902;0:34.623;301.7;William STEVENS;;LMP2;;Panis Barthez Competition;Ligier;
23;2;3;1:41.388;0;;32.206;0;34.653;0;34.529;0;205.7;12:15.778;09:27:15.778;0:32.206;0:34.653;0:34.529;298.3;William STEVENS;;LMP2;;Panis Barthez Competition;Ligier;
23;2;4;1:38.843;0;;31.585;0;33.845;0;33.413;0;211.0;13:54.621;09:28:54.621;0:31.585;0:33.845;0:33.413;305.9;William STEVENS;;LMP2;;Panis Barthez Competition;Ligier;
23;2;5;1:39.181;0;;31.878;0;33.931;0;33.372;0;210.3;15:33.802;09:30:33.802;0:31.878;0:33.931;0:33.372;299.2;William STEVENS;;LMP2;;Panis Barthez Competition;Ligier;
23;2;6;1:38.900;0;;31.735;0;34.076;0;33.089;0;210.9;17:12.702;09:32:12.702;0:31.735;0:34.076;0:33.089;305.1;William STEVENS;;LMP2;;Panis Barthez Competition;Ligier;
23;2;7;1:45.829;0;B;31.535;0;33.919;0;40.375;0;197.1;18:58.531;09:33:58.531;0:31.535;0:33.919;0:40.375;305.1;William STEVENS;;LMP2;;Panis Barthez Competition;Ligier;
23;2;8;5:55.088;0;;4:46.475;0;34.113;0;34.500;0;58.7;24:53.619;09:39:53.619;4:46.475;0:34.113;0:34.500;205.3;William STEVENS;0:04:18.288;LMP2;;Panis Barthez Competition;Ligier;
23;2;9;1:37.347;2;;31.267;2;33.323;0;32.757;0;214.2;26:30.966;09:41:30.966;0:31.267;0:33.323;0:32.757;306.8;William STEVENS;;LMP2;;Panis Barthez Competition;Ligier;
23;2;10;1:39.011;0;;31.400;0;34.619;0;32.992;0;210.6;28:09.977;09:43:09.977;0:31.400;0:34.619;0:32.992;305.1;William STEVENS;;LMP2;;Panis Barthez Competition;Ligier;
23;2;11;3:19.064;0;;1:06.822;0;1:21.576;0;50.666;0;104.8;31:29.041;09:46:29.041;1:06.822;1:21.576;0:50.666;80.1;William STEVENS;;LMP2;;Panis Barthez Competition;Ligier;
23;2;12;1:42.243;0;;32.720;0;33.691;0;35.832;0;204.0;33:11.284;09:48:11.284;0:32.720;0:33.691;0:35.832;280.5;William STEVENS;;LMP2;;Panis Barthez Competition;Ligier;
23;2;13;1:39.454;0;;32.299;0;34.458;0;32.697;0;209.7;34:50.738;09:49:50.738;0:32.299;0:34.458;0:32.697;305.9;William STEVENS;;LMP2;;Panis Barthez Competition;Ligier;
23;2;14;1:40.103;0;;31.868;0;35.581;0;32.654;2;208.3;36:30.841;09:51:30.841;0:31.868;0:35.581;0:32.654;307.7;William STEVENS;;LMP2;;Panis Barthez Competition;Ligier;
23;2;15;1:46.029;0;B;31.353;0;33.217;2;41.459;0;196.7;38:16.870;09:53:16.870;0:31.353;0:33.217;0:41.459;305.9;William STEVENS;;LMP2;;Panis Barthez Competition;Ligier;
23;1;16;8:20.512;0;;7:11.203;0;35.931;0;33.378;0;41.7;46:37.382;10:01:37.382;7:11.203;0:35.931;0:33.378;192.9;Julien CANAL;0:06:41.438;LMP2;;Panis Barthez Competition;Ligier;
23;1;17;2:36.871;0;B;31.806;0;38.613;0;1:26.452;0;132.9;49:14.253;10:04:14.253;0:31.806;0:38.613;1:26.452;299.2;Julien CANAL;;LMP2;;Panis Barthez Competition;Ligier;
23;1;18;9:41.263;0;;8:30.259;0;36.228;0;34.776;0;35.9;58:55.516;10:13:55.516;8:30.259;0:36.228;0:34.776;219.1;Julien CANAL;0:08:04.460;LMP2;;Panis Barthez Competition;Ligier;
23;1;19;1:39.981;0;;32.030;0;34.556;0;33.395;0;208.6;1:00:35.497;10:15:35.497;0:32.030;0:34.556;0:33.395;300.0;Julien CANAL;;LMP2;;Panis Barthez Competition;Ligier;
23;1;20;1:37.979;0;;31.687;0;33.376;1;32.916;1;212.8;1:02:13.476;10:17:13.476;0:31.687;0:33.376;0:32.916;304.2;Julien CANAL;;LMP2;;Panis Barthez Competition;Ligier;
23;1;21;1:39.102;0;;31.693;0;33.451;0;33.958;0;210.4;1:03:52.578;10:18:52.578;0:31.693;0:33.451;0:33.958;305.1;Julien CANAL;;LMP2;;Panis Barthez Competition;Ligier;
23;1;22;1:38.093;0;;31.470;1;33.555;0;33.068;0;212.6;1:05:30.671;10:20:30.671;0:31.470;0:33.555;0:33.068;305.9;Julien CANAL;;LMP2;;Panis Barthez Competition;Ligier;
23;1;23;1:40.604;0;;32.269;0;34.265;0;34.070;0;207.3;1:07:11.275;10:22:11.275;0:32.269;0:34.265;0:34.070;305.1;Julien CANAL;;LMP2;;Panis Barthez Competition;Ligier;
23;1;24;1:39.279;0;;31.791;0;34.022;0;33.466;0;210.1;1:08:50.554;10:23:50.554;0:31.791;0:34.022;0:33.466;305.1;Julien CANAL;;LMP2;;Panis Barthez Competition;Ligier;
23;1;25;1:45.932;0;B;31.910;0;34.536;0;39.486;0;196.9;1:10:36.486;10:25:36.486;0:31.910;0:34.536;0:39.486;304.2;Julien CANAL;;LMP2;;Panis Barthez Competition;Ligier;
23;0;26;3:42.604;0;;2:32.992;0;35.492;0;34.120;0;93.7;1:14:19.090;10:29:19.090;2:32.992;0:35.492;0:34.120;210.1;Timothé BURET;0:02:04.360;LMP2;;Panis Barthez Competition;Ligier;
23;0;27;2:35.895;0;;32.514;0;36.505;0;1:26.876;0;133.8;1:16:54.985;10:31:54.985;0:32.514;0:36.505;1:26.876;292.7;Timothé BURET;;LMP2;;Panis Barthez Competition;Ligier;
23;0;28;3:35.265;0;;1:26.655;0;1:21.600;0;47.010;0;96.9;1:20:30.250;10:35:30.250;1:26.655;1:21.600;0:47.010;78.7;Timothé BURET;;LMP2;;Panis Barthez Competition;Ligier;
23;0;29;1:40.602;0;;32.978;0;34.098;0;33.526;0;207.3;1:22:10.852;10:37:10.852;0:32.978;0:34.098;0:33.526;243.2;Timothé BURET;;LMP2;;Panis Barthez Competition;Ligier;
23;0;30;1:39.681;0;;31.863;0;34.485;0;33.333;0;209.2;1:23:50.533;10:38:50.533;0:31.863;0:34.485;0:33.333;300.8;Timothé BURET;;LMP2;;Panis Barthez Competition;Ligier;
23;0;31;1:39.975;0;;31.960;0;34.555;0;33.460;0;208.6;1:25:30.508;10:40:30.508;0:31.960;0:34.555;0:33.460;284.2;Timothé BURET;;LMP2;;Panis Barthez Competition;Ligier;
23;0;32;1:39.496;0;;31.870;0;34.146;0;33.480;0;209.6;1:27:10.004;10:42:10.004;0:31.870;0:34.146;0:33.480;293.5;Timothé BURET;;LMP2;;Panis Barthez Competition;Ligier;
23;0;33;1:38.200;0;;31.604;1;33.475;1;33.121;1;212.4;1:28:48.204;10:43:48.204;0:31.604;0:33.475;0:33.121;304.2;Timothé BURET;;LMP2;;Panis Barthez Competition;Ligier;
23;0;34;1:38.459;0;;31.672;0;33.573;0;33.214;0;211.8;1:30:26.663;10:45:26.663;0:31.672;0:33.573;0:33.214;305.9;Timothé BURET;;LMP2;;Panis Barthez Competition;Ligier;
24;1;1;2:01.009;0;;45.722;0;38.054;0;37.233;0;163.1;2:01.009;09:17:01.009;0:45.722;0:38.054;0:37.233;166.2;Olivier PLA;0:00:07.141;LMP2;;Racing Engineering;Oreca;
24;1;2;1:40.356;0;;31.902;0;34.105;0;34.349;0;207.8;3:41.365;09:18:41.365;0:31.902;0:34.105;0:34.349;300.0;Olivier PLA;;LMP2;;Racing Engineering;Oreca;
24;1;3;1:40.816;0;;31.640;0;33.588;0;35.588;0;206.9;5:22.181;09:20:22.181;0:31.640;0:33.588;0:35.588;303.4;Olivier PLA;;LMP2;;Racing Engineering;Oreca;
24;1;4;1:40.005;0;;31.653;0;35.324;0;33.028;0;208.5;7:02.186;09:22:02.186;0:31.653;0:35.324;0:33.028;305.1;Olivier PLA;;LMP2;;Racing Engineering;Oreca;
24;1;5;1:40.161;0;;31.509;0;34.250;0;34.402;0;208.2;8:42.347;09:23:42.347;0:31.509;0:34.250;0:34.402;304.2;Olivier PLA;;LMP2;;Racing Engineering;Oreca;
24;1;6;1:38.170;2;;32.177;0;33.291;2;32.702;2;212.4;10:20.517;09:25:20.517;0:32.177;0:33.291;0:32.702;293.5;Olivier PLA;;LMP2;;Racing Engineering;Oreca;
24;1;7;1:49.514;0;B;31.498;2;36.275;0;41.741;0;190.4;12:10.031;09:27:10.031;0:31.498;0:36.275;0:41.741;304.2;Olivier PLA;;LMP2;;Racing Engineering;Oreca;
24;0;8;8:55.590;0;;7:43.877;0;36.373;0;35.340;0;38.9;21:05.621;09:36:05.621;7:43.877;0:36.373;0:35.340;204.5;Norman NATO;0:07:14.547;LMP2;;Racing Engineering;Oreca;
24;0;9;1:39.771;0;;31.843;0;34.218;0;33.710;0;209.0;22:45.392;09:37:45.392;0:31.843;0:34.218;0:33.710;300.0;Norman NATO;;LMP2;;Racing Engineering;Oreca;
24;0;10;1:39.784;0;;31.726;0;33.800;0;34.258;0;209.0;24:25.176;09:39:25.176;0:31.726;0:33.800;0:34.258;300.8;Norman NATO;;LMP2;;Racing Engineering;Oreca;
24;0;11;1:41.358;0;;32.738;0;34.337;0;34.283;0;205.8;26:06.534;09:41:06.534;0:32.738;0:34.337;0:34.283;251.7;Norman NATO;;LMP2;;Racing Engineering;Oreca;
24;0;12;1:38.343;0;;31.710;0;33.758;0;32.875;1;212.1;27:44.877;09:42:44.877;0:31.710;0:33.758;0:32.875;301.7;Norman NATO;;LMP2;;Racing Engineering;Oreca;
24;0;13;3:22.564;0;;31.668;0;1:21.594;0;1:29.302;0;103.0;31:07.441;09:46:07.441;0:31.668;1:21.594;1:29.302;303.4;Norman NATO;;LMP2;;Racing Engineering;Oreca;
24;0;14;1:42.330;0;;34.720;0;34.387;0;33.223;0;203.8;32:49.771;09:47:49.771;0:34.720;0:34.387;0:33.223;242.7;Norman NATO;;LMP2;;Racing Engineering;Oreca;
24;0;15;1:39.882;0;;31.651;0;34.370;0;33.861;0;208.8;34:29.653;09:49:29.653;0:31.651;0:34.370;0:33.861;303.4;Norman NATO;;LMP2;;Racing Engineering;Oreca;
24;0;16;1:40.959;0;;31.821;0;34.672;0;34.466;0;206.6;36:10.612;09:51:10.612;0:31.821;0:34.672;0:34.466;303.4;Norman NATO;;LMP2;;Racing Engineering;Oreca;
24;0;17;1:41.693;0;;34.337;0;33.928;0;33.428;0;205.1;37:52.305;09:52:52.305;0:34.337;0:33.928;0:33.428;305.1;Norman NATO;;LMP2;;Racing Engineering;Oreca;
24;0;18;1:40.075;0;;31.639;0;33.921;0;34.515;0;208.4;39:32.380;09:54:32.380;0:31.639;0:33.921;0:34.515;305.1;Norman NATO;;LMP2;;Racing Engineering;Oreca;
24;0;19;1:40.111;0;;32.489;0;34.156;0;33.466;0;208.3;41:12.491;09:56:12.491;0:32.489;0:34.156;0:33.466;295.1;Norman NATO;;LMP2;;Racing Engineering;Oreca;
24;0;20;1:38.329;0;;31.587;0;33.843;0;32.899;0;212.1;42:50.820;09:57:50.820;0:31.587;0:33.843;0:32.899;303.4;Norman NATO;;LMP2;;Racing Engineering;Oreca;
24;0;21;1:39.846;0;;31.556;1;33.692;1;34.598;0;208.9;44:30.666;09:59:30.666;0:31.556;0:33.692;0:34.598;304.2;Norman NATO;;LMP2;;Racing Engineering;Oreca;
24;0;22;1:38.688;0;;31.603;0;34.112;0;32.973;0;211.3;46:09.354;10:01:09.354;0:31.603;0:34.112;0:32.973;303.4;Norman NATO;;LMP2;;Racing Engineering;Oreca;
24;0;23;1:45.533;0;B;31.754;0;34.446;0;39.333;0;197.6;47:54.887;10:02:54.887;0:31.754;0:34.446;0:39.333;304.2;Norman NATO;;LMP2;;Racing Engineering;Oreca;
24;2;24;11:29.660;0;;10:17.308;0;37.461;0;34.891;0;30.2;59:24.547;10:14:24.547;10:17.308;0:37.461;0:34.891;166.9;Paul PETIT;0:09:43.345;LMP2;;Racing Engineering;Oreca;
24;2;25;1:46.059;0;;32.265;0;39.275;0;34.519;0;196.6;1:01:10.606;10:16:10.606;0:32.265;0:39.275;0:34.519;285.7;Paul PETIT;;LMP2;;Racing Engineering;Oreca;
24;2;26;1:42.545;0;;32.000;0;35.989;0;34.556;0;203.4;1:02:53.151;10:17:53.151;0:32.000;0:35.989;0:34.556;303.4;Paul PETIT;;LMP2;;Racing Engineering;Oreca;
24;2;27;1:41.148;0;;31.837;0;34.555;0;34.756;0;206.2;1:04:34.299;10:19:34.299;0:31.837;0:34.555;0:34.756;303.4;Paul PETIT;;LMP2;;Racing Engineering;Oreca;
24;2;28;1:42.430;0;;32.511;0;35.173;0;34.746;0;203.6;1:06:16.729;10:21:16.729;0:32.511;0:35.173;0:34.746;303.4;Paul PETIT;;LMP2;;Racing Engineering;Oreca;
24;2;29;1:40.943;0;;32.016;0;34.725;0;34.202;0;206.6;1:07:57.672;10:22:57.672;0:32.016;0:34.725;0:34.202;303.4;Paul PETIT;;LMP2;;Racing Engineering;Oreca;
24;2;30;1:42.702;0;;31.845;0;36.748;0;34.109;0;203.1;1:09:40.374;10:24:40.374;0:31.845;0:36.748;0:34.109;302.5;Paul PETIT;;LMP2;;Racing Engineering;Oreca;
24;2;31;1:40.825;0;;31.750;0;35.110;0;33.965;0;206.8;1:11:21.199;10:26:21.199;0:31.750;0:35.110;0:33.965;303.4;Paul PETIT;;LMP2;;Racing Engineering;Oreca;
24;2;32;1:40.194;0;;31.830;0;34.664;0;33.700;0;208.1;1:13:01.393;10:28:01.393;0:31.830;0:34.664;0:33.700;303.4;Paul PETIT;;LMP2;;Racing Engineering;Oreca;
24;2;33;1:42.837;0;;32.859;0;35.284;0;34.694;0;202.8;1:14:44.230;10:29:44.230;0:32.859;0:35.284;0:34.694;303.4;Paul PETIT;;LMP2;;Racing Engineering;Oreca;
24;2;34;3:22.331;0;B;32.894;0;1:13.687;0;1:35.750;0;103.1;1:18:06.561;10:33:06.561;0:32.894;1:13.687;1:35.750;290.3;Paul PETIT;;LMP2;;Racing Engineering;Oreca;
24;2;35;3:15.610;0;;2:02.628;0;37.754;0;35.228;0;106.6;1:21:22.171;10:36:22.171;2:02.628;0:37.754;0:35.228;78.4;Paul PETIT;0:00:59.679;LMP2;;Racing Engineering;Oreca;
24;2;36;1:45.028;0;;34.274;0;36.626;0;34.128;0;198.6;1:23:07.199;10:38:07.199;0:34.274;0:36.626;0:34.128;290.3;Paul PETIT;;LMP2;;Racing Engineering;Oreca;
24;2;37;1:40.640;0;;32.199;0;34.548;0;33.893;0;207.2;1:24:47.839;10:39:47.839;0:32.199;0:34.548;0:33.893;303.4;Paul PETIT;;LMP2;;Racing Engineering;Oreca;
24;2;38;1:40.608;0;;31.784;0;34.563;0;34.261;0;207.3;1:26:28.447;10:41:28.447;0:31.784;0:34.563;0:34.261;304.2;Paul PETIT;;LMP2;;Racing Engineering;Oreca;
24;2;39;1:41.688;0;;31.743;1;35.383;0;34.562;0;205.1;1:28:10.135;10:43:10.135;0:31.743;0:35.383;0:34.562;305.1;Paul PETIT;;LMP2;;Racing Engineering;Oreca;
24;2;40;1:42.299;0;;31.953;0;35.805;0;34.541;0;203.9;1:29:52.434;10:44:52.434;0:31.953;0:35.805;0:34.541;305.1;Paul PETIT;;LMP2;;Racing Engineering;Oreca;
24;2;41;1:39.884;0;;31.859;0;34.467;1;33.558;1;208.8;1:31:32.318;10:46:32.318;0:31.859;0:34.467;0:33.558;303.4;Paul PETIT;;LMP2;;Racing Engineering;Oreca;
25;1;1;2:50.519;0;B;1:17.193;0;42.801;0;50.525;0;115.8;2:50.519;09:17:50.519;1:17.193;0:42.801;0:50.525;141.2;Ate DE JONG;0:00:37.985;LMP2;;Algarve Pro Racing;Ligier;
25;1;2;3:45.484;0;;2:31.203;0;37.514;0;36.767;0;92.5;6:36.003;09:21:36.003;2:31.203;0:37.514;0:36.767;174.2;Ate DE JONG;0:02:01.282;LMP2;;Algarve Pro Racing;Ligier;
25;1;3;1:45.958;0;;33.020;0;37.040;0;35.898;0;196.8;8:21.961;09:23:21.961;0:33.020;0:37.040;0:35.898;276.9;Ate DE JONG;;LMP2;;Algarve Pro Racing;Ligier;
25;1;4;1:54.835;0;B;32.568;0;36.094;0;46.173;0;181.6;10:16.796;09:25:16.796;0:32.568;0:36.094;0:46.173;292.7;Ate DE JONG;;LMP2;;Algarve Pro Racing;Ligier;
25;1;5;5:04.550;0;;3:51.502;0;37.480;0;35.568;0;68.5;15:21.346;09:30:21.346;3:51.502;0:37.480;0:35.568;192.2;Ate DE JONG;0:03:21.500;LMP2;;Algarve Pro Racing;Ligier;
25;1;6;1:45.464;0;;32.399;0;36.209;0;36.856;0;197.7;17:06.810;09:32:06.810;0:32.399;0:36.209;0:36.856;295.1;Ate DE JONG;;LMP2;;Algarve Pro Racing;Ligier;
25;1;7;1:41.455;0;;32.263;0;35.061;0;34.131;2;205.6;18:48.265;09:33:48.265;0:32.263;0:35.061;0:34.131;282.0;Ate DE JONG;;LMP2;;Algarve Pro Racing;Ligier;
25;1;8;1:41.672;0;;32.486;0;34.955;0;34.231;0;205.1;20:29.937;09:35:29.937;0:32.486;0:34.955;0:34.231;291.9;Ate DE JONG;;LMP2;;Algarve Pro Racing;Ligier;
25;1;9;1:42.005;0;;31.790;2;35.984;0;34.231;0;204.4;22:11.942;09:37:11.942;0:31.790;0:35.984;0:34.231;298.3;Ate DE JONG;;LMP2;;Algarve Pro Racing;Ligier;
25;1;10;1:41.290;2;;32.217;0;34.578;0;34.495;0;205.9;23:53.232;09:38:53.232;0:32.217;0:34.578;0:34.495;295.9;Ate DE JONG;;LMP2;;Algarve Pro Racing;Ligier;
25;1;11;1:41.457;0;;32.066;0;35.100;0;34.291;0;205.6;25:34.689;09:40:34.689;0:32.066;0:35.100;0:34.291;294.3;Ate DE JONG;;LMP2;;Algarve Pro Racing;Ligier;
25;1;12;1:41.346;0;;32.142;0;34.524;2;34.680;0;205.8;27:16.035;09:42:16.035;0:32.142;0:34.524;0:34.680;296.7;Ate DE JONG;;LMP2;;Algarve Pro Racing;Ligier;
25;1;13;3:01.745;0;B;32.471;0;56.029;0;1:33.245;0;114.7;30:17.780;09:45:17.780;0:32.471;0:56.029;1:33.245;294.3;Ate DE JONG;;LMP2;;Algarve Pro Racing;Ligier;
25;2;14;5:48.227;0;;4:35.439;0;36.578;0;36.210;0;59.9;36:06.007;09:51:06.007;4:35.439;0:36.578;0:36.210;208.1;Tacksung KIM;0:04:05.965;LMP2;;Algarve Pro Racing;Ligier;
25;2;15;1:43.167;0;;32.593;0;35.476;0;35.098;0;202.1;37:49.174;09:52:49.174;0:32.593;0:35.476;0:35.098;278.4;Tacksung KIM;;LMP2;;Algarve Pro Racing;Ligier;
25;2;16;1:43.148;0;;32.674;0;35.662;0;34.812;0;202.2;39:32.322;09:54:32.322;0:32.674;0:35.662;0:34.812;291.9;Tacksung KIM;;LMP2;;Algarve Pro Racing;Ligier;
25;2;17;1:45.345;0;;35.194;0;35.239;0;34.912;0;198.0;41:17.667;09:56:17.667;0:35.194;0:35.239;0:34.912;264.1;Tacksung KIM;;LMP2;;Algarve Pro Racing;Ligier;
25;2;18;1:43.274;0;;32.243;1;35.504;0;35.527;0;201.9;43:00.941;09:58:00.941;0:32.243;0:35.504;0:35.527;295.1;Tacksung KIM;;LMP2;;Algarve Pro Racing;Ligier;
25;2;19;1:45.545;0;;32.327;0;38.240;0;34.978;0;197.6;44:46.486;09:59:46.486;0:32.327;0:38.240;0:34.978;294.3;Tacksung KIM;;LMP2;;Algarve Pro Racing;Ligier;
25;2;20;1:43.148;0;;32.893;0;35.176;0;35.079;0;202.2;46:29.634;10:01:29.634;0:32.893;0:35.176;0:35.079;279.8;Tacksung KIM;;LMP2;;Algarve Pro Racing;Ligier;
25;2;21;2:20.594;0;B;34.530;0;35.020;0;1:11.044;0;148.3;48:50.228;10:03:50.228;0:34.530;0:35.020;1:11.044;246.6;Tacksung KIM;;LMP2;;Algarve Pro Racing;Ligier;
25;2;22;10:20.528;0;;9:07.995;0;37.581;0;34.952;0;33.6;59:10.756;10:14:10.756;9:07.995;0:37.581;0:34.952;210.9;Tacksung KIM;0:08:38.721;LMP2;;Algarve Pro Racing;Ligier;
25;2;23;1:43.970;0;;33.100;0;35.484;0;35.386;0;200.6;1:00:54.726;10:15:54.726;0:33.100;0:35.484;0:35.386;255.3;Tacksung KIM;;LMP2;;Algarve Pro Racing;Ligier;
25;2;24;1:44.156;0;;32.705;0;36.323;0;35.128;0;200.2;1:02:38.882;10:17:38.882;0:32.705;0:36.323;0:35.128;261.5;Tacksung KIM;;LMP2;;Algarve Pro Racing;Ligier;
25;2;25;1:41.964;0;;32.354;0;35.149;0;34.461;0;204.5;1:04:20.846;10:19:20.846;0:32.354;0:35.149;0:34.461;291.9;Tacksung KIM;;LMP2;;Algarve Pro Racing;Ligier;
25;2;26;1:41.668;0;;32.427;0;34.833;1;34.408;1;205.1;1:06:02.514;10:21:02.514;0:32.427;0:34.833;0:34.408;294.3;Tacksung KIM;;LMP2;;Algarve Pro Racing;Ligier;
25;2;27;1:42.692;0;;32.432;0;35.319;0;34.941;0;203.1;1:07:45.206;10:22:45.206;0:32.432;0:35.319;0:34.941;284.2;Tacksung KIM;;LMP2;;Algarve Pro Racing;Ligier;
25;2;28;1:50.830;0;B;32.576;0;34.865;0;43.389;0;188.2;1:09:36.036;10:24:36.036;0:32.576;0:34.865;0:43.389;285.7;Tacksung KIM;;LMP2;;Algarve Pro Racing;Ligier;
25;0;29;3:23.603;0;;2:13.329;0;35.566;0;34.708;0;102.4;1:12:59.639;10:27:59.639;2:13.329;0:35.566;0:34.708;212.2;Mark PATTERSON;0:01:44.289;LMP2;;Algarve Pro Racing;Ligier;
25;0;30;1:44.178;0;;32.277;0;36.624;0;35.277;0;200.2;1:14:43.817;10:29:43.817;0:32.277;0:36.624;0:35.277;300.0;Mark PATTERSON;;LMP2;;Algarve Pro Racing;Ligier;
25;0;31;3:15.894;0;;32.528;0;1:12.162;0;1:31.204;0;106.5;1:17:59.711;10:32:59.711;0:32.528;1:12.162;1:31.204;293.5;Mark PATTERSON;;LMP2;;Algarve Pro Racing;Ligier;
25;0;32;3:00.154;0;;1:25.524;0;58.397;0;36.233;0;115.8;1:20:59.865;10:35:59.865;1:25.524;0:58.397;0:36.233;81.3;Mark PATTERSON;;LMP2;;Algarve Pro Racing;Ligier;
25;0;33;1:42.726;0;;32.651;0;35.045;1;35.030;0;203.0;1:22:42.591;10:37:42.591;0:32.651;0:35.045;0:35.030;289.5;Mark PATTERSON;;LMP2;;Algarve Pro Racing;Ligier;
25;0;34;1:46.183;0;;35.707;0;36.012;0;34.464;1;196.4;1:24:28.774;10:39:28.774;0:35.707;0:36.012;0:34.464;297.5;Mark PATTERSON;;LMP2;;Algarve Pro Racing;Ligier;
25;0;35;1:42.067;0;;32.189;1;35.167;0;34.711;0;204.3;1:26:10.841;10:41:10.841;0:32.189;0:35.167;0:34.711;300.0;Mark PATTERSON;;LMP2;;Algarve Pro Racing;Ligier;
25;0;36;1:43.193;0;;32.445;0;36.122;0;34.626;0;202.1;1:27:54.034;10:42:54.034;0:32.445;0:36.122;0:34.626;296.7;Mark PATTERSON;;LMP2;;Algarve Pro Racing;Ligier;
25;0;37;1:49.154;0;;32.348;0;41.893;0;34.913;0;191.1;1:29:43.188;10:44:43.188;0:32.348;0:41.893;0:34.913;300.8;Mark PATTERSON;;LMP2;;Algarve Pro Racing;Ligier;
25;0;38;1:42.825;0;;32.545;0;35.810;0;34.470;0;202.8;1:31:26.013;10:46:26.013;0:32.545;0:35.810;0:34.470;291.1;Mark PATTERSON;;LMP2;;Algarve Pro Racing;Ligier;
26;2;1;1:57.900;0;;42.417;0;40.122;0;35.361;0;167.5;1:57.900;09:16:57.900;0:42.417;0:40.122;0:35.361;171.2;Jean-Eric VERGNE;0:00:04.191;LMP2;;G-Drive Racing;Oreca;
26;2;2;1:40.234;0;;32.229;0;34.496;0;33.509;0;208.1;3:38.134;09:18:38.134;0:32.229;0:34.496;0:33.509;274.8;Jean-Eric VERGNE;;LMP2;;G-Drive Racing;Oreca;
26;2;3;1:39.499;0;;31.506;0;34.849;0;33.144;0;209.6;5:17.633;09:20:17.633;0:31.506;0:34.849;0:33.144;305.1;Jean-Eric VERGNE;;LMP2;;G-Drive Racing;Oreca;
26;2;4;1:39.385;0;;31.645;0;33.884;0;33.856;0;209.8;6:57.018;09:21:57.018;0:31.645;0:33.884;0:33.856;305.9;Jean-Eric VERGNE;;LMP2;;G-Drive Racing;Oreca;
26;2;5;1:39.525;0;;31.585;0;34.546;0;33.394;0;209.5;8:36.543;09:23:36.543;0:31.585;0:34.546;0:33.394;302.5;Jean-Eric VERGNE;;LMP2;;G-Drive Racing;Oreca;
26;2;6;1:38.624;0;;31.378;0;33.656;0;33.590;0;211.5;10:15.167;09:25:15.167;0:31.378;0:33.656;0:33.590;305.1;Jean-Eric VERGNE;;LMP2;;G-Drive Racing;Oreca;
26;2;7;1:51.073;0;B;35.222;0;34.904;0;40.947;0;187.8;12:06.240;09:27:06.240;0:35.222;0:34.904;0:40.947;307.7;Jean-Eric VERGNE;;LMP2;;G-Drive Racing;Oreca;
26;2;8;4:49.980;0;;3:31.344;0;40.179;0;38.457;0;71.9;16:56.220;09:31:56.220;3:31.344;0:40.179;0:38.457;186.2;Jean-Eric VERGNE;0:02:58.993;LMP2;;G-Drive Racing;Oreca;
26;2;9;1:37.208;0;;31.250;0;33.199;0;32.759;0;214.5;18:33.428;09:33:33.428;0:31.250;0:33.199;0:32.759;305.1;Jean-Eric VERGNE;;LMP2;;G-Drive Racing;Oreca;
26;2;10;1:35.943;3;;31.085;0;32.693;2;32.165;3;217.4;20:09.371;09:35:09.371;0:31.085;0:32.693;0:32.165;306.8;Jean-Eric VERGNE;;LMP2;;G-Drive Racing;Oreca;
26;2;11;1:45.291;0;;35.300;0;35.440;0;34.551;0;198.1;21:54.662;09:36:54.662;0:35.300;0:35.440;0:34.551;308.6;Jean-Eric VERGNE;;LMP2;;G-Drive Racing;Oreca;
26;2;12;1:36.425;0;;31.072;2;32.892;0;32.461;0;216.3;23:31.087;09:38:31.087;0:31.072;0:32.892;0:32.461;308.6;Jean-Eric VERGNE;;LMP2;;G-Drive Racing;Oreca;
26;2;13;1:46.326;0;B;32.021;0;33.941;0;40.364;0;196.1;25:17.413;09:40:17.413;0:32.021;0:33.941;0:40.364;270.0;Jean-Eric VERGNE;;LMP2;;G-Drive Racing;Oreca;
26;1;14;8:11.592;0;;7:01.510;0;35.303;0;34.779;0;42.4;33:29.005;09:48:29.005;7:01.510;0:35.303;0:34.779;212.6;Andrea PIZZITOLA;0:06:33.458;LMP2;;G-Drive Racing;Oreca;
26;1;15;1:40.543;0;;31.812;0;34.103;0;34.628;0;207.4;35:09.548;09:50:09.548;0:31.812;0:34.103;0:34.628;305.9;Andrea PIZZITOLA;;LMP2;;G-Drive Racing;Oreca;
26;1;16;1:37.980;0;;31.517;0;33.684;0;32.779;0;212.8;36:47.528;09:51:47.528;0:31.517;0:33.684;0:32.779;306.8;Andrea PIZZITOLA;;LMP2;;G-Drive Racing;Oreca;
26;1;17;1:43.964;0;B;31.544;0;33.406;0;39.014;0;200.6;38:31.492;09:53:31.492;0:31.544;0:33.406;0:39.014;308.6;Andrea PIZZITOLA;;LMP2;;G-Drive Racing;Oreca;
26;1;18;2:27.081;0;;1:21.070;0;33.417;0;32.594;0;141.8;40:58.573;09:55:58.573;1:21.070;0:33.417;0:32.594;240.5;Andrea PIZZITOLA;0:00:54.614;LMP2;;G-Drive Racing;Oreca;
26;1;19;1:38.668;0;;31.514;0;33.450;0;33.704;0;211.4;42:37.241;09:57:37.241;0:31.514;0:33.450;0:33.704;308.6;Andrea PIZZITOLA;;LMP2;;G-Drive Racing;Oreca;
26;1;20;1:38.200;0;;31.465;0;33.825;0;32.910;0;212.4;44:15.441;09:59:15.441;0:31.465;0:33.825;0:32.910;307.7;Andrea PIZZITOLA;;LMP2;;G-Drive Racing;Oreca;
26;1;21;1:37.549;0;;31.350;0;33.605;0;32.594;0;213.8;45:52.990;10:00:52.990;0:31.350;0:33.605;0:32.594;306.8;Andrea PIZZITOLA;;LMP2;;G-Drive Racing;Oreca;
26;1;22;1:36.657;0;;31.267;1;33.123;1;32.267;1;215.8;47:29.647;10:02:29.647;0:31.267;0:33.123;0:32.267;307.7;Andrea PIZZITOLA;;LMP2;;G-Drive Racing;Oreca;
26;1;23;3:48.594;0;B;51.029;0;1:23.149;0;1:34.416;0;91.2;51:18.241;10:06:18.241;0:51.029;1:23.149;1:34.416;295.1;Andrea PIZZITOLA;;LMP2;;G-Drive Racing;Oreca;
26;0;24;9:26.790;0;;8:17.355;0;35.518;0;33.917;0;36.8;1:00:45.031;10:15:45.031;8:17.355;0:35.518;0:33.917;218.2;Roman RUSINOV;0:07:47.549;LMP2;;G-Drive Racing;Oreca;
26;0;25;1:38.727;0;;31.686;0;34.010;0;33.031;0;211.2;1:02:23.758;10:17:23.758;0:31.686;0:34.010;0:33.031;299.2;Roman RUSINOV;;LMP2;;G-Drive Racing;Oreca;
26;0;26;1:39.507;0;;31.540;0;35.056;0;32.911;0;209.6;1:04:03.265;10:19:03.265;0:31.540;0:35.056;0:32.911;306.8;Roman RUSINOV;;LMP2;;G-Drive Racing;Oreca;
26;0;27;1:37.505;0;;31.508;0;33.525;0;32.472;1;213.9;1:05:40.770;10:20:40.770;0:31.508;0:33.525;0:32.472;306.8;Roman RUSINOV;;LMP2;;G-Drive Racing;Oreca;
26;0;28;1:37.302;0;;31.402;0;33.267;1;32.633;0;214.3;1:07:18.072;10:22:18.072;0:31.402;0:33.267;0:32.633;307.7;Roman RUSINOV;;LMP2;;G-Drive Racing;Oreca;
26;0;29;1:38.426;0;;32.178;0;33.531;0;32.717;0;211.9;1:08:56.498;10:23:56.498;0:32.178;0:33.531;0:32.717;284.2;Roman RUSINOV;;LMP2;;G-Drive Racing;Oreca;
26;0;30;1:39.667;0;;31.666;0;34.804;0;33.197;0;209.2;1:10:36.165;10:25:36.165;0:31.666;0:34.804;0:33.197;300.8;Roman RUSINOV;;LMP2;;G-Drive Racing;Oreca;
26;0;31;1:37.799;0;;31.534;0;33.634;0;32.631;0;213.2;1:12:13.964;10:27:13.964;0:31.534;0:33.634;0:32.631;301.7;Roman RUSINOV;;LMP2;;G-Drive Racing;Oreca;
26;0;32;1:37.823;0;;31.241;1;33.960;0;32.622;0;213.2;1:13:51.787;10:28:51.787;0:31.241;0:33.960;0:32.622;301.7;Roman RUSINOV;;LMP2;;G-Drive Racing;Oreca;
26;0;33;1:47.725;0;B;31.823;0;34.215;0;41.687;0;193.6;1:15:39.512;10:30:39.512;0:31.823;0:34.215;0:41.687;295.9;Roman RUSINOV;;LMP2;;G-Drive Racing;Oreca;
26;1;34;4:57.952;0;;2:57.866;0;1:21.658;0;38.428;0;70.0;1:20:37.464;10:35:37.464;2:57.866;1:21.658;0:38.428;80.0;Andrea PIZZITOLA;0:01:52.003;LMP2;;G-Drive Racing;Oreca;
26;1;35;1:40.499;0;;32.730;0;34.351;0;33.418;0;207.5;1:22:17.963;10:37:17.963;0:32.730;0:34.351;0:33.418;261.5;Andrea PIZZITOLA;;LMP2;;G-Drive Racing;Oreca;
26;1;36;1:38.759;0;;31.585;0;34.206;0;32.968;0;211.2;1:23:56.722;10:38:56.722;0:31.585;0:34.206;0:32.968;285.0;Andrea PIZZITOLA;;LMP2;;G-Drive Racing;Oreca;
26;1;37;1:38.144;0;;31.450;0;33.999;0;32.695;0;212.5;1:25:34.866;10:40:34.866;0:31.450;0:33.999;0:32.695;294.3;Andrea PIZZITOLA;;LMP2;;G-Drive Racing;Oreca;
26;1;38;1:43.695;0;B;31.457;0;33.525;0;38.713;0;201.1;1:27:18.561;10:42:18.561;0:31.457;0:33.525;0:38.713;289.5;Andrea PIZZITOLA;;LMP2;;G-Drive Racing;Oreca;
26;2;39;2:35.421;0;;1:27.089;0;35.151;0;33.181;0;134.2;1:29:53.982;10:44:53.982;1:27.089;0:35.151;0:33.181;186.9;Jean-Eric VERGNE;0:00:57.975;LMP2;;G-Drive Racing;Oreca;
26;2;40;1:38.536;0;;32.052;0;33.609;0;32.875;0;211.6;1:31:32.518;10:46:32.518;0:32.052;0:33.609;0:32.875;295.9;Jean-Eric VERGNE;;LMP2;;G-Drive Racing;Oreca;
27;1;1;2:47.888;0;;1:29.459;0;39.987;0;38.442;0;117.6;2:47.888;09:17:47.888;1:29.459;0:39.987;0:38.442;181.8;Erik MARIS;0:00:50.912;LMP2;;IDEC Sport;Ligier;
27;1;2;1:46.396;0;;35.034;0;36.084;0;35.278;0;196.0;4:34.284;09:19:34.284;0:35.034;0:36.084;0:35.278;209.3;Erik MARIS;;LMP2;;IDEC Sport;Ligier;
27;1;3;1:44.005;0;;34.006;0;35.472;0;34.527;0;200.5;6:18.289;09:21:18.289;0:34.006;0:35.472;0:34.527;235.3;Erik MARIS;;LMP2;;IDEC Sport;Ligier;
27;1;4;1:41.523;0;;32.626;0;34.641;0;34.256;0;205.4;7:59.812;09:22:59.812;0:32.626;0:34.641;0:34.256;267.3;Erik MARIS;;LMP2;;IDEC Sport;Ligier;
27;1;5;1:42.242;0;;32.339;0;35.500;0;34.403;0;204.0;9:42.054;09:24:42.054;0:32.339;0:35.500;0:34.403;293.5;Erik MARIS;;LMP2;;IDEC Sport;Ligier;
27;1;6;1:40.852;0;;32.431;0;34.520;0;33.901;0;206.8;11:22.906;09:26:22.906;0:32.431;0:34.520;0:33.901;280.5;Erik MARIS;;LMP2;;IDEC Sport;Ligier;
27;1;7;1:59.383;0;B;35.348;0;36.121;0;47.914;0;174.7;13:22.289;09:28:22.289;0:35.348;0:36.121;0:47.914;284.2;Erik MARIS;;LMP2;;IDEC Sport;Ligier;
27;1;8;3:12.710;0;;2:01.633;0;35.583;0;35.494;0;108.2;16:34.999;09:31:34.999;2:01.633;0:35.583;0:35.494;216.9;Erik MARIS;0:01:32.948;LMP2;;IDEC Sport;Ligier;
27;1;9;1:40.184;0;;32.260;1;34.373;1;33.551;1;208.2;18:15.183;09:33:15.183;0:32.260;0:34.373;0:33.551;297.5;Erik MARIS;;LMP2;;IDEC Sport;Ligier;
27;1;10;1:46.063;0;;32.329;0;38.696;0;35.038;0;196.6;20:01.246;09:35:01.246;0:32.329;0:38.696;0:35.038;295.1;Erik MARIS;;LMP2;;IDEC Sport;Ligier;
27;1;11;2:46.930;0;B;32.309;0;1:26.228;0;48.393;0;124.9;22:48.176;09:37:48.176;0:32.309;1:26.228;0:48.393;290.3;Erik MARIS;;LMP2;;IDEC Sport;Ligier;
27;2;12;8:20.402;0;;5:28.731;0;1:25.258;0;1:26.413;0;41.7;31:08.578;09:46:08.578;5:28.731;1:25.258;1:26.413;169.8;William CAVAILHES;0:04:58.313;LMP2;;IDEC Sport;Ligier;
27;2;13;1:56.121;0;;35.569;0;44.554;0;35.998;0;179.6;33:04.699;09:48:04.699;0:35.569;0:44.554;0:35.998;221.3;William CAVAILHES;;LMP2;;IDEC Sport;Ligier;
27;2;14;1:40.703;0;;32.226;1;34.761;0;33.716;1;207.1;34:45.402;09:49:45.402;0:32.226;0:34.761;0:33.716;295.9;William CAVAILHES;;LMP2;;IDEC Sport;Ligier;
27;2;15;1:40.930;0;;32.758;0;34.356;1;33.816;0;206.6;36:26.332;09:51:26.332;0:32.758;0:34.356;0:33.816;298.3;William CAVAILHES;;LMP2;;IDEC Sport;Ligier;
27;2;16;1:42.982;0;;32.292;0;36.048;0;34.642;0;202.5;38:09.314;09:53:09.314;0:32.292;0:36.048;0:34.642;296.7;William CAVAILHES;;LMP2;;IDEC Sport;Ligier;
27;2;17;1:50.730;0;B;33.260;0;35.323;0;42.147;0;188.3;40:00.044;09:55:00.044;0:33.260;0:35.323;0:42.147;244.9;William CAVAILHES;;LMP2;;IDEC Sport;Ligier;
27;2;18;3:51.173;0;;2:42.080;0;35.082;0;34.011;0;90.2;43:51.217;09:58:51.217;2:42.080;0:35.082;0:34.011;216.4;William CAVAILHES;0:02:14.058;LMP2;;IDEC Sport;Ligier;
27;2;19;1:41.168;0;;32.447;0;34.554;0;34.167;0;206.1;45:32.385;10:00:32.385;0:32.447;0:34.554;0:34.167;295.1;William CAVAILHES;;LMP2;;IDEC Sport;Ligier;
27;2;20;1:44.510;0;;33.308;0;36.181;0;35.021;0;199.5;47:16.895;10:02:16.895;0:33.308;0:36.181;0:35.021;247.7;William CAVAILHES;;LMP2;;IDEC Sport;Ligier;
27;2;21;3:28.740;0;B;33.402;0;1:18.074;0;1:37.264;0;99.9;50:45.635;10:05:45.635;0:33.402;1:18.074;1:37.264;263.4;William CAVAILHES;;LMP2;;IDEC Sport;Ligier;
27;2;22;8:57.527;0;;7:42.890;0;38.373;0;36.264;0;38.8;59:43.162;10:14:43.162;7:42.890;0:38.373;0:36.264;197.1;William CAVAILHES;0:07:14.123;LMP2;;IDEC Sport;Ligier;
27;2;23;1:43.932;0;;32.849;0;36.830;0;34.253;0;200.7;1:01:27.094;10:16:27.094;0:32.849;0:36.830;0:34.253;287.2;William CAVAILHES;;LMP2;;IDEC Sport;Ligier;
27;2;24;1:42.644;0;;32.273;0;35.617;0;34.754;0;203.2;1:03:09.738;10:18:09.738;0:32.273;0:35.617;0:34.754;296.7;William CAVAILHES;;LMP2;;IDEC Sport;Ligier;
27;2;25;1:43.989;0;;32.708;0;34.882;0;36.399;0;200.5;1:04:53.727;10:19:53.727;0:32.708;0:34.882;0:36.399;267.3;William CAVAILHES;;LMP2;;IDEC Sport;Ligier;
27;2;26;1:49.959;0;B;33.345;0;35.738;0;40.876;0;189.7;1:06:43.686;10:21:43.686;0:33.345;0:35.738;0:40.876;263.4;William CAVAILHES;;LMP2;;IDEC Sport;Ligier;
27;0;27;4:01.899;0;;2:46.086;0;40.024;0;35.789;0;86.2;1:10:45.585;10:25:45.585;2:46.086;0:40.024;0:35.789;186.9;Patrice LAFARGUE;0:02:10.808;LMP2;;IDEC Sport;Ligier;
27;0;28;1:42.245;0;;32.778;0;35.306;0;34.161;0;204.0;1:12:27.830;10:27:27.830;0:32.778;0:35.306;0:34.161;289.5;Patrice LAFARGUE;;LMP2;;IDEC Sport;Ligier;
27;0;29;1:44.092;0;;34.163;0;35.148;0;34.781;0;200.3;1:14:11.922;10:29:11.922;0:34.163;0:35.148;0:34.781;242.7;Patrice LAFARGUE;;LMP2;;IDEC Sport;Ligier;
27;0;30;2:26.154;0;;32.440;0;34.816;0;1:18.898;0;142.7;1:16:38.076;10:31:38.076;0:32.440;0:34.816;1:18.898;294.3;Patrice LAFARGUE;;LMP2;;IDEC Sport;Ligier;
27;0;31;3:46.785;0;;1:26.149;0;1:20.594;0;1:00.042;0;92.0;1:20:24.861;10:35:24.861;1:26.149;1:20.594;1:00.042;81.2;Patrice LAFARGUE;;LMP2;;IDEC Sport;Ligier;
27;0;32;1:42.986;0;;33.320;0;35.736;0;33.930;0;202.5;1:22:07.847;10:37:07.847;0:33.320;0:35.736;0:33.930;286.5;Patrice LAFARGUE;;LMP2;;IDEC Sport;Ligier;
27;0;33;1:42.115;0;;32.456;0;35.631;0;34.028;0;204.2;1:23:49.962;10:38:49.962;0:32.456;0:35.631;0:34.028;295.9;Patrice LAFARGUE;;LMP2;;IDEC Sport;Ligier;
27;0;34;1:39.979;0;;32.206;0;34.383;0;33.390;2;208.6;1:25:29.941;10:40:29.941;0:32.206;0:34.383;0:33.390;295.1;Patrice LAFARGUE;;LMP2;;IDEC Sport;Ligier;
27;0;35;1:40.342;0;;32.105;0;34.211;0;34.026;0;207.8;1:27:10.283;10:42:10.283;0:32.105;0:34.211;0:34.026;298.3;Patrice LAFARGUE;;LMP2;;IDEC Sport;Ligier;
27;0;36;1:40.015;0;;32.203;0;34.283;0;33.529;0;208.5;1:28:50.298;10:43:50.298;0:32.203;0:34.283;0:33.529;297.5;Patrice LAFARGUE;;LMP2;;IDEC Sport;Ligier;
27;0;37;1:39.567;2;;32.080;2;34.076;2;33.411;0;209.5;1:30:29.865;10:45:29.865;0:32.080;0:34.076;0:33.411;297.5;Patrice LAFARGUE;;LMP2;;IDEC Sport;Ligier;
28;2;1;2:16.682;0;;1:04.970;0;37.537;0;34.175;0;144.4;2:16.682;09:17:16.682;1:04.970;0:37.537;0:34.175;143.8;Memo ROJAS;0:00:26.396;LMP2;;IDEC Sport;Oreca;
28;2;2;1:41.100;0;;32.957;0;34.176;0;33.967;0;206.3;3:57.782;09:18:57.782;0:32.957;0:34.176;0:33.967;231.3;Memo ROJAS;;LMP2;;IDEC Sport;Oreca;
28;2;3;1:38.951;0;;31.697;0;33.636;0;33.618;0;210.8;5:36.733;09:20:36.733;0:31.697;0:33.636;0:33.618;300.0;Memo ROJAS;;LMP2;;IDEC Sport;Oreca;
28;2;4;1:38.211;0;;31.606;0;33.833;0;32.772;0;212.3;7:14.944;09:22:14.944;0:31.606;0:33.833;0:32.772;300.8;Memo ROJAS;;LMP2;;IDEC Sport;Oreca;
28;2;5;1:49.577;0;B;31.510;0;33.933;0;44.134;0;190.3;9:04.521;09:24:04.521;0:31.510;0:33.933;0:44.134;303.4;Memo ROJAS;;LMP2;;IDEC Sport;Oreca;
28;2;6;5:53.586;0;;4:45.451;0;34.719;0;33.416;0;59.0;14:58.107;09:29:58.107;4:45.451;0:34.719;0:33.416;233.8;Memo ROJAS;0:04:17.988;LMP2;;IDEC Sport;Oreca;
28;2;7;1:47.175;0;B;31.698;0;34.011;0;41.466;0;194.6;16:45.282;09:31:45.282;0:31.698;0:34.011;0:41.466;302.5;Memo ROJAS;;LMP2;;IDEC Sport;Oreca;
28;2;8;8:48.045;0;;7:39.456;0;34.259;0;34.330;0;39.5;25:33.327;09:40:33.327;7:39.456;0:34.259;0:34.330;232.8;Memo ROJAS;0:07:11.751;LMP2;;IDEC Sport;Oreca;
28;2;9;1:38.315;0;;31.430;0;33.605;0;33.280;0;212.1;27:11.642;09:42:11.642;0:31.430;0:33.605;0:33.280;305.9;Memo ROJAS;;LMP2;;IDEC Sport;Oreca;
28;2;10;2:41.645;0;B;31.380;0;34.390;0;1:35.875;0;129.0;29:53.287;09:44:53.287;0:31.380;0:34.390;1:35.875;303.4;Memo ROJAS;;LMP2;;IDEC Sport;Oreca;
28;2;11;6:01.459;0;;4:54.232;0;33.767;0;33.460;0;57.7;35:54.746;09:50:54.746;4:54.232;0:33.767;0:33.460;228.8;Memo ROJAS;0:04:25.570;LMP2;;IDEC Sport;Oreca;
28;2;12;1:36.805;2;;31.495;0;33.123;0;32.187;2;215.4;37:31.551;09:52:31.551;0:31.495;0:33.123;0:32.187;301.7;Memo ROJAS;;LMP2;;IDEC Sport;Oreca;
28;2;13;1:43.056;0;B;31.374;2;32.843;2;38.839;0;202.4;39:14.607;09:54:14.607;0:31.374;0:32.843;0:38.839;303.4;Memo ROJAS;;LMP2;;IDEC Sport;Oreca;
28;1;14;3:42.477;0;;2:22.304;0;42.069;0;38.104;0;93.7;42:57.084;09:57:57.084;2:22.304;0:42.069;0:38.104;201.1;Paul Loup CHATIN;0:01:52.728;LMP2;;IDEC Sport;Oreca;
28;1;15;1:38.266;0;;32.588;0;33.421;1;32.257;1;212.2;44:35.350;09:59:35.350;0:32.588;0:33.421;0:32.257;290.3;Paul Loup CHATIN;;LMP2;;IDEC Sport;Oreca;
28;1;16;1:37.852;0;;31.869;0;33.540;0;32.443;0;213.1;46:13.202;10:01:13.202;0:31.869;0:33.540;0:32.443;304.2;Paul Loup CHATIN;;LMP2;;IDEC Sport;Oreca;
28;1;17;1:51.653;0;B;31.551;1;37.542;0;42.560;0;186.8;48:04.855;10:03:04.855;0:31.551;0:37.542;0:42.560;302.5;Paul Loup CHATIN;;LMP2;;IDEC Sport;Oreca;
28;0;18;14:01.922;0;;12:52.950;0;35.588;0;33.384;0;24.8;1:02:06.777;10:17:06.777;12:52.950;0:35.588;0:33.384;169.5;Paul LAFARGUE;0:12:23.651;LMP2;;IDEC Sport;Oreca;
28;0;19;1:39.842;0;;32.023;0;34.672;0;33.147;0;208.9;1:03:46.619;10:18:46.619;0:32.023;0:34.672;0:33.147;302.5;Paul LAFARGUE;;LMP2;;IDEC Sport;Oreca;
28;0;20;1:40.331;0;;32.153;0;34.250;0;33.928;0;207.9;1:05:26.950;10:20:26.950;0:32.153;0:34.250;0:33.928;299.2;Paul LAFARGUE;;LMP2;;IDEC Sport;Oreca;
28;0;21;1:38.661;0;;31.897;0;33.938;0;32.826;1;211.4;1:07:05.611;10:22:05.611;0:31.897;0:33.938;0:32.826;300.8;Paul LAFARGUE;;LMP2;;IDEC Sport;Oreca;
28;0;22;1:42.052;0;;31.663;1;34.123;0;36.266;0;204.4;1:08:47.663;10:23:47.663;0:31.663;0:34.123;0:36.266;301.7;Paul LAFARGUE;;LMP2;;IDEC Sport;Oreca;
28;0;23;1:45.535;0;B;31.748;0;33.881;0;39.906;0;197.6;1:10:33.198;10:25:33.198;0:31.748;0:33.881;0:39.906;301.7;Paul LAFARGUE;;LMP2;;IDEC Sport;Oreca;
28;0;24;3:52.617;0;;2:44.097;0;34.413;0;34.107;0;89.7;1:14:25.815;10:29:25.815;2:44.097;0:34.413;0:34.107;217.3;Paul LAFARGUE;0:02:12.957;LMP2;;IDEC Sport;Oreca;
28;0;25;2:46.241;0;;31.715;0;43.505;0;1:31.021;0;125.4;1:17:12.056;10:32:12.056;0:31.715;0:43.505;1:31.021;303.4;Paul LAFARGUE;;LMP2;;IDEC Sport;Oreca;
28;0;26;3:28.490;0;;1:26.104;0;1:22.350;0;40.036;0;100.0;1:20:40.546;10:35:40.546;1:26.104;1:22.350;0:40.036;74.3;Paul LAFARGUE;;LMP2;;IDEC Sport;Oreca;
28;0;27;1:49.643;0;B;33.537;0;34.803;0;41.303;0;190.2;1:22:30.189;10:37:30.189;0:33.537;0:34.803;0:41.303;282.0;Paul LAFARGUE;;LMP2;;IDEC Sport;Oreca;
28;0;28;3:40.849;0;;2:32.534;0;34.446;0;33.869;0;94.4;1:26:11.038;10:41:11.038;2:32.534;0:34.446;0:33.869;219.5;Paul LAFARGUE;0:02:04.783;LMP2;;IDEC Sport;Oreca;
28;0;29;1:40.101;0;;32.377;0;34.541;0;33.183;0;208.3;1:27:51.139;10:42:51.139;0:32.377;0:34.541;0:33.183;282.0;Paul LAFARGUE;;LMP2;;IDEC Sport;Oreca;
28;0;30;1:40.107;0;;31.901;0;33.941;0;34.265;0;208.3;1:29:31.246;10:44:31.246;0:31.901;0:33.941;0:34.265;300.0;Paul LAFARGUE;;LMP2;;IDEC Sport;Oreca;
28;0;31;1:39.349;0;;31.872;0;33.495;1;33.982;0;209.9;1:31:10.595;10:46:10.595;0:31.872;0:33.495;0:33.982;303.4;Paul LAFARGUE;;LMP2;;IDEC Sport;Oreca;
29;0;1;2:04.536;0;;53.894;0;35.355;0;35.287;0;158.5;2:04.536;09:17:04.536;0:53.894;0:35.355;0:35.287;218.2;Pierre RAGUES;0:00:19.696;LMP2;;Duqueine Engineering;Oreca;
29;0;2;1:41.913;0;;32.399;0;35.196;0;34.318;0;204.6;3:46.449;09:18:46.449;0:32.399;0:35.196;0:34.318;286.5;Pierre RAGUES;;LMP2;;Duqueine Engineering;Oreca;
29;0;3;1:40.529;0;;31.877;0;34.293;0;34.359;0;207.5;5:26.978;09:20:26.978;0:31.877;0:34.293;0:34.359;304.2;Pierre RAGUES;;LMP2;;Duqueine Engineering;Oreca;
29;0;4;1:41.634;0;;32.294;0;34.161;0;35.179;0;205.2;7:08.612;09:22:08.612;0:32.294;0:34.161;0:35.179;303.4;Pierre RAGUES;;LMP2;;Duqueine Engineering;Oreca;
29;0;5;1:38.750;0;;31.940;0;33.757;1;33.053;0;211.2;8:47.362;09:23:47.362;0:31.940;0:33.757;0:33.053;305.9;Pierre RAGUES;;LMP2;;Duqueine Engineering;Oreca;
29;0;6;1:47.152;0;B;31.826;0;34.449;0;40.877;0;194.6;10:34.514;09:25:34.514;0:31.826;0:34.449;0:40.877;296.7;Pierre RAGUES;;LMP2;;Duqueine Engineering;Oreca;
29;0;7;3:03.116;0;;1:48.831;0;38.524;0;35.761;0;113.9;13:37.630;09:28:37.630;1:48.831;0:38.524;0:35.761;226.4;Pierre RAGUES;0:01:20.724;LMP2;;Duqueine Engineering;Oreca;
29;0;8;1:42.900;0;;31.851;0;36.409;0;34.640;0;202.7;15:20.530;09:30:20.530;0:31.851;0:36.409;0:34.640;303.4;Pierre RAGUES;;LMP2;;Duqueine Engineering;Oreca;
29;0;9;1:39.842;0;;31.771;0;34.703;0;33.368;0;208.9;17:00.372;09:32:00.372;0:31.771;0:34.703;0:33.368;304.2;Pierre RAGUES;;LMP2;;Duqueine Engineering;Oreca;
29;0;10;1:38.467;0;;31.712;1;33.814;0;32.941;1;211.8;18:38.839;09:33:38.839;0:31.712;0:33.814;0:32.941;306.8;Pierre RAGUES;;LMP2;;Duqueine Engineering;Oreca;
29;0;11;1:50.213;0;B;35.020;0;34.653;0;40.540;0;189.2;20:29.052;09:35:29.052;0:35.020;0:34.653;0:40.540;306.8;Pierre RAGUES;;LMP2;;Duqueine Engineering;Oreca;
29;1;12;3:10.987;0;;2:03.124;0;34.538;0;33.325;0;109.2;23:40.039;09:38:40.039;2:03.124;0:34.538;0:33.325;237.9;Nicolas JAMIN;0:01:36.116;LMP2;;Duqueine Engineering;Oreca;
29;1;13;1:40.199;0;;31.719;0;34.006;0;34.474;0;208.1;25:20.238;09:40:20.238;0:31.719;0:34.006;0:34.474;305.1;Nicolas JAMIN;;LMP2;;Duqueine Engineering;Oreca;
29;1;14;1:39.624;0;;32.372;0;34.052;0;33.200;0;209.3;26:59.862;09:41:59.862;0:32.372;0:34.052;0:33.200;304.2;Nicolas JAMIN;;LMP2;;Duqueine Engineering;Oreca;
29;1;15;2:33.554;0;B;32.021;0;35.902;0;1:25.631;0;135.8;29:33.416;09:44:33.416;0:32.021;0:35.902;1:25.631;305.9;Nicolas JAMIN;;LMP2;;Duqueine Engineering;Oreca;
29;1;16;4:08.775;0;;3:00.921;0;34.047;0;33.807;0;83.8;33:42.191;09:48:42.191;3:00.921;0:34.047;0:33.807;229.8;Nicolas JAMIN;0:02:32.895;LMP2;;Duqueine Engineering;Oreca;
29;1;17;1:38.016;0;;31.294;0;33.417;0;33.305;0;212.8;35:20.207;09:50:20.207;0:31.294;0:33.417;0:33.305;307.7;Nicolas JAMIN;;LMP2;;Duqueine Engineering;Oreca;
29;1;18;1:37.729;0;;31.274;1;34.064;0;32.391;0;213.4;36:57.936;09:51:57.936;0:31.274;0:34.064;0:32.391;307.7;Nicolas JAMIN;;LMP2;;Duqueine Engineering;Oreca;
29;1;19;1:36.793;0;;31.411;0;33.091;0;32.291;1;215.5;38:34.729;09:53:34.729;0:31.411;0:33.091;0:32.291;308.6;Nicolas JAMIN;;LMP2;;Duqueine Engineering;Oreca;
29;1;20;1:40.064;0;;31.388;0;34.701;0;33.975;0;208.4;40:14.793;09:55:14.793;0:31.388;0:34.701;0:33.975;310.3;Nicolas JAMIN;;LMP2;;Duqueine Engineering;Oreca;
29;1;21;1:36.701;0;;31.341;0;33.036;1;32.324;0;215.7;41:51.494;09:56:51.494;0:31.341;0:33.036;0:32.324;305.9;Nicolas JAMIN;;LMP2;;Duqueine Engineering;Oreca;
29;1;22;1:43.513;0;B;31.451;0;33.352;0;38.710;0;201.5;43:35.007;09:58:35.007;0:31.451;0:33.352;0:38.710;306.8;Nicolas JAMIN;;LMP2;;Duqueine Engineering;Oreca;
29;2;23;3:20.373;0;;2:12.545;0;34.619;0;33.209;0;104.1;46:55.380;10:01:55.380;2:12.545;0:34.619;0:33.209;201.9;Nelson PANCIATICI;0:01:43.666;LMP2;;Duqueine Engineering;Oreca;
29;2;24;3:18.719;0;B;32.033;0;1:12.458;0;1:34.228;0;104.9;50:14.099;10:05:14.099;0:32.033;1:12.458;1:34.228;306.8;Nelson PANCIATICI;;LMP2;;Duqueine Engineering;Oreca;
29;2;25;8:47.973;0;;7:38.453;0;35.089;0;34.431;0;39.5;59:02.072;10:14:02.072;7:38.453;0:35.089;0:34.431;219.5;Nelson PANCIATICI;0:07:09.655;LMP2;;Duqueine Engineering;Oreca;
29;2;26;1:40.336;0;;31.896;0;33.748;0;34.692;0;207.8;1:00:42.408;10:15:42.408;0:31.896;0:33.748;0:34.692;272.7;Nelson PANCIATICI;;LMP2;;Duqueine Engineering;Oreca;
29;2;27;1:36.617;2;;31.466;0;32.880;2;32.271;2;215.9;1:02:19.025;10:17:19.025;0:31.466;0:32.880;0:32.271;305.1;Nelson PANCIATICI;;LMP2;;Duqueine Engineering;Oreca;
29;2;28;1:38.291;0;;32.653;0;33.006;0;32.632;0;212.2;1:03:57.316;10:18:57.316;0:32.653;0:33.006;0:32.632;300.0;Nelson PANCIATICI;;LMP2;;Duqueine Engineering;Oreca;
29;2;29;1:36.911;0;;31.463;0;33.118;0;32.330;0;215.2;1:05:34.227;10:20:34.227;0:31.463;0:33.118;0:32.330;305.1;Nelson PANCIATICI;;LMP2;;Duqueine Engineering;Oreca;
29;2;30;1:40.633;0;;31.260;2;35.251;0;34.122;0;207.2;1:07:14.860;10:22:14.860;0:31.260;0:35.251;0:34.122;305.1;Nelson PANCIATICI;;LMP2;;Duqueine Engineering;Oreca;
29;2;31;1:37.710;0;;31.434;0;32.993;0;33.283;0;213.4;1:08:52.570;10:23:52.570;0:31.434;0:32.993;0:33.283;304.2;Nelson PANCIATICI;;LMP2;;Duqueine Engineering;Oreca;
29;2;32;1:46.526;0;B;33.248;0;33.511;0;39.767;0;195.8;1:10:39.096;10:25:39.096;0:33.248;0:33.511;0:39.767;224.1;Nelson PANCIATICI;;LMP2;;Duqueine Engineering;Oreca;
29;2;33;3:00.477;0;;1:52.855;0;34.376;0;33.246;0;115.6;1:13:39.573;10:28:39.573;1:52.855;0:34.376;0:33.246;237.4;Nelson PANCIATICI;0:01:25.843;LMP2;;Duqueine Engineering;Oreca;
29;2;34;1:38.970;0;;31.630;0;33.722;0;33.618;0;210.7;1:15:18.543;10:30:18.543;0:31.630;0:33.722;0:33.618;305.1;Nelson PANCIATICI;;LMP2;;Duqueine Engineering;Oreca;
29;2;35;3:51.683;0;;57.699;0;1:21.609;0;1:32.375;0;90.0;1:19:10.226;10:34:10.226;0:57.699;1:21.609;1:32.375;300.0;Nelson PANCIATICI;;LMP2;;Duqueine Engineering;Oreca;
29;2;36;2:12.295;0;;1:04.535;0;34.545;0;33.215;0;157.6;1:21:22.521;10:36:22.521;1:04.535;0:34.545;0:33.215;79.5;Nelson PANCIATICI;;LMP2;;Duqueine Engineering;Oreca;
29;2;37;1:39.226;0;;31.745;0;33.632;0;33.849;0;210.2;1:23:01.747;10:38:01.747;0:31.745;0:33.632;0:33.849;267.3;Nelson PANCIATICI;;LMP2;;Duqueine Engineering;Oreca;
29;2;38;1:38.896;0;;31.593;0;34.049;0;33.254;0;210.9;1:24:40.643;10:39:40.643;0:31.593;0:34.049;0:33.254;305.1;Nelson PANCIATICI;;LMP2;;Duqueine Engineering;Oreca;
29;2;39;1:40.991;0;;32.066;0;34.261;0;34.664;0;206.5;1:26:21.634;10:41:21.634;0:32.066;0:34.261;0:34.664;305.1;Nelson PANCIATICI;;LMP2;;Duqueine Engineering;Oreca;
29;2;40;1:41.024;0;;31.876;0;34.817;0;34.331;0;206.4;1:28:02.658;10:43:02.658;0:31.876;0:34.817;0:34.331;300.0;Nelson PANCIATICI;;LMP2;;Duqueine Engineering;Oreca;
29;2;41;1:40.744;0;;31.950;0;34.598;0;34.196;0;207.0;1:29:43.402;10:44:43.402;0:31.950;0:34.598;0:34.196;293.5;Nelson PANCIATICI;;LMP2;;Duqueine Engineering;Oreca;
29;2;42;1:39.095;0;;32.216;0;33.441;0;33.438;0;210.5;1:31:22.497;10:46:22.497;0:32.216;0:33.441;0:33.438;279.1;Nelson PANCIATICI;;LMP2;;Duqueine Engineering;Oreca;
3;1;1;3:17.923;0;;2:00.955;0;38.999;0;37.969;0;99.7;3:17.923;09:18:17.923;2:00.955;0:38.999;0:37.969;168.7;Garret GRIST;0:01:22.617;LMP3;;United Autosports;Ligier;
3;1;2;1:50.066;0;;35.491;0;37.541;0;37.034;0;189.5;5:07.989;09:20:07.989;0:35.491;0:37.541;0:37.034;268.0;Garret GRIST;;LMP3;;United Autosports;Ligier;
3;1;3;1:48.629;0;;34.893;0;37.017;0;36.719;0;192.0;6:56.618;09:21:56.618;0:34.893;0:37.017;0:36.719;269.3;Garret GRIST;;LMP3;;United Autosports;Ligier;
3;1;4;1:48.826;0;;34.858;1;37.316;0;36.652;2;191.6;8:45.444;09:23:45.444;0:34.858;0:37.316;0:36.652;272.0;Garret GRIST;;LMP3;;United Autosports;Ligier;
3;1;5;1:48.983;0;;34.871;0;36.837;0;37.275;0;191.4;10:34.427;09:25:34.427;0:34.871;0:36.837;0:37.275;271.4;Garret GRIST;;LMP3;;United Autosports;Ligier;
3;1;6;1:55.399;0;B;35.042;0;36.730;2;43.627;0;180.7;12:29.826;09:27:29.826;0:35.042;0:36.730;0:43.627;272.0;Garret GRIST;;LMP3;;United Autosports;Ligier;
3;1;7;8:19.044;0;;7:03.999;0;37.507;0;37.538;0;41.8;20:48.870;09:35:48.870;7:03.999;0:37.507;0:37.538;208.5;Garret GRIST;0:06:33.274;LMP3;;United Autosports;Ligier;
3;1;8;1:49.770;0;;35.180;0;37.413;0;37.177;0;190.0;22:38.640;09:37:38.640;0:35.180;0:37.413;0:37.177;270.0;Garret GRIST;;LMP3;;United Autosports;Ligier;
3;1;9;1:49.571;0;;35.293;0;37.043;0;37.235;0;190.3;24:28.211;09:39:28.211;0:35.293;0:37.043;0:37.235;270.0;Garret GRIST;;LMP3;;United Autosports;Ligier;
3;1;10;1:50.462;0;;35.762;0;37.736;0;36.964;0;188.8;26:18.673;09:41:18.673;0:35.762;0:37.736;0:36.964;267.3;Garret GRIST;;LMP3;;United Autosports;Ligier;
3;1;11;1:49.466;0;;35.371;0;37.161;0;36.934;0;190.5;28:08.139;09:43:08.139;0:35.371;0:37.161;0:36.934;261.5;Garret GRIST;;LMP3;;United Autosports;Ligier;
3;1;12;3:24.412;0;;1:07.938;0;1:21.120;0;55.354;0;102.0;31:32.551;09:46:32.551;1:07.938;1:21.120;0:55.354;80.3;Garret GRIST;;LMP3;;United Autosports;Ligier;
3;1;13;1:50.117;0;;35.701;0;37.353;0;37.063;0;189.4;33:22.668;09:48:22.668;0:35.701;0:37.353;0:37.063;264.7;Garret GRIST;;LMP3;;United Autosports;Ligier;
3;1;14;1:55.801;0;B;35.090;0;36.984;0;43.727;0;180.1;35:18.469;09:50:18.469;0:35.090;0:36.984;0:43.727;269.3;Garret GRIST;;LMP3;;United Autosports;Ligier;
3;0;15;5:01.227;0;;3:44.693;0;38.583;0;37.951;0;69.2;40:19.696;09:55:19.696;3:44.693;0:38.583;0:37.951;191.5;Anthony WELLS;0:03:12.567;LMP3;;United Autosports;Ligier;
3;0;16;1:51.413;0;;35.470;0;38.072;0;37.871;0;187.2;42:11.109;09:57:11.109;0:35.470;0:38.072;0:37.871;268.0;Anthony WELLS;;LMP3;;United Autosports;Ligier;
3;0;17;1:50.484;0;;35.407;0;37.572;0;37.505;0;188.8;44:01.593;09:59:01.593;0:35.407;0:37.572;0:37.505;268.0;Anthony WELLS;;LMP3;;United Autosports;Ligier;
3;0;18;1:50.697;0;;35.207;0;37.726;0;37.764;0;188.4;45:52.290;10:00:52.290;0:35.207;0:37.726;0:37.764;268.0;Anthony WELLS;;LMP3;;United Autosports;Ligier;
3;0;19;1:50.697;0;;35.414;0;37.609;0;37.674;0;188.4;47:42.987;10:02:42.987;0:35.414;0:37.609;0:37.674;268.7;Anthony WELLS;;LMP3;;United Autosports;Ligier;
3;0;20;3:37.247;0;B;1:03.946;0;1:19.610;0;1:13.691;0;96.0;51:20.234;10:06:20.234;1:03.946;1:19.610;1:13.691;153.8;Anthony WELLS;;LMP3;;United Autosports;Ligier;
3;0;21;9:24.818;0;;8:07.385;0;39.105;0;38.328;0;36.9;1:00:45.052;10:15:45.052;8:07.385;0:39.105;0:38.328;208.1;Anthony WELLS;0:07:36.546;LMP3;;United Autosports;Ligier;
3;0;22;1:50.955;0;;35.408;0;37.696;0;37.851;0;188.0;1:02:36.007;10:17:36.007;0:35.408;0:37.696;0:37.851;268.0;Anthony WELLS;;LMP3;;United Autosports;Ligier;
3;0;23;1:51.213;0;;35.578;0;37.935;0;37.700;0;187.5;1:04:27.220;10:19:27.220;0:35.578;0:37.935;0:37.700;266.0;Anthony WELLS;;LMP3;;United Autosports;Ligier;
3;0;24;1:50.228;0;;35.152;0;37.441;1;37.635;0;189.2;1:06:17.448;10:21:17.448;0:35.152;0:37.441;0:37.635;267.3;Anthony WELLS;;LMP3;;United Autosports;Ligier;
3;0;25;1:50.188;0;;35.058;1;37.634;0;37.496;1;189.3;1:08:07.636;10:23:07.636;0:35.058;0:37.634;0:37.496;268.7;Anthony WELLS;;LMP3;;United Autosports;Ligier;
3;0;26;2:02.364;0;B;36.982;0;38.184;0;47.198;0;170.4;1:10:10.000;10:25:10.000;0:36.982;0:38.184;0:47.198;266.7;Anthony WELLS;;LMP3;;United Autosports;Ligier;
3;2;27;4:45.879;0;;3:30.383;0;37.247;0;38.249;0;72.9;1:14:55.879;10:29:55.879;3:30.383;0:37.247;0:38.249;211.4;Matthew BELL;0:03:00.358;LMP3;;United Autosports;Ligier;
3;2;28;3:23.667;0;;35.249;0;1:16.351;0;1:32.067;0;102.4;1:18:19.546;10:33:19.546;0:35.249;1:16.351;1:32.067;268.0;Matthew BELL;;LMP3;;United Autosports;Ligier;
3;2;29;2:49.383;0;;1:26.109;0;45.991;0;37.283;0;123.1;1:21:08.929;10:36:08.929;1:26.109;0:45.991;0:37.283;80.1;Matthew BELL;;LMP3;;United Autosports;Ligier;
3;2;30;1:48.936;0;;35.084;0;37.029;0;36.823;0;191.4;1:22:57.865;10:37:57.865;0:35.084;0:37.029;0:36.823;267.3;Matthew BELL;;LMP3;;United Autosports;Ligier;
3;2;31;1:50.639;0;;34.961;0;37.986;0;37.692;0;188.5;1:24:48.504;10:39:48.504;0:34.961;0:37.986;0:37.692;270.0;Matthew BELL;;LMP3;;United Autosports;Ligier;
3;2;32;1:48.629;0;;35.044;0;36.850;0;36.735;0;192.0;1:26:37.133;10:41:37.133;0:35.044;0:36.850;0:36.735;270.7;Matthew BELL;;LMP3;;United Autosports;Ligier;
3;2;33;1:48.683;0;;34.926;0;37.100;0;36.657;1;191.9;1:28:25.816;10:43:25.816;0:34.926;0:37.100;0:36.657;271.4;Matthew BELL;;LMP3;;United Autosports;Ligier;
3;2;34;1:48.342;2;;34.845;2;36.840;1;36.657;0;192.5;1:30:14.158;10:45:14.158;0:34.845;0:36.840;0:36.657;271.4;Matthew BELL;;LMP3;;United Autosports;Ligier;
30;1;1;2:29.331;0;;1:11.811;0;40.291;0;37.229;0;132.2;2:29.331;09:17:29.331;1:11.811;0:40.291;0:37.229;111.5;Henrique CHAVES;0:00:30.516;LMP2;;AVF By Adrián Vallés;Dallara;
30;1;2;1:41.899;0;;33.295;0;35.033;0;33.571;0;204.7;4:11.230;09:19:11.230;0:33.295;0:35.033;0:33.571;254.1;Henrique CHAVES;;LMP2;;AVF By Adrián Vallés;Dallara;
30;1;3;1:43.993;0;;34.057;0;35.238;0;34.698;0;200.5;5:55.223;09:20:55.223;0:34.057;0:35.238;0:34.698;302.5;Henrique CHAVES;;LMP2;;AVF By Adrián Vallés;Dallara;
30;1;4;1:39.681;0;;31.977;0;34.248;0;33.456;0;209.2;7:34.904;09:22:34.904;0:31.977;0:34.248;0:33.456;301.7;Henrique CHAVES;;LMP2;;AVF By Adrián Vallés;Dallara;
30;1;5;1:40.581;0;;32.296;0;34.284;0;34.001;0;207.3;9:15.485;09:24:15.485;0:32.296;0:34.284;0:34.001;302.5;Henrique CHAVES;;LMP2;;AVF By Adrián Vallés;Dallara;
30;1;6;1:45.986;0;B;31.947;0;34.201;0;39.838;0;196.8;11:01.471;09:26:01.471;0:31.947;0:34.201;0:39.838;303.4;Henrique CHAVES;;LMP2;;AVF By Adrián Vallés;Dallara;
30;0;7;3:53.623;0;;2:44.028;0;35.632;0;33.963;0;89.3;14:55.094;09:29:55.094;2:44.028;0:35.632;0:33.963;215.6;Konstantin TERESCHENKO;0:02:13.536;LMP2;;AVF By Adrián Vallés;Dallara;
30;0;8;1:41.023;0;;32.012;0;34.862;0;34.149;0;206.4;16:36.117;09:31:36.117;0:32.012;0:34.862;0:34.149;302.5;Konstantin TERESCHENKO;;LMP2;;AVF By Adrián Vallés;Dallara;
30;0;9;1:42.204;0;;31.910;0;36.145;0;34.149;0;204.1;18:18.321;09:33:18.321;0:31.910;0:36.145;0:34.149;302.5;Konstantin TERESCHENKO;;LMP2;;AVF By Adrián Vallés;Dallara;
30;0;10;1:39.393;0;;31.781;0;34.022;0;33.590;0;209.8;19:57.714;09:34:57.714;0:31.781;0:34.022;0:33.590;303.4;Konstantin TERESCHENKO;;LMP2;;AVF By Adrián Vallés;Dallara;
30;0;11;1:40.218;0;;31.770;0;34.211;0;34.237;0;208.1;21:37.932;09:36:37.932;0:31.770;0:34.211;0:34.237;303.4;Konstantin TERESCHENKO;;LMP2;;AVF By Adrián Vallés;Dallara;
30;0;12;1:51.562;0;B;32.169;0;35.845;0;43.548;0;186.9;23:29.494;09:38:29.494;0:32.169;0:35.845;0:43.548;304.2;Konstantin TERESCHENKO;;LMP2;;AVF By Adrián Vallés;Dallara;
30;0;13;2:40.364;0;;1:32.514;0;34.535;0;33.315;0;130.0;26:09.858;09:41:09.858;1:32.514;0:34.535;0:33.315;227.4;Konstantin TERESCHENKO;0:01:04.081;LMP2;;AVF By Adrián Vallés;Dallara;
30;0;14;1:37.389;2;;31.679;0;33.149;2;32.561;1;214.1;27:47.247;09:42:47.247;0:31.679;0:33.149;0:32.561;303.4;Konstantin TERESCHENKO;;LMP2;;AVF By Adrián Vallés;Dallara;
30;0;15;3:24.497;0;;31.350;2;1:25.462;0;1:27.685;0;102.0;31:11.744;09:46:11.744;0:31.350;1:25.462;1:27.685;305.1;Konstantin TERESCHENKO;;LMP2;;AVF By Adrián Vallés;Dallara;
30;0;16;1:41.834;0;;33.518;0;35.250;0;33.066;0;204.8;32:53.578;09:47:53.578;0:33.518;0:35.250;0:33.066;262.1;Konstantin TERESCHENKO;;LMP2;;AVF By Adrián Vallés;Dallara;
30;0;17;1:39.998;0;;33.348;0;33.671;0;32.979;0;208.6;34:33.576;09:49:33.576;0:33.348;0:33.671;0:32.979;304.2;Konstantin TERESCHENKO;;LMP2;;AVF By Adrián Vallés;Dallara;
30;0;18;1:48.194;0;B;31.374;0;35.393;0;41.427;0;192.8;36:21.770;09:51:21.770;0:31.374;0:35.393;0:41.427;305.9;Konstantin TERESCHENKO;;LMP2;;AVF By Adrián Vallés;Dallara;
30;1;19;3:35.260;0;;2:27.189;0;34.815;0;33.256;0;96.9;39:57.030;09:54:57.030;2:27.189;0:34.815;0:33.256;232.8;Henrique CHAVES;0:02:00.129;LMP2;;AVF By Adrián Vallés;Dallara;
30;1;20;1:39.483;0;;31.874;0;34.637;0;32.972;0;209.6;41:36.513;09:56:36.513;0:31.874;0:34.637;0:32.972;305.1;Henrique CHAVES;;LMP2;;AVF By Adrián Vallés;Dallara;
30;1;21;1:37.692;0;;31.681;0;33.354;0;32.657;0;213.5;43:14.205;09:58:14.205;0:31.681;0:33.354;0:32.657;302.5;Henrique CHAVES;;LMP2;;AVF By Adrián Vallés;Dallara;
30;1;22;1:37.632;0;;31.807;0;33.326;1;32.499;2;213.6;44:51.837;09:59:51.837;0:31.807;0:33.326;0:32.499;304.2;Henrique CHAVES;;LMP2;;AVF By Adrián Vallés;Dallara;
30;1;23;1:38.335;0;;31.623;0;33.408;0;33.304;0;212.1;46:30.172;10:01:30.172;0:31.623;0:33.408;0:33.304;305.1;Henrique CHAVES;;LMP2;;AVF By Adrián Vallés;Dallara;
30;1;24;2:06.601;0;B;32.193;0;33.506;0;1:00.902;0;164.7;48:36.773;10:03:36.773;0:32.193;0:33.506;1:00.902;290.3;Henrique CHAVES;;LMP2;;AVF By Adrián Vallés;Dallara;
30;1;25;10:47.959;0;;9:36.065;0;37.164;0;34.730;0;32.2;59:24.732;10:14:24.732;9:36.065;0:37.164;0:34.730;179.7;Henrique CHAVES;0:09:02.218;LMP2;;AVF By Adrián Vallés;Dallara;
30;1;26;1:40.192;0;;32.305;0;34.316;0;33.571;0;208.1;1:01:04.924;10:16:04.924;0:32.305;0:34.316;0:33.571;279.1;Henrique CHAVES;;LMP2;;AVF By Adrián Vallés;Dallara;
30;1;27;1:39.817;0;;32.005;0;34.489;0;33.323;0;208.9;1:02:44.741;10:17:44.741;0:32.005;0:34.489;0:33.323;300.0;Henrique CHAVES;;LMP2;;AVF By Adrián Vallés;Dallara;
30;1;28;1:40.358;0;;31.830;0;34.390;0;34.138;0;207.8;1:04:25.099;10:19:25.099;0:31.830;0:34.390;0:34.138;300.8;Henrique CHAVES;;LMP2;;AVF By Adrián Vallés;Dallara;
30;1;29;1:39.181;0;;31.714;0;33.882;0;33.585;0;210.3;1:06:04.280;10:21:04.280;0:31.714;0:33.882;0:33.585;305.9;Henrique CHAVES;;LMP2;;AVF By Adrián Vallés;Dallara;
30;1;30;1:39.557;0;;31.835;0;34.244;0;33.478;0;209.5;1:07:43.837;10:22:43.837;0:31.835;0:34.244;0:33.478;304.2;Henrique CHAVES;;LMP2;;AVF By Adrián Vallés;Dallara;
30;1;31;1:38.558;0;;31.518;1;33.950;0;33.090;0;211.6;1:09:22.395;10:24:22.395;0:31.518;0:33.950;0:33.090;305.1;Henrique CHAVES;;LMP2;;AVF By Adrián Vallés;Dallara;
30;1;32;1:38.592;0;;31.725;0;33.755;0;33.112;0;211.5;1:11:00.987;10:26:00.987;0:31.725;0:33.755;0:33.112;304.2;Henrique CHAVES;;LMP2;;AVF By Adrián Vallés;Dallara;
30;1;33;1:39.869;0;;32.318;0;34.236;0;33.315;0;208.8;1:12:40.856;10:27:40.856;0:32.318;0:34.236;0:33.315;286.5;Henrique CHAVES;;LMP2;;AVF By Adrián Vallés;Dallara;
30;1;34;1:39.379;0;;31.866;0;34.484;0;33.029;0;209.9;1:14:20.235;10:29:20.235;0:31.866;0:34.484;0:33.029;291.1;Henrique CHAVES;;LMP2;;AVF By Adrián Vallés;Dallara;
30;1;35;2:55.601;0;B;31.764;0;45.953;0;1:37.884;0;118.8;1:17:15.836;10:32:15.836;0:31.764;0:45.953;1:37.884;305.1;Henrique CHAVES;;LMP2;;AVF By Adrián Vallés;Dallara;
30;0;36;4:08.960;0;;2:58.933;0;36.411;0;33.616;0;83.8;1:21:24.796;10:36:24.796;2:58.933;0:36.411;0:33.616;79.4;Konstantin TERESCHENKO;0:02:01.560;LMP2;;AVF By Adrián Vallés;Dallara;
30;0;37;1:38.710;0;;31.640;0;33.941;0;33.129;0;211.3;1:23:03.506;10:38:03.506;0:31.640;0:33.941;0:33.129;305.1;Konstantin TERESCHENKO;;LMP2;;AVF By Adrián Vallés;Dallara;
30;0;38;1:39.613;0;;31.641;0;34.692;0;33.280;0;209.4;1:24:43.119;10:39:43.119;0:31.641;0:34.692;0:33.280;308.6;Konstantin TERESCHENKO;;LMP2;;AVF By Adrián Vallés;Dallara;
30;0;39;1:39.520;0;;31.540;0;34.407;0;33.573;0;209.6;1:26:22.639;10:41:22.639;0:31.540;0:34.407;0:33.573;306.8;Konstantin TERESCHENKO;;LMP2;;AVF By Adrián Vallés;Dallara;
30;0;40;1:40.803;0;;32.019;0;34.359;0;34.425;0;206.9;1:28:03.442;10:43:03.442;0:32.019;0:34.359;0:34.425;307.7;Konstantin TERESCHENKO;;LMP2;;AVF By Adrián Vallés;Dallara;
30;0;41;1:40.631;0;;32.142;0;34.783;0;33.706;0;207.2;1:29:44.073;10:44:44.073;0:32.142;0:34.783;0:33.706;303.4;Konstantin TERESCHENKO;;LMP2;;AVF By Adrián Vallés;Dallara;
30;0;42;1:42.300;0;;32.812;0;35.305;0;34.183;0;203.9;1:31:26.373;10:46:26.373;0:32.812;0:35.305;0:34.183;288.8;Konstantin TERESCHENKO;;LMP2;;AVF By Adrián Vallés;Dallara;
31;2;1;2:22.837;0;;1:11.931;0;36.036;0;34.870;0;138.2;2:22.837;09:17:22.837;1:11.931;0:36.036;0:34.870;140.3;Gustavo MENEZES;0:00:33.530;LMP2;;APR - Rebellion Racing;Oreca;
31;2;2;1:40.855;0;;32.231;0;34.609;0;34.015;0;206.8;4:03.692;09:19:03.692;0:32.231;0:34.609;0:34.015;283.5;Gustavo MENEZES;;LMP2;;APR - Rebellion Racing;Oreca;
31;2;3;1:39.387;0;;31.765;0;34.545;0;33.077;0;209.8;5:43.079;09:20:43.079;0:31.765;0:34.545;0:33.077;306.8;Gustavo MENEZES;;LMP2;;APR - Rebellion Racing;Oreca;
31;2;4;1:37.635;0;;31.525;0;33.556;0;32.554;0;213.6;7:20.714;09:22:20.714;0:31.525;0:33.556;0:32.554;300.0;Gustavo MENEZES;;LMP2;;APR - Rebellion Racing;Oreca;
31;2;5;1:37.170;0;;31.328;2;33.395;0;32.447;0;214.6;8:57.884;09:23:57.884;0:31.328;0:33.395;0:32.447;305.1;Gustavo MENEZES;;LMP2;;APR - Rebellion Racing;Oreca;
31;2;6;1:37.127;2;;31.529;0;33.171;2;32.427;2;214.7;10:35.011;09:25:35.011;0:31.529;0:33.171;0:32.427;307.7;Gustavo MENEZES;;LMP2;;APR - Rebellion Racing;Oreca;
31;2;7;1:46.154;0;B;31.929;0;34.719;0;39.506;0;196.5;12:21.165;09:27:21.165;0:31.929;0:34.719;0:39.506;300.8;Gustavo MENEZES;;LMP2;;APR - Rebellion Racing;Oreca;
31;2;8;8:53.946;0;;7:46.649;0;34.043;0;33.254;0;39.1;21:15.111;09:36:15.111;7:46.649;0:34.043;0:33.254;235.8;Gustavo MENEZES;0:07:19.627;LMP2;;APR - Rebellion Racing;Oreca;
31;2;9;1:38.296;0;;31.485;0;33.764;0;33.047;0;212.2;22:53.407;09:37:53.407;0:31.485;0:33.764;0:33.047;300.8;Gustavo MENEZES;;LMP2;;APR - Rebellion Racing;Oreca;
31;2;10;1:40.055;0;;31.453;0;34.619;0;33.983;0;208.4;24:33.462;09:39:33.462;0:31.453;0:34.619;0:33.983;306.8;Gustavo MENEZES;;LMP2;;APR - Rebellion Racing;Oreca;
31;2;11;1:40.009;0;;31.650;0;34.764;0;33.595;0;208.5;26:13.471;09:41:13.471;0:31.650;0:34.764;0:33.595;300.8;Gustavo MENEZES;;LMP2;;APR - Rebellion Racing;Oreca;
31;2;12;1:37.905;0;;31.498;0;33.626;0;32.781;0;213.0;27:51.376;09:42:51.376;0:31.498;0:33.626;0:32.781;298.3;Gustavo MENEZES;;LMP2;;APR - Rebellion Racing;Oreca;
31;2;13;3:29.115;0;B;40.819;0;1:20.780;0;1:27.516;0;99.7;31:20.491;09:46:20.491;0:40.819;1:20.780;1:27.516;304.2;Gustavo MENEZES;;LMP2;;APR - Rebellion Racing;Oreca;
31;1;14;10:12.116;0;;9:00.506;0;36.338;0;35.272;0;34.1;41:32.607;09:56:32.607;9:00.506;0:36.338;0:35.272;154.5;Harrison NEWEY;0:08:30.577;LMP2;;APR - Rebellion Racing;Oreca;
31;1;15;1:38.753;0;;31.834;0;33.909;0;33.010;1;211.2;43:11.360;09:58:11.360;0:31.834;0:33.909;0:33.010;290.3;Harrison NEWEY;;LMP2;;APR - Rebellion Racing;Oreca;
31;1;16;1:38.476;0;;31.396;0;33.408;1;33.672;0;211.8;44:49.836;09:59:49.836;0:31.396;0:33.408;0:33.672;300.8;Harrison NEWEY;;LMP2;;APR - Rebellion Racing;Oreca;
31;1;17;1:39.664;0;;31.520;0;34.502;0;33.642;0;209.3;46:29.500;10:01:29.500;0:31.520;0:34.502;0:33.642;301.7;Harrison NEWEY;;LMP2;;APR - Rebellion Racing;Oreca;
31;1;18;2:05.900;0;B;31.704;0;33.804;0;1:00.392;0;165.6;48:35.400;10:03:35.400;0:31.704;0:33.804;1:00.392;296.7;Harrison NEWEY;;LMP2;;APR - Rebellion Racing;Oreca;
31;1;19;11:30.278;0;;10:20.458;0;34.431;0;35.389;0;30.2;1:00:05.678;10:15:05.678;10:20.458;0:34.431;0:35.389;208.9;Harrison NEWEY;0:09:51.371;LMP2;;APR - Rebellion Racing;Oreca;
31;1;20;1:38.499;0;;31.627;0;33.844;0;33.028;0;211.7;1:01:44.177;10:16:44.177;0:31.627;0:33.844;0:33.028;298.3;Harrison NEWEY;;LMP2;;APR - Rebellion Racing;Oreca;
31;1;21;1:38.211;0;;31.330;1;33.529;0;33.352;0;212.3;1:03:22.388;10:18:22.388;0:31.330;0:33.529;0:33.352;302.5;Harrison NEWEY;;LMP2;;APR - Rebellion Racing;Oreca;
31;1;22;1:40.763;0;;31.568;0;34.482;0;34.713;0;207.0;1:05:03.151;10:20:03.151;0:31.568;0:34.482;0:34.713;288.8;Harrison NEWEY;;LMP2;;APR - Rebellion Racing;Oreca;
31;1;23;1:41.818;0;;31.540;0;34.570;0;35.708;0;204.8;1:06:44.969;10:21:44.969;0:31.540;0:34.570;0:35.708;304.2;Harrison NEWEY;;LMP2;;APR - Rebellion Racing;Oreca;
31;1;24;1:44.872;0;B;31.654;0;33.931;0;39.287;0;198.9;1:08:29.841;10:23:29.841;0:31.654;0:33.931;0:39.287;297.5;Harrison NEWEY;;LMP2;;APR - Rebellion Racing;Oreca;
31;0;25;3:12.022;0;;2:03.211;0;35.001;0;33.810;0;108.6;1:11:41.863;10:26:41.863;2:03.211;0:35.001;0:33.810;212.6;Ryan CULLEN;0:01:35.303;LMP2;;APR - Rebellion Racing;Oreca;
31;0;26;1:40.332;0;;32.098;0;34.656;0;33.578;1;207.9;1:13:22.195;10:28:22.195;0:32.098;0:34.656;0:33.578;293.5;Ryan CULLEN;;LMP2;;APR - Rebellion Racing;Oreca;
31;0;27;1:41.461;0;;32.437;0;34.394;0;34.630;0;205.5;1:15:03.656;10:30:03.656;0:32.437;0:34.394;0:34.630;305.1;Ryan CULLEN;;LMP2;;APR - Rebellion Racing;Oreca;
31;0;28;3:36.063;0;;43.162;0;1:20.912;0;1:31.989;0;96.5;1:18:39.719;10:33:39.719;0:43.162;1:20.912;1:31.989;301.7;Ryan CULLEN;;LMP2;;APR - Rebellion Racing;Oreca;
31;0;29;2:39.217;0;;1:25.611;0;38.437;0;35.169;0;131.0;1:21:18.936;10:36:18.936;1:25.611;0:38.437;0:35.169;79.6;Ryan CULLEN;;LMP2;;APR - Rebellion Racing;Oreca;
31;0;30;1:40.716;0;;32.097;0;35.011;0;33.608;0;207.1;1:22:59.652;10:37:59.652;0:32.097;0:35.011;0:33.608;286.5;Ryan CULLEN;;LMP2;;APR - Rebellion Racing;Oreca;
31;0;31;1:40.637;0;;32.148;0;34.354;1;34.135;0;207.2;1:24:40.289;10:39:40.289;0:32.148;0:34.354;0:34.135;272.7;Ryan CULLEN;;LMP2;;APR - Rebellion Racing;Oreca;
31;0;32;1:41.636;0;;32.044;0;34.362;0;35.230;0;205.2;1:26:21.925;10:41:21.925;0:32.044;0:34.362;0:35.230;296.7;Ryan CULLEN;;LMP2;;APR - Rebellion Racing;Oreca;
31;0;33;1:42.011;0;;32.044;0;34.940;0;35.027;0;204.4;1:28:03.936;10:43:03.936;0:32.044;0:34.940;0:35.027;300.8;Ryan CULLEN;;LMP2;;APR - Rebellion Racing;Oreca;
31;0;34;1:41.710;0;;32.770;0;35.049;0;33.891;0;205.0;1:29:45.646;10:44:45.646;0:32.770;0:35.049;0:33.891;295.1;Ryan CULLEN;;LMP2;;APR - Rebellion Racing;Oreca;
31;0;35;1:41.404;0;;31.998;1;35.206;0;34.200;0;205.7;1:31:27.050;10:46:27.050;0:31.998;0:35.206;0:34.200;291.9;Ryan CULLEN;;LMP2;;APR - Rebellion Racing;Oreca;
32;2;1;2:04.082;0;;48.636;0;37.561;0;37.885;0;159.1;2:04.082;09:17:04.082;0:48.636;0:37.561;0:37.885;165.9;Wayne BOYD;0:00:11.879;LMP2;;United Autosports;Ligier;
32;2;2;1:41.302;0;;32.237;0;35.434;0;33.631;0;205.9;3:45.384;09:18:45.384;0:32.237;0:35.434;0:33.631;297.5;Wayne BOYD;;LMP2;;United Autosports;Ligier;
32;2;3;1:39.857;0;;31.899;0;34.463;0;33.495;0;208.8;5:25.241;09:20:25.241;0:31.899;0:34.463;0:33.495;301.7;Wayne BOYD;;LMP2;;United Autosports;Ligier;
32;2;4;1:44.227;0;;34.334;0;35.562;0;34.331;0;200.1;7:09.468;09:22:09.468;0:34.334;0:35.562;0:34.331;302.5;Wayne BOYD;;LMP2;;United Autosports;Ligier;
32;2;5;1:48.802;0;B;32.379;0;34.958;0;41.465;0;191.7;8:58.270;09:23:58.270;0:32.379;0:34.958;0:41.465;301.7;Wayne BOYD;;LMP2;;United Autosports;Ligier;
32;2;6;8:58.300;0;;7:51.143;0;33.938;0;33.219;0;38.7;17:56.570;09:32:56.570;7:51.143;0:33.938;0:33.219;227.8;Wayne BOYD;0:07:23.284;LMP2;;United Autosports;Ligier;
32;2;7;1:38.684;0;;31.387;0;34.112;0;33.185;0;211.3;19:35.254;09:34:35.254;0:31.387;0:34.112;0:33.185;305.1;Wayne BOYD;;LMP2;;United Autosports;Ligier;
32;2;8;1:37.347;2;;31.430;0;33.200;2;32.717;2;214.2;21:12.601;09:36:12.601;0:31.430;0:33.200;0:32.717;305.1;Wayne BOYD;;LMP2;;United Autosports;Ligier;
32;2;9;1:40.349;0;;31.306;2;34.995;0;34.048;0;207.8;22:52.950;09:37:52.950;0:31.306;0:34.995;0:34.048;305.9;Wayne BOYD;;LMP2;;United Autosports;Ligier;
32;2;10;1:38.366;0;;31.445;0;34.143;0;32.778;0;212.0;24:31.316;09:39:31.316;0:31.445;0:34.143;0:32.778;304.2;Wayne BOYD;;LMP2;;United Autosports;Ligier;
32;2;11;1:40.350;0;;31.950;0;34.126;0;34.274;0;207.8;26:11.666;09:41:11.666;0:31.950;0:34.126;0:34.274;305.1;Wayne BOYD;;LMP2;;United Autosports;Ligier;
32;2;12;1:45.896;0;B;32.137;0;33.910;0;39.849;0;196.9;27:57.562;09:42:57.562;0:32.137;0:33.910;0:39.849;301.7;Wayne BOYD;;LMP2;;United Autosports;Ligier;
32;1;13;4:49.628;0;;3:40.723;0;34.950;0;33.955;0;72.0;32:47.190;09:47:47.190;3:40.723;0:34.950;0:33.955;235.3;Hugo DE SADELEER;0:03:12.789;LMP2;;United Autosports;Ligier;
32;1;14;1:38.611;0;;31.607;0;33.700;0;33.304;0;211.5;34:25.801;09:49:25.801;0:31.607;0:33.700;0:33.304;304.2;Hugo DE SADELEER;;LMP2;;United Autosports;Ligier;
32;1;15;1:38.879;0;;31.618;0;33.517;0;33.744;0;210.9;36:04.680;09:51:04.680;0:31.618;0:33.517;0:33.744;304.2;Hugo DE SADELEER;;LMP2;;United Autosports;Ligier;
32;1;16;1:39.150;0;;31.637;0;34.534;0;32.979;0;210.3;37:43.830;09:52:43.830;0:31.637;0:34.534;0:32.979;304.2;Hugo DE SADELEER;;LMP2;;United Autosports;Ligier;
32;1;17;1:37.652;0;;31.633;0;33.219;1;32.800;1;213.6;39:21.482;09:54:21.482;0:31.633;0:33.219;0:32.800;303.4;Hugo DE SADELEER;;LMP2;;United Autosports;Ligier;
32;1;18;1:38.580;0;;32.098;0;33.496;0;32.986;0;211.6;41:00.062;09:56:00.062;0:32.098;0:33.496;0:32.986;303.4;Hugo DE SADELEER;;LMP2;;United Autosports;Ligier;
32;1;19;1:48.595;0;B;31.588;1;33.809;0;43.198;0;192.0;42:48.657;09:57:48.657;0:31.588;0:33.809;0:43.198;302.5;Hugo DE SADELEER;;LMP2;;United Autosports;Ligier;
32;1;20;7:39.864;0;B;4:45.965;0;1:16.400;0;1:37.499;0;45.3;50:28.521;10:05:28.521;4:45.965;1:16.400;1:37.499;235.3;Hugo DE SADELEER;0:04:18.209;LMP2;;United Autosports;Ligier;
32;1;21;9:05.359;0;;7:52.541;0;38.470;0;34.348;0;38.2;59:33.880;10:14:33.880;7:52.541;0:38.470;0:34.348;210.9;Hugo DE SADELEER;0:07:25.173;LMP2;;United Autosports;Ligier;
32;1;22;1:39.262;0;;32.122;0;34.022;0;33.118;0;210.1;1:01:13.142;10:16:13.142;0:32.122;0:34.022;0:33.118;296.7;Hugo DE SADELEER;;LMP2;;United Autosports;Ligier;
32;1;23;1:40.415;0;;31.739;0;34.137;0;34.539;0;207.7;1:02:53.557;10:17:53.557;0:31.739;0:34.137;0:34.539;300.8;Hugo DE SADELEER;;LMP2;;United Autosports;Ligier;
32;1;24;1:40.247;0;;31.765;0;34.326;0;34.156;0;208.0;1:04:33.804;10:19:33.804;0:31.765;0:34.326;0:34.156;301.7;Hugo DE SADELEER;;LMP2;;United Autosports;Ligier;
32;1;25;1:40.736;0;;31.728;0;34.914;0;34.094;0;207.0;1:06:14.540;10:21:14.540;0:31.728;0:34.914;0:34.094;299.2;Hugo DE SADELEER;;LMP2;;United Autosports;Ligier;
32;1;26;1:46.931;0;B;31.717;0;33.784;0;41.430;0;195.0;1:08:01.471;10:23:01.471;0:31.717;0:33.784;0:41.430;300.0;Hugo DE SADELEER;;LMP2;;United Autosports;Ligier;
32;0;27;4:30.808;0;;3:21.697;0;35.273;0;33.838;0;77.0;1:12:32.279;10:27:32.279;3:21.697;0:35.273;0:33.838;220.0;William OWEN;0:02:53.217;LMP2;;United Autosports;Ligier;
32;0;28;1:40.717;0;;31.775;0;34.675;0;34.267;0;207.1;1:14:12.996;10:29:12.996;0:31.775;0:34.675;0:34.267;296.7;William OWEN;;LMP2;;United Autosports;Ligier;
32;0;29;2:26.630;0;;31.770;0;35.002;0;1:19.858;0;142.2;1:16:39.626;10:31:39.626;0:31.770;0:35.002;1:19.858;303.4;William OWEN;;LMP2;;United Autosports;Ligier;
32;0;30;3:45.546;0;;1:25.837;0;1:21.315;0;58.394;0;92.5;1:20:25.172;10:35:25.172;1:25.837;1:21.315;0:58.394;80.4;William OWEN;;LMP2;;United Autosports;Ligier;
32;0;31;1:41.306;0;;32.290;0;35.201;0;33.815;0;205.9;1:22:06.478;10:37:06.478;0:32.290;0:35.201;0:33.815;295.9;William OWEN;;LMP2;;United Autosports;Ligier;
32;0;32;1:40.579;0;;31.960;0;34.264;0;34.355;0;207.3;1:23:47.057;10:38:47.057;0:31.960;0:34.264;0:34.355;300.8;William OWEN;;LMP2;;United Autosports;Ligier;
32;0;33;1:39.118;0;;32.057;0;33.909;1;33.152;0;210.4;1:25:26.175;10:40:26.175;0:32.057;0:33.909;0:33.152;301.7;William OWEN;;LMP2;;United Autosports;Ligier;
32;0;34;1:38.707;0;;31.641;0;33.963;0;33.103;1;211.3;1:27:04.882;10:42:04.882;0:31.641;0:33.963;0:33.103;305.1;William OWEN;;LMP2;;United Autosports;Ligier;
32;0;35;1:39.425;0;;31.600;1;34.565;0;33.260;0;209.8;1:28:44.307;10:43:44.307;0:31.600;0:34.565;0:33.260;305.1;William OWEN;;LMP2;;United Autosports;Ligier;
32;0;36;1:49.089;0;B;34.378;0;34.038;0;40.673;0;191.2;1:30:33.396;10:45:33.396;0:34.378;0:34.038;0:40.673;305.1;William OWEN;;LMP2;;United Autosports;Ligier;
33;0;1;4:03.600;0;;2:53.081;0;36.085;0;34.434;0;81.0;4:03.600;09:19:03.600;2:53.081;0:36.085;0:34.434;187.2;Matthieu VAXIVIÈRE;0:02:17.052;LMP2;;TDS Racing;Oreca;
33;0;2;1:44.831;0;;34.513;0;35.954;0;34.364;0;198.9;5:48.431;09:20:48.431;0:34.513;0:35.954;0:34.364;301.7;Matthieu VAXIVIÈRE;;LMP2;;TDS Racing;Oreca;
33;0;3;1:36.443;0;;31.047;0;32.798;2;32.598;0;216.2;7:24.874;09:22:24.874;0:31.047;0:32.798;0:32.598;308.6;Matthieu VAXIVIÈRE;;LMP2;;TDS Racing;Oreca;
33;0;4;1:48.820;0;;35.977;0;36.442;0;36.401;0;191.6;9:13.694;09:24:13.694;0:35.977;0:36.442;0:36.401;313.0;Matthieu VAXIVIÈRE;;LMP2;;TDS Racing;Oreca;
33;0;5;1:36.276;2;;31.031;3;32.855;0;32.390;2;216.6;10:49.970;09:25:49.970;0:31.031;0:32.855;0:32.390;308.6;Matthieu VAXIVIÈRE;;LMP2;;TDS Racing;Oreca;
33;0;6;1:46.918;0;B;31.823;0;34.897;0;40.198;0;195.1;12:36.888;09:27:36.888;0:31.823;0:34.897;0:40.198;300.8;Matthieu VAXIVIÈRE;;LMP2;;TDS Racing;Oreca;
33;2;7;3:38.610;0;;2:29.602;0;35.784;0;33.224;0;95.4;16:15.498;09:31:15.498;2:29.602;0:35.784;0:33.224;235.8;Loïc DUVAL;0:01:59.113;LMP2;;TDS Racing;Oreca;
33;2;8;1:37.342;0;;31.288;0;33.452;0;32.602;0;214.2;17:52.840;09:32:52.840;0:31.288;0:33.452;0:32.602;305.9;Loïc DUVAL;;LMP2;;TDS Racing;Oreca;
33;2;9;1:40.289;0;;31.897;0;34.247;0;34.145;0;207.9;19:33.129;09:34:33.129;0:31.897;0:34.247;0:34.145;305.9;Loïc DUVAL;;LMP2;;TDS Racing;Oreca;
33;2;10;1:36.723;0;;31.112;1;33.148;1;32.463;1;215.6;21:09.852;09:36:09.852;0:31.112;0:33.148;0:32.463;307.7;Loïc DUVAL;;LMP2;;TDS Racing;Oreca;
33;2;11;1:37.516;0;;31.278;0;33.421;0;32.817;0;213.9;22:47.368;09:37:47.368;0:31.278;0:33.421;0:32.817;309.5;Loïc DUVAL;;LMP2;;TDS Racing;Oreca;
33;2;12;1:39.326;0;;31.317;0;34.991;0;33.018;0;210.0;24:26.694;09:39:26.694;0:31.317;0:34.991;0:33.018;309.5;Loïc DUVAL;;LMP2;;TDS Racing;Oreca;
33;2;13;1:49.229;0;B;32.023;0;33.572;0;43.634;0;190.9;26:15.923;09:41:15.923;0:32.023;0:33.572;0:43.634;276.2;Loïc DUVAL;;LMP2;;TDS Racing;Oreca;
33;1;14;5:32.964;0;;3:51.965;0;1:04.375;0;36.624;0;62.6;31:48.887;09:46:48.887;3:51.965;1:04.375;0:36.624;80.4;François PERRODO;0:02:44.989;LMP2;;TDS Racing;Oreca;
33;1;15;1:41.540;0;;32.008;0;35.012;0;34.520;0;205.4;33:30.427;09:48:30.427;0:32.008;0:35.012;0:34.520;304.2;François PERRODO;;LMP2;;TDS Racing;Oreca;
33;1;16;1:41.019;0;;31.808;0;34.997;0;34.214;0;206.4;35:11.446;09:50:11.446;0:31.808;0:34.997;0:34.214;307.7;François PERRODO;;LMP2;;TDS Racing;Oreca;
33;1;17;1:41.551;0;;31.772;0;35.248;0;34.531;0;205.4;36:52.997;09:51:52.997;0:31.772;0:35.248;0:34.531;305.1;François PERRODO;;LMP2;;TDS Racing;Oreca;
33;1;18;1:41.051;0;;31.760;0;35.089;0;34.202;0;206.4;38:34.048;09:53:34.048;0:31.760;0:35.089;0:34.202;306.8;François PERRODO;;LMP2;;TDS Racing;Oreca;
33;1;19;1:41.496;0;;31.816;0;34.744;0;34.936;0;205.5;40:15.544;09:55:15.544;0:31.816;0:34.744;0:34.936;306.8;François PERRODO;;LMP2;;TDS Racing;Oreca;
33;1;20;1:40.259;0;;31.703;0;34.690;0;33.866;1;208.0;41:55.803;09:56:55.803;0:31.703;0:34.690;0:33.866;305.9;François PERRODO;;LMP2;;TDS Racing;Oreca;
33;1;21;1:41.270;0;;31.658;0;35.408;0;34.204;0;205.9;43:37.073;09:58:37.073;0:31.658;0:35.408;0:34.204;307.7;François PERRODO;;LMP2;;TDS Racing;Oreca;
33;1;22;1:41.082;0;;31.878;0;34.367;0;34.837;0;206.3;45:18.155;10:00:18.155;0:31.878;0:34.367;0:34.837;304.2;François PERRODO;;LMP2;;TDS Racing;Oreca;
33;1;23;1:39.774;0;;31.634;1;34.269;1;33.871;0;209.0;46:57.929;10:01:57.929;0:31.634;0:34.269;0:33.871;306.8;François PERRODO;;LMP2;;TDS Racing;Oreca;
33;1;24;3:27.967;0;B;31.845;0;1:19.860;0;1:36.262;0;100.3;50:25.896;10:05:25.896;0:31.845;1:19.860;1:36.262;308.6;François PERRODO;;LMP2;;TDS Racing;Oreca;
33;0;25;8:57.876;0;;7:45.708;0;36.588;0;35.580;0;38.8;59:23.772;10:14:23.772;7:45.708;0:36.588;0:35.580;169.5;Matthieu VAXIVIÈRE;0:07:11.642;LMP2;;TDS Racing;Oreca;
33;0;26;1:40.271;0;;31.896;0;34.945;0;33.430;0;208.0;1:01:04.043;10:16:04.043;0:31.896;0:34.945;0:33.430;304.2;Matthieu VAXIVIÈRE;;LMP2;;TDS Racing;Oreca;
33;0;27;1:40.154;0;;32.479;0;34.258;0;33.417;0;208.2;1:02:44.197;10:17:44.197;0:32.479;0:34.258;0:33.417;287.2;Matthieu VAXIVIÈRE;;LMP2;;TDS Racing;Oreca;
33;0;28;1:40.363;0;;31.539;0;34.597;0;34.227;0;207.8;1:04:24.560;10:19:24.560;0:31.539;0:34.597;0:34.227;306.8;Matthieu VAXIVIÈRE;;LMP2;;TDS Racing;Oreca;
33;0;29;1:37.896;0;;31.391;0;33.545;0;32.960;0;213.0;1:06:02.456;10:21:02.456;0:31.391;0:33.545;0:32.960;308.6;Matthieu VAXIVIÈRE;;LMP2;;TDS Racing;Oreca;
33;0;30;1:37.618;0;;31.432;0;33.505;0;32.681;0;213.6;1:07:40.074;10:22:40.074;0:31.432;0:33.505;0:32.681;306.8;Matthieu VAXIVIÈRE;;LMP2;;TDS Racing;Oreca;
33;0;31;1:47.643;0;B;31.883;0;34.438;0;41.322;0;193.7;1:09:27.717;10:24:27.717;0:31.883;0:34.438;0:41.322;306.8;Matthieu VAXIVIÈRE;;LMP2;;TDS Racing;Oreca;
33;2;32;3:17.058;0;;2:08.543;0;34.397;0;34.118;0;105.8;1:12:44.775;10:27:44.775;2:08.543;0:34.397;0:34.118;196.4;Loïc DUVAL;0:01:39.639;LMP2;;TDS Racing;Oreca;
33;2;33;1:40.241;0;;31.732;0;34.140;0;34.369;0;208.0;1:14:25.016;10:29:25.016;0:31.732;0:34.140;0:34.369;298.3;Loïc DUVAL;;LMP2;;TDS Racing;Oreca;
33;2;34;2:47.701;0;B;31.614;0;36.165;0;1:39.922;0;124.4;1:17:12.717;10:32:12.717;0:31.614;0:36.165;1:39.922;295.1;Loïc DUVAL;;LMP2;;TDS Racing;Oreca;
33;1;35;4:05.805;0;;2:52.508;0;37.892;0;35.405;0;84.8;1:21:18.522;10:36:18.522;2:52.508;0:37.892;0:35.405;80.3;François PERRODO;0:01:54.702;LMP2;;TDS Racing;Oreca;
33;1;36;1:44.312;0;;31.941;0;36.348;0;36.023;0;199.9;1:23:02.834;10:38:02.834;0:31.941;0:36.348;0:36.023;301.7;François PERRODO;;LMP2;;TDS Racing;Oreca;
33;1;37;1:43.339;0;;31.853;0;35.080;0;36.406;0;201.8;1:24:46.173;10:39:46.173;0:31.853;0:35.080;0:36.406;306.8;François PERRODO;;LMP2;;TDS Racing;Oreca;
33;1;38;1:41.725;0;;31.799;0;35.570;0;34.356;0;205.0;1:26:27.898;10:41:27.898;0:31.799;0:35.570;0:34.356;307.7;François PERRODO;;LMP2;;TDS Racing;Oreca;
33;1;39;1:40.942;0;;31.692;0;35.078;0;34.172;0;206.6;1:28:08.840;10:43:08.840;0:31.692;0:35.078;0:34.172;307.7;François PERRODO;;LMP2;;TDS Racing;Oreca;
33;1;40;1:48.693;0;B;31.675;0;36.250;0;40.768;0;191.9;1:29:57.533;10:44:57.533;0:31.675;0:36.250;0:40.768;306.8;François PERRODO;;LMP2;;TDS Racing;Oreca;
35;2;1;2:41.503;0;B;1:14.915;0;38.721;0;47.867;0;122.2;2:41.503;09:17:41.503;1:14.915;0:38.721;0:47.867;143.0;Matevos ISAAKYAN;0:00:36.612;LMP2;;SMP Racing;Dallara;
35;2;2;3:31.478;0;;2:19.762;0;34.979;0;36.737;0;98.6;6:12.981;09:21:12.981;2:19.762;0:34.979;0:36.737;188.5;Matevos ISAAKYAN;0:01:51.032;LMP2;;SMP Racing;Dallara;
35;2;3;1:37.935;0;;31.696;0;33.371;0;32.868;0;212.9;7:50.916;09:22:50.916;0:31.696;0:33.371;0:32.868;304.2;Matevos ISAAKYAN;;LMP2;;SMP Racing;Dallara;
35;2;4;1:37.427;2;;31.479;2;33.261;2;32.687;2;214.1;9:28.343;09:24:28.343;0:31.479;0:33.261;0:32.687;305.1;Matevos ISAAKYAN;;LMP2;;SMP Racing;Dallara;
35;2;5;1:42.372;0;;31.561;0;37.557;0;33.254;0;203.7;11:10.715;09:26:10.715;0:31.561;0:37.557;0:33.254;305.1;Matevos ISAAKYAN;;LMP2;;SMP Racing;Dallara;
35;2;6;1:47.275;0;B;31.548;0;34.034;0;41.693;0;194.4;12:57.990;09:27:57.990;0:31.548;0:34.034;0:41.693;305.1;Matevos ISAAKYAN;;LMP2;;SMP Racing;Dallara;
35;0;7;10:19.694;0;;9:08.851;0;35.691;0;35.152;0;33.7;23:17.684;09:38:17.684;9:08.851;0:35.691;0:35.152;186.5;Victor SHAITAR;0:08:40.070;LMP2;;SMP Racing;Dallara;
35;0;8;1:42.068;0;;32.055;0;34.858;0;35.155;0;204.3;24:59.752;09:39:59.752;0:32.055;0:34.858;0:35.155;304.2;Victor SHAITAR;;LMP2;;SMP Racing;Dallara;
35;0;9;1:39.998;0;;31.979;0;34.455;0;33.564;0;208.6;26:39.750;09:41:39.750;0:31.979;0:34.455;0:33.564;303.4;Victor SHAITAR;;LMP2;;SMP Racing;Dallara;
35;0;10;1:50.777;0;;31.823;0;34.438;0;44.516;0;188.3;28:30.527;09:43:30.527;0:31.823;0:34.438;0:44.516;304.2;Victor SHAITAR;;LMP2;;SMP Racing;Dallara;
35;0;11;3:13.579;0;;1:26.034;0;1:12.596;0;34.949;0;107.7;31:44.106;09:46:44.106;1:26.034;1:12.596;0:34.949;81.5;Victor SHAITAR;;LMP2;;SMP Racing;Dallara;
35;0;12;1:40.626;0;;32.563;0;34.120;0;33.943;0;207.3;33:24.732;09:48:24.732;0:32.563;0:34.120;0:33.943;292.7;Victor SHAITAR;;LMP2;;SMP Racing;Dallara;
35;0;13;1:40.256;0;;31.949;0;34.792;0;33.515;0;208.0;35:04.988;09:50:04.988;0:31.949;0:34.792;0:33.515;303.4;Victor SHAITAR;;LMP2;;SMP Racing;Dallara;
35;0;14;1:39.752;0;;31.756;0;33.756;1;34.240;0;209.1;36:44.740;09:51:44.740;0:31.756;0:33.756;0:34.240;303.4;Victor SHAITAR;;LMP2;;SMP Racing;Dallara;
35;0;15;1:38.934;0;;31.833;0;33.969;0;33.132;1;210.8;38:23.674;09:53:23.674;0:31.833;0:33.969;0:33.132;306.8;Victor SHAITAR;;LMP2;;SMP Racing;Dallara;
35;0;16;1:39.190;0;;31.856;0;33.983;0;33.351;0;210.3;40:02.864;09:55:02.864;0:31.856;0:33.983;0:33.351;305.9;Victor SHAITAR;;LMP2;;SMP Racing;Dallara;
35;0;17;1:39.248;0;;31.696;0;33.881;0;33.671;0;210.1;41:42.112;09:56:42.112;0:31.696;0:33.881;0:33.671;301.7;Victor SHAITAR;;LMP2;;SMP Racing;Dallara;
35;0;18;1:39.226;0;;31.829;0;34.140;0;33.257;0;210.2;43:21.338;09:58:21.338;0:31.829;0:34.140;0:33.257;305.9;Victor SHAITAR;;LMP2;;SMP Racing;Dallara;
35;0;19;1:40.766;0;;31.993;0;34.770;0;34.003;0;207.0;45:02.104;10:00:02.104;0:31.993;0:34.770;0:34.003;307.7;Victor SHAITAR;;LMP2;;SMP Racing;Dallara;
35;0;20;1:48.043;0;B;31.676;1;35.476;0;40.891;0;193.0;46:50.147;10:01:50.147;0:31.676;0:35.476;0:40.891;306.8;Victor SHAITAR;;LMP2;;SMP Racing;Dallara;
35;1;21;12:38.048;0;;11:28.638;0;35.481;0;33.929;0;27.5;59:28.195;10:14:28.195;11:28.638;0:35.481;0:33.929;172.2;Egor ORUDZHEV;0:10:58.832;LMP2;;SMP Racing;Dallara;
35;1;22;1:40.594;0;;32.036;0;34.876;0;33.682;0;207.3;1:01:08.789;10:16:08.789;0:32.036;0:34.876;0:33.682;295.9;Egor ORUDZHEV;;LMP2;;SMP Racing;Dallara;
35;1;23;1:40.726;0;;32.331;0;35.055;0;33.340;0;207.0;1:02:49.515;10:17:49.515;0:32.331;0:35.055;0:33.340;274.1;Egor ORUDZHEV;;LMP2;;SMP Racing;Dallara;
35;1;24;1:39.584;0;;32.108;0;34.132;1;33.344;0;209.4;1:04:29.099;10:19:29.099;0:32.108;0:34.132;0:33.344;302.5;Egor ORUDZHEV;;LMP2;;SMP Racing;Dallara;
35;1;25;1:39.494;0;;32.064;0;34.137;0;33.293;0;209.6;1:06:08.593;10:21:08.593;0:32.064;0:34.137;0:33.293;297.5;Egor ORUDZHEV;;LMP2;;SMP Racing;Dallara;
35;1;26;1:39.415;0;;31.845;0;34.349;0;33.221;1;209.8;1:07:48.008;10:22:48.008;0:31.845;0:34.349;0:33.221;303.4;Egor ORUDZHEV;;LMP2;;SMP Racing;Dallara;
35;1;27;1:39.489;0;;31.839;0;34.302;0;33.348;0;209.6;1:09:27.497;10:24:27.497;0:31.839;0:34.302;0:33.348;302.5;Egor ORUDZHEV;;LMP2;;SMP Racing;Dallara;
35;1;28;1:39.348;0;;31.685;0;34.296;0;33.367;0;209.9;1:11:06.845;10:26:06.845;0:31.685;0:34.296;0:33.367;301.7;Egor ORUDZHEV;;LMP2;;SMP Racing;Dallara;
35;1;29;1:40.660;0;;31.892;0;34.599;0;34.169;0;207.2;1:12:47.505;10:27:47.505;0:31.892;0:34.599;0:34.169;299.2;Egor ORUDZHEV;;LMP2;;SMP Racing;Dallara;
35;1;30;1:39.990;0;;31.849;0;34.344;0;33.797;0;208.6;1:14:27.495;10:29:27.495;0:31.849;0:34.344;0:33.797;304.2;Egor ORUDZHEV;;LMP2;;SMP Racing;Dallara;
35;1;31;2:49.418;0;;31.767;0;45.609;0;1:32.042;0;123.1;1:17:16.913;10:32:16.913;0:31.767;0:45.609;1:32.042;301.7;Egor ORUDZHEV;;LMP2;;SMP Racing;Dallara;
35;1;32;3:22.819;0;;1:25.656;0;1:20.022;0;37.141;0;102.8;1:20:39.732;10:35:39.732;1:25.656;1:20.022;0:37.141;79.9;Egor ORUDZHEV;;LMP2;;SMP Racing;Dallara;
35;1;33;1:41.787;0;;32.456;0;35.216;0;34.115;0;204.9;1:22:21.519;10:37:21.519;0:32.456;0:35.216;0:34.115;279.1;Egor ORUDZHEV;;LMP2;;SMP Racing;Dallara;
35;1;34;1:39.425;0;;31.693;0;34.214;0;33.518;0;209.8;1:24:00.944;10:39:00.944;0:31.693;0:34.214;0:33.518;303.4;Egor ORUDZHEV;;LMP2;;SMP Racing;Dallara;
35;1;35;1:39.990;0;;31.922;0;34.626;0;33.442;0;208.6;1:25:40.934;10:40:40.934;0:31.922;0:34.626;0:33.442;290.3;Egor ORUDZHEV;;LMP2;;SMP Racing;Dallara;
35;1;36;1:40.088;0;;31.785;0;35.029;0;33.274;0;208.4;1:27:21.022;10:42:21.022;0:31.785;0:35.029;0:33.274;302.5;Egor ORUDZHEV;;LMP2;;SMP Racing;Dallara;
35;1;37;1:40.243;0;;31.644;1;34.582;0;34.017;0;208.0;1:29:01.265;10:44:01.265;0:31.644;0:34.582;0:34.017;304.2;Egor ORUDZHEV;;LMP2;;SMP Racing;Dallara;
35;1;38;1:39.461;0;;31.845;0;34.263;0;33.353;0;209.7;1:30:40.726;10:45:40.726;0:31.845;0:34.263;0:33.353;300.8;Egor ORUDZHEV;;LMP2;;SMP Racing;Dallara;
39;0;1;2:05.075;0;;45.996;0;41.033;0;38.046;0;157.8;2:05.075;09:17:05.075;0:45.996;0:41.033;0:38.046;174.5;Alexandre COUGNAUD;0:00:05.964;LMP2;;Graff;Oreca;
39;0;2;1:43.578;0;;32.878;0;36.150;0;34.550;0;201.3;3:48.653;09:18:48.653;0:32.878;0:36.150;0:34.550;270.0;Alexandre COUGNAUD;;LMP2;;Graff;Oreca;
39;0;3;1:40.109;0;;31.900;0;34.384;0;33.825;0;208.3;5:28.762;09:20:28.762;0:31.900;0:34.384;0:33.825;302.5;Alexandre COUGNAUD;;LMP2;;Graff;Oreca;
39;0;4;1:42.279;0;;31.767;0;36.705;0;33.807;0;203.9;7:11.041;09:22:11.041;0:31.767;0:36.705;0:33.807;303.4;Alexandre COUGNAUD;;LMP2;;Graff;Oreca;
39;0;5;1:41.255;0;;31.703;0;34.369;0;35.183;0;206.0;8:52.296;09:23:52.296;0:31.703;0:34.369;0:35.183;309.5;Alexandre COUGNAUD;;LMP2;;Graff;Oreca;
39;0;6;1:39.630;0;;31.763;0;34.056;0;33.811;0;209.3;10:31.926;09:25:31.926;0:31.763;0:34.056;0:33.811;305.9;Alexandre COUGNAUD;;LMP2;;Graff;Oreca;
39;0;7;1:46.421;0;B;31.899;0;34.196;0;40.326;0;196.0;12:18.347;09:27:18.347;0:31.899;0:34.196;0:40.326;305.1;Alexandre COUGNAUD;;LMP2;;Graff;Oreca;
39;2;8;3:30.032;0;;2:21.093;0;35.122;0;33.817;0;99.3;15:48.379;09:30:48.379;2:21.093;0:35.122;0:33.817;232.8;Tristan GOMMENDY;0:01:53.933;LMP2;;Graff;Oreca;
39;2;9;1:39.998;0;;31.988;0;34.305;0;33.705;0;208.6;17:28.377;09:32:28.377;0:31.988;0:34.305;0:33.705;303.4;Tristan GOMMENDY;;LMP2;;Graff;Oreca;
39;2;10;1:40.084;0;;32.063;0;34.584;0;33.437;0;208.4;19:08.461;09:34:08.461;0:32.063;0:34.584;0:33.437;305.1;Tristan GOMMENDY;;LMP2;;Graff;Oreca;
39;2;11;1:39.322;0;;31.818;0;34.080;0;33.424;0;210.0;20:47.783;09:35:47.783;0:31.818;0:34.080;0:33.424;304.2;Tristan GOMMENDY;;LMP2;;Graff;Oreca;
39;2;12;1:41.913;0;;31.969;0;36.007;0;33.937;0;204.6;22:29.696;09:37:29.696;0:31.969;0:36.007;0:33.937;308.6;Tristan GOMMENDY;;LMP2;;Graff;Oreca;
39;2;13;1:48.589;0;B;31.891;0;34.165;0;42.533;0;192.1;24:18.285;09:39:18.285;0:31.891;0:34.165;0:42.533;305.9;Tristan GOMMENDY;;LMP2;;Graff;Oreca;
39;2;14;3:50.455;0;B;2:33.918;0;35.160;0;41.377;0;90.5;28:08.740;09:43:08.740;2:33.918;0:35.160;0:41.377;238.4;Tristan GOMMENDY;0:02:05.783;LMP2;;Graff;Oreca;
39;2;15;5:10.192;0;;4:01.679;0;34.581;0;33.932;0;67.2;33:18.932;09:48:18.932;4:01.679;0:34.581;0:33.932;191.2;Tristan GOMMENDY;0:03:31.852;LMP2;;Graff;Oreca;
39;2;16;1:38.299;0;;31.633;1;33.645;0;33.021;0;212.2;34:57.231;09:49:57.231;0:31.633;0:33.645;0:33.021;305.1;Tristan GOMMENDY;;LMP2;;Graff;Oreca;
39;2;17;1:39.958;0;;31.691;0;33.510;2;34.757;0;208.6;36:37.189;09:51:37.189;0:31.691;0:33.510;0:34.757;306.8;Tristan GOMMENDY;;LMP2;;Graff;Oreca;
39;2;18;1:38.075;2;;31.683;0;33.623;0;32.769;2;212.6;38:15.264;09:53:15.264;0:31.683;0:33.623;0:32.769;305.9;Tristan GOMMENDY;;LMP2;;Graff;Oreca;
39;2;19;1:38.189;0;;31.827;0;33.540;0;32.822;0;212.4;39:53.453;09:54:53.453;0:31.827;0:33.540;0:32.822;306.8;Tristan GOMMENDY;;LMP2;;Graff;Oreca;
39;2;20;1:46.976;0;B;31.846;0;34.268;0;40.862;0;194.9;41:40.429;09:56:40.429;0:31.846;0:34.268;0:40.862;303.4;Tristan GOMMENDY;;LMP2;;Graff;Oreca;
39;1;21;3:42.649;0;;2:32.484;0;35.479;0;34.686;0;93.7;45:23.078;10:00:23.078;2:32.484;0:35.479;0:34.686;222.2;Jonathan HIRSCHI;0:02:04.404;LMP2;;Graff;Oreca;
39;1;22;1:40.074;0;;32.228;0;34.312;0;33.534;0;208.4;47:03.152;10:02:03.152;0:32.228;0:34.312;0:33.534;294.3;Jonathan HIRSCHI;;LMP2;;Graff;Oreca;
39;1;23;3:28.331;0;B;31.948;0;1:17.830;0;1:38.553;0;100.1;50:31.483;10:05:31.483;0:31.948;1:17.830;1:38.553;303.4;Jonathan HIRSCHI;;LMP2;;Graff;Oreca;
39;1;24;12:50.422;0;;11:37.460;0;36.887;0;36.075;0;27.1;1:03:21.905;10:18:21.905;11:37.460;0:36.887;0:36.075;210.5;Jonathan HIRSCHI;0:11:08.939;LMP2;;Graff;Oreca;
39;1;25;1:40.151;0;;31.839;0;34.247;0;34.065;0;208.2;1:05:02.056;10:20:02.056;0:31.839;0:34.247;0:34.065;300.8;Jonathan HIRSCHI;;LMP2;;Graff;Oreca;
39;1;26;1:40.677;0;;31.708;0;34.926;0;34.043;0;207.1;1:06:42.733;10:21:42.733;0:31.708;0:34.926;0:34.043;303.4;Jonathan HIRSCHI;;LMP2;;Graff;Oreca;
39;1;27;1:38.678;0;;31.619;0;33.944;1;33.115;1;211.3;1:08:21.411;10:23:21.411;0:31.619;0:33.944;0:33.115;304.2;Jonathan HIRSCHI;;LMP2;;Graff;Oreca;
39;1;28;1:47.109;0;B;31.588;2;34.410;0;41.111;0;194.7;1:10:08.520;10:25:08.520;0:31.588;0:34.410;0:41.111;303.4;Jonathan HIRSCHI;;LMP2;;Graff;Oreca;
39;0;29;3:42.510;0;;2:33.664;0;35.248;0;33.598;0;93.7;1:13:51.030;10:28:51.030;2:33.664;0:35.248;0:33.598;221.8;Alexandre COUGNAUD;0:02:06.031;LMP2;;Graff;Oreca;
39;0;30;1:46.865;0;;32.336;0;34.070;0;40.459;0;195.2;1:15:37.895;10:30:37.895;0:32.336;0:34.070;0:40.459;289.5;Alexandre COUGNAUD;;LMP2;;Graff;Oreca;
39;0;31;4:22.483;0;;1:26.493;0;1:22.498;0;1:33.492;0;79.5;1:20:00.378;10:35:00.378;1:26.493;1:22.498;1:33.492;80.5;Alexandre COUGNAUD;;LMP2;;Graff;Oreca;
39;0;32;1:47.350;0;;38.520;0;35.010;0;33.820;0;194.3;1:21:47.728;10:36:47.728;0:38.520;0:35.010;0:33.820;226.9;Alexandre COUGNAUD;;LMP2;;Graff;Oreca;
39;0;33;1:39.377;0;;32.066;0;34.062;0;33.249;0;209.9;1:23:27.105;10:38:27.105;0:32.066;0:34.062;0:33.249;305.9;Alexandre COUGNAUD;;LMP2;;Graff;Oreca;
39;0;34;1:39.290;0;;31.784;0;34.201;0;33.305;0;210.0;1:25:06.395;10:40:06.395;0:31.784;0:34.201;0:33.305;308.6;Alexandre COUGNAUD;;LMP2;;Graff;Oreca;
39;0;35;1:40.099;0;;31.906;0;34.849;0;33.344;0;208.3;1:26:46.494;10:41:46.494;0:31.906;0:34.849;0:33.344;307.7;Alexandre COUGNAUD;;LMP2;;Graff;Oreca;
39;0;36;1:39.027;0;;31.715;0;33.996;1;33.316;0;210.6;1:28:25.521;10:43:25.521;0:31.715;0:33.996;0:33.316;306.8;Alexandre COUGNAUD;;LMP2;;Graff;Oreca;
39;0;37;1:38.894;0;;31.673;1;34.066;0;33.155;1;210.9;1:30:04.415;10:45:04.415;0:31.673;0:34.066;0:33.155;306.8;Alexandre COUGNAUD;;LMP2;;Graff;Oreca;
4;2;1;14:58.632;0;;13:43.425;0;38.255;0;36.952;0;22.0;14:58.632;09:29:58.632;13:43.425;0:38.255;0:36.952;192.5;Antonin BORGA;0:13:07.682;LMP3;;Cool Racing;Ligier;
4;2;2;1:48.579;0;;34.979;0;36.560;0;37.040;0;192.1;16:47.211;09:31:47.211;0:34.979;0:36.560;0:37.040;269.3;Antonin BORGA;;LMP3;;Cool Racing;Ligier;
4;2;3;1:57.883;0;;34.800;0;36.528;0;46.555;0;176.9;18:45.094;09:33:45.094;0:34.800;0:36.528;0:46.555;269.3;Antonin BORGA;;LMP3;;Cool Racing;Ligier;
4;2;4;1:49.267;0;;36.061;0;36.742;0;36.464;0;190.9;20:34.361;09:35:34.361;0:36.061;0:36.742;0:36.464;250.6;Antonin BORGA;;LMP3;;Cool Racing;Ligier;
4;2;5;1:47.266;2;;34.714;2;36.436;2;36.116;2;194.4;22:21.627;09:37:21.627;0:34.714;0:36.436;0:36.116;269.3;Antonin BORGA;;LMP3;;Cool Racing;Ligier;
4;2;6;1:54.035;0;B;34.827;0;36.462;0;42.746;0;182.9;24:15.662;09:39:15.662;0:34.827;0:36.462;0:42.746;270.0;Antonin BORGA;;LMP3;;Cool Racing;Ligier;
4;0;7;14:06.601;0;B;12:37.470;0;39.495;0;49.636;0;24.6;38:22.263;09:53:22.263;12:37.470;0:39.495;0:49.636;198.9;Alexandre COIGNY;0:12:02.917;LMP3;;Cool Racing;Ligier;
4;0;8;3:34.696;0;B;1:46.839;0;42.350;0;1:05.507;0;97.1;41:56.959;09:56:56.959;1:46.839;0:42.350;1:05.507;203.4;Alexandre COIGNY;0:01:12.854;LMP3;;Cool Racing;Ligier;
4;0;9;17:41.732;0;;16:22.593;0;40.307;0;38.832;0;19.6;59:38.691;10:14:38.691;16:22.593;0:40.307;0:38.832;202.2;Alexandre COIGNY;0:15:50.206;LMP3;;Cool Racing;Ligier;
4;0;10;1:53.277;0;;36.014;0;38.662;1;38.601;0;184.1;1:01:31.968;10:16:31.968;0:36.014;0:38.662;0:38.601;266.0;Alexandre COIGNY;;LMP3;;Cool Racing;Ligier;
4;0;11;1:52.838;0;;35.929;1;38.674;0;38.235;1;184.8;1:03:24.806;10:18:24.806;0:35.929;0:38.674;0:38.235;265.4;Alexandre COIGNY;;LMP3;;Cool Racing;Ligier;
4;0;12;1:54.243;0;;36.041;0;39.000;0;39.202;0;182.5;1:05:19.049;10:20:19.049;0:36.041;0:39.000;0:39.202;264.1;Alexandre COIGNY;;LMP3;;Cool Racing;Ligier;
4;0;13;1:56.717;0;;37.039;0;39.702;0;39.976;0;178.7;1:07:15.766;10:22:15.766;0:37.039;0:39.702;0:39.976;256.5;Alexandre COIGNY;;LMP3;;Cool Racing;Ligier;
4;0;14;2:11.235;0;B;39.457;0;40.813;0;50.965;0;158.9;1:09:27.001;10:24:27.001;0:39.457;0:40.813;0:50.965;180.6;Alexandre COIGNY;;LMP3;;Cool Racing;Ligier;
40;2;1;2:18.385;0;;1:04.680;0;37.976;0;35.729;0;142.7;2:18.385;09:17:18.385;1:04.680;0:37.976;0:35.729;147.7;Jose GUTIERREZ;0:00:25.458;LMP2;;G-Drive Racing;Oreca;
40;2;2;1:43.094;0;;33.831;0;35.244;0;34.019;0;202.3;4:01.479;09:19:01.479;0:33.831;0:35.244;0:34.019;247.7;Jose GUTIERREZ;;LMP2;;G-Drive Racing;Oreca;
40;2;3;1:42.490;0;;32.410;0;35.849;0;34.231;0;203.5;5:43.969;09:20:43.969;0:32.410;0:35.849;0:34.231;290.3;Jose GUTIERREZ;;LMP2;;G-Drive Racing;Oreca;
40;2;4;1:40.670;0;;32.189;0;34.469;0;34.012;0;207.2;7:24.639;09:22:24.639;0:32.189;0:34.469;0:34.012;288.8;Jose GUTIERREZ;;LMP2;;G-Drive Racing;Oreca;
40;2;5;1:40.006;0;;32.050;0;34.337;0;33.619;0;208.5;9:04.645;09:24:04.645;0:32.050;0:34.337;0:33.619;298.3;Jose GUTIERREZ;;LMP2;;G-Drive Racing;Oreca;
40;2;6;1:41.149;0;;32.424;0;34.300;0;34.425;0;206.2;10:45.794;09:25:45.794;0:32.424;0:34.300;0:34.425;303.4;Jose GUTIERREZ;;LMP2;;G-Drive Racing;Oreca;
40;2;7;1:39.726;0;;31.920;0;34.292;0;33.514;0;209.1;12:25.520;09:27:25.520;0:31.920;0:34.292;0:33.514;300.0;Jose GUTIERREZ;;LMP2;;G-Drive Racing;Oreca;
40;2;8;1:47.865;0;B;32.143;0;34.508;0;41.214;0;193.3;14:13.385;09:29:13.385;0:32.143;0:34.508;0:41.214;289.5;Jose GUTIERREZ;;LMP2;;G-Drive Racing;Oreca;
40;1;9;3:11.739;0;;2:02.480;0;35.649;0;33.610;0;108.8;17:25.124;09:32:25.124;2:02.480;0:35.649;0:33.610;227.4;Enzo GUIBBERT;0:01:34.926;LMP2;;G-Drive Racing;Oreca;
40;1;10;1:40.797;0;;31.834;0;33.738;0;35.225;0;206.9;19:05.921;09:34:05.921;0:31.834;0:33.738;0:35.225;305.9;Enzo GUIBBERT;;LMP2;;G-Drive Racing;Oreca;
40;1;11;1:40.226;0;;31.846;0;34.097;0;34.283;0;208.1;20:46.147;09:35:46.147;0:31.846;0:34.097;0:34.283;305.9;Enzo GUIBBERT;;LMP2;;G-Drive Racing;Oreca;
40;1;12;1:40.102;0;;32.332;0;34.528;0;33.242;0;208.3;22:26.249;09:37:26.249;0:32.332;0:34.528;0:33.242;271.4;Enzo GUIBBERT;;LMP2;;G-Drive Racing;Oreca;
40;1;13;1:38.695;0;;31.568;0;34.205;0;32.922;0;211.3;24:04.944;09:39:04.944;0:31.568;0:34.205;0:32.922;305.9;Enzo GUIBBERT;;LMP2;;G-Drive Racing;Oreca;
40;1;14;2:09.105;0;B;32.676;0;42.323;0;54.106;0;161.5;26:14.049;09:41:14.049;0:32.676;0:42.323;0:54.106;300.0;Enzo GUIBBERT;;LMP2;;G-Drive Racing;Oreca;
40;1;15;8:01.656;0;;6:48.715;0;37.082;0;35.859;0;43.3;34:15.705;09:49:15.705;6:48.715;0:37.082;0:35.859;208.5;Enzo GUIBBERT;0:06:20.182;LMP2;;G-Drive Racing;Oreca;
40;1;16;1:39.424;0;;32.141;0;34.110;0;33.173;0;209.8;35:55.129;09:50:55.129;0:32.141;0:34.110;0:33.173;304.2;Enzo GUIBBERT;;LMP2;;G-Drive Racing;Oreca;
40;1;17;1:38.246;0;;31.817;0;33.333;0;33.096;0;212.3;37:33.375;09:52:33.375;0:31.817;0:33.333;0:33.096;304.2;Enzo GUIBBERT;;LMP2;;G-Drive Racing;Oreca;
40;1;18;1:37.099;2;;31.467;2;33.137;2;32.495;2;214.8;39:10.474;09:54:10.474;0:31.467;0:33.137;0:32.495;305.9;Enzo GUIBBERT;;LMP2;;G-Drive Racing;Oreca;
40;1;19;1:47.231;0;B;31.539;0;34.085;0;41.607;0;194.5;40:57.705;09:55:57.705;0:31.539;0:34.085;0:41.607;305.9;Enzo GUIBBERT;;LMP2;;G-Drive Racing;Oreca;
40;0;20;3:58.259;0;;2:50.002;0;34.870;0;33.387;0;87.5;44:55.964;09:59:55.964;2:50.002;0:34.870;0:33.387;190.8;James ALLEN;0:02:21.575;LMP2;;G-Drive Racing;Oreca;
40;0;21;1:40.090;0;;31.857;0;35.306;0;32.927;1;208.4;46:36.054;10:01:36.054;0:31.857;0:35.306;0:32.927;305.1;James ALLEN;;LMP2;;G-Drive Racing;Oreca;
40;0;22;2:33.116;0;B;31.869;0;39.520;0;1:21.727;0;136.2;49:09.170;10:04:09.170;0:31.869;0:39.520;1:21.727;306.8;James ALLEN;;LMP2;;G-Drive Racing;Oreca;
40;0;23;10:26.321;0;;9:16.849;0;34.906;0;34.566;0;33.3;59:35.491;10:14:35.491;9:16.849;0:34.906;0:34.566;231.8;James ALLEN;0:08:49.670;LMP2;;G-Drive Racing;Oreca;
40;0;24;1:40.050;0;;32.105;0;33.834;0;34.111;0;208.4;1:01:15.541;10:16:15.541;0:32.105;0:33.834;0:34.111;298.3;James ALLEN;;LMP2;;G-Drive Racing;Oreca;
40;0;25;1:39.498;0;;31.811;0;33.528;0;34.159;0;209.6;1:02:55.039;10:17:55.039;0:31.811;0:33.528;0:34.159;305.1;James ALLEN;;LMP2;;G-Drive Racing;Oreca;
40;0;26;1:39.516;0;;31.696;1;33.724;0;34.096;0;209.6;1:04:34.555;10:19:34.555;0:31.696;0:33.724;0:34.096;303.4;James ALLEN;;LMP2;;G-Drive Racing;Oreca;
40;0;27;1:40.605;0;;31.837;0;34.410;0;34.358;0;207.3;1:06:15.160;10:21:15.160;0:31.837;0:34.410;0:34.358;307.7;James ALLEN;;LMP2;;G-Drive Racing;Oreca;
40;0;28;1:44.913;0;B;31.825;0;33.516;1;39.572;0;198.8;1:08:00.073;10:23:00.073;0:31.825;0:33.516;0:39.572;307.7;James ALLEN;;LMP2;;G-Drive Racing;Oreca;
40;2;29;3:16.602;0;;2:07.956;0;34.793;0;33.853;0;106.1;1:11:16.675;10:26:16.675;2:07.956;0:34.793;0:33.853;236.8;Jose GUTIERREZ;0:01:39.850;LMP2;;G-Drive Racing;Oreca;
40;2;30;1:40.061;0;;32.104;0;34.308;0;33.649;0;208.4;1:12:56.736;10:27:56.736;0:32.104;0:34.308;0:33.649;290.3;Jose GUTIERREZ;;LMP2;;G-Drive Racing;Oreca;
40;2;31;1:43.750;0;;32.456;0;35.460;0;35.834;0;201.0;1:14:40.486;10:29:40.486;0:32.456;0:35.460;0:35.834;285.0;Jose GUTIERREZ;;LMP2;;G-Drive Racing;Oreca;
40;2;32;3:12.508;0;;32.178;0;1:07.182;0;1:33.148;0;108.3;1:17:52.994;10:32:52.994;0:32.178;1:07.182;1:33.148;286.5;Jose GUTIERREZ;;LMP2;;G-Drive Racing;Oreca;
40;2;33;2:59.881;0;;1:27.652;0;57.162;0;35.067;0;115.9;1:20:52.875;10:35:52.875;1:27.652;0:57.162;0:35.067;78.9;Jose GUTIERREZ;;LMP2;;G-Drive Racing;Oreca;
40;2;34;1:41.274;0;;32.059;0;35.132;0;34.083;0;205.9;1:22:34.149;10:37:34.149;0:32.059;0:35.132;0:34.083;285.7;Jose GUTIERREZ;;LMP2;;G-Drive Racing;Oreca;
40;2;35;1:41.028;0;;32.113;0;34.502;0;34.413;0;206.4;1:24:15.177;10:39:15.177;0:32.113;0:34.502;0:34.413;291.9;Jose GUTIERREZ;;LMP2;;G-Drive Racing;Oreca;
40;2;36;1:41.489;0;;31.997;0;35.351;0;34.141;0;205.5;1:25:56.666;10:40:56.666;0:31.997;0:35.351;0:34.141;288.0;Jose GUTIERREZ;;LMP2;;G-Drive Racing;Oreca;
40;2;37;1:41.211;0;;31.991;0;35.083;0;34.137;0;206.1;1:27:37.877;10:42:37.877;0:31.991;0:35.083;0:34.137;296.7;Jose GUTIERREZ;;LMP2;;G-Drive Racing;Oreca;
40;2;38;1:40.726;0;;32.348;0;34.534;0;33.844;0;207.0;1:29:18.603;10:44:18.603;0:32.348;0:34.534;0:33.844;305.1;Jose GUTIERREZ;;LMP2;;G-Drive Racing;Oreca;
40;2;39;1:39.521;0;;31.867;1;34.257;1;33.397;1;209.6;1:30:58.124;10:45:58.124;0:31.867;0:34.257;0:33.397;295.1;Jose GUTIERREZ;;LMP2;;G-Drive Racing;Oreca;
47;2;1;9:41.033;0;;8:28.597;0;37.401;0;35.035;0;34.0;9:41.033;09:24:41.033;8:28.597;0:37.401;0:35.035;173.9;Felipe NASR;0:07:52.623;LMP2;;Cetilar Villorba Corse;Dallara;
47;2;2;1:40.474;0;;32.104;0;34.486;0;33.884;0;207.6;11:21.507;09:26:21.507;0:32.104;0:34.486;0:33.884;298.3;Felipe NASR;;LMP2;;Cetilar Villorba Corse;Dallara;
47;2;3;1:39.423;0;;31.719;0;34.241;0;33.463;0;209.8;13:00.930;09:28:00.930;0:31.719;0:34.241;0:33.463;300.0;Felipe NASR;;LMP2;;Cetilar Villorba Corse;Dallara;
47;2;4;1:51.604;0;B;32.638;0;36.153;0;42.813;0;186.9;14:52.534;09:29:52.534;0:32.638;0:36.153;0:42.813;264.7;Felipe NASR;;LMP2;;Cetilar Villorba Corse;Dallara;
47;2;5;4:29.291;0;;3:14.645;0;36.528;0;38.118;0;77.4;19:21.825;09:34:21.825;3:14.645;0:36.528;0:38.118;217.7;Felipe NASR;0:02:46.927;LMP2;;Cetilar Villorba Corse;Dallara;
47;2;6;1:44.696;0;;31.323;0;38.811;0;34.562;0;199.2;21:06.521;09:36:06.521;0:31.323;0:38.811;0:34.562;307.7;Felipe NASR;;LMP2;;Cetilar Villorba Corse;Dallara;
47;2;7;1:40.184;0;;31.489;0;34.832;0;33.863;0;208.2;22:46.705;09:37:46.705;0:31.489;0:34.832;0:33.863;308.6;Felipe NASR;;LMP2;;Cetilar Villorba Corse;Dallara;
47;2;8;1:49.582;0;;31.297;0;33.597;2;44.688;0;190.3;24:36.287;09:39:36.287;0:31.297;0:33.597;0:44.688;307.7;Felipe NASR;;LMP2;;Cetilar Villorba Corse;Dallara;
47;2;9;1:40.136;0;;31.184;2;35.357;0;33.595;0;208.3;26:16.423;09:41:16.423;0:31.184;0:35.357;0:33.595;311.2;Felipe NASR;;LMP2;;Cetilar Villorba Corse;Dallara;
47;2;10;1:42.465;0;;33.204;0;34.601;0;34.660;0;203.5;27:58.888;09:42:58.888;0:33.204;0:34.601;0:34.660;255.3;Felipe NASR;;LMP2;;Cetilar Villorba Corse;Dallara;
47;2;11;3:37.016;0;B;57.803;0;1:21.310;0;1:17.903;0;96.1;31:35.904;09:46:35.904;0:57.803;1:21.310;1:17.903;270.0;Felipe NASR;;LMP2;;Cetilar Villorba Corse;Dallara;
47;2;12;12:11.940;0;;11:02.619;0;34.975;0;34.346;0;28.5;43:47.844;09:58:47.844;11:02.619;0:34.975;0:34.346;191.5;Felipe NASR;0:10:33.758;LMP2;;Cetilar Villorba Corse;Dallara;
47;2;13;1:38.333;2;;31.350;0;33.841;0;33.142;2;212.1;45:26.177;10:00:26.177;0:31.350;0:33.841;0:33.142;307.7;Felipe NASR;;LMP2;;Cetilar Villorba Corse;Dallara;
47;2;14;1:47.415;0;B;31.263;0;35.597;0;40.555;0;194.2;47:13.592;10:02:13.592;0:31.263;0:35.597;0:40.555;314.9;Felipe NASR;;LMP2;;Cetilar Villorba Corse;Dallara;
47;1;15;12:40.833;0;;11:29.882;0;36.329;0;34.622;0;27.4;59:54.425;10:14:54.425;11:29.882;0:36.329;0:34.622;208.1;Giorgio SERNAGIOTTO;0:11:01.504;LMP2;;Cetilar Villorba Corse;Dallara;
47;1;16;1:39.596;0;;31.882;0;34.129;0;33.585;1;209.4;1:01:34.021;10:16:34.021;0:31.882;0:34.129;0:33.585;301.7;Giorgio SERNAGIOTTO;;LMP2;;Cetilar Villorba Corse;Dallara;
47;1;17;1:40.712;0;;32.781;0;34.329;0;33.602;0;207.1;1:03:14.733;10:18:14.733;0:32.781;0:34.329;0:33.602;248.8;Giorgio SERNAGIOTTO;;LMP2;;Cetilar Villorba Corse;Dallara;
47;1;18;1:40.695;0;;31.762;1;34.107;1;34.826;0;207.1;1:04:55.428;10:19:55.428;0:31.762;0:34.107;0:34.826;310.3;Giorgio SERNAGIOTTO;;LMP2;;Cetilar Villorba Corse;Dallara;
47;1;19;1:51.464;0;B;32.710;0;34.852;0;43.902;0;187.1;1:06:46.892;10:21:46.892;0:32.710;0:34.852;0:43.902;307.7;Giorgio SERNAGIOTTO;;LMP2;;Cetilar Villorba Corse;Dallara;
47;0;20;3:10.248;0;;1:59.018;0;36.293;0;34.937;0;109.6;1:09:57.140;10:24:57.140;1:59.018;0:36.293;0:34.937;176.8;Roberto LACORTE;0:01:31.462;LMP2;;Cetilar Villorba Corse;Dallara;
47;0;21;1:41.523;0;;32.172;0;34.938;0;34.413;0;205.4;1:11:38.663;10:26:38.663;0:32.172;0:34.938;0:34.413;294.3;Roberto LACORTE;;LMP2;;Cetilar Villorba Corse;Dallara;
47;0;22;1:42.325;0;;32.118;0;35.376;0;34.831;0;203.8;1:13:20.988;10:28:20.988;0:32.118;0:35.376;0:34.831;306.8;Roberto LACORTE;;LMP2;;Cetilar Villorba Corse;Dallara;
47;0;23;1:41.390;0;;31.772;0;35.112;0;34.506;0;205.7;1:15:02.378;10:30:02.378;0:31.772;0:35.112;0:34.506;306.8;Roberto LACORTE;;LMP2;;Cetilar Villorba Corse;Dallara;
47;0;24;3:35.624;0;;42.918;0;1:21.468;0;1:31.238;0;96.7;1:18:38.002;10:33:38.002;0:42.918;1:21.468;1:31.238;272.7;Roberto LACORTE;;LMP2;;Cetilar Villorba Corse;Dallara;
47;0;25;2:38.619;0;;1:25.393;0;37.635;0;35.591;0;131.5;1:21:16.621;10:36:16.621;1:25.393;0:37.635;0:35.591;81.8;Roberto LACORTE;;LMP2;;Cetilar Villorba Corse;Dallara;
47;0;26;1:41.701;0;;31.952;0;35.203;0;34.546;0;205.1;1:22:58.322;10:37:58.322;0:31.952;0:35.203;0:34.546;297.5;Roberto LACORTE;;LMP2;;Cetilar Villorba Corse;Dallara;
47;0;27;1:41.122;0;;31.712;0;35.011;0;34.399;0;206.2;1:24:39.444;10:39:39.444;0:31.712;0:35.011;0:34.399;310.3;Roberto LACORTE;;LMP2;;Cetilar Villorba Corse;Dallara;
47;0;28;1:42.024;0;;31.860;0;34.871;1;35.293;0;204.4;1:26:21.468;10:41:21.468;0:31.860;0:34.871;0:35.293;292.7;Roberto LACORTE;;LMP2;;Cetilar Villorba Corse;Dallara;
47;0;29;1:40.900;0;;31.573;1;35.175;0;34.152;1;206.7;1:28:02.368;10:43:02.368;0:31.573;0:35.175;0:34.152;314.0;Roberto LACORTE;;LMP2;;Cetilar Villorba Corse;Dallara;
47;0;30;1:41.520;0;;31.719;0;34.875;0;34.926;0;205.4;1:29:43.888;10:44:43.888;0:31.719;0:34.875;0:34.926;302.5;Roberto LACORTE;;LMP2;;Cetilar Villorba Corse;Dallara;
47;0;31;1:44.021;0;;32.744;0;36.222;0;35.055;0;200.5;1:31:27.909;10:46:27.909;0:32.744;0:36.222;0:35.055;293.5;Roberto LACORTE;;LMP2;;Cetilar Villorba Corse;Dallara;
49;1;1;2:16.476;0;;1:04.519;0;37.175;0;34.782;0;144.7;2:16.476;09:17:16.476;1:04.519;0:37.175;0:34.782;150.0;Anders FJORDBACH;0:00:24.320;LMP2;;High Class Racing;Dallara;
49;1;2;1:56.984;0;B;33.925;0;39.353;0;43.706;0;178.3;4:13.460;09:19:13.460;0:33.925;0:39.353;0:43.706;221.3;Anders FJORDBACH;;LMP2;;High Class Racing;Dallara;
49;1;3;3:30.409;0;;2:20.637;0;36.892;0;32.880;0;99.1;7:43.869;09:22:43.869;2:20.637;0:36.892;0:32.880;199.3;Anders FJORDBACH;0:01:52.488;LMP2;;High Class Racing;Dallara;
49;1;4;1:38.341;0;;31.350;2;33.342;0;33.649;0;212.1;9:22.210;09:24:22.210;0:31.350;0:33.342;0:33.649;305.9;Anders FJORDBACH;;LMP2;;High Class Racing;Dallara;
49;1;5;1:37.790;2;;31.382;0;33.624;0;32.784;2;213.3;11:00.000;09:26:00.000;0:31.382;0:33.624;0:32.784;307.7;Anders FJORDBACH;;LMP2;;High Class Racing;Dallara;
49;1;6;1:37.816;0;;31.591;0;33.340;0;32.885;0;213.2;12:37.816;09:27:37.816;0:31.591;0:33.340;0:32.885;305.9;Anders FJORDBACH;;LMP2;;High Class Racing;Dallara;
49;1;7;1:46.820;0;B;31.654;0;33.305;2;41.861;0;195.2;14:24.636;09:29:24.636;0:31.654;0:33.305;0:41.861;302.5;Anders FJORDBACH;;LMP2;;High Class Racing;Dallara;
49;0;8;3:42.878;0;;2:32.402;0;35.735;0;34.741;0;93.6;18:07.514;09:33:07.514;2:32.402;0:35.735;0:34.741;211.8;Dennis ANDERSEN;0:02:02.151;LMP2;;High Class Racing;Dallara;
49;0;9;1:41.947;0;;32.657;0;35.021;0;34.269;0;204.6;19:49.461;09:34:49.461;0:32.657;0:35.021;0:34.269;290.3;Dennis ANDERSEN;;LMP2;;High Class Racing;Dallara;
49;0;10;1:42.415;0;;32.033;0;36.167;0;34.215;0;203.6;21:31.876;09:36:31.876;0:32.033;0:36.167;0:34.215;306.8;Dennis ANDERSEN;;LMP2;;High Class Racing;Dallara;
49;0;11;1:41.996;0;;32.358;0;35.097;0;34.541;0;204.5;23:13.872;09:38:13.872;0:32.358;0:35.097;0:34.541;300.0;Dennis ANDERSEN;;LMP2;;High Class Racing;Dallara;
49;0;12;1:41.209;0;;32.176;0;35.050;0;33.983;0;206.1;24:55.081;09:39:55.081;0:32.176;0:35.050;0:33.983;304.2;Dennis ANDERSEN;;LMP2;;High Class Racing;Dallara;
49;0;13;1:41.940;0;;32.091;0;35.253;0;34.596;0;204.6;26:37.021;09:41:37.021;0:32.091;0:35.253;0:34.596;300.8;Dennis ANDERSEN;;LMP2;;High Class Racing;Dallara;
49;0;14;1:56.592;0;B;31.928;0;36.552;0;48.112;0;178.9;28:33.613;09:43:33.613;0:31.928;0:36.552;0:48.112;309.5;Dennis ANDERSEN;;LMP2;;High Class Racing;Dallara;
49;0;15;11:22.148;0;;10:10.689;0;36.162;0;35.297;0;30.6;39:55.761;09:54:55.761;10:10.689;0:36.162;0:35.297;222.7;Dennis ANDERSEN;0:09:42.070;LMP2;;High Class Racing;Dallara;
49;0;16;1:42.694;0;;32.719;0;35.241;0;34.734;0;203.1;41:38.455;09:56:38.455;0:32.719;0:35.241;0:34.734;268.7;Dennis ANDERSEN;;LMP2;;High Class Racing;Dallara;
49;0;17;1:41.289;0;;32.330;0;34.789;1;34.170;0;205.9;43:19.744;09:58:19.744;0:32.330;0:34.789;0:34.170;301.7;Dennis ANDERSEN;;LMP2;;High Class Racing;Dallara;
49;0;18;1:40.694;0;;31.886;0;34.858;0;33.950;1;207.1;45:00.438;10:00:00.438;0:31.886;0:34.858;0:33.950;303.4;Dennis ANDERSEN;;LMP2;;High Class Racing;Dallara;
49;0;19;1:41.265;0;;31.847;0;35.228;0;34.190;0;205.9;46:41.703;10:01:41.703;0:31.847;0:35.228;0:34.190;305.1;Dennis ANDERSEN;;LMP2;;High Class Racing;Dallara;
49;0;20;2:39.743;0;B;31.782;1;38.585;0;1:29.376;0;130.6;49:21.446;10:04:21.446;0:31.782;0:38.585;1:29.376;309.5;Dennis ANDERSEN;;LMP2;;High Class Racing;Dallara;
49;0;21;10:22.187;0;B;8:51.817;0;42.146;0;48.224;0;33.5;59:43.633;10:14:43.633;8:51.817;0:42.146;0:48.224;188.8;Dennis ANDERSEN;0:08:19.747;LMP2;;High Class Racing;Dallara;
5;1;1;3:18.003;0;;1:55.743;0;41.412;0;40.848;1;99.7;3:18.003;09:18:18.003;1:55.743;0:41.412;0:40.848;122.3;Alexey CHUKLIN;0:01:14.210;LMP3;;NEFIS by Speed Factory;Ligier;
5;1;2;1:57.521;0;;36.965;0;39.558;1;40.998;0;177.5;5:15.524;09:20:15.524;0:36.965;0:39.558;0:40.998;230.8;Alexey CHUKLIN;;LMP3;;NEFIS by Speed Factory;Ligier;
5;1;3;2:03.038;0;B;36.329;1;41.087;0;45.622;0;169.5;7:18.562;09:22:18.562;0:36.329;0:41.087;0:45.622;223.1;Alexey CHUKLIN;;LMP3;;NEFIS by Speed Factory;Ligier;
5;0;4;9:51.408;0;;8:26.076;0;42.042;0;43.290;0;35.3;17:09.970;09:32:09.970;8:26.076;0:42.042;0:43.290;174.5;Timur BOGUSLAVSKIY;0:07:52.799;LMP3;;NEFIS by Speed Factory;Ligier;
5;0;5;1:58.465;0;;38.918;0;40.597;0;38.950;0;176.0;19:08.435;09:34:08.435;0:38.918;0:40.597;0:38.950;214.7;Timur BOGUSLAVSKIY;;LMP3;;NEFIS by Speed Factory;Ligier;
5;0;6;1:50.985;0;;35.494;0;37.692;0;37.799;0;187.9;20:59.420;09:35:59.420;0:35.494;0:37.692;0:37.799;264.1;Timur BOGUSLAVSKIY;;LMP3;;NEFIS by Speed Factory;Ligier;
5;0;7;1:49.621;0;;35.256;0;37.231;1;37.134;2;190.2;22:49.041;09:37:49.041;0:35.256;0:37.231;0:37.134;268.7;Timur BOGUSLAVSKIY;;LMP3;;NEFIS by Speed Factory;Ligier;
5;0;8;1:50.560;0;;34.775;2;37.593;0;38.192;0;188.6;24:39.601;09:39:39.601;0:34.775;0:37.593;0:38.192;271.4;Timur BOGUSLAVSKIY;;LMP3;;NEFIS by Speed Factory;Ligier;
5;0;9;1:55.653;0;B;35.189;0;37.247;0;43.217;0;180.3;26:35.254;09:41:35.254;0:35.189;0:37.247;0:43.217;270.7;Timur BOGUSLAVSKIY;;LMP3;;NEFIS by Speed Factory;Ligier;
5;2;10;5:06.312;0;;2:53.758;0;1:24.957;0;47.597;0;68.1;31:41.566;09:46:41.566;2:53.758;1:24.957;0:47.597;74.8;Daniil PRONENKO;0:01:40.187;LMP3;;NEFIS by Speed Factory;Ligier;
5;2;11;1:52.910;0;;36.345;0;37.952;0;38.613;0;184.7;33:34.476;09:48:34.476;0:36.345;0:37.952;0:38.613;241.6;Daniil PRONENKO;;LMP3;;NEFIS by Speed Factory;Ligier;
5;2;12;1:50.504;0;;35.408;0;37.843;0;37.253;1;188.7;35:24.980;09:50:24.980;0:35.408;0:37.843;0:37.253;270.0;Daniil PRONENKO;;LMP3;;NEFIS by Speed Factory;Ligier;
5;2;13;1:50.230;0;;35.277;0;37.573;0;37.380;0;189.2;37:15.210;09:52:15.210;0:35.277;0:37.573;0:37.380;270.0;Daniil PRONENKO;;LMP3;;NEFIS by Speed Factory;Ligier;
5;2;14;1:49.536;0;;35.164;0;37.077;0;37.295;0;190.4;39:04.746;09:54:04.746;0:35.164;0:37.077;0:37.295;271.4;Daniil PRONENKO;;LMP3;;NEFIS by Speed Factory;Ligier;
5;2;15;1:49.432;2;;35.030;0;37.072;2;37.330;0;190.6;40:54.178;09:55:54.178;0:35.030;0:37.072;0:37.330;272.0;Daniil PRONENKO;;LMP3;;NEFIS by Speed Factory;Ligier;
5;2;16;1:49.810;0;;34.804;1;37.696;0;37.310;0;189.9;42:43.988;09:57:43.988;0:34.804;0:37.696;0:37.310;271.4;Daniil PRONENKO;;LMP3;;NEFIS by Speed Factory;Ligier;
5;2;17;1:58.464;0;B;34.965;0;37.175;0;46.324;0;176.0;44:42.452;09:59:42.452;0:34.965;0:37.175;0:46.324;271.4;Daniil PRONENKO;;LMP3;;NEFIS by Speed Factory;Ligier;
55;2;1;2:56.288;0;;1:34.088;0;41.221;0;40.979;0;112.0;2:56.288;09:17:56.288;1:34.088;0:41.221;0:40.979;152.8;Aaron SCOTT;0:00:55.058;LMGTE;;Spirit of Race;Ferrari;
55;2;2;1:54.678;0;;35.896;0;38.595;0;40.187;0;181.9;4:50.966;09:19:50.966;0:35.896;0:38.595;0:40.187;258.4;Aaron SCOTT;;LMGTE;;Spirit of Race;Ferrari;
55;2;3;1:52.656;0;;36.262;0;38.446;0;37.948;0;185.1;6:43.622;09:21:43.622;0:36.262;0:38.446;0:37.948;248.3;Aaron SCOTT;;LMGTE;;Spirit of Race;Ferrari;
55;2;4;1:49.946;0;;35.304;0;37.141;0;37.501;0;189.7;8:33.568;09:23:33.568;0:35.304;0:37.141;0:37.501;264.1;Aaron SCOTT;;LMGTE;;Spirit of Race;Ferrari;
55;2;5;1:49.428;0;;35.101;0;37.151;0;37.176;1;190.6;10:22.996;09:25:22.996;0:35.101;0:37.151;0:37.176;267.3;Aaron SCOTT;;LMGTE;;Spirit of Race;Ferrari;
55;2;6;1:49.359;0;;34.998;0;37.133;0;37.228;0;190.7;12:12.355;09:27:12.355;0:34.998;0:37.133;0:37.228;268.7;Aaron SCOTT;;LMGTE;;Spirit of Race;Ferrari;
55;2;7;1:56.488;0;B;35.093;0;37.410;0;43.985;0;179.0;14:08.843;09:29:08.843;0:35.093;0:37.410;0:43.985;267.3;Aaron SCOTT;;LMGTE;;Spirit of Race;Ferrari;
55;2;8;3:42.017;0;;2:25.122;0;39.032;0;37.863;0;93.9;17:50.860;09:32:50.860;2:25.122;0:39.032;0:37.863;171.2;Aaron SCOTT;0:01:51.019;LMGTE;;Spirit of Race;Ferrari;
55;2;9;1:49.750;0;;35.137;0;37.129;1;37.484;0;190.0;19:40.610;09:34:40.610;0:35.137;0:37.129;0:37.484;268.0;Aaron SCOTT;;LMGTE;;Spirit of Race;Ferrari;
55;2;10;1:49.459;0;;34.991;1;37.213;0;37.255;0;190.5;21:30.069;09:36:30.069;0:34.991;0:37.213;0:37.255;268.7;Aaron SCOTT;;LMGTE;;Spirit of Race;Ferrari;
55;2;11;1:57.000;0;B;35.066;0;37.711;0;44.223;0;178.2;23:27.069;09:38:27.069;0:35.066;0:37.711;0:44.223;270.0;Aaron SCOTT;;LMGTE;;Spirit of Race;Ferrari;
55;2;12;2:57.578;0;;1:41.200;0;38.369;0;38.009;0;117.4;26:24.647;09:41:24.647;1:41.200;0:38.369;0:38.009;188.8;Aaron SCOTT;0:01:08.835;LMGTE;;Spirit of Race;Ferrari;
55;2;13;2:03.257;0;B;35.047;0;38.328;0;49.882;0;169.2;28:27.904;09:43:27.904;0:35.047;0:38.328;0:49.882;268.0;Aaron SCOTT;;LMGTE;;Spirit of Race;Ferrari;
55;2;14;6:55.868;0;;5:39.387;0;38.434;0;38.047;0;50.1;35:23.772;09:50:23.772;5:39.387;0:38.434;0:38.047;201.9;Aaron SCOTT;0:05:08.336;LMGTE;;Spirit of Race;Ferrari;
55;2;15;1:50.579;0;;35.125;0;37.849;0;37.605;0;188.6;37:14.351;09:52:14.351;0:35.125;0:37.849;0:37.605;267.3;Aaron SCOTT;;LMGTE;;Spirit of Race;Ferrari;
55;2;16;1:49.789;0;;35.124;0;37.301;0;37.364;0;190.0;39:04.140;09:54:04.140;0:35.124;0:37.301;0:37.364;267.3;Aaron SCOTT;;LMGTE;;Spirit of Race;Ferrari;
55;2;17;1:57.470;0;B;35.042;0;37.306;0;45.122;0;177.5;41:01.610;09:56:01.610;0:35.042;0:37.306;0:45.122;267.3;Aaron SCOTT;;LMGTE;;Spirit of Race;Ferrari;
55;0;18;3:42.365;0;;2:24.813;0;39.041;0;38.511;0;93.8;44:43.975;09:59:43.975;2:24.813;0:39.041;0:38.511;204.2;Duncan CAMERON;0:01:53.072;LMGTE;;Spirit of Race;Ferrari;
55;0;19;1:52.257;0;;35.583;0;38.498;0;38.176;0;185.8;46:36.232;10:01:36.232;0:35.583;0:38.498;0:38.176;268.0;Duncan CAMERON;;LMGTE;;Spirit of Race;Ferrari;
55;0;20;2:50.143;0;B;35.485;0;41.319;0;1:33.339;0;122.6;49:26.375;10:04:26.375;0:35.485;0:41.319;1:33.339;264.7;Duncan CAMERON;;LMGTE;;Spirit of Race;Ferrari;
55;0;21;10:13.922;0;;8:54.110;0;40.532;0;39.280;0;34.0;59:40.297;10:14:40.297;8:54.110;0:40.532;0:39.280;187.2;Duncan CAMERON;0:08:22.504;LMGTE;;Spirit of Race;Ferrari;
55;0;22;1:52.536;0;;35.459;0;38.564;0;38.513;0;185.3;1:01:32.833;10:16:32.833;0:35.459;0:38.564;0:38.513;266.7;Duncan CAMERON;;LMGTE;;Spirit of Race;Ferrari;
55;0;23;1:59.923;0;;35.552;0;40.675;0;43.696;0;173.9;1:03:32.756;10:18:32.756;0:35.552;0:40.675;0:43.696;268.7;Duncan CAMERON;;LMGTE;;Spirit of Race;Ferrari;
55;0;24;1:51.369;0;;35.314;0;37.980;0;38.075;1;187.3;1:05:24.125;10:20:24.125;0:35.314;0:37.980;0:38.075;267.3;Duncan CAMERON;;LMGTE;;Spirit of Race;Ferrari;
55;0;25;1:51.780;0;;35.214;1;37.729;1;38.837;0;186.6;1:07:15.905;10:22:15.905;0:35.214;0:37.729;0:38.837;267.3;Duncan CAMERON;;LMGTE;;Spirit of Race;Ferrari;
55;0;26;1:58.471;0;B;35.874;0;38.074;0;44.523;0;176.0;1:09:14.376;10:24:14.376;0:35.874;0:38.074;0:44.523;264.7;Duncan CAMERON;;LMGTE;;Spirit of Race;Ferrari;
55;1;27;3:22.884;0;;2:07.230;0;37.987;0;37.667;0;102.8;1:12:37.260;10:27:37.260;2:07.230;0:37.987;0:37.667;171.4;Matthew GRIFFIN;0:01:36.357;LMGTE;;Spirit of Race;Ferrari;
55;1;28;1:57.786;0;B;35.186;0;37.968;0;44.632;0;177.1;1:14:35.046;10:29:35.046;0:35.186;0:37.968;0:44.632;267.3;Matthew GRIFFIN;;LMGTE;;Spirit of Race;Ferrari;
55;1;29;8:19.117;0;;7:02.915;0;37.664;0;38.538;0;41.8;1:22:54.163;10:37:54.163;7:02.915;0:37.664;0:38.538;204.9;Matthew GRIFFIN;0:06:32.428;LMGTE;;Spirit of Race;Ferrari;
55;1;30;1:48.569;0;;34.693;0;36.636;0;37.240;0;192.1;1:24:42.732;10:39:42.732;0:34.693;0:36.636;0:37.240;269.3;Matthew GRIFFIN;;LMGTE;;Spirit of Race;Ferrari;
55;1;31;1:48.599;0;;34.726;0;36.715;0;37.158;0;192.0;1:26:31.331;10:41:31.331;0:34.726;0:36.715;0:37.158;270.7;Matthew GRIFFIN;;LMGTE;;Spirit of Race;Ferrari;
55;1;32;1:48.022;2;;34.643;0;36.611;2;36.768;2;193.1;1:28:19.353;10:43:19.353;0:34.643;0:36.611;0:36.768;271.4;Matthew GRIFFIN;;LMGTE;;Spirit of Race;Ferrari;
55;1;33;1:58.077;0;B;34.564;2;38.248;0;45.265;0;176.6;1:30:17.430;10:45:17.430;0:34.564;0:38.248;0:45.265;269.3;Matthew GRIFFIN;;LMGTE;;Spirit of Race;Ferrari;
6;1;1;2:51.800;0;;1:21.921;0;45.742;0;44.137;0;114.9;2:51.800;09:17:51.800;1:21.921;0:45.742;0:44.137;157.2;Ross KAISER;0:00:44.070;LMP3;;360 Racing;Ligier;
6;1;2;1:53.621;0;;36.484;0;37.986;0;39.151;0;183.5;4:45.421;09:19:45.421;0:36.484;0:37.986;0:39.151;215.1;Ross KAISER;;LMP3;;360 Racing;Ligier;
6;1;3;1:50.458;0;;35.591;0;37.342;0;37.525;0;188.8;6:35.879;09:21:35.879;0:35.591;0:37.342;0:37.525;259.0;Ross KAISER;;LMP3;;360 Racing;Ligier;
6;1;4;1:49.499;0;;35.316;0;36.910;0;37.273;0;190.5;8:25.378;09:23:25.378;0:35.316;0:36.910;0:37.273;257.1;Ross KAISER;;LMP3;;360 Racing;Ligier;
6;1;5;1:49.127;0;;35.238;0;36.833;0;37.056;0;191.1;10:14.505;09:25:14.505;0:35.238;0:36.833;0:37.056;267.3;Ross KAISER;;LMP3;;360 Racing;Ligier;
6;1;6;1:48.347;0;;34.854;0;36.506;2;36.987;0;192.5;12:02.852;09:27:02.852;0:34.854;0:36.506;0:36.987;268.7;Ross KAISER;;LMP3;;360 Racing;Ligier;
6;1;7;1:49.512;0;;35.559;0;37.075;0;36.878;0;190.4;13:52.364;09:28:52.364;0:35.559;0:37.075;0:36.878;244.9;Ross KAISER;;LMP3;;360 Racing;Ligier;
6;1;8;1:48.495;0;;34.879;0;36.724;0;36.892;0;192.2;15:40.859;09:30:40.859;0:34.879;0:36.724;0:36.892;267.3;Ross KAISER;;LMP3;;360 Racing;Ligier;
6;1;9;1:55.305;0;B;34.871;0;36.821;0;43.613;0;180.9;17:36.164;09:32:36.164;0:34.871;0:36.821;0:43.613;268.0;Ross KAISER;;LMP3;;360 Racing;Ligier;
6;1;10;9:38.459;0;;8:21.960;0;37.896;0;38.603;0;36.1;27:14.623;09:42:14.623;8:21.960;0:37.896;0:38.603;199.3;Ross KAISER;0:07:51.862;LMP3;;360 Racing;Ligier;
6;1;11;3:05.696;0;B;35.565;0;58.114;0;1:32.017;0;112.3;30:20.319;09:45:20.319;0:35.565;0:58.114;1:32.017;257.8;Ross KAISER;;LMP3;;360 Racing;Ligier;
6;0;12;3:41.705;0;;2:24.696;0;39.037;0;37.972;0;94.1;34:02.024;09:49:02.024;2:24.696;0:39.037;0:37.972;175.9;Terrence WOODWARD;0:01:48.491;LMP3;;360 Racing;Ligier;
6;0;13;1:52.643;0;;35.463;0;38.804;0;38.376;0;185.1;35:54.667;09:50:54.667;0:35.463;0:38.804;0:38.376;264.1;Terrence WOODWARD;;LMP3;;360 Racing;Ligier;
6;0;14;1:53.989;0;;38.392;0;38.097;0;37.500;0;183.0;37:48.656;09:52:48.656;0:38.392;0:38.097;0:37.500;266.7;Terrence WOODWARD;;LMP3;;360 Racing;Ligier;
6;0;15;1:50.151;0;;35.570;0;37.287;0;37.294;0;189.3;39:38.807;09:54:38.807;0:35.570;0:37.287;0:37.294;252.3;Terrence WOODWARD;;LMP3;;360 Racing;Ligier;
6;0;16;1:49.841;0;;35.296;0;37.235;0;37.310;0;189.9;41:28.648;09:56:28.648;0:35.296;0:37.235;0:37.310;266.7;Terrence WOODWARD;;LMP3;;360 Racing;Ligier;
6;0;17;1:56.636;0;B;35.835;0;37.306;0;43.495;0;178.8;43:25.284;09:58:25.284;0:35.835;0:37.306;0:43.495;266.7;Terrence WOODWARD;;LMP3;;360 Racing;Ligier;
6;0;18;16:29.217;0;;15:13.415;0;37.768;0;38.034;0;21.1;59:54.501;10:14:54.501;15:13.415;0:37.768;0:38.034;209.7;Terrence WOODWARD;0:14:43.322;LMP3;;360 Racing;Ligier;
6;0;19;1:51.501;0;;35.486;0;38.381;0;37.634;0;187.0;1:01:46.002;10:16:46.002;0:35.486;0:38.381;0:37.634;264.1;Terrence WOODWARD;;LMP3;;360 Racing;Ligier;
6;0;20;1:51.830;0;;37.108;0;37.395;0;37.327;0;186.5;1:03:37.832;10:18:37.832;0:37.108;0:37.395;0:37.327;263.4;Terrence WOODWARD;;LMP3;;360 Racing;Ligier;
6;0;21;1:49.775;0;;35.656;0;37.135;1;36.984;1;190.0;1:05:27.607;10:20:27.607;0:35.656;0:37.135;0:36.984;266.0;Terrence WOODWARD;;LMP3;;360 Racing;Ligier;
6;0;22;1:53.126;0;;35.250;0;39.797;0;38.079;0;184.4;1:07:20.733;10:22:20.733;0:35.250;0:39.797;0:38.079;264.7;Terrence WOODWARD;;LMP3;;360 Racing;Ligier;
6;0;23;1:50.904;0;;35.271;0;38.017;0;37.616;0;188.0;1:09:11.637;10:24:11.637;0:35.271;0:38.017;0:37.616;265.4;Terrence WOODWARD;;LMP3;;360 Racing;Ligier;
6;0;24;1:49.926;0;;35.278;0;37.444;0;37.204;0;189.7;1:11:01.563;10:26:01.563;0:35.278;0:37.444;0:37.204;265.4;Terrence WOODWARD;;LMP3;;360 Racing;Ligier;
6;0;25;1:57.759;0;;38.897;0;38.495;0;40.367;0;177.1;1:12:59.322;10:27:59.322;0:38.897;0:38.495;0:40.367;257.8;Terrence WOODWARD;;LMP3;;360 Racing;Ligier;
6;0;26;1:50.166;0;;35.065;1;37.315;0;37.786;0;189.3;1:14:49.488;10:29:49.488;0:35.065;0:37.315;0:37.786;269.3;Terrence WOODWARD;;LMP3;;360 Racing;Ligier;
6;0;27;3:27.423;0;B;36.362;0;1:17.323;0;1:33.738;0;100.5;1:18:16.911;10:33:16.911;0:36.362;1:17.323;1:33.738;222.7;Terrence WOODWARD;;LMP3;;360 Racing;Ligier;
6;1;28;4:21.390;0;;3:06.036;0;38.178;0;37.176;0;79.8;1:22:38.301;10:37:38.301;3:06.036;0:38.178;0:37.176;200.7;Ross KAISER;0:02:35.501;LMP3;;360 Racing;Ligier;
6;1;29;1:49.217;0;;35.126;0;37.073;0;37.018;0;190.9;1:24:27.518;10:39:27.518;0:35.126;0:37.073;0:37.018;266.0;Ross KAISER;;LMP3;;360 Racing;Ligier;
6;1;30;1:49.457;0;;35.211;0;37.270;0;36.976;0;190.5;1:26:16.975;10:41:16.975;0:35.211;0:37.270;0:36.976;266.7;Ross KAISER;;LMP3;;360 Racing;Ligier;
6;1;31;1:48.507;0;;34.949;0;36.569;0;36.989;0;192.2;1:28:05.482;10:43:05.482;0:34.949;0:36.569;0:36.989;268.7;Ross KAISER;;LMP3;;360 Racing;Ligier;
6;1;32;1:48.730;0;;34.785;0;37.074;0;36.871;2;191.8;1:29:54.212;10:44:54.212;0:34.785;0:37.074;0:36.871;270.7;Ross KAISER;;LMP3;;360 Racing;Ligier;
6;1;33;1:48.314;2;;34.642;2;36.714;0;36.958;0;192.5;1:31:42.526;10:46:42.526;0:34.642;0:36.714;0:36.958;272.7;Ross KAISER;;LMP3;;360 Racing;Ligier;
66;1;1;2:35.190;0;;1:13.999;0;41.528;0;39.663;0;127.2;2:35.190;09:17:35.190;1:13.999;0:41.528;0:39.663;115.9;Alex MACDOWALL;0:00:31.598;LMGTE;;JMW Motorsport;Ferrari;
66;1;2;1:51.300;0;;35.603;0;37.613;0;38.084;0;187.4;4:26.490;09:19:26.490;0:35.603;0:37.613;0:38.084;262.1;Alex MACDOWALL;;LMGTE;;JMW Motorsport;Ferrari;
66;1;3;1:50.847;0;;35.428;0;37.575;0;37.844;0;188.1;6:17.337;09:21:17.337;0:35.428;0:37.575;0:37.844;262.8;Alex MACDOWALL;;LMGTE;;JMW Motorsport;Ferrari;
66;1;4;1:50.457;0;;35.880;0;37.090;1;37.487;1;188.8;8:07.794;09:23:07.794;0:35.880;0:37.090;0:37.487;254.7;Alex MACDOWALL;;LMGTE;;JMW Motorsport;Ferrari;
66;1;5;1:49.929;0;;35.143;0;37.277;0;37.509;0;189.7;9:57.723;09:24:57.723;0:35.143;0:37.277;0:37.509;266.7;Alex MACDOWALL;;LMGTE;;JMW Motorsport;Ferrari;
66;1;6;1:56.815;0;B;35.101;1;37.296;0;44.418;0;178.5;11:54.538;09:26:54.538;0:35.101;0:37.296;0:44.418;266.7;Alex MACDOWALL;;LMGTE;;JMW Motorsport;Ferrari;
66;1;7;4:01.791;0;;2:45.686;0;38.008;0;38.097;0;86.3;15:56.329;09:30:56.329;2:45.686;0:38.008;0:38.097;207.3;Alex MACDOWALL;0:02:15.676;LMGTE;;JMW Motorsport;Ferrari;
66;1;8;1:50.705;0;;35.240;0;37.718;0;37.747;0;188.4;17:47.034;09:32:47.034;0:35.240;0:37.718;0:37.747;268.0;Alex MACDOWALL;;LMGTE;;JMW Motorsport;Ferrari;
66;1;9;1:50.218;0;;35.105;0;37.485;0;37.628;0;189.2;19:37.252;09:34:37.252;0:35.105;0:37.485;0:37.628;267.3;Alex MACDOWALL;;LMGTE;;JMW Motorsport;Ferrari;
66;1;10;1:51.625;0;;36.128;0;37.819;0;37.678;0;186.8;21:28.877;09:36:28.877;0:36.128;0:37.819;0:37.678;268.7;Alex MACDOWALL;;LMGTE;;JMW Motorsport;Ferrari;
66;1;11;1:51.144;0;;35.118;0;38.222;0;37.804;0;187.6;23:20.021;09:38:20.021;0:35.118;0:38.222;0:37.804;268.0;Alex MACDOWALL;;LMGTE;;JMW Motorsport;Ferrari;
66;1;12;2:00.934;0;B;35.307;0;38.283;0;47.344;0;172.4;25:20.955;09:40:20.955;0:35.307;0:38.283;0:47.344;269.3;Alex MACDOWALL;;LMGTE;;JMW Motorsport;Ferrari;
66;2;13;5:43.274;0;;2:50.922;0;1:21.005;0;1:31.347;0;60.8;31:04.229;09:46:04.229;2:50.922;1:21.005;1:31.347;169.8;Miguel MOLINA;0:02:14.520;LMGTE;;JMW Motorsport;Ferrari;
66;2;14;1:55.190;0;;38.712;0;38.703;0;37.775;0;181.0;32:59.419;09:47:59.419;0:38.712;0:38.703;0:37.775;216.0;Miguel MOLINA;;LMGTE;;JMW Motorsport;Ferrari;
66;2;15;1:49.717;0;;35.199;0;37.394;0;37.124;0;190.1;34:49.136;09:49:49.136;0:35.199;0:37.394;0:37.124;266.7;Miguel MOLINA;;LMGTE;;JMW Motorsport;Ferrari;
66;2;16;1:48.717;0;;34.821;0;37.005;0;36.891;0;191.8;36:37.853;09:51:37.853;0:34.821;0:37.005;0:36.891;268.0;Miguel MOLINA;;LMGTE;;JMW Motorsport;Ferrari;
66;2;17;1:48.527;2;;34.665;2;36.797;2;37.065;0;192.2;38:26.380;09:53:26.380;0:34.665;0:36.797;0:37.065;269.3;Miguel MOLINA;;LMGTE;;JMW Motorsport;Ferrari;
66;2;18;1:48.937;0;;34.918;0;37.140;0;36.879;2;191.4;40:15.317;09:55:15.317;0:34.918;0:37.140;0:36.879;268.7;Miguel MOLINA;;LMGTE;;JMW Motorsport;Ferrari;
66;2;19;1:56.074;0;B;35.350;0;37.456;0;43.268;0;179.7;42:11.391;09:57:11.391;0:35.350;0:37.456;0:43.268;271.4;Miguel MOLINA;;LMGTE;;JMW Motorsport;Ferrari;
66;0;20;4:17.358;0;;2:58.455;0;39.096;1;39.807;1;81.0;46:28.749;10:01:28.749;2:58.455;0:39.096;0:39.807;161.0;Liam GRIFFIN;0:02:23.641;LMGTE;;JMW Motorsport;Ferrari;
7;0;1;2:07.914;0;;51.006;0;38.637;0;38.271;0;154.3;2:07.914;09:17:07.914;0:51.006;0:38.637;0:38.271;158.8;Colin NOBLE;0:00:12.773;LMP3;;Ecurie Ecosse/Nielsen;Ligier;
7;0;2;1:50.551;0;;35.510;0;37.455;0;37.586;0;188.6;3:58.465;09:18:58.465;0:35.510;0:37.455;0:37.586;266.0;Colin NOBLE;;LMP3;;Ecurie Ecosse/Nielsen;Ligier;
7;0;3;1:49.592;0;;34.966;0;37.599;0;37.027;0;190.3;5:48.057;09:20:48.057;0:34.966;0:37.599;0:37.027;268.0;Colin NOBLE;;LMP3;;Ecurie Ecosse/Nielsen;Ligier;
7;0;4;1:48.373;0;;34.639;0;36.882;0;36.852;0;192.4;7:36.430;09:22:36.430;0:34.639;0:36.882;0:36.852;271.4;Colin NOBLE;;LMP3;;Ecurie Ecosse/Nielsen;Ligier;
7;0;5;1:48.192;0;;34.540;0;36.875;0;36.777;0;192.8;9:24.622;09:24:24.622;0:34.540;0:36.875;0:36.777;270.7;Colin NOBLE;;LMP3;;Ecurie Ecosse/Nielsen;Ligier;
7;0;6;1:48.187;0;;34.657;0;36.814;0;36.716;2;192.8;11:12.809;09:26:12.809;0:34.657;0:36.814;0:36.716;270.7;Colin NOBLE;;LMP3;;Ecurie Ecosse/Nielsen;Ligier;
7;0;7;1:48.127;2;;34.783;0;36.569;2;36.775;0;192.9;13:00.936;09:28:00.936;0:34.783;0:36.569;0:36.775;271.4;Colin NOBLE;;LMP3;;Ecurie Ecosse/Nielsen;Ligier;
7;0;8;1:49.488;0;;34.924;0;37.429;0;37.135;0;190.5;14:50.424;09:29:50.424;0:34.924;0:37.429;0:37.135;254.1;Colin NOBLE;;LMP3;;Ecurie Ecosse/Nielsen;Ligier;
7;0;9;1:56.500;0;B;34.673;0;36.767;0;45.060;0;179.0;16:46.924;09:31:46.924;0:34.673;0:36.767;0:45.060;270.7;Colin NOBLE;;LMP3;;Ecurie Ecosse/Nielsen;Ligier;
7;0;10;13:39.873;0;;11:06.042;0;1:01.247;0;1:32.584;0;25.4;30:26.797;09:45:26.797;11:06.042;1:01.247;1:32.584;212.6;Colin NOBLE;0:10:36.074;LMP3;;Ecurie Ecosse/Nielsen;Ligier;
7;0;11;2:14.924;0;;59.925;0;37.747;0;37.252;0;154.6;32:41.721;09:47:41.721;0:59.925;0:37.747;0:37.252;80.2;Colin NOBLE;;LMP3;;Ecurie Ecosse/Nielsen;Ligier;
7;0;12;1:48.632;0;;34.812;0;36.865;0;36.955;0;192.0;34:30.353;09:49:30.353;0:34.812;0:36.865;0:36.955;270.0;Colin NOBLE;;LMP3;;Ecurie Ecosse/Nielsen;Ligier;
7;0;13;1:48.920;0;;34.594;0;37.430;0;36.896;0;191.5;36:19.273;09:51:19.273;0:34.594;0:37.430;0:36.896;273.4;Colin NOBLE;;LMP3;;Ecurie Ecosse/Nielsen;Ligier;
7;0;14;1:55.776;0;B;34.483;2;37.365;0;43.928;0;180.1;38:15.049;09:53:15.049;0:34.483;0:37.365;0:43.928;273.4;Colin NOBLE;;LMP3;;Ecurie Ecosse/Nielsen;Ligier;
7;1;15;4:27.626;0;;3:09.252;0;38.238;0;40.136;0;77.9;42:42.675;09:57:42.675;3:09.252;0:38.238;0:40.136;208.9;Alex KAPADIA;0:02:38.095;LMP3;;Ecurie Ecosse/Nielsen;Ligier;
7;1;16;1:50.634;0;;35.205;0;37.570;0;37.859;0;188.5;44:33.309;09:59:33.309;0:35.205;0:37.570;0:37.859;270.7;Alex KAPADIA;;LMP3;;Ecurie Ecosse/Nielsen;Ligier;
7;1;17;1:49.831;0;;35.533;0;37.303;0;36.995;0;189.9;46:23.140;10:01:23.140;0:35.533;0:37.303;0:36.995;268.7;Alex KAPADIA;;LMP3;;Ecurie Ecosse/Nielsen;Ligier;
7;1;18;2:17.056;0;B;35.048;0;37.436;0;1:04.572;0;152.2;48:40.196;10:03:40.196;0:35.048;0:37.436;1:04.572;269.3;Alex KAPADIA;;LMP3;;Ecurie Ecosse/Nielsen;Ligier;
7;1;19;10:18.265;0;;9:01.613;0;38.616;0;38.036;0;33.7;58:58.461;10:13:58.461;9:01.613;0:38.616;0:38.036;194.6;Alex KAPADIA;0:08:30.420;LMP3;;Ecurie Ecosse/Nielsen;Ligier;
7;1;20;1:50.817;0;;35.386;0;37.704;0;37.727;0;188.2;1:00:49.278;10:15:49.278;0:35.386;0:37.704;0:37.727;268.7;Alex KAPADIA;;LMP3;;Ecurie Ecosse/Nielsen;Ligier;
7;1;21;1:50.047;0;;35.219;0;37.352;0;37.476;0;189.5;1:02:39.325;10:17:39.325;0:35.219;0:37.352;0:37.476;268.7;Alex KAPADIA;;LMP3;;Ecurie Ecosse/Nielsen;Ligier;
7;1;22;1:49.781;0;;35.151;0;37.578;0;37.052;0;190.0;1:04:29.106;10:19:29.106;0:35.151;0:37.578;0:37.052;270.0;Alex KAPADIA;;LMP3;;Ecurie Ecosse/Nielsen;Ligier;
7;1;23;1:50.023;0;;35.324;0;37.551;0;37.148;0;189.5;1:06:19.129;10:21:19.129;0:35.324;0:37.551;0:37.148;269.3;Alex KAPADIA;;LMP3;;Ecurie Ecosse/Nielsen;Ligier;
7;1;24;1:48.958;0;;34.854;1;37.186;0;36.918;1;191.4;1:08:08.087;10:23:08.087;0:34.854;0:37.186;0:36.918;269.3;Alex KAPADIA;;LMP3;;Ecurie Ecosse/Nielsen;Ligier;
7;1;25;1:58.364;0;B;35.619;0;37.175;1;45.570;0;176.2;1:10:06.451;10:25:06.451;0:35.619;0:37.175;0:45.570;270.0;Alex KAPADIA;;LMP3;;Ecurie Ecosse/Nielsen;Ligier;
7;2;26;4:07.866;0;;2:51.833;0;37.804;0;38.229;0;84.1;1:14:14.317;10:29:14.317;2:51.833;0:37.804;0:38.229;204.2;Christian Stubbe OLSEN;0:02:21.002;LMP3;;Ecurie Ecosse/Nielsen;Ligier;
7;2;27;2:44.827;0;;35.217;0;39.114;0;1:30.496;0;126.5;1:16:59.144;10:31:59.144;0:35.217;0:39.114;1:30.496;270.0;Christian Stubbe OLSEN;;LMP3;;Ecurie Ecosse/Nielsen;Ligier;
7;2;28;3:35.552;0;;1:27.488;0;1:21.628;0;46.436;0;96.8;1:20:34.696;10:35:34.696;1:27.488;1:21.628;0:46.436;78.7;Christian Stubbe OLSEN;;LMP3;;Ecurie Ecosse/Nielsen;Ligier;
7;2;29;1:53.551;0;;35.819;0;39.108;0;38.624;0;183.7;1:22:28.247;10:37:28.247;0:35.819;0:39.108;0:38.624;268.7;Christian Stubbe OLSEN;;LMP3;;Ecurie Ecosse/Nielsen;Ligier;
7;2;30;1:50.981;0;;35.468;0;37.680;0;37.833;0;187.9;1:24:19.228;10:39:19.228;0:35.468;0:37.680;0:37.833;269.3;Christian Stubbe OLSEN;;LMP3;;Ecurie Ecosse/Nielsen;Ligier;
7;2;31;1:50.853;0;;35.725;0;37.767;0;37.361;0;188.1;1:26:10.081;10:41:10.081;0:35.725;0:37.767;0:37.361;271.4;Christian Stubbe OLSEN;;LMP3;;Ecurie Ecosse/Nielsen;Ligier;
7;2;32;1:51.488;0;;35.898;0;37.637;0;37.953;0;187.1;1:28:01.569;10:43:01.569;0:35.898;0:37.637;0:37.953;228.8;Christian Stubbe OLSEN;;LMP3;;Ecurie Ecosse/Nielsen;Ligier;
7;2;33;1:49.946;0;;35.451;0;37.453;1;37.042;1;189.7;1:29:51.515;10:44:51.515;0:35.451;0:37.453;0:37.042;246.0;Christian Stubbe OLSEN;;LMP3;;Ecurie Ecosse/Nielsen;Ligier;
7;2;34;1:50.352;0;;34.973;1;38.122;0;37.257;0;189.0;1:31:41.867;10:46:41.867;0:34.973;0:38.122;0:37.257;271.4;Christian Stubbe OLSEN;;LMP3;;Ecurie Ecosse/Nielsen;Ligier;
77;2;1;2:42.133;0;;1:19.013;0;43.120;0;40.000;0;121.8;2:42.133;09:17:42.133;1:19.013;0:43.120;0:40.000;166.4;Marc LIEB;0:00:40.553;LMGTE;;Proton Competition;Porsche;
77;2;2;1:51.038;0;;35.348;0;38.158;0;37.532;0;187.8;4:33.171;09:19:33.171;0:35.348;0:38.158;0:37.532;257.8;Marc LIEB;;LMGTE;;Proton Competition;Porsche;
77;2;3;1:51.600;0;;35.302;0;38.650;0;37.648;0;186.9;6:24.771;09:21:24.771;0:35.302;0:38.650;0:37.648;266.0;Marc LIEB;;LMGTE;;Proton Competition;Porsche;
77;2;4;1:51.152;0;;35.096;0;38.636;0;37.420;0;187.6;8:15.923;09:23:15.923;0:35.096;0:38.636;0:37.420;268.0;Marc LIEB;;LMGTE;;Proton Competition;Porsche;
77;2;5;1:50.168;0;;34.937;0;37.741;0;37.490;0;189.3;10:06.091;09:25:06.091;0:34.937;0:37.741;0:37.490;268.0;Marc LIEB;;LMGTE;;Proton Competition;Porsche;
77;2;6;1:56.516;0;B;35.007;0;37.740;0;43.769;0;179.0;12:02.607;09:27:02.607;0:35.007;0:37.740;0:43.769;266.7;Marc LIEB;;LMGTE;;Proton Competition;Porsche;
77;2;7;9:06.276;0;;7:45.586;0;41.390;0;39.300;0;38.2;21:08.883;09:36:08.883;7:45.586;0:41.390;0:39.300;208.9;Marc LIEB;0:07:15.274;LMGTE;;Proton Competition;Porsche;
77;2;8;1:52.339;0;;34.996;0;39.256;0;38.087;0;185.6;23:01.222;09:38:01.222;0:34.996;0:39.256;0:38.087;268.7;Marc LIEB;;LMGTE;;Proton Competition;Porsche;
77;2;9;1:48.871;2;;34.802;0;36.971;2;37.098;0;191.6;24:50.093;09:39:50.093;0:34.802;0:36.971;0:37.098;268.0;Marc LIEB;;LMGTE;;Proton Competition;Porsche;
77;2;10;1:49.086;0;;34.795;0;37.196;0;37.095;2;191.2;26:39.179;09:41:39.179;0:34.795;0:37.196;0:37.095;268.7;Marc LIEB;;LMGTE;;Proton Competition;Porsche;
77;2;11;2:12.229;0;B;34.791;2;38.084;0;59.354;0;157.7;28:51.408;09:43:51.408;0:34.791;0:38.084;0:59.354;268.7;Marc LIEB;;LMGTE;;Proton Competition;Porsche;
77;0;12;7:04.448;0;;5:44.541;0;41.113;0;38.794;0;49.1;35:55.856;09:50:55.856;5:44.541;0:41.113;0:38.794;199.6;Christian RIED;0:05:12.921;LMGTE;;Proton Competition;Porsche;
77;0;13;1:57.190;0;;39.060;0;39.445;0;38.685;0;178.0;37:53.046;09:52:53.046;0:39.060;0:39.445;0:38.685;268.0;Christian RIED;;LMGTE;;Proton Competition;Porsche;
77;0;14;1:52.008;0;;35.400;0;38.274;0;38.334;0;186.2;39:45.054;09:54:45.054;0:35.400;0:38.274;0:38.334;268.7;Christian RIED;;LMGTE;;Proton Competition;Porsche;
77;0;15;1:51.904;0;;35.357;0;38.571;0;37.976;0;186.4;41:36.958;09:56:36.958;0:35.357;0:38.571;0:37.976;261.5;Christian RIED;;LMGTE;;Proton Competition;Porsche;
77;0;16;1:52.390;0;;35.882;0;38.473;0;38.035;0;185.6;43:29.348;09:58:29.348;0:35.882;0:38.473;0:38.035;261.5;Christian RIED;;LMGTE;;Proton Competition;Porsche;
77;0;17;1:51.636;0;;35.151;0;38.207;0;38.278;0;186.8;45:20.984;10:00:20.984;0:35.151;0:38.207;0:38.278;266.0;Christian RIED;;LMGTE;;Proton Competition;Porsche;
77;0;18;1:51.950;0;;35.130;0;38.656;0;38.164;0;186.3;47:12.934;10:02:12.934;0:35.130;0:38.656;0:38.164;267.3;Christian RIED;;LMGTE;;Proton Competition;Porsche;
77;0;19;3:26.105;0;B;35.213;0;1:17.412;0;1:33.480;0;101.2;50:39.039;10:05:39.039;0:35.213;1:17.412;1:33.480;266.0;Christian RIED;;LMGTE;;Proton Competition;Porsche;
77;0;20;12:16.599;0;;10:58.141;0;39.328;0;39.130;0;28.3;1:02:55.638;10:17:55.638;10:58.141;0:39.328;0:39.130;204.9;Christian RIED;0:10:27.501;LMGTE;;Proton Competition;Porsche;
77;0;21;1:52.907;0;;36.284;0;38.494;0;38.129;0;184.7;1:04:48.545;10:19:48.545;0:36.284;0:38.494;0:38.129;264.1;Christian RIED;;LMGTE;;Proton Competition;Porsche;
77;0;22;1:53.328;0;;36.288;0;38.294;0;38.746;0;184.0;1:06:41.873;10:21:41.873;0:36.288;0:38.294;0:38.746;264.7;Christian RIED;;LMGTE;;Proton Competition;Porsche;
77;0;23;1:51.321;0;;35.135;0;38.437;0;37.749;1;187.3;1:08:33.194;10:23:33.194;0:35.135;0:38.437;0:37.749;266.0;Christian RIED;;LMGTE;;Proton Competition;Porsche;
77;0;24;1:50.947;0;;35.111;1;38.033;1;37.803;0;188.0;1:10:24.141;10:25:24.141;0:35.111;0:38.033;0:37.803;266.7;Christian RIED;;LMGTE;;Proton Competition;Porsche;
77;0;25;1:59.583;0;B;36.772;0;38.323;0;44.488;0;174.4;1:12:23.724;10:27:23.724;0:36.772;0:38.323;0:44.488;266.0;Christian RIED;;LMGTE;;Proton Competition;Porsche;
77;1;26;5:18.848;0;B;2:43.126;0;1:01.582;0;1:34.140;0;65.4;1:17:42.572;10:32:42.572;2:43.126;1:01.582;1:34.140;208.9;Marvin DIENST;0:02:12.722;LMGTE;;Proton Competition;Porsche;
77;1;27;4:30.186;0;;3:13.888;0;38.328;0;37.970;0;77.2;1:22:12.758;10:37:12.758;3:13.888;0:38.328;0:37.970;208.5;Marvin DIENST;0:02:43.840;LMGTE;;Proton Competition;Porsche;
77;1;28;1:50.727;0;;35.108;0;37.994;0;37.625;0;188.3;1:24:03.485;10:39:03.485;0:35.108;0:37.994;0:37.625;266.0;Marvin DIENST;;LMGTE;;Proton Competition;Porsche;
77;1;29;1:49.574;0;;34.930;0;37.439;0;37.205;1;190.3;1:25:53.059;10:40:53.059;0:34.930;0:37.439;0:37.205;269.3;Marvin DIENST;;LMGTE;;Proton Competition;Porsche;
77;1;30;1:50.453;0;;35.046;0;38.037;0;37.370;0;188.8;1:27:43.512;10:42:43.512;0:35.046;0:38.037;0:37.370;269.3;Marvin DIENST;;LMGTE;;Proton Competition;Porsche;
77;1;31;1:49.839;0;;34.819;1;37.612;0;37.408;0;189.9;1:29:33.351;10:44:33.351;0:34.819;0:37.612;0:37.408;268.7;Marvin DIENST;;LMGTE;;Proton Competition;Porsche;
77;1;32;1:49.735;0;;35.052;0;37.366;1;37.317;0;190.0;1:31:23.086;10:46:23.086;0:35.052;0:37.366;0:37.317;266.7;Marvin DIENST;;LMGTE;;Proton Competition;Porsche;
8;2;1;2:59.977;0;;1:25.063;0;48.729;0;46.185;0;109.7;2:59.977;09:17:59.977;1:25.063;0:48.729;0:46.185;170.9;Miguel TORIL;0:00:41.902;LMP3;;DKR Engineering;Norma;
8;2;2;1:59.984;0;;39.656;0;40.186;0;40.142;0;173.8;4:59.961;09:19:59.961;0:39.656;0:40.186;0:40.142;204.9;Miguel TORIL;;LMP3;;DKR Engineering;Norma;
8;2;3;1:52.488;0;;36.650;0;38.074;0;37.764;0;185.4;6:52.449;09:21:52.449;0:36.650;0:38.074;0:37.764;234.8;Miguel TORIL;;LMP3;;DKR Engineering;Norma;
8;2;4;2:16.155;0;B;37.775;0;44.858;0;53.522;0;153.2;9:08.604;09:24:08.604;0:37.775;0:44.858;0:53.522;270.7;Miguel TORIL;;LMP3;;DKR Engineering;Norma;
8;1;5;3:46.915;0;;2:29.718;0;38.988;0;38.209;0;91.9;12:55.519;09:27:55.519;2:29.718;0:38.988;0:38.209;193.2;Jean GLORIEUX;0:01:56.166;LMP3;;DKR Engineering;Norma;
8;1;6;1:51.265;0;;35.264;0;37.849;0;38.152;0;187.4;14:46.784;09:29:46.784;0:35.264;0:37.849;0:38.152;270.0;Jean GLORIEUX;;LMP3;;DKR Engineering;Norma;
8;1;7;1:49.827;0;;34.975;0;37.381;0;37.471;0;189.9;16:36.611;09:31:36.611;0:34.975;0:37.381;0:37.471;270.7;Jean GLORIEUX;;LMP3;;DKR Engineering;Norma;
8;1;8;1:49.533;0;;34.711;0;37.581;0;37.241;0;190.4;18:26.144;09:33:26.144;0:34.711;0:37.581;0:37.241;274.1;Jean GLORIEUX;;LMP3;;DKR Engineering;Norma;
8;1;9;1:49.065;0;;34.845;0;36.936;0;37.284;0;191.2;20:15.209;09:35:15.209;0:34.845;0:36.936;0:37.284;272.7;Jean GLORIEUX;;LMP3;;DKR Engineering;Norma;
8;1;10;1:49.418;0;;34.655;0;37.123;0;37.640;0;190.6;22:04.627;09:37:04.627;0:34.655;0:37.123;0:37.640;271.4;Jean GLORIEUX;;LMP3;;DKR Engineering;Norma;
8;1;11;1:48.993;0;;34.790;0;36.892;0;37.311;0;191.3;23:53.620;09:38:53.620;0:34.790;0:36.892;0:37.311;272.7;Jean GLORIEUX;;LMP3;;DKR Engineering;Norma;
8;1;12;1:48.954;0;;34.756;0;36.975;0;37.223;0;191.4;25:42.574;09:40:42.574;0:34.756;0:36.975;0:37.223;272.7;Jean GLORIEUX;;LMP3;;DKR Engineering;Norma;
8;1;13;1:48.465;0;;34.605;1;36.853;1;37.007;1;192.3;27:31.039;09:42:31.039;0:34.605;0:36.853;0:37.007;272.0;Jean GLORIEUX;;LMP3;;DKR Engineering;Norma;
8;1;14;3:14.904;0;B;35.224;0;1:05.982;0;1:33.698;0;107.0;30:45.943;09:45:45.943;0:35.224;1:05.982;1:33.698;259.6;Jean GLORIEUX;;LMP3;;DKR Engineering;Norma;
8;1;15;2:56.708;0;B;1:23.928;0;42.667;0;50.113;0;118.0;33:42.651;09:48:42.651;1:23.928;0:42.667;0:50.113;172.0;Jean GLORIEUX;0:00:48.232;LMP3;;DKR Engineering;Norma;
8;0;16;3:27.494;0;;2:12.881;0;37.447;0;37.166;0;100.5;37:10.145;09:52:10.145;2:12.881;0:37.447;0:37.166;191.2;Alexander TORIL;0:01:40.121;LMP3;;DKR Engineering;Norma;
8;0;17;1:49.004;0;;34.888;0;37.214;0;36.902;0;191.3;38:59.149;09:53:59.149;0:34.888;0:37.214;0:36.902;271.4;Alexander TORIL;;LMP3;;DKR Engineering;Norma;
8;0;18;1:48.356;2;;34.715;0;36.597;2;37.044;0;192.5;40:47.505;09:55:47.505;0:34.715;0:36.597;0:37.044;272.0;Alexander TORIL;;LMP3;;DKR Engineering;Norma;
8;0;19;1:55.056;0;B;34.674;0;36.689;0;43.693;0;181.3;42:42.561;09:57:42.561;0:34.674;0:36.689;0:43.693;272.7;Alexander TORIL;;LMP3;;DKR Engineering;Norma;
8;0;20;8:24.583;0;B;5:26.592;0;1:22.652;0;1:35.339;0;41.3;51:07.144;10:06:07.144;5:26.592;1:22.652;1:35.339;208.5;Alexander TORIL;0:04:46.934;LMP3;;DKR Engineering;Norma;
8;0;21;7:57.565;0;;6:40.710;0;39.279;0;37.576;0;43.7;59:04.709;10:14:04.709;6:40.710;0:39.279;0:37.576;208.5;Alexander TORIL;0:06:10.085;LMP3;;DKR Engineering;Norma;
8;0;22;1:50.484;0;;35.110;0;37.682;0;37.692;0;188.8;1:00:55.193;10:15:55.193;0:35.110;0:37.682;0:37.692;269.3;Alexander TORIL;;LMP3;;DKR Engineering;Norma;
8;0;23;1:49.168;0;;35.276;0;37.077;0;36.815;2;191.0;1:02:44.361;10:17:44.361;0:35.276;0:37.077;0:36.815;269.3;Alexander TORIL;;LMP3;;DKR Engineering;Norma;
8;0;24;1:52.175;0;;34.775;0;36.973;0;40.427;0;185.9;1:04:36.536;10:19:36.536;0:34.775;0:36.973;0:40.427;271.4;Alexander TORIL;;LMP3;;DKR Engineering;Norma;
8;0;25;1:54.124;0;B;34.534;2;36.741;0;42.849;0;182.7;1:06:30.660;10:21:30.660;0:34.534;0:36.741;0:42.849;271.4;Alexander TORIL;;LMP3;;DKR Engineering;Norma;
8;2;26;6:14.455;0;;4:57.726;0;38.914;0;37.815;0;55.7;1:12:45.115;10:27:45.115;4:57.726;0:38.914;0:37.815;200.7;Miguel TORIL;0:04:26.012;LMP3;;DKR Engineering;Norma;
8;2;27;1:49.019;0;;34.839;0;37.143;0;37.037;0;191.3;1:14:34.134;10:29:34.134;0:34.839;0:37.143;0:37.037;272.0;Miguel TORIL;;LMP3;;DKR Engineering;Norma;
8;2;28;3:07.129;0;;34.855;0;1:00.192;0;1:32.082;0;111.4;1:17:41.263;10:32:41.263;0:34.855;1:00.192;1:32.082;270.0;Miguel TORIL;;LMP3;;DKR Engineering;Norma;
8;2;29;3:11.690;0;;1:26.415;0;1:06.747;0;38.528;0;108.8;1:20:52.953;10:35:52.953;1:26.415;1:06.747;0:38.528;80.1;Miguel TORIL;;LMP3;;DKR Engineering;Norma;
8;2;30;1:51.121;0;;35.208;0;38.309;0;37.604;0;187.7;1:22:44.074;10:37:44.074;0:35.208;0:38.309;0:37.604;268.0;Miguel TORIL;;LMP3;;DKR Engineering;Norma;
8;2;31;1:50.020;0;;35.208;0;37.510;0;37.302;0;189.6;1:24:34.094;10:39:34.094;0:35.208;0:37.510;0:37.302;272.0;Miguel TORIL;;LMP3;;DKR Engineering;Norma;
8;2;32;1:49.236;0;;34.752;0;37.108;0;37.376;0;190.9;1:26:23.330;10:41:23.330;0:34.752;0:37.108;0:37.376;273.4;Miguel TORIL;;LMP3;;DKR Engineering;Norma;
8;2;33;1:48.612;0;;34.632;1;37.065;1;36.915;1;192.0;1:28:11.942;10:43:11.942;0:34.632;0:37.065;0:36.915;274.8;Miguel TORIL;;LMP3;;DKR Engineering;Norma;
8;2;34;2:00.255;0;B;35.828;0;37.756;0;46.671;0;173.4;1:30:12.197;10:45:12.197;0:35.828;0:37.756;0:46.671;272.7;Miguel TORIL;;LMP3;;DKR Engineering;Norma;
80;0;1;2:42.863;0;;1:18.231;0;42.462;0;42.170;0;121.2;2:42.863;09:17:42.863;1:18.231;0:42.462;0:42.170;155.2;Fabio BABINI;0:00:39.627;LMGTE;;Ebimotors;Porsche;
80;0;2;1:51.942;0;;35.627;0;38.084;0;38.231;0;186.3;4:34.805;09:19:34.805;0:35.627;0:38.084;0:38.231;250.6;Fabio BABINI;;LMGTE;;Ebimotors;Porsche;
80;0;3;1:51.221;0;;35.275;0;38.042;0;37.904;0;187.5;6:26.026;09:21:26.026;0:35.275;0:38.042;0:37.904;260.9;Fabio BABINI;;LMGTE;;Ebimotors;Porsche;
80;0;4;1:50.929;0;;35.212;0;37.924;0;37.793;0;188.0;8:16.955;09:23:16.955;0:35.212;0:37.924;0:37.793;267.3;Fabio BABINI;;LMGTE;;Ebimotors;Porsche;
80;0;5;1:50.414;0;;34.929;0;37.739;0;37.746;0;188.9;10:07.369;09:25:07.369;0:34.929;0:37.739;0:37.746;268.0;Fabio BABINI;;LMGTE;;Ebimotors;Porsche;
80;0;6;1:56.933;0;B;35.202;0;37.759;0;43.972;0;178.3;12:04.302;09:27:04.302;0:35.202;0:37.759;0:43.972;247.7;Fabio BABINI;;LMGTE;;Ebimotors;Porsche;
80;1;7;3:10.514;0;;1:53.865;0;38.806;0;37.843;0;109.5;15:14.816;09:30:14.816;1:53.865;0:38.806;0:37.843;175.6;Riccardo PERA;0:01:23.039;LMGTE;;Ebimotors;Porsche;
80;1;8;1:50.220;0;;35.266;0;37.488;0;37.466;0;189.2;17:05.036;09:32:05.036;0:35.266;0:37.488;0:37.466;266.0;Riccardo PERA;;LMGTE;;Ebimotors;Porsche;
80;1;9;1:49.669;0;;35.026;0;37.160;0;37.483;0;190.2;18:54.705;09:33:54.705;0:35.026;0:37.160;0:37.483;267.3;Riccardo PERA;;LMGTE;;Ebimotors;Porsche;
80;1;10;1:49.777;0;;34.912;0;37.464;0;37.401;0;190.0;20:44.482;09:35:44.482;0:34.912;0:37.464;0:37.401;267.3;Riccardo PERA;;LMGTE;;Ebimotors;Porsche;
80;1;11;1:53.059;0;;35.155;0;38.854;0;39.050;0;184.5;22:37.541;09:37:37.541;0:35.155;0:38.854;0:39.050;267.3;Riccardo PERA;;LMGTE;;Ebimotors;Porsche;
80;1;12;1:50.094;0;;35.127;0;37.295;0;37.672;0;189.4;24:27.635;09:39:27.635;0:35.127;0:37.295;0:37.672;269.3;Riccardo PERA;;LMGTE;;Ebimotors;Porsche;
80;1;13;2:01.383;0;B;36.319;0;39.282;0;45.782;0;171.8;26:29.018;09:41:29.018;0:36.319;0:39.282;0:45.782;269.3;Riccardo PERA;;LMGTE;;Ebimotors;Porsche;
80;1;14;4:12.759;0;B;1:29.523;0;1:08.455;0;1:34.781;0;82.5;30:41.777;09:45:41.777;1:29.523;1:08.455;1:34.781;210.1;Riccardo PERA;0:00:59.676;LMGTE;;Ebimotors;Porsche;
80;1;15;3:43.238;0;;2:27.738;0;37.799;0;37.701;0;93.4;34:25.015;09:49:25.015;2:27.738;0:37.799;0:37.701;208.9;Riccardo PERA;0:01:57.777;LMGTE;;Ebimotors;Porsche;
80;1;16;1:50.564;0;;34.729;2;37.299;0;38.536;0;188.6;36:15.579;09:51:15.579;0:34.729;0:37.299;0:38.536;270.0;Riccardo PERA;;LMGTE;;Ebimotors;Porsche;
80;1;17;1:48.822;2;;34.759;0;36.777;2;37.286;2;191.6;38:04.401;09:53:04.401;0:34.759;0:36.777;0:37.286;268.7;Riccardo PERA;;LMGTE;;Ebimotors;Porsche;
80;1;18;1:59.558;0;B;34.914;0;38.629;0;46.015;0;174.4;40:03.959;09:55:03.959;0:34.914;0:38.629;0:46.015;268.7;Riccardo PERA;;LMGTE;;Ebimotors;Porsche;
80;2;19;4:31.970;0;;3:10.174;0;40.105;0;41.691;0;76.7;44:35.929;09:59:35.929;3:10.174;0:40.105;0:41.691;207.3;Raymond NARAC;0:02:38.770;LMGTE;;Ebimotors;Porsche;
80;2;20;1:53.489;0;;35.819;0;38.653;0;39.017;0;183.8;46:29.418;10:01:29.418;0:35.819;0:38.653;0:39.017;262.8;Raymond NARAC;;LMGTE;;Ebimotors;Porsche;
80;2;21;2:38.877;0;B;36.540;0;41.284;0;1:21.053;0;131.3;49:08.295;10:04:08.295;0:36.540;0:41.284;1:21.053;241.6;Raymond NARAC;;LMGTE;;Ebimotors;Porsche;
80;2;22;11:15.569;0;;9:56.911;0;39.384;0;39.274;0;30.9;1:00:23.864;10:15:23.864;9:56.911;0:39.384;0:39.274;204.2;Raymond NARAC;0:09:27.385;LMGTE;;Ebimotors;Porsche;
80;2;23;1:53.281;0;;36.019;0;38.494;0;38.768;0;184.1;1:02:17.145;10:17:17.145;0:36.019;0:38.494;0:38.768;249.4;Raymond NARAC;;LMGTE;;Ebimotors;Porsche;
80;2;24;1:55.655;0;;37.598;0;39.292;0;38.765;0;180.3;1:04:12.800;10:19:12.800;0:37.598;0:39.292;0:38.765;261.5;Raymond NARAC;;LMGTE;;Ebimotors;Porsche;
80;2;25;1:52.082;0;;35.454;1;38.189;1;38.439;1;186.1;1:06:04.882;10:21:04.882;0:35.454;0:38.189;0:38.439;264.7;Raymond NARAC;;LMGTE;;Ebimotors;Porsche;
80;2;26;1:53.188;0;;35.481;0;38.703;0;39.004;0;184.2;1:07:58.070;10:22:58.070;0:35.481;0:38.703;0:39.004;265.4;Raymond NARAC;;LMGTE;;Ebimotors;Porsche;
80;2;27;2:07.523;0;B;35.872;0;41.167;0;50.484;0;163.5;1:10:05.593;10:25:05.593;0:35.872;0:41.167;0:50.484;261.5;Raymond NARAC;;LMGTE;;Ebimotors;Porsche;
80;0;28;4:02.515;0;B;2:38.089;0;39.245;0;45.181;0;86.0;1:14:08.108;10:29:08.108;2:38.089;0:39.245;0:45.181;203.0;Fabio BABINI;0:02:06.415;LMGTE;;Ebimotors;Porsche;
80;0;29;12:51.080;0;;11:33.577;0;39.049;0;38.454;0;27.0;1:26:59.188;10:41:59.188;11:33.577;0:39.049;0:38.454;200.4;Fabio BABINI;0:11:02.791;LMGTE;;Ebimotors;Porsche;
80;0;30;1:51.398;0;;35.210;0;38.373;0;37.815;0;187.2;1:28:50.586;10:43:50.586;0:35.210;0:38.373;0:37.815;266.0;Fabio BABINI;;LMGTE;;Ebimotors;Porsche;
80;0;31;1:49.793;0;;34.848;1;37.440;1;37.505;1;189.9;1:30:40.379;10:45:40.379;0:34.848;0:37.440;0:37.505;268.0;Fabio BABINI;;LMGTE;;Ebimotors;Porsche;
83;1;1;2:46.387;0;;1:12.643;0;47.379;0;46.365;0;118.7;2:46.387;09:17:46.387;1:12.643;0:47.379;0:46.365;152.3;Niclas JÖNSSON;0:00:23.547;LMGTE;;Krohn Racing;Ferrari;
83;1;2;2:03.371;0;;39.439;0;41.056;0;42.876;0;169.0;4:49.758;09:19:49.758;0:39.439;0:41.056;0:42.876;184.9;Niclas JÖNSSON;;LMGTE;;Krohn Racing;Ferrari;
83;1;3;2:00.574;0;;36.159;0;43.751;0;40.664;0;173.0;6:50.332;09:21:50.332;0:36.159;0:43.751;0:40.664;259.6;Niclas JÖNSSON;;LMGTE;;Krohn Racing;Ferrari;
83;1;4;1:52.739;0;;35.575;0;38.607;0;38.557;0;185.0;8:43.071;09:23:43.071;0:35.575;0:38.607;0:38.557;259.0;Niclas JÖNSSON;;LMGTE;;Krohn Racing;Ferrari;
83;1;5;1:51.480;0;;35.339;0;38.264;0;37.877;0;187.1;10:34.551;09:25:34.551;0:35.339;0:38.264;0:37.877;267.3;Niclas JÖNSSON;;LMGTE;;Krohn Racing;Ferrari;
83;1;6;1:51.530;0;;35.536;0;38.075;0;37.919;0;187.0;12:26.081;09:27:26.081;0:35.536;0:38.075;0:37.919;262.1;Niclas JÖNSSON;;LMGTE;;Krohn Racing;Ferrari;
83;1;7;1:50.825;0;;35.285;0;37.842;1;37.698;1;188.2;14:16.906;09:29:16.906;0:35.285;0:37.842;0:37.698;268.0;Niclas JÖNSSON;;LMGTE;;Krohn Racing;Ferrari;
83;1;8;1:51.096;0;;35.299;0;38.014;0;37.783;0;187.7;16:08.002;09:31:08.002;0:35.299;0:38.014;0:37.783;266.7;Niclas JÖNSSON;;LMGTE;;Krohn Racing;Ferrari;
83;1;9;1:50.934;0;;35.337;0;37.881;0;37.716;0;188.0;17:58.936;09:32:58.936;0:35.337;0:37.881;0:37.716;267.3;Niclas JÖNSSON;;LMGTE;;Krohn Racing;Ferrari;
83;1;10;1:50.754;0;;35.131;0;37.898;0;37.725;0;188.3;19:49.690;09:34:49.690;0:35.131;0:37.898;0:37.725;270.7;Niclas JÖNSSON;;LMGTE;;Krohn Racing;Ferrari;
83;1;11;1:51.015;0;;35.261;0;37.907;0;37.847;0;187.9;21:40.705;09:36:40.705;0:35.261;0:37.907;0:37.847;267.3;Niclas JÖNSSON;;LMGTE;;Krohn Racing;Ferrari;
83;1;12;1:51.452;0;;35.327;0;38.063;0;38.062;0;187.1;23:32.157;09:38:32.157;0:35.327;0:38.063;0:38.062;266.7;Niclas JÖNSSON;;LMGTE;;Krohn Racing;Ferrari;
83;1;13;1:51.115;0;;35.215;0;37.882;0;38.018;0;187.7;25:23.272;09:40:23.272;0:35.215;0:37.882;0:38.018;267.3;Niclas JÖNSSON;;LMGTE;;Krohn Racing;Ferrari;
83;1;14;1:56.714;0;;35.633;0;42.281;0;38.800;0;178.7;27:19.986;09:42:19.986;0:35.633;0:42.281;0:38.800;266.7;Niclas JÖNSSON;;LMGTE;;Krohn Racing;Ferrari;
83;1;15;3:13.562;0;B;35.100;1;1:04.068;0;1:34.394;0;107.7;30:33.548;09:45:33.548;0:35.100;1:04.068;1:34.394;268.0;Niclas JÖNSSON;;LMGTE;;Krohn Racing;Ferrari;
83;0;16;4:32.109;0;;3:11.943;0;40.311;0;39.855;0;76.6;35:05.657;09:50:05.657;3:11.943;0:40.311;0:39.855;172.5;Tracy KROHN;0:02:36.578;LMGTE;;Krohn Racing;Ferrari;
83;0;17;1:53.134;0;;35.958;0;38.724;0;38.452;0;184.3;36:58.791;09:51:58.791;0:35.958;0:38.724;0:38.452;262.8;Tracy KROHN;;LMGTE;;Krohn Racing;Ferrari;
83;0;18;1:52.761;0;;35.663;0;38.580;0;38.518;0;184.9;38:51.552;09:53:51.552;0:35.663;0:38.580;0:38.518;265.4;Tracy KROHN;;LMGTE;;Krohn Racing;Ferrari;
83;0;19;1:56.064;0;;38.286;0;39.304;0;38.474;0;179.7;40:47.616;09:55:47.616;0:38.286;0:39.304;0:38.474;265.4;Tracy KROHN;;LMGTE;;Krohn Racing;Ferrari;
83;0;20;1:52.339;0;;35.708;0;38.242;0;38.389;1;185.6;42:39.955;09:57:39.955;0:35.708;0:38.242;0:38.389;262.1;Tracy KROHN;;LMGTE;;Krohn Racing;Ferrari;
83;0;21;1:54.184;0;;36.638;0;38.351;0;39.195;0;182.6;44:34.139;09:59:34.139;0:36.638;0:38.351;0:39.195;264.1;Tracy KROHN;;LMGTE;;Krohn Racing;Ferrari;
83;0;22;1:55.141;0;;35.876;0;39.365;0;39.900;0;181.1;46:29.280;10:01:29.280;0:35.876;0:39.365;0:39.900;266.0;Tracy KROHN;;LMGTE;;Krohn Racing;Ferrari;
83;0;23;2:42.580;0;B;37.892;0;40.391;0;1:24.297;0;128.3;49:11.860;10:04:11.860;0:37.892;0:40.391;1:24.297;260.2;Tracy KROHN;;LMGTE;;Krohn Racing;Ferrari;
83;0;24;9:56.910;0;;8:38.778;0;39.136;0;38.996;0;34.9;59:08.770;10:14:08.770;8:38.778;0:39.136;0:38.996;204.9;Tracy KROHN;0:08:09.690;LMGTE;;Krohn Racing;Ferrari;
83;0;25;1:53.137;0;;35.723;0;38.910;0;38.504;0;184.3;1:01:01.907;10:16:01.907;0:35.723;0:38.910;0:38.504;262.1;Tracy KROHN;;LMGTE;;Krohn Racing;Ferrari;
83;0;26;1:54.167;0;;36.241;0;39.082;0;38.844;0;182.7;1:02:56.074;10:17:56.074;0:36.241;0:39.082;0:38.844;265.4;Tracy KROHN;;LMGTE;;Krohn Racing;Ferrari;
83;0;27;1:53.864;0;;36.546;0;38.516;0;38.802;0;183.2;1:04:49.938;10:19:49.938;0:36.546;0:38.516;0:38.802;262.8;Tracy KROHN;;LMGTE;;Krohn Racing;Ferrari;
83;0;28;1:52.365;0;;35.489;1;38.241;1;38.635;0;185.6;1:06:42.303;10:21:42.303;0:35.489;0:38.241;0:38.635;266.0;Tracy KROHN;;LMGTE;;Krohn Racing;Ferrari;
83;0;29;1:59.162;0;B;35.618;0;38.476;0;45.068;0;175.0;1:08:41.465;10:23:41.465;0:35.618;0:38.476;0:45.068;266.7;Tracy KROHN;;LMGTE;;Krohn Racing;Ferrari;
83;2;30;4:11.817;0;;2:55.470;0;38.349;0;37.998;0;82.8;1:12:53.282;10:27:53.282;2:55.470;0:38.349;0:37.998;184.9;Andrea BERTOLINI;0:02:24.493;LMGTE;;Krohn Racing;Ferrari;
83;2;31;1:50.806;0;;35.065;0;37.436;0;38.305;0;188.2;1:14:44.088;10:29:44.088;0:35.065;0:37.436;0:38.305;264.7;Andrea BERTOLINI;;LMGTE;;Krohn Racing;Ferrari;
83;2;32;3:24.690;0;B;35.460;0;1:14.761;0;1:34.469;0;101.9;1:18:08.778;10:33:08.778;0:35.460;1:14.761;1:34.469;264.1;Andrea BERTOLINI;;LMGTE;;Krohn Racing;Ferrari;
83;2;33;5:04.743;0;;3:48.550;0;38.480;0;37.713;0;68.4;1:23:13.521;10:38:13.521;3:48.550;0:38.480;0:37.713;204.2;Andrea BERTOLINI;0:03:17.314;LMGTE;;Krohn Racing;Ferrari;
83;2;34;1:49.001;0;;34.845;0;36.955;0;37.201;0;191.3;1:25:02.522;10:40:02.522;0:34.845;0:36.955;0:37.201;268.7;Andrea BERTOLINI;;LMGTE;;Krohn Racing;Ferrari;
83;2;35;1:48.588;2;;34.686;2;36.881;2;37.021;2;192.1;1:26:51.110;10:41:51.110;0:34.686;0:36.881;0:37.021;267.3;Andrea BERTOLINI;;LMGTE;;Krohn Racing;Ferrari;
83;2;36;1:48.913;0;;34.844;0;36.983;0;37.086;0;191.5;1:28:40.023;10:43:40.023;0:34.844;0:36.983;0:37.086;269.3;Andrea BERTOLINI;;LMGTE;;Krohn Racing;Ferrari;
83;2;37;1:48.984;0;;34.798;0;36.940;0;37.246;0;191.4;1:30:29.007;10:45:29.007;0:34.798;0:36.940;0:37.246;267.3;Andrea BERTOLINI;;LMGTE;;Krohn Racing;Ferrari;
88;1;1;3:45.257;0;;2:24.040;0;41.176;0;40.041;0;87.6;3:45.257;09:18:45.257;2:24.040;0:41.176;0:40.041;195.7;Giorgio RODA JR;0:01:46.251;LMGTE;;Proton Competition;Porsche;
88;1;2;1:52.359;0;;35.785;0;38.601;0;37.973;0;185.6;5:37.616;09:20:37.616;0:35.785;0:38.601;0:37.973;240.0;Giorgio RODA JR;;LMGTE;;Proton Competition;Porsche;
88;1;3;1:50.722;0;;34.973;0;38.015;0;37.734;0;188.4;7:28.338;09:22:28.338;0:34.973;0:38.015;0:37.734;267.3;Giorgio RODA JR;;LMGTE;;Proton Competition;Porsche;
88;1;4;1:49.920;0;;34.919;0;37.582;0;37.419;0;189.7;9:18.258;09:24:18.258;0:34.919;0:37.582;0:37.419;268.7;Giorgio RODA JR;;LMGTE;;Proton Competition;Porsche;
88;1;5;1:51.649;0;;35.457;0;38.306;0;37.886;0;186.8;11:09.907;09:26:09.907;0:35.457;0:38.306;0:37.886;267.3;Giorgio RODA JR;;LMGTE;;Proton Competition;Porsche;
88;1;6;1:50.387;0;;35.123;0;37.621;0;37.643;0;188.9;13:00.294;09:28:00.294;0:35.123;0:37.621;0:37.643;266.0;Giorgio RODA JR;;LMGTE;;Proton Competition;Porsche;
88;1;7;1:51.276;0;;35.265;0;37.708;0;38.303;0;187.4;14:51.570;09:29:51.570;0:35.265;0:37.708;0:38.303;253.5;Giorgio RODA JR;;LMGTE;;Proton Competition;Porsche;
88;1;8;1:51.408;0;;35.200;0;38.456;0;37.752;0;187.2;16:42.978;09:31:42.978;0:35.200;0:38.456;0:37.752;268.0;Giorgio RODA JR;;LMGTE;;Proton Competition;Porsche;
88;1;9;1:50.444;0;;35.118;0;37.729;0;37.597;0;188.8;18:33.422;09:33:33.422;0:35.118;0:37.729;0:37.597;267.3;Giorgio RODA JR;;LMGTE;;Proton Competition;Porsche;
88;1;10;1:50.387;0;;34.904;0;37.500;0;37.983;0;188.9;20:23.809;09:35:23.809;0:34.904;0:37.500;0:37.983;269.3;Giorgio RODA JR;;LMGTE;;Proton Competition;Porsche;
88;1;11;1:50.246;0;;34.993;0;37.735;0;37.518;0;189.2;22:14.055;09:37:14.055;0:34.993;0:37.735;0:37.518;267.3;Giorgio RODA JR;;LMGTE;;Proton Competition;Porsche;
88;1;12;1:49.620;0;;34.888;0;37.393;1;37.339;1;190.2;24:03.675;09:39:03.675;0:34.888;0:37.393;0:37.339;268.0;Giorgio RODA JR;;LMGTE;;Proton Competition;Porsche;
88;1;13;1:50.665;0;;35.340;0;37.814;0;37.511;0;188.4;25:54.340;09:40:54.340;0:35.340;0:37.814;0:37.511;264.1;Giorgio RODA JR;;LMGTE;;Proton Competition;Porsche;
88;1;14;1:50.316;0;;34.957;0;37.707;0;37.652;0;189.0;27:44.656;09:42:44.656;0:34.957;0:37.707;0:37.652;266.0;Giorgio RODA JR;;LMGTE;;Proton Competition;Porsche;
88;1;15;3:27.742;0;;45.490;0;1:21.314;0;1:20.938;0;100.4;31:12.398;09:46:12.398;0:45.490;1:21.314;1:20.938;268.0;Giorgio RODA JR;;LMGTE;;Proton Competition;Porsche;
88;1;16;1:53.073;0;;36.017;0;38.868;0;38.188;0;184.4;33:05.471;09:48:05.471;0:36.017;0:38.868;0:38.188;257.1;Giorgio RODA JR;;LMGTE;;Proton Competition;Porsche;
88;1;17;1:51.370;0;;35.222;0;38.141;0;38.007;0;187.3;34:56.841;09:49:56.841;0:35.222;0:38.141;0:38.007;268.0;Giorgio RODA JR;;LMGTE;;Proton Competition;Porsche;
88;1;18;1:50.835;0;;35.179;0;37.932;0;37.724;0;188.2;36:47.676;09:51:47.676;0:35.179;0:37.932;0:37.724;266.7;Giorgio RODA JR;;LMGTE;;Proton Competition;Porsche;
88;1;19;1:50.288;0;;34.946;0;37.829;0;37.513;0;189.1;38:37.964;09:53:37.964;0:34.946;0:37.829;0:37.513;268.7;Giorgio RODA JR;;LMGTE;;Proton Competition;Porsche;
88;1;20;1:50.326;0;;35.021;0;37.788;0;37.517;0;189.0;40:28.290;09:55:28.290;0:35.021;0:37.788;0:37.517;267.3;Giorgio RODA JR;;LMGTE;;Proton Competition;Porsche;
88;1;21;1:50.441;0;;34.830;1;37.892;0;37.719;0;188.8;42:18.731;09:57:18.731;0:34.830;0:37.892;0:37.719;267.3;Giorgio RODA JR;;LMGTE;;Proton Competition;Porsche;
88;1;22;1:50.403;0;;34.838;0;37.998;0;37.567;0;188.9;44:09.134;09:59:09.134;0:34.838;0:37.998;0:37.567;267.3;Giorgio RODA JR;;LMGTE;;Proton Competition;Porsche;
88;1;23;1:51.012;0;;35.200;0;38.084;0;37.728;0;187.9;46:00.146;10:01:00.146;0:35.200;0:38.084;0:37.728;267.3;Giorgio RODA JR;;LMGTE;;Proton Competition;Porsche;
88;1;24;1:57.699;0;B;34.950;0;38.400;0;44.349;0;177.2;47:57.845;10:02:57.845;0:34.950;0:38.400;0:44.349;266.7;Giorgio RODA JR;;LMGTE;;Proton Competition;Porsche;
88;2;25;11:04.078;0;;9:45.290;0;39.418;0;39.370;0;31.4;59:01.923;10:14:01.923;9:45.290;0:39.418;0:39.370;209.3;Gianmaria BRUNI;0:09:15.059;LMGTE;;Proton Competition;Porsche;
88;2;26;1:51.257;0;;35.964;0;37.723;0;37.570;0;187.4;1:00:53.180;10:15:53.180;0:35.964;0:37.723;0:37.570;254.1;Gianmaria BRUNI;;LMGTE;;Proton Competition;Porsche;
88;2;27;1:50.333;0;;34.936;0;38.037;0;37.360;0;189.0;1:02:43.513;10:17:43.513;0:34.936;0:38.037;0:37.360;267.3;Gianmaria BRUNI;;LMGTE;;Proton Competition;Porsche;
88;2;28;1:49.979;0;;35.124;0;37.350;0;37.505;0;189.6;1:04:33.492;10:19:33.492;0:35.124;0:37.350;0:37.505;266.0;Gianmaria BRUNI;;LMGTE;;Proton Competition;Porsche;
88;2;29;1:50.117;0;;35.498;0;37.339;0;37.280;0;189.4;1:06:23.609;10:21:23.609;0:35.498;0:37.339;0:37.280;256.5;Gianmaria BRUNI;;LMGTE;;Proton Competition;Porsche;
88;2;30;1:49.491;0;;34.807;0;37.363;0;37.321;0;190.5;1:08:13.100;10:23:13.100;0:34.807;0:37.363;0:37.321;267.3;Gianmaria BRUNI;;LMGTE;;Proton Competition;Porsche;
88;2;31;1:58.823;0;B;35.049;0;37.495;0;46.279;0;175.5;1:10:11.923;10:25:11.923;0:35.049;0:37.495;0:46.279;264.1;Gianmaria BRUNI;;LMGTE;;Proton Competition;Porsche;
88;2;32;4:03.286;0;;2:47.408;0;38.073;0;37.805;0;85.7;1:14:15.209;10:29:15.209;2:47.408;0:38.073;0:37.805;206.5;Gianmaria BRUNI;0:02:17.015;LMGTE;;Proton Competition;Porsche;
88;2;33;2:58.711;0;B;34.744;0;46.129;0;1:37.838;0;116.7;1:17:13.920;10:32:13.920;0:34.744;0:46.129;1:37.838;268.7;Gianmaria BRUNI;;LMGTE;;Proton Competition;Porsche;
88;2;34;6:45.348;0;;5:28.339;0;38.474;0;38.535;0;51.4;1:23:59.268;10:38:59.268;5:28.339;0:38.474;0:38.535;208.5;Gianmaria BRUNI;0:05:01.049;LMGTE;;Proton Competition;Porsche;
88;2;35;1:48.567;0;;34.498;2;36.993;0;37.076;0;192.1;1:25:47.835;10:40:47.835;0:34.498;0:36.993;0:37.076;270.0;Gianmaria BRUNI;;LMGTE;;Proton Competition;Porsche;
88;2;36;1:48.771;0;;34.619;0;37.221;0;36.931;0;191.7;1:27:36.606;10:42:36.606;0:34.619;0:37.221;0:36.931;270.0;Gianmaria BRUNI;;LMGTE;;Proton Competition;Porsche;
88;2;37;1:48.229;2;;34.587;0;36.767;2;36.875;0;192.7;1:29:24.835;10:44:24.835;0:34.587;0:36.767;0:36.875;268.7;Gianmaria BRUNI;;LMGTE;;Proton Competition;Porsche;
88;2;38;1:48.298;0;;34.510;0;36.936;0;36.852;2;192.6;1:31:13.133;10:46:13.133;0:34.510;0:36.936;0:36.852;268.7;Gianmaria BRUNI;;LMGTE;;Proton Competition;Porsche;
9;2;1;2:44.169;0;;1:17.254;0;45.461;0;41.454;0;120.3;2:44.169;09:17:44.169;1:17.254;0:45.461;0:41.454;137.2;Mikkel JENSEN;0:00:34.641;LMP3;;AT Racing;Ligier;
9;2;2;2:12.842;0;;47.822;0;43.446;0;41.574;0;157.0;4:57.011;09:19:57.011;0:47.822;0:43.446;0:41.574;150.0;Mikkel JENSEN;;LMP3;;AT Racing;Ligier;
9;2;3;2:12.695;0;B;41.029;0;43.691;0;47.975;0;157.2;7:09.706;09:22:09.706;0:41.029;0:43.691;0:47.975;160.5;Mikkel JENSEN;;LMP3;;AT Racing;Ligier;
9;2;4;7:45.530;0;;6:28.282;0;39.387;0;37.861;0;44.8;14:55.236;09:29:55.236;6:28.282;0:39.387;0:37.861;160.2;Mikkel JENSEN;0:05:55.465;LMP3;;AT Racing;Ligier;
9;2;5;1:50.303;0;;35.643;0;37.403;0;37.257;0;189.1;16:45.539;09:31:45.539;0:35.643;0:37.403;0:37.257;266.0;Mikkel JENSEN;;LMP3;;AT Racing;Ligier;
9;2;6;1:54.483;0;B;35.061;0;36.997;0;42.425;0;182.2;18:40.022;09:33:40.022;0:35.061;0:36.997;0:42.425;268.0;Mikkel JENSEN;;LMP3;;AT Racing;Ligier;
9;0;7;3:51.854;0;;2:35.708;0;38.348;0;37.798;0;89.9;22:31.876;09:37:31.876;2:35.708;0:38.348;0:37.798;203.8;Alexander TALKANITSA;0:02:03.629;LMP3;;AT Racing;Ligier;
9;0;8;1:51.906;0;;35.960;0;38.201;0;37.745;1;186.4;24:23.782;09:39:23.782;0:35.960;0:38.201;0:37.745;227.4;Alexander TALKANITSA;;LMP3;;AT Racing;Ligier;
9;0;9;1:50.746;0;;35.342;0;37.653;0;37.751;0;188.3;26:14.528;09:41:14.528;0:35.342;0:37.653;0:37.751;266.7;Alexander TALKANITSA;;LMP3;;AT Racing;Ligier;
9;0;10;5:42.318;0;B;35.216;1;3:59.247;0;1:07.855;0;60.9;31:56.846;09:46:56.846;0:35.216;3:59.247;1:07.855;270.0;Alexander TALKANITSA;;LMP3;;AT Racing;Ligier;
9;0;11;12:54.547;0;;11:36.595;0;39.863;0;38.089;0;26.9;44:51.393;09:59:51.393;11:36.595;0:39.863;0:38.089;204.9;Alexander TALKANITSA;0:11:07.474;LMP3;;AT Racing;Ligier;
9;0;12;1:51.718;0;;35.492;0;38.168;0;38.058;0;186.7;46:43.111;10:01:43.111;0:35.492;0:38.168;0:38.058;270.0;Alexander TALKANITSA;;LMP3;;AT Racing;Ligier;
9;0;13;3:00.582;0;B;37.994;0;46.358;0;1:36.230;0;115.5;49:43.693;10:04:43.693;0:37.994;0:46.358;1:36.230;269.3;Alexander TALKANITSA;;LMP3;;AT Racing;Ligier;
9;0;14;10:25.308;0;;9:09.371;0;37.951;0;37.986;0;33.4;1:00:09.001;10:15:09.001;9:09.371;0:37.951;0:37.986;206.5;Alexander TALKANITSA;0:08:40.497;LMP3;;AT Racing;Ligier;
9;0;15;1:51.053;0;;35.456;0;37.595;1;38.002;0;187.8;1:02:00.054;10:17:00.054;0:35.456;0:37.595;0:38.002;269.3;Alexander TALKANITSA;;LMP3;;AT Racing;Ligier;
9;0;16;2:04.160;0;B;38.124;0;38.915;0;47.121;0;168.0;1:04:04.214;10:19:04.214;0:38.124;0:38.915;0:47.121;268.7;Alexander TALKANITSA;;LMP3;;AT Racing;Ligier;
9;2;17;3:55.653;0;;2:39.280;0;37.183;0;39.190;0;88.5;1:07:59.867;10:22:59.867;2:39.280;0:37.183;0:39.190;192.2;Mikkel JENSEN;0:02:09.153;LMP3;;AT Racing;Ligier;
9;2;18;1:47.233;0;;34.532;0;36.576;0;36.125;0;194.5;1:09:47.100;10:24:47.100;0:34.532;0:36.576;0:36.125;272.0;Mikkel JENSEN;;LMP3;;AT Racing;Ligier;
9;2;19;1:46.811;2;;34.453;2;36.325;2;36.033;2;195.2;1:11:33.911;10:26:33.911;0:34.453;0:36.325;0:36.033;272.0;Mikkel JENSEN;;LMP3;;AT Racing;Ligier;
9;2;20;1:55.639;0;B;35.818;0;36.783;0;43.038;0;180.3;1:13:29.550;10:28:29.550;0:35.818;0:36.783;0:43.038;272.0;Mikkel JENSEN;;LMP3;;AT Racing;Ligier;
9;1;21;6:21.531;0;;3:27.411;0;1:21.626;0;1:32.494;0;54.7;1:19:51.081;10:34:51.081;3:27.411;1:21.626;1:32.494;79.6;Alexander TALKA JR;0:02:20.029;LMP3;;AT Racing;Ligier;
9;1;22;2:06.351;0;;48.685;0;39.439;0;38.227;0;165.1;1:21:57.432;10:36:57.432;0:48.685;0:39.439;0:38.227;220.9;Alexander TALKA JR;;LMP3;;AT Racing;Ligier;
9;1;23;1:52.382;0;;36.432;0;38.323;0;37.627;0;185.6;1:23:49.814;10:38:49.814;0:36.432;0:38.323;0:37.627;252.3;Alexander TALKA JR;;LMP3;;AT Racing;Ligier;
9;1;24;1:50.546;0;;35.636;0;37.631;0;37.279;0;188.7;1:25:40.360;10:40:40.360;0:35.636;0:37.631;0:37.279;270.0;Alexander TALKA JR;;LMP3;;AT Racing;Ligier;
9;1;25;1:50.117;0;;35.399;0;37.499;0;37.219;1;189.4;1:27:30.477;10:42:30.477;0:35.399;0:37.499;0:37.219;271.4;Alexander TALKA JR;;LMP3;;AT Racing;Ligier;
9;1;26;1:49.933;0;;35.004;1;37.476;0;37.453;0;189.7;1:29:20.410;10:44:20.410;0:35.004;0:37.476;0:37.453;270.0;Alexander TALKA JR;;LMP3;;AT Racing;Ligier;
9;1;27;1:50.752;0;;35.878;0;37.302;1;37.572;0;188.3;1:31:11.162;10:46:11.162;0:35.878;0:37.302;0:37.572;270.0;Alexander TALKA JR;;LMP3;;AT Racing;Ligier;
