NUMBER; DRIVER_NUMBER; LAP_NUMBER; LAP_TIME; LAP_IMPROVEMENT; CROSSING_FINISH_LINE_IN_PIT; S1; S1_IMPROVEMENT; S2; S2_IMPROVEMENT; S3; S3_IMPROVEMENT; KPH; ELAPSED; HOUR;S1_LARGE;S2_LARGE;S3_LARGE;TOP_SPEED;DRIVER_NAME;PIT_TIME;CLASS;GROUP;TEAM;MANUFACTURER;
10;3;1;2:15.751;0;;1:04.559;0;41.106;0;30.086;0;151.9;2:15.751;09:52:15.751;1:04.559;0:41.106;0:30.086;;Kamui Kobayashi;0:00:36.300;DPi;;Konica Minolta Cadillac DPi-V.R;Cadillac;
10;3;2;1:43.112;0;;33.633;0;40.832;0;28.647;0;200.0;3:58.863;09:53:58.863;0:33.633;0:40.832;0:28.647;;Kamui Kobayashi;;DPi;;Konica Minolta Cadillac DPi-V.R;Cadillac;
10;3;3;1:36.610;0;;31.956;0;36.549;0;28.105;0;213.5;5:35.473;09:55:35.473;0:31.956;0:36.549;0:28.105;;Kamui Kobayashi;;DPi;;Konica Minolta Cadillac DPi-V.R;Cadillac;
10;3;4;1:36.462;0;;32.194;0;36.366;0;27.902;0;213.8;7:11.935;09:57:11.935;0:32.194;0:36.366;0:27.902;;Kamui Kobayashi;;DPi;;Konica Minolta Cadillac DPi-V.R;Cadillac;
10;3;5;1:37.006;0;;32.737;0;36.535;0;27.734;3;212.6;8:48.941;09:58:48.941;0:32.737;0:36.535;0:27.734;;Kamui Kobayashi;;DPi;;Konica Minolta Cadillac DPi-V.R;Cadillac;
10;3;6;1:36.167;0;;31.493;0;36.620;0;28.054;0;214.5;10:25.108;10:00:25.108;0:31.493;0:36.620;0:28.054;;Kamui Kobayashi;;DPi;;Konica Minolta Cadillac DPi-V.R;Cadillac;
10;3;7;1:35.340;3;;31.301;0;36.278;3;27.761;0;216.3;12:00.448;10:02:00.448;0:31.301;0:36.278;0:27.761;;Kamui Kobayashi;;DPi;;Konica Minolta Cadillac DPi-V.R;Cadillac;
10;3;8;1:49.140;0;B;31.451;0;36.473;0;41.216;0;189.0;13:49.588;10:03:49.588;0:31.451;0:36.473;0:41.216;;Kamui Kobayashi;;DPi;;Konica Minolta Cadillac DPi-V.R;Cadillac;
10;3;9;17:18.098;0;B;6:08.679;0;44.967;0;10:24.452;0;19.9;31:07.686;10:21:07.686;6:08.679;0:44.967;10:24.452;;Kamui Kobayashi;0:05:53.228;DPi;;Konica Minolta Cadillac DPi-V.R;Cadillac;
10;3;10;2:47.512;0;;1:38.971;0;39.244;0;29.297;0;123.1;33:55.198;10:23:55.198;1:38.971;0:39.244;0:29.297;;Kamui Kobayashi;0:11:03.966;DPi;;Konica Minolta Cadillac DPi-V.R;Cadillac;
10;3;11;1:35.998;0;;31.585;0;36.501;0;27.912;0;214.9;35:31.196;10:25:31.196;0:31.585;0:36.501;0:27.912;;Kamui Kobayashi;;DPi;;Konica Minolta Cadillac DPi-V.R;Cadillac;
10;3;12;1:35.464;0;;31.381;0;36.324;0;27.759;0;216.1;37:06.660;10:27:06.660;0:31.381;0:36.324;0:27.759;;Kamui Kobayashi;;DPi;;Konica Minolta Cadillac DPi-V.R;Cadillac;
10;3;13;2:03.789;0;B;32.115;0;42.199;0;49.475;0;166.6;39:10.449;10:29:10.449;0:32.115;0:42.199;0:49.475;;Kamui Kobayashi;;DPi;;Konica Minolta Cadillac DPi-V.R;Cadillac;
10;3;14;4:37.210;0;;3:23.636;0;44.430;0;29.144;0;74.4;43:47.659;10:33:47.659;3:23.636;0:44.430;0:29.144;;Kamui Kobayashi;0:03:10.675;DPi;;Konica Minolta Cadillac DPi-V.R;Cadillac;
10;3;15;1:36.270;0;;31.471;0;36.528;0;28.271;0;214.2;45:23.929;10:35:23.929;0:31.471;0:36.528;0:28.271;;Kamui Kobayashi;;DPi;;Konica Minolta Cadillac DPi-V.R;Cadillac;
10;3;16;1:35.912;0;;31.507;0;36.518;0;27.887;0;215.0;46:59.841;10:36:59.841;0:31.507;0:36.518;0:27.887;;Kamui Kobayashi;;DPi;;Konica Minolta Cadillac DPi-V.R;Cadillac;
10;3;17;1:48.900;0;B;31.286;3;36.607;0;41.007;0;189.4;48:48.741;10:38:48.741;0:31.286;0:36.607;0:41.007;;Kamui Kobayashi;;DPi;;Konica Minolta Cadillac DPi-V.R;Cadillac;
11;3;1;3:40.203;0;;2:21.148;0;44.933;0;34.122;0;93.7;3:40.203;09:53:40.203;2:21.148;0:44.933;0:34.122;;Franck Perera;0:01:50.586;GTD;;GRT Grasser Racing Team;Lamborghini;
11;3;2;1:56.564;0;;40.113;0;42.969;0;33.482;0;176.9;5:36.767;09:55:36.767;0:40.113;0:42.969;0:33.482;;Franck Perera;;GTD;;GRT Grasser Racing Team;Lamborghini;
11;3;3;1:47.716;0;;35.228;0;40.415;0;32.073;0;191.5;7:24.483;09:57:24.483;0:35.228;0:40.415;0:32.073;;Franck Perera;;GTD;;GRT Grasser Racing Team;Lamborghini;
11;3;4;1:46.975;0;;34.821;0;40.423;0;31.731;0;192.8;9:11.458;09:59:11.458;0:34.821;0:40.423;0:31.731;;Franck Perera;;GTD;;GRT Grasser Racing Team;Lamborghini;
11;3;5;1:46.807;0;;34.868;0;40.244;0;31.695;0;193.1;10:58.265;10:00:58.265;0:34.868;0:40.244;0:31.695;;Franck Perera;;GTD;;GRT Grasser Racing Team;Lamborghini;
11;3;6;1:46.417;0;;34.672;0;40.088;0;31.657;0;193.8;12:44.682;10:02:44.682;0:34.672;0:40.088;0:31.657;;Franck Perera;;GTD;;GRT Grasser Racing Team;Lamborghini;
11;3;7;1:46.389;0;;34.656;2;40.115;0;31.618;2;193.9;14:31.071;10:04:31.071;0:34.656;0:40.115;0:31.618;;Franck Perera;;GTD;;GRT Grasser Racing Team;Lamborghini;
11;3;8;1:46.308;2;;34.674;0;40.001;2;31.633;0;194.0;16:17.379;10:06:17.379;0:34.674;0:40.001;0:31.633;;Franck Perera;;GTD;;GRT Grasser Racing Team;Lamborghini;
11;3;9;2:00.703;0;B;34.781;0;40.183;0;45.739;0;170.9;18:18.082;10:08:18.082;0:34.781;0:40.183;0:45.739;;Franck Perera;;GTD;;GRT Grasser Racing Team;Lamborghini;
11;1;10;5:02.244;0;;3:49.143;0;40.740;1;32.361;1;68.2;23:20.326;10:13:20.326;3:49.143;0:40.740;0:32.361;;Richard Heistand;0:03:36.642;GTD;;GRT Grasser Racing Team;Lamborghini;
11;1;11;2:03.077;0;B;36.951;1;40.777;0;45.349;0;167.6;25:23.403;10:15:23.403;0:36.951;0:40.777;0:45.349;;Richard Heistand;;GTD;;GRT Grasser Racing Team;Lamborghini;
11;4;12;6:02.951;0;;4:44.062;0;45.001;0;33.888;0;56.8;31:26.354;10:21:26.354;4:44.062;0:45.001;0:33.888;;Albert Costa;0:04:29.333;GTD;;GRT Grasser Racing Team;Lamborghini;
11;4;13;1:51.401;0;;37.862;0;40.957;1;32.582;0;185.1;33:17.755;10:23:17.755;0:37.862;0:40.957;0:32.582;;Albert Costa;;GTD;;GRT Grasser Racing Team;Lamborghini;
11;4;14;1:51.218;0;;36.620;1;42.207;0;32.391;1;185.4;35:08.973;10:25:08.973;0:36.620;0:42.207;0:32.391;;Albert Costa;;GTD;;GRT Grasser Racing Team;Lamborghini;
11;4;15;2:03.999;0;B;37.905;0;40.987;0;45.107;0;166.3;37:12.972;10:27:12.972;0:37.905;0:40.987;0:45.107;;Albert Costa;;GTD;;GRT Grasser Racing Team;Lamborghini;
11;2;16;5:29.858;0;;4:15.407;0;41.109;0;33.342;0;62.5;42:42.830;10:32:42.830;4:15.407;0:41.109;0:33.342;;Steijn Schothorst;0:04:02.343;GTD;;GRT Grasser Racing Team;Lamborghini;
11;2;17;1:49.806;0;;35.936;0;41.133;0;32.737;0;187.8;44:32.636;10:34:32.636;0:35.936;0:41.133;0:32.737;;Steijn Schothorst;;GTD;;GRT Grasser Racing Team;Lamborghini;
11;2;18;1:48.207;0;;35.286;1;40.604;0;32.317;1;190.6;46:20.843;10:36:20.843;0:35.286;0:40.604;0:32.317;;Steijn Schothorst;;GTD;;GRT Grasser Racing Team;Lamborghini;
12;2;1;6:50.331;0;;5:35.591;0;41.869;0;32.871;0;50.3;6:50.331;09:56:50.331;5:35.591;0:41.869;0:32.871;;Townsend Bell;0:05:07.503;GTD;;AIM VASSER SULLIVAN;Lexus;
12;2;2;1:48.285;0;;35.454;0;40.677;0;32.154;0;190.5;8:38.616;09:58:38.616;0:35.454;0:40.677;0:32.154;;Townsend Bell;;GTD;;AIM VASSER SULLIVAN;Lexus;
12;2;3;1:47.860;0;;35.230;1;40.540;2;32.090;0;191.2;10:26.476;10:00:26.476;0:35.230;0:40.540;0:32.090;;Townsend Bell;;GTD;;AIM VASSER SULLIVAN;Lexus;
12;2;4;3:13.385;0;B;35.349;0;40.893;0;1:57.143;0;106.7;13:39.861;10:03:39.861;0:35.349;0:40.893;1:57.143;;Townsend Bell;;GTD;;AIM VASSER SULLIVAN;Lexus;
12;2;5;2:10.362;0;;57.628;0;40.684;0;32.050;1;158.2;15:50.223;10:05:50.223;0:57.628;0:40.684;0:32.050;;Townsend Bell;0:01:57.658;GTD;;AIM VASSER SULLIVAN;Lexus;
12;2;6;1:48.739;0;;35.394;0;40.752;0;32.593;0;189.7;17:38.962;10:07:38.962;0:35.394;0:40.752;0:32.593;;Townsend Bell;;GTD;;AIM VASSER SULLIVAN;Lexus;
12;2;7;2:57.824;0;B;37.651;0;42.068;0;1:38.105;0;116.0;20:36.786;10:10:36.786;0:37.651;0:42.068;1:38.105;;Townsend Bell;;GTD;;AIM VASSER SULLIVAN;Lexus;
12;2;8;3:09.623;0;B;57.707;0;40.817;0;1:31.099;0;108.8;23:46.409;10:13:46.409;0:57.707;0:40.817;1:31.099;;Townsend Bell;0:01:38.526;GTD;;AIM VASSER SULLIVAN;Lexus;
12;3;9;2:11.389;0;;58.120;0;41.127;0;32.142;0;157.0;25:57.798;10:15:57.798;0:58.120;0:41.127;0:32.142;;Shane van Gisbergen;0:01:31.740;GTD;;AIM VASSER SULLIVAN;Lexus;
12;3;10;1:48.917;0;;35.853;0;40.883;0;32.181;0;189.4;27:46.715;10:17:46.715;0:35.853;0:40.883;0:32.181;;Shane van Gisbergen;;GTD;;AIM VASSER SULLIVAN;Lexus;
12;3;11;1:47.722;2;;35.158;2;40.670;1;31.894;2;191.5;29:34.437;10:19:34.437;0:35.158;0:40.670;0:31.894;;Shane van Gisbergen;;GTD;;AIM VASSER SULLIVAN;Lexus;
12;3;12;4:10.816;0;B;35.296;0;40.694;0;2:54.826;0;82.2;33:45.253;10:23:45.253;0:35.296;0:40.694;2:54.826;;Shane van Gisbergen;;GTD;;AIM VASSER SULLIVAN;Lexus;
12;3;13;2:11.184;0;;58.158;0;40.819;0;32.207;0;157.2;35:56.437;10:25:56.437;0:58.158;0:40.819;0:32.207;;Shane van Gisbergen;0:02:55.276;GTD;;AIM VASSER SULLIVAN;Lexus;
12;3;14;4:48.849;0;B;35.282;0;40.682;0;3:32.885;0;71.4;40:45.286;10:30:45.286;0:35.282;0:40.682;3:32.885;;Shane van Gisbergen;;GTD;;AIM VASSER SULLIVAN;Lexus;
12;1;15;2:14.056;0;;59.348;0;42.355;0;32.353;0;153.9;42:59.342;10:32:59.342;0:59.348;0:42.355;0:32.353;;Frankie Montecalvo;0:03:31.128;GTD;;AIM VASSER SULLIVAN;Lexus;
12;1;16;1:48.866;0;;35.609;0;40.808;0;32.449;0;189.5;44:48.208;10:34:48.208;0:35.609;0:40.808;0:32.449;;Frankie Montecalvo;;GTD;;AIM VASSER SULLIVAN;Lexus;
12;1;17;1:48.243;0;;35.434;1;40.660;1;32.149;1;190.5;46:36.451;10:36:36.451;0:35.434;0:40.660;0:32.149;;Frankie Montecalvo;;GTD;;AIM VASSER SULLIVAN;Lexus;
14;2;1;5:49.576;0;;4:33.757;0;42.845;0;32.974;0;59.0;5:49.576;09:55:49.576;4:33.757;0:42.845;0:32.974;;Jack Hawksworth;0:04:02.924;GTD;;AIM VASSER SULLIVAN;Lexus;
14;2;2;1:47.571;0;;35.211;0;40.359;0;32.001;0;191.7;7:37.147;09:57:37.147;0:35.211;0:40.359;0:32.001;;Jack Hawksworth;;GTD;;AIM VASSER SULLIVAN;Lexus;
14;2;3;1:48.593;0;;35.558;0;40.436;0;32.599;0;189.9;9:25.740;09:59:25.740;0:35.558;0:40.436;0:32.599;;Jack Hawksworth;;GTD;;AIM VASSER SULLIVAN;Lexus;
14;2;4;5:40.761;0;B;39.202;0;40.755;0;4:20.804;0;60.5;15:06.501;10:05:06.501;0:39.202;0:40.755;4:20.804;;Jack Hawksworth;;GTD;;AIM VASSER SULLIVAN;Lexus;
14;2;5;2:10.729;0;;58.177;0;40.548;0;32.004;0;157.8;17:17.230;10:07:17.230;0:58.177;0:40.548;0:32.004;;Jack Hawksworth;0:04:20.024;GTD;;AIM VASSER SULLIVAN;Lexus;
14;2;6;1:48.197;0;;35.161;1;40.900;0;32.136;0;190.6;19:05.427;10:09:05.427;0:35.161;0:40.900;0:32.136;;Jack Hawksworth;;GTD;;AIM VASSER SULLIVAN;Lexus;
14;2;7;1:47.310;2;;35.189;0;40.301;2;31.820;2;192.2;20:52.737;10:10:52.737;0:35.189;0:40.301;0:31.820;;Jack Hawksworth;;GTD;;AIM VASSER SULLIVAN;Lexus;
14;2;8;1:47.468;0;;35.233;0;40.407;0;31.828;0;191.9;22:40.205;10:12:40.205;0:35.233;0:40.407;0:31.828;;Jack Hawksworth;;GTD;;AIM VASSER SULLIVAN;Lexus;
14;2;9;5:42.627;0;B;35.447;0;40.987;0;4:26.193;0;60.2;28:22.832;10:18:22.832;0:35.447;0:40.987;4:26.193;;Jack Hawksworth;;GTD;;AIM VASSER SULLIVAN;Lexus;
14;3;10;2:15.311;0;;1:01.115;0;41.467;0;32.729;0;152.4;30:38.143;10:20:38.143;1:01.115;0:41.467;0:32.729;;Kyle Busch;0:04:26.937;GTD;;AIM VASSER SULLIVAN;Lexus;
14;3;11;1:48.785;0;;35.959;0;40.719;0;32.107;0;189.6;32:26.928;10:22:26.928;0:35.959;0:40.719;0:32.107;;Kyle Busch;;GTD;;AIM VASSER SULLIVAN;Lexus;
14;3;12;1:47.933;0;;35.377;0;40.629;0;31.927;0;191.1;34:14.861;10:24:14.861;0:35.377;0:40.629;0:31.927;;Kyle Busch;;GTD;;AIM VASSER SULLIVAN;Lexus;
14;3;13;1:47.416;0;;35.075;2;40.439;1;31.902;1;192.0;36:02.277;10:26:02.277;0:35.075;0:40.439;0:31.902;;Kyle Busch;;GTD;;AIM VASSER SULLIVAN;Lexus;
14;3;14;4:30.812;0;B;35.161;0;40.638;0;3:15.013;0;76.2;40:33.089;10:30:33.089;0:35.161;0:40.638;3:15.013;;Kyle Busch;;GTD;;AIM VASSER SULLIVAN;Lexus;
14;1;15;2:13.475;0;;59.431;0;41.367;0;32.677;0;154.5;42:46.564;10:32:46.564;0:59.431;0:41.367;0:32.677;;Parker Chase;0:03:11.592;GTD;;AIM VASSER SULLIVAN;Lexus;
14;1;16;1:49.511;0;;36.115;0;40.996;0;32.400;1;188.3;44:36.075;10:34:36.075;0:36.115;0:40.996;0:32.400;;Parker Chase;;GTD;;AIM VASSER SULLIVAN;Lexus;
14;1;17;1:49.157;0;;35.654;0;41.041;0;32.462;0;189.0;46:25.232;10:36:25.232;0:35.654;0:41.041;0:32.462;;Parker Chase;;GTD;;AIM VASSER SULLIVAN;Lexus;
14;1;18;1:48.891;0;;35.444;1;40.991;0;32.456;0;189.4;48:14.123;10:38:14.123;0:35.444;0:40.991;0:32.456;;Parker Chase;;GTD;;AIM VASSER SULLIVAN;Lexus;
16;3;1;3:00.905;0;;1:42.225;0;44.327;0;34.353;0;114.0;3:00.905;09:53:00.905;1:42.225;0:44.327;0:34.353;;Anthony Imperato;0:01:09.559;GTD;;Wright Motorsports;Porsche;
16;3;2;1:50.268;0;;36.649;0;41.001;0;32.618;0;187.0;4:51.173;09:54:51.173;0:36.649;0:41.001;0:32.618;;Anthony Imperato;;GTD;;Wright Motorsports;Porsche;
16;3;3;1:49.195;0;;36.124;0;40.829;0;32.242;0;188.9;6:40.368;09:56:40.368;0:36.124;0:40.829;0:32.242;;Anthony Imperato;;GTD;;Wright Motorsports;Porsche;
16;3;4;2:04.187;0;B;36.414;0;40.887;0;46.886;0;166.1;8:44.555;09:58:44.555;0:36.414;0:40.887;0:46.886;;Anthony Imperato;;GTD;;Wright Motorsports;Porsche;
16;3;5;3:00.730;0;;1:46.312;0;41.560;0;32.858;0;114.1;11:45.285;10:01:45.285;1:46.312;0:41.560;0:32.858;;Anthony Imperato;0:01:31.367;GTD;;Wright Motorsports;Porsche;
16;3;6;2:18.878;0;B;41.249;0;45.414;0;52.215;0;148.5;14:04.163;10:04:04.163;0:41.249;0:45.414;0:52.215;;Anthony Imperato;;GTD;;Wright Motorsports;Porsche;
16;3;7;6:39.795;0;;5:26.079;0;41.235;0;32.481;0;51.6;20:43.958;10:10:43.958;5:26.079;0:41.235;0:32.481;;Anthony Imperato;0:05:12.512;GTD;;Wright Motorsports;Porsche;
16;3;8;1:49.285;0;;35.972;0;40.875;0;32.438;0;188.7;22:33.243;10:12:33.243;0:35.972;0:40.875;0:32.438;;Anthony Imperato;;GTD;;Wright Motorsports;Porsche;
16;3;9;1:54.058;0;;35.684;0;40.426;0;37.948;0;180.8;24:27.301;10:14:27.301;0:35.684;0:40.426;0:37.948;;Anthony Imperato;;GTD;;Wright Motorsports;Porsche;
16;3;10;1:48.357;0;;35.528;0;40.549;0;32.280;0;190.3;26:15.658;10:16:15.658;0:35.528;0:40.549;0:32.280;;Anthony Imperato;;GTD;;Wright Motorsports;Porsche;
16;3;11;1:47.799;2;;35.290;0;40.405;2;32.104;0;191.3;28:03.457;10:18:03.457;0:35.290;0:40.405;0:32.104;;Anthony Imperato;;GTD;;Wright Motorsports;Porsche;
16;3;12;1:47.940;0;;35.386;0;40.527;0;32.027;2;191.1;29:51.397;10:19:51.397;0:35.386;0:40.527;0:32.027;;Anthony Imperato;;GTD;;Wright Motorsports;Porsche;
16;3;13;1:47.909;0;;35.279;2;40.531;0;32.099;0;191.1;31:39.306;10:21:39.306;0:35.279;0:40.531;0:32.099;;Anthony Imperato;;GTD;;Wright Motorsports;Porsche;
16;3;14;2:01.756;0;B;35.547;0;40.453;0;45.756;0;169.4;33:41.062;10:23:41.062;0:35.547;0:40.453;0:45.756;;Anthony Imperato;;GTD;;Wright Motorsports;Porsche;
16;4;15;3:25.081;0;;2:12.612;0;40.412;1;32.057;1;100.6;37:06.143;10:27:06.143;2:12.612;0:40.412;0:32.057;;Klaus Bachler;0:02:00.249;GTD;;Wright Motorsports;Porsche;
16;4;16;2:08.651;0;B;35.610;0;41.583;0;51.458;0;160.3;39:14.794;10:29:14.794;0:35.610;0:41.583;0:51.458;;Klaus Bachler;;GTD;;Wright Motorsports;Porsche;
16;1;17;4:34.478;0;;3:20.526;0;41.195;0;32.757;0;75.1;43:49.272;10:33:49.272;3:20.526;0:41.195;0:32.757;;Ryan Hardwick;0:03:05.806;GTD;;Wright Motorsports;Porsche;
16;1;18;1:49.756;0;;36.125;0;41.036;0;32.595;0;187.9;45:39.028;10:35:39.028;0:36.125;0:41.036;0:32.595;;Ryan Hardwick;;GTD;;Wright Motorsports;Porsche;
16;1;19;1:48.696;0;;35.747;1;40.681;1;32.268;1;189.8;47:27.724;10:37:27.724;0:35.747;0:40.681;0:32.268;;Ryan Hardwick;;GTD;;Wright Motorsports;Porsche;
16;1;20;1:50.975;0;;35.839;0;42.518;0;32.618;0;185.9;49:18.699;10:39:18.699;0:35.839;0:42.518;0:32.618;;Ryan Hardwick;;GTD;;Wright Motorsports;Porsche;
19;4;1;3:27.407;0;;2:07.868;0;44.868;0;34.671;0;99.4;3:27.407;09:53:27.407;2:07.868;0:44.868;0:34.671;;Rahel Frey;0:01:36.777;GTD;;GEAR Racing powered by GRT Grasser;Lamborghini;
19;4;2;1:51.610;0;;37.017;0;41.307;0;33.286;0;184.8;5:19.017;09:55:19.017;0:37.017;0:41.307;0:33.286;;Rahel Frey;;GTD;;GEAR Racing powered by GRT Grasser;Lamborghini;
19;4;3;1:48.583;0;;35.663;0;40.626;0;32.294;0;190.0;7:07.600;09:57:07.600;0:35.663;0:40.626;0:32.294;;Rahel Frey;;GTD;;GEAR Racing powered by GRT Grasser;Lamborghini;
19;4;4;1:47.730;0;;35.267;0;40.463;0;32.000;0;191.5;8:55.330;09:58:55.330;0:35.267;0:40.463;0:32.000;;Rahel Frey;;GTD;;GEAR Racing powered by GRT Grasser;Lamborghini;
19;4;5;1:47.337;2;;35.051;0;40.335;2;31.951;2;192.2;10:42.667;10:00:42.667;0:35.051;0:40.335;0:31.951;;Rahel Frey;;GTD;;GEAR Racing powered by GRT Grasser;Lamborghini;
19;4;6;1:47.608;0;;34.848;2;40.765;0;31.995;0;191.7;12:30.275;10:02:30.275;0:34.848;0:40.765;0:31.995;;Rahel Frey;;GTD;;GEAR Racing powered by GRT Grasser;Lamborghini;
19;4;7;2:04.890;0;B;36.496;0;41.357;0;47.037;0;165.1;14:35.165;10:04:35.165;0:36.496;0:41.357;0:47.037;;Rahel Frey;;GTD;;GEAR Racing powered by GRT Grasser;Lamborghini;
19;4;8;3:31.458;0;;2:14.701;0;43.261;0;33.496;0;97.5;18:06.623;10:08:06.623;2:14.701;0:43.261;0:33.496;;Rahel Frey;0:01:59.716;GTD;;GEAR Racing powered by GRT Grasser;Lamborghini;
19;4;9;1:48.778;0;;35.495;0;41.106;0;32.177;0;189.6;19:55.401;10:09:55.401;0:35.495;0:41.106;0:32.177;;Rahel Frey;;GTD;;GEAR Racing powered by GRT Grasser;Lamborghini;
19;4;10;2:02.688;0;B;35.616;0;40.629;0;46.443;0;168.1;21:58.089;10:11:58.089;0:35.616;0:40.629;0:46.443;;Rahel Frey;;GTD;;GEAR Racing powered by GRT Grasser;Lamborghini;
19;2;11;3:43.298;0;;2:18.970;0;47.733;0;36.595;1;92.4;25:41.387;10:15:41.387;2:18.970;0:47.733;0:36.595;;Katherine Legge;0:01:57.287;GTD;;GEAR Racing powered by GRT Grasser;Lamborghini;
19;2;12;2:13.978;0;B;39.969;1;43.197;1;50.812;0;153.9;27:55.365;10:17:55.365;0:39.969;0:43.197;0:50.812;;Katherine Legge;;GTD;;GEAR Racing powered by GRT Grasser;Lamborghini;
19;3;13;3:09.534;0;;1:53.559;0;42.839;0;33.136;0;108.8;31:04.899;10:21:04.899;1:53.559;0:42.839;0:33.136;;Tati Calderon;0:01:34.940;GTD;;GEAR Racing powered by GRT Grasser;Lamborghini;
19;3;14;1:49.867;0;;36.286;0;41.046;0;32.535;0;187.7;32:54.766;10:22:54.766;0:36.286;0:41.046;0:32.535;;Tati Calderon;;GTD;;GEAR Racing powered by GRT Grasser;Lamborghini;
19;3;15;1:48.472;0;;35.678;0;40.502;1;32.292;0;190.1;34:43.238;10:24:43.238;0:35.678;0:40.502;0:32.292;;Tati Calderon;;GTD;;GEAR Racing powered by GRT Grasser;Lamborghini;
19;3;16;1:48.265;0;;35.470;1;40.533;0;32.262;1;190.5;36:31.503;10:26:31.503;0:35.470;0:40.533;0:32.262;;Tati Calderon;;GTD;;GEAR Racing powered by GRT Grasser;Lamborghini;
19;3;17;2:12.655;0;B;35.622;0;42.199;0;54.834;0;155.5;38:44.158;10:28:44.158;0:35.622;0:42.199;0:54.834;;Tati Calderon;;GTD;;GEAR Racing powered by GRT Grasser;Lamborghini;
19;4;18;5:25.065;0;;4:06.632;0;44.206;0;34.227;0;63.4;44:09.223;10:34:09.223;4:06.632;0:44.206;0:34.227;;Rahel Frey;0:03:46.392;GTD;;GEAR Racing powered by GRT Grasser;Lamborghini;
19;4;19;2:06.474;0;B;37.639;0;41.888;0;46.947;0;163.1;46:15.697;10:36:15.697;0:37.639;0:41.888;0:46.947;;Rahel Frey;;GTD;;GEAR Racing powered by GRT Grasser;Lamborghini;
19;1;20;3:04.718;0;;1:47.608;0;43.557;1;33.553;1;111.7;49:20.415;10:39:20.415;1:47.608;0:43.557;0:33.553;;Christina Nielsen;0:01:32.492;GTD;;GEAR Racing powered by GRT Grasser;Lamborghini;
19;1;21;2:18.169;0;B;36.651;0;52.233;0;49.285;0;149.3;51:38.584;10:41:38.584;0:36.651;0:52.233;0:49.285;;Christina Nielsen;;GTD;;GEAR Racing powered by GRT Grasser;Lamborghini;
23;1;1;21:54.407;0;;20:35.659;0;44.896;0;33.852;0;15.7;21:54.407;10:11:54.407;20:35.659;0:44.896;0:33.852;;Alex Riberas;0:20:05.177;GTD;;Heart Of Racing Team;Aston Martin;
23;1;2;1:50.080;0;;35.660;0;41.527;0;32.893;0;187.4;23:44.487;10:13:44.487;0:35.660;0:41.527;0:32.893;;Alex Riberas;;GTD;;Heart Of Racing Team;Aston Martin;
23;1;3;1:48.858;0;;35.388;0;41.275;0;32.195;0;189.5;25:33.345;10:15:33.345;0:35.388;0:41.275;0:32.195;;Alex Riberas;;GTD;;Heart Of Racing Team;Aston Martin;
23;1;4;1:47.806;0;;35.249;0;40.466;0;32.091;0;191.3;27:21.151;10:17:21.151;0:35.249;0:40.466;0:32.091;;Alex Riberas;;GTD;;Heart Of Racing Team;Aston Martin;
23;1;5;2:01.784;0;B;35.208;2;40.475;0;46.101;0;169.4;29:22.935;10:19:22.935;0:35.208;0:40.475;0:46.101;;Alex Riberas;;GTD;;Heart Of Racing Team;Aston Martin;
23;1;6;4:44.309;0;;3:31.350;0;40.723;0;32.236;0;72.5;34:07.244;10:24:07.244;3:31.350;0:40.723;0:32.236;;Alex Riberas;0:03:17.528;GTD;;Heart Of Racing Team;Aston Martin;
23;1;7;1:47.519;2;;35.209;0;40.390;2;31.920;2;191.8;35:54.763;10:25:54.763;0:35.209;0:40.390;0:31.920;;Alex Riberas;;GTD;;Heart Of Racing Team;Aston Martin;
23;1;8;2:03.263;0;B;35.435;0;40.568;0;47.260;0;167.3;37:58.026;10:27:58.026;0:35.435;0:40.568;0:47.260;;Alex Riberas;;GTD;;Heart Of Racing Team;Aston Martin;
23;2;9;4:57.328;0;B;3:27.662;0;41.077;0;48.589;0;69.4;42:55.354;10:32:55.354;3:27.662;0:41.077;0:48.589;;Roman De Angelis;0:03:14.385;GTD;;Heart Of Racing Team;Aston Martin;
23;2;10;3:10.669;0;;1:56.739;0;41.134;0;32.796;0;108.2;46:06.023;10:36:06.023;1:56.739;0:41.134;0:32.796;;Roman De Angelis;0:01:42.132;GTD;;Heart Of Racing Team;Aston Martin;
23;2;11;1:48.297;0;;35.532;0;40.557;1;32.208;1;190.5;47:54.320;10:37:54.320;0:35.532;0:40.557;0:32.208;;Roman De Angelis;;GTD;;Heart Of Racing Team;Aston Martin;
23;2;12;1:48.176;0;;35.530;1;40.590;0;32.056;0;190.7;49:42.496;10:39:42.496;0:35.530;0:40.590;0:32.056;;Roman De Angelis;;GTD;;Heart Of Racing Team;Aston Martin;
23;2;13;2:25.512;0;B;40.977;0;54.058;0;50.477;0;141.7;52:08.008;10:42:08.008;0:40.977;0:54.058;0:50.477;;Roman De Angelis;;GTD;;Heart Of Racing Team;Aston Martin;
24;2;1;2:28.429;0;;1:12.579;0;43.084;0;32.766;0;139.0;2:28.429;09:52:28.429;1:12.579;0:43.084;0:32.766;;John Edwards;0:00:41.655;GTLM;;BMW Team RLL;BMW;
24;2;2;1:48.470;0;;36.295;0;40.327;0;31.848;0;190.1;4:16.899;09:54:16.899;0:36.295;0:40.327;0:31.848;;John Edwards;;GTLM;;BMW Team RLL;BMW;
24;2;3;1:46.386;0;;35.235;0;39.568;0;31.583;0;193.9;6:03.285;09:56:03.285;0:35.235;0:39.568;0:31.583;;John Edwards;;GTLM;;BMW Team RLL;BMW;
24;2;4;1:45.185;0;;34.670;0;39.549;0;30.966;0;196.1;7:48.470;09:57:48.470;0:34.670;0:39.549;0:30.966;;John Edwards;;GTLM;;BMW Team RLL;BMW;
24;2;5;1:45.079;0;;34.552;0;39.541;0;30.986;0;196.3;9:33.549;09:59:33.549;0:34.552;0:39.541;0:30.986;;John Edwards;;GTLM;;BMW Team RLL;BMW;
24;2;6;1:44.737;2;;34.492;0;39.390;1;30.855;2;196.9;11:18.286;10:01:18.286;0:34.492;0:39.390;0:30.855;;John Edwards;;GTLM;;BMW Team RLL;BMW;
24;2;7;1:58.821;0;B;34.476;1;39.444;0;44.901;0;173.6;13:17.107;10:03:17.107;0:34.476;0:39.444;0:44.901;;John Edwards;;GTLM;;BMW Team RLL;BMW;
24;3;8;5:06.741;0;;3:55.780;0;39.783;0;31.178;0;67.2;18:23.848;10:08:23.848;3:55.780;0:39.783;0:31.178;;Chaz Mostert;0:03:43.105;GTLM;;BMW Team RLL;BMW;
24;3;9;1:45.042;0;;34.458;0;39.433;1;31.151;0;196.4;20:08.890;10:10:08.890;0:34.458;0:39.433;0:31.151;;Chaz Mostert;;GTLM;;BMW Team RLL;BMW;
24;3;10;1:44.979;0;;34.442;1;39.497;0;31.040;1;196.5;21:53.869;10:11:53.869;0:34.442;0:39.497;0:31.040;;Chaz Mostert;;GTLM;;BMW Team RLL;BMW;
24;3;11;1:45.211;0;;34.473;0;39.541;0;31.197;0;196.0;23:39.080;10:13:39.080;0:34.473;0:39.541;0:31.197;;Chaz Mostert;;GTLM;;BMW Team RLL;BMW;
24;3;12;1:45.391;0;;34.631;0;39.710;0;31.050;0;195.7;25:24.471;10:15:24.471;0:34.631;0:39.710;0:31.050;;Chaz Mostert;;GTLM;;BMW Team RLL;BMW;
24;3;13;1:59.200;0;B;34.834;0;40.062;0;44.304;0;173.0;27:23.671;10:17:23.671;0:34.834;0:40.062;0:44.304;;Chaz Mostert;;GTLM;;BMW Team RLL;BMW;
24;1;14;3:34.665;0;;2:19.761;0;42.261;0;32.643;0;96.1;30:58.336;10:20:58.336;2:19.761;0:42.261;0:32.643;;Jesse Krohn;0:02:03.197;GTLM;;BMW Team RLL;BMW;
24;1;15;1:46.605;0;;35.707;0;39.736;0;31.162;0;193.5;32:44.941;10:22:44.941;0:35.707;0:39.736;0:31.162;;Jesse Krohn;;GTLM;;BMW Team RLL;BMW;
24;1;16;1:44.819;0;;34.472;0;39.406;0;30.941;1;196.8;34:29.760;10:24:29.760;0:34.472;0:39.406;0:30.941;;Jesse Krohn;;GTLM;;BMW Team RLL;BMW;
24;1;17;1:44.797;0;;34.301;0;39.396;0;31.100;0;196.8;36:14.557;10:26:14.557;0:34.301;0:39.396;0:31.100;;Jesse Krohn;;GTLM;;BMW Team RLL;BMW;
24;1;18;1:57.667;0;B;34.285;2;39.314;2;44.068;0;175.3;38:12.224;10:28:12.224;0:34.285;0:39.314;0:44.068;;Jesse Krohn;;GTLM;;BMW Team RLL;BMW;
24;4;19;4:28.639;0;B;3:03.273;0;39.787;0;45.579;0;76.8;42:40.863;10:32:40.863;3:03.273;0:39.787;0:45.579;;Augusto Farfus;0:02:50.048;GTLM;;BMW Team RLL;BMW;
24;4;20;2:21.224;0;B;57.178;0;39.636;1;44.410;0;146.0;45:02.087;10:35:02.087;0:57.178;0:39.636;0:44.410;;Augusto Farfus;0:00:44.954;GTLM;;BMW Team RLL;BMW;
24;4;21;2:21.750;0;B;57.613;0;39.805;0;44.332;0;145.5;47:23.837;10:37:23.837;0:57.613;0:39.805;0:44.332;;Augusto Farfus;0:00:45.313;GTLM;;BMW Team RLL;BMW;
24;4;22;4:20.573;0;B;2:46.137;0;48.706;0;45.730;0;79.2;51:44.410;10:41:44.410;2:46.137;0:48.706;0:45.730;;Augusto Farfus;0:02:31.506;GTLM;;BMW Team RLL;BMW;
25;1;1;2:23.160;0;;1:08.291;0;42.221;0;32.648;0;144.1;2:23.160;09:52:23.160;1:08.291;0:42.221;0:32.648;;Bruno Spengler;0:00:39.475;GTLM;;BMW Team RLL;BMW;
25;1;2;1:45.705;0;;34.838;0;39.566;0;31.301;0;195.1;4:08.865;09:54:08.865;0:34.838;0:39.566;0:31.301;;Bruno Spengler;;GTLM;;BMW Team RLL;BMW;
25;1;3;1:44.348;2;;34.144;2;39.178;2;31.026;0;197.7;5:53.213;09:55:53.213;0:34.144;0:39.178;0:31.026;;Bruno Spengler;;GTLM;;BMW Team RLL;BMW;
25;1;4;1:45.709;0;;34.763;0;39.401;0;31.545;0;195.1;7:38.922;09:57:38.922;0:34.763;0:39.401;0:31.545;;Bruno Spengler;;GTLM;;BMW Team RLL;BMW;
25;1;5;1:58.287;0;;41.932;0;45.136;0;31.219;0;174.4;9:37.209;09:59:37.209;0:41.932;0:45.136;0:31.219;;Bruno Spengler;;GTLM;;BMW Team RLL;BMW;
25;1;6;1:44.544;0;;34.241;0;39.397;0;30.906;0;197.3;11:21.753;10:01:21.753;0:34.241;0:39.397;0:30.906;;Bruno Spengler;;GTLM;;BMW Team RLL;BMW;
25;1;7;1:44.840;0;;34.656;0;39.332;0;30.852;1;196.7;13:06.593;10:03:06.593;0:34.656;0:39.332;0:30.852;;Bruno Spengler;;GTLM;;BMW Team RLL;BMW;
25;1;8;1:45.042;0;;34.230;0;39.420;0;31.392;0;196.4;14:51.635;10:04:51.635;0:34.230;0:39.420;0:31.392;;Bruno Spengler;;GTLM;;BMW Team RLL;BMW;
25;1;9;1:57.511;0;B;34.430;0;39.754;0;43.327;0;175.5;16:49.146;10:06:49.146;0:34.430;0:39.754;0:43.327;;Bruno Spengler;;GTLM;;BMW Team RLL;BMW;
25;4;10;3:21.873;0;;2:10.356;0;40.043;0;31.474;0;102.2;20:11.019;10:10:11.019;2:10.356;0:40.043;0:31.474;;Colton Herta;0:01:56.301;GTLM;;BMW Team RLL;BMW;
25;4;11;1:45.947;0;;34.983;0;39.546;0;31.418;0;194.7;21:56.966;10:11:56.966;0:34.983;0:39.546;0:31.418;;Colton Herta;;GTLM;;BMW Team RLL;BMW;
25;4;12;1:45.344;0;;34.651;1;39.373;1;31.320;0;195.8;23:42.310;10:13:42.310;0:34.651;0:39.373;0:31.320;;Colton Herta;;GTLM;;BMW Team RLL;BMW;
25;4;13;1:45.417;0;;34.700;0;39.571;0;31.146;0;195.7;25:27.727;10:15:27.727;0:34.700;0:39.571;0:31.146;;Colton Herta;;GTLM;;BMW Team RLL;BMW;
25;4;14;1:45.750;0;;34.949;0;39.623;0;31.178;0;195.0;27:13.477;10:17:13.477;0:34.949;0:39.623;0:31.178;;Colton Herta;;GTLM;;BMW Team RLL;BMW;
25;4;15;1:46.447;0;;34.694;0;39.717;0;32.036;0;193.8;28:59.924;10:18:59.924;0:34.694;0:39.717;0:32.036;;Colton Herta;;GTLM;;BMW Team RLL;BMW;
25;4;16;1:45.908;0;;34.791;0;39.663;0;31.454;0;194.7;30:45.832;10:20:45.832;0:34.791;0:39.663;0:31.454;;Colton Herta;;GTLM;;BMW Team RLL;BMW;
25;4;17;1:45.582;0;;34.846;0;39.639;0;31.097;1;195.3;32:31.414;10:22:31.414;0:34.846;0:39.639;0:31.097;;Colton Herta;;GTLM;;BMW Team RLL;BMW;
25;4;18;1:58.855;0;B;34.870;0;39.479;0;44.506;0;173.5;34:30.269;10:24:30.269;0:34.870;0:39.479;0:44.506;;Colton Herta;;GTLM;;BMW Team RLL;BMW;
25;4;19;4:28.475;0;B;2:54.434;0;42.737;0;51.304;0;76.8;38:58.744;10:28:58.744;2:54.434;0:42.737;0:51.304;;Colton Herta;0:02:40.883;GTLM;;BMW Team RLL;BMW;
25;2;20;3:30.588;0;;2:16.370;0;42.597;0;31.621;0;97.9;42:29.332;10:32:29.332;2:16.370;0:42.597;0:31.621;;Connor De Phillippi;0:02:02.630;GTLM;;BMW Team RLL;BMW;
25;2;21;1:44.548;0;;34.427;0;39.285;1;30.836;2;197.3;44:13.880;10:34:13.880;0:34.427;0:39.285;0:30.836;;Connor De Phillippi;;GTLM;;BMW Team RLL;BMW;
25;2;22;1:44.621;0;;34.376;1;39.342;0;30.903;0;197.1;45:58.501;10:35:58.501;0:34.376;0:39.342;0:30.903;;Connor De Phillippi;;GTLM;;BMW Team RLL;BMW;
25;2;23;1:45.467;0;;34.934;0;39.323;0;31.210;0;195.6;47:43.968;10:37:43.968;0:34.934;0:39.323;0:31.210;;Connor De Phillippi;;GTLM;;BMW Team RLL;BMW;
25;2;24;1:45.154;0;;34.510;0;39.535;0;31.109;0;196.1;49:29.122;10:39:29.122;0:34.510;0:39.535;0:31.109;;Connor De Phillippi;;GTLM;;BMW Team RLL;BMW;
25;2;25;2:09.925;0;B;34.634;0;47.072;0;48.219;0;158.7;51:39.047;10:41:39.047;0:34.634;0:47.072;0:48.219;;Connor De Phillippi;;GTLM;;BMW Team RLL;BMW;
3;1;1;4:26.270;0;B;1:41.599;0;44.255;0;2:00.416;0;77.5;4:26.270;09:54:26.270;1:41.599;0:44.255;2:00.416;;Antonio Garcia;0:01:08.217;GTLM;;Corvette Racing;Chevrolet;
3;1;2;2:14.938;0;;1:02.547;0;40.703;0;31.688;0;152.9;6:41.208;09:56:41.208;1:02.547;0:40.703;0:31.688;;Antonio Garcia;0:01:58.029;GTLM;;Corvette Racing;Chevrolet;
3;1;3;1:46.739;0;;35.759;0;39.663;0;31.317;0;193.2;8:27.947;09:58:27.947;0:35.759;0:39.663;0:31.317;;Antonio Garcia;;GTLM;;Corvette Racing;Chevrolet;
3;1;4;1:44.459;0;;34.068;0;39.245;0;31.146;0;197.4;10:12.406;10:00:12.406;0:34.068;0:39.245;0:31.146;;Antonio Garcia;;GTLM;;Corvette Racing;Chevrolet;
3;1;5;1:43.888;0;;33.907;0;39.138;0;30.843;0;198.5;11:56.294;10:01:56.294;0:33.907;0:39.138;0:30.843;;Antonio Garcia;;GTLM;;Corvette Racing;Chevrolet;
3;1;6;1:42.962;2;;33.728;2;38.713;2;30.521;2;200.3;13:39.256;10:03:39.256;0:33.728;0:38.713;0:30.521;;Antonio Garcia;;GTLM;;Corvette Racing;Chevrolet;
3;1;7;1:43.986;0;;33.826;0;39.265;0;30.895;0;198.3;15:23.242;10:05:23.242;0:33.826;0:39.265;0:30.895;;Antonio Garcia;;GTLM;;Corvette Racing;Chevrolet;
3;1;8;15:36.184;0;B;34.064;0;39.246;0;14:22.874;0;22.0;30:59.426;10:20:59.426;0:34.064;0:39.246;14:22.874;;Antonio Garcia;;GTLM;;Corvette Racing;Chevrolet;
3;1;9;2:14.377;0;;1:02.843;0;40.167;0;31.367;0;153.5;33:13.803;10:23:13.803;1:02.843;0:40.167;0:31.367;;Antonio Garcia;0:14:25.268;GTLM;;Corvette Racing;Chevrolet;
3;1;10;1:45.240;0;;34.222;0;39.896;0;31.122;0;196.0;34:59.043;10:24:59.043;0:34.222;0:39.896;0:31.122;;Antonio Garcia;;GTLM;;Corvette Racing;Chevrolet;
3;1;11;1:44.366;0;;34.153;0;39.271;0;30.942;0;197.6;36:43.409;10:26:43.409;0:34.153;0:39.271;0:30.942;;Antonio Garcia;;GTLM;;Corvette Racing;Chevrolet;
3;1;12;4:11.391;0;B;34.481;0;42.642;0;2:54.268;0;82.0;40:54.800;10:30:54.800;0:34.481;0:42.642;2:54.268;;Antonio Garcia;;GTLM;;Corvette Racing;Chevrolet;
3;1;13;2:20.692;0;;1:04.195;0;43.880;0;32.617;0;146.6;43:15.492;10:33:15.492;1:04.195;0:43.880;0:32.617;;Antonio Garcia;0:02:48.355;GTLM;;Corvette Racing;Chevrolet;
3;1;14;1:45.468;0;;34.681;0;39.524;0;31.263;0;195.6;45:00.960;10:35:00.960;0:34.681;0:39.524;0:31.263;;Antonio Garcia;;GTLM;;Corvette Racing;Chevrolet;
3;1;15;1:44.262;0;;34.147;0;39.187;0;30.928;0;197.8;46:45.222;10:36:45.222;0:34.147;0:39.187;0:30.928;;Antonio Garcia;;GTLM;;Corvette Racing;Chevrolet;
3;1;16;1:45.406;0;;34.086;0;39.252;0;32.068;0;195.7;48:30.628;10:38:30.628;0:34.086;0:39.252;0:32.068;;Antonio Garcia;;GTLM;;Corvette Racing;Chevrolet;
31;2;1;3:05.268;0;;1:52.098;0;41.990;0;31.180;0;111.3;3:05.268;09:53:05.268;1:52.098;0:41.990;0:31.180;;Mike Conway;0:01:20.450;DPi;;Whelen Engineering Racing;Cadillac;
31;2;2;1:40.794;0;;33.737;0;38.362;0;28.695;0;204.6;4:46.062;09:54:46.062;0:33.737;0:38.362;0:28.695;;Mike Conway;;DPi;;Whelen Engineering Racing;Cadillac;
31;2;3;1:37.222;0;;32.343;0;36.584;0;28.295;0;212.1;6:23.284;09:56:23.284;0:32.343;0:36.584;0:28.295;;Mike Conway;;DPi;;Whelen Engineering Racing;Cadillac;
31;2;4;1:36.668;2;;32.063;1;36.473;2;28.132;2;213.4;7:59.952;09:57:59.952;0:32.063;0:36.473;0:28.132;;Mike Conway;;DPi;;Whelen Engineering Racing;Cadillac;
31;2;5;1:52.174;0;B;32.265;0;36.903;0;43.006;0;183.9;9:52.126;09:59:52.126;0:32.265;0:36.903;0:43.006;;Mike Conway;;DPi;;Whelen Engineering Racing;Cadillac;
31;1;6;2:32.093;0;;1:26.446;0;37.229;0;28.418;1;135.6;12:24.219;10:02:24.219;1:26.446;0:37.229;0:28.418;;Felipe Nasr;0:01:09.652;DPi;;Whelen Engineering Racing;Cadillac;
31;1;7;1:50.946;0;B;31.979;2;36.688;1;42.279;0;185.9;14:15.165;10:04:15.165;0:31.979;0:36.688;0:42.279;;Felipe Nasr;;DPi;;Whelen Engineering Racing;Cadillac;
31;3;8;2:26.954;0;;1:21.060;0;37.131;1;28.763;1;140.4;16:42.119;10:06:42.119;1:21.060;0:37.131;0:28.763;;Pipo Derani;0:01:10.474;DPi;;Whelen Engineering Racing;Cadillac;
31;3;9;1:51.599;0;B;32.257;1;37.145;0;42.197;0;184.8;18:33.718;10:08:33.718;0:32.257;0:37.145;0:42.197;;Pipo Derani;;DPi;;Whelen Engineering Racing;Cadillac;
31;4;10;2:37.451;0;;1:19.392;0;48.425;0;29.634;0;131.0;21:11.169;10:11:11.169;1:19.392;0:48.425;0:29.634;;Filipe Albuquerque;0:01:05.892;DPi;;Whelen Engineering Racing;Cadillac;
31;4;11;1:36.818;0;;32.100;1;36.542;1;28.176;1;213.0;22:47.987;10:12:47.987;0:32.100;0:36.542;0:28.176;;Filipe Albuquerque;;DPi;;Whelen Engineering Racing;Cadillac;
38;1;1;5:51.803;0;;4:31.649;0;46.776;0;33.378;0;58.6;5:51.803;09:55:51.803;4:31.649;0:46.776;0:33.378;;Cameron Cassels;0:03:59.324;LMP2;;Performance Tech Motorsports;ORECA;
38;1;2;1:47.032;0;;35.986;0;39.884;0;31.162;0;192.7;7:38.835;09:57:38.835;0:35.986;0:39.884;0:31.162;;Cameron Cassels;;LMP2;;Performance Tech Motorsports;ORECA;
38;1;3;1:44.362;0;;35.253;0;39.088;0;30.021;0;197.6;9:23.197;09:59:23.197;0:35.253;0:39.088;0:30.021;;Cameron Cassels;;LMP2;;Performance Tech Motorsports;ORECA;
38;1;4;1:41.808;0;;33.606;0;38.275;0;29.927;0;202.6;11:05.005;10:01:05.005;0:33.606;0:38.275;0:29.927;;Cameron Cassels;;LMP2;;Performance Tech Motorsports;ORECA;
38;1;5;1:42.617;0;;34.112;0;38.338;0;30.167;0;201.0;12:47.622;10:02:47.622;0:34.112;0:38.338;0:30.167;;Cameron Cassels;;LMP2;;Performance Tech Motorsports;ORECA;
38;1;6;2:01.364;0;B;34.111;0;38.386;0;48.867;0;169.9;14:48.986;10:04:48.986;0:34.111;0:38.386;0:48.867;;Cameron Cassels;;LMP2;;Performance Tech Motorsports;ORECA;
38;1;7;4:13.269;0;;3:02.848;0;39.751;0;30.670;0;81.4;19:02.255;10:09:02.255;3:02.848;0:39.751;0:30.670;;Cameron Cassels;0:02:49.103;LMP2;;Performance Tech Motorsports;ORECA;
38;1;8;1:42.707;0;;34.281;0;38.561;0;29.865;0;200.8;20:44.962;10:10:44.962;0:34.281;0:38.561;0:29.865;;Cameron Cassels;;LMP2;;Performance Tech Motorsports;ORECA;
38;1;9;1:42.098;0;;34.127;0;38.597;0;29.374;2;202.0;22:27.060;10:12:27.060;0:34.127;0:38.597;0:29.374;;Cameron Cassels;;LMP2;;Performance Tech Motorsports;ORECA;
38;1;10;1:41.198;0;;33.460;1;38.036;1;29.702;0;203.8;24:08.258;10:14:08.258;0:33.460;0:38.036;0:29.702;;Cameron Cassels;;LMP2;;Performance Tech Motorsports;ORECA;
38;1;11;1:56.775;0;B;33.543;0;38.116;0;45.116;0;176.6;26:05.033;10:16:05.033;0:33.543;0:38.116;0:45.116;;Cameron Cassels;;LMP2;;Performance Tech Motorsports;ORECA;
38;3;12;4:01.960;0;;2:52.973;0;38.914;0;30.073;1;85.2;30:06.993;10:20:06.993;2:52.973;0:38.914;0:30.073;;Robert Masson;0:02:39.880;LMP2;;Performance Tech Motorsports;ORECA;
38;3;13;1:43.264;0;;34.426;0;38.444;1;30.394;0;199.7;31:50.257;10:21:50.257;0:34.426;0:38.444;0:30.394;;Robert Masson;;LMP2;;Performance Tech Motorsports;ORECA;
38;3;14;1:42.280;0;;33.636;0;38.531;0;30.113;0;201.7;33:32.537;10:23:32.537;0:33.636;0:38.531;0:30.113;;Robert Masson;;LMP2;;Performance Tech Motorsports;ORECA;
38;3;15;1:42.266;0;;33.617;1;38.539;0;30.110;0;201.7;35:14.803;10:25:14.803;0:33.617;0:38.539;0:30.110;;Robert Masson;;LMP2;;Performance Tech Motorsports;ORECA;
38;3;16;1:43.258;0;;34.065;0;38.800;0;30.393;0;199.7;36:58.061;10:26:58.061;0:34.065;0:38.800;0:30.393;;Robert Masson;;LMP2;;Performance Tech Motorsports;ORECA;
38;3;17;2:09.474;0;B;35.081;0;43.854;0;50.539;0;159.3;39:07.535;10:29:07.535;0:35.081;0:43.854;0:50.539;;Robert Masson;;LMP2;;Performance Tech Motorsports;ORECA;
38;4;18;4:07.878;0;;2:56.700;0;39.582;0;31.596;0;83.2;43:15.413;10:33:15.413;2:56.700;0:39.582;0:31.596;;Don Yount;0:02:42.815;LMP2;;Performance Tech Motorsports;ORECA;
38;4;19;1:41.820;0;;33.186;0;38.544;0;30.090;0;202.6;44:57.233;10:34:57.233;0:33.186;0:38.544;0:30.090;;Don Yount;;LMP2;;Performance Tech Motorsports;ORECA;
38;4;20;1:40.847;2;;33.009;0;37.928;2;29.910;1;204.5;46:38.080;10:36:38.080;0:33.009;0:37.928;0:29.910;;Don Yount;;LMP2;;Performance Tech Motorsports;ORECA;
38;4;21;1:42.234;0;;33.356;0;38.755;0;30.123;0;201.7;48:20.314;10:38:20.314;0:33.356;0:38.755;0:30.123;;Don Yount;;LMP2;;Performance Tech Motorsports;ORECA;
4;2;1;4:33.154;0;B;1:32.886;0;43.217;0;2:17.051;0;75.5;4:33.154;09:54:33.154;1:32.886;0:43.217;2:17.051;;Tommy Milner;0:00:59.478;GTLM;;Corvette Racing;Chevrolet;
4;2;2;2:12.669;0;;59.409;0;41.033;0;32.227;0;155.5;6:45.823;09:56:45.823;0:59.409;0:41.033;0:32.227;;Tommy Milner;0:02:15.308;GTLM;;Corvette Racing;Chevrolet;
4;2;3;1:46.279;0;;34.972;0;39.771;0;31.536;0;194.1;8:32.102;09:58:32.102;0:34.972;0:39.771;0:31.536;;Tommy Milner;;GTLM;;Corvette Racing;Chevrolet;
4;2;4;1:44.814;0;;34.208;0;39.347;0;31.259;0;196.8;10:16.916;10:00:16.916;0:34.208;0:39.347;0:31.259;;Tommy Milner;;GTLM;;Corvette Racing;Chevrolet;
4;2;5;1:44.558;2;;34.076;2;39.241;0;31.241;1;197.3;12:01.474;10:02:01.474;0:34.076;0:39.241;0:31.241;;Tommy Milner;;GTLM;;Corvette Racing;Chevrolet;
4;2;6;17:33.671;0;B;34.155;0;39.154;2;16:20.362;0;19.6;29:35.145;10:19:35.145;0:34.155;0:39.154;16:20.362;;Tommy Milner;;GTLM;;Corvette Racing;Chevrolet;
4;2;7;2:12.444;0;;1:00.167;0;40.227;0;32.050;0;155.7;31:47.589;10:21:47.589;1:00.167;0:40.227;0:32.050;;Tommy Milner;0:16:21.988;GTLM;;Corvette Racing;Chevrolet;
4;2;8;1:44.999;0;;34.257;0;39.411;0;31.331;0;196.4;33:32.588;10:23:32.588;0:34.257;0:39.411;0:31.331;;Tommy Milner;;GTLM;;Corvette Racing;Chevrolet;
4;2;9;1:45.294;0;;34.598;0;39.336;0;31.360;0;195.9;35:17.882;10:25:17.882;0:34.598;0:39.336;0:31.360;;Tommy Milner;;GTLM;;Corvette Racing;Chevrolet;
4;2;10;1:44.985;0;;34.317;0;39.341;0;31.327;0;196.5;37:02.867;10:27:02.867;0:34.317;0:39.341;0:31.327;;Tommy Milner;;GTLM;;Corvette Racing;Chevrolet;
4;2;11;4:46.646;0;B;34.409;0;40.676;0;3:31.561;0;72.0;41:49.513;10:31:49.513;0:34.409;0:40.676;3:31.561;;Tommy Milner;;GTLM;;Corvette Racing;Chevrolet;
4;3;12;2:09.884;0;;58.962;0;39.594;0;31.328;0;158.8;43:59.397;10:33:59.397;0:58.962;0:39.594;0:31.328;;Marcel Fassler;0:03:27.505;GTLM;;Corvette Racing;Chevrolet;
4;3;13;1:45.074;0;;34.457;1;39.314;1;31.303;0;196.3;45:44.471;10:35:44.471;0:34.457;0:39.314;0:31.303;;Marcel Fassler;;GTLM;;Corvette Racing;Chevrolet;
4;3;14;1:45.101;0;;34.538;0;39.389;0;31.174;2;196.2;47:29.572;10:37:29.572;0:34.538;0:39.389;0:31.174;;Marcel Fassler;;GTLM;;Corvette Racing;Chevrolet;
4;3;15;1:46.069;0;;34.502;0;40.336;0;31.231;0;194.5;49:15.641;10:39:15.641;0:34.502;0:40.336;0:31.231;;Marcel Fassler;;GTLM;;Corvette Racing;Chevrolet;
44;3;1;3:33.319;0;;2:15.534;0;43.420;0;34.365;0;96.7;3:33.319;09:53:33.319;2:15.534;0:43.420;0:34.365;;John Potter;0:01:43.461;GTD;;GRT Magnus;Lamborghini;
44;3;2;1:49.495;0;;36.190;0;40.767;0;32.538;0;188.4;5:22.814;09:55:22.814;0:36.190;0:40.767;0:32.538;;John Potter;;GTD;;GRT Magnus;Lamborghini;
44;3;3;1:48.038;0;;35.472;0;40.269;2;32.297;0;190.9;7:10.852;09:57:10.852;0:35.472;0:40.269;0:32.297;;John Potter;;GTD;;GRT Magnus;Lamborghini;
44;3;4;1:48.211;0;;35.579;0;40.460;0;32.172;0;190.6;8:59.063;09:58:59.063;0:35.579;0:40.460;0:32.172;;John Potter;;GTD;;GRT Magnus;Lamborghini;
44;3;5;1:47.957;0;;35.207;1;40.530;0;32.220;0;191.1;10:47.020;10:00:47.020;0:35.207;0:40.530;0:32.220;;John Potter;;GTD;;GRT Magnus;Lamborghini;
44;3;6;1:48.443;0;;35.587;0;40.712;0;32.144;0;190.2;12:35.463;10:02:35.463;0:35.587;0:40.712;0:32.144;;John Potter;;GTD;;GRT Magnus;Lamborghini;
44;3;7;1:48.334;0;;35.313;0;40.670;0;32.351;0;190.4;14:23.797;10:04:23.797;0:35.313;0:40.670;0:32.351;;John Potter;;GTD;;GRT Magnus;Lamborghini;
44;3;8;1:48.151;0;;35.597;0;40.540;0;32.014;1;190.7;16:11.948;10:06:11.948;0:35.597;0:40.540;0:32.014;;John Potter;;GTD;;GRT Magnus;Lamborghini;
44;3;9;1:48.065;0;;35.461;0;40.426;0;32.178;0;190.9;18:00.013;10:08:00.013;0:35.461;0:40.426;0:32.178;;John Potter;;GTD;;GRT Magnus;Lamborghini;
44;3;10;1:48.490;0;;35.347;0;40.786;0;32.357;0;190.1;19:48.503;10:09:48.503;0:35.347;0:40.786;0:32.357;;John Potter;;GTD;;GRT Magnus;Lamborghini;
44;3;11;1:51.566;0;;35.410;0;40.777;0;35.379;0;184.9;21:40.069;10:11:40.069;0:35.410;0:40.777;0:35.379;;John Potter;;GTD;;GRT Magnus;Lamborghini;
44;3;12;1:49.125;0;;35.496;0;41.371;0;32.258;0;189.0;23:29.194;10:13:29.194;0:35.496;0:41.371;0:32.258;;John Potter;;GTD;;GRT Magnus;Lamborghini;
44;3;13;1:48.844;0;;35.526;0;40.870;0;32.448;0;189.5;25:18.038;10:15:18.038;0:35.526;0:40.870;0:32.448;;John Potter;;GTD;;GRT Magnus;Lamborghini;
44;3;14;2:03.054;0;B;35.761;0;41.091;0;46.202;0;167.6;27:21.092;10:17:21.092;0:35.761;0:41.091;0:46.202;;John Potter;;GTD;;GRT Magnus;Lamborghini;
44;4;15;3:39.873;0;;2:26.247;0;41.552;0;32.074;0;93.8;31:00.965;10:21:00.965;2:26.247;0:41.552;0:32.074;;Andy Lally;0:02:11.281;GTD;;GRT Magnus;Lamborghini;
44;4;16;1:47.486;0;;35.319;0;40.437;0;31.730;2;191.9;32:48.451;10:22:48.451;0:35.319;0:40.437;0:31.730;;Andy Lally;;GTD;;GRT Magnus;Lamborghini;
44;4;17;1:47.476;0;;35.225;0;40.467;0;31.784;0;191.9;34:35.927;10:24:35.927;0:35.225;0:40.467;0:31.784;;Andy Lally;;GTD;;GRT Magnus;Lamborghini;
44;4;18;1:47.294;0;;35.019;0;40.406;0;31.869;0;192.2;36:23.221;10:26:23.221;0:35.019;0:40.406;0:31.869;;Andy Lally;;GTD;;GRT Magnus;Lamborghini;
44;4;19;2:03.098;0;B;35.018;0;40.402;0;47.678;0;167.6;38:26.319;10:28:26.319;0:35.018;0:40.402;0:47.678;;Andy Lally;;GTD;;GRT Magnus;Lamborghini;
44;4;20;4:17.264;0;;3:03.949;0;40.870;0;32.445;0;80.2;42:43.583;10:32:43.583;3:03.949;0:40.870;0:32.445;;Andy Lally;0:02:51.310;GTD;;GRT Magnus;Lamborghini;
44;4;21;1:48.183;0;;35.403;0;40.846;0;31.934;0;190.7;44:31.766;10:34:31.766;0:35.403;0:40.846;0:31.934;;Andy Lally;;GTD;;GRT Magnus;Lamborghini;
44;4;22;1:47.293;2;;35.011;2;40.351;0;31.931;0;192.2;46:19.059;10:36:19.059;0:35.011;0:40.351;0:31.931;;Andy Lally;;GTD;;GRT Magnus;Lamborghini;
44;4;23;1:47.500;0;;35.259;0;40.398;0;31.843;0;191.9;48:06.559;10:38:06.559;0:35.259;0:40.398;0:31.843;;Andy Lally;;GTD;;GRT Magnus;Lamborghini;
44;4;24;2:00.839;0;B;35.155;0;40.275;1;45.409;0;170.7;50:07.398;10:40:07.398;0:35.155;0:40.275;0:45.409;;Andy Lally;;GTD;;GRT Magnus;Lamborghini;
47;1;1;3:12.575;0;;1:54.436;0;44.163;0;33.976;0;107.1;3:12.575;09:53:12.575;1:54.436;0:44.163;0:33.976;;Brandon Gdovic;0:01:23.324;GTD;;Precision Performance Motorsports;Lamborghini;
47;1;2;1:50.581;0;;36.479;0;41.387;0;32.715;0;186.5;5:03.156;09:55:03.156;0:36.479;0:41.387;0:32.715;;Brandon Gdovic;;GTD;;Precision Performance Motorsports;Lamborghini;
47;1;3;1:48.822;0;;35.739;0;40.747;0;32.336;0;189.5;6:51.978;09:56:51.978;0:35.739;0:40.747;0:32.336;;Brandon Gdovic;;GTD;;Precision Performance Motorsports;Lamborghini;
47;1;4;1:47.852;0;;35.410;0;40.305;2;32.137;0;191.2;8:39.830;09:58:39.830;0:35.410;0:40.305;0:32.137;;Brandon Gdovic;;GTD;;Precision Performance Motorsports;Lamborghini;
47;1;5;1:47.783;0;;35.213;0;40.470;0;32.100;0;191.4;10:27.613;10:00:27.613;0:35.213;0:40.470;0:32.100;;Brandon Gdovic;;GTD;;Precision Performance Motorsports;Lamborghini;
47;1;6;1:47.647;2;;35.072;2;40.588;0;31.987;2;191.6;12:15.260;10:02:15.260;0:35.072;0:40.588;0:31.987;;Brandon Gdovic;;GTD;;Precision Performance Motorsports;Lamborghini;
47;1;7;2:01.251;0;B;35.190;0;40.860;0;45.201;0;170.1;14:16.511;10:04:16.511;0:35.190;0:40.860;0:45.201;;Brandon Gdovic;;GTD;;Precision Performance Motorsports;Lamborghini;
47;4;8;3:22.323;0;;2:07.981;0;41.490;0;32.852;0;101.9;17:38.834;10:07:38.834;2:07.981;0:41.490;0:32.852;;Eric Lux;0:01:54.527;GTD;;Precision Performance Motorsports;Lamborghini;
47;4;9;1:49.308;0;;35.706;1;40.915;0;32.687;0;188.7;19:28.142;10:09:28.142;0:35.706;0:40.915;0:32.687;;Eric Lux;;GTD;;Precision Performance Motorsports;Lamborghini;
47;4;10;1:49.657;0;;36.049;0;40.862;0;32.746;0;188.1;21:17.799;10:11:17.799;0:36.049;0:40.862;0:32.746;;Eric Lux;;GTD;;Precision Performance Motorsports;Lamborghini;
47;4;11;1:49.354;0;;35.881;0;40.907;0;32.566;1;188.6;23:07.153;10:13:07.153;0:35.881;0:40.907;0:32.566;;Eric Lux;;GTD;;Precision Performance Motorsports;Lamborghini;
47;4;12;2:02.553;0;B;36.038;0;40.705;1;45.810;0;168.3;25:09.706;10:15:09.706;0:36.038;0:40.705;0:45.810;;Eric Lux;;GTD;;Precision Performance Motorsports;Lamborghini;
47;2;13;3:05.280;0;;1:49.986;0;41.926;0;33.368;0;111.3;28:14.986;10:18:14.986;1:49.986;0:41.926;0:33.368;;Mark Kvamme;0:01:35.214;GTD;;Precision Performance Motorsports;Lamborghini;
47;2;14;1:50.455;0;;36.668;0;41.179;1;32.608;0;186.7;30:05.441;10:20:05.441;0:36.668;0:41.179;0:32.608;;Mark Kvamme;;GTD;;Precision Performance Motorsports;Lamborghini;
47;2;15;1:51.263;0;;37.290;0;41.288;0;32.685;0;185.4;31:56.704;10:21:56.704;0:37.290;0:41.288;0:32.685;;Mark Kvamme;;GTD;;Precision Performance Motorsports;Lamborghini;
47;2;16;1:50.387;0;;36.522;0;41.313;0;32.552;1;186.8;33:47.091;10:23:47.091;0:36.522;0:41.313;0:32.552;;Mark Kvamme;;GTD;;Precision Performance Motorsports;Lamborghini;
47;2;17;1:50.385;0;;36.461;1;41.314;0;32.610;0;186.8;35:37.476;10:25:37.476;0:36.461;0:41.314;0:32.610;;Mark Kvamme;;GTD;;Precision Performance Motorsports;Lamborghini;
47;2;18;2:51.686;0;B;36.827;0;42.024;0;1:32.835;0;120.1;38:29.162;10:28:29.162;0:36.827;0:42.024;1:32.835;;Mark Kvamme;;GTD;;Precision Performance Motorsports;Lamborghini;
47;3;19;3:57.737;0;;2:43.857;0;41.270;0;32.610;0;86.8;42:26.899;10:32:26.899;2:43.857;0:41.270;0:32.610;;Jonathan Hoggard;0:02:31.779;GTD;;Precision Performance Motorsports;Lamborghini;
47;3;20;1:48.924;0;;35.895;0;40.774;0;32.255;0;189.4;44:15.823;10:34:15.823;0:35.895;0:40.774;0:32.255;;Jonathan Hoggard;;GTD;;Precision Performance Motorsports;Lamborghini;
47;3;21;1:49.129;0;;35.525;0;41.383;0;32.221;0;189.0;46:04.952;10:36:04.952;0:35.525;0:41.383;0:32.221;;Jonathan Hoggard;;GTD;;Precision Performance Motorsports;Lamborghini;
47;3;22;1:48.940;0;;36.002;0;40.844;0;32.094;1;189.3;47:53.892;10:37:53.892;0:36.002;0:40.844;0:32.094;;Jonathan Hoggard;;GTD;;Precision Performance Motorsports;Lamborghini;
47;3;23;2:01.281;0;B;35.432;1;40.662;1;45.187;0;170.1;49:55.173;10:39:55.173;0:35.432;0:40.662;0:45.187;;Jonathan Hoggard;;GTD;;Precision Performance Motorsports;Lamborghini;
48;1;1;3:25.433;0;;2:09.160;0;42.469;0;33.804;0;100.4;3:25.433;09:53:25.433;2:09.160;0:42.469;0:33.804;;Bryan Sellers;0:01:38.939;GTD;;Paul Miller Racing;Lamborghini;
48;1;2;1:49.174;0;;35.747;0;40.581;0;32.846;0;188.9;5:14.607;09:55:14.607;0:35.747;0:40.581;0:32.846;;Bryan Sellers;;GTD;;Paul Miller Racing;Lamborghini;
48;1;3;1:47.693;0;;35.100;0;40.298;0;32.295;0;191.5;7:02.300;09:57:02.300;0:35.100;0:40.298;0:32.295;;Bryan Sellers;;GTD;;Paul Miller Racing;Lamborghini;
48;1;4;1:47.220;0;;34.913;0;40.183;2;32.124;0;192.4;8:49.520;09:58:49.520;0:34.913;0:40.183;0:32.124;;Bryan Sellers;;GTD;;Paul Miller Racing;Lamborghini;
48;1;5;1:47.094;2;;34.759;2;40.187;0;32.148;0;192.6;10:36.614;10:00:36.614;0:34.759;0:40.187;0:32.148;;Bryan Sellers;;GTD;;Paul Miller Racing;Lamborghini;
48;1;6;1:47.232;0;;34.821;0;40.309;0;32.102;2;192.3;12:23.846;10:02:23.846;0:34.821;0:40.309;0:32.102;;Bryan Sellers;;GTD;;Paul Miller Racing;Lamborghini;
48;1;7;2:00.827;0;B;34.879;0;40.871;0;45.077;0;170.7;14:24.673;10:04:24.673;0:34.879;0:40.871;0:45.077;;Bryan Sellers;;GTD;;Paul Miller Racing;Lamborghini;
48;1;8;3:52.306;0;;2:39.526;0;40.586;0;32.194;0;88.8;18:16.979;10:08:16.979;2:39.526;0:40.586;0:32.194;;Bryan Sellers;0:02:27.365;GTD;;Paul Miller Racing;Lamborghini;
48;1;9;1:47.342;0;;34.885;0;40.350;0;32.107;0;192.1;20:04.321;10:10:04.321;0:34.885;0:40.350;0:32.107;;Bryan Sellers;;GTD;;Paul Miller Racing;Lamborghini;
48;1;10;2:00.147;0;B;34.826;0;40.270;0;45.051;0;171.7;22:04.468;10:12:04.468;0:34.826;0:40.270;0:45.051;;Bryan Sellers;;GTD;;Paul Miller Racing;Lamborghini;
48;1;11;4:34.851;0;;3:21.578;0;40.864;0;32.409;0;75.0;26:39.319;10:16:39.319;3:21.578;0:40.864;0:32.409;;Bryan Sellers;0:03:08.580;GTD;;Paul Miller Racing;Lamborghini;
48;1;12;2:01.000;0;B;34.937;0;40.804;0;45.259;0;170.5;28:40.319;10:18:40.319;0:34.937;0:40.804;0:45.259;;Bryan Sellers;;GTD;;Paul Miller Racing;Lamborghini;
48;1;13;5:19.363;0;;4:05.877;0;41.235;0;32.251;0;64.6;33:59.682;10:23:59.682;4:05.877;0:41.235;0:32.251;;Bryan Sellers;0:03:53.286;GTD;;Paul Miller Racing;Lamborghini;
48;1;14;1:47.501;0;;34.951;0;40.442;0;32.108;0;191.9;35:47.183;10:25:47.183;0:34.951;0:40.442;0:32.108;;Bryan Sellers;;GTD;;Paul Miller Racing;Lamborghini;
48;1;15;2:01.379;0;B;34.922;0;40.236;0;46.221;0;169.9;37:48.562;10:27:48.562;0:34.922;0:40.236;0:46.221;;Bryan Sellers;;GTD;;Paul Miller Racing;Lamborghini;
48;1;16;6:19.908;0;;5:06.746;0;40.558;0;32.604;0;54.3;44:08.470;10:34:08.470;5:06.746;0:40.558;0:32.604;;Bryan Sellers;0:04:54.546;GTD;;Paul Miller Racing;Lamborghini;
48;1;17;1:47.448;0;;34.901;0;40.415;0;32.132;0;192.0;45:55.918;10:35:55.918;0:34.901;0:40.415;0:32.132;;Bryan Sellers;;GTD;;Paul Miller Racing;Lamborghini;
48;1;18;2:00.653;0;B;35.023;0;40.580;0;45.050;0;170.9;47:56.571;10:37:56.571;0:35.023;0:40.580;0:45.050;;Bryan Sellers;;GTD;;Paul Miller Racing;Lamborghini;
5;3;1;2:34.424;0;B;1:07.460;0;41.430;0;45.534;0;133.6;2:34.424;09:52:34.424;1:07.460;0:41.430;0:45.534;;Loic Duval;0:00:38.627;DPi;;Mustang Sampling Racing / JDC-Miller MotorSports;Cadillac;
5;3;2;3:16.070;0;B;1:50.135;0;39.711;0;46.224;0;105.2;5:50.494;09:55:50.494;1:50.135;0:39.711;0:46.224;;Loic Duval;0:01:33.891;DPi;;Mustang Sampling Racing / JDC-Miller MotorSports;Cadillac;
5;2;3;3:30.065;0;B;2:03.619;0;41.424;0;45.022;0;98.2;9:20.559;09:59:20.559;2:03.619;0:41.424;0:45.022;;Sebastien Bourdais;0:01:46.335;DPi;;Mustang Sampling Racing / JDC-Miller MotorSports;Cadillac;
5;3;4;3:03.333;0;B;1:40.537;0;38.998;1;43.798;0;112.5;12:23.892;10:02:23.892;1:40.537;0:38.998;0:43.798;;Loic Duval;0:01:24.985;DPi;;Mustang Sampling Racing / JDC-Miller MotorSports;Cadillac;
5;1;5;2:44.274;0;;1:37.437;0;38.023;0;28.814;0;125.6;15:08.166;10:05:08.166;1:37.437;0:38.023;0:28.814;;Joao Barbosa;0:01:22.745;DPi;;Mustang Sampling Racing / JDC-Miller MotorSports;Cadillac;
5;1;6;1:36.449;0;;31.832;0;36.445;1;28.172;0;213.8;16:44.615;10:06:44.615;0:31.832;0:36.445;0:28.172;;Joao Barbosa;;DPi;;Mustang Sampling Racing / JDC-Miller MotorSports;Cadillac;
5;1;7;1:37.513;0;;31.796;0;36.527;0;29.190;0;211.5;18:22.128;10:08:22.128;0:31.796;0:36.527;0:29.190;;Joao Barbosa;;DPi;;Mustang Sampling Racing / JDC-Miller MotorSports;Cadillac;
5;1;8;1:36.128;0;;31.454;2;36.515;0;28.159;1;214.6;19:58.256;10:09:58.256;0:31.454;0:36.515;0:28.159;;Joao Barbosa;;DPi;;Mustang Sampling Racing / JDC-Miller MotorSports;Cadillac;
5;1;9;1:54.266;0;B;31.821;0;36.453;0;45.992;0;180.5;21:52.522;10:11:52.522;0:31.821;0:36.453;0:45.992;;Joao Barbosa;;DPi;;Mustang Sampling Racing / JDC-Miller MotorSports;Cadillac;
5;2;10;2:51.286;0;;1:38.899;0;43.073;0;29.314;0;120.4;24:43.808;10:14:43.808;1:38.899;0:43.073;0:29.314;;Sebastien Bourdais;0:01:25.055;DPi;;Mustang Sampling Racing / JDC-Miller MotorSports;Cadillac;
5;2;11;1:36.814;0;;31.867;0;36.503;0;28.444;0;213.0;26:20.622;10:16:20.622;0:31.867;0:36.503;0:28.444;;Sebastien Bourdais;;DPi;;Mustang Sampling Racing / JDC-Miller MotorSports;Cadillac;
5;2;12;1:36.918;0;;31.859;0;36.594;0;28.465;0;212.8;27:57.540;10:17:57.540;0:31.859;0:36.594;0:28.465;;Sebastien Bourdais;;DPi;;Mustang Sampling Racing / JDC-Miller MotorSports;Cadillac;
5;2;13;1:36.031;2;;31.600;0;36.430;2;28.001;2;214.8;29:33.571;10:19:33.571;0:31.600;0:36.430;0:28.001;;Sebastien Bourdais;;DPi;;Mustang Sampling Racing / JDC-Miller MotorSports;Cadillac;
5;2;14;1:50.047;0;B;31.737;0;36.443;0;41.867;0;187.4;31:23.618;10:21:23.618;0:31.737;0:36.443;0:41.867;;Sebastien Bourdais;;DPi;;Mustang Sampling Racing / JDC-Miller MotorSports;Cadillac;
5;2;15;11:45.255;0;;10:32.554;0;43.564;0;29.137;0;29.2;43:08.873;10:33:08.873;10:32.554;0:43.564;0:29.137;;Sebastien Bourdais;0:10:18.126;DPi;;Mustang Sampling Racing / JDC-Miller MotorSports;Cadillac;
5;2;16;1:36.752;0;;31.582;0;36.563;0;28.607;0;213.2;44:45.625;10:34:45.625;0:31.582;0:36.563;0:28.607;;Sebastien Bourdais;;DPi;;Mustang Sampling Racing / JDC-Miller MotorSports;Cadillac;
5;2;17;1:36.655;0;;31.562;1;36.496;0;28.597;0;213.4;46:22.280;10:36:22.280;0:31.562;0:36.496;0:28.597;;Sebastien Bourdais;;DPi;;Mustang Sampling Racing / JDC-Miller MotorSports;Cadillac;
5;2;18;1:39.953;0;;32.384;0;38.926;0;28.643;0;206.4;48:02.233;10:38:02.233;0:32.384;0:38.926;0:28.643;;Sebastien Bourdais;;DPi;;Mustang Sampling Racing / JDC-Miller MotorSports;Cadillac;
5;2;19;1:51.846;0;B;31.746;0;37.022;0;43.078;0;184.4;49:54.079;10:39:54.079;0:31.746;0:37.022;0:43.078;;Sebastien Bourdais;;DPi;;Mustang Sampling Racing / JDC-Miller MotorSports;Cadillac;
52;2;1;2:53.482;0;;1:36.709;0;45.165;0;31.608;0;118.9;2:53.482;09:52:53.482;1:36.709;0:45.165;0:31.608;;Gabriel Aubry;0:01:04.456;LMP2;;PR1 Mathiasen Motorsports;ORECA;
52;2;2;1:46.156;0;;36.478;0;39.744;0;29.934;0;194.3;4:39.638;09:54:39.638;0:36.478;0:39.744;0:29.934;;Gabriel Aubry;;LMP2;;PR1 Mathiasen Motorsports;ORECA;
52;2;3;1:42.574;0;;34.739;0;38.453;0;29.382;0;201.1;6:22.212;09:56:22.212;0:34.739;0:38.453;0:29.382;;Gabriel Aubry;;LMP2;;PR1 Mathiasen Motorsports;ORECA;
52;2;4;1:41.134;0;;34.035;0;37.959;0;29.140;0;203.9;8:03.346;09:58:03.346;0:34.035;0:37.959;0:29.140;;Gabriel Aubry;;LMP2;;PR1 Mathiasen Motorsports;ORECA;
52;2;5;1:40.243;0;;32.338;0;37.571;0;30.334;0;205.8;9:43.589;09:59:43.589;0:32.338;0:37.571;0:30.334;;Gabriel Aubry;;LMP2;;PR1 Mathiasen Motorsports;ORECA;
52;2;6;1:39.683;0;;33.127;0;37.617;0;28.939;0;206.9;11:23.272;10:01:23.272;0:33.127;0:37.617;0:28.939;;Gabriel Aubry;;LMP2;;PR1 Mathiasen Motorsports;ORECA;
52;2;7;1:39.613;0;;32.514;0;36.949;0;30.150;0;207.1;13:02.885;10:03:02.885;0:32.514;0:36.949;0:30.150;;Gabriel Aubry;;LMP2;;PR1 Mathiasen Motorsports;ORECA;
52;2;8;1:37.370;0;;31.963;0;36.914;2;28.493;2;211.8;14:40.255;10:04:40.255;0:31.963;0:36.914;0:28.493;;Gabriel Aubry;;LMP2;;PR1 Mathiasen Motorsports;ORECA;
52;2;9;1:37.249;2;;31.824;2;36.916;0;28.509;0;212.1;16:17.504;10:06:17.504;0:31.824;0:36.916;0:28.509;;Gabriel Aubry;;LMP2;;PR1 Mathiasen Motorsports;ORECA;
52;2;10;4:13.076;0;B;32.153;0;37.364;0;3:03.559;0;81.5;20:30.580;10:10:30.580;0:32.153;0:37.364;3:03.559;;Gabriel Aubry;;LMP2;;PR1 Mathiasen Motorsports;ORECA;
52;4;11;2:12.656;0;;1:01.762;0;40.769;0;30.125;0;155.5;22:43.236;10:12:43.236;1:01.762;0:40.769;0:30.125;;Simon Trummer;0:03:07.661;LMP2;;PR1 Mathiasen Motorsports;ORECA;
52;4;12;1:38.552;0;;32.327;0;37.222;1;29.003;0;209.3;24:21.788;10:14:21.788;0:32.327;0:37.222;0:29.003;;Simon Trummer;;LMP2;;PR1 Mathiasen Motorsports;ORECA;
52;4;13;1:39.524;0;;32.547;0;37.348;0;29.629;0;207.2;26:01.312;10:16:01.312;0:32.547;0:37.348;0:29.629;;Simon Trummer;;LMP2;;PR1 Mathiasen Motorsports;ORECA;
52;4;14;1:39.612;0;;32.792;0;37.860;0;28.960;0;207.1;27:40.924;10:17:40.924;0:32.792;0:37.860;0:28.960;;Simon Trummer;;LMP2;;PR1 Mathiasen Motorsports;ORECA;
52;4;15;1:38.482;0;;32.326;1;37.311;0;28.845;0;209.4;29:19.406;10:19:19.406;0:32.326;0:37.311;0:28.845;;Simon Trummer;;LMP2;;PR1 Mathiasen Motorsports;ORECA;
52;4;16;6:51.737;0;B;32.340;0;37.449;0;5:41.948;0;50.1;36:11.143;10:26:11.143;0:32.340;0:37.449;5:41.948;;Simon Trummer;;LMP2;;PR1 Mathiasen Motorsports;ORECA;
52;4;17;4:21.783;0;B;57.342;0;40.120;0;2:44.321;0;78.8;40:32.926;10:30:32.926;0:57.342;0:40.120;2:44.321;;Simon Trummer;0:05:43.455;LMP2;;PR1 Mathiasen Motorsports;ORECA;
52;4;18;2:06.305;0;;58.533;0;38.020;0;29.752;0;163.3;42:39.231;10:32:39.231;0:58.533;0:38.020;0:29.752;;Simon Trummer;0:02:37.226;LMP2;;PR1 Mathiasen Motorsports;ORECA;
52;4;19;1:38.729;0;;32.434;0;37.531;0;28.764;1;208.9;44:17.960;10:34:17.960;0:32.434;0:37.531;0:28.764;;Simon Trummer;;LMP2;;PR1 Mathiasen Motorsports;ORECA;
52;4;20;1:39.619;0;;32.537;0;37.884;0;29.198;0;207.0;45:57.579;10:35:57.579;0:32.537;0:37.884;0:29.198;;Simon Trummer;;LMP2;;PR1 Mathiasen Motorsports;ORECA;
52;4;21;1:38.885;0;;32.490;0;37.420;0;28.975;0;208.6;47:36.464;10:37:36.464;0:32.490;0:37.420;0:28.975;;Simon Trummer;;LMP2;;PR1 Mathiasen Motorsports;ORECA;
52;4;22;1:40.655;0;;32.411;0;37.461;0;30.783;0;204.9;49:17.119;10:39:17.119;0:32.411;0:37.461;0:30.783;;Simon Trummer;;LMP2;;PR1 Mathiasen Motorsports;ORECA;
54;2;1;2:52.149;0;B;1:20.630;0;43.870;0;47.649;0;119.8;2:52.149;09:52:52.149;1:20.630;0:43.870;0:47.649;;Jeroen Bleekemolen;0:00:49.277;GTD;;BLACK SWAN RACING;Porsche;
54;2;2;4:21.574;0;;3:07.528;0;41.337;0;32.709;0;78.9;7:13.723;09:57:13.723;3:07.528;0:41.337;0:32.709;;Jeroen Bleekemolen;0:02:53.003;GTD;;BLACK SWAN RACING;Porsche;
54;2;3;1:47.324;0;;35.260;0;40.090;0;31.974;0;192.2;9:01.047;09:59:01.047;0:35.260;0:40.090;0:31.974;;Jeroen Bleekemolen;;GTD;;BLACK SWAN RACING;Porsche;
54;2;4;1:46.467;2;;34.784;2;39.937;2;31.746;2;193.7;10:47.514;10:00:47.514;0:34.784;0:39.937;0:31.746;;Jeroen Bleekemolen;;GTD;;BLACK SWAN RACING;Porsche;
54;2;5;1:48.369;0;;36.009;0;40.505;0;31.855;0;190.3;12:35.883;10:02:35.883;0:36.009;0:40.505;0:31.855;;Jeroen Bleekemolen;;GTD;;BLACK SWAN RACING;Porsche;
54;2;6;1:47.962;0;;35.303;0;40.708;0;31.951;0;191.0;14:23.845;10:04:23.845;0:35.303;0:40.708;0:31.951;;Jeroen Bleekemolen;;GTD;;BLACK SWAN RACING;Porsche;
54;2;7;1:59.785;0;B;34.801;0;40.121;0;44.863;0;172.2;16:23.630;10:06:23.630;0:34.801;0:40.121;0:44.863;;Jeroen Bleekemolen;;GTD;;BLACK SWAN RACING;Porsche;
54;1;8;6:51.446;0;;5:36.672;0;41.824;0;32.950;0;50.1;23:15.076;10:13:15.076;5:36.672;0:41.824;0:32.950;;Tim Pappas;0:05:21.700;GTD;;BLACK SWAN RACING;Porsche;
54;1;9;1:51.199;0;;37.646;0;41.080;0;32.473;0;185.5;25:06.275;10:15:06.275;0:37.646;0:41.080;0:32.473;;Tim Pappas;;GTD;;BLACK SWAN RACING;Porsche;
54;1;10;1:49.824;0;;36.697;0;40.963;0;32.164;0;187.8;26:56.099;10:16:56.099;0:36.697;0:40.963;0:32.164;;Tim Pappas;;GTD;;BLACK SWAN RACING;Porsche;
54;1;11;1:48.780;0;;35.707;0;40.742;0;32.331;0;189.6;28:44.879;10:18:44.879;0:35.707;0:40.742;0:32.331;;Tim Pappas;;GTD;;BLACK SWAN RACING;Porsche;
54;1;12;1:48.889;0;;35.761;0;40.745;0;32.383;0;189.4;30:33.768;10:20:33.768;0:35.761;0:40.745;0:32.383;;Tim Pappas;;GTD;;BLACK SWAN RACING;Porsche;
54;1;13;1:48.610;0;;35.598;0;40.767;0;32.245;0;189.9;32:22.378;10:22:22.378;0:35.598;0:40.767;0:32.245;;Tim Pappas;;GTD;;BLACK SWAN RACING;Porsche;
54;1;14;1:48.770;0;;35.922;0;40.723;0;32.125;1;189.6;34:11.148;10:24:11.148;0:35.922;0:40.723;0:32.125;;Tim Pappas;;GTD;;BLACK SWAN RACING;Porsche;
54;1;15;1:49.075;0;;35.982;0;40.781;0;32.312;0;189.1;36:00.223;10:26:00.223;0:35.982;0:40.781;0:32.312;;Tim Pappas;;GTD;;BLACK SWAN RACING;Porsche;
54;1;16;2:18.402;0;B;35.980;0;40.984;0;1:01.438;0;149.0;38:18.625;10:28:18.625;0:35.980;0:40.984;1:01.438;;Tim Pappas;;GTD;;BLACK SWAN RACING;Porsche;
54;1;17;4:38.967;0;;3:24.839;0;41.463;0;32.665;0;73.9;42:57.592;10:32:57.592;3:24.839;0:41.463;0:32.665;;Tim Pappas;0:03:11.544;GTD;;BLACK SWAN RACING;Porsche;
54;1;18;1:48.759;0;;35.554;0;40.874;0;32.331;0;189.6;44:46.351;10:34:46.351;0:35.554;0:40.874;0:32.331;;Tim Pappas;;GTD;;BLACK SWAN RACING;Porsche;
54;1;19;1:48.963;0;;35.554;0;40.674;1;32.735;0;189.3;46:35.314;10:36:35.314;0:35.554;0:40.674;0:32.735;;Tim Pappas;;GTD;;BLACK SWAN RACING;Porsche;
54;1;20;1:53.912;0;;35.527;1;41.401;0;36.984;0;181.1;48:29.226;10:38:29.226;0:35.527;0:41.401;0:36.984;;Tim Pappas;;GTD;;BLACK SWAN RACING;Porsche;
54;1;21;2:10.042;0;B;36.972;0;45.213;0;47.857;0;158.6;50:39.268;10:40:39.268;0:36.972;0:45.213;0:47.857;;Tim Pappas;;GTD;;BLACK SWAN RACING;Porsche;
55;2;1;8:39.630;0;B;3:47.447;0;40.534;0;4:11.649;0;39.7;8:39.630;09:58:39.630;3:47.447;0:40.534;4:11.649;;Harry Tincknell;0:03:18.820;DPi;;Mazda Team Joest;Mazda;
55;2;2;2:07.985;0;;59.751;0;38.673;0;29.561;0;161.2;10:47.615;10:00:47.615;0:59.751;0:38.673;0:29.561;;Harry Tincknell;0:04:12.329;DPi;;Mazda Team Joest;Mazda;
55;2;3;1:41.381;0;;34.654;0;37.728;0;28.999;0;203.4;12:28.996;10:02:28.996;0:34.654;0:37.728;0:28.999;;Harry Tincknell;;DPi;;Mazda Team Joest;Mazda;
55;2;4;1:41.038;0;;34.389;0;37.523;0;29.126;0;204.1;14:10.034;10:04:10.034;0:34.389;0:37.523;0:29.126;;Harry Tincknell;;DPi;;Mazda Team Joest;Mazda;
55;2;5;1:38.708;0;;32.786;0;37.320;0;28.602;0;209.0;15:48.742;10:05:48.742;0:32.786;0:37.320;0:28.602;;Harry Tincknell;;DPi;;Mazda Team Joest;Mazda;
55;2;6;1:39.978;0;;34.504;0;36.898;0;28.576;0;206.3;17:28.720;10:07:28.720;0:34.504;0:36.898;0:28.576;;Harry Tincknell;;DPi;;Mazda Team Joest;Mazda;
55;2;7;1:37.152;2;;32.187;2;36.651;2;28.314;2;212.3;19:05.872;10:09:05.872;0:32.187;0:36.651;0:28.314;;Harry Tincknell;;DPi;;Mazda Team Joest;Mazda;
55;2;8;12:37.994;0;B;33.043;0;38.226;0;11:26.725;0;27.2;31:43.866;10:21:43.866;0:33.043;0:38.226;11:26.725;;Harry Tincknell;;DPi;;Mazda Team Joest;Mazda;
55;1;9;5:03.476;0;B;1:01.636;0;39.290;0;3:22.550;0;68.0;36:47.342;10:26:47.342;1:01.636;0:39.290;3:22.550;;Jonathan Bomarito;0:11:29.170;DPi;;Mazda Team Joest;Mazda;
55;3;10;5:07.256;0;B;1:02.125;0;42.375;0;3:22.756;0;67.1;41:54.598;10:31:54.598;1:02.125;0:42.375;3:22.756;;Ryan Hunter-Reay;0:03:23.162;DPi;;Mazda Team Joest;Mazda;
55;1;11;3:17.192;0;B;59.065;0;39.192;1;1:38.935;0;104.6;45:11.790;10:35:11.790;0:59.065;0:39.192;1:38.935;;Jonathan Bomarito;0:03:22.535;DPi;;Mazda Team Joest;Mazda;
55;3;12;2:56.805;0;B;59.729;0;40.334;1;1:16.742;0;116.7;48:08.595;10:38:08.595;0:59.729;0:40.334;1:16.742;;Ryan Hunter-Reay;0:01:40.278;DPi;;Mazda Team Joest;Mazda;
57;1;1;13:34.750;0;B;11:27.245;0;42.599;0;1:24.906;0;25.3;13:34.750;10:03:34.750;11:27.245;0:42.599;1:24.906;;Alvaro Parente;0:10:57.662;GTD;;Heinricher Racing w/MSR Curb-Agajanian;Acura;
57;4;2;3:44.272;0;B;1:04.988;0;46.256;0;1:53.028;0;92.0;17:19.022;10:07:19.022;1:04.988;0:46.256;1:53.028;;AJ Allmendinger;0:01:24.574;GTD;;Heinricher Racing w/MSR Curb-Agajanian;Acura;
57;2;3;2:57.808;0;B;1:00.700;0;42.039;0;1:15.069;0;116.0;20:16.830;10:10:16.830;1:00.700;0:42.039;1:15.069;;Misha Goikhberg;0:01:49.667;GTD;;Heinricher Racing w/MSR Curb-Agajanian;Acura;
57;3;4;3:11.876;0;B;1:01.805;0;43.785;0;1:26.286;0;107.5;23:28.706;10:13:28.706;1:01.805;0:43.785;1:26.286;;Trent Hindman;0:01:15.215;GTD;;Heinricher Racing w/MSR Curb-Agajanian;Acura;
57;1;5;3:19.267;0;B;59.462;0;41.000;2;1:38.805;0;103.5;26:47.973;10:16:47.973;0:59.462;0:41.000;1:38.805;;Alvaro Parente;0:01:26.307;GTD;;Heinricher Racing w/MSR Curb-Agajanian;Acura;
57;4;6;3:55.126;0;B;1:05.689;0;45.386;1;2:04.051;0;87.7;30:43.099;10:20:43.099;1:05.689;0:45.386;2:04.051;;AJ Allmendinger;0:01:39.830;GTD;;Heinricher Racing w/MSR Curb-Agajanian;Acura;
57;2;7;3:03.702;0;B;59.279;0;41.624;1;1:22.799;0;112.3;33:46.801;10:23:46.801;0:59.279;0:41.624;1:22.799;;Misha Goikhberg;0:02:02.377;GTD;;Heinricher Racing w/MSR Curb-Agajanian;Acura;
6;1;1;5:57.173;0;;4:48.631;0;39.318;0;29.224;0;57.7;5:57.173;09:55:57.173;4:48.631;0:39.318;0:29.224;;Dane Cameron;0:04:19.869;DPi;;ACURA TEAM PENSKE;Acura;
6;1;2;1:38.779;0;;32.509;0;37.294;0;28.976;0;208.8;7:35.952;09:57:35.952;0:32.509;0:37.294;0:28.976;;Dane Cameron;;DPi;;ACURA TEAM PENSKE;Acura;
6;1;3;1:37.276;2;;32.108;2;36.828;2;28.340;0;212.0;9:13.228;09:59:13.228;0:32.108;0:36.828;0:28.340;;Dane Cameron;;DPi;;ACURA TEAM PENSKE;Acura;
6;1;4;1:38.150;0;;32.638;0;37.043;0;28.469;0;210.1;10:51.378;10:00:51.378;0:32.638;0:37.043;0:28.469;;Dane Cameron;;DPi;;ACURA TEAM PENSKE;Acura;
6;1;5;1:38.252;0;;32.416;0;37.610;0;28.226;2;209.9;12:29.630;10:02:29.630;0:32.416;0:37.610;0:28.226;;Dane Cameron;;DPi;;ACURA TEAM PENSKE;Acura;
6;1;6;5:52.075;0;B;33.404;0;39.274;0;4:39.397;0;58.6;18:21.705;10:08:21.705;0:33.404;0:39.274;4:39.397;;Dane Cameron;;DPi;;ACURA TEAM PENSKE;Acura;
6;3;7;2:56.551;0;B;58.575;0;38.389;0;1:19.587;0;116.8;21:18.256;10:11:18.256;0:58.575;0:38.389;1:19.587;;Simon Pagenaud;0:04:41.173;DPi;;ACURA TEAM PENSKE;Acura;
6;3;8;2:51.823;0;B;57.787;0;38.494;0;1:15.542;0;120.0;24:10.079;10:14:10.079;0:57.787;0:38.494;1:15.542;;Simon Pagenaud;0:01:21.474;DPi;;ACURA TEAM PENSKE;Acura;
6;3;9;19:15.993;0;B;59.918;0;37.786;1;17:38.289;0;17.8;43:26.072;10:33:26.072;0:59.918;0:37.786;17:38.289;;Simon Pagenaud;0:01:17.125;DPi;;ACURA TEAM PENSKE;Acura;
6;1;10;2:46.127;0;B;1:00.712;0;38.614;0;1:06.801;0;124.2;46:12.199;10:36:12.199;1:00.712;0:38.614;1:06.801;;Dane Cameron;0:17:40.124;DPi;;ACURA TEAM PENSKE;Acura;
6;2;11;2:56.417;0;B;55.730;0;46.325;1;1:14.362;0;116.9;49:08.616;10:39:08.616;0:55.730;0:46.325;1:14.362;;Juan Pablo Montoya;0:01:08.938;DPi;;ACURA TEAM PENSKE;Acura;
62;4;1;2:36.276;0;;1:19.087;0;43.751;0;33.438;0;132.0;2:36.276;09:52:36.276;1:19.087;0:43.751;0:33.438;;Davide Rigon;0:00:47.741;GTLM;;Risi Competizione;Ferrari;
62;4;2;1:48.404;0;;36.557;0;40.187;0;31.660;0;190.3;4:24.680;09:54:24.680;0:36.557;0:40.187;0:31.660;;Davide Rigon;;GTLM;;Risi Competizione;Ferrari;
62;4;3;1:45.546;0;;34.832;0;39.559;0;31.155;0;195.4;6:10.226;09:56:10.226;0:34.832;0:39.559;0:31.155;;Davide Rigon;;GTLM;;Risi Competizione;Ferrari;
62;4;4;1:45.406;0;;34.662;0;39.567;0;31.177;0;195.7;7:55.632;09:57:55.632;0:34.662;0:39.567;0:31.177;;Davide Rigon;;GTLM;;Risi Competizione;Ferrari;
62;4;5;1:45.464;0;;34.499;0;39.503;0;31.462;0;195.6;9:41.096;09:59:41.096;0:34.499;0:39.503;0:31.462;;Davide Rigon;;GTLM;;Risi Competizione;Ferrari;
62;4;6;1:46.561;0;;35.613;0;39.866;0;31.082;0;193.6;11:27.657;10:01:27.657;0:35.613;0:39.866;0:31.082;;Davide Rigon;;GTLM;;Risi Competizione;Ferrari;
62;4;7;1:45.154;0;;34.384;1;39.639;0;31.131;0;196.1;13:12.811;10:03:12.811;0:34.384;0:39.639;0:31.131;;Davide Rigon;;GTLM;;Risi Competizione;Ferrari;
62;4;8;1:59.830;0;B;34.882;0;39.638;0;45.310;0;172.1;15:12.641;10:05:12.641;0:34.882;0:39.638;0:45.310;;Davide Rigon;;GTLM;;Risi Competizione;Ferrari;
62;4;9;3:49.745;0;;2:38.221;0;39.896;0;31.628;0;89.8;19:02.386;10:09:02.386;2:38.221;0:39.896;0:31.628;;Davide Rigon;0:02:24.182;GTLM;;Risi Competizione;Ferrari;
62;4;10;1:45.507;0;;34.798;0;39.503;0;31.206;0;195.5;20:47.893;10:10:47.893;0:34.798;0:39.503;0:31.206;;Davide Rigon;;GTLM;;Risi Competizione;Ferrari;
62;4;11;1:45.170;0;;34.510;0;39.515;0;31.145;0;196.1;22:33.063;10:12:33.063;0:34.510;0:39.515;0:31.145;;Davide Rigon;;GTLM;;Risi Competizione;Ferrari;
62;4;12;1:44.803;2;;34.452;0;39.393;1;30.958;2;196.8;24:17.866;10:14:17.866;0:34.452;0:39.393;0:30.958;;Davide Rigon;;GTLM;;Risi Competizione;Ferrari;
62;4;13;1:59.669;0;B;34.741;0;39.462;0;45.466;0;172.4;26:17.535;10:16:17.535;0:34.741;0:39.462;0:45.466;;Davide Rigon;;GTLM;;Risi Competizione;Ferrari;
62;3;14;5:50.273;0;;4:33.440;0;43.305;0;33.528;0;58.9;32:07.808;10:22:07.808;4:33.440;0:43.305;0:33.528;;Daniel Serra;0:04:14.674;GTLM;;Risi Competizione;Ferrari;
62;3;15;1:50.920;0;;36.900;0;41.222;0;32.798;0;185.9;33:58.728;10:23:58.728;0:36.900;0:41.222;0:32.798;;Daniel Serra;;GTLM;;Risi Competizione;Ferrari;
62;3;16;1:46.205;0;;34.929;0;39.979;0;31.297;0;194.2;35:44.933;10:25:44.933;0:34.929;0:39.979;0:31.297;;Daniel Serra;;GTLM;;Risi Competizione;Ferrari;
62;3;17;1:49.510;0;;34.258;2;39.305;2;35.947;0;188.3;37:34.443;10:27:34.443;0:34.258;0:39.305;0:35.947;;Daniel Serra;;GTLM;;Risi Competizione;Ferrari;
62;3;18;1:59.129;0;B;34.327;0;39.356;0;45.446;0;173.1;39:33.572;10:29:33.572;0:34.327;0:39.356;0:45.446;;Daniel Serra;;GTLM;;Risi Competizione;Ferrari;
62;3;19;2:39.544;0;;1:25.868;0;41.481;0;32.195;0;129.3;42:13.116;10:32:13.116;1:25.868;0:41.481;0:32.195;;Daniel Serra;0:01:13.902;GTLM;;Risi Competizione;Ferrari;
62;3;20;1:45.696;0;;34.462;0;39.622;0;31.612;0;195.1;43:58.812;10:33:58.812;0:34.462;0:39.622;0:31.612;;Daniel Serra;;GTLM;;Risi Competizione;Ferrari;
62;3;21;1:44.941;0;;34.285;0;39.454;0;31.202;1;196.5;45:43.753;10:35:43.753;0:34.285;0:39.454;0:31.202;;Daniel Serra;;GTLM;;Risi Competizione;Ferrari;
62;3;22;1:47.458;0;;35.100;0;40.228;0;32.130;0;191.9;47:31.211;10:37:31.211;0:35.100;0:40.228;0:32.130;;Daniel Serra;;GTLM;;Risi Competizione;Ferrari;
62;3;23;1:59.506;0;B;34.344;0;40.252;0;44.910;0;172.6;49:30.717;10:39:30.717;0:34.344;0:40.252;0:44.910;;Daniel Serra;;GTLM;;Risi Competizione;Ferrari;
63;2;1;2:43.521;0;B;1:13.366;0;43.073;0;47.082;0;126.1;2:43.521;09:52:43.521;1:13.366;0:43.073;0:47.082;;Toni Vilander;0:00:43.087;GTD;;Scuderia Corsa;Ferrari;
63;2;2;2:20.735;0;;1:08.050;0;40.764;0;31.921;0;146.6;5:04.256;09:55:04.256;1:08.050;0:40.764;0:31.921;;Toni Vilander;0:00:55.240;GTD;;Scuderia Corsa;Ferrari;
63;2;3;1:52.833;0;;35.254;0;44.731;0;32.848;0;182.8;6:57.089;09:56:57.089;0:35.254;0:44.731;0:32.848;;Toni Vilander;;GTD;;Scuderia Corsa;Ferrari;
63;2;4;1:46.717;0;;34.636;2;40.068;0;32.013;0;193.3;8:43.806;09:58:43.806;0:34.636;0:40.068;0:32.013;;Toni Vilander;;GTD;;Scuderia Corsa;Ferrari;
63;2;5;2:00.324;0;B;34.779;0;40.097;0;45.448;0;171.4;10:44.130;10:00:44.130;0:34.779;0:40.097;0:45.448;;Toni Vilander;;GTD;;Scuderia Corsa;Ferrari;
63;2;6;3:33.971;0;;2:21.668;0;40.411;0;31.892;0;96.4;14:18.101;10:04:18.101;2:21.668;0:40.411;0:31.892;;Toni Vilander;0:02:07.110;GTD;;Scuderia Corsa;Ferrari;
63;2;7;1:47.388;0;;35.229;0;40.476;0;31.683;0;192.1;16:05.489;10:06:05.489;0:35.229;0:40.476;0:31.683;;Toni Vilander;;GTD;;Scuderia Corsa;Ferrari;
63;2;8;1:46.430;2;;34.802;0;40.055;1;31.573;2;193.8;17:51.919;10:07:51.919;0:34.802;0:40.055;0:31.573;;Toni Vilander;;GTD;;Scuderia Corsa;Ferrari;
63;2;9;1:47.199;0;;34.967;0;40.131;0;32.101;0;192.4;19:39.118;10:09:39.118;0:34.967;0:40.131;0:32.101;;Toni Vilander;;GTD;;Scuderia Corsa;Ferrari;
63;2;10;2:00.237;0;B;35.002;0;40.219;0;45.016;0;171.5;21:39.355;10:11:39.355;0:35.002;0:40.219;0:45.016;;Toni Vilander;;GTD;;Scuderia Corsa;Ferrari;
63;4;11;3:56.900;0;;2:44.418;0;40.342;0;32.140;0;87.1;25:36.255;10:15:36.255;2:44.418;0:40.342;0:32.140;;Alessandro Balzan;0:02:31.712;GTD;;Scuderia Corsa;Ferrari;
63;4;12;1:47.113;0;;35.064;0;40.273;0;31.776;0;192.6;27:23.368;10:17:23.368;0:35.064;0:40.273;0:31.776;;Alessandro Balzan;;GTD;;Scuderia Corsa;Ferrari;
63;4;13;1:46.591;0;;34.935;0;40.046;2;31.610;1;193.5;29:09.959;10:19:09.959;0:34.935;0:40.046;0:31.610;;Alessandro Balzan;;GTD;;Scuderia Corsa;Ferrari;
63;4;14;2:01.567;0;B;35.009;0;41.038;0;45.520;0;169.7;31:11.526;10:21:11.526;0:35.009;0:41.038;0:45.520;;Alessandro Balzan;;GTD;;Scuderia Corsa;Ferrari;
63;4;15;5:40.821;0;;4:28.506;0;40.370;0;31.945;0;60.5;36:52.347;10:26:52.347;4:28.506;0:40.370;0:31.945;;Alessandro Balzan;0:04:15.963;GTD;;Scuderia Corsa;Ferrari;
63;4;16;2:08.691;0;B;34.920;1;41.612;0;52.159;0;160.3;39:01.038;10:29:01.038;0:34.920;0:41.612;0:52.159;;Alessandro Balzan;;GTD;;Scuderia Corsa;Ferrari;
63;2;17;3:29.421;0;;2:15.828;0;41.685;0;31.908;0;98.5;42:30.459;10:32:30.459;2:15.828;0:41.685;0:31.908;;Toni Vilander;0:02:02.791;GTD;;Scuderia Corsa;Ferrari;
63;2;18;1:47.275;0;;35.174;0;40.290;0;31.811;0;192.3;44:17.734;10:34:17.734;0:35.174;0:40.290;0:31.811;;Toni Vilander;;GTD;;Scuderia Corsa;Ferrari;
63;2;19;1:47.327;0;;35.252;0;40.224;0;31.851;0;192.2;46:05.061;10:36:05.061;0:35.252;0:40.224;0:31.851;;Toni Vilander;;GTD;;Scuderia Corsa;Ferrari;
63;2;20;1:47.118;0;;35.182;0;40.248;0;31.688;0;192.5;47:52.179;10:37:52.179;0:35.182;0:40.248;0:31.688;;Toni Vilander;;GTD;;Scuderia Corsa;Ferrari;
63;2;21;1:47.166;0;;35.113;0;40.256;0;31.797;0;192.5;49:39.345;10:39:39.345;0:35.113;0:40.256;0:31.797;;Toni Vilander;;GTD;;Scuderia Corsa;Ferrari;
63;2;22;2:25.073;0;B;41.331;0;54.468;0;49.274;0;142.2;52:04.418;10:42:04.418;0:41.331;0:54.468;0:49.274;;Toni Vilander;;GTD;;Scuderia Corsa;Ferrari;
7;3;1;3:19.645;0;B;1:23.735;0;41.557;1;1:14.353;0;103.3;3:19.645;09:53:19.645;1:23.735;0:41.557;1:14.353;;Ricky Taylor;0:00:50.660;DPi;;ACURA TEAM PENSKE;Acura;
7;1;2;2:53.449;0;B;1:02.101;0;41.514;0;1:09.834;0;118.9;6:13.094;09:56:13.094;1:02.101;0:41.514;1:09.834;;Helio Castroneves;0:01:11.800;DPi;;ACURA TEAM PENSKE;Acura;
7;2;3;2:48.191;0;B;1:00.203;0;39.818;0;1:08.170;0;122.6;9:01.285;09:59:01.285;1:00.203;0:39.818;1:08.170;;Alexander Rossi;0:01:08.735;DPi;;ACURA TEAM PENSKE;Acura;
7;1;4;2:04.604;0;;57.812;0;38.025;0;28.767;0;165.5;11:05.889;10:01:05.889;0:57.812;0:38.025;0:28.767;;Helio Castroneves;0:01:08.910;DPi;;ACURA TEAM PENSKE;Acura;
7;1;5;1:37.286;0;;32.233;0;36.503;0;28.550;0;212.0;12:43.175;10:02:43.175;0:32.233;0:36.503;0:28.550;;Helio Castroneves;;DPi;;ACURA TEAM PENSKE;Acura;
7;1;6;1:36.786;0;;31.884;0;36.458;0;28.444;0;213.1;14:19.961;10:04:19.961;0:31.884;0:36.458;0:28.444;;Helio Castroneves;;DPi;;ACURA TEAM PENSKE;Acura;
7;1;7;1:37.130;0;;31.762;0;36.421;0;28.947;0;212.3;15:57.091;10:05:57.091;0:31.762;0:36.421;0:28.947;;Helio Castroneves;;DPi;;ACURA TEAM PENSKE;Acura;
7;1;8;1:37.673;0;;31.603;0;36.750;0;29.320;0;211.2;17:34.764;10:07:34.764;0:31.603;0:36.750;0:29.320;;Helio Castroneves;;DPi;;ACURA TEAM PENSKE;Acura;
7;1;9;5:17.758;0;B;31.565;0;36.526;0;4:09.667;0;64.9;22:52.522;10:12:52.522;0:31.565;0:36.526;4:09.667;;Helio Castroneves;;DPi;;ACURA TEAM PENSKE;Acura;
7;1;10;2:01.757;0;;56.115;0;36.938;0;28.704;0;169.4;24:54.279;10:14:54.279;0:56.115;0:36.938;0:28.704;;Helio Castroneves;0:04:12.765;DPi;;ACURA TEAM PENSKE;Acura;
7;1;11;1:35.733;2;;31.498;2;36.300;2;27.935;0;215.4;26:30.012;10:16:30.012;0:31.498;0:36.300;0:27.935;;Helio Castroneves;;DPi;;ACURA TEAM PENSKE;Acura;
7;1;12;1:36.832;0;;31.592;0;37.289;0;27.951;0;213.0;28:06.844;10:18:06.844;0:31.592;0:37.289;0:27.951;;Helio Castroneves;;DPi;;ACURA TEAM PENSKE;Acura;
7;1;13;1:36.528;0;;32.118;0;36.534;0;27.876;2;213.7;29:43.372;10:19:43.372;0:32.118;0:36.534;0:27.876;;Helio Castroneves;;DPi;;ACURA TEAM PENSKE;Acura;
7;1;14;4:14.611;0;B;31.750;0;36.400;0;3:06.461;0;81.0;33:57.983;10:23:57.983;0:31.750;0:36.400;3:06.461;;Helio Castroneves;;DPi;;ACURA TEAM PENSKE;Acura;
7;2;15;2:01.999;0;;56.190;0;37.079;0;28.730;0;169.1;35:59.982;10:25:59.982;0:56.190;0:37.079;0:28.730;;Alexander Rossi;0:03:08.833;DPi;;ACURA TEAM PENSKE;Acura;
7;2;16;1:40.479;0;;32.204;0;37.015;0;31.260;0;205.3;37:40.461;10:27:40.461;0:32.204;0:37.015;0:31.260;;Alexander Rossi;;DPi;;ACURA TEAM PENSKE;Acura;
7;2;17;5:49.100;0;B;32.241;0;37.235;0;4:39.624;0;59.1;43:29.561;10:33:29.561;0:32.241;0:37.235;4:39.624;;Alexander Rossi;;DPi;;ACURA TEAM PENSKE;Acura;
7;2;18;2:01.806;0;;56.105;0;37.059;0;28.642;0;169.3;45:31.367;10:35:31.367;0:56.105;0:37.059;0:28.642;;Alexander Rossi;0:04:40.476;DPi;;ACURA TEAM PENSKE;Acura;
7;2;19;1:37.439;0;;32.019;0;36.779;0;28.641;1;211.7;47:08.806;10:37:08.806;0:32.019;0:36.779;0:28.641;;Alexander Rossi;;DPi;;ACURA TEAM PENSKE;Acura;
74;2;1;2:24.932;0;;1:07.124;0;44.137;0;33.671;0;142.3;2:24.932;09:52:24.932;1:07.124;0:44.137;0:33.671;;Lawson Aschenbach;0:00:35.787;GTD;;Riley Motorsports;Mercedes-AMG;
74;2;2;1:50.105;0;;36.683;0;40.855;0;32.567;0;187.3;4:15.037;09:54:15.037;0:36.683;0:40.855;0:32.567;;Lawson Aschenbach;;GTD;;Riley Motorsports;Mercedes-AMG;
74;2;3;1:49.390;0;;35.717;0;40.996;0;32.677;0;188.5;6:04.427;09:56:04.427;0:35.717;0:40.996;0:32.677;;Lawson Aschenbach;;GTD;;Riley Motorsports;Mercedes-AMG;
74;2;4;1:48.355;0;;35.587;0;40.528;0;32.240;0;190.3;7:52.782;09:57:52.782;0:35.587;0:40.528;0:32.240;;Lawson Aschenbach;;GTD;;Riley Motorsports;Mercedes-AMG;
74;2;5;1:48.073;0;;35.394;0;40.550;0;32.129;0;190.8;9:40.855;09:59:40.855;0:35.394;0:40.550;0:32.129;;Lawson Aschenbach;;GTD;;Riley Motorsports;Mercedes-AMG;
74;2;6;2:01.347;0;B;35.311;2;40.891;0;45.145;0;170.0;11:42.202;10:01:42.202;0:35.311;0:40.891;0:45.145;;Lawson Aschenbach;;GTD;;Riley Motorsports;Mercedes-AMG;
74;2;7;4:06.209;0;;2:53.154;0;40.849;0;32.206;0;83.8;15:48.411;10:05:48.411;2:53.154;0:40.849;0:32.206;;Lawson Aschenbach;0:02:40.377;GTD;;Riley Motorsports;Mercedes-AMG;
74;2;8;1:48.809;0;;36.067;0;40.551;0;32.191;0;189.6;17:37.220;10:07:37.220;0:36.067;0:40.551;0:32.191;;Lawson Aschenbach;;GTD;;Riley Motorsports;Mercedes-AMG;
74;2;9;1:47.995;2;;35.497;0;40.485;0;32.013;2;191.0;19:25.215;10:09:25.215;0:35.497;0:40.485;0:32.013;;Lawson Aschenbach;;GTD;;Riley Motorsports;Mercedes-AMG;
74;2;10;2:01.154;0;B;35.354;0;40.615;0;45.185;0;170.2;21:26.369;10:11:26.369;0:35.354;0:40.615;0:45.185;;Lawson Aschenbach;;GTD;;Riley Motorsports;Mercedes-AMG;
74;2;11;3:57.199;0;;2:39.733;0;44.211;0;33.255;0;87.0;25:23.568;10:15:23.568;2:39.733;0:44.211;0:33.255;;Lawson Aschenbach;0:02:23.427;GTD;;Riley Motorsports;Mercedes-AMG;
74;2;12;1:48.322;0;;35.455;0;40.715;0;32.152;0;190.4;27:11.890;10:17:11.890;0:35.455;0:40.715;0:32.152;;Lawson Aschenbach;;GTD;;Riley Motorsports;Mercedes-AMG;
74;2;13;1:48.035;0;;35.524;0;40.406;2;32.105;0;190.9;28:59.925;10:18:59.925;0:35.524;0:40.406;0:32.105;;Lawson Aschenbach;;GTD;;Riley Motorsports;Mercedes-AMG;
74;2;14;1:50.060;0;;36.151;0;41.770;0;32.139;0;187.4;30:49.985;10:20:49.985;0:36.151;0:41.770;0:32.139;;Lawson Aschenbach;;GTD;;Riley Motorsports;Mercedes-AMG;
74;2;15;1:48.046;0;;35.337;0;40.580;0;32.129;0;190.9;32:38.031;10:22:38.031;0:35.337;0:40.580;0:32.129;;Lawson Aschenbach;;GTD;;Riley Motorsports;Mercedes-AMG;
74;2;16;2:01.136;0;B;35.367;0;40.593;0;45.176;0;170.3;34:39.167;10:24:39.167;0:35.367;0:40.593;0:45.176;;Lawson Aschenbach;;GTD;;Riley Motorsports;Mercedes-AMG;
77;2;1;11:02.357;0;B;2:53.562;0;41.897;0;7:26.898;0;31.1;11:02.357;10:01:02.357;2:53.562;0:41.897;7:26.898;;Tristan Nunez;0:02:21.263;DPi;;Mazda Team Joest;Mazda;
77;2;2;2:06.829;0;;58.839;0;38.542;0;29.448;0;162.6;13:09.186;10:03:09.186;0:58.839;0:38.542;0:29.448;;Tristan Nunez;0:07:25.974;DPi;;Mazda Team Joest;Mazda;
77;2;3;1:38.821;0;;33.050;0;37.039;0;28.732;0;208.7;14:48.007;10:04:48.007;0:33.050;0:37.039;0:28.732;;Tristan Nunez;;DPi;;Mazda Team Joest;Mazda;
77;2;4;1:37.674;0;;32.368;0;36.726;0;28.580;0;211.2;16:25.681;10:06:25.681;0:32.368;0:36.726;0:28.580;;Tristan Nunez;;DPi;;Mazda Team Joest;Mazda;
77;2;5;1:38.239;0;;32.080;0;36.471;2;29.688;0;210.0;18:03.920;10:08:03.920;0:32.080;0:36.471;0:29.688;;Tristan Nunez;;DPi;;Mazda Team Joest;Mazda;
77;2;6;1:37.338;0;;32.036;0;36.867;0;28.435;0;211.9;19:41.258;10:09:41.258;0:32.036;0:36.867;0:28.435;;Tristan Nunez;;DPi;;Mazda Team Joest;Mazda;
77;2;7;1:37.400;0;;32.093;0;36.500;0;28.807;0;211.8;21:18.658;10:11:18.658;0:32.093;0:36.500;0:28.807;;Tristan Nunez;;DPi;;Mazda Team Joest;Mazda;
77;2;8;1:38.890;0;;33.728;0;36.706;0;28.456;0;208.6;22:57.548;10:12:57.548;0:33.728;0:36.706;0:28.456;;Tristan Nunez;;DPi;;Mazda Team Joest;Mazda;
77;2;9;1:37.076;2;;32.101;0;36.546;0;28.429;1;212.5;24:34.624;10:14:34.624;0:32.101;0:36.546;0:28.429;;Tristan Nunez;;DPi;;Mazda Team Joest;Mazda;
77;2;10;5:04.929;0;B;31.907;2;36.551;0;3:56.471;0;67.6;29:39.553;10:19:39.553;0:31.907;0:36.551;3:56.471;;Tristan Nunez;;DPi;;Mazda Team Joest;Mazda;
77;3;11;2:04.226;0;;57.287;0;38.126;0;28.813;0;166.0;31:43.779;10:21:43.779;0:57.287;0:38.126;0:28.813;;Olivier Pla;0:03:59.616;DPi;;Mazda Team Joest;Mazda;
77;3;12;1:38.410;0;;32.688;0;37.083;1;28.639;0;209.6;33:22.189;10:23:22.189;0:32.688;0:37.083;0:28.639;;Olivier Pla;;DPi;;Mazda Team Joest;Mazda;
77;3;13;1:38.119;0;;32.565;0;37.213;0;28.341;2;210.2;35:00.308;10:25:00.308;0:32.565;0:37.213;0:28.341;;Olivier Pla;;DPi;;Mazda Team Joest;Mazda;
77;3;14;1:39.425;0;;32.979;0;37.555;0;28.891;0;207.4;36:39.733;10:26:39.733;0:32.979;0:37.555;0:28.891;;Olivier Pla;;DPi;;Mazda Team Joest;Mazda;
77;3;15;5:00.319;0;B;32.038;1;38.209;0;3:50.072;0;68.7;41:40.052;10:31:40.052;0:32.038;0:38.209;3:50.072;;Olivier Pla;;DPi;;Mazda Team Joest;Mazda;
77;3;16;3:16.237;0;B;1:00.588;0;41.040;0;1:34.609;0;105.1;44:56.289;10:34:56.289;1:00.588;0:41.040;1:34.609;;Olivier Pla;0:03:40.261;DPi;;Mazda Team Joest;Mazda;
77;1;17;4:21.854;0;B;1:05.307;0;41.172;1;2:35.375;0;78.8;49:18.143;10:39:18.143;1:05.307;0:41.172;2:35.375;;Oliver Jarvis;0:01:34.343;DPi;;Mazda Team Joest;Mazda;
8;3;1;3:08.963;0;;1:49.007;0;48.503;0;31.453;0;109.2;3:08.963;09:53:08.963;1:49.007;0:48.503;0:31.453;;David Heinemeier Hansson;0:01:13.674;LMP2;;Tower Motorsport by Starworks;ORECA;
8;3;2;1:40.527;0;;33.125;0;37.901;0;29.501;0;205.2;4:49.490;09:54:49.490;0:33.125;0:37.901;0:29.501;;David Heinemeier Hansson;;LMP2;;Tower Motorsport by Starworks;ORECA;
8;3;3;1:38.004;0;;32.169;1;37.006;1;28.829;1;210.5;6:27.494;09:56:27.494;0:32.169;0:37.006;0:28.829;;David Heinemeier Hansson;;LMP2;;Tower Motorsport by Starworks;ORECA;
8;3;4;1:38.800;0;;32.327;0;37.591;0;28.882;0;208.8;8:06.294;09:58:06.294;0:32.327;0:37.591;0:28.882;;David Heinemeier Hansson;;LMP2;;Tower Motorsport by Starworks;ORECA;
8;3;5;2:58.555;0;B;32.241;0;37.200;0;1:49.114;0;115.5;11:04.849;10:01:04.849;0:32.241;0:37.200;1:49.114;;David Heinemeier Hansson;;LMP2;;Tower Motorsport by Starworks;ORECA;
8;2;6;2:08.224;0;;1:00.108;0;38.359;0;29.757;0;160.9;13:13.073;10:03:13.073;1:00.108;0:38.359;0:29.757;;Ryan Dalziel;0:01:51.703;LMP2;;Tower Motorsport by Starworks;ORECA;
8;2;7;1:39.261;0;;32.867;0;37.353;0;29.041;0;207.8;14:52.334;10:04:52.334;0:32.867;0:37.353;0:29.041;;Ryan Dalziel;;LMP2;;Tower Motorsport by Starworks;ORECA;
8;2;8;1:41.041;0;;34.099;0;37.869;0;29.073;0;204.1;16:33.375;10:06:33.375;0:34.099;0:37.869;0:29.073;;Ryan Dalziel;;LMP2;;Tower Motorsport by Starworks;ORECA;
8;2;9;1:38.647;0;;32.378;0;37.447;0;28.822;1;209.1;18:12.022;10:08:12.022;0:32.378;0:37.447;0:28.822;;Ryan Dalziel;;LMP2;;Tower Motorsport by Starworks;ORECA;
8;2;10;2:49.644;0;B;32.199;1;37.104;1;1:40.341;0;121.6;21:01.666;10:11:01.666;0:32.199;0:37.104;1:40.341;;Ryan Dalziel;;LMP2;;Tower Motorsport by Starworks;ORECA;
8;2;11;3:57.830;0;B;1:00.756;0;40.826;0;2:16.248;0;86.7;24:59.496;10:14:59.496;1:00.756;0:40.826;2:16.248;;Ryan Dalziel;0:01:42.698;LMP2;;Tower Motorsport by Starworks;ORECA;
8;1;12;2:16.833;0;;1:05.730;0;40.393;0;30.710;0;150.7;27:16.329;10:17:16.329;1:05.730;0:40.393;0:30.710;;John Farano;0:02:11.381;LMP2;;Tower Motorsport by Starworks;ORECA;
8;1;13;1:44.184;0;;35.498;0;38.571;0;30.115;1;198.0;29:00.513;10:19:00.513;0:35.498;0:38.571;0:30.115;;John Farano;;LMP2;;Tower Motorsport by Starworks;ORECA;
8;1;14;1:45.290;0;;36.161;0;38.962;0;30.167;0;195.9;30:45.803;10:20:45.803;0:36.161;0:38.962;0:30.167;;John Farano;;LMP2;;Tower Motorsport by Starworks;ORECA;
8;1;15;1:41.740;0;;33.504;1;38.038;0;30.198;0;202.7;32:27.543;10:22:27.543;0:33.504;0:38.038;0:30.198;;John Farano;;LMP2;;Tower Motorsport by Starworks;ORECA;
8;1;16;1:42.376;0;;34.348;0;37.912;1;30.116;0;201.5;34:09.919;10:24:09.919;0:34.348;0:37.912;0:30.116;;John Farano;;LMP2;;Tower Motorsport by Starworks;ORECA;
8;1;17;1:43.981;0;;34.171;0;39.122;0;30.688;0;198.4;35:53.900;10:25:53.900;0:34.171;0:39.122;0:30.688;;John Farano;;LMP2;;Tower Motorsport by Starworks;ORECA;
8;1;18;4:31.346;0;B;33.973;0;38.185;0;3:19.188;0;76.0;40:25.246;10:30:25.246;0:33.973;0:38.185;3:19.188;;John Farano;;LMP2;;Tower Motorsport by Starworks;ORECA;
8;4;19;2:04.003;0;;57.267;0;37.746;0;28.990;0;166.3;42:29.249;10:32:29.249;0:57.267;0:37.746;0:28.990;;Nicolas Lapierre;0:03:06.159;LMP2;;Tower Motorsport by Starworks;ORECA;
8;4;20;1:38.497;0;;32.482;0;37.369;0;28.646;0;209.4;44:07.746;10:34:07.746;0:32.482;0:37.369;0:28.646;;Nicolas Lapierre;;LMP2;;Tower Motorsport by Starworks;ORECA;
8;4;21;1:37.450;0;;32.104;0;36.994;0;28.352;2;211.7;45:45.196;10:35:45.196;0:32.104;0:36.994;0:28.352;;Nicolas Lapierre;;LMP2;;Tower Motorsport by Starworks;ORECA;
8;4;22;1:38.207;0;;32.694;0;36.978;0;28.535;0;210.0;47:23.403;10:37:23.403;0:32.694;0:36.978;0:28.535;;Nicolas Lapierre;;LMP2;;Tower Motorsport by Starworks;ORECA;
8;4;23;1:37.230;2;;31.851;2;36.920;2;28.459;0;212.1;49:00.633;10:39:00.633;0:31.851;0:36.920;0:28.459;;Nicolas Lapierre;;LMP2;;Tower Motorsport by Starworks;ORECA;
81;3;1;2:35.131;0;;1:22.581;0;41.346;0;31.204;0;133.0;2:35.131;09:52:35.131;1:22.581;0:41.346;0:31.204;;Colin Braun;0:00:52.931;LMP2;;DragonSpeed USA;ORECA;
81;3;2;1:42.893;0;;34.178;0;38.078;0;30.637;0;200.5;4:18.024;09:54:18.024;0:34.178;0:38.078;0:30.637;;Colin Braun;;LMP2;;DragonSpeed USA;ORECA;
81;3;3;1:40.391;0;;33.083;0;37.782;0;29.526;0;205.5;5:58.415;09:55:58.415;0:33.083;0:37.782;0:29.526;;Colin Braun;;LMP2;;DragonSpeed USA;ORECA;
81;3;4;1:40.021;0;;32.450;0;37.659;0;29.912;0;206.2;7:38.436;09:57:38.436;0:32.450;0:37.659;0:29.912;;Colin Braun;;LMP2;;DragonSpeed USA;ORECA;
81;3;5;1:39.123;0;;32.657;0;37.477;0;28.989;0;208.1;9:17.559;09:59:17.559;0:32.657;0:37.477;0:28.989;;Colin Braun;;LMP2;;DragonSpeed USA;ORECA;
81;3;6;1:38.918;0;;32.216;0;37.296;0;29.406;0;208.5;10:56.477;10:00:56.477;0:32.216;0:37.296;0:29.406;;Colin Braun;;LMP2;;DragonSpeed USA;ORECA;
81;3;7;1:38.386;0;;32.185;1;37.283;1;28.918;1;209.6;12:34.863;10:02:34.863;0:32.185;0:37.283;0:28.918;;Colin Braun;;LMP2;;DragonSpeed USA;ORECA;
81;3;8;2:39.975;0;B;32.587;0;37.889;0;1:29.499;0;128.9;15:14.838;10:05:14.838;0:32.587;0:37.889;1:29.499;;Colin Braun;;LMP2;;DragonSpeed USA;ORECA;
81;2;9;2:08.507;0;;59.576;0;38.888;0;30.043;0;160.5;17:23.345;10:07:23.345;0:59.576;0:38.888;0:30.043;;Henrik Hedman;0:01:32.701;LMP2;;DragonSpeed USA;ORECA;
81;2;10;1:41.521;0;;33.442;0;38.052;0;30.027;0;203.2;19:04.866;10:09:04.866;0:33.442;0:38.052;0:30.027;;Henrik Hedman;;LMP2;;DragonSpeed USA;ORECA;
81;2;11;1:43.298;0;;33.274;0;39.314;0;30.710;0;199.7;20:48.164;10:10:48.164;0:33.274;0:39.314;0:30.710;;Henrik Hedman;;LMP2;;DragonSpeed USA;ORECA;
81;2;12;1:43.431;0;;34.661;0;38.643;0;30.127;0;199.4;22:31.595;10:12:31.595;0:34.661;0:38.643;0:30.127;;Henrik Hedman;;LMP2;;DragonSpeed USA;ORECA;
81;2;13;1:40.365;0;;33.052;0;37.807;1;29.506;0;205.5;24:11.960;10:14:11.960;0:33.052;0:37.807;0:29.506;;Henrik Hedman;;LMP2;;DragonSpeed USA;ORECA;
81;2;14;1:40.870;0;;33.202;0;38.206;0;29.462;0;204.5;25:52.830;10:15:52.830;0:33.202;0:38.206;0:29.462;;Henrik Hedman;;LMP2;;DragonSpeed USA;ORECA;
81;2;15;1:40.249;0;;32.982;1;37.889;0;29.378;1;205.7;27:33.079;10:17:33.079;0:32.982;0:37.889;0:29.378;;Henrik Hedman;;LMP2;;DragonSpeed USA;ORECA;
81;2;16;2:44.658;0;B;33.053;0;38.033;0;1:33.572;0;125.3;30:17.737;10:20:17.737;0:33.053;0:38.033;1:33.572;;Henrik Hedman;;LMP2;;DragonSpeed USA;ORECA;
81;4;17;2:04.897;0;;57.350;0;38.184;0;29.363;0;165.1;32:22.634;10:22:22.634;0:57.350;0:38.184;0:29.363;;Harrison Newey;0:01:35.505;LMP2;;DragonSpeed USA;ORECA;
81;4;18;1:39.627;0;;32.831;0;37.763;1;29.033;0;207.0;34:02.261;10:24:02.261;0:32.831;0:37.763;0:29.033;;Harrison Newey;;LMP2;;DragonSpeed USA;ORECA;
81;4;19;1:39.193;0;;32.529;1;37.866;0;28.798;2;207.9;35:41.454;10:25:41.454;0:32.529;0:37.866;0:28.798;;Harrison Newey;;LMP2;;DragonSpeed USA;ORECA;
81;4;20;1:40.726;0;;33.311;0;38.466;0;28.949;0;204.8;37:22.180;10:27:22.180;0:33.311;0:38.466;0:28.949;;Harrison Newey;;LMP2;;DragonSpeed USA;ORECA;
81;4;21;4:22.531;0;B;32.372;0;40.596;0;3:09.563;0;78.6;41:44.711;10:31:44.711;0:32.372;0:40.596;3:09.563;;Harrison Newey;;LMP2;;DragonSpeed USA;ORECA;
81;1;22;3:12.669;0;B;1:02.185;0;38.728;0;1:31.756;0;107.1;44:57.380;10:34:57.380;1:02.185;0:38.728;1:31.756;;Ben Hanley;0:03:08.784;LMP2;;DragonSpeed USA;ORECA;
81;1;23;2:09.055;0;;1:01.184;0;38.490;0;29.381;0;159.8;47:06.435;10:37:06.435;1:01.184;0:38.490;0:29.381;;Ben Hanley;0:01:33.519;LMP2;;DragonSpeed USA;ORECA;
81;1;24;1:38.283;2;;32.209;0;37.146;2;28.928;1;209.9;48:44.718;10:38:44.718;0:32.209;0:37.146;0:28.928;;Ben Hanley;;LMP2;;DragonSpeed USA;ORECA;
81;1;25;2:02.618;0;B;32.087;2;41.795;0;48.736;0;168.2;50:47.336;10:40:47.336;0:32.087;0:41.795;0:48.736;;Ben Hanley;;LMP2;;DragonSpeed USA;ORECA;
85;4;1;2:39.686;0;B;1:11.150;0;41.847;1;46.689;0;129.2;2:39.686;09:52:39.686;1:11.150;0:41.847;0:46.689;;Tristan Vautier;0:00:41.003;DPi;;JDC-Miller MotorSports;Cadillac;
85;1;2;2:59.851;0;B;1:33.575;0;40.687;0;45.589;0;114.7;5:39.537;09:55:39.537;1:33.575;0:40.687;0:45.589;;Juan Piedrahita;0:01:17.162;DPi;;JDC-Miller MotorSports;Cadillac;
85;2;3;3:02.903;0;B;1:39.047;0;39.615;0;44.241;0;112.8;8:42.440;09:58:42.440;1:39.047;0:39.615;0:44.241;;Matheus Leist;0:01:21.942;DPi;;JDC-Miller MotorSports;Cadillac;
85;3;4;2:47.691;0;;1:39.578;0;38.920;0;29.193;0;123.0;11:30.131;10:01:30.131;1:39.578;0:38.920;0:29.193;;Chris Miller;0:01:19.975;DPi;;JDC-Miller MotorSports;Cadillac;
85;3;5;1:39.515;0;;33.247;0;37.585;0;28.683;0;207.3;13:09.646;10:03:09.646;0:33.247;0:37.585;0:28.683;;Chris Miller;;DPi;;JDC-Miller MotorSports;Cadillac;
85;3;6;1:39.166;0;;32.980;0;37.174;0;29.012;0;208.0;14:48.812;10:04:48.812;0:32.980;0:37.174;0:29.012;;Chris Miller;;DPi;;JDC-Miller MotorSports;Cadillac;
85;3;7;1:51.918;0;B;32.464;0;37.274;0;42.180;0;184.3;16:40.730;10:06:40.730;0:32.464;0:37.274;0:42.180;;Chris Miller;;DPi;;JDC-Miller MotorSports;Cadillac;
85;3;8;3:42.575;0;;2:28.001;0;44.353;0;30.221;0;92.7;20:23.305;10:10:23.305;2:28.001;0:44.353;0:30.221;;Chris Miller;0:02:14.371;DPi;;JDC-Miller MotorSports;Cadillac;
85;3;9;1:36.940;2;;32.175;1;36.548;2;28.217;2;212.8;22:00.245;10:12:00.245;0:32.175;0:36.548;0:28.217;;Chris Miller;;DPi;;JDC-Miller MotorSports;Cadillac;
85;3;10;1:37.886;0;;32.239;0;37.056;0;28.591;0;210.7;23:38.131;10:13:38.131;0:32.239;0:37.056;0:28.591;;Chris Miller;;DPi;;JDC-Miller MotorSports;Cadillac;
85;3;11;1:37.893;0;;32.367;0;36.622;0;28.904;0;210.7;25:16.024;10:15:16.024;0:32.367;0:36.622;0:28.904;;Chris Miller;;DPi;;JDC-Miller MotorSports;Cadillac;
85;3;12;1:52.488;0;B;32.213;0;36.629;0;43.646;0;183.4;27:08.512;10:17:08.512;0:32.213;0:36.629;0:43.646;;Chris Miller;;DPi;;JDC-Miller MotorSports;Cadillac;
85;1;13;2:52.414;0;;1:46.544;0;37.129;0;28.741;0;119.6;30:00.926;10:20:00.926;1:46.544;0:37.129;0:28.741;;Juan Piedrahita;0:01:34.439;DPi;;JDC-Miller MotorSports;Cadillac;
85;1;14;1:37.758;0;;32.461;0;36.705;0;28.592;0;211.0;31:38.684;10:21:38.684;0:32.461;0:36.705;0:28.592;;Juan Piedrahita;;DPi;;JDC-Miller MotorSports;Cadillac;
85;1;15;1:37.194;0;;32.086;0;36.731;0;28.377;0;212.2;33:15.878;10:23:15.878;0:32.086;0:36.731;0:28.377;;Juan Piedrahita;;DPi;;JDC-Miller MotorSports;Cadillac;
85;1;16;1:38.181;0;;32.313;0;37.459;0;28.409;0;210.1;34:54.059;10:24:54.059;0:32.313;0:37.459;0:28.409;;Juan Piedrahita;;DPi;;JDC-Miller MotorSports;Cadillac;
85;1;17;1:37.177;0;;32.313;0;36.642;1;28.222;1;212.2;36:31.236;10:26:31.236;0:32.313;0:36.642;0:28.222;;Juan Piedrahita;;DPi;;JDC-Miller MotorSports;Cadillac;
85;1;18;1:59.856;0;B;32.059;1;36.750;0;51.047;0;172.1;38:31.092;10:28:31.092;0:32.059;0:36.750;0:51.047;;Juan Piedrahita;;DPi;;JDC-Miller MotorSports;Cadillac;
85;2;19;4:10.231;0;;3:03.479;0;37.698;0;29.054;0;82.4;42:41.323;10:32:41.323;3:03.479;0:37.698;0:29.054;;Matheus Leist;0:02:52.322;DPi;;JDC-Miller MotorSports;Cadillac;
85;2;20;1:37.523;0;;32.321;0;36.930;1;28.272;1;211.5;44:18.846;10:34:18.846;0:32.321;0:36.930;0:28.272;;Matheus Leist;;DPi;;JDC-Miller MotorSports;Cadillac;
85;2;21;1:40.000;0;;33.191;0;37.351;0;29.458;0;206.3;45:58.846;10:35:58.846;0:33.191;0:37.351;0:29.458;;Matheus Leist;;DPi;;JDC-Miller MotorSports;Cadillac;
85;2;22;1:38.505;0;;33.139;0;37.084;0;28.282;0;209.4;47:37.351;10:37:37.351;0:33.139;0:37.084;0:28.282;;Matheus Leist;;DPi;;JDC-Miller MotorSports;Cadillac;
85;2;23;1:39.304;0;;31.934;2;37.413;0;29.957;0;207.7;49:16.655;10:39:16.655;0:31.934;0:37.413;0:29.957;;Matheus Leist;;DPi;;JDC-Miller MotorSports;Cadillac;
85;2;24;2:05.821;0;B;33.197;0;48.190;0;44.434;0;163.9;51:22.476;10:41:22.476;0:33.197;0:48.190;0:44.434;;Matheus Leist;;DPi;;JDC-Miller MotorSports;Cadillac;
86;2;1;3:55.251;0;B;1:49.378;0;43.690;1;1:22.183;0;87.7;3:55.251;09:53:55.251;1:49.378;0:43.690;1:22.183;;Matt McMurry;0:01:18.933;GTD;;Meyer Shank Racing w/Curb-Agajanian;Acura;
86;4;2;3:17.453;0;B;1:07.543;0;43.923;1;1:25.987;0;104.5;7:12.704;09:57:12.704;1:07.543;0:43.923;1:25.987;;Jules Gounon;0:01:20.787;GTD;;Meyer Shank Racing w/Curb-Agajanian;Acura;
86;3;3;3:21.999;0;B;1:00.668;0;42.080;0;1:39.251;0;102.1;10:34.703;10:00:34.703;1:00.668;0:42.080;1:39.251;;Shinya Michimi;0:01:25.511;GTD;;Meyer Shank Racing w/Curb-Agajanian;Acura;
86;1;4;3:18.824;0;B;1:08.049;0;47.596;1;1:23.179;0;103.7;13:53.527;10:03:53.527;1:08.049;0:47.596;1:23.179;;Mario Farnbacher;0:01:39.675;GTD;;Meyer Shank Racing w/Curb-Agajanian;Acura;
86;3;5;33:44.632;0;B;59.034;0;41.536;2;32:04.062;0;10.2;47:38.159;10:37:38.159;0:59.034;0:41.536;32:04.062;;Shinya Michimi;0:01:18.961;GTD;;Meyer Shank Racing w/Curb-Agajanian;Acura;
88;3;1;2:46.888;0;;1:28.279;0;44.490;0;34.119;0;123.6;2:46.888;09:52:46.888;1:28.279;0:44.490;0:34.119;;Daniel Morad;0:00:55.792;GTD;;WRT Speedstar Audi Sport;Audi;
88;3;2;1:50.299;0;;36.682;0;41.151;0;32.466;0;187.0;4:37.187;09:54:37.187;0:36.682;0:41.151;0:32.466;;Daniel Morad;;GTD;;WRT Speedstar Audi Sport;Audi;
88;3;3;1:48.034;0;;35.420;0;40.482;0;32.132;0;190.9;6:25.221;09:56:25.221;0:35.420;0:40.482;0:32.132;;Daniel Morad;;GTD;;WRT Speedstar Audi Sport;Audi;
88;3;4;1:47.417;0;;35.120;0;40.388;1;31.909;1;192.0;8:12.638;09:58:12.638;0:35.120;0:40.388;0:31.909;;Daniel Morad;;GTD;;WRT Speedstar Audi Sport;Audi;
88;3;5;2:00.235;0;B;34.943;1;40.444;0;44.848;0;171.5;10:12.873;10:00:12.873;0:34.943;0:40.444;0:44.848;;Daniel Morad;;GTD;;WRT Speedstar Audi Sport;Audi;
88;3;6;3:08.395;0;B;1:36.117;0;43.805;0;48.473;0;109.5;13:21.268;10:03:21.268;1:36.117;0:43.805;0:48.473;;Daniel Morad;0:01:20.835;GTD;;WRT Speedstar Audi Sport;Audi;
88;3;7;3:06.691;0;B;1:36.683;0;43.408;0;46.600;0;110.5;16:27.959;10:06:27.959;1:36.683;0:43.408;0:46.600;;Daniel Morad;0:01:21.968;GTD;;WRT Speedstar Audi Sport;Audi;
88;4;8;3:06.973;0;;1:54.141;0;40.472;0;32.360;0;110.3;19:34.932;10:09:34.932;1:54.141;0:40.472;0:32.360;;Dries Vanthoor;0:01:40.933;GTD;;WRT Speedstar Audi Sport;Audi;
88;4;9;1:47.070;0;;34.984;0;40.173;2;31.913;0;192.6;21:22.002;10:11:22.002;0:34.984;0:40.173;0:31.913;;Dries Vanthoor;;GTD;;WRT Speedstar Audi Sport;Audi;
88;4;10;1:46.889;2;;34.788;2;40.208;0;31.893;2;193.0;23:08.891;10:13:08.891;0:34.788;0:40.208;0:31.893;;Dries Vanthoor;;GTD;;WRT Speedstar Audi Sport;Audi;
88;4;11;1:47.743;0;;34.792;0;40.250;0;32.701;0;191.4;24:56.634;10:14:56.634;0:34.792;0:40.250;0:32.701;;Dries Vanthoor;;GTD;;WRT Speedstar Audi Sport;Audi;
88;4;12;2:01.035;0;B;35.277;0;40.497;0;45.261;0;170.4;26:57.669;10:16:57.669;0:35.277;0:40.497;0:45.261;;Dries Vanthoor;;GTD;;WRT Speedstar Audi Sport;Audi;
88;4;13;3:15.578;0;;2:01.819;0;41.166;0;32.593;0;105.5;30:13.247;10:20:13.247;2:01.819;0:41.166;0:32.593;;Dries Vanthoor;0:01:48.935;GTD;;WRT Speedstar Audi Sport;Audi;
88;4;14;1:48.740;0;;35.783;0;40.570;0;32.387;0;189.7;32:01.987;10:22:01.987;0:35.783;0:40.570;0:32.387;;Dries Vanthoor;;GTD;;WRT Speedstar Audi Sport;Audi;
88;4;15;2:00.792;0;B;35.442;0;40.608;0;44.742;0;170.8;34:02.779;10:24:02.779;0:35.442;0:40.608;0:44.742;;Dries Vanthoor;;GTD;;WRT Speedstar Audi Sport;Audi;
88;2;16;2:54.849;0;;1:41.573;0;40.633;1;32.643;1;118.0;36:57.628;10:26:57.628;1:41.573;0:40.633;0:32.643;;Rolf Ineichen;0:01:28.532;GTD;;WRT Speedstar Audi Sport;Audi;
88;2;17;2:06.260;0;B;35.279;1;41.827;0;49.154;0;163.4;39:03.888;10:29:03.888;0:35.279;0:41.827;0:49.154;;Rolf Ineichen;;GTD;;WRT Speedstar Audi Sport;Audi;
88;3;18;5:10.079;0;;3:56.223;0;41.355;0;32.501;0;66.5;44:13.967;10:34:13.967;3:56.223;0:41.355;0:32.501;;Daniel Morad;0:03:41.283;GTD;;WRT Speedstar Audi Sport;Audi;
88;3;19;1:48.487;0;;35.570;0;40.434;0;32.483;0;190.1;46:02.454;10:36:02.454;0:35.570;0:40.434;0:32.483;;Daniel Morad;;GTD;;WRT Speedstar Audi Sport;Audi;
88;3;20;1:48.264;0;;35.552;0;40.516;0;32.196;0;190.5;47:50.718;10:37:50.718;0:35.552;0:40.516;0:32.196;;Daniel Morad;;GTD;;WRT Speedstar Audi Sport;Audi;
88;3;21;2:01.612;0;B;35.492;0;40.454;0;45.666;0;169.6;49:52.330;10:39:52.330;0:35.492;0:40.454;0:45.666;;Daniel Morad;;GTD;;WRT Speedstar Audi Sport;Audi;
9;2;1;4:19.814;0;;3:03.566;0;43.019;0;33.229;1;79.4;4:19.814;09:54:19.814;3:03.566;0:43.019;0:33.229;;Zacharie Robichon;0:02:33.700;GTD;;Pfaff Motorsports;Porsche;
9;2;2;2:02.695;0;B;35.854;2;40.628;1;46.213;0;168.1;6:22.509;09:56:22.509;0:35.854;0:40.628;0:46.213;;Zacharie Robichon;;GTD;;Pfaff Motorsports;Porsche;
9;1;3;4:15.091;0;B;2:48.690;0;40.501;2;45.900;0;80.9;10:37.600;10:00:37.600;2:48.690;0:40.501;0:45.900;;Dennis Olsen;0:02:36.149;GTD;;Pfaff Motorsports;Porsche;
9;3;4;4:52.257;0;;3:38.438;0;40.970;0;32.849;2;70.6;15:29.857;10:05:29.857;3:38.438;0:40.970;0:32.849;;Lars Kern;0:03:23.448;GTD;;Pfaff Motorsports;Porsche;
9;3;5;2:02.430;0;B;35.885;1;40.553;1;45.992;0;168.5;17:32.287;10:07:32.287;0:35.885;0:40.553;0:45.992;;Lars Kern;;GTD;;Pfaff Motorsports;Porsche;
9;4;6;4:29.189;0;B;3:01.830;0;41.316;1;46.043;0;76.6;22:01.476;10:12:01.476;3:01.830;0:41.316;0:46.043;;Patrick Pilet;0:02:48.170;GTD;;Pfaff Motorsports;Porsche;
9;2;7;13:02.482;0;B;11:35.122;0;41.394;0;45.966;0;26.4;35:03.958;10:25:03.958;11:35.122;0:41.394;0:45.966;;Zacharie Robichon;0:11:22.084;GTD;;Pfaff Motorsports;Porsche;
911;1;1;2:38.752;0;;1:23.010;0;43.123;0;32.619;0;129.9;2:38.752;09:52:38.752;1:23.010;0:43.123;0:32.619;;Nick Tandy;0:00:52.261;GTLM;;Porsche GT Team;Porsche;
911;1;2;1:46.787;0;;35.705;0;39.730;0;31.352;0;193.1;4:25.539;09:54:25.539;0:35.705;0:39.730;0:31.352;;Nick Tandy;;GTLM;;Porsche GT Team;Porsche;
911;1;3;1:45.196;0;;34.507;0;39.557;0;31.132;0;196.1;6:10.735;09:56:10.735;0:34.507;0:39.557;0:31.132;;Nick Tandy;;GTLM;;Porsche GT Team;Porsche;
911;1;4;1:49.878;0;;34.385;0;44.362;0;31.131;0;187.7;8:00.613;09:58:00.613;0:34.385;0:44.362;0:31.131;;Nick Tandy;;GTLM;;Porsche GT Team;Porsche;
911;1;5;1:44.341;0;;34.323;0;39.208;0;30.810;0;197.7;9:44.954;09:59:44.954;0:34.323;0:39.208;0:30.810;;Nick Tandy;;GTLM;;Porsche GT Team;Porsche;
911;1;6;5:11.688;0;B;34.534;0;39.353;0;3:57.801;0;66.2;14:56.642;10:04:56.642;0:34.534;0:39.353;3:57.801;;Nick Tandy;;GTLM;;Porsche GT Team;Porsche;
911;1;7;2:16.488;0;;1:02.006;0;42.226;0;32.256;0;151.1;17:13.130;10:07:13.130;1:02.006;0:42.226;0:32.256;;Nick Tandy;0:04:00.113;GTLM;;Porsche GT Team;Porsche;
911;1;8;1:48.347;0;;36.538;0;40.253;0;31.556;0;190.4;19:01.477;10:09:01.477;0:36.538;0:40.253;0:31.556;;Nick Tandy;;GTLM;;Porsche GT Team;Porsche;
911;1;9;1:45.292;0;;34.577;0;39.418;0;31.297;0;195.9;20:46.769;10:10:46.769;0:34.577;0:39.418;0:31.297;;Nick Tandy;;GTLM;;Porsche GT Team;Porsche;
911;1;10;1:44.700;0;;34.188;0;39.449;0;31.063;0;197.0;22:31.469;10:12:31.469;0:34.188;0:39.449;0:31.063;;Nick Tandy;;GTLM;;Porsche GT Team;Porsche;
911;1;11;1:44.090;0;;34.217;0;39.035;0;30.838;0;198.1;24:15.559;10:14:15.559;0:34.217;0:39.035;0:30.838;;Nick Tandy;;GTLM;;Porsche GT Team;Porsche;
911;1;12;1:43.629;2;;33.884;2;38.999;2;30.746;2;199.0;25:59.188;10:15:59.188;0:33.884;0:38.999;0:30.746;;Nick Tandy;;GTLM;;Porsche GT Team;Porsche;
911;1;13;5:46.300;0;B;34.008;0;39.263;0;4:33.029;0;59.6;31:45.488;10:21:45.488;0:34.008;0:39.263;4:33.029;;Nick Tandy;;GTLM;;Porsche GT Team;Porsche;
911;2;14;2:09.632;0;;58.564;0;39.881;0;31.187;0;159.1;33:55.120;10:23:55.120;0:58.564;0:39.881;0:31.187;;Fred Makowiecki;0:04:35.030;GTLM;;Porsche GT Team;Porsche;
911;2;15;1:44.755;0;;34.492;1;39.203;1;31.060;0;196.9;35:39.875;10:25:39.875;0:34.492;0:39.203;0:31.060;;Fred Makowiecki;;GTLM;;Porsche GT Team;Porsche;
911;2;16;1:45.029;0;;34.739;0;39.287;0;31.003;1;196.4;37:24.904;10:27:24.904;0:34.739;0:39.287;0:31.003;;Fred Makowiecki;;GTLM;;Porsche GT Team;Porsche;
911;2;17;7:03.197;0;B;34.194;0;39.069;0;5:49.934;0;48.7;44:28.101;10:34:28.101;0:34.194;0:39.069;5:49.934;;Fred Makowiecki;;GTLM;;Porsche GT Team;Porsche;
911;3;18;2:13.949;0;;1:00.000;0;41.971;0;31.978;1;154.0;46:42.050;10:36:42.050;1:00.000;0:41.971;0:31.978;;Matt Campbell;0:05:49.980;GTLM;;Porsche GT Team;Porsche;
911;3;19;1:47.109;0;;35.447;0;39.456;1;32.206;0;192.6;48:29.159;10:38:29.159;0:35.447;0:39.456;0:32.206;;Matt Campbell;;GTLM;;Porsche GT Team;Porsche;
912;1;1;2:38.216;0;;1:21.123;0;43.589;0;33.504;0;130.4;2:38.216;09:52:38.216;1:21.123;0:43.589;0:33.504;;Earl Bamber;0:00:49.853;GTLM;;Porsche GT Team;Porsche;
912;1;2;1:49.073;0;;36.906;0;40.376;0;31.791;0;189.1;4:27.289;09:54:27.289;0:36.906;0:40.376;0:31.791;;Earl Bamber;;GTLM;;Porsche GT Team;Porsche;
912;1;3;1:45.094;0;;34.712;0;39.303;0;31.079;0;196.3;6:12.383;09:56:12.383;0:34.712;0:39.303;0:31.079;;Earl Bamber;;GTLM;;Porsche GT Team;Porsche;
912;1;4;1:43.864;0;;33.931;0;39.006;2;30.927;0;198.6;7:56.247;09:57:56.247;0:33.931;0:39.006;0:30.927;;Earl Bamber;;GTLM;;Porsche GT Team;Porsche;
912;1;5;1:48.115;0;;35.941;0;40.757;0;31.417;0;190.8;9:44.362;09:59:44.362;0:35.941;0:40.757;0:31.417;;Earl Bamber;;GTLM;;Porsche GT Team;Porsche;
912;1;6;1:49.939;0;;34.072;0;44.316;0;31.551;0;187.6;11:34.301;10:01:34.301;0:34.072;0:44.316;0:31.551;;Earl Bamber;;GTLM;;Porsche GT Team;Porsche;
912;1;7;3:59.190;0;B;33.865;2;39.100;0;2:46.225;0;86.2;15:33.491;10:05:33.491;0:33.865;0:39.100;2:46.225;;Earl Bamber;;GTLM;;Porsche GT Team;Porsche;
912;1;8;2:10.011;0;;56.867;0;42.222;0;30.922;0;158.6;17:43.502;10:07:43.502;0:56.867;0:42.222;0:30.922;;Earl Bamber;0:02:47.559;GTLM;;Porsche GT Team;Porsche;
912;1;9;1:44.254;0;;34.073;0;39.284;0;30.897;0;197.8;19:27.756;10:09:27.756;0:34.073;0:39.284;0:30.897;;Earl Bamber;;GTLM;;Porsche GT Team;Porsche;
912;1;10;1:43.901;0;;33.981;0;39.070;0;30.850;1;198.5;21:11.657;10:11:11.657;0:33.981;0:39.070;0:30.850;;Earl Bamber;;GTLM;;Porsche GT Team;Porsche;
912;1;11;3:27.431;0;B;34.216;0;39.764;0;2:13.451;0;99.4;24:39.088;10:14:39.088;0:34.216;0:39.764;2:13.451;;Earl Bamber;;GTLM;;Porsche GT Team;Porsche;
912;1;12;3:13.392;0;B;57.120;0;39.606;0;1:36.666;0;106.7;27:52.480;10:17:52.480;0:57.120;0:39.606;1:36.666;;Earl Bamber;0:02:12.425;GTLM;;Porsche GT Team;Porsche;
912;1;13;3:23.615;0;B;57.068;0;39.742;0;1:46.805;0;101.3;31:16.095;10:21:16.095;0:57.068;0:39.742;1:46.805;;Earl Bamber;0:01:37.017;GTLM;;Porsche GT Team;Porsche;
912;2;14;2:11.824;0;;59.676;0;40.865;0;31.283;0;156.5;33:27.919;10:23:27.919;0:59.676;0:40.865;0:31.283;;Laurens Vanthoor;0:01:47.917;GTLM;;Porsche GT Team;Porsche;
912;2;15;1:45.690;0;;34.906;0;39.730;0;31.054;0;195.1;35:13.609;10:25:13.609;0:34.906;0:39.730;0:31.054;;Laurens Vanthoor;;GTLM;;Porsche GT Team;Porsche;
912;2;16;1:44.265;0;;34.445;0;39.230;0;30.590;2;197.8;36:57.874;10:26:57.874;0:34.445;0:39.230;0:30.590;;Laurens Vanthoor;;GTLM;;Porsche GT Team;Porsche;
912;2;17;5:13.181;0;B;41.151;0;42.610;0;3:49.420;0;65.9;42:11.055;10:32:11.055;0:41.151;0:42.610;3:49.420;;Laurens Vanthoor;;GTLM;;Porsche GT Team;Porsche;
912;2;18;2:15.817;0;;1:00.345;0;43.873;0;31.599;0;151.9;44:26.872;10:34:26.872;1:00.345;0:43.873;0:31.599;;Laurens Vanthoor;0:03:43.611;GTLM;;Porsche GT Team;Porsche;
912;2;19;1:44.529;0;;34.411;0;39.026;1;31.092;0;197.3;46:11.401;10:36:11.401;0:34.411;0:39.026;0:31.092;;Laurens Vanthoor;;GTLM;;Porsche GT Team;Porsche;
912;2;20;1:43.756;2;;34.063;1;39.048;0;30.645;0;198.8;47:55.157;10:37:55.157;0:34.063;0:39.048;0:30.645;;Laurens Vanthoor;;GTLM;;Porsche GT Team;Porsche;
96;3;1;4:00.349;0;;2:42.325;0;43.651;0;34.373;0;85.8;4:00.349;09:54:00.349;2:42.325;0:43.651;0:34.373;;Bill Auberlen;0:02:10.167;GTD;;Turner Motorsport;BMW;
96;3;2;1:50.348;0;;36.526;0;41.041;0;32.781;0;186.9;5:50.697;09:55:50.697;0:36.526;0:41.041;0:32.781;;Bill Auberlen;;GTD;;Turner Motorsport;BMW;
96;3;3;1:49.024;0;;35.524;0;40.871;0;32.629;0;189.2;7:39.721;09:57:39.721;0:35.524;0:40.871;0:32.629;;Bill Auberlen;;GTD;;Turner Motorsport;BMW;
96;3;4;1:48.770;0;;35.871;0;40.697;0;32.202;0;189.6;9:28.491;09:59:28.491;0:35.871;0:40.697;0:32.202;;Bill Auberlen;;GTD;;Turner Motorsport;BMW;
96;3;5;1:47.535;0;;35.341;0;40.184;2;32.010;0;191.8;11:16.026;10:01:16.026;0:35.341;0:40.184;0:32.010;;Bill Auberlen;;GTD;;Turner Motorsport;BMW;
96;3;6;1:47.860;0;;35.274;0;40.364;0;32.222;0;191.2;13:03.886;10:03:03.886;0:35.274;0:40.364;0:32.222;;Bill Auberlen;;GTD;;Turner Motorsport;BMW;
96;3;7;1:47.789;0;;35.392;0;40.508;0;31.889;0;191.3;14:51.675;10:04:51.675;0:35.392;0:40.508;0:31.889;;Bill Auberlen;;GTD;;Turner Motorsport;BMW;
96;3;8;1:47.320;2;;35.696;0;40.200;0;31.424;2;192.2;16:38.995;10:06:38.995;0:35.696;0:40.200;0:31.424;;Bill Auberlen;;GTD;;Turner Motorsport;BMW;
96;3;9;1:47.429;0;;34.977;2;40.595;0;31.857;0;192.0;18:26.424;10:08:26.424;0:34.977;0:40.595;0:31.857;;Bill Auberlen;;GTD;;Turner Motorsport;BMW;
96;3;10;1:47.449;0;;35.069;0;40.488;0;31.892;0;192.0;20:13.873;10:10:13.873;0:35.069;0:40.488;0:31.892;;Bill Auberlen;;GTD;;Turner Motorsport;BMW;
98;2;1;5:26.050;0;;3:55.666;0;51.358;0;39.026;0;63.3;5:26.050;09:55:26.050;3:55.666;0:51.358;0:39.026;;Ross Gunn;0:03:20.357;GTD;;ASTON MARTIN RACING;Aston Martin;
98;2;2;2:09.851;0;;44.531;0;47.888;0;37.432;0;158.8;7:35.901;09:57:35.901;0:44.531;0:47.888;0:37.432;;Ross Gunn;;GTD;;ASTON MARTIN RACING;Aston Martin;
98;2;3;2:00.876;0;;42.815;0;43.657;0;34.404;0;170.6;9:36.777;09:59:36.777;0:42.815;0:43.657;0:34.404;;Ross Gunn;;GTD;;ASTON MARTIN RACING;Aston Martin;
98;2;4;2:04.512;0;;45.460;0;45.809;0;33.243;0;165.6;11:41.289;10:01:41.289;0:45.460;0:45.809;0:33.243;;Ross Gunn;;GTD;;ASTON MARTIN RACING;Aston Martin;
98;2;5;2:05.682;0;B;35.977;0;41.627;0;48.078;0;164.1;13:46.971;10:03:46.971;0:35.977;0:41.627;0:48.078;;Ross Gunn;;GTD;;ASTON MARTIN RACING;Aston Martin;
98;2;6;21:05.789;0;;19:49.063;0;43.559;0;33.167;0;16.3;34:52.760;10:24:52.760;19:49.063;0:43.559;0:33.167;;Ross Gunn;0:19:35.664;GTD;;ASTON MARTIN RACING;Aston Martin;
98;2;7;1:49.227;2;;36.108;0;40.935;2;32.184;2;188.8;36:41.987;10:26:41.987;0:36.108;0:40.935;0:32.184;;Ross Gunn;;GTD;;ASTON MARTIN RACING;Aston Martin;
98;2;8;2:15.642;0;B;35.595;2;44.144;0;55.903;0;152.1;38:57.629;10:28:57.629;0:35.595;0:44.144;0:55.903;;Ross Gunn;;GTD;;ASTON MARTIN RACING;Aston Martin;
