NUMBER; DRIVER_NUMBER; LAP_NUMBER; LAP_TIME; LAP_IMPROVEMENT; CROSSING_FINISH_LINE_IN_PIT; S1; S1_IMPROVEMENT; S2; S2_IMPROVEMENT; S3; S3_IMPROVEMENT; KPH; ELAPSED; HOUR;S1_LARGE;S2_LARGE;S3_LARGE;TOP_SPEED;DRIVER_NAME;PIT_TIME;CLASS;GROUP;TEAM;MANUFACTURER;
10;2;1;2:16.420;0;;53.537;0;41.859;0;41.024;0;157.2;2:16.420;14:42:16.420;0:53.537;0:41.859;0:41.024;271.3;Jordan Taylor;0:00:15.178;DPi;;Konica Minolta Cadillac DPi-V.R.;Cadillac;
10;2;2;1:52.626;0;;34.025;0;39.252;0;39.349;0;190.4;4:09.046;14:44:09.046;0:34.025;0:39.252;0:39.349;272.3;Jordan Taylor;;DPi;;Konica Minolta Cadillac DPi-V.R.;Cadillac;
10;2;3;1:58.881;0;B;33.281;0;38.106;0;47.494;0;180.3;6:07.927;14:46:07.927;0:33.281;0:38.106;0:47.494;275.1;Jordan Taylor;;DPi;;Konica Minolta Cadillac DPi-V.R.;Cadillac;
10;2;4;12:19.513;0;;11:01.138;0;38.676;0;39.699;0;29.0;18:27.440;14:58:27.440;11:01.138;0:38.676;0:39.699;269.1;Jordan Taylor;0:10:37.567;DPi;;Konica Minolta Cadillac DPi-V.R.;Cadillac;
10;2;5;1:49.780;0;;32.781;0;38.548;0;38.451;0;195.3;20:17.220;15:00:17.220;0:32.781;0:38.548;0:38.451;275.1;Jordan Taylor;;DPi;;Konica Minolta Cadillac DPi-V.R.;Cadillac;
10;2;6;1:50.017;0;;33.296;0;38.319;0;38.402;0;194.9;22:07.237;15:02:07.237;0:33.296;0:38.319;0:38.402;274.0;Jordan Taylor;;DPi;;Konica Minolta Cadillac DPi-V.R.;Cadillac;
10;2;7;1:53.913;0;;32.440;0;38.653;0;42.820;0;188.2;24:01.150;15:04:01.150;0:32.440;0:38.653;0:42.820;172.1;Jordan Taylor;;DPi;;Konica Minolta Cadillac DPi-V.R.;Cadillac;
10;2;8;1:48.250;0;;32.080;0;37.530;0;38.640;0;198.1;25:49.400;15:05:49.400;0:32.080;0:37.530;0:38.640;276.8;Jordan Taylor;;DPi;;Konica Minolta Cadillac DPi-V.R.;Cadillac;
10;2;9;1:59.007;0;B;32.017;2;37.643;0;49.347;0;180.2;27:48.407;15:07:48.407;0:32.017;0:37.643;0:49.347;275.1;Jordan Taylor;;DPi;;Konica Minolta Cadillac DPi-V.R.;Cadillac;
10;2;10;4:32.628;0;;3:14.840;0;38.564;0;39.224;0;78.6;32:21.035;15:12:21.035;3:14.840;0:38.564;0:39.224;276.2;Jordan Taylor;0:02:52.521;DPi;;Konica Minolta Cadillac DPi-V.R.;Cadillac;
10;2;11;2:25.922;0;B;32.850;0;46.466;0;1:06.606;0;146.9;34:46.957;15:14:46.957;0:32.850;0:46.466;1:06.606;198.9;Jordan Taylor;;DPi;;Konica Minolta Cadillac DPi-V.R.;Cadillac;
10;2;12;4:23.458;0;;3:06.099;0;38.598;0;38.761;0;81.4;39:10.415;15:19:10.415;3:06.099;0:38.598;0:38.761;274.0;Jordan Taylor;0:02:46.570;DPi;;Konica Minolta Cadillac DPi-V.R.;Cadillac;
10;2;13;1:54.378;0;;33.786;0;38.609;0;41.983;0;187.4;41:04.793;15:21:04.793;0:33.786;0:38.609;0:41.983;203.6;Jordan Taylor;;DPi;;Konica Minolta Cadillac DPi-V.R.;Cadillac;
10;2;14;1:59.948;0;B;32.486;0;38.596;0;48.866;0;178.7;43:04.741;15:23:04.741;0:32.486;0:38.596;0:48.866;276.8;Jordan Taylor;;DPi;;Konica Minolta Cadillac DPi-V.R.;Cadillac;
10;2;15;4:29.489;0;;3:11.646;0;38.680;0;39.163;0;79.6;47:34.230;15:27:34.230;3:11.646;0:38.680;0:39.163;276.2;Jordan Taylor;0:02:49.412;DPi;;Konica Minolta Cadillac DPi-V.R.;Cadillac;
10;2;16;1:47.651;2;;32.108;0;37.434;2;38.109;2;199.2;49:21.881;15:29:21.881;0:32.108;0:37.434;0:38.109;277.3;Jordan Taylor;;DPi;;Konica Minolta Cadillac DPi-V.R.;Cadillac;
10;2;17;1:59.401;0;B;33.573;0;38.156;0;47.672;0;179.6;51:21.282;15:31:21.282;0:33.573;0:38.156;0:47.672;269.6;Jordan Taylor;;DPi;;Konica Minolta Cadillac DPi-V.R.;Cadillac;
10;3;18;3:05.600;0;;1:46.240;0;39.594;0;39.766;0;115.5;54:26.882;15:34:26.882;1:46.240;0:39.594;0:39.766;276.2;Matthieu Vaxiviere;0:01:21.372;DPi;;Konica Minolta Cadillac DPi-V.R.;Cadillac;
10;3;19;1:52.948;0;;34.492;0;39.135;1;39.321;0;189.8;56:19.830;15:36:19.830;0:34.492;0:39.135;0:39.321;276.8;Matthieu Vaxiviere;;DPi;;Konica Minolta Cadillac DPi-V.R.;Cadillac;
10;3;20;1:52.372;0;;33.014;1;40.081;0;39.277;1;190.8;58:12.202;15:38:12.202;0:33.014;0:40.081;0:39.277;278.4;Matthieu Vaxiviere;;DPi;;Konica Minolta Cadillac DPi-V.R.;Cadillac;
10;3;21;1:53.958;0;;33.588;0;40.485;0;39.885;0;188.1;1:00:06.160;15:40:06.160;0:33.588;0:40.485;0:39.885;276.2;Matthieu Vaxiviere;;DPi;;Konica Minolta Cadillac DPi-V.R.;Cadillac;
11;1;1;2:44.111;0;;1:15.630;0;44.715;0;43.766;0;130.6;2:44.111;14:42:44.111;1:15.630;0:44.715;0:43.766;247.2;Rolf Ineichen;0:00:38.581;GTD;;GRT Grasser Racing Team;Lamborghini;
11;1;2;2:04.344;0;;36.927;0;42.373;0;45.044;0;172.4;4:48.455;14:44:48.455;0:36.927;0:42.373;0:45.044;247.2;Rolf Ineichen;;GTD;;GRT Grasser Racing Team;Lamborghini;
11;1;3;2:28.098;0;B;37.164;0;43.074;0;1:07.860;0;144.8;7:16.553;14:47:16.553;0:37.164;0:43.074;1:07.860;146.1;Rolf Ineichen;;GTD;;GRT Grasser Racing Team;Lamborghini;
11;1;4;10:55.198;0;;9:28.755;0;42.922;0;43.521;0;32.7;18:11.751;14:58:11.751;9:28.755;0:42.922;0:43.521;249.0;Rolf Ineichen;0:09:03.192;GTD;;GRT Grasser Racing Team;Lamborghini;
11;1;5;2:04.400;0;;36.820;0;42.082;0;45.498;0;172.3;20:16.151;15:00:16.151;0:36.820;0:42.082;0:45.498;247.6;Rolf Ineichen;;GTD;;GRT Grasser Racing Team;Lamborghini;
11;1;6;2:02.374;0;;36.753;0;42.240;0;43.381;0;175.2;22:18.525;15:02:18.525;0:36.753;0:42.240;0:43.381;247.2;Rolf Ineichen;;GTD;;GRT Grasser Racing Team;Lamborghini;
11;1;7;2:02.279;0;;36.484;1;41.828;0;43.967;0;175.3;24:20.804;15:04:20.804;0:36.484;0:41.828;0:43.967;249.9;Rolf Ineichen;;GTD;;GRT Grasser Racing Team;Lamborghini;
11;1;8;2:01.322;0;;36.515;0;41.720;1;43.087;1;176.7;26:22.126;15:06:22.126;0:36.515;0:41.720;0:43.087;249.0;Rolf Ineichen;;GTD;;GRT Grasser Racing Team;Lamborghini;
11;1;9;2:11.814;0;B;36.859;0;41.828;0;53.127;0;162.6;28:33.940;15:08:33.940;0:36.859;0:41.828;0:53.127;249.9;Rolf Ineichen;;GTD;;GRT Grasser Racing Team;Lamborghini;
11;2;10;4:04.908;0;B;2:26.089;0;42.043;0;56.776;0;87.5;32:38.848;15:12:38.848;2:26.089;0:42.043;0:56.776;247.6;Mirko Bortolotti;0:02:00.210;GTD;;GRT Grasser Racing Team;Lamborghini;
11;2;11;6:55.512;0;;5:25.006;0;42.637;0;47.869;0;51.6;39:34.360;15:19:34.360;5:25.006;0:42.637;0:47.869;242.3;Mirko Bortolotti;0:04:58.956;GTD;;GRT Grasser Racing Team;Lamborghini;
11;2;12;2:09.718;0;;36.722;0;49.519;0;43.477;0;165.3;41:44.078;15:21:44.078;0:36.722;0:49.519;0:43.477;248.5;Mirko Bortolotti;;GTD;;GRT Grasser Racing Team;Lamborghini;
11;2;13;2:01.022;0;;36.468;0;41.570;2;42.984;2;177.2;43:45.100;15:23:45.100;0:36.468;0:41.570;0:42.984;249.4;Mirko Bortolotti;;GTD;;GRT Grasser Racing Team;Lamborghini;
11;2;14;2:00.913;2;;35.941;2;41.583;0;43.389;0;177.3;45:46.013;15:25:46.013;0:35.941;0:41.583;0:43.389;249.4;Mirko Bortolotti;;GTD;;GRT Grasser Racing Team;Lamborghini;
11;2;15;2:01.036;0;;36.037;0;41.614;0;43.385;0;177.1;47:47.049;15:27:47.049;0:36.037;0:41.614;0:43.385;249.4;Mirko Bortolotti;;GTD;;GRT Grasser Racing Team;Lamborghini;
11;2;16;2:12.475;0;B;36.533;0;42.357;0;53.585;0;161.8;49:59.524;15:29:59.524;0:36.533;0:42.357;0:53.585;249.4;Mirko Bortolotti;;GTD;;GRT Grasser Racing Team;Lamborghini;
11;3;17;3:40.927;0;;2:13.412;0;42.890;0;44.625;0;97.0;53:40.451;15:33:40.451;2:13.412;0:42.890;0:44.625;247.6;Rik Breukers;0:01:48.179;GTD;;GRT Grasser Racing Team;Lamborghini;
11;3;18;2:03.516;0;;36.978;0;42.237;1;44.301;0;173.6;55:43.967;15:35:43.967;0:36.978;0:42.237;0:44.301;247.6;Rik Breukers;;GTD;;GRT Grasser Racing Team;Lamborghini;
11;3;19;2:03.391;0;;36.931;0;42.496;0;43.964;0;173.8;57:47.358;15:37:47.358;0:36.931;0:42.496;0:43.964;249.9;Rik Breukers;;GTD;;GRT Grasser Racing Team;Lamborghini;
11;3;20;2:03.245;0;;36.823;1;42.564;0;43.858;1;174.0;59:50.603;15:39:50.603;0:36.823;0:42.564;0:43.858;248.5;Rik Breukers;;GTD;;GRT Grasser Racing Team;Lamborghini;
11;3;21;2:03.874;0;;36.930;0;42.858;0;44.086;0;173.1;1:01:54.477;15:41:54.477;0:36.930;0:42.858;0:44.086;248.5;Rik Breukers;;GTD;;GRT Grasser Racing Team;Lamborghini;
12;2;1;2:32.096;0;;1:03.803;0;43.514;0;44.779;0;141.0;2:32.096;14:42:32.096;1:03.803;0:43.514;0:44.779;246.7;Townsend Bell;0:00:26.535;GTD;;AIM Vasser Sullivan;Lexus;
12;2;2;2:05.379;0;;37.744;1;43.305;1;44.330;1;171.0;4:37.475;14:44:37.475;0:37.744;0:43.305;0:44.330;247.2;Townsend Bell;;GTD;;AIM Vasser Sullivan;Lexus;
12;2;3;2:16.599;0;B;37.932;0;43.389;0;55.278;0;157.0;6:54.074;14:46:54.074;0:37.932;0:43.389;0:55.278;238.1;Townsend Bell;;GTD;;AIM Vasser Sullivan;Lexus;
12;1;4;11:51.882;0;;10:23.191;0;43.528;0;45.163;0;30.1;18:45.956;14:58:45.956;10:23.191;0:43.528;0:45.163;249.0;Frank Montecalvo;0:09:56.574;GTD;;AIM Vasser Sullivan;Lexus;
12;1;5;2:08.383;0;;39.133;0;44.027;0;45.223;0;167.0;20:54.339;15:00:54.339;0:39.133;0:44.027;0:45.223;248.5;Frank Montecalvo;;GTD;;AIM Vasser Sullivan;Lexus;
12;1;6;2:07.076;0;;38.993;0;43.957;0;44.126;0;168.7;23:01.415;15:03:01.415;0:38.993;0:43.957;0:44.126;248.5;Frank Montecalvo;;GTD;;AIM Vasser Sullivan;Lexus;
12;1;7;2:05.377;0;;37.406;0;42.920;0;45.051;0;171.0;25:06.792;15:05:06.792;0:37.406;0:42.920;0:45.051;247.2;Frank Montecalvo;;GTD;;AIM Vasser Sullivan;Lexus;
12;1;8;2:14.821;0;B;37.613;0;42.886;0;54.322;0;159.0;27:21.613;15:07:21.613;0:37.613;0:42.886;0:54.322;249.4;Frank Montecalvo;;GTD;;AIM Vasser Sullivan;Lexus;
12;1;9;5:00.569;0;;3:31.706;0;44.530;0;44.333;0;71.3;32:22.182;15:12:22.182;3:31.706;0:44.530;0:44.333;247.6;Frank Montecalvo;0:03:03.993;GTD;;AIM Vasser Sullivan;Lexus;
12;1;10;2:29.120;0;B;38.972;0;47.644;0;1:02.504;0;143.8;34:51.302;15:14:51.302;0:38.972;0:47.644;1:02.504;206.4;Frank Montecalvo;;GTD;;AIM Vasser Sullivan;Lexus;
12;1;11;5:55.791;0;;4:27.506;0;44.543;0;43.742;0;60.3;40:47.093;15:20:47.093;4:27.506;0:44.543;0:43.742;248.1;Frank Montecalvo;0:04:01.164;GTD;;AIM Vasser Sullivan;Lexus;
12;1;12;2:02.988;0;;36.771;0;42.383;0;43.834;0;174.3;42:50.081;15:22:50.081;0:36.771;0:42.383;0:43.834;248.1;Frank Montecalvo;;GTD;;AIM Vasser Sullivan;Lexus;
12;1;13;2:01.851;2;;36.386;2;41.901;2;43.564;2;175.9;44:51.932;15:24:51.932;0:36.386;0:41.901;0:43.564;249.4;Frank Montecalvo;;GTD;;AIM Vasser Sullivan;Lexus;
12;1;14;2:03.336;0;;36.496;0;42.296;0;44.544;0;173.8;46:55.268;15:26:55.268;0:36.496;0:42.296;0:44.544;249.4;Frank Montecalvo;;GTD;;AIM Vasser Sullivan;Lexus;
12;1;15;2:02.360;0;;36.655;0;42.110;0;43.595;0;175.2;48:57.628;15:28:57.628;0:36.655;0:42.110;0:43.595;249.4;Frank Montecalvo;;GTD;;AIM Vasser Sullivan;Lexus;
12;1;16;2:02.940;0;;36.663;0;42.107;0;44.170;0;174.4;51:00.568;15:31:00.568;0:36.663;0:42.107;0:44.170;249.4;Frank Montecalvo;;GTD;;AIM Vasser Sullivan;Lexus;
12;1;17;2:13.186;0;B;36.730;0;42.904;0;53.552;0;161.0;53:13.754;15:33:13.754;0:36.730;0:42.904;0:53.552;249.4;Frank Montecalvo;;GTD;;AIM Vasser Sullivan;Lexus;
12;3;18;4:14.799;0;;2:47.021;0;43.481;0;44.297;0;84.1;57:28.553;15:37:28.553;2:47.021;0:43.481;0:44.297;249.0;Aaron Telitz;0:02:20.120;GTD;;AIM Vasser Sullivan;Lexus;
12;3;19;2:05.159;0;;37.299;0;43.629;0;44.231;0;171.3;59:33.712;15:39:33.712;0:37.299;0:43.629;0:44.231;249.0;Aaron Telitz;;GTD;;AIM Vasser Sullivan;Lexus;
12;3;20;2:03.321;0;;36.683;1;42.787;1;43.851;1;173.8;1:01:37.033;15:41:37.033;0:36.683;0:42.787;0:43.851;249.4;Aaron Telitz;;GTD;;AIM Vasser Sullivan;Lexus;
14;3;1;3:36.170;0;;2:03.625;0;46.608;0;45.937;0;99.2;3:36.170;14:43:36.170;2:03.625;0:46.608;0:45.937;227.0;Philipp Frommenwiler;0:01:24.319;GTD;;AIM Vasser Sullivan;Lexus;
14;3;2;2:07.372;0;;37.880;0;44.246;0;45.246;0;168.3;5:43.542;14:45:43.542;0:37.880;0:44.246;0:45.246;230.1;Philipp Frommenwiler;;GTD;;AIM Vasser Sullivan;Lexus;
14;3;3;2:26.290;0;B;40.604;0;45.947;0;59.739;0;146.6;8:09.832;14:48:09.832;0:40.604;0:45.947;0:59.739;194.6;Philipp Frommenwiler;;GTD;;AIM Vasser Sullivan;Lexus;
14;3;4;10:22.200;0;;8:51.246;0;43.490;0;47.464;0;34.5;18:32.032;14:58:32.032;8:51.246;0:43.490;0:47.464;202.1;Philipp Frommenwiler;0:08:25.686;GTD;;AIM Vasser Sullivan;Lexus;
14;3;5;2:06.160;0;;38.732;0;42.610;0;44.818;0;169.9;20:38.192;15:00:38.192;0:38.732;0:42.610;0:44.818;248.1;Philipp Frommenwiler;;GTD;;AIM Vasser Sullivan;Lexus;
14;3;6;2:04.194;0;;37.513;0;42.663;0;44.018;0;172.6;22:42.386;15:02:42.386;0:37.513;0:42.663;0:44.018;250.3;Philipp Frommenwiler;;GTD;;AIM Vasser Sullivan;Lexus;
14;3;7;2:03.965;0;;36.978;0;42.749;0;44.238;0;172.9;24:46.351;15:04:46.351;0:36.978;0:42.749;0:44.238;251.7;Philipp Frommenwiler;;GTD;;AIM Vasser Sullivan;Lexus;
14;3;8;2:16.429;0;B;37.714;0;43.421;0;55.294;0;157.1;27:02.780;15:07:02.780;0:37.714;0:43.421;0:55.294;230.1;Philipp Frommenwiler;;GTD;;AIM Vasser Sullivan;Lexus;
14;3;9;4:38.818;0;;3:11.319;0;43.182;0;44.317;0;76.9;31:41.598;15:11:41.598;3:11.319;0:43.182;0:44.317;248.5;Philipp Frommenwiler;0:02:42.645;GTD;;AIM Vasser Sullivan;Lexus;
14;3;10;2:25.524;0;B;36.439;0;43.657;0;1:05.428;0;147.3;34:07.122;15:14:07.122;0:36.439;0:43.657;1:05.428;181.2;Philipp Frommenwiler;;GTD;;AIM Vasser Sullivan;Lexus;
14;3;11;5:05.926;0;;3:38.357;0;43.535;0;44.034;0;70.1;39:13.048;15:19:13.048;3:38.357;0:43.535;0:44.034;246.7;Philipp Frommenwiler;0:03:12.154;GTD;;AIM Vasser Sullivan;Lexus;
14;3;12;2:01.914;0;;36.490;0;42.116;0;43.308;2;175.9;41:14.962;15:21:14.962;0:36.490;0:42.116;0:43.308;249.4;Philipp Frommenwiler;;GTD;;AIM Vasser Sullivan;Lexus;
14;3;13;2:01.574;2;;36.230;2;41.999;2;43.345;0;176.3;43:16.536;15:23:16.536;0:36.230;0:41.999;0:43.345;250.3;Philipp Frommenwiler;;GTD;;AIM Vasser Sullivan;Lexus;
14;3;14;2:02.208;0;;36.415;0;42.282;0;43.511;0;175.4;45:18.744;15:25:18.744;0:36.415;0:42.282;0:43.511;251.7;Philipp Frommenwiler;;GTD;;AIM Vasser Sullivan;Lexus;
14;3;15;2:12.295;0;B;36.525;0;42.372;0;53.398;0;162.1;47:31.039;15:27:31.039;0:36.525;0:42.372;0:53.398;250.8;Philipp Frommenwiler;;GTD;;AIM Vasser Sullivan;Lexus;
14;1;16;3:42.225;0;;2:15.398;0;43.025;0;43.802;0;96.5;51:13.264;15:31:13.264;2:15.398;0:43.025;0:43.802;248.5;Richard Heistand;0:01:48.494;GTD;;AIM Vasser Sullivan;Lexus;
14;1;17;2:04.258;0;;37.168;0;42.810;0;44.280;0;172.5;53:17.522;15:33:17.522;0:37.168;0:42.810;0:44.280;249.4;Richard Heistand;;GTD;;AIM Vasser Sullivan;Lexus;
14;1;18;2:03.203;0;;36.766;1;42.686;1;43.751;0;174.0;55:20.725;15:35:20.725;0:36.766;0:42.686;0:43.751;250.8;Richard Heistand;;GTD;;AIM Vasser Sullivan;Lexus;
14;1;19;2:03.841;0;;37.188;0;42.919;0;43.734;0;173.1;57:24.566;15:37:24.566;0:37.188;0:42.919;0:43.734;251.3;Richard Heistand;;GTD;;AIM Vasser Sullivan;Lexus;
14;1;20;2:04.893;0;;37.100;0;42.861;0;44.932;0;171.7;59:29.459;15:39:29.459;0:37.100;0:42.861;0:44.932;243.2;Richard Heistand;;GTD;;AIM Vasser Sullivan;Lexus;
14;1;21;2:03.963;0;;37.183;0;43.079;0;43.701;1;172.9;1:01:33.422;15:41:33.422;0:37.183;0:43.079;0:43.701;250.8;Richard Heistand;;GTD;;AIM Vasser Sullivan;Lexus;
19;3;1;19:52.045;0;;18:18.080;0;45.923;0;48.042;0;18.0;19:52.045;14:59:52.045;18:18.080;0:45.923;0:48.042;246.3;Will Hardeman;0:17:39.265;GTD;;Moorespeed;Audi;
19;3;2;2:08.188;0;;38.595;0;43.498;0;46.095;0;167.2;22:00.233;15:02:00.233;0:38.595;0:43.498;0:46.095;247.2;Will Hardeman;;GTD;;Moorespeed;Audi;
19;3;3;2:07.504;0;;38.606;0;44.154;0;44.744;0;168.1;24:07.737;15:04:07.737;0:38.606;0:44.154;0:44.744;249.0;Will Hardeman;;GTD;;Moorespeed;Audi;
19;3;4;2:07.224;0;;37.750;0;44.204;0;45.270;0;168.5;26:14.961;15:06:14.961;0:37.750;0:44.204;0:45.270;249.4;Will Hardeman;;GTD;;Moorespeed;Audi;
19;3;5;2:06.811;0;;38.068;0;43.634;0;45.109;0;169.1;28:21.772;15:08:21.772;0:38.068;0:43.634;0:45.109;249.9;Will Hardeman;;GTD;;Moorespeed;Audi;
19;3;6;9:06.083;0;B;39.224;0;44.134;0;7:42.725;0;39.3;37:27.855;15:17:27.855;0:39.224;0:44.134;7:42.725;249.4;Will Hardeman;;GTD;;Moorespeed;Audi;
19;3;7;2:37.965;0;;1:07.345;0;45.135;0;45.485;0;135.7;40:05.820;15:20:05.820;1:07.345;0:45.135;0:45.485;249.0;Will Hardeman;0:07:24.554;GTD;;Moorespeed;Audi;
19;3;8;2:06.202;0;;37.891;0;44.121;0;44.190;0;169.9;42:12.022;15:22:12.022;0:37.891;0:44.121;0:44.190;248.5;Will Hardeman;;GTD;;Moorespeed;Audi;
19;3;9;2:04.014;0;;37.335;1;42.533;1;44.146;1;172.9;44:16.036;15:24:16.036;0:37.335;0:42.533;0:44.146;249.4;Will Hardeman;;GTD;;Moorespeed;Audi;
19;3;10;2:04.852;0;;37.442;0;42.803;0;44.607;0;171.7;46:20.888;15:26:20.888;0:37.442;0:42.803;0:44.607;251.7;Will Hardeman;;GTD;;Moorespeed;Audi;
19;3;11;2:06.894;0;;38.429;0;43.123;0;45.342;0;169.0;48:27.782;15:28:27.782;0:38.429;0:43.123;0:45.342;251.7;Will Hardeman;;GTD;;Moorespeed;Audi;
19;3;12;3:47.218;0;B;37.810;0;43.308;0;2:26.100;0;94.4;52:15.000;15:32:15.000;0:37.810;0:43.308;2:26.100;249.0;Will Hardeman;;GTD;;Moorespeed;Audi;
19;1;13;2:28.968;0;;59.660;0;42.933;0;46.375;0;143.9;54:43.968;15:34:43.968;0:59.660;0:42.933;0:46.375;250.3;Andrew Davis;0:02:04.003;GTD;;Moorespeed;Audi;
19;1;14;2:03.528;0;;37.046;0;42.707;0;43.775;2;173.6;56:47.496;15:36:47.496;0:37.046;0:42.707;0:43.775;249.9;Andrew Davis;;GTD;;Moorespeed;Audi;
19;1;15;2:04.320;0;;36.873;2;42.487;2;44.960;0;172.5;58:51.816;15:38:51.816;0:36.873;0:42.487;0:44.960;248.1;Andrew Davis;;GTD;;Moorespeed;Audi;
19;1;16;2:03.339;2;;36.898;0;42.510;0;43.931;0;173.8;1:00:55.155;15:40:55.155;0:36.898;0:42.510;0:43.931;249.4;Andrew Davis;;GTD;;Moorespeed;Audi;
24;3;1;2:57.082;0;;1:18.954;0;46.682;0;51.446;0;121.1;2:57.082;14:42:57.082;1:18.954;0:46.682;0:51.446;192.7;Philipp Eng;0:00:40.445;GTLM;;BMW Team RLL;BMW;
24;3;2;2:07.279;0;;38.720;0;44.802;0;43.757;0;168.4;5:04.361;14:45:04.361;0:38.720;0:44.802;0:43.757;230.5;Philipp Eng;;GTLM;;BMW Team RLL;BMW;
24;3;3;2:35.551;0;B;36.291;0;47.995;0;1:11.265;0;137.8;7:39.912;14:47:39.912;0:36.291;0:47.995;1:11.265;171.8;Philipp Eng;;GTLM;;BMW Team RLL;BMW;
24;3;4;10:49.006;0;;9:16.750;0;43.626;0;48.630;0;33.0;18:28.918;14:58:28.918;9:16.750;0:43.626;0:48.630;151.4;Philipp Eng;0:08:54.599;GTLM;;BMW Team RLL;BMW;
24;3;5;2:03.256;0;;36.369;0;43.318;0;43.569;0;173.9;20:32.174;15:00:32.174;0:36.369;0:43.318;0:43.569;238.5;Philipp Eng;;GTLM;;BMW Team RLL;BMW;
24;3;6;2:02.025;0;;36.501;0;42.481;0;43.043;0;175.7;22:34.199;15:02:34.199;0:36.501;0:42.481;0:43.043;253.6;Philipp Eng;;GTLM;;BMW Team RLL;BMW;
24;3;7;2:00.511;0;;35.752;0;42.019;0;42.740;0;177.9;24:34.710;15:04:34.710;0:35.752;0:42.019;0:42.740;254.6;Philipp Eng;;GTLM;;BMW Team RLL;BMW;
24;3;8;2:21.053;0;;43.663;0;49.925;0;47.465;0;152.0;26:55.763;15:06:55.763;0:43.663;0:49.925;0:47.465;229.7;Philipp Eng;;GTLM;;BMW Team RLL;BMW;
24;3;9;1:59.516;0;;35.558;0;41.475;0;42.483;0;179.4;28:55.279;15:08:55.279;0:35.558;0:41.475;0:42.483;256.5;Philipp Eng;;GTLM;;BMW Team RLL;BMW;
24;3;10;1:59.287;0;;36.283;0;40.928;0;42.076;0;179.7;30:54.566;15:10:54.566;0:36.283;0:40.928;0:42.076;256.5;Philipp Eng;;GTLM;;BMW Team RLL;BMW;
24;3;11;2:24.204;0;B;36.120;0;45.686;0;1:02.398;0;148.7;33:18.770;15:13:18.770;0:36.120;0:45.686;1:02.398;160.3;Philipp Eng;;GTLM;;BMW Team RLL;BMW;
24;3;12;6:10.105;0;;4:43.426;0;43.339;0;43.340;0;57.9;39:28.875;15:19:28.875;4:43.426;0:43.339;0:43.340;251.7;Philipp Eng;0:04:16.080;GTLM;;BMW Team RLL;BMW;
24;3;13;2:02.580;0;;35.387;0;41.475;0;45.718;0;174.9;41:31.455;15:21:31.455;0:35.387;0:41.475;0:45.718;204.3;Philipp Eng;;GTLM;;BMW Team RLL;BMW;
24;3;14;1:58.149;0;;35.272;0;40.980;0;41.897;0;181.5;43:29.604;15:23:29.604;0:35.272;0:40.980;0:41.897;256.9;Philipp Eng;;GTLM;;BMW Team RLL;BMW;
24;3;15;1:57.507;2;;34.903;0;40.713;2;41.891;2;182.5;45:27.111;15:25:27.111;0:34.903;0:40.713;0:41.891;256.9;Philipp Eng;;GTLM;;BMW Team RLL;BMW;
24;3;16;2:08.846;0;B;35.397;0;41.106;0;52.343;0;166.4;47:35.957;15:27:35.957;0:35.397;0:41.106;0:52.343;256.9;Philipp Eng;;GTLM;;BMW Team RLL;BMW;
24;3;17;8:35.560;0;;7:07.854;0;44.175;0;43.531;0;41.6;56:11.517;15:36:11.517;7:07.854;0:44.175;0:43.531;248.5;Philipp Eng;0:06:39.373;GTLM;;BMW Team RLL;BMW;
24;3;18;1:59.152;0;;35.534;0;41.236;0;42.382;0;179.9;58:10.669;15:38:10.669;0:35.534;0:41.236;0:42.382;249.0;Philipp Eng;;GTLM;;BMW Team RLL;BMW;
24;3;19;1:59.391;0;;34.836;2;41.468;0;43.087;0;179.6;1:00:10.060;15:40:10.060;0:34.836;0:41.468;0:43.087;256.9;Philipp Eng;;GTLM;;BMW Team RLL;BMW;
25;2;1;2:52.641;0;;1:16.510;0;46.952;0;49.179;0;124.2;2:52.641;14:42:52.641;1:16.510;0:46.952;0:49.179;155.0;Connor De Phillippi;0:00:39.141;GTLM;;BMW Team RLL;BMW;
25;2;2;2:05.475;0;;37.450;0;44.595;0;43.430;0;170.9;4:58.116;14:44:58.116;0:37.450;0:44.595;0:43.430;245.8;Connor De Phillippi;;GTLM;;BMW Team RLL;BMW;
25;2;3;2:25.188;0;B;37.191;0;43.878;0;1:04.119;0;147.7;7:23.304;14:47:23.304;0:37.191;0:43.878;1:04.119;188.2;Connor De Phillippi;;GTLM;;BMW Team RLL;BMW;
25;2;4;11:17.591;0;;9:49.706;0;44.186;0;43.699;0;31.6;18:40.895;14:58:40.895;9:49.706;0:44.186;0:43.699;227.0;Connor De Phillippi;0:09:25.964;GTLM;;BMW Team RLL;BMW;
25;2;5;2:04.695;0;;37.047;0;43.624;0;44.024;0;171.9;20:45.590;15:00:45.590;0:37.047;0:43.624;0:44.024;235.6;Connor De Phillippi;;GTLM;;BMW Team RLL;BMW;
25;2;6;2:02.449;0;;36.389;0;42.622;0;43.438;0;175.1;22:48.039;15:02:48.039;0:36.389;0:42.622;0:43.438;249.9;Connor De Phillippi;;GTLM;;BMW Team RLL;BMW;
25;2;7;2:09.767;0;;38.298;0;46.211;0;45.258;0;165.2;24:57.806;15:04:57.806;0:38.298;0:46.211;0:45.258;218.7;Connor De Phillippi;;GTLM;;BMW Team RLL;BMW;
25;2;8;1:59.649;0;;35.651;0;41.283;0;42.715;0;179.2;26:57.455;15:06:57.455;0:35.651;0:41.283;0:42.715;254.1;Connor De Phillippi;;GTLM;;BMW Team RLL;BMW;
25;2;9;1:59.952;0;;35.423;0;41.400;0;43.129;0;178.7;28:57.407;15:08:57.407;0:35.423;0:41.400;0:43.129;255.5;Connor De Phillippi;;GTLM;;BMW Team RLL;BMW;
25;2;10;2:00.229;0;;36.226;0;41.719;0;42.284;0;178.3;30:57.636;15:10:57.636;0:36.226;0:41.719;0:42.284;254.6;Connor De Phillippi;;GTLM;;BMW Team RLL;BMW;
25;2;11;2:12.560;0;B;36.439;0;41.496;0;54.625;0;161.7;33:10.196;15:13:10.196;0:36.439;0:41.496;0:54.625;250.8;Connor De Phillippi;;GTLM;;BMW Team RLL;BMW;
25;2;12;6:16.739;0;;4:49.801;0;43.267;0;43.671;0;56.9;39:26.935;15:19:26.935;4:49.801;0:43.267;0:43.671;252.7;Connor De Phillippi;0:04:24.067;GTLM;;BMW Team RLL;BMW;
25;2;13;2:01.453;0;;35.496;0;41.560;0;44.397;0;176.5;41:28.388;15:21:28.388;0:35.496;0:41.560;0:44.397;171.6;Connor De Phillippi;;GTLM;;BMW Team RLL;BMW;
25;2;14;1:59.414;0;;35.379;0;41.138;0;42.897;0;179.5;43:27.802;15:23:27.802;0:35.379;0:41.138;0:42.897;252.2;Connor De Phillippi;;GTLM;;BMW Team RLL;BMW;
25;2;15;2:01.003;0;;35.377;0;43.054;0;42.572;0;177.2;45:28.805;15:25:28.805;0:35.377;0:43.054;0:42.572;253.6;Connor De Phillippi;;GTLM;;BMW Team RLL;BMW;
25;2;16;2:08.341;0;B;35.397;0;41.162;0;51.782;0;167.0;47:37.146;15:27:37.146;0:35.397;0:41.162;0:51.782;254.6;Connor De Phillippi;;GTLM;;BMW Team RLL;BMW;
25;2;17;8:53.607;0;;7:26.177;0;42.653;0;44.777;0;40.2;56:30.753;15:36:30.753;7:26.177;0:42.653;0:44.777;246.7;Connor De Phillippi;0:07:00.973;GTLM;;BMW Team RLL;BMW;
25;2;18;1:58.519;0;;35.005;2;41.395;0;42.119;2;180.9;58:29.272;15:38:29.272;0:35.005;0:41.395;0:42.119;254.6;Connor De Phillippi;;GTLM;;BMW Team RLL;BMW;
25;2;19;1:58.127;2;;35.096;0;40.900;2;42.131;0;181.5;1:00:27.399;15:40:27.399;0:35.096;0:40.900;0:42.131;255.0;Connor De Phillippi;;GTLM;;BMW Team RLL;BMW;
29;1;1;3:28.522;0;;1:53.890;0;48.380;0;46.252;0;102.8;3:28.522;14:43:28.522;1:53.890;0:48.380;0:46.252;245.8;Daniel Morad;0:01:12.345;GTD;;Montaplast by Land Motorsport;Audi;
29;1;2;2:05.801;0;;38.208;0;43.164;0;44.429;0;170.4;5:34.323;14:45:34.323;0:38.208;0:43.164;0:44.429;250.3;Daniel Morad;;GTD;;Montaplast by Land Motorsport;Audi;
29;1;3;16:38.030;0;B;43.859;0;46.082;0;15:08.089;0;21.5;22:12.353;15:02:12.353;0:43.859;0:46.082;15:08.089;208.9;Daniel Morad;;GTD;;Montaplast by Land Motorsport;Audi;
29;1;4;2:33.478;0;;1:00.328;0;46.346;0;46.804;0;139.7;24:45.831;15:04:45.831;1:00.328;0:46.346;0:46.804;246.7;Daniel Morad;0:14:44.401;GTD;;Montaplast by Land Motorsport;Audi;
29;1;5;2:05.284;0;;37.587;0;43.080;0;44.617;0;171.1;26:51.115;15:06:51.115;0:37.587;0:43.080;0:44.617;249.9;Daniel Morad;;GTD;;Montaplast by Land Motorsport;Audi;
29;1;6;2:05.159;0;;37.498;0;42.788;0;44.873;0;171.3;28:56.274;15:08:56.274;0:37.498;0:42.788;0:44.873;249.0;Daniel Morad;;GTD;;Montaplast by Land Motorsport;Audi;
29;1;7;8:27.413;0;B;37.565;0;45.378;0;7:04.470;0;42.3;37:23.687;15:17:23.687;0:37.565;0:45.378;7:04.470;213.9;Daniel Morad;;GTD;;Montaplast by Land Motorsport;Audi;
29;1;8;2:32.442;0;;1:00.948;0;45.236;0;46.258;0;140.6;39:56.129;15:19:56.129;1:00.948;0:45.236;0:46.258;247.2;Daniel Morad;0:06:41.413;GTD;;Montaplast by Land Motorsport;Audi;
29;1;9;2:03.394;0;;37.178;0;42.514;0;43.702;1;173.7;41:59.523;15:21:59.523;0:37.178;0:42.514;0:43.702;249.9;Daniel Morad;;GTD;;Montaplast by Land Motorsport;Audi;
29;1;10;2:02.490;2;;36.644;2;42.143;2;43.703;0;175.0;44:02.013;15:24:02.013;0:36.644;0:42.143;0:43.703;249.9;Daniel Morad;;GTD;;Montaplast by Land Motorsport;Audi;
29;1;11;3:18.361;0;B;38.112;0;44.365;0;1:55.884;0;108.1;47:20.374;15:27:20.374;0:38.112;0:44.365;1:55.884;245.4;Daniel Morad;;GTD;;Montaplast by Land Motorsport;Audi;
29;3;12;2:24.811;0;;58.656;0;42.304;0;43.851;0;148.1;49:45.185;15:29:45.185;0:58.656;0:42.304;0:43.851;249.9;Ricky Feller;0:01:33.617;GTD;;Montaplast by Land Motorsport;Audi;
29;3;13;3:00.326;0;B;36.815;0;42.874;0;1:40.637;0;118.9;52:45.511;15:32:45.511;0:36.815;0:42.874;1:40.637;249.0;Ricky Feller;;GTD;;Montaplast by Land Motorsport;Audi;
29;3;14;2:23.650;0;;57.366;0;42.576;0;43.708;0;149.2;55:09.161;15:35:09.161;0:57.366;0:42.576;0:43.708;250.3;Ricky Feller;0:01:21.439;GTD;;Montaplast by Land Motorsport;Audi;
29;3;15;2:02.606;0;;36.679;1;42.231;1;43.696;0;174.9;57:11.767;15:37:11.767;0:36.679;0:42.231;0:43.696;249.9;Ricky Feller;;GTD;;Montaplast by Land Motorsport;Audi;
29;3;16;2:03.062;0;;36.781;0;42.603;0;43.678;2;174.2;59:14.829;15:39:14.829;0:36.781;0:42.603;0:43.678;249.9;Ricky Feller;;GTD;;Montaplast by Land Motorsport;Audi;
29;3;17;2:03.845;0;;36.903;0;42.647;0;44.295;0;173.1;1:01:18.674;15:41:18.674;0:36.903;0:42.647;0:44.295;249.9;Ricky Feller;;GTD;;Montaplast by Land Motorsport;Audi;
3;2;1;3:43.182;0;;2:16.536;0;43.775;0;42.871;0;96.1;3:43.182;14:43:43.182;2:16.536;0:43.775;0:42.871;252.2;Antonio Garcia;0:01:38.585;GTLM;;Corvette Racing;Chevrolet;
3;2;2;1:58.182;0;;35.396;0;40.705;2;42.081;0;181.4;5:41.364;14:45:41.364;0:35.396;0:40.705;0:42.081;255.5;Antonio Garcia;;GTLM;;Corvette Racing;Chevrolet;
3;2;3;2:23.449;0;B;39.710;0;45.504;0;58.235;0;149.5;8:04.813;14:48:04.813;0:39.710;0:45.504;0:58.235;196.3;Antonio Garcia;;GTLM;;Corvette Racing;Chevrolet;
3;2;4;11:25.335;0;;10:00.624;0;42.333;0;42.378;0;31.3;19:30.148;14:59:30.148;10:00.624;0:42.333;0:42.378;254.1;Antonio Garcia;0:09:35.342;GTLM;;Corvette Racing;Chevrolet;
3;2;5;1:58.457;0;;35.456;0;40.942;0;42.059;0;181.0;21:28.605;15:01:28.605;0:35.456;0:40.942;0:42.059;254.1;Antonio Garcia;;GTLM;;Corvette Racing;Chevrolet;
3;2;6;1:57.647;2;;35.256;0;40.774;0;41.617;2;182.2;23:26.252;15:03:26.252;0:35.256;0:40.774;0:41.617;255.0;Antonio Garcia;;GTLM;;Corvette Racing;Chevrolet;
3;2;7;2:08.685;0;B;35.183;0;40.877;0;52.625;0;166.6;25:34.937;15:05:34.937;0:35.183;0:40.877;0:52.625;256.9;Antonio Garcia;;GTLM;;Corvette Racing;Chevrolet;
3;2;8;9:08.238;0;B;7:12.256;0;51.869;0;1:04.113;0;39.1;34:43.175;15:14:43.175;7:12.256;0:51.869;1:04.113;199.2;Antonio Garcia;0:06:44.580;GTLM;;Corvette Racing;Chevrolet;
3;2;9;5:43.110;0;;4:16.101;0;44.816;0;42.193;0;62.5;40:26.285;15:20:26.285;4:16.101;0:44.816;0:42.193;254.1;Antonio Garcia;0:03:47.404;GTLM;;Corvette Racing;Chevrolet;
3;2;10;1:58.380;0;;35.490;0;41.041;0;41.849;0;181.1;42:24.665;15:22:24.665;0:35.490;0:41.041;0:41.849;255.5;Antonio Garcia;;GTLM;;Corvette Racing;Chevrolet;
3;2;11;2:04.278;0;;35.329;0;43.251;0;45.698;0;172.5;44:28.943;15:24:28.943;0:35.329;0:43.251;0:45.698;255.0;Antonio Garcia;;GTLM;;Corvette Racing;Chevrolet;
3;2;12;1:57.716;0;;35.154;0;40.808;0;41.754;0;182.1;46:26.659;15:26:26.659;0:35.154;0:40.808;0:41.754;256.9;Antonio Garcia;;GTLM;;Corvette Racing;Chevrolet;
3;2;13;2:11.225;0;B;35.098;2;41.261;0;54.866;0;163.4;48:37.884;15:28:37.884;0:35.098;0:41.261;0:54.866;238.5;Antonio Garcia;;GTLM;;Corvette Racing;Chevrolet;
3;1;14;3:42.221;0;B;2:05.303;0;43.672;0;53.246;0;96.5;52:20.105;15:32:20.105;2:05.303;0:43.672;0:53.246;253.6;Jan Magnussen;0:01:40.010;GTLM;;Corvette Racing;Chevrolet;
3;1;15;2:22.623;0;;56.257;0;41.558;0;44.808;0;150.3;54:42.728;15:34:42.728;0:56.257;0:41.558;0:44.808;255.0;Jan Magnussen;0:00:32.504;GTLM;;Corvette Racing;Chevrolet;
3;1;16;1:58.788;0;;35.436;0;41.108;1;42.244;0;180.5;56:41.516;15:36:41.516;0:35.436;0:41.108;0:42.244;256.5;Jan Magnussen;;GTLM;;Corvette Racing;Chevrolet;
3;1;17;1:58.768;0;;35.380;1;41.252;0;42.136;1;180.5;58:40.284;15:38:40.284;0:35.380;0:41.252;0:42.136;257.4;Jan Magnussen;;GTLM;;Corvette Racing;Chevrolet;
3;1;18;2:00.222;0;;36.182;0;41.274;0;42.766;0;178.3;1:00:40.506;15:40:40.506;0:36.182;0:41.274;0:42.766;245.8;Jan Magnussen;;GTLM;;Corvette Racing;Chevrolet;
31;3;1;2:09.249;0;;43.383;0;41.530;0;44.336;0;165.9;2:09.249;14:42:09.249;0:43.383;0:41.530;0:44.336;201.2;Pipo Derani;0:00:07.944;DPi;;Whelen Engineering Racing;Cadillac;
31;3;2;1:54.330;0;;33.277;0;38.800;0;42.253;0;187.5;4:03.579;14:44:03.579;0:33.277;0:38.800;0:42.253;259.4;Pipo Derani;;DPi;;Whelen Engineering Racing;Cadillac;
31;3;3;1:48.222;0;;32.272;0;37.735;0;38.215;0;198.1;5:51.801;14:45:51.801;0:32.272;0:37.735;0:38.215;276.8;Pipo Derani;;DPi;;Whelen Engineering Racing;Cadillac;
31;3;4;2:22.531;0;B;36.522;0;44.249;0;1:01.760;0;150.4;8:14.332;14:48:14.332;0:36.522;0:44.249;1:01.760;184.9;Pipo Derani;;DPi;;Whelen Engineering Racing;Cadillac;
31;3;5;11:57.045;0;;10:36.684;0;39.922;0;40.439;0;29.9;20:11.377;15:00:11.377;10:36.684;0:39.922;0:40.439;274.5;Pipo Derani;0:10:16.909;DPi;;Whelen Engineering Racing;Cadillac;
31;3;6;1:50.218;0;;33.192;0;38.641;0;38.385;0;194.5;22:01.595;15:02:01.595;0:33.192;0:38.641;0:38.385;276.2;Pipo Derani;;DPi;;Whelen Engineering Racing;Cadillac;
31;3;7;1:49.877;0;;32.994;0;37.800;0;39.083;0;195.1;23:51.472;15:03:51.472;0:32.994;0:37.800;0:39.083;276.8;Pipo Derani;;DPi;;Whelen Engineering Racing;Cadillac;
31;3;8;1:47.866;0;;32.405;0;37.522;0;37.939;2;198.8;25:39.338;15:05:39.338;0:32.405;0:37.522;0:37.939;276.8;Pipo Derani;;DPi;;Whelen Engineering Racing;Cadillac;
31;3;9;1:51.533;0;;33.688;0;38.896;0;38.949;0;192.2;27:30.871;15:07:30.871;0:33.688;0:38.896;0:38.949;276.8;Pipo Derani;;DPi;;Whelen Engineering Racing;Cadillac;
31;3;10;1:47.649;2;;32.217;0;37.471;2;37.961;0;199.2;29:18.520;15:09:18.520;0:32.217;0:37.471;0:37.961;278.4;Pipo Derani;;DPi;;Whelen Engineering Racing;Cadillac;
31;3;11;1:58.463;0;B;32.041;2;38.068;0;48.354;0;181.0;31:16.983;15:11:16.983;0:32.041;0:38.068;0:48.354;277.3;Pipo Derani;;DPi;;Whelen Engineering Racing;Cadillac;
31;2;12;9:33.460;0;;8:15.131;0;39.098;0;39.231;0;37.4;40:50.443;15:20:50.443;8:15.131;0:39.098;0:39.231;275.1;Eric Curran;0:07:52.061;DPi;;Whelen Engineering Racing;Cadillac;
31;2;13;1:49.662;0;;32.729;0;38.105;0;38.828;0;195.5;42:40.105;15:22:40.105;0:32.729;0:38.105;0:38.828;276.8;Eric Curran;;DPi;;Whelen Engineering Racing;Cadillac;
31;2;14;1:51.570;0;;32.723;0;39.095;0;39.752;0;192.2;44:31.675;15:24:31.675;0:32.723;0:39.095;0:39.752;276.2;Eric Curran;;DPi;;Whelen Engineering Racing;Cadillac;
31;2;15;1:50.636;0;;32.717;0;38.471;0;39.448;0;193.8;46:22.311;15:26:22.311;0:32.717;0:38.471;0:39.448;275.6;Eric Curran;;DPi;;Whelen Engineering Racing;Cadillac;
31;2;16;1:55.035;0;;35.420;0;38.114;0;41.501;0;186.4;48:17.346;15:28:17.346;0:35.420;0:38.114;0:41.501;227.8;Eric Curran;;DPi;;Whelen Engineering Racing;Cadillac;
31;2;17;1:49.747;0;;32.523;1;37.945;1;39.279;0;195.4;50:07.093;15:30:07.093;0:32.523;0:37.945;0:39.279;275.6;Eric Curran;;DPi;;Whelen Engineering Racing;Cadillac;
31;2;18;1:53.061;0;;32.964;0;38.704;0;41.393;0;189.6;52:00.154;15:32:00.154;0:32.964;0:38.704;0:41.393;274.0;Eric Curran;;DPi;;Whelen Engineering Racing;Cadillac;
31;2;19;1:51.845;0;;33.208;0;38.248;0;40.389;0;191.7;53:51.999;15:33:51.999;0:33.208;0:38.248;0:40.389;274.5;Eric Curran;;DPi;;Whelen Engineering Racing;Cadillac;
31;2;20;1:49.388;0;;32.605;0;38.058;0;38.725;0;196.0;55:41.387;15:35:41.387;0:32.605;0:38.058;0:38.725;276.8;Eric Curran;;DPi;;Whelen Engineering Racing;Cadillac;
31;2;21;1:49.309;0;;32.599;0;38.138;0;38.572;1;196.1;57:30.696;15:37:30.696;0:32.599;0:38.138;0:38.572;277.9;Eric Curran;;DPi;;Whelen Engineering Racing;Cadillac;
31;2;22;1:52.310;0;;34.366;0;38.998;0;38.946;0;190.9;59:23.006;15:39:23.006;0:34.366;0:38.998;0:38.946;276.2;Eric Curran;;DPi;;Whelen Engineering Racing;Cadillac;
31;2;23;1:52.159;0;;33.001;0;38.585;0;40.573;0;191.2;1:01:15.165;15:41:15.165;0:33.001;0:38.585;0:40.573;275.6;Eric Curran;;DPi;;Whelen Engineering Racing;Cadillac;
33;2;1;2:55.218;0;;1:23.740;0;45.563;0;45.915;0;122.4;2:55.218;14:42:55.218;1:23.740;0:45.563;0:45.915;220.8;Jeroen Bleekemolen;0:00:45.425;GTD;;Riley Motorsports - Team AMG;Mercedes-AMG;
33;2;2;2:05.217;0;;37.213;0;42.862;0;45.142;0;171.2;5:00.435;14:45:00.435;0:37.213;0:42.862;0:45.142;233.2;Jeroen Bleekemolen;;GTD;;Riley Motorsports - Team AMG;Mercedes-AMG;
33;2;3;2:29.734;0;B;36.486;0;46.462;0;1:06.786;0;143.2;7:30.169;14:47:30.169;0:36.486;0:46.462;1:06.786;243.6;Jeroen Bleekemolen;;GTD;;Riley Motorsports - Team AMG;Mercedes-AMG;
33;2;4;11:20.611;0;;9:51.763;0;44.354;0;44.494;0;31.5;18:50.780;14:58:50.780;9:51.763;0:44.354;0:44.494;247.6;Jeroen Bleekemolen;0:09:28.189;GTD;;Riley Motorsports - Team AMG;Mercedes-AMG;
33;2;5;2:03.038;0;;36.936;0;42.181;0;43.921;0;174.2;20:53.818;15:00:53.818;0:36.936;0:42.181;0:43.921;246.3;Jeroen Bleekemolen;;GTD;;Riley Motorsports - Team AMG;Mercedes-AMG;
33;2;6;2:01.926;0;;36.420;0;42.129;0;43.377;0;175.8;22:55.744;15:02:55.744;0:36.420;0:42.129;0:43.377;247.6;Jeroen Bleekemolen;;GTD;;Riley Motorsports - Team AMG;Mercedes-AMG;
33;2;7;2:13.172;0;B;36.583;0;42.616;0;53.973;0;161.0;25:08.916;15:05:08.916;0:36.583;0:42.616;0:53.973;248.1;Jeroen Bleekemolen;;GTD;;Riley Motorsports - Team AMG;Mercedes-AMG;
33;2;8;4:43.287;0;;3:16.458;0;42.611;0;44.218;0;75.7;29:52.203;15:09:52.203;3:16.458;0:42.611;0:44.218;248.5;Jeroen Bleekemolen;0:02:51.953;GTD;;Riley Motorsports - Team AMG;Mercedes-AMG;
33;2;9;2:01.583;2;;36.340;2;41.897;2;43.346;2;176.3;31:53.786;15:11:53.786;0:36.340;0:41.897;0:43.346;248.5;Jeroen Bleekemolen;;GTD;;Riley Motorsports - Team AMG;Mercedes-AMG;
33;2;10;2:15.345;0;B;36.282;0;43.132;0;55.931;0;158.4;34:09.131;15:14:09.131;0:36.282;0:43.132;0:55.931;247.6;Jeroen Bleekemolen;;GTD;;Riley Motorsports - Team AMG;Mercedes-AMG;
33;2;11;8:24.008;0;;6:57.404;0;42.659;0;43.945;0;42.5;42:33.139;15:22:33.139;6:57.404;0:42.659;0:43.945;248.1;Jeroen Bleekemolen;0:06:32.699;GTD;;Riley Motorsports - Team AMG;Mercedes-AMG;
33;2;12;2:12.410;0;B;36.550;0;42.014;0;53.846;0;161.9;44:45.549;15:24:45.549;0:36.550;0:42.014;0:53.846;249.0;Jeroen Bleekemolen;;GTD;;Riley Motorsports - Team AMG;Mercedes-AMG;
33;1;13;3:25.479;0;;1:56.013;0;44.186;0;45.280;0;104.3;48:11.028;15:28:11.028;1:56.013;0:44.186;0:45.280;247.2;Ben Keating;0:01:27.210;GTD;;Riley Motorsports - Team AMG;Mercedes-AMG;
33;1;14;2:04.486;0;;37.537;0;42.665;0;44.284;0;172.2;50:15.514;15:30:15.514;0:37.537;0:42.665;0:44.284;249.0;Ben Keating;;GTD;;Riley Motorsports - Team AMG;Mercedes-AMG;
33;1;15;2:04.139;0;;37.555;0;42.499;0;44.085;0;172.7;52:19.653;15:32:19.653;0:37.555;0:42.499;0:44.085;247.2;Ben Keating;;GTD;;Riley Motorsports - Team AMG;Mercedes-AMG;
33;1;16;2:04.115;0;;37.789;0;42.464;1;43.862;1;172.7;54:23.768;15:34:23.768;0:37.789;0:42.464;0:43.862;248.5;Ben Keating;;GTD;;Riley Motorsports - Team AMG;Mercedes-AMG;
33;1;17;2:04.525;0;;37.796;0;42.552;0;44.177;0;172.2;56:28.293;15:36:28.293;0:37.796;0:42.552;0:44.177;248.5;Ben Keating;;GTD;;Riley Motorsports - Team AMG;Mercedes-AMG;
33;1;18;2:03.640;0;;36.706;1;42.539;0;44.395;0;173.4;58:31.933;15:38:31.933;0:36.706;0:42.539;0:44.395;249.4;Ben Keating;;GTD;;Riley Motorsports - Team AMG;Mercedes-AMG;
33;1;19;2:09.618;0;;36.891;0;47.075;0;45.652;0;165.4;1:00:41.551;15:40:41.551;0:36.891;0:47.075;0:45.652;220.1;Ben Keating;;GTD;;Riley Motorsports - Team AMG;Mercedes-AMG;
38;3;1;7:28.611;0;B;5:34.128;0;48.805;0;1:05.678;0;47.8;7:28.611;14:47:28.611;5:34.128;0:48.805;1:05.678;236.5;Cameron Cassels;0:04:46.774;LMP2;;Performance Tech Motorsports;ORECA;
38;3;2;10:53.034;0;;9:22.603;0;45.850;0;44.581;0;32.8;18:21.645;14:58:21.645;9:22.603;0:45.850;0:44.581;244.1;Cameron Cassels;0:08:56.672;LMP2;;Performance Tech Motorsports;ORECA;
38;3;3;2:02.642;0;;36.889;0;42.892;0;42.861;0;174.8;20:24.287;15:00:24.287;0:36.889;0:42.892;0:42.861;242.3;Cameron Cassels;;LMP2;;Performance Tech Motorsports;ORECA;
38;3;4;2:01.899;0;;37.147;0;42.022;0;42.730;0;175.9;22:26.186;15:02:26.186;0:37.147;0:42.022;0:42.730;264.9;Cameron Cassels;;LMP2;;Performance Tech Motorsports;ORECA;
38;3;5;1:58.632;0;;36.773;0;40.802;0;41.057;0;180.7;24:24.818;15:04:24.818;0:36.773;0:40.802;0:41.057;268.1;Cameron Cassels;;LMP2;;Performance Tech Motorsports;ORECA;
38;3;6;1:57.352;0;;35.778;0;40.397;0;41.177;0;182.7;26:22.170;15:06:22.170;0:35.778;0:40.397;0:41.177;269.1;Cameron Cassels;;LMP2;;Performance Tech Motorsports;ORECA;
38;3;7;1:57.539;0;;35.317;0;39.904;0;42.318;0;182.4;28:19.709;15:08:19.709;0:35.317;0:39.904;0:42.318;266.0;Cameron Cassels;;LMP2;;Performance Tech Motorsports;ORECA;
38;3;8;1:55.708;2;;35.277;1;39.740;2;40.691;0;185.3;30:15.417;15:10:15.417;0:35.277;0:39.740;0:40.691;271.3;Cameron Cassels;;LMP2;;Performance Tech Motorsports;ORECA;
38;3;9;1:58.263;0;;37.070;0;40.679;0;40.514;1;181.3;32:13.680;15:12:13.680;0:37.070;0:40.679;0:40.514;271.3;Cameron Cassels;;LMP2;;Performance Tech Motorsports;ORECA;
38;3;10;2:31.353;0;B;35.695;0;50.262;0;1:05.396;0;141.7;34:45.033;15:14:45.033;0:35.695;0:50.262;1:05.396;209.9;Cameron Cassels;;LMP2;;Performance Tech Motorsports;ORECA;
38;2;11;5:22.505;0;;3:52.704;0;46.300;0;43.501;0;66.5;40:07.538;15:20:07.538;3:52.704;0:46.300;0:43.501;269.1;Andrew Evans;0:03:24.632;LMP2;;Performance Tech Motorsports;ORECA;
38;2;12;2:01.216;0;;36.203;0;42.734;0;42.279;0;176.9;42:08.754;15:22:08.754;0:36.203;0:42.734;0:42.279;272.3;Andrew Evans;;LMP2;;Performance Tech Motorsports;ORECA;
38;2;13;1:58.504;0;;35.212;0;41.945;0;41.347;0;180.9;44:07.258;15:24:07.258;0:35.212;0:41.945;0:41.347;271.8;Andrew Evans;;LMP2;;Performance Tech Motorsports;ORECA;
38;2;14;1:58.455;0;;35.318;0;41.915;0;41.222;0;181.0;46:05.713;15:26:05.713;0:35.318;0:41.915;0:41.222;273.4;Andrew Evans;;LMP2;;Performance Tech Motorsports;ORECA;
38;2;15;1:57.657;0;;35.621;0;40.981;1;41.055;0;182.2;48:03.370;15:28:03.370;0:35.621;0:40.981;0:41.055;272.3;Andrew Evans;;LMP2;;Performance Tech Motorsports;ORECA;
38;2;16;1:57.572;0;;35.571;0;41.501;0;40.500;2;182.4;50:00.942;15:30:00.942;0:35.571;0:41.501;0:40.500;271.8;Andrew Evans;;LMP2;;Performance Tech Motorsports;ORECA;
38;2;17;2:01.629;0;;34.937;2;41.618;0;45.074;0;176.3;52:02.571;15:32:02.571;0:34.937;0:41.618;0:45.074;269.6;Andrew Evans;;LMP2;;Performance Tech Motorsports;ORECA;
38;2;18;2:00.136;0;;37.719;0;41.357;0;41.060;0;178.5;54:02.707;15:34:02.707;0:37.719;0:41.357;0:41.060;271.8;Andrew Evans;;LMP2;;Performance Tech Motorsports;ORECA;
38;2;19;1:58.305;0;;35.401;0;41.695;0;41.209;0;181.2;56:01.012;15:36:01.012;0:35.401;0:41.695;0:41.209;272.9;Andrew Evans;;LMP2;;Performance Tech Motorsports;ORECA;
38;2;20;1:58.690;0;;36.204;0;41.172;0;41.314;0;180.6;57:59.702;15:37:59.702;0:36.204;0:41.172;0:41.314;274.5;Andrew Evans;;LMP2;;Performance Tech Motorsports;ORECA;
38;2;21;1:56.776;0;;35.200;0;41.065;0;40.511;0;183.6;59:56.478;15:39:56.478;0:35.200;0:41.065;0:40.511;272.9;Andrew Evans;;LMP2;;Performance Tech Motorsports;ORECA;
4;3;1;3:01.852;0;;1:30.884;0;46.604;0;44.364;0;117.9;3:01.852;14:43:01.852;1:30.884;0:46.604;0:44.364;251.7;Marcel Fassler;0:00:49.355;GTLM;;Corvette Racing;Chevrolet;
4;3;2;2:00.562;0;;35.755;0;42.236;0;42.571;0;177.8;5:02.414;14:45:02.414;0:35.755;0:42.236;0:42.571;256.0;Marcel Fassler;;GTLM;;Corvette Racing;Chevrolet;
4;3;3;2:30.700;0;B;35.482;0;46.090;0;1:09.128;0;142.3;7:33.114;14:47:33.114;0:35.482;0:46.090;1:09.128;213.2;Marcel Fassler;;GTLM;;Corvette Racing;Chevrolet;
4;3;4;10:40.259;0;;9:14.917;0;42.511;0;42.831;0;33.5;18:13.373;14:58:13.373;9:14.917;0:42.511;0:42.831;255.0;Marcel Fassler;0:08:54.630;GTLM;;Corvette Racing;Chevrolet;
4;3;5;2:01.307;0;;36.020;0;41.421;0;43.866;0;176.7;20:14.680;15:00:14.680;0:36.020;0:41.421;0:43.866;256.0;Marcel Fassler;;GTLM;;Corvette Racing;Chevrolet;
4;3;6;1:59.366;0;;35.717;0;41.307;0;42.342;0;179.6;22:14.046;15:02:14.046;0:35.717;0:41.307;0:42.342;254.6;Marcel Fassler;;GTLM;;Corvette Racing;Chevrolet;
4;3;7;2:01.349;0;;35.802;0;42.488;0;43.059;0;176.7;24:15.395;15:04:15.395;0:35.802;0:42.488;0:43.059;255.0;Marcel Fassler;;GTLM;;Corvette Racing;Chevrolet;
4;3;8;1:59.533;0;;35.555;0;41.422;0;42.556;0;179.4;26:14.928;15:06:14.928;0:35.555;0:41.422;0:42.556;257.4;Marcel Fassler;;GTLM;;Corvette Racing;Chevrolet;
4;3;9;1:58.782;0;;35.460;0;41.033;0;42.289;0;180.5;28:13.710;15:08:13.710;0:35.460;0:41.033;0:42.289;256.9;Marcel Fassler;;GTLM;;Corvette Racing;Chevrolet;
4;3;10;2:08.560;0;B;35.489;0;41.463;0;51.608;0;166.8;30:22.270;15:10:22.270;0:35.489;0:41.463;0:51.608;257.4;Marcel Fassler;;GTLM;;Corvette Racing;Chevrolet;
4;3;11;9:42.364;0;;8:16.000;0;42.896;0;43.468;0;36.8;40:04.634;15:20:04.634;8:16.000;0:42.896;0:43.468;255.0;Marcel Fassler;0:07:50.518;GTLM;;Corvette Racing;Chevrolet;
4;3;12;1:59.501;0;;35.673;0;41.459;0;42.369;0;179.4;42:04.135;15:22:04.135;0:35.673;0:41.459;0:42.369;256.9;Marcel Fassler;;GTLM;;Corvette Racing;Chevrolet;
4;3;13;1:58.518;0;;35.307;0;41.098;0;42.113;0;180.9;44:02.653;15:24:02.653;0:35.307;0:41.098;0:42.113;257.4;Marcel Fassler;;GTLM;;Corvette Racing;Chevrolet;
4;3;14;1:58.446;2;;35.453;0;40.968;2;42.025;1;181.0;46:01.099;15:26:01.099;0:35.453;0:40.968;0:42.025;257.9;Marcel Fassler;;GTLM;;Corvette Racing;Chevrolet;
4;3;15;1:58.685;0;;35.194;2;41.215;0;42.276;0;180.6;47:59.784;15:27:59.784;0:35.194;0:41.215;0:42.276;257.4;Marcel Fassler;;GTLM;;Corvette Racing;Chevrolet;
4;3;16;2:08.421;0;B;35.320;0;41.353;0;51.748;0;166.9;50:08.205;15:30:08.205;0:35.320;0:41.353;0:51.748;258.9;Marcel Fassler;;GTLM;;Corvette Racing;Chevrolet;
4;1;17;3:57.473;0;;2:33.405;0;41.610;0;42.458;0;90.3;54:05.678;15:34:05.678;2:33.405;0:41.610;0:42.458;255.5;Oliver Gavin;0:02:06.584;GTLM;;Corvette Racing;Chevrolet;
4;1;18;1:58.788;0;;35.670;0;41.032;0;42.086;0;180.5;56:04.466;15:36:04.466;0:35.670;0:41.032;0:42.086;257.9;Oliver Gavin;;GTLM;;Corvette Racing;Chevrolet;
4;1;19;1:58.646;0;;35.544;0;41.008;1;42.094;0;180.7;58:03.112;15:38:03.112;0:35.544;0:41.008;0:42.094;257.9;Oliver Gavin;;GTLM;;Corvette Racing;Chevrolet;
4;1;20;1:58.835;0;;35.455;1;41.400;0;41.980;2;180.4;1:00:01.947;15:40:01.947;0:35.455;0:41.400;0:41.980;257.9;Oliver Gavin;;GTLM;;Corvette Racing;Chevrolet;
44;2;1;4:28.720;0;B;1:45.275;0;43.460;0;1:59.985;0;79.8;4:28.720;14:44:28.720;1:45.275;0:43.460;1:59.985;247.6;Andy Lally;0:01:08.355;GTD;;Magnus Racing;Lamborghini;
44;2;2;12:00.005;0;B;1:02.684;0;46.869;0;10:10.452;0;29.8;16:28.725;14:56:28.725;1:02.684;0:46.869;10:10.452;206.1;Andy Lally;0:01:41.012;GTD;;Magnus Racing;Lamborghini;
44;2;3;2:25.132;0;;58.571;0;42.516;0;44.045;0;147.7;18:53.857;14:58:53.857;0:58.571;0:42.516;0:44.045;245.0;Andy Lally;0:09:41.893;GTD;;Magnus Racing;Lamborghini;
44;2;4;2:02.312;2;;36.663;0;42.103;2;43.546;2;175.3;20:56.169;15:00:56.169;0:36.663;0:42.103;0:43.546;247.6;Andy Lally;;GTD;;Magnus Racing;Lamborghini;
44;2;5;5:31.171;0;B;37.064;0;42.188;0;4:11.919;0;64.7;26:27.340;15:06:27.340;0:37.064;0:42.188;4:11.919;247.6;Andy Lally;;GTD;;Magnus Racing;Lamborghini;
44;2;6;2:32.245;0;;1:03.490;0;44.448;0;44.307;0;140.8;28:59.585;15:08:59.585;1:03.490;0:44.448;0:44.307;244.1;Andy Lally;0:03:54.634;GTD;;Magnus Racing;Lamborghini;
44;2;7;2:02.902;0;;36.542;0;42.724;0;43.636;0;174.4;31:02.487;15:11:02.487;0:36.542;0:42.724;0:43.636;250.8;Andy Lally;;GTD;;Magnus Racing;Lamborghini;
44;2;8;6:18.160;0;B;36.442;2;42.122;0;4:59.596;0;56.7;37:20.647;15:17:20.647;0:36.442;0:42.122;4:59.596;195.5;Andy Lally;;GTD;;Magnus Racing;Lamborghini;
44;3;9;2:26.131;0;;59.261;0;42.693;0;44.177;0;146.7;39:46.778;15:19:46.778;0:59.261;0:42.693;0:44.177;248.5;Spencer Pumpelly;0:04:30.375;GTD;;Magnus Racing;Lamborghini;
44;3;10;5:04.482;0;B;37.341;0;43.183;0;3:43.958;0;70.4;44:51.260;15:24:51.260;0:37.341;0:43.183;3:43.958;249.0;Spencer Pumpelly;;GTD;;Magnus Racing;Lamborghini;
44;3;11;2:26.459;0;;58.337;0;43.257;0;44.865;0;146.4;47:17.719;15:27:17.719;0:58.337;0:43.257;0:44.865;245.8;Spencer Pumpelly;0:03:23.140;GTD;;Magnus Racing;Lamborghini;
44;3;12;2:03.238;0;;36.710;0;42.557;0;43.971;1;174.0;49:20.957;15:29:20.957;0:36.710;0:42.557;0:43.971;249.0;Spencer Pumpelly;;GTD;;Magnus Racing;Lamborghini;
44;3;13;4:09.981;0;B;37.534;0;42.507;0;2:49.940;0;85.8;53:30.938;15:33:30.938;0:37.534;0:42.507;2:49.940;248.1;Spencer Pumpelly;;GTD;;Magnus Racing;Lamborghini;
44;3;14;2:25.759;0;;58.400;0;43.350;0;44.009;0;147.1;55:56.697;15:35:56.697;0:58.400;0:43.350;0:44.009;247.6;Spencer Pumpelly;0:02:29.606;GTD;;Magnus Racing;Lamborghini;
44;3;15;3:39.185;0;B;36.470;1;42.109;1;2:20.606;0;97.8;59:35.882;15:39:35.882;0:36.470;0:42.109;2:20.606;249.4;Spencer Pumpelly;;GTD;;Magnus Racing;Lamborghini;
47;2;1;3:25.528;0;;1:50.423;0;47.906;0;47.199;0;104.3;3:25.528;14:43:25.528;1:50.423;0:47.906;0:47.199;245.4;Don Yount;0:01:09.785;GTD;;Precision Performance Motorsports (PPM);Lamborghini;
47;2;2;2:06.894;2;;38.970;2;43.332;2;44.592;2;169.0;5:32.422;14:45:32.422;0:38.970;0:43.332;0:44.592;249.0;Don Yount;;GTD;;Precision Performance Motorsports (PPM);Lamborghini;
48;3;1;4:49.946;0;;3:18.118;0;45.528;0;46.300;0;73.9;4:49.946;14:44:49.946;3:18.118;0:45.528;0:46.300;238.5;Corey Lewis;0:02:39.652;GTD;;Paul Miller Racing;Lamborghini;
48;3;2;11:41.770;0;B;37.850;0;42.823;0;10:21.097;0;30.6;16:31.716;14:56:31.716;0:37.850;0:42.823;10:21.097;162.6;Corey Lewis;;GTD;;Paul Miller Racing;Lamborghini;
48;3;3;2:25.441;0;;58.447;0;42.912;0;44.082;0;147.4;18:57.157;14:58:57.157;0:58.447;0:42.912;0:44.082;249.9;Corey Lewis;0:09:47.580;GTD;;Paul Miller Racing;Lamborghini;
48;3;4;2:03.261;0;;36.940;0;42.401;0;43.920;0;173.9;21:00.418;15:01:00.418;0:36.940;0:42.401;0:43.920;242.8;Corey Lewis;;GTD;;Paul Miller Racing;Lamborghini;
48;3;5;2:02.326;2;;36.515;0;42.141;2;43.670;2;175.3;23:02.744;15:03:02.744;0:36.515;0:42.141;0:43.670;248.1;Corey Lewis;;GTD;;Paul Miller Racing;Lamborghini;
48;3;6;2:03.792;0;;36.686;0;42.498;0;44.608;0;173.2;25:06.536;15:05:06.536;0:36.686;0:42.498;0:44.608;251.7;Corey Lewis;;GTD;;Paul Miller Racing;Lamborghini;
48;3;7;2:02.587;0;;36.636;0;42.189;0;43.762;0;174.9;27:09.123;15:07:09.123;0:36.636;0:42.189;0:43.762;248.5;Corey Lewis;;GTD;;Paul Miller Racing;Lamborghini;
48;3;8;3:42.886;0;B;36.467;2;42.171;0;2:24.248;0;96.2;30:52.009;15:10:52.009;0:36.467;0:42.171;2:24.248;250.3;Corey Lewis;;GTD;;Paul Miller Racing;Lamborghini;
48;2;9;2:52.053;0;B;1:01.188;0;46.532;0;1:04.333;0;124.6;33:44.062;15:13:44.062;1:01.188;0:46.532;1:04.333;224.4;Ryan Hardwick;0:02:04.491;GTD;;Paul Miller Racing;Lamborghini;
48;2;10;5:34.166;0;;4:01.164;0;47.073;0;45.929;0;64.2;39:18.228;15:19:18.228;4:01.164;0:47.073;0:45.929;226.6;Ryan Hardwick;0:03:31.794;GTD;;Paul Miller Racing;Lamborghini;
48;2;11;2:04.685;0;;37.708;0;42.648;0;44.329;0;171.9;41:22.913;15:21:22.913;0:37.708;0:42.648;0:44.329;252.2;Ryan Hardwick;;GTD;;Paul Miller Racing;Lamborghini;
48;2;12;2:06.695;0;;37.845;0;42.767;0;46.083;0;169.2;43:29.608;15:23:29.608;0:37.845;0:42.767;0:46.083;230.1;Ryan Hardwick;;GTD;;Paul Miller Racing;Lamborghini;
48;2;13;2:07.303;0;;38.222;0;43.509;0;45.572;0;168.4;45:36.911;15:25:36.911;0:38.222;0:43.509;0:45.572;250.8;Ryan Hardwick;;GTD;;Paul Miller Racing;Lamborghini;
48;2;14;2:05.549;0;;37.760;0;43.347;0;44.442;0;170.8;47:42.460;15:27:42.460;0:37.760;0:43.347;0:44.442;251.3;Ryan Hardwick;;GTD;;Paul Miller Racing;Lamborghini;
48;2;15;2:03.910;0;;37.441;0;42.340;0;44.129;1;173.0;49:46.370;15:29:46.370;0:37.441;0:42.340;0:44.129;252.2;Ryan Hardwick;;GTD;;Paul Miller Racing;Lamborghini;
48;2;16;2:04.848;0;;37.940;0;42.607;0;44.301;0;171.7;51:51.218;15:31:51.218;0:37.940;0:42.607;0:44.301;250.8;Ryan Hardwick;;GTD;;Paul Miller Racing;Lamborghini;
48;2;17;2:04.850;0;;37.323;1;42.177;1;45.350;0;171.7;53:56.068;15:33:56.068;0:37.323;0:42.177;0:45.350;250.8;Ryan Hardwick;;GTD;;Paul Miller Racing;Lamborghini;
48;2;18;2:04.458;0;;37.468;0;42.570;0;44.420;0;172.3;56:00.526;15:36:00.526;0:37.468;0:42.570;0:44.420;251.7;Ryan Hardwick;;GTD;;Paul Miller Racing;Lamborghini;
48;2;19;2:06.135;0;;38.903;0;43.043;0;44.189;0;170.0;58:06.661;15:38:06.661;0:38.903;0:43.043;0:44.189;252.7;Ryan Hardwick;;GTD;;Paul Miller Racing;Lamborghini;
48;2;20;2:04.784;0;;37.587;0;42.387;0;44.810;0;171.8;1:00:11.445;15:40:11.445;0:37.587;0:42.387;0:44.810;248.5;Ryan Hardwick;;GTD;;Paul Miller Racing;Lamborghini;
5;1;1;2:13.918;0;;47.162;0;43.054;0;43.702;0;160.1;2:13.918;14:42:13.918;0:47.162;0:43.054;0:43.702;271.3;Joao Barbosa;0:00:11.717;DPi;;Mustang Sampling Racing;Cadillac;
5;1;2;1:52.582;0;;33.962;0;39.445;0;39.175;0;190.4;4:06.500;14:44:06.500;0:33.962;0:39.445;0:39.175;272.9;Joao Barbosa;;DPi;;Mustang Sampling Racing;Cadillac;
5;1;3;1:49.902;0;;33.063;0;38.101;0;38.738;0;195.1;5:56.402;14:45:56.402;0:33.063;0:38.101;0:38.738;275.1;Joao Barbosa;;DPi;;Mustang Sampling Racing;Cadillac;
5;1;4;2:20.288;0;B;35.004;0;42.437;0;1:02.847;0;152.8;8:16.690;14:48:16.690;0:35.004;0:42.437;1:02.847;191.9;Joao Barbosa;;DPi;;Mustang Sampling Racing;Cadillac;
5;1;5;10:04.294;0;;8:43.723;0;40.621;0;39.950;0;35.5;18:20.984;14:58:20.984;8:43.723;0:40.621;0:39.950;276.8;Joao Barbosa;0:08:21.409;DPi;;Mustang Sampling Racing;Cadillac;
5;1;6;1:51.797;0;;33.088;0;38.791;0;39.918;0;191.8;20:12.781;15:00:12.781;0:33.088;0:38.791;0:39.918;274.0;Joao Barbosa;;DPi;;Mustang Sampling Racing;Cadillac;
5;1;7;1:50.838;0;;32.573;0;38.398;0;39.867;0;193.4;22:03.619;15:02:03.619;0:32.573;0:38.398;0:39.867;276.2;Joao Barbosa;;DPi;;Mustang Sampling Racing;Cadillac;
5;1;8;1:50.708;0;;33.781;0;38.009;0;38.918;0;193.7;23:54.327;15:03:54.327;0:33.781;0:38.009;0:38.918;274.5;Joao Barbosa;;DPi;;Mustang Sampling Racing;Cadillac;
5;1;9;1:48.652;2;;32.267;0;38.021;0;38.364;1;197.3;25:42.979;15:05:42.979;0:32.267;0:38.021;0:38.364;276.2;Joao Barbosa;;DPi;;Mustang Sampling Racing;Cadillac;
5;1;10;1:49.031;0;;32.232;0;38.310;0;38.489;0;196.6;27:32.010;15:07:32.010;0:32.232;0:38.310;0:38.489;276.8;Joao Barbosa;;DPi;;Mustang Sampling Racing;Cadillac;
5;1;11;1:49.152;0;;32.171;0;38.479;0;38.502;0;196.4;29:21.162;15:09:21.162;0:32.171;0:38.479;0:38.502;277.3;Joao Barbosa;;DPi;;Mustang Sampling Racing;Cadillac;
5;1;12;1:48.940;0;;32.356;0;37.924;2;38.660;0;196.8;31:10.102;15:11:10.102;0:32.356;0:37.924;0:38.660;276.8;Joao Barbosa;;DPi;;Mustang Sampling Racing;Cadillac;
5;1;13;2:12.657;0;B;32.079;2;38.454;0;1:02.124;0;161.6;33:22.759;15:13:22.759;0:32.079;0:38.454;1:02.124;186.4;Joao Barbosa;;DPi;;Mustang Sampling Racing;Cadillac;
5;3;14;8:57.644;0;;7:39.447;0;38.834;0;39.363;0;39.9;42:20.403;15:22:20.403;7:39.447;0:38.834;0:39.363;275.6;Filipe Albuquerque;0:07:17.021;DPi;;Mustang Sampling Racing;Cadillac;
5;3;15;1:51.839;0;;33.112;0;38.077;0;40.650;0;191.7;44:12.242;15:24:12.242;0:33.112;0:38.077;0:40.650;253.6;Filipe Albuquerque;;DPi;;Mustang Sampling Racing;Cadillac;
5;3;16;1:51.799;0;;32.249;1;38.996;0;40.554;0;191.8;46:04.041;15:26:04.041;0:32.249;0:38.996;0:40.554;264.9;Filipe Albuquerque;;DPi;;Mustang Sampling Racing;Cadillac;
5;3;17;1:48.739;0;;32.285;0;38.124;0;38.330;2;197.2;47:52.780;15:27:52.780;0:32.285;0:38.124;0:38.330;277.3;Filipe Albuquerque;;DPi;;Mustang Sampling Racing;Cadillac;
5;3;18;2:01.488;0;B;33.343;0;38.030;1;50.115;0;176.5;49:54.268;15:29:54.268;0:33.343;0:38.030;0:50.115;238.9;Filipe Albuquerque;;DPi;;Mustang Sampling Racing;Cadillac;
5;3;19;6:57.518;0;;5:32.303;0;38.636;0;46.579;0;51.3;56:51.786;15:36:51.786;5:32.303;0:38.636;0:46.579;225.9;Filipe Albuquerque;0:05:11.326;DPi;;Mustang Sampling Racing;Cadillac;
5;3;20;1:49.907;0;;32.977;0;38.328;0;38.602;0;195.1;58:41.693;15:38:41.693;0:32.977;0:38.328;0:38.602;277.3;Filipe Albuquerque;;DPi;;Mustang Sampling Racing;Cadillac;
5;3;21;1:49.589;0;;32.850;0;38.083;0;38.656;0;195.6;1:00:31.282;15:40:31.282;0:32.850;0:38.083;0:38.656;277.3;Filipe Albuquerque;;DPi;;Mustang Sampling Racing;Cadillac;
50;3;1;2:56.342;0;;1:32.314;0;42.049;0;41.979;0;121.6;2:56.342;14:42:56.342;1:32.314;0:42.049;0:41.979;274.5;Agustin Canapino;0:00:55.954;DPi;;Juncos Racing;Cadillac;
50;3;2;1:55.891;0;;34.397;0;41.549;0;39.945;0;185.0;4:52.233;14:44:52.233;0:34.397;0:41.549;0:39.945;277.3;Agustin Canapino;;DPi;;Juncos Racing;Cadillac;
50;3;3;12:42.517;0;B;34.615;0;40.131;0;11:27.771;0;28.1;17:34.750;14:57:34.750;0:34.615;0:40.131;11:27.771;154.9;Agustin Canapino;;DPi;;Juncos Racing;Cadillac;
50;3;4;2:15.345;0;;55.989;0;39.010;0;40.346;0;158.4;19:50.095;14:59:50.095;0:55.989;0:39.010;0:40.346;273.4;Agustin Canapino;0:10:53.226;DPi;;Juncos Racing;Cadillac;
50;3;5;1:51.892;0;;34.662;0;38.520;0;38.710;0;191.6;21:41.987;15:01:41.987;0:34.662;0:38.520;0:38.710;275.1;Agustin Canapino;;DPi;;Juncos Racing;Cadillac;
50;3;6;1:50.111;0;;32.637;0;38.748;0;38.726;0;194.7;23:32.098;15:03:32.098;0:32.637;0:38.748;0:38.726;275.1;Agustin Canapino;;DPi;;Juncos Racing;Cadillac;
50;3;7;1:49.613;0;;32.308;2;38.068;1;39.237;0;195.6;25:21.711;15:05:21.711;0:32.308;0:38.068;0:39.237;274.0;Agustin Canapino;;DPi;;Juncos Racing;Cadillac;
50;3;8;3:42.369;0;B;33.049;0;38.218;0;2:31.102;0;96.4;29:04.080;15:09:04.080;0:33.049;0:38.218;2:31.102;276.8;Agustin Canapino;;DPi;;Juncos Racing;Cadillac;
50;3;9;2:13.936;0;;56.536;0;39.023;0;38.377;2;160.1;31:18.016;15:11:18.016;0:56.536;0:39.023;0:38.377;275.1;Agustin Canapino;0:02:14.126;DPi;;Juncos Racing;Cadillac;
50;3;10;6:07.995;0;B;33.972;0;38.071;0;4:55.952;0;58.3;37:26.011;15:17:26.011;0:33.972;0:38.071;4:55.952;193.8;Agustin Canapino;;DPi;;Juncos Racing;Cadillac;
50;2;11;2:25.715;0;;1:04.030;0;40.441;0;41.244;0;147.1;39:51.726;15:19:51.726;1:04.030;0:40.441;0:41.244;273.4;Rene Binder;0:04:30.016;DPi;;Juncos Racing;Cadillac;
50;2;12;1:53.115;0;;33.188;0;40.096;0;39.831;0;189.5;41:44.841;15:21:44.841;0:33.188;0:40.096;0:39.831;276.2;Rene Binder;;DPi;;Juncos Racing;Cadillac;
50;2;13;1:52.796;0;;34.942;0;38.684;0;39.170;0;190.1;43:37.637;15:23:37.637;0:34.942;0:38.684;0:39.170;277.3;Rene Binder;;DPi;;Juncos Racing;Cadillac;
50;2;14;1:51.034;0;;33.043;0;38.540;0;39.451;0;193.1;45:28.671;15:25:28.671;0:33.043;0:38.540;0:39.451;277.9;Rene Binder;;DPi;;Juncos Racing;Cadillac;
50;2;15;1:50.542;0;;33.448;0;38.158;0;38.936;0;193.9;47:19.213;15:27:19.213;0:33.448;0:38.158;0:38.936;277.3;Rene Binder;;DPi;;Juncos Racing;Cadillac;
50;2;16;1:49.926;0;;33.065;0;37.976;2;38.885;0;195.0;49:09.139;15:29:09.139;0:33.065;0:37.976;0:38.885;276.8;Rene Binder;;DPi;;Juncos Racing;Cadillac;
50;2;17;1:50.046;0;;32.830;0;37.992;0;39.224;0;194.8;50:59.185;15:30:59.185;0:32.830;0:37.992;0:39.224;277.9;Rene Binder;;DPi;;Juncos Racing;Cadillac;
50;2;18;1:49.466;2;;32.538;1;38.184;0;38.744;1;195.9;52:48.651;15:32:48.651;0:32.538;0:38.184;0:38.744;275.1;Rene Binder;;DPi;;Juncos Racing;Cadillac;
50;2;19;1:52.494;0;;33.666;0;38.363;0;40.465;0;190.6;54:41.145;15:34:41.145;0:33.666;0:38.363;0:40.465;276.8;Rene Binder;;DPi;;Juncos Racing;Cadillac;
52;3;1;3:06.418;0;B;1:13.203;0;51.048;0;1:02.167;0;115.0;3:06.418;14:43:06.418;1:13.203;0:51.048;1:02.167;190.0;Anders Fjorback;0:00:27.631;LMP2;;PR1 Mathiasen Motorsports;ORECA;
52;3;2;2:43.230;0;;1:17.506;0;42.228;0;43.496;0;131.3;5:49.648;14:45:49.648;1:17.506;0:42.228;0:43.496;218.3;Anders Fjorback;0:00:50.599;LMP2;;PR1 Mathiasen Motorsports;ORECA;
52;3;3;2:22.982;0;B;38.178;0;44.211;0;1:00.593;0;149.9;8:12.630;14:48:12.630;0:38.178;0:44.211;1:00.593;185.6;Anders Fjorback;;LMP2;;PR1 Mathiasen Motorsports;ORECA;
52;3;4;11:37.155;0;;10:08.628;0;42.979;0;45.548;0;30.8;19:49.785;14:59:49.785;10:08.628;0:42.979;0:45.548;225.9;Anders Fjorback;0:09:43.755;LMP2;;PR1 Mathiasen Motorsports;ORECA;
52;3;5;1:58.996;0;;36.230;0;40.852;0;41.914;0;180.2;21:48.781;15:01:48.781;0:36.230;0:40.852;0:41.914;268.6;Anders Fjorback;;LMP2;;PR1 Mathiasen Motorsports;ORECA;
52;3;6;1:55.849;0;;34.984;0;40.575;0;40.290;0;185.1;23:44.630;15:03:44.630;0:34.984;0:40.575;0:40.290;271.3;Anders Fjorback;;LMP2;;PR1 Mathiasen Motorsports;ORECA;
52;3;7;1:53.828;0;;34.158;0;39.597;1;40.073;0;188.3;25:38.458;15:05:38.458;0:34.158;0:39.597;0:40.073;275.1;Anders Fjorback;;LMP2;;PR1 Mathiasen Motorsports;ORECA;
52;3;8;2:02.245;0;;34.260;0;45.446;0;42.539;0;175.4;27:40.703;15:07:40.703;0:34.260;0:45.446;0:42.539;236.9;Anders Fjorback;;LMP2;;PR1 Mathiasen Motorsports;ORECA;
52;3;9;1:54.705;0;;34.694;0;40.089;0;39.922;1;186.9;29:35.408;15:09:35.408;0:34.694;0:40.089;0:39.922;274.0;Anders Fjorback;;LMP2;;PR1 Mathiasen Motorsports;ORECA;
52;3;10;1:54.412;0;;34.642;0;39.747;0;40.023;0;187.4;31:29.820;15:11:29.820;0:34.642;0:39.747;0:40.023;272.3;Anders Fjorback;;LMP2;;PR1 Mathiasen Motorsports;ORECA;
52;3;11;2:17.272;0;B;33.567;1;40.798;0;1:02.907;0;156.2;33:47.092;15:13:47.092;0:33.567;0:40.798;1:02.907;190.3;Anders Fjorback;;LMP2;;PR1 Mathiasen Motorsports;ORECA;
52;1;12;7:14.477;0;;5:52.949;0;41.432;0;40.096;0;49.3;41:01.569;15:21:01.569;5:52.949;0:41.432;0:40.096;271.8;Matthew McMurry;0:05:26.970;LMP2;;PR1 Mathiasen Motorsports;ORECA;
52;1;13;1:54.274;0;;34.224;0;39.850;0;40.200;0;187.6;42:55.843;15:22:55.843;0:34.224;0:39.850;0:40.200;272.9;Matthew McMurry;;LMP2;;PR1 Mathiasen Motorsports;ORECA;
52;1;14;1:53.595;0;;33.898;0;39.889;0;39.808;0;188.7;44:49.438;15:24:49.438;0:33.898;0:39.889;0:39.808;271.8;Matthew McMurry;;LMP2;;PR1 Mathiasen Motorsports;ORECA;
52;1;15;2:34.224;0;B;1:00.484;0;42.127;0;51.613;0;139.0;47:23.662;15:27:23.662;1:00.484;0:42.127;0:51.613;272.3;Matthew McMurry;;LMP2;;PR1 Mathiasen Motorsports;ORECA;
52;1;16;2:41.523;0;;1:22.201;0;40.017;0;39.305;0;132.7;50:05.185;15:30:05.185;1:22.201;0:40.017;0:39.305;272.9;Matthew McMurry;0:00:58.489;LMP2;;PR1 Mathiasen Motorsports;ORECA;
52;1;17;1:55.714;0;;33.694;0;39.413;0;42.607;0;185.3;52:00.899;15:32:00.899;0:33.694;0:39.413;0:42.607;260.4;Matthew McMurry;;LMP2;;PR1 Mathiasen Motorsports;ORECA;
52;1;18;1:54.229;0;;34.563;0;39.502;0;40.164;0;187.7;53:55.128;15:33:55.128;0:34.563;0:39.502;0:40.164;272.9;Matthew McMurry;;LMP2;;PR1 Mathiasen Motorsports;ORECA;
52;1;19;1:55.509;0;;35.805;0;40.533;0;39.171;0;185.6;55:50.637;15:35:50.637;0:35.805;0:40.533;0:39.171;273.4;Matthew McMurry;;LMP2;;PR1 Mathiasen Motorsports;ORECA;
52;1;20;1:52.927;0;;33.662;0;39.241;2;40.024;0;189.9;57:43.564;15:37:43.564;0:33.662;0:39.241;0:40.024;273.4;Matthew McMurry;;LMP2;;PR1 Mathiasen Motorsports;ORECA;
52;1;21;1:52.579;0;;33.424;2;39.856;0;39.299;0;190.4;59:36.143;15:39:36.143;0:33.424;0:39.856;0:39.299;272.9;Matthew McMurry;;LMP2;;PR1 Mathiasen Motorsports;ORECA;
52;1;22;1:52.149;2;;33.879;0;39.436;0;38.834;2;191.2;1:01:28.292;15:41:28.292;0:33.879;0:39.436;0:38.834;274.5;Matthew McMurry;;LMP2;;PR1 Mathiasen Motorsports;ORECA;
54;3;1;2:51.917;0;;1:24.221;0;44.628;0;43.068;0;124.7;2:51.917;14:42:51.917;1:24.221;0:44.628;0:43.068;225.1;Romain Dumas;0:00:47.766;DPi;;CORE autosport;Nissan;
54;3;2;1:55.424;0;;34.759;0;39.094;0;41.571;0;185.7;4:47.341;14:44:47.341;0:34.759;0:39.094;0:41.571;281.3;Romain Dumas;;DPi;;CORE autosport;Nissan;
54;3;3;2:04.309;0;B;33.631;0;38.899;0;51.779;0;172.5;6:51.650;14:46:51.650;0:33.631;0:38.899;0:51.779;279.0;Romain Dumas;;DPi;;CORE autosport;Nissan;
54;3;4;11:49.055;0;;10:27.801;0;41.206;0;40.048;0;30.2;18:40.705;14:58:40.705;10:27.801;0:41.206;0:40.048;277.9;Romain Dumas;0:10:03.137;DPi;;CORE autosport;Nissan;
54;3;5;1:51.741;0;;33.303;0;38.929;0;39.509;0;191.9;20:32.446;15:00:32.446;0:33.303;0:38.929;0:39.509;277.9;Romain Dumas;;DPi;;CORE autosport;Nissan;
54;3;6;1:52.778;0;;33.456;0;38.232;0;41.090;0;190.1;22:25.224;15:02:25.224;0:33.456;0:38.232;0:41.090;262.4;Romain Dumas;;DPi;;CORE autosport;Nissan;
54;3;7;1:50.426;0;;33.216;0;38.279;0;38.931;0;194.2;24:15.650;15:04:15.650;0:33.216;0:38.279;0:38.931;277.9;Romain Dumas;;DPi;;CORE autosport;Nissan;
54;3;8;1:53.043;0;;33.589;0;39.820;0;39.634;0;189.7;26:08.693;15:06:08.693;0:33.589;0:39.820;0:39.634;279.0;Romain Dumas;;DPi;;CORE autosport;Nissan;
54;3;9;1:49.856;0;;33.380;0;38.011;0;38.465;0;195.2;27:58.549;15:07:58.549;0:33.380;0:38.011;0:38.465;281.9;Romain Dumas;;DPi;;CORE autosport;Nissan;
54;3;10;2:02.060;0;B;34.376;0;38.386;0;49.298;0;175.6;30:00.609;15:10:00.609;0:34.376;0:38.386;0:49.298;281.9;Romain Dumas;;DPi;;CORE autosport;Nissan;
54;3;11;9:26.244;0;;8:06.154;0;39.607;0;40.483;0;37.9;39:26.853;15:19:26.853;8:06.154;0:39.607;0:40.483;269.6;Romain Dumas;0:07:40.482;DPi;;CORE autosport;Nissan;
54;3;12;1:49.755;0;;33.276;0;38.032;0;38.447;0;195.3;41:16.608;15:21:16.608;0:33.276;0:38.032;0:38.447;278.4;Romain Dumas;;DPi;;CORE autosport;Nissan;
54;3;13;1:52.592;0;;33.826;0;38.979;0;39.787;0;190.4;43:09.200;15:23:09.200;0:33.826;0:38.979;0:39.787;280.2;Romain Dumas;;DPi;;CORE autosport;Nissan;
54;3;14;1:48.963;2;;32.953;2;37.684;2;38.326;2;196.8;44:58.163;15:24:58.163;0:32.953;0:37.684;0:38.326;279.0;Romain Dumas;;DPi;;CORE autosport;Nissan;
54;3;15;2:04.982;0;B;33.346;0;39.540;0;52.096;0;171.5;47:03.145;15:27:03.145;0:33.346;0:39.540;0:52.096;280.7;Romain Dumas;;DPi;;CORE autosport;Nissan;
54;1;16;3:40.591;0;;2:16.995;0;41.899;0;41.697;0;97.2;50:43.736;15:30:43.736;2:16.995;0:41.899;0:41.697;276.8;Jonathan Bennett;0:01:47.665;DPi;;CORE autosport;Nissan;
54;1;17;1:53.715;0;;33.973;0;39.830;0;39.912;0;188.5;52:37.451;15:32:37.451;0:33.973;0:39.830;0:39.912;277.3;Jonathan Bennett;;DPi;;CORE autosport;Nissan;
54;1;18;1:53.041;0;;34.519;0;39.001;0;39.521;0;189.7;54:30.492;15:34:30.492;0:34.519;0:39.001;0:39.521;276.8;Jonathan Bennett;;DPi;;CORE autosport;Nissan;
54;1;19;1:52.518;0;;33.636;1;39.620;0;39.262;1;190.5;56:23.010;15:36:23.010;0:33.636;0:39.620;0:39.262;279.0;Jonathan Bennett;;DPi;;CORE autosport;Nissan;
54;1;20;2:04.239;0;B;33.704;0;38.975;1;51.560;0;172.6;58:27.249;15:38:27.249;0:33.704;0:38.975;0:51.560;273.4;Jonathan Bennett;;DPi;;CORE autosport;Nissan;
55;3;1;2:27.096;0;B;56.643;0;39.618;0;50.835;0;145.8;2:27.096;14:42:27.096;0:56.643;0:39.618;0:50.835;278.4;Olivier Pla;0:00:22.628;DPi;;Mazda Team Joest;Mazda;
55;3;2;2:17.623;0;;56.418;0;40.637;0;40.568;0;155.8;4:44.719;14:44:44.719;0:56.418;0:40.637;0:40.568;278.4;Olivier Pla;0:00:32.374;DPi;;Mazda Team Joest;Mazda;
55;3;3;11:45.556;0;B;32.607;0;38.153;0;10:34.796;0;30.4;16:30.275;14:56:30.275;0:32.607;0:38.153;10:34.796;280.7;Olivier Pla;;DPi;;Mazda Team Joest;Mazda;
55;3;4;2:17.701;0;;56.086;0;40.912;0;40.703;0;155.7;18:47.976;14:58:47.976;0:56.086;0:40.912;0:40.703;280.2;Olivier Pla;0:10:18.408;DPi;;Mazda Team Joest;Mazda;
55;3;5;1:52.703;0;;35.977;0;38.221;0;38.505;0;190.2;20:40.679;15:00:40.679;0:35.977;0:38.221;0:38.505;279.0;Olivier Pla;;DPi;;Mazda Team Joest;Mazda;
55;3;6;5:34.110;0;B;33.893;0;38.553;0;4:21.664;0;64.2;26:14.789;15:06:14.789;0:33.893;0:38.553;4:21.664;277.3;Olivier Pla;;DPi;;Mazda Team Joest;Mazda;
55;3;7;2:17.987;0;;54.660;0;37.947;0;45.380;0;155.4;28:32.776;15:08:32.776;0:54.660;0:37.947;0:45.380;215.5;Olivier Pla;0:04:05.620;DPi;;Mazda Team Joest;Mazda;
55;3;8;1:46.834;4;;31.630;4;37.663;1;37.541;4;200.7;30:19.610;15:10:19.610;0:31.630;0:37.663;0:37.541;283.1;Olivier Pla;;DPi;;Mazda Team Joest;Mazda;
55;3;9;21:39.710;0;B;32.692;0;49.712;0;20:17.306;0;16.5;51:59.320;15:31:59.320;0:32.692;0:49.712;20:17.306;;Olivier Pla;;DPi;;Mazda Team Joest;Mazda;
55;1;10;2:15.092;0;;56.291;0;39.575;0;39.226;0;158.7;54:14.412;15:34:14.412;0:56.291;0:39.575;0:39.226;267.5;Jonathan Bomarito;;DPi;;Mazda Team Joest;Mazda;
55;1;11;1:48.091;0;;32.518;0;37.286;4;38.287;1;198.3;56:02.503;15:36:02.503;0:32.518;0:37.286;0:38.287;280.7;Jonathan Bomarito;;DPi;;Mazda Team Joest;Mazda;
55;1;12;1:51.961;0;;34.503;0;38.516;0;38.942;0;191.5;57:54.464;15:37:54.464;0:34.503;0:38.516;0:38.942;281.9;Jonathan Bomarito;;DPi;;Mazda Team Joest;Mazda;
55;1;13;1:49.872;0;;32.090;1;38.911;0;38.871;0;195.1;59:44.336;15:39:44.336;0:32.090;0:38.911;0:38.871;280.7;Jonathan Bomarito;;DPi;;Mazda Team Joest;Mazda;
57;2;1;3:35.265;0;;2:02.822;0;46.704;0;45.739;0;99.6;3:35.265;14:43:35.265;2:02.822;0:46.704;0:45.739;247.6;Ana Beatriz;0:01:21.082;GTD;;Heinricher Racing w/Meyer Shank Racing;Acura;
57;2;2;2:03.915;0;;37.172;0;42.693;0;44.050;0;173.0;5:39.180;14:45:39.180;0:37.172;0:42.693;0:44.050;250.3;Ana Beatriz;;GTD;;Heinricher Racing w/Meyer Shank Racing;Acura;
57;2;3;2:24.092;0;B;39.732;0;46.201;0;58.159;0;148.8;8:03.272;14:48:03.272;0:39.732;0:46.201;0:58.159;200.9;Ana Beatriz;;GTD;;Heinricher Racing w/Meyer Shank Racing;Acura;
57;2;4;10:26.997;0;;8:56.644;0;44.251;0;46.102;0;34.2;18:30.269;14:58:30.269;8:56.644;0:44.251;0:46.102;227.0;Ana Beatriz;0:08:29.453;GTD;;Heinricher Racing w/Meyer Shank Racing;Acura;
57;2;5;2:04.774;0;;37.688;0;42.890;0;44.196;0;171.8;20:35.043;15:00:35.043;0:37.688;0:42.890;0:44.196;250.3;Ana Beatriz;;GTD;;Heinricher Racing w/Meyer Shank Racing;Acura;
57;2;6;2:03.361;0;;36.977;0;42.601;0;43.783;0;173.8;22:38.404;15:02:38.404;0:36.977;0:42.601;0:43.783;250.3;Ana Beatriz;;GTD;;Heinricher Racing w/Meyer Shank Racing;Acura;
57;2;7;2:02.630;0;;36.515;0;42.457;0;43.658;0;174.8;24:41.034;15:04:41.034;0:36.515;0:42.457;0:43.658;251.3;Ana Beatriz;;GTD;;Heinricher Racing w/Meyer Shank Racing;Acura;
57;2;8;2:03.889;0;;37.469;0;42.605;0;43.815;0;173.1;26:44.923;15:06:44.923;0:37.469;0:42.605;0:43.815;252.2;Ana Beatriz;;GTD;;Heinricher Racing w/Meyer Shank Racing;Acura;
57;2;9;2:12.604;0;B;36.895;0;42.327;0;53.382;0;161.7;28:57.527;15:08:57.527;0:36.895;0:42.327;0:53.382;252.2;Ana Beatriz;;GTD;;Heinricher Racing w/Meyer Shank Racing;Acura;
57;2;10;5:43.992;0;B;3:48.559;0;52.245;0;1:03.188;0;62.3;34:41.519;15:14:41.519;3:48.559;0:52.245;1:03.188;184.9;Ana Beatriz;0:03:16.642;GTD;;Heinricher Racing w/Meyer Shank Racing;Acura;
57;2;11;4:48.257;0;;3:12.396;0;48.354;0;47.507;0;74.4;39:29.776;15:19:29.776;3:12.396;0:48.354;0:47.507;202.1;Ana Beatriz;0:02:42.284;GTD;;Heinricher Racing w/Meyer Shank Racing;Acura;
57;2;12;2:03.017;0;;36.717;0;42.698;0;43.602;0;174.3;41:32.793;15:21:32.793;0:36.717;0:42.698;0:43.602;250.3;Ana Beatriz;;GTD;;Heinricher Racing w/Meyer Shank Racing;Acura;
57;2;13;2:01.785;2;;36.465;0;41.826;2;43.494;2;176.0;43:34.578;15:23:34.578;0:36.465;0:41.826;0:43.494;249.9;Ana Beatriz;;GTD;;Heinricher Racing w/Meyer Shank Racing;Acura;
57;2;14;2:12.497;0;B;36.217;2;42.673;0;53.607;0;161.8;45:47.075;15:25:47.075;0:36.217;0:42.673;0:53.607;251.7;Ana Beatriz;;GTD;;Heinricher Racing w/Meyer Shank Racing;Acura;
57;1;15;4:09.843;0;;2:39.660;0;44.421;0;45.762;0;85.8;49:56.918;15:29:56.918;2:39.660;0:44.421;0:45.762;230.1;Katherine Legge;0:02:12.398;GTD;;Heinricher Racing w/Meyer Shank Racing;Acura;
57;1;16;2:07.494;0;;37.265;0;42.859;0;47.370;0;168.2;52:04.412;15:32:04.412;0:37.265;0:42.859;0:47.370;191.4;Katherine Legge;;GTD;;Heinricher Racing w/Meyer Shank Racing;Acura;
57;1;17;2:16.195;0;B;38.473;0;43.308;0;54.414;0;157.4;54:20.607;15:34:20.607;0:38.473;0:43.308;0:54.414;249.0;Katherine Legge;;GTD;;Heinricher Racing w/Meyer Shank Racing;Acura;
57;1;18;3:59.790;0;;2:31.923;0;43.598;0;44.269;0;89.4;58:20.397;15:38:20.397;2:31.923;0:43.598;0:44.269;249.0;Katherine Legge;0:02:04.126;GTD;;Heinricher Racing w/Meyer Shank Racing;Acura;
57;1;19;2:02.369;0;;36.563;1;42.227;1;43.579;1;175.2;1:00:22.766;15:40:22.766;0:36.563;0:42.227;0:43.579;249.0;Katherine Legge;;GTD;;Heinricher Racing w/Meyer Shank Racing;Acura;
6;2;1;4:00.116;0;;2:19.495;0;56.261;0;44.360;0;89.3;4:00.116;14:44:00.116;2:19.495;0:56.261;0:44.360;268.1;Juan Pablo Montoya;0:01:44.770;DPi;;Acura Team Penske;Acura;
6;2;2;2:15.815;0;B;32.536;0;39.671;0;1:03.608;0;157.9;6:15.931;14:46:15.931;0:32.536;0:39.671;1:03.608;198.9;Juan Pablo Montoya;;DPi;;Acura Team Penske;Acura;
6;2;3;12:25.879;0;;11:05.072;0;40.107;0;40.700;0;28.7;18:41.810;14:58:41.810;11:05.072;0:40.107;0:40.700;269.6;Juan Pablo Montoya;0:10:42.470;DPi;;Acura Team Penske;Acura;
6;2;4;1:52.790;0;;33.901;0;38.977;0;39.912;0;190.1;20:34.600;15:00:34.600;0:33.901;0:38.977;0:39.912;275.6;Juan Pablo Montoya;;DPi;;Acura Team Penske;Acura;
6;2;5;1:51.776;0;;33.628;0;38.761;0;39.387;0;191.8;22:26.376;15:02:26.376;0:33.628;0:38.761;0:39.387;277.3;Juan Pablo Montoya;;DPi;;Acura Team Penske;Acura;
6;2;6;1:52.211;0;;32.891;0;38.732;0;40.588;0;191.1;24:18.587;15:04:18.587;0:32.891;0:38.732;0:40.588;269.6;Juan Pablo Montoya;;DPi;;Acura Team Penske;Acura;
6;2;7;2:03.316;0;B;32.405;0;39.217;0;51.694;0;173.9;26:21.903;15:06:21.903;0:32.405;0:39.217;0:51.694;271.8;Juan Pablo Montoya;;DPi;;Acura Team Penske;Acura;
6;2;8;13:12.519;0;;11:46.218;0;45.489;0;40.812;0;27.1;39:34.422;15:19:34.422;11:46.218;0:45.489;0:40.812;273.4;Juan Pablo Montoya;0:11:22.614;DPi;;Acura Team Penske;Acura;
6;2;9;1:50.177;0;;32.386;0;38.404;0;39.387;0;194.6;41:24.599;15:21:24.599;0:32.386;0:38.404;0:39.387;274.5;Juan Pablo Montoya;;DPi;;Acura Team Penske;Acura;
6;2;10;1:58.516;0;;33.650;0;43.786;0;41.080;0;180.9;43:23.115;15:23:23.115;0:33.650;0:43.786;0:41.080;193.8;Juan Pablo Montoya;;DPi;;Acura Team Penske;Acura;
6;2;11;1:49.871;0;;32.231;0;38.414;0;39.226;0;195.1;45:12.986;15:25:12.986;0:32.231;0:38.414;0:39.226;275.6;Juan Pablo Montoya;;DPi;;Acura Team Penske;Acura;
6;2;12;1:51.295;0;;34.693;0;38.478;0;38.124;2;192.6;47:04.281;15:27:04.281;0:34.693;0:38.478;0:38.124;277.3;Juan Pablo Montoya;;DPi;;Acura Team Penske;Acura;
6;2;13;1:48.688;2;;32.154;2;38.026;2;38.508;0;197.3;48:52.969;15:28:52.969;0:32.154;0:38.026;0:38.508;276.2;Juan Pablo Montoya;;DPi;;Acura Team Penske;Acura;
6;2;14;2:01.760;0;B;33.227;0;38.822;0;49.711;0;176.1;50:54.729;15:30:54.729;0:33.227;0:38.822;0:49.711;275.6;Juan Pablo Montoya;;DPi;;Acura Team Penske;Acura;
6;3;15;2:50.736;0;;1:31.552;0;39.448;0;39.736;0;125.6;53:45.465;15:33:45.465;1:31.552;0:39.448;0:39.736;276.2;Simon Pagenaud;0:01:06.077;DPi;;Acura Team Penske;Acura;
6;3;16;1:51.623;0;;33.275;0;38.387;1;39.961;0;192.1;55:37.088;15:35:37.088;0:33.275;0:38.387;0:39.961;276.2;Simon Pagenaud;;DPi;;Acura Team Penske;Acura;
6;3;17;1:52.563;0;;34.168;0;38.923;0;39.472;0;190.5;57:29.651;15:37:29.651;0:34.168;0:38.923;0:39.472;277.9;Simon Pagenaud;;DPi;;Acura Team Penske;Acura;
6;3;18;1:50.777;0;;33.185;0;38.429;0;39.163;0;193.5;59:20.428;15:39:20.428;0:33.185;0:38.429;0:39.163;277.9;Simon Pagenaud;;DPi;;Acura Team Penske;Acura;
6;3;19;1:49.335;0;;32.631;1;38.430;0;38.274;1;196.1;1:01:09.763;15:41:09.763;0:32.631;0:38.430;0:38.274;278.4;Simon Pagenaud;;DPi;;Acura Team Penske;Acura;
63;2;1;3:08.138;0;;1:39.382;0;43.527;0;45.229;0;114.0;3:08.138;14:43:08.138;1:39.382;0:43.527;0:45.229;246.3;Toni Vilander;0:01:01.150;GTD;;Scuderia Corsa;Ferrari;
63;2;2;2:04.443;0;;37.156;0;43.086;0;44.201;0;172.3;5:12.581;14:45:12.581;0:37.156;0:43.086;0:44.201;249.4;Toni Vilander;;GTD;;Scuderia Corsa;Ferrari;
63;2;3;11:25.973;0;B;36.949;0;43.873;0;10:05.151;0;31.3;16:38.554;14:56:38.554;0:36.949;0:43.873;10:05.151;169.3;Toni Vilander;;GTD;;Scuderia Corsa;Ferrari;
63;2;4;2:26.155;0;;59.222;0;42.764;0;44.169;0;146.7;19:04.709;14:59:04.709;0:59.222;0:42.764;0:44.169;249.4;Toni Vilander;0:09:33.455;GTD;;Scuderia Corsa;Ferrari;
63;2;5;2:03.142;0;;36.890;0;42.336;0;43.916;0;174.1;21:07.851;15:01:07.851;0:36.890;0:42.336;0:43.916;248.5;Toni Vilander;;GTD;;Scuderia Corsa;Ferrari;
63;2;6;2:02.327;0;;36.408;0;42.180;0;43.739;0;175.3;23:10.178;15:03:10.178;0:36.408;0:42.180;0:43.739;249.0;Toni Vilander;;GTD;;Scuderia Corsa;Ferrari;
63;2;7;2:01.773;0;;36.006;2;42.036;0;43.731;0;176.1;25:11.951;15:05:11.951;0:36.006;0:42.036;0:43.731;249.9;Toni Vilander;;GTD;;Scuderia Corsa;Ferrari;
63;2;8;5:21.719;0;B;37.381;0;42.661;0;4:01.677;0;66.6;30:33.670;15:10:33.670;0:37.381;0:42.661;4:01.677;249.9;Toni Vilander;;GTD;;Scuderia Corsa;Ferrari;
63;1;9;2:53.640;0;B;1:01.842;0;45.743;0;1:06.055;0;123.5;33:27.310;15:13:27.310;1:01.842;0:45.743;1:06.055;216.9;Cooper MacNeil;0:03:40.180;GTD;;Scuderia Corsa;Ferrari;
63;1;10;5:40.994;0;;4:12.349;0;43.246;0;45.399;0;62.9;39:08.304;15:19:08.304;4:12.349;0:43.246;0:45.399;245.8;Cooper MacNeil;0:03:46.914;GTD;;Scuderia Corsa;Ferrari;
63;1;11;2:02.691;0;;36.729;0;42.110;1;43.852;0;174.7;41:10.995;15:21:10.995;0:36.729;0:42.110;0:43.852;249.0;Cooper MacNeil;;GTD;;Scuderia Corsa;Ferrari;
63;1;12;2:02.677;0;;36.541;0;42.340;0;43.796;1;174.8;43:13.672;15:23:13.672;0:36.541;0:42.340;0:43.796;249.4;Cooper MacNeil;;GTD;;Scuderia Corsa;Ferrari;
63;1;13;2:02.830;0;;36.424;1;42.425;0;43.981;0;174.5;45:16.502;15:25:16.502;0:36.424;0:42.425;0:43.981;250.3;Cooper MacNeil;;GTD;;Scuderia Corsa;Ferrari;
63;1;14;2:02.727;0;;36.663;0;42.199;0;43.865;0;174.7;47:19.229;15:27:19.229;0:36.663;0:42.199;0:43.865;249.4;Cooper MacNeil;;GTD;;Scuderia Corsa;Ferrari;
63;1;15;3:52.060;0;B;36.593;0;42.306;0;2:33.161;0;92.4;51:11.289;15:31:11.289;0:36.593;0:42.306;2:33.161;249.9;Cooper MacNeil;;GTD;;Scuderia Corsa;Ferrari;
63;2;16;2:26.408;0;;58.396;0;43.740;0;44.272;0;146.4;53:37.697;15:33:37.697;0:58.396;0:43.740;0:44.272;247.6;Toni Vilander;0:02:12.755;GTD;;Scuderia Corsa;Ferrari;
63;2;17;2:03.389;0;;36.444;0;42.096;0;44.849;0;173.8;55:41.086;15:35:41.086;0:36.444;0:42.096;0:44.849;230.9;Toni Vilander;;GTD;;Scuderia Corsa;Ferrari;
63;2;18;2:05.409;0;;37.044;0;42.965;0;45.400;0;171.0;57:46.495;15:37:46.495;0:37.044;0:42.965;0:45.400;224.8;Toni Vilander;;GTD;;Scuderia Corsa;Ferrari;
63;2;19;2:02.665;0;;36.293;0;42.150;0;44.222;0;174.8;59:49.160;15:39:49.160;0:36.293;0:42.150;0:44.222;249.4;Toni Vilander;;GTD;;Scuderia Corsa;Ferrari;
63;2;20;2:01.740;2;;36.290;0;42.010;2;43.440;2;176.1;1:01:50.900;15:41:50.900;0:36.290;0:42.010;0:43.440;249.4;Toni Vilander;;GTD;;Scuderia Corsa;Ferrari;
66;2;1;3:24.689;0;;1:59.918;0;42.066;0;42.705;0;104.7;3:24.689;14:43:24.689;1:59.918;0:42.066;0:42.705;255.5;Dirk Mueller;0:01:22.481;GTLM;;Ford Chip Ganassi Racing;Ford;
66;2;2;1:57.566;0;;35.005;1;40.976;0;41.585;2;182.4;5:22.255;14:45:22.255;0:35.005;0:40.976;0:41.585;256.5;Dirk Mueller;;GTLM;;Ford Chip Ganassi Racing;Ford;
66;2;3;2:20.670;0;B;34.958;0;42.596;0;1:03.116;0;152.4;7:42.925;14:47:42.925;0:34.958;0:42.596;1:03.116;207.4;Dirk Mueller;;GTLM;;Ford Chip Ganassi Racing;Ford;
66;2;4;14:09.356;0;;12:42.375;0;42.356;0;44.625;0;25.2;21:52.281;15:01:52.281;12:42.375;0:42.356;0:44.625;229.7;Dirk Mueller;0:12:20.685;GTLM;;Ford Chip Ganassi Racing;Ford;
66;2;5;1:58.685;0;;35.546;0;41.218;0;41.921;0;180.6;23:50.966;15:03:50.966;0:35.546;0:41.218;0:41.921;255.5;Dirk Mueller;;GTLM;;Ford Chip Ganassi Racing;Ford;
66;2;6;1:58.835;0;;35.695;0;41.121;0;42.019;0;180.4;25:49.801;15:05:49.801;0:35.695;0:41.121;0:42.019;256.5;Dirk Mueller;;GTLM;;Ford Chip Ganassi Racing;Ford;
66;2;7;1:58.255;0;;35.491;0;40.933;0;41.831;0;181.3;27:48.056;15:07:48.056;0:35.491;0:40.933;0:41.831;257.4;Dirk Mueller;;GTLM;;Ford Chip Ganassi Racing;Ford;
66;2;8;1:57.918;0;;35.060;0;40.831;1;42.027;0;181.8;29:45.974;15:09:45.974;0:35.060;0:40.831;0:42.027;257.4;Dirk Mueller;;GTLM;;Ford Chip Ganassi Racing;Ford;
66;2;9;2:08.476;0;B;35.853;0;41.324;0;51.299;0;166.9;31:54.450;15:11:54.450;0:35.853;0:41.324;0:51.299;258.4;Dirk Mueller;;GTLM;;Ford Chip Ganassi Racing;Ford;
66;3;10;9:47.130;0;;8:21.887;0;42.735;0;42.508;0;36.5;41:41.580;15:21:41.580;8:21.887;0:42.735;0:42.508;256.5;Sebastien Bourdais;0:07:55.318;GTLM;;Ford Chip Ganassi Racing;Ford;
66;3;11;1:59.516;0;;35.502;0;41.706;0;42.308;0;179.4;43:41.096;15:23:41.096;0:35.502;0:41.706;0:42.308;256.9;Sebastien Bourdais;;GTLM;;Ford Chip Ganassi Racing;Ford;
66;3;12;1:57.927;0;;35.167;0;40.839;0;41.921;0;181.8;45:39.023;15:25:39.023;0:35.167;0:40.839;0:41.921;257.4;Sebastien Bourdais;;GTLM;;Ford Chip Ganassi Racing;Ford;
66;3;13;2:09.030;0;B;35.726;0;41.219;0;52.085;0;166.2;47:48.053;15:27:48.053;0:35.726;0:41.219;0:52.085;254.1;Sebastien Bourdais;;GTLM;;Ford Chip Ganassi Racing;Ford;
66;3;14;5:28.726;0;;4:04.245;0;41.233;0;43.248;0;65.2;53:16.779;15:33:16.779;4:04.245;0:41.233;0:43.248;256.5;Sebastien Bourdais;0:03:40.689;GTLM;;Ford Chip Ganassi Racing;Ford;
66;3;15;1:58.367;0;;35.358;0;41.037;0;41.972;0;181.1;55:15.146;15:35:15.146;0:35.358;0:41.037;0:41.972;257.4;Sebastien Bourdais;;GTLM;;Ford Chip Ganassi Racing;Ford;
66;3;16;1:57.769;0;;35.210;0;40.776;0;41.783;0;182.0;57:12.915;15:37:12.915;0:35.210;0:40.776;0:41.783;258.4;Sebastien Bourdais;;GTLM;;Ford Chip Ganassi Racing;Ford;
66;3;17;1:58.309;0;;35.616;0;40.878;0;41.815;0;181.2;59:11.224;15:39:11.224;0:35.616;0:40.878;0:41.815;258.4;Sebastien Bourdais;;GTLM;;Ford Chip Ganassi Racing;Ford;
66;3;18;1:57.201;2;;34.977;2;40.596;2;41.628;1;182.9;1:01:08.425;15:41:08.425;0:34.977;0:40.596;0:41.628;258.4;Sebastien Bourdais;;GTLM;;Ford Chip Ganassi Racing;Ford;
67;1;1;2:54.148;0;;1:23.875;0;45.782;0;44.491;0;123.1;2:54.148;14:42:54.148;1:23.875;0:45.782;0:44.491;224.4;Ryan Briscoe;0:00:46.793;GTLM;;Ford Chip Ganassi Racing;Ford;
67;1;2;2:00.842;0;;36.058;0;41.863;0;42.921;0;177.4;4:54.990;14:44:54.990;0:36.058;0:41.863;0:42.921;255.5;Ryan Briscoe;;GTLM;;Ford Chip Ganassi Racing;Ford;
67;1;3;2:23.271;0;B;36.094;0;41.057;0;1:06.120;0;149.6;7:18.261;14:47:18.261;0:36.094;0:41.057;1:06.120;161.5;Ryan Briscoe;;GTLM;;Ford Chip Ganassi Racing;Ford;
67;1;4;12:22.349;0;;10:57.463;0;42.382;0;42.504;0;28.9;19:40.610;14:59:40.610;10:57.463;0:42.382;0:42.504;253.6;Ryan Briscoe;0:10:32.172;GTLM;;Ford Chip Ganassi Racing;Ford;
67;1;5;1:58.125;0;;35.282;0;40.814;0;42.029;0;181.5;21:38.735;15:01:38.735;0:35.282;0:40.814;0:42.029;254.1;Ryan Briscoe;;GTLM;;Ford Chip Ganassi Racing;Ford;
67;1;6;2:01.019;0;;34.968;0;41.235;0;44.816;0;177.2;23:39.754;15:03:39.754;0:34.968;0:41.235;0:44.816;219.4;Ryan Briscoe;;GTLM;;Ford Chip Ganassi Racing;Ford;
67;1;7;1:57.825;0;;35.081;0;40.536;2;42.208;0;182.0;25:37.579;15:05:37.579;0:35.081;0:40.536;0:42.208;255.0;Ryan Briscoe;;GTLM;;Ford Chip Ganassi Racing;Ford;
67;1;8;2:07.637;0;B;35.034;0;40.950;0;51.653;0;168.0;27:45.216;15:07:45.216;0:35.034;0:40.950;0:51.653;255.5;Ryan Briscoe;;GTLM;;Ford Chip Ganassi Racing;Ford;
67;1;9;5:22.536;0;B;3:42.264;0;40.756;0;59.516;0;66.5;33:07.752;15:13:07.752;3:42.264;0:40.756;0:59.516;170.3;Ryan Briscoe;0:03:19.028;GTLM;;Ford Chip Ganassi Racing;Ford;
67;1;10;5:53.470;0;;4:28.861;0;41.202;0;43.407;0;60.7;39:01.222;15:19:01.222;4:28.861;0:41.202;0:43.407;247.2;Ryan Briscoe;0:04:04.441;GTLM;;Ford Chip Ganassi Racing;Ford;
67;1;11;1:58.273;0;;35.256;0;40.908;0;42.109;0;181.3;40:59.495;15:20:59.495;0:35.256;0:40.908;0:42.109;255.0;Ryan Briscoe;;GTLM;;Ford Chip Ganassi Racing;Ford;
67;1;12;1:57.754;0;;35.091;0;40.645;0;42.018;0;182.1;42:57.249;15:22:57.249;0:35.091;0:40.645;0:42.018;256.5;Ryan Briscoe;;GTLM;;Ford Chip Ganassi Racing;Ford;
67;1;13;1:57.759;0;;35.008;0;40.819;0;41.932;0;182.1;44:55.008;15:24:55.008;0:35.008;0:40.819;0:41.932;256.9;Ryan Briscoe;;GTLM;;Ford Chip Ganassi Racing;Ford;
67;1;14;1:57.406;2;;34.999;0;40.727;0;41.680;2;182.6;46:52.414;15:26:52.414;0:34.999;0:40.727;0:41.680;256.9;Ryan Briscoe;;GTLM;;Ford Chip Ganassi Racing;Ford;
67;1;15;2:07.410;0;B;34.962;2;40.902;0;51.546;0;168.3;48:59.824;15:28:59.824;0:34.962;0:40.902;0:51.546;256.5;Ryan Briscoe;;GTLM;;Ford Chip Ganassi Racing;Ford;
67;2;16;5:15.589;0;;3:49.933;0;40.978;0;44.678;0;67.9;54:15.413;15:34:15.413;3:49.933;0:40.978;0:44.678;191.6;Richard Westbrook;0:03:25.810;GTLM;;Ford Chip Ganassi Racing;Ford;
67;2;17;1:58.187;0;;35.311;1;40.888;0;41.988;1;181.4;56:13.600;15:36:13.600;0:35.311;0:40.888;0:41.988;256.9;Richard Westbrook;;GTLM;;Ford Chip Ganassi Racing;Ford;
67;2;18;1:58.486;0;;35.388;0;40.767;1;42.331;0;180.9;58:12.086;15:38:12.086;0:35.388;0:40.767;0:42.331;257.4;Richard Westbrook;;GTLM;;Ford Chip Ganassi Racing;Ford;
67;2;19;2:01.917;0;;35.564;0;41.155;0;45.198;0;175.9;1:00:14.003;15:40:14.003;0:35.564;0:41.155;0:45.198;251.3;Richard Westbrook;;GTLM;;Ford Chip Ganassi Racing;Ford;
7;3;1;2:38.015;0;;1:18.489;0;40.172;0;39.354;0;135.7;2:38.015;14:42:38.015;1:18.489;0:40.172;0:39.354;275.1;Alexander Rossi;0:00:43.398;DPi;;Acura Team Penske;Acura;
7;3;2;1:49.443;0;;32.642;0;38.309;0;38.492;0;195.9;4:27.458;14:44:27.458;0:32.642;0:38.309;0:38.492;276.2;Alexander Rossi;;DPi;;Acura Team Penske;Acura;
7;3;3;2:00.449;0;B;32.113;0;38.213;0;50.123;0;178.0;6:27.907;14:46:27.907;0:32.113;0:38.213;0:50.123;275.1;Alexander Rossi;;DPi;;Acura Team Penske;Acura;
7;3;4;12:03.855;0;;10:46.173;0;38.920;0;38.762;0;29.6;18:31.762;14:58:31.762;10:46.173;0:38.920;0:38.762;277.9;Alexander Rossi;0:10:23.768;DPi;;Acura Team Penske;Acura;
7;3;5;1:52.372;0;;33.764;0;39.697;0;38.911;0;190.8;20:24.134;15:00:24.134;0:33.764;0:39.697;0:38.911;276.2;Alexander Rossi;;DPi;;Acura Team Penske;Acura;
7;3;6;1:50.141;0;;32.363;0;38.421;0;39.357;0;194.7;22:14.275;15:02:14.275;0:32.363;0:38.421;0:39.357;276.2;Alexander Rossi;;DPi;;Acura Team Penske;Acura;
7;3;7;1:50.432;0;;32.350;0;38.291;0;39.791;0;194.1;24:04.707;15:04:04.707;0:32.350;0:38.291;0:39.791;276.2;Alexander Rossi;;DPi;;Acura Team Penske;Acura;
7;3;8;1:48.514;0;;32.131;0;38.195;0;38.188;1;197.6;25:53.221;15:05:53.221;0:32.131;0:38.195;0:38.188;276.2;Alexander Rossi;;DPi;;Acura Team Penske;Acura;
7;3;9;1:48.913;0;;31.956;2;37.950;1;39.007;0;196.8;27:42.134;15:07:42.134;0:31.956;0:37.950;0:39.007;277.3;Alexander Rossi;;DPi;;Acura Team Penske;Acura;
7;3;10;1:59.239;0;B;33.321;0;38.224;0;47.694;0;179.8;29:41.373;15:09:41.373;0:33.321;0:38.224;0:47.694;277.9;Alexander Rossi;;DPi;;Acura Team Penske;Acura;
7;2;11;10:11.322;0;;8:49.289;0;40.069;0;41.964;0;35.1;39:52.695;15:19:52.695;8:49.289;0:40.069;0:41.964;256.5;Helio Castroneves;0:08:24.316;DPi;;Acura Team Penske;Acura;
7;2;12;1:52.268;0;;32.820;0;39.747;0;39.701;0;191.0;41:44.963;15:21:44.963;0:32.820;0:39.747;0:39.701;279.0;Helio Castroneves;;DPi;;Acura Team Penske;Acura;
7;2;13;1:51.715;0;;33.825;0;39.234;0;38.656;0;191.9;43:36.678;15:23:36.678;0:33.825;0:39.234;0:38.656;277.3;Helio Castroneves;;DPi;;Acura Team Penske;Acura;
7;2;14;1:50.421;0;;33.342;0;38.768;0;38.311;0;194.2;45:27.099;15:25:27.099;0:33.342;0:38.768;0:38.311;279.6;Helio Castroneves;;DPi;;Acura Team Penske;Acura;
7;2;15;1:49.396;0;;32.112;1;37.953;0;39.331;0;196.0;47:16.495;15:27:16.495;0:32.112;0:37.953;0:39.331;279.0;Helio Castroneves;;DPi;;Acura Team Penske;Acura;
7;2;16;1:47.989;2;;32.300;0;37.727;2;37.962;2;198.5;49:04.484;15:29:04.484;0:32.300;0:37.727;0:37.962;278.4;Helio Castroneves;;DPi;;Acura Team Penske;Acura;
7;2;17;2:21.263;0;B;50.127;0;41.804;0;49.332;0;151.8;51:25.747;15:31:25.747;0:50.127;0:41.804;0:49.332;276.8;Helio Castroneves;;DPi;;Acura Team Penske;Acura;
7;2;18;5:12.357;0;;3:51.051;0;41.115;0;40.191;0;68.6;56:38.104;15:36:38.104;3:51.051;0:41.115;0:40.191;251.3;Helio Castroneves;0:03:25.105;DPi;;Acura Team Penske;Acura;
7;2;19;1:51.378;0;;34.113;0;38.852;0;38.413;0;192.5;58:29.482;15:38:29.482;0:34.113;0:38.852;0:38.413;279.0;Helio Castroneves;;DPi;;Acura Team Penske;Acura;
7;2;20;2:04.176;0;B;36.533;0;39.002;0;48.641;0;172.7;1:00:33.658;15:40:33.658;0:36.533;0:39.002;0:48.641;278.4;Helio Castroneves;;DPi;;Acura Team Penske;Acura;
71;3;1;3:37.273;0;;1:43.830;0;1:06.895;0;46.548;0;98.7;3:37.273;14:43:37.273;1:43.830;1:06.895;0:46.548;238.9;Fabian Schiller;0:01:07.084;GTD;;P1 Motorsports;Mercedes-AMG;
71;3;2;2:03.816;0;;36.965;0;42.960;0;43.891;0;173.2;5:41.089;14:45:41.089;0:36.965;0:42.960;0:43.891;245.8;Fabian Schiller;;GTD;;P1 Motorsports;Mercedes-AMG;
71;3;3;10:53.725;0;B;41.700;0;44.567;0;9:27.458;0;32.8;16:34.814;14:56:34.814;0:41.700;0:44.567;9:27.458;195.2;Fabian Schiller;;GTD;;P1 Motorsports;Mercedes-AMG;
71;3;4;2:27.393;0;;59.749;0;43.531;0;44.113;0;145.5;19:02.207;14:59:02.207;0:59.749;0:43.531;0:44.113;243.2;Fabian Schiller;0:09:02.267;GTD;;P1 Motorsports;Mercedes-AMG;
71;3;5;2:03.203;0;;37.039;0;42.708;2;43.456;2;174.0;21:05.410;15:01:05.410;0:37.039;0:42.708;0:43.456;246.7;Fabian Schiller;;GTD;;P1 Motorsports;Mercedes-AMG;
71;3;6;5:20.791;0;B;48.828;0;1:12.042;0;3:19.921;0;66.8;26:26.201;15:06:26.201;0:48.828;1:12.042;3:19.921;108.2;Fabian Schiller;;GTD;;P1 Motorsports;Mercedes-AMG;
71;3;7;2:31.911;0;;1:04.028;0;43.607;0;44.276;0;141.1;28:58.112;15:08:58.112;1:04.028;0:43.607;0:44.276;246.7;Fabian Schiller;0:02:31.361;GTD;;P1 Motorsports;Mercedes-AMG;
71;3;8;2:02.927;2;;36.542;2;42.823;0;43.562;0;174.4;31:01.039;15:11:01.039;0:36.542;0:42.823;0:43.562;248.1;Fabian Schiller;;GTD;;P1 Motorsports;Mercedes-AMG;
71;3;9;6:24.435;0;B;36.602;0;42.503;0;5:05.330;0;55.8;37:25.474;15:17:25.474;0:36.602;0:42.503;5:05.330;170.1;Fabian Schiller;;GTD;;P1 Motorsports;Mercedes-AMG;
71;1;10;2:36.169;0;;1:05.270;0;44.634;0;46.265;0;137.3;40:01.643;15:20:01.643;1:05.270;0:44.634;0:46.265;245.0;JC Perez;0:04:41.215;GTD;;P1 Motorsports;Mercedes-AMG;
71;1;11;2:06.791;0;;38.210;0;43.370;0;45.211;0;169.1;42:08.434;15:22:08.434;0:38.210;0:43.370;0:45.211;247.2;JC Perez;;GTD;;P1 Motorsports;Mercedes-AMG;
71;1;12;2:06.510;0;;38.345;0;43.142;0;45.023;0;169.5;44:14.944;15:24:14.944;0:38.345;0:43.142;0:45.023;247.6;JC Perez;;GTD;;P1 Motorsports;Mercedes-AMG;
71;1;13;2:05.604;0;;37.664;1;43.016;0;44.924;1;170.7;46:20.548;15:26:20.548;0:37.664;0:43.016;0:44.924;247.6;JC Perez;;GTD;;P1 Motorsports;Mercedes-AMG;
71;1;14;9:22.642;0;B;38.460;0;42.935;1;8:01.247;0;38.1;55:43.190;15:35:43.190;0:38.460;0:42.935;8:01.247;249.9;JC Perez;;GTD;;P1 Motorsports;Mercedes-AMG;
73;3;1;3:05.893;0;;1:31.453;0;47.083;0;47.357;0;115.3;3:05.893;14:43:05.893;1:31.453;0:47.083;0:47.357;194.9;Nicholas Boulle;0:00:52.180;GTD;;Park Place Motorsports;Porsche;
73;3;2;2:03.867;0;;37.682;0;42.239;0;43.946;0;173.1;5:09.760;14:45:09.760;0:37.682;0:42.239;0:43.946;248.1;Nicholas Boulle;;GTD;;Park Place Motorsports;Porsche;
73;3;3;2:32.249;0;B;36.649;0;44.563;0;1:11.037;0;140.8;7:42.009;14:47:42.009;0:36.649;0:44.563;1:11.037;173.1;Nicholas Boulle;;GTD;;Park Place Motorsports;Porsche;
73;3;4;10:45.736;0;;9:15.824;0;45.189;0;44.723;0;33.2;18:27.745;14:58:27.745;9:15.824;0:45.189;0:44.723;248.1;Nicholas Boulle;0:08:52.099;GTD;;Park Place Motorsports;Porsche;
73;3;5;4:29.981;0;B;37.160;0;42.386;0;3:10.435;0;79.4;22:57.726;15:02:57.726;0:37.160;0:42.386;3:10.435;247.2;Nicholas Boulle;;GTD;;Park Place Motorsports;Porsche;
73;3;6;2:26.957;0;;59.514;0;43.374;0;44.069;0;145.9;25:24.683;15:05:24.683;0:59.514;0:43.374;0:44.069;246.7;Nicholas Boulle;0:02:50.532;GTD;;Park Place Motorsports;Porsche;
73;3;7;2:02.757;0;;36.990;0;42.214;0;43.553;2;174.6;27:27.440;15:07:27.440;0:36.990;0:42.214;0:43.553;248.1;Nicholas Boulle;;GTD;;Park Place Motorsports;Porsche;
73;3;8;2:01.987;2;;36.415;2;41.970;2;43.602;0;175.8;29:29.427;15:09:29.427;0:36.415;0:41.970;0:43.602;249.0;Nicholas Boulle;;GTD;;Park Place Motorsports;Porsche;
73;3;9;2:02.198;0;;36.431;0;42.128;0;43.639;0;175.4;31:31.625;15:11:31.625;0:36.431;0:42.128;0:43.639;248.1;Nicholas Boulle;;GTD;;Park Place Motorsports;Porsche;
73;3;10;6:15.350;0;B;37.139;0;44.455;0;4:53.756;0;57.1;37:46.975;15:17:46.975;0:37.139;0:44.455;4:53.756;247.2;Nicholas Boulle;;GTD;;Park Place Motorsports;Porsche;
73;1;11;2:27.771;0;;59.143;0;44.284;0;44.344;0;145.1;40:14.746;15:20:14.746;0:59.143;0:44.284;0:44.344;245.8;Patrick Lindsey;0:04:30.506;GTD;;Park Place Motorsports;Porsche;
73;1;12;2:03.124;0;;36.812;0;42.431;0;43.881;0;174.1;42:17.870;15:22:17.870;0:36.812;0:42.431;0:43.881;247.2;Patrick Lindsey;;GTD;;Park Place Motorsports;Porsche;
73;1;13;2:02.772;0;;36.588;0;42.286;0;43.898;0;174.6;44:20.642;15:24:20.642;0:36.588;0:42.286;0:43.898;248.5;Patrick Lindsey;;GTD;;Park Place Motorsports;Porsche;
73;1;14;2:02.967;0;;36.557;1;42.217;1;44.193;0;174.3;46:23.609;15:26:23.609;0:36.557;0:42.217;0:44.193;249.0;Patrick Lindsey;;GTD;;Park Place Motorsports;Porsche;
73;1;15;3:59.467;0;B;36.662;0;43.521;0;2:39.284;0;89.5;50:23.076;15:30:23.076;0:36.662;0:43.521;2:39.284;249.0;Patrick Lindsey;;GTD;;Park Place Motorsports;Porsche;
73;1;16;2:24.839;0;;58.478;0;42.428;0;43.933;0;148.0;52:47.915;15:32:47.915;0:58.478;0:42.428;0:43.933;245.8;Patrick Lindsey;0:02:18.276;GTD;;Park Place Motorsports;Porsche;
73;1;17;4:08.270;0;B;37.185;0;42.341;0;2:48.744;0;86.4;56:56.185;15:36:56.185;0:37.185;0:42.341;2:48.744;217.3;Patrick Lindsey;;GTD;;Park Place Motorsports;Porsche;
73;1;18;2:24.905;0;;58.441;0;42.402;0;44.062;0;148.0;59:21.090;15:39:21.090;0:58.441;0:42.402;0:44.062;247.6;Patrick Lindsey;0:02:28.272;GTD;;Park Place Motorsports;Porsche;
73;1;19;2:03.052;0;;36.899;0;42.374;0;43.779;1;174.2;1:01:24.142;15:41:24.142;0:36.899;0:42.374;0:43.779;247.2;Patrick Lindsey;;GTD;;Park Place Motorsports;Porsche;
77;3;1;2:27.862;0;B;58.465;0;38.856;0;50.541;0;145.0;2:27.862;14:42:27.862;0:58.465;0:38.856;0:50.541;272.3;Timo Bernhard;0:00:25.116;DPi;;Mazda Team Joest;Mazda;
77;3;2;2:18.605;0;;55.954;0;40.567;0;42.084;0;154.7;4:46.467;14:44:46.467;0:55.954;0:40.567;0:42.084;253.6;Timo Bernhard;0:00:32.341;DPi;;Mazda Team Joest;Mazda;
77;3;3;2:01.661;0;B;33.155;0;38.595;0;49.911;0;176.2;6:48.128;14:46:48.128;0:33.155;0:38.595;0:49.911;280.2;Timo Bernhard;;DPi;;Mazda Team Joest;Mazda;
77;3;4;11:18.267;0;;10:00.116;0;39.489;0;38.662;0;31.6;18:06.395;14:58:06.395;10:00.116;0:39.489;0:38.662;282.5;Timo Bernhard;0:09:34.919;DPi;;Mazda Team Joest;Mazda;
77;3;5;1:50.593;0;;33.194;0;38.792;0;38.607;0;193.9;19:56.988;14:59:56.988;0:33.194;0:38.792;0:38.607;280.2;Timo Bernhard;;DPi;;Mazda Team Joest;Mazda;
77;3;6;1:50.322;0;;32.648;0;38.354;0;39.320;0;194.3;21:47.310;15:01:47.310;0:32.648;0:38.354;0:39.320;281.3;Timo Bernhard;;DPi;;Mazda Team Joest;Mazda;
77;3;7;2:06.816;0;B;32.345;0;45.968;0;48.503;0;169.1;23:54.126;15:03:54.126;0:32.345;0:45.968;0:48.503;282.5;Timo Bernhard;;DPi;;Mazda Team Joest;Mazda;
77;3;8;8:09.841;0;B;54.236;0;39.339;0;6:36.266;0;43.8;32:03.967;15:12:03.967;0:54.236;0:39.339;6:36.266;280.2;Timo Bernhard;0:00:32.282;DPi;;Mazda Team Joest;Mazda;
77;3;9;6:46.648;0;;5:29.274;0;38.911;0;38.463;0;52.7;38:50.615;15:18:50.615;5:29.274;0:38.911;0:38.463;277.3;Timo Bernhard;0:10:52.988;DPi;;Mazda Team Joest;Mazda;
77;3;10;1:48.447;0;;32.447;0;37.986;1;38.014;1;197.7;40:39.062;15:20:39.062;0:32.447;0:37.986;0:38.014;279.6;Timo Bernhard;;DPi;;Mazda Team Joest;Mazda;
77;3;11;1:50.185;0;;32.138;2;39.300;0;38.747;0;194.6;42:29.247;15:22:29.247;0:32.138;0:39.300;0:38.747;276.8;Timo Bernhard;;DPi;;Mazda Team Joest;Mazda;
77;3;12;1:48.666;0;;32.337;0;38.199;0;38.130;0;197.3;44:17.913;15:24:17.913;0:32.337;0:38.199;0:38.130;281.3;Timo Bernhard;;DPi;;Mazda Team Joest;Mazda;
77;3;13;3:37.512;0;B;33.754;0;38.238;0;2:25.520;0;98.6;47:55.425;15:27:55.425;0:33.754;0:38.238;2:25.520;281.9;Timo Bernhard;;DPi;;Mazda Team Joest;Mazda;
77;1;14;2:16.959;0;;59.043;0;38.839;0;39.077;0;156.5;50:12.384;15:30:12.384;0:59.043;0:38.839;0:39.077;279.6;Oliver Jarvis;0:02:10.054;DPi;;Mazda Team Joest;Mazda;
77;1;15;1:51.683;0;;33.772;0;38.784;0;39.127;0;192.0;52:04.067;15:32:04.067;0:33.772;0:38.784;0:39.127;278.4;Oliver Jarvis;;DPi;;Mazda Team Joest;Mazda;
77;1;16;1:51.211;0;;34.645;0;37.939;0;38.627;0;192.8;53:55.278;15:33:55.278;0:34.645;0:37.939;0:38.627;280.7;Oliver Jarvis;;DPi;;Mazda Team Joest;Mazda;
77;1;17;1:49.390;0;;33.834;0;37.730;2;37.826;2;196.0;55:44.668;15:35:44.668;0:33.834;0:37.730;0:37.826;280.7;Oliver Jarvis;;DPi;;Mazda Team Joest;Mazda;
77;1;18;1:52.110;0;;33.516;0;37.909;0;40.685;0;191.2;57:36.778;15:37:36.778;0:33.516;0:37.909;0:40.685;233.2;Oliver Jarvis;;DPi;;Mazda Team Joest;Mazda;
77;1;19;1:50.863;0;;32.354;0;38.542;0;39.967;0;193.4;59:27.641;15:39:27.641;0:32.354;0:38.542;0:39.967;253.1;Oliver Jarvis;;DPi;;Mazda Team Joest;Mazda;
77;1;20;1:48.285;2;;32.199;1;37.946;0;38.140;0;198.0;1:01:15.926;15:41:15.926;0:32.199;0:37.946;0:38.140;281.3;Oliver Jarvis;;DPi;;Mazda Team Joest;Mazda;
8;2;1;5:01.245;0;;3:30.517;0;45.757;0;44.971;0;71.2;5:01.245;14:45:01.245;3:30.517;0:45.757;0:44.971;246.3;Ryan Dalziel;0:02:52.296;GTD;;Starworks Motorsport;Audi;
8;2;2;2:34.080;0;B;36.551;0;46.963;0;1:10.566;0;139.1;7:35.325;14:47:35.325;0:36.551;0:46.963;1:10.566;188.2;Ryan Dalziel;;GTD;;Starworks Motorsport;Audi;
8;2;3;10:45.370;0;;9:16.515;0;44.657;0;44.198;0;33.2;18:20.695;14:58:20.695;9:16.515;0:44.657;0:44.198;246.7;Ryan Dalziel;0:08:54.620;GTD;;Starworks Motorsport;Audi;
8;2;4;2:03.365;0;;36.929;0;42.708;0;43.728;0;173.8;20:24.060;15:00:24.060;0:36.929;0:42.708;0:43.728;245.8;Ryan Dalziel;;GTD;;Starworks Motorsport;Audi;
8;2;5;2:03.071;0;;36.565;0;42.391;0;44.115;0;174.2;22:27.131;15:02:27.131;0:36.565;0:42.391;0:44.115;247.2;Ryan Dalziel;;GTD;;Starworks Motorsport;Audi;
8;2;6;2:02.972;0;;36.860;0;42.463;0;43.649;0;174.3;24:30.103;15:04:30.103;0:36.860;0:42.463;0:43.649;247.2;Ryan Dalziel;;GTD;;Starworks Motorsport;Audi;
8;2;7;2:02.122;2;;36.428;0;42.326;0;43.368;2;175.6;26:32.225;15:06:32.225;0:36.428;0:42.326;0:43.368;247.2;Ryan Dalziel;;GTD;;Starworks Motorsport;Audi;
8;2;8;10:49.163;0;B;36.973;0;42.352;0;9:29.838;0;33.0;37:21.388;15:17:21.388;0:36.973;0:42.352;9:29.838;246.7;Ryan Dalziel;;GTD;;Starworks Motorsport;Audi;
8;2;9;2:26.959;0;;59.645;0;43.029;0;44.285;0;145.9;39:48.347;15:19:48.347;0:59.645;0:43.029;0:44.285;248.1;Ryan Dalziel;0:09:08.295;GTD;;Starworks Motorsport;Audi;
8;2;10;2:05.301;0;;36.626;0;43.122;0;45.553;0;171.1;41:53.648;15:21:53.648;0:36.626;0:43.122;0:45.553;218.7;Ryan Dalziel;;GTD;;Starworks Motorsport;Audi;
8;2;11;3:38.837;0;B;36.416;2;42.306;2;2:20.115;0;98.0;45:32.485;15:25:32.485;0:36.416;0:42.306;2:20.115;246.7;Ryan Dalziel;;GTD;;Starworks Motorsport;Audi;
8;1;12;2:28.507;0;;1:00.387;0;43.549;0;44.571;0;144.4;48:00.992;15:28:00.992;1:00.387;0:43.549;0:44.571;247.6;Parker Chase;0:01:58.499;GTD;;Starworks Motorsport;Audi;
8;1;13;2:10.190;0;;37.016;1;47.979;0;45.195;0;164.7;50:11.182;15:30:11.182;0:37.016;0:47.979;0:45.195;246.3;Parker Chase;;GTD;;Starworks Motorsport;Audi;
8;1;14;2:04.495;0;;37.337;0;42.828;0;44.330;0;172.2;52:15.677;15:32:15.677;0:37.337;0:42.828;0:44.330;246.3;Parker Chase;;GTD;;Starworks Motorsport;Audi;
8;1;15;2:04.078;0;;37.149;0;42.997;0;43.932;1;172.8;54:19.755;15:34:19.755;0:37.149;0:42.997;0:43.932;247.2;Parker Chase;;GTD;;Starworks Motorsport;Audi;
8;1;16;2:15.218;0;;37.199;0;53.265;0;44.754;0;158.6;56:34.973;15:36:34.973;0:37.199;0:53.265;0:44.754;247.2;Parker Chase;;GTD;;Starworks Motorsport;Audi;
8;1;17;2:04.782;0;;37.662;0;42.941;0;44.179;0;171.8;58:39.755;15:38:39.755;0:37.662;0:42.941;0:44.179;247.6;Parker Chase;;GTD;;Starworks Motorsport;Audi;
84;3;1;2:55.035;0;;1:28.007;0;43.722;0;43.306;0;122.5;2:55.035;14:42:55.035;1:28.007;0:43.722;0:43.306;249.9;Chris Miller;0:00:50.910;DPi;;JDC-Miller MotorSports;Cadillac;
84;3;2;1:56.458;0;;35.481;0;41.505;0;39.472;0;184.1;4:51.493;14:44:51.493;0:35.481;0:41.505;0:39.472;273.4;Chris Miller;;DPi;;JDC-Miller MotorSports;Cadillac;
84;3;3;2:12.194;0;B;34.169;0;40.347;0;57.678;0;162.2;7:03.687;14:47:03.687;0:34.169;0:40.347;0:57.678;250.8;Chris Miller;;DPi;;JDC-Miller MotorSports;Cadillac;
84;3;4;10:58.291;0;;9:39.090;0;39.165;0;40.036;0;32.6;18:01.978;14:58:01.978;9:39.090;0:39.165;0:40.036;272.9;Chris Miller;0:09:15.749;DPi;;JDC-Miller MotorSports;Cadillac;
84;3;5;1:51.355;0;;33.440;0;38.849;0;39.066;0;192.5;19:53.333;14:59:53.333;0:33.440;0:38.849;0:39.066;274.5;Chris Miller;;DPi;;JDC-Miller MotorSports;Cadillac;
84;3;6;1:54.614;0;;34.560;0;39.548;0;40.506;0;187.1;21:47.947;15:01:47.947;0:34.560;0:39.548;0:40.506;275.6;Chris Miller;;DPi;;JDC-Miller MotorSports;Cadillac;
84;3;7;2:02.988;0;B;33.301;0;39.676;0;50.011;0;174.3;23:50.935;15:03:50.935;0:33.301;0:39.676;0:50.011;274.5;Chris Miller;;DPi;;JDC-Miller MotorSports;Cadillac;
84;3;8;4:05.177;0;;2:47.668;0;38.780;0;38.729;0;87.4;27:56.112;15:07:56.112;2:47.668;0:38.780;0:38.729;274.5;Chris Miller;0:02:24.427;DPi;;JDC-Miller MotorSports;Cadillac;
84;3;9;1:50.120;0;;32.701;0;38.860;0;38.559;2;194.7;29:46.232;15:09:46.232;0:32.701;0:38.860;0:38.559;274.5;Chris Miller;;DPi;;JDC-Miller MotorSports;Cadillac;
84;3;10;1:50.225;0;;33.115;0;38.311;1;38.799;0;194.5;31:36.457;15:11:36.457;0:33.115;0:38.311;0:38.799;274.5;Chris Miller;;DPi;;JDC-Miller MotorSports;Cadillac;
84;3;11;2:11.839;0;B;32.684;2;41.467;0;57.688;0;162.6;33:48.296;15:13:48.296;0:32.684;0:41.467;0:57.688;197.5;Chris Miller;;DPi;;JDC-Miller MotorSports;Cadillac;
84;3;12;5:10.828;0;;3:51.867;0;39.790;0;39.171;0;69.0;38:59.124;15:18:59.124;3:51.867;0:39.790;0:39.171;275.6;Chris Miller;0:03:28.608;DPi;;JDC-Miller MotorSports;Cadillac;
84;3;13;1:51.741;0;;34.248;0;38.752;0;38.741;0;191.9;40:50.865;15:20:50.865;0:34.248;0:38.752;0:38.741;276.2;Chris Miller;;DPi;;JDC-Miller MotorSports;Cadillac;
84;3;14;1:50.018;2;;32.891;0;38.413;0;38.714;0;194.9;42:40.883;15:22:40.883;0:32.891;0:38.413;0:38.714;275.6;Chris Miller;;DPi;;JDC-Miller MotorSports;Cadillac;
84;3;15;2:02.845;0;B;32.770;0;38.953;0;51.122;0;174.5;44:43.728;15:24:43.728;0:32.770;0:38.953;0:51.122;275.6;Chris Miller;;DPi;;JDC-Miller MotorSports;Cadillac;
84;2;16;3:20.714;0;;2:02.166;0;39.340;0;39.208;1;106.8;48:04.442;15:28:04.442;2:02.166;0:39.340;0:39.208;276.2;Stephen Simpson;0:01:38.581;DPi;;JDC-Miller MotorSports;Cadillac;
84;2;17;1:52.917;0;;34.317;0;38.435;0;40.165;0;189.9;49:57.359;15:29:57.359;0:34.317;0:38.435;0:40.165;276.2;Stephen Simpson;;DPi;;JDC-Miller MotorSports;Cadillac;
84;2;18;2:00.151;0;B;33.068;0;38.143;0;48.940;0;178.4;51:57.510;15:31:57.510;0:33.068;0:38.143;0:48.940;275.6;Stephen Simpson;;DPi;;JDC-Miller MotorSports;Cadillac;
84;2;19;3:07.493;0;;1:45.084;0;38.521;0;43.888;0;114.3;55:05.003;15:35:05.003;1:45.084;0:38.521;0:43.888;255.5;Stephen Simpson;0:01:22.519;DPi;;JDC-Miller MotorSports;Cadillac;
84;2;20;1:51.197;0;;33.052;0;38.388;0;39.757;0;192.8;56:56.200;15:36:56.200;0:33.052;0:38.388;0:39.757;277.3;Stephen Simpson;;DPi;;JDC-Miller MotorSports;Cadillac;
84;2;21;1:51.786;0;;33.542;0;38.022;2;40.222;0;191.8;58:47.986;15:38:47.986;0:33.542;0:38.022;0:40.222;275.6;Stephen Simpson;;DPi;;JDC-Miller MotorSports;Cadillac;
84;2;22;2:00.317;0;B;33.014;1;38.875;0;48.428;0;178.2;1:00:48.303;15:40:48.303;0:33.014;0:38.875;0:48.428;277.3;Stephen Simpson;;DPi;;JDC-Miller MotorSports;Cadillac;
85;1;1;2:59.677;0;B;1:23.328;0;42.998;0;53.351;0;119.3;2:59.677;14:42:59.677;1:23.328;0:42.998;0:53.351;238.5;Misha Goikhberg;0:00:45.991;DPi;;JDC-Miller MotorSports;Cadillac;
85;1;2;2:45.337;0;;1:26.906;0;39.477;0;38.954;1;129.7;5:45.014;14:45:45.014;1:26.906;0:39.477;0:38.954;272.3;Misha Goikhberg;0:01:04.224;DPi;;JDC-Miller MotorSports;Cadillac;
85;1;3;2:26.376;0;B;40.232;0;45.723;0;1:00.421;0;146.5;8:11.390;14:48:11.390;0:40.232;0:45.723;1:00.421;190.0;Misha Goikhberg;;DPi;;JDC-Miller MotorSports;Cadillac;
85;1;4;10:31.717;0;;9:08.408;0;41.559;0;41.750;0;33.9;18:43.107;14:58:43.107;9:08.408;0:41.559;0:41.750;266.5;Misha Goikhberg;0:08:46.162;DPi;;JDC-Miller MotorSports;Cadillac;
85;1;5;1:52.809;0;;34.080;0;39.569;0;39.160;0;190.0;20:35.916;15:00:35.916;0:34.080;0:39.569;0:39.160;275.1;Misha Goikhberg;;DPi;;JDC-Miller MotorSports;Cadillac;
85;1;6;1:51.576;0;;33.797;0;38.796;0;38.983;0;192.1;22:27.492;15:02:27.492;0:33.797;0:38.796;0:38.983;274.0;Misha Goikhberg;;DPi;;JDC-Miller MotorSports;Cadillac;
85;1;7;1:52.378;0;;33.967;0;38.561;0;39.850;0;190.8;24:19.870;15:04:19.870;0:33.967;0:38.561;0:39.850;276.2;Misha Goikhberg;;DPi;;JDC-Miller MotorSports;Cadillac;
85;1;8;2:02.731;0;B;33.511;1;38.864;0;50.356;0;174.7;26:22.601;15:06:22.601;0:33.511;0:38.864;0:50.356;275.6;Misha Goikhberg;;DPi;;JDC-Miller MotorSports;Cadillac;
85;1;9;5:59.373;0;;4:41.286;0;38.534;1;39.553;0;59.7;32:21.974;15:12:21.974;4:41.286;0:38.534;0:39.553;275.6;Misha Goikhberg;0:04:18.795;DPi;;JDC-Miller MotorSports;Cadillac;
85;1;10;2:25.939;0;B;32.932;0;45.920;0;1:07.087;0;146.9;34:47.913;15:14:47.913;0:32.932;0:45.920;1:07.087;198.9;Misha Goikhberg;;DPi;;JDC-Miller MotorSports;Cadillac;
85;3;11;4:47.178;0;;3:26.118;0;40.291;0;40.769;0;74.7;39:35.091;15:19:35.091;3:26.118;0:40.291;0:40.769;271.8;Juan Piedrahita;0:03:03.072;DPi;;JDC-Miller MotorSports;Cadillac;
85;3;12;1:53.259;0;;34.436;0;39.338;0;39.485;0;189.3;41:28.350;15:21:28.350;0:34.436;0:39.338;0:39.485;274.5;Juan Piedrahita;;DPi;;JDC-Miller MotorSports;Cadillac;
85;3;13;1:50.672;0;;33.025;0;38.672;0;38.975;0;193.7;43:19.022;15:23:19.022;0:33.025;0:38.672;0:38.975;275.1;Juan Piedrahita;;DPi;;JDC-Miller MotorSports;Cadillac;
85;3;14;1:51.600;0;;33.267;0;38.836;0;39.497;0;192.1;45:10.622;15:25:10.622;0:33.267;0:38.836;0:39.497;275.6;Juan Piedrahita;;DPi;;JDC-Miller MotorSports;Cadillac;
85;3;15;1:49.336;0;;32.682;0;38.044;0;38.610;0;196.1;46:59.958;15:26:59.958;0:32.682;0:38.044;0:38.610;275.6;Juan Piedrahita;;DPi;;JDC-Miller MotorSports;Cadillac;
85;3;16;1:50.567;0;;32.911;0;38.150;0;39.506;0;193.9;48:50.525;15:28:50.525;0:32.911;0:38.150;0:39.506;276.8;Juan Piedrahita;;DPi;;JDC-Miller MotorSports;Cadillac;
85;3;17;2:03.353;0;B;32.880;0;38.931;0;51.542;0;173.8;50:53.878;15:30:53.878;0:32.880;0:38.931;0:51.542;275.6;Juan Piedrahita;;DPi;;JDC-Miller MotorSports;Cadillac;
85;3;18;3:45.457;0;;2:24.474;0;39.402;0;41.581;0;95.1;54:39.335;15:34:39.335;2:24.474;0:39.402;0:41.581;272.9;Juan Piedrahita;0:02:01.398;DPi;;JDC-Miller MotorSports;Cadillac;
85;3;19;1:48.988;0;;32.831;0;37.776;0;38.381;2;196.7;56:28.323;15:36:28.323;0:32.831;0:37.776;0:38.381;276.2;Juan Piedrahita;;DPi;;JDC-Miller MotorSports;Cadillac;
85;3;20;1:48.985;2;;32.454;2;37.685;2;38.846;0;196.7;58:17.308;15:38:17.308;0:32.454;0:37.685;0:38.846;275.1;Juan Piedrahita;;DPi;;JDC-Miller MotorSports;Cadillac;
85;3;21;1:50.794;0;;32.468;0;38.778;0;39.548;0;193.5;1:00:08.102;15:40:08.102;0:32.468;0:38.778;0:39.548;274.5;Juan Piedrahita;;DPi;;JDC-Miller MotorSports;Cadillac;
86;3;1;6:36.227;0;B;4:58.052;0;43.199;0;54.976;0;54.1;6:36.227;14:46:36.227;4:58.052;0:43.199;0:54.976;249.4;Justin Marks;0:04:20.684;GTD;;Meyer Shank Racing w/ Curb-Agajanian;Acura;
86;3;2;12:10.139;0;;10:42.049;0;42.640;0;45.450;0;29.4;18:46.366;14:58:46.366;10:42.049;0:42.640;0:45.450;252.7;Justin Marks;0:10:17.092;GTD;;Meyer Shank Racing w/ Curb-Agajanian;Acura;
86;3;3;2:02.965;0;;37.104;0;42.150;0;43.711;0;174.4;20:49.331;15:00:49.331;0:37.104;0:42.150;0:43.711;248.5;Justin Marks;;GTD;;Meyer Shank Racing w/ Curb-Agajanian;Acura;
86;3;4;2:02.743;0;;36.849;0;42.327;0;43.567;0;174.7;22:52.074;15:02:52.074;0:36.849;0:42.327;0:43.567;249.4;Justin Marks;;GTD;;Meyer Shank Racing w/ Curb-Agajanian;Acura;
86;3;5;2:03.428;0;;36.664;0;42.420;0;44.344;0;173.7;24:55.502;15:04:55.502;0:36.664;0:42.420;0:44.344;250.8;Justin Marks;;GTD;;Meyer Shank Racing w/ Curb-Agajanian;Acura;
86;3;6;2:02.562;0;;36.659;0;42.128;0;43.775;0;174.9;26:58.064;15:06:58.064;0:36.659;0:42.128;0:43.775;251.3;Justin Marks;;GTD;;Meyer Shank Racing w/ Curb-Agajanian;Acura;
86;3;7;2:02.942;0;;36.997;0;42.192;0;43.753;0;174.4;29:01.006;15:09:01.006;0:36.997;0:42.192;0:43.753;251.7;Justin Marks;;GTD;;Meyer Shank Racing w/ Curb-Agajanian;Acura;
86;3;8;2:03.458;0;;36.745;0;42.375;0;44.338;0;173.7;31:04.464;15:11:04.464;0:36.745;0:42.375;0:44.338;252.7;Justin Marks;;GTD;;Meyer Shank Racing w/ Curb-Agajanian;Acura;
86;3;9;2:21.427;0;B;36.741;0;42.238;0;1:02.448;0;151.6;33:25.891;15:13:25.891;0:36.741;0:42.238;1:02.448;247.2;Justin Marks;;GTD;;Meyer Shank Racing w/ Curb-Agajanian;Acura;
86;3;10;6:17.997;0;;4:49.124;0;44.591;0;44.282;0;56.7;39:43.888;15:19:43.888;4:49.124;0:44.591;0:44.282;245.0;Justin Marks;0:04:21.509;GTD;;Meyer Shank Racing w/ Curb-Agajanian;Acura;
86;3;11;2:02.473;0;;36.213;0;42.212;0;44.048;0;175.1;41:46.361;15:21:46.361;0:36.213;0:42.212;0:44.048;249.0;Justin Marks;;GTD;;Meyer Shank Racing w/ Curb-Agajanian;Acura;
86;3;12;2:02.098;0;;36.433;0;42.015;2;43.650;0;175.6;43:48.459;15:23:48.459;0:36.433;0:42.015;0:43.650;249.4;Justin Marks;;GTD;;Meyer Shank Racing w/ Curb-Agajanian;Acura;
86;3;13;2:01.581;2;;36.315;0;42.017;0;43.249;2;176.3;45:50.040;15:25:50.040;0:36.315;0:42.017;0:43.249;249.4;Justin Marks;;GTD;;Meyer Shank Racing w/ Curb-Agajanian;Acura;
86;3;14;2:01.661;0;;36.211;2;42.179;0;43.271;0;176.2;47:51.701;15:27:51.701;0:36.211;0:42.179;0:43.271;249.9;Justin Marks;;GTD;;Meyer Shank Racing w/ Curb-Agajanian;Acura;
86;3;15;2:02.137;0;;36.505;0;42.103;0;43.529;0;175.5;49:53.838;15:29:53.838;0:36.505;0:42.103;0:43.529;250.3;Justin Marks;;GTD;;Meyer Shank Racing w/ Curb-Agajanian;Acura;
86;3;16;2:11.731;0;B;36.520;0;42.465;0;52.746;0;162.8;52:05.569;15:32:05.569;0:36.520;0:42.465;0:52.746;249.4;Justin Marks;;GTD;;Meyer Shank Racing w/ Curb-Agajanian;Acura;
86;2;17;3:30.787;0;;2:05.088;0;42.089;0;43.610;0;101.7;55:36.356;15:35:36.356;2:05.088;0:42.089;0:43.610;249.9;Trent Hindman;0:01:39.696;GTD;;Meyer Shank Racing w/ Curb-Agajanian;Acura;
86;2;18;2:02.405;0;;36.903;0;42.039;0;43.463;0;175.2;57:38.761;15:37:38.761;0:36.903;0:42.039;0:43.463;250.8;Trent Hindman;;GTD;;Meyer Shank Racing w/ Curb-Agajanian;Acura;
86;2;19;2:01.874;0;;36.385;0;42.021;1;43.468;0;175.9;59:40.635;15:39:40.635;0:36.385;0:42.021;0:43.468;249.4;Trent Hindman;;GTD;;Meyer Shank Racing w/ Curb-Agajanian;Acura;
86;2;20;2:01.601;0;;36.213;1;42.121;0;43.267;1;176.3;1:01:42.236;15:41:42.236;0:36.213;0:42.121;0:43.267;249.0;Trent Hindman;;GTD;;Meyer Shank Racing w/ Curb-Agajanian;Acura;
9;1;1;3:04.308;0;;1:35.612;0;43.727;0;44.969;0;116.3;3:04.308;14:43:04.308;1:35.612;0:43.727;0:44.969;241.1;Scott Hargrove;0:00:58.426;GTD;;Pfaff Motorsports;Porsche;
9;1;2;2:04.223;0;;36.487;0;42.120;0;45.616;0;172.6;5:08.531;14:45:08.531;0:36.487;0:42.120;0:45.616;207.4;Scott Hargrove;;GTD;;Pfaff Motorsports;Porsche;
9;1;3;11:31.512;0;B;36.029;2;45.330;0;10:10.153;0;31.0;16:40.043;14:56:40.043;0:36.029;0:45.330;10:10.153;179.5;Scott Hargrove;;GTD;;Pfaff Motorsports;Porsche;
9;1;4;2:53.262;0;;1:25.467;0;43.800;0;43.995;0;123.7;19:33.305;14:59:33.305;1:25.467;0:43.800;0:43.995;245.4;Scott Hargrove;0:09:42.149;GTD;;Pfaff Motorsports;Porsche;
9;1;5;2:01.875;0;;36.384;0;42.054;0;43.437;0;175.9;21:35.180;15:01:35.180;0:36.384;0:42.054;0:43.437;245.4;Scott Hargrove;;GTD;;Pfaff Motorsports;Porsche;
9;1;6;2:01.445;0;;36.037;0;41.987;0;43.421;0;176.5;23:36.625;15:03:36.625;0:36.037;0:41.987;0:43.421;245.8;Scott Hargrove;;GTD;;Pfaff Motorsports;Porsche;
9;1;7;2:02.003;0;;36.154;0;41.984;0;43.865;0;175.7;25:38.628;15:05:38.628;0:36.154;0:41.984;0:43.865;238.1;Scott Hargrove;;GTD;;Pfaff Motorsports;Porsche;
9;1;8;2:03.921;0;;36.295;0;42.813;0;44.813;0;173.0;27:42.549;15:07:42.549;0:36.295;0:42.813;0:44.813;196.6;Scott Hargrove;;GTD;;Pfaff Motorsports;Porsche;
9;1;9;2:01.292;2;;36.062;0;41.901;2;43.329;2;176.8;29:43.841;15:09:43.841;0:36.062;0:41.901;0:43.329;247.6;Scott Hargrove;;GTD;;Pfaff Motorsports;Porsche;
9;1;10;8:22.599;0;B;36.072;0;42.032;0;7:04.495;0;42.7;38:06.440;15:18:06.440;0:36.072;0:42.032;7:04.495;221.9;Scott Hargrove;;GTD;;Pfaff Motorsports;Porsche;
9;2;11;2:25.638;0;;59.286;0;42.560;0;43.792;0;147.2;40:32.078;15:20:32.078;0:59.286;0:42.560;0:43.792;246.7;Zacharie Robichon;0:06:43.475;GTD;;Pfaff Motorsports;Porsche;
9;2;12;2:02.770;0;;36.700;0;42.470;0;43.600;1;174.6;42:34.848;15:22:34.848;0:36.700;0:42.470;0:43.600;246.3;Zacharie Robichon;;GTD;;Pfaff Motorsports;Porsche;
9;2;13;2:03.278;0;;36.371;0;42.931;0;43.976;0;173.9;44:38.126;15:24:38.126;0:36.371;0:42.931;0:43.976;246.7;Zacharie Robichon;;GTD;;Pfaff Motorsports;Porsche;
9;2;14;2:01.955;0;;36.274;1;41.999;0;43.682;0;175.8;46:40.081;15:26:40.081;0:36.274;0:41.999;0:43.682;247.2;Zacharie Robichon;;GTD;;Pfaff Motorsports;Porsche;
9;2;15;2:01.978;0;;36.366;0;41.984;1;43.628;0;175.8;48:42.059;15:28:42.059;0:36.366;0:41.984;0:43.628;247.2;Zacharie Robichon;;GTD;;Pfaff Motorsports;Porsche;
9;2;16;2:04.458;0;;37.079;0;42.581;0;44.798;0;172.3;50:46.517;15:30:46.517;0:37.079;0:42.581;0:44.798;246.7;Zacharie Robichon;;GTD;;Pfaff Motorsports;Porsche;
9;2;17;2:02.512;0;;36.496;0;42.199;0;43.817;0;175.0;52:49.029;15:32:49.029;0:36.496;0:42.199;0:43.817;246.3;Zacharie Robichon;;GTD;;Pfaff Motorsports;Porsche;
9;2;18;2:02.989;0;;36.750;0;42.222;0;44.017;0;174.3;54:52.018;15:34:52.018;0:36.750;0:42.222;0:44.017;246.7;Zacharie Robichon;;GTD;;Pfaff Motorsports;Porsche;
9;2;19;2:02.915;0;;36.717;0;42.545;0;43.653;0;174.4;56:54.933;15:36:54.933;0:36.717;0:42.545;0:43.653;247.6;Zacharie Robichon;;GTD;;Pfaff Motorsports;Porsche;
9;2;20;2:02.480;0;;36.567;0;42.063;0;43.850;0;175.0;58:57.413;15:38:57.413;0:36.567;0:42.063;0:43.850;247.2;Zacharie Robichon;;GTD;;Pfaff Motorsports;Porsche;
9;2;21;2:02.595;0;;36.611;0;42.111;0;43.873;0;174.9;1:01:00.008;15:41:00.008;0:36.611;0:42.111;0:43.873;247.2;Zacharie Robichon;;GTD;;Pfaff Motorsports;Porsche;
911;2;1;2:46.618;0;;1:19.261;0;43.842;0;43.515;0;128.7;2:46.618;14:42:46.618;1:19.261;0:43.842;0:43.515;251.3;Nick Tandy;0:00:42.424;GTLM;;Porsche GT Team;Porsche;
911;2;2;2:01.965;0;;35.929;0;41.709;0;44.327;0;175.8;4:48.583;14:44:48.583;0:35.929;0:41.709;0:44.327;256.9;Nick Tandy;;GTLM;;Porsche GT Team;Porsche;
911;2;3;2:13.125;0;B;35.836;0;41.155;0;56.134;0;161.0;7:01.708;14:47:01.708;0:35.836;0:41.155;0:56.134;256.0;Nick Tandy;;GTLM;;Porsche GT Team;Porsche;
911;2;4;11:03.881;0;;9:38.301;0;41.771;0;43.809;0;32.3;18:05.589;14:58:05.589;9:38.301;0:41.771;0:43.809;256.5;Nick Tandy;0:09:15.192;GTLM;;Porsche GT Team;Porsche;
911;2;5;1:59.496;0;;36.097;0;41.171;0;42.228;0;179.4;20:05.085;15:00:05.085;0:36.097;0:41.171;0:42.228;255.5;Nick Tandy;;GTLM;;Porsche GT Team;Porsche;
911;2;6;1:58.694;0;;35.379;0;41.047;0;42.268;0;180.6;22:03.779;15:02:03.779;0:35.379;0:41.047;0:42.268;256.5;Nick Tandy;;GTLM;;Porsche GT Team;Porsche;
911;2;7;2:10.161;0;B;36.215;0;41.475;0;52.471;0;164.7;24:13.940;15:04:13.940;0:36.215;0:41.475;0:52.471;229.3;Nick Tandy;;GTLM;;Porsche GT Team;Porsche;
911;2;8;5:45.842;0;;4:20.958;0;41.633;0;43.251;0;62.0;29:59.782;15:09:59.782;4:20.958;0:41.633;0:43.251;250.3;Nick Tandy;0:03:56.240;GTLM;;Porsche GT Team;Porsche;
911;2;9;1:56.991;2;;34.923;2;40.436;2;41.632;2;183.3;31:56.773;15:11:56.773;0:34.923;0:40.436;0:41.632;256.5;Nick Tandy;;GTLM;;Porsche GT Team;Porsche;
911;2;10;2:14.236;0;B;35.043;0;42.798;0;56.395;0;159.7;34:11.009;15:14:11.009;0:35.043;0:42.798;0:56.395;204.6;Nick Tandy;;GTLM;;Porsche GT Team;Porsche;
911;2;11;5:27.734;0;;4:04.033;0;41.286;0;42.415;0;65.4;39:38.743;15:19:38.743;4:04.033;0:41.286;0:42.415;256.0;Nick Tandy;0:03:39.432;GTLM;;Porsche GT Team;Porsche;
911;2;12;1:58.706;0;;35.551;0;40.991;0;42.164;0;180.6;41:37.449;15:21:37.449;0:35.551;0:40.991;0:42.164;256.5;Nick Tandy;;GTLM;;Porsche GT Team;Porsche;
911;2;13;1:57.755;0;;35.099;0;40.646;0;42.010;0;182.1;43:35.204;15:23:35.204;0:35.099;0:40.646;0:42.010;256.9;Nick Tandy;;GTLM;;Porsche GT Team;Porsche;
911;2;14;2:08.976;0;B;35.989;0;41.175;0;51.812;0;166.2;45:44.180;15:25:44.180;0:35.989;0:41.175;0:51.812;255.0;Nick Tandy;;GTLM;;Porsche GT Team;Porsche;
911;3;15;5:12.120;0;;3:47.760;0;41.654;0;42.706;0;68.7;50:56.300;15:30:56.300;3:47.760;0:41.654;0:42.706;254.6;Frederic Makowiecki;0:03:23.277;GTLM;;Porsche GT Team;Porsche;
911;3;16;1:59.121;0;;35.445;0;41.286;0;42.390;1;180.0;52:55.421;15:32:55.421;0:35.445;0:41.286;0:42.390;255.0;Frederic Makowiecki;;GTLM;;Porsche GT Team;Porsche;
911;3;17;1:59.899;0;;35.315;1;41.065;1;43.519;0;178.8;54:55.320;15:34:55.320;0:35.315;0:41.065;0:43.519;255.5;Frederic Makowiecki;;GTLM;;Porsche GT Team;Porsche;
911;3;18;2:09.974;0;B;36.240;0;41.363;0;52.371;0;165.0;57:05.294;15:37:05.294;0:36.240;0:41.363;0:52.371;255.5;Frederic Makowiecki;;GTLM;;Porsche GT Team;Porsche;
912;1;1;2:58.879;0;;1:23.474;0;47.974;0;47.431;0;119.9;2:58.879;14:42:58.879;1:23.474;0:47.974;0:47.431;212.2;Earl Bamber;0:00:41.366;GTLM;;Porsche GT Team;Porsche;
912;1;2;2:04.514;0;;37.656;0;42.719;0;44.139;0;172.2;5:03.393;14:45:03.393;0:37.656;0:42.719;0:44.139;245.0;Earl Bamber;;GTLM;;Porsche GT Team;Porsche;
912;1;3;2:33.905;0;B;35.717;0;48.376;0;1:09.812;0;139.3;7:37.298;14:47:37.298;0:35.717;0:48.376;1:09.812;207.4;Earl Bamber;;GTLM;;Porsche GT Team;Porsche;
912;1;4;10:40.483;0;;9:14.393;0;42.921;0;43.169;0;33.5;18:17.781;14:58:17.781;9:14.393;0:42.921;0:43.169;245.8;Earl Bamber;0:08:55.166;GTLM;;Porsche GT Team;Porsche;
912;1;5;1:59.345;0;;35.816;0;41.350;0;42.179;0;179.6;20:17.126;15:00:17.126;0:35.816;0:41.350;0:42.179;256.5;Earl Bamber;;GTLM;;Porsche GT Team;Porsche;
912;1;6;1:59.799;0;;35.668;0;40.902;0;43.229;0;179.0;22:16.925;15:02:16.925;0:35.668;0:40.902;0:43.229;203.3;Earl Bamber;;GTLM;;Porsche GT Team;Porsche;
912;1;7;2:10.491;0;B;35.042;0;41.965;0;53.484;0;164.3;24:27.416;15:04:27.416;0:35.042;0:41.965;0:53.484;200.1;Earl Bamber;;GTLM;;Porsche GT Team;Porsche;
912;1;8;8:39.528;0;B;6:57.393;0;42.182;0;59.953;0;41.3;33:06.944;15:13:06.944;6:57.393;0:42.182;0:59.953;181.0;Earl Bamber;0:06:33.101;GTLM;;Porsche GT Team;Porsche;
912;1;9;5:51.682;0;;4:28.337;0;41.208;0;42.137;0;61.0;38:58.626;15:18:58.626;4:28.337;0:41.208;0:42.137;255.5;Earl Bamber;0:04:04.149;GTLM;;Porsche GT Team;Porsche;
912;1;10;1:58.228;0;;35.268;0;40.955;0;42.005;0;181.3;40:56.854;15:20:56.854;0:35.268;0:40.955;0:42.005;255.5;Earl Bamber;;GTLM;;Porsche GT Team;Porsche;
912;1;11;1:57.656;2;;35.024;0;40.849;1;41.783;2;182.2;42:54.510;15:22:54.510;0:35.024;0:40.849;0:41.783;256.5;Earl Bamber;;GTLM;;Porsche GT Team;Porsche;
912;1;12;2:07.998;0;B;34.922;2;41.942;0;51.134;0;167.5;45:02.508;15:25:02.508;0:34.922;0:41.942;0:51.134;257.4;Earl Bamber;;GTLM;;Porsche GT Team;Porsche;
912;3;13;4:34.563;0;;3:10.539;0;41.424;0;42.600;0;78.1;49:37.071;15:29:37.071;3:10.539;0:41.424;0:42.600;256.5;Mathieu Jaminet;0:02:46.033;GTLM;;Porsche GT Team;Porsche;
912;3;14;1:58.381;0;;35.201;0;41.079;0;42.101;0;181.1;51:35.452;15:31:35.452;0:35.201;0:41.079;0:42.101;256.0;Mathieu Jaminet;;GTLM;;Porsche GT Team;Porsche;
912;3;15;1:58.061;0;;35.152;0;40.843;0;42.066;0;181.6;53:33.513;15:33:33.513;0:35.152;0:40.843;0:42.066;255.5;Mathieu Jaminet;;GTLM;;Porsche GT Team;Porsche;
912;3;16;1:58.464;0;;35.674;0;40.893;0;41.897;0;181.0;55:31.977;15:35:31.977;0:35.674;0:40.893;0:41.897;257.9;Mathieu Jaminet;;GTLM;;Porsche GT Team;Porsche;
912;3;17;1:57.813;0;;35.113;0;40.805;2;41.895;1;182.0;57:29.790;15:37:29.790;0:35.113;0:40.805;0:41.895;258.4;Mathieu Jaminet;;GTLM;;Porsche GT Team;Porsche;
912;3;18;1:59.678;0;;35.981;0;40.929;0;42.768;0;179.1;59:29.468;15:39:29.468;0:35.981;0:40.929;0:42.768;257.9;Mathieu Jaminet;;GTLM;;Porsche GT Team;Porsche;
912;3;19;1:57.744;0;;34.991;1;40.828;0;41.925;0;182.1;1:01:27.212;15:41:27.212;0:34.991;0:40.828;0:41.925;257.4;Mathieu Jaminet;;GTLM;;Porsche GT Team;Porsche;
96;1;1;2:19.520;0;;50.549;0;43.211;0;45.760;0;153.7;2:19.520;14:42:19.520;0:50.549;0:43.211;0:45.760;239.4;Bill Auberlen;0:00:13.302;GTD;;Turner Motorsport;BMW;
96;1;2;2:01.949;0;;36.684;0;42.077;0;43.188;0;175.8;4:21.469;14:44:21.469;0:36.684;0:42.077;0:43.188;251.7;Bill Auberlen;;GTD;;Turner Motorsport;BMW;
96;1;3;2:10.927;0;B;36.065;0;41.635;2;53.227;0;163.7;6:32.396;14:46:32.396;0:36.065;0:41.635;0:53.227;250.8;Bill Auberlen;;GTD;;Turner Motorsport;BMW;
96;1;4;11:33.862;0;;10:03.789;0;42.705;0;47.368;0;30.9;18:06.258;14:58:06.258;10:03.789;0:42.705;0:47.368;183.4;Bill Auberlen;0:09:35.440;GTD;;Turner Motorsport;BMW;
96;1;5;2:01.818;0;;36.786;0;41.872;0;43.160;0;176.0;20:08.076;15:00:08.076;0:36.786;0:41.872;0:43.160;252.2;Bill Auberlen;;GTD;;Turner Motorsport;BMW;
96;1;6;2:01.149;0;;36.163;0;42.087;0;42.899;0;177.0;22:09.225;15:02:09.225;0:36.163;0:42.087;0:42.899;252.7;Bill Auberlen;;GTD;;Turner Motorsport;BMW;
96;1;7;2:00.911;0;;35.975;2;42.081;0;42.855;2;177.3;24:10.136;15:04:10.136;0:35.975;0:42.081;0:42.855;252.7;Bill Auberlen;;GTD;;Turner Motorsport;BMW;
96;1;8;2:00.912;0;;35.977;0;41.843;0;43.092;0;177.3;26:11.048;15:06:11.048;0:35.977;0:41.843;0:43.092;253.6;Bill Auberlen;;GTD;;Turner Motorsport;BMW;
96;1;9;2:00.583;2;;36.001;0;41.652;0;42.930;0;177.8;28:11.631;15:08:11.631;0:36.001;0:41.652;0:42.930;254.6;Bill Auberlen;;GTD;;Turner Motorsport;BMW;
96;1;10;3:55.996;0;B;36.500;0;41.970;0;2:37.526;0;90.8;32:07.627;15:12:07.627;0:36.500;0:41.970;2:37.526;232.0;Bill Auberlen;;GTD;;Turner Motorsport;BMW;
96;2;11;6:56.770;0;;5:29.274;0;43.437;0;44.059;0;51.4;39:04.397;15:19:04.397;5:29.274;0:43.437;0:44.059;250.8;Robby Foley;0:06:46.858;GTD;;Turner Motorsport;BMW;
96;2;12;2:03.138;0;;36.710;0;42.718;0;43.710;0;174.1;41:07.535;15:21:07.535;0:36.710;0:42.718;0:43.710;252.2;Robby Foley;;GTD;;Turner Motorsport;BMW;
96;2;13;2:01.744;0;;36.394;1;42.033;0;43.317;1;176.1;43:09.279;15:23:09.279;0:36.394;0:42.033;0:43.317;253.6;Robby Foley;;GTD;;Turner Motorsport;BMW;
96;2;14;2:01.842;0;;36.472;0;41.917;1;43.453;0;176.0;45:11.121;15:25:11.121;0:36.472;0:41.917;0:43.453;252.2;Robby Foley;;GTD;;Turner Motorsport;BMW;
96;2;15;3:18.141;0;B;37.647;0;42.470;0;1:58.024;0;108.2;48:29.262;15:28:29.262;0:37.647;0:42.470;1:58.024;252.7;Robby Foley;;GTD;;Turner Motorsport;BMW;
96;2;16;2:24.517;0;;57.691;0;42.835;0;43.991;0;148.4;50:53.779;15:30:53.779;0:57.691;0:42.835;0:43.991;251.7;Robby Foley;0:01:37.211;GTD;;Turner Motorsport;BMW;
96;2;17;2:03.808;0;;36.576;0;42.755;0;44.477;0;173.2;52:57.587;15:32:57.587;0:36.576;0:42.755;0:44.477;251.3;Robby Foley;;GTD;;Turner Motorsport;BMW;
96;2;18;2:02.228;0;;36.553;0;42.082;0;43.593;0;175.4;54:59.815;15:34:59.815;0:36.553;0:42.082;0:43.593;252.2;Robby Foley;;GTD;;Turner Motorsport;BMW;
