NUMBER; DRIVER_NUMBER; LAP_NUMBER; LAP_TIME; LAP_IMPROVEMENT; CROSSING_FINISH_LINE_IN_PIT; S1; S1_IMPROVEMENT; S2; S2_IMPROVEMENT; S3; S3_IMPROVEMENT; KPH; ELAPSED; HOUR;S1_LARGE;S2_LARGE;S3_LARGE;TOP_SPEED;DRIVER_NAME;PIT_TIME;CLASS;GROUP;TEAM;MANUFACTURER;
1;2;1;5:41.779;0;;4:32.287;0;29.413;0;40.079;0;44.8;5:41.779;09:25:41.779;4:32.287;0:29.413;0:40.079;163.9;Gustavo MENEZES;0:04:12.185;LMP1;;Rebellion Racing;Rebellion;
1;2;2;1:31.067;0;;22.401;0;28.398;0;40.268;0;180.4;7:12.846;09:27:12.846;0:22.401;0:28.398;0:40.268;295.9;Gustavo MENEZES;;LMP1;;Rebellion Racing;Rebellion;
1;2;3;1:26.172;2;;21.411;1;26.703;1;38.058;2;190.6;8:39.018;09:28:39.018;0:21.411;0:26.703;0:38.058;308.6;Gustavo MENEZES;;LMP1;;Rebellion Racing;Rebellion;
1;2;4;1:32.912;0;B;22.020;0;27.014;0;43.878;0;176.8;10:11.930;09:30:11.930;0:22.020;0:27.014;0:43.878;308.6;Gustavo MENEZES;;LMP1;;Rebellion Racing;Rebellion;
1;3;5;2:41.279;0;;1:23.378;0;29.094;0;48.807;0;101.9;12:53.209;09:32:53.209;1:23.378;0:29.094;0:48.807;164.4;Norman NATO;0:01:04.838;LMP1;;Rebellion Racing;Rebellion;
1;3;6;1:29.857;0;;21.808;0;28.048;0;40.001;0;182.8;14:23.066;09:34:23.066;0:21.808;0:28.048;0:40.001;307.7;Norman NATO;;LMP1;;Rebellion Racing;Rebellion;
1;3;7;1:27.185;0;;21.652;0;26.909;0;38.624;1;188.4;15:50.251;09:35:50.251;0:21.652;0:26.909;0:38.624;306.8;Norman NATO;;LMP1;;Rebellion Racing;Rebellion;
1;3;8;1:27.874;0;;21.749;0;27.093;0;39.032;0;186.9;17:18.125;09:37:18.125;0:21.749;0:27.093;0:39.032;310.3;Norman NATO;;LMP1;;Rebellion Racing;Rebellion;
1;3;9;1:26.755;0;;21.557;0;26.482;3;38.716;0;189.3;18:44.880;09:38:44.880;0:21.557;0:26.482;0:38.716;310.3;Norman NATO;;LMP1;;Rebellion Racing;Rebellion;
1;3;10;1:34.030;0;B;21.406;2;26.884;0;45.740;0;174.7;20:18.910;09:40:18.910;0:21.406;0:26.884;0:45.740;309.5;Norman NATO;;LMP1;;Rebellion Racing;Rebellion;
1;1;11;9:47.718;0;;8:38.906;0;29.010;0;39.802;0;28.0;30:06.628;09:50:06.628;8:38.906;0:29.010;0:39.802;163.1;Bruno SENNA;0:08:20.904;LMP1;;Rebellion Racing;Rebellion;
1;1;12;1:29.722;0;;21.843;0;28.162;0;39.717;0;183.1;31:36.350;09:51:36.350;0:21.843;0:28.162;0:39.717;306.8;Bruno SENNA;;LMP1;;Rebellion Racing;Rebellion;
1;1;13;1:31.309;0;;22.330;0;29.381;0;39.598;0;179.9;33:07.659;09:53:07.659;0:22.330;0:29.381;0:39.598;307.7;Bruno SENNA;;LMP1;;Rebellion Racing;Rebellion;
1;1;14;1:33.176;0;B;21.901;0;27.112;0;44.163;0;176.3;34:40.835;09:54:40.835;0:21.901;0:27.112;0:44.163;305.9;Bruno SENNA;;LMP1;;Rebellion Racing;Rebellion;
1;1;15;3:06.159;0;;1:59.107;0;27.184;0;39.868;0;88.2;37:46.994;09:57:46.994;1:59.107;0:27.184;0:39.868;166.9;Bruno SENNA;0:01:41.734;LMP1;;Rebellion Racing;Rebellion;
1;1;16;1:28.792;0;;21.883;0;27.552;0;39.357;0;185.0;39:15.786;09:59:15.786;0:21.883;0:27.552;0:39.357;305.9;Bruno SENNA;;LMP1;;Rebellion Racing;Rebellion;
1;1;17;1:29.174;0;;21.686;0;28.031;0;39.457;0;184.2;40:44.960;10:00:44.960;0:21.686;0:28.031;0:39.457;308.6;Bruno SENNA;;LMP1;;Rebellion Racing;Rebellion;
1;1;18;1:29.701;0;;22.522;0;27.616;0;39.563;0;183.1;42:14.661;10:02:14.661;0:22.522;0:27.616;0:39.563;305.9;Bruno SENNA;;LMP1;;Rebellion Racing;Rebellion;
1;1;19;1:28.281;0;;21.789;0;27.341;0;39.151;1;186.1;43:42.942;10:03:42.942;0:21.789;0:27.341;0:39.151;307.7;Bruno SENNA;;LMP1;;Rebellion Racing;Rebellion;
1;1;20;1:27.957;0;;21.642;0;26.889;1;39.426;0;186.8;45:10.899;10:05:10.899;0:21.642;0:26.889;0:39.426;307.7;Bruno SENNA;;LMP1;;Rebellion Racing;Rebellion;
1;1;21;1:28.961;0;;21.610;1;27.072;0;40.279;0;184.7;46:39.860;10:06:39.860;0:21.610;0:27.072;0:40.279;309.5;Bruno SENNA;;LMP1;;Rebellion Racing;Rebellion;
1;1;22;1:31.148;0;;22.084;0;28.456;0;40.608;0;180.2;48:11.008;10:08:11.008;0:22.084;0:28.456;0:40.608;309.5;Bruno SENNA;;LMP1;;Rebellion Racing;Rebellion;
1;1;23;1:29.394;0;;22.236;0;27.362;0;39.796;0;183.8;49:40.402;10:09:40.402;0:22.236;0:27.362;0:39.796;286.5;Bruno SENNA;;LMP1;;Rebellion Racing;Rebellion;
1;1;24;1:28.792;0;;21.801;0;27.359;0;39.632;0;185.0;51:09.194;10:11:09.194;0:21.801;0:27.359;0:39.632;308.6;Bruno SENNA;;LMP1;;Rebellion Racing;Rebellion;
1;1;25;1:28.719;0;;21.884;0;27.108;0;39.727;0;185.2;52:37.913;10:12:37.913;0:21.884;0:27.108;0:39.727;298.3;Bruno SENNA;;LMP1;;Rebellion Racing;Rebellion;
1;1;26;1:28.723;0;;21.944;0;27.451;0;39.328;0;185.1;54:06.636;10:14:06.636;0:21.944;0:27.451;0:39.328;308.6;Bruno SENNA;;LMP1;;Rebellion Racing;Rebellion;
1;1;27;1:29.679;0;;21.747;0;27.650;0;40.282;0;183.2;55:36.315;10:15:36.315;0:21.747;0:27.650;0:40.282;309.5;Bruno SENNA;;LMP1;;Rebellion Racing;Rebellion;
1;1;28;1:28.490;0;;21.689;0;27.109;0;39.692;0;185.6;57:04.805;10:17:04.805;0:21.689;0:27.109;0:39.692;310.3;Bruno SENNA;;LMP1;;Rebellion Racing;Rebellion;
1;1;29;1:28.769;0;;21.919;0;27.157;0;39.693;0;185.1;58:33.574;10:18:33.574;0:21.919;0:27.157;0:39.693;310.3;Bruno SENNA;;LMP1;;Rebellion Racing;Rebellion;
1;1;30;1:28.218;0;;21.713;0;26.890;0;39.615;0;186.2;1:00:01.792;10:20:01.792;0:21.713;0:26.890;0:39.615;312.1;Bruno SENNA;;LMP1;;Rebellion Racing;Rebellion;
22;1;1;12:00.893;0;;10:50.119;0;29.850;0;40.924;0;21.3;12:00.893;09:32:00.893;10:50.119;0:29.850;0:40.924;149.2;Philip HANSON;0:10:28.818;LMP2;;United Autosports;Oreca;
22;1;2;1:33.372;0;;23.039;0;29.019;0;41.314;0;175.9;13:34.265;09:33:34.265;0:23.039;0:29.019;0:41.314;272.7;Philip HANSON;;LMP2;;United Autosports;Oreca;
22;1;3;1:32.246;0;;22.622;0;28.580;0;41.044;0;178.1;15:06.511;09:35:06.511;0:22.622;0:28.580;0:41.044;296.7;Philip HANSON;;LMP2;;United Autosports;Oreca;
22;1;4;1:32.346;0;;22.549;0;28.939;0;40.858;0;177.9;16:38.857;09:36:38.857;0:22.549;0:28.939;0:40.858;300.0;Philip HANSON;;LMP2;;United Autosports;Oreca;
22;1;5;1:31.574;0;;22.471;0;28.213;0;40.890;0;179.4;18:10.431;09:38:10.431;0:22.471;0:28.213;0:40.890;300.0;Philip HANSON;;LMP2;;United Autosports;Oreca;
22;1;6;1:37.023;0;B;22.473;0;28.298;0;46.252;0;169.3;19:47.454;09:39:47.454;0:22.473;0:28.298;0:46.252;300.0;Philip HANSON;;LMP2;;United Autosports;Oreca;
22;1;7;7:40.901;0;;6:21.589;0;36.387;0;42.925;0;35.6;27:28.355;09:47:28.355;6:21.589;0:36.387;0:42.925;151.5;Philip HANSON;0:06:01.215;LMP2;;United Autosports;Oreca;
22;1;8;1:30.131;2;;22.358;1;27.938;1;39.835;2;182.3;28:58.486;09:48:58.486;0:22.358;0:27.938;0:39.835;298.3;Philip HANSON;;LMP2;;United Autosports;Oreca;
22;1;9;1:39.694;0;B;22.391;0;29.082;0;48.221;0;164.8;30:38.180;09:50:38.180;0:22.391;0:29.082;0:48.221;299.2;Philip HANSON;;LMP2;;United Autosports;Oreca;
22;2;10;3:26.153;0;;2:10.502;0;34.317;0;41.334;0;79.7;34:04.333;09:54:04.333;2:10.502;0:34.317;0:41.334;153.6;Filipe ALBUQUERQUE;0:01:51.769;LMP2;;United Autosports;Oreca;
22;2;11;1:30.721;0;;22.425;0;28.342;0;39.954;1;181.1;35:35.054;09:55:35.054;0:22.425;0:28.342;0:39.954;296.7;Filipe ALBUQUERQUE;;LMP2;;United Autosports;Oreca;
22;2;12;1:30.973;0;;22.437;0;28.363;0;40.173;0;180.6;37:06.027;09:57:06.027;0:22.437;0:28.363;0:40.173;300.8;Filipe ALBUQUERQUE;;LMP2;;United Autosports;Oreca;
22;2;13;1:31.029;0;;22.426;0;28.459;0;40.144;0;180.5;38:37.056;09:58:37.056;0:22.426;0:28.459;0:40.144;300.0;Filipe ALBUQUERQUE;;LMP2;;United Autosports;Oreca;
22;2;14;1:30.525;0;;22.288;2;28.094;0;40.143;0;181.5;40:07.581;10:00:07.581;0:22.288;0:28.094;0:40.143;300.0;Filipe ALBUQUERQUE;;LMP2;;United Autosports;Oreca;
22;2;15;1:38.534;0;B;22.340;0;27.749;2;48.445;0;166.7;41:46.115;10:01:46.115;0:22.340;0:27.749;0:48.445;302.5;Filipe ALBUQUERQUE;;LMP2;;United Autosports;Oreca;
22;3;16;3:40.335;0;;2:26.283;0;28.820;0;45.232;0;74.6;45:26.450;10:05:26.450;2:26.283;0:28.820;0:45.232;150.8;Oliver JARVIS;0:02:07.135;LMP2;;United Autosports;Oreca;
22;3;17;1:30.932;0;;22.690;0;28.196;0;40.046;1;180.6;46:57.382;10:06:57.382;0:22.690;0:28.196;0:40.046;295.9;Oliver JARVIS;;LMP2;;United Autosports;Oreca;
22;3;18;1:30.777;0;;22.537;1;27.926;0;40.314;0;181.0;48:28.159;10:08:28.159;0:22.537;0:27.926;0:40.314;297.5;Oliver JARVIS;;LMP2;;United Autosports;Oreca;
22;3;19;1:38.551;0;B;22.753;0;28.413;0;47.385;0;166.7;50:06.710;10:10:06.710;0:22.753;0:28.413;0:47.385;298.3;Oliver JARVIS;;LMP2;;United Autosports;Oreca;
22;3;20;3:38.151;0;;2:25.296;0;29.762;0;43.093;0;75.3;53:44.861;10:13:44.861;2:25.296;0:29.762;0:43.093;148.4;Oliver JARVIS;0:02:06.307;LMP2;;United Autosports;Oreca;
22;3;21;1:32.353;0;;22.751;0;28.200;0;41.402;0;177.9;55:17.214;10:15:17.214;0:22.751;0:28.200;0:41.402;296.7;Oliver JARVIS;;LMP2;;United Autosports;Oreca;
22;3;22;1:30.961;0;;22.641;0;27.923;1;40.397;0;180.6;56:48.175;10:16:48.175;0:22.641;0:27.923;0:40.397;297.5;Oliver JARVIS;;LMP2;;United Autosports;Oreca;
22;3;23;1:37.095;0;;22.918;0;30.261;0;43.916;0;169.2;58:25.270;10:18:25.270;0:22.918;0:30.261;0:43.916;301.7;Oliver JARVIS;;LMP2;;United Autosports;Oreca;
22;3;24;1:37.302;0;B;22.658;0;27.981;0;46.663;0;168.8;1:00:02.572;10:20:02.572;0:22.658;0:27.981;0:46.663;299.2;Oliver JARVIS;;LMP2;;United Autosports;Oreca;
29;3;1;1:45.919;0;;34.391;0;29.922;0;41.606;0;144.7;1:45.919;09:21:45.919;0:34.391;0:29.922;0:41.606;153.0;Nyck DE VRIES;0:00:13.230;LMP2;;Racing Team Nederland;Oreca;
29;3;2;1:32.470;0;;23.037;0;28.746;0;40.687;0;177.6;3:18.389;09:23:18.389;0:23.037;0:28.746;0:40.687;285.0;Nyck DE VRIES;;LMP2;;Racing Team Nederland;Oreca;
29;3;3;1:32.137;0;;22.660;0;28.502;0;40.975;0;178.3;4:50.526;09:24:50.526;0:22.660;0:28.502;0:40.975;297.5;Nyck DE VRIES;;LMP2;;Racing Team Nederland;Oreca;
29;3;4;1:32.994;0;;22.634;0;28.749;0;41.611;0;176.6;6:23.520;09:26:23.520;0:22.634;0:28.749;0:41.611;299.2;Nyck DE VRIES;;LMP2;;Racing Team Nederland;Oreca;
29;3;5;1:32.169;0;;22.807;0;28.793;0;40.569;0;178.2;7:55.689;09:27:55.689;0:22.807;0:28.793;0:40.569;299.2;Nyck DE VRIES;;LMP2;;Racing Team Nederland;Oreca;
29;3;6;1:32.123;0;;22.772;0;28.564;0;40.787;0;178.3;9:27.812;09:29:27.812;0:22.772;0:28.564;0:40.787;299.2;Nyck DE VRIES;;LMP2;;Racing Team Nederland;Oreca;
29;3;7;1:36.581;0;B;22.450;0;28.396;0;45.735;0;170.1;11:04.393;09:31:04.393;0:22.450;0:28.396;0:45.735;299.2;Nyck DE VRIES;;LMP2;;Racing Team Nederland;Oreca;
29;3;8;3:22.395;0;;2:09.194;0;30.828;0;42.373;0;81.2;14:26.788;09:34:26.788;2:09.194;0:30.828;0:42.373;154.5;Nyck DE VRIES;0:01:50.779;LMP2;;Racing Team Nederland;Oreca;
29;3;9;1:29.008;2;;22.251;2;27.407;0;39.350;2;184.6;15:55.796;09:35:55.796;0:22.251;0:27.407;0:39.350;298.3;Nyck DE VRIES;;LMP2;;Racing Team Nederland;Oreca;
29;3;10;1:35.099;0;B;22.258;0;27.147;2;45.694;0;172.7;17:30.895;09:37:30.895;0:22.258;0:27.147;0:45.694;299.2;Nyck DE VRIES;;LMP2;;Racing Team Nederland;Oreca;
29;1;11;3:44.966;0;;2:32.910;0;30.427;0;41.629;0;73.0;21:15.861;09:41:15.861;2:32.910;0:30.427;0:41.629;133.5;Frits VAN EERD;0:02:12.143;LMP2;;Racing Team Nederland;Oreca;
29;1;12;1:36.796;0;;23.477;0;29.840;0;43.479;0;169.7;22:52.657;09:42:52.657;0:23.477;0:29.840;0:43.479;274.1;Frits VAN EERD;;LMP2;;Racing Team Nederland;Oreca;
29;1;13;1:40.796;0;;23.446;0;35.324;0;42.026;0;163.0;24:33.453;09:44:33.453;0:23.446;0:35.324;0:42.026;289.5;Frits VAN EERD;;LMP2;;Racing Team Nederland;Oreca;
29;1;14;2:11.924;0;;23.194;0;1:05.027;0;43.703;0;124.5;26:45.377;09:46:45.377;0:23.194;1:05.027;0:43.703;294.3;Frits VAN EERD;;LMP2;;Racing Team Nederland;Oreca;
29;1;15;1:34.146;0;;22.817;1;29.798;0;41.531;0;174.5;28:19.523;09:48:19.523;0:22.817;0:29.798;0:41.531;296.7;Frits VAN EERD;;LMP2;;Racing Team Nederland;Oreca;
29;1;16;1:34.494;0;;23.250;0;29.291;1;41.953;0;173.8;29:54.017;09:49:54.017;0:23.250;0:29.291;0:41.953;296.7;Frits VAN EERD;;LMP2;;Racing Team Nederland;Oreca;
29;1;17;1:33.542;0;;22.903;0;29.384;0;41.255;1;175.6;31:27.559;09:51:27.559;0:22.903;0:29.384;0:41.255;298.3;Frits VAN EERD;;LMP2;;Racing Team Nederland;Oreca;
29;1;18;1:34.254;0;;22.921;0;29.872;0;41.461;0;174.3;33:01.813;09:53:01.813;0:22.921;0:29.872;0:41.461;297.5;Frits VAN EERD;;LMP2;;Racing Team Nederland;Oreca;
29;1;19;1:42.404;0;B;22.912;0;29.852;0;49.640;0;160.4;34:44.217;09:54:44.217;0:22.912;0:29.852;0:49.640;297.5;Frits VAN EERD;;LMP2;;Racing Team Nederland;Oreca;
29;2;20;3:33.257;0;;2:22.397;0;29.664;0;41.196;0;77.0;38:17.474;09:58:17.474;2:22.397;0:29.664;0:41.196;155.4;Giedo VAN DER GARDE;0:02:03.828;LMP2;;Racing Team Nederland;Oreca;
29;2;21;1:31.626;0;;22.504;0;28.282;0;40.840;0;179.3;39:49.100;09:59:49.100;0:22.504;0:28.282;0:40.840;295.9;Giedo VAN DER GARDE;;LMP2;;Racing Team Nederland;Oreca;
29;2;22;1:31.109;0;;22.442;0;27.858;0;40.809;0;180.3;41:20.209;10:01:20.209;0:22.442;0:27.858;0:40.809;297.5;Giedo VAN DER GARDE;;LMP2;;Racing Team Nederland;Oreca;
29;2;23;1:30.613;0;;22.398;1;28.081;0;40.134;0;181.3;42:50.822;10:02:50.822;0:22.398;0:28.081;0:40.134;299.2;Giedo VAN DER GARDE;;LMP2;;Racing Team Nederland;Oreca;
29;2;24;1:30.698;0;;22.455;0;27.878;0;40.365;0;181.1;44:21.520;10:04:21.520;0:22.455;0:27.878;0:40.365;297.5;Giedo VAN DER GARDE;;LMP2;;Racing Team Nederland;Oreca;
29;2;25;1:30.588;0;;22.532;0;27.800;0;40.256;0;181.3;45:52.108;10:05:52.108;0:22.532;0:27.800;0:40.256;296.7;Giedo VAN DER GARDE;;LMP2;;Racing Team Nederland;Oreca;
29;2;26;1:30.809;0;;22.600;0;27.914;0;40.295;0;180.9;47:22.917;10:07:22.917;0:22.600;0:27.914;0:40.295;302.5;Giedo VAN DER GARDE;;LMP2;;Racing Team Nederland;Oreca;
29;2;27;1:30.585;0;;22.446;0;27.791;1;40.348;0;181.3;48:53.502;10:08:53.502;0:22.446;0:27.791;0:40.348;298.3;Giedo VAN DER GARDE;;LMP2;;Racing Team Nederland;Oreca;
29;2;28;1:31.378;0;;22.562;0;28.045;0;40.771;0;179.8;50:24.880;10:10:24.880;0:22.562;0:28.045;0:40.771;299.2;Giedo VAN DER GARDE;;LMP2;;Racing Team Nederland;Oreca;
29;2;29;1:30.574;0;;22.486;0;27.933;0;40.155;0;181.4;51:55.454;10:11:55.454;0:22.486;0:27.933;0:40.155;300.0;Giedo VAN DER GARDE;;LMP2;;Racing Team Nederland;Oreca;
29;2;30;1:30.600;0;;22.573;0;27.916;0;40.111;1;181.3;53:26.054;10:13:26.054;0:22.573;0:27.916;0:40.111;298.3;Giedo VAN DER GARDE;;LMP2;;Racing Team Nederland;Oreca;
29;2;31;1:36.571;0;B;22.556;0;28.195;0;45.820;0;170.1;55:02.625;10:15:02.625;0:22.556;0:28.195;0:45.820;299.2;Giedo VAN DER GARDE;;LMP2;;Racing Team Nederland;Oreca;
33;2;1;1:54.232;0;;43.445;0;29.731;0;41.056;0;134.1;1:54.232;09:21:54.232;0:43.445;0:29.731;0:41.056;147.9;Kenta YAMASHITA;0:00:21.633;LMP2;;High Class Racing;Oreca;
33;2;2;1:32.567;0;;22.859;0;28.824;0;40.884;0;177.5;3:26.799;09:23:26.799;0:22.859;0:28.824;0:40.884;288.8;Kenta YAMASHITA;;LMP2;;High Class Racing;Oreca;
33;2;3;1:32.029;0;;22.775;0;28.547;0;40.707;0;178.5;4:58.828;09:24:58.828;0:22.775;0:28.547;0:40.707;288.8;Kenta YAMASHITA;;LMP2;;High Class Racing;Oreca;
33;2;4;1:33.111;0;;22.825;0;29.365;0;40.921;0;176.4;6:31.939;09:26:31.939;0:22.825;0:29.365;0:40.921;296.7;Kenta YAMASHITA;;LMP2;;High Class Racing;Oreca;
33;2;5;1:32.332;0;;22.802;0;28.685;0;40.845;0;177.9;8:04.271;09:28:04.271;0:22.802;0:28.685;0:40.845;296.7;Kenta YAMASHITA;;LMP2;;High Class Racing;Oreca;
33;2;6;1:33.619;0;;22.815;0;29.107;0;41.697;0;175.5;9:37.890;09:29:37.890;0:22.815;0:29.107;0:41.697;298.3;Kenta YAMASHITA;;LMP2;;High Class Racing;Oreca;
33;2;7;1:32.220;0;;22.920;0;28.684;0;40.616;2;178.1;11:10.110;09:31:10.110;0:22.920;0:28.684;0:40.616;275.5;Kenta YAMASHITA;;LMP2;;High Class Racing;Oreca;
33;2;8;1:31.876;2;;22.749;1;28.407;0;40.720;0;178.8;12:41.986;09:32:41.986;0:22.749;0:28.407;0:40.720;293.5;Kenta YAMASHITA;;LMP2;;High Class Racing;Oreca;
33;2;9;1:31.951;0;;22.755;0;28.411;0;40.785;0;178.6;14:13.937;09:34:13.937;0:22.755;0:28.411;0:40.785;295.9;Kenta YAMASHITA;;LMP2;;High Class Racing;Oreca;
33;2;10;1:37.202;0;B;22.887;0;28.312;2;46.003;0;169.0;15:51.139;09:35:51.139;0:22.887;0:28.312;0:46.003;291.1;Kenta YAMASHITA;;LMP2;;High Class Racing;Oreca;
33;3;11;3:17.332;0;;2:05.029;0;29.925;0;42.378;0;83.2;19:08.471;09:39:08.471;2:05.029;0:29.925;0:42.378;153.6;Anders FJORDBACH;0:01:46.125;LMP2;;High Class Racing;Oreca;
33;3;12;1:34.509;0;;22.982;0;30.152;0;41.375;0;173.8;20:42.980;09:40:42.980;0:22.982;0:30.152;0:41.375;291.1;Anders FJORDBACH;;LMP2;;High Class Racing;Oreca;
33;3;13;1:33.609;0;;23.038;0;29.246;0;41.325;0;175.5;22:16.589;09:42:16.589;0:23.038;0:29.246;0:41.325;296.7;Anders FJORDBACH;;LMP2;;High Class Racing;Oreca;
33;3;14;1:33.095;0;;22.885;0;29.174;0;41.036;1;176.5;23:49.684;09:43:49.684;0:22.885;0:29.174;0:41.036;297.5;Anders FJORDBACH;;LMP2;;High Class Racing;Oreca;
33;3;15;1:33.647;0;;22.878;0;29.014;0;41.755;0;175.4;25:23.331;09:45:23.331;0:22.878;0:29.014;0:41.755;299.2;Anders FJORDBACH;;LMP2;;High Class Racing;Oreca;
33;3;16;1:34.573;0;;22.957;0;29.870;0;41.746;0;173.7;26:57.904;09:46:57.904;0:22.957;0:29.870;0:41.746;298.3;Anders FJORDBACH;;LMP2;;High Class Racing;Oreca;
33;3;17;1:33.590;0;;22.991;0;29.265;0;41.334;0;175.5;28:31.494;09:48:31.494;0:22.991;0:29.265;0:41.334;292.7;Anders FJORDBACH;;LMP2;;High Class Racing;Oreca;
33;3;18;1:33.546;0;;23.074;0;29.056;0;41.416;0;175.6;30:05.040;09:50:05.040;0:23.074;0:29.056;0:41.416;289.5;Anders FJORDBACH;;LMP2;;High Class Racing;Oreca;
33;3;19;1:33.880;0;;22.735;2;29.382;0;41.763;0;175.0;31:38.920;09:51:38.920;0:22.735;0:29.382;0:41.763;297.5;Anders FJORDBACH;;LMP2;;High Class Racing;Oreca;
33;3;20;1:33.532;0;;22.871;0;29.091;0;41.570;0;175.6;33:12.452;09:53:12.452;0:22.871;0:29.091;0:41.570;298.3;Anders FJORDBACH;;LMP2;;High Class Racing;Oreca;
33;3;21;1:33.828;0;;22.808;0;29.060;0;41.960;0;175.1;34:46.280;09:54:46.280;0:22.808;0:29.060;0:41.960;297.5;Anders FJORDBACH;;LMP2;;High Class Racing;Oreca;
33;3;22;1:33.278;0;;22.801;0;28.861;0;41.616;0;176.1;36:19.558;09:56:19.558;0:22.801;0:28.861;0:41.616;297.5;Anders FJORDBACH;;LMP2;;High Class Racing;Oreca;
33;3;23;1:33.512;0;;23.113;0;29.047;0;41.352;0;175.7;37:53.070;09:57:53.070;0:23.113;0:29.047;0:41.352;300.8;Anders FJORDBACH;;LMP2;;High Class Racing;Oreca;
33;3;24;1:34.310;0;;23.076;0;29.886;0;41.348;0;174.2;39:27.380;09:59:27.380;0:23.076;0:29.886;0:41.348;276.9;Anders FJORDBACH;;LMP2;;High Class Racing;Oreca;
33;3;25;1:38.849;0;B;22.852;0;28.805;1;47.192;0;166.2;41:06.229;10:01:06.229;0:22.852;0:28.805;0:47.192;298.3;Anders FJORDBACH;;LMP2;;High Class Racing;Oreca;
33;1;26;4:33.152;0;;3:19.422;0;31.630;0;42.100;0;60.1;45:39.381;10:05:39.381;3:19.422;0:31.630;0:42.100;117.8;Mark PATTERSON;0:02:58.307;LMP2;;High Class Racing;Oreca;
33;1;27;1:35.051;0;;23.306;0;29.922;0;41.823;0;172.8;47:14.432;10:07:14.432;0:23.306;0:29.922;0:41.823;285.7;Mark PATTERSON;;LMP2;;High Class Racing;Oreca;
33;1;28;1:35.393;0;;23.136;0;29.930;0;42.327;0;172.2;48:49.825;10:08:49.825;0:23.136;0:29.930;0:42.327;294.3;Mark PATTERSON;;LMP2;;High Class Racing;Oreca;
33;1;29;1:35.954;0;;23.458;0;30.204;0;42.292;0;171.2;50:25.779;10:10:25.779;0:23.458;0:30.204;0:42.292;291.9;Mark PATTERSON;;LMP2;;High Class Racing;Oreca;
33;1;30;1:34.705;0;;23.157;0;29.886;0;41.662;0;173.5;52:00.484;10:12:00.484;0:23.157;0:29.886;0:41.662;297.5;Mark PATTERSON;;LMP2;;High Class Racing;Oreca;
33;1;31;1:34.729;0;;23.467;0;29.894;0;41.368;1;173.4;53:35.213;10:13:35.213;0:23.467;0:29.894;0:41.368;272.0;Mark PATTERSON;;LMP2;;High Class Racing;Oreca;
33;1;32;1:34.327;0;;23.203;0;29.347;1;41.777;0;174.1;55:09.540;10:15:09.540;0:23.203;0:29.347;0:41.777;296.7;Mark PATTERSON;;LMP2;;High Class Racing;Oreca;
33;1;33;1:35.080;0;;22.987;1;29.365;0;42.728;0;172.8;56:44.620;10:16:44.620;0:22.987;0:29.365;0:42.728;299.2;Mark PATTERSON;;LMP2;;High Class Racing;Oreca;
33;1;34;1:35.737;0;;23.132;0;30.552;0;42.053;0;171.6;58:20.357;10:18:20.357;0:23.132;0:30.552;0:42.053;297.5;Mark PATTERSON;;LMP2;;High Class Racing;Oreca;
33;1;35;1:35.657;0;;23.091;0;29.819;0;42.747;0;171.7;59:56.014;10:19:56.014;0:23.091;0:29.819;0:42.747;299.2;Mark PATTERSON;;LMP2;;High Class Racing;Oreca;
33;1;36;1:35.260;0;;23.442;0;30.362;0;41.456;0;172.4;1:01:31.274;10:21:31.274;0:23.442;0:30.362;0:41.456;300.8;Mark PATTERSON;;LMP2;;High Class Racing;Oreca;
36;2;1;2:08.505;0;;59.534;0;28.831;0;40.140;0;119.2;2:08.505;09:22:08.505;0:59.534;0:28.831;0:40.140;153.0;André NEGRÃO;0:00:38.322;LMP2;;Signatech Alpine ELF;Alpine;
36;2;2;1:31.769;0;;23.098;0;28.546;0;40.125;0;179.0;3:40.274;09:23:40.274;0:23.098;0:28.546;0:40.125;260.9;André NEGRÃO;;LMP2;;Signatech Alpine ELF;Alpine;
36;2;3;1:31.206;2;;22.339;0;28.843;0;40.024;0;180.1;5:11.480;09:25:11.480;0:22.339;0:28.843;0:40.024;297.5;André NEGRÃO;;LMP2;;Signatech Alpine ELF;Alpine;
36;2;4;1:31.318;0;;22.389;0;29.021;0;39.908;2;179.9;6:42.798;09:26:42.798;0:22.389;0:29.021;0:39.908;297.5;André NEGRÃO;;LMP2;;Signatech Alpine ELF;Alpine;
36;2;5;1:39.416;0;B;22.308;2;27.802;2;49.306;0;165.2;8:22.214;09:28:22.214;0:22.308;0:27.802;0:49.306;297.5;André NEGRÃO;;LMP2;;Signatech Alpine ELF;Alpine;
36;3;6;4:43.716;0;;3:31.936;0;29.733;0;42.047;0;57.9;13:05.930;09:33:05.930;3:31.936;0:29.733;0:42.047;154.5;Pierre RAGUES;0:03:13.659;LMP2;;Signatech Alpine ELF;Alpine;
36;3;7;1:35.884;0;;23.363;0;29.674;0;42.847;0;171.3;14:41.814;09:34:41.814;0:23.363;0:29.674;0:42.847;269.3;Pierre RAGUES;;LMP2;;Signatech Alpine ELF;Alpine;
36;3;8;1:32.465;0;;22.782;0;28.589;0;41.094;0;177.7;16:14.279;09:36:14.279;0:22.782;0:28.589;0:41.094;297.5;Pierre RAGUES;;LMP2;;Signatech Alpine ELF;Alpine;
36;3;9;1:33.005;0;;22.650;1;28.759;0;41.596;0;176.6;17:47.284;09:37:47.284;0:22.650;0:28.759;0:41.596;298.3;Pierre RAGUES;;LMP2;;Signatech Alpine ELF;Alpine;
36;3;10;1:32.285;0;;22.731;0;28.828;0;40.726;0;178.0;19:19.569;09:39:19.569;0:22.731;0:28.828;0:40.726;299.2;Pierre RAGUES;;LMP2;;Signatech Alpine ELF;Alpine;
36;3;11;1:31.794;0;;22.730;0;28.250;1;40.814;0;179.0;20:51.363;09:40:51.363;0:22.730;0:28.250;0:40.814;300.8;Pierre RAGUES;;LMP2;;Signatech Alpine ELF;Alpine;
36;3;12;1:37.707;0;B;22.904;0;28.743;0;46.060;0;168.1;22:29.070;09:42:29.070;0:22.904;0:28.743;0:46.060;300.0;Pierre RAGUES;;LMP2;;Signatech Alpine ELF;Alpine;
36;1;13;4:18.660;0;;3:09.178;0;28.581;0;40.901;0;63.5;26:47.730;09:46:47.730;3:09.178;0:28.581;0:40.901;152.3;Thomas LAURENT;0:02:50.520;LMP2;;Signatech Alpine ELF;Alpine;
36;1;14;1:31.815;0;;22.756;0;28.258;0;40.801;0;178.9;28:19.545;09:48:19.545;0:22.756;0:28.258;0:40.801;295.1;Thomas LAURENT;;LMP2;;Signatech Alpine ELF;Alpine;
36;1;15;1:31.995;0;;22.839;0;28.320;0;40.836;0;178.6;29:51.540;09:49:51.540;0:22.839;0:28.320;0:40.836;295.9;Thomas LAURENT;;LMP2;;Signatech Alpine ELF;Alpine;
36;1;16;1:33.156;0;;22.504;1;29.347;0;41.305;0;176.3;31:24.696;09:51:24.696;0:22.504;0:29.347;0:41.305;299.2;Thomas LAURENT;;LMP2;;Signatech Alpine ELF;Alpine;
36;1;17;1:31.385;0;;22.572;0;28.255;1;40.558;0;179.8;32:56.081;09:52:56.081;0:22.572;0:28.255;0:40.558;298.3;Thomas LAURENT;;LMP2;;Signatech Alpine ELF;Alpine;
36;1;18;1:36.912;0;B;22.609;0;28.558;0;45.745;0;169.5;34:32.993;09:54:32.993;0:22.609;0:28.558;0:45.745;300.0;Thomas LAURENT;;LMP2;;Signatech Alpine ELF;Alpine;
36;1;19;12:12.544;0;;11:02.522;0;29.498;0;40.524;0;22.4;46:45.537;10:06:45.537;11:02.522;0:29.498;0:40.524;152.1;Thomas LAURENT;0:10:43.322;LMP2;;Signatech Alpine ELF;Alpine;
36;1;20;1:32.627;0;;22.796;0;28.744;0;41.087;0;177.3;48:18.164;10:08:18.164;0:22.796;0:28.744;0:41.087;290.3;Thomas LAURENT;;LMP2;;Signatech Alpine ELF;Alpine;
36;1;21;1:32.393;0;;22.622;0;28.683;0;41.088;0;177.8;49:50.557;10:09:50.557;0:22.622;0:28.683;0:41.088;300.8;Thomas LAURENT;;LMP2;;Signatech Alpine ELF;Alpine;
36;1;22;1:31.401;0;;22.554;0;28.534;0;40.313;1;179.7;51:21.958;10:11:21.958;0:22.554;0:28.534;0:40.313;297.5;Thomas LAURENT;;LMP2;;Signatech Alpine ELF;Alpine;
36;1;23;1:31.966;0;;22.987;0;28.508;0;40.471;0;178.6;52:53.924;10:12:53.924;0:22.987;0:28.508;0:40.471;297.5;Thomas LAURENT;;LMP2;;Signatech Alpine ELF;Alpine;
36;1;24;1:36.644;0;B;22.660;0;28.744;0;45.240;0;170.0;54:30.568;10:14:30.568;0:22.660;0:28.744;0:45.240;289.5;Thomas LAURENT;;LMP2;;Signatech Alpine ELF;Alpine;
36;3;25;3:04.403;0;;1:53.848;0;29.023;0;41.532;0;89.1;57:34.971;10:17:34.971;1:53.848;0:29.023;0:41.532;153.8;Pierre RAGUES;0:01:35.342;LMP2;;Signatech Alpine ELF;Alpine;
36;3;26;1:32.014;0;;22.828;0;28.550;0;40.636;1;178.5;59:06.985;10:19:06.985;0:22.828;0:28.550;0:40.636;296.7;Pierre RAGUES;;LMP2;;Signatech Alpine ELF;Alpine;
36;3;27;1:32.503;0;;22.731;0;29.058;0;40.714;0;177.6;1:00:39.488;10:20:39.488;0:22.731;0:29.058;0:40.714;298.3;Pierre RAGUES;;LMP2;;Signatech Alpine ELF;Alpine;
37;1;1;1:43.952;0;;31.886;0;30.811;0;41.255;0;147.4;1:43.952;09:21:43.952;0:31.886;0:30.811;0:41.255;126.9;Ho-Pin TUNG;0:00:07.936;LMP2;;Jackie Chan DC Racing;Oreca;
37;1;2;1:30.018;2;;22.349;0;27.616;2;40.053;1;182.5;3:13.970;09:23:13.970;0:22.349;0:27.616;0:40.053;295.1;Ho-Pin TUNG;;LMP2;;Jackie Chan DC Racing;Oreca;
37;1;3;1:31.862;0;;22.250;2;27.832;0;41.780;0;178.8;4:45.832;09:24:45.832;0:22.250;0:27.832;0:41.780;295.9;Ho-Pin TUNG;;LMP2;;Jackie Chan DC Racing;Oreca;
37;1;4;1:42.042;0;B;23.178;0;28.882;0;49.982;0;161.0;6:27.874;09:26:27.874;0:23.178;0:28.882;0:49.982;290.3;Ho-Pin TUNG;;LMP2;;Jackie Chan DC Racing;Oreca;
37;2;5;2:57.773;0;;1:41.247;0;34.331;0;42.195;0;92.4;9:25.647;09:29:25.647;1:41.247;0:34.331;0:42.195;152.3;Gabriel AUBRY;0:01:21.383;LMP2;;Jackie Chan DC Racing;Oreca;
37;2;6;1:32.586;0;;22.423;0;27.624;1;42.539;0;177.4;10:58.233;09:30:58.233;0:22.423;0:27.624;0:42.539;294.3;Gabriel AUBRY;;LMP2;;Jackie Chan DC Racing;Oreca;
37;2;7;1:32.514;0;;22.343;0;27.869;0;42.302;0;177.6;12:30.747;09:32:30.747;0:22.343;0:27.869;0:42.302;296.7;Gabriel AUBRY;;LMP2;;Jackie Chan DC Racing;Oreca;
37;2;8;1:30.261;0;;22.337;1;27.972;0;39.952;1;182.0;14:01.008;09:34:01.008;0:22.337;0:27.972;0:39.952;295.1;Gabriel AUBRY;;LMP2;;Jackie Chan DC Racing;Oreca;
37;2;9;1:38.581;0;B;22.593;0;28.373;0;47.615;0;166.6;15:39.589;09:35:39.589;0:22.593;0:28.373;0:47.615;295.9;Gabriel AUBRY;;LMP2;;Jackie Chan DC Racing;Oreca;
37;3;10;3:31.497;0;;2:17.864;0;29.655;0;43.978;0;77.7;19:11.086;09:39:11.086;2:17.864;0:29.655;0:43.978;153.8;Will STEVENS;0:01:58.733;LMP2;;Jackie Chan DC Racing;Oreca;
37;3;11;1:35.156;0;;22.821;0;29.824;0;42.511;0;172.6;20:46.242;09:40:46.242;0:22.821;0:29.824;0:42.511;293.5;Will STEVENS;;LMP2;;Jackie Chan DC Racing;Oreca;
37;3;12;1:33.780;0;;23.600;0;28.955;0;41.225;0;175.2;22:20.022;09:42:20.022;0:23.600;0:28.955;0:41.225;296.7;Will STEVENS;;LMP2;;Jackie Chan DC Racing;Oreca;
37;3;13;1:30.286;0;;22.408;1;27.995;1;39.883;2;181.9;23:50.308;09:43:50.308;0:22.408;0:27.995;0:39.883;296.7;Will STEVENS;;LMP2;;Jackie Chan DC Racing;Oreca;
37;3;14;1:33.379;0;;22.682;0;29.002;0;41.695;0;175.9;25:23.687;09:45:23.687;0:22.682;0:29.002;0:41.695;301.7;Will STEVENS;;LMP2;;Jackie Chan DC Racing;Oreca;
37;3;15;1:41.805;0;B;23.833;0;30.129;0;47.843;0;161.4;27:05.492;09:47:05.492;0:23.833;0:30.129;0:47.843;295.1;Will STEVENS;;LMP2;;Jackie Chan DC Racing;Oreca;
37;3;16;3:23.954;0;;2:15.050;0;28.531;0;40.373;0;80.5;30:29.446;09:50:29.446;2:15.050;0:28.531;0:40.373;153.0;Will STEVENS;0:01:56.667;LMP2;;Jackie Chan DC Racing;Oreca;
37;3;17;1:30.953;0;;22.493;0;28.194;0;40.266;0;180.6;32:00.399;09:52:00.399;0:22.493;0:28.194;0:40.266;297.5;Will STEVENS;;LMP2;;Jackie Chan DC Racing;Oreca;
37;3;18;1:32.170;0;;23.026;0;28.957;0;40.187;0;178.2;33:32.569;09:53:32.569;0:23.026;0:28.957;0:40.187;295.9;Will STEVENS;;LMP2;;Jackie Chan DC Racing;Oreca;
37;3;19;1:33.276;0;;23.184;0;28.851;0;41.241;0;176.1;35:05.845;09:55:05.845;0:23.184;0:28.851;0:41.241;253.5;Will STEVENS;;LMP2;;Jackie Chan DC Racing;Oreca;
37;3;20;1:31.231;0;;22.604;0;28.235;0;40.392;0;180.1;36:37.076;09:56:37.076;0:22.604;0:28.235;0:40.392;295.1;Will STEVENS;;LMP2;;Jackie Chan DC Racing;Oreca;
37;3;21;1:31.477;0;;22.438;0;28.286;0;40.753;0;179.6;38:08.553;09:58:08.553;0:22.438;0:28.286;0:40.753;296.7;Will STEVENS;;LMP2;;Jackie Chan DC Racing;Oreca;
37;3;22;1:31.247;0;;22.660;0;28.098;0;40.489;0;180.0;39:39.800;09:59:39.800;0:22.660;0:28.098;0:40.489;296.7;Will STEVENS;;LMP2;;Jackie Chan DC Racing;Oreca;
37;3;23;1:30.993;0;;22.567;0;28.217;0;40.209;0;180.5;41:10.793;10:01:10.793;0:22.567;0:28.217;0:40.209;298.3;Will STEVENS;;LMP2;;Jackie Chan DC Racing;Oreca;
37;3;24;1:31.354;0;;22.759;0;28.342;0;40.253;0;179.8;42:42.147;10:02:42.147;0:22.759;0:28.342;0:40.253;295.9;Will STEVENS;;LMP2;;Jackie Chan DC Racing;Oreca;
37;3;25;1:30.678;0;;22.536;0;28.057;0;40.085;0;181.2;44:12.825;10:04:12.825;0:22.536;0:28.057;0:40.085;295.9;Will STEVENS;;LMP2;;Jackie Chan DC Racing;Oreca;
37;3;26;1:31.200;0;;22.665;0;28.219;0;40.316;0;180.1;45:44.025;10:05:44.025;0:22.665;0:28.219;0:40.316;295.9;Will STEVENS;;LMP2;;Jackie Chan DC Racing;Oreca;
37;3;27;1:31.598;0;;22.835;0;28.356;0;40.407;0;179.3;47:15.623;10:07:15.623;0:22.835;0:28.356;0:40.407;297.5;Will STEVENS;;LMP2;;Jackie Chan DC Racing;Oreca;
37;3;28;1:39.656;0;B;22.802;0;29.431;0;47.423;0;164.8;48:55.279;10:08:55.279;0:22.802;0:29.431;0:47.423;296.7;Will STEVENS;;LMP2;;Jackie Chan DC Racing;Oreca;
37;3;29;3:36.426;0;;2:25.533;0;29.991;0;40.902;0;75.9;52:31.705;10:12:31.705;2:25.533;0:29.991;0:40.902;152.1;Will STEVENS;0:02:07.011;LMP2;;Jackie Chan DC Racing;Oreca;
37;3;30;1:31.678;0;;22.938;0;28.581;0;40.159;0;179.2;54:03.383;10:14:03.383;0:22.938;0:28.581;0:40.159;293.5;Will STEVENS;;LMP2;;Jackie Chan DC Racing;Oreca;
37;3;31;1:33.261;0;;22.767;0;29.303;0;41.191;0;176.1;55:36.644;10:15:36.644;0:22.767;0:29.303;0:41.191;292.7;Will STEVENS;;LMP2;;Jackie Chan DC Racing;Oreca;
37;3;32;1:32.435;0;;22.806;0;28.656;0;40.973;0;177.7;57:09.079;10:17:09.079;0:22.806;0:28.656;0:40.973;295.1;Will STEVENS;;LMP2;;Jackie Chan DC Racing;Oreca;
37;3;33;1:31.897;0;;22.722;0;28.657;0;40.518;0;178.8;58:40.976;10:18:40.976;0:22.722;0:28.657;0:40.518;298.3;Will STEVENS;;LMP2;;Jackie Chan DC Racing;Oreca;
37;3;34;1:31.664;0;;22.711;0;28.654;0;40.299;0;179.2;1:00:12.640;10:20:12.640;0:22.711;0:28.654;0:40.299;297.5;Will STEVENS;;LMP2;;Jackie Chan DC Racing;Oreca;
38;3;1;1:37.142;0;;27.603;0;28.956;0;40.583;0;157.7;1:37.142;09:21:37.142;0:27.603;0:28.956;0:40.583;129.5;Anthony DAVIDSON;0:00:06.141;LMP2;;JOTA;Oreca;
38;3;2;1:29.457;2;;22.430;0;27.345;2;39.682;2;183.6;3:06.599;09:23:06.599;0:22.430;0:27.345;0:39.682;296.7;Anthony DAVIDSON;;LMP2;;JOTA;Oreca;
38;3;3;1:36.759;0;B;22.246;2;28.202;0;46.311;0;169.8;4:43.358;09:24:43.358;0:22.246;0:28.202;0:46.311;298.3;Anthony DAVIDSON;;LMP2;;JOTA;Oreca;
38;1;4;4:49.450;0;;3:31.553;0;29.384;0;48.513;0;56.8;9:32.808;09:29:32.808;3:31.553;0:29.384;0:48.513;151.5;Roberto GONZALEZ;0:03:12.354;LMP2;;JOTA;Oreca;
38;1;5;1:31.061;0;;22.843;0;28.154;1;40.064;1;180.4;11:03.869;09:31:03.869;0:22.843;0:28.154;0:40.064;293.5;Roberto GONZALEZ;;LMP2;;JOTA;Oreca;
38;1;6;1:31.509;0;;22.590;0;28.520;0;40.399;0;179.5;12:35.378;09:32:35.378;0:22.590;0:28.520;0:40.399;297.5;Roberto GONZALEZ;;LMP2;;JOTA;Oreca;
38;1;7;1:31.208;0;;22.700;0;28.414;0;40.094;0;180.1;14:06.586;09:34:06.586;0:22.700;0:28.414;0:40.094;299.2;Roberto GONZALEZ;;LMP2;;JOTA;Oreca;
38;1;8;1:36.520;0;B;22.539;1;28.287;0;45.694;0;170.2;15:43.106;09:35:43.106;0:22.539;0:28.287;0:45.694;300.0;Roberto GONZALEZ;;LMP2;;JOTA;Oreca;
38;2;9;4:09.470;0;;2:57.901;0;29.513;0;42.056;0;65.8;19:52.576;09:39:52.576;2:57.901;0:29.513;0:42.056;151.3;Antonio Felix DA COSTA;0:02:38.752;LMP2;;JOTA;Oreca;
38;2;10;1:34.783;0;;22.779;0;29.147;0;42.857;0;173.3;21:27.359;09:41:27.359;0:22.779;0:29.147;0:42.857;296.7;Antonio Felix DA COSTA;;LMP2;;JOTA;Oreca;
38;2;11;1:30.869;0;;22.544;0;28.115;0;40.210;1;180.8;22:58.228;09:42:58.228;0:22.544;0:28.115;0:40.210;297.5;Antonio Felix DA COSTA;;LMP2;;JOTA;Oreca;
38;2;12;1:31.375;0;;22.484;0;28.205;0;40.686;0;179.8;24:29.603;09:44:29.603;0:22.484;0:28.205;0:40.686;299.2;Antonio Felix DA COSTA;;LMP2;;JOTA;Oreca;
38;2;13;1:31.342;0;;22.682;0;28.233;0;40.427;0;179.8;26:00.945;09:46:00.945;0:22.682;0:28.233;0:40.427;299.2;Antonio Felix DA COSTA;;LMP2;;JOTA;Oreca;
38;2;14;1:32.427;0;;22.444;1;28.061;1;41.922;0;177.7;27:33.372;09:47:33.372;0:22.444;0:28.061;0:41.922;297.5;Antonio Felix DA COSTA;;LMP2;;JOTA;Oreca;
38;2;15;1:39.741;0;B;22.501;0;29.064;0;48.176;0;164.7;29:13.113;09:49:13.113;0:22.501;0:29.064;0:48.176;299.2;Antonio Felix DA COSTA;;LMP2;;JOTA;Oreca;
38;1;16;3:01.825;0;;1:51.869;0;29.207;0;40.749;0;90.3;32:14.938;09:52:14.938;1:51.869;0:29.207;0:40.749;150.0;Roberto GONZALEZ;0:01:32.784;LMP2;;JOTA;Oreca;
38;1;17;1:32.186;0;;22.969;0;28.398;0;40.819;0;178.2;33:47.124;09:53:47.124;0:22.969;0:28.398;0:40.819;294.3;Roberto GONZALEZ;;LMP2;;JOTA;Oreca;
38;1;18;1:32.443;0;;22.828;0;28.788;0;40.827;0;177.7;35:19.567;09:55:19.567;0:22.828;0:28.788;0:40.827;297.5;Roberto GONZALEZ;;LMP2;;JOTA;Oreca;
38;1;19;1:32.509;0;;22.876;0;28.355;0;41.278;0;177.6;36:52.076;09:56:52.076;0:22.876;0:28.355;0:41.278;296.7;Roberto GONZALEZ;;LMP2;;JOTA;Oreca;
38;1;20;1:31.845;0;;22.615;0;28.400;0;40.830;0;178.9;38:23.921;09:58:23.921;0:22.615;0:28.400;0:40.830;297.5;Roberto GONZALEZ;;LMP2;;JOTA;Oreca;
38;1;21;1:34.739;0;;23.434;0;29.428;0;41.877;0;173.4;39:58.660;09:59:58.660;0:23.434;0:29.428;0:41.877;291.1;Roberto GONZALEZ;;LMP2;;JOTA;Oreca;
38;1;22;1:34.341;0;;22.992;0;29.246;0;42.103;0;174.1;41:33.001;10:01:33.001;0:22.992;0:29.246;0:42.103;292.7;Roberto GONZALEZ;;LMP2;;JOTA;Oreca;
38;1;23;1:32.662;0;;22.768;0;28.983;0;40.911;0;177.3;43:05.663;10:03:05.663;0:22.768;0:28.983;0:40.911;295.9;Roberto GONZALEZ;;LMP2;;JOTA;Oreca;
38;1;24;1:32.304;0;;22.879;0;28.674;0;40.751;0;178.0;44:37.967;10:04:37.967;0:22.879;0:28.674;0:40.751;299.2;Roberto GONZALEZ;;LMP2;;JOTA;Oreca;
38;1;25;1:33.150;0;;23.386;0;28.675;0;41.089;0;176.3;46:11.117;10:06:11.117;0:23.386;0:28.675;0:41.089;300.0;Roberto GONZALEZ;;LMP2;;JOTA;Oreca;
38;1;26;1:33.171;0;;22.960;0;28.658;0;41.553;0;176.3;47:44.288;10:07:44.288;0:22.960;0:28.658;0:41.553;298.3;Roberto GONZALEZ;;LMP2;;JOTA;Oreca;
38;1;27;1:32.177;0;;22.801;0;28.559;0;40.817;0;178.2;49:16.465;10:09:16.465;0:22.801;0:28.559;0:40.817;299.2;Roberto GONZALEZ;;LMP2;;JOTA;Oreca;
38;1;28;1:32.747;0;;22.941;0;28.849;0;40.957;0;177.1;50:49.212;10:10:49.212;0:22.941;0:28.849;0:40.957;295.9;Roberto GONZALEZ;;LMP2;;JOTA;Oreca;
38;1;29;1:31.995;0;;22.892;0;28.521;0;40.582;0;178.6;52:21.207;10:12:21.207;0:22.892;0:28.521;0:40.582;294.3;Roberto GONZALEZ;;LMP2;;JOTA;Oreca;
38;1;30;1:32.704;0;;22.891;0;28.955;0;40.858;0;177.2;53:53.911;10:13:53.911;0:22.891;0:28.955;0:40.858;298.3;Roberto GONZALEZ;;LMP2;;JOTA;Oreca;
38;1;31;1:45.757;0;B;23.615;0;30.011;0;52.131;0;155.3;55:39.668;10:15:39.668;0:23.615;0:30.011;0:52.131;300.0;Roberto GONZALEZ;;LMP2;;JOTA;Oreca;
42;2;1;2:52.773;0;;1:38.697;0;29.974;0;44.102;0;88.7;2:52.773;09:22:52.773;1:38.697;0:29.974;0:44.102;151.0;Antonin BORGA;0:01:17.419;LMP2;;Cool Racing;Oreca;
42;2;2;1:42.571;0;;22.962;0;28.642;0;50.967;0;160.2;4:35.344;09:24:35.344;0:22.962;0:28.642;0:50.967;288.8;Antonin BORGA;;LMP2;;Cool Racing;Oreca;
42;2;3;1:33.747;0;;23.483;0;29.609;0;40.655;0;175.2;6:09.091;09:26:09.091;0:23.483;0:29.609;0:40.655;284.2;Antonin BORGA;;LMP2;;Cool Racing;Oreca;
42;2;4;1:38.048;0;B;22.700;0;29.860;0;45.488;0;167.5;7:47.139;09:27:47.139;0:22.700;0:29.860;0:45.488;295.1;Antonin BORGA;;LMP2;;Cool Racing;Oreca;
42;2;5;3:20.963;0;;2:05.313;0;34.430;0;41.220;0;81.7;11:08.102;09:31:08.102;2:05.313;0:34.430;0:41.220;153.8;Antonin BORGA;0:01:46.902;LMP2;;Cool Racing;Oreca;
42;2;6;1:31.589;0;;22.358;1;27.898;1;41.333;0;179.4;12:39.691;09:32:39.691;0:22.358;0:27.898;0:41.333;298.3;Antonin BORGA;;LMP2;;Cool Racing;Oreca;
42;2;7;1:30.853;0;;22.577;0;28.062;0;40.214;1;180.8;14:10.544;09:34:10.544;0:22.577;0:28.062;0:40.214;295.9;Antonin BORGA;;LMP2;;Cool Racing;Oreca;
42;2;8;1:31.353;0;;22.493;0;28.384;0;40.476;0;179.8;15:41.897;09:35:41.897;0:22.493;0:28.384;0:40.476;295.9;Antonin BORGA;;LMP2;;Cool Racing;Oreca;
42;2;9;1:35.462;0;B;22.490;0;28.132;0;44.840;0;172.1;17:17.359;09:37:17.359;0:22.490;0:28.132;0:44.840;295.9;Antonin BORGA;;LMP2;;Cool Racing;Oreca;
42;1;10;4:07.109;0;;2:57.345;0;28.752;0;41.012;0;66.5;21:24.468;09:41:24.468;2:57.345;0:28.752;0:41.012;153.8;Nicolas LAPIERRE;0:02:37.873;LMP2;;Cool Racing;Oreca;
42;1;11;1:30.587;0;;22.405;0;27.748;0;40.434;0;181.3;22:55.055;09:42:55.055;0:22.405;0:27.748;0:40.434;298.3;Nicolas LAPIERRE;;LMP2;;Cool Racing;Oreca;
42;1;12;1:33.587;0;;22.883;0;29.302;0;41.402;0;175.5;24:28.642;09:44:28.642;0:22.883;0:29.302;0:41.402;300.0;Nicolas LAPIERRE;;LMP2;;Cool Racing;Oreca;
42;1;13;1:29.987;2;;22.326;2;27.601;2;40.060;2;182.5;25:58.629;09:45:58.629;0:22.326;0:27.601;0:40.060;298.3;Nicolas LAPIERRE;;LMP2;;Cool Racing;Oreca;
42;1;14;1:37.513;0;B;22.370;0;28.398;0;46.745;0;168.5;27:36.142;09:47:36.142;0:22.370;0:28.398;0:46.745;299.2;Nicolas LAPIERRE;;LMP2;;Cool Racing;Oreca;
42;3;15;3:39.123;0;;2:27.117;0;29.859;0;42.147;0;75.0;31:15.265;09:51:15.265;2:27.117;0:29.859;0:42.147;135.3;Alexandre COIGNY;0:02:07.300;LMP2;;Cool Racing;Oreca;
42;3;16;1:36.397;0;;23.213;0;30.748;0;42.436;0;170.4;32:51.662;09:52:51.662;0:23.213;0:30.748;0:42.436;292.7;Alexandre COIGNY;;LMP2;;Cool Racing;Oreca;
42;3;17;1:34.906;0;;23.374;0;29.775;0;41.757;0;173.1;34:26.568;09:54:26.568;0:23.374;0:29.775;0:41.757;291.1;Alexandre COIGNY;;LMP2;;Cool Racing;Oreca;
42;3;18;1:34.543;0;;23.154;0;29.536;0;41.853;0;173.7;36:01.111;09:56:01.111;0:23.154;0:29.536;0:41.853;294.3;Alexandre COIGNY;;LMP2;;Cool Racing;Oreca;
42;3;19;1:34.524;0;;23.153;0;29.375;0;41.996;0;173.8;37:35.635;09:57:35.635;0:23.153;0:29.375;0:41.996;295.1;Alexandre COIGNY;;LMP2;;Cool Racing;Oreca;
42;3;20;1:34.521;0;;23.148;0;29.375;0;41.998;0;173.8;39:10.156;09:59:10.156;0:23.148;0:29.375;0:41.998;294.3;Alexandre COIGNY;;LMP2;;Cool Racing;Oreca;
42;3;21;1:34.188;0;;23.257;0;29.339;0;41.592;0;174.4;40:44.344;10:00:44.344;0:23.257;0:29.339;0:41.592;293.5;Alexandre COIGNY;;LMP2;;Cool Racing;Oreca;
42;3;22;1:36.012;0;;24.317;0;29.296;0;42.399;0;171.1;42:20.356;10:02:20.356;0:24.317;0:29.296;0:42.399;285.0;Alexandre COIGNY;;LMP2;;Cool Racing;Oreca;
42;3;23;1:34.469;0;;23.178;0;29.370;0;41.921;0;173.9;43:54.825;10:03:54.825;0:23.178;0:29.370;0:41.921;294.3;Alexandre COIGNY;;LMP2;;Cool Racing;Oreca;
42;3;24;1:33.764;0;;23.146;0;29.196;0;41.422;1;175.2;45:28.589;10:05:28.589;0:23.146;0:29.196;0:41.422;293.5;Alexandre COIGNY;;LMP2;;Cool Racing;Oreca;
42;3;25;1:33.811;0;;23.293;0;29.051;0;41.467;0;175.1;47:02.400;10:07:02.400;0:23.293;0:29.051;0:41.467;293.5;Alexandre COIGNY;;LMP2;;Cool Racing;Oreca;
42;3;26;1:33.719;0;;22.997;1;29.060;0;41.662;0;175.3;48:36.119;10:08:36.119;0:22.997;0:29.060;0:41.662;295.1;Alexandre COIGNY;;LMP2;;Cool Racing;Oreca;
42;3;27;1:34.022;0;;23.140;0;29.187;0;41.695;0;174.7;50:10.141;10:10:10.141;0:23.140;0:29.187;0:41.695;294.3;Alexandre COIGNY;;LMP2;;Cool Racing;Oreca;
42;3;28;1:33.951;0;;23.279;0;29.003;1;41.669;0;174.8;51:44.092;10:11:44.092;0:23.279;0:29.003;0:41.669;290.3;Alexandre COIGNY;;LMP2;;Cool Racing;Oreca;
42;3;29;1:44.557;0;B;23.104;0;31.606;0;49.847;0;157.1;53:28.649;10:13:28.649;0:23.104;0:31.606;0:49.847;295.9;Alexandre COIGNY;;LMP2;;Cool Racing;Oreca;
42;3;30;2:28.326;0;B;48.491;0;37.372;0;1:02.463;0;110.7;55:56.975;10:15:56.975;0:48.491;0:37.372;1:02.463;152.3;Alexandre COIGNY;0:00:29.493;LMP2;;Cool Racing;Oreca;
47;3;1;1:46.177;0;;33.794;0;30.063;0;42.320;0;144.3;1:46.177;09:21:46.177;0:33.794;0:30.063;0:42.320;146.3;Giorgio SERNAGIOTTO;0:00:11.994;LMP2;;Cetilar Racing;Dallara;
47;3;2;1:34.870;0;;23.774;0;29.852;0;41.244;0;173.2;3:21.047;09:23:21.047;0:23.774;0:29.852;0:41.244;262.8;Giorgio SERNAGIOTTO;;LMP2;;Cetilar Racing;Dallara;
47;3;3;1:34.565;0;;23.333;0;30.030;0;41.202;0;173.7;4:55.612;09:24:55.612;0:23.333;0:30.030;0:41.202;295.9;Giorgio SERNAGIOTTO;;LMP2;;Cetilar Racing;Dallara;
47;3;4;1:34.067;0;;23.126;0;29.779;0;41.162;0;174.6;6:29.679;09:26:29.679;0:23.126;0:29.779;0:41.162;299.2;Giorgio SERNAGIOTTO;;LMP2;;Cetilar Racing;Dallara;
47;3;5;1:42.144;0;B;23.018;0;29.845;0;49.281;0;160.8;8:11.823;09:28:11.823;0:23.018;0:29.845;0:49.281;305.9;Giorgio SERNAGIOTTO;;LMP2;;Cetilar Racing;Dallara;
47;3;6;3:10.841;0;;1:58.754;0;30.404;0;41.683;0;86.1;11:22.664;09:31:22.664;1:58.754;0:30.404;0:41.683;140.8;Giorgio SERNAGIOTTO;0:01:39.411;LMP2;;Cetilar Racing;Dallara;
47;3;7;1:42.896;0;;29.821;0;30.798;0;42.277;0;159.6;13:05.560;09:33:05.560;0:29.821;0:30.798;0:42.277;303.4;Giorgio SERNAGIOTTO;;LMP2;;Cetilar Racing;Dallara;
47;3;8;1:34.130;0;;23.268;0;29.641;0;41.221;0;174.5;14:39.690;09:34:39.690;0:23.268;0:29.641;0:41.221;296.7;Giorgio SERNAGIOTTO;;LMP2;;Cetilar Racing;Dallara;
47;3;9;1:43.401;0;B;23.032;0;29.461;0;50.908;0;158.9;16:23.091;09:36:23.091;0:23.032;0:29.461;0:50.908;300.8;Giorgio SERNAGIOTTO;;LMP2;;Cetilar Racing;Dallara;
47;3;10;2:41.118;0;;1:31.469;0;29.010;0;40.639;0;102.0;19:04.209;09:39:04.209;1:31.469;0:29.010;0:40.639;152.3;Giorgio SERNAGIOTTO;0:01:12.502;LMP2;;Cetilar Racing;Dallara;
47;3;11;1:31.643;0;;22.641;1;28.644;0;40.358;0;179.2;20:35.852;09:40:35.852;0:22.641;0:28.644;0:40.358;301.7;Giorgio SERNAGIOTTO;;LMP2;;Cetilar Racing;Dallara;
47;3;12;1:31.461;2;;22.765;0;28.513;2;40.183;2;179.6;22:07.313;09:42:07.313;0:22.765;0:28.513;0:40.183;302.5;Giorgio SERNAGIOTTO;;LMP2;;Cetilar Racing;Dallara;
47;3;13;1:48.087;0;B;23.707;0;29.425;0;54.955;0;152.0;23:55.400;09:43:55.400;0:23.707;0:29.425;0:54.955;228.3;Giorgio SERNAGIOTTO;;LMP2;;Cetilar Racing;Dallara;
47;2;14;3:41.729;0;;2:32.024;0;28.952;0;40.753;0;74.1;27:37.129;09:47:37.129;2:32.024;0:28.952;0:40.753;148.4;Andrea BELICCHI;0:02:13.660;LMP2;;Cetilar Racing;Dallara;
47;2;15;1:31.992;0;;22.724;0;28.721;1;40.547;0;178.6;29:09.121;09:49:09.121;0:22.724;0:28.721;0:40.547;298.3;Andrea BELICCHI;;LMP2;;Cetilar Racing;Dallara;
47;2;16;1:31.673;0;;22.502;2;28.729;0;40.442;1;179.2;30:40.794;09:50:40.794;0:22.502;0:28.729;0:40.442;302.5;Andrea BELICCHI;;LMP2;;Cetilar Racing;Dallara;
47;2;17;1:40.467;0;B;22.642;0;29.423;0;48.402;0;163.5;32:21.261;09:52:21.261;0:22.642;0:29.423;0:48.402;301.7;Andrea BELICCHI;;LMP2;;Cetilar Racing;Dallara;
47;1;18;5:23.332;0;;4:10.903;0;30.396;0;42.033;0;50.8;37:44.593;09:57:44.593;4:10.903;0:30.396;0:42.033;155.4;Roberto LACORTE;0:03:51.344;LMP2;;Cetilar Racing;Dallara;
47;1;19;1:35.213;0;;23.169;0;29.541;0;42.503;0;172.5;39:19.806;09:59:19.806;0:23.169;0:29.541;0:42.503;296.7;Roberto LACORTE;;LMP2;;Cetilar Racing;Dallara;
47;1;20;1:34.334;0;;23.026;0;29.614;0;41.694;0;174.1;40:54.140;10:00:54.140;0:23.026;0:29.614;0:41.694;300.0;Roberto LACORTE;;LMP2;;Cetilar Racing;Dallara;
47;1;21;1:34.674;0;;22.987;0;29.952;0;41.735;0;173.5;42:28.814;10:02:28.814;0:22.987;0:29.952;0:41.735;301.7;Roberto LACORTE;;LMP2;;Cetilar Racing;Dallara;
47;1;22;1:34.673;0;;23.118;0;29.787;0;41.768;0;173.5;44:03.487;10:04:03.487;0:23.118;0:29.787;0:41.768;299.2;Roberto LACORTE;;LMP2;;Cetilar Racing;Dallara;
47;1;23;1:34.663;0;;23.041;0;29.914;0;41.708;0;173.5;45:38.150;10:05:38.150;0:23.041;0:29.914;0:41.708;300.8;Roberto LACORTE;;LMP2;;Cetilar Racing;Dallara;
47;1;24;1:33.425;0;;22.980;0;29.320;0;41.125;1;175.8;47:11.575;10:07:11.575;0:22.980;0:29.320;0:41.125;300.8;Roberto LACORTE;;LMP2;;Cetilar Racing;Dallara;
47;1;25;1:33.535;0;;23.024;0;29.134;0;41.377;0;175.6;48:45.110;10:08:45.110;0:23.024;0:29.134;0:41.377;302.5;Roberto LACORTE;;LMP2;;Cetilar Racing;Dallara;
47;1;26;1:33.814;0;;23.009;0;29.077;0;41.728;0;175.1;50:18.924;10:10:18.924;0:23.009;0:29.077;0:41.728;300.8;Roberto LACORTE;;LMP2;;Cetilar Racing;Dallara;
47;1;27;1:33.731;0;;22.875;1;29.053;1;41.803;0;175.3;51:52.655;10:11:52.655;0:22.875;0:29.053;0:41.803;301.7;Roberto LACORTE;;LMP2;;Cetilar Racing;Dallara;
47;1;28;1:38.706;0;;23.051;0;31.209;0;44.446;0;166.4;53:31.361;10:13:31.361;0:23.051;0:31.209;0:44.446;300.8;Roberto LACORTE;;LMP2;;Cetilar Racing;Dallara;
47;1;29;1:34.093;0;;23.081;0;29.247;0;41.765;0;174.6;55:05.454;10:15:05.454;0:23.081;0:29.247;0:41.765;300.8;Roberto LACORTE;;LMP2;;Cetilar Racing;Dallara;
47;1;30;1:41.691;0;B;23.308;0;29.707;0;48.676;0;161.5;56:47.145;10:16:47.145;0:23.308;0:29.707;0:48.676;293.5;Roberto LACORTE;;LMP2;;Cetilar Racing;Dallara;
5;2;1;2:24.473;0;;1:13.479;0;28.883;0;42.111;0;106.1;2:24.473;09:22:24.473;1:13.479;0:28.883;0:42.111;150.8;Ben HANLEY;0:00:51.378;LMP1;;Team LNT;Ginetta;
5;2;2;1:30.006;0;;22.287;0;28.007;0;39.712;0;182.5;3:54.479;09:23:54.479;0:22.287;0:28.007;0:39.712;312.1;Ben HANLEY;;LMP1;;Team LNT;Ginetta;
5;2;3;1:30.739;0;;22.695;0;27.771;0;40.273;0;181.0;5:25.218;09:25:25.218;0:22.695;0:27.771;0:40.273;298.3;Ben HANLEY;;LMP1;;Team LNT;Ginetta;
5;2;4;1:28.168;0;;21.307;0;27.430;0;39.431;0;186.3;6:53.386;09:26:53.386;0:21.307;0:27.430;0:39.431;317.6;Ben HANLEY;;LMP1;;Team LNT;Ginetta;
5;2;5;1:27.882;2;;21.367;0;27.469;0;39.046;2;186.9;8:21.268;09:28:21.268;0:21.367;0:27.469;0:39.046;317.6;Ben HANLEY;;LMP1;;Team LNT;Ginetta;
5;2;6;1:37.668;0;B;21.395;0;27.438;0;48.835;0;168.2;9:58.936;09:29:58.936;0:21.395;0:27.438;0:48.835;317.6;Ben HANLEY;;LMP1;;Team LNT;Ginetta;
5;2;7;4:51.702;0;;3:44.232;0;28.308;0;39.162;0;56.3;14:50.638;09:34:50.638;3:44.232;0:28.308;0:39.162;169.5;Ben HANLEY;0:03:26.423;LMP1;;Team LNT;Ginetta;
5;2;8;1:29.663;0;;21.695;0;27.904;0;40.064;0;183.2;16:20.301;09:36:20.301;0:21.695;0:27.904;0:40.064;316.7;Ben HANLEY;;LMP1;;Team LNT;Ginetta;
5;2;9;1:28.074;0;;21.299;2;27.370;0;39.405;0;186.5;17:48.375;09:37:48.375;0:21.299;0:27.370;0:39.405;321.4;Ben HANLEY;;LMP1;;Team LNT;Ginetta;
5;2;10;1:29.648;0;;21.909;0;27.742;0;39.997;0;183.2;19:18.023;09:39:18.023;0:21.909;0:27.742;0:39.997;307.7;Ben HANLEY;;LMP1;;Team LNT;Ginetta;
5;2;11;1:28.917;0;;21.633;0;27.240;2;40.044;0;184.7;20:46.940;09:40:46.940;0:21.633;0:27.240;0:40.044;321.4;Ben HANLEY;;LMP1;;Team LNT;Ginetta;
5;2;12;1:37.314;0;B;21.644;0;27.649;0;48.021;0;168.8;22:24.254;09:42:24.254;0:21.644;0:27.649;0:48.021;318.6;Ben HANLEY;;LMP1;;Team LNT;Ginetta;
5;3;13;7:45.920;0;;6:36.683;0;28.988;0;40.249;0;35.3;30:10.174;09:50:10.174;6:36.683;0:28.988;0:40.249;157.0;Egor ORUDZHEV;0:06:18.329;LMP1;;Team LNT;Ginetta;
5;3;14;1:30.195;0;;21.810;0;28.663;0;39.722;0;182.1;31:40.369;09:51:40.369;0:21.810;0:28.663;0:39.722;317.6;Egor ORUDZHEV;;LMP1;;Team LNT;Ginetta;
5;3;15;1:33.846;0;;21.797;0;27.950;0;44.099;0;175.0;33:14.215;09:53:14.215;0:21.797;0:27.950;0:44.099;320.5;Egor ORUDZHEV;;LMP1;;Team LNT;Ginetta;
5;3;16;1:40.346;0;B;21.834;0;27.746;0;50.766;0;163.7;34:54.561;09:54:54.561;0:21.834;0:27.746;0:50.766;312.1;Egor ORUDZHEV;;LMP1;;Team LNT;Ginetta;
5;3;17;8:23.973;0;;7:16.287;0;27.580;0;40.106;0;32.6;43:18.534;10:03:18.534;7:16.287;0:27.580;0:40.106;163.4;Egor ORUDZHEV;0:06:58.316;LMP1;;Team LNT;Ginetta;
5;3;18;1:29.858;0;;21.701;0;28.730;0;39.427;0;182.8;44:48.392;10:04:48.392;0:21.701;0:28.730;0:39.427;320.5;Egor ORUDZHEV;;LMP1;;Team LNT;Ginetta;
5;3;19;1:28.377;0;;21.594;1;27.564;1;39.219;1;185.9;46:16.769;10:06:16.769;0:21.594;0:27.564;0:39.219;318.6;Egor ORUDZHEV;;LMP1;;Team LNT;Ginetta;
5;3;20;1:38.918;0;B;21.693;0;28.040;0;49.185;0;166.1;47:55.687;10:07:55.687;0:21.693;0:28.040;0:49.185;321.4;Egor ORUDZHEV;;LMP1;;Team LNT;Ginetta;
5;1;21;5:35.038;0;;4:25.535;0;28.174;0;41.329;0;49.0;53:30.725;10:13:30.725;4:25.535;0:28.174;0:41.329;164.1;Luca GHIOTTO;0:04:06.932;LMP1;;Team LNT;Ginetta;
5;1;22;1:31.192;0;;21.951;1;28.067;0;41.174;0;180.1;55:01.917;10:15:01.917;0:21.951;0:28.067;0:41.174;313.0;Luca GHIOTTO;;LMP1;;Team LNT;Ginetta;
5;1;23;1:30.471;0;;21.995;0;27.793;1;40.683;0;181.6;56:32.388;10:16:32.388;0:21.995;0:27.793;0:40.683;320.5;Luca GHIOTTO;;LMP1;;Team LNT;Ginetta;
5;1;24;1:31.208;0;;22.002;0;28.765;0;40.441;1;180.1;58:03.596;10:18:03.596;0:22.002;0:28.765;0:40.441;319.5;Luca GHIOTTO;;LMP1;;Team LNT;Ginetta;
5;1;25;1:30.584;0;;22.016;0;28.065;0;40.503;0;181.3;59:34.180;10:19:34.180;0:22.016;0:28.065;0:40.503;312.1;Luca GHIOTTO;;LMP1;;Team LNT;Ginetta;
5;1;26;1:32.870;0;;22.175;0;29.652;0;41.043;0;176.9;1:01:07.050;10:21:07.050;0:22.175;0:29.652;0:41.043;320.5;Luca GHIOTTO;;LMP1;;Team LNT;Ginetta;
51;2;1;4:38.698;0;;3:18.474;0;33.478;0;46.746;0;55.0;4:38.698;09:24:38.698;3:18.474;0:33.478;0:46.746;104.9;Alessandro PIER GUIDI;0:02:52.304;LMGTE Pro;;AF Corse;Ferrari;
51;2;2;1:38.932;0;;24.920;0;31.194;0;42.818;2;166.0;6:17.630;09:26:17.630;0:24.920;0:31.194;0:42.818;266.7;Alessandro PIER GUIDI;;LMGTE Pro;;AF Corse;Ferrari;
51;2;3;1:42.478;0;;24.565;1;33.384;0;44.529;0;160.3;8:00.108;09:28:00.108;0:24.565;0:33.384;0:44.529;268.0;Alessandro PIER GUIDI;;LMGTE Pro;;AF Corse;Ferrari;
51;2;4;1:48.260;0;;24.570;0;31.126;0;52.564;0;151.7;9:48.368;09:29:48.368;0:24.570;0:31.126;0:52.564;267.3;Alessandro PIER GUIDI;;LMGTE Pro;;AF Corse;Ferrari;
51;2;5;1:38.585;2;;24.649;0;30.937;2;42.999;0;166.6;11:26.953;09:31:26.953;0:24.649;0:30.937;0:42.999;268.0;Alessandro PIER GUIDI;;LMGTE Pro;;AF Corse;Ferrari;
51;2;6;1:47.122;0;B;24.867;0;31.942;0;50.313;0;153.3;13:14.075;09:33:14.075;0:24.867;0:31.942;0:50.313;269.3;Alessandro PIER GUIDI;;LMGTE Pro;;AF Corse;Ferrari;
51;1;7;3:34.713;0;;2:17.151;0;33.544;0;44.018;0;76.5;16:48.788;09:36:48.788;2:17.151;0:33.544;0:44.018;141.7;James CALADO;0:01:56.826;LMGTE Pro;;AF Corse;Ferrari;
51;1;8;1:38.773;0;;24.612;0;30.988;0;43.173;0;166.3;18:27.561;09:38:27.561;0:24.612;0:30.988;0:43.173;267.3;James CALADO;;LMGTE Pro;;AF Corse;Ferrari;
51;1;9;1:38.741;0;;24.634;0;31.070;0;43.037;1;166.4;20:06.302;09:40:06.302;0:24.634;0:31.070;0:43.037;268.0;James CALADO;;LMGTE Pro;;AF Corse;Ferrari;
51;1;10;1:38.864;0;;24.754;0;31.073;0;43.037;0;166.2;21:45.166;09:41:45.166;0:24.754;0:31.073;0:43.037;251.2;James CALADO;;LMGTE Pro;;AF Corse;Ferrari;
51;1;11;1:45.271;0;B;24.783;0;31.639;0;48.849;0;156.0;23:30.437;09:43:30.437;0:24.783;0:31.639;0:48.849;268.0;James CALADO;;LMGTE Pro;;AF Corse;Ferrari;
51;1;12;3:05.987;0;;1:50.414;0;32.220;0;43.353;0;88.3;26:36.424;09:46:36.424;1:50.414;0:32.220;0:43.353;134.0;James CALADO;0:01:29.855;LMGTE Pro;;AF Corse;Ferrari;
51;1;13;1:38.854;0;;24.644;0;31.153;0;43.057;0;166.2;28:15.278;09:48:15.278;0:24.644;0:31.153;0:43.057;266.7;James CALADO;;LMGTE Pro;;AF Corse;Ferrari;
51;1;14;1:39.035;0;;24.541;2;31.010;0;43.484;0;165.9;29:54.313;09:49:54.313;0:24.541;0:31.010;0:43.484;268.7;James CALADO;;LMGTE Pro;;AF Corse;Ferrari;
51;1;15;1:39.001;0;;24.556;0;30.975;1;43.470;0;165.9;31:33.314;09:51:33.314;0:24.556;0:30.975;0:43.470;270.0;James CALADO;;LMGTE Pro;;AF Corse;Ferrari;
51;1;16;1:38.873;0;;24.551;0;31.172;0;43.150;0;166.1;33:12.187;09:53:12.187;0:24.551;0:31.172;0:43.150;265.4;James CALADO;;LMGTE Pro;;AF Corse;Ferrari;
51;1;17;1:39.067;0;;24.808;0;31.081;0;43.178;0;165.8;34:51.254;09:54:51.254;0:24.808;0:31.081;0:43.178;267.3;James CALADO;;LMGTE Pro;;AF Corse;Ferrari;
51;1;18;1:39.067;0;;24.613;0;31.295;0;43.159;0;165.8;36:30.321;09:56:30.321;0:24.613;0:31.295;0:43.159;267.3;James CALADO;;LMGTE Pro;;AF Corse;Ferrari;
51;1;19;1:39.223;0;;24.690;0;31.330;0;43.203;0;165.6;38:09.544;09:58:09.544;0:24.690;0:31.330;0:43.203;255.3;James CALADO;;LMGTE Pro;;AF Corse;Ferrari;
51;1;20;1:40.533;0;;24.742;0;32.287;0;43.504;0;163.4;39:50.077;09:59:50.077;0:24.742;0:32.287;0:43.504;248.3;James CALADO;;LMGTE Pro;;AF Corse;Ferrari;
51;1;21;1:39.163;0;;24.703;0;31.366;0;43.094;0;165.7;41:29.240;10:01:29.240;0:24.703;0:31.366;0:43.094;254.7;James CALADO;;LMGTE Pro;;AF Corse;Ferrari;
51;1;22;1:39.471;0;;24.774;0;31.394;0;43.303;0;165.1;43:08.711;10:03:08.711;0:24.774;0:31.394;0:43.303;254.1;James CALADO;;LMGTE Pro;;AF Corse;Ferrari;
51;1;23;1:44.778;0;B;24.767;0;31.456;0;48.555;0;156.8;44:53.489;10:04:53.489;0:24.767;0:31.456;0:48.555;252.9;James CALADO;;LMGTE Pro;;AF Corse;Ferrari;
51;2;24;2:50.240;0;;1:35.194;0;31.364;0;43.682;0;96.5;47:43.729;10:07:43.729;1:35.194;0:31.364;0:43.682;130.1;Alessandro PIER GUIDI;0:01:14.191;LMGTE Pro;;AF Corse;Ferrari;
51;2;25;1:44.521;0;B;24.836;0;31.545;0;48.140;0;157.2;49:28.250;10:09:28.250;0:24.836;0:31.545;0:48.140;266.7;Alessandro PIER GUIDI;;LMGTE Pro;;AF Corse;Ferrari;
51;2;26;2:31.100;0;;1:16.578;0;31.539;0;42.983;0;108.7;51:59.350;10:11:59.350;1:16.578;0:31.539;0:42.983;143.2;Alessandro PIER GUIDI;0:00:56.909;LMGTE Pro;;AF Corse;Ferrari;
51;2;27;1:39.708;0;;24.942;0;31.619;0;43.147;0;164.7;53:39.058;10:13:39.058;0:24.942;0:31.619;0:43.147;267.3;Alessandro PIER GUIDI;;LMGTE Pro;;AF Corse;Ferrari;
51;2;28;1:39.067;0;;24.605;0;31.208;0;43.254;0;165.8;55:18.125;10:15:18.125;0:24.605;0:31.208;0:43.254;267.3;Alessandro PIER GUIDI;;LMGTE Pro;;AF Corse;Ferrari;
51;2;29;1:39.293;0;;24.830;0;31.215;0;43.248;0;165.4;56:57.418;10:16:57.418;0:24.830;0:31.215;0:43.248;268.7;Alessandro PIER GUIDI;;LMGTE Pro;;AF Corse;Ferrari;
51;2;30;1:39.760;0;;24.616;0;31.158;0;43.986;0;164.7;58:37.178;10:18:37.178;0:24.616;0:31.158;0:43.986;269.3;Alessandro PIER GUIDI;;LMGTE Pro;;AF Corse;Ferrari;
51;2;31;1:39.134;0;;24.664;0;31.357;0;43.113;0;165.7;1:00:16.312;10:20:16.312;0:24.664;0:31.357;0:43.113;269.3;Alessandro PIER GUIDI;;LMGTE Pro;;AF Corse;Ferrari;
54;1;1;3:52.319;0;;2:30.362;0;36.117;0;45.840;0;66.0;3:52.319;09:23:52.319;2:30.362;0:36.117;0:45.840;116.5;Thomas FLOHR;0:02:05.225;LMGTE Am;;AF Corse;Ferrari;
54;1;2;1:43.987;0;;26.187;0;33.252;0;44.548;0;158.0;5:36.306;09:25:36.306;0:26.187;0:33.252;0:44.548;254.7;Thomas FLOHR;;LMGTE Am;;AF Corse;Ferrari;
54;1;3;1:42.691;0;;25.196;0;33.388;0;44.107;0;160.0;7:18.997;09:27:18.997;0:25.196;0:33.388;0:44.107;260.9;Thomas FLOHR;;LMGTE Am;;AF Corse;Ferrari;
54;1;4;1:41.823;0;;25.220;0;32.537;0;44.066;0;161.3;9:00.820;09:29:00.820;0:25.220;0:32.537;0:44.066;266.0;Thomas FLOHR;;LMGTE Am;;AF Corse;Ferrari;
54;1;5;1:41.062;0;;25.027;0;32.213;0;43.822;0;162.5;10:41.882;09:30:41.882;0:25.027;0:32.213;0:43.822;263.4;Thomas FLOHR;;LMGTE Am;;AF Corse;Ferrari;
54;1;6;1:49.000;0;B;25.756;0;32.172;0;51.072;0;150.7;12:30.882;09:32:30.882;0:25.756;0:32.172;0:51.072;264.1;Thomas FLOHR;;LMGTE Am;;AF Corse;Ferrari;
54;1;7;3:17.953;0;;1:56.391;0;35.522;0;46.040;0;83.0;15:48.835;09:35:48.835;1:56.391;0:35.522;0:46.040;136.5;Thomas FLOHR;0:01:33.733;LMGTE Am;;AF Corse;Ferrari;
54;1;8;1:40.343;0;;24.951;0;31.919;0;43.473;1;163.7;17:29.178;09:37:29.178;0:24.951;0:31.919;0:43.473;263.4;Thomas FLOHR;;LMGTE Am;;AF Corse;Ferrari;
54;1;9;1:44.952;0;;24.975;0;32.236;0;47.741;0;156.5;19:14.130;09:39:14.130;0:24.975;0:32.236;0:47.741;265.4;Thomas FLOHR;;LMGTE Am;;AF Corse;Ferrari;
54;1;10;1:53.219;0;;24.874;1;31.754;1;56.591;0;145.1;21:07.349;09:41:07.349;0:24.874;0:31.754;0:56.591;264.1;Thomas FLOHR;;LMGTE Am;;AF Corse;Ferrari;
54;1;11;1:56.515;0;B;24.939;0;35.114;0;56.462;0;141.0;23:03.864;09:43:03.864;0:24.939;0:35.114;0:56.462;264.1;Thomas FLOHR;;LMGTE Am;;AF Corse;Ferrari;
54;3;12;3:46.519;0;;2:26.480;0;32.436;0;47.603;0;72.5;26:50.383;09:46:50.383;2:26.480;0:32.436;0:47.603;141.0;Giancarlo FISICHELLA;0:02:06.489;LMGTE Am;;AF Corse;Ferrari;
54;3;13;1:40.171;0;;25.157;0;31.382;0;43.632;0;164.0;28:30.554;09:48:30.554;0:25.157;0:31.382;0:43.632;262.8;Giancarlo FISICHELLA;;LMGTE Am;;AF Corse;Ferrari;
54;3;14;1:41.087;0;;24.963;0;32.842;0;43.282;0;162.5;30:11.641;09:50:11.641;0:24.963;0:32.842;0:43.282;257.8;Giancarlo FISICHELLA;;LMGTE Am;;AF Corse;Ferrari;
54;3;15;1:39.669;0;;24.709;2;31.505;0;43.455;0;164.8;31:51.310;09:51:51.310;0:24.709;0:31.505;0:43.455;263.4;Giancarlo FISICHELLA;;LMGTE Am;;AF Corse;Ferrari;
54;3;16;1:39.340;2;;24.812;0;31.250;2;43.278;2;165.4;33:30.650;09:53:30.650;0:24.812;0:31.250;0:43.278;262.8;Giancarlo FISICHELLA;;LMGTE Am;;AF Corse;Ferrari;
54;3;17;1:39.499;0;;24.729;0;31.471;0;43.299;0;165.1;35:10.149;09:55:10.149;0:24.729;0:31.471;0:43.299;265.4;Giancarlo FISICHELLA;;LMGTE Am;;AF Corse;Ferrari;
54;3;18;1:44.060;0;B;24.752;0;31.399;0;47.909;0;157.9;36:54.209;09:56:54.209;0:24.752;0:31.399;0:47.909;265.4;Giancarlo FISICHELLA;;LMGTE Am;;AF Corse;Ferrari;
54;2;19;2:58.151;0;;1:38.415;0;34.666;0;45.070;0;92.2;39:52.360;09:59:52.360;1:38.415;0:34.666;0:45.070;141.0;Francesco CASTELLACCI;0:01:17.820;LMGTE Am;;AF Corse;Ferrari;
54;2;20;1:40.785;0;;24.991;0;31.894;0;43.900;0;163.0;41:33.145;10:01:33.145;0:24.991;0:31.894;0:43.900;263.4;Francesco CASTELLACCI;;LMGTE Am;;AF Corse;Ferrari;
54;2;21;1:40.663;0;;25.029;0;31.888;1;43.746;0;163.2;43:13.808;10:03:13.808;0:25.029;0:31.888;0:43.746;264.1;Francesco CASTELLACCI;;LMGTE Am;;AF Corse;Ferrari;
54;2;22;1:42.987;0;;24.919;0;32.180;0;45.888;0;159.5;44:56.795;10:04:56.795;0:24.919;0:32.180;0:45.888;263.4;Francesco CASTELLACCI;;LMGTE Am;;AF Corse;Ferrari;
54;2;23;1:40.733;0;;25.092;0;31.933;0;43.708;1;163.1;46:37.528;10:06:37.528;0:25.092;0:31.933;0:43.708;262.8;Francesco CASTELLACCI;;LMGTE Am;;AF Corse;Ferrari;
54;2;24;1:40.808;0;;24.819;1;32.029;0;43.960;0;163.0;48:18.336;10:08:18.336;0:24.819;0:32.029;0:43.960;265.4;Francesco CASTELLACCI;;LMGTE Am;;AF Corse;Ferrari;
54;2;25;1:41.920;0;;24.947;0;32.598;0;44.375;0;161.2;50:00.256;10:10:00.256;0:24.947;0:32.598;0:44.375;266.0;Francesco CASTELLACCI;;LMGTE Am;;AF Corse;Ferrari;
54;2;26;1:40.906;0;;25.050;0;31.937;0;43.919;0;162.8;51:41.162;10:11:41.162;0:25.050;0:31.937;0:43.919;263.4;Francesco CASTELLACCI;;LMGTE Am;;AF Corse;Ferrari;
54;2;27;1:41.828;0;;24.908;0;32.115;0;44.805;0;161.3;53:22.990;10:13:22.990;0:24.908;0:32.115;0:44.805;262.8;Francesco CASTELLACCI;;LMGTE Am;;AF Corse;Ferrari;
54;2;28;1:40.990;0;;25.038;0;31.959;0;43.993;0;162.7;55:03.980;10:15:03.980;0:25.038;0:31.959;0:43.993;262.1;Francesco CASTELLACCI;;LMGTE Am;;AF Corse;Ferrari;
54;2;29;1:41.527;0;;25.024;0;32.161;0;44.342;0;161.8;56:45.507;10:16:45.507;0:25.024;0:32.161;0:44.342;264.1;Francesco CASTELLACCI;;LMGTE Am;;AF Corse;Ferrari;
54;2;30;1:47.993;0;B;24.979;0;32.119;0;50.895;0;152.1;58:33.500;10:18:33.500;0:24.979;0:32.119;0:50.895;265.4;Francesco CASTELLACCI;;LMGTE Am;;AF Corse;Ferrari;
56;3;1;2:24.734;0;;1:04.903;0;34.953;0;44.878;0;105.9;2:24.734;09:22:24.734;1:04.903;0:34.953;0:44.878;138.3;Matteo CAIROLI;0:00:41.235;LMGTE Am;;Team Project 1;Porsche;
56;3;2;1:41.593;0;;25.157;0;32.206;0;44.230;0;161.7;4:06.327;09:24:06.327;0:25.157;0:32.206;0:44.230;257.1;Matteo CAIROLI;;LMGTE Am;;Team Project 1;Porsche;
56;3;3;1:41.894;0;;25.054;0;32.709;0;44.131;0;161.2;5:48.221;09:25:48.221;0:25.054;0:32.709;0:44.131;264.7;Matteo CAIROLI;;LMGTE Am;;Team Project 1;Porsche;
56;3;4;1:45.513;0;B;24.872;0;31.648;0;48.993;0;155.7;7:33.734;09:27:33.734;0:24.872;0:31.648;0:48.993;266.7;Matteo CAIROLI;;LMGTE Am;;Team Project 1;Porsche;
56;3;5;4:14.038;0;;2:57.317;0;32.261;0;44.460;0;64.7;11:47.772;09:31:47.772;2:57.317;0:32.261;0:44.460;118.7;Matteo CAIROLI;0:02:34.151;LMGTE Am;;Team Project 1;Porsche;
56;3;6;1:38.202;0;;24.484;0;30.903;0;42.815;0;167.3;13:25.974;09:33:25.974;0:24.484;0:30.903;0:42.815;267.3;Matteo CAIROLI;;LMGTE Am;;Team Project 1;Porsche;
56;3;7;1:38.051;2;;24.405;2;30.852;2;42.794;2;167.5;15:04.025;09:35:04.025;0:24.405;0:30.852;0:42.794;266.7;Matteo CAIROLI;;LMGTE Am;;Team Project 1;Porsche;
56;3;8;1:43.211;0;B;24.482;0;31.018;0;47.711;0;159.2;16:47.236;09:36:47.236;0:24.482;0:31.018;0:47.711;266.0;Matteo CAIROLI;;LMGTE Am;;Team Project 1;Porsche;
56;1;9;4:43.130;0;;3:27.128;0;32.591;0;43.411;0;58.0;21:30.366;09:41:30.366;3:27.128;0:32.591;0:43.411;139.4;Egidio PERFETTI;0:03:06.539;LMGTE Am;;Team Project 1;Porsche;
56;1;10;1:40.314;0;;24.959;0;31.731;0;43.624;0;163.8;23:10.680;09:43:10.680;0:24.959;0:31.731;0:43.624;264.7;Egidio PERFETTI;;LMGTE Am;;Team Project 1;Porsche;
56;1;11;1:40.226;0;;24.933;0;31.480;0;43.813;0;163.9;24:50.906;09:44:50.906;0:24.933;0:31.480;0:43.813;266.0;Egidio PERFETTI;;LMGTE Am;;Team Project 1;Porsche;
56;1;12;1:41.231;0;;24.796;0;32.398;0;44.037;0;162.3;26:32.137;09:46:32.137;0:24.796;0:32.398;0:44.037;266.7;Egidio PERFETTI;;LMGTE Am;;Team Project 1;Porsche;
56;1;13;1:47.871;0;B;24.830;0;31.580;0;51.461;0;152.3;28:20.008;09:48:20.008;0:24.830;0:31.580;0:51.461;266.0;Egidio PERFETTI;;LMGTE Am;;Team Project 1;Porsche;
56;1;14;4:37.944;0;;3:01.135;0;31.216;0;1:05.593;0;59.1;32:57.952;09:52:57.952;3:01.135;0:31.216;1:05.593;139.9;Egidio PERFETTI;0:02:40.827;LMGTE Am;;Team Project 1;Porsche;
56;1;15;1:41.201;0;;24.741;0;31.091;1;45.369;0;162.3;34:39.153;09:54:39.153;0:24.741;0:31.091;0:45.369;266.7;Egidio PERFETTI;;LMGTE Am;;Team Project 1;Porsche;
56;1;16;1:39.354;0;;24.876;0;31.305;0;43.173;1;165.3;36:18.507;09:56:18.507;0:24.876;0:31.305;0:43.173;266.7;Egidio PERFETTI;;LMGTE Am;;Team Project 1;Porsche;
56;1;17;1:40.058;0;;25.109;0;31.590;0;43.359;0;164.2;37:58.565;09:57:58.565;0:25.109;0:31.590;0:43.359;268.0;Egidio PERFETTI;;LMGTE Am;;Team Project 1;Porsche;
56;1;18;1:51.302;0;B;24.726;1;31.249;0;55.327;0;147.6;39:49.867;09:59:49.867;0:24.726;0:31.249;0:55.327;266.7;Egidio PERFETTI;;LMGTE Am;;Team Project 1;Porsche;
56;2;19;4:51.873;0;;3:35.513;0;32.230;0;44.130;0;56.3;44:41.740;10:04:41.740;3:35.513;0:32.230;0:44.130;131.2;David HEINEMEIER-HANSSON;0:03:14.157;LMGTE Am;;Team Project 1;Porsche;
56;2;20;1:40.204;0;;24.876;0;31.904;0;43.424;0;163.9;46:21.944;10:06:21.944;0:24.876;0:31.904;0:43.424;264.7;David HEINEMEIER-HANSSON;;LMGTE Am;;Team Project 1;Porsche;
56;2;21;1:40.628;0;;24.718;0;32.454;0;43.456;0;163.2;48:02.572;10:08:02.572;0:24.718;0:32.454;0:43.456;266.7;David HEINEMEIER-HANSSON;;LMGTE Am;;Team Project 1;Porsche;
56;2;22;1:40.197;0;;24.647;0;31.700;0;43.850;0;163.9;49:42.769;10:09:42.769;0:24.647;0:31.700;0:43.850;266.7;David HEINEMEIER-HANSSON;;LMGTE Am;;Team Project 1;Porsche;
56;2;23;1:39.846;0;;24.769;0;31.698;0;43.379;1;164.5;51:22.615;10:11:22.615;0:24.769;0:31.698;0:43.379;267.3;David HEINEMEIER-HANSSON;;LMGTE Am;;Team Project 1;Porsche;
56;2;24;1:40.035;0;;24.658;0;31.670;0;43.707;0;164.2;53:02.650;10:13:02.650;0:24.658;0:31.670;0:43.707;268.7;David HEINEMEIER-HANSSON;;LMGTE Am;;Team Project 1;Porsche;
56;2;25;1:39.855;0;;24.747;0;31.559;0;43.549;0;164.5;54:42.505;10:14:42.505;0:24.747;0:31.559;0:43.549;266.7;David HEINEMEIER-HANSSON;;LMGTE Am;;Team Project 1;Porsche;
56;2;26;1:39.890;0;;24.736;0;31.456;1;43.698;0;164.4;56:22.395;10:16:22.395;0:24.736;0:31.456;0:43.698;266.0;David HEINEMEIER-HANSSON;;LMGTE Am;;Team Project 1;Porsche;
56;2;27;1:40.004;0;;24.605;1;31.677;0;43.722;0;164.3;58:02.399;10:18:02.399;0:24.605;0:31.677;0:43.722;267.3;David HEINEMEIER-HANSSON;;LMGTE Am;;Team Project 1;Porsche;
56;2;28;1:41.009;0;;24.890;0;31.467;0;44.652;0;162.6;59:43.408;10:19:43.408;0:24.890;0:31.467;0:44.652;268.0;David HEINEMEIER-HANSSON;;LMGTE Am;;Team Project 1;Porsche;
56;2;29;1:46.218;0;B;24.736;0;31.715;0;49.767;0;154.7;1:01:29.626;10:21:29.626;0:24.736;0:31.715;0:49.767;268.7;David HEINEMEIER-HANSSON;;LMGTE Am;;Team Project 1;Porsche;
57;2;1;2:07.391;0;;49.689;0;33.846;0;43.856;0;120.3;2:07.391;09:22:07.391;0:49.689;0:33.846;0:43.856;140.4;Felipe FRAGA;0:00:27.778;LMGTE Am;;Team Project 1;Porsche;
57;2;2;1:40.848;0;;24.950;0;32.302;0;43.596;0;162.9;3:48.239;09:23:48.239;0:24.950;0:32.302;0:43.596;266.0;Felipe FRAGA;;LMGTE Am;;Team Project 1;Porsche;
57;2;3;1:46.643;0;B;24.695;0;31.451;0;50.497;0;154.0;5:34.882;09:25:34.882;0:24.695;0:31.451;0:50.497;267.3;Felipe FRAGA;;LMGTE Am;;Team Project 1;Porsche;
57;2;4;4:39.770;0;;3:23.484;0;31.903;0;44.383;0;58.7;10:14.652;09:30:14.652;3:23.484;0:31.903;0:44.383;99.3;Felipe FRAGA;0:03:01.355;LMGTE Am;;Team Project 1;Porsche;
57;2;5;1:39.609;0;;24.762;0;31.354;0;43.493;0;164.9;11:54.261;09:31:54.261;0:24.762;0:31.354;0:43.493;266.0;Felipe FRAGA;;LMGTE Am;;Team Project 1;Porsche;
57;2;6;1:45.661;0;B;24.698;0;33.006;0;47.957;0;155.5;13:39.922;09:33:39.922;0:24.698;0:33.006;0:47.957;266.7;Felipe FRAGA;;LMGTE Am;;Team Project 1;Porsche;
57;2;7;2:40.064;0;;1:18.128;0;32.622;0;49.314;0;102.6;16:19.986;09:36:19.986;1:18.128;0:32.622;0:49.314;125.6;Felipe FRAGA;0:00:57.422;LMGTE Am;;Team Project 1;Porsche;
57;2;8;1:38.150;0;;24.458;0;31.015;0;42.677;2;167.4;17:58.136;09:37:58.136;0:24.458;0:31.015;0:42.677;267.3;Felipe FRAGA;;LMGTE Am;;Team Project 1;Porsche;
57;2;9;1:38.476;0;;24.476;0;31.136;0;42.864;0;166.8;19:36.612;09:39:36.612;0:24.476;0:31.136;0:42.864;267.3;Felipe FRAGA;;LMGTE Am;;Team Project 1;Porsche;
57;2;10;1:38.096;2;;24.414;2;30.903;2;42.779;0;167.5;21:14.708;09:41:14.708;0:24.414;0:30.903;0:42.779;267.3;Felipe FRAGA;;LMGTE Am;;Team Project 1;Porsche;
57;2;11;1:50.296;0;B;25.437;0;32.785;0;52.074;0;148.9;23:05.004;09:43:05.004;0:25.437;0:32.785;0:52.074;268.0;Felipe FRAGA;;LMGTE Am;;Team Project 1;Porsche;
57;1;12;3:41.771;0;;2:22.240;0;33.722;0;45.809;0;74.1;26:46.775;09:46:46.775;2:22.240;0:33.722;0:45.809;137.2;Ben KEATING;0:02:01.021;LMGTE Am;;Team Project 1;Porsche;
57;1;13;1:43.207;0;;25.216;0;32.594;0;45.397;0;159.2;28:29.982;09:48:29.982;0:25.216;0:32.594;0:45.397;260.9;Ben KEATING;;LMGTE Am;;Team Project 1;Porsche;
57;1;14;1:46.386;0;;25.093;0;33.924;0;47.369;0;154.4;30:16.368;09:50:16.368;0:25.093;0:33.924;0:47.369;265.4;Ben KEATING;;LMGTE Am;;Team Project 1;Porsche;
57;1;15;1:41.710;0;;25.109;0;32.376;0;44.225;0;161.5;31:58.078;09:51:58.078;0:25.109;0:32.376;0:44.225;268.0;Ben KEATING;;LMGTE Am;;Team Project 1;Porsche;
57;1;16;1:41.573;0;;25.032;0;32.183;0;44.358;0;161.7;33:39.651;09:53:39.651;0:25.032;0:32.183;0:44.358;266.0;Ben KEATING;;LMGTE Am;;Team Project 1;Porsche;
57;1;17;1:46.227;0;B;24.957;0;31.702;0;49.568;0;154.6;35:25.878;09:55:25.878;0:24.957;0:31.702;0:49.568;267.3;Ben KEATING;;LMGTE Am;;Team Project 1;Porsche;
57;1;18;2:37.739;0;;1:19.650;0;33.643;0;44.446;0;104.1;38:03.617;09:58:03.617;1:19.650;0:33.643;0:44.446;138.3;Ben KEATING;0:00:59.250;LMGTE Am;;Team Project 1;Porsche;
57;1;19;1:40.163;0;;24.677;0;31.728;0;43.758;0;164.0;39:43.780;09:59:43.780;0:24.677;0:31.728;0:43.758;264.1;Ben KEATING;;LMGTE Am;;Team Project 1;Porsche;
57;1;20;1:40.550;0;;24.602;1;31.347;1;44.601;0;163.4;41:24.330;10:01:24.330;0:24.602;0:31.347;0:44.601;266.0;Ben KEATING;;LMGTE Am;;Team Project 1;Porsche;
57;1;21;1:40.136;0;;24.627;0;31.870;0;43.639;1;164.0;43:04.466;10:03:04.466;0:24.627;0:31.870;0:43.639;266.7;Ben KEATING;;LMGTE Am;;Team Project 1;Porsche;
57;1;22;1:45.706;0;B;25.218;0;31.876;0;48.612;0;155.4;44:50.172;10:04:50.172;0:25.218;0:31.876;0:48.612;266.7;Ben KEATING;;LMGTE Am;;Team Project 1;Porsche;
57;3;23;3:10.173;0;;1:53.833;0;32.206;0;44.134;0;86.4;48:00.345;10:08:00.345;1:53.833;0:32.206;0:44.134;135.7;Jeroen BLEEKEMOLEN;0:01:32.527;LMGTE Am;;Team Project 1;Porsche;
57;3;24;1:39.771;0;;24.927;0;31.444;0;43.400;0;164.6;49:40.116;10:09:40.116;0:24.927;0:31.444;0:43.400;265.4;Jeroen BLEEKEMOLEN;;LMGTE Am;;Team Project 1;Porsche;
57;3;25;1:39.789;0;;24.852;0;31.658;0;43.279;0;164.6;51:19.905;10:11:19.905;0:24.852;0:31.658;0:43.279;267.3;Jeroen BLEEKEMOLEN;;LMGTE Am;;Team Project 1;Porsche;
57;3;26;1:39.382;0;;24.759;0;31.424;0;43.199;0;165.3;52:59.287;10:12:59.287;0:24.759;0:31.424;0:43.199;266.7;Jeroen BLEEKEMOLEN;;LMGTE Am;;Team Project 1;Porsche;
57;3;27;1:39.558;0;;24.717;0;31.181;1;43.660;0;165.0;54:38.845;10:14:38.845;0:24.717;0:31.181;0:43.660;266.0;Jeroen BLEEKEMOLEN;;LMGTE Am;;Team Project 1;Porsche;
57;3;28;1:39.421;0;;24.787;0;31.408;0;43.226;0;165.2;56:18.266;10:16:18.266;0:24.787;0:31.408;0:43.226;266.7;Jeroen BLEEKEMOLEN;;LMGTE Am;;Team Project 1;Porsche;
57;3;29;1:39.437;0;;24.758;0;31.360;0;43.319;0;165.2;57:57.703;10:17:57.703;0:24.758;0:31.360;0:43.319;268.0;Jeroen BLEEKEMOLEN;;LMGTE Am;;Team Project 1;Porsche;
57;3;30;1:42.252;0;;24.623;1;31.402;0;46.227;0;160.7;59:39.955;10:19:39.955;0:24.623;0:31.402;0:46.227;268.7;Jeroen BLEEKEMOLEN;;LMGTE Am;;Team Project 1;Porsche;
57;3;31;1:39.360;0;;24.685;0;31.516;0;43.159;1;165.3;1:01:19.315;10:21:19.315;0:24.685;0:31.516;0:43.159;267.3;Jeroen BLEEKEMOLEN;;LMGTE Am;;Team Project 1;Porsche;
6;2;1;2:25.859;0;;1:15.448;0;29.953;0;40.458;0;105.0;2:25.859;09:22:25.859;1:15.448;0:29.953;0:40.458;163.4;Michael SIMPSON;0:00:55.062;LMP1;;Team LNT;Ginetta;
6;2;2;1:29.531;0;;21.938;0;28.072;0;39.521;0;183.5;3:55.390;09:23:55.390;0:21.938;0:28.072;0:39.521;291.9;Michael SIMPSON;;LMP1;;Team LNT;Ginetta;
6;2;3;1:38.907;0;B;22.392;0;28.500;0;48.015;0;166.1;5:34.297;09:25:34.297;0:22.392;0:28.500;0:48.015;302.5;Michael SIMPSON;;LMP1;;Team LNT;Ginetta;
6;2;4;7:00.839;0;;5:54.089;0;27.636;0;39.114;0;39.0;12:35.136;09:32:35.136;5:54.089;0:27.636;0:39.114;157.2;Michael SIMPSON;0:05:35.007;LMP1;;Team LNT;Ginetta;
6;2;5;1:27.039;2;;21.554;0;27.056;0;38.429;2;188.7;14:02.175;09:34:02.175;0:21.554;0:27.056;0:38.429;312.1;Michael SIMPSON;;LMP1;;Team LNT;Ginetta;
6;2;6;1:28.489;0;;22.050;0;27.455;0;38.984;0;185.6;15:30.664;09:35:30.664;0:22.050;0:27.455;0:38.984;276.2;Michael SIMPSON;;LMP1;;Team LNT;Ginetta;
6;2;7;1:27.134;0;;21.451;1;26.964;2;38.719;0;188.5;16:57.798;09:36:57.798;0:21.451;0:26.964;0:38.719;313.0;Michael SIMPSON;;LMP1;;Team LNT;Ginetta;
6;2;8;1:37.746;0;B;22.348;0;29.129;0;46.269;0;168.1;18:35.544;09:38:35.544;0:22.348;0:29.129;0:46.269;262.8;Michael SIMPSON;;LMP1;;Team LNT;Ginetta;
6;3;9;3:20.001;0;;2:11.565;0;28.330;0;40.106;0;82.1;21:55.545;09:41:55.545;2:11.565;0:28.330;0:40.106;163.6;Guy SMITH;0:01:53.362;LMP1;;Team LNT;Ginetta;
6;3;10;1:29.501;0;;22.034;0;27.942;0;39.525;0;183.5;23:25.046;09:43:25.046;0:22.034;0:27.942;0:39.525;312.1;Guy SMITH;;LMP1;;Team LNT;Ginetta;
6;3;11;1:30.767;0;;21.893;0;29.075;0;39.799;0;181.0;24:55.813;09:44:55.813;0:21.893;0:29.075;0:39.799;312.1;Guy SMITH;;LMP1;;Team LNT;Ginetta;
6;3;12;1:31.541;0;;21.847;0;29.676;0;40.018;0;179.4;26:27.354;09:46:27.354;0:21.847;0:29.676;0:40.018;311.2;Guy SMITH;;LMP1;;Team LNT;Ginetta;
6;3;13;1:29.361;0;;21.950;0;27.856;0;39.555;0;183.8;27:56.715;09:47:56.715;0:21.950;0:27.856;0:39.555;312.1;Guy SMITH;;LMP1;;Team LNT;Ginetta;
6;3;14;1:31.671;0;;21.929;0;28.307;0;41.435;0;179.2;29:28.386;09:49:28.386;0:21.929;0:28.307;0:41.435;312.1;Guy SMITH;;LMP1;;Team LNT;Ginetta;
6;3;15;1:42.988;0;B;22.820;0;29.964;0;50.204;0;159.5;31:11.374;09:51:11.374;0:22.820;0:29.964;0:50.204;259.6;Guy SMITH;;LMP1;;Team LNT;Ginetta;
6;3;16;8:48.145;0;;7:38.436;0;29.237;0;40.472;0;31.1;39:59.519;09:59:59.519;7:38.436;0:29.237;0:40.472;158.4;Guy SMITH;0:07:16.417;LMP1;;Team LNT;Ginetta;
6;3;17;1:31.776;0;;22.565;0;28.760;0;40.451;0;179.0;41:31.295;10:01:31.295;0:22.565;0:28.760;0:40.451;272.0;Guy SMITH;;LMP1;;Team LNT;Ginetta;
6;3;18;1:31.213;0;;22.137;0;27.898;0;41.178;0;180.1;43:02.508;10:03:02.508;0:22.137;0:27.898;0:41.178;279.8;Guy SMITH;;LMP1;;Team LNT;Ginetta;
6;3;19;1:30.153;0;;22.350;0;28.312;0;39.491;1;182.2;44:32.661;10:04:32.661;0:22.350;0:28.312;0:39.491;307.7;Guy SMITH;;LMP1;;Team LNT;Ginetta;
6;3;20;1:29.173;0;;21.530;1;27.647;0;39.996;0;184.2;46:01.834;10:06:01.834;0:21.530;0:27.647;0:39.996;312.1;Guy SMITH;;LMP1;;Team LNT;Ginetta;
6;3;21;1:29.606;0;;21.572;0;27.981;0;40.053;0;183.3;47:31.440;10:07:31.440;0:21.572;0:27.981;0:40.053;315.8;Guy SMITH;;LMP1;;Team LNT;Ginetta;
6;3;22;1:29.510;0;;21.555;0;27.676;0;40.279;0;183.5;49:00.950;10:09:00.950;0:21.555;0:27.676;0:40.279;315.8;Guy SMITH;;LMP1;;Team LNT;Ginetta;
6;3;23;1:28.769;0;;21.578;0;27.580;1;39.611;0;185.1;50:29.719;10:10:29.719;0:21.578;0:27.580;0:39.611;317.6;Guy SMITH;;LMP1;;Team LNT;Ginetta;
6;3;24;1:45.326;0;B;21.743;0;30.028;0;53.555;0;156.0;52:15.045;10:12:15.045;0:21.743;0:30.028;0:53.555;317.6;Guy SMITH;;LMP1;;Team LNT;Ginetta;
6;1;25;3:23.031;0;;2:14.359;0;28.545;0;40.127;0;80.9;55:38.076;10:15:38.076;2:14.359;0:28.545;0:40.127;170.3;Charlie ROBERTSON;0:01:56.073;LMP1;;Team LNT;Ginetta;
6;1;26;1:28.764;0;;21.712;0;27.950;0;39.102;1;185.1;57:06.840;10:17:06.840;0:21.712;0:27.950;0:39.102;310.3;Charlie ROBERTSON;;LMP1;;Team LNT;Ginetta;
6;1;27;1:27.778;0;;21.437;2;27.156;1;39.185;0;187.1;58:34.618;10:18:34.618;0:21.437;0:27.156;0:39.185;317.6;Charlie ROBERTSON;;LMP1;;Team LNT;Ginetta;
6;1;28;1:43.140;0;B;21.531;0;28.785;0;52.824;0;159.3;1:00:17.758;10:20:17.758;0:21.531;0:28.785;0:52.824;320.5;Charlie ROBERTSON;;LMP1;;Team LNT;Ginetta;
62;2;1;2:03.104;0;;46.525;0;32.384;0;44.195;0;124.5;2:03.104;09:22:03.104;0:46.525;0:32.384;0:44.195;140.3;Johnny MOWLEM;0:00:24.098;LMGTE Am;;Red River Sport;Ferrari;
62;2;2;1:41.152;0;;25.225;0;32.084;0;43.843;0;162.4;3:44.256;09:23:44.256;0:25.225;0:32.084;0:43.843;261.5;Johnny MOWLEM;;LMGTE Am;;Red River Sport;Ferrari;
62;2;3;1:40.919;0;;24.933;0;32.081;0;43.905;0;162.8;5:25.175;09:25:25.175;0:24.933;0:32.081;0:43.905;263.4;Johnny MOWLEM;;LMGTE Am;;Red River Sport;Ferrari;
62;2;4;1:40.959;0;;25.135;0;31.775;0;44.049;0;162.7;7:06.134;09:27:06.134;0:25.135;0:31.775;0:44.049;264.1;Johnny MOWLEM;;LMGTE Am;;Red River Sport;Ferrari;
62;2;5;1:40.611;0;;24.927;0;32.065;0;43.619;0;163.3;8:46.745;09:28:46.745;0:24.927;0:32.065;0:43.619;264.1;Johnny MOWLEM;;LMGTE Am;;Red River Sport;Ferrari;
62;2;6;1:49.691;0;B;25.086;0;31.717;0;52.888;0;149.8;10:36.436;09:30:36.436;0:25.086;0:31.717;0:52.888;264.7;Johnny MOWLEM;;LMGTE Am;;Red River Sport;Ferrari;
62;2;7;3:40.658;0;;2:25.264;0;32.175;0;43.219;0;74.4;14:17.094;09:34:17.094;2:25.264;0:32.175;0:43.219;141.5;Johnny MOWLEM;0:02:05.301;LMGTE Am;;Red River Sport;Ferrari;
62;2;8;1:38.951;2;;24.697;0;31.280;2;42.974;2;166.0;15:56.045;09:35:56.045;0:24.697;0:31.280;0:42.974;265.4;Johnny MOWLEM;;LMGTE Am;;Red River Sport;Ferrari;
62;2;9;1:39.099;0;;24.671;0;31.400;0;43.028;0;165.8;17:35.144;09:37:35.144;0:24.671;0:31.400;0:43.028;266.7;Johnny MOWLEM;;LMGTE Am;;Red River Sport;Ferrari;
62;2;10;1:45.703;0;B;24.630;2;31.409;0;49.664;0;155.4;19:20.847;09:39:20.847;0:24.630;0:31.409;0:49.664;266.7;Johnny MOWLEM;;LMGTE Am;;Red River Sport;Ferrari;
62;1;11;3:29.444;0;;2:12.852;0;32.139;0;44.453;0;78.4;22:50.291;09:42:50.291;2:12.852;0:32.139;0:44.453;138.6;Bonamy GRIMES;0:01:51.258;LMGTE Am;;Red River Sport;Ferrari;
62;1;12;1:52.133;0;;25.310;0;42.427;0;44.396;0;146.5;24:42.424;09:44:42.424;0:25.310;0:42.427;0:44.396;264.7;Bonamy GRIMES;;LMGTE Am;;Red River Sport;Ferrari;
62;1;13;1:41.095;0;;24.971;0;31.887;0;44.237;0;162.5;26:23.519;09:46:23.519;0:24.971;0:31.887;0:44.237;263.4;Bonamy GRIMES;;LMGTE Am;;Red River Sport;Ferrari;
62;1;14;1:41.214;0;;25.003;0;31.605;0;44.606;0;162.3;28:04.733;09:48:04.733;0:25.003;0:31.605;0:44.606;263.4;Bonamy GRIMES;;LMGTE Am;;Red River Sport;Ferrari;
62;1;15;1:40.607;0;;24.934;0;31.613;0;44.060;0;163.3;29:45.340;09:49:45.340;0:24.934;0:31.613;0:44.060;265.4;Bonamy GRIMES;;LMGTE Am;;Red River Sport;Ferrari;
62;1;16;1:53.735;0;B;25.116;0;31.655;0;56.964;0;144.4;31:39.075;09:51:39.075;0:25.116;0:31.655;0:56.964;265.4;Bonamy GRIMES;;LMGTE Am;;Red River Sport;Ferrari;
62;1;17;3:51.859;0;;2:36.010;0;31.901;0;43.948;0;70.8;35:30.934;09:55:30.934;2:36.010;0:31.901;0:43.948;135.7;Bonamy GRIMES;0:02:15.538;LMGTE Am;;Red River Sport;Ferrari;
62;1;18;1:40.020;0;;24.873;0;31.580;0;43.567;1;164.2;37:10.954;09:57:10.954;0:24.873;0:31.580;0:43.567;265.4;Bonamy GRIMES;;LMGTE Am;;Red River Sport;Ferrari;
62;1;19;1:40.114;0;;24.834;1;31.471;1;43.809;0;164.1;38:51.068;09:58:51.068;0:24.834;0:31.471;0:43.809;266.0;Bonamy GRIMES;;LMGTE Am;;Red River Sport;Ferrari;
62;1;20;1:40.928;0;;25.022;0;31.889;0;44.017;0;162.8;40:31.996;10:00:31.996;0:25.022;0:31.889;0:44.017;265.4;Bonamy GRIMES;;LMGTE Am;;Red River Sport;Ferrari;
62;1;21;1:48.591;0;B;24.954;0;32.244;0;51.393;0;151.3;42:20.587;10:02:20.587;0:24.954;0:32.244;0:51.393;266.0;Bonamy GRIMES;;LMGTE Am;;Red River Sport;Ferrari;
62;3;22;3:17.982;0;;2:01.598;0;32.170;0;44.214;0;83.0;45:38.569;10:05:38.569;2:01.598;0:32.170;0:44.214;143.8;Charlie HOLLINGS;0:01:41.658;LMGTE Am;;Red River Sport;Ferrari;
62;3;23;1:46.966;0;B;25.190;0;31.902;0;49.874;0;153.6;47:25.535;10:07:25.535;0:25.190;0:31.902;0:49.874;254.1;Charlie HOLLINGS;;LMGTE Am;;Red River Sport;Ferrari;
62;3;24;2:27.007;0;;1:10.682;0;31.749;0;44.576;0;111.7;49:52.542;10:09:52.542;1:10.682;0:31.749;0:44.576;140.6;Charlie HOLLINGS;0:00:50.714;LMGTE Am;;Red River Sport;Ferrari;
62;3;25;1:40.218;0;;24.911;0;31.729;0;43.578;0;163.9;51:32.760;10:11:32.760;0:24.911;0:31.729;0:43.578;263.4;Charlie HOLLINGS;;LMGTE Am;;Red River Sport;Ferrari;
62;3;26;1:40.530;0;;24.977;0;31.849;0;43.704;0;163.4;53:13.290;10:13:13.290;0:24.977;0:31.849;0:43.704;263.4;Charlie HOLLINGS;;LMGTE Am;;Red River Sport;Ferrari;
62;3;27;1:40.465;0;;24.971;0;31.689;0;43.805;0;163.5;54:53.755;10:14:53.755;0:24.971;0:31.689;0:43.805;260.9;Charlie HOLLINGS;;LMGTE Am;;Red River Sport;Ferrari;
62;3;28;1:48.752;0;B;24.848;1;31.658;1;52.246;0;151.0;56:42.507;10:16:42.507;0:24.848;0:31.658;0:52.246;264.1;Charlie HOLLINGS;;LMGTE Am;;Red River Sport;Ferrari;
62;3;29;3:14.879;0;;1:57.634;0;31.716;0;45.529;0;84.3;59:57.386;10:19:57.386;1:57.634;0:31.716;0:45.529;141.5;Charlie HOLLINGS;0:01:35.787;LMGTE Am;;Red River Sport;Ferrari;
62;3;30;1:40.315;0;;24.995;0;31.828;0;43.492;1;163.8;1:01:37.701;10:21:37.701;0:24.995;0:31.828;0:43.492;264.7;Charlie HOLLINGS;;LMGTE Am;;Red River Sport;Ferrari;
7;3;1;1:34.515;0;;26.559;0;28.107;0;39.849;0;162.1;1:34.515;09:21:34.515;0:26.559;0:28.107;0:39.849;121.3;Jose Maria LOPEZ;0:00:04.333;LMP1;H;Toyota Gazoo Racing;Toyota;
7;3;2;1:26.125;0;;21.203;3;26.695;1;38.227;1;190.7;3:00.640;09:23:00.640;0:21.203;0:26.695;0:38.227;276.2;Jose Maria LOPEZ;;LMP1;H;Toyota Gazoo Racing;Toyota;
7;3;3;1:35.678;0;;23.711;0;28.806;0;43.161;0;171.7;4:36.318;09:24:36.318;0:23.711;0:28.806;0:43.161;241.6;Jose Maria LOPEZ;;LMP1;H;Toyota Gazoo Racing;Toyota;
7;3;4;1:43.927;0;B;23.066;0;30.888;0;49.973;0;158.1;6:20.245;09:26:20.245;0:23.066;0:30.888;0:49.973;279.8;Jose Maria LOPEZ;;LMP1;H;Toyota Gazoo Racing;Toyota;
7;2;5;3:17.566;0;;2:04.918;0;30.220;0;42.428;0;83.1;9:37.811;09:29:37.811;2:04.918;0:30.220;0:42.428;147.7;Kamui KOBAYASHI;0:01:45.222;LMP1;H;Toyota Gazoo Racing;Toyota;
7;2;6;1:25.827;2;;21.330;0;26.661;0;37.836;2;191.4;11:03.638;09:31:03.638;0:21.330;0:26.661;0:37.836;272.7;Kamui KOBAYASHI;;LMP1;H;Toyota Gazoo Racing;Toyota;
7;2;7;1:57.549;0;;25.189;0;41.321;0;51.039;0;139.7;13:01.187;09:33:01.187;0:25.189;0:41.321;0:51.039;225.0;Kamui KOBAYASHI;;LMP1;H;Toyota Gazoo Racing;Toyota;
7;2;8;1:26.195;0;;21.247;1;26.514;2;38.434;0;190.6;14:27.382;09:34:27.382;0:21.247;0:26.514;0:38.434;278.4;Kamui KOBAYASHI;;LMP1;H;Toyota Gazoo Racing;Toyota;
7;2;9;1:38.960;0;B;23.799;0;29.094;0;46.067;0;166.0;16:06.342;09:36:06.342;0:23.799;0:29.094;0:46.067;261.5;Kamui KOBAYASHI;;LMP1;H;Toyota Gazoo Racing;Toyota;
7;2;10;3:03.798;0;;1:56.051;0;28.472;0;39.275;0;89.4;19:10.140;09:39:10.140;1:56.051;0:28.472;0:39.275;118.6;Kamui KOBAYASHI;0:01:34.372;LMP1;H;Toyota Gazoo Racing;Toyota;
7;2;11;1:28.968;0;;22.544;0;28.100;0;38.324;0;184.6;20:39.108;09:40:39.108;0:22.544;0:28.100;0:38.324;261.5;Kamui KOBAYASHI;;LMP1;H;Toyota Gazoo Racing;Toyota;
7;2;12;1:27.803;0;;22.130;0;27.049;0;38.624;0;187.1;22:06.911;09:42:06.911;0:22.130;0:27.049;0:38.624;260.2;Kamui KOBAYASHI;;LMP1;H;Toyota Gazoo Racing;Toyota;
7;2;13;1:28.403;0;;22.271;0;27.566;0;38.566;0;185.8;23:35.314;09:43:35.314;0:22.271;0:27.566;0:38.566;258.4;Kamui KOBAYASHI;;LMP1;H;Toyota Gazoo Racing;Toyota;
7;2;14;1:27.235;0;;22.303;0;26.712;0;38.220;0;188.3;25:02.549;09:45:02.549;0:22.303;0:26.712;0:38.220;249.4;Kamui KOBAYASHI;;LMP1;H;Toyota Gazoo Racing;Toyota;
7;2;15;1:28.075;0;;22.445;0;27.468;0;38.162;0;186.5;26:30.624;09:46:30.624;0:22.445;0:27.468;0:38.162;262.1;Kamui KOBAYASHI;;LMP1;H;Toyota Gazoo Racing;Toyota;
7;2;16;1:28.079;0;;22.340;0;27.081;0;38.658;0;186.5;27:58.703;09:47:58.703;0:22.340;0:27.081;0:38.658;260.9;Kamui KOBAYASHI;;LMP1;H;Toyota Gazoo Racing;Toyota;
7;2;17;1:28.023;0;;22.287;0;27.046;0;38.690;0;186.6;29:26.726;09:49:26.726;0:22.287;0:27.046;0:38.690;252.3;Kamui KOBAYASHI;;LMP1;H;Toyota Gazoo Racing;Toyota;
7;2;18;1:31.821;0;B;21.956;0;27.173;0;42.692;0;178.9;30:58.547;09:50:58.547;0:21.956;0:27.173;0:42.692;270.7;Kamui KOBAYASHI;;LMP1;H;Toyota Gazoo Racing;Toyota;
7;3;19;5:24.803;0;;4:18.286;0;27.983;0;38.534;0;50.6;36:23.350;09:56:23.350;4:18.286;0:27.983;0:38.534;156.7;Jose Maria LOPEZ;0:04:00.524;LMP1;H;Toyota Gazoo Racing;Toyota;
7;3;20;1:29.059;0;;22.690;0;27.833;0;38.536;0;184.4;37:52.409;09:57:52.409;0:22.690;0:27.833;0:38.536;257.8;Jose Maria LOPEZ;;LMP1;H;Toyota Gazoo Racing;Toyota;
7;3;21;1:28.339;0;;22.564;0;27.326;0;38.449;0;186.0;39:20.748;09:59:20.748;0:22.564;0:27.326;0:38.449;261.5;Jose Maria LOPEZ;;LMP1;H;Toyota Gazoo Racing;Toyota;
7;3;22;1:28.894;0;;22.484;0;27.681;0;38.729;0;184.8;40:49.642;10:00:49.642;0:22.484;0:27.681;0:38.729;249.4;Jose Maria LOPEZ;;LMP1;H;Toyota Gazoo Racing;Toyota;
7;3;23;1:28.511;0;;22.438;0;27.057;0;39.016;0;185.6;42:18.153;10:02:18.153;0:22.438;0:27.057;0:39.016;262.1;Jose Maria LOPEZ;;LMP1;H;Toyota Gazoo Racing;Toyota;
7;3;24;1:27.955;0;;22.285;0;27.218;0;38.452;0;186.8;43:46.108;10:03:46.108;0:22.285;0:27.218;0:38.452;260.2;Jose Maria LOPEZ;;LMP1;H;Toyota Gazoo Racing;Toyota;
7;3;25;1:27.774;0;;22.392;0;26.952;0;38.430;0;187.1;45:13.882;10:05:13.882;0:22.392;0:26.952;0:38.430;260.2;Jose Maria LOPEZ;;LMP1;H;Toyota Gazoo Racing;Toyota;
7;3;26;1:28.605;0;;22.301;0;27.691;0;38.613;0;185.4;46:42.487;10:06:42.487;0:22.301;0:27.691;0:38.613;261.5;Jose Maria LOPEZ;;LMP1;H;Toyota Gazoo Racing;Toyota;
7;3;27;1:34.421;0;B;22.458;0;28.003;0;43.960;0;174.0;48:16.908;10:08:16.908;0:22.458;0:28.003;0:43.960;265.4;Jose Maria LOPEZ;;LMP1;H;Toyota Gazoo Racing;Toyota;
7;1;28;3:20.404;0;;2:13.859;0;27.331;0;39.214;0;82.0;51:37.312;10:11:37.312;2:13.859;0:27.331;0:39.214;158.1;Mike CONWAY;0:01:56.416;LMP1;H;Toyota Gazoo Racing;Toyota;
7;1;29;1:28.526;0;;22.420;0;27.836;0;38.270;0;185.6;53:05.838;10:13:05.838;0:22.420;0:27.836;0:38.270;260.9;Mike CONWAY;;LMP1;H;Toyota Gazoo Racing;Toyota;
7;1;30;1:28.809;0;;22.465;0;27.439;0;38.905;0;185.0;54:34.647;10:14:34.647;0:22.465;0:27.439;0:38.905;259.6;Mike CONWAY;;LMP1;H;Toyota Gazoo Racing;Toyota;
7;1;31;1:29.616;0;;22.310;0;27.964;0;39.342;0;183.3;56:04.263;10:16:04.263;0:22.310;0:27.964;0:39.342;261.5;Mike CONWAY;;LMP1;H;Toyota Gazoo Racing;Toyota;
7;1;32;1:28.739;0;;22.440;0;27.381;0;38.918;0;185.1;57:33.002;10:17:33.002;0:22.440;0:27.381;0:38.918;260.9;Mike CONWAY;;LMP1;H;Toyota Gazoo Racing;Toyota;
7;1;33;1:27.843;0;;22.334;0;26.968;1;38.541;0;187.0;59:00.845;10:19:00.845;0:22.334;0:26.968;0:38.541;260.9;Mike CONWAY;;LMP1;H;Toyota Gazoo Racing;Toyota;
7;1;34;1:27.489;0;;22.225;1;27.055;0;38.209;1;187.8;1:00:28.334;10:20:28.334;0:22.225;0:27.055;0:38.209;260.9;Mike CONWAY;;LMP1;H;Toyota Gazoo Racing;Toyota;
70;1;1;2:54.907;0;;1:36.542;0;33.854;0;44.511;0;87.6;2:54.907;09:22:54.907;1:36.542;0:33.854;0:44.511;134.0;Motoaki ISHIKAWA;0:01:12.825;LMGTE Am;;MR Racing;Ferrari;
70;1;2;1:44.632;0;;25.445;0;32.840;0;46.347;0;157.0;4:39.539;09:24:39.539;0:25.445;0:32.840;0:46.347;260.2;Motoaki ISHIKAWA;;LMGTE Am;;MR Racing;Ferrari;
70;1;3;1:41.236;0;;25.063;0;32.048;0;44.125;0;162.3;6:20.775;09:26:20.775;0:25.063;0:32.048;0:44.125;263.4;Motoaki ISHIKAWA;;LMGTE Am;;MR Racing;Ferrari;
70;1;4;1:41.315;0;;25.143;0;31.965;1;44.207;0;162.1;8:02.090;09:28:02.090;0:25.143;0:31.965;0:44.207;262.1;Motoaki ISHIKAWA;;LMGTE Am;;MR Racing;Ferrari;
70;1;5;1:41.738;0;;25.275;0;32.068;0;44.395;0;161.5;9:43.828;09:29:43.828;0:25.275;0:32.068;0:44.395;263.4;Motoaki ISHIKAWA;;LMGTE Am;;MR Racing;Ferrari;
70;1;6;1:41.461;0;;25.346;0;32.425;0;43.690;1;161.9;11:25.289;09:31:25.289;0:25.346;0:32.425;0:43.690;260.2;Motoaki ISHIKAWA;;LMGTE Am;;MR Racing;Ferrari;
70;1;7;1:41.479;0;;24.880;1;32.220;0;44.379;0;161.9;13:06.768;09:33:06.768;0:24.880;0:32.220;0:44.379;264.7;Motoaki ISHIKAWA;;LMGTE Am;;MR Racing;Ferrari;
70;1;8;1:50.199;0;B;25.051;0;32.610;0;52.538;0;149.1;14:56.967;09:34:56.967;0:25.051;0:32.610;0:52.538;266.7;Motoaki ISHIKAWA;;LMGTE Am;;MR Racing;Ferrari;
70;2;9;2:55.721;0;;1:40.523;0;32.103;0;43.095;0;93.5;17:52.688;09:37:52.688;1:40.523;0:32.103;0:43.095;140.6;Olivier BERETTA;0:01:19.487;LMGTE Am;;MR Racing;Ferrari;
70;2;10;1:39.157;0;;24.663;1;31.206;0;43.288;0;165.7;19:31.845;09:39:31.845;0:24.663;0:31.206;0:43.288;261.5;Olivier BERETTA;;LMGTE Am;;MR Racing;Ferrari;
70;2;11;1:38.908;0;;24.699;0;31.244;0;42.965;1;166.1;21:10.753;09:41:10.753;0:24.699;0:31.244;0:42.965;264.1;Olivier BERETTA;;LMGTE Am;;MR Racing;Ferrari;
70;2;12;1:39.988;0;;24.666;0;31.157;1;44.165;0;164.3;22:50.741;09:42:50.741;0:24.666;0:31.157;0:44.165;264.1;Olivier BERETTA;;LMGTE Am;;MR Racing;Ferrari;
70;2;13;1:55.757;0;B;26.196;0;36.662;0;52.899;0;141.9;24:46.498;09:44:46.498;0:26.196;0:36.662;0:52.899;266.7;Olivier BERETTA;;LMGTE Am;;MR Racing;Ferrari;
70;3;14;3:26.011;0;;2:11.354;0;31.318;0;43.339;0;79.7;28:12.509;09:48:12.509;2:11.354;0:31.318;0:43.339;136.9;Kei COZZOLINO;0:01:51.596;LMGTE Am;;MR Racing;Ferrari;
70;3;15;1:38.516;2;;24.701;0;30.921;0;42.894;2;166.7;29:51.025;09:49:51.025;0:24.701;0:30.921;0:42.894;263.4;Kei COZZOLINO;;LMGTE Am;;MR Racing;Ferrari;
70;3;16;1:42.650;0;;24.660;0;30.869;2;47.121;0;160.0;31:33.675;09:51:33.675;0:24.660;0:30.869;0:47.121;264.1;Kei COZZOLINO;;LMGTE Am;;MR Racing;Ferrari;
70;3;17;1:44.040;0;B;24.607;0;31.425;0;48.008;0;157.9;33:17.715;09:53:17.715;0:24.607;0:31.425;0:48.008;266.0;Kei COZZOLINO;;LMGTE Am;;MR Racing;Ferrari;
70;3;18;3:23.604;0;;2:07.693;0;32.104;0;43.807;0;80.7;36:41.319;09:56:41.319;2:07.693;0:32.104;0:43.807;137.9;Kei COZZOLINO;0:01:46.225;LMGTE Am;;MR Racing;Ferrari;
70;3;19;1:39.012;0;;24.490;2;31.306;0;43.216;0;165.9;38:20.331;09:58:20.331;0:24.490;0:31.306;0:43.216;263.4;Kei COZZOLINO;;LMGTE Am;;MR Racing;Ferrari;
70;3;20;1:39.189;0;;24.620;0;31.313;0;43.256;0;165.6;39:59.520;09:59:59.520;0:24.620;0:31.313;0:43.256;264.1;Kei COZZOLINO;;LMGTE Am;;MR Racing;Ferrari;
70;3;21;1:44.949;0;B;24.623;0;31.190;0;49.136;0;156.5;41:44.469;10:01:44.469;0:24.623;0:31.190;0:49.136;266.7;Kei COZZOLINO;;LMGTE Am;;MR Racing;Ferrari;
70;3;22;3:16.613;0;;2:02.315;0;31.124;0;43.174;0;83.5;45:01.082;10:05:01.082;2:02.315;0:31.124;0:43.174;137.9;Kei COZZOLINO;0:01:42.550;LMGTE Am;;MR Racing;Ferrari;
70;3;23;1:38.629;0;;24.625;0;31.076;0;42.928;0;166.6;46:39.711;10:06:39.711;0:24.625;0:31.076;0:42.928;266.0;Kei COZZOLINO;;LMGTE Am;;MR Racing;Ferrari;
70;3;24;1:39.371;0;;24.776;0;31.256;0;43.339;0;165.3;48:19.082;10:08:19.082;0:24.776;0:31.256;0:43.339;265.4;Kei COZZOLINO;;LMGTE Am;;MR Racing;Ferrari;
70;3;25;1:44.422;0;B;24.658;0;31.780;0;47.984;0;157.3;50:03.504;10:10:03.504;0:24.658;0:31.780;0:47.984;266.0;Kei COZZOLINO;;LMGTE Am;;MR Racing;Ferrari;
70;2;26;3:03.402;0;;1:47.836;0;31.936;0;43.630;0;89.6;53:06.906;10:13:06.906;1:47.836;0:31.936;0:43.630;140.6;Olivier BERETTA;0:01:28.105;LMGTE Am;;MR Racing;Ferrari;
70;2;27;1:40.376;0;;24.877;0;31.805;0;43.694;0;163.7;54:47.282;10:14:47.282;0:24.877;0:31.805;0:43.694;262.1;Olivier BERETTA;;LMGTE Am;;MR Racing;Ferrari;
70;2;28;1:39.742;0;;24.872;0;31.386;0;43.484;0;164.7;56:27.024;10:16:27.024;0:24.872;0:31.386;0:43.484;262.8;Olivier BERETTA;;LMGTE Am;;MR Racing;Ferrari;
70;2;29;1:40.391;0;;24.826;0;31.614;0;43.951;0;163.6;58:07.415;10:18:07.415;0:24.826;0:31.614;0:43.951;263.4;Olivier BERETTA;;LMGTE Am;;MR Racing;Ferrari;
70;2;30;1:43.983;0;;25.024;0;32.700;0;46.259;0;158.0;59:51.398;10:19:51.398;0:25.024;0:32.700;0:46.259;264.1;Olivier BERETTA;;LMGTE Am;;MR Racing;Ferrari;
70;2;31;1:47.569;0;B;24.988;0;31.721;0;50.860;0;152.7;1:01:38.967;10:21:38.967;0:24.988;0:31.721;0:50.860;264.1;Olivier BERETTA;;LMGTE Am;;MR Racing;Ferrari;
71;2;1;4:44.476;0;;3:28.369;0;32.299;0;43.808;0;53.9;4:44.476;09:24:44.476;3:28.369;0:32.299;0:43.808;136.9;Miguel MOLINA;0:03:05.409;LMGTE Pro;;AF Corse;Ferrari;
71;2;2;1:40.441;0;;25.023;0;31.983;0;43.435;0;163.5;6:24.917;09:26:24.917;0:25.023;0:31.983;0:43.435;261.5;Miguel MOLINA;;LMGTE Pro;;AF Corse;Ferrari;
71;2;3;1:39.596;0;;24.771;0;31.693;0;43.132;0;164.9;8:04.513;09:28:04.513;0:24.771;0:31.693;0:43.132;268.0;Miguel MOLINA;;LMGTE Pro;;AF Corse;Ferrari;
71;2;4;1:39.474;0;;24.577;0;31.514;0;43.383;0;165.1;9:43.987;09:29:43.987;0:24.577;0:31.514;0:43.383;270.0;Miguel MOLINA;;LMGTE Pro;;AF Corse;Ferrari;
71;2;5;1:39.513;0;;24.707;0;31.526;0;43.280;0;165.1;11:23.500;09:31:23.500;0:24.707;0:31.526;0:43.280;262.8;Miguel MOLINA;;LMGTE Pro;;AF Corse;Ferrari;
71;2;6;1:47.828;0;B;24.835;0;31.620;0;51.373;0;152.3;13:11.328;09:33:11.328;0:24.835;0:31.620;0:51.373;264.7;Miguel MOLINA;;LMGTE Pro;;AF Corse;Ferrari;
71;2;7;2:58.215;0;;1:43.451;0;31.744;0;43.020;0;92.2;16:09.543;09:36:09.543;1:43.451;0:31.744;0:43.020;139.2;Miguel MOLINA;0:01:23.270;LMGTE Pro;;AF Corse;Ferrari;
71;2;8;1:38.298;2;;24.510;0;31.109;0;42.679;2;167.1;17:47.841;09:37:47.841;0:24.510;0:31.109;0:42.679;266.7;Miguel MOLINA;;LMGTE Pro;;AF Corse;Ferrari;
71;2;9;1:38.706;0;;24.521;0;31.358;0;42.827;0;166.4;19:26.547;09:39:26.547;0:24.521;0:31.358;0:42.827;269.3;Miguel MOLINA;;LMGTE Pro;;AF Corse;Ferrari;
71;2;10;1:39.035;0;;24.563;0;31.237;0;43.235;0;165.9;21:05.582;09:41:05.582;0:24.563;0:31.237;0:43.235;268.0;Miguel MOLINA;;LMGTE Pro;;AF Corse;Ferrari;
71;2;11;1:38.744;0;;24.733;0;30.990;1;43.021;0;166.4;22:44.326;09:42:44.326;0:24.733;0:30.990;0:43.021;267.3;Miguel MOLINA;;LMGTE Pro;;AF Corse;Ferrari;
71;2;12;1:46.808;0;B;24.404;2;31.665;0;50.739;0;153.8;24:31.134;09:44:31.134;0:24.404;0:31.665;0:50.739;268.0;Miguel MOLINA;;LMGTE Pro;;AF Corse;Ferrari;
71;1;13;4:05.234;0;;2:45.113;0;35.009;0;45.112;0;67.0;28:36.368;09:48:36.368;2:45.113;0:35.009;0:45.112;141.5;Davide RIGON;0:02:23.735;LMGTE Pro;;AF Corse;Ferrari;
71;1;14;1:39.409;0;;24.881;0;31.322;0;43.206;0;165.2;30:15.777;09:50:15.777;0:24.881;0:31.322;0:43.206;268.0;Davide RIGON;;LMGTE Pro;;AF Corse;Ferrari;
71;1;15;1:38.364;0;;24.614;0;30.992;0;42.758;1;167.0;31:54.141;09:51:54.141;0:24.614;0:30.992;0:42.758;268.7;Davide RIGON;;LMGTE Pro;;AF Corse;Ferrari;
71;1;16;1:38.454;0;;24.525;0;31.082;0;42.847;0;166.8;33:32.595;09:53:32.595;0:24.525;0:31.082;0:42.847;268.0;Davide RIGON;;LMGTE Pro;;AF Corse;Ferrari;
71;1;17;1:43.788;0;B;24.518;1;30.902;2;48.368;0;158.3;35:16.383;09:55:16.383;0:24.518;0:30.902;0:48.368;259.0;Davide RIGON;;LMGTE Pro;;AF Corse;Ferrari;
71;1;18;6:20.340;0;;5:03.116;0;33.309;0;43.915;0;43.2;41:36.723;10:01:36.723;5:03.116;0:33.309;0:43.915;141.4;Davide RIGON;0:04:42.915;LMGTE Pro;;AF Corse;Ferrari;
71;1;19;1:39.088;0;;24.702;0;31.194;0;43.192;0;165.8;43:15.811;10:03:15.811;0:24.702;0:31.194;0:43.192;259.0;Davide RIGON;;LMGTE Pro;;AF Corse;Ferrari;
71;1;20;1:39.692;0;;24.794;0;31.406;0;43.492;0;164.8;44:55.503;10:04:55.503;0:24.794;0:31.406;0:43.492;260.9;Davide RIGON;;LMGTE Pro;;AF Corse;Ferrari;
71;1;21;1:38.735;0;;24.581;0;31.246;0;42.908;0;166.4;46:34.238;10:06:34.238;0:24.581;0:31.246;0:42.908;266.7;Davide RIGON;;LMGTE Pro;;AF Corse;Ferrari;
71;1;22;1:39.133;0;;24.577;0;31.203;0;43.353;0;165.7;48:13.371;10:08:13.371;0:24.577;0:31.203;0:43.353;267.3;Davide RIGON;;LMGTE Pro;;AF Corse;Ferrari;
71;1;23;1:44.888;0;B;24.962;0;31.362;0;48.564;0;156.6;49:58.259;10:09:58.259;0:24.962;0:31.362;0:48.564;262.8;Davide RIGON;;LMGTE Pro;;AF Corse;Ferrari;
71;2;24;2:50.887;0;;1:35.389;0;31.234;0;44.264;0;96.1;52:49.146;10:12:49.146;1:35.389;0:31.234;0:44.264;140.6;Miguel MOLINA;0:01:15.612;LMGTE Pro;;AF Corse;Ferrari;
71;2;25;1:39.833;0;;24.765;0;31.991;0;43.077;0;164.5;54:28.979;10:14:28.979;0:24.765;0:31.991;0:43.077;263.4;Miguel MOLINA;;LMGTE Pro;;AF Corse;Ferrari;
71;2;26;1:39.426;0;;24.726;0;31.321;0;43.379;0;165.2;56:08.405;10:16:08.405;0:24.726;0:31.321;0:43.379;263.4;Miguel MOLINA;;LMGTE Pro;;AF Corse;Ferrari;
71;2;27;1:39.389;0;;24.562;0;31.628;0;43.199;0;165.3;57:47.794;10:17:47.794;0:24.562;0:31.628;0:43.199;266.7;Miguel MOLINA;;LMGTE Pro;;AF Corse;Ferrari;
71;2;28;1:39.143;0;;24.752;0;31.408;0;42.983;0;165.7;59:26.937;10:19:26.937;0:24.752;0:31.408;0:42.983;266.7;Miguel MOLINA;;LMGTE Pro;;AF Corse;Ferrari;
71;2;29;1:38.628;0;;24.487;0;31.211;0;42.930;0;166.6;1:01:05.565;10:21:05.565;0:24.487;0:31.211;0:42.930;265.4;Miguel MOLINA;;LMGTE Pro;;AF Corse;Ferrari;
77;2;1;1:56.155;0;;39.219;0;32.487;0;44.449;0;131.9;1:56.155;09:21:56.155;0:39.219;0:32.487;0:44.449;141.2;Riccardo PERA;0:00:17.316;LMGTE Am;;Dempsey - Proton Racing;Porsche;
77;2;2;1:40.139;0;;24.912;0;31.739;0;43.488;0;164.0;3:36.294;09:23:36.294;0:24.912;0:31.739;0:43.488;262.1;Riccardo PERA;;LMGTE Am;;Dempsey - Proton Racing;Porsche;
77;2;3;1:40.003;0;;24.909;0;31.536;0;43.558;0;164.3;5:16.297;09:25:16.297;0:24.909;0:31.536;0:43.558;262.1;Riccardo PERA;;LMGTE Am;;Dempsey - Proton Racing;Porsche;
77;2;4;1:39.849;0;;24.840;0;31.505;0;43.504;0;164.5;6:56.146;09:26:56.146;0:24.840;0:31.505;0:43.504;263.4;Riccardo PERA;;LMGTE Am;;Dempsey - Proton Racing;Porsche;
77;2;5;1:39.669;0;;24.821;0;31.456;0;43.392;0;164.8;8:35.815;09:28:35.815;0:24.821;0:31.456;0:43.392;263.4;Riccardo PERA;;LMGTE Am;;Dempsey - Proton Racing;Porsche;
77;2;6;1:39.846;0;;24.902;0;31.432;0;43.512;0;164.5;10:15.661;09:30:15.661;0:24.902;0:31.432;0:43.512;264.1;Riccardo PERA;;LMGTE Am;;Dempsey - Proton Racing;Porsche;
77;2;7;1:39.554;0;;24.782;0;31.428;1;43.344;0;165.0;11:55.215;09:31:55.215;0:24.782;0:31.428;0:43.344;266.0;Riccardo PERA;;LMGTE Am;;Dempsey - Proton Racing;Porsche;
77;2;8;1:39.697;0;;24.657;1;31.576;0;43.464;0;164.8;13:34.912;09:33:34.912;0:24.657;0:31.576;0:43.464;265.4;Riccardo PERA;;LMGTE Am;;Dempsey - Proton Racing;Porsche;
77;2;9;1:39.594;0;;24.691;0;31.572;0;43.331;1;164.9;15:14.506;09:35:14.506;0:24.691;0:31.572;0:43.331;266.0;Riccardo PERA;;LMGTE Am;;Dempsey - Proton Racing;Porsche;
77;2;10;1:40.131;0;;24.886;0;31.604;0;43.641;0;164.1;16:54.637;09:36:54.637;0:24.886;0:31.604;0:43.641;265.4;Riccardo PERA;;LMGTE Am;;Dempsey - Proton Racing;Porsche;
77;2;11;1:39.900;0;;24.949;0;31.455;0;43.496;0;164.4;18:34.537;09:38:34.537;0:24.949;0:31.455;0:43.496;265.4;Riccardo PERA;;LMGTE Am;;Dempsey - Proton Racing;Porsche;
77;2;12;1:46.405;0;B;24.864;0;31.823;0;49.718;0;154.4;20:20.942;09:40:20.942;0:24.864;0:31.823;0:49.718;265.4;Riccardo PERA;;LMGTE Am;;Dempsey - Proton Racing;Porsche;
77;3;13;2:56.734;0;;1:39.548;0;31.932;0;45.254;0;92.9;23:17.676;09:43:17.676;1:39.548;0:31.932;0:45.254;137.1;Matt CAMPBELL;0:01:17.628;LMGTE Am;;Dempsey - Proton Racing;Porsche;
77;3;14;1:39.395;0;;24.781;0;31.350;0;43.264;0;165.3;24:57.071;09:44:57.071;0:24.781;0:31.350;0:43.264;263.4;Matt CAMPBELL;;LMGTE Am;;Dempsey - Proton Racing;Porsche;
77;3;15;1:40.886;0;;24.739;0;31.966;0;44.181;0;162.8;26:37.957;09:46:37.957;0:24.739;0:31.966;0:44.181;264.7;Matt CAMPBELL;;LMGTE Am;;Dempsey - Proton Racing;Porsche;
77;3;16;1:44.400;0;B;24.727;0;31.520;0;48.153;0;157.3;28:22.357;09:48:22.357;0:24.727;0:31.520;0:48.153;266.7;Matt CAMPBELL;;LMGTE Am;;Dempsey - Proton Racing;Porsche;
77;3;17;2:44.223;0;;1:23.233;0;33.583;0;47.407;0;100.0;31:06.580;09:51:06.580;1:23.233;0:33.583;0:47.407;140.6;Matt CAMPBELL;0:01:03.211;LMGTE Am;;Dempsey - Proton Racing;Porsche;
77;3;18;1:38.488;0;;24.429;0;31.110;0;42.949;0;166.8;32:45.068;09:52:45.068;0:24.429;0:31.110;0:42.949;264.7;Matt CAMPBELL;;LMGTE Am;;Dempsey - Proton Racing;Porsche;
77;3;19;1:37.807;2;;24.418;2;30.704;2;42.685;2;168.0;34:22.875;09:54:22.875;0:24.418;0:30.704;0:42.685;263.4;Matt CAMPBELL;;LMGTE Am;;Dempsey - Proton Racing;Porsche;
77;3;20;1:43.962;0;B;24.450;0;30.946;0;48.566;0;158.0;36:06.837;09:56:06.837;0:24.450;0:30.946;0:48.566;263.4;Matt CAMPBELL;;LMGTE Am;;Dempsey - Proton Racing;Porsche;
77;1;21;3:14.421;0;;1:57.813;0;32.046;0;44.562;0;84.5;39:21.258;09:59:21.258;1:57.813;0:32.046;0:44.562;138.8;Christian RIED;0:01:37.722;LMGTE Am;;Dempsey - Proton Racing;Porsche;
77;1;22;1:41.218;0;;24.966;0;31.753;0;44.499;0;162.3;41:02.476;10:01:02.476;0:24.966;0:31.753;0:44.499;264.7;Christian RIED;;LMGTE Am;;Dempsey - Proton Racing;Porsche;
77;1;23;1:40.398;0;;24.932;0;31.677;0;43.789;0;163.6;42:42.874;10:02:42.874;0:24.932;0:31.677;0:43.789;263.4;Christian RIED;;LMGTE Am;;Dempsey - Proton Racing;Porsche;
77;1;24;1:40.825;0;;25.051;0;31.799;0;43.975;0;162.9;44:23.699;10:04:23.699;0:25.051;0:31.799;0:43.975;264.7;Christian RIED;;LMGTE Am;;Dempsey - Proton Racing;Porsche;
77;1;25;1:40.909;0;;24.856;1;31.710;0;44.343;0;162.8;46:04.608;10:06:04.608;0:24.856;0:31.710;0:44.343;263.4;Christian RIED;;LMGTE Am;;Dempsey - Proton Racing;Porsche;
77;1;26;1:41.189;0;;24.964;0;32.318;0;43.907;0;162.3;47:45.797;10:07:45.797;0:24.964;0:32.318;0:43.907;264.7;Christian RIED;;LMGTE Am;;Dempsey - Proton Racing;Porsche;
77;1;27;1:41.084;0;;25.279;0;31.814;0;43.991;0;162.5;49:26.881;10:09:26.881;0:25.279;0:31.814;0:43.991;266.7;Christian RIED;;LMGTE Am;;Dempsey - Proton Racing;Porsche;
77;1;28;1:40.554;0;;25.007;0;31.799;0;43.748;0;163.4;51:07.435;10:11:07.435;0:25.007;0:31.799;0:43.748;263.4;Christian RIED;;LMGTE Am;;Dempsey - Proton Racing;Porsche;
77;1;29;1:41.104;0;;24.949;0;31.640;1;44.515;0;162.5;52:48.539;10:12:48.539;0:24.949;0:31.640;0:44.515;264.1;Christian RIED;;LMGTE Am;;Dempsey - Proton Racing;Porsche;
77;1;30;1:42.434;0;;24.974;0;33.245;0;44.215;0;160.4;54:30.973;10:14:30.973;0:24.974;0:33.245;0:44.215;264.1;Christian RIED;;LMGTE Am;;Dempsey - Proton Racing;Porsche;
77;1;31;1:41.986;0;;25.322;0;32.039;0;44.625;0;161.1;56:12.959;10:16:12.959;0:25.322;0:32.039;0:44.625;259.6;Christian RIED;;LMGTE Am;;Dempsey - Proton Racing;Porsche;
77;1;32;1:41.581;0;;25.033;0;32.174;0;44.374;0;161.7;57:54.540;10:17:54.540;0:25.033;0:32.174;0:44.374;267.3;Christian RIED;;LMGTE Am;;Dempsey - Proton Racing;Porsche;
77;1;33;1:41.492;0;;25.402;0;32.072;0;44.018;0;161.9;59:36.032;10:19:36.032;0:25.402;0:32.072;0:44.018;268.0;Christian RIED;;LMGTE Am;;Dempsey - Proton Racing;Porsche;
77;1;34;1:40.801;0;;24.887;0;32.174;0;43.740;1;163.0;1:01:16.833;10:21:16.833;0:24.887;0:32.174;0:43.740;267.3;Christian RIED;;LMGTE Am;;Dempsey - Proton Racing;Porsche;
8;3;1;1:42.783;0;;30.652;0;29.741;0;42.390;0;149.1;1:42.783;09:21:42.783;0:30.652;0:29.741;0:42.390;132.8;Brendon HARTLEY;0:00:08.755;LMP1;H;Toyota Gazoo Racing;Toyota;
8;3;2;1:25.621;3;;21.250;2;26.708;1;37.663;3;191.9;3:08.404;09:23:08.404;0:21.250;0:26.708;0:37.663;286.5;Brendon HARTLEY;;LMP1;H;Toyota Gazoo Racing;Toyota;
8;3;3;1:34.988;0;;24.449;0;30.354;0;40.185;0;172.9;4:43.392;09:24:43.392;0:24.449;0:30.354;0:40.185;237.4;Brendon HARTLEY;;LMP1;H;Toyota Gazoo Racing;Toyota;
8;3;4;1:39.049;0;B;21.621;0;29.306;0;48.122;0;165.8;6:22.441;09:26:22.441;0:21.621;0:29.306;0:48.122;288.0;Brendon HARTLEY;;LMP1;H;Toyota Gazoo Racing;Toyota;
8;2;5;3:39.193;0;;2:17.909;0;28.862;0;52.422;0;74.9;10:01.634;09:30:01.634;2:17.909;0:28.862;0:52.422;157.4;Kazuki NAKAJIMA;0:01:59.919;LMP1;H;Toyota Gazoo Racing;Toyota;
8;2;6;1:25.855;0;;21.313;1;26.675;2;37.867;1;191.3;11:27.489;09:31:27.489;0:21.313;0:26.675;0:37.867;279.8;Kazuki NAKAJIMA;;LMP1;H;Toyota Gazoo Racing;Toyota;
8;2;7;1:42.308;0;B;23.850;0;29.742;0;48.716;0;160.6;13:09.797;09:33:09.797;0:23.850;0:29.742;0:48.716;246.0;Kazuki NAKAJIMA;;LMP1;H;Toyota Gazoo Racing;Toyota;
8;1;8;5:28.562;0;;4:22.471;0;27.623;0;38.468;0;50.0;18:38.359;09:38:38.359;4:22.471;0:27.623;0:38.468;154.1;Sébastien BUEMI;0:04:04.677;LMP1;H;Toyota Gazoo Racing;Toyota;
8;1;9;1:28.618;0;;22.272;0;27.946;0;38.400;0;185.4;20:06.977;09:40:06.977;0:22.272;0:27.946;0:38.400;262.1;Sébastien BUEMI;;LMP1;H;Toyota Gazoo Racing;Toyota;
8;1;10;1:28.228;0;;21.933;0;27.070;0;39.225;0;186.2;21:35.205;09:41:35.205;0:21.933;0:27.070;0:39.225;270.7;Sébastien BUEMI;;LMP1;H;Toyota Gazoo Racing;Toyota;
8;1;11;1:27.218;0;;22.104;0;27.147;0;37.967;0;188.3;23:02.423;09:43:02.423;0:22.104;0:27.147;0:37.967;265.4;Sébastien BUEMI;;LMP1;H;Toyota Gazoo Racing;Toyota;
8;1;12;1:27.857;0;;21.841;0;27.551;0;38.465;0;187.0;24:30.280;09:44:30.280;0:21.841;0:27.551;0:38.465;268.7;Sébastien BUEMI;;LMP1;H;Toyota Gazoo Racing;Toyota;
8;1;13;1:27.597;0;;21.631;1;27.286;0;38.680;0;187.5;25:57.877;09:45:57.877;0:21.631;0:27.286;0:38.680;271.4;Sébastien BUEMI;;LMP1;H;Toyota Gazoo Racing;Toyota;
8;1;14;1:33.474;0;B;21.634;0;27.272;0;44.568;0;175.7;27:31.351;09:47:31.351;0:21.634;0:27.272;0:44.568;290.3;Sébastien BUEMI;;LMP1;H;Toyota Gazoo Racing;Toyota;
8;1;15;6:01.038;0;;4:53.775;0;28.294;0;38.969;0;45.5;33:32.389;09:53:32.389;4:53.775;0:28.294;0:38.969;152.1;Sébastien BUEMI;0:04:36.165;LMP1;H;Toyota Gazoo Racing;Toyota;
8;1;16;1:27.795;0;;22.427;0;27.450;0;37.918;1;187.1;35:00.184;09:55:00.184;0:22.427;0:27.450;0:37.918;267.3;Sébastien BUEMI;;LMP1;H;Toyota Gazoo Racing;Toyota;
8;1;17;1:27.472;0;;21.937;0;27.343;0;38.192;0;187.8;36:27.656;09:56:27.656;0:21.937;0:27.343;0:38.192;267.3;Sébastien BUEMI;;LMP1;H;Toyota Gazoo Racing;Toyota;
8;1;18;1:27.743;0;;21.899;0;27.416;0;38.428;0;187.2;37:55.399;09:57:55.399;0:21.899;0:27.416;0:38.428;270.0;Sébastien BUEMI;;LMP1;H;Toyota Gazoo Racing;Toyota;
8;1;19;1:27.516;0;;22.216;0;27.228;0;38.072;0;187.7;39:22.915;09:59:22.915;0:22.216;0:27.228;0:38.072;268.0;Sébastien BUEMI;;LMP1;H;Toyota Gazoo Racing;Toyota;
8;1;20;1:27.839;0;;22.071;0;27.165;0;38.603;0;187.0;40:50.754;10:00:50.754;0:22.071;0:27.165;0:38.603;272.0;Sébastien BUEMI;;LMP1;H;Toyota Gazoo Racing;Toyota;
8;1;21;1:33.463;0;B;22.143;0;27.032;1;44.288;0;175.8;42:24.217;10:02:24.217;0:22.143;0:27.032;0:44.288;291.1;Sébastien BUEMI;;LMP1;H;Toyota Gazoo Racing;Toyota;
8;2;22;2:47.768;0;;1:41.542;0;27.699;0;38.527;0;97.9;45:11.985;10:05:11.985;1:41.542;0:27.699;0:38.527;156.7;Kazuki NAKAJIMA;0:01:22.639;LMP1;H;Toyota Gazoo Racing;Toyota;
8;2;23;1:28.357;0;;22.295;0;27.254;0;38.808;0;185.9;46:40.342;10:06:40.342;0:22.295;0:27.254;0:38.808;266.7;Kazuki NAKAJIMA;;LMP1;H;Toyota Gazoo Racing;Toyota;
8;2;24;1:30.131;0;;22.494;0;28.040;0;39.597;0;182.3;48:10.473;10:08:10.473;0:22.494;0:28.040;0:39.597;267.3;Kazuki NAKAJIMA;;LMP1;H;Toyota Gazoo Racing;Toyota;
8;2;25;1:28.466;0;;22.115;0;27.272;0;39.079;0;185.7;49:38.939;10:09:38.939;0:22.115;0:27.272;0:39.079;268.0;Kazuki NAKAJIMA;;LMP1;H;Toyota Gazoo Racing;Toyota;
8;2;26;1:32.195;0;B;22.033;0;27.338;0;42.824;0;178.2;51:11.134;10:11:11.134;0:22.033;0:27.338;0:42.824;269.3;Kazuki NAKAJIMA;;LMP1;H;Toyota Gazoo Racing;Toyota;
8;3;27;2:46.037;0;;1:38.542;0;27.914;0;39.581;0;98.9;53:57.171;10:13:57.171;1:38.542;0:27.914;0:39.581;159.5;Brendon HARTLEY;0:01:21.045;LMP1;H;Toyota Gazoo Racing;Toyota;
8;3;28;1:28.995;0;;22.483;0;28.271;0;38.241;0;184.6;55:26.166;10:15:26.166;0:22.483;0:28.271;0:38.241;266.7;Brendon HARTLEY;;LMP1;H;Toyota Gazoo Racing;Toyota;
8;3;29;1:28.294;0;;22.066;0;27.587;0;38.641;0;186.0;56:54.460;10:16:54.460;0:22.066;0:27.587;0:38.641;268.0;Brendon HARTLEY;;LMP1;H;Toyota Gazoo Racing;Toyota;
8;3;30;1:28.055;0;;21.975;0;27.658;0;38.422;0;186.6;58:22.515;10:18:22.515;0:21.975;0:27.658;0:38.422;271.4;Brendon HARTLEY;;LMP1;H;Toyota Gazoo Racing;Toyota;
8;3;31;1:29.210;0;;22.104;0;27.828;0;39.278;0;184.1;59:51.725;10:19:51.725;0:22.104;0:27.828;0:39.278;272.7;Brendon HARTLEY;;LMP1;H;Toyota Gazoo Racing;Toyota;
8;3;32;1:28.442;0;;22.012;0;27.528;0;38.902;0;185.7;1:01:20.167;10:21:20.167;0:22.012;0:27.528;0:38.902;278.4;Brendon HARTLEY;;LMP1;H;Toyota Gazoo Racing;Toyota;
83;3;1;1:59.949;0;;43.737;0;32.486;0;43.726;0;127.7;1:59.949;09:21:59.949;0:43.737;0:32.486;0:43.726;138.3;Nicklas NIELSEN;0:00:19.978;LMGTE Am;;AF Corse;Ferrari;
83;3;2;1:40.593;0;;25.020;0;31.924;0;43.649;0;163.3;3:40.542;09:23:40.542;0:25.020;0:31.924;0:43.649;264.7;Nicklas NIELSEN;;LMGTE Am;;AF Corse;Ferrari;
83;3;3;1:46.435;0;B;24.840;0;31.813;0;49.782;0;154.3;5:26.977;09:25:26.977;0:24.840;0:31.813;0:49.782;263.4;Nicklas NIELSEN;;LMGTE Am;;AF Corse;Ferrari;
83;3;4;3:25.405;0;;2:10.391;0;31.681;0;43.333;0;80.0;8:52.382;09:28:52.382;2:10.391;0:31.681;0:43.333;137.4;Nicklas NIELSEN;0:01:48.879;LMGTE Am;;AF Corse;Ferrari;
83;3;5;1:46.165;0;B;24.748;0;31.723;0;49.694;0;154.7;10:38.547;09:30:38.547;0:24.748;0:31.723;0:49.694;266.7;Nicklas NIELSEN;;LMGTE Am;;AF Corse;Ferrari;
83;3;6;2:50.866;0;;1:35.482;0;31.868;0;43.516;0;96.1;13:29.413;09:33:29.413;1:35.482;0:31.868;0:43.516;139.7;Nicklas NIELSEN;0:01:14.565;LMGTE Am;;AF Corse;Ferrari;
83;3;7;1:38.034;2;;24.498;2;30.892;2;42.644;2;167.6;15:07.447;09:35:07.447;0:24.498;0:30.892;0:42.644;265.4;Nicklas NIELSEN;;LMGTE Am;;AF Corse;Ferrari;
83;3;8;1:43.626;0;B;24.624;0;31.098;0;47.904;0;158.5;16:51.073;09:36:51.073;0:24.624;0:31.098;0:47.904;267.3;Nicklas NIELSEN;;LMGTE Am;;AF Corse;Ferrari;
83;1;9;3:07.359;0;;1:50.641;0;32.670;0;44.048;0;87.7;19:58.432;09:39:58.432;1:50.641;0:32.670;0:44.048;139.0;François PERRODO;0:01:29.734;LMGTE Am;;AF Corse;Ferrari;
83;1;10;1:41.357;0;;25.047;0;32.046;0;44.264;0;162.1;21:39.789;09:41:39.789;0:25.047;0:32.046;0:44.264;264.7;François PERRODO;;LMGTE Am;;AF Corse;Ferrari;
83;1;11;1:41.043;0;;25.074;0;32.047;0;43.922;0;162.6;23:20.832;09:43:20.832;0:25.074;0:32.047;0:43.922;264.7;François PERRODO;;LMGTE Am;;AF Corse;Ferrari;
83;1;12;1:46.416;0;B;24.951;0;32.466;0;48.999;0;154.4;25:07.248;09:45:07.248;0:24.951;0:32.466;0:48.999;265.4;François PERRODO;;LMGTE Am;;AF Corse;Ferrari;
83;1;13;2:41.084;0;;1:25.237;0;31.833;0;44.014;0;102.0;27:48.332;09:47:48.332;1:25.237;0:31.833;0:44.014;140.4;François PERRODO;0:01:05.263;LMGTE Am;;AF Corse;Ferrari;
83;1;14;1:39.767;0;;24.880;0;31.522;1;43.365;1;164.7;29:28.099;09:49:28.099;0:24.880;0:31.522;0:43.365;265.4;François PERRODO;;LMGTE Am;;AF Corse;Ferrari;
83;1;15;1:40.446;0;;25.091;0;31.683;0;43.672;0;163.5;31:08.545;09:51:08.545;0:25.091;0:31.683;0:43.672;266.7;François PERRODO;;LMGTE Am;;AF Corse;Ferrari;
83;1;16;1:40.632;0;;24.850;0;31.792;0;43.990;0;163.2;32:49.177;09:52:49.177;0:24.850;0:31.792;0:43.990;266.0;François PERRODO;;LMGTE Am;;AF Corse;Ferrari;
83;1;17;1:41.608;0;;24.909;0;32.280;0;44.419;0;161.7;34:30.785;09:54:30.785;0:24.909;0:32.280;0:44.419;265.4;François PERRODO;;LMGTE Am;;AF Corse;Ferrari;
83;1;18;1:47.980;0;B;24.830;1;31.985;0;51.165;0;152.1;36:18.765;09:56:18.765;0:24.830;0:31.985;0:51.165;264.7;François PERRODO;;LMGTE Am;;AF Corse;Ferrari;
83;2;19;3:33.965;0;;2:14.495;0;35.127;0;44.343;0;76.8;39:52.730;09:59:52.730;2:14.495;0:35.127;0:44.343;127.2;Emmanuel COLLARD;0:01:49.164;LMGTE Am;;AF Corse;Ferrari;
83;2;20;1:42.814;0;;25.203;0;31.857;0;45.754;0;159.8;41:35.544;10:01:35.544;0:25.203;0:31.857;0:45.754;235.3;Emmanuel COLLARD;;LMGTE Am;;AF Corse;Ferrari;
83;2;21;1:39.328;0;;24.930;0;31.393;0;43.005;1;165.4;43:14.872;10:03:14.872;0:24.930;0:31.393;0:43.005;264.1;Emmanuel COLLARD;;LMGTE Am;;AF Corse;Ferrari;
83;2;22;1:40.916;0;;24.917;0;31.552;0;44.447;0;162.8;44:55.788;10:04:55.788;0:24.917;0:31.552;0:44.447;260.2;Emmanuel COLLARD;;LMGTE Am;;AF Corse;Ferrari;
83;2;23;1:39.510;0;;24.881;0;31.359;0;43.270;0;165.1;46:35.298;10:06:35.298;0:24.881;0:31.359;0:43.270;265.4;Emmanuel COLLARD;;LMGTE Am;;AF Corse;Ferrari;
83;2;24;1:40.175;0;;24.813;0;31.648;0;43.714;0;164.0;48:15.473;10:08:15.473;0:24.813;0:31.648;0:43.714;267.3;Emmanuel COLLARD;;LMGTE Am;;AF Corse;Ferrari;
83;2;25;1:39.585;0;;24.820;0;31.325;1;43.440;0;165.0;49:55.058;10:09:55.058;0:24.820;0:31.325;0:43.440;266.0;Emmanuel COLLARD;;LMGTE Am;;AF Corse;Ferrari;
83;2;26;1:39.413;0;;24.836;0;31.359;0;43.218;0;165.2;51:34.471;10:11:34.471;0:24.836;0:31.359;0:43.218;266.7;Emmanuel COLLARD;;LMGTE Am;;AF Corse;Ferrari;
83;2;27;1:39.552;0;;24.722;0;31.335;0;43.495;0;165.0;53:14.023;10:13:14.023;0:24.722;0:31.335;0:43.495;266.7;Emmanuel COLLARD;;LMGTE Am;;AF Corse;Ferrari;
83;2;28;1:40.080;0;;24.869;0;31.699;0;43.512;0;164.1;54:54.103;10:14:54.103;0:24.869;0:31.699;0:43.512;266.7;Emmanuel COLLARD;;LMGTE Am;;AF Corse;Ferrari;
83;2;29;1:40.807;0;;24.859;0;31.825;0;44.123;0;163.0;56:34.910;10:16:34.910;0:24.859;0:31.825;0:44.123;260.9;Emmanuel COLLARD;;LMGTE Am;;AF Corse;Ferrari;
83;2;30;1:39.791;0;;24.852;0;31.498;0;43.441;0;164.6;58:14.701;10:18:14.701;0:24.852;0:31.498;0:43.441;266.0;Emmanuel COLLARD;;LMGTE Am;;AF Corse;Ferrari;
83;2;31;1:39.588;0;;24.751;0;31.412;0;43.425;0;164.9;59:54.289;10:19:54.289;0:24.751;0:31.412;0:43.425;267.3;Emmanuel COLLARD;;LMGTE Am;;AF Corse;Ferrari;
83;2;32;1:39.896;0;;24.676;1;31.692;0;43.528;0;164.4;1:01:34.185;10:21:34.185;0:24.676;0:31.692;0:43.528;268.0;Emmanuel COLLARD;;LMGTE Am;;AF Corse;Ferrari;
86;3;1;2:27.131;0;;1:10.082;0;32.323;0;44.726;0;104.1;2:27.131;09:22:27.131;1:10.082;0:32.323;0:44.726;140.3;Benjamin BARKER;0:00:47.895;LMGTE Am;;Gulf Racing;Porsche;
86;3;2;1:40.068;0;;24.835;0;31.618;0;43.615;0;164.2;4:07.199;09:24:07.199;0:24.835;0:31.618;0:43.615;264.1;Benjamin BARKER;;LMGTE Am;;Gulf Racing;Porsche;
86;3;3;1:40.047;0;;24.722;0;31.599;0;43.726;0;164.2;5:47.246;09:25:47.246;0:24.722;0:31.599;0:43.726;265.4;Benjamin BARKER;;LMGTE Am;;Gulf Racing;Porsche;
86;3;4;1:44.513;0;B;24.717;0;31.581;0;48.215;0;157.2;7:31.759;09:27:31.759;0:24.717;0:31.581;0:48.215;263.4;Benjamin BARKER;;LMGTE Am;;Gulf Racing;Porsche;
86;3;5;5:31.310;0;;4:15.892;0;31.511;0;43.907;0;49.6;13:03.069;09:33:03.069;4:15.892;0:31.511;0:43.907;140.4;Benjamin BARKER;0:03:54.862;LMGTE Am;;Gulf Racing;Porsche;
86;3;6;1:40.667;0;;24.681;0;31.428;0;44.558;0;163.2;14:43.736;09:34:43.736;0:24.681;0:31.428;0:44.558;264.1;Benjamin BARKER;;LMGTE Am;;Gulf Racing;Porsche;
86;3;7;1:39.601;0;;24.634;0;31.389;0;43.578;0;164.9;16:23.337;09:36:23.337;0:24.634;0:31.389;0:43.578;265.4;Benjamin BARKER;;LMGTE Am;;Gulf Racing;Porsche;
86;3;8;1:44.627;0;B;24.702;0;31.491;0;48.434;0;157.0;18:07.964;09:38:07.964;0:24.702;0:31.491;0:48.434;266.0;Benjamin BARKER;;LMGTE Am;;Gulf Racing;Porsche;
86;3;9;7:09.546;0;;5:54.223;0;31.961;0;43.362;0;38.2;25:17.510;09:45:17.510;5:54.223;0:31.961;0:43.362;139.4;Benjamin BARKER;0:05:31.759;LMGTE Am;;Gulf Racing;Porsche;
86;3;10;1:39.894;0;;24.802;0;31.751;0;43.341;0;164.4;26:57.404;09:46:57.404;0:24.802;0:31.751;0:43.341;264.7;Benjamin BARKER;;LMGTE Am;;Gulf Racing;Porsche;
86;3;11;1:39.965;0;;24.761;0;31.663;0;43.541;0;164.3;28:37.369;09:48:37.369;0:24.761;0:31.663;0:43.541;264.7;Benjamin BARKER;;LMGTE Am;;Gulf Racing;Porsche;
86;3;12;1:44.598;0;B;24.824;0;31.677;0;48.097;0;157.0;30:21.967;09:50:21.967;0:24.824;0:31.677;0:48.097;269.3;Benjamin BARKER;;LMGTE Am;;Gulf Racing;Porsche;
86;3;13;7:09.226;0;;5:54.813;0;31.185;2;43.228;0;38.3;37:31.193;09:57:31.193;5:54.813;0:31.185;0:43.228;140.6;Benjamin BARKER;0:05:35.299;LMGTE Am;;Gulf Racing;Porsche;
86;3;14;1:39.127;0;;24.519;0;31.639;0;42.969;0;165.7;39:10.320;09:59:10.320;0:24.519;0:31.639;0:42.969;263.4;Benjamin BARKER;;LMGTE Am;;Gulf Racing;Porsche;
86;3;15;1:38.543;2;;24.449;2;31.290;0;42.804;2;166.7;40:48.863;10:00:48.863;0:24.449;0:31.290;0:42.804;266.7;Benjamin BARKER;;LMGTE Am;;Gulf Racing;Porsche;
86;3;16;1:43.505;0;B;24.655;0;31.323;0;47.527;0;158.7;42:32.368;10:02:32.368;0:24.655;0:31.323;0:47.527;266.0;Benjamin BARKER;;LMGTE Am;;Gulf Racing;Porsche;
86;1;17;3:24.971;0;;2:07.926;0;32.671;0;44.374;0;80.1;45:57.339;10:05:57.339;2:07.926;0:32.671;0:44.374;139.2;Michael WAINWRIGHT;0:01:47.281;LMGTE Am;;Gulf Racing;Porsche;
86;1;18;1:41.298;0;;25.212;0;32.103;0;43.983;1;162.2;47:38.637;10:07:38.637;0:25.212;0:32.103;0:43.983;262.8;Michael WAINWRIGHT;;LMGTE Am;;Gulf Racing;Porsche;
86;1;19;1:41.749;0;;25.414;0;32.315;0;44.020;0;161.4;49:20.386;10:09:20.386;0:25.414;0:32.315;0:44.020;259.6;Michael WAINWRIGHT;;LMGTE Am;;Gulf Racing;Porsche;
86;1;20;1:41.838;0;;25.274;0;31.949;0;44.615;0;161.3;51:02.224;10:11:02.224;0:25.274;0:31.949;0:44.615;261.5;Michael WAINWRIGHT;;LMGTE Am;;Gulf Racing;Porsche;
86;1;21;1:41.538;0;;25.373;0;31.902;1;44.263;0;161.8;52:43.762;10:12:43.762;0:25.373;0:31.902;0:44.263;259.6;Michael WAINWRIGHT;;LMGTE Am;;Gulf Racing;Porsche;
86;1;22;1:41.538;0;;25.226;0;32.193;0;44.119;0;161.8;54:25.300;10:14:25.300;0:25.226;0:32.193;0:44.119;260.9;Michael WAINWRIGHT;;LMGTE Am;;Gulf Racing;Porsche;
86;1;23;1:41.716;0;;25.258;0;32.111;0;44.347;0;161.5;56:07.016;10:16:07.016;0:25.258;0:32.111;0:44.347;261.5;Michael WAINWRIGHT;;LMGTE Am;;Gulf Racing;Porsche;
86;1;24;1:42.146;0;;25.161;0;32.950;0;44.035;0;160.8;57:49.162;10:17:49.162;0:25.161;0:32.950;0:44.035;262.8;Michael WAINWRIGHT;;LMGTE Am;;Gulf Racing;Porsche;
86;1;25;1:41.700;0;;25.651;0;32.025;0;44.024;0;161.5;59:30.862;10:19:30.862;0:25.651;0:32.025;0:44.024;261.5;Michael WAINWRIGHT;;LMGTE Am;;Gulf Racing;Porsche;
86;1;26;1:41.942;0;;25.135;1;31.911;0;44.896;0;161.1;1:01:12.804;10:21:12.804;0:25.135;0:31.911;0:44.896;268.0;Michael WAINWRIGHT;;LMGTE Am;;Gulf Racing;Porsche;
88;1;1;2:29.347;0;;1:06.038;0;34.989;0;48.320;0;102.6;2:29.347;09:22:29.347;1:06.038;0:34.989;0:48.320;137.1;Satoshi HOSHINO;0:00:42.871;LMGTE Am;;Dempsey - Proton Racing;Porsche;
88;1;2;1:41.685;0;;25.202;0;32.294;0;44.189;0;161.5;4:11.032;09:24:11.032;0:25.202;0:32.294;0:44.189;260.2;Satoshi HOSHINO;;LMGTE Am;;Dempsey - Proton Racing;Porsche;
88;1;3;1:40.956;0;;25.070;0;32.020;0;43.866;0;162.7;5:51.988;09:25:51.988;0:25.070;0:32.020;0:43.866;267.3;Satoshi HOSHINO;;LMGTE Am;;Dempsey - Proton Racing;Porsche;
88;1;4;2:02.179;0;;24.911;0;52.794;0;44.474;0;134.4;7:54.167;09:27:54.167;0:24.911;0:52.794;0:44.474;266.7;Satoshi HOSHINO;;LMGTE Am;;Dempsey - Proton Racing;Porsche;
88;1;5;1:45.887;0;;25.011;0;34.023;0;46.853;0;155.1;9:40.054;09:29:40.054;0:25.011;0:34.023;0:46.853;264.7;Satoshi HOSHINO;;LMGTE Am;;Dempsey - Proton Racing;Porsche;
88;1;6;1:41.502;0;;25.399;0;32.329;0;43.774;0;161.8;11:21.556;09:31:21.556;0:25.399;0:32.329;0:43.774;264.7;Satoshi HOSHINO;;LMGTE Am;;Dempsey - Proton Racing;Porsche;
88;1;7;1:44.610;0;;25.183;0;32.791;0;46.636;0;157.0;13:06.166;09:33:06.166;0:25.183;0:32.791;0:46.636;264.1;Satoshi HOSHINO;;LMGTE Am;;Dempsey - Proton Racing;Porsche;
88;1;8;1:48.474;0;B;25.160;0;32.519;0;50.795;0;151.4;14:54.640;09:34:54.640;0:25.160;0:32.519;0:50.795;268.0;Satoshi HOSHINO;;LMGTE Am;;Dempsey - Proton Racing;Porsche;
88;1;9;2:45.375;0;;1:27.235;0;33.458;0;44.682;0;99.3;17:40.015;09:37:40.015;1:27.235;0:33.458;0:44.682;133.3;Satoshi HOSHINO;0:01:03.965;LMGTE Am;;Dempsey - Proton Racing;Porsche;
88;1;10;1:39.933;0;;24.999;0;31.518;0;43.416;1;164.4;19:19.948;09:39:19.948;0:24.999;0:31.518;0:43.416;266.0;Satoshi HOSHINO;;LMGTE Am;;Dempsey - Proton Racing;Porsche;
88;1;11;1:39.859;0;;24.724;0;31.442;0;43.693;0;164.5;20:59.807;09:40:59.807;0:24.724;0:31.442;0:43.693;267.3;Satoshi HOSHINO;;LMGTE Am;;Dempsey - Proton Racing;Porsche;
88;1;12;1:39.852;0;;24.651;1;31.432;1;43.769;0;164.5;22:39.659;09:42:39.659;0:24.651;0:31.432;0:43.769;265.4;Satoshi HOSHINO;;LMGTE Am;;Dempsey - Proton Racing;Porsche;
88;1;13;1:47.703;0;B;25.067;0;32.159;0;50.477;0;152.5;24:27.362;09:44:27.362;0:25.067;0:32.159;0:50.477;265.4;Satoshi HOSHINO;;LMGTE Am;;Dempsey - Proton Racing;Porsche;
88;3;14;3:11.697;0;;1:48.842;0;31.836;0;51.019;0;85.7;27:39.059;09:47:39.059;1:48.842;0:31.836;0:51.019;140.4;Thomas PREINING;0:01:28.614;LMGTE Am;;Dempsey - Proton Racing;Porsche;
88;3;15;1:38.304;0;;24.502;0;31.144;0;42.658;2;167.1;29:17.363;09:49:17.363;0:24.502;0:31.144;0:42.658;266.7;Thomas PREINING;;LMGTE Am;;Dempsey - Proton Racing;Porsche;
88;3;16;1:38.249;0;;24.475;0;31.095;0;42.679;0;167.2;30:55.612;09:50:55.612;0:24.475;0:31.095;0:42.679;266.0;Thomas PREINING;;LMGTE Am;;Dempsey - Proton Racing;Porsche;
88;3;17;1:38.238;2;;24.473;0;30.985;2;42.780;0;167.2;32:33.850;09:52:33.850;0:24.473;0:30.985;0:42.780;265.4;Thomas PREINING;;LMGTE Am;;Dempsey - Proton Racing;Porsche;
88;3;18;1:38.536;0;;24.431;2;31.089;0;43.016;0;166.7;34:12.386;09:54:12.386;0:24.431;0:31.089;0:43.016;266.0;Thomas PREINING;;LMGTE Am;;Dempsey - Proton Racing;Porsche;
88;3;19;1:43.654;0;B;24.519;0;31.199;0;47.936;0;158.5;35:56.040;09:55:56.040;0:24.519;0:31.199;0:47.936;265.4;Thomas PREINING;;LMGTE Am;;Dempsey - Proton Racing;Porsche;
88;2;20;3:14.738;0;;1:57.568;0;32.728;0;44.442;0;84.4;39:10.778;09:59:10.778;1:57.568;0:32.728;0:44.442;141.2;Adrien DE LEENER;0:01:36.996;LMGTE Am;;Dempsey - Proton Racing;Porsche;
88;2;21;1:40.318;0;;24.838;0;32.060;0;43.420;1;163.7;40:51.096;10:00:51.096;0:24.838;0:32.060;0:43.420;267.3;Adrien DE LEENER;;LMGTE Am;;Dempsey - Proton Racing;Porsche;
88;2;22;1:40.532;0;;24.896;0;32.091;0;43.545;0;163.4;42:31.628;10:02:31.628;0:24.896;0:32.091;0:43.545;267.3;Adrien DE LEENER;;LMGTE Am;;Dempsey - Proton Racing;Porsche;
88;2;23;1:40.574;0;;24.799;1;31.559;1;44.216;0;163.3;44:12.202;10:04:12.202;0:24.799;0:31.559;0:44.216;266.0;Adrien DE LEENER;;LMGTE Am;;Dempsey - Proton Racing;Porsche;
88;2;24;1:40.405;0;;24.880;0;31.907;0;43.618;0;163.6;45:52.607;10:05:52.607;0:24.880;0:31.907;0:43.618;264.7;Adrien DE LEENER;;LMGTE Am;;Dempsey - Proton Racing;Porsche;
88;2;25;1:40.447;0;;24.872;0;31.899;0;43.676;0;163.5;47:33.054;10:07:33.054;0:24.872;0:31.899;0:43.676;268.7;Adrien DE LEENER;;LMGTE Am;;Dempsey - Proton Racing;Porsche;
88;2;26;1:40.458;0;;24.887;0;31.991;0;43.580;0;163.5;49:13.512;10:09:13.512;0:24.887;0:31.991;0:43.580;266.7;Adrien DE LEENER;;LMGTE Am;;Dempsey - Proton Racing;Porsche;
88;2;27;1:41.325;0;;24.916;0;32.033;0;44.376;0;162.1;50:54.837;10:10:54.837;0:24.916;0:32.033;0:44.376;266.7;Adrien DE LEENER;;LMGTE Am;;Dempsey - Proton Racing;Porsche;
88;2;28;1:40.424;0;;24.914;0;31.889;0;43.621;0;163.6;52:35.261;10:12:35.261;0:24.914;0:31.889;0:43.621;266.0;Adrien DE LEENER;;LMGTE Am;;Dempsey - Proton Racing;Porsche;
88;2;29;1:40.613;0;;24.997;0;31.880;0;43.736;0;163.3;54:15.874;10:14:15.874;0:24.997;0:31.880;0:43.736;266.0;Adrien DE LEENER;;LMGTE Am;;Dempsey - Proton Racing;Porsche;
88;2;30;1:41.555;0;;24.950;0;32.867;0;43.738;0;161.8;55:57.429;10:15:57.429;0:24.950;0:32.867;0:43.738;266.0;Adrien DE LEENER;;LMGTE Am;;Dempsey - Proton Racing;Porsche;
88;2;31;1:40.567;0;;24.854;0;31.933;0;43.780;0;163.3;57:37.996;10:17:37.996;0:24.854;0:31.933;0:43.780;266.0;Adrien DE LEENER;;LMGTE Am;;Dempsey - Proton Racing;Porsche;
88;2;32;1:40.777;0;;24.845;0;31.679;0;44.253;0;163.0;59:18.773;10:19:18.773;0:24.845;0:31.679;0:44.253;267.3;Adrien DE LEENER;;LMGTE Am;;Dempsey - Proton Racing;Porsche;
88;2;33;1:40.245;0;;24.882;0;31.791;0;43.572;0;163.9;1:00:59.018;10:20:59.018;0:24.882;0:31.791;0:43.572;266.7;Adrien DE LEENER;;LMGTE Am;;Dempsey - Proton Racing;Porsche;
90;1;1;4:08.284;0;;2:46.275;0;34.253;0;47.756;0;61.7;4:08.284;09:24:08.284;2:46.275;0:34.253;0:47.756;135.8;Salih YOLUC;0:02:23.211;LMGTE Am;;TF Sport;Aston Martin;
90;1;2;1:44.102;0;;25.444;0;32.519;0;46.139;0;157.8;5:52.386;09:25:52.386;0:25.444;0:32.519;0:46.139;264.1;Salih YOLUC;;LMGTE Am;;TF Sport;Aston Martin;
90;1;3;1:43.754;0;;25.030;0;34.583;0;44.141;0;158.3;7:36.140;09:27:36.140;0:25.030;0:34.583;0:44.141;269.3;Salih YOLUC;;LMGTE Am;;TF Sport;Aston Martin;
90;1;4;1:41.698;0;;25.025;0;32.423;0;44.250;0;161.5;9:17.838;09:29:17.838;0:25.025;0:32.423;0:44.250;268.0;Salih YOLUC;;LMGTE Am;;TF Sport;Aston Martin;
90;1;5;1:41.485;0;;25.008;0;32.201;0;44.276;0;161.9;10:59.323;09:30:59.323;0:25.008;0:32.201;0:44.276;268.0;Salih YOLUC;;LMGTE Am;;TF Sport;Aston Martin;
90;1;6;1:49.242;0;B;24.893;1;31.906;1;52.443;0;150.4;12:48.565;09:32:48.565;0:24.893;0:31.906;0:52.443;269.3;Salih YOLUC;;LMGTE Am;;TF Sport;Aston Martin;
90;3;7;2:48.721;0;;1:32.976;0;32.003;0;43.742;0;97.4;15:37.286;09:35:37.286;1:32.976;0:32.003;0:43.742;139.4;Jonathan ADAM;0:01:13.099;LMGTE Am;;TF Sport;Aston Martin;
90;3;8;1:40.115;0;;24.697;0;31.414;0;44.004;0;164.1;17:17.401;09:37:17.401;0:24.697;0:31.414;0:44.004;267.3;Jonathan ADAM;;LMGTE Am;;TF Sport;Aston Martin;
90;3;9;1:39.826;0;;24.920;0;31.481;0;43.425;0;164.6;18:57.227;09:38:57.227;0:24.920;0:31.481;0:43.425;268.0;Jonathan ADAM;;LMGTE Am;;TF Sport;Aston Martin;
90;3;10;1:44.870;0;B;24.676;0;31.299;0;48.895;0;156.6;20:42.097;09:40:42.097;0:24.676;0:31.299;0:48.895;268.0;Jonathan ADAM;;LMGTE Am;;TF Sport;Aston Martin;
90;3;11;3:03.768;0;;1:47.536;0;31.630;0;44.602;0;89.4;23:45.865;09:43:45.865;1:47.536;0:31.630;0:44.602;139.7;Jonathan ADAM;0:01:27.127;LMGTE Am;;TF Sport;Aston Martin;
90;3;12;1:40.091;0;;24.635;0;31.529;0;43.927;0;164.1;25:25.956;09:45:25.956;0:24.635;0:31.529;0:43.927;266.7;Jonathan ADAM;;LMGTE Am;;TF Sport;Aston Martin;
90;3;13;1:38.601;0;;24.588;0;31.075;2;42.938;2;166.6;27:04.557;09:47:04.557;0:24.588;0:31.075;0:42.938;268.7;Jonathan ADAM;;LMGTE Am;;TF Sport;Aston Martin;
90;3;14;1:38.560;2;;24.464;2;31.085;0;43.011;0;166.7;28:43.117;09:48:43.117;0:24.464;0:31.085;0:43.011;269.3;Jonathan ADAM;;LMGTE Am;;TF Sport;Aston Martin;
90;3;15;1:38.823;0;;24.595;0;31.190;0;43.038;0;166.2;30:21.940;09:50:21.940;0:24.595;0:31.190;0:43.038;270.0;Jonathan ADAM;;LMGTE Am;;TF Sport;Aston Martin;
90;3;16;1:43.987;0;B;24.573;0;31.266;0;48.148;0;158.0;32:05.927;09:52:05.927;0:24.573;0:31.266;0:48.148;270.0;Jonathan ADAM;;LMGTE Am;;TF Sport;Aston Martin;
90;2;17;3:18.073;0;;2:01.771;0;32.749;0;43.553;0;82.9;35:24.000;09:55:24.000;2:01.771;0:32.749;0:43.553;132.7;Charles EASTWOOD;0:01:31.355;LMGTE Am;;TF Sport;Aston Martin;
90;2;18;1:38.874;0;;24.763;0;31.095;1;43.016;1;166.1;37:02.874;09:57:02.874;0:24.763;0:31.095;0:43.016;266.7;Charles EASTWOOD;;LMGTE Am;;TF Sport;Aston Martin;
90;2;19;1:39.055;0;;24.685;0;31.262;0;43.108;0;165.8;38:41.929;09:58:41.929;0:24.685;0:31.262;0:43.108;267.3;Charles EASTWOOD;;LMGTE Am;;TF Sport;Aston Martin;
90;2;20;1:39.236;0;;24.709;0;31.352;0;43.175;0;165.5;40:21.165;10:00:21.165;0:24.709;0:31.352;0:43.175;267.3;Charles EASTWOOD;;LMGTE Am;;TF Sport;Aston Martin;
90;2;21;1:39.230;0;;24.689;0;31.256;0;43.285;0;165.5;42:00.395;10:02:00.395;0:24.689;0:31.256;0:43.285;268.0;Charles EASTWOOD;;LMGTE Am;;TF Sport;Aston Martin;
90;2;22;1:44.744;0;B;24.666;1;31.188;0;48.890;0;156.8;43:45.139;10:03:45.139;0:24.666;0:31.188;0:48.890;268.0;Charles EASTWOOD;;LMGTE Am;;TF Sport;Aston Martin;
90;1;23;3:25.954;0;;2:08.690;0;32.419;0;44.845;0;79.8;47:11.093;10:07:11.093;2:08.690;0:32.419;0:44.845;137.9;Salih YOLUC;0:01:45.695;LMGTE Am;;TF Sport;Aston Martin;
90;1;24;1:42.031;0;;25.094;0;32.135;0;44.802;0;161.0;48:53.124;10:08:53.124;0:25.094;0:32.135;0:44.802;268.0;Salih YOLUC;;LMGTE Am;;TF Sport;Aston Martin;
90;1;25;1:41.994;0;;25.280;0;32.130;0;44.584;0;161.1;50:35.118;10:10:35.118;0:25.280;0:32.130;0:44.584;268.0;Salih YOLUC;;LMGTE Am;;TF Sport;Aston Martin;
90;1;26;1:40.991;0;;24.960;0;31.925;0;44.106;1;162.7;52:16.109;10:12:16.109;0:24.960;0:31.925;0:44.106;267.3;Salih YOLUC;;LMGTE Am;;TF Sport;Aston Martin;
90;1;27;1:41.688;0;;25.035;0;31.920;0;44.733;0;161.5;53:57.797;10:13:57.797;0:25.035;0:31.920;0:44.733;266.7;Salih YOLUC;;LMGTE Am;;TF Sport;Aston Martin;
90;1;28;1:42.344;0;;24.906;0;32.136;0;45.302;0;160.5;55:40.141;10:15:40.141;0:24.906;0:32.136;0:45.302;269.3;Salih YOLUC;;LMGTE Am;;TF Sport;Aston Martin;
90;1;29;1:41.347;0;;25.043;0;32.045;0;44.259;0;162.1;57:21.488;10:17:21.488;0:25.043;0:32.045;0:44.259;269.3;Salih YOLUC;;LMGTE Am;;TF Sport;Aston Martin;
90;1;30;1:41.322;0;;24.977;0;32.027;0;44.318;0;162.1;59:02.810;10:19:02.810;0:24.977;0:32.027;0:44.318;268.0;Salih YOLUC;;LMGTE Am;;TF Sport;Aston Martin;
90;1;31;1:41.644;0;;24.977;0;32.346;0;44.321;0;161.6;1:00:44.454;10:20:44.454;0:24.977;0:32.346;0:44.321;268.7;Salih YOLUC;;LMGTE Am;;TF Sport;Aston Martin;
91;1;1;4:56.157;0;;3:39.082;0;32.147;0;44.928;0;51.7;4:56.157;09:24:56.157;3:39.082;0:32.147;0:44.928;135.7;Gianmaria BRUNI;0:03:15.672;LMGTE Pro;;Porsche GT Team;Porsche;
91;1;2;1:38.573;0;;24.637;0;31.281;0;42.655;0;166.6;6:34.730;09:26:34.730;0:24.637;0:31.281;0:42.655;266.0;Gianmaria BRUNI;;LMGTE Pro;;Porsche GT Team;Porsche;
91;1;3;1:37.547;0;;24.377;0;30.704;0;42.466;0;168.4;8:12.277;09:28:12.277;0:24.377;0:30.704;0:42.466;268.0;Gianmaria BRUNI;;LMGTE Pro;;Porsche GT Team;Porsche;
91;1;4;1:37.501;2;;24.444;0;30.671;2;42.386;2;168.5;9:49.778;09:29:49.778;0:24.444;0:30.671;0:42.386;268.7;Gianmaria BRUNI;;LMGTE Pro;;Porsche GT Team;Porsche;
91;1;5;1:42.990;0;B;24.293;2;31.219;0;47.478;0;159.5;11:32.768;09:31:32.768;0:24.293;0:31.219;0:47.478;270.7;Gianmaria BRUNI;;LMGTE Pro;;Porsche GT Team;Porsche;
91;1;6;10:59.593;0;;9:43.364;0;32.520;0;43.709;0;24.9;22:32.361;09:42:32.361;9:43.364;0:32.520;0:43.709;129.0;Gianmaria BRUNI;0:09:20.856;LMGTE Pro;;Porsche GT Team;Porsche;
91;1;7;1:39.346;0;;24.926;0;31.311;0;43.109;0;165.3;24:11.707;09:44:11.707;0:24.926;0:31.311;0:43.109;253.5;Gianmaria BRUNI;;LMGTE Pro;;Porsche GT Team;Porsche;
91;1;8;1:38.607;0;;24.590;0;31.053;0;42.964;0;166.6;25:50.314;09:45:50.314;0:24.590;0:31.053;0:42.964;266.7;Gianmaria BRUNI;;LMGTE Pro;;Porsche GT Team;Porsche;
91;1;9;1:39.976;0;;24.758;0;31.038;0;44.180;0;164.3;27:30.290;09:47:30.290;0:24.758;0:31.038;0:44.180;266.7;Gianmaria BRUNI;;LMGTE Pro;;Porsche GT Team;Porsche;
91;1;10;1:38.714;0;;24.519;0;31.214;0;42.981;0;166.4;29:09.004;09:49:09.004;0:24.519;0:31.214;0:42.981;268.0;Gianmaria BRUNI;;LMGTE Pro;;Porsche GT Team;Porsche;
91;1;11;1:38.579;0;;24.632;0;31.062;0;42.885;0;166.6;30:47.583;09:50:47.583;0:24.632;0:31.062;0:42.885;267.3;Gianmaria BRUNI;;LMGTE Pro;;Porsche GT Team;Porsche;
91;1;12;1:38.720;0;;24.776;0;31.041;0;42.903;0;166.4;32:26.303;09:52:26.303;0:24.776;0:31.041;0:42.903;267.3;Gianmaria BRUNI;;LMGTE Pro;;Porsche GT Team;Porsche;
91;1;13;1:38.433;0;;24.537;0;31.048;0;42.848;0;166.9;34:04.736;09:54:04.736;0:24.537;0:31.048;0:42.848;267.3;Gianmaria BRUNI;;LMGTE Pro;;Porsche GT Team;Porsche;
91;1;14;1:38.427;0;;24.539;0;31.115;0;42.773;0;166.9;35:43.163;09:55:43.163;0:24.539;0:31.115;0:42.773;268.0;Gianmaria BRUNI;;LMGTE Pro;;Porsche GT Team;Porsche;
91;1;15;1:38.522;0;;24.551;0;31.078;0;42.893;0;166.7;37:21.685;09:57:21.685;0:24.551;0:31.078;0:42.893;267.3;Gianmaria BRUNI;;LMGTE Pro;;Porsche GT Team;Porsche;
91;1;16;1:38.430;0;;24.564;0;30.987;0;42.879;0;166.9;39:00.115;09:59:00.115;0:24.564;0:30.987;0:42.879;267.3;Gianmaria BRUNI;;LMGTE Pro;;Porsche GT Team;Porsche;
91;1;17;1:38.607;0;;24.632;0;31.067;0;42.908;0;166.6;40:38.722;10:00:38.722;0:24.632;0:31.067;0:42.908;268.0;Gianmaria BRUNI;;LMGTE Pro;;Porsche GT Team;Porsche;
91;1;18;1:44.486;0;B;24.532;0;31.214;0;48.740;0;157.2;42:23.208;10:02:23.208;0:24.532;0:31.214;0:48.740;267.3;Gianmaria BRUNI;;LMGTE Pro;;Porsche GT Team;Porsche;
91;2;19;3:20.534;0;;2:05.234;0;31.768;0;43.532;0;81.9;45:43.742;10:05:43.742;2:05.234;0:31.768;0:43.532;139.9;Richard LIETZ;0:01:45.061;LMGTE Pro;;Porsche GT Team;Porsche;
91;2;20;1:39.958;0;;24.825;0;31.033;0;44.100;0;164.3;47:23.700;10:07:23.700;0:24.825;0:31.033;0:44.100;268.0;Richard LIETZ;;LMGTE Pro;;Porsche GT Team;Porsche;
91;2;21;1:38.987;0;;24.673;0;31.297;0;43.017;1;165.9;49:02.687;10:09:02.687;0:24.673;0:31.297;0:43.017;268.7;Richard LIETZ;;LMGTE Pro;;Porsche GT Team;Porsche;
91;2;22;1:39.017;0;;24.694;0;31.230;0;43.093;0;165.9;50:41.704;10:10:41.704;0:24.694;0:31.230;0:43.093;268.0;Richard LIETZ;;LMGTE Pro;;Porsche GT Team;Porsche;
91;2;23;1:38.759;0;;24.486;1;31.176;0;43.097;0;166.3;52:20.463;10:12:20.463;0:24.486;0:31.176;0:43.097;267.3;Richard LIETZ;;LMGTE Pro;;Porsche GT Team;Porsche;
91;2;24;1:40.144;0;;24.778;0;31.505;0;43.861;0;164.0;54:00.607;10:14:00.607;0:24.778;0:31.505;0:43.861;267.3;Richard LIETZ;;LMGTE Pro;;Porsche GT Team;Porsche;
91;2;25;1:48.800;0;B;24.859;0;31.396;0;52.545;0;151.0;55:49.407;10:15:49.407;0:24.859;0:31.396;0:52.545;268.7;Richard LIETZ;;LMGTE Pro;;Porsche GT Team;Porsche;
91;2;26;3:32.896;0;;2:18.144;0;31.528;0;43.224;0;77.2;59:22.303;10:19:22.303;2:18.144;0:31.528;0:43.224;141.4;Richard LIETZ;0:01:58.432;LMGTE Pro;;Porsche GT Team;Porsche;
91;2;27;1:38.904;0;;24.647;0;30.936;1;43.321;0;166.1;1:01:01.207;10:21:01.207;0:24.647;0:30.936;0:43.321;268.7;Richard LIETZ;;LMGTE Pro;;Porsche GT Team;Porsche;
92;1;1;5:07.872;0;;3:52.449;0;32.014;0;43.409;0;49.8;5:07.872;09:25:07.872;3:52.449;0:32.014;0:43.409;106.9;Michael CHRISTENSEN;0:03:28.831;LMGTE Pro;;Porsche GT Team;Porsche;
92;1;2;1:39.246;0;;24.814;0;31.257;0;43.175;0;165.5;6:47.118;09:26:47.118;0:24.814;0:31.257;0:43.175;264.7;Michael CHRISTENSEN;;LMGTE Pro;;Porsche GT Team;Porsche;
92;1;3;1:39.014;0;;24.629;0;31.397;0;42.988;0;165.9;8:26.132;09:28:26.132;0:24.629;0:31.397;0:42.988;267.3;Michael CHRISTENSEN;;LMGTE Pro;;Porsche GT Team;Porsche;
92;1;4;1:38.712;0;;24.631;0;31.116;0;42.965;0;166.4;10:04.844;09:30:04.844;0:24.631;0:31.116;0:42.965;267.3;Michael CHRISTENSEN;;LMGTE Pro;;Porsche GT Team;Porsche;
92;1;5;1:44.541;0;B;24.478;0;31.097;2;48.966;0;157.1;11:49.385;09:31:49.385;0:24.478;0:31.097;0:48.966;268.0;Michael CHRISTENSEN;;LMGTE Pro;;Porsche GT Team;Porsche;
92;1;6;11:47.198;0;;10:32.422;0;31.707;0;43.069;0;23.2;23:36.583;09:43:36.583;10:32.422;0:31.707;0:43.069;142.1;Michael CHRISTENSEN;0:10:12.922;LMGTE Pro;;Porsche GT Team;Porsche;
92;1;7;1:38.618;2;;24.581;0;31.147;0;42.890;0;166.6;25:15.201;09:45:15.201;0:24.581;0:31.147;0:42.890;266.7;Michael CHRISTENSEN;;LMGTE Pro;;Porsche GT Team;Porsche;
92;1;8;1:38.666;0;;24.683;0;31.121;0;42.862;2;166.5;26:53.867;09:46:53.867;0:24.683;0:31.121;0:42.862;266.0;Michael CHRISTENSEN;;LMGTE Pro;;Porsche GT Team;Porsche;
92;1;9;1:41.394;0;;24.647;0;31.850;0;44.897;0;162.0;28:35.261;09:48:35.261;0:24.647;0:31.850;0:44.897;268.0;Michael CHRISTENSEN;;LMGTE Pro;;Porsche GT Team;Porsche;
92;1;10;1:38.963;0;;24.590;0;31.097;0;43.276;0;166.0;30:14.224;09:50:14.224;0:24.590;0:31.097;0:43.276;268.7;Michael CHRISTENSEN;;LMGTE Pro;;Porsche GT Team;Porsche;
92;1;11;1:43.955;0;B;24.467;2;31.781;0;47.707;0;158.0;31:58.179;09:51:58.179;0:24.467;0:31.781;0:47.707;268.7;Michael CHRISTENSEN;;LMGTE Pro;;Porsche GT Team;Porsche;
92;2;12;7:38.744;0;;6:23.133;0;31.755;0;43.856;0;35.8;39:36.923;09:59:36.923;6:23.133;0:31.755;0:43.856;137.6;Kevin ESTRE;0:06:03.019;LMGTE Pro;;Porsche GT Team;Porsche;
92;2;13;1:41.204;0;;24.746;0;32.974;0;43.484;0;162.3;41:18.127;10:01:18.127;0:24.746;0:32.974;0:43.484;266.0;Kevin ESTRE;;LMGTE Pro;;Porsche GT Team;Porsche;
92;2;14;1:39.581;0;;24.956;0;31.590;0;43.035;0;165.0;42:57.708;10:02:57.708;0:24.956;0:31.590;0:43.035;266.0;Kevin ESTRE;;LMGTE Pro;;Porsche GT Team;Porsche;
92;2;15;1:39.275;0;;24.633;0;31.106;1;43.536;0;165.5;44:36.983;10:04:36.983;0:24.633;0:31.106;0:43.536;266.7;Kevin ESTRE;;LMGTE Pro;;Porsche GT Team;Porsche;
92;2;16;1:39.171;0;;24.963;0;31.229;0;42.979;1;165.6;46:16.154;10:06:16.154;0:24.963;0:31.229;0:42.979;266.7;Kevin ESTRE;;LMGTE Pro;;Porsche GT Team;Porsche;
92;2;17;1:39.199;0;;24.611;0;31.515;0;43.073;0;165.6;47:55.353;10:07:55.353;0:24.611;0:31.515;0:43.073;268.7;Kevin ESTRE;;LMGTE Pro;;Porsche GT Team;Porsche;
92;2;18;1:38.814;0;;24.561;0;31.156;0;43.097;0;166.2;49:34.167;10:09:34.167;0:24.561;0:31.156;0:43.097;268.7;Kevin ESTRE;;LMGTE Pro;;Porsche GT Team;Porsche;
92;2;19;1:39.177;0;;24.618;0;31.296;0;43.263;0;165.6;51:13.344;10:11:13.344;0:24.618;0:31.296;0:43.263;269.3;Kevin ESTRE;;LMGTE Pro;;Porsche GT Team;Porsche;
92;2;20;1:39.093;0;;24.558;0;31.419;0;43.116;0;165.8;52:52.437;10:12:52.437;0:24.558;0:31.419;0:43.116;268.7;Kevin ESTRE;;LMGTE Pro;;Porsche GT Team;Porsche;
92;2;21;1:38.831;0;;24.552;0;31.223;0;43.056;0;166.2;54:31.268;10:14:31.268;0:24.552;0:31.223;0:43.056;269.3;Kevin ESTRE;;LMGTE Pro;;Porsche GT Team;Porsche;
92;2;22;1:39.190;0;;24.596;0;31.422;0;43.172;0;165.6;56:10.458;10:16:10.458;0:24.596;0:31.422;0:43.172;271.4;Kevin ESTRE;;LMGTE Pro;;Porsche GT Team;Porsche;
92;2;23;1:39.001;0;;24.491;1;31.289;0;43.221;0;165.9;57:49.459;10:17:49.459;0:24.491;0:31.289;0:43.221;271.4;Kevin ESTRE;;LMGTE Pro;;Porsche GT Team;Porsche;
92;2;24;1:39.508;0;;24.907;0;31.422;0;43.179;0;165.1;59:28.967;10:19:28.967;0:24.907;0:31.422;0:43.179;268.7;Kevin ESTRE;;LMGTE Pro;;Porsche GT Team;Porsche;
92;2;25;1:45.618;0;B;24.535;0;32.859;0;48.224;0;155.5;1:01:14.585;10:21:14.585;0:24.535;0:32.859;0:48.224;273.4;Kevin ESTRE;;LMGTE Pro;;Porsche GT Team;Porsche;
95;2;1;6:15.085;0;;4:58.358;0;32.874;0;43.853;0;40.8;6:15.085;09:26:15.085;4:58.358;0:32.874;0:43.853;135.8;Nicki THIIM;0:04:35.427;LMGTE Pro;;Aston Martin Racing;Aston Martin;
95;2;2;1:45.143;0;B;25.169;0;31.643;0;48.331;0;156.2;8:00.228;09:28:00.228;0:25.169;0:31.643;0:48.331;262.8;Nicki THIIM;;LMGTE Pro;;Aston Martin Racing;Aston Martin;
95;2;3;2:36.539;0;;1:15.109;0;32.451;0;48.979;0;104.9;10:36.767;09:30:36.767;1:15.109;0:32.451;0:48.979;136.5;Nicki THIIM;0:00:54.760;LMGTE Pro;;Aston Martin Racing;Aston Martin;
95;2;4;1:40.498;0;;24.598;0;32.460;0;43.440;0;163.5;12:17.265;09:32:17.265;0:24.598;0:32.460;0:43.440;266.0;Nicki THIIM;;LMGTE Pro;;Aston Martin Racing;Aston Martin;
95;2;5;1:37.696;2;;24.549;0;30.673;2;42.474;2;168.1;13:54.961;09:33:54.961;0:24.549;0:30.673;0:42.474;266.7;Nicki THIIM;;LMGTE Pro;;Aston Martin Racing;Aston Martin;
95;2;6;1:43.538;0;B;24.404;2;30.758;0;48.376;0;158.7;15:38.499;09:35:38.499;0:24.404;0:30.758;0:48.376;266.7;Nicki THIIM;;LMGTE Pro;;Aston Martin Racing;Aston Martin;
95;1;7;2:44.828;0;;1:29.737;0;31.473;0;43.618;0;99.7;18:23.327;09:38:23.327;1:29.737;0:31.473;0:43.618;139.4;Marco SØRENSEN;0:01:09.728;LMGTE Pro;;Aston Martin Racing;Aston Martin;
95;1;8;1:38.248;0;;24.562;0;30.681;1;43.005;0;167.2;20:01.575;09:40:01.575;0:24.562;0:30.681;0:43.005;267.3;Marco SØRENSEN;;LMGTE Pro;;Aston Martin Racing;Aston Martin;
95;1;9;1:43.506;0;B;24.482;1;30.940;0;48.084;0;158.7;21:45.081;09:41:45.081;0:24.482;0:30.940;0:48.084;269.3;Marco SØRENSEN;;LMGTE Pro;;Aston Martin Racing;Aston Martin;
95;1;10;2:48.656;0;;1:32.433;0;32.696;0;43.527;0;97.4;24:33.737;09:44:33.737;1:32.433;0:32.696;0:43.527;139.5;Marco SØRENSEN;0:01:12.235;LMGTE Pro;;Aston Martin Racing;Aston Martin;
95;1;11;1:40.423;0;;24.814;0;31.955;0;43.654;0;163.6;26:14.160;09:46:14.160;0:24.814;0:31.955;0:43.654;268.0;Marco SØRENSEN;;LMGTE Pro;;Aston Martin Racing;Aston Martin;
95;1;12;1:39.309;0;;24.772;0;31.534;0;43.003;1;165.4;27:53.469;09:47:53.469;0:24.772;0:31.534;0:43.003;266.7;Marco SØRENSEN;;LMGTE Pro;;Aston Martin Racing;Aston Martin;
95;1;13;1:39.490;0;;24.712;0;31.312;0;43.466;0;165.1;29:32.959;09:49:32.959;0:24.712;0:31.312;0:43.466;266.7;Marco SØRENSEN;;LMGTE Pro;;Aston Martin Racing;Aston Martin;
95;1;14;1:39.308;0;;24.684;0;31.395;0;43.229;0;165.4;31:12.267;09:51:12.267;0:24.684;0:31.395;0:43.229;268.7;Marco SØRENSEN;;LMGTE Pro;;Aston Martin Racing;Aston Martin;
95;1;15;1:39.626;0;;24.771;0;31.539;0;43.316;0;164.9;32:51.893;09:52:51.893;0:24.771;0:31.539;0:43.316;268.7;Marco SØRENSEN;;LMGTE Pro;;Aston Martin Racing;Aston Martin;
95;1;16;1:39.895;0;;24.690;0;31.293;0;43.912;0;164.4;34:31.788;09:54:31.788;0:24.690;0:31.293;0:43.912;269.3;Marco SØRENSEN;;LMGTE Pro;;Aston Martin Racing;Aston Martin;
95;1;17;1:39.578;0;;24.665;0;31.632;0;43.281;0;165.0;36:11.366;09:56:11.366;0:24.665;0:31.632;0:43.281;268.7;Marco SØRENSEN;;LMGTE Pro;;Aston Martin Racing;Aston Martin;
95;1;18;1:39.502;0;;24.701;0;31.501;0;43.300;0;165.1;37:50.868;09:57:50.868;0:24.701;0:31.501;0:43.300;267.3;Marco SØRENSEN;;LMGTE Pro;;Aston Martin Racing;Aston Martin;
95;1;19;1:39.779;0;;24.698;0;31.681;0;43.400;0;164.6;39:30.647;09:59:30.647;0:24.698;0:31.681;0:43.400;268.0;Marco SØRENSEN;;LMGTE Pro;;Aston Martin Racing;Aston Martin;
95;1;20;1:39.389;0;;24.610;0;31.552;0;43.227;0;165.3;41:10.036;10:01:10.036;0:24.610;0:31.552;0:43.227;268.7;Marco SØRENSEN;;LMGTE Pro;;Aston Martin Racing;Aston Martin;
95;1;21;1:44.829;0;B;25.067;0;31.581;0;48.181;0;156.7;42:54.865;10:02:54.865;0:25.067;0:31.581;0:48.181;260.9;Marco SØRENSEN;;LMGTE Pro;;Aston Martin Racing;Aston Martin;
95;2;22;3:17.515;0;;2:02.200;0;31.623;0;43.692;0;83.2;46:12.380;10:06:12.380;2:02.200;0:31.623;0:43.692;137.8;Nicki THIIM;0:01:41.401;LMGTE Pro;;Aston Martin Racing;Aston Martin;
95;2;23;1:39.543;0;;24.700;0;31.568;0;43.275;0;165.0;47:51.923;10:07:51.923;0:24.700;0:31.568;0:43.275;268.7;Nicki THIIM;;LMGTE Pro;;Aston Martin Racing;Aston Martin;
95;2;24;1:39.316;0;;24.708;0;31.378;0;43.230;0;165.4;49:31.239;10:09:31.239;0:24.708;0:31.378;0:43.230;268.0;Nicki THIIM;;LMGTE Pro;;Aston Martin Racing;Aston Martin;
95;2;25;1:39.185;0;;24.652;0;31.261;0;43.272;0;165.6;51:10.424;10:11:10.424;0:24.652;0:31.261;0:43.272;268.7;Nicki THIIM;;LMGTE Pro;;Aston Martin Racing;Aston Martin;
95;2;26;1:39.571;0;;24.631;0;31.554;0;43.386;0;165.0;52:49.995;10:12:49.995;0:24.631;0:31.554;0:43.386;269.3;Nicki THIIM;;LMGTE Pro;;Aston Martin Racing;Aston Martin;
95;2;27;1:39.821;0;;24.668;0;31.617;0;43.536;0;164.6;54:29.816;10:14:29.816;0:24.668;0:31.617;0:43.536;270.0;Nicki THIIM;;LMGTE Pro;;Aston Martin Racing;Aston Martin;
95;2;28;1:39.634;0;;24.720;0;31.521;0;43.393;0;164.9;56:09.450;10:16:09.450;0:24.720;0:31.521;0:43.393;270.7;Nicki THIIM;;LMGTE Pro;;Aston Martin Racing;Aston Martin;
95;2;29;1:39.690;0;;24.589;0;31.670;0;43.431;0;164.8;57:49.140;10:17:49.140;0:24.589;0:31.670;0:43.431;271.4;Nicki THIIM;;LMGTE Pro;;Aston Martin Racing;Aston Martin;
95;2;30;1:39.672;0;;24.678;0;31.484;0;43.510;0;164.8;59:28.812;10:19:28.812;0:24.678;0:31.484;0:43.510;272.7;Nicki THIIM;;LMGTE Pro;;Aston Martin Racing;Aston Martin;
95;2;31;1:40.185;0;;24.967;0;31.785;0;43.433;0;164.0;1:01:08.997;10:21:08.997;0:24.967;0:31.785;0:43.433;257.8;Nicki THIIM;;LMGTE Pro;;Aston Martin Racing;Aston Martin;
97;1;1;2:42.794;0;;1:26.380;0;32.329;0;44.085;0;94.1;2:42.794;09:22:42.794;1:26.380;0:32.329;0:44.085;134.0;Alexander LYNN;0:01:02.425;LMGTE Pro;;Aston Martin Racing;Aston Martin;
97;1;2;1:40.023;0;;25.043;0;31.510;0;43.470;0;164.2;4:22.817;09:24:22.817;0:25.043;0:31.510;0:43.470;262.8;Alexander LYNN;;LMGTE Pro;;Aston Martin Racing;Aston Martin;
97;1;3;1:44.677;0;B;24.872;0;31.377;0;48.428;0;156.9;6:07.494;09:26:07.494;0:24.872;0:31.377;0:48.428;266.0;Alexander LYNN;;LMGTE Pro;;Aston Martin Racing;Aston Martin;
97;2;4;3:01.950;0;;1:46.454;0;31.841;0;43.655;0;90.3;9:09.444;09:29:09.444;1:46.454;0:31.841;0:43.655;137.1;Maxime MARTIN;0:01:25.840;LMGTE Pro;;Aston Martin Racing;Aston Martin;
97;2;5;1:41.229;0;;25.075;0;32.565;0;43.589;0;162.3;10:50.673;09:30:50.673;0:25.075;0:32.565;0:43.589;265.4;Maxime MARTIN;;LMGTE Pro;;Aston Martin Racing;Aston Martin;
97;2;6;1:46.344;0;B;25.122;0;31.655;0;49.567;0;154.5;12:37.017;09:32:37.017;0:25.122;0:31.655;0:49.567;265.4;Maxime MARTIN;;LMGTE Pro;;Aston Martin Racing;Aston Martin;
97;2;7;4:51.502;0;;3:34.150;0;32.551;0;44.801;0;56.4;17:28.519;09:37:28.519;3:34.150;0:32.551;0:44.801;131.2;Maxime MARTIN;0:03:13.072;LMGTE Pro;;Aston Martin Racing;Aston Martin;
97;2;8;1:38.254;0;;24.610;0;31.033;0;42.611;2;167.2;19:06.773;09:39:06.773;0:24.610;0:31.033;0:42.611;268.0;Maxime MARTIN;;LMGTE Pro;;Aston Martin Racing;Aston Martin;
97;2;9;1:41.722;0;;24.780;0;32.996;0;43.946;0;161.5;20:48.495;09:40:48.495;0:24.780;0:32.996;0:43.946;270.7;Maxime MARTIN;;LMGTE Pro;;Aston Martin Racing;Aston Martin;
97;2;10;1:46.007;0;B;24.523;1;30.944;1;50.540;0;155.0;22:34.502;09:42:34.502;0:24.523;0:30.944;0:50.540;268.7;Maxime MARTIN;;LMGTE Pro;;Aston Martin Racing;Aston Martin;
97;1;11;4:25.610;0;;3:09.112;0;32.209;0;44.289;0;61.8;27:00.112;09:47:00.112;3:09.112;0:32.209;0:44.289;139.4;Alexander LYNN;0:02:48.356;LMGTE Pro;;Aston Martin Racing;Aston Martin;
97;1;12;1:38.275;0;;24.494;2;30.834;0;42.947;0;167.2;28:38.387;09:48:38.387;0:24.494;0:30.834;0:42.947;268.0;Alexander LYNN;;LMGTE Pro;;Aston Martin Racing;Aston Martin;
97;1;13;1:42.043;0;;25.909;0;32.372;0;43.762;0;161.0;30:20.430;09:50:20.430;0:25.909;0:32.372;0:43.762;218.2;Alexander LYNN;;LMGTE Pro;;Aston Martin Racing;Aston Martin;
97;1;14;1:38.109;2;;24.520;0;30.827;2;42.762;1;167.4;31:58.539;09:51:58.539;0:24.520;0:30.827;0:42.762;268.0;Alexander LYNN;;LMGTE Pro;;Aston Martin Racing;Aston Martin;
97;1;15;1:46.535;0;B;25.205;0;32.333;0;48.997;0;154.2;33:45.074;09:53:45.074;0:25.205;0:32.333;0:48.997;250.6;Alexander LYNN;;LMGTE Pro;;Aston Martin Racing;Aston Martin;
97;1;16;4:36.781;0;;3:21.875;0;31.506;0;43.400;0;59.3;38:21.855;09:58:21.855;3:21.875;0:31.506;0:43.400;139.4;Alexander LYNN;0:03:01.331;LMGTE Pro;;Aston Martin Racing;Aston Martin;
97;1;17;1:39.331;0;;24.706;0;31.552;0;43.073;0;165.4;40:01.186;10:00:01.186;0:24.706;0:31.552;0:43.073;266.7;Alexander LYNN;;LMGTE Pro;;Aston Martin Racing;Aston Martin;
97;1;18;1:40.387;0;;24.773;0;31.015;0;44.599;0;163.6;41:41.573;10:01:41.573;0:24.773;0:31.015;0:44.599;269.3;Alexander LYNN;;LMGTE Pro;;Aston Martin Racing;Aston Martin;
97;1;19;1:39.080;0;;24.714;0;31.284;0;43.082;0;165.8;43:20.653;10:03:20.653;0:24.714;0:31.284;0:43.082;266.7;Alexander LYNN;;LMGTE Pro;;Aston Martin Racing;Aston Martin;
97;1;20;1:39.248;0;;24.743;0;31.243;0;43.262;0;165.5;44:59.901;10:04:59.901;0:24.743;0:31.243;0:43.262;266.0;Alexander LYNN;;LMGTE Pro;;Aston Martin Racing;Aston Martin;
97;1;21;1:39.000;0;;24.652;0;31.170;0;43.178;0;165.9;46:38.901;10:06:38.901;0:24.652;0:31.170;0:43.178;268.7;Alexander LYNN;;LMGTE Pro;;Aston Martin Racing;Aston Martin;
97;1;22;1:45.058;0;B;24.989;0;31.470;0;48.599;0;156.4;48:23.959;10:08:23.959;0:24.989;0:31.470;0:48.599;252.3;Alexander LYNN;;LMGTE Pro;;Aston Martin Racing;Aston Martin;
97;2;23;5:23.323;0;;4:05.457;0;33.610;0;44.256;0;50.8;53:47.282;10:13:47.282;4:05.457;0:33.610;0:44.256;135.0;Maxime MARTIN;0:03:44.556;LMGTE Pro;;Aston Martin Racing;Aston Martin;
97;2;24;1:40.074;0;;25.270;0;31.648;0;43.156;0;164.1;55:27.356;10:15:27.356;0:25.270;0:31.648;0:43.156;260.9;Maxime MARTIN;;LMGTE Pro;;Aston Martin Racing;Aston Martin;
97;2;25;1:39.168;0;;24.910;0;31.144;0;43.114;0;165.6;57:06.524;10:17:06.524;0:24.910;0:31.144;0:43.114;264.7;Maxime MARTIN;;LMGTE Pro;;Aston Martin Racing;Aston Martin;
97;2;26;1:39.053;0;;24.754;0;31.205;0;43.094;0;165.8;58:45.577;10:18:45.577;0:24.754;0:31.205;0:43.094;268.0;Maxime MARTIN;;LMGTE Pro;;Aston Martin Racing;Aston Martin;
97;2;27;1:38.950;0;;24.793;0;30.990;0;43.167;0;166.0;1:00:24.527;10:20:24.527;0:24.793;0:30.990;0:43.167;267.3;Maxime MARTIN;;LMGTE Pro;;Aston Martin Racing;Aston Martin;
98;3;1;4:09.590;0;;2:52.627;0;32.432;0;44.531;0;61.4;4:09.590;09:24:09.590;2:52.627;0:32.432;0:44.531;137.4;Ross GUNN;0:02:26.240;LMGTE Am;;Aston Martin Racing;Aston Martin;
98;3;2;1:41.740;0;;25.127;0;32.097;0;44.516;0;161.5;5:51.330;09:25:51.330;0:25.127;0:32.097;0:44.516;267.3;Ross GUNN;;LMGTE Am;;Aston Martin Racing;Aston Martin;
98;3;3;1:39.615;0;;24.808;0;31.426;0;43.381;0;164.9;7:30.945;09:27:30.945;0:24.808;0:31.426;0:43.381;267.3;Ross GUNN;;LMGTE Am;;Aston Martin Racing;Aston Martin;
98;3;4;1:39.627;0;;24.679;0;31.349;0;43.599;0;164.9;9:10.572;09:29:10.572;0:24.679;0:31.349;0:43.599;267.3;Ross GUNN;;LMGTE Am;;Aston Martin Racing;Aston Martin;
98;3;5;1:44.726;0;B;24.592;0;31.286;0;48.848;0;156.9;10:55.298;09:30:55.298;0:24.592;0:31.286;0:48.848;270.0;Ross GUNN;;LMGTE Am;;Aston Martin Racing;Aston Martin;
98;1;6;3:06.004;0;;1:48.856;0;32.767;0;44.381;0;88.3;14:01.302;09:34:01.302;1:48.856;0:32.767;0:44.381;109.6;Paul DALLA LANA;0:01:26.608;LMGTE Am;;Aston Martin Racing;Aston Martin;
98;1;7;1:41.962;0;;25.299;0;32.138;0;44.525;0;161.1;15:43.264;09:35:43.264;0:25.299;0:32.138;0:44.525;259.6;Paul DALLA LANA;;LMGTE Am;;Aston Martin Racing;Aston Martin;
98;1;8;1:41.130;0;;24.951;0;31.930;0;44.249;0;162.4;17:24.394;09:37:24.394;0:24.951;0:31.930;0:44.249;263.4;Paul DALLA LANA;;LMGTE Am;;Aston Martin Racing;Aston Martin;
98;1;9;1:41.254;0;;25.030;0;31.824;0;44.400;0;162.2;19:05.648;09:39:05.648;0:25.030;0:31.824;0:44.400;266.7;Paul DALLA LANA;;LMGTE Am;;Aston Martin Racing;Aston Martin;
98;1;10;1:55.143;0;B;27.821;0;34.638;0;52.684;0;142.7;21:00.791;09:41:00.791;0:27.821;0:34.638;0:52.684;206.9;Paul DALLA LANA;;LMGTE Am;;Aston Martin Racing;Aston Martin;
98;1;11;2:38.809;0;;1:21.698;0;32.206;0;44.905;0;103.4;23:39.600;09:43:39.600;1:21.698;0:32.206;0:44.905;135.0;Paul DALLA LANA;0:01:00.733;LMGTE Am;;Aston Martin Racing;Aston Martin;
98;1;12;1:40.583;0;;25.070;0;31.946;0;43.567;0;163.3;25:20.183;09:45:20.183;0:25.070;0:31.946;0:43.567;266.7;Paul DALLA LANA;;LMGTE Am;;Aston Martin Racing;Aston Martin;
98;1;13;1:40.274;0;;24.940;0;31.768;0;43.566;1;163.8;27:00.457;09:47:00.457;0:24.940;0:31.768;0:43.566;265.4;Paul DALLA LANA;;LMGTE Am;;Aston Martin Racing;Aston Martin;
98;1;14;1:40.174;0;;24.931;0;31.226;1;44.017;0;164.0;28:40.631;09:48:40.631;0:24.931;0:31.226;0:44.017;259.6;Paul DALLA LANA;;LMGTE Am;;Aston Martin Racing;Aston Martin;
98;1;15;1:45.532;0;B;24.788;1;31.718;0;49.026;0;155.7;30:26.163;09:50:26.163;0:24.788;0:31.718;0:49.026;268.7;Paul DALLA LANA;;LMGTE Am;;Aston Martin Racing;Aston Martin;
98;3;16;3:02.412;0;;1:47.961;0;31.226;0;43.225;0;90.1;33:28.575;09:53:28.575;1:47.961;0:31.226;0:43.225;138.1;Ross GUNN;0:01:27.985;LMGTE Am;;Aston Martin Racing;Aston Martin;
98;3;17;1:38.349;0;;24.675;0;30.770;2;42.904;0;167.0;35:06.924;09:55:06.924;0:24.675;0:30.770;0:42.904;267.3;Ross GUNN;;LMGTE Am;;Aston Martin Racing;Aston Martin;
98;3;18;1:38.307;2;;24.481;0;30.957;0;42.869;2;167.1;36:45.231;09:56:45.231;0:24.481;0:30.957;0:42.869;269.3;Ross GUNN;;LMGTE Am;;Aston Martin Racing;Aston Martin;
98;3;19;1:39.228;0;;24.441;2;31.090;0;43.697;0;165.5;38:24.459;09:58:24.459;0:24.441;0:31.090;0:43.697;269.3;Ross GUNN;;LMGTE Am;;Aston Martin Racing;Aston Martin;
98;3;20;1:44.433;0;B;24.637;0;30.934;0;48.862;0;157.3;40:08.892;10:00:08.892;0:24.637;0:30.934;0:48.862;270.0;Ross GUNN;;LMGTE Am;;Aston Martin Racing;Aston Martin;
98;2;21;3:14.984;0;;1:55.612;0;31.784;0;47.588;0;84.2;43:23.876;10:03:23.876;1:55.612;0:31.784;0:47.588;140.8;Darren TURNER;0:01:35.399;LMGTE Am;;Aston Martin Racing;Aston Martin;
98;2;22;1:39.968;0;;25.114;0;31.319;1;43.535;0;164.3;45:03.844;10:05:03.844;0:25.114;0:31.319;0:43.535;264.7;Darren TURNER;;LMGTE Am;;Aston Martin Racing;Aston Martin;
98;2;23;1:39.835;0;;24.738;1;31.381;0;43.716;0;164.5;46:43.679;10:06:43.679;0:24.738;0:31.381;0:43.716;270.0;Darren TURNER;;LMGTE Am;;Aston Martin Racing;Aston Martin;
98;2;24;1:39.798;0;;24.918;0;31.495;0;43.385;1;164.6;48:23.477;10:08:23.477;0:24.918;0:31.495;0:43.385;267.3;Darren TURNER;;LMGTE Am;;Aston Martin Racing;Aston Martin;
98;2;25;1:47.057;0;B;24.821;0;32.147;0;50.089;0;153.4;50:10.534;10:10:10.534;0:24.821;0:32.147;0:50.089;269.3;Darren TURNER;;LMGTE Am;;Aston Martin Racing;Aston Martin;
98;1;26;4:38.693;0;;3:22.811;0;32.089;0;43.793;0;58.9;54:49.227;10:14:49.227;3:22.811;0:32.089;0:43.793;121.8;Paul DALLA LANA;0:02:58.939;LMGTE Am;;Aston Martin Racing;Aston Martin;
98;1;27;1:40.353;0;;24.917;0;31.604;0;43.832;0;163.7;56:29.580;10:16:29.580;0:24.917;0:31.604;0:43.832;267.3;Paul DALLA LANA;;LMGTE Am;;Aston Martin Racing;Aston Martin;
98;1;28;1:40.809;0;;25.080;0;31.785;0;43.944;0;162.9;58:10.389;10:18:10.389;0:25.080;0:31.785;0:43.944;268.0;Paul DALLA LANA;;LMGTE Am;;Aston Martin Racing;Aston Martin;
98;1;29;1:40.369;0;;24.899;0;31.761;0;43.709;0;163.7;59:50.758;10:19:50.758;0:24.899;0:31.761;0:43.709;268.7;Paul DALLA LANA;;LMGTE Am;;Aston Martin Racing;Aston Martin;
98;1;30;1:40.633;0;;25.094;0;31.615;0;43.924;0;163.2;1:01:31.391;10:21:31.391;0:25.094;0:31.615;0:43.924;267.3;Paul DALLA LANA;;LMGTE Am;;Aston Martin Racing;Aston Martin;
