NUMBER; DRIVER_NUMBER; LAP_NUMBER; LAP_TIME; LAP_IMPROVEMENT; CROSSING_FINISH_LINE_IN_PIT; S1; S1_IMPROVEMENT; S2; S2_IMPROVEMENT; S3; S3_IMPROVEMENT; KPH; ELAPSED; HOUR;S1_LARGE;S2_LARGE;S3_LARGE;TOP_SPEED;DRIVER_NAME;PIT_TIME;CLASS;GROUP;TEAM;MANUFACTURER;
0;0;1;2:17.219;0;;46.128;0;54.075;0;37.016;0;170.9;2:17.219;09:27:17.219;0:46.128;0:54.075;0:37.016;236.7;Katherine Legge;0:00:08.325;P;;Panoz DeltaWing Racing;DeltaWing;
0;0;2;1:59.520;0;;34.492;0;49.028;0;36.000;0;196.2;4:16.739;09:29:16.739;0:34.492;0:49.028;0:36.000;278.6;Katherine Legge;;P;;Panoz DeltaWing Racing;DeltaWing;
0;0;3;1:58.514;0;;34.171;0;48.296;0;36.047;0;197.9;6:15.253;09:31:15.253;0:34.171;0:48.296;0:36.047;277.4;Katherine Legge;;P;;Panoz DeltaWing Racing;DeltaWing;
0;0;4;2:21.165;0;B;34.187;0;50.661;0;56.317;0;166.1;8:36.418;09:33:36.418;0:34.187;0:50.661;0:56.317;279.1;Katherine Legge;;P;;Panoz DeltaWing Racing;DeltaWing;
0;0;5;2:27.164;0;;1:01.583;0;49.811;0;35.770;0;159.4;11:03.582;09:36:03.582;1:01.583;0:49.811;0:35.770;258.9;Katherine Legge;0:00:40.278;P;;Panoz DeltaWing Racing;DeltaWing;
0;0;6;1:57.196;2;;34.172;0;47.925;2;35.099;2;200.1;13:00.778;09:38:00.778;0:34.172;0:47.925;0:35.099;277.4;Katherine Legge;;P;;Panoz DeltaWing Racing;DeltaWing;
0;0;7;2:20.925;0;B;35.141;0;51.322;0;54.462;0;166.4;15:21.703;09:40:21.703;0:35.141;0:51.322;0:54.462;271.7;Katherine Legge;;P;;Panoz DeltaWing Racing;DeltaWing;
0;0;8;13:01.546;0;;11:32.301;0;53.130;0;36.115;0;30.0;28:23.249;09:53:23.249;11:32.301;0:53.130;0:36.115;225.8;Katherine Legge;0:11:14.651;P;;Panoz DeltaWing Racing;DeltaWing;
0;0;9;1:57.530;0;;34.215;0;48.043;0;35.272;0;199.5;30:20.779;09:55:20.779;0:34.215;0:48.043;0:35.272;276.8;Katherine Legge;;P;;Panoz DeltaWing Racing;DeltaWing;
0;0;10;2:18.505;0;B;33.857;2;48.469;0;56.179;0;169.3;32:39.284;09:57:39.284;0:33.857;0:48.469;0:56.179;279.1;Katherine Legge;;P;;Panoz DeltaWing Racing;DeltaWing;
0;0;11;5:05.855;0;B;3:01.799;0;1:00.370;0;1:03.686;0;76.7;37:45.139;10:02:45.139;3:01.799;1:00.370;1:03.686;225.8;Katherine Legge;0:02:45.479;P;;Panoz DeltaWing Racing;DeltaWing;
0;1;12;10:37.649;0;;9:05.388;0;56.046;0;36.215;1;36.8;48:22.788;10:13:22.788;9:05.388;0:56.046;0:36.215;189.0;Sean Rayhall;0:08:48.764;P;;Panoz DeltaWing Racing;DeltaWing;
0;1;13;1:58.647;0;;34.232;0;48.169;0;36.246;0;197.7;50:21.435;10:15:21.435;0:34.232;0:48.169;0:36.246;276.2;Sean Rayhall;;P;;Panoz DeltaWing Racing;DeltaWing;
0;1;14;2:01.202;0;;34.517;0;50.185;0;36.500;0;193.5;52:22.637;10:17:22.637;0:34.517;0:50.185;0:36.500;276.2;Sean Rayhall;;P;;Panoz DeltaWing Racing;DeltaWing;
0;1;15;2:17.886;0;B;34.317;0;49.575;0;53.994;0;170.1;54:40.523;10:19:40.523;0:34.317;0:49.575;0:53.994;279.7;Sean Rayhall;;P;;Panoz DeltaWing Racing;DeltaWing;
0;1;16;3:45.744;0;;2:08.939;0;56.797;0;40.008;0;103.9;58:26.267;10:23:26.267;2:08.939;0:56.797;0:40.008;200.5;Sean Rayhall;0:01:49.798;P;;Panoz DeltaWing Racing;DeltaWing;
0;1;17;1:58.905;0;;33.941;1;47.938;1;37.026;0;197.2;1:00:25.172;10:25:25.172;0:33.941;0:47.938;0:37.026;279.7;Sean Rayhall;;P;;Panoz DeltaWing Racing;DeltaWing;
10;1;1;2:21.955;0;;50.107;0;54.075;0;37.773;0;165.2;2:21.955;09:27:21.955;0:50.107;0:54.075;0:37.773;244.6;Jordan Taylor;0:00:10.853;P;;No. 10 Konica Minolta Corvette DP for Wayne Taylor;Chevrolet;
10;1;2;1:58.163;0;;34.747;0;48.132;0;35.284;0;198.5;4:20.118;09:29:20.118;0:34.747;0:48.132;0:35.284;278.0;Jordan Taylor;;P;;No. 10 Konica Minolta Corvette DP for Wayne Taylor;Chevrolet;
10;1;3;1:55.435;2;;33.745;0;46.912;2;34.778;2;203.2;6:15.553;09:31:15.553;0:33.745;0:46.912;0:34.778;280.3;Jordan Taylor;;P;;No. 10 Konica Minolta Corvette DP for Wayne Taylor;Chevrolet;
10;1;4;1:57.438;0;;34.125;0;48.152;0;35.161;0;199.7;8:12.991;09:33:12.991;0:34.125;0:48.152;0:35.161;282.1;Jordan Taylor;;P;;No. 10 Konica Minolta Corvette DP for Wayne Taylor;Chevrolet;
10;1;5;1:55.477;0;;33.676;2;46.959;0;34.842;0;203.1;10:08.468;09:35:08.468;0:33.676;0:46.959;0:34.842;279.7;Jordan Taylor;;P;;No. 10 Konica Minolta Corvette DP for Wayne Taylor;Chevrolet;
10;1;6;2:12.023;0;B;34.079;0;47.108;0;50.836;0;177.6;12:20.491;09:37:20.491;0:34.079;0:47.108;0:50.836;279.1;Jordan Taylor;;P;;No. 10 Konica Minolta Corvette DP for Wayne Taylor;Chevrolet;
10;1;7;6:05.130;0;;4:41.427;0;48.275;0;35.428;0;64.2;18:25.621;09:43:25.621;4:41.427;0:48.275;0:35.428;276.8;Jordan Taylor;0:04:25.919;P;;No. 10 Konica Minolta Corvette DP for Wayne Taylor;Chevrolet;
10;1;8;2:19.794;0;B;35.128;0;49.767;0;54.899;0;167.8;20:45.415;09:45:45.415;0:35.128;0:49.767;0:54.899;279.7;Jordan Taylor;;P;;No. 10 Konica Minolta Corvette DP for Wayne Taylor;Chevrolet;
10;0;9;7:59.167;0;;6:32.753;0;50.154;0;36.260;0;48.9;28:44.582;09:53:44.582;6:32.753;0:50.154;0:36.260;277.4;Ricky Taylor;0:06:16.885;P;;No. 10 Konica Minolta Corvette DP for Wayne Taylor;Chevrolet;
10;0;10;1:57.187;0;;34.097;0;47.670;0;35.420;0;200.1;30:41.769;09:55:41.769;0:34.097;0:47.670;0:35.420;279.7;Ricky Taylor;;P;;No. 10 Konica Minolta Corvette DP for Wayne Taylor;Chevrolet;
10;0;11;1:58.412;0;;34.006;0;48.177;0;36.229;0;198.1;32:40.181;09:57:40.181;0:34.006;0:48.177;0:36.229;279.1;Ricky Taylor;;P;;No. 10 Konica Minolta Corvette DP for Wayne Taylor;Chevrolet;
10;0;12;2:14.200;0;B;34.067;0;47.528;0;52.605;0;174.8;34:54.381;09:59:54.381;0:34.067;0:47.528;0:52.605;278.0;Ricky Taylor;;P;;No. 10 Konica Minolta Corvette DP for Wayne Taylor;Chevrolet;
10;0;13;13:15.648;0;;11:42.352;0;56.302;0;36.994;0;29.5;48:10.029;10:13:10.029;11:42.352;0:56.302;0:36.994;225.8;Ricky Taylor;0:11:21.870;P;;No. 10 Konica Minolta Corvette DP for Wayne Taylor;Chevrolet;
10;0;14;1:59.245;0;;34.684;0;49.163;0;35.398;0;196.7;50:09.274;10:15:09.274;0:34.684;0:49.163;0:35.398;279.1;Ricky Taylor;;P;;No. 10 Konica Minolta Corvette DP for Wayne Taylor;Chevrolet;
10;0;15;1:57.871;0;;35.295;0;47.464;0;35.112;0;199.0;52:07.145;10:17:07.145;0:35.295;0:47.464;0:35.112;278.0;Ricky Taylor;;P;;No. 10 Konica Minolta Corvette DP for Wayne Taylor;Chevrolet;
10;0;16;1:56.909;0;;33.781;0;48.113;0;35.015;0;200.6;54:04.054;10:19:04.054;0:33.781;0:48.113;0:35.015;278.6;Ricky Taylor;;P;;No. 10 Konica Minolta Corvette DP for Wayne Taylor;Chevrolet;
10;0;17;1:56.357;0;;33.970;0;47.424;0;34.963;0;201.6;56:00.411;10:21:00.411;0:33.970;0:47.424;0:34.963;279.7;Ricky Taylor;;P;;No. 10 Konica Minolta Corvette DP for Wayne Taylor;Chevrolet;
10;0;18;1:58.392;0;;33.770;1;49.454;0;35.168;0;198.1;57:58.803;10:22:58.803;0:33.770;0:49.454;0:35.168;278.0;Ricky Taylor;;P;;No. 10 Konica Minolta Corvette DP for Wayne Taylor;Chevrolet;
10;0;19;1:55.861;0;;33.872;0;47.151;1;34.838;1;202.4;59:54.664;10:24:54.664;0:33.872;0:47.151;0:34.838;278.0;Ricky Taylor;;P;;No. 10 Konica Minolta Corvette DP for Wayne Taylor;Chevrolet;
10;0;20;2:15.259;0;B;34.178;0;48.413;0;52.668;0;173.4;1:02:09.923;10:27:09.923;0:34.178;0:48.413;0:52.668;278.0;Ricky Taylor;;P;;No. 10 Konica Minolta Corvette DP for Wayne Taylor;Chevrolet;
100;0;1;3:01.715;0;;1:29.041;0;53.970;0;38.704;0;129.1;3:01.715;09:28:01.715;1:29.041;0:53.970;0:38.704;256.9;John Edwards;0:00:51.433;GTLM;;BMW Team RLL;BMW;
100;0;2;2:06.664;0;;36.701;0;51.914;0;38.049;0;185.2;5:08.379;09:30:08.379;0:36.701;0:51.914;0:38.049;263.6;John Edwards;;GTLM;;BMW Team RLL;BMW;
100;0;3;2:26.171;0;;36.376;0;1:02.228;0;47.567;0;160.4;7:34.550;09:32:34.550;0:36.376;1:02.228;0:47.567;259.4;John Edwards;;GTLM;;BMW Team RLL;BMW;
100;0;4;2:03.712;0;;36.189;0;50.104;1;37.419;0;189.6;9:38.262;09:34:38.262;0:36.189;0:50.104;0:37.419;259.4;John Edwards;;GTLM;;BMW Team RLL;BMW;
100;0;5;2:03.938;0;;35.937;2;50.728;0;37.273;0;189.2;11:42.200;09:36:42.200;0:35.937;0:50.728;0:37.273;261.0;John Edwards;;GTLM;;BMW Team RLL;BMW;
100;0;6;2:19.711;0;B;36.059;0;50.710;0;52.942;0;167.9;14:01.911;09:39:01.911;0:36.059;0:50.710;0:52.942;259.9;John Edwards;;GTLM;;BMW Team RLL;BMW;
100;0;7;5:05.758;0;B;3:18.130;0;50.437;0;57.191;0;76.7;19:07.669;09:44:07.669;3:18.130;0:50.437;0:57.191;257.4;John Edwards;0:03:01.027;GTLM;;BMW Team RLL;BMW;
100;0;8;9:24.911;0;;7:48.909;0;51.795;0;44.207;0;41.5;28:32.580;09:53:32.580;7:48.909;0:51.795;0:44.207;257.9;John Edwards;0:07:31.823;GTLM;;BMW Team RLL;BMW;
100;0;9;2:03.808;0;;36.369;0;50.254;0;37.185;0;189.4;30:36.388;09:55:36.388;0:36.369;0:50.254;0:37.185;259.4;John Edwards;;GTLM;;BMW Team RLL;BMW;
100;0;10;2:03.562;2;;36.230;0;50.162;0;37.170;2;189.8;32:39.950;09:57:39.950;0:36.230;0:50.162;0:37.170;262.5;John Edwards;;GTLM;;BMW Team RLL;BMW;
100;0;11;2:18.726;0;B;36.229;0;50.207;0;52.290;0;169.1;34:58.676;09:59:58.676;0:36.229;0:50.207;0:52.290;261.0;John Edwards;;GTLM;;BMW Team RLL;BMW;
100;1;12;12:19.018;0;;10:41.926;0;56.125;0;40.967;0;31.7;47:17.694;10:12:17.694;10:41.926;0:56.125;0:40.967;196.0;Lucas Luhr;0:10:22.019;GTLM;;BMW Team RLL;BMW;
100;1;13;2:21.053;0;B;36.389;0;51.107;0;53.557;0;166.3;49:38.747;10:14:38.747;0:36.389;0:51.107;0:53.557;261.0;Lucas Luhr;;GTLM;;BMW Team RLL;BMW;
100;1;14;3:37.782;0;;1:59.663;0;53.018;0;45.101;0;107.7;53:16.529;10:18:16.529;1:59.663;0:53.018;0:45.101;256.4;Lucas Luhr;0:01:40.671;GTLM;;BMW Team RLL;BMW;
100;1;15;2:06.769;0;;37.649;0;51.579;0;37.541;0;185.0;55:23.298;10:20:23.298;0:37.649;0:51.579;0:37.541;231.7;Lucas Luhr;;GTLM;;BMW Team RLL;BMW;
100;1;16;2:04.393;0;;35.948;1;50.011;0;38.434;0;188.5;57:27.691;10:22:27.691;0:35.948;0:50.011;0:38.434;261.5;Lucas Luhr;;GTLM;;BMW Team RLL;BMW;
100;1;17;2:03.720;0;;36.089;0;49.970;2;37.661;0;189.6;59:31.411;10:24:31.411;0:36.089;0:49.970;0:37.661;261.5;Lucas Luhr;;GTLM;;BMW Team RLL;BMW;
100;1;18;2:04.597;0;;36.712;0;50.500;0;37.385;1;188.2;1:01:36.008;10:26:36.008;0:36.712;0:50.500;0:37.385;261.0;Lucas Luhr;;GTLM;;BMW Team RLL;BMW;
16;0;1;4:00.350;0;;2:23.017;0;57.046;0;40.287;0;97.6;4:00.350;09:29:00.350;2:23.017;0:57.046;0:40.287;256.9;Corey Lewis;0:01:44.227;GTD;;Change Racing;Lamborghini;
16;0;2;2:12.227;0;;37.916;0;55.060;0;39.251;0;177.4;6:12.577;09:31:12.577;0:37.916;0:55.060;0:39.251;261.0;Corey Lewis;;GTD;;Change Racing;Lamborghini;
16;0;3;2:10.307;0;;37.653;0;53.577;0;39.077;0;180.0;8:22.884;09:33:22.884;0:37.653;0:53.577;0:39.077;264.1;Corey Lewis;;GTD;;Change Racing;Lamborghini;
16;0;4;2:09.825;0;;37.330;0;52.982;0;39.513;0;180.6;10:32.709;09:35:32.709;0:37.330;0:52.982;0:39.513;262.5;Corey Lewis;;GTD;;Change Racing;Lamborghini;
16;0;5;2:09.894;0;;37.327;0;53.753;0;38.814;0;180.6;12:42.603;09:37:42.603;0:37.327;0:53.753;0:38.814;263.6;Corey Lewis;;GTD;;Change Racing;Lamborghini;
16;0;6;2:08.811;0;;37.348;0;52.848;1;38.615;1;182.1;14:51.414;09:39:51.414;0:37.348;0:52.848;0:38.615;262.0;Corey Lewis;;GTD;;Change Racing;Lamborghini;
16;0;7;2:09.850;0;;37.269;1;53.360;0;39.221;0;180.6;17:01.264;09:42:01.264;0:37.269;0:53.360;0:39.221;262.5;Corey Lewis;;GTD;;Change Racing;Lamborghini;
16;0;8;2:28.116;0;B;37.607;0;54.070;0;56.439;0;158.3;19:29.380;09:44:29.380;0:37.607;0:54.070;0:56.439;262.5;Corey Lewis;;GTD;;Change Racing;Lamborghini;
16;0;9;10:41.611;0;;9:07.038;0;54.975;0;39.598;0;36.6;30:10.991;09:55:10.991;9:07.038;0:54.975;0:39.598;256.9;Corey Lewis;0:08:49.373;GTD;;Change Racing;Lamborghini;
16;0;10;2:11.585;0;;37.849;0;54.286;0;39.450;0;178.2;32:22.576;09:57:22.576;0:37.849;0:54.286;0:39.450;257.4;Corey Lewis;;GTD;;Change Racing;Lamborghini;
16;0;11;2:29.970;0;B;37.914;0;55.659;0;56.397;0;156.4;34:52.546;09:59:52.546;0:37.914;0:55.659;0:56.397;258.9;Corey Lewis;;GTD;;Change Racing;Lamborghini;
16;1;12;12:48.817;0;B;10:57.642;0;54.928;0;56.247;0;30.5;47:41.363;10:12:41.363;10:57.642;0:54.928;0:56.247;258.4;Spencer Pumpelly;0:10:39.912;GTD;;Change Racing;Lamborghini;
16;1;13;3:01.815;0;;1:28.317;0;54.857;0;38.641;0;129.0;50:43.178;10:15:43.178;1:28.317;0:54.857;0:38.641;244.1;Spencer Pumpelly;0:01:09.075;GTD;;Change Racing;Lamborghini;
16;1;14;2:08.035;0;;36.998;0;52.425;0;38.612;0;183.2;52:51.213;10:17:51.213;0:36.998;0:52.425;0:38.612;264.1;Spencer Pumpelly;;GTD;;Change Racing;Lamborghini;
16;1;15;2:07.604;0;;37.068;0;52.151;2;38.385;2;183.8;54:58.817;10:19:58.817;0:37.068;0:52.151;0:38.385;264.1;Spencer Pumpelly;;GTD;;Change Racing;Lamborghini;
16;1;16;2:08.185;0;;36.951;0;52.617;0;38.617;0;183.0;57:07.002;10:22:07.002;0:36.951;0:52.617;0:38.617;264.6;Spencer Pumpelly;;GTD;;Change Racing;Lamborghini;
16;1;17;2:07.539;2;;36.696;2;52.398;0;38.445;0;183.9;59:14.541;10:24:14.541;0:36.696;0:52.398;0:38.445;264.1;Spencer Pumpelly;;GTD;;Change Racing;Lamborghini;
16;1;18;2:32.513;0;B;36.886;0;59.455;0;56.172;0;153.8;1:01:47.054;10:26:47.054;0:36.886;0:59.455;0:56.172;263.6;Spencer Pumpelly;;GTD;;Change Racing;Lamborghini;
20;1;1;2:51.326;0;;1:15.475;0;56.418;0;39.433;0;136.9;2:51.326;09:27:51.326;1:15.475;0:56.418;0:39.433;218.0;Bruno Junqueira;0:00:37.781;PC;;BAR1 Motorsports;ORECA;
20;1;2;2:03.478;0;;36.046;0;50.660;0;36.772;0;189.9;4:54.804;09:29:54.804;0:36.046;0:50.660;0:36.772;265.2;Bruno Junqueira;;PC;;BAR1 Motorsports;ORECA;
20;1;3;2:00.757;0;;35.218;0;49.457;0;36.082;0;194.2;6:55.561;09:31:55.561;0:35.218;0:49.457;0:36.082;265.2;Bruno Junqueira;;PC;;BAR1 Motorsports;ORECA;
20;1;4;2:00.132;0;;35.121;0;49.016;0;35.995;2;195.2;8:55.693;09:33:55.693;0:35.121;0:49.016;0:35.995;265.2;Bruno Junqueira;;PC;;BAR1 Motorsports;ORECA;
20;1;5;2:00.109;2;;35.105;1;48.955;1;36.049;0;195.3;10:55.802;09:35:55.802;0:35.105;0:48.955;0:36.049;264.1;Bruno Junqueira;;PC;;BAR1 Motorsports;ORECA;
20;1;6;2:19.046;0;B;35.297;0;50.125;0;53.624;0;168.7;13:14.848;09:38:14.848;0:35.297;0:50.125;0:53.624;265.2;Bruno Junqueira;;PC;;BAR1 Motorsports;ORECA;
20;0;7;7:30.029;0;B;5:42.818;0;51.997;0;55.214;0;52.1;20:44.877;09:45:44.877;5:42.818;0:51.997;0:55.214;262.5;Matthew McMurry;0:05:24.665;PC;;BAR1 Motorsports;ORECA;
20;0;8;7:50.924;0;;6:21.257;0;51.948;0;37.719;0;49.8;28:35.801;09:53:35.801;6:21.257;0:51.948;0:37.719;263.1;Matthew McMurry;0:06:04.396;PC;;BAR1 Motorsports;ORECA;
20;0;9;2:01.987;0;;35.675;0;49.811;0;36.501;0;192.3;30:37.788;09:55:37.788;0:35.675;0:49.811;0:36.501;265.2;Matthew McMurry;;PC;;BAR1 Motorsports;ORECA;
20;0;10;2:20.142;0;B;35.716;0;49.968;0;54.458;0;167.3;32:57.930;09:57:57.930;0:35.716;0:49.968;0:54.458;267.8;Matthew McMurry;;PC;;BAR1 Motorsports;ORECA;
20;0;11;14:18.390;0;;12:48.505;0;52.716;0;37.169;0;27.3;47:16.320;10:12:16.320;12:48.505;0:52.716;0:37.169;264.1;Matthew McMurry;0:12:30.880;PC;;BAR1 Motorsports;ORECA;
20;0;12;2:03.925;0;;35.531;0;51.537;0;36.857;0;189.2;49:20.245;10:14:20.245;0:35.531;0:51.537;0:36.857;268.9;Matthew McMurry;;PC;;BAR1 Motorsports;ORECA;
20;0;13;2:02.180;0;;35.168;0;49.748;0;37.264;0;192.0;51:22.425;10:16:22.425;0:35.168;0:49.748;0:37.264;268.4;Matthew McMurry;;PC;;BAR1 Motorsports;ORECA;
20;0;14;2:01.931;0;;36.862;0;48.998;0;36.071;1;192.3;53:24.356;10:18:24.356;0:36.862;0:48.998;0:36.071;263.6;Matthew McMurry;;PC;;BAR1 Motorsports;ORECA;
20;0;15;2:00.371;0;;35.387;0;48.758;2;36.226;0;194.8;55:24.727;10:20:24.727;0:35.387;0:48.758;0:36.226;265.7;Matthew McMurry;;PC;;BAR1 Motorsports;ORECA;
20;0;16;2:01.393;0;;35.000;2;49.708;0;36.685;0;193.2;57:26.120;10:22:26.120;0:35.000;0:49.708;0:36.685;267.8;Matthew McMurry;;PC;;BAR1 Motorsports;ORECA;
20;0;17;2:03.388;0;;35.407;0;50.818;0;37.163;0;190.1;59:29.508;10:24:29.508;0:35.407;0:50.818;0:37.163;266.8;Matthew McMurry;;PC;;BAR1 Motorsports;ORECA;
20;0;18;2:00.664;0;;35.078;0;48.850;0;36.736;0;194.4;1:01:30.172;10:26:30.172;0:35.078;0:48.850;0:36.736;265.7;Matthew McMurry;;PC;;BAR1 Motorsports;ORECA;
22;1;1;3:23.331;0;;1:45.143;0;57.695;0;40.493;0;115.3;3:23.331;09:28:23.331;1:45.143;0:57.695;0:40.493;217.3;Sven Muller;0:01:03.695;GTD;;Alex Job Racing;Porsche;
22;1;2;2:11.920;0;;38.160;0;54.897;0;38.863;0;177.8;5:35.251;09:30:35.251;0:38.160;0:54.897;0:38.863;250.6;Sven Muller;;GTD;;Alex Job Racing;Porsche;
22;1;3;3:11.078;0;B;37.567;0;54.719;0;1:38.792;0;122.7;8:46.329;09:33:46.329;0:37.567;0:54.719;1:38.792;258.9;Sven Muller;;GTD;;Alex Job Racing;Porsche;
22;1;4;2:35.192;0;;59.939;0;56.368;0;38.885;0;151.1;11:21.521;09:36:21.521;0:59.939;0:56.368;0:38.885;246.4;Sven Muller;0:01:21.612;GTD;;Alex Job Racing;Porsche;
22;1;5;2:07.651;2;;37.121;2;52.019;0;38.511;0;183.7;13:29.172;09:38:29.172;0:37.121;0:52.019;0:38.511;258.4;Sven Muller;;GTD;;Alex Job Racing;Porsche;
22;1;6;2:07.676;0;;37.174;0;51.984;2;38.518;0;183.7;15:36.848;09:40:36.848;0:37.174;0:51.984;0:38.518;260.5;Sven Muller;;GTD;;Alex Job Racing;Porsche;
22;1;7;11:23.874;0;B;37.287;0;54.033;0;9:52.554;0;34.3;27:00.722;09:52:00.722;0:37.287;0:54.033;9:52.554;259.4;Sven Muller;;GTD;;Alex Job Racing;Porsche;
22;1;8;2:33.400;0;;1:00.192;0;54.179;0;39.029;0;152.9;29:34.122;09:54:34.122;1:00.192;0:54.179;0:39.029;250.1;Sven Muller;0:09:33.403;GTD;;Alex Job Racing;Porsche;
22;1;9;2:07.849;0;;37.245;0;52.149;0;38.455;2;183.4;31:41.971;09:56:41.971;0:37.245;0:52.149;0:38.455;257.4;Sven Muller;;GTD;;Alex Job Racing;Porsche;
22;1;10;4:10.760;0;B;37.212;0;52.327;0;2:41.221;0;93.5;35:52.731;10:00:52.731;0:37.212;0:52.327;2:41.221;258.9;Sven Muller;;GTD;;Alex Job Racing;Porsche;
22;0;11;10:37.259;0;;9:03.499;0;54.289;0;39.471;0;36.8;46:29.990;10:11:29.990;9:03.499;0:54.289;0:39.471;254.9;Cooper MacNeil;0:10:29.640;GTD;;Alex Job Racing;Porsche;
22;0;12;2:54.676;0;B;37.809;0;52.930;0;1:23.937;0;134.3;49:24.666;10:14:24.666;0:37.809;0:52.930;1:23.937;256.9;Cooper MacNeil;;GTD;;Alex Job Racing;Porsche;
22;0;13;2:36.781;0;;59.527;0;54.917;0;42.337;0;149.6;52:01.447;10:17:01.447;0:59.527;0:54.917;0:42.337;246.9;Cooper MacNeil;0:01:09.062;GTD;;Alex Job Racing;Porsche;
22;0;14;2:10.709;0;;37.664;0;53.744;0;39.301;0;179.4;54:12.156;10:19:12.156;0:37.664;0:53.744;0:39.301;258.9;Cooper MacNeil;;GTD;;Alex Job Racing;Porsche;
22;0;15;2:08.048;0;;37.299;0;52.172;1;38.577;1;183.2;56:20.204;10:21:20.204;0:37.299;0:52.172;0:38.577;258.9;Cooper MacNeil;;GTD;;Alex Job Racing;Porsche;
22;0;16;2:11.139;0;;37.172;1;54.021;0;39.946;0;178.8;58:31.343;10:23:31.343;0:37.172;0:54.021;0:39.946;258.9;Cooper MacNeil;;GTD;;Alex Job Racing;Porsche;
22;0;17;5:45.504;0;B;38.326;0;53.019;0;4:14.159;0;67.9;1:04:16.847;10:29:16.847;0:38.326;0:53.019;4:14.159;259.9;Cooper MacNeil;;GTD;;Alex Job Racing;Porsche;
23;0;1;3:18.594;0;;1:42.056;0;56.654;0;39.884;0;118.1;3:18.594;09:28:18.594;1:42.056;0:56.654;0:39.884;242.3;Mario Farnbacher;0:01:02.800;GTD;;Team Seattle / Alex Job Racing;Porsche;
23;0;2;2:10.733;0;;38.133;0;53.549;0;39.051;0;179.4;5:29.327;09:30:29.327;0:38.133;0:53.549;0:39.051;254.9;Mario Farnbacher;;GTD;;Team Seattle / Alex Job Racing;Porsche;
23;0;3;2:09.977;0;;37.628;0;53.356;0;38.993;0;180.4;7:39.304;09:32:39.304;0:37.628;0:53.356;0:38.993;255.9;Mario Farnbacher;;GTD;;Team Seattle / Alex Job Racing;Porsche;
23;0;4;2:09.170;0;;37.436;1;52.852;0;38.882;1;181.6;9:48.474;09:34:48.474;0:37.436;0:52.852;0:38.882;257.4;Mario Farnbacher;;GTD;;Team Seattle / Alex Job Racing;Porsche;
23;0;5;3:35.934;0;B;37.823;0;52.865;0;2:05.246;0;108.6;13:24.408;09:38:24.408;0:37.823;0:52.865;2:05.246;254.9;Mario Farnbacher;;GTD;;Team Seattle / Alex Job Racing;Porsche;
23;0;6;2:30.347;0;;58.648;0;52.768;1;38.931;0;156.0;15:54.755;09:40:54.755;0:58.648;0:52.768;0:38.931;254.5;Mario Farnbacher;0:01:51.795;GTD;;Team Seattle / Alex Job Racing;Porsche;
23;0;7;11:12.169;0;B;37.834;0;54.135;0;9:40.200;0;34.9;27:06.924;09:52:06.924;0:37.834;0:54.135;9:40.200;256.4;Mario Farnbacher;;GTD;;Team Seattle / Alex Job Racing;Porsche;
23;1;8;2:38.230;0;;59.803;0;56.399;0;42.028;0;148.2;29:45.154;09:54:45.154;0:59.803;0:56.399;0:42.028;218.0;Alex Riberas;0:09:25.422;GTD;;Team Seattle / Alex Job Racing;Porsche;
23;1;9;2:11.400;0;;38.089;0;53.715;0;39.596;0;178.5;31:56.554;09:56:56.554;0:38.089;0:53.715;0:39.596;255.4;Alex Riberas;;GTD;;Team Seattle / Alex Job Racing;Porsche;
23;1;10;2:09.861;0;;37.679;0;53.364;0;38.818;0;180.6;34:06.415;09:59:06.415;0:37.679;0:53.364;0:38.818;255.4;Alex Riberas;;GTD;;Team Seattle / Alex Job Racing;Porsche;
23;1;11;10:46.457;0;B;38.214;0;55.497;0;9:12.746;0;36.3;44:52.872;10:09:52.872;0:38.214;0:55.497;9:12.746;255.9;Alex Riberas;;GTD;;Team Seattle / Alex Job Racing;Porsche;
23;1;12;2:45.206;0;;1:04.398;0;1:01.101;0;39.707;0;142.0;47:38.078;10:12:38.078;1:04.398;1:01.101;0:39.707;214.8;Alex Riberas;0:08:58.893;GTD;;Team Seattle / Alex Job Racing;Porsche;
23;1;13;2:06.908;2;;37.007;0;51.707;0;38.194;2;184.8;49:44.986;10:14:44.986;0:37.007;0:51.707;0:38.194;256.9;Alex Riberas;;GTD;;Team Seattle / Alex Job Racing;Porsche;
23;1;14;2:10.066;0;;39.150;0;52.378;0;38.538;0;180.3;51:55.052;10:16:55.052;0:39.150;0:52.378;0:38.538;254.0;Alex Riberas;;GTD;;Team Seattle / Alex Job Racing;Porsche;
23;1;15;3:38.239;0;B;36.990;0;1:01.054;0;2:00.195;0;107.5;55:33.291;10:20:33.291;0:36.990;1:01.054;2:00.195;257.4;Alex Riberas;;GTD;;Team Seattle / Alex Job Racing;Porsche;
23;1;16;2:45.504;0;;1:04.810;0;1:01.224;0;39.470;0;141.7;58:18.795;10:23:18.795;1:04.810;1:01.224;0:39.470;178.8;Alex Riberas;0:01:38.633;GTD;;Team Seattle / Alex Job Racing;Porsche;
23;1;17;4:36.299;0;B;36.841;2;51.599;2;3:07.859;0;84.9;1:02:55.094;10:27:55.094;0:36.841;0:51.599;3:07.859;256.9;Alex Riberas;;GTD;;Team Seattle / Alex Job Racing;Porsche;
25;1;1;3:53.909;0;;2:16.981;0;57.054;0;39.874;0;100.3;3:53.909;09:28:53.909;2:16.981;0:57.054;0:39.874;244.6;Dirk Werner;0:01:38.881;GTLM;;BMW Team RLL;BMW;
25;1;2;2:05.604;0;;36.691;0;51.356;0;37.557;0;186.7;5:59.513;09:30:59.513;0:36.691;0:51.356;0:37.557;258.4;Dirk Werner;;GTLM;;BMW Team RLL;BMW;
25;1;3;2:04.774;0;;36.102;0;50.767;0;37.905;0;188.0;8:04.287;09:33:04.287;0:36.102;0:50.767;0:37.905;259.4;Dirk Werner;;GTLM;;BMW Team RLL;BMW;
25;1;4;2:07.478;0;;36.236;0;50.933;0;40.309;0;184.0;10:11.765;09:35:11.765;0:36.236;0:50.933;0:40.309;263.6;Dirk Werner;;GTLM;;BMW Team RLL;BMW;
25;1;5;2:03.932;0;;36.064;1;50.491;1;37.377;1;189.2;12:15.697;09:37:15.697;0:36.064;0:50.491;0:37.377;258.9;Dirk Werner;;GTLM;;BMW Team RLL;BMW;
25;1;6;2:21.228;0;B;36.151;0;51.879;0;53.198;0;166.1;14:36.925;09:39:36.925;0:36.151;0:51.879;0:53.198;258.4;Dirk Werner;;GTLM;;BMW Team RLL;BMW;
25;0;7;5:40.614;0;B;3:51.801;0;54.718;0;54.095;0;68.9;20:17.539;09:45:17.539;3:51.801;0:54.718;0:54.095;249.2;Bill Auberlen;0:03:33.985;GTLM;;BMW Team RLL;BMW;
25;0;8;8:19.612;0;;6:47.846;0;52.392;0;39.374;0;46.9;28:37.151;09:53:37.151;6:47.846;0:52.392;0:39.374;253.5;Bill Auberlen;0:06:29.732;GTLM;;BMW Team RLL;BMW;
25;0;9;2:05.317;0;;36.657;0;50.988;0;37.672;0;187.1;30:42.468;09:55:42.468;0:36.657;0:50.988;0:37.672;257.9;Bill Auberlen;;GTLM;;BMW Team RLL;BMW;
25;0;10;2:21.881;0;B;36.504;0;51.546;0;53.831;0;165.3;33:04.349;09:58:04.349;0:36.504;0:51.546;0:53.831;258.4;Bill Auberlen;;GTLM;;BMW Team RLL;BMW;
25;0;11;5:12.899;0;B;3:16.273;0;55.702;0;1:00.924;0;75.0;38:17.248;10:03:17.248;3:16.273;0:55.702;1:00.924;208.0;Bill Auberlen;0:02:54.601;GTLM;;BMW Team RLL;BMW;
25;0;12;8:29.002;0;;6:58.718;0;52.140;0;38.144;0;46.1;46:46.250;10:11:46.250;6:58.718;0:52.140;0:38.144;250.6;Bill Auberlen;0:06:40.585;GTLM;;BMW Team RLL;BMW;
25;0;13;2:04.453;0;;36.505;0;50.595;0;37.353;0;188.4;48:50.703;10:13:50.703;0:36.505;0:50.595;0:37.353;254.9;Bill Auberlen;;GTLM;;BMW Team RLL;BMW;
25;0;14;2:07.155;0;;36.144;0;52.912;0;38.099;0;184.4;50:57.858;10:15:57.858;0:36.144;0:52.912;0:38.099;258.4;Bill Auberlen;;GTLM;;BMW Team RLL;BMW;
25;0;15;2:03.134;2;;36.024;2;49.968;2;37.142;2;190.5;53:00.992;10:18:00.992;0:36.024;0:49.968;0:37.142;259.9;Bill Auberlen;;GTLM;;BMW Team RLL;BMW;
25;0;16;2:23.594;0;B;37.571;0;52.194;0;53.829;0;163.3;55:24.586;10:20:24.586;0:37.571;0:52.194;0:53.829;258.4;Bill Auberlen;;GTLM;;BMW Team RLL;BMW;
25;0;17;3:39.915;0;;2:11.259;0;51.178;0;37.478;0;106.6;59:04.501;10:24:04.501;2:11.259;0:51.178;0:37.478;256.9;Bill Auberlen;0:01:54.108;GTLM;;BMW Team RLL;BMW;
25;0;18;2:04.217;0;;36.242;0;50.304;0;37.671;0;188.8;1:01:08.718;10:26:08.718;0:36.242;0:50.304;0:37.671;258.9;Bill Auberlen;;GTLM;;BMW Team RLL;BMW;
26;0;1;3:24.950;0;;1:48.542;0;57.121;0;39.287;0;114.4;3:24.950;09:28:24.950;1:48.542;0:57.121;0:39.287;230.5;Don Yount;0:01:08.101;PC;;BAR1 Motorsports;ORECA;
26;0;2;2:06.377;0;;36.286;0;52.513;0;37.578;0;185.6;5:31.327;09:30:31.327;0:36.286;0:52.513;0:37.578;265.7;Don Yount;;PC;;BAR1 Motorsports;ORECA;
26;0;3;2:06.286;0;;36.366;0;52.464;0;37.456;0;185.7;7:37.613;09:32:37.613;0:36.366;0:52.464;0:37.456;269.5;Don Yount;;PC;;BAR1 Motorsports;ORECA;
26;0;4;2:04.245;0;;36.055;0;51.126;0;37.064;1;188.8;9:41.858;09:34:41.858;0:36.055;0:51.126;0:37.064;270.0;Don Yount;;PC;;BAR1 Motorsports;ORECA;
26;0;5;2:06.885;0;;35.218;1;50.917;1;40.750;0;184.8;11:48.743;09:36:48.743;0:35.218;0:50.917;0:40.750;268.9;Don Yount;;PC;;BAR1 Motorsports;ORECA;
26;0;6;2:26.636;0;B;38.407;0;52.272;0;55.957;0;159.9;14:15.379;09:39:15.379;0:38.407;0:52.272;0:55.957;268.4;Don Yount;;PC;;BAR1 Motorsports;ORECA;
26;1;7;5:24.086;0;B;3:29.430;0;58.770;0;55.886;0;72.4;19:39.465;09:44:39.465;3:29.430;0:58.770;0:55.886;236.7;Johnny Mowlem;0:03:12.544;PC;;BAR1 Motorsports;ORECA;
26;1;8;8:47.141;0;;7:17.822;0;51.967;0;37.352;0;44.5;28:26.606;09:53:26.606;7:17.822;0:51.967;0:37.352;268.9;Johnny Mowlem;0:07:02.265;PC;;BAR1 Motorsports;ORECA;
26;1;9;2:03.719;0;;35.797;0;50.848;0;37.074;0;189.6;30:30.325;09:55:30.325;0:35.797;0:50.848;0:37.074;269.5;Johnny Mowlem;;PC;;BAR1 Motorsports;ORECA;
26;1;10;2:02.691;0;;35.543;0;50.371;0;36.777;0;191.2;32:33.016;09:57:33.016;0:35.543;0:50.371;0:36.777;269.5;Johnny Mowlem;;PC;;BAR1 Motorsports;ORECA;
26;1;11;2:02.917;0;;35.378;0;50.262;0;37.277;0;190.8;34:35.933;09:59:35.933;0:35.378;0:50.262;0:37.277;268.9;Johnny Mowlem;;PC;;BAR1 Motorsports;ORECA;
26;1;12;2:17.555;0;B;35.275;0;49.436;0;52.844;0;170.5;36:53.488;10:01:53.488;0:35.275;0:49.436;0:52.844;268.9;Johnny Mowlem;;PC;;BAR1 Motorsports;ORECA;
26;1;13;12:30.893;0;;11:03.068;0;50.874;0;36.951;0;31.2;49:24.381;10:14:24.381;11:03.068;0:50.874;0:36.951;267.3;Johnny Mowlem;0:10:43.959;PC;;BAR1 Motorsports;ORECA;
26;1;14;2:01.212;0;;35.273;0;49.480;0;36.459;0;193.5;51:25.593;10:16:25.593;0:35.273;0:49.480;0:36.459;269.5;Johnny Mowlem;;PC;;BAR1 Motorsports;ORECA;
26;1;15;2:02.153;0;;35.314;0;50.209;0;36.630;0;192.0;53:27.746;10:18:27.746;0:35.314;0:50.209;0:36.630;269.5;Johnny Mowlem;;PC;;BAR1 Motorsports;ORECA;
26;1;16;2:01.799;0;;35.417;0;49.884;0;36.498;0;192.6;55:29.545;10:20:29.545;0:35.417;0:49.884;0:36.498;268.9;Johnny Mowlem;;PC;;BAR1 Motorsports;ORECA;
26;1;17;2:00.749;2;;35.198;0;49.238;0;36.313;2;194.2;57:30.294;10:22:30.294;0:35.198;0:49.238;0:36.313;269.5;Johnny Mowlem;;PC;;BAR1 Motorsports;ORECA;
26;1;18;2:00.965;0;;35.193;2;49.237;2;36.535;0;193.9;59:31.259;10:24:31.259;0:35.193;0:49.237;0:36.535;270.0;Johnny Mowlem;;PC;;BAR1 Motorsports;ORECA;
26;1;19;2:18.172;0;B;35.438;0;50.003;0;52.731;0;169.7;1:01:49.431;10:26:49.431;0:35.438;0:50.003;0:52.731;269.5;Johnny Mowlem;;PC;;BAR1 Motorsports;ORECA;
27;0;1;3:40.692;0;;2:00.830;0;59.358;0;40.504;0;106.3;3:40.692;09:28:40.692;2:00.830;0:59.358;0:40.504;230.9;Luca Persiani;0:01:17.445;GTD;;Dream Racing;Lamborghini;
27;0;2;2:09.322;0;;37.637;0;52.908;0;38.777;0;181.4;5:50.014;09:30:50.014;0:37.637;0:52.908;0:38.777;261.0;Luca Persiani;;GTD;;Dream Racing;Lamborghini;
27;0;3;2:08.524;0;;36.812;0;52.290;0;39.422;0;182.5;7:58.538;09:32:58.538;0:36.812;0:52.290;0:39.422;262.5;Luca Persiani;;GTD;;Dream Racing;Lamborghini;
27;0;4;2:08.095;0;;36.731;0;53.090;0;38.274;0;183.1;10:06.633;09:35:06.633;0:36.731;0:53.090;0:38.274;263.6;Luca Persiani;;GTD;;Dream Racing;Lamborghini;
27;0;5;2:07.275;0;;36.810;0;52.229;0;38.236;0;184.3;12:13.908;09:37:13.908;0:36.810;0:52.229;0:38.236;262.5;Luca Persiani;;GTD;;Dream Racing;Lamborghini;
27;0;6;2:06.918;2;;36.716;0;51.978;2;38.224;2;184.8;14:20.826;09:39:20.826;0:36.716;0:51.978;0:38.224;262.0;Luca Persiani;;GTD;;Dream Racing;Lamborghini;
27;0;7;2:07.582;0;;36.621;2;52.089;0;38.872;0;183.8;16:28.408;09:41:28.408;0:36.621;0:52.089;0:38.872;263.1;Luca Persiani;;GTD;;Dream Racing;Lamborghini;
27;0;8;2:33.643;0;B;38.820;0;55.988;0;58.835;0;152.6;19:02.051;09:44:02.051;0:38.820;0:55.988;0:58.835;247.8;Luca Persiani;;GTD;;Dream Racing;Lamborghini;
27;1;9;10:07.613;0;;8:34.619;0;53.448;0;39.546;0;38.6;29:09.664;09:54:09.664;8:34.619;0:53.448;0:39.546;258.9;Cedric Sbirrazzuoli;0:08:17.097;GTD;;Dream Racing;Lamborghini;
27;1;10;2:10.572;0;;37.278;0;53.993;0;39.301;0;179.6;31:20.236;09:56:20.236;0:37.278;0:53.993;0:39.301;261.5;Cedric Sbirrazzuoli;;GTD;;Dream Racing;Lamborghini;
27;1;11;2:09.144;0;;37.428;0;52.975;0;38.741;0;181.6;33:29.380;09:58:29.380;0:37.428;0:52.975;0:38.741;261.5;Cedric Sbirrazzuoli;;GTD;;Dream Racing;Lamborghini;
27;1;12;2:08.735;0;;37.253;0;52.737;0;38.745;0;182.2;35:38.115;10:00:38.115;0:37.253;0:52.737;0:38.745;262.5;Cedric Sbirrazzuoli;;GTD;;Dream Racing;Lamborghini;
27;1;13;2:38.605;0;B;37.165;0;1:00.453;0;1:00.987;0;147.9;38:16.720;10:03:16.720;0:37.165;1:00.453;1:00.987;220.2;Cedric Sbirrazzuoli;;GTD;;Dream Racing;Lamborghini;
27;1;14;9:13.672;0;;7:35.456;0;57.751;0;40.465;0;42.4;47:30.392;10:12:30.392;7:35.456;0:57.751;0:40.465;258.4;Cedric Sbirrazzuoli;0:07:16.636;GTD;;Dream Racing;Lamborghini;
27;1;15;2:10.060;0;;37.324;0;53.916;0;38.820;0;180.3;49:40.452;10:14:40.452;0:37.324;0:53.916;0:38.820;262.0;Cedric Sbirrazzuoli;;GTD;;Dream Racing;Lamborghini;
27;1;16;2:07.719;0;;37.054;0;52.041;1;38.624;0;183.6;51:48.171;10:16:48.171;0:37.054;0:52.041;0:38.624;261.5;Cedric Sbirrazzuoli;;GTD;;Dream Racing;Lamborghini;
27;1;17;2:07.975;0;;36.929;1;52.506;0;38.540;0;183.3;53:56.146;10:18:56.146;0:36.929;0:52.506;0:38.540;263.1;Cedric Sbirrazzuoli;;GTD;;Dream Racing;Lamborghini;
27;1;18;2:07.896;0;;37.079;0;52.048;0;38.769;0;183.4;56:04.042;10:21:04.042;0:37.079;0:52.048;0:38.769;263.6;Cedric Sbirrazzuoli;;GTD;;Dream Racing;Lamborghini;
27;1;19;2:10.777;0;;37.289;0;53.655;0;39.833;0;179.3;58:14.819;10:23:14.819;0:37.289;0:53.655;0:39.833;264.1;Cedric Sbirrazzuoli;;GTD;;Dream Racing;Lamborghini;
27;1;20;2:07.688;0;;36.946;0;52.245;0;38.497;1;183.7;1:00:22.507;10:25:22.507;0:36.946;0:52.245;0:38.497;263.1;Cedric Sbirrazzuoli;;GTD;;Dream Racing;Lamborghini;
3;1;1;3:00.671;0;;1:24.125;0;56.018;0;40.528;0;129.8;3:00.671;09:28:00.671;1:24.125;0:56.018;0:40.528;230.5;Jan Magnussen;0:00:44.276;GTLM;;Corvette Racing;Chevrolet;
3;1;2;2:07.585;0;;37.278;0;52.216;0;38.091;0;183.8;5:08.256;09:30:08.256;0:37.278;0:52.216;0:38.091;260.5;Jan Magnussen;;GTLM;;Corvette Racing;Chevrolet;
3;1;3;2:05.933;0;;36.328;0;51.636;0;37.969;0;186.2;7:14.189;09:32:14.189;0:36.328;0:51.636;0:37.969;263.6;Jan Magnussen;;GTLM;;Corvette Racing;Chevrolet;
3;1;4;2:05.713;0;;36.732;0;51.424;0;37.557;0;186.6;9:19.902;09:34:19.902;0:36.732;0:51.424;0:37.557;262.5;Jan Magnussen;;GTLM;;Corvette Racing;Chevrolet;
3;1;5;2:04.457;0;;36.254;0;50.716;0;37.487;1;188.4;11:24.359;09:36:24.359;0:36.254;0:50.716;0:37.487;261.0;Jan Magnussen;;GTLM;;Corvette Racing;Chevrolet;
3;1;6;2:04.770;0;;36.198;1;50.614;1;37.958;0;188.0;13:29.129;09:38:29.129;0:36.198;0:50.614;0:37.958;261.5;Jan Magnussen;;GTLM;;Corvette Racing;Chevrolet;
3;1;7;2:05.234;0;;36.236;0;50.684;0;38.314;0;187.3;15:34.363;09:40:34.363;0:36.236;0:50.684;0:38.314;261.5;Jan Magnussen;;GTLM;;Corvette Racing;Chevrolet;
3;1;8;2:21.993;0;B;36.697;0;51.900;0;53.396;0;165.2;17:56.356;09:42:56.356;0:36.697;0:51.900;0:53.396;262.0;Jan Magnussen;;GTLM;;Corvette Racing;Chevrolet;
3;0;9;10:52.430;0;;9:20.450;0;53.687;0;38.293;0;35.9;28:48.786;09:53:48.786;9:20.450;0:53.687;0:38.293;250.1;Antonio Garcia;0:09:02.197;GTLM;;Corvette Racing;Chevrolet;
3;0;10;2:05.521;0;;36.561;0;51.164;0;37.796;0;186.8;30:54.307;09:55:54.307;0:36.561;0:51.164;0:37.796;260.5;Antonio Garcia;;GTLM;;Corvette Racing;Chevrolet;
3;0;11;2:10.073;0;;36.232;0;50.661;0;43.180;0;180.3;33:04.380;09:58:04.380;0:36.232;0:50.661;0:43.180;262.0;Antonio Garcia;;GTLM;;Corvette Racing;Chevrolet;
3;0;12;2:04.629;0;;36.259;0;50.786;0;37.584;0;188.2;35:09.009;10:00:09.009;0:36.259;0:50.786;0:37.584;261.0;Antonio Garcia;;GTLM;;Corvette Racing;Chevrolet;
3;0;13;2:39.594;0;B;36.164;0;57.344;0;1:06.086;0;147.0;37:48.603;10:02:48.603;0:36.164;0:57.344;1:06.086;263.1;Antonio Garcia;;GTLM;;Corvette Racing;Chevrolet;
3;0;14;10:43.835;0;;9:06.891;0;57.624;0;39.320;0;36.4;48:32.438;10:13:32.438;9:06.891;0:57.624;0:39.320;211.0;Antonio Garcia;0:08:45.572;GTLM;;Corvette Racing;Chevrolet;
3;0;15;2:07.081;0;;36.783;0;52.518;0;37.780;0;184.5;50:39.519;10:15:39.519;0:36.783;0:52.518;0:37.780;257.4;Antonio Garcia;;GTLM;;Corvette Racing;Chevrolet;
3;0;16;2:07.554;0;;37.454;0;52.554;0;37.546;0;183.9;52:47.073;10:17:47.073;0:37.454;0:52.554;0:37.546;252.5;Antonio Garcia;;GTLM;;Corvette Racing;Chevrolet;
3;0;17;2:06.415;0;;36.272;0;52.520;0;37.623;0;185.5;54:53.488;10:19:53.488;0:36.272;0:52.520;0:37.623;262.0;Antonio Garcia;;GTLM;;Corvette Racing;Chevrolet;
3;0;18;2:02.620;2;;35.823;0;49.742;2;37.055;2;191.3;56:56.108;10:21:56.108;0:35.823;0:49.742;0:37.055;263.6;Antonio Garcia;;GTLM;;Corvette Racing;Chevrolet;
3;0;19;2:02.737;0;;35.717;2;49.858;0;37.162;0;191.1;58:58.845;10:23:58.845;0:35.717;0:49.858;0:37.162;262.5;Antonio Garcia;;GTLM;;Corvette Racing;Chevrolet;
3;0;20;2:04.190;0;;36.178;0;50.528;0;37.484;0;188.8;1:01:03.035;10:26:03.035;0:36.178;0:50.528;0:37.484;263.1;Antonio Garcia;;GTLM;;Corvette Racing;Chevrolet;
31;0;1;2:06.732;0;;40.262;0;50.434;0;36.036;0;185.1;2:06.732;09:27:06.732;0:40.262;0:50.434;0:36.036;265.7;Dane Cameron;0:00:04.955;P;;Action Express Racing;Chevrolet;
31;0;2;1:57.482;0;;34.254;0;48.065;0;35.163;0;199.6;4:04.214;09:29:04.214;0:34.254;0:48.065;0:35.163;278.6;Dane Cameron;;P;;Action Express Racing;Chevrolet;
31;0;3;1:59.444;0;;33.863;0;49.789;0;35.792;0;196.3;6:03.658;09:31:03.658;0:33.863;0:49.789;0:35.792;280.9;Dane Cameron;;P;;Action Express Racing;Chevrolet;
31;0;4;2:14.024;0;B;33.883;0;48.282;0;51.859;0;175.0;8:17.682;09:33:17.682;0:33.883;0:48.282;0:51.859;280.9;Dane Cameron;;P;;Action Express Racing;Chevrolet;
31;0;5;7:44.622;0;;6:21.013;0;48.521;0;35.088;0;50.5;16:02.304;09:41:02.304;6:21.013;0:48.521;0:35.088;279.7;Dane Cameron;0:06:06.452;P;;Action Express Racing;Chevrolet;
31;0;6;1:59.575;0;;33.848;0;49.962;0;35.765;0;196.1;18:01.879;09:43:01.879;0:33.848;0:49.962;0:35.765;282.7;Dane Cameron;;P;;Action Express Racing;Chevrolet;
31;0;7;2:23.784;0;B;33.851;0;53.194;0;56.739;0;163.1;20:25.663;09:45:25.663;0:33.851;0:53.194;0:56.739;279.7;Dane Cameron;;P;;Action Express Racing;Chevrolet;
31;0;8;8:12.540;0;;6:46.650;0;49.845;0;36.045;0;47.6;28:38.203;09:53:38.203;6:46.650;0:49.845;0:36.045;271.7;Dane Cameron;0:06:31.177;P;;Action Express Racing;Chevrolet;
31;0;9;1:59.421;0;;34.324;0;49.151;0;35.946;0;196.4;30:37.624;09:55:37.624;0:34.324;0:49.151;0:35.946;280.9;Dane Cameron;;P;;Action Express Racing;Chevrolet;
31;0;10;1:57.791;0;;34.349;0;47.971;0;35.471;0;199.1;32:35.415;09:57:35.415;0:34.349;0:47.971;0:35.471;280.9;Dane Cameron;;P;;Action Express Racing;Chevrolet;
31;0;11;1:56.869;2;;33.645;0;48.224;0;35.000;2;200.7;34:32.284;09:59:32.284;0:33.645;0:48.224;0:35.000;280.9;Dane Cameron;;P;;Action Express Racing;Chevrolet;
31;0;12;2:14.766;0;B;33.507;2;46.990;2;54.269;0;174.0;36:47.050;10:01:47.050;0:33.507;0:46.990;0:54.269;280.9;Dane Cameron;;P;;Action Express Racing;Chevrolet;
31;1;13;10:08.300;0;;8:41.151;0;51.277;0;35.872;0;38.6;46:55.350;10:11:55.350;8:41.151;0:51.277;0:35.872;271.7;Eric Curran;0:08:25.511;P;;Action Express Racing;Chevrolet;
31;1;14;1:59.517;0;;34.451;0;49.158;0;35.908;0;196.2;48:54.867;10:13:54.867;0:34.451;0:49.158;0:35.908;278.0;Eric Curran;;P;;Action Express Racing;Chevrolet;
31;1;15;2:00.033;0;;33.969;1;50.391;0;35.673;0;195.4;50:54.900;10:15:54.900;0:33.969;0:50.391;0:35.673;282.1;Eric Curran;;P;;Action Express Racing;Chevrolet;
31;1;16;1:57.269;0;;34.218;0;47.839;0;35.212;0;200.0;52:52.169;10:17:52.169;0:34.218;0:47.839;0:35.212;280.9;Eric Curran;;P;;Action Express Racing;Chevrolet;
31;1;17;1:58.363;0;;34.473;0;48.302;0;35.588;0;198.1;54:50.532;10:19:50.532;0:34.473;0:48.302;0:35.588;280.3;Eric Curran;;P;;Action Express Racing;Chevrolet;
31;1;18;1:56.945;0;;34.035;0;47.791;1;35.119;1;200.5;56:47.477;10:21:47.477;0:34.035;0:47.791;0:35.119;280.9;Eric Curran;;P;;Action Express Racing;Chevrolet;
31;1;19;1:58.287;0;;33.973;0;48.593;0;35.721;0;198.3;58:45.764;10:23:45.764;0:33.973;0:48.593;0:35.721;280.9;Eric Curran;;P;;Action Express Racing;Chevrolet;
31;1;20;2:01.970;0;;34.360;0;49.219;0;38.391;0;192.3;1:00:47.734;10:25:47.734;0:34.360;0:49.219;0:38.391;282.1;Eric Curran;;P;;Action Express Racing;Chevrolet;
33;0;1;3:09.931;0;;1:33.004;0;56.854;0;40.073;0;123.5;3:09.931;09:28:09.931;1:33.004;0:56.854;0:40.073;256.4;Ben Keating;0:00:53.663;GTD;;Riley Motorsports;Dodge;
33;0;2;2:09.389;0;;37.418;0;53.120;0;38.851;0;181.3;5:19.320;09:30:19.320;0:37.418;0:53.120;0:38.851;262.5;Ben Keating;;GTD;;Riley Motorsports;Dodge;
33;0;3;2:08.212;0;;36.840;0;52.312;0;39.060;0;182.9;7:27.532;09:32:27.532;0:36.840;0:52.312;0:39.060;264.1;Ben Keating;;GTD;;Riley Motorsports;Dodge;
33;0;4;2:08.636;0;;36.841;0;52.192;2;39.603;0;182.3;9:36.168;09:34:36.168;0:36.841;0:52.192;0:39.603;264.6;Ben Keating;;GTD;;Riley Motorsports;Dodge;
33;0;5;2:26.463;0;B;36.786;1;53.495;0;56.182;0;160.1;12:02.631;09:37:02.631;0:36.786;0:53.495;0:56.182;264.1;Ben Keating;;GTD;;Riley Motorsports;Dodge;
33;0;6;5:59.020;0;;4:23.570;0;54.274;0;41.176;0;65.3;18:01.651;09:43:01.651;4:23.570;0:54.274;0:41.176;261.0;Ben Keating;0:04:05.292;GTD;;Riley Motorsports;Dodge;
33;0;7;2:30.923;0;B;37.144;0;56.680;0;57.099;0;155.4;20:32.574;09:45:32.574;0:37.144;0:56.680;0:57.099;263.1;Ben Keating;;GTD;;Riley Motorsports;Dodge;
33;0;8;8:27.590;0;;6:53.865;0;54.296;0;39.429;0;46.2;29:00.164;09:54:00.164;6:53.865;0:54.296;0:39.429;260.5;Ben Keating;0:06:35.759;GTD;;Riley Motorsports;Dodge;
33;0;9;2:08.878;0;;37.063;0;53.083;0;38.732;1;182.0;31:09.042;09:56:09.042;0:37.063;0:53.083;0:38.732;263.1;Ben Keating;;GTD;;Riley Motorsports;Dodge;
33;0;10;2:27.063;0;B;37.208;0;53.802;0;56.053;0;159.5;33:36.105;09:58:36.105;0:37.208;0:53.802;0:56.053;263.1;Ben Keating;;GTD;;Riley Motorsports;Dodge;
33;1;11;4:39.169;0;B;2:37.696;0;1:00.935;0;1:00.538;0;84.0;38:15.274;10:03:15.274;2:37.696;1:00.935;1:00.538;171.4;Jeroen Bleekemolen;0:02:17.318;GTD;;Riley Motorsports;Dodge;
33;1;12;8:34.301;0;;7:00.989;0;54.339;0;38.973;0;45.6;46:49.575;10:11:49.575;7:00.989;0:54.339;0:38.973;241.9;Jeroen Bleekemolen;0:06:41.262;GTD;;Riley Motorsports;Dodge;
33;1;13;2:08.537;0;;36.994;0;52.858;0;38.685;2;182.5;48:58.112;10:13:58.112;0:36.994;0:52.858;0:38.685;263.1;Jeroen Bleekemolen;;GTD;;Riley Motorsports;Dodge;
33;1;14;2:07.857;2;;36.781;2;52.351;1;38.725;0;183.4;51:05.969;10:16:05.969;0:36.781;0:52.351;0:38.725;264.6;Jeroen Bleekemolen;;GTD;;Riley Motorsports;Dodge;
33;1;15;2:29.036;0;B;37.353;0;55.583;0;56.100;0;157.4;53:35.005;10:18:35.005;0:37.353;0:55.583;0:56.100;238.4;Jeroen Bleekemolen;;GTD;;Riley Motorsports;Dodge;
33;1;16;3:46.770;0;;2:13.307;0;54.308;0;39.155;0;103.4;57:21.775;10:22:21.775;2:13.307;0:54.308;0:39.155;259.9;Jeroen Bleekemolen;0:01:55.304;GTD;;Riley Motorsports;Dodge;
33;1;17;2:08.176;0;;36.825;0;52.608;0;38.743;0;183.0;59:29.951;10:24:29.951;0:36.825;0:52.608;0:38.743;264.1;Jeroen Bleekemolen;;GTD;;Riley Motorsports;Dodge;
33;1;18;2:27.949;0;B;37.028;0;55.913;0;55.008;0;158.5;1:01:57.900;10:26:57.900;0:37.028;0:55.913;0:55.008;264.6;Jeroen Bleekemolen;;GTD;;Riley Motorsports;Dodge;
38;1;1;3:48.828;0;;2:15.781;0;55.067;0;37.980;0;102.5;3:48.828;09:28:48.828;2:15.781;0:55.067;0:37.980;231.3;Kyle Marcelli;0:01:37.677;PC;;Performance Tech Motorsports;ORECA;
38;1;2;2:02.032;0;;36.049;0;49.526;0;36.457;0;192.2;5:50.860;09:30:50.860;0:36.049;0:49.526;0:36.457;268.9;Kyle Marcelli;;PC;;Performance Tech Motorsports;ORECA;
38;1;3;2:03.284;0;;35.524;0;49.405;0;38.355;0;190.2;7:54.144;09:32:54.144;0:35.524;0:49.405;0:38.355;266.8;Kyle Marcelli;;PC;;Performance Tech Motorsports;ORECA;
38;1;4;2:01.134;0;;35.233;0;49.647;0;36.254;1;193.6;9:55.278;09:34:55.278;0:35.233;0:49.647;0:36.254;267.3;Kyle Marcelli;;PC;;Performance Tech Motorsports;ORECA;
38;1;5;2:24.773;0;B;35.150;1;50.873;0;58.750;0;162.0;12:20.051;09:37:20.051;0:35.150;0:50.873;0:58.750;267.8;Kyle Marcelli;;PC;;Performance Tech Motorsports;ORECA;
38;1;6;5:38.052;0;;4:10.271;0;50.601;0;37.180;0;69.4;17:58.103;09:42:58.103;4:10.271;0:50.601;0:37.180;267.3;Kyle Marcelli;0:03:55.561;PC;;Performance Tech Motorsports;ORECA;
38;1;7;2:26.685;0;B;35.382;0;54.818;0;56.485;0;159.9;20:24.788;09:45:24.788;0:35.382;0:54.818;0:56.485;266.8;Kyle Marcelli;;PC;;Performance Tech Motorsports;ORECA;
38;1;8;9:34.028;0;;8:06.835;0;50.207;0;36.986;0;40.9;29:58.816;09:54:58.816;8:06.835;0:50.207;0:36.986;267.3;Kyle Marcelli;0:07:51.124;PC;;Performance Tech Motorsports;ORECA;
38;1;9;2:01.468;0;;35.382;0;49.254;1;36.832;0;193.1;32:00.284;09:57:00.284;0:35.382;0:49.254;0:36.832;267.3;Kyle Marcelli;;PC;;Performance Tech Motorsports;ORECA;
38;1;10;2:18.026;0;B;35.430;0;49.537;0;53.059;0;169.9;34:18.310;09:59:18.310;0:35.430;0:49.537;0:53.059;265.2;Kyle Marcelli;;PC;;Performance Tech Motorsports;ORECA;
38;0;11;4:01.708;0;B;2:03.857;0;54.590;0;1:03.261;0;97.0;38:20.018;10:03:20.018;2:03.857;0:54.590;1:03.261;239.7;James French;0:01:45.657;PC;;Performance Tech Motorsports;ORECA;
38;0;12;9:51.005;0;;8:18.715;0;54.760;0;37.530;0;39.7;48:11.023;10:13:11.023;8:18.715;0:54.760;0:37.530;235.4;James French;0:07:58.312;PC;;Performance Tech Motorsports;ORECA;
38;0;13;2:04.094;0;;35.360;0;50.610;0;38.124;0;189.0;50:15.117;10:15:15.117;0:35.360;0:50.610;0:38.124;264.1;James French;;PC;;Performance Tech Motorsports;ORECA;
38;0;14;2:00.872;0;;35.291;0;49.137;0;36.444;0;194.0;52:15.989;10:17:15.989;0:35.291;0:49.137;0:36.444;267.3;James French;;PC;;Performance Tech Motorsports;ORECA;
38;0;15;2:04.799;0;;35.937;0;51.783;0;37.079;0;187.9;54:20.788;10:19:20.788;0:35.937;0:51.783;0:37.079;267.8;James French;;PC;;Performance Tech Motorsports;ORECA;
38;0;16;2:01.613;0;;34.925;0;50.473;0;36.215;0;192.8;56:22.401;10:21:22.401;0:34.925;0:50.473;0:36.215;268.4;James French;;PC;;Performance Tech Motorsports;ORECA;
38;0;17;2:01.451;0;;34.845;0;49.519;0;37.087;0;193.1;58:23.852;10:23:23.852;0:34.845;0:49.519;0:37.087;267.3;James French;;PC;;Performance Tech Motorsports;ORECA;
38;0;18;1:59.482;2;;34.837;2;48.626;2;36.019;2;196.3;1:00:23.334;10:25:23.334;0:34.837;0:48.626;0:36.019;267.3;James French;;PC;;Performance Tech Motorsports;ORECA;
4;0;1;2:57.006;0;;1:22.294;0;55.456;0;39.256;0;132.5;2:57.006;09:27:57.006;1:22.294;0:55.456;0:39.256;248.7;Oliver Gavin;0:00:43.198;GTLM;;Corvette Racing;Chevrolet;
4;0;2;2:08.202;0;;36.957;0;52.325;0;38.920;0;182.9;5:05.208;09:30:05.208;0:36.957;0:52.325;0:38.920;260.5;Oliver Gavin;;GTLM;;Corvette Racing;Chevrolet;
4;0;3;2:14.950;0;;37.228;0;59.062;0;38.660;0;173.8;7:20.158;09:32:20.158;0:37.228;0:59.062;0:38.660;263.1;Oliver Gavin;;GTLM;;Corvette Racing;Chevrolet;
4;0;4;2:05.252;0;;36.319;0;51.220;0;37.713;0;187.2;9:25.410;09:34:25.410;0:36.319;0:51.220;0:37.713;261.5;Oliver Gavin;;GTLM;;Corvette Racing;Chevrolet;
4;0;5;2:04.452;0;;36.165;0;50.838;0;37.449;0;188.4;11:29.862;09:36:29.862;0:36.165;0:50.838;0:37.449;260.5;Oliver Gavin;;GTLM;;Corvette Racing;Chevrolet;
4;0;6;2:04.321;0;;36.252;0;50.488;0;37.581;0;188.6;13:34.183;09:38:34.183;0:36.252;0:50.488;0:37.581;260.5;Oliver Gavin;;GTLM;;Corvette Racing;Chevrolet;
4;0;7;2:19.841;0;B;36.201;0;50.661;0;52.979;0;167.7;15:54.024;09:40:54.024;0:36.201;0:50.661;0:52.979;261.5;Oliver Gavin;;GTLM;;Corvette Racing;Chevrolet;
4;0;8;14:09.261;0;;12:36.516;0;53.983;0;38.762;0;27.6;30:03.285;09:55:03.285;12:36.516;0:53.983;0:38.762;256.9;Oliver Gavin;0:12:18.117;GTLM;;Corvette Racing;Chevrolet;
4;0;9;2:07.729;0;;37.064;0;52.286;0;38.379;0;183.6;32:11.014;09:57:11.014;0:37.064;0:52.286;0:38.379;257.4;Oliver Gavin;;GTLM;;Corvette Racing;Chevrolet;
4;0;10;2:23.875;0;B;37.110;0;52.312;0;54.453;0;163.0;34:34.889;09:59:34.889;0:37.110;0:52.312;0:54.453;257.9;Oliver Gavin;;GTLM;;Corvette Racing;Chevrolet;
4;0;11;12:38.195;0;;10:59.676;0;56.584;0;41.935;0;30.9;47:13.084;10:12:13.084;10:59.676;0:56.584;0:41.935;241.9;Oliver Gavin;0:10:38.813;GTLM;;Corvette Racing;Chevrolet;
4;0;12;2:05.514;0;;36.816;0;51.220;0;37.478;0;186.9;49:18.598;10:14:18.598;0:36.816;0:51.220;0:37.478;259.9;Oliver Gavin;;GTLM;;Corvette Racing;Chevrolet;
4;0;13;2:03.939;0;;36.051;0;50.416;0;37.472;0;189.2;51:22.537;10:16:22.537;0:36.051;0:50.416;0:37.472;262.5;Oliver Gavin;;GTLM;;Corvette Racing;Chevrolet;
4;0;14;2:06.428;0;;37.032;0;51.139;0;38.257;0;185.5;53:28.965;10:18:28.965;0:37.032;0:51.139;0:38.257;261.0;Oliver Gavin;;GTLM;;Corvette Racing;Chevrolet;
4;0;15;2:03.576;0;;35.852;0;50.410;0;37.314;0;189.8;55:32.541;10:20:32.541;0:35.852;0:50.410;0:37.314;263.6;Oliver Gavin;;GTLM;;Corvette Racing;Chevrolet;
4;0;16;2:03.085;0;;35.905;0;50.142;0;37.038;0;190.5;57:35.626;10:22:35.626;0:35.905;0:50.142;0:37.038;262.5;Oliver Gavin;;GTLM;;Corvette Racing;Chevrolet;
4;0;17;2:02.810;2;;35.718;2;50.070;2;37.022;2;191.0;59:38.436;10:24:38.436;0:35.718;0:50.070;0:37.022;262.5;Oliver Gavin;;GTLM;;Corvette Racing;Chevrolet;
4;0;18;2:03.431;0;;35.821;0;50.272;0;37.338;0;190.0;1:01:41.867;10:26:41.867;0:35.821;0:50.272;0:37.338;262.5;Oliver Gavin;;GTLM;;Corvette Racing;Chevrolet;
44;0;1;3:57.659;0;;2:16.150;0;59.862;0;41.647;0;98.7;3:57.659;09:28:57.659;2:16.150;0:59.862;0:41.647;215.8;John Potter;0:01:34.397;GTD;;Magnus Racing;Audi;
44;0;2;2:11.937;0;;38.097;0;54.812;0;39.028;0;177.8;6:09.596;09:31:09.596;0:38.097;0:54.812;0:39.028;256.4;John Potter;;GTD;;Magnus Racing;Audi;
44;0;3;2:10.802;0;;37.477;0;53.880;0;39.445;0;179.3;8:20.398;09:33:20.398;0:37.477;0:53.880;0:39.445;256.4;John Potter;;GTD;;Magnus Racing;Audi;
44;0;4;2:09.250;0;;37.462;0;52.743;0;39.045;0;181.5;10:29.648;09:35:29.648;0:37.462;0:52.743;0:39.045;255.9;John Potter;;GTD;;Magnus Racing;Audi;
44;0;5;2:09.143;0;;37.541;0;52.765;0;38.837;0;181.6;12:38.791;09:37:38.791;0:37.541;0:52.765;0:38.837;257.4;John Potter;;GTD;;Magnus Racing;Audi;
44;0;6;2:08.717;0;;37.518;0;52.451;1;38.748;0;182.2;14:47.508;09:39:47.508;0:37.518;0:52.451;0:38.748;255.9;John Potter;;GTD;;Magnus Racing;Audi;
44;0;7;2:09.184;0;;37.424;1;52.970;0;38.790;0;181.5;16:56.692;09:41:56.692;0:37.424;0:52.970;0:38.790;256.9;John Potter;;GTD;;Magnus Racing;Audi;
44;0;8;2:25.052;0;B;37.654;0;52.538;0;54.860;0;161.7;19:21.744;09:44:21.744;0:37.654;0:52.538;0:54.860;257.4;John Potter;;GTD;;Magnus Racing;Audi;
44;0;9;9:45.292;0;;8:10.962;0;54.350;0;39.980;0;40.1;29:07.036;09:54:07.036;8:10.962;0:54.350;0:39.980;252.5;John Potter;0:07:51.731;GTD;;Magnus Racing;Audi;
44;0;10;2:09.540;0;;37.720;0;52.793;0;39.027;0;181.0;31:16.576;09:56:16.576;0:37.720;0:52.793;0:39.027;255.9;John Potter;;GTD;;Magnus Racing;Audi;
44;0;11;2:09.284;0;;37.591;0;52.530;0;39.163;0;181.4;33:25.860;09:58:25.860;0:37.591;0:52.530;0:39.163;255.4;John Potter;;GTD;;Magnus Racing;Audi;
44;0;12;2:09.024;0;;37.688;0;52.639;0;38.697;1;181.8;35:34.884;10:00:34.884;0:37.688;0:52.639;0:38.697;255.9;John Potter;;GTD;;Magnus Racing;Audi;
44;0;13;2:33.446;0;B;37.543;0;56.285;0;59.618;0;152.8;38:08.330;10:03:08.330;0:37.543;0:56.285;0:59.618;255.9;John Potter;;GTD;;Magnus Racing;Audi;
44;1;14;9:15.764;0;;7:41.369;0;53.550;0;40.845;0;42.2;47:24.094;10:12:24.094;7:41.369;0:53.550;0:40.845;252.0;Andy Lally;0:07:22.410;GTD;;Magnus Racing;Audi;
44;1;15;2:07.195;2;;37.229;0;51.656;0;38.310;2;184.4;49:31.289;10:14:31.289;0:37.229;0:51.656;0:38.310;258.4;Andy Lally;;GTD;;Magnus Racing;Audi;
44;1;16;2:08.847;0;;37.296;0;52.502;0;39.049;0;182.0;51:40.136;10:16:40.136;0:37.296;0:52.502;0:39.049;257.9;Andy Lally;;GTD;;Magnus Racing;Audi;
44;1;17;2:22.951;0;B;37.190;0;52.684;0;53.077;0;164.1;54:03.087;10:19:03.087;0:37.190;0:52.684;0:53.077;257.4;Andy Lally;;GTD;;Magnus Racing;Audi;
44;1;18;3:02.428;0;;1:29.834;0;52.742;0;39.852;0;128.6;57:05.515;10:22:05.515;1:29.834;0:52.742;0:39.852;252.0;Andy Lally;0:01:11.101;GTD;;Magnus Racing;Audi;
44;1;19;2:07.276;0;;37.113;0;51.605;0;38.558;0;184.3;59:12.791;10:24:12.791;0:37.113;0:51.605;0:38.558;255.9;Andy Lally;;GTD;;Magnus Racing;Audi;
44;1;20;2:07.496;0;;37.069;2;51.598;2;38.829;0;183.9;1:01:20.287;10:26:20.287;0:37.069;0:51.598;0:38.829;256.4;Andy Lally;;GTD;;Magnus Racing;Audi;
48;0;1;3:54.808;0;;2:12.388;0;59.227;0;43.193;0;99.9;3:54.808;09:28:54.808;2:12.388;0:59.227;0:43.193;213.4;Bryan Sellers;0:01:32.643;GTD;;Paul Miller Racing;Lamborghini;
48;0;2;2:09.573;0;;37.534;0;53.052;0;38.987;0;181.0;6:04.381;09:31:04.381;0:37.534;0:53.052;0:38.987;261.5;Bryan Sellers;;GTD;;Paul Miller Racing;Lamborghini;
48;0;3;2:09.003;0;;37.268;0;52.885;0;38.850;0;181.8;8:13.384;09:33:13.384;0:37.268;0:52.885;0:38.850;263.1;Bryan Sellers;;GTD;;Paul Miller Racing;Lamborghini;
48;0;4;2:09.029;0;;37.264;0;53.065;0;38.700;0;181.8;10:22.413;09:35:22.413;0:37.264;0:53.065;0:38.700;262.5;Bryan Sellers;;GTD;;Paul Miller Racing;Lamborghini;
48;0;5;2:23.785;0;B;37.086;0;52.940;0;53.759;0;163.1;12:46.198;09:37:46.198;0:37.086;0:52.940;0:53.759;261.5;Bryan Sellers;;GTD;;Paul Miller Racing;Lamborghini;
48;0;6;5:38.797;0;;4:00.285;0;55.419;0;43.093;0;69.2;18:24.995;09:43:24.995;4:00.285;0:55.419;0:43.093;258.4;Bryan Sellers;0:03:38.531;GTD;;Paul Miller Racing;Lamborghini;
48;0;7;2:28.418;0;B;38.026;0;54.071;0;56.321;0;158.0;20:53.413;09:45:53.413;0:38.026;0:54.071;0:56.321;261.5;Bryan Sellers;;GTD;;Paul Miller Racing;Lamborghini;
48;0;8;8:31.431;0;;6:54.163;0;54.989;0;42.279;0;45.9;29:24.844;09:54:24.844;6:54.163;0:54.989;0:42.279;257.9;Bryan Sellers;0:06:34.671;GTD;;Paul Miller Racing;Lamborghini;
48;0;9;2:07.739;0;;37.080;0;51.968;0;38.691;0;183.6;31:32.583;09:56:32.583;0:37.080;0:51.968;0:38.691;262.0;Bryan Sellers;;GTD;;Paul Miller Racing;Lamborghini;
48;0;10;2:06.753;2;;36.767;0;51.715;2;38.271;2;185.0;33:39.336;09:58:39.336;0:36.767;0:51.715;0:38.271;262.0;Bryan Sellers;;GTD;;Paul Miller Racing;Lamborghini;
48;0;11;2:06.964;0;;36.645;2;51.987;0;38.332;0;184.7;35:46.300;10:00:46.300;0:36.645;0:51.987;0:38.332;263.1;Bryan Sellers;;GTD;;Paul Miller Racing;Lamborghini;
48;0;12;2:34.514;0;B;36.936;0;54.776;0;1:02.802;0;151.8;38:20.814;10:03:20.814;0:36.936;0:54.776;1:02.802;258.4;Bryan Sellers;;GTD;;Paul Miller Racing;Lamborghini;
48;1;13;9:39.419;0;;7:57.734;0;1:00.031;0;41.654;0;40.5;48:00.233;10:13:00.233;7:57.734;1:00.031;0:41.654;250.1;Madison Snow;0:07:37.980;GTD;;Paul Miller Racing;Lamborghini;
48;1;14;2:08.087;0;;37.075;0;52.426;0;38.586;0;183.1;50:08.320;10:15:08.320;0:37.075;0:52.426;0:38.586;262.5;Madison Snow;;GTD;;Paul Miller Racing;Lamborghini;
48;1;15;2:08.089;0;;36.987;0;51.885;0;39.217;0;183.1;52:16.409;10:17:16.409;0:36.987;0:51.885;0:39.217;262.0;Madison Snow;;GTD;;Paul Miller Racing;Lamborghini;
48;1;16;2:20.782;0;;40.539;0;1:01.599;0;38.644;0;166.6;54:37.191;10:19:37.191;0:40.539;1:01.599;0:38.644;156.8;Madison Snow;;GTD;;Paul Miller Racing;Lamborghini;
48;1;17;2:07.352;0;;37.117;0;51.860;1;38.375;1;184.2;56:44.543;10:21:44.543;0:37.117;0:51.860;0:38.375;263.6;Madison Snow;;GTD;;Paul Miller Racing;Lamborghini;
48;1;18;2:08.082;0;;36.875;1;52.528;0;38.679;0;183.1;58:52.625;10:23:52.625;0:36.875;0:52.528;0:38.679;263.1;Madison Snow;;GTD;;Paul Miller Racing;Lamborghini;
48;1;19;2:23.561;0;B;36.953;0;52.373;0;54.235;0;163.4;1:01:16.186;10:26:16.186;0:36.953;0:52.373;0:54.235;263.1;Madison Snow;;GTD;;Paul Miller Racing;Lamborghini;
5;0;1;2:08.132;0;;41.103;0;50.952;0;36.077;0;183.0;2:08.132;09:27:08.132;0:41.103;0:50.952;0:36.077;262.5;Joao Barbosa;0:00:06.211;P;;Action Express Racing;Chevrolet;
5;0;2;1:57.102;0;;34.228;0;47.783;0;35.091;0;200.3;4:05.234;09:29:05.234;0:34.228;0:47.783;0:35.091;278.6;Joao Barbosa;;P;;Action Express Racing;Chevrolet;
5;0;3;1:59.552;0;;33.648;0;50.295;0;35.609;0;196.2;6:04.786;09:31:04.786;0:33.648;0:50.295;0:35.609;281.5;Joao Barbosa;;P;;Action Express Racing;Chevrolet;
5;0;4;1:57.700;0;;33.624;0;48.025;0;36.051;0;199.3;8:02.486;09:33:02.486;0:33.624;0:48.025;0:36.051;282.1;Joao Barbosa;;P;;Action Express Racing;Chevrolet;
5;0;5;2:14.891;0;B;33.503;4;49.673;0;51.715;0;173.9;10:17.377;09:35:17.377;0:33.503;0:49.673;0:51.715;282.1;Joao Barbosa;;P;;Action Express Racing;Chevrolet;
5;0;6;6:13.471;0;;4:50.261;0;48.319;0;34.891;1;62.8;16:30.848;09:41:30.848;4:50.261;0:48.319;0:34.891;279.7;Joao Barbosa;0:04:36.159;P;;Action Express Racing;Chevrolet;
5;0;7;1:58.712;0;;35.044;0;48.378;0;35.290;0;197.6;18:29.560;09:43:29.560;0:35.044;0:48.378;0:35.290;279.1;Joao Barbosa;;P;;Action Express Racing;Chevrolet;
5;0;8;2:28.384;0;B;38.024;0;53.579;0;56.781;0;158.1;20:57.944;09:45:57.944;0:38.024;0:53.579;0:56.781;227.7;Joao Barbosa;;P;;Action Express Racing;Chevrolet;
5;0;9;9:16.457;0;;7:49.099;0;52.211;0;35.147;0;42.1;30:14.401;09:55:14.401;7:49.099;0:52.211;0:35.147;261.0;Joao Barbosa;0:07:33.779;P;;Action Express Racing;Chevrolet;
5;0;10;1:55.990;0;;33.830;0;47.181;2;34.979;0;202.2;32:10.391;09:57:10.391;0:33.830;0:47.181;0:34.979;278.0;Joao Barbosa;;P;;Action Express Racing;Chevrolet;
5;0;11;2:14.808;0;B;33.604;0;48.070;0;53.134;0;174.0;34:25.199;09:59:25.199;0:33.604;0:48.070;0:53.134;282.7;Joao Barbosa;;P;;Action Express Racing;Chevrolet;
5;1;12;12:29.559;0;;11:02.836;0;50.885;0;35.838;0;31.3;46:54.758;10:11:54.758;11:02.836;0:50.885;0:35.838;273.4;Christian Fittipaldi;0:10:46.616;P;;Action Express Racing;Chevrolet;
5;1;13;1:59.361;0;;34.121;0;49.710;0;35.530;0;196.5;48:54.119;10:13:54.119;0:34.121;0:49.710;0:35.530;280.3;Christian Fittipaldi;;P;;Action Express Racing;Chevrolet;
5;1;14;1:56.824;0;;33.662;0;48.304;0;34.858;2;200.8;50:50.943;10:15:50.943;0:33.662;0:48.304;0:34.858;281.5;Christian Fittipaldi;;P;;Action Express Racing;Chevrolet;
5;1;15;1:57.246;0;;33.536;1;48.270;0;35.440;0;200.0;52:48.189;10:17:48.189;0:33.536;0:48.270;0:35.440;277.4;Christian Fittipaldi;;P;;Action Express Racing;Chevrolet;
5;1;16;2:00.320;0;;34.874;0;50.294;0;35.152;0;194.9;54:48.509;10:19:48.509;0:34.874;0:50.294;0:35.152;275.1;Christian Fittipaldi;;P;;Action Express Racing;Chevrolet;
5;1;17;1:55.900;2;;33.665;0;47.286;1;34.949;0;202.4;56:44.409;10:21:44.409;0:33.665;0:47.286;0:34.949;280.3;Christian Fittipaldi;;P;;Action Express Racing;Chevrolet;
5;1;18;1:57.996;0;;33.593;0;48.726;0;35.677;0;198.8;58:42.405;10:23:42.405;0:33.593;0:48.726;0:35.677;279.7;Christian Fittipaldi;;P;;Action Express Racing;Chevrolet;
5;1;19;1:57.970;0;;33.567;0;48.525;0;35.878;0;198.8;1:00:40.375;10:25:40.375;0:33.567;0:48.525;0:35.878;280.9;Christian Fittipaldi;;P;;Action Express Racing;Chevrolet;
52;1;1;2:59.753;0;;1:26.546;0;53.844;0;39.363;0;130.5;2:59.753;09:27:59.753;1:26.546;0:53.844;0:39.363;233.8;Tom Kimber-Smith;0:00:48.357;PC;;PR1/Mathiasen Motorsports;ORECA;
52;1;2;2:04.583;0;;35.749;0;50.970;0;37.864;0;188.2;5:04.336;09:30:04.336;0:35.749;0:50.970;0:37.864;266.8;Tom Kimber-Smith;;PC;;PR1/Mathiasen Motorsports;ORECA;
52;1;3;2:02.093;0;;35.404;0;50.330;0;36.359;0;192.1;7:06.429;09:32:06.429;0:35.404;0:50.330;0:36.359;264.6;Tom Kimber-Smith;;PC;;PR1/Mathiasen Motorsports;ORECA;
52;1;4;1:59.797;0;;34.983;0;48.793;0;36.021;0;195.8;9:06.226;09:34:06.226;0:34.983;0:48.793;0:36.021;264.1;Tom Kimber-Smith;;PC;;PR1/Mathiasen Motorsports;ORECA;
52;1;5;1:59.445;0;;34.815;2;48.686;0;35.944;0;196.3;11:05.671;09:36:05.671;0:34.815;0:48.686;0:35.944;265.7;Tom Kimber-Smith;;PC;;PR1/Mathiasen Motorsports;ORECA;
52;1;6;2:16.615;0;B;34.912;0;49.604;0;52.099;0;171.7;13:22.286;09:38:22.286;0:34.912;0:49.604;0:52.099;268.9;Tom Kimber-Smith;;PC;;PR1/Mathiasen Motorsports;ORECA;
52;1;7;5:00.122;0;;3:32.608;0;49.689;0;37.825;0;78.1;18:22.408;09:43:22.408;3:32.608;0:49.689;0:37.825;266.8;Tom Kimber-Smith;0:03:16.754;PC;;PR1/Mathiasen Motorsports;ORECA;
52;1;8;2:26.965;0;B;35.680;0;55.903;0;55.382;0;159.6;20:49.373;09:45:49.373;0:35.680;0:55.903;0:55.382;255.4;Tom Kimber-Smith;;PC;;PR1/Mathiasen Motorsports;ORECA;
52;1;9;7:45.341;0;;6:16.830;0;51.733;0;36.778;0;50.4;28:34.714;09:53:34.714;6:16.830;0:51.733;0:36.778;268.4;Tom Kimber-Smith;0:06:01.293;PC;;PR1/Mathiasen Motorsports;ORECA;
52;1;10;2:01.568;0;;35.030;0;49.757;0;36.781;0;192.9;30:36.282;09:55:36.282;0:35.030;0:49.757;0:36.781;266.8;Tom Kimber-Smith;;PC;;PR1/Mathiasen Motorsports;ORECA;
52;1;11;1:59.259;2;;34.949;0;48.415;2;35.895;1;196.7;32:35.541;09:57:35.541;0:34.949;0:48.415;0:35.895;266.2;Tom Kimber-Smith;;PC;;PR1/Mathiasen Motorsports;ORECA;
52;1;12;2:17.513;0;B;34.837;0;49.087;0;53.589;0;170.5;34:53.054;09:59:53.054;0:34.837;0:49.087;0:53.589;266.2;Tom Kimber-Smith;;PC;;PR1/Mathiasen Motorsports;ORECA;
52;0;13;13:05.297;0;;10:46.311;0;1:40.206;0;38.780;0;29.9;47:58.351;10:12:58.351;10:46.311;1:40.206;0:38.780;258.4;Robert Alon;0:10:26.103;PC;;PR1/Mathiasen Motorsports;ORECA;
52;0;14;2:03.255;0;;35.668;0;50.962;0;36.625;0;190.3;50:01.606;10:15:01.606;0:35.668;0:50.962;0:36.625;266.2;Robert Alon;;PC;;PR1/Mathiasen Motorsports;ORECA;
52;0;15;2:00.831;0;;35.106;0;49.920;0;35.805;2;194.1;52:02.437;10:17:02.437;0:35.106;0:49.920;0:35.805;266.2;Robert Alon;;PC;;PR1/Mathiasen Motorsports;ORECA;
52;0;16;2:00.835;0;;35.354;0;49.344;0;36.137;0;194.1;54:03.272;10:19:03.272;0:35.354;0:49.344;0:36.137;266.2;Robert Alon;;PC;;PR1/Mathiasen Motorsports;ORECA;
52;0;17;2:00.313;0;;34.949;1;48.911;0;36.453;0;194.9;56:03.585;10:21:03.585;0:34.949;0:48.911;0:36.453;265.7;Robert Alon;;PC;;PR1/Mathiasen Motorsports;ORECA;
52;0;18;2:01.761;0;;35.140;0;49.142;0;37.479;0;192.6;58:05.346;10:23:05.346;0:35.140;0:49.142;0:37.479;265.7;Robert Alon;;PC;;PR1/Mathiasen Motorsports;ORECA;
52;0;19;1:59.537;0;;34.951;0;48.685;1;35.901;0;196.2;1:00:04.883;10:25:04.883;0:34.951;0:48.685;0:35.901;268.4;Robert Alon;;PC;;PR1/Mathiasen Motorsports;ORECA;
54;0;1;3:58.005;0;;2:25.140;0;54.171;0;38.694;0;98.5;3:58.005;09:28:58.005;2:25.140;0:54.171;0:38.694;248.7;Jonathan Bennett;0:01:47.666;PC;;CORE autosport;ORECA;
54;0;2;2:09.284;0;;36.078;0;55.019;0;38.187;0;181.4;6:07.289;09:31:07.289;0:36.078;0:55.019;0:38.187;266.2;Jonathan Bennett;;PC;;CORE autosport;ORECA;
54;0;3;2:05.843;0;;35.600;0;51.875;0;38.368;0;186.4;8:13.132;09:33:13.132;0:35.600;0:51.875;0:38.368;266.8;Jonathan Bennett;;PC;;CORE autosport;ORECA;
54;0;4;2:03.831;0;;35.703;0;50.889;0;37.239;0;189.4;10:16.963;09:35:16.963;0:35.703;0:50.889;0:37.239;264.6;Jonathan Bennett;;PC;;CORE autosport;ORECA;
54;0;5;2:20.304;0;B;35.534;0;50.237;0;54.533;0;167.2;12:37.267;09:37:37.267;0:35.534;0:50.237;0:54.533;264.6;Jonathan Bennett;;PC;;CORE autosport;ORECA;
54;0;6;2:55.380;0;;1:25.603;0;52.279;0;37.498;0;133.7;15:32.647;09:40:32.647;1:25.603;0:52.279;0:37.498;262.0;Jonathan Bennett;0:01:08.606;PC;;CORE autosport;ORECA;
54;0;7;2:02.715;0;;35.788;0;50.138;0;36.789;0;191.1;17:35.362;09:42:35.362;0:35.788;0:50.138;0:36.789;264.1;Jonathan Bennett;;PC;;CORE autosport;ORECA;
54;0;8;2:24.696;0;B;35.553;0;54.005;0;55.138;0;162.1;20:00.058;09:45:00.058;0:35.553;0:54.005;0:55.138;265.2;Jonathan Bennett;;PC;;CORE autosport;ORECA;
54;0;9;9:50.365;0;;8:23.134;0;50.177;0;37.054;0;39.7;29:50.423;09:54:50.423;8:23.134;0:50.177;0:37.054;263.1;Jonathan Bennett;0:08:06.615;PC;;CORE autosport;ORECA;
54;0;10;2:03.873;0;;35.888;0;50.945;0;37.040;0;189.3;31:54.296;09:56:54.296;0:35.888;0:50.945;0:37.040;265.2;Jonathan Bennett;;PC;;CORE autosport;ORECA;
54;0;11;2:01.037;0;;35.477;0;49.143;0;36.417;1;193.8;33:55.333;09:58:55.333;0:35.477;0:49.143;0:36.417;262.5;Jonathan Bennett;;PC;;CORE autosport;ORECA;
54;0;12;9:06.535;0;B;35.378;1;49.050;2;7:42.107;0;42.9;43:01.868;10:08:01.868;0:35.378;0:49.050;7:42.107;263.1;Jonathan Bennett;;PC;;CORE autosport;ORECA;
54;1;13;7:17.546;0;;5:44.049;0;53.980;0;39.517;0;53.6;50:19.414;10:15:19.414;5:44.049;0:53.980;0:39.517;203.6;Colin Braun;0:05:23.437;PC;;CORE autosport;ORECA;
54;1;14;2:02.027;0;;35.483;0;49.915;0;36.629;0;192.2;52:21.441;10:17:21.441;0:35.483;0:49.915;0:36.629;265.2;Colin Braun;;PC;;CORE autosport;ORECA;
54;1;15;2:00.372;2;;35.038;2;49.104;1;36.230;2;194.8;54:21.813;10:19:21.813;0:35.038;0:49.104;0:36.230;265.7;Colin Braun;;PC;;CORE autosport;ORECA;
54;1;16;2:19.915;0;B;35.040;0;50.881;0;53.994;0;167.6;56:41.728;10:21:41.728;0:35.040;0:50.881;0:53.994;266.8;Colin Braun;;PC;;CORE autosport;ORECA;
55;1;1;2:23.669;0;;56.163;0;51.152;0;36.354;0;163.2;2:23.669;09:27:23.669;0:56.163;0:51.152;0:36.354;262.0;Jonathan Bomarito;0:00:18.995;P;;Mazda Motorsports;Mazda;
55;1;2;1:58.362;0;;34.485;0;48.438;0;35.439;0;198.1;4:22.031;09:29:22.031;0:34.485;0:48.438;0:35.439;278.0;Jonathan Bomarito;;P;;Mazda Motorsports;Mazda;
55;1;3;2:11.664;0;B;33.866;0;47.353;0;50.445;0;178.1;6:33.695;09:31:33.695;0:33.866;0:47.353;0:50.445;278.0;Jonathan Bomarito;;P;;Mazda Motorsports;Mazda;
55;1;4;8:26.922;0;;6:48.950;0;58.091;0;39.881;0;46.3;15:00.617;09:40:00.617;6:48.950;0:58.091;0:39.881;233.8;Jonathan Bomarito;0:06:31.617;P;;Mazda Motorsports;Mazda;
55;1;5;1:56.822;0;;34.185;0;47.404;0;35.233;0;200.8;16:57.439;09:41:57.439;0:34.185;0:47.404;0:35.233;276.2;Jonathan Bomarito;;P;;Mazda Motorsports;Mazda;
55;1;6;2:12.256;0;B;34.970;0;46.538;4;50.748;0;177.3;19:09.695;09:44:09.695;0:34.970;0:46.538;0:50.748;276.2;Jonathan Bomarito;;P;;Mazda Motorsports;Mazda;
55;1;7;9:11.339;0;;7:46.115;0;50.070;0;35.154;0;42.5;28:21.034;09:53:21.034;7:46.115;0:50.070;0:35.154;257.9;Jonathan Bomarito;0:07:31.050;P;;Mazda Motorsports;Mazda;
55;1;8;1:55.021;4;;33.841;2;46.581;0;34.599;4;203.9;30:16.055;09:55:16.055;0:33.841;0:46.581;0:34.599;276.2;Jonathan Bomarito;;P;;Mazda Motorsports;Mazda;
55;1;9;2:12.885;0;B;34.295;0;48.128;0;50.462;0;176.5;32:28.940;09:57:28.940;0:34.295;0:48.128;0:50.462;279.1;Jonathan Bomarito;;P;;Mazda Motorsports;Mazda;
55;1;10;14:06.007;0;B;12:26.452;0;48.323;0;51.232;0;27.7;46:34.947;10:11:34.947;12:26.452;0:48.323;0:51.232;269.5;Jonathan Bomarito;0:12:08.917;P;;Mazda Motorsports;Mazda;
55;0;11;2:39.292;0;;1:14.559;0;49.284;0;35.449;1;147.2;49:14.239;10:14:14.239;1:14.559;0:49.284;0:35.449;276.2;Tristan Nunez;0:00:58.231;P;;Mazda Motorsports;Mazda;
55;0;12;1:59.461;0;;34.002;1;49.722;0;35.737;0;196.3;51:13.700;10:16:13.700;0:34.002;0:49.722;0:35.737;278.6;Tristan Nunez;;P;;Mazda Motorsports;Mazda;
55;0;13;2:14.152;0;B;34.166;0;48.843;1;51.143;0;174.8;53:27.852;10:18:27.852;0:34.166;0:48.843;0:51.143;277.4;Tristan Nunez;;P;;Mazda Motorsports;Mazda;
55;0;14;3:19.516;0;B;1:36.917;0;51.057;0;51.542;0;117.5;56:47.368;10:21:47.368;1:36.917;0:51.057;0:51.542;266.8;Tristan Nunez;0:01:19.904;P;;Mazda Motorsports;Mazda;
55;0;15;3:01.618;0;B;1:21.952;0;48.886;0;50.780;0;129.1;59:48.986;10:24:48.986;1:21.952;0:48.886;0:50.780;271.7;Tristan Nunez;0:01:05.581;P;;Mazda Motorsports;Mazda;
6;1;1;3:18.280;0;;1:41.388;0;56.917;0;39.975;0;118.3;3:18.280;09:28:18.280;1:41.388;0:56.917;0:39.975;228.1;Andrew Davis;0:00:58.324;GTD;;Stevenson Motorsports;Audi;
6;1;2;2:09.775;0;;37.667;0;53.171;0;38.937;0;180.7;5:28.055;09:30:28.055;0:37.667;0:53.171;0:38.937;258.9;Andrew Davis;;GTD;;Stevenson Motorsports;Audi;
6;1;3;2:08.710;0;;37.246;0;52.963;0;38.501;0;182.2;7:36.765;09:32:36.765;0:37.246;0:52.963;0:38.501;259.4;Andrew Davis;;GTD;;Stevenson Motorsports;Audi;
6;1;4;2:09.598;0;;37.673;0;53.304;0;38.621;0;181.0;9:46.363;09:34:46.363;0:37.673;0:53.304;0:38.621;262.5;Andrew Davis;;GTD;;Stevenson Motorsports;Audi;
6;1;5;2:23.874;0;B;37.169;0;52.907;0;53.798;0;163.0;12:10.237;09:37:10.237;0:37.169;0:52.907;0:53.798;259.9;Andrew Davis;;GTD;;Stevenson Motorsports;Audi;
6;1;6;5:37.849;0;;4:06.553;0;52.938;0;38.358;1;69.4;17:48.086;09:42:48.086;4:06.553;0:52.938;0:38.358;256.9;Andrew Davis;0:03:47.384;GTD;;Stevenson Motorsports;Audi;
6;1;7;2:25.139;0;B;37.379;0;53.034;0;54.726;0;161.6;20:13.225;09:45:13.225;0:37.379;0:53.034;0:54.726;258.4;Andrew Davis;;GTD;;Stevenson Motorsports;Audi;
6;1;8;9:34.989;0;;7:59.941;0;54.736;0;40.312;0;40.8;29:48.214;09:54:48.214;7:59.941;0:54.736;0:40.312;254.0;Andrew Davis;0:07:40.001;GTD;;Stevenson Motorsports;Audi;
6;1;9;2:10.856;0;;37.248;0;53.552;0;40.056;0;179.2;31:59.070;09:56:59.070;0:37.248;0:53.552;0:40.056;259.9;Andrew Davis;;GTD;;Stevenson Motorsports;Audi;
6;1;10;2:07.536;2;;36.959;2;52.125;0;38.452;0;183.9;34:06.606;09:59:06.606;0:36.959;0:52.125;0:38.452;261.0;Andrew Davis;;GTD;;Stevenson Motorsports;Audi;
6;1;11;2:06.812;0;;37.020;0;51.720;2;38.072;0;184.9;36:13.418;10:01:13.418;0:37.020;0:51.720;0:38.072;258.9;Andrew Davis;;GTD;;Stevenson Motorsports;Audi;
6;1;12;2:48.034;0;B;37.015;0;1:00.155;0;1:10.864;0;139.6;39:01.452;10:04:01.452;0:37.015;1:00.155;1:10.864;258.9;Andrew Davis;;GTD;;Stevenson Motorsports;Audi;
6;0;13;8:17.542;0;;6:43.032;0;53.999;0;40.511;0;47.1;47:18.994;10:12:18.994;6:43.032;0:53.999;0:40.511;255.4;Robin Liddell;0:06:24.765;GTD;;Stevenson Motorsports;Audi;
6;0;14;2:10.094;0;;38.216;0;53.222;0;38.656;0;180.3;49:29.088;10:14:29.088;0:38.216;0:53.222;0:38.656;242.3;Robin Liddell;;GTD;;Stevenson Motorsports;Audi;
6;0;15;2:08.002;0;;37.173;0;52.415;0;38.414;0;183.2;51:37.090;10:16:37.090;0:37.173;0:52.415;0:38.414;259.4;Robin Liddell;;GTD;;Stevenson Motorsports;Audi;
6;0;16;2:08.073;0;;37.107;1;52.316;0;38.650;0;183.1;53:45.163;10:18:45.163;0:37.107;0:52.316;0:38.650;259.9;Robin Liddell;;GTD;;Stevenson Motorsports;Audi;
6;0;17;2:11.997;0;;37.539;0;52.390;0;42.068;0;177.7;55:57.160;10:20:57.160;0:37.539;0:52.390;0:42.068;259.4;Robin Liddell;;GTD;;Stevenson Motorsports;Audi;
6;0;18;2:08.136;0;;37.241;0;52.445;0;38.450;0;183.0;58:05.296;10:23:05.296;0:37.241;0:52.445;0:38.450;259.4;Robin Liddell;;GTD;;Stevenson Motorsports;Audi;
6;0;19;2:07.986;0;;37.422;0;52.236;1;38.328;2;183.2;1:00:13.282;10:25:13.282;0:37.422;0:52.236;0:38.328;259.4;Robin Liddell;;GTD;;Stevenson Motorsports;Audi;
60;0;1;2:38.599;0;;1:03.298;0;57.124;0;38.177;0;147.9;2:38.599;09:27:38.599;1:03.298;0:57.124;0:38.177;203.6;John Pew;0:00:22.791;P;;Michael Shank Racing w/Curb-Agajanian;Honda;
60;0;2;2:03.183;0;;35.165;0;51.304;0;36.714;0;190.4;4:41.782;09:29:41.782;0:35.165;0:51.304;0:36.714;274.5;John Pew;;P;;Michael Shank Racing w/Curb-Agajanian;Honda;
60;0;3;1:58.998;0;;34.421;0;48.870;0;35.707;0;197.1;6:40.780;09:31:40.780;0:34.421;0:48.870;0:35.707;275.1;John Pew;;P;;Michael Shank Racing w/Curb-Agajanian;Honda;
60;0;4;1:57.869;0;;34.253;0;48.166;0;35.450;0;199.0;8:38.649;09:33:38.649;0:34.253;0:48.166;0:35.450;279.1;John Pew;;P;;Michael Shank Racing w/Curb-Agajanian;Honda;
60;0;5;1:58.414;0;;34.148;0;48.811;0;35.455;0;198.1;10:37.063;09:35:37.063;0:34.148;0:48.811;0:35.455;279.7;John Pew;;P;;Michael Shank Racing w/Curb-Agajanian;Honda;
60;0;6;2:18.800;0;B;34.076;0;49.519;0;55.205;0;169.0;12:55.863;09:37:55.863;0:34.076;0:49.519;0:55.205;282.1;John Pew;;P;;Michael Shank Racing w/Curb-Agajanian;Honda;
60;0;7;6:47.405;0;B;4:53.666;0;56.955;0;56.784;0;57.6;19:43.268;09:44:43.268;4:53.666;0:56.955;0:56.784;234.6;John Pew;0:04:34.774;P;;Michael Shank Racing w/Curb-Agajanian;Honda;
60;0;8;8:45.062;0;;7:17.408;0;50.447;0;37.207;0;44.7;28:28.330;09:53:28.330;7:17.408;0:50.447;0:37.207;274.5;John Pew;0:07:01.168;P;;Michael Shank Racing w/Curb-Agajanian;Honda;
60;0;9;2:02.866;0;;34.538;0;51.209;0;37.119;0;190.9;30:31.196;09:55:31.196;0:34.538;0:51.209;0:37.119;265.2;John Pew;;P;;Michael Shank Racing w/Curb-Agajanian;Honda;
60;0;10;1:57.693;0;;34.618;0;47.871;0;35.204;1;199.3;32:28.889;09:57:28.889;0:34.618;0:47.871;0:35.204;279.1;John Pew;;P;;Michael Shank Racing w/Curb-Agajanian;Honda;
60;0;11;2:01.416;0;;33.779;1;51.915;0;35.722;0;193.2;34:30.305;09:59:30.305;0:33.779;0:51.915;0:35.722;280.3;John Pew;;P;;Michael Shank Racing w/Curb-Agajanian;Honda;
60;0;12;2:16.314;0;B;33.985;0;47.801;1;54.528;0;172.0;36:46.619;10:01:46.619;0:33.985;0:47.801;0:54.528;278.6;John Pew;;P;;Michael Shank Racing w/Curb-Agajanian;Honda;
60;1;13;10:25.838;0;;8:55.551;0;53.235;0;37.052;0;37.5;47:12.457;10:12:12.457;8:55.551;0:53.235;0:37.052;239.7;Oswaldo Negri Jr.;0:08:38.280;P;;Michael Shank Racing w/Curb-Agajanian;Honda;
60;1;14;1:57.884;0;;35.011;0;47.883;0;34.990;0;198.9;49:10.341;10:14:10.341;0:35.011;0:47.883;0:34.990;275.1;Oswaldo Negri Jr.;;P;;Michael Shank Racing w/Curb-Agajanian;Honda;
60;1;15;2:01.062;0;;34.064;0;49.172;0;37.826;0;193.7;51:11.403;10:16:11.403;0:34.064;0:49.172;0:37.826;279.7;Oswaldo Negri Jr.;;P;;Michael Shank Racing w/Curb-Agajanian;Honda;
60;1;16;1:56.939;0;;33.836;0;48.113;0;34.990;0;200.6;53:08.342;10:18:08.342;0:33.836;0:48.113;0:34.990;279.1;Oswaldo Negri Jr.;;P;;Michael Shank Racing w/Curb-Agajanian;Honda;
60;1;17;1:56.149;0;;33.789;0;47.454;0;34.906;0;201.9;55:04.491;10:20:04.491;0:33.789;0:47.454;0:34.906;276.8;Oswaldo Negri Jr.;;P;;Michael Shank Racing w/Curb-Agajanian;Honda;
60;1;18;1:59.135;0;;33.602;2;49.293;0;36.240;0;196.9;57:03.626;10:22:03.626;0:33.602;0:49.293;0:36.240;279.1;Oswaldo Negri Jr.;;P;;Michael Shank Racing w/Curb-Agajanian;Honda;
60;1;19;1:55.746;2;;33.762;0;47.131;2;34.853;2;202.6;58:59.372;10:23:59.372;0:33.762;0:47.131;0:34.853;278.6;Oswaldo Negri Jr.;;P;;Michael Shank Racing w/Curb-Agajanian;Honda;
60;1;20;1:56.456;0;;33.867;0;47.576;0;35.013;0;201.4;1:00:55.828;10:25:55.828;0:33.867;0:47.576;0:35.013;276.2;Oswaldo Negri Jr.;;P;;Michael Shank Racing w/Curb-Agajanian;Honda;
62;0;1;17:53.984;0;;16:18.197;0;56.188;0;39.599;0;21.8;17:53.984;09:42:53.984;16:18.197;0:56.188;0:39.599;229.7;Giancarlo Fisichella;0:15:33.001;GTLM;;Risi Competizione;Ferrari;
62;0;2;2:29.973;0;B;37.135;0;56.795;0;56.043;0;156.4;20:23.957;09:45:23.957;0:37.135;0:56.795;0:56.043;235.0;Giancarlo Fisichella;;GTLM;;Risi Competizione;Ferrari;
62;0;3;9:34.093;0;;8:02.495;0;53.653;0;37.945;1;40.9;29:58.050;09:54:58.050;8:02.495;0:53.653;0:37.945;255.9;Giancarlo Fisichella;0:07:43.833;GTLM;;Risi Competizione;Ferrari;
62;0;4;2:06.582;0;;36.177;0;51.043;0;39.362;0;185.3;32:04.632;09:57:04.632;0:36.177;0:51.043;0:39.362;257.4;Giancarlo Fisichella;;GTLM;;Risi Competizione;Ferrari;
62;0;5;2:06.388;0;;36.228;0;51.078;0;39.082;0;185.6;34:11.020;09:59:11.020;0:36.228;0:51.078;0:39.082;260.5;Giancarlo Fisichella;;GTLM;;Risi Competizione;Ferrari;
62;0;6;2:02.954;0;;35.952;1;49.860;2;37.142;0;190.7;36:13.974;10:01:13.974;0:35.952;0:49.860;0:37.142;260.5;Giancarlo Fisichella;;GTLM;;Risi Competizione;Ferrari;
62;0;7;2:48.600;0;B;37.412;0;59.624;0;1:11.564;0;139.1;39:02.574;10:04:02.574;0:37.412;0:59.624;1:11.564;234.6;Giancarlo Fisichella;;GTLM;;Risi Competizione;Ferrari;
62;1;8;8:18.161;0;;6:42.442;0;56.437;0;39.282;0;47.1;47:20.735;10:12:20.735;6:42.442;0:56.437;0:39.282;243.2;Toni Vilander;0:06:24.552;GTLM;;Risi Competizione;Ferrari;
62;1;9;2:07.505;0;;36.400;0;51.961;0;39.144;0;183.9;49:28.240;10:14:28.240;0:36.400;0:51.961;0:39.144;255.9;Toni Vilander;;GTLM;;Risi Competizione;Ferrari;
62;1;10;2:03.769;0;;36.301;0;50.113;0;37.355;0;189.5;51:32.009;10:16:32.009;0:36.301;0:50.113;0:37.355;258.4;Toni Vilander;;GTLM;;Risi Competizione;Ferrari;
62;1;11;2:03.597;2;;36.073;0;50.273;0;37.251;0;189.8;53:35.606;10:18:35.606;0:36.073;0:50.273;0:37.251;259.9;Toni Vilander;;GTLM;;Risi Competizione;Ferrari;
62;1;12;2:03.739;0;;36.174;0;50.331;0;37.234;2;189.5;55:39.345;10:20:39.345;0:36.174;0:50.331;0:37.234;261.5;Toni Vilander;;GTLM;;Risi Competizione;Ferrari;
62;1;13;2:19.521;0;B;35.930;2;49.995;1;53.596;0;168.1;57:58.866;10:22:58.866;0:35.930;0:49.995;0:53.596;261.0;Toni Vilander;;GTLM;;Risi Competizione;Ferrari;
63;1;1;2:47.835;0;;1:05.606;0;1:00.544;0;41.685;0;139.7;2:47.835;09:27:47.835;1:05.606;1:00.544;0:41.685;197.8;Alessandro Balzan;0:00:25.127;GTD;;Scuderia Corsa;Ferrari;
63;1;2;2:25.310;0;;39.245;0;1:04.216;0;41.849;0;161.4;5:13.145;09:30:13.145;0:39.245;1:04.216;0:41.849;230.1;Alessandro Balzan;;GTD;;Scuderia Corsa;Ferrari;
63;1;3;2:09.994;0;;37.271;0;53.066;0;39.657;0;180.4;7:23.139;09:32:23.139;0:37.271;0:53.066;0:39.657;256.4;Alessandro Balzan;;GTD;;Scuderia Corsa;Ferrari;
63;1;4;2:08.443;0;;37.211;0;52.504;0;38.728;0;182.6;9:31.582;09:34:31.582;0:37.211;0:52.504;0:38.728;256.9;Alessandro Balzan;;GTD;;Scuderia Corsa;Ferrari;
63;1;5;2:07.794;2;;36.994;2;52.206;2;38.594;2;183.5;11:39.376;09:36:39.376;0:36.994;0:52.206;0:38.594;256.4;Alessandro Balzan;;GTD;;Scuderia Corsa;Ferrari;
63;1;6;2:08.523;0;;37.180;0;52.304;0;39.039;0;182.5;13:47.899;09:38:47.899;0:37.180;0:52.304;0:39.039;255.4;Alessandro Balzan;;GTD;;Scuderia Corsa;Ferrari;
63;1;7;2:23.608;0;B;37.103;0;52.485;0;54.020;0;163.3;16:11.507;09:41:11.507;0:37.103;0:52.485;0:54.020;255.9;Alessandro Balzan;;GTD;;Scuderia Corsa;Ferrari;
63;0;8;13:37.485;0;;12:02.426;0;54.957;0;40.102;0;28.7;29:48.992;09:54:48.992;12:02.426;0:54.957;0:40.102;252.0;Christina Nielsen;0:11:42.677;GTD;;Scuderia Corsa;Ferrari;
63;0;9;2:11.841;0;;37.920;0;53.621;0;40.300;0;177.9;32:00.833;09:57:00.833;0:37.920;0:53.621;0:40.300;255.4;Christina Nielsen;;GTD;;Scuderia Corsa;Ferrari;
63;0;10;2:11.113;0;;37.697;0;53.325;0;40.091;0;178.9;34:11.946;09:59:11.946;0:37.697;0:53.325;0:40.091;256.4;Christina Nielsen;;GTD;;Scuderia Corsa;Ferrari;
63;0;11;2:26.221;0;B;37.459;0;53.346;0;55.416;0;160.4;36:38.167;10:01:38.167;0:37.459;0:53.346;0:55.416;256.9;Christina Nielsen;;GTD;;Scuderia Corsa;Ferrari;
63;0;12;11:08.800;0;;9:28.897;0;59.047;0;40.856;0;35.1;47:46.967;10:12:46.967;9:28.897;0:59.047;0:40.856;189.6;Christina Nielsen;0:09:03.920;GTD;;Scuderia Corsa;Ferrari;
63;0;13;2:11.689;0;;38.363;0;54.090;0;39.236;0;178.1;49:58.656;10:14:58.656;0:38.363;0:54.090;0:39.236;252.5;Christina Nielsen;;GTD;;Scuderia Corsa;Ferrari;
63;0;14;2:09.123;0;;37.330;0;53.118;0;38.675;1;181.6;52:07.779;10:17:07.779;0:37.330;0:53.118;0:38.675;254.9;Christina Nielsen;;GTD;;Scuderia Corsa;Ferrari;
63;0;15;2:08.626;0;;37.277;0;52.506;0;38.843;0;182.3;54:16.405;10:19:16.405;0:37.277;0:52.506;0:38.843;255.9;Christina Nielsen;;GTD;;Scuderia Corsa;Ferrari;
63;0;16;2:14.269;0;;37.298;0;56.576;0;40.395;0;174.7;56:30.674;10:21:30.674;0:37.298;0:56.576;0:40.395;255.9;Christina Nielsen;;GTD;;Scuderia Corsa;Ferrari;
63;0;17;2:08.888;0;;37.185;1;52.488;1;39.215;0;182.0;58:39.562;10:23:39.562;0:37.185;0:52.488;0:39.215;256.4;Christina Nielsen;;GTD;;Scuderia Corsa;Ferrari;
63;0;18;2:10.128;0;;37.203;0;53.313;0;39.612;0;180.2;1:00:49.690;10:25:49.690;0:37.203;0:53.313;0:39.612;257.4;Christina Nielsen;;GTD;;Scuderia Corsa;Ferrari;
66;0;1;3:48.443;0;;2:13.316;0;56.430;0;38.697;0;102.7;3:48.443;09:28:48.443;2:13.316;0:56.430;0:38.697;213.1;Joey Hand;0:01:32.944;GTLM;;Ford Chip Ganassi Racing;Ford;
66;0;2;2:04.916;0;;36.373;0;51.215;0;37.328;0;187.7;5:53.359;09:30:53.359;0:36.373;0:51.215;0:37.328;262.5;Joey Hand;;GTLM;;Ford Chip Ganassi Racing;Ford;
66;0;3;2:03.519;0;;35.727;0;50.257;0;37.535;0;189.9;7:56.878;09:32:56.878;0:35.727;0:50.257;0:37.535;264.6;Joey Hand;;GTLM;;Ford Chip Ganassi Racing;Ford;
66;0;4;2:02.623;2;;35.573;2;49.958;1;37.092;2;191.3;9:59.501;09:34:59.501;0:35.573;0:49.958;0:37.092;264.1;Joey Hand;;GTLM;;Ford Chip Ganassi Racing;Ford;
66;0;5;2:20.037;0;B;35.888;0;50.501;0;53.648;0;167.5;12:19.538;09:37:19.538;0:35.888;0:50.501;0:53.648;263.1;Joey Hand;;GTLM;;Ford Chip Ganassi Racing;Ford;
66;1;6;4:17.339;0;;2:45.355;0;54.274;0;37.710;0;91.1;16:36.877;09:41:36.877;2:45.355;0:54.274;0:37.710;261.5;Dirk Mueller;0:02:28.315;GTLM;;Ford Chip Ganassi Racing;Ford;
66;1;7;2:19.198;0;B;36.202;0;50.303;0;52.693;0;168.5;18:56.075;09:43:56.075;0:36.202;0:50.303;0:52.693;263.1;Dirk Mueller;;GTLM;;Ford Chip Ganassi Racing;Ford;
66;1;8;9:29.385;0;;7:59.441;0;52.537;0;37.407;0;41.2;28:25.460;09:53:25.460;7:59.441;0:52.537;0:37.407;261.0;Dirk Mueller;0:07:41.976;GTLM;;Ford Chip Ganassi Racing;Ford;
66;1;9;2:18.012;0;B;36.025;0;49.918;0;52.069;0;169.9;30:43.472;09:55:43.472;0:36.025;0:49.918;0:52.069;263.6;Dirk Mueller;;GTLM;;Ford Chip Ganassi Racing;Ford;
66;1;10;5:59.123;0;B;4:15.234;0;50.595;0;53.294;0;65.3;36:42.595;10:01:42.595;4:15.234;0:50.595;0:53.294;261.5;Dirk Mueller;0:03:58.364;GTLM;;Ford Chip Ganassi Racing;Ford;
66;1;11;11:22.212;0;;9:48.548;0;54.856;0;38.808;0;34.4;48:04.807;10:13:04.807;9:48.548;0:54.856;0:38.808;249.6;Dirk Mueller;0:09:28.762;GTLM;;Ford Chip Ganassi Racing;Ford;
66;1;12;2:04.903;0;;36.660;0;51.039;0;37.204;0;187.8;50:09.710;10:15:09.710;0:36.660;0:51.039;0:37.204;260.5;Dirk Mueller;;GTLM;;Ford Chip Ganassi Racing;Ford;
66;1;13;2:05.214;0;;36.867;0;50.903;0;37.444;0;187.3;52:14.924;10:17:14.924;0:36.867;0:50.903;0:37.444;263.1;Dirk Mueller;;GTLM;;Ford Chip Ganassi Racing;Ford;
66;1;14;2:03.189;0;;36.057;0;49.895;2;37.237;0;190.4;54:18.113;10:19:18.113;0:36.057;0:49.895;0:37.237;262.5;Dirk Mueller;;GTLM;;Ford Chip Ganassi Racing;Ford;
66;1;15;2:11.161;0;;35.851;1;53.830;0;41.480;0;178.8;56:29.274;10:21:29.274;0:35.851;0:53.830;0:41.480;265.7;Dirk Mueller;;GTLM;;Ford Chip Ganassi Racing;Ford;
66;1;16;2:03.070;0;;35.978;0;49.994;0;37.098;1;190.6;58:32.344;10:23:32.344;0:35.978;0:49.994;0:37.098;263.6;Dirk Mueller;;GTLM;;Ford Chip Ganassi Racing;Ford;
66;1;17;2:28.172;0;B;39.551;0;55.046;0;53.575;0;158.3;1:01:00.516;10:26:00.516;0:39.551;0:55.046;0:53.575;223.5;Dirk Mueller;;GTLM;;Ford Chip Ganassi Racing;Ford;
67;1;1;3:52.210;0;;2:12.011;0;56.362;0;43.837;0;101.0;3:52.210;09:28:52.210;2:12.011;0:56.362;0:43.837;208.4;Richard Westbrook;0:01:30.553;GTLM;;Ford Chip Ganassi Racing;Ford;
67;1;2;2:05.878;0;;36.820;0;51.222;0;37.836;0;186.3;5:58.088;09:30:58.088;0:36.820;0:51.222;0:37.836;258.4;Richard Westbrook;;GTLM;;Ford Chip Ganassi Racing;Ford;
67;1;3;2:05.901;0;;36.314;0;50.684;1;38.903;0;186.3;8:03.989;09:33:03.989;0:36.314;0:50.684;0:38.903;263.1;Richard Westbrook;;GTLM;;Ford Chip Ganassi Racing;Ford;
67;1;4;2:04.680;0;;36.358;0;50.781;0;37.541;1;188.1;10:08.669;09:35:08.669;0:36.358;0:50.781;0:37.541;264.1;Richard Westbrook;;GTLM;;Ford Chip Ganassi Racing;Ford;
67;1;5;2:21.869;0;B;36.288;1;51.426;0;54.155;0;165.3;12:30.538;09:37:30.538;0:36.288;0:51.426;0:54.155;264.6;Richard Westbrook;;GTLM;;Ford Chip Ganassi Racing;Ford;
67;1;6;17:13.627;0;;15:37.987;0;54.912;0;40.728;0;22.7;29:44.165;09:54:44.165;15:37.987;0:54.912;0:40.728;232.1;Richard Westbrook;0:15:17.323;GTLM;;Ford Chip Ganassi Racing;Ford;
67;1;7;2:34.827;0;B;40.516;0;54.368;0;59.943;0;151.5;32:18.992;09:57:18.992;0:40.516;0:54.368;0:59.943;253.0;Richard Westbrook;;GTLM;;Ford Chip Ganassi Racing;Ford;
67;0;8;4:22.131;0;B;2:28.991;0;57.993;0;55.147;0;89.5;36:41.123;10:01:41.123;2:28.991;0:57.993;0:55.147;241.9;Ryan Briscoe;0:02:09.113;GTLM;;Ford Chip Ganassi Racing;Ford;
67;0;9;11:34.530;0;;10:00.497;0;55.159;0;38.874;0;33.8;48:15.653;10:13:15.653;10:00.497;0:55.159;0:38.874;239.3;Ryan Briscoe;0:09:40.504;GTLM;;Ford Chip Ganassi Racing;Ford;
67;0;10;2:05.941;0;;36.985;0;51.316;0;37.640;0;186.2;50:21.594;10:15:21.594;0:36.985;0:51.316;0:37.640;260.5;Ryan Briscoe;;GTLM;;Ford Chip Ganassi Racing;Ford;
67;0;11;2:04.201;0;;36.447;0;50.407;0;37.347;0;188.8;52:25.795;10:17:25.795;0:36.447;0:50.407;0:37.347;263.1;Ryan Briscoe;;GTLM;;Ford Chip Ganassi Racing;Ford;
67;0;12;2:04.255;0;;36.068;0;50.346;0;37.841;0;188.7;54:30.050;10:19:30.050;0:36.068;0:50.346;0:37.841;262.5;Ryan Briscoe;;GTLM;;Ford Chip Ganassi Racing;Ford;
67;0;13;2:05.051;0;;36.041;0;50.988;0;38.022;0;187.5;56:35.101;10:21:35.101;0:36.041;0:50.988;0:38.022;262.5;Ryan Briscoe;;GTLM;;Ford Chip Ganassi Racing;Ford;
67;0;14;2:03.143;2;;35.962;2;49.947;2;37.234;2;190.5;58:38.244;10:23:38.244;0:35.962;0:49.947;0:37.234;262.0;Ryan Briscoe;;GTLM;;Ford Chip Ganassi Racing;Ford;
67;0;15;2:07.393;0;;36.552;0;52.737;0;38.104;0;184.1;1:00:45.637;10:25:45.637;0:36.552;0:52.737;0:38.104;261.0;Ryan Briscoe;;GTLM;;Ford Chip Ganassi Racing;Ford;
7;1;1;2:59.682;0;;1:25.393;0;54.866;0;39.423;0;130.5;2:59.682;09:27:59.682;1:25.393;0:54.866;0:39.423;240.6;Gustavo Yacaman;0:00:47.699;PC;;Starworks Motorsport;ORECA;
7;1;2;2:05.592;0;;36.609;0;50.909;0;38.074;0;186.7;5:05.274;09:30:05.274;0:36.609;0:50.909;0:38.074;266.8;Gustavo Yacaman;;PC;;Starworks Motorsport;ORECA;
7;1;3;2:05.421;0;;36.890;0;51.189;0;37.342;0;187.0;7:10.695;09:32:10.695;0:36.890;0:51.189;0:37.342;261.5;Gustavo Yacaman;;PC;;Starworks Motorsport;ORECA;
7;1;4;2:01.200;0;;35.395;0;49.326;1;36.479;0;193.5;9:11.895;09:34:11.895;0:35.395;0:49.326;0:36.479;265.2;Gustavo Yacaman;;PC;;Starworks Motorsport;ORECA;
7;1;5;2:01.177;0;;35.301;1;49.486;0;36.390;1;193.5;11:13.072;09:36:13.072;0:35.301;0:49.486;0:36.390;265.2;Gustavo Yacaman;;PC;;Starworks Motorsport;ORECA;
7;1;6;2:17.239;0;B;35.309;0;49.388;0;52.542;0;170.9;13:30.311;09:38:30.311;0:35.309;0:49.388;0:52.542;265.7;Gustavo Yacaman;;PC;;Starworks Motorsport;ORECA;
7;1;7;4:43.476;0;;3:14.189;0;51.860;0;37.427;0;82.7;18:13.787;09:43:13.787;3:14.189;0:51.860;0:37.427;267.3;Gustavo Yacaman;0:02:55.325;PC;;Starworks Motorsport;ORECA;
7;1;8;2:27.528;0;B;35.478;0;54.358;0;57.692;0;159.0;20:41.315;09:45:41.315;0:35.478;0:54.358;0:57.692;264.6;Gustavo Yacaman;;PC;;Starworks Motorsport;ORECA;
7;0;9;8:24.574;0;;6:52.808;0;53.187;0;38.579;0;46.5;29:05.889;09:54:05.889;6:52.808;0:53.187;0:38.579;265.7;Jose Gutierrez;0:06:35.142;PC;;Starworks Motorsport;ORECA;
7;0;10;2:05.437;0;;35.753;0;51.483;0;38.201;0;187.0;31:11.326;09:56:11.326;0:35.753;0:51.483;0:38.201;265.7;Jose Gutierrez;;PC;;Starworks Motorsport;ORECA;
7;0;11;2:03.416;0;;35.667;0;50.861;0;36.888;0;190.0;33:14.742;09:58:14.742;0:35.667;0:50.861;0:36.888;265.2;Jose Gutierrez;;PC;;Starworks Motorsport;ORECA;
7;0;12;2:03.155;0;;35.648;0;50.306;0;37.201;0;190.4;35:17.897;10:00:17.897;0:35.648;0:50.306;0:37.201;264.6;Jose Gutierrez;;PC;;Starworks Motorsport;ORECA;
7;0;13;2:33.127;0;B;35.474;0;51.749;0;1:05.904;0;153.2;37:51.024;10:02:51.024;0:35.474;0:51.749;1:05.904;264.1;Jose Gutierrez;;PC;;Starworks Motorsport;ORECA;
7;0;14;9:18.235;0;;7:43.705;0;54.374;0;40.156;0;42.0;47:09.259;10:12:09.259;7:43.705;0:54.374;0:40.156;258.4;Jose Gutierrez;0:07:25.044;PC;;Starworks Motorsport;ORECA;
7;0;15;2:03.167;0;;36.123;0;49.773;0;37.271;0;190.4;49:12.426;10:14:12.426;0:36.123;0:49.773;0:37.271;265.2;Jose Gutierrez;;PC;;Starworks Motorsport;ORECA;
7;0;16;2:03.169;0;;35.485;0;50.147;0;37.537;0;190.4;51:15.595;10:16:15.595;0:35.485;0:50.147;0:37.537;265.2;Jose Gutierrez;;PC;;Starworks Motorsport;ORECA;
7;0;17;2:02.886;0;;35.660;0;48.997;0;38.229;0;190.8;53:18.481;10:18:18.481;0:35.660;0:48.997;0:38.229;264.6;Jose Gutierrez;;PC;;Starworks Motorsport;ORECA;
7;0;18;2:00.465;0;;35.285;0;48.929;0;36.251;0;194.7;55:18.946;10:20:18.946;0:35.285;0:48.929;0:36.251;264.1;Jose Gutierrez;;PC;;Starworks Motorsport;ORECA;
7;0;19;1:59.957;0;;34.955;0;48.829;0;36.173;0;195.5;57:18.903;10:22:18.903;0:34.955;0:48.829;0:36.173;265.2;Jose Gutierrez;;PC;;Starworks Motorsport;ORECA;
7;0;20;1:59.682;2;;34.857;2;48.765;2;36.060;2;196.0;59:18.585;10:24:18.585;0:34.857;0:48.765;0:36.060;265.2;Jose Gutierrez;;PC;;Starworks Motorsport;ORECA;
7;0;21;2:01.230;0;;35.029;0;48.844;0;37.357;0;193.5;1:01:19.815;10:26:19.815;0:35.029;0:48.844;0:37.357;266.2;Jose Gutierrez;;PC;;Starworks Motorsport;ORECA;
70;1;1;2:24.718;0;;56.926;0;51.433;0;36.359;0;162.1;2:24.718;09:27:24.718;0:56.926;0:51.433;0:36.359;268.9;Joel Miller;0:00:20.519;P;;Mazda Motorsports;Mazda;
70;1;2;1:58.228;0;;34.629;0;48.068;0;35.531;0;198.4;4:22.946;09:29:22.946;0:34.629;0:48.068;0:35.531;278.0;Joel Miller;;P;;Mazda Motorsports;Mazda;
70;1;3;1:56.109;0;;33.815;0;47.483;0;34.811;0;202.0;6:19.055;09:31:19.055;0:33.815;0:47.483;0:34.811;278.0;Joel Miller;;P;;Mazda Motorsports;Mazda;
70;1;4;1:57.841;0;;34.236;0;47.895;0;35.710;0;199.0;8:16.896;09:33:16.896;0:34.236;0:47.895;0:35.710;279.1;Joel Miller;;P;;Mazda Motorsports;Mazda;
70;1;5;2:12.809;0;B;33.752;0;48.352;0;50.705;0;176.6;10:29.705;09:35:29.705;0:33.752;0:48.352;0:50.705;280.3;Joel Miller;;P;;Mazda Motorsports;Mazda;
70;1;6;7:59.211;0;;6:35.687;0;48.562;0;34.962;0;48.9;18:28.916;09:43:28.916;6:35.687;0:48.562;0:34.962;275.7;Joel Miller;0:06:16.246;P;;Mazda Motorsports;Mazda;
70;1;7;2:26.244;0;B;34.512;0;54.130;0;57.602;0;160.4;20:55.160;09:45:55.160;0:34.512;0:54.130;0:57.602;242.8;Joel Miller;;P;;Mazda Motorsports;Mazda;
70;1;8;7:36.021;0;;6:11.220;0;49.288;0;35.513;0;51.4;28:31.181;09:53:31.181;6:11.220;0:49.288;0:35.513;263.6;Joel Miller;0:05:56.151;P;;Mazda Motorsports;Mazda;
70;1;9;1:59.220;0;;34.445;0;48.400;0;36.375;0;196.7;30:30.401;09:55:30.401;0:34.445;0:48.400;0:36.375;276.8;Joel Miller;;P;;Mazda Motorsports;Mazda;
70;1;10;1:55.832;2;;33.734;2;47.289;0;34.809;2;202.5;32:26.233;09:57:26.233;0:33.734;0:47.289;0:34.809;278.0;Joel Miller;;P;;Mazda Motorsports;Mazda;
70;1;11;2:11.586;0;B;33.967;0;47.186;2;50.433;0;178.2;34:37.819;09:59:37.819;0:33.967;0:47.186;0:50.433;278.0;Joel Miller;;P;;Mazda Motorsports;Mazda;
70;1;12;12:31.121;0;;11:03.640;0;50.715;0;36.766;0;31.2;47:08.940;10:12:08.940;11:03.640;0:50.715;0:36.766;261.0;Joel Miller;0:10:47.643;P;;Mazda Motorsports;Mazda;
70;1;13;1:57.048;0;;34.381;0;47.585;0;35.082;0;200.4;49:05.988;10:14:05.988;0:34.381;0:47.585;0:35.082;278.0;Joel Miller;;P;;Mazda Motorsports;Mazda;
70;1;14;2:12.527;0;B;34.562;0;47.334;0;50.631;0;177.0;51:18.515;10:16:18.515;0:34.562;0:47.334;0:50.631;277.4;Joel Miller;;P;;Mazda Motorsports;Mazda;
70;1;15;5:11.546;0;;3:47.486;0;49.065;0;34.995;0;75.3;56:30.061;10:21:30.061;3:47.486;0:49.065;0:34.995;279.1;Joel Miller;0:03:32.435;P;;Mazda Motorsports;Mazda;
73;0;1;2:54.275;0;;1:15.326;0;57.768;0;41.181;0;134.6;2:54.275;09:27:54.275;1:15.326;0:57.768;0:41.181;197.2;Patrick Lindsey;0:00:35.590;GTD;;Park Place Motorsports;Porsche;
73;0;2;2:10.394;0;;37.808;0;53.573;0;39.013;0;179.9;5:04.669;09:30:04.669;0:37.808;0:53.573;0:39.013;258.9;Patrick Lindsey;;GTD;;Park Place Motorsports;Porsche;
73;0;3;2:27.777;0;B;37.363;0;54.696;0;55.718;0;158.7;7:32.446;09:32:32.446;0:37.363;0:54.696;0:55.718;259.4;Patrick Lindsey;;GTD;;Park Place Motorsports;Porsche;
73;0;4;5:40.432;0;;4:07.762;0;53.968;0;38.702;2;68.9;13:12.878;09:38:12.878;4:07.762;0:53.968;0:38.702;257.9;Patrick Lindsey;0:03:49.783;GTD;;Park Place Motorsports;Porsche;
73;0;5;2:08.731;2;;37.298;2;52.422;2;39.011;0;182.2;15:21.609;09:40:21.609;0:37.298;0:52.422;0:39.011;258.4;Patrick Lindsey;;GTD;;Park Place Motorsports;Porsche;
73;0;6;3:09.532;0;B;37.300;0;1:19.373;0;1:12.859;0;123.7;18:31.141;09:43:31.141;0:37.300;1:19.373;1:12.859;259.4;Patrick Lindsey;;GTD;;Park Place Motorsports;Porsche;
77;1;1;2:49.007;0;;1:08.530;0;59.113;0;41.364;0;138.8;2:49.007;09:27:49.007;1:08.530;0:59.113;0:41.364;218.7;Gunnar Jeannette;0:00:27.296;GTD;;Alex Job Racing;Porsche;
77;1;2;2:12.387;0;;38.642;0;54.606;0;39.139;0;177.2;5:01.394;09:30:01.394;0:38.642;0:54.606;0:39.139;254.5;Gunnar Jeannette;;GTD;;Alex Job Racing;Porsche;
77;1;3;2:11.259;0;;37.662;0;54.083;0;39.514;0;178.7;7:12.653;09:32:12.653;0:37.662;0:54.083;0:39.514;254.5;Gunnar Jeannette;;GTD;;Alex Job Racing;Porsche;
77;1;4;6:19.058;0;B;37.570;0;53.798;0;4:47.690;0;61.9;13:31.711;09:38:31.711;0:37.570;0:53.798;4:47.690;259.9;Gunnar Jeannette;;GTD;;Alex Job Racing;Porsche;
77;1;5;2:34.328;0;;1:00.049;0;54.858;0;39.421;0;152.0;16:06.039;09:41:06.039;1:00.049;0:54.858;0:39.421;254.0;Gunnar Jeannette;0:04:32.678;GTD;;Alex Job Racing;Porsche;
77;1;6;2:10.345;0;;37.639;0;53.632;0;39.074;0;179.9;18:16.384;09:43:16.384;0:37.639;0:53.632;0:39.074;256.9;Gunnar Jeannette;;GTD;;Alex Job Racing;Porsche;
77;1;7;12:54.051;0;B;37.186;0;52.688;0;11:24.177;0;30.3;31:10.435;09:56:10.435;0:37.186;0:52.688;11:24.177;257.9;Gunnar Jeannette;;GTD;;Alex Job Racing;Porsche;
77;1;8;2:31.444;0;;59.632;0;53.106;0;38.706;0;154.9;33:41.879;09:58:41.879;0:59.632;0:53.106;0:38.706;250.6;Gunnar Jeannette;0:11:07.824;GTD;;Alex Job Racing;Porsche;
77;1;9;2:08.108;2;;37.276;2;52.319;2;38.513;2;183.1;35:49.987;10:00:49.987;0:37.276;0:52.319;0:38.513;257.4;Gunnar Jeannette;;GTD;;Alex Job Racing;Porsche;
77;1;10;9:16.785;0;B;38.928;0;56.064;0;7:41.793;0;42.1;45:06.772;10:10:06.772;0:38.928;0:56.064;7:41.793;250.1;Gunnar Jeannette;;GTD;;Alex Job Racing;Porsche;
77;0;11;2:43.351;0;;1:03.644;0;58.191;0;41.516;1;143.6;47:50.123;10:12:50.123;1:03.644;0:58.191;0:41.516;243.7;David MacNeil;0:07:23.519;GTD;;Alex Job Racing;Porsche;
77;0;12;2:17.989;0;;39.475;0;56.760;0;41.754;0;170.0;50:08.112;10:15:08.112;0:39.475;0:56.760;0:41.754;256.9;David MacNeil;;GTD;;Alex Job Racing;Porsche;
77;0;13;3:23.757;0;B;41.007;0;58.786;0;1:43.964;0;115.1;53:31.869;10:18:31.869;0:41.007;0:58.786;1:43.964;254.9;David MacNeil;;GTD;;Alex Job Racing;Porsche;
77;0;14;2:40.902;0;;1:00.644;0;58.635;0;41.623;0;145.8;56:12.771;10:21:12.771;1:00.644;0:58.635;0:41.623;249.2;David MacNeil;0:01:26.184;GTD;;Alex Job Racing;Porsche;
77;0;15;2:17.907;0;;38.908;0;56.820;0;42.179;0;170.1;58:30.678;10:23:30.678;0:38.908;0:56.820;0:42.179;249.2;David MacNeil;;GTD;;Alex Job Racing;Porsche;
77;0;16;2:17.656;0;;38.827;1;56.696;1;42.133;0;170.4;1:00:48.334;10:25:48.334;0:38.827;0:56.696;0:42.133;256.4;David MacNeil;;GTD;;Alex Job Racing;Porsche;
8;0;1;4:26.498;0;;2:50.279;0;54.349;0;41.870;0;88.0;4:26.498;09:29:26.498;2:50.279;0:54.349;0:41.870;263.1;Renger van der Zande;0:02:13.245;PC;;Starworks Motorsport;ORECA;
8;0;2;2:01.618;0;;35.817;0;49.716;0;36.085;0;192.8;6:28.116;09:31:28.116;0:35.817;0:49.716;0:36.085;264.1;Renger van der Zande;;PC;;Starworks Motorsport;ORECA;
8;0;3;2:01.530;0;;35.061;0;49.999;0;36.470;0;193.0;8:29.646;09:33:29.646;0:35.061;0:49.999;0:36.470;266.2;Renger van der Zande;;PC;;Starworks Motorsport;ORECA;
8;0;4;1:59.642;0;;34.856;0;48.852;0;35.934;0;196.0;10:29.288;09:35:29.288;0:34.856;0:48.852;0:35.934;266.2;Renger van der Zande;;PC;;Starworks Motorsport;ORECA;
8;0;5;1:58.954;0;;34.945;0;48.349;0;35.660;2;197.2;12:28.242;09:37:28.242;0:34.945;0:48.349;0:35.660;265.7;Renger van der Zande;;PC;;Starworks Motorsport;ORECA;
8;0;6;1:58.898;2;;34.794;2;48.202;2;35.902;0;197.3;14:27.140;09:39:27.140;0:34.794;0:48.202;0:35.902;265.7;Renger van der Zande;;PC;;Starworks Motorsport;ORECA;
8;0;7;2:17.268;0;B;35.282;0;48.509;0;53.477;0;170.9;16:44.408;09:41:44.408;0:35.282;0:48.509;0:53.477;266.8;Renger van der Zande;;PC;;Starworks Motorsport;ORECA;
8;0;8;12:01.008;0;;10:31.204;0;50.547;0;39.257;0;32.5;28:45.416;09:53:45.416;10:31.204;0:50.547;0:39.257;267.3;Renger van der Zande;0:10:15.063;PC;;Starworks Motorsport;ORECA;
8;0;9;2:03.452;0;;34.973;0;50.800;0;37.679;0;190.0;30:48.868;09:55:48.868;0:34.973;0:50.800;0:37.679;270.0;Renger van der Zande;;PC;;Starworks Motorsport;ORECA;
8;0;10;2:17.591;0;B;35.086;0;48.933;0;53.572;0;170.5;33:06.459;09:58:06.459;0:35.086;0:48.933;0:53.572;268.4;Renger van der Zande;;PC;;Starworks Motorsport;ORECA;
8;1;11;13:55.551;0;;12:25.207;0;52.283;0;38.061;0;28.1;47:02.010;10:12:02.010;12:25.207;0:52.283;0:38.061;236.3;Alex Popow;0:12:08.004;PC;;Starworks Motorsport;ORECA;
8;1;12;2:03.040;0;;35.733;0;50.083;0;37.224;0;190.6;49:05.050;10:14:05.050;0:35.733;0:50.083;0:37.224;264.6;Alex Popow;;PC;;Starworks Motorsport;ORECA;
8;1;13;2:02.103;0;;35.828;0;49.545;0;36.730;0;192.1;51:07.153;10:16:07.153;0:35.828;0:49.545;0:36.730;265.7;Alex Popow;;PC;;Starworks Motorsport;ORECA;
8;1;14;2:03.324;0;;35.983;0;49.808;0;37.533;0;190.2;53:10.477;10:18:10.477;0:35.983;0:49.808;0:37.533;266.8;Alex Popow;;PC;;Starworks Motorsport;ORECA;
8;1;15;2:01.828;0;;35.477;0;49.577;0;36.774;0;192.5;55:12.305;10:20:12.305;0:35.477;0:49.577;0:36.774;265.2;Alex Popow;;PC;;Starworks Motorsport;ORECA;
8;1;16;2:01.871;0;;35.705;0;49.449;1;36.717;0;192.4;57:14.176;10:22:14.176;0:35.705;0:49.449;0:36.717;263.6;Alex Popow;;PC;;Starworks Motorsport;ORECA;
8;1;17;2:01.467;0;;35.390;1;49.503;0;36.574;1;193.1;59:15.643;10:24:15.643;0:35.390;0:49.503;0:36.574;264.1;Alex Popow;;PC;;Starworks Motorsport;ORECA;
8;1;18;2:03.372;0;;35.828;0;50.102;0;37.442;0;190.1;1:01:19.015;10:26:19.015;0:35.828;0:50.102;0:37.442;266.2;Alex Popow;;PC;;Starworks Motorsport;ORECA;
80;0;1;3:58.134;0;;2:12.059;0;1:02.988;0;43.087;0;98.5;3:58.134;09:28:58.134;2:12.059;1:02.988;0:43.087;184.5;Dan Knox;0:01:23.266;GTD;;Lone Star Racing;Dodge;
80;0;2;2:17.905;0;;39.543;0;57.741;0;40.621;0;170.1;6:16.039;09:31:16.039;0:39.543;0:57.741;0:40.621;259.9;Dan Knox;;GTD;;Lone Star Racing;Dodge;
80;0;3;2:16.389;0;;39.467;0;55.373;0;41.549;0;172.0;8:32.428;09:33:32.428;0:39.467;0:55.373;0:41.549;259.4;Dan Knox;;GTD;;Lone Star Racing;Dodge;
80;0;4;2:14.656;0;;38.166;0;55.575;0;40.915;0;174.2;10:47.084;09:35:47.084;0:38.166;0:55.575;0:40.915;258.4;Dan Knox;;GTD;;Lone Star Racing;Dodge;
80;0;5;2:32.873;0;B;38.501;0;55.269;0;59.103;0;153.4;13:19.957;09:38:19.957;0:38.501;0:55.269;0:59.103;258.4;Dan Knox;;GTD;;Lone Star Racing;Dodge;
80;0;6;15:59.768;0;;14:21.005;0;57.836;0;40.927;0;24.4;29:19.725;09:54:19.725;14:21.005;0:57.836;0:40.927;253.5;Dan Knox;0:14:01.877;GTD;;Lone Star Racing;Dodge;
80;0;7;2:14.613;0;;38.224;0;55.469;0;40.920;0;174.2;31:34.338;09:56:34.338;0:38.224;0:55.469;0:40.920;256.4;Dan Knox;;GTD;;Lone Star Racing;Dodge;
80;0;8;2:12.796;2;;37.964;0;54.822;0;40.010;1;176.6;33:47.134;09:58:47.134;0:37.964;0:54.822;0:40.010;258.4;Dan Knox;;GTD;;Lone Star Racing;Dodge;
80;0;9;2:33.049;0;B;37.793;1;54.320;1;1:00.936;0;153.2;36:20.183;10:01:20.183;0:37.793;0:54.320;1:00.936;258.4;Dan Knox;;GTD;;Lone Star Racing;Dodge;
80;1;10;11:22.227;0;B;9:32.515;0;54.528;0;55.184;0;34.4;47:42.410;10:12:42.410;9:32.515;0:54.528;0:55.184;259.4;Mike Skeen;0:09:13.945;GTD;;Lone Star Racing;Dodge;
80;1;11;4:16.064;0;;2:43.384;0;53.405;0;39.275;0;91.6;51:58.474;10:16:58.474;2:43.384;0:53.405;0:39.275;258.9;Mike Skeen;0:02:25.450;GTD;;Lone Star Racing;Dodge;
80;1;12;2:24.848;0;B;37.238;2;53.104;0;54.506;0;161.9;54:23.322;10:19:23.322;0:37.238;0:53.104;0:54.506;258.9;Mike Skeen;;GTD;;Lone Star Racing;Dodge;
80;1;13;4:04.068;0;B;2:17.042;0;52.909;2;54.117;0;96.1;58:27.390;10:23:27.390;2:17.042;0:52.909;0:54.117;258.9;Mike Skeen;0:01:59.152;GTD;;Lone Star Racing;Dodge;
80;1;14;2:41.731;0;;1:09.688;0;53.013;0;39.030;2;145.0;1:01:09.121;10:26:09.121;1:09.688;0:53.013;0:39.030;258.9;Mike Skeen;0:00:52.066;GTD;;Lone Star Racing;Dodge;
85;0;1;2:23.630;0;;47.617;0;56.630;0;39.383;0;163.3;2:23.630;09:27:23.630;0:47.617;0:56.630;0:39.383;196.0;Misha Goikhberg;0:00:09.073;PC;;JDC-Miller Motorsports;ORECA;
85;0;2;2:05.434;0;;37.028;0;51.108;0;37.298;0;187.0;4:29.064;09:29:29.064;0:37.028;0:51.108;0:37.298;262.0;Misha Goikhberg;;PC;;JDC-Miller Motorsports;ORECA;
85;0;3;2:00.847;0;;35.587;0;49.179;0;36.081;0;194.1;6:29.911;09:31:29.911;0:35.587;0:49.179;0:36.081;264.6;Misha Goikhberg;;PC;;JDC-Miller Motorsports;ORECA;
85;0;4;2:01.810;0;;35.141;0;48.677;0;37.992;0;192.5;8:31.721;09:33:31.721;0:35.141;0:48.677;0:37.992;264.6;Misha Goikhberg;;PC;;JDC-Miller Motorsports;ORECA;
85;0;5;2:00.137;0;;35.082;0;48.545;0;36.510;0;195.2;10:31.858;09:35:31.858;0:35.082;0:48.545;0:36.510;264.1;Misha Goikhberg;;PC;;JDC-Miller Motorsports;ORECA;
85;0;6;1:59.377;0;;35.120;0;48.287;0;35.970;0;196.5;12:31.235;09:37:31.235;0:35.120;0:48.287;0:35.970;264.6;Misha Goikhberg;;PC;;JDC-Miller Motorsports;ORECA;
85;0;7;1:59.259;2;;35.323;0;48.220;2;35.716;2;196.7;14:30.494;09:39:30.494;0:35.323;0:48.220;0:35.716;263.6;Misha Goikhberg;;PC;;JDC-Miller Motorsports;ORECA;
85;0;8;1:59.465;0;;34.973;2;48.560;0;35.932;0;196.3;16:29.959;09:41:29.959;0:34.973;0:48.560;0:35.932;266.2;Misha Goikhberg;;PC;;JDC-Miller Motorsports;ORECA;
85;0;9;2:20.619;0;B;36.295;0;49.966;0;54.358;0;166.8;18:50.578;09:43:50.578;0:36.295;0:49.966;0:54.358;246.9;Misha Goikhberg;;PC;;JDC-Miller Motorsports;ORECA;
85;1;10;10:04.811;0;;8:34.398;0;52.867;0;37.546;0;38.8;28:55.389;09:53:55.389;8:34.398;0:52.867;0:37.546;236.7;Stephen Simpson;0:08:17.684;PC;;JDC-Miller Motorsports;ORECA;
85;1;11;2:02.179;0;;35.562;0;48.802;0;37.815;0;192.0;30:57.568;09:55:57.568;0:35.562;0:48.802;0:37.815;264.1;Stephen Simpson;;PC;;JDC-Miller Motorsports;ORECA;
85;1;12;2:00.455;0;;35.316;0;48.456;0;36.683;0;194.7;32:58.023;09:57:58.023;0:35.316;0:48.456;0:36.683;263.1;Stephen Simpson;;PC;;JDC-Miller Motorsports;ORECA;
85;1;13;1:59.487;0;;35.194;0;48.412;0;35.881;1;196.3;34:57.510;09:59:57.510;0:35.194;0:48.412;0:35.881;261.5;Stephen Simpson;;PC;;JDC-Miller Motorsports;ORECA;
85;1;14;2:25.355;0;B;35.145;0;49.568;0;1:00.642;0;161.3;37:22.865;10:02:22.865;0:35.145;0:49.568;1:00.642;262.0;Stephen Simpson;;PC;;JDC-Miller Motorsports;ORECA;
85;1;15;9:45.780;0;;8:17.430;0;51.078;0;37.272;0;40.0;47:08.645;10:12:08.645;8:17.430;0:51.078;0:37.272;254.0;Stephen Simpson;0:08:00.990;PC;;JDC-Miller Motorsports;ORECA;
85;1;16;2:00.774;0;;35.641;0;48.660;0;36.473;0;194.2;49:09.419;10:14:09.419;0:35.641;0:48.660;0:36.473;264.6;Stephen Simpson;;PC;;JDC-Miller Motorsports;ORECA;
85;1;17;2:02.783;0;;35.180;0;49.707;0;37.896;0;191.0;51:12.202;10:16:12.202;0:35.180;0:49.707;0:37.896;265.7;Stephen Simpson;;PC;;JDC-Miller Motorsports;ORECA;
85;1;18;2:02.872;0;;35.157;0;50.618;0;37.097;0;190.9;53:15.074;10:18:15.074;0:35.157;0:50.618;0:37.097;265.7;Stephen Simpson;;PC;;JDC-Miller Motorsports;ORECA;
85;1;19;1:59.681;0;;35.208;0;48.315;0;36.158;0;196.0;55:14.755;10:20:14.755;0:35.208;0:48.315;0:36.158;263.6;Stephen Simpson;;PC;;JDC-Miller Motorsports;ORECA;
85;1;20;2:02.471;0;;35.071;1;51.072;0;36.328;0;191.5;57:17.226;10:22:17.226;0:35.071;0:51.072;0:36.328;265.2;Stephen Simpson;;PC;;JDC-Miller Motorsports;ORECA;
85;1;21;1:59.291;0;;35.134;0;48.260;1;35.897;0;196.6;59:16.517;10:24:16.517;0:35.134;0:48.260;0:35.897;264.1;Stephen Simpson;;PC;;JDC-Miller Motorsports;ORECA;
85;1;22;2:19.506;0;B;35.787;0;51.179;0;52.540;0;168.1;1:01:36.023;10:26:36.023;0:35.787;0:51.179;0:52.540;266.8;Stephen Simpson;;PC;;JDC-Miller Motorsports;ORECA;
88;1;1;3:01.208;0;;1:24.587;0;57.862;0;38.759;0;129.4;3:01.208;09:28:01.208;1:24.587;0:57.862;0:38.759;225.8;Richard Bradley;0:00:46.029;PC;;Starworks Motorsport;ORECA;
88;1;2;2:07.878;0;;37.930;0;52.318;0;37.630;0;183.4;5:09.086;09:30:09.086;0:37.930;0:52.318;0:37.630;254.9;Richard Bradley;;PC;;Starworks Motorsport;ORECA;
88;1;3;2:05.216;0;;35.783;0;51.879;0;37.554;0;187.3;7:14.302;09:32:14.302;0:35.783;0:51.879;0:37.554;266.8;Richard Bradley;;PC;;Starworks Motorsport;ORECA;
88;1;4;2:00.466;0;;35.508;0;48.876;0;36.082;0;194.7;9:14.768;09:34:14.768;0:35.508;0:48.876;0:36.082;266.2;Richard Bradley;;PC;;Starworks Motorsport;ORECA;
88;1;5;2:03.291;0;;34.831;2;51.281;0;37.179;0;190.2;11:18.059;09:36:18.059;0:34.831;0:51.281;0:37.179;266.2;Richard Bradley;;PC;;Starworks Motorsport;ORECA;
88;1;6;1:59.860;0;;34.926;0;48.832;0;36.102;0;195.7;13:17.919;09:38:17.919;0:34.926;0:48.832;0:36.102;265.7;Richard Bradley;;PC;;Starworks Motorsport;ORECA;
88;1;7;2:01.740;0;;35.765;0;49.165;0;36.810;0;192.6;15:19.659;09:40:19.659;0:35.765;0:49.165;0:36.810;265.7;Richard Bradley;;PC;;Starworks Motorsport;ORECA;
88;1;8;1:59.489;2;;35.033;0;48.545;2;35.911;2;196.3;17:19.148;09:42:19.148;0:35.033;0:48.545;0:35.911;265.7;Richard Bradley;;PC;;Starworks Motorsport;ORECA;
88;1;9;2:27.642;0;B;35.010;0;54.113;0;58.519;0;158.8;19:46.790;09:44:46.790;0:35.010;0:54.113;0:58.519;265.7;Richard Bradley;;PC;;Starworks Motorsport;ORECA;
88;0;10;9:10.844;0;;7:37.077;0;54.596;0;39.171;0;42.6;28:57.634;09:53:57.634;7:37.077;0:54.596;0:39.171;241.0;Mark Kvamme;0:07:16.348;PC;;Starworks Motorsport;ORECA;
88;0;11;2:07.973;0;;36.711;0;52.595;0;38.667;0;183.3;31:05.607;09:56:05.607;0:36.711;0:52.595;0:38.667;263.6;Mark Kvamme;;PC;;Starworks Motorsport;ORECA;
88;0;12;2:06.135;0;;36.472;0;52.050;0;37.613;0;185.9;33:11.742;09:58:11.742;0:36.472;0:52.050;0:37.613;263.6;Mark Kvamme;;PC;;Starworks Motorsport;ORECA;
88;0;13;2:07.023;0;;36.379;0;52.418;0;38.226;0;184.6;35:18.765;10:00:18.765;0:36.379;0:52.418;0:38.226;264.1;Mark Kvamme;;PC;;Starworks Motorsport;ORECA;
88;0;14;2:35.219;0;B;36.478;0;55.236;0;1:03.505;0;151.1;37:53.984;10:02:53.984;0:36.478;0:55.236;1:03.505;264.6;Mark Kvamme;;PC;;Starworks Motorsport;ORECA;
88;0;15;9:17.608;0;;7:42.398;0;55.685;0;39.525;0;42.1;47:11.592;10:12:11.592;7:42.398;0:55.685;0:39.525;245.0;Mark Kvamme;0:07:23.776;PC;;Starworks Motorsport;ORECA;
88;0;16;2:05.298;0;;36.251;0;51.668;0;37.379;1;187.2;49:16.890;10:14:16.890;0:36.251;0:51.668;0:37.379;265.2;Mark Kvamme;;PC;;Starworks Motorsport;ORECA;
88;0;17;2:05.199;0;;36.220;0;51.439;0;37.540;0;187.3;51:22.089;10:16:22.089;0:36.220;0:51.439;0:37.540;264.6;Mark Kvamme;;PC;;Starworks Motorsport;ORECA;
88;0;18;2:08.562;0;;37.744;0;53.116;0;37.702;0;182.4;53:30.651;10:18:30.651;0:37.744;0:53.116;0:37.702;229.7;Mark Kvamme;;PC;;Starworks Motorsport;ORECA;
88;0;19;2:04.681;0;;36.023;1;51.234;1;37.424;0;188.1;55:35.332;10:20:35.332;0:36.023;0:51.234;0:37.424;265.7;Mark Kvamme;;PC;;Starworks Motorsport;ORECA;
88;0;20;2:05.788;0;;36.092;0;51.697;0;37.999;0;186.4;57:41.120;10:22:41.120;0:36.092;0:51.697;0:37.999;265.7;Mark Kvamme;;PC;;Starworks Motorsport;ORECA;
88;0;21;2:05.685;0;;36.085;0;51.486;0;38.114;0;186.6;59:46.805;10:24:46.805;0:36.085;0:51.486;0:38.114;264.1;Mark Kvamme;;PC;;Starworks Motorsport;ORECA;
88;0;22;2:05.675;0;;36.376;0;51.569;0;37.730;0;186.6;1:01:52.480;10:26:52.480;0:36.376;0:51.569;0:37.730;264.1;Mark Kvamme;;PC;;Starworks Motorsport;ORECA;
9;0;1;2:52.805;0;;1:14.079;0;56.572;0;42.154;0;135.7;2:52.805;09:27:52.805;1:14.079;0:56.572;0:42.154;219.4;Lawson Aschenbach;0:00:30.773;GTD;;Stevenson Motorsports;Audi;
9;0;2;2:09.170;0;;37.397;0;52.951;0;38.822;1;181.6;5:01.975;09:30:01.975;0:37.397;0:52.951;0:38.822;259.4;Lawson Aschenbach;;GTD;;Stevenson Motorsports;Audi;
9;0;3;2:12.070;0;;37.848;0;54.054;0;40.168;0;177.6;7:14.045;09:32:14.045;0:37.848;0:54.054;0:40.168;245.0;Lawson Aschenbach;;GTD;;Stevenson Motorsports;Audi;
9;0;4;2:15.979;0;;39.317;0;56.307;0;40.355;0;172.5;9:30.024;09:34:30.024;0:39.317;0:56.307;0:40.355;233.8;Lawson Aschenbach;;GTD;;Stevenson Motorsports;Audi;
9;0;5;2:23.198;0;B;37.078;1;52.280;1;53.840;0;163.8;11:53.222;09:36:53.222;0:37.078;0:52.280;0:53.840;259.9;Lawson Aschenbach;;GTD;;Stevenson Motorsports;Audi;
9;0;6;6:36.049;0;;5:03.156;0;53.941;0;38.952;0;59.2;18:29.271;09:43:29.271;5:03.156;0:53.941;0:38.952;255.4;Lawson Aschenbach;0:04:45.091;GTD;;Stevenson Motorsports;Audi;
9;0;7;2:27.025;0;B;37.627;0;53.488;0;55.910;0;159.5;20:56.296;09:45:56.296;0:37.627;0:53.488;0:55.910;258.9;Lawson Aschenbach;;GTD;;Stevenson Motorsports;Audi;
9;1;8;11:27.566;0;;9:56.300;0;52.730;0;38.536;0;34.1;32:23.862;09:57:23.862;9:56.300;0:52.730;0:38.536;256.4;Matt Bell;0:09:37.970;GTD;;Stevenson Motorsports;Audi;
9;1;9;2:10.280;0;;37.391;0;53.636;0;39.253;0;180.0;34:34.142;09:59:34.142;0:37.391;0:53.636;0:39.253;259.9;Matt Bell;;GTD;;Stevenson Motorsports;Audi;
9;1;10;2:23.525;0;B;37.323;0;52.511;0;53.691;0;163.4;36:57.667;10:01:57.667;0:37.323;0:52.511;0:53.691;258.9;Matt Bell;;GTD;;Stevenson Motorsports;Audi;
9;1;11;11:08.836;0;;9:32.467;0;55.639;0;40.730;0;35.1;48:06.503;10:13:06.503;9:32.467;0:55.639;0:40.730;240.6;Matt Bell;0:09:10.405;GTD;;Stevenson Motorsports;Audi;
9;1;12;2:08.686;0;;37.450;0;52.933;0;38.303;0;182.2;50:15.189;10:15:15.189;0:37.450;0:52.933;0:38.303;258.4;Matt Bell;;GTD;;Stevenson Motorsports;Audi;
9;1;13;2:07.883;0;;37.142;0;52.361;0;38.380;0;183.4;52:23.072;10:17:23.072;0:37.142;0:52.361;0:38.380;258.4;Matt Bell;;GTD;;Stevenson Motorsports;Audi;
9;1;14;2:07.361;0;;36.866;2;51.999;0;38.496;0;184.1;54:30.433;10:19:30.433;0:36.866;0:51.999;0:38.496;259.4;Matt Bell;;GTD;;Stevenson Motorsports;Audi;
9;1;15;2:07.235;2;;37.464;0;51.744;2;38.027;2;184.3;56:37.668;10:21:37.668;0:37.464;0:51.744;0:38.027;260.5;Matt Bell;;GTD;;Stevenson Motorsports;Audi;
9;1;16;2:07.389;0;;36.905;0;51.884;0;38.600;0;184.1;58:45.057;10:23:45.057;0:36.905;0:51.884;0:38.600;259.9;Matt Bell;;GTD;;Stevenson Motorsports;Audi;
9;1;17;2:07.337;0;;37.119;0;51.980;0;38.238;0;184.2;1:00:52.394;10:25:52.394;0:37.119;0:51.980;0:38.238;259.9;Matt Bell;;GTD;;Stevenson Motorsports;Audi;
90;1;1;2:39.325;0;;1:07.850;0;54.025;0;37.450;0;147.2;2:39.325;09:27:39.325;1:07.850;0:54.025;0:37.450;218.0;Ryan Dalziel;0:00:29.220;P;;VisitFlorida Racing;Chevrolet;
90;1;2;2:01.070;0;;35.150;0;49.896;0;36.024;0;193.7;4:40.395;09:29:40.395;0:35.150;0:49.896;0:36.024;274.5;Ryan Dalziel;;P;;VisitFlorida Racing;Chevrolet;
90;1;3;1:58.010;0;;34.487;0;48.054;0;35.469;0;198.7;6:38.405;09:31:38.405;0:34.487;0:48.054;0:35.469;275.1;Ryan Dalziel;;P;;VisitFlorida Racing;Chevrolet;
90;1;4;1:57.412;0;;34.366;1;47.732;2;35.314;1;199.7;8:35.817;09:33:35.817;0:34.366;0:47.732;0:35.314;275.1;Ryan Dalziel;;P;;VisitFlorida Racing;Chevrolet;
90;1;5;2:14.905;0;B;34.554;0;48.454;0;51.897;0;173.8;10:50.722;09:35:50.722;0:34.554;0:48.454;0:51.897;275.7;Ryan Dalziel;;P;;VisitFlorida Racing;Chevrolet;
90;1;6;6:16.811;0;;4:52.216;0;48.958;0;35.637;0;62.2;17:07.533;09:42:07.533;4:52.216;0:48.958;0:35.637;273.9;Ryan Dalziel;0:04:36.384;P;;VisitFlorida Racing;Chevrolet;
90;1;7;2:24.120;0;B;36.530;0;49.928;0;57.662;0;162.7;19:31.653;09:44:31.653;0:36.530;0:49.928;0:57.662;274.5;Ryan Dalziel;;P;;VisitFlorida Racing;Chevrolet;
90;1;8;9:16.892;0;;7:50.204;0;50.151;0;36.537;0;42.1;28:48.545;09:53:48.545;7:50.204;0:50.151;0:36.537;273.4;Ryan Dalziel;0:07:31.344;P;;VisitFlorida Racing;Chevrolet;
90;1;9;1:59.261;0;;34.475;0;48.651;0;36.135;0;196.6;30:47.806;09:55:47.806;0:34.475;0:48.651;0:36.135;275.7;Ryan Dalziel;;P;;VisitFlorida Racing;Chevrolet;
90;1;10;2:17.733;0;B;34.406;0;48.716;0;54.611;0;170.3;33:05.539;09:58:05.539;0:34.406;0:48.716;0:54.611;275.7;Ryan Dalziel;;P;;VisitFlorida Racing;Chevrolet;
90;1;11;14:01.498;0;;12:31.987;0;52.688;0;36.823;0;27.9;47:07.037;10:12:07.037;12:31.987;0:52.688;0:36.823;273.4;Ryan Dalziel;0:12:14.316;P;;VisitFlorida Racing;Chevrolet;
90;1;12;2:16.306;0;B;34.610;0;48.267;0;53.429;0;172.1;49:23.343;10:14:23.343;0:34.610;0:48.267;0:53.429;275.1;Ryan Dalziel;;P;;VisitFlorida Racing;Chevrolet;
90;0;13;5:00.040;0;;3:29.826;0;52.104;0;38.110;0;78.2;54:23.383;10:19:23.383;3:29.826;0:52.104;0:38.110;246.4;Marc Goossens;0:03:08.271;P;;VisitFlorida Racing;Chevrolet;
90;0;14;2:04.206;0;;34.664;0;51.093;0;38.449;0;188.8;56:27.589;10:21:27.589;0:34.664;0:51.093;0:38.449;275.7;Marc Goossens;;P;;VisitFlorida Racing;Chevrolet;
90;0;15;2:01.219;0;;34.134;0;49.703;0;37.382;0;193.5;58:28.808;10:23:28.808;0:34.134;0:49.703;0:37.382;275.1;Marc Goossens;;P;;VisitFlorida Racing;Chevrolet;
90;0;16;1:57.032;2;;33.997;2;47.787;1;35.248;2;200.4;1:00:25.840;10:25:25.840;0:33.997;0:47.787;0:35.248;277.4;Marc Goossens;;P;;VisitFlorida Racing;Chevrolet;
911;0;1;3:07.806;0;;1:30.725;0;54.682;0;42.399;0;124.9;3:07.806;09:28:07.806;1:30.725;0:54.682;0:42.399;242.3;Patrick Pilet;0:00:52.447;GTLM;;Porsche North America;Porsche;
911;0;2;2:10.094;0;;37.349;0;51.632;0;41.113;0;180.3;5:17.900;09:30:17.900;0:37.349;0:51.632;0:41.113;261.0;Patrick Pilet;;GTLM;;Porsche North America;Porsche;
911;0;3;2:04.445;0;;35.987;0;50.455;0;38.003;0;188.5;7:22.345;09:32:22.345;0:35.987;0:50.455;0:38.003;262.5;Patrick Pilet;;GTLM;;Porsche North America;Porsche;
911;0;4;2:06.675;0;;36.401;0;51.133;0;39.141;0;185.1;9:29.020;09:34:29.020;0:36.401;0:51.133;0:39.141;263.6;Patrick Pilet;;GTLM;;Porsche North America;Porsche;
911;0;5;2:03.590;0;;36.131;0;50.168;0;37.291;0;189.8;11:32.610;09:36:32.610;0:36.131;0:50.168;0:37.291;262.0;Patrick Pilet;;GTLM;;Porsche North America;Porsche;
911;0;6;2:03.320;0;;36.200;0;49.971;0;37.149;0;190.2;13:35.930;09:38:35.930;0:36.200;0:49.971;0:37.149;262.5;Patrick Pilet;;GTLM;;Porsche North America;Porsche;
911;0;7;2:18.967;0;B;35.975;0;50.144;0;52.848;0;168.8;15:54.897;09:40:54.897;0:35.975;0:50.144;0:52.848;264.1;Patrick Pilet;;GTLM;;Porsche North America;Porsche;
911;0;8;12:58.188;0;;11:28.544;0;51.631;0;38.013;0;30.1;28:53.085;09:53:53.085;11:28.544;0:51.631;0:38.013;256.4;Patrick Pilet;0:11:10.305;GTLM;;Porsche North America;Porsche;
911;0;9;2:04.664;0;;36.314;0;50.249;0;38.101;0;188.1;30:57.749;09:55:57.749;0:36.314;0:50.249;0:38.101;261.0;Patrick Pilet;;GTLM;;Porsche North America;Porsche;
911;0;10;2:04.384;0;;36.374;0;50.520;0;37.490;0;188.6;33:02.133;09:58:02.133;0:36.374;0:50.520;0:37.490;262.0;Patrick Pilet;;GTLM;;Porsche North America;Porsche;
911;0;11;2:19.929;0;B;36.307;0;50.237;0;53.385;0;167.6;35:22.062;10:00:22.062;0:36.307;0:50.237;0:53.385;261.0;Patrick Pilet;;GTLM;;Porsche North America;Porsche;
911;0;12;11:52.698;0;;10:19.457;0;54.490;0;38.751;0;32.9;47:14.760;10:12:14.760;10:19.457;0:54.490;0:38.751;217.6;Patrick Pilet;0:10:00.794;GTLM;;Porsche North America;Porsche;
911;0;13;2:07.600;0;;36.805;0;51.713;0;39.082;0;183.8;49:22.360;10:14:22.360;0:36.805;0:51.713;0:39.082;263.1;Patrick Pilet;;GTLM;;Porsche North America;Porsche;
911;0;14;2:03.252;0;;36.056;0;49.930;0;37.266;0;190.3;51:25.612;10:16:25.612;0:36.056;0:49.930;0:37.266;262.5;Patrick Pilet;;GTLM;;Porsche North America;Porsche;
911;0;15;2:08.622;0;;36.600;0;51.296;0;40.726;0;182.3;53:34.234;10:18:34.234;0:36.600;0:51.296;0:40.726;265.7;Patrick Pilet;;GTLM;;Porsche North America;Porsche;
911;0;16;2:09.263;0;;36.148;0;54.088;0;39.027;0;181.4;55:43.497;10:20:43.497;0:36.148;0:54.088;0:39.027;262.5;Patrick Pilet;;GTLM;;Porsche North America;Porsche;
911;0;17;2:03.116;0;;35.926;0;49.748;2;37.442;0;190.5;57:46.613;10:22:46.613;0:35.926;0:49.748;0:37.442;262.5;Patrick Pilet;;GTLM;;Porsche North America;Porsche;
911;0;18;2:03.554;0;;35.853;2;50.021;0;37.680;0;189.8;59:50.167;10:24:50.167;0:35.853;0:50.021;0:37.680;263.6;Patrick Pilet;;GTLM;;Porsche North America;Porsche;
911;0;19;2:03.076;2;;35.911;0;50.017;0;37.148;2;190.6;1:01:53.243;10:26:53.243;0:35.911;0:50.017;0:37.148;262.0;Patrick Pilet;;GTLM;;Porsche North America;Porsche;
912;0;1;3:05.165;0;;1:28.985;0;55.373;0;40.807;0;126.7;3:05.165;09:28:05.165;1:28.985;0:55.373;0:40.807;245.0;Earl Bamber;0:00:50.961;GTLM;;Porsche North America;Porsche;
912;0;2;2:05.919;0;;36.844;0;51.262;0;37.813;0;186.3;5:11.084;09:30:11.084;0:36.844;0:51.262;0:37.813;259.4;Earl Bamber;;GTLM;;Porsche North America;Porsche;
912;0;3;2:09.714;0;;36.180;0;51.572;0;41.962;0;180.8;7:20.798;09:32:20.798;0:36.180;0:51.572;0:41.962;262.0;Earl Bamber;;GTLM;;Porsche North America;Porsche;
912;0;4;2:06.068;0;;36.296;0;52.005;0;37.767;0;186.0;9:26.866;09:34:26.866;0:36.296;0:52.005;0:37.767;263.1;Earl Bamber;;GTLM;;Porsche North America;Porsche;
912;0;5;2:04.136;0;;36.119;0;50.525;0;37.492;0;188.9;11:31.002;09:36:31.002;0:36.119;0:50.525;0:37.492;261.0;Earl Bamber;;GTLM;;Porsche North America;Porsche;
912;0;6;2:03.968;0;;36.004;0;50.623;0;37.341;0;189.2;13:34.970;09:38:34.970;0:36.004;0:50.623;0:37.341;262.0;Earl Bamber;;GTLM;;Porsche North America;Porsche;
912;0;7;2:21.957;0;B;37.206;0;51.800;0;52.951;0;165.2;15:56.927;09:40:56.927;0:37.206;0:51.800;0:52.951;246.9;Earl Bamber;;GTLM;;Porsche North America;Porsche;
912;0;8;13:01.098;0;;11:27.500;0;54.928;0;38.670;0;30.0;28:58.025;09:53:58.025;11:27.500;0:54.928;0:38.670;252.5;Earl Bamber;0:11:07.680;GTLM;;Porsche North America;Porsche;
912;0;9;2:06.989;0;;36.780;0;52.253;0;37.956;0;184.7;31:05.014;09:56:05.014;0:36.780;0:52.253;0:37.956;258.9;Earl Bamber;;GTLM;;Porsche North America;Porsche;
912;0;10;2:03.468;0;;36.086;0;50.155;0;37.227;0;189.9;33:08.482;09:58:08.482;0:36.086;0:50.155;0:37.227;258.9;Earl Bamber;;GTLM;;Porsche North America;Porsche;
912;0;11;2:03.178;0;;35.961;0;49.990;0;37.227;0;190.4;35:11.660;10:00:11.660;0:35.961;0:49.990;0:37.227;259.9;Earl Bamber;;GTLM;;Porsche North America;Porsche;
912;0;12;2:37.868;0;B;35.872;0;56.024;0;1:05.972;0;148.6;37:49.528;10:02:49.528;0:35.872;0:56.024;1:05.972;261.5;Earl Bamber;;GTLM;;Porsche North America;Porsche;
912;0;13;9:24.618;0;;7:51.355;0;54.034;0;39.229;0;41.5;47:14.146;10:12:14.146;7:51.355;0:54.034;0:39.229;254.9;Earl Bamber;0:07:32.484;GTLM;;Porsche North America;Porsche;
912;0;14;2:11.805;0;;37.113;0;53.808;0;40.884;0;177.9;49:25.951;10:14:25.951;0:37.113;0:53.808;0:40.884;251.5;Earl Bamber;;GTLM;;Porsche North America;Porsche;
912;0;15;2:03.258;0;;36.020;0;50.170;0;37.068;2;190.3;51:29.209;10:16:29.209;0:36.020;0:50.170;0:37.068;259.9;Earl Bamber;;GTLM;;Porsche North America;Porsche;
912;0;16;2:02.973;2;;35.887;0;49.945;0;37.141;0;190.7;53:32.182;10:18:32.182;0:35.887;0:49.945;0:37.141;262.0;Earl Bamber;;GTLM;;Porsche North America;Porsche;
912;0;17;2:06.221;0;;35.850;0;52.090;0;38.281;0;185.8;55:38.403;10:20:38.403;0:35.850;0:52.090;0:38.281;262.5;Earl Bamber;;GTLM;;Porsche North America;Porsche;
912;0;18;2:03.126;0;;35.823;2;49.901;2;37.402;0;190.5;57:41.529;10:22:41.529;0:35.823;0:49.901;0:37.402;261.5;Earl Bamber;;GTLM;;Porsche North America;Porsche;
912;0;19;2:04.874;0;;36.382;0;51.018;0;37.474;0;187.8;59:46.403;10:24:46.403;0:36.382;0:51.018;0:37.474;260.5;Earl Bamber;;GTLM;;Porsche North America;Porsche;
912;0;20;2:03.932;0;;35.989;0;50.086;0;37.857;0;189.2;1:01:50.335;10:26:50.335;0:35.989;0:50.086;0:37.857;259.9;Earl Bamber;;GTLM;;Porsche North America;Porsche;
96;1;1;2:53.473;0;;1:14.776;0;57.745;0;40.952;0;135.2;2:53.473;09:27:53.473;1:14.776;0:57.745;0:40.952;228.9;Jens Klingmann;0:00:33.545;GTD;;Turner Motorsport;BMW;
96;1;2;2:08.788;0;;37.282;0;52.862;0;38.644;0;182.1;5:02.261;09:30:02.261;0:37.282;0:52.862;0:38.644;260.5;Jens Klingmann;;GTD;;Turner Motorsport;BMW;
96;1;3;2:19.265;0;;45.920;0;54.105;0;39.240;0;168.4;7:21.526;09:32:21.526;0:45.920;0:54.105;0:39.240;176.2;Jens Klingmann;;GTD;;Turner Motorsport;BMW;
96;1;4;2:24.446;0;B;36.781;2;53.053;0;54.612;0;162.4;9:45.972;09:34:45.972;0:36.781;0:53.053;0:54.612;260.5;Jens Klingmann;;GTD;;Turner Motorsport;BMW;
96;1;5;3:31.424;0;;1:58.410;0;52.755;0;40.259;0;110.9;13:17.396;09:38:17.396;1:58.410;0:52.755;0:40.259;258.4;Jens Klingmann;0:01:39.108;GTD;;Turner Motorsport;BMW;
96;1;6;2:08.305;2;;37.403;0;52.269;0;38.633;2;182.8;15:25.701;09:40:25.701;0:37.403;0:52.269;0:38.633;259.4;Jens Klingmann;;GTD;;Turner Motorsport;BMW;
96;1;7;2:23.391;0;B;37.158;0;52.276;0;53.957;0;163.6;17:49.092;09:42:49.092;0:37.158;0:52.276;0:53.957;259.4;Jens Klingmann;;GTD;;Turner Motorsport;BMW;
96;1;8;11:14.439;0;;9:41.541;0;53.610;0;39.288;0;34.8;29:03.531;09:54:03.531;9:41.541;0:53.610;0:39.288;254.9;Jens Klingmann;0:09:23.267;GTD;;Turner Motorsport;BMW;
96;1;9;2:23.473;0;B;37.132;0;52.126;2;54.215;0;163.5;31:27.004;09:56:27.004;0:37.132;0:52.126;0:54.215;257.9;Jens Klingmann;;GTD;;Turner Motorsport;BMW;
96;0;10;4:22.516;0;;2:43.885;0;58.393;0;40.238;0;89.3;35:49.520;10:00:49.520;2:43.885;0:58.393;0:40.238;253.5;Bret Curtis;0:02:21.562;GTD;;Turner Motorsport;BMW;
96;0;11;2:33.856;0;B;39.092;0;55.724;0;59.040;0;152.4;38:23.376;10:03:23.376;0:39.092;0:55.724;0:59.040;252.5;Bret Curtis;;GTD;;Turner Motorsport;BMW;
96;0;12;8:29.869;0;;6:56.487;0;54.263;0;39.119;0;46.0;46:53.245;10:11:53.245;6:56.487;0:54.263;0:39.119;252.5;Bret Curtis;0:06:37.423;GTD;;Turner Motorsport;BMW;
96;0;13;2:10.560;0;;37.503;0;53.217;0;39.840;0;179.6;49:03.805;10:14:03.805;0:37.503;0:53.217;0:39.840;257.4;Bret Curtis;;GTD;;Turner Motorsport;BMW;
96;0;14;2:10.608;0;;37.414;0;53.078;0;40.116;0;179.6;51:14.413;10:16:14.413;0:37.414;0:53.078;0:40.116;258.9;Bret Curtis;;GTD;;Turner Motorsport;BMW;
96;0;15;2:08.857;0;;37.241;1;52.821;0;38.795;0;182.0;53:23.270;10:18:23.270;0:37.241;0:52.821;0:38.795;259.4;Bret Curtis;;GTD;;Turner Motorsport;BMW;
96;0;16;2:09.201;0;;37.625;0;52.856;0;38.720;1;181.5;55:32.471;10:20:32.471;0:37.625;0:52.856;0:38.720;258.9;Bret Curtis;;GTD;;Turner Motorsport;BMW;
96;0;17;2:08.818;0;;37.263;0;52.546;0;39.009;0;182.1;57:41.289;10:22:41.289;0:37.263;0:52.546;0:39.009;259.4;Bret Curtis;;GTD;;Turner Motorsport;BMW;
96;0;18;2:11.165;0;;38.046;0;52.965;0;40.154;0;178.8;59:52.454;10:24:52.454;0:38.046;0:52.965;0:40.154;258.4;Bret Curtis;;GTD;;Turner Motorsport;BMW;
96;0;19;2:08.576;0;;37.302;0;52.448;1;38.826;0;182.4;1:02:01.030;10:27:01.030;0:37.302;0:52.448;0:38.826;257.9;Bret Curtis;;GTD;;Turner Motorsport;BMW;
97;0;1;3:19.892;0;;1:42.074;0;57.604;0;40.214;0;117.3;3:19.892;09:28:19.892;1:42.074;0:57.604;0:40.214;238.0;Michael Marsal;0:00:58.887;GTD;;Turner Motorsport;BMW;
97;0;2;2:11.054;0;;37.858;0;53.700;0;39.496;0;179.0;5:30.946;09:30:30.946;0:37.858;0:53.700;0:39.496;258.4;Michael Marsal;;GTD;;Turner Motorsport;BMW;
97;0;3;2:10.676;0;;38.096;0;53.715;0;38.865;0;179.5;7:41.622;09:32:41.622;0:38.096;0:53.715;0:38.865;257.9;Michael Marsal;;GTD;;Turner Motorsport;BMW;
97;0;4;2:09.120;0;;37.483;0;52.769;0;38.868;0;181.6;9:50.742;09:34:50.742;0:37.483;0:52.769;0:38.868;259.9;Michael Marsal;;GTD;;Turner Motorsport;BMW;
97;0;5;2:09.317;0;;37.258;0;53.147;0;38.912;0;181.4;12:00.059;09:37:00.059;0:37.258;0:53.147;0:38.912;259.4;Michael Marsal;;GTD;;Turner Motorsport;BMW;
97;0;6;2:09.600;0;;37.482;0;53.208;0;38.910;0;181.0;14:09.659;09:39:09.659;0:37.482;0:53.208;0:38.910;257.9;Michael Marsal;;GTD;;Turner Motorsport;BMW;
97;0;7;2:26.112;0;B;37.329;0;53.824;0;54.959;0;160.5;16:35.771;09:41:35.771;0:37.329;0:53.824;0:54.959;258.4;Michael Marsal;;GTD;;Turner Motorsport;BMW;
97;0;8;3:31.605;0;B;1:34.646;0;58.811;0;58.148;0;110.8;20:07.376;09:45:07.376;1:34.646;0:58.811;0:58.148;239.7;Michael Marsal;0:01:13.467;GTD;;Turner Motorsport;BMW;
97;0;9;8:33.927;0;;6:59.495;0;54.469;0;39.963;0;45.6;28:41.303;09:53:41.303;6:59.495;0:54.469;0:39.963;240.6;Michael Marsal;0:06:39.426;GTD;;Turner Motorsport;BMW;
97;0;10;2:09.130;0;;37.122;0;53.116;0;38.892;0;181.6;30:50.433;09:55:50.433;0:37.122;0:53.116;0:38.892;257.9;Michael Marsal;;GTD;;Turner Motorsport;BMW;
97;0;11;2:07.843;0;;37.069;0;52.210;1;38.564;1;183.4;32:58.276;09:57:58.276;0:37.069;0:52.210;0:38.564;258.9;Michael Marsal;;GTD;;Turner Motorsport;BMW;
97;0;12;2:07.970;0;;37.014;1;52.357;0;38.599;0;183.3;35:06.246;10:00:06.246;0:37.014;0:52.357;0:38.599;258.4;Michael Marsal;;GTD;;Turner Motorsport;BMW;
97;0;13;2:40.131;0;B;37.031;0;58.510;0;1:04.590;0;146.5;37:46.377;10:02:46.377;0:37.031;0:58.510;1:04.590;258.9;Michael Marsal;;GTD;;Turner Motorsport;BMW;
97;1;14;9:35.471;0;;8:02.380;0;53.892;0;39.199;0;40.8;47:21.848;10:12:21.848;8:02.380;0:53.892;0:39.199;255.4;Markus Palttala;0:07:44.060;GTD;;Turner Motorsport;BMW;
97;1;15;2:07.845;0;;37.002;0;52.187;0;38.656;0;183.4;49:29.693;10:14:29.693;0:37.002;0:52.187;0:38.656;261.0;Markus Palttala;;GTD;;Turner Motorsport;BMW;
97;1;16;2:07.951;0;;36.892;2;52.463;0;38.596;0;183.3;51:37.644;10:16:37.644;0:36.892;0:52.463;0:38.596;260.5;Markus Palttala;;GTD;;Turner Motorsport;BMW;
97;1;17;2:08.935;0;;36.964;0;53.113;0;38.858;0;181.9;53:46.579;10:18:46.579;0:36.964;0:53.113;0:38.858;259.9;Markus Palttala;;GTD;;Turner Motorsport;BMW;
97;1;18;2:07.430;2;;37.082;0;52.018;2;38.330;2;184.0;55:54.009;10:20:54.009;0:37.082;0:52.018;0:38.330;259.9;Markus Palttala;;GTD;;Turner Motorsport;BMW;
97;1;19;2:09.131;0;;37.003;0;53.251;0;38.877;0;181.6;58:03.140;10:23:03.140;0:37.003;0:53.251;0:38.877;258.9;Markus Palttala;;GTD;;Turner Motorsport;BMW;
97;1;20;2:08.061;0;;37.023;0;52.567;0;38.471;0;183.1;1:00:11.201;10:25:11.201;0:37.023;0:52.567;0:38.471;258.4;Markus Palttala;;GTD;;Turner Motorsport;BMW;
