NUMBER; DRIVER_NUMBER; LAP_NUMBER; LAP_TIME; LAP_IMPROVEMENT; CROSSING_FINISH_LINE_IN_PIT; S1; S1_IMPROVEMENT; S2; S2_IMPROVEMENT; S3; S3_IMPROVEMENT; KPH; ELAPSED; HOUR;S1_LARGE;S2_LARGE;S3_LARGE;TOP_SPEED;DRIVER_NAME;PIT_TIME;CLASS;GROUP;TEAM;MANUFACTURER;
1;1;1;4:12.487;0;;1:11.308;0;1:23.267;0;1:37.912;0;194.3;4:12.487;22:04;1:11.308;1:23.267;1:37.912;324.9;Sébastien BUEMI;0:00:37.570;LMP1;H;Toyota Racing;Toyota;
1;1;2;3:26.971;0;;32.633;0;1:19.375;0;1:34.963;0;237.1;7:39.458;22:07;0:32.633;1:19.375;1:34.963;310.0;Sébastien BUEMI;;LMP1;H;Toyota Racing;Toyota;
1;1;3;3:25.513;0;;32.509;0;1:18.529;0;1:34.475;0;238.7;11:04.971;22:11;0:32.509;1:18.529;1:34.475;319.1;Sébastien BUEMI;;LMP1;H;Toyota Racing;Toyota;
1;1;4;3:24.358;0;;32.272;1;1:18.256;1;1:33.830;1;240.1;14:29.329;22:14;0:32.272;1:18.256;1:33.830;318.2;Sébastien BUEMI;;LMP1;H;Toyota Racing;Toyota;
1;1;5;3:37.466;0;B;34.117;0;1:19.086;0;1:44.263;0;225.6;18:06.795;22:18;0:34.117;1:19.086;1:44.263;312.7;Sébastien BUEMI;;LMP1;H;Toyota Racing;Toyota;
1;0;6;10:00.365;0;;6:58.846;0;1:21.777;0;1:39.742;0;81.7;28:07.160;22:28;6:58.846;1:21.777;1:39.742;331.8;Anthony DAVIDSON;0:06:35.593;LMP1;H;Toyota Racing;Toyota;
1;0;7;3:27.415;0;;32.830;0;1:19.544;0;1:35.041;0;236.6;31:34.575;22:31;0:32.830;1:19.544;1:35.041;310.9;Anthony DAVIDSON;;LMP1;H;Toyota Racing;Toyota;
1;0;8;3:31.997;0;;33.816;0;1:19.844;0;1:38.337;0;231.4;35:06.572;22:35;0:33.816;1:19.844;1:38.337;312.7;Anthony DAVIDSON;;LMP1;H;Toyota Racing;Toyota;
1;0;9;3:30.509;0;;33.361;0;1:20.075;0;1:37.073;0;233.1;38:37.081;22:38;0:33.361;1:20.075;1:37.073;319.1;Anthony DAVIDSON;;LMP1;H;Toyota Racing;Toyota;
1;0;10;3:32.423;0;;33.079;0;1:21.488;0;1:37.856;0;231.0;42:09.504;22:42;0:33.079;1:21.488;1:37.856;321.0;Anthony DAVIDSON;;LMP1;H;Toyota Racing;Toyota;
1;0;11;3:28.883;0;;32.355;1;1:20.649;0;1:35.879;0;234.9;45:38.387;22:45;0:32.355;1:20.649;1:35.879;319.1;Anthony DAVIDSON;;LMP1;H;Toyota Racing;Toyota;
1;0;12;3:27.903;0;;33.175;0;1:20.461;0;1:34.267;1;236.0;49:06.290;22:49;0:33.175;1:20.461;1:34.267;320.1;Anthony DAVIDSON;;LMP1;H;Toyota Racing;Toyota;
1;0;13;3:31.551;0;;32.517;0;1:18.841;0;1:40.193;0;231.9;52:37.841;22:52;0:32.517;1:18.841;1:40.193;322.0;Anthony DAVIDSON;;LMP1;H;Toyota Racing;Toyota;
1;0;14;3:27.517;0;;33.594;0;1:19.514;0;1:34.409;0;236.4;56:05.358;22:56;0:33.594;1:19.514;1:34.409;319.1;Anthony DAVIDSON;;LMP1;H;Toyota Racing;Toyota;
1;0;15;5:17.731;0;B;32.389;0;1:18.662;1;3:26.680;0;154.4;1:01:23.089;23:01;0:32.389;1:18.662;3:26.680;316.3;Anthony DAVIDSON;;LMP1;H;Toyota Racing;Toyota;
1;2;16;27:34.907;0;;24:36.453;0;1:23.703;0;1:34.751;0;29.6;1:28:57.996;23:28;24:36.453;1:23.703;1:34.751;328.8;Kazuki NAKAJIMA;0:24:10.267;LMP1;H;Toyota Racing;Toyota;
1;2;17;3:23.767;2;;32.437;0;1:18.233;0;1:33.097;2;240.8;1:32:21.763;23:32;0:32.437;1:18.233;1:33.097;314.5;Kazuki NAKAJIMA;;LMP1;H;Toyota Racing;Toyota;
1;2;18;3:26.326;0;;32.453;0;1:18.338;0;1:35.535;0;237.8;1:35:48.089;23:35;0:32.453;1:18.338;1:35.535;314.5;Kazuki NAKAJIMA;;LMP1;H;Toyota Racing;Toyota;
1;2;19;3:24.261;0;;32.613;0;1:18.144;0;1:33.504;0;240.2;1:39:12.350;23:39;0:32.613;1:18.144;1:33.504;316.3;Kazuki NAKAJIMA;;LMP1;H;Toyota Racing;Toyota;
1;2;20;3:39.265;0;B;34.878;0;1:20.909;0;1:43.478;0;223.8;1:42:51.615;23:42;0:34.878;1:20.909;1:43.478;334.9;Kazuki NAKAJIMA;;LMP1;H;Toyota Racing;Toyota;
1;2;21;4:29.795;0;;1:33.585;0;1:19.213;0;1:36.997;0;181.9;1:47:21.410;23:47;1:33.585;1:19.213;1:36.997;317.2;Kazuki NAKAJIMA;0:01:11.266;LMP1;H;Toyota Racing;Toyota;
1;2;22;3:24.231;0;;31.806;2;1:17.618;2;1:34.807;0;240.2;1:50:45.641;23:50;0:31.806;1:17.618;1:34.807;317.2;Kazuki NAKAJIMA;;LMP1;H;Toyota Racing;Toyota;
1;2;23;3:25.303;0;;32.222;0;1:19.322;0;1:33.759;0;239.0;1:54:10.944;23:54;0:32.222;1:19.322;1:33.759;324.9;Kazuki NAKAJIMA;;LMP1;H;Toyota Racing;Toyota;
1;2;24;3:25.355;0;;32.081;0;1:19.098;0;1:34.176;0;238.9;1:57:36.299;23:57;0:32.081;1:19.098;1:34.176;313.6;Kazuki NAKAJIMA;;LMP1;H;Toyota Racing;Toyota;
1;2;25;3:33.132;0;B;32.274;0;1:17.965;0;1:42.893;0;230.2;2:01:09.431;00:01;0:32.274;1:17.965;1:42.893;313.6;Kazuki NAKAJIMA;;LMP1;H;Toyota Racing;Toyota;
12;1;1;10:44.403;0;;7:39.933;0;1:24.942;0;1:39.528;0;76.1;10:44.403;22:10;7:39.933;1:24.942;1:39.528;327.8;Nick HEIDFELD;0:07:06.057;LMP1;;Rebellion Racing;Rebellion;
12;1;2;3:34.458;0;;33.023;0;1:21.106;0;1:40.329;0;228.8;14:18.861;22:14;0:33.023;1:21.106;1:40.329;332.9;Nick HEIDFELD;;LMP1;;Rebellion Racing;Rebellion;
12;1;3;3:31.276;0;;33.141;0;1:20.504;0;1:37.631;1;232.2;17:50.137;22:17;0:33.141;1:20.504;1:37.631;333.9;Nick HEIDFELD;;LMP1;;Rebellion Racing;Rebellion;
12;1;4;3:33.308;0;;33.114;0;1:20.990;0;1:39.204;0;230.0;21:23.445;22:21;0:33.114;1:20.990;1:39.204;333.9;Nick HEIDFELD;;LMP1;;Rebellion Racing;Rebellion;
12;1;5;3:37.500;0;B;32.937;1;1:20.417;1;1:44.146;0;225.6;25:00.945;22:25;0:32.937;1:20.417;1:44.146;332.9;Nick HEIDFELD;;LMP1;;Rebellion Racing;Rebellion;
12;0;6;6:17.439;0;;3:07.086;0;1:23.861;0;1:46.492;0;130.0;31:18.384;22:31;3:07.086;1:23.861;1:46.492;299.7;Nicolas PROST;0:02:39.511;LMP1;;Rebellion Racing;Rebellion;
12;0;7;3:36.744;0;;34.121;0;1:22.820;0;1:39.803;1;226.4;34:55.128;22:34;0:34.121;1:22.820;1:39.803;329.8;Nicolas PROST;;LMP1;;Rebellion Racing;Rebellion;
12;0;8;3:37.605;0;;33.608;1;1:23.349;0;1:40.648;0;225.5;38:32.733;22:38;0:33.608;1:23.349;1:40.648;329.8;Nicolas PROST;;LMP1;;Rebellion Racing;Rebellion;
12;0;9;3:42.963;0;;34.248;0;1:22.672;0;1:46.043;0;220.1;42:15.696;22:42;0:34.248;1:22.672;1:46.043;329.8;Nicolas PROST;;LMP1;;Rebellion Racing;Rebellion;
12;0;10;3:45.679;0;B;33.617;0;1:22.308;1;1:49.754;0;217.4;46:01.375;22:46;0:33.617;1:22.308;1:49.754;331.8;Nicolas PROST;;LMP1;;Rebellion Racing;Rebellion;
12;2;11;6:51.915;0;;3:48.826;0;1:23.425;0;1:39.664;0;119.1;52:53.290;22:52;3:48.826;1:23.425;1:39.664;324.9;Mathias BECHE;0:03:25.539;LMP1;;Rebellion Racing;Rebellion;
12;2;12;3:28.508;0;;32.709;0;1:20.538;0;1:35.261;0;235.3;56:21.798;22:56;0:32.709;1:20.538;1:35.261;333.9;Mathias BECHE;;LMP1;;Rebellion Racing;Rebellion;
12;2;13;6:07.702;0;B;32.167;0;1:20.763;0;4:14.772;0;133.4;1:02:29.500;23:02;0:32.167;1:20.763;4:14.772;336.0;Mathias BECHE;;LMP1;;Rebellion Racing;Rebellion;
12;2;14;26:37.926;0;;23:34.214;0;1:23.132;0;1:40.580;0;30.7;1:29:07.426;23:29;23:34.214;1:23.132;1:40.580;314.5;Mathias BECHE;0:23:07.498;LMP1;;Rebellion Racing;Rebellion;
12;2;15;3:26.874;2;;32.333;0;1:19.639;2;1:34.902;2;237.2;1:32:34.300;23:32;0:32.333;1:19.639;1:34.902;331.8;Mathias BECHE;;LMP1;;Rebellion Racing;Rebellion;
12;2;16;5:00.300;0;;32.160;2;2:32.145;0;1:55.995;0;163.4;1:37:34.600;23:37;0:32.160;2:32.145;1:55.995;163.9;Mathias BECHE;;LMP1;;Rebellion Racing;Rebellion;
12;2;17;3:41.867;0;B;33.493;0;1:22.265;0;1:46.109;0;221.1;1:41:16.467;23:41;0:33.493;1:22.265;1:46.109;322.0;Mathias BECHE;;LMP1;;Rebellion Racing;Rebellion;
12;2;18;12:22.049;0;;9:21.361;0;1:21.787;0;1:38.901;0;66.1;1:53:38.516;23:53;9:21.361;1:21.787;1:38.901;318.2;Mathias BECHE;0:08:57.072;LMP1;;Rebellion Racing;Rebellion;
12;2;19;3:33.562;0;;32.625;0;1:19.922;0;1:41.015;0;229.7;1:57:12.078;23:57;0:32.625;1:19.922;1:41.015;329.8;Mathias BECHE;;LMP1;;Rebellion Racing;Rebellion;
12;2;20;3:30.638;0;;32.327;0;1:19.746;0;1:38.565;0;232.9;2:00:42.716;00:00;0:32.327;1:19.746;1:38.565;331.8;Mathias BECHE;;LMP1;;Rebellion Racing;Rebellion;
13;1;1;7:28.856;0;;4:24.508;0;1:23.328;0;1:41.020;0;109.3;7:28.856;22:07;4:24.508;1:23.328;1:41.020;307.3;Dominik KRAIHAMER;0:03:46.791;LMP1;;Rebellion Racing;Rebellion;
13;1;2;3:32.436;0;;33.606;0;1:20.894;0;1:37.936;1;231.0;11:01.292;22:11;0:33.606;1:20.894;1:37.936;329.8;Dominik KRAIHAMER;;LMP1;;Rebellion Racing;Rebellion;
13;1;3;3:31.933;2;;32.923;2;1:19.987;2;1:39.023;0;231.5;14:33.225;22:14;0:32.923;1:19.987;1:39.023;327.8;Dominik KRAIHAMER;;LMP1;;Rebellion Racing;Rebellion;
13;1;4;3:49.265;0;B;34.778;0;1:22.468;0;1:52.019;0;214.0;18:22.490;22:18;0:34.778;1:22.468;1:52.019;314.5;Dominik KRAIHAMER;;LMP1;;Rebellion Racing;Rebellion;
13;0;5;30:01.367;0;B;26:38.097;0;1:28.489;0;1:54.781;0;27.2;48:23.857;22:48;26:38.097;1:28.489;1:54.781;283.9;Alexandre IMPERATORI;0:26:11.511;LMP1;;Rebellion Racing;Rebellion;
13;0;6;41:00.102;0;;37:50.583;0;1:25.165;0;1:44.354;0;19.9;1:29:23.959;23:29;37:50.583;1:25.165;1:44.354;316.3;Alexandre IMPERATORI;0:37:15.492;LMP1;;Rebellion Racing;Rebellion;
13;0;7;3:35.438;0;;33.792;0;1:22.950;0;1:38.696;0;227.7;1:32:59.397;23:32;0:33.792;1:22.950;1:38.696;317.2;Alexandre IMPERATORI;;LMP1;;Rebellion Racing;Rebellion;
13;0;8;3:32.152;0;;33.434;1;1:20.998;0;1:37.720;2;231.3;1:36:31.549;23:36;0:33.434;1:20.998;1:37.720;325.8;Alexandre IMPERATORI;;LMP1;;Rebellion Racing;Rebellion;
13;0;9;3:44.321;0;B;33.790;0;1:20.626;1;1:49.905;0;218.7;1:40:15.870;23:40;0:33.790;1:20.626;1:49.905;328.8;Alexandre IMPERATORI;;LMP1;;Rebellion Racing;Rebellion;
13;2;10;5:40.433;0;;2:28.010;0;1:26.345;0;1:46.078;0;144.1;1:45:56.303;23:45;2:28.010;1:26.345;1:46.078;322.0;Daniel ABT;0:01:57.320;LMP1;;Rebellion Racing;Rebellion;
13;2;11;3:42.914;0;;35.538;0;1:24.211;0;1:43.165;0;220.1;1:49:39.217;23:49;0:35.538;1:24.211;1:43.165;325.8;Daniel ABT;;LMP1;;Rebellion Racing;Rebellion;
13;2;12;3:40.709;0;;34.257;0;1:22.463;0;1:43.989;0;222.3;1:53:19.926;23:53;0:34.257;1:22.463;1:43.989;327.8;Daniel ABT;;LMP1;;Rebellion Racing;Rebellion;
13;2;13;3:39.708;0;;33.829;0;1:22.739;0;1:43.140;0;223.3;1:56:59.634;23:56;0:33.829;1:22.739;1:43.140;329.8;Daniel ABT;;LMP1;;Rebellion Racing;Rebellion;
13;2;14;3:36.783;0;;33.428;1;1:22.143;1;1:41.212;1;226.3;2:00:36.417;00:00;0:33.428;1:22.143;1:41.212;328.8;Daniel ABT;;LMP1;;Rebellion Racing;Rebellion;
17;0;1;3:42.709;0;;45.889;0;1:18.845;0;1:37.975;0;220.3;3:42.709;22:03;0:45.889;1:18.845;1:37.975;326.8;Timo BERNHARD;0:00:13.173;LMP1;H;Porsche Team;Porsche;
17;0;2;3:17.767;2;;31.601;2;1:15.641;2;1:30.525;2;248.1;7:00.476;22:07;0:31.601;1:15.641;1:30.525;331.8;Timo BERNHARD;;LMP1;H;Porsche Team;Porsche;
17;0;3;3:24.843;0;;32.682;0;1:18.310;0;1:33.851;0;239.5;10:25.319;22:10;0:32.682;1:18.310;1:33.851;300.5;Timo BERNHARD;;LMP1;H;Porsche Team;Porsche;
17;0;4;3:29.611;0;B;33.031;0;1:16.047;0;1:40.533;0;234.1;13:54.930;22:13;0:33.031;1:16.047;1:40.533;332.9;Timo BERNHARD;;LMP1;H;Porsche Team;Porsche;
17;2;5;4:49.187;0;B;1:43.312;0;1:21.659;0;1:44.216;0;169.7;18:44.117;22:18;1:43.312;1:21.659;1:44.216;329.8;Brendon HARTLEY;0:01:19.823;LMP1;H;Porsche Team;Porsche;
17;2;6;4:15.300;0;;1:21.250;0;1:20.019;0;1:34.031;0;192.2;22:59.417;22:22;1:21.250;1:20.019;1:34.031;330.8;Brendon HARTLEY;0:00:57.233;LMP1;H;Porsche Team;Porsche;
17;2;7;3:21.658;0;;32.580;0;1:16.895;0;1:32.183;1;243.3;26:21.075;22:26;0:32.580;1:16.895;1:32.183;332.9;Brendon HARTLEY;;LMP1;H;Porsche Team;Porsche;
17;2;8;3:21.743;0;;32.491;0;1:16.244;1;1:33.008;0;243.2;29:42.818;22:29;0:32.491;1:16.244;1:33.008;330.8;Brendon HARTLEY;;LMP1;H;Porsche Team;Porsche;
17;2;9;3:52.195;0;B;32.342;0;1:17.764;0;2:02.089;0;211.3;33:35.013;22:33;0:32.342;1:17.764;2:02.089;329.8;Brendon HARTLEY;;LMP1;H;Porsche Team;Porsche;
17;0;10;7:08.390;0;B;4:05.202;0;1:20.732;0;1:42.456;0;114.5;40:43.403;22:40;4:05.202;1:20.732;1:42.456;328.8;Timo BERNHARD;0:03:55.590;LMP1;H;Porsche Team;Porsche;
17;1;11;4:36.720;0;;1:37.652;0;1:19.764;0;1:39.304;0;177.3;45:20.123;22:45;1:37.652;1:19.764;1:39.304;331.8;Mark WEBBER;0:01:12.423;LMP1;H;Porsche Team;Porsche;
17;1;12;3:29.067;0;;32.719;0;1:17.666;0;1:38.682;0;234.7;48:49.190;22:48;0:32.719;1:17.666;1:38.682;311.8;Mark WEBBER;;LMP1;H;Porsche Team;Porsche;
17;1;13;3:30.644;0;;33.320;0;1:17.817;0;1:39.507;0;232.9;52:19.834;22:52;0:33.320;1:17.817;1:39.507;319.1;Mark WEBBER;;LMP1;H;Porsche Team;Porsche;
17;1;14;3:22.399;0;;32.257;1;1:17.141;1;1:33.001;1;242.4;55:42.233;22:55;0:32.257;1:17.141;1:33.001;317.2;Mark WEBBER;;LMP1;H;Porsche Team;Porsche;
17;1;15;5:04.331;0;B;32.789;0;1:19.448;0;3:12.094;0;161.2;1:00:46.564;23:00;0:32.789;1:19.448;3:12.094;327.8;Mark WEBBER;;LMP1;H;Porsche Team;Porsche;
17;2;16;28:38.356;0;;25:28.361;0;1:26.338;0;1:43.657;0;28.6;1:29:24.920;23:29;25:28.361;1:26.338;1:43.657;255.7;Brendon HARTLEY;0:24:53.976;LMP1;H;Porsche Team;Porsche;
17;2;17;3:26.929;0;;33.546;0;1:18.556;0;1:34.827;0;237.1;1:32:51.849;23:32;0:33.546;1:18.556;1:34.827;329.8;Brendon HARTLEY;;LMP1;H;Porsche Team;Porsche;
17;2;18;3:24.924;0;;32.423;0;1:17.902;0;1:34.599;0;239.4;1:36:16.773;23:36;0:32.423;1:17.902;1:34.599;325.8;Brendon HARTLEY;;LMP1;H;Porsche Team;Porsche;
17;2;19;3:23.294;0;;33.205;0;1:17.349;0;1:32.740;0;241.3;1:39:40.067;23:39;0:33.205;1:17.349;1:32.740;324.9;Brendon HARTLEY;;LMP1;H;Porsche Team;Porsche;
17;2;20;3:27.857;0;;31.961;0;1:16.832;0;1:39.064;0;236.0;1:43:07.924;23:43;0:31.961;1:16.832;1:39.064;325.8;Brendon HARTLEY;;LMP1;H;Porsche Team;Porsche;
17;2;21;3:22.029;0;;32.511;0;1:17.132;0;1:32.386;0;242.9;1:46:29.953;23:46;0:32.511;1:17.132;1:32.386;328.8;Brendon HARTLEY;;LMP1;H;Porsche Team;Porsche;
17;2;22;3:23.933;0;;32.999;0;1:18.248;0;1:32.686;0;240.6;1:49:53.886;23:49;0:32.999;1:18.248;1:32.686;327.8;Brendon HARTLEY;;LMP1;H;Porsche Team;Porsche;
17;2;23;3:24.712;0;;31.989;0;1:16.392;0;1:36.331;0;239.7;1:53:18.598;23:53;0:31.989;1:16.392;1:36.331;327.8;Brendon HARTLEY;;LMP1;H;Porsche Team;Porsche;
17;2;24;3:25.183;0;;32.820;0;1:17.440;0;1:34.923;0;239.1;1:56:43.781;23:56;0:32.820;1:17.440;1:34.923;328.8;Brendon HARTLEY;;LMP1;H;Porsche Team;Porsche;
17;2;25;3:22.722;0;;31.887;1;1:16.447;0;1:34.388;0;242.0;2:00:06.503;00:00;0:31.887;1:16.447;1:34.388;325.8;Brendon HARTLEY;;LMP1;H;Porsche Team;Porsche;
18;1;1;3:58.349;0;;1:01.489;0;1:19.546;0;1:37.314;0;205.9;3:58.349;22:03;1:01.489;1:19.546;1:37.314;324.9;Neel JANI;0:00:24.662;LMP1;H;Porsche Team;Porsche;
18;1;2;3:16.887;4;;31.134;4;1:15.485;4;1:30.268;4;249.2;7:15.236;22:07;0:31.134;1:15.485;1:30.268;337.0;Neel JANI;;LMP1;H;Porsche Team;Porsche;
18;1;3;3:39.370;0;;34.366;0;1:26.151;0;1:38.853;0;223.7;10:54.606;22:10;0:34.366;1:26.151;1:38.853;254.5;Neel JANI;;LMP1;H;Porsche Team;Porsche;
18;1;4;3:22.903;0;;31.342;0;1:16.173;0;1:35.388;0;241.8;14:17.509;22:14;0:31.342;1:16.173;1:35.388;333.9;Neel JANI;;LMP1;H;Porsche Team;Porsche;
18;1;5;3:30.302;0;B;32.676;0;1:17.065;0;1:40.561;0;233.3;17:47.811;22:17;0:32.676;1:17.065;1:40.561;326.8;Neel JANI;;LMP1;H;Porsche Team;Porsche;
18;2;6;11:46.955;0;;8:52.946;0;1:19.658;0;1:34.351;0;69.4;29:34.766;22:29;8:52.946;1:19.658;1:34.351;319.1;Marc LIEB;0:08:27.624;LMP1;H;Porsche Team;Porsche;
18;2;7;3:25.873;0;;33.123;0;1:18.082;0;1:34.668;0;238.3;33:00.639;22:33;0:33.123;1:18.082;1:34.668;329.8;Marc LIEB;;LMP1;H;Porsche Team;Porsche;
18;2;8;3:24.556;0;;32.894;0;1:18.243;0;1:33.419;0;239.9;36:25.195;22:36;0:32.894;1:18.243;1:33.419;321.0;Marc LIEB;;LMP1;H;Porsche Team;Porsche;
18;2;9;3:34.566;0;;36.750;0;1:24.330;0;1:33.486;0;228.7;39:59.761;22:39;0:36.750;1:24.330;1:33.486;298.0;Marc LIEB;;LMP1;H;Porsche Team;Porsche;
18;2;10;3:33.352;0;B;33.983;0;1:18.302;0;1:41.067;0;230.0;43:33.113;22:43;0:33.983;1:18.302;1:41.067;323.9;Marc LIEB;;LMP1;H;Porsche Team;Porsche;
18;0;11;4:47.078;0;;1:48.067;0;1:19.552;0;1:39.459;0;170.9;48:20.191;22:48;1:48.067;1:19.552;1:39.459;323.9;Romain DUMAS;0:01:24.366;LMP1;H;Porsche Team;Porsche;
18;0;12;3:26.644;0;;34.369;0;1:18.733;0;1:33.542;0;237.4;51:46.835;22:51;0:34.369;1:18.733;1:33.542;328.8;Romain DUMAS;;LMP1;H;Porsche Team;Porsche;
18;0;13;3:26.683;0;;32.288;1;1:18.091;0;1:36.304;0;237.4;55:13.518;22:55;0:32.288;1:18.091;1:36.304;328.8;Romain DUMAS;;LMP1;H;Porsche Team;Porsche;
18;0;14;3:41.598;0;B;32.457;0;1:17.736;0;1:51.405;0;221.4;58:55.116;22:58;0:32.457;1:17.736;1:51.405;330.8;Romain DUMAS;;LMP1;H;Porsche Team;Porsche;
18;0;15;30:32.389;0;;27:24.953;0;1:24.581;0;1:42.855;0;26.8;1:29:27.505;23:29;27:24.953;1:24.581;1:42.855;300.5;Romain DUMAS;0:26:55.838;LMP1;H;Porsche Team;Porsche;
18;0;16;3:25.284;0;;32.745;0;1:19.002;0;1:33.537;0;239.0;1:32:52.789;23:32;0:32.745;1:19.002;1:33.537;327.8;Romain DUMAS;;LMP1;H;Porsche Team;Porsche;
18;0;17;3:24.404;0;;32.400;0;1:18.226;0;1:33.778;0;240.0;1:36:17.193;23:36;0:32.400;1:18.226;1:33.778;327.8;Romain DUMAS;;LMP1;H;Porsche Team;Porsche;
18;0;18;3:23.740;0;;33.155;0;1:17.552;0;1:33.033;1;240.8;1:39:40.933;23:39;0:33.155;1:17.552;1:33.033;328.8;Romain DUMAS;;LMP1;H;Porsche Team;Porsche;
18;0;19;3:48.602;0;B;32.739;0;1:16.880;1;1:58.983;0;214.6;1:43:29.535;23:43;0:32.739;1:16.880;1:58.983;330.8;Romain DUMAS;;LMP1;H;Porsche Team;Porsche;
18;2;20;5:40.463;0;;2:46.424;0;1:18.963;0;1:35.076;0;144.1;1:49:09.998;23:49;2:46.424;1:18.963;1:35.076;324.9;Marc LIEB;0:02:36.364;LMP1;H;Porsche Team;Porsche;
18;2;21;3:25.933;0;;34.092;0;1:19.268;0;1:32.573;1;238.3;1:52:35.931;23:52;0:34.092;1:19.268;1:32.573;319.1;Marc LIEB;;LMP1;H;Porsche Team;Porsche;
18;2;22;3:27.842;0;;32.107;0;1:18.411;0;1:37.324;0;236.1;1:56:03.773;23:56;0:32.107;1:18.411;1:37.324;280.3;Marc LIEB;;LMP1;H;Porsche Team;Porsche;
18;2;23;3:22.693;0;;32.016;1;1:16.998;1;1:33.679;0;242.1;1:59:26.466;23:59;0:32.016;1:16.998;1:33.679;321.0;Marc LIEB;;LMP1;H;Porsche Team;Porsche;
18;2;24;3:30.470;0;;33.279;0;1:20.095;0;1:37.096;0;233.1;2:02:56.936;00:02;0:33.279;1:20.095;1:37.096;322.9;Marc LIEB;;LMP1;H;Porsche Team;Porsche;
19;2;1;10:21.600;0;;7:22.704;0;1:19.836;0;1:39.060;0;78.9;10:21.600;22:10;7:22.704;1:19.836;1:39.060;325.8;Nick TANDY;0:06:49.384;LMP1;H;Porsche Team;Porsche;
19;2;2;3:25.026;0;;33.293;0;1:16.794;0;1:34.939;0;239.3;13:46.626;22:13;0:33.293;1:16.794;1:34.939;331.8;Nick TANDY;;LMP1;H;Porsche Team;Porsche;
19;2;3;3:23.381;0;;31.585;2;1:17.554;0;1:34.242;0;241.2;17:10.007;22:17;0:31.585;1:17.554;1:34.242;334.9;Nick TANDY;;LMP1;H;Porsche Team;Porsche;
19;2;4;3:19.297;2;;31.798;0;1:16.205;1;1:31.294;1;246.2;20:29.304;22:20;0:31.798;1:16.205;1:31.294;336.0;Nick TANDY;;LMP1;H;Porsche Team;Porsche;
19;2;5;3:36.012;0;B;33.290;0;1:18.786;0;1:43.936;0;227.1;24:05.316;22:24;0:33.290;1:18.786;1:43.936;319.1;Nick TANDY;;LMP1;H;Porsche Team;Porsche;
19;1;6;4:44.037;0;;1:47.520;0;1:20.547;0;1:35.970;0;172.7;28:49.353;22:28;1:47.520;1:20.547;1:35.970;324.9;Earl BAMBER;0:01:24.018;LMP1;H;Porsche Team;Porsche;
19;1;7;3:27.610;0;;32.597;0;1:19.811;0;1:35.202;0;236.3;32:16.963;22:32;0:32.597;1:19.811;1:35.202;322.0;Earl BAMBER;;LMP1;H;Porsche Team;Porsche;
19;1;8;3:22.914;0;;31.928;1;1:16.983;0;1:34.003;0;241.8;35:39.877;22:35;0:31.928;1:16.983;1:34.003;326.8;Earl BAMBER;;LMP1;H;Porsche Team;Porsche;
19;1;9;3:39.492;0;;39.000;0;1:23.552;0;1:36.940;0;223.5;39:19.369;22:39;0:39.000;1:23.552;1:36.940;277.4;Earl BAMBER;;LMP1;H;Porsche Team;Porsche;
19;1;10;3:44.494;0;B;32.923;0;1:18.293;0;1:53.278;0;218.6;43:03.863;22:43;0:32.923;1:18.293;1:53.278;333.9;Earl BAMBER;;LMP1;H;Porsche Team;Porsche;
19;0;11;5:50.465;0;;2:53.828;0;1:18.709;0;1:37.928;0;140.0;48:54.328;22:48;2:53.828;1:18.709;1:37.928;325.8;Nico HÜLKENBERG;0:02:40.915;LMP1;H;Porsche Team;Porsche;
19;0;12;3:26.300;0;;32.564;0;1:16.516;0;1:37.220;0;237.8;52:20.628;22:52;0:32.564;1:16.516;1:37.220;322.9;Nico HÜLKENBERG;;LMP1;H;Porsche Team;Porsche;
19;0;13;3:22.612;0;;32.370;0;1:16.957;0;1:33.285;0;242.2;55:43.240;22:55;0:32.370;1:16.957;1:33.285;322.9;Nico HÜLKENBERG;;LMP1;H;Porsche Team;Porsche;
19;0;14;4:36.580;0;B;33.262;0;1:17.053;0;2:46.265;0;177.4;1:00:19.820;23:00;0:33.262;1:17.053;2:46.265;312.7;Nico HÜLKENBERG;;LMP1;H;Porsche Team;Porsche;
19;0;15;28:45.937;0;;25:43.153;0;1:23.236;0;1:39.548;0;28.4;1:29:05.757;23:29;25:43.153;1:23.236;1:39.548;299.7;Nico HÜLKENBERG;0:25:16.264;LMP1;H;Porsche Team;Porsche;
19;0;16;3:19.545;0;;31.750;1;1:16.505;0;1:31.290;2;245.9;1:32:25.302;23:32;0:31.750;1:16.505;1:31.290;322.0;Nico HÜLKENBERG;;LMP1;H;Porsche Team;Porsche;
19;0;17;3:21.378;0;;32.061;0;1:16.068;2;1:33.249;0;243.6;1:35:46.680;23:35;0:32.061;1:16.068;1:33.249;320.1;Nico HÜLKENBERG;;LMP1;H;Porsche Team;Porsche;
19;0;18;3:28.954;0;B;31.908;0;1:17.914;0;1:39.132;0;234.8;1:39:15.634;23:39;0:31.908;1:17.914;1:39.132;320.1;Nico HÜLKENBERG;;LMP1;H;Porsche Team;Porsche;
19;1;19;4:47.596;0;;1:53.382;0;1:19.033;0;1:35.181;0;170.6;1:44:03.230;23:44;1:53.382;1:19.033;1:35.181;326.8;Earl BAMBER;0:01:30.449;LMP1;H;Porsche Team;Porsche;
19;1;20;3:23.341;0;;32.572;0;1:18.053;0;1:32.716;0;241.3;1:47:26.571;23:47;0:32.572;1:18.053;1:32.716;322.9;Earl BAMBER;;LMP1;H;Porsche Team;Porsche;
19;1;21;3:25.069;0;;32.142;0;1:17.025;0;1:35.902;0;239.3;1:50:51.640;23:50;0:32.142;1:17.025;1:35.902;324.9;Earl BAMBER;;LMP1;H;Porsche Team;Porsche;
19;1;22;3:23.962;0;;32.361;0;1:18.032;0;1:33.569;0;240.6;1:54:15.602;23:54;0:32.361;1:18.032;1:33.569;327.8;Earl BAMBER;;LMP1;H;Porsche Team;Porsche;
19;1;23;3:21.590;0;;32.193;0;1:16.910;1;1:32.487;1;243.4;1:57:37.192;23:57;0:32.193;1:16.910;1:32.487;330.8;Earl BAMBER;;LMP1;H;Porsche Team;Porsche;
19;1;24;3:28.998;0;;35.550;0;1:18.704;0;1:34.744;0;234.8;2:01:06.190;00:01;0:35.550;1:18.704;1:34.744;319.1;Earl BAMBER;;LMP1;H;Porsche Team;Porsche;
2;0;1;4:14.239;0;;1:13.575;0;1:24.152;0;1:36.512;0;193.0;4:14.239;22:04;1:13.575;1:24.152;1:36.512;310.9;Alexander WURZ;0:00:41.434;LMP1;H;Toyota Racing;Toyota;
2;0;2;3:25.651;0;;32.468;0;1:18.444;0;1:34.739;0;238.6;7:39.890;22:07;0:32.468;1:18.444;1:34.739;310.0;Alexander WURZ;;LMP1;H;Toyota Racing;Toyota;
2;0;3;3:28.342;0;;32.504;0;1:18.527;0;1:37.311;0;235.5;11:08.232;22:11;0:32.504;1:18.527;1:37.311;313.6;Alexander WURZ;;LMP1;H;Toyota Racing;Toyota;
2;0;4;3:24.978;0;;32.200;1;1:18.333;1;1:34.445;1;239.4;14:33.210;22:14;0:32.200;1:18.333;1:34.445;317.2;Alexander WURZ;;LMP1;H;Toyota Racing;Toyota;
2;0;5;3:35.145;0;B;33.319;0;1:19.916;0;1:41.910;0;228.1;18:08.355;22:18;0:33.319;1:19.916;1:41.910;321.0;Alexander WURZ;;LMP1;H;Toyota Racing;Toyota;
2;0;6;8:46.040;0;;5:49.385;0;1:20.767;0;1:35.888;0;93.3;26:54.395;22:26;5:49.385;1:20.767;1:35.888;305.6;Alexander WURZ;0:05:26.535;LMP1;H;Toyota Racing;Toyota;
2;0;7;3:27.674;0;;33.369;0;1:19.848;0;1:34.457;0;236.3;30:22.069;22:30;0:33.369;1:19.848;1:34.457;309.1;Alexander WURZ;;LMP1;H;Toyota Racing;Toyota;
2;0;8;3:26.654;0;;32.646;0;1:18.794;0;1:35.214;0;237.4;33:48.723;22:33;0:32.646;1:18.794;1:35.214;312.7;Alexander WURZ;;LMP1;H;Toyota Racing;Toyota;
2;0;9;3:39.997;0;B;32.540;0;1:18.551;0;1:48.906;0;223.0;37:28.720;22:37;0:32.540;1:18.551;1:48.906;309.1;Alexander WURZ;;LMP1;H;Toyota Racing;Toyota;
2;2;10;8:16.106;0;;5:11.077;0;1:24.402;0;1:40.627;0;98.9;45:44.826;22:45;5:11.077;1:24.402;1:40.627;310.0;Mike CONWAY;0:04:45.785;LMP1;H;Toyota Racing;Toyota;
2;2;11;3:32.282;0;;34.411;0;1:21.578;0;1:36.293;0;231.1;49:17.108;22:49;0:34.411;1:21.578;1:36.293;300.5;Mike CONWAY;;LMP1;H;Toyota Racing;Toyota;
2;2;12;3:33.191;0;;34.441;0;1:21.003;0;1:37.747;0;230.1;52:50.299;22:52;0:34.441;1:21.003;1:37.747;317.2;Mike CONWAY;;LMP1;H;Toyota Racing;Toyota;
2;2;13;3:29.403;0;;33.482;0;1:20.401;1;1:35.520;1;234.3;56:19.702;22:56;0:33.482;1:20.401;1:35.520;308.2;Mike CONWAY;;LMP1;H;Toyota Racing;Toyota;
2;2;14;6:14.342;0;B;32.954;1;1:21.440;0;4:19.948;0;131.1;1:02:34.044;23:02;0:32.954;1:21.440;4:19.948;308.2;Mike CONWAY;;LMP1;H;Toyota Racing;Toyota;
2;1;15;26:40.115;0;;23:37.297;0;1:22.915;0;1:39.903;0;30.7;1:29:14.159;23:29;23:37.297;1:22.915;1:39.903;314.5;Stéphane SARRAZIN;0:23:08.709;LMP1;H;Toyota Racing;Toyota;
2;1;16;3:24.003;0;;32.286;0;1:18.312;0;1:33.405;0;240.5;1:32:38.162;23:32;0:32.286;1:18.312;1:33.405;302.2;Stéphane SARRAZIN;;LMP1;H;Toyota Racing;Toyota;
2;1;17;3:23.543;2;;32.224;0;1:18.140;0;1:33.179;2;241.1;1:36:01.705;23:36;0:32.224;1:18.140;1:33.179;305.6;Stéphane SARRAZIN;;LMP1;H;Toyota Racing;Toyota;
2;1;18;3:33.618;0;B;32.762;0;1:18.904;0;1:41.952;0;229.7;1:39:35.323;23:39;0:32.762;1:18.904;1:41.952;312.7;Stéphane SARRAZIN;;LMP1;H;Toyota Racing;Toyota;
2;1;19;6:31.664;0;;3:38.448;0;1:18.117;2;1:35.099;0;125.3;1:46:06.987;23:46;3:38.448;1:18.117;1:35.099;321.0;Stéphane SARRAZIN;0:03:16.551;LMP1;H;Toyota Racing;Toyota;
2;1;20;3:26.124;0;;32.853;0;1:19.085;0;1:34.186;0;238.0;1:49:33.111;23:49;0:32.853;1:19.085;1:34.186;310.0;Stéphane SARRAZIN;;LMP1;H;Toyota Racing;Toyota;
2;1;21;3:23.961;0;;32.128;2;1:18.267;0;1:33.566;0;240.6;1:52:57.072;23:52;0:32.128;1:18.267;1:33.566;303.9;Stéphane SARRAZIN;;LMP1;H;Toyota Racing;Toyota;
2;1;22;3:28.554;0;;32.591;0;1:18.120;0;1:37.843;0;235.3;1:56:25.626;23:56;0:32.591;1:18.120;1:37.843;309.1;Stéphane SARRAZIN;;LMP1;H;Toyota Racing;Toyota;
2;1;23;3:33.909;0;B;32.263;0;1:20.524;0;1:41.122;0;229.4;1:59:59.535;23:59;0:32.263;1:20.524;1:41.122;310.9;Stéphane SARRAZIN;;LMP1;H;Toyota Racing;Toyota;
21;0;1;37:31.298;0;B;34:06.798;0;1:27.120;0;1:57.380;0;21.8;37:31.298;22:37;34:06.798;1:27.120;1:57.380;315.4;Tsugio MATSUDA;0:33:23.200;LMP1;H;Nissan Motorsports;Nissan;
21;0;2;10:59.402;0;;7:46.435;0;1:25.996;0;1:46.971;1;74.4;48:30.700;22:48;7:46.435;1:25.996;1:46.971;314.5;Tsugio MATSUDA;0:07:14.973;LMP1;H;Nissan Motorsports;Nissan;
21;0;3;4:12.481;0;;53.068;0;1:28.850;0;1:50.563;0;194.3;52:43.181;22:52;0:53.068;1:28.850;1:50.563;276.7;Tsugio MATSUDA;;LMP1;H;Nissan Motorsports;Nissan;
21;0;4;3:58.237;0;;46.355;0;1:24.897;1;1:46.985;0;205.9;56:41.418;22:56;0:46.355;1:24.897;1:46.985;316.3;Tsugio MATSUDA;;LMP1;H;Nissan Motorsports;Nissan;
21;0;5;7:00.490;0;B;35.254;2;1:39.176;0;4:46.060;0;116.7;1:03:41.908;23:03;0:35.254;1:39.176;4:46.060;310.9;Tsugio MATSUDA;;LMP1;H;Nissan Motorsports;Nissan;
21;2;6;28:01.102;0;;24:40.990;0;1:29.801;0;1:50.311;0;29.2;1:31:43.010;23:31;24:40.990;1:29.801;1:50.311;299.7;Lucas ORDOÑEZ;0:24:02.515;LMP1;H;Nissan Motorsports;Nissan;
21;2;7;3:51.289;0;;40.508;0;1:26.223;0;1:44.558;2;212.1;1:35:34.299;23:35;0:40.508;1:26.223;1:44.558;276.7;Lucas ORDOÑEZ;;LMP1;H;Nissan Motorsports;Nissan;
21;2;8;3:45.807;2;;35.830;1;1:25.393;0;1:44.584;0;217.3;1:39:20.106;23:39;0:35.830;1:25.393;1:44.584;274.6;Lucas ORDOÑEZ;;LMP1;H;Nissan Motorsports;Nissan;
21;2;9;4:02.305;0;B;41.296;0;1:24.332;2;1:56.677;0;202.5;1:43:22.411;23:43;0:41.296;1:24.332;1:56.677;308.2;Lucas ORDOÑEZ;;LMP1;H;Nissan Motorsports;Nissan;
22;1;1;16:32.289;0;B;12:57.186;0;1:31.763;0;2:03.340;0;49.4;16:32.289;22:16;12:57.186;1:31.763;2:03.340;245.3;Michael KRUMM;0:12:18.838;LMP1;H;Nissan Motorsports;Nissan;
22;2;2;9:25.937;0;;6:14.942;0;1:25.039;0;1:45.956;0;86.7;25:58.226;22:25;6:14.942;1:25.039;1:45.956;290.8;Alex BUNCOMBE;0:05:47.318;LMP1;H;Nissan Motorsports;Nissan;
22;2;3;3:44.938;0;;36.332;0;1:23.907;0;1:44.699;0;218.1;29:43.164;22:29;0:36.332;1:23.907;1:44.699;302.2;Alex BUNCOMBE;;LMP1;H;Nissan Motorsports;Nissan;
22;2;4;3:44.116;0;;35.899;1;1:23.603;1;1:44.614;1;218.9;33:27.280;22:33;0:35.899;1:23.603;1:44.614;310.0;Alex BUNCOMBE;;LMP1;H;Nissan Motorsports;Nissan;
22;2;5;4:00.331;0;B;38.365;0;1:25.649;0;1:56.317;0;204.2;37:27.611;22:37;0:38.365;1:25.649;1:56.317;313.6;Alex BUNCOMBE;;LMP1;H;Nissan Motorsports;Nissan;
22;1;6;9:36.609;0;;6:18.555;0;1:28.953;0;1:49.101;0;85.1;47:04.220;22:47;6:18.555;1:28.953;1:49.101;249.3;Michael KRUMM;0:05:41.710;LMP1;H;Nissan Motorsports;Nissan;
22;1;7;3:43.568;0;;36.184;0;1:23.460;0;1:43.924;1;219.5;50:47.788;22:50;0:36.184;1:23.460;1:43.924;312.7;Michael KRUMM;;LMP1;H;Nissan Motorsports;Nissan;
22;1;8;3:46.786;0;;35.619;0;1:24.098;0;1:47.069;0;216.3;54:34.574;22:54;0:35.619;1:24.098;1:47.069;310.0;Michael KRUMM;;LMP1;H;Nissan Motorsports;Nissan;
22;1;9;3:45.750;0;;35.507;1;1:23.118;1;1:47.125;0;217.3;58:20.324;22:58;0:35.507;1:23.118;1:47.125;315.4;Michael KRUMM;;LMP1;H;Nissan Motorsports;Nissan;
22;1;10;10:18.036;0;B;1:12.273;0;4:26.270;0;4:39.493;0;79.4;1:08:38.360;23:08;1:12.273;4:26.270;4:39.493;76.9;Michael KRUMM;;LMP1;H;Nissan Motorsports;Nissan;
22;0;11;21:48.148;0;;18:33.311;0;1:26.374;0;1:48.463;0;37.5;1:30:26.508;23:30;18:33.311;1:26.374;1:48.463;301.3;Harry TINCKNELL;0:18:03.532;LMP1;H;Nissan Motorsports;Nissan;
22;0;12;3:45.806;0;;35.275;2;1:23.160;0;1:47.371;0;217.3;1:34:12.314;23:34;0:35.275;1:23.160;1:47.371;311.8;Harry TINCKNELL;;LMP1;H;Nissan Motorsports;Nissan;
22;0;13;3:45.773;0;;36.852;0;1:24.141;0;1:44.780;0;217.3;1:37:58.087;23:37;0:36.852;1:24.141;1:44.780;306.5;Harry TINCKNELL;;LMP1;H;Nissan Motorsports;Nissan;
22;0;14;3:44.110;0;;37.162;0;1:23.483;0;1:43.465;0;218.9;1:41:42.197;23:41;0:37.162;1:23.483;1:43.465;309.1;Harry TINCKNELL;;LMP1;H;Nissan Motorsports;Nissan;
22;0;15;3:44.862;0;;37.280;0;1:24.015;0;1:43.567;0;218.2;1:45:27.059;23:45;0:37.280;1:24.015;1:43.567;315.4;Harry TINCKNELL;;LMP1;H;Nissan Motorsports;Nissan;
22;0;16;3:41.400;2;;35.703;0;1:22.737;2;1:42.960;2;221.6;1:49:08.459;23:49;0:35.703;1:22.737;1:42.960;310.0;Harry TINCKNELL;;LMP1;H;Nissan Motorsports;Nissan;
22;0;17;3:53.741;0;B;35.688;0;1:24.800;0;1:53.253;0;209.9;1:53:02.200;23:53;0:35.688;1:24.800;1:53.253;301.3;Harry TINCKNELL;;LMP1;H;Nissan Motorsports;Nissan;
22;0;18;4:49.149;0;B;1:23.361;0;1:23.400;0;2:02.388;0;169.7;1:57:51.349;23:57;1:23.361;1:23.400;2:02.388;315.4;Harry TINCKNELL;0:00:55.940;LMP1;H;Nissan Motorsports;Nissan;
23;1;1;4:36.229;0;;1:21.719;0;1:26.770;0;1:47.740;0;177.6;4:36.229;22:04;1:21.719;1:26.770;1:47.740;294.0;Jann MARDENBOROUGH;0:00:43.951;LMP1;H;Nissan Motorsports;Nissan;
23;1;2;3:41.399;0;;35.307;0;1:23.224;0;1:42.868;0;221.6;8:17.628;22:08;0:35.307;1:23.224;1:42.868;313.6;Jann MARDENBOROUGH;;LMP1;H;Nissan Motorsports;Nissan;
23;1;3;3:48.681;0;;37.727;0;1:26.484;0;1:44.470;0;214.6;12:06.309;22:12;0:37.727;1:26.484;1:44.470;314.5;Jann MARDENBOROUGH;;LMP1;H;Nissan Motorsports;Nissan;
23;1;4;3:46.393;0;;36.301;0;1:23.511;0;1:46.581;0;216.7;15:52.702;22:15;0:36.301;1:23.511;1:46.581;313.6;Jann MARDENBOROUGH;;LMP1;H;Nissan Motorsports;Nissan;
23;1;5;3:49.910;0;B;36.039;0;1:22.825;0;1:51.046;0;213.4;19:42.612;22:19;0:36.039;1:22.825;1:51.046;315.4;Jann MARDENBOROUGH;;LMP1;H;Nissan Motorsports;Nissan;
23;1;6;11:08.641;0;;7:56.183;0;1:28.712;0;1:43.746;0;73.4;30:51.253;22:30;7:56.183;1:28.712;1:43.746;285.4;Jann MARDENBOROUGH;0:07:28.600;LMP1;H;Nissan Motorsports;Nissan;
23;1;7;3:38.468;2;;34.908;2;1:22.160;2;1:41.400;2;224.6;34:29.721;22:34;0:34.908;1:22.160;1:41.400;322.0;Jann MARDENBOROUGH;;LMP1;H;Nissan Motorsports;Nissan;
23;1;8;3:57.445;0;B;36.836;0;1:26.295;0;1:54.314;0;206.6;38:27.166;22:38;0:36.836;1:26.295;1:54.314;309.1;Jann MARDENBOROUGH;;LMP1;H;Nissan Motorsports;Nissan;
23;0;9;11:29.822;0;;8:17.820;0;1:25.908;0;1:46.094;0;71.1;49:56.988;22:49;8:17.820;1:25.908;1:46.094;264.5;Olivier PLA;0:07:47.982;LMP1;H;Nissan Motorsports;Nissan;
23;0;10;3:52.629;0;;37.049;0;1:28.964;0;1:46.616;0;210.9;53:49.617;22:53;0:37.049;1:28.964;1:46.616;310.0;Olivier PLA;;LMP1;H;Nissan Motorsports;Nissan;
23;0;11;3:44.734;0;;35.741;1;1:24.019;1;1:44.974;1;218.3;57:34.351;22:57;0:35.741;1:24.019;1:44.974;315.4;Olivier PLA;;LMP1;H;Nissan Motorsports;Nissan;
23;0;12;9:32.685;0;B;38.240;0;4:10.145;0;4:44.300;0;85.7;1:07:07.036;23:07;0:38.240;4:10.145;4:44.300;76.7;Olivier PLA;;LMP1;H;Nissan Motorsports;Nissan;
23;0;13;22:57.018;0;B;19:31.178;0;1:28.075;0;1:57.765;0;35.6;1:30:04.054;23:30;19:31.178;1:28.075;1:57.765;267.1;Olivier PLA;0:19:01.937;LMP1;H;Nissan Motorsports;Nissan;
23;2;14;5:32.455;0;;2:12.388;0;1:27.646;0;1:52.421;0;147.6;1:35:36.509;23:35;2:12.388;1:27.646;1:52.421;275.3;Max CHILTON;0:01:37.745;LMP1;H;Nissan Motorsports;Nissan;
23;2;15;3:48.946;0;;37.020;0;1:24.317;1;1:47.609;1;214.3;1:39:25.455;23:39;0:37.020;1:24.317;1:47.609;334.9;Max CHILTON;;LMP1;H;Nissan Motorsports;Nissan;
23;2;16;4:04.651;0;B;36.398;0;1:25.293;0;2:02.960;0;200.5;1:43:30.106;23:43;0:36.398;1:25.293;2:02.960;305.6;Max CHILTON;;LMP1;H;Nissan Motorsports;Nissan;
23;2;17;5:49.856;0;;2:36.180;0;1:26.014;0;1:47.662;0;140.2;1:49:19.962;23:49;2:36.180;1:26.014;1:47.662;325.8;Max CHILTON;0:02:04.594;LMP1;H;Nissan Motorsports;Nissan;
23;2;18;4:12.957;0;B;35.924;1;1:34.671;0;2:02.362;0;194.0;1:53:32.919;23:53;0:35.924;1:34.671;2:02.362;333.9;Max CHILTON;;LMP1;H;Nissan Motorsports;Nissan;
26;2;1;4:01.068;0;;44.447;0;1:29.464;0;1:47.157;0;203.5;4:01.068;22:04;0:44.447;1:29.464;1:47.157;286.9;Sam BIRD;0:00:09.999;LMP2;;G-Drive Racing;Ligier;
26;2;2;3:42.622;0;;34.337;0;1:26.066;0;1:42.219;0;220.4;7:43.690;22:07;0:34.337;1:26.066;1:42.219;297.2;Sam BIRD;;LMP2;;G-Drive Racing;Ligier;
26;2;3;3:43.954;0;;34.239;0;1:25.756;0;1:43.959;0;219.1;11:27.644;22:11;0:34.239;1:25.756;1:43.959;299.7;Sam BIRD;;LMP2;;G-Drive Racing;Ligier;
26;2;4;3:49.982;0;B;34.238;0;1:26.415;0;1:49.329;0;213.3;15:17.626;22:15;0:34.238;1:26.415;1:49.329;304.7;Sam BIRD;;LMP2;;G-Drive Racing;Ligier;
26;2;5;9:13.470;0;;6:00.435;0;1:28.440;0;1:44.595;0;88.6;24:31.096;22:24;6:00.435;1:28.440;1:44.595;295.6;Sam BIRD;0:05:34.854;LMP2;;G-Drive Racing;Ligier;
26;2;6;3:46.489;0;;34.948;0;1:27.395;0;1:44.146;0;216.6;28:17.585;22:28;0:34.948;1:27.395;1:44.146;293.2;Sam BIRD;;LMP2;;G-Drive Racing;Ligier;
26;2;7;3:52.652;0;B;34.746;0;1:27.130;0;1:50.776;0;210.9;32:10.237;22:32;0:34.746;1:27.130;1:50.776;294.8;Sam BIRD;;LMP2;;G-Drive Racing;Ligier;
26;0;8;6:10.451;0;;2:54.841;0;1:28.429;0;1:47.181;0;132.4;38:20.688;22:38;2:54.841;1:28.429;1:47.181;300.5;Roman RUSINOV;0:02:29.145;LMP2;;G-Drive Racing;Ligier;
26;0;9;3:54.585;0;;35.568;0;1:28.132;0;1:50.885;0;209.2;42:15.273;22:42;0:35.568;1:28.132;1:50.885;294.8;Roman RUSINOV;;LMP2;;G-Drive Racing;Ligier;
26;0;10;3:47.278;0;;35.616;0;1:27.402;0;1:44.260;0;215.9;46:02.551;22:46;0:35.616;1:27.402;1:44.260;296.4;Roman RUSINOV;;LMP2;;G-Drive Racing;Ligier;
26;0;11;3:45.316;0;;35.070;1;1:26.498;1;1:43.748;1;217.8;49:47.867;22:49;0:35.070;1:26.498;1:43.748;300.5;Roman RUSINOV;;LMP2;;G-Drive Racing;Ligier;
26;0;12;3:56.956;0;B;36.036;0;1:30.272;0;1:50.648;0;207.1;53:44.823;22:53;0:36.036;1:30.272;1:50.648;295.6;Roman RUSINOV;;LMP2;;G-Drive Racing;Ligier;
26;1;13;12:12.737;0;B;4:10.874;0;3:23.097;0;4:38.766;0;67.0;1:05:57.560;23:05;4:10.874;3:23.097;4:38.766;204.5;Julien CANAL;0:03:43.289;LMP2;;G-Drive Racing;Ligier;
26;1;14;23:29.082;0;;20:04.941;0;1:32.897;0;1:51.244;0;34.8;1:29:26.642;23:29;20:04.941;1:32.897;1:51.244;289.3;Julien CANAL;0:19:37.377;LMP2;;G-Drive Racing;Ligier;
26;1;15;3:47.636;0;;35.478;0;1:27.834;0;1:44.324;1;215.5;1:33:14.278;23:33;0:35.478;1:27.834;1:44.324;295.6;Julien CANAL;;LMP2;;G-Drive Racing;Ligier;
26;1;16;3:53.470;0;B;34.869;1;1:27.809;1;1:50.792;0;210.2;1:37:07.748;23:37;0:34.869;1:27.809;1:50.792;295.6;Julien CANAL;;LMP2;;G-Drive Racing;Ligier;
26;2;17;5:54.106;0;;2:40.384;0;1:27.565;0;1:46.157;0;138.6;1:43:01.854;23:43;2:40.384;1:27.565;1:46.157;297.2;Sam BIRD;0:02:14.626;LMP2;;G-Drive Racing;Ligier;
26;2;18;3:42.134;0;;34.391;0;1:25.741;0;1:42.002;0;220.9;1:46:43.988;23:46;0:34.391;1:25.741;1:42.002;298.0;Sam BIRD;;LMP2;;G-Drive Racing;Ligier;
26;2;19;3:44.621;0;;34.602;0;1:25.650;0;1:44.369;0;218.4;1:50:28.609;23:50;0:34.602;1:25.650;1:44.369;298.8;Sam BIRD;;LMP2;;G-Drive Racing;Ligier;
26;2;20;3:52.232;0;;36.067;0;1:28.515;0;1:47.650;0;211.3;1:54:20.841;23:54;0:36.067;1:28.515;1:47.650;298.8;Sam BIRD;;LMP2;;G-Drive Racing;Ligier;
26;2;21;3:41.305;0;;34.331;0;1:25.570;0;1:41.404;0;221.7;1:58:02.146;23:58;0:34.331;1:25.570;1:41.404;298.0;Sam BIRD;;LMP2;;G-Drive Racing;Ligier;
26;2;22;3:39.867;2;;34.173;2;1:25.156;2;1:40.538;2;223.2;2:01:42.013;00:01;0:34.173;1:25.156;1:40.538;298.0;Sam BIRD;;LMP2;;G-Drive Racing;Ligier;
27;0;1;10:56.558;0;;7:24.962;0;1:38.613;0;1:52.983;0;74.7;10:56.558;22:10;7:24.962;1:38.613;1:52.983;264.5;Maurizio MEDIANI;0:06:43.069;LMP2;;SMP Racing;BR01;
27;0;2;3:49.525;0;;35.984;0;1:28.594;0;1:44.947;0;213.8;14:46.083;22:14;0:35.984;1:28.594;1:44.947;299.7;Maurizio MEDIANI;;LMP2;;SMP Racing;BR01;
27;0;3;3:47.892;0;;35.553;0;1:27.752;0;1:44.587;0;215.3;18:33.975;22:18;0:35.553;1:27.752;1:44.587;299.7;Maurizio MEDIANI;;LMP2;;SMP Racing;BR01;
27;0;4;4:04.144;0;B;36.050;0;1:28.441;0;1:59.653;0;201.0;22:38.119;22:22;0:36.050;1:28.441;1:59.653;299.7;Maurizio MEDIANI;;LMP2;;SMP Racing;BR01;
27;0;5;5:20.796;0;;2:06.380;0;1:28.932;0;1:45.484;0;152.9;27:58.915;22:27;2:06.380;1:28.932;1:45.484;299.7;Maurizio MEDIANI;0:01:39.303;LMP2;;SMP Racing;BR01;
27;0;6;3:45.221;0;;34.950;1;1:26.628;1;1:43.643;1;217.9;31:44.136;22:31;0:34.950;1:26.628;1:43.643;300.5;Maurizio MEDIANI;;LMP2;;SMP Racing;BR01;
27;0;7;3:48.613;0;;34.966;0;1:26.930;0;1:46.717;0;214.6;35:32.749;22:35;0:34.966;1:26.930;1:46.717;301.3;Maurizio MEDIANI;;LMP2;;SMP Racing;BR01;
27;0;8;4:03.065;0;B;35.461;0;1:31.435;0;1:56.169;0;201.9;39:35.814;22:39;0:35.461;1:31.435;1:56.169;296.4;Maurizio MEDIANI;;LMP2;;SMP Racing;BR01;
27;2;9;7:25.869;0;;4:08.282;0;1:29.602;0;1:47.985;0;110.0;47:01.683;22:47;4:08.282;1:29.602;1:47.985;298.8;Nicolas MINASSIAN;0:03:38.968;LMP2;;SMP Racing;BR01;
27;2;10;3:54.928;0;;36.791;0;1:29.478;0;1:48.659;0;208.8;50:56.611;22:50;0:36.791;1:29.478;1:48.659;300.5;Nicolas MINASSIAN;;LMP2;;SMP Racing;BR01;
27;2;11;3:59.487;0;B;35.739;0;1:28.330;0;1:55.418;0;204.9;54:56.098;22:54;0:35.739;1:28.330;1:55.418;302.2;Nicolas MINASSIAN;;LMP2;;SMP Racing;BR01;
27;2;12;7:36.017;0;B;1:51.691;0;1:30.002;0;4:14.324;0;107.6;1:02:32.115;23:02;1:51.691;1:30.002;4:14.324;304.7;Nicolas MINASSIAN;0:01:26.028;LMP2;;SMP Racing;BR01;
27;2;13;27:03.153;0;;23:43.823;0;1:29.617;0;1:49.713;0;30.2;1:29:35.268;23:29;23:43.823;1:29.617;1:49.713;295.6;Nicolas MINASSIAN;0:23:14.170;LMP2;;SMP Racing;BR01;
27;2;14;3:47.624;0;;35.946;0;1:27.837;0;1:43.841;0;215.6;1:33:22.892;23:33;0:35.946;1:27.837;1:43.841;299.7;Nicolas MINASSIAN;;LMP2;;SMP Racing;BR01;
27;2;15;3:44.246;0;;34.873;0;1:26.790;0;1:42.583;0;218.8;1:37:07.138;23:37;0:34.873;1:26.790;1:42.583;300.5;Nicolas MINASSIAN;;LMP2;;SMP Racing;BR01;
27;2;16;3:53.817;0;B;34.782;0;1:26.127;0;1:52.908;0;209.8;1:41:00.955;23:41;0:34.782;1:26.127;1:52.908;303.0;Nicolas MINASSIAN;;LMP2;;SMP Racing;BR01;
27;2;17;7:36.335;0;;4:18.646;0;1:27.541;0;1:50.148;0;107.5;1:48:37.290;23:48;4:18.646;1:27.541;1:50.148;301.3;Nicolas MINASSIAN;0:03:53.196;LMP2;;SMP Racing;BR01;
27;2;18;3:42.077;2;;34.583;2;1:25.794;2;1:41.700;2;220.9;1:52:19.367;23:52;0:34.583;1:25.794;1:41.700;302.2;Nicolas MINASSIAN;;LMP2;;SMP Racing;BR01;
27;2;19;3:57.831;0;B;36.611;0;1:26.708;0;1:54.512;0;206.3;1:56:17.198;23:56;0:36.611;1:26.708;1:54.512;301.3;Nicolas MINASSIAN;;LMP2;;SMP Racing;BR01;
27;1;20;7:11.075;0;;3:42.329;1;1:32.062;1;1:56.684;1;113.8;2:03:28.273;00:03;3:42.329;1:32.062;1:56.684;298.8;David MARKOZOV;0:03:11.532;LMP2;;SMP Racing;BR01;
28;1;1;6:51.436;0;;3:36.279;0;1:30.130;0;1:45.027;0;119.3;6:51.436;22:06;3:36.279;1:30.130;1:45.027;289.3;Luis Felipe DERANI;0:03:00.850;LMP2;;G-Drive Racing;Ligier;
28;1;2;3:42.340;0;;34.551;0;1:26.591;0;1:41.198;0;220.7;10:33.776;22:10;0:34.551;1:26.591;1:41.198;296.4;Luis Felipe DERANI;;LMP2;;G-Drive Racing;Ligier;
28;1;3;3:41.335;0;;34.170;2;1:25.893;0;1:41.272;0;221.7;14:15.111;22:14;0:34.170;1:25.893;1:41.272;306.5;Luis Felipe DERANI;;LMP2;;G-Drive Racing;Ligier;
28;1;4;3:40.967;2;;34.253;0;1:25.410;2;1:41.304;0;222.0;17:56.078;22:17;0:34.253;1:25.410;1:41.304;297.2;Luis Felipe DERANI;;LMP2;;G-Drive Racing;Ligier;
28;1;5;3:54.343;0;B;34.366;0;1:26.851;0;1:53.126;0;209.4;21:50.421;22:21;0:34.366;1:26.851;1:53.126;302.2;Luis Felipe DERANI;;LMP2;;G-Drive Racing;Ligier;
28;1;6;8:46.201;0;;5:32.533;0;1:27.921;0;1:45.747;0;93.2;30:36.622;22:30;5:32.533;1:27.921;1:45.747;300.5;Luis Felipe DERANI;0:05:06.922;LMP2;;G-Drive Racing;Ligier;
28;1;7;3:41.040;0;;34.318;0;1:25.646;0;1:41.076;2;222.0;34:17.662;22:34;0:34.318;1:25.646;1:41.076;298.8;Luis Felipe DERANI;;LMP2;;G-Drive Racing;Ligier;
28;1;8;4:17.856;0;B;38.561;0;1:32.630;0;2:06.665;0;190.3;38:35.518;22:38;0:38.561;1:32.630;2:06.665;298.0;Luis Felipe DERANI;;LMP2;;G-Drive Racing;Ligier;
28;2;9;13:44.506;0;;10:20.364;0;1:36.636;0;1:47.506;0;59.5;52:20.024;22:52;10:20.364;1:36.636;1:47.506;221.7;Ricardo GONZALEZ;0:09:57.100;LMP2;;G-Drive Racing;Ligier;
28;2;10;3:50.100;0;;35.588;0;1:30.631;0;1:43.881;1;213.2;56:10.124;22:56;0:35.588;1:30.631;1:43.881;297.2;Ricardo GONZALEZ;;LMP2;;G-Drive Racing;Ligier;
28;2;11;6:34.903;0;B;35.702;0;1:32.751;0;4:26.450;0;124.2;1:02:45.027;23:02;0:35.702;1:32.751;4:26.450;301.3;Ricardo GONZALEZ;;LMP2;;G-Drive Racing;Ligier;
28;2;12;28:46.250;0;;25:29.373;0;1:28.782;0;1:48.095;0;28.4;1:31:31.277;23:31;25:29.373;1:28.782;1:48.095;291.6;Ricardo GONZALEZ;0:25:04.734;LMP2;;G-Drive Racing;Ligier;
28;2;13;3:56.535;0;B;35.457;1;1:27.868;1;1:53.210;0;207.4;1:35:27.812;23:35;0:35.457;1:27.868;1:53.210;294.8;Ricardo GONZALEZ;;LMP2;;G-Drive Racing;Ligier;
28;0;14;5:44.722;0;;2:32.176;0;1:28.223;0;1:44.323;0;142.3;1:41:12.534;23:41;2:32.176;1:28.223;1:44.323;298.8;Gustavo YACAMAN;0:02:06.782;LMP2;;G-Drive Racing;Ligier;
28;0;15;3:47.218;0;;35.872;0;1:26.643;0;1:44.703;0;215.9;1:44:59.752;23:44;0:35.872;1:26.643;1:44.703;295.6;Gustavo YACAMAN;;LMP2;;G-Drive Racing;Ligier;
28;0;16;3:44.017;0;;34.928;0;1:26.206;0;1:42.883;0;219.0;1:48:43.769;23:48;0:34.928;1:26.206;1:42.883;297.2;Gustavo YACAMAN;;LMP2;;G-Drive Racing;Ligier;
28;0;17;3:42.442;0;;34.753;0;1:26.319;0;1:41.370;1;220.6;1:52:26.211;23:52;0:34.753;1:26.319;1:41.370;295.6;Gustavo YACAMAN;;LMP2;;G-Drive Racing;Ligier;
28;0;18;4:03.031;0;;34.614;1;1:26.011;0;2:02.406;0;201.9;1:56:29.242;23:56;0:34.614;1:26.011;2:02.406;298.0;Gustavo YACAMAN;;LMP2;;G-Drive Racing;Ligier;
28;0;19;3:45.892;0;;34.876;0;1:25.972;1;1:45.044;0;217.2;2:00:15.134;00:00;0:34.876;1:25.972;1:45.044;296.4;Gustavo YACAMAN;;LMP2;;G-Drive Racing;Ligier;
29;0;1;4:53.124;0;B;1:29.386;0;1:29.876;0;1:53.862;0;167.4;4:53.124;22:04;1:29.386;1:29.876;1:53.862;293.2;Léo ROUSSEL;0:00:51.466;LMP2;;Pegasus Racing;Morgan;
29;0;2;5:56.994;0;;2:48.113;0;1:26.753;0;1:42.128;0;137.4;10:50.118;22:10;2:48.113;1:26.753;1:42.128;298.0;Léo ROUSSEL;0:02:22.867;LMP2;;Pegasus Racing;Morgan;
29;0;3;3:42.023;2;;34.406;2;1:26.000;2;1:41.617;2;221.0;14:32.141;22:14;0:34.406;1:26.000;1:41.617;299.7;Léo ROUSSEL;;LMP2;;Pegasus Racing;Morgan;
29;0;4;3:54.470;0;B;36.685;0;1:26.081;0;1:51.704;0;209.3;18:26.611;22:18;0:36.685;1:26.081;1:51.704;301.3;Léo ROUSSEL;;LMP2;;Pegasus Racing;Morgan;
29;2;5;6:11.602;0;;2:49.890;0;1:32.696;0;1:49.016;0;132.0;24:38.213;22:24;2:49.890;1:32.696;1:49.016;275.3;David CHENG;0:02:19.741;LMP2;;Pegasus Racing;Morgan;
29;2;6;3:54.733;0;;36.707;0;1:29.194;0;1:48.832;0;209.0;28:32.946;22:28;0:36.707;1:29.194;1:48.832;298.8;David CHENG;;LMP2;;Pegasus Racing;Morgan;
29;2;7;3:52.661;0;;;0;;0;1:47.940;1;210.9;32:25.607;22:32;;;1:47.940;297.2;David CHENG;;LMP2;;Pegasus Racing;Morgan;
29;2;8;4:00.289;0;B;35.901;1;1:28.412;1;1:55.976;0;204.2;36:25.896;22:36;0:35.901;1:28.412;1:55.976;299.7;David CHENG;;LMP2;;Pegasus Racing;Morgan;
29;2;9;8:27.699;0;;5:05.744;0;1:33.740;0;1:48.215;0;96.6;44:53.595;22:44;5:05.744;1:33.740;1:48.215;263.9;David CHENG;0:04:35.141;LMP2;;Pegasus Racing;Morgan;
29;2;10;3:55.497;0;;36.628;0;1:30.165;0;1:48.704;0;208.3;48:49.092;22:48;0:36.628;1:30.165;1:48.704;298.0;David CHENG;;LMP2;;Pegasus Racing;Morgan;
29;2;11;3:54.311;0;;36.121;0;1:28.855;0;1:49.335;0;209.4;52:43.403;22:52;0:36.121;1:28.855;1:49.335;297.2;David CHENG;;LMP2;;Pegasus Racing;Morgan;
29;2;12;4:01.352;0;B;36.596;0;1:29.316;0;1:55.440;0;203.3;56:44.755;22:56;0:36.596;1:29.316;1:55.440;296.4;David CHENG;;LMP2;;Pegasus Racing;Morgan;
29;1;13;32:32.553;0;;29:06.172;0;1:34.807;0;1:51.574;0;25.1;1:29:17.308;23:29;29:06.172;1:34.807;1:51.574;281.0;Ho-Pin TUNG;0:28:34.049;LMP2;;Pegasus Racing;Morgan;
29;1;14;3:49.843;0;;35.887;0;1:28.953;0;1:45.003;0;213.5;1:33:07.151;23:33;0:35.887;1:28.953;1:45.003;293.2;Ho-Pin TUNG;;LMP2;;Pegasus Racing;Morgan;
29;1;15;3:47.028;0;;35.211;0;1:27.406;0;1:44.411;0;216.1;1:36:54.179;23:36;0:35.211;1:27.406;1:44.411;294.8;Ho-Pin TUNG;;LMP2;;Pegasus Racing;Morgan;
29;1;16;4:09.904;0;B;38.309;0;1:31.566;0;2:00.029;0;196.3;1:41:04.083;23:41;0:38.309;1:31.566;2:00.029;281.0;Ho-Pin TUNG;;LMP2;;Pegasus Racing;Morgan;
29;1;17;12:57.843;0;;9:44.820;0;1:28.970;0;1:44.053;0;63.1;1:54:01.926;23:54;9:44.820;1:28.970;1:44.053;290.8;Ho-Pin TUNG;0:09:19.048;LMP2;;Pegasus Racing;Morgan;
29;1;18;3:45.007;0;;;0;;0;1:43.100;1;218.1;1:57:46.933;23:57;;;1:43.100;294.8;Ho-Pin TUNG;;LMP2;;Pegasus Racing;Morgan;
29;1;19;3:46.656;0;;34.788;1;1:27.367;1;1:44.501;0;216.5;2:01:33.589;00:01;0:34.788;1:27.367;1:44.501;295.6;Ho-Pin TUNG;;LMP2;;Pegasus Racing;Morgan;
30;1;1;5:43.380;0;;2:15.196;0;1:28.994;0;1:59.190;0;142.9;5:43.380;22:05;2:15.196;1:28.994;1:59.190;292.4;Ryan DALZIEL;0:01:39.085;LMP2;;Extreme Speed Motorsports;Ligier;
30;1;2;3:56.001;0;B;34.894;0;1:26.507;0;1:54.600;0;207.9;9:39.381;22:09;0:34.894;1:26.507;1:54.600;297.2;Ryan DALZIEL;;LMP2;;Extreme Speed Motorsports;Ligier;
30;1;3;4:24.135;0;;1:10.397;0;1:27.619;0;1:46.119;0;185.8;14:03.516;22:14;1:10.397;1:27.619;1:46.119;295.6;Ryan DALZIEL;0:00:45.625;LMP2;;Extreme Speed Motorsports;Ligier;
30;1;4;3:45.848;0;;35.260;0;1:27.339;0;1:43.249;2;217.2;17:49.364;22:17;0:35.260;1:27.339;1:43.249;294.8;Ryan DALZIEL;;LMP2;;Extreme Speed Motorsports;Ligier;
30;1;5;3:44.944;0;;35.051;0;1:26.504;0;1:43.389;0;218.1;21:34.308;22:21;0:35.051;1:26.504;1:43.389;297.2;Ryan DALZIEL;;LMP2;;Extreme Speed Motorsports;Ligier;
30;1;6;3:44.675;2;;34.490;2;1:26.008;2;1:44.177;0;218.4;25:18.983;22:25;0:34.490;1:26.008;1:44.177;295.6;Ryan DALZIEL;;LMP2;;Extreme Speed Motorsports;Ligier;
30;1;7;3:58.738;0;B;34.885;0;1:27.049;0;1:56.804;0;205.5;29:17.721;22:29;0:34.885;1:27.049;1:56.804;298.0;Ryan DALZIEL;;LMP2;;Extreme Speed Motorsports;Ligier;
30;0;8;10:49.545;0;;7:28.598;0;1:33.688;0;1:47.259;0;75.5;40:07.266;22:40;7:28.598;1:33.688;1:47.259;245.9;Scott SHARP;0:07:00.956;LMP2;;Extreme Speed Motorsports;Ligier;
30;0;9;3:49.165;0;;35.433;0;1:28.524;0;1:45.208;0;214.1;43:56.431;22:43;0:35.433;1:28.524;1:45.208;302.2;Scott SHARP;;LMP2;;Extreme Speed Motorsports;Ligier;
30;0;10;3:47.322;0;;35.344;0;1:27.382;0;1:44.596;0;215.8;47:43.753;22:47;0:35.344;1:27.382;1:44.596;298.0;Scott SHARP;;LMP2;;Extreme Speed Motorsports;Ligier;
30;0;11;3:45.621;0;;34.978;1;1:27.096;1;1:43.547;1;217.5;51:29.374;22:51;0:34.978;1:27.096;1:43.547;294.0;Scott SHARP;;LMP2;;Extreme Speed Motorsports;Ligier;
30;0;12;4:02.760;0;B;35.475;0;1:30.310;0;1:56.975;0;202.1;55:32.134;22:55;0:35.475;1:30.310;1:56.975;295.6;Scott SHARP;;LMP2;;Extreme Speed Motorsports;Ligier;
30;2;13;34:10.975;0;;30:45.034;0;1:32.318;0;1:53.623;0;23.9;1:29:43.109;23:29;30:45.034;1:32.318;1:53.623;252.8;David HEINEMEIER HANSSON;0:30:11.342;LMP2;;Extreme Speed Motorsports;Ligier;
30;2;14;3:51.032;0;;35.740;0;1:28.694;0;1:46.598;0;212.4;1:33:34.141;23:33;0:35.740;1:28.694;1:46.598;294.0;David HEINEMEIER HANSSON;;LMP2;;Extreme Speed Motorsports;Ligier;
30;2;15;3:49.343;0;;35.203;0;1:28.969;0;1:45.171;0;213.9;1:37:23.484;23:37;0:35.203;1:28.969;1:45.171;292.4;David HEINEMEIER HANSSON;;LMP2;;Extreme Speed Motorsports;Ligier;
30;2;16;3:55.178;0;;35.868;0;1:30.407;0;1:48.903;0;208.6;1:41:18.662;23:41;0:35.868;1:30.407;1:48.903;293.2;David HEINEMEIER HANSSON;;LMP2;;Extreme Speed Motorsports;Ligier;
30;2;17;3:47.444;0;;35.175;0;1:27.060;0;1:45.209;0;215.7;1:45:06.106;23:45;0:35.175;1:27.060;1:45.209;297.2;David HEINEMEIER HANSSON;;LMP2;;Extreme Speed Motorsports;Ligier;
30;2;18;3:45.216;0;;34.827;1;1:27.103;0;1:43.286;1;217.9;1:48:51.322;23:48;0:34.827;1:27.103;1:43.286;294.8;David HEINEMEIER HANSSON;;LMP2;;Extreme Speed Motorsports;Ligier;
30;2;19;3:53.074;0;;35.271;0;1:33.232;0;1:44.571;0;210.5;1:52:44.396;23:52;0:35.271;1:33.232;1:44.571;293.2;David HEINEMEIER HANSSON;;LMP2;;Extreme Speed Motorsports;Ligier;
30;2;20;3:55.732;0;B;34.941;0;1:26.864;1;1:53.927;0;208.1;1:56:40.128;23:56;0:34.941;1:26.864;1:53.927;293.2;David HEINEMEIER HANSSON;;LMP2;;Extreme Speed Motorsports;Ligier;
31;2;1;6:01.273;0;;2:43.640;0;1:31.597;0;1:46.036;0;135.8;6:01.273;22:06;2:43.640;1:31.597;1:46.036;293.2;Jonathon FOGARTY;0:02:08.986;LMP2;;Extreme Speed Motorsports;Ligier;
31;2;2;3:46.165;2;;34.752;2;1:27.476;0;1:43.937;1;216.9;9:47.438;22:09;0:34.752;1:27.476;1:43.937;295.6;Jonathon FOGARTY;;LMP2;;Extreme Speed Motorsports;Ligier;
31;2;3;3:53.924;0;;35.475;0;1:27.597;0;1:50.852;0;209.7;13:41.362;22:13;0:35.475;1:27.597;1:50.852;299.7;Jonathon FOGARTY;;LMP2;;Extreme Speed Motorsports;Ligier;
31;2;4;3:47.758;0;;35.528;0;1:27.029;1;1:45.201;0;215.4;17:29.120;22:17;0:35.528;1:27.029;1:45.201;298.8;Jonathon FOGARTY;;LMP2;;Extreme Speed Motorsports;Ligier;
31;2;5;3:47.366;0;;35.025;0;1:27.608;0;1:44.733;0;215.8;21:16.486;22:21;0:35.025;1:27.608;1:44.733;297.2;Jonathon FOGARTY;;LMP2;;Extreme Speed Motorsports;Ligier;
31;2;6;3:50.178;0;;34.925;0;1:27.875;0;1:47.378;0;213.2;25:06.664;22:25;0:34.925;1:27.875;1:47.378;294.8;Jonathon FOGARTY;;LMP2;;Extreme Speed Motorsports;Ligier;
31;2;7;4:02.538;0;B;37.515;0;1:28.689;0;1:56.334;0;202.3;29:09.202;22:29;0:37.515;1:28.689;1:56.334;294.8;Jonathon FOGARTY;;LMP2;;Extreme Speed Motorsports;Ligier;
31;0;8;6:59.149;0;;3:16.684;0;1:36.160;0;2:06.305;0;117.1;36:08.351;22:36;3:16.684;1:36.160;2:06.305;286.9;Ed BROWN;0:02:38.045;LMP2;;Extreme Speed Motorsports;Ligier;
31;0;9;4:39.572;0;;53.090;0;1:45.131;0;2:01.351;0;175.5;40:47.923;22:40;0:53.090;1:45.131;2:01.351;246.4;Ed BROWN;;LMP2;;Extreme Speed Motorsports;Ligier;
31;0;10;4:32.944;0;;40.513;0;1:41.127;0;2:11.304;0;179.8;45:20.867;22:45;0:40.513;1:41.127;2:11.304;252.8;Ed BROWN;;LMP2;;Extreme Speed Motorsports;Ligier;
31;0;11;4:23.182;0;;46.665;0;1:34.521;1;2:01.996;0;186.4;49:44.049;22:49;0:46.665;1:34.521;2:01.996;293.2;Ed BROWN;;LMP2;;Extreme Speed Motorsports;Ligier;
31;0;12;4:23.454;0;;43.430;0;1:39.365;0;2:00.659;1;186.2;54:07.503;22:54;0:43.430;1:39.365;2:00.659;281.7;Ed BROWN;;LMP2;;Extreme Speed Motorsports;Ligier;
31;0;13;4:24.280;0;B;39.818;1;1:34.737;0;2:09.725;0;185.7;58:31.783;22:58;0:39.818;1:34.737;2:09.725;292.4;Ed BROWN;;LMP2;;Extreme Speed Motorsports;Ligier;
31;1;14;31:56.166;0;;28:31.507;0;1:32.600;0;1:52.059;0;25.6;1:30:27.949;23:30;28:31.507;1:32.600;1:52.059;290.0;Johannes VAN OVERBEEK;0:28:01.017;LMP2;;Extreme Speed Motorsports;Ligier;
31;1;15;4:02.306;0;B;36.811;0;1:28.927;0;1:56.568;0;202.5;1:34:30.255;23:34;0:36.811;1:28.927;1:56.568;293.2;Johannes VAN OVERBEEK;;LMP2;;Extreme Speed Motorsports;Ligier;
31;1;16;8:05.808;0;;4:47.241;0;1:29.924;0;1:48.643;0;101.0;1:42:36.063;23:42;4:47.241;1:29.924;1:48.643;295.6;Johannes VAN OVERBEEK;0:04:20.353;LMP2;;Extreme Speed Motorsports;Ligier;
31;1;17;3:52.238;0;;36.241;0;1:28.311;0;1:47.686;0;211.3;1:46:28.301;23:46;0:36.241;1:28.311;1:47.686;298.0;Johannes VAN OVERBEEK;;LMP2;;Extreme Speed Motorsports;Ligier;
31;1;18;3:51.434;0;;35.708;0;1:28.015;0;1:47.711;0;212.0;1:50:19.735;23:50;0:35.708;1:28.015;1:47.711;299.7;Johannes VAN OVERBEEK;;LMP2;;Extreme Speed Motorsports;Ligier;
31;1;19;3:47.485;0;;35.385;0;1:27.757;0;1:44.343;0;215.7;1:54:07.220;23:54;0:35.385;1:27.757;1:44.343;294.8;Johannes VAN OVERBEEK;;LMP2;;Extreme Speed Motorsports;Ligier;
31;1;20;3:46.571;0;;35.425;0;1:27.280;0;1:43.866;2;216.6;1:57:53.791;23:57;0:35.425;1:27.280;1:43.866;295.6;Johannes VAN OVERBEEK;;LMP2;;Extreme Speed Motorsports;Ligier;
31;1;21;3:46.578;0;;35.144;1;1:27.016;2;1:44.418;0;216.5;2:01:40.369;00:01;0:35.144;1:27.016;1:44.418;296.4;Johannes VAN OVERBEEK;;LMP2;;Extreme Speed Motorsports;Ligier;
34;1;1;7:04.603;0;;3:52.690;0;1:29.069;0;1:42.844;0;115.6;7:04.603;22:07;3:52.690;1:29.069;1:42.844;281.7;Laurens VANTHOOR;0:03:16.036;LMP2;;Oak Racing;Ligier;
34;1;2;3:43.756;0;;35.841;0;1:26.097;0;1:41.818;0;219.3;10:48.359;22:10;0:35.841;1:26.097;1:41.818;298.8;Laurens VANTHOOR;;LMP2;;Oak Racing;Ligier;
34;1;3;3:40.058;2;;34.084;2;1:25.003;2;1:40.971;1;223.0;14:28.417;22:14;0:34.084;1:25.003;1:40.971;298.8;Laurens VANTHOOR;;LMP2;;Oak Racing;Ligier;
34;1;4;3:51.928;0;B;35.969;0;1:26.760;0;1:49.199;0;211.6;18:20.345;22:18;0:35.969;1:26.760;1:49.199;298.0;Laurens VANTHOOR;;LMP2;;Oak Racing;Ligier;
34;1;5;9:48.386;0;;6:36.485;0;1:27.098;0;1:44.803;0;83.4;28:08.731;22:28;6:36.485;1:27.098;1:44.803;296.4;Laurens VANTHOOR;0:06:08.388;LMP2;;Oak Racing;Ligier;
34;1;6;3:41.072;0;;34.407;0;1:25.474;0;1:41.191;0;221.9;31:49.803;22:31;0:34.407;1:25.474;1:41.191;298.0;Laurens VANTHOOR;;LMP2;;Oak Racing;Ligier;
34;1;7;3:46.114;0;;34.578;0;1:25.477;0;1:46.059;0;217.0;35:35.917;22:35;0:34.578;1:25.477;1:46.059;301.3;Laurens VANTHOOR;;LMP2;;Oak Racing;Ligier;
34;1;8;3:52.621;0;B;35.022;0;1:27.890;0;1:49.709;0;210.9;39:28.538;22:39;0:35.022;1:27.890;1:49.709;297.2;Laurens VANTHOOR;;LMP2;;Oak Racing;Ligier;
34;0;9;7:57.446;0;;4:29.482;0;1:36.528;0;1:51.436;0;102.8;47:25.984;22:47;4:29.482;1:36.528;1:51.436;295.6;Christopher CUMMING;0:04:02.198;LMP2;;Oak Racing;Ligier;
34;0;10;3:54.469;0;;36.265;1;1:28.972;1;1:49.232;1;209.3;51:20.453;22:51;0:36.265;1:28.972;1:49.232;294.8;Christopher CUMMING;;LMP2;;Oak Racing;Ligier;
34;0;11;4:02.276;0;;38.090;0;1:33.178;0;1:51.008;0;202.5;55:22.729;22:55;0:38.090;1:33.178;1:51.008;296.4;Christopher CUMMING;;LMP2;;Oak Racing;Ligier;
34;0;12;5:23.074;0;B;37.476;0;1:29.203;0;3:16.395;0;151.9;1:00:45.803;23:00;0:37.476;1:29.203;3:16.395;295.6;Christopher CUMMING;;LMP2;;Oak Racing;Ligier;
34;0;13;29:20.388;0;;25:56.753;0;1:31.535;0;1:52.100;0;27.9;1:30:06.191;23:30;25:56.753;1:31.535;1:52.100;282.5;Christopher CUMMING;0:25:28.257;LMP2;;Oak Racing;Ligier;
34;0;14;4:02.205;0;;;0;;0;1:51.352;0;202.6;1:34:08.396;23:34;;;1:51.352;301.3;Christopher CUMMING;;LMP2;;Oak Racing;Ligier;
34;0;15;3:58.465;0;;38.534;0;1:29.223;0;1:50.708;0;205.8;1:38:06.861;23:38;0:38.534;1:29.223;1:50.708;298.8;Christopher CUMMING;;LMP2;;Oak Racing;Ligier;
34;0;16;4:03.632;0;B;37.877;0;1:30.133;0;1:55.622;0;201.4;1:42:10.493;23:42;0:37.877;1:30.133;1:55.622;301.3;Christopher CUMMING;;LMP2;;Oak Racing;Ligier;
34;2;17;5:58.206;0;;2:47.171;0;1:27.163;0;1:43.872;0;137.0;1:48:08.699;23:48;2:47.171;1:27.163;1:43.872;295.6;Kevin ESTRE;0:02:21.706;LMP2;;Oak Racing;Ligier;
34;2;18;3:43.385;0;;35.220;0;1:26.361;0;1:41.804;0;219.6;1:51:52.084;23:51;0:35.220;1:26.361;1:41.804;300.5;Kevin ESTRE;;LMP2;;Oak Racing;Ligier;
34;2;19;3:44.732;0;;34.315;0;1:26.891;0;1:43.526;0;218.3;1:55:36.816;23:55;0:34.315;1:26.891;1:43.526;300.5;Kevin ESTRE;;LMP2;;Oak Racing;Ligier;
34;2;20;3:41.171;0;;34.495;0;1:25.741;0;1:40.935;2;221.8;1:59:17.987;23:59;0:34.495;1:25.741;1:40.935;295.6;Kevin ESTRE;;LMP2;;Oak Racing;Ligier;
34;2;21;3:52.644;0;B;34.185;1;1:25.418;1;1:53.041;0;210.9;2:03:10.631;00:03;0:34.185;1:25.418;1:53.041;296.4;Kevin ESTRE;;LMP2;;Oak Racing;Ligier;
35;0;1;5:48.924;0;;2:28.226;0;1:31.873;0;1:48.825;0;140.6;5:48.924;22:05;2:28.226;1:31.873;1:48.825;294.0;Jacques NICOLET;0:01:50.312;LMP2;;Oak Racing;Ligier;
35;0;2;3:54.289;0;;36.947;0;1:28.181;2;1:49.161;0;209.4;9:43.213;22:09;0:36.947;1:28.181;1:49.161;301.3;Jacques NICOLET;;LMP2;;Oak Racing;Ligier;
35;0;3;3:52.843;2;;37.201;0;1:29.121;0;1:46.521;2;210.7;13:36.056;22:13;0:37.201;1:29.121;1:46.521;296.4;Jacques NICOLET;;LMP2;;Oak Racing;Ligier;
35;0;4;4:01.280;0;;36.693;2;1:34.332;0;1:50.255;0;203.4;17:37.336;22:17;0:36.693;1:34.332;1:50.255;300.5;Jacques NICOLET;;LMP2;;Oak Racing;Ligier;
35;0;5;4:07.546;0;B;37.058;0;1:29.495;0;2:00.993;0;198.2;21:44.882;22:21;0:37.058;1:29.495;2:00.993;302.2;Jacques NICOLET;;LMP2;;Oak Racing;Ligier;
35;1;6;8:23.373;0;;;0;;0;1:54.936;0;97.5;30:08.255;22:30;;;1:54.936;295.6;Jean-Marc MERLIN;0:04:24.392;LMP2;;Oak Racing;Ligier;
35;1;7;4:05.210;0;;38.596;0;1:32.503;0;1:54.111;0;200.1;34:13.465;22:34;0:38.596;1:32.503;1:54.111;296.4;Jean-Marc MERLIN;;LMP2;;Oak Racing;Ligier;
35;1;8;4:13.190;0;;39.924;0;1:33.899;0;1:59.367;0;193.8;38:26.655;22:38;0:39.924;1:33.899;1:59.367;295.6;Jean-Marc MERLIN;;LMP2;;Oak Racing;Ligier;
35;1;9;4:04.811;0;;39.466;0;1:32.559;0;1:52.786;0;200.4;42:31.466;22:42;0:39.466;1:32.559;1:52.786;296.4;Jean-Marc MERLIN;;LMP2;;Oak Racing;Ligier;
35;1;10;4:03.171;0;;38.846;0;1:31.522;0;1:52.803;0;201.8;46:34.637;22:46;0:38.846;1:31.522;1:52.803;296.4;Jean-Marc MERLIN;;LMP2;;Oak Racing;Ligier;
35;1;11;4:10.987;0;B;37.919;0;1:30.585;0;2:02.483;0;195.5;50:45.624;22:50;0:37.919;1:30.585;2:02.483;296.4;Jean-Marc MERLIN;;LMP2;;Oak Racing;Ligier;
35;2;12;6:47.621;0;;3:18.326;0;1:33.588;0;1:55.707;0;120.4;57:33.245;22:57;3:18.326;1:33.588;1:55.707;294.0;Erik MARIS;0:02:45.799;LMP2;;Oak Racing;Ligier;
35;2;13;9:03.191;0;B;38.943;0;3:38.549;0;4:45.699;0;90.3;1:06:36.436;23:06;0:38.943;3:38.549;4:45.699;95.2;Erik MARIS;;LMP2;;Oak Racing;Ligier;
35;2;14;23:14.265;0;;19:42.713;0;1:36.494;0;1:55.058;0;35.2;1:29:50.701;23:29;19:42.713;1:36.494;1:55.058;238.8;Erik MARIS;0:19:10.970;LMP2;;Oak Racing;Ligier;
35;2;15;4:04.526;0;;38.314;0;1:33.063;0;1:53.149;1;200.7;1:33:55.227;23:33;0:38.314;1:33.063;1:53.149;298.0;Erik MARIS;;LMP2;;Oak Racing;Ligier;
35;2;16;4:12.053;0;B;38.292;1;1:31.607;1;2:02.154;0;194.7;1:38:07.280;23:38;0:38.292;1:31.607;2:02.154;295.6;Erik MARIS;;LMP2;;Oak Racing;Ligier;
35;1;17;8:44.461;0;;5:18.627;0;1:32.998;0;1:52.836;0;93.6;1:46:51.741;23:46;5:18.627;1:32.998;1:52.836;294.0;Jean-Marc MERLIN;0:04:50.273;LMP2;;Oak Racing;Ligier;
35;1;18;4:00.388;0;;37.490;0;1:30.920;0;1:51.978;0;204.1;1:50:52.129;23:50;0:37.490;1:30.920;1:51.978;298.0;Jean-Marc MERLIN;;LMP2;;Oak Racing;Ligier;
35;1;19;3:58.855;0;;37.271;0;1:31.622;0;1:49.962;0;205.4;1:54:50.984;23:54;0:37.271;1:31.622;1:49.962;295.6;Jean-Marc MERLIN;;LMP2;;Oak Racing;Ligier;
35;1;20;3:56.171;0;;37.221;0;1:30.250;0;1:48.700;1;207.7;1:58:47.155;23:58;0:37.221;1:30.250;1:48.700;295.6;Jean-Marc MERLIN;;LMP2;;Oak Racing;Ligier;
35;1;21;3:59.708;0;;36.933;1;1:29.462;1;1:53.313;0;204.7;2:02:46.863;00:02;0:36.933;1:29.462;1:53.313;300.5;Jean-Marc MERLIN;;LMP2;;Oak Racing;Ligier;
36;0;1;4:36.365;0;;1:19.489;0;1:29.838;0;1:47.038;0;177.5;4:36.365;22:04;1:19.489;1:29.838;1:47.038;296.4;Nelson PANCIATICI;0:00:44.574;LMP2;;Signatech Alpine;Alpine;
36;0;2;3:42.419;0;;35.429;0;1:26.102;0;1:40.888;0;220.6;8:18.784;22:08;0:35.429;1:26.102;1:40.888;301.3;Nelson PANCIATICI;;LMP2;;Signatech Alpine;Alpine;
36;0;3;3:43.034;0;;34.979;0;1:25.341;1;1:42.714;0;220.0;12:01.818;22:12;0:34.979;1:25.341;1:42.714;300.5;Nelson PANCIATICI;;LMP2;;Signatech Alpine;Alpine;
36;0;4;3:41.021;0;;34.738;0;1:25.414;0;1:40.869;0;222.0;15:42.839;22:15;0:34.738;1:25.414;1:40.869;299.7;Nelson PANCIATICI;;LMP2;;Signatech Alpine;Alpine;
36;0;5;3:41.022;0;;34.677;0;1:25.663;0;1:40.682;1;222.0;19:23.861;22:19;0:34.677;1:25.663;1:40.682;299.7;Nelson PANCIATICI;;LMP2;;Signatech Alpine;Alpine;
36;0;6;3:45.308;0;;34.766;0;1:27.525;0;1:43.017;0;217.8;23:09.169;22:23;0:34.766;1:27.525;1:43.017;303.9;Nelson PANCIATICI;;LMP2;;Signatech Alpine;Alpine;
36;0;7;3:41.115;0;;34.541;1;1:25.572;0;1:41.002;0;221.9;26:50.284;22:26;0:34.541;1:25.572;1:41.002;299.7;Nelson PANCIATICI;;LMP2;;Signatech Alpine;Alpine;
36;0;8;4:06.642;0;B;36.620;0;1:27.286;0;2:02.736;0;198.9;30:56.926;22:30;0:36.620;1:27.286;2:02.736;302.2;Nelson PANCIATICI;;LMP2;;Signatech Alpine;Alpine;
36;1;9;6:19.229;0;;3:05.781;0;1:27.409;0;1:46.039;0;129.4;37:16.155;22:37;3:05.781;1:27.409;1:46.039;298.0;Paul Loup CHATIN;0:02:44.364;LMP2;;Signatech Alpine;Alpine;
36;1;10;3:47.159;0;;35.240;0;1:28.455;0;1:43.464;0;216.0;41:03.314;22:41;0:35.240;1:28.455;1:43.464;297.2;Paul Loup CHATIN;;LMP2;;Signatech Alpine;Alpine;
36;1;11;3:45.572;0;;34.895;0;1:26.350;0;1:44.327;0;217.5;44:48.886;22:44;0:34.895;1:26.350;1:44.327;303.9;Paul Loup CHATIN;;LMP2;;Signatech Alpine;Alpine;
36;1;12;3:52.971;0;B;35.278;0;1:26.274;0;1:51.419;0;210.6;48:41.857;22:48;0:35.278;1:26.274;1:51.419;299.7;Paul Loup CHATIN;;LMP2;;Signatech Alpine;Alpine;
36;1;13;5:38.126;0;;2:23.075;0;1:27.325;0;1:47.726;0;145.1;54:19.983;22:54;2:23.075;1:27.325;1:47.726;298.0;Paul Loup CHATIN;0:01:59.178;LMP2;;Signatech Alpine;Alpine;
36;1;14;3:44.049;0;;35.394;0;1:26.493;0;1:42.162;0;219.0;58:04.032;22:58;0:35.394;1:26.493;1:42.162;298.8;Paul Loup CHATIN;;LMP2;;Signatech Alpine;Alpine;
36;1;15;10:17.478;0;B;58.433;0;4:33.246;0;4:45.799;0;79.5;1:08:21.510;23:08;0:58.433;4:33.246;4:45.799;76.3;Paul Loup CHATIN;;LMP2;;Signatech Alpine;Alpine;
36;1;16;20:41.723;0;;17:26.316;0;1:30.339;0;1:45.068;0;39.5;1:29:03.233;23:29;17:26.316;1:30.339;1:45.068;289.3;Paul Loup CHATIN;0:16:58.524;LMP2;;Signatech Alpine;Alpine;
36;1;17;3:41.065;0;;34.447;0;1:26.114;0;1:40.504;2;221.9;1:32:44.298;23:32;0:34.447;1:26.114;1:40.504;300.5;Paul Loup CHATIN;;LMP2;;Signatech Alpine;Alpine;
36;1;18;3:40.438;2;;34.375;0;1:25.286;2;1:40.777;0;222.6;1:36:24.736;23:36;0:34.375;1:25.286;1:40.777;299.7;Paul Loup CHATIN;;LMP2;;Signatech Alpine;Alpine;
36;1;19;3:41.472;0;;34.332;2;1:26.251;0;1:40.889;0;221.5;1:40:06.208;23:40;0:34.332;1:26.251;1:40.889;303.0;Paul Loup CHATIN;;LMP2;;Signatech Alpine;Alpine;
36;1;20;4:14.966;0;B;36.598;0;1:33.368;0;2:05.000;0;192.4;1:44:21.174;23:44;0:36.598;1:33.368;2:05.000;282.5;Paul Loup CHATIN;;LMP2;;Signatech Alpine;Alpine;
36;2;21;10:31.022;0;;7:07.075;0;1:35.214;0;1:48.733;0;77.8;1:54:52.196;23:54;7:07.075;1:35.214;1:48.733;233.1;Vincent CAPILLAIRE;0:06:33.147;LMP2;;Signatech Alpine;Alpine;
36;2;22;3:50.748;0;;36.387;1;1:28.441;0;1:45.920;1;212.6;1:58:42.944;23:58;0:36.387;1:28.441;1:45.920;297.2;Vincent CAPILLAIRE;;LMP2;;Signatech Alpine;Alpine;
36;2;23;3:54.652;0;;36.701;0;1:27.670;1;1:50.281;0;209.1;2:02:37.596;00:02;0:36.701;1:27.670;1:50.281;298.8;Vincent CAPILLAIRE;;LMP2;;Signatech Alpine;Alpine;
37;0;1;4:28.943;0;;1:08.491;0;1:31.622;0;1:48.830;0;182.4;4:28.943;22:04;1:08.491;1:31.622;1:48.830;283.2;Mikhail ALESHIN;0:00:32.046;LMP2;;SMP Racing;BR01;
37;0;2;3:43.132;0;;34.715;0;1:26.639;0;1:41.778;2;219.9;8:12.075;22:08;0:34.715;1:26.639;1:41.778;300.5;Mikhail ALESHIN;;LMP2;;SMP Racing;BR01;
37;0;3;4:07.613;0;B;35.012;0;1:26.318;0;2:06.283;0;198.1;12:19.688;22:12;0:35.012;1:26.318;2:06.283;300.5;Mikhail ALESHIN;;LMP2;;SMP Racing;BR01;
37;0;4;8:24.335;0;;5:10.767;0;1:29.036;0;1:44.532;0;97.3;20:44.023;22:20;5:10.767;1:29.036;1:44.532;298.8;Mikhail ALESHIN;0:04:41.996;LMP2;;SMP Racing;BR01;
37;0;5;3:44.171;0;;35.218;0;1:26.503;0;1:42.450;0;218.9;24:28.194;22:24;0:35.218;1:26.503;1:42.450;303.0;Mikhail ALESHIN;;LMP2;;SMP Racing;BR01;
37;0;6;3:53.480;0;B;35.258;0;1:27.336;0;1:50.886;0;210.1;28:21.674;22:28;0:35.258;1:27.336;1:50.886;305.6;Mikhail ALESHIN;;LMP2;;SMP Racing;BR01;
37;1;7;5:36.259;0;;2:18.347;0;1:29.074;0;1:48.838;0;145.9;33:57.933;22:33;2:18.347;1:29.074;1:48.838;300.5;Kirill LADYGIN;0:01:47.687;LMP2;;SMP Racing;BR01;
37;1;8;10:59.705;0;B;35.558;0;8:10.786;0;2:13.361;0;74.4;44:57.638;22:44;0:35.558;8:10.786;2:13.361;197.8;Kirill LADYGIN;;LMP2;;SMP Racing;BR01;
37;1;9;44:46.675;0;;41:21.770;0;1:31.724;0;1:53.181;0;18.3;1:29:44.313;23:29;41:21.770;1:31.724;1:53.181;260.7;Kirill LADYGIN;0:40:51.833;LMP2;;SMP Racing;BR01;
37;1;10;3:54.173;0;;36.215;0;1:29.283;0;1:48.675;0;209.5;1:33:38.486;23:33;0:36.215;1:29.283;1:48.675;303.9;Kirill LADYGIN;;LMP2;;SMP Racing;BR01;
37;1;11;3:47.849;0;;35.174;1;1:27.086;1;1:45.589;1;215.3;1:37:26.335;23:37;0:35.174;1:27.086;1:45.589;299.7;Kirill LADYGIN;;LMP2;;SMP Racing;BR01;
37;1;12;3:48.942;0;;35.271;0;1:27.445;0;1:46.226;0;214.3;1:41:15.277;23:41;0:35.271;1:27.445;1:46.226;303.0;Kirill LADYGIN;;LMP2;;SMP Racing;BR01;
37;1;13;4:00.469;0;B;37.963;0;1:28.721;0;1:53.785;0;204.0;1:45:15.746;23:45;0:37.963;1:28.721;1:53.785;299.7;Kirill LADYGIN;;LMP2;;SMP Racing;BR01;
37;0;14;6:26.939;0;;3:11.007;0;1:30.242;0;1:45.690;0;126.8;1:51:42.685;23:51;3:11.007;1:30.242;1:45.690;269.1;Mikhail ALESHIN;0:02:42.764;LMP2;;SMP Racing;BR01;
37;0;15;3:43.346;0;;34.751;0;1:26.558;0;1:42.037;0;219.7;1:55:26.031;23:55;0:34.751;1:26.558;1:42.037;304.7;Mikhail ALESHIN;;LMP2;;SMP Racing;BR01;
37;0;16;3:42.417;2;;34.647;2;1:25.727;2;1:42.043;0;220.6;1:59:08.448;23:59;0:34.647;1:25.727;1:42.043;303.0;Mikhail ALESHIN;;LMP2;;SMP Racing;BR01;
37;0;17;3:54.284;0;B;35.358;0;1:26.552;0;1:52.374;0;209.4;2:03:02.732;00:03;0:35.358;1:26.552;1:52.374;304.7;Mikhail ALESHIN;;LMP2;;SMP Racing;BR01;
38;1;1;4:15.284;0;;1:01.184;0;1:29.704;0;1:44.396;0;192.2;4:15.284;22:04;1:01.184;1:29.704;1:44.396;289.3;Mitch EVANS;0:00:21.943;LMP2;;JOTA Sport;Gibson;
38;1;2;3:44.615;0;;34.834;0;1:27.796;0;1:41.985;0;218.4;7:59.899;22:07;0:34.834;1:27.796;1:41.985;294.0;Mitch EVANS;;LMP2;;JOTA Sport;Gibson;
38;1;3;3:42.211;0;;34.415;0;1:26.338;0;1:41.458;0;220.8;11:42.110;22:11;0:34.415;1:26.338;1:41.458;295.6;Mitch EVANS;;LMP2;;JOTA Sport;Gibson;
38;1;4;3:41.701;0;;34.161;0;1:26.237;0;1:41.303;0;221.3;15:23.811;22:15;0:34.161;1:26.237;1:41.303;298.8;Mitch EVANS;;LMP2;;JOTA Sport;Gibson;
38;1;5;3:58.405;0;B;38.930;0;1:29.130;0;1:50.345;0;205.8;19:22.216;22:19;0:38.930;1:29.130;1:50.345;300.5;Mitch EVANS;;LMP2;;JOTA Sport;Gibson;
38;1;6;8:44.750;0;;5:29.007;0;1:29.470;0;1:46.273;0;93.5;28:06.966;22:28;5:29.007;1:29.470;1:46.273;293.2;Mitch EVANS;0:04:58.953;LMP2;;JOTA Sport;Gibson;
38;1;7;3:39.679;0;;34.061;1;1:25.036;1;1:40.582;1;223.3;31:46.645;22:31;0:34.061;1:25.036;1:40.582;299.7;Mitch EVANS;;LMP2;;JOTA Sport;Gibson;
38;1;8;3:53.171;0;;35.925;0;1:29.733;0;1:47.513;0;210.4;35:39.816;22:35;0:35.925;1:29.733;1:47.513;297.2;Mitch EVANS;;LMP2;;JOTA Sport;Gibson;
38;1;9;4:04.843;0;B;40.085;0;1:31.199;0;1:53.559;0;200.4;39:44.659;22:39;0:40.085;1:31.199;1:53.559;282.5;Mitch EVANS;;LMP2;;JOTA Sport;Gibson;
38;0;10;5:40.108;0;;2:24.878;0;1:30.139;0;1:45.091;0;144.3;45:24.767;22:45;2:24.878;1:30.139;1:45.091;298.8;Simon DOLAN;0:01:57.769;LMP2;;JOTA Sport;Gibson;
38;0;11;3:51.311;0;;38.243;0;1:28.219;0;1:44.849;0;212.1;49:16.078;22:49;0:38.243;1:28.219;1:44.849;294.8;Simon DOLAN;;LMP2;;JOTA Sport;Gibson;
38;0;12;3:47.584;0;;35.952;0;1:27.982;0;1:43.650;1;215.6;53:03.662;22:53;0:35.952;1:27.982;1:43.650;298.0;Simon DOLAN;;LMP2;;JOTA Sport;Gibson;
38;0;13;3:51.967;0;;35.341;1;1:27.290;1;1:49.336;0;211.5;56:55.629;22:56;0:35.341;1:27.290;1:49.336;297.2;Simon DOLAN;;LMP2;;JOTA Sport;Gibson;
38;0;14;8:02.000;0;B;35.405;0;2:32.368;0;4:54.227;0;101.8;1:04:57.629;23:04;0:35.405;2:32.368;4:54.227;290.0;Simon DOLAN;;LMP2;;JOTA Sport;Gibson;
38;2;15;25:50.004;0;;22:28.628;0;1:32.648;0;1:48.728;0;31.7;1:30:47.633;23:30;22:28.628;1:32.648;1:48.728;245.3;Oliver TURVEY;0:22:01.325;LMP2;;JOTA Sport;Gibson;
38;2;16;3:46.994;0;;35.194;0;1:28.069;0;1:43.731;0;216.1;1:34:34.627;23:34;0:35.194;1:28.069;1:43.731;294.8;Oliver TURVEY;;LMP2;;JOTA Sport;Gibson;
38;2;17;3:49.470;0;;34.671;0;1:26.091;0;1:48.708;0;213.8;1:38:24.097;23:38;0:34.671;1:26.091;1:48.708;298.0;Oliver TURVEY;;LMP2;;JOTA Sport;Gibson;
38;2;18;3:54.884;0;B;34.574;0;1:26.218;0;1:54.092;0;208.9;1:42:18.981;23:42;0:34.574;1:26.218;1:54.092;298.0;Oliver TURVEY;;LMP2;;JOTA Sport;Gibson;
38;2;19;6:04.471;0;;2:48.046;0;1:30.744;0;1:45.681;0;134.6;1:48:23.452;23:48;2:48.046;1:30.744;1:45.681;253.3;Oliver TURVEY;0:02:20.354;LMP2;;JOTA Sport;Gibson;
38;2;20;3:39.731;0;;33.817;2;1:24.682;2;1:41.232;0;223.3;1:52:03.183;23:52;0:33.817;1:24.682;1:41.232;297.2;Oliver TURVEY;;LMP2;;JOTA Sport;Gibson;
38;2;21;3:39.004;2;;33.850;0;1:24.726;0;1:40.428;2;224.0;1:55:42.187;23:55;0:33.850;1:24.726;1:40.428;300.5;Oliver TURVEY;;LMP2;;JOTA Sport;Gibson;
38;2;22;3:39.854;0;;34.292;0;1:25.062;0;1:40.500;0;223.2;1:59:22.041;23:59;0:34.292;1:25.062;1:40.500;300.5;Oliver TURVEY;;LMP2;;JOTA Sport;Gibson;
38;2;23;4:01.049;0;B;34.077;0;1:25.213;0;2:01.759;0;203.5;2:03:23.090;00:03;0:34.077;1:25.213;2:01.759;298.8;Oliver TURVEY;;LMP2;;JOTA Sport;Gibson;
4;1;1;4:51.845;0;;1:34.747;0;1:29.685;0;1:47.413;0;168.1;4:51.845;22:04;1:34.747;1:29.685;1:47.413;265.1;Pierre KAFFER;0:00:46.288;LMP1;;Team Bykolles;CLM;
4;1;2;3:45.808;0;;35.875;0;1:24.732;0;1:45.201;0;217.3;8:37.653;22:08;0:35.875;1:24.732;1:45.201;318.2;Pierre KAFFER;;LMP1;;Team Bykolles;CLM;
4;1;3;4:06.520;0;B;36.003;0;1:25.180;0;2:05.337;0;199.0;12:44.173;22:12;0:36.003;1:25.180;2:05.337;315.4;Pierre KAFFER;;LMP1;;Team Bykolles;CLM;
4;1;4;11:19.442;0;;8:05.916;0;1:25.694;0;1:47.832;0;72.2;24:03.615;22:24;8:05.916;1:25.694;1:47.832;306.5;Pierre KAFFER;0:07:50.228;LMP1;;Team Bykolles;CLM;
4;1;5;3:42.168;0;;35.677;0;1:24.610;0;1:41.881;2;220.8;27:45.783;22:27;0:35.677;1:24.610;1:41.881;312.7;Pierre KAFFER;;LMP1;;Team Bykolles;CLM;
4;1;6;3:40.368;2;;34.781;2;1:23.520;2;1:42.067;0;222.6;31:26.151;22:31;0:34.781;1:23.520;1:42.067;314.5;Pierre KAFFER;;LMP1;;Team Bykolles;CLM;
4;1;7;3:56.244;0;B;36.403;0;1:24.878;0;1:54.963;0;207.7;35:22.395;22:35;0:36.403;1:24.878;1:54.963;313.6;Pierre KAFFER;;LMP1;;Team Bykolles;CLM;
4;1;8;9:38.385;0;;6:27.472;0;1:25.375;0;1:45.538;0;84.8;45:00.780;22:45;6:27.472;1:25.375;1:45.538;312.7;Pierre KAFFER;0:05:59.099;LMP1;;Team Bykolles;CLM;
4;1;9;3:46.380;0;;35.021;0;1:25.938;0;1:45.421;0;216.7;48:47.160;22:48;0:35.021;1:25.938;1:45.421;305.6;Pierre KAFFER;;LMP1;;Team Bykolles;CLM;
4;1;10;3:53.825;0;B;35.012;0;1:24.547;0;1:54.266;0;209.8;52:40.985;22:52;0:35.012;1:24.547;1:54.266;317.2;Pierre KAFFER;;LMP1;;Team Bykolles;CLM;
4;0;11;8:35.844;0;B;3:28.700;0;1:30.385;0;3:36.759;0;95.1;1:01:16.829;23:01;3:28.700;1:30.385;3:36.759;312.7;Simon TRUMMER;0:02:51.995;LMP1;;Team Bykolles;CLM;
4;0;12;28:41.083;0;;25:18.690;0;1:30.310;0;1:52.083;0;28.5;1:29:57.912;23:29;25:18.690;1:30.310;1:52.083;310.0;Simon TRUMMER;0:24:49.270;LMP1;;Team Bykolles;CLM;
4;0;13;3:52.503;0;;36.965;0;1:28.070;0;1:47.468;0;211.0;1:33:50.415;23:33;0:36.965;1:28.070;1:47.468;317.2;Simon TRUMMER;;LMP1;;Team Bykolles;CLM;
4;0;14;3:49.166;0;;36.232;0;1:26.560;0;1:46.374;0;214.1;1:37:39.581;23:37;0:36.232;1:26.560;1:46.374;311.8;Simon TRUMMER;;LMP1;;Team Bykolles;CLM;
4;0;15;3:47.316;0;;35.882;0;1:26.193;0;1:45.241;1;215.8;1:41:26.897;23:41;0:35.882;1:26.193;1:45.241;310.0;Simon TRUMMER;;LMP1;;Team Bykolles;CLM;
4;0;16;3:54.357;0;B;35.621;1;1:25.499;1;1:53.237;0;209.4;1:45:21.254;23:45;0:35.621;1:25.499;1:53.237;310.9;Simon TRUMMER;;LMP1;;Team Bykolles;CLM;
4;2;17;6:28.237;0;;3:09.670;0;1:28.799;0;1:49.768;0;126.4;1:51:49.491;23:51;3:09.670;1:28.799;1:49.768;282.5;Tiago MONTEIRO;0:02:35.996;LMP1;;Team Bykolles;CLM;
4;2;18;3:52.507;0;;36.517;0;1:29.052;0;1:46.938;0;211.0;1:55:41.998;23:55;0:36.517;1:29.052;1:46.938;303.9;Tiago MONTEIRO;;LMP1;;Team Bykolles;CLM;
4;2;19;3:49.830;0;;37.001;0;1:25.932;0;1:46.897;1;213.5;1:59:31.828;23:59;0:37.001;1:25.932;1:46.897;311.8;Tiago MONTEIRO;;LMP1;;Team Bykolles;CLM;
4;2;20;4:08.962;0;B;35.725;1;1:25.851;1;2:07.386;0;197.1;2:03:40.790;00:03;0:35.725;1:25.851;2:07.386;311.8;Tiago MONTEIRO;;LMP1;;Team Bykolles;CLM;
40;1;1;4:25.592;0;;1:07.910;0;1:30.923;0;1:46.759;0;184.7;4:25.592;22:04;1:07.910;1:30.923;1:46.759;297.2;Nick JÖNSSON;0:00:30.503;LMP2;;Krohn Racing;Ligier;
40;1;2;3:50.173;0;;35.736;0;1:29.653;0;1:44.784;0;213.2;8:15.765;22:08;0:35.736;1:29.653;1:44.784;297.2;Nick JÖNSSON;;LMP2;;Krohn Racing;Ligier;
40;1;3;3:45.843;0;;35.021;2;1:27.083;0;1:43.739;0;217.3;12:01.608;22:12;0:35.021;1:27.083;1:43.739;300.5;Nick JÖNSSON;;LMP2;;Krohn Racing;Ligier;
40;1;4;4:13.086;0;B;36.158;0;1:26.523;2;2:10.405;0;193.9;16:14.694;22:16;0:36.158;1:26.523;2:10.405;298.8;Nick JÖNSSON;;LMP2;;Krohn Racing;Ligier;
40;1;5;7:12.106;0;;3:58.065;0;1:28.023;0;1:46.018;0;113.5;23:26.800;22:23;3:58.065;1:28.023;1:46.018;297.2;Nick JÖNSSON;0:03:46.304;LMP2;;Krohn Racing;Ligier;
40;1;6;3:46.323;0;;35.301;0;1:27.032;0;1:43.990;0;216.8;27:13.123;22:27;0:35.301;1:27.032;1:43.990;296.4;Nick JÖNSSON;;LMP2;;Krohn Racing;Ligier;
40;1;7;3:47.840;0;;35.170;0;1:27.823;0;1:44.847;0;215.3;31:00.963;22:31;0:35.170;1:27.823;1:44.847;298.8;Nick JÖNSSON;;LMP2;;Krohn Racing;Ligier;
40;1;8;3:44.899;2;;;0;;0;1:43.012;2;218.2;34:45.862;22:34;;;1:43.012;298.0;Nick JÖNSSON;;LMP2;;Krohn Racing;Ligier;
40;1;9;4:01.197;0;B;35.915;0;1:29.432;0;1:55.850;0;203.4;38:47.059;22:38;0:35.915;1:29.432;1:55.850;301.3;Nick JÖNSSON;;LMP2;;Krohn Racing;Ligier;
40;2;10;7:13.383;0;;3:50.287;0;1:32.118;0;1:50.978;0;113.2;46:00.442;22:46;3:50.287;1:32.118;1:50.978;294.8;João BARBOSA;0:03:19.598;LMP2;;Krohn Racing;Ligier;
40;2;11;3:52.810;0;;36.286;1;1:29.756;1;1:46.768;1;210.7;49:53.252;22:49;0:36.286;1:29.756;1:46.768;263.2;João BARBOSA;;LMP2;;Krohn Racing;Ligier;
40;2;12;4:03.597;0;B;36.873;0;1:30.229;0;1:56.495;0;201.4;53:56.849;22:53;0:36.873;1:30.229;1:56.495;295.6;João BARBOSA;;LMP2;;Krohn Racing;Ligier;
40;2;13;35:17.565;0;;31:51.387;0;1:34.547;0;1:51.631;0;23.2;1:29:14.414;23:29;31:51.387;1:34.547;1:51.631;268.4;João BARBOSA;0:31:19.190;LMP2;;Krohn Racing;Ligier;
40;2;14;4:04.584;0;B;36.998;0;1:29.991;0;1:57.595;0;200.6;1:33:18.998;23:33;0:36.998;1:29.991;1:57.595;296.4;João BARBOSA;;LMP2;;Krohn Racing;Ligier;
40;0;15;6:40.550;0;;3:10.055;0;1:36.294;0;1:54.201;0;122.5;1:39:59.548;23:39;3:10.055;1:36.294;1:54.201;293.2;Tracy KROHN;0:02:38.252;LMP2;;Krohn Racing;Ligier;
40;0;16;4:03.868;0;;38.118;0;1:34.312;0;1:51.438;0;201.2;1:44:03.416;23:44;0:38.118;1:34.312;1:51.438;294.0;Tracy KROHN;;LMP2;;Krohn Racing;Ligier;
40;0;17;4:04.537;0;;37.528;1;1:35.808;0;1:51.201;1;200.6;1:48:07.953;23:48;0:37.528;1:35.808;1:51.201;259.4;Tracy KROHN;;LMP2;;Krohn Racing;Ligier;
40;0;18;4:01.676;0;;38.274;0;1:31.059;0;1:52.343;0;203.0;1:52:09.629;23:52;0:38.274;1:31.059;1:52.343;297.2;Tracy KROHN;;LMP2;;Krohn Racing;Ligier;
40;0;19;4:01.683;0;;38.380;0;1:30.491;1;1:52.812;0;203.0;1:56:11.312;23:56;0:38.380;1:30.491;1:52.812;298.0;Tracy KROHN;;LMP2;;Krohn Racing;Ligier;
40;0;20;4:06.185;0;;40.704;0;1:32.145;0;1:53.336;0;199.3;2:00:17.497;00:00;0:40.704;1:32.145;1:53.336;296.4;Tracy KROHN;;LMP2;;Krohn Racing;Ligier;
41;2;1;4:00.266;0;;43.939;0;1:29.613;0;1:46.714;0;204.2;4:00.266;22:04;0:43.939;1:29.613;1:46.714;290.8;Jon LANCASTER;0:00:08.994;LMP2;;Greaves Motorsport;Gibson;
41;2;2;3:38.958;2;;34.007;2;1:25.581;0;1:39.370;2;224.1;7:39.224;22:07;0:34.007;1:25.581;1:39.370;297.2;Jon LANCASTER;;LMP2;;Greaves Motorsport;Gibson;
41;2;3;3:47.333;0;;35.571;0;1:27.306;0;1:44.456;0;215.8;11:26.557;22:11;0:35.571;1:27.306;1:44.456;299.7;Jon LANCASTER;;LMP2;;Greaves Motorsport;Gibson;
41;2;4;3:40.264;0;;34.259;0;1:25.488;0;1:40.517;0;222.8;15:06.821;22:15;0:34.259;1:25.488;1:40.517;300.5;Jon LANCASTER;;LMP2;;Greaves Motorsport;Gibson;
41;2;5;3:52.913;0;B;34.115;0;1:25.397;2;1:53.401;0;210.7;18:59.734;22:18;0:34.115;1:25.397;1:53.401;299.7;Jon LANCASTER;;LMP2;;Greaves Motorsport;Gibson;
41;1;6;9:42.982;0;;6:26.102;0;1:30.060;0;1:46.820;0;84.2;28:42.716;22:28;6:26.102;1:30.060;1:46.820;295.6;Gaëtan PALETOU;0:05:59.830;LMP2;;Greaves Motorsport;Gibson;
41;1;7;3:52.110;0;;35.763;0;1:28.301;0;1:48.046;0;211.4;32:34.826;22:32;0:35.763;1:28.301;1:48.046;298.0;Gaëtan PALETOU;;LMP2;;Greaves Motorsport;Gibson;
41;1;8;3:50.224;0;;36.080;0;1:29.075;0;1:45.069;0;213.1;36:25.050;22:36;0:36.080;1:29.075;1:45.069;294.8;Gaëtan PALETOU;;LMP2;;Greaves Motorsport;Gibson;
41;1;9;3:55.498;0;;37.475;0;1:33.845;0;1:44.178;0;208.3;40:20.548;22:40;0:37.475;1:33.845;1:44.178;276.0;Gaëtan PALETOU;;LMP2;;Greaves Motorsport;Gibson;
41;1;10;3:49.245;0;;35.117;0;1:27.496;0;1:46.632;0;214.0;44:09.793;22:44;0:35.117;1:27.496;1:46.632;296.4;Gaëtan PALETOU;;LMP2;;Greaves Motorsport;Gibson;
41;1;11;3:44.535;0;;34.790;0;1:26.888;0;1:42.857;0;218.5;47:54.328;22:47;0:34.790;1:26.888;1:42.857;295.6;Gaëtan PALETOU;;LMP2;;Greaves Motorsport;Gibson;
41;1;12;3:44.389;0;;35.432;0;1:26.860;1;1:42.097;1;218.7;51:38.717;22:51;0:35.432;1:26.860;1:42.097;297.2;Gaëtan PALETOU;;LMP2;;Greaves Motorsport;Gibson;
41;1;13;3:46.169;0;;34.674;1;1:27.392;0;1:44.103;0;216.9;55:24.886;22:55;0:34.674;1:27.392;1:44.103;297.2;Gaëtan PALETOU;;LMP2;;Greaves Motorsport;Gibson;
42;2;1;6:07.045;0;;2:45.750;0;1:30.436;0;1:50.859;0;133.7;6:07.045;22:06;2:45.750;1:30.436;1:50.859;290.8;Jonny KANE;0:02:10.575;LMP2;;Strakka Racing;Dome;
42;2;2;3:42.237;2;;34.599;2;1:26.119;2;1:41.519;2;220.8;9:49.282;22:09;0:34.599;1:26.119;1:41.519;294.8;Jonny KANE;;LMP2;;Strakka Racing;Dome;
42;2;3;3:59.544;0;;34.986;0;1:28.398;0;1:56.160;0;204.8;13:48.826;22:13;0:34.986;1:28.398;1:56.160;299.7;Jonny KANE;;LMP2;;Strakka Racing;Dome;
42;2;4;3:43.473;0;;34.742;0;1:26.444;0;1:42.287;0;219.6;17:32.299;22:17;0:34.742;1:26.444;1:42.287;299.7;Jonny KANE;;LMP2;;Strakka Racing;Dome;
42;2;5;3:55.171;0;B;34.911;0;1:27.460;0;1:52.800;0;208.6;21:27.470;22:21;0:34.911;1:27.460;1:52.800;295.6;Jonny KANE;;LMP2;;Strakka Racing;Dome;
42;2;6;12:49.074;0;;9:35.844;0;1:28.760;0;1:44.470;0;63.8;34:16.544;22:34;9:35.844;1:28.760;1:44.470;286.9;Jonny KANE;0:09:09.622;LMP2;;Strakka Racing;Dome;
42;2;7;3:52.361;0;;37.945;0;1:31.482;0;1:42.934;0;211.2;38:08.905;22:38;0:37.945;1:31.482;1:42.934;296.4;Jonny KANE;;LMP2;;Strakka Racing;Dome;
42;2;8;3:50.365;0;;38.689;0;1:29.208;0;1:42.468;0;213.0;41:59.270;22:41;0:38.689;1:29.208;1:42.468;290.8;Jonny KANE;;LMP2;;Strakka Racing;Dome;
42;2;9;3:48.121;0;;36.566;0;1:27.286;0;1:44.269;0;215.1;45:47.391;22:45;0:36.566;1:27.286;1:44.269;293.2;Jonny KANE;;LMP2;;Strakka Racing;Dome;
42;2;10;3:59.829;0;B;34.816;0;1:27.951;0;1:57.062;0;204.6;49:47.220;22:49;0:34.816;1:27.951;1:57.062;298.8;Jonny KANE;;LMP2;;Strakka Racing;Dome;
42;2;11;16:07.910;0;B;8:04.473;0;3:19.944;0;4:43.493;0;50.7;1:05:55.130;23:05;8:04.473;3:19.944;4:43.493;252.2;Jonny KANE;0:07:37.603;LMP2;;Strakka Racing;Dome;
42;0;12;25:06.752;0;;21:33.338;0;1:36.249;0;1:57.165;0;32.6;1:31:01.882;23:31;21:33.338;1:36.249;1:57.165;286.2;Nick LEVENTIS;0:21:04.303;LMP2;;Strakka Racing;Dome;
42;0;13;4:04.915;0;;39.187;0;1:32.665;0;1:53.063;1;200.3;1:35:06.797;23:35;0:39.187;1:32.665;1:53.063;290.8;Nick LEVENTIS;;LMP2;;Strakka Racing;Dome;
42;0;14;4:02.028;0;;37.283;1;1:31.655;0;1:53.090;0;202.7;1:39:08.825;23:39;0:37.283;1:31.655;1:53.090;291.6;Nick LEVENTIS;;LMP2;;Strakka Racing;Dome;
42;0;15;4:04.041;0;;38.633;0;1:31.793;0;1:53.615;0;201.0;1:43:12.866;23:43;0:38.633;1:31.793;1:53.615;292.4;Nick LEVENTIS;;LMP2;;Strakka Racing;Dome;
42;0;16;4:10.861;0;B;37.300;0;1:31.199;1;2:02.362;0;195.6;1:47:23.727;23:47;0:37.300;1:31.199;2:02.362;295.6;Nick LEVENTIS;;LMP2;;Strakka Racing;Dome;
42;1;17;5:51.798;0;;2:35.557;0;1:30.169;0;1:46.072;0;139.5;1:53:15.525;23:53;2:35.557;1:30.169;1:46.072;291.6;Danny WATTS;0:02:09.145;LMP2;;Strakka Racing;Dome;
42;1;18;3:48.217;0;;35.645;1;1:28.905;0;1:43.667;1;215.0;1:57:03.742;23:57;0:35.645;1:28.905;1:43.667;294.8;Danny WATTS;;LMP2;;Strakka Racing;Dome;
42;1;19;3:52.798;0;;36.854;0;1:28.612;1;1:47.332;0;210.8;2:00:56.540;00:00;0:36.854;1:28.612;1:47.332;291.6;Danny WATTS;;LMP2;;Strakka Racing;Dome;
43;0;1;4:30.999;0;;;0;;0;1:47.194;0;181.1;4:30.999;22:04;;;1:47.194;294.8;Pierre RAGUES;0:00:38.593;LMP2;;Team Sard Morand;Morgan;
43;0;2;3:43.914;0;;;0;;0;1:42.230;0;219.1;8:14.913;22:08;;;1:42.230;298.8;Pierre RAGUES;;LMP2;;Team Sard Morand;Morgan;
43;0;3;3:42.879;0;;;0;;0;1:41.794;1;220.1;11:57.792;22:11;;;1:41.794;299.7;Pierre RAGUES;;LMP2;;Team Sard Morand;Morgan;
43;0;4;3:43.178;0;;;0;;0;1:42.135;0;219.8;15:40.970;22:15;;;1:42.135;298.8;Pierre RAGUES;;LMP2;;Team Sard Morand;Morgan;
43;0;5;3:57.184;0;B;;0;;0;1:52.845;0;206.9;19:38.154;22:19;;;1:52.845;299.7;Pierre RAGUES;;LMP2;;Team Sard Morand;Morgan;
43;2;6;7:13.506;0;;;0;;0;1:48.674;0;113.2;26:51.660;22:26;;;1:48.674;298.0;Zoel AMBERG;0:03:26.139;LMP2;;Team Sard Morand;Morgan;
43;2;7;3:50.900;0;;;0;;0;1:46.651;0;212.5;30:42.560;22:30;;;1:46.651;302.2;Zoel AMBERG;;LMP2;;Team Sard Morand;Morgan;
43;2;8;3:44.923;0;;;0;;0;1:42.985;0;218.1;34:27.483;22:34;;;1:42.985;298.8;Zoel AMBERG;;LMP2;;Team Sard Morand;Morgan;
43;2;9;3:48.513;0;;;0;;0;1:44.950;0;214.7;38:15.996;22:38;;;1:44.950;301.3;Zoel AMBERG;;LMP2;;Team Sard Morand;Morgan;
43;2;10;3:56.475;0;B;35.732;0;1:29.055;0;1:51.688;0;207.5;42:12.471;22:42;0:35.732;1:29.055;1:51.688;303.9;Zoel AMBERG;;LMP2;;Team Sard Morand;Morgan;
43;2;11;47:12.222;0;;;0;;0;1:48.672;0;17.3;1:29:24.693;23:29;;;1:48.672;261.9;Zoel AMBERG;0:43:20.193;LMP2;;Team Sard Morand;Morgan;
43;2;12;3:45.737;0;;35.192;0;1:26.912;0;1:43.633;0;217.4;1:33:10.430;23:33;0:35.192;1:26.912;1:43.633;298.8;Zoel AMBERG;;LMP2;;Team Sard Morand;Morgan;
43;2;13;3:44.186;0;;34.741;2;1:26.151;2;1:43.294;0;218.9;1:36:54.616;23:36;0:34.741;1:26.151;1:43.294;298.8;Zoel AMBERG;;LMP2;;Team Sard Morand;Morgan;
43;2;14;3:42.015;2;;;0;;0;1:41.431;2;221.0;1:40:36.631;23:40;;;1:41.431;298.8;Zoel AMBERG;;LMP2;;Team Sard Morand;Morgan;
43;2;15;3:53.446;0;B;;0;;0;1:51.520;0;210.2;1:44:30.077;23:44;;;1:51.520;300.5;Zoel AMBERG;;LMP2;;Team Sard Morand;Morgan;
43;1;16;5:31.481;0;;;0;;0;1:47.273;0;148.0;1:50:01.558;23:50;;;1:47.273;257.0;Oliver WEBB;0:01:34.612;LMP2;;Team Sard Morand;Morgan;
43;1;17;3:45.804;0;;;0;;0;1:43.304;1;217.3;1:53:47.362;23:53;;;1:43.304;298.8;Oliver WEBB;;LMP2;;Team Sard Morand;Morgan;
43;1;18;3:48.045;0;;;0;;0;1:47.162;0;215.2;1:57:35.407;23:57;;;1:47.162;298.0;Oliver WEBB;;LMP2;;Team Sard Morand;Morgan;
43;1;19;3:49.363;0;;37.007;1;1:27.508;1;1:44.848;0;213.9;2:01:24.770;00:01;0:37.007;1:27.508;1:44.848;298.8;Oliver WEBB;;LMP2;;Team Sard Morand;Morgan;
45;0;1;4:01.595;0;;45.334;0;1:29.304;0;1:46.957;0;203.1;4:01.595;22:04;0:45.334;1:29.304;1:46.957;271.8;José IBANEZ;0:00:11.064;LMP2;;Ibanez Racing;Oreca;
45;0;2;3:45.350;2;;35.353;0;1:26.898;2;1:43.099;2;217.7;7:46.945;22:07;0:35.353;1:26.898;1:43.099;296.4;José IBANEZ;;LMP2;;Ibanez Racing;Oreca;
45;0;3;3:46.007;0;;35.105;1;1:27.018;0;1:43.884;0;217.1;11:32.952;22:11;0:35.105;1:27.018;1:43.884;295.6;José IBANEZ;;LMP2;;Ibanez Racing;Oreca;
45;0;4;3:46.907;0;;35.129;0;1:27.023;0;1:44.755;0;216.2;15:19.859;22:15;0:35.129;1:27.023;1:44.755;298.8;José IBANEZ;;LMP2;;Ibanez Racing;Oreca;
45;0;5;3:56.715;0;B;35.513;0;1:27.272;0;1:53.930;0;207.3;19:16.574;22:19;0:35.513;1:27.272;1:53.930;297.2;José IBANEZ;;LMP2;;Ibanez Racing;Oreca;
45;2;6;7:51.179;0;;4:21.783;0;1:37.070;0;1:52.326;0;104.1;27:07.753;22:27;4:21.783;1:37.070;1:52.326;292.4;Ivan BELLAROSA;0:03:51.375;LMP2;;Ibanez Racing;Oreca;
45;2;7;4:02.171;0;;35.684;0;1:32.368;0;1:54.119;0;202.6;31:09.924;22:31;0:35.684;1:32.368;1:54.119;294.8;Ivan BELLAROSA;;LMP2;;Ibanez Racing;Oreca;
45;2;8;3:58.569;0;;35.414;0;1:29.049;0;1:54.106;0;205.7;35:08.493;22:35;0:35.414;1:29.049;1:54.106;292.4;Ivan BELLAROSA;;LMP2;;Ibanez Racing;Oreca;
45;2;9;3:55.137;0;;35.743;0;1:30.487;0;1:48.907;0;208.7;39:03.630;22:39;0:35.743;1:30.487;1:48.907;293.2;Ivan BELLAROSA;;LMP2;;Ibanez Racing;Oreca;
45;2;10;4:00.704;0;;36.170;0;1:30.045;0;1:54.489;0;203.8;43:04.334;22:43;0:36.170;1:30.045;1:54.489;293.2;Ivan BELLAROSA;;LMP2;;Ibanez Racing;Oreca;
45;2;11;3:55.033;0;;38.340;0;1:29.678;0;1:47.015;0;208.8;46:59.367;22:46;0:38.340;1:29.678;1:47.015;294.0;Ivan BELLAROSA;;LMP2;;Ibanez Racing;Oreca;
45;2;12;4:20.086;0;B;39.593;0;1:33.523;0;2:06.970;0;188.6;51:19.453;22:51;0:39.593;1:33.523;2:06.970;261.9;Ivan BELLAROSA;;LMP2;;Ibanez Racing;Oreca;
45;1;13;6:14.431;0;;2:45.782;0;1:33.062;0;1:55.587;0;131.0;57:33.884;22:57;2:45.782;1:33.062;1:55.587;283.9;Pierre PERRET;0:02:16.111;LMP2;;Ibanez Racing;Oreca;
45;1;14;9:37.546;0;B;39.311;0;4:11.636;0;4:46.599;0;85.0;1:07:11.430;23:07;0:39.311;4:11.636;4:46.599;75.5;Pierre PERRET;;LMP2;;Ibanez Racing;Oreca;
45;1;15;23:15.907;0;;19:47.277;0;1:33.445;0;1:55.185;1;35.1;1:30:27.337;23:30;19:47.277;1:33.445;1:55.185;276.7;Pierre PERRET;0:19:12.145;LMP2;;Ibanez Racing;Oreca;
45;1;16;4:07.157;0;;39.125;0;1:32.338;1;1:55.694;0;198.5;1:34:34.494;23:34;0:39.125;1:32.338;1:55.694;278.1;Pierre PERRET;;LMP2;;Ibanez Racing;Oreca;
45;1;17;4:22.110;0;B;38.830;1;1:34.874;0;2:08.406;0;187.2;1:38:56.604;23:38;0:38.830;1:34.874;2:08.406;269.8;Pierre PERRET;;LMP2;;Ibanez Racing;Oreca;
45;2;18;5:40.000;0;;2:05.914;0;1:34.431;0;1:59.655;0;144.3;1:44:36.604;23:44;2:05.914;1:34.431;1:59.655;289.3;Ivan BELLAROSA;0:01:32.818;LMP2;;Ibanez Racing;Oreca;
45;2;19;3:51.262;0;;35.624;0;1:29.747;0;1:45.891;0;212.2;1:48:27.866;23:48;0:35.624;1:29.747;1:45.891;292.4;Ivan BELLAROSA;;LMP2;;Ibanez Racing;Oreca;
45;2;20;3:49.136;0;;34.876;0;1:28.786;0;1:45.474;1;214.1;1:52:17.002;23:52;0:34.876;1:28.786;1:45.474;292.4;Ivan BELLAROSA;;LMP2;;Ibanez Racing;Oreca;
45;2;21;4:02.797;0;;35.559;0;1:27.830;1;1:59.408;0;202.1;1:56:19.799;23:56;0:35.559;1:27.830;1:59.408;294.0;Ivan BELLAROSA;;LMP2;;Ibanez Racing;Oreca;
45;2;22;3:49.582;0;;34.760;2;1:28.051;0;1:46.771;0;213.7;2:00:09.381;00:00;0:34.760;1:28.051;1:46.771;295.6;Ivan BELLAROSA;;LMP2;;Ibanez Racing;Oreca;
46;2;1;4:16.358;0;;1:04.747;0;1:29.282;0;1:42.329;0;191.4;4:16.358;22:04;1:04.747;1:29.282;1:42.329;287.7;Tristan GOMMENDY;0:00:28.562;LMP2;;Thiriet By Tds Racing;Oreca;
46;2;2;3:49.423;0;B;34.622;0;1:26.063;0;1:48.738;0;213.9;8:05.781;22:08;0:34.622;1:26.063;1:48.738;303.0;Tristan GOMMENDY;;LMP2;;Thiriet By Tds Racing;Oreca;
46;2;3;5:21.667;0;;2:14.825;0;1:26.342;0;1:40.500;0;152.5;13:27.448;22:13;2:14.825;1:26.342;1:40.500;310.9;Tristan GOMMENDY;0:01:49.278;LMP2;;Thiriet By Tds Racing;Oreca;
46;2;4;3:43.729;0;;35.091;0;1:25.706;0;1:42.932;0;219.3;17:11.177;22:17;0:35.091;1:25.706;1:42.932;303.9;Tristan GOMMENDY;;LMP2;;Thiriet By Tds Racing;Oreca;
46;2;5;3:44.269;0;;35.013;0;1:26.175;0;1:43.081;0;218.8;20:55.446;22:20;0:35.013;1:26.175;1:43.081;306.5;Tristan GOMMENDY;;LMP2;;Thiriet By Tds Racing;Oreca;
46;2;6;3:40.784;0;;34.249;0;1:25.412;0;1:41.123;0;222.2;24:36.230;22:24;0:34.249;1:25.412;1:41.123;303.0;Tristan GOMMENDY;;LMP2;;Thiriet By Tds Racing;Oreca;
46;2;7;4:16.803;0;B;36.605;0;1:29.739;0;2:10.459;0;191.1;28:53.033;22:28;0:36.605;1:29.739;2:10.459;271.8;Tristan GOMMENDY;;LMP2;;Thiriet By Tds Racing;Oreca;
46;2;8;5:20.641;0;;2:10.556;0;1:27.027;0;1:43.058;0;153.0;34:13.674;22:34;2:10.556;1:27.027;1:43.058;300.5;Tristan GOMMENDY;0:01:45.687;LMP2;;Thiriet By Tds Racing;Oreca;
46;2;9;3:49.931;0;;36.230;0;1:28.080;0;1:45.621;0;213.4;38:03.605;22:38;0:36.230;1:28.080;1:45.621;301.3;Tristan GOMMENDY;;LMP2;;Thiriet By Tds Racing;Oreca;
46;2;10;3:39.923;2;;34.482;0;1:25.359;2;1:40.082;2;223.1;41:43.528;22:41;0:34.482;1:25.359;1:40.082;298.8;Tristan GOMMENDY;;LMP2;;Thiriet By Tds Racing;Oreca;
46;2;11;3:42.265;0;;34.033;2;1:25.639;0;1:42.593;0;220.7;45:25.793;22:45;0:34.033;1:25.639;1:42.593;307.3;Tristan GOMMENDY;;LMP2;;Thiriet By Tds Racing;Oreca;
46;2;12;4:03.641;0;B;37.756;0;1:28.160;0;1:57.725;0;201.4;49:29.434;22:49;0:37.756;1:28.160;1:57.725;303.9;Tristan GOMMENDY;;LMP2;;Thiriet By Tds Racing;Oreca;
46;0;13;10:00.399;0;B;6:07.907;0;1:28.665;0;2:23.827;0;81.7;59:29.833;22:59;6:07.907;1:28.665;2:23.827;298.0;Pierre THIRIET;0:05:42.710;LMP2;;Thiriet By Tds Racing;Oreca;
46;0;14;29:43.379;0;;26:27.742;0;1:29.996;0;1:45.641;0;27.5;1:29:13.212;23:29;26:27.742;1:29.996;1:45.641;294.0;Pierre THIRIET;0:26:00.421;LMP2;;Thiriet By Tds Racing;Oreca;
46;0;15;3:44.273;0;;35.375;0;1:26.502;0;1:42.396;0;218.8;1:32:57.485;23:32;0:35.375;1:26.502;1:42.396;298.8;Pierre THIRIET;;LMP2;;Thiriet By Tds Racing;Oreca;
46;0;16;3:43.604;0;;34.906;0;1:27.100;0;1:41.598;1;219.4;1:36:41.089;23:36;0:34.906;1:27.100;1:41.598;299.7;Pierre THIRIET;;LMP2;;Thiriet By Tds Racing;Oreca;
46;0;17;3:50.304;0;B;34.794;1;1:25.597;1;1:49.913;0;213.0;1:40:31.393;23:40;0:34.794;1:25.597;1:49.913;305.6;Pierre THIRIET;;LMP2;;Thiriet By Tds Racing;Oreca;
46;1;18;5:29.758;0;;2:15.973;0;1:27.792;0;1:45.993;0;148.8;1:46:01.151;23:46;2:15.973;1:27.792;1:45.993;306.5;Ludovic BADEY;0:01:50.252;LMP2;;Thiriet By Tds Racing;Oreca;
46;1;19;3:45.213;0;;35.693;0;1:26.623;0;1:42.897;0;217.9;1:49:46.364;23:49;0:35.693;1:26.623;1:42.897;299.7;Ludovic BADEY;;LMP2;;Thiriet By Tds Racing;Oreca;
46;1;20;3:44.719;0;;34.623;0;1:26.184;0;1:43.912;0;218.3;1:53:31.083;23:53;0:34.623;1:26.184;1:43.912;302.2;Ludovic BADEY;;LMP2;;Thiriet By Tds Racing;Oreca;
46;1;21;3:42.062;0;;34.487;1;1:26.028;0;1:41.547;1;220.9;1:57:13.145;23:57;0:34.487;1:26.028;1:41.547;304.7;Ludovic BADEY;;LMP2;;Thiriet By Tds Racing;Oreca;
46;1;22;3:43.889;0;;34.552;0;1:25.462;1;1:43.875;0;219.1;2:00:57.034;00:00;0:34.552;1:25.462;1:43.875;306.5;Ludovic BADEY;;LMP2;;Thiriet By Tds Racing;Oreca;
47;1;1;3:52.293;0;;41.970;0;1:27.882;0;1:42.441;0;211.2;3:52.293;22:03;0:41.970;1:27.882;1:42.441;294.0;Richard BRADLEY;0:00:08.012;LMP2;;KCMG;Oreca;
47;1;2;3:38.032;2;;34.284;0;1:24.639;1;1:39.109;2;225.0;7:30.325;22:07;0:34.284;1:24.639;1:39.109;303.0;Richard BRADLEY;;LMP2;;KCMG;Oreca;
47;1;3;3:39.860;0;;33.738;2;1:25.032;0;1:41.090;0;223.2;11:10.185;22:11;0:33.738;1:25.032;1:41.090;305.6;Richard BRADLEY;;LMP2;;KCMG;Oreca;
47;1;4;3:38.498;0;;33.976;0;1:24.693;0;1:39.829;0;224.6;14:48.683;22:14;0:33.976;1:24.693;1:39.829;303.9;Richard BRADLEY;;LMP2;;KCMG;Oreca;
47;1;5;3:54.482;0;B;34.859;0;1:26.315;0;1:53.308;0;209.2;18:43.165;22:18;0:34.859;1:26.315;1:53.308;302.2;Richard BRADLEY;;LMP2;;KCMG;Oreca;
47;2;6;5:07.883;0;;1:58.703;0;1:27.059;0;1:42.121;0;159.4;23:51.048;22:23;1:58.703;1:27.059;1:42.121;302.2;Nicolas LAPIERRE;0:01:33.066;LMP2;;KCMG;Oreca;
47;2;7;3:40.146;0;;34.494;0;1:25.170;0;1:40.482;0;222.9;27:31.194;22:27;0:34.494;1:25.170;1:40.482;303.0;Nicolas LAPIERRE;;LMP2;;KCMG;Oreca;
47;2;8;3:48.225;0;;35.026;0;1:26.724;0;1:46.475;0;215.0;31:19.419;22:31;0:35.026;1:26.724;1:46.475;302.2;Nicolas LAPIERRE;;LMP2;;KCMG;Oreca;
47;2;9;3:45.275;0;;34.551;0;1:25.495;0;1:45.229;0;217.8;35:04.694;22:35;0:34.551;1:25.495;1:45.229;301.3;Nicolas LAPIERRE;;LMP2;;KCMG;Oreca;
47;2;10;6:26.693;0;B;34.872;0;3:28.794;0;2:23.027;0;126.9;41:31.387;22:41;0:34.872;3:28.794;2:23.027;303.9;Nicolas LAPIERRE;;LMP2;;KCMG;Oreca;
47;2;11;11:18.152;0;;8:02.985;0;1:29.698;0;1:45.469;0;72.4;52:49.539;22:52;8:02.985;1:29.698;1:45.469;252.8;Nicolas LAPIERRE;0:07:41.373;LMP2;;KCMG;Oreca;
47;2;12;3:39.871;0;;35.017;0;1:25.368;0;1:39.486;1;223.2;56:29.410;22:56;0:35.017;1:25.368;1:39.486;303.9;Nicolas LAPIERRE;;LMP2;;KCMG;Oreca;
47;2;13;6:39.717;0;B;33.834;1;1:34.275;0;4:31.608;0;122.7;1:03:09.127;23:03;0:33.834;1:34.275;4:31.608;303.0;Nicolas LAPIERRE;;LMP2;;KCMG;Oreca;
47;2;14;28:23.824;0;;25:11.154;0;1:27.195;0;1:45.475;0;28.8;1:31:32.951;23:31;25:11.154;1:27.195;1:45.475;296.4;Nicolas LAPIERRE;0:24:45.516;LMP2;;KCMG;Oreca;
47;2;15;3:41.035;0;;34.368;0;1:25.121;0;1:41.546;0;222.0;1:35:13.986;23:35;0:34.368;1:25.121;1:41.546;302.2;Nicolas LAPIERRE;;LMP2;;KCMG;Oreca;
47;2;16;3:38.737;0;;34.131;0;1:24.523;2;1:40.083;0;224.3;1:38:52.723;23:38;0:34.131;1:24.523;1:40.083;303.9;Nicolas LAPIERRE;;LMP2;;KCMG;Oreca;
47;2;17;3:57.526;0;B;34.905;0;1:29.907;0;1:52.714;0;206.6;1:42:50.249;23:42;0:34.905;1:29.907;1:52.714;247.0;Nicolas LAPIERRE;;LMP2;;KCMG;Oreca;
47;0;18;5:00.348;0;;1:47.314;0;1:26.727;0;1:46.307;0;163.4;1:47:50.597;23:47;1:47.314;1:26.727;1:46.307;302.2;Matthew HOWSON;0:01:21.790;LMP2;;KCMG;Oreca;
47;0;19;3:46.045;0;;36.409;0;1:27.225;0;1:42.411;1;217.1;1:51:36.642;23:51;0:36.409;1:27.225;1:42.411;302.2;Matthew HOWSON;;LMP2;;KCMG;Oreca;
47;0;20;3:44.640;0;;34.827;0;1:25.848;0;1:43.965;0;218.4;1:55:21.282;23:55;0:34.827;1:25.848;1:43.965;303.0;Matthew HOWSON;;LMP2;;KCMG;Oreca;
47;0;21;3:42.452;0;;34.597;1;1:25.228;1;1:42.627;0;220.6;1:59:03.734;23:59;0:34.597;1:25.228;1:42.627;303.0;Matthew HOWSON;;LMP2;;KCMG;Oreca;
47;0;22;3:46.024;0;;35.713;0;1:25.755;0;1:44.556;0;217.1;2:02:49.758;00:02;0:35.713;1:25.755;1:44.556;302.2;Matthew HOWSON;;LMP2;;KCMG;Oreca;
48;2;1;1:39:09.729;0;;1:35:51.448;0;1:30.759;0;1:47.522;0;8.2;1:39:09.729;23:39;1:35:51.448;1:30.759;1:47.522;296.4;Nathanaël BERTHON;1:35:12.067;LMP2;;Murphy Prototypes;Oreca;
48;2;2;3:45.531;0;;35.581;0;1:25.857;2;1:44.093;0;217.6;1:42:55.260;23:42;0:35.581;1:25.857;1:44.093;300.5;Nathanaël BERTHON;;LMP2;;Murphy Prototypes;Oreca;
48;2;3;3:44.513;2;;34.878;2;1:26.980;0;1:42.655;2;218.5;1:46:39.773;23:46;0:34.878;1:26.980;1:42.655;302.2;Nathanaël BERTHON;;LMP2;;Murphy Prototypes;Oreca;
48;2;4;3:48.100;0;;34.962;0;1:26.570;0;1:46.568;0;215.1;1:50:27.873;23:50;0:34.962;1:26.570;1:46.568;303.0;Nathanaël BERTHON;;LMP2;;Murphy Prototypes;Oreca;
48;2;5;3:59.432;0;B;36.604;0;1:27.785;0;1:55.043;0;204.9;1:54:27.305;23:54;0:36.604;1:27.785;1:55.043;300.5;Nathanaël BERTHON;;LMP2;;Murphy Prototypes;Oreca;
50;1;1;5:12.749;0;B;1:34.170;0;1:36.409;0;2:02.170;0;156.9;5:12.749;22:05;1:34.170;1:36.409;2:02.170;265.8;Paolo RUBERTI;0:00:53.235;LMGTE Am;;Larbre Competition;Chevrolet;
50;1;2;9:25.843;0;B;5:49.451;0;1:34.646;0;2:01.746;0;86.7;14:38.592;22:14;5:49.451;1:34.646;2:01.746;287.7;Paolo RUBERTI;0:05:18.970;LMGTE Am;;Larbre Competition;Chevrolet;
50;1;3;11:23.365;0;;7:56.113;0;1:34.002;0;1:53.250;0;71.8;26:01.957;22:26;7:56.113;1:34.002;1:53.250;283.9;Paolo RUBERTI;0:07:27.209;LMGTE Am;;Larbre Competition;Chevrolet;
50;1;4;4:13.992;0;;41.462;0;1:33.031;0;1:59.499;0;193.2;30:15.949;22:30;0:41.462;1:33.031;1:59.499;287.7;Paolo RUBERTI;;LMGTE Am;;Larbre Competition;Chevrolet;
50;1;5;3:59.522;2;;37.546;2;1:31.887;2;1:50.089;2;204.8;34:15.471;22:34;0:37.546;1:31.887;1:50.089;290.0;Paolo RUBERTI;;LMGTE Am;;Larbre Competition;Chevrolet;
50;1;6;4:20.039;0;B;40.189;0;1:36.358;0;2:03.492;0;188.7;38:35.510;22:38;0:40.189;1:36.358;2:03.492;257.0;Paolo RUBERTI;;LMGTE Am;;Larbre Competition;Chevrolet;
50;2;7;7:37.095;0;;4:01.427;0;1:37.857;0;1:57.811;0;107.3;46:12.605;22:46;4:01.427;1:37.857;1:57.811;266.5;Kristian POULSEN;0:03:28.686;LMGTE Am;;Larbre Competition;Chevrolet;
50;2;8;4:10.298;0;;39.088;1;1:35.690;1;1:55.520;1;196.0;50:22.903;22:50;0:39.088;1:35.690;1:55.520;284.7;Kristian POULSEN;;LMGTE Am;;Larbre Competition;Chevrolet;
50;2;9;4:15.614;0;;40.254;0;1:37.017;0;1:58.343;0;191.9;54:38.517;22:54;0:40.254;1:37.017;1:58.343;287.7;Kristian POULSEN;;LMGTE Am;;Larbre Competition;Chevrolet;
50;2;10;4:56.209;0;B;41.116;0;1:37.233;0;2:37.860;0;165.6;59:34.726;22:59;0:41.116;1:37.233;2:37.860;260.0;Kristian POULSEN;;LMGTE Am;;Larbre Competition;Chevrolet;
50;0;11;31:25.660;0;;27:37.560;0;1:45.015;0;2:03.085;0;26.0;1:31:00.386;23:31;27:37.560;1:45.015;2:03.085;198.9;Gianluca RODA;0:27:00.786;LMGTE Am;;Larbre Competition;Chevrolet;
50;0;12;4:18.888;0;;42.782;0;1:38.284;0;1:57.822;0;189.5;1:35:19.274;23:35;0:42.782;1:38.284;1:57.822;252.8;Gianluca RODA;;LMGTE Am;;Larbre Competition;Chevrolet;
50;0;13;4:12.323;0;;39.367;0;1:36.463;0;1:56.493;0;194.5;1:39:31.597;23:39;0:39.367;1:36.463;1:56.493;279.5;Gianluca RODA;;LMGTE Am;;Larbre Competition;Chevrolet;
50;0;14;4:09.567;0;;39.035;1;1:35.198;1;1:55.334;1;196.6;1:43:41.164;23:43;0:39.035;1:35.198;1:55.334;283.9;Gianluca RODA;;LMGTE Am;;Larbre Competition;Chevrolet;
50;0;15;4:34.807;0;B;43.596;0;1:36.585;0;2:14.626;0;178.5;1:48:15.971;23:48;0:43.596;1:36.585;2:14.626;286.2;Gianluca RODA;;LMGTE Am;;Larbre Competition;Chevrolet;
50;2;16;14:34.366;0;;9:48.565;0;2:17.425;0;2:28.376;0;56.1;2:02:50.337;00:02;9:48.565;2:17.425;2:28.376;188.8;Kristian POULSEN;0:09:12.073;LMGTE Am;;Larbre Competition;Chevrolet;
51;0;1;5:25.329;0;;1:59.926;0;1:34.273;0;1:51.130;0;150.8;5:25.329;22:05;1:59.926;1:34.273;1:51.130;286.9;Gianmaria BRUNI;0:01:20.163;LMGTE Pro;;AF Corse;Ferrari;
51;0;2;3:56.481;0;;37.273;0;1:31.024;0;1:48.184;0;207.5;9:21.810;22:09;0:37.273;1:31.024;1:48.184;290.0;Gianmaria BRUNI;;LMGTE Pro;;AF Corse;Ferrari;
51;0;3;3:55.306;2;;37.186;2;1:30.537;2;1:47.583;2;208.5;13:17.116;22:13;0:37.186;1:30.537;1:47.583;290.8;Gianmaria BRUNI;;LMGTE Pro;;AF Corse;Ferrari;
51;0;4;4:11.356;0;B;37.620;0;1:31.912;0;2:01.824;0;195.2;17:28.472;22:17;0:37.620;1:31.912;2:01.824;292.4;Gianmaria BRUNI;;LMGTE Pro;;AF Corse;Ferrari;
51;0;5;6:48.925;0;;3:26.593;0;1:32.402;0;1:49.930;0;120.0;24:17.397;22:24;3:26.593;1:32.402;1:49.930;288.5;Gianmaria BRUNI;0:02:58.987;LMGTE Pro;;AF Corse;Ferrari;
51;0;6;4:01.720;0;;38.568;0;1:32.370;0;1:50.782;0;203.0;28:19.117;22:28;0:38.568;1:32.370;1:50.782;291.6;Gianmaria BRUNI;;LMGTE Pro;;AF Corse;Ferrari;
51;0;7;3:57.873;0;;37.441;0;1:31.402;0;1:49.030;0;206.3;32:16.990;22:32;0:37.441;1:31.402;1:49.030;289.3;Gianmaria BRUNI;;LMGTE Pro;;AF Corse;Ferrari;
51;0;8;4:14.130;0;B;38.162;0;1:33.443;0;2:02.525;0;193.1;36:31.120;22:36;0:38.162;1:33.443;2:02.525;289.3;Gianmaria BRUNI;;LMGTE Pro;;AF Corse;Ferrari;
51;2;9;5:47.303;0;;2:17.139;0;1:34.721;0;1:55.443;0;141.3;42:18.423;22:42;2:17.139;1:34.721;1:55.443;273.2;Giancarlo FISICHELLA;0:01:46.597;LMGTE Pro;;AF Corse;Ferrari;
51;2;10;4:01.533;0;;37.638;1;1:32.934;0;1:50.961;0;203.1;46:19.956;22:46;0:37.638;1:32.934;1:50.961;288.5;Giancarlo FISICHELLA;;LMGTE Pro;;AF Corse;Ferrari;
51;2;11;3:59.815;0;;37.660;0;1:32.048;1;1:50.107;1;204.6;50:19.771;22:50;0:37.660;1:32.048;1:50.107;290.0;Giancarlo FISICHELLA;;LMGTE Pro;;AF Corse;Ferrari;
51;2;12;4:14.080;0;B;39.389;0;1:34.162;0;2:00.529;0;193.1;54:33.851;22:54;0:39.389;1:34.162;2:00.529;287.7;Giancarlo FISICHELLA;;LMGTE Pro;;AF Corse;Ferrari;
51;2;13;8:11.878;0;B;2:11.633;0;1:34.431;0;4:25.814;0;99.7;1:02:45.729;23:02;2:11.633;1:34.431;4:25.814;293.2;Giancarlo FISICHELLA;0:01:44.068;LMGTE Pro;;AF Corse;Ferrari;
51;1;14;27:06.705;0;;23:37.121;0;1:35.156;0;1:54.428;0;30.2;1:29:52.434;23:29;23:37.121;1:35.156;1:54.428;276.7;Toni VILANDER;0:23:09.025;LMGTE Pro;;AF Corse;Ferrari;
51;1;15;4:03.536;0;;38.541;0;1:33.844;0;1:51.151;0;201.5;1:33:55.970;23:33;0:38.541;1:33.844;1:51.151;289.3;Toni VILANDER;;LMGTE Pro;;AF Corse;Ferrari;
51;1;16;4:00.681;0;;38.043;0;1:32.315;0;1:50.323;0;203.9;1:37:56.651;23:37;0:38.043;1:32.315;1:50.323;290.8;Toni VILANDER;;LMGTE Pro;;AF Corse;Ferrari;
51;1;17;4:00.375;0;;38.143;0;1:32.106;0;1:50.126;1;204.1;1:41:57.026;23:41;0:38.143;1:32.106;1:50.126;289.3;Toni VILANDER;;LMGTE Pro;;AF Corse;Ferrari;
51;1;18;4:02.812;0;;37.862;1;1:31.919;1;1:53.031;0;202.1;1:45:59.838;23:45;0:37.862;1:31.919;1:53.031;288.5;Toni VILANDER;;LMGTE Pro;;AF Corse;Ferrari;
51;1;19;4:18.309;0;B;39.542;0;1:38.614;0;2:00.153;0;189.9;1:50:18.147;23:50;0:39.542;1:38.614;2:00.153;261.3;Toni VILANDER;;LMGTE Pro;;AF Corse;Ferrari;
51;1;20;11:34.942;0;;7:48.364;0;1:44.509;0;2:02.069;0;70.6;2:01:53.089;00:01;7:48.364;1:44.509;2:02.069;243.6;Toni VILANDER;0:07:13.562;LMGTE Pro;;AF Corse;Ferrari;
53;0;1;5:32.950;0;;1:58.137;0;1:38.486;0;1:56.327;0;147.4;5:32.950;22:05;1:58.137;1:38.486;1:56.327;269.8;Jeroen BLEEKEMOLEN;0:01:16.293;LMGTE Am;;RILEY MOTORSPORTS-TI AUTO;Srt;
53;0;2;4:00.497;0;;37.724;0;1:32.292;0;1:50.481;0;204.0;9:33.447;22:09;0:37.724;1:32.292;1:50.481;288.5;Jeroen BLEEKEMOLEN;;LMGTE Am;;RILEY MOTORSPORTS-TI AUTO;Srt;
53;0;3;3:59.054;2;;37.521;0;1:31.554;0;1:49.979;2;205.2;13:32.501;22:13;0:37.521;1:31.554;1:49.979;290.0;Jeroen BLEEKEMOLEN;;LMGTE Am;;RILEY MOTORSPORTS-TI AUTO;Srt;
53;0;4;3:59.398;0;;37.470;2;1:31.522;2;1:50.406;0;204.9;17:31.899;22:17;0:37.470;1:31.522;1:50.406;289.3;Jeroen BLEEKEMOLEN;;LMGTE Am;;RILEY MOTORSPORTS-TI AUTO;Srt;
53;0;5;4:15.953;0;B;39.606;0;1:35.149;0;2:01.198;0;191.7;21:47.852;22:21;0:39.606;1:35.149;2:01.198;283.9;Jeroen BLEEKEMOLEN;;LMGTE Am;;RILEY MOTORSPORTS-TI AUTO;Srt;
53;1;6;6:56.706;0;;3:11.073;0;1:41.000;0;2:04.633;0;117.7;28:44.558;22:28;3:11.073;1:41.000;2:04.633;283.9;Ben KEATING;0:02:36.035;LMGTE Am;;RILEY MOTORSPORTS-TI AUTO;Srt;
53;1;7;4:12.002;0;;39.757;1;1:35.114;1;1:57.131;0;194.7;32:56.560;22:32;0:39.757;1:35.114;1:57.131;285.4;Ben KEATING;;LMGTE Am;;RILEY MOTORSPORTS-TI AUTO;Srt;
53;1;8;4:12.562;0;;41.879;0;1:35.127;0;1:55.556;0;194.3;37:09.122;22:37;0:41.879;1:35.127;1:55.556;285.4;Ben KEATING;;LMGTE Am;;RILEY MOTORSPORTS-TI AUTO;Srt;
53;1;9;4:13.109;0;;41.391;0;1:36.287;0;1:55.431;1;193.8;41:22.231;22:41;0:41.391;1:36.287;1:55.431;283.9;Ben KEATING;;LMGTE Am;;RILEY MOTORSPORTS-TI AUTO;Srt;
53;1;10;4:12.931;0;;40.455;0;1:36.035;0;1:56.441;0;194.0;45:35.162;22:45;0:40.455;1:36.035;1:56.441;282.5;Ben KEATING;;LMGTE Am;;RILEY MOTORSPORTS-TI AUTO;Srt;
53;1;11;4:24.731;0;B;40.689;0;1:35.432;0;2:08.610;0;185.3;49:59.893;22:49;0:40.689;1:35.432;2:08.610;285.4;Ben KEATING;;LMGTE Am;;RILEY MOTORSPORTS-TI AUTO;Srt;
53;2;12;5:37.766;0;;1:58.360;0;1:38.429;0;2:00.977;0;145.3;55:37.659;22:55;1:58.360;1:38.429;2:00.977;278.8;Marc MILLER;0:01:26.601;LMGTE Am;;RILEY MOTORSPORTS-TI AUTO;Srt;
53;2;13;5:54.037;0;B;40.611;0;1:34.818;1;3:38.608;0;138.6;1:01:31.696;23:01;0:40.611;1:34.818;3:38.608;286.2;Marc MILLER;;LMGTE Am;;RILEY MOTORSPORTS-TI AUTO;Srt;
53;2;14;30:00.660;0;;26:22.785;0;1:37.504;0;2:00.371;0;27.2;1:31:32.356;23:31;26:22.785;1:37.504;2:00.371;278.1;Marc MILLER;0:25:53.741;LMGTE Am;;RILEY MOTORSPORTS-TI AUTO;Srt;
53;2;15;4:12.413;0;;40.254;0;1:36.133;0;1:56.026;1;194.4;1:35:44.769;23:35;0:40.254;1:36.133;1:56.026;276.0;Marc MILLER;;LMGTE Am;;RILEY MOTORSPORTS-TI AUTO;Srt;
53;2;16;4:27.088;0;B;39.307;1;1:36.643;0;2:11.138;0;183.7;1:40:11.857;23:40;0:39.307;1:36.643;2:11.138;284.7;Marc MILLER;;LMGTE Am;;RILEY MOTORSPORTS-TI AUTO;Srt;
53;0;17;8:52.187;0;;5:21.554;0;1:36.425;0;1:54.208;0;92.2;1:49:04.044;23:49;5:21.554;1:36.425;1:54.208;281.0;Jeroen BLEEKEMOLEN;0:04:55.943;LMGTE Am;;RILEY MOTORSPORTS-TI AUTO;Srt;
53;0;18;4:05.439;0;;38.114;0;1:34.226;0;1:53.099;0;199.9;1:53:09.483;23:53;0:38.114;1:34.226;1:53.099;283.9;Jeroen BLEEKEMOLEN;;LMGTE Am;;RILEY MOTORSPORTS-TI AUTO;Srt;
53;0;19;4:03.354;0;;38.028;0;1:33.241;0;1:52.085;0;201.6;1:57:12.837;23:57;0:38.028;1:33.241;1:52.085;283.9;Jeroen BLEEKEMOLEN;;LMGTE Am;;RILEY MOTORSPORTS-TI AUTO;Srt;
53;0;20;4:19.807;0;B;38.556;0;1:33.147;0;2:08.104;0;188.8;2:01:32.644;00:01;0:38.556;1:33.147;2:08.104;283.9;Jeroen BLEEKEMOLEN;;LMGTE Am;;RILEY MOTORSPORTS-TI AUTO;Srt;
55;1;1;4:54.813;0;;1:27.722;0;1:34.491;0;1:52.600;0;166.4;4:54.813;22:04;1:27.722;1:34.491;1:52.600;283.9;Matt GRIFFIN;0:00:47.655;LMGTE Am;;AF Corse;Ferrari;
55;1;2;4:00.630;0;;38.082;0;1:32.040;0;1:50.508;0;203.9;8:55.443;22:08;0:38.082;1:32.040;1:50.508;289.3;Matt GRIFFIN;;LMGTE Am;;AF Corse;Ferrari;
55;1;3;3:59.619;0;;37.609;0;1:31.899;0;1:50.111;0;204.8;12:55.062;22:12;0:37.609;1:31.899;1:50.111;290.0;Matt GRIFFIN;;LMGTE Am;;AF Corse;Ferrari;
55;1;4;3:59.091;2;;37.600;2;1:31.455;2;1:50.036;2;205.2;16:54.153;22:16;0:37.600;1:31.455;1:50.036;291.6;Matt GRIFFIN;;LMGTE Am;;AF Corse;Ferrari;
55;1;5;4:12.433;0;B;39.069;0;1:32.829;0;2:00.535;0;194.4;21:06.586;22:21;0:39.069;1:32.829;2:00.535;291.6;Matt GRIFFIN;;LMGTE Am;;AF Corse;Ferrari;
55;0;6;10:12.859;0;;6:30.523;0;1:40.167;0;2:02.169;0;80.1;31:19.445;22:31;6:30.523;1:40.167;2:02.169;288.5;Duncan CAMERON;0:05:58.067;LMGTE Am;;AF Corse;Ferrari;
55;0;7;4:16.455;0;;41.215;0;1:36.154;0;1:59.086;0;191.3;35:35.900;22:35;0:41.215;1:36.154;1:59.086;262.6;Duncan CAMERON;;LMGTE Am;;AF Corse;Ferrari;
55;0;8;4:20.223;0;;45.067;0;1:37.759;0;1:57.397;0;188.5;39:56.123;22:39;0:45.067;1:37.759;1:57.397;267.1;Duncan CAMERON;;LMGTE Am;;AF Corse;Ferrari;
55;0;9;4:13.599;0;;40.692;0;1:35.627;0;1:57.280;0;193.5;44:09.722;22:44;0:40.692;1:35.627;1:57.280;286.2;Duncan CAMERON;;LMGTE Am;;AF Corse;Ferrari;
55;0;10;4:14.172;0;;39.506;1;1:36.725;0;1:57.941;0;193.0;48:23.894;22:48;0:39.506;1:36.725;1:57.941;286.2;Duncan CAMERON;;LMGTE Am;;AF Corse;Ferrari;
55;0;11;10:28.432;0;B;40.261;0;;0;;0;78.1;58:52.326;22:58;0:40.261;;;273.2;Duncan CAMERON;;LMGTE Am;;AF Corse;Ferrari;
55;2;12;31:12.561;0;;27:37.190;0;1:37.135;0;1:58.236;0;26.2;1:30:04.887;23:30;27:37.190;1:37.135;1:58.236;271.8;Alexander MORTIMER;0:27:10.974;LMGTE Am;;AF Corse;Ferrari;
55;2;13;4:14.249;0;;41.555;0;1:36.214;0;1:56.480;0;193.0;1:34:19.136;23:34;0:41.555;1:36.214;1:56.480;290.8;Alexander MORTIMER;;LMGTE Am;;AF Corse;Ferrari;
55;2;14;4:10.030;0;;39.452;0;1:34.020;0;1:56.558;0;196.2;1:38:29.166;23:38;0:39.452;1:34.020;1:56.558;290.0;Alexander MORTIMER;;LMGTE Am;;AF Corse;Ferrari;
55;2;15;4:11.922;0;;41.303;0;1:34.834;0;1:55.785;0;194.8;1:42:41.088;23:42;0:41.303;1:34.834;1:55.785;283.2;Alexander MORTIMER;;LMGTE Am;;AF Corse;Ferrari;
55;2;16;4:07.808;0;;39.087;0;1:33.802;1;1:54.919;1;198.0;1:46:48.896;23:46;0:39.087;1:33.802;1:54.919;288.5;Alexander MORTIMER;;LMGTE Am;;AF Corse;Ferrari;
55;2;17;4:14.649;0;B;38.977;1;1:33.880;0;2:01.792;0;192.7;1:51:03.545;23:51;0:38.977;1:33.880;2:01.792;287.7;Alexander MORTIMER;;LMGTE Am;;AF Corse;Ferrari;
55;0;18;5:59.188;0;;2:22.837;0;1:37.053;0;1:59.298;0;136.6;1:57:02.733;23:57;2:22.837;1:37.053;1:59.298;286.9;Duncan CAMERON;0:01:51.545;LMGTE Am;;AF Corse;Ferrari;
55;0;19;4:10.680;0;;39.620;0;1:34.474;1;1:56.586;1;195.7;2:01:13.413;00:01;0:39.620;1:34.474;1:56.586;289.3;Duncan CAMERON;;LMGTE Am;;AF Corse;Ferrari;
61;1;1;5:07.931;0;;1:37.903;0;1:34.709;0;1:55.319;0;159.3;5:07.931;22:05;1:37.903;1:34.709;1:55.319;290.8;Raffaele GIAMMARIA;0:00:56.906;LMGTE Am;;AF Corse;Ferrari;
61;1;2;4:00.936;0;;37.955;0;1:32.027;0;1:50.954;0;203.6;9:08.867;22:09;0:37.955;1:32.027;1:50.954;290.0;Raffaele GIAMMARIA;;LMGTE Am;;AF Corse;Ferrari;
61;1;3;3:59.725;0;;37.651;0;1:31.934;0;1:50.140;0;204.7;13:08.592;22:13;0:37.651;1:31.934;1:50.140;290.8;Raffaele GIAMMARIA;;LMGTE Am;;AF Corse;Ferrari;
61;1;4;4:16.670;0;B;38.783;0;1:34.762;0;2:03.125;0;191.2;17:25.262;22:17;0:38.783;1:34.762;2:03.125;286.9;Raffaele GIAMMARIA;;LMGTE Am;;AF Corse;Ferrari;
61;1;5;5:19.270;0;;1:52.899;0;1:33.647;0;1:52.724;0;153.7;22:44.532;22:22;1:52.899;1:33.647;1:52.724;290.8;Raffaele GIAMMARIA;0:01:24.580;LMGTE Am;;AF Corse;Ferrari;
61;1;6;3:58.894;0;;37.562;0;1:31.677;0;1:49.655;2;205.4;26:43.426;22:26;0:37.562;1:31.677;1:49.655;290.0;Raffaele GIAMMARIA;;LMGTE Am;;AF Corse;Ferrari;
61;1;7;3:59.478;0;;37.558;0;1:31.784;0;1:50.136;0;204.9;30:42.904;22:30;0:37.558;1:31.784;1:50.136;289.3;Raffaele GIAMMARIA;;LMGTE Am;;AF Corse;Ferrari;
61;1;8;3:58.478;2;;37.349;2;1:31.357;2;1:49.772;0;205.7;34:41.382;22:34;0:37.349;1:31.357;1:49.772;290.8;Raffaele GIAMMARIA;;LMGTE Am;;AF Corse;Ferrari;
61;1;9;4:15.464;0;B;37.678;0;1:35.213;0;2:02.573;0;192.1;38:56.846;22:38;0:37.678;1:35.213;2:02.573;283.2;Raffaele GIAMMARIA;;LMGTE Am;;AF Corse;Ferrari;
61;0;10;6:22.670;0;;2:27.749;0;1:43.115;0;2:11.806;0;128.2;45:19.516;22:45;2:27.749;1:43.115;2:11.806;273.2;Peter MANN;0:01:53.909;LMGTE Am;;AF Corse;Ferrari;
61;0;11;4:32.593;0;;44.619;0;1:41.265;0;2:06.709;0;180.0;49:52.109;22:49;0:44.619;1:41.265;2:06.709;264.5;Peter MANN;;LMGTE Am;;AF Corse;Ferrari;
61;0;12;4:23.078;0;;42.453;0;1:39.100;0;2:01.525;1;186.5;54:15.187;22:54;0:42.453;1:39.100;2:01.525;287.7;Peter MANN;;LMGTE Am;;AF Corse;Ferrari;
61;0;13;4:38.891;0;B;41.883;1;1:36.959;1;2:20.049;0;175.9;58:54.078;22:58;0:41.883;1:36.959;2:20.049;286.9;Peter MANN;;LMGTE Am;;AF Corse;Ferrari;
61;2;14;31:12.665;0;;27:39.601;0;1:36.722;0;1:56.342;0;26.2;1:30:06.743;23:30;27:39.601;1:36.722;1:56.342;291.6;Matteo CRESSONI;0:27:14.415;LMGTE Am;;AF Corse;Ferrari;
61;2;15;4:09.613;0;;40.076;0;1:34.947;0;1:54.590;0;196.6;1:34:16.356;23:34;0:40.076;1:34.947;1:54.590;271.8;Matteo CRESSONI;;LMGTE Am;;AF Corse;Ferrari;
61;2;16;4:07.563;0;;38.323;0;1:33.014;0;1:56.226;0;198.2;1:38:23.919;23:38;0:38.323;1:33.014;1:56.226;290.8;Matteo CRESSONI;;LMGTE Am;;AF Corse;Ferrari;
61;2;17;4:03.204;0;;38.050;0;1:32.550;0;1:52.604;0;201.7;1:42:27.123;23:42;0:38.050;1:32.550;1:52.604;289.3;Matteo CRESSONI;;LMGTE Am;;AF Corse;Ferrari;
61;2;18;4:02.544;0;;38.098;0;1:32.371;0;1:52.075;1;202.3;1:46:29.667;23:46;0:38.098;1:32.371;1:52.075;290.8;Matteo CRESSONI;;LMGTE Am;;AF Corse;Ferrari;
61;2;19;4:05.534;0;;38.437;0;1:33.414;0;1:53.683;0;199.8;1:50:35.201;23:50;0:38.437;1:33.414;1:53.683;292.4;Matteo CRESSONI;;LMGTE Am;;AF Corse;Ferrari;
61;2;20;4:02.952;0;;37.890;0;1:32.334;0;1:52.728;0;202.0;1:54:38.153;23:54;0:37.890;1:32.334;1:52.728;292.4;Matteo CRESSONI;;LMGTE Am;;AF Corse;Ferrari;
61;2;21;4:02.850;0;;38.109;0;1:32.398;0;1:52.343;0;202.0;1:58:41.003;23:58;0:38.109;1:32.398;1:52.343;292.4;Matteo CRESSONI;;LMGTE Am;;AF Corse;Ferrari;
61;2;22;4:03.316;0;;37.816;1;1:32.195;1;1:53.305;0;201.6;2:02:44.319;00:02;0:37.816;1:32.195;1:53.305;288.5;Matteo CRESSONI;;LMGTE Am;;AF Corse;Ferrari;
62;2;1;4:58.253;0;;1:29.705;0;1:33.549;0;1:54.999;0;164.5;4:58.253;22:04;1:29.705;1:33.549;1:54.999;290.8;Jeffrey SEGAL;0:00:50.116;LMGTE Am;;Scuderia Corsa;Ferrari;
62;2;2;3:59.807;0;;37.823;0;1:31.693;0;1:50.291;0;204.6;8:58.060;22:08;0:37.823;1:31.693;1:50.291;291.6;Jeffrey SEGAL;;LMGTE Am;;Scuderia Corsa;Ferrari;
62;2;3;3:58.998;0;;37.704;0;1:31.383;0;1:49.911;2;205.3;12:57.058;22:12;0:37.704;1:31.383;1:49.911;292.4;Jeffrey SEGAL;;LMGTE Am;;Scuderia Corsa;Ferrari;
62;2;4;3:58.946;2;;37.486;2;1:31.302;2;1:50.158;0;205.3;16:56.004;22:16;0:37.486;1:31.302;1:50.158;294.0;Jeffrey SEGAL;;LMGTE Am;;Scuderia Corsa;Ferrari;
62;2;5;4:09.547;0;;37.909;0;1:34.052;0;1:57.586;0;196.6;21:05.551;22:21;0:37.909;1:34.052;1:57.586;279.5;Jeffrey SEGAL;;LMGTE Am;;Scuderia Corsa;Ferrari;
62;2;6;4:09.655;0;B;37.676;0;1:32.573;0;1:59.406;0;196.5;25:15.206;22:25;0:37.676;1:32.573;1:59.406;288.5;Jeffrey SEGAL;;LMGTE Am;;Scuderia Corsa;Ferrari;
62;0;7;6:03.532;0;;2:20.011;0;1:39.787;0;2:03.734;0;135.0;31:18.738;22:31;2:20.011;1:39.787;2:03.734;270.4;William SWEEDLER;0:01:48.697;LMGTE Am;;Scuderia Corsa;Ferrari;
62;0;8;4:16.404;0;;41.416;0;1:36.154;0;1:58.834;0;191.4;35:35.142;22:35;0:41.416;1:36.154;1:58.834;263.9;William SWEEDLER;;LMGTE Am;;Scuderia Corsa;Ferrari;
62;0;9;4:22.814;0;;45.231;0;1:39.630;0;1:57.953;1;186.7;39:57.956;22:39;0:45.231;1:39.630;1:57.953;263.9;William SWEEDLER;;LMGTE Am;;Scuderia Corsa;Ferrari;
62;0;10;4:17.776;0;;40.879;0;1:36.558;0;2:00.339;0;190.3;44:15.732;22:44;0:40.879;1:36.558;2:00.339;288.5;William SWEEDLER;;LMGTE Am;;Scuderia Corsa;Ferrari;
62;0;11;4:25.180;0;B;40.430;1;1:35.947;1;2:08.803;0;185.0;48:40.912;22:48;0:40.430;1:35.947;2:08.803;289.3;William SWEEDLER;;LMGTE Am;;Scuderia Corsa;Ferrari;
62;1;12;6:55.506;0;;3:23.600;0;1:35.571;0;1:56.335;0;118.1;55:36.418;22:55;3:23.600;1:35.571;1:56.335;290.0;Townsend BELL;0:02:54.542;LMGTE Am;;Scuderia Corsa;Ferrari;
62;1;13;5:46.072;0;B;39.185;0;1:34.072;0;3:32.815;0;141.8;1:01:22.490;23:01;0:39.185;1:34.072;3:32.815;289.3;Townsend BELL;;LMGTE Am;;Scuderia Corsa;Ferrari;
62;1;14;28:29.465;0;;24:57.703;0;1:36.970;0;1:54.792;0;28.7;1:29:51.955;23:29;24:57.703;1:36.970;1:54.792;257.6;Townsend BELL;0:24:26.461;LMGTE Am;;Scuderia Corsa;Ferrari;
62;1;15;4:08.810;0;;38.744;0;1:35.299;0;1:54.767;0;197.2;1:34:00.765;23:34;0:38.744;1:35.299;1:54.767;291.6;Townsend BELL;;LMGTE Am;;Scuderia Corsa;Ferrari;
62;1;16;4:05.256;0;;38.631;0;1:33.290;0;1:53.335;0;200.1;1:38:06.021;23:38;0:38.631;1:33.290;1:53.335;292.4;Townsend BELL;;LMGTE Am;;Scuderia Corsa;Ferrari;
62;1;17;4:04.543;0;;38.455;0;1:33.477;0;1:52.611;0;200.6;1:42:10.564;23:42;0:38.455;1:33.477;1:52.611;291.6;Townsend BELL;;LMGTE Am;;Scuderia Corsa;Ferrari;
62;1;18;4:04.959;0;;38.781;0;1:33.421;0;1:52.757;0;200.3;1:46:15.523;23:46;0:38.781;1:33.421;1:52.757;288.5;Townsend BELL;;LMGTE Am;;Scuderia Corsa;Ferrari;
62;1;19;4:05.355;0;;38.320;0;1:33.290;0;1:53.745;0;200.0;1:50:20.878;23:50;0:38.320;1:33.290;1:53.745;286.9;Townsend BELL;;LMGTE Am;;Scuderia Corsa;Ferrari;
62;1;20;4:04.275;0;;38.594;0;1:33.277;0;1:52.404;0;200.9;1:54:25.153;23:54;0:38.594;1:33.277;1:52.404;287.7;Townsend BELL;;LMGTE Am;;Scuderia Corsa;Ferrari;
62;1;21;4:03.230;0;;38.032;1;1:33.339;0;1:51.859;1;201.7;1:58:28.383;23:58;0:38.032;1:33.339;1:51.859;287.7;Townsend BELL;;LMGTE Am;;Scuderia Corsa;Ferrari;
63;1;1;5:27.614;0;B;1:50.646;0;1:37.808;0;1:59.160;0;149.8;5:27.614;22:05;1:50.646;1:37.808;1:59.160;240.9;Antonio GARCIA;0:01:06.718;LMGTE Pro;;Corvette Racing - GM;Chevrolet;
63;1;2;5:54.997;0;;2:31.611;0;1:33.098;0;1:50.288;0;138.2;11:22.611;22:11;2:31.611;1:33.098;1:50.288;283.2;Antonio GARCIA;0:02:03.412;LMGTE Pro;;Corvette Racing - GM;Chevrolet;
63;1;3;3:56.677;0;;37.095;0;1:30.781;0;1:48.801;0;207.3;15:19.288;22:15;0:37.095;1:30.781;1:48.801;295.6;Antonio GARCIA;;LMGTE Pro;;Corvette Racing - GM;Chevrolet;
63;1;4;3:59.401;0;;38.392;0;1:31.012;0;1:49.997;0;204.9;19:18.689;22:19;0:38.392;1:31.012;1:49.997;289.3;Antonio GARCIA;;LMGTE Pro;;Corvette Racing - GM;Chevrolet;
63;1;5;4:08.193;0;B;37.109;0;1:32.321;0;1:58.763;0;197.7;23:26.882;22:23;0:37.109;1:32.321;1:58.763;298.8;Antonio GARCIA;;LMGTE Pro;;Corvette Racing - GM;Chevrolet;
63;1;6;5:48.135;0;;2:21.810;0;1:33.079;0;1:53.246;0;140.9;29:15.017;22:29;2:21.810;1:33.079;1:53.246;280.3;Antonio GARCIA;0:01:48.701;LMGTE Pro;;Corvette Racing - GM;Chevrolet;
63;1;7;3:55.963;2;;37.075;0;1:30.405;2;1:48.483;2;207.9;33:10.980;22:33;0:37.075;1:30.405;1:48.483;297.2;Antonio GARCIA;;LMGTE Pro;;Corvette Racing - GM;Chevrolet;
63;1;8;4:10.934;0;B;37.011;2;1:33.277;0;2:00.646;0;195.5;37:21.914;22:37;0:37.011;1:33.277;2:00.646;298.0;Antonio GARCIA;;LMGTE Pro;;Corvette Racing - GM;Chevrolet;
63;0;9;5:44.775;0;;2:16.137;0;1:36.027;0;1:52.611;0;142.3;43:06.689;22:43;2:16.137;1:36.027;1:52.611;258.2;Jan MAGNUSSEN;0:01:44.261;LMGTE Pro;;Corvette Racing - GM;Chevrolet;
63;0;10;4:04.049;0;;38.651;0;1:32.391;0;1:53.007;0;201.0;47:10.738;22:47;0:38.651;1:32.391;1:53.007;294.0;Jan MAGNUSSEN;;LMGTE Pro;;Corvette Racing - GM;Chevrolet;
63;0;11;4:01.627;0;;38.208;0;1:31.880;0;1:51.539;0;203.1;51:12.365;22:51;0:38.208;1:31.880;1:51.539;296.4;Jan MAGNUSSEN;;LMGTE Pro;;Corvette Racing - GM;Chevrolet;
63;0;12;4:03.144;0;;39.468;0;1:32.203;0;1:51.473;1;201.8;55:15.509;22:55;0:39.468;1:32.203;1:51.473;297.2;Jan MAGNUSSEN;;LMGTE Pro;;Corvette Racing - GM;Chevrolet;
63;0;13;5:02.787;0;B;37.710;1;1:31.539;1;2:53.538;0;162.0;1:00:18.296;23:00;0:37.710;1:31.539;2:53.538;294.8;Jan MAGNUSSEN;;LMGTE Pro;;Corvette Racing - GM;Chevrolet;
63;2;14;32:33.735;0;;28:59.223;0;1:39.369;0;1:55.143;0;25.1;1:32:52.031;23:32;28:59.223;1:39.369;1:55.143;287.7;Ryan BRISCOE;0:28:29.866;LMGTE Pro;;Corvette Racing - GM;Chevrolet;
63;2;15;4:08.156;0;;37.966;0;1:36.958;0;1:53.232;0;197.7;1:37:00.187;23:37;0:37.966;1:36.958;1:53.232;292.4;Ryan BRISCOE;;LMGTE Pro;;Corvette Racing - GM;Chevrolet;
63;2;16;4:03.450;0;;38.156;0;1:32.282;0;1:53.012;0;201.5;1:41:03.637;23:41;0:38.156;1:32.282;1:53.012;293.2;Ryan BRISCOE;;LMGTE Pro;;Corvette Racing - GM;Chevrolet;
63;2;17;4:03.295;0;;37.882;0;1:32.211;0;1:53.202;0;201.7;1:45:06.932;23:45;0:37.882;1:32.211;1:53.202;291.6;Ryan BRISCOE;;LMGTE Pro;;Corvette Racing - GM;Chevrolet;
63;2;18;4:00.766;0;;37.929;0;1:31.872;0;1:50.965;1;203.8;1:49:07.698;23:49;0:37.929;1:31.872;1:50.965;294.0;Ryan BRISCOE;;LMGTE Pro;;Corvette Racing - GM;Chevrolet;
63;2;19;4:28.601;0;B;37.731;1;1:31.805;1;2:19.065;0;182.7;1:53:36.299;23:53;0:37.731;1:31.805;2:19.065;296.4;Ryan BRISCOE;;LMGTE Pro;;Corvette Racing - GM;Chevrolet;
63;0;20;7:22.037;0;B;3:16.362;0;1:35.120;0;2:30.555;0;111.0;2:00:58.336;00:00;3:16.362;1:35.120;2:30.555;265.8;Jan MAGNUSSEN;0:03:03.699;LMGTE Pro;;Corvette Racing - GM;Chevrolet;
64;1;1;4:36.003;0;B;1:01.786;0;1:35.305;0;1:58.912;0;177.8;4:36.003;22:04;1:01.786;1:35.305;1:58.912;269.8;Tommy MILNER;0:00:19.133;LMGTE Pro;;Corvette Racing - GM;Chevrolet;
64;1;2;6:41.597;0;;3:17.030;0;1:32.747;0;1:51.820;0;122.2;11:17.600;22:11;3:17.030;1:32.747;1:51.820;282.5;Tommy MILNER;0:02:48.319;LMGTE Pro;;Corvette Racing - GM;Chevrolet;
64;1;3;3:57.573;0;;37.226;0;1:31.062;0;1:49.285;0;206.5;15:15.173;22:15;0:37.226;1:31.062;1:49.285;294.8;Tommy MILNER;;LMGTE Pro;;Corvette Racing - GM;Chevrolet;
64;1;4;3:57.081;2;;37.006;2;1:30.886;2;1:49.189;2;207.0;19:12.254;22:19;0:37.006;1:30.886;1:49.189;295.6;Tommy MILNER;;LMGTE Pro;;Corvette Racing - GM;Chevrolet;
64;1;5;4:10.902;0;B;38.467;0;1:33.756;0;1:58.679;0;195.6;23:23.156;22:23;0:38.467;1:33.756;1:58.679;294.8;Tommy MILNER;;LMGTE Pro;;Corvette Racing - GM;Chevrolet;
64;1;6;17:27.666;0;;14:01.875;0;1:34.372;0;1:51.419;0;46.8;40:50.822;22:40;14:01.875;1:34.372;1:51.419;267.8;Tommy MILNER;0:13:31.722;LMGTE Pro;;Corvette Racing - GM;Chevrolet;
64;1;7;4:01.392;0;;38.403;0;1:32.477;0;1:50.512;0;203.3;44:52.214;22:44;0:38.403;1:32.477;1:50.512;296.4;Tommy MILNER;;LMGTE Pro;;Corvette Racing - GM;Chevrolet;
64;1;8;4:01.710;0;;37.621;0;1:32.609;0;1:51.480;0;203.0;48:53.924;22:48;0:37.621;1:32.609;1:51.480;291.6;Tommy MILNER;;LMGTE Pro;;Corvette Racing - GM;Chevrolet;
64;1;9;3:59.434;0;;38.049;0;1:30.933;0;1:50.452;0;204.9;52:53.358;22:52;0:38.049;1:30.933;1:50.452;297.2;Tommy MILNER;;LMGTE Pro;;Corvette Racing - GM;Chevrolet;
64;1;10;4:00.029;0;;37.657;0;1:31.533;0;1:50.839;0;204.4;56:53.387;22:56;0:37.657;1:31.533;1:50.839;291.6;Tommy MILNER;;LMGTE Pro;;Corvette Racing - GM;Chevrolet;
64;1;11;8:04.945;0;B;37.320;0;2:37.936;0;4:49.689;0;101.2;1:04:58.332;23:04;0:37.320;2:37.936;4:49.689;279.5;Tommy MILNER;;LMGTE Pro;;Corvette Racing - GM;Chevrolet;
64;2;12;25:53.687;0;;22:20.085;0;1:37.310;0;1:56.292;0;31.6;1:30:52.019;23:30;22:20.085;1:37.310;1:56.292;249.3;Jordan TAYLOR;0:21:50.290;LMGTE Pro;;Corvette Racing - GM;Chevrolet;
64;2;13;4:03.320;0;;38.169;0;1:32.648;0;1:52.503;0;201.6;1:34:55.339;23:34;0:38.169;1:32.648;1:52.503;291.6;Jordan TAYLOR;;LMGTE Pro;;Corvette Racing - GM;Chevrolet;
64;2;14;4:01.758;0;;37.879;0;1:32.098;0;1:51.781;0;202.9;1:38:57.097;23:38;0:37.879;1:32.098;1:51.781;294.0;Jordan TAYLOR;;LMGTE Pro;;Corvette Racing - GM;Chevrolet;
64;2;15;4:04.562;0;;38.275;0;1:33.358;0;1:52.929;0;200.6;1:43:01.659;23:43;0:38.275;1:33.358;1:52.929;283.2;Jordan TAYLOR;;LMGTE Pro;;Corvette Racing - GM;Chevrolet;
64;2;16;4:00.739;0;;37.919;0;1:31.626;0;1:51.194;0;203.8;1:47:02.398;23:47;0:37.919;1:31.626;1:51.194;294.0;Jordan TAYLOR;;LMGTE Pro;;Corvette Racing - GM;Chevrolet;
64;2;17;3:59.631;0;;37.940;0;1:31.407;0;1:50.284;0;204.7;1:51:02.029;23:51;0:37.940;1:31.407;1:50.284;294.8;Jordan TAYLOR;;LMGTE Pro;;Corvette Racing - GM;Chevrolet;
64;2;18;3:59.153;0;;37.698;1;1:31.292;0;1:50.163;1;205.2;1:55:01.182;23:55;0:37.698;1:31.292;1:50.163;296.4;Jordan TAYLOR;;LMGTE Pro;;Corvette Racing - GM;Chevrolet;
64;2;19;4:02.495;0;;38.713;0;1:31.197;0;1:52.585;0;202.3;1:59:03.677;23:59;0:38.713;1:31.197;1:52.585;296.4;Jordan TAYLOR;;LMGTE Pro;;Corvette Racing - GM;Chevrolet;
64;2;20;3:59.059;0;;37.699;0;1:31.073;1;1:50.287;0;205.2;2:03:02.736;00:03;0:37.699;1:31.073;1:50.287;296.4;Jordan TAYLOR;;LMGTE Pro;;Corvette Racing - GM;Chevrolet;
66;1;1;4:35.442;0;;1:03.657;0;1:37.194;0;1:54.591;0;178.1;4:35.442;22:04;1:03.657;1:37.194;1:54.591;247.6;Jakub GIERMAZIAK;0:00:18.107;LMGTE Am;;JMW Motorsport;Ferrari;
66;1;2;4:12.949;0;B;38.938;0;1:32.614;0;2:01.397;0;194.0;8:48.391;22:08;0:38.938;1:32.614;2:01.397;290.8;Jakub GIERMAZIAK;;LMGTE Am;;JMW Motorsport;Ferrari;
66;1;3;5:37.627;0;;2:10.695;0;1:33.061;0;1:53.871;0;145.3;14:26.018;22:14;2:10.695;1:33.061;1:53.871;292.4;Jakub GIERMAZIAK;0:01:40.543;LMGTE Am;;JMW Motorsport;Ferrari;
66;1;4;4:00.632;0;;37.868;0;1:31.821;0;1:50.943;2;203.9;18:26.650;22:18;0:37.868;1:31.821;1:50.943;294.8;Jakub GIERMAZIAK;;LMGTE Am;;JMW Motorsport;Ferrari;
66;1;5;4:00.956;0;;37.598;2;1:31.996;0;1:51.362;0;203.6;22:27.606;22:22;0:37.598;1:31.996;1:51.362;291.6;Jakub GIERMAZIAK;;LMGTE Am;;JMW Motorsport;Ferrari;
66;1;6;4:18.630;0;B;38.433;0;1:32.972;0;2:07.225;0;189.7;26:46.236;22:26;0:38.433;1:32.972;2:07.225;289.3;Jakub GIERMAZIAK;;LMGTE Am;;JMW Motorsport;Ferrari;
66;1;7;6:47.096;0;;3:22.211;0;1:32.794;0;1:52.091;0;120.5;33:33.332;22:33;3:22.211;1:32.794;1:52.091;291.6;Jakub GIERMAZIAK;0:02:58.731;LMGTE Am;;JMW Motorsport;Ferrari;
66;1;8;4:00.551;2;;37.660;0;1:31.318;2;1:51.573;0;204.0;37:33.883;22:37;0:37.660;1:31.318;1:51.573;292.4;Jakub GIERMAZIAK;;LMGTE Am;;JMW Motorsport;Ferrari;
66;1;9;4:08.929;0;;40.127;0;1:34.389;0;1:54.413;0;197.1;41:42.812;22:41;0:40.127;1:34.389;1:54.413;290.0;Jakub GIERMAZIAK;;LMGTE Am;;JMW Motorsport;Ferrari;
66;1;10;4:17.388;0;B;39.478;0;1:32.939;0;2:04.971;0;190.6;46:00.200;22:46;0:39.478;1:32.939;2:04.971;290.8;Jakub GIERMAZIAK;;LMGTE Am;;JMW Motorsport;Ferrari;
66;2;11;6:29.054;0;;2:43.264;0;1:39.663;0;2:06.127;0;126.1;52:29.254;22:52;2:43.264;1:39.663;2:06.127;280.3;Michael AVENATTI;0:02:08.314;LMGTE Am;;JMW Motorsport;Ferrari;
66;2;12;4:26.511;0;;43.019;0;1:39.104;0;2:04.388;1;184.1;56:55.765;22:56;0:43.019;1:39.104;2:04.388;269.1;Michael AVENATTI;;LMGTE Am;;JMW Motorsport;Ferrari;
66;2;13;8:45.495;0;B;42.455;0;2:53.549;0;5:09.491;0;93.4;1:05:41.260;23:05;0:42.455;2:53.549;5:09.491;262.6;Michael AVENATTI;;LMGTE Am;;JMW Motorsport;Ferrari;
66;2;14;24:05.327;0;;20:17.955;0;1:42.753;0;2:04.619;0;33.9;1:29:46.587;23:29;20:17.955;1:42.753;2:04.619;238.3;Michael AVENATTI;0:19:45.302;LMGTE Am;;JMW Motorsport;Ferrari;
66;2;15;4:36.617;0;B;42.113;1;1:38.797;1;2:15.707;0;177.4;1:34:23.204;23:34;0:42.113;1:38.797;2:15.707;286.2;Michael AVENATTI;;LMGTE Am;;JMW Motorsport;Ferrari;
66;0;16;6:03.590;0;;2:31.252;0;1:36.309;0;1:56.029;0;134.9;1:40:26.794;23:40;2:31.252;1:36.309;1:56.029;273.2;Abdulaziz AL FAISAL;0:02:01.648;LMGTE Am;;JMW Motorsport;Ferrari;
66;0;17;4:09.587;0;;39.172;0;1:33.694;0;1:56.721;0;196.6;1:44:36.381;23:44;0:39.172;1:33.694;1:56.721;288.5;Abdulaziz AL FAISAL;;LMGTE Am;;JMW Motorsport;Ferrari;
66;0;18;4:11.327;0;;39.875;0;1:36.446;0;1:55.006;0;195.2;1:48:47.708;23:48;0:39.875;1:36.446;1:55.006;286.9;Abdulaziz AL FAISAL;;LMGTE Am;;JMW Motorsport;Ferrari;
66;0;19;4:07.082;0;;39.287;0;1:34.117;0;1:53.678;1;198.6;1:52:54.790;23:52;0:39.287;1:34.117;1:53.678;290.8;Abdulaziz AL FAISAL;;LMGTE Am;;JMW Motorsport;Ferrari;
66;0;20;4:06.493;0;;38.906;0;1:33.377;1;1:54.210;0;199.0;1:57:01.283;23:57;0:38.906;1:33.377;1:54.210;288.5;Abdulaziz AL FAISAL;;LMGTE Am;;JMW Motorsport;Ferrari;
66;0;21;4:14.370;0;B;38.831;1;1:33.814;0;2:01.725;0;192.9;2:01:15.653;00:01;0:38.831;1:33.814;2:01.725;290.0;Abdulaziz AL FAISAL;;LMGTE Am;;JMW Motorsport;Ferrari;
67;2;1;29:08.705;0;;25:38.353;0;1:35.426;0;1:54.926;0;28.1;29:08.705;22:29;25:38.353;1:35.426;1:54.926;281.7;Xavier MAASSEN;0:24:57.146;LMGTE Am;;Team AAI;Porsche;
67;2;2;4:05.442;0;;38.225;2;1:33.438;0;1:53.779;0;199.9;33:14.147;22:33;0:38.225;1:33.438;1:53.779;286.9;Xavier MAASSEN;;LMGTE Am;;Team AAI;Porsche;
67;2;3;4:04.827;2;;38.228;0;1:32.980;2;1:53.619;2;200.4;37:18.974;22:37;0:38.228;1:32.980;1:53.619;288.5;Xavier MAASSEN;;LMGTE Am;;Team AAI;Porsche;
67;2;4;4:06.885;0;;39.153;0;1:33.835;0;1:53.897;0;198.7;41:25.859;22:41;0:39.153;1:33.835;1:53.897;288.5;Xavier MAASSEN;;LMGTE Am;;Team AAI;Porsche;
67;2;5;4:17.406;0;B;38.547;0;1:37.108;0;2:01.751;0;190.6;45:43.265;22:45;0:38.547;1:37.108;2:01.751;282.5;Xavier MAASSEN;;LMGTE Am;;Team AAI;Porsche;
67;1;6;21:35.853;0;B;12:46.895;0;4:11.932;0;4:37.026;0;37.9;1:07:19.118;23:07;12:46.895;4:11.932;4:37.026;83.9;Alex KAPADIA;0:12:07.138;LMGTE Am;;Team AAI;Porsche;
67;0;7;24:27.317;0;;19:50.304;0;2:00.750;0;2:36.263;0;33.4;1:31:46.435;23:31;19:50.304;2:00.750;2:36.263;213.4;Jun-San CHEN;0:19:02.134;LMGTE Am;;Team AAI;Porsche;
67;0;8;4:41.719;0;;45.547;0;1:43.751;0;2:12.421;0;174.2;1:36:28.154;23:36;0:45.547;1:43.751;2:12.421;278.1;Jun-San CHEN;;LMGTE Am;;Team AAI;Porsche;
67;0;9;4:43.087;0;;45.388;1;1:43.934;0;2:13.765;0;173.3;1:41:11.241;23:41;0:45.388;1:43.934;2:13.765;277.4;Jun-San CHEN;;LMGTE Am;;Team AAI;Porsche;
67;0;10;4:36.081;0;;48.528;0;1:42.275;1;2:05.278;1;177.7;1:45:47.322;23:45;0:48.528;1:42.275;2:05.278;274.6;Jun-San CHEN;;LMGTE Am;;Team AAI;Porsche;
67;0;11;4:54.838;0;B;45.718;0;1:48.054;0;2:21.066;0;166.4;1:50:42.160;23:50;0:45.718;1:48.054;2:21.066;255.7;Jun-San CHEN;;LMGTE Am;;Team AAI;Porsche;
67;1;12;6:01.245;0;;2:19.702;0;1:38.875;0;2:02.668;0;135.8;1:56:43.405;23:56;2:19.702;1:38.875;2:02.668;248.1;Alex KAPADIA;0:01:41.580;LMGTE Am;;Team AAI;Porsche;
67;1;13;4:15.243;0;;40.645;1;1:36.117;1;1:58.481;1;192.2;2:00:58.648;00:00;0:40.645;1:36.117;1:58.481;281.7;Alex KAPADIA;;LMGTE Am;;Team AAI;Porsche;
68;0;1;5:14.466;0;;1:12.280;0;1:48.217;0;2:13.969;0;156.0;5:14.466;22:05;1:12.280;1:48.217;2:13.969;278.8;Han-Chen CHEN;0:00:15.874;LMGTE Am;;Team AAI;Porsche;
68;0;2;4:38.295;0;;45.382;0;1:41.122;0;2:11.791;0;176.3;9:52.761;22:09;0:45.382;1:41.122;2:11.791;235.7;Han-Chen CHEN;;LMGTE Am;;Team AAI;Porsche;
68;0;3;4:31.567;0;;44.069;1;1:40.190;1;2:07.308;1;180.7;14:24.328;22:14;0:44.069;1:40.190;2:07.308;283.2;Han-Chen CHEN;;LMGTE Am;;Team AAI;Porsche;
68;0;4;4:41.511;0;;49.728;0;1:41.308;0;2:10.475;0;174.3;19:05.839;22:19;0:49.728;1:41.308;2:10.475;285.4;Han-Chen CHEN;;LMGTE Am;;Team AAI;Porsche;
68;0;5;4:49.519;0;B;45.114;0;1:43.363;0;2:21.042;0;169.5;23:55.358;22:23;0:45.114;1:43.363;2:21.042;278.8;Han-Chen CHEN;;LMGTE Am;;Team AAI;Porsche;
68;1;6;7:27.487;0;;3:37.948;0;1:43.500;0;2:06.039;0;109.6;31:22.845;22:31;3:37.948;1:43.500;2:06.039;284.7;Gilles VANNELET;0:03:03.503;LMGTE Am;;Team AAI;Porsche;
68;1;7;4:16.973;0;;40.890;0;1:35.814;0;2:00.269;0;190.9;35:39.818;22:35;0:40.890;1:35.814;2:00.269;276.0;Gilles VANNELET;;LMGTE Am;;Team AAI;Porsche;
68;1;8;4:19.503;0;;42.689;0;1:38.016;0;1:58.798;0;189.1;39:59.321;22:39;0:42.689;1:38.016;1:58.798;288.5;Gilles VANNELET;;LMGTE Am;;Team AAI;Porsche;
68;1;9;4:15.329;0;;40.113;0;1:35.809;0;1:59.407;0;192.2;44:14.650;22:44;0:40.113;1:35.809;1:59.407;283.2;Gilles VANNELET;;LMGTE Am;;Team AAI;Porsche;
68;1;10;4:12.022;0;;39.668;0;1:35.029;1;1:57.325;1;194.7;48:26.672;22:48;0:39.668;1:35.029;1:57.325;289.3;Gilles VANNELET;;LMGTE Am;;Team AAI;Porsche;
68;1;11;4:57.645;0;B;39.455;1;1:35.689;0;2:42.501;0;164.8;53:24.317;22:53;0:39.455;1:35.689;2:42.501;291.6;Gilles VANNELET;;LMGTE Am;;Team AAI;Porsche;
68;2;12;12:38.331;0;B;4:30.713;0;3:26.308;0;4:41.310;0;64.7;1:06:02.648;23:06;4:30.713;3:26.308;4:41.310;148.8;Mike PARISY;0:04:30.787;LMGTE Am;;Team AAI;Porsche;
68;2;13;23:28.223;0;;19:49.896;0;1:36.520;0;2:01.807;0;34.8;1:29:30.871;23:29;19:49.896;1:36.520;2:01.807;283.9;Mike PARISY;0:19:19.055;LMGTE Am;;Team AAI;Porsche;
68;2;14;4:27.818;0;B;38.619;0;1:36.043;0;2:13.156;0;183.2;1:33:58.689;23:33;0:38.619;1:36.043;2:13.156;286.9;Mike PARISY;;LMGTE Am;;Team AAI;Porsche;
68;2;15;18:07.140;0;;14:35.685;0;1:34.928;0;1:56.527;0;45.1;1:52:05.829;23:52;14:35.685;1:34.928;1:56.527;286.9;Mike PARISY;0:14:05.498;LMGTE Am;;Team AAI;Porsche;
68;2;16;4:03.117;2;;38.275;2;1:32.384;2;1:52.458;2;201.8;1:56:08.946;23:56;0:38.275;1:32.384;1:52.458;290.0;Mike PARISY;;LMGTE Am;;Team AAI;Porsche;
68;2;17;4:09.031;0;;39.461;0;1:33.174;0;1:56.396;0;197.0;2:00:17.977;00:00;0:39.461;1:33.174;1:56.396;288.5;Mike PARISY;;LMGTE Am;;Team AAI;Porsche;
7;0;1;9:52.888;0;;6:54.259;0;1:22.747;0;1:35.882;0;82.8;9:52.888;22:09;6:54.259;1:22.747;1:35.882;310.0;Marcel FÄSSLER;0:06:21.350;LMP1;H;Audi Sport Team Joest;Audi;
7;0;2;3:28.719;0;;32.254;0;1:21.328;0;1:35.137;0;235.1;13:21.607;22:13;0:32.254;1:21.328;1:35.137;316.3;Marcel FÄSSLER;;LMP1;H;Audi Sport Team Joest;Audi;
7;0;3;3:25.683;0;;32.572;0;1:18.603;1;1:34.508;0;238.5;16:47.290;22:16;0:32.572;1:18.603;1:34.508;317.2;Marcel FÄSSLER;;LMP1;H;Audi Sport Team Joest;Audi;
7;0;4;3:23.194;0;;31.838;1;1:18.859;0;1:32.497;1;241.5;20:10.484;22:20;0:31.838;1:18.859;1:32.497;322.9;Marcel FÄSSLER;;LMP1;H;Audi Sport Team Joest;Audi;
7;0;5;3:37.604;0;B;31.971;0;1:19.477;0;1:46.156;0;225.5;23:48.088;22:23;0:31.971;1:19.477;1:46.156;330.8;Marcel FÄSSLER;;LMP1;H;Audi Sport Team Joest;Audi;
7;1;6;5:32.716;0;;2:39.751;0;1:19.361;0;1:33.604;1;147.5;29:20.804;22:29;2:39.751;1:19.361;1:33.604;330.8;André LOTTERER;0:02:19.766;LMP1;H;Audi Sport Team Joest;Audi;
7;1;7;3:31.148;0;;31.892;0;1:21.925;0;1:37.331;0;232.4;32:51.952;22:32;0:31.892;1:21.925;1:37.331;315.4;André LOTTERER;;LMP1;H;Audi Sport Team Joest;Audi;
7;1;8;3:27.654;0;;31.870;0;1:18.435;0;1:37.349;0;236.3;36:19.606;22:36;0:31.870;1:18.435;1:37.349;316.3;André LOTTERER;;LMP1;H;Audi Sport Team Joest;Audi;
7;1;9;3:32.515;0;;34.366;0;1:20.843;0;1:37.306;0;230.9;39:52.121;22:39;0:34.366;1:20.843;1:37.306;319.1;André LOTTERER;;LMP1;H;Audi Sport Team Joest;Audi;
7;1;10;3:29.597;0;B;31.803;1;1:18.331;1;1:39.463;0;234.1;43:21.718;22:43;0:31.803;1:18.331;1:39.463;319.1;André LOTTERER;;LMP1;H;Audi Sport Team Joest;Audi;
7;2;11;9:28.975;0;;6:31.670;0;1:20.769;0;1:36.536;0;86.2;52:50.693;22:52;6:31.670;1:20.769;1:36.536;333.9;Benoît TRÉLUYER;0:06:06.874;LMP1;H;Audi Sport Team Joest;Audi;
7;2;12;3:24.882;0;;33.359;0;1:18.936;0;1:32.587;0;239.5;56:15.575;22:56;0:33.359;1:18.936;1:32.587;318.2;Benoît TRÉLUYER;;LMP1;H;Audi Sport Team Joest;Audi;
7;2;13;9:43.293;0;B;31.709;0;4:32.888;0;4:38.696;0;84.1;1:05:58.868;23:05;0:31.709;4:32.888;4:38.696;315.4;Benoît TRÉLUYER;;LMP1;H;Audi Sport Team Joest;Audi;
7;2;14;22:53.989;0;;19:57.681;0;1:20.805;0;1:35.503;0;35.7;1:28:52.857;23:28;19:57.681;1:20.805;1:35.503;322.0;Benoît TRÉLUYER;0:19:30.148;LMP1;H;Audi Sport Team Joest;Audi;
7;2;15;3:22.928;0;;31.673;0;1:18.978;0;1:32.277;0;241.8;1:32:15.785;23:32;0:31.673;1:18.978;1:32.277;315.4;Benoît TRÉLUYER;;LMP1;H;Audi Sport Team Joest;Audi;
7;2;16;3:23.101;0;;31.403;2;1:17.609;0;1:34.089;0;241.6;1:35:38.886;23:35;0:31.403;1:17.609;1:34.089;315.4;Benoît TRÉLUYER;;LMP1;H;Audi Sport Team Joest;Audi;
7;2;17;3:26.091;0;;32.148;0;1:19.568;0;1:34.375;0;238.1;1:39:04.977;23:39;0:32.148;1:19.568;1:34.375;313.6;Benoît TRÉLUYER;;LMP1;H;Audi Sport Team Joest;Audi;
7;2;18;3:22.456;0;;31.459;0;1:18.334;0;1:32.663;0;242.3;1:42:27.433;23:42;0:31.459;1:18.334;1:32.663;313.6;Benoît TRÉLUYER;;LMP1;H;Audi Sport Team Joest;Audi;
7;2;19;3:26.358;0;;32.069;0;1:18.534;0;1:35.755;0;237.8;1:45:53.791;23:45;0:32.069;1:18.534;1:35.755;315.4;Benoît TRÉLUYER;;LMP1;H;Audi Sport Team Joest;Audi;
7;2;20;3:22.232;0;;32.010;0;1:18.045;0;1:32.177;2;242.6;1:49:16.023;23:49;0:32.010;1:18.045;1:32.177;311.8;Benoît TRÉLUYER;;LMP1;H;Audi Sport Team Joest;Audi;
7;2;21;3:21.839;2;;31.436;0;1:17.532;2;1:32.871;0;243.1;1:52:37.862;23:52;0:31.436;1:17.532;1:32.871;318.2;Benoît TRÉLUYER;;LMP1;H;Audi Sport Team Joest;Audi;
7;2;22;3:26.831;0;;31.488;0;1:18.773;0;1:36.570;0;237.2;1:56:04.693;23:56;0:31.488;1:18.773;1:36.570;306.5;Benoît TRÉLUYER;;LMP1;H;Audi Sport Team Joest;Audi;
7;2;23;3:23.065;0;;31.721;0;1:17.999;0;1:33.345;0;241.6;1:59:27.758;23:59;0:31.721;1:17.999;1:33.345;318.2;Benoît TRÉLUYER;;LMP1;H;Audi Sport Team Joest;Audi;
71;1;1;5:50.093;0;;2:21.012;0;1:32.949;0;1:56.132;0;140.1;5:50.093;22:05;2:21.012;1:32.949;1:56.132;287.7;James CALADO;0:01:44.285;LMGTE Pro;;AF Corse;Ferrari;
71;1;2;3:56.486;0;;37.255;0;1:30.277;2;1:48.954;0;207.5;9:46.579;22:09;0:37.255;1:30.277;1:48.954;292.4;James CALADO;;LMGTE Pro;;AF Corse;Ferrari;
71;1;3;4:07.106;0;B;37.799;0;1:33.083;0;1:56.224;0;198.6;13:53.685;22:13;0:37.799;1:33.083;1:56.224;297.2;James CALADO;;LMGTE Pro;;AF Corse;Ferrari;
71;1;4;5:00.336;0;;1:34.460;0;1:32.128;0;1:53.748;0;163.4;18:54.021;22:18;1:34.460;1:32.128;1:53.748;290.0;James CALADO;0:01:07.468;LMGTE Pro;;AF Corse;Ferrari;
71;1;5;3:56.498;0;;37.273;0;1:30.605;0;1:48.620;0;207.5;22:50.519;22:22;0:37.273;1:30.605;1:48.620;290.8;James CALADO;;LMGTE Pro;;AF Corse;Ferrari;
71;1;6;3:55.701;0;;36.939;2;1:30.344;0;1:48.418;2;208.2;26:46.220;22:26;0:36.939;1:30.344;1:48.418;291.6;James CALADO;;LMGTE Pro;;AF Corse;Ferrari;
71;1;7;4:12.834;0;B;38.630;0;1:31.977;0;2:02.227;0;194.1;30:59.054;22:30;0:38.630;1:31.977;2:02.227;292.4;James CALADO;;LMGTE Pro;;AF Corse;Ferrari;
71;0;8;5:44.331;0;;2:17.889;0;1:34.246;0;1:52.196;0;142.5;36:43.385;22:36;2:17.889;1:34.246;1:52.196;289.3;Davide RIGON;0:01:51.751;LMGTE Pro;;AF Corse;Ferrari;
71;0;9;4:04.437;0;;38.256;0;1:33.982;0;1:52.199;0;200.7;40:47.822;22:40;0:38.256;1:33.982;1:52.199;286.9;Davide RIGON;;LMGTE Pro;;AF Corse;Ferrari;
71;0;10;4:01.842;0;;37.673;0;1:32.583;0;1:51.586;0;202.9;44:49.664;22:44;0:37.673;1:32.583;1:51.586;287.7;Davide RIGON;;LMGTE Pro;;AF Corse;Ferrari;
71;0;11;4:01.802;0;;37.376;1;1:32.522;0;1:51.904;0;202.9;48:51.466;22:48;0:37.376;1:32.522;1:51.904;290.0;Davide RIGON;;LMGTE Pro;;AF Corse;Ferrari;
71;0;12;4:00.458;0;;37.592;0;1:31.822;1;1:51.044;1;204.0;52:51.924;22:52;0:37.592;1:31.822;1:51.044;289.3;Davide RIGON;;LMGTE Pro;;AF Corse;Ferrari;
71;0;13;4:11.112;0;B;38.013;0;1:33.426;0;1:59.673;0;195.4;57:03.036;22:57;0:38.013;1:33.426;1:59.673;288.5;Davide RIGON;;LMGTE Pro;;AF Corse;Ferrari;
71;2;14;11:28.560;0;B;2:05.570;0;4:32.535;0;4:50.455;0;71.3;1:08:31.596;23:08;2:05.570;4:32.535;4:50.455;77.4;Olivier BERETTA;0:01:22.692;LMGTE Pro;;AF Corse;Ferrari;
71;2;15;21:24.200;0;;17:52.445;0;1:35.284;0;1:56.471;0;38.2;1:29:55.796;23:29;17:52.445;1:35.284;1:56.471;261.9;Olivier BERETTA;0:17:24.749;LMGTE Pro;;AF Corse;Ferrari;
71;2;16;4:04.245;0;;38.415;0;1:33.384;0;1:52.446;0;200.9;1:34:00.041;23:34;0:38.415;1:33.384;1:52.446;291.6;Olivier BERETTA;;LMGTE Pro;;AF Corse;Ferrari;
71;2;17;4:01.252;0;;38.068;1;1:32.211;1;1:50.973;1;203.4;1:38:01.293;23:38;0:38.068;1:32.211;1:50.973;291.6;Olivier BERETTA;;LMGTE Pro;;AF Corse;Ferrari;
71;2;18;4:12.602;0;B;38.382;0;1:33.083;0;2:01.137;0;194.2;1:42:13.895;23:42;0:38.382;1:33.083;2:01.137;290.0;Olivier BERETTA;;LMGTE Pro;;AF Corse;Ferrari;
71;1;19;5:37.395;0;;2:09.153;0;1:36.259;0;1:51.983;0;145.4;1:47:51.290;23:47;2:09.153;1:36.259;1:51.983;290.0;James CALADO;0:01:42.911;LMGTE Pro;;AF Corse;Ferrari;
71;1;20;4:00.193;0;;38.055;0;1:32.186;0;1:49.952;0;204.3;1:51:51.483;23:51;0:38.055;1:32.186;1:49.952;290.0;James CALADO;;LMGTE Pro;;AF Corse;Ferrari;
71;1;21;3:58.234;0;;37.581;0;1:31.366;0;1:49.287;0;206.0;1:55:49.717;23:55;0:37.581;1:31.366;1:49.287;289.3;James CALADO;;LMGTE Pro;;AF Corse;Ferrari;
71;1;22;3:57.216;2;;37.166;0;1:30.948;0;1:49.102;0;206.8;1:59:46.933;23:59;0:37.166;1:30.948;1:49.102;289.3;James CALADO;;LMGTE Pro;;AF Corse;Ferrari;
71;1;23;4:19.365;0;B;37.527;0;1:32.735;0;2:09.103;0;189.2;2:04:06.298;00:04;0:37.527;1:32.735;2:09.103;286.9;James CALADO;;LMGTE Pro;;AF Corse;Ferrari;
72;1;1;5:30.831;0;;2:05.458;0;1:33.358;0;1:52.015;0;148.3;5:30.831;22:05;2:05.458;1:33.358;1:52.015;287.7;Andrea BERTOLINI;0:01:28.421;LMGTE Am;;SMP Racing;Ferrari;
72;1;2;3:58.181;0;;37.466;0;1:31.103;0;1:49.612;0;206.0;9:29.012;22:09;0:37.466;1:31.103;1:49.612;292.4;Andrea BERTOLINI;;LMGTE Am;;SMP Racing;Ferrari;
72;1;3;3:57.564;0;;37.162;0;1:30.831;2;1:49.571;0;206.5;13:26.576;22:13;0:37.162;1:30.831;1:49.571;294.8;Andrea BERTOLINI;;LMGTE Am;;SMP Racing;Ferrari;
72;1;4;4:08.997;0;B;38.462;0;1:31.697;0;1:58.838;0;197.0;17:35.573;22:17;0:38.462;1:31.697;1:58.838;293.2;Andrea BERTOLINI;;LMGTE Am;;SMP Racing;Ferrari;
72;1;5;5:55.704;0;;2:30.195;0;1:33.071;0;1:52.438;0;137.9;23:31.277;22:23;2:30.195;1:33.071;1:52.438;292.4;Andrea BERTOLINI;0:02:02.338;LMGTE Am;;SMP Racing;Ferrari;
72;1;6;3:57.271;2;;37.117;2;1:30.970;0;1:49.184;2;206.8;27:28.548;22:27;0:37.117;1:30.970;1:49.184;290.8;Andrea BERTOLINI;;LMGTE Am;;SMP Racing;Ferrari;
72;1;7;4:02.801;0;;37.304;0;1:32.610;0;1:52.887;0;202.1;31:31.349;22:31;0:37.304;1:32.610;1:52.887;294.0;Andrea BERTOLINI;;LMGTE Am;;SMP Racing;Ferrari;
72;1;8;4:15.750;0;B;38.755;0;1:35.195;0;2:01.800;0;191.8;35:47.099;22:35;0:38.755;1:35.195;2:01.800;263.2;Andrea BERTOLINI;;LMGTE Am;;SMP Racing;Ferrari;
72;0;9;5:47.980;0;;2:14.370;0;1:37.582;0;1:56.028;0;141.0;41:35.079;22:41;2:14.370;1:37.582;1:56.028;281.7;Victor SHAYTAR;0:01:43.803;LMGTE Am;;SMP Racing;Ferrari;
72;0;10;4:06.335;0;;38.857;0;1:33.887;0;1:53.591;0;199.2;45:41.414;22:45;0:38.857;1:33.887;1:53.591;288.5;Victor SHAYTAR;;LMGTE Am;;SMP Racing;Ferrari;
72;0;11;4:07.789;0;;38.886;0;1:33.541;0;1:55.362;0;198.0;49:49.203;22:49;0:38.886;1:33.541;1:55.362;290.0;Victor SHAYTAR;;LMGTE Am;;SMP Racing;Ferrari;
72;0;12;4:05.379;0;;38.765;0;1:34.342;0;1:52.272;1;200.0;53:54.582;22:53;0:38.765;1:34.342;1:52.272;290.8;Victor SHAYTAR;;LMGTE Am;;SMP Racing;Ferrari;
72;0;13;4:14.346;0;B;37.897;1;1:32.839;1;2:03.610;0;192.9;58:08.928;22:58;0:37.897;1:32.839;2:03.610;288.5;Victor SHAYTAR;;LMGTE Am;;SMP Racing;Ferrari;
72;2;14;33:33.531;0;;29:55.752;0;1:37.947;0;1:59.832;0;24.4;1:31:42.459;23:31;29:55.752;1:37.947;1:59.832;255.7;Aleksey BASOV;0:29:24.184;LMGTE Am;;SMP Racing;Ferrari;
72;2;15;4:13.111;0;;40.307;0;1:36.090;0;1:56.714;0;193.8;1:35:55.570;23:35;0:40.307;1:36.090;1:56.714;286.9;Aleksey BASOV;;LMGTE Am;;SMP Racing;Ferrari;
72;2;16;4:09.609;0;;39.309;1;1:34.661;0;1:55.639;1;196.6;1:40:05.179;23:40;0:39.309;1:34.661;1:55.639;289.3;Aleksey BASOV;;LMGTE Am;;SMP Racing;Ferrari;
72;2;17;4:18.824;0;B;39.878;0;1:34.800;0;2:04.146;0;189.6;1:44:24.003;23:44;0:39.878;1:34.800;2:04.146;289.3;Aleksey BASOV;;LMGTE Am;;SMP Racing;Ferrari;
72;2;18;6:20.157;0;B;2:38.390;0;1:34.094;1;2:07.673;0;129.1;1:50:44.160;23:50;2:38.390;1:34.094;2:07.673;293.2;Aleksey BASOV;0:02:09.870;LMGTE Am;;SMP Racing;Ferrari;
77;1;1;4:39.055;0;;1:11.013;0;1:33.390;0;1:54.652;0;175.8;4:39.055;22:04;1:11.013;1:33.390;1:54.652;283.2;Patrick LONG;0:00:33.092;LMGTE Am;;Dempsey - Proton Racing;Porsche;
77;1;2;3:59.148;0;;37.531;0;1:30.836;2;1:50.781;0;205.2;8:38.203;22:08;0:37.531;1:30.836;1:50.781;297.2;Patrick LONG;;LMGTE Am;;Dempsey - Proton Racing;Porsche;
77;1;3;3:58.822;2;;37.468;2;1:31.422;0;1:49.932;2;205.4;12:37.025;22:12;0:37.468;1:31.422;1:49.932;294.0;Patrick LONG;;LMGTE Am;;Dempsey - Proton Racing;Porsche;
77;1;4;3:59.590;0;;37.582;0;1:31.616;0;1:50.392;0;204.8;16:36.615;22:16;0:37.582;1:31.616;1:50.392;292.4;Patrick LONG;;LMGTE Am;;Dempsey - Proton Racing;Porsche;
77;1;5;4:16.653;0;B;37.627;0;1:31.528;0;2:07.498;0;191.2;20:53.268;22:20;0:37.627;1:31.528;2:07.498;291.6;Patrick LONG;;LMGTE Am;;Dempsey - Proton Racing;Porsche;
77;0;6;9:04.653;0;;5:23.492;0;1:40.624;0;2:00.537;0;90.1;29:57.921;22:29;5:23.492;1:40.624;2:00.537;290.8;Patrick DEMPSEY;0:04:56.140;LMGTE Am;;Dempsey - Proton Racing;Porsche;
77;0;7;4:13.941;0;;40.840;0;1:35.688;0;1:57.413;1;193.2;34:11.862;22:34;0:40.840;1:35.688;1:57.413;290.8;Patrick DEMPSEY;;LMGTE Am;;Dempsey - Proton Racing;Porsche;
77;0;8;4:16.210;0;;40.810;0;1:37.196;0;1:58.204;0;191.5;38:28.072;22:38;0:40.810;1:37.196;1:58.204;281.7;Patrick DEMPSEY;;LMGTE Am;;Dempsey - Proton Racing;Porsche;
77;0;9;4:15.503;0;;40.859;0;1:36.059;0;1:58.585;0;192.0;42:43.575;22:42;0:40.859;1:36.059;1:58.585;291.6;Patrick DEMPSEY;;LMGTE Am;;Dempsey - Proton Racing;Porsche;
77;0;10;4:13.485;0;;40.611;1;1:35.420;1;1:57.454;0;193.6;46:57.060;22:46;0:40.611;1:35.420;1:57.454;290.8;Patrick DEMPSEY;;LMGTE Am;;Dempsey - Proton Racing;Porsche;
77;0;11;4:14.781;0;;41.174;0;1:35.909;0;1:57.698;0;192.6;51:11.841;22:51;0:41.174;1:35.909;1:57.698;290.8;Patrick DEMPSEY;;LMGTE Am;;Dempsey - Proton Racing;Porsche;
77;0;12;4:14.726;0;;41.172;0;1:35.532;0;1:58.022;0;192.6;55:26.567;22:55;0:41.172;1:35.532;1:58.022;295.6;Patrick DEMPSEY;;LMGTE Am;;Dempsey - Proton Racing;Porsche;
77;0;13;5:53.641;0;B;40.820;0;1:36.563;0;3:36.258;0;138.7;1:01:20.208;23:01;0:40.820;1:36.563;3:36.258;266.5;Patrick DEMPSEY;;LMGTE Am;;Dempsey - Proton Racing;Porsche;
77;2;14;28:42.995;0;;25:07.474;0;1:36.741;0;1:58.780;0;28.5;1:30:03.203;23:30;25:07.474;1:36.741;1:58.780;283.2;Marco SEEFRIED;0:24:35.729;LMGTE Am;;Dempsey - Proton Racing;Porsche;
77;2;15;4:08.446;0;;39.014;0;1:34.388;0;1:55.044;0;197.5;1:34:11.649;23:34;0:39.014;1:34.388;1:55.044;288.5;Marco SEEFRIED;;LMGTE Am;;Dempsey - Proton Racing;Porsche;
77;2;16;4:06.996;0;;38.759;0;1:33.622;0;1:54.615;0;198.6;1:38:18.645;23:38;0:38.759;1:33.622;1:54.615;294.8;Marco SEEFRIED;;LMGTE Am;;Dempsey - Proton Racing;Porsche;
77;2;17;4:04.368;0;;38.464;0;1:33.110;0;1:52.794;0;200.8;1:42:23.013;23:42;0:38.464;1:33.110;1:52.794;286.9;Marco SEEFRIED;;LMGTE Am;;Dempsey - Proton Racing;Porsche;
77;2;18;4:06.108;0;;38.366;0;1:33.448;0;1:54.294;0;199.4;1:46:29.121;23:46;0:38.366;1:33.448;1:54.294;291.6;Marco SEEFRIED;;LMGTE Am;;Dempsey - Proton Racing;Porsche;
77;2;19;4:05.082;0;;38.734;0;1:33.069;0;1:53.279;0;200.2;1:50:34.203;23:50;0:38.734;1:33.069;1:53.279;292.4;Marco SEEFRIED;;LMGTE Am;;Dempsey - Proton Racing;Porsche;
77;2;20;4:03.592;0;;38.325;0;1:32.601;1;1:52.666;0;201.4;1:54:37.795;23:54;0:38.325;1:32.601;1:52.666;291.6;Marco SEEFRIED;;LMGTE Am;;Dempsey - Proton Racing;Porsche;
77;2;21;4:04.296;0;;38.135;1;1:33.620;0;1:52.541;1;200.8;1:58:42.091;23:58;0:38.135;1:33.620;1:52.541;290.8;Marco SEEFRIED;;LMGTE Am;;Dempsey - Proton Racing;Porsche;
77;2;22;4:05.666;0;;39.267;0;1:32.660;0;1:53.739;0;199.7;2:02:47.757;00:02;0:39.267;1:32.660;1:53.739;293.2;Marco SEEFRIED;;LMGTE Am;;Dempsey - Proton Racing;Porsche;
8;1;1;3:46.540;0;;50.625;0;1:22.178;0;1:33.737;0;216.6;3:46.540;22:03;0:50.625;1:22.178;1:33.737;327.8;Loïc DUVAL;0:00:16.672;LMP1;H;Audi Sport Team Joest;Audi;
8;1;2;3:19.866;2;;31.310;2;1:17.433;1;1:31.123;2;245.5;7:06.406;22:07;0:31.310;1:17.433;1:31.123;315.4;Loïc DUVAL;;LMP1;H;Audi Sport Team Joest;Audi;
8;1;3;3:22.792;0;;33.164;0;1:17.884;0;1:31.744;0;241.9;10:29.198;22:10;0:33.164;1:17.884;1:31.744;315.4;Loïc DUVAL;;LMP1;H;Audi Sport Team Joest;Audi;
8;1;4;3:22.159;0;;32.473;0;1:17.555;0;1:32.131;0;242.7;13:51.357;22:13;0:32.473;1:17.555;1:32.131;317.2;Loïc DUVAL;;LMP1;H;Audi Sport Team Joest;Audi;
8;1;5;3:38.330;0;B;31.977;0;1:20.985;0;1:45.368;0;224.7;17:29.687;22:17;0:31.977;1:20.985;1:45.368;337.0;Loïc DUVAL;;LMP1;H;Audi Sport Team Joest;Audi;
8;0;6;4:44.572;0;;1:51.812;0;1:18.849;0;1:33.911;0;172.4;22:14.259;22:22;1:51.812;1:18.849;1:33.911;332.9;Lucas DI GRASSI;0:01:30.374;LMP1;H;Audi Sport Team Joest;Audi;
8;0;7;3:23.015;0;;32.152;0;1:18.647;0;1:32.216;1;241.7;25:37.274;22:25;0:32.152;1:18.647;1:32.216;315.4;Lucas DI GRASSI;;LMP1;H;Audi Sport Team Joest;Audi;
8;0;8;3:29.023;0;;34.638;0;1:18.353;0;1:36.032;0;234.7;29:06.297;22:29;0:34.638;1:18.353;1:36.032;311.8;Lucas DI GRASSI;;LMP1;H;Audi Sport Team Joest;Audi;
8;0;9;3:25.990;0;;31.624;1;1:18.594;0;1:35.772;0;238.2;32:32.287;22:32;0:31.624;1:18.594;1:35.772;316.3;Lucas DI GRASSI;;LMP1;H;Audi Sport Team Joest;Audi;
8;0;10;3:29.860;0;B;31.724;0;1:17.424;2;1:40.712;0;233.8;36:02.147;22:36;0:31.724;1:17.424;1:40.712;331.8;Lucas DI GRASSI;;LMP1;H;Audi Sport Team Joest;Audi;
8;2;11;5:01.440;0;;2:00.608;0;1:21.788;0;1:39.044;0;162.8;41:03.587;22:41;2:00.608;1:21.788;1:39.044;312.7;Oliver JARVIS;0:01:32.800;LMP1;H;Audi Sport Team Joest;Audi;
8;2;12;3:29.721;0;;32.269;0;1:20.256;0;1:37.196;0;234.0;44:33.308;22:44;0:32.269;1:20.256;1:37.196;294.0;Oliver JARVIS;;LMP1;H;Audi Sport Team Joest;Audi;
8;2;13;3:23.684;0;;31.926;0;1:18.293;0;1:33.465;0;240.9;47:56.992;22:47;0:31.926;1:18.293;1:33.465;322.9;Oliver JARVIS;;LMP1;H;Audi Sport Team Joest;Audi;
8;2;14;3:24.923;0;;33.156;0;1:18.543;0;1:33.224;0;239.4;51:21.915;22:51;0:33.156;1:18.543;1:33.224;321.0;Oliver JARVIS;;LMP1;H;Audi Sport Team Joest;Audi;
8;2;15;3:31.931;0;;35.388;0;1:19.195;0;1:37.348;0;231.5;54:53.846;22:54;0:35.388;1:19.195;1:37.348;322.9;Oliver JARVIS;;LMP1;H;Audi Sport Team Joest;Audi;
8;2;16;3:39.874;0;B;32.137;0;1:22.026;0;1:45.711;0;223.1;58:33.720;22:58;0:32.137;1:22.026;1:45.711;288.5;Oliver JARVIS;;LMP1;H;Audi Sport Team Joest;Audi;
8;2;17;30:16.582;0;;27:19.354;0;1:22.736;0;1:34.492;0;27.0;1:28:50.302;23:28;27:19.354;1:22.736;1:34.492;274.6;Oliver JARVIS;0:26:53.010;LMP1;H;Audi Sport Team Joest;Audi;
8;2;18;3:23.242;0;;32.216;0;1:18.291;0;1:32.735;1;241.4;1:32:13.544;23:32;0:32.216;1:18.291;1:32.735;310.0;Oliver JARVIS;;LMP1;H;Audi Sport Team Joest;Audi;
8;2;19;3:24.941;0;;31.791;0;1:18.091;0;1:35.059;0;239.4;1:35:38.485;23:35;0:31.791;1:18.091;1:35.059;306.5;Oliver JARVIS;;LMP1;H;Audi Sport Team Joest;Audi;
8;2;20;3:30.078;0;;32.161;0;1:20.635;0;1:37.282;0;233.6;1:39:08.563;23:39;0:32.161;1:20.635;1:37.282;296.4;Oliver JARVIS;;LMP1;H;Audi Sport Team Joest;Audi;
8;2;21;3:25.418;0;;31.674;1;1:18.028;1;1:35.716;0;238.9;1:42:33.981;23:42;0:31.674;1:18.028;1:35.716;322.0;Oliver JARVIS;;LMP1;H;Audi Sport Team Joest;Audi;
8;2;22;3:25.649;0;;31.809;0;1:18.225;0;1:35.615;0;238.6;1:45:59.630;23:45;0:31.809;1:18.225;1:35.615;328.8;Oliver JARVIS;;LMP1;H;Audi Sport Team Joest;Audi;
8;2;23;4:02.921;0;B;34.100;0;1:33.212;0;1:55.609;0;202.0;1:50:02.551;23:50;0:34.100;1:33.212;1:55.609;243.1;Oliver JARVIS;;LMP1;H;Audi Sport Team Joest;Audi;
8;2;24;6:18.465;0;B;3:00.987;0;1:28.291;0;1:49.187;0;129.6;1:56:21.016;23:56;3:00.987;1:28.291;1:49.187;272.5;Oliver JARVIS;0:02:39.841;LMP1;H;Audi Sport Team Joest;Audi;
8;2;25;6:03.121;0;B;2:38.643;0;1:29.749;0;1:54.729;0;135.1;2:02:24.137;00:02;2:38.643;1:29.749;1:54.729;276.0;Oliver JARVIS;0:02:12.738;LMP1;H;Audi Sport Team Joest;Audi;
83;1;1;5:26.214;0;;2:00.669;0;1:34.231;0;1:51.314;0;150.4;5:26.214;22:05;2:00.669;1:34.231;1:51.314;278.1;Emmanuel COLLARD;0:01:23.133;LMGTE Am;;AF Corse;Ferrari;
83;1;2;3:56.859;0;;37.420;0;1:30.543;0;1:48.896;0;207.1;9:23.073;22:09;0:37.420;1:30.543;1:48.896;296.4;Emmanuel COLLARD;;LMGTE Am;;AF Corse;Ferrari;
83;1;3;3:56.723;2;;37.452;0;1:30.425;0;1:48.846;2;207.3;13:19.796;22:13;0:37.452;1:30.425;1:48.846;295.6;Emmanuel COLLARD;;LMGTE Am;;AF Corse;Ferrari;
83;1;4;4:07.552;0;B;37.373;2;1:30.356;2;1:59.823;0;198.2;17:27.348;22:17;0:37.373;1:30.356;1:59.823;294.8;Emmanuel COLLARD;;LMGTE Am;;AF Corse;Ferrari;
83;0;5;6:32.312;0;;3:00.435;0;1:35.881;0;1:55.996;0;125.1;23:59.660;22:23;3:00.435;1:35.881;1:55.996;286.9;François PERRODO;0:02:30.906;LMGTE Am;;AF Corse;Ferrari;
83;0;6;4:09.078;0;;39.311;0;1:35.205;0;1:54.562;0;197.0;28:08.738;22:28;0:39.311;1:35.205;1:54.562;289.3;François PERRODO;;LMGTE Am;;AF Corse;Ferrari;
83;0;7;4:06.699;0;;38.762;1;1:34.390;0;1:53.547;0;198.9;32:15.437;22:32;0:38.762;1:34.390;1:53.547;287.7;François PERRODO;;LMGTE Am;;AF Corse;Ferrari;
83;0;8;4:09.414;0;;39.071;0;1:36.055;0;1:54.288;0;196.7;36:24.851;22:36;0:39.071;1:36.055;1:54.288;286.9;François PERRODO;;LMGTE Am;;AF Corse;Ferrari;
83;0;9;4:10.555;0;;39.829;0;1:36.780;0;1:53.946;0;195.8;40:35.406;22:40;0:39.829;1:36.780;1:53.946;286.9;François PERRODO;;LMGTE Am;;AF Corse;Ferrari;
83;0;10;4:11.318;0;;38.994;0;1:34.813;0;1:57.511;0;195.2;44:46.724;22:44;0:38.994;1:34.813;1:57.511;286.2;François PERRODO;;LMGTE Am;;AF Corse;Ferrari;
83;0;11;4:07.923;0;;39.519;0;1:35.016;0;1:53.388;1;197.9;48:54.647;22:48;0:39.519;1:35.016;1:53.388;262.6;François PERRODO;;LMGTE Am;;AF Corse;Ferrari;
83;0;12;4:07.418;0;;40.077;0;1:33.598;1;1:53.743;0;198.3;53:02.065;22:53;0:40.077;1:33.598;1:53.743;291.6;François PERRODO;;LMGTE Am;;AF Corse;Ferrari;
83;0;13;4:07.899;0;;39.468;0;1:34.044;0;1:54.387;0;197.9;57:09.964;22:57;0:39.468;1:34.044;1:54.387;287.7;François PERRODO;;LMGTE Am;;AF Corse;Ferrari;
83;0;14;8:35.493;0;B;39.199;0;3:15.700;0;4:40.594;0;95.2;1:05:45.457;23:05;0:39.199;3:15.700;4:40.594;253.3;François PERRODO;;LMGTE Am;;AF Corse;Ferrari;
83;2;15;24:19.756;0;;20:44.636;0;1:39.180;0;1:55.940;0;33.6;1:30:05.213;23:30;20:44.636;1:39.180;1:55.940;290.8;Rui AGUAS;0:20:17.196;LMGTE Am;;AF Corse;Ferrari;
83;2;16;4:08.140;0;;39.432;0;1:34.115;0;1:54.593;0;197.7;1:34:13.353;23:34;0:39.432;1:34.115;1:54.593;290.8;Rui AGUAS;;LMGTE Am;;AF Corse;Ferrari;
83;2;17;4:03.473;0;;38.354;0;1:32.866;0;1:52.253;0;201.5;1:38:16.826;23:38;0:38.354;1:32.866;1:52.253;292.4;Rui AGUAS;;LMGTE Am;;AF Corse;Ferrari;
83;2;18;4:03.146;0;;38.210;0;1:32.665;0;1:52.271;0;201.8;1:42:19.972;23:42;0:38.210;1:32.665;1:52.271;289.3;Rui AGUAS;;LMGTE Am;;AF Corse;Ferrari;
83;2;19;4:02.930;0;;38.311;0;1:32.830;0;1:51.789;0;202.0;1:46:22.902;23:46;0:38.311;1:32.830;1:51.789;289.3;Rui AGUAS;;LMGTE Am;;AF Corse;Ferrari;
83;2;20;4:04.297;0;;38.602;0;1:32.542;0;1:53.153;0;200.8;1:50:27.199;23:50;0:38.602;1:32.542;1:53.153;290.8;Rui AGUAS;;LMGTE Am;;AF Corse;Ferrari;
83;2;21;4:01.373;0;;38.208;0;1:32.531;0;1:50.634;1;203.3;1:54:28.572;23:54;0:38.208;1:32.531;1:50.634;290.8;Rui AGUAS;;LMGTE Am;;AF Corse;Ferrari;
83;2;22;4:07.490;0;B;37.927;1;1:32.215;1;1:57.348;0;198.2;1:58:36.062;23:58;0:37.927;1:32.215;1:57.348;290.8;Rui AGUAS;;LMGTE Am;;AF Corse;Ferrari;
88;2;1;4:47.207;0;;1:19.782;0;1:35.008;0;1:52.417;0;170.8;4:47.207;22:04;1:19.782;1:35.008;1:52.417;238.8;Klaus BACHLER;0:00:40.666;LMGTE Am;;Abu Dhabi-Proton Racing;Porsche;
88;2;2;3:58.259;2;;37.446;2;1:30.946;2;1:49.867;2;205.9;8:45.466;22:08;0:37.446;1:30.946;1:49.867;291.6;Klaus BACHLER;;LMGTE Am;;Abu Dhabi-Proton Racing;Porsche;
88;2;3;4:03.666;0;;38.719;0;1:33.369;0;1:51.578;0;201.4;12:49.132;22:12;0:38.719;1:33.369;1:51.578;271.8;Klaus BACHLER;;LMGTE Am;;Abu Dhabi-Proton Racing;Porsche;
88;2;4;4:08.312;0;B;37.599;0;1:31.530;0;1:59.183;0;197.6;16:57.444;22:16;0:37.599;1:31.530;1:59.183;289.3;Klaus BACHLER;;LMGTE Am;;Abu Dhabi-Proton Racing;Porsche;
88;0;5;6:38.595;0;;3:07.213;0;1:35.354;0;1:56.028;0;123.1;23:36.039;22:23;3:07.213;1:35.354;1:56.028;288.5;Christian RIED;0:02:38.017;LMGTE Am;;Abu Dhabi-Proton Racing;Porsche;
88;0;6;4:08.559;0;;39.061;0;1:33.994;0;1:55.504;0;197.4;27:44.598;22:27;0:39.061;1:33.994;1:55.504;288.5;Christian RIED;;LMGTE Am;;Abu Dhabi-Proton Racing;Porsche;
88;0;7;4:24.904;0;B;39.298;0;1:34.145;0;2:11.461;0;185.2;32:09.502;22:32;0:39.298;1:34.145;2:11.461;289.3;Christian RIED;;LMGTE Am;;Abu Dhabi-Proton Racing;Porsche;
88;0;8;5:08.270;0;;1:35.395;0;1:34.601;0;1:58.274;0;159.2;37:17.772;22:37;1:35.395;1:34.601;1:58.274;288.5;Christian RIED;0:01:06.699;LMGTE Am;;Abu Dhabi-Proton Racing;Porsche;
88;0;9;4:09.683;0;;39.598;0;1:34.588;0;1:55.497;0;196.5;41:27.455;22:41;0:39.598;1:34.588;1:55.497;288.5;Christian RIED;;LMGTE Am;;Abu Dhabi-Proton Racing;Porsche;
88;0;10;4:07.895;0;;38.872;0;1:33.867;0;1:55.156;0;197.9;45:35.350;22:45;0:38.872;1:33.867;1:55.156;289.3;Christian RIED;;LMGTE Am;;Abu Dhabi-Proton Racing;Porsche;
88;0;11;4:09.344;0;;39.036;0;1:33.188;1;1:57.120;0;196.8;49:44.694;22:49;0:39.036;1:33.188;1:57.120;288.5;Christian RIED;;LMGTE Am;;Abu Dhabi-Proton Racing;Porsche;
88;0;12;4:12.604;0;;41.267;0;1:35.762;0;1:55.575;0;194.2;53:57.298;22:53;0:41.267;1:35.762;1:55.575;287.7;Christian RIED;;LMGTE Am;;Abu Dhabi-Proton Racing;Porsche;
88;0;13;4:06.288;0;;38.400;1;1:33.479;0;1:54.409;1;199.2;58:03.586;22:58;0:38.400;1:33.479;1:54.409;288.5;Christian RIED;;LMGTE Am;;Abu Dhabi-Proton Racing;Porsche;
88;0;14;10:19.180;0;B;1:00.387;0;4:32.943;0;4:45.850;0;79.2;1:08:22.766;23:08;1:00.387;4:32.943;4:45.850;73.3;Christian RIED;;LMGTE Am;;Abu Dhabi-Proton Racing;Porsche;
88;1;15;22:14.824;0;;18:38.824;0;1:37.574;0;1:58.426;0;36.8;1:30:37.590;23:30;18:38.824;1:37.574;1:58.426;261.3;Khaled AL QUBAISI;0:18:08.095;LMGTE Am;;Abu Dhabi-Proton Racing;Porsche;
88;1;16;4:10.129;0;;39.570;0;1:34.842;0;1:55.717;0;196.2;1:34:47.719;23:34;0:39.570;1:34.842;1:55.717;283.9;Khaled AL QUBAISI;;LMGTE Am;;Abu Dhabi-Proton Racing;Porsche;
88;1;17;4:06.844;0;;38.859;1;1:33.986;1;1:53.999;1;198.8;1:38:54.563;23:38;0:38.859;1:33.986;1:53.999;284.7;Khaled AL QUBAISI;;LMGTE Am;;Abu Dhabi-Proton Racing;Porsche;
88;1;18;4:12.869;0;;38.894;0;1:34.256;0;1:59.719;0;194.0;1:43:07.432;23:43;0:38.894;1:34.256;1:59.719;287.7;Khaled AL QUBAISI;;LMGTE Am;;Abu Dhabi-Proton Racing;Porsche;
88;1;19;4:28.092;0;B;40.772;0;1:34.861;0;2:12.459;0;183.0;1:47:35.524;23:47;0:40.772;1:34.861;2:12.459;286.9;Khaled AL QUBAISI;;LMGTE Am;;Abu Dhabi-Proton Racing;Porsche;
88;2;20;5:57.636;0;;2:27.683;0;1:34.815;0;1:55.138;0;137.2;1:53:33.160;23:53;2:27.683;1:34.815;1:55.138;287.7;Klaus BACHLER;0:01:52.261;LMGTE Am;;Abu Dhabi-Proton Racing;Porsche;
88;2;21;3:59.976;0;;37.580;0;1:31.565;0;1:50.831;0;204.5;1:57:33.136;23:57;0:37.580;1:31.565;1:50.831;289.3;Klaus BACHLER;;LMGTE Am;;Abu Dhabi-Proton Racing;Porsche;
88;2;22;4:14.314;0;B;38.219;0;1:35.478;0;2:00.617;0;192.9;2:01:47.450;00:01;0:38.219;1:35.478;2:00.617;265.1;Klaus BACHLER;;LMGTE Am;;Abu Dhabi-Proton Racing;Porsche;
9;1;1;3:52.861;0;;57.276;0;1:21.033;0;1:34.552;0;210.7;3:52.861;22:03;0:57.276;1:21.033;1:34.552;313.6;Marco BONANOMI;0:00:21.002;LMP1;H;Audi Sport Team Joest;Audi;
9;1;2;3:21.811;0;;31.924;0;1:18.553;0;1:31.334;2;243.1;7:14.672;22:07;0:31.924;1:18.553;1:31.334;307.3;Marco BONANOMI;;LMP1;H;Audi Sport Team Joest;Audi;
9;1;3;3:21.081;2;;31.350;2;1:18.112;0;1:31.619;0;244.0;10:35.753;22:10;0:31.350;1:18.112;1:31.619;313.6;Marco BONANOMI;;LMP1;H;Audi Sport Team Joest;Audi;
9;1;4;3:25.587;0;;32.440;0;1:20.770;0;1:32.377;0;238.7;14:01.340;22:14;0:32.440;1:20.770;1:32.377;298.8;Marco BONANOMI;;LMP1;H;Audi Sport Team Joest;Audi;
9;1;5;3:35.194;0;B;31.832;0;1:18.011;1;1:45.351;0;228.0;17:36.534;22:17;0:31.832;1:18.011;1:45.351;315.4;Marco BONANOMI;;LMP1;H;Audi Sport Team Joest;Audi;
9;0;6;4:53.066;0;;1:58.160;0;1:20.405;0;1:34.501;0;167.4;22:29.600;22:22;1:58.160;1:20.405;1:34.501;333.9;Filipe ALBUQUERQUE;0:01:35.222;LMP1;H;Audi Sport Team Joest;Audi;
9;0;7;3:28.357;0;;32.144;0;1:18.329;0;1:37.884;0;235.5;25:57.957;22:25;0:32.144;1:18.329;1:37.884;311.8;Filipe ALBUQUERQUE;;LMP1;H;Audi Sport Team Joest;Audi;
9;0;8;3:32.696;0;;31.992;0;1:23.069;0;1:37.635;0;230.7;29:30.653;22:29;0:31.992;1:23.069;1:37.635;319.1;Filipe ALBUQUERQUE;;LMP1;H;Audi Sport Team Joest;Audi;
9;0;9;3:25.923;0;;32.613;0;1:18.467;0;1:34.843;0;238.3;32:56.576;22:32;0:32.613;1:18.467;1:34.843;318.2;Filipe ALBUQUERQUE;;LMP1;H;Audi Sport Team Joest;Audi;
9;0;10;3:35.128;0;B;32.344;0;1:18.631;0;1:44.153;0;228.1;36:31.704;22:36;0:32.344;1:18.631;1:44.153;326.8;Filipe ALBUQUERQUE;;LMP1;H;Audi Sport Team Joest;Audi;
9;2;11;4:30.651;0;;1:31.816;0;1:21.547;0;1:37.288;0;181.3;41:02.355;22:41;1:31.816;1:21.547;1:37.288;331.8;René RAST;0:01:07.937;LMP1;H;Audi Sport Team Joest;Audi;
9;2;12;3:28.735;0;;32.181;0;1:20.467;0;1:36.087;0;235.1;44:31.090;22:44;0:32.181;1:20.467;1:36.087;316.3;René RAST;;LMP1;H;Audi Sport Team Joest;Audi;
9;2;13;3:24.848;0;;31.923;1;1:19.250;0;1:33.675;0;239.5;47:55.938;22:47;0:31.923;1:19.250;1:33.675;314.5;René RAST;;LMP1;H;Audi Sport Team Joest;Audi;
9;2;14;3:24.234;0;;32.590;0;1:18.431;1;1:33.213;1;240.2;51:20.172;22:51;0:32.590;1:18.431;1:33.213;310.9;René RAST;;LMP1;H;Audi Sport Team Joest;Audi;
9;2;15;3:29.564;0;;33.239;0;1:21.255;0;1:35.070;0;234.1;54:49.736;22:54;0:33.239;1:21.255;1:35.070;311.8;René RAST;;LMP1;H;Audi Sport Team Joest;Audi;
9;2;16;3:28.255;0;;33.049;0;1:18.900;0;1:36.306;0;235.6;58:17.991;22:58;0:33.049;1:18.900;1:36.306;321.0;René RAST;;LMP1;H;Audi Sport Team Joest;Audi;
9;2;17;10:36.415;0;B;1:10.842;0;4:17.913;0;5:07.660;0;77.1;1:08:54.406;23:08;1:10.842;4:17.913;5:07.660;79.5;René RAST;;LMP1;H;Audi Sport Team Joest;Audi;
9;1;18;20:07.623;0;;17:05.922;0;1:23.921;0;1:37.780;0;40.6;1:29:02.029;23:29;17:05.922;1:23.921;1:37.780;307.3;Marco BONANOMI;0:16:37.079;LMP1;H;Audi Sport Team Joest;Audi;
9;1;19;3:27.811;0;;32.340;0;1:19.231;0;1:36.240;0;236.1;1:32:29.840;23:32;0:32.340;1:19.231;1:36.240;307.3;Marco BONANOMI;;LMP1;H;Audi Sport Team Joest;Audi;
9;1;20;3:25.246;0;;31.905;0;1:18.266;0;1:35.075;0;239.1;1:35:55.086;23:35;0:31.905;1:18.266;1:35.075;308.2;Marco BONANOMI;;LMP1;H;Audi Sport Team Joest;Audi;
9;1;21;3:34.083;0;B;33.030;0;1:18.284;0;1:42.769;0;229.2;1:39:29.169;23:39;0:33.030;1:18.284;1:42.769;316.3;Marco BONANOMI;;LMP1;H;Audi Sport Team Joest;Audi;
9;0;22;5:43.325;0;;2:46.321;0;1:21.083;0;1:35.921;0;142.9;1:45:12.494;23:45;2:46.321;1:21.083;1:35.921;322.9;Filipe ALBUQUERQUE;0:02:24.061;LMP1;H;Audi Sport Team Joest;Audi;
9;0;23;3:27.942;0;;31.979;0;1:20.009;0;1:35.954;0;236.0;1:48:40.436;23:48;0:31.979;1:20.009;1:35.954;310.0;Filipe ALBUQUERQUE;;LMP1;H;Audi Sport Team Joest;Audi;
9;0;24;3:25.480;0;;31.949;0;1:18.577;0;1:34.954;0;238.8;1:52:05.916;23:52;0:31.949;1:18.577;1:34.954;307.3;Filipe ALBUQUERQUE;;LMP1;H;Audi Sport Team Joest;Audi;
9;0;25;3:24.584;0;;31.838;0;1:18.439;0;1:34.307;0;239.8;1:55:30.500;23:55;0:31.838;1:18.439;1:34.307;312.7;Filipe ALBUQUERQUE;;LMP1;H;Audi Sport Team Joest;Audi;
9;0;26;3:22.506;0;;31.790;1;1:17.882;2;1:32.834;1;242.3;1:58:53.006;23:58;0:31.790;1:17.882;1:32.834;313.6;Filipe ALBUQUERQUE;;LMP1;H;Audi Sport Team Joest;Audi;
9;0;27;3:28.931;0;;32.347;0;1:18.137;0;1:38.447;0;234.8;2:02:21.937;00:02;0:32.347;1:18.137;1:38.447;314.5;Filipe ALBUQUERQUE;;LMP1;H;Audi Sport Team Joest;Audi;
91;2;1;5:44.513;0;;2:22.075;0;1:32.492;0;1:49.946;0;142.4;5:44.513;22:05;2:22.075;1:32.492;1:49.946;283.9;Jörg BERGMEISTER;0:01:46.488;LMGTE Pro;;Porsche Team Manthey;Porsche;
91;2;2;3:59.215;0;;36.844;2;1:31.346;0;1:51.025;0;205.1;9:43.728;22:09;0:36.844;1:31.346;1:51.025;290.8;Jörg BERGMEISTER;;LMGTE Pro;;Porsche Team Manthey;Porsche;
91;2;3;3:59.361;0;;37.644;0;1:32.402;0;1:49.315;0;205.0;13:43.089;22:13;0:37.644;1:32.402;1:49.315;292.4;Jörg BERGMEISTER;;LMGTE Pro;;Porsche Team Manthey;Porsche;
91;2;4;3:57.910;0;;37.398;0;1:31.381;0;1:49.131;0;206.2;17:40.999;22:17;0:37.398;1:31.381;1:49.131;292.4;Jörg BERGMEISTER;;LMGTE Pro;;Porsche Team Manthey;Porsche;
91;2;5;4:08.176;0;B;37.351;0;1:32.184;0;1:58.641;0;197.7;21:49.175;22:21;0:37.351;1:32.184;1:58.641;290.0;Jörg BERGMEISTER;;LMGTE Pro;;Porsche Team Manthey;Porsche;
91;2;6;7:44.992;0;;4:23.174;0;1:31.979;0;1:49.839;0;105.5;29:34.167;22:29;4:23.174;1:31.979;1:49.839;287.7;Jörg BERGMEISTER;0:03:55.729;LMGTE Pro;;Porsche Team Manthey;Porsche;
91;2;7;3:57.192;2;;37.026;0;1:31.143;2;1:49.023;0;206.9;33:31.359;22:33;0:37.026;1:31.143;1:49.023;292.4;Jörg BERGMEISTER;;LMGTE Pro;;Porsche Team Manthey;Porsche;
91;2;8;3:57.742;0;;37.203;0;1:31.687;0;1:48.852;2;206.4;37:29.101;22:37;0:37.203;1:31.687;1:48.852;290.0;Jörg BERGMEISTER;;LMGTE Pro;;Porsche Team Manthey;Porsche;
91;2;9;4:10.970;0;B;38.522;0;1:33.047;0;1:59.401;0;195.5;41:40.071;22:41;0:38.522;1:33.047;1:59.401;276.7;Jörg BERGMEISTER;;LMGTE Pro;;Porsche Team Manthey;Porsche;
91;0;10;10:57.594;0;B;7:08.052;0;1:42.595;0;2:06.947;0;74.6;52:37.665;22:52;7:08.052;1:42.595;2:06.947;237.8;Richard LIETZ;0:06:14.536;LMGTE Pro;;Porsche Team Manthey;Porsche;
91;0;11;6:50.004;0;B;2:45.943;0;1:33.856;0;2:30.205;0;119.7;59:27.669;22:59;2:45.943;1:33.856;2:30.205;290.0;Richard LIETZ;0:02:17.431;LMGTE Pro;;Porsche Team Manthey;Porsche;
91;0;12;30:34.525;0;;27:04.093;0;1:35.450;0;1:54.982;0;26.7;1:30:02.194;23:30;27:04.093;1:35.450;1:54.982;285.4;Richard LIETZ;0:26:34.971;LMGTE Pro;;Porsche Team Manthey;Porsche;
91;0;13;4:05.286;0;;38.201;0;1:32.899;1;1:54.186;1;200.0;1:34:07.480;23:34;0:38.201;1:32.899;1:54.186;286.9;Richard LIETZ;;LMGTE Pro;;Porsche Team Manthey;Porsche;
91;0;14;4:08.243;0;B;37.888;1;1:33.250;0;1:57.105;0;197.6;1:38:15.723;23:38;0:37.888;1:33.250;1:57.105;287.7;Richard LIETZ;;LMGTE Pro;;Porsche Team Manthey;Porsche;
91;1;15;5:11.855;0;;1:45.169;0;1:33.615;0;1:53.071;0;157.3;1:43:27.578;23:43;1:45.169;1:33.615;1:53.071;285.4;Michael CHRISTENSEN;0:01:15.216;LMGTE Pro;;Porsche Team Manthey;Porsche;
91;1;16;4:02.211;0;;37.899;0;1:32.667;0;1:51.645;0;202.6;1:47:29.789;23:47;0:37.899;1:32.667;1:51.645;286.2;Michael CHRISTENSEN;;LMGTE Pro;;Porsche Team Manthey;Porsche;
91;1;17;4:01.504;0;;37.880;0;1:32.556;0;1:51.068;0;203.2;1:51:31.293;23:51;0:37.880;1:32.556;1:51.068;286.2;Michael CHRISTENSEN;;LMGTE Pro;;Porsche Team Manthey;Porsche;
91;1;18;4:03.937;0;;39.149;0;1:32.126;1;1:52.662;0;201.1;1:55:35.230;23:55;0:39.149;1:32.126;1:52.662;289.3;Michael CHRISTENSEN;;LMGTE Pro;;Porsche Team Manthey;Porsche;
91;1;19;4:00.815;0;;38.225;0;1:32.155;0;1:50.435;1;203.7;1:59:36.045;23:59;0:38.225;1:32.155;1:50.435;286.9;Michael CHRISTENSEN;;LMGTE Pro;;Porsche Team Manthey;Porsche;
91;1;20;4:01.786;0;;37.693;1;1:32.559;0;1:51.534;0;202.9;2:03:37.831;00:03;0:37.693;1:32.559;1:51.534;286.2;Michael CHRISTENSEN;;LMGTE Pro;;Porsche Team Manthey;Porsche;
92;1;1;4:20.597;0;B;50.105;0;1:33.557;0;1:56.935;0;188.3;4:20.597;22:04;0:50.105;1:33.557;1:56.935;286.9;Frédéric MAKOWIECKI;0:00:12.403;LMGTE Pro;;Porsche Team Manthey;Porsche;
92;1;2;6:06.783;0;;2:46.010;0;1:31.511;0;1:49.262;0;133.8;10:27.380;22:10;2:46.010;1:31.511;1:49.262;289.3;Frédéric MAKOWIECKI;0:02:18.889;LMGTE Pro;;Porsche Team Manthey;Porsche;
92;1;3;3:57.852;0;;37.411;0;1:30.843;2;1:49.598;0;206.3;14:25.232;22:14;0:37.411;1:30.843;1:49.598;295.6;Frédéric MAKOWIECKI;;LMGTE Pro;;Porsche Team Manthey;Porsche;
92;1;4;3:58.959;0;;37.242;0;1:31.318;0;1:50.399;0;205.3;18:24.191;22:18;0:37.242;1:31.318;1:50.399;291.6;Frédéric MAKOWIECKI;;LMGTE Pro;;Porsche Team Manthey;Porsche;
92;1;5;4:07.372;0;B;37.179;0;1:31.041;0;1:59.152;0;198.3;22:31.563;22:22;0:37.179;1:31.041;1:59.152;290.0;Frédéric MAKOWIECKI;;LMGTE Pro;;Porsche Team Manthey;Porsche;
92;1;6;6:19.953;0;;2:52.356;0;1:33.693;0;1:53.904;0;129.1;28:51.516;22:28;2:52.356;1:33.693;1:53.904;290.0;Frédéric MAKOWIECKI;0:02:22.719;LMGTE Pro;;Porsche Team Manthey;Porsche;
92;1;7;4:11.952;0;;37.722;0;1:37.942;0;1:56.288;0;194.7;33:03.468;22:33;0:37.722;1:37.942;1:56.288;292.4;Frédéric MAKOWIECKI;;LMGTE Pro;;Porsche Team Manthey;Porsche;
92;1;8;3:57.667;2;;37.176;2;1:31.246;0;1:49.245;2;206.4;37:01.135;22:37;0:37.176;1:31.246;1:49.245;294.8;Frédéric MAKOWIECKI;;LMGTE Pro;;Porsche Team Manthey;Porsche;
92;1;9;4:01.339;0;;37.928;0;1:31.740;0;1:51.671;0;203.3;41:02.474;22:41;0:37.928;1:31.740;1:51.671;293.2;Frédéric MAKOWIECKI;;LMGTE Pro;;Porsche Team Manthey;Porsche;
92;1;10;4:12.219;0;B;37.910;0;1:32.478;0;2:01.831;0;194.5;45:14.693;22:45;0:37.910;1:32.478;2:01.831;293.2;Frédéric MAKOWIECKI;;LMGTE Pro;;Porsche Team Manthey;Porsche;
92;2;11;5:36.756;0;;2:10.654;0;1:33.540;0;1:52.562;0;145.7;50:51.449;22:50;2:10.654;1:33.540;1:52.562;285.4;Wolf HENZLER;0:01:42.565;LMGTE Pro;;Porsche Team Manthey;Porsche;
92;2;12;4:03.423;0;;38.486;0;1:33.107;0;1:51.830;0;201.6;54:54.872;22:54;0:38.486;1:33.107;1:51.830;289.3;Wolf HENZLER;;LMGTE Pro;;Porsche Team Manthey;Porsche;
92;2;13;4:42.979;0;B;38.177;0;1:32.301;0;2:32.501;0;173.4;59:37.851;22:59;0:38.177;1:32.301;2:32.501;291.6;Wolf HENZLER;;LMGTE Pro;;Porsche Team Manthey;Porsche;
92;2;14;30:14.921;0;;26:46.922;0;1:33.608;0;1:54.391;0;27.0;1:29:52.772;23:29;26:46.922;1:33.608;1:54.391;283.2;Wolf HENZLER;0:26:18.585;LMGTE Pro;;Porsche Team Manthey;Porsche;
92;2;15;4:04.967;0;;38.606;0;1:33.831;0;1:52.530;0;200.3;1:33:57.739;23:33;0:38.606;1:33.831;1:52.530;267.1;Wolf HENZLER;;LMGTE Pro;;Porsche Team Manthey;Porsche;
92;2;16;4:00.684;0;;37.966;0;1:31.201;1;1:51.517;1;203.9;1:37:58.423;23:37;0:37.966;1:31.201;1:51.517;294.0;Wolf HENZLER;;LMGTE Pro;;Porsche Team Manthey;Porsche;
92;2;17;4:06.415;0;B;37.939;1;1:31.334;0;1:57.142;0;199.1;1:42:04.838;23:42;0:37.939;1:31.334;1:57.142;293.2;Wolf HENZLER;;LMGTE Pro;;Porsche Team Manthey;Porsche;
92;0;18;5:18.967;0;;1:54.451;0;1:32.491;0;1:52.025;0;153.8;1:47:23.805;23:47;1:54.451;1:32.491;1:52.025;289.3;Patrick PILET;0:01:27.515;LMGTE Pro;;Porsche Team Manthey;Porsche;
92;0;19;3:59.191;0;;37.646;0;1:31.761;0;1:49.784;1;205.1;1:51:22.996;23:51;0:37.646;1:31.761;1:49.784;289.3;Patrick PILET;;LMGTE Pro;;Porsche Team Manthey;Porsche;
92;0;20;3:58.963;0;;37.306;1;1:31.270;1;1:50.387;0;205.3;1:55:21.959;23:55;0:37.306;1:31.270;1:50.387;290.0;Patrick PILET;;LMGTE Pro;;Porsche Team Manthey;Porsche;
92;0;21;3:59.840;0;;37.458;0;1:31.829;0;1:50.553;0;204.6;1:59:21.799;23:59;0:37.458;1:31.829;1:50.553;292.4;Patrick PILET;;LMGTE Pro;;Porsche Team Manthey;Porsche;
92;0;22;4:09.806;0;;38.401;0;1:34.505;0;1:56.900;0;196.4;2:03:31.605;00:03;0:38.401;1:34.505;1:56.900;290.8;Patrick PILET;;LMGTE Pro;;Porsche Team Manthey;Porsche;
95;0;1;5:18.091;0;;1:51.471;0;1:34.934;0;1:51.686;0;154.2;5:18.091;22:05;1:51.471;1:34.934;1:51.686;283.9;Marco SØRENSEN;0:01:10.599;LMGTE Pro;;Aston Martin Racing;Aston Martin;
95;0;2;4:08.016;0;;37.757;0;1:39.376;0;1:50.883;0;197.8;9:26.107;22:09;0:37.757;1:39.376;1:50.883;287.7;Marco SØRENSEN;;LMGTE Pro;;Aston Martin Racing;Aston Martin;
95;0;3;3:58.627;0;;37.637;0;1:31.240;0;1:49.750;0;205.6;13:24.734;22:13;0:37.637;1:31.240;1:49.750;290.8;Marco SØRENSEN;;LMGTE Pro;;Aston Martin Racing;Aston Martin;
95;0;4;3:58.165;0;;37.460;0;1:31.067;0;1:49.638;0;206.0;17:22.899;22:17;0:37.460;1:31.067;1:49.638;293.2;Marco SØRENSEN;;LMGTE Pro;;Aston Martin Racing;Aston Martin;
95;0;5;4:09.206;0;B;37.391;0;1:32.302;0;1:59.513;0;196.9;21:32.105;22:21;0:37.391;1:32.302;1:59.513;288.5;Marco SØRENSEN;;LMGTE Pro;;Aston Martin Racing;Aston Martin;
95;1;6;8:42.014;0;;5:13.456;0;1:35.715;0;1:52.843;0;94.0;30:14.119;22:30;5:13.456;1:35.715;1:52.843;288.5;Nicki THIIM;0:04:38.989;LMGTE Pro;;Aston Martin Racing;Aston Martin;
95;1;7;3:59.544;0;;37.203;1;1:31.016;1;1:51.325;0;204.8;34:13.663;22:34;0:37.203;1:31.016;1:51.325;288.5;Nicki THIIM;;LMGTE Pro;;Aston Martin Racing;Aston Martin;
95;1;8;4:33.507;0;;41.402;0;1:43.391;0;2:08.714;0;179.4;38:47.170;22:38;0:41.402;1:43.391;2:08.714;206.8;Nicki THIIM;;LMGTE Pro;;Aston Martin Racing;Aston Martin;
95;1;9;4:12.867;0;;38.566;0;1:35.055;0;1:59.246;0;194.0;43:00.037;22:43;0:38.566;1:35.055;1:59.246;263.9;Nicki THIIM;;LMGTE Pro;;Aston Martin Racing;Aston Martin;
95;1;10;3:57.485;0;;37.396;0;1:31.548;0;1:48.541;0;206.6;46:57.522;22:46;0:37.396;1:31.548;1:48.541;286.9;Nicki THIIM;;LMGTE Pro;;Aston Martin Racing;Aston Martin;
95;1;11;3:57.674;0;;38.005;0;1:31.301;0;1:48.368;1;206.4;50:55.196;22:50;0:38.005;1:31.301;1:48.368;287.7;Nicki THIIM;;LMGTE Pro;;Aston Martin Racing;Aston Martin;
95;1;12;4:19.480;0;B;41.258;0;1:37.730;0;2:00.492;0;189.1;55:14.676;22:55;0:41.258;1:37.730;2:00.492;244.2;Nicki THIIM;;LMGTE Pro;;Aston Martin Racing;Aston Martin;
95;2;13;11:57.795;0;B;3:03.242;0;4:09.060;0;4:45.493;0;68.4;1:07:12.471;23:07;3:03.242;4:09.060;4:45.493;82.0;Christoffer NYGAARD;0:02:34.192;LMGTE Pro;;Aston Martin Racing;Aston Martin;
95;2;14;22:23.551;0;;18:52.850;0;1:35.396;0;1:55.305;0;36.5;1:29:36.022;23:29;18:52.850;1:35.396;1:55.305;285.4;Christoffer NYGAARD;0:18:23.626;LMGTE Pro;;Aston Martin Racing;Aston Martin;
95;2;15;4:03.501;0;;38.194;0;1:32.281;0;1:53.026;0;201.5;1:33:39.523;23:33;0:38.194;1:32.281;1:53.026;287.7;Christoffer NYGAARD;;LMGTE Pro;;Aston Martin Racing;Aston Martin;
95;2;16;4:01.889;0;;37.926;1;1:32.150;0;1:51.813;0;202.8;1:37:41.412;23:37;0:37.926;1:32.150;1:51.813;286.2;Christoffer NYGAARD;;LMGTE Pro;;Aston Martin Racing;Aston Martin;
95;2;17;3:59.710;0;;37.938;0;1:31.814;1;1:49.958;1;204.7;1:41:41.122;23:41;0:37.938;1:31.814;1:49.958;286.2;Christoffer NYGAARD;;LMGTE Pro;;Aston Martin Racing;Aston Martin;
95;2;18;4:08.504;0;B;37.957;0;1:31.850;0;1:58.697;0;197.4;1:45:49.626;23:45;0:37.957;1:31.850;1:58.697;287.7;Christoffer NYGAARD;;LMGTE Pro;;Aston Martin Racing;Aston Martin;
95;0;19;5:19.988;0;;1:53.990;0;1:33.726;0;1:52.272;0;153.3;1:51:09.614;23:51;1:53.990;1:33.726;1:52.272;285.4;Marco SØRENSEN;0:01:23.315;LMGTE Pro;;Aston Martin Racing;Aston Martin;
95;0;20;3:56.735;0;;37.292;0;1:30.847;0;1:48.596;0;207.3;1:55:06.349;23:55;0:37.292;1:30.847;1:48.596;287.7;Marco SØRENSEN;;LMGTE Pro;;Aston Martin Racing;Aston Martin;
95;0;21;3:55.783;2;;37.220;0;1:30.508;2;1:48.055;2;208.1;1:59:02.132;23:59;0:37.220;1:30.508;1:48.055;289.3;Marco SØRENSEN;;LMGTE Pro;;Aston Martin Racing;Aston Martin;
95;0;22;4:06.715;0;B;37.017;2;1:30.525;0;1:59.173;0;198.9;2:03:08.847;00:03;0:37.017;1:30.525;1:59.173;290.8;Marco SØRENSEN;;LMGTE Pro;;Aston Martin Racing;Aston Martin;
96;1;1;4:40.236;0;;1:08.084;0;1:36.770;0;1:55.382;0;175.1;4:40.236;22:04;1:08.084;1:36.770;1:55.382;282.5;Stuart HALL;0:00:27.211;LMGTE Am;;Aston Martin Racing;Aston Martin;
96;1;2;4:05.004;0;;38.882;0;1:33.829;0;1:52.293;0;200.3;8:45.240;22:08;0:38.882;1:33.829;1:52.293;283.9;Stuart HALL;;LMGTE Am;;Aston Martin Racing;Aston Martin;
96;1;3;4:04.979;0;;38.723;0;1:34.221;0;1:52.035;0;200.3;12:50.219;22:12;0:38.723;1:34.221;1:52.035;278.8;Stuart HALL;;LMGTE Am;;Aston Martin Racing;Aston Martin;
96;1;4;4:01.160;2;;38.001;2;1:32.395;2;1:50.764;0;203.5;16:51.379;22:16;0:38.001;1:32.395;1:50.764;285.4;Stuart HALL;;LMGTE Am;;Aston Martin Racing;Aston Martin;
96;1;5;4:17.608;0;B;39.297;0;1:33.701;0;2:04.610;0;190.5;21:08.987;22:21;0:39.297;1:33.701;2:04.610;283.2;Stuart HALL;;LMGTE Am;;Aston Martin Racing;Aston Martin;
96;2;6;7:33.508;0;;3:55.446;0;1:38.954;0;1:59.108;0;108.2;28:42.495;22:28;3:55.446;1:38.954;1:59.108;281.7;Francesco CASTELLACCI;0:03:21.559;LMGTE Am;;Aston Martin Racing;Aston Martin;
96;2;7;4:08.354;0;;39.126;0;1:34.588;0;1:54.640;0;197.6;32:50.849;22:32;0:39.126;1:34.588;1:54.640;283.2;Francesco CASTELLACCI;;LMGTE Am;;Aston Martin Racing;Aston Martin;
96;2;8;4:15.704;0;B;38.643;0;1:34.047;0;2:03.014;0;191.9;37:06.553;22:37;0:38.643;1:34.047;2:03.014;283.2;Francesco CASTELLACCI;;LMGTE Am;;Aston Martin Racing;Aston Martin;
96;2;9;6:44.005;0;;3:14.910;0;1:34.589;0;1:54.506;1;121.4;43:50.558;22:43;3:14.910;1:34.589;1:54.506;281.0;Francesco CASTELLACCI;0:02:47.034;LMGTE Am;;Aston Martin Racing;Aston Martin;
96;2;10;4:19.026;0;B;38.058;1;1:33.615;1;2:07.353;0;189.4;48:09.584;22:48;0:38.058;1:33.615;2:07.353;282.5;Francesco CASTELLACCI;;LMGTE Am;;Aston Martin Racing;Aston Martin;
96;0;11;6:44.884;0;;2:54.067;0;1:44.863;0;2:05.954;0;121.2;54:54.468;22:54;2:54.067;1:44.863;2:05.954;269.8;Roald GOETHE;0:02:17.974;LMGTE Am;;Aston Martin Racing;Aston Martin;
96;0;12;5:17.316;0;B;43.495;0;1:38.031;0;2:55.790;0;154.6;1:00:11.784;23:00;0:43.495;1:38.031;2:55.790;281.7;Roald GOETHE;;LMGTE Am;;Aston Martin Racing;Aston Martin;
96;0;13;29:30.896;0;;25:45.497;0;1:40.094;0;2:05.305;0;27.7;1:29:42.680;23:29;25:45.497;1:40.094;2:05.305;253.3;Roald GOETHE;0:25:15.125;LMGTE Am;;Aston Martin Racing;Aston Martin;
96;0;14;4:24.467;0;;42.754;0;1:38.667;0;2:03.046;0;185.5;1:34:07.147;23:34;0:42.754;1:38.667;2:03.046;275.3;Roald GOETHE;;LMGTE Am;;Aston Martin Racing;Aston Martin;
96;0;15;4:21.853;0;;42.409;0;1:37.188;1;2:02.256;1;187.4;1:38:29.000;23:38;0:42.409;1:37.188;2:02.256;283.2;Roald GOETHE;;LMGTE Am;;Aston Martin Racing;Aston Martin;
96;0;16;4:27.256;0;B;41.244;1;1:37.628;0;2:08.384;0;183.6;1:42:56.256;23:42;0:41.244;1:37.628;2:08.384;252.2;Roald GOETHE;;LMGTE Am;;Aston Martin Racing;Aston Martin;
96;1;17;5:47.418;0;;2:22.057;0;1:33.700;0;1:51.661;0;141.2;1:48:43.674;23:48;2:22.057;1:33.700;1:51.661;287.7;Stuart HALL;0:01:50.660;LMGTE Am;;Aston Martin Racing;Aston Martin;
96;1;18;4:01.957;0;;38.141;0;1:32.672;0;1:51.144;0;202.8;1:52:45.631;23:52;0:38.141;1:32.672;1:51.144;283.9;Stuart HALL;;LMGTE Am;;Aston Martin Racing;Aston Martin;
96;1;19;4:03.209;0;;38.986;0;1:32.911;0;1:51.312;0;201.7;1:56:48.840;23:56;0:38.986;1:32.911;1:51.312;283.2;Stuart HALL;;LMGTE Am;;Aston Martin Racing;Aston Martin;
96;1;20;4:01.296;0;;38.126;0;1:32.515;0;1:50.655;2;203.3;2:00:50.136;00:00;0:38.126;1:32.515;1:50.655;283.9;Stuart HALL;;LMGTE Am;;Aston Martin Racing;Aston Martin;
97;1;1;7:29.786;0;;4:03.947;0;1:34.616;0;1:51.223;0;109.1;7:29.786;22:07;4:03.947;1:34.616;1:51.223;269.8;Stefan MÜCKE;0:03:26.925;LMGTE Pro;;Aston Martin Racing;Aston Martin;
97;1;2;3:57.727;0;;37.128;0;1:30.429;2;1:50.170;0;206.4;11:27.513;22:11;0:37.128;1:30.429;1:50.170;290.0;Stefan MÜCKE;;LMGTE Pro;;Aston Martin Racing;Aston Martin;
97;1;3;3:57.115;0;;37.279;0;1:30.836;0;1:49.000;0;206.9;15:24.628;22:15;0:37.279;1:30.836;1:49.000;290.8;Stefan MÜCKE;;LMGTE Pro;;Aston Martin Racing;Aston Martin;
97;1;4;3:56.364;0;;37.042;0;1:30.818;0;1:48.504;0;207.6;19:20.992;22:19;0:37.042;1:30.818;1:48.504;290.0;Stefan MÜCKE;;LMGTE Pro;;Aston Martin Racing;Aston Martin;
97;1;5;4:07.361;0;B;37.373;0;1:31.870;0;1:58.118;0;198.4;23:28.353;22:23;0:37.373;1:31.870;1:58.118;293.2;Stefan MÜCKE;;LMGTE Pro;;Aston Martin Racing;Aston Martin;
97;0;6;9:28.172;0;;6:05.867;0;1:31.518;0;1:50.787;0;86.4;32:56.525;22:32;6:05.867;1:31.518;1:50.787;287.7;Darren TURNER;0:05:38.848;LMGTE Pro;;Aston Martin Racing;Aston Martin;
97;0;7;3:56.479;0;;37.224;0;1:30.840;1;1:48.415;1;207.5;36:53.004;22:36;0:37.224;1:30.840;1:48.415;290.8;Darren TURNER;;LMGTE Pro;;Aston Martin Racing;Aston Martin;
97;0;8;4:03.133;0;;39.549;0;1:33.950;0;1:49.634;0;201.8;40:56.137;22:40;0:39.549;1:33.950;1:49.634;286.2;Darren TURNER;;LMGTE Pro;;Aston Martin Racing;Aston Martin;
97;0;9;3:58.666;0;;37.190;1;1:32.507;0;1:48.969;0;205.6;44:54.803;22:44;0:37.190;1:32.507;1:48.969;294.8;Darren TURNER;;LMGTE Pro;;Aston Martin Racing;Aston Martin;
97;0;10;4:15.013;0;B;37.230;0;1:31.455;0;2:06.328;0;192.4;49:09.816;22:49;0:37.230;1:31.455;2:06.328;292.4;Darren TURNER;;LMGTE Pro;;Aston Martin Racing;Aston Martin;
97;2;11;10:14.307;0;B;6:09.513;0;1:37.286;0;2:27.508;0;79.9;59:24.123;22:59;6:09.513;1:37.286;2:27.508;285.4;Rob BELL;0:05:49.064;LMGTE Pro;;Aston Martin Racing;Aston Martin;
97;2;12;30:07.619;0;;26:35.027;0;1:37.228;0;1:55.364;0;27.1;1:29:31.742;23:29;26:35.027;1:37.228;1:55.364;267.1;Rob BELL;0:26:04.699;LMGTE Pro;;Aston Martin Racing;Aston Martin;
97;2;13;4:03.187;0;;38.301;0;1:33.282;0;1:51.604;0;201.8;1:33:34.929;23:33;0:38.301;1:33.282;1:51.604;290.0;Rob BELL;;LMGTE Pro;;Aston Martin Racing;Aston Martin;
97;2;14;4:01.159;0;;37.958;0;1:32.402;0;1:50.799;0;203.5;1:37:36.088;23:37;0:37.958;1:32.402;1:50.799;289.3;Rob BELL;;LMGTE Pro;;Aston Martin Racing;Aston Martin;
97;2;15;3:59.702;0;;37.656;1;1:32.352;1;1:49.694;1;204.7;1:41:35.790;23:41;0:37.656;1:32.352;1:49.694;286.9;Rob BELL;;LMGTE Pro;;Aston Martin Racing;Aston Martin;
97;2;16;4:07.884;0;B;38.086;0;1:32.540;0;1:57.258;0;197.9;1:45:43.674;23:45;0:38.086;1:32.540;1:57.258;287.7;Rob BELL;;LMGTE Pro;;Aston Martin Racing;Aston Martin;
97;1;17;5:13.976;0;;1:52.103;0;1:32.589;0;1:49.284;0;156.3;1:50:57.650;23:50;1:52.103;1:32.589;1:49.284;286.2;Stefan MÜCKE;0:01:23.244;LMGTE Pro;;Aston Martin Racing;Aston Martin;
97;1;18;3:56.505;0;;37.187;0;1:31.014;0;1:48.304;0;207.5;1:54:54.155;23:54;0:37.187;1:31.014;1:48.304;287.7;Stefan MÜCKE;;LMGTE Pro;;Aston Martin Racing;Aston Martin;
97;1;19;3:55.466;2;;37.041;2;1:30.543;0;1:47.882;2;208.4;1:58:49.621;23:58;0:37.041;1:30.543;1:47.882;288.5;Stefan MÜCKE;;LMGTE Pro;;Aston Martin Racing;Aston Martin;
97;1;20;4:07.041;0;B;37.266;0;1:30.718;0;1:59.057;0;198.6;2:02:56.662;00:02;0:37.266;1:30.718;1:59.057;289.3;Stefan MÜCKE;;LMGTE Pro;;Aston Martin Racing;Aston Martin;
98;1;1;6:09.061;0;;2:33.133;0;1:34.331;0;2:01.597;0;132.9;6:09.061;22:06;2:33.133;1:34.331;2:01.597;247.6;Pedro LAMY;0:01:55.811;LMGTE Am;;Aston Martin Racing;Aston Martin;
98;1;2;3:55.102;2;;36.954;2;1:30.142;2;1:48.006;2;208.7;10:04.163;22:10;0:36.954;1:30.142;1:48.006;288.5;Pedro LAMY;;LMGTE Am;;Aston Martin Racing;Aston Martin;
98;1;3;3:56.509;0;;37.311;0;1:30.728;0;1:48.470;0;207.5;14:00.672;22:14;0:37.311;1:30.728;1:48.470;290.0;Pedro LAMY;;LMGTE Am;;Aston Martin Racing;Aston Martin;
98;1;4;4:06.042;0;;37.815;0;1:32.331;0;1:55.896;0;199.4;18:06.714;22:18;0:37.815;1:32.331;1:55.896;290.8;Pedro LAMY;;LMGTE Am;;Aston Martin Racing;Aston Martin;
98;1;5;4:07.182;0;B;37.525;0;1:31.691;0;1:57.966;0;198.5;22:13.896;22:22;0:37.525;1:31.691;1:57.966;287.7;Pedro LAMY;;LMGTE Am;;Aston Martin Racing;Aston Martin;
98;2;6;7:41.991;0;;4:09.813;0;1:36.192;0;1:55.986;0;106.2;29:55.887;22:29;4:09.813;1:36.192;1:55.986;286.2;Mathias LAUDA;0:03:38.642;LMGTE Am;;Aston Martin Racing;Aston Martin;
98;2;7;4:04.714;0;;38.572;0;1:32.994;0;1:53.148;0;200.5;34:00.601;22:34;0:38.572;1:32.994;1:53.148;286.9;Mathias LAUDA;;LMGTE Am;;Aston Martin Racing;Aston Martin;
98;2;8;4:05.619;0;;38.517;0;1:34.049;0;1:53.053;0;199.8;38:06.220;22:38;0:38.517;1:34.049;1:53.053;285.4;Mathias LAUDA;;LMGTE Am;;Aston Martin Racing;Aston Martin;
98;2;9;4:14.091;0;;40.949;0;1:34.523;0;1:58.619;0;193.1;42:20.311;22:42;0:40.949;1:34.523;1:58.619;287.7;Mathias LAUDA;;LMGTE Am;;Aston Martin Racing;Aston Martin;
98;2;10;4:25.449;0;B;38.718;0;1:32.780;0;2:13.951;0;184.8;46:45.760;22:46;0:38.718;1:32.780;2:13.951;289.3;Mathias LAUDA;;LMGTE Am;;Aston Martin Racing;Aston Martin;
98;0;11;9:18.578;0;;5:51.229;0;1:34.764;0;1:52.585;1;87.8;56:04.338;22:56;5:51.229;1:34.764;1:52.585;283.9;Paul DALLA LANA;0:05:36.096;LMGTE Am;;Aston Martin Racing;Aston Martin;
98;0;12;6:42.744;0;B;38.896;0;1:37.501;0;4:26.347;0;121.8;1:02:47.082;23:02;0:38.896;1:37.501;4:26.347;286.9;Paul DALLA LANA;;LMGTE Am;;Aston Martin Racing;Aston Martin;
98;0;13;27:33.077;0;;24:04.236;0;1:36.071;0;1:52.770;0;29.7;1:30:20.159;23:30;24:04.236;1:36.071;1:52.770;280.3;Paul DALLA LANA;0:23:32.467;LMGTE Am;;Aston Martin Racing;Aston Martin;
98;0;14;4:04.869;0;;38.653;1;1:33.597;0;1:52.619;0;200.4;1:34:25.028;23:34;0:38.653;1:33.597;1:52.619;286.2;Paul DALLA LANA;;LMGTE Am;;Aston Martin Racing;Aston Martin;
98;0;15;4:16.937;0;B;39.680;0;1:33.665;0;2:03.592;0;191.0;1:38:41.965;23:38;0:39.680;1:33.665;2:03.592;287.7;Paul DALLA LANA;;LMGTE Am;;Aston Martin Racing;Aston Martin;
98;0;16;7:31.155;0;B;3:57.636;0;1:33.318;1;2:00.201;0;108.8;1:46:13.120;23:46;3:57.636;1:33.318;2:00.201;286.2;Paul DALLA LANA;0:03:25.715;LMGTE Am;;Aston Martin Racing;Aston Martin;
98;2;17;5:24.593;0;;1:58.709;0;1:33.315;0;1:52.569;0;151.2;1:51:37.713;23:51;1:58.709;1:33.315;1:52.569;286.9;Mathias LAUDA;0:01:30.370;LMGTE Am;;Aston Martin Racing;Aston Martin;
98;2;18;4:02.480;0;;37.384;1;1:33.505;0;1:51.591;0;202.3;1:55:40.193;23:55;0:37.384;1:33.505;1:51.591;287.7;Mathias LAUDA;;LMGTE Am;;Aston Martin Racing;Aston Martin;
98;2;19;4:02.371;0;;38.483;0;1:32.486;1;1:51.402;1;202.4;1:59:42.564;23:59;0:38.483;1:32.486;1:51.402;289.3;Mathias LAUDA;;LMGTE Am;;Aston Martin Racing;Aston Martin;
98;2;20;4:14.297;0;;37.806;0;1:33.887;0;2:02.604;0;192.9;2:03:56.861;00:03;0:37.806;1:33.887;2:02.604;286.9;Mathias LAUDA;;LMGTE Am;;Aston Martin Racing;Aston Martin;
99;2;1;4:34.122;0;;1:03.501;0;1:34.720;0;1:55.901;0;179.0;4:34.122;22:04;1:03.501;1:34.720;1:55.901;257.6;Richie STANAWAY;0:00:23.362;LMGTE Pro;;Aston Martin Racing V8;Aston Martin;
99;2;2;3:55.063;0;;36.862;0;1:30.152;2;1:48.049;0;208.7;8:29.185;22:08;0:36.862;1:30.152;1:48.049;290.0;Richie STANAWAY;;LMGTE Pro;;Aston Martin Racing V8;Aston Martin;
99;2;3;3:55.260;0;;36.558;2;1:30.696;0;1:48.006;0;208.6;12:24.445;22:12;0:36.558;1:30.696;1:48.006;287.7;Richie STANAWAY;;LMGTE Pro;;Aston Martin Racing V8;Aston Martin;
99;2;4;3:55.126;0;;36.696;0;1:30.743;0;1:47.687;2;208.7;16:19.571;22:16;0:36.696;1:30.743;1:47.687;286.9;Richie STANAWAY;;LMGTE Pro;;Aston Martin Racing V8;Aston Martin;
99;2;5;4:07.269;0;B;37.195;0;1:32.014;0;1:58.060;0;198.4;20:26.840;22:20;0:37.195;1:32.014;1:58.060;271.1;Richie STANAWAY;;LMGTE Pro;;Aston Martin Racing V8;Aston Martin;
99;2;6;8:11.942;0;;4:43.246;0;1:36.022;0;1:52.674;0;99.7;28:38.782;22:28;4:43.246;1:36.022;1:52.674;269.1;Richie STANAWAY;0:04:11.997;LMGTE Pro;;Aston Martin Racing V8;Aston Martin;
99;2;7;3:54.928;2;;36.590;0;1:30.250;0;1:48.088;0;208.8;32:33.710;22:32;0:36.590;1:30.250;1:48.088;289.3;Richie STANAWAY;;LMGTE Pro;;Aston Martin Racing V8;Aston Martin;
99;2;8;4:12.720;0;B;36.933;0;1:33.502;0;2:02.285;0;194.1;36:46.430;22:36;0:36.933;1:33.502;2:02.285;291.6;Richie STANAWAY;;LMGTE Pro;;Aston Martin Racing V8;Aston Martin;
99;1;9;6:23.652;0;;2:56.892;0;1:34.614;0;1:52.146;0;127.9;43:10.082;22:43;2:56.892;1:34.614;1:52.146;285.4;Alex MACDOWALL;0:02:25.386;LMGTE Pro;;Aston Martin Racing V8;Aston Martin;
99;1;10;3:59.528;0;;37.540;1;1:31.453;0;1:50.535;1;204.8;47:09.610;22:47;0:37.540;1:31.453;1:50.535;291.6;Alex MACDOWALL;;LMGTE Pro;;Aston Martin Racing V8;Aston Martin;
99;1;11;4:02.316;0;;37.644;0;1:31.199;1;1:53.473;0;202.5;51:11.926;22:51;0:37.644;1:31.199;1:53.473;288.5;Alex MACDOWALL;;LMGTE Pro;;Aston Martin Racing V8;Aston Martin;
99;1;12;4:01.825;0;;38.122;0;1:32.421;0;1:51.282;0;202.9;55:13.751;22:55;0:38.122;1:32.421;1:51.282;287.7;Alex MACDOWALL;;LMGTE Pro;;Aston Martin Racing V8;Aston Martin;
99;1;13;5:02.910;0;B;38.126;0;1:31.719;0;2:53.065;0;162.0;1:00:16.661;23:00;0:38.126;1:31.719;2:53.065;288.5;Alex MACDOWALL;;LMGTE Pro;;Aston Martin Racing V8;Aston Martin;
99;1;14;29:30.815;0;B;25:53.184;0;1:34.332;0;2:03.299;0;27.7;1:29:47.476;23:29;25:53.184;1:34.332;2:03.299;279.5;Alex MACDOWALL;0:25:27.611;LMGTE Pro;;Aston Martin Racing V8;Aston Martin;
99;0;15;6:13.275;0;;2:45.809;0;1:33.585;0;1:53.881;0;131.4;1:36:00.751;23:36;2:45.809;1:33.585;1:53.881;285.4;Fernando REES;0:02:14.659;LMGTE Pro;;Aston Martin Racing V8;Aston Martin;
99;0;16;4:02.939;0;;37.757;0;1:32.395;0;1:52.787;0;202.0;1:40:03.690;23:40;0:37.757;1:32.395;1:52.787;290.8;Fernando REES;;LMGTE Pro;;Aston Martin Racing V8;Aston Martin;
99;0;17;4:00.673;0;;37.608;0;1:32.088;0;1:50.977;0;203.9;1:44:04.363;23:44;0:37.608;1:32.088;1:50.977;288.5;Fernando REES;;LMGTE Pro;;Aston Martin Racing V8;Aston Martin;
99;0;18;4:00.054;0;;37.583;0;1:32.042;0;1:50.429;0;204.4;1:48:04.417;23:48;0:37.583;1:32.042;1:50.429;289.3;Fernando REES;;LMGTE Pro;;Aston Martin Racing V8;Aston Martin;
99;0;19;4:00.429;0;;37.412;0;1:31.728;0;1:51.289;0;204.1;1:52:04.846;23:52;0:37.412;1:31.728;1:51.289;290.0;Fernando REES;;LMGTE Pro;;Aston Martin Racing V8;Aston Martin;
99;0;20;3:58.928;0;;37.623;0;1:31.772;0;1:49.533;1;205.4;1:56:03.774;23:56;0:37.623;1:31.772;1:49.533;290.0;Fernando REES;;LMGTE Pro;;Aston Martin Racing V8;Aston Martin;
99;0;21;3:57.991;0;;37.399;1;1:30.898;1;1:49.694;0;206.2;2:00:01.765;00:00;0:37.399;1:30.898;1:49.694;290.0;Fernando REES;;LMGTE Pro;;Aston Martin Racing V8;Aston Martin;
