NUMBER; DRIVER_NUMBER; LAP_NUMBER; LAP_TIME; LAP_IMPROVEMENT; CROSSING_FINISH_LINE_IN_PIT; S1; S1_IMPROVEMENT; S2; S2_IMPROVEMENT; S3; S3_IMPROVEMENT; KPH; ELAPSED; HOUR;S1_LARGE;S2_LARGE;S3_LARGE;TOP_SPEED;DRIVER_NAME;PIT_TIME;
1;2;1;1:31.688;0;;21.844;0;36.292;0;33.552;0;157.2;1:31.688;11:54;0:21.844;0:36.292;0:33.552;232.8;Alex Brundle;;
1;2;2;1:24.278;0;;18.597;0;32.641;0;33.040;0;171.0;2:55.966;11:56;0:18.597;0:32.641;0:33.040;232.8;Alex Brundle;;
1;2;3;1:24.350;0;;18.472;0;32.632;0;33.246;0;170.8;4:20.316;11:57;0:18.472;0:32.632;0:33.246;234.3;Alex Brundle;;
1;2;4;1:24.989;0;;18.408;0;32.737;0;33.844;0;169.6;5:45.305;11:59;0:18.408;0:32.737;0:33.844;232.8;Alex Brundle;;
1;2;5;1:24.397;0;;18.406;0;32.260;0;33.731;0;170.8;7:09.702;12:00;0:18.406;0:32.260;0:33.731;234.3;Alex Brundle;;
1;2;6;1:24.409;0;;18.324;0;32.600;0;33.485;0;170.7;8:34.111;12:01;0:18.324;0:32.600;0:33.485;234.8;Alex Brundle;;
1;2;7;1:24.098;0;;18.450;0;32.415;0;33.233;0;171.4;9:58.209;12:03;0:18.450;0:32.415;0:33.233;234.8;Alex Brundle;;
1;2;8;1:23.835;0;;18.337;0;32.405;0;33.093;0;171.9;11:22.044;12:04;0:18.337;0:32.405;0:33.093;235.3;Alex Brundle;;
1;2;9;1:23.048;0;;18.226;0;32.047;0;32.775;0;173.5;12:45.092;12:06;0:18.226;0:32.047;0:32.775;233.8;Alex Brundle;;
1;2;10;1:23.315;0;;18.215;0;32.190;0;32.910;0;173.0;14:08.407;12:07;0:18.215;0:32.190;0:32.910;234.3;Alex Brundle;;
1;2;11;1:23.149;0;;18.214;0;32.220;0;32.715;0;173.3;15:31.556;12:08;0:18.214;0:32.220;0:32.715;234.3;Alex Brundle;;
1;2;12;1:24.445;0;;18.251;0;32.754;0;33.440;0;170.7;16:56.001;12:10;0:18.251;0:32.754;0:33.440;234.8;Alex Brundle;;
1;2;13;1:24.642;0;;18.422;0;33.128;0;33.092;0;170.3;18:20.643;12:11;0:18.422;0:33.128;0:33.092;231.3;Alex Brundle;;
1;2;14;1:24.680;0;;19.003;0;32.977;0;32.700;0;170.2;19:45.323;12:13;0:19.003;0:32.977;0:32.700;233.3;Alex Brundle;;
1;2;15;1:23.440;0;;18.319;0;32.236;0;32.885;0;172.7;21:08.763;12:14;0:18.319;0:32.236;0:32.885;233.8;Alex Brundle;;
1;2;16;1:23.018;0;;18.217;0;32.028;0;32.773;0;173.6;22:31.781;12:15;0:18.217;0:32.028;0:32.773;234.3;Alex Brundle;;
1;2;17;1:23.544;0;;18.241;0;32.122;0;33.181;0;172.5;23:55.325;12:17;0:18.241;0:32.122;0:33.181;233.8;Alex Brundle;;
1;2;18;1:23.297;0;;18.193;0;32.161;0;32.943;0;173.0;25:18.622;12:18;0:18.193;0:32.161;0:32.943;233.3;Alex Brundle;;
1;2;19;1:23.316;0;;18.166;0;32.234;0;32.916;0;173.0;26:41.938;12:20;0:18.166;0:32.234;0:32.916;231.8;Alex Brundle;;
1;2;20;1:22.921;0;;18.206;0;32.108;0;32.607;0;173.8;28:04.859;12:21;0:18.206;0:32.108;0:32.607;234.3;Alex Brundle;;
1;2;21;1:22.758;0;;18.148;0;31.991;0;32.619;0;174.1;29:27.617;12:22;0:18.148;0:31.991;0:32.619;231.8;Alex Brundle;;
1;2;22;1:22.963;0;;18.173;0;32.037;0;32.753;0;173.7;30:50.580;12:24;0:18.173;0:32.037;0:32.753;233.8;Alex Brundle;;
1;2;23;1:22.855;0;;18.080;0;32.070;0;32.705;0;173.9;32:13.435;12:25;0:18.080;0:32.070;0:32.705;234.3;Alex Brundle;;
1;2;24;1:24.358;0;;18.095;0;33.149;0;33.114;0;170.8;33:37.793;12:27;0:18.095;0:33.149;0:33.114;232.3;Alex Brundle;;
1;2;25;1:24.799;0;;18.177;0;33.345;0;33.277;0;169.9;35:02.592;12:28;0:18.177;0:33.345;0:33.277;233.8;Alex Brundle;;
1;2;26;1:23.904;0;;18.658;0;32.354;0;32.892;0;171.8;36:26.496;12:29;0:18.658;0:32.354;0:32.892;231.3;Alex Brundle;;
1;2;27;1:23.267;0;;18.162;0;32.245;0;32.860;0;173.1;37:49.763;12:31;0:18.162;0:32.245;0:32.860;232.8;Alex Brundle;;
1;2;28;1:23.016;0;;18.138;0;32.106;0;32.772;0;173.6;39:12.779;12:32;0:18.138;0:32.106;0:32.772;231.3;Alex Brundle;;
1;2;29;1:22.785;0;;18.072;0;32.019;0;32.694;0;174.1;40:35.564;12:33;0:18.072;0:32.019;0:32.694;233.3;Alex Brundle;;
1;2;30;1:22.896;0;;18.154;0;32.102;0;32.640;0;173.8;41:58.460;12:35;0:18.154;0:32.102;0:32.640;233.3;Alex Brundle;;
1;2;31;1:23.597;0;;18.131;0;32.214;0;33.252;0;172.4;43:22.057;12:36;0:18.131;0:32.214;0:33.252;234.3;Alex Brundle;;
1;2;32;1:26.164;0;B;18.143;0;32.082;0;35.939;0;167.2;44:48.221;12:38;0:18.143;0:32.082;0:35.939;235.3;Alex Brundle;;
1;2;33;2:13.519;0;;1:05.415;0;34.808;0;33.296;0;107.9;47:01.740;12:40;1:05.415;0:34.808;0:33.296;231.3;Alex Brundle;0:00:52;
1;2;34;1:23.623;0;;18.289;0;32.453;0;32.881;0;172.3;48:25.363;12:41;0:18.289;0:32.453;0:32.881;231.3;Alex Brundle;;
1;2;35;1:23.420;0;;18.319;0;32.353;0;32.748;0;172.7;49:48.783;12:43;0:18.319;0:32.353;0:32.748;232.8;Alex Brundle;;
1;2;36;1:23.379;0;;18.251;0;32.308;0;32.820;0;172.8;51:12.162;12:44;0:18.251;0:32.308;0:32.820;232.8;Alex Brundle;;
1;2;37;1:23.097;0;;18.259;0;32.174;0;32.664;0;173.4;52:35.259;12:45;0:18.259;0:32.174;0:32.664;232.8;Alex Brundle;;
1;2;38;1:23.310;0;;18.326;0;32.226;0;32.758;0;173.0;53:58.569;12:47;0:18.326;0:32.226;0:32.758;232.3;Alex Brundle;;
1;2;39;1:23.726;0;;18.352;0;32.548;0;32.826;0;172.1;55:22.295;12:48;0:18.352;0:32.548;0:32.826;231.8;Alex Brundle;;
1;2;40;1:23.139;0;;18.239;0;32.131;0;32.769;0;173.3;56:45.434;12:50;0:18.239;0:32.131;0:32.769;233.3;Alex Brundle;;
1;2;41;1:22.893;0;;18.224;0;32.074;0;32.595;0;173.8;58:08.327;12:51;0:18.224;0:32.074;0:32.595;233.8;Alex Brundle;;
1;2;42;1:23.433;0;;18.323;0;32.311;0;32.799;0;172.7;59:31.760;12:52;0:18.323;0:32.311;0:32.799;234.3;Alex Brundle;;
1;2;43;1:24.045;0;;18.328;0;32.739;0;32.978;0;171.5;1:00:55.805;12:54;0:18.328;0:32.739;0:32.978;233.3;Alex Brundle;;
1;2;44;1:23.705;0;;18.282;0;32.203;0;33.220;0;172.2;1:02:19.510;12:55;0:18.282;0:32.203;0:33.220;232.8;Alex Brundle;;
1;2;45;1:23.177;0;;18.225;0;32.295;0;32.657;0;173.3;1:03:42.687;12:57;0:18.225;0:32.295;0:32.657;231.8;Alex Brundle;;
1;2;46;1:23.156;0;;18.331;0;32.215;0;32.610;0;173.3;1:05:05.843;12:58;0:18.331;0:32.215;0:32.610;231.8;Alex Brundle;;
1;2;47;1:23.369;0;;18.307;0;32.425;0;32.637;0;172.9;1:06:29.212;12:59;0:18.307;0:32.425;0:32.637;232.8;Alex Brundle;;
1;2;48;1:23.078;0;;18.286;0;32.350;0;32.442;0;173.5;1:07:52.290;13:01;0:18.286;0:32.350;0:32.442;231.8;Alex Brundle;;
1;2;49;1:23.694;0;;18.217;0;32.206;0;33.271;0;172.2;1:09:15.984;13:02;0:18.217;0:32.206;0:33.271;232.8;Alex Brundle;;
1;2;50;1:23.289;0;;18.284;0;32.334;0;32.671;0;173.0;1:10:39.273;13:04;0:18.284;0:32.334;0:32.671;233.8;Alex Brundle;;
1;2;51;1:23.270;0;;18.452;0;32.184;0;32.634;0;173.1;1:12:02.543;13:05;0:18.452;0:32.184;0:32.634;232.8;Alex Brundle;;
1;2;52;1:23.127;0;;18.457;0;32.195;0;32.475;0;173.4;1:13:25.670;13:06;0:18.457;0:32.195;0:32.475;234.3;Alex Brundle;;
1;2;53;1:22.613;0;;18.245;0;31.957;0;32.411;0;174.4;1:14:48.283;13:08;0:18.245;0:31.957;0:32.411;233.3;Alex Brundle;;
1;2;54;1:27.301;0;;18.226;0;35.961;0;33.114;0;165.1;1:16:15.584;13:09;0:18.226;0:35.961;0:33.114;228.8;Alex Brundle;;
1;2;55;1:22.537;0;;18.146;0;32.092;0;32.299;1;174.6;1:17:38.121;13:11;0:18.146;0:32.092;0:32.299;233.8;Alex Brundle;;
1;2;56;1:22.742;0;;18.250;0;32.075;0;32.417;0;174.2;1:19:00.863;13:12;0:18.250;0:32.075;0:32.417;233.8;Alex Brundle;;
1;2;57;1:22.634;0;;18.117;0;32.168;0;32.349;0;174.4;1:20:23.497;13:13;0:18.117;0:32.168;0:32.349;233.8;Alex Brundle;;
1;2;58;1:22.323;0;;18.037;0;31.894;0;32.392;0;175.1;1:21:45.820;13:15;0:18.037;0:31.894;0:32.392;234.8;Alex Brundle;;
1;2;59;1:22.497;0;;18.099;0;32.055;0;32.343;0;174.7;1:23:08.317;13:16;0:18.099;0:32.055;0:32.343;234.8;Alex Brundle;;
1;2;60;1:22.730;0;;18.165;0;32.123;0;32.442;0;174.2;1:24:31.047;13:17;0:18.165;0:32.123;0:32.442;232.8;Alex Brundle;;
1;2;61;1:22.357;0;;18.033;0;31.938;0;32.386;0;175.0;1:25:53.404;13:19;0:18.033;0:31.938;0:32.386;233.3;Alex Brundle;;
1;2;62;1:22.965;0;;18.079;0;31.968;0;32.918;0;173.7;1:27:16.369;13:20;0:18.079;0:31.968;0:32.918;235.3;Alex Brundle;;
1;2;63;1:22.677;0;;18.103;0;32.144;0;32.430;0;174.3;1:28:39.046;13:22;0:18.103;0:32.144;0:32.430;232.3;Alex Brundle;;
1;2;64;1:22.372;0;;18.025;1;31.730;1;32.617;0;174.9;1:30:01.418;13:23;0:18.025;0:31.730;0:32.617;234.8;Alex Brundle;;
1;2;65;1:24.936;0;;18.068;0;34.559;0;32.309;0;169.7;1:31:26.354;13:24;0:18.068;0:34.559;0:32.309;230.8;Alex Brundle;;
1;2;66;1:27.197;0;B;18.085;0;32.200;0;36.912;0;165.3;1:32:53.551;13:26;0:18.085;0:32.200;0:36.912;232.8;Alex Brundle;;
1;0;67;2:46.893;0;;1:38.456;0;34.340;0;34.097;0;86.3;1:35:40.444;13:29;1:38.456;0:34.340;0:34.097;231.3;Lucas Ordoñez;0:01:24;
1;0;68;1:24.727;0;;18.613;0;32.635;0;33.479;0;170.1;1:37:05.171;13:30;0:18.613;0:32.635;0:33.479;233.8;Lucas Ordoñez;;
1;0;69;1:23.667;0;;18.291;0;32.241;0;33.135;0;172.2;1:38:28.838;13:31;0:18.291;0:32.241;0:33.135;233.3;Lucas Ordoñez;;
1;0;70;1:23.004;0;;18.279;0;31.958;0;32.767;0;173.6;1:39:51.842;13:33;0:18.279;0:31.958;0:32.767;232.8;Lucas Ordoñez;;
1;0;71;1:23.394;0;;18.356;0;32.092;0;32.946;0;172.8;1:41:15.236;13:34;0:18.356;0:32.092;0:32.946;232.8;Lucas Ordoñez;;
1;0;72;1:23.074;0;;18.034;0;32.284;0;32.756;0;173.5;1:42:38.310;13:36;0:18.034;0:32.284;0:32.756;232.3;Lucas Ordoñez;;
1;0;73;1:23.143;0;;18.177;0;32.261;0;32.705;0;173.3;1:44:01.453;13:37;0:18.177;0:32.261;0:32.705;232.8;Lucas Ordoñez;;
1;0;74;1:23.232;0;;18.348;0;32.193;0;32.691;0;173.1;1:45:24.685;13:38;0:18.348;0:32.193;0:32.691;232.3;Lucas Ordoñez;;
1;0;75;1:24.157;0;;18.243;0;32.772;0;33.142;0;171.2;1:46:48.842;13:40;0:18.243;0:32.772;0:33.142;229.8;Lucas Ordoñez;;
1;0;76;1:23.166;0;;18.226;0;32.211;0;32.729;0;173.3;1:48:12.008;13:41;0:18.226;0:32.211;0:32.729;232.8;Lucas Ordoñez;;
1;0;77;1:24.178;0;;18.179;0;33.181;0;32.818;0;171.2;1:49:36.186;13:42;0:18.179;0:33.181;0:32.818;232.8;Lucas Ordoñez;;
1;0;78;1:22.944;0;;18.124;0;31.907;0;32.913;0;173.7;1:50:59.130;13:44;0:18.124;0:31.907;0:32.913;233.3;Lucas Ordoñez;;
1;0;79;1:22.479;0;;18.165;0;31.825;0;32.489;0;174.7;1:52:21.609;13:45;0:18.165;0:31.825;0:32.489;233.3;Lucas Ordoñez;;
1;0;80;1:22.624;0;;18.335;0;31.805;0;32.484;0;174.4;1:53:44.233;13:47;0:18.335;0:31.805;0:32.484;233.8;Lucas Ordoñez;;
1;0;81;1:22.933;0;;18.060;0;32.573;0;32.300;0;173.8;1:55:07.166;13:48;0:18.060;0:32.573;0:32.300;232.8;Lucas Ordoñez;;
1;0;82;1:22.335;0;;18.164;0;31.922;0;32.249;0;175.0;1:56:29.501;13:49;0:18.164;0:31.922;0:32.249;234.3;Lucas Ordoñez;;
1;0;83;1:22.319;0;;18.163;0;31.929;0;32.227;1;175.1;1:57:51.820;13:51;0:18.163;0:31.929;0:32.227;232.8;Lucas Ordoñez;;
1;0;84;1:22.674;0;;18.347;0;31.934;0;32.393;0;174.3;1:59:14.494;13:52;0:18.347;0:31.934;0:32.393;233.8;Lucas Ordoñez;;
1;0;85;1:24.533;0;;18.156;0;32.106;0;34.271;0;170.5;2:00:39.027;13:54;0:18.156;0:32.106;0:34.271;235.8;Lucas Ordoñez;;
1;0;86;1:22.376;0;;18.044;0;31.824;0;32.508;0;174.9;2:02:01.403;13:55;0:18.044;0:31.824;0:32.508;233.8;Lucas Ordoñez;;
1;0;87;1:22.217;0;;18.040;0;31.753;0;32.424;0;175.3;2:03:23.620;13:56;0:18.040;0:31.753;0:32.424;234.3;Lucas Ordoñez;;
1;0;88;1:22.749;0;;18.057;0;32.122;0;32.570;0;174.2;2:04:46.369;13:58;0:18.057;0:32.122;0:32.570;234.3;Lucas Ordoñez;;
1;0;89;1:22.150;0;;18.030;0;31.723;2;32.397;0;175.4;2:06:08.519;13:59;0:18.030;0:31.723;0:32.397;233.8;Lucas Ordoñez;;
1;0;90;1:23.292;0;;17.961;0;32.653;0;32.678;0;173.0;2:07:31.811;14:00;0:17.961;0:32.653;0:32.678;235.8;Lucas Ordoñez;;
1;0;91;1:22.515;0;;18.222;0;31.930;0;32.363;0;174.6;2:08:54.326;14:02;0:18.222;0:31.930;0:32.363;234.8;Lucas Ordoñez;;
1;0;92;1:22.577;0;;18.059;0;31.911;0;32.607;0;174.5;2:10:16.903;14:03;0:18.059;0:31.911;0:32.607;232.8;Lucas Ordoñez;;
1;0;93;1:22.291;0;;18.088;0;31.874;0;32.329;0;175.1;2:11:39.194;14:05;0:18.088;0:31.874;0:32.329;233.3;Lucas Ordoñez;;
1;0;94;1:22.356;0;;18.031;0;31.779;0;32.546;0;175.0;2:13:01.550;14:06;0:18.031;0:31.779;0:32.546;234.3;Lucas Ordoñez;;
1;0;95;1:21.917;0;;17.939;1;31.750;0;32.228;0;175.9;2:14:23.467;14:07;0:17.939;0:31.750;0:32.228;234.3;Lucas Ordoñez;;
1;0;96;1:24.120;0;;18.004;0;32.027;0;34.089;0;171.3;2:15:47.587;14:09;0:18.004;0:32.027;0:34.089;237.4;Lucas Ordoñez;;
1;0;97;1:25.615;0;;18.286;0;33.049;0;34.280;0;168.3;2:17:13.202;14:10;0:18.286;0:33.049;0:34.280;235.3;Lucas Ordoñez;;
1;0;98;1:22.649;0;;18.024;0;32.199;0;32.426;0;174.4;2:18:35.851;14:11;0:18.024;0:32.199;0:32.426;233.3;Lucas Ordoñez;;
1;0;99;1:22.490;0;;18.029;0;31.803;0;32.658;0;174.7;2:19:58.341;14:13;0:18.029;0:31.803;0:32.658;235.3;Lucas Ordoñez;;
1;0;100;1:27.209;0;B;18.051;0;32.731;0;36.427;0;165.2;2:21:25.550;14:14;0:18.051;0:32.731;0:36.427;232.8;Lucas Ordoñez;;
1;0;101;2:09.855;0;;1:04.641;0;32.348;0;32.866;0;111.0;2:23:35.405;14:16;1:04.641;0:32.348;0:32.866;233.8;Lucas Ordoñez;0:00:51;
1;0;102;1:23.418;0;;18.226;0;32.516;0;32.676;0;172.8;2:24:58.823;14:18;0:18.226;0:32.516;0:32.676;233.3;Lucas Ordoñez;;
1;0;103;1:23.564;0;;18.706;0;32.042;0;32.816;0;172.5;2:26:22.387;14:19;0:18.706;0:32.042;0:32.816;232.8;Lucas Ordoñez;;
1;0;104;1:22.895;0;;18.211;0;32.046;0;32.638;0;173.8;2:27:45.282;14:21;0:18.211;0:32.046;0:32.638;233.3;Lucas Ordoñez;;
1;0;105;1:22.980;0;;18.176;0;32.084;0;32.720;0;173.7;2:29:08.262;14:22;0:18.176;0:32.084;0:32.720;232.8;Lucas Ordoñez;;
1;0;106;1:23.074;0;;18.166;0;32.178;0;32.730;0;173.5;2:30:31.336;14:23;0:18.166;0:32.178;0:32.730;232.8;Lucas Ordoñez;;
1;0;107;1:25.069;0;;18.266;0;34.077;0;32.726;0;169.4;2:31:56.405;14:25;0:18.266;0:34.077;0:32.726;232.3;Lucas Ordoñez;;
1;0;108;1:23.214;0;;18.260;0;32.178;0;32.776;0;173.2;2:33:19.619;14:26;0:18.260;0:32.178;0:32.776;233.3;Lucas Ordoñez;;
1;0;109;1:22.823;0;;18.187;0;32.048;0;32.588;0;174.0;2:34:42.442;14:28;0:18.187;0:32.048;0:32.588;233.8;Lucas Ordoñez;;
1;0;110;1:22.613;0;;18.170;0;31.957;0;32.486;0;174.4;2:36:05.055;14:29;0:18.170;0:31.957;0:32.486;233.3;Lucas Ordoñez;;
1;0;111;1:22.957;0;;18.200;0;31.999;0;32.758;0;173.7;2:37:28.012;14:30;0:18.200;0:31.999;0:32.758;233.3;Lucas Ordoñez;;
1;0;112;1:26.291;0;;18.450;0;34.911;0;32.930;0;167.0;2:38:54.303;14:32;0:18.450;0:34.911;0:32.930;231.8;Lucas Ordoñez;;
1;0;113;1:23.646;0;;18.239;0;32.263;0;33.144;0;172.3;2:40:17.949;14:33;0:18.239;0:32.263;0:33.144;233.3;Lucas Ordoñez;;
1;0;114;1:25.479;0;;18.421;0;33.753;0;33.305;0;168.6;2:41:43.428;14:35;0:18.421;0:33.753;0:33.305;233.3;Lucas Ordoñez;;
1;0;115;1:24.394;0;;18.168;0;33.268;0;32.958;0;170.8;2:43:07.822;14:36;0:18.168;0:33.268;0:32.958;231.8;Lucas Ordoñez;;
1;0;116;1:23.281;0;;18.204;0;32.312;0;32.765;0;173.0;2:44:31.103;14:37;0:18.204;0:32.312;0:32.765;232.8;Lucas Ordoñez;;
1;0;117;1:23.561;0;;18.121;0;32.668;0;32.772;0;172.5;2:45:54.664;14:39;0:18.121;0:32.668;0:32.772;233.8;Lucas Ordoñez;;
1;0;118;1:23.332;0;;18.231;0;32.199;0;32.902;0;172.9;2:47:17.996;14:40;0:18.231;0:32.199;0:32.902;233.3;Lucas Ordoñez;;
1;0;119;1:23.202;0;;18.244;0;32.316;0;32.642;0;173.2;2:48:41.198;14:42;0:18.244;0:32.316;0:32.642;233.3;Lucas Ordoñez;;
1;0;120;1:23.248;0;;18.134;0;32.172;0;32.942;0;173.1;2:50:04.446;14:43;0:18.134;0:32.172;0:32.942;235.3;Lucas Ordoñez;;
1;0;121;1:23.385;0;;18.168;0;32.326;0;32.891;0;172.8;2:51:27.831;14:44;0:18.168;0:32.326;0:32.891;233.8;Lucas Ordoñez;;
1;0;122;1:23.427;0;;18.197;0;32.191;0;33.039;0;172.7;2:52:51.258;14:46;0:18.197;0:32.191;0:33.039;232.8;Lucas Ordoñez;;
1;0;123;1:23.486;0;;18.192;0;32.104;0;33.190;0;172.6;2:54:14.744;14:47;0:18.192;0:32.104;0:33.190;233.8;Lucas Ordoñez;;
1;0;124;1:22.912;0;;18.103;0;32.200;0;32.609;0;173.8;2:55:37.656;14:49;0:18.103;0:32.200;0:32.609;233.3;Lucas Ordoñez;;
1;0;125;1:23.625;0;;18.362;0;32.678;0;32.585;0;172.3;2:57:01.281;14:50;0:18.362;0:32.678;0:32.585;232.8;Lucas Ordoñez;;
1;0;126;1:23.201;0;;18.099;0;32.173;0;32.929;0;173.2;2:58:24.482;14:51;0:18.099;0:32.173;0:32.929;234.8;Lucas Ordoñez;;
1;0;127;1:24.253;0;;18.255;0;33.002;0;32.996;0;171.0;2:59:48.735;14:53;0:18.255;0:33.002;0:32.996;234.3;Lucas Ordoñez;;
1;0;128;1:23.065;0;;18.141;0;32.192;0;32.732;0;173.5;3:01:11.800;14:54;0:18.141;0:32.192;0:32.732;234.3;Lucas Ordoñez;;
1;0;129;1:26.754;0;;18.044;0;32.918;0;35.792;0;166.1;3:02:38.554;14:56;0:18.044;0:32.918;0:35.792;233.3;Lucas Ordoñez;;
1;0;130;2:03.114;0;B;19.438;0;47.376;0;56.300;0;117.1;3:04:41.668;14:58;0:19.438;0:47.376;0:56.300;129.0;Lucas Ordoñez;;
1;0;131;2:24.383;0;;1:02.692;0;40.378;0;41.313;0;99.8;3:07:06.051;15:00;1:02.692;0:40.378;0:41.313;161.0;Lucas Ordoñez;0:00:47;
1;0;132;2:03.308;0;;30.560;0;46.879;0;45.869;0;116.9;3:09:09.359;15:02;0:30.560;0:46.879;0:45.869;142.5;Lucas Ordoñez;;
1;0;133;1:58.586;0;;26.264;0;47.005;0;45.317;0;121.5;3:11:07.945;15:04;0:26.264;0:47.005;0:45.317;139.0;Lucas Ordoñez;;
1;0;134;2:00.638;0;;26.571;0;48.428;0;45.639;0;119.5;3:13:08.583;15:06;0:26.571;0:48.428;0:45.639;137.4;Lucas Ordoñez;;
1;0;135;1:58.728;0;;26.268;0;46.631;0;45.829;0;121.4;3:15:07.311;15:08;0:26.268;0:46.631;0:45.829;135.0;Lucas Ordoñez;;
1;0;136;2:02.675;0;;27.740;0;48.240;0;46.695;0;117.5;3:17:09.986;15:10;0:27.740;0:48.240;0:46.695;137.4;Lucas Ordoñez;;
1;0;137;1:58.088;0;;27.858;0;46.612;0;43.618;0;122.0;3:19:08.074;15:12;0:27.858;0:46.612;0:43.618;137.1;Lucas Ordoñez;;
1;0;138;1:35.556;0;;18.761;0;33.204;0;43.591;0;150.8;3:20:43.630;15:14;0:18.761;0:33.204;0:43.591;233.8;Lucas Ordoñez;;
1;0;139;1:26.934;0;;19.622;0;33.954;0;33.358;0;165.8;3:22:10.564;15:15;0:19.622;0:33.954;0:33.358;232.3;Lucas Ordoñez;;
1;0;140;1:24.343;0;;18.537;0;32.924;0;32.882;0;170.9;3:23:34.907;15:16;0:18.537;0:32.924;0:32.882;234.3;Lucas Ordoñez;;
1;0;141;1:23.828;0;;18.368;0;32.716;0;32.744;0;171.9;3:24:58.735;15:18;0:18.368;0:32.716;0:32.744;233.3;Lucas Ordoñez;;
1;0;142;1:23.468;0;;18.384;0;32.523;0;32.561;0;172.7;3:26:22.203;15:19;0:18.384;0:32.523;0:32.561;230.8;Lucas Ordoñez;;
1;0;143;1:23.857;0;;18.286;0;32.583;0;32.988;0;171.8;3:27:46.060;15:21;0:18.286;0:32.583;0:32.988;231.8;Lucas Ordoñez;;
1;0;144;1:23.717;0;;18.389;0;32.476;0;32.852;0;172.1;3:29:09.777;15:22;0:18.389;0:32.476;0:32.852;231.8;Lucas Ordoñez;;
1;0;145;1:23.432;0;;18.300;0;32.406;0;32.726;0;172.7;3:30:33.209;15:23;0:18.300;0:32.406;0:32.726;232.8;Lucas Ordoñez;;
1;0;146;1:23.510;0;;18.333;0;32.365;0;32.812;0;172.6;3:31:56.719;15:25;0:18.333;0:32.365;0:32.812;233.3;Lucas Ordoñez;;
1;0;147;1:23.354;0;;18.302;0;32.447;0;32.605;0;172.9;3:33:20.073;15:26;0:18.302;0:32.447;0:32.605;232.3;Lucas Ordoñez;;
1;0;148;1:23.507;0;;18.286;0;32.513;0;32.708;0;172.6;3:34:43.580;15:28;0:18.286;0:32.513;0:32.708;232.8;Lucas Ordoñez;;
1;0;149;1:24.245;0;;18.375;0;32.412;0;33.458;0;171.1;3:36:07.825;15:29;0:18.375;0:32.412;0:33.458;234.3;Lucas Ordoñez;;
1;0;150;1:25.231;0;;18.394;0;33.911;0;32.926;0;169.1;3:37:33.056;15:30;0:18.394;0:33.911;0:32.926;233.3;Lucas Ordoñez;;
1;0;151;1:23.716;0;;18.378;0;32.513;0;32.825;0;172.1;3:38:56.772;15:32;0:18.378;0:32.513;0:32.825;233.3;Lucas Ordoñez;;
1;0;152;1:25.736;0;;18.293;0;34.319;0;33.124;0;168.1;3:40:22.508;15:33;0:18.293;0:34.319;0:33.124;232.8;Lucas Ordoñez;;
1;0;153;1:24.043;0;;18.534;0;32.626;0;32.883;0;171.5;3:41:46.551;15:35;0:18.534;0:32.626;0:32.883;232.8;Lucas Ordoñez;;
1;0;154;1:23.546;0;;18.280;0;32.405;0;32.861;0;172.5;3:43:10.097;15:36;0:18.280;0:32.405;0:32.861;231.3;Lucas Ordoñez;;
1;0;155;1:23.686;0;;18.347;0;32.511;0;32.828;0;172.2;3:44:33.783;15:37;0:18.347;0:32.511;0:32.828;233.3;Lucas Ordoñez;;
1;0;156;1:23.479;0;;18.183;0;32.394;0;32.902;0;172.6;3:45:57.262;15:39;0:18.183;0:32.394;0:32.902;232.3;Lucas Ordoñez;;
1;0;157;1:23.968;0;;18.334;0;32.576;0;33.058;0;171.6;3:47:21.230;15:40;0:18.334;0:32.576;0:33.058;233.8;Lucas Ordoñez;;
1;0;158;1:23.461;0;;18.181;0;32.451;0;32.829;0;172.7;3:48:44.691;15:42;0:18.181;0:32.451;0:32.829;234.8;Lucas Ordoñez;;
1;0;159;1:23.322;0;;18.088;0;32.357;0;32.877;0;173.0;3:50:08.013;15:43;0:18.088;0:32.357;0:32.877;233.8;Lucas Ordoñez;;
1;0;160;1:22.995;0;;18.122;0;32.231;0;32.642;0;173.6;3:51:31.008;15:44;0:18.122;0:32.231;0:32.642;234.3;Lucas Ordoñez;;
1;0;161;1:23.059;0;;18.219;0;32.304;0;32.536;0;173.5;3:52:54.067;15:46;0:18.219;0:32.304;0:32.536;234.8;Lucas Ordoñez;;
1;0;162;1:24.361;0;;18.149;0;33.244;0;32.968;0;170.8;3:54:18.428;15:47;0:18.149;0:33.244;0:32.968;235.3;Lucas Ordoñez;;
1;0;163;1:31.715;0;B;18.407;0;35.954;0;37.354;0;157.1;3:55:50.143;15:49;0:18.407;0:35.954;0:37.354;233.3;Lucas Ordoñez;;
1;1;164;2:50.483;0;;1:37.201;0;38.951;0;34.331;0;84.5;3:58:40.626;15:52;1:37.201;0:38.951;0:34.331;228.3;Tom Kimber-Smith;0:01:24;
1;1;165;1:23.051;0;;18.302;0;32.005;0;32.744;0;173.5;4:00:03.677;15:53;0:18.302;0:32.005;0:32.744;233.8;Tom Kimber-Smith;;
1;1;166;1:22.325;0;;18.089;0;31.814;1;32.422;0;175.0;4:01:26.002;15:54;0:18.089;0:31.814;0:32.422;232.3;Tom Kimber-Smith;;
1;1;167;1:22.809;0;;18.043;0;32.290;0;32.476;0;174.0;4:02:48.811;15:56;0:18.043;0:32.290;0:32.476;232.8;Tom Kimber-Smith;;
1;1;168;1:22.589;0;;18.086;0;31.990;0;32.513;0;174.5;4:04:11.400;15:57;0:18.086;0:31.990;0:32.513;233.8;Tom Kimber-Smith;;
1;1;169;1:22.622;0;;18.018;0;31.867;0;32.737;0;174.4;4:05:34.022;15:58;0:18.018;0:31.867;0:32.737;232.3;Tom Kimber-Smith;;
1;1;170;1:22.378;0;;18.233;0;31.879;0;32.266;0;174.9;4:06:56.400;16:00;0:18.233;0:31.879;0:32.266;230.8;Tom Kimber-Smith;;
1;1;171;1:22.428;0;;17.951;0;31.998;0;32.479;0;174.8;4:08:18.828;16:01;0:17.951;0:31.998;0:32.479;231.3;Tom Kimber-Smith;;
1;1;172;1:22.822;0;;18.022;0;32.339;0;32.461;0;174.0;4:09:41.650;16:03;0:18.022;0:32.339;0:32.461;232.3;Tom Kimber-Smith;;
1;1;173;1:23.379;0;;18.046;0;32.097;0;33.236;0;172.8;4:11:05.029;16:04;0:18.046;0:32.097;0:33.236;231.8;Tom Kimber-Smith;;
1;1;174;1:22.522;0;;18.050;0;32.060;0;32.412;0;174.6;4:12:27.551;16:05;0:18.050;0:32.060;0:32.412;230.8;Tom Kimber-Smith;;
1;1;175;1:23.404;0;;18.099;0;32.177;0;33.128;0;172.8;4:13:50.955;16:07;0:18.099;0:32.177;0:33.128;233.8;Tom Kimber-Smith;;
1;1;176;1:22.496;0;;18.015;0;31.982;0;32.499;0;174.7;4:15:13.451;16:08;0:18.015;0:31.982;0:32.499;231.3;Tom Kimber-Smith;;
1;1;177;1:23.050;0;;18.123;0;32.475;0;32.452;0;173.5;4:16:36.501;16:09;0:18.123;0:32.475;0:32.452;231.8;Tom Kimber-Smith;;
1;1;178;1:22.799;0;;18.117;0;32.185;0;32.497;0;174.0;4:17:59.300;16:11;0:18.117;0:32.185;0:32.497;231.8;Tom Kimber-Smith;;
1;1;179;1:23.497;0;;18.086;0;32.474;0;32.937;0;172.6;4:19:22.797;16:12;0:18.086;0:32.474;0:32.937;231.3;Tom Kimber-Smith;;
1;1;180;1:23.646;0;;18.544;0;32.428;0;32.674;0;172.3;4:20:46.443;16:14;0:18.544;0:32.428;0:32.674;232.3;Tom Kimber-Smith;;
1;1;181;1:22.285;0;;18.055;0;31.933;0;32.297;0;175.1;4:22:08.728;16:15;0:18.055;0:31.933;0:32.297;232.8;Tom Kimber-Smith;;
1;1;182;1:22.378;0;;17.998;0;32.187;0;32.193;0;174.9;4:23:31.106;16:16;0:17.998;0:32.187;0:32.193;232.8;Tom Kimber-Smith;;
1;1;183;1:22.452;0;;18.078;0;32.154;0;32.220;0;174.8;4:24:53.558;16:18;0:18.078;0:32.154;0:32.220;232.3;Tom Kimber-Smith;;
1;1;184;1:22.922;0;;18.071;0;32.414;0;32.437;0;173.8;4:26:16.480;16:19;0:18.071;0:32.414;0:32.437;232.8;Tom Kimber-Smith;;
1;1;185;1:23.610;0;;18.053;0;33.099;0;32.458;0;172.4;4:27:40.090;16:21;0:18.053;0:33.099;0:32.458;231.3;Tom Kimber-Smith;;
1;1;186;1:22.959;0;;18.032;0;32.195;0;32.732;0;173.7;4:29:03.049;16:22;0:18.032;0:32.195;0:32.732;233.3;Tom Kimber-Smith;;
1;1;187;1:22.331;0;;18.060;0;32.035;0;32.236;0;175.0;4:30:25.380;16:23;0:18.060;0:32.035;0:32.236;233.3;Tom Kimber-Smith;;
1;1;188;1:22.097;0;;18.046;0;31.982;0;32.069;0;175.5;4:31:47.477;16:25;0:18.046;0:31.982;0:32.069;233.3;Tom Kimber-Smith;;
1;1;189;1:22.594;0;;18.081;0;31.966;0;32.547;0;174.5;4:33:10.071;16:26;0:18.081;0:31.966;0:32.547;234.8;Tom Kimber-Smith;;
1;1;190;1:22.272;0;;18.035;0;31.816;0;32.421;0;175.2;4:34:32.343;16:27;0:18.035;0:31.816;0:32.421;234.3;Tom Kimber-Smith;;
1;1;191;1:21.956;0;;18.000;0;31.879;0;32.077;0;175.8;4:35:54.299;16:29;0:18.000;0:31.879;0:32.077;231.8;Tom Kimber-Smith;;
1;1;192;1:22.155;0;;18.045;0;32.003;0;32.107;0;175.4;4:37:16.454;16:30;0:18.045;0:32.003;0:32.107;231.8;Tom Kimber-Smith;;
1;1;193;1:22.178;0;;18.098;0;31.942;0;32.138;0;175.4;4:38:38.632;16:32;0:18.098;0:31.942;0:32.138;232.3;Tom Kimber-Smith;;
1;1;194;1:23.431;0;;17.970;0;32.650;0;32.811;0;172.7;4:40:02.063;16:33;0:17.970;0:32.650;0:32.811;231.3;Tom Kimber-Smith;;
1;1;195;1:26.202;0;B;18.003;0;32.337;0;35.862;0;167.2;4:41:28.265;16:34;0:18.003;0:32.337;0:35.862;232.8;Tom Kimber-Smith;;
1;1;196;2:43.688;0;;1:38.016;0;32.644;0;33.028;0;88.0;4:44:11.953;16:37;1:38.016;0:32.644;0:33.028;232.8;Tom Kimber-Smith;0:01:24;
1;1;197;1:24.017;0;;18.275;0;33.129;0;32.613;0;171.5;4:45:35.970;16:38;0:18.275;0:33.129;0:32.613;229.3;Tom Kimber-Smith;;
1;1;198;1:22.790;0;;18.203;0;32.151;0;32.436;0;174.1;4:46:58.760;16:40;0:18.203;0:32.151;0:32.436;232.8;Tom Kimber-Smith;;
1;1;199;1:22.371;0;;18.086;0;32.160;0;32.125;0;174.9;4:48:21.131;16:41;0:18.086;0:32.160;0:32.125;232.3;Tom Kimber-Smith;;
1;1;200;1:24.739;0;;18.064;0;34.285;0;32.390;0;170.1;4:49:45.870;16:43;0:18.064;0:34.285;0:32.390;233.3;Tom Kimber-Smith;;
1;1;201;1:23.094;0;;18.292;0;32.478;0;32.324;0;173.4;4:51:08.964;16:44;0:18.292;0:32.478;0:32.324;233.8;Tom Kimber-Smith;;
1;1;202;1:23.279;0;;18.345;0;32.497;0;32.437;0;173.0;4:52:32.243;16:45;0:18.345;0:32.497;0:32.437;234.3;Tom Kimber-Smith;;
1;1;203;1:23.443;0;;18.072;0;33.071;0;32.300;0;172.7;4:53:55.686;16:47;0:18.072;0:33.071;0:32.300;229.3;Tom Kimber-Smith;;
1;1;204;1:22.557;0;;18.077;0;32.139;0;32.341;0;174.6;4:55:18.243;16:48;0:18.077;0:32.139;0:32.341;232.3;Tom Kimber-Smith;;
1;1;205;1:23.672;0;;18.155;0;32.084;0;33.433;0;172.2;4:56:41.915;16:50;0:18.155;0:32.084;0:33.433;234.3;Tom Kimber-Smith;;
1;1;206;1:22.862;0;;18.085;0;32.328;0;32.449;0;173.9;4:58:04.777;16:51;0:18.085;0:32.328;0:32.449;231.8;Tom Kimber-Smith;;
1;1;207;1:23.244;0;;18.187;0;32.330;0;32.727;0;173.1;4:59:28.021;16:52;0:18.187;0:32.330;0:32.727;229.8;Tom Kimber-Smith;;
1;1;208;1:22.449;0;;18.075;0;32.094;0;32.280;0;174.8;5:00:50.470;16:54;0:18.075;0:32.094;0:32.280;231.8;Tom Kimber-Smith;;
1;1;209;1:22.778;0;;18.048;0;31.877;0;32.853;0;174.1;5:02:13.248;16:55;0:18.048;0:31.877;0:32.853;233.8;Tom Kimber-Smith;;
1;1;210;1:22.450;0;;18.017;0;32.216;0;32.217;0;174.8;5:03:35.698;16:56;0:18.017;0:32.216;0:32.217;232.3;Tom Kimber-Smith;;
1;1;211;1:22.429;0;;18.038;0;32.225;0;32.166;0;174.8;5:04:58.127;16:58;0:18.038;0:32.225;0:32.166;232.3;Tom Kimber-Smith;;
1;1;212;1:24.455;0;;18.147;0;32.100;0;34.208;0;170.6;5:06:22.582;16:59;0:18.147;0:32.100;0:34.208;232.3;Tom Kimber-Smith;;
1;1;213;1:36.368;0;B;18.971;0;35.638;0;41.759;0;149.5;5:07:58.950;17:01;0:18.971;0:35.638;0:41.759;200.4;Tom Kimber-Smith;;
1;1;214;24:59.990;0;;23:51.385;0;34.147;0;34.458;0;9.6;5:32:58.940;17:26;23:51.385;0:34.147;0:34.458;226.4;Tom Kimber-Smith;0:23:36;
1;1;215;1:23.545;0;;18.468;0;32.426;0;32.651;0;172.5;5:34:22.485;17:27;0:18.468;0:32.426;0:32.651;229.3;Tom Kimber-Smith;;
1;1;216;1:24.600;0;;18.515;0;33.180;0;32.905;0;170.3;5:35:47.085;17:29;0:18.515;0:33.180;0:32.905;225.5;Tom Kimber-Smith;;
1;1;217;1:22.862;0;;18.244;0;32.128;0;32.490;0;173.9;5:37:09.947;17:30;0:18.244;0:32.128;0:32.490;228.8;Tom Kimber-Smith;;
1;1;218;1:23.502;0;;18.162;0;32.859;0;32.481;0;172.6;5:38:33.449;17:31;0:18.162;0:32.859;0:32.481;228.8;Tom Kimber-Smith;;
1;1;219;1:22.266;0;;18.057;0;31.817;0;32.392;0;175.2;5:39:55.715;17:33;0:18.057;0:31.817;0:32.392;230.8;Tom Kimber-Smith;;
1;1;220;1:23.640;0;;18.128;0;33.115;0;32.397;0;172.3;5:41:19.355;17:34;0:18.128;0:33.115;0:32.397;231.3;Tom Kimber-Smith;;
1;1;221;1:22.042;0;;17.962;0;31.950;0;32.130;0;175.7;5:42:41.397;17:36;0:17.962;0:31.950;0:32.130;231.3;Tom Kimber-Smith;;
1;1;222;1:22.613;0;;17.984;0;32.302;0;32.327;0;174.4;5:44:04.010;17:37;0:17.984;0:32.302;0:32.327;231.3;Tom Kimber-Smith;;
1;1;223;1:22.115;0;;18.000;0;31.911;0;32.204;0;175.5;5:45:26.125;17:38;0:18.000;0:31.911;0:32.204;230.8;Tom Kimber-Smith;;
1;1;224;1:22.231;0;;17.970;0;31.884;0;32.377;0;175.2;5:46:48.356;17:40;0:17.970;0:31.884;0:32.377;229.8;Tom Kimber-Smith;;
1;1;225;1:21.920;0;;17.910;0;31.826;0;32.184;0;175.9;5:48:10.276;17:41;0:17.910;0:31.826;0:32.184;230.3;Tom Kimber-Smith;;
1;1;226;1:22.556;0;;17.885;2;32.085;0;32.586;0;174.6;5:49:32.832;17:42;0:17.885;0:32.085;0:32.586;231.8;Tom Kimber-Smith;;
1;1;227;1:21.862;2;;17.940;0;31.888;0;32.034;2;176.0;5:50:54.694;17:44;0:17.940;0:31.888;0:32.034;231.3;Tom Kimber-Smith;;
1;1;228;1:21.931;0;;17.895;0;31.836;0;32.200;0;175.9;5:52:16.625;17:45;0:17.895;0:31.836;0:32.200;232.8;Tom Kimber-Smith;;
1;1;229;1:23.230;0;;17.958;0;32.894;0;32.378;0;173.1;5:53:39.855;17:47;0:17.958;0:32.894;0:32.378;228.8;Tom Kimber-Smith;;
1;1;230;1:22.245;0;;17.957;0;32.068;0;32.220;0;175.2;5:55:02.100;17:48;0:17.957;0:32.068;0:32.220;229.8;Tom Kimber-Smith;;
1;1;231;1:22.125;0;;17.887;0;32.109;0;32.129;0;175.5;5:56:24.225;17:49;0:17.887;0:32.109;0:32.129;231.3;Tom Kimber-Smith;;
1;1;232;1:22.575;0;;17.999;0;32.141;0;32.435;0;174.5;5:57:46.800;17:51;0:17.999;0:32.141;0:32.435;232.3;Tom Kimber-Smith;;
1;1;233;1:23.991;0;;18.222;0;33.183;0;32.586;0;171.6;5:59:10.791;17:52;0:18.222;0:33.183;0:32.586;231.8;Tom Kimber-Smith;;
1;1;234;1:24.970;0;;18.026;0;32.539;0;34.405;0;169.6;6:00:35.761;17:53;0:18.026;0:32.539;0:34.405;231.3;Tom Kimber-Smith;;
10;1;1;2:10.864;0;B;22.613;0;1:08.652;0;39.599;0;110.1;2:10.864;11:55;0:22.613;1:08.652;0:39.599;225.0;Soheil Ayari;;
10;1;2;4:50.860;0;;3:40.627;0;36.056;0;34.177;0;49.5;7:01.724;12:00;3:40.627;0:36.056;0:34.177;214.3;Soheil Ayari;0:03:27;
10;1;3;1:25.448;0;;18.889;0;33.018;0;33.541;0;168.6;8:27.172;12:01;0:18.889;0:33.018;0:33.541;228.8;Soheil Ayari;;
10;1;4;1:24.711;0;;18.368;0;32.886;0;33.457;0;170.1;9:51.883;12:03;0:18.368;0:32.886;0:33.457;229.8;Soheil Ayari;;
10;1;5;1:24.857;0;;18.503;0;32.781;0;33.573;0;169.8;11:16.740;12:04;0:18.503;0:32.781;0:33.573;229.8;Soheil Ayari;;
10;1;6;1:24.630;0;;18.435;0;32.865;0;33.330;0;170.3;12:41.370;12:06;0:18.435;0:32.865;0:33.330;228.3;Soheil Ayari;;
10;1;7;1:24.581;0;;18.623;0;32.698;0;33.260;0;170.4;14:05.951;12:07;0:18.623;0:32.698;0:33.260;229.8;Soheil Ayari;;
10;1;8;1:25.195;0;;19.390;0;32.564;0;33.241;0;169.2;15:31.146;12:08;0:19.390;0:32.564;0:33.241;230.8;Soheil Ayari;;
10;1;9;1:24.737;0;;18.475;0;32.585;0;33.677;0;170.1;16:55.883;12:10;0:18.475;0:32.585;0:33.677;230.8;Soheil Ayari;;
10;1;10;1:26.027;0;;19.211;0;33.288;0;33.528;0;167.5;18:21.910;12:11;0:19.211;0:33.288;0:33.528;230.3;Soheil Ayari;;
10;1;11;1:25.797;0;;18.555;0;34.146;0;33.096;0;168.0;19:47.707;12:13;0:18.555;0:34.146;0:33.096;229.3;Soheil Ayari;;
10;1;12;1:24.551;0;;18.593;0;33.009;0;32.949;0;170.4;21:12.258;12:14;0:18.593;0:33.009;0:32.949;229.8;Soheil Ayari;;
10;1;13;1:23.998;0;;18.247;0;32.463;0;33.288;0;171.6;22:36.256;12:15;0:18.247;0:32.463;0:33.288;230.8;Soheil Ayari;;
10;1;14;1:23.983;0;;18.358;0;32.429;0;33.196;0;171.6;24:00.239;12:17;0:18.358;0:32.429;0:33.196;230.8;Soheil Ayari;;
10;1;15;1:23.512;0;;18.280;0;32.334;0;32.898;0;172.6;25:23.751;12:18;0:18.280;0:32.334;0:32.898;230.3;Soheil Ayari;;
10;1;16;1:23.840;0;;18.286;0;32.393;0;33.161;0;171.9;26:47.591;12:20;0:18.286;0:32.393;0:33.161;228.8;Soheil Ayari;;
10;1;17;1:22.925;0;;18.199;0;32.054;0;32.672;0;173.8;28:10.516;12:21;0:18.199;0:32.054;0:32.672;230.8;Soheil Ayari;;
10;1;18;1:23.965;0;;18.156;0;32.390;0;33.419;0;171.6;29:34.481;12:22;0:18.156;0:32.390;0:33.419;228.3;Soheil Ayari;;
10;1;19;1:24.165;0;;18.490;0;32.678;0;32.997;0;171.2;30:58.646;12:24;0:18.490;0:32.678;0:32.997;228.8;Soheil Ayari;;
10;1;20;1:24.045;0;;18.247;0;32.399;0;33.399;0;171.5;32:22.691;12:25;0:18.247;0:32.399;0:33.399;229.8;Soheil Ayari;;
10;1;21;1:23.561;0;;18.247;0;32.317;0;32.997;0;172.5;33:46.252;12:27;0:18.247;0:32.317;0:32.997;229.8;Soheil Ayari;;
10;1;22;1:24.845;0;;18.184;0;33.407;0;33.254;0;169.8;35:11.097;12:28;0:18.184;0:33.407;0:33.254;227.4;Soheil Ayari;;
10;1;23;1:24.610;0;;18.285;0;33.044;0;33.281;0;170.3;36:35.707;12:29;0:18.285;0:33.044;0:33.281;228.3;Soheil Ayari;;
10;1;24;1:26.781;0;;18.302;0;34.771;0;33.708;0;166.1;38:02.488;12:31;0:18.302;0:34.771;0:33.708;227.8;Soheil Ayari;;
10;1;25;1:24.291;0;;18.264;0;32.815;0;33.212;0;171.0;39:26.779;12:32;0:18.264;0:32.815;0:33.212;228.8;Soheil Ayari;;
10;1;26;1:23.369;0;;18.156;0;32.201;0;33.012;0;172.9;40:50.148;12:34;0:18.156;0:32.201;0:33.012;230.8;Soheil Ayari;;
10;1;27;1:23.159;0;;18.197;0;32.130;0;32.832;0;173.3;42:13.307;12:35;0:18.197;0:32.130;0:32.832;232.3;Soheil Ayari;;
10;1;28;1:23.218;0;;18.204;0;32.210;0;32.804;0;173.2;43:36.525;12:36;0:18.204;0:32.210;0:32.804;230.8;Soheil Ayari;;
10;1;29;1:23.070;0;;18.150;0;32.197;0;32.723;0;173.5;44:59.595;12:38;0:18.150;0:32.197;0:32.723;231.8;Soheil Ayari;;
10;1;30;1:23.406;0;;18.143;0;32.178;0;33.085;0;172.8;46:23.001;12:39;0:18.143;0:32.178;0:33.085;230.3;Soheil Ayari;;
10;1;31;1:24.640;0;;18.167;0;33.139;0;33.334;0;170.3;47:47.641;12:41;0:18.167;0:33.139;0:33.334;230.8;Soheil Ayari;;
10;1;32;1:28.429;0;B;18.312;0;32.871;0;37.246;0;163.0;49:16.070;12:42;0:18.312;0:32.871;0:37.246;216.9;Soheil Ayari;;
10;1;33;2:07.606;0;;1:01.442;0;32.696;0;33.468;0;112.9;51:23.676;12:44;1:01.442;0:32.696;0:33.468;229.3;Soheil Ayari;0:00:48;
10;1;34;1:24.089;0;;18.397;0;32.457;0;33.235;0;171.4;52:47.765;12:46;0:18.397;0:32.457;0:33.235;229.3;Soheil Ayari;;
10;1;35;1:24.220;0;;18.297;0;32.924;0;32.999;0;171.1;54:11.985;12:47;0:18.297;0:32.924;0:32.999;228.3;Soheil Ayari;;
10;1;36;1:23.816;0;;18.275;0;32.400;0;33.141;0;171.9;55:35.801;12:48;0:18.275;0:32.400;0:33.141;228.8;Soheil Ayari;;
10;1;37;1:23.623;0;;18.272;0;32.411;0;32.940;0;172.3;56:59.424;12:50;0:18.272;0:32.411;0:32.940;230.3;Soheil Ayari;;
10;1;38;1:23.513;0;;18.240;0;32.513;0;32.760;0;172.6;58:22.937;12:51;0:18.240;0:32.513;0:32.760;231.3;Soheil Ayari;;
10;1;39;1:31.747;0;;18.162;0;40.266;0;33.319;0;157.1;59:54.684;12:53;0:18.162;0:40.266;0:33.319;228.3;Soheil Ayari;;
10;1;40;1:24.479;0;;18.425;0;33.017;0;33.037;0;170.6;1:01:19.163;12:54;0:18.425;0:33.017;0:33.037;230.8;Soheil Ayari;;
10;1;41;1:24.191;0;;18.358;0;32.755;0;33.078;0;171.2;1:02:43.354;12:56;0:18.358;0:32.755;0:33.078;230.3;Soheil Ayari;;
10;1;42;1:24.532;0;;18.274;0;32.771;0;33.487;0;170.5;1:04:07.886;12:57;0:18.274;0:32.771;0:33.487;229.8;Soheil Ayari;;
10;1;43;1:25.075;0;;18.347;0;32.976;0;33.752;0;169.4;1:05:32.961;12:58;0:18.347;0:32.976;0:33.752;231.3;Soheil Ayari;;
10;1;44;1:26.301;0;;18.437;0;34.367;0;33.497;0;167.0;1:06:59.262;13:00;0:18.437;0:34.367;0:33.497;230.3;Soheil Ayari;;
10;1;45;1:24.799;0;;18.311;0;32.633;0;33.855;0;169.9;1:08:24.061;13:01;0:18.311;0:32.633;0:33.855;232.3;Soheil Ayari;;
10;1;46;1:24.561;0;;18.391;0;32.772;0;33.398;0;170.4;1:09:48.622;13:03;0:18.391;0:32.772;0:33.398;231.3;Soheil Ayari;;
10;1;47;1:26.580;0;;18.534;0;33.587;0;34.459;0;166.4;1:11:15.202;13:04;0:18.534;0:33.587;0:34.459;204.5;Soheil Ayari;;
10;1;48;1:24.515;0;;18.514;0;32.784;0;33.217;0;170.5;1:12:39.717;13:06;0:18.514;0:32.784;0:33.217;230.8;Soheil Ayari;;
10;1;49;1:24.702;0;;18.471;0;32.921;0;33.310;0;170.1;1:14:04.419;13:07;0:18.471;0:32.921;0:33.310;230.8;Soheil Ayari;;
10;1;50;1:25.222;0;;18.406;0;33.247;0;33.569;0;169.1;1:15:29.641;13:08;0:18.406;0:33.247;0:33.569;230.3;Soheil Ayari;;
10;1;51;1:24.086;0;;18.304;0;32.661;0;33.121;0;171.4;1:16:53.727;13:10;0:18.304;0:32.661;0:33.121;230.3;Soheil Ayari;;
10;1;52;1:23.993;0;;18.238;0;32.818;0;32.937;0;171.6;1:18:17.720;13:11;0:18.238;0:32.818;0:32.937;231.3;Soheil Ayari;;
10;1;53;1:24.888;0;;18.234;0;33.572;0;33.082;0;169.8;1:19:42.608;13:13;0:18.234;0:33.572;0:33.082;230.8;Soheil Ayari;;
10;1;54;1:23.522;0;;18.170;0;32.407;0;32.945;0;172.5;1:21:06.130;13:14;0:18.170;0:32.407;0:32.945;232.3;Soheil Ayari;;
10;1;55;1:25.637;0;;18.755;0;33.563;0;33.319;0;168.3;1:22:31.767;13:15;0:18.755;0:33.563;0:33.319;230.8;Soheil Ayari;;
10;1;56;1:26.986;0;;19.874;0;34.080;0;33.032;0;165.7;1:23:58.753;13:17;0:19.874;0:34.080;0:33.032;230.3;Soheil Ayari;;
10;1;57;1:26.058;0;;18.335;0;33.813;0;33.910;0;167.5;1:25:24.811;13:18;0:18.335;0:33.813;0:33.910;231.8;Soheil Ayari;;
10;1;58;1:25.714;0;;19.134;0;33.151;0;33.429;0;168.1;1:26:50.525;13:20;0:19.134;0:33.151;0:33.429;231.3;Soheil Ayari;;
10;1;59;1:24.421;0;;18.265;0;32.864;0;33.292;0;170.7;1:28:14.946;13:21;0:18.265;0:32.864;0:33.292;231.3;Soheil Ayari;;
10;1;60;1:23.990;0;;18.263;0;32.587;0;33.140;0;171.6;1:29:38.936;13:23;0:18.263;0:32.587;0:33.140;230.8;Soheil Ayari;;
10;1;61;1:23.829;0;;18.262;0;32.626;0;32.941;0;171.9;1:31:02.765;13:24;0:18.262;0:32.626;0:32.941;232.3;Soheil Ayari;;
10;1;62;1:23.577;0;;18.123;0;32.552;0;32.902;0;172.4;1:32:26.342;13:25;0:18.123;0:32.552;0:32.902;231.8;Soheil Ayari;;
10;1;63;1:23.666;0;;18.219;0;32.379;0;33.068;0;172.2;1:33:50.008;13:27;0:18.219;0:32.379;0:33.068;231.3;Soheil Ayari;;
10;1;64;1:23.319;0;;18.187;0;32.353;0;32.779;0;173.0;1:35:13.327;13:28;0:18.187;0:32.353;0:32.779;231.8;Soheil Ayari;;
10;1;65;1:25.264;0;;18.337;0;33.140;0;33.787;0;169.0;1:36:38.591;13:30;0:18.337;0:33.140;0:33.787;233.3;Soheil Ayari;;
10;1;66;1:33.882;0;B;18.877;0;35.819;0;39.186;0;153.5;1:38:12.473;13:31;0:18.877;0:35.819;0:39.186;229.8;Soheil Ayari;;
10;0;67;2:54.099;0;;1:45.347;0;34.018;0;34.734;0;82.8;1:41:06.572;13:34;1:45.347;0:34.018;0:34.734;228.8;Luis Perez Companc;0:01:32;
10;0;68;1:26.594;0;;18.664;0;33.313;0;34.617;0;166.4;1:42:33.166;13:35;0:18.664;0:33.313;0:34.617;226.4;Luis Perez Companc;;
10;0;69;1:25.642;0;;18.676;0;33.164;0;33.802;0;168.3;1:43:58.808;13:37;0:18.676;0:33.164;0:33.802;227.8;Luis Perez Companc;;
10;0;70;1:25.275;0;;18.548;0;32.681;0;34.046;0;169.0;1:45:24.083;13:38;0:18.548;0:32.681;0:34.046;226.9;Luis Perez Companc;;
10;0;71;1:26.268;0;;18.406;0;33.268;0;34.594;0;167.0;1:46:50.351;13:40;0:18.406;0:33.268;0:34.594;226.4;Luis Perez Companc;;
10;0;72;1:25.632;0;;18.597;0;32.773;0;34.262;0;168.3;1:48:15.983;13:41;0:18.597;0:32.773;0:34.262;229.8;Luis Perez Companc;;
10;0;73;1:25.360;0;;18.589;0;33.027;0;33.744;0;168.8;1:49:41.343;13:43;0:18.589;0:33.027;0:33.744;228.8;Luis Perez Companc;;
10;0;74;1:26.917;0;;18.946;0;33.984;0;33.987;0;165.8;1:51:08.260;13:44;0:18.946;0:33.984;0:33.987;228.8;Luis Perez Companc;;
10;0;75;1:25.680;0;;18.375;0;33.546;0;33.759;0;168.2;1:52:33.940;13:45;0:18.375;0:33.546;0:33.759;227.8;Luis Perez Companc;;
10;0;76;1:24.693;0;;18.420;0;32.904;0;33.369;0;170.2;1:53:58.633;13:47;0:18.420;0:32.904;0:33.369;229.3;Luis Perez Companc;;
10;0;77;1:24.155;0;;18.436;0;32.804;0;32.915;1;171.2;1:55:22.788;13:48;0:18.436;0:32.804;0:32.915;228.3;Luis Perez Companc;;
10;0;78;1:24.855;0;;18.328;0;32.832;0;33.695;0;169.8;1:56:47.643;13:50;0:18.328;0:32.832;0:33.695;230.3;Luis Perez Companc;;
10;0;79;1:25.888;0;;18.390;0;33.926;0;33.572;0;167.8;1:58:13.531;13:51;0:18.390;0:33.926;0:33.572;229.8;Luis Perez Companc;;
10;0;80;1:24.927;0;;18.271;0;32.870;0;33.786;0;169.7;1:59:38.458;13:53;0:18.271;0:32.870;0:33.786;230.8;Luis Perez Companc;;
10;0;81;1:25.519;0;;18.982;0;32.900;0;33.637;0;168.5;2:01:03.977;13:54;0:18.982;0:32.900;0:33.637;230.3;Luis Perez Companc;;
10;0;82;1:24.280;0;;18.251;0;32.619;0;33.410;0;171.0;2:02:28.257;13:55;0:18.251;0:32.619;0:33.410;229.8;Luis Perez Companc;;
10;0;83;1:24.351;0;;18.382;0;32.748;0;33.221;0;170.8;2:03:52.608;13:57;0:18.382;0:32.748;0:33.221;228.3;Luis Perez Companc;;
10;0;84;1:23.985;0;;18.268;0;32.592;0;33.125;0;171.6;2:05:16.593;13:58;0:18.268;0:32.592;0:33.125;230.3;Luis Perez Companc;;
10;0;85;1:24.897;0;;18.220;0;32.645;0;34.032;0;169.7;2:06:41.490;14:00;0:18.220;0:32.645;0:34.032;229.3;Luis Perez Companc;;
10;0;86;1:25.441;0;;19.090;0;32.961;0;33.390;0;168.7;2:08:06.931;14:01;0:19.090;0:32.961;0:33.390;229.8;Luis Perez Companc;;
10;0;87;1:26.261;0;;18.395;0;32.718;0;35.148;0;167.1;2:09:33.192;14:02;0:18.395;0:32.718;0:35.148;229.8;Luis Perez Companc;;
10;0;88;1:24.761;0;;18.335;0;32.806;0;33.620;0;170.0;2:10:57.953;14:04;0:18.335;0:32.806;0:33.620;229.8;Luis Perez Companc;;
10;0;89;1:25.548;0;;18.201;1;33.769;0;33.578;0;168.5;2:12:23.501;14:05;0:18.201;0:33.769;0:33.578;228.3;Luis Perez Companc;;
10;0;90;1:25.883;0;;18.764;0;33.543;0;33.576;0;167.8;2:13:49.384;14:07;0:18.764;0:33.543;0:33.576;229.3;Luis Perez Companc;;
10;0;91;1:24.182;0;;18.218;0;32.612;0;33.352;0;171.2;2:15:13.566;14:08;0:18.218;0:32.612;0:33.352;230.3;Luis Perez Companc;;
10;0;92;1:24.095;0;;18.233;0;32.493;0;33.369;0;171.4;2:16:37.661;14:10;0:18.233;0:32.493;0:33.369;230.3;Luis Perez Companc;;
10;0;93;1:24.987;0;;18.334;0;32.638;0;34.015;0;169.6;2:18:02.648;14:11;0:18.334;0:32.638;0:34.015;229.3;Luis Perez Companc;;
10;0;94;1:24.798;0;;18.310;0;32.742;0;33.746;0;169.9;2:19:27.446;14:12;0:18.310;0:32.742;0:33.746;230.3;Luis Perez Companc;;
10;0;95;1:24.055;0;;18.279;0;32.629;0;33.147;0;171.4;2:20:51.501;14:14;0:18.279;0:32.629;0:33.147;230.8;Luis Perez Companc;;
10;0;96;1:24.031;0;;18.504;0;32.441;0;33.086;0;171.5;2:22:15.532;14:15;0:18.504;0:32.441;0:33.086;231.8;Luis Perez Companc;;
10;0;97;1:23.935;0;;18.310;0;32.358;1;33.267;0;171.7;2:23:39.467;14:17;0:18.310;0:32.358;0:33.267;232.3;Luis Perez Companc;;
10;0;98;1:24.394;0;;18.234;0;32.577;0;33.583;0;170.8;2:25:03.861;14:18;0:18.234;0:32.577;0:33.583;231.3;Luis Perez Companc;;
10;0;99;1:29.209;0;B;18.554;0;33.074;0;37.581;0;161.5;2:26:33.070;14:19;0:18.554;0:33.074;0:37.581;229.8;Luis Perez Companc;;
10;0;100;2:24.472;0;;1:07.310;0;42.208;0;34.954;0;99.7;2:28:57.542;14:22;1:07.310;0:42.208;0:34.954;190.8;Luis Perez Companc;0:00:53;
10;0;101;1:24.959;0;;18.464;0;32.937;0;33.558;0;169.6;2:30:22.501;14:23;0:18.464;0:32.937;0:33.558;228.8;Luis Perez Companc;;
10;0;102;1:24.761;0;;18.326;0;32.917;0;33.518;0;170.0;2:31:47.262;14:25;0:18.326;0:32.917;0:33.518;229.8;Luis Perez Companc;;
10;0;103;1:24.612;0;;18.393;0;32.801;0;33.418;0;170.3;2:33:11.874;14:26;0:18.393;0:32.801;0:33.418;230.3;Luis Perez Companc;;
10;0;104;1:24.643;0;;18.321;0;32.807;0;33.515;0;170.3;2:34:36.517;14:27;0:18.321;0:32.807;0:33.515;229.3;Luis Perez Companc;;
10;0;105;1:24.843;0;;18.410;0;32.822;0;33.611;0;169.9;2:36:01.360;14:29;0:18.410;0:32.822;0:33.611;228.8;Luis Perez Companc;;
10;0;106;1:25.319;0;;18.487;0;33.072;0;33.760;0;168.9;2:37:26.679;14:30;0:18.487;0:33.072;0:33.760;228.8;Luis Perez Companc;;
10;0;107;1:26.217;0;;18.722;0;33.862;0;33.633;0;167.1;2:38:52.896;14:32;0:18.722;0:33.862;0:33.633;227.4;Luis Perez Companc;;
10;0;108;1:24.677;0;;18.444;0;32.700;0;33.533;0;170.2;2:40:17.573;14:33;0:18.444;0:32.700;0:33.533;229.3;Luis Perez Companc;;
10;0;109;1:26.582;0;;18.520;0;33.373;0;34.689;0;166.4;2:41:44.155;14:35;0:18.520;0:33.373;0:34.689;228.3;Luis Perez Companc;;
10;0;110;1:25.263;0;;18.544;0;33.074;0;33.645;0;169.0;2:43:09.418;14:36;0:18.544;0:33.074;0:33.645;230.3;Luis Perez Companc;;
10;0;111;1:26.255;0;;18.447;0;34.001;0;33.807;0;167.1;2:44:35.673;14:37;0:18.447;0:34.001;0:33.807;228.3;Luis Perez Companc;;
10;0;112;1:25.089;0;;18.389;0;33.279;0;33.421;0;169.4;2:46:00.762;14:39;0:18.389;0:33.279;0:33.421;228.3;Luis Perez Companc;;
10;0;113;1:24.625;0;;18.306;0;32.699;0;33.620;0;170.3;2:47:25.387;14:40;0:18.306;0:32.699;0:33.620;230.3;Luis Perez Companc;;
10;0;114;1:24.517;0;;18.304;0;32.753;0;33.460;0;170.5;2:48:49.904;14:42;0:18.304;0:32.753;0:33.460;230.3;Luis Perez Companc;;
10;0;115;1:30.154;0;;18.388;0;35.893;0;35.873;0;159.8;2:50:20.058;14:43;0:18.388;0:35.893;0:35.873;187.2;Luis Perez Companc;;
10;0;116;1:25.257;0;;18.854;0;33.107;0;33.296;0;169.0;2:51:45.315;14:45;0:18.854;0:33.107;0:33.296;228.8;Luis Perez Companc;;
10;0;117;1:24.828;0;;18.457;0;32.947;0;33.424;0;169.9;2:53:10.143;14:46;0:18.457;0:32.947;0:33.424;229.3;Luis Perez Companc;;
10;0;118;1:25.448;0;;18.453;0;33.479;0;33.516;0;168.6;2:54:35.591;14:47;0:18.453;0:33.479;0:33.516;227.8;Luis Perez Companc;;
10;0;119;1:24.685;0;;18.404;0;32.894;0;33.387;0;170.2;2:56:00.276;14:49;0:18.404;0:32.894;0:33.387;229.3;Luis Perez Companc;;
10;0;120;1:25.043;0;;18.366;0;33.041;0;33.636;0;169.5;2:57:25.319;14:50;0:18.366;0:33.041;0:33.636;228.3;Luis Perez Companc;;
10;0;121;1:25.518;0;;18.340;0;32.922;0;34.256;0;168.5;2:58:50.837;14:52;0:18.340;0:32.922;0:34.256;229.8;Luis Perez Companc;;
10;0;122;1:24.685;0;;18.415;0;32.947;0;33.323;0;170.2;3:00:15.522;14:53;0:18.415;0:32.947;0:33.323;230.3;Luis Perez Companc;;
10;0;123;1:25.206;0;;18.296;0;33.029;0;33.881;0;169.1;3:01:40.728;14:55;0:18.296;0:33.029;0:33.881;229.3;Luis Perez Companc;;
10;0;124;1:28.847;0;;20.297;0;34.406;0;34.144;0;162.2;3:03:09.575;14:56;0:20.297;0:34.406;0:34.144;229.8;Luis Perez Companc;;
10;0;125;1:32.303;0;;18.766;0;34.443;0;39.094;0;156.1;3:04:41.878;14:58;0:18.766;0:34.443;0:39.094;228.8;Luis Perez Companc;;
10;0;126;2:22.894;0;B;29.677;0;58.707;0;54.510;0;100.8;3:07:04.772;15:00;0:29.677;0:58.707;0:54.510;110.4;Luis Perez Companc;;
10;2;127;2:42.178;0;;1:30.692;0;36.032;0;35.454;0;88.9;3:09:46.950;15:03;1:30.692;0:36.032;0:35.454;226.9;Pierre Kaffer;0:01:15;
10;2;128;1:32.046;0;;19.131;0;34.716;0;38.199;0;156.6;3:11:18.996;15:04;0:19.131;0:34.716;0:38.199;207.3;Pierre Kaffer;;
10;2;129;1:55.905;0;;26.671;0;45.026;0;44.208;0;124.3;3:13:14.901;15:06;0:26.671;0:45.026;0:44.208;136.2;Pierre Kaffer;;
10;2;130;1:58.059;0;;26.791;0;47.707;0;43.561;0;122.1;3:15:12.960;15:08;0:26.791;0:47.707;0:43.561;135.2;Pierre Kaffer;;
10;2;131;2:03.484;0;;27.292;0;48.465;0;47.727;0;116.7;3:17:16.444;15:10;0:27.292;0:48.465;0:47.727;134.8;Pierre Kaffer;;
10;2;132;1:54.327;0;;27.105;0;46.335;0;40.887;0;126.0;3:19:10.771;15:12;0:27.105;0:46.335;0:40.887;136.2;Pierre Kaffer;;
10;2;133;1:25.300;0;;18.927;0;33.181;0;33.192;0;168.9;3:20:36.071;15:13;0:18.927;0:33.181;0:33.192;231.8;Pierre Kaffer;;
10;2;134;1:23.490;0;;18.301;0;32.430;0;32.759;0;172.6;3:21:59.561;15:15;0:18.301;0:32.430;0:32.759;231.8;Pierre Kaffer;;
10;2;135;1:22.898;0;;18.216;0;32.091;0;32.591;0;173.8;3:23:22.459;15:16;0:18.216;0:32.091;0:32.591;232.3;Pierre Kaffer;;
10;2;136;1:23.246;0;;18.192;0;32.033;0;33.021;0;173.1;3:24:45.705;15:18;0:18.192;0:32.033;0:33.021;232.8;Pierre Kaffer;;
10;2;137;1:23.296;0;;18.206;0;32.194;0;32.896;0;173.0;3:26:09.001;15:19;0:18.206;0:32.194;0:32.896;228.8;Pierre Kaffer;;
10;2;138;1:23.264;0;;18.173;0;32.387;0;32.704;0;173.1;3:27:32.265;15:20;0:18.173;0:32.387;0:32.704;230.3;Pierre Kaffer;;
10;2;139;1:23.052;0;;18.221;0;32.292;0;32.539;0;173.5;3:28:55.317;15:22;0:18.221;0:32.292;0:32.539;230.8;Pierre Kaffer;;
10;2;140;1:23.098;0;;18.230;0;32.168;0;32.700;0;173.4;3:30:18.415;15:23;0:18.230;0:32.168;0:32.700;231.8;Pierre Kaffer;;
10;2;141;1:22.629;0;;18.096;0;32.141;0;32.392;0;174.4;3:31:41.044;15:25;0:18.096;0:32.141;0:32.392;231.8;Pierre Kaffer;;
10;2;142;1:23.248;0;;18.112;0;32.280;0;32.856;0;173.1;3:33:04.292;15:26;0:18.112;0:32.280;0:32.856;231.8;Pierre Kaffer;;
10;2;143;1:24.918;0;;18.495;0;33.360;0;33.063;0;169.7;3:34:29.210;15:27;0:18.495;0:33.360;0:33.063;231.3;Pierre Kaffer;;
10;2;144;1:23.205;0;;18.314;0;32.197;0;32.694;0;173.2;3:35:52.415;15:29;0:18.314;0:32.197;0:32.694;231.8;Pierre Kaffer;;
10;2;145;1:23.987;0;;18.888;0;32.504;0;32.595;0;171.6;3:37:16.402;15:30;0:18.888;0:32.504;0:32.595;230.8;Pierre Kaffer;;
10;2;146;1:23.002;0;;18.174;0;32.256;0;32.572;0;173.6;3:38:39.404;15:32;0:18.174;0:32.256;0:32.572;231.3;Pierre Kaffer;;
10;2;147;1:22.877;0;;18.179;0;32.156;0;32.542;0;173.9;3:40:02.281;15:33;0:18.179;0:32.156;0:32.542;231.3;Pierre Kaffer;;
10;2;148;1:22.953;0;;18.105;0;32.205;0;32.643;0;173.7;3:41:25.234;15:34;0:18.105;0:32.205;0:32.643;230.3;Pierre Kaffer;;
10;2;149;1:22.913;0;;18.177;0;32.243;0;32.493;0;173.8;3:42:48.147;15:36;0:18.177;0:32.243;0:32.493;229.8;Pierre Kaffer;;
10;2;150;1:22.750;0;;18.037;0;32.048;0;32.665;0;174.1;3:44:10.897;15:37;0:18.037;0:32.048;0:32.665;231.3;Pierre Kaffer;;
10;2;151;1:22.636;0;;18.139;0;32.183;0;32.314;0;174.4;3:45:33.533;15:38;0:18.139;0:32.183;0:32.314;231.8;Pierre Kaffer;;
10;2;152;1:22.780;0;;18.066;0;32.184;0;32.530;0;174.1;3:46:56.313;15:40;0:18.066;0:32.184;0:32.530;231.8;Pierre Kaffer;;
10;2;153;1:22.716;0;;18.171;0;32.084;0;32.461;0;174.2;3:48:19.029;15:41;0:18.171;0:32.084;0:32.461;232.3;Pierre Kaffer;;
10;2;154;1:25.224;0;;18.916;0;33.421;0;32.887;0;169.1;3:49:44.253;15:43;0:18.916;0:33.421;0:32.887;231.3;Pierre Kaffer;;
10;2;155;1:22.814;0;;18.473;0;32.058;0;32.283;0;174.0;3:51:07.067;15:44;0:18.473;0:32.058;0:32.283;231.8;Pierre Kaffer;;
10;2;156;1:23.004;0;;18.025;0;32.181;0;32.798;0;173.6;3:52:30.071;15:45;0:18.025;0:32.181;0:32.798;233.8;Pierre Kaffer;;
10;2;157;1:22.887;0;;18.460;0;32.027;0;32.400;0;173.9;3:53:52.958;15:47;0:18.460;0:32.027;0:32.400;231.3;Pierre Kaffer;;
10;2;158;1:21.997;0;;17.952;2;31.878;0;32.167;0;175.7;3:55:14.955;15:48;0:17.952;0:31.878;0:32.167;232.8;Pierre Kaffer;;
10;2;159;1:21.842;2;;17.986;0;31.760;0;32.096;2;176.1;3:56:36.797;15:50;0:17.986;0:31.760;0:32.096;232.3;Pierre Kaffer;;
10;2;160;1:22.058;0;;17.960;0;31.833;0;32.265;0;175.6;3:57:58.855;15:51;0:17.960;0:31.833;0:32.265;232.8;Pierre Kaffer;;
10;2;161;1:25.749;0;B;17.983;0;31.730;2;36.036;0;168.1;3:59:24.604;15:52;0:17.983;0:31.730;0:36.036;231.8;Pierre Kaffer;;
10;2;162;2:07.651;0;;1:01.950;0;32.574;0;33.127;0;112.9;4:01:32.255;15:54;1:01.950;0:32.574;0:33.127;230.3;Pierre Kaffer;0:00:48;
10;2;163;1:23.082;0;;18.252;0;32.256;0;32.574;0;173.5;4:02:55.337;15:56;0:18.252;0:32.256;0:32.574;228.8;Pierre Kaffer;;
10;2;164;1:22.776;0;;18.114;0;32.235;0;32.427;0;174.1;4:04:18.113;15:57;0:18.114;0:32.235;0:32.427;229.8;Pierre Kaffer;;
10;2;165;1:22.894;0;;18.176;0;32.230;0;32.488;0;173.8;4:05:41.007;15:59;0:18.176;0:32.230;0:32.488;229.3;Pierre Kaffer;;
10;2;166;1:22.730;0;;18.106;0;32.069;0;32.555;0;174.2;4:07:03.737;16:00;0:18.106;0:32.069;0:32.555;229.3;Pierre Kaffer;;
10;2;167;1:22.593;0;;18.112;0;32.177;0;32.304;0;174.5;4:08:26.330;16:01;0:18.112;0:32.177;0:32.304;229.3;Pierre Kaffer;;
10;2;168;1:22.755;0;;18.096;0;32.134;0;32.525;0;174.1;4:09:49.085;16:03;0:18.096;0:32.134;0:32.525;229.3;Pierre Kaffer;;
10;2;169;1:22.782;0;;18.093;0;32.307;0;32.382;0;174.1;4:11:11.867;16:04;0:18.093;0:32.307;0:32.382;228.8;Pierre Kaffer;;
10;2;170;1:23.248;0;;18.083;0;32.665;0;32.500;0;173.1;4:12:35.115;16:05;0:18.083;0:32.665;0:32.500;227.4;Pierre Kaffer;;
10;2;171;1:23.028;0;;18.167;0;32.327;0;32.534;0;173.6;4:13:58.143;16:07;0:18.167;0:32.327;0:32.534;229.8;Pierre Kaffer;;
10;2;172;1:23.522;0;;18.081;0;32.388;0;33.053;0;172.5;4:15:21.665;16:08;0:18.081;0:32.388;0:33.053;231.3;Pierre Kaffer;;
10;2;173;1:23.398;0;;18.237;0;32.423;0;32.738;0;172.8;4:16:45.063;16:10;0:18.237;0:32.423;0:32.738;230.3;Pierre Kaffer;;
10;2;174;1:23.699;0;;18.276;0;32.959;0;32.464;0;172.2;4:18:08.762;16:11;0:18.276;0:32.959;0:32.464;230.8;Pierre Kaffer;;
10;2;175;1:22.783;0;;18.185;0;31.912;0;32.686;0;174.1;4:19:31.545;16:12;0:18.185;0:31.912;0:32.686;230.3;Pierre Kaffer;;
10;2;176;1:22.786;0;;18.174;0;32.122;0;32.490;0;174.1;4:20:54.331;16:14;0:18.174;0:32.122;0:32.490;230.3;Pierre Kaffer;;
10;2;177;1:22.676;0;;18.174;0;32.125;0;32.377;0;174.3;4:22:17.007;16:15;0:18.174;0:32.125;0:32.377;231.3;Pierre Kaffer;;
10;2;178;1:22.869;0;;18.169;0;32.229;0;32.471;0;173.9;4:23:39.876;16:17;0:18.169;0:32.229;0:32.471;231.3;Pierre Kaffer;;
10;2;179;1:22.551;0;;18.162;0;31.895;0;32.494;0;174.6;4:25:02.427;16:18;0:18.162;0:31.895;0:32.494;231.3;Pierre Kaffer;;
10;2;180;1:23.515;0;;18.138;0;32.630;0;32.747;0;172.6;4:26:25.942;16:19;0:18.138;0:32.630;0:32.747;228.3;Pierre Kaffer;;
10;2;181;1:23.227;0;;18.225;0;32.427;0;32.575;0;173.2;4:27:49.169;16:21;0:18.225;0:32.427;0:32.575;231.3;Pierre Kaffer;;
10;2;182;1:23.650;0;;18.129;0;32.899;0;32.622;0;172.3;4:29:12.819;16:22;0:18.129;0:32.899;0:32.622;230.8;Pierre Kaffer;;
10;2;183;1:22.956;0;;18.097;0;32.158;0;32.701;0;173.7;4:30:35.775;16:23;0:18.097;0:32.158;0:32.701;232.8;Pierre Kaffer;;
10;2;184;1:23.331;0;;18.583;0;32.255;0;32.493;0;172.9;4:31:59.106;16:25;0:18.583;0:32.255;0:32.493;230.8;Pierre Kaffer;;
10;2;185;1:22.662;0;;18.105;0;32.099;0;32.458;0;174.3;4:33:21.768;16:26;0:18.105;0:32.099;0:32.458;232.3;Pierre Kaffer;;
10;2;186;1:22.781;0;;18.184;0;32.076;0;32.521;0;174.1;4:34:44.549;16:28;0:18.184;0:32.076;0:32.521;232.3;Pierre Kaffer;;
10;2;187;1:23.070;0;;18.094;0;32.569;0;32.407;0;173.5;4:36:07.619;16:29;0:18.094;0:32.569;0:32.407;230.8;Pierre Kaffer;;
10;2;188;1:23.114;0;;18.208;0;32.428;0;32.478;0;173.4;4:37:30.733;16:30;0:18.208;0:32.428;0:32.478;229.8;Pierre Kaffer;;
10;2;189;1:23.334;0;;18.170;0;32.511;0;32.653;0;172.9;4:38:54.067;16:32;0:18.170;0:32.511;0:32.653;230.8;Pierre Kaffer;;
10;2;190;1:22.898;0;;18.182;0;32.293;0;32.423;0;173.8;4:40:16.965;16:33;0:18.182;0:32.293;0:32.423;229.8;Pierre Kaffer;;
10;2;191;1:23.203;0;;18.137;0;32.245;0;32.821;0;173.2;4:41:40.168;16:35;0:18.137;0:32.245;0:32.821;230.8;Pierre Kaffer;;
10;2;192;1:24.140;0;;18.775;0;32.582;0;32.783;0;171.3;4:43:04.308;16:36;0:18.775;0:32.582;0:32.783;230.8;Pierre Kaffer;;
10;2;193;1:24.812;0;;18.140;0;32.644;0;34.028;0;169.9;4:44:29.120;16:37;0:18.140;0:32.644;0:34.028;203.8;Pierre Kaffer;;
10;2;194;1:27.987;0;B;18.267;0;32.938;0;36.782;0;163.8;4:45:57.107;16:39;0:18.267;0:32.938;0:36.782;231.8;Pierre Kaffer;;
10;1;195;2:44.487;0;;1:36.677;0;34.600;0;33.210;0;87.6;4:48:41.594;16:42;1:36.677;0:34.600;0:33.210;227.8;Soheil Ayari;0:01:23;
10;1;196;1:26.258;0;;18.971;0;33.721;0;33.566;0;167.1;4:50:07.852;16:43;0:18.971;0:33.721;0:33.566;220.0;Soheil Ayari;;
10;1;197;1:23.814;0;;18.144;0;32.365;0;33.305;0;171.9;4:51:31.666;16:44;0:18.144;0:32.365;0:33.305;231.3;Soheil Ayari;;
10;1;198;1:22.948;0;;18.162;0;32.287;0;32.499;0;173.7;4:52:54.614;16:46;0:18.162;0:32.287;0:32.499;230.8;Soheil Ayari;;
10;1;199;1:23.449;0;;18.173;0;32.330;0;32.946;0;172.7;4:54:18.063;16:47;0:18.173;0:32.330;0:32.946;230.3;Soheil Ayari;;
10;1;200;1:24.496;0;;18.190;0;33.242;0;33.064;0;170.6;4:55:42.559;16:49;0:18.190;0:33.242;0:33.064;228.3;Soheil Ayari;;
10;1;201;1:25.380;0;;18.578;0;33.196;0;33.606;0;168.8;4:57:07.939;16:50;0:18.578;0:33.196;0:33.606;227.4;Soheil Ayari;;
10;1;202;1:26.307;0;;18.625;0;34.401;0;33.281;0;167.0;4:58:34.246;16:51;0:18.625;0:34.401;0:33.281;229.3;Soheil Ayari;;
10;1;203;1:24.829;0;;18.468;0;33.112;0;33.249;0;169.9;4:59:59.075;16:53;0:18.468;0:33.112;0:33.249;232.8;Soheil Ayari;;
10;1;204;1:22.934;0;;18.151;0;32.130;0;32.653;0;173.8;5:01:22.009;16:54;0:18.151;0:32.130;0:32.653;228.3;Soheil Ayari;;
10;1;205;1:22.653;0;;18.056;0;32.020;0;32.577;0;174.4;5:02:44.662;16:56;0:18.056;0:32.020;0:32.577;228.8;Soheil Ayari;;
10;1;206;1:23.376;0;;18.497;0;32.156;0;32.723;0;172.8;5:04:08.038;16:57;0:18.497;0:32.156;0:32.723;227.8;Soheil Ayari;;
10;1;207;1:23.444;0;;18.306;0;32.497;0;32.641;0;172.7;5:05:31.482;16:58;0:18.306;0:32.497;0:32.641;227.4;Soheil Ayari;;
10;1;208;1:23.104;0;;18.087;0;32.336;0;32.681;0;173.4;5:06:54.586;17:00;0:18.087;0:32.336;0:32.681;227.4;Soheil Ayari;;
10;1;209;1:22.304;0;;18.080;0;31.923;1;32.301;1;175.1;5:08:16.890;17:01;0:18.080;0:31.923;0:32.301;229.8;Soheil Ayari;;
10;1;210;1:23.520;0;;18.717;0;32.484;0;32.319;0;172.5;5:09:40.410;17:03;0:18.717;0:32.484;0:32.319;228.3;Soheil Ayari;;
10;1;211;1:22.527;0;;17.997;0;31.987;0;32.543;0;174.6;5:11:02.937;17:04;0:17.997;0:31.987;0:32.543;230.3;Soheil Ayari;;
10;1;212;1:23.441;0;;18.054;0;32.701;0;32.686;0;172.7;5:12:26.378;17:05;0:18.054;0:32.701;0:32.686;229.8;Soheil Ayari;;
10;1;213;1:23.571;0;;18.619;0;32.311;0;32.641;0;172.4;5:13:49.949;17:07;0:18.619;0:32.311;0:32.641;228.3;Soheil Ayari;;
10;1;214;1:22.599;0;;18.015;0;32.045;0;32.539;0;174.5;5:15:12.548;17:08;0:18.015;0:32.045;0:32.539;227.8;Soheil Ayari;;
10;1;215;1:22.649;0;;18.076;0;32.206;0;32.367;0;174.4;5:16:35.197;17:09;0:18.076;0:32.206;0:32.367;228.8;Soheil Ayari;;
10;1;216;1:22.453;0;;18.084;0;31.967;0;32.402;0;174.8;5:17:57.650;17:11;0:18.084;0:31.967;0:32.402;228.3;Soheil Ayari;;
10;1;217;1:22.610;0;;18.010;0;31.951;0;32.649;0;174.4;5:19:20.260;17:12;0:18.010;0:31.951;0:32.649;228.3;Soheil Ayari;;
10;1;218;1:25.802;0;;18.153;0;32.988;0;34.661;0;168.0;5:20:46.062;17:14;0:18.153;0:32.988;0:34.661;231.3;Soheil Ayari;;
10;1;219;1:24.229;0;;18.255;0;32.810;0;33.164;0;171.1;5:22:10.291;17:15;0:18.255;0:32.810;0:33.164;229.3;Soheil Ayari;;
10;1;220;1:23.012;0;;18.148;0;32.229;0;32.635;0;173.6;5:23:33.303;17:16;0:18.148;0:32.229;0:32.635;229.8;Soheil Ayari;;
10;1;221;1:23.321;0;;18.314;0;32.533;0;32.474;0;173.0;5:24:56.624;17:18;0:18.314;0:32.533;0:32.474;230.3;Soheil Ayari;;
10;1;222;1:23.545;0;;18.206;0;32.785;0;32.554;0;172.5;5:26:20.169;17:19;0:18.206;0:32.785;0:32.554;229.3;Soheil Ayari;;
10;1;223;1:23.201;0;;18.072;0;32.389;0;32.740;0;173.2;5:27:43.370;17:21;0:18.072;0:32.389;0:32.740;229.3;Soheil Ayari;;
10;1;224;1:23.045;0;;17.971;1;32.300;0;32.774;0;173.5;5:29:06.415;17:22;0:17.971;0:32.300;0:32.774;231.3;Soheil Ayari;;
10;1;225;1:22.520;0;;17.981;0;32.026;0;32.513;0;174.6;5:30:28.935;17:23;0:17.981;0:32.026;0:32.513;229.8;Soheil Ayari;;
10;1;226;1:22.549;0;;18.089;0;32.016;0;32.444;0;174.6;5:31:51.484;17:25;0:18.089;0:32.016;0:32.444;228.3;Soheil Ayari;;
10;1;227;1:27.324;0;B;18.096;0;32.677;0;36.551;0;165.0;5:33:18.808;17:26;0:18.096;0:32.677;0:36.551;230.3;Soheil Ayari;;
10;1;228;2:00.632;0;;54.284;0;32.827;0;33.521;0;119.5;5:35:19.440;17:28;0:54.284;0:32.827;0:33.521;229.8;Soheil Ayari;0:00:41;
10;1;229;1:23.966;0;;18.397;0;32.772;0;32.797;0;171.6;5:36:43.406;17:30;0:18.397;0:32.772;0:32.797;228.8;Soheil Ayari;;
10;1;230;1:23.760;0;;18.147;0;32.423;0;33.190;0;172.0;5:38:07.166;17:31;0:18.147;0:32.423;0:33.190;230.8;Soheil Ayari;;
10;1;231;1:23.772;0;;18.334;0;32.594;0;32.844;0;172.0;5:39:30.938;17:32;0:18.334;0:32.594;0:32.844;229.8;Soheil Ayari;;
10;1;232;1:22.818;0;;18.116;0;32.266;0;32.436;0;174.0;5:40:53.756;17:34;0:18.116;0:32.266;0:32.436;229.3;Soheil Ayari;;
10;1;233;1:22.857;0;;18.158;0;32.170;0;32.529;0;173.9;5:42:16.613;17:35;0:18.158;0:32.170;0:32.529;230.8;Soheil Ayari;;
10;1;234;1:24.030;0;;18.860;0;32.390;0;32.780;0;171.5;5:43:40.643;17:37;0:18.860;0:32.390;0:32.780;230.3;Soheil Ayari;;
10;1;235;1:25.461;0;;18.269;0;33.037;0;34.155;0;168.6;5:45:06.104;17:38;0:18.269;0:33.037;0:34.155;228.8;Soheil Ayari;;
10;1;236;1:23.976;0;;18.274;0;32.533;0;33.169;0;171.6;5:46:30.080;17:39;0:18.274;0:32.533;0:33.169;231.3;Soheil Ayari;;
10;1;237;1:23.433;0;;18.189;0;32.520;0;32.724;0;172.7;5:47:53.513;17:41;0:18.189;0:32.520;0:32.724;228.8;Soheil Ayari;;
10;1;238;1:23.801;0;;18.165;0;32.563;0;33.073;0;172.0;5:49:17.314;17:42;0:18.165;0:32.563;0:33.073;230.8;Soheil Ayari;;
10;1;239;1:23.678;0;;18.155;0;32.377;0;33.146;0;172.2;5:50:40.992;17:44;0:18.155;0:32.377;0:33.146;232.3;Soheil Ayari;;
10;1;240;1:24.450;0;;18.329;0;33.080;0;33.041;0;170.6;5:52:05.442;17:45;0:18.329;0:33.080;0:33.041;229.3;Soheil Ayari;;
10;1;241;1:24.070;0;;18.263;0;32.668;0;33.139;0;171.4;5:53:29.512;17:46;0:18.263;0:32.668;0:33.139;230.3;Soheil Ayari;;
10;1;242;1:23.899;0;;18.405;0;32.462;0;33.032;0;171.8;5:54:53.411;17:48;0:18.405;0:32.462;0:33.032;231.8;Soheil Ayari;;
10;1;243;1:25.184;0;;18.185;0;32.861;0;34.138;0;169.2;5:56:18.595;17:49;0:18.185;0:32.861;0:34.138;228.8;Soheil Ayari;;
10;1;244;1:24.742;0;;18.495;0;32.921;0;33.326;0;170.1;5:57:43.337;17:51;0:18.495;0:32.921;0:33.326;232.8;Soheil Ayari;;
10;1;245;1:24.163;0;;18.226;0;32.578;0;33.359;0;171.2;5:59:07.500;17:52;0:18.226;0:32.578;0:33.359;232.3;Soheil Ayari;;
10;1;246;1:25.037;0;;18.312;0;32.775;0;33.950;0;169.5;6:00:32.537;17:53;0:18.312;0:32.775;0:33.950;232.3;Soheil Ayari;;
17;0;1;1:29.606;0;;22.007;0;33.971;0;33.628;0;160.8;1:29.606;11:54;0:22.007;0:33.971;0:33.628;230.8;Alexander Sims;;
17;0;2;1:25.156;0;;18.682;0;32.561;0;33.913;0;169.2;2:54.762;11:56;0:18.682;0:32.561;0:33.913;232.3;Alexander Sims;;
17;0;3;1:24.378;0;;18.441;0;32.613;0;33.324;0;170.8;4:19.140;11:57;0:18.441;0:32.613;0:33.324;232.8;Alexander Sims;;
17;0;4;1:23.990;0;;18.466;0;32.537;0;32.987;0;171.6;5:43.130;11:59;0:18.466;0:32.537;0:32.987;231.8;Alexander Sims;;
17;0;5;1:23.122;0;;18.298;0;32.132;0;32.692;0;173.4;7:06.252;12:00;0:18.298;0:32.132;0:32.692;229.3;Alexander Sims;;
17;0;6;1:23.238;0;;18.414;0;32.100;0;32.724;0;173.1;8:29.490;12:01;0:18.414;0:32.100;0:32.724;230.3;Alexander Sims;;
17;0;7;1:23.384;0;;18.371;0;32.451;0;32.562;0;172.8;9:52.874;12:03;0:18.371;0:32.451;0:32.562;231.8;Alexander Sims;;
17;0;8;1:24.319;0;;18.357;0;32.656;0;33.306;0;170.9;11:17.193;12:04;0:18.357;0:32.656;0:33.306;230.8;Alexander Sims;;
17;0;9;1:24.750;0;;18.538;0;32.676;0;33.536;0;170.0;12:41.943;12:06;0:18.538;0:32.676;0:33.536;229.3;Alexander Sims;;
17;0;10;1:24.442;0;;18.396;0;33.053;0;32.993;0;170.7;14:06.385;12:07;0:18.396;0:33.053;0:32.993;230.3;Alexander Sims;;
17;0;11;1:22.964;0;;18.317;0;32.187;0;32.460;0;173.7;15:29.349;12:08;0:18.317;0:32.187;0:32.460;230.3;Alexander Sims;;
17;0;12;1:23.975;0;;18.308;0;32.963;0;32.704;0;171.6;16:53.324;12:10;0:18.308;0:32.963;0:32.704;228.3;Alexander Sims;;
17;0;13;1:24.677;0;;19.013;0;32.649;0;33.015;0;170.2;18:18.001;12:11;0:19.013;0:32.649;0:33.015;231.8;Alexander Sims;;
17;0;14;1:23.434;0;;18.401;0;32.390;0;32.643;0;172.7;19:41.435;12:13;0:18.401;0:32.390;0:32.643;229.8;Alexander Sims;;
17;0;15;1:22.830;0;;18.212;0;32.114;0;32.504;0;174.0;21:04.265;12:14;0:18.212;0:32.114;0:32.504;230.8;Alexander Sims;;
17;0;16;1:23.138;0;;18.241;0;32.362;0;32.535;0;173.3;22:27.403;12:15;0:18.241;0:32.362;0:32.535;228.8;Alexander Sims;;
17;0;17;1:22.942;0;;18.240;0;32.194;0;32.508;0;173.7;23:50.345;12:17;0:18.240;0:32.194;0:32.508;230.3;Alexander Sims;;
17;0;18;1:23.053;0;;18.252;0;32.168;0;32.633;0;173.5;25:13.398;12:18;0:18.252;0:32.168;0:32.633;230.3;Alexander Sims;;
17;0;19;1:22.993;0;;18.283;0;32.218;0;32.492;0;173.6;26:36.391;12:19;0:18.283;0:32.218;0:32.492;230.3;Alexander Sims;;
17;0;20;1:22.640;2;;18.253;0;31.989;2;32.398;0;174.4;27:59.031;12:21;0:18.253;0:31.989;0:32.398;230.8;Alexander Sims;;
17;0;21;1:22.892;0;;18.260;0;32.245;0;32.387;0;173.9;29:21.923;12:22;0:18.260;0:32.245;0:32.387;229.3;Alexander Sims;;
17;0;22;1:22.946;0;;18.231;0;32.270;0;32.445;0;173.7;30:44.869;12:24;0:18.231;0:32.270;0:32.445;230.3;Alexander Sims;;
17;0;23;1:23.573;0;;18.330;0;32.136;0;33.107;0;172.4;32:08.442;12:25;0:18.330;0:32.136;0:33.107;231.8;Alexander Sims;;
17;0;24;1:24.093;0;;18.344;0;32.833;0;32.916;0;171.4;33:32.535;12:26;0:18.344;0:32.833;0:32.916;227.4;Alexander Sims;;
17;0;25;1:25.147;0;;18.558;0;34.016;0;32.573;0;169.2;34:57.682;12:28;0:18.558;0:34.016;0:32.573;227.8;Alexander Sims;;
17;0;26;1:22.812;0;;18.259;0;32.234;0;32.319;2;174.0;36:20.494;12:29;0:18.259;0:32.234;0:32.319;228.3;Alexander Sims;;
17;0;27;1:22.867;0;;18.182;0;32.098;0;32.587;0;173.9;37:43.361;12:31;0:18.182;0:32.098;0:32.587;229.8;Alexander Sims;;
17;0;28;1:22.952;0;;18.209;0;32.297;0;32.446;0;173.7;39:06.313;12:32;0:18.209;0:32.297;0:32.446;228.8;Alexander Sims;;
17;0;29;1:22.737;0;;18.154;2;32.165;0;32.418;0;174.2;40:29.050;12:33;0:18.154;0:32.165;0:32.418;229.8;Alexander Sims;;
17;0;30;1:26.310;0;B;18.159;0;32.316;0;35.835;0;167.0;41:55.360;12:35;0:18.159;0:32.316;0:35.835;230.3;Alexander Sims;;
17;0;31;2:11.153;0;;1:04.028;0;34.265;0;32.860;0;109.9;44:06.513;12:37;1:04.028;0:34.265;0:32.860;228.3;Alexander Sims;0:00:51;
17;0;32;1:24.312;0;;18.526;0;33.263;0;32.523;0;170.9;45:30.825;12:38;0:18.526;0:33.263;0:32.523;227.8;Alexander Sims;;
17;0;33;1:23.432;0;;18.443;0;32.387;0;32.602;0;172.7;46:54.257;12:40;0:18.443;0:32.387;0:32.602;229.3;Alexander Sims;;
17;0;34;1:23.410;0;;18.413;0;32.329;0;32.668;0;172.8;48:17.667;12:41;0:18.413;0:32.329;0:32.668;227.8;Alexander Sims;;
17;0;35;1:23.618;0;;18.484;0;32.560;0;32.574;0;172.3;49:41.285;12:43;0:18.484;0:32.560;0:32.574;228.8;Alexander Sims;;
17;0;36;1:23.040;0;;18.299;0;32.347;0;32.394;0;173.5;51:04.325;12:44;0:18.299;0:32.347;0:32.394;229.8;Alexander Sims;;
17;0;37;1:24.630;0;;18.404;0;33.467;0;32.759;0;170.3;52:28.955;12:45;0:18.404;0:33.467;0:32.759;226.9;Alexander Sims;;
17;0;38;1:23.950;0;;18.499;0;32.879;0;32.572;0;171.7;53:52.905;12:47;0:18.499;0:32.879;0:32.572;229.8;Alexander Sims;;
17;0;39;1:23.290;0;;18.356;0;32.468;0;32.466;0;173.0;55:16.195;12:48;0:18.356;0:32.468;0:32.466;229.3;Alexander Sims;;
17;0;40;1:23.125;0;;18.306;0;32.367;0;32.452;0;173.4;56:39.320;12:50;0:18.306;0:32.367;0:32.452;230.8;Alexander Sims;;
17;0;41;1:22.986;0;;18.348;0;32.313;0;32.325;0;173.7;58:02.306;12:51;0:18.348;0:32.313;0:32.325;232.3;Alexander Sims;;
17;0;42;1:23.769;0;;18.219;0;32.937;0;32.613;0;172.0;59:26.075;12:52;0:18.219;0:32.937;0:32.613;230.3;Alexander Sims;;
17;0;43;1:23.399;0;;18.571;0;32.410;0;32.418;0;172.8;1:00:49.474;12:54;0:18.571;0:32.410;0:32.418;232.3;Alexander Sims;;
17;0;44;1:23.316;0;;18.377;0;32.444;0;32.495;0;173.0;1:02:12.790;12:55;0:18.377;0:32.444;0:32.495;229.8;Alexander Sims;;
17;0;45;1:26.291;0;B;18.339;0;32.379;0;35.573;0;167.0;1:03:39.081;12:57;0:18.339;0:32.379;0:35.573;230.3;Alexander Sims;;
18;0;1;1:31.281;0;;22.328;0;35.320;0;33.633;0;157.9;1:31.281;11:54;0:22.328;0:35.320;0:33.633;228.3;Jody Firth;;
18;0;2;1:24.399;0;;18.642;0;32.751;0;33.006;0;170.7;2:55.680;11:56;0:18.642;0:32.751;0:33.006;232.8;Jody Firth;;
18;0;3;1:24.198;0;;18.570;0;32.545;0;33.083;0;171.2;4:19.878;11:57;0:18.570;0:32.545;0:33.083;232.8;Jody Firth;;
18;0;4;1:25.963;0;;18.438;0;32.755;0;34.770;0;167.6;5:45.841;11:59;0:18.438;0:32.755;0:34.770;233.3;Jody Firth;;
18;0;5;1:24.265;0;;18.501;0;32.466;0;33.298;0;171.0;7:10.106;12:00;0:18.501;0:32.466;0:33.298;230.8;Jody Firth;;
18;0;6;1:24.467;0;;18.411;0;32.760;0;33.296;0;170.6;8:34.573;12:01;0:18.411;0:32.760;0:33.296;230.8;Jody Firth;;
18;0;7;1:24.208;0;;18.389;0;32.624;0;33.195;0;171.1;9:58.781;12:03;0:18.389;0:32.624;0:33.195;235.3;Jody Firth;;
18;0;8;1:24.388;0;;18.386;0;32.510;0;33.492;0;170.8;11:23.169;12:04;0:18.386;0:32.510;0:33.492;232.3;Jody Firth;;
18;0;9;1:24.786;0;;18.592;0;32.883;0;33.311;0;170.0;12:47.955;12:06;0:18.592;0:32.883;0:33.311;232.3;Jody Firth;;
18;0;10;1:23.932;0;;18.262;0;32.367;0;33.303;0;171.7;14:11.887;12:07;0:18.262;0:32.367;0:33.303;235.3;Jody Firth;;
18;0;11;1:24.684;0;;18.327;0;32.545;0;33.812;0;170.2;15:36.571;12:09;0:18.327;0:32.545;0:33.812;234.3;Jody Firth;;
18;0;12;1:24.383;0;;18.502;0;32.792;0;33.089;0;170.8;17:00.954;12:10;0:18.502;0:32.792;0:33.089;234.3;Jody Firth;;
18;0;13;1:24.381;0;;18.686;0;32.974;0;32.721;0;170.8;18:25.335;12:11;0:18.686;0:32.974;0:32.721;232.8;Jody Firth;;
18;0;14;1:26.412;0;;18.410;0;33.655;0;34.347;0;166.8;19:51.747;12:13;0:18.410;0:33.655;0:34.347;233.3;Jody Firth;;
18;0;15;1:24.569;0;;18.983;0;33.025;0;32.561;0;170.4;21:16.316;12:14;0:18.983;0:33.025;0:32.561;231.3;Jody Firth;;
18;0;16;1:23.984;0;;18.285;0;32.583;0;33.116;0;171.6;22:40.300;12:16;0:18.285;0:32.583;0:33.116;232.8;Jody Firth;;
18;0;17;1:23.926;0;;18.328;0;32.526;0;33.072;0;171.7;24:04.226;12:17;0:18.328;0:32.526;0:33.072;232.3;Jody Firth;;
18;0;18;1:23.990;0;;18.313;0;32.413;0;33.264;0;171.6;25:28.216;12:18;0:18.313;0:32.413;0:33.264;233.8;Jody Firth;;
18;0;19;1:23.787;0;;18.325;0;32.334;0;33.128;0;172.0;26:52.003;12:20;0:18.325;0:32.334;0:33.128;232.8;Jody Firth;;
18;0;20;1:23.802;0;;18.394;0;32.296;0;33.112;0;172.0;28:15.805;12:21;0:18.394;0:32.296;0:33.112;232.3;Jody Firth;;
18;0;21;1:23.765;0;;18.319;0;32.404;0;33.042;0;172.0;29:39.570;12:23;0:18.319;0:32.404;0:33.042;232.3;Jody Firth;;
18;0;22;1:23.969;0;;18.324;0;32.576;0;33.069;0;171.6;31:03.539;12:24;0:18.324;0:32.576;0:33.069;231.8;Jody Firth;;
18;0;23;1:23.682;0;;18.340;0;32.360;0;32.982;0;172.2;32:27.221;12:25;0:18.340;0:32.360;0:32.982;230.3;Jody Firth;;
18;0;24;1:23.922;0;;18.253;0;32.692;0;32.977;0;171.7;33:51.143;12:27;0:18.253;0:32.692;0:32.977;231.8;Jody Firth;;
18;0;25;1:23.808;0;;18.323;0;32.456;0;33.029;0;172.0;35:14.951;12:28;0:18.323;0:32.456;0:33.029;231.3;Jody Firth;;
18;0;26;1:24.133;0;;19.070;0;32.221;0;32.842;0;171.3;36:39.084;12:30;0:19.070;0:32.221;0:32.842;231.8;Jody Firth;;
18;0;27;1:25.103;0;;18.468;0;32.555;0;34.080;0;169.3;38:04.187;12:31;0:18.468;0:32.555;0:34.080;232.3;Jody Firth;;
18;0;28;1:24.199;0;;18.707;0;32.692;0;32.800;0;171.2;39:28.386;12:32;0:18.707;0:32.692;0:32.800;230.3;Jody Firth;;
18;0;29;1:23.621;0;;18.261;0;32.500;0;32.860;0;172.3;40:52.007;12:34;0:18.261;0:32.500;0:32.860;231.3;Jody Firth;;
18;0;30;1:23.376;0;;18.258;0;32.284;0;32.834;0;172.8;42:15.383;12:35;0:18.258;0:32.284;0:32.834;233.8;Jody Firth;;
18;0;31;1:23.194;0;;18.266;0;32.174;0;32.754;0;173.2;43:38.577;12:37;0:18.266;0:32.174;0:32.754;234.8;Jody Firth;;
18;0;32;1:27.071;0;B;18.347;0;32.535;0;36.189;0;165.5;45:05.648;12:38;0:18.347;0:32.535;0:36.189;232.8;Jody Firth;;
18;0;33;2:16.201;0;;1:07.235;0;35.022;0;33.944;0;105.8;47:21.849;12:40;1:07.235;0:35.022;0:33.944;230.8;Jody Firth;0:00:54;
18;0;34;1:24.995;0;;18.587;0;32.987;0;33.421;0;169.5;48:46.844;12:42;0:18.587;0:32.987;0:33.421;230.3;Jody Firth;;
18;0;35;1:24.673;0;;18.468;0;33.206;0;32.999;0;170.2;50:11.517;12:43;0:18.468;0:33.206;0:32.999;232.3;Jody Firth;;
18;0;36;1:23.707;0;;18.386;0;32.356;0;32.965;0;172.2;51:35.224;12:44;0:18.386;0:32.356;0:32.965;230.8;Jody Firth;;
18;0;37;1:24.435;0;;18.378;0;33.141;0;32.916;0;170.7;52:59.659;12:46;0:18.378;0:33.141;0:32.916;229.3;Jody Firth;;
18;0;38;1:23.437;0;;18.313;0;32.322;0;32.802;0;172.7;54:23.096;12:47;0:18.313;0:32.322;0:32.802;230.3;Jody Firth;;
18;0;39;1:23.743;0;;18.307;0;32.597;0;32.839;0;172.1;55:46.839;12:49;0:18.307;0:32.597;0:32.839;231.3;Jody Firth;;
18;0;40;1:23.960;0;;18.306;0;33.020;0;32.634;0;171.6;57:10.799;12:50;0:18.306;0:33.020;0:32.634;233.3;Jody Firth;;
18;0;41;1:23.611;0;;18.320;0;32.502;0;32.789;0;172.4;58:34.410;12:51;0:18.320;0:32.502;0:32.789;227.4;Jody Firth;;
18;0;42;1:25.213;0;;18.284;0;32.529;0;34.400;0;169.1;59:59.623;12:53;0:18.284;0:32.529;0:34.400;230.3;Jody Firth;;
18;0;43;1:23.936;0;;18.412;0;32.719;0;32.805;0;171.7;1:01:23.559;12:54;0:18.412;0:32.719;0:32.805;231.3;Jody Firth;;
18;0;44;1:23.735;0;;18.348;0;32.508;0;32.879;0;172.1;1:02:47.294;12:56;0:18.348;0:32.508;0:32.879;231.8;Jody Firth;;
18;0;45;1:23.787;0;;18.332;0;32.522;0;32.933;0;172.0;1:04:11.081;12:57;0:18.332;0:32.522;0:32.933;232.8;Jody Firth;;
18;0;46;1:23.605;0;;18.313;0;32.538;0;32.754;0;172.4;1:05:34.686;12:58;0:18.313;0:32.538;0:32.754;231.8;Jody Firth;;
18;0;47;1:25.659;0;;18.735;0;33.521;0;33.403;0;168.2;1:07:00.345;13:00;0:18.735;0:33.521;0:33.403;232.3;Jody Firth;;
18;0;48;1:24.398;0;;18.418;0;32.771;0;33.209;0;170.7;1:08:24.743;13:01;0:18.418;0:32.771;0:33.209;231.3;Jody Firth;;
18;0;49;1:24.218;0;;18.337;0;32.971;0;32.910;0;171.1;1:09:48.961;13:03;0:18.337;0:32.971;0:32.910;232.3;Jody Firth;;
18;0;50;1:24.512;0;;18.557;0;33.089;0;32.866;0;170.5;1:11:13.473;13:04;0:18.557;0:33.089;0:32.866;232.8;Jody Firth;;
18;0;51;1:23.591;0;;18.299;0;32.516;0;32.776;0;172.4;1:12:37.064;13:06;0:18.299;0:32.516;0:32.776;232.3;Jody Firth;;
18;0;52;1:23.562;0;;18.356;0;32.427;0;32.779;0;172.5;1:14:00.626;13:07;0:18.356;0:32.427;0:32.779;233.3;Jody Firth;;
18;0;53;1:23.706;0;;18.257;0;32.401;0;33.048;0;172.2;1:15:24.332;13:08;0:18.257;0:32.401;0:33.048;231.8;Jody Firth;;
18;0;54;1:23.471;0;;18.273;0;32.530;0;32.668;0;172.6;1:16:47.803;13:10;0:18.273;0:32.530;0:32.668;231.8;Jody Firth;;
18;0;55;1:23.188;0;;18.319;0;32.247;0;32.622;0;173.2;1:18:10.991;13:11;0:18.319;0:32.247;0:32.622;233.3;Jody Firth;;
18;0;56;1:23.316;0;;18.290;0;32.301;0;32.725;0;173.0;1:19:34.307;13:12;0:18.290;0:32.301;0:32.725;234.8;Jody Firth;;
18;0;57;1:25.235;0;;18.302;0;34.200;0;32.733;0;169.1;1:20:59.542;13:14;0:18.302;0:34.200;0:32.733;232.3;Jody Firth;;
18;0;58;1:24.386;0;;18.303;0;33.154;0;32.929;0;170.8;1:22:23.928;13:15;0:18.303;0:33.154;0:32.929;233.8;Jody Firth;;
18;0;59;1:24.357;0;;18.779;0;32.688;0;32.890;0;170.8;1:23:48.285;13:17;0:18.779;0:32.688;0:32.890;231.3;Jody Firth;;
18;0;60;1:23.328;0;;18.355;0;32.279;0;32.694;0;172.9;1:25:11.613;13:18;0:18.355;0:32.279;0:32.694;232.3;Jody Firth;;
18;0;61;1:23.765;0;;18.300;0;32.608;0;32.857;0;172.0;1:26:35.378;13:19;0:18.300;0:32.608;0:32.857;232.3;Jody Firth;;
18;0;62;1:23.306;0;;18.298;0;32.299;0;32.709;0;173.0;1:27:58.684;13:21;0:18.298;0:32.299;0:32.709;231.8;Jody Firth;;
18;0;63;1:23.066;0;;18.265;0;32.196;0;32.605;0;173.5;1:29:21.750;13:22;0:18.265;0:32.196;0:32.605;233.3;Jody Firth;;
18;0;64;1:22.913;0;;18.223;0;32.170;1;32.520;1;173.8;1:30:44.663;13:24;0:18.223;0:32.170;0:32.520;233.8;Jody Firth;;
18;0;65;1:24.163;0;;18.204;1;32.493;0;33.466;0;171.2;1:32:08.826;13:25;0:18.204;0:32.493;0:33.466;232.8;Jody Firth;;
18;0;66;1:27.268;0;B;18.494;0;32.654;0;36.120;0;165.1;1:33:36.094;13:26;0:18.494;0:32.654;0:36.120;231.3;Jody Firth;;
18;2;67;2:54.482;0;;1:46.849;0;34.190;0;33.443;0;82.6;1:36:30.576;13:29;1:46.849;0:34.190;0:33.443;231.8;Brendon Hartley;0:01:32;
18;2;68;1:25.310;0;;19.062;0;33.177;0;33.071;0;168.9;1:37:55.886;13:31;0:19.062;0:33.177;0:33.071;233.3;Brendon Hartley;;
18;2;69;1:23.741;0;;18.443;0;32.517;0;32.781;0;172.1;1:39:19.627;13:32;0:18.443;0:32.517;0:32.781;230.8;Brendon Hartley;;
18;2;70;1:23.003;0;;18.202;0;32.149;0;32.652;0;173.6;1:40:42.630;13:34;0:18.202;0:32.149;0:32.652;233.3;Brendon Hartley;;
18;2;71;1:23.990;0;;18.259;0;32.222;0;33.509;0;171.6;1:42:06.620;13:35;0:18.259;0:32.222;0:33.509;235.8;Brendon Hartley;;
18;2;72;1:25.415;0;;18.681;0;34.176;0;32.558;0;168.7;1:43:32.035;13:36;0:18.681;0:34.176;0:32.558;229.3;Brendon Hartley;;
18;2;73;1:23.005;0;;18.279;0;32.050;0;32.676;0;173.6;1:44:55.040;13:38;0:18.279;0:32.050;0:32.676;231.8;Brendon Hartley;;
18;2;74;1:23.212;0;;18.391;0;32.126;0;32.695;0;173.2;1:46:18.252;13:39;0:18.391;0:32.126;0:32.695;232.8;Brendon Hartley;;
18;2;75;1:24.973;0;;18.337;0;33.950;0;32.686;0;169.6;1:47:43.225;13:41;0:18.337;0:33.950;0:32.686;232.8;Brendon Hartley;;
18;2;76;1:22.871;0;;18.192;0;32.033;0;32.646;0;173.9;1:49:06.096;13:42;0:18.192;0:32.033;0:32.646;232.8;Brendon Hartley;;
18;2;77;1:23.754;0;;18.281;0;32.989;0;32.484;0;172.1;1:50:29.850;13:43;0:18.281;0:32.989;0:32.484;230.8;Brendon Hartley;;
18;2;78;1:23.371;0;;18.195;0;31.966;0;33.210;0;172.9;1:51:53.221;13:45;0:18.195;0:31.966;0:33.210;234.3;Brendon Hartley;;
18;2;79;1:22.807;0;;18.190;0;32.127;0;32.490;0;174.0;1:53:16.028;13:46;0:18.190;0:32.127;0:32.490;233.3;Brendon Hartley;;
18;2;80;1:22.158;0;;18.193;0;31.775;0;32.190;0;175.4;1:54:38.186;13:48;0:18.193;0:31.775;0:32.190;232.3;Brendon Hartley;;
18;2;81;1:22.313;0;;18.151;0;31.814;0;32.348;0;175.1;1:56:00.499;13:49;0:18.151;0:31.814;0:32.348;232.8;Brendon Hartley;;
18;2;82;1:22.330;0;;18.097;0;31.901;0;32.332;0;175.0;1:57:22.829;13:50;0:18.097;0:31.901;0:32.332;233.3;Brendon Hartley;;
18;2;83;1:22.503;0;;18.176;0;31.879;0;32.448;0;174.7;1:58:45.332;13:52;0:18.176;0:31.879;0:32.448;232.3;Brendon Hartley;;
18;2;84;1:22.547;0;;18.321;0;31.838;0;32.388;0;174.6;2:00:07.879;13:53;0:18.321;0:31.838;0:32.388;234.8;Brendon Hartley;;
18;2;85;1:23.136;0;;18.282;0;32.179;0;32.675;0;173.3;2:01:31.015;13:54;0:18.282;0:32.179;0:32.675;233.8;Brendon Hartley;;
18;2;86;1:24.194;0;;18.600;0;33.107;0;32.487;0;171.2;2:02:55.209;13:56;0:18.600;0:33.107;0:32.487;232.8;Brendon Hartley;;
18;2;87;1:24.392;0;;18.207;0;32.258;0;33.927;0;170.8;2:04:19.601;13:57;0:18.207;0:32.258;0:33.927;234.3;Brendon Hartley;;
18;2;88;1:22.234;0;;18.278;0;31.846;0;32.110;0;175.2;2:05:41.835;13:59;0:18.278;0:31.846;0:32.110;233.3;Brendon Hartley;;
18;2;89;1:21.989;0;;18.137;0;31.767;0;32.085;0;175.8;2:07:03.824;14:00;0:18.137;0:31.767;0:32.085;234.3;Brendon Hartley;;
18;2;90;1:22.352;0;;18.031;0;31.932;0;32.389;0;175.0;2:08:26.176;14:01;0:18.031;0:31.932;0:32.389;230.3;Brendon Hartley;;
18;2;91;1:22.045;0;;18.089;0;31.776;0;32.180;0;175.6;2:09:48.221;14:03;0:18.089;0:31.776;0:32.180;229.8;Brendon Hartley;;
18;2;92;1:21.729;0;;17.990;0;31.662;0;32.077;0;176.3;2:11:09.950;14:04;0:17.990;0:31.662;0:32.077;229.3;Brendon Hartley;;
18;2;93;1:21.864;0;;18.003;0;31.667;0;32.194;0;176.0;2:12:31.814;14:05;0:18.003;0:31.667;0:32.194;233.8;Brendon Hartley;;
18;2;94;1:22.401;0;;18.024;0;32.080;0;32.297;0;174.9;2:13:54.215;14:07;0:18.024;0:32.080;0:32.297;234.8;Brendon Hartley;;
18;2;95;1:23.090;0;;18.053;0;32.794;0;32.243;0;173.4;2:15:17.305;14:08;0:18.053;0:32.794;0:32.243;232.3;Brendon Hartley;;
18;2;96;1:22.164;0;;18.027;0;31.890;0;32.247;0;175.4;2:16:39.469;14:10;0:18.027;0:31.890;0:32.247;231.8;Brendon Hartley;;
18;2;97;1:22.460;0;;18.072;0;31.824;0;32.564;0;174.8;2:18:01.929;14:11;0:18.072;0:31.824;0:32.564;232.8;Brendon Hartley;;
18;2;98;1:22.144;0;;18.070;0;31.904;0;32.170;0;175.4;2:19:24.073;14:12;0:18.070;0:31.904;0:32.170;235.3;Brendon Hartley;;
18;2;99;1:22.332;0;;18.027;0;32.139;0;32.166;0;175.0;2:20:46.405;14:14;0:18.027;0:32.139;0:32.166;233.3;Brendon Hartley;;
18;2;100;1:25.229;0;B;18.077;0;31.984;0;35.168;0;169.1;2:22:11.634;14:15;0:18.077;0:31.984;0:35.168;233.3;Brendon Hartley;;
18;2;101;2:12.912;0;;1:07.842;0;32.279;0;32.791;0;108.4;2:24:24.546;14:17;1:07.842;0:32.279;0:32.791;232.8;Brendon Hartley;0:00:54;
18;2;102;1:23.185;0;;18.272;0;32.222;0;32.691;0;173.2;2:25:47.731;14:19;0:18.272;0:32.222;0:32.691;230.8;Brendon Hartley;;
18;2;103;1:24.350;0;;18.633;0;32.862;0;32.855;0;170.8;2:27:12.081;14:20;0:18.633;0:32.862;0:32.855;231.8;Brendon Hartley;;
18;2;104;1:23.999;0;;18.346;0;32.713;0;32.940;0;171.6;2:28:36.080;14:21;0:18.346;0:32.713;0:32.940;232.3;Brendon Hartley;;
18;2;105;1:24.915;0;;18.518;0;32.824;0;33.573;0;169.7;2:30:00.995;14:23;0:18.518;0:32.824;0:33.573;235.8;Brendon Hartley;;
18;2;106;1:24.733;0;;18.410;0;32.666;0;33.657;0;170.1;2:31:25.728;14:24;0:18.410;0:32.666;0:33.657;233.8;Brendon Hartley;;
18;2;107;1:23.634;0;;18.438;0;32.543;0;32.653;0;172.3;2:32:49.362;14:26;0:18.438;0:32.543;0:32.653;231.8;Brendon Hartley;;
18;2;108;1:22.673;0;;18.327;0;32.063;0;32.283;0;174.3;2:34:12.035;14:27;0:18.327;0:32.063;0:32.283;233.3;Brendon Hartley;;
18;2;109;1:23.009;0;;18.189;0;32.178;0;32.642;0;173.6;2:35:35.044;14:28;0:18.189;0:32.178;0:32.642;232.8;Brendon Hartley;;
18;2;110;1:23.345;0;;18.224;0;32.063;0;33.058;0;172.9;2:36:58.389;14:30;0:18.224;0:32.063;0:33.058;234.3;Brendon Hartley;;
18;2;111;1:24.006;0;;18.369;0;32.507;0;33.130;0;171.5;2:38:22.395;14:31;0:18.369;0:32.507;0:33.130;231.8;Brendon Hartley;;
18;2;112;1:22.730;0;;18.198;0;32.149;0;32.383;0;174.2;2:39:45.125;14:33;0:18.198;0:32.149;0:32.383;232.8;Brendon Hartley;;
18;2;113;1:22.892;0;;18.201;0;32.302;0;32.389;0;173.9;2:41:08.017;14:34;0:18.201;0:32.302;0:32.389;231.8;Brendon Hartley;;
18;2;114;1:22.894;0;;18.189;0;32.070;0;32.635;0;173.8;2:42:30.911;14:35;0:18.189;0:32.070;0:32.635;232.3;Brendon Hartley;;
18;2;115;1:22.521;0;;18.237;0;32.127;0;32.157;0;174.6;2:43:53.432;14:37;0:18.237;0:32.127;0:32.157;231.3;Brendon Hartley;;
18;2;116;1:22.669;0;;18.207;0;32.151;0;32.311;0;174.3;2:45:16.101;14:38;0:18.207;0:32.151;0:32.311;232.3;Brendon Hartley;;
18;2;117;1:22.561;0;;18.182;0;32.180;0;32.199;0;174.5;2:46:38.662;14:40;0:18.182;0:32.180;0:32.199;233.3;Brendon Hartley;;
18;2;118;1:23.395;0;;18.252;0;32.845;0;32.298;0;172.8;2:48:02.057;14:41;0:18.252;0:32.845;0:32.298;230.3;Brendon Hartley;;
18;2;119;1:23.524;0;;18.250;0;33.063;0;32.211;0;172.5;2:49:25.581;14:42;0:18.250;0:33.063;0:32.211;230.8;Brendon Hartley;;
18;2;120;1:22.903;0;;18.196;0;32.284;0;32.423;0;173.8;2:50:48.484;14:44;0:18.196;0:32.284;0:32.423;236.3;Brendon Hartley;;
18;2;121;1:22.806;0;;18.193;0;32.384;0;32.229;0;174.0;2:52:11.290;14:45;0:18.193;0:32.384;0:32.229;232.8;Brendon Hartley;;
18;2;122;1:22.547;0;;18.199;0;32.099;0;32.249;0;174.6;2:53:33.837;14:46;0:18.199;0:32.099;0:32.249;231.3;Brendon Hartley;;
18;2;123;1:22.439;0;;18.069;0;32.074;0;32.296;0;174.8;2:54:56.276;14:48;0:18.069;0:32.074;0:32.296;230.8;Brendon Hartley;;
18;2;124;1:22.549;0;;18.181;0;32.135;0;32.233;0;174.6;2:56:18.825;14:49;0:18.181;0:32.135;0:32.233;231.8;Brendon Hartley;;
18;2;125;1:22.431;0;;18.048;0;32.114;0;32.269;0;174.8;2:57:41.256;14:51;0:18.048;0:32.114;0:32.269;235.8;Brendon Hartley;;
18;2;126;1:22.945;0;;18.100;0;32.518;0;32.327;0;173.7;2:59:04.201;14:52;0:18.100;0:32.518;0:32.327;232.3;Brendon Hartley;;
18;2;127;1:22.492;0;;18.103;0;32.188;0;32.201;0;174.7;3:00:26.693;14:53;0:18.103;0:32.188;0:32.201;231.3;Brendon Hartley;;
18;2;128;1:24.183;0;;18.244;0;33.405;0;32.534;0;171.2;3:01:50.876;14:55;0:18.244;0:33.405;0:32.534;231.8;Brendon Hartley;;
18;2;129;1:24.600;0;;18.118;0;33.127;0;33.355;0;170.3;3:03:15.476;14:56;0:18.118;0:33.127;0:33.355;233.3;Brendon Hartley;;
18;2;130;1:35.575;0;B;20.301;0;36.040;0;39.234;0;150.8;3:04:51.051;14:58;0:20.301;0:36.040;0:39.234;197.1;Brendon Hartley;;
18;1;131;2:52.527;0;;1:38.741;0;35.840;0;37.946;0;83.5;3:07:43.578;15:01;1:38.741;0:35.840;0:37.946;194.2;Warren Hughes;0:01:25;
18;1;132;1:35.329;0;;21.132;0;37.413;0;36.784;0;151.2;3:09:18.907;15:02;0:21.132;0:37.413;0:36.784;208.9;Warren Hughes;;
18;1;133;1:53.200;0;;20.856;0;46.772;0;45.572;0;127.3;3:11:12.107;15:04;0:20.856;0:46.772;0:45.572;137.8;Warren Hughes;;
18;1;134;1:59.882;0;;26.395;0;47.271;0;46.216;0;120.2;3:13:11.989;15:06;0:26.395;0:47.271;0:46.216;115.5;Warren Hughes;;
18;1;135;1:59.317;0;;26.172;0;47.233;0;45.912;0;120.8;3:15:11.306;15:08;0:26.172;0:47.233;0:45.912;143.8;Warren Hughes;;
18;1;136;2:01.374;0;;25.800;0;48.994;0;46.580;0;118.7;3:17:12.680;15:10;0:25.800;0:48.994;0:46.580;131.5;Warren Hughes;;
18;1;137;1:56.436;0;;27.689;0;46.994;0;41.753;0;123.8;3:19:09.116;15:12;0:27.689;0:46.994;0:41.753;146.7;Warren Hughes;;
18;1;138;1:31.604;0;;19.440;0;33.353;0;38.811;0;157.3;3:20:40.720;15:14;0:19.440;0:33.353;0:38.811;230.8;Warren Hughes;;
18;1;139;1:24.397;0;;18.889;0;32.615;0;32.893;0;170.8;3:22:05.117;15:15;0:18.889;0:32.615;0:32.893;232.8;Warren Hughes;;
18;1;140;1:22.982;0;;18.209;0;32.220;0;32.553;0;173.7;3:23:28.099;15:16;0:18.209;0:32.220;0:32.553;232.8;Warren Hughes;;
18;1;141;1:22.553;0;;18.081;0;32.037;0;32.435;0;174.6;3:24:50.652;15:18;0:18.081;0:32.037;0:32.435;233.3;Warren Hughes;;
18;1;142;1:22.376;0;;18.061;0;31.997;0;32.318;0;174.9;3:26:13.028;15:19;0:18.061;0:31.997;0:32.318;231.3;Warren Hughes;;
18;1;143;1:22.391;0;;18.048;0;31.951;0;32.392;0;174.9;3:27:35.419;15:20;0:18.048;0:31.951;0:32.392;230.8;Warren Hughes;;
18;1;144;1:22.620;0;;18.132;0;31.881;0;32.607;0;174.4;3:28:58.039;15:22;0:18.132;0:31.881;0:32.607;232.8;Warren Hughes;;
18;1;145;1:22.516;0;;18.092;0;31.963;0;32.461;0;174.6;3:30:20.555;15:23;0:18.092;0:31.963;0:32.461;231.3;Warren Hughes;;
18;1;146;1:22.488;0;;18.230;0;32.038;0;32.220;0;174.7;3:31:43.043;15:25;0:18.230;0:32.038;0:32.220;230.3;Warren Hughes;;
18;1;147;1:22.303;0;;17.962;1;31.913;0;32.428;0;175.1;3:33:05.346;15:26;0:17.962;0:31.913;0:32.428;232.8;Warren Hughes;;
18;1;148;1:25.116;0;;18.609;0;33.171;0;33.336;0;169.3;3:34:30.462;15:27;0:18.609;0:33.171;0:33.336;233.8;Warren Hughes;;
18;1;149;1:23.025;0;;18.179;0;32.060;0;32.786;0;173.6;3:35:53.487;15:29;0:18.179;0:32.060;0:32.786;238.4;Warren Hughes;;
18;1;150;1:24.540;0;;18.504;0;33.674;0;32.362;0;170.5;3:37:18.027;15:30;0:18.504;0:33.674;0:32.362;231.8;Warren Hughes;;
18;1;151;1:22.622;0;;18.008;0;32.099;0;32.515;0;174.4;3:38:40.649;15:32;0:18.008;0:32.099;0:32.515;233.3;Warren Hughes;;
18;1;152;1:22.843;0;;18.070;0;32.001;0;32.772;0;174.0;3:40:03.492;15:33;0:18.070;0:32.001;0:32.772;234.3;Warren Hughes;;
18;1;153;1:23.048;0;;18.205;0;32.406;0;32.437;0;173.5;3:41:26.540;15:34;0:18.205;0:32.406;0:32.437;233.8;Warren Hughes;;
18;1;154;1:22.709;0;;18.028;0;32.008;0;32.673;0;174.2;3:42:49.249;15:36;0:18.028;0:32.008;0:32.673;232.3;Warren Hughes;;
18;1;155;1:22.710;0;;18.115;0;32.038;0;32.557;0;174.2;3:44:11.959;15:37;0:18.115;0:32.038;0:32.557;233.3;Warren Hughes;;
18;1;156;1:22.896;0;;18.170;0;32.035;0;32.691;0;173.8;3:45:34.855;15:38;0:18.170;0:32.035;0:32.691;233.3;Warren Hughes;;
18;1;157;1:22.645;0;;18.243;0;31.996;0;32.406;0;174.4;3:46:57.500;15:40;0:18.243;0:31.996;0:32.406;234.8;Warren Hughes;;
18;1;158;1:22.878;0;;18.153;0;31.990;0;32.735;0;173.9;3:48:20.378;15:41;0:18.153;0:31.990;0:32.735;233.3;Warren Hughes;;
18;1;159;1:24.256;0;;18.124;0;33.624;0;32.508;0;171.0;3:49:44.634;15:43;0:18.124;0:33.624;0:32.508;240.0;Warren Hughes;;
18;1;160;1:23.400;0;;18.416;0;32.667;0;32.317;0;172.8;3:51:08.034;15:44;0:18.416;0:32.667;0:32.317;234.8;Warren Hughes;;
18;1;161;1:22.970;0;;18.072;0;31.969;0;32.929;0;173.7;3:52:31.004;15:45;0:18.072;0:31.969;0:32.929;233.3;Warren Hughes;;
18;1;162;1:23.075;0;;18.126;0;32.730;0;32.219;0;173.5;3:53:54.079;15:47;0:18.126;0:32.730;0:32.219;233.3;Warren Hughes;;
18;1;163;1:22.445;0;;18.067;0;31.964;0;32.414;0;174.8;3:55:16.524;15:48;0:18.067;0:31.964;0:32.414;234.3;Warren Hughes;;
18;1;164;1:22.073;0;;18.022;0;31.788;0;32.263;0;175.6;3:56:38.597;15:50;0:18.022;0:31.788;0:32.263;233.8;Warren Hughes;;
18;1;165;1:22.228;0;;18.008;0;31.757;1;32.463;0;175.3;3:58:00.825;15:51;0:18.008;0:31.757;0:32.463;232.8;Warren Hughes;;
18;1;166;1:25.371;0;B;18.034;0;31.996;0;35.341;0;168.8;3:59:26.196;15:52;0:18.034;0:31.996;0:35.341;233.3;Warren Hughes;;
18;1;167;2:17.451;0;;1:12.127;0;32.620;0;32.704;0;104.8;4:01:43.647;15:55;1:12.127;0:32.620;0:32.704;231.3;Warren Hughes;0:00:58;
18;1;168;1:23.246;0;;18.382;0;32.256;0;32.608;0;173.1;4:03:06.893;15:56;0:18.382;0:32.256;0:32.608;229.3;Warren Hughes;;
18;1;169;1:23.771;0;;18.253;0;33.176;0;32.342;0;172.0;4:04:30.664;15:57;0:18.253;0:33.176;0:32.342;230.8;Warren Hughes;;
18;1;170;1:22.788;0;;18.115;0;32.201;0;32.472;0;174.1;4:05:53.452;15:59;0:18.115;0:32.201;0:32.472;230.3;Warren Hughes;;
18;1;171;1:22.368;0;;18.178;0;32.013;0;32.177;0;175.0;4:07:15.820;16:00;0:18.178;0:32.013;0:32.177;229.8;Warren Hughes;;
18;1;172;1:22.708;0;;18.132;0;32.255;0;32.321;0;174.2;4:08:38.528;16:02;0:18.132;0:32.255;0:32.321;230.3;Warren Hughes;;
18;1;173;1:22.915;0;;18.119;0;32.391;0;32.405;0;173.8;4:10:01.443;16:03;0:18.119;0:32.391;0:32.405;234.3;Warren Hughes;;
18;1;174;1:22.975;0;;18.149;0;32.545;0;32.281;0;173.7;4:11:24.418;16:04;0:18.149;0:32.545;0:32.281;230.8;Warren Hughes;;
18;1;175;1:22.699;0;;18.151;0;32.256;0;32.292;0;174.3;4:12:47.117;16:06;0:18.151;0:32.256;0:32.292;231.3;Warren Hughes;;
18;1;176;1:22.720;0;;18.159;0;32.260;0;32.301;0;174.2;4:14:09.837;16:07;0:18.159;0:32.260;0:32.301;230.8;Warren Hughes;;
18;1;177;1:22.981;0;;18.341;0;32.292;0;32.348;0;173.7;4:15:32.818;16:08;0:18.341;0:32.292;0:32.348;233.3;Warren Hughes;;
18;1;178;1:22.959;0;;18.271;0;32.399;0;32.289;0;173.7;4:16:55.777;16:10;0:18.271;0:32.399;0:32.289;231.8;Warren Hughes;;
18;1;179;1:24.025;0;;18.705;0;32.309;0;33.011;0;171.5;4:18:19.802;16:11;0:18.705;0:32.309;0:33.011;231.8;Warren Hughes;;
18;1;180;1:23.256;0;;18.199;0;32.207;0;32.850;0;173.1;4:19:43.058;16:13;0:18.199;0:32.207;0:32.850;233.3;Warren Hughes;;
18;1;181;1:23.051;0;;18.182;0;32.493;0;32.376;0;173.5;4:21:06.109;16:14;0:18.182;0:32.493;0:32.376;232.8;Warren Hughes;;
18;1;182;1:22.978;0;;18.202;0;32.222;0;32.554;0;173.7;4:22:29.087;16:15;0:18.202;0:32.222;0:32.554;233.8;Warren Hughes;;
18;1;183;1:22.888;0;;18.167;0;32.212;0;32.509;0;173.9;4:23:51.975;16:17;0:18.167;0:32.212;0:32.509;234.3;Warren Hughes;;
18;1;184;1:22.924;0;;18.133;0;32.387;0;32.404;0;173.8;4:25:14.899;16:18;0:18.133;0:32.387;0:32.404;231.8;Warren Hughes;;
18;1;185;1:22.754;0;;18.098;0;32.283;0;32.373;0;174.1;4:26:37.653;16:20;0:18.098;0:32.283;0:32.373;232.8;Warren Hughes;;
18;1;186;1:23.312;0;;18.310;0;32.392;0;32.610;0;173.0;4:28:00.965;16:21;0:18.310;0:32.392;0:32.610;233.3;Warren Hughes;;
18;1;187;1:23.358;0;;18.252;0;32.450;0;32.656;0;172.9;4:29:24.323;16:22;0:18.252;0:32.450;0:32.656;232.8;Warren Hughes;;
18;1;188;1:24.781;0;;18.119;0;32.627;0;34.035;0;170.0;4:30:49.104;16:24;0:18.119;0:32.627;0:34.035;236.3;Warren Hughes;;
18;1;189;1:23.688;0;;18.518;0;32.540;0;32.630;0;172.2;4:32:12.792;16:25;0:18.518;0:32.540;0:32.630;235.3;Warren Hughes;;
18;1;190;1:23.596;0;;18.207;0;32.615;0;32.774;0;172.4;4:33:36.388;16:26;0:18.207;0:32.615;0:32.774;234.8;Warren Hughes;;
18;1;191;1:24.040;0;;18.840;0;32.441;0;32.759;0;171.5;4:35:00.428;16:28;0:18.840;0:32.441;0:32.759;233.3;Warren Hughes;;
18;1;192;1:22.602;0;;18.205;0;32.080;0;32.317;0;174.5;4:36:23.030;16:29;0:18.205;0:32.080;0:32.317;234.8;Warren Hughes;;
18;1;193;1:22.422;0;;18.209;0;32.134;0;32.079;1;174.8;4:37:45.452;16:31;0:18.209;0:32.134;0:32.079;234.8;Warren Hughes;;
18;1;194;1:35.955;0;;18.117;0;44.575;0;33.263;0;150.2;4:39:21.407;16:32;0:18.117;0:44.575;0:33.263;229.3;Warren Hughes;;
18;1;195;1:23.328;0;;18.277;0;32.438;0;32.613;0;172.9;4:40:44.735;16:34;0:18.277;0:32.438;0:32.613;230.3;Warren Hughes;;
18;1;196;1:22.793;0;;18.206;0;32.101;0;32.486;0;174.1;4:42:07.528;16:35;0:18.206;0:32.101;0:32.486;231.8;Warren Hughes;;
18;1;197;1:22.866;0;;18.078;0;32.319;0;32.469;0;173.9;4:43:30.394;16:36;0:18.078;0:32.319;0:32.469;232.3;Warren Hughes;;
18;1;198;1:22.753;0;;18.153;0;32.046;0;32.554;0;174.1;4:44:53.147;16:38;0:18.153;0:32.046;0:32.554;225.9;Warren Hughes;;
18;1;199;1:22.910;0;;18.120;0;32.154;0;32.636;0;173.8;4:46:16.057;16:39;0:18.120;0:32.154;0:32.636;234.8;Warren Hughes;;
18;1;200;1:27.025;0;B;18.305;0;32.482;0;36.238;0;165.6;4:47:43.082;16:41;0:18.305;0:32.482;0:36.238;231.3;Warren Hughes;;
18;2;201;3:06.907;0;;1:59.687;0;33.832;0;33.388;0;77.1;4:50:49.989;16:44;1:59.687;0:33.832;0:33.388;230.3;Brendon Hartley;0:01:45;
18;2;202;1:22.926;0;;18.273;0;32.189;0;32.464;0;173.8;4:52:12.915;16:45;0:18.273;0:32.189;0:32.464;232.3;Brendon Hartley;;
18;2;203;1:21.989;0;;18.100;0;31.813;0;32.076;0;175.8;4:53:34.904;16:46;0:18.100;0:31.813;0:32.076;228.8;Brendon Hartley;;
18;2;204;1:21.853;0;;18.031;0;31.738;0;32.084;0;176.1;4:54:56.757;16:48;0:18.031;0:31.738;0:32.084;227.4;Brendon Hartley;;
18;2;205;1:21.926;0;;18.073;0;31.697;0;32.156;0;175.9;4:56:18.683;16:49;0:18.073;0:31.697;0:32.156;230.3;Brendon Hartley;;
18;2;206;1:21.583;0;;17.955;2;31.753;0;31.875;0;176.6;4:57:40.266;16:51;0:17.955;0:31.753;0:31.875;228.8;Brendon Hartley;;
18;2;207;1:21.336;3;;18.007;0;31.560;0;31.769;3;177.2;4:59:01.602;16:52;0:18.007;0:31.560;0:31.769;231.3;Brendon Hartley;;
18;2;208;1:22.048;0;;18.019;0;31.646;0;32.383;0;175.6;5:00:23.650;16:53;0:18.019;0:31.646;0:32.383;231.3;Brendon Hartley;;
18;2;209;1:21.471;0;;17.983;0;31.527;2;31.961;0;176.9;5:01:45.121;16:55;0:17.983;0:31.527;0:31.961;230.8;Brendon Hartley;;
18;2;210;1:22.107;0;;18.055;0;31.865;0;32.187;0;175.5;5:03:07.228;16:56;0:18.055;0:31.865;0:32.187;230.3;Brendon Hartley;;
18;2;211;1:22.163;0;;18.057;0;31.893;0;32.213;0;175.4;5:04:29.391;16:57;0:18.057;0:31.893;0:32.213;227.8;Brendon Hartley;;
18;2;212;1:22.663;0;;17.997;0;31.959;0;32.707;0;174.3;5:05:52.054;16:59;0:17.997;0:31.959;0:32.707;230.3;Brendon Hartley;;
18;2;213;1:22.124;0;;18.130;0;31.962;0;32.032;0;175.5;5:07:14.178;17:00;0:18.130;0:31.962;0:32.032;231.8;Brendon Hartley;;
18;2;214;1:22.218;0;;17.987;0;31.937;0;32.294;0;175.3;5:08:36.396;17:01;0:17.987;0:31.937;0:32.294;232.8;Brendon Hartley;;
18;2;215;1:22.279;0;;18.044;0;31.920;0;32.315;0;175.1;5:09:58.675;17:03;0:18.044;0:31.920;0:32.315;231.8;Brendon Hartley;;
18;2;216;1:22.390;0;;18.121;0;31.928;0;32.341;0;174.9;5:11:21.065;17:04;0:18.121;0:31.928;0:32.341;234.3;Brendon Hartley;;
18;2;217;1:24.609;0;;18.278;0;33.015;0;33.316;0;170.3;5:12:45.674;17:06;0:18.278;0:33.015;0:33.316;231.3;Brendon Hartley;;
18;2;218;1:23.425;0;;19.223;0;32.150;0;32.052;0;172.7;5:14:09.099;17:07;0:19.223;0:32.150;0:32.052;230.3;Brendon Hartley;;
18;2;219;1:22.095;0;;18.021;0;31.954;0;32.120;0;175.5;5:15:31.194;17:08;0:18.021;0:31.954;0:32.120;231.3;Brendon Hartley;;
18;2;220;1:21.951;0;;18.058;0;31.763;0;32.130;0;175.8;5:16:53.145;17:10;0:18.058;0:31.763;0:32.130;230.3;Brendon Hartley;;
18;2;221;1:22.210;0;;18.059;0;31.932;0;32.219;0;175.3;5:18:15.355;17:11;0:18.059;0:31.932;0:32.219;230.8;Brendon Hartley;;
18;2;222;1:21.712;0;;18.024;0;31.786;0;31.902;0;176.4;5:19:37.067;17:13;0:18.024;0:31.786;0:31.902;228.8;Brendon Hartley;;
18;2;223;1:21.800;0;;18.017;0;31.775;0;32.008;0;176.2;5:20:58.867;17:14;0:18.017;0:31.775;0:32.008;232.3;Brendon Hartley;;
18;2;224;1:21.935;0;;17.997;0;31.874;0;32.064;0;175.9;5:22:20.802;17:15;0:17.997;0:31.874;0:32.064;230.3;Brendon Hartley;;
18;2;225;1:22.071;0;;18.049;0;31.916;0;32.106;0;175.6;5:23:42.873;17:17;0:18.049;0:31.916;0:32.106;231.3;Brendon Hartley;;
18;2;226;1:25.334;0;B;18.030;0;31.898;0;35.406;0;168.9;5:25:08.207;17:18;0:18.030;0:31.898;0:35.406;232.3;Brendon Hartley;;
18;2;227;2:28.051;0;;1:23.292;0;32.399;0;32.360;0;97.3;5:27:36.258;17:20;1:23.292;0:32.399;0:32.360;229.3;Brendon Hartley;0:01:10;
18;2;228;1:22.716;0;;18.220;0;32.273;0;32.223;0;174.2;5:28:58.974;17:22;0:18.220;0:32.273;0:32.223;230.3;Brendon Hartley;;
18;2;229;1:22.593;0;;18.108;0;32.170;0;32.315;0;174.5;5:30:21.567;17:23;0:18.108;0:32.170;0:32.315;230.3;Brendon Hartley;;
18;2;230;1:22.316;0;;18.202;0;32.015;0;32.099;0;175.1;5:31:43.883;17:25;0:18.202;0:32.015;0:32.099;228.8;Brendon Hartley;;
18;2;231;1:22.571;0;;18.148;0;32.233;0;32.190;0;174.5;5:33:06.454;17:26;0:18.148;0:32.233;0:32.190;230.8;Brendon Hartley;;
18;2;232;1:22.398;0;;18.177;0;32.038;0;32.183;0;174.9;5:34:28.852;17:27;0:18.177;0:32.038;0:32.183;229.3;Brendon Hartley;;
18;2;233;1:22.502;0;;18.196;0;32.022;0;32.284;0;174.7;5:35:51.354;17:29;0:18.196;0:32.022;0:32.284;232.8;Brendon Hartley;;
18;2;234;1:22.385;0;;18.147;0;32.016;0;32.222;0;174.9;5:37:13.739;17:30;0:18.147;0:32.016;0:32.222;229.8;Brendon Hartley;;
18;2;235;1:22.703;0;;18.166;0;32.096;0;32.441;0;174.2;5:38:36.442;17:31;0:18.166;0:32.096;0:32.441;230.3;Brendon Hartley;;
18;2;236;1:22.367;0;;18.192;0;31.973;0;32.202;0;175.0;5:39:58.809;17:33;0:18.192;0:31.973;0:32.202;229.3;Brendon Hartley;;
18;2;237;1:23.106;0;;18.107;0;32.824;0;32.175;0;173.4;5:41:21.915;17:34;0:18.107;0:32.824;0:32.175;231.8;Brendon Hartley;;
18;2;238;1:22.351;0;;18.086;0;32.028;0;32.237;0;175.0;5:42:44.266;17:36;0:18.086;0:32.028;0:32.237;231.3;Brendon Hartley;;
18;2;239;1:22.626;0;;18.088;0;32.059;0;32.479;0;174.4;5:44:06.892;17:37;0:18.088;0:32.059;0:32.479;232.3;Brendon Hartley;;
18;2;240;1:22.256;0;;18.154;0;31.996;0;32.106;0;175.2;5:45:29.148;17:38;0:18.154;0:31.996;0:32.106;232.3;Brendon Hartley;;
18;2;241;1:22.721;0;;18.073;0;31.991;0;32.657;0;174.2;5:46:51.869;17:40;0:18.073;0:31.991;0:32.657;230.8;Brendon Hartley;;
18;2;242;1:22.120;0;;18.099;0;32.018;0;32.003;0;175.5;5:48:13.989;17:41;0:18.099;0:32.018;0:32.003;230.3;Brendon Hartley;;
18;2;243;1:22.303;0;;18.090;0;32.071;0;32.142;0;175.1;5:49:36.292;17:42;0:18.090;0:32.071;0:32.142;228.3;Brendon Hartley;;
18;2;244;1:23.019;0;;18.113;0;32.737;0;32.169;0;173.6;5:50:59.311;17:44;0:18.113;0:32.737;0:32.169;231.3;Brendon Hartley;;
18;2;245;1:22.742;0;;18.077;0;32.484;0;32.181;0;174.2;5:52:22.053;17:45;0:18.077;0:32.484;0:32.181;232.8;Brendon Hartley;;
18;2;246;1:22.592;0;;18.109;0;32.430;0;32.053;0;174.5;5:53:44.645;17:47;0:18.109;0:32.430;0:32.053;229.3;Brendon Hartley;;
18;2;247;1:22.866;0;;18.419;0;32.071;0;32.376;0;173.9;5:55:07.511;17:48;0:18.419;0:32.071;0:32.376;231.8;Brendon Hartley;;
18;2;248;1:22.401;0;;18.067;0;32.136;0;32.198;0;174.9;5:56:29.912;17:49;0:18.067;0:32.136;0:32.198;230.3;Brendon Hartley;;
18;2;249;1:22.431;0;;18.131;0;32.152;0;32.148;0;174.8;5:57:52.343;17:51;0:18.131;0:32.152;0:32.148;233.8;Brendon Hartley;;
18;2;250;1:22.247;0;;18.092;0;32.019;0;32.136;0;175.2;5:59:14.590;17:52;0:18.092;0:32.019;0:32.136;232.8;Brendon Hartley;;
18;2;251;1:22.836;0;;18.101;0;31.945;0;32.790;0;174.0;6:00:37.426;17:54;0:18.101;0:31.945;0:32.790;231.3;Brendon Hartley;;
19;0;1;1:44.564;0;;22.827;0;48.236;0;33.501;0;137.8;1:44.564;11:55;0:22.827;0:48.236;0:33.501;228.3;Nicolas Marroc;;
19;0;2;1:26.245;0;;18.625;0;32.820;0;34.800;0;167.1;3:10.809;11:56;0:18.625;0:32.820;0:34.800;232.8;Nicolas Marroc;;
19;0;3;1:27.145;0;;19.082;0;34.993;0;33.070;0;165.4;4:37.954;11:58;0:19.082;0:34.993;0:33.070;229.8;Nicolas Marroc;;
19;0;4;1:23.204;0;;18.359;0;32.434;0;32.411;0;173.2;6:01.158;11:59;0:18.359;0:32.434;0:32.411;231.3;Nicolas Marroc;;
19;0;5;1:23.383;0;;18.367;0;32.519;0;32.497;0;172.8;7:24.541;12:00;0:18.367;0:32.519;0:32.497;230.3;Nicolas Marroc;;
19;0;6;1:23.168;0;;18.331;0;32.536;0;32.301;1;173.3;8:47.709;12:02;0:18.331;0:32.536;0:32.301;231.3;Nicolas Marroc;;
19;0;7;1:22.730;0;;18.230;0;32.174;0;32.326;0;174.2;10:10.439;12:03;0:18.230;0:32.174;0:32.326;232.3;Nicolas Marroc;;
19;0;8;1:22.940;0;;18.302;0;32.223;0;32.415;0;173.7;11:33.379;12:04;0:18.302;0:32.223;0:32.415;231.8;Nicolas Marroc;;
19;0;9;1:23.174;0;;18.290;0;32.269;0;32.615;0;173.3;12:56.553;12:06;0:18.290;0:32.269;0:32.615;231.3;Nicolas Marroc;;
19;0;10;1:22.854;0;;18.173;0;32.183;0;32.498;0;173.9;14:19.407;12:07;0:18.173;0:32.183;0:32.498;232.3;Nicolas Marroc;;
19;0;11;1:22.910;0;;18.209;0;32.292;0;32.409;0;173.8;15:42.317;12:09;0:18.209;0:32.292;0:32.409;231.3;Nicolas Marroc;;
19;0;12;1:23.654;0;;18.207;0;32.799;0;32.648;0;172.3;17:05.971;12:10;0:18.207;0:32.799;0:32.648;227.8;Nicolas Marroc;;
19;0;13;1:25.973;0;B;18.317;0;32.426;0;35.230;0;167.6;18:31.944;12:11;0:18.317;0:32.426;0:35.230;232.3;Nicolas Marroc;;
19;0;14;2:34.449;0;;1:29.099;0;32.954;0;32.396;0;93.3;21:06.393;12:14;1:29.099;0:32.954;0:32.396;230.3;Nicolas Marroc;0:01:15;
19;0;15;1:23.093;0;;18.375;0;32.242;0;32.476;0;173.4;22:29.486;12:15;0:18.375;0:32.242;0:32.476;231.3;Nicolas Marroc;;
19;0;16;1:23.270;0;;18.336;0;32.343;0;32.591;0;173.1;23:52.756;12:17;0:18.336;0:32.343;0:32.591;231.3;Nicolas Marroc;;
19;0;17;1:22.915;0;;18.244;0;32.352;0;32.319;0;173.8;25:15.671;12:18;0:18.244;0:32.352;0:32.319;229.8;Nicolas Marroc;;
19;0;18;1:23.265;0;;18.279;0;32.513;0;32.473;0;173.1;26:38.936;12:20;0:18.279;0:32.513;0:32.473;230.3;Nicolas Marroc;;
19;0;19;1:22.834;0;;18.233;0;32.279;0;32.322;0;174.0;28:01.770;12:21;0:18.233;0:32.279;0:32.322;230.8;Nicolas Marroc;;
19;0;20;1:23.279;0;;18.278;0;32.443;0;32.558;0;173.0;29:25.049;12:22;0:18.278;0:32.443;0:32.558;228.8;Nicolas Marroc;;
19;0;21;1:23.233;0;;18.202;0;32.336;0;32.695;0;173.1;30:48.282;12:24;0:18.202;0:32.336;0:32.695;229.3;Nicolas Marroc;;
19;0;22;1:23.373;0;;18.299;0;32.257;0;32.817;0;172.8;32:11.655;12:25;0:18.299;0:32.257;0:32.817;230.3;Nicolas Marroc;;
19;0;23;1:23.992;0;;18.571;0;32.445;0;32.976;0;171.6;33:35.647;12:26;0:18.571;0:32.445;0:32.976;230.8;Nicolas Marroc;;
19;0;24;1:25.151;0;;18.218;0;33.068;0;33.865;0;169.2;35:00.798;12:28;0:18.218;0:33.068;0:33.865;229.3;Nicolas Marroc;;
19;0;25;1:23.436;0;;18.231;0;32.312;0;32.893;0;172.7;36:24.234;12:29;0:18.231;0:32.312;0:32.893;229.8;Nicolas Marroc;;
19;0;26;1:23.037;0;;18.204;0;32.337;0;32.496;0;173.5;37:47.271;12:31;0:18.204;0:32.337;0:32.496;230.3;Nicolas Marroc;;
19;0;27;1:23.146;0;;18.187;0;32.422;0;32.537;0;173.3;39:10.417;12:32;0:18.187;0:32.422;0:32.537;228.8;Nicolas Marroc;;
19;0;28;1:23.321;0;;18.216;0;32.324;0;32.781;0;173.0;40:33.738;12:33;0:18.216;0:32.324;0:32.781;229.8;Nicolas Marroc;;
19;0;29;1:22.876;0;;18.122;1;32.223;0;32.531;0;173.9;41:56.614;12:35;0:18.122;0:32.223;0:32.531;231.8;Nicolas Marroc;;
19;0;30;1:26.600;0;;18.234;0;32.248;0;36.118;0;166.4;43:23.214;12:36;0:18.234;0:32.248;0:36.118;230.8;Nicolas Marroc;;
19;0;31;1:23.753;0;;18.290;0;32.492;0;32.971;0;172.1;44:46.967;12:38;0:18.290;0:32.492;0:32.971;232.3;Nicolas Marroc;;
19;0;32;1:23.519;0;;18.296;0;32.463;0;32.760;0;172.5;46:10.486;12:39;0:18.296;0:32.463;0:32.760;231.3;Nicolas Marroc;;
19;0;33;1:23.266;0;;18.227;0;32.351;0;32.688;0;173.1;47:33.752;12:40;0:18.227;0:32.351;0:32.688;229.8;Nicolas Marroc;;
19;0;34;1:23.035;0;;18.192;0;32.298;0;32.545;0;173.6;48:56.787;12:42;0:18.192;0:32.298;0:32.545;232.3;Nicolas Marroc;;
19;0;35;1:24.519;0;;18.293;0;33.589;0;32.637;0;170.5;50:21.306;12:43;0:18.293;0:33.589;0:32.637;231.3;Nicolas Marroc;;
19;0;36;1:25.038;0;;18.204;0;32.985;0;33.849;0;169.5;51:46.344;12:45;0:18.204;0:32.985;0:33.849;232.3;Nicolas Marroc;;
19;0;37;1:25.703;0;;18.361;0;34.713;0;32.629;0;168.1;53:12.047;12:46;0:18.361;0:34.713;0:32.629;230.3;Nicolas Marroc;;
19;0;38;1:23.286;0;;18.150;0;32.423;0;32.713;0;173.0;54:35.333;12:47;0:18.150;0:32.423;0:32.713;232.3;Nicolas Marroc;;
19;0;39;1:23.182;0;;18.285;0;32.321;0;32.576;0;173.2;55:58.515;12:49;0:18.285;0:32.321;0:32.576;231.8;Nicolas Marroc;;
19;0;40;1:23.061;0;;18.129;0;32.447;0;32.485;0;173.5;57:21.576;12:50;0:18.129;0:32.447;0:32.485;233.8;Nicolas Marroc;;
19;0;41;1:23.355;0;;18.148;0;32.329;0;32.878;0;172.9;58:44.931;12:52;0:18.148;0:32.329;0:32.878;233.3;Nicolas Marroc;;
19;0;42;1:23.774;0;;18.658;0;32.525;0;32.591;0;172.0;1:00:08.705;12:53;0:18.658;0:32.525;0:32.591;232.3;Nicolas Marroc;;
19;0;43;1:23.105;0;;18.286;0;32.266;0;32.553;0;173.4;1:01:31.810;12:54;0:18.286;0:32.266;0:32.553;232.8;Nicolas Marroc;;
19;0;44;1:22.972;0;;18.172;0;32.291;0;32.509;0;173.7;1:02:54.782;12:56;0:18.172;0:32.291;0:32.509;232.3;Nicolas Marroc;;
19;0;45;1:22.761;0;;18.179;0;32.143;0;32.439;0;174.1;1:04:17.543;12:57;0:18.179;0:32.143;0:32.439;232.3;Nicolas Marroc;;
19;0;46;1:22.876;0;;18.242;0;32.080;1;32.554;0;173.9;1:05:40.419;12:59;0:18.242;0:32.080;0:32.554;232.3;Nicolas Marroc;;
19;0;47;1:26.205;0;B;18.262;0;32.363;0;35.580;0;167.2;1:07:06.624;13:00;0:18.262;0:32.363;0:35.580;231.3;Nicolas Marroc;;
19;0;48;2:07.539;0;;1:02.250;0;32.665;0;32.624;0;113.0;1:09:14.163;13:02;1:02.250;0:32.665;0:32.624;230.3;Nicolas Marroc;0:00:49;
19;0;49;1:24.057;0;;18.322;0;32.489;0;33.246;0;171.4;1:10:38.220;13:04;0:18.322;0:32.489;0:33.246;231.3;Nicolas Marroc;;
19;0;50;1:23.633;0;;18.462;0;32.397;0;32.774;0;172.3;1:12:01.853;13:05;0:18.462;0:32.397;0:32.774;230.8;Nicolas Marroc;;
19;0;51;1:25.341;0;;19.692;0;32.869;0;32.780;0;168.9;1:13:27.194;13:06;0:19.692;0:32.869;0:32.780;231.8;Nicolas Marroc;;
19;0;52;1:23.356;0;;18.311;0;32.381;0;32.664;0;172.9;1:14:50.550;13:08;0:18.311;0:32.381;0:32.664;231.8;Nicolas Marroc;;
19;0;53;1:25.887;0;;18.357;0;33.793;0;33.737;0;167.8;1:16:16.437;13:09;0:18.357;0:33.793;0:33.737;232.8;Nicolas Marroc;;
19;0;54;1:24.334;0;;18.959;0;32.459;0;32.916;0;170.9;1:17:40.771;13:11;0:18.959;0:32.459;0:32.916;231.3;Nicolas Marroc;;
19;0;55;1:23.428;0;;18.309;0;32.466;0;32.653;0;172.7;1:19:04.199;13:12;0:18.309;0:32.466;0:32.653;230.8;Nicolas Marroc;;
19;0;56;1:23.757;0;;18.385;0;32.383;0;32.989;0;172.1;1:20:27.956;13:13;0:18.385;0:32.383;0:32.989;230.8;Nicolas Marroc;;
19;0;57;1:23.194;0;;18.312;0;32.332;0;32.550;0;173.2;1:21:51.150;13:15;0:18.312;0:32.332;0:32.550;231.8;Nicolas Marroc;;
19;0;58;1:23.399;0;;18.259;0;32.345;0;32.795;0;172.8;1:23:14.549;13:16;0:18.259;0:32.345;0:32.795;230.8;Nicolas Marroc;;
19;0;59;1:23.784;0;;18.382;0;32.577;0;32.825;0;172.0;1:24:38.333;13:18;0:18.382;0:32.577;0:32.825;230.3;Nicolas Marroc;;
19;0;60;1:23.870;0;;18.305;0;32.740;0;32.825;0;171.8;1:26:02.203;13:19;0:18.305;0:32.740;0:32.825;230.3;Nicolas Marroc;;
19;0;61;1:23.518;0;;18.353;0;32.382;0;32.783;0;172.5;1:27:25.721;13:20;0:18.353;0:32.382;0:32.783;231.3;Nicolas Marroc;;
19;0;62;1:24.440;0;;18.305;0;32.451;0;33.684;0;170.7;1:28:50.161;13:22;0:18.305;0:32.451;0:33.684;231.8;Nicolas Marroc;;
19;0;63;1:23.924;0;;18.245;0;32.315;0;33.364;0;171.7;1:30:14.085;13:23;0:18.245;0:32.315;0:33.364;232.3;Nicolas Marroc;;
19;0;64;1:23.253;0;;18.234;0;32.433;0;32.586;0;173.1;1:31:37.338;13:25;0:18.234;0:32.433;0:32.586;231.3;Nicolas Marroc;;
19;0;65;1:23.780;0;;18.379;0;32.498;0;32.903;0;172.0;1:33:01.118;13:26;0:18.379;0:32.498;0:32.903;230.8;Nicolas Marroc;;
19;0;66;1:24.223;0;;18.741;0;32.786;0;32.696;0;171.1;1:34:25.341;13:27;0:18.741;0:32.786;0:32.696;229.3;Nicolas Marroc;;
19;0;67;1:23.629;0;;18.390;0;32.423;0;32.816;0;172.3;1:35:48.970;13:29;0:18.390;0:32.423;0:32.816;231.3;Nicolas Marroc;;
19;0;68;1:23.814;0;;18.321;0;32.450;0;33.043;0;171.9;1:37:12.784;13:30;0:18.321;0:32.450;0:33.043;232.3;Nicolas Marroc;;
19;0;69;1:25.066;0;;19.352;0;32.551;0;33.163;0;169.4;1:38:37.850;13:32;0:19.352;0:32.551;0:33.163;232.8;Nicolas Marroc;;
19;0;70;1:23.446;0;;18.331;0;32.535;0;32.580;0;172.7;1:40:01.296;13:33;0:18.331;0:32.535;0:32.580;232.3;Nicolas Marroc;;
19;0;71;1:23.312;0;;18.271;0;32.423;0;32.618;0;173.0;1:41:24.608;13:34;0:18.271;0:32.423;0:32.618;231.8;Nicolas Marroc;;
19;0;72;1:23.742;0;;18.306;0;32.685;0;32.751;0;172.1;1:42:48.350;13:36;0:18.306;0:32.685;0:32.751;231.3;Nicolas Marroc;;
19;0;73;1:24.371;0;;18.774;0;32.516;0;33.081;0;170.8;1:44:12.721;13:37;0:18.774;0:32.516;0:33.081;232.3;Nicolas Marroc;;
19;0;74;1:23.945;0;;18.709;0;32.600;0;32.636;0;171.7;1:45:36.666;13:39;0:18.709;0:32.600;0:32.636;229.8;Nicolas Marroc;;
19;0;75;1:23.501;0;;18.385;0;32.456;0;32.660;0;172.6;1:47:00.167;13:40;0:18.385;0:32.456;0:32.660;231.3;Nicolas Marroc;;
19;0;76;1:23.579;0;;18.291;0;32.612;0;32.676;0;172.4;1:48:23.746;13:41;0:18.291;0:32.612;0:32.676;232.3;Nicolas Marroc;;
19;0;77;1:23.459;0;;18.308;0;32.518;0;32.633;0;172.7;1:49:47.205;13:43;0:18.308;0:32.518;0:32.633;231.8;Nicolas Marroc;;
19;0;78;1:24.398;0;;18.329;0;32.494;0;33.575;0;170.7;1:51:11.603;13:44;0:18.329;0:32.494;0:33.575;233.3;Nicolas Marroc;;
19;0;79;1:24.598;0;;18.625;0;32.633;0;33.340;0;170.3;1:52:36.201;13:45;0:18.625;0:32.633;0:33.340;232.8;Nicolas Marroc;;
19;0;80;1:24.097;0;;18.517;0;32.624;0;32.956;0;171.4;1:54:00.298;13:47;0:18.517;0:32.624;0:32.956;232.3;Nicolas Marroc;;
19;0;81;1:27.301;0;B;18.401;0;33.012;0;35.888;0;165.1;1:55:27.599;13:48;0:18.401;0:33.012;0:35.888;232.3;Nicolas Marroc;;
19;1;82;2:53.190;0;;1:47.627;0;32.638;0;32.925;0;83.2;1:58:20.789;13:51;1:47.627;0:32.638;0:32.925;231.8;Nicolas Minassian;0:01:34;
19;1;83;1:24.157;0;;18.410;0;32.846;0;32.901;0;171.2;1:59:44.946;13:53;0:18.410;0:32.846;0:32.901;231.3;Nicolas Minassian;;
19;1;84;1:23.184;0;;18.255;0;32.412;0;32.517;0;173.2;2:01:08.130;13:54;0:18.255;0:32.412;0:32.517;223.6;Nicolas Minassian;;
19;1;85;1:24.219;0;;18.909;0;32.380;0;32.930;0;171.1;2:02:32.349;13:55;0:18.909;0:32.380;0:32.930;229.8;Nicolas Minassian;;
19;1;86;1:23.057;0;;18.185;0;32.494;0;32.378;0;173.5;2:03:55.406;13:57;0:18.185;0:32.494;0:32.378;228.8;Nicolas Minassian;;
19;1;87;1:22.686;0;;18.108;0;32.046;0;32.532;0;174.3;2:05:18.092;13:58;0:18.108;0:32.046;0:32.532;230.8;Nicolas Minassian;;
19;1;88;1:22.977;0;;18.311;0;32.124;0;32.542;0;173.7;2:06:41.069;14:00;0:18.311;0:32.124;0:32.542;231.3;Nicolas Minassian;;
19;1;89;1:22.029;0;;18.144;0;31.813;0;32.072;0;175.7;2:08:03.098;14:01;0:18.144;0:31.813;0:32.072;232.3;Nicolas Minassian;;
19;1;90;1:23.824;0;;19.321;0;32.175;0;32.328;0;171.9;2:09:26.922;14:02;0:19.321;0:32.175;0:32.328;231.8;Nicolas Minassian;;
19;1;91;1:22.770;0;;18.113;0;31.885;0;32.772;0;174.1;2:10:49.692;14:04;0:18.113;0:31.885;0:32.772;232.3;Nicolas Minassian;;
19;1;92;1:22.795;0;;18.078;0;32.442;0;32.275;0;174.1;2:12:12.487;14:05;0:18.078;0:32.442;0:32.275;231.8;Nicolas Minassian;;
19;1;93;1:22.347;0;;18.050;0;31.902;0;32.395;0;175.0;2:13:34.834;14:06;0:18.050;0:31.902;0:32.395;231.8;Nicolas Minassian;;
19;1;94;1:22.270;0;;18.045;0;31.885;0;32.340;0;175.2;2:14:57.104;14:08;0:18.045;0:31.885;0:32.340;231.3;Nicolas Minassian;;
19;1;95;1:22.410;0;;18.024;0;31.946;0;32.440;0;174.9;2:16:19.514;14:09;0:18.024;0:31.946;0:32.440;232.8;Nicolas Minassian;;
19;1;96;1:22.164;0;;18.061;0;31.850;0;32.253;0;175.4;2:17:41.678;14:11;0:18.061;0:31.850;0:32.253;231.8;Nicolas Minassian;;
19;1;97;1:22.113;0;;18.014;0;31.805;0;32.294;0;175.5;2:19:03.791;14:12;0:18.014;0:31.805;0:32.294;232.3;Nicolas Minassian;;
19;1;98;1:22.248;0;;17.996;0;32.052;0;32.200;0;175.2;2:20:26.039;14:13;0:17.996;0:32.052;0:32.200;231.3;Nicolas Minassian;;
19;1;99;1:22.661;0;;18.112;0;32.074;0;32.475;0;174.3;2:21:48.700;14:15;0:18.112;0:32.074;0:32.475;232.8;Nicolas Minassian;;
19;1;100;1:22.530;0;;18.207;0;32.008;0;32.315;0;174.6;2:23:11.230;14:16;0:18.207;0:32.008;0:32.315;232.3;Nicolas Minassian;;
19;1;101;1:22.139;0;;18.083;0;31.829;0;32.227;0;175.4;2:24:33.369;14:17;0:18.083;0:31.829;0:32.227;232.3;Nicolas Minassian;;
19;1;102;1:22.392;0;;18.080;0;31.962;0;32.350;0;174.9;2:25:55.761;14:19;0:18.080;0:31.962;0:32.350;231.8;Nicolas Minassian;;
19;1;103;1:22.158;0;;18.032;0;31.959;0;32.167;0;175.4;2:27:17.919;14:20;0:18.032;0:31.959;0:32.167;231.3;Nicolas Minassian;;
19;1;104;1:22.204;0;;17.987;0;31.907;0;32.310;0;175.3;2:28:40.123;14:22;0:17.987;0:31.907;0:32.310;232.3;Nicolas Minassian;;
19;1;105;1:22.593;0;;18.120;0;31.948;0;32.525;0;174.5;2:30:02.716;14:23;0:18.120;0:31.948;0:32.525;233.3;Nicolas Minassian;;
19;1;106;1:23.150;0;;18.108;0;32.113;0;32.929;0;173.3;2:31:25.866;14:24;0:18.108;0:32.113;0:32.929;233.8;Nicolas Minassian;;
19;1;107;1:23.966;0;;18.603;0;32.732;0;32.631;0;171.6;2:32:49.832;14:26;0:18.603;0:32.732;0:32.631;234.3;Nicolas Minassian;;
19;1;108;1:23.263;0;;18.580;0;32.233;0;32.450;0;173.1;2:34:13.095;14:27;0:18.580;0:32.233;0:32.450;234.3;Nicolas Minassian;;
19;1;109;1:23.082;0;;18.234;0;32.085;0;32.763;0;173.5;2:35:36.177;14:28;0:18.234;0:32.085;0:32.763;234.8;Nicolas Minassian;;
19;1;110;1:22.860;0;;18.250;0;32.101;0;32.509;0;173.9;2:36:59.037;14:30;0:18.250;0:32.101;0:32.509;232.8;Nicolas Minassian;;
19;1;111;1:23.920;0;;18.208;0;32.525;0;33.187;0;171.7;2:38:22.957;14:31;0:18.208;0:32.525;0:33.187;232.8;Nicolas Minassian;;
19;1;112;1:24.533;0;;18.724;0;32.305;0;33.504;0;170.5;2:39:47.490;14:33;0:18.724;0:32.305;0:33.504;234.3;Nicolas Minassian;;
19;1;113;1:25.820;0;;18.691;0;33.395;0;33.734;0;167.9;2:41:13.310;14:34;0:18.691;0:33.395;0:33.734;232.8;Nicolas Minassian;;
19;1;114;1:23.150;0;;18.407;0;32.147;0;32.596;0;173.3;2:42:36.460;14:35;0:18.407;0:32.147;0:32.596;232.8;Nicolas Minassian;;
19;1;115;1:23.122;0;;18.108;0;32.471;0;32.543;0;173.4;2:43:59.582;14:37;0:18.108;0:32.471;0:32.543;230.8;Nicolas Minassian;;
19;1;116;1:25.439;0;B;18.089;0;32.126;0;35.224;0;168.7;2:45:25.021;14:38;0:18.089;0:32.126;0:35.224;231.8;Nicolas Minassian;;
19;1;117;2:05.500;0;;1:00.421;0;32.491;0;32.588;0;114.8;2:47:30.521;14:40;1:00.421;0:32.491;0:32.588;230.3;Nicolas Minassian;0:00:47;
19;1;118;1:23.188;0;;18.245;0;32.442;0;32.501;0;173.2;2:48:53.709;14:42;0:18.245;0:32.442;0:32.501;230.3;Nicolas Minassian;;
19;1;119;1:23.108;0;;18.209;0;32.283;0;32.616;0;173.4;2:50:16.817;14:43;0:18.209;0:32.283;0:32.616;230.8;Nicolas Minassian;;
19;1;120;1:23.122;0;;18.208;0;32.388;0;32.526;0;173.4;2:51:39.939;14:45;0:18.208;0:32.388;0:32.526;230.8;Nicolas Minassian;;
19;1;121;1:23.552;0;;18.100;0;32.796;0;32.656;0;172.5;2:53:03.491;14:46;0:18.100;0:32.796;0:32.656;229.8;Nicolas Minassian;;
19;1;122;1:22.975;0;;18.258;0;32.172;0;32.545;0;173.7;2:54:26.466;14:47;0:18.258;0:32.172;0:32.545;229.8;Nicolas Minassian;;
19;1;123;1:23.843;0;;18.167;0;32.630;0;33.046;0;171.9;2:55:50.309;14:49;0:18.167;0:32.630;0:33.046;226.9;Nicolas Minassian;;
19;1;124;1:24.200;0;;18.218;0;33.158;0;32.824;0;171.1;2:57:14.509;14:50;0:18.218;0:33.158;0:32.824;228.3;Nicolas Minassian;;
19;1;125;1:23.489;0;;18.234;0;32.281;0;32.974;0;172.6;2:58:37.998;14:52;0:18.234;0:32.281;0:32.974;232.3;Nicolas Minassian;;
19;1;126;1:23.042;0;;18.170;0;32.232;0;32.640;0;173.5;3:00:01.040;14:53;0:18.170;0:32.232;0:32.640;231.8;Nicolas Minassian;;
19;1;127;1:23.592;0;;18.214;0;32.440;0;32.938;0;172.4;3:01:24.632;14:54;0:18.214;0:32.440;0:32.938;231.3;Nicolas Minassian;;
19;1;128;1:33.984;0;B;18.582;0;35.547;0;39.855;0;153.3;3:02:58.616;14:56;0:18.582;0:35.547;0:39.855;196.4;Nicolas Minassian;;
19;1;129;2:15.995;0;;59.874;0;37.755;0;38.366;0;106.0;3:05:14.611;14:58;0:59.874;0:37.755;0:38.366;197.1;Nicolas Minassian;0:00:45;
19;1;130;1:48.188;0;;18.944;0;37.368;0;51.876;0;133.2;3:07:02.799;15:00;0:18.944;0:37.368;0:51.876;124.1;Nicolas Minassian;;
19;1;131;2:02.722;0;;29.664;0;48.132;0;44.926;0;117.4;3:09:05.521;15:02;0:29.664;0:48.132;0:44.926;142.1;Nicolas Minassian;;
19;1;132;1:59.974;0;;26.383;0;47.520;0;46.071;0;120.1;3:11:05.495;15:04;0:26.383;0:47.520;0:46.071;156.7;Nicolas Minassian;;
19;1;133;2:00.454;0;;26.529;0;47.528;0;46.397;0;119.6;3:13:05.949;15:06;0:26.529;0:47.528;0:46.397;161.4;Nicolas Minassian;;
19;1;134;1:59.747;0;;25.878;0;47.212;0;46.657;0;120.3;3:15:05.696;15:08;0:25.878;0:47.212;0:46.657;156.3;Nicolas Minassian;;
19;1;135;2:02.969;0;;27.664;0;48.240;0;47.065;0;117.2;3:17:08.665;15:10;0:27.664;0:48.240;0:47.065;154.3;Nicolas Minassian;;
19;1;136;1:58.438;0;;27.183;0;47.267;0;43.988;0;121.7;3:19:07.103;15:12;0:27.183;0:47.267;0:43.988;159.1;Nicolas Minassian;;
19;1;137;1:24.086;0;;18.623;0;32.962;0;32.501;0;171.4;3:20:31.189;15:13;0:18.623;0:32.962;0:32.501;231.8;Nicolas Minassian;;
19;1;138;1:22.938;0;;18.236;0;32.313;0;32.389;0;173.8;3:21:54.127;15:15;0:18.236;0:32.313;0:32.389;230.8;Nicolas Minassian;;
19;1;139;1:22.727;0;;18.152;0;32.101;0;32.474;0;174.2;3:23:16.854;15:16;0:18.152;0:32.101;0:32.474;232.8;Nicolas Minassian;;
19;1;140;1:22.472;0;;18.123;0;31.943;0;32.406;0;174.7;3:24:39.326;15:18;0:18.123;0:31.943;0:32.406;232.3;Nicolas Minassian;;
19;1;141;1:22.304;0;;18.055;0;31.935;0;32.314;0;175.1;3:26:01.630;15:19;0:18.055;0:31.935;0:32.314;230.8;Nicolas Minassian;;
19;1;142;1:22.231;0;;18.086;0;31.998;0;32.147;0;175.2;3:27:23.861;15:20;0:18.086;0:31.998;0:32.147;231.3;Nicolas Minassian;;
19;1;143;1:22.372;0;;18.038;0;32.074;0;32.260;0;174.9;3:28:46.233;15:22;0:18.038;0:32.074;0:32.260;230.8;Nicolas Minassian;;
19;1;144;1:22.256;0;;18.069;0;32.111;0;32.076;0;175.2;3:30:08.489;15:23;0:18.069;0:32.111;0:32.076;230.3;Nicolas Minassian;;
19;1;145;1:23.203;0;;18.128;0;32.033;0;33.042;0;173.2;3:31:31.692;15:24;0:18.128;0:32.033;0:33.042;232.8;Nicolas Minassian;;
19;1;146;1:24.284;0;;18.074;0;33.869;0;32.341;0;171.0;3:32:55.976;15:26;0:18.074;0:33.869;0:32.341;229.8;Nicolas Minassian;;
19;1;147;1:22.756;0;;18.102;0;32.147;0;32.507;0;174.1;3:34:18.732;15:27;0:18.102;0:32.147;0:32.507;232.8;Nicolas Minassian;;
19;1;148;1:22.467;0;;18.080;0;31.981;0;32.406;0;174.7;3:35:41.199;15:29;0:18.080;0:31.981;0:32.406;231.8;Nicolas Minassian;;
19;1;149;1:22.111;0;;18.068;0;31.806;0;32.237;0;175.5;3:37:03.310;15:30;0:18.068;0:31.806;0:32.237;232.3;Nicolas Minassian;;
19;1;150;1:22.345;0;;18.105;0;31.873;0;32.367;0;175.0;3:38:25.655;15:31;0:18.105;0:31.873;0:32.367;232.3;Nicolas Minassian;;
19;1;151;1:22.326;0;;18.184;0;32.015;0;32.127;0;175.0;3:39:47.981;15:33;0:18.184;0:32.015;0:32.127;232.3;Nicolas Minassian;;
19;1;152;1:22.616;0;;18.177;0;32.138;0;32.301;0;174.4;3:41:10.597;15:34;0:18.177;0:32.138;0:32.301;231.8;Nicolas Minassian;;
19;1;153;1:22.427;0;;18.068;0;31.969;0;32.390;0;174.8;3:42:33.024;15:35;0:18.068;0:31.969;0:32.390;231.3;Nicolas Minassian;;
19;1;154;1:22.216;0;;18.052;0;31.907;0;32.257;0;175.3;3:43:55.240;15:37;0:18.052;0:31.907;0:32.257;231.8;Nicolas Minassian;;
19;1;155;1:21.969;0;;17.995;0;31.888;0;32.086;0;175.8;3:45:17.209;15:38;0:17.995;0:31.888;0:32.086;233.3;Nicolas Minassian;;
19;1;156;1:23.423;0;;18.306;0;32.635;0;32.482;0;172.7;3:46:40.632;15:40;0:18.306;0:32.635;0:32.482;233.8;Nicolas Minassian;;
19;1;157;1:22.591;0;;18.253;0;32.007;0;32.331;0;174.5;3:48:03.223;15:41;0:18.253;0:32.007;0:32.331;232.8;Nicolas Minassian;;
19;1;158;1:22.612;0;;18.112;0;32.134;0;32.366;0;174.4;3:49:25.835;15:42;0:18.112;0:32.134;0:32.366;235.3;Nicolas Minassian;;
19;1;159;1:22.151;0;;17.971;1;31.955;0;32.225;0;175.4;3:50:47.986;15:44;0:17.971;0:31.955;0:32.225;233.3;Nicolas Minassian;;
19;1;160;1:22.177;0;;18.134;0;31.975;0;32.068;0;175.4;3:52:10.163;15:45;0:18.134;0:31.975;0:32.068;233.8;Nicolas Minassian;;
19;1;161;1:21.790;0;;18.023;0;31.719;0;32.048;0;176.2;3:53:31.953;15:46;0:18.023;0:31.719;0:32.048;233.8;Nicolas Minassian;;
19;1;162;1:22.238;0;;17.998;0;31.979;0;32.261;0;175.2;3:54:54.191;15:48;0:17.998;0:31.979;0:32.261;232.8;Nicolas Minassian;;
19;1;163;1:22.222;0;;18.016;0;31.975;0;32.231;0;175.3;3:56:16.413;15:49;0:18.016;0:31.975;0:32.231;233.8;Nicolas Minassian;;
19;1;164;1:21.749;0;;18.029;0;31.697;1;32.023;2;176.3;3:57:38.162;15:51;0:18.029;0:31.697;0:32.023;233.8;Nicolas Minassian;;
19;1;165;1:22.304;0;;18.056;0;31.961;0;32.287;0;175.1;3:59:00.466;15:52;0:18.056;0:31.961;0:32.287;234.3;Nicolas Minassian;;
19;1;166;1:27.585;0;B;18.069;0;33.710;0;35.806;0;164.5;4:00:28.051;15:53;0:18.069;0:33.710;0:35.806;231.3;Nicolas Minassian;;
19;2;167;2:45.693;0;;1:39.410;0;32.830;0;33.453;0;87.0;4:03:13.744;15:56;1:39.410;0:32.830;0:33.453;230.8;Stéphane Sarrazin;0:01:26;
19;2;168;1:22.799;0;;18.263;0;31.864;0;32.672;0;174.0;4:04:36.543;15:58;0:18.263;0:31.864;0:32.672;232.8;Stéphane Sarrazin;;
19;2;169;1:22.960;0;;18.587;0;32.040;0;32.333;0;173.7;4:05:59.503;15:59;0:18.587;0:32.040;0:32.333;230.3;Stéphane Sarrazin;;
19;2;170;1:22.035;0;;18.132;0;31.850;0;32.053;1;175.7;4:07:21.538;16:00;0:18.132;0:31.850;0:32.053;230.8;Stéphane Sarrazin;;
19;2;171;1:22.508;0;;18.127;0;31.824;0;32.557;0;174.7;4:08:44.046;16:02;0:18.127;0:31.824;0:32.557;230.3;Stéphane Sarrazin;;
19;2;172;1:22.202;0;;18.111;0;31.936;0;32.155;0;175.3;4:10:06.248;16:03;0:18.111;0:31.936;0:32.155;229.8;Stéphane Sarrazin;;
19;2;173;1:22.384;0;;17.955;0;32.060;0;32.369;0;174.9;4:11:28.632;16:04;0:17.955;0:32.060;0:32.369;231.8;Stéphane Sarrazin;;
19;2;174;1:21.949;0;;17.990;0;31.748;0;32.211;0;175.9;4:12:50.581;16:06;0:17.990;0:31.748;0:32.211;230.8;Stéphane Sarrazin;;
19;2;175;1:22.005;0;;18.033;0;31.721;0;32.251;0;175.7;4:14:12.586;16:07;0:18.033;0:31.721;0:32.251;231.8;Stéphane Sarrazin;;
19;2;176;1:23.009;0;;18.168;0;32.400;0;32.441;0;173.6;4:15:35.595;16:08;0:18.168;0:32.400;0:32.441;232.3;Stéphane Sarrazin;;
19;2;177;1:22.470;0;;18.011;0;32.051;0;32.408;0;174.7;4:16:58.065;16:10;0:18.011;0:32.051;0:32.408;231.3;Stéphane Sarrazin;;
19;2;178;1:22.959;0;;18.124;0;32.256;0;32.579;0;173.7;4:18:21.024;16:11;0:18.124;0:32.256;0:32.579;232.3;Stéphane Sarrazin;;
19;2;179;1:22.979;0;;18.154;0;31.819;0;33.006;0;173.7;4:19:44.003;16:13;0:18.154;0:31.819;0:33.006;234.3;Stéphane Sarrazin;;
19;2;180;1:23.058;0;;18.124;0;32.274;0;32.660;0;173.5;4:21:07.061;16:14;0:18.124;0:32.274;0:32.660;232.3;Stéphane Sarrazin;;
19;2;181;1:23.462;0;;18.175;0;32.854;0;32.433;0;172.7;4:22:30.523;16:15;0:18.175;0:32.854;0:32.433;233.3;Stéphane Sarrazin;;
19;2;182;1:22.208;0;;18.085;0;31.666;0;32.457;0;175.3;4:23:52.731;16:17;0:18.085;0:31.666;0:32.457;233.3;Stéphane Sarrazin;;
19;2;183;1:22.796;0;;18.101;0;32.090;0;32.605;0;174.1;4:25:15.527;16:18;0:18.101;0:32.090;0:32.605;233.8;Stéphane Sarrazin;;
19;2;184;1:22.967;0;;18.158;0;32.073;0;32.736;0;173.7;4:26:38.494;16:20;0:18.158;0:32.073;0:32.736;232.3;Stéphane Sarrazin;;
19;2;185;1:23.072;0;;18.270;0;32.208;0;32.594;0;173.5;4:28:01.566;16:21;0:18.270;0:32.208;0:32.594;232.8;Stéphane Sarrazin;;
19;2;186;1:23.214;0;;18.234;0;32.302;0;32.678;0;173.2;4:29:24.780;16:22;0:18.234;0:32.302;0:32.678;232.8;Stéphane Sarrazin;;
19;2;187;1:23.745;0;;18.180;0;32.423;0;33.142;0;172.1;4:30:48.525;16:24;0:18.180;0:32.423;0:33.142;232.8;Stéphane Sarrazin;;
19;2;188;1:23.473;0;;18.364;0;32.438;0;32.671;0;172.6;4:32:11.998;16:25;0:18.364;0:32.438;0:32.671;232.3;Stéphane Sarrazin;;
19;2;189;1:23.573;0;;18.310;0;32.253;0;33.010;0;172.4;4:33:35.571;16:26;0:18.310;0:32.253;0:33.010;234.3;Stéphane Sarrazin;;
19;2;190;1:24.133;0;;17.995;0;33.776;0;32.362;0;171.3;4:34:59.704;16:28;0:17.995;0:33.776;0:32.362;224.1;Stéphane Sarrazin;;
19;2;191;1:22.391;0;;17.971;0;32.058;0;32.362;0;174.9;4:36:22.095;16:29;0:17.971;0:32.058;0:32.362;230.3;Stéphane Sarrazin;;
19;2;192;1:22.232;0;;18.032;0;31.752;0;32.448;0;175.2;4:37:44.327;16:31;0:18.032;0:31.752;0:32.448;230.8;Stéphane Sarrazin;;
19;2;193;1:22.598;0;;18.444;0;31.937;0;32.217;0;174.5;4:39:06.925;16:32;0:18.444;0:31.937;0:32.217;230.8;Stéphane Sarrazin;;
19;2;194;1:21.666;0;;17.938;0;31.638;0;32.090;0;176.5;4:40:28.591;16:33;0:17.938;0:31.638;0:32.090;231.3;Stéphane Sarrazin;;
19;2;195;1:22.149;0;;18.036;0;31.989;0;32.124;0;175.4;4:41:50.740;16:35;0:18.036;0:31.989;0:32.124;230.8;Stéphane Sarrazin;;
19;2;196;1:22.939;0;;17.893;2;32.709;0;32.337;0;173.8;4:43:13.679;16:36;0:17.893;0:32.709;0:32.337;229.8;Stéphane Sarrazin;;
19;2;197;1:22.378;0;;18.258;0;31.836;0;32.284;0;174.9;4:44:36.057;16:37;0:18.258;0:31.836;0:32.284;231.3;Stéphane Sarrazin;;
19;2;198;1:21.644;2;;17.939;0;31.615;2;32.090;0;176.5;4:45:57.701;16:39;0:17.939;0:31.615;0:32.090;231.3;Stéphane Sarrazin;;
19;2;199;1:21.955;0;;18.037;0;31.704;0;32.214;0;175.8;4:47:19.656;16:40;0:18.037;0:31.704;0:32.214;231.8;Stéphane Sarrazin;;
19;2;200;1:22.549;0;;17.993;0;32.032;0;32.524;0;174.6;4:48:42.205;16:42;0:17.993;0:32.032;0:32.524;231.8;Stéphane Sarrazin;;
19;2;201;1:27.460;0;B;18.572;0;33.311;0;35.577;0;164.8;4:50:09.665;16:43;0:18.572;0:33.311;0:35.577;233.3;Stéphane Sarrazin;;
19;2;202;2:23.588;0;;1:17.945;0;32.851;0;32.792;0;100.4;4:52:33.253;16:45;1:17.945;0:32.851;0:32.792;231.8;Stéphane Sarrazin;0:01:04;
19;2;203;1:23.320;0;;18.231;0;32.274;0;32.815;0;173.0;4:53:56.573;16:47;0:18.231;0:32.274;0:32.815;234.3;Stéphane Sarrazin;;
19;2;204;1:22.959;0;;18.243;0;32.279;0;32.437;0;173.7;4:55:19.532;16:48;0:18.243;0:32.279;0:32.437;230.8;Stéphane Sarrazin;;
19;2;205;1:23.516;0;;18.172;0;32.579;0;32.765;0;172.6;4:56:43.048;16:50;0:18.172;0:32.579;0:32.765;229.3;Stéphane Sarrazin;;
19;2;206;1:22.791;0;;18.211;0;32.142;0;32.438;0;174.1;4:58:05.839;16:51;0:18.211;0:32.142;0:32.438;230.3;Stéphane Sarrazin;;
19;2;207;1:23.887;0;;18.301;0;32.233;0;33.353;0;171.8;4:59:29.726;16:52;0:18.301;0:32.233;0:33.353;230.3;Stéphane Sarrazin;;
19;2;208;1:22.902;0;;18.279;0;32.199;0;32.424;0;173.8;5:00:52.628;16:54;0:18.279;0:32.199;0:32.424;230.3;Stéphane Sarrazin;;
19;2;209;1:22.721;0;;18.115;0;32.172;0;32.434;0;174.2;5:02:15.349;16:55;0:18.115;0:32.172;0:32.434;230.3;Stéphane Sarrazin;;
19;2;210;1:23.364;0;;18.472;0;32.292;0;32.600;0;172.9;5:03:38.713;16:57;0:18.472;0:32.292;0:32.600;231.3;Stéphane Sarrazin;;
19;2;211;1:22.887;0;;18.226;0;32.220;0;32.441;0;173.9;5:05:01.600;16:58;0:18.226;0:32.220;0:32.441;228.3;Stéphane Sarrazin;;
19;2;212;1:23.052;0;;18.264;0;32.237;0;32.551;0;173.5;5:06:24.652;16:59;0:18.264;0:32.237;0:32.551;231.3;Stéphane Sarrazin;;
19;2;213;1:23.873;0;;18.142;0;33.162;0;32.569;0;171.8;5:07:48.525;17:01;0:18.142;0:33.162;0:32.569;228.8;Stéphane Sarrazin;;
19;2;214;1:22.963;0;;18.117;0;32.238;0;32.608;0;173.7;5:09:11.488;17:02;0:18.117;0:32.238;0:32.608;229.8;Stéphane Sarrazin;;
19;2;215;1:23.076;0;;18.191;0;32.378;0;32.507;0;173.5;5:10:34.564;17:03;0:18.191;0:32.378;0:32.507;231.3;Stéphane Sarrazin;;
19;2;216;1:22.749;0;;18.188;0;32.104;0;32.457;0;174.2;5:11:57.313;17:05;0:18.188;0:32.104;0:32.457;231.3;Stéphane Sarrazin;;
19;2;217;1:23.380;0;;18.175;0;32.468;0;32.737;0;172.8;5:13:20.693;17:06;0:18.175;0:32.468;0:32.737;230.8;Stéphane Sarrazin;;
19;2;218;1:23.457;0;;18.147;0;32.461;0;32.849;0;172.7;5:14:44.150;17:08;0:18.147;0:32.461;0:32.849;231.3;Stéphane Sarrazin;;
19;2;219;1:23.720;0;;18.169;0;32.449;0;33.102;0;172.1;5:16:07.870;17:09;0:18.169;0:32.449;0:33.102;232.8;Stéphane Sarrazin;;
19;2;220;1:23.634;0;;18.359;0;32.595;0;32.680;0;172.3;5:17:31.504;17:10;0:18.359;0:32.595;0:32.680;230.8;Stéphane Sarrazin;;
19;2;221;1:24.473;0;;19.041;0;32.625;0;32.807;0;170.6;5:18:55.977;17:12;0:19.041;0:32.625;0:32.807;230.8;Stéphane Sarrazin;;
19;2;222;1:23.832;0;;18.194;0;32.441;0;33.197;0;171.9;5:20:19.809;17:13;0:18.194;0:32.441;0:33.197;231.8;Stéphane Sarrazin;;
19;2;223;1:23.345;0;;18.193;0;32.513;0;32.639;0;172.9;5:21:43.154;17:15;0:18.193;0:32.513;0:32.639;229.3;Stéphane Sarrazin;;
19;2;224;1:23.161;0;;18.131;0;32.375;0;32.655;0;173.3;5:23:06.315;17:16;0:18.131;0:32.375;0:32.655;230.3;Stéphane Sarrazin;;
19;2;225;1:23.543;0;;18.159;0;32.647;0;32.737;0;172.5;5:24:29.858;17:17;0:18.159;0:32.647;0:32.737;230.3;Stéphane Sarrazin;;
19;2;226;1:23.478;0;;18.224;0;32.574;0;32.680;0;172.6;5:25:53.336;17:19;0:18.224;0:32.574;0:32.680;230.3;Stéphane Sarrazin;;
19;2;227;1:23.271;0;;18.184;0;32.534;0;32.553;0;173.1;5:27:16.607;17:20;0:18.184;0:32.534;0:32.553;230.3;Stéphane Sarrazin;;
19;2;228;1:22.852;0;;18.165;0;32.244;0;32.443;0;173.9;5:28:39.459;17:22;0:18.165;0:32.244;0:32.443;230.3;Stéphane Sarrazin;;
19;2;229;1:22.813;0;;18.092;0;32.391;0;32.330;0;174.0;5:30:02.272;17:23;0:18.092;0:32.391;0:32.330;229.8;Stéphane Sarrazin;;
19;2;230;1:22.606;0;;18.122;0;32.175;0;32.309;0;174.5;5:31:24.878;17:24;0:18.122;0:32.175;0:32.309;229.8;Stéphane Sarrazin;;
19;2;231;1:23.943;0;;18.134;0;32.523;0;33.286;0;171.7;5:32:48.821;17:26;0:18.134;0:32.523;0:33.286;232.3;Stéphane Sarrazin;;
19;2;232;1:23.218;0;;18.166;0;32.504;0;32.548;0;173.2;5:34:12.039;17:27;0:18.166;0:32.504;0:32.548;231.3;Stéphane Sarrazin;;
19;2;233;1:23.493;0;;18.216;0;32.585;0;32.692;0;172.6;5:35:35.532;17:28;0:18.216;0:32.585;0:32.692;232.3;Stéphane Sarrazin;;
19;2;234;1:24.208;0;;18.764;0;32.630;0;32.814;0;171.1;5:36:59.740;17:30;0:18.764;0:32.630;0:32.814;230.3;Stéphane Sarrazin;;
19;2;235;1:27.805;0;B;18.294;0;32.958;0;36.553;0;164.1;5:38:27.545;17:31;0:18.294;0:32.958;0:36.553;231.8;Stéphane Sarrazin;;
19;2;236;2:05.557;0;;59.114;0;33.453;0;32.990;0;114.8;5:40:33.102;17:33;0:59.114;0:33.453;0:32.990;229.8;Stéphane Sarrazin;0:00:46;
19;2;237;1:24.410;0;;18.421;0;33.012;0;32.977;0;170.7;5:41:57.512;17:35;0:18.421;0:33.012;0:32.977;230.8;Stéphane Sarrazin;;
19;2;238;1:27.657;0;;18.635;0;35.647;0;33.375;0;164.4;5:43:25.169;17:36;0:18.635;0:35.647;0:33.375;228.8;Stéphane Sarrazin;;
19;2;239;1:25.619;0;;18.491;0;33.656;0;33.472;0;168.3;5:44:50.788;17:38;0:18.491;0:33.656;0:33.472;194.9;Stéphane Sarrazin;;
19;2;240;1:23.867;0;;18.430;0;32.681;0;32.756;0;171.8;5:46:14.655;17:39;0:18.430;0:32.681;0:32.756;230.8;Stéphane Sarrazin;;
19;2;241;1:24.585;0;;18.452;0;32.995;0;33.138;0;170.4;5:47:39.240;17:41;0:18.452;0:32.995;0:33.138;230.3;Stéphane Sarrazin;;
19;2;242;1:26.030;0;;18.635;0;34.401;0;32.994;0;167.5;5:49:05.270;17:42;0:18.635;0:34.401;0:32.994;229.8;Stéphane Sarrazin;;
19;2;243;1:24.582;0;;18.396;0;32.902;0;33.284;0;170.4;5:50:29.852;17:43;0:18.396;0:32.902;0:33.284;230.8;Stéphane Sarrazin;;
19;2;244;1:26.036;0;;18.380;0;32.779;0;34.877;0;167.5;5:51:55.888;17:45;0:18.380;0:32.779;0:34.877;231.8;Stéphane Sarrazin;;
19;2;245;1:26.526;0;;18.705;0;33.922;0;33.899;0;166.5;5:53:22.414;17:46;0:18.705;0:33.922;0:33.899;230.3;Stéphane Sarrazin;;
19;2;246;1:26.502;0;;18.643;0;33.858;0;34.001;0;166.6;5:54:48.916;17:48;0:18.643;0:33.858;0:34.001;230.3;Stéphane Sarrazin;;
19;2;247;1:26.009;0;;18.543;0;33.794;0;33.672;0;167.5;5:56:14.925;17:49;0:18.543;0:33.794;0:33.672;230.3;Stéphane Sarrazin;;
19;2;248;1:27.290;0;;18.542;0;34.445;0;34.303;0;165.1;5:57:42.215;17:51;0:18.542;0:34.445;0:34.303;229.8;Stéphane Sarrazin;;
19;2;249;1:24.500;0;;18.377;0;32.961;0;33.162;0;170.5;5:59:06.715;17:52;0:18.377;0:32.961;0:33.162;231.8;Stéphane Sarrazin;;
19;2;250;1:26.611;0;;18.353;0;33.222;0;35.036;0;166.4;6:00:33.326;17:53;0:18.353;0:33.222;0:35.036;230.8;Stéphane Sarrazin;;
24;1;1;1:25.789;0;;20.464;0;32.665;0;32.660;0;168.0;1:25.789;11:54;0:20.464;0:32.665;0:32.660;231.8;Matthieu Lahaye;;
24;1;2;1:23.141;0;;18.258;0;32.408;0;32.475;0;173.3;2:48.930;11:56;0:18.258;0:32.408;0:32.475;234.3;Matthieu Lahaye;;
24;1;3;1:22.622;0;;18.185;0;31.933;0;32.504;0;174.4;4:11.552;11:57;0:18.185;0:31.933;0:32.504;234.8;Matthieu Lahaye;;
24;1;4;1:22.267;0;;18.187;0;31.897;0;32.183;2;175.2;5:33.819;11:58;0:18.187;0:31.897;0:32.183;234.3;Matthieu Lahaye;;
24;1;5;1:23.559;0;;18.236;0;32.856;0;32.467;0;172.5;6:57.378;12:00;0:18.236;0:32.856;0:32.467;233.3;Matthieu Lahaye;;
24;1;6;1:22.889;0;;18.207;0;32.105;0;32.577;0;173.9;8:20.267;12:01;0:18.207;0:32.105;0:32.577;233.8;Matthieu Lahaye;;
24;1;7;1:22.730;0;;18.176;0;32.184;0;32.370;0;174.2;9:42.997;12:03;0:18.176;0:32.184;0:32.370;233.8;Matthieu Lahaye;;
24;1;8;1:22.877;0;;18.137;0;32.079;0;32.661;0;173.9;11:05.874;12:04;0:18.137;0:32.079;0:32.661;234.8;Matthieu Lahaye;;
24;1;9;1:22.740;0;;18.196;0;32.035;0;32.509;0;174.2;12:28.614;12:05;0:18.196;0:32.035;0:32.509;234.3;Matthieu Lahaye;;
24;1;10;1:23.534;0;;18.094;0;32.080;0;33.360;0;172.5;13:52.148;12:07;0:18.094;0:32.080;0:33.360;236.3;Matthieu Lahaye;;
24;1;11;1:23.768;0;;18.323;0;32.107;0;33.338;0;172.0;15:15.916;12:08;0:18.323;0:32.107;0:33.338;235.8;Matthieu Lahaye;;
24;1;12;1:22.918;0;;18.244;0;32.077;0;32.597;0;173.8;16:38.834;12:10;0:18.244;0:32.077;0:32.597;233.8;Matthieu Lahaye;;
24;1;13;1:22.545;0;;18.065;0;32.033;0;32.447;0;174.6;18:01.379;12:11;0:18.065;0:32.033;0:32.447;233.8;Matthieu Lahaye;;
24;1;14;1:22.783;0;;18.200;0;32.098;0;32.485;0;174.1;19:24.162;12:12;0:18.200;0:32.098;0:32.485;234.8;Matthieu Lahaye;;
24;1;15;1:22.541;0;;18.031;0;32.000;0;32.510;0;174.6;20:46.703;12:14;0:18.031;0:32.000;0:32.510;234.3;Matthieu Lahaye;;
24;1;16;1:22.683;0;;18.106;0;32.087;0;32.490;0;174.3;22:09.386;12:15;0:18.106;0:32.087;0:32.490;234.3;Matthieu Lahaye;;
24;1;17;1:22.517;0;;18.017;0;31.977;0;32.523;0;174.6;23:31.903;12:16;0:18.017;0:31.977;0:32.523;235.3;Matthieu Lahaye;;
24;1;18;1:22.782;0;;18.263;0;32.156;0;32.363;0;174.1;24:54.685;12:18;0:18.263;0:32.156;0:32.363;234.3;Matthieu Lahaye;;
24;1;19;1:22.589;0;;18.090;0;32.068;0;32.431;0;174.5;26:17.274;12:19;0:18.090;0:32.068;0:32.431;234.3;Matthieu Lahaye;;
24;1;20;1:22.720;0;;18.135;0;32.008;0;32.577;0;174.2;27:39.994;12:21;0:18.135;0:32.008;0:32.577;235.8;Matthieu Lahaye;;
24;1;21;1:23.345;0;;18.236;0;32.561;0;32.548;0;172.9;29:03.339;12:22;0:18.236;0:32.561;0:32.548;233.8;Matthieu Lahaye;;
24;1;22;1:23.668;0;;18.204;0;32.678;0;32.786;0;172.2;30:27.007;12:23;0:18.204;0:32.678;0:32.786;234.8;Matthieu Lahaye;;
24;1;23;1:23.305;0;;18.600;0;32.145;0;32.560;0;173.0;31:50.312;12:25;0:18.600;0:32.145;0:32.560;234.3;Matthieu Lahaye;;
24;1;24;1:22.788;0;;18.022;0;32.372;0;32.394;0;174.1;33:13.100;12:26;0:18.022;0:32.372;0:32.394;232.3;Matthieu Lahaye;;
24;1;25;1:22.780;0;;18.120;0;32.008;0;32.652;0;174.1;34:35.880;12:27;0:18.120;0:32.008;0:32.652;233.8;Matthieu Lahaye;;
24;1;26;1:22.518;0;;18.174;0;31.970;0;32.374;0;174.6;35:58.398;12:29;0:18.174;0:31.970;0:32.374;233.3;Matthieu Lahaye;;
24;1;27;1:22.592;0;;18.083;0;32.149;0;32.360;0;174.5;37:20.990;12:30;0:18.083;0:32.149;0:32.360;233.8;Matthieu Lahaye;;
24;1;28;1:22.746;0;;18.141;0;31.950;0;32.655;0;174.2;38:43.736;12:32;0:18.141;0:31.950;0:32.655;233.3;Matthieu Lahaye;;
24;1;29;1:22.806;0;;18.116;0;32.241;0;32.449;0;174.0;40:06.542;12:33;0:18.116;0:32.241;0:32.449;233.3;Matthieu Lahaye;;
24;1;30;1:22.703;0;;18.083;0;32.109;0;32.511;0;174.2;41:29.245;12:34;0:18.083;0:32.109;0:32.511;234.3;Matthieu Lahaye;;
24;1;31;1:22.268;0;;18.059;0;31.973;0;32.236;0;175.2;42:51.513;12:36;0:18.059;0:31.973;0:32.236;235.8;Matthieu Lahaye;;
24;1;32;1:24.123;0;;18.482;0;33.252;0;32.389;0;171.3;44:15.636;12:37;0:18.482;0:33.252;0:32.389;235.3;Matthieu Lahaye;;
24;1;33;1:24.408;0;;18.724;0;33.085;0;32.599;0;170.7;45:40.044;12:39;0:18.724;0:33.085;0:32.599;236.8;Matthieu Lahaye;;
24;1;34;1:26.457;0;B;18.096;0;32.604;0;35.757;0;166.7;47:06.501;12:40;0:18.096;0:32.604;0:35.757;233.8;Matthieu Lahaye;;
24;1;35;2:09.228;0;;1:04.121;0;32.554;0;32.553;0;111.5;49:15.729;12:42;1:04.121;0:32.554;0:32.553;231.8;Matthieu Lahaye;0:00:51;
24;1;36;1:23.234;0;;18.260;0;32.500;0;32.474;0;173.1;50:38.963;12:44;0:18.260;0:32.500;0:32.474;232.3;Matthieu Lahaye;;
24;1;37;1:23.102;0;;18.219;0;32.350;0;32.533;0;173.4;52:02.065;12:45;0:18.219;0:32.350;0:32.533;232.3;Matthieu Lahaye;;
24;1;38;1:23.587;0;;18.201;0;32.590;0;32.796;0;172.4;53:25.652;12:46;0:18.201;0:32.590;0:32.796;233.8;Matthieu Lahaye;;
24;1;39;1:23.784;0;;18.302;0;32.585;0;32.897;0;172.0;54:49.436;12:48;0:18.302;0:32.585;0:32.897;232.8;Matthieu Lahaye;;
24;1;40;1:23.848;0;;18.292;0;32.957;0;32.599;0;171.9;56:13.284;12:49;0:18.292;0:32.957;0:32.599;233.3;Matthieu Lahaye;;
24;1;41;1:23.194;0;;18.251;0;32.343;0;32.600;0;173.2;57:36.478;12:50;0:18.251;0:32.343;0:32.600;233.8;Matthieu Lahaye;;
24;1;42;1:23.038;0;;18.203;0;32.360;0;32.475;0;173.5;58:59.516;12:52;0:18.203;0:32.360;0:32.475;233.8;Matthieu Lahaye;;
24;1;43;1:22.817;0;;18.157;0;32.252;0;32.408;0;174.0;1:00:22.333;12:53;0:18.157;0:32.252;0:32.408;234.3;Matthieu Lahaye;;
24;1;44;1:23.003;0;;18.220;0;32.163;0;32.620;0;173.6;1:01:45.336;12:55;0:18.220;0:32.163;0:32.620;234.3;Matthieu Lahaye;;
24;1;45;1:23.937;0;;18.226;0;33.188;0;32.523;0;171.7;1:03:09.273;12:56;0:18.226;0:33.188;0:32.523;233.8;Matthieu Lahaye;;
24;1;46;1:22.920;0;;18.128;0;32.251;0;32.541;0;173.8;1:04:32.193;12:57;0:18.128;0:32.251;0:32.541;233.3;Matthieu Lahaye;;
24;1;47;1:22.893;0;;18.136;0;32.140;0;32.617;0;173.8;1:05:55.086;12:59;0:18.136;0:32.140;0:32.617;233.8;Matthieu Lahaye;;
24;1;48;1:22.922;0;;18.110;0;32.180;0;32.632;0;173.8;1:07:18.008;13:00;0:18.110;0:32.180;0:32.632;234.3;Matthieu Lahaye;;
24;1;49;1:22.897;0;;18.194;0;32.195;0;32.508;0;173.8;1:08:40.905;13:02;0:18.194;0:32.195;0:32.508;234.8;Matthieu Lahaye;;
24;1;50;1:24.430;0;;18.274;0;33.652;0;32.504;0;170.7;1:10:05.335;13:03;0:18.274;0:33.652;0:32.504;233.8;Matthieu Lahaye;;
24;1;51;1:22.895;0;;18.121;0;32.238;0;32.536;0;173.8;1:11:28.230;13:04;0:18.121;0:32.238;0:32.536;234.8;Matthieu Lahaye;;
24;1;52;1:23.160;0;;18.380;0;32.273;0;32.507;0;173.3;1:12:51.390;13:06;0:18.380;0:32.273;0:32.507;234.8;Matthieu Lahaye;;
24;1;53;1:22.768;0;;18.135;0;32.185;0;32.448;0;174.1;1:14:14.158;13:07;0:18.135;0:32.185;0:32.448;234.8;Matthieu Lahaye;;
24;1;54;1:22.979;0;;18.237;0;32.393;0;32.349;0;173.7;1:15:37.137;13:09;0:18.237;0:32.393;0:32.349;233.8;Matthieu Lahaye;;
24;1;55;1:22.962;0;;18.131;0;32.230;0;32.601;0;173.7;1:17:00.099;13:10;0:18.131;0:32.230;0:32.601;233.8;Matthieu Lahaye;;
24;1;56;1:22.880;0;;18.200;0;32.257;0;32.423;0;173.9;1:18:22.979;13:11;0:18.200;0:32.257;0:32.423;235.3;Matthieu Lahaye;;
24;1;57;1:22.985;0;;18.314;0;32.152;0;32.519;0;173.7;1:19:45.964;13:13;0:18.314;0:32.152;0:32.519;234.8;Matthieu Lahaye;;
24;1;58;1:22.854;0;;18.112;0;32.101;0;32.641;0;173.9;1:21:08.818;13:14;0:18.112;0:32.101;0:32.641;236.8;Matthieu Lahaye;;
24;1;59;1:23.486;0;;18.148;0;32.604;0;32.734;0;172.6;1:22:32.304;13:15;0:18.148;0:32.604;0:32.734;236.3;Matthieu Lahaye;;
24;1;60;1:24.255;0;;18.738;0;32.760;0;32.757;0;171.0;1:23:56.559;13:17;0:18.738;0:32.760;0:32.757;233.8;Matthieu Lahaye;;
24;1;61;1:24.283;0;;18.378;0;33.556;0;32.349;0;171.0;1:25:20.842;13:18;0:18.378;0:33.556;0:32.349;233.8;Matthieu Lahaye;;
24;1;62;1:22.978;0;;18.168;0;32.423;0;32.387;0;173.7;1:26:43.820;13:20;0:18.168;0:32.423;0:32.387;234.3;Matthieu Lahaye;;
24;1;63;1:23.224;0;;18.191;0;32.389;0;32.644;0;173.2;1:28:07.044;13:21;0:18.191;0:32.389;0:32.644;233.8;Matthieu Lahaye;;
24;1;64;1:22.659;0;;18.094;0;32.189;0;32.376;0;174.3;1:29:29.703;13:22;0:18.094;0:32.189;0:32.376;234.3;Matthieu Lahaye;;
24;1;65;1:22.829;0;;18.096;0;32.303;0;32.430;0;174.0;1:30:52.532;13:24;0:18.096;0:32.303;0:32.430;235.3;Matthieu Lahaye;;
24;1;66;1:22.771;0;;18.109;0;32.290;0;32.372;0;174.1;1:32:15.303;13:25;0:18.109;0:32.290;0:32.372;234.3;Matthieu Lahaye;;
24;1;67;1:22.977;0;;18.171;0;32.315;0;32.491;0;173.7;1:33:38.280;13:27;0:18.171;0:32.315;0:32.491;234.3;Matthieu Lahaye;;
24;1;68;1:24.062;0;;18.133;0;32.306;0;33.623;0;171.4;1:35:02.342;13:28;0:18.133;0:32.306;0:33.623;235.3;Matthieu Lahaye;;
24;1;69;1:27.189;0;B;18.379;0;32.421;0;36.389;0;165.3;1:36:29.531;13:29;0:18.379;0:32.421;0:36.389;235.8;Matthieu Lahaye;;
24;0;70;2:44.643;0;;1:36.702;0;34.133;0;33.808;0;87.5;1:39:14.174;13:32;1:36.702;0:34.133;0:33.808;230.8;Jacques Nicolet;0:01:23;
24;0;71;1:25.346;0;;18.568;0;33.367;0;33.411;0;168.9;1:40:39.520;13:34;0:18.568;0:33.367;0:33.411;232.3;Jacques Nicolet;;
24;0;72;1:26.473;0;;18.652;0;34.013;0;33.808;0;166.7;1:42:05.993;13:35;0:18.652;0:34.013;0:33.808;230.8;Jacques Nicolet;;
24;0;73;1:28.114;0;;18.712;0;35.253;0;34.149;0;163.5;1:43:34.107;13:36;0:18.712;0:35.253;0:34.149;225.9;Jacques Nicolet;;
24;0;74;1:25.478;0;;18.643;0;33.497;0;33.338;0;168.6;1:44:59.585;13:38;0:18.643;0:33.497;0:33.338;230.3;Jacques Nicolet;;
24;0;75;1:25.329;0;;18.432;0;33.622;0;33.275;0;168.9;1:46:24.914;13:39;0:18.432;0:33.622;0:33.275;230.3;Jacques Nicolet;;
24;0;76;1:25.276;0;;18.558;0;33.369;0;33.349;0;169.0;1:47:50.190;13:41;0:18.558;0:33.369;0:33.349;230.8;Jacques Nicolet;;
24;0;77;1:25.091;0;;18.436;0;32.972;0;33.683;0;169.4;1:49:15.281;13:42;0:18.436;0:32.972;0:33.683;231.8;Jacques Nicolet;;
24;0;78;1:26.858;0;;18.788;0;33.391;0;34.679;0;165.9;1:50:42.139;13:44;0:18.788;0:33.391;0:34.679;230.8;Jacques Nicolet;;
24;0;79;1:25.588;0;;18.758;0;33.184;0;33.646;0;168.4;1:52:07.727;13:45;0:18.758;0:33.184;0:33.646;232.3;Jacques Nicolet;;
24;0;80;1:25.408;0;;18.922;0;33.046;0;33.440;0;168.7;1:53:33.135;13:46;0:18.922;0:33.046;0:33.440;231.3;Jacques Nicolet;;
24;0;81;1:25.337;0;;18.558;0;32.923;0;33.856;0;168.9;1:54:58.472;13:48;0:18.558;0:32.923;0:33.856;233.3;Jacques Nicolet;;
24;0;82;1:24.753;0;;18.340;0;32.931;0;33.482;0;170.0;1:56:23.225;13:49;0:18.340;0:32.931;0:33.482;232.3;Jacques Nicolet;;
24;0;83;1:24.568;0;;18.444;0;32.790;0;33.334;0;170.4;1:57:47.793;13:51;0:18.444;0:32.790;0:33.334;232.3;Jacques Nicolet;;
24;0;84;1:24.768;0;;18.483;0;33.044;0;33.241;0;170.0;1:59:12.561;13:52;0:18.483;0:33.044;0:33.241;232.3;Jacques Nicolet;;
24;0;85;1:29.333;0;B;18.644;0;33.316;0;37.373;0;161.3;2:00:41.894;13:54;0:18.644;0:33.316;0:37.373;231.3;Jacques Nicolet;;
24;0;86;2:16.474;0;;1:08.219;0;34.265;0;33.990;0;105.6;2:02:58.368;13:56;1:08.219;0:34.265;0:33.990;232.8;Jacques Nicolet;0:00:53;
24;0;87;1:25.189;0;;18.469;0;33.269;0;33.451;0;169.2;2:04:23.557;13:57;0:18.469;0:33.269;0:33.451;231.3;Jacques Nicolet;;
24;0;88;1:26.047;0;;18.914;0;33.581;0;33.552;0;167.5;2:05:49.604;13:59;0:18.914;0:33.581;0:33.552;229.8;Jacques Nicolet;;
24;0;89;1:26.192;0;;18.595;0;33.837;0;33.760;0;167.2;2:07:15.796;14:00;0:18.595;0:33.837;0:33.760;231.8;Jacques Nicolet;;
24;0;90;1:25.254;0;;18.521;0;33.086;0;33.647;0;169.0;2:08:41.050;14:02;0:18.521;0:33.086;0:33.647;231.3;Jacques Nicolet;;
24;0;91;1:25.459;0;;18.439;0;33.166;0;33.854;0;168.6;2:10:06.509;14:03;0:18.439;0:33.166;0:33.854;231.8;Jacques Nicolet;;
24;0;92;1:24.978;0;;18.518;0;33.282;0;33.178;0;169.6;2:11:31.487;14:04;0:18.518;0:33.282;0:33.178;231.3;Jacques Nicolet;;
24;0;93;1:24.763;0;;18.397;0;32.881;0;33.485;0;170.0;2:12:56.250;14:06;0:18.397;0:32.881;0:33.485;232.3;Jacques Nicolet;;
24;0;94;1:25.492;0;;18.495;0;32.610;1;34.387;0;168.6;2:14:21.742;14:07;0:18.495;0:32.610;0:34.387;232.8;Jacques Nicolet;;
24;0;95;1:25.267;0;;18.505;0;33.011;0;33.751;0;169.0;2:15:47.009;14:09;0:18.505;0:33.011;0:33.751;232.3;Jacques Nicolet;;
24;0;96;1:27.258;0;;18.612;0;33.257;0;35.389;0;165.2;2:17:14.267;14:10;0:18.612;0:33.257;0:35.389;231.3;Jacques Nicolet;;
24;0;97;1:26.414;0;;18.556;0;34.172;0;33.686;0;166.8;2:18:40.681;14:12;0:18.556;0:34.172;0:33.686;232.8;Jacques Nicolet;;
24;0;98;1:25.251;0;;18.948;0;33.112;0;33.191;0;169.0;2:20:05.932;14:13;0:18.948;0:33.112;0:33.191;233.3;Jacques Nicolet;;
24;0;99;1:25.789;0;;18.537;0;32.945;0;34.307;0;168.0;2:21:31.721;14:14;0:18.537;0:32.945;0:34.307;233.3;Jacques Nicolet;;
24;0;100;1:25.019;0;;18.549;0;32.954;0;33.516;0;169.5;2:22:56.740;14:16;0:18.549;0:32.954;0:33.516;233.8;Jacques Nicolet;;
24;0;101;1:25.965;0;;18.468;0;34.047;0;33.450;0;167.6;2:24:22.705;14:17;0:18.468;0:34.047;0:33.450;232.8;Jacques Nicolet;;
24;0;102;1:24.774;0;;18.531;0;32.922;0;33.321;0;170.0;2:25:47.479;14:19;0:18.531;0:32.922;0:33.321;233.3;Jacques Nicolet;;
24;0;103;1:24.131;0;;18.432;0;32.927;0;32.772;0;171.3;2:27:11.610;14:20;0:18.432;0:32.927;0:32.772;233.8;Jacques Nicolet;;
24;0;104;1:24.229;0;;18.358;0;32.757;0;33.114;0;171.1;2:28:35.839;14:21;0:18.358;0:32.757;0:33.114;233.8;Jacques Nicolet;;
24;0;105;1:24.689;0;;18.369;0;33.035;0;33.285;0;170.2;2:30:00.528;14:23;0:18.369;0:33.035;0:33.285;232.8;Jacques Nicolet;;
24;0;106;1:28.796;0;B;18.311;0;32.989;0;37.496;0;162.3;2:31:29.324;14:24;0:18.311;0:32.989;0:37.496;233.8;Jacques Nicolet;;
24;0;107;2:15.685;0;;1:07.972;0;33.719;0;33.994;0;106.2;2:33:45.009;14:27;1:07.972;0:33.719;0:33.994;231.3;Jacques Nicolet;0:00:54;
24;0;108;1:26.507;0;;19.320;0;33.304;0;33.883;0;166.6;2:35:11.516;14:28;0:19.320;0:33.304;0:33.883;231.8;Jacques Nicolet;;
24;0;109;1:25.721;0;;18.624;0;33.678;0;33.419;0;168.1;2:36:37.237;14:30;0:18.624;0:33.678;0:33.419;231.8;Jacques Nicolet;;
24;0;110;1:25.065;0;;18.538;0;33.178;0;33.349;0;169.4;2:38:02.302;14:31;0:18.538;0:33.178;0:33.349;231.8;Jacques Nicolet;;
24;0;111;1:26.962;0;;18.632;0;34.608;0;33.722;0;165.7;2:39:29.264;14:32;0:18.632;0:34.608;0:33.722;228.8;Jacques Nicolet;;
24;0;112;1:43.874;0;;18.631;0;50.434;0;34.809;0;138.7;2:41:13.138;14:34;0:18.631;0:50.434;0:34.809;221.8;Jacques Nicolet;;
24;0;113;1:28.117;0;;20.144;0;34.251;0;33.722;0;163.5;2:42:41.255;14:36;0:20.144;0:34.251;0:33.722;232.8;Jacques Nicolet;;
24;0;114;1:25.365;0;;18.526;0;33.192;0;33.647;0;168.8;2:44:06.620;14:37;0:18.526;0:33.192;0:33.647;232.3;Jacques Nicolet;;
24;0;115;1:25.668;0;;18.492;0;33.699;0;33.477;0;168.2;2:45:32.288;14:38;0:18.492;0:33.699;0:33.477;230.3;Jacques Nicolet;;
24;0;116;1:24.812;0;;18.474;0;33.073;0;33.265;0;169.9;2:46:57.100;14:40;0:18.474;0:33.073;0:33.265;232.8;Jacques Nicolet;;
24;0;117;1:25.165;0;;18.500;0;33.217;0;33.448;0;169.2;2:48:22.265;14:41;0:18.500;0:33.217;0:33.448;231.3;Jacques Nicolet;;
24;0;118;1:24.971;0;;18.562;0;33.211;0;33.198;0;169.6;2:49:47.236;14:43;0:18.562;0:33.211;0:33.198;232.8;Jacques Nicolet;;
24;0;119;1:25.091;0;;18.504;0;33.065;0;33.522;0;169.4;2:51:12.327;14:44;0:18.504;0:33.065;0:33.522;233.3;Jacques Nicolet;;
24;0;120;1:26.111;0;;18.984;0;33.516;0;33.611;0;167.4;2:52:38.438;14:46;0:18.984;0:33.516;0:33.611;231.3;Jacques Nicolet;;
24;0;121;1:26.250;0;;18.612;0;33.501;0;34.137;0;167.1;2:54:04.688;14:47;0:18.612;0:33.501;0:34.137;231.8;Jacques Nicolet;;
24;0;122;1:27.652;0;;19.455;0;34.531;0;33.666;0;164.4;2:55:32.340;14:48;0:19.455;0:34.531;0:33.666;231.3;Jacques Nicolet;;
24;0;123;1:25.698;0;;18.653;0;33.510;0;33.535;0;168.2;2:56:58.038;14:50;0:18.653;0:33.510;0:33.535;231.8;Jacques Nicolet;;
24;0;124;1:25.681;0;;18.545;0;33.461;0;33.675;0;168.2;2:58:23.719;14:51;0:18.545;0:33.461;0:33.675;232.3;Jacques Nicolet;;
24;0;125;1:26.808;0;;18.624;0;33.979;0;34.205;0;166.0;2:59:50.527;14:53;0:18.624;0:33.979;0:34.205;233.8;Jacques Nicolet;;
24;0;126;1:25.491;0;;18.602;0;33.302;0;33.587;0;168.6;3:01:16.018;14:54;0:18.602;0:33.302;0:33.587;232.8;Jacques Nicolet;;
24;0;127;1:28.844;0;;18.547;0;35.077;0;35.220;0;162.2;3:02:44.862;14:56;0:18.547;0:35.077;0:35.220;228.8;Jacques Nicolet;;
24;0;128;1:55.667;0;;20.387;0;42.959;0;52.321;0;124.6;3:04:40.529;14:58;0:20.387;0:42.959;0:52.321;108.0;Jacques Nicolet;;
24;0;129;2:21.791;0;;29.868;0;58.038;0;53.885;0;101.6;3:07:02.320;15:00;0:29.868;0:58.038;0:53.885;119.6;Jacques Nicolet;;
24;0;130;2:02.803;0;;29.898;0;47.894;0;45.011;0;117.3;3:09:05.123;15:02;0:29.898;0:47.894;0:45.011;151.7;Jacques Nicolet;;
24;0;131;1:59.960;0;;26.513;0;47.401;0;46.046;0;120.1;3:11:05.083;15:04;0:26.513;0:47.401;0:46.046;167.2;Jacques Nicolet;;
24;0;132;2:03.909;0;B;26.554;0;47.594;0;49.761;0;116.3;3:13:08.992;15:06;0:26.554;0:47.594;0:49.761;162.9;Jacques Nicolet;;
24;1;133;2:40.753;0;;1:33.372;0;33.890;0;33.491;0;89.6;3:15:49.745;15:09;1:33.372;0:33.890;0:33.491;229.3;Matthieu Lahaye;0:01:19;
24;1;134;1:28.169;0;;18.519;0;32.810;0;36.840;0;163.4;3:17:17.914;15:10;0:18.519;0:32.810;0:36.840;233.3;Matthieu Lahaye;;
24;1;135;1:53.593;0;;26.519;0;47.236;0;39.838;0;126.9;3:19:11.507;15:12;0:26.519;0:47.236;0:39.838;136.5;Matthieu Lahaye;;
24;1;136;1:24.950;0;;18.795;0;33.099;0;33.056;0;169.6;3:20:36.457;15:13;0:18.795;0:33.099;0:33.056;235.8;Matthieu Lahaye;;
24;1;137;1:23.584;0;;18.462;0;32.287;0;32.835;0;172.4;3:22:00.041;15:15;0:18.462;0:32.287;0:32.835;235.3;Matthieu Lahaye;;
24;1;138;1:23.035;0;;18.296;0;32.076;0;32.663;0;173.6;3:23:23.076;15:16;0:18.296;0:32.076;0:32.663;235.8;Matthieu Lahaye;;
24;1;139;1:23.177;0;;18.148;0;31.963;0;33.066;0;173.3;3:24:46.253;15:18;0:18.148;0:31.963;0:33.066;236.3;Matthieu Lahaye;;
24;1;140;1:23.141;0;;18.353;0;31.939;0;32.849;0;173.3;3:26:09.394;15:19;0:18.353;0:31.939;0:32.849;234.8;Matthieu Lahaye;;
24;1;141;1:23.326;0;;18.329;0;32.324;0;32.673;0;172.9;3:27:32.720;15:20;0:18.329;0:32.324;0:32.673;233.3;Matthieu Lahaye;;
24;1;142;1:23.127;0;;18.202;0;32.119;0;32.806;0;173.4;3:28:55.847;15:22;0:18.202;0:32.119;0:32.806;234.8;Matthieu Lahaye;;
24;1;143;1:23.099;0;;18.213;0;31.930;0;32.956;0;173.4;3:30:18.946;15:23;0:18.213;0:31.930;0:32.956;235.8;Matthieu Lahaye;;
24;1;144;1:22.646;0;;18.113;0;32.188;0;32.345;0;174.4;3:31:41.592;15:25;0:18.113;0:32.188;0:32.345;233.8;Matthieu Lahaye;;
24;1;145;1:23.318;0;;18.119;0;32.266;0;32.933;0;173.0;3:33:04.910;15:26;0:18.119;0:32.266;0:32.933;232.8;Matthieu Lahaye;;
24;1;146;1:24.809;0;;18.755;0;33.120;0;32.934;0;169.9;3:34:29.719;15:27;0:18.755;0:33.120;0:32.934;233.8;Matthieu Lahaye;;
24;1;147;1:23.209;0;;18.210;0;32.261;0;32.738;0;173.2;3:35:52.928;15:29;0:18.210;0:32.261;0:32.738;234.8;Matthieu Lahaye;;
24;1;148;1:24.388;0;;18.852;0;33.342;0;32.194;0;170.8;3:37:17.316;15:30;0:18.852;0:33.342;0:32.194;234.8;Matthieu Lahaye;;
24;1;149;1:22.663;0;;18.106;0;32.102;0;32.455;0;174.3;3:38:39.979;15:32;0:18.106;0:32.102;0:32.455;234.8;Matthieu Lahaye;;
24;1;150;1:23.058;0;;18.162;0;32.198;0;32.698;0;173.5;3:40:03.037;15:33;0:18.162;0:32.198;0:32.698;234.8;Matthieu Lahaye;;
24;1;151;1:22.717;0;;18.178;0;31.931;0;32.608;0;174.2;3:41:25.754;15:34;0:18.178;0:31.931;0:32.608;235.3;Matthieu Lahaye;;
24;1;152;1:22.971;0;;18.044;0;32.307;0;32.620;0;173.7;3:42:48.725;15:36;0:18.044;0:32.307;0:32.620;234.3;Matthieu Lahaye;;
24;1;153;1:22.780;0;;18.105;0;32.029;0;32.646;0;174.1;3:44:11.505;15:37;0:18.105;0:32.029;0:32.646;234.8;Matthieu Lahaye;;
24;1;154;1:22.818;0;;18.101;0;32.143;0;32.574;0;174.0;3:45:34.323;15:38;0:18.101;0:32.143;0:32.574;234.3;Matthieu Lahaye;;
24;1;155;1:22.536;0;;18.030;0;32.111;0;32.395;0;174.6;3:46:56.859;15:40;0:18.030;0:32.111;0:32.395;234.8;Matthieu Lahaye;;
24;1;156;1:22.784;0;;18.203;0;32.057;0;32.524;0;174.1;3:48:19.643;15:41;0:18.203;0:32.057;0:32.524;235.8;Matthieu Lahaye;;
24;1;157;1:26.423;0;;18.482;0;35.275;0;32.666;0;166.7;3:49:46.066;15:43;0:18.482;0:35.275;0:32.666;235.3;Matthieu Lahaye;;
24;1;158;1:23.521;0;;18.361;0;32.846;0;32.314;0;172.5;3:51:09.587;15:44;0:18.361;0:32.846;0:32.314;235.8;Matthieu Lahaye;;
24;1;159;1:22.623;0;;18.176;0;32.108;0;32.339;0;174.4;3:52:32.210;15:45;0:18.176;0:32.108;0:32.339;236.3;Matthieu Lahaye;;
24;1;160;1:23.611;0;;18.201;0;32.988;0;32.422;0;172.4;3:53:55.821;15:47;0:18.201;0:32.988;0:32.422;235.8;Matthieu Lahaye;;
24;1;161;1:22.467;0;;18.124;0;31.956;0;32.387;0;174.7;3:55:18.288;15:48;0:18.124;0:31.956;0:32.387;236.3;Matthieu Lahaye;;
24;1;162;1:22.308;0;;18.035;0;32.013;0;32.260;0;175.1;3:56:40.596;15:50;0:18.035;0:32.013;0:32.260;235.3;Matthieu Lahaye;;
24;1;163;1:22.429;0;;18.057;0;32.015;0;32.357;0;174.8;3:58:03.025;15:51;0:18.057;0:32.015;0:32.357;234.8;Matthieu Lahaye;;
24;1;164;1:22.505;0;;18.111;0;31.952;0;32.442;0;174.7;3:59:25.530;15:52;0:18.111;0:31.952;0:32.442;234.8;Matthieu Lahaye;;
24;1;165;1:22.242;0;;18.089;0;31.830;2;32.323;0;175.2;4:00:47.772;15:54;0:18.089;0:31.830;0:32.323;235.8;Matthieu Lahaye;;
24;1;166;1:22.185;2;;17.958;2;31.933;0;32.294;0;175.3;4:02:09.957;15:55;0:17.958;0:31.933;0:32.294;235.3;Matthieu Lahaye;;
24;1;167;1:22.649;0;;17.997;0;32.095;0;32.557;0;174.4;4:03:32.606;15:56;0:17.997;0:32.095;0:32.557;235.3;Matthieu Lahaye;;
24;1;168;1:27.413;0;B;18.508;0;33.074;0;35.831;0;164.9;4:05:00.019;15:58;0:18.508;0:33.074;0:35.831;235.3;Matthieu Lahaye;;
24;1;169;2:11.233;0;;1:06.070;0;32.599;0;32.564;0;109.8;4:07:11.252;16:00;1:06.070;0:32.599;0:32.564;232.3;Matthieu Lahaye;0:00:53;
24;1;170;1:23.027;0;;18.220;0;32.308;0;32.499;0;173.6;4:08:34.279;16:01;0:18.220;0:32.308;0:32.499;232.3;Matthieu Lahaye;;
24;1;171;1:22.906;0;;18.053;0;32.399;0;32.454;0;173.8;4:09:57.185;16:03;0:18.053;0:32.399;0:32.454;231.3;Matthieu Lahaye;;
24;1;172;1:22.703;0;;18.181;0;32.160;0;32.362;0;174.2;4:11:19.888;16:04;0:18.181;0:32.160;0:32.362;232.3;Matthieu Lahaye;;
24;1;173;1:22.948;0;;18.206;0;32.280;0;32.462;0;173.7;4:12:42.836;16:06;0:18.206;0:32.280;0:32.462;232.8;Matthieu Lahaye;;
24;1;174;1:23.379;0;;18.139;0;32.721;0;32.519;0;172.8;4:14:06.215;16:07;0:18.139;0:32.721;0:32.519;230.8;Matthieu Lahaye;;
24;1;175;1:23.331;0;;18.176;0;32.503;0;32.652;0;172.9;4:15:29.546;16:08;0:18.176;0:32.503;0:32.652;233.3;Matthieu Lahaye;;
24;1;176;1:23.415;0;;18.135;0;32.540;0;32.740;0;172.8;4:16:52.961;16:10;0:18.135;0:32.540;0:32.740;233.8;Matthieu Lahaye;;
24;1;177;1:23.186;0;;18.234;0;32.356;0;32.596;0;173.2;4:18:16.147;16:11;0:18.234;0:32.356;0:32.596;233.3;Matthieu Lahaye;;
24;1;178;1:23.927;0;;18.288;0;33.123;0;32.516;0;171.7;4:19:40.074;16:13;0:18.288;0:33.123;0:32.516;233.3;Matthieu Lahaye;;
24;1;179;1:23.000;0;;18.216;0;32.178;0;32.606;0;173.6;4:21:03.074;16:14;0:18.216;0:32.178;0:32.606;233.3;Matthieu Lahaye;;
24;1;180;1:23.052;0;;18.284;0;32.197;0;32.571;0;173.5;4:22:26.126;16:15;0:18.284;0:32.197;0:32.571;234.3;Matthieu Lahaye;;
24;1;181;1:23.150;0;;18.174;0;32.406;0;32.570;0;173.3;4:23:49.276;16:17;0:18.174;0:32.406;0:32.570;233.8;Matthieu Lahaye;;
24;1;182;1:22.868;0;;18.102;0;32.085;0;32.681;0;173.9;4:25:12.144;16:18;0:18.102;0:32.085;0:32.681;234.3;Matthieu Lahaye;;
24;1;183;2:18.744;0;B;49.921;0;38.959;0;49.864;0;103.9;4:27:30.888;16:20;0:49.921;0:38.959;0:49.864;220.9;Matthieu Lahaye;;
24;0;184;4:46.956;0;;3:37.412;0;34.824;0;34.720;0;50.2;4:32:17.844;16:25;3:37.412;0:34.824;0:34.720;229.8;Jacques Nicolet;0:03:23;
24;0;185;1:26.258;0;;18.877;0;33.411;0;33.970;0;167.1;4:33:44.102;16:27;0:18.877;0:33.411;0:33.970;231.8;Jacques Nicolet;;
24;0;186;1:26.073;0;;18.964;0;33.161;0;33.948;0;167.4;4:35:10.175;16:28;0:18.964;0:33.161;0:33.948;233.3;Jacques Nicolet;;
24;0;187;1:27.319;0;;19.344;0;33.833;0;34.142;0;165.0;4:36:37.494;16:30;0:19.344;0:33.833;0:34.142;231.3;Jacques Nicolet;;
24;0;188;1:25.834;0;;19.111;0;33.454;0;33.269;0;167.9;4:38:03.328;16:31;0:19.111;0:33.454;0:33.269;230.8;Jacques Nicolet;;
24;0;189;1:24.862;0;;18.453;0;33.189;0;33.220;0;169.8;4:39:28.190;16:32;0:18.453;0:33.189;0:33.220;230.8;Jacques Nicolet;;
24;0;190;1:24.990;0;;18.655;0;33.293;0;33.042;0;169.6;4:40:53.180;16:34;0:18.655;0:33.293;0:33.042;230.3;Jacques Nicolet;;
24;0;191;1:24.416;0;;18.415;0;33.021;0;32.980;0;170.7;4:42:17.596;16:35;0:18.415;0:33.021;0:32.980;231.3;Jacques Nicolet;;
24;0;192;1:25.968;0;;18.558;0;34.132;0;33.278;0;167.6;4:43:43.564;16:37;0:18.558;0:34.132;0:33.278;231.3;Jacques Nicolet;;
24;0;193;1:24.879;0;;18.445;0;33.206;0;33.228;0;169.8;4:45:08.443;16:38;0:18.445;0:33.206;0:33.228;232.3;Jacques Nicolet;;
24;0;194;1:24.843;0;;18.395;0;32.989;0;33.459;0;169.9;4:46:33.286;16:39;0:18.395;0:32.989;0:33.459;231.8;Jacques Nicolet;;
24;0;195;1:32.070;0;B;18.448;0;33.128;0;40.494;0;156.5;4:48:05.356;16:41;0:18.448;0:33.128;0:40.494;231.3;Jacques Nicolet;;
24;0;196;3:20.673;0;;2:10.874;0;35.574;0;34.225;0;71.8;4:51:26.029;16:44;2:10.874;0:35.574;0:34.225;233.8;Jacques Nicolet;0:01:57;
24;0;197;1:26.001;0;;18.651;0;33.698;0;33.652;0;167.6;4:52:52.030;16:46;0:18.651;0:33.698;0:33.652;233.8;Jacques Nicolet;;
24;0;198;1:25.146;0;;18.681;0;33.146;0;33.319;0;169.2;4:54:17.176;16:47;0:18.681;0:33.146;0:33.319;232.8;Jacques Nicolet;;
24;0;199;1:25.059;0;;18.537;0;33.261;0;33.261;0;169.4;4:55:42.235;16:49;0:18.537;0:33.261;0:33.261;232.3;Jacques Nicolet;;
24;0;200;1:24.864;0;;18.398;0;33.178;0;33.288;0;169.8;4:57:07.099;16:50;0:18.398;0:33.178;0:33.288;232.3;Jacques Nicolet;;
24;0;201;1:26.794;0;;19.174;0;34.283;0;33.337;0;166.0;4:58:33.893;16:51;0:19.174;0:34.283;0:33.337;231.3;Jacques Nicolet;;
24;0;202;1:26.650;0;;18.461;0;33.364;0;34.825;0;166.3;5:00:00.543;16:53;0:18.461;0:33.364;0:34.825;233.3;Jacques Nicolet;;
24;0;203;1:25.108;0;;18.376;0;33.359;0;33.373;0;169.3;5:01:25.651;16:54;0:18.376;0:33.359;0:33.373;232.8;Jacques Nicolet;;
24;0;204;1:25.146;0;;18.656;0;33.082;0;33.408;0;169.2;5:02:50.797;16:56;0:18.656;0:33.082;0:33.408;232.8;Jacques Nicolet;;
24;0;205;1:25.484;0;;18.492;0;33.400;0;33.592;0;168.6;5:04:16.281;16:57;0:18.492;0:33.400;0:33.592;233.3;Jacques Nicolet;;
24;0;206;1:24.816;0;;18.501;0;33.286;0;33.029;0;169.9;5:05:41.097;16:59;0:18.501;0:33.286;0:33.029;231.8;Jacques Nicolet;;
24;0;207;1:24.947;0;;18.305;0;33.194;0;33.448;0;169.6;5:07:06.044;17:00;0:18.305;0:33.194;0:33.448;233.3;Jacques Nicolet;;
24;0;208;1:24.758;0;;18.498;0;33.244;0;33.016;0;170.0;5:08:30.802;17:01;0:18.498;0:33.244;0:33.016;233.3;Jacques Nicolet;;
24;0;209;1:25.072;0;;18.323;0;33.630;0;33.119;0;169.4;5:09:55.874;17:03;0:18.323;0:33.630;0:33.119;232.3;Jacques Nicolet;;
24;0;210;1:24.670;0;;18.341;0;33.170;0;33.159;0;170.2;5:11:20.544;17:04;0:18.341;0:33.170;0:33.159;233.8;Jacques Nicolet;;
24;0;211;1:25.095;0;;18.429;0;33.059;0;33.607;0;169.3;5:12:45.639;17:06;0:18.429;0:33.059;0:33.607;232.8;Jacques Nicolet;;
24;0;212;1:27.568;0;;19.434;0;34.490;0;33.644;0;164.6;5:14:13.207;17:07;0:19.434;0:34.490;0:33.644;232.3;Jacques Nicolet;;
24;0;213;1:29.843;0;B;18.471;0;33.270;0;38.102;0;160.4;5:15:43.050;17:09;0:18.471;0:33.270;0:38.102;234.3;Jacques Nicolet;;
24;0;214;2:10.666;0;;1:03.429;0;33.573;0;33.664;0;110.3;5:17:53.716;17:11;1:03.429;0:33.573;0:33.664;230.3;Jacques Nicolet;0:00:50;
24;0;215;1:25.571;0;;18.729;0;33.635;0;33.207;0;168.4;5:19:19.287;17:12;0:18.729;0:33.635;0:33.207;229.3;Jacques Nicolet;;
24;0;216;1:25.982;0;;18.421;0;33.565;0;33.996;0;167.6;5:20:45.269;17:14;0:18.421;0:33.565;0:33.996;229.3;Jacques Nicolet;;
24;0;217;1:26.664;0;;18.338;0;33.855;0;34.471;0;166.3;5:22:11.933;17:15;0:18.338;0:33.855;0:34.471;231.3;Jacques Nicolet;;
24;0;218;1:25.064;0;;18.499;0;33.288;0;33.277;0;169.4;5:23:36.997;17:17;0:18.499;0:33.288;0:33.277;231.8;Jacques Nicolet;;
24;0;219;1:25.599;0;;18.641;0;33.360;0;33.598;0;168.4;5:25:02.596;17:18;0:18.641;0:33.360;0:33.598;233.3;Jacques Nicolet;;
24;0;220;1:24.949;0;;18.656;0;33.081;0;33.212;0;169.6;5:26:27.545;17:19;0:18.656;0:33.081;0:33.212;232.8;Jacques Nicolet;;
24;0;221;1:25.941;0;;18.556;0;33.972;0;33.413;0;167.7;5:27:53.486;17:21;0:18.556;0:33.972;0:33.413;230.8;Jacques Nicolet;;
24;0;222;1:24.759;0;;18.401;0;33.195;0;33.163;0;170.0;5:29:18.245;17:22;0:18.401;0:33.195;0:33.163;230.8;Jacques Nicolet;;
24;0;223;1:24.736;0;;18.377;0;33.176;0;33.183;0;170.1;5:30:42.981;17:24;0:18.377;0:33.176;0:33.183;231.8;Jacques Nicolet;;
24;0;224;1:24.526;0;;18.436;0;33.117;0;32.973;0;170.5;5:32:07.507;17:25;0:18.436;0:33.117;0:32.973;227.4;Jacques Nicolet;;
24;0;225;1:24.662;0;;18.363;0;33.039;0;33.260;0;170.2;5:33:32.169;17:26;0:18.363;0:33.039;0:33.260;233.3;Jacques Nicolet;;
24;0;226;1:26.964;0;;19.271;0;33.839;0;33.854;0;165.7;5:34:59.133;17:28;0:19.271;0:33.839;0:33.854;232.8;Jacques Nicolet;;
24;0;227;1:26.150;0;;18.773;0;33.954;0;33.423;0;167.3;5:36:25.283;17:29;0:18.773;0:33.954;0:33.423;232.3;Jacques Nicolet;;
24;0;228;1:24.415;0;;18.344;0;32.901;0;33.170;0;170.7;5:37:49.698;17:31;0:18.344;0:32.901;0:33.170;232.8;Jacques Nicolet;;
24;0;229;1:23.843;0;;18.294;0;32.670;0;32.879;0;171.9;5:39:13.541;17:32;0:18.294;0:32.670;0:32.879;233.3;Jacques Nicolet;;
24;0;230;1:24.256;0;;18.351;0;33.149;0;32.756;0;171.0;5:40:37.797;17:34;0:18.351;0:33.149;0:32.756;232.8;Jacques Nicolet;;
24;0;231;1:25.003;0;;18.184;0;32.791;0;34.028;0;169.5;5:42:02.800;17:35;0:18.184;0:32.791;0:34.028;234.3;Jacques Nicolet;;
24;0;232;1:24.656;0;;18.377;0;33.144;0;33.135;0;170.2;5:43:27.456;17:36;0:18.377;0:33.144;0:33.135;234.8;Jacques Nicolet;;
24;0;233;1:24.379;0;;18.356;0;33.192;0;32.831;0;170.8;5:44:51.835;17:38;0:18.356;0:33.192;0:32.831;233.8;Jacques Nicolet;;
24;0;234;1:24.288;0;;18.377;0;32.884;0;33.027;0;171.0;5:46:16.123;17:39;0:18.377;0:32.884;0:33.027;233.3;Jacques Nicolet;;
24;0;235;1:24.154;0;;18.278;0;32.882;0;32.994;0;171.2;5:47:40.277;17:41;0:18.278;0:32.882;0:32.994;233.3;Jacques Nicolet;;
24;0;236;1:25.690;0;;18.293;0;34.216;0;33.181;0;168.2;5:49:05.967;17:42;0:18.293;0:34.216;0:33.181;233.8;Jacques Nicolet;;
24;0;237;1:24.393;0;;18.372;0;32.762;0;33.259;0;170.8;5:50:30.360;17:43;0:18.372;0:32.762;0:33.259;234.8;Jacques Nicolet;;
24;0;238;1:24.384;0;;18.313;0;32.890;0;33.181;0;170.8;5:51:54.744;17:45;0:18.313;0:32.890;0:33.181;235.3;Jacques Nicolet;;
24;0;239;1:24.440;0;;18.172;1;33.211;0;33.057;0;170.7;5:53:19.184;17:46;0:18.172;0:33.211;0:33.057;231.8;Jacques Nicolet;;
24;0;240;1:25.135;0;;18.253;0;33.897;0;32.985;0;169.3;5:54:44.319;17:48;0:18.253;0:33.897;0:32.985;231.3;Jacques Nicolet;;
24;0;241;1:24.587;0;;18.248;0;33.395;0;32.944;0;170.4;5:56:08.906;17:49;0:18.248;0:33.395;0:32.944;232.8;Jacques Nicolet;;
24;0;242;1:23.864;0;;18.272;0;32.894;0;32.698;1;171.8;5:57:32.770;17:50;0:18.272;0:32.894;0:32.698;234.3;Jacques Nicolet;;
24;0;243;1:23.984;0;;18.299;0;32.826;0;32.859;0;171.6;5:58:56.754;17:52;0:18.299;0:32.826;0:32.859;233.8;Jacques Nicolet;;
24;0;244;1:26.330;0;;18.643;0;33.824;0;33.863;0;166.9;6:00:23.084;17:53;0:18.643;0:33.824;0:33.863;234.8;Jacques Nicolet;;
35;1;1;1:27.783;0;;21.315;0;33.256;0;33.212;0;164.2;1:27.783;11:54;0:21.315;0:33.256;0:33.212;232.3;Bertrand Baguette;;
35;1;2;1:23.516;0;;18.294;0;32.328;0;32.894;0;172.6;2:51.299;11:56;0:18.294;0:32.328;0:32.894;235.3;Bertrand Baguette;;
35;1;3;1:22.842;0;;18.137;0;32.268;0;32.437;0;174.0;4:14.141;11:57;0:18.137;0:32.268;0:32.437;235.3;Bertrand Baguette;;
35;1;4;1:22.763;0;;18.172;0;31.987;0;32.604;0;174.1;5:36.904;11:59;0:18.172;0:31.987;0:32.604;234.8;Bertrand Baguette;;
35;1;5;1:23.284;0;;18.141;0;32.265;0;32.878;0;173.0;7:00.188;12:00;0:18.141;0:32.265;0:32.878;233.3;Bertrand Baguette;;
35;1;6;1:22.921;0;;18.116;0;32.039;0;32.766;0;173.8;8:23.109;12:01;0:18.116;0:32.039;0:32.766;236.3;Bertrand Baguette;;
35;1;7;1:22.603;0;;18.128;0;31.955;0;32.520;0;174.5;9:45.712;12:03;0:18.128;0:31.955;0:32.520;236.8;Bertrand Baguette;;
35;1;8;1:23.108;0;;18.139;0;32.121;0;32.848;0;173.4;11:08.820;12:04;0:18.139;0:32.121;0:32.848;236.8;Bertrand Baguette;;
35;1;9;1:22.648;0;;18.069;0;31.973;0;32.606;0;174.4;12:31.468;12:05;0:18.069;0:31.973;0:32.606;235.3;Bertrand Baguette;;
35;1;10;1:22.772;0;;18.153;0;32.036;0;32.583;0;174.1;13:54.240;12:07;0:18.153;0:32.036;0:32.583;237.9;Bertrand Baguette;;
35;1;11;1:23.674;0;;18.279;0;32.524;0;32.871;0;172.2;15:17.914;12:08;0:18.279;0:32.524;0:32.871;237.4;Bertrand Baguette;;
35;1;12;1:23.763;0;;18.764;0;32.620;0;32.379;0;172.0;16:41.677;12:10;0:18.764;0:32.620;0:32.379;235.8;Bertrand Baguette;;
35;1;13;1:22.638;0;;18.108;0;31.947;0;32.583;0;174.4;18:04.315;12:11;0:18.108;0:31.947;0:32.583;236.3;Bertrand Baguette;;
35;1;14;1:22.950;0;;18.186;0;32.186;0;32.578;0;173.7;19:27.265;12:12;0:18.186;0:32.186;0:32.578;236.8;Bertrand Baguette;;
35;1;15;1:22.819;0;;18.170;0;32.076;0;32.573;0;174.0;20:50.084;12:14;0:18.170;0:32.076;0:32.573;236.3;Bertrand Baguette;;
35;1;16;1:22.628;0;;18.093;0;32.025;0;32.510;0;174.4;22:12.712;12:15;0:18.093;0:32.025;0:32.510;236.3;Bertrand Baguette;;
35;1;17;1:22.792;0;;18.054;0;32.097;0;32.641;0;174.1;23:35.504;12:16;0:18.054;0:32.097;0:32.641;234.8;Bertrand Baguette;;
35;1;18;1:22.675;0;;18.096;0;32.015;0;32.564;0;174.3;24:58.179;12:18;0:18.096;0:32.015;0:32.564;235.8;Bertrand Baguette;;
35;1;19;1:22.681;0;;18.127;0;32.010;0;32.544;0;174.3;26:20.860;12:19;0:18.127;0:32.010;0:32.544;235.8;Bertrand Baguette;;
35;1;20;1:22.863;0;;18.060;0;32.245;0;32.558;0;173.9;27:43.723;12:21;0:18.060;0:32.245;0:32.558;236.8;Bertrand Baguette;;
35;1;21;1:22.981;0;;18.125;0;32.133;0;32.723;0;173.7;29:06.704;12:22;0:18.125;0:32.133;0:32.723;235.3;Bertrand Baguette;;
35;1;22;1:23.114;0;;18.116;0;32.350;0;32.648;0;173.4;30:29.818;12:23;0:18.116;0:32.350;0:32.648;233.8;Bertrand Baguette;;
35;1;23;1:24.045;0;;18.305;0;33.043;0;32.697;0;171.5;31:53.863;12:25;0:18.305;0:33.043;0:32.697;234.8;Bertrand Baguette;;
35;1;24;1:22.984;0;;18.082;0;32.407;0;32.495;0;173.7;33:16.847;12:26;0:18.082;0:32.407;0:32.495;234.3;Bertrand Baguette;;
35;1;25;1:22.928;0;;18.096;0;32.177;0;32.655;0;173.8;34:39.775;12:28;0:18.096;0:32.177;0:32.655;234.8;Bertrand Baguette;;
35;1;26;1:22.679;0;;18.084;0;32.152;0;32.443;0;174.3;36:02.454;12:29;0:18.084;0:32.152;0:32.443;233.8;Bertrand Baguette;;
35;1;27;1:22.641;0;;18.108;0;32.112;0;32.421;0;174.4;37:25.095;12:30;0:18.108;0:32.112;0:32.421;235.3;Bertrand Baguette;;
35;1;28;1:22.835;0;;18.121;0;32.218;0;32.496;0;174.0;38:47.930;12:32;0:18.121;0:32.218;0:32.496;233.8;Bertrand Baguette;;
35;1;29;1:22.796;0;;17.933;0;32.416;0;32.447;0;174.1;40:10.726;12:33;0:17.933;0:32.416;0:32.447;234.3;Bertrand Baguette;;
35;1;30;1:25.666;0;B;18.009;0;32.184;0;35.473;0;168.2;41:36.392;12:34;0:18.009;0:32.184;0:35.473;235.8;Bertrand Baguette;;
35;1;31;2:37.016;0;;1:32.370;0;32.242;0;32.404;0;91.8;44:13.408;12:37;1:32.370;0:32.242;0:32.404;235.3;Bertrand Baguette;0:01:19;
35;1;32;1:22.158;0;;18.024;0;31.968;0;32.166;0;175.4;45:35.566;12:38;0:18.024;0:31.968;0:32.166;235.8;Bertrand Baguette;;
35;1;33;1:23.799;0;;18.229;0;33.175;0;32.395;0;172.0;46:59.365;12:40;0:18.229;0:33.175;0:32.395;234.3;Bertrand Baguette;;
35;1;34;1:22.266;0;;18.051;0;32.095;0;32.120;0;175.2;48:21.631;12:41;0:18.051;0:32.095;0:32.120;234.8;Bertrand Baguette;;
35;1;35;1:21.570;0;;17.893;0;31.702;0;31.975;1;176.7;49:43.201;12:43;0:17.893;0:31.702;0:31.975;235.3;Bertrand Baguette;;
35;1;36;1:21.893;0;;17.915;0;31.870;0;32.108;0;176.0;51:05.094;12:44;0:17.915;0:31.870;0:32.108;235.3;Bertrand Baguette;;
35;1;37;1:22.508;0;;17.954;0;32.443;0;32.111;0;174.7;52:27.602;12:45;0:17.954;0:32.443;0:32.111;233.3;Bertrand Baguette;;
35;1;38;1:21.821;0;;17.934;0;31.681;0;32.206;0;176.1;53:49.423;12:47;0:17.934;0:31.681;0:32.206;234.3;Bertrand Baguette;;
35;1;39;1:21.653;0;;17.840;3;31.646;0;32.167;0;176.5;55:11.076;12:48;0:17.840;0:31.646;0:32.167;234.3;Bertrand Baguette;;
35;1;40;1:21.537;2;;17.914;0;31.593;0;32.030;0;176.7;56:32.613;12:49;0:17.914;0:31.593;0:32.030;236.3;Bertrand Baguette;;
35;1;41;1:22.631;0;;18.022;0;32.356;0;32.253;0;174.4;57:55.244;12:51;0:18.022;0:32.356;0:32.253;234.8;Bertrand Baguette;;
35;1;42;1:22.551;0;;18.073;0;31.744;0;32.734;0;174.6;59:17.795;12:52;0:18.073;0:31.744;0:32.734;236.3;Bertrand Baguette;;
35;1;43;1:21.721;0;;17.968;0;31.684;0;32.069;0;176.3;1:00:39.516;12:54;0:17.968;0:31.684;0:32.069;235.3;Bertrand Baguette;;
35;1;44;1:21.960;0;;18.039;0;31.651;0;32.270;0;175.8;1:02:01.476;12:55;0:18.039;0:31.651;0:32.270;236.3;Bertrand Baguette;;
35;1;45;1:21.785;0;;17.907;0;31.609;0;32.269;0;176.2;1:03:23.261;12:56;0:17.907;0:31.609;0:32.269;235.3;Bertrand Baguette;;
35;1;46;1:21.702;0;;17.890;0;31.637;0;32.175;0;176.4;1:04:44.963;12:58;0:17.890;0:31.637;0:32.175;235.8;Bertrand Baguette;;
35;1;47;1:22.762;0;;17.918;0;32.473;0;32.371;0;174.1;1:06:07.725;12:59;0:17.918;0:32.473;0:32.371;234.3;Bertrand Baguette;;
35;1;48;1:22.146;0;;17.963;0;32.001;0;32.182;0;175.4;1:07:29.871;13:00;0:17.963;0:32.001;0:32.182;235.8;Bertrand Baguette;;
35;1;49;1:21.776;0;;17.954;0;31.712;0;32.110;0;176.2;1:08:51.647;13:02;0:17.954;0:31.712;0:32.110;236.3;Bertrand Baguette;;
35;1;50;1:21.727;0;;17.963;0;31.560;0;32.204;0;176.3;1:10:13.374;13:03;0:17.963;0:31.560;0:32.204;236.8;Bertrand Baguette;;
35;1;51;1:21.630;0;;17.922;0;31.531;2;32.177;0;176.5;1:11:35.004;13:04;0:17.922;0:31.531;0:32.177;236.8;Bertrand Baguette;;
35;1;52;1:22.798;0;;17.978;0;32.733;0;32.087;0;174.0;1:12:57.802;13:06;0:17.978;0:32.733;0:32.087;236.8;Bertrand Baguette;;
35;1;53;1:22.449;0;;18.449;0;31.915;0;32.085;0;174.8;1:14:20.251;13:07;0:18.449;0:31.915;0:32.085;235.8;Bertrand Baguette;;
35;1;54;1:21.994;0;;18.007;0;31.853;0;32.134;0;175.8;1:15:42.245;13:09;0:18.007;0:31.853;0:32.134;236.3;Bertrand Baguette;;
35;1;55;1:21.776;0;;17.912;0;31.736;0;32.128;0;176.2;1:17:04.021;13:10;0:17.912;0:31.736;0:32.128;236.3;Bertrand Baguette;;
35;1;56;1:22.297;0;;17.999;0;31.816;0;32.482;0;175.1;1:18:26.318;13:11;0:17.999;0:31.816;0:32.482;237.4;Bertrand Baguette;;
35;1;57;1:22.975;0;;18.150;0;32.093;0;32.732;0;173.7;1:19:49.293;13:13;0:18.150;0:32.093;0:32.732;235.8;Bertrand Baguette;;
35;1;58;1:22.638;0;;18.047;0;32.069;0;32.522;0;174.4;1:21:11.931;13:14;0:18.047;0:32.069;0:32.522;237.9;Bertrand Baguette;;
35;1;59;1:23.356;0;;18.102;0;32.155;0;33.099;0;172.9;1:22:35.287;13:15;0:18.102;0:32.155;0:33.099;235.8;Bertrand Baguette;;
35;1;60;1:24.253;0;;18.122;0;33.143;0;32.988;0;171.0;1:23:59.540;13:17;0:18.122;0:33.143;0:32.988;235.8;Bertrand Baguette;;
35;1;61;1:23.116;0;;18.028;0;32.884;0;32.204;0;173.4;1:25:22.656;13:18;0:18.028;0:32.884;0:32.204;234.3;Bertrand Baguette;;
35;1;62;1:25.132;0;B;17.970;0;31.818;0;35.344;0;169.3;1:26:47.788;13:20;0:17.970;0:31.818;0:35.344;236.8;Bertrand Baguette;;
35;1;63;2:07.532;0;;1:02.987;0;32.064;0;32.481;0;113.0;1:28:55.320;13:22;1:02.987;0:32.064;0:32.481;234.3;Bertrand Baguette;0:00:50;
35;1;64;1:23.072;0;;18.083;0;32.615;0;32.374;0;173.5;1:30:18.392;13:23;0:18.083;0:32.615;0:32.374;235.3;Bertrand Baguette;;
35;1;65;1:22.904;0;;18.092;0;32.475;0;32.337;0;173.8;1:31:41.296;13:25;0:18.092;0:32.475;0:32.337;234.3;Bertrand Baguette;;
35;1;66;1:22.636;0;;18.137;0;32.094;0;32.405;0;174.4;1:33:03.932;13:26;0:18.137;0:32.094;0:32.405;234.8;Bertrand Baguette;;
35;1;67;1:23.806;0;;18.123;0;32.336;0;33.347;0;172.0;1:34:27.738;13:27;0:18.123;0:32.336;0:33.347;234.3;Bertrand Baguette;;
35;1;68;1:22.793;0;;18.216;0;32.224;0;32.353;0;174.1;1:35:50.531;13:29;0:18.216;0:32.224;0:32.353;234.3;Bertrand Baguette;;
35;1;69;1:22.761;0;;18.221;0;32.012;0;32.528;0;174.1;1:37:13.292;13:30;0:18.221;0:32.012;0:32.528;235.3;Bertrand Baguette;;
35;1;70;1:22.612;0;;18.361;0;31.974;0;32.277;0;174.4;1:38:35.904;13:31;0:18.361;0:31.974;0:32.277;235.3;Bertrand Baguette;;
35;1;71;1:22.637;0;;18.179;0;32.058;0;32.400;0;174.4;1:39:58.541;13:33;0:18.179;0:32.058;0:32.400;235.8;Bertrand Baguette;;
35;1;72;1:22.146;0;;18.048;0;31.967;0;32.131;0;175.4;1:41:20.687;13:34;0:18.048;0:31.967;0:32.131;234.8;Bertrand Baguette;;
35;1;73;1:23.431;0;;18.103;0;32.708;0;32.620;0;172.7;1:42:44.118;13:36;0:18.103;0:32.708;0:32.620;232.8;Bertrand Baguette;;
35;1;74;1:22.972;0;;18.181;0;32.551;0;32.240;0;173.7;1:44:07.090;13:37;0:18.181;0:32.551;0:32.240;234.8;Bertrand Baguette;;
35;1;75;1:22.329;0;;18.038;0;31.915;0;32.376;0;175.0;1:45:29.419;13:38;0:18.038;0:31.915;0:32.376;233.8;Bertrand Baguette;;
35;1;76;1:22.545;0;;18.092;0;31.904;0;32.549;0;174.6;1:46:51.964;13:40;0:18.092;0:31.904;0:32.549;234.3;Bertrand Baguette;;
35;1;77;1:23.214;0;;18.217;0;32.289;0;32.708;0;173.2;1:48:15.178;13:41;0:18.217;0:32.289;0:32.708;236.3;Bertrand Baguette;;
35;1;78;1:23.222;0;;18.113;0;32.199;0;32.910;0;173.2;1:49:38.400;13:43;0:18.113;0:32.199;0:32.910;235.8;Bertrand Baguette;;
35;1;79;1:22.635;0;;18.107;0;32.140;0;32.388;0;174.4;1:51:01.035;13:44;0:18.107;0:32.140;0:32.388;235.3;Bertrand Baguette;;
35;1;80;1:23.236;0;;18.311;0;32.590;0;32.335;0;173.1;1:52:24.271;13:45;0:18.311;0:32.590;0:32.335;234.8;Bertrand Baguette;;
35;1;81;1:22.548;0;;18.127;0;32.044;0;32.377;0;174.6;1:53:46.819;13:47;0:18.127;0:32.044;0:32.377;235.3;Bertrand Baguette;;
35;1;82;1:22.758;0;;18.067;0;32.050;0;32.641;0;174.1;1:55:09.577;13:48;0:18.067;0:32.050;0:32.641;236.8;Bertrand Baguette;;
35;1;83;1:22.638;0;;18.164;0;32.108;0;32.366;0;174.4;1:56:32.215;13:49;0:18.164;0:32.108;0:32.366;235.8;Bertrand Baguette;;
35;1;84;1:22.325;0;;18.077;0;31.952;0;32.296;0;175.0;1:57:54.540;13:51;0:18.077;0:31.952;0:32.296;235.3;Bertrand Baguette;;
35;1;85;1:22.937;0;;18.200;0;32.374;0;32.363;0;173.8;1:59:17.477;13:52;0:18.200;0:32.374;0:32.363;236.8;Bertrand Baguette;;
35;1;86;1:22.655;0;;18.064;0;32.055;0;32.536;0;174.3;2:00:40.132;13:54;0:18.064;0:32.055;0:32.536;236.3;Bertrand Baguette;;
35;1;87;1:22.751;0;;18.117;0;32.096;0;32.538;0;174.1;2:02:02.883;13:55;0:18.117;0:32.096;0:32.538;235.8;Bertrand Baguette;;
35;1;88;1:22.525;0;;18.101;0;31.990;0;32.434;0;174.6;2:03:25.408;13:56;0:18.101;0:31.990;0:32.434;235.8;Bertrand Baguette;;
35;1;89;1:22.805;0;;18.015;0;32.111;0;32.679;0;174.0;2:04:48.213;13:58;0:18.015;0:32.111;0:32.679;236.3;Bertrand Baguette;;
35;1;90;1:22.552;0;;18.202;0;32.089;0;32.261;0;174.6;2:06:10.765;13:59;0:18.202;0:32.089;0:32.261;236.3;Bertrand Baguette;;
35;1;91;1:23.943;0;;18.133;0;32.954;0;32.856;0;171.7;2:07:34.708;14:00;0:18.133;0:32.954;0:32.856;233.3;Bertrand Baguette;;
35;1;92;1:22.555;0;;18.158;0;32.074;0;32.323;0;174.6;2:08:57.263;14:02;0:18.158;0:32.074;0:32.323;236.3;Bertrand Baguette;;
35;1;93;1:22.776;0;;18.331;0;32.076;0;32.369;0;174.1;2:10:20.039;14:03;0:18.331;0:32.076;0:32.369;236.3;Bertrand Baguette;;
35;1;94;1:22.349;0;;18.108;0;31.993;0;32.248;0;175.0;2:11:42.388;14:05;0:18.108;0:31.993;0:32.248;236.3;Bertrand Baguette;;
35;1;95;1:22.367;0;;18.070;0;32.044;0;32.253;0;175.0;2:13:04.755;14:06;0:18.070;0:32.044;0:32.253;236.8;Bertrand Baguette;;
35;1;96;1:26.349;0;B;18.084;0;32.450;0;35.815;0;166.9;2:14:31.104;14:07;0:18.084;0:32.450;0:35.815;236.8;Bertrand Baguette;;
35;2;97;2:44.327;0;;1:36.056;0;33.994;0;34.277;0;87.7;2:17:15.431;14:10;1:36.056;0:33.994;0:34.277;232.8;Dimitri Enjalbert;0:01:22;
35;2;98;1:25.829;0;;18.794;0;33.765;0;33.270;0;167.9;2:18:41.260;14:12;0:18.794;0:33.765;0:33.270;234.3;Dimitri Enjalbert;;
35;2;99;1:25.174;0;;18.968;0;33.026;0;33.180;0;169.2;2:20:06.434;14:13;0:18.968;0:33.026;0:33.180;234.3;Dimitri Enjalbert;;
35;2;100;1:24.318;0;;18.377;0;32.923;0;33.018;0;170.9;2:21:30.752;14:14;0:18.377;0:32.923;0:33.018;235.3;Dimitri Enjalbert;;
35;2;101;1:24.254;0;;18.290;0;32.914;0;33.050;0;171.0;2:22:55.006;14:16;0:18.290;0:32.914;0:33.050;232.8;Dimitri Enjalbert;;
35;2;102;1:24.300;0;;18.256;0;33.005;0;33.039;0;170.9;2:24:19.306;14:17;0:18.256;0:33.005;0:33.039;234.3;Dimitri Enjalbert;;
35;2;103;1:23.977;0;;18.163;0;32.804;0;33.010;0;171.6;2:25:43.283;14:19;0:18.163;0:32.804;0:33.010;233.8;Dimitri Enjalbert;;
35;2;104;1:23.995;0;;18.199;0;32.845;0;32.951;0;171.6;2:27:07.278;14:20;0:18.199;0:32.845;0:32.951;233.3;Dimitri Enjalbert;;
35;2;105;1:24.158;0;;18.226;0;32.786;0;33.146;0;171.2;2:28:31.436;14:21;0:18.226;0:32.786;0:33.146;233.3;Dimitri Enjalbert;;
35;2;106;1:24.277;0;;18.176;0;32.850;0;33.251;0;171.0;2:29:55.713;14:23;0:18.176;0:32.850;0:33.251;233.8;Dimitri Enjalbert;;
35;2;107;1:25.444;0;;18.212;0;34.263;0;32.969;0;168.7;2:31:21.157;14:24;0:18.212;0:34.263;0:32.969;230.8;Dimitri Enjalbert;;
35;2;108;1:24.608;0;;18.291;0;33.227;0;33.090;0;170.3;2:32:45.765;14:26;0:18.291;0:33.227;0:33.090;230.3;Dimitri Enjalbert;;
35;2;109;1:24.056;0;;18.229;0;32.839;0;32.988;0;171.4;2:34:09.821;14:27;0:18.229;0:32.839;0:32.988;234.3;Dimitri Enjalbert;;
35;2;110;1:23.900;0;;18.164;0;32.903;0;32.833;0;171.8;2:35:33.721;14:28;0:18.164;0:32.903;0:32.833;233.3;Dimitri Enjalbert;;
35;2;111;1:24.035;0;;18.213;0;32.783;0;33.039;0;171.5;2:36:57.756;14:30;0:18.213;0:32.783;0:33.039;233.3;Dimitri Enjalbert;;
35;2;112;1:24.974;0;;18.267;0;32.889;0;33.818;0;169.6;2:38:22.730;14:31;0:18.267;0:32.889;0:33.818;232.8;Dimitri Enjalbert;;
35;2;113;1:24.520;0;;18.410;0;32.614;0;33.496;0;170.5;2:39:47.250;14:33;0:18.410;0:32.614;0:33.496;233.8;Dimitri Enjalbert;;
35;2;114;1:26.675;0;;18.427;0;34.406;0;33.842;0;166.3;2:41:13.925;14:34;0:18.427;0:34.406;0:33.842;233.8;Dimitri Enjalbert;;
35;2;115;1:25.021;0;;18.804;0;32.910;0;33.307;0;169.5;2:42:38.946;14:36;0:18.804;0:32.910;0:33.307;234.3;Dimitri Enjalbert;;
35;2;116;1:24.542;0;;18.250;0;32.770;0;33.522;0;170.5;2:44:03.488;14:37;0:18.250;0:32.770;0:33.522;233.8;Dimitri Enjalbert;;
35;2;117;1:24.262;0;;18.185;0;32.937;0;33.140;0;171.0;2:45:27.750;14:38;0:18.185;0:32.937;0:33.140;234.3;Dimitri Enjalbert;;
35;2;118;1:24.130;0;;18.260;0;32.895;0;32.975;0;171.3;2:46:51.880;14:40;0:18.260;0:32.895;0:32.975;234.3;Dimitri Enjalbert;;
35;2;119;1:24.037;0;;18.212;0;32.792;0;33.033;0;171.5;2:48:15.917;14:41;0:18.212;0:32.792;0:33.033;233.3;Dimitri Enjalbert;;
35;2;120;1:24.409;0;;18.224;0;32.700;0;33.485;0;170.7;2:49:40.326;14:43;0:18.224;0:32.700;0:33.485;235.3;Dimitri Enjalbert;;
35;2;121;1:24.087;0;;18.236;0;32.679;0;33.172;0;171.4;2:51:04.413;14:44;0:18.236;0:32.679;0:33.172;235.3;Dimitri Enjalbert;;
35;2;122;1:24.480;0;;18.182;0;33.332;0;32.966;0;170.6;2:52:28.893;14:45;0:18.182;0:33.332;0:32.966;232.8;Dimitri Enjalbert;;
35;2;123;1:24.021;0;;18.281;0;32.802;0;32.938;0;171.5;2:53:52.914;14:47;0:18.281;0:32.802;0:32.938;233.8;Dimitri Enjalbert;;
35;2;124;1:23.943;0;;18.143;0;32.586;0;33.214;0;171.7;2:55:16.857;14:48;0:18.143;0:32.586;0:33.214;233.3;Dimitri Enjalbert;;
35;2;125;1:23.845;0;;18.219;0;32.669;0;32.957;0;171.9;2:56:40.702;14:50;0:18.219;0:32.669;0:32.957;233.3;Dimitri Enjalbert;;
35;2;126;1:23.841;0;;18.159;0;32.654;0;33.028;0;171.9;2:58:04.543;14:51;0:18.159;0:32.654;0:33.028;233.8;Dimitri Enjalbert;;
35;2;127;1:23.844;0;;18.194;0;32.626;0;33.024;0;171.9;2:59:28.387;14:52;0:18.194;0:32.626;0:33.024;234.3;Dimitri Enjalbert;;
35;2;128;1:23.422;0;;18.156;0;32.504;0;32.762;0;172.7;3:00:51.809;14:54;0:18.156;0:32.504;0:32.762;234.3;Dimitri Enjalbert;;
35;2;129;1:26.125;0;;18.160;0;32.617;0;35.348;0;167.3;3:02:17.934;14:55;0:18.160;0:32.617;0:35.348;235.8;Dimitri Enjalbert;;
35;2;130;2:22.781;0;B;27.651;0;58.889;0;56.241;0;100.9;3:04:40.715;14:58;0:27.651;0:58.889;0:56.241;129.0;Dimitri Enjalbert;;
35;2;131;2:46.627;0;;1:37.707;0;34.572;0;34.348;0;86.5;3:07:27.342;15:00;1:37.707;0:34.572;0:34.348;231.3;Dimitri Enjalbert;0:01:24;
35;2;132;1:44.636;0;;18.704;0;39.542;0;46.390;0;137.7;3:09:11.978;15:02;0:18.704;0:39.542;0:46.390;150.4;Dimitri Enjalbert;;
35;2;133;1:57.862;0;;25.540;0;46.531;0;45.791;0;122.3;3:11:09.840;15:04;0:25.540;0:46.531;0:45.791;154.9;Dimitri Enjalbert;;
35;2;134;2:00.169;0;;26.409;0;48.164;0;45.596;0;119.9;3:13:10.009;15:06;0:26.409;0:48.164;0:45.596;120.3;Dimitri Enjalbert;;
35;2;135;1:58.872;0;;26.207;0;47.490;0;45.175;0;121.2;3:15:08.881;15:08;0:26.207;0:47.490;0:45.175;137.6;Dimitri Enjalbert;;
35;2;136;2:02.456;0;;27.629;0;48.779;0;46.048;0;117.7;3:17:11.337;15:10;0:27.629;0:48.779;0:46.048;145.2;Dimitri Enjalbert;;
35;2;137;1:57.494;0;;28.052;0;46.399;0;43.043;0;122.7;3:19:08.831;15:12;0:28.052;0:46.399;0:43.043;168.2;Dimitri Enjalbert;;
35;2;138;1:25.755;0;;19.356;0;32.928;0;33.471;0;168.0;3:20:34.586;15:13;0:19.356;0:32.928;0:33.471;232.8;Dimitri Enjalbert;;
35;2;139;1:24.111;0;;18.395;0;32.651;0;33.065;0;171.3;3:21:58.697;15:15;0:18.395;0:32.651;0:33.065;234.8;Dimitri Enjalbert;;
35;2;140;1:23.177;0;;18.217;0;32.183;0;32.777;0;173.3;3:23:21.874;15:16;0:18.217;0:32.183;0:32.777;235.3;Dimitri Enjalbert;;
35;2;141;1:23.334;0;;18.140;0;32.272;0;32.922;0;172.9;3:24:45.208;15:18;0:18.140;0:32.272;0:32.922;234.3;Dimitri Enjalbert;;
35;2;142;1:23.111;0;;18.072;0;32.196;0;32.843;0;173.4;3:26:08.319;15:19;0:18.072;0:32.196;0:32.843;233.3;Dimitri Enjalbert;;
35;2;143;1:23.106;0;;18.260;0;32.102;0;32.744;0;173.4;3:27:31.425;15:20;0:18.260;0:32.102;0:32.744;234.8;Dimitri Enjalbert;;
35;2;144;1:23.374;0;;18.275;0;32.294;0;32.805;0;172.8;3:28:54.799;15:22;0:18.275;0:32.294;0:32.805;233.8;Dimitri Enjalbert;;
35;2;145;1:22.981;0;;18.143;0;32.143;0;32.695;0;173.7;3:30:17.780;15:23;0:18.143;0:32.143;0:32.695;234.8;Dimitri Enjalbert;;
35;2;146;1:22.733;0;;18.055;0;32.135;0;32.543;0;174.2;3:31:40.513;15:25;0:18.055;0:32.135;0:32.543;233.8;Dimitri Enjalbert;;
35;2;147;1:23.421;0;;18.090;0;32.351;0;32.980;0;172.7;3:33:03.934;15:26;0:18.090;0:32.351;0:32.980;234.3;Dimitri Enjalbert;;
35;2;148;1:24.760;0;;18.299;0;33.612;0;32.849;0;170.0;3:34:28.694;15:27;0:18.299;0:33.612;0:32.849;233.3;Dimitri Enjalbert;;
35;2;149;1:23.309;0;;18.322;0;32.196;0;32.791;0;173.0;3:35:52.003;15:29;0:18.322;0:32.196;0:32.791;233.8;Dimitri Enjalbert;;
35;2;150;1:23.667;0;;19.003;0;32.256;0;32.408;1;172.2;3:37:15.670;15:30;0:19.003;0:32.256;0:32.408;233.8;Dimitri Enjalbert;;
35;2;151;1:23.156;0;;18.146;0;32.395;0;32.615;0;173.3;3:38:38.826;15:32;0:18.146;0:32.395;0:32.615;234.8;Dimitri Enjalbert;;
35;2;152;1:22.665;0;;18.104;0;32.049;1;32.512;0;174.3;3:40:01.491;15:33;0:18.104;0:32.049;0:32.512;234.8;Dimitri Enjalbert;;
35;2;153;1:22.979;0;;18.134;0;32.258;0;32.587;0;173.7;3:41:24.470;15:34;0:18.134;0:32.258;0:32.587;234.8;Dimitri Enjalbert;;
35;2;154;1:22.770;0;;18.062;0;32.088;0;32.620;0;174.1;3:42:47.240;15:36;0:18.062;0:32.088;0:32.620;232.8;Dimitri Enjalbert;;
35;2;155;1:23.040;0;;18.174;0;32.236;0;32.630;0;173.5;3:44:10.280;15:37;0:18.174;0:32.236;0:32.630;233.3;Dimitri Enjalbert;;
35;2;156;1:22.652;0;;17.990;1;32.159;0;32.503;0;174.4;3:45:32.932;15:38;0:17.990;0:32.159;0:32.503;234.3;Dimitri Enjalbert;;
35;2;157;1:22.667;0;;18.096;0;32.141;0;32.430;0;174.3;3:46:55.599;15:40;0:18.096;0:32.141;0:32.430;235.3;Dimitri Enjalbert;;
35;2;158;1:22.786;0;;18.122;0;32.166;0;32.498;0;174.1;3:48:18.385;15:41;0:18.122;0:32.166;0:32.498;235.3;Dimitri Enjalbert;;
35;2;159;1:25.040;0;;18.516;0;32.853;0;33.671;0;169.5;3:49:43.425;15:43;0:18.516;0:32.853;0:33.671;234.8;Dimitri Enjalbert;;
35;2;160;1:22.822;0;;18.072;0;32.306;0;32.444;0;174.0;3:51:06.247;15:44;0:18.072;0:32.306;0:32.444;235.3;Dimitri Enjalbert;;
35;2;161;1:26.829;0;B;18.177;0;32.449;0;36.203;0;166.0;3:52:33.076;15:45;0:18.177;0:32.449;0:36.203;235.3;Dimitri Enjalbert;;
35;0;162;2:37.661;0;;1:31.953;0;32.781;0;32.927;0;91.4;3:55:10.737;15:48;1:31.953;0:32.781;0:32.927;234.3;Olivier Pla;0:01:18;
35;0;163;1:23.209;0;;18.426;0;31.979;0;32.804;0;173.2;3:56:33.946;15:49;0:18.426;0:31.979;0:32.804;233.8;Olivier Pla;;
35;0;164;1:22.432;0;;18.141;0;31.905;0;32.386;0;174.8;3:57:56.378;15:51;0:18.141;0:31.905;0:32.386;234.3;Olivier Pla;;
35;0;165;1:21.915;0;;18.072;0;31.661;1;32.182;0;175.9;3:59:18.293;15:52;0:18.072;0:31.661;0:32.182;233.8;Olivier Pla;;
35;0;166;1:22.227;0;;18.056;0;31.898;0;32.273;0;175.3;4:00:40.520;15:54;0:18.056;0:31.898;0:32.273;234.8;Olivier Pla;;
35;0;167;1:21.811;0;;18.070;0;31.685;0;32.056;0;176.1;4:02:02.331;15:55;0:18.070;0:31.685;0:32.056;235.3;Olivier Pla;;
35;0;168;1:23.560;0;;18.159;0;33.194;0;32.207;0;172.5;4:03:25.891;15:56;0:18.159;0:33.194;0:32.207;233.8;Olivier Pla;;
35;0;169;1:22.558;0;;18.030;0;31.756;0;32.772;0;174.6;4:04:48.449;15:58;0:18.030;0:31.756;0:32.772;236.3;Olivier Pla;;
35;0;170;1:22.633;0;;18.068;0;32.367;0;32.198;0;174.4;4:06:11.082;15:59;0:18.068;0:32.367;0:32.198;233.8;Olivier Pla;;
35;0;171;1:22.621;0;;18.053;0;32.252;0;32.316;0;174.4;4:07:33.703;16:00;0:18.053;0:32.252;0:32.316;232.8;Olivier Pla;;
35;0;172;1:21.869;0;;17.990;0;31.747;0;32.132;0;176.0;4:08:55.572;16:02;0:17.990;0:31.747;0:32.132;233.8;Olivier Pla;;
35;0;173;1:21.590;0;;17.911;0;31.723;0;31.956;2;176.6;4:10:17.162;16:03;0:17.911;0:31.723;0:31.956;233.8;Olivier Pla;;
35;0;174;1:21.901;0;;17.967;0;31.711;0;32.223;0;176.0;4:11:39.063;16:05;0:17.967;0:31.711;0:32.223;234.3;Olivier Pla;;
35;0;175;1:22.068;0;;17.959;0;31.883;0;32.226;0;175.6;4:13:01.131;16:06;0:17.959;0:31.883;0:32.226;233.8;Olivier Pla;;
35;0;176;1:21.881;0;;18.061;0;31.725;0;32.095;0;176.0;4:14:23.012;16:07;0:18.061;0:31.725;0:32.095;234.8;Olivier Pla;;
35;0;177;1:21.945;0;;18.028;0;31.730;0;32.187;0;175.9;4:15:44.957;16:09;0:18.028;0:31.730;0:32.187;234.8;Olivier Pla;;
35;0;178;1:23.599;0;;18.055;0;33.326;0;32.218;0;172.4;4:17:08.556;16:10;0:18.055;0:33.326;0:32.218;231.8;Olivier Pla;;
35;0;179;1:22.209;0;;18.164;0;31.789;0;32.256;0;175.3;4:18:30.765;16:11;0:18.164;0:31.789;0:32.256;234.3;Olivier Pla;;
35;0;180;1:23.129;0;;18.114;0;32.895;0;32.120;0;173.4;4:19:53.894;16:13;0:18.114;0:32.895;0:32.120;234.8;Olivier Pla;;
35;0;181;1:21.957;0;;18.029;0;31.841;0;32.087;0;175.8;4:21:15.851;16:14;0:18.029;0:31.841;0:32.087;234.8;Olivier Pla;;
35;0;182;1:22.021;0;;17.933;0;32.061;0;32.027;0;175.7;4:22:37.872;16:16;0:17.933;0:32.061;0:32.027;234.8;Olivier Pla;;
35;0;183;1:22.119;0;;18.204;0;31.811;0;32.104;0;175.5;4:23:59.991;16:17;0:18.204;0:31.811;0:32.104;234.8;Olivier Pla;;
35;0;184;1:21.964;0;;17.895;1;31.831;0;32.238;0;175.8;4:25:21.955;16:18;0:17.895;0:31.831;0:32.238;235.3;Olivier Pla;;
35;0;185;1:22.081;0;;18.053;0;31.861;0;32.167;0;175.6;4:26:44.036;16:20;0:18.053;0:31.861;0:32.167;234.8;Olivier Pla;;
35;0;186;1:22.102;0;;18.071;0;31.749;0;32.282;0;175.5;4:28:06.138;16:21;0:18.071;0:31.749;0:32.282;235.8;Olivier Pla;;
35;0;187;1:21.838;0;;17.931;0;31.728;0;32.179;0;176.1;4:29:27.976;16:22;0:17.931;0:31.728;0:32.179;235.8;Olivier Pla;;
35;0;188;1:22.814;0;;18.079;0;32.006;0;32.729;0;174.0;4:30:50.790;16:24;0:18.079;0:32.006;0:32.729;236.3;Olivier Pla;;
35;0;189;1:23.174;0;;18.172;0;32.634;0;32.368;0;173.3;4:32:13.964;16:25;0:18.172;0:32.634;0:32.368;234.8;Olivier Pla;;
35;0;190;1:23.232;0;;18.138;0;32.373;0;32.721;0;173.1;4:33:37.196;16:27;0:18.138;0:32.373;0:32.721;235.8;Olivier Pla;;
35;0;191;1:24.458;0;;18.450;0;32.789;0;33.219;0;170.6;4:35:01.654;16:28;0:18.450;0:32.789;0:33.219;236.3;Olivier Pla;;
35;0;192;1:27.426;0;B;18.471;0;32.440;0;36.515;0;164.8;4:36:29.080;16:29;0:18.471;0:32.440;0:36.515;234.3;Olivier Pla;;
35;0;193;2:08.551;0;;1:03.432;0;32.541;0;32.578;0;112.1;4:38:37.631;16:32;1:03.432;0:32.541;0:32.578;231.3;Olivier Pla;0:00:50;
35;0;194;1:23.758;0;;18.148;0;32.841;0;32.769;0;172.1;4:40:01.389;16:33;0:18.148;0:32.841;0:32.769;232.8;Olivier Pla;;
35;0;195;1:22.989;0;;18.169;0;32.356;0;32.464;0;173.6;4:41:24.378;16:34;0:18.169;0:32.356;0:32.464;233.3;Olivier Pla;;
35;0;196;1:23.089;0;;18.168;0;32.286;0;32.635;0;173.4;4:42:47.467;16:36;0:18.168;0:32.286;0:32.635;232.8;Olivier Pla;;
35;0;197;1:23.621;0;;18.443;0;32.638;0;32.540;0;172.3;4:44:11.088;16:37;0:18.443;0:32.638;0:32.540;233.3;Olivier Pla;;
35;0;198;1:23.925;0;;18.215;0;33.318;0;32.392;0;171.7;4:45:35.013;16:38;0:18.215;0:33.318;0:32.392;233.3;Olivier Pla;;
35;0;199;1:22.687;0;;18.190;0;32.206;0;32.291;0;174.3;4:46:57.700;16:40;0:18.190;0:32.206;0:32.291;232.8;Olivier Pla;;
35;0;200;1:22.508;0;;18.104;0;32.055;0;32.349;0;174.7;4:48:20.208;16:41;0:18.104;0:32.055;0:32.349;233.3;Olivier Pla;;
35;0;201;1:25.362;0;;18.642;0;34.237;0;32.483;0;168.8;4:49:45.570;16:43;0:18.642;0:34.237;0:32.483;232.8;Olivier Pla;;
35;0;202;1:23.100;0;;18.316;0;32.422;0;32.362;0;173.4;4:51:08.670;16:44;0:18.316;0:32.422;0:32.362;233.8;Olivier Pla;;
35;0;203;1:23.122;0;;18.342;0;32.390;0;32.390;0;173.4;4:52:31.792;16:45;0:18.342;0:32.390;0:32.390;234.3;Olivier Pla;;
35;0;204;1:23.165;0;;18.199;0;32.496;0;32.470;0;173.3;4:53:54.957;16:47;0:18.199;0:32.496;0:32.470;233.3;Olivier Pla;;
35;0;205;1:22.861;0;;18.108;0;32.312;0;32.441;0;173.9;4:55:17.818;16:48;0:18.108;0:32.312;0:32.441;233.8;Olivier Pla;;
35;0;206;1:23.653;0;;18.173;0;32.342;0;33.138;0;172.3;4:56:41.471;16:50;0:18.173;0:32.342;0:33.138;232.3;Olivier Pla;;
35;0;207;1:22.961;0;;18.123;0;32.361;0;32.477;0;173.7;4:58:04.432;16:51;0:18.123;0:32.361;0:32.477;233.8;Olivier Pla;;
35;0;208;1:22.949;0;;18.230;0;32.151;0;32.568;0;173.7;4:59:27.381;16:52;0:18.230;0:32.151;0:32.568;232.8;Olivier Pla;;
35;0;209;1:22.442;0;;18.150;0;32.018;0;32.274;0;174.8;5:00:49.823;16:54;0:18.150;0:32.018;0:32.274;233.3;Olivier Pla;;
35;0;210;1:22.730;0;;18.212;0;31.963;0;32.555;0;174.2;5:02:12.553;16:55;0:18.212;0:31.963;0:32.555;234.3;Olivier Pla;;
35;0;211;1:22.255;0;;18.140;0;32.031;0;32.084;0;175.2;5:03:34.808;16:56;0:18.140;0:32.031;0:32.084;233.8;Olivier Pla;;
35;0;212;1:22.528;0;;18.080;0;32.345;0;32.103;0;174.6;5:04:57.336;16:58;0:18.080;0:32.345;0:32.103;232.8;Olivier Pla;;
35;0;213;1:22.621;0;;18.053;0;32.155;0;32.413;0;174.4;5:06:19.957;16:59;0:18.053;0:32.155;0:32.413;233.8;Olivier Pla;;
35;0;214;1:22.408;0;;18.083;0;32.163;0;32.162;0;174.9;5:07:42.365;17:01;0:18.083;0:32.163;0:32.162;232.8;Olivier Pla;;
35;0;215;1:22.747;0;;18.140;0;32.094;0;32.513;0;174.2;5:09:05.112;17:02;0:18.140;0:32.094;0:32.513;233.8;Olivier Pla;;
35;0;216;1:24.106;0;;18.818;0;32.767;0;32.521;0;171.3;5:10:29.218;17:03;0:18.818;0:32.767;0:32.521;234.3;Olivier Pla;;
35;0;217;1:23.014;0;;18.292;0;32.459;0;32.263;0;173.6;5:11:52.232;17:05;0:18.292;0:32.459;0:32.263;234.3;Olivier Pla;;
35;0;218;1:22.495;0;;18.145;0;32.129;0;32.221;0;174.7;5:13:14.727;17:06;0:18.145;0:32.129;0:32.221;234.3;Olivier Pla;;
35;0;219;1:23.472;0;;18.133;0;32.380;0;32.959;0;172.6;5:14:38.199;17:08;0:18.133;0:32.380;0:32.959;234.8;Olivier Pla;;
35;0;220;1:22.603;0;;18.072;0;32.193;0;32.338;0;174.5;5:16:00.802;17:09;0:18.072;0:32.193;0:32.338;234.8;Olivier Pla;;
35;0;221;1:23.397;0;;18.398;0;32.416;0;32.583;0;172.8;5:17:24.199;17:10;0:18.398;0:32.416;0:32.583;233.3;Olivier Pla;;
35;0;222;1:23.767;0;;18.106;0;33.174;0;32.487;0;172.0;5:18:47.966;17:12;0:18.106;0:33.174;0:32.487;232.3;Olivier Pla;;
35;0;223;1:26.730;0;B;18.234;0;32.416;0;36.080;0;166.2;5:20:14.696;17:13;0:18.234;0:32.416;0:36.080;234.8;Olivier Pla;;
35;0;224;2:25.596;0;;1:20.436;0;32.532;0;32.628;0;99.0;5:22:40.292;17:16;1:20.436;0:32.532;0:32.628;232.8;Olivier Pla;0:01:07;
35;0;225;1:22.996;0;;18.286;0;32.141;0;32.569;0;173.6;5:24:03.288;17:17;0:18.286;0:32.141;0:32.569;232.8;Olivier Pla;;
35;0;226;1:22.690;0;;18.104;0;32.173;0;32.413;0;174.3;5:25:25.978;17:18;0:18.104;0:32.173;0:32.413;232.8;Olivier Pla;;
35;0;227;1:22.944;0;;18.160;0;32.044;0;32.740;0;173.7;5:26:48.922;17:20;0:18.160;0:32.044;0:32.740;232.3;Olivier Pla;;
35;0;228;1:24.738;0;;18.278;0;33.824;0;32.636;0;170.1;5:28:13.660;17:21;0:18.278;0:33.824;0:32.636;232.3;Olivier Pla;;
35;0;229;1:22.687;0;;18.125;0;32.195;0;32.367;0;174.3;5:29:36.347;17:22;0:18.125;0:32.195;0:32.367;231.8;Olivier Pla;;
35;0;230;1:23.894;0;;18.066;0;33.178;0;32.650;0;171.8;5:31:00.241;17:24;0:18.066;0:33.178;0:32.650;232.3;Olivier Pla;;
35;0;231;1:22.151;0;;18.022;0;31.924;0;32.205;0;175.4;5:32:22.392;17:25;0:18.022;0:31.924;0:32.205;233.3;Olivier Pla;;
35;0;232;1:22.306;0;;17.991;0;32.094;0;32.221;0;175.1;5:33:44.698;17:27;0:17.991;0:32.094;0:32.221;233.3;Olivier Pla;;
35;0;233;1:22.234;0;;18.027;0;32.043;0;32.164;0;175.2;5:35:06.932;17:28;0:18.027;0:32.043;0:32.164;233.3;Olivier Pla;;
35;0;234;1:24.522;0;;18.168;0;32.586;0;33.768;0;170.5;5:36:31.454;17:29;0:18.168;0:32.586;0:33.768;233.8;Olivier Pla;;
35;0;235;1:22.924;0;;18.210;0;32.312;0;32.402;0;173.8;5:37:54.378;17:31;0:18.210;0:32.312;0:32.402;232.8;Olivier Pla;;
35;0;236;1:22.410;0;;18.056;0;31.954;0;32.400;0;174.9;5:39:16.788;17:32;0:18.056;0:31.954;0:32.400;234.8;Olivier Pla;;
35;0;237;1:22.392;0;;18.173;0;32.104;0;32.115;0;174.9;5:40:39.180;17:34;0:18.173;0:32.104;0:32.115;233.8;Olivier Pla;;
35;0;238;1:23.091;0;;18.039;0;32.288;0;32.764;0;173.4;5:42:02.271;17:35;0:18.039;0:32.288;0:32.764;234.8;Olivier Pla;;
35;0;239;1:23.481;0;;18.070;0;32.508;0;32.903;0;172.6;5:43:25.752;17:36;0:18.070;0:32.508;0:32.903;235.3;Olivier Pla;;
35;0;240;1:23.944;0;;18.420;0;33.062;0;32.462;0;171.7;5:44:49.696;17:38;0:18.420;0:33.062;0:32.462;233.8;Olivier Pla;;
35;0;241;1:23.342;0;;18.254;0;32.586;0;32.502;0;172.9;5:46:13.038;17:39;0:18.254;0:32.586;0:32.502;232.3;Olivier Pla;;
35;0;242;1:23.102;0;;18.094;0;32.373;0;32.635;0;173.4;5:47:36.140;17:40;0:18.094;0:32.373;0:32.635;234.3;Olivier Pla;;
35;0;243;1:22.795;0;;18.170;0;32.359;0;32.266;0;174.1;5:48:58.935;17:42;0:18.170;0:32.359;0:32.266;234.3;Olivier Pla;;
35;0;244;1:23.907;0;;18.026;0;32.146;0;33.735;0;171.7;5:50:22.842;17:43;0:18.026;0:32.146;0:33.735;233.8;Olivier Pla;;
35;0;245;1:21.772;0;;18.001;0;31.741;0;32.030;0;176.2;5:51:44.614;17:45;0:18.001;0:31.741;0:32.030;234.8;Olivier Pla;;
35;0;246;1:22.608;0;;18.069;0;32.346;0;32.193;0;174.4;5:53:07.222;17:46;0:18.069;0:32.346;0:32.193;233.3;Olivier Pla;;
35;0;247;1:22.631;0;;18.061;0;31.853;0;32.717;0;174.4;5:54:29.853;17:47;0:18.061;0:31.853;0:32.717;233.8;Olivier Pla;;
35;0;248;1:24.000;0;;18.443;0;32.954;0;32.603;0;171.6;5:55:53.853;17:49;0:18.443;0:32.954;0:32.603;233.3;Olivier Pla;;
35;0;249;1:22.972;0;;18.014;0;32.428;0;32.530;0;173.7;5:57:16.825;17:50;0:18.014;0:32.428;0:32.530;234.8;Olivier Pla;;
35;0;250;1:24.080;0;;18.500;0;33.289;0;32.291;0;171.4;5:58:40.905;17:52;0:18.500;0:33.289;0:32.291;233.8;Olivier Pla;;
35;0;251;1:24.156;0;;18.093;0;32.387;0;33.676;0;171.2;6:00:05.061;17:53;0:18.093;0:32.387;0:33.676;233.8;Olivier Pla;;
38;1;1;1:27.362;0;;20.822;0;33.118;0;33.422;0;165.0;1:27.362;11:54;0:20.822;0:33.118;0:33.422;230.8;Sam Hancock;;
38;1;2;1:22.878;0;;18.242;0;31.904;0;32.732;0;173.9;2:50.240;11:56;0:18.242;0:31.904;0:32.732;231.8;Sam Hancock;;
38;1;3;1:22.832;0;;18.248;0;31.799;0;32.785;0;174.0;4:13.072;11:57;0:18.248;0:31.799;0:32.785;232.3;Sam Hancock;;
38;1;4;1:23.026;0;;18.169;0;31.865;0;32.992;0;173.6;5:36.098;11:58;0:18.169;0:31.865;0:32.992;231.3;Sam Hancock;;
38;1;5;1:23.603;0;;18.084;0;32.363;0;33.156;0;172.4;6:59.701;12:00;0:18.084;0:32.363;0:33.156;229.8;Sam Hancock;;
38;1;6;1:22.810;0;;18.059;0;31.816;0;32.935;0;174.0;8:22.511;12:01;0:18.059;0:31.816;0:32.935;230.8;Sam Hancock;;
38;1;7;1:22.700;0;;18.042;0;31.916;0;32.742;0;174.3;9:45.211;12:03;0:18.042;0:31.916;0:32.742;231.8;Sam Hancock;;
38;1;8;1:22.737;0;;18.150;0;31.773;1;32.814;0;174.2;11:07.948;12:04;0:18.150;0:31.773;0:32.814;232.3;Sam Hancock;;
38;1;9;1:22.774;0;;18.001;0;31.967;0;32.806;0;174.1;12:30.722;12:05;0:18.001;0:31.967;0:32.806;231.3;Sam Hancock;;
38;1;10;1:23.182;0;;18.016;0;31.987;0;33.179;0;173.2;13:53.904;12:07;0:18.016;0:31.987;0:33.179;232.3;Sam Hancock;;
38;1;11;1:23.455;0;;18.212;0;32.437;0;32.806;0;172.7;15:17.359;12:08;0:18.212;0:32.437;0:32.806;232.3;Sam Hancock;;
38;1;12;1:23.499;0;;18.676;0;31.916;0;32.907;0;172.6;16:40.858;12:10;0:18.676;0:31.916;0:32.907;231.3;Sam Hancock;;
38;1;13;1:22.812;0;;18.074;0;31.944;0;32.794;0;174.0;18:03.670;12:11;0:18.074;0:31.944;0:32.794;230.3;Sam Hancock;;
38;1;14;1:22.721;0;;18.149;0;31.915;0;32.657;0;174.2;19:26.391;12:12;0:18.149;0:31.915;0:32.657;231.3;Sam Hancock;;
38;1;15;1:22.720;0;;18.133;0;31.884;0;32.703;0;174.2;20:49.111;12:14;0:18.133;0:31.884;0:32.703;230.8;Sam Hancock;;
38;1;16;1:22.728;0;;18.041;0;31.797;0;32.890;0;174.2;22:11.839;12:15;0:18.041;0:31.797;0:32.890;232.3;Sam Hancock;;
38;1;17;1:22.466;0;;18.006;0;31.803;0;32.657;0;174.7;23:34.305;12:16;0:18.006;0:31.803;0:32.657;231.8;Sam Hancock;;
38;1;18;1:22.471;0;;18.043;0;31.844;0;32.584;0;174.7;24:56.776;12:18;0:18.043;0:31.844;0:32.584;230.3;Sam Hancock;;
38;1;19;1:22.715;0;;18.062;0;31.933;0;32.720;0;174.2;26:19.491;12:19;0:18.062;0:31.933;0:32.720;229.8;Sam Hancock;;
38;1;20;1:22.624;0;;17.991;0;31.941;0;32.692;0;174.4;27:42.115;12:21;0:17.991;0:31.941;0:32.692;231.8;Sam Hancock;;
38;1;21;1:22.738;0;;18.085;0;31.887;0;32.766;0;174.2;29:04.853;12:22;0:18.085;0:31.887;0:32.766;232.3;Sam Hancock;;
38;1;22;1:23.364;0;;18.101;0;32.098;0;33.165;0;172.9;30:28.217;12:23;0:18.101;0:32.098;0:33.165;231.8;Sam Hancock;;
38;1;23;1:23.200;0;;18.066;0;32.270;0;32.864;0;173.2;31:51.417;12:25;0:18.066;0:32.270;0:32.864;231.8;Sam Hancock;;
38;1;24;1:22.760;0;;18.145;0;32.113;0;32.502;0;174.1;33:14.177;12:26;0:18.145;0:32.113;0:32.502;229.3;Sam Hancock;;
38;1;25;1:22.618;0;;18.020;0;31.912;0;32.686;0;174.4;34:36.795;12:28;0:18.020;0:31.912;0:32.686;230.8;Sam Hancock;;
38;1;26;1:22.680;0;;18.006;0;32.040;0;32.634;0;174.3;35:59.475;12:29;0:18.006;0:32.040;0:32.634;230.3;Sam Hancock;;
38;1;27;1:22.771;0;;17.933;0;31.934;0;32.904;0;174.1;37:22.246;12:30;0:17.933;0:31.934;0:32.904;231.3;Sam Hancock;;
38;1;28;1:22.311;0;;17.960;0;31.802;0;32.549;0;175.1;38:44.557;12:32;0:17.960;0:31.802;0:32.549;228.8;Sam Hancock;;
38;1;29;1:22.623;0;;17.916;2;32.086;0;32.621;0;174.4;40:07.180;12:33;0:17.916;0:32.086;0:32.621;230.3;Sam Hancock;;
38;1;30;1:22.670;0;;18.070;0;31.910;0;32.690;0;174.3;41:29.850;12:34;0:18.070;0:31.910;0:32.690;233.3;Sam Hancock;;
38;1;31;1:22.820;0;;18.053;0;32.263;0;32.504;0;174.0;42:52.670;12:36;0:18.053;0:32.263;0:32.504;232.8;Sam Hancock;;
38;1;32;1:23.541;0;;18.090;0;32.848;0;32.603;0;172.5;44:16.211;12:37;0:18.090;0:32.848;0:32.603;232.8;Sam Hancock;;
38;1;33;1:27.859;0;B;18.303;0;33.389;0;36.167;0;164.0;45:44.070;12:39;0:18.303;0:33.389;0:36.167;233.3;Sam Hancock;;
38;1;34;2:09.410;0;;1:03.803;0;32.645;0;32.962;0;111.4;47:53.480;12:41;1:03.803;0:32.645;0:32.962;228.3;Sam Hancock;0:00:51;
38;1;35;1:23.184;0;;18.161;0;32.167;0;32.856;0;173.2;49:16.664;12:42;0:18.161;0:32.167;0:32.856;230.8;Sam Hancock;;
38;1;36;1:23.099;0;;18.225;0;32.158;0;32.716;0;173.4;50:39.763;12:44;0:18.225;0:32.158;0:32.716;231.8;Sam Hancock;;
38;1;37;1:23.052;0;;18.196;0;32.158;0;32.698;0;173.5;52:02.815;12:45;0:18.196;0:32.158;0:32.698;231.3;Sam Hancock;;
38;1;38;1:23.479;0;;18.136;0;32.161;0;33.182;0;172.6;53:26.294;12:46;0:18.136;0:32.161;0:33.182;233.3;Sam Hancock;;
38;1;39;1:23.881;0;;18.177;0;32.351;0;33.353;0;171.8;54:50.175;12:48;0:18.177;0:32.351;0:33.353;231.3;Sam Hancock;;
38;1;40;1:23.999;0;;18.232;0;33.111;0;32.656;0;171.6;56:14.174;12:49;0:18.232;0:33.111;0:32.656;225.5;Sam Hancock;;
38;1;41;1:22.877;0;;18.193;0;32.162;0;32.522;0;173.9;57:37.051;12:51;0:18.193;0:32.162;0:32.522;233.3;Sam Hancock;;
38;1;42;1:23.264;0;;18.244;0;32.331;0;32.689;0;173.1;59:00.315;12:52;0:18.244;0:32.331;0:32.689;232.3;Sam Hancock;;
38;1;43;1:22.717;0;;18.234;0;32.111;0;32.372;1;174.2;1:00:23.032;12:53;0:18.234;0:32.111;0:32.372;231.8;Sam Hancock;;
38;1;44;1:23.050;0;;18.285;0;32.192;0;32.573;0;173.5;1:01:46.082;12:55;0:18.285;0:32.192;0:32.573;232.8;Sam Hancock;;
38;1;45;1:23.847;0;;18.243;0;32.904;0;32.700;0;171.9;1:03:09.929;12:56;0:18.243;0:32.904;0:32.700;231.3;Sam Hancock;;
38;1;46;1:22.840;0;;18.266;0;32.120;0;32.454;0;174.0;1:04:32.769;12:57;0:18.266;0:32.120;0:32.454;232.8;Sam Hancock;;
38;1;47;1:23.062;0;;18.208;0;32.357;0;32.497;0;173.5;1:05:55.831;12:59;0:18.208;0:32.357;0:32.497;232.8;Sam Hancock;;
38;1;48;1:22.999;0;;18.195;0;32.285;0;32.519;0;173.6;1:07:18.830;13:00;0:18.195;0:32.285;0:32.519;230.8;Sam Hancock;;
38;1;49;1:22.940;0;;18.258;0;32.274;0;32.408;0;173.7;1:08:41.770;13:02;0:18.258;0:32.274;0:32.408;232.3;Sam Hancock;;
38;1;50;1:24.144;0;;18.199;0;33.170;0;32.775;0;171.3;1:10:05.914;13:03;0:18.199;0:33.170;0:32.775;231.8;Sam Hancock;;
38;1;51;1:23.678;0;;18.205;0;32.245;0;33.228;0;172.2;1:11:29.592;13:04;0:18.205;0:32.245;0:33.228;231.8;Sam Hancock;;
38;1;52;1:23.478;0;;18.861;0;32.198;0;32.419;0;172.6;1:12:53.070;13:06;0:18.861;0:32.198;0:32.419;231.3;Sam Hancock;;
38;1;53;1:23.419;0;;18.203;0;32.189;0;33.027;0;172.8;1:14:16.489;13:07;0:18.203;0:32.189;0:33.027;232.3;Sam Hancock;;
38;1;54;1:23.072;0;;18.212;0;32.257;0;32.603;0;173.5;1:15:39.561;13:09;0:18.212;0:32.257;0:32.603;231.3;Sam Hancock;;
38;1;55;1:23.245;0;;18.177;0;32.210;0;32.858;0;173.1;1:17:02.806;13:10;0:18.177;0:32.210;0:32.858;230.8;Sam Hancock;;
38;1;56;1:22.998;0;;18.284;0;32.158;0;32.556;0;173.6;1:18:25.804;13:11;0:18.284;0:32.158;0:32.556;231.3;Sam Hancock;;
38;1;57;1:22.791;0;;18.187;0;32.047;0;32.557;0;174.1;1:19:48.595;13:13;0:18.187;0:32.047;0:32.557;231.8;Sam Hancock;;
38;1;58;1:22.783;0;;18.105;0;32.081;0;32.597;0;174.1;1:21:11.378;13:14;0:18.105;0:32.081;0:32.597;232.3;Sam Hancock;;
38;1;59;1:23.255;0;;18.092;0;32.553;0;32.610;0;173.1;1:22:34.633;13:15;0:18.092;0:32.553;0:32.610;231.8;Sam Hancock;;
38;1;60;1:25.597;0;;18.238;0;33.567;0;33.792;0;168.4;1:24:00.230;13:17;0:18.238;0:33.567;0:33.792;228.8;Sam Hancock;;
38;1;61;1:24.819;0;;18.237;0;32.733;0;33.849;0;169.9;1:25:25.049;13:18;0:18.237;0:32.733;0:33.849;229.3;Sam Hancock;;
38;1;62;1:23.089;0;;18.406;0;32.130;0;32.553;0;173.4;1:26:48.138;13:20;0:18.406;0:32.130;0:32.553;231.8;Sam Hancock;;
38;1;63;1:22.905;0;;18.192;0;32.080;0;32.633;0;173.8;1:28:11.043;13:21;0:18.192;0:32.080;0:32.633;231.3;Sam Hancock;;
38;1;64;1:22.930;0;;18.353;0;31.970;0;32.607;0;173.8;1:29:33.973;13:22;0:18.353;0:31.970;0:32.607;232.3;Sam Hancock;;
38;1;65;1:22.677;0;;18.099;0;31.800;0;32.778;0;174.3;1:30:56.650;13:24;0:18.099;0:31.800;0:32.778;231.8;Sam Hancock;;
38;1;66;1:22.978;0;;18.209;0;32.166;0;32.603;0;173.7;1:32:19.628;13:25;0:18.209;0:32.166;0:32.603;230.8;Sam Hancock;;
38;1;67;1:22.884;0;;18.204;0;32.036;0;32.644;0;173.9;1:33:42.512;13:27;0:18.204;0:32.036;0:32.644;230.8;Sam Hancock;;
38;1;68;1:26.531;0;B;18.097;0;32.203;0;36.231;0;166.5;1:35:09.043;13:28;0:18.097;0:32.203;0:36.231;230.8;Sam Hancock;;
38;0;69;2:44.474;0;;1:38.810;0;32.658;0;33.006;0;87.6;1:37:53.517;13:31;1:38.810;0:32.658;0:33.006;230.3;Simon Dolan;0:01:25;
38;0;70;1:24.090;0;;18.740;0;32.433;0;32.917;0;171.4;1:39:17.607;13:32;0:18.740;0:32.433;0:32.917;229.3;Simon Dolan;;
38;0;71;1:22.991;0;;18.418;0;32.011;0;32.562;0;173.6;1:40:40.598;13:34;0:18.418;0:32.011;0:32.562;229.8;Simon Dolan;;
38;0;72;1:25.683;0;;18.518;0;33.457;0;33.708;0;168.2;1:42:06.281;13:35;0:18.518;0:33.457;0:33.708;230.3;Simon Dolan;;
38;0;73;1:24.912;0;;18.608;0;33.606;0;32.698;0;169.7;1:43:31.193;13:36;0:18.608;0:33.606;0:32.698;227.4;Simon Dolan;;
38;0;74;1:23.311;0;;18.454;0;32.119;0;32.738;0;173.0;1:44:54.504;13:38;0:18.454;0:32.119;0:32.738;228.3;Simon Dolan;;
38;0;75;1:23.303;0;;18.434;0;32.047;0;32.822;0;173.0;1:46:17.807;13:39;0:18.434;0:32.047;0:32.822;229.8;Simon Dolan;;
38;0;76;1:24.593;0;;18.496;0;33.389;0;32.708;0;170.4;1:47:42.400;13:41;0:18.496;0:33.389;0:32.708;228.8;Simon Dolan;;
38;0;77;1:23.296;0;;18.384;0;32.181;0;32.731;0;173.0;1:49:05.696;13:42;0:18.384;0:32.181;0:32.731;228.8;Simon Dolan;;
38;0;78;1:23.162;0;;18.213;0;32.416;0;32.533;0;173.3;1:50:28.858;13:43;0:18.213;0:32.416;0:32.533;228.8;Simon Dolan;;
38;0;79;1:22.943;0;;18.251;0;32.082;0;32.610;0;173.7;1:51:51.801;13:45;0:18.251;0:32.082;0:32.610;231.3;Simon Dolan;;
38;0;80;1:22.423;0;;18.221;0;31.863;0;32.339;0;174.8;1:53:14.224;13:46;0:18.221;0:31.863;0:32.339;230.3;Simon Dolan;;
38;0;81;1:22.718;0;;18.346;0;31.862;0;32.510;0;174.2;1:54:36.942;13:48;0:18.346;0:31.862;0:32.510;229.8;Simon Dolan;;
38;0;82;1:22.164;2;;18.196;0;31.635;2;32.333;2;175.4;1:55:59.106;13:49;0:18.196;0:31.635;0:32.333;229.8;Simon Dolan;;
38;0;83;1:22.329;0;;18.087;1;31.672;0;32.570;0;175.0;1:57:21.435;13:50;0:18.087;0:31.672;0:32.570;230.3;Simon Dolan;;
38;0;84;1:22.827;0;;18.201;0;32.147;0;32.479;0;174.0;1:58:44.262;13:52;0:18.201;0:32.147;0:32.479;230.8;Simon Dolan;;
38;0;85;1:22.954;0;;18.187;0;31.823;0;32.944;0;173.7;2:00:07.216;13:53;0:18.187;0:31.823;0:32.944;230.8;Simon Dolan;;
38;0;86;1:23.295;0;;18.678;0;31.886;0;32.731;0;173.0;2:01:30.511;13:54;0:18.678;0:31.886;0:32.731;229.3;Simon Dolan;;
38;0;87;1:23.849;0;;18.760;0;32.389;0;32.700;0;171.9;2:02:54.360;13:56;0:18.760;0:32.389;0:32.700;229.8;Simon Dolan;;
38;0;88;1:25.847;0;;18.336;0;32.525;0;34.986;0;167.9;2:04:20.207;13:57;0:18.336;0:32.525;0:34.986;230.8;Simon Dolan;;
38;0;89;1:23.795;0;;18.668;0;32.381;0;32.746;0;172.0;2:05:44.002;13:59;0:18.668;0:32.381;0:32.746;229.3;Simon Dolan;;
38;0;90;1:23.109;0;;18.379;0;32.144;0;32.586;0;173.4;2:07:07.111;14:00;0:18.379;0:32.144;0:32.586;230.3;Simon Dolan;;
38;0;91;1:22.913;0;;18.306;0;31.983;0;32.624;0;173.8;2:08:30.024;14:01;0:18.306;0:31.983;0:32.624;229.3;Simon Dolan;;
38;0;92;1:23.259;0;;18.408;0;32.108;0;32.743;0;173.1;2:09:53.283;14:03;0:18.408;0:32.108;0:32.743;229.8;Simon Dolan;;
38;0;93;1:23.320;0;;18.434;0;32.185;0;32.701;0;173.0;2:11:16.603;14:04;0:18.434;0:32.185;0:32.701;228.8;Simon Dolan;;
38;0;94;1:23.262;0;;18.392;0;32.097;0;32.773;0;173.1;2:12:39.865;14:06;0:18.392;0:32.097;0:32.773;230.3;Simon Dolan;;
38;0;95;1:23.346;0;;18.253;0;32.054;0;33.039;0;172.9;2:14:03.211;14:07;0:18.253;0:32.054;0:33.039;230.3;Simon Dolan;;
38;0;96;1:23.180;0;;18.448;0;32.218;0;32.514;0;173.2;2:15:26.391;14:08;0:18.448;0:32.218;0:32.514;229.8;Simon Dolan;;
38;0;97;1:23.828;0;;18.259;0;33.035;0;32.534;0;171.9;2:16:50.219;14:10;0:18.259;0:33.035;0:32.534;228.3;Simon Dolan;;
38;0;98;1:22.691;0;;18.368;0;31.920;0;32.403;0;174.3;2:18:12.910;14:11;0:18.368;0:31.920;0:32.403;230.3;Simon Dolan;;
38;0;99;1:22.846;0;;18.378;0;31.880;0;32.588;0;173.9;2:19:35.756;14:12;0:18.378;0:31.880;0:32.588;230.8;Simon Dolan;;
38;0;100;1:23.495;0;;18.253;0;32.359;0;32.883;0;172.6;2:20:59.251;14:14;0:18.253;0:32.359;0:32.883;230.3;Simon Dolan;;
38;0;101;1:22.913;0;;18.298;0;31.999;0;32.616;0;173.8;2:22:22.164;14:15;0:18.298;0:31.999;0:32.616;232.3;Simon Dolan;;
38;0;102;1:23.672;0;;18.500;0;32.295;0;32.877;0;172.2;2:23:45.836;14:17;0:18.500;0:32.295;0:32.877;229.8;Simon Dolan;;
38;0;103;1:28.793;0;B;18.361;0;32.076;0;38.356;0;162.3;2:25:14.629;14:18;0:18.361;0:32.076;0:38.356;230.3;Simon Dolan;;
38;0;104;2:15.066;0;;1:07.703;0;33.982;0;33.381;0;106.7;2:27:29.695;14:20;1:07.703;0:33.982;0:33.381;228.8;Simon Dolan;0:00:54;
38;0;105;1:26.021;0;;18.513;0;34.290;0;33.218;0;167.5;2:28:55.716;14:22;0:18.513;0:34.290;0:33.218;216.0;Simon Dolan;;
38;0;106;1:24.456;0;;18.539;0;32.743;0;33.174;0;170.6;2:30:20.172;14:23;0:18.539;0:32.743;0:33.174;228.8;Simon Dolan;;
38;0;107;1:24.018;0;;18.482;0;32.288;0;33.248;0;171.5;2:31:44.190;14:25;0:18.482;0:32.288;0:33.248;228.8;Simon Dolan;;
38;0;108;1:23.999;0;;18.496;0;32.411;0;33.092;0;171.6;2:33:08.189;14:26;0:18.496;0:32.411;0:33.092;229.8;Simon Dolan;;
38;0;109;1:23.570;0;;18.384;0;32.329;0;32.857;0;172.4;2:34:31.759;14:27;0:18.384;0:32.329;0:32.857;229.8;Simon Dolan;;
38;0;110;1:23.387;0;;18.346;0;31.845;0;33.196;0;172.8;2:35:55.146;14:29;0:18.346;0:31.845;0:33.196;230.3;Simon Dolan;;
38;0;111;1:24.798;0;;18.738;0;32.924;0;33.136;0;169.9;2:37:19.944;14:30;0:18.738;0:32.924;0:33.136;228.8;Simon Dolan;;
38;0;112;1:23.463;0;;18.551;0;32.158;0;32.754;0;172.7;2:38:43.407;14:32;0:18.551;0:32.158;0:32.754;229.3;Simon Dolan;;
38;0;113;1:23.777;0;;18.209;0;32.848;0;32.720;0;172.0;2:40:07.184;14:33;0:18.209;0:32.848;0:32.720;227.4;Simon Dolan;;
38;0;114;1:23.448;0;;18.251;0;32.342;0;32.855;0;172.7;2:41:30.632;14:34;0:18.251;0:32.342;0:32.855;229.8;Simon Dolan;;
38;0;115;1:23.420;0;;18.357;0;32.238;0;32.825;0;172.7;2:42:54.052;14:36;0:18.357;0:32.238;0:32.825;229.8;Simon Dolan;;
38;0;116;1:24.189;0;;18.568;0;32.471;0;33.150;0;171.2;2:44:18.241;14:37;0:18.568;0:32.471;0:33.150;230.3;Simon Dolan;;
38;0;117;1:24.021;0;;18.424;0;32.677;0;32.920;0;171.5;2:45:42.262;14:39;0:18.424;0:32.677;0:32.920;230.3;Simon Dolan;;
38;0;118;1:23.458;0;;18.158;0;32.323;0;32.977;0;172.7;2:47:05.720;14:40;0:18.158;0:32.323;0:32.977;230.8;Simon Dolan;;
38;0;119;1:24.278;0;;18.639;0;32.656;0;32.983;0;171.0;2:48:29.998;14:41;0:18.639;0:32.656;0:32.983;229.8;Simon Dolan;;
38;0;120;1:23.661;0;;18.377;0;32.329;0;32.955;0;172.3;2:49:53.659;14:43;0:18.377;0:32.329;0:32.955;230.8;Simon Dolan;;
38;0;121;1:23.519;0;;18.395;0;32.238;0;32.886;0;172.5;2:51:17.178;14:44;0:18.395;0:32.238;0:32.886;229.8;Simon Dolan;;
38;0;122;1:23.685;0;;18.392;0;32.265;0;33.028;0;172.2;2:52:40.863;14:46;0:18.392;0:32.265;0:33.028;232.8;Simon Dolan;;
38;0;123;1:23.963;0;;18.257;0;32.288;0;33.418;0;171.6;2:54:04.826;14:47;0:18.257;0:32.288;0:33.418;230.3;Simon Dolan;;
38;0;124;1:23.547;0;;18.499;0;32.272;0;32.776;0;172.5;2:55:28.373;14:48;0:18.499;0:32.272;0:32.776;228.8;Simon Dolan;;
38;0;125;1:22.871;0;;18.320;0;32.081;0;32.470;0;173.9;2:56:51.244;14:50;0:18.320;0:32.081;0:32.470;229.3;Simon Dolan;;
38;0;126;1:23.523;0;;18.259;0;32.723;0;32.541;0;172.5;2:58:14.767;14:51;0:18.259;0:32.723;0:32.541;228.8;Simon Dolan;;
38;0;127;1:23.117;0;;18.289;0;32.258;0;32.570;0;173.4;2:59:37.884;14:53;0:18.289;0:32.258;0:32.570;229.8;Simon Dolan;;
40;0;1;1:37.150;0;;23.497;0;36.930;0;36.723;0;148.3;1:37.150;11:55;0:23.497;0:36.930;0:36.723;221.3;Thomas Dagoneau;;
40;0;2;1:33.429;0;;20.047;0;36.079;0;37.303;0;154.2;3:10.579;11:56;0:20.047;0:36.079;0:37.303;222.7;Thomas Dagoneau;;
40;0;3;1:33.256;0;;20.565;0;35.806;0;36.885;0;154.5;4:43.835;11:58;0:20.565;0:35.806;0:36.885;225.9;Thomas Dagoneau;;
40;0;4;1:31.639;0;;20.181;0;35.840;0;35.618;0;157.3;6:15.474;11:59;0:20.181;0:35.840;0:35.618;226.4;Thomas Dagoneau;;
40;0;5;1:32.255;0;;19.947;0;35.915;0;36.393;0;156.2;7:47.729;12:01;0:19.947;0:35.915;0:36.393;225.0;Thomas Dagoneau;;
40;0;6;1:32.090;0;;19.636;0;36.381;0;36.073;0;156.5;9:19.819;12:02;0:19.636;0:36.381;0:36.073;221.3;Thomas Dagoneau;;
40;0;7;1:30.774;0;;19.529;0;35.421;0;35.824;0;158.8;10:50.593;12:04;0:19.529;0:35.421;0:35.824;224.1;Thomas Dagoneau;;
40;0;8;1:30.785;0;;19.347;0;35.435;0;36.003;0;158.7;12:21.378;12:05;0:19.347;0:35.435;0:36.003;224.1;Thomas Dagoneau;;
40;0;9;1:30.470;0;;19.468;0;35.048;0;35.954;0;159.3;13:51.848;12:07;0:19.468;0:35.048;0:35.954;225.9;Thomas Dagoneau;;
40;0;10;1:30.857;0;;19.635;0;35.825;0;35.397;0;158.6;15:22.705;12:08;0:19.635;0:35.825;0:35.397;225.9;Thomas Dagoneau;;
40;0;11;1:29.844;0;;19.440;0;34.810;0;35.594;0;160.4;16:52.549;12:10;0:19.440;0:34.810;0:35.594;225.5;Thomas Dagoneau;;
40;0;12;1:31.145;0;;20.275;0;35.503;0;35.367;0;158.1;18:23.694;12:11;0:20.275;0:35.503;0:35.367;223.6;Thomas Dagoneau;;
40;0;13;1:30.221;0;;19.413;0;35.703;0;35.105;0;159.7;19:53.915;12:13;0:19.413;0:35.703;0:35.105;225.9;Thomas Dagoneau;;
40;0;14;1:31.273;0;;19.665;0;35.231;0;36.377;0;157.9;21:25.188;12:14;0:19.665;0:35.231;0:36.377;225.0;Thomas Dagoneau;;
40;0;15;1:30.868;0;;19.475;0;35.403;0;35.990;0;158.6;22:56.056;12:16;0:19.475;0:35.403;0:35.990;223.6;Thomas Dagoneau;;
40;0;16;1:30.458;0;;19.495;0;35.300;0;35.663;0;159.3;24:26.514;12:17;0:19.495;0:35.300;0:35.663;224.5;Thomas Dagoneau;;
40;0;17;1:30.132;0;;19.447;0;35.084;0;35.601;0;159.9;25:56.646;12:19;0:19.447;0:35.084;0:35.601;224.5;Thomas Dagoneau;;
40;0;18;1:31.393;0;;19.592;0;35.943;0;35.858;0;157.7;27:28.039;12:20;0:19.592;0:35.943;0:35.858;225.9;Thomas Dagoneau;;
40;0;19;1:30.050;0;;19.548;0;35.140;0;35.362;0;160.0;28:58.089;12:22;0:19.548;0:35.140;0:35.362;224.5;Thomas Dagoneau;;
40;0;20;1:31.530;0;;19.478;0;35.448;0;36.604;0;157.4;30:29.619;12:23;0:19.478;0:35.448;0:36.604;223.1;Thomas Dagoneau;;
40;0;21;1:30.448;0;;19.669;0;35.294;0;35.485;0;159.3;32:00.067;12:25;0:19.669;0:35.294;0:35.485;224.5;Thomas Dagoneau;;
40;0;22;1:30.159;0;;19.377;0;35.497;0;35.285;0;159.8;33:30.226;12:26;0:19.377;0:35.497;0:35.285;223.1;Thomas Dagoneau;;
40;0;23;1:31.743;0;;19.686;0;35.565;0;36.492;0;157.1;35:01.969;12:28;0:19.686;0:35.565;0:36.492;220.4;Thomas Dagoneau;;
40;0;24;1:31.057;0;;19.884;0;35.664;0;35.509;0;158.3;36:33.026;12:29;0:19.884;0:35.664;0:35.509;222.7;Thomas Dagoneau;;
40;0;25;1:30.614;0;;19.397;0;35.195;0;36.022;0;159.0;38:03.640;12:31;0:19.397;0:35.195;0:36.022;223.1;Thomas Dagoneau;;
40;0;26;1:30.621;0;;19.794;0;35.625;0;35.202;0;159.0;39:34.261;12:32;0:19.794;0:35.625;0:35.202;223.6;Thomas Dagoneau;;
40;0;27;1:29.856;0;;19.709;0;34.832;0;35.315;0;160.4;41:04.117;12:34;0:19.709;0:34.832;0:35.315;224.1;Thomas Dagoneau;;
40;0;28;1:30.044;0;;19.442;0;35.051;0;35.551;0;160.0;42:34.161;12:35;0:19.442;0:35.051;0:35.551;224.5;Thomas Dagoneau;;
40;0;29;1:29.559;0;;19.344;0;34.994;0;35.221;0;160.9;44:03.720;12:37;0:19.344;0:34.994;0:35.221;224.5;Thomas Dagoneau;;
40;0;30;1:30.407;0;;19.679;0;35.654;0;35.074;0;159.4;45:34.127;12:38;0:19.679;0:35.654;0:35.074;225.9;Thomas Dagoneau;;
40;0;31;1:31.437;0;;20.442;0;36.022;0;34.973;0;157.6;47:05.564;12:40;0:20.442;0:36.022;0:34.973;221.8;Thomas Dagoneau;;
40;0;32;1:29.473;0;;19.273;0;35.056;0;35.144;0;161.1;48:35.037;12:41;0:19.273;0:35.056;0:35.144;224.5;Thomas Dagoneau;;
40;0;33;1:28.753;0;;19.293;0;34.483;0;34.977;0;162.4;50:03.790;12:43;0:19.293;0:34.483;0:34.977;225.9;Thomas Dagoneau;;
40;0;34;1:28.640;0;;19.297;0;34.739;0;34.604;0;162.6;51:32.430;12:44;0:19.297;0:34.739;0:34.604;226.9;Thomas Dagoneau;;
40;0;35;1:30.366;0;;19.356;0;35.873;0;35.137;0;159.5;53:02.796;12:46;0:19.356;0:35.873;0:35.137;223.6;Thomas Dagoneau;;
40;0;36;1:36.356;0;B;19.588;0;35.416;0;41.352;0;149.6;54:39.152;12:48;0:19.588;0:35.416;0:41.352;217.3;Thomas Dagoneau;;
40;0;37;2:36.130;0;;1:23.625;0;36.935;0;35.570;0;92.3;57:15.282;12:50;1:23.625;0:36.935;0:35.570;220.0;Thomas Dagoneau;0:01:06;
40;0;38;1:29.542;0;;19.543;0;34.669;0;35.330;0;160.9;58:44.824;12:52;0:19.543;0:34.669;0:35.330;224.5;Thomas Dagoneau;;
40;0;39;1:29.229;0;;19.803;0;34.694;0;34.732;0;161.5;1:00:14.053;12:53;0:19.803;0:34.694;0:34.732;224.5;Thomas Dagoneau;;
40;0;40;1:29.109;0;;19.427;0;34.668;0;35.014;0;161.7;1:01:43.162;12:55;0:19.427;0:34.668;0:35.014;224.5;Thomas Dagoneau;;
40;0;41;1:30.376;0;;19.272;0;35.816;0;35.288;0;159.5;1:03:13.538;12:56;0:19.272;0:35.816;0:35.288;222.2;Thomas Dagoneau;;
40;0;42;1:28.250;0;;19.282;0;34.361;2;34.607;0;163.3;1:04:41.788;12:58;0:19.282;0:34.361;0:34.607;225.5;Thomas Dagoneau;;
40;0;43;1:29.660;0;;19.278;0;35.502;0;34.880;0;160.7;1:06:11.448;12:59;0:19.278;0:35.502;0:34.880;222.7;Thomas Dagoneau;;
40;0;44;1:28.848;0;;19.276;0;34.549;0;35.023;0;162.2;1:07:40.296;13:01;0:19.276;0:34.549;0:35.023;224.5;Thomas Dagoneau;;
40;0;45;1:29.394;0;;19.283;0;34.658;0;35.453;0;161.2;1:09:09.690;13:02;0:19.283;0:34.658;0:35.453;224.5;Thomas Dagoneau;;
40;0;46;1:29.131;0;;19.186;0;34.735;0;35.210;0;161.7;1:10:38.821;13:04;0:19.186;0:34.735;0:35.210;224.5;Thomas Dagoneau;;
40;0;47;1:28.984;0;;19.710;0;34.681;0;34.593;0;161.9;1:12:07.805;13:05;0:19.710;0:34.681;0:34.593;225.9;Thomas Dagoneau;;
40;0;48;1:29.382;0;;19.187;0;34.760;0;35.435;0;161.2;1:13:37.187;13:07;0:19.187;0:34.760;0:35.435;225.0;Thomas Dagoneau;;
40;0;49;1:29.124;0;;19.437;0;34.758;0;34.929;0;161.7;1:15:06.311;13:08;0:19.437;0:34.758;0:34.929;224.5;Thomas Dagoneau;;
40;0;50;1:28.874;0;;19.215;0;34.656;0;35.003;0;162.1;1:16:35.185;13:09;0:19.215;0:34.656;0:35.003;224.1;Thomas Dagoneau;;
40;0;51;1:28.849;0;;19.384;0;34.455;0;35.010;0;162.2;1:18:04.034;13:11;0:19.384;0:34.455;0:35.010;225.5;Thomas Dagoneau;;
40;0;52;1:28.608;0;;19.152;0;34.479;0;34.977;0;162.6;1:19:32.642;13:12;0:19.152;0:34.479;0:34.977;225.5;Thomas Dagoneau;;
40;0;53;1:29.857;0;;19.279;0;35.725;0;34.853;0;160.4;1:21:02.499;13:14;0:19.279;0:35.725;0:34.853;225.0;Thomas Dagoneau;;
40;0;54;1:28.938;0;;19.143;0;34.588;0;35.207;0;162.0;1:22:31.437;13:15;0:19.143;0:34.588;0:35.207;226.4;Thomas Dagoneau;;
40;0;55;1:32.028;0;;20.486;0;36.334;0;35.208;0;156.6;1:24:03.465;13:17;0:20.486;0:36.334;0:35.208;226.4;Thomas Dagoneau;;
40;0;56;1:29.111;0;;19.262;0;34.720;0;35.129;0;161.7;1:25:32.576;13:18;0:19.262;0:34.720;0:35.129;224.5;Thomas Dagoneau;;
40;0;57;1:29.791;0;;19.644;0;34.917;0;35.230;0;160.5;1:27:02.367;13:20;0:19.644;0:34.917;0:35.230;224.5;Thomas Dagoneau;;
40;0;58;1:28.339;0;;19.190;0;34.480;0;34.669;0;163.1;1:28:30.706;13:21;0:19.190;0:34.480;0:34.669;224.5;Thomas Dagoneau;;
40;0;59;1:28.753;0;;19.163;0;34.406;0;35.184;0;162.4;1:29:59.459;13:23;0:19.163;0:34.406;0:35.184;224.1;Thomas Dagoneau;;
40;0;60;1:30.250;0;;19.316;0;35.817;0;35.117;0;159.7;1:31:29.709;13:24;0:19.316;0:35.817;0:35.117;225.0;Thomas Dagoneau;;
40;0;61;1:29.001;0;;19.478;0;34.419;0;35.104;0;161.9;1:32:58.710;13:26;0:19.478;0:34.419;0:35.104;223.1;Thomas Dagoneau;;
40;0;62;1:29.886;0;;19.226;0;34.681;0;35.979;0;160.3;1:34:28.596;13:27;0:19.226;0:34.681;0:35.979;216.0;Thomas Dagoneau;;
40;0;63;1:28.191;0;;19.039;2;34.509;0;34.643;0;163.4;1:35:56.787;13:29;0:19.039;0:34.509;0:34.643;225.9;Thomas Dagoneau;;
40;0;64;1:29.088;0;;19.271;0;34.764;0;35.053;0;161.8;1:37:25.875;13:30;0:19.271;0:34.764;0:35.053;225.5;Thomas Dagoneau;;
40;0;65;1:28.437;0;;19.196;0;34.467;0;34.774;0;162.9;1:38:54.312;13:32;0:19.196;0:34.467;0:34.774;225.0;Thomas Dagoneau;;
40;0;66;1:28.663;0;;19.198;0;34.754;0;34.711;0;162.5;1:40:22.975;13:33;0:19.198;0:34.754;0:34.711;224.5;Thomas Dagoneau;;
40;0;67;1:28.903;0;;19.239;0;35.194;0;34.470;0;162.1;1:41:51.878;13:35;0:19.239;0:35.194;0:34.470;225.0;Thomas Dagoneau;;
40;0;68;1:28.033;2;;19.190;0;34.392;0;34.451;0;163.7;1:43:19.911;13:36;0:19.190;0:34.392;0:34.451;224.5;Thomas Dagoneau;;
40;0;69;1:28.856;0;;19.142;0;34.869;0;34.845;0;162.2;1:44:48.767;13:38;0:19.142;0:34.869;0:34.845;224.5;Thomas Dagoneau;;
40;0;70;1:28.142;0;;19.146;0;34.629;0;34.367;2;163.5;1:46:16.909;13:39;0:19.146;0:34.629;0:34.367;224.5;Thomas Dagoneau;;
40;0;71;1:29.739;0;;19.144;0;35.317;0;35.278;0;160.6;1:47:46.648;13:41;0:19.144;0:35.317;0:35.278;223.1;Thomas Dagoneau;;
40;0;72;1:28.196;0;;19.240;0;34.438;0;34.518;0;163.4;1:49:14.844;13:42;0:19.240;0:34.438;0:34.518;225.0;Thomas Dagoneau;;
40;0;73;1:44.849;0;;19.779;0;35.017;0;50.053;0;137.4;1:50:59.693;13:44;0:19.779;0:35.017;0:50.053;225.5;Thomas Dagoneau;;
40;0;74;1:37.786;0;;23.477;0;37.713;0;36.596;0;147.4;1:52:37.479;13:46;0:23.477;0:37.713;0:36.596;222.7;Thomas Dagoneau;;
40;0;75;1:31.021;0;;19.659;0;35.448;0;35.914;0;158.3;1:54:08.500;13:47;0:19.659;0:35.448;0:35.914;225.0;Thomas Dagoneau;;
40;0;76;1:38.310;0;B;19.748;0;35.794;0;42.768;0;146.6;1:55:46.810;13:49;0:19.748;0:35.794;0:42.768;224.1;Thomas Dagoneau;;
40;2;77;3:42.521;0;;2:25.485;0;39.467;0;37.569;0;64.8;1:59:29.331;13:52;2:25.485;0:39.467;0:37.569;218.2;John Hartshorne;0:02:08;
40;2;78;1:37.674;0;;20.965;0;38.819;0;37.890;0;147.5;2:01:07.005;13:54;0:20.965;0:38.819;0:37.890;218.2;John Hartshorne;;
40;2;79;1:37.562;0;;21.313;0;38.716;0;37.533;0;147.7;2:02:44.567;13:56;0:21.313;0:38.716;0:37.533;219.5;John Hartshorne;;
40;2;80;1:38.471;0;;21.060;0;38.909;0;38.502;0;146.3;2:04:23.038;13:57;0:21.060;0:38.909;0:38.502;220.0;John Hartshorne;;
40;2;81;1:36.847;0;;21.021;0;37.939;0;37.887;0;148.8;2:05:59.885;13:59;0:21.021;0:37.939;0:37.887;219.1;John Hartshorne;;
40;2;82;1:36.980;0;;20.912;0;38.231;0;37.837;0;148.6;2:07:36.865;14:01;0:20.912;0:38.231;0:37.837;219.1;John Hartshorne;;
40;2;83;1:37.344;0;;20.935;0;38.096;0;38.313;0;148.0;2:09:14.209;14:02;0:20.935;0:38.096;0:38.313;219.1;John Hartshorne;;
40;2;84;1:37.418;0;;20.584;0;37.863;0;38.971;0;147.9;2:10:51.627;14:04;0:20.584;0:37.863;0:38.971;220.9;John Hartshorne;;
40;2;85;1:37.000;0;;20.724;0;38.765;0;37.511;0;148.6;2:12:28.627;14:05;0:20.724;0:38.765;0:37.511;220.9;John Hartshorne;;
40;2;86;1:35.579;0;;20.680;0;37.447;0;37.452;0;150.8;2:14:04.206;14:07;0:20.680;0:37.447;0:37.452;220.9;John Hartshorne;;
40;2;87;1:35.194;0;;20.536;0;37.171;0;37.487;0;151.4;2:15:39.400;14:09;0:20.536;0:37.171;0:37.487;221.3;John Hartshorne;;
40;2;88;1:35.994;0;;20.340;0;37.308;0;38.346;0;150.1;2:17:15.394;14:10;0:20.340;0:37.308;0:38.346;220.9;John Hartshorne;;
40;2;89;1:34.484;0;;20.661;0;37.107;0;36.716;0;152.5;2:18:49.878;14:12;0:20.661;0:37.107;0:36.716;221.8;John Hartshorne;;
40;2;90;1:33.764;0;;20.203;0;36.686;0;36.875;0;153.7;2:20:23.642;14:13;0:20.203;0:36.686;0:36.875;223.6;John Hartshorne;;
40;2;91;1:34.758;0;;20.254;0;37.844;0;36.660;0;152.1;2:21:58.400;14:15;0:20.254;0:37.844;0:36.660;223.6;John Hartshorne;;
40;2;92;1:33.435;0;;20.141;0;36.810;0;36.484;0;154.2;2:23:31.835;14:16;0:20.141;0:36.810;0:36.484;223.1;John Hartshorne;;
40;2;93;1:33.527;0;;20.188;0;37.034;0;36.305;0;154.1;2:25:05.362;14:18;0:20.188;0:37.034;0:36.305;223.6;John Hartshorne;;
40;2;94;1:32.762;0;;20.030;0;36.332;0;36.400;0;155.4;2:26:38.124;14:20;0:20.030;0:36.332;0:36.400;222.2;John Hartshorne;;
40;2;95;1:32.354;0;;19.865;0;36.292;0;36.197;0;156.0;2:28:10.478;14:21;0:19.865;0:36.292;0:36.197;223.1;John Hartshorne;;
40;2;96;1:33.484;0;;20.553;0;36.464;0;36.467;0;154.2;2:29:43.962;14:23;0:20.553;0:36.464;0:36.467;220.9;John Hartshorne;;
40;2;97;1:32.475;0;;20.008;0;36.252;0;36.215;0;155.8;2:31:16.437;14:24;0:20.008;0:36.252;0:36.215;222.7;John Hartshorne;;
40;2;98;1:32.798;0;;19.993;0;36.414;0;36.391;0;155.3;2:32:49.235;14:26;0:19.993;0:36.414;0:36.391;222.7;John Hartshorne;;
40;2;99;1:32.136;0;;20.147;0;35.748;0;36.241;0;156.4;2:34:21.371;14:27;0:20.147;0:35.748;0:36.241;223.1;John Hartshorne;;
40;2;100;1:31.437;0;;19.748;0;35.638;0;36.051;0;157.6;2:35:52.808;14:29;0:19.748;0:35.638;0:36.051;223.6;John Hartshorne;;
40;2;101;1:31.096;0;;19.653;0;35.645;0;35.798;0;158.2;2:37:23.904;14:30;0:19.653;0:35.645;0:35.798;223.1;John Hartshorne;;
40;2;102;1:32.155;0;;19.819;0;36.252;0;36.084;0;156.4;2:38:56.059;14:32;0:19.819;0:36.252;0:36.084;223.6;John Hartshorne;;
40;2;103;1:32.202;0;;19.620;0;35.477;0;37.105;0;156.3;2:40:28.261;14:33;0:19.620;0:35.477;0:37.105;222.7;John Hartshorne;;
40;2;104;1:32.796;0;;20.368;0;36.161;0;36.267;0;155.3;2:42:01.057;14:35;0:20.368;0:36.161;0:36.267;223.1;John Hartshorne;;
40;2;105;1:31.474;0;;19.820;0;35.610;0;36.044;0;157.5;2:43:32.531;14:36;0:19.820;0:35.610;0:36.044;223.6;John Hartshorne;;
40;2;106;1:31.609;0;;19.785;0;35.810;0;36.014;0;157.3;2:45:04.140;14:38;0:19.785;0:35.810;0:36.014;224.1;John Hartshorne;;
40;2;107;1:31.277;0;;19.809;0;35.488;0;35.980;0;157.9;2:46:35.417;14:39;0:19.809;0:35.488;0:35.980;223.6;John Hartshorne;;
40;2;108;1:33.211;0;;20.143;0;36.958;0;36.110;0;154.6;2:48:08.628;14:41;0:20.143;0:36.958;0:36.110;222.7;John Hartshorne;;
40;2;109;1:32.203;0;;19.870;0;35.941;0;36.392;0;156.3;2:49:40.831;14:43;0:19.870;0:35.941;0:36.392;222.7;John Hartshorne;;
40;2;110;1:30.990;0;;19.540;0;35.491;0;35.959;0;158.4;2:51:11.821;14:44;0:19.540;0:35.491;0:35.959;224.1;John Hartshorne;;
40;2;111;1:32.225;0;;20.174;0;35.689;0;36.362;0;156.3;2:52:44.046;14:46;0:20.174;0:35.689;0:36.362;223.1;John Hartshorne;;
40;2;112;1:31.602;0;;19.698;0;35.849;0;36.055;0;157.3;2:54:15.648;14:47;0:19.698;0:35.849;0:36.055;223.1;John Hartshorne;;
40;2;113;1:31.057;0;;19.697;0;35.420;0;35.940;0;158.3;2:55:46.705;14:49;0:19.697;0:35.420;0:35.940;223.6;John Hartshorne;;
40;2;114;1:32.164;0;;19.743;0;36.388;0;36.033;0;156.4;2:57:18.869;14:50;0:19.743;0:36.388;0:36.033;221.3;John Hartshorne;;
40;2;115;1:31.925;0;;19.886;0;35.735;0;36.304;0;156.8;2:58:50.794;14:52;0:19.886;0:35.735;0:36.304;223.1;John Hartshorne;;
40;2;116;1:31.677;0;;20.171;0;35.382;0;36.124;0;157.2;3:00:22.471;14:53;0:20.171;0:35.382;0:36.124;224.1;John Hartshorne;;
40;2;117;1:33.507;0;;20.111;0;36.790;0;36.606;0;154.1;3:01:55.978;14:55;0:20.111;0:36.790;0:36.606;222.7;John Hartshorne;;
40;2;118;1:33.467;0;;20.671;0;36.776;0;36.020;0;154.2;3:03:29.445;14:56;0:20.671;0:36.776;0:36.020;223.6;John Hartshorne;;
40;2;119;1:48.964;0;B;22.173;0;44.249;0;42.542;0;132.3;3:05:18.409;14:58;0:22.173;0:44.249;0:42.542;197.8;John Hartshorne;;
40;2;120;2:40.796;0;;1:24.289;0;39.182;0;37.325;0;89.6;3:07:59.205;15:01;1:24.289;0:39.182;0:37.325;216.0;John Hartshorne;0:01:06;
40;2;121;1:37.783;0;;20.518;0;38.721;0;38.544;0;147.4;3:09:36.988;15:03;0:20.518;0:38.721;0:38.544;208.1;John Hartshorne;;
40;2;122;1:41.396;0;;21.550;0;41.587;0;38.259;0;142.1;3:11:18.384;15:04;0:21.550;0:41.587;0:38.259;213.9;John Hartshorne;;
40;2;123;1:55.439;0;;26.626;0;44.026;0;44.787;0;124.8;3:13:13.823;15:06;0:26.626;0:44.026;0:44.787;147.5;John Hartshorne;;
40;2;124;1:58.592;0;;27.057;0;47.085;0;44.450;0;121.5;3:15:12.415;15:08;0:27.057;0:47.085;0:44.450;134.0;John Hartshorne;;
40;2;125;2:02.529;0;;26.775;0;48.605;0;47.149;0;117.6;3:17:14.944;15:10;0:26.775;0:48.605;0:47.149;132.0;John Hartshorne;;
40;2;126;1:55.753;0;;27.662;0;46.296;0;41.795;0;124.5;3:19:10.697;15:12;0:27.662;0:46.296;0:41.795;139.2;John Hartshorne;;
40;2;127;1:35.584;0;;21.062;0;37.321;0;37.201;0;150.8;3:20:46.281;15:14;0:21.062;0:37.321;0:37.201;221.8;John Hartshorne;;
40;2;128;1:33.620;0;;21.203;0;36.302;0;36.115;0;153.9;3:22:19.901;15:15;0:21.203;0:36.302;0:36.115;223.1;John Hartshorne;;
40;2;129;1:32.618;0;;19.955;0;36.020;0;36.643;0;155.6;3:23:52.519;15:17;0:19.955;0:36.020;0:36.643;224.5;John Hartshorne;;
40;2;130;1:31.701;0;;19.780;0;35.960;0;35.961;0;157.1;3:25:24.220;15:18;0:19.780;0:35.960;0:35.961;223.6;John Hartshorne;;
40;2;131;1:31.585;0;;19.706;0;35.759;0;36.120;0;157.3;3:26:55.805;15:20;0:19.706;0:35.759;0:36.120;222.2;John Hartshorne;;
40;2;132;1:30.839;0;;19.642;0;35.353;0;35.844;0;158.6;3:28:26.644;15:21;0:19.642;0:35.353;0:35.844;222.7;John Hartshorne;;
40;2;133;1:31.301;0;;19.737;0;35.548;0;36.016;0;157.8;3:29:57.945;15:23;0:19.737;0:35.548;0:36.016;223.6;John Hartshorne;;
40;2;134;1:31.627;0;;19.746;0;35.628;0;36.253;0;157.3;3:31:29.572;15:24;0:19.746;0:35.628;0:36.253;220.4;John Hartshorne;;
40;2;135;1:31.464;0;;19.761;0;36.121;0;35.582;0;157.6;3:33:01.036;15:26;0:19.761;0:36.121;0:35.582;222.7;John Hartshorne;;
40;2;136;1:33.549;0;;19.802;0;37.872;0;35.875;0;154.0;3:34:34.585;15:27;0:19.802;0:37.872;0:35.875;221.3;John Hartshorne;;
40;2;137;1:31.228;0;;19.861;0;35.654;0;35.713;0;158.0;3:36:05.813;15:29;0:19.861;0:35.654;0:35.713;222.2;John Hartshorne;;
40;2;138;1:31.997;0;;19.637;0;36.543;0;35.817;0;156.6;3:37:37.810;15:31;0:19.637;0:36.543;0:35.817;222.2;John Hartshorne;;
40;2;139;1:30.799;0;;19.670;0;35.339;0;35.790;0;158.7;3:39:08.609;15:32;0:19.670;0:35.339;0:35.790;223.1;John Hartshorne;;
40;2;140;1:30.672;0;;19.536;0;35.431;0;35.705;0;158.9;3:40:39.281;15:34;0:19.536;0:35.431;0:35.705;223.6;John Hartshorne;;
40;2;141;1:30.192;0;;19.643;0;35.204;0;35.345;0;159.8;3:42:09.473;15:35;0:19.643;0:35.204;0:35.345;223.1;John Hartshorne;;
40;2;142;1:30.627;0;;19.472;0;35.483;0;35.672;0;159.0;3:43:40.100;15:37;0:19.472;0:35.483;0:35.672;222.7;John Hartshorne;;
40;2;143;1:30.125;0;;19.526;0;35.290;0;35.309;0;159.9;3:45:10.225;15:38;0:19.526;0:35.290;0:35.309;222.2;John Hartshorne;;
40;2;144;1:30.222;0;;19.444;0;35.362;0;35.416;0;159.7;3:46:40.447;15:40;0:19.444;0:35.362;0:35.416;224.1;John Hartshorne;;
40;2;145;1:29.764;0;;19.577;0;34.944;1;35.243;1;160.5;3:48:10.211;15:41;0:19.577;0:34.944;0:35.243;224.1;John Hartshorne;;
40;2;146;1:34.530;0;;19.784;0;35.723;0;39.023;0;152.4;3:49:44.741;15:43;0:19.784;0:35.723;0:39.023;224.1;John Hartshorne;;
40;2;147;2:41.221;0;;20.375;0;35.937;0;1:44.909;0;89.4;3:52:25.962;15:45;0:20.375;0:35.937;1:44.909;225.0;John Hartshorne;;
40;2;148;1:40.489;0;;25.495;0;38.353;0;36.641;0;143.4;3:54:06.451;15:47;0:25.495;0:38.353;0:36.641;221.8;John Hartshorne;;
40;2;149;1:31.784;0;;19.929;0;35.745;0;36.110;0;157.0;3:55:38.235;15:49;0:19.929;0:35.745;0:36.110;223.6;John Hartshorne;;
40;2;150;1:31.224;0;;19.594;0;35.664;0;35.966;0;158.0;3:57:09.459;15:50;0:19.594;0:35.664;0:35.966;222.7;John Hartshorne;;
40;2;151;1:31.732;0;;19.692;0;36.211;0;35.829;0;157.1;3:58:41.191;15:52;0:19.692;0:36.211;0:35.829;222.7;John Hartshorne;;
40;2;152;1:30.751;0;;19.557;0;35.374;0;35.820;0;158.8;4:00:11.942;15:53;0:19.557;0:35.374;0:35.820;223.1;John Hartshorne;;
40;2;153;1:31.032;0;;19.671;0;35.648;0;35.713;0;158.3;4:01:42.974;15:55;0:19.671;0:35.648;0:35.713;225.5;John Hartshorne;;
40;2;154;1:31.216;0;;20.001;0;35.314;0;35.901;0;158.0;4:03:14.190;15:56;0:20.001;0:35.314;0:35.901;224.5;John Hartshorne;;
40;2;155;1:31.002;0;;19.429;1;35.212;0;36.361;0;158.4;4:04:45.192;15:58;0:19.429;0:35.212;0:36.361;225.5;John Hartshorne;;
40;2;156;1:31.826;0;;19.971;0;35.985;0;35.870;0;156.9;4:06:17.018;15:59;0:19.971;0:35.985;0:35.870;225.0;John Hartshorne;;
40;2;157;1:31.024;0;;19.858;0;35.603;0;35.563;0;158.3;4:07:48.042;16:01;0:19.858;0:35.603;0:35.563;224.1;John Hartshorne;;
40;2;158;1:30.569;0;;19.716;0;35.453;0;35.400;0;159.1;4:09:18.611;16:02;0:19.716;0:35.453;0:35.400;223.6;John Hartshorne;;
40;2;159;1:30.681;0;;19.559;0;35.595;0;35.527;0;158.9;4:10:49.292;16:04;0:19.559;0:35.595;0:35.527;223.1;John Hartshorne;;
40;2;160;1:30.510;0;;19.471;0;35.293;0;35.746;0;159.2;4:12:19.802;16:05;0:19.471;0:35.293;0:35.746;223.6;John Hartshorne;;
40;2;161;1:35.972;0;B;19.892;0;35.822;0;40.258;0;150.2;4:13:55.774;16:07;0:19.892;0:35.822;0:40.258;222.7;John Hartshorne;;
40;1;162;3:53.004;0;;2:23.860;0;46.580;0;42.564;0;61.8;4:17:48.778;16:11;2:23.860;0:46.580;0:42.564;208.5;Jean Charles Battut;0:02:04;
40;1;163;1:47.682;0;;23.333;0;43.495;0;40.854;0;133.8;4:19:36.460;16:12;0:23.333;0:43.495;0:40.854;214.7;Jean Charles Battut;;
40;1;164;1:48.577;0;;24.031;0;44.190;0;40.356;0;132.7;4:21:25.037;16:14;0:24.031;0:44.190;0:40.356;208.1;Jean Charles Battut;;
40;1;165;1:43.416;0;;22.101;0;41.670;0;39.645;0;139.3;4:23:08.453;16:16;0:22.101;0:41.670;0:39.645;213.0;Jean Charles Battut;;
40;1;166;1:41.624;0;;22.142;0;40.454;0;39.028;0;141.8;4:24:50.077;16:18;0:22.142;0:40.454;0:39.028;216.4;Jean Charles Battut;;
40;1;167;1:43.727;0;;22.509;0;41.463;0;39.755;0;138.9;4:26:33.804;16:19;0:22.509;0:41.463;0:39.755;213.9;Jean Charles Battut;;
40;1;168;1:45.231;0;;23.578;0;42.247;0;39.406;0;136.9;4:28:19.035;16:21;0:23.578;0:42.247;0:39.406;214.7;Jean Charles Battut;;
40;1;169;1:42.244;0;;22.039;0;40.691;0;39.514;0;140.9;4:30:01.279;16:23;0:22.039;0:40.691;0:39.514;216.9;Jean Charles Battut;;
40;1;170;1:43.060;0;;21.520;0;41.515;0;40.025;0;139.8;4:31:44.339;16:25;0:21.520;0:41.515;0:40.025;215.1;Jean Charles Battut;;
40;1;171;1:40.980;0;;22.224;0;40.314;0;38.442;0;142.7;4:33:25.319;16:26;0:22.224;0:40.314;0:38.442;216.9;Jean Charles Battut;;
40;1;172;1:43.188;0;;21.512;0;41.725;0;39.951;0;139.7;4:35:08.507;16:28;0:21.512;0:41.725;0:39.951;177.3;Jean Charles Battut;;
40;1;173;1:38.831;0;;21.897;0;39.062;0;37.872;0;145.8;4:36:47.338;16:30;0:21.897;0:39.062;0:37.872;217.3;Jean Charles Battut;;
40;1;174;1:38.929;0;;21.431;0;39.402;0;38.096;0;145.7;4:38:26.267;16:31;0:21.431;0:39.402;0:38.096;216.0;Jean Charles Battut;;
40;1;175;1:37.837;0;;21.052;0;38.681;0;38.104;0;147.3;4:40:04.104;16:33;0:21.052;0:38.681;0:38.104;216.9;Jean Charles Battut;;
40;1;176;1:38.428;0;;20.964;0;39.101;0;38.363;0;146.4;4:41:42.532;16:35;0:20.964;0:39.101;0:38.363;218.2;Jean Charles Battut;;
40;1;177;1:37.124;0;;20.948;0;38.390;0;37.786;0;148.4;4:43:19.656;16:36;0:20.948;0:38.390;0:37.786;216.4;Jean Charles Battut;;
40;1;178;1:38.285;0;;21.107;0;39.190;0;37.988;0;146.6;4:44:57.941;16:38;0:21.107;0:39.190;0:37.988;216.9;Jean Charles Battut;;
40;1;179;1:39.658;0;;21.622;0;39.734;0;38.302;0;144.6;4:46:37.599;16:40;0:21.622;0:39.734;0:38.302;215.6;Jean Charles Battut;;
40;1;180;1:37.484;0;;21.372;0;38.387;0;37.725;0;147.8;4:48:15.083;16:41;0:21.372;0:38.387;0:37.725;217.7;Jean Charles Battut;;
40;1;181;1:39.451;0;;21.137;0;41.060;0;37.254;0;144.9;4:49:54.534;16:43;0:21.137;0:41.060;0:37.254;220.0;Jean Charles Battut;;
40;1;182;1:39.370;0;;21.483;0;39.582;0;38.305;0;145.0;4:51:33.904;16:44;0:21.483;0:39.582;0:38.305;219.1;Jean Charles Battut;;
40;1;183;1:35.880;0;;20.516;0;38.109;0;37.255;0;150.3;4:53:09.784;16:46;0:20.516;0:38.109;0:37.255;221.3;Jean Charles Battut;;
40;1;184;1:35.931;0;;20.723;0;38.732;0;36.476;0;150.2;4:54:45.715;16:48;0:20.723;0:38.732;0:36.476;220.0;Jean Charles Battut;;
40;1;185;1:35.254;0;;20.663;0;37.603;0;36.988;0;151.3;4:56:20.969;16:49;0:20.663;0:37.603;0:36.988;218.6;Jean Charles Battut;;
40;1;186;1:35.641;0;;20.622;0;37.762;0;37.257;0;150.7;4:57:56.610;16:51;0:20.622;0:37.762;0:37.257;218.6;Jean Charles Battut;;
40;1;187;1:35.510;0;;20.541;0;37.456;0;37.513;0;150.9;4:59:32.120;16:52;0:20.541;0:37.456;0:37.513;217.7;Jean Charles Battut;;
40;1;188;1:36.219;0;;20.463;0;38.617;0;37.139;0;149.8;5:01:08.339;16:54;0:20.463;0:38.617;0:37.139;219.1;Jean Charles Battut;;
40;1;189;1:35.656;0;;20.790;0;37.580;0;37.286;0;150.7;5:02:43.995;16:56;0:20.790;0:37.580;0:37.286;221.3;Jean Charles Battut;;
40;1;190;1:35.585;0;;20.924;0;37.458;0;37.203;0;150.8;5:04:19.580;16:57;0:20.924;0:37.458;0:37.203;217.7;Jean Charles Battut;;
40;1;191;1:35.541;0;;20.600;0;37.588;0;37.353;0;150.8;5:05:55.121;16:59;0:20.600;0:37.588;0:37.353;220.4;Jean Charles Battut;;
40;1;192;1:35.210;0;;20.700;0;37.268;0;37.242;0;151.4;5:07:30.331;17:00;0:20.700;0:37.268;0:37.242;220.0;Jean Charles Battut;;
40;1;193;1:33.619;0;;20.402;1;36.943;1;36.274;1;153.9;5:09:03.950;17:02;0:20.402;0:36.943;0:36.274;222.2;Jean Charles Battut;;
40;1;194;1:35.956;0;;20.464;0;37.762;0;37.730;0;150.2;5:10:39.906;17:04;0:20.464;0:37.762;0:37.730;217.7;Jean Charles Battut;;
40;1;195;1:43.128;0;;21.820;0;39.482;0;41.826;0;139.7;5:12:23.034;17:05;0:21.820;0:39.482;0:41.826;218.2;Jean Charles Battut;;
40;1;196;2:12.753;0;B;26.708;0;48.708;0;57.337;0;108.6;5:14:35.787;17:07;0:26.708;0:48.708;0:57.337;141.2;Jean Charles Battut;;
40;1;197;18:37.925;0;;17:17.159;0;42.020;0;38.746;0;12.9;5:33:13.712;17:26;17:17.159;0:42.020;0:38.746;210.1;Jean Charles Battut;0:16:58;
40;1;198;1:42.201;0;;23.536;0;39.602;0;39.063;0;141.0;5:34:55.913;17:28;0:23.536;0:39.602;0:39.063;214.7;Jean Charles Battut;;
40;1;199;1:38.548;0;;21.547;0;39.082;0;37.919;0;146.2;5:36:34.461;17:29;0:21.547;0:39.082;0:37.919;217.7;Jean Charles Battut;;
40;1;200;1:37.214;0;;20.695;0;38.980;0;37.539;0;148.2;5:38:11.675;17:31;0:20.695;0:38.980;0:37.539;218.6;Jean Charles Battut;;
40;1;201;1:38.602;0;;20.419;0;39.231;0;38.952;0;146.2;5:39:50.277;17:33;0:20.419;0:39.231;0:38.952;216.0;Jean Charles Battut;;
40;1;202;1:41.323;0;;21.647;0;40.356;0;39.320;0;142.2;5:41:31.600;17:34;0:21.647;0:40.356;0:39.320;217.3;Jean Charles Battut;;
40;1;203;1:46.399;0;;23.037;0;41.999;0;41.363;0;135.4;5:43:17.999;17:36;0:23.037;0:41.999;0:41.363;211.4;Jean Charles Battut;;
40;1;204;1:50.695;0;;22.166;0;46.543;0;41.986;0;130.2;5:45:08.694;17:38;0:22.166;0:46.543;0:41.986;184.6;Jean Charles Battut;;
40;1;205;1:49.408;0;;24.610;0;42.907;0;41.891;0;131.7;5:46:58.102;17:40;0:24.610;0:42.907;0:41.891;182.7;Jean Charles Battut;;
40;1;206;1:45.901;0;;23.556;0;41.673;0;40.672;0;136.1;5:48:44.003;17:42;0:23.556;0:41.673;0:40.672;205.3;Jean Charles Battut;;
40;1;207;1:47.186;0;;22.690;0;41.269;0;43.227;0;134.4;5:50:31.189;17:43;0:22.690;0:41.269;0:43.227;210.5;Jean Charles Battut;;
40;1;208;1:40.676;0;;21.600;0;40.385;0;38.691;0;143.1;5:52:11.865;17:45;0:21.600;0:40.385;0:38.691;210.5;Jean Charles Battut;;
40;1;209;1:40.048;0;;21.450;0;40.065;0;38.533;0;144.0;5:53:51.913;17:47;0:21.450;0:40.065;0:38.533;213.9;Jean Charles Battut;;
40;1;210;1:41.419;0;;22.661;0;40.484;0;38.274;0;142.1;5:55:33.332;17:48;0:22.661;0:40.484;0:38.274;216.0;Jean Charles Battut;;
40;1;211;1:39.040;0;;21.067;0;40.193;0;37.780;0;145.5;5:57:12.372;17:50;0:21.067;0:40.193;0:37.780;218.2;Jean Charles Battut;;
40;1;212;1:40.875;0;;22.220;0;40.567;0;38.088;0;142.9;5:58:53.247;17:52;0:22.220;0:40.567;0:38.088;200.0;Jean Charles Battut;;
40;1;213;1:44.058;0;;23.019;0;40.539;0;40.500;0;138.5;6:00:37.305;17:54;0:23.019;0:40.539;0:40.500;216.4;Jean Charles Battut;;
46;1;1;1:29.208;0;;21.633;0;33.815;0;33.760;0;161.5;1:29.208;11:54;0:21.633;0:33.815;0:33.760;229.3;Pierre Thiriet;;
46;1;2;1:25.176;0;;18.657;0;32.692;0;33.827;0;169.2;2:54.384;11:56;0:18.657;0:32.692;0:33.827;229.8;Pierre Thiriet;;
46;1;3;1:24.358;0;;18.503;0;32.694;0;33.161;0;170.8;4:18.742;11:57;0:18.503;0:32.694;0:33.161;231.3;Pierre Thiriet;;
46;1;4;1:25.790;0;;18.488;0;33.674;0;33.628;0;168.0;5:44.532;11:59;0:18.488;0:33.674;0:33.628;229.8;Pierre Thiriet;;
46;1;5;1:24.751;0;;18.614;0;32.495;0;33.642;0;170.0;7:09.283;12:00;0:18.614;0:32.495;0:33.642;230.8;Pierre Thiriet;;
46;1;6;1:24.491;0;;18.411;0;32.700;0;33.380;0;170.6;8:33.774;12:01;0:18.411;0:32.700;0:33.380;230.3;Pierre Thiriet;;
46;1;7;1:24.147;0;;18.542;0;32.347;0;33.258;0;171.3;9:57.921;12:03;0:18.542;0:32.347;0:33.258;230.8;Pierre Thiriet;;
46;1;8;1:24.934;0;;18.447;0;32.322;0;34.165;0;169.7;11:22.855;12:04;0:18.447;0:32.322;0:34.165;231.3;Pierre Thiriet;;
46;1;9;1:24.539;0;;18.644;0;32.572;0;33.323;0;170.5;12:47.394;12:06;0:18.644;0:32.572;0:33.323;230.8;Pierre Thiriet;;
46;1;10;1:23.993;0;;18.528;0;32.147;0;33.318;0;171.6;14:11.387;12:07;0:18.528;0:32.147;0:33.318;232.3;Pierre Thiriet;;
46;1;11;1:24.867;0;;18.514;0;32.379;0;33.974;0;169.8;15:36.254;12:08;0:18.514;0:32.379;0:33.974;230.8;Pierre Thiriet;;
46;1;12;1:24.235;0;;18.492;0;32.299;0;33.444;0;171.1;17:00.489;12:10;0:18.492;0:32.299;0:33.444;230.8;Pierre Thiriet;;
46;1;13;1:24.403;0;;18.405;0;32.702;0;33.296;0;170.7;18:24.892;12:11;0:18.405;0:32.702;0:33.296;232.3;Pierre Thiriet;;
46;1;14;1:26.398;0;;18.516;0;33.299;0;34.583;0;166.8;19:51.290;12:13;0:18.516;0:33.299;0:34.583;232.3;Pierre Thiriet;;
46;1;15;1:24.340;0;;18.818;0;32.379;0;33.143;0;170.9;21:15.630;12:14;0:18.818;0:32.379;0:33.143;231.8;Pierre Thiriet;;
46;1;16;1:23.912;0;;18.350;0;32.159;0;33.403;0;171.7;22:39.542;12:16;0:18.350;0:32.159;0:33.403;231.3;Pierre Thiriet;;
46;1;17;1:23.890;0;;18.355;0;32.350;0;33.185;0;171.8;24:03.432;12:17;0:18.355;0:32.350;0:33.185;231.3;Pierre Thiriet;;
46;1;18;1:24.016;0;;18.507;0;32.231;0;33.278;0;171.5;25:27.448;12:18;0:18.507;0:32.231;0:33.278;229.8;Pierre Thiriet;;
46;1;19;1:23.802;0;;18.430;0;32.180;0;33.192;0;172.0;26:51.250;12:20;0:18.430;0:32.180;0:33.192;231.3;Pierre Thiriet;;
46;1;20;1:24.046;0;;18.470;0;32.296;0;33.280;0;171.5;28:15.296;12:21;0:18.470;0:32.296;0:33.280;229.3;Pierre Thiriet;;
46;1;21;1:23.911;0;;18.441;0;32.046;0;33.424;0;171.7;29:39.207;12:23;0:18.441;0:32.046;0:33.424;230.8;Pierre Thiriet;;
46;1;22;1:23.549;0;;18.298;0;32.289;0;32.962;0;172.5;31:02.756;12:24;0:18.298;0:32.289;0:32.962;231.3;Pierre Thiriet;;
46;1;23;1:23.317;0;;18.368;0;31.946;0;33.003;0;173.0;32:26.073;12:25;0:18.368;0:31.946;0:33.003;230.8;Pierre Thiriet;;
46;1;24;1:23.201;0;;18.195;0;32.173;0;32.833;0;173.2;33:49.274;12:27;0:18.195;0:32.173;0:32.833;230.3;Pierre Thiriet;;
46;1;25;1:24.010;0;;18.362;0;32.310;0;33.338;0;171.5;35:13.284;12:28;0:18.362;0:32.310;0:33.338;231.8;Pierre Thiriet;;
46;1;26;1:24.139;0;;18.286;0;32.210;0;33.643;0;171.3;36:37.423;12:30;0:18.286;0:32.210;0:33.643;231.8;Pierre Thiriet;;
46;1;27;1:26.355;0;;18.349;0;33.880;0;34.126;0;166.9;38:03.778;12:31;0:18.349;0:33.880;0:34.126;226.9;Pierre Thiriet;;
46;1;28;1:23.882;0;;18.532;0;32.157;0;33.193;0;171.8;39:27.660;12:32;0:18.532;0:32.157;0:33.193;230.3;Pierre Thiriet;;
46;1;29;1:23.578;0;;18.286;0;32.117;0;33.175;0;172.4;40:51.238;12:34;0:18.286;0:32.117;0:33.175;232.3;Pierre Thiriet;;
46;1;30;1:23.324;0;;18.267;0;31.980;0;33.077;0;172.9;42:14.562;12:35;0:18.267;0:31.980;0:33.077;233.3;Pierre Thiriet;;
46;1;31;1:23.335;0;;18.304;0;32.099;0;32.932;0;172.9;43:37.897;12:37;0:18.304;0:32.099;0:32.932;232.3;Pierre Thiriet;;
46;1;32;1:23.238;0;;18.364;0;31.990;0;32.884;0;173.1;45:01.135;12:38;0:18.364;0:31.990;0:32.884;232.3;Pierre Thiriet;;
46;1;33;1:28.226;0;B;18.396;0;32.180;0;37.650;0;163.3;46:29.361;12:39;0:18.396;0:32.180;0:37.650;230.3;Pierre Thiriet;;
46;1;34;2:11.354;0;;1:04.677;0;33.573;0;33.104;0;109.7;48:40.715;12:42;1:04.677;0:33.573;0:33.104;229.8;Pierre Thiriet;0:00:51;
46;1;35;1:23.716;0;;18.428;0;32.377;0;32.911;0;172.1;50:04.431;12:43;0:18.428;0:32.377;0:32.911;229.8;Pierre Thiriet;;
46;1;36;1:25.345;0;;18.895;0;33.537;0;32.913;0;168.9;51:29.776;12:44;0:18.895;0:33.537;0:32.913;229.8;Pierre Thiriet;;
46;1;37;1:23.606;0;;18.411;0;32.252;0;32.943;0;172.4;52:53.382;12:46;0:18.411;0:32.252;0:32.943;229.3;Pierre Thiriet;;
46;1;38;1:23.285;0;;18.347;0;32.082;0;32.856;0;173.0;54:16.667;12:47;0:18.347;0:32.082;0:32.856;230.8;Pierre Thiriet;;
46;1;39;1:23.497;0;;18.411;0;32.221;0;32.865;0;172.6;55:40.164;12:49;0:18.411;0:32.221;0:32.865;230.3;Pierre Thiriet;;
46;1;40;1:23.642;0;;18.302;0;32.216;0;33.124;0;172.3;57:03.806;12:50;0:18.302;0:32.216;0:33.124;231.8;Pierre Thiriet;;
46;1;41;1:23.575;0;;18.373;0;32.175;0;33.027;0;172.4;58:27.381;12:51;0:18.373;0:32.175;0:33.027;231.3;Pierre Thiriet;;
46;1;42;1:23.732;0;;18.420;0;32.225;0;33.087;0;172.1;59:51.113;12:53;0:18.420;0:32.225;0:33.087;230.8;Pierre Thiriet;;
46;1;43;1:23.318;0;;18.396;0;32.161;0;32.761;0;173.0;1:01:14.431;12:54;0:18.396;0:32.161;0:32.761;232.3;Pierre Thiriet;;
46;1;44;1:23.284;0;;18.437;0;32.133;0;32.714;0;173.0;1:02:37.715;12:56;0:18.437;0:32.133;0:32.714;231.3;Pierre Thiriet;;
46;1;45;1:23.928;0;;18.295;0;32.148;0;33.485;0;171.7;1:04:01.643;12:57;0:18.295;0:32.148;0:33.485;231.8;Pierre Thiriet;;
46;1;46;1:24.241;0;;18.428;0;32.885;0;32.928;0;171.1;1:05:25.884;12:58;0:18.428;0:32.885;0:32.928;230.8;Pierre Thiriet;;
46;1;47;1:23.521;0;;18.458;0;32.058;0;33.005;0;172.5;1:06:49.405;13:00;0:18.458;0:32.058;0:33.005;231.8;Pierre Thiriet;;
46;1;48;1:23.457;0;;18.296;0;32.222;0;32.939;0;172.7;1:08:12.862;13:01;0:18.296;0:32.222;0:32.939;231.8;Pierre Thiriet;;
46;1;49;1:24.263;0;;18.692;0;32.444;0;33.127;0;171.0;1:09:37.125;13:03;0:18.692;0:32.444;0:33.127;231.8;Pierre Thiriet;;
46;1;50;1:23.691;0;;18.479;0;32.335;0;32.877;0;172.2;1:11:00.816;13:04;0:18.479;0:32.335;0:32.877;230.8;Pierre Thiriet;;
46;1;51;1:23.320;0;;18.263;0;32.079;0;32.978;0;173.0;1:12:24.136;13:05;0:18.263;0:32.079;0:32.978;231.3;Pierre Thiriet;;
46;1;52;1:23.598;0;;18.416;0;32.192;0;32.990;0;172.4;1:13:47.734;13:07;0:18.416;0:32.192;0:32.990;231.3;Pierre Thiriet;;
46;1;53;1:23.730;0;;18.348;0;32.288;0;33.094;0;172.1;1:15:11.464;13:08;0:18.348;0:32.288;0:33.094;232.3;Pierre Thiriet;;
46;1;54;1:23.913;0;;18.290;0;32.074;0;33.549;0;171.7;1:16:35.377;13:09;0:18.290;0:32.074;0:33.549;233.3;Pierre Thiriet;;
46;1;55;1:23.255;0;;18.414;0;31.900;0;32.941;0;173.1;1:17:58.632;13:11;0:18.414;0:31.900;0:32.941;231.3;Pierre Thiriet;;
46;1;56;1:24.211;0;;18.204;0;33.143;0;32.864;0;171.1;1:19:22.843;13:12;0:18.204;0:33.143;0:32.864;232.3;Pierre Thiriet;;
46;1;57;1:23.713;0;;18.559;0;32.091;0;33.063;0;172.1;1:20:46.556;13:14;0:18.559;0:32.091;0:33.063;231.3;Pierre Thiriet;;
46;1;58;1:23.196;0;;18.283;0;31.973;0;32.940;0;173.2;1:22:09.752;13:15;0:18.283;0:31.973;0:32.940;232.8;Pierre Thiriet;;
46;1;59;1:22.823;0;;18.341;0;31.748;0;32.734;0;174.0;1:23:32.575;13:16;0:18.341;0:31.748;0:32.734;232.3;Pierre Thiriet;;
46;1;60;1:23.007;0;;18.363;0;31.647;0;32.997;0;173.6;1:24:55.582;13:18;0:18.363;0:31.647;0:32.997;230.8;Pierre Thiriet;;
46;1;61;1:23.266;0;;18.350;0;32.130;0;32.786;0;173.1;1:26:18.848;13:19;0:18.350;0:32.130;0:32.786;230.8;Pierre Thiriet;;
46;1;62;1:23.172;0;;18.245;0;31.823;0;33.104;0;173.3;1:27:42.020;13:21;0:18.245;0:31.823;0:33.104;231.8;Pierre Thiriet;;
46;1;63;1:24.836;0;;18.212;0;33.373;0;33.251;0;169.9;1:29:06.856;13:22;0:18.212;0:33.373;0:33.251;230.3;Pierre Thiriet;;
46;1;64;1:23.557;0;;18.327;0;32.336;0;32.894;0;172.5;1:30:30.413;13:23;0:18.327;0:32.336;0:32.894;232.8;Pierre Thiriet;;
46;1;65;1:24.674;0;;18.345;0;33.151;0;33.178;0;170.2;1:31:55.087;13:25;0:18.345;0:33.151;0:33.178;228.8;Pierre Thiriet;;
46;1;66;1:24.296;0;;18.296;0;32.648;0;33.352;0;171.0;1:33:19.383;13:26;0:18.296;0:32.648;0:33.352;229.3;Pierre Thiriet;;
46;1;67;1:24.813;0;;18.329;0;32.173;0;34.311;0;169.9;1:34:44.196;13:28;0:18.329;0:32.173;0:34.311;231.8;Pierre Thiriet;;
46;1;68;1:38.678;0;B;26.079;0;35.234;0;37.365;0;146.0;1:36:22.874;13:29;0:26.079;0:35.234;0:37.365;225.9;Pierre Thiriet;;
46;0;69;2:38.808;0;;1:30.786;0;34.615;0;33.407;0;90.7;1:39:01.682;13:32;1:30.786;0:34.615;0:33.407;226.9;Mathias Beche;0:01:16;
46;0;70;1:23.480;0;;18.502;0;32.243;0;32.735;0;172.6;1:40:25.162;13:33;0:18.502;0:32.243;0:32.735;231.8;Mathias Beche;;
46;0;71;1:24.299;0;;18.452;0;33.078;0;32.769;0;170.9;1:41:49.461;13:35;0:18.452;0:33.078;0:32.769;230.3;Mathias Beche;;
46;0;72;1:22.822;0;;18.437;0;32.094;0;32.291;0;174.0;1:43:12.283;13:36;0:18.437;0:32.094;0:32.291;230.3;Mathias Beche;;
46;0;73;1:22.569;0;;18.325;0;31.826;0;32.418;0;174.5;1:44:34.852;13:37;0:18.325;0:31.826;0:32.418;230.3;Mathias Beche;;
46;0;74;1:22.231;0;;18.163;0;31.765;0;32.303;0;175.2;1:45:57.083;13:39;0:18.163;0:31.765;0:32.303;230.3;Mathias Beche;;
46;0;75;1:23.630;0;;18.190;0;32.874;0;32.566;0;172.3;1:47:20.713;13:40;0:18.190;0:32.874;0:32.566;229.8;Mathias Beche;;
46;0;76;1:23.341;0;;18.300;0;32.537;0;32.504;0;172.9;1:48:44.054;13:42;0:18.300;0:32.537;0:32.504;231.3;Mathias Beche;;
46;0;77;1:22.539;0;;18.143;0;32.065;0;32.331;0;174.6;1:50:06.593;13:43;0:18.143;0:32.065;0:32.331;228.8;Mathias Beche;;
46;0;78;1:22.210;0;;18.155;0;31.774;0;32.281;0;175.3;1:51:28.803;13:44;0:18.155;0:31.774;0:32.281;230.8;Mathias Beche;;
46;0;79;1:22.331;0;;18.234;0;31.724;0;32.373;0;175.0;1:52:51.134;13:46;0:18.234;0:31.724;0:32.373;233.3;Mathias Beche;;
46;0;80;1:22.318;0;;18.092;0;31.721;0;32.505;0;175.1;1:54:13.452;13:47;0:18.092;0:31.721;0:32.505;231.8;Mathias Beche;;
46;0;81;1:25.881;0;;19.381;0;33.462;0;33.038;0;167.8;1:55:39.333;13:49;0:19.381;0:33.462;0:33.038;231.8;Mathias Beche;;
46;0;82;1:22.775;0;;18.171;0;31.929;0;32.675;0;174.1;1:57:02.108;13:50;0:18.171;0:31.929;0:32.675;232.3;Mathias Beche;;
46;0;83;1:22.228;0;;18.184;0;31.780;0;32.264;0;175.3;1:58:24.336;13:51;0:18.184;0:31.780;0:32.264;232.8;Mathias Beche;;
46;0;84;1:23.523;0;;18.168;0;32.747;0;32.608;0;172.5;1:59:47.859;13:53;0:18.168;0:32.747;0:32.608;232.3;Mathias Beche;;
46;0;85;1:22.925;0;;18.216;0;31.868;0;32.841;0;173.8;2:01:10.784;13:54;0:18.216;0:31.868;0:32.841;232.8;Mathias Beche;;
46;0;86;1:23.321;0;;18.252;0;32.646;0;32.423;0;173.0;2:02:34.105;13:55;0:18.252;0:32.646;0:32.423;232.8;Mathias Beche;;
46;0;87;1:22.473;0;;18.193;0;31.807;0;32.473;0;174.7;2:03:56.578;13:57;0:18.193;0:31.807;0:32.473;232.3;Mathias Beche;;
46;0;88;1:22.471;0;;18.162;0;31.820;0;32.489;0;174.7;2:05:19.049;13:58;0:18.162;0:31.820;0:32.489;232.3;Mathias Beche;;
46;0;89;1:22.720;0;;18.152;0;31.889;0;32.679;0;174.2;2:06:41.769;14:00;0:18.152;0:31.889;0:32.679;233.3;Mathias Beche;;
46;0;90;1:22.363;0;;18.278;0;31.658;0;32.427;0;175.0;2:08:04.132;14:01;0:18.278;0:31.658;0:32.427;233.3;Mathias Beche;;
46;0;91;1:23.881;0;;18.450;0;32.620;0;32.811;0;171.8;2:09:28.013;14:02;0:18.450;0:32.620;0:32.811;232.8;Mathias Beche;;
46;0;92;1:22.370;0;;18.178;0;31.764;0;32.428;0;175.0;2:10:50.383;14:04;0:18.178;0:31.764;0:32.428;232.8;Mathias Beche;;
46;0;93;1:23.952;0;;18.873;0;32.874;0;32.205;0;171.7;2:12:14.335;14:05;0:18.873;0:32.874;0:32.205;232.3;Mathias Beche;;
46;0;94;1:21.985;0;;18.067;0;31.707;0;32.211;0;175.8;2:13:36.320;14:06;0:18.067;0:31.707;0:32.211;233.3;Mathias Beche;;
46;0;95;1:21.865;0;;18.091;0;31.570;0;32.204;0;176.0;2:14:58.185;14:08;0:18.091;0:31.570;0:32.204;233.3;Mathias Beche;;
46;0;96;1:22.868;0;;18.094;0;31.638;0;33.136;0;173.9;2:16:21.053;14:09;0:18.094;0:31.638;0:33.136;233.3;Mathias Beche;;
46;0;97;1:21.899;0;;18.065;0;31.597;0;32.237;0;176.0;2:17:42.952;14:11;0:18.065;0:31.597;0:32.237;232.3;Mathias Beche;;
46;0;98;1:21.985;0;;18.087;0;31.530;0;32.368;0;175.8;2:19:04.937;14:12;0:18.087;0:31.530;0:32.368;232.8;Mathias Beche;;
46;0;99;1:21.937;0;;18.087;0;31.578;0;32.272;0;175.9;2:20:26.874;14:13;0:18.087;0:31.578;0:32.272;233.8;Mathias Beche;;
46;0;100;1:23.361;0;;18.096;0;33.206;0;32.059;0;172.9;2:21:50.235;14:15;0:18.096;0:33.206;0:32.059;233.8;Mathias Beche;;
46;0;101;1:25.950;0;B;18.278;0;31.843;0;35.829;0;167.7;2:23:16.185;14:16;0:18.278;0:31.843;0:35.829;233.8;Mathias Beche;;
46;0;102;2:09.369;0;;1:03.980;0;32.434;0;32.955;0;111.4;2:25:25.554;14:18;1:03.980;0:32.434;0:32.955;231.3;Mathias Beche;0:00:50;
46;0;103;1:23.091;0;;18.320;0;32.324;0;32.447;0;173.4;2:26:48.645;14:20;0:18.320;0:32.324;0:32.447;229.8;Mathias Beche;;
46;0;104;1:22.793;0;;18.268;0;32.052;0;32.473;0;174.1;2:28:11.438;14:21;0:18.268;0:32.052;0:32.473;230.8;Mathias Beche;;
46;0;105;1:22.784;0;;18.551;0;31.818;0;32.415;0;174.1;2:29:34.222;14:22;0:18.551;0:31.818;0:32.415;230.8;Mathias Beche;;
46;0;106;1:23.789;0;;18.242;0;33.036;0;32.511;0;172.0;2:30:58.011;14:24;0:18.242;0:33.036;0:32.511;230.3;Mathias Beche;;
46;0;107;1:22.631;0;;18.285;0;32.056;0;32.290;0;174.4;2:32:20.642;14:25;0:18.285;0:32.056;0:32.290;231.8;Mathias Beche;;
46;0;108;1:24.533;0;;18.227;0;32.437;0;33.869;0;170.5;2:33:45.175;14:27;0:18.227;0:32.437;0:33.869;233.3;Mathias Beche;;
46;0;109;1:23.016;0;;18.575;0;32.009;0;32.432;0;173.6;2:35:08.191;14:28;0:18.575;0:32.009;0:32.432;232.3;Mathias Beche;;
46;0;110;1:22.303;0;;18.122;0;31.914;0;32.267;0;175.1;2:36:30.494;14:29;0:18.122;0:31.914;0:32.267;232.8;Mathias Beche;;
46;0;111;1:23.107;0;;18.759;0;31.856;0;32.492;0;173.4;2:37:53.601;14:31;0:18.759;0:31.856;0:32.492;230.8;Mathias Beche;;
46;0;112;1:22.271;0;;18.260;0;31.726;0;32.285;0;175.2;2:39:15.872;14:32;0:18.260;0:31.726;0:32.285;232.3;Mathias Beche;;
46;0;113;1:22.401;0;;18.199;0;31.832;0;32.370;0;174.9;2:40:38.273;14:34;0:18.199;0:31.832;0:32.370;230.8;Mathias Beche;;
46;0;114;1:22.712;0;;18.134;0;31.851;0;32.727;0;174.2;2:42:00.985;14:35;0:18.134;0:31.851;0:32.727;232.3;Mathias Beche;;
46;0;115;1:23.020;0;;18.137;0;32.580;0;32.303;0;173.6;2:43:24.005;14:36;0:18.137;0:32.580;0:32.303;230.8;Mathias Beche;;
46;0;116;1:22.422;0;;18.118;0;31.808;0;32.496;0;174.8;2:44:46.427;14:38;0:18.118;0:31.808;0:32.496;230.8;Mathias Beche;;
46;0;117;1:23.159;0;;18.147;0;32.413;0;32.599;0;173.3;2:46:09.586;14:39;0:18.147;0:32.413;0:32.599;229.8;Mathias Beche;;
46;0;118;1:22.368;0;;18.197;0;31.987;0;32.184;0;175.0;2:47:31.954;14:40;0:18.197;0:31.987;0:32.184;231.8;Mathias Beche;;
46;0;119;1:22.749;0;;18.135;0;31.934;0;32.680;0;174.2;2:48:54.703;14:42;0:18.135;0:31.934;0:32.680;233.8;Mathias Beche;;
46;0;120;1:22.616;0;;18.188;0;31.782;0;32.646;0;174.4;2:50:17.319;14:43;0:18.188;0:31.782;0:32.646;233.3;Mathias Beche;;
46;0;121;1:23.161;0;;18.411;0;32.284;0;32.466;0;173.3;2:51:40.480;14:45;0:18.411;0:32.284;0:32.466;232.8;Mathias Beche;;
46;0;122;1:23.715;0;;18.248;0;33.014;0;32.453;0;172.1;2:53:04.195;14:46;0:18.248;0:33.014;0:32.453;229.8;Mathias Beche;;
46;0;123;1:22.825;0;;18.277;0;32.012;0;32.536;0;174.0;2:54:27.020;14:47;0:18.277;0:32.012;0:32.536;232.8;Mathias Beche;;
46;0;124;1:23.684;0;;18.282;0;32.201;0;33.201;0;172.2;2:55:50.704;14:49;0:18.282;0:32.201;0:33.201;231.8;Mathias Beche;;
46;0;125;1:24.462;0;;18.411;0;33.161;0;32.890;0;170.6;2:57:15.166;14:50;0:18.411;0:33.161;0:32.890;228.8;Mathias Beche;;
46;0;126;1:23.363;0;;18.391;0;32.162;0;32.810;0;172.9;2:58:38.529;14:52;0:18.391;0:32.162;0:32.810;233.8;Mathias Beche;;
46;0;127;1:22.970;0;;18.320;0;31.917;0;32.733;0;173.7;3:00:01.499;14:53;0:18.320;0:31.917;0:32.733;234.8;Mathias Beche;;
46;0;128;1:23.588;0;;18.317;0;32.230;0;33.041;0;172.4;3:01:25.087;14:54;0:18.317;0:32.230;0:33.041;233.8;Mathias Beche;;
46;0;129;1:34.149;0;B;18.437;0;35.591;0;40.121;0;153.1;3:02:59.236;14:56;0:18.437;0:35.591;0:40.121;192.5;Mathias Beche;;
46;1;130;2:35.874;0;;1:25.370;0;36.297;0;34.207;0;92.5;3:05:35.110;14:58;1:25.370;0:36.297;0:34.207;225.9;Pierre Thiriet;0:01:11;
46;1;131;1:31.703;0;;18.646;0;34.065;0;38.992;0;157.1;3:07:06.813;15:00;0:18.646;0:34.065;0:38.992;232.3;Pierre Thiriet;;
46;1;132;2:03.894;0;;30.894;0;46.600;0;46.400;0;116.3;3:09:10.707;15:02;0:30.894;0:46.600;0:46.400;148.4;Pierre Thiriet;;
46;1;133;1:58.139;0;;25.676;0;46.905;0;45.558;0;122.0;3:11:08.846;15:04;0:25.676;0:46.905;0:45.558;148.8;Pierre Thiriet;;
46;1;134;2:00.234;0;;26.154;0;48.596;0;45.484;0;119.9;3:13:09.080;15:06;0:26.154;0:48.596;0:45.484;127.7;Pierre Thiriet;;
46;1;135;1:58.847;0;;26.291;0;47.341;0;45.215;0;121.3;3:15:07.927;15:08;0:26.291;0:47.341;0:45.215;149.0;Pierre Thiriet;;
46;1;136;2:02.652;0;;27.689;0;48.316;0;46.647;0;117.5;3:17:10.579;15:10;0:27.689;0:48.316;0:46.647;143.6;Pierre Thiriet;;
46;1;137;1:58.015;0;;27.944;0;46.560;0;43.511;0;122.1;3:19:08.594;15:12;0:27.944;0:46.560;0:43.511;150.8;Pierre Thiriet;;
46;1;138;1:25.540;0;;19.189;0;32.896;0;33.455;0;168.5;3:20:34.134;15:13;0:19.189;0:32.896;0:33.455;232.3;Pierre Thiriet;;
46;1;139;1:23.905;0;;18.563;0;32.124;0;33.218;0;171.8;3:21:58.039;15:15;0:18.563;0:32.124;0:33.218;232.3;Pierre Thiriet;;
46;1;140;1:23.238;0;;18.315;0;31.895;0;33.028;0;173.1;3:23:21.277;15:16;0:18.315;0:31.895;0:33.028;232.3;Pierre Thiriet;;
46;1;141;1:23.190;0;;18.293;0;31.903;0;32.994;0;173.2;3:24:44.467;15:18;0:18.293;0:31.903;0:32.994;231.8;Pierre Thiriet;;
46;1;142;1:23.457;0;;18.396;0;32.002;0;33.059;0;172.7;3:26:07.924;15:19;0:18.396;0:32.002;0:33.059;230.3;Pierre Thiriet;;
46;1;143;1:23.137;0;;18.321;0;31.875;0;32.941;0;173.3;3:27:31.061;15:20;0:18.321;0:31.875;0:32.941;229.3;Pierre Thiriet;;
46;1;144;1:22.963;0;;18.241;0;31.840;0;32.882;0;173.7;3:28:54.024;15:22;0:18.241;0:31.840;0:32.882;231.8;Pierre Thiriet;;
46;1;145;1:22.724;0;;18.259;0;31.769;0;32.696;0;174.2;3:30:16.748;15:23;0:18.259;0:31.769;0:32.696;231.8;Pierre Thiriet;;
46;1;146;1:22.780;0;;18.122;0;31.997;0;32.661;0;174.1;3:31:39.528;15:25;0:18.122;0:31.997;0:32.661;231.8;Pierre Thiriet;;
46;1;147;1:23.706;0;;18.225;0;32.044;0;33.437;0;172.2;3:33:03.234;15:26;0:18.225;0:32.044;0:33.437;231.8;Pierre Thiriet;;
46;1;148;1:25.125;0;;18.330;0;33.737;0;33.058;0;169.3;3:34:28.359;15:27;0:18.330;0:33.737;0:33.058;230.3;Pierre Thiriet;;
46;1;149;1:23.261;0;;18.272;0;31.755;0;33.234;0;173.1;3:35:51.620;15:29;0:18.272;0:31.755;0:33.234;232.3;Pierre Thiriet;;
46;1;150;1:23.466;0;;18.700;0;32.022;0;32.744;0;172.7;3:37:15.086;15:30;0:18.700;0:32.022;0:32.744;231.8;Pierre Thiriet;;
46;1;151;1:22.520;0;;18.156;0;31.791;0;32.573;0;174.6;3:38:37.606;15:32;0:18.156;0:31.791;0:32.573;231.3;Pierre Thiriet;;
46;1;152;1:22.782;0;;18.149;0;31.785;0;32.848;0;174.1;3:40:00.388;15:33;0:18.149;0:31.785;0:32.848;231.3;Pierre Thiriet;;
46;1;153;1:22.483;0;;18.231;0;31.736;0;32.516;1;174.7;3:41:22.871;15:34;0:18.231;0:31.736;0:32.516;231.8;Pierre Thiriet;;
46;1;154;1:22.709;0;;18.234;0;31.668;0;32.807;0;174.2;3:42:45.580;15:36;0:18.234;0:31.668;0:32.807;231.3;Pierre Thiriet;;
46;1;155;1:22.670;0;;18.274;0;31.751;0;32.645;0;174.3;3:44:08.250;15:37;0:18.274;0:31.751;0:32.645;231.8;Pierre Thiriet;;
46;1;156;1:22.611;0;;18.144;0;31.895;0;32.572;0;174.4;3:45:30.861;15:38;0:18.144;0:31.895;0:32.572;231.3;Pierre Thiriet;;
46;1;157;1:22.503;0;;18.201;0;31.692;0;32.610;0;174.7;3:46:53.364;15:40;0:18.201;0:31.692;0:32.610;231.8;Pierre Thiriet;;
46;1;158;1:22.687;0;;18.090;1;31.741;0;32.856;0;174.3;3:48:16.051;15:41;0:18.090;0:31.741;0:32.856;234.8;Pierre Thiriet;;
46;1;159;1:24.380;0;;18.253;0;32.878;0;33.249;0;170.8;3:49:40.431;15:43;0:18.253;0:32.878;0:33.249;231.8;Pierre Thiriet;;
46;1;160;1:22.364;0;;18.160;0;31.526;1;32.678;0;175.0;3:51:02.795;15:44;0:18.160;0:31.526;0:32.678;234.3;Pierre Thiriet;;
46;1;161;1:23.617;0;;18.160;0;32.374;0;33.083;0;172.3;3:52:26.412;15:45;0:18.160;0:32.374;0:33.083;230.3;Pierre Thiriet;;
46;1;162;1:22.765;0;;18.160;0;31.640;0;32.965;0;174.1;3:53:49.177;15:47;0:18.160;0:31.640;0:32.965;233.3;Pierre Thiriet;;
46;1;163;1:22.991;0;;18.294;0;31.884;0;32.813;0;173.6;3:55:12.168;15:48;0:18.294;0:31.884;0:32.813;234.3;Pierre Thiriet;;
46;1;164;1:26.837;0;B;18.285;0;31.880;0;36.672;0;166.0;3:56:39.005;15:50;0:18.285;0:31.880;0:36.672;233.8;Pierre Thiriet;;
46;1;165;2:09.688;0;;1:04.138;0;32.089;0;33.461;0;111.1;3:58:48.693;15:52;1:04.138;0:32.089;0:33.461;231.8;Pierre Thiriet;0:00:51;
46;1;166;1:24.218;0;;18.350;0;32.545;0;33.323;0;171.1;4:00:12.911;15:53;0:18.350;0:32.545;0:33.323;230.3;Pierre Thiriet;;
46;1;167;1:24.551;0;;18.939;0;32.418;0;33.194;0;170.4;4:01:37.462;15:55;0:18.939;0:32.418;0:33.194;232.8;Pierre Thiriet;;
46;1;168;1:24.937;0;;18.407;0;33.525;0;33.005;0;169.7;4:03:02.399;15:56;0:18.407;0:33.525;0:33.005;229.3;Pierre Thiriet;;
46;1;169;1:23.477;0;;18.277;0;32.263;0;32.937;0;172.6;4:04:25.876;15:57;0:18.277;0:32.263;0:32.937;231.8;Pierre Thiriet;;
46;1;170;1:23.163;0;;18.438;0;31.966;0;32.759;0;173.3;4:05:49.039;15:59;0:18.438;0:31.966;0:32.759;230.8;Pierre Thiriet;;
46;1;171;1:23.364;0;;18.342;0;31.901;0;33.121;0;172.9;4:07:12.403;16:00;0:18.342;0:31.901;0:33.121;231.8;Pierre Thiriet;;
46;1;172;1:23.062;0;;18.248;0;31.974;0;32.840;0;173.5;4:08:35.465;16:01;0:18.248;0:31.974;0:32.840;232.3;Pierre Thiriet;;
46;1;173;1:23.028;0;;18.231;0;31.947;0;32.850;0;173.6;4:09:58.493;16:03;0:18.231;0:31.947;0:32.850;231.8;Pierre Thiriet;;
46;1;174;1:22.972;0;;18.254;0;31.787;0;32.931;0;173.7;4:11:21.465;16:04;0:18.254;0:31.787;0:32.931;231.8;Pierre Thiriet;;
46;1;175;1:22.831;0;;18.244;0;31.775;0;32.812;0;174.0;4:12:44.296;16:06;0:18.244;0:31.775;0:32.812;232.3;Pierre Thiriet;;
46;1;176;1:23.804;0;;18.225;0;32.052;0;33.527;0;172.0;4:14:08.100;16:07;0:18.225;0:32.052;0:33.527;231.8;Pierre Thiriet;;
46;1;177;1:23.074;0;;18.308;0;32.024;0;32.742;0;173.5;4:15:31.174;16:08;0:18.308;0:32.024;0:32.742;233.3;Pierre Thiriet;;
46;1;178;1:22.995;0;;18.206;0;31.821;0;32.968;0;173.6;4:16:54.169;16:10;0:18.206;0:31.821;0:32.968;231.8;Pierre Thiriet;;
46;1;179;1:23.073;0;;18.291;0;31.787;0;32.995;0;173.5;4:18:17.242;16:11;0:18.291;0:31.787;0:32.995;233.8;Pierre Thiriet;;
46;1;180;1:23.550;0;;18.198;0;32.483;0;32.869;0;172.5;4:19:40.792;16:13;0:18.198;0:32.483;0:32.869;232.8;Pierre Thiriet;;
46;1;181;1:23.838;0;;18.283;0;32.149;0;33.406;0;171.9;4:21:04.630;16:14;0:18.283;0:32.149;0:33.406;231.3;Pierre Thiriet;;
46;1;182;1:23.229;0;;18.415;0;31.811;0;33.003;0;173.1;4:22:27.859;16:15;0:18.415;0:31.811;0:33.003;232.8;Pierre Thiriet;;
46;1;183;1:22.974;0;;18.376;0;31.792;0;32.806;0;173.7;4:23:50.833;16:17;0:18.376;0:31.792;0:32.806;233.3;Pierre Thiriet;;
46;1;184;1:23.114;0;;18.126;0;32.111;0;32.877;0;173.4;4:25:13.947;16:18;0:18.126;0:32.111;0:32.877;232.8;Pierre Thiriet;;
46;1;185;1:23.018;0;;18.212;0;31.904;0;32.902;0;173.6;4:26:36.965;16:20;0:18.212;0:31.904;0:32.902;232.3;Pierre Thiriet;;
46;1;186;1:23.507;0;;18.466;0;32.000;0;33.041;0;172.6;4:28:00.472;16:21;0:18.466;0:32.000;0:33.041;232.3;Pierre Thiriet;;
46;1;187;1:23.058;0;;18.272;0;31.892;0;32.894;0;173.5;4:29:23.530;16:22;0:18.272;0:31.892;0:32.894;233.8;Pierre Thiriet;;
46;1;188;1:24.527;0;;18.252;0;33.021;0;33.254;0;170.5;4:30:48.057;16:24;0:18.252;0:33.021;0:33.254;231.3;Pierre Thiriet;;
46;1;189;1:23.588;0;;18.532;0;31.949;0;33.107;0;172.4;4:32:11.645;16:25;0:18.532;0:31.949;0:33.107;232.3;Pierre Thiriet;;
46;1;190;1:24.347;0;;18.262;0;32.104;0;33.981;0;170.9;4:33:35.992;16:26;0:18.262;0:32.104;0:33.981;233.3;Pierre Thiriet;;
46;1;191;1:28.481;0;B;18.731;0;32.785;0;36.965;0;162.9;4:35:04.473;16:28;0:18.731;0:32.785;0:36.965;214.7;Pierre Thiriet;;
46;0;192;2:31.704;0;;1:26.714;0;32.518;0;32.472;0;95.0;4:37:36.177;16:30;1:26.714;0:32.518;0:32.472;229.3;Mathias Beche;0:01:13;
46;0;193;1:22.087;0;;18.225;0;31.663;0;32.199;0;175.6;4:38:58.264;16:32;0:18.225;0:31.663;0:32.199;231.3;Mathias Beche;;
46;0;194;1:22.182;0;;18.122;0;31.605;0;32.455;0;175.4;4:40:20.446;16:33;0:18.122;0:31.605;0:32.455;229.8;Mathias Beche;;
46;0;195;1:22.083;0;;18.126;0;31.616;0;32.341;0;175.6;4:41:42.529;16:35;0:18.126;0:31.616;0:32.341;231.3;Mathias Beche;;
46;0;196;1:22.926;0;;18.134;0;32.472;0;32.320;0;173.8;4:43:05.455;16:36;0:18.134;0:32.472;0:32.320;232.3;Mathias Beche;;
46;0;197;1:22.147;0;;18.026;0;31.835;0;32.286;0;175.4;4:44:27.602;16:37;0:18.026;0:31.835;0:32.286;230.3;Mathias Beche;;
46;0;198;1:21.797;0;;18.019;0;31.603;0;32.175;0;176.2;4:45:49.399;16:39;0:18.019;0:31.603;0:32.175;231.3;Mathias Beche;;
46;0;199;1:21.822;0;;18.100;0;31.510;3;32.212;0;176.1;4:47:11.221;16:40;0:18.100;0:31.510;0:32.212;232.3;Mathias Beche;;
46;0;200;1:25.431;0;;18.093;0;35.116;0;32.222;0;168.7;4:48:36.652;16:42;0:18.093;0:35.116;0:32.222;229.8;Mathias Beche;;
46;0;201;1:21.934;0;;17.983;0;31.625;0;32.326;0;175.9;4:49:58.586;16:43;0:17.983;0:31.625;0:32.326;232.8;Mathias Beche;;
46;0;202;1:23.592;0;;18.194;0;33.271;0;32.127;0;172.4;4:51:22.178;16:44;0:18.194;0:33.271;0:32.127;232.8;Mathias Beche;;
46;0;203;1:22.287;0;;18.358;0;31.651;0;32.278;0;175.1;4:52:44.465;16:46;0:18.358;0:31.651;0:32.278;233.3;Mathias Beche;;
46;0;204;1:21.679;2;;18.048;0;31.582;0;32.049;0;176.4;4:54:06.144;16:47;0:18.048;0:31.582;0:32.049;232.8;Mathias Beche;;
46;0;205;1:23.033;0;;18.013;0;32.575;0;32.445;0;173.6;4:55:29.177;16:48;0:18.013;0:32.575;0:32.445;229.3;Mathias Beche;;
46;0;206;1:22.078;0;;18.037;0;31.736;0;32.305;0;175.6;4:56:51.255;16:50;0:18.037;0:31.736;0:32.305;231.3;Mathias Beche;;
46;0;207;1:22.545;0;;18.287;0;32.069;0;32.189;0;174.6;4:58:13.800;16:51;0:18.287;0:32.069;0:32.189;231.3;Mathias Beche;;
46;0;208;1:21.927;0;;17.995;0;31.723;0;32.209;0;175.9;4:59:35.727;16:52;0:17.995;0:31.723;0:32.209;229.8;Mathias Beche;;
46;0;209;1:23.382;0;;17.999;0;33.231;0;32.152;0;172.8;5:00:59.109;16:54;0:17.999;0:33.231;0:32.152;231.3;Mathias Beche;;
46;0;210;1:26.343;0;B;17.982;0;32.367;0;35.994;0;166.9;5:02:25.452;16:55;0:17.982;0:32.367;0:35.994;229.8;Mathias Beche;;
46;0;211;2:08.402;0;;1:03.712;0;32.138;0;32.552;0;112.2;5:04:33.854;16:57;1:03.712;0:32.138;0:32.552;229.3;Mathias Beche;0:00:51;
46;0;212;1:21.948;0;;18.023;0;31.690;0;32.235;0;175.9;5:05:55.802;16:59;0:18.023;0:31.690;0:32.235;231.8;Mathias Beche;;
46;0;213;1:22.319;0;;18.377;0;31.742;0;32.200;0;175.1;5:07:18.121;17:00;0:18.377;0:31.742;0:32.200;231.3;Mathias Beche;;
46;0;214;1:21.720;0;;17.918;2;31.685;0;32.117;0;176.3;5:08:39.841;17:02;0:17.918;0:31.685;0:32.117;231.8;Mathias Beche;;
46;0;215;1:21.796;0;;17.976;0;31.793;0;32.027;2;176.2;5:10:01.637;17:03;0:17.976;0:31.793;0:32.027;231.8;Mathias Beche;;
46;0;216;1:22.319;0;;17.946;0;32.109;0;32.264;0;175.1;5:11:23.956;17:04;0:17.946;0:32.109;0:32.264;232.8;Mathias Beche;;
46;0;217;1:22.673;0;;18.139;0;31.786;0;32.748;0;174.3;5:12:46.629;17:06;0:18.139;0:31.786;0:32.748;233.3;Mathias Beche;;
46;0;218;1:23.597;0;;18.536;0;32.678;0;32.383;0;172.4;5:14:10.226;17:07;0:18.536;0:32.678;0:32.383;231.8;Mathias Beche;;
46;0;219;1:22.196;0;;18.032;0;31.815;0;32.349;0;175.3;5:15:32.422;17:08;0:18.032;0:31.815;0:32.349;232.3;Mathias Beche;;
46;0;220;1:21.996;0;;17.967;0;31.653;0;32.376;0;175.8;5:16:54.418;17:10;0:17.967;0:31.653;0:32.376;232.3;Mathias Beche;;
46;0;221;1:22.064;0;;18.078;0;31.794;0;32.192;0;175.6;5:18:16.482;17:11;0:18.078;0:31.794;0:32.192;232.8;Mathias Beche;;
46;0;222;1:22.099;0;;18.041;0;31.702;0;32.356;0;175.5;5:19:38.581;17:13;0:18.041;0:31.702;0:32.356;231.3;Mathias Beche;;
46;0;223;1:21.783;0;;18.035;0;31.667;0;32.081;0;176.2;5:21:00.364;17:14;0:18.035;0:31.667;0:32.081;231.3;Mathias Beche;;
46;0;224;1:24.988;0;B;18.018;0;31.666;0;35.304;0;169.6;5:22:25.352;17:15;0:18.018;0:31.666;0:35.304;231.8;Mathias Beche;;
46;0;225;2:10.952;0;;1:05.555;0;32.580;0;32.817;0;110.0;5:24:36.304;17:17;1:05.555;0:32.580;0:32.817;228.8;Mathias Beche;0:00:52;
46;0;226;1:22.787;0;;18.196;0;31.974;0;32.617;0;174.1;5:25:59.091;17:19;0:18.196;0:31.974;0:32.617;229.3;Mathias Beche;;
46;0;227;1:22.350;0;;18.230;0;31.818;0;32.302;0;175.0;5:27:21.441;17:20;0:18.230;0:31.818;0:32.302;230.3;Mathias Beche;;
46;0;228;1:22.719;0;;18.122;0;32.144;0;32.453;0;174.2;5:28:44.160;17:22;0:18.122;0:32.144;0:32.453;229.8;Mathias Beche;;
46;0;229;1:22.801;0;;18.278;0;32.083;0;32.440;0;174.0;5:30:06.961;17:23;0:18.278;0:32.083;0:32.440;228.8;Mathias Beche;;
46;0;230;1:22.303;0;;18.048;0;31.957;0;32.298;0;175.1;5:31:29.264;17:24;0:18.048;0:31.957;0:32.298;228.8;Mathias Beche;;
46;0;231;1:22.624;0;;18.456;0;32.041;0;32.127;0;174.4;5:32:51.888;17:26;0:18.456;0:32.041;0:32.127;230.3;Mathias Beche;;
46;0;232;1:24.009;0;;18.364;0;33.235;0;32.410;0;171.5;5:34:15.897;17:27;0:18.364;0:33.235;0:32.410;230.8;Mathias Beche;;
46;0;233;1:22.433;0;;18.133;0;32.025;0;32.275;0;174.8;5:35:38.330;17:29;0:18.133;0:32.025;0:32.275;230.8;Mathias Beche;;
46;0;234;1:22.618;0;;18.074;0;32.186;0;32.358;0;174.4;5:37:00.948;17:30;0:18.074;0:32.186;0:32.358;229.8;Mathias Beche;;
46;0;235;1:23.764;0;;18.112;0;32.311;0;33.341;0;172.0;5:38:24.712;17:31;0:18.112;0:32.311;0:33.341;232.3;Mathias Beche;;
46;0;236;1:22.565;0;;18.137;0;31.966;0;32.462;0;174.5;5:39:47.277;17:33;0:18.137;0:31.966;0:32.462;231.3;Mathias Beche;;
46;0;237;1:22.002;0;;18.023;0;31.837;0;32.142;0;175.7;5:41:09.279;17:34;0:18.023;0:31.837;0:32.142;231.3;Mathias Beche;;
46;0;238;1:23.285;0;;18.008;0;32.985;0;32.292;0;173.0;5:42:32.564;17:35;0:18.008;0:32.985;0:32.292;231.8;Mathias Beche;;
46;0;239;1:22.130;0;;18.040;0;31.692;0;32.398;0;175.5;5:43:54.694;17:37;0:18.040;0:31.692;0:32.398;231.8;Mathias Beche;;
46;0;240;1:22.292;0;;18.045;0;31.918;0;32.329;0;175.1;5:45:16.986;17:38;0:18.045;0:31.918;0:32.329;230.8;Mathias Beche;;
46;0;241;1:22.748;0;;18.105;0;32.462;0;32.181;0;174.2;5:46:39.734;17:40;0:18.105;0:32.462;0:32.181;230.8;Mathias Beche;;
46;0;242;1:22.566;0;;18.034;0;31.765;0;32.767;0;174.5;5:48:02.300;17:41;0:18.034;0:31.765;0:32.767;230.3;Mathias Beche;;
46;0;243;1:22.367;0;;18.226;0;31.814;0;32.327;0;175.0;5:49:24.667;17:42;0:18.226;0:31.814;0:32.327;231.8;Mathias Beche;;
46;0;244;1:22.052;0;;18.159;0;31.658;0;32.235;0;175.6;5:50:46.719;17:44;0:18.159;0:31.658;0:32.235;232.3;Mathias Beche;;
46;0;245;1:22.763;0;;17.984;0;31.875;0;32.904;0;174.1;5:52:09.482;17:45;0:17.984;0:31.875;0:32.904;232.8;Mathias Beche;;
46;0;246;1:22.389;0;;18.147;0;31.886;0;32.356;0;174.9;5:53:31.871;17:46;0:18.147;0:31.886;0:32.356;231.3;Mathias Beche;;
46;0;247;1:22.362;0;;18.031;0;31.864;0;32.467;0;175.0;5:54:54.233;17:48;0:18.031;0:31.864;0:32.467;231.8;Mathias Beche;;
46;0;248;1:23.789;0;;18.101;0;32.626;0;33.062;0;172.0;5:56:18.022;17:49;0:18.101;0:32.626;0:33.062;231.3;Mathias Beche;;
46;0;249;1:23.374;0;;18.120;0;32.479;0;32.775;0;172.8;5:57:41.396;17:51;0:18.120;0:32.479;0:32.775;230.3;Mathias Beche;;
46;0;250;1:22.190;0;;18.176;0;31.739;0;32.275;0;175.3;5:59:03.586;17:52;0:18.176;0:31.739;0:32.275;232.3;Mathias Beche;;
46;0;251;1:23.049;0;;18.192;0;32.438;0;32.419;0;173.5;6:00:26.635;17:53;0:18.192;0:32.438;0:32.419;231.3;Mathias Beche;;
60;1;1;1:38.255;0;;24.235;0;37.669;0;36.351;0;146.7;1:38.255;11:55;0:24.235;0:37.669;0:36.351;217.7;Marco Cioci;;
60;1;2;1:32.877;0;;20.211;0;36.654;0;36.012;0;155.2;3:11.132;11:56;0:20.211;0:36.654;0:36.012;218.2;Marco Cioci;;
60;1;3;1:32.324;0;;20.164;0;36.359;0;35.801;0;156.1;4:43.456;11:58;0:20.164;0:36.359;0:35.801;220.0;Marco Cioci;;
60;1;4;1:31.462;0;;19.970;0;35.993;0;35.499;0;157.6;6:14.918;11:59;0:19.970;0:35.993;0:35.499;218.6;Marco Cioci;;
60;1;5;1:32.053;0;;20.130;0;36.204;0;35.719;0;156.5;7:46.971;12:01;0:20.130;0:36.204;0:35.719;216.4;Marco Cioci;;
60;1;6;1:31.481;0;;20.028;0;36.082;0;35.371;0;157.5;9:18.452;12:02;0:20.028;0:36.082;0:35.371;216.0;Marco Cioci;;
60;1;7;1:30.929;0;;19.971;0;35.744;0;35.214;0;158.5;10:49.381;12:04;0:19.971;0:35.744;0:35.214;217.3;Marco Cioci;;
60;1;8;1:32.702;0;;19.955;0;36.042;0;36.705;0;155.5;12:22.083;12:05;0:19.955;0:36.042;0:36.705;214.3;Marco Cioci;;
60;1;9;1:31.879;0;;20.025;0;36.136;0;35.718;0;156.8;13:53.962;12:07;0:20.025;0:36.136;0:35.718;216.4;Marco Cioci;;
60;1;10;1:31.284;0;;20.052;0;35.967;0;35.265;0;157.9;15:25.246;12:08;0:20.052;0:35.967;0:35.265;216.9;Marco Cioci;;
60;1;11;1:32.072;0;;20.041;0;36.217;0;35.814;0;156.5;16:57.318;12:10;0:20.041;0:36.217;0:35.814;216.9;Marco Cioci;;
60;1;12;1:31.589;0;;19.983;0;36.359;0;35.247;0;157.3;18:28.907;12:11;0:19.983;0:36.359;0:35.247;218.2;Marco Cioci;;
60;1;13;1:30.780;0;;19.834;0;35.830;0;35.116;0;158.7;19:59.687;12:13;0:19.834;0:35.830;0:35.116;216.9;Marco Cioci;;
60;1;14;1:31.278;0;;19.840;0;36.157;0;35.281;0;157.9;21:30.965;12:14;0:19.840;0:36.157;0:35.281;215.6;Marco Cioci;;
60;1;15;1:31.047;0;;19.902;0;35.734;0;35.411;0;158.3;23:02.012;12:16;0:19.902;0:35.734;0:35.411;216.4;Marco Cioci;;
60;1;16;1:31.415;0;;19.920;0;36.215;0;35.280;0;157.6;24:33.427;12:17;0:19.920;0:36.215;0:35.280;216.0;Marco Cioci;;
60;1;17;1:31.257;0;;19.947;0;36.010;0;35.300;0;157.9;26:04.684;12:19;0:19.947;0:36.010;0:35.300;215.6;Marco Cioci;;
60;1;18;1:31.305;0;;19.883;0;36.009;0;35.413;0;157.8;27:35.989;12:20;0:19.883;0:36.009;0:35.413;216.0;Marco Cioci;;
60;1;19;1:31.972;0;;19.890;0;36.098;0;35.984;0;156.7;29:07.961;12:22;0:19.890;0:36.098;0:35.984;214.7;Marco Cioci;;
60;1;20;1:31.168;0;;19.883;0;36.128;0;35.157;0;158.1;30:39.129;12:24;0:19.883;0:36.128;0:35.157;216.0;Marco Cioci;;
60;1;21;1:31.454;0;;19.912;0;36.050;0;35.492;0;157.6;32:10.583;12:25;0:19.912;0:36.050;0:35.492;216.0;Marco Cioci;;
60;1;22;1:32.108;0;;20.124;0;36.714;0;35.270;0;156.5;33:42.691;12:27;0:20.124;0:36.714;0:35.270;215.1;Marco Cioci;;
60;1;23;1:31.498;0;;19.947;0;36.069;0;35.482;0;157.5;35:14.189;12:28;0:19.947;0:36.069;0:35.482;216.0;Marco Cioci;;
60;1;24;1:31.751;0;;20.385;0;36.110;0;35.256;0;157.1;36:45.940;12:30;0:20.385;0:36.110;0:35.256;215.6;Marco Cioci;;
60;1;25;1:31.125;0;;19.972;0;35.971;0;35.182;0;158.1;38:17.065;12:31;0:19.972;0:35.971;0:35.182;215.6;Marco Cioci;;
60;1;26;1:31.053;0;;19.882;0;36.034;0;35.137;0;158.3;39:48.118;12:33;0:19.882;0:36.034;0:35.137;214.7;Marco Cioci;;
60;1;27;1:30.804;0;;19.892;0;35.886;0;35.026;0;158.7;41:18.922;12:34;0:19.892;0:35.886;0:35.026;215.6;Marco Cioci;;
60;1;28;1:30.756;0;;19.830;0;36.000;0;34.926;0;158.8;42:49.678;12:36;0:19.830;0:36.000;0:34.926;216.9;Marco Cioci;;
60;1;29;1:31.466;0;;20.123;0;36.235;0;35.108;0;157.6;44:21.144;12:37;0:20.123;0:36.235;0:35.108;217.3;Marco Cioci;;
60;1;30;1:30.558;0;;19.818;0;35.857;0;34.883;0;159.1;45:51.702;12:39;0:19.818;0:35.857;0:34.883;216.9;Marco Cioci;;
60;1;31;1:31.219;0;;19.843;0;35.845;0;35.531;0;158.0;47:22.921;12:40;0:19.843;0:35.845;0:35.531;216.4;Marco Cioci;;
60;1;32;1:30.673;0;;19.870;0;35.827;0;34.976;0;158.9;48:53.594;12:42;0:19.870;0:35.827;0:34.976;216.9;Marco Cioci;;
60;1;33;1:31.055;0;;19.925;0;36.045;0;35.085;0;158.3;50:24.649;12:43;0:19.925;0:36.045;0:35.085;218.6;Marco Cioci;;
60;1;34;1:30.623;0;;19.830;0;35.828;0;34.965;0;159.0;51:55.272;12:45;0:19.830;0:35.828;0:34.965;216.4;Marco Cioci;;
60;1;35;1:30.973;0;;19.853;0;35.787;0;35.333;0;158.4;53:26.245;12:46;0:19.853;0:35.787;0:35.333;216.0;Marco Cioci;;
60;1;36;1:30.824;0;;19.762;0;35.994;0;35.068;0;158.7;54:57.069;12:48;0:19.762;0:35.994;0:35.068;216.4;Marco Cioci;;
60;1;37;1:30.676;0;;19.813;0;35.902;0;34.961;0;158.9;56:27.745;12:49;0:19.813;0:35.902;0:34.961;218.2;Marco Cioci;;
60;1;38;1:30.592;0;;19.830;0;35.846;0;34.916;0;159.1;57:58.337;12:51;0:19.830;0:35.846;0:34.916;219.1;Marco Cioci;;
60;1;39;1:31.307;0;;19.779;0;36.390;0;35.138;0;157.8;59:29.644;12:52;0:19.779;0:36.390;0:35.138;217.3;Marco Cioci;;
60;1;40;1:30.589;0;;19.817;0;35.866;0;34.906;0;159.1;1:01:00.233;12:54;0:19.817;0:35.866;0:34.906;217.7;Marco Cioci;;
60;1;41;1:31.159;0;;19.837;0;36.027;0;35.295;0;158.1;1:02:31.392;12:55;0:19.837;0:36.027;0:35.295;217.3;Marco Cioci;;
60;1;42;1:30.965;0;;19.767;0;35.940;0;35.258;0;158.4;1:04:02.357;12:57;0:19.767;0:35.940;0:35.258;217.3;Marco Cioci;;
60;1;43;1:31.102;0;;19.806;0;35.782;0;35.514;0;158.2;1:05:33.459;12:58;0:19.806;0:35.782;0:35.514;217.3;Marco Cioci;;
60;1;44;1:33.222;0;;19.888;0;37.942;0;35.392;0;154.6;1:07:06.681;13:00;0:19.888;0:37.942;0:35.392;216.4;Marco Cioci;;
60;1;45;1:30.894;0;;19.858;0;36.021;0;35.015;0;158.5;1:08:37.575;13:02;0:19.858;0:36.021;0:35.015;216.9;Marco Cioci;;
60;1;46;1:35.089;0;B;19.851;0;36.556;0;38.682;0;151.6;1:10:12.664;13:03;0:19.851;0:36.556;0:38.682;215.6;Marco Cioci;;
60;0;47;2:57.164;0;;1:37.984;0;40.808;0;38.372;0;81.3;1:13:09.828;13:06;1:37.984;0:40.808;0:38.372;215.1;Piergiuseppe Perazzini;0:01:20;
60;0;48;1:35.210;0;;21.050;0;37.814;0;36.346;0;151.4;1:14:45.038;13:08;0:21.050;0:37.814;0:36.346;213.4;Piergiuseppe Perazzini;;
60;0;49;1:34.802;0;;20.584;0;37.132;0;37.086;0;152.0;1:16:19.840;13:09;0:20.584;0:37.132;0:37.086;213.4;Piergiuseppe Perazzini;;
60;0;50;1:34.195;0;;21.330;0;37.166;0;35.699;0;153.0;1:17:54.035;13:11;0:21.330;0:37.166;0:35.699;214.3;Piergiuseppe Perazzini;;
60;0;51;1:35.099;0;;20.182;0;37.037;0;37.880;0;151.5;1:19:29.134;13:12;0:20.182;0:37.037;0:37.880;214.7;Piergiuseppe Perazzini;;
60;0;52;1:35.219;0;;20.200;0;39.066;0;35.953;0;151.3;1:21:04.353;13:14;0:20.200;0:39.066;0:35.953;213.0;Piergiuseppe Perazzini;;
60;0;53;1:34.398;0;;20.350;0;37.968;0;36.080;0;152.7;1:22:38.751;13:16;0:20.350;0:37.968;0:36.080;214.7;Piergiuseppe Perazzini;;
60;0;54;1:33.408;0;;20.237;0;37.275;0;35.896;0;154.3;1:24:12.159;13:17;0:20.237;0:37.275;0:35.896;213.9;Piergiuseppe Perazzini;;
60;0;55;1:33.374;0;;20.195;0;37.009;0;36.170;0;154.3;1:25:45.533;13:19;0:20.195;0:37.009;0:36.170;213.0;Piergiuseppe Perazzini;;
60;0;56;1:33.085;0;;20.053;1;36.861;0;36.171;0;154.8;1:27:18.618;13:20;0:20.053;0:36.861;0:36.171;214.3;Piergiuseppe Perazzini;;
60;0;57;1:33.244;0;;20.139;0;36.935;0;36.170;0;154.5;1:28:51.862;13:22;0:20.139;0:36.935;0:36.170;213.9;Piergiuseppe Perazzini;;
60;0;58;1:33.225;0;;20.346;0;37.157;0;35.722;0;154.6;1:30:25.087;13:23;0:20.346;0:37.157;0:35.722;215.1;Piergiuseppe Perazzini;;
60;0;59;1:33.046;0;;20.323;0;36.960;0;35.763;0;154.9;1:31:58.133;13:25;0:20.323;0:36.960;0:35.763;214.3;Piergiuseppe Perazzini;;
60;0;60;1:32.992;0;;20.187;0;36.903;0;35.902;0;155.0;1:33:31.125;13:26;0:20.187;0:36.903;0:35.902;213.9;Piergiuseppe Perazzini;;
60;0;61;1:33.030;0;;20.316;0;36.760;0;35.954;0;154.9;1:35:04.155;13:28;0:20.316;0:36.760;0:35.954;215.1;Piergiuseppe Perazzini;;
60;0;62;1:32.847;0;;20.155;0;36.937;0;35.755;0;155.2;1:36:37.002;13:30;0:20.155;0:36.937;0:35.755;216.0;Piergiuseppe Perazzini;;
60;0;63;1:32.983;0;;20.151;0;37.115;0;35.717;0;155.0;1:38:09.985;13:31;0:20.151;0:37.115;0:35.717;215.6;Piergiuseppe Perazzini;;
60;0;64;1:32.639;0;;20.159;0;36.901;0;35.579;1;155.6;1:39:42.624;13:33;0:20.159;0:36.901;0:35.579;214.7;Piergiuseppe Perazzini;;
60;0;65;1:32.518;0;;20.146;0;36.721;0;35.651;0;155.8;1:41:15.142;13:34;0:20.146;0:36.721;0:35.651;214.3;Piergiuseppe Perazzini;;
60;0;66;1:32.886;0;;20.129;0;37.076;0;35.681;0;155.1;1:42:48.028;13:36;0:20.129;0:37.076;0:35.681;212.6;Piergiuseppe Perazzini;;
60;0;67;1:33.204;0;;20.303;0;36.911;0;35.990;0;154.6;1:44:21.232;13:37;0:20.303;0:36.911;0:35.990;213.4;Piergiuseppe Perazzini;;
60;0;68;1:33.133;0;;20.314;0;37.058;0;35.761;0;154.7;1:45:54.365;13:39;0:20.314;0:37.058;0:35.761;212.6;Piergiuseppe Perazzini;;
60;0;69;1:33.505;0;;20.207;0;37.157;0;36.141;0;154.1;1:47:27.870;13:40;0:20.207;0:37.157;0:36.141;213.9;Piergiuseppe Perazzini;;
60;0;70;1:32.808;0;;20.213;0;36.863;0;35.732;0;155.3;1:49:00.678;13:42;0:20.213;0:36.863;0:35.732;213.9;Piergiuseppe Perazzini;;
60;0;71;1:33.220;0;;20.406;0;37.000;0;35.814;0;154.6;1:50:33.898;13:43;0:20.406;0:37.000;0:35.814;212.6;Piergiuseppe Perazzini;;
60;0;72;1:32.984;0;;20.208;0;36.804;0;35.972;0;155.0;1:52:06.882;13:45;0:20.208;0:36.804;0:35.972;214.3;Piergiuseppe Perazzini;;
60;0;73;1:32.707;0;;20.339;0;36.548;1;35.820;0;155.4;1:53:39.589;13:47;0:20.339;0:36.548;0:35.820;213.9;Piergiuseppe Perazzini;;
60;0;74;1:33.192;0;;20.167;0;36.868;0;36.157;0;154.6;1:55:12.781;13:48;0:20.167;0:36.868;0:36.157;213.4;Piergiuseppe Perazzini;;
60;0;75;1:32.785;0;;20.125;0;36.944;0;35.716;0;155.3;1:56:45.566;13:50;0:20.125;0:36.944;0:35.716;215.1;Piergiuseppe Perazzini;;
60;0;76;1:33.114;0;;20.233;0;37.137;0;35.744;0;154.8;1:58:18.680;13:51;0:20.233;0:37.137;0:35.744;215.1;Piergiuseppe Perazzini;;
60;0;77;1:33.717;0;;20.357;0;37.571;0;35.789;0;153.8;1:59:52.397;13:53;0:20.357;0:37.571;0:35.789;213.9;Piergiuseppe Perazzini;;
60;0;78;1:33.374;0;;20.240;0;36.802;0;36.332;0;154.3;2:01:25.771;13:54;0:20.240;0:36.802;0:36.332;215.1;Piergiuseppe Perazzini;;
60;0;79;1:34.122;0;;20.406;0;37.484;0;36.232;0;153.1;2:02:59.893;13:56;0:20.406;0:37.484;0:36.232;213.4;Piergiuseppe Perazzini;;
60;0;80;1:32.464;0;;20.061;0;36.563;0;35.840;0;155.9;2:04:32.357;13:57;0:20.061;0:36.563;0:35.840;214.3;Piergiuseppe Perazzini;;
60;0;81;1:32.710;0;;20.143;0;36.614;0;35.953;0;155.4;2:06:05.067;13:59;0:20.143;0:36.614;0:35.953;214.3;Piergiuseppe Perazzini;;
60;0;82;1:33.569;0;;20.200;0;37.287;0;36.082;0;154.0;2:07:38.636;14:01;0:20.200;0:37.287;0:36.082;213.0;Piergiuseppe Perazzini;;
60;0;83;1:34.896;0;;20.392;0;37.377;0;37.127;0;151.9;2:09:13.532;14:02;0:20.392;0:37.377;0:37.127;214.3;Piergiuseppe Perazzini;;
60;0;84;1:32.573;0;;20.301;0;36.660;0;35.612;0;155.7;2:10:46.105;14:04;0:20.301;0:36.660;0:35.612;213.9;Piergiuseppe Perazzini;;
60;0;85;1:35.594;0;;20.331;0;37.839;0;37.424;0;150.8;2:12:21.699;14:05;0:20.331;0:37.839;0:37.424;211.8;Piergiuseppe Perazzini;;
60;0;86;1:34.801;0;;20.837;0;37.383;0;36.581;0;152.0;2:13:56.500;14:07;0:20.837;0:37.383;0:36.581;214.7;Piergiuseppe Perazzini;;
60;0;87;1:33.904;0;;20.420;0;37.212;0;36.272;0;153.5;2:15:30.404;14:08;0:20.420;0:37.212;0:36.272;213.4;Piergiuseppe Perazzini;;
60;0;88;1:35.992;0;;20.200;0;37.048;0;38.744;0;150.1;2:17:06.396;14:10;0:20.200;0:37.048;0:38.744;214.3;Piergiuseppe Perazzini;;
60;0;89;1:34.073;0;;20.413;0;37.494;0;36.166;0;153.2;2:18:40.469;14:12;0:20.413;0:37.494;0:36.166;213.0;Piergiuseppe Perazzini;;
60;0;90;1:34.519;0;;21.013;0;37.414;0;36.092;0;152.5;2:20:14.988;14:13;0:21.013;0:37.414;0:36.092;213.9;Piergiuseppe Perazzini;;
60;0;91;1:33.743;0;;20.353;0;37.231;0;36.159;0;153.7;2:21:48.731;14:15;0:20.353;0:37.231;0:36.159;214.3;Piergiuseppe Perazzini;;
60;0;92;1:34.782;0;;20.847;0;37.236;0;36.699;0;152.0;2:23:23.513;14:16;0:20.847;0:37.236;0:36.699;214.3;Piergiuseppe Perazzini;;
60;0;93;1:34.037;0;;20.485;0;37.207;0;36.345;0;153.2;2:24:57.550;14:18;0:20.485;0:37.207;0:36.345;213.0;Piergiuseppe Perazzini;;
60;0;94;1:35.165;0;;20.862;0;37.346;0;36.957;0;151.4;2:26:32.715;14:19;0:20.862;0:37.346;0:36.957;212.6;Piergiuseppe Perazzini;;
60;0;95;1:40.603;0;B;20.598;0;37.916;0;42.089;0;143.2;2:28:13.318;14:21;0:20.598;0:37.916;0:42.089;213.4;Piergiuseppe Perazzini;;
60;2;96;2:49.277;0;;1:36.209;0;37.317;0;35.751;0;85.1;2:31:02.595;14:24;1:36.209;0:37.317;0:35.751;215.6;Matt Griffin;0:01:21;
60;2;97;1:31.834;0;;20.149;0;36.259;0;35.426;0;156.9;2:32:34.429;14:25;0:20.149;0:36.259;0:35.426;215.1;Matt Griffin;;
60;2;98;1:31.237;0;;20.003;0;35.851;0;35.383;0;157.9;2:34:05.666;14:27;0:20.003;0:35.851;0:35.383;216.0;Matt Griffin;;
60;2;99;1:31.406;0;;19.883;0;35.688;0;35.835;0;157.7;2:35:37.072;14:29;0:19.883;0:35.688;0:35.835;217.3;Matt Griffin;;
60;2;100;1:31.063;0;;19.994;0;35.791;0;35.278;0;158.3;2:37:08.135;14:30;0:19.994;0:35.791;0:35.278;216.0;Matt Griffin;;
60;2;101;1:30.779;0;;19.852;0;35.717;0;35.210;0;158.7;2:38:38.914;14:32;0:19.852;0:35.717;0:35.210;216.0;Matt Griffin;;
60;2;102;1:30.868;0;;19.823;0;35.905;0;35.140;0;158.6;2:40:09.782;14:33;0:19.823;0:35.905;0:35.140;215.6;Matt Griffin;;
60;2;103;1:30.518;0;;19.813;0;35.701;0;35.004;0;159.2;2:41:40.300;14:35;0:19.813;0:35.701;0:35.004;216.4;Matt Griffin;;
60;2;104;1:30.957;0;;19.814;0;35.766;0;35.377;0;158.4;2:43:11.257;14:36;0:19.814;0:35.766;0:35.377;215.6;Matt Griffin;;
60;2;105;1:30.576;0;;19.856;0;35.619;0;35.101;0;159.1;2:44:41.833;14:38;0:19.856;0:35.619;0:35.101;216.4;Matt Griffin;;
60;2;106;1:31.019;0;;19.827;0;36.039;0;35.153;0;158.3;2:46:12.852;14:39;0:19.827;0:36.039;0:35.153;216.9;Matt Griffin;;
60;2;107;1:31.243;0;;19.827;0;36.197;0;35.219;0;157.9;2:47:44.095;14:41;0:19.827;0:36.197;0:35.219;215.1;Matt Griffin;;
60;2;108;1:30.908;0;;19.828;0;35.940;0;35.140;0;158.5;2:49:15.003;14:42;0:19.828;0:35.940;0:35.140;216.0;Matt Griffin;;
60;2;109;1:30.586;0;;19.894;0;35.664;0;35.028;0;159.1;2:50:45.589;14:44;0:19.894;0:35.664;0:35.028;216.9;Matt Griffin;;
60;2;110;1:30.821;0;;19.830;0;35.839;0;35.152;0;158.7;2:52:16.410;14:45;0:19.830;0:35.839;0:35.152;216.0;Matt Griffin;;
60;2;111;1:30.786;0;;19.803;0;35.958;0;35.025;0;158.7;2:53:47.196;14:47;0:19.803;0:35.958;0:35.025;215.1;Matt Griffin;;
60;2;112;1:31.032;0;;19.814;0;35.691;0;35.527;0;158.3;2:55:18.228;14:48;0:19.814;0:35.691;0:35.527;216.0;Matt Griffin;;
60;2;113;1:30.725;0;;19.925;0;35.770;0;35.030;0;158.8;2:56:48.953;14:50;0:19.925;0:35.770;0:35.030;215.1;Matt Griffin;;
60;2;114;1:30.949;0;;19.898;0;35.756;0;35.295;0;158.4;2:58:19.902;14:51;0:19.898;0:35.756;0:35.295;216.0;Matt Griffin;;
60;2;115;1:31.441;0;;19.885;0;35.840;0;35.716;0;157.6;2:59:51.343;14:53;0:19.885;0:35.840;0:35.716;216.0;Matt Griffin;;
60;2;116;1:30.989;0;;19.801;0;36.024;0;35.164;0;158.4;3:01:22.332;14:54;0:19.801;0:36.024;0:35.164;216.4;Matt Griffin;;
60;2;117;1:35.725;0;B;19.834;0;36.186;0;39.705;0;150.5;3:02:58.057;14:56;0:19.834;0:36.186;0:39.705;215.1;Matt Griffin;;
60;2;118;2:17.465;0;;1:03.285;0;37.052;0;37.128;0;104.8;3:05:15.522;14:58;1:03.285;0:37.052;0:37.128;216.4;Matt Griffin;0:00:48;
60;2;119;1:48.512;0;;20.131;0;37.138;0;51.243;0;132.8;3:07:04.034;15:00;0:20.131;0:37.138;0:51.243;151.3;Matt Griffin;;
60;2;120;2:02.583;0;;29.234;0;48.481;0;44.868;0;117.6;3:09:06.617;15:02;0:29.234;0:48.481;0:44.868;143.6;Matt Griffin;;
60;2;121;1:59.584;0;;26.019;0;47.630;0;45.935;0;120.5;3:11:06.201;15:04;0:26.019;0:47.630;0:45.935;172.0;Matt Griffin;;
60;2;122;2:00.675;0;;26.372;0;48.027;0;46.276;0;119.4;3:13:06.876;15:06;0:26.372;0:48.027;0:46.276;150.0;Matt Griffin;;
60;2;123;1:59.491;0;;25.646;0;47.171;0;46.674;0;120.6;3:15:06.367;15:08;0:25.646;0:47.171;0:46.674;160.0;Matt Griffin;;
60;2;124;2:02.953;0;;27.771;0;48.021;0;47.161;0;117.2;3:17:09.320;15:10;0:27.771;0:48.021;0:47.161;157.2;Matt Griffin;;
60;2;125;1:58.551;0;;27.481;0;46.788;0;44.282;0;121.6;3:19:07.871;15:12;0:27.481;0:46.788;0:44.282;157.0;Matt Griffin;;
60;2;126;1:33.314;0;;21.023;0;36.692;0;35.599;0;154.4;3:20:41.185;15:14;0:21.023;0:36.692;0:35.599;216.4;Matt Griffin;;
60;2;127;1:31.851;0;;20.073;0;36.444;0;35.334;0;156.9;3:22:13.036;15:15;0:20.073;0:36.444;0:35.334;216.4;Matt Griffin;;
60;2;128;1:31.441;0;;20.050;0;35.970;0;35.421;0;157.6;3:23:44.477;15:17;0:20.050;0:35.970;0:35.421;216.9;Matt Griffin;;
60;2;129;1:31.044;0;;19.956;0;35.857;0;35.231;0;158.3;3:25:15.521;15:18;0:19.956;0:35.857;0:35.231;216.0;Matt Griffin;;
60;2;130;1:31.131;0;;19.869;0;36.090;0;35.172;0;158.1;3:26:46.652;15:20;0:19.869;0:36.090;0:35.172;213.9;Matt Griffin;;
60;2;131;1:31.014;0;;20.014;0;35.766;0;35.234;0;158.3;3:28:17.666;15:21;0:20.014;0:35.766;0:35.234;215.6;Matt Griffin;;
60;2;132;1:30.847;0;;19.879;0;35.838;0;35.130;0;158.6;3:29:48.513;15:23;0:19.879;0:35.838;0:35.130;215.1;Matt Griffin;;
60;2;133;1:30.468;0;;19.907;0;35.713;0;34.848;0;159.3;3:31:18.981;15:24;0:19.907;0:35.713;0:34.848;215.6;Matt Griffin;;
60;2;134;1:30.514;0;;19.860;0;35.731;0;34.923;0;159.2;3:32:49.495;15:26;0:19.860;0:35.731;0:34.923;216.0;Matt Griffin;;
60;2;135;1:30.586;0;;19.914;0;35.661;0;35.011;0;159.1;3:34:20.081;15:27;0:19.914;0:35.661;0:35.011;216.0;Matt Griffin;;
60;2;136;1:30.702;0;;19.887;0;35.852;0;34.963;0;158.9;3:35:50.783;15:29;0:19.887;0:35.852;0:34.963;216.0;Matt Griffin;;
60;2;137;1:33.033;0;;20.822;0;36.882;0;35.329;0;154.9;3:37:23.816;15:30;0:20.822;0:36.882;0:35.329;216.0;Matt Griffin;;
60;2;138;1:30.865;0;;20.025;0;35.839;0;35.001;0;158.6;3:38:54.681;15:32;0:20.025;0:35.839;0:35.001;216.4;Matt Griffin;;
60;2;139;1:30.597;0;;19.963;0;35.892;0;34.742;0;159.1;3:40:25.278;15:33;0:19.963;0:35.892;0:34.742;216.9;Matt Griffin;;
60;2;140;1:30.638;0;;19.912;0;35.834;0;34.892;0;159.0;3:41:55.916;15:35;0:19.912;0:35.834;0:34.892;216.0;Matt Griffin;;
60;2;141;1:30.389;0;;19.901;0;35.669;0;34.819;0;159.4;3:43:26.305;15:36;0:19.901;0:35.669;0:34.819;216.0;Matt Griffin;;
60;2;142;1:30.507;0;;19.845;0;35.613;0;35.049;0;159.2;3:44:56.812;15:38;0:19.845;0:35.613;0:35.049;215.6;Matt Griffin;;
60;2;143;1:30.175;0;;19.903;0;35.558;0;34.714;1;159.8;3:46:26.987;15:39;0:19.903;0:35.558;0:34.714;216.9;Matt Griffin;;
60;2;144;1:30.269;0;;19.795;0;35.543;1;34.931;0;159.6;3:47:57.256;15:41;0:19.795;0:35.543;0:34.931;216.9;Matt Griffin;;
60;2;145;1:30.276;0;;19.780;0;35.616;0;34.880;0;159.6;3:49:27.532;15:42;0:19.780;0:35.616;0:34.880;217.3;Matt Griffin;;
60;2;146;1:30.532;0;;19.809;0;35.569;0;35.154;0;159.2;3:50:58.064;15:44;0:19.809;0:35.569;0:35.154;216.9;Matt Griffin;;
60;2;147;1:30.666;0;;20.044;0;35.623;0;34.999;0;158.9;3:52:28.730;15:45;0:20.044;0:35.623;0:34.999;218.2;Matt Griffin;;
60;2;148;1:31.626;0;;20.012;0;36.640;0;34.974;0;157.3;3:54:00.356;15:47;0:20.012;0:36.640;0:34.974;217.3;Matt Griffin;;
60;2;149;1:31.224;0;;19.882;0;36.169;0;35.173;0;158.0;3:55:31.580;15:48;0:19.882;0:36.169;0:35.173;216.9;Matt Griffin;;
60;2;150;1:30.575;0;;19.940;0;35.830;0;34.805;0;159.1;3:57:02.155;15:50;0:19.940;0:35.830;0:34.805;217.3;Matt Griffin;;
60;2;151;1:30.684;0;;20.106;0;35.660;0;34.918;0;158.9;3:58:32.839;15:51;0:20.106;0:35.660;0:34.918;217.3;Matt Griffin;;
60;2;152;1:30.321;0;;19.764;1;35.639;0;34.918;0;159.6;4:00:03.160;15:53;0:19.764;0:35.639;0:34.918;216.9;Matt Griffin;;
60;2;153;1:31.271;0;;19.870;0;35.947;0;35.454;0;157.9;4:01:34.431;15:54;0:19.870;0:35.947;0:35.454;217.3;Matt Griffin;;
60;2;154;1:30.445;0;;19.796;0;35.886;0;34.763;0;159.3;4:03:04.876;15:56;0:19.796;0:35.886;0:34.763;219.5;Matt Griffin;;
60;2;155;1:30.706;0;;19.791;0;35.811;0;35.104;0;158.9;4:04:35.582;15:57;0:19.791;0:35.811;0:35.104;218.6;Matt Griffin;;
60;2;156;1:30.635;0;;19.808;0;35.770;0;35.057;0;159.0;4:06:06.217;15:59;0:19.808;0:35.770;0:35.057;217.7;Matt Griffin;;
60;2;157;1:30.627;0;;19.837;0;35.854;0;34.936;0;159.0;4:07:36.844;16:01;0:19.837;0:35.854;0:34.936;217.7;Matt Griffin;;
60;2;158;1:30.510;0;;19.854;0;35.762;0;34.894;0;159.2;4:09:07.354;16:02;0:19.854;0:35.762;0:34.894;216.9;Matt Griffin;;
60;2;159;1:30.843;0;;19.768;0;35.824;0;35.251;0;158.6;4:10:38.197;16:04;0:19.768;0:35.824;0:35.251;216.0;Matt Griffin;;
60;2;160;1:30.796;0;;19.927;0;35.814;0;35.055;0;158.7;4:12:08.993;16:05;0:19.927;0:35.814;0:35.055;216.9;Matt Griffin;;
60;2;161;1:30.566;0;;19.869;0;35.762;0;34.935;0;159.1;4:13:39.559;16:07;0:19.869;0:35.762;0:34.935;217.3;Matt Griffin;;
60;2;162;1:30.792;0;;19.855;0;35.860;0;35.077;0;158.7;4:15:10.351;16:08;0:19.855;0:35.860;0:35.077;217.7;Matt Griffin;;
60;2;163;1:31.527;0;;19.923;0;36.164;0;35.440;0;157.4;4:16:41.878;16:10;0:19.923;0:36.164;0:35.440;217.3;Matt Griffin;;
60;2;164;1:32.051;0;;20.171;0;36.640;0;35.240;0;156.6;4:18:13.929;16:11;0:20.171;0:36.640;0:35.240;216.9;Matt Griffin;;
60;2;165;1:35.677;0;B;19.873;0;36.135;0;39.669;0;150.6;4:19:49.606;16:13;0:19.873;0:36.135;0:39.669;217.7;Matt Griffin;;
60;1;166;2:46.950;0;;1:35.022;0;36.247;0;35.681;0;86.3;4:22:36.556;16:16;1:35.022;0:36.247;0:35.681;215.1;Marco Cioci;0:01:20;
60;1;167;1:31.270;0;;20.025;0;35.956;0;35.289;0;157.9;4:24:07.826;16:17;0:20.025;0:35.956;0:35.289;216.4;Marco Cioci;;
60;1;168;1:31.003;0;;19.872;0;36.029;0;35.102;0;158.4;4:25:38.829;16:19;0:19.872;0:36.029;0:35.102;215.1;Marco Cioci;;
60;1;169;1:30.466;0;;19.915;0;35.736;0;34.815;0;159.3;4:27:09.295;16:20;0:19.915;0:35.736;0:34.815;215.6;Marco Cioci;;
60;1;170;1:30.353;0;;19.853;0;35.582;0;34.918;0;159.5;4:28:39.648;16:22;0:19.853;0:35.582;0:34.918;216.0;Marco Cioci;;
60;1;171;1:30.529;0;;19.835;0;35.683;0;35.011;0;159.2;4:30:10.177;16:23;0:19.835;0:35.683;0:35.011;216.4;Marco Cioci;;
60;1;172;1:31.521;0;;19.797;0;35.677;0;36.047;0;157.5;4:31:41.698;16:25;0:19.797;0:35.677;0:36.047;216.0;Marco Cioci;;
60;1;173;1:30.133;0;;19.935;0;35.409;0;34.789;0;159.9;4:33:11.831;16:26;0:19.935;0:35.409;0:34.789;216.0;Marco Cioci;;
60;1;174;1:29.945;2;;19.775;0;35.377;2;34.793;0;160.2;4:34:41.776;16:28;0:19.775;0:35.377;0:34.793;216.4;Marco Cioci;;
60;1;175;1:30.786;0;;19.770;0;35.959;0;35.057;0;158.7;4:36:12.562;16:29;0:19.770;0:35.959;0:35.057;215.6;Marco Cioci;;
60;1;176;1:30.834;0;;20.226;0;35.649;0;34.959;0;158.6;4:37:43.396;16:31;0:20.226;0:35.649;0:34.959;214.3;Marco Cioci;;
60;1;177;1:31.137;0;;19.888;0;36.427;0;34.822;0;158.1;4:39:14.533;16:32;0:19.888;0:36.427;0:34.822;215.1;Marco Cioci;;
60;1;178;1:30.710;0;;19.886;0;35.708;0;35.116;0;158.9;4:40:45.243;16:34;0:19.886;0:35.708;0:35.116;213.9;Marco Cioci;;
60;1;179;1:30.174;0;;19.770;0;35.579;0;34.825;0;159.8;4:42:15.417;16:35;0:19.770;0:35.579;0:34.825;215.1;Marco Cioci;;
60;1;180;1:31.097;0;;19.939;0;36.207;0;34.951;0;158.2;4:43:46.514;16:37;0:19.939;0:36.207;0:34.951;214.7;Marco Cioci;;
60;1;181;1:30.276;0;;19.757;2;35.662;0;34.857;0;159.6;4:45:16.790;16:38;0:19.757;0:35.662;0:34.857;216.0;Marco Cioci;;
60;1;182;1:31.235;0;;19.928;0;35.912;0;35.395;0;158.0;4:46:48.025;16:40;0:19.928;0:35.912;0:35.395;213.4;Marco Cioci;;
60;1;183;1:30.648;0;;19.875;0;35.721;0;35.052;0;159.0;4:48:18.673;16:41;0:19.875;0:35.721;0:35.052;213.9;Marco Cioci;;
60;1;184;1:31.629;0;;20.016;0;36.772;0;34.841;0;157.3;4:49:50.302;16:43;0:20.016;0:36.772;0:34.841;216.0;Marco Cioci;;
60;1;185;1:30.554;0;;19.825;0;35.810;0;34.919;0;159.1;4:51:20.856;16:44;0:19.825;0:35.810;0:34.919;216.0;Marco Cioci;;
60;1;186;1:30.708;0;;20.147;0;35.582;0;34.979;0;158.9;4:52:51.564;16:46;0:20.147;0:35.582;0:34.979;216.9;Marco Cioci;;
60;1;187;1:31.262;0;;20.070;0;35.800;0;35.392;0;157.9;4:54:22.826;16:47;0:20.070;0:35.800;0:35.392;217.3;Marco Cioci;;
60;1;188;1:30.431;0;;19.800;0;35.634;0;34.997;0;159.4;4:55:53.257;16:49;0:19.800;0:35.634;0:34.997;215.6;Marco Cioci;;
60;1;189;1:30.317;0;;19.821;0;35.706;0;34.790;0;159.6;4:57:23.574;16:50;0:19.821;0:35.706;0:34.790;214.3;Marco Cioci;;
60;1;190;1:30.273;0;;19.797;0;35.563;0;34.913;0;159.6;4:58:53.847;16:52;0:19.797;0:35.563;0:34.913;214.7;Marco Cioci;;
60;1;191;1:30.634;0;;19.822;0;35.733;0;35.079;0;159.0;5:00:24.481;16:53;0:19.822;0:35.733;0:35.079;214.3;Marco Cioci;;
60;1;192;1:30.307;0;;19.786;0;35.541;0;34.980;0;159.6;5:01:54.788;16:55;0:19.786;0:35.541;0:34.980;215.1;Marco Cioci;;
60;1;193;1:33.844;0;B;19.910;0;35.609;0;38.325;0;153.6;5:03:28.632;16:56;0:19.910;0:35.609;0:38.325;216.0;Marco Cioci;;
60;1;194;2:06.309;0;;54.869;0;36.484;0;34.956;0;114.1;5:05:34.941;16:58;0:54.869;0:36.484;0:34.956;214.7;Marco Cioci;0:00:40;
60;1;195;1:30.755;0;;19.972;0;35.783;0;35.000;0;158.8;5:07:05.696;17:00;0:19.972;0:35.783;0:35.000;213.9;Marco Cioci;;
60;1;196;1:30.693;0;;19.967;0;35.796;0;34.930;0;158.9;5:08:36.389;17:01;0:19.967;0:35.796;0:34.930;214.3;Marco Cioci;;
60;1;197;1:30.506;0;;19.884;0;35.955;0;34.667;0;159.2;5:10:06.895;17:03;0:19.884;0:35.955;0:34.667;215.6;Marco Cioci;;
60;1;198;1:30.124;0;;19.803;0;35.672;0;34.649;2;159.9;5:11:37.019;17:05;0:19.803;0:35.672;0:34.649;216.4;Marco Cioci;;
60;1;199;1:30.666;0;;19.824;0;35.855;0;34.987;0;158.9;5:13:07.685;17:06;0:19.824;0:35.855;0:34.987;214.7;Marco Cioci;;
60;1;200;1:30.553;0;;19.847;0;35.735;0;34.971;0;159.1;5:14:38.238;17:08;0:19.847;0:35.735;0:34.971;215.1;Marco Cioci;;
60;1;201;1:30.950;0;;19.846;0;35.813;0;35.291;0;158.4;5:16:09.188;17:09;0:19.846;0:35.813;0:35.291;215.6;Marco Cioci;;
60;1;202;1:30.708;0;;19.887;0;35.926;0;34.895;0;158.9;5:17:39.896;17:11;0:19.887;0:35.926;0:34.895;213.9;Marco Cioci;;
60;1;203;1:30.407;0;;19.917;0;35.664;0;34.826;0;159.4;5:19:10.303;17:12;0:19.917;0:35.664;0:34.826;215.1;Marco Cioci;;
60;1;204;1:31.050;0;;19.860;0;35.848;0;35.342;0;158.3;5:20:41.353;17:14;0:19.860;0:35.848;0:35.342;214.3;Marco Cioci;;
60;1;205;1:32.230;0;;19.952;0;35.799;0;36.479;0;156.2;5:22:13.583;17:15;0:19.952;0:35.799;0:36.479;213.9;Marco Cioci;;
60;1;206;1:30.921;0;;19.913;0;35.923;0;35.085;0;158.5;5:23:44.504;17:17;0:19.913;0:35.923;0:35.085;215.1;Marco Cioci;;
60;1;207;1:30.490;0;;19.849;0;35.843;0;34.798;0;159.3;5:25:14.994;17:18;0:19.849;0:35.843;0:34.798;215.6;Marco Cioci;;
60;1;208;1:30.823;0;;19.919;0;35.938;0;34.966;0;158.7;5:26:45.817;17:20;0:19.919;0:35.938;0:34.966;215.1;Marco Cioci;;
60;1;209;1:31.802;0;;20.049;0;36.654;0;35.099;0;157.0;5:28:17.619;17:21;0:20.049;0:36.654;0:35.099;215.1;Marco Cioci;;
60;1;210;1:30.718;0;;19.838;0;35.868;0;35.012;0;158.9;5:29:48.337;17:23;0:19.838;0:35.868;0:35.012;215.1;Marco Cioci;;
60;1;211;1:30.628;0;;19.862;0;35.817;0;34.949;0;159.0;5:31:18.965;17:24;0:19.862;0:35.817;0:34.949;215.1;Marco Cioci;;
60;1;212;1:31.088;0;;19.906;0;36.039;0;35.143;0;158.2;5:32:50.053;17:26;0:19.906;0:36.039;0:35.143;214.3;Marco Cioci;;
60;1;213;1:31.404;0;;19.953;0;36.160;0;35.291;0;157.7;5:34:21.457;17:27;0:19.953;0:36.160;0:35.291;214.7;Marco Cioci;;
60;1;214;1:31.440;0;;20.037;0;36.080;0;35.323;0;157.6;5:35:52.897;17:29;0:20.037;0:36.080;0:35.323;216.0;Marco Cioci;;
60;1;215;1:30.891;0;;19.895;0;36.009;0;34.987;0;158.6;5:37:23.788;17:30;0:19.895;0:36.009;0:34.987;213.9;Marco Cioci;;
60;1;216;1:30.799;0;;19.875;0;36.082;0;34.842;0;158.7;5:38:54.587;17:32;0:19.875;0:36.082;0:34.842;215.1;Marco Cioci;;
60;1;217;1:30.515;0;;19.901;0;35.815;0;34.799;0;159.2;5:40:25.102;17:33;0:19.901;0:35.815;0:34.799;215.6;Marco Cioci;;
60;1;218;1:30.868;0;;19.881;0;35.951;0;35.036;0;158.6;5:41:55.970;17:35;0:19.881;0:35.951;0:35.036;215.6;Marco Cioci;;
60;1;219;1:32.580;0;;19.912;0;36.946;0;35.722;0;155.7;5:43:28.550;17:36;0:19.912;0:36.946;0:35.722;216.9;Marco Cioci;;
60;1;220;1:31.340;0;;19.842;0;36.481;0;35.017;0;157.8;5:44:59.890;17:38;0:19.842;0:36.481;0:35.017;215.1;Marco Cioci;;
60;1;221;1:31.394;0;;19.879;0;36.028;0;35.487;0;157.7;5:46:31.284;17:39;0:19.879;0:36.028;0:35.487;214.3;Marco Cioci;;
60;1;222;1:31.013;0;;19.903;0;35.938;0;35.172;0;158.3;5:48:02.297;17:41;0:19.903;0:35.938;0:35.172;214.3;Marco Cioci;;
60;1;223;1:31.409;0;;20.124;0;36.145;0;35.140;0;157.7;5:49:33.706;17:42;0:20.124;0:36.145;0:35.140;215.6;Marco Cioci;;
60;1;224;1:31.261;0;;19.854;0;36.391;0;35.016;0;157.9;5:51:04.967;17:44;0:19.854;0:36.391;0:35.016;216.0;Marco Cioci;;
60;1;225;1:30.903;0;;19.846;0;36.129;0;34.928;0;158.5;5:52:35.870;17:45;0:19.846;0:36.129;0:34.928;216.4;Marco Cioci;;
60;1;226;1:31.094;0;;19.847;0;35.920;0;35.327;0;158.2;5:54:06.964;17:47;0:19.847;0:35.920;0:35.327;216.0;Marco Cioci;;
60;1;227;1:30.670;0;;19.815;0;35.942;0;34.913;0;158.9;5:55:37.634;17:49;0:19.815;0:35.942;0:34.913;216.0;Marco Cioci;;
60;1;228;1:39.066;0;;19.863;0;40.697;0;38.506;0;145.5;5:57:16.700;17:50;0:19.863;0:40.697;0:38.506;213.9;Marco Cioci;;
60;1;229;1:33.876;0;;20.097;0;38.002;0;35.777;0;153.5;5:58:50.576;17:52;0:20.097;0:38.002;0:35.777;213.0;Marco Cioci;;
60;1;230;1:33.314;0;;20.169;0;36.984;0;36.161;0;154.4;6:00:23.890;17:53;0:20.169;0:36.984;0:36.161;214.7;Marco Cioci;;
66;1;1;1:37.447;0;;23.801;0;37.215;0;36.431;0;147.9;1:37.447;11:55;0:23.801;0:37.215;0:36.431;219.1;Jonathan Cocker;;
66;1;2;1:32.166;0;;20.241;0;36.153;0;35.772;0;156.4;3:09.613;11:56;0:20.241;0:36.153;0:35.772;220.4;Jonathan Cocker;;
66;1;3;1:31.710;0;;19.931;0;36.274;0;35.505;0;157.1;4:41.323;11:58;0:19.931;0:36.274;0:35.505;219.1;Jonathan Cocker;;
66;1;4;1:31.103;0;;19.894;0;35.723;0;35.486;0;158.2;6:12.426;11:59;0:19.894;0:35.723;0:35.486;219.1;Jonathan Cocker;;
66;1;5;1:30.718;0;;19.819;0;35.560;0;35.339;0;158.9;7:43.144;12:01;0:19.819;0:35.560;0:35.339;218.6;Jonathan Cocker;;
66;1;6;1:30.558;0;;19.791;0;35.495;0;35.272;0;159.1;9:13.702;12:02;0:19.791;0:35.495;0:35.272;218.6;Jonathan Cocker;;
66;1;7;1:30.520;0;;19.784;0;35.449;0;35.287;0;159.2;10:44.222;12:04;0:19.784;0:35.449;0:35.287;220.0;Jonathan Cocker;;
66;1;8;1:30.683;0;;19.769;0;35.418;0;35.496;0;158.9;12:14.905;12:05;0:19.769;0:35.418;0:35.496;218.2;Jonathan Cocker;;
66;1;9;1:30.790;0;;19.887;0;35.632;0;35.271;0;158.7;13:45.695;12:07;0:19.887;0:35.632;0:35.271;219.1;Jonathan Cocker;;
66;1;10;1:30.868;0;;19.881;0;35.537;0;35.450;0;158.6;15:16.563;12:08;0:19.881;0:35.537;0:35.450;219.1;Jonathan Cocker;;
66;1;11;1:31.613;0;;19.996;0;36.191;0;35.426;0;157.3;16:48.176;12:10;0:19.996;0:36.191;0:35.426;218.6;Jonathan Cocker;;
66;1;12;1:31.716;0;;19.877;0;35.717;0;36.122;0;157.1;18:19.892;12:11;0:19.877;0:35.717;0:36.122;217.7;Jonathan Cocker;;
66;1;13;1:32.950;0;;20.201;0;36.298;0;36.451;0;155.0;19:52.842;12:13;0:20.201;0:36.298;0:36.451;219.5;Jonathan Cocker;;
66;1;14;1:33.765;0;;19.979;0;35.799;0;37.987;0;153.7;21:26.607;12:14;0:19.979;0:35.799;0:37.987;219.1;Jonathan Cocker;;
66;1;15;1:30.961;0;;19.925;0;35.733;0;35.303;0;158.4;22:57.568;12:16;0:19.925;0:35.733;0:35.303;219.1;Jonathan Cocker;;
66;1;16;1:30.916;0;;19.841;0;35.740;0;35.335;0;158.5;24:28.484;12:17;0:19.841;0:35.740;0:35.335;218.6;Jonathan Cocker;;
66;1;17;1:30.794;0;;19.770;0;35.681;0;35.343;0;158.7;25:59.278;12:19;0:19.770;0:35.681;0:35.343;217.7;Jonathan Cocker;;
66;1;18;1:30.672;0;;19.805;0;35.600;0;35.267;0;158.9;27:29.950;12:20;0:19.805;0:35.600;0:35.267;219.1;Jonathan Cocker;;
66;1;19;1:30.853;0;;19.808;0;35.646;0;35.399;0;158.6;29:00.803;12:22;0:19.808;0:35.646;0:35.399;217.7;Jonathan Cocker;;
66;1;20;1:32.218;0;;19.925;0;36.713;0;35.580;0;156.3;30:33.021;12:23;0:19.925;0:36.713;0:35.580;217.3;Jonathan Cocker;;
66;1;21;1:31.215;0;;19.918;0;35.942;0;35.355;0;158.0;32:04.236;12:25;0:19.918;0:35.942;0:35.355;217.7;Jonathan Cocker;;
66;1;22;1:31.329;0;;19.818;0;35.999;0;35.512;0;157.8;33:35.565;12:26;0:19.818;0:35.999;0:35.512;218.2;Jonathan Cocker;;
66;1;23;1:31.693;0;;19.955;0;36.307;0;35.431;0;157.2;35:07.258;12:28;0:19.955;0:36.307;0:35.431;217.7;Jonathan Cocker;;
66;1;24;1:31.134;0;;19.801;0;35.756;0;35.577;0;158.1;36:38.392;12:30;0:19.801;0:35.756;0:35.577;217.7;Jonathan Cocker;;
66;1;25;1:31.356;0;;20.070;0;35.918;0;35.368;0;157.7;38:09.748;12:31;0:20.070;0:35.918;0:35.368;218.6;Jonathan Cocker;;
66;1;26;1:31.004;0;;19.863;0;35.888;0;35.253;0;158.4;39:40.752;12:33;0:19.863;0:35.888;0:35.253;217.7;Jonathan Cocker;;
66;1;27;1:31.249;0;;19.879;0;35.955;0;35.415;0;157.9;41:12.001;12:34;0:19.879;0:35.955;0:35.415;218.2;Jonathan Cocker;;
66;1;28;1:30.940;0;;19.830;0;35.816;0;35.294;0;158.5;42:42.941;12:36;0:19.830;0:35.816;0:35.294;218.6;Jonathan Cocker;;
66;1;29;1:31.239;0;;19.865;0;35.873;0;35.501;0;157.9;44:14.180;12:37;0:19.865;0:35.873;0:35.501;219.1;Jonathan Cocker;;
66;1;30;1:31.635;0;;20.070;0;36.339;0;35.226;0;157.3;45:45.815;12:39;0:20.070;0:36.339;0:35.226;220.0;Jonathan Cocker;;
66;1;31;1:30.781;0;;19.896;0;35.792;0;35.093;0;158.7;47:16.596;12:40;0:19.896;0:35.792;0:35.093;218.2;Jonathan Cocker;;
66;1;32;1:31.487;0;;19.800;0;35.881;0;35.806;0;157.5;48:48.083;12:42;0:19.800;0:35.881;0:35.806;218.6;Jonathan Cocker;;
66;1;33;1:30.650;0;;19.833;0;35.747;0;35.070;0;159.0;50:18.733;12:43;0:19.833;0:35.747;0:35.070;218.6;Jonathan Cocker;;
66;1;34;1:31.324;0;;19.811;0;36.230;0;35.283;0;157.8;51:50.057;12:45;0:19.811;0:36.230;0:35.283;219.1;Jonathan Cocker;;
66;1;35;1:31.032;0;;19.857;0;35.990;0;35.185;0;158.3;53:21.089;12:46;0:19.857;0:35.990;0:35.185;218.2;Jonathan Cocker;;
66;1;36;1:31.699;0;;19.795;0;35.900;0;36.004;0;157.2;54:52.788;12:48;0:19.795;0:35.900;0:36.004;218.6;Jonathan Cocker;;
66;1;37;1:31.005;0;;20.009;0;35.913;0;35.083;0;158.4;56:23.793;12:49;0:20.009;0:35.913;0:35.083;219.5;Jonathan Cocker;;
66;1;38;1:30.898;0;;19.958;0;35.682;0;35.258;0;158.5;57:54.691;12:51;0:19.958;0:35.682;0:35.258;220.0;Jonathan Cocker;;
66;1;39;1:30.846;0;;19.879;0;35.698;0;35.269;0;158.6;59:25.537;12:52;0:19.879;0:35.698;0:35.269;219.5;Jonathan Cocker;;
66;1;40;1:31.491;0;;19.989;0;35.789;0;35.713;0;157.5;1:00:57.028;12:54;0:19.989;0:35.789;0:35.713;220.0;Jonathan Cocker;;
66;1;41;1:31.043;0;;19.831;0;35.967;0;35.245;0;158.3;1:02:28.071;12:55;0:19.831;0:35.967;0:35.245;219.5;Jonathan Cocker;;
66;1;42;1:30.986;0;;19.798;0;35.990;0;35.198;0;158.4;1:03:59.057;12:57;0:19.798;0:35.990;0:35.198;219.5;Jonathan Cocker;;
66;1;43;1:31.666;0;;19.777;0;36.566;0;35.323;0;157.2;1:05:30.723;12:58;0:19.777;0:36.566;0:35.323;220.0;Jonathan Cocker;;
66;1;44;1:31.835;0;;19.787;0;36.402;0;35.646;0;156.9;1:07:02.558;13:00;0:19.787;0:36.402;0:35.646;219.5;Jonathan Cocker;;
66;1;45;1:30.419;0;;19.767;0;35.646;0;35.006;0;159.4;1:08:32.977;13:01;0:19.767;0:35.646;0:35.006;220.0;Jonathan Cocker;;
66;1;46;1:33.966;0;B;19.768;0;35.721;0;38.477;0;153.4;1:10:06.943;13:03;0:19.768;0:35.721;0:38.477;220.4;Jonathan Cocker;;
66;0;47;3:07.219;0;;1:53.046;0;37.471;0;36.702;0;77.0;1:13:14.162;13:06;1:53.046;0:37.471;0:36.702;215.6;Allan Simonsen;0:01:38;
66;0;48;1:31.351;0;;20.058;0;35.698;0;35.595;0;157.8;1:14:45.513;13:08;0:20.058;0:35.698;0:35.595;218.2;Allan Simonsen;;
66;0;49;1:34.564;0;;20.276;0;37.117;0;37.171;0;152.4;1:16:20.077;13:09;0:20.276;0:37.117;0:37.171;217.7;Allan Simonsen;;
66;0;50;1:31.695;0;;20.664;0;35.704;0;35.327;0;157.2;1:17:51.772;13:11;0:20.664;0:35.704;0:35.327;218.6;Allan Simonsen;;
66;0;51;1:30.669;0;;19.805;0;35.347;0;35.517;0;158.9;1:19:22.441;13:12;0:19.805;0:35.347;0:35.517;219.5;Allan Simonsen;;
66;0;52;1:30.491;0;;19.891;0;35.623;0;34.977;0;159.3;1:20:52.932;13:14;0:19.891;0:35.623;0:34.977;218.6;Allan Simonsen;;
66;0;53;1:30.151;0;;19.750;0;35.333;0;35.068;0;159.9;1:22:23.083;13:15;0:19.750;0:35.333;0:35.068;218.2;Allan Simonsen;;
66;0;54;1:31.676;0;;20.197;0;35.839;0;35.640;0;157.2;1:23:54.759;13:17;0:20.197;0:35.839;0:35.640;217.7;Allan Simonsen;;
66;0;55;1:32.070;0;;19.921;0;36.131;0;36.018;0;156.5;1:25:26.829;13:18;0:19.921;0:36.131;0:36.018;217.3;Allan Simonsen;;
66;0;56;1:30.906;0;;19.921;0;35.707;0;35.278;0;158.5;1:26:57.735;13:20;0:19.921;0:35.707;0:35.278;217.7;Allan Simonsen;;
66;0;57;1:30.529;0;;19.836;0;35.525;0;35.168;0;159.2;1:28:28.264;13:21;0:19.836;0:35.525;0:35.168;217.7;Allan Simonsen;;
66;0;58;1:30.357;0;;19.842;0;35.492;0;35.023;0;159.5;1:29:58.621;13:23;0:19.842;0:35.492;0:35.023;218.2;Allan Simonsen;;
66;0;59;1:30.746;0;;19.830;0;35.760;0;35.156;0;158.8;1:31:29.367;13:24;0:19.830;0:35.760;0:35.156;217.7;Allan Simonsen;;
66;0;60;1:31.467;0;;20.394;0;35.835;0;35.238;0;157.6;1:33:00.834;13:26;0:20.394;0:35.835;0:35.238;218.2;Allan Simonsen;;
66;0;61;1:31.277;0;;19.938;0;36.128;0;35.211;0;157.9;1:34:32.111;13:27;0:19.938;0:36.128;0:35.211;219.1;Allan Simonsen;;
66;0;62;1:30.689;0;;19.955;0;35.584;0;35.150;0;158.9;1:36:02.800;13:29;0:19.955;0:35.584;0:35.150;219.1;Allan Simonsen;;
66;0;63;1:30.416;0;;19.805;0;35.578;0;35.033;0;159.4;1:37:33.216;13:30;0:19.805;0:35.578;0:35.033;218.2;Allan Simonsen;;
66;0;64;1:30.987;0;;19.864;0;35.761;0;35.362;0;158.4;1:39:04.203;13:32;0:19.864;0:35.761;0:35.362;218.2;Allan Simonsen;;
66;0;65;1:30.300;0;;19.766;0;35.468;0;35.066;0;159.6;1:40:34.503;13:33;0:19.766;0:35.468;0:35.066;217.3;Allan Simonsen;;
66;0;66;1:30.074;0;;19.844;0;35.329;0;34.901;0;160.0;1:42:04.577;13:35;0:19.844;0:35.329;0:34.901;217.7;Allan Simonsen;;
66;0;67;1:32.733;0;;19.816;0;37.530;0;35.387;0;155.4;1:43:37.310;13:37;0:19.816;0:37.530;0:35.387;217.3;Allan Simonsen;;
66;0;68;1:30.764;0;;19.912;0;35.686;0;35.166;0;158.8;1:45:08.074;13:38;0:19.912;0:35.686;0:35.166;216.4;Allan Simonsen;;
66;0;69;1:30.383;0;;19.774;0;35.509;0;35.100;0;159.4;1:46:38.457;13:40;0:19.774;0:35.509;0:35.100;217.3;Allan Simonsen;;
66;0;70;1:30.760;0;;19.839;0;35.555;0;35.366;0;158.8;1:48:09.217;13:41;0:19.839;0:35.555;0:35.366;217.7;Allan Simonsen;;
66;0;71;1:30.998;0;;19.811;0;35.946;0;35.241;0;158.4;1:49:40.215;13:43;0:19.811;0:35.946;0:35.241;218.2;Allan Simonsen;;
66;0;72;1:31.264;0;;19.877;0;36.048;0;35.339;0;157.9;1:51:11.479;13:44;0:19.877;0:36.048;0:35.339;218.6;Allan Simonsen;;
66;0;73;1:30.901;0;;19.959;0;35.718;0;35.224;0;158.5;1:52:42.380;13:46;0:19.959;0:35.718;0:35.224;218.2;Allan Simonsen;;
66;0;74;1:30.427;0;;19.862;0;35.533;0;35.032;0;159.4;1:54:12.807;13:47;0:19.862;0:35.533;0:35.032;218.2;Allan Simonsen;;
66;0;75;1:30.965;0;;19.859;0;35.952;0;35.154;0;158.4;1:55:43.772;13:49;0:19.859;0:35.952;0:35.154;218.6;Allan Simonsen;;
66;0;76;1:30.310;0;;19.730;1;35.469;0;35.111;0;159.6;1:57:14.082;13:50;0:19.730;0:35.469;0:35.111;218.2;Allan Simonsen;;
66;0;77;1:30.910;0;;19.865;0;35.694;0;35.351;0;158.5;1:58:44.992;13:52;0:19.865;0:35.694;0:35.351;219.1;Allan Simonsen;;
66;0;78;1:30.841;0;;19.972;0;35.568;0;35.301;0;158.6;2:00:15.833;13:53;0:19.972;0:35.568;0:35.301;218.2;Allan Simonsen;;
66;0;79;1:30.841;0;;19.940;0;35.669;0;35.232;0;158.6;2:01:46.674;13:55;0:19.940;0:35.669;0:35.232;218.2;Allan Simonsen;;
66;0;80;1:30.603;0;;19.795;0;35.572;0;35.236;0;159.1;2:03:17.277;13:56;0:19.795;0:35.572;0:35.236;219.1;Allan Simonsen;;
66;0;81;1:30.909;0;;19.820;0;35.484;0;35.605;0;158.5;2:04:48.186;13:58;0:19.820;0:35.484;0:35.605;218.6;Allan Simonsen;;
66;0;82;1:30.167;0;;19.788;0;35.431;0;34.948;0;159.8;2:06:18.353;13:59;0:19.788;0:35.431;0:34.948;218.6;Allan Simonsen;;
66;0;83;1:30.198;0;;19.827;0;35.346;0;35.025;0;159.8;2:07:48.551;14:01;0:19.827;0:35.346;0:35.025;218.6;Allan Simonsen;;
66;0;84;1:30.424;0;;19.828;0;35.456;0;35.140;0;159.4;2:09:18.975;14:02;0:19.828;0:35.456;0:35.140;219.1;Allan Simonsen;;
66;0;85;1:30.706;0;;19.903;0;35.596;0;35.207;0;158.9;2:10:49.681;14:04;0:19.903;0:35.596;0:35.207;219.5;Allan Simonsen;;
66;0;86;1:30.761;0;;19.975;0;35.756;0;35.030;0;158.8;2:12:20.442;14:05;0:19.975;0:35.756;0:35.030;220.0;Allan Simonsen;;
66;0;87;1:31.379;0;;20.132;0;35.988;0;35.259;0;157.7;2:13:51.821;14:07;0:20.132;0:35.988;0:35.259;220.0;Allan Simonsen;;
66;0;88;1:31.141;0;;19.884;0;35.928;0;35.329;0;158.1;2:15:22.962;14:08;0:19.884;0:35.928;0:35.329;219.5;Allan Simonsen;;
66;0;89;1:30.411;0;;19.885;0;35.620;0;34.906;0;159.4;2:16:53.373;14:10;0:19.885;0:35.620;0:34.906;220.9;Allan Simonsen;;
66;0;90;1:30.141;0;;19.736;0;35.345;0;35.060;0;159.9;2:18:23.514;14:11;0:19.736;0:35.345;0:35.060;219.1;Allan Simonsen;;
66;0;91;1:30.216;0;;19.792;0;35.509;0;34.915;0;159.7;2:19:53.730;14:13;0:19.792;0:35.509;0:34.915;219.1;Allan Simonsen;;
66;0;92;1:35.153;0;B;19.964;0;35.737;0;39.452;0;151.4;2:21:28.883;14:14;0:19.964;0:35.737;0:39.452;219.5;Allan Simonsen;;
66;1;93;2:57.680;0;;1:43.832;0;37.744;0;36.104;0;81.1;2:24:26.563;14:17;1:43.832;0:37.744;0:36.104;219.1;Jonathan Cocker;0:01:30;
66;1;94;1:31.139;0;;20.012;0;35.810;0;35.317;0;158.1;2:25:57.702;14:19;0:20.012;0:35.810;0:35.317;218.6;Jonathan Cocker;;
66;1;95;1:30.528;0;;19.781;0;35.578;0;35.169;0;159.2;2:27:28.230;14:20;0:19.781;0:35.578;0:35.169;219.5;Jonathan Cocker;;
66;1;96;1:30.878;0;;19.738;0;35.615;0;35.525;0;158.6;2:28:59.108;14:22;0:19.738;0:35.615;0:35.525;219.1;Jonathan Cocker;;
66;1;97;1:30.112;0;;19.675;0;35.299;0;35.138;0;159.9;2:30:29.220;14:23;0:19.675;0:35.299;0:35.138;219.1;Jonathan Cocker;;
66;1;98;1:30.285;0;;19.629;0;35.712;0;34.944;0;159.6;2:31:59.505;14:25;0:19.629;0:35.712;0:34.944;220.4;Jonathan Cocker;;
66;1;99;1:30.022;0;;19.671;0;35.192;0;35.159;0;160.1;2:33:29.527;14:26;0:19.671;0:35.192;0:35.159;218.6;Jonathan Cocker;;
66;1;100;1:30.061;0;;19.723;0;35.264;0;35.074;0;160.0;2:34:59.588;14:28;0:19.723;0:35.264;0:35.074;219.1;Jonathan Cocker;;
66;1;101;1:30.051;0;;19.618;2;35.326;0;35.107;0;160.0;2:36:29.639;14:29;0:19.618;0:35.326;0:35.107;218.6;Jonathan Cocker;;
66;1;102;1:30.409;0;;19.913;0;35.553;0;34.943;0;159.4;2:38:00.048;14:31;0:19.913;0:35.553;0:34.943;217.7;Jonathan Cocker;;
66;1;103;1:31.494;0;;19.734;0;36.254;0;35.506;0;157.5;2:39:31.542;14:32;0:19.734;0:36.254;0:35.506;219.1;Jonathan Cocker;;
66;1;104;1:30.459;0;;19.795;0;35.455;0;35.209;0;159.3;2:41:02.001;14:34;0:19.795;0:35.455;0:35.209;218.6;Jonathan Cocker;;
66;1;105;1:30.623;0;;19.692;0;35.592;0;35.339;0;159.0;2:42:32.624;14:35;0:19.692;0:35.592;0:35.339;218.2;Jonathan Cocker;;
66;1;106;1:30.822;0;;19.761;0;35.865;0;35.196;0;158.7;2:44:03.446;14:37;0:19.761;0:35.865;0:35.196;218.2;Jonathan Cocker;;
66;1;107;1:30.972;0;;19.780;0;36.036;0;35.156;0;158.4;2:45:34.418;14:38;0:19.780;0:36.036;0:35.156;220.9;Jonathan Cocker;;
66;1;108;1:30.406;0;;19.695;0;35.503;0;35.208;0;159.4;2:47:04.824;14:40;0:19.695;0:35.503;0:35.208;218.6;Jonathan Cocker;;
66;1;109;1:30.767;0;;19.896;0;35.710;0;35.161;0;158.8;2:48:35.591;14:41;0:19.896;0:35.710;0:35.161;218.2;Jonathan Cocker;;
66;1;110;1:30.676;0;;19.726;0;35.542;0;35.408;0;158.9;2:50:06.267;14:43;0:19.726;0:35.542;0:35.408;218.2;Jonathan Cocker;;
66;1;111;1:30.168;0;;19.730;0;35.456;0;34.982;0;159.8;2:51:36.435;14:44;0:19.730;0:35.456;0:34.982;218.6;Jonathan Cocker;;
66;1;112;1:30.906;0;;19.741;0;35.740;0;35.425;0;158.5;2:53:07.341;14:46;0:19.741;0:35.740;0:35.425;218.2;Jonathan Cocker;;
66;1;113;1:30.790;0;;19.683;0;35.772;0;35.335;0;158.7;2:54:38.131;14:48;0:19.683;0:35.772;0:35.335;218.6;Jonathan Cocker;;
66;1;114;1:30.449;0;;19.770;0;35.445;0;35.234;0;159.3;2:56:08.580;14:49;0:19.770;0:35.445;0:35.234;218.2;Jonathan Cocker;;
66;1;115;1:30.623;0;;19.863;0;35.529;0;35.231;0;159.0;2:57:39.203;14:51;0:19.863;0:35.529;0:35.231;217.3;Jonathan Cocker;;
66;1;116;1:30.814;0;;19.823;0;35.771;0;35.220;0;158.7;2:59:10.017;14:52;0:19.823;0:35.771;0:35.220;218.6;Jonathan Cocker;;
66;1;117;1:30.767;0;;19.803;0;35.567;0;35.397;0;158.8;3:00:40.784;14:54;0:19.803;0:35.567;0:35.397;218.6;Jonathan Cocker;;
66;1;118;1:31.633;0;;19.741;0;36.135;0;35.757;0;157.3;3:02:12.417;14:55;0:19.741;0:36.135;0:35.757;218.6;Jonathan Cocker;;
66;1;119;1:31.367;0;;19.913;0;35.987;0;35.467;0;157.7;3:03:43.784;14:57;0:19.913;0:35.987;0:35.467;219.1;Jonathan Cocker;;
66;1;120;1:32.472;0;;19.888;0;36.237;0;36.347;0;155.8;3:05:16.256;14:58;0:19.888;0:36.237;0:36.347;220.0;Jonathan Cocker;;
66;1;121;1:48.773;0;;20.324;0;37.690;0;50.759;0;132.5;3:07:05.029;15:00;0:20.324;0:37.690;0:50.759;139.2;Jonathan Cocker;;
66;1;122;2:03.376;0;;29.068;0;48.725;0;45.583;0;116.8;3:09:08.405;15:02;0:29.068;0:48.725;0:45.583;140.1;Jonathan Cocker;;
66;1;123;1:58.943;0;;25.451;0;47.542;0;45.950;0;121.2;3:11:07.348;15:04;0:25.451;0:47.542;0:45.950;154.7;Jonathan Cocker;;
66;1;124;2:00.235;0;;26.145;0;48.222;0;45.868;0;119.9;3:13:07.583;15:06;0:26.145;0:48.222;0:45.868;146.7;Jonathan Cocker;;
66;1;125;2:02.312;0;B;25.645;0;47.271;0;49.396;0;117.8;3:15:09.895;15:08;0:25.645;0:47.271;0:49.396;161.7;Jonathan Cocker;;
66;0;126;2:49.747;0;;1:35.293;0;37.806;0;36.648;0;84.9;3:17:59.642;15:11;1:35.293;0:37.806;0:36.648;213.4;Allan Simonsen;0:01:19;
66;0;127;1:32.334;0;;20.231;0;36.389;0;35.714;0;156.1;3:19:31.976;15:12;0:20.231;0:36.389;0:35.714;217.7;Allan Simonsen;;
66;0;128;1:30.056;0;;19.748;0;35.261;0;35.047;0;160.0;3:21:02.032;15:14;0:19.748;0:35.261;0:35.047;220.0;Allan Simonsen;;
66;0;129;1:30.183;0;;19.751;0;35.491;0;34.941;0;159.8;3:22:32.215;15:15;0:19.751;0:35.491;0:34.941;218.2;Allan Simonsen;;
66;0;130;1:29.798;0;;19.834;0;35.219;0;34.745;2;160.5;3:24:02.013;15:17;0:19.834;0:35.219;0:34.745;218.6;Allan Simonsen;;
66;0;131;1:30.128;0;;19.952;0;35.381;0;34.795;0;159.9;3:25:32.141;15:18;0:19.952;0:35.381;0:34.795;217.3;Allan Simonsen;;
66;0;132;1:30.522;0;;19.898;0;35.660;0;34.964;0;159.2;3:27:02.663;15:20;0:19.898;0:35.660;0:34.964;216.9;Allan Simonsen;;
66;0;133;1:30.255;0;;19.882;0;35.518;0;34.855;0;159.7;3:28:32.918;15:21;0:19.882;0:35.518;0:34.855;216.4;Allan Simonsen;;
66;0;134;1:30.165;0;;19.887;0;35.352;0;34.926;0;159.8;3:30:03.083;15:23;0:19.887;0:35.352;0:34.926;217.3;Allan Simonsen;;
66;0;135;1:30.220;0;;19.826;0;35.234;0;35.160;0;159.7;3:31:33.303;15:24;0:19.826;0:35.234;0:35.160;216.9;Allan Simonsen;;
66;0;136;1:30.614;0;;19.772;0;35.504;0;35.338;0;159.0;3:33:03.917;15:26;0:19.772;0:35.504;0:35.338;217.3;Allan Simonsen;;
66;0;137;1:32.752;0;;21.356;0;36.227;0;35.169;0;155.4;3:34:36.669;15:28;0:21.356;0:36.227;0:35.169;217.3;Allan Simonsen;;
66;0;138;1:31.103;0;;19.882;0;35.695;0;35.526;0;158.2;3:36:07.772;15:29;0:19.882;0:35.695;0:35.526;218.2;Allan Simonsen;;
66;0;139;1:30.778;0;;20.069;0;35.672;0;35.037;0;158.7;3:37:38.550;15:31;0:20.069;0:35.672;0:35.037;218.2;Allan Simonsen;;
66;0;140;1:30.667;0;;19.870;0;35.542;0;35.255;0;158.9;3:39:09.217;15:32;0:19.870;0:35.542;0:35.255;219.1;Allan Simonsen;;
66;0;141;1:30.527;0;;19.824;0;35.553;0;35.150;0;159.2;3:40:39.744;15:34;0:19.824;0:35.553;0:35.150;219.5;Allan Simonsen;;
66;0;142;1:30.521;0;;19.949;0;35.496;0;35.076;0;159.2;3:42:10.265;15:35;0:19.949;0:35.496;0:35.076;217.7;Allan Simonsen;;
66;0;143;1:30.580;0;;19.884;0;35.576;0;35.120;0;159.1;3:43:40.845;15:37;0:19.884;0:35.576;0:35.120;217.3;Allan Simonsen;;
66;0;144;1:30.245;0;;19.889;0;35.443;0;34.913;0;159.7;3:45:11.090;15:38;0:19.889;0:35.443;0:34.913;218.2;Allan Simonsen;;
66;0;145;1:30.924;0;;19.900;0;35.594;0;35.430;0;158.5;3:46:42.014;15:40;0:19.900;0:35.594;0:35.430;219.1;Allan Simonsen;;
66;0;146;1:30.430;0;;19.937;0;35.620;0;34.873;0;159.4;3:48:12.444;15:41;0:19.937;0:35.620;0:34.873;218.6;Allan Simonsen;;
66;0;147;1:31.066;0;;19.870;0;35.865;0;35.331;0;158.2;3:49:43.510;15:43;0:19.870;0:35.865;0:35.331;219.1;Allan Simonsen;;
66;0;148;1:31.985;0;;20.725;0;35.976;0;35.284;0;156.7;3:51:15.495;15:44;0:20.725;0:35.976;0:35.284;219.1;Allan Simonsen;;
66;0;149;1:30.779;0;;19.909;0;35.630;0;35.240;0;158.7;3:52:46.274;15:46;0:19.909;0:35.630;0:35.240;218.2;Allan Simonsen;;
66;0;150;1:30.485;0;;19.822;0;35.681;0;34.982;0;159.3;3:54:16.759;15:47;0:19.822;0:35.681;0:34.982;218.6;Allan Simonsen;;
66;0;151;1:31.832;0;;19.828;0;36.481;0;35.523;0;156.9;3:55:48.591;15:49;0:19.828;0:36.481;0:35.523;218.6;Allan Simonsen;;
66;0;152;1:30.146;0;;19.796;0;35.311;0;35.039;0;159.9;3:57:18.737;15:50;0:19.796;0:35.311;0:35.039;219.1;Allan Simonsen;;
66;0;153;1:29.798;0;;19.778;0;35.074;1;34.946;0;160.5;3:58:48.535;15:52;0:19.778;0:35.074;0:34.946;219.1;Allan Simonsen;;
66;0;154;1:30.746;0;;19.959;0;35.645;0;35.142;0;158.8;4:00:19.281;15:53;0:19.959;0:35.645;0:35.142;217.7;Allan Simonsen;;
66;0;155;1:30.949;0;;20.207;0;35.663;0;35.079;0;158.4;4:01:50.230;15:55;0:20.207;0:35.663;0:35.079;219.5;Allan Simonsen;;
66;0;156;1:30.260;0;;19.924;0;35.424;0;34.912;0;159.7;4:03:20.490;15:56;0:19.924;0:35.424;0:34.912;219.1;Allan Simonsen;;
66;0;157;1:30.070;0;;19.742;0;35.340;0;34.988;0;160.0;4:04:50.560;15:58;0:19.742;0:35.340;0:34.988;220.0;Allan Simonsen;;
66;0;158;1:30.001;0;;19.916;0;35.268;0;34.817;0;160.1;4:06:20.561;15:59;0:19.916;0:35.268;0:34.817;219.1;Allan Simonsen;;
66;0;159;1:30.358;0;;19.858;0;35.455;0;35.045;0;159.5;4:07:50.919;16:01;0:19.858;0:35.455;0:35.045;218.2;Allan Simonsen;;
66;0;160;1:30.151;0;;19.755;0;35.496;0;34.900;0;159.9;4:09:21.070;16:02;0:19.755;0:35.496;0:34.900;218.2;Allan Simonsen;;
66;0;161;1:30.383;0;;19.827;0;35.449;0;35.107;0;159.4;4:10:51.453;16:04;0:19.827;0:35.449;0:35.107;218.6;Allan Simonsen;;
66;0;162;1:30.372;0;;19.754;0;35.581;0;35.037;0;159.5;4:12:21.825;16:05;0:19.754;0:35.581;0:35.037;218.2;Allan Simonsen;;
66;0;163;1:30.972;0;;19.826;0;35.575;0;35.571;0;158.4;4:13:52.797;16:07;0:19.826;0:35.575;0:35.571;219.1;Allan Simonsen;;
66;0;164;1:30.403;0;;19.770;0;35.382;0;35.251;0;159.4;4:15:23.200;16:08;0:19.770;0:35.382;0:35.251;219.5;Allan Simonsen;;
66;0;165;1:31.660;0;;19.804;0;35.703;0;36.153;0;157.2;4:16:54.860;16:10;0:19.804;0:35.703;0:36.153;218.6;Allan Simonsen;;
66;0;166;1:31.998;0;;20.130;0;36.506;0;35.362;0;156.6;4:18:26.858;16:11;0:20.130;0:36.506;0:35.362;218.6;Allan Simonsen;;
66;0;167;1:31.219;0;;20.012;0;36.063;0;35.144;0;158.0;4:19:58.077;16:13;0:20.012;0:36.063;0:35.144;218.6;Allan Simonsen;;
66;0;168;1:30.465;0;;19.839;0;35.611;0;35.015;0;159.3;4:21:28.542;16:14;0:19.839;0:35.611;0:35.015;219.5;Allan Simonsen;;
66;0;169;1:31.215;0;;19.930;0;36.184;0;35.101;0;158.0;4:22:59.757;16:16;0:19.930;0:36.184;0:35.101;218.6;Allan Simonsen;;
66;0;170;1:31.368;0;;19.886;0;36.178;0;35.304;0;157.7;4:24:31.125;16:17;0:19.886;0:36.178;0:35.304;218.2;Allan Simonsen;;
66;0;171;1:35.752;0;B;19.934;0;36.051;0;39.767;0;150.5;4:26:06.877;16:19;0:19.934;0:36.051;0:39.767;218.6;Allan Simonsen;;
66;1;172;2:57.247;0;;1:43.565;0;37.318;0;36.364;0;81.3;4:29:04.124;16:22;1:43.565;0:37.318;0:36.364;217.7;Jonathan Cocker;0:01:29;
66;1;173;1:31.090;0;;20.027;0;35.768;0;35.295;0;158.2;4:30:35.214;16:23;0:20.027;0:35.768;0:35.295;218.6;Jonathan Cocker;;
66;1;174;1:30.561;0;;20.021;0;35.459;0;35.081;0;159.1;4:32:05.775;16:25;0:20.021;0:35.459;0:35.081;218.6;Jonathan Cocker;;
66;1;175;1:29.634;2;;19.741;0;35.002;2;34.891;0;160.8;4:33:35.409;16:26;0:19.741;0:35.002;0:34.891;218.2;Jonathan Cocker;;
66;1;176;1:31.878;0;;20.935;0;35.460;0;35.483;0;156.8;4:35:07.287;16:28;0:20.935;0:35.460;0:35.483;219.1;Jonathan Cocker;;
66;1;177;1:29.946;0;;19.740;0;35.181;0;35.025;0;160.2;4:36:37.233;16:30;0:19.740;0:35.181;0:35.025;217.7;Jonathan Cocker;;
66;1;178;1:30.303;0;;19.981;0;35.355;0;34.967;0;159.6;4:38:07.536;16:31;0:19.981;0:35.355;0:34.967;217.7;Jonathan Cocker;;
66;1;179;1:30.322;0;;19.742;0;35.522;0;35.058;0;159.5;4:39:37.858;16:33;0:19.742;0:35.522;0:35.058;217.3;Jonathan Cocker;;
66;1;180;1:29.901;0;;19.698;0;35.260;0;34.943;0;160.3;4:41:07.759;16:34;0:19.698;0:35.260;0:34.943;217.7;Jonathan Cocker;;
66;1;181;1:30.293;0;;19.704;0;35.338;0;35.251;0;159.6;4:42:38.052;16:36;0:19.704;0:35.338;0:35.251;217.3;Jonathan Cocker;;
66;1;182;1:29.944;0;;19.732;0;35.306;0;34.906;0;160.2;4:44:07.996;16:37;0:19.732;0:35.306;0:34.906;217.7;Jonathan Cocker;;
66;1;183;1:30.791;0;;19.691;0;35.841;0;35.259;0;158.7;4:45:38.787;16:39;0:19.691;0:35.841;0:35.259;218.6;Jonathan Cocker;;
66;1;184;1:30.283;0;;19.758;0;35.446;0;35.079;0;159.6;4:47:09.070;16:40;0:19.758;0:35.446;0:35.079;218.2;Jonathan Cocker;;
66;1;185;1:31.520;0;;19.888;0;36.480;0;35.152;0;157.5;4:48:40.590;16:42;0:19.888;0:36.480;0:35.152;217.7;Jonathan Cocker;;
66;1;186;1:32.009;0;;20.091;0;36.720;0;35.198;0;156.6;4:50:12.599;16:43;0:20.091;0:36.720;0:35.198;219.1;Jonathan Cocker;;
66;1;187;1:30.020;0;;19.674;0;35.377;0;34.969;0;160.1;4:51:42.619;16:45;0:19.674;0:35.377;0:34.969;218.6;Jonathan Cocker;;
66;1;188;1:29.825;0;;19.708;0;35.261;0;34.856;0;160.4;4:53:12.444;16:46;0:19.708;0:35.261;0:34.856;219.1;Jonathan Cocker;;
66;1;189;1:31.208;0;;19.734;0;36.434;0;35.040;0;158.0;4:54:43.652;16:48;0:19.734;0:36.434;0:35.040;218.2;Jonathan Cocker;;
66;1;190;1:30.026;0;;19.694;0;35.404;0;34.928;0;160.1;4:56:13.678;16:49;0:19.694;0:35.404;0:34.928;217.3;Jonathan Cocker;;
66;1;191;1:30.144;0;;19.621;0;35.280;0;35.243;0;159.9;4:57:43.822;16:51;0:19.621;0:35.280;0:35.243;217.3;Jonathan Cocker;;
66;1;192;1:29.873;0;;19.650;0;35.288;0;34.935;0;160.3;4:59:13.695;16:52;0:19.650;0:35.288;0:34.935;216.9;Jonathan Cocker;;
66;1;193;1:29.719;0;;19.674;0;35.207;0;34.838;0;160.6;5:00:43.414;16:54;0:19.674;0:35.207;0:34.838;218.2;Jonathan Cocker;;
66;1;194;1:30.705;0;;19.667;0;35.446;0;35.592;0;158.9;5:02:14.119;16:55;0:19.667;0:35.446;0:35.592;217.3;Jonathan Cocker;;
66;1;195;1:31.085;0;;20.078;0;35.870;0;35.137;0;158.2;5:03:45.204;16:57;0:20.078;0:35.870;0:35.137;217.7;Jonathan Cocker;;
66;1;196;1:30.435;0;;19.786;0;35.595;0;35.054;0;159.3;5:05:15.639;16:58;0:19.786;0:35.595;0:35.054;217.3;Jonathan Cocker;;
66;1;197;1:30.250;0;;19.678;0;35.478;0;35.094;0;159.7;5:06:45.889;17:00;0:19.678;0:35.478;0:35.094;216.9;Jonathan Cocker;;
66;1;198;1:30.086;0;;19.756;0;35.443;0;34.887;0;160.0;5:08:15.975;17:01;0:19.756;0:35.443;0:34.887;217.3;Jonathan Cocker;;
66;1;199;1:30.546;0;;19.919;0;35.595;0;35.032;0;159.2;5:09:46.521;17:03;0:19.919;0:35.595;0:35.032;217.7;Jonathan Cocker;;
66;1;200;1:30.181;0;;19.730;0;35.531;0;34.920;0;159.8;5:11:16.702;17:04;0:19.730;0:35.531;0:34.920;217.7;Jonathan Cocker;;
66;1;201;1:31.622;0;;19.752;0;35.600;0;36.270;0;157.3;5:12:48.324;17:06;0:19.752;0:35.600;0:36.270;216.9;Jonathan Cocker;;
66;1;202;1:30.733;0;;19.792;0;35.752;0;35.189;0;158.8;5:14:19.057;17:07;0:19.792;0:35.752;0:35.189;218.2;Jonathan Cocker;;
66;1;203;1:30.722;0;;19.907;0;35.697;0;35.118;0;158.8;5:15:49.779;17:09;0:19.907;0:35.697;0:35.118;218.2;Jonathan Cocker;;
66;1;204;1:30.514;0;;19.781;0;35.553;0;35.180;0;159.2;5:17:20.293;17:10;0:19.781;0:35.553;0:35.180;217.3;Jonathan Cocker;;
66;1;205;1:30.643;0;;19.755;0;35.681;0;35.207;0;159.0;5:18:50.936;17:12;0:19.755;0:35.681;0:35.207;216.9;Jonathan Cocker;;
66;1;206;1:30.499;0;;19.669;0;35.510;0;35.320;0;159.2;5:20:21.435;17:13;0:19.669;0:35.510;0:35.320;217.7;Jonathan Cocker;;
66;1;207;1:30.607;0;;19.799;0;35.747;0;35.061;0;159.0;5:21:52.042;17:15;0:19.799;0:35.747;0:35.061;216.9;Jonathan Cocker;;
66;1;208;1:30.680;0;;19.761;0;35.748;0;35.171;0;158.9;5:23:22.722;17:16;0:19.761;0:35.748;0:35.171;217.7;Jonathan Cocker;;
66;1;209;1:30.596;0;;19.737;0;35.695;0;35.164;0;159.1;5:24:53.318;17:18;0:19.737;0:35.695;0:35.164;217.7;Jonathan Cocker;;
66;1;210;1:31.801;0;;20.025;0;36.581;0;35.195;0;157.0;5:26:25.119;17:19;0:20.025;0:36.581;0:35.195;218.2;Jonathan Cocker;;
66;1;211;1:31.902;0;;19.764;0;36.855;0;35.283;0;156.8;5:27:57.021;17:21;0:19.764;0:36.855;0:35.283;217.7;Jonathan Cocker;;
66;1;212;1:31.280;0;;19.740;0;36.047;0;35.493;0;157.9;5:29:28.301;17:22;0:19.740;0:36.047;0:35.493;218.6;Jonathan Cocker;;
66;1;213;1:34.995;0;B;19.977;0;36.433;0;38.585;0;151.7;5:31:03.296;17:24;0:19.977;0:36.433;0:38.585;218.2;Jonathan Cocker;;
66;1;214;2:27.436;0;;1:14.339;0;37.510;0;35.587;0;97.7;5:33:30.732;17:26;1:14.339;0:37.510;0:35.587;217.3;Jonathan Cocker;0:00:59;
66;1;215;1:32.971;0;;20.482;0;36.900;0;35.589;0;155.0;5:35:03.703;17:28;0:20.482;0:36.900;0:35.589;218.2;Jonathan Cocker;;
66;1;216;1:31.598;0;;19.791;0;36.599;0;35.208;0;157.3;5:36:35.301;17:29;0:19.791;0:36.599;0:35.208;218.6;Jonathan Cocker;;
66;1;217;1:31.710;0;;20.060;0;36.656;0;34.994;0;157.1;5:38:07.011;17:31;0:20.060;0:36.656;0:34.994;218.2;Jonathan Cocker;;
66;1;218;1:30.255;0;;19.960;0;35.469;0;34.826;0;159.7;5:39:37.266;17:33;0:19.960;0:35.469;0:34.826;219.5;Jonathan Cocker;;
66;1;219;1:30.066;0;;19.690;0;35.388;0;34.988;0;160.0;5:41:07.332;17:34;0:19.690;0:35.388;0:34.988;219.5;Jonathan Cocker;;
66;1;220;1:31.037;0;;19.621;0;36.122;0;35.294;0;158.3;5:42:38.369;17:36;0:19.621;0:36.122;0:35.294;219.1;Jonathan Cocker;;
66;1;221;1:31.306;0;;19.858;0;35.761;0;35.687;0;157.8;5:44:09.675;17:37;0:19.858;0:35.761;0:35.687;212.2;Jonathan Cocker;;
66;1;222;1:29.851;0;;19.735;0;35.256;0;34.860;0;160.4;5:45:39.526;17:39;0:19.735;0:35.256;0:34.860;217.7;Jonathan Cocker;;
66;1;223;1:29.797;0;;19.683;0;35.190;0;34.924;0;160.5;5:47:09.323;17:40;0:19.683;0:35.190;0:34.924;217.7;Jonathan Cocker;;
66;1;224;1:31.119;0;;19.680;0;35.325;0;36.114;0;158.2;5:48:40.442;17:42;0:19.680;0:35.325;0:36.114;217.7;Jonathan Cocker;;
66;1;225;1:29.651;0;;19.688;0;35.207;0;34.756;0;160.7;5:50:10.093;17:43;0:19.688;0:35.207;0:34.756;218.2;Jonathan Cocker;;
66;1;226;1:29.980;0;;19.855;0;35.374;0;34.751;1;160.2;5:51:40.073;17:45;0:19.855;0:35.374;0:34.751;219.1;Jonathan Cocker;;
66;1;227;1:30.309;0;;19.734;0;35.518;0;35.057;0;159.6;5:53:10.382;17:46;0:19.734;0:35.518;0:35.057;218.2;Jonathan Cocker;;
66;1;228;1:30.586;0;;19.817;0;35.691;0;35.078;0;159.1;5:54:40.968;17:48;0:19.817;0:35.691;0:35.078;218.6;Jonathan Cocker;;
66;1;229;1:31.450;0;;19.903;0;36.083;0;35.464;0;157.6;5:56:12.418;17:49;0:19.903;0:36.083;0:35.464;218.6;Jonathan Cocker;;
66;1;230;1:32.314;0;;19.876;0;36.496;0;35.942;0;156.1;5:57:44.732;17:51;0:19.876;0:36.496;0:35.942;218.2;Jonathan Cocker;;
66;1;231;1:31.699;0;;19.992;0;36.185;0;35.522;0;157.2;5:59:16.431;17:52;0:19.992;0:36.185;0:35.522;219.1;Jonathan Cocker;;
66;1;232;1:33.325;0;;19.924;0;36.298;0;37.103;0;154.4;6:00:49.756;17:54;0:19.924;0:36.298;0:37.103;218.6;Jonathan Cocker;;
67;0;1;1:37.812;0;;24.091;0;37.336;0;36.385;0;147.3;1:37.812;11:55;0:24.091;0:37.336;0:36.385;219.1;Nicolas Armindo;;
67;0;2;1:32.614;0;;20.336;0;36.105;0;36.173;0;155.6;3:10.426;11:56;0:20.336;0:36.105;0:36.173;218.6;Nicolas Armindo;;
67;0;3;1:31.463;0;;20.364;0;35.777;0;35.322;0;157.6;4:41.889;11:58;0:20.364;0:35.777;0:35.322;219.5;Nicolas Armindo;;
67;0;4;1:31.026;0;;20.043;0;35.946;0;35.037;0;158.3;6:12.915;11:59;0:20.043;0:35.946;0:35.037;218.2;Nicolas Armindo;;
67;0;5;1:30.626;0;;20.038;0;35.509;0;35.079;0;159.0;7:43.541;12:01;0:20.038;0:35.509;0:35.079;218.6;Nicolas Armindo;;
67;0;6;1:30.821;0;;19.950;0;35.762;0;35.109;0;158.7;9:14.362;12:02;0:19.950;0:35.762;0:35.109;216.9;Nicolas Armindo;;
67;0;7;1:30.352;0;;19.810;0;35.664;0;34.878;0;159.5;10:44.714;12:04;0:19.810;0:35.664;0:34.878;219.1;Nicolas Armindo;;
67;0;8;1:30.447;0;;19.822;0;35.544;0;35.081;0;159.3;12:15.161;12:05;0:19.822;0:35.544;0:35.081;218.6;Nicolas Armindo;;
67;0;9;1:30.972;0;;20.028;0;35.795;0;35.149;0;158.4;13:46.133;12:07;0:20.028;0:35.795;0:35.149;219.5;Nicolas Armindo;;
67;0;10;1:30.924;0;;19.866;0;35.885;0;35.173;0;158.5;15:17.057;12:08;0:19.866;0:35.885;0:35.173;219.1;Nicolas Armindo;;
67;0;11;1:31.443;0;;20.407;0;35.781;0;35.255;0;157.6;16:48.500;12:10;0:20.407;0:35.781;0:35.255;218.6;Nicolas Armindo;;
67;0;12;1:31.190;0;;19.821;0;35.858;0;35.511;0;158.0;18:19.690;12:11;0:19.821;0:35.858;0:35.511;217.3;Nicolas Armindo;;
67;0;13;1:30.866;0;;19.806;0;36.169;0;34.891;0;158.6;19:50.556;12:13;0:19.806;0:36.169;0:34.891;217.7;Nicolas Armindo;;
67;0;14;1:31.024;0;;19.956;0;35.997;0;35.071;0;158.3;21:21.580;12:14;0:19.956;0:35.997;0:35.071;218.2;Nicolas Armindo;;
67;0;15;1:30.223;0;;19.831;0;35.502;0;34.890;0;159.7;22:51.803;12:16;0:19.831;0:35.502;0:34.890;218.2;Nicolas Armindo;;
67;0;16;1:30.877;0;;20.050;0;35.776;0;35.051;0;158.6;24:22.680;12:17;0:20.050;0:35.776;0:35.051;219.1;Nicolas Armindo;;
67;0;17;1:30.477;0;;19.751;0;35.619;0;35.107;0;159.3;25:53.157;12:19;0:19.751;0:35.619;0:35.107;217.7;Nicolas Armindo;;
67;0;18;1:30.420;0;;19.864;0;35.679;0;34.877;0;159.4;27:23.577;12:20;0:19.864;0:35.679;0:34.877;218.6;Nicolas Armindo;;
67;0;19;1:31.187;0;;19.867;0;36.312;0;35.008;0;158.0;28:54.764;12:22;0:19.867;0:36.312;0:35.008;216.0;Nicolas Armindo;;
67;0;20;1:31.169;0;;20.058;0;36.103;0;35.008;0;158.1;30:25.933;12:23;0:20.058;0:36.103;0:35.008;217.3;Nicolas Armindo;;
67;0;21;1:33.131;0;;20.164;0;37.419;0;35.548;0;154.7;31:59.064;12:25;0:20.164;0:37.419;0:35.548;214.7;Nicolas Armindo;;
67;0;22;1:31.753;0;;19.918;0;35.959;0;35.876;0;157.1;33:30.817;12:26;0:19.918;0:35.959;0:35.876;217.3;Nicolas Armindo;;
67;0;23;1:31.697;0;;20.055;0;36.340;0;35.302;0;157.2;35:02.514;12:28;0:20.055;0:36.340;0:35.302;217.7;Nicolas Armindo;;
67;0;24;1:31.101;0;;19.984;0;36.039;0;35.078;0;158.2;36:33.615;12:29;0:19.984;0:36.039;0:35.078;217.7;Nicolas Armindo;;
67;0;25;1:31.820;0;;19.956;0;36.300;0;35.564;0;156.9;38:05.435;12:31;0:19.956;0:36.300;0:35.564;217.3;Nicolas Armindo;;
67;0;26;1:31.251;0;;20.060;0;35.886;0;35.305;0;157.9;39:36.686;12:33;0:20.060;0:35.886;0:35.305;217.3;Nicolas Armindo;;
67;0;27;1:30.868;0;;19.911;0;35.984;0;34.973;0;158.6;41:07.554;12:34;0:19.911;0:35.984;0:34.973;217.7;Nicolas Armindo;;
67;0;28;1:31.574;0;;19.786;0;36.710;0;35.078;0;157.4;42:39.128;12:36;0:19.786;0:36.710;0:35.078;217.3;Nicolas Armindo;;
67;0;29;1:31.300;0;;19.974;0;36.254;0;35.072;0;157.8;44:10.428;12:37;0:19.974;0:36.254;0:35.072;217.7;Nicolas Armindo;;
67;0;30;1:31.428;0;;19.914;0;35.728;0;35.786;0;157.6;45:41.856;12:39;0:19.914;0:35.728;0:35.786;218.2;Nicolas Armindo;;
67;0;31;1:30.755;0;;19.925;0;35.989;0;34.841;0;158.8;47:12.611;12:40;0:19.925;0:35.989;0:34.841;217.7;Nicolas Armindo;;
67;0;32;1:30.679;0;;19.852;0;36.089;0;34.738;0;158.9;48:43.290;12:42;0:19.852;0:36.089;0:34.738;218.2;Nicolas Armindo;;
67;0;33;1:30.803;0;;19.856;0;36.137;0;34.810;0;158.7;50:14.093;12:43;0:19.856;0:36.137;0:34.810;219.1;Nicolas Armindo;;
67;0;34;1:30.451;0;;19.781;0;35.877;0;34.793;0;159.3;51:44.544;12:45;0:19.781;0:35.877;0:34.793;219.1;Nicolas Armindo;;
67;0;35;1:30.605;0;;19.791;0;35.941;0;34.873;0;159.1;53:15.149;12:46;0:19.791;0:35.941;0:34.873;218.6;Nicolas Armindo;;
67;0;36;1:30.328;0;;19.774;0;35.712;0;34.842;0;159.5;54:45.477;12:48;0:19.774;0:35.712;0:34.842;218.2;Nicolas Armindo;;
67;0;37;1:31.393;0;;19.881;0;36.260;0;35.252;0;157.7;56:16.870;12:49;0:19.881;0:36.260;0:35.252;219.5;Nicolas Armindo;;
67;0;38;1:30.995;0;;19.838;0;35.619;0;35.538;0;158.4;57:47.865;12:51;0:19.838;0:35.619;0:35.538;219.5;Nicolas Armindo;;
67;0;39;1:29.901;0;;19.762;0;35.454;0;34.685;0;160.3;59:17.766;12:52;0:19.762;0:35.454;0:34.685;219.5;Nicolas Armindo;;
67;0;40;1:30.378;0;;19.859;0;35.766;0;34.753;0;159.5;1:00:48.144;12:54;0:19.859;0:35.766;0:34.753;219.5;Nicolas Armindo;;
67;0;41;1:34.021;0;B;19.977;0;35.729;0;38.315;0;153.3;1:02:22.165;12:55;0:19.977;0:35.729;0:38.315;219.5;Nicolas Armindo;;
67;2;42;2:55.808;0;;1:42.938;0;36.980;0;35.890;0;82.0;1:05:17.973;12:58;1:42.938;0:36.980;0:35.890;216.4;Anthony Pons;0:01:26;
67;2;43;1:33.163;0;;20.039;0;37.000;0;36.124;0;154.7;1:06:51.136;13:00;0:20.039;0:37.000;0:36.124;216.9;Anthony Pons;;
67;2;44;1:34.386;0;;20.183;0;36.883;0;37.320;0;152.7;1:08:25.522;13:01;0:20.183;0:36.883;0:37.320;218.2;Anthony Pons;;
67;2;45;1:33.033;0;;20.212;0;37.021;0;35.800;0;154.9;1:09:58.555;13:03;0:20.212;0:37.021;0:35.800;217.3;Anthony Pons;;
67;2;46;1:34.403;0;;20.304;0;36.900;0;37.199;0;152.7;1:11:32.958;13:04;0:20.304;0:36.900;0:37.199;216.9;Anthony Pons;;
67;2;47;1:36.453;0;;20.481;0;38.023;0;37.949;0;149.4;1:13:09.411;13:06;0:20.481;0:38.023;0:37.949;208.1;Anthony Pons;;
67;2;48;1:33.083;0;;20.216;0;36.756;0;36.111;0;154.8;1:14:42.494;13:08;0:20.216;0:36.756;0:36.111;218.2;Anthony Pons;;
67;2;49;1:33.030;0;;20.246;0;36.595;0;36.189;0;154.9;1:16:15.524;13:09;0:20.246;0:36.595;0:36.189;217.3;Anthony Pons;;
67;2;50;1:33.605;0;;20.670;0;36.736;0;36.199;0;154.0;1:17:49.129;13:11;0:20.670;0:36.736;0:36.199;217.3;Anthony Pons;;
67;2;51;1:33.579;0;;20.103;0;36.778;0;36.698;0;154.0;1:19:22.708;13:12;0:20.103;0:36.778;0:36.698;218.2;Anthony Pons;;
67;2;52;1:33.118;0;;20.312;0;36.703;0;36.103;0;154.8;1:20:55.826;13:14;0:20.312;0:36.703;0:36.103;218.6;Anthony Pons;;
67;2;53;1:33.001;0;;20.117;0;36.928;0;35.956;0;155.0;1:22:28.827;13:15;0:20.117;0:36.928;0:35.956;219.1;Anthony Pons;;
67;2;54;1:35.244;0;;20.327;0;37.723;0;37.194;0;151.3;1:24:04.071;13:17;0:20.327;0:37.723;0:37.194;217.7;Anthony Pons;;
67;2;55;1:33.036;0;;20.234;0;36.721;0;36.081;0;154.9;1:25:37.107;13:19;0:20.234;0:36.721;0:36.081;218.6;Anthony Pons;;
67;2;56;1:32.875;0;;20.161;0;36.717;0;35.997;0;155.2;1:27:09.982;13:20;0:20.161;0:36.717;0:35.997;217.7;Anthony Pons;;
67;2;57;1:32.771;0;;20.258;0;36.593;0;35.920;0;155.3;1:28:42.753;13:22;0:20.258;0:36.593;0:35.920;217.7;Anthony Pons;;
67;2;58;1:33.390;0;;20.129;0;36.666;0;36.595;0;154.3;1:30:16.143;13:23;0:20.129;0:36.666;0:36.595;217.7;Anthony Pons;;
67;2;59;1:33.269;0;;20.124;0;36.894;0;36.251;0;154.5;1:31:49.412;13:25;0:20.124;0:36.894;0:36.251;217.7;Anthony Pons;;
67;2;60;1:34.160;0;;20.280;0;37.459;0;36.421;0;153.0;1:33:23.572;13:26;0:20.280;0:37.459;0:36.421;216.0;Anthony Pons;;
67;2;61;1:32.695;0;;20.168;0;36.593;0;35.934;0;155.5;1:34:56.267;13:28;0:20.168;0:36.593;0:35.934;217.3;Anthony Pons;;
67;2;62;1:32.740;0;;20.140;0;36.508;0;36.092;0;155.4;1:36:29.007;13:29;0:20.140;0:36.508;0:36.092;218.2;Anthony Pons;;
67;2;63;1:33.116;0;;20.437;0;36.916;0;35.763;0;154.8;1:38:02.123;13:31;0:20.437;0:36.916;0:35.763;219.1;Anthony Pons;;
67;2;64;1:32.326;0;;20.185;0;36.436;0;35.705;0;156.1;1:39:34.449;13:32;0:20.185;0:36.436;0:35.705;217.7;Anthony Pons;;
67;2;65;1:32.803;0;;20.067;0;36.392;0;36.344;0;155.3;1:41:07.252;13:34;0:20.067;0:36.392;0:36.344;218.2;Anthony Pons;;
67;2;66;1:32.720;0;;19.997;0;36.602;0;36.121;0;155.4;1:42:39.972;13:36;0:19.997;0:36.602;0:36.121;216.4;Anthony Pons;;
67;2;67;1:32.622;0;;19.973;0;36.990;0;35.659;0;155.6;1:44:12.594;13:37;0:19.973;0:36.990;0:35.659;217.7;Anthony Pons;;
67;2;68;1:32.768;0;;20.418;0;36.406;0;35.944;0;155.3;1:45:45.362;13:39;0:20.418;0:36.406;0:35.944;216.9;Anthony Pons;;
67;2;69;1:32.626;0;;20.034;0;36.564;0;36.028;0;155.6;1:47:17.988;13:40;0:20.034;0:36.564;0:36.028;217.7;Anthony Pons;;
67;2;70;1:32.370;0;;20.228;0;36.555;0;35.587;0;156.0;1:48:50.358;13:42;0:20.228;0:36.555;0:35.587;218.2;Anthony Pons;;
67;2;71;1:32.559;0;;20.189;0;36.613;0;35.757;0;155.7;1:50:22.917;13:43;0:20.189;0:36.613;0:35.757;217.3;Anthony Pons;;
67;2;72;1:32.377;0;;19.963;0;36.251;0;36.163;0;156.0;1:51:55.294;13:45;0:19.963;0:36.251;0:36.163;218.6;Anthony Pons;;
67;2;73;1:32.119;0;;20.101;0;36.360;0;35.658;0;156.4;1:53:27.413;13:46;0:20.101;0:36.360;0:35.658;217.7;Anthony Pons;;
67;2;74;1:33.475;0;;20.211;0;36.586;0;36.678;0;154.2;1:55:00.888;13:48;0:20.211;0:36.586;0:36.678;218.2;Anthony Pons;;
67;2;75;1:32.792;0;;20.184;0;36.402;0;36.206;0;155.3;1:56:33.680;13:49;0:20.184;0:36.402;0:36.206;219.5;Anthony Pons;;
67;2;76;1:32.064;0;;20.022;0;36.388;0;35.654;0;156.5;1:58:05.744;13:51;0:20.022;0:36.388;0:35.654;220.0;Anthony Pons;;
67;2;77;1:31.866;0;;20.035;0;36.269;0;35.562;0;156.9;1:59:37.610;13:53;0:20.035;0:36.269;0:35.562;219.5;Anthony Pons;;
67;2;78;1:34.791;0;;20.535;0;37.407;0;36.849;0;152.0;2:01:12.401;13:54;0:20.535;0:37.407;0:36.849;214.3;Anthony Pons;;
67;2;79;1:32.808;0;;20.061;0;36.732;0;36.015;0;155.3;2:02:45.209;13:56;0:20.061;0:36.732;0:36.015;219.1;Anthony Pons;;
67;2;80;1:33.672;0;;20.611;0;37.193;0;35.868;0;153.8;2:04:18.881;13:57;0:20.611;0:37.193;0:35.868;217.7;Anthony Pons;;
67;2;81;1:33.233;0;;20.508;0;36.806;0;35.919;0;154.6;2:05:52.114;13:59;0:20.508;0:36.806;0:35.919;217.7;Anthony Pons;;
67;2;82;1:32.088;0;;19.976;0;36.512;0;35.600;0;156.5;2:07:24.202;14:00;0:19.976;0:36.512;0:35.600;218.2;Anthony Pons;;
67;2;83;1:32.329;0;;19.949;1;36.262;0;36.118;0;156.1;2:08:56.531;14:02;0:19.949;0:36.262;0:36.118;219.5;Anthony Pons;;
67;2;84;1:31.995;0;;20.111;0;36.432;0;35.452;1;156.6;2:10:28.526;14:03;0:20.111;0:36.432;0:35.452;218.6;Anthony Pons;;
67;2;85;1:36.839;0;B;20.067;0;37.056;0;39.716;0;148.8;2:12:05.365;14:05;0:20.067;0:37.056;0:39.716;219.5;Anthony Pons;;
67;0;86;2:45.722;0;;1:34.358;0;36.331;0;35.033;0;87.0;2:14:51.087;14:08;1:34.358;0:36.331;0:35.033;213.9;Nicolas Armindo;0:01:20;
67;0;87;1:30.041;0;;19.799;0;35.329;2;34.913;0;160.0;2:16:21.128;14:09;0:19.799;0:35.329;0:34.913;217.3;Nicolas Armindo;;
67;0;88;1:29.878;0;;19.895;0;35.428;0;34.555;0;160.3;2:17:51.006;14:11;0:19.895;0:35.428;0:34.555;217.7;Nicolas Armindo;;
67;0;89;1:30.066;0;;19.772;0;35.508;0;34.786;0;160.0;2:19:21.072;14:12;0:19.772;0:35.508;0:34.786;217.3;Nicolas Armindo;;
67;0;90;1:30.093;0;;19.797;0;35.621;0;34.675;0;160.0;2:20:51.165;14:14;0:19.797;0:35.621;0:34.675;217.7;Nicolas Armindo;;
67;0;91;1:29.993;0;;19.915;0;35.377;0;34.701;0;160.1;2:22:21.158;14:15;0:19.915;0:35.377;0:34.701;218.6;Nicolas Armindo;;
67;0;92;1:30.931;0;;20.105;0;35.450;0;35.376;0;158.5;2:23:52.089;14:17;0:20.105;0:35.450;0:35.376;218.6;Nicolas Armindo;;
67;0;93;1:29.843;0;;19.718;0;35.421;0;34.704;0;160.4;2:25:21.932;14:18;0:19.718;0:35.421;0:34.704;218.2;Nicolas Armindo;;
67;0;94;1:30.056;0;;19.685;0;35.566;0;34.805;0;160.0;2:26:51.988;14:20;0:19.685;0:35.566;0:34.805;218.2;Nicolas Armindo;;
67;0;95;1:30.227;0;;19.766;0;35.721;0;34.740;0;159.7;2:28:22.215;14:21;0:19.766;0:35.721;0:34.740;217.3;Nicolas Armindo;;
67;0;96;1:30.303;0;;19.849;0;35.439;0;35.015;0;159.6;2:29:52.518;14:23;0:19.849;0:35.439;0:35.015;218.2;Nicolas Armindo;;
67;0;97;1:30.943;0;;20.000;0;36.044;0;34.899;0;158.5;2:31:23.461;14:24;0:20.000;0:36.044;0:34.899;217.3;Nicolas Armindo;;
67;0;98;1:30.816;0;;19.872;0;36.067;0;34.877;0;158.7;2:32:54.277;14:26;0:19.872;0:36.067;0:34.877;218.2;Nicolas Armindo;;
67;0;99;1:30.708;0;;19.813;0;35.562;0;35.333;0;158.9;2:34:24.985;14:27;0:19.813;0:35.562;0:35.333;218.2;Nicolas Armindo;;
67;0;100;1:30.737;0;;19.784;0;35.353;0;35.600;0;158.8;2:35:55.722;14:29;0:19.784;0:35.353;0:35.600;220.0;Nicolas Armindo;;
67;0;101;1:30.555;0;;20.011;0;35.533;0;35.011;0;159.1;2:37:26.277;14:30;0:20.011;0:35.533;0:35.011;217.3;Nicolas Armindo;;
67;0;102;1:31.017;0;;19.971;0;36.237;0;34.809;0;158.3;2:38:57.294;14:32;0:19.971;0:36.237;0:34.809;218.6;Nicolas Armindo;;
67;0;103;1:30.532;0;;19.922;0;35.554;0;35.056;0;159.2;2:40:27.826;14:33;0:19.922;0:35.554;0:35.056;218.6;Nicolas Armindo;;
67;0;104;1:30.393;0;;19.751;0;35.834;0;34.808;0;159.4;2:41:58.219;14:35;0:19.751;0:35.834;0:34.808;217.7;Nicolas Armindo;;
67;0;105;1:30.822;0;;19.846;0;35.994;0;34.982;0;158.7;2:43:29.041;14:36;0:19.846;0:35.994;0:34.982;217.7;Nicolas Armindo;;
67;0;106;1:30.268;0;;19.842;0;35.743;0;34.683;0;159.6;2:44:59.309;14:38;0:19.842;0:35.743;0:34.683;218.2;Nicolas Armindo;;
67;0;107;1:30.473;0;;19.750;0;35.838;0;34.885;0;159.3;2:46:29.782;14:39;0:19.750;0:35.838;0:34.885;217.7;Nicolas Armindo;;
67;0;108;1:30.284;0;;19.847;0;35.626;0;34.811;0;159.6;2:48:00.066;14:41;0:19.847;0:35.626;0:34.811;218.2;Nicolas Armindo;;
67;0;109;1:30.412;0;;19.858;0;35.817;0;34.737;0;159.4;2:49:30.478;14:42;0:19.858;0:35.817;0:34.737;219.1;Nicolas Armindo;;
67;0;110;1:30.544;0;;19.840;0;35.693;0;35.011;0;159.2;2:51:01.022;14:44;0:19.840;0:35.693;0:35.011;218.6;Nicolas Armindo;;
67;0;111;1:31.186;0;;19.864;0;36.069;0;35.253;0;158.0;2:52:32.208;14:45;0:19.864;0:36.069;0:35.253;218.6;Nicolas Armindo;;
67;0;112;1:31.329;0;;19.939;0;35.838;0;35.552;0;157.8;2:54:03.537;14:47;0:19.939;0:35.838;0:35.552;217.3;Nicolas Armindo;;
67;0;113;1:32.392;0;;20.335;0;36.985;0;35.072;0;156.0;2:55:35.929;14:48;0:20.335;0:36.985;0:35.072;217.7;Nicolas Armindo;;
67;0;114;1:31.382;0;;20.255;0;35.940;0;35.187;0;157.7;2:57:07.311;14:50;0:20.255;0:35.940;0:35.187;218.6;Nicolas Armindo;;
67;0;115;1:31.153;0;;19.937;0;35.712;0;35.504;0;158.1;2:58:38.464;14:52;0:19.937;0:35.712;0:35.504;218.2;Nicolas Armindo;;
67;0;116;1:32.052;0;;20.097;0;36.555;0;35.400;0;156.6;3:00:10.516;14:53;0:20.097;0:36.555;0:35.400;217.7;Nicolas Armindo;;
67;0;117;1:31.131;0;;19.991;0;35.845;0;35.295;0;158.1;3:01:41.647;14:55;0:19.991;0:35.845;0:35.295;218.6;Nicolas Armindo;;
67;0;118;1:33.127;0;;20.287;0;37.402;0;35.438;0;154.7;3:03:14.774;14:56;0:20.287;0:37.402;0:35.438;218.6;Nicolas Armindo;;
67;0;119;1:35.026;0;B;20.354;0;36.094;0;38.578;0;151.7;3:04:49.800;14:58;0:20.354;0:36.094;0:38.578;218.2;Nicolas Armindo;;
67;1;120;2:53.428;0;;1:35.833;0;39.481;0;38.114;0;83.1;3:07:43.228;15:01;1:35.833;0:39.481;0:38.114;210.9;Raymond Narac;0:01:20;
67;1;121;1:35.184;0;;20.891;0;37.498;0;36.795;0;151.4;3:09:18.412;15:02;0:20.891;0:37.498;0:36.795;214.7;Raymond Narac;;
67;1;122;1:52.247;0;;20.612;0;46.026;0;45.609;0;128.4;3:11:10.659;15:04;0:20.612;0:46.026;0:45.609;144.0;Raymond Narac;;
67;1;123;1:59.923;0;;26.020;0;48.486;0;45.417;0;120.2;3:13:10.582;15:06;0:26.020;0:48.486;0:45.417;112.3;Raymond Narac;;
67;1;124;2:02.610;0;B;26.171;0;47.591;0;48.848;0;117.5;3:15:13.192;15:08;0:26.171;0:47.591;0:48.848;134.5;Raymond Narac;;
67;1;125;2:04.114;0;;44.429;0;36.944;0;42.741;0;116.1;3:17:17.306;15:10;0:44.429;0:36.944;0:42.741;216.4;Raymond Narac;0:00:29;
67;1;126;1:54.146;0;;26.533;0;46.863;0;40.750;0;126.2;3:19:11.452;15:12;0:26.533;0:46.863;0:40.750;130.8;Raymond Narac;;
67;1;127;1:34.909;0;;20.555;0;37.541;0;36.813;0;151.8;3:20:46.361;15:14;0:20.555;0:37.541;0:36.813;219.5;Raymond Narac;;
67;1;128;1:32.536;0;;20.326;0;36.452;0;35.758;0;155.7;3:22:18.897;15:15;0:20.326;0:36.452;0:35.758;218.6;Raymond Narac;;
67;1;129;1:32.144;0;;20.098;0;36.561;0;35.485;0;156.4;3:23:51.041;15:17;0:20.098;0:36.561;0:35.485;219.1;Raymond Narac;;
67;1;130;1:32.031;0;;20.112;0;36.268;0;35.651;0;156.6;3:25:23.072;15:18;0:20.112;0:36.268;0:35.651;218.2;Raymond Narac;;
67;1;131;1:31.548;0;;20.012;0;36.210;0;35.326;0;157.4;3:26:54.620;15:20;0:20.012;0:36.210;0:35.326;216.4;Raymond Narac;;
67;1;132;1:31.087;0;;19.992;0;35.854;0;35.241;0;158.2;3:28:25.707;15:21;0:19.992;0:35.854;0:35.241;217.3;Raymond Narac;;
67;1;133;1:31.262;0;;19.956;0;35.998;0;35.308;0;157.9;3:29:56.969;15:23;0:19.956;0:35.998;0:35.308;216.4;Raymond Narac;;
67;1;134;1:31.581;0;;20.033;0;36.117;0;35.431;0;157.4;3:31:28.550;15:24;0:20.033;0:36.117;0:35.431;217.7;Raymond Narac;;
67;1;135;1:31.544;0;;19.963;0;36.159;0;35.422;0;157.4;3:33:00.094;15:26;0:19.963;0:36.159;0:35.422;216.9;Raymond Narac;;
67;1;136;1:35.325;0;;20.006;0;38.626;0;36.693;0;151.2;3:34:35.419;15:27;0:20.006;0:38.626;0:36.693;210.5;Raymond Narac;;
67;1;137;1:33.187;0;;20.123;0;36.286;0;36.778;0;154.6;3:36:08.606;15:29;0:20.123;0:36.286;0:36.778;216.9;Raymond Narac;;
67;1;138;1:31.278;0;;20.015;0;36.352;0;34.911;1;157.9;3:37:39.884;15:31;0:20.015;0:36.352;0:34.911;218.2;Raymond Narac;;
67;1;139;1:31.187;0;;19.872;0;36.081;0;35.234;0;158.0;3:39:11.071;15:32;0:19.872;0:36.081;0:35.234;218.2;Raymond Narac;;
67;1;140;1:30.899;0;;19.920;0;35.826;0;35.153;0;158.5;3:40:41.970;15:34;0:19.920;0:35.826;0:35.153;216.9;Raymond Narac;;
67;1;141;1:30.839;0;;19.908;0;35.805;0;35.126;0;158.6;3:42:12.809;15:35;0:19.908;0:35.805;0:35.126;217.3;Raymond Narac;;
67;1;142;1:30.844;0;;19.867;0;35.781;0;35.196;0;158.6;3:43:43.653;15:37;0:19.867;0:35.781;0:35.196;218.6;Raymond Narac;;
67;1;143;1:31.252;0;;20.023;0;36.202;0;35.027;0;157.9;3:45:14.905;15:38;0:20.023;0:36.202;0:35.027;218.2;Raymond Narac;;
67;1;144;1:31.121;0;;19.944;0;36.148;0;35.029;0;158.2;3:46:46.026;15:40;0:19.944;0:36.148;0:35.029;216.9;Raymond Narac;;
67;1;145;1:31.149;0;;19.842;0;35.948;0;35.359;0;158.1;3:48:17.175;15:41;0:19.842;0:35.948;0:35.359;217.7;Raymond Narac;;
67;1;146;1:32.730;0;;20.596;0;36.965;0;35.169;0;155.4;3:49:49.905;15:43;0:20.596;0:36.965;0:35.169;217.7;Raymond Narac;;
67;1;147;1:30.846;0;;19.863;0;35.662;1;35.321;0;158.6;3:51:20.751;15:44;0:19.863;0:35.662;0:35.321;219.1;Raymond Narac;;
67;1;148;1:30.762;0;;19.844;0;35.874;0;35.044;0;158.8;3:52:51.513;15:46;0:19.844;0:35.874;0:35.044;219.1;Raymond Narac;;
67;1;149;1:32.024;0;;20.038;0;36.879;0;35.107;0;156.6;3:54:23.537;15:47;0:20.038;0:36.879;0:35.107;218.6;Raymond Narac;;
67;1;150;1:30.776;0;;19.851;0;35.804;0;35.121;0;158.8;3:55:54.313;15:49;0:19.851;0:35.804;0:35.121;218.6;Raymond Narac;;
67;1;151;1:31.212;0;;19.809;0;35.888;0;35.515;0;158.0;3:57:25.525;15:50;0:19.809;0:35.888;0:35.515;219.1;Raymond Narac;;
67;1;152;1:30.927;0;;19.956;0;35.873;0;35.098;0;158.5;3:58:56.452;15:52;0:19.956;0:35.873;0:35.098;220.0;Raymond Narac;;
67;1;153;1:32.445;0;;19.921;0;37.285;0;35.239;0;155.9;4:00:28.897;15:53;0:19.921;0:37.285;0:35.239;216.0;Raymond Narac;;
67;1;154;1:30.966;0;;19.915;0;35.836;0;35.215;0;158.4;4:01:59.863;15:55;0:19.915;0:35.836;0:35.215;218.6;Raymond Narac;;
67;1;155;1:31.188;0;;19.827;0;36.228;0;35.133;0;158.0;4:03:31.051;15:56;0:19.827;0:36.228;0:35.133;219.1;Raymond Narac;;
67;1;156;1:31.182;0;;19.850;0;36.394;0;34.938;0;158.0;4:05:02.233;15:58;0:19.850;0:36.394;0:34.938;220.4;Raymond Narac;;
67;1;157;1:31.299;0;;19.804;0;36.311;0;35.184;0;157.8;4:06:33.532;15:59;0:19.804;0:36.311;0:35.184;218.6;Raymond Narac;;
67;1;158;1:30.625;0;;19.886;0;35.724;0;35.015;0;159.0;4:08:04.157;16:01;0:19.886;0:35.724;0:35.015;217.7;Raymond Narac;;
67;1;159;1:30.759;0;;19.756;1;35.802;0;35.201;0;158.8;4:09:34.916;16:02;0:19.756;0:35.802;0:35.201;217.7;Raymond Narac;;
67;1;160;1:32.079;0;;19.835;0;36.626;0;35.618;0;156.5;4:11:06.995;16:04;0:19.835;0:36.626;0:35.618;216.0;Raymond Narac;;
67;1;161;1:31.082;0;;19.922;0;36.081;0;35.079;0;158.2;4:12:38.077;16:06;0:19.922;0:36.081;0:35.079;219.1;Raymond Narac;;
67;1;162;1:31.402;0;;20.003;0;35.941;0;35.458;0;157.7;4:14:09.479;16:07;0:20.003;0:35.941;0:35.458;218.6;Raymond Narac;;
67;1;163;1:31.857;0;;20.142;0;36.341;0;35.374;0;156.9;4:15:41.336;16:09;0:20.142;0:36.341;0:35.374;218.6;Raymond Narac;;
67;1;164;1:31.817;0;;19.923;0;36.349;0;35.545;0;157.0;4:17:13.153;16:10;0:19.923;0:36.349;0:35.545;217.3;Raymond Narac;;
67;1;165;1:30.824;0;;19.903;0;35.903;0;35.018;0;158.7;4:18:43.977;16:12;0:19.903;0:35.903;0:35.018;218.2;Raymond Narac;;
67;1;166;1:32.443;0;;19.891;0;37.435;0;35.117;0;155.9;4:20:16.420;16:13;0:19.891;0:37.435;0:35.117;216.9;Raymond Narac;;
67;1;167;1:35.325;0;B;19.985;0;36.524;0;38.816;0;151.2;4:21:51.745;16:15;0:19.985;0:36.524;0:38.816;211.8;Raymond Narac;;
67;2;168;2:49.186;0;;1:36.339;0;36.571;0;36.276;0;85.2;4:24:40.931;16:18;1:36.339;0:36.571;0:36.276;217.3;Anthony Pons;0:01:21;
67;2;169;1:32.233;0;;20.206;0;36.267;0;35.760;0;156.2;4:26:13.164;16:19;0:20.206;0:36.267;0:35.760;217.3;Anthony Pons;;
67;2;170;1:32.669;0;;20.167;0;36.839;0;35.663;0;155.5;4:27:45.833;16:21;0:20.167;0:36.839;0:35.663;217.7;Anthony Pons;;
67;2;171;1:32.690;0;;20.029;0;36.729;0;35.932;0;155.5;4:29:18.523;16:22;0:20.029;0:36.729;0:35.932;218.6;Anthony Pons;;
67;2;172;1:33.553;0;;20.293;0;36.332;0;36.928;0;154.0;4:30:52.076;16:24;0:20.293;0:36.332;0:36.928;219.1;Anthony Pons;;
67;2;173;1:32.383;0;;20.315;0;36.419;0;35.649;0;156.0;4:32:24.459;16:25;0:20.315;0:36.419;0:35.649;216.9;Anthony Pons;;
67;2;174;1:32.268;0;;20.090;0;36.205;0;35.973;0;156.2;4:33:56.727;16:27;0:20.090;0:36.205;0:35.973;217.3;Anthony Pons;;
67;2;175;1:32.260;0;;20.053;0;36.326;0;35.881;0;156.2;4:35:28.987;16:28;0:20.053;0:36.326;0:35.881;217.3;Anthony Pons;;
67;2;176;1:32.192;0;;20.012;0;36.363;0;35.817;0;156.3;4:37:01.179;16:30;0:20.012;0:36.363;0:35.817;215.6;Anthony Pons;;
67;2;177;1:32.182;0;;20.059;0;36.207;0;35.916;0;156.3;4:38:33.361;16:31;0:20.059;0:36.207;0:35.916;216.4;Anthony Pons;;
67;2;178;1:33.064;0;;20.090;0;37.044;0;35.930;0;154.8;4:40:06.425;16:33;0:20.090;0:37.044;0:35.930;217.7;Anthony Pons;;
67;2;179;1:33.094;0;;20.035;0;37.081;0;35.978;0;154.8;4:41:39.519;16:35;0:20.035;0:37.081;0:35.978;216.0;Anthony Pons;;
67;2;180;1:32.689;0;;20.390;0;36.491;0;35.808;0;155.5;4:43:12.208;16:36;0:20.390;0:36.491;0:35.808;218.2;Anthony Pons;;
67;2;181;1:32.525;0;;20.490;0;36.345;0;35.690;0;155.8;4:44:44.733;16:38;0:20.490;0:36.345;0:35.690;215.6;Anthony Pons;;
67;2;182;1:32.743;0;;20.140;0;36.139;1;36.464;0;155.4;4:46:17.476;16:39;0:20.140;0:36.139;0:36.464;216.4;Anthony Pons;;
67;2;183;1:32.740;0;;20.038;0;36.512;0;36.190;0;155.4;4:47:50.216;16:41;0:20.038;0:36.512;0:36.190;216.4;Anthony Pons;;
67;2;184;1:32.257;0;;20.128;0;36.196;0;35.933;0;156.2;4:49:22.473;16:42;0:20.128;0:36.196;0:35.933;216.4;Anthony Pons;;
67;2;185;1:32.579;0;;20.088;0;36.671;0;35.820;0;155.7;4:50:55.052;16:44;0:20.088;0:36.671;0:35.820;218.2;Anthony Pons;;
67;2;186;1:32.208;0;;20.032;0;36.250;0;35.926;0;156.3;4:52:27.260;16:45;0:20.032;0:36.250;0:35.926;217.7;Anthony Pons;;
67;2;187;1:33.174;0;;20.060;0;36.443;0;36.671;0;154.7;4:54:00.434;16:47;0:20.060;0:36.443;0:36.671;216.4;Anthony Pons;;
67;2;188;1:33.042;0;;20.012;0;36.505;0;36.525;0;154.9;4:55:33.476;16:48;0:20.012;0:36.505;0:36.525;217.3;Anthony Pons;;
67;2;189;1:32.353;0;;20.036;0;36.384;0;35.933;0;156.0;4:57:05.829;16:50;0:20.036;0:36.384;0:35.933;215.1;Anthony Pons;;
67;2;190;1:33.626;0;;20.221;0;37.314;0;36.091;0;153.9;4:58:39.455;16:52;0:20.221;0:37.314;0:36.091;217.3;Anthony Pons;;
67;2;191;1:36.295;0;B;20.109;0;36.421;0;39.765;0;149.7;5:00:15.750;16:53;0:20.109;0:36.421;0:39.765;216.4;Anthony Pons;;
67;0;192;2:09.314;0;;58.088;0;36.044;0;35.182;0;111.4;5:02:25.064;16:55;0:58.088;0:36.044;0:35.182;216.4;Nicolas Armindo;0:00:44;
67;0;193;1:30.586;0;;19.860;0;35.671;0;35.055;0;159.1;5:03:55.650;16:57;0:19.860;0:35.671;0:35.055;216.0;Nicolas Armindo;;
67;0;194;1:30.497;0;;19.840;0;35.598;0;35.059;0;159.2;5:05:26.147;16:58;0:19.840;0:35.598;0:35.059;216.9;Nicolas Armindo;;
67;0;195;1:31.215;0;;20.475;0;35.767;0;34.973;0;158.0;5:06:57.362;17:00;0:20.475;0:35.767;0:34.973;216.4;Nicolas Armindo;;
67;0;196;1:30.638;0;;19.835;0;35.895;0;34.908;0;159.0;5:08:28.000;17:01;0:19.835;0:35.895;0:34.908;215.6;Nicolas Armindo;;
67;0;197;1:30.601;0;;19.866;0;35.885;0;34.850;0;159.1;5:09:58.601;17:03;0:19.866;0:35.885;0:34.850;216.9;Nicolas Armindo;;
67;0;198;1:30.294;0;;19.892;0;35.766;0;34.636;0;159.6;5:11:28.895;17:04;0:19.892;0:35.766;0:34.636;217.7;Nicolas Armindo;;
67;0;199;1:30.588;0;;19.892;0;35.897;0;34.799;0;159.1;5:12:59.483;17:06;0:19.892;0:35.897;0:34.799;217.3;Nicolas Armindo;;
67;0;200;1:30.406;0;;19.851;0;35.807;0;34.748;0;159.4;5:14:29.889;17:07;0:19.851;0:35.807;0:34.748;216.4;Nicolas Armindo;;
67;0;201;1:30.469;0;;19.920;0;35.851;0;34.698;0;159.3;5:16:00.358;17:09;0:19.920;0:35.851;0:34.698;216.4;Nicolas Armindo;;
67;0;202;1:30.469;0;;20.002;0;35.665;0;34.802;0;159.3;5:17:30.827;17:10;0:20.002;0:35.665;0:34.802;217.7;Nicolas Armindo;;
67;0;203;1:30.573;0;;20.322;0;35.584;0;34.667;0;159.1;5:19:01.400;17:12;0:20.322;0:35.584;0:34.667;217.7;Nicolas Armindo;;
67;0;204;1:30.036;0;;19.786;0;35.633;0;34.617;0;160.1;5:20:31.436;17:13;0:19.786;0:35.633;0:34.617;215.6;Nicolas Armindo;;
67;0;205;1:29.749;0;;19.726;0;35.554;0;34.469;0;160.6;5:22:01.185;17:15;0:19.726;0:35.554;0:34.469;215.6;Nicolas Armindo;;
67;0;206;1:30.542;0;;19.856;0;35.709;0;34.977;0;159.2;5:23:31.727;17:16;0:19.856;0:35.709;0:34.977;217.3;Nicolas Armindo;;
67;0;207;1:31.611;0;;20.142;0;36.311;0;35.158;0;157.3;5:25:03.338;17:18;0:20.142;0:36.311;0:35.158;216.4;Nicolas Armindo;;
67;0;208;1:30.015;0;;19.889;0;35.492;0;34.634;0;160.1;5:26:33.353;17:19;0:19.889;0:35.492;0:34.634;217.3;Nicolas Armindo;;
67;0;209;1:30.177;0;;19.885;0;35.510;0;34.782;0;159.8;5:28:03.530;17:21;0:19.885;0:35.510;0:34.782;216.0;Nicolas Armindo;;
67;0;210;1:30.178;0;;19.901;0;35.610;0;34.667;0;159.8;5:29:33.708;17:22;0:19.901;0:35.610;0:34.667;217.3;Nicolas Armindo;;
67;0;211;1:31.125;0;;19.891;0;36.340;0;34.894;0;158.1;5:31:04.833;17:24;0:19.891;0:36.340;0:34.894;216.9;Nicolas Armindo;;
67;0;212;1:30.264;0;;19.799;0;35.605;0;34.860;0;159.7;5:32:35.097;17:25;0:19.799;0:35.605;0:34.860;218.2;Nicolas Armindo;;
67;0;213;1:30.070;0;;19.747;0;35.533;0;34.790;0;160.0;5:34:05.167;17:27;0:19.747;0:35.533;0:34.790;216.9;Nicolas Armindo;;
67;0;214;1:29.753;0;;19.785;0;35.466;0;34.502;0;160.6;5:35:34.920;17:28;0:19.785;0:35.466;0:34.502;218.2;Nicolas Armindo;;
67;0;215;1:30.931;0;;20.197;0;36.103;0;34.631;0;158.5;5:37:05.851;17:30;0:20.197;0:36.103;0:34.631;216.9;Nicolas Armindo;;
67;0;216;1:30.268;0;;19.836;0;35.669;0;34.763;0;159.6;5:38:36.119;17:31;0:19.836;0:35.669;0:34.763;218.2;Nicolas Armindo;;
67;0;217;1:29.883;0;;19.931;0;35.530;0;34.422;2;160.3;5:40:06.002;17:33;0:19.931;0:35.530;0:34.422;218.6;Nicolas Armindo;;
67;0;218;1:29.691;2;;19.721;0;35.501;0;34.469;0;160.7;5:41:35.693;17:34;0:19.721;0:35.501;0:34.469;218.6;Nicolas Armindo;;
67;0;219;1:30.653;0;;19.790;0;35.756;0;35.107;0;159.0;5:43:06.346;17:36;0:19.790;0:35.756;0:35.107;218.2;Nicolas Armindo;;
67;0;220;1:30.156;0;;19.911;0;35.473;0;34.772;0;159.8;5:44:36.502;17:37;0:19.911;0:35.473;0:34.772;218.2;Nicolas Armindo;;
67;0;221;1:30.375;0;;19.837;0;35.652;0;34.886;0;159.5;5:46:06.877;17:39;0:19.837;0:35.652;0:34.886;216.4;Nicolas Armindo;;
67;0;222;1:30.855;0;;19.886;0;35.922;0;35.047;0;158.6;5:47:37.732;17:41;0:19.886;0:35.922;0:35.047;216.9;Nicolas Armindo;;
67;0;223;1:31.954;0;;19.961;0;36.828;0;35.165;0;156.7;5:49:09.686;17:42;0:19.961;0:36.828;0:35.165;219.1;Nicolas Armindo;;
67;0;224;1:31.148;0;;20.158;0;35.854;0;35.136;0;158.1;5:50:40.834;17:44;0:20.158;0:35.854;0:35.136;218.2;Nicolas Armindo;;
67;0;225;1:31.308;0;;19.979;0;35.757;0;35.572;0;157.8;5:52:12.142;17:45;0:19.979;0:35.757;0:35.572;220.0;Nicolas Armindo;;
67;0;226;1:31.525;0;;20.301;0;35.956;0;35.268;0;157.5;5:53:43.667;17:47;0:20.301;0:35.956;0:35.268;219.1;Nicolas Armindo;;
67;0;227;1:31.452;0;;20.216;0;36.040;0;35.196;0;157.6;5:55:15.119;17:48;0:20.216;0:36.040;0:35.196;216.4;Nicolas Armindo;;
67;0;228;1:30.902;0;;19.867;0;35.693;0;35.342;0;158.5;5:56:46.021;17:50;0:19.867;0:35.693;0:35.342;219.1;Nicolas Armindo;;
67;0;229;1:30.157;0;;19.744;0;35.697;0;34.716;0;159.8;5:58:16.178;17:51;0:19.744;0:35.697;0:34.716;219.5;Nicolas Armindo;;
67;0;230;1:30.195;0;;19.676;2;35.635;0;34.884;0;159.8;5:59:46.373;17:53;0:19.676;0:35.635;0:34.884;217.7;Nicolas Armindo;;
67;0;231;1:30.121;0;;19.873;0;35.517;0;34.731;0;159.9;6:01:16.494;17:54;0:19.873;0:35.517;0:34.731;217.7;Nicolas Armindo;;
