NUMBER; DRIVER_NUMBER; LAP_NUMBER; LAP_TIME; LAP_IMPROVEMENT; CROSSING_FINISH_LINE_IN_PIT; S1; S1_IMPROVEMENT; S2; S2_IMPROVEMENT; S3; S3_IMPROVEMENT; KPH; ELAPSED; HOUR;S1_LARGE;S2_LARGE;S3_LARGE;TOP_SPEED;DRIVER_NAME;PIT_TIME;
24;0;1;2:38.074;0;;1:01.682;0;59.372;0;37.020;0;95.2;2:38.074;11:02;1:01.682;0:59.372;0:37.020;;Vincent CAPILLAIRE;0:00:32.498;
24;0;2;1:53.482;0;;24.033;0;54.469;0;34.980;0;132.7;4:31.556;11:04;0:24.033;0:54.469;0:34.980;201.0;Vincent CAPILLAIRE;;
24;0;3;1:52.427;0;;23.848;0;53.925;0;34.654;0;133.9;6:23.983;11:06;0:23.848;0:53.925;0:34.654;223.9;Vincent CAPILLAIRE;;
24;0;4;1:53.291;0;;23.280;0;55.483;0;34.528;0;132.9;8:17.274;11:08;0:23.280;0:55.483;0:34.528;237.9;Vincent CAPILLAIRE;;
24;0;5;1:48.998;0;;22.526;0;52.667;0;33.805;0;138.1;10:06.272;11:10;0:22.526;0:52.667;0:33.805;247.0;Vincent CAPILLAIRE;;
24;0;6;1:57.945;0;B;23.334;0;53.250;0;41.361;0;127.6;12:04.217;11:12;0:23.334;0:53.250;0:41.361;215.2;Vincent CAPILLAIRE;;
24;0;7;4:53.125;0;;3:27.054;0;52.418;0;33.653;0;51.4;16:57.342;11:16;3:27.054;0:52.418;0:33.653;;Vincent CAPILLAIRE;0:03:04.496;
24;0;8;1:46.496;0;;22.443;0;50.878;0;33.175;0;141.4;18:43.838;11:18;0:22.443;0:50.878;0:33.175;246.4;Vincent CAPILLAIRE;;
24;0;9;1:49.434;0;;22.038;0;52.999;0;34.397;0;137.6;20:33.272;11:20;0:22.038;0:52.999;0:34.397;259.8;Vincent CAPILLAIRE;;
24;0;10;2:18.762;0;B;22.409;0;1:03.005;0;53.348;0;108.5;22:52.034;11:22;0:22.409;1:03.005;0:53.348;259.2;Vincent CAPILLAIRE;;
24;1;11;12:47.884;0;;11:12.993;0;59.526;0;35.365;0;19.6;35:39.918;11:35;11:12.993;0:59.526;0:35.365;;Jimmy ERIKSSON;0:10:44.551;
24;1;12;1:46.915;0;;22.732;0;50.749;0;33.434;0;140.8;37:26.833;11:37;0:22.732;0:50.749;0:33.434;238.4;Jimmy ERIKSSON;;
24;1;13;1:46.108;0;;23.086;0;49.896;0;33.126;0;141.9;39:12.941;11:39;0:23.086;0:49.896;0:33.126;202.1;Jimmy ERIKSSON;;
24;1;14;1:47.591;0;;21.541;0;50.986;0;35.064;0;139.9;41:00.532;11:41;0:21.541;0:50.986;0:35.064;261.7;Jimmy ERIKSSON;;
24;1;15;1:57.343;0;B;21.828;0;50.403;0;45.112;0;128.3;42:57.875;11:42;0:21.828;0:50.403;0:45.112;258.0;Jimmy ERIKSSON;;
24;1;16;3:20.545;0;;1:52.466;0;54.365;0;33.714;0;75.1;46:18.420;11:46;1:52.466;0:54.365;0:33.714;;Jimmy ERIKSSON;0:01:26.727;
24;1;17;1:43.269;0;;21.501;0;49.537;0;32.231;0;145.8;48:01.689;11:48;0:21.501;0:49.537;0:32.231;258.0;Jimmy ERIKSSON;;
24;1;18;1:48.715;0;;21.177;0;52.982;0;34.556;0;138.5;49:50.404;11:49;0:21.177;0:52.982;0:34.556;261.7;Jimmy ERIKSSON;;
24;1;19;1:45.407;0;;21.977;0;50.159;0;33.271;0;142.8;51:35.811;11:51;0:21.977;0:50.159;0:33.271;247.0;Jimmy ERIKSSON;;
24;1;20;1:40.304;0;;20.542;0;47.569;0;32.193;0;150.1;53:16.115;11:53;0:20.542;0:47.569;0:32.193;262.3;Jimmy ERIKSSON;;
24;1;21;1:49.640;0;B;20.542;0;47.122;0;41.976;0;137.3;55:05.755;11:55;0:20.542;0:47.122;0:41.976;261.7;Jimmy ERIKSSON;;
24;1;22;29:44.630;0;;28:20.033;0;50.874;0;33.723;0;8.4;1:24:50.385;12:24;28:20.033;0:50.874;0:33.723;;Jimmy ERIKSSON;0:27:55.402;
24;1;23;1:42.233;0;;22.064;0;47.833;0;32.336;0;147.3;1:26:32.618;12:26;0:22.064;0:47.833;0:32.336;232.4;Jimmy ERIKSSON;;
24;1;24;1:44.164;0;;20.646;0;49.723;0;33.795;0;144.5;1:28:16.782;12:28;0:20.646;0:49.723;0:33.795;256.8;Jimmy ERIKSSON;;
24;1;25;1:39.642;0;;20.877;0;47.649;0;31.116;0;151.1;1:29:56.424;12:29;0:20.877;0:47.649;0:31.116;261.7;Jimmy ERIKSSON;;
24;1;26;1:37.136;0;;20.381;0;46.357;0;30.398;0;155.0;1:31:33.560;12:31;0:20.381;0:46.357;0:30.398;262.9;Jimmy ERIKSSON;;
24;1;27;1:36.304;2;;19.727;1;46.257;2;30.320;2;156.3;1:33:09.864;12:33;0:19.727;0:46.257;0:30.320;263.5;Jimmy ERIKSSON;;
24;1;28;1:48.749;0;B;19.888;0;47.979;0;40.882;0;138.4;1:34:58.613;12:34;0:19.888;0:47.979;0:40.882;263.5;Jimmy ERIKSSON;;
24;0;29;3:35.192;0;;2:16.074;0;48.146;0;30.972;1;70.0;1:38:33.805;12:38;2:16.074;0:48.146;0:30.972;;Vincent CAPILLAIRE;0:01:55.099;
24;0;30;1:38.044;0;;20.129;0;46.862;1;31.053;0;153.6;1:40:11.849;12:40;0:20.129;0:46.862;0:31.053;262.3;Vincent CAPILLAIRE;;
24;0;31;1:54.268;0;B;19.572;2;48.257;0;46.439;0;131.8;1:42:06.117;12:42;0:19.572;0:48.257;0:46.439;263.5;Vincent CAPILLAIRE;;
28;0;1;2:35.121;0;B;49.154;0;56.542;0;49.425;0;97.1;2:35.121;11:02;0:49.154;0:56.542;0:49.425;;Luciano BACHETA;0:00:24.009;
28;0;2;4:50.335;0;;3:19.977;0;56.276;0;34.082;0;51.9;7:25.456;11:07;3:19.977;0:56.276;0:34.082;;Luciano BACHETA;0:02:55.833;
28;0;3;2:00.432;0;B;23.839;0;53.926;0;42.667;0;125.0;9:25.888;11:09;0:23.839;0:53.926;0:42.667;196.7;Luciano BACHETA;;
28;0;4;6:40.520;0;;5:13.917;0;53.263;0;33.340;0;37.6;16:06.408;11:16;5:13.917;0:53.263;0:33.340;;Luciano BACHETA;0:04:50.631;
28;0;5;1:45.528;0;;22.249;0;51.275;0;32.004;0;142.7;17:51.936;11:17;0:22.249;0:51.275;0:32.004;244.8;Luciano BACHETA;;
28;0;6;1:43.181;0;;21.552;0;50.018;0;31.611;0;145.9;19:35.117;11:19;0:21.552;0:50.018;0:31.611;253.8;Luciano BACHETA;;
28;0;7;2:01.115;0;B;21.241;0;51.171;0;48.703;0;124.3;21:36.232;11:21;0:21.241;0:51.171;0:48.703;255.6;Luciano BACHETA;;
28;0;8;14:10.252;0;;12:45.121;0;52.795;0;32.336;0;17.7;35:46.484;11:35;12:45.121;0:52.795;0:32.336;;Luciano BACHETA;0:12:21.727;
28;0;9;1:45.659;0;;21.612;0;52.158;0;31.889;0;142.5;37:32.143;11:37;0:21.612;0:52.158;0:31.889;250.9;Luciano BACHETA;;
28;0;10;1:49.829;0;B;21.011;0;49.601;0;39.217;0;137.1;39:21.972;11:39;0:21.011;0:49.601;0:39.217;258.0;Luciano BACHETA;;
28;1;11;4:38.191;0;;3:12.026;0;53.228;0;32.937;0;54.1;44:00.163;11:44;3:12.026;0:53.228;0:32.937;;Mark SHULZHITSKIY;0:02:49.350;
28;1;12;1:46.680;0;;21.703;0;49.860;0;35.117;0;141.1;45:46.843;11:45;0:21.703;0:49.860;0:35.117;256.2;Mark SHULZHITSKIY;;
28;1;13;1:42.741;0;;21.717;0;48.899;0;32.125;0;146.5;47:29.584;11:47;0:21.717;0:48.899;0:32.125;256.2;Mark SHULZHITSKIY;;
28;1;14;1:43.287;0;;21.896;0;49.622;0;31.769;0;145.8;49:12.871;11:49;0:21.896;0:49.622;0:31.769;249.2;Mark SHULZHITSKIY;;
28;1;15;1:43.779;0;;20.845;0;50.318;0;32.616;0;145.1;50:56.650;11:50;0:20.845;0:50.318;0:32.616;257.4;Mark SHULZHITSKIY;;
28;1;16;1:41.741;0;;21.356;0;48.843;0;31.542;0;148.0;52:38.391;11:52;0:21.356;0:48.843;0:31.542;253.2;Mark SHULZHITSKIY;;
28;1;17;1:40.910;0;;21.148;0;48.263;0;31.499;0;149.2;54:19.301;11:54;0:21.148;0:48.263;0:31.499;253.8;Mark SHULZHITSKIY;;
28;1;18;1:40.170;0;;20.915;0;48.042;0;31.213;0;150.3;55:59.471;11:55;0:20.915;0:48.042;0:31.213;255.6;Mark SHULZHITSKIY;;
28;1;19;1:39.873;0;;20.605;0;47.767;0;31.501;0;150.7;57:39.344;11:57;0:20.605;0:47.767;0:31.501;258.0;Mark SHULZHITSKIY;;
28;1;20;1:43.384;0;;20.622;0;49.590;0;33.172;0;145.6;59:22.728;11:59;0:20.622;0:49.590;0:33.172;259.8;Mark SHULZHITSKIY;;
28;1;21;1:49.363;0;B;21.222;0;47.561;0;40.580;0;137.7;1:01:12.091;12:01;0:21.222;0:47.561;0:40.580;256.2;Mark SHULZHITSKIY;;
28;1;22;3:34.780;0;;2:13.780;0;48.738;0;32.262;0;70.1;1:04:46.871;12:04;2:13.780;0:48.738;0:32.262;;Mark SHULZHITSKIY;0:01:53.027;
28;1;23;1:36.871;0;;21.002;0;46.056;1;29.813;1;155.4;1:06:23.742;12:06;0:21.002;0:46.056;0:29.813;244.3;Mark SHULZHITSKIY;;
28;1;24;1:38.074;0;;21.448;0;46.083;0;30.543;0;153.5;1:08:01.816;12:08;0:21.448;0:46.083;0:30.543;256.8;Mark SHULZHITSKIY;;
28;1;25;1:36.700;0;;19.865;1;46.221;0;30.614;0;155.7;1:09:38.516;12:09;0:19.865;0:46.221;0:30.614;256.8;Mark SHULZHITSKIY;;
28;1;26;2:08.288;0;B;23.800;0;50.447;0;54.041;0;117.4;1:11:46.804;12:11;0:23.800;0:50.447;0:54.041;248.7;Mark SHULZHITSKIY;;
28;0;27;12:36.447;0;;11:16.124;0;49.931;0;30.392;0;19.9;1:24:23.251;12:24;11:16.124;0:49.931;0:30.392;;Luciano BACHETA;0:10:50.719;
28;0;28;1:36.088;0;;19.937;0;45.987;0;30.164;0;156.7;1:25:59.339;12:25;0:19.937;0:45.987;0:30.164;256.2;Luciano BACHETA;;
28;0;29;1:34.897;0;;19.487;0;45.643;0;29.767;0;158.6;1:27:34.236;12:27;0:19.487;0:45.643;0:29.767;255.6;Luciano BACHETA;;
28;0;30;1:36.521;0;;20.226;0;47.031;0;29.264;0;156.0;1:29:10.757;12:29;0:20.226;0:47.031;0:29.264;261.0;Luciano BACHETA;;
28;0;31;1:34.929;0;;19.159;0;46.271;0;29.499;0;158.6;1:30:45.686;12:30;0:19.159;0:46.271;0:29.499;261.0;Luciano BACHETA;;
28;0;32;1:33.923;2;;19.068;0;45.729;0;29.126;2;160.3;1:32:19.609;12:32;0:19.068;0:45.729;0:29.126;258.0;Luciano BACHETA;;
28;0;33;1:36.330;0;;18.979;3;46.719;0;30.632;0;156.3;1:33:55.939;12:33;0:18.979;0:46.719;0:30.632;261.0;Luciano BACHETA;;
28;0;34;1:34.702;0;;19.716;0;45.696;0;29.290;0;159.0;1:35:30.641;12:35;0:19.716;0:45.696;0:29.290;261.0;Luciano BACHETA;;
28;0;35;1:42.121;0;B;20.383;0;45.469;2;36.269;0;147.4;1:37:12.762;12:37;0:20.383;0:45.469;0:36.269;258.6;Luciano BACHETA;;
29;0;1;2:55.813;0;;1:16.252;0;1:02.715;0;36.846;0;85.6;2:55.813;11:02;1:16.252;1:02.715;0:36.846;;Julien SCHELL;0:00:48.972;
29;0;2;1:53.095;0;;24.540;0;54.544;0;34.011;0;133.1;4:48.908;11:04;0:24.540;0:54.544;0:34.011;212.3;Julien SCHELL;;
29;0;3;1:53.222;0;;23.410;0;54.850;0;34.962;0;133.0;6:42.130;11:06;0:23.410;0:54.850;0:34.962;241.1;Julien SCHELL;;
29;0;4;1:52.478;0;;23.632;0;54.478;0;34.368;0;133.9;8:34.608;11:08;0:23.632;0:54.478;0:34.368;243.7;Julien SCHELL;;
29;0;5;1:54.177;0;;23.450;0;55.906;0;34.821;0;131.9;10:28.785;11:10;0:23.450;0:55.906;0:34.821;241.6;Julien SCHELL;;
29;0;6;1:54.894;0;;23.309;0;55.046;0;36.539;0;131.0;12:23.679;11:12;0:23.309;0:55.046;0:36.539;237.4;Julien SCHELL;;
29;0;7;1:53.018;0;;23.804;0;54.268;0;34.946;0;133.2;14:16.697;11:14;0:23.804;0:54.268;0:34.946;235.9;Julien SCHELL;;
29;0;8;2:02.963;0;B;23.562;0;54.399;0;45.002;0;122.4;16:19.660;11:16;0:23.562;0:54.399;0:45.002;243.7;Julien SCHELL;;
29;0;9;18:50.395;0;;17:25.421;0;51.928;0;33.046;0;13.3;35:10.055;11:35;17:25.421;0:51.928;0:33.046;;Julien SCHELL;0:17:01.416;
29;0;10;1:43.805;0;;22.778;0;50.002;0;31.025;1;145.0;36:53.860;11:36;0:22.778;0:50.002;0:31.025;227.1;Julien SCHELL;;
29;0;11;1:42.726;0;;21.471;0;49.234;0;32.021;0;146.6;38:36.586;11:38;0:21.471;0:49.234;0:32.021;255.0;Julien SCHELL;;
29;0;12;1:41.831;0;;21.075;1;48.976;1;31.780;0;147.8;40:18.417;11:40;0:21.075;0:48.976;0:31.780;261.7;Julien SCHELL;;
29;0;13;1:42.132;0;;21.237;0;49.168;0;31.727;0;147.4;42:00.549;11:42;0:21.237;0:49.168;0:31.727;254.4;Julien SCHELL;;
29;0;14;2:00.100;0;B;21.200;0;49.997;0;48.903;0;125.4;44:00.649;11:44;0:21.200;0:49.997;0:48.903;258.0;Julien SCHELL;;
29;1;15;6:24.396;0;;5:00.348;0;52.158;0;31.890;0;39.2;50:25.045;11:50;5:00.348;0:52.158;0:31.890;;Nicolas LEUTWILER;0:04:37.550;
29;1;16;1:40.957;0;;21.642;0;48.579;0;30.736;0;149.1;52:06.002;11:52;0:21.642;0:48.579;0:30.736;232.4;Nicolas LEUTWILER;;
29;1;17;1:40.564;0;;21.132;0;48.525;0;30.907;0;149.7;53:46.566;11:53;0:21.132;0:48.525;0:30.907;235.4;Nicolas LEUTWILER;;
29;1;18;1:39.594;0;;20.882;0;48.088;0;30.624;0;151.2;55:26.160;11:55;0:20.882;0:48.088;0:30.624;256.8;Nicolas LEUTWILER;;
29;1;19;1:39.823;0;;20.831;0;47.948;0;31.044;0;150.8;57:05.983;11:57;0:20.831;0:47.948;0:31.044;260.4;Nicolas LEUTWILER;;
29;1;20;1:39.028;0;;20.150;0;47.899;0;30.979;0;152.0;58:45.011;11:58;0:20.150;0:47.899;0:30.979;262.3;Nicolas LEUTWILER;;
29;1;21;1:38.886;0;;20.329;0;48.189;0;30.368;0;152.2;1:00:23.897;12:00;0:20.329;0:48.189;0:30.368;260.4;Nicolas LEUTWILER;;
29;1;22;1:39.145;0;;20.410;0;47.920;0;30.815;0;151.9;1:02:03.042;12:02;0:20.410;0:47.920;0:30.815;265.4;Nicolas LEUTWILER;;
29;1;23;1:37.758;2;;20.001;1;47.469;1;30.288;2;154.0;1:03:40.800;12:03;0:20.001;0:47.469;0:30.288;264.2;Nicolas LEUTWILER;;
29;1;24;1:46.303;0;B;20.506;0;48.332;0;37.465;0;141.6;1:05:27.103;12:05;0:20.506;0:48.332;0:37.465;262.9;Nicolas LEUTWILER;;
29;2;25;6:12.925;0;B;4:26.591;0;56.291;0;50.043;0;40.4;1:11:40.028;12:11;4:26.591;0:56.291;0:50.043;;Jonathan COLEMAN;0:04:00.796;
29;2;26;12:55.595;0;;11:28.112;0;54.076;0;33.407;0;19.4;1:24:35.623;12:24;11:28.112;0:54.076;0:33.407;;Jonathan COLEMAN;0:11:04.570;
29;2;27;1:43.955;0;;22.552;0;49.386;0;32.017;0;144.8;1:26:19.578;12:26;0:22.552;0:49.386;0:32.017;247.6;Jonathan COLEMAN;;
29;2;28;1:39.125;0;;20.340;0;47.640;0;31.145;0;151.9;1:27:58.703;12:27;0:20.340;0:47.640;0:31.145;253.8;Jonathan COLEMAN;;
29;2;29;1:38.345;0;;20.349;0;47.391;0;30.605;1;153.1;1:29:37.048;12:29;0:20.349;0:47.391;0:30.605;260.4;Jonathan COLEMAN;;
29;2;30;1:39.752;0;;20.318;0;48.127;0;31.307;0;150.9;1:31:16.800;12:31;0:20.318;0:48.127;0:31.307;259.2;Jonathan COLEMAN;;
29;2;31;1:38.072;0;;20.012;0;47.352;2;30.708;0;153.5;1:32:54.872;12:32;0:20.012;0:47.352;0:30.708;258.6;Jonathan COLEMAN;;
29;2;32;1:40.596;0;;20.130;0;48.185;0;32.281;0;149.7;1:34:35.468;12:34;0:20.130;0:48.185;0:32.281;261.7;Jonathan COLEMAN;;
29;2;33;1:38.711;0;;20.313;0;47.364;0;31.034;0;152.5;1:36:14.179;12:36;0:20.313;0:47.364;0:31.034;261.0;Jonathan COLEMAN;;
29;2;34;1:39.915;0;;20.025;0;48.032;0;31.858;0;150.7;1:37:54.094;12:37;0:20.025;0:48.032;0:31.858;262.9;Jonathan COLEMAN;;
29;2;35;1:40.507;0;;20.447;0;49.413;0;30.647;0;149.8;1:39:34.601;12:39;0:20.447;0:49.413;0:30.647;263.5;Jonathan COLEMAN;;
29;2;36;1:40.371;0;;19.927;2;49.343;0;31.101;0;150.0;1:41:14.972;12:41;0:19.927;0:49.343;0:31.101;264.2;Jonathan COLEMAN;;
29;2;37;2:10.224;0;B;21.448;0;53.699;0;55.077;0;115.6;1:43:25.196;12:43;0:21.448;0:53.699;0:55.077;262.3;Jonathan COLEMAN;;
34;1;1;10:30.335;0;;8:51.804;0;1:02.673;0;35.858;0;23.9;10:30.335;11:10;8:51.804;1:02.673;0:35.858;;Franck MAILLEUX;0:08:20.196;
34;1;2;1:51.965;0;;23.760;0;53.582;0;34.623;0;134.5;12:22.300;11:12;0:23.760;0:53.582;0:34.623;190.6;Franck MAILLEUX;;
34;1;3;1:50.447;0;;23.315;0;53.033;0;34.099;0;136.3;14:12.747;11:14;0:23.315;0:53.033;0:34.099;209.0;Franck MAILLEUX;;
34;1;4;2:05.086;0;B;23.460;0;55.014;0;46.612;0;120.4;16:17.833;11:16;0:23.460;0:55.014;0:46.612;251.5;Franck MAILLEUX;;
34;1;5;2:37.900;0;;1:06.592;0;55.894;0;35.414;0;95.3;18:55.733;11:18;1:06.592;0:55.894;0:35.414;;Franck MAILLEUX;0:00:44.921;
34;1;6;2:08.952;0;B;24.213;0;58.035;0;46.704;0;116.8;21:04.685;11:21;0:24.213;0:58.035;0:46.704;243.2;Franck MAILLEUX;;
34;1;7;14:03.911;0;;12:40.277;0;51.232;0;32.402;0;17.8;35:08.596;11:35;12:40.277;0:51.232;0:32.402;;Franck MAILLEUX;0:12:17.598;
34;1;8;1:41.621;0;;21.918;0;48.706;0;30.997;0;148.2;36:50.217;11:36;0:21.918;0:48.706;0:30.997;256.2;Franck MAILLEUX;;
34;1;9;1:41.171;0;;21.393;0;49.242;0;30.536;2;148.8;38:31.388;11:38;0:21.393;0:49.242;0:30.536;259.8;Franck MAILLEUX;;
34;1;10;1:39.733;0;;20.824;1;48.123;0;30.786;0;151.0;40:11.121;11:40;0:20.824;0:48.123;0:30.786;261.0;Franck MAILLEUX;;
34;1;11;1:41.656;0;;21.076;0;49.083;0;31.497;0;148.1;41:52.777;11:41;0:21.076;0:49.083;0:31.497;262.3;Franck MAILLEUX;;
34;1;12;1:51.335;0;B;21.692;0;50.703;0;38.940;0;135.2;43:44.112;11:43;0:21.692;0:50.703;0:38.940;261.7;Franck MAILLEUX;;
34;2;13;4:50.950;0;;3:17.289;0;57.562;0;36.099;0;51.7;48:35.062;11:48;3:17.289;0:57.562;0:36.099;;Patric NIEDERHAUSER;0:02:48.707;
34;2;14;1:46.551;0;;23.415;0;50.142;0;32.994;0;141.3;50:21.613;11:50;0:23.415;0:50.142;0:32.994;190.9;Patric NIEDERHAUSER;;
34;2;15;1:42.900;0;;21.592;0;48.794;0;32.514;0;146.3;52:04.513;11:52;0:21.592;0:48.794;0:32.514;228.5;Patric NIEDERHAUSER;;
34;2;16;1:43.564;0;;20.922;0;49.247;0;33.395;0;145.4;53:48.077;11:53;0:20.922;0:49.247;0:33.395;244.8;Patric NIEDERHAUSER;;
34;2;17;1:51.730;0;B;21.264;0;49.543;0;40.923;0;134.7;55:39.807;11:55;0:21.264;0:49.543;0:40.923;243.2;Patric NIEDERHAUSER;;
34;2;18;3:03.981;0;;1:42.524;0;49.670;0;31.787;0;81.8;58:43.788;11:58;1:42.524;0:49.670;0:31.787;;Patric NIEDERHAUSER;0:01:17.128;
34;2;19;1:39.328;0;;20.745;0;47.796;0;30.787;0;151.6;1:00:23.116;12:00;0:20.745;0:47.796;0:30.787;251.5;Patric NIEDERHAUSER;;
34;2;20;1:41.074;0;;20.834;0;49.097;0;31.143;0;149.0;1:02:04.190;12:02;0:20.834;0:49.097;0:31.143;255.6;Patric NIEDERHAUSER;;
34;2;21;1:38.459;0;;20.519;0;47.299;1;30.641;1;152.9;1:03:42.649;12:03;0:20.519;0:47.299;0:30.641;259.2;Patric NIEDERHAUSER;;
34;2;22;1:49.673;0;B;20.409;1;48.984;0;40.280;0;137.3;1:05:32.322;12:05;0:20.409;0:48.984;0:40.280;258.6;Patric NIEDERHAUSER;;
34;1;23;3:18.501;0;;1:59.806;0;47.580;1;31.115;0;75.8;1:08:50.823;12:08;1:59.806;0:47.580;0:31.115;;Franck MAILLEUX;0:01:35.599;
34;1;24;1:52.417;0;B;23.122;0;46.327;0;42.968;0;133.9;1:10:43.240;12:10;0:23.122;0:46.327;0:42.968;207.5;Franck MAILLEUX;;
34;0;25;13:13.046;0;;11:49.542;0;51.013;0;32.491;0;19.0;1:23:56.286;12:23;11:49.542;0:51.013;0:32.491;;Michel FREY;0:11:27.684;
34;0;26;1:40.406;0;;21.582;0;47.691;0;31.133;0;149.9;1:25:36.692;12:25;0:21.582;0:47.691;0:31.133;250.4;Michel FREY;;
34;0;27;1:38.879;0;;20.705;0;47.599;0;30.575;0;152.3;1:27:15.571;12:27;0:20.705;0:47.599;0:30.575;255.0;Michel FREY;;
34;0;28;1:39.621;0;;20.944;0;47.619;0;31.058;0;151.1;1:28:55.192;12:28;0:20.944;0:47.619;0:31.058;258.0;Michel FREY;;
34;0;29;2:02.657;0;B;20.128;0;52.172;0;50.357;0;122.7;1:30:57.849;12:30;0:20.128;0:52.172;0:50.357;256.8;Michel FREY;;
34;0;30;3:34.065;0;;2:14.794;0;48.698;0;30.573;1;70.3;1:34:31.914;12:34;2:14.794;0:48.698;0:30.573;;Michel FREY;0:01:53.961;
34;0;31;1:38.477;0;;20.249;0;47.184;2;31.044;0;152.9;1:36:10.391;12:36;0:20.249;0:47.184;0:31.044;251.5;Michel FREY;;
34;0;32;1:44.535;0;;21.308;0;50.361;0;32.866;0;144.0;1:37:54.926;12:37;0:21.308;0:50.361;0:32.866;257.4;Michel FREY;;
34;0;33;1:38.329;2;;20.084;0;47.581;0;30.664;0;153.1;1:39:33.255;12:39;0:20.084;0:47.581;0:30.664;255.0;Michel FREY;;
34;0;34;1:40.973;0;;20.050;2;49.835;0;31.088;0;149.1;1:41:14.228;12:41;0:20.050;0:49.835;0:31.088;257.4;Michel FREY;;
34;0;35;2:01.601;0;B;20.062;0;51.207;0;50.332;0;123.8;1:43:15.829;12:43;0:20.062;0:51.207;0:50.332;253.2;Michel FREY;;
36;0;1;2:31.517;0;;53.507;0;1:01.754;0;36.256;0;99.4;2:31.517;11:02;0:53.507;1:01.754;0:36.256;;Paul-Loup CHATIN;0:00:27.357;
36;0;2;1:53.946;0;;24.391;0;55.006;0;34.549;0;132.1;4:25.463;11:04;0:24.391;0:55.006;0:34.549;199.2;Paul-Loup CHATIN;;
36;0;3;1:59.772;0;;30.130;0;55.736;0;33.906;0;125.7;6:25.235;11:06;0:30.130;0:55.736;0:33.906;205.5;Paul-Loup CHATIN;;
36;0;4;1:52.541;0;;23.604;0;54.222;0;34.715;0;133.8;8:17.776;11:08;0:23.604;0:54.222;0:34.715;207.1;Paul-Loup CHATIN;;
36;0;5;1:48.575;0;;22.994;0;52.427;0;33.154;0;138.7;10:06.351;11:10;0:22.994;0:52.427;0:33.154;235.9;Paul-Loup CHATIN;;
36;0;6;1:47.460;0;;22.395;0;53.018;0;32.047;0;140.1;11:53.811;11:11;0:22.395;0:53.018;0:32.047;230.0;Paul-Loup CHATIN;;
36;0;7;1:53.070;0;B;21.888;0;51.396;0;39.786;0;133.1;13:46.881;11:13;0:21.888;0:51.396;0:39.786;256.8;Paul-Loup CHATIN;;
36;2;8;3:17.761;0;;1:50.302;0;53.780;0;33.679;0;76.1;17:04.642;11:17;1:50.302;0:53.780;0:33.679;;Oliver WEBB;0:01:26.128;
36;2;9;1:47.146;0;;22.442;0;52.027;0;32.677;0;140.5;18:51.788;11:18;0:22.442;0:52.027;0:32.677;232.4;Oliver WEBB;;
36;2;10;1:44.952;0;;21.879;0;50.287;0;32.786;0;143.4;20:36.740;11:20;0:21.879;0:50.287;0:32.786;241.6;Oliver WEBB;;
36;2;11;2:25.114;0;B;21.627;0;1:05.857;0;57.630;0;103.7;23:01.854;11:23;0:21.627;1:05.857;0:57.630;264.2;Oliver WEBB;;
36;2;12;12:09.642;0;;10:47.058;0;50.245;0;32.339;0;20.6;35:11.496;11:35;10:47.058;0:50.245;0:32.339;;Oliver WEBB;0:10:25.372;
36;2;13;1:41.077;0;;21.489;0;48.294;0;31.294;0;148.9;36:52.573;11:36;0:21.489;0:48.294;0:31.294;245.9;Oliver WEBB;;
36;2;14;1:40.903;0;;20.884;0;48.655;0;31.364;0;149.2;38:33.476;11:38;0:20.884;0:48.655;0:31.364;262.3;Oliver WEBB;;
36;2;15;1:52.904;0;B;21.445;0;50.003;0;41.456;0;133.3;40:26.380;11:40;0:21.445;0:50.003;0:41.456;252.7;Oliver WEBB;;
36;1;16;3:38.506;0;;2:17.901;0;49.834;0;30.771;0;68.9;44:04.886;11:44;2:17.901;0:49.834;0:30.771;;Nelson PANCIATICI;0:01:55.980;
36;1;17;1:40.082;0;;21.344;0;47.243;0;31.495;0;150.4;45:44.968;11:45;0:21.344;0:47.243;0:31.495;244.3;Nelson PANCIATICI;;
36;1;18;1:38.453;0;;21.089;0;46.761;0;30.603;0;152.9;47:23.421;11:47;0:21.089;0:46.761;0:30.603;259.8;Nelson PANCIATICI;;
36;1;19;1:39.529;0;;21.143;0;47.480;0;30.906;0;151.3;49:02.950;11:49;0:21.143;0:47.480;0:30.906;252.1;Nelson PANCIATICI;;
36;1;20;1:37.992;0;;20.200;0;47.427;0;30.365;0;153.6;50:40.942;11:50;0:20.200;0:47.427;0:30.365;262.3;Nelson PANCIATICI;;
36;1;21;1:37.484;0;;19.973;0;46.650;0;30.861;0;154.4;52:18.426;11:52;0:19.973;0:46.650;0:30.861;260.4;Nelson PANCIATICI;;
36;1;22;1:53.068;0;B;21.266;0;49.453;0;42.349;0;133.2;54:11.494;11:54;0:21.266;0:49.453;0:42.349;249.2;Nelson PANCIATICI;;
36;0;23;5:15.752;0;;3:55.627;0;48.738;0;31.387;0;47.7;59:27.246;11:59;3:55.627;0:48.738;0:31.387;;Paul-Loup CHATIN;0:03:35.216;
36;0;24;1:41.745;0;;20.937;0;49.095;0;31.713;0;148.0;1:01:08.991;12:01;0:20.937;0:49.095;0:31.713;250.4;Paul-Loup CHATIN;;
36;0;25;1:37.298;0;;20.255;0;46.906;0;30.137;1;154.7;1:02:46.289;12:02;0:20.255;0:46.906;0:30.137;259.2;Paul-Loup CHATIN;;
36;0;26;1:36.986;0;;19.786;1;46.542;1;30.658;0;155.2;1:04:23.275;12:04;0:19.786;0:46.542;0:30.658;261.7;Paul-Loup CHATIN;;
36;0;27;1:39.754;0;;20.148;0;48.091;0;31.515;0;150.9;1:06:03.029;12:06;0:20.148;0:48.091;0:31.515;259.8;Paul-Loup CHATIN;;
36;0;28;1:44.147;0;B;19.875;0;47.598;0;36.674;0;144.6;1:07:47.176;12:07;0:19.875;0:47.598;0:36.674;261.7;Paul-Loup CHATIN;;
36;2;29;16:29.857;0;;15:07.644;0;52.231;0;29.982;0;15.2;1:24:17.033;12:24;15:07.644;0:52.231;0:29.982;;Oliver WEBB;0:14:43.319;
36;2;30;1:35.225;0;;20.046;0;46.192;0;28.987;2;158.1;1:25:52.258;12:25;0:20.046;0:46.192;0:28.987;259.8;Oliver WEBB;;
36;2;31;1:35.609;0;;19.621;0;46.906;0;29.082;0;157.5;1:27:27.867;12:27;0:19.621;0:46.906;0:29.082;268.0;Oliver WEBB;;
36;2;32;1:34.025;2;;19.293;2;45.271;2;29.461;0;160.1;1:29:01.892;12:29;0:19.293;0:45.271;0:29.461;264.8;Oliver WEBB;;
36;2;33;1:37.363;0;;19.485;0;46.818;0;31.060;0;154.6;1:30:39.255;12:30;0:19.485;0:46.818;0:31.060;264.8;Oliver WEBB;;
36;2;34;1:34.118;0;;19.466;0;45.443;0;29.209;0;160.0;1:32:13.373;12:32;0:19.466;0:45.443;0:29.209;259.8;Oliver WEBB;;
36;2;35;1:46.472;0;B;21.066;0;47.913;0;37.493;0;141.4;1:33:59.845;12:33;0:21.066;0:47.913;0:37.493;266.1;Oliver WEBB;;
36;1;36;3:10.587;0;;1:51.718;0;48.811;0;30.058;0;79.0;1:37:10.432;12:37;1:51.718;0:48.811;0:30.058;;Nelson PANCIATICI;0:01:29.760;
36;1;37;1:35.063;0;;19.658;0;45.721;1;29.684;0;158.4;1:38:45.495;12:38;0:19.658;0:45.721;0:29.684;261.0;Nelson PANCIATICI;;
36;1;38;1:35.548;0;;19.453;1;46.955;0;29.140;1;157.6;1:40:21.043;12:40;0:19.453;0:46.955;0:29.140;260.4;Nelson PANCIATICI;;
36;1;39;1:57.853;0;B;20.016;0;48.571;0;49.266;0;127.7;1:42:18.896;12:42;0:20.016;0:48.571;0:49.266;263.5;Nelson PANCIATICI;;
38;1;1;3:38.127;0;B;1:58.835;0;56.303;0;42.989;0;69.0;3:38.127;11:03;1:58.835;0:56.303;0:42.989;;Harry TINCKNELL;0:01:34.404;
38;1;2;9:21.406;0;;7:54.139;0;52.821;0;34.446;0;26.8;12:59.533;11:12;7:54.139;0:52.821;0:34.446;;Harry TINCKNELL;0:07:32.315;
38;1;3;1:46.415;0;;22.598;0;51.178;0;32.639;0;141.5;14:45.948;11:14;0:22.598;0:51.178;0:32.639;249.2;Harry TINCKNELL;;
38;1;4;1:46.525;0;;21.954;0;51.130;0;33.441;0;141.3;16:32.473;11:16;0:21.954;0:51.130;0:33.441;255.6;Harry TINCKNELL;;
38;1;5;2:01.816;0;B;22.168;0;55.874;0;43.774;0;123.6;18:34.289;11:18;0:22.168;0:55.874;0:43.774;255.6;Harry TINCKNELL;;
38;1;6;4:30.131;0;B;2:45.799;0;52.774;0;51.558;0;55.7;23:04.420;11:23;2:45.799;0:52.774;0:51.558;;Harry TINCKNELL;0:02:23.113;
38;1;7;12:35.403;0;;11:10.411;0;52.661;0;32.331;0;19.9;35:39.823;11:35;11:10.411;0:52.661;0:32.331;;Harry TINCKNELL;0:10:48.143;
38;1;8;1:39.201;0;;21.280;0;47.279;0;30.642;0;151.8;37:19.024;11:37;0:21.280;0:47.279;0:30.642;253.8;Harry TINCKNELL;;
38;1;9;1:39.510;0;;21.126;0;47.443;0;30.941;0;151.3;38:58.534;11:38;0:21.126;0:47.443;0:30.941;259.8;Harry TINCKNELL;;
38;1;10;1:39.076;0;;20.604;0;47.904;0;30.568;1;152.0;40:37.610;11:40;0:20.604;0:47.904;0:30.568;257.4;Harry TINCKNELL;;
38;1;11;1:37.843;0;;20.388;1;46.769;1;30.686;0;153.9;42:15.453;11:42;0:20.388;0:46.769;0:30.686;256.8;Harry TINCKNELL;;
38;1;12;1:46.834;0;B;20.478;0;46.833;0;39.523;0;140.9;44:02.287;11:44;0:20.478;0:46.833;0:39.523;256.8;Harry TINCKNELL;;
38;2;13;3:25.319;0;;2:05.173;0;48.707;0;31.439;0;73.3;47:27.606;11:47;2:05.173;0:48.707;0:31.439;;Filipe ALBUQUERQUE;0:01:43.722;
38;2;14;1:41.257;0;;21.459;0;48.641;0;31.157;0;148.7;49:08.863;11:49;0:21.459;0:48.641;0:31.157;245.9;Filipe ALBUQUERQUE;;
38;2;15;1:41.659;0;;21.095;0;48.837;0;31.727;0;148.1;50:50.522;11:50;0:21.095;0:48.837;0:31.727;253.8;Filipe ALBUQUERQUE;;
38;2;16;1:38.706;0;;20.639;0;47.387;0;30.680;0;152.5;52:29.228;11:52;0:20.639;0:47.387;0:30.680;250.4;Filipe ALBUQUERQUE;;
38;2;17;1:48.866;0;B;20.455;0;48.627;0;39.784;0;138.3;54:18.094;11:54;0:20.455;0:48.627;0:39.784;259.2;Filipe ALBUQUERQUE;;
38;2;18;2:56.865;0;;1:38.320;0;47.516;0;31.029;0;85.1;57:14.959;11:57;1:38.320;0:47.516;0:31.029;;Filipe ALBUQUERQUE;0:01:18.704;
38;2;19;1:35.451;0;;19.647;0;45.917;0;29.887;0;157.7;58:50.410;11:58;0:19.647;0:45.917;0:29.887;259.2;Filipe ALBUQUERQUE;;
38;2;20;1:34.108;0;;19.823;0;45.220;0;29.065;0;160.0;1:00:24.518;12:00;0:19.823;0:45.220;0:29.065;259.2;Filipe ALBUQUERQUE;;
38;2;21;1:35.290;0;;19.931;0;46.385;0;28.974;2;158.0;1:01:59.808;12:01;0:19.931;0:46.385;0:28.974;258.6;Filipe ALBUQUERQUE;;
38;2;22;1:33.434;2;;19.264;0;45.010;3;29.160;0;161.1;1:03:33.242;12:03;0:19.264;0:45.010;0:29.160;258.0;Filipe ALBUQUERQUE;;
38;2;23;1:43.747;0;B;19.184;2;45.239;0;39.324;0;145.1;1:05:16.989;12:05;0:19.184;0:45.239;0:39.324;257.4;Filipe ALBUQUERQUE;;
38;0;24;3:11.858;0;;1:51.809;0;48.630;0;31.419;0;78.5;1:08:28.847;12:08;1:51.809;0:48.630;0:31.419;;Simon DOLAN;0:01:30.337;
38;0;25;1:48.893;0;B;21.198;0;47.375;0;40.320;0;138.3;1:10:17.740;12:10;0:21.198;0:47.375;0:40.320;252.7;Simon DOLAN;;
38;0;26;13:47.906;0;;12:27.548;0;49.100;0;31.258;0;18.2;1:24:05.646;12:24;12:27.548;0:49.100;0:31.258;;Simon DOLAN;0:12:05.849;
38;0;27;1:39.663;0;;21.183;0;48.312;0;30.168;0;151.1;1:25:45.309;12:25;0:21.183;0:48.312;0:30.168;253.2;Simon DOLAN;;
38;0;28;1:38.281;0;;21.421;0;46.585;0;30.275;0;153.2;1:27:23.590;12:27;0:21.421;0:46.585;0:30.275;255.6;Simon DOLAN;;
38;0;29;1:37.314;0;;20.044;0;46.860;0;30.410;0;154.7;1:29:00.904;12:29;0:20.044;0:46.860;0:30.410;255.6;Simon DOLAN;;
38;0;30;1:39.205;0;;20.144;0;46.881;0;32.180;0;151.8;1:30:40.109;12:30;0:20.144;0:46.881;0:32.180;257.4;Simon DOLAN;;
38;0;31;1:36.440;0;;20.535;0;46.108;0;29.797;1;156.1;1:32:16.549;12:32;0:20.535;0:46.108;0:29.797;251.5;Simon DOLAN;;
38;0;32;1:42.018;0;;20.025;0;48.598;0;33.395;0;147.6;1:33:58.567;12:33;0:20.025;0:48.598;0:33.395;258.0;Simon DOLAN;;
38;0;33;1:37.079;0;;20.869;0;45.973;0;30.237;0;155.1;1:35:35.646;12:35;0:20.869;0:45.973;0:30.237;252.7;Simon DOLAN;;
38;0;34;1:35.812;0;;19.737;1;45.927;0;30.148;0;157.1;1:37:11.458;12:37;0:19.737;0:45.927;0:30.148;256.2;Simon DOLAN;;
38;0;35;1:36.011;0;;19.898;0;45.666;1;30.447;0;156.8;1:38:47.469;12:38;0:19.898;0:45.666;0:30.447;258.0;Simon DOLAN;;
38;0;36;1:36.828;0;;20.144;0;46.247;0;30.437;0;155.5;1:40:24.297;12:40;0:20.144;0:46.247;0:30.437;255.0;Simon DOLAN;;
38;0;37;2:08.263;0;B;19.979;0;47.073;0;1:01.211;0;117.4;1:42:32.560;12:42;0:19.979;0:47.073;1:01.211;256.2;Simon DOLAN;;
41;1;1;2:08.453;0;;33.611;0;58.146;0;36.696;0;117.2;2:08.453;11:02;0:33.611;0:58.146;0:36.696;;Miguel FAISCA;0:00:07.712;
41;1;2;1:50.995;0;;23.337;0;54.081;0;33.577;0;135.6;3:59.448;11:03;0:23.337;0:54.081;0:33.577;211.8;Miguel FAISCA;;
41;1;3;1:47.688;0;;22.327;0;52.193;1;33.168;1;139.8;5:47.136;11:05;0:22.327;0:52.193;0:33.168;244.3;Miguel FAISCA;;
41;1;4;1:50.155;0;;22.202;0;53.390;0;34.563;0;136.7;7:37.291;11:07;0:22.202;0:53.390;0:34.563;248.1;Miguel FAISCA;;
41;1;5;1:50.458;0;;22.648;0;52.458;0;35.352;0;136.3;9:27.749;11:09;0:22.648;0:52.458;0:35.352;238.4;Miguel FAISCA;;
41;1;6;1:48.994;0;;22.367;0;52.648;0;33.979;0;138.1;11:16.743;11:11;0:22.367;0:52.648;0:33.979;247.6;Miguel FAISCA;;
41;1;7;1:48.977;0;;22.148;1;52.756;0;34.073;0;138.2;13:05.720;11:13;0:22.148;0:52.756;0:34.073;250.9;Miguel FAISCA;;
41;1;8;2:00.099;0;B;22.242;0;52.971;0;44.886;0;125.4;15:05.819;11:15;0:22.242;0:52.971;0:44.886;251.5;Miguel FAISCA;;
41;1;9;19:36.286;0;B;3:21.311;0;14:36.423;0;1:38.552;0;12.8;34:42.105;11:34;3:21.311;14:36.423;1:38.552;;Miguel FAISCA;0:02:58.268;
41;2;10;18:15.800;0;;16:48.900;0;53.961;0;32.939;0;13.7;52:57.905;11:52;16:48.900;0:53.961;0:32.939;;James FLETCHER;0:16:23.191;
41;2;11;1:43.113;0;;22.665;0;48.373;0;32.075;0;146.0;54:41.018;11:54;0:22.665;0:48.373;0:32.075;231.4;James FLETCHER;;
41;2;12;1:40.016;0;;20.861;0;47.939;0;31.216;0;150.5;56:21.034;11:56;0:20.861;0:47.939;0:31.216;253.8;James FLETCHER;;
41;2;13;1:40.819;0;;21.200;0;47.931;1;31.688;0;149.3;58:01.853;11:58;0:21.200;0:47.931;0:31.688;243.2;James FLETCHER;;
41;2;14;1:39.699;0;;20.795;1;48.096;0;30.808;1;151.0;59:41.552;11:59;0:20.795;0:48.096;0:30.808;253.8;James FLETCHER;;
41;2;15;1:41.173;0;;21.791;0;48.488;0;30.894;0;148.8;1:01:22.725;12:01;0:21.791;0:48.488;0:30.894;221.6;James FLETCHER;;
41;2;16;1:40.015;0;;20.895;0;48.157;0;30.963;0;150.5;1:03:02.740;12:03;0:20.895;0:48.157;0:30.963;256.8;James FLETCHER;;
41;2;17;1:45.758;0;;21.319;0;50.357;0;34.082;0;142.4;1:04:48.498;12:04;0:21.319;0:50.357;0:34.082;249.2;James FLETCHER;;
41;2;18;1:52.060;0;B;21.462;0;49.431;0;41.167;0;134.3;1:06:40.558;12:06;0:21.462;0:49.431;0:41.167;237.4;James FLETCHER;;
41;2;19;3:09.630;0;;1:50.438;0;47.950;0;31.242;0;79.4;1:09:50.188;12:09;1:50.438;0:47.950;0:31.242;;James FLETCHER;0:01:28.991;
41;2;20;2:06.771;0;B;23.679;0;50.775;0;52.317;0;118.8;1:11:56.959;12:11;0:23.679;0:50.775;0:52.317;241.1;James FLETCHER;;
41;0;21;13:25.559;0;;12:00.641;0;53.670;0;31.248;0;18.7;1:25:22.518;12:25;12:00.641;0:53.670;0:31.248;;Matthew McMURRY;0:11:38.603;
41;0;22;1:42.688;0;;22.092;0;49.834;0;30.762;0;146.6;1:27:05.206;12:27;0:22.092;0:49.834;0:30.762;248.1;Matthew McMURRY;;
41;0;23;1:40.430;0;;20.406;0;49.028;0;30.996;0;149.9;1:28:45.636;12:28;0:20.406;0:49.028;0:30.996;255.0;Matthew McMURRY;;
41;0;24;1:37.946;0;;20.110;0;47.817;0;30.019;0;153.7;1:30:23.582;12:30;0:20.110;0:47.817;0:30.019;256.8;Matthew McMURRY;;
41;0;25;1:42.456;0;;20.442;0;48.825;0;33.189;0;146.9;1:32:06.038;12:32;0:20.442;0:48.825;0:33.189;257.4;Matthew McMURRY;;
41;0;26;1:37.513;0;;20.124;0;47.431;0;29.958;0;154.4;1:33:43.551;12:33;0:20.124;0:47.431;0:29.958;251.5;Matthew McMURRY;;
41;0;27;1:37.414;0;;19.842;0;46.869;0;30.703;0;154.5;1:35:20.965;12:35;0:19.842;0:46.869;0:30.703;256.2;Matthew McMURRY;;
41;0;28;1:38.004;0;;20.530;0;46.806;2;30.668;0;153.6;1:36:58.969;12:36;0:20.530;0:46.806;0:30.668;252.1;Matthew McMURRY;;
41;0;29;1:36.607;2;;19.677;2;47.086;0;29.844;2;155.8;1:38:35.576;12:38;0:19.677;0:47.086;0:29.844;256.2;Matthew McMURRY;;
41;0;30;1:39.246;0;;20.829;0;47.298;0;31.119;0;151.7;1:40:14.822;12:40;0:20.829;0:47.298;0:31.119;260.4;Matthew McMURRY;;
41;0;31;1:57.433;0;B;20.193;0;47.789;0;49.451;0;128.2;1:42:12.255;12:42;0:20.193;0:47.789;0:49.451;255.6;Matthew McMURRY;;
43;0;1;2:12.611;0;;36.683;0;59.867;0;36.061;0;113.5;2:12.611;11:02;0:36.683;0:59.867;0:36.061;;Christian KLIEN;0:00:09.852;
43;0;2;1:54.611;0;;24.808;0;55.837;0;33.966;0;131.4;4:07.222;11:04;0:24.808;0:55.837;0:33.966;187.3;Christian KLIEN;;
43;0;3;1:50.033;0;;23.277;0;53.413;0;33.343;0;136.8;5:57.255;11:05;0:23.277;0:53.413;0:33.343;232.9;Christian KLIEN;;
43;0;4;1:48.602;0;;22.652;0;52.993;0;32.957;0;138.6;7:45.857;11:07;0:22.652;0:52.993;0:32.957;248.7;Christian KLIEN;;
43;0;5;1:50.549;0;;22.517;0;53.358;0;34.674;0;136.2;9:36.406;11:09;0:22.517;0:53.358;0:34.674;251.5;Christian KLIEN;;
43;0;6;1:47.817;0;;22.702;0;52.350;0;32.765;0;139.6;11:24.223;11:11;0:22.702;0:52.350;0:32.765;252.7;Christian KLIEN;;
43;0;7;1:46.557;0;;22.452;0;51.629;0;32.476;0;141.3;13:10.780;11:13;0:22.452;0:51.629;0:32.476;258.6;Christian KLIEN;;
43;0;8;1:46.159;0;;21.892;0;51.899;0;32.368;0;141.8;14:56.939;11:14;0:21.892;0:51.899;0:32.368;262.9;Christian KLIEN;;
43;0;9;1:44.450;0;;21.756;1;50.777;1;31.917;1;144.1;16:41.389;11:16;0:21.756;0:50.777;0:31.917;259.8;Christian KLIEN;;
43;0;10;1:49.361;0;;22.921;0;51.096;0;35.344;0;137.7;18:30.750;11:18;0:22.921;0:51.096;0:35.344;261.0;Christian KLIEN;;
43;0;11;1:58.187;0;B;22.870;0;53.779;0;41.538;0;127.4;20:28.937;11:20;0:22.870;0:53.779;0:41.538;242.6;Christian KLIEN;;
43;1;12;15:18.217;0;;13:44.769;0;59.453;0;33.995;0;16.4;35:47.154;11:35;13:44.769;0:59.453;0:33.995;;Gary HIRSCH;0:13:19.025;
43;1;13;1:50.242;0;;23.535;0;52.717;0;33.990;0;136.6;37:37.396;11:37;0:23.535;0:52.717;0:33.990;206.7;Gary HIRSCH;;
43;1;14;1:48.517;0;;23.122;0;52.699;0;32.696;0;138.7;39:25.913;11:39;0:23.122;0:52.699;0:32.696;213.9;Gary HIRSCH;;
43;1;15;1:42.725;0;;21.834;0;49.878;0;31.013;0;146.6;41:08.638;11:41;0:21.834;0:49.878;0:31.013;255.6;Gary HIRSCH;;
43;1;16;1:41.834;0;;21.197;0;49.217;0;31.420;0;147.8;42:50.472;11:42;0:21.197;0:49.217;0:31.420;253.2;Gary HIRSCH;;
43;1;17;1:41.001;0;;21.208;0;48.537;0;31.256;0;149.1;44:31.473;11:44;0:21.208;0:48.537;0:31.256;258.0;Gary HIRSCH;;
43;1;18;1:40.487;0;;20.625;0;48.452;0;31.410;0;149.8;46:11.960;11:46;0:20.625;0:48.452;0:31.410;259.8;Gary HIRSCH;;
43;1;19;1:42.218;0;;20.444;0;48.585;0;33.189;0;147.3;47:54.178;11:47;0:20.444;0:48.585;0:33.189;262.3;Gary HIRSCH;;
43;1;20;1:39.944;0;;20.462;0;48.485;0;30.997;1;150.6;49:34.122;11:49;0:20.462;0:48.485;0:30.997;259.8;Gary HIRSCH;;
43;1;21;1:41.140;0;;20.360;0;48.462;0;32.318;0;148.9;51:15.262;11:51;0:20.360;0:48.462;0:32.318;264.2;Gary HIRSCH;;
43;1;22;1:42.558;0;;20.082;1;49.934;0;32.542;0;146.8;52:57.820;11:52;0:20.082;0:49.934;0:32.542;262.3;Gary HIRSCH;;
43;1;23;1:39.897;0;;20.294;0;48.287;1;31.316;0;150.7;54:37.717;11:54;0:20.294;0:48.287;0:31.316;261.7;Gary HIRSCH;;
43;1;24;1:48.789;0;B;20.306;0;48.876;0;39.607;0;138.4;56:26.506;11:56;0:20.306;0:48.876;0:39.607;264.8;Gary HIRSCH;;
43;2;25;4:50.607;0;;3:26.967;0;50.103;0;33.537;0;51.8;1:01:17.113;12:01;3:26.967;0:50.103;0:33.537;;Pierre RAGUES;0:03:04.475;
43;2;26;1:39.040;0;;21.305;0;47.301;0;30.434;0;152.0;1:02:56.153;12:02;0:21.305;0:47.301;0:30.434;241.6;Pierre RAGUES;;
43;2;27;1:38.531;0;;21.135;0;46.996;0;30.400;0;152.8;1:04:34.684;12:04;0:21.135;0:46.996;0:30.400;257.4;Pierre RAGUES;;
43;2;28;1:37.393;0;;19.945;0;46.720;0;30.728;0;154.6;1:06:12.077;12:06;0:19.945;0:46.720;0:30.728;256.8;Pierre RAGUES;;
43;2;29;1:38.858;0;;20.340;0;47.814;0;30.704;0;152.3;1:07:50.935;12:07;0:20.340;0:47.814;0:30.704;261.0;Pierre RAGUES;;
43;2;30;1:38.360;0;;20.595;0;47.473;0;30.292;0;153.1;1:09:29.295;12:09;0:20.595;0:47.473;0:30.292;262.3;Pierre RAGUES;;
43;2;31;2:06.446;0;B;21.916;0;48.499;0;56.031;0;119.1;1:11:35.741;12:11;0:21.916;0:48.499;0:56.031;244.3;Pierre RAGUES;;
43;2;32;12:46.585;0;;11:26.309;0;50.134;0;30.142;0;19.6;1:24:22.326;12:24;11:26.309;0:50.134;0:30.142;;Pierre RAGUES;0:11:00.629;
43;2;33;1:38.042;0;;20.141;0;47.461;0;30.440;0;153.6;1:26:00.368;12:26;0:20.141;0:47.461;0:30.440;258.0;Pierre RAGUES;;
43;2;34;1:36.654;0;;20.200;0;46.679;0;29.775;2;155.8;1:27:37.022;12:27;0:20.200;0:46.679;0:29.775;255.0;Pierre RAGUES;;
43;2;35;1:37.076;0;;19.777;0;47.186;0;30.113;0;155.1;1:29:14.098;12:29;0:19.777;0:47.186;0:30.113;262.9;Pierre RAGUES;;
43;2;36;1:36.201;0;;19.833;0;46.417;0;29.951;0;156.5;1:30:50.299;12:30;0:19.833;0:46.417;0:29.951;262.9;Pierre RAGUES;;
43;2;37;1:46.016;0;B;20.912;0;47.450;0;37.654;0;142.0;1:32:36.315;12:32;0:20.912;0:47.450;0:37.654;261.7;Pierre RAGUES;;
43;2;38;4:48.367;0;;3:31.017;0;47.168;0;30.182;0;52.2;1:37:24.682;12:37;3:31.017;0:47.168;0:30.182;;Pierre RAGUES;0:03:10.187;
43;2;39;1:36.148;2;;19.699;2;46.357;2;30.092;0;156.6;1:39:00.830;12:39;0:19.699;0:46.357;0:30.092;257.4;Pierre RAGUES;;
43;2;40;1:37.895;0;;21.077;0;46.939;0;29.879;0;153.8;1:40:38.725;12:40;0:21.077;0:46.939;0:29.879;262.3;Pierre RAGUES;;
43;2;41;2:03.310;0;B;19.746;0;47.115;0;56.449;0;122.1;1:42:42.035;12:42;0:19.746;0:47.115;0:56.449;260.4;Pierre RAGUES;;
46;1;1;2:29.698;0;B;39.294;0;59.926;0;50.478;0;100.6;2:29.698;11:02;0:39.294;0:59.926;0:50.478;;Ludovic BADEY;0:00:11.711;
46;1;2;3:31.445;0;;1:58.615;0;57.609;0;35.221;0;71.2;6:01.143;11:06;1:58.615;0:57.609;0:35.221;;Ludovic BADEY;0:01:33.122;
46;1;3;1:52.945;0;;23.417;0;55.422;0;34.106;0;133.3;7:54.088;11:07;0:23.417;0:55.422;0:34.106;227.1;Ludovic BADEY;;
46;1;4;1:49.953;0;;22.425;0;53.632;0;33.896;0;136.9;9:44.041;11:09;0:22.425;0:53.632;0:33.896;250.9;Ludovic BADEY;;
46;1;5;1:47.747;0;;22.230;0;52.457;0;33.060;0;139.7;11:31.788;11:11;0:22.230;0:52.457;0:33.060;249.2;Ludovic BADEY;;
46;1;6;1:48.349;0;;22.072;0;53.161;0;33.116;0;139.0;13:20.137;11:13;0:22.072;0:53.161;0:33.116;253.8;Ludovic BADEY;;
46;1;7;1:55.744;0;B;21.699;0;52.547;0;41.498;0;130.1;15:15.881;11:15;0:21.699;0:52.547;0:41.498;261.0;Ludovic BADEY;;
46;1;8;6:05.105;0;B;4:29.835;0;52.906;0;42.364;0;41.2;21:20.986;11:21;4:29.835;0:52.906;0:42.364;;Ludovic BADEY;0:04:06.609;
46;1;9;13:49.351;0;;12:25.534;0;51.232;0;32.585;0;18.2;35:10.337;11:35;12:25.534;0:51.232;0:32.585;;Ludovic BADEY;0:12:02.843;
46;1;10;1:41.035;0;;21.776;0;48.610;0;30.649;0;149.0;36:51.372;11:36;0:21.776;0:48.610;0:30.649;254.4;Ludovic BADEY;;
46;1;11;1:40.845;0;;20.934;0;49.108;0;30.803;0;149.3;38:32.217;11:38;0:20.934;0:49.108;0:30.803;265.4;Ludovic BADEY;;
46;1;12;1:49.158;0;B;20.869;0;48.162;0;40.127;0;137.9;40:21.375;11:40;0:20.869;0:48.162;0:40.127;256.2;Ludovic BADEY;;
46;0;13;7:09.268;0;;5:49.003;0;48.055;0;32.210;0;35.1;47:30.643;11:47;5:49.003;0:48.055;0:32.210;;Pierre THIRIET;0:05:27.450;
46;0;14;1:39.731;0;;21.330;0;47.521;0;30.880;0;151.0;49:10.374;11:49;0:21.330;0:47.521;0:30.880;241.6;Pierre THIRIET;;
46;0;15;1:37.920;0;;20.669;0;46.921;0;30.330;0;153.8;50:48.294;11:50;0:20.669;0:46.921;0:30.330;244.3;Pierre THIRIET;;
46;0;16;1:35.274;0;;19.428;1;45.421;2;30.425;0;158.0;52:23.568;11:52;0:19.428;0:45.421;0:30.425;255.6;Pierre THIRIET;;
46;0;17;1:36.927;0;;20.018;0;46.501;0;30.408;0;155.3;54:00.495;11:54;0:20.018;0:46.501;0:30.408;259.2;Pierre THIRIET;;
46;0;18;1:36.161;0;;19.714;0;46.782;0;29.665;0;156.6;55:36.656;11:55;0:19.714;0:46.782;0:29.665;263.5;Pierre THIRIET;;
46;0;19;1:37.075;0;;19.721;0;47.316;0;30.038;0;155.1;57:13.731;11:57;0:19.721;0:47.316;0:30.038;259.2;Pierre THIRIET;;
46;0;20;1:49.537;0;B;19.505;0;47.424;0;42.608;0;137.4;59:03.268;11:59;0:19.505;0:47.424;0:42.608;256.2;Pierre THIRIET;;
46;0;21;4:26.032;0;;3:10.259;0;46.105;0;29.668;0;56.6;1:03:29.300;12:03;3:10.259;0:46.105;0:29.668;;Pierre THIRIET;0:02:50.614;
46;0;22;1:36.352;0;;19.870;0;46.199;0;30.283;0;156.3;1:05:05.652;12:05;0:19.870;0:46.199;0:30.283;255.0;Pierre THIRIET;;
46;0;23;1:35.922;0;;20.407;0;45.932;0;29.583;1;157.0;1:06:41.574;12:06;0:20.407;0:45.932;0:29.583;256.8;Pierre THIRIET;;
46;0;24;1:45.704;0;B;21.194;0;46.347;0;38.163;0;142.4;1:08:27.278;12:08;0:21.194;0:46.347;0:38.163;258.6;Pierre THIRIET;;
46;2;25;15:23.428;0;;14:02.291;0;49.977;0;31.160;0;16.3;1:23:50.706;12:23;14:02.291;0:49.977;0:31.160;;Tristan GOMMENDY;0:13:40.562;
46;2;26;1:38.599;0;;21.296;0;47.085;0;30.218;0;152.7;1:25:29.305;12:25;0:21.296;0:47.085;0:30.218;248.7;Tristan GOMMENDY;;
46;2;27;1:36.544;0;;20.096;0;46.306;0;30.142;0;155.9;1:27:05.849;12:27;0:20.096;0:46.306;0:30.142;255.0;Tristan GOMMENDY;;
46;2;28;1:37.394;0;;20.363;0;47.737;0;29.294;0;154.6;1:28:43.243;12:28;0:20.363;0:47.737;0:29.294;259.2;Tristan GOMMENDY;;
46;2;29;1:34.354;0;;19.378;0;45.655;0;29.321;0;159.6;1:30:17.597;12:30;0:19.378;0:45.655;0:29.321;264.8;Tristan GOMMENDY;;
46;2;30;1:35.239;0;;19.806;0;45.781;0;29.652;0;158.1;1:31:52.836;12:31;0:19.806;0:45.781;0:29.652;261.7;Tristan GOMMENDY;;
46;2;31;1:33.839;2;;19.382;0;45.434;1;29.023;0;160.4;1:33:26.675;12:33;0:19.382;0:45.434;0:29.023;258.0;Tristan GOMMENDY;;
46;2;32;1:34.096;0;;19.193;2;45.887;0;29.016;2;160.0;1:35:00.771;12:35;0:19.193;0:45.887;0:29.016;260.4;Tristan GOMMENDY;;
46;2;33;1:48.124;0;B;21.027;0;47.576;0;39.521;0;139.2;1:36:48.895;12:36;0:21.027;0:47.576;0:39.521;258.0;Tristan GOMMENDY;;
46;1;34;2:51.533;0;;1:33.758;0;47.389;0;30.386;1;87.8;1:39:40.428;12:39;1:33.758;0:47.389;0:30.386;;Ludovic BADEY;0:01:12.807;
46;1;35;1:38.852;0;;20.859;1;46.297;1;31.696;0;152.3;1:41:19.280;12:41;0:20.859;0:46.297;0:31.696;261.0;Ludovic BADEY;;
46;1;36;2:09.894;0;B;20.216;0;54.129;0;55.549;0;115.9;1:43:29.174;12:43;0:20.216;0:54.129;0:55.549;258.6;Ludovic BADEY;;
48;2;1;10:32.798;0;;8:51.012;0;1:02.600;0;39.186;0;23.8;10:32.798;11:10;8:51.012;1:02.600;0:39.186;;Anthony WELLS;0:08:19.053;
48;2;2;2:02.395;0;;26.852;0;58.228;0;37.315;0;123.0;12:35.193;11:12;0:26.852;0:58.228;0:37.315;181.2;Anthony WELLS;;
48;2;3;1:57.837;0;;25.527;0;56.558;0;35.752;0;127.8;14:33.030;11:14;0:25.527;0:56.558;0:35.752;188.3;Anthony WELLS;;
48;2;4;1:54.887;0;;24.728;0;54.707;0;35.452;0;131.0;16:27.917;11:16;0:24.728;0:54.707;0:35.452;195.3;Anthony WELLS;;
48;2;5;1:53.572;0;;24.525;0;54.894;0;34.153;0;132.6;18:21.489;11:18;0:24.525;0:54.894;0:34.153;193.3;Anthony WELLS;;
48;2;6;1:50.380;0;;23.505;0;52.887;0;33.988;0;136.4;20:11.869;11:20;0:23.505;0:52.887;0:33.988;201.8;Anthony WELLS;;
48;2;7;2:19.396;0;B;23.571;0;59.296;0;56.529;0;108.0;22:31.265;11:22;0:23.571;0:59.296;0:56.529;218.6;Anthony WELLS;;
48;2;8;14:06.161;0;;12:39.242;0;53.540;0;33.379;0;17.8;36:37.426;11:36;12:39.242;0:53.540;0:33.379;;Anthony WELLS;0:12:13.446;
48;2;9;1:46.179;0;;23.116;0;50.622;0;32.441;0;141.8;38:23.605;11:38;0:23.116;0:50.622;0:32.441;231.9;Anthony WELLS;;
48;2;10;1:45.557;0;;22.922;0;50.102;0;32.533;0;142.6;40:09.162;11:40;0:22.922;0:50.102;0:32.533;231.4;Anthony WELLS;;
48;2;11;1:46.173;0;;22.230;0;51.499;0;32.444;0;141.8;41:55.335;11:41;0:22.230;0:51.499;0:32.444;230.9;Anthony WELLS;;
48;2;12;1:46.924;0;;22.079;0;51.088;0;33.757;0;140.8;43:42.259;11:43;0:22.079;0:51.088;0:33.757;255.0;Anthony WELLS;;
48;2;13;1:44.226;0;;22.052;1;49.751;1;32.423;1;144.4;45:26.485;11:45;0:22.052;0:49.751;0:32.423;246.4;Anthony WELLS;;
48;2;14;2:03.436;0;B;23.525;0;52.028;0;47.883;0;122.0;47:29.921;11:47;0:23.525;0:52.028;0:47.883;246.4;Anthony WELLS;;
48;1;15;7:11.775;0;;5:50.915;0;49.714;0;31.146;0;34.9;54:41.696;11:54;5:50.915;0:49.714;0:31.146;;James LITTLEJOHN;0:05:28.744;
48;1;16;1:39.873;0;;21.848;0;47.045;0;30.980;0;150.7;56:21.569;11:56;0:21.848;0:47.045;0:30.980;245.3;James LITTLEJOHN;;
48;1;17;1:42.887;0;;21.184;0;47.685;0;34.018;0;146.3;58:04.456;11:58;0:21.184;0:47.685;0:34.018;258.6;James LITTLEJOHN;;
48;1;18;1:38.668;0;;20.180;1;47.312;0;31.176;0;152.6;59:43.124;11:59;0:20.180;0:47.312;0:31.176;265.4;James LITTLEJOHN;;
48;1;19;1:37.801;0;;20.656;0;46.642;1;30.503;1;153.9;1:01:20.925;12:01;0:20.656;0:46.642;0:30.503;244.8;James LITTLEJOHN;;
48;1;20;1:39.593;0;;21.785;0;46.841;0;30.967;0;151.2;1:03:00.518;12:03;0:21.785;0:46.841;0:30.967;257.4;James LITTLEJOHN;;
48;1;21;1:47.204;0;B;21.487;0;46.787;0;38.930;0;140.4;1:04:47.722;12:04;0:21.487;0:46.787;0:38.930;258.6;James LITTLEJOHN;;
48;1;22;5:41.861;0;B;4:12.876;0;46.758;0;42.227;0;44.0;1:10:29.583;12:10;4:12.876;0:46.758;0:42.227;;James LITTLEJOHN;0:03:52.340;
48;0;23;14:27.313;0;;13:07.774;0;48.994;0;30.545;0;17.4;1:24:56.896;12:24;13:07.774;0:48.994;0:30.545;;Pipo DERANI;0:12:46.155;
48;0;24;1:41.504;0;;21.146;0;49.696;0;30.662;0;148.3;1:26:38.400;12:26;0:21.146;0:49.696;0:30.662;259.2;Pipo DERANI;;
48;0;25;1:39.086;0;;20.467;0;47.056;0;31.563;0;151.9;1:28:17.486;12:28;0:20.467;0:47.056;0:31.563;262.9;Pipo DERANI;;
48;0;26;1:38.049;0;;20.414;0;46.695;0;30.940;0;153.5;1:29:55.535;12:29;0:20.414;0:46.695;0:30.940;263.5;Pipo DERANI;;
48;0;27;1:45.792;0;B;20.189;0;46.171;0;39.432;0;142.3;1:31:41.327;12:31;0:20.189;0:46.171;0:39.432;262.3;Pipo DERANI;;
48;0;28;2:42.095;0;;1:27.163;0;46.046;0;28.886;3;92.9;1:34:23.422;12:34;1:27.163;0:46.046;0:28.886;;Pipo DERANI;0:01:07.766;
48;0;29;1:35.410;0;;19.560;0;46.170;0;29.680;0;157.8;1:35:58.832;12:35;0:19.560;0:46.170;0:29.680;266.1;Pipo DERANI;;
48;0;30;1:34.756;0;;19.347;0;45.467;0;29.942;0;158.9;1:37:33.588;12:37;0:19.347;0:45.467;0:29.942;266.1;Pipo DERANI;;
48;0;31;1:33.381;3;;19.232;0;45.121;2;29.028;0;161.2;1:39:06.969;12:39;0:19.232;0:45.121;0:29.028;265.4;Pipo DERANI;;
48;0;32;1:35.120;0;;19.586;0;46.004;0;29.530;0;158.3;1:40:42.089;12:40;0:19.586;0:46.004;0:29.530;265.4;Pipo DERANI;;
48;0;33;2:01.296;0;B;19.113;2;46.399;0;55.784;0;124.1;1:42:43.385;12:42;0:19.113;0:46.399;0:55.784;268.0;Pipo DERANI;;
54;1;1;4:55.761;0;;3:18.000;0;1:02.152;0;35.609;0;50.9;4:55.761;11:04;3:18.000;1:02.152;0:35.609;;Marco CIOCI;0:02:49.793;
54;1;2;1:51.554;0;;24.316;0;53.345;0;33.893;0;135.0;6:47.315;11:06;0:24.316;0:53.345;0:33.893;209.0;Marco CIOCI;;
54;1;3;1:52.176;0;;22.971;0;54.001;0;35.204;0;134.2;8:39.491;11:08;0:22.971;0:54.001;0:35.204;229.0;Marco CIOCI;;
54;1;4;1:50.540;0;;22.992;0;52.830;0;34.718;0;136.2;10:30.031;11:10;0:22.992;0:52.830;0:34.718;220.8;Marco CIOCI;;
54;1;5;1:50.747;0;;23.005;0;53.451;0;34.291;0;135.9;12:20.778;11:12;0:23.005;0:53.451;0:34.291;214.7;Marco CIOCI;;
54;1;6;1:49.712;0;;22.714;0;52.735;0;34.263;0;137.2;14:10.490;11:14;0:22.714;0:52.735;0:34.263;240.5;Marco CIOCI;;
54;1;7;2:00.894;0;B;23.147;0;53.598;0;44.149;0;124.5;16:11.384;11:16;0:23.147;0:53.598;0:44.149;236.4;Marco CIOCI;;
54;2;8;4:22.724;0;;2:49.793;1;56.938;1;35.993;1;57.3;20:34.108;11:20;2:49.793;0:56.938;0:35.993;;Michael LYONS;0:02:26.709;
54;2;9;2:20.214;0;B;22.833;0;1:03.024;0;54.357;0;107.4;22:54.322;11:22;0:22.833;1:03.024;0:54.357;236.4;Michael LYONS;;
54;1;10;12:23.629;0;;10:54.861;0;53.541;0;35.227;0;20.2;35:17.951;11:35;10:54.861;0:53.541;0:35.227;;Marco CIOCI;0:10:31.694;
54;1;11;1:50.869;0;;23.210;0;52.440;0;35.219;0;135.8;37:08.820;11:37;0:23.210;0:52.440;0:35.219;219.9;Marco CIOCI;;
54;1;12;1:51.320;0;;23.340;0;52.980;0;35.000;0;135.2;39:00.140;11:39;0:23.340;0:52.980;0:35.000;219.0;Marco CIOCI;;
54;1;13;1:51.280;0;;22.667;0;53.477;0;35.136;0;135.3;40:51.420;11:40;0:22.667;0:53.477;0:35.136;232.9;Marco CIOCI;;
54;1;14;1:56.836;0;B;22.868;0;53.119;0;40.849;0;128.9;42:48.256;11:42;0:22.868;0:53.119;0:40.849;229.5;Marco CIOCI;;
54;0;15;4:07.284;0;;2:34.467;0;58.360;0;34.457;0;60.9;46:55.540;11:46;2:34.467;0:58.360;0:34.457;;Piergiuseppe PERAZZINI;0:02:10.866;
54;0;16;1:45.937;0;;22.678;0;49.719;0;33.540;0;142.1;48:41.477;11:48;0:22.678;0:49.719;0:33.540;234.4;Piergiuseppe PERAZZINI;;
54;0;17;1:45.264;0;;22.123;0;49.975;0;33.166;0;143.0;50:26.741;11:50;0:22.123;0:49.975;0:33.166;237.9;Piergiuseppe PERAZZINI;;
54;0;18;1:43.468;0;;21.782;0;49.415;0;32.271;1;145.5;52:10.209;11:52;0:21.782;0:49.415;0:32.271;239.5;Piergiuseppe PERAZZINI;;
54;0;19;1:49.994;0;B;21.536;0;50.099;0;38.359;0;136.9;54:00.203;11:54;0:21.536;0:50.099;0:38.359;259.2;Piergiuseppe PERAZZINI;;
54;0;20;3:35.924;0;;2:08.007;0;53.127;0;34.790;0;69.7;57:36.127;11:57;2:08.007;0:53.127;0:34.790;;Piergiuseppe PERAZZINI;0:01:45.096;
54;0;21;1:48.491;0;;22.591;0;50.575;0;35.325;0;138.8;59:24.618;11:59;0:22.591;0:50.575;0:35.325;235.4;Piergiuseppe PERAZZINI;;
54;0;22;1:46.156;0;;22.353;0;50.000;0;33.803;0;141.8;1:01:10.774;12:01;0:22.353;0:50.000;0:33.803;232.4;Piergiuseppe PERAZZINI;;
54;0;23;1:44.523;0;;21.954;0;49.386;0;33.183;0;144.0;1:02:55.297;12:02;0:21.954;0:49.386;0:33.183;233.4;Piergiuseppe PERAZZINI;;
54;0;24;1:44.840;0;;21.927;0;49.697;0;33.216;0;143.6;1:04:40.137;12:04;0:21.927;0:49.697;0:33.216;235.9;Piergiuseppe PERAZZINI;;
54;0;25;1:42.665;0;;21.332;1;48.726;1;32.607;0;146.6;1:06:22.802;12:06;0:21.332;0:48.726;0:32.607;244.3;Piergiuseppe PERAZZINI;;
54;0;26;1:44.126;0;;22.051;0;49.504;0;32.571;0;144.6;1:08:06.928;12:08;0:22.051;0:49.504;0:32.571;241.1;Piergiuseppe PERAZZINI;;
54;0;27;1:43.246;0;;21.541;0;49.086;0;32.619;0;145.8;1:09:50.174;12:09;0:21.541;0:49.086;0:32.619;240.5;Piergiuseppe PERAZZINI;;
54;0;28;2:08.885;0;B;24.516;0;51.927;0;52.442;0;116.8;1:11:59.059;12:11;0:24.516;0:51.927;0:52.442;196.7;Piergiuseppe PERAZZINI;;
54;1;29;13:11.965;0;;11:46.114;0;51.741;0;34.110;0;19.0;1:25:11.024;12:25;11:46.114;0:51.741;0:34.110;;Marco CIOCI;0:11:22.848;
54;1;30;1:43.093;0;;21.805;0;49.795;0;31.493;2;146.0;1:26:54.117;12:26;0:21.805;0:49.795;0:31.493;262.3;Marco CIOCI;;
54;1;31;1:41.439;0;;20.999;0;48.253;2;32.187;0;148.4;1:28:35.556;12:28;0:20.999;0:48.253;0:32.187;264.2;Marco CIOCI;;
54;1;32;1:41.381;0;;20.940;0;48.638;0;31.803;0;148.5;1:30:16.937;12:30;0:20.940;0:48.638;0:31.803;261.0;Marco CIOCI;;
54;1;33;1:43.809;0;;20.984;0;51.197;0;31.628;0;145.0;1:32:00.746;12:32;0:20.984;0:51.197;0:31.628;262.3;Marco CIOCI;;
54;1;34;1:49.701;0;B;20.959;0;49.264;0;39.478;0;137.2;1:33:50.447;12:33;0:20.959;0:49.264;0:39.478;263.5;Marco CIOCI;;
54;1;35;3:55.739;0;;2:33.371;0;49.118;0;33.250;0;63.9;1:37:46.186;12:37;2:33.371;0:49.118;0:33.250;;Marco CIOCI;0:02:11.509;
54;1;36;1:41.552;0;;20.557;2;48.880;0;32.115;0;148.3;1:39:27.738;12:39;0:20.557;0:48.880;0:32.115;262.9;Marco CIOCI;;
54;1;37;1:41.225;2;;20.699;0;48.426;0;32.100;0;148.7;1:41:08.963;12:41;0:20.699;0:48.426;0:32.100;264.2;Marco CIOCI;;
54;1;38;2:03.680;0;B;21.293;0;54.435;0;47.952;0;121.7;1:43:12.643;12:43;0:21.293;0:54.435;0:47.952;258.6;Marco CIOCI;;
55;1;1;2:26.662;0;B;41.063;0;58.625;0;46.974;0;102.7;2:26.662;11:02;0:41.063;0:58.625;0:46.974;;Matt GRIFFIN;0:00:14.478;
55;1;2;4:35.050;0;;3:04.038;0;54.923;0;36.089;0;54.7;7:01.712;11:07;3:04.038;0:54.923;0:36.089;;Matt GRIFFIN;0:02:40.170;
55;1;3;1:56.673;0;;24.095;0;55.989;0;36.589;0;129.0;8:58.385;11:08;0:24.095;0:55.989;0:36.589;221.6;Matt GRIFFIN;;
55;1;4;1:57.680;0;;24.146;0;56.306;0;37.228;0;127.9;10:56.065;11:10;0:24.146;0:56.306;0:37.228;231.9;Matt GRIFFIN;;
55;1;5;2:10.261;0;B;25.009;0;58.044;0;47.208;0;115.6;13:06.326;11:13;0:25.009;0:58.044;0:47.208;225.3;Matt GRIFFIN;;
55;1;6;3:53.247;0;;2:23.633;0;55.144;0;34.470;0;64.5;16:59.573;11:16;2:23.633;0:55.144;0:34.470;;Matt GRIFFIN;0:01:58.919;
55;1;7;1:48.479;0;;22.718;0;52.045;1;33.716;1;138.8;18:48.052;11:18;0:22.718;0:52.045;0:33.716;237.4;Matt GRIFFIN;;
55;1;8;1:59.067;0;B;22.568;1;52.811;0;43.688;0;126.4;20:47.119;11:20;0:22.568;0:52.811;0:43.688;247.6;Matt GRIFFIN;;
55;2;9;14:33.794;0;;13:04.561;0;52.573;0;36.660;0;17.2;35:20.913;11:35;13:04.561;0:52.573;0:36.660;;Michele RUGOLO;0:12:41.548;
55;2;10;1:51.014;0;;22.950;0;52.797;0;35.267;0;135.6;37:11.927;11:37;0:22.950;0:52.797;0:35.267;242.6;Michele RUGOLO;;
55;2;11;1:51.383;0;;22.605;0;53.527;0;35.251;0;135.2;39:03.310;11:39;0:22.605;0:53.527;0:35.251;256.8;Michele RUGOLO;;
55;2;12;2:01.257;0;B;22.803;0;53.829;0;44.625;0;124.2;41:04.567;11:41;0:22.803;0:53.829;0:44.625;258.6;Michele RUGOLO;;
55;2;13;3:14.114;0;;1:54.147;0;48.106;2;31.861;0;77.6;44:18.681;11:44;1:54.147;0:48.106;0:31.861;;Michele RUGOLO;0:01:28.805;
55;2;14;1:42.596;0;;21.193;0;48.832;0;32.571;0;146.7;46:01.277;11:46;0:21.193;0:48.832;0:32.571;261.7;Michele RUGOLO;;
55;2;15;1:47.845;0;;21.207;0;50.850;0;35.788;0;139.6;47:49.122;11:47;0:21.207;0:50.850;0:35.788;258.6;Michele RUGOLO;;
55;2;16;1:41.160;2;;21.036;0;48.279;0;31.845;2;148.8;49:30.282;11:49;0:21.036;0:48.279;0:31.845;260.4;Michele RUGOLO;;
55;2;17;1:46.753;0;;20.826;0;48.958;0;36.969;0;141.0;51:17.035;11:51;0:20.826;0:48.958;0:36.969;264.8;Michele RUGOLO;;
55;2;18;1:46.738;0;;20.712;0;48.471;0;37.555;0;141.0;53:03.773;11:53;0:20.712;0:48.471;0:37.555;261.0;Michele RUGOLO;;
55;2;19;1:47.905;0;B;20.481;2;48.830;0;38.594;0;139.5;54:51.678;11:54;0:20.481;0:48.830;0:38.594;262.9;Michele RUGOLO;;
55;0;20;4:07.206;0;;2:30.684;0;56.940;0;39.582;0;60.9;58:58.884;11:58;2:30.684;0:56.940;0:39.582;;Duncan CAMERON;0:02:02.422;
55;0;21;1:48.446;0;;23.320;0;51.417;0;33.709;0;138.8;1:00:47.330;12:00;0:23.320;0:51.417;0:33.709;245.3;Duncan CAMERON;;
55;0;22;1:45.847;0;;22.034;0;50.827;0;32.986;1;142.2;1:02:33.177;12:02;0:22.034;0:50.827;0:32.986;259.2;Duncan CAMERON;;
55;0;23;1:46.201;0;;21.820;0;51.000;0;33.381;0;141.8;1:04:19.378;12:04;0:21.820;0:51.000;0:33.381;257.4;Duncan CAMERON;;
55;0;24;1:46.233;0;;21.737;0;50.044;1;34.452;0;141.7;1:06:05.611;12:06;0:21.737;0:50.044;0:34.452;255.0;Duncan CAMERON;;
55;0;25;1:45.015;0;;21.628;0;50.341;0;33.046;0;143.4;1:07:50.626;12:07;0:21.628;0:50.341;0:33.046;255.0;Duncan CAMERON;;
55;0;26;1:45.884;0;;22.341;0;50.444;0;33.099;0;142.2;1:09:36.510;12:09;0:22.341;0:50.444;0:33.099;253.2;Duncan CAMERON;;
55;0;27;2:06.407;0;B;23.791;0;51.125;0;51.491;0;119.1;1:11:42.917;12:11;0:23.791;0:51.125;0:51.491;233.4;Duncan CAMERON;;
55;0;28;13:06.458;0;;11:37.821;0;53.524;0;35.113;0;19.1;1:24:49.375;12:24;11:37.821;0:53.524;0:35.113;;Duncan CAMERON;0:11:13.861;
55;0;29;1:47.887;0;;22.767;0;50.918;0;34.202;0;139.5;1:26:37.262;12:26;0:22.767;0:50.918;0:34.202;248.7;Duncan CAMERON;;
55;0;30;2:18.360;0;B;21.460;1;1:00.368;0;56.532;0;108.8;1:28:55.622;12:28;0:21.460;1:00.368;0:56.532;252.1;Duncan CAMERON;;
56;1;1;6:44.151;0;;5:10.313;0;57.403;0;36.435;0;37.3;6:44.151;11:06;5:10.313;0:57.403;0:36.435;;Alexander TALKANITSA JR;0:04:45.123;
56;1;2;1:55.995;0;;23.968;0;55.807;0;36.220;0;129.8;8:40.146;11:08;0:23.968;0:55.807;0:36.220;213.9;Alexander TALKANITSA JR;;
56;1;3;1:53.884;0;;23.713;0;54.683;0;35.488;0;132.2;10:34.030;11:10;0:23.713;0:54.683;0:35.488;215.2;Alexander TALKANITSA JR;;
56;1;4;1:54.993;0;;24.488;0;54.461;0;36.044;0;130.9;12:29.023;11:12;0:24.488;0:54.461;0:36.044;208.6;Alexander TALKANITSA JR;;
56;1;5;1:52.676;0;;23.524;0;54.161;0;34.991;1;133.6;14:21.699;11:14;0:23.524;0:54.161;0:34.991;224.8;Alexander TALKANITSA JR;;
56;1;6;1:52.540;0;;23.344;1;53.836;0;35.360;0;133.8;16:14.239;11:16;0:23.344;0:53.836;0:35.360;229.0;Alexander TALKANITSA JR;;
56;1;7;1:52.446;0;;23.726;0;53.619;1;35.101;0;133.9;18:06.685;11:18;0:23.726;0:53.619;0:35.101;224.4;Alexander TALKANITSA JR;;
56;1;8;1:52.686;0;;23.350;0;53.908;0;35.428;0;133.6;19:59.371;11:19;0:23.350;0:53.908;0:35.428;226.7;Alexander TALKANITSA JR;;
56;1;9;2:01.138;0;B;23.361;0;54.262;0;43.515;0;124.3;22:00.509;11:22;0:23.361;0:54.262;0:43.515;231.4;Alexander TALKANITSA JR;;
56;2;10;14:21.695;0;;12:54.144;0;52.578;0;34.973;0;17.5;36:22.204;11:36;12:54.144;0:52.578;0:34.973;;Pierre KAFFER;0:12:32.212;
56;2;11;1:50.531;0;;22.728;0;52.011;0;35.792;0;136.2;38:12.735;11:38;0:22.728;0:52.011;0:35.792;235.4;Pierre KAFFER;;
56;2;12;1:52.945;0;;23.089;0;53.655;0;36.201;0;133.3;40:05.680;11:40;0:23.089;0:53.655;0:36.201;241.1;Pierre KAFFER;;
56;2;13;1:49.432;0;;22.691;0;52.053;0;34.688;0;137.6;41:55.112;11:41;0:22.691;0:52.053;0:34.688;240.0;Pierre KAFFER;;
56;2;14;2:02.424;0;B;23.133;0;53.028;0;46.263;0;123.0;43:57.536;11:43;0:23.133;0:53.028;0:46.263;241.6;Pierre KAFFER;;
56;2;15;4:17.797;0;;2:52.909;0;51.365;0;33.523;0;58.4;48:15.333;11:48;2:52.909;0:51.365;0:33.523;;Pierre KAFFER;0:02:31.229;
56;2;16;2:01.618;0;;21.812;0;1:07.191;0;32.615;0;123.8;50:16.951;11:50;0:21.812;1:07.191;0:32.615;247.0;Pierre KAFFER;;
56;2;17;1:44.773;0;;21.918;0;49.802;0;33.053;0;143.7;52:01.724;11:52;0:21.918;0:49.802;0:33.053;245.9;Pierre KAFFER;;
56;2;18;1:44.416;0;;21.310;0;50.056;0;33.050;0;144.2;53:46.140;11:53;0:21.310;0:50.056;0:33.050;259.2;Pierre KAFFER;;
56;2;19;1:46.059;0;;22.118;0;51.072;0;32.869;0;142.0;55:32.199;11:55;0:22.118;0:51.072;0:32.869;258.6;Pierre KAFFER;;
56;2;20;1:44.313;0;;21.480;0;49.688;0;33.145;0;144.3;57:16.512;11:57;0:21.480;0:49.688;0:33.145;252.7;Pierre KAFFER;;
56;2;21;1:43.002;0;;21.201;0;49.214;0;32.587;0;146.2;58:59.514;11:58;0:21.201;0:49.214;0:32.587;264.2;Pierre KAFFER;;
56;2;22;1:43.318;0;;22.207;0;48.903;2;32.208;0;145.7;1:00:42.832;12:00;0:22.207;0:48.903;0:32.208;250.9;Pierre KAFFER;;
56;2;23;1:43.183;0;;21.194;0;49.598;0;32.391;0;145.9;1:02:26.015;12:02;0:21.194;0:49.598;0:32.391;263.5;Pierre KAFFER;;
56;2;24;1:49.254;0;B;21.413;0;49.158;0;38.683;0;137.8;1:04:15.269;12:04;0:21.413;0:49.158;0:38.683;259.2;Pierre KAFFER;;
56;2;25;4:07.948;0;;2:42.569;0;52.176;0;33.203;0;60.7;1:08:23.217;12:08;2:42.569;0:52.176;0:33.203;;Pierre KAFFER;0:02:17.580;
56;2;26;1:58.180;0;B;24.825;0;50.388;0;42.967;0;127.4;1:10:21.397;12:10;0:24.825;0:50.388;0:42.967;180.3;Pierre KAFFER;;
56;2;27;13:39.204;0;;12:16.246;0;50.473;0;32.485;0;18.4;1:24:00.601;12:24;12:16.246;0:50.473;0:32.485;;Pierre KAFFER;0:11:54.692;
56;2;28;1:42.572;0;;20.965;0;49.466;0;32.141;0;146.8;1:25:43.173;12:25;0:20.965;0:49.466;0:32.141;261.7;Pierre KAFFER;;
56;2;29;1:42.937;0;;21.279;0;49.620;0;32.038;0;146.3;1:27:26.110;12:27;0:21.279;0:49.620;0:32.038;264.2;Pierre KAFFER;;
56;2;30;1:42.082;0;;20.997;0;49.242;0;31.843;2;147.5;1:29:08.192;12:29;0:20.997;0:49.242;0:31.843;265.4;Pierre KAFFER;;
56;2;31;1:42.178;0;;20.673;0;49.475;0;32.030;0;147.3;1:30:50.370;12:30;0:20.673;0:49.475;0:32.030;266.7;Pierre KAFFER;;
56;2;32;1:42.967;0;;21.525;0;49.419;0;32.023;0;146.2;1:32:33.337;12:32;0:21.525;0:49.419;0:32.023;261.7;Pierre KAFFER;;
56;2;33;1:41.975;2;;20.607;2;49.317;0;32.051;0;147.6;1:34:15.312;12:34;0:20.607;0:49.317;0:32.051;266.7;Pierre KAFFER;;
56;2;34;1:52.263;0;B;20.927;0;50.150;0;41.186;0;134.1;1:36:07.575;12:36;0:20.927;0:50.150;0:41.186;264.8;Pierre KAFFER;;
56;2;35;2:52.361;0;;1:27.743;0;51.211;0;33.407;0;87.3;1:38:59.936;12:38;1:27.743;0:51.211;0:33.407;;Pierre KAFFER;0:01:03.885;
56;2;36;1:45.588;0;;21.708;0;50.620;0;33.260;0;142.6;1:40:45.524;12:40;0:21.708;0:50.620;0:33.260;259.2;Pierre KAFFER;;
56;2;37;2:01.364;0;B;21.229;0;50.760;0;49.375;0;124.0;1:42:46.888;12:42;0:21.229;0:50.760;0:49.375;259.2;Pierre KAFFER;;
57;2;1;2:35.681;0;;57.050;0;1:00.538;0;38.093;0;96.7;2:35.681;11:02;0:57.050;1:00.538;0:38.093;;Maurizio MEDIANI;0:00:29.590;
57;2;2;1:54.012;0;;23.797;0;54.569;0;35.646;0;132.0;4:29.693;11:04;0:23.797;0:54.569;0:35.646;216.4;Maurizio MEDIANI;;
57;2;3;1:53.591;0;;23.590;0;54.446;0;35.555;1;132.5;6:23.284;11:06;0:23.590;0:54.446;0:35.555;235.9;Maurizio MEDIANI;;
57;2;4;1:57.781;0;;23.495;0;56.167;0;38.119;0;127.8;8:21.065;11:08;0:23.495;0:56.167;0:38.119;237.4;Maurizio MEDIANI;;
57;2;5;2:06.751;0;B;24.964;0;56.257;0;45.530;0;118.8;10:27.816;11:10;0:24.964;0:56.257;0:45.530;201.4;Maurizio MEDIANI;;
57;2;6;6:02.888;0;;4:31.373;0;55.419;0;36.096;0;41.5;16:30.704;11:16;4:31.373;0:55.419;0:36.096;;Maurizio MEDIANI;0:04:07.568;
57;2;7;1:55.435;0;;23.827;0;55.602;0;36.006;0;130.4;18:26.139;11:18;0:23.827;0:55.602;0:36.006;223.0;Maurizio MEDIANI;;
57;2;8;1:53.643;0;;23.420;1;54.413;1;35.810;0;132.5;20:19.782;11:20;0:23.420;0:54.413;0:35.810;235.9;Maurizio MEDIANI;;
57;2;9;2:19.348;0;B;23.436;0;58.101;0;57.811;0;108.0;22:39.130;11:22;0:23.436;0:58.101;0:57.811;239.5;Maurizio MEDIANI;;
57;0;10;14:45.202;0;;12:59.993;0;1:04.611;0;40.598;0;17.0;37:24.332;11:37;12:59.993;1:04.611;0:40.598;;Boris ROTENBERG;0:12:32.991;
57;0;11;2:05.201;0;;24.790;0;1:00.489;0;39.922;0;120.2;39:29.533;11:39;0:24.790;1:00.489;0:39.922;240.0;Boris ROTENBERG;;
57;0;12;2:04.605;0;;23.550;0;1:01.820;0;39.235;0;120.8;41:34.138;11:41;0:23.550;1:01.820;0:39.235;249.8;Boris ROTENBERG;;
57;0;13;2:10.556;0;;26.342;0;1:04.415;0;39.799;0;115.3;43:44.694;11:43;0:26.342;1:04.415;0:39.799;210.6;Boris ROTENBERG;;
57;0;14;2:04.910;0;;25.409;0;59.191;0;40.310;0;120.5;45:49.604;11:45;0:25.409;0:59.191;0:40.310;211.4;Boris ROTENBERG;;
57;0;15;2:06.022;0;;25.287;0;1:00.893;0;39.842;0;119.5;47:55.626;11:47;0:25.287;1:00.893;0:39.842;235.4;Boris ROTENBERG;;
57;0;16;2:06.532;0;;26.096;0;1:00.565;0;39.871;0;119.0;50:02.158;11:50;0:26.096;1:00.565;0:39.871;192.9;Boris ROTENBERG;;
57;0;17;2:02.550;0;;24.356;0;59.178;0;39.016;0;122.8;52:04.708;11:52;0:24.356;0:59.178;0:39.016;250.9;Boris ROTENBERG;;
57;0;18;2:17.406;0;B;26.260;0;1:00.948;0;50.198;0;109.6;54:22.114;11:54;0:26.260;1:00.948;0:50.198;178.3;Boris ROTENBERG;;
57;1;19;9:34.250;0;;8:10.959;0;50.930;0;32.361;0;26.2;1:03:56.364;12:03;8:10.959;0:50.930;0:32.361;;Mika SALO;0:07:49.332;
57;1;20;1:41.051;0;;20.815;0;48.479;0;31.757;0;149.0;1:05:37.415;12:05;0:20.815;0:48.479;0:31.757;258.6;Mika SALO;;
57;1;21;1:40.523;2;;20.393;2;48.346;0;31.784;0;149.8;1:07:17.938;12:07;0:20.393;0:48.346;0:31.784;258.6;Mika SALO;;
57;1;22;1:48.842;0;B;20.606;0;49.404;0;38.832;0;138.3;1:09:06.780;12:09;0:20.606;0:49.404;0:38.832;262.9;Mika SALO;;
57;1;23;15:19.936;0;;13:57.290;0;50.543;0;32.103;0;16.4;1:24:26.716;12:24;13:57.290;0:50.543;0:32.103;;Mika SALO;0:13:32.369;
57;1;24;1:40.746;0;;20.769;0;48.470;0;31.507;2;149.4;1:26:07.462;12:26;0:20.769;0:48.470;0:31.507;262.9;Mika SALO;;
57;1;25;1:46.073;0;B;20.588;0;48.334;2;37.151;0;141.9;1:27:53.535;12:27;0:20.588;0:48.334;0:37.151;262.9;Mika SALO;;
57;0;26;4:17.066;0;;2:39.558;0;59.654;0;37.854;0;58.6;1:32:10.601;12:32;2:39.558;0:59.654;0:37.854;;Boris ROTENBERG;0:02:09.888;
57;0;27;1:57.060;0;;24.189;0;56.528;0;36.343;0;128.6;1:34:07.661;12:34;0:24.189;0:56.528;0:36.343;253.2;Boris ROTENBERG;;
57;0;28;1:55.156;0;;22.903;0;55.543;0;36.710;0;130.7;1:36:02.817;12:36;0:22.903;0:55.543;0:36.710;253.2;Boris ROTENBERG;;
57;0;29;1:53.881;0;;23.272;0;53.925;0;36.684;0;132.2;1:37:56.698;12:37;0:23.272;0:53.925;0:36.684;248.1;Boris ROTENBERG;;
57;0;30;1:52.539;0;;22.651;0;54.784;0;35.104;1;133.8;1:39:49.237;12:39;0:22.651;0:54.784;0:35.104;249.8;Boris ROTENBERG;;
57;0;31;2:03.797;0;B;22.310;1;53.122;1;48.365;0;121.6;1:41:53.034;12:41;0:22.310;0:53.122;0:48.365;252.1;Boris ROTENBERG;;
58;2;1;2:40.289;0;;1:03.678;0;59.784;0;36.827;0;93.9;2:40.289;11:02;1:03.678;0:59.784;0:36.827;;Soheil AYARI;0:00:34.528;
58;2;2;1:56.212;0;;24.809;0;56.032;0;35.371;0;129.5;4:36.501;11:04;0:24.809;0:56.032;0:35.371;207.1;Soheil AYARI;;
58;2;3;1:53.299;0;;24.100;0;54.283;0;34.916;0;132.9;6:29.800;11:06;0:24.100;0:54.283;0:34.916;208.6;Soheil AYARI;;
58;2;4;1:51.714;0;;23.218;0;54.171;0;34.325;0;134.8;8:21.514;11:08;0:23.218;0:54.171;0:34.325;240.0;Soheil AYARI;;
58;2;5;1:50.919;0;;23.239;0;53.286;0;34.394;0;135.7;10:12.433;11:10;0:23.239;0:53.286;0:34.394;233.9;Soheil AYARI;;
58;2;6;1:50.605;0;;23.229;0;53.179;0;34.197;1;136.1;12:03.038;11:12;0:23.229;0:53.179;0:34.197;232.9;Soheil AYARI;;
58;2;7;2:02.084;0;B;23.043;0;54.514;0;44.527;0;123.3;14:05.122;11:14;0:23.043;0:54.514;0:44.527;252.1;Soheil AYARI;;
58;2;8;5:56.573;0;;4:29.757;0;52.156;1;34.660;0;42.2;20:01.695;11:20;4:29.757;0:52.156;0:34.660;;Soheil AYARI;0:04:07.319;
58;2;9;2:01.838;0;B;23.017;1;53.270;0;45.551;0;123.6;22:03.533;11:22;0:23.017;0:53.270;0:45.551;241.1;Soheil AYARI;;
58;1;10;13:48.504;0;;12:17.394;0;56.288;0;34.822;0;18.2;35:52.037;11:35;12:17.394;0:56.288;0:34.822;;Anthony PONS;0:11:52.215;
58;1;11;1:50.904;0;;23.779;0;52.676;0;34.449;0;135.7;37:42.941;11:37;0:23.779;0:52.676;0:34.449;210.2;Anthony PONS;;
58;1;12;1:51.606;0;;23.757;0;53.142;0;34.707;0;134.9;39:34.547;11:39;0:23.757;0:53.142;0:34.707;214.3;Anthony PONS;;
58;1;13;1:52.850;0;;23.988;0;54.279;0;34.583;0;133.4;41:27.397;11:41;0:23.988;0:54.279;0:34.583;213.9;Anthony PONS;;
58;1;14;2:04.243;0;B;23.856;0;55.138;0;45.249;0;121.2;43:31.640;11:43;0:23.856;0:55.138;0:45.249;205.1;Anthony PONS;;
58;1;15;5:11.294;0;;3:34.906;0;59.557;0;36.831;0;48.4;48:42.934;11:48;3:34.906;0:59.557;0:36.831;;Anthony PONS;0:03:08.797;
58;1;16;1:50.800;0;;24.479;0;52.219;0;34.102;0;135.9;50:33.734;11:50;0:24.479;0:52.219;0:34.102;202.1;Anthony PONS;;
58;1;17;1:47.267;0;;22.811;0;50.458;0;33.998;0;140.4;52:21.001;11:52;0:22.811;0:50.458;0:33.998;216.9;Anthony PONS;;
58;1;18;1:46.593;0;;22.307;0;50.787;0;33.499;1;141.2;54:07.594;11:54;0:22.307;0:50.787;0:33.499;221.2;Anthony PONS;;
58;1;19;1:46.174;0;;22.222;1;49.983;1;33.969;0;141.8;55:53.768;11:55;0:22.222;0:49.983;0:33.969;230.0;Anthony PONS;;
58;1;20;1:56.408;0;B;22.587;0;50.712;0;43.109;0;129.3;57:50.176;11:57;0:22.587;0:50.712;0:43.109;230.5;Anthony PONS;;
58;0;21;3:58.087;0;;2:27.273;0;55.871;0;34.943;0;63.2;1:01:48.263;12:01;2:27.273;0:55.871;0:34.943;;Fabien BARTHEZ;0:01:58.670;
58;0;22;1:49.734;0;;22.536;0;53.115;0;34.083;0;137.2;1:03:37.997;12:03;0:22.536;0:53.115;0:34.083;240.5;Fabien BARTHEZ;;
58;0;23;1:50.435;0;;22.299;0;54.544;0;33.592;0;136.3;1:05:28.432;12:05;0:22.299;0:54.544;0:33.592;252.1;Fabien BARTHEZ;;
58;0;24;1:47.092;0;;22.098;0;51.891;0;33.103;0;140.6;1:07:15.524;12:07;0:22.098;0:51.891;0:33.103;245.9;Fabien BARTHEZ;;
58;0;25;1:47.426;0;;21.736;0;52.396;0;33.294;0;140.1;1:09:02.950;12:09;0:21.736;0:52.396;0:33.294;255.6;Fabien BARTHEZ;;
58;0;26;2:25.366;0;B;25.390;0;53.471;0;1:06.505;0;103.6;1:11:28.316;12:11;0:25.390;0:53.471;1:06.505;180.0;Fabien BARTHEZ;;
58;0;27;13:13.765;0;;11:36.170;0;1:01.594;0;36.001;0;19.0;1:24:42.081;12:24;11:36.170;1:01.594;0:36.001;;Fabien BARTHEZ;0:11:06.743;
58;0;28;2:29.223;0;;23.339;0;54.254;0;1:11.630;0;100.9;1:27:11.304;12:27;0:23.339;0:54.254;1:11.630;238.4;Fabien BARTHEZ;;
58;0;29;1:47.088;0;;22.581;0;51.302;0;33.205;0;140.6;1:28:58.392;12:28;0:22.581;0:51.302;0:33.205;235.9;Fabien BARTHEZ;;
58;0;30;1:47.487;0;;22.108;0;51.181;0;34.198;0;140.1;1:30:45.879;12:30;0:22.108;0:51.181;0:34.198;246.4;Fabien BARTHEZ;;
58;0;31;1:45.980;0;;21.833;0;50.622;0;33.525;0;142.1;1:32:31.859;12:32;0:21.833;0:50.622;0:33.525;243.7;Fabien BARTHEZ;;
58;0;32;1:45.957;0;;21.636;0;51.098;0;33.223;0;142.1;1:34:17.816;12:34;0:21.636;0:51.098;0:33.223;254.4;Fabien BARTHEZ;;
58;0;33;1:45.622;0;;21.729;0;50.977;0;32.916;0;142.5;1:36:03.438;12:36;0:21.729;0:50.977;0:32.916;256.2;Fabien BARTHEZ;;
58;0;34;1:44.834;0;;21.992;0;50.009;0;32.833;0;143.6;1:37:48.272;12:37;0:21.992;0:50.009;0:32.833;241.6;Fabien BARTHEZ;;
58;0;35;1:43.644;2;;21.175;0;49.865;2;32.604;2;145.3;1:39:31.916;12:39;0:21.175;0:49.865;0:32.604;258.6;Fabien BARTHEZ;;
58;0;36;1:48.414;0;;21.159;2;52.359;0;34.896;0;138.9;1:41:20.330;12:41;0:21.159;0:52.359;0:34.896;258.0;Fabien BARTHEZ;;
58;0;37;2:21.459;0;B;24.869;0;1:01.266;0;55.324;0;106.4;1:43:41.789;12:43;0:24.869;1:01.266;0:55.324;224.8;Fabien BARTHEZ;;
59;2;1;2:48.475;0;;1:11.062;0;59.151;0;38.262;0;89.4;2:48.475;11:02;1:11.062;0:59.151;0:38.262;;Jean-Philippe BELLOC;0:00:42.226;
59;2;2;1:56.740;0;;24.180;0;55.315;0;37.245;0;129.0;4:45.215;11:04;0:24.180;0:55.315;0:37.245;233.9;Jean-Philippe BELLOC;;
59;2;3;1:55.239;0;;23.852;0;54.986;0;36.401;0;130.6;6:40.454;11:06;0:23.852;0:54.986;0:36.401;245.9;Jean-Philippe BELLOC;;
59;2;4;1:57.810;0;;24.762;0;56.752;0;36.296;0;127.8;8:38.264;11:08;0:24.762;0:56.752;0:36.296;213.9;Jean-Philippe BELLOC;;
59;2;5;1:55.139;0;;23.652;0;55.315;0;36.172;0;130.8;10:33.403;11:10;0:23.652;0:55.315;0:36.172;255.0;Jean-Philippe BELLOC;;
59;2;6;2:04.346;0;B;24.055;0;55.040;0;45.251;0;121.1;12:37.749;11:12;0:24.055;0:55.040;0:45.251;226.2;Jean-Philippe BELLOC;;
59;0;7;3:49.377;0;;2:10.682;0;57.925;0;40.770;0;65.6;16:27.126;11:16;2:10.682;0:57.925;0:40.770;;Christophe BOURRET;0:01:44.602;
59;0;8;2:04.752;0;;26.597;0;59.347;0;38.808;0;120.7;18:31.878;11:18;0:26.597;0:59.347;0:38.808;212.7;Christophe BOURRET;;
59;0;9;1:58.825;0;;24.234;0;57.015;0;37.576;0;126.7;20:30.703;11:20;0:24.234;0:57.015;0:37.576;219.0;Christophe BOURRET;;
59;0;10;2:28.835;0;B;24.970;0;1:07.671;0;56.194;0;101.2;22:59.538;11:22;0:24.970;1:07.671;0:56.194;222.5;Christophe BOURRET;;
59;0;11;12:55.294;0;;11:12.961;0;1:04.530;0;37.803;0;19.4;35:54.832;11:35;11:12.961;1:04.530;0:37.803;;Christophe BOURRET;0:10:46.158;
59;0;12;1:55.397;0;;23.486;0;55.523;0;36.388;0;130.5;37:50.229;11:37;0:23.486;0:55.523;0:36.388;233.4;Christophe BOURRET;;
59;0;13;1:55.409;0;;23.738;0;55.720;0;35.951;0;130.5;39:45.638;11:39;0:23.738;0:55.720;0:35.951;238.4;Christophe BOURRET;;
59;0;14;1:54.135;0;;23.335;0;54.907;0;35.893;0;131.9;41:39.773;11:41;0:23.335;0:54.907;0:35.893;240.0;Christophe BOURRET;;
59;0;15;2:17.050;0;B;24.126;0;1:02.163;0;50.761;0;109.9;43:56.823;11:43;0:24.126;1:02.163;0:50.761;230.5;Christophe BOURRET;;
59;2;16;4:14.691;0;;2:39.310;0;58.924;0;36.457;0;59.1;48:11.514;11:48;2:39.310;0:58.924;0:36.457;;Jean-Philippe BELLOC;0:02:12.939;
59;2;17;1:47.167;0;;22.518;0;51.370;0;33.279;0;140.5;49:58.681;11:49;0:22.518;0:51.370;0:33.279;250.4;Jean-Philippe BELLOC;;
59;2;18;1:45.155;0;;21.846;0;50.206;0;33.103;0;143.2;51:43.836;11:51;0:21.846;0:50.206;0:33.103;258.0;Jean-Philippe BELLOC;;
59;2;19;1:43.894;0;;21.297;0;49.727;0;32.870;0;144.9;53:27.730;11:53;0:21.297;0:49.727;0:32.870;256.8;Jean-Philippe BELLOC;;
59;2;20;1:43.290;0;;21.138;0;49.537;0;32.615;0;145.8;55:11.020;11:55;0:21.138;0:49.537;0:32.615;256.8;Jean-Philippe BELLOC;;
59;2;21;1:42.774;2;;21.126;2;49.370;2;32.278;2;146.5;56:53.794;11:56;0:21.126;0:49.370;0:32.278;256.8;Jean-Philippe BELLOC;;
59;2;22;1:52.853;0;B;21.307;0;49.707;0;41.839;0;133.4;58:46.647;11:58;0:21.307;0:49.707;0:41.839;255.0;Jean-Philippe BELLOC;;
59;1;23;4:33.570;0;;3:03.760;0;54.795;0;35.015;0;55.0;1:03:20.217;12:03;3:03.760;0:54.795;0:35.015;;Pascal GIBON;0:02:38.772;
59;1;24;1:48.721;0;;22.605;0;52.103;0;34.013;0;138.5;1:05:08.938;12:05;0:22.605;0:52.103;0:34.013;249.2;Pascal GIBON;;
59;1;25;1:46.718;0;;21.757;0;51.351;0;33.610;0;141.1;1:06:55.656;12:06;0:21.757;0:51.351;0:33.610;255.6;Pascal GIBON;;
59;1;26;1:52.353;0;;22.677;0;54.781;0;34.895;0;134.0;1:08:48.009;12:08;0:22.677;0:54.781;0:34.895;247.6;Pascal GIBON;;
59;1;27;2:06.019;0;B;22.155;0;52.491;0;51.373;0;119.5;1:10:54.028;12:10;0:22.155;0:52.491;0:51.373;243.7;Pascal GIBON;;
59;1;28;13:48.603;0;;12:11.425;0;1:01.093;0;36.085;0;18.2;1:24:42.631;12:24;12:11.425;1:01.093;0:36.085;;Pascal GIBON;0:11:44.335;
59;1;29;1:48.453;0;;22.974;0;51.766;0;33.713;0;138.8;1:26:31.084;12:26;0:22.974;0:51.766;0:33.713;234.9;Pascal GIBON;;
59;1;30;1:47.048;0;;21.553;1;51.940;0;33.555;0;140.6;1:28:18.132;12:28;0:21.553;0:51.940;0:33.555;254.4;Pascal GIBON;;
59;1;31;1:46.201;0;;21.719;0;51.295;1;33.187;1;141.8;1:30:04.333;12:30;0:21.719;0:51.295;0:33.187;249.8;Pascal GIBON;;
59;1;32;2:01.339;0;B;21.601;0;51.875;0;47.863;0;124.1;1:32:05.672;12:32;0:21.601;0:51.875;0:47.863;253.8;Pascal GIBON;;
59;0;33;3:43.493;0;;2:13.891;0;55.262;0;34.340;0;67.4;1:35:49.165;12:35;2:13.891;0:55.262;0:34.340;;Christophe BOURRET;0:01:49.355;
59;0;34;1:46.688;0;;21.967;0;51.240;1;33.481;0;141.1;1:37:35.853;12:37;0:21.967;0:51.240;0:33.481;248.1;Christophe BOURRET;;
59;0;35;1:48.162;0;;22.163;0;52.808;0;33.191;1;139.2;1:39:24.015;12:39;0:22.163;0:52.808;0:33.191;255.0;Christophe BOURRET;;
59;0;36;1:47.418;0;;21.380;1;51.287;0;34.751;0;140.2;1:41:11.433;12:41;0:21.380;0:51.287;0:34.751;258.0;Christophe BOURRET;;
59;0;37;2:06.144;0;B;22.202;0;55.046;0;48.896;0;119.3;1:43:17.577;12:43;0:22.202;0:55.046;0:48.896;256.2;Christophe BOURRET;;
60;2;1;2:36.801;0;;59.530;0;59.001;0;38.270;0;96.0;2:36.801;11:02;0:59.530;0:59.001;0:38.270;;Jan MAGNUSSEN;0:00:30.584;
60;2;2;1:53.613;0;;23.453;0;54.613;0;35.547;0;132.5;4:30.414;11:04;0:23.453;0:54.613;0:35.547;239.5;Jan MAGNUSSEN;;
60;2;3;1:59.185;0;;23.361;0;1:00.143;0;35.681;0;126.3;6:29.599;11:06;0:23.361;1:00.143;0:35.681;239.5;Jan MAGNUSSEN;;
60;2;4;2:02.677;0;;22.955;0;1:04.130;0;35.592;0;122.7;8:32.276;11:08;0:22.955;1:04.130;0:35.592;256.2;Jan MAGNUSSEN;;
60;2;5;1:54.711;0;;23.189;0;55.733;0;35.789;0;131.2;10:26.987;11:10;0:23.189;0:55.733;0:35.789;257.4;Jan MAGNUSSEN;;
60;2;6;1:55.423;0;;23.493;0;55.244;0;36.686;0;130.4;12:22.410;11:12;0:23.493;0:55.244;0:36.686;241.6;Jan MAGNUSSEN;;
60;2;7;1:56.528;0;;24.380;0;55.855;0;36.293;0;129.2;14:18.938;11:14;0:24.380;0:55.855;0:36.293;221.2;Jan MAGNUSSEN;;
60;2;8;1:55.186;0;;23.793;0;55.362;0;36.031;0;130.7;16:14.124;11:16;0:23.793;0:55.362;0:36.031;246.4;Jan MAGNUSSEN;;
60;2;9;2:05.125;0;B;24.533;0;56.004;0;44.588;0;120.3;18:19.249;11:18;0:24.533;0:56.004;0:44.588;246.4;Jan MAGNUSSEN;;
60;2;10;17:06.004;0;;15:36.502;0;53.967;0;35.535;0;14.7;35:25.253;11:35;15:36.502;0:53.967;0:35.535;;Jan MAGNUSSEN;0:15:11.092;
60;2;11;1:51.906;0;;22.928;0;53.899;0;35.079;0;134.5;37:17.159;11:37;0:22.928;0:53.899;0:35.079;254.4;Jan MAGNUSSEN;;
60;2;12;1:51.380;0;;22.984;0;53.319;1;35.077;1;135.2;39:08.539;11:39;0:22.984;0:53.319;0:35.077;253.8;Jan MAGNUSSEN;;
60;2;13;1:51.794;0;;22.738;1;53.855;0;35.201;0;134.7;41:00.333;11:41;0:22.738;0:53.855;0:35.201;256.8;Jan MAGNUSSEN;;
60;2;14;1:59.846;0;B;23.511;0;53.383;0;42.952;0;125.6;43:00.179;11:43;0:23.511;0:53.383;0:42.952;228.5;Jan MAGNUSSEN;;
60;1;15;25:30.181;0;;23:59.266;0;56.759;0;34.156;0;9.8;1:08:30.360;12:08;23:59.266;0:56.759;0:34.156;;Mikkel MAC;0:23:34.064;
60;1;16;1:54.962;0;B;23.065;0;49.228;0;42.669;0;131.0;1:10:25.322;12:10;0:23.065;0:49.228;0:42.669;222.5;Mikkel MAC;;
60;1;17;14:59.032;0;;13:36.578;0;50.261;0;32.193;0;16.7;1:25:24.354;12:25;13:36.578;0:50.261;0:32.193;;Mikkel MAC;0:13:14.818;
60;1;18;1:44.045;0;;20.887;0;49.826;0;33.332;0;144.7;1:27:08.399;12:27;0:20.887;0:49.826;0:33.332;261.0;Mikkel MAC;;
60;1;19;1:41.035;0;;20.662;0;48.478;0;31.895;0;149.0;1:28:49.434;12:28;0:20.662;0:48.478;0:31.895;260.4;Mikkel MAC;;
60;1;20;1:40.903;0;;20.565;0;48.284;2;32.054;0;149.2;1:30:30.337;12:30;0:20.565;0:48.284;0:32.054;261.0;Mikkel MAC;;
60;1;21;1:40.776;2;;20.417;2;48.499;0;31.860;2;149.4;1:32:11.113;12:32;0:20.417;0:48.499;0:31.860;262.9;Mikkel MAC;;
60;1;22;1:43.873;0;;21.620;0;50.032;0;32.221;0;144.9;1:33:54.986;12:33;0:21.620;0:50.032;0:32.221;262.9;Mikkel MAC;;
60;1;23;1:41.385;0;;20.428;0;48.812;0;32.145;0;148.5;1:35:36.371;12:35;0:20.428;0:48.812;0:32.145;261.7;Mikkel MAC;;
60;1;24;1:46.523;0;B;20.579;0;48.707;0;37.237;0;141.3;1:37:22.894;12:37;0:20.579;0:48.707;0:37.237;263.5;Mikkel MAC;;
63;2;1;10:06.257;0;B;8:19.844;0;58.254;0;48.159;0;24.8;10:06.257;11:10;8:19.844;0:58.254;0:48.159;;Francisco GUEDES;0:07:51.649;
63;2;2;6:20.636;0;;4:48.614;0;55.619;0;36.403;0;39.6;16:26.893;11:16;4:48.614;0:55.619;0:36.403;;Francisco GUEDES;0:04:20.103;
63;2;3;1:58.023;0;;24.203;0;57.157;0;36.663;0;127.6;18:24.916;11:18;0:24.203;0:57.157;0:36.663;240.0;Francisco GUEDES;;
63;2;4;1:53.915;0;;23.357;0;54.627;1;35.931;1;132.2;20:18.831;11:20;0:23.357;0:54.627;0:35.931;250.4;Francisco GUEDES;;
63;2;5;2:17.958;0;B;23.280;1;58.220;0;56.458;0;109.1;22:36.789;11:22;0:23.280;0:58.220;0:56.458;253.2;Francisco GUEDES;;
63;2;6;13:29.498;0;;11:54.633;0;58.251;0;36.614;0;18.6;36:06.287;11:36;11:54.633;0:58.251;0:36.614;;Francisco GUEDES;0:11:31.409;
63;2;7;2:06.420;0;B;23.773;0;58.167;0;44.480;0;119.1;38:12.707;11:38;0:23.773;0:58.167;0:44.480;235.9;Francisco GUEDES;;
63;1;8;3:28.689;0;;1:58.369;0;54.092;0;36.228;0;72.1;41:41.396;11:41;1:58.369;0:54.092;0:36.228;;Filipe BARREIROS;0:01:35.561;
63;1;9;1:56.709;0;;23.716;0;56.500;0;36.493;0;129.0;43:38.105;11:43;0:23.716;0:56.500;0:36.493;237.4;Filipe BARREIROS;;
63;1;10;1:54.985;0;;23.384;0;55.244;0;36.357;0;130.9;45:33.090;11:45;0:23.384;0:55.244;0:36.357;251.5;Filipe BARREIROS;;
63;1;11;1:54.816;0;;23.292;0;55.056;0;36.468;0;131.1;47:27.906;11:47;0:23.292;0:55.056;0:36.468;249.8;Filipe BARREIROS;;
63;1;12;1:55.331;0;;23.502;0;55.033;0;36.796;0;130.5;49:23.237;11:49;0:23.502;0:55.033;0:36.796;228.1;Filipe BARREIROS;;
63;1;13;2:03.798;0;B;23.428;0;55.320;0;45.050;0;121.6;51:27.035;11:51;0:23.428;0:55.320;0:45.050;244.3;Filipe BARREIROS;;
63;1;14;8:00.595;0;;6:28.295;0;56.358;0;35.942;0;31.3;59:27.630;11:59;6:28.295;0:56.358;0:35.942;;Filipe BARREIROS;0:06:03.168;
63;1;15;1:50.327;0;;23.172;0;51.886;0;35.269;0;136.5;1:01:17.957;12:01;0:23.172;0:51.886;0:35.269;233.4;Filipe BARREIROS;;
63;1;16;1:49.413;0;;22.402;0;52.900;0;34.111;0;137.6;1:03:07.370;12:03;0:22.402;0:52.900;0:34.111;251.5;Filipe BARREIROS;;
63;1;17;1:47.308;0;;21.899;0;51.637;0;33.772;0;140.3;1:04:54.678;12:04;0:21.899;0:51.637;0:33.772;257.4;Filipe BARREIROS;;
63;1;18;1:46.306;0;;21.874;1;51.091;1;33.341;1;141.6;1:06:40.984;12:06;0:21.874;0:51.091;0:33.341;257.4;Filipe BARREIROS;;
63;1;19;1:54.396;0;B;22.020;0;51.688;0;40.688;0;131.6;1:08:35.380;12:08;0:22.020;0:51.688;0:40.688;258.0;Filipe BARREIROS;;
63;0;20;16:02.898;0;;14:31.620;0;57.539;0;33.739;0;15.6;1:24:38.278;12:24;14:31.620;0:57.539;0:33.739;;Mads RASMUSSEN;0:14:06.100;
63;0;21;1:47.892;0;;22.205;0;52.853;0;32.834;0;139.5;1:26:26.170;12:26;0:22.205;0:52.853;0:32.834;250.9;Mads RASMUSSEN;;
63;0;22;1:46.059;0;;21.493;0;51.853;0;32.713;0;142.0;1:28:12.229;12:28;0:21.493;0:51.853;0:32.713;259.2;Mads RASMUSSEN;;
63;0;23;1:44.209;0;;21.428;0;49.987;0;32.794;0;144.5;1:29:56.438;12:29;0:21.428;0:49.987;0:32.794;260.4;Mads RASMUSSEN;;
63;0;24;1:44.386;0;;21.359;0;50.396;0;32.631;0;144.2;1:31:40.824;12:31;0:21.359;0:50.396;0:32.631;258.0;Mads RASMUSSEN;;
63;0;25;1:42.756;2;;20.554;2;49.737;0;32.465;2;146.5;1:33:23.580;12:33;0:20.554;0:49.737;0:32.465;260.4;Mads RASMUSSEN;;
63;0;26;1:43.894;0;;21.178;0;50.177;0;32.539;0;144.9;1:35:07.474;12:35;0:21.178;0:50.177;0:32.539;261.0;Mads RASMUSSEN;;
63;0;27;1:43.795;0;;20.978;0;49.819;0;32.998;0;145.0;1:36:51.269;12:36;0:20.978;0:49.819;0:32.998;259.2;Mads RASMUSSEN;;
63;0;28;1:44.171;0;;21.091;0;49.731;2;33.349;0;144.5;1:38:35.440;12:38;0:21.091;0:49.731;0:33.349;260.4;Mads RASMUSSEN;;
63;0;29;1:44.220;0;;21.621;0;49.902;0;32.697;0;144.5;1:40:19.660;12:40;0:21.621;0:49.902;0:32.697;263.5;Mads RASMUSSEN;;
63;0;30;2:14.309;0;B;21.103;0;53.597;0;59.609;0;112.1;1:42:33.969;12:42;0:21.103;0:53.597;0:59.609;258.0;Mads RASMUSSEN;;
66;2;1;2:53.855;0;B;47.584;0;1:09.490;0;56.781;0;86.6;2:53.855;11:02;0:47.584;1:09.490;0:56.781;;Daniel ZAMPIERI;0:00:18.379;
66;2;2;4:46.554;0;;3:07.567;0;1:00.898;0;38.089;0;52.5;7:40.409;11:07;3:07.567;1:00.898;0:38.089;;Daniel ZAMPIERI;0:02:40.552;
66;2;3;1:55.874;0;;24.207;0;56.290;0;35.377;0;129.9;9:36.283;11:09;0:24.207;0:56.290;0:35.377;212.7;Daniel ZAMPIERI;;
66;2;4;1:52.921;0;;23.991;0;54.062;0;34.868;0;133.3;11:29.204;11:11;0:23.991;0:54.062;0:34.868;204.4;Daniel ZAMPIERI;;
66;2;5;1:53.696;0;;22.968;0;55.413;0;35.315;0;132.4;13:22.900;11:13;0:22.968;0:55.413;0:35.315;227.1;Daniel ZAMPIERI;;
66;2;6;1:52.390;0;;23.059;0;54.487;0;34.844;0;134.0;15:15.290;11:15;0:23.059;0:54.487;0:34.844;234.4;Daniel ZAMPIERI;;
66;2;7;1:51.542;0;;22.955;0;53.893;0;34.694;0;135.0;17:06.832;11:17;0:22.955;0:53.893;0:34.694;246.4;Daniel ZAMPIERI;;
66;2;8;2:01.044;0;B;23.097;0;52.933;0;45.014;0;124.4;19:07.876;11:19;0:23.097;0:52.933;0:45.014;243.2;Daniel ZAMPIERI;;
66;1;9;16:33.714;0;;15:00.274;0;57.167;0;36.273;0;15.2;35:41.590;11:35;15:00.274;0:57.167;0:36.273;;George RICHARDSON;0:14:30.742;
66;1;10;1:54.215;0;;23.550;0;54.942;0;35.723;0;131.8;37:35.805;11:37;0:23.550;0:54.942;0:35.723;229.5;George RICHARDSON;;
66;1;11;1:53.273;0;;22.981;0;54.071;0;36.221;0;132.9;39:29.078;11:39;0:22.981;0:54.071;0:36.221;214.3;George RICHARDSON;;
66;1;12;1:50.367;0;;22.344;0;52.877;0;35.146;0;136.4;41:19.445;11:41;0:22.344;0:52.877;0:35.146;252.7;George RICHARDSON;;
66;1;13;2:02.108;0;B;22.392;0;54.809;0;44.907;0;123.3;43:21.553;11:43;0:22.392;0:54.809;0:44.907;250.4;George RICHARDSON;;
66;1;14;3:14.165;0;;1:48.013;0;52.580;0;33.572;0;77.5;46:35.718;11:46;1:48.013;0:52.580;0:33.572;;George RICHARDSON;0:01:25.657;
66;1;15;1:46.328;0;;22.029;0;50.937;0;33.362;0;141.6;48:22.046;11:48;0:22.029;0:50.937;0:33.362;241.6;George RICHARDSON;;
66;1;16;1:46.614;0;;21.176;0;51.971;0;33.467;0;141.2;50:08.660;11:50;0:21.176;0:51.971;0:33.467;258.0;George RICHARDSON;;
66;1;17;1:47.979;0;;21.332;0;53.159;0;33.488;0;139.4;51:56.639;11:51;0:21.332;0:53.159;0:33.488;253.8;George RICHARDSON;;
66;1;18;1:44.553;0;;21.376;0;50.319;0;32.858;0;144.0;53:41.192;11:53;0:21.376;0:50.319;0:32.858;250.9;George RICHARDSON;;
66;1;19;1:45.038;0;;21.062;1;50.100;0;33.876;0;143.3;55:26.230;11:55;0:21.062;0:50.100;0:33.876;258.0;George RICHARDSON;;
66;1;20;1:44.150;0;;21.683;0;49.686;1;32.781;1;144.6;57:10.380;11:57;0:21.683;0:49.686;0:32.781;222.5;George RICHARDSON;;
66;1;21;1:57.008;0;B;21.065;0;50.398;0;45.545;0;128.7;59:07.388;11:59;0:21.065;0:50.398;0:45.545;261.0;George RICHARDSON;;
66;0;22;3:51.854;0;;2:24.708;0;53.043;0;34.103;0;64.9;1:02:59.242;12:02;2:24.708;0:53.043;0:34.103;;Daniel McKENZIE;0:02:01.395;
66;0;23;1:48.287;0;;22.744;0;51.375;0;34.168;0;139.0;1:04:47.529;12:04;0:22.744;0:51.375;0:34.168;217.3;Daniel McKENZIE;;
66;0;24;1:46.216;0;;22.179;0;50.862;0;33.175;0;141.7;1:06:33.745;12:06;0:22.179;0:50.862;0:33.175;233.9;Daniel McKENZIE;;
66;0;25;1:44.147;0;;21.493;0;49.793;0;32.861;0;144.6;1:08:17.892;12:08;0:21.493;0:49.793;0:32.861;252.7;Daniel McKENZIE;;
66;0;26;1:55.300;0;B;22.260;0;50.014;0;43.026;0;130.6;1:10:13.192;12:10;0:22.260;0:50.014;0:43.026;216.4;Daniel McKENZIE;;
66;0;27;13:51.064;0;;12:27.532;0;50.741;0;32.791;0;18.1;1:24:04.256;12:24;12:27.532;0:50.741;0:32.791;;Daniel McKENZIE;0:12:04.793;
66;0;28;1:45.453;0;;22.260;0;50.833;0;32.360;0;142.8;1:25:49.709;12:25;0:22.260;0:50.833;0:32.360;256.8;Daniel McKENZIE;;
66;0;29;1:44.887;0;;21.276;0;50.537;0;33.074;0;143.5;1:27:34.596;12:27;0:21.276;0:50.537;0:33.074;255.6;Daniel McKENZIE;;
66;0;30;1:43.866;0;;21.370;0;50.064;0;32.432;0;144.9;1:29:18.462;12:29;0:21.370;0:50.064;0:32.432;243.7;Daniel McKENZIE;;
66;0;31;1:42.571;0;;20.847;0;49.582;1;32.142;1;146.8;1:31:01.033;12:31;0:20.847;0:49.582;0:32.142;261.0;Daniel McKENZIE;;
66;0;32;1:52.279;0;B;20.826;1;50.379;0;41.074;0;134.1;1:32:53.312;12:32;0:20.826;0:50.379;0:41.074;261.0;Daniel McKENZIE;;
66;2;33;3:15.707;0;;1:53.250;0;50.105;0;32.352;0;76.9;1:36:09.019;12:36;1:53.250;0:50.105;0:32.352;;Daniel ZAMPIERI;0:01:31.335;
66;2;34;1:50.152;0;;20.861;0;55.545;0;33.746;0;136.7;1:37:59.171;12:37;0:20.861;0:55.545;0:33.746;264.2;Daniel ZAMPIERI;;
66;2;35;1:41.980;2;;20.863;0;49.019;0;32.098;2;147.6;1:39:41.151;12:39;0:20.863;0:49.019;0:32.098;261.7;Daniel ZAMPIERI;;
66;2;36;1:42.398;0;;20.658;2;48.645;2;33.095;0;147.0;1:41:23.549;12:41;0:20.658;0:48.645;0:33.095;267.4;Daniel ZAMPIERI;;
66;2;37;2:21.099;0;B;25.753;0;59.176;0;56.170;0;106.7;1:43:44.648;12:43;0:25.753;0:59.176;0:56.170;192.3;Daniel ZAMPIERI;;
67;2;1;2:29.960;0;;51.371;0;1:02.405;0;36.184;0;100.4;2:29.960;11:02;0:51.371;1:02.405;0:36.184;;Eric HELARY;0:00:25.256;
67;2;2;1:49.987;0;;22.723;0;53.362;0;33.902;0;136.9;4:19.947;11:04;0:22.723;0:53.362;0:33.902;244.8;Eric HELARY;;
67;2;3;1:49.536;0;;22.585;0;52.850;0;34.101;0;137.4;6:09.483;11:06;0:22.585;0:52.850;0:34.101;244.3;Eric HELARY;;
67;2;4;1:49.793;0;;22.476;0;52.790;0;34.527;0;137.1;7:59.276;11:07;0:22.476;0:52.790;0:34.527;254.4;Eric HELARY;;
67;2;5;2:08.174;0;B;23.360;0;57.783;0;47.031;0;117.5;10:07.450;11:10;0:23.360;0:57.783;0:47.031;252.7;Eric HELARY;;
67;0;6;5:14.974;0;;3:32.579;0;1:04.747;0;37.648;0;47.8;15:22.424;11:15;3:32.579;1:04.747;0:37.648;;Erik MARIS;0:03:07.014;
67;0;7;2:04.266;0;;24.426;0;1:01.541;0;38.299;0;121.2;17:26.690;11:17;0:24.426;1:01.541;0:38.299;219.0;Erik MARIS;;
67;0;8;2:00.943;0;;24.548;0;1:00.121;0;36.274;0;124.5;19:27.633;11:19;0:24.548;1:00.121;0:36.274;214.3;Erik MARIS;;
67;0;9;2:12.083;0;B;23.725;0;58.255;0;50.103;0;114.0;21:39.716;11:21;0:23.725;0:58.255;0:50.103;234.4;Erik MARIS;;
67;1;10;28:16.259;0;;26:30.156;0;1:05.883;0;40.220;0;8.9;49:55.975;11:49;26:30.156;1:05.883;0:40.220;;Jean-Marc MERLIN;0:25:59.334;
67;1;11;2:00.597;0;;24.757;0;58.525;0;37.315;0;124.8;51:56.572;11:51;0:24.757;0:58.525;0:37.315;210.6;Jean-Marc MERLIN;;
67;1;12;1:59.019;0;;24.460;0;57.557;0;37.002;0;126.5;53:55.591;11:53;0:24.460;0:57.557;0:37.002;196.0;Jean-Marc MERLIN;;
67;1;13;2:12.377;0;B;24.252;0;57.338;0;50.787;0;113.7;56:07.968;11:56;0:24.252;0:57.338;0:50.787;216.9;Jean-Marc MERLIN;;
67;2;14;3:39.946;0;;2:10.221;0;53.419;0;36.306;0;68.4;59:47.914;11:59;2:10.221;0:53.419;0:36.306;;Eric HELARY;0:01:46.067;
67;2;15;1:42.901;2;;21.175;0;49.151;2;32.575;2;146.3;1:01:30.815;12:01;0:21.175;0:49.151;0:32.575;261.0;Eric HELARY;;
67;2;16;1:47.160;0;;21.110;2;50.119;0;35.931;0;140.5;1:03:17.975;12:03;0:21.110;0:50.119;0:35.931;253.2;Eric HELARY;;
67;2;17;1:57.696;0;B;21.892;0;51.747;0;44.057;0;127.9;1:05:15.671;12:05;0:21.892;0:51.747;0:44.057;261.7;Eric HELARY;;
67;0;18;3:34.529;0;;1:58.506;0;58.529;0;37.494;0;70.2;1:08:50.200;12:08;1:58.506;0:58.529;0:37.494;;Erik MARIS;0:01:35.191;
67;0;19;2:11.230;0;B;25.076;0;57.017;0;49.137;0;114.7;1:11:01.430;12:11;0:25.076;0:57.017;0:49.137;213.9;Erik MARIS;;
67;0;20;14:05.578;0;;12:33.281;0;56.825;0;35.472;0;17.8;1:25:07.008;12:25;12:33.281;0:56.825;0:35.472;;Erik MARIS;0:12:09.826;
67;0;21;1:51.650;0;;22.798;0;54.160;0;34.692;0;134.8;1:26:58.658;12:26;0:22.798;0:54.160;0:34.692;239.0;Erik MARIS;;
67;0;22;1:50.868;0;;22.253;0;53.463;0;35.152;0;135.8;1:28:49.526;12:28;0:22.253;0:53.463;0:35.152;254.4;Erik MARIS;;
67;0;23;1:50.523;0;;22.424;0;53.937;0;34.162;1;136.2;1:30:40.049;12:30;0:22.424;0:53.937;0:34.162;225.7;Erik MARIS;;
67;0;24;1:50.259;0;;22.732;0;53.268;0;34.259;0;136.5;1:32:30.308;12:32;0:22.732;0:53.268;0:34.259;234.4;Erik MARIS;;
67;0;25;1:57.128;0;B;21.959;1;53.137;1;42.032;0;128.5;1:34:27.436;12:34;0:21.959;0:53.137;0:42.032;253.2;Erik MARIS;;
67;1;26;3:56.563;0;;2:24.441;0;57.121;0;35.001;0;63.6;1:38:23.999;12:38;2:24.441;0:57.121;0:35.001;;Jean-Marc MERLIN;0:01:58.190;
67;1;27;1:50.786;0;;22.746;0;53.156;1;34.884;1;135.9;1:40:14.785;12:40;0:22.746;0:53.156;0:34.884;237.9;Jean-Marc MERLIN;;
67;1;28;2:14.217;0;B;22.324;1;52.986;0;58.907;0;112.2;1:42:29.002;12:42;0:22.324;0:52.986;0:58.907;233.4;Jean-Marc MERLIN;;
70;1;1;2:57.598;0;;1:21.872;0;58.918;0;36.808;0;84.8;2:57.598;11:02;1:21.872;0:58.918;0:36.808;;Emmanuel COLLARD;0:00:54.369;
70;1;2;1:52.708;0;;23.679;0;53.992;0;35.037;0;133.6;4:50.306;11:04;0:23.679;0:53.992;0:35.037;211.4;Emmanuel COLLARD;;
70;1;3;1:50.021;0;;22.613;0;52.738;0;34.670;0;136.8;6:40.327;11:06;0:22.613;0:52.738;0:34.670;241.6;Emmanuel COLLARD;;
70;1;4;1:49.328;0;;22.670;0;52.571;0;34.087;0;137.7;8:29.655;11:08;0:22.670;0:52.571;0:34.087;247.6;Emmanuel COLLARD;;
70;1;5;1:50.782;0;;22.766;0;53.366;0;34.650;0;135.9;10:20.437;11:10;0:22.766;0:53.366;0:34.650;252.7;Emmanuel COLLARD;;
70;1;6;1:50.292;0;;22.530;0;53.123;0;34.639;0;136.5;12:10.729;11:12;0:22.530;0:53.123;0:34.639;246.4;Emmanuel COLLARD;;
70;1;7;2:00.984;0;B;23.262;0;53.921;0;43.801;0;124.4;14:11.713;11:14;0:23.262;0:53.921;0:43.801;248.7;Emmanuel COLLARD;;
70;2;8;4:02.843;0;;2:27.787;0;58.874;0;36.182;0;62.0;18:14.556;11:18;2:27.787;0:58.874;0:36.182;;Yannick MALLEGOL;0:02:02.518;
70;2;9;1:55.680;0;;23.593;0;56.168;0;35.919;0;130.1;20:10.236;11:20;0:23.593;0:56.168;0:35.919;215.2;Yannick MALLEGOL;;
70;2;10;2:09.660;0;B;23.505;0;58.543;0;47.612;0;116.1;22:19.896;11:22;0:23.505;0:58.543;0:47.612;220.8;Yannick MALLEGOL;;
70;1;11;13:23.754;0;;11:48.698;0;58.656;0;36.400;0;18.7;35:43.650;11:35;11:48.698;0:58.656;0:36.400;;Emmanuel COLLARD;0:11:19.435;
70;1;12;1:54.136;0;;23.793;0;55.028;0;35.315;0;131.9;37:37.786;11:37;0:23.793;0:55.028;0:35.315;194.3;Emmanuel COLLARD;;
70;1;13;1:55.663;0;;23.950;0;55.222;0;36.491;0;130.2;39:33.449;11:39;0:23.950;0:55.222;0:36.491;197.8;Emmanuel COLLARD;;
70;1;14;1:53.282;0;;23.230;0;54.251;0;35.801;0;132.9;41:26.731;11:41;0:23.230;0:54.251;0:35.801;218.6;Emmanuel COLLARD;;
70;1;15;2:02.117;0;B;23.764;0;55.208;0;43.145;0;123.3;43:28.848;11:43;0:23.764;0:55.208;0:43.145;221.6;Emmanuel COLLARD;;
70;1;16;4:15.544;0;;2:52.761;0;50.638;0;32.145;0;58.9;47:44.392;11:47;2:52.761;0:50.638;0:32.145;;Emmanuel COLLARD;0:02:29.963;
70;1;17;1:42.520;0;;21.778;0;48.884;0;31.858;0;146.9;49:26.912;11:49;0:21.778;0:48.884;0:31.858;253.2;Emmanuel COLLARD;;
70;1;18;1:41.417;0;;20.940;0;48.807;0;31.670;2;148.4;51:08.329;11:51;0:20.940;0:48.807;0:31.670;257.4;Emmanuel COLLARD;;
70;1;19;1:43.619;0;;21.499;0;49.654;0;32.466;0;145.3;52:51.948;11:52;0:21.499;0:49.654;0:32.466;254.4;Emmanuel COLLARD;;
70;1;20;1:41.349;0;;20.941;0;48.554;0;31.854;0;148.5;54:33.297;11:54;0:20.941;0:48.554;0:31.854;261.7;Emmanuel COLLARD;;
70;1;21;1:41.465;0;;20.752;0;48.840;0;31.873;0;148.4;56:14.762;11:56;0:20.752;0:48.840;0:31.873;263.5;Emmanuel COLLARD;;
70;1;22;1:40.714;2;;20.634;2;48.157;2;31.923;0;149.5;57:55.476;11:57;0:20.634;0:48.157;0:31.923;261.0;Emmanuel COLLARD;;
70;1;23;1:49.207;0;B;21.675;0;48.498;0;39.034;0;137.9;59:44.683;11:59;0:21.675;0:48.498;0:39.034;261.0;Emmanuel COLLARD;;
70;0;24;4:19.981;0;;2:55.161;0;51.312;0;33.508;0;57.9;1:04:04.664;12:04;2:55.161;0:51.312;0:33.508;;François PERRODO;0:02:32.544;
70;0;25;1:45.221;0;;21.474;0;50.680;0;33.067;0;143.1;1:05:49.885;12:05;0:21.474;0:50.680;0:33.067;237.4;François PERRODO;;
70;0;26;1:44.074;0;;21.504;0;49.948;1;32.622;0;144.7;1:07:33.959;12:07;0:21.504;0:49.948;0:32.622;244.8;François PERRODO;;
70;0;27;1:44.133;0;;21.300;1;50.354;0;32.479;1;144.6;1:09:18.092;12:09;0:21.300;0:50.354;0:32.479;252.1;François PERRODO;;
70;0;28;2:14.327;0;B;26.061;0;51.549;0;56.717;0;112.1;1:11:32.419;12:11;0:26.061;0:51.549;0:56.717;156.9;François PERRODO;;
70;2;29;13:01.817;0;;11:21.334;0;1:03.929;0;36.554;0;19.3;1:24:34.236;12:24;11:21.334;1:03.929;0:36.554;;Yannick MALLEGOL;0:10:55.946;
70;2;30;1:53.948;0;;24.052;0;55.150;0;34.746;0;132.1;1:26:28.184;12:26;0:24.052;0:55.150;0:34.746;222.1;Yannick MALLEGOL;;
70;2;31;1:49.797;0;;23.003;0;51.391;0;35.403;0;137.1;1:28:17.981;12:28;0:23.003;0:51.391;0:35.403;226.7;Yannick MALLEGOL;;
70;2;32;1:49.390;0;;23.546;0;51.933;0;33.911;0;137.6;1:30:07.371;12:30;0:23.546;0:51.933;0:33.911;219.0;Yannick MALLEGOL;;
70;2;33;1:45.381;0;;22.001;0;50.336;0;33.044;0;142.9;1:31:52.752;12:31;0:22.001;0:50.336;0:33.044;242.1;Yannick MALLEGOL;;
70;2;34;1:44.509;0;;21.884;0;50.031;0;32.594;0;144.1;1:33:37.261;12:33;0:21.884;0:50.031;0:32.594;232.4;Yannick MALLEGOL;;
70;2;35;1:43.734;0;;21.421;0;49.620;0;32.693;0;145.1;1:35:20.995;12:35;0:21.421;0:49.620;0:32.693;249.8;Yannick MALLEGOL;;
70;2;36;1:43.962;0;;22.025;0;49.693;0;32.244;0;144.8;1:37:04.957;12:37;0:22.025;0:49.693;0:32.244;232.9;Yannick MALLEGOL;;
70;2;37;1:43.306;0;;21.344;0;49.239;1;32.723;0;145.7;1:38:48.263;12:38;0:21.344;0:49.239;0:32.723;250.4;Yannick MALLEGOL;;
70;2;38;1:42.493;0;;21.186;0;49.262;0;32.045;1;146.9;1:40:30.756;12:40;0:21.186;0:49.262;0:32.045;251.5;Yannick MALLEGOL;;
70;2;39;2:09.596;0;B;21.015;1;52.992;0;55.589;0;116.2;1:42:40.352;12:42;0:21.015;0:52.992;0:55.589;256.2;Yannick MALLEGOL;;
71;2;1;4:21.999;0;;2:49.250;0;56.136;0;36.613;0;57.5;4:21.999;11:04;2:49.250;0:56.136;0:36.613;;Luca PERSIANI;0:02:24.015;
71;2;2;1:52.635;0;;23.046;1;54.335;1;35.254;1;133.7;6:14.634;11:06;0:23.046;0:54.335;0:35.254;255.0;Luca PERSIANI;;
71;2;3;1:53.477;0;;23.187;0;54.818;0;35.472;0;132.7;8:08.111;11:08;0:23.187;0:54.818;0:35.472;258.0;Luca PERSIANI;;
71;2;4;2:05.532;0;B;23.526;0;55.113;0;46.893;0;119.9;10:13.643;11:10;0:23.526;0:55.113;0:46.893;249.8;Luca PERSIANI;;
71;2;5;4:47.607;0;;3:16.208;0;55.687;0;35.712;0;52.3;15:01.250;11:15;3:16.208;0:55.687;0:35.712;;Luca PERSIANI;0:02:52.514;
71;2;6;2:10.988;0;B;23.305;0;56.813;0;50.870;0;114.9;17:12.238;11:17;0:23.305;0:56.813;0:50.870;244.8;Luca PERSIANI;;
71;2;7;20:12.975;0;;18:38.411;0;56.959;0;37.605;0;12.4;37:25.213;11:37;18:38.411;0:56.959;0:37.605;;Luca PERSIANI;0:18:09.817;
71;2;8;2:06.819;0;;26.410;0;1:00.002;0;40.407;0;118.7;39:32.032;11:39;0:26.410;1:00.002;0:40.407;190.3;Luca PERSIANI;;
71;2;9;2:15.640;0;B;27.326;0;1:00.807;0;47.507;0;111.0;41:47.672;11:41;0:27.326;1:00.807;0:47.507;190.3;Luca PERSIANI;;
71;1;10;4:13.582;0;;2:43.937;0;54.044;1;35.601;1;59.4;46:01.254;11:46;2:43.937;0:54.044;0:35.601;;Aleksey BASOV;0:02:20.428;
71;1;11;1:53.979;0;;23.425;0;54.158;0;36.396;0;132.1;47:55.233;11:47;0:23.425;0:54.158;0:36.396;228.1;Aleksey BASOV;;
71;1;12;1:55.313;0;;23.788;0;55.667;0;35.858;0;130.6;49:50.546;11:49;0:23.788;0:55.667;0:35.858;240.5;Aleksey BASOV;;
71;1;13;1:54.011;0;;23.551;0;54.432;0;36.028;0;132.1;51:44.557;11:51;0:23.551;0:54.432;0:36.028;227.6;Aleksey BASOV;;
71;1;14;2:01.190;0;B;23.291;1;54.850;0;43.049;0;124.2;53:45.747;11:53;0:23.291;0:54.850;0:43.049;245.3;Aleksey BASOV;;
71;0;15;9:28.525;0;;7:59.435;0;53.942;0;35.148;0;26.5;1:03:14.272;12:03;7:59.435;0:53.942;0:35.148;;Kirill LADYGIN;0:07:35.253;
71;0;16;1:50.054;2;;22.498;2;52.738;2;34.818;0;136.8;1:05:04.326;12:05;0:22.498;0:52.738;0:34.818;251.5;Kirill LADYGIN;;
71;0;17;1:50.384;0;;22.662;0;52.986;0;34.736;0;136.4;1:06:54.710;12:06;0:22.662;0:52.986;0:34.736;256.2;Kirill LADYGIN;;
71;0;18;2:06.110;0;B;23.147;0;54.180;0;48.783;0;119.4;1:09:00.820;12:09;0:23.147;0:54.180;0:48.783;241.6;Kirill LADYGIN;;
71;0;19;15:51.376;0;;14:14.655;0;57.808;0;38.913;0;15.8;1:24:52.196;12:24;14:14.655;0:57.808;0:38.913;;Kirill LADYGIN;0:13:50.585;
71;0;20;1:50.587;0;;22.553;0;53.441;0;34.593;2;136.1;1:26:42.783;12:26;0:22.553;0:53.441;0:34.593;239.0;Kirill LADYGIN;;
71;0;21;2:03.608;0;B;23.187;0;54.720;0;45.701;0;121.8;1:28:46.391;12:28;0:23.187;0:54.720;0:45.701;228.1;Kirill LADYGIN;;
72;0;1;4:15.182;0;;2:43.360;0;56.311;0;35.511;0;59.0;4:15.182;11:04;2:43.360;0:56.311;0:35.511;;Andrea BERTOLINI;0:02:17.884;
72;0;2;1:50.460;0;;23.052;0;52.952;0;34.456;0;136.3;6:05.642;11:06;0:23.052;0:52.952;0:34.456;232.4;Andrea BERTOLINI;;
72;0;3;1:51.037;0;;23.413;0;53.246;0;34.378;0;135.6;7:56.679;11:07;0:23.413;0:53.246;0:34.378;250.4;Andrea BERTOLINI;;
72;0;4;2:00.442;0;B;23.436;0;54.024;0;42.982;0;125.0;9:57.121;11:09;0:23.436;0:54.024;0:42.982;245.3;Andrea BERTOLINI;;
72;0;5;4:41.714;0;;2:57.389;0;1:01.844;0;42.481;0;53.4;14:38.835;11:14;2:57.389;1:01.844;0:42.481;;Andrea BERTOLINI;0:02:33.193;
72;0;6;1:50.302;0;;23.060;0;53.077;0;34.165;0;136.5;16:29.137;11:16;0:23.060;0:53.077;0:34.165;248.7;Andrea BERTOLINI;;
72;0;7;2:02.225;0;B;24.050;0;55.113;0;43.062;0;123.2;18:31.362;11:18;0:24.050;0:55.113;0:43.062;207.5;Andrea BERTOLINI;;
72;2;8;4:10.292;0;B;2:17.616;0;58.490;0;54.186;0;60.2;22:41.654;11:22;2:17.616;0:58.490;0:54.186;;Sergey ZLOBIN;0:01:55.288;
72;2;9;13:01.982;0;;11:32.832;0;54.831;0;34.319;0;19.3;35:43.636;11:35;11:32.832;0:54.831;0:34.319;;Sergey ZLOBIN;0:11:10.824;
72;2;10;1:50.067;0;;22.536;0;53.431;0;34.100;0;136.8;37:33.703;11:37;0:22.536;0:53.431;0:34.100;240.5;Sergey ZLOBIN;;
72;2;11;1:51.084;0;;23.063;0;53.278;0;34.743;0;135.5;39:24.787;11:39;0:23.063;0:53.278;0:34.743;228.5;Sergey ZLOBIN;;
72;2;12;1:50.334;0;;22.600;0;53.153;0;34.581;0;136.5;41:15.121;11:41;0:22.600;0:53.153;0:34.581;233.9;Sergey ZLOBIN;;
72;2;13;1:58.281;0;B;22.187;0;53.065;0;43.029;0;127.3;43:13.402;11:43;0:22.187;0:53.065;0:43.029;247.6;Sergey ZLOBIN;;
72;1;14;4:41.221;0;;3:06.290;0;57.240;0;37.691;0;53.5;47:54.623;11:47;3:06.290;0:57.240;0:37.691;;Viktor SHAITAR;0:02:41.878;
72;1;15;1:54.163;0;;25.015;0;54.012;0;35.136;0;131.9;49:48.786;11:49;0:25.015;0:54.012;0:35.136;210.6;Viktor SHAITAR;;
72;1;16;1:49.627;0;;22.758;0;52.646;0;34.223;1;137.3;51:38.413;11:51;0:22.758;0:52.646;0:34.223;230.0;Viktor SHAITAR;;
72;1;17;1:58.284;0;B;22.493;1;52.333;1;43.458;0;127.3;53:36.697;11:53;0:22.493;0:52.333;0:43.458;236.9;Viktor SHAITAR;;
72;0;18;14:28.294;0;;12:46.385;0;1:06.637;0;35.272;0;17.3;1:08:04.991;12:08;12:46.385;1:06.637;0:35.272;;Andrea BERTOLINI;0:12:22.018;
72;0;19;1:39.647;0;;20.713;0;47.836;0;31.098;0;151.1;1:09:44.638;12:09;0:20.713;0:47.836;0:31.098;256.2;Andrea BERTOLINI;;
72;0;20;2:07.840;0;B;23.389;0;55.730;0;48.721;0;117.8;1:11:52.478;12:11;0:23.389;0:55.730;0:48.721;230.9;Andrea BERTOLINI;;
72;0;21;12:05.033;0;;10:39.337;0;51.350;0;34.346;0;20.8;1:23:57.511;12:23;10:39.337;0:51.350;0:34.346;;Andrea BERTOLINI;0:10:18.104;
72;0;22;1:43.770;0;;20.736;0;50.697;0;32.337;0;145.1;1:25:41.281;12:25;0:20.736;0:50.697;0:32.337;263.5;Andrea BERTOLINI;;
72;0;23;1:39.162;2;;20.604;0;47.656;0;30.902;2;151.8;1:27:20.443;12:27;0:20.604;0:47.656;0:30.902;259.2;Andrea BERTOLINI;;
72;0;24;1:43.810;0;;20.260;2;48.641;0;34.909;0;145.0;1:29:04.253;12:29;0:20.260;0:48.641;0:34.909;266.7;Andrea BERTOLINI;;
72;0;25;1:46.959;0;B;20.383;0;47.621;2;38.955;0;140.8;1:30:51.212;12:30;0:20.383;0:47.621;0:38.955;266.7;Andrea BERTOLINI;;
72;2;26;3:37.339;0;;2:14.582;0;50.683;0;32.074;0;69.3;1:34:28.551;12:34;2:14.582;0:50.683;0:32.074;;Sergey ZLOBIN;0:01:53.859;
72;2;27;1:41.590;0;;20.730;1;49.335;1;31.525;1;148.2;1:36:10.141;12:36;0:20.730;0:49.335;0:31.525;261.7;Sergey ZLOBIN;;
72;2;28;1:43.242;0;;20.897;0;50.320;0;32.025;0;145.8;1:37:53.383;12:37;0:20.897;0:50.320;0:32.025;253.8;Sergey ZLOBIN;;
72;2;29;1:50.758;0;B;20.961;0;50.621;0;39.176;0;135.9;1:39:44.141;12:39;0:20.961;0:50.621;0:39.176;265.4;Sergey ZLOBIN;;
72;2;30;3:03.782;0;B;1:26.803;0;50.116;0;46.863;0;81.9;1:42:47.923;12:42;1:26.803;0:50.116;0:46.863;;Sergey ZLOBIN;0:01:07.330;
73;1;1;2:47.151;0;;1:13.323;0;57.914;0;35.914;0;90.1;2:47.151;11:02;1:13.323;0:57.914;0:35.914;;David MARKOZOV;0:00:44.908;
73;1;2;1:55.109;0;;23.986;0;55.263;0;35.860;0;130.8;4:42.260;11:04;0:23.986;0:55.263;0:35.860;236.4;David MARKOZOV;;
73;1;3;2:05.062;0;B;23.576;0;55.159;0;46.327;0;120.4;6:47.322;11:06;0:23.576;0:55.159;0:46.327;246.4;David MARKOZOV;;
73;1;4;4:09.592;0;;2:39.427;0;54.798;0;35.367;0;60.3;10:56.914;11:10;2:39.427;0:54.798;0:35.367;;David MARKOZOV;0:02:15.897;
73;1;5;1:54.195;0;;24.125;0;54.553;0;35.517;0;131.8;12:51.109;11:12;0:24.125;0:54.553;0:35.517;233.9;David MARKOZOV;;
73;1;6;1:54.766;0;;23.784;0;55.090;0;35.892;0;131.2;14:45.875;11:14;0:23.784;0:55.090;0:35.892;249.2;David MARKOZOV;;
73;1;7;1:54.786;0;;23.757;0;55.065;0;35.964;0;131.2;16:40.661;11:16;0:23.757;0:55.065;0:35.964;235.4;David MARKOZOV;;
73;1;8;2:05.341;0;B;24.609;0;55.769;0;44.963;0;120.1;18:46.002;11:18;0:24.609;0:55.769;0:44.963;244.3;David MARKOZOV;;
73;1;9;16:25.609;0;;14:56.494;0;53.191;0;35.924;0;15.3;35:11.611;11:35;14:56.494;0:53.191;0:35.924;;David MARKOZOV;0:14:32.908;
73;1;10;1:51.424;0;;23.593;0;52.814;0;35.017;0;135.1;37:03.035;11:37;0:23.593;0:52.814;0:35.017;215.6;David MARKOZOV;;
73;1;11;1:50.009;2;;22.772;2;52.434;2;34.803;2;136.9;38:53.044;11:38;0:22.772;0:52.434;0:34.803;255.0;David MARKOZOV;;
73;1;12;2:03.368;0;B;24.469;0;54.495;0;44.404;0;122.0;40:56.412;11:40;0:24.469;0:54.495;0:44.404;249.2;David MARKOZOV;;
73;2;13;4:23.568;0;;2:52.165;0;55.468;0;35.935;0;57.1;45:19.980;11:45;2:52.165;0:55.468;0:35.935;;Anton LADYGIN;0:02:29.215;
73;2;14;1:52.574;0;;23.083;0;54.192;0;35.299;1;133.7;47:12.554;11:47;0:23.083;0:54.192;0:35.299;250.4;Anton LADYGIN;;
73;2;15;1:53.280;0;;23.539;0;53.941;1;35.800;0;132.9;49:05.834;11:49;0:23.539;0:53.941;0:35.800;258.6;Anton LADYGIN;;
73;2;16;1:54.293;0;;22.923;0;55.071;0;36.299;0;131.7;51:00.127;11:51;0:22.923;0:55.071;0:36.299;248.1;Anton LADYGIN;;
73;2;17;2:01.868;0;B;22.782;1;53.945;0;45.141;0;123.5;53:01.995;11:53;0:22.782;0:53.945;0:45.141;247.6;Anton LADYGIN;;
75;2;1;2:31.043;0;B;46.960;0;56.331;0;47.752;0;99.7;2:31.043;11:02;0:46.960;0:56.331;0:47.752;;Maxime SOULET;0:00:19.621;
75;2;2;5:06.233;0;;3:34.592;0;55.802;0;35.839;0;49.2;7:37.276;11:07;3:34.592;0:55.802;0:35.839;;Maxime SOULET;0:03:12.887;
75;2;3;2:04.953;0;B;24.119;0;55.992;0;44.842;0;120.5;9:42.229;11:09;0:24.119;0:55.992;0:44.842;239.5;Maxime SOULET;;
75;2;4;26:34.446;0;;25:09.714;0;51.630;0;33.102;0;9.4;36:16.675;11:36;25:09.714;0:51.630;0:33.102;;Maxime SOULET;0:24:48.231;
75;2;5;1:45.328;0;;22.520;0;50.093;0;32.715;0;142.9;38:02.003;11:38;0:22.520;0:50.093;0:32.715;256.2;Maxime SOULET;;
75;2;6;1:45.136;0;;22.175;0;50.026;0;32.935;0;143.2;39:47.139;11:39;0:22.175;0:50.026;0:32.935;251.5;Maxime SOULET;;
75;2;7;1:45.667;0;;22.106;0;50.386;0;33.175;0;142.5;41:32.806;11:41;0:22.106;0:50.386;0:33.175;234.4;Maxime SOULET;;
75;2;8;1:45.121;0;;21.335;0;51.074;0;32.712;0;143.2;43:17.927;11:43;0:21.335;0:51.074;0:32.712;260.4;Maxime SOULET;;
75;2;9;1:44.878;0;;22.274;0;49.972;0;32.632;0;143.5;45:02.805;11:45;0:22.274;0:49.972;0:32.632;235.9;Maxime SOULET;;
75;2;10;1:43.639;0;;21.418;0;49.763;0;32.458;0;145.3;46:46.444;11:46;0:21.418;0:49.763;0:32.458;249.8;Maxime SOULET;;
75;2;11;1:43.205;2;;21.266;0;49.606;0;32.333;2;145.9;48:29.649;11:48;0:21.266;0:49.606;0:32.333;261.7;Maxime SOULET;;
75;2;12;1:43.298;0;;21.246;1;49.371;2;32.681;0;145.7;50:12.947;11:50;0:21.246;0:49.371;0:32.681;261.0;Maxime SOULET;;
75;2;13;1:51.372;0;B;21.693;0;50.049;0;39.630;0;135.2;52:04.319;11:52;0:21.693;0:50.049;0:39.630;262.3;Maxime SOULET;;
75;0;14;5:02.167;0;;3:32.463;0;52.557;0;37.147;0;49.8;57:06.486;11:57;3:32.463;0:52.557;0:37.147;;Max VAN SPLUNTEREN;0:03:09.076;
75;0;15;1:49.161;0;;22.312;0;51.656;0;35.193;0;137.9;58:55.647;11:58;0:22.312;0:51.656;0:35.193;219.9;Max VAN SPLUNTEREN;;
75;0;16;1:44.982;0;;21.891;0;50.264;0;32.827;1;143.4;1:00:40.629;12:00;0:21.891;0:50.264;0:32.827;234.4;Max VAN SPLUNTEREN;;
75;0;17;1:45.164;0;;21.391;0;50.693;0;33.080;0;143.2;1:02:25.793;12:02;0:21.391;0:50.693;0:33.080;253.8;Max VAN SPLUNTEREN;;
75;0;18;1:45.802;0;;22.036;0;49.782;1;33.984;0;142.3;1:04:11.595;12:04;0:22.036;0:49.782;0:33.984;255.0;Max VAN SPLUNTEREN;;
75;0;19;1:45.450;0;;22.155;0;50.029;0;33.266;0;142.8;1:05:57.045;12:05;0:22.155;0:50.029;0:33.266;240.0;Max VAN SPLUNTEREN;;
75;0;20;1:47.006;0;;23.076;0;51.055;0;32.875;0;140.7;1:07:44.051;12:07;0:23.076;0:51.055;0:32.875;249.8;Max VAN SPLUNTEREN;;
75;0;21;1:44.501;0;;21.005;2;49.941;0;33.555;0;144.1;1:09:28.552;12:09;0:21.005;0:49.941;0:33.555;261.7;Max VAN SPLUNTEREN;;
75;0;22;2:08.653;0;B;22.507;0;52.248;0;53.898;0;117.0;1:11:37.205;12:11;0:22.507;0:52.248;0:53.898;231.9;Max VAN SPLUNTEREN;;
75;1;23;13:15.419;0;;11:40.087;0;56.478;0;38.854;0;18.9;1:24:52.624;12:24;11:40.087;0:56.478;0:38.854;;Gilles VANNELET;0:11:16.381;
75;1;24;1:53.074;0;;23.771;0;54.294;0;35.009;0;133.1;1:26:45.698;12:26;0:23.771;0:54.294;0:35.009;210.2;Gilles VANNELET;;
75;1;25;1:48.601;0;;22.522;0;51.915;0;34.164;0;138.6;1:28:34.299;12:28;0:22.522;0:51.915;0:34.164;252.1;Gilles VANNELET;;
75;1;26;1:49.496;0;;23.552;0;51.525;0;34.419;0;137.5;1:30:23.795;12:30;0:23.552;0:51.525;0:34.419;228.5;Gilles VANNELET;;
75;1;27;1:46.511;0;;22.021;0;50.414;0;34.076;0;141.3;1:32:10.306;12:32;0:22.021;0:50.414;0:34.076;242.1;Gilles VANNELET;;
75;1;28;1:50.987;0;;22.021;0;52.496;0;36.470;0;135.6;1:34:01.293;12:34;0:22.021;0:52.496;0:36.470;254.4;Gilles VANNELET;;
75;1;29;1:46.455;0;;21.701;0;51.447;0;33.307;0;141.4;1:35:47.748;12:35;0:21.701;0:51.447;0:33.307;257.4;Gilles VANNELET;;
75;1;30;1:46.172;0;;22.573;0;50.668;0;32.931;1;141.8;1:37:33.920;12:37;0:22.573;0:50.668;0:32.931;256.2;Gilles VANNELET;;
75;1;31;1:45.023;0;;21.199;0;50.631;0;33.193;0;143.4;1:39:18.943;12:39;0:21.199;0:50.631;0:33.193;255.6;Gilles VANNELET;;
75;1;32;4:01.537;0;B;21.145;1;50.297;1;2:50.095;0;62.3;1:43:20.480;12:43;0:21.145;0:50.297;2:50.095;257.4;Gilles VANNELET;;
76;0;1;3:07.949;0;B;1:08.468;0;1:09.931;0;49.550;0;80.1;3:07.949;11:03;1:08.468;1:09.931;0:49.550;;Raymond NARAC;0:00:40.080;
76;0;2;3:29.916;0;;1:55.013;0;58.994;0;35.909;0;71.7;6:37.865;11:06;1:55.013;0:58.994;0:35.909;;Raymond NARAC;0:01:29.731;
76;0;3;1:54.800;0;;25.033;0;55.300;0;34.467;0;131.1;8:32.665;11:08;0:25.033;0:55.300;0:34.467;199.6;Raymond NARAC;;
76;0;4;1:53.723;0;;23.618;0;55.987;0;34.118;0;132.4;10:26.388;11:10;0:23.618;0:55.987;0:34.118;212.3;Raymond NARAC;;
76;0;5;1:50.498;0;;23.001;0;53.223;0;34.274;0;136.2;12:16.886;11:12;0:23.001;0:53.223;0:34.274;222.1;Raymond NARAC;;
76;0;6;1:51.436;0;;23.626;0;53.174;0;34.636;0;135.1;14:08.322;11:14;0:23.626;0:53.174;0:34.636;229.0;Raymond NARAC;;
76;0;7;2:15.078;0;B;32.667;0;54.637;0;47.774;0;111.5;16:23.400;11:16;0:32.667;0:54.637;0:47.774;236.4;Raymond NARAC;;
76;2;8;5:10.462;0;B;3:04.881;0;1:09.620;0;55.961;0;48.5;21:33.862;11:21;3:04.881;1:09.620;0:55.961;;Christina NIELSEN;0:02:34.903;
76;2;9;14:42.348;0;;13:02.117;0;59.668;0;40.563;0;17.1;36:16.210;11:36;13:02.117;0:59.668;0:40.563;;Christina NIELSEN;0:12:36.023;
76;2;10;1:54.933;0;;24.256;0;54.023;0;36.654;0;131.0;38:11.143;11:38;0:24.256;0:54.023;0:36.654;231.9;Christina NIELSEN;;
76;2;11;2:07.800;0;B;24.269;0;53.812;0;49.719;0;117.8;40:18.943;11:40;0:24.269;0:53.812;0:49.719;220.8;Christina NIELSEN;;
76;2;12;3:16.556;0;;1:40.953;0;58.607;0;36.996;0;76.6;43:35.499;11:43;1:40.953;0:58.607;0:36.996;;Christina NIELSEN;0:01:12.615;
76;2;13;1:51.012;0;;22.737;0;51.894;0;36.381;0;135.6;45:26.511;11:45;0:22.737;0:51.894;0:36.381;248.7;Christina NIELSEN;;
76;2;14;1:54.567;0;;24.369;0;55.469;0;34.729;0;131.4;47:21.078;11:47;0:24.369;0:55.469;0:34.729;233.9;Christina NIELSEN;;
76;2;15;1:47.788;0;;22.055;0;51.933;0;33.800;0;139.7;49:08.866;11:49;0:22.055;0:51.933;0:33.800;258.6;Christina NIELSEN;;
76;2;16;1:49.524;0;;22.172;0;52.218;0;35.134;0;137.5;50:58.390;11:50;0:22.172;0:52.218;0:35.134;226.7;Christina NIELSEN;;
76;2;17;1:47.391;0;;21.914;0;51.793;0;33.684;0;140.2;52:45.781;11:52;0:21.914;0:51.793;0:33.684;233.9;Christina NIELSEN;;
76;2;18;1:45.749;0;;21.519;1;50.669;1;33.561;1;142.4;54:31.530;11:54;0:21.519;0:50.669;0:33.561;241.1;Christina NIELSEN;;
76;2;19;1:48.685;0;;21.619;0;52.551;0;34.515;0;138.5;56:20.215;11:56;0:21.619;0:52.551;0:34.515;250.9;Christina NIELSEN;;
76;2;20;1:48.261;0;;22.060;0;52.324;0;33.877;0;139.1;58:08.476;11:58;0:22.060;0:52.324;0:33.877;242.1;Christina NIELSEN;;
76;2;21;2:19.596;0;B;22.188;0;51.706;0;1:05.702;0;107.8;1:00:28.072;12:00;0:22.188;0:51.706;1:05.702;250.9;Christina NIELSEN;;
76;1;22;3:43.764;0;;2:21.164;0;50.203;0;32.397;0;67.3;1:04:11.836;12:04;2:21.164;0:50.203;0:32.397;;Nicolas ARMINDO;0:01:58.403;
76;1;23;1:45.294;0;;22.721;0;49.798;0;32.775;0;143.0;1:05:57.130;12:05;0:22.721;0:49.798;0:32.775;259.2;Nicolas ARMINDO;;
76;1;24;1:43.933;0;;22.682;0;49.445;0;31.806;0;144.9;1:07:41.063;12:07;0:22.682;0:49.445;0:31.806;259.8;Nicolas ARMINDO;;
76;1;25;1:42.648;0;;21.294;0;49.358;0;31.996;0;146.7;1:09:23.711;12:09;0:21.294;0:49.358;0:31.996;255.6;Nicolas ARMINDO;;
76;1;26;2:10.358;0;B;22.163;0;51.526;0;56.669;0;115.5;1:11:34.069;12:11;0:22.163;0:51.526;0:56.669;227.1;Nicolas ARMINDO;;
76;1;27;12:35.957;0;;11:10.604;0;52.676;0;32.677;0;19.9;1:24:10.026;12:24;11:10.604;0:52.676;0:32.677;;Nicolas ARMINDO;0:10:48.590;
76;1;28;1:42.059;0;;21.261;0;49.168;0;31.630;0;147.5;1:25:52.085;12:25;0:21.261;0:49.168;0:31.630;253.8;Nicolas ARMINDO;;
76;1;29;1:41.550;0;;21.105;0;48.820;2;31.625;0;148.3;1:27:33.635;12:27;0:21.105;0:48.820;0:31.625;259.2;Nicolas ARMINDO;;
76;1;30;1:41.108;2;;20.574;2;48.915;0;31.619;2;148.9;1:29:14.743;12:29;0:20.574;0:48.915;0:31.619;260.4;Nicolas ARMINDO;;
76;1;31;1:42.172;0;;20.915;0;49.004;0;32.253;0;147.4;1:30:56.915;12:30;0:20.915;0:49.004;0:32.253;267.4;Nicolas ARMINDO;;
76;1;32;1:52.231;0;B;20.614;0;50.530;0;41.087;0;134.1;1:32:49.146;12:32;0:20.614;0:50.530;0:41.087;264.2;Nicolas ARMINDO;;
76;0;33;3:35.360;0;;2:11.279;0;51.142;0;32.939;0;69.9;1:36:24.506;12:36;2:11.279;0:51.142;0:32.939;;Raymond NARAC;0:01:49.268;
76;0;34;1:43.824;0;;21.723;0;49.819;0;32.282;0;145.0;1:38:08.330;12:38;0:21.723;0:49.819;0:32.282;236.4;Raymond NARAC;;
76;0;35;1:43.475;0;;22.443;0;49.038;1;31.994;1;145.5;1:39:51.805;12:39;0:22.443;0:49.038;0:31.994;259.2;Raymond NARAC;;
76;0;36;1:54.106;0;B;21.199;1;49.211;0;43.696;0;131.9;1:41:45.911;12:41;0:21.199;0:49.211;0:43.696;258.0;Raymond NARAC;;
78;2;1;2:29.124;0;;49.961;0;1:02.023;0;37.140;0;101.0;2:29.124;11:02;0:49.961;1:02.023;0:37.140;;Jonathan COCKER;0:00:22.459;
78;2;2;2:14.088;0;B;26.164;0;1:02.767;0;45.157;0;112.3;4:43.212;11:04;0:26.164;1:02.767;0:45.157;185.8;Jonathan COCKER;;
78;0;3;4:02.881;0;;2:27.032;0;58.596;0;37.253;0;62.0;8:46.093;11:08;2:27.032;0:58.596;0:37.253;;Leonid MACHITSKI;0:02:03.144;
78;0;4;1:57.695;0;;23.898;0;56.511;0;37.286;0;127.9;10:43.788;11:10;0:23.898;0:56.511;0:37.286;235.9;Leonid MACHITSKI;;
78;0;5;1:56.017;0;;23.767;0;55.694;0;36.556;0;129.8;12:39.805;11:12;0:23.767;0:55.694;0:36.556;242.1;Leonid MACHITSKI;;
78;0;6;1:55.485;0;;23.317;0;55.557;0;36.611;0;130.4;14:35.290;11:14;0:23.317;0:55.557;0:36.611;247.6;Leonid MACHITSKI;;
78;0;7;1:59.879;0;;24.965;0;57.259;0;37.655;0;125.6;16:35.169;11:16;0:24.965;0:57.259;0:37.655;249.2;Leonid MACHITSKI;;
78;0;8;1:55.992;0;;23.845;0;55.250;0;36.897;0;129.8;18:31.161;11:18;0:23.845;0:55.250;0:36.897;240.0;Leonid MACHITSKI;;
78;0;9;2:05.605;0;B;23.497;0;56.787;0;45.321;0;119.9;20:36.766;11:20;0:23.497;0:56.787;0:45.321;245.9;Leonid MACHITSKI;;
78;1;10;15:24.330;0;;13:45.333;0;1:01.262;0;37.735;0;16.3;36:01.096;11:36;13:45.333;1:01.262;0:37.735;;Timur SARDAROV;0:13:19.580;
78;1;11;1:58.272;0;;24.377;0;57.198;0;36.697;0;127.3;37:59.368;11:37;0:24.377;0:57.198;0:36.697;239.5;Timur SARDAROV;;
78;1;12;1:57.076;0;;24.504;0;56.330;0;36.242;0;128.6;39:56.444;11:39;0:24.504;0:56.330;0:36.242;243.7;Timur SARDAROV;;
78;1;13;1:54.171;0;;23.493;0;54.612;0;36.066;0;131.9;41:50.615;11:41;0:23.493;0:54.612;0:36.066;247.0;Timur SARDAROV;;
78;1;14;2:08.293;0;B;24.061;0;56.176;0;48.056;0;117.4;43:58.908;11:43;0:24.061;0:56.176;0:48.056;237.4;Timur SARDAROV;;
78;2;15;4:54.802;0;;3:24.348;0;56.415;0;34.039;0;51.1;48:53.710;11:48;3:24.348;0:56.415;0:34.039;;Jonathan COCKER;0:02:59.892;
78;2;16;1:47.240;0;;23.551;0;50.507;0;33.182;0;140.4;50:40.950;11:50;0:23.551;0:50.507;0:33.182;217.7;Jonathan COCKER;;
78;2;17;1:44.782;0;;22.151;0;49.301;0;33.330;0;143.7;52:25.732;11:52;0:22.151;0:49.301;0:33.330;241.6;Jonathan COCKER;;
78;2;18;1:44.963;0;;21.527;0;50.660;0;32.776;0;143.4;54:10.695;11:54;0:21.527;0:50.660;0:32.776;250.9;Jonathan COCKER;;
78;2;19;1:43.196;0;;21.494;0;49.288;0;32.414;0;145.9;55:53.891;11:55;0:21.494;0:49.288;0:32.414;252.7;Jonathan COCKER;;
78;2;20;1:42.372;2;;21.315;2;49.031;2;32.026;2;147.1;57:36.263;11:57;0:21.315;0:49.031;0:32.026;256.2;Jonathan COCKER;;
78;2;21;1:53.785;0;B;21.332;0;49.273;0;43.180;0;132.3;59:30.048;11:59;0:21.332;0:49.273;0:43.180;258.0;Jonathan COCKER;;
78;0;22;4:50.466;0;;3:22.489;0;54.107;0;33.870;0;51.8;1:04:20.514;12:04;3:22.489;0:54.107;0:33.870;;Leonid MACHITSKI;0:02:59.303;
78;0;23;1:47.475;0;;22.352;0;51.538;0;33.585;0;140.1;1:06:07.989;12:06;0:22.352;0:51.538;0:33.585;227.6;Leonid MACHITSKI;;
78;0;24;1:46.783;0;;22.397;0;51.185;0;33.201;0;141.0;1:07:54.772;12:07;0:22.397;0:51.185;0:33.201;241.1;Leonid MACHITSKI;;
78;0;25;1:44.899;0;;21.761;1;50.234;1;32.904;1;143.5;1:09:39.671;12:09;0:21.761;0:50.234;0:32.904;252.1;Leonid MACHITSKI;;
78;0;26;2:10.807;0;B;24.025;0;55.115;0;51.667;0;115.1;1:11:50.478;12:11;0:24.025;0:55.115;0:51.667;234.9;Leonid MACHITSKI;;
78;1;27;12:23.375;0;;10:56.524;0;53.177;0;33.674;0;20.3;1:24:13.853;12:24;10:56.524;0:53.177;0:33.674;;Timur SARDAROV;0:10:34.892;
78;1;28;1:46.694;0;;22.170;0;51.481;0;33.043;0;141.1;1:26:00.547;12:26;0:22.170;0:51.481;0:33.043;252.7;Timur SARDAROV;;
78;1;29;1:46.709;0;;22.434;0;50.863;0;33.412;0;141.1;1:27:47.256;12:27;0:22.434;0:50.863;0:33.412;242.6;Timur SARDAROV;;
78;1;30;1:45.563;0;;21.821;0;50.702;0;33.040;0;142.6;1:29:32.819;12:29;0:21.821;0:50.702;0:33.040;252.1;Timur SARDAROV;;
78;1;31;1:46.572;0;;21.846;0;51.375;0;33.351;0;141.3;1:31:19.391;12:31;0:21.846;0:51.375;0:33.351;253.2;Timur SARDAROV;;
78;1;32;1:45.298;0;;22.064;0;50.625;0;32.609;1;143.0;1:33:04.689;12:33;0:22.064;0:50.625;0:32.609;252.7;Timur SARDAROV;;
78;1;33;1:45.420;0;;21.643;0;50.810;0;32.967;0;142.8;1:34:50.109;12:34;0:21.643;0:50.810;0:32.967;252.7;Timur SARDAROV;;
78;1;34;1:44.466;0;;21.487;1;50.156;1;32.823;0;144.1;1:36:34.575;12:36;0:21.487;0:50.156;0:32.823;255.0;Timur SARDAROV;;
78;1;35;1:46.253;0;;21.756;0;50.905;0;33.592;0;141.7;1:38:20.828;12:38;0:21.756;0:50.905;0:33.592;257.4;Timur SARDAROV;;
78;1;36;1:45.350;0;;21.917;0;50.357;0;33.076;0;142.9;1:40:06.178;12:40;0:21.917;0:50.357;0:33.076;255.0;Timur SARDAROV;;
78;1;37;1:57.168;0;B;21.710;0;51.359;0;44.099;0;128.5;1:42:03.346;12:42;0:21.710;0:51.359;0:44.099;255.6;Timur SARDAROV;;
80;0;1;2:36.756;0;;48.391;0;1:08.244;0;40.121;0;96.0;2:36.756;11:02;0:48.391;1:08.244;0:40.121;;Michael BRONISZEWSKI;0:00:20.920;
80;0;2;2:13.041;0;B;29.261;0;57.773;0;46.007;0;113.2;4:49.797;11:04;0:29.261;0:57.773;0:46.007;230.5;Michael BRONISZEWSKI;;
80;0;3;4:19.279;0;;2:38.666;0;1:04.616;0;35.997;0;58.1;9:09.076;11:09;2:38.666;1:04.616;0:35.997;;Michael BRONISZEWSKI;0:02:14.038;
80;0;4;1:54.157;0;;23.503;0;55.311;0;35.343;0;131.9;11:03.233;11:11;0:23.503;0:55.311;0:35.343;239.5;Michael BRONISZEWSKI;;
80;0;5;2:05.088;0;B;23.269;0;56.464;0;45.355;0;120.4;13:08.321;11:13;0:23.269;0:56.464;0:45.355;238.4;Michael BRONISZEWSKI;;
80;0;6;5:30.664;0;;4:00.437;0;54.386;0;35.841;0;45.5;18:38.985;11:18;4:00.437;0:54.386;0:35.841;;Michael BRONISZEWSKI;0:03:38.383;
80;0;7;1:52.357;0;;23.256;1;54.005;0;35.096;0;134.0;20:31.342;11:20;0:23.256;0:54.005;0:35.096;235.9;Michael BRONISZEWSKI;;
80;0;8;2:18.211;0;B;23.792;0;1:02.579;0;51.840;0;108.9;22:49.553;11:22;0:23.792;1:02.579;0:51.840;237.4;Michael BRONISZEWSKI;;
80;1;9;13:01.066;0;;11:25.013;0;1:01.228;0;34.825;0;19.3;35:50.619;11:35;11:25.013;1:01.228;0:34.825;;Giacomo PICCINI;0:10:59.914;
80;1;10;1:50.566;0;;23.573;0;52.861;0;34.132;0;136.2;37:41.185;11:37;0:23.573;0:52.861;0:34.132;199.6;Giacomo PICCINI;;
80;1;11;1:51.148;0;;23.125;0;53.061;0;34.962;0;135.5;39:32.333;11:39;0:23.125;0:53.061;0:34.962;212.3;Giacomo PICCINI;;
80;1;12;1:53.985;0;;23.124;0;53.961;0;36.900;0;132.1;41:26.318;11:41;0:23.124;0:53.961;0:36.900;237.9;Giacomo PICCINI;;
80;1;13;1:50.654;0;;23.124;0;52.409;0;35.121;0;136.1;43:16.972;11:43;0:23.124;0:52.409;0:35.121;224.4;Giacomo PICCINI;;
80;1;14;1:50.549;0;;22.860;0;53.102;0;34.587;0;136.2;45:07.521;11:45;0:22.860;0:53.102;0:34.587;239.0;Giacomo PICCINI;;
80;1;15;2:04.821;0;B;23.820;0;54.708;0;46.293;0;120.6;47:12.342;11:47;0:23.820;0:54.708;0:46.293;212.7;Giacomo PICCINI;;
80;1;16;3:20.407;0;;1:54.256;0;51.926;0;34.225;0;75.1;50:32.749;11:50;1:54.256;0:51.926;0:34.225;;Giacomo PICCINI;0:01:32.450;
80;1;17;1:44.494;0;;22.031;0;50.036;0;32.427;0;144.1;52:17.243;11:52;0:22.031;0:50.036;0:32.427;239.5;Giacomo PICCINI;;
80;1;18;1:45.253;0;;21.548;0;51.000;0;32.705;0;143.0;54:02.496;11:54;0:21.548;0:51.000;0:32.705;249.2;Giacomo PICCINI;;
80;1;19;1:42.230;0;;20.985;0;49.090;0;32.155;0;147.3;55:44.726;11:55;0:20.985;0:49.090;0:32.155;254.4;Giacomo PICCINI;;
80;1;20;1:42.467;0;;20.943;0;48.906;0;32.618;0;146.9;57:27.193;11:57;0:20.943;0:48.906;0:32.618;258.0;Giacomo PICCINI;;
80;1;21;1:41.718;0;;20.917;0;48.828;0;31.973;0;148.0;59:08.911;11:59;0:20.917;0:48.828;0:31.973;264.2;Giacomo PICCINI;;
80;1;22;1:45.614;0;;20.798;0;49.172;0;35.644;0;142.5;1:00:54.525;12:00;0:20.798;0:49.172;0:35.644;262.9;Giacomo PICCINI;;
80;1;23;1:41.142;2;;20.654;2;48.616;2;31.872;2;148.9;1:02:35.667;12:02;0:20.654;0:48.616;0:31.872;262.3;Giacomo PICCINI;;
80;1;24;1:59.290;0;B;21.876;0;51.986;0;45.428;0;126.2;1:04:34.957;12:04;0:21.876;0:51.986;0:45.428;264.8;Giacomo PICCINI;;
80;0;25;3:34.913;0;;2:10.867;0;50.629;1;33.417;1;70.1;1:08:09.870;12:08;2:10.867;0:50.629;0:33.417;;Michael BRONISZEWSKI;0:01:48.359;
85;2;1;4:15.238;0;;1:14.167;0;2:23.418;0;37.653;0;59.0;4:15.238;11:04;1:14.167;2:23.418;0:37.653;;Daniel BROWN;0:00:46.214;
85;2;2;1:54.158;0;;24.235;0;54.272;0;35.651;0;131.9;6:09.396;11:06;0:24.235;0:54.272;0:35.651;188.6;Daniel BROWN;;
85;2;3;1:52.906;0;;23.888;0;54.326;0;34.692;0;133.3;8:02.302;11:08;0:23.888;0:54.326;0:34.692;205.1;Daniel BROWN;;
85;2;4;1:51.449;0;;23.096;0;53.546;0;34.807;0;135.1;9:53.751;11:09;0:23.096;0:53.546;0:34.807;205.9;Daniel BROWN;;
85;2;5;1:53.112;0;;24.142;0;54.226;0;34.744;0;133.1;11:46.863;11:11;0:24.142;0:54.226;0:34.744;201.8;Daniel BROWN;;
85;2;6;1:51.011;0;;23.033;0;53.265;0;34.713;0;135.6;13:37.874;11:13;0:23.033;0:53.265;0:34.713;212.3;Daniel BROWN;;
85;2;7;1:50.746;0;;23.439;0;52.918;0;34.389;0;135.9;15:28.620;11:15;0:23.439;0:52.918;0:34.389;209.0;Daniel BROWN;;
85;2;8;2:04.090;0;B;24.131;0;56.402;0;43.557;0;121.3;17:32.710;11:17;0:24.131;0:56.402;0:43.557;199.6;Daniel BROWN;;
85;2;9;18:30.254;0;B;16:51.108;0;56.156;0;42.990;0;13.6;36:02.964;11:36;16:51.108;0:56.156;0:42.990;;Daniel BROWN;0:16:26.978;
85;2;10;3:34.824;0;;2:05.179;0;54.859;0;34.786;0;70.1;39:37.788;11:39;2:05.179;0:54.859;0:34.786;;Daniel BROWN;0:01:37.281;
85;2;11;1:50.772;0;;22.893;0;53.703;0;34.176;0;135.9;41:28.560;11:41;0:22.893;0:53.703;0:34.176;207.8;Daniel BROWN;;
85;2;12;1:48.739;0;;22.828;0;50.885;0;35.026;0;138.5;43:17.299;11:43;0:22.828;0:50.885;0:35.026;219.0;Daniel BROWN;;
85;2;13;1:44.523;0;;22.662;0;49.394;1;32.467;1;144.0;45:01.822;11:45;0:22.662;0:49.394;0:32.467;239.5;Daniel BROWN;;
85;2;14;1:56.026;0;B;22.152;1;53.292;0;40.582;0;129.8;46:57.848;11:46;0:22.152;0:53.292;0:40.582;226.7;Daniel BROWN;;
85;1;15;3:16.921;0;;1:51.373;0;52.632;0;32.916;0;76.5;50:14.769;11:50;1:51.373;0:52.632;0:32.916;;Stuart HALL;0:01:27.383;
85;1;16;1:43.749;0;;21.484;0;49.668;0;32.597;0;145.1;51:58.518;11:51;0:21.484;0:49.668;0:32.597;231.4;Stuart HALL;;
85;1;17;1:43.018;0;;22.272;0;48.848;0;31.898;0;146.1;53:41.536;11:53;0:22.272;0:48.848;0:31.898;236.4;Stuart HALL;;
85;1;18;1:43.755;0;;21.232;0;49.800;0;32.723;0;145.1;55:25.291;11:55;0:21.232;0:49.800;0:32.723;242.6;Stuart HALL;;
85;1;19;1:42.357;0;;21.068;0;49.459;0;31.830;0;147.1;57:07.648;11:57;0:21.068;0:49.459;0:31.830;253.8;Stuart HALL;;
85;1;20;1:41.595;0;;21.217;0;48.538;0;31.840;0;148.2;58:49.243;11:58;0:21.217;0:48.538;0:31.840;248.7;Stuart HALL;;
85;1;21;1:41.181;0;;20.875;0;48.960;0;31.346;0;148.8;1:00:30.424;12:00;0:20.875;0:48.960;0:31.346;256.8;Stuart HALL;;
85;1;22;1:39.833;2;;20.649;2;47.872;0;31.312;0;150.8;1:02:10.257;12:02;0:20.649;0:47.872;0:31.312;255.0;Stuart HALL;;
85;1;23;1:39.961;0;;20.696;0;47.835;2;31.430;0;150.6;1:03:50.218;12:03;0:20.696;0:47.835;0:31.430;256.8;Stuart HALL;;
85;1;24;1:39.953;0;;20.692;0;48.071;0;31.190;2;150.6;1:05:30.171;12:05;0:20.692;0:48.071;0:31.190;256.2;Stuart HALL;;
85;1;25;1:48.822;0;B;20.757;0;48.621;0;39.444;0;138.3;1:07:18.993;12:07;0:20.757;0:48.621;0:39.444;258.0;Stuart HALL;;
85;0;26;17:41.867;0;;16:12.672;0;54.301;0;34.894;0;14.2;1:25:00.860;12:25;16:12.672;0:54.301;0:34.894;;Roald GOETHE;0:15:48.331;
85;0;27;2:12.905;0;;43.783;0;54.714;0;34.408;0;113.3;1:27:13.765;12:27;0:43.783;0:54.714;0:34.408;242.6;Roald GOETHE;;
85;0;28;1:52.483;0;;23.451;0;53.830;0;35.202;0;133.8;1:29:06.248;12:29;0:23.451;0:53.830;0:35.202;220.3;Roald GOETHE;;
85;0;29;1:50.796;0;;22.723;0;53.610;0;34.463;0;135.9;1:30:57.044;12:30;0:22.723;0:53.610;0:34.463;235.9;Roald GOETHE;;
85;0;30;1:50.583;0;;22.435;0;53.812;0;34.336;0;136.1;1:32:47.627;12:32;0:22.435;0:53.812;0:34.336;224.8;Roald GOETHE;;
85;0;31;1:49.078;0;;22.405;0;52.570;0;34.103;0;138.0;1:34:36.705;12:34;0:22.405;0:52.570;0:34.103;249.2;Roald GOETHE;;
85;0;32;1:51.051;0;;22.729;0;54.241;0;34.081;0;135.6;1:36:27.756;12:36;0:22.729;0:54.241;0:34.081;249.2;Roald GOETHE;;
85;0;33;1:52.870;0;;24.515;0;54.452;0;33.903;0;133.4;1:38:20.626;12:38;0:24.515;0:54.452;0:33.903;250.9;Roald GOETHE;;
85;0;34;1:48.194;0;;22.907;0;51.422;1;33.865;1;139.2;1:40:08.820;12:40;0:22.907;0:51.422;0:33.865;224.4;Roald GOETHE;;
85;0;35;2:01.809;0;B;21.993;1;51.707;0;48.109;0;123.6;1:42:10.629;12:42;0:21.993;0:51.707;0:48.109;242.1;Roald GOETHE;;
86;1;1;3:32.027;0;B;1:50.682;0;56.981;0;44.364;0;71.0;3:32.027;11:03;1:50.682;0:56.981;0:44.364;;Adam CARROLL;0:01:25.828;
86;1;2;4:04.196;0;;2:30.363;0;57.812;0;36.021;0;61.7;7:36.223;11:07;2:30.363;0:57.812;0:36.021;;Adam CARROLL;0:02:06.887;
86;1;3;1:59.704;0;;25.815;0;57.182;0;36.707;0;125.8;9:35.927;11:09;0:25.815;0:57.182;0:36.707;211.0;Adam CARROLL;;
86;1;4;2:00.760;0;;25.353;0;58.792;0;36.615;0;124.7;11:36.687;11:11;0:25.353;0:58.792;0:36.615;210.2;Adam CARROLL;;
86;1;5;2:03.887;0;B;24.121;0;56.841;0;42.925;0;121.5;13:40.574;11:13;0:24.121;0:56.841;0:42.925;224.8;Adam CARROLL;;
86;1;6;5:22.612;0;;3:55.826;0;52.685;0;34.101;0;46.7;19:03.186;11:19;3:55.826;0:52.685;0:34.101;;Adam CARROLL;0:03:34.240;
86;1;7;1:53.587;0;;23.696;0;53.505;0;36.386;0;132.5;20:56.773;11:20;0:23.696;0:53.505;0:36.386;244.8;Adam CARROLL;;
86;1;8;2:09.182;0;B;24.639;0;56.864;0;47.679;0;116.5;23:05.955;11:23;0:24.639;0:56.864;0:47.679;234.4;Adam CARROLL;;
86;1;9;13:19.434;0;;11:53.638;0;51.897;0;33.899;0;18.8;36:25.389;11:36;11:53.638;0:51.897;0:33.899;;Adam CARROLL;0:11:31.033;
86;1;10;1:46.431;0;;22.812;0;49.971;0;33.648;0;141.5;38:11.820;11:38;0:22.812;0:49.971;0:33.648;245.3;Adam CARROLL;;
86;1;11;1:44.424;0;;22.514;0;49.719;2;32.191;0;144.2;39:56.244;11:39;0:22.514;0:49.719;0:32.191;240.5;Adam CARROLL;;
86;1;12;1:44.855;0;;21.568;0;49.775;0;33.512;0;143.6;41:41.099;11:41;0:21.568;0:49.775;0:33.512;259.2;Adam CARROLL;;
86;1;13;1:59.467;0;B;22.922;0;54.885;0;41.660;0;126.0;43:40.566;11:43;0:22.922;0:54.885;0:41.660;250.4;Adam CARROLL;;
86;1;14;4:29.314;0;;3:06.940;0;49.761;0;32.613;0;55.9;48:09.880;11:48;3:06.940;0:49.761;0:32.613;;Adam CARROLL;0:02:45.607;
86;1;15;1:45.989;0;;21.322;0;51.295;0;33.372;0;142.0;49:55.869;11:49;0:21.322;0:51.295;0:33.372;257.4;Adam CARROLL;;
86;1;16;1:43.049;2;;21.193;2;49.911;0;31.945;2;146.1;51:38.918;11:51;0:21.193;0:49.911;0:31.945;248.1;Adam CARROLL;;
86;1;17;1:54.918;0;B;22.408;0;52.332;0;40.178;0;131.0;53:33.836;11:53;0:22.408;0:52.332;0:40.178;234.9;Adam CARROLL;;
86;0;18;5:39.565;0;;4:11.050;0;54.318;0;34.197;0;44.3;59:13.401;11:59;4:11.050;0:54.318;0:34.197;;Michael WAINWRIGHT;0:03:46.365;
86;0;19;2:16.127;0;;45.158;0;55.497;0;35.472;0;110.6;1:01:29.528;12:01;0:45.158;0:55.497;0:35.472;241.1;Michael WAINWRIGHT;;
86;0;20;1:53.032;0;;23.787;0;54.080;0;35.165;0;133.2;1:03:22.560;12:03;0:23.787;0:54.080;0:35.165;234.4;Michael WAINWRIGHT;;
86;0;21;1:51.259;0;;22.796;0;53.440;0;35.023;0;135.3;1:05:13.819;12:05;0:22.796;0:53.440;0:35.023;249.8;Michael WAINWRIGHT;;
86;0;22;1:50.097;0;;22.608;0;52.882;0;34.607;0;136.7;1:07:03.916;12:07;0:22.608;0:52.882;0:34.607;249.2;Michael WAINWRIGHT;;
86;0;23;1:49.722;0;;22.793;0;51.933;0;34.996;0;137.2;1:08:53.638;12:08;0:22.793;0:51.933;0:34.996;249.2;Michael WAINWRIGHT;;
86;0;24;2:02.910;0;B;23.556;0;53.008;0;46.346;0;122.5;1:10:56.548;12:10;0:23.556;0:53.008;0:46.346;221.2;Michael WAINWRIGHT;;
86;0;25;13:59.221;0;;12:31.484;0;53.674;0;34.063;0;17.9;1:24:55.769;12:24;12:31.484;0:53.674;0:34.063;;Michael WAINWRIGHT;0:12:06.983;
86;0;26;1:48.989;0;;22.212;0;52.388;0;34.389;0;138.1;1:26:44.758;12:26;0:22.212;0:52.388;0:34.389;250.9;Michael WAINWRIGHT;;
86;0;27;1:49.197;0;;22.614;0;52.294;0;34.289;0;137.9;1:28:33.955;12:28;0:22.614;0:52.294;0:34.289;247.0;Michael WAINWRIGHT;;
86;0;28;1:47.914;0;;22.216;0;51.755;0;33.943;0;139.5;1:30:21.869;12:30;0:22.216;0:51.755;0:33.943;249.2;Michael WAINWRIGHT;;
86;0;29;1:47.916;0;;22.071;0;51.322;1;34.523;0;139.5;1:32:09.785;12:32;0:22.071;0:51.322;0:34.523;252.1;Michael WAINWRIGHT;;
86;0;30;1:49.026;0;;22.042;1;52.177;0;34.807;0;138.1;1:33:58.811;12:33;0:22.042;0:52.177;0:34.807;254.4;Michael WAINWRIGHT;;
86;0;31;1:48.722;0;;22.574;0;52.277;0;33.871;0;138.5;1:35:47.533;12:35;0:22.574;0:52.277;0:33.871;234.9;Michael WAINWRIGHT;;
86;0;32;1:47.502;0;;22.603;0;51.611;0;33.288;1;140.0;1:37:35.035;12:37;0:22.603;0:51.611;0:33.288;250.9;Michael WAINWRIGHT;;
86;0;33;3:58.261;0;B;22.759;0;2:46.294;0;49.208;0;63.2;1:41:33.296;12:41;0:22.759;2:46.294;0:49.208;253.8;Michael WAINWRIGHT;;
87;1;1;2:55.320;0;B;1:06.048;0;58.160;0;51.112;0;85.9;2:55.320;11:02;1:06.048;0:58.160;0:51.112;;Markus PALTALLA;0:00:38.337;
87;1;2;3:21.958;0;;1:50.781;0;55.447;0;35.730;0;74.5;6:17.278;11:06;1:50.781;0:55.447;0:35.730;;Markus PALTALLA;0:01:27.877;
87;1;3;1:54.200;0;;23.673;0;55.097;0;35.430;1;131.8;8:11.478;11:08;0:23.673;0:55.097;0:35.430;234.4;Markus PALTALLA;;
87;1;4;1:53.579;0;;23.161;0;54.983;1;35.435;0;132.6;10:05.057;11:10;0:23.161;0:54.983;0:35.435;247.6;Markus PALTALLA;;
87;1;5;1:55.504;0;;23.059;1;56.571;0;35.874;0;130.3;12:00.561;11:12;0:23.059;0:56.571;0:35.874;251.5;Markus PALTALLA;;
87;1;6;1:56.839;0;;23.168;0;56.444;0;37.227;0;128.9;13:57.400;11:13;0:23.168;0:56.444;0:37.227;249.8;Markus PALTALLA;;
87;1;7;2:08.959;0;B;24.570;0;58.937;0;45.452;0;116.7;16:06.359;11:16;0:24.570;0:58.937;0:45.452;242.1;Markus PALTALLA;;
87;2;8;5:02.770;0;;3:25.048;0;58.347;0;39.375;0;49.7;21:09.129;11:21;3:25.048;0:58.347;0:39.375;;Henry HASSID;0:03:01.385;
87;2;9;2:17.980;0;B;32.514;0;59.773;0;45.693;0;109.1;23:27.109;11:23;0:32.514;0:59.773;0:45.693;126.2;Henry HASSID;;
87;2;10;12:14.804;0;;10:42.149;0;57.241;0;35.414;0;20.5;35:41.913;11:35;10:42.149;0:57.241;0:35.414;;Henry HASSID;0:10:14.343;
87;2;11;1:54.988;0;;23.861;0;55.064;0;36.063;0;130.9;37:36.901;11:37;0:23.861;0:55.064;0:36.063;243.2;Henry HASSID;;
87;2;12;1:54.099;0;;24.077;0;53.485;0;36.537;0;131.9;39:31.000;11:39;0:24.077;0:53.485;0:36.537;235.9;Henry HASSID;;
87;2;13;1:52.799;0;;23.139;0;53.739;0;35.921;0;133.5;41:23.799;11:41;0:23.139;0:53.739;0:35.921;249.8;Henry HASSID;;
87;2;14;2:00.541;0;B;23.307;0;53.560;0;43.674;0;124.9;43:24.340;11:43;0:23.307;0:53.560;0:43.674;250.4;Henry HASSID;;
87;2;15;5:57.588;0;;4:31.223;0;52.543;0;33.822;0;42.1;49:21.928;11:49;4:31.223;0:52.543;0:33.822;;Henry HASSID;0:04:09.088;
87;2;16;1:45.692;0;;22.459;0;50.614;0;32.619;0;142.4;51:07.620;11:51;0:22.459;0:50.614;0:32.619;250.4;Henry HASSID;;
87;2;17;1:44.860;0;;21.803;0;49.962;0;33.095;0;143.6;52:52.480;11:52;0:21.803;0:49.962;0:33.095;252.1;Henry HASSID;;
87;2;18;1:43.396;0;;21.397;0;49.973;0;32.026;1;145.6;54:35.876;11:54;0:21.397;0:49.973;0:32.026;259.2;Henry HASSID;;
87;2;19;1:42.981;0;;20.949;1;49.646;1;32.386;0;146.2;56:18.857;11:56;0:20.949;0:49.646;0:32.386;257.4;Henry HASSID;;
87;2;20;1:42.874;0;;21.075;0;49.707;0;32.092;0;146.3;58:01.731;11:58;0:21.075;0:49.707;0:32.092;258.0;Henry HASSID;;
87;2;21;1:43.972;0;;21.433;0;50.091;0;32.448;0;144.8;59:45.703;11:59;0:21.433;0:50.091;0:32.448;255.0;Henry HASSID;;
87;2;22;1:50.447;0;B;21.977;0;49.938;0;38.532;0;136.3;1:01:36.150;12:01;0:21.977;0:49.938;0:38.532;256.2;Henry HASSID;;
87;0;23;5:21.598;0;;3:56.842;0;52.000;0;32.756;0;46.8;1:06:57.748;12:06;3:56.842;0:52.000;0:32.756;;Bas LEINDERS;0:03:34.272;
87;0;24;1:46.560;0;;21.630;0;52.369;0;32.561;0;141.3;1:08:44.308;12:08;0:21.630;0:52.369;0:32.561;249.8;Bas LEINDERS;;
87;0;25;1:53.568;0;B;21.719;0;49.690;0;42.159;0;132.6;1:10:37.876;12:10;0:21.719;0:49.690;0:42.159;238.4;Bas LEINDERS;;
87;0;26;13:26.532;0;;12:03.236;0;51.057;0;32.239;0;18.7;1:24:04.408;12:24;12:03.236;0:51.057;0:32.239;;Bas LEINDERS;0:11:40.874;
87;0;27;1:43.782;0;;21.768;0;49.991;0;32.023;0;145.1;1:25:48.190;12:25;0:21.768;0:49.991;0:32.023;255.0;Bas LEINDERS;;
87;0;28;1:42.673;0;;20.927;0;49.125;0;32.621;0;146.6;1:27:30.863;12:27;0:20.927;0:49.125;0:32.621;254.4;Bas LEINDERS;;
87;0;29;1:43.034;0;;21.031;0;50.048;0;31.955;0;146.1;1:29:13.897;12:29;0:21.031;0:50.048;0:31.955;253.8;Bas LEINDERS;;
87;0;30;1:42.174;0;;21.095;0;48.979;0;32.100;0;147.3;1:30:56.071;12:30;0:21.095;0:48.979;0:32.100;255.6;Bas LEINDERS;;
87;0;31;1:41.819;0;;20.824;0;49.112;0;31.883;0;147.9;1:32:37.890;12:32;0:20.824;0:49.112;0:31.883;254.4;Bas LEINDERS;;
87;0;32;1:41.403;2;;20.715;0;48.775;2;31.913;0;148.5;1:34:19.293;12:34;0:20.715;0:48.775;0:31.913;255.6;Bas LEINDERS;;
87;0;33;1:42.691;0;;20.948;0;49.517;0;32.226;0;146.6;1:36:01.984;12:36;0:20.948;0:49.517;0:32.226;256.2;Bas LEINDERS;;
87;0;34;1:41.793;0;;20.664;2;49.262;0;31.867;0;147.9;1:37:43.777;12:37;0:20.664;0:49.262;0:31.867;257.4;Bas LEINDERS;;
87;0;35;1:41.696;0;;20.756;0;49.160;0;31.780;2;148.0;1:39:25.473;12:39;0:20.756;0:49.160;0:31.780;256.8;Bas LEINDERS;;
87;0;36;1:42.839;0;;20.747;0;49.535;0;32.557;0;146.4;1:41:08.312;12:41;0:20.747;0:49.535;0:32.557;256.8;Bas LEINDERS;;
87;0;37;2:01.016;0;B;21.308;0;53.272;0;46.436;0;124.4;1:43:09.328;12:43;0:21.308;0:53.272;0:46.436;253.8;Bas LEINDERS;;
92;2;1;3:38.910;0;;2:00.717;0;1:01.561;0;36.632;0;68.8;3:38.910;11:03;2:00.717;1:01.561;0:36.632;;Andrea MONTERMINI;0:01:33.129;
92;2;2;1:56.792;0;;24.250;0;56.073;0;36.469;0;128.9;5:35.702;11:05;0:24.250;0:56.073;0:36.469;224.8;Andrea MONTERMINI;;
92;2;3;1:55.888;0;;24.284;0;55.558;0;36.046;0;129.9;7:31.590;11:07;0:24.284;0:55.558;0:36.046;236.4;Andrea MONTERMINI;;
92;2;4;2:09.212;0;B;23.775;0;55.616;0;49.821;0;116.5;9:40.802;11:09;0:23.775;0:55.616;0:49.821;247.0;Andrea MONTERMINI;;
92;2;5;3:50.139;0;;2:17.938;0;56.152;0;36.049;0;65.4;13:30.941;11:13;2:17.938;0:56.152;0:36.049;;Andrea MONTERMINI;0:01:53.758;
92;2;6;1:54.304;0;;23.349;1;55.200;1;35.755;1;131.7;15:25.245;11:15;0:23.349;0:55.200;0:35.755;254.4;Andrea MONTERMINI;;
92;2;7;1:55.969;0;;23.543;0;56.307;0;36.119;0;129.8;17:21.214;11:17;0:23.543;0:56.307;0:36.119;249.8;Andrea MONTERMINI;;
92;2;8;2:07.299;0;B;24.746;0;57.264;0;45.289;0;118.3;19:28.513;11:19;0:24.746;0:57.264;0:45.289;242.1;Andrea MONTERMINI;;
92;0;9;17:17.192;0;;15:01.038;0;1:02.541;0;1:13.613;0;14.5;36:45.705;11:36;15:01.038;1:02.541;1:13.613;;Mario CORDONI;0:14:35.621;
92;0;10;2:05.863;0;;25.563;0;1:02.023;0;38.277;0;119.6;38:51.568;11:38;0:25.563;1:02.023;0:38.277;225.3;Mario CORDONI;;
92;0;11;2:17.820;0;B;25.653;0;1:02.419;0;49.748;0;109.2;41:09.388;11:41;0:25.653;1:02.419;0:49.748;235.4;Mario CORDONI;;
92;0;12;3:46.791;0;;2:02.467;0;1:06.553;0;37.771;0;66.4;44:56.179;11:44;2:02.467;1:06.553;0:37.771;;Mario CORDONI;0:01:35.269;
92;0;13;2:01.523;0;;24.801;0;59.948;0;36.774;0;123.9;46:57.702;11:46;0:24.801;0:59.948;0:36.774;239.5;Mario CORDONI;;
92;0;14;1:59.481;0;;24.732;0;59.282;0;35.467;0;126.0;48:57.183;11:48;0:24.732;0:59.282;0:35.467;247.0;Mario CORDONI;;
92;0;15;1:55.974;0;;23.889;0;56.140;0;35.945;0;129.8;50:53.157;11:50;0:23.889;0:56.140;0:35.945;234.9;Mario CORDONI;;
92;0;16;1:54.612;0;;23.467;0;56.042;0;35.103;0;131.4;52:47.769;11:52;0:23.467;0:56.042;0:35.103;251.5;Mario CORDONI;;
92;0;17;1:53.530;0;;23.259;0;55.052;0;35.219;0;132.6;54:41.299;11:54;0:23.259;0:55.052;0:35.219;255.6;Mario CORDONI;;
92;0;18;2:00.578;0;B;23.503;0;54.657;0;42.418;0;124.9;56:41.877;11:56;0:23.503;0:54.657;0:42.418;244.8;Mario CORDONI;;
92;0;19;3:55.717;0;;2:27.212;0;54.644;0;33.861;2;63.9;1:00:37.594;12:00;2:27.212;0:54.644;0:33.861;;Mario CORDONI;0:02:04.292;
92;0;20;1:50.965;0;;23.550;0;53.483;0;33.932;0;135.7;1:02:28.559;12:02;0:23.550;0:53.483;0:33.932;253.8;Mario CORDONI;;
92;0;21;1:56.475;0;B;23.074;1;52.960;1;40.441;0;129.3;1:04:25.034;12:04;0:23.074;0:52.960;0:40.441;250.4;Mario CORDONI;;
92;1;22;4:41.089;0;;3:07.095;0;58.929;0;35.065;0;53.6;1:09:06.123;12:09;3:07.095;0:58.929;0:35.065;;Marco ZANUTTINI;0:02:41.645;
92;1;23;2:23.939;0;B;24.797;0;54.469;0;1:04.673;0;104.6;1:11:30.062;12:11;0:24.797;0:54.469;1:04.673;196.0;Marco ZANUTTINI;;
92;1;24;13:00.723;0;;11:24.315;0;1:01.140;0;35.268;0;19.3;1:24:30.785;12:24;11:24.315;1:01.140;0:35.268;;Marco ZANUTTINI;0:10:59.299;
92;1;25;1:53.373;0;;23.158;0;54.523;0;35.692;0;132.8;1:26:24.158;12:26;0:23.158;0:54.523;0:35.692;239.5;Marco ZANUTTINI;;
92;1;26;1:56.692;0;;22.968;0;54.757;0;38.967;0;129.0;1:28:20.850;12:28;0:22.968;0:54.757;0:38.967;250.4;Marco ZANUTTINI;;
92;1;27;1:50.710;0;;23.037;0;53.053;0;34.620;1;136.0;1:30:11.560;12:30;0:23.037;0:53.053;0:34.620;247.6;Marco ZANUTTINI;;
92;1;28;1:55.215;0;;22.598;0;56.372;0;36.245;0;130.7;1:32:06.775;12:32;0:22.598;0:56.372;0:36.245;253.2;Marco ZANUTTINI;;
92;1;29;1:51.728;0;;22.460;0;53.005;0;36.263;0;134.7;1:33:58.503;12:33;0:22.460;0:53.005;0:36.263;248.1;Marco ZANUTTINI;;
92;1;30;1:52.376;0;;24.149;0;53.400;0;34.827;0;134.0;1:35:50.879;12:35;0:24.149;0:53.400;0:34.827;221.6;Marco ZANUTTINI;;
92;1;31;1:50.399;0;;22.515;0;52.290;0;35.594;0;136.4;1:37:41.278;12:37;0:22.515;0:52.290;0:35.594;250.4;Marco ZANUTTINI;;
92;1;32;1:48.804;2;;22.153;2;51.981;2;34.670;0;138.4;1:39:30.082;12:39;0:22.153;0:51.981;0:34.670;252.1;Marco ZANUTTINI;;
92;1;33;1:50.101;0;;22.227;0;52.593;0;35.281;0;136.7;1:41:20.183;12:41;0:22.227;0:52.593;0:35.281;259.2;Marco ZANUTTINI;;
92;1;34;2:17.480;0;B;24.194;0;1:00.428;0;52.858;0;109.5;1:43:37.663;12:43;0:24.194;1:00.428;0:52.858;244.8;Marco ZANUTTINI;;
95;1;1;2:57.257;0;B;1:04.546;0;1:01.585;0;51.126;0;84.9;2:57.257;11:02;1:04.546;1:01.585;0:51.126;;Cedric SBIRRAZZUOLI;0:00:35.778;
95;1;2;3:25.251;0;B;1:43.842;0;56.939;0;44.470;0;73.4;6:22.508;11:06;1:43.842;0:56.939;0:44.470;;Cedric SBIRRAZZUOLI;0:01:21.162;
95;1;3;2:15.336;0;;41.687;0;56.755;0;36.894;0;111.2;8:37.844;11:08;0:41.687;0:56.755;0:36.894;;Cedric SBIRRAZZUOLI;0:00:19.338;
95;1;4;2:00.962;0;;24.532;0;58.481;0;37.949;0;124.5;10:38.806;11:10;0:24.532;0:58.481;0:37.949;233.9;Cedric SBIRRAZZUOLI;;
95;1;5;1:56.077;0;;23.381;0;56.181;0;36.515;0;129.7;12:34.883;11:12;0:23.381;0:56.181;0:36.515;243.2;Cedric SBIRRAZZUOLI;;
95;1;6;1:55.184;0;;23.319;0;55.525;0;36.340;0;130.7;14:30.067;11:14;0:23.319;0:55.525;0:36.340;247.6;Cedric SBIRRAZZUOLI;;
95;1;7;1:54.419;0;;23.297;0;54.851;0;36.271;0;131.6;16:24.486;11:16;0:23.297;0:54.851;0:36.271;254.4;Cedric SBIRRAZZUOLI;;
95;1;8;1:53.660;0;;23.431;0;54.480;0;35.749;0;132.5;18:18.146;11:18;0:23.431;0:54.480;0:35.749;250.4;Cedric SBIRRAZZUOLI;;
95;1;9;1:53.476;0;;22.897;0;54.454;0;36.125;0;132.7;20:11.622;11:20;0:22.897;0:54.454;0:36.125;254.4;Cedric SBIRRAZZUOLI;;
95;1;10;2:20.795;0;B;24.563;0;59.059;0;57.173;0;106.9;22:32.417;11:22;0:24.563;0:59.059;0:57.173;237.4;Cedric SBIRRAZZUOLI;;
95;0;11;13:50.676;0;;12:11.638;0;1:00.841;0;38.197;0;18.1;36:23.093;11:36;12:11.638;1:00.841;0:38.197;;Adrien DE LEENER;0:11:46.004;
95;0;12;1:57.753;0;;25.333;0;56.296;0;36.124;0;127.9;38:20.846;11:38;0:25.333;0:56.296;0:36.124;227.1;Adrien DE LEENER;;
95;0;13;2:00.618;0;;24.473;0;58.338;0;37.807;0;124.8;40:21.464;11:40;0:24.473;0:58.338;0:37.807;234.4;Adrien DE LEENER;;
95;0;14;1:54.791;0;;23.656;0;55.324;0;35.811;0;131.2;42:16.255;11:42;0:23.656;0:55.324;0:35.811;242.6;Adrien DE LEENER;;
95;0;15;1:54.610;0;;22.789;0;56.242;0;35.579;0;131.4;44:10.865;11:44;0:22.789;0:56.242;0:35.579;254.4;Adrien DE LEENER;;
95;0;16;2:01.955;0;B;23.512;0;55.890;0;42.553;0;123.4;46:12.820;11:46;0:23.512;0:55.890;0:42.553;239.5;Adrien DE LEENER;;
95;0;17;5:08.476;0;;3:37.351;0;56.707;0;34.418;0;48.8;51:21.296;11:51;3:37.351;0:56.707;0:34.418;;Adrien DE LEENER;0:03:09.318;
95;0;18;1:47.778;0;;22.170;0;52.260;0;33.348;0;139.7;53:09.074;11:53;0:22.170;0:52.260;0:33.348;242.6;Adrien DE LEENER;;
95;0;19;1:46.811;0;;21.893;0;51.371;0;33.547;0;141.0;54:55.885;11:54;0:21.893;0:51.371;0:33.547;250.9;Adrien DE LEENER;;
95;0;20;1:45.940;0;;21.808;0;51.360;0;32.772;0;142.1;56:41.825;11:56;0:21.808;0:51.360;0:32.772;249.2;Adrien DE LEENER;;
95;0;21;1:53.493;0;B;21.867;0;51.498;0;40.128;0;132.7;58:35.318;11:58;0:21.867;0:51.498;0:40.128;258.6;Adrien DE LEENER;;
95;0;22;4:03.085;0;;2:37.246;0;53.039;0;32.800;0;61.9;1:02:38.403;12:02;2:37.246;0:53.039;0:32.800;;Adrien DE LEENER;0:02:14.772;
95;0;23;1:44.893;0;;21.458;0;50.589;0;32.846;0;143.5;1:04:23.296;12:04;0:21.458;0:50.589;0:32.846;259.2;Adrien DE LEENER;;
95;0;24;1:44.835;0;;21.653;0;50.594;0;32.588;0;143.6;1:06:08.131;12:06;0:21.653;0:50.594;0:32.588;235.9;Adrien DE LEENER;;
95;0;25;1:45.604;0;;21.426;0;50.401;1;33.777;0;142.6;1:07:53.735;12:07;0:21.426;0:50.401;0:33.777;268.0;Adrien DE LEENER;;
95;0;26;1:43.950;0;;21.382;1;50.468;0;32.100;1;144.8;1:09:37.685;12:09;0:21.382;0:50.468;0:32.100;259.2;Adrien DE LEENER;;
95;0;27;2:10.592;0;B;25.024;0;54.217;0;51.351;0;115.3;1:11:48.277;12:11;0:25.024;0:54.217;0:51.351;225.3;Adrien DE LEENER;;
95;1;28;13:05.359;0;;11:42.998;0;49.926;0;32.435;0;19.2;1:24:53.636;12:24;11:42.998;0:49.926;0:32.435;;Cedric SBIRRAZZUOLI;0:11:21.890;
95;1;29;1:43.082;0;;21.341;0;49.178;0;32.563;0;146.1;1:26:36.718;12:26;0:21.341;0:49.178;0:32.563;256.8;Cedric SBIRRAZZUOLI;;
95;1;30;1:42.005;0;;20.545;2;49.653;0;31.807;2;147.6;1:28:18.723;12:28;0:20.545;0:49.653;0:31.807;258.6;Cedric SBIRRAZZUOLI;;
95;1;31;1:42.255;0;;21.370;0;48.948;0;31.937;0;147.2;1:30:00.978;12:30;0:21.370;0:48.948;0:31.937;262.9;Cedric SBIRRAZZUOLI;;
95;1;32;1:41.786;0;;20.736;0;48.951;0;32.099;0;147.9;1:31:42.764;12:31;0:20.736;0:48.951;0:32.099;262.9;Cedric SBIRRAZZUOLI;;
95;1;33;1:45.737;0;;21.228;0;52.027;0;32.482;0;142.4;1:33:28.501;12:33;0:21.228;0:52.027;0:32.482;261.7;Cedric SBIRRAZZUOLI;;
95;1;34;1:41.326;2;;20.579;0;48.861;2;31.886;0;148.6;1:35:09.827;12:35;0:20.579;0:48.861;0:31.886;262.3;Cedric SBIRRAZZUOLI;;
95;1;35;1:48.250;0;B;20.671;0;49.178;0;38.401;0;139.1;1:36:58.077;12:36;0:20.671;0:49.178;0:38.401;262.3;Cedric SBIRRAZZUOLI;;
95;1;36;3:01.668;0;;1:40.227;0;49.204;0;32.237;0;82.9;1:39:59.745;12:39;1:40.227;0:49.204;0:32.237;;Cedric SBIRRAZZUOLI;0:01:20.246;
95;1;37;1:58.305;0;B;20.870;0;49.075;0;48.360;0;127.3;1:41:58.050;12:41;0:20.870;0:49.075;0:48.360;265.4;Cedric SBIRRAZZUOLI;;
98;0;1;4:55.280;0;B;3:07.776;0;57.557;0;49.947;0;51.0;4:55.280;11:04;3:07.776;0:57.557;0:49.947;;Kevin KORJUS;0:02:43.450;
98;0;2;3:54.420;0;;2:19.076;0;55.410;0;39.934;0;64.2;8:49.700;11:08;2:19.076;0:55.410;0:39.934;;Kevin KORJUS;0:01:56.959;
98;0;3;1:56.130;0;;23.754;0;55.792;0;36.584;0;129.6;10:45.830;11:10;0:23.754;0:55.792;0:36.584;244.8;Kevin KORJUS;;
98;0;4;2:06.317;0;B;23.951;0;55.996;0;46.370;0;119.2;12:52.147;11:12;0:23.951;0:55.996;0:46.370;250.4;Kevin KORJUS;;
98;2;5;9:55.415;0;B;8:00.729;1;1:03.449;0;51.237;0;25.3;22:47.562;11:22;8:00.729;1:03.449;0:51.237;;Yann GOUDY;0:07:36.710;
98;0;6;1:11:23.611;0;;1:10:01.740;0;49.001;0;32.870;0;3.5;1:34:11.173;12:34;1:10:01.740;0:49.001;0:32.870;;Kevin KORJUS;1:09:40.788;
98;0;7;1:45.670;0;;20.713;0;49.168;0;35.789;0;142.5;1:35:56.843;12:35;0:20.713;0:49.168;0:35.789;260.4;Kevin KORJUS;;
98;0;8;1:43.025;0;;20.705;2;48.791;0;33.529;0;146.1;1:37:39.868;12:37;0:20.705;0:48.791;0:33.529;258.6;Kevin KORJUS;;
98;0;9;1:43.067;0;;20.967;0;49.085;0;33.015;0;146.1;1:39:22.935;12:39;0:20.967;0:49.085;0:33.015;260.4;Kevin KORJUS;;
98;0;10;1:41.512;2;;20.860;0;48.625;2;32.027;2;148.3;1:41:04.447;12:41;0:20.860;0:48.625;0:32.027;259.8;Kevin KORJUS;;
98;0;11;2:02.502;0;B;20.600;0;55.373;0;46.529;0;122.9;1:43:06.949;12:43;0:20.600;0:55.373;0:46.529;258.0;Kevin KORJUS;;
99;2;1;4:41.307;0;;3:03.539;0;58.887;0;38.881;0;53.5;4:41.307;11:04;3:03.539;0:58.887;0:38.881;;Alex BRUNDLE;0:02:37.670;
99;2;2;2:01.011;0;;24.246;0;58.261;0;38.504;0;124.4;6:42.318;11:06;0:24.246;0:58.261;0:38.504;239.0;Alex BRUNDLE;;
99;2;3;2:10.274;0;B;24.516;0;59.177;0;46.581;0;115.6;8:52.592;11:08;0:24.516;0:59.177;0:46.581;236.4;Alex BRUNDLE;;
99;2;4;7:39.761;0;;6:06.982;0;56.024;0;36.755;0;32.7;16:32.353;11:16;6:06.982;0:56.024;0:36.755;;Alex BRUNDLE;0:05:43.988;
99;2;5;1:56.506;0;;23.398;0;56.378;0;36.730;0;129.2;18:28.859;11:18;0:23.398;0:56.378;0:36.730;252.7;Alex BRUNDLE;;
99;2;6;1:58.611;0;;23.893;0;57.435;0;37.283;0;126.9;20:27.470;11:20;0:23.893;0:57.435;0:37.283;249.8;Alex BRUNDLE;;
99;2;7;2:17.342;0;B;23.338;0;1:00.224;0;53.780;0;109.6;22:44.812;11:22;0:23.338;1:00.224;0:53.780;253.2;Alex BRUNDLE;;
99;0;8;16:55.585;0;;15:21.078;0;58.568;0;35.939;1;14.8;39:40.397;11:39;15:21.078;0:58.568;0:35.939;;Ricardo GONZALEZ;0:14:55.160;
99;0;9;1:54.264;0;;23.612;1;54.478;1;36.174;0;131.8;41:34.661;11:41;0:23.612;0:54.478;0:36.174;217.3;Ricardo GONZALEZ;;
99;0;10;1:56.290;0;;24.272;0;54.800;0;37.218;0;129.5;43:30.951;11:43;0:24.272;0:54.800;0:37.218;226.7;Ricardo GONZALEZ;;
99;0;11;1:54.934;0;;23.839;0;54.685;0;36.410;0;131.0;45:25.885;11:45;0:23.839;0:54.685;0:36.410;228.5;Ricardo GONZALEZ;;
99;0;12;1:56.894;0;;23.955;0;56.854;0;36.085;0;128.8;47:22.779;11:47;0:23.955;0:56.854;0:36.085;227.1;Ricardo GONZALEZ;;
99;0;13;2:01.842;0;B;24.040;0;55.177;0;42.625;0;123.6;49:24.621;11:49;0:24.040;0:55.177;0:42.625;240.5;Ricardo GONZALEZ;;
99;1;14;8:00.890;0;;6:21.910;0;1:01.208;0;37.772;0;31.3;57:25.511;11:57;6:21.910;1:01.208;0:37.772;;Karim AJLANI;0:05:55.088;
99;1;15;1:57.648;0;;24.132;0;55.931;0;37.585;1;128.0;59:23.159;11:59;0:24.132;0:55.931;0:37.585;223.9;Karim AJLANI;;
99;1;16;1:56.473;0;;23.657;1;55.081;1;37.735;0;129.3;1:01:19.632;12:01;0:23.657;0:55.081;0:37.735;237.4;Karim AJLANI;;
99;1;17;2:08.781;0;B;23.950;0;56.274;0;48.557;0;116.9;1:03:28.413;12:03;0:23.950;0:56.274;0:48.557;232.4;Karim AJLANI;;
99;2;18;31:15.544;0;;29:50.007;0;53.542;0;31.995;0;8.0;1:34:43.957;12:34;29:50.007;0:53.542;0:31.995;;Alex BRUNDLE;0:29:24.186;
99;2;19;1:42.293;2;;20.738;0;49.112;2;32.443;0;147.2;1:36:26.250;12:36;0:20.738;0:49.112;0:32.443;258.0;Alex BRUNDLE;;
99;2;20;1:46.284;0;;20.539;0;53.270;0;32.475;0;141.7;1:38:12.534;12:38;0:20.539;0:53.270;0:32.475;259.8;Alex BRUNDLE;;
99;2;21;1:43.856;0;;20.628;0;51.268;0;31.960;2;145.0;1:39:56.390;12:39;0:20.628;0:51.268;0:31.960;259.2;Alex BRUNDLE;;
99;2;22;1:59.881;0;B;20.414;2;49.361;0;50.106;0;125.6;1:41:56.271;12:41;0:20.414;0:49.361;0:50.106;259.8;Alex BRUNDLE;;
