NUMBER; DRIVER_NUMBER; LAP_NUMBER; LAP_TIME; LAP_IMPROVEMENT; CROSSING_FINISH_LINE_IN_PIT; S1; S1_IMPROVEMENT; S2; S2_IMPROVEMENT; S3; S3_IMPROVEMENT; KPH; ELAPSED; HOUR;S1_LARGE;S2_LARGE;S3_LARGE;TOP_SPEED;DRIVER_NAME;PIT_TIME;CLASS;GROUP;TEAM;MANUFACTURER;
1;0;1;1:57.871;0;;45.622;0;39.504;0;32.745;0;165.3;1:57.871;19:31:57.871;0:45.622;0:39.504;0:32.745;154.1;Timo BERNHARD;0:00:10.885;LMP1;H;Porsche Team;Porsche;
1;0;2;1:40.476;0;;32.341;0;36.747;1;31.388;1;193.9;3:38.347;19:33:38.347;0:32.341;0:36.747;0:31.388;266.2;Timo BERNHARD;;LMP1;H;Porsche Team;Porsche;
1;0;3;1:48.266;0;;36.165;0;39.462;0;32.639;0;180.0;5:26.613;19:35:26.613;0:36.165;0:39.462;0:32.639;192.5;Timo BERNHARD;;LMP1;H;Porsche Team;Porsche;
1;0;4;1:40.880;0;;32.331;1;36.931;0;31.618;0;193.1;7:07.493;19:37:07.493;0:32.331;0:36.931;0:31.618;266.9;Timo BERNHARD;;LMP1;H;Porsche Team;Porsche;
1;0;5;1:50.334;0;B;34.762;0;38.902;0;36.670;0;176.6;8:57.827;19:38:57.827;0:34.762;0:38.902;0:36.670;224.3;Timo BERNHARD;;LMP1;H;Porsche Team;Porsche;
1;2;6;4:59.825;0;;3:47.281;0;39.718;0;32.826;0;65.0;13:57.652;19:43:57.652;3:47.281;0:39.718;0:32.826;176.5;Brendon HARTLEY;0:03:15.584;LMP1;H;Porsche Team;Porsche;
1;2;7;1:40.272;2;;32.304;2;36.722;2;31.246;3;194.3;15:37.924;19:45:37.924;0:32.304;0:36.722;0:31.246;267.6;Brendon HARTLEY;;LMP1;H;Porsche Team;Porsche;
1;2;8;1:48.621;0;;35.018;0;39.676;0;33.927;0;179.4;17:26.545;19:47:26.545;0:35.018;0:39.676;0:33.927;243.0;Brendon HARTLEY;;LMP1;H;Porsche Team;Porsche;
1;2;9;1:42.481;0;;32.983;0;37.137;0;32.361;0;190.1;19:09.026;19:49:09.026;0:32.983;0:37.137;0:32.361;268.2;Brendon HARTLEY;;LMP1;H;Porsche Team;Porsche;
1;2;10;1:49.522;0;B;33.580;0;38.655;0;37.287;0;177.9;20:58.548;19:50:58.548;0:33.580;0:38.655;0:37.287;240.8;Brendon HARTLEY;;LMP1;H;Porsche Team;Porsche;
1;1;11;12:36.370;0;;11:23.653;0;39.946;0;32.771;0;25.8;33:34.918;20:03:34.918;11:23.653;0:39.946;0:32.771;176.8;Mark WEBBER;0:10:53.271;LMP1;H;Porsche Team;Porsche;
1;1;12;1:44.850;0;;33.703;0;38.703;0;32.444;0;185.8;35:19.768;20:05:19.768;0:33.703;0:38.703;0:32.444;247.4;Mark WEBBER;;LMP1;H;Porsche Team;Porsche;
1;1;13;1:44.809;0;;33.654;0;38.985;0;32.170;0;185.9;37:04.577;20:07:04.577;0:33.654;0:38.985;0:32.170;248.5;Mark WEBBER;;LMP1;H;Porsche Team;Porsche;
1;1;14;1:44.039;0;;33.349;0;38.357;0;32.333;0;187.3;38:48.616;20:08:48.616;0:33.349;0:38.357;0:32.333;253.2;Mark WEBBER;;LMP1;H;Porsche Team;Porsche;
1;1;15;1:43.780;0;;33.328;1;38.373;0;32.079;0;187.7;40:32.396;20:10:32.396;0:33.328;0:38.373;0:32.079;256.8;Mark WEBBER;;LMP1;H;Porsche Team;Porsche;
1;1;16;1:43.465;0;;33.384;0;38.101;0;31.980;0;188.3;42:15.861;20:12:15.861;0:33.384;0:38.101;0:31.980;253.8;Mark WEBBER;;LMP1;H;Porsche Team;Porsche;
1;1;17;1:44.422;0;;33.580;0;38.263;0;32.579;0;186.6;44:00.283;20:14:00.283;0:33.580;0:38.263;0:32.579;251.4;Mark WEBBER;;LMP1;H;Porsche Team;Porsche;
1;1;18;1:43.663;0;;33.532;0;38.114;0;32.017;0;187.9;45:43.946;20:15:43.946;0:33.532;0:38.114;0:32.017;250.3;Mark WEBBER;;LMP1;H;Porsche Team;Porsche;
1;1;19;1:43.700;0;;33.359;0;38.099;1;32.242;0;187.9;47:27.646;20:17:27.646;0:33.359;0:38.099;0:32.242;248.0;Mark WEBBER;;LMP1;H;Porsche Team;Porsche;
1;1;20;1:45.123;0;;33.677;0;38.877;0;32.569;0;185.3;49:12.769;20:19:12.769;0:33.677;0:38.877;0:32.569;250.8;Mark WEBBER;;LMP1;H;Porsche Team;Porsche;
1;1;21;1:43.525;0;;33.398;0;38.246;0;31.881;1;188.2;50:56.294;20:20:56.294;0:33.398;0:38.246;0:31.881;248.0;Mark WEBBER;;LMP1;H;Porsche Team;Porsche;
1;1;22;1:44.251;0;;33.503;0;38.369;0;32.379;0;186.9;52:40.545;20:22:40.545;0:33.503;0:38.369;0:32.379;261.7;Mark WEBBER;;LMP1;H;Porsche Team;Porsche;
1;1;23;1:44.991;0;;33.383;0;38.733;0;32.875;0;185.6;54:25.536;20:24:25.536;0:33.383;0:38.733;0:32.875;250.8;Mark WEBBER;;LMP1;H;Porsche Team;Porsche;
1;1;24;1:44.042;0;;33.524;0;38.275;0;32.243;0;187.3;56:09.578;20:26:09.578;0:33.524;0:38.275;0:32.243;245.7;Mark WEBBER;;LMP1;H;Porsche Team;Porsche;
1;1;25;1:44.165;0;;33.569;0;38.272;0;32.324;0;187.0;57:53.743;20:27:53.743;0:33.569;0:38.272;0:32.324;244.1;Mark WEBBER;;LMP1;H;Porsche Team;Porsche;
1;1;26;1:48.642;0;B;34.027;0;38.324;0;36.291;0;179.3;59:42.385;20:29:42.385;0:34.027;0:38.324;0:36.291;254.4;Mark WEBBER;;LMP1;H;Porsche Team;Porsche;
1;1;27;7:18.885;0;;6:06.424;0;39.378;0;33.083;0;44.4;1:07:01.270;20:37:01.270;6:06.424;0:39.378;0:33.083;180.3;Mark WEBBER;0:05:36.543;LMP1;H;Porsche Team;Porsche;
1;1;28;1:44.047;0;;33.749;0;38.261;0;32.037;0;187.3;1:08:45.317;20:38:45.317;0:33.749;0:38.261;0:32.037;253.8;Mark WEBBER;;LMP1;H;Porsche Team;Porsche;
1;1;29;1:44.086;0;;33.652;0;38.426;0;32.008;0;187.2;1:10:29.403;20:40:29.403;0:33.652;0:38.426;0:32.008;249.1;Mark WEBBER;;LMP1;H;Porsche Team;Porsche;
1;1;30;1:43.740;0;;33.355;0;38.433;0;31.952;0;187.8;1:12:13.143;20:42:13.143;0:33.355;0:38.433;0:31.952;246.8;Mark WEBBER;;LMP1;H;Porsche Team;Porsche;
1;1;31;1:44.423;0;;33.370;0;38.656;0;32.397;0;186.6;1:13:57.566;20:43:57.566;0:33.370;0:38.656;0:32.397;248.5;Mark WEBBER;;LMP1;H;Porsche Team;Porsche;
1;1;32;1:44.415;0;;33.570;0;38.663;0;32.182;0;186.6;1:15:41.981;20:45:41.981;0:33.570;0:38.663;0:32.182;251.4;Mark WEBBER;;LMP1;H;Porsche Team;Porsche;
1;1;33;1:44.409;0;;33.781;0;38.492;0;32.136;0;186.6;1:17:26.390;20:47:26.390;0:33.781;0:38.492;0:32.136;253.8;Mark WEBBER;;LMP1;H;Porsche Team;Porsche;
1;1;34;1:44.799;0;;33.759;0;38.455;0;32.585;0;185.9;1:19:11.189;20:49:11.189;0:33.759;0:38.455;0:32.585;255.0;Mark WEBBER;;LMP1;H;Porsche Team;Porsche;
1;1;35;1:44.947;0;;33.745;0;38.396;0;32.806;0;185.6;1:20:56.136;20:50:56.136;0:33.745;0:38.396;0:32.806;263.0;Mark WEBBER;;LMP1;H;Porsche Team;Porsche;
1;1;36;1:44.644;0;;33.523;0;39.074;0;32.047;0;186.2;1:22:40.780;20:52:40.780;0:33.523;0:39.074;0:32.047;250.3;Mark WEBBER;;LMP1;H;Porsche Team;Porsche;
1;1;37;1:43.876;0;;33.578;0;38.376;0;31.922;0;187.6;1:24:24.656;20:54:24.656;0:33.578;0:38.376;0:31.922;244.6;Mark WEBBER;;LMP1;H;Porsche Team;Porsche;
1;1;38;1:45.146;0;;33.528;0;38.648;0;32.970;0;185.3;1:26:09.802;20:56:09.802;0:33.528;0:38.648;0:32.970;249.1;Mark WEBBER;;LMP1;H;Porsche Team;Porsche;
1;1;39;1:44.006;0;;33.715;0;38.287;0;32.004;0;187.3;1:27:53.808;20:57:53.808;0:33.715;0:38.287;0:32.004;248.0;Mark WEBBER;;LMP1;H;Porsche Team;Porsche;
1;1;40;1:44.482;0;;33.556;0;38.961;0;31.965;0;186.5;1:29:38.290;20:59:38.290;0:33.556;0:38.961;0:31.965;246.8;Mark WEBBER;;LMP1;H;Porsche Team;Porsche;
1;1;41;1:44.747;0;;33.419;0;38.546;0;32.782;0;186.0;1:31:23.037;21:01:23.037;0:33.419;0:38.546;0:32.782;270.2;Mark WEBBER;;LMP1;H;Porsche Team;Porsche;
13;1;1;2:31.965;0;;1:15.453;0;41.755;0;34.757;0;128.2;2:31.965;19:32:31.965;1:15.453;0:41.755;0:34.757;173.9;Dominik KRAIHAMER;0:00:41.444;LMP1;;Rebellion Racing;Rebellion;
13;1;2;1:50.589;0;;35.045;0;40.652;0;34.892;0;176.2;4:22.554;19:34:22.554;0:35.045;0:40.652;0:34.892;290.5;Dominik KRAIHAMER;;LMP1;;Rebellion Racing;Rebellion;
13;1;3;1:50.429;0;;34.956;0;41.416;0;34.057;0;176.4;6:12.983;19:36:12.983;0:34.956;0:41.416;0:34.057;282.2;Dominik KRAIHAMER;;LMP1;;Rebellion Racing;Rebellion;
13;1;4;1:50.205;0;;35.630;0;40.352;1;34.223;0;176.8;8:03.188;19:38:03.188;0:35.630;0:40.352;0:34.223;289.7;Dominik KRAIHAMER;;LMP1;;Rebellion Racing;Rebellion;
13;1;5;1:50.002;0;;35.649;0;40.467;0;33.886;1;177.1;9:53.190;19:39:53.190;0:35.649;0:40.467;0:33.886;288.2;Dominik KRAIHAMER;;LMP1;;Rebellion Racing;Rebellion;
13;1;6;1:54.574;0;B;34.853;1;40.753;0;38.968;0;170.0;11:47.764;19:41:47.764;0:34.853;0:40.753;0:38.968;256.2;Dominik KRAIHAMER;;LMP1;;Rebellion Racing;Rebellion;
13;2;7;6:05.876;0;;4:47.247;0;41.384;0;37.245;0;53.3;17:53.640;19:47:53.640;4:47.247;0:41.384;0:37.245;150.7;Alexandre IMPERATORI;0:04:07.934;LMP1;;Rebellion Racing;Rebellion;
13;2;8;1:47.178;2;;33.942;2;39.825;2;33.411;0;181.8;19:40.818;19:49:40.818;0:33.942;0:39.825;0:33.411;296.9;Alexandre IMPERATORI;;LMP1;;Rebellion Racing;Rebellion;
13;2;9;1:47.767;0;;34.070;0;40.372;0;33.325;2;180.8;21:28.585;19:51:28.585;0:34.070;0:40.372;0:33.325;296.9;Alexandre IMPERATORI;;LMP1;;Rebellion Racing;Rebellion;
13;2;10;1:52.548;0;B;33.945;0;40.247;0;38.356;0;173.1;23:21.133;19:53:21.133;0:33.945;0:40.247;0:38.356;289.7;Alexandre IMPERATORI;;LMP1;;Rebellion Racing;Rebellion;
13;2;11;6:25.427;0;;5:08.115;0;40.799;0;36.513;0;50.5;29:46.560;19:59:46.560;5:08.115;0:40.799;0:36.513;79.8;Alexandre IMPERATORI;0:04:31.691;LMP1;;Rebellion Racing;Rebellion;
13;2;12;1:47.871;0;;34.261;0;40.142;0;33.468;0;180.6;31:34.431;20:01:34.431;0:34.261;0:40.142;0:33.468;289.0;Alexandre IMPERATORI;;LMP1;;Rebellion Racing;Rebellion;
13;2;13;1:48.275;0;;34.191;0;40.162;0;33.922;0;179.9;33:22.706;20:03:22.706;0:34.191;0:40.162;0:33.922;284.4;Alexandre IMPERATORI;;LMP1;;Rebellion Racing;Rebellion;
13;2;14;1:53.278;0;B;34.633;0;40.313;0;38.332;0;172.0;35:15.984;20:05:15.984;0:34.633;0:40.313;0:38.332;285.9;Alexandre IMPERATORI;;LMP1;;Rebellion Racing;Rebellion;
13;0;15;5:53.839;0;;4:36.617;0;42.248;0;34.974;0;55.1;41:09.823;20:11:09.823;4:36.617;0:42.248;0:34.974;138.9;Mathéo TUSCHER;0:04:02.663;LMP1;;Rebellion Racing;Rebellion;
13;0;16;1:51.034;0;;35.405;0;41.259;0;34.370;0;175.5;43:00.857;20:13:00.857;0:35.405;0:41.259;0:34.370;251.4;Mathéo TUSCHER;;LMP1;;Rebellion Racing;Rebellion;
13;0;17;1:48.947;0;;34.518;0;40.360;0;34.069;0;178.8;44:49.804;20:14:49.804;0:34.518;0:40.360;0:34.069;279.3;Mathéo TUSCHER;;LMP1;;Rebellion Racing;Rebellion;
13;0;18;1:47.784;0;;34.185;0;40.067;1;33.532;1;180.8;46:37.588;20:16:37.588;0:34.185;0:40.067;0:33.532;297.7;Mathéo TUSCHER;;LMP1;;Rebellion Racing;Rebellion;
13;0;19;1:50.413;0;;34.162;1;41.711;0;34.540;0;176.5;48:28.001;20:18:28.001;0:34.162;0:41.711;0:34.540;296.9;Mathéo TUSCHER;;LMP1;;Rebellion Racing;Rebellion;
13;0;20;1:49.742;0;;34.318;0;40.382;0;35.042;0;177.5;50:17.743;20:20:17.743;0:34.318;0:40.382;0:35.042;296.1;Mathéo TUSCHER;;LMP1;;Rebellion Racing;Rebellion;
13;0;21;1:48.613;0;;34.402;0;40.288;0;33.923;0;179.4;52:06.356;20:22:06.356;0:34.402;0:40.288;0:33.923;293.7;Mathéo TUSCHER;;LMP1;;Rebellion Racing;Rebellion;
13;0;22;1:48.894;0;;34.524;0;40.453;0;33.917;0;178.9;53:55.250;20:23:55.250;0:34.524;0:40.453;0:33.917;289.7;Mathéo TUSCHER;;LMP1;;Rebellion Racing;Rebellion;
13;0;23;1:49.555;0;;34.328;0;40.416;0;34.811;0;177.8;55:44.805;20:25:44.805;0:34.328;0:40.416;0:34.811;288.2;Mathéo TUSCHER;;LMP1;;Rebellion Racing;Rebellion;
13;0;24;1:51.365;0;;34.878;0;40.983;0;35.504;0;174.9;57:36.170;20:27:36.170;0:34.878;0:40.983;0:35.504;272.3;Mathéo TUSCHER;;LMP1;;Rebellion Racing;Rebellion;
13;0;25;1:51.376;0;;34.968;0;42.095;0;34.313;0;174.9;59:27.546;20:29:27.546;0:34.968;0:42.095;0:34.313;280.0;Mathéo TUSCHER;;LMP1;;Rebellion Racing;Rebellion;
13;0;26;1:51.233;0;;34.797;0;42.338;0;34.098;0;175.2;1:01:18.779;20:31:18.779;0:34.797;0:42.338;0:34.098;275.7;Mathéo TUSCHER;;LMP1;;Rebellion Racing;Rebellion;
13;0;27;1:49.438;0;;34.474;0;40.543;0;34.421;0;178.0;1:03:08.217;20:33:08.217;0:34.474;0:40.543;0:34.421;286.7;Mathéo TUSCHER;;LMP1;;Rebellion Racing;Rebellion;
13;0;28;1:49.602;0;;34.801;0;40.694;0;34.107;0;177.8;1:04:57.819;20:34:57.819;0:34.801;0:40.694;0:34.107;266.9;Mathéo TUSCHER;;LMP1;;Rebellion Racing;Rebellion;
13;0;29;1:48.819;0;;34.472;0;40.598;0;33.749;0;179.0;1:06:46.638;20:36:46.638;0:34.472;0:40.598;0:33.749;289.7;Mathéo TUSCHER;;LMP1;;Rebellion Racing;Rebellion;
13;0;30;1:49.665;0;;34.450;0;41.190;0;34.025;0;177.7;1:08:36.303;20:38:36.303;0:34.450;0:41.190;0:34.025;282.2;Mathéo TUSCHER;;LMP1;;Rebellion Racing;Rebellion;
13;0;31;2:10.402;0;B;34.444;0;45.160;0;50.798;0;149.4;1:10:46.705;20:40:46.705;0:34.444;0:45.160;0:50.798;287.4;Mathéo TUSCHER;;LMP1;;Rebellion Racing;Rebellion;
2;2;1;1:53.984;0;;40.930;0;40.459;0;32.595;0;170.9;1:53.984;19:31:53.984;0:40.930;0:40.459;0:32.595;159.8;Marc LIEB;0:00:05.735;LMP1;H;Porsche Team;Porsche;
2;2;2;1:40.321;0;;32.235;1;36.699;1;31.387;2;194.2;3:34.305;19:33:34.305;0:32.235;0:36.699;0:31.387;266.9;Marc LIEB;;LMP1;H;Porsche Team;Porsche;
2;2;3;1:46.542;0;;34.890;0;39.547;0;32.105;0;182.9;5:20.847;19:35:20.847;0:34.890;0:39.547;0:32.105;243.5;Marc LIEB;;LMP1;H;Porsche Team;Porsche;
2;2;4;1:42.278;0;;32.281;0;37.514;0;32.483;0;190.5;7:03.125;19:37:03.125;0:32.281;0:37.514;0:32.483;268.2;Marc LIEB;;LMP1;H;Porsche Team;Porsche;
2;2;5;1:50.433;0;B;34.750;0;39.963;0;35.720;0;176.4;8:53.558;19:38:53.558;0:34.750;0:39.963;0:35.720;237.1;Marc LIEB;;LMP1;H;Porsche Team;Porsche;
2;1;6;4:56.893;0;;3:43.257;0;39.304;0;34.332;0;65.6;13:50.451;19:43:50.451;3:43.257;0:39.304;0:34.332;167.5;Neel JANI;0:03:11.426;LMP1;H;Porsche Team;Porsche;
2;1;7;1:39.817;3;;31.950;3;36.456;3;31.411;1;195.2;15:30.268;19:45:30.268;0:31.950;0:36.456;0:31.411;268.2;Neel JANI;;LMP1;H;Porsche Team;Porsche;
2;1;8;1:46.289;0;;35.776;0;38.083;0;32.430;0;183.3;17:16.557;19:47:16.557;0:35.776;0:38.083;0:32.430;238.2;Neel JANI;;LMP1;H;Porsche Team;Porsche;
2;1;9;1:42.214;0;;32.611;0;37.647;0;31.956;0;190.6;18:58.771;19:48:58.771;0:32.611;0:37.647;0:31.956;268.9;Neel JANI;;LMP1;H;Porsche Team;Porsche;
2;1;10;1:50.610;0;B;33.634;0;39.850;0;37.126;0;176.1;20:49.381;19:50:49.381;0:33.634;0:39.850;0:37.126;272.3;Neel JANI;;LMP1;H;Porsche Team;Porsche;
2;0;11;11:56.732;0;;10:34.091;0;41.232;0;41.409;0;27.2;32:46.113;20:02:46.113;10:34.091;0:41.232;0:41.409;178.8;Romain DUMAS;0:10:03.817;LMP1;H;Porsche Team;Porsche;
2;0;12;1:45.486;0;;33.070;1;39.148;0;33.268;0;184.7;34:31.599;20:04:31.599;0:33.070;0:39.148;0:33.268;270.9;Romain DUMAS;;LMP1;H;Porsche Team;Porsche;
2;0;13;1:44.064;0;;33.230;0;38.662;0;32.172;0;187.2;36:15.663;20:06:15.663;0:33.230;0:38.662;0:32.172;245.2;Romain DUMAS;;LMP1;H;Porsche Team;Porsche;
2;0;14;1:44.166;0;;33.206;0;38.368;0;32.592;0;187.0;37:59.829;20:07:59.829;0:33.206;0:38.368;0:32.592;248.5;Romain DUMAS;;LMP1;H;Porsche Team;Porsche;
2;0;15;1:44.749;0;;33.808;0;38.759;0;32.182;0;186.0;39:44.578;20:09:44.578;0:33.808;0:38.759;0:32.182;251.4;Romain DUMAS;;LMP1;H;Porsche Team;Porsche;
2;0;16;1:43.587;0;;33.402;0;38.256;0;31.929;0;188.1;41:28.165;20:11:28.165;0:33.402;0:38.256;0:31.929;250.8;Romain DUMAS;;LMP1;H;Porsche Team;Porsche;
2;0;17;1:43.617;0;;33.112;0;38.250;0;32.255;0;188.0;43:11.782;20:13:11.782;0:33.112;0:38.250;0:32.255;252.0;Romain DUMAS;;LMP1;H;Porsche Team;Porsche;
2;0;18;1:44.615;0;;34.065;0;38.222;0;32.328;0;186.2;44:56.397;20:14:56.397;0:34.065;0:38.222;0:32.328;256.2;Romain DUMAS;;LMP1;H;Porsche Team;Porsche;
2;0;19;1:43.919;0;;33.405;0;38.436;0;32.078;0;187.5;46:40.316;20:16:40.316;0:33.405;0:38.436;0:32.078;248.0;Romain DUMAS;;LMP1;H;Porsche Team;Porsche;
2;0;20;1:44.828;0;;33.285;0;38.765;0;32.778;0;185.9;48:25.144;20:18:25.144;0:33.285;0:38.765;0:32.778;249.7;Romain DUMAS;;LMP1;H;Porsche Team;Porsche;
2;0;21;1:44.821;0;;33.370;0;39.455;0;31.996;0;185.9;50:09.965;20:20:09.965;0:33.370;0:39.455;0:31.996;253.2;Romain DUMAS;;LMP1;H;Porsche Team;Porsche;
2;0;22;1:44.511;0;;33.452;0;38.912;0;32.147;0;186.4;51:54.476;20:21:54.476;0:33.452;0:38.912;0:32.147;249.1;Romain DUMAS;;LMP1;H;Porsche Team;Porsche;
2;0;23;1:44.233;0;;33.397;0;38.565;0;32.271;0;186.9;53:38.709;20:23:38.709;0:33.397;0:38.565;0:32.271;251.4;Romain DUMAS;;LMP1;H;Porsche Team;Porsche;
2;0;24;1:44.111;0;;33.697;0;38.110;0;32.304;0;187.1;55:22.820;20:25:22.820;0:33.697;0:38.110;0:32.304;250.8;Romain DUMAS;;LMP1;H;Porsche Team;Porsche;
2;0;25;1:47.292;0;B;33.299;0;38.433;0;35.560;0;181.6;57:10.112;20:27:10.112;0:33.299;0:38.433;0:35.560;250.3;Romain DUMAS;;LMP1;H;Porsche Team;Porsche;
2;0;26;7:07.625;0;;5:44.896;0;38.431;0;44.298;0;45.6;1:04:17.737;20:34:17.737;5:44.896;0:38.431;0:44.298;182.1;Romain DUMAS;0:05:11.228;LMP1;H;Porsche Team;Porsche;
2;0;27;1:43.317;0;;33.303;0;38.123;0;31.891;0;188.6;1:06:01.054;20:36:01.054;0:33.303;0:38.123;0:31.891;250.3;Romain DUMAS;;LMP1;H;Porsche Team;Porsche;
2;0;28;1:43.424;0;;33.263;0;38.276;0;31.885;1;188.4;1:07:44.478;20:37:44.478;0:33.263;0:38.276;0:31.885;250.8;Romain DUMAS;;LMP1;H;Porsche Team;Porsche;
2;0;29;1:44.134;0;;33.158;0;38.971;0;32.005;0;187.1;1:09:28.612;20:39:28.612;0:33.158;0:38.971;0:32.005;252.0;Romain DUMAS;;LMP1;H;Porsche Team;Porsche;
2;0;30;1:43.257;0;;33.213;0;38.104;1;31.940;0;188.7;1:11:11.869;20:41:11.869;0:33.213;0:38.104;0:31.940;252.6;Romain DUMAS;;LMP1;H;Porsche Team;Porsche;
2;0;31;1:44.687;0;;33.387;0;38.835;0;32.465;0;186.1;1:12:56.556;20:42:56.556;0:33.387;0:38.835;0:32.465;253.8;Romain DUMAS;;LMP1;H;Porsche Team;Porsche;
2;0;32;1:44.086;0;;33.250;0;38.644;0;32.192;0;187.2;1:14:40.642;20:44:40.642;0:33.250;0:38.644;0:32.192;249.7;Romain DUMAS;;LMP1;H;Porsche Team;Porsche;
2;0;33;1:43.832;0;;33.398;0;38.366;0;32.068;0;187.6;1:16:24.474;20:46:24.474;0:33.398;0:38.366;0:32.068;247.4;Romain DUMAS;;LMP1;H;Porsche Team;Porsche;
2;0;34;1:44.914;0;;34.528;0;38.304;0;32.082;0;185.7;1:18:09.388;20:48:09.388;0:34.528;0:38.304;0:32.082;252.0;Romain DUMAS;;LMP1;H;Porsche Team;Porsche;
2;0;35;1:44.415;0;;33.232;0;38.710;0;32.473;0;186.6;1:19:53.803;20:49:53.803;0:33.232;0:38.710;0:32.473;255.6;Romain DUMAS;;LMP1;H;Porsche Team;Porsche;
2;0;36;1:46.802;0;;33.597;0;39.441;0;33.764;0;182.4;1:21:40.605;20:51:40.605;0:33.597;0:39.441;0:33.764;256.8;Romain DUMAS;;LMP1;H;Porsche Team;Porsche;
2;0;37;1:45.234;0;;33.334;0;39.404;0;32.496;0;185.1;1:23:25.839;20:53:25.839;0:33.334;0:39.404;0:32.496;250.8;Romain DUMAS;;LMP1;H;Porsche Team;Porsche;
2;0;38;1:45.006;0;;33.431;0;38.904;0;32.671;0;185.5;1:25:10.845;20:55:10.845;0:33.431;0:38.904;0:32.671;251.4;Romain DUMAS;;LMP1;H;Porsche Team;Porsche;
2;0;39;1:44.636;0;;33.754;0;38.392;0;32.490;0;186.2;1:26:55.481;20:56:55.481;0:33.754;0:38.392;0:32.490;252.0;Romain DUMAS;;LMP1;H;Porsche Team;Porsche;
2;0;40;1:43.934;0;;33.375;0;38.373;0;32.186;0;187.5;1:28:39.415;20:58:39.415;0:33.375;0:38.373;0:32.186;253.2;Romain DUMAS;;LMP1;H;Porsche Team;Porsche;
2;0;41;1:43.959;0;;33.261;0;38.176;0;32.522;0;187.4;1:30:23.374;21:00:23.374;0:33.261;0:38.176;0:32.522;252.0;Romain DUMAS;;LMP1;H;Porsche Team;Porsche;
26;1;1;2:21.637;0;;1:01.788;0;42.949;0;36.900;0;137.6;2:21.637;19:32:21.637;1:01.788;0:42.949;0:36.900;159.6;René RAST;0:00:26.502;LMP2;;G-Drive Racing;Oreca;
26;1;2;1:54.450;0;;36.455;0;41.867;0;36.128;0;170.2;4:16.087;19:34:16.087;0:36.455;0:41.867;0:36.128;246.3;René RAST;;LMP2;;G-Drive Racing;Oreca;
26;1;3;1:53.726;0;;36.401;0;41.658;0;35.667;0;171.3;6:09.813;19:36:09.813;0:36.401;0:41.658;0:35.667;258.6;René RAST;;LMP2;;G-Drive Racing;Oreca;
26;1;4;1:54.324;0;;36.220;0;42.490;0;35.614;0;170.4;8:04.137;19:38:04.137;0:36.220;0:42.490;0:35.614;262.4;René RAST;;LMP2;;G-Drive Racing;Oreca;
26;1;5;1:57.829;0;B;36.486;0;41.884;0;39.459;0;165.4;10:01.966;19:40:01.966;0:36.486;0:41.884;0:39.459;261.7;René RAST;;LMP2;;G-Drive Racing;Oreca;
26;1;6;3:56.243;0;;2:38.556;0;42.146;0;35.541;0;82.5;13:58.209;19:43:58.209;2:38.556;0:42.146;0:35.541;178.2;René RAST;0:02:07.366;LMP2;;G-Drive Racing;Oreca;
26;1;7;1:50.085;0;;35.356;0;40.099;2;34.630;0;177.0;15:48.294;19:45:48.294;0:35.356;0:40.099;0:34.630;268.2;René RAST;;LMP2;;G-Drive Racing;Oreca;
26;1;8;1:50.056;2;;35.255;2;40.271;0;34.530;2;177.0;17:38.350;19:47:38.350;0:35.255;0:40.271;0:34.530;267.6;René RAST;;LMP2;;G-Drive Racing;Oreca;
26;1;9;1:51.326;0;;35.500;0;40.843;0;34.983;0;175.0;19:29.676;19:49:29.676;0:35.500;0:40.843;0:34.983;268.2;René RAST;;LMP2;;G-Drive Racing;Oreca;
26;1;10;1:54.217;0;B;35.401;0;40.266;0;38.550;0;170.6;21:23.893;19:51:23.893;0:35.401;0:40.266;0:38.550;268.2;René RAST;;LMP2;;G-Drive Racing;Oreca;
26;2;11;4:12.138;0;;2:54.526;0;42.241;0;35.371;0;77.3;25:36.031;19:55:36.031;2:54.526;0:42.241;0:35.371;170.9;Alex BRUNDLE;0:02:22.178;LMP2;;G-Drive Racing;Oreca;
26;2;12;2:55.778;0;;48.496;0;1:20.618;0;46.664;0;110.8;28:31.809;19:58:31.809;0:48.496;1:20.618;0:46.664;258.6;Alex BRUNDLE;;LMP2;;G-Drive Racing;Oreca;
26;2;13;1:52.701;0;;36.418;0;41.159;0;35.124;0;172.9;30:24.510;20:00:24.510;0:36.418;0:41.159;0:35.124;259.9;Alex BRUNDLE;;LMP2;;G-Drive Racing;Oreca;
26;2;14;1:52.276;0;;36.158;0;41.029;0;35.089;0;173.5;32:16.786;20:02:16.786;0:36.158;0:41.029;0:35.089;266.9;Alex BRUNDLE;;LMP2;;G-Drive Racing;Oreca;
26;2;15;1:54.531;0;;36.121;0;43.137;0;35.273;0;170.1;34:11.317;20:04:11.317;0:36.121;0:43.137;0:35.273;268.9;Alex BRUNDLE;;LMP2;;G-Drive Racing;Oreca;
26;2;16;1:52.775;0;;36.219;0;41.137;0;35.419;0;172.8;36:04.092;20:06:04.092;0:36.219;0:41.137;0:35.419;259.9;Alex BRUNDLE;;LMP2;;G-Drive Racing;Oreca;
26;2;17;1:52.866;0;;36.375;0;40.956;1;35.535;0;172.6;37:56.958;20:07:56.958;0:36.375;0:40.956;0:35.535;267.6;Alex BRUNDLE;;LMP2;;G-Drive Racing;Oreca;
26;2;18;1:53.380;0;;36.092;0;41.908;0;35.380;0;171.8;39:50.338;20:09:50.338;0:36.092;0:41.908;0:35.380;268.2;Alex BRUNDLE;;LMP2;;G-Drive Racing;Oreca;
26;2;19;1:52.371;0;;36.143;0;41.249;0;34.979;1;173.4;41:42.709;20:11:42.709;0:36.143;0:41.249;0:34.979;269.6;Alex BRUNDLE;;LMP2;;G-Drive Racing;Oreca;
26;2;20;1:52.521;0;;36.002;0;41.360;0;35.159;0;173.2;43:35.230;20:13:35.230;0:36.002;0:41.360;0:35.159;264.3;Alex BRUNDLE;;LMP2;;G-Drive Racing;Oreca;
26;2;21;1:52.433;0;;35.953;1;41.266;0;35.214;0;173.3;45:27.663;20:15:27.663;0:35.953;0:41.266;0:35.214;267.6;Alex BRUNDLE;;LMP2;;G-Drive Racing;Oreca;
26;2;22;1:54.218;0;;36.101;0;41.803;0;36.314;0;170.6;47:21.881;20:17:21.881;0:36.101;0:41.803;0:36.314;267.6;Alex BRUNDLE;;LMP2;;G-Drive Racing;Oreca;
26;2;23;1:53.512;0;;36.147;0;41.048;0;36.317;0;171.6;49:15.393;20:19:15.393;0:36.147;0:41.048;0:36.317;265.6;Alex BRUNDLE;;LMP2;;G-Drive Racing;Oreca;
26;2;24;1:52.180;0;;36.030;0;41.033;0;35.117;0;173.7;51:07.573;20:21:07.573;0:36.030;0:41.033;0:35.117;268.9;Alex BRUNDLE;;LMP2;;G-Drive Racing;Oreca;
26;2;25;1:58.230;0;B;36.048;0;41.815;0;40.367;0;164.8;53:05.803;20:23:05.803;0:36.048;0:41.815;0:40.367;268.9;Alex BRUNDLE;;LMP2;;G-Drive Racing;Oreca;
26;0;26;14:53.938;0;;13:35.896;0;42.270;0;35.772;0;21.8;1:07:59.741;20:37:59.741;13:35.896;0:42.270;0:35.772;153.7;Roman RUSINOV;0:13:01.974;LMP2;;G-Drive Racing;Oreca;
26;0;27;1:54.618;0;;36.468;0;42.345;0;35.805;0;170.0;1:09:54.359;20:39:54.359;0:36.468;0:42.345;0:35.805;264.9;Roman RUSINOV;;LMP2;;G-Drive Racing;Oreca;
26;0;28;1:53.472;0;;36.234;1;41.426;1;35.812;0;171.7;1:11:47.831;20:41:47.831;0:36.234;0:41.426;0:35.812;264.3;Roman RUSINOV;;LMP2;;G-Drive Racing;Oreca;
26;0;29;1:53.717;0;;36.237;0;41.493;0;35.987;0;171.3;1:13:41.548;20:43:41.548;0:36.237;0:41.493;0:35.987;266.9;Roman RUSINOV;;LMP2;;G-Drive Racing;Oreca;
26;0;30;1:54.954;0;;36.895;0;41.659;0;36.400;0;169.5;1:15:36.502;20:45:36.502;0:36.895;0:41.659;0:36.400;266.2;Roman RUSINOV;;LMP2;;G-Drive Racing;Oreca;
26;0;31;1:54.263;0;;36.357;0;42.104;0;35.802;0;170.5;1:17:30.765;20:47:30.765;0:36.357;0:42.104;0:35.802;266.9;Roman RUSINOV;;LMP2;;G-Drive Racing;Oreca;
26;0;32;1:53.653;0;;36.361;0;41.731;0;35.561;1;171.4;1:19:24.418;20:49:24.418;0:36.361;0:41.731;0:35.561;267.6;Roman RUSINOV;;LMP2;;G-Drive Racing;Oreca;
26;0;33;1:57.793;0;B;36.369;0;42.217;0;39.207;0;165.4;1:21:22.211;20:51:22.211;0:36.369;0:42.217;0:39.207;269.6;Roman RUSINOV;;LMP2;;G-Drive Racing;Oreca;
26;0;34;3:07.467;0;;1:49.283;0;42.167;0;36.017;0;103.9;1:24:29.678;20:54:29.678;1:49.283;0:42.167;0:36.017;176.8;Roman RUSINOV;0:01:17.588;LMP2;;G-Drive Racing;Oreca;
26;0;35;1:54.077;0;;36.529;0;41.820;0;35.728;0;170.8;1:26:23.755;20:56:23.755;0:36.529;0:41.820;0:35.728;262.4;Roman RUSINOV;;LMP2;;G-Drive Racing;Oreca;
26;0;36;1:59.547;0;;36.941;0;46.752;0;35.854;0;163.0;1:28:23.302;20:58:23.302;0:36.941;0:46.752;0:35.854;266.2;Roman RUSINOV;;LMP2;;G-Drive Racing;Oreca;
26;0;37;1:53.766;0;;36.534;0;41.658;0;35.574;0;171.3;1:30:17.068;21:00:17.068;0:36.534;0:41.658;0:35.574;267.6;Roman RUSINOV;;LMP2;;G-Drive Racing;Oreca;
27;1;1;5:33.185;0;;4:02.480;0;50.605;0;40.100;0;58.5;5:33.185;19:35:33.185;4:02.480;0:50.605;0:40.100;149.7;Maurizio MEDIANI;0:03:24.221;LMP2;;SMP Racing;BR01;
27;1;2;1:59.566;0;;38.292;0;44.371;0;36.903;0;162.9;7:32.751;19:37:32.751;0:38.292;0:44.371;0:36.903;223.4;Maurizio MEDIANI;;LMP2;;SMP Racing;BR01;
27;1;3;1:57.324;0;;37.188;0;43.452;0;36.684;0;166.1;9:30.075;19:39:30.075;0:37.188;0:43.452;0:36.684;258.6;Maurizio MEDIANI;;LMP2;;SMP Racing;BR01;
27;1;4;1:57.082;0;;37.238;0;43.157;0;36.687;0;166.4;11:27.157;19:41:27.157;0:37.238;0:43.157;0:36.687;264.9;Maurizio MEDIANI;;LMP2;;SMP Racing;BR01;
27;1;5;1:56.969;0;;37.191;0;43.167;0;36.611;0;166.6;13:24.126;19:43:24.126;0:37.191;0:43.167;0:36.611;264.3;Maurizio MEDIANI;;LMP2;;SMP Racing;BR01;
27;1;6;1:56.783;0;;37.278;0;42.551;0;36.954;0;166.8;15:20.909;19:45:20.909;0:37.278;0:42.551;0:36.954;268.2;Maurizio MEDIANI;;LMP2;;SMP Racing;BR01;
27;1;7;2:03.917;0;B;37.160;0;43.072;0;43.685;0;157.2;17:24.826;19:47:24.826;0:37.160;0:43.072;0:43.685;266.2;Maurizio MEDIANI;;LMP2;;SMP Racing;BR01;
27;1;8;4:07.807;0;;2:45.843;0;44.504;0;37.460;0;78.6;21:32.633;19:51:32.633;2:45.843;0:44.504;0:37.460;160.3;Maurizio MEDIANI;0:02:12.205;LMP2;;SMP Racing;BR01;
27;1;9;1:52.359;2;;35.912;2;41.069;0;35.378;0;173.4;23:24.992;19:53:24.992;0:35.912;0:41.069;0:35.378;267.6;Maurizio MEDIANI;;LMP2;;SMP Racing;BR01;
27;1;10;1:52.496;0;;36.206;0;40.958;2;35.332;2;173.2;25:17.488;19:55:17.488;0:36.206;0:40.958;0:35.332;266.2;Maurizio MEDIANI;;LMP2;;SMP Racing;BR01;
27;1;11;3:03.374;0;B;36.269;0;1:10.899;0;1:16.206;0;106.2;28:20.862;19:58:20.862;0:36.269;1:10.899;1:16.206;266.9;Maurizio MEDIANI;;LMP2;;SMP Racing;BR01;
27;2;12;3:21.921;0;;2:03.492;0;42.528;0;35.901;0;96.5;31:42.783;20:01:42.783;2:03.492;0:42.528;0:35.901;175.1;Mikhail ALESHIN;0:01:29.767;LMP2;;SMP Racing;BR01;
27;2;13;1:56.498;0;;37.346;0;42.707;0;36.445;0;167.2;33:39.281;20:03:39.281;0:37.346;0:42.707;0:36.445;266.2;Mikhail ALESHIN;;LMP2;;SMP Racing;BR01;
27;2;14;1:53.793;0;;36.626;0;41.675;0;35.492;0;171.2;35:33.074;20:05:33.074;0:36.626;0:41.675;0:35.492;265.6;Mikhail ALESHIN;;LMP2;;SMP Racing;BR01;
27;2;15;1:53.271;0;;36.439;0;41.406;1;35.426;1;172.0;37:26.345;20:07:26.345;0:36.439;0:41.406;0:35.426;266.9;Mikhail ALESHIN;;LMP2;;SMP Racing;BR01;
27;2;16;1:54.637;0;;36.300;1;42.017;0;36.320;0;170.0;39:20.982;20:09:20.982;0:36.300;0:42.017;0:36.320;268.2;Mikhail ALESHIN;;LMP2;;SMP Racing;BR01;
27;2;17;1:55.392;0;;36.693;0;42.551;0;36.148;0;168.8;41:16.374;20:11:16.374;0:36.693;0:42.551;0:36.148;266.9;Mikhail ALESHIN;;LMP2;;SMP Racing;BR01;
27;2;18;1:54.174;0;;36.587;0;41.946;0;35.641;0;170.6;43:10.548;20:13:10.548;0:36.587;0:41.946;0:35.641;267.6;Mikhail ALESHIN;;LMP2;;SMP Racing;BR01;
27;2;19;1:54.387;0;;36.720;0;42.022;0;35.645;0;170.3;45:04.935;20:15:04.935;0:36.720;0:42.022;0:35.645;267.6;Mikhail ALESHIN;;LMP2;;SMP Racing;BR01;
27;2;20;1:55.027;0;;37.255;0;42.253;0;35.519;0;169.4;46:59.962;20:16:59.962;0:37.255;0:42.253;0:35.519;267.6;Mikhail ALESHIN;;LMP2;;SMP Racing;BR01;
27;2;21;1:57.979;0;B;36.584;0;41.784;0;39.611;0;165.1;48:57.941;20:18:57.941;0:36.584;0:41.784;0:39.611;267.6;Mikhail ALESHIN;;LMP2;;SMP Racing;BR01;
27;0;22;5:05.720;0;;3:45.846;0;43.813;0;36.061;0;63.7;54:03.661;20:24:03.661;3:45.846;0:43.813;0:36.061;160.1;Nicolas MINASSIAN;0:03:11.177;LMP2;;SMP Racing;BR01;
27;0;23;1:54.450;0;;36.657;0;42.033;0;35.760;1;170.2;55:58.111;20:25:58.111;0:36.657;0:42.033;0:35.760;260.5;Nicolas MINASSIAN;;LMP2;;SMP Racing;BR01;
27;0;24;1:54.550;0;;36.649;1;41.983;1;35.918;0;170.1;57:52.661;20:27:52.661;0:36.649;0:41.983;0:35.918;261.7;Nicolas MINASSIAN;;LMP2;;SMP Racing;BR01;
27;0;25;1:58.743;0;B;36.690;0;42.152;0;39.901;0;164.1;59:51.404;20:29:51.404;0:36.690;0:42.152;0:39.901;264.3;Nicolas MINASSIAN;;LMP2;;SMP Racing;BR01;
27;0;26;8:12.701;0;;6:49.472;0;42.495;0;40.734;0;39.5;1:08:04.105;20:38:04.105;6:49.472;0:42.495;0:40.734;163.9;Nicolas MINASSIAN;0:06:14.756;LMP2;;SMP Racing;BR01;
27;0;27;1:54.880;0;;36.922;0;42.173;0;35.785;0;169.6;1:09:58.985;20:39:58.985;0:36.922;0:42.173;0:35.785;259.9;Nicolas MINASSIAN;;LMP2;;SMP Racing;BR01;
27;0;28;2:00.168;0;B;36.860;0;42.601;0;40.707;0;162.1;1:11:59.153;20:41:59.153;0:36.860;0:42.601;0:40.707;263.0;Nicolas MINASSIAN;;LMP2;;SMP Racing;BR01;
27;0;29;6:42.771;0;;5:19.593;0;46.432;0;36.746;0;48.4;1:18:41.924;20:48:41.924;5:19.593;0:46.432;0:36.746;172.3;Nicolas MINASSIAN;0:04:41.659;LMP2;;SMP Racing;BR01;
27;0;30;1:55.947;0;;36.940;0;42.550;0;36.457;0;168.0;1:20:37.871;20:50:37.871;0:36.940;0:42.550;0:36.457;260.5;Nicolas MINASSIAN;;LMP2;;SMP Racing;BR01;
27;0;31;1:58.610;0;B;36.872;0;42.249;0;39.489;0;164.3;1:22:36.481;20:52:36.481;0:36.872;0:42.249;0:39.489;261.1;Nicolas MINASSIAN;;LMP2;;SMP Racing;BR01;
27;1;32;2:55.137;0;;1:35.780;0;42.837;0;36.520;0;111.2;1:25:31.618;20:55:31.618;1:35.780;0:42.837;0:36.520;164.2;Maurizio MEDIANI;0:01:01.139;LMP2;;SMP Racing;BR01;
27;1;33;1:56.085;0;;37.034;0;42.622;0;36.429;0;167.8;1:27:27.703;20:57:27.703;0:37.034;0:42.622;0:36.429;266.9;Maurizio MEDIANI;;LMP2;;SMP Racing;BR01;
27;1;34;1:55.665;0;;37.205;0;42.283;0;36.177;0;168.4;1:29:23.368;20:59:23.368;0:37.205;0:42.283;0:36.177;262.4;Maurizio MEDIANI;;LMP2;;SMP Racing;BR01;
27;1;35;1:57.355;0;;37.500;0;43.149;0;36.706;0;166.0;1:31:20.723;21:01:20.723;0:37.500;0:43.149;0:36.706;263.0;Maurizio MEDIANI;;LMP2;;SMP Racing;BR01;
30;0;1;2:24.390;0;;1:05.296;0;42.788;0;36.306;0;134.9;2:24.390;19:32:24.390;1:05.296;0:42.788;0:36.306;164.2;Tom DILLMANN;0:00:29.972;LMP2;;Extreme Speed Motorsports;LIGIER;
30;0;2;1:55.560;0;;37.218;0;42.543;0;35.799;0;168.6;4:19.950;19:34:19.950;0:37.218;0:42.543;0:35.799;264.3;Tom DILLMANN;;LMP2;;Extreme Speed Motorsports;LIGIER;
30;0;3;1:56.279;0;;37.263;0;42.768;0;36.248;0;167.6;6:16.229;19:36:16.229;0:37.263;0:42.768;0:36.248;261.7;Tom DILLMANN;;LMP2;;Extreme Speed Motorsports;LIGIER;
30;0;4;1:59.025;0;B;36.715;0;42.425;0;39.885;0;163.7;8:15.254;19:38:15.254;0:36.715;0:42.425;0:39.885;261.7;Tom DILLMANN;;LMP2;;Extreme Speed Motorsports;LIGIER;
30;0;5;5:06.608;0;;3:47.369;0;42.788;0;36.451;0;63.5;13:21.862;19:43:21.862;3:47.369;0:42.788;0:36.451;167.2;Tom DILLMANN;0:03:14.666;LMP2;;Extreme Speed Motorsports;LIGIER;
30;0;6;1:52.991;0;;35.931;0;42.218;0;34.842;0;172.4;15:14.853;19:45:14.853;0:35.931;0:42.218;0:34.842;264.3;Tom DILLMANN;;LMP2;;Extreme Speed Motorsports;LIGIER;
30;0;7;1:51.419;2;;35.701;2;40.910;1;34.808;2;174.9;17:06.272;19:47:06.272;0:35.701;0:40.910;0:34.808;263.6;Tom DILLMANN;;LMP2;;Extreme Speed Motorsports;LIGIER;
30;0;8;1:59.162;0;B;37.588;0;41.153;0;40.421;0;163.5;19:05.434;19:49:05.434;0:37.588;0:41.153;0:40.421;265.6;Tom DILLMANN;;LMP2;;Extreme Speed Motorsports;LIGIER;
30;2;9;3:28.427;0;;2:10.126;0;41.975;0;36.326;0;93.5;22:33.861;19:52:33.861;2:10.126;0:41.975;0:36.326;167.7;Sean GELAEL;0:01:37.114;LMP2;;Extreme Speed Motorsports;LIGIER;
30;2;10;1:53.101;0;;36.183;0;41.382;0;35.536;0;172.3;24:26.962;19:54:26.962;0:36.183;0:41.382;0:35.536;263.6;Sean GELAEL;;LMP2;;Extreme Speed Motorsports;LIGIER;
30;2;11;2:19.818;0;;36.003;1;41.004;0;1:02.811;0;139.3;26:46.780;19:56:46.780;0:36.003;0:41.004;1:02.811;263.6;Sean GELAEL;;LMP2;;Extreme Speed Motorsports;LIGIER;
30;2;12;2:39.801;0;;1:19.347;0;43.936;0;36.518;0;121.9;29:26.581;19:59:26.581;1:19.347;0:43.936;0:36.518;78.5;Sean GELAEL;;LMP2;;Extreme Speed Motorsports;LIGIER;
30;2;13;1:53.782;0;;36.378;0;41.395;0;36.009;0;171.2;31:20.363;20:01:20.363;0:36.378;0:41.395;0:36.009;262.4;Sean GELAEL;;LMP2;;Extreme Speed Motorsports;LIGIER;
30;2;14;1:53.149;0;;36.719;0;41.028;0;35.402;0;172.2;33:13.512;20:03:13.512;0:36.719;0:41.028;0:35.402;262.4;Sean GELAEL;;LMP2;;Extreme Speed Motorsports;LIGIER;
30;2;15;1:52.504;0;;36.087;0;41.096;0;35.321;1;173.2;35:06.016;20:05:06.016;0:36.087;0:41.096;0:35.321;263.6;Sean GELAEL;;LMP2;;Extreme Speed Motorsports;LIGIER;
30;2;16;1:52.589;0;;36.221;0;40.858;2;35.510;0;173.0;36:58.605;20:06:58.605;0:36.221;0:40.858;0:35.510;263.6;Sean GELAEL;;LMP2;;Extreme Speed Motorsports;LIGIER;
30;2;17;1:58.473;0;B;36.171;0;41.131;0;41.171;0;164.5;38:57.078;20:08:57.078;0:36.171;0:41.131;0:41.171;263.6;Sean GELAEL;;LMP2;;Extreme Speed Motorsports;LIGIER;
30;1;18;3:36.730;0;;2:18.692;0;42.351;0;35.687;0;89.9;42:33.808;20:12:33.808;2:18.692;0:42.351;0:35.687;161.0;Giedo VAN DER GARDE;0:01:45.140;LMP2;;Extreme Speed Motorsports;LIGIER;
30;1;19;1:53.243;0;;36.498;0;41.331;0;35.414;0;172.0;44:27.051;20:14:27.051;0:36.498;0:41.331;0:35.414;265.6;Giedo VAN DER GARDE;;LMP2;;Extreme Speed Motorsports;LIGIER;
30;1;20;1:54.190;0;;36.234;0;42.335;0;35.621;0;170.6;46:21.241;20:16:21.241;0:36.234;0:42.335;0:35.621;263.0;Giedo VAN DER GARDE;;LMP2;;Extreme Speed Motorsports;LIGIER;
30;1;21;1:53.382;0;;36.355;0;41.393;0;35.634;0;171.8;48:14.623;20:18:14.623;0:36.355;0:41.393;0:35.634;263.6;Giedo VAN DER GARDE;;LMP2;;Extreme Speed Motorsports;LIGIER;
30;1;22;1:52.645;0;;36.214;1;41.109;1;35.322;1;173.0;50:07.268;20:20:07.268;0:36.214;0:41.109;0:35.322;264.3;Giedo VAN DER GARDE;;LMP2;;Extreme Speed Motorsports;LIGIER;
30;1;23;1:56.377;0;B;36.257;0;41.344;0;38.776;0;167.4;52:03.645;20:22:03.645;0:36.257;0:41.344;0:38.776;263.0;Giedo VAN DER GARDE;;LMP2;;Extreme Speed Motorsports;LIGIER;
30;1;24;7:00.349;0;;5:43.126;0;41.474;0;35.749;0;46.4;59:03.994;20:29:03.994;5:43.126;0:41.474;0:35.749;170.4;Giedo VAN DER GARDE;0:05:10.921;LMP2;;Extreme Speed Motorsports;LIGIER;
30;1;25;1:53.533;0;;36.409;0;41.483;0;35.641;0;171.6;1:00:57.527;20:30:57.527;0:36.409;0:41.483;0:35.641;264.9;Giedo VAN DER GARDE;;LMP2;;Extreme Speed Motorsports;LIGIER;
30;1;26;1:53.626;0;;36.451;0;41.624;0;35.551;0;171.5;1:02:51.153;20:32:51.153;0:36.451;0:41.624;0:35.551;263.0;Giedo VAN DER GARDE;;LMP2;;Extreme Speed Motorsports;LIGIER;
30;1;27;1:54.130;0;;36.446;0;41.346;0;36.338;0;170.7;1:04:45.283;20:34:45.283;0:36.446;0:41.346;0:36.338;263.0;Giedo VAN DER GARDE;;LMP2;;Extreme Speed Motorsports;LIGIER;
30;1;28;1:53.274;0;;36.371;0;41.463;0;35.440;0;172.0;1:06:38.557;20:36:38.557;0:36.371;0:41.463;0:35.440;263.0;Giedo VAN DER GARDE;;LMP2;;Extreme Speed Motorsports;LIGIER;
30;1;29;1:56.086;0;B;36.330;0;41.144;0;38.612;0;167.8;1:08:34.643;20:38:34.643;0:36.330;0:41.144;0:38.612;263.0;Giedo VAN DER GARDE;;LMP2;;Extreme Speed Motorsports;LIGIER;
30;0;30;3:18.322;0;;2:00.614;0;41.850;0;35.858;0;98.2;1:11:52.965;20:41:52.965;2:00.614;0:41.850;0:35.858;170.9;Tom DILLMANN;0:01:28.238;LMP2;;Extreme Speed Motorsports;LIGIER;
30;0;31;1:53.366;0;;36.307;0;41.618;0;35.441;0;171.9;1:13:46.331;20:43:46.331;0:36.307;0:41.618;0:35.441;264.3;Tom DILLMANN;;LMP2;;Extreme Speed Motorsports;LIGIER;
30;0;32;1:54.090;0;;36.266;0;42.114;0;35.710;0;170.8;1:15:40.421;20:45:40.421;0:36.266;0:42.114;0:35.710;264.3;Tom DILLMANN;;LMP2;;Extreme Speed Motorsports;LIGIER;
30;0;33;1:53.287;0;;36.394;0;41.512;0;35.381;0;172.0;1:17:33.708;20:47:33.708;0:36.394;0:41.512;0:35.381;264.9;Tom DILLMANN;;LMP2;;Extreme Speed Motorsports;LIGIER;
30;0;34;1:53.069;0;;36.149;0;41.287;0;35.633;0;172.3;1:19:26.777;20:49:26.777;0:36.149;0:41.287;0:35.633;264.9;Tom DILLMANN;;LMP2;;Extreme Speed Motorsports;LIGIER;
30;0;35;1:58.443;0;B;36.815;0;41.971;0;39.657;0;164.5;1:21:25.220;20:51:25.220;0:36.815;0:41.971;0:39.657;266.2;Tom DILLMANN;;LMP2;;Extreme Speed Motorsports;LIGIER;
30;2;36;2:56.178;0;;1:36.181;0;42.694;0;37.303;0;110.6;1:24:21.398;20:54:21.398;1:36.181;0:42.694;0:37.303;169.6;Sean GELAEL;0:01:03.390;LMP2;;Extreme Speed Motorsports;LIGIER;
30;2;37;1:58.126;0;;37.310;0;43.582;0;37.234;0;164.9;1:26:19.524;20:56:19.524;0:37.310;0:43.582;0:37.234;263.0;Sean GELAEL;;LMP2;;Extreme Speed Motorsports;LIGIER;
30;2;38;1:55.750;0;;36.986;0;42.146;0;36.618;0;168.3;1:28:15.274;20:58:15.274;0:36.986;0:42.146;0:36.618;261.1;Sean GELAEL;;LMP2;;Extreme Speed Motorsports;LIGIER;
30;2;39;1:56.161;0;;37.344;0;42.698;0;36.119;0;167.7;1:30:11.435;21:00:11.435;0:37.344;0:42.698;0:36.119;264.3;Sean GELAEL;;LMP2;;Extreme Speed Motorsports;LIGIER;
31;2;1;2:24.239;0;;1:03.993;0;43.396;0;36.850;0;135.1;2:24.239;19:32:24.239;1:03.993;0:43.396;0:36.850;166.7;Christopher CUMMING;0:00:28.417;LMP2;;Extreme Speed Motorsports;LIGIER;
31;2;2;2:00.233;0;;38.158;0;43.440;0;38.635;0;162.0;4:24.472;19:34:24.472;0:38.158;0:43.440;0:38.635;256.8;Christopher CUMMING;;LMP2;;Extreme Speed Motorsports;LIGIER;
31;2;3;1:55.781;0;;37.141;0;42.259;0;36.381;0;168.3;6:20.253;19:36:20.253;0:37.141;0:42.259;0:36.381;261.7;Christopher CUMMING;;LMP2;;Extreme Speed Motorsports;LIGIER;
31;2;4;1:55.610;0;;36.911;0;42.385;0;36.314;0;168.5;8:15.863;19:38:15.863;0:36.911;0:42.385;0:36.314;263.0;Christopher CUMMING;;LMP2;;Extreme Speed Motorsports;LIGIER;
31;2;5;1:59.292;0;B;36.767;0;42.523;0;40.002;0;163.3;10:15.155;19:40:15.155;0:36.767;0:42.523;0:40.002;262.4;Christopher CUMMING;;LMP2;;Extreme Speed Motorsports;LIGIER;
31;0;6;3:24.137;0;;2:06.374;0;41.106;0;36.657;0;95.4;13:39.292;19:43:39.292;2:06.374;0:41.106;0:36.657;105.2;Ryan DALZIEL;0:01:32.360;LMP2;;Extreme Speed Motorsports;LIGIER;
31;0;7;1:51.513;2;;36.099;0;40.357;2;35.057;0;174.7;15:30.805;19:45:30.805;0:36.099;0:40.357;0:35.057;263.0;Ryan DALZIEL;;LMP2;;Extreme Speed Motorsports;LIGIER;
31;0;8;1:54.325;0;;36.165;0;41.723;0;36.437;0;170.4;17:25.130;19:47:25.130;0:36.165;0:41.723;0:36.437;252.0;Ryan DALZIEL;;LMP2;;Extreme Speed Motorsports;LIGIER;
31;0;9;1:53.096;0;;36.318;0;41.685;0;35.093;0;172.3;19:18.226;19:49:18.226;0:36.318;0:41.685;0:35.093;261.1;Ryan DALZIEL;;LMP2;;Extreme Speed Motorsports;LIGIER;
31;0;10;1:51.637;0;;35.970;2;40.688;0;34.979;2;174.5;21:09.863;19:51:09.863;0:35.970;0:40.688;0:34.979;263.0;Ryan DALZIEL;;LMP2;;Extreme Speed Motorsports;LIGIER;
31;0;11;1:57.038;0;B;36.004;0;40.949;0;40.085;0;166.5;23:06.901;19:53:06.901;0:36.004;0:40.949;0:40.085;263.6;Ryan DALZIEL;;LMP2;;Extreme Speed Motorsports;LIGIER;
31;1;12;8:26.833;0;;7:07.984;0;42.793;0;36.056;0;38.4;31:33.734;20:01:33.734;7:07.984;0:42.793;0:36.056;169.6;Luis Felipe DERANI;0:06:35.019;LMP2;;Extreme Speed Motorsports;LIGIER;
31;1;13;1:52.684;0;;36.511;0;40.838;0;35.335;0;172.9;33:26.418;20:03:26.418;0:36.511;0:40.838;0:35.335;261.1;Luis Felipe DERANI;;LMP2;;Extreme Speed Motorsports;LIGIER;
31;1;14;1:52.628;0;;36.269;0;40.918;0;35.441;0;173.0;35:19.046;20:05:19.046;0:36.269;0:40.918;0:35.441;261.7;Luis Felipe DERANI;;LMP2;;Extreme Speed Motorsports;LIGIER;
31;1;15;1:54.273;0;;36.625;0;42.300;0;35.348;0;170.5;37:13.319;20:07:13.319;0:36.625;0:42.300;0:35.348;261.7;Luis Felipe DERANI;;LMP2;;Extreme Speed Motorsports;LIGIER;
31;1;16;1:52.414;0;;36.403;0;40.827;1;35.184;1;173.3;39:05.733;20:09:05.733;0:36.403;0:40.827;0:35.184;261.7;Luis Felipe DERANI;;LMP2;;Extreme Speed Motorsports;LIGIER;
31;1;17;1:56.774;0;B;36.266;0;41.508;0;39.000;0;166.8;41:02.507;20:11:02.507;0:36.266;0:41.508;0:39.000;261.7;Luis Felipe DERANI;;LMP2;;Extreme Speed Motorsports;LIGIER;
31;1;18;7:04.440;0;;5:46.922;0;42.169;0;35.349;0;45.9;48:06.947;20:18:06.947;5:46.922;0:42.169;0:35.349;171.5;Luis Felipe DERANI;0:05:15.230;LMP2;;Extreme Speed Motorsports;LIGIER;
31;1;19;1:52.499;0;;36.243;0;40.999;0;35.257;0;173.2;49:59.446;20:19:59.446;0:36.243;0:40.999;0:35.257;261.7;Luis Felipe DERANI;;LMP2;;Extreme Speed Motorsports;LIGIER;
31;1;20;1:52.436;0;;36.219;0;41.003;0;35.214;0;173.3;51:51.882;20:21:51.882;0:36.219;0:41.003;0:35.214;261.1;Luis Felipe DERANI;;LMP2;;Extreme Speed Motorsports;LIGIER;
31;1;21;1:56.995;0;B;36.109;1;41.563;0;39.323;0;166.5;53:48.877;20:23:48.877;0:36.109;0:41.563;0:39.323;261.7;Luis Felipe DERANI;;LMP2;;Extreme Speed Motorsports;LIGIER;
31;2;22;4:27.068;0;;3:07.602;0;42.436;0;37.030;0;73.0;58:15.945;20:28:15.945;3:07.602;0:42.436;0:37.030;172.3;Christopher CUMMING;0:02:35.080;LMP2;;Extreme Speed Motorsports;LIGIER;
31;2;23;1:55.988;0;;37.230;0;42.329;0;36.429;0;168.0;1:00:11.933;20:30:11.933;0:37.230;0:42.329;0:36.429;260.5;Christopher CUMMING;;LMP2;;Extreme Speed Motorsports;LIGIER;
31;2;24;1:56.371;0;;37.031;0;42.775;0;36.565;0;167.4;1:02:08.304;20:32:08.304;0:37.031;0:42.775;0:36.565;262.4;Christopher CUMMING;;LMP2;;Extreme Speed Motorsports;LIGIER;
31;2;25;1:57.054;0;;37.248;0;42.570;0;37.236;0;166.4;1:04:05.358;20:34:05.358;0:37.248;0:42.570;0:37.236;264.3;Christopher CUMMING;;LMP2;;Extreme Speed Motorsports;LIGIER;
31;2;26;1:56.451;0;;36.980;0;42.270;0;37.201;0;167.3;1:06:01.809;20:36:01.809;0:36.980;0:42.270;0:37.201;263.0;Christopher CUMMING;;LMP2;;Extreme Speed Motorsports;LIGIER;
31;2;27;1:56.765;0;;36.985;0;43.333;0;36.447;0;166.9;1:07:58.574;20:37:58.574;0:36.985;0:43.333;0:36.447;262.4;Christopher CUMMING;;LMP2;;Extreme Speed Motorsports;LIGIER;
31;2;28;1:59.067;0;;36.886;0;43.085;0;39.096;0;163.6;1:09:57.641;20:39:57.641;0:36.886;0:43.085;0:39.096;265.6;Christopher CUMMING;;LMP2;;Extreme Speed Motorsports;LIGIER;
31;2;29;1:55.556;0;;36.941;0;42.168;0;36.447;0;168.6;1:11:53.197;20:41:53.197;0:36.941;0:42.168;0:36.447;262.4;Christopher CUMMING;;LMP2;;Extreme Speed Motorsports;LIGIER;
31;2;30;1:55.660;0;;37.117;0;42.267;0;36.276;1;168.5;1:13:48.857;20:43:48.857;0:37.117;0:42.267;0:36.276;245.7;Christopher CUMMING;;LMP2;;Extreme Speed Motorsports;LIGIER;
31;2;31;1:56.067;0;;36.693;1;42.322;0;37.052;0;167.9;1:15:44.924;20:45:44.924;0:36.693;0:42.322;0:37.052;263.0;Christopher CUMMING;;LMP2;;Extreme Speed Motorsports;LIGIER;
31;2;32;1:59.535;0;B;36.942;0;42.089;1;40.504;0;163.0;1:17:44.459;20:47:44.459;0:36.942;0:42.089;0:40.504;262.4;Christopher CUMMING;;LMP2;;Extreme Speed Motorsports;LIGIER;
31;0;33;4:16.467;0;;2:58.031;0;42.531;0;35.905;0;76.0;1:22:00.926;20:52:00.926;2:58.031;0:42.531;0:35.905;152.0;Ryan DALZIEL;0:02:25.749;LMP2;;Extreme Speed Motorsports;LIGIER;
31;0;34;1:54.058;0;;36.628;0;41.860;0;35.570;0;170.8;1:23:54.984;20:53:54.984;0:36.628;0:41.860;0:35.570;262.4;Ryan DALZIEL;;LMP2;;Extreme Speed Motorsports;LIGIER;
31;0;35;1:53.792;0;;36.409;0;41.705;0;35.678;0;171.2;1:25:48.776;20:55:48.776;0:36.409;0:41.705;0:35.678;261.7;Ryan DALZIEL;;LMP2;;Extreme Speed Motorsports;LIGIER;
31;0;36;1:54.458;0;;36.421;0;41.864;0;36.173;0;170.2;1:27:43.234;20:57:43.234;0:36.421;0:41.864;0:36.173;263.0;Ryan DALZIEL;;LMP2;;Extreme Speed Motorsports;LIGIER;
31;0;37;1:53.954;0;;36.645;0;41.711;0;35.598;0;171.0;1:29:37.188;20:59:37.188;0:36.645;0:41.711;0:35.598;262.4;Ryan DALZIEL;;LMP2;;Extreme Speed Motorsports;LIGIER;
31;0;38;2:00.768;0;B;36.726;0;42.129;0;41.913;0;161.3;1:31:37.956;21:01:37.956;0:36.726;0:42.129;0:41.913;261.7;Ryan DALZIEL;;LMP2;;Extreme Speed Motorsports;LIGIER;
35;0;1;2:46.669;0;;1:25.963;0;44.294;0;36.412;0;116.9;2:46.669;19:32:46.669;1:25.963;0:44.294;0:36.412;132.5;David CHENG;0:00:43.478;LMP2;;Baxi DC Racing Alpine;Alpine;
35;0;2;1:56.524;0;;36.897;0;42.181;0;37.446;0;167.2;4:43.193;19:34:43.193;0:36.897;0:42.181;0:37.446;267.6;David CHENG;;LMP2;;Baxi DC Racing Alpine;Alpine;
35;0;3;1:54.499;0;;36.525;0;42.150;0;35.824;0;170.2;6:37.692;19:36:37.692;0:36.525;0:42.150;0:35.824;266.9;David CHENG;;LMP2;;Baxi DC Racing Alpine;Alpine;
35;0;4;1:54.283;0;;36.425;0;42.049;0;35.809;0;170.5;8:31.975;19:38:31.975;0:36.425;0:42.049;0:35.809;267.6;David CHENG;;LMP2;;Baxi DC Racing Alpine;Alpine;
35;0;5;1:54.084;0;;36.606;0;41.979;0;35.499;1;170.8;10:26.059;19:40:26.059;0:36.606;0:41.979;0:35.499;267.6;David CHENG;;LMP2;;Baxi DC Racing Alpine;Alpine;
35;0;6;1:53.399;0;;36.442;0;41.432;1;35.525;0;171.8;12:19.458;19:42:19.458;0:36.442;0:41.432;0:35.525;266.9;David CHENG;;LMP2;;Baxi DC Racing Alpine;Alpine;
35;0;7;1:56.048;0;;37.226;0;42.391;0;36.431;0;167.9;14:15.506;19:44:15.506;0:37.226;0:42.391;0:36.431;267.6;David CHENG;;LMP2;;Baxi DC Racing Alpine;Alpine;
35;0;8;1:54.046;0;;36.609;0;41.811;0;35.626;0;170.8;16:09.552;19:46:09.552;0:36.609;0:41.811;0:35.626;268.2;David CHENG;;LMP2;;Baxi DC Racing Alpine;Alpine;
35;0;9;1:56.918;0;;36.409;1;41.921;0;38.588;0;166.6;18:06.470;19:48:06.470;0:36.409;0:41.921;0:38.588;266.9;David CHENG;;LMP2;;Baxi DC Racing Alpine;Alpine;
35;0;10;2:01.988;0;B;36.542;0;43.157;0;42.289;0;159.7;20:08.458;19:50:08.458;0:36.542;0:43.157;0:42.289;269.6;David CHENG;;LMP2;;Baxi DC Racing Alpine;Alpine;
35;2;11;3:40.558;0;;2:20.217;0;43.108;0;37.233;0;88.3;23:49.016;19:53:49.016;2:20.217;0:43.108;0:37.233;167.0;Paul Loup CHATIN;0:01:47.186;LMP2;;Baxi DC Racing Alpine;Alpine;
35;2;12;1:53.154;0;;36.409;0;41.262;0;35.483;0;172.2;25:42.170;19:55:42.170;0:36.409;0:41.262;0:35.483;265.6;Paul Loup CHATIN;;LMP2;;Baxi DC Racing Alpine;Alpine;
35;2;13;3:02.611;0;;1:00.739;0;1:21.671;0;40.201;0;106.7;28:44.781;19:58:44.781;1:00.739;1:21.671;0:40.201;266.2;Paul Loup CHATIN;;LMP2;;Baxi DC Racing Alpine;Alpine;
35;2;14;1:53.414;0;;36.350;0;41.162;0;35.902;0;171.8;30:38.195;20:00:38.195;0:36.350;0:41.162;0:35.902;264.9;Paul Loup CHATIN;;LMP2;;Baxi DC Racing Alpine;Alpine;
35;2;15;1:53.026;0;;36.159;0;41.337;0;35.530;0;172.4;32:31.221;20:02:31.221;0:36.159;0:41.337;0:35.530;266.9;Paul Loup CHATIN;;LMP2;;Baxi DC Racing Alpine;Alpine;
35;2;16;1:56.932;0;B;36.101;0;41.362;0;39.469;0;166.6;34:28.153;20:04:28.153;0:36.101;0:41.362;0:39.469;267.6;Paul Loup CHATIN;;LMP2;;Baxi DC Racing Alpine;Alpine;
35;2;17;4:46.766;0;;3:29.702;0;41.629;0;35.435;0;67.9;39:14.919;20:09:14.919;3:29.702;0:41.629;0:35.435;168.5;Paul Loup CHATIN;0:02:55.004;LMP2;;Baxi DC Racing Alpine;Alpine;
35;2;18;1:53.640;0;;36.037;2;41.958;0;35.645;0;171.4;41:08.559;20:11:08.559;0:36.037;0:41.958;0:35.645;267.6;Paul Loup CHATIN;;LMP2;;Baxi DC Racing Alpine;Alpine;
35;2;19;1:52.537;2;;36.106;0;41.067;2;35.364;0;173.1;43:01.096;20:13:01.096;0:36.106;0:41.067;0:35.364;268.2;Paul Loup CHATIN;;LMP2;;Baxi DC Racing Alpine;Alpine;
35;2;20;1:52.696;0;;36.107;0;41.321;0;35.268;2;172.9;44:53.792;20:14:53.792;0:36.107;0:41.321;0:35.268;269.6;Paul Loup CHATIN;;LMP2;;Baxi DC Racing Alpine;Alpine;
35;2;21;2:00.976;0;B;37.981;0;41.754;0;41.241;0;161.1;46:54.768;20:16:54.768;0:37.981;0:41.754;0:41.241;268.9;Paul Loup CHATIN;;LMP2;;Baxi DC Racing Alpine;Alpine;
35;1;22;3:24.673;0;;2:02.767;0;43.800;0;38.106;0;95.2;50:19.441;20:20:19.441;2:02.767;0:43.800;0:38.106;158.7;Ho-Pin TUNG;0:01:28.675;LMP2;;Baxi DC Racing Alpine;Alpine;
35;1;23;1:54.937;0;;37.151;0;42.056;0;35.730;0;169.5;52:14.378;20:22:14.378;0:37.151;0:42.056;0:35.730;268.9;Ho-Pin TUNG;;LMP2;;Baxi DC Racing Alpine;Alpine;
35;1;24;1:54.037;0;;36.569;0;41.844;0;35.624;1;170.8;54:08.415;20:24:08.415;0:36.569;0:41.844;0:35.624;265.6;Ho-Pin TUNG;;LMP2;;Baxi DC Racing Alpine;Alpine;
35;1;25;1:53.774;0;;36.520;0;41.589;1;35.665;0;171.2;56:02.189;20:26:02.189;0:36.520;0:41.589;0:35.665;266.2;Ho-Pin TUNG;;LMP2;;Baxi DC Racing Alpine;Alpine;
35;1;26;1:54.099;0;;36.411;1;41.683;0;36.005;0;170.8;57:56.288;20:27:56.288;0:36.411;0:41.683;0:36.005;266.2;Ho-Pin TUNG;;LMP2;;Baxi DC Racing Alpine;Alpine;
35;1;27;1:59.428;0;B;36.719;0;42.630;0;40.079;0;163.1;59:55.716;20:29:55.716;0:36.719;0:42.630;0:40.079;266.2;Ho-Pin TUNG;;LMP2;;Baxi DC Racing Alpine;Alpine;
35;1;28;5:54.242;0;;4:35.683;0;42.021;0;36.538;0;55.0;1:05:49.958;20:35:49.958;4:35.683;0:42.021;0:36.538;168.3;Ho-Pin TUNG;0:04:02.831;LMP2;;Baxi DC Racing Alpine;Alpine;
35;1;29;1:54.075;0;;36.456;0;41.838;0;35.781;0;170.8;1:07:44.033;20:37:44.033;0:36.456;0:41.838;0:35.781;266.2;Ho-Pin TUNG;;LMP2;;Baxi DC Racing Alpine;Alpine;
35;1;30;1:55.098;0;;36.669;0;42.109;0;36.320;0;169.3;1:09:39.131;20:39:39.131;0:36.669;0:42.109;0:36.320;249.7;Ho-Pin TUNG;;LMP2;;Baxi DC Racing Alpine;Alpine;
35;1;31;1:55.475;0;;36.523;0;41.986;0;36.966;0;168.7;1:11:34.606;20:41:34.606;0:36.523;0:41.986;0:36.966;265.6;Ho-Pin TUNG;;LMP2;;Baxi DC Racing Alpine;Alpine;
35;1;32;1:59.303;0;B;36.666;0;42.381;0;40.256;0;163.3;1:13:33.909;20:43:33.909;0:36.666;0:42.381;0:40.256;267.6;Ho-Pin TUNG;;LMP2;;Baxi DC Racing Alpine;Alpine;
35;0;33;3:19.266;0;;1:58.241;0;44.010;0;37.015;0;97.8;1:16:53.175;20:46:53.175;1:58.241;0:44.010;0:37.015;158.2;David CHENG;0:01:22.901;LMP2;;Baxi DC Racing Alpine;Alpine;
35;0;34;1:59.290;0;;37.702;0;44.863;0;36.725;0;163.3;1:18:52.465;20:48:52.465;0:37.702;0:44.863;0:36.725;267.6;David CHENG;;LMP2;;Baxi DC Racing Alpine;Alpine;
35;0;35;1:57.758;0;;37.641;0;43.589;0;36.528;0;165.5;1:20:50.223;20:50:50.223;0:37.641;0:43.589;0:36.528;266.9;David CHENG;;LMP2;;Baxi DC Racing Alpine;Alpine;
35;0;36;1:56.423;0;;37.096;0;42.892;0;36.435;0;167.3;1:22:46.646;20:52:46.646;0:37.096;0:42.892;0:36.435;266.2;David CHENG;;LMP2;;Baxi DC Racing Alpine;Alpine;
35;0;37;1:56.333;0;;37.148;0;42.762;0;36.423;0;167.5;1:24:42.979;20:54:42.979;0:37.148;0:42.762;0:36.423;266.9;David CHENG;;LMP2;;Baxi DC Racing Alpine;Alpine;
35;0;38;1:56.556;0;;36.943;0;43.155;0;36.458;0;167.2;1:26:39.535;20:56:39.535;0:36.943;0:43.155;0:36.458;267.6;David CHENG;;LMP2;;Baxi DC Racing Alpine;Alpine;
35;0;39;1:56.847;0;;37.521;0;42.990;0;36.336;0;166.7;1:28:36.382;20:58:36.382;0:37.521;0:42.990;0:36.336;240.3;David CHENG;;LMP2;;Baxi DC Racing Alpine;Alpine;
35;0;40;2:07.989;0;B;43.033;0;43.857;0;41.099;0;152.2;1:30:44.371;21:00:44.371;0:43.033;0:43.857;0:41.099;269.6;David CHENG;;LMP2;;Baxi DC Racing Alpine;Alpine;
36;0;1;3:04.544;0;;1:46.473;0;42.135;0;35.936;0;105.6;3:04.544;19:33:04.544;1:46.473;0:42.135;0:35.936;174.2;Gustavo MENEZES;0:01:11.829;LMP2;;Signatech Alpine;Alpine;
36;0;2;2:05.953;0;B;39.624;0;45.000;0;41.329;0;154.7;5:10.497;19:35:10.497;0:39.624;0:45.000;0:41.329;268.9;Gustavo MENEZES;;LMP2;;Signatech Alpine;Alpine;
36;0;3;5:06.992;0;;3:50.652;0;41.681;0;34.659;2;63.5;10:17.489;19:40:17.489;3:50.652;0:41.681;0:34.659;167.7;Gustavo MENEZES;0:03:17.839;LMP2;;Signatech Alpine;Alpine;
36;0;4;1:50.444;2;;35.490;0;40.139;0;34.815;0;176.4;12:07.933;19:42:07.933;0:35.490;0:40.139;0:34.815;267.6;Gustavo MENEZES;;LMP2;;Signatech Alpine;Alpine;
36;0;5;1:53.144;0;;36.824;0;41.195;0;35.125;0;172.2;14:01.077;19:44:01.077;0:36.824;0:41.195;0:35.125;267.6;Gustavo MENEZES;;LMP2;;Signatech Alpine;Alpine;
36;0;6;1:51.007;0;;35.572;0;;0;;0;175.5;15:52.084;19:45:52.084;0:35.572;;;267.6;Gustavo MENEZES;;LMP2;;Signatech Alpine;Alpine;
36;0;7;1:50.483;0;;35.378;2;40.201;0;34.904;0;176.3;17:42.567;19:47:42.567;0:35.378;0:40.201;0:34.904;268.9;Gustavo MENEZES;;LMP2;;Signatech Alpine;Alpine;
36;0;8;1:50.605;0;;35.440;0;40.044;2;35.121;0;176.2;19:33.172;19:49:33.172;0:35.440;0:40.044;0:35.121;269.6;Gustavo MENEZES;;LMP2;;Signatech Alpine;Alpine;
36;0;9;1:52.591;0;;36.238;0;41.251;0;35.102;0;173.0;21:25.763;19:51:25.763;0:36.238;0:41.251;0:35.102;266.2;Gustavo MENEZES;;LMP2;;Signatech Alpine;Alpine;
36;0;10;1:54.136;0;B;35.506;0;40.146;0;38.484;0;170.7;23:19.899;19:53:19.899;0:35.506;0:40.146;0:38.484;269.6;Gustavo MENEZES;;LMP2;;Signatech Alpine;Alpine;
36;1;11;4:20.326;0;;2:10.249;0;49.269;0;1:20.808;0;74.8;27:40.225;19:57:40.225;2:10.249;0:49.269;1:20.808;159.1;Nicolas LAPIERRE;0:01:36.117;LMP2;;Signatech Alpine;Alpine;
36;1;12;2:09.824;0;;53.406;0;41.118;0;35.300;0;150.1;29:50.049;19:59:50.049;0:53.406;0:41.118;0:35.300;155.5;Nicolas LAPIERRE;;LMP2;;Signatech Alpine;Alpine;
36;1;13;1:53.061;0;;36.300;0;40.904;0;35.857;0;172.3;31:43.110;20:01:43.110;0:36.300;0:40.904;0:35.857;267.6;Nicolas LAPIERRE;;LMP2;;Signatech Alpine;Alpine;
36;1;14;1:51.809;0;;35.928;0;40.735;1;35.146;0;174.3;33:34.919;20:03:34.919;0:35.928;0:40.735;0:35.146;266.2;Nicolas LAPIERRE;;LMP2;;Signatech Alpine;Alpine;
36;1;15;1:52.201;0;;35.962;0;41.045;0;35.194;0;173.6;35:27.120;20:05:27.120;0:35.962;0:41.045;0:35.194;264.3;Nicolas LAPIERRE;;LMP2;;Signatech Alpine;Alpine;
36;1;16;1:51.914;0;;35.940;0;40.841;0;35.133;0;174.1;37:19.034;20:07:19.034;0:35.940;0:40.841;0:35.133;268.2;Nicolas LAPIERRE;;LMP2;;Signatech Alpine;Alpine;
36;1;17;1:53.178;0;;36.509;0;40.996;0;35.673;0;172.1;39:12.212;20:09:12.212;0:36.509;0:40.996;0:35.673;262.4;Nicolas LAPIERRE;;LMP2;;Signatech Alpine;Alpine;
36;1;18;1:52.115;0;;36.009;0;41.061;0;35.045;1;173.8;41:04.327;20:11:04.327;0:36.009;0:41.061;0:35.045;269.6;Nicolas LAPIERRE;;LMP2;;Signatech Alpine;Alpine;
36;1;19;1:53.926;0;;35.936;0;42.753;0;35.237;0;171.0;42:58.253;20:12:58.253;0:35.936;0:42.753;0:35.237;269.6;Nicolas LAPIERRE;;LMP2;;Signatech Alpine;Alpine;
36;1;20;1:51.735;0;;35.753;1;40.747;0;35.235;0;174.4;44:49.988;20:14:49.988;0:35.753;0:40.747;0:35.235;269.6;Nicolas LAPIERRE;;LMP2;;Signatech Alpine;Alpine;
36;1;21;1:52.320;0;;35.958;0;40.866;0;35.496;0;173.5;46:42.308;20:16:42.308;0:35.958;0:40.866;0:35.496;270.9;Nicolas LAPIERRE;;LMP2;;Signatech Alpine;Alpine;
36;1;22;1:57.469;0;;35.999;0;41.732;0;39.738;0;165.9;48:39.777;20:18:39.777;0:35.999;0:41.732;0:39.738;266.9;Nicolas LAPIERRE;;LMP2;;Signatech Alpine;Alpine;
36;1;23;1:52.179;0;;35.922;0;41.185;0;35.072;0;173.7;50:31.956;20:20:31.956;0:35.922;0:41.185;0:35.072;268.9;Nicolas LAPIERRE;;LMP2;;Signatech Alpine;Alpine;
36;1;24;1:57.416;0;B;36.136;0;41.645;0;39.635;0;165.9;52:29.372;20:22:29.372;0:36.136;0:41.645;0:39.635;268.9;Nicolas LAPIERRE;;LMP2;;Signatech Alpine;Alpine;
36;2;25;4:43.895;0;;3:24.633;0;43.443;0;35.819;0;68.6;57:13.267;20:27:13.267;3:24.633;0:43.443;0:35.819;173.4;Stéphane RICHELMI;0:02:51.545;LMP2;;Signatech Alpine;Alpine;
36;2;26;1:53.328;0;;36.225;0;41.835;0;35.268;0;171.9;59:06.595;20:29:06.595;0:36.225;0:41.835;0:35.268;268.9;Stéphane RICHELMI;;LMP2;;Signatech Alpine;Alpine;
36;2;27;1:54.991;0;;36.462;0;42.873;0;35.656;0;169.4;1:01:01.586;20:31:01.586;0:36.462;0:42.873;0:35.656;269.6;Stéphane RICHELMI;;LMP2;;Signatech Alpine;Alpine;
36;2;28;1:54.638;0;;36.399;0;41.709;0;36.530;0;170.0;1:02:56.224;20:32:56.224;0:36.399;0:41.709;0:36.530;266.9;Stéphane RICHELMI;;LMP2;;Signatech Alpine;Alpine;
36;2;29;1:53.235;0;;36.099;1;41.572;0;35.564;0;172.1;1:04:49.459;20:34:49.459;0:36.099;0:41.572;0:35.564;269.6;Stéphane RICHELMI;;LMP2;;Signatech Alpine;Alpine;
36;2;30;1:53.652;0;;36.728;0;41.478;0;35.446;0;171.4;1:06:43.111;20:36:43.111;0:36.728;0:41.478;0:35.446;270.2;Stéphane RICHELMI;;LMP2;;Signatech Alpine;Alpine;
36;2;31;1:53.341;0;;36.265;0;41.456;0;35.620;0;171.9;1:08:36.452;20:38:36.452;0:36.265;0:41.456;0:35.620;269.6;Stéphane RICHELMI;;LMP2;;Signatech Alpine;Alpine;
36;2;32;1:52.934;0;;36.279;0;41.366;0;35.289;0;172.5;1:10:29.386;20:40:29.386;0:36.279;0:41.366;0:35.289;269.6;Stéphane RICHELMI;;LMP2;;Signatech Alpine;Alpine;
36;2;33;1:52.741;0;;36.211;0;41.298;0;35.232;1;172.8;1:12:22.127;20:42:22.127;0:36.211;0:41.298;0:35.232;266.9;Stéphane RICHELMI;;LMP2;;Signatech Alpine;Alpine;
36;2;34;1:53.323;0;;36.614;0;41.345;0;35.364;0;171.9;1:14:15.450;20:44:15.450;0:36.614;0:41.345;0:35.364;268.9;Stéphane RICHELMI;;LMP2;;Signatech Alpine;Alpine;
36;2;35;1:53.663;0;;36.484;0;41.703;0;35.476;0;171.4;1:16:09.113;20:46:09.113;0:36.484;0:41.703;0:35.476;269.6;Stéphane RICHELMI;;LMP2;;Signatech Alpine;Alpine;
36;2;36;1:53.325;0;;36.636;0;41.278;1;35.411;0;171.9;1:18:02.438;20:48:02.438;0:36.636;0:41.278;0:35.411;267.6;Stéphane RICHELMI;;LMP2;;Signatech Alpine;Alpine;
36;2;37;2:04.466;0;B;36.262;0;45.237;0;42.967;0;156.5;1:20:06.904;20:50:06.904;0:36.262;0:45.237;0:42.967;270.2;Stéphane RICHELMI;;LMP2;;Signatech Alpine;Alpine;
37;2;1;2:57.731;0;;1:36.604;0;44.310;0;36.817;0;109.6;2:57.731;19:32:57.731;1:36.604;0:44.310;0:36.817;137.2;Victor SHAITAR;0:00:59.276;LMP2;;SMP Racing;BR01;
37;2;2;1:57.831;0;;36.923;0;43.549;0;37.359;0;165.3;4:55.562;19:34:55.562;0:36.923;0:43.549;0:37.359;260.5;Victor SHAITAR;;LMP2;;SMP Racing;BR01;
37;2;3;2:03.190;0;B;37.534;0;44.303;0;41.353;0;158.2;6:58.752;19:36:58.752;0:37.534;0:44.303;0:41.353;260.5;Victor SHAITAR;;LMP2;;SMP Racing;BR01;
37;2;4;4:23.880;0;;2:50.632;0;53.190;0;40.058;0;73.8;11:22.632;19:41:22.632;2:50.632;0:53.190;0:40.058;132.1;Victor SHAITAR;0:02:13.051;LMP2;;SMP Racing;BR01;
37;2;5;2:06.342;0;;35.871;2;43.232;0;47.239;0;154.2;13:28.974;19:43:28.974;0:35.871;0:43.232;0:47.239;265.6;Victor SHAITAR;;LMP2;;SMP Racing;BR01;
37;2;6;1:52.910;2;;36.111;0;41.113;2;35.686;1;172.6;15:21.884;19:45:21.884;0:36.111;0:41.113;0:35.686;264.9;Victor SHAITAR;;LMP2;;SMP Racing;BR01;
37;2;7;2:04.476;0;B;37.048;0;42.898;0;44.530;0;156.5;17:26.360;19:47:26.360;0:37.048;0:42.898;0:44.530;223.0;Victor SHAITAR;;LMP2;;SMP Racing;BR01;
37;0;8;6:32.400;0;;5:12.458;0;42.695;0;37.247;0;49.7;23:58.760;19:53:58.760;5:12.458;0:42.695;0:37.247;172.5;Vitaly PETROV;0:04:36.103;LMP2;;SMP Racing;BR01;
37;0;9;1:57.445;0;B;36.346;0;41.642;0;39.457;0;165.9;25:56.205;19:55:56.205;0:36.346;0:41.642;0:39.457;264.9;Vitaly PETROV;;LMP2;;SMP Racing;BR01;
37;0;10;5:05.551;0;;3:39.117;0;46.838;0;39.596;0;63.8;31:01.756;20:01:01.756;3:39.117;0:46.838;0:39.596;173.7;Vitaly PETROV;0:03:05.192;LMP2;;SMP Racing;BR01;
37;0;11;1:53.282;0;;36.205;1;41.360;1;35.717;0;172.0;32:55.038;20:02:55.038;0:36.205;0:41.360;0:35.717;267.6;Vitaly PETROV;;LMP2;;SMP Racing;BR01;
37;0;12;1:53.445;0;;36.209;0;41.700;0;35.536;2;171.7;34:48.483;20:04:48.483;0:36.209;0:41.700;0:35.536;265.6;Vitaly PETROV;;LMP2;;SMP Racing;BR01;
37;0;13;1:54.362;0;;36.306;0;41.925;0;36.131;0;170.4;36:42.845;20:06:42.845;0:36.306;0:41.925;0:36.131;266.9;Vitaly PETROV;;LMP2;;SMP Racing;BR01;
37;0;14;1:57.809;0;B;36.268;0;41.673;0;39.868;0;165.4;38:40.654;20:08:40.654;0:36.268;0:41.673;0:39.868;267.6;Vitaly PETROV;;LMP2;;SMP Racing;BR01;
37;1;15;8:21.292;0;;7:00.565;0;43.987;0;36.740;0;38.9;47:01.946;20:17:01.946;7:00.565;0:43.987;0:36.740;146.0;Kirill LADYGIN;0:06:26.744;LMP2;;SMP Racing;BR01;
37;1;16;1:56.732;0;;37.292;0;42.581;0;36.859;0;166.9;48:58.678;20:18:58.678;0:37.292;0:42.581;0:36.859;264.9;Kirill LADYGIN;;LMP2;;SMP Racing;BR01;
37;1;17;1:56.461;0;;37.071;0;42.446;0;36.944;0;167.3;50:55.139;20:20:55.139;0:37.071;0:42.446;0:36.944;262.4;Kirill LADYGIN;;LMP2;;SMP Racing;BR01;
37;1;18;1:56.461;0;;37.046;0;42.781;0;36.634;0;167.3;52:51.600;20:22:51.600;0:37.046;0:42.781;0:36.634;264.3;Kirill LADYGIN;;LMP2;;SMP Racing;BR01;
37;1;19;1:56.858;0;;37.805;0;42.682;0;36.371;1;166.7;54:48.458;20:24:48.458;0:37.805;0:42.682;0:36.371;262.4;Kirill LADYGIN;;LMP2;;SMP Racing;BR01;
37;1;20;2:00.166;0;B;36.866;1;42.245;1;41.055;0;162.1;56:48.624;20:26:48.624;0:36.866;0:42.245;0:41.055;263.0;Kirill LADYGIN;;LMP2;;SMP Racing;BR01;
37;1;21;3:22.360;0;;2:01.448;0;43.686;0;37.226;0;96.3;1:00:10.984;20:30:10.984;2:01.448;0:43.686;0:37.226;174.5;Kirill LADYGIN;0:01:29.437;LMP2;;SMP Racing;BR01;
37;1;22;1:56.766;0;;37.163;0;43.101;0;36.502;0;166.9;1:02:07.750;20:32:07.750;0:37.163;0:43.101;0:36.502;263.0;Kirill LADYGIN;;LMP2;;SMP Racing;BR01;
37;1;23;1:56.449;0;;37.186;0;42.761;0;36.502;0;167.3;1:04:04.199;20:34:04.199;0:37.186;0:42.761;0:36.502;264.9;Kirill LADYGIN;;LMP2;;SMP Racing;BR01;
37;1;24;1:56.603;0;;37.169;0;42.779;0;36.655;0;167.1;1:06:00.802;20:36:00.802;0:37.169;0:42.779;0:36.655;263.6;Kirill LADYGIN;;LMP2;;SMP Racing;BR01;
37;1;25;1:57.298;0;;37.109;0;43.784;0;36.405;0;166.1;1:07:58.100;20:37:58.100;0:37.109;0:43.784;0:36.405;263.6;Kirill LADYGIN;;LMP2;;SMP Racing;BR01;
37;1;26;2:01.783;0;B;37.070;0;42.920;0;41.793;0;160.0;1:09:59.883;20:39:59.883;0:37.070;0:42.920;0:41.793;264.9;Kirill LADYGIN;;LMP2;;SMP Racing;BR01;
37;2;27;3:27.977;0;;2:07.558;0;43.247;0;37.172;0;93.7;1:13:27.860;20:43:27.860;2:07.558;0:43.247;0:37.172;172.3;Victor SHAITAR;0:01:35.386;LMP2;;SMP Racing;BR01;
37;2;28;1:58.470;0;;37.561;0;43.857;0;37.052;0;164.5;1:15:26.330;20:45:26.330;0:37.561;0:43.857;0:37.052;264.3;Victor SHAITAR;;LMP2;;SMP Racing;BR01;
37;2;29;1:58.023;0;;37.217;0;43.973;0;36.833;0;165.1;1:17:24.353;20:47:24.353;0:37.217;0:43.973;0:36.833;263.6;Victor SHAITAR;;LMP2;;SMP Racing;BR01;
37;2;30;1:58.357;0;;37.459;0;43.448;0;37.450;0;164.6;1:19:22.710;20:49:22.710;0:37.459;0:43.448;0:37.450;263.6;Victor SHAITAR;;LMP2;;SMP Racing;BR01;
37;2;31;1:58.648;0;;37.464;0;43.588;0;37.596;0;164.2;1:21:21.358;20:51:21.358;0:37.464;0:43.588;0:37.596;266.2;Victor SHAITAR;;LMP2;;SMP Racing;BR01;
37;2;32;1:59.266;0;;37.444;0;43.531;0;38.291;0;163.4;1:23:20.624;20:53:20.624;0:37.444;0:43.531;0:38.291;266.9;Victor SHAITAR;;LMP2;;SMP Racing;BR01;
37;2;33;1:58.258;0;;37.462;0;43.133;0;37.663;0;164.8;1:25:18.882;20:55:18.882;0:37.462;0:43.133;0:37.663;261.1;Victor SHAITAR;;LMP2;;SMP Racing;BR01;
37;2;34;1:58.662;0;;37.757;0;43.450;0;37.455;0;164.2;1:27:17.544;20:57:17.544;0:37.757;0:43.450;0:37.455;264.9;Victor SHAITAR;;LMP2;;SMP Racing;BR01;
37;2;35;1:59.640;0;;37.511;0;44.177;0;37.952;0;162.8;1:29:17.184;20:59:17.184;0:37.511;0:44.177;0:37.952;265.6;Victor SHAITAR;;LMP2;;SMP Racing;BR01;
37;2;36;1:58.531;0;;37.695;0;43.502;0;37.334;0;164.4;1:31:15.715;21:01:15.715;0:37.695;0:43.502;0:37.334;261.7;Victor SHAITAR;;LMP2;;SMP Racing;BR01;
4;0;1;2:35.287;0;B;1:10.021;0;44.355;0;40.911;0;125.5;2:35.287;19:32:35.287;1:10.021;0:44.355;0:40.911;169.8;Simon TRUMMER;0:00:32.923;LMP1;;Bykolles Racing Team;CLM;
4;0;2;3:57.123;0;;2:38.877;0;41.562;0;36.684;0;82.2;6:32.410;19:36:32.410;2:38.877;0:41.562;0:36.684;169.3;Simon TRUMMER;0:02:06.648;LMP1;;Bykolles Racing Team;CLM;
4;0;3;2:23.646;0;B;42.669;0;53.911;0;47.066;0;135.6;8:56.056;19:38:56.056;0:42.669;0:53.911;0:47.066;271.6;Simon TRUMMER;;LMP1;;Bykolles Racing Team;CLM;
4;0;4;4:27.829;0;;3:10.590;0;41.967;0;35.272;0;72.7;13:23.885;19:43:23.885;3:10.590;0:41.967;0:35.272;181.2;Simon TRUMMER;0:02:38.398;LMP1;;Bykolles Racing Team;CLM;
4;0;5;1:52.184;0;;35.253;1;41.433;0;35.498;0;173.7;15:16.069;19:45:16.069;0:35.253;0:41.433;0:35.498;272.3;Simon TRUMMER;;LMP1;;Bykolles Racing Team;CLM;
4;0;6;1:50.948;0;;35.642;0;40.755;1;34.551;1;175.6;17:07.017;19:47:07.017;0:35.642;0:40.755;0:34.551;263.6;Simon TRUMMER;;LMP1;;Bykolles Racing Team;CLM;
4;0;7;1:56.626;0;B;35.344;0;40.961;0;40.321;0;167.1;19:03.643;19:49:03.643;0:35.344;0:40.961;0:40.321;288.2;Simon TRUMMER;;LMP1;;Bykolles Racing Team;CLM;
4;2;8;11:31.531;0;;10:11.184;0;45.286;0;35.061;0;28.2;30:35.174;20:00:35.174;10:11.184;0:45.286;0:35.061;114.5;Pierre KAFFER;0:09:26.491;LMP1;;Bykolles Racing Team;CLM;
4;2;9;1:47.890;0;;34.426;0;39.729;0;33.735;0;180.6;32:23.064;20:02:23.064;0:34.426;0:39.729;0:33.735;289.0;Pierre KAFFER;;LMP1;;Bykolles Racing Team;CLM;
4;2;10;1:48.550;0;;34.220;0;40.105;0;34.225;0;179.5;34:11.614;20:04:11.614;0:34.220;0:40.105;0:34.225;277.8;Pierre KAFFER;;LMP1;;Bykolles Racing Team;CLM;
4;2;11;1:58.499;0;B;34.318;0;39.726;0;44.455;0;164.4;36:10.113;20:06:10.113;0:34.318;0:39.726;0:44.455;276.4;Pierre KAFFER;;LMP1;;Bykolles Racing Team;CLM;
4;2;12;6:23.650;0;;5:08.915;0;40.986;0;33.749;0;50.8;42:33.763;20:12:33.763;5:08.915;0:40.986;0:33.749;181.5;Pierre KAFFER;0:04:37.478;LMP1;;Bykolles Racing Team;CLM;
4;2;13;1:47.572;2;;34.234;0;39.630;2;33.708;0;181.1;44:21.335;20:14:21.335;0:34.234;0:39.630;0:33.708;281.5;Pierre KAFFER;;LMP1;;Bykolles Racing Team;CLM;
4;2;14;1:49.339;0;;35.403;0;40.272;0;33.664;0;178.2;46:10.674;20:16:10.674;0:35.403;0:40.272;0:33.664;283.7;Pierre KAFFER;;LMP1;;Bykolles Racing Team;CLM;
4;2;15;1:57.616;0;B;34.506;0;40.858;0;42.252;0;165.7;48:08.290;20:18:08.290;0:34.506;0:40.858;0:42.252;278.6;Pierre KAFFER;;LMP1;;Bykolles Racing Team;CLM;
4;2;16;5:51.150;0;;4:24.419;0;44.435;0;42.296;0;55.5;53:59.440;20:23:59.440;4:24.419;0:44.435;0:42.296;168.3;Pierre KAFFER;0:03:51.236;LMP1;;Bykolles Racing Team;CLM;
4;2;17;1:47.718;0;;34.453;0;39.697;0;33.568;2;180.9;55:47.158;20:25:47.158;0:34.453;0:39.697;0:33.568;284.4;Pierre KAFFER;;LMP1;;Bykolles Racing Team;CLM;
4;2;18;1:47.726;0;;34.382;0;39.683;0;33.661;0;180.9;57:34.884;20:27:34.884;0:34.382;0:39.683;0:33.661;292.1;Pierre KAFFER;;LMP1;;Bykolles Racing Team;CLM;
4;2;19;1:50.576;0;;34.049;2;42.707;0;33.820;0;176.2;59:25.460;20:29:25.460;0:34.049;0:42.707;0:33.820;290.5;Pierre KAFFER;;LMP1;;Bykolles Racing Team;CLM;
4;2;20;1:48.116;0;;34.653;0;39.804;0;33.659;0;180.2;1:01:13.576;20:31:13.576;0:34.653;0:39.804;0:33.659;276.4;Pierre KAFFER;;LMP1;;Bykolles Racing Team;CLM;
4;2;21;1:48.549;0;;34.273;0;40.326;0;33.950;0;179.5;1:03:02.125;20:33:02.125;0:34.273;0:40.326;0:33.950;290.5;Pierre KAFFER;;LMP1;;Bykolles Racing Team;CLM;
4;2;22;1:59.020;0;B;34.896;0;41.721;0;42.403;0;163.7;1:05:01.145;20:35:01.145;0:34.896;0:41.721;0:42.403;289.0;Pierre KAFFER;;LMP1;;Bykolles Racing Team;CLM;
4;1;23;5:13.112;0;;3:51.385;0;45.794;0;35.933;0;62.2;1:10:14.257;20:40:14.257;3:51.385;0:45.794;0:35.933;136.1;Oliver WEBB;0:03:10.963;LMP1;;Bykolles Racing Team;CLM;
4;1;24;1:49.803;0;;34.753;0;40.912;0;34.138;0;177.4;1:12:04.060;20:42:04.060;0:34.753;0:40.912;0:34.138;279.3;Oliver WEBB;;LMP1;;Bykolles Racing Team;CLM;
4;1;25;1:51.821;0;;34.646;0;42.793;0;34.382;0;174.2;1:13:55.881;20:43:55.881;0:34.646;0:42.793;0:34.382;289.7;Oliver WEBB;;LMP1;;Bykolles Racing Team;CLM;
4;1;26;1:55.774;0;B;34.511;0;41.296;0;39.967;0;168.3;1:15:51.655;20:45:51.655;0:34.511;0:41.296;0:39.967;282.9;Oliver WEBB;;LMP1;;Bykolles Racing Team;CLM;
4;1;27;4:13.889;0;;2:58.614;0;40.823;0;34.452;0;76.7;1:20:05.544;20:50:05.544;2:58.614;0:40.823;0:34.452;186.8;Oliver WEBB;0:02:27.041;LMP1;;Bykolles Racing Team;CLM;
4;1;28;1:48.156;0;;34.291;0;39.998;0;33.867;0;180.1;1:21:53.700;20:51:53.700;0:34.291;0:39.998;0:33.867;289.0;Oliver WEBB;;LMP1;;Bykolles Racing Team;CLM;
4;1;29;1:47.634;0;;34.244;1;39.706;1;33.684;1;181.0;1:23:41.334;20:53:41.334;0:34.244;0:39.706;0:33.684;291.3;Oliver WEBB;;LMP1;;Bykolles Racing Team;CLM;
4;1;30;2:01.869;0;B;36.317;0;43.557;0;41.995;0;159.9;1:25:43.203;20:55:43.203;0:36.317;0:43.557;0:41.995;252.6;Oliver WEBB;;LMP1;;Bykolles Racing Team;CLM;
4;1;31;4:01.177;0;;2:42.765;0;41.929;0;36.483;0;80.8;1:29:44.380;20:59:44.380;2:42.765;0:41.929;0:36.483;190.4;Oliver WEBB;0:02:12.334;LMP1;;Bykolles Racing Team;CLM;
4;1;32;1:51.163;0;;34.968;0;40.987;0;35.208;0;175.3;1:31:35.543;21:01:35.543;0:34.968;0:40.987;0:35.208;234.0;Oliver WEBB;;LMP1;;Bykolles Racing Team;CLM;
43;2;1;2:14.016;0;;53.858;0;43.224;0;36.934;0;145.4;2:14.016;19:32:14.016;0:53.858;0:43.224;0:36.934;166.7;Bruno SENNA;0:00:18.663;LMP2;;RGR Sport by Morand;LIGIER;
43;2;2;1:59.878;0;;42.550;0;41.840;0;35.488;0;162.5;4:13.894;19:34:13.894;0:42.550;0:41.840;0:35.488;261.7;Bruno SENNA;;LMP2;;RGR Sport by Morand;LIGIER;
43;2;3;1:59.273;0;B;36.218;0;42.819;0;40.236;0;163.3;6:13.167;19:36:13.167;0:36.218;0:42.819;0:40.236;261.1;Bruno SENNA;;LMP2;;RGR Sport by Morand;LIGIER;
43;2;4;3:38.659;0;;2:20.535;0;42.407;0;35.717;0;89.1;9:51.826;19:39:51.826;2:20.535;0:42.407;0:35.717;170.4;Bruno SENNA;0:01:47.974;LMP2;;RGR Sport by Morand;LIGIER;
43;2;5;1:51.297;2;;35.744;0;40.670;0;34.883;2;175.1;11:43.123;19:41:43.123;0:35.744;0:40.670;0:34.883;263.0;Bruno SENNA;;LMP2;;RGR Sport by Morand;LIGIER;
43;2;6;1:51.491;0;;35.703;0;40.601;2;35.187;0;174.8;13:34.614;19:43:34.614;0:35.703;0:40.601;0:35.187;264.3;Bruno SENNA;;LMP2;;RGR Sport by Morand;LIGIER;
43;2;7;1:51.519;0;;35.692;0;40.711;0;35.116;0;174.7;15:26.133;19:45:26.133;0:35.692;0:40.711;0:35.116;263.6;Bruno SENNA;;LMP2;;RGR Sport by Morand;LIGIER;
43;2;8;1:53.036;0;;35.639;2;41.721;0;35.676;0;172.4;17:19.169;19:47:19.169;0:35.639;0:41.721;0:35.676;264.3;Bruno SENNA;;LMP2;;RGR Sport by Morand;LIGIER;
43;2;9;1:56.065;0;B;35.921;0;40.891;0;39.253;0;167.9;19:15.234;19:49:15.234;0:35.921;0:40.891;0:39.253;263.6;Bruno SENNA;;LMP2;;RGR Sport by Morand;LIGIER;
43;1;10;5:58.600;0;;4:41.612;0;41.376;0;35.612;0;54.3;25:13.834;19:55:13.834;4:41.612;0:41.376;0:35.612;168.0;Filipe ALBUQUERQUE;0:04:08.571;LMP2;;RGR Sport by Morand;LIGIER;
43;1;11;2:56.906;0;;36.403;0;1:09.673;0;1:10.830;0;110.1;28:10.740;19:58:10.740;0:36.403;1:09.673;1:10.830;256.8;Filipe ALBUQUERQUE;;LMP2;;RGR Sport by Morand;LIGIER;
43;1;12;1:55.416;0;;37.236;0;41.934;0;36.246;0;168.8;30:06.156;20:00:06.156;0:37.236;0:41.934;0:36.246;223.4;Filipe ALBUQUERQUE;;LMP2;;RGR Sport by Morand;LIGIER;
43;1;13;1:55.142;0;;36.354;0;41.548;0;37.240;0;169.2;32:01.298;20:02:01.298;0:36.354;0:41.548;0:37.240;262.4;Filipe ALBUQUERQUE;;LMP2;;RGR Sport by Morand;LIGIER;
43;1;14;2:04.280;0;B;36.227;0;46.099;0;41.954;0;156.8;34:05.578;20:04:05.578;0:36.227;0:46.099;0:41.954;264.3;Filipe ALBUQUERQUE;;LMP2;;RGR Sport by Morand;LIGIER;
43;1;15;18:34.784;0;;17:17.088;0;42.318;0;35.378;1;17.5;52:40.362;20:22:40.362;17:17.088;0:42.318;0:35.378;165.2;Filipe ALBUQUERQUE;0:16:44.949;LMP2;;RGR Sport by Morand;LIGIER;
43;1;16;1:53.553;0;;36.322;0;41.418;0;35.813;0;171.6;54:33.915;20:24:33.915;0:36.322;0:41.418;0:35.813;253.2;Filipe ALBUQUERQUE;;LMP2;;RGR Sport by Morand;LIGIER;
43;1;17;1:53.426;0;;36.240;0;41.461;0;35.725;0;171.8;56:27.341;20:26:27.341;0:36.240;0:41.461;0:35.725;263.0;Filipe ALBUQUERQUE;;LMP2;;RGR Sport by Morand;LIGIER;
43;1;18;1:52.864;0;;36.171;0;41.215;1;35.478;0;172.6;58:20.205;20:28:20.205;0:36.171;0:41.215;0:35.478;263.0;Filipe ALBUQUERQUE;;LMP2;;RGR Sport by Morand;LIGIER;
43;1;19;1:57.182;0;B;36.027;1;41.480;0;39.675;0;166.3;1:00:17.387;20:30:17.387;0:36.027;0:41.480;0:39.675;263.0;Filipe ALBUQUERQUE;;LMP2;;RGR Sport by Morand;LIGIER;
43;0;20;4:46.833;0;;3:26.620;0;42.049;0;38.164;0;67.9;1:05:04.220;20:35:04.220;3:26.620;0:42.049;0:38.164;167.5;Ricardo GONZALEZ;0:02:53.516;LMP2;;RGR Sport by Morand;LIGIER;
43;0;21;1:57.407;0;;38.075;0;43.446;0;35.886;0;165.9;1:07:01.627;20:37:01.627;0:38.075;0:43.446;0:35.886;262.4;Ricardo GONZALEZ;;LMP2;;RGR Sport by Morand;LIGIER;
43;0;22;1:55.324;0;;36.697;0;42.423;0;36.204;0;168.9;1:08:56.951;20:38:56.951;0:36.697;0:42.423;0:36.204;262.4;Ricardo GONZALEZ;;LMP2;;RGR Sport by Morand;LIGIER;
43;0;23;1:54.438;0;;36.761;0;41.882;0;35.795;1;170.3;1:10:51.389;20:40:51.389;0:36.761;0:41.882;0:35.795;261.7;Ricardo GONZALEZ;;LMP2;;RGR Sport by Morand;LIGIER;
43;0;24;1:54.647;0;;36.362;1;42.052;0;36.233;0;169.9;1:12:46.036;20:42:46.036;0:36.362;0:42.052;0:36.233;263.6;Ricardo GONZALEZ;;LMP2;;RGR Sport by Morand;LIGIER;
43;0;25;1:56.220;0;;36.494;0;43.107;0;36.619;0;167.6;1:14:42.256;20:44:42.256;0:36.494;0:43.107;0:36.619;263.6;Ricardo GONZALEZ;;LMP2;;RGR Sport by Morand;LIGIER;
43;0;26;1:54.114;0;;36.520;0;41.797;0;35.797;0;170.7;1:16:36.370;20:46:36.370;0:36.520;0:41.797;0:35.797;263.6;Ricardo GONZALEZ;;LMP2;;RGR Sport by Morand;LIGIER;
43;0;27;1:54.557;0;;36.584;0;41.737;1;36.236;0;170.1;1:18:30.927;20:48:30.927;0:36.584;0:41.737;0:36.236;263.6;Ricardo GONZALEZ;;LMP2;;RGR Sport by Morand;LIGIER;
43;0;28;1:55.356;0;;36.740;0;42.267;0;36.349;0;168.9;1:20:26.283;20:50:26.283;0:36.740;0:42.267;0:36.349;263.0;Ricardo GONZALEZ;;LMP2;;RGR Sport by Morand;LIGIER;
43;0;29;1:54.690;0;;36.783;0;41.896;0;36.011;0;169.9;1:22:20.973;20:52:20.973;0:36.783;0:41.896;0:36.011;262.4;Ricardo GONZALEZ;;LMP2;;RGR Sport by Morand;LIGIER;
43;0;30;1:55.235;0;;36.601;0;42.416;0;36.218;0;169.1;1:24:16.208;20:54:16.208;0:36.601;0:42.416;0:36.218;263.6;Ricardo GONZALEZ;;LMP2;;RGR Sport by Morand;LIGIER;
43;0;31;2:02.144;0;B;37.200;0;43.490;0;41.454;0;159.5;1:26:18.352;20:56:18.352;0:37.200;0:43.490;0:41.454;255.0;Ricardo GONZALEZ;;LMP2;;RGR Sport by Morand;LIGIER;
44;0;1;2:21.054;0;;1:01.133;0;42.948;0;36.973;0;138.1;2:21.054;19:32:21.054;1:01.133;0:42.948;0:36.973;170.4;Matthew RAO;0:00:25.201;LMP2;;Manor;Oreca;
44;0;2;1:55.574;0;;37.260;0;42.157;0;36.157;0;168.6;4:16.628;19:34:16.628;0:37.260;0:42.157;0:36.157;260.5;Matthew RAO;;LMP2;;Manor;Oreca;
44;0;3;2:08.785;0;B;45.993;0;42.176;0;40.616;0;151.3;6:25.413;19:36:25.413;0:45.993;0:42.176;0:40.616;255.0;Matthew RAO;;LMP2;;Manor;Oreca;
44;0;4;3:54.656;0;;2:38.794;0;40.684;0;35.178;1;83.0;10:20.069;19:40:20.069;2:38.794;0:40.684;0:35.178;170.6;Matthew RAO;0:02:06.641;LMP2;;Manor;Oreca;
44;0;5;1:51.508;0;;35.860;1;40.325;2;35.323;0;174.7;12:11.577;19:42:11.577;0:35.860;0:40.325;0:35.323;267.6;Matthew RAO;;LMP2;;Manor;Oreca;
44;0;6;1:52.443;0;;36.055;0;41.174;0;35.214;0;173.3;14:04.020;19:44:04.020;0:36.055;0:41.174;0:35.214;267.6;Matthew RAO;;LMP2;;Manor;Oreca;
44;0;7;1:58.056;0;B;35.986;0;41.441;0;40.629;0;165.0;16:02.076;19:46:02.076;0:35.986;0:41.441;0:40.629;266.9;Matthew RAO;;LMP2;;Manor;Oreca;
44;2;8;4:20.637;0;;2:54.607;0;47.223;0;38.807;0;74.8;20:22.713;19:50:22.713;2:54.607;0:47.223;0:38.807;168.0;Alex LYNN;0:02:19.666;LMP2;;Manor;Oreca;
44;2;9;1:51.330;0;;35.780;0;40.546;0;35.004;0;175.0;22:14.043;19:52:14.043;0:35.780;0:40.546;0:35.004;267.6;Alex LYNN;;LMP2;;Manor;Oreca;
44;2;10;1:59.742;0;;37.298;0;43.648;0;38.796;0;162.7;24:13.785;19:54:13.785;0:37.298;0:43.648;0:38.796;264.9;Alex LYNN;;LMP2;;Manor;Oreca;
44;2;11;1:54.321;0;;35.761;0;40.508;0;38.052;0;170.4;26:08.106;19:56:08.106;0:35.761;0:40.508;0:38.052;270.2;Alex LYNN;;LMP2;;Manor;Oreca;
44;2;12;3:05.102;0;B;1:27.120;0;56.476;0;41.506;0;105.3;29:13.208;19:59:13.208;1:27.120;0:56.476;0:41.506;68.8;Alex LYNN;;LMP2;;Manor;Oreca;
44;2;13;4:11.814;0;;2:45.122;0;47.747;0;38.945;0;77.4;33:25.022;20:03:25.022;2:45.122;0:47.747;0:38.945;169.8;Alex LYNN;0:02:10.627;LMP2;;Manor;Oreca;
44;2;14;2:00.426;0;;38.926;0;43.152;0;38.348;0;161.8;35:25.448;20:05:25.448;0:38.926;0:43.152;0:38.348;268.2;Alex LYNN;;LMP2;;Manor;Oreca;
44;2;15;1:52.147;0;;35.795;0;40.733;0;35.619;0;173.7;37:17.595;20:07:17.595;0:35.795;0:40.733;0:35.619;267.6;Alex LYNN;;LMP2;;Manor;Oreca;
44;2;16;1:51.023;2;;35.803;0;40.490;1;34.730;2;175.5;39:08.618;20:09:08.618;0:35.803;0:40.490;0:34.730;269.6;Alex LYNN;;LMP2;;Manor;Oreca;
44;2;17;1:53.929;0;;35.980;0;42.802;0;35.147;0;171.0;41:02.547;20:11:02.547;0:35.980;0:42.802;0:35.147;270.9;Alex LYNN;;LMP2;;Manor;Oreca;
44;2;18;1:59.459;0;B;35.759;2;43.191;0;40.509;0;163.1;43:02.006;20:13:02.006;0:35.759;0:43.191;0:40.509;270.2;Alex LYNN;;LMP2;;Manor;Oreca;
44;0;19;4:02.819;0;;2:41.811;0;43.522;0;37.486;0;80.2;47:04.825;20:17:04.825;2:41.811;0:43.522;0:37.486;168.0;Matthew RAO;0:02:07.447;LMP2;;Manor;Oreca;
44;0;20;1:53.308;0;;36.273;0;41.291;0;35.744;0;171.9;48:58.133;20:18:58.133;0:36.273;0:41.291;0:35.744;261.7;Matthew RAO;;LMP2;;Manor;Oreca;
44;0;21;1:53.137;0;;36.209;0;41.674;0;35.254;0;172.2;50:51.270;20:20:51.270;0:36.209;0:41.674;0:35.254;261.1;Matthew RAO;;LMP2;;Manor;Oreca;
44;0;22;1:53.698;0;;36.228;0;41.587;0;35.883;0;171.4;52:44.968;20:22:44.968;0:36.228;0:41.587;0:35.883;262.4;Matthew RAO;;LMP2;;Manor;Oreca;
44;0;23;1:57.375;0;B;36.130;0;41.681;0;39.564;0;166.0;54:42.343;20:24:42.343;0:36.130;0:41.681;0:39.564;269.6;Matthew RAO;;LMP2;;Manor;Oreca;
44;1;24;3:43.251;0;;2:24.376;0;42.567;0;36.308;0;87.3;58:25.594;20:28:25.594;2:24.376;0:42.567;0:36.308;171.7;Richard BRADLEY;0:01:50.929;LMP2;;Manor;Oreca;
44;1;25;1:54.071;0;;36.301;0;42.137;0;35.633;0;170.8;1:00:19.665;20:30:19.665;0:36.301;0:42.137;0:35.633;264.9;Richard BRADLEY;;LMP2;;Manor;Oreca;
44;1;26;1:54.912;0;;37.337;0;42.139;0;35.436;0;169.5;1:02:14.577;20:32:14.577;0:37.337;0:42.139;0:35.436;265.6;Richard BRADLEY;;LMP2;;Manor;Oreca;
44;1;27;1:53.227;0;;36.315;0;41.582;0;35.330;0;172.1;1:04:07.804;20:34:07.804;0:36.315;0:41.582;0:35.330;264.3;Richard BRADLEY;;LMP2;;Manor;Oreca;
44;1;28;1:58.252;0;;36.563;0;41.642;0;40.047;0;164.8;1:06:06.056;20:36:06.056;0:36.563;0:41.642;0:40.047;268.9;Richard BRADLEY;;LMP2;;Manor;Oreca;
44;1;29;2:04.226;0;;36.278;0;49.703;0;38.245;0;156.8;1:08:10.282;20:38:10.282;0:36.278;0:49.703;0:38.245;263.0;Richard BRADLEY;;LMP2;;Manor;Oreca;
44;1;30;1:53.644;0;;36.232;0;41.954;0;35.458;0;171.4;1:10:03.926;20:40:03.926;0:36.232;0:41.954;0:35.458;264.9;Richard BRADLEY;;LMP2;;Manor;Oreca;
44;1;31;1:57.996;0;B;36.108;0;41.389;0;40.499;0;165.1;1:12:01.922;20:42:01.922;0:36.108;0:41.389;0:40.499;267.6;Richard BRADLEY;;LMP2;;Manor;Oreca;
44;1;32;3:54.329;0;;2:26.073;0;45.882;0;42.374;0;83.1;1:15:56.251;20:45:56.251;2:26.073;0:45.882;0:42.374;173.9;Richard BRADLEY;0:01:53.531;LMP2;;Manor;Oreca;
44;1;33;1:52.576;0;;35.920;0;41.049;1;35.607;0;173.1;1:17:48.827;20:47:48.827;0:35.920;0:41.049;0:35.607;265.6;Richard BRADLEY;;LMP2;;Manor;Oreca;
44;1;34;1:52.350;0;;36.015;0;41.138;0;35.197;0;173.4;1:19:41.177;20:49:41.177;0:36.015;0:41.138;0:35.197;268.9;Richard BRADLEY;;LMP2;;Manor;Oreca;
44;1;35;1:51.985;0;;35.830;1;41.070;0;35.085;1;174.0;1:21:33.162;20:51:33.162;0:35.830;0:41.070;0:35.085;268.2;Richard BRADLEY;;LMP2;;Manor;Oreca;
44;1;36;1:54.978;0;;37.768;0;41.567;0;35.643;0;169.5;1:23:28.140;20:53:28.140;0:37.768;0:41.567;0:35.643;264.3;Richard BRADLEY;;LMP2;;Manor;Oreca;
44;1;37;2:00.072;0;;35.955;0;45.486;0;38.631;0;162.3;1:25:28.212;20:55:28.212;0:35.955;0:45.486;0:38.631;268.2;Richard BRADLEY;;LMP2;;Manor;Oreca;
44;1;38;1:52.343;0;;35.942;0;41.291;0;35.110;0;173.4;1:27:20.555;20:57:20.555;0:35.942;0:41.291;0:35.110;268.2;Richard BRADLEY;;LMP2;;Manor;Oreca;
44;1;39;1:53.647;0;;36.256;0;41.941;0;35.450;0;171.4;1:29:14.202;20:59:14.202;0:36.256;0:41.941;0:35.450;270.9;Richard BRADLEY;;LMP2;;Manor;Oreca;
44;1;40;1:53.650;0;;35.963;0;42.173;0;35.514;0;171.4;1:31:07.852;21:01:07.852;0:35.963;0:42.173;0:35.514;268.2;Richard BRADLEY;;LMP2;;Manor;Oreca;
45;0;1;3:29.301;0;;2:10.918;0;42.340;0;36.043;0;93.1;3:29.301;19:33:29.301;2:10.918;0:42.340;0:36.043;158.0;Julien CANAL;0:01:33.601;LMP2;;Manor;Oreca;
45;0;2;1:54.322;0;;36.587;0;41.861;0;35.874;0;170.4;5:23.623;19:35:23.623;0:36.587;0:41.861;0:35.874;262.4;Julien CANAL;;LMP2;;Manor;Oreca;
45;0;3;1:55.189;0;;36.544;0;42.684;0;35.961;0;169.1;7:18.812;19:37:18.812;0:36.544;0:42.684;0:35.961;264.3;Julien CANAL;;LMP2;;Manor;Oreca;
45;0;4;2:01.264;0;B;36.620;0;42.470;0;42.174;0;160.7;9:20.076;19:39:20.076;0:36.620;0:42.470;0:42.174;266.9;Julien CANAL;;LMP2;;Manor;Oreca;
45;0;5;3:07.767;0;;1:49.914;0;42.294;0;35.559;0;103.8;12:27.843;19:42:27.843;1:49.914;0:42.294;0:35.559;154.1;Julien CANAL;0:01:16.826;LMP2;;Manor;Oreca;
45;0;6;1:52.038;0;;35.987;0;41.025;0;35.026;2;173.9;14:19.881;19:44:19.881;0:35.987;0:41.025;0:35.026;268.2;Julien CANAL;;LMP2;;Manor;Oreca;
45;0;7;1:52.131;0;;35.829;0;40.934;1;35.368;0;173.8;16:12.012;19:46:12.012;0:35.829;0:40.934;0:35.368;267.6;Julien CANAL;;LMP2;;Manor;Oreca;
45;0;8;1:51.829;2;;35.676;2;41.106;0;35.047;0;174.2;18:03.841;19:48:03.841;0:35.676;0:41.106;0:35.047;270.2;Julien CANAL;;LMP2;;Manor;Oreca;
45;0;9;2:03.271;0;B;37.689;0;42.353;0;43.229;0;158.1;20:07.112;19:50:07.112;0:37.689;0:42.353;0:43.229;254.4;Julien CANAL;;LMP2;;Manor;Oreca;
45;2;10;4:08.932;0;;2:39.116;0;50.970;0;38.846;0;78.3;24:16.044;19:54:16.044;2:39.116;0:50.970;0:38.846;162.7;Roberto MERHI;0:02:02.818;LMP2;;Manor;Oreca;
45;2;11;2:18.700;0;B;36.450;0;44.025;0;58.225;0;140.5;26:34.744;19:56:34.744;0:36.450;0:44.025;0:58.225;264.9;Roberto MERHI;;LMP2;;Manor;Oreca;
45;2;12;3:31.059;0;;2:09.078;0;45.333;0;36.648;0;92.3;30:05.803;20:00:05.803;2:09.078;0:45.333;0:36.648;172.3;Roberto MERHI;0:01:36.343;LMP2;;Manor;Oreca;
45;2;13;1:52.483;0;;36.184;0;41.217;0;35.082;1;173.2;31:58.286;20:01:58.286;0:36.184;0:41.217;0:35.082;268.2;Roberto MERHI;;LMP2;;Manor;Oreca;
45;2;14;1:52.200;0;;36.060;0;41.016;0;35.124;0;173.6;33:50.486;20:03:50.486;0:36.060;0:41.016;0:35.124;272.3;Roberto MERHI;;LMP2;;Manor;Oreca;
45;2;15;1:56.595;0;B;35.931;1;40.897;2;39.767;0;167.1;35:47.081;20:05:47.081;0:35.931;0:40.897;0:39.767;268.2;Roberto MERHI;;LMP2;;Manor;Oreca;
45;2;16;9:13.847;0;;7:52.681;0;42.693;0;38.473;0;35.2;45:00.928;20:15:00.928;7:52.681;0:42.693;0:38.473;172.8;Roberto MERHI;0:07:19.504;LMP2;;Manor;Oreca;
45;2;17;2:37.018;0;;35.944;0;1:22.974;0;38.100;0;124.1;47:37.946;20:17:37.946;0:35.944;1:22.974;0:38.100;267.6;Roberto MERHI;;LMP2;;Manor;Oreca;
45;2;18;1:53.056;0;;36.140;0;41.415;0;35.501;0;172.3;49:31.002;20:19:31.002;0:36.140;0:41.415;0:35.501;258.6;Roberto MERHI;;LMP2;;Manor;Oreca;
45;2;19;1:58.844;0;B;36.169;0;41.981;0;40.694;0;163.9;51:29.846;20:21:29.846;0:36.169;0:41.981;0:40.694;270.9;Roberto MERHI;;LMP2;;Manor;Oreca;
45;1;20;4:03.710;0;;2:44.038;0;42.707;0;36.965;0;79.9;55:33.556;20:25:33.556;2:44.038;0:42.707;0:36.965;164.4;Roberto GONZALEZ;0:02:06.026;LMP2;;Manor;Oreca;
45;1;21;1:56.266;0;;36.675;0;43.580;0;36.011;0;167.6;57:29.822;20:27:29.822;0:36.675;0:43.580;0:36.011;267.6;Roberto GONZALEZ;;LMP2;;Manor;Oreca;
45;1;22;1:55.460;0;;37.629;0;41.849;0;35.982;0;168.7;59:25.282;20:29:25.282;0:37.629;0:41.849;0:35.982;243.0;Roberto GONZALEZ;;LMP2;;Manor;Oreca;
45;1;23;1:55.937;0;;36.488;0;43.287;0;36.162;0;168.0;1:01:21.219;20:31:21.219;0:36.488;0:43.287;0:36.162;270.9;Roberto GONZALEZ;;LMP2;;Manor;Oreca;
45;1;24;1:53.964;0;;36.359;0;41.897;0;35.708;0;171.0;1:03:15.183;20:33:15.183;0:36.359;0:41.897;0:35.708;269.6;Roberto GONZALEZ;;LMP2;;Manor;Oreca;
45;1;25;1:54.795;0;;36.211;0;42.726;0;35.858;0;169.7;1:05:09.978;20:35:09.978;0:36.211;0:42.726;0:35.858;270.9;Roberto GONZALEZ;;LMP2;;Manor;Oreca;
45;1;26;2:01.435;0;B;37.477;0;42.385;0;41.573;0;160.4;1:07:11.413;20:37:11.413;0:37.477;0:42.385;0:41.573;270.2;Roberto GONZALEZ;;LMP2;;Manor;Oreca;
45;1;27;6:50.701;0;;5:31.155;0;42.643;0;36.903;0;47.4;1:14:02.114;20:44:02.114;5:31.155;0:42.643;0:36.903;167.0;Roberto GONZALEZ;0:04:58.025;LMP2;;Manor;Oreca;
45;1;28;1:57.476;0;;36.409;0;44.581;0;36.486;0;165.8;1:15:59.590;20:45:59.590;0:36.409;0:44.581;0:36.486;270.2;Roberto GONZALEZ;;LMP2;;Manor;Oreca;
45;1;29;1:54.064;0;;36.295;0;41.814;0;35.955;0;170.8;1:17:53.654;20:47:53.654;0:36.295;0:41.814;0:35.955;269.6;Roberto GONZALEZ;;LMP2;;Manor;Oreca;
45;1;30;1:54.456;0;;36.246;0;42.572;0;35.638;1;170.2;1:19:48.110;20:49:48.110;0:36.246;0:42.572;0:35.638;269.6;Roberto GONZALEZ;;LMP2;;Manor;Oreca;
45;1;31;1:54.687;0;;36.667;0;41.944;0;36.076;0;169.9;1:21:42.797;20:51:42.797;0:36.667;0:41.944;0:36.076;270.9;Roberto GONZALEZ;;LMP2;;Manor;Oreca;
45;1;32;1:53.799;0;;36.094;1;41.666;1;36.039;0;171.2;1:23:36.596;20:53:36.596;0:36.094;0:41.666;0:36.039;270.9;Roberto GONZALEZ;;LMP2;;Manor;Oreca;
45;1;33;2:08.612;0;B;36.301;0;43.230;0;49.081;0;151.5;1:25:45.208;20:55:45.208;0:36.301;0:43.230;0:49.081;270.9;Roberto GONZALEZ;;LMP2;;Manor;Oreca;
5;2;1;2:01.959;0;;48.400;0;39.523;0;34.036;0;159.8;2:01.959;19:32:01.959;0:48.400;0:39.523;0:34.036;151.3;Kazuki NAKAJIMA;0:00:12.155;LMP1;H;Toyota Gazoo Racing;Toyota;
5;2;2;1:44.041;0;;33.259;0;38.033;0;32.749;0;187.3;3:46.000;19:33:46.000;0:33.259;0:38.033;0:32.749;268.9;Kazuki NAKAJIMA;;LMP1;H;Toyota Gazoo Racing;Toyota;
5;2;3;1:48.340;0;;35.048;0;39.831;0;33.461;0;179.8;5:34.340;19:35:34.340;0:35.048;0:39.831;0:33.461;238.2;Kazuki NAKAJIMA;;LMP1;H;Toyota Gazoo Racing;Toyota;
5;2;4;1:44.523;0;;33.100;1;38.239;0;33.184;0;186.4;7:18.863;19:37:18.863;0:33.100;0:38.239;0:33.184;270.9;Kazuki NAKAJIMA;;LMP1;H;Toyota Gazoo Racing;Toyota;
5;2;5;1:47.397;0;;35.357;0;38.249;0;33.791;0;181.4;9:06.260;19:39:06.260;0:35.357;0:38.249;0:33.791;206.8;Kazuki NAKAJIMA;;LMP1;H;Toyota Gazoo Racing;Toyota;
5;2;6;1:51.924;0;B;34.302;0;39.714;0;37.908;0;174.1;10:58.184;19:40:58.184;0:34.302;0:39.714;0:37.908;241.9;Kazuki NAKAJIMA;;LMP1;H;Toyota Gazoo Racing;Toyota;
5;1;7;5:42.985;0;;4:28.710;0;39.720;0;34.555;0;56.8;16:41.169;19:46:41.169;4:28.710;0:39.720;0:34.555;177.9;Sébastien BUEMI;0:03:58.668;LMP1;H;Toyota Gazoo Racing;Toyota;
5;1;8;1:43.226;0;;33.371;1;37.721;0;32.134;0;188.7;18:24.395;19:48:24.395;0:33.371;0:37.721;0:32.134;270.9;Sébastien BUEMI;;LMP1;H;Toyota Gazoo Racing;Toyota;
5;1;9;1:49.502;0;;36.079;0;39.156;0;34.267;0;177.9;20:13.897;19:50:13.897;0:36.079;0:39.156;0:34.267;235.6;Sébastien BUEMI;;LMP1;H;Toyota Gazoo Racing;Toyota;
5;1;10;1:44.954;0;;33.383;0;39.251;0;32.320;0;185.6;21:58.851;19:51:58.851;0:33.383;0:39.251;0:32.320;250.3;Sébastien BUEMI;;LMP1;H;Toyota Gazoo Racing;Toyota;
5;1;11;1:48.131;0;;35.581;0;40.024;0;32.526;0;180.2;23:46.982;19:53:46.982;0:35.581;0:40.024;0:32.526;238.7;Sébastien BUEMI;;LMP1;H;Toyota Gazoo Racing;Toyota;
5;1;12;1:44.540;0;;33.720;0;38.673;0;32.147;0;186.4;25:31.522;19:55:31.522;0:33.720;0:38.673;0:32.147;252.6;Sébastien BUEMI;;LMP1;H;Toyota Gazoo Racing;Toyota;
5;1;13;2:51.047;0;B;33.650;0;1:17.901;0;59.496;0;113.9;28:22.569;19:58:22.569;0:33.650;1:17.901;0:59.496;253.8;Sébastien BUEMI;;LMP1;H;Toyota Gazoo Racing;Toyota;
5;1;14;5:11.757;0;;4:00.274;0;38.884;0;32.599;0;62.5;33:34.326;20:03:34.326;4:00.274;0:38.884;0:32.599;183.0;Sébastien BUEMI;0:03:31.422;LMP1;H;Toyota Gazoo Racing;Toyota;
5;1;15;1:43.062;0;;33.418;0;37.647;0;31.997;0;189.0;35:17.388;20:05:17.388;0:33.418;0:37.647;0:31.997;250.8;Sébastien BUEMI;;LMP1;H;Toyota Gazoo Racing;Toyota;
5;1;16;1:42.859;2;;33.409;0;37.565;2;31.885;2;189.4;37:00.247;20:07:00.247;0:33.409;0:37.565;0:31.885;255.0;Sébastien BUEMI;;LMP1;H;Toyota Gazoo Racing;Toyota;
5;1;17;1:43.577;0;;33.465;0;37.881;0;32.231;0;188.1;38:43.824;20:08:43.824;0:33.465;0:37.881;0:32.231;256.2;Sébastien BUEMI;;LMP1;H;Toyota Gazoo Racing;Toyota;
5;1;18;1:43.463;0;;33.635;0;37.786;0;32.042;0;188.3;40:27.287;20:10:27.287;0:33.635;0:37.786;0:32.042;252.6;Sébastien BUEMI;;LMP1;H;Toyota Gazoo Racing;Toyota;
5;1;19;1:43.343;0;;33.438;0;37.642;0;32.263;0;188.5;42:10.630;20:12:10.630;0:33.438;0:37.642;0:32.263;253.8;Sébastien BUEMI;;LMP1;H;Toyota Gazoo Racing;Toyota;
5;1;20;1:44.072;0;;33.688;0;38.159;0;32.225;0;187.2;43:54.702;20:13:54.702;0:33.688;0:38.159;0:32.225;255.0;Sébastien BUEMI;;LMP1;H;Toyota Gazoo Racing;Toyota;
5;1;21;1:43.565;0;;33.678;0;37.855;0;32.032;0;188.1;45:38.267;20:15:38.267;0:33.678;0:37.855;0:32.032;249.7;Sébastien BUEMI;;LMP1;H;Toyota Gazoo Racing;Toyota;
5;1;22;1:47.181;0;B;33.433;0;37.939;0;35.809;0;181.8;47:25.448;20:17:25.448;0:33.433;0:37.939;0:35.809;258.0;Sébastien BUEMI;;LMP1;H;Toyota Gazoo Racing;Toyota;
5;0;23;5:43.097;0;;4:28.623;0;40.833;0;33.641;0;56.8;53:08.545;20:23:08.545;4:28.623;0:40.833;0:33.641;182.4;Anthony DAVIDSON;0:03:58.128;LMP1;H;Toyota Gazoo Racing;Toyota;
5;0;24;1:44.963;0;;33.205;0;38.038;1;33.720;0;185.6;54:53.508;20:24:53.508;0:33.205;0:38.038;0:33.720;260.5;Anthony DAVIDSON;;LMP1;H;Toyota Gazoo Racing;Toyota;
5;0;25;1:48.111;0;;35.485;0;39.487;0;33.139;0;180.2;56:41.619;20:26:41.619;0:35.485;0:39.487;0:33.139;232.5;Anthony DAVIDSON;;LMP1;H;Toyota Gazoo Racing;Toyota;
5;0;26;1:44.151;0;;33.068;2;38.396;0;32.687;0;187.1;58:25.770;20:28:25.770;0:33.068;0:38.396;0:32.687;268.9;Anthony DAVIDSON;;LMP1;H;Toyota Gazoo Racing;Toyota;
5;0;27;1:48.268;0;;36.056;0;38.627;0;33.585;0;180.0;1:00:14.038;20:30:14.038;0:36.056;0:38.627;0:33.585;227.6;Anthony DAVIDSON;;LMP1;H;Toyota Gazoo Racing;Toyota;
5;0;28;1:45.275;0;;34.021;0;38.681;0;32.573;0;185.1;1:01:59.313;20:31:59.313;0:34.021;0:38.681;0:32.573;254.4;Anthony DAVIDSON;;LMP1;H;Toyota Gazoo Racing;Toyota;
5;0;29;1:44.199;0;;33.604;0;38.184;0;32.411;0;187.0;1:03:43.512;20:33:43.512;0:33.604;0:38.184;0:32.411;252.6;Anthony DAVIDSON;;LMP1;H;Toyota Gazoo Racing;Toyota;
5;0;30;1:45.632;0;;33.618;0;39.265;0;32.749;0;184.4;1:05:29.144;20:35:29.144;0:33.618;0:39.265;0:32.749;252.0;Anthony DAVIDSON;;LMP1;H;Toyota Gazoo Racing;Toyota;
5;0;31;1:44.624;0;;33.795;0;38.610;0;32.219;1;186.2;1:07:13.768;20:37:13.768;0:33.795;0:38.610;0:32.219;253.8;Anthony DAVIDSON;;LMP1;H;Toyota Gazoo Racing;Toyota;
5;0;32;1:45.299;0;;33.551;0;38.480;0;33.268;0;185.0;1:08:59.067;20:38:59.067;0:33.551;0:38.480;0:33.268;253.8;Anthony DAVIDSON;;LMP1;H;Toyota Gazoo Racing;Toyota;
5;0;33;1:51.692;0;B;33.667;0;38.457;0;39.568;0;174.4;1:10:50.759;20:40:50.759;0:33.667;0:38.457;0:39.568;252.6;Anthony DAVIDSON;;LMP1;H;Toyota Gazoo Racing;Toyota;
5;2;34;5:17.737;0;;4:04.638;0;39.431;0;33.668;0;61.3;1:16:08.496;20:46:08.496;4:04.638;0:39.431;0:33.668;179.4;Kazuki NAKAJIMA;0:03:34.865;LMP1;H;Toyota Gazoo Racing;Toyota;
5;2;35;1:43.907;0;;33.278;0;37.980;0;32.649;0;187.5;1:17:52.403;20:47:52.403;0:33.278;0:37.980;0:32.649;266.9;Kazuki NAKAJIMA;;LMP1;H;Toyota Gazoo Racing;Toyota;
5;2;36;1:44.855;0;;34.540;0;37.934;1;32.381;0;185.8;1:19:37.258;20:49:37.258;0:34.540;0:37.934;0:32.381;235.6;Kazuki NAKAJIMA;;LMP1;H;Toyota Gazoo Racing;Toyota;
5;2;37;1:45.452;0;;33.579;0;38.452;0;33.421;0;184.8;1:21:22.710;20:51:22.710;0:33.579;0:38.452;0:33.421;255.6;Kazuki NAKAJIMA;;LMP1;H;Toyota Gazoo Racing;Toyota;
5;2;38;1:47.064;0;;34.460;0;39.425;0;33.179;0;182.0;1:23:09.774;20:53:09.774;0:34.460;0:39.425;0:33.179;258.0;Kazuki NAKAJIMA;;LMP1;H;Toyota Gazoo Racing;Toyota;
5;2;39;1:45.546;0;;33.933;0;39.219;0;32.394;0;184.6;1:24:55.320;20:54:55.320;0:33.933;0:39.219;0:32.394;250.8;Kazuki NAKAJIMA;;LMP1;H;Toyota Gazoo Racing;Toyota;
5;2;40;1:44.569;0;;34.076;0;38.191;0;32.302;1;186.3;1:26:39.889;20:56:39.889;0:34.076;0:38.191;0:32.302;249.7;Kazuki NAKAJIMA;;LMP1;H;Toyota Gazoo Racing;Toyota;
5;2;41;1:50.830;0;B;34.136;0;38.109;0;38.585;0;175.8;1:28:30.719;20:58:30.719;0:34.136;0:38.109;0:38.585;251.4;Kazuki NAKAJIMA;;LMP1;H;Toyota Gazoo Racing;Toyota;
5;2;42;2:16.522;0;;1:05.474;0;38.409;0;32.639;0;142.7;1:30:47.241;21:00:47.241;1:05.474;0:38.409;0:32.639;189.1;Kazuki NAKAJIMA;0:00:35.860;LMP1;H;Toyota Gazoo Racing;Toyota;
50;1;1;3:22.077;0;;1:56.339;0;46.228;0;39.510;0;96.4;3:22.077;19:33:22.077;1:56.339;0:46.228;0:39.510;157.3;Ricky TAYLOR;0:01:17.800;LMGTE Am;;Larbre Competition;Chevrolet;
50;1;2;2:05.906;0;;40.567;0;45.985;0;39.354;0;154.7;5:27.983;19:35:27.983;0:40.567;0:45.985;0:39.354;248.0;Ricky TAYLOR;;LMGTE Am;;Larbre Competition;Chevrolet;
50;1;3;2:04.329;0;;39.597;0;45.249;0;39.483;0;156.7;7:32.312;19:37:32.312;0:39.597;0:45.249;0:39.483;242.4;Ricky TAYLOR;;LMGTE Am;;Larbre Competition;Chevrolet;
50;1;4;2:03.385;0;;39.377;0;45.106;0;38.902;0;157.9;9:35.697;19:39:35.697;0:39.377;0:45.106;0:38.902;243.0;Ricky TAYLOR;;LMGTE Am;;Larbre Competition;Chevrolet;
50;1;5;2:10.710;0;B;39.344;0;47.363;0;44.003;0;149.1;11:46.407;19:41:46.407;0:39.344;0:47.363;0:44.003;245.2;Ricky TAYLOR;;LMGTE Am;;Larbre Competition;Chevrolet;
50;1;6;3:09.223;0;;1:45.874;0;44.858;0;38.491;0;103.0;14:55.630;19:44:55.630;1:45.874;0:44.858;0:38.491;162.7;Ricky TAYLOR;0:01:11.055;LMGTE Am;;Larbre Competition;Chevrolet;
50;1;7;2:00.579;2;;38.643;2;43.862;2;38.074;2;161.6;16:56.209;19:46:56.209;0:38.643;0:43.862;0:38.074;243.5;Ricky TAYLOR;;LMGTE Am;;Larbre Competition;Chevrolet;
50;1;8;2:01.731;0;;38.889;0;43.997;0;38.845;0;160.1;18:57.940;19:48:57.940;0:38.889;0:43.997;0:38.845;253.8;Ricky TAYLOR;;LMGTE Am;;Larbre Competition;Chevrolet;
50;1;9;2:01.084;0;;38.675;0;43.965;0;38.444;0;160.9;20:59.024;19:50:59.024;0:38.675;0:43.965;0:38.444;251.4;Ricky TAYLOR;;LMGTE Am;;Larbre Competition;Chevrolet;
50;1;10;2:06.680;0;B;38.681;0;44.459;0;43.540;0;153.8;23:05.704;19:53:05.704;0:38.681;0:44.459;0:43.540;244.1;Ricky TAYLOR;;LMGTE Am;;Larbre Competition;Chevrolet;
50;1;11;5:03.773;0;;2:36.306;0;1:14.056;0;1:13.411;0;64.1;28:09.477;19:58:09.477;2:36.306;1:14.056;1:13.411;133.6;Ricky TAYLOR;0:01:59.777;LMGTE Am;;Larbre Competition;Chevrolet;
50;1;12;2:03.727;0;;40.099;0;44.821;0;38.807;0;157.5;30:13.204;20:00:13.204;0:40.099;0:44.821;0:38.807;227.2;Ricky TAYLOR;;LMGTE Am;;Larbre Competition;Chevrolet;
50;1;13;2:01.874;0;;38.854;0;44.474;0;38.546;0;159.9;32:15.078;20:02:15.078;0:38.854;0:44.474;0:38.546;243.5;Ricky TAYLOR;;LMGTE Am;;Larbre Competition;Chevrolet;
50;1;14;2:08.447;0;B;38.755;0;45.013;0;44.679;0;151.7;34:23.525;20:04:23.525;0:38.755;0:45.013;0:44.679;248.0;Ricky TAYLOR;;LMGTE Am;;Larbre Competition;Chevrolet;
50;0;15;3:22.077;0;;1:58.202;0;44.892;1;38.983;0;96.4;37:45.602;20:07:45.602;1:58.202;0:44.892;0:38.983;163.4;Pierre RAGUES;0:01:22.576;LMGTE Am;;Larbre Competition;Chevrolet;
50;0;16;2:02.634;0;;38.986;0;44.956;0;38.692;0;158.9;39:48.236;20:09:48.236;0:38.986;0:44.956;0:38.692;230.6;Pierre RAGUES;;LMGTE Am;;Larbre Competition;Chevrolet;
50;0;17;2:02.554;0;;38.885;1;45.031;0;38.638;0;159.0;41:50.790;20:11:50.790;0:38.885;0:45.031;0:38.638;243.0;Pierre RAGUES;;LMGTE Am;;Larbre Competition;Chevrolet;
50;0;18;2:07.530;0;B;39.011;0;45.454;0;43.065;0;152.8;43:58.320;20:13:58.320;0:39.011;0:45.454;0:43.065;243.0;Pierre RAGUES;;LMGTE Am;;Larbre Competition;Chevrolet;
50;0;19;3:30.052;0;;2:05.706;0;45.378;0;38.968;0;92.8;47:28.372;20:17:28.372;2:05.706;0:45.378;0:38.968;164.4;Pierre RAGUES;0:01:31.251;LMGTE Am;;Larbre Competition;Chevrolet;
50;0;20;2:04.118;0;;39.458;0;45.480;0;39.180;0;157.0;49:32.490;20:19:32.490;0:39.458;0:45.480;0:39.180;239.2;Pierre RAGUES;;LMGTE Am;;Larbre Competition;Chevrolet;
50;0;21;2:02.748;0;;38.938;0;45.099;0;38.711;0;158.7;51:35.238;20:21:35.238;0:38.938;0:45.099;0:38.711;243.5;Pierre RAGUES;;LMGTE Am;;Larbre Competition;Chevrolet;
50;0;22;2:02.648;0;;39.104;0;44.931;0;38.613;1;158.9;53:37.886;20:23:37.886;0:39.104;0:44.931;0:38.613;236.6;Pierre RAGUES;;LMGTE Am;;Larbre Competition;Chevrolet;
50;0;23;2:07.845;0;B;39.196;0;45.589;0;43.060;0;152.4;55:45.731;20:25:45.731;0:39.196;0:45.589;0:43.060;225.3;Pierre RAGUES;;LMGTE Am;;Larbre Competition;Chevrolet;
50;0;24;3:02.158;0;;1:37.134;0;45.629;0;39.395;0;107.0;58:47.889;20:28:47.889;1:37.134;0:45.629;0:39.395;163.7;Pierre RAGUES;0:01:01.895;LMGTE Am;;Larbre Competition;Chevrolet;
50;0;25;2:05.157;0;;39.308;0;46.786;0;39.063;0;155.7;1:00:53.046;20:30:53.046;0:39.308;0:46.786;0:39.063;235.1;Pierre RAGUES;;LMGTE Am;;Larbre Competition;Chevrolet;
50;0;26;2:05.122;0;;39.457;0;46.067;0;39.598;0;155.7;1:02:58.168;20:32:58.168;0:39.457;0:46.067;0:39.598;236.6;Pierre RAGUES;;LMGTE Am;;Larbre Competition;Chevrolet;
50;0;27;2:04.463;0;;39.333;0;45.821;0;39.309;0;156.5;1:05:02.631;20:35:02.631;0:39.333;0:45.821;0:39.309;241.9;Pierre RAGUES;;LMGTE Am;;Larbre Competition;Chevrolet;
50;0;28;2:10.452;0;B;39.416;0;47.185;0;43.851;0;149.4;1:07:13.083;20:37:13.083;0:39.416;0:47.185;0:43.851;236.6;Pierre RAGUES;;LMGTE Am;;Larbre Competition;Chevrolet;
50;2;29;3:37.775;0;;2:10.919;0;46.458;0;40.398;0;89.5;1:10:50.858;20:40:50.858;2:10.919;0:46.458;0:40.398;158.7;Romain BRANDELA;0:01:33.991;LMGTE Am;;Larbre Competition;Chevrolet;
50;2;30;2:07.492;0;;40.090;1;47.300;0;40.102;1;152.8;1:12:58.350;20:42:58.350;0:40.090;0:47.300;0:40.102;222.5;Romain BRANDELA;;LMGTE Am;;Larbre Competition;Chevrolet;
50;2;31;2:10.469;0;;43.548;0;46.459;0;40.462;0;149.3;1:15:08.819;20:45:08.819;0:43.548;0:46.459;0:40.462;255.6;Romain BRANDELA;;LMGTE Am;;Larbre Competition;Chevrolet;
50;2;32;2:07.601;0;;40.105;0;46.772;0;40.724;0;152.7;1:17:16.420;20:47:16.420;0:40.105;0:46.772;0:40.724;226.7;Romain BRANDELA;;LMGTE Am;;Larbre Competition;Chevrolet;
50;2;33;2:07.372;0;;40.640;0;46.603;0;40.129;0;153.0;1:19:23.792;20:49:23.792;0:40.640;0:46.603;0:40.129;225.8;Romain BRANDELA;;LMGTE Am;;Larbre Competition;Chevrolet;
50;2;34;2:08.020;0;;40.681;0;47.233;0;40.106;0;152.2;1:21:31.812;20:51:31.812;0:40.681;0:47.233;0:40.106;216.7;Romain BRANDELA;;LMGTE Am;;Larbre Competition;Chevrolet;
50;2;35;2:14.598;0;B;40.970;0;47.354;0;46.274;0;144.8;1:23:46.410;20:53:46.410;0:40.970;0:47.354;0:46.274;236.6;Romain BRANDELA;;LMGTE Am;;Larbre Competition;Chevrolet;
50;2;36;3:14.376;0;;1:47.667;0;46.497;0;40.212;0;100.2;1:27:00.786;20:57:00.786;1:47.667;0:46.497;0:40.212;157.7;Romain BRANDELA;0:01:11.585;LMGTE Am;;Larbre Competition;Chevrolet;
50;2;37;2:06.723;0;;40.091;0;46.365;1;40.267;0;153.7;1:29:07.509;20:59:07.509;0:40.091;0:46.365;0:40.267;225.3;Romain BRANDELA;;LMGTE Am;;Larbre Competition;Chevrolet;
50;2;38;2:06.960;0;;40.137;0;46.682;0;40.141;0;153.5;1:31:14.469;21:01:14.469;0:40.137;0:46.682;0:40.141;226.7;Romain BRANDELA;;LMGTE Am;;Larbre Competition;Chevrolet;
51;1;1;2:50.705;0;;1:26.505;0;45.355;0;38.845;0;114.1;2:50.705;19:32:50.705;1:26.505;0:45.355;0:38.845;156.1;James CALADO;0:00:48.631;LMGTE Pro;;AF Corse;Ferrari;
51;1;2;2:02.170;0;;38.831;0;44.707;0;38.632;0;159.5;4:52.875;19:34:52.875;0:38.831;0:44.707;0:38.632;249.1;James CALADO;;LMGTE Pro;;AF Corse;Ferrari;
51;1;3;2:01.336;0;;38.627;0;44.169;0;38.540;0;160.6;6:54.211;19:36:54.211;0:38.627;0:44.169;0:38.540;253.2;James CALADO;;LMGTE Pro;;AF Corse;Ferrari;
51;1;4;2:02.088;0;;38.520;0;44.632;0;38.936;0;159.6;8:56.299;19:38:56.299;0:38.520;0:44.632;0:38.936;255.0;James CALADO;;LMGTE Pro;;AF Corse;Ferrari;
51;1;5;2:02.055;0;;38.723;0;44.420;0;38.912;0;159.6;10:58.354;19:40:58.354;0:38.723;0:44.420;0:38.912;255.0;James CALADO;;LMGTE Pro;;AF Corse;Ferrari;
51;1;6;2:07.603;0;B;38.623;0;44.950;0;44.030;0;152.7;13:05.957;19:43:05.957;0:38.623;0:44.950;0:44.030;253.8;James CALADO;;LMGTE Pro;;AF Corse;Ferrari;
51;1;7;4:25.456;0;;3:00.580;0;45.303;0;39.573;0;73.4;17:31.413;19:47:31.413;3:00.580;0:45.303;0:39.573;162.0;James CALADO;0:02:26.036;LMGTE Pro;;AF Corse;Ferrari;
51;1;8;2:02.183;0;;38.766;0;44.423;0;38.994;0;159.5;19:33.596;19:49:33.596;0:38.766;0:44.423;0:38.994;251.4;James CALADO;;LMGTE Pro;;AF Corse;Ferrari;
51;1;9;2:02.846;0;;39.096;0;44.888;0;38.862;0;158.6;21:36.442;19:51:36.442;0:39.096;0:44.888;0:38.862;250.8;James CALADO;;LMGTE Pro;;AF Corse;Ferrari;
51;1;10;2:02.679;0;;38.713;0;45.129;0;38.837;0;158.8;23:39.121;19:53:39.121;0:38.713;0:45.129;0:38.837;253.8;James CALADO;;LMGTE Pro;;AF Corse;Ferrari;
51;1;11;2:06.705;0;B;38.789;0;44.979;0;42.937;0;153.8;25:45.826;19:55:45.826;0:38.789;0:44.979;0:42.937;253.8;James CALADO;;LMGTE Pro;;AF Corse;Ferrari;
51;1;12;8:12.678;0;;6:48.643;0;44.998;0;39.037;0;39.5;33:58.504;20:03:58.504;6:48.643;0:44.998;0:39.037;162.2;James CALADO;0:06:14.457;LMGTE Pro;;AF Corse;Ferrari;
51;1;13;2:03.391;0;;38.806;0;45.244;0;39.341;0;157.9;36:01.895;20:06:01.895;0:38.806;0:45.244;0:39.341;252.6;James CALADO;;LMGTE Pro;;AF Corse;Ferrari;
51;1;14;2:08.438;0;B;38.995;0;45.288;0;44.155;0;151.7;38:10.333;20:08:10.333;0:38.995;0:45.288;0:44.155;254.4;James CALADO;;LMGTE Pro;;AF Corse;Ferrari;
51;1;15;3:08.127;0;;1:38.370;0;49.737;0;40.020;0;103.6;41:18.460;20:11:18.460;1:38.370;0:49.737;0:40.020;161.5;James CALADO;0:01:01.933;LMGTE Pro;;AF Corse;Ferrari;
51;1;16;2:02.994;0;;37.854;0;46.684;0;38.456;0;158.4;43:21.454;20:13:21.454;0:37.854;0:46.684;0:38.456;256.2;James CALADO;;LMGTE Pro;;AF Corse;Ferrari;
51;1;17;1:59.315;2;;37.844;2;43.451;2;38.020;1;163.3;45:20.769;20:15:20.769;0:37.844;0:43.451;0:38.020;257.4;James CALADO;;LMGTE Pro;;AF Corse;Ferrari;
51;1;18;2:06.080;0;B;38.537;0;44.427;0;43.116;0;154.5;47:26.849;20:17:26.849;0:38.537;0:44.427;0:43.116;253.2;James CALADO;;LMGTE Pro;;AF Corse;Ferrari;
51;0;19;4:12.366;0;;2:49.746;0;44.169;0;38.451;0;77.2;51:39.215;20:21:39.215;2:49.746;0:44.169;0:38.451;157.7;Gianmaria BRUNI;0:02:15.445;LMGTE Pro;;AF Corse;Ferrari;
51;0;20;2:00.385;0;;38.343;0;43.786;0;38.256;0;161.8;53:39.600;20:23:39.600;0:38.343;0:43.786;0:38.256;255.6;Gianmaria BRUNI;;LMGTE Pro;;AF Corse;Ferrari;
51;0;21;2:00.138;0;;38.321;0;43.824;0;37.993;0;162.2;55:39.738;20:25:39.738;0:38.321;0:43.824;0:37.993;253.8;Gianmaria BRUNI;;LMGTE Pro;;AF Corse;Ferrari;
51;0;22;1:59.983;0;;38.069;1;43.924;0;37.990;2;162.4;57:39.721;20:27:39.721;0:38.069;0:43.924;0:37.990;256.2;Gianmaria BRUNI;;LMGTE Pro;;AF Corse;Ferrari;
51;0;23;1:59.934;0;;38.152;0;43.532;1;38.250;0;162.4;59:39.655;20:29:39.655;0:38.152;0:43.532;0:38.250;256.2;Gianmaria BRUNI;;LMGTE Pro;;AF Corse;Ferrari;
51;0;24;2:06.245;0;B;38.137;0;45.489;0;42.619;0;154.3;1:01:45.900;20:31:45.900;0:38.137;0:45.489;0:42.619;253.8;Gianmaria BRUNI;;LMGTE Pro;;AF Corse;Ferrari;
51;0;25;5:15.658;0;;3:53.355;0;43.860;0;38.443;0;61.7;1:07:01.558;20:37:01.558;3:53.355;0:43.860;0:38.443;157.7;Gianmaria BRUNI;0:03:19.412;LMGTE Pro;;AF Corse;Ferrari;
51;0;26;2:01.134;0;;38.669;0;44.074;0;38.391;0;160.8;1:09:02.692;20:39:02.692;0:38.669;0:44.074;0:38.391;236.6;Gianmaria BRUNI;;LMGTE Pro;;AF Corse;Ferrari;
51;0;27;2:00.513;0;;38.313;0;43.945;0;38.255;0;161.7;1:11:03.205;20:41:03.205;0:38.313;0:43.945;0:38.255;256.8;Gianmaria BRUNI;;LMGTE Pro;;AF Corse;Ferrari;
51;0;28;2:01.028;0;;38.669;0;44.067;0;38.292;0;161.0;1:13:04.233;20:43:04.233;0:38.669;0:44.067;0:38.292;256.8;Gianmaria BRUNI;;LMGTE Pro;;AF Corse;Ferrari;
51;0;29;2:02.403;0;;38.373;0;44.739;0;39.291;0;159.2;1:15:06.636;20:45:06.636;0:38.373;0:44.739;0:39.291;251.4;Gianmaria BRUNI;;LMGTE Pro;;AF Corse;Ferrari;
51;0;30;2:00.527;0;;38.426;0;43.956;0;38.145;0;161.7;1:17:07.163;20:47:07.163;0:38.426;0:43.956;0:38.145;256.2;Gianmaria BRUNI;;LMGTE Pro;;AF Corse;Ferrari;
51;0;31;2:00.375;0;;38.365;0;43.818;0;38.192;0;161.9;1:19:07.538;20:49:07.538;0:38.365;0:43.818;0:38.192;254.4;Gianmaria BRUNI;;LMGTE Pro;;AF Corse;Ferrari;
51;0;32;2:01.519;0;;38.597;0;43.834;0;39.088;0;160.3;1:21:09.057;20:51:09.057;0:38.597;0:43.834;0:39.088;256.2;Gianmaria BRUNI;;LMGTE Pro;;AF Corse;Ferrari;
51;0;33;2:00.642;0;;38.446;0;43.878;0;38.318;0;161.5;1:23:09.699;20:53:09.699;0:38.446;0:43.878;0:38.318;256.2;Gianmaria BRUNI;;LMGTE Pro;;AF Corse;Ferrari;
51;0;34;2:05.602;0;B;38.696;0;44.449;0;42.457;0;155.1;1:25:15.301;20:55:15.301;0:38.696;0:44.449;0:42.457;243.5;Gianmaria BRUNI;;LMGTE Pro;;AF Corse;Ferrari;
51;0;35;3:15.265;0;;1:51.529;0;44.322;0;39.414;0;99.8;1:28:30.566;20:58:30.566;1:51.529;0:44.322;0:39.414;158.4;Gianmaria BRUNI;0:01:17.620;LMGTE Pro;;AF Corse;Ferrari;
51;0;36;2:01.509;0;;38.545;0;44.423;0;38.541;0;160.3;1:30:32.075;21:00:32.075;0:38.545;0:44.423;0:38.541;257.4;Gianmaria BRUNI;;LMGTE Pro;;AF Corse;Ferrari;
6;1;1;1:59.888;0;;47.726;0;39.182;0;32.980;0;162.5;1:59.888;19:31:59.888;0:47.726;0:39.182;0:32.980;167.2;Mike CONWAY;0:00:13.038;LMP1;H;Toyota Gazoo Racing;Toyota;
6;1;2;1:40.603;2;;32.365;0;36.620;2;31.618;2;193.7;3:40.491;19:33:40.491;0:32.365;0:36.620;0:31.618;263.6;Mike CONWAY;;LMP1;H;Toyota Gazoo Racing;Toyota;
6;1;3;1:47.457;0;;35.439;0;38.619;0;33.399;0;181.3;5:27.948;19:35:27.948;0:35.439;0:38.619;0:33.399;227.6;Mike CONWAY;;LMP1;H;Toyota Gazoo Racing;Toyota;
6;1;4;1:41.342;0;;32.220;1;37.454;0;31.668;0;192.3;7:09.290;19:37:09.290;0:32.220;0:37.454;0:31.668;275.7;Mike CONWAY;;LMP1;H;Toyota Gazoo Racing;Toyota;
6;1;5;1:50.240;0;B;35.046;0;37.672;0;37.522;0;176.7;8:59.530;19:38:59.530;0:35.046;0:37.672;0:37.522;242.4;Mike CONWAY;;LMP1;H;Toyota Gazoo Racing;Toyota;
6;2;6;3:09.897;0;;1:59.678;0;37.685;0;32.534;0;102.6;12:09.427;19:42:09.427;1:59.678;0:37.685;0:32.534;183.7;Kamui KOBAYASHI;0:01:30.424;LMP1;H;Toyota Gazoo Racing;Toyota;
6;2;7;1:46.401;0;;34.056;0;38.541;0;33.804;0;183.1;13:55.828;19:43:55.828;0:34.056;0:38.541;0:33.804;275.0;Kamui KOBAYASHI;;LMP1;H;Toyota Gazoo Racing;Toyota;
6;2;8;1:41.117;0;;32.411;0;36.788;1;31.918;1;192.7;15:36.945;19:45:36.945;0:32.411;0:36.788;0:31.918;274.3;Kamui KOBAYASHI;;LMP1;H;Toyota Gazoo Racing;Toyota;
6;2;9;1:51.271;0;;36.869;0;40.940;0;33.462;0;175.1;17:28.216;19:47:28.216;0:36.869;0:40.940;0:33.462;209.6;Kamui KOBAYASHI;;LMP1;H;Toyota Gazoo Racing;Toyota;
6;2;10;1:45.794;0;B;32.072;2;37.139;0;36.583;0;184.2;19:14.010;19:49:14.010;0:32.072;0:37.139;0:36.583;291.3;Kamui KOBAYASHI;;LMP1;H;Toyota Gazoo Racing;Toyota;
6;0;11;4:40.141;0;;3:28.366;0;38.970;0;32.805;0;69.5;23:54.151;19:53:54.151;3:28.366;0:38.970;0:32.805;181.2;Stéphane SARRAZIN;0:02:57.073;LMP1;H;Toyota Gazoo Racing;Toyota;
6;0;12;1:44.035;0;;33.555;0;37.886;0;32.594;0;187.3;25:38.186;19:55:38.186;0:33.555;0:37.886;0:32.594;253.2;Stéphane SARRAZIN;;LMP1;H;Toyota Gazoo Racing;Toyota;
6;0;13;2:44.773;0;;40.193;0;1:18.872;0;45.708;0;118.2;28:22.959;19:58:22.959;0:40.193;1:18.872;0:45.708;256.2;Stéphane SARRAZIN;;LMP1;H;Toyota Gazoo Racing;Toyota;
6;0;14;1:44.007;0;;33.008;1;38.260;0;32.739;0;187.3;30:06.966;20:00:06.966;0:33.008;0:38.260;0:32.739;256.8;Stéphane SARRAZIN;;LMP1;H;Toyota Gazoo Racing;Toyota;
6;0;15;1:44.988;0;;34.326;0;38.026;0;32.636;0;185.6;31:51.954;20:01:51.954;0:34.326;0:38.026;0:32.636;247.4;Stéphane SARRAZIN;;LMP1;H;Toyota Gazoo Racing;Toyota;
6;0;16;1:44.137;0;;33.405;0;38.019;0;32.713;0;187.1;33:36.091;20:03:36.091;0:33.405;0:38.019;0:32.713;252.6;Stéphane SARRAZIN;;LMP1;H;Toyota Gazoo Racing;Toyota;
6;0;17;1:44.978;0;;33.756;0;38.060;0;33.162;0;185.6;35:21.069;20:05:21.069;0:33.756;0:38.060;0:33.162;263.6;Stéphane SARRAZIN;;LMP1;H;Toyota Gazoo Racing;Toyota;
6;0;18;1:44.398;0;;33.529;0;38.440;0;32.429;0;186.6;37:05.467;20:07:05.467;0:33.529;0:38.440;0:32.429;277.1;Stéphane SARRAZIN;;LMP1;H;Toyota Gazoo Racing;Toyota;
6;0;19;1:44.638;0;;33.306;0;37.987;0;33.345;0;186.2;38:50.105;20:08:50.105;0:33.306;0:37.987;0:33.345;259.9;Stéphane SARRAZIN;;LMP1;H;Toyota Gazoo Racing;Toyota;
6;0;20;1:48.524;0;B;34.135;0;37.886;0;36.503;0;179.5;40:38.629;20:10:38.629;0:34.135;0:37.886;0:36.503;263.0;Stéphane SARRAZIN;;LMP1;H;Toyota Gazoo Racing;Toyota;
6;0;21;7:02.751;0;;5:52.496;0;37.723;1;32.532;0;46.1;47:41.380;20:17:41.380;5:52.496;0:37.723;0:32.532;180.3;Stéphane SARRAZIN;0:05:23.681;LMP1;H;Toyota Gazoo Racing;Toyota;
6;0;22;1:44.576;0;;33.320;0;38.647;0;32.609;0;186.3;49:25.956;20:19:25.956;0:33.320;0:38.647;0:32.609;261.7;Stéphane SARRAZIN;;LMP1;H;Toyota Gazoo Racing;Toyota;
6;0;23;1:44.187;0;;33.606;0;38.242;0;32.339;0;187.0;51:10.143;20:21:10.143;0:33.606;0:38.242;0:32.339;261.1;Stéphane SARRAZIN;;LMP1;H;Toyota Gazoo Racing;Toyota;
6;0;24;1:44.328;0;;33.429;0;38.470;0;32.429;0;186.7;52:54.471;20:22:54.471;0:33.429;0:38.470;0:32.429;261.7;Stéphane SARRAZIN;;LMP1;H;Toyota Gazoo Racing;Toyota;
6;0;25;1:45.392;0;;34.463;0;38.299;0;32.630;0;184.9;54:39.863;20:24:39.863;0:34.463;0:38.299;0:32.630;261.7;Stéphane SARRAZIN;;LMP1;H;Toyota Gazoo Racing;Toyota;
6;0;26;1:45.228;0;;33.353;0;38.659;0;33.216;0;185.2;56:25.091;20:26:25.091;0:33.353;0:38.659;0:33.216;262.4;Stéphane SARRAZIN;;LMP1;H;Toyota Gazoo Racing;Toyota;
6;0;27;1:44.674;0;;33.565;0;38.806;0;32.303;1;186.1;58:09.765;20:28:09.765;0:33.565;0:38.806;0:32.303;257.4;Stéphane SARRAZIN;;LMP1;H;Toyota Gazoo Racing;Toyota;
6;0;28;1:43.549;0;;33.222;0;37.985;0;32.342;0;188.2;59:53.314;20:29:53.314;0:33.222;0:37.985;0:32.342;262.4;Stéphane SARRAZIN;;LMP1;H;Toyota Gazoo Racing;Toyota;
6;0;29;1:44.561;0;;33.409;0;38.232;0;32.920;0;186.3;1:01:37.875;20:31:37.875;0:33.409;0:38.232;0:32.920;263.0;Stéphane SARRAZIN;;LMP1;H;Toyota Gazoo Racing;Toyota;
6;0;30;1:48.049;0;B;33.447;0;38.357;0;36.245;0;180.3;1:03:25.924;20:33:25.924;0:33.447;0:38.357;0:36.245;267.6;Stéphane SARRAZIN;;LMP1;H;Toyota Gazoo Racing;Toyota;
6;2;31;14:38.496;0;;13:28.005;0;37.988;0;32.503;0;22.2;1:18:04.420;20:48:04.420;13:28.005;0:37.988;0:32.503;175.6;Kamui KOBAYASHI;0:12:58.832;LMP1;H;Toyota Gazoo Racing;Toyota;
6;2;32;1:44.716;0;;34.059;0;38.281;0;32.376;0;186.1;1:19:49.136;20:49:49.136;0:34.059;0:38.281;0:32.376;254.4;Kamui KOBAYASHI;;LMP1;H;Toyota Gazoo Racing;Toyota;
6;2;33;1:44.575;0;;34.178;0;38.007;0;32.390;0;186.3;1:21:33.711;20:51:33.711;0:34.178;0:38.007;0:32.390;257.4;Kamui KOBAYASHI;;LMP1;H;Toyota Gazoo Racing;Toyota;
6;2;34;1:46.222;0;;35.496;0;38.112;0;32.614;0;183.4;1:23:19.933;20:53:19.933;0:35.496;0:38.112;0:32.614;255.0;Kamui KOBAYASHI;;LMP1;H;Toyota Gazoo Racing;Toyota;
6;2;35;1:47.878;0;B;33.622;0;37.908;0;36.348;0;180.6;1:25:07.811;20:55:07.811;0:33.622;0:37.908;0:36.348;258.6;Kamui KOBAYASHI;;LMP1;H;Toyota Gazoo Racing;Toyota;
6;1;36;2:51.111;0;;1:40.526;0;37.990;0;32.595;0;113.9;1:27:58.922;20:57:58.922;1:40.526;0:37.990;0:32.595;187.8;Mike CONWAY;0:01:12.643;LMP1;H;Toyota Gazoo Racing;Toyota;
6;1;37;1:44.864;0;;33.524;0;38.193;0;33.147;0;185.8;1:29:43.786;20:59:43.786;0:33.524;0:38.193;0:33.147;256.2;Mike CONWAY;;LMP1;H;Toyota Gazoo Racing;Toyota;
6;1;38;1:44.540;0;;33.465;0;38.106;0;32.969;0;186.4;1:31:28.326;21:01:28.326;0:33.465;0:38.106;0:32.969;258.0;Mike CONWAY;;LMP1;H;Toyota Gazoo Racing;Toyota;
66;0;1;3:00.954;0;;1:35.254;0;46.012;0;39.688;0;107.7;3:00.954;19:33:00.954;1:35.254;0:46.012;0:39.688;154.8;Stefan MÜCKE;0:00:56.016;LMGTE Pro;;Ford Chip Ganassi Team UK;Ford;
66;0;2;2:02.377;0;;38.861;0;44.782;0;38.734;0;159.2;5:03.331;19:35:03.331;0:38.861;0:44.782;0:38.734;249.7;Stefan MÜCKE;;LMGTE Pro;;Ford Chip Ganassi Team UK;Ford;
66;0;3;2:03.074;0;;38.917;0;45.173;0;38.984;0;158.3;7:06.405;19:37:06.405;0:38.917;0:45.173;0:38.984;249.7;Stefan MÜCKE;;LMGTE Pro;;Ford Chip Ganassi Team UK;Ford;
66;0;4;2:11.519;0;B;40.024;0;47.864;0;43.631;0;148.1;9:17.924;19:39:17.924;0:40.024;0:47.864;0:43.631;249.1;Stefan MÜCKE;;LMGTE Pro;;Ford Chip Ganassi Team UK;Ford;
66;0;5;3:24.292;0;;2:01.218;0;45.034;0;38.040;0;95.4;12:42.216;19:42:42.216;2:01.218;0:45.034;0:38.040;158.7;Stefan MÜCKE;0:01:25.783;LMGTE Pro;;Ford Chip Ganassi Team UK;Ford;
66;0;6;1:59.658;2;;38.195;0;43.565;2;37.898;1;162.8;14:41.874;19:44:41.874;0:38.195;0:43.565;0:37.898;252.6;Stefan MÜCKE;;LMGTE Pro;;Ford Chip Ganassi Team UK;Ford;
66;0;7;2:04.077;0;B;38.013;2;44.593;0;41.471;0;157.0;16:45.951;19:46:45.951;0:38.013;0:44.593;0:41.471;256.2;Stefan MÜCKE;;LMGTE Pro;;Ford Chip Ganassi Team UK;Ford;
66;1;8;3:18.922;0;;1:55.336;0;44.612;0;38.974;0;97.9;20:04.873;19:50:04.873;1:55.336;0:44.612;0:38.974;159.8;Olivier PLA;0:01:21.306;LMGTE Pro;;Ford Chip Ganassi Team UK;Ford;
66;1;9;2:00.536;0;;38.261;0;44.132;0;38.143;0;161.6;22:05.409;19:52:05.409;0:38.261;0:44.132;0:38.143;249.7;Olivier PLA;;LMGTE Pro;;Ford Chip Ganassi Team UK;Ford;
66;1;10;1:59.796;0;;38.320;0;43.646;1;37.830;2;162.6;24:05.205;19:54:05.205;0:38.320;0:43.646;0:37.830;252.6;Olivier PLA;;LMGTE Pro;;Ford Chip Ganassi Team UK;Ford;
66;1;11;2:09.306;0;B;38.220;0;43.770;0;47.316;0;150.7;26:14.511;19:56:14.511;0:38.220;0:43.770;0:47.316;253.8;Olivier PLA;;LMGTE Pro;;Ford Chip Ganassi Team UK;Ford;
66;1;12;18:00.794;0;;16:31.731;0;46.442;0;42.621;0;18.0;44:15.305;20:14:15.305;16:31.731;0:46.442;0:42.621;148.6;Olivier PLA;0:15:53.561;LMGTE Pro;;Ford Chip Ganassi Team UK;Ford;
66;1;13;2:00.272;0;;38.155;0;43.980;0;38.137;0;162.0;46:15.577;20:16:15.577;0:38.155;0:43.980;0:38.137;253.2;Olivier PLA;;LMGTE Pro;;Ford Chip Ganassi Team UK;Ford;
66;1;14;2:01.143;0;;38.066;0;43.770;0;39.307;0;160.8;48:16.720;20:18:16.720;0:38.066;0:43.770;0:39.307;254.4;Olivier PLA;;LMGTE Pro;;Ford Chip Ganassi Team UK;Ford;
66;1;15;2:03.603;0;;38.221;0;45.968;0;39.414;0;157.6;50:20.323;20:20:20.323;0:38.221;0:45.968;0:39.414;254.4;Olivier PLA;;LMGTE Pro;;Ford Chip Ganassi Team UK;Ford;
66;1;16;2:07.114;0;B;38.364;0;44.322;0;44.428;0;153.3;52:27.437;20:22:27.437;0:38.364;0:44.322;0:44.428;254.4;Olivier PLA;;LMGTE Pro;;Ford Chip Ganassi Team UK;Ford;
66;1;17;3:47.393;0;;2:24.569;0;44.506;0;38.318;0;85.7;56:14.830;20:26:14.830;2:24.569;0:44.506;0:38.318;161.5;Olivier PLA;0:01:50.750;LMGTE Pro;;Ford Chip Ganassi Team UK;Ford;
66;1;18;2:01.596;0;;38.333;0;44.552;0;38.711;0;160.2;58:16.426;20:28:16.426;0:38.333;0:44.552;0:38.711;253.2;Olivier PLA;;LMGTE Pro;;Ford Chip Ganassi Team UK;Ford;
66;1;19;2:01.714;0;;38.812;0;44.617;0;38.285;0;160.1;1:00:18.140;20:30:18.140;0:38.812;0:44.617;0:38.285;259.9;Olivier PLA;;LMGTE Pro;;Ford Chip Ganassi Team UK;Ford;
66;1;20;2:00.704;0;;38.182;0;44.369;0;38.153;0;161.4;1:02:18.844;20:32:18.844;0:38.182;0:44.369;0:38.153;254.4;Olivier PLA;;LMGTE Pro;;Ford Chip Ganassi Team UK;Ford;
66;1;21;2:00.164;0;;38.050;1;43.939;0;38.175;0;162.1;1:04:19.008;20:34:19.008;0:38.050;0:43.939;0:38.175;254.4;Olivier PLA;;LMGTE Pro;;Ford Chip Ganassi Team UK;Ford;
66;1;22;2:05.678;0;B;38.128;0;44.204;0;43.346;0;155.0;1:06:24.686;20:36:24.686;0:38.128;0:44.204;0:43.346;255.0;Olivier PLA;;LMGTE Pro;;Ford Chip Ganassi Team UK;Ford;
66;0;23;3:15.680;0;;1:52.216;0;44.785;0;38.679;0;99.6;1:09:40.366;20:39:40.366;1:52.216;0:44.785;0:38.679;161.7;Stefan MÜCKE;0:01:17.185;LMGTE Pro;;Ford Chip Ganassi Team UK;Ford;
66;0;24;2:01.465;0;;38.565;0;44.433;0;38.467;0;160.4;1:11:41.831;20:41:41.831;0:38.565;0:44.433;0:38.467;252.6;Stefan MÜCKE;;LMGTE Pro;;Ford Chip Ganassi Team UK;Ford;
66;0;25;2:01.129;0;;38.419;0;44.304;0;38.406;0;160.8;1:13:42.960;20:43:42.960;0:38.419;0:44.304;0:38.406;256.2;Stefan MÜCKE;;LMGTE Pro;;Ford Chip Ganassi Team UK;Ford;
66;0;26;2:06.442;0;B;38.303;0;44.518;0;43.621;0;154.1;1:15:49.402;20:45:49.402;0:38.303;0:44.518;0:43.621;254.4;Stefan MÜCKE;;LMGTE Pro;;Ford Chip Ganassi Team UK;Ford;
66;0;27;4:23.013;0;;2:59.094;0;45.307;0;38.612;0;74.1;1:20:12.415;20:50:12.415;2:59.094;0:45.307;0:38.612;153.3;Stefan MÜCKE;0:02:23.432;LMGTE Pro;;Ford Chip Ganassi Team UK;Ford;
66;0;28;2:01.468;0;;38.454;0;44.546;0;38.468;0;160.4;1:22:13.883;20:52:13.883;0:38.454;0:44.546;0:38.468;253.8;Stefan MÜCKE;;LMGTE Pro;;Ford Chip Ganassi Team UK;Ford;
66;0;29;2:01.627;0;;38.703;0;44.435;0;38.489;0;160.2;1:24:15.510;20:54:15.510;0:38.703;0:44.435;0:38.489;257.4;Stefan MÜCKE;;LMGTE Pro;;Ford Chip Ganassi Team UK;Ford;
66;0;30;2:09.840;0;B;39.318;0;45.808;0;44.714;0;150.1;1:26:25.350;20:56:25.350;0:39.318;0:45.808;0:44.714;254.4;Stefan MÜCKE;;LMGTE Pro;;Ford Chip Ganassi Team UK;Ford;
67;0;1;2:21.620;0;;58.235;0;44.692;0;38.693;0;137.6;2:21.620;19:32:21.620;0:58.235;0:44.692;0:38.693;155.0;Andy PRIAULX;0:00:19.993;LMGTE Pro;;Ford Chip Ganassi Team UK;Ford;
67;0;2;2:03.257;0;;39.038;0;44.894;0;39.325;0;158.1;4:24.877;19:34:24.877;0:39.038;0:44.894;0:39.325;235.1;Andy PRIAULX;;LMGTE Pro;;Ford Chip Ganassi Team UK;Ford;
67;0;3;2:01.678;0;;38.655;0;44.544;0;38.479;0;160.1;6:26.555;19:36:26.555;0:38.655;0:44.544;0:38.479;227.6;Andy PRIAULX;;LMGTE Pro;;Ford Chip Ganassi Team UK;Ford;
67;0;4;2:02.472;0;;38.381;0;45.124;0;38.967;0;159.1;8:29.027;19:38:29.027;0:38.381;0:45.124;0:38.967;249.1;Andy PRIAULX;;LMGTE Pro;;Ford Chip Ganassi Team UK;Ford;
67;0;5;2:01.743;0;;38.500;0;44.756;0;38.487;0;160.0;10:30.770;19:40:30.770;0:38.500;0:44.756;0:38.487;252.6;Andy PRIAULX;;LMGTE Pro;;Ford Chip Ganassi Team UK;Ford;
67;0;6;2:03.105;0;;38.666;0;45.118;0;39.321;0;158.3;12:33.875;19:42:33.875;0:38.666;0:45.118;0:39.321;252.6;Andy PRIAULX;;LMGTE Pro;;Ford Chip Ganassi Team UK;Ford;
67;0;7;2:02.312;0;;38.814;0;45.000;0;38.498;0;159.3;14:36.187;19:44:36.187;0:38.814;0:45.000;0:38.498;255.6;Andy PRIAULX;;LMGTE Pro;;Ford Chip Ganassi Team UK;Ford;
67;0;8;2:02.506;0;;38.967;0;44.956;0;38.583;0;159.0;16:38.693;19:46:38.693;0:38.967;0:44.956;0:38.583;256.8;Andy PRIAULX;;LMGTE Pro;;Ford Chip Ganassi Team UK;Ford;
67;0;9;2:02.725;0;;38.608;0;45.300;0;38.817;0;158.8;18:41.418;19:48:41.418;0:38.608;0:45.300;0:38.817;256.8;Andy PRIAULX;;LMGTE Pro;;Ford Chip Ganassi Team UK;Ford;
67;0;10;2:02.791;0;;39.194;0;44.868;0;38.729;0;158.7;20:44.209;19:50:44.209;0:39.194;0:44.868;0:38.729;256.2;Andy PRIAULX;;LMGTE Pro;;Ford Chip Ganassi Team UK;Ford;
67;0;11;2:06.023;0;B;38.698;0;45.056;0;42.269;0;154.6;22:50.232;19:52:50.232;0:38.698;0:45.056;0:42.269;256.8;Andy PRIAULX;;LMGTE Pro;;Ford Chip Ganassi Team UK;Ford;
67;0;12;8:01.906;0;;6:39.100;0;44.618;0;38.188;0;40.4;30:52.138;20:00:52.138;6:39.100;0:44.618;0:38.188;159.8;Andy PRIAULX;0:06:05.224;LMGTE Pro;;Ford Chip Ganassi Team UK;Ford;
67;0;13;1:59.168;2;;38.052;0;43.208;2;37.908;2;163.5;32:51.306;20:02:51.306;0:38.052;0:43.208;0:37.908;252.0;Andy PRIAULX;;LMGTE Pro;;Ford Chip Ganassi Team UK;Ford;
67;0;14;2:00.139;0;;38.315;0;43.897;0;37.927;0;162.2;34:51.445;20:04:51.445;0:38.315;0:43.897;0:37.927;257.4;Andy PRIAULX;;LMGTE Pro;;Ford Chip Ganassi Team UK;Ford;
67;0;15;2:00.122;0;;37.920;2;43.677;0;38.525;0;162.2;36:51.567;20:06:51.567;0:37.920;0:43.677;0:38.525;256.2;Andy PRIAULX;;LMGTE Pro;;Ford Chip Ganassi Team UK;Ford;
67;0;16;2:00.728;0;;38.269;0;43.728;0;38.731;0;161.4;38:52.295;20:08:52.295;0:38.269;0:43.728;0:38.731;255.0;Andy PRIAULX;;LMGTE Pro;;Ford Chip Ganassi Team UK;Ford;
67;0;17;2:04.348;0;B;38.401;0;44.250;0;41.697;0;156.7;40:56.643;20:10:56.643;0:38.401;0:44.250;0:41.697;252.0;Andy PRIAULX;;LMGTE Pro;;Ford Chip Ganassi Team UK;Ford;
67;1;18;3:27.680;0;;2:03.641;0;45.082;0;38.957;0;93.8;44:24.323;20:14:24.323;2:03.641;0:45.082;0:38.957;159.4;Harry TINCKNELL;0:01:28.896;LMGTE Pro;;Ford Chip Ganassi Team UK;Ford;
67;1;19;2:01.829;0;;38.351;0;44.698;0;38.780;0;159.9;46:26.152;20:16:26.152;0:38.351;0:44.698;0:38.780;255.6;Harry TINCKNELL;;LMGTE Pro;;Ford Chip Ganassi Team UK;Ford;
67;1;20;2:01.675;0;;38.332;0;44.637;0;38.706;0;160.1;48:27.827;20:18:27.827;0:38.332;0:44.637;0:38.706;255.0;Harry TINCKNELL;;LMGTE Pro;;Ford Chip Ganassi Team UK;Ford;
67;1;21;2:01.155;0;;38.352;0;44.390;1;38.413;0;160.8;50:28.982;20:20:28.982;0:38.352;0:44.390;0:38.413;256.2;Harry TINCKNELL;;LMGTE Pro;;Ford Chip Ganassi Team UK;Ford;
67;1;22;2:01.453;0;;38.236;1;44.788;0;38.429;0;160.4;52:30.435;20:22:30.435;0:38.236;0:44.788;0:38.429;256.8;Harry TINCKNELL;;LMGTE Pro;;Ford Chip Ganassi Team UK;Ford;
67;1;23;2:01.289;0;;38.311;0;44.696;0;38.282;1;160.6;54:31.724;20:24:31.724;0:38.311;0:44.696;0:38.282;257.4;Harry TINCKNELL;;LMGTE Pro;;Ford Chip Ganassi Team UK;Ford;
67;1;24;2:01.964;0;;38.491;0;44.898;0;38.575;0;159.7;56:33.688;20:26:33.688;0:38.491;0:44.898;0:38.575;258.0;Harry TINCKNELL;;LMGTE Pro;;Ford Chip Ganassi Team UK;Ford;
67;1;25;2:01.814;0;;38.791;0;44.596;0;38.427;0;159.9;58:35.502;20:28:35.502;0:38.791;0:44.596;0:38.427;253.8;Harry TINCKNELL;;LMGTE Pro;;Ford Chip Ganassi Team UK;Ford;
67;1;26;2:01.563;0;;38.472;0;44.613;0;38.478;0;160.3;1:00:37.065;20:30:37.065;0:38.472;0:44.613;0:38.478;255.0;Harry TINCKNELL;;LMGTE Pro;;Ford Chip Ganassi Team UK;Ford;
67;1;27;2:01.387;0;;38.452;0;44.561;0;38.374;0;160.5;1:02:38.452;20:32:38.452;0:38.452;0:44.561;0:38.374;257.4;Harry TINCKNELL;;LMGTE Pro;;Ford Chip Ganassi Team UK;Ford;
67;1;28;2:01.541;0;;38.310;0;44.672;0;38.559;0;160.3;1:04:39.993;20:34:39.993;0:38.310;0:44.672;0:38.559;256.8;Harry TINCKNELL;;LMGTE Pro;;Ford Chip Ganassi Team UK;Ford;
67;1;29;2:01.871;0;;38.413;0;44.572;0;38.886;0;159.9;1:06:41.864;20:36:41.864;0:38.413;0:44.572;0:38.886;257.4;Harry TINCKNELL;;LMGTE Pro;;Ford Chip Ganassi Team UK;Ford;
67;1;30;2:02.496;0;;38.569;0;45.127;0;38.800;0;159.1;1:08:44.360;20:38:44.360;0:38.569;0:45.127;0:38.800;255.6;Harry TINCKNELL;;LMGTE Pro;;Ford Chip Ganassi Team UK;Ford;
67;1;31;2:02.621;0;;39.256;0;44.793;0;38.572;0;158.9;1:10:46.981;20:40:46.981;0:39.256;0:44.793;0:38.572;254.4;Harry TINCKNELL;;LMGTE Pro;;Ford Chip Ganassi Team UK;Ford;
67;1;32;2:05.718;0;B;38.493;0;44.942;0;42.283;0;155.0;1:12:52.699;20:42:52.699;0:38.493;0:44.942;0:42.283;256.8;Harry TINCKNELL;;LMGTE Pro;;Ford Chip Ganassi Team UK;Ford;
67;1;33;3:59.319;0;;2:35.629;0;44.964;0;38.726;0;81.4;1:16:52.018;20:46:52.018;2:35.629;0:44.964;0:38.726;161.3;Harry TINCKNELL;0:02:01.880;LMGTE Pro;;Ford Chip Ganassi Team UK;Ford;
67;1;34;2:03.582;0;;38.628;0;46.178;0;38.776;0;157.7;1:18:55.600;20:48:55.600;0:38.628;0:46.178;0:38.776;256.2;Harry TINCKNELL;;LMGTE Pro;;Ford Chip Ganassi Team UK;Ford;
67;1;35;2:01.680;0;;38.523;0;44.520;0;38.637;0;160.1;1:20:57.280;20:50:57.280;0:38.523;0:44.520;0:38.637;256.2;Harry TINCKNELL;;LMGTE Pro;;Ford Chip Ganassi Team UK;Ford;
67;1;36;2:02.479;0;;39.222;0;44.658;0;38.599;0;159.1;1:22:59.759;20:52:59.759;0:39.222;0:44.658;0:38.599;258.0;Harry TINCKNELL;;LMGTE Pro;;Ford Chip Ganassi Team UK;Ford;
67;1;37;2:01.991;0;;38.591;0;44.775;0;38.625;0;159.7;1:25:01.750;20:55:01.750;0:38.591;0:44.775;0:38.625;256.8;Harry TINCKNELL;;LMGTE Pro;;Ford Chip Ganassi Team UK;Ford;
67;1;38;2:02.442;0;;38.527;0;45.140;0;38.775;0;159.1;1:27:04.192;20:57:04.192;0:38.527;0:45.140;0:38.775;258.0;Harry TINCKNELL;;LMGTE Pro;;Ford Chip Ganassi Team UK;Ford;
67;1;39;2:03.037;0;;38.908;0;45.022;0;39.107;0;158.4;1:29:07.229;20:59:07.229;0:38.908;0:45.022;0:39.107;259.2;Harry TINCKNELL;;LMGTE Pro;;Ford Chip Ganassi Team UK;Ford;
67;1;40;2:02.139;0;;38.764;0;44.624;0;38.751;0;159.5;1:31:09.368;21:01:09.368;0:38.764;0:44.624;0:38.751;257.4;Harry TINCKNELL;;LMGTE Pro;;Ford Chip Ganassi Team UK;Ford;
7;0;1;2:05.113;0;;51.658;0;39.952;0;33.503;0;155.7;2:05.113;19:32:05.113;0:51.658;0:39.952;0:33.503;157.5;Marcel FÄSSLER;0:00:17.149;LMP1;H;Audi Sport Team Joest;Audi;
7;0;2;1:41.335;0;;32.312;2;37.020;1;32.003;0;192.3;3:46.448;19:33:46.448;0:32.312;0:37.020;0:32.003;282.2;Marcel FÄSSLER;;LMP1;H;Audi Sport Team Joest;Audi;
7;0;3;1:46.958;0;;34.934;0;38.953;0;33.071;0;182.2;5:33.406;19:35:33.406;0:34.934;0:38.953;0:33.071;206.8;Marcel FÄSSLER;;LMP1;H;Audi Sport Team Joest;Audi;
7;0;4;1:41.687;0;;32.339;0;37.334;0;32.014;0;191.6;7:15.093;19:37:15.093;0:32.339;0:37.334;0:32.014;285.9;Marcel FÄSSLER;;LMP1;H;Audi Sport Team Joest;Audi;
7;0;5;1:45.939;0;;34.780;0;39.305;0;31.854;0;183.9;9:01.032;19:39:01.032;0:34.780;0:39.305;0:31.854;253.8;Marcel FÄSSLER;;LMP1;H;Audi Sport Team Joest;Audi;
7;0;6;1:43.447;0;;33.340;0;37.833;0;32.274;0;188.3;10:44.479;19:40:44.479;0:33.340;0:37.833;0:32.274;263.0;Marcel FÄSSLER;;LMP1;H;Audi Sport Team Joest;Audi;
7;0;7;1:42.934;0;;33.610;0;37.491;0;31.833;1;189.3;12:27.413;19:42:27.413;0:33.610;0:37.491;0:31.833;268.2;Marcel FÄSSLER;;LMP1;H;Audi Sport Team Joest;Audi;
7;0;8;1:48.961;0;B;33.193;0;38.611;0;37.157;0;178.8;14:16.374;19:44:16.374;0:33.193;0:38.611;0:37.157;259.2;Marcel FÄSSLER;;LMP1;H;Audi Sport Team Joest;Audi;
7;1;9;3:14.021;0;;2:00.971;0;40.293;0;32.757;0;100.4;17:30.395;19:47:30.395;2:00.971;0:40.293;0:32.757;161.3;André LOTTERER;0:01:29.423;LMP1;H;Audi Sport Team Joest;Audi;
7;1;10;1:41.020;2;;32.403;1;36.954;2;31.663;0;192.9;19:11.415;19:49:11.415;0:32.403;0:36.954;0:31.663;283.7;André LOTTERER;;LMP1;H;Audi Sport Team Joest;Audi;
7;1;11;1:48.593;0;;36.152;0;40.245;0;32.196;0;179.4;21:00.008;19:51:00.008;0:36.152;0:40.245;0:32.196;209.6;André LOTTERER;;LMP1;H;Audi Sport Team Joest;Audi;
7;1;12;1:41.596;0;;32.650;0;37.111;0;31.835;0;191.8;22:41.604;19:52:41.604;0:32.650;0:37.111;0:31.835;286.7;André LOTTERER;;LMP1;H;Audi Sport Team Joest;Audi;
7;1;13;1:43.018;0;;33.704;0;37.689;0;31.625;0;189.1;24:24.622;19:54:24.622;0:33.704;0:37.689;0:31.625;256.8;André LOTTERER;;LMP1;H;Audi Sport Team Joest;Audi;
7;1;14;1:55.302;0;;33.328;0;38.018;0;43.956;0;169.0;26:19.924;19:56:19.924;0:33.328;0:38.018;0:43.956;263.0;André LOTTERER;;LMP1;H;Audi Sport Team Joest;Audi;
7;1;15;2:41.912;0;;1:22.088;0;47.572;0;32.252;0;120.3;29:01.836;19:59:01.836;1:22.088;0:47.572;0:32.252;79.6;André LOTTERER;;LMP1;H;Audi Sport Team Joest;Audi;
7;1;16;1:41.903;0;;33.097;0;37.390;0;31.416;2;191.2;30:43.739;20:00:43.739;0:33.097;0:37.390;0:31.416;268.9;André LOTTERER;;LMP1;H;Audi Sport Team Joest;Audi;
7;1;17;1:42.296;0;;33.187;0;37.394;0;31.715;0;190.5;32:26.035;20:02:26.035;0:33.187;0:37.394;0:31.715;259.9;André LOTTERER;;LMP1;H;Audi Sport Team Joest;Audi;
7;1;18;1:44.828;0;;33.075;0;39.276;0;32.477;0;185.9;34:10.863;20:04:10.863;0:33.075;0:39.276;0:32.477;261.7;André LOTTERER;;LMP1;H;Audi Sport Team Joest;Audi;
7;1;19;1:46.122;0;B;33.137;0;37.083;0;35.902;0;183.6;35:56.985;20:05:56.985;0:33.137;0:37.083;0:35.902;259.2;André LOTTERER;;LMP1;H;Audi Sport Team Joest;Audi;
7;2;20;2:57.278;0;;1:46.991;0;38.191;0;32.096;0;109.9;38:54.263;20:08:54.263;1:46.991;0:38.191;0:32.096;189.8;Benoît TRÉLUYER;0:01:17.821;LMP1;H;Audi Sport Team Joest;Audi;
7;2;21;1:46.044;0;;33.948;0;39.010;0;33.086;0;183.7;40:40.307;20:10:40.307;0:33.948;0:39.010;0:33.086;266.2;Benoît TRÉLUYER;;LMP1;H;Audi Sport Team Joest;Audi;
7;2;22;1:44.698;0;;33.701;0;38.933;0;32.064;0;186.1;42:25.005;20:12:25.005;0:33.701;0:38.933;0:32.064;258.6;Benoît TRÉLUYER;;LMP1;H;Audi Sport Team Joest;Audi;
7;2;23;1:43.677;0;;33.391;0;38.078;0;32.208;0;187.9;44:08.682;20:14:08.682;0:33.391;0:38.078;0:32.208;259.9;Benoît TRÉLUYER;;LMP1;H;Audi Sport Team Joest;Audi;
7;2;24;1:44.052;0;;33.309;0;38.689;0;32.054;0;187.2;45:52.734;20:15:52.734;0:33.309;0:38.689;0:32.054;261.7;Benoît TRÉLUYER;;LMP1;H;Audi Sport Team Joest;Audi;
7;2;25;1:43.462;0;;33.217;1;38.002;0;32.243;0;188.3;47:36.196;20:17:36.196;0:33.217;0:38.002;0:32.243;263.6;Benoît TRÉLUYER;;LMP1;H;Audi Sport Team Joest;Audi;
7;2;26;1:44.152;0;;33.244;0;38.784;0;32.124;0;187.1;49:20.348;20:19:20.348;0:33.244;0:38.784;0:32.124;261.1;Benoît TRÉLUYER;;LMP1;H;Audi Sport Team Joest;Audi;
7;2;27;1:45.096;0;;34.379;0;38.360;0;32.357;0;185.4;51:05.444;20:21:05.444;0:34.379;0:38.360;0:32.357;267.6;Benoît TRÉLUYER;;LMP1;H;Audi Sport Team Joest;Audi;
7;2;28;1:44.005;0;;33.575;0;38.216;0;32.214;0;187.3;52:49.449;20:22:49.449;0:33.575;0:38.216;0:32.214;258.6;Benoît TRÉLUYER;;LMP1;H;Audi Sport Team Joest;Audi;
7;2;29;1:44.236;0;;33.663;0;38.342;0;32.231;0;186.9;54:33.685;20:24:33.685;0:33.663;0:38.342;0:32.231;259.2;Benoît TRÉLUYER;;LMP1;H;Audi Sport Team Joest;Audi;
7;2;30;1:44.331;0;;34.121;0;38.086;0;32.124;0;186.7;56:18.016;20:26:18.016;0:34.121;0:38.086;0:32.124;258.6;Benoît TRÉLUYER;;LMP1;H;Audi Sport Team Joest;Audi;
7;2;31;1:43.534;0;;33.506;0;38.092;0;31.936;1;188.2;58:01.550;20:28:01.550;0:33.506;0:38.092;0:31.936;257.4;Benoît TRÉLUYER;;LMP1;H;Audi Sport Team Joest;Audi;
7;2;32;1:43.872;0;;33.344;0;37.979;0;32.549;0;187.6;59:45.422;20:29:45.422;0:33.344;0:37.979;0:32.549;257.4;Benoît TRÉLUYER;;LMP1;H;Audi Sport Team Joest;Audi;
7;2;33;1:44.546;0;;33.553;0;38.508;0;32.485;0;186.4;1:01:29.968;20:31:29.968;0:33.553;0:38.508;0:32.485;256.8;Benoît TRÉLUYER;;LMP1;H;Audi Sport Team Joest;Audi;
7;2;34;1:48.725;0;B;33.578;0;39.106;0;36.041;0;179.2;1:03:18.693;20:33:18.693;0:33.578;0:39.106;0:36.041;263.6;Benoît TRÉLUYER;;LMP1;H;Audi Sport Team Joest;Audi;
7;2;35;2:36.440;0;;1:25.095;0;39.057;0;32.288;0;124.5;1:05:55.133;20:35:55.133;1:25.095;0:39.057;0:32.288;189.8;Benoît TRÉLUYER;0:00:55.715;LMP1;H;Audi Sport Team Joest;Audi;
7;2;36;1:43.891;0;;33.618;0;38.221;0;32.052;0;187.5;1:07:39.024;20:37:39.024;0:33.618;0:38.221;0:32.052;260.5;Benoît TRÉLUYER;;LMP1;H;Audi Sport Team Joest;Audi;
7;2;37;1:45.354;0;;34.567;0;38.291;0;32.496;0;184.9;1:09:24.378;20:39:24.378;0:34.567;0:38.291;0:32.496;260.5;Benoît TRÉLUYER;;LMP1;H;Audi Sport Team Joest;Audi;
7;2;38;1:44.076;0;;33.290;0;38.293;0;32.493;0;187.2;1:11:08.454;20:41:08.454;0:33.290;0:38.293;0:32.493;263.0;Benoît TRÉLUYER;;LMP1;H;Audi Sport Team Joest;Audi;
7;2;39;1:46.229;0;;33.694;0;39.437;0;33.098;0;183.4;1:12:54.683;20:42:54.683;0:33.694;0:39.437;0:33.098;255.0;Benoît TRÉLUYER;;LMP1;H;Audi Sport Team Joest;Audi;
7;2;40;1:44.961;0;;33.574;0;38.610;0;32.777;0;185.6;1:14:39.644;20:44:39.644;0:33.574;0:38.610;0:32.777;262.4;Benoît TRÉLUYER;;LMP1;H;Audi Sport Team Joest;Audi;
7;2;41;1:44.252;0;;33.529;0;38.014;0;32.709;0;186.9;1:16:23.896;20:46:23.896;0:33.529;0:38.014;0:32.709;253.8;Benoît TRÉLUYER;;LMP1;H;Audi Sport Team Joest;Audi;
7;2;42;1:44.257;0;;33.485;0;38.080;0;32.692;0;186.9;1:18:08.153;20:48:08.153;0:33.485;0:38.080;0:32.692;258.6;Benoît TRÉLUYER;;LMP1;H;Audi Sport Team Joest;Audi;
7;2;43;1:45.255;0;;33.513;0;39.299;0;32.443;0;185.1;1:19:53.408;20:49:53.408;0:33.513;0:39.299;0:32.443;262.4;Benoît TRÉLUYER;;LMP1;H;Audi Sport Team Joest;Audi;
7;2;44;1:47.775;0;B;33.304;0;37.966;1;36.505;0;180.8;1:21:41.183;20:51:41.183;0:33.304;0:37.966;0:36.505;263.6;Benoît TRÉLUYER;;LMP1;H;Audi Sport Team Joest;Audi;
7;2;45;4:30.910;0;;3:18.565;0;39.993;0;32.352;0;71.9;1:26:12.093;20:56:12.093;3:18.565;0:39.993;0:32.352;189.8;Benoît TRÉLUYER;0:02:48.496;LMP1;H;Audi Sport Team Joest;Audi;
7;2;46;1:44.340;0;;33.872;0;38.085;0;32.383;0;186.7;1:27:56.433;20:57:56.433;0:33.872;0:38.085;0:32.383;267.6;Benoît TRÉLUYER;;LMP1;H;Audi Sport Team Joest;Audi;
7;2;47;1:44.415;0;;33.529;0;38.461;0;32.425;0;186.6;1:29:40.848;20:59:40.848;0:33.529;0:38.461;0:32.425;262.4;Benoît TRÉLUYER;;LMP1;H;Audi Sport Team Joest;Audi;
7;2;48;1:45.238;0;;33.568;0;38.690;0;32.980;0;185.1;1:31:26.086;21:01:26.086;0:33.568;0:38.690;0:32.980;264.9;Benoît TRÉLUYER;;LMP1;H;Audi Sport Team Joest;Audi;
71;1;1;2:51.563;0;;1:27.301;0;45.371;0;38.891;0;113.6;2:51.563;19:32:51.563;1:27.301;0:45.371;0:38.891;159.8;Sam BIRD;0:00:50.077;LMGTE Pro;;AF Corse;Ferrari;
71;1;2;2:02.020;0;;38.729;0;44.546;0;38.745;0;159.7;4:53.583;19:34:53.583;0:38.729;0:44.546;0:38.745;249.1;Sam BIRD;;LMGTE Pro;;AF Corse;Ferrari;
71;1;3;2:03.825;0;;38.630;0;46.007;0;39.188;0;157.3;6:57.408;19:36:57.408;0:38.630;0:46.007;0:39.188;252.0;Sam BIRD;;LMGTE Pro;;AF Corse;Ferrari;
71;1;4;2:04.618;0;;38.793;0;45.153;0;40.672;0;156.3;9:02.026;19:39:02.026;0:38.793;0:45.153;0:40.672;253.8;Sam BIRD;;LMGTE Pro;;AF Corse;Ferrari;
71;1;5;2:02.309;0;;38.617;0;44.817;0;38.875;0;159.3;11:04.335;19:41:04.335;0:38.617;0:44.817;0:38.875;253.2;Sam BIRD;;LMGTE Pro;;AF Corse;Ferrari;
71;1;6;2:02.601;0;;38.618;0;44.866;0;39.117;0;158.9;13:06.936;19:43:06.936;0:38.618;0:44.866;0:39.117;252.6;Sam BIRD;;LMGTE Pro;;AF Corse;Ferrari;
71;1;7;2:06.796;0;B;39.022;0;44.877;0;42.897;0;153.7;15:13.732;19:45:13.732;0:39.022;0:44.877;0:42.897;255.0;Sam BIRD;;LMGTE Pro;;AF Corse;Ferrari;
71;1;8;3:22.039;0;;1:55.756;0;47.439;0;38.844;0;96.4;18:35.771;19:48:35.771;1:55.756;0:47.439;0:38.844;161.0;Sam BIRD;0:01:21.716;LMGTE Pro;;AF Corse;Ferrari;
71;1;9;2:02.409;0;;38.706;0;44.938;0;38.765;0;159.2;20:38.180;19:50:38.180;0:38.706;0:44.938;0:38.765;253.8;Sam BIRD;;LMGTE Pro;;AF Corse;Ferrari;
71;1;10;2:03.099;0;;39.209;0;44.893;0;38.997;0;158.3;22:41.279;19:52:41.279;0:39.209;0:44.893;0:38.997;255.6;Sam BIRD;;LMGTE Pro;;AF Corse;Ferrari;
71;1;11;2:02.802;0;;38.856;0;44.938;0;39.008;0;158.7;24:44.081;19:54:44.081;0:38.856;0:44.938;0:39.008;245.2;Sam BIRD;;LMGTE Pro;;AF Corse;Ferrari;
71;1;12;2:49.710;0;B;39.049;0;48.426;0;1:22.235;0;114.8;27:33.791;19:57:33.791;0:39.049;0:48.426;1:22.235;253.8;Sam BIRD;;LMGTE Pro;;AF Corse;Ferrari;
71;1;13;5:01.284;0;;3:37.498;0;45.854;0;37.932;0;64.7;32:35.075;20:02:35.075;3:37.498;0:45.854;0:37.932;160.1;Sam BIRD;0:03:03.494;LMGTE Pro;;AF Corse;Ferrari;
71;1;14;2:02.294;0;;37.977;0;44.408;0;39.909;0;159.3;34:37.369;20:04:37.369;0:37.977;0:44.408;0:39.909;252.0;Sam BIRD;;LMGTE Pro;;AF Corse;Ferrari;
71;1;15;1:59.386;0;;38.151;0;43.442;2;37.793;2;163.2;36:36.755;20:06:36.755;0:38.151;0:43.442;0:37.793;255.6;Sam BIRD;;LMGTE Pro;;AF Corse;Ferrari;
71;1;16;1:59.231;2;;37.934;2;43.443;0;37.854;0;163.4;38:35.986;20:08:35.986;0:37.934;0:43.443;0:37.854;255.0;Sam BIRD;;LMGTE Pro;;AF Corse;Ferrari;
71;1;17;2:07.649;0;B;38.316;0;45.294;0;44.039;0;152.6;40:43.635;20:10:43.635;0:38.316;0:45.294;0:44.039;256.2;Sam BIRD;;LMGTE Pro;;AF Corse;Ferrari;
71;0;18;4:32.273;0;;3:07.593;0;45.902;0;38.778;0;71.6;45:15.908;20:15:15.908;3:07.593;0:45.902;0:38.778;160.8;Davide RIGON;0:02:30.953;LMGTE Pro;;AF Corse;Ferrari;
71;0;19;2:00.267;0;;38.347;0;43.840;0;38.080;1;162.0;47:16.175;20:17:16.175;0:38.347;0:43.840;0:38.080;255.6;Davide RIGON;;LMGTE Pro;;AF Corse;Ferrari;
71;0;20;2:00.513;0;;38.104;1;43.838;1;38.571;0;161.7;49:16.688;20:19:16.688;0:38.104;0:43.838;0:38.571;255.6;Davide RIGON;;LMGTE Pro;;AF Corse;Ferrari;
71;0;21;2:00.449;0;;38.395;0;43.872;0;38.182;0;161.8;51:17.137;20:21:17.137;0:38.395;0:43.872;0:38.182;256.8;Davide RIGON;;LMGTE Pro;;AF Corse;Ferrari;
71;0;22;2:06.924;0;B;38.875;0;44.715;0;43.334;0;153.5;53:24.061;20:23:24.061;0:38.875;0:44.715;0:43.334;257.4;Davide RIGON;;LMGTE Pro;;AF Corse;Ferrari;
71;0;23;3:35.455;0;;2:11.490;0;45.274;0;38.691;0;90.4;56:59.516;20:26:59.516;2:11.490;0:45.274;0:38.691;161.3;Davide RIGON;0:01:37.198;LMGTE Pro;;AF Corse;Ferrari;
71;0;24;2:00.910;0;;38.544;0;44.117;0;38.249;0;161.1;59:00.426;20:29:00.426;0:38.544;0:44.117;0:38.249;256.2;Davide RIGON;;LMGTE Pro;;AF Corse;Ferrari;
71;0;25;2:00.639;0;;38.335;0;44.000;0;38.304;0;161.5;1:01:01.065;20:31:01.065;0:38.335;0:44.000;0:38.304;256.2;Davide RIGON;;LMGTE Pro;;AF Corse;Ferrari;
71;0;26;2:01.181;0;;38.623;0;44.226;0;38.332;0;160.8;1:03:02.246;20:33:02.246;0:38.623;0:44.226;0:38.332;252.0;Davide RIGON;;LMGTE Pro;;AF Corse;Ferrari;
71;0;27;2:01.492;0;;38.459;0;44.327;0;38.706;0;160.4;1:05:03.738;20:35:03.738;0:38.459;0:44.327;0:38.706;255.0;Davide RIGON;;LMGTE Pro;;AF Corse;Ferrari;
71;0;28;2:02.977;0;;39.350;0;44.974;0;38.653;0;158.4;1:07:06.715;20:37:06.715;0:39.350;0:44.974;0:38.653;253.8;Davide RIGON;;LMGTE Pro;;AF Corse;Ferrari;
71;0;29;2:01.394;0;;38.446;0;44.286;0;38.662;0;160.5;1:09:08.109;20:39:08.109;0:38.446;0:44.286;0:38.662;253.8;Davide RIGON;;LMGTE Pro;;AF Corse;Ferrari;
71;0;30;2:01.226;0;;38.438;0;44.164;0;38.624;0;160.7;1:11:09.335;20:41:09.335;0:38.438;0:44.164;0:38.624;254.4;Davide RIGON;;LMGTE Pro;;AF Corse;Ferrari;
71;0;31;2:01.240;0;;38.488;0;44.222;0;38.530;0;160.7;1:13:10.575;20:43:10.575;0:38.488;0:44.222;0:38.530;255.6;Davide RIGON;;LMGTE Pro;;AF Corse;Ferrari;
71;0;32;2:01.296;0;;38.536;0;44.289;0;38.471;0;160.6;1:15:11.871;20:45:11.871;0:38.536;0:44.289;0:38.471;254.4;Davide RIGON;;LMGTE Pro;;AF Corse;Ferrari;
71;0;33;2:01.868;0;;38.482;0;44.893;0;38.493;0;159.9;1:17:13.739;20:47:13.739;0:38.482;0:44.893;0:38.493;256.2;Davide RIGON;;LMGTE Pro;;AF Corse;Ferrari;
71;0;34;2:02.071;0;;38.582;0;44.548;0;38.941;0;159.6;1:19:15.810;20:49:15.810;0:38.582;0:44.548;0:38.941;255.6;Davide RIGON;;LMGTE Pro;;AF Corse;Ferrari;
71;0;35;2:02.161;0;;39.003;0;44.419;0;38.739;0;159.5;1:21:17.971;20:51:17.971;0:39.003;0:44.419;0:38.739;256.8;Davide RIGON;;LMGTE Pro;;AF Corse;Ferrari;
71;0;36;2:02.965;0;;38.742;0;44.942;0;39.281;0;158.4;1:23:20.936;20:53:20.936;0:38.742;0:44.942;0:39.281;252.6;Davide RIGON;;LMGTE Pro;;AF Corse;Ferrari;
71;0;37;2:02.696;0;;38.945;0;44.870;0;38.881;0;158.8;1:25:23.632;20:55:23.632;0:38.945;0:44.870;0:38.881;251.4;Davide RIGON;;LMGTE Pro;;AF Corse;Ferrari;
71;0;38;2:02.737;0;;38.968;0;44.972;0;38.797;0;158.7;1:27:26.369;20:57:26.369;0:38.968;0:44.972;0:38.797;257.4;Davide RIGON;;LMGTE Pro;;AF Corse;Ferrari;
71;0;39;2:03.154;0;;39.255;0;44.886;0;39.013;0;158.2;1:29:29.523;20:59:29.523;0:39.255;0:44.886;0:39.013;256.2;Davide RIGON;;LMGTE Pro;;AF Corse;Ferrari;
71;0;40;2:03.874;0;;39.459;0;45.138;0;39.277;0;157.3;1:31:33.397;21:01:33.397;0:39.459;0:45.138;0:39.277;253.8;Davide RIGON;;LMGTE Pro;;AF Corse;Ferrari;
77;1;1;3:09.192;0;;1:43.679;0;44.475;0;41.038;0;103.0;3:09.192;19:33:09.192;1:43.679;0:44.475;0:41.038;163.4;Michael CHRISTENSEN;0:01:07.461;LMGTE Pro;;Dempsey - Proton Racing;Porsche;
77;1;2;1:59.946;0;;38.011;2;43.544;2;38.391;0;162.4;5:09.138;19:35:09.138;0:38.011;0:43.544;0:38.391;253.2;Michael CHRISTENSEN;;LMGTE Pro;;Dempsey - Proton Racing;Porsche;
77;1;3;1:59.758;2;;38.173;0;43.711;0;37.874;2;162.7;7:08.896;19:37:08.896;0:38.173;0:43.711;0:37.874;255.0;Michael CHRISTENSEN;;LMGTE Pro;;Dempsey - Proton Racing;Porsche;
77;1;4;2:01.416;0;;38.572;0;44.454;0;38.390;0;160.5;9:10.312;19:39:10.312;0:38.572;0:44.454;0:38.390;256.8;Michael CHRISTENSEN;;LMGTE Pro;;Dempsey - Proton Racing;Porsche;
77;1;5;2:00.587;0;;38.468;0;43.969;0;38.150;0;161.6;11:10.899;19:41:10.899;0:38.468;0:43.969;0:38.150;255.6;Michael CHRISTENSEN;;LMGTE Pro;;Dempsey - Proton Racing;Porsche;
77;1;6;2:00.470;0;;38.396;0;43.934;0;38.140;0;161.7;13:11.369;19:43:11.369;0:38.396;0:43.934;0:38.140;256.2;Michael CHRISTENSEN;;LMGTE Pro;;Dempsey - Proton Racing;Porsche;
77;1;7;2:05.465;0;B;38.532;0;44.321;0;42.612;0;155.3;15:16.834;19:45:16.834;0:38.532;0:44.321;0:42.612;256.8;Michael CHRISTENSEN;;LMGTE Pro;;Dempsey - Proton Racing;Porsche;
77;1;8;8:45.994;0;;7:21.659;0;45.709;0;38.626;0;37.0;24:02.828;19:54:02.828;7:21.659;0:45.709;0:38.626;164.4;Michael CHRISTENSEN;0:06:46.464;LMGTE Pro;;Dempsey - Proton Racing;Porsche;
77;1;9;2:04.529;0;;38.282;0;44.400;0;41.847;0;156.5;26:07.357;19:56:07.357;0:38.282;0:44.400;0:41.847;254.4;Michael CHRISTENSEN;;LMGTE Pro;;Dempsey - Proton Racing;Porsche;
77;1;10;3:03.845;0;B;1:21.841;0;58.147;0;43.857;0;106.0;29:11.202;19:59:11.202;1:21.841;0:58.147;0:43.857;79.6;Michael CHRISTENSEN;;LMGTE Pro;;Dempsey - Proton Racing;Porsche;
77;1;11;15:38.844;0;;14:15.108;0;45.020;0;38.716;0;20.8;44:50.046;20:14:50.046;14:15.108;0:45.020;0:38.716;162.9;Michael CHRISTENSEN;0:13:41.601;LMGTE Pro;;Dempsey - Proton Racing;Porsche;
77;1;12;2:01.640;0;;38.566;0;44.526;0;38.548;0;160.2;46:51.686;20:16:51.686;0:38.566;0:44.526;0:38.548;251.4;Michael CHRISTENSEN;;LMGTE Pro;;Dempsey - Proton Racing;Porsche;
77;1;13;2:01.358;0;;38.465;0;44.407;0;38.486;0;160.5;48:53.044;20:18:53.044;0:38.465;0:44.407;0:38.486;255.0;Michael CHRISTENSEN;;LMGTE Pro;;Dempsey - Proton Racing;Porsche;
77;1;14;2:06.369;0;B;38.735;0;44.552;0;43.082;0;154.2;50:59.413;20:20:59.413;0:38.735;0:44.552;0:43.082;250.3;Michael CHRISTENSEN;;LMGTE Pro;;Dempsey - Proton Racing;Porsche;
77;1;15;5:52.170;0;;4:28.447;0;44.828;0;38.895;0;55.3;56:51.583;20:26:51.583;4:28.447;0:44.828;0:38.895;151.3;Michael CHRISTENSEN;0:03:53.279;LMGTE Pro;;Dempsey - Proton Racing;Porsche;
77;1;16;2:02.327;0;;38.561;0;44.944;0;38.822;0;159.3;58:53.910;20:28:53.910;0:38.561;0:44.944;0:38.822;252.6;Michael CHRISTENSEN;;LMGTE Pro;;Dempsey - Proton Racing;Porsche;
77;1;17;2:01.635;0;;38.760;0;44.298;0;38.577;0;160.2;1:00:55.545;20:30:55.545;0:38.760;0:44.298;0:38.577;254.4;Michael CHRISTENSEN;;LMGTE Pro;;Dempsey - Proton Racing;Porsche;
77;1;18;2:07.075;0;B;38.737;0;44.867;0;43.471;0;153.3;1:03:02.620;20:33:02.620;0:38.737;0:44.867;0:43.471;256.2;Michael CHRISTENSEN;;LMGTE Pro;;Dempsey - Proton Racing;Porsche;
77;0;19;6:02.081;0;;4:38.684;0;44.854;0;38.543;0;53.8;1:09:04.701;20:39:04.701;4:38.684;0:44.854;0:38.543;162.2;Richard LIETZ;0:04:02.577;LMGTE Pro;;Dempsey - Proton Racing;Porsche;
77;0;20;2:01.046;0;;38.511;0;44.153;0;38.382;0;161.0;1:11:05.747;20:41:05.747;0:38.511;0:44.153;0:38.382;253.8;Richard LIETZ;;LMGTE Pro;;Dempsey - Proton Racing;Porsche;
77;0;21;2:01.134;0;;38.335;0;44.306;0;38.493;0;160.8;1:13:06.881;20:43:06.881;0:38.335;0:44.306;0:38.493;253.2;Richard LIETZ;;LMGTE Pro;;Dempsey - Proton Racing;Porsche;
77;0;22;2:01.643;0;;38.292;1;44.610;0;38.741;0;160.2;1:15:08.524;20:45:08.524;0:38.292;0:44.610;0:38.741;252.0;Richard LIETZ;;LMGTE Pro;;Dempsey - Proton Racing;Porsche;
77;0;23;2:01.372;0;;38.772;0;44.437;0;38.163;1;160.5;1:17:09.896;20:47:09.896;0:38.772;0:44.437;0:38.163;235.6;Richard LIETZ;;LMGTE Pro;;Dempsey - Proton Racing;Porsche;
77;0;24;2:01.310;0;;38.488;0;44.637;0;38.185;0;160.6;1:19:11.206;20:49:11.206;0:38.488;0:44.637;0:38.185;255.0;Richard LIETZ;;LMGTE Pro;;Dempsey - Proton Racing;Porsche;
77;0;25;2:01.671;0;;38.712;0;44.148;1;38.811;0;160.1;1:21:12.877;20:51:12.877;0:38.712;0:44.148;0:38.811;255.6;Richard LIETZ;;LMGTE Pro;;Dempsey - Proton Racing;Porsche;
77;0;26;2:02.420;0;;38.834;0;44.835;0;38.751;0;159.2;1:23:15.297;20:53:15.297;0:38.834;0:44.835;0:38.751;256.2;Richard LIETZ;;LMGTE Pro;;Dempsey - Proton Racing;Porsche;
77;0;27;2:01.744;0;;38.641;0;44.656;0;38.447;0;160.0;1:25:17.041;20:55:17.041;0:38.641;0:44.656;0:38.447;255.0;Richard LIETZ;;LMGTE Pro;;Dempsey - Proton Racing;Porsche;
77;0;28;2:02.311;0;;38.598;0;44.897;0;38.816;0;159.3;1:27:19.352;20:57:19.352;0:38.598;0:44.897;0:38.816;253.2;Richard LIETZ;;LMGTE Pro;;Dempsey - Proton Racing;Porsche;
77;0;29;2:02.386;0;;38.840;0;44.570;0;38.976;0;159.2;1:29:21.738;20:59:21.738;0:38.840;0:44.570;0:38.976;253.2;Richard LIETZ;;LMGTE Pro;;Dempsey - Proton Racing;Porsche;
77;0;30;2:04.549;0;;39.653;0;45.806;0;39.090;0;156.4;1:31:26.287;21:01:26.287;0:39.653;0:45.806;0:39.090;212.1;Richard LIETZ;;LMGTE Pro;;Dempsey - Proton Racing;Porsche;
78;2;1;3:02.063;0;;1:37.407;0;45.631;0;39.025;0;107.0;3:02.063;19:33:02.063;1:37.407;0:45.631;0:39.025;141.3;Joël CAMATHIAS;0:00:57.531;LMGTE Am;;KCMG;Porsche;
78;2;2;2:02.695;0;;39.095;0;44.765;0;38.835;0;158.8;5:04.758;19:35:04.758;0:39.095;0:44.765;0:38.835;250.3;Joël CAMATHIAS;;LMGTE Am;;KCMG;Porsche;
78;2;3;2:02.764;0;;39.299;0;44.638;0;38.827;0;158.7;7:07.522;19:37:07.522;0:39.299;0:44.638;0:38.827;249.7;Joël CAMATHIAS;;LMGTE Am;;KCMG;Porsche;
78;2;4;2:05.712;0;;40.257;0;46.308;0;39.147;0;155.0;9:13.234;19:39:13.234;0:40.257;0:46.308;0:39.147;247.4;Joël CAMATHIAS;;LMGTE Am;;KCMG;Porsche;
78;2;5;2:02.512;0;;39.013;0;44.584;2;38.915;0;159.0;11:15.746;19:41:15.746;0:39.013;0:44.584;0:38.915;250.8;Joël CAMATHIAS;;LMGTE Am;;KCMG;Porsche;
78;2;6;2:02.350;2;;38.861;2;44.708;0;38.781;2;159.2;13:18.096;19:43:18.096;0:38.861;0:44.708;0:38.781;251.4;Joël CAMATHIAS;;LMGTE Am;;KCMG;Porsche;
78;2;7;2:07.454;0;B;39.064;0;45.018;0;43.372;0;152.9;15:25.550;19:45:25.550;0:39.064;0:45.018;0:43.372;241.9;Joël CAMATHIAS;;LMGTE Am;;KCMG;Porsche;
78;0;8;3:33.173;0;;2:06.587;0;46.281;0;40.305;0;91.4;18:58.723;19:48:58.723;2:06.587;0:46.281;0:40.305;161.7;Christian RIED;0:01:31.625;LMGTE Am;;KCMG;Porsche;
78;0;9;2:05.740;0;;39.787;0;46.442;0;39.511;0;154.9;21:04.463;19:51:04.463;0:39.787;0:46.442;0:39.511;235.6;Christian RIED;;LMGTE Am;;KCMG;Porsche;
78;0;10;2:04.119;0;;39.403;0;45.581;0;39.135;0;157.0;23:08.582;19:53:08.582;0:39.403;0:45.581;0:39.135;246.8;Christian RIED;;LMGTE Am;;KCMG;Porsche;
78;0;11;2:04.322;0;;39.478;0;45.551;1;39.293;0;156.7;25:12.904;19:55:12.904;0:39.478;0:45.551;0:39.293;249.1;Christian RIED;;LMGTE Am;;KCMG;Porsche;
78;0;12;3:05.094;0;;40.493;0;1:16.562;0;1:08.039;0;105.3;28:17.998;19:58:17.998;0:40.493;1:16.562;1:08.039;248.5;Christian RIED;;LMGTE Am;;KCMG;Porsche;
78;0;13;2:04.450;0;;39.528;0;45.801;0;39.121;1;156.6;30:22.448;20:00:22.448;0:39.528;0:45.801;0:39.121;235.6;Christian RIED;;LMGTE Am;;KCMG;Porsche;
78;0;14;2:04.621;0;;39.683;0;45.593;0;39.345;0;156.3;32:27.069;20:02:27.069;0:39.683;0:45.593;0:39.345;253.2;Christian RIED;;LMGTE Am;;KCMG;Porsche;
78;0;15;2:09.069;0;B;39.220;1;45.612;0;44.237;0;151.0;34:36.138;20:04:36.138;0:39.220;0:45.612;0:44.237;250.3;Christian RIED;;LMGTE Am;;KCMG;Porsche;
78;1;16;3:14.219;0;;1:49.637;0;44.983;1;39.599;0;100.3;37:50.357;20:07:50.357;1:49.637;0:44.983;0:39.599;157.5;Wolf HENZLER;0:01:14.945;LMGTE Am;;KCMG;Porsche;
78;1;17;2:04.127;0;;39.133;0;45.409;0;39.585;0;157.0;39:54.484;20:09:54.484;0:39.133;0:45.409;0:39.585;240.8;Wolf HENZLER;;LMGTE Am;;KCMG;Porsche;
78;1;18;2:04.286;0;;39.372;0;45.653;0;39.261;1;156.8;41:58.770;20:11:58.770;0:39.372;0:45.653;0:39.261;246.8;Wolf HENZLER;;LMGTE Am;;KCMG;Porsche;
78;1;19;2:03.630;0;;39.082;0;45.002;0;39.546;0;157.6;44:02.400;20:14:02.400;0:39.082;0:45.002;0:39.546;243.5;Wolf HENZLER;;LMGTE Am;;KCMG;Porsche;
78;1;20;2:05.812;0;;39.048;1;47.153;0;39.611;0;154.9;46:08.212;20:16:08.212;0:39.048;0:47.153;0:39.611;250.3;Wolf HENZLER;;LMGTE Am;;KCMG;Porsche;
78;1;21;2:05.235;0;;39.292;0;45.707;0;40.236;0;155.6;48:13.447;20:18:13.447;0:39.292;0:45.707;0:40.236;246.8;Wolf HENZLER;;LMGTE Am;;KCMG;Porsche;
78;1;22;2:11.544;0;B;40.795;0;46.406;0;44.343;0;148.1;50:24.991;20:20:24.991;0:40.795;0:46.406;0:44.343;229.6;Wolf HENZLER;;LMGTE Am;;KCMG;Porsche;
78;1;23;6:17.651;0;;4:51.489;0;46.450;0;39.712;0;51.6;56:42.642;20:26:42.642;4:51.489;0:46.450;0:39.712;153.5;Wolf HENZLER;0:04:13.683;LMGTE Am;;KCMG;Porsche;
78;1;24;2:04.165;0;;39.334;0;45.351;0;39.480;0;156.9;58:46.807;20:28:46.807;0:39.334;0:45.351;0:39.480;237.1;Wolf HENZLER;;LMGTE Am;;KCMG;Porsche;
78;1;25;2:08.830;0;B;39.092;0;45.457;0;44.281;0;151.2;1:00:55.637;20:30:55.637;0:39.092;0:45.457;0:44.281;237.1;Wolf HENZLER;;LMGTE Am;;KCMG;Porsche;
78;1;26;13:07.984;0;;11:41.658;0;46.151;0;40.175;0;24.7;1:14:03.621;20:44:03.621;11:41.658;0:46.151;0:40.175;157.0;Wolf HENZLER;0:11:04.950;LMGTE Am;;KCMG;Porsche;
78;1;27;2:04.530;0;;39.371;0;45.303;0;39.856;0;156.5;1:16:08.151;20:46:08.151;0:39.371;0:45.303;0:39.856;239.2;Wolf HENZLER;;LMGTE Am;;KCMG;Porsche;
78;1;28;2:13.255;0;B;39.628;0;46.406;0;47.221;0;146.2;1:18:21.406;20:48:21.406;0:39.628;0:46.406;0:47.221;237.6;Wolf HENZLER;;LMGTE Am;;KCMG;Porsche;
78;0;29;5:51.088;0;;4:23.062;0;47.053;0;40.973;0;55.5;1:24:12.494;20:54:12.494;4:23.062;0:47.053;0:40.973;162.2;Christian RIED;0:03:48.533;LMGTE Am;;KCMG;Porsche;
78;0;30;2:08.395;0;;40.182;0;47.061;0;41.152;0;151.7;1:26:20.889;20:56:20.889;0:40.182;0:47.061;0:41.152;232.5;Christian RIED;;LMGTE Am;;KCMG;Porsche;
78;0;31;2:07.221;0;;39.829;0;46.754;0;40.638;0;153.1;1:28:28.110;20:58:28.110;0:39.829;0:46.754;0:40.638;237.1;Christian RIED;;LMGTE Am;;KCMG;Porsche;
78;0;32;2:06.988;0;;39.942;0;47.134;0;39.912;0;153.4;1:30:35.098;21:00:35.098;0:39.942;0:47.134;0:39.912;236.6;Christian RIED;;LMGTE Am;;KCMG;Porsche;
8;0;1;2:10.795;0;;57.024;0;39.570;0;34.201;0;149.0;2:10.795;19:32:10.795;0:57.024;0:39.570;0:34.201;160.5;Lucas DI GRASSI;0:00:22.730;LMP1;H;Audi Sport Team Joest;Audi;
8;0;2;1:40.400;2;;32.464;0;36.547;0;31.389;2;194.1;3:51.195;19:33:51.195;0:32.464;0:36.547;0:31.389;267.6;Lucas DI GRASSI;;LMP1;H;Audi Sport Team Joest;Audi;
8;0;3;1:59.279;0;;38.444;0;44.196;0;36.639;0;163.3;5:50.474;19:35:50.474;0:38.444;0:44.196;0:36.639;213.7;Lucas DI GRASSI;;LMP1;H;Audi Sport Team Joest;Audi;
8;0;4;1:40.465;0;;32.306;2;36.473;2;31.686;0;193.9;7:30.939;19:37:30.939;0:32.306;0:36.473;0:31.686;266.9;Lucas DI GRASSI;;LMP1;H;Audi Sport Team Joest;Audi;
8;0;5;1:49.806;0;B;33.551;0;38.110;0;38.145;0;177.4;9:20.745;19:39:20.745;0:33.551;0:38.110;0:38.145;252.0;Lucas DI GRASSI;;LMP1;H;Audi Sport Team Joest;Audi;
8;2;6;3:04.058;0;;1:48.408;0;41.096;0;34.554;0;105.9;12:24.803;19:42:24.803;1:48.408;0:41.096;0:34.554;145.3;Oliver JARVIS;0:01:15.228;LMP1;H;Audi Sport Team Joest;Audi;
8;2;7;1:45.813;0;;33.316;0;39.314;0;33.183;0;184.1;14:10.616;19:44:10.616;0:33.316;0:39.314;0:33.183;268.9;Oliver JARVIS;;LMP1;H;Audi Sport Team Joest;Audi;
8;2;8;1:43.064;0;;32.681;1;37.170;1;33.213;0;189.0;15:53.680;19:45:53.680;0:32.681;0:37.170;0:33.213;267.6;Oliver JARVIS;;LMP1;H;Audi Sport Team Joest;Audi;
8;2;9;1:47.961;0;;35.605;0;39.234;0;33.122;0;180.5;17:41.641;19:47:41.641;0:35.605;0:39.234;0:33.122;221.1;Oliver JARVIS;;LMP1;H;Audi Sport Team Joest;Audi;
8;2;10;1:42.213;0;;32.750;0;37.754;0;31.709;1;190.6;19:23.854;19:49:23.854;0:32.750;0:37.754;0:31.709;268.9;Oliver JARVIS;;LMP1;H;Audi Sport Team Joest;Audi;
8;2;11;1:50.356;0;B;34.452;0;38.817;0;37.087;0;176.5;21:14.210;19:51:14.210;0:34.452;0:38.817;0:37.087;248.5;Oliver JARVIS;;LMP1;H;Audi Sport Team Joest;Audi;
8;1;12;3:02.574;0;;1:52.452;0;38.040;0;32.082;0;106.7;24:16.784;19:54:16.784;1:52.452;0:38.040;0:32.082;183.7;Loïc DUVAL;0:01:22.478;LMP1;H;Audi Sport Team Joest;Audi;
8;1;13;1:44.935;0;;33.927;0;38.371;0;32.637;0;185.7;26:01.719;19:56:01.719;0:33.927;0:38.371;0:32.637;266.9;Loïc DUVAL;;LMP1;H;Audi Sport Team Joest;Audi;
8;1;14;2:45.115;0;;1:12.934;0;1:00.596;0;31.585;1;118.0;28:46.834;19:58:46.834;1:12.934;1:00.596;0:31.585;79.6;Loïc DUVAL;;LMP1;H;Audi Sport Team Joest;Audi;
8;1;15;1:43.667;0;;33.617;0;37.923;0;32.127;0;187.9;30:30.501;20:00:30.501;0:33.617;0:37.923;0:32.127;248.5;Loïc DUVAL;;LMP1;H;Audi Sport Team Joest;Audi;
8;1;16;1:44.557;0;;33.213;1;38.513;0;32.831;0;186.3;32:15.058;20:02:15.058;0:33.213;0:38.513;0:32.831;250.8;Loïc DUVAL;;LMP1;H;Audi Sport Team Joest;Audi;
8;1;17;1:43.886;0;;33.583;0;38.020;0;32.283;0;187.5;33:58.944;20:03:58.944;0:33.583;0:38.020;0:32.283;271.6;Loïc DUVAL;;LMP1;H;Audi Sport Team Joest;Audi;
8;1;18;1:43.617;0;;33.577;0;37.919;0;32.121;0;188.0;35:42.561;20:05:42.561;0:33.577;0:37.919;0:32.121;257.4;Loïc DUVAL;;LMP1;H;Audi Sport Team Joest;Audi;
8;1;19;1:43.620;0;;33.507;0;38.002;0;32.111;0;188.0;37:26.181;20:07:26.181;0:33.507;0:38.002;0:32.111;253.8;Loïc DUVAL;;LMP1;H;Audi Sport Team Joest;Audi;
8;1;20;1:44.265;0;;33.590;0;38.469;0;32.206;0;186.9;39:10.446;20:09:10.446;0:33.590;0:38.469;0:32.206;261.7;Loïc DUVAL;;LMP1;H;Audi Sport Team Joest;Audi;
8;1;21;1:46.376;0;;34.033;0;39.440;0;32.903;0;183.2;40:56.822;20:10:56.822;0:34.033;0:39.440;0:32.903;261.1;Loïc DUVAL;;LMP1;H;Audi Sport Team Joest;Audi;
8;1;22;1:48.020;0;B;33.505;0;38.392;0;36.123;0;180.4;42:44.842;20:12:44.842;0:33.505;0:38.392;0:36.123;263.6;Loïc DUVAL;;LMP1;H;Audi Sport Team Joest;Audi;
8;1;23;3:09.711;0;;1:58.509;0;38.744;0;32.458;0;102.7;45:54.553;20:15:54.553;1:58.509;0:38.744;0:32.458;184.3;Loïc DUVAL;0:01:28.827;LMP1;H;Audi Sport Team Joest;Audi;
8;1;24;1:44.020;0;;33.588;0;38.071;0;32.361;0;187.3;47:38.573;20:17:38.573;0:33.588;0:38.071;0:32.361;256.2;Loïc DUVAL;;LMP1;H;Audi Sport Team Joest;Audi;
8;1;25;1:44.281;0;;33.354;0;38.159;0;32.768;0;186.8;49:22.854;20:19:22.854;0:33.354;0:38.159;0:32.768;272.3;Loïc DUVAL;;LMP1;H;Audi Sport Team Joest;Audi;
8;1;26;1:49.453;0;B;33.989;0;39.351;0;36.113;0;178.0;51:12.307;20:21:12.307;0:33.989;0:39.351;0:36.113;256.2;Loïc DUVAL;;LMP1;H;Audi Sport Team Joest;Audi;
8;1;27;5:50.373;0;;4:39.902;0;38.118;0;32.353;0;55.6;57:02.680;20:27:02.680;4:39.902;0:38.118;0:32.353;185.9;Loïc DUVAL;0:04:09.809;LMP1;H;Audi Sport Team Joest;Audi;
8;1;28;1:44.827;0;;33.591;0;38.647;0;32.589;0;185.9;58:47.507;20:28:47.507;0:33.591;0:38.647;0:32.589;258.0;Loïc DUVAL;;LMP1;H;Audi Sport Team Joest;Audi;
8;1;29;1:44.902;0;;33.565;0;38.418;0;32.919;0;185.7;1:00:32.409;20:30:32.409;0:33.565;0:38.418;0:32.919;260.5;Loïc DUVAL;;LMP1;H;Audi Sport Team Joest;Audi;
8;1;30;1:43.956;0;;33.504;0;38.178;0;32.274;0;187.4;1:02:16.365;20:32:16.365;0:33.504;0:38.178;0:32.274;261.7;Loïc DUVAL;;LMP1;H;Audi Sport Team Joest;Audi;
8;1;31;1:44.665;0;;33.531;0;38.394;0;32.740;0;186.1;1:04:01.030;20:34:01.030;0:33.531;0:38.394;0:32.740;262.4;Loïc DUVAL;;LMP1;H;Audi Sport Team Joest;Audi;
8;1;32;1:47.937;0;B;33.469;0;37.795;1;36.673;0;180.5;1:05:48.967;20:35:48.967;0:33.469;0:37.795;0:36.673;266.2;Loïc DUVAL;;LMP1;H;Audi Sport Team Joest;Audi;
8;2;33;3:13.265;0;;2:01.786;0;38.847;0;32.632;0;100.8;1:09:02.232;20:39:02.232;2:01.786;0:38.847;0:32.632;183.4;Oliver JARVIS;0:01:32.070;LMP1;H;Audi Sport Team Joest;Audi;
8;2;34;1:45.249;0;;34.059;0;38.496;0;32.694;0;185.1;1:10:47.481;20:40:47.481;0:34.059;0:38.496;0:32.694;263.0;Oliver JARVIS;;LMP1;H;Audi Sport Team Joest;Audi;
8;2;35;1:44.411;0;;33.777;0;38.328;0;32.306;0;186.6;1:12:31.892;20:42:31.892;0:33.777;0:38.328;0:32.306;263.0;Oliver JARVIS;;LMP1;H;Audi Sport Team Joest;Audi;
8;2;36;1:44.761;0;;33.853;0;38.528;0;32.380;0;186.0;1:14:16.653;20:44:16.653;0:33.853;0:38.528;0:32.380;263.0;Oliver JARVIS;;LMP1;H;Audi Sport Team Joest;Audi;
8;2;37;1:45.734;0;;34.349;0;38.123;0;33.262;0;184.3;1:16:02.387;20:46:02.387;0:34.349;0:38.123;0:33.262;263.6;Oliver JARVIS;;LMP1;H;Audi Sport Team Joest;Audi;
8;2;38;1:46.652;0;;35.720;0;38.388;0;32.544;0;182.7;1:17:49.039;20:47:49.039;0:35.720;0:38.388;0:32.544;264.3;Oliver JARVIS;;LMP1;H;Audi Sport Team Joest;Audi;
8;2;39;1:44.082;0;;33.558;0;38.086;0;32.438;0;187.2;1:19:33.121;20:49:33.121;0:33.558;0:38.086;0:32.438;256.8;Oliver JARVIS;;LMP1;H;Audi Sport Team Joest;Audi;
8;2;40;1:50.630;0;B;33.567;0;39.297;0;37.766;0;176.1;1:21:23.751;20:51:23.751;0:33.567;0:39.297;0:37.766;268.2;Oliver JARVIS;;LMP1;H;Audi Sport Team Joest;Audi;
8;0;41;2:48.075;0;;1:36.221;0;38.808;0;33.046;0;115.9;1:24:11.826;20:54:11.826;1:36.221;0:38.808;0:33.046;187.8;Lucas DI GRASSI;0:01:06.749;LMP1;H;Audi Sport Team Joest;Audi;
8;0;42;1:52.050;0;;34.914;0;38.528;0;38.608;0;173.9;1:26:03.876;20:56:03.876;0:34.914;0:38.528;0:38.608;265.6;Lucas DI GRASSI;;LMP1;H;Audi Sport Team Joest;Audi;
8;0;43;1:43.599;0;;33.410;0;37.983;0;32.206;0;188.1;1:27:47.475;20:57:47.475;0:33.410;0:37.983;0:32.206;267.6;Lucas DI GRASSI;;LMP1;H;Audi Sport Team Joest;Audi;
8;0;44;1:43.813;0;;33.441;0;38.254;0;32.118;0;187.7;1:29:31.288;20:59:31.288;0:33.441;0:38.254;0:32.118;269.6;Lucas DI GRASSI;;LMP1;H;Audi Sport Team Joest;Audi;
8;0;45;1:47.678;0;;34.079;0;39.160;0;34.439;0;180.9;1:31:18.966;21:01:18.966;0:34.079;0:39.160;0:34.439;273.6;Lucas DI GRASSI;;LMP1;H;Audi Sport Team Joest;Audi;
83;2;1;2:40.347;0;;1:14.637;0;46.091;0;39.619;0;121.5;2:40.347;19:32:40.347;1:14.637;0:46.091;0:39.619;157.0;Rui AGUAS;0:00:36.567;LMGTE Am;;AF Corse;Ferrari;
83;2;2;2:04.591;0;;39.426;0;45.577;0;39.588;0;156.4;4:44.938;19:34:44.938;0:39.426;0:45.577;0:39.588;241.3;Rui AGUAS;;LMGTE Am;;AF Corse;Ferrari;
83;2;3;2:04.414;0;;39.757;0;45.383;0;39.274;0;156.6;6:49.352;19:36:49.352;0:39.757;0:45.383;0:39.274;249.1;Rui AGUAS;;LMGTE Am;;AF Corse;Ferrari;
83;2;4;2:03.472;0;;39.141;0;45.044;0;39.287;0;157.8;8:52.824;19:38:52.824;0:39.141;0:45.044;0:39.287;245.7;Rui AGUAS;;LMGTE Am;;AF Corse;Ferrari;
83;2;5;2:07.985;0;B;39.386;0;45.161;0;43.438;0;152.2;11:00.809;19:41:00.809;0:39.386;0:45.161;0:43.438;240.8;Rui AGUAS;;LMGTE Am;;AF Corse;Ferrari;
83;0;6;3:22.696;0;;1:58.733;0;45.138;0;38.825;0;96.1;14:23.505;19:44:23.505;1:58.733;0:45.138;0:38.825;160.8;François PERRODO;0:01:22.618;LMGTE Am;;AF Corse;Ferrari;
83;0;7;2:01.918;2;;38.819;1;44.406;2;38.693;2;159.8;16:25.423;19:46:25.423;0:38.819;0:44.406;0:38.693;253.2;François PERRODO;;LMGTE Am;;AF Corse;Ferrari;
83;0;8;2:02.433;0;;38.956;0;44.563;0;38.914;0;159.1;18:27.856;19:48:27.856;0:38.956;0:44.563;0:38.914;252.6;François PERRODO;;LMGTE Am;;AF Corse;Ferrari;
83;0;9;2:02.593;0;;39.137;0;44.680;0;38.776;0;158.9;20:30.449;19:50:30.449;0:39.137;0:44.680;0:38.776;252.6;François PERRODO;;LMGTE Am;;AF Corse;Ferrari;
83;0;10;2:07.040;0;B;39.082;0;44.775;0;43.183;0;153.4;22:37.489;19:52:37.489;0:39.082;0:44.775;0:43.183;253.2;François PERRODO;;LMGTE Am;;AF Corse;Ferrari;
83;0;11;3:53.875;0;B;2:13.387;0;45.040;0;55.448;0;83.3;26:31.364;19:56:31.364;2:13.387;0:45.040;0:55.448;160.3;François PERRODO;0:01:39.225;LMGTE Am;;AF Corse;Ferrari;
83;0;12;3:54.908;0;;2:30.709;0;45.060;0;39.139;0;82.9;30:26.272;20:00:26.272;2:30.709;0:45.060;0:39.139;158.4;François PERRODO;0:01:56.208;LMGTE Am;;AF Corse;Ferrari;
83;0;13;2:05.486;0;;39.541;0;45.221;0;40.724;0;155.3;32:31.758;20:02:31.758;0:39.541;0:45.221;0:40.724;251.4;François PERRODO;;LMGTE Am;;AF Corse;Ferrari;
83;0;14;2:06.964;0;;39.936;0;46.672;0;40.356;0;153.5;34:38.722;20:04:38.722;0:39.936;0:46.672;0:40.356;245.7;François PERRODO;;LMGTE Am;;AF Corse;Ferrari;
83;0;15;2:04.368;0;;39.596;0;45.426;0;39.346;0;156.7;36:43.090;20:06:43.090;0:39.596;0:45.426;0:39.346;250.3;François PERRODO;;LMGTE Am;;AF Corse;Ferrari;
83;0;16;2:04.892;0;;39.892;0;45.485;0;39.515;0;156.0;38:47.982;20:08:47.982;0:39.892;0:45.485;0:39.515;252.6;François PERRODO;;LMGTE Am;;AF Corse;Ferrari;
83;0;17;2:05.382;0;;39.581;0;45.788;0;40.013;0;155.4;40:53.364;20:10:53.364;0:39.581;0:45.788;0:40.013;240.8;François PERRODO;;LMGTE Am;;AF Corse;Ferrari;
83;0;18;2:04.434;0;;39.473;0;45.567;0;39.394;0;156.6;42:57.798;20:12:57.798;0:39.473;0:45.567;0:39.394;249.7;François PERRODO;;LMGTE Am;;AF Corse;Ferrari;
83;0;19;2:09.008;0;B;39.656;0;45.956;0;43.396;0;151.0;45:06.806;20:15:06.806;0:39.656;0:45.956;0:43.396;227.6;François PERRODO;;LMGTE Am;;AF Corse;Ferrari;
83;2;20;4:11.092;0;;2:44.294;0;45.431;0;41.367;0;77.6;49:17.898;20:19:17.898;2:44.294;0:45.431;0:41.367;161.3;Rui AGUAS;0:02:09.701;LMGTE Am;;AF Corse;Ferrari;
83;2;21;2:03.511;0;;39.175;0;45.405;0;38.931;0;157.7;51:21.409;20:21:21.409;0:39.175;0:45.405;0:38.931;246.3;Rui AGUAS;;LMGTE Am;;AF Corse;Ferrari;
83;2;22;2:03.364;0;;39.077;0;45.265;0;39.022;0;157.9;53:24.773;20:23:24.773;0:39.077;0:45.265;0:39.022;249.7;Rui AGUAS;;LMGTE Am;;AF Corse;Ferrari;
83;2;23;2:02.089;0;;38.662;2;44.598;0;38.829;1;159.6;55:26.862;20:25:26.862;0:38.662;0:44.598;0:38.829;249.1;Rui AGUAS;;LMGTE Am;;AF Corse;Ferrari;
83;2;24;2:02.120;0;;38.741;0;44.548;1;38.831;0;159.5;57:28.982;20:27:28.982;0:38.741;0:44.548;0:38.831;252.0;Rui AGUAS;;LMGTE Am;;AF Corse;Ferrari;
83;2;25;2:11.456;0;B;39.077;0;46.673;0;45.706;0;148.2;59:40.438;20:29:40.438;0:39.077;0:46.673;0:45.706;250.8;Rui AGUAS;;LMGTE Am;;AF Corse;Ferrari;
83;2;26;3:57.157;0;;2:32.643;0;45.425;0;39.089;0;82.2;1:03:37.595;20:33:37.595;2:32.643;0:45.425;0:39.089;161.5;Rui AGUAS;0:01:55.838;LMGTE Am;;AF Corse;Ferrari;
83;2;27;2:06.956;0;B;39.054;0;45.198;0;42.704;0;153.5;1:05:44.551;20:35:44.551;0:39.054;0:45.198;0:42.704;250.3;Rui AGUAS;;LMGTE Am;;AF Corse;Ferrari;
83;1;28;4:32.413;0;;3:06.770;0;45.904;0;39.739;0;71.5;1:10:16.964;20:40:16.964;3:06.770;0:45.904;0:39.739;161.3;Emmanuel COLLARD;0:02:31.871;LMGTE Am;;AF Corse;Ferrari;
83;1;29;2:03.948;0;;39.010;1;45.361;0;39.577;0;157.2;1:12:20.912;20:42:20.912;0:39.010;0:45.361;0:39.577;246.8;Emmanuel COLLARD;;LMGTE Am;;AF Corse;Ferrari;
83;1;30;2:04.087;0;;39.997;0;45.042;1;39.048;1;157.0;1:14:24.999;20:44:24.999;0:39.997;0:45.042;0:39.048;251.4;Emmanuel COLLARD;;LMGTE Am;;AF Corse;Ferrari;
83;1;31;2:03.641;0;;39.043;0;45.043;0;39.555;0;157.6;1:16:28.640;20:46:28.640;0:39.043;0:45.043;0:39.555;249.1;Emmanuel COLLARD;;LMGTE Am;;AF Corse;Ferrari;
83;1;32;2:08.367;0;B;39.071;0;45.182;0;44.114;0;151.8;1:18:37.007;20:48:37.007;0:39.071;0:45.182;0:44.114;249.7;Emmanuel COLLARD;;LMGTE Am;;AF Corse;Ferrari;
83;1;33;3:30.050;0;;2:03.801;0;46.476;0;39.773;0;92.8;1:22:07.057;20:52:07.057;2:03.801;0:46.476;0:39.773;160.5;Emmanuel COLLARD;0:01:28.714;LMGTE Am;;AF Corse;Ferrari;
83;1;34;2:04.721;0;;39.459;0;45.150;0;40.112;0;156.2;1:24:11.778;20:54:11.778;0:39.459;0:45.150;0:40.112;245.2;Emmanuel COLLARD;;LMGTE Am;;AF Corse;Ferrari;
83;1;35;2:07.888;0;B;39.328;0;45.169;0;43.391;0;152.3;1:26:19.666;20:56:19.666;0:39.328;0:45.169;0:43.391;247.4;Emmanuel COLLARD;;LMGTE Am;;AF Corse;Ferrari;
83;1;36;2:39.800;0;;1:15.354;0;45.192;0;39.254;0;121.9;1:28:59.466;20:58:59.466;1:15.354;0:45.192;0:39.254;162.9;Emmanuel COLLARD;0:00:41.548;LMGTE Am;;AF Corse;Ferrari;
83;1;37;2:03.711;0;;39.208;0;45.078;0;39.425;0;157.5;1:31:03.177;21:01:03.177;0:39.208;0:45.078;0:39.425;245.7;Emmanuel COLLARD;;LMGTE Am;;AF Corse;Ferrari;
86;2;1;2:23.537;0;;59.426;0;45.059;0;39.052;0;135.7;2:23.537;19:32:23.537;0:59.426;0:45.059;0:39.052;153.5;Benjamin BARKER;0:00:21.569;LMGTE Am;;Gulf Racing;Porsche;
86;2;2;2:03.446;0;;40.261;0;44.550;2;38.635;2;157.8;4:26.983;19:34:26.983;0:40.261;0:44.550;0:38.635;221.1;Benjamin BARKER;;LMGTE Am;;Gulf Racing;Porsche;
86;2;3;2:02.638;0;;38.646;2;44.719;0;39.273;0;158.9;6:29.621;19:36:29.621;0:38.646;0:44.719;0:39.273;252.0;Benjamin BARKER;;LMGTE Am;;Gulf Racing;Porsche;
86;2;4;2:02.261;2;;38.916;0;44.599;0;38.746;0;159.4;8:31.882;19:38:31.882;0:38.916;0:44.599;0:38.746;240.8;Benjamin BARKER;;LMGTE Am;;Gulf Racing;Porsche;
86;2;5;2:06.751;0;B;38.919;0;45.314;0;42.518;0;153.7;10:38.633;19:40:38.633;0:38.919;0:45.314;0:42.518;252.0;Benjamin BARKER;;LMGTE Am;;Gulf Racing;Porsche;
86;1;6;3:35.456;0;;2:09.683;0;45.811;0;39.962;0;90.4;14:14.089;19:44:14.089;2:09.683;0:45.811;0:39.962;160.5;Adam CARROLL;0:01:33.136;LMGTE Am;;Gulf Racing;Porsche;
86;1;7;2:04.376;0;;39.897;0;45.297;0;39.182;1;156.6;16:18.465;19:46:18.465;0:39.897;0:45.297;0:39.182;243.0;Adam CARROLL;;LMGTE Am;;Gulf Racing;Porsche;
86;1;8;2:03.414;0;;38.876;0;45.133;1;39.405;0;157.9;18:21.879;19:48:21.879;0:38.876;0:45.133;0:39.405;249.1;Adam CARROLL;;LMGTE Am;;Gulf Racing;Porsche;
86;1;9;2:04.111;0;;39.098;0;45.701;0;39.312;0;157.0;20:25.990;19:50:25.990;0:39.098;0:45.701;0:39.312;248.5;Adam CARROLL;;LMGTE Am;;Gulf Racing;Porsche;
86;1;10;2:03.507;0;;38.832;1;45.438;0;39.237;0;157.7;22:29.497;19:52:29.497;0:38.832;0:45.438;0:39.237;249.7;Adam CARROLL;;LMGTE Am;;Gulf Racing;Porsche;
86;1;11;2:06.504;0;;39.231;0;47.154;0;40.119;0;154.0;24:36.001;19:54:36.001;0:39.231;0:47.154;0:40.119;249.1;Adam CARROLL;;LMGTE Am;;Gulf Racing;Porsche;
86;1;12;2:52.488;0;B;39.639;0;49.049;0;1:23.800;0;113.0;27:28.489;19:57:28.489;0:39.639;0:49.049;1:23.800;238.2;Adam CARROLL;;LMGTE Am;;Gulf Racing;Porsche;
86;0;13;4:27.508;0;;3:01.576;0;45.921;1;40.011;1;72.8;31:55.997;20:01:55.997;3:01.576;0:45.921;0:40.011;145.3;Michael WAINWRIGHT;0:02:24.287;LMGTE Am;;Gulf Racing;Porsche;
86;0;14;2:44.019;0;B;40.695;0;1:15.020;0;48.304;0;118.8;34:40.016;20:04:40.016;0:40.695;1:15.020;0:48.304;247.4;Michael WAINWRIGHT;;LMGTE Am;;Gulf Racing;Porsche;
86;0;15;3:18.092;0;;1:51.830;0;46.116;0;40.146;0;98.4;37:58.108;20:07:58.108;1:51.830;0:46.116;0:40.146;160.1;Michael WAINWRIGHT;0:01:16.610;LMGTE Am;;Gulf Racing;Porsche;
86;0;16;2:06.707;0;;40.122;0;46.187;0;40.398;0;153.8;40:04.815;20:10:04.815;0:40.122;0:46.187;0:40.398;240.8;Michael WAINWRIGHT;;LMGTE Am;;Gulf Racing;Porsche;
86;0;17;2:07.859;0;;39.842;0;47.370;0;40.647;0;152.4;42:12.674;20:12:12.674;0:39.842;0:47.370;0:40.647;250.3;Michael WAINWRIGHT;;LMGTE Am;;Gulf Racing;Porsche;
86;0;18;2:06.190;0;;39.996;0;46.172;0;40.022;0;154.4;44:18.864;20:14:18.864;0:39.996;0:46.172;0:40.022;245.7;Michael WAINWRIGHT;;LMGTE Am;;Gulf Racing;Porsche;
86;0;19;2:07.623;0;;40.191;0;46.529;0;40.903;0;152.7;46:26.487;20:16:26.487;0:40.191;0:46.529;0:40.903;250.8;Michael WAINWRIGHT;;LMGTE Am;;Gulf Racing;Porsche;
86;0;20;2:06.688;0;;40.095;0;46.199;0;40.394;0;153.8;48:33.175;20:18:33.175;0:40.095;0:46.199;0:40.394;246.3;Michael WAINWRIGHT;;LMGTE Am;;Gulf Racing;Porsche;
86;0;21;2:07.957;0;;39.846;0;47.632;0;40.479;0;152.3;50:41.132;20:20:41.132;0:39.846;0:47.632;0:40.479;252.0;Michael WAINWRIGHT;;LMGTE Am;;Gulf Racing;Porsche;
86;0;22;2:07.119;0;;39.714;1;47.027;0;40.378;0;153.3;52:48.251;20:22:48.251;0:39.714;0:47.027;0:40.378;251.4;Michael WAINWRIGHT;;LMGTE Am;;Gulf Racing;Porsche;
86;0;23;2:15.324;0;B;41.799;0;47.127;0;46.398;0;144.0;55:03.575;20:25:03.575;0:41.799;0:47.127;0:46.398;246.3;Michael WAINWRIGHT;;LMGTE Am;;Gulf Racing;Porsche;
86;2;24;6:03.512;0;;4:38.214;0;45.928;0;39.370;0;53.6;1:01:07.087;20:31:07.087;4:38.214;0:45.928;0:39.370;156.6;Benjamin BARKER;0:04:03.385;LMGTE Am;;Gulf Racing;Porsche;
86;2;25;2:03.980;0;;39.123;0;45.490;0;39.367;0;157.1;1:03:11.067;20:33:11.067;0:39.123;0:45.490;0:39.367;246.3;Benjamin BARKER;;LMGTE Am;;Gulf Racing;Porsche;
86;2;26;2:03.584;0;;39.075;0;45.418;0;39.091;0;157.7;1:05:14.651;20:35:14.651;0:39.075;0:45.418;0:39.091;252.0;Benjamin BARKER;;LMGTE Am;;Gulf Racing;Porsche;
86;2;27;2:03.018;0;;38.799;0;44.858;0;39.361;0;158.4;1:07:17.669;20:37:17.669;0:38.799;0:44.858;0:39.361;249.7;Benjamin BARKER;;LMGTE Am;;Gulf Racing;Porsche;
86;2;28;2:06.927;0;B;38.961;0;45.225;0;42.741;0;153.5;1:09:24.596;20:39:24.596;0:38.961;0:45.225;0:42.741;246.3;Benjamin BARKER;;LMGTE Am;;Gulf Racing;Porsche;
86;1;29;3:36.621;0;;2:09.703;0;46.568;0;40.350;0;89.9;1:13:01.217;20:43:01.217;2:09.703;0:46.568;0:40.350;132.8;Adam CARROLL;0:01:28.174;LMGTE Am;;Gulf Racing;Porsche;
86;1;30;2:06.586;0;;40.120;0;45.824;0;40.642;0;153.9;1:15:07.803;20:45:07.803;0:40.120;0:45.824;0:40.642;233.5;Adam CARROLL;;LMGTE Am;;Gulf Racing;Porsche;
86;1;31;2:09.189;0;;42.935;0;46.491;0;39.763;0;150.8;1:17:16.992;20:47:16.992;0:42.935;0:46.491;0:39.763;244.1;Adam CARROLL;;LMGTE Am;;Gulf Racing;Porsche;
86;1;32;2:05.841;0;;39.614;0;46.306;0;39.921;0;154.8;1:19:22.833;20:49:22.833;0:39.614;0:46.306;0:39.921;224.8;Adam CARROLL;;LMGTE Am;;Gulf Racing;Porsche;
86;1;33;2:05.364;0;;39.533;0;46.066;0;39.765;0;155.4;1:21:28.197;20:51:28.197;0:39.533;0:46.066;0:39.765;232.5;Adam CARROLL;;LMGTE Am;;Gulf Racing;Porsche;
86;1;34;2:04.411;0;;39.302;0;45.753;0;39.356;0;156.6;1:23:32.608;20:53:32.608;0:39.302;0:45.753;0:39.356;245.7;Adam CARROLL;;LMGTE Am;;Gulf Racing;Porsche;
86;1;35;2:07.327;0;;40.434;0;46.417;0;40.476;0;153.0;1:25:39.935;20:55:39.935;0:40.434;0:46.417;0:40.476;248.0;Adam CARROLL;;LMGTE Am;;Gulf Racing;Porsche;
86;1;36;2:04.233;0;;39.145;0;45.835;0;39.253;0;156.8;1:27:44.168;20:57:44.168;0:39.145;0:45.835;0:39.253;244.6;Adam CARROLL;;LMGTE Am;;Gulf Racing;Porsche;
86;1;37;2:06.728;0;;39.343;0;47.208;0;40.177;0;153.7;1:29:50.896;20:59:50.896;0:39.343;0:47.208;0:40.177;246.8;Adam CARROLL;;LMGTE Am;;Gulf Racing;Porsche;
86;1;38;2:04.349;0;;39.241;0;45.809;0;39.299;0;156.7;1:31:55.245;21:01:55.245;0:39.241;0:45.809;0:39.299;244.1;Adam CARROLL;;LMGTE Am;;Gulf Racing;Porsche;
88;2;1;2:41.469;0;;1:16.967;0;45.478;0;39.024;0;120.7;2:41.469;19:32:41.469;1:16.967;0:45.478;0:39.024;153.1;Patrick LONG;0:00:39.360;LMGTE Am;;Abu Dhabi-Proton Racing;Porsche;
88;2;2;2:03.628;0;;39.012;0;45.121;0;39.495;0;157.6;4:45.097;19:34:45.097;0:39.012;0:45.121;0:39.495;247.4;Patrick LONG;;LMGTE Am;;Abu Dhabi-Proton Racing;Porsche;
88;2;3;2:03.289;0;;39.143;0;45.130;0;39.016;0;158.0;6:48.386;19:36:48.386;0:39.143;0:45.130;0:39.016;250.3;Patrick LONG;;LMGTE Am;;Abu Dhabi-Proton Racing;Porsche;
88;2;4;2:02.834;0;;38.873;0;44.777;0;39.184;0;158.6;8:51.220;19:38:51.220;0:38.873;0:44.777;0:39.184;241.3;Patrick LONG;;LMGTE Am;;Abu Dhabi-Proton Racing;Porsche;
88;2;5;2:02.446;0;;39.158;0;44.519;1;38.769;1;159.1;10:53.666;19:40:53.666;0:39.158;0:44.519;0:38.769;252.0;Patrick LONG;;LMGTE Am;;Abu Dhabi-Proton Racing;Porsche;
88;2;6;2:07.473;0;B;38.787;2;45.501;0;43.185;0;152.8;13:01.139;19:43:01.139;0:38.787;0:45.501;0:43.185;246.3;Patrick LONG;;LMGTE Am;;Abu Dhabi-Proton Racing;Porsche;
88;2;7;2:58.121;0;;1:29.258;0;47.685;0;41.178;0;109.4;15:59.260;19:45:59.260;1:29.258;0:47.685;0:41.178;158.4;Patrick LONG;0:00:53.373;LMGTE Am;;Abu Dhabi-Proton Racing;Porsche;
88;2;8;2:03.564;0;;39.070;0;45.126;0;39.368;0;157.7;18:02.824;19:48:02.824;0:39.070;0:45.126;0:39.368;244.1;Patrick LONG;;LMGTE Am;;Abu Dhabi-Proton Racing;Porsche;
88;2;9;2:04.621;0;;39.463;0;45.897;0;39.261;0;156.3;20:07.445;19:50:07.445;0:39.463;0:45.897;0:39.261;248.5;Patrick LONG;;LMGTE Am;;Abu Dhabi-Proton Racing;Porsche;
88;2;10;2:03.849;0;;39.328;0;45.452;0;39.069;0;157.3;22:11.294;19:52:11.294;0:39.328;0:45.452;0:39.069;253.8;Patrick LONG;;LMGTE Am;;Abu Dhabi-Proton Racing;Porsche;
88;2;11;2:09.078;0;B;38.976;0;46.295;0;43.807;0;150.9;24:20.372;19:54:20.372;0:38.976;0:46.295;0:43.807;247.4;Patrick LONG;;LMGTE Am;;Abu Dhabi-Proton Racing;Porsche;
88;0;12;6:43.572;0;;5:17.861;0;45.872;0;39.839;0;48.3;31:03.944;20:01:03.944;5:17.861;0:45.872;0:39.839;161.5;Khaled AL QUBAISI;0:04:43.120;LMGTE Am;;Abu Dhabi-Proton Racing;Porsche;
88;0;13;2:05.004;0;;39.618;0;45.792;0;39.594;0;155.9;33:08.948;20:03:08.948;0:39.618;0:45.792;0:39.594;239.2;Khaled AL QUBAISI;;LMGTE Am;;Abu Dhabi-Proton Racing;Porsche;
88;0;14;2:04.434;0;;39.148;0;45.907;0;39.379;0;156.6;35:13.382;20:05:13.382;0:39.148;0:45.907;0:39.379;241.9;Khaled AL QUBAISI;;LMGTE Am;;Abu Dhabi-Proton Racing;Porsche;
88;0;15;2:04.524;0;;39.348;0;45.365;0;39.811;0;156.5;37:17.906;20:07:17.906;0:39.348;0:45.365;0:39.811;239.7;Khaled AL QUBAISI;;LMGTE Am;;Abu Dhabi-Proton Racing;Porsche;
88;0;16;2:09.216;0;B;40.003;0;45.605;0;43.608;0;150.8;39:27.122;20:09:27.122;0:40.003;0:45.605;0:43.608;235.6;Khaled AL QUBAISI;;LMGTE Am;;Abu Dhabi-Proton Racing;Porsche;
88;0;17;3:05.379;0;;1:41.006;0;45.230;0;39.143;0;105.1;42:32.501;20:12:32.501;1:41.006;0:45.230;0:39.143;159.8;Khaled AL QUBAISI;0:01:06.227;LMGTE Am;;Abu Dhabi-Proton Racing;Porsche;
88;0;18;2:01.959;2;;38.913;0;44.269;2;38.777;0;159.8;44:34.460;20:14:34.460;0:38.913;0:44.269;0:38.777;243.0;Khaled AL QUBAISI;;LMGTE Am;;Abu Dhabi-Proton Racing;Porsche;
88;0;19;2:02.315;0;;38.802;1;44.747;0;38.766;1;159.3;46:36.775;20:16:36.775;0:38.802;0:44.747;0:38.766;246.3;Khaled AL QUBAISI;;LMGTE Am;;Abu Dhabi-Proton Racing;Porsche;
88;0;20;2:14.929;0;B;38.936;0;52.631;0;43.362;0;144.4;48:51.704;20:18:51.704;0:38.936;0:52.631;0:43.362;244.1;Khaled AL QUBAISI;;LMGTE Am;;Abu Dhabi-Proton Racing;Porsche;
88;1;21;3:36.147;0;;2:07.876;0;46.861;0;41.410;0;90.1;52:27.851;20:22:27.851;2:07.876;0:46.861;0:41.410;161.0;David HEINEMEIER HANSSON;0:01:31.000;LMGTE Am;;Abu Dhabi-Proton Racing;Porsche;
88;1;22;2:06.502;0;;41.983;0;45.400;0;39.119;0;154.0;54:34.353;20:24:34.353;0:41.983;0:45.400;0:39.119;240.8;David HEINEMEIER HANSSON;;LMGTE Am;;Abu Dhabi-Proton Racing;Porsche;
88;1;23;2:03.696;0;;39.361;0;45.380;0;38.955;0;157.5;56:38.049;20:26:38.049;0:39.361;0:45.380;0:38.955;236.1;David HEINEMEIER HANSSON;;LMGTE Am;;Abu Dhabi-Proton Racing;Porsche;
88;1;24;2:03.021;0;;39.139;0;45.158;0;38.724;2;158.4;58:41.070;20:28:41.070;0:39.139;0:45.158;0:38.724;241.9;David HEINEMEIER HANSSON;;LMGTE Am;;Abu Dhabi-Proton Racing;Porsche;
88;1;25;2:03.068;0;;39.004;0;44.899;0;39.165;0;158.3;1:00:44.138;20:30:44.138;0:39.004;0:44.899;0:39.165;243.0;David HEINEMEIER HANSSON;;LMGTE Am;;Abu Dhabi-Proton Racing;Porsche;
88;1;26;2:02.975;0;;39.045;0;45.004;0;38.926;0;158.4;1:02:47.113;20:32:47.113;0:39.045;0:45.004;0:38.926;238.7;David HEINEMEIER HANSSON;;LMGTE Am;;Abu Dhabi-Proton Racing;Porsche;
88;1;27;2:03.080;0;;38.925;1;45.197;0;38.958;0;158.3;1:04:50.193;20:34:50.193;0:38.925;0:45.197;0:38.958;244.1;David HEINEMEIER HANSSON;;LMGTE Am;;Abu Dhabi-Proton Racing;Porsche;
88;1;28;2:07.695;0;B;39.008;0;44.895;1;43.792;0;152.6;1:06:57.888;20:36:57.888;0:39.008;0:44.895;0:43.792;245.7;David HEINEMEIER HANSSON;;LMGTE Am;;Abu Dhabi-Proton Racing;Porsche;
88;2;29;4:06.623;0;;2:41.076;0;46.502;0;39.045;0;79.0;1:11:04.511;20:41:04.511;2:41.076;0:46.502;0:39.045;158.7;Patrick LONG;0:02:06.891;LMGTE Am;;Abu Dhabi-Proton Racing;Porsche;
88;2;30;2:03.104;0;;38.918;0;44.664;0;39.522;0;158.3;1:13:07.615;20:43:07.615;0:38.918;0:44.664;0:39.522;247.4;Patrick LONG;;LMGTE Am;;Abu Dhabi-Proton Racing;Porsche;
88;2;31;2:03.229;0;;39.105;0;45.037;0;39.087;0;158.1;1:15:10.844;20:45:10.844;0:39.105;0:45.037;0:39.087;247.4;Patrick LONG;;LMGTE Am;;Abu Dhabi-Proton Racing;Porsche;
88;2;32;2:10.580;0;B;42.122;0;45.391;0;43.067;0;149.2;1:17:21.424;20:47:21.424;0:42.122;0:45.391;0:43.067;253.2;Patrick LONG;;LMGTE Am;;Abu Dhabi-Proton Racing;Porsche;
88;0;33;3:33.759;0;;2:07.336;0;46.735;0;39.688;0;91.1;1:20:55.183;20:50:55.183;2:07.336;0:46.735;0:39.688;160.8;Khaled AL QUBAISI;0:01:32.613;LMGTE Am;;Abu Dhabi-Proton Racing;Porsche;
88;0;34;2:07.351;0;;39.605;0;47.123;0;40.623;0;153.0;1:23:02.534;20:53:02.534;0:39.605;0:47.123;0:40.623;227.2;Khaled AL QUBAISI;;LMGTE Am;;Abu Dhabi-Proton Racing;Porsche;
88;0;35;2:05.934;0;;39.571;0;45.805;0;40.558;0;154.7;1:25:08.468;20:55:08.468;0:39.571;0:45.805;0:40.558;231.0;Khaled AL QUBAISI;;LMGTE Am;;Abu Dhabi-Proton Racing;Porsche;
88;0;36;2:05.926;0;;39.996;0;46.230;0;39.700;0;154.7;1:27:14.394;20:57:14.394;0:39.996;0:46.230;0:39.700;239.7;Khaled AL QUBAISI;;LMGTE Am;;Abu Dhabi-Proton Racing;Porsche;
88;0;37;2:07.048;0;;39.623;0;47.455;0;39.970;0;153.4;1:29:21.442;20:59:21.442;0:39.623;0:47.455;0:39.970;231.5;Khaled AL QUBAISI;;LMGTE Am;;Abu Dhabi-Proton Racing;Porsche;
88;0;38;2:06.024;0;;39.539;0;46.457;0;40.028;0;154.6;1:31:27.466;21:01:27.466;0:39.539;0:46.457;0:40.028;234.0;Khaled AL QUBAISI;;LMGTE Am;;Abu Dhabi-Proton Racing;Porsche;
95;0;1;2:59.011;0;;1:33.487;0;44.157;0;41.367;0;108.8;2:59.011;19:32:59.011;1:33.487;0:44.157;0:41.367;147.4;Nicki THIIM;0:00:53.903;LMGTE Pro;;Aston Martin Racing;Aston Martin;
95;0;2;2:00.334;0;;38.280;0;43.909;0;38.145;0;161.9;4:59.345;19:34:59.345;0:38.280;0:43.909;0:38.145;249.7;Nicki THIIM;;LMGTE Pro;;Aston Martin Racing;Aston Martin;
95;0;3;2:00.318;0;;38.210;0;44.074;0;38.034;0;161.9;6:59.663;19:36:59.663;0:38.210;0:44.074;0:38.034;250.8;Nicki THIIM;;LMGTE Pro;;Aston Martin Racing;Aston Martin;
95;0;4;2:00.913;0;;38.067;0;44.296;0;38.550;0;161.1;9:00.576;19:39:00.576;0:38.067;0:44.296;0:38.550;257.4;Nicki THIIM;;LMGTE Pro;;Aston Martin Racing;Aston Martin;
95;0;5;2:04.108;0;B;38.166;0;44.197;0;41.745;0;157.0;11:04.684;19:41:04.684;0:38.166;0:44.197;0:41.745;241.3;Nicki THIIM;;LMGTE Pro;;Aston Martin Racing;Aston Martin;
95;1;6;3:54.764;0;;2:31.897;0;44.577;0;38.290;0;83.0;14:59.448;19:44:59.448;2:31.897;0:44.577;0:38.290;162.5;Marco SØRENSEN;0:01:58.081;LMGTE Pro;;Aston Martin Racing;Aston Martin;
95;1;7;2:01.091;0;;38.493;0;44.307;0;38.291;0;160.9;17:00.539;19:47:00.539;0:38.493;0:44.307;0:38.291;252.0;Marco SØRENSEN;;LMGTE Pro;;Aston Martin Racing;Aston Martin;
95;1;8;2:06.373;0;B;38.388;0;44.440;0;43.545;0;154.2;19:06.912;19:49:06.912;0:38.388;0:44.440;0:43.545;246.8;Marco SØRENSEN;;LMGTE Pro;;Aston Martin Racing;Aston Martin;
95;1;9;3:44.236;0;;2:22.210;0;43.353;0;38.673;0;86.9;22:51.148;19:52:51.148;2:22.210;0:43.353;0:38.673;163.2;Marco SØRENSEN;0:01:49.023;LMGTE Pro;;Aston Martin Racing;Aston Martin;
95;1;10;1:57.226;2;;37.308;2;42.764;2;37.154;2;166.2;24:48.374;19:54:48.374;0:37.308;0:42.764;0:37.154;261.1;Marco SØRENSEN;;LMGTE Pro;;Aston Martin Racing;Aston Martin;
95;1;11;2:48.718;0;B;37.584;0;46.899;0;1:24.235;0;115.5;27:37.092;19:57:37.092;0:37.584;0:46.899;1:24.235;262.4;Marco SØRENSEN;;LMGTE Pro;;Aston Martin Racing;Aston Martin;
95;0;12;3:45.539;0;;2:20.450;0;46.458;0;38.631;0;86.4;31:22.631;20:01:22.631;2:20.450;0:46.458;0:38.631;160.3;Nicki THIIM;0:01:45.674;LMGTE Pro;;Aston Martin Racing;Aston Martin;
95;0;13;1:57.430;0;;37.325;1;42.911;1;37.194;1;165.9;33:20.061;20:03:20.061;0:37.325;0:42.911;0:37.194;259.9;Nicki THIIM;;LMGTE Pro;;Aston Martin Racing;Aston Martin;
95;0;14;2:01.169;0;B;37.371;0;43.072;0;40.726;0;160.8;35:21.230;20:05:21.230;0:37.371;0:43.072;0:40.726;255.6;Nicki THIIM;;LMGTE Pro;;Aston Martin Racing;Aston Martin;
95;0;15;4:04.566;0;;2:43.559;0;43.344;0;37.663;0;79.7;39:25.796;20:09:25.796;2:43.559;0:43.344;0:37.663;134.6;Nicki THIIM;0:02:08.956;LMGTE Pro;;Aston Martin Racing;Aston Martin;
95;0;16;1:59.070;0;;37.949;0;43.389;0;37.732;0;163.6;41:24.866;20:11:24.866;0:37.949;0:43.389;0:37.732;240.3;Nicki THIIM;;LMGTE Pro;;Aston Martin Racing;Aston Martin;
95;0;17;1:59.206;0;;37.923;0;43.503;0;37.780;0;163.4;43:24.072;20:13:24.072;0:37.923;0:43.503;0:37.780;248.5;Nicki THIIM;;LMGTE Pro;;Aston Martin Racing;Aston Martin;
95;0;18;1:59.134;0;;37.844;0;43.356;0;37.934;0;163.5;45:23.206;20:15:23.206;0:37.844;0:43.356;0:37.934;250.3;Nicki THIIM;;LMGTE Pro;;Aston Martin Racing;Aston Martin;
95;0;19;1:59.812;0;;37.886;0;43.502;0;38.424;0;162.6;47:23.018;20:17:23.018;0:37.886;0:43.502;0:38.424;246.8;Nicki THIIM;;LMGTE Pro;;Aston Martin Racing;Aston Martin;
95;0;20;1:59.885;0;;37.967;0;43.767;0;38.151;0;162.5;49:22.903;20:19:22.903;0:37.967;0:43.767;0:38.151;248.0;Nicki THIIM;;LMGTE Pro;;Aston Martin Racing;Aston Martin;
95;0;21;1:59.854;0;;38.049;0;43.783;0;38.022;0;162.6;51:22.757;20:21:22.757;0:38.049;0:43.783;0:38.022;255.0;Nicki THIIM;;LMGTE Pro;;Aston Martin Racing;Aston Martin;
95;0;22;2:00.212;0;;37.965;0;44.239;0;38.008;0;162.1;53:22.969;20:23:22.969;0:37.965;0:44.239;0:38.008;257.4;Nicki THIIM;;LMGTE Pro;;Aston Martin Racing;Aston Martin;
95;0;23;1:59.855;0;;38.023;0;43.801;0;38.031;0;162.6;55:22.824;20:25:22.824;0:38.023;0:43.801;0:38.031;251.4;Nicki THIIM;;LMGTE Pro;;Aston Martin Racing;Aston Martin;
95;0;24;2:00.030;0;;37.992;0;43.932;0;38.106;0;162.3;57:22.854;20:27:22.854;0:37.992;0:43.932;0:38.106;249.7;Nicki THIIM;;LMGTE Pro;;Aston Martin Racing;Aston Martin;
95;0;25;2:00.061;0;;38.060;0;43.850;0;38.151;0;162.3;59:22.915;20:29:22.915;0:38.060;0:43.850;0:38.151;249.1;Nicki THIIM;;LMGTE Pro;;Aston Martin Racing;Aston Martin;
95;0;26;2:01.261;0;;38.318;0;44.763;0;38.180;0;160.7;1:01:24.176;20:31:24.176;0:38.318;0:44.763;0:38.180;250.3;Nicki THIIM;;LMGTE Pro;;Aston Martin Racing;Aston Martin;
95;0;27;2:00.491;0;;38.157;0;44.103;0;38.231;0;161.7;1:03:24.667;20:33:24.667;0:38.157;0:44.103;0:38.231;253.8;Nicki THIIM;;LMGTE Pro;;Aston Martin Racing;Aston Martin;
95;0;28;2:00.222;0;;38.104;0;43.970;0;38.148;0;162.1;1:05:24.889;20:35:24.889;0:38.104;0:43.970;0:38.148;253.8;Nicki THIIM;;LMGTE Pro;;Aston Martin Racing;Aston Martin;
95;0;29;2:00.447;0;;38.150;0;44.084;0;38.213;0;161.8;1:07:25.336;20:37:25.336;0:38.150;0:44.084;0:38.213;255.0;Nicki THIIM;;LMGTE Pro;;Aston Martin Racing;Aston Martin;
95;0;30;2:00.672;0;;38.197;0;44.160;0;38.315;0;161.5;1:09:26.008;20:39:26.008;0:38.197;0:44.160;0:38.315;253.8;Nicki THIIM;;LMGTE Pro;;Aston Martin Racing;Aston Martin;
95;0;31;2:00.260;0;;38.103;0;43.932;0;38.225;0;162.0;1:11:26.268;20:41:26.268;0:38.103;0:43.932;0:38.225;257.4;Nicki THIIM;;LMGTE Pro;;Aston Martin Racing;Aston Martin;
95;0;32;2:00.530;0;;38.118;0;44.032;0;38.380;0;161.6;1:13:26.798;20:43:26.798;0:38.118;0:44.032;0:38.380;255.0;Nicki THIIM;;LMGTE Pro;;Aston Martin Racing;Aston Martin;
95;0;33;2:04.665;0;B;38.279;0;44.553;0;41.833;0;156.3;1:15:31.463;20:45:31.463;0:38.279;0:44.553;0:41.833;251.4;Nicki THIIM;;LMGTE Pro;;Aston Martin Racing;Aston Martin;
95;1;34;3:45.883;0;;2:22.336;0;44.687;0;38.860;0;86.3;1:19:17.346;20:49:17.346;2:22.336;0:44.687;0:38.860;164.2;Marco SØRENSEN;0:01:48.881;LMGTE Pro;;Aston Martin Racing;Aston Martin;
95;1;35;2:01.544;0;;38.488;0;44.605;0;38.451;0;160.3;1:21:18.890;20:51:18.890;0:38.488;0:44.605;0:38.451;249.1;Marco SØRENSEN;;LMGTE Pro;;Aston Martin Racing;Aston Martin;
95;1;36;2:06.377;0;B;38.454;0;44.673;0;43.250;0;154.2;1:23:25.267;20:53:25.267;0:38.454;0:44.673;0:43.250;253.8;Marco SØRENSEN;;LMGTE Pro;;Aston Martin Racing;Aston Martin;
95;1;37;5:50.370;0;;4:24.506;0;46.756;0;39.108;0;55.6;1:29:15.637;20:59:15.637;4:24.506;0:46.756;0:39.108;161.7;Marco SØRENSEN;0:03:49.136;LMGTE Pro;;Aston Martin Racing;Aston Martin;
95;1;38;2:04.789;0;;39.989;0;45.595;0;39.205;0;156.1;1:31:20.426;21:01:20.426;0:39.989;0:45.595;0:39.205;224.3;Marco SØRENSEN;;LMGTE Pro;;Aston Martin Racing;Aston Martin;
97;1;1;2:34.542;0;;1:10.948;0;44.672;0;38.922;0;126.1;2:34.542;19:32:34.542;1:10.948;0:44.672;0:38.922;161.7;Darren TURNER;0:00:34.263;LMGTE Pro;;Aston Martin Racing;Aston Martin;
97;1;2;2:08.219;0;;38.831;0;50.612;0;38.776;0;152.0;4:42.761;19:34:42.761;0:38.831;0:50.612;0:38.776;234.0;Darren TURNER;;LMGTE Pro;;Aston Martin Racing;Aston Martin;
97;1;3;2:01.409;0;;38.693;0;44.387;0;38.329;0;160.5;6:44.170;19:36:44.170;0:38.693;0:44.387;0:38.329;238.7;Darren TURNER;;LMGTE Pro;;Aston Martin Racing;Aston Martin;
97;1;4;2:01.755;0;;38.566;0;44.630;0;38.559;0;160.0;8:45.925;19:38:45.925;0:38.566;0:44.630;0:38.559;234.0;Darren TURNER;;LMGTE Pro;;Aston Martin Racing;Aston Martin;
97;1;5;2:05.146;0;B;38.536;0;44.343;0;42.267;0;155.7;10:51.071;19:40:51.071;0:38.536;0:44.343;0:42.267;236.6;Darren TURNER;;LMGTE Pro;;Aston Martin Racing;Aston Martin;
97;0;6;3:39.361;0;;2:15.585;0;44.652;0;39.124;0;88.8;14:30.432;19:44:30.432;2:15.585;0:44.652;0:39.124;163.9;Jonathan ADAM;0:01:39.804;LMGTE Pro;;Aston Martin Racing;Aston Martin;
97;0;7;2:01.916;0;;38.710;0;44.672;0;38.534;0;159.8;16:32.348;19:46:32.348;0:38.710;0:44.672;0:38.534;250.3;Jonathan ADAM;;LMGTE Pro;;Aston Martin Racing;Aston Martin;
97;0;8;2:06.244;0;B;38.512;0;44.706;0;43.026;0;154.3;18:38.592;19:48:38.592;0:38.512;0:44.706;0:43.026;250.3;Jonathan ADAM;;LMGTE Pro;;Aston Martin Racing;Aston Martin;
97;0;9;3:23.061;0;;1:59.213;0;44.490;0;39.358;0;95.9;22:01.653;19:52:01.653;1:59.213;0:44.490;0:39.358;162.0;Jonathan ADAM;0:01:24.293;LMGTE Pro;;Aston Martin Racing;Aston Martin;
97;0;10;1:59.759;0;;37.719;0;44.090;0;37.950;0;162.7;24:01.412;19:54:01.412;0:37.719;0:44.090;0:37.950;256.2;Jonathan ADAM;;LMGTE Pro;;Aston Martin Racing;Aston Martin;
97;0;11;1:57.594;0;;37.501;1;42.837;1;37.256;1;165.7;25:59.006;19:55:59.006;0:37.501;0:42.837;0:37.256;252.6;Jonathan ADAM;;LMGTE Pro;;Aston Martin Racing;Aston Martin;
97;0;12;2:58.009;0;B;1:08.585;0;1:07.504;0;41.920;0;109.5;28:57.015;19:58:57.015;1:08.585;1:07.504;0:41.920;67.3;Jonathan ADAM;;LMGTE Pro;;Aston Martin Racing;Aston Martin;
97;1;13;3:24.166;0;;1:58.491;0;47.919;0;37.756;0;95.4;32:21.181;20:02:21.181;1:58.491;0:47.919;0:37.756;153.5;Darren TURNER;0:01:23.214;LMGTE Pro;;Aston Martin Racing;Aston Martin;
97;1;14;1:57.233;2;;37.416;2;42.676;2;37.141;2;166.2;34:18.414;20:04:18.414;0:37.416;0:42.676;0:37.141;243.5;Darren TURNER;;LMGTE Pro;;Aston Martin Racing;Aston Martin;
97;1;15;2:03.735;0;B;37.614;0;43.822;0;42.299;0;157.5;36:22.149;20:06:22.149;0:37.614;0:43.822;0:42.299;244.1;Darren TURNER;;LMGTE Pro;;Aston Martin Racing;Aston Martin;
97;1;16;3:09.518;0;;1:47.829;0;43.897;0;37.792;0;102.8;39:31.667;20:09:31.667;1:47.829;0:43.897;0:37.792;130.7;Darren TURNER;0:01:12.505;LMGTE Pro;;Aston Martin Racing;Aston Martin;
97;1;17;1:59.276;0;;38.012;0;43.543;0;37.721;0;163.3;41:30.943;20:11:30.943;0:38.012;0:43.543;0:37.721;243.5;Darren TURNER;;LMGTE Pro;;Aston Martin Racing;Aston Martin;
97;1;18;1:59.153;0;;37.814;0;43.354;0;37.985;0;163.5;43:30.096;20:13:30.096;0:37.814;0:43.354;0:37.985;244.6;Darren TURNER;;LMGTE Pro;;Aston Martin Racing;Aston Martin;
97;1;19;1:59.245;0;;37.921;0;43.392;0;37.932;0;163.4;45:29.341;20:15:29.341;0:37.921;0:43.392;0:37.932;252.0;Darren TURNER;;LMGTE Pro;;Aston Martin Racing;Aston Martin;
97;1;20;1:59.700;0;;37.898;0;43.724;0;38.078;0;162.8;47:29.041;20:17:29.041;0:37.898;0:43.724;0:38.078;246.8;Darren TURNER;;LMGTE Pro;;Aston Martin Racing;Aston Martin;
97;1;21;2:00.393;0;;38.302;0;43.903;0;38.188;0;161.8;49:29.434;20:19:29.434;0:38.302;0:43.903;0:38.188;238.2;Darren TURNER;;LMGTE Pro;;Aston Martin Racing;Aston Martin;
97;1;22;2:00.451;0;;38.295;0;44.204;0;37.952;0;161.8;51:29.885;20:21:29.885;0:38.295;0:44.204;0:37.952;239.7;Darren TURNER;;LMGTE Pro;;Aston Martin Racing;Aston Martin;
97;1;23;1:59.886;0;;38.038;0;43.820;0;38.028;0;162.5;53:29.771;20:23:29.771;0:38.038;0:43.820;0:38.028;248.0;Darren TURNER;;LMGTE Pro;;Aston Martin Racing;Aston Martin;
97;1;24;2:00.055;0;;37.992;0;44.125;0;37.938;0;162.3;55:29.826;20:25:29.826;0:37.992;0:44.125;0:37.938;247.4;Darren TURNER;;LMGTE Pro;;Aston Martin Racing;Aston Martin;
97;1;25;2:00.048;0;;38.025;0;43.931;0;38.092;0;162.3;57:29.874;20:27:29.874;0:38.025;0:43.931;0:38.092;245.7;Darren TURNER;;LMGTE Pro;;Aston Martin Racing;Aston Martin;
97;1;26;2:01.568;0;;38.604;0;44.532;0;38.432;0;160.3;59:31.442;20:29:31.442;0:38.604;0:44.532;0:38.432;237.1;Darren TURNER;;LMGTE Pro;;Aston Martin Racing;Aston Martin;
97;1;27;2:00.452;0;;38.111;0;44.259;0;38.082;0;161.8;1:01:31.894;20:31:31.894;0:38.111;0:44.259;0:38.082;249.1;Darren TURNER;;LMGTE Pro;;Aston Martin Racing;Aston Martin;
97;1;28;2:00.734;0;;38.248;0;44.255;0;38.231;0;161.4;1:03:32.628;20:33:32.628;0:38.248;0:44.255;0:38.231;247.4;Darren TURNER;;LMGTE Pro;;Aston Martin Racing;Aston Martin;
97;1;29;2:00.547;0;;38.181;0;44.145;0;38.221;0;161.6;1:05:33.175;20:35:33.175;0:38.181;0:44.145;0:38.221;247.4;Darren TURNER;;LMGTE Pro;;Aston Martin Racing;Aston Martin;
97;1;30;2:00.630;0;;38.146;0;44.267;0;38.217;0;161.5;1:07:33.805;20:37:33.805;0:38.146;0:44.267;0:38.217;252.6;Darren TURNER;;LMGTE Pro;;Aston Martin Racing;Aston Martin;
97;1;31;2:01.026;0;;38.252;0;44.397;0;38.377;0;161.0;1:09:34.831;20:39:34.831;0:38.252;0:44.397;0:38.377;249.7;Darren TURNER;;LMGTE Pro;;Aston Martin Racing;Aston Martin;
97;1;32;2:00.836;0;;38.148;0;44.237;0;38.451;0;161.2;1:11:35.667;20:41:35.667;0:38.148;0:44.237;0:38.451;245.2;Darren TURNER;;LMGTE Pro;;Aston Martin Racing;Aston Martin;
97;1;33;2:01.149;0;;38.314;0;44.548;0;38.287;0;160.8;1:13:36.816;20:43:36.816;0:38.314;0:44.548;0:38.287;246.3;Darren TURNER;;LMGTE Pro;;Aston Martin Racing;Aston Martin;
97;1;34;2:05.402;0;B;38.349;0;44.418;0;42.635;0;155.4;1:15:42.218;20:45:42.218;0:38.349;0:44.418;0:42.635;249.1;Darren TURNER;;LMGTE Pro;;Aston Martin Racing;Aston Martin;
97;0;35;3:27.902;0;;2:04.648;0;44.548;0;38.706;0;93.7;1:19:10.120;20:49:10.120;2:04.648;0:44.548;0:38.706;165.2;Jonathan ADAM;0:01:30.969;LMGTE Pro;;Aston Martin Racing;Aston Martin;
97;0;36;2:01.374;0;;38.564;0;44.439;0;38.371;0;160.5;1:21:11.494;20:51:11.494;0:38.564;0:44.439;0:38.371;250.3;Jonathan ADAM;;LMGTE Pro;;Aston Martin Racing;Aston Martin;
97;0;37;2:01.698;0;;38.652;0;44.564;0;38.482;0;160.1;1:23:13.192;20:53:13.192;0:38.652;0:44.564;0:38.482;254.4;Jonathan ADAM;;LMGTE Pro;;Aston Martin Racing;Aston Martin;
97;0;38;2:05.383;0;B;38.350;0;44.286;0;42.747;0;155.4;1:25:18.575;20:55:18.575;0:38.350;0:44.286;0:42.747;248.5;Jonathan ADAM;;LMGTE Pro;;Aston Martin Racing;Aston Martin;
97;0;39;2:55.137;0;;1:32.146;0;44.500;0;38.491;0;111.2;1:28:13.712;20:58:13.712;1:32.146;0:44.500;0:38.491;166.2;Jonathan ADAM;0:00:58.448;LMGTE Pro;;Aston Martin Racing;Aston Martin;
97;0;40;2:01.353;0;;38.423;0;44.451;0;38.479;0;160.5;1:30:15.065;21:00:15.065;0:38.423;0:44.451;0:38.479;249.7;Jonathan ADAM;;LMGTE Pro;;Aston Martin Racing;Aston Martin;
98;2;1;2:35.343;0;;1:08.160;0;46.338;0;40.845;0;125.4;2:35.343;19:32:35.343;1:08.160;0:46.338;0:40.845;161.0;Mathias LAUDA;0:00:31.092;LMGTE Am;;Aston Martin Racing;Aston Martin;
98;2;2;2:04.249;0;;39.173;0;45.199;0;39.877;0;156.8;4:39.592;19:34:39.592;0:39.173;0:45.199;0:39.877;240.8;Mathias LAUDA;;LMGTE Am;;Aston Martin Racing;Aston Martin;
98;2;3;2:03.257;0;;39.121;0;45.150;0;38.986;1;158.1;6:42.849;19:36:42.849;0:39.121;0:45.150;0:38.986;247.4;Mathias LAUDA;;LMGTE Am;;Aston Martin Racing;Aston Martin;
98;2;4;2:02.989;0;;39.000;0;44.963;1;39.026;0;158.4;8:45.838;19:38:45.838;0:39.000;0:44.963;0:39.026;249.1;Mathias LAUDA;;LMGTE Am;;Aston Martin Racing;Aston Martin;
98;2;5;2:08.747;0;B;39.572;0;45.489;0;43.686;0;151.3;10:54.585;19:40:54.585;0:39.572;0:45.489;0:43.686;234.5;Mathias LAUDA;;LMGTE Am;;Aston Martin Racing;Aston Martin;
98;0;6;3:45.162;0;;2:16.921;0;48.044;0;40.197;0;86.5;14:39.747;19:44:39.747;2:16.921;0:48.044;0:40.197;149.7;Paul DALLA LANA;0:01:40.581;LMGTE Am;;Aston Martin Racing;Aston Martin;
98;0;7;2:06.299;0;;39.824;0;45.929;0;40.546;0;154.3;16:46.046;19:46:46.046;0:39.824;0:45.929;0:40.546;246.8;Paul DALLA LANA;;LMGTE Am;;Aston Martin Racing;Aston Martin;
98;0;8;2:05.765;0;;39.517;0;45.272;0;40.976;0;154.9;18:51.811;19:48:51.811;0:39.517;0:45.272;0:40.976;241.9;Paul DALLA LANA;;LMGTE Am;;Aston Martin Racing;Aston Martin;
98;0;9;2:04.508;0;;39.828;0;45.402;0;39.278;0;156.5;20:56.319;19:50:56.319;0:39.828;0:45.402;0:39.278;246.3;Paul DALLA LANA;;LMGTE Am;;Aston Martin Racing;Aston Martin;
98;0;10;2:11.714;0;B;39.802;0;45.341;0;46.571;0;147.9;23:08.033;19:53:08.033;0:39.802;0:45.341;0:46.571;244.6;Paul DALLA LANA;;LMGTE Am;;Aston Martin Racing;Aston Martin;
98;1;11;4:48.260;0;;2:21.635;0;1:05.437;0;1:21.188;0;67.6;27:56.293;19:57:56.293;2:21.635;1:05.437;1:21.188;150.9;Pedro LAMY;0:01:46.242;LMGTE Am;;Aston Martin Racing;Aston Martin;
98;1;12;2:13.632;0;;47.062;0;47.140;0;39.430;0;145.8;30:09.925;20:00:09.925;0:47.062;0:47.140;0:39.430;204.5;Pedro LAMY;;LMGTE Am;;Aston Martin Racing;Aston Martin;
98;1;13;2:03.465;0;;39.486;0;44.937;0;39.042;0;157.8;32:13.390;20:02:13.390;0:39.486;0:44.937;0:39.042;240.3;Pedro LAMY;;LMGTE Am;;Aston Martin Racing;Aston Martin;
98;1;14;2:03.682;0;;39.310;0;45.329;0;39.043;0;157.5;34:17.072;20:04:17.072;0:39.310;0:45.329;0:39.043;239.2;Pedro LAMY;;LMGTE Am;;Aston Martin Racing;Aston Martin;
98;1;15;2:10.751;0;B;39.053;0;48.005;0;43.693;0;149.0;36:27.823;20:06:27.823;0:39.053;0:48.005;0:43.693;243.5;Pedro LAMY;;LMGTE Am;;Aston Martin Racing;Aston Martin;
98;1;16;3:33.588;0;;2:07.000;0;45.804;0;40.784;0;91.2;40:01.411;20:10:01.411;2:07.000;0:45.804;0:40.784;162.7;Pedro LAMY;0:01:29.949;LMGTE Am;;Aston Martin Racing;Aston Martin;
98;1;17;1:59.460;2;;38.251;2;43.384;2;37.825;2;163.1;42:00.871;20:12:00.871;0:38.251;0:43.384;0:37.825;247.4;Pedro LAMY;;LMGTE Am;;Aston Martin Racing;Aston Martin;
98;1;18;2:07.929;0;;39.308;0;47.725;0;40.896;0;152.3;44:08.800;20:14:08.800;0:39.308;0:47.725;0:40.896;249.7;Pedro LAMY;;LMGTE Am;;Aston Martin Racing;Aston Martin;
98;1;19;2:04.745;0;B;38.486;0;43.982;0;42.277;0;156.2;46:13.545;20:16:13.545;0:38.486;0:43.982;0:42.277;246.8;Pedro LAMY;;LMGTE Am;;Aston Martin Racing;Aston Martin;
98;0;20;4:09.905;0;;2:41.083;0;49.455;0;39.367;0;78.0;50:23.450;20:20:23.450;2:41.083;0:49.455;0:39.367;154.4;Paul DALLA LANA;0:02:03.295;LMGTE Am;;Aston Martin Racing;Aston Martin;
98;0;21;2:03.214;0;;38.973;0;44.998;0;39.243;0;158.1;52:26.664;20:22:26.664;0:38.973;0:44.998;0:39.243;248.5;Paul DALLA LANA;;LMGTE Am;;Aston Martin Racing;Aston Martin;
98;0;22;2:02.840;0;;39.086;0;44.940;0;38.814;1;158.6;54:29.504;20:24:29.504;0:39.086;0:44.940;0:38.814;249.1;Paul DALLA LANA;;LMGTE Am;;Aston Martin Racing;Aston Martin;
98;0;23;2:03.601;0;;38.894;1;45.709;0;38.998;0;157.6;56:33.105;20:26:33.105;0:38.894;0:45.709;0:38.998;248.5;Paul DALLA LANA;;LMGTE Am;;Aston Martin Racing;Aston Martin;
98;0;24;2:04.091;0;;39.579;0;45.205;0;39.307;0;157.0;58:37.196;20:28:37.196;0:39.579;0:45.205;0:39.307;248.5;Paul DALLA LANA;;LMGTE Am;;Aston Martin Racing;Aston Martin;
98;0;25;2:03.404;0;;39.270;0;44.972;0;39.162;0;157.9;1:00:40.600;20:30:40.600;0:39.270;0:44.972;0:39.162;248.0;Paul DALLA LANA;;LMGTE Am;;Aston Martin Racing;Aston Martin;
98;0;26;2:03.233;0;;39.068;0;44.885;1;39.280;0;158.1;1:02:43.833;20:32:43.833;0:39.068;0:44.885;0:39.280;249.7;Paul DALLA LANA;;LMGTE Am;;Aston Martin Racing;Aston Martin;
98;0;27;2:03.525;0;;39.027;0;45.122;0;39.376;0;157.7;1:04:47.358;20:34:47.358;0:39.027;0:45.122;0:39.376;249.7;Paul DALLA LANA;;LMGTE Am;;Aston Martin Racing;Aston Martin;
98;0;28;2:09.286;0;B;39.378;0;46.102;0;43.806;0;150.7;1:06:56.644;20:36:56.644;0:39.378;0:46.102;0:43.806;250.8;Paul DALLA LANA;;LMGTE Am;;Aston Martin Racing;Aston Martin;
98;2;29;3:45.788;0;;2:20.523;0;46.121;0;39.144;0;86.3;1:10:42.432;20:40:42.432;2:20.523;0:46.121;0:39.144;162.9;Mathias LAUDA;0:01:46.448;LMGTE Am;;Aston Martin Racing;Aston Martin;
98;2;30;2:03.791;0;;39.127;0;45.442;0;39.222;0;157.4;1:12:46.223;20:42:46.223;0:39.127;0:45.442;0:39.222;249.7;Mathias LAUDA;;LMGTE Am;;Aston Martin Racing;Aston Martin;
98;2;31;2:03.183;0;;38.953;0;45.179;0;39.051;0;158.2;1:14:49.406;20:44:49.406;0:38.953;0:45.179;0:39.051;245.7;Mathias LAUDA;;LMGTE Am;;Aston Martin Racing;Aston Martin;
98;2;32;2:03.895;0;;39.341;0;45.297;0;39.257;0;157.3;1:16:53.301;20:46:53.301;0:39.341;0:45.297;0:39.257;249.7;Mathias LAUDA;;LMGTE Am;;Aston Martin Racing;Aston Martin;
98;2;33;2:03.745;0;;39.162;0;45.414;0;39.169;0;157.4;1:18:57.046;20:48:57.046;0:39.162;0:45.414;0:39.169;239.2;Mathias LAUDA;;LMGTE Am;;Aston Martin Racing;Aston Martin;
98;2;34;2:08.079;0;B;39.010;0;45.146;0;43.923;0;152.1;1:21:05.125;20:51:05.125;0:39.010;0:45.146;0:43.923;244.1;Mathias LAUDA;;LMGTE Am;;Aston Martin Racing;Aston Martin;
98;2;35;3:14.316;0;;1:49.013;0;46.104;0;39.199;0;100.3;1:24:19.441;20:54:19.441;1:49.013;0:46.104;0:39.199;164.2;Mathias LAUDA;0:01:14.345;LMGTE Am;;Aston Martin Racing;Aston Martin;
98;2;36;2:04.040;0;;39.011;0;45.685;0;39.344;0;157.1;1:26:23.481;20:56:23.481;0:39.011;0:45.685;0:39.344;245.7;Mathias LAUDA;;LMGTE Am;;Aston Martin Racing;Aston Martin;
98;2;37;2:04.177;0;;38.932;1;45.392;0;39.853;0;156.9;1:28:27.658;20:58:27.658;0:38.932;0:45.392;0:39.853;241.9;Mathias LAUDA;;LMGTE Am;;Aston Martin Racing;Aston Martin;
98;2;38;2:03.519;0;;39.196;0;45.314;0;39.009;0;157.7;1:30:31.177;21:00:31.177;0:39.196;0:45.314;0:39.009;245.7;Mathias LAUDA;;LMGTE Am;;Aston Martin Racing;Aston Martin;
