NUMBER; DRIVER_NUMBER; LAP_NUMBER; LAP_TIME; LAP_IMPROVEMENT; CROSSING_FINISH_LINE_IN_PIT; S1; S1_IMPROVEMENT; S2; S2_IMPROVEMENT; S3; S3_IMPROVEMENT; KPH; ELAPSED; HOUR;S1_LARGE;S2_LARGE;S3_LARGE;TOP_SPEED;DRIVER_NAME;PIT_TIME;CLASS;GROUP;TEAM;MANUFACTURER;
1;1;1;2:26.776;0;;53.075;0;45.885;0;47.816;0;135.3;2:26.776;14:47;0:53.075;0:45.885;0:47.816;231.3;Sébastien BUEMI;0:00:28.833;LMP1;H;Toyota Racing;Toyota;
1;1;2;1:55.159;0;;25.076;0;44.077;0;46.006;0;172.4;4:21.935;14:49;0:25.076;0:44.077;0:46.006;251.7;Sébastien BUEMI;;LMP1;H;Toyota Racing;Toyota;
1;1;3;1:54.512;0;;23.812;0;45.262;0;45.438;0;173.4;6:16.447;14:51;0:23.812;0:45.262;0:45.438;268.0;Sébastien BUEMI;;LMP1;H;Toyota Racing;Toyota;
1;1;4;1:51.279;2;;23.295;2;42.760;0;45.224;0;178.4;8:07.726;14:53;0:23.295;0:42.760;0:45.224;273.4;Sébastien BUEMI;;LMP1;H;Toyota Racing;Toyota;
1;1;5;1:53.434;0;;23.306;0;42.671;2;47.457;0;175.1;10:01.160;14:55;0:23.306;0:42.671;0:47.457;266.0;Sébastien BUEMI;;LMP1;H;Toyota Racing;Toyota;
1;1;6;1:55.925;0;;23.457;0;45.994;0;46.474;0;171.3;11:57.085;14:56;0:23.457;0:45.994;0:46.474;263.4;Sébastien BUEMI;;LMP1;H;Toyota Racing;Toyota;
1;1;7;1:57.722;0;B;24.321;0;45.890;0;47.511;0;168.7;13:54.807;14:58;0:24.321;0:45.890;0:47.511;274.8;Sébastien BUEMI;;LMP1;H;Toyota Racing;Toyota;
1;1;8;10:25.371;0;;8:56.289;0;43.011;0;46.071;0;31.8;24:20.178;15:09;8:56.289;0:43.011;0:46.071;289.5;Sébastien BUEMI;0:08:36.500;LMP1;H;Toyota Racing;Toyota;
1;1;9;1:52.168;0;;23.449;0;43.079;0;45.640;0;177.0;26:12.346;15:11;0:23.449;0:43.079;0:45.640;252.9;Sébastien BUEMI;;LMP1;H;Toyota Racing;Toyota;
1;1;10;1:51.687;0;;23.750;0;42.917;0;45.020;1;177.8;28:04.033;15:13;0:23.750;0:42.917;0:45.020;254.7;Sébastien BUEMI;;LMP1;H;Toyota Racing;Toyota;
1;1;11;1:53.668;0;;23.459;0;43.232;0;46.977;0;174.7;29:57.701;15:14;0:23.459;0:43.232;0:46.977;252.9;Sébastien BUEMI;;LMP1;H;Toyota Racing;Toyota;
1;1;12;2:30.970;0;B;23.701;0;43.502;0;1:23.767;0;131.5;32:28.671;15:17;0:23.701;0:43.502;1:23.767;217.7;Sébastien BUEMI;;LMP1;H;Toyota Racing;Toyota;
1;0;13;9:13.478;0;;7:41.267;0;44.597;0;47.614;0;35.9;41:42.149;15:26;7:41.267;0:44.597;0:47.614;285.7;Anthony DAVIDSON;0:07:19.648;LMP1;H;Toyota Racing;Toyota;
1;0;14;1:54.476;0;;24.132;0;44.239;0;46.105;0;173.5;43:36.625;15:28;0:24.132;0:44.239;0:46.105;282.0;Anthony DAVIDSON;;LMP1;H;Toyota Racing;Toyota;
1;0;15;1:53.780;0;;23.764;0;43.927;0;46.089;0;174.5;45:30.405;15:30;0:23.764;0:43.927;0:46.089;262.1;Anthony DAVIDSON;;LMP1;H;Toyota Racing;Toyota;
1;0;16;1:54.791;0;;23.889;0;45.081;0;45.821;0;173.0;47:25.196;15:32;0:23.889;0:45.081;0:45.821;282.0;Anthony DAVIDSON;;LMP1;H;Toyota Racing;Toyota;
1;0;17;1:53.025;0;;23.490;1;43.473;0;46.062;0;175.7;49:18.221;15:34;0:23.490;0:43.473;0:46.062;263.4;Anthony DAVIDSON;;LMP1;H;Toyota Racing;Toyota;
1;0;18;1:57.351;0;B;23.575;0;43.339;0;50.437;0;169.2;51:15.572;15:36;0:23.575;0:43.339;0:50.437;285.0;Anthony DAVIDSON;;LMP1;H;Toyota Racing;Toyota;
1;0;19;8:08.611;0;;6:36.000;0;46.074;0;46.537;0;40.6;59:24.183;15:44;6:36.000;0:46.074;0:46.537;260.2;Anthony DAVIDSON;0:06:15.615;LMP1;H;Toyota Racing;Toyota;
1;0;20;3:22.774;0;;27.808;0;1:42.736;0;1:12.230;0;97.9;1:02:46.957;15:47;0:27.808;1:42.736;1:12.230;79.5;Anthony DAVIDSON;;LMP1;H;Toyota Racing;Toyota;
1;0;21;1:52.784;0;;24.036;0;43.543;0;45.205;0;176.1;1:04:39.741;15:49;0:24.036;0:43.543;0:45.205;248.8;Anthony DAVIDSON;;LMP1;H;Toyota Racing;Toyota;
1;0;22;1:53.845;0;;24.245;0;44.261;0;45.339;0;174.4;1:06:33.586;15:51;0:24.245;0:44.261;0:45.339;267.3;Anthony DAVIDSON;;LMP1;H;Toyota Racing;Toyota;
1;0;23;1:52.363;0;;23.715;0;43.489;0;45.159;1;176.7;1:08:25.949;15:53;0:23.715;0:43.489;0:45.159;260.9;Anthony DAVIDSON;;LMP1;H;Toyota Racing;Toyota;
1;0;24;1:52.776;0;;23.515;0;43.629;0;45.632;0;176.1;1:10:18.725;15:55;0:23.515;0:43.629;0:45.632;264.1;Anthony DAVIDSON;;LMP1;H;Toyota Racing;Toyota;
1;0;25;1:51.992;0;;23.666;0;42.934;1;45.392;0;177.3;1:12:10.717;15:57;0:23.666;0:42.934;0:45.392;257.1;Anthony DAVIDSON;;LMP1;H;Toyota Racing;Toyota;
1;0;26;1:53.718;0;B;23.832;0;43.796;0;46.090;0;174.6;1:14:04.435;15:59;0:23.832;0:43.796;0:46.090;274.8;Anthony DAVIDSON;;LMP1;H;Toyota Racing;Toyota;
1;2;27;3:41.222;0;;2:06.889;0;47.231;0;47.102;0;89.8;1:17:45.657;16:02;2:06.889;0:47.231;0:47.102;236.8;Kazuki NAKAJIMA;0:01:45.665;LMP1;H;Toyota Racing;Toyota;
1;2;28;1:55.598;0;;24.514;0;45.351;0;45.733;0;171.8;1:19:41.255;16:04;0:24.514;0:45.351;0:45.733;274.1;Kazuki NAKAJIMA;;LMP1;H;Toyota Racing;Toyota;
1;2;29;1:54.227;0;;24.387;0;44.762;0;45.078;0;173.8;1:21:35.482;16:06;0:24.387;0:44.762;0:45.078;286.5;Kazuki NAKAJIMA;;LMP1;H;Toyota Racing;Toyota;
1;2;30;1:52.933;0;;23.906;0;43.818;0;45.209;0;175.8;1:23:28.415;16:08;0:23.906;0:43.818;0:45.209;271.4;Kazuki NAKAJIMA;;LMP1;H;Toyota Racing;Toyota;
1;2;31;1:53.243;0;;23.944;0;43.964;0;45.335;0;175.4;1:25:21.658;16:10;0:23.944;0:43.964;0:45.335;268.0;Kazuki NAKAJIMA;;LMP1;H;Toyota Racing;Toyota;
1;2;32;1:53.457;0;;24.253;0;44.307;0;44.897;2;175.0;1:27:15.115;16:12;0:24.253;0:44.307;0:44.897;288.8;Kazuki NAKAJIMA;;LMP1;H;Toyota Racing;Toyota;
1;2;33;1:53.795;0;;23.671;1;43.669;1;46.455;0;174.5;1:29:08.910;16:14;0:23.671;0:43.669;0:46.455;270.7;Kazuki NAKAJIMA;;LMP1;H;Toyota Racing;Toyota;
1;2;34;1:54.263;0;;23.683;0;44.982;0;45.598;0;173.8;1:31:03.173;16:16;0:23.683;0:44.982;0:45.598;269.3;Kazuki NAKAJIMA;;LMP1;H;Toyota Racing;Toyota;
12;1;1;4:05.280;0;;2:21.164;0;46.411;0;57.705;0;81.0;4:05.280;14:49;2:21.164;0:46.411;0:57.705;269.3;Mathias BECHE;0:01:56.871;LMP1;;Rebellion Racing;Rebellion;
12;1;2;1:56.642;0;;24.910;0;44.832;0;46.900;2;170.2;6:01.922;14:51;0:24.910;0:44.832;0:46.900;289.5;Mathias BECHE;;LMP1;;Rebellion Racing;Rebellion;
12;1;3;1:55.844;2;;24.352;0;44.475;2;47.017;0;171.4;7:57.766;14:52;0:24.352;0:44.475;0:47.017;289.5;Mathias BECHE;;LMP1;;Rebellion Racing;Rebellion;
12;1;4;1:58.819;0;;24.962;0;46.549;0;47.308;0;167.1;9:56.585;14:54;0:24.962;0:46.549;0:47.308;288.8;Mathias BECHE;;LMP1;;Rebellion Racing;Rebellion;
12;1;5;1:58.565;0;;24.935;0;45.655;0;47.975;0;167.5;11:55.150;14:56;0:24.935;0:45.655;0:47.975;290.3;Mathias BECHE;;LMP1;;Rebellion Racing;Rebellion;
12;1;6;2:00.214;0;;25.033;0;47.441;0;47.740;0;165.2;13:55.364;14:58;0:25.033;0:47.441;0:47.740;276.2;Mathias BECHE;;LMP1;;Rebellion Racing;Rebellion;
12;1;7;1:56.583;0;;24.312;0;44.687;0;47.584;0;170.3;15:51.947;15:00;0:24.312;0:44.687;0:47.584;270.0;Mathias BECHE;;LMP1;;Rebellion Racing;Rebellion;
12;1;8;1:57.966;0;;24.445;0;45.683;0;47.838;0;168.3;17:49.913;15:02;0:24.445;0:45.683;0:47.838;288.8;Mathias BECHE;;LMP1;;Rebellion Racing;Rebellion;
12;1;9;1:56.367;0;;24.350;0;44.803;0;47.214;0;170.6;19:46.280;15:04;0:24.350;0:44.803;0:47.214;288.8;Mathias BECHE;;LMP1;;Rebellion Racing;Rebellion;
12;1;10;1:58.781;0;B;24.302;2;44.727;0;49.752;0;167.2;21:45.061;15:06;0:24.302;0:44.727;0:49.752;289.5;Mathias BECHE;;LMP1;;Rebellion Racing;Rebellion;
12;1;11;16:56.071;0;;13:48.891;0;1:42.896;0;1:24.284;0;19.5;38:41.132;15:23;13:48.891;1:42.896;1:24.284;79.5;Mathias BECHE;0:13:08.813;LMP1;;Rebellion Racing;Rebellion;
12;1;12;1:59.917;0;;25.568;0;46.217;0;48.132;0;165.6;40:41.049;15:25;0:25.568;0:46.217;0:48.132;288.0;Mathias BECHE;;LMP1;;Rebellion Racing;Rebellion;
12;1;13;1:57.577;0;;24.426;0;45.316;0;47.835;0;168.9;42:38.626;15:27;0:24.426;0:45.316;0:47.835;288.0;Mathias BECHE;;LMP1;;Rebellion Racing;Rebellion;
12;1;14;1:57.933;0;;25.289;0;45.126;0;47.518;0;168.4;44:36.559;15:29;0:25.289;0:45.126;0:47.518;288.0;Mathias BECHE;;LMP1;;Rebellion Racing;Rebellion;
12;1;15;1:58.036;0;;24.754;0;44.780;0;48.502;0;168.2;46:34.595;15:31;0:24.754;0:44.780;0:48.502;288.0;Mathias BECHE;;LMP1;;Rebellion Racing;Rebellion;
12;1;16;2:00.016;0;;25.505;0;46.528;0;47.983;0;165.5;48:34.611;15:33;0:25.505;0:46.528;0:47.983;289.5;Mathias BECHE;;LMP1;;Rebellion Racing;Rebellion;
12;1;17;1:57.682;0;;24.465;0;45.130;0;48.087;0;168.7;50:32.293;15:35;0:24.465;0:45.130;0:48.087;288.0;Mathias BECHE;;LMP1;;Rebellion Racing;Rebellion;
12;1;18;1:56.240;0;;24.626;0;44.486;0;47.128;0;170.8;52:28.533;15:37;0:24.626;0:44.486;0:47.128;291.1;Mathias BECHE;;LMP1;;Rebellion Racing;Rebellion;
12;1;19;2:01.035;0;B;24.546;0;44.771;0;51.718;0;164.1;54:29.568;15:39;0:24.546;0:44.771;0:51.718;288.8;Mathias BECHE;;LMP1;;Rebellion Racing;Rebellion;
12;0;20;9:14.409;0;;7:04.454;0;1:20.412;0;49.543;0;35.8;1:03:43.977;15:48;7:04.454;1:20.412;0:49.543;224.1;Nicolas PROST;0:06:24.383;LMP1;;Rebellion Racing;Rebellion;
12;0;21;1:59.677;0;;25.219;0;45.765;0;48.693;0;165.9;1:05:43.654;15:50;0:25.219;0:45.765;0:48.693;264.1;Nicolas PROST;;LMP1;;Rebellion Racing;Rebellion;
12;0;22;1:58.688;0;;25.028;0;45.638;0;48.022;0;167.3;1:07:42.342;15:52;0:25.028;0:45.638;0:48.022;276.2;Nicolas PROST;;LMP1;;Rebellion Racing;Rebellion;
12;0;23;1:58.279;0;;24.868;1;45.634;0;47.777;0;167.9;1:09:40.621;15:54;0:24.868;0:45.634;0:47.777;285.0;Nicolas PROST;;LMP1;;Rebellion Racing;Rebellion;
12;0;24;1:57.650;0;;24.919;0;45.094;1;47.637;0;168.8;1:11:38.271;15:56;0:24.919;0:45.094;0:47.637;288.0;Nicolas PROST;;LMP1;;Rebellion Racing;Rebellion;
12;0;25;1:59.757;0;;25.511;0;46.611;0;47.635;0;165.8;1:13:38.028;15:58;0:25.511;0:46.611;0:47.635;283.5;Nicolas PROST;;LMP1;;Rebellion Racing;Rebellion;
12;0;26;1:57.856;0;;24.955;0;45.739;0;47.162;1;168.5;1:15:35.884;16:00;0:24.955;0:45.739;0:47.162;286.5;Nicolas PROST;;LMP1;;Rebellion Racing;Rebellion;
12;0;27;2:01.010;0;B;25.005;0;45.123;0;50.882;0;164.1;1:17:36.894;16:02;0:25.005;0:45.123;0:50.882;293.5;Nicolas PROST;;LMP1;;Rebellion Racing;Rebellion;
12;2;28;3:41.195;0;;2:03.662;0;48.286;0;49.247;0;89.8;1:21:18.089;16:06;2:03.662;0:48.286;0:49.247;267.3;Nick HEIDFELD;0:01:42.210;LMP1;;Rebellion Racing;Rebellion;
12;2;29;2:00.153;0;;24.910;0;45.797;0;49.446;0;165.3;1:23:18.242;16:08;0:24.910;0:45.797;0:49.446;243.8;Nick HEIDFELD;;LMP1;;Rebellion Racing;Rebellion;
12;2;30;2:02.678;0;;25.007;0;46.597;0;51.074;0;161.9;1:25:20.920;16:10;0:25.007;0:46.597;0:51.074;289.5;Nick HEIDFELD;;LMP1;;Rebellion Racing;Rebellion;
12;2;31;1:57.581;0;;24.629;1;45.222;0;47.730;0;168.9;1:27:18.501;16:12;0:24.629;0:45.222;0:47.730;290.3;Nick HEIDFELD;;LMP1;;Rebellion Racing;Rebellion;
12;2;32;1:58.538;0;;24.721;0;45.005;1;48.812;0;167.5;1:29:17.039;16:14;0:24.721;0:45.005;0:48.812;291.9;Nick HEIDFELD;;LMP1;;Rebellion Racing;Rebellion;
12;2;33;1:58.063;0;;24.900;0;45.625;0;47.538;1;168.2;1:31:15.102;16:16;0:24.900;0:45.625;0:47.538;292.7;Nick HEIDFELD;;LMP1;;Rebellion Racing;Rebellion;
13;0;1;2:56.337;0;B;1:08.742;0;49.978;0;57.617;0;112.6;2:56.337;14:47;1:08.742;0:49.978;0:57.617;237.4;Alexandre IMPERATORI;0:00:42.021;LMP1;;Rebellion Racing;Rebellion;
13;0;2;5:00.041;0;;3:24.879;0;45.998;0;49.164;0;66.2;7:56.378;14:52;3:24.879;0:45.998;0:49.164;247.7;Alexandre IMPERATORI;0:03:02.214;LMP1;;Rebellion Racing;Rebellion;
13;0;3;2:01.835;0;;25.630;0;47.661;0;48.544;0;163.0;9:58.213;14:54;0:25.630;0:47.661;0:48.544;268.0;Alexandre IMPERATORI;;LMP1;;Rebellion Racing;Rebellion;
13;0;4;2:01.481;0;;25.086;0;47.128;0;49.267;0;163.5;11:59.694;14:56;0:25.086;0:47.128;0:49.267;274.1;Alexandre IMPERATORI;;LMP1;;Rebellion Racing;Rebellion;
13;0;5;2:03.797;0;;24.993;1;47.391;0;51.413;0;160.4;14:03.491;14:59;0:24.993;0:47.391;0:51.413;237.9;Alexandre IMPERATORI;;LMP1;;Rebellion Racing;Rebellion;
13;0;6;1:58.862;2;;25.012;0;46.170;0;47.680;2;167.1;16:02.353;15:01;0:25.012;0:46.170;0:47.680;279.8;Alexandre IMPERATORI;;LMP1;;Rebellion Racing;Rebellion;
13;0;7;2:12.512;0;B;25.107;0;45.314;0;1:02.091;0;149.9;18:14.865;15:03;0:25.107;0:45.314;1:02.091;290.3;Alexandre IMPERATORI;;LMP1;;Rebellion Racing;Rebellion;
13;0;8;16:30.501;0;;13:22.447;0;1:42.471;0;1:25.583;0;20.0;34:45.366;15:19;13:22.447;1:42.471;1:25.583;79.8;Alexandre IMPERATORI;0:12:42.808;LMP1;;Rebellion Racing;Rebellion;
13;0;9;3:58.702;0;;58.599;0;1:42.480;0;1:17.623;0;83.2;38:44.068;15:23;0:58.599;1:42.480;1:17.623;79.8;Alexandre IMPERATORI;;LMP1;;Rebellion Racing;Rebellion;
13;0;10;2:01.481;0;;25.792;0;46.981;0;48.708;0;163.5;40:45.549;15:25;0:25.792;0:46.981;0:48.708;259.0;Alexandre IMPERATORI;;LMP1;;Rebellion Racing;Rebellion;
13;0;11;2:00.681;0;;25.082;0;46.602;0;48.997;0;164.5;42:46.230;15:27;0:25.082;0:46.602;0:48.997;281.2;Alexandre IMPERATORI;;LMP1;;Rebellion Racing;Rebellion;
13;0;12;2:01.533;0;B;25.530;0;45.141;2;50.862;0;163.4;44:47.763;15:29;0:25.530;0:45.141;0:50.862;288.8;Alexandre IMPERATORI;;LMP1;;Rebellion Racing;Rebellion;
13;2;13;10:04.205;0;;8:24.602;0;49.579;0;50.024;0;32.9;54:51.968;15:39;8:24.602;0:49.579;0:50.024;227.8;Daniel ABT;0:07:57.113;LMP1;;Rebellion Racing;Rebellion;
13;2;14;2:00.972;0;;26.005;0;46.096;0;48.871;0;164.2;56:52.940;15:41;0:26.005;0:46.096;0:48.871;288.0;Daniel ABT;;LMP1;;Rebellion Racing;Rebellion;
13;2;15;2:03.575;0;;27.063;0;48.016;0;48.496;0;160.7;58:56.515;15:43;0:27.063;0:48.016;0:48.496;288.0;Daniel ABT;;LMP1;;Rebellion Racing;Rebellion;
13;2;16;3:04.404;0;B;25.460;0;1:13.186;0;1:25.758;0;107.7;1:02:00.919;15:47;0:25.460;1:13.186;1:25.758;79.9;Daniel ABT;;LMP1;;Rebellion Racing;Rebellion;
13;2;17;8:44.493;0;;7:06.608;0;48.369;0;49.516;0;37.9;1:10:45.412;15:55;7:06.608;0:48.369;0:49.516;263.4;Daniel ABT;0:06:33.219;LMP1;;Rebellion Racing;Rebellion;
13;2;18;2:00.118;0;;25.072;0;46.582;0;48.464;0;165.3;1:12:45.530;15:57;0:25.072;0:46.582;0:48.464;291.1;Daniel ABT;;LMP1;;Rebellion Racing;Rebellion;
13;2;19;2:00.254;0;;25.781;0;46.599;0;47.874;1;165.1;1:14:45.784;15:59;0:25.781;0:46.599;0:47.874;291.9;Daniel ABT;;LMP1;;Rebellion Racing;Rebellion;
13;2;20;1:59.435;0;;24.879;2;46.301;0;48.255;0;166.3;1:16:45.219;16:01;0:24.879;0:46.301;0:48.255;291.1;Daniel ABT;;LMP1;;Rebellion Racing;Rebellion;
13;2;21;1:58.939;0;;25.207;0;45.722;0;48.010;0;167.0;1:18:44.158;16:03;0:25.207;0:45.722;0:48.010;291.9;Daniel ABT;;LMP1;;Rebellion Racing;Rebellion;
13;2;22;1:58.928;0;;25.040;0;45.482;1;48.406;0;167.0;1:20:43.086;16:05;0:25.040;0:45.482;0:48.406;287.2;Daniel ABT;;LMP1;;Rebellion Racing;Rebellion;
13;2;23;2:10.407;0;B;26.027;0;50.580;0;53.800;0;152.3;1:22:53.493;16:07;0:26.027;0:50.580;0:53.800;224.5;Daniel ABT;;LMP1;;Rebellion Racing;Rebellion;
17;2;1;2:35.906;0;B;45.507;0;51.470;0;58.929;0;127.4;2:35.906;14:47;0:45.507;0:51.470;0:58.929;181.5;Brendon HARTLEY;0:00:19.370;LMP1;H;Porsche Team;Porsche;
17;2;2;5:32.497;0;;4:05.381;0;41.530;0;45.586;0;59.7;8:08.403;14:53;4:05.381;0:41.530;0:45.586;247.1;Brendon HARTLEY;0:03:45.297;LMP1;H;Porsche Team;Porsche;
17;2;3;1:51.945;0;;23.330;0;41.677;0;46.938;0;177.4;10:00.348;14:55;0:23.330;0:41.677;0:46.938;285.7;Brendon HARTLEY;;LMP1;H;Porsche Team;Porsche;
17;2;4;1:54.709;0;;23.413;0;43.863;0;47.433;0;173.1;11:55.057;14:56;0:23.413;0:43.863;0:47.433;289.5;Brendon HARTLEY;;LMP1;H;Porsche Team;Porsche;
17;2;5;1:52.047;0;;24.212;0;43.015;0;44.820;0;177.2;13:47.104;14:58;0:24.212;0:43.015;0:44.820;287.2;Brendon HARTLEY;;LMP1;H;Porsche Team;Porsche;
17;2;6;1:49.896;0;;23.226;0;41.663;0;45.007;0;180.7;15:37.000;15:00;0:23.226;0:41.663;0:45.007;280.5;Brendon HARTLEY;;LMP1;H;Porsche Team;Porsche;
17;2;7;1:48.599;0;;23.192;0;40.857;0;44.550;0;182.9;17:25.599;15:02;0:23.192;0:40.857;0:44.550;270.7;Brendon HARTLEY;;LMP1;H;Porsche Team;Porsche;
17;2;8;1:48.034;0;;23.135;0;40.704;0;44.195;1;183.8;19:13.633;15:04;0:23.135;0:40.704;0:44.195;271.4;Brendon HARTLEY;;LMP1;H;Porsche Team;Porsche;
17;2;9;1:51.878;0;;23.349;0;41.923;0;46.606;0;177.5;21:05.511;15:06;0:23.349;0:41.923;0:46.606;272.0;Brendon HARTLEY;;LMP1;H;Porsche Team;Porsche;
17;2;10;1:49.223;0;;23.055;0;41.009;0;45.159;0;181.8;22:54.734;15:07;0:23.055;0:41.009;0:45.159;273.4;Brendon HARTLEY;;LMP1;H;Porsche Team;Porsche;
17;2;11;1:51.242;0;B;22.985;1;40.556;3;47.701;0;178.5;24:45.976;15:09;0:22.985;0:40.556;0:47.701;280.5;Brendon HARTLEY;;LMP1;H;Porsche Team;Porsche;
17;1;12;5:31.423;0;;4:03.423;0;41.847;0;46.153;0;59.9;30:17.399;15:15;4:03.423;0:41.847;0:46.153;282.0;Mark WEBBER;0:03:43.650;LMP1;H;Porsche Team;Porsche;
17;1;13;3:01.070;0;;23.161;0;1:12.701;0;1:25.208;0;109.7;33:18.469;15:18;0:23.161;1:12.701;1:25.208;79.6;Mark WEBBER;;LMP1;H;Porsche Team;Porsche;
17;1;14;4:05.207;0;B;58.677;0;1:42.218;0;1:24.312;0;81.0;37:23.676;15:22;0:58.677;1:42.218;1:24.312;79.6;Mark WEBBER;;LMP1;H;Porsche Team;Porsche;
17;1;15;3:57.336;0;;2:29.903;0;42.467;0;44.966;0;83.7;41:21.012;15:26;2:29.903;0:42.467;0:44.966;281.2;Mark WEBBER;0:02:08.261;LMP1;H;Porsche Team;Porsche;
17;1;16;1:52.401;0;;23.248;0;41.158;0;47.995;0;176.7;43:13.413;15:28;0:23.248;0:41.158;0:47.995;274.1;Mark WEBBER;;LMP1;H;Porsche Team;Porsche;
17;1;17;1:52.745;0;B;23.114;0;43.276;0;46.355;0;176.1;45:06.158;15:30;0:23.114;0:43.276;0:46.355;287.2;Mark WEBBER;;LMP1;H;Porsche Team;Porsche;
17;1;18;2:45.677;0;;1:16.600;0;43.280;0;45.797;0;119.9;47:51.835;15:32;1:16.600;0:43.280;0:45.797;284.2;Mark WEBBER;0:00:57.607;LMP1;H;Porsche Team;Porsche;
17;1;19;1:49.583;0;;22.925;0;41.572;0;45.086;0;181.2;49:41.418;15:34;0:22.925;0:41.572;0:45.086;270.0;Mark WEBBER;;LMP1;H;Porsche Team;Porsche;
17;1;20;1:47.532;0;;22.876;2;40.949;0;43.707;0;184.7;51:28.950;15:36;0:22.876;0:40.949;0:43.707;274.1;Mark WEBBER;;LMP1;H;Porsche Team;Porsche;
17;1;21;1:47.691;0;;23.212;0;40.661;1;43.818;0;184.4;53:16.641;15:38;0:23.212;0:40.661;0:43.818;274.1;Mark WEBBER;;LMP1;H;Porsche Team;Porsche;
17;1;22;1:47.514;2;;23.117;0;40.733;0;43.664;2;184.7;55:04.155;15:40;0:23.117;0:40.733;0:43.664;276.9;Mark WEBBER;;LMP1;H;Porsche Team;Porsche;
17;1;23;1:50.828;0;;23.066;0;42.253;0;45.509;0;179.2;56:54.983;15:41;0:23.066;0:42.253;0:45.509;274.1;Mark WEBBER;;LMP1;H;Porsche Team;Porsche;
17;1;24;2:08.889;0;B;23.988;0;41.910;0;1:02.991;0;154.1;59:03.872;15:44;0:23.988;0:41.910;1:02.991;291.1;Mark WEBBER;;LMP1;H;Porsche Team;Porsche;
18;2;1;2:33.065;0;B;44.647;0;51.689;0;56.729;0;129.7;2:33.065;14:47;0:44.647;0:51.689;0:56.729;182.1;Marc LIEB;0:00:17.429;LMP1;H;Porsche Team;Porsche;
18;2;2;9:31.267;0;;8:00.189;0;43.472;0;47.606;0;34.8;12:04.332;14:57;8:00.189;0:43.472;0:47.606;265.4;Marc LIEB;0:07:38.941;LMP1;H;Porsche Team;Porsche;
18;2;3;1:54.988;0;;23.581;0;43.545;0;47.862;0;172.7;13:59.320;14:58;0:23.581;0:43.545;0:47.862;276.9;Marc LIEB;;LMP1;H;Porsche Team;Porsche;
18;2;4;1:49.300;0;;23.463;0;41.403;0;44.434;0;181.7;15:48.620;15:00;0:23.463;0:41.403;0:44.434;274.8;Marc LIEB;;LMP1;H;Porsche Team;Porsche;
18;2;5;1:49.185;0;;23.619;0;41.078;1;44.488;0;181.9;17:37.805;15:02;0:23.619;0:41.078;0:44.488;276.2;Marc LIEB;;LMP1;H;Porsche Team;Porsche;
18;2;6;1:48.625;0;;23.302;0;41.103;0;44.220;1;182.8;19:26.430;15:04;0:23.302;0:41.103;0:44.220;272.7;Marc LIEB;;LMP1;H;Porsche Team;Porsche;
18;2;7;1:48.887;0;;22.943;1;41.345;0;44.599;0;182.4;21:15.317;15:06;0:22.943;0:41.345;0:44.599;263.4;Marc LIEB;;LMP1;H;Porsche Team;Porsche;
18;2;8;1:49.742;0;;23.166;0;42.095;0;44.481;0;180.9;23:05.059;15:08;0:23.166;0:42.095;0:44.481;264.1;Marc LIEB;;LMP1;H;Porsche Team;Porsche;
18;2;9;1:48.694;0;;22.972;0;41.249;0;44.473;0;182.7;24:53.753;15:09;0:22.972;0:41.249;0:44.473;269.3;Marc LIEB;;LMP1;H;Porsche Team;Porsche;
18;2;10;1:50.711;0;B;23.077;0;41.148;0;46.486;0;179.4;26:44.464;15:11;0:23.077;0:41.148;0:46.486;279.1;Marc LIEB;;LMP1;H;Porsche Team;Porsche;
18;1;11;14:09.225;0;;12:41.028;0;42.695;0;45.502;0;23.4;40:53.689;15:25;12:41.028;0:42.695;0:45.502;256.5;Neel JANI;0:12:20.717;LMP1;H;Porsche Team;Porsche;
18;1;12;1:53.049;0;;24.059;0;41.953;0;47.037;0;175.7;42:46.738;15:27;0:24.059;0:41.953;0:47.037;268.7;Neel JANI;;LMP1;H;Porsche Team;Porsche;
18;1;13;1:49.854;0;;23.547;0;41.471;0;44.836;0;180.8;44:36.592;15:29;0:23.547;0:41.471;0:44.836;266.0;Neel JANI;;LMP1;H;Porsche Team;Porsche;
18;1;14;1:49.923;0;;23.243;0;41.596;0;45.084;0;180.7;46:26.515;15:31;0:23.243;0:41.596;0:45.084;268.0;Neel JANI;;LMP1;H;Porsche Team;Porsche;
18;1;15;1:50.176;0;;23.127;0;42.233;0;44.816;1;180.2;48:16.691;15:33;0:23.127;0:42.233;0:44.816;268.0;Neel JANI;;LMP1;H;Porsche Team;Porsche;
18;1;16;1:48.972;0;;23.021;1;41.010;1;44.941;0;182.2;50:05.663;15:35;0:23.021;0:41.010;0:44.941;265.4;Neel JANI;;LMP1;H;Porsche Team;Porsche;
18;1;17;1:52.758;0;B;23.026;0;41.421;0;48.311;0;176.1;51:58.421;15:36;0:23.026;0:41.421;0:48.311;272.7;Neel JANI;;LMP1;H;Porsche Team;Porsche;
18;0;18;3:27.353;0;;1:58.653;0;42.932;0;45.768;0;95.8;55:25.774;15:40;1:58.653;0:42.932;0:45.768;283.5;Romain DUMAS;0:01:38.468;LMP1;H;Porsche Team;Porsche;
18;0;19;1:52.852;0;;23.702;0;43.839;0;45.311;0;176.0;57:18.626;15:42;0:23.702;0:43.839;0:45.311;287.2;Romain DUMAS;;LMP1;H;Porsche Team;Porsche;
18;0;20;1:50.528;0;;23.310;0;41.767;0;45.451;0;179.7;59:09.154;15:44;0:23.310;0:41.767;0:45.451;267.3;Romain DUMAS;;LMP1;H;Porsche Team;Porsche;
18;0;21;3:15.670;0;B;23.431;0;1:27.063;0;1:25.176;0;101.5;1:02:24.824;15:47;0:23.431;1:27.063;1:25.176;79.6;Romain DUMAS;;LMP1;H;Porsche Team;Porsche;
18;0;22;5:08.799;0;;3:36.307;0;43.958;0;48.534;0;64.3;1:07:33.623;15:52;3:36.307;0:43.958;0:48.534;285.0;Romain DUMAS;0:03:15.276;LMP1;H;Porsche Team;Porsche;
18;0;23;1:47.834;0;;22.901;0;41.103;0;43.830;0;184.1;1:09:21.457;15:54;0:22.901;0:41.103;0:43.830;268.0;Romain DUMAS;;LMP1;H;Porsche Team;Porsche;
18;0;24;1:53.900;0;;24.472;0;45.557;0;43.871;0;174.3;1:11:15.357;15:56;0:24.472;0:45.557;0:43.871;286.5;Romain DUMAS;;LMP1;H;Porsche Team;Porsche;
18;0;25;1:47.769;0;;23.252;0;41.042;0;43.475;0;184.3;1:13:03.126;15:58;0:23.252;0:41.042;0:43.475;268.7;Romain DUMAS;;LMP1;H;Porsche Team;Porsche;
18;0;26;1:47.425;0;;23.093;0;40.583;2;43.749;0;184.9;1:14:50.551;15:59;0:23.093;0:40.583;0:43.749;269.3;Romain DUMAS;;LMP1;H;Porsche Team;Porsche;
18;0;27;1:52.258;0;B;22.890;0;41.375;0;47.993;0;176.9;1:16:42.809;16:01;0:22.890;0:41.375;0:47.993;292.7;Romain DUMAS;;LMP1;H;Porsche Team;Porsche;
18;0;28;2:54.433;0;;1:25.764;0;41.616;0;47.053;0;113.8;1:19:37.242;16:04;1:25.764;0:41.616;0:47.053;284.2;Romain DUMAS;0:01:07.391;LMP1;H;Porsche Team;Porsche;
18;0;29;1:47.231;3;;22.823;3;40.965;0;43.443;3;185.2;1:21:24.473;16:06;0:22.823;0:40.965;0:43.443;264.1;Romain DUMAS;;LMP1;H;Porsche Team;Porsche;
18;0;30;1:50.741;0;;23.040;0;40.710;0;46.991;0;179.3;1:23:15.214;16:08;0:23.040;0:40.710;0:46.991;265.4;Romain DUMAS;;LMP1;H;Porsche Team;Porsche;
18;0;31;1:48.634;0;;23.002;0;41.770;0;43.862;0;182.8;1:25:03.848;16:10;0:23.002;0:41.770;0:43.862;263.4;Romain DUMAS;;LMP1;H;Porsche Team;Porsche;
18;0;32;1:50.416;0;;23.206;0;41.520;0;45.690;0;179.8;1:26:54.264;16:11;0:23.206;0:41.520;0:45.690;273.4;Romain DUMAS;;LMP1;H;Porsche Team;Porsche;
18;0;33;1:47.234;0;;22.872;0;40.725;0;43.637;0;185.2;1:28:41.498;16:13;0:22.872;0:40.725;0:43.637;267.3;Romain DUMAS;;LMP1;H;Porsche Team;Porsche;
18;0;34;1:48.706;0;;23.381;0;41.517;0;43.808;0;182.7;1:30:30.204;16:15;0:23.381;0:41.517;0:43.808;267.3;Romain DUMAS;;LMP1;H;Porsche Team;Porsche;
2;2;1;2:30.911;0;;56.698;0;45.673;0;48.540;0;131.6;2:30.911;14:47;0:56.698;0:45.673;0:48.540;214.3;Mike CONWAY;0:00:33.256;LMP1;H;Toyota Racing;Toyota;
2;2;2;1:55.339;0;;24.854;0;44.471;0;46.014;0;172.2;4:26.250;14:49;0:24.854;0:44.471;0:46.014;234.8;Mike CONWAY;;LMP1;H;Toyota Racing;Toyota;
2;2;3;1:54.319;0;;24.251;0;43.799;0;46.269;0;173.7;6:20.569;14:51;0:24.251;0:43.799;0:46.269;218.2;Mike CONWAY;;LMP1;H;Toyota Racing;Toyota;
2;2;4;1:54.285;0;;23.635;0;43.986;0;46.664;0;173.8;8:14.854;14:53;0:23.635;0:43.986;0:46.664;217.7;Mike CONWAY;;LMP1;H;Toyota Racing;Toyota;
2;2;5;1:57.264;0;;26.876;0;43.855;0;46.533;0;169.3;10:12.118;14:55;0:26.876;0:43.855;0:46.533;250.6;Mike CONWAY;;LMP1;H;Toyota Racing;Toyota;
2;2;6;1:53.303;0;;23.589;0;44.023;0;45.691;0;175.3;12:05.421;14:57;0:23.589;0:44.023;0:45.691;262.1;Mike CONWAY;;LMP1;H;Toyota Racing;Toyota;
2;2;7;1:56.155;0;B;23.316;2;43.674;0;49.165;0;171.0;14:01.576;14:59;0:23.316;0:43.674;0:49.165;242.7;Mike CONWAY;;LMP1;H;Toyota Racing;Toyota;
2;2;8;9:17.289;0;;7:47.402;0;43.750;0;46.137;0;35.6;23:18.865;15:08;7:47.402;0:43.750;0:46.137;284.2;Mike CONWAY;0:07:27.801;LMP1;H;Toyota Racing;Toyota;
2;2;9;1:53.017;0;;23.492;0;43.373;0;46.152;0;175.7;25:11.882;15:10;0:23.492;0:43.373;0:46.152;256.5;Mike CONWAY;;LMP1;H;Toyota Racing;Toyota;
2;2;10;1:52.180;2;;23.727;0;43.363;0;45.090;1;177.0;27:04.062;15:12;0:23.727;0:43.363;0:45.090;262.8;Mike CONWAY;;LMP1;H;Toyota Racing;Toyota;
2;2;11;1:52.369;0;;23.679;0;43.048;2;45.642;0;176.7;28:56.431;15:13;0:23.679;0:43.048;0:45.642;259.6;Mike CONWAY;;LMP1;H;Toyota Racing;Toyota;
2;2;12;2:03.936;0;B;25.467;0;47.217;0;51.252;0;160.2;31:00.367;15:16;0:25.467;0:47.217;0:51.252;276.2;Mike CONWAY;;LMP1;H;Toyota Racing;Toyota;
2;1;13;14:01.045;0;;12:29.309;0;44.340;0;47.396;0;23.6;45:01.412;15:30;12:29.309;0:44.340;0:47.396;264.7;Stéphane SARRAZIN;0:12:09.130;LMP1;H;Toyota Racing;Toyota;
2;1;14;1:54.193;0;;23.844;0;44.378;0;45.971;0;173.9;46:55.605;15:31;0:23.844;0:44.378;0:45.971;256.5;Stéphane SARRAZIN;;LMP1;H;Toyota Racing;Toyota;
2;1;15;1:53.626;0;;23.740;1;43.587;1;46.299;0;174.8;48:49.231;15:33;0:23.740;0:43.587;0:46.299;266.7;Stéphane SARRAZIN;;LMP1;H;Toyota Racing;Toyota;
2;1;16;1:55.876;0;;24.323;0;45.572;0;45.981;0;171.4;50:45.107;15:35;0:24.323;0:45.572;0:45.981;267.3;Stéphane SARRAZIN;;LMP1;H;Toyota Racing;Toyota;
2;1;17;1:54.888;0;;24.611;0;44.667;0;45.610;1;172.8;52:39.995;15:37;0:24.611;0:44.667;0:45.610;265.4;Stéphane SARRAZIN;;LMP1;H;Toyota Racing;Toyota;
2;1;18;1:53.125;0;;23.819;0;43.589;0;45.717;0;175.5;54:33.120;15:39;0:23.819;0:43.589;0:45.717;264.1;Stéphane SARRAZIN;;LMP1;H;Toyota Racing;Toyota;
2;1;19;1:54.545;0;;24.089;0;44.593;0;45.863;0;173.4;56:27.665;15:41;0:24.089;0:44.593;0:45.863;259.6;Stéphane SARRAZIN;;LMP1;H;Toyota Racing;Toyota;
2;1;20;1:53.490;0;;23.760;0;43.919;0;45.811;0;175.0;58:21.155;15:43;0:23.760;0:43.919;0:45.811;266.0;Stéphane SARRAZIN;;LMP1;H;Toyota Racing;Toyota;
2;1;21;2:24.256;0;B;23.932;0;46.014;0;1:14.310;0;137.7;1:00:45.411;15:45;0:23.932;0:46.014;1:14.310;276.9;Stéphane SARRAZIN;;LMP1;H;Toyota Racing;Toyota;
2;0;22;7:34.369;0;;6:01.606;0;44.785;0;47.978;0;43.7;1:08:19.780;15:53;6:01.606;0:44.785;0:47.978;261.5;Alexander WURZ;0:05:39.710;LMP1;H;Toyota Racing;Toyota;
2;0;23;1:55.177;0;;24.145;0;44.355;0;46.677;0;172.4;1:10:14.957;15:55;0:24.145;0:44.355;0:46.677;257.8;Alexander WURZ;;LMP1;H;Toyota Racing;Toyota;
2;0;24;1:54.053;0;;23.863;0;44.250;0;45.940;0;174.1;1:12:09.010;15:57;0:23.863;0:44.250;0:45.940;274.1;Alexander WURZ;;LMP1;H;Toyota Racing;Toyota;
2;0;25;1:58.239;0;;24.230;0;44.610;0;49.399;0;167.9;1:14:07.249;15:59;0:24.230;0:44.610;0:49.399;258.4;Alexander WURZ;;LMP1;H;Toyota Racing;Toyota;
2;0;26;1:54.266;0;;23.734;0;43.695;0;46.837;0;173.8;1:16:01.515;16:01;0:23.734;0:43.695;0:46.837;256.5;Alexander WURZ;;LMP1;H;Toyota Racing;Toyota;
2;0;27;1:54.072;0;;23.900;0;43.909;0;46.263;0;174.1;1:17:55.587;16:02;0:23.900;0:43.909;0:46.263;257.1;Alexander WURZ;;LMP1;H;Toyota Racing;Toyota;
2;0;28;1:53.711;0;;23.819;0;43.999;0;45.893;0;174.6;1:19:49.298;16:04;0:23.819;0:43.999;0:45.893;255.3;Alexander WURZ;;LMP1;H;Toyota Racing;Toyota;
2;0;29;1:53.112;0;;23.791;0;44.038;0;45.283;0;175.6;1:21:42.410;16:06;0:23.791;0:44.038;0:45.283;258.4;Alexander WURZ;;LMP1;H;Toyota Racing;Toyota;
2;0;30;1:52.955;0;;23.785;0;43.831;0;45.339;0;175.8;1:23:35.365;16:08;0:23.785;0:43.831;0:45.339;238.9;Alexander WURZ;;LMP1;H;Toyota Racing;Toyota;
2;0;31;2:31.611;0;;23.928;0;1:21.507;0;46.176;0;131.0;1:26:06.976;16:11;0:23.928;1:21.507;0:46.176;253.5;Alexander WURZ;;LMP1;H;Toyota Racing;Toyota;
2;0;32;1:52.559;0;;23.975;0;43.523;1;45.061;2;176.4;1:27:59.535;16:12;0:23.975;0:43.523;0:45.061;260.2;Alexander WURZ;;LMP1;H;Toyota Racing;Toyota;
2;0;33;1:54.664;0;;23.640;1;43.863;0;47.161;0;173.2;1:29:54.199;16:14;0:23.640;0:43.863;0:47.161;260.2;Alexander WURZ;;LMP1;H;Toyota Racing;Toyota;
2;0;34;1:54.621;0;;23.809;0;44.418;0;46.394;0;173.2;1:31:48.820;16:16;0:23.809;0:44.418;0:46.394;259.0;Alexander WURZ;;LMP1;H;Toyota Racing;Toyota;
26;0;1;3:07.482;0;B;1:20.805;0;52.004;0;54.673;0;105.9;3:07.482;14:48;1:20.805;0:52.004;0:54.673;220.4;Roman RUSINOV;0:00:54.095;LMP2;;G-Drive Racing;Ligier;
26;0;2;5:57.458;0;;4:22.319;0;47.383;0;47.756;0;55.6;9:04.940;14:54;4:22.319;0:47.383;0:47.756;248.8;Roman RUSINOV;0:04:01.502;LMP2;;G-Drive Racing;Ligier;
26;0;3;1:59.618;2;;26.120;2;46.344;1;47.154;1;166.0;11:04.558;14:56;0:26.120;0:46.344;0:47.154;251.2;Roman RUSINOV;;LMP2;;G-Drive Racing;Ligier;
26;0;4;2:00.684;0;;26.272;0;47.177;0;47.235;0;164.5;13:05.242;14:58;0:26.272;0:47.177;0:47.235;250.6;Roman RUSINOV;;LMP2;;G-Drive Racing;Ligier;
26;0;5;2:00.171;0;;26.195;0;46.473;0;47.503;0;165.2;15:05.413;15:00;0:26.195;0:46.473;0:47.503;252.9;Roman RUSINOV;;LMP2;;G-Drive Racing;Ligier;
26;0;6;2:00.415;0;;26.242;0;46.796;0;47.377;0;164.9;17:05.828;15:02;0:26.242;0:46.796;0:47.377;252.3;Roman RUSINOV;;LMP2;;G-Drive Racing;Ligier;
26;0;7;2:01.245;0;B;26.281;0;46.400;0;48.564;0;163.8;19:07.073;15:04;0:26.281;0:46.400;0:48.564;252.3;Roman RUSINOV;;LMP2;;G-Drive Racing;Ligier;
26;2;8;27:52.311;0;;26:13.464;0;49.401;0;49.446;0;11.9;46:59.384;15:31;26:13.464;0:49.401;0:49.446;227.8;Sam BIRD;0:25:50.362;LMP2;;G-Drive Racing;Ligier;
26;2;9;2:03.075;0;;27.022;0;47.674;0;48.379;0;161.3;49:02.459;15:34;0:27.022;0:47.674;0:48.379;248.3;Sam BIRD;;LMP2;;G-Drive Racing;Ligier;
26;2;10;2:00.383;0;;26.384;0;46.340;0;47.659;0;165.0;51:02.842;15:36;0:26.384;0:46.340;0:47.659;251.2;Sam BIRD;;LMP2;;G-Drive Racing;Ligier;
26;2;11;2:01.271;0;;26.963;0;46.404;0;47.904;0;163.7;53:04.113;15:38;0:26.963;0:46.404;0:47.904;253.5;Sam BIRD;;LMP2;;G-Drive Racing;Ligier;
26;2;12;1:59.828;0;;26.300;0;46.396;0;47.132;2;165.7;55:03.941;15:40;0:26.300;0:46.396;0:47.132;251.7;Sam BIRD;;LMP2;;G-Drive Racing;Ligier;
26;2;13;2:00.117;0;;26.138;1;46.564;0;47.415;0;165.3;57:04.058;15:42;0:26.138;0:46.564;0:47.415;255.3;Sam BIRD;;LMP2;;G-Drive Racing;Ligier;
26;2;14;2:04.473;0;B;26.244;0;46.234;2;51.995;0;159.5;59:08.531;15:44;0:26.244;0:46.234;0:51.995;254.7;Sam BIRD;;LMP2;;G-Drive Racing;Ligier;
26;1;15;13:18.439;0;;11:39.296;0;48.935;0;50.208;0;24.9;1:12:26.970;15:57;11:39.296;0:48.935;0:50.208;247.1;Julien CANAL;0:11:14.847;LMP2;;G-Drive Racing;Ligier;
26;1;16;2:04.502;0;;27.262;0;48.613;0;48.627;0;159.5;1:14:31.472;15:59;0:27.262;0:48.613;0:48.627;251.7;Julien CANAL;;LMP2;;G-Drive Racing;Ligier;
26;1;17;2:03.120;0;;26.541;0;47.752;0;48.827;0;161.3;1:16:34.592;16:01;0:26.541;0:47.752;0:48.827;253.5;Julien CANAL;;LMP2;;G-Drive Racing;Ligier;
26;1;18;2:02.490;0;;26.602;0;47.344;0;48.544;1;162.1;1:18:37.082;16:03;0:26.602;0:47.344;0:48.544;252.3;Julien CANAL;;LMP2;;G-Drive Racing;Ligier;
26;1;19;2:06.730;0;;28.016;0;49.658;0;49.056;0;156.7;1:20:43.812;16:05;0:28.016;0:49.658;0:49.056;244.3;Julien CANAL;;LMP2;;G-Drive Racing;Ligier;
26;1;20;2:03.321;0;;26.643;0;47.814;0;48.864;0;161.0;1:22:47.133;16:07;0:26.643;0:47.814;0:48.864;253.5;Julien CANAL;;LMP2;;G-Drive Racing;Ligier;
26;1;21;2:03.073;0;;26.946;0;47.331;1;48.796;0;161.3;1:24:50.206;16:09;0:26.946;0:47.331;0:48.796;252.9;Julien CANAL;;LMP2;;G-Drive Racing;Ligier;
26;1;22;2:10.619;0;B;26.337;1;48.809;0;55.473;0;152.0;1:27:00.825;16:12;0:26.337;0:48.809;0:55.473;252.3;Julien CANAL;;LMP2;;G-Drive Racing;Ligier;
28;0;1;2:41.508;0;;59.928;0;50.198;0;51.382;0;123.0;2:41.508;14:47;0:59.928;0:50.198;0:51.382;246.0;Gustavo YACAMAN;0:00:36.494;LMP2;;G-Drive Racing;Ligier;
28;0;2;2:04.532;0;;27.558;0;48.505;0;48.469;0;159.5;4:46.040;14:49;0:27.558;0:48.505;0:48.469;257.1;Gustavo YACAMAN;;LMP2;;G-Drive Racing;Ligier;
28;0;3;2:00.983;0;;26.320;0;46.720;0;47.943;0;164.1;6:47.023;14:51;0:26.320;0:46.720;0:47.943;257.8;Gustavo YACAMAN;;LMP2;;G-Drive Racing;Ligier;
28;0;4;2:00.996;0;;26.004;0;46.470;0;48.522;0;164.1;8:48.019;14:53;0:26.004;0:46.470;0:48.522;256.5;Gustavo YACAMAN;;LMP2;;G-Drive Racing;Ligier;
28;0;5;1:59.588;0;;26.263;0;45.998;0;47.327;0;166.1;10:47.607;14:55;0:26.263;0:45.998;0:47.327;255.9;Gustavo YACAMAN;;LMP2;;G-Drive Racing;Ligier;
28;0;6;2:03.212;0;B;25.849;1;46.020;0;51.343;0;161.2;12:50.819;14:57;0:25.849;0:46.020;0:51.343;255.9;Gustavo YACAMAN;;LMP2;;G-Drive Racing;Ligier;
28;0;7;6:22.537;0;;4:47.495;0;46.834;0;48.208;0;51.9;19:13.356;15:04;4:47.495;0:46.834;0:48.208;251.2;Gustavo YACAMAN;0:04:20.532;LMP2;;G-Drive Racing;Ligier;
28;0;8;1:59.480;0;;26.040;0;46.160;0;47.280;0;166.2;21:12.836;15:06;0:26.040;0:46.160;0:47.280;252.3;Gustavo YACAMAN;;LMP2;;G-Drive Racing;Ligier;
28;0;9;2:00.093;0;;26.087;0;46.566;0;47.440;0;165.4;23:12.929;15:08;0:26.087;0:46.566;0:47.440;252.9;Gustavo YACAMAN;;LMP2;;G-Drive Racing;Ligier;
28;0;10;1:58.904;2;;25.930;0;45.706;2;47.268;2;167.0;25:11.833;15:10;0:25.930;0:45.706;0:47.268;253.5;Gustavo YACAMAN;;LMP2;;G-Drive Racing;Ligier;
28;0;11;2:01.364;0;B;25.905;0;45.963;0;49.496;0;163.6;27:13.197;15:12;0:25.905;0:45.963;0:49.496;256.5;Gustavo YACAMAN;;LMP2;;G-Drive Racing;Ligier;
28;2;12;8:53.896;0;;5:44.651;0;1:43.357;0;1:25.888;0;37.2;36:07.093;15:21;5:44.651;1:43.357;1:25.888;78.5;Ricardo GONZALEZ;0:05:03.999;LMP2;;G-Drive Racing;Ligier;
28;2;13;3:25.120;0;;59.453;0;1:34.322;0;51.345;0;96.8;39:32.213;15:24;0:59.453;1:34.322;0:51.345;210.5;Ricardo GONZALEZ;;LMP2;;G-Drive Racing;Ligier;
28;2;14;2:04.301;0;;27.160;0;47.328;0;49.813;0;159.8;41:36.514;15:26;0:27.160;0:47.328;0:49.813;252.9;Ricardo GONZALEZ;;LMP2;;G-Drive Racing;Ligier;
28;2;15;2:03.376;0;;26.646;0;47.436;0;49.294;0;161.0;43:39.890;15:28;0:26.646;0:47.436;0:49.294;;Ricardo GONZALEZ;;LMP2;;G-Drive Racing;Ligier;
28;2;16;2:02.483;0;;26.207;0;47.714;0;48.562;0;162.1;45:42.373;15:30;0:26.207;0:47.714;0:48.562;258.4;Ricardo GONZALEZ;;LMP2;;G-Drive Racing;Ligier;
28;2;17;2:01.109;0;;26.224;0;46.585;0;48.300;1;164.0;47:43.482;15:32;0:26.224;0:46.585;0:48.300;255.3;Ricardo GONZALEZ;;LMP2;;G-Drive Racing;Ligier;
28;2;18;2:02.146;0;;26.393;0;46.314;0;49.439;0;162.6;49:45.628;15:34;0:26.393;0:46.314;0:49.439;259.6;Ricardo GONZALEZ;;LMP2;;G-Drive Racing;Ligier;
28;2;19;2:01.005;0;;26.205;1;46.403;0;48.397;0;164.1;51:46.633;15:36;0:26.205;0:46.403;0:48.397;253.5;Ricardo GONZALEZ;;LMP2;;G-Drive Racing;Ligier;
28;2;20;2:01.583;0;;26.302;0;46.026;1;49.255;0;163.3;53:48.216;15:38;0:26.302;0:46.026;0:49.255;259.6;Ricardo GONZALEZ;;LMP2;;G-Drive Racing;Ligier;
28;2;21;2:59.408;0;B;26.306;0;1:39.599;0;53.503;0;110.7;56:47.624;15:41;0:26.306;1:39.599;0:53.503;216.4;Ricardo GONZALEZ;;LMP2;;G-Drive Racing;Ligier;
28;1;22;11:25.463;0;;9:44.117;0;49.252;0;52.094;0;29.0;1:08:13.087;15:53;9:44.117;0:49.252;0:52.094;242.7;Luis Felipe DERANI;0:09:21.130;LMP2;;G-Drive Racing;Ligier;
28;1;23;2:06.616;0;;27.181;0;48.076;0;51.359;0;156.8;1:10:19.703;15:55;0:27.181;0:48.076;0:51.359;232.3;Luis Felipe DERANI;;LMP2;;G-Drive Racing;Ligier;
28;1;24;2:02.224;0;;26.860;0;46.949;0;48.415;0;162.5;1:12:21.927;15:57;0:26.860;0:46.949;0:48.415;254.1;Luis Felipe DERANI;;LMP2;;G-Drive Racing;Ligier;
28;1;25;2:00.806;0;;26.268;0;46.632;0;47.906;0;164.4;1:14:22.733;15:59;0:26.268;0:46.632;0:47.906;253.5;Luis Felipe DERANI;;LMP2;;G-Drive Racing;Ligier;
28;1;26;2:02.474;0;;25.971;0;47.325;0;49.178;0;162.1;1:16:25.207;16:01;0:25.971;0:47.325;0:49.178;252.9;Luis Felipe DERANI;;LMP2;;G-Drive Racing;Ligier;
28;1;27;2:00.559;0;;26.140;0;46.894;0;47.525;0;164.7;1:18:25.766;16:03;0:26.140;0:46.894;0:47.525;255.9;Luis Felipe DERANI;;LMP2;;G-Drive Racing;Ligier;
28;1;28;2:02.747;0;;25.892;0;47.956;0;48.899;0;161.8;1:20:28.513;16:05;0:25.892;0:47.956;0:48.899;251.2;Luis Felipe DERANI;;LMP2;;G-Drive Racing;Ligier;
28;1;29;2:04.646;0;;26.115;0;49.697;0;48.834;0;159.3;1:22:33.159;16:07;0:26.115;0:49.697;0:48.834;257.8;Luis Felipe DERANI;;LMP2;;G-Drive Racing;Ligier;
28;1;30;2:00.248;0;;25.930;0;46.834;0;47.484;0;165.1;1:24:33.407;16:09;0:25.930;0:46.834;0:47.484;259.0;Luis Felipe DERANI;;LMP2;;G-Drive Racing;Ligier;
28;1;31;1:59.645;0;;25.786;2;46.257;1;47.602;0;166.0;1:26:33.052;16:11;0:25.786;0:46.257;0:47.602;262.1;Luis Felipe DERANI;;LMP2;;G-Drive Racing;Ligier;
28;1;32;2:00.922;0;;25.955;0;47.491;0;47.476;1;164.2;1:28:33.974;16:13;0:25.955;0:47.491;0:47.476;260.2;Luis Felipe DERANI;;LMP2;;G-Drive Racing;Ligier;
28;1;33;2:08.505;0;B;25.862;0;47.438;0;55.205;0;154.5;1:30:42.479;16:15;0:25.862;0:47.438;0:55.205;264.1;Luis Felipe DERANI;;LMP2;;G-Drive Racing;Ligier;
30;1;1;2:28.099;0;B;42.124;0;52.326;0;53.649;0;134.1;2:28.099;14:47;0:42.124;0:52.326;0:53.649;180.6;Ryan DALZIEL;0:00:14.005;LMP2;;Extreme Speed Motorsports;Ligier;
30;1;2;5:43.854;0;;4:04.570;0;49.786;0;49.498;0;57.8;8:11.953;14:53;4:04.570;0:49.786;0:49.498;196.7;Ryan DALZIEL;0:03:41.335;LMP2;;Extreme Speed Motorsports;Ligier;
30;1;3;1:59.697;0;;25.998;0;45.884;0;47.815;0;165.9;10:11.650;14:55;0:25.998;0:45.884;0:47.815;262.1;Ryan DALZIEL;;LMP2;;Extreme Speed Motorsports;Ligier;
30;1;4;1:59.935;0;;26.291;0;46.294;0;47.350;0;165.6;12:11.585;14:57;0:26.291;0:46.294;0:47.350;266.0;Ryan DALZIEL;;LMP2;;Extreme Speed Motorsports;Ligier;
30;1;5;1:58.353;2;;26.216;0;45.508;2;46.629;2;167.8;14:09.938;14:59;0:26.216;0:45.508;0:46.629;261.5;Ryan DALZIEL;;LMP2;;Extreme Speed Motorsports;Ligier;
30;1;6;2:02.175;0;;26.098;0;47.008;0;49.069;0;162.5;16:12.113;15:01;0:26.098;0:47.008;0:49.069;262.8;Ryan DALZIEL;;LMP2;;Extreme Speed Motorsports;Ligier;
30;1;7;1:58.571;0;;25.759;1;45.615;0;47.197;0;167.5;18:10.684;15:03;0:25.759;0:45.615;0:47.197;260.2;Ryan DALZIEL;;LMP2;;Extreme Speed Motorsports;Ligier;
30;1;8;2:02.838;0;B;25.844;0;47.204;0;49.790;0;161.7;20:13.522;15:05;0:25.844;0:47.204;0:49.790;260.9;Ryan DALZIEL;;LMP2;;Extreme Speed Motorsports;Ligier;
30;0;9;8:16.578;0;;6:39.390;0;47.906;0;49.282;0;40.0;28:30.100;15:13;6:39.390;0:47.906;0:49.282;255.9;Scott SHARP;0:06:17.155;LMP2;;Extreme Speed Motorsports;Ligier;
30;0;10;2:02.468;0;;26.852;0;46.670;0;48.946;0;162.1;30:32.568;15:15;0:26.852;0:46.670;0:48.946;258.4;Scott SHARP;;LMP2;;Extreme Speed Motorsports;Ligier;
30;0;11;3:29.305;0;B;26.381;0;1:37.637;0;1:25.287;0;94.9;34:01.873;15:19;0:26.381;1:37.637;1:25.287;79.8;Scott SHARP;;LMP2;;Extreme Speed Motorsports;Ligier;
30;0;12;7:09.216;0;;5:32.904;0;47.824;0;48.488;0;46.3;41:11.089;15:26;5:32.904;0:47.824;0:48.488;258.4;Scott SHARP;0:05:09.575;LMP2;;Extreme Speed Motorsports;Ligier;
30;0;13;2:02.127;0;;26.157;0;46.758;0;49.212;0;162.6;43:13.216;15:28;0:26.157;0:46.758;0:49.212;262.1;Scott SHARP;;LMP2;;Extreme Speed Motorsports;Ligier;
30;0;14;2:02.970;0;;26.178;0;47.799;0;48.993;0;161.5;45:16.186;15:30;0:26.178;0:47.799;0:48.993;248.3;Scott SHARP;;LMP2;;Extreme Speed Motorsports;Ligier;
30;0;15;2:01.637;0;;26.172;0;47.393;0;48.072;0;163.3;47:17.823;15:32;0:26.172;0:47.393;0:48.072;258.4;Scott SHARP;;LMP2;;Extreme Speed Motorsports;Ligier;
30;0;16;2:00.337;0;;25.774;0;46.865;0;47.698;1;165.0;49:18.160;15:34;0:25.774;0:46.865;0:47.698;260.9;Scott SHARP;;LMP2;;Extreme Speed Motorsports;Ligier;
30;0;17;2:03.034;0;;26.752;0;48.523;0;47.759;0;161.4;51:21.194;15:36;0:26.752;0:48.523;0:47.759;262.1;Scott SHARP;;LMP2;;Extreme Speed Motorsports;Ligier;
30;0;18;2:01.569;0;;25.869;0;47.304;0;48.396;0;163.3;53:22.763;15:38;0:25.869;0:47.304;0:48.396;262.1;Scott SHARP;;LMP2;;Extreme Speed Motorsports;Ligier;
30;0;19;2:00.324;0;;25.970;0;46.512;1;47.842;0;165.0;55:23.087;15:40;0:25.970;0:46.512;0:47.842;262.8;Scott SHARP;;LMP2;;Extreme Speed Motorsports;Ligier;
30;0;20;2:07.805;0;B;25.746;2;47.382;0;54.677;0;155.4;57:30.892;15:42;0:25.746;0:47.382;0:54.677;259.6;Scott SHARP;;LMP2;;Extreme Speed Motorsports;Ligier;
30;2;21;9:29.582;0;;7:52.224;0;48.309;0;49.049;0;34.9;1:07:00.474;15:52;7:52.224;0:48.309;0:49.049;247.7;David HEINEMEIER HANSSON;0:07:28.689;LMP2;;Extreme Speed Motorsports;Ligier;
30;2;22;2:01.948;0;;26.614;0;47.532;0;47.802;0;162.8;1:09:02.422;15:54;0:26.614;0:47.532;0:47.802;259.0;David HEINEMEIER HANSSON;;LMP2;;Extreme Speed Motorsports;Ligier;
30;2;23;2:21.890;0;;26.072;1;1:06.051;0;49.767;0;140.0;1:11:24.312;15:56;0:26.072;1:06.051;0:49.767;248.8;David HEINEMEIER HANSSON;;LMP2;;Extreme Speed Motorsports;Ligier;
30;2;24;2:01.265;0;;26.291;0;46.922;0;48.052;0;163.8;1:13:25.577;15:58;0:26.291;0:46.922;0:48.052;260.2;David HEINEMEIER HANSSON;;LMP2;;Extreme Speed Motorsports;Ligier;
30;2;25;2:01.852;0;;26.299;0;46.583;1;48.970;0;163.0;1:15:27.429;16:00;0:26.299;0:46.583;0:48.970;260.9;David HEINEMEIER HANSSON;;LMP2;;Extreme Speed Motorsports;Ligier;
30;2;26;2:02.225;0;;26.358;0;46.707;0;49.160;0;162.5;1:17:29.654;16:02;0:26.358;0:46.707;0:49.160;259.6;David HEINEMEIER HANSSON;;LMP2;;Extreme Speed Motorsports;Ligier;
30;2;27;2:03.906;0;B;26.105;0;47.342;0;50.459;0;160.3;1:19:33.560;16:04;0:26.105;0:47.342;0:50.459;259.0;David HEINEMEIER HANSSON;;LMP2;;Extreme Speed Motorsports;Ligier;
30;2;28;6:54.735;0;;5:18.502;0;47.881;0;48.352;0;47.9;1:26:28.295;16:11;5:18.502;0:47.881;0:48.352;257.8;David HEINEMEIER HANSSON;0:04:54.363;LMP2;;Extreme Speed Motorsports;Ligier;
30;2;29;2:01.178;0;;26.383;0;47.071;0;47.724;1;163.9;1:28:29.473;16:13;0:26.383;0:47.071;0:47.724;260.2;David HEINEMEIER HANSSON;;LMP2;;Extreme Speed Motorsports;Ligier;
30;2;30;2:00.541;0;;26.144;0;46.611;0;47.786;0;164.7;1:30:30.014;16:15;0:26.144;0:46.611;0:47.786;261.5;David HEINEMEIER HANSSON;;LMP2;;Extreme Speed Motorsports;Ligier;
31;1;1;2:42.338;0;B;50.922;0;52.463;0;58.953;0;122.3;2:42.338;14:47;0:50.922;0:52.463;0:58.953;182.1;Johannes VAN OVERBEEK;0:00:24.534;LMP2;;Extreme Speed Motorsports;Ligier;
31;1;2;4:57.348;0;;3:18.353;0;49.210;0;49.785;0;66.8;7:39.686;14:52;3:18.353;0:49.210;0:49.785;213.4;Johannes VAN OVERBEEK;0:02:55.584;LMP2;;Extreme Speed Motorsports;Ligier;
31;1;3;2:02.104;0;;26.508;0;46.334;0;49.262;0;162.6;9:41.790;14:54;0:26.508;0:46.334;0:49.262;236.8;Johannes VAN OVERBEEK;;LMP2;;Extreme Speed Motorsports;Ligier;
31;1;4;2:02.446;0;;26.648;0;48.134;0;47.664;0;162.2;11:44.236;14:56;0:26.648;0:48.134;0:47.664;260.9;Johannes VAN OVERBEEK;;LMP2;;Extreme Speed Motorsports;Ligier;
31;1;5;1:58.342;2;;26.024;0;45.533;2;46.785;2;167.8;13:42.578;14:58;0:26.024;0:45.533;0:46.785;260.2;Johannes VAN OVERBEEK;;LMP2;;Extreme Speed Motorsports;Ligier;
31;1;6;1:59.197;0;;25.874;2;45.781;0;47.542;0;166.6;15:41.775;15:00;0:25.874;0:45.781;0:47.542;262.8;Johannes VAN OVERBEEK;;LMP2;;Extreme Speed Motorsports;Ligier;
31;1;7;2:03.548;0;B;26.028;0;46.060;0;51.460;0;160.7;17:45.323;15:02;0:26.028;0:46.060;0:51.460;261.5;Johannes VAN OVERBEEK;;LMP2;;Extreme Speed Motorsports;Ligier;
31;1;8;6:26.973;0;;4:48.124;0;50.315;0;48.534;0;51.3;24:12.296;15:09;4:48.124;0:50.315;0:48.534;248.8;Johannes VAN OVERBEEK;0:04:26.576;LMP2;;Extreme Speed Motorsports;Ligier;
31;1;9;1:58.806;0;;26.051;0;45.641;0;47.114;0;167.1;26:11.102;15:11;0:26.051;0:45.641;0:47.114;260.2;Johannes VAN OVERBEEK;;LMP2;;Extreme Speed Motorsports;Ligier;
31;1;10;2:07.193;0;B;27.100;0;47.514;0;52.579;0;156.1;28:18.295;15:13;0:27.100;0:47.514;0:52.579;261.5;Johannes VAN OVERBEEK;;LMP2;;Extreme Speed Motorsports;Ligier;
31;0;11;7:33.041;0;;4:18.349;0;1:44.403;0;1:30.289;0;43.8;35:51.336;15:20;4:18.349;1:44.403;1:30.289;79.6;Ed BROWN;0:03:32.510;LMP2;;Extreme Speed Motorsports;Ligier;
31;0;12;3:42.049;0;;59.696;0;1:41.988;0;1:00.365;0;89.4;39:33.385;15:24;0:59.696;1:41.988;1:00.365;128.4;Ed BROWN;;LMP2;;Extreme Speed Motorsports;Ligier;
31;0;13;2:19.479;0;;29.664;0;51.879;0;57.936;0;142.4;41:52.864;15:26;0:29.664;0:51.879;0:57.936;208.1;Ed BROWN;;LMP2;;Extreme Speed Motorsports;Ligier;
31;0;14;2:12.984;0;;28.251;0;51.273;0;53.460;0;149.3;44:05.848;15:29;0:28.251;0:51.273;0:53.460;249.4;Ed BROWN;;LMP2;;Extreme Speed Motorsports;Ligier;
31;0;15;2:09.767;0;;27.109;0;50.881;0;51.777;0;153.0;46:15.615;15:31;0:27.109;0:50.881;0:51.777;257.1;Ed BROWN;;LMP2;;Extreme Speed Motorsports;Ligier;
31;0;16;2:09.028;0;;27.235;0;50.406;0;51.387;0;153.9;48:24.643;15:33;0:27.235;0:50.406;0:51.387;259.0;Ed BROWN;;LMP2;;Extreme Speed Motorsports;Ligier;
31;0;17;2:07.514;0;;26.969;1;49.828;0;50.717;0;155.7;50:32.157;15:35;0:26.969;0:49.828;0:50.717;257.8;Ed BROWN;;LMP2;;Extreme Speed Motorsports;Ligier;
31;0;18;2:07.034;0;;27.313;0;49.555;0;50.166;0;156.3;52:39.191;15:37;0:27.313;0:49.555;0:50.166;259.0;Ed BROWN;;LMP2;;Extreme Speed Motorsports;Ligier;
31;0;19;2:05.404;0;;27.049;0;48.446;1;49.909;1;158.3;54:44.595;15:39;0:27.049;0:48.446;0:49.909;258.4;Ed BROWN;;LMP2;;Extreme Speed Motorsports;Ligier;
31;0;20;2:08.974;0;;27.294;0;49.189;0;52.491;0;154.0;56:53.569;15:41;0:27.294;0:49.189;0:52.491;261.5;Ed BROWN;;LMP2;;Extreme Speed Motorsports;Ligier;
31;0;21;2:09.435;0;;28.996;0;50.188;0;50.251;0;153.4;59:03.004;15:44;0:28.996;0:50.188;0:50.251;260.2;Ed BROWN;;LMP2;;Extreme Speed Motorsports;Ligier;
31;0;22;3:30.772;0;B;27.639;0;1:33.067;0;1:30.066;0;94.2;1:02:33.776;15:47;0:27.639;1:33.067;1:30.066;79.9;Ed BROWN;;LMP2;;Extreme Speed Motorsports;Ligier;
31;0;23;6:45.624;0;;5:01.269;0;51.650;0;52.705;0;49.0;1:09:19.400;15:54;5:01.269;0:51.650;0:52.705;254.7;Ed BROWN;0:04:36.142;LMP2;;Extreme Speed Motorsports;Ligier;
31;0;24;2:15.539;0;;29.390;0;52.986;0;53.163;0;146.5;1:11:34.939;15:56;0:29.390;0:52.986;0:53.163;255.9;Ed BROWN;;LMP2;;Extreme Speed Motorsports;Ligier;
31;0;25;2:09.383;0;;27.096;0;51.081;0;51.206;0;153.5;1:13:44.322;15:58;0:27.096;0:51.081;0:51.206;255.3;Ed BROWN;;LMP2;;Extreme Speed Motorsports;Ligier;
31;0;26;2:12.893;0;;28.201;0;52.382;0;52.310;0;149.4;1:15:57.215;16:00;0:28.201;0:52.382;0:52.310;258.4;Ed BROWN;;LMP2;;Extreme Speed Motorsports;Ligier;
31;0;27;2:12.034;0;;29.282;0;50.772;0;51.980;0;150.4;1:18:09.249;16:03;0:29.282;0:50.772;0:51.980;256.5;Ed BROWN;;LMP2;;Extreme Speed Motorsports;Ligier;
31;0;28;2:17.346;0;B;27.242;0;51.553;0;58.551;0;144.6;1:20:26.595;16:05;0:27.242;0:51.553;0:58.551;206.5;Ed BROWN;;LMP2;;Extreme Speed Motorsports;Ligier;
31;2;29;5:00.758;0;;3:18.595;0;49.552;0;52.611;0;66.0;1:25:27.353;16:10;3:18.595;0:49.552;0:52.611;201.1;Jonathon FOGARTY;0:02:52.979;LMP2;;Extreme Speed Motorsports;Ligier;
31;2;30;2:04.000;0;;26.824;0;48.246;0;48.930;0;160.1;1:27:31.353;16:12;0:26.824;0:48.246;0:48.930;259.0;Jonathon FOGARTY;;LMP2;;Extreme Speed Motorsports;Ligier;
31;2;31;2:03.213;0;;26.395;1;47.409;1;49.409;0;161.2;1:29:34.566;16:14;0:26.395;0:47.409;0:49.409;260.9;Jonathon FOGARTY;;LMP2;;Extreme Speed Motorsports;Ligier;
31;2;32;2:02.272;0;;26.453;0;47.804;0;48.015;1;162.4;1:31:36.838;16:16;0:26.453;0:47.804;0:48.015;261.5;Jonathon FOGARTY;;LMP2;;Extreme Speed Motorsports;Ligier;
36;0;1;3:09.588;0;;1:31.591;0;49.640;0;48.357;0;104.7;3:09.588;14:48;1:31.591;0:49.640;0:48.357;255.3;Nelson PANCIATICI;0:01:06.733;LMP2;;Signatech Alpine;Alpine;
36;0;2;1:59.914;0;;26.473;0;46.022;0;47.419;0;165.6;5:09.502;14:50;0:26.473;0:46.022;0:47.419;260.2;Nelson PANCIATICI;;LMP2;;Signatech Alpine;Alpine;
36;0;3;1:59.664;0;;25.915;0;45.937;0;47.812;0;165.9;7:09.166;14:52;0:25.915;0:45.937;0:47.812;260.2;Nelson PANCIATICI;;LMP2;;Signatech Alpine;Alpine;
36;0;4;1:58.735;2;;25.801;2;45.670;2;47.264;2;167.2;9:07.901;14:54;0:25.801;0:45.670;0:47.264;259.6;Nelson PANCIATICI;;LMP2;;Signatech Alpine;Alpine;
36;0;5;1:59.351;0;;25.859;0;46.221;0;47.271;0;166.4;11:07.252;14:56;0:25.859;0:46.221;0:47.271;259.0;Nelson PANCIATICI;;LMP2;;Signatech Alpine;Alpine;
36;0;6;1:59.241;0;;25.824;0;45.851;0;47.566;0;166.5;13:06.493;14:58;0:25.824;0:45.851;0:47.566;259.6;Nelson PANCIATICI;;LMP2;;Signatech Alpine;Alpine;
36;0;7;1:59.888;0;;25.974;0;46.262;0;47.652;0;165.6;15:06.381;15:00;0:25.974;0:46.262;0:47.652;260.9;Nelson PANCIATICI;;LMP2;;Signatech Alpine;Alpine;
36;0;8;2:06.445;0;;26.257;0;49.517;0;50.671;0;157.0;17:12.826;15:02;0:26.257;0:49.517;0:50.671;257.8;Nelson PANCIATICI;;LMP2;;Signatech Alpine;Alpine;
36;0;9;2:28.205;0;B;26.279;0;1:02.100;0;59.826;0;134.0;19:41.031;15:04;0:26.279;1:02.100;0:59.826;192.2;Nelson PANCIATICI;;LMP2;;Signatech Alpine;Alpine;
36;2;10;5:03.720;0;;3:23.558;0;49.422;0;50.740;0;65.4;24:44.751;15:09;3:23.558;0:49.422;0:50.740;227.4;Vincent CAPILLAIRE;0:02:58.285;LMP2;;Signatech Alpine;Alpine;
36;2;11;2:04.653;0;;27.001;0;48.119;0;49.533;0;159.3;26:49.404;15:11;0:27.001;0:48.119;0:49.533;257.1;Vincent CAPILLAIRE;;LMP2;;Signatech Alpine;Alpine;
36;2;12;2:04.358;0;;26.766;0;48.330;0;49.262;0;159.7;28:53.762;15:13;0:26.766;0:48.330;0:49.262;259.0;Vincent CAPILLAIRE;;LMP2;;Signatech Alpine;Alpine;
36;2;13;2:09.352;0;;27.316;0;49.786;0;52.250;0;153.5;31:03.114;15:16;0:27.316;0:49.786;0:52.250;257.8;Vincent CAPILLAIRE;;LMP2;;Signatech Alpine;Alpine;
36;2;14;4:10.823;0;;59.921;0;1:44.384;0;1:26.518;0;79.2;35:13.937;15:20;0:59.921;1:44.384;1:26.518;78.7;Vincent CAPILLAIRE;;LMP2;;Signatech Alpine;Alpine;
36;2;15;3:47.671;0;;59.527;0;1:44.309;0;1:03.835;0;87.2;39:01.608;15:24;0:59.527;1:44.309;1:03.835;76.9;Vincent CAPILLAIRE;;LMP2;;Signatech Alpine;Alpine;
36;2;16;2:07.667;0;;27.199;0;50.022;0;50.446;0;155.5;41:09.275;15:26;0:27.199;0:50.022;0:50.446;256.5;Vincent CAPILLAIRE;;LMP2;;Signatech Alpine;Alpine;
36;2;17;2:03.275;0;;26.793;0;47.643;0;48.839;0;161.1;43:12.550;15:28;0:26.793;0:47.643;0:48.839;259.6;Vincent CAPILLAIRE;;LMP2;;Signatech Alpine;Alpine;
36;2;18;2:05.555;0;;26.538;0;48.413;0;50.604;0;158.2;45:18.105;15:30;0:26.538;0:48.413;0:50.604;238.9;Vincent CAPILLAIRE;;LMP2;;Signatech Alpine;Alpine;
36;2;19;2:02.323;0;;26.057;1;47.458;0;48.808;1;162.3;47:20.428;15:32;0:26.057;0:47.458;0:48.808;258.4;Vincent CAPILLAIRE;;LMP2;;Signatech Alpine;Alpine;
36;2;20;2:08.994;0;B;26.193;0;47.156;1;55.645;0;153.9;49:29.422;15:34;0:26.193;0:47.156;0:55.645;259.0;Vincent CAPILLAIRE;;LMP2;;Signatech Alpine;Alpine;
36;1;21;5:09.220;0;;3:29.269;0;49.797;0;50.154;0;64.2;54:38.642;15:39;3:29.269;0:49.797;0:50.154;234.3;Paul Loup CHATIN;0:03:07.382;LMP2;;Signatech Alpine;Alpine;
36;1;22;2:03.351;0;;26.816;0;47.804;0;48.731;0;161.0;56:41.993;15:41;0:26.816;0:47.804;0:48.731;257.8;Paul Loup CHATIN;;LMP2;;Signatech Alpine;Alpine;
36;1;23;2:02.263;0;;26.554;0;46.999;0;48.710;0;162.4;58:44.256;15:43;0:26.554;0:46.999;0:48.710;260.2;Paul Loup CHATIN;;LMP2;;Signatech Alpine;Alpine;
36;1;24;2:36.228;0;;26.305;0;46.715;0;1:23.208;0;127.1;1:01:20.484;15:46;0:26.305;0:46.715;1:23.208;258.4;Paul Loup CHATIN;;LMP2;;Signatech Alpine;Alpine;
36;1;25;2:42.021;0;;59.067;0;54.453;0;48.501;0;122.6;1:04:02.505;15:49;0:59.067;0:54.453;0:48.501;257.8;Paul Loup CHATIN;;LMP2;;Signatech Alpine;Alpine;
36;1;26;2:00.578;0;;26.062;0;46.643;0;47.873;1;164.7;1:06:03.083;15:51;0:26.062;0:46.643;0:47.873;258.4;Paul Loup CHATIN;;LMP2;;Signatech Alpine;Alpine;
36;1;27;2:02.996;0;;26.771;0;48.343;0;47.882;0;161.4;1:08:06.079;15:53;0:26.771;0:48.343;0:47.882;257.8;Paul Loup CHATIN;;LMP2;;Signatech Alpine;Alpine;
36;1;28;2:00.691;0;;25.862;1;46.594;0;48.235;0;164.5;1:10:06.770;15:55;0:25.862;0:46.594;0:48.235;259.0;Paul Loup CHATIN;;LMP2;;Signatech Alpine;Alpine;
36;1;29;2:00.860;0;;26.112;0;46.439;1;48.309;0;164.3;1:12:07.630;15:57;0:26.112;0:46.439;0:48.309;259.0;Paul Loup CHATIN;;LMP2;;Signatech Alpine;Alpine;
36;1;30;2:01.368;0;;25.950;0;47.515;0;47.903;0;163.6;1:14:08.998;15:59;0:25.950;0:47.515;0:47.903;257.8;Paul Loup CHATIN;;LMP2;;Signatech Alpine;Alpine;
36;1;31;2:02.764;0;B;25.864;0;46.767;0;50.133;0;161.8;1:16:11.762;16:01;0:25.864;0:46.767;0:50.133;258.4;Paul Loup CHATIN;;LMP2;;Signatech Alpine;Alpine;
36;0;32;3:54.455;0;;2:18.075;0;48.241;0;48.139;0;84.7;1:20:06.217;16:05;2:18.075;0:48.241;0:48.139;253.5;Nelson PANCIATICI;0:01:57.020;LMP2;;Signatech Alpine;Alpine;
36;0;33;2:02.876;0;;26.094;0;48.423;0;48.359;0;161.6;1:22:09.093;16:07;0:26.094;0:48.423;0:48.359;255.3;Nelson PANCIATICI;;LMP2;;Signatech Alpine;Alpine;
36;0;34;2:00.390;0;;26.084;0;46.560;0;47.746;0;164.9;1:24:09.483;16:09;0:26.084;0:46.560;0:47.746;256.5;Nelson PANCIATICI;;LMP2;;Signatech Alpine;Alpine;
36;0;35;2:00.575;0;;26.025;0;46.580;0;47.970;0;164.7;1:26:10.058;16:11;0:26.025;0:46.580;0:47.970;256.5;Nelson PANCIATICI;;LMP2;;Signatech Alpine;Alpine;
36;0;36;2:00.965;0;;26.089;0;46.840;0;48.036;0;164.2;1:28:11.023;16:13;0:26.089;0:46.840;0:48.036;256.5;Nelson PANCIATICI;;LMP2;;Signatech Alpine;Alpine;
36;0;37;2:01.235;0;;26.099;0;46.894;0;48.242;0;163.8;1:30:12.258;16:15;0:26.099;0:46.894;0:48.242;257.1;Nelson PANCIATICI;;LMP2;;Signatech Alpine;Alpine;
4;0;1;3:15.251;0;B;1:20.504;0;54.930;0;59.817;0;101.7;3:15.251;14:48;1:20.504;0:54.930;0:59.817;174.5;Simon TRUMMER;0:00:52.492;LMP1;;Team Bykolles;CLM;
4;0;2;5:34.140;0;;3:52.235;0;49.089;0;52.816;0;59.4;8:49.391;14:53;3:52.235;0:49.089;0:52.816;218.2;Simon TRUMMER;0:03:29.013;LMP1;;Team Bykolles;CLM;
4;0;3;2:01.624;0;;26.285;0;46.495;0;48.844;0;163.3;10:51.015;14:55;0:26.285;0:46.495;0:48.844;274.1;Simon TRUMMER;;LMP1;;Team Bykolles;CLM;
4;0;4;2:01.322;0;;25.437;0;46.515;0;49.370;0;163.7;12:52.337;14:57;0:25.437;0:46.515;0:49.370;282.7;Simon TRUMMER;;LMP1;;Team Bykolles;CLM;
4;0;5;2:00.581;0;;25.614;0;46.594;0;48.373;0;164.7;14:52.918;14:59;0:25.614;0:46.594;0:48.373;279.8;Simon TRUMMER;;LMP1;;Team Bykolles;CLM;
4;0;6;1:58.990;0;;25.476;0;45.764;0;47.750;1;166.9;16:51.908;15:01;0:25.476;0:45.764;0:47.750;284.2;Simon TRUMMER;;LMP1;;Team Bykolles;CLM;
4;0;7;1:58.729;0;;25.127;0;45.539;0;48.063;0;167.3;18:50.637;15:03;0:25.127;0:45.539;0:48.063;284.2;Simon TRUMMER;;LMP1;;Team Bykolles;CLM;
4;0;8;1:59.141;0;;25.069;1;45.761;0;48.311;0;166.7;20:49.778;15:05;0:25.069;0:45.761;0:48.311;280.5;Simon TRUMMER;;LMP1;;Team Bykolles;CLM;
4;0;9;2:05.841;0;B;26.096;0;47.627;0;52.118;0;157.8;22:55.619;15:07;0:26.096;0:47.627;0:52.118;279.8;Simon TRUMMER;;LMP1;;Team Bykolles;CLM;
4;0;10;18:34.336;0;;16:57.266;0;47.822;0;49.248;0;17.8;41:29.955;15:26;16:57.266;0:47.822;0:49.248;270.7;Simon TRUMMER;0:16:33.881;LMP1;;Team Bykolles;CLM;
4;0;11;2:00.711;0;;25.243;0;47.154;0;48.314;0;164.5;43:30.666;15:28;0:25.243;0:47.154;0:48.314;278.4;Simon TRUMMER;;LMP1;;Team Bykolles;CLM;
4;0;12;2:03.348;0;;25.616;0;47.778;0;49.954;0;161.0;45:34.014;15:30;0:25.616;0:47.778;0:49.954;244.9;Simon TRUMMER;;LMP1;;Team Bykolles;CLM;
4;0;13;1:59.982;0;;25.160;0;45.485;1;49.337;0;165.5;47:33.996;15:32;0:25.160;0:45.485;0:49.337;280.5;Simon TRUMMER;;LMP1;;Team Bykolles;CLM;
4;0;14;2:01.564;0;B;25.124;0;45.825;0;50.615;0;163.4;49:35.560;15:34;0:25.124;0:45.825;0:50.615;284.2;Simon TRUMMER;;LMP1;;Team Bykolles;CLM;
4;1;15;5:45.526;0;;4:08.913;0;47.647;0;48.966;0;57.5;55:21.086;15:40;4:08.913;0:47.647;0:48.966;263.4;Pierre KAFFER;0:03:43.731;LMP1;;Team Bykolles;CLM;
4;1;16;2:00.614;0;;26.254;0;46.469;0;47.891;0;164.6;57:21.700;15:42;0:26.254;0:46.469;0:47.891;279.1;Pierre KAFFER;;LMP1;;Team Bykolles;CLM;
4;1;17;1:58.136;0;;25.588;0;45.140;0;47.408;0;168.1;59:19.836;15:44;0:25.588;0:45.140;0:47.408;282.7;Pierre KAFFER;;LMP1;;Team Bykolles;CLM;
4;1;18;3:28.208;0;B;27.353;0;1:36.645;0;1:24.210;0;95.4;1:02:48.044;15:47;0:27.353;1:36.645;1:24.210;79.0;Pierre KAFFER;;LMP1;;Team Bykolles;CLM;
4;1;19;9:23.982;0;;7:48.436;0;46.749;0;48.797;0;35.2;1:12:12.026;15:57;7:48.436;0:46.749;0:48.797;252.3;Pierre KAFFER;0:07:25.123;LMP1;;Team Bykolles;CLM;
4;1;20;1:59.239;0;;24.969;0;46.622;0;47.648;0;166.5;1:14:11.265;15:59;0:24.969;0:46.622;0:47.648;281.2;Pierre KAFFER;;LMP1;;Team Bykolles;CLM;
4;1;21;1:56.741;0;;24.641;0;45.049;0;47.051;0;170.1;1:16:08.006;16:01;0:24.641;0:45.049;0:47.051;282.0;Pierre KAFFER;;LMP1;;Team Bykolles;CLM;
4;1;22;2:04.170;0;;24.468;2;46.651;0;53.051;0;159.9;1:18:12.176;16:03;0:24.468;0:46.651;0:53.051;232.3;Pierre KAFFER;;LMP1;;Team Bykolles;CLM;
4;1;23;2:09.495;0;;24.789;0;49.833;0;54.873;0;153.3;1:20:21.671;16:05;0:24.789;0:49.833;0:54.873;192.9;Pierre KAFFER;;LMP1;;Team Bykolles;CLM;
4;1;24;1:56.545;2;;24.690;0;44.810;2;47.045;2;170.4;1:22:18.216;16:07;0:24.690;0:44.810;0:47.045;282.7;Pierre KAFFER;;LMP1;;Team Bykolles;CLM;
4;1;25;2:03.322;0;B;24.749;0;47.033;0;51.540;0;161.0;1:24:21.538;16:09;0:24.749;0:47.033;0:51.540;235.8;Pierre KAFFER;;LMP1;;Team Bykolles;CLM;
4;0;26;3:32.689;0;;1:57.149;0;46.991;0;48.549;0;93.4;1:27:54.227;16:12;1:57.149;0:46.991;0:48.549;268.0;Simon TRUMMER;0:01:34.219;LMP1;;Team Bykolles;CLM;
4;0;27;1:59.775;0;;25.367;0;46.236;0;48.172;0;165.8;1:29:54.002;16:14;0:25.367;0:46.236;0:48.172;278.4;Simon TRUMMER;;LMP1;;Team Bykolles;CLM;
4;0;28;2:02.241;0;;26.037;0;47.529;0;48.675;0;162.4;1:31:56.243;16:16;0:26.037;0:47.529;0:48.675;279.1;Simon TRUMMER;;LMP1;;Team Bykolles;CLM;
42;1;1;3:18.503;0;B;1:28.178;0;53.687;0;56.638;0;100.0;3:18.503;14:48;1:28.178;0:53.687;0:56.638;237.9;Danny WATTS;0:01:01.579;LMP2;;Strakka Racing;Gibson;
42;1;2;4:32.055;0;;2:53.083;0;48.452;0;50.520;0;73.0;7:50.558;14:52;2:53.083;0:48.452;0:50.520;255.9;Danny WATTS;0:02:30.242;LMP2;;Strakka Racing;Gibson;
42;1;3;2:02.597;0;;26.902;0;47.041;0;48.654;0;162.0;9:53.155;14:54;0:26.902;0:47.041;0:48.654;255.9;Danny WATTS;;LMP2;;Strakka Racing;Gibson;
42;1;4;2:03.378;0;;26.686;0;47.392;0;49.300;0;160.9;11:56.533;14:56;0:26.686;0:47.392;0:49.300;256.5;Danny WATTS;;LMP2;;Strakka Racing;Gibson;
42;1;5;2:03.579;0;;27.013;0;47.392;0;49.174;0;160.7;14:00.112;14:59;0:27.013;0:47.392;0:49.174;257.8;Danny WATTS;;LMP2;;Strakka Racing;Gibson;
42;1;6;2:03.388;0;;27.249;0;47.862;0;48.277;0;160.9;16:03.500;15:01;0:27.249;0:47.862;0:48.277;256.5;Danny WATTS;;LMP2;;Strakka Racing;Gibson;
42;1;7;2:00.233;0;;26.293;0;46.391;0;47.549;0;165.2;18:03.733;15:03;0:26.293;0:46.391;0:47.549;255.3;Danny WATTS;;LMP2;;Strakka Racing;Gibson;
42;1;8;1:59.393;0;;26.003;0;46.027;0;47.363;0;166.3;20:03.126;15:05;0:26.003;0:46.027;0:47.363;255.3;Danny WATTS;;LMP2;;Strakka Racing;Gibson;
42;1;9;1:58.880;0;;26.016;0;45.740;2;47.124;0;167.0;22:02.006;15:07;0:26.016;0:45.740;0:47.124;255.9;Danny WATTS;;LMP2;;Strakka Racing;Gibson;
42;1;10;1:59.477;0;;26.123;0;45.882;0;47.472;0;166.2;24:01.483;15:09;0:26.123;0:45.882;0:47.472;255.9;Danny WATTS;;LMP2;;Strakka Racing;Gibson;
42;1;11;1:58.770;2;;25.877;1;45.830;0;47.063;2;167.2;26:00.253;15:11;0:25.877;0:45.830;0:47.063;255.9;Danny WATTS;;LMP2;;Strakka Racing;Gibson;
42;1;12;1:59.013;0;;25.944;0;45.754;0;47.315;0;166.9;27:59.266;15:12;0:25.944;0:45.754;0:47.315;257.8;Danny WATTS;;LMP2;;Strakka Racing;Gibson;
42;1;13;2:04.636;0;B;25.944;0;46.168;0;52.524;0;159.3;30:03.902;15:15;0:25.944;0:46.168;0:52.524;259.6;Danny WATTS;;LMP2;;Strakka Racing;Gibson;
42;0;14;9:08.637;0;;6:16.413;0;1:43.708;0;1:08.516;0;36.2;39:12.539;15:24;6:16.413;1:43.708;1:08.516;79.4;Nick LEVENTIS;0:05:28.522;LMP2;;Strakka Racing;Gibson;
42;0;15;2:13.540;0;;28.884;0;51.308;0;53.348;0;148.7;41:26.079;15:26;0:28.884;0:51.308;0:53.348;253.5;Nick LEVENTIS;;LMP2;;Strakka Racing;Gibson;
42;0;16;2:10.404;0;;27.883;0;50.154;0;52.367;0;152.3;43:36.483;15:28;0:27.883;0:50.154;0:52.367;257.1;Nick LEVENTIS;;LMP2;;Strakka Racing;Gibson;
42;0;17;2:09.757;0;;27.611;0;49.469;0;52.677;0;153.0;45:46.240;15:30;0:27.611;0:49.469;0:52.677;255.3;Nick LEVENTIS;;LMP2;;Strakka Racing;Gibson;
42;0;18;2:06.994;0;;26.982;0;49.015;0;50.997;0;156.4;47:53.234;15:32;0:26.982;0:49.015;0:50.997;254.7;Nick LEVENTIS;;LMP2;;Strakka Racing;Gibson;
42;0;19;2:05.147;0;;26.803;0;48.131;0;50.213;0;158.7;49:58.381;15:34;0:26.803;0:48.131;0:50.213;256.5;Nick LEVENTIS;;LMP2;;Strakka Racing;Gibson;
42;0;20;2:06.364;0;;26.794;0;48.179;0;51.391;0;157.1;52:04.745;15:37;0:26.794;0:48.179;0:51.391;257.8;Nick LEVENTIS;;LMP2;;Strakka Racing;Gibson;
42;0;21;2:04.826;0;;26.812;0;48.451;0;49.563;0;159.1;54:09.571;15:39;0:26.812;0:48.451;0:49.563;255.3;Nick LEVENTIS;;LMP2;;Strakka Racing;Gibson;
42;0;22;2:04.703;0;;26.479;1;48.614;0;49.610;0;159.2;56:14.274;15:41;0:26.479;0:48.614;0:49.610;257.8;Nick LEVENTIS;;LMP2;;Strakka Racing;Gibson;
42;0;23;7:25.836;0;B;4:44.360;0;1:41.090;0;1:00.386;0;44.5;1:03:40.110;15:48;4:44.360;1:41.090;1:00.386;154.7;Nick LEVENTIS;;LMP2;;Strakka Racing;Gibson;
42;2;24;4:14.345;0;;2:33.811;0;50.131;0;50.403;0;78.1;1:07:54.455;15:52;2:33.811;0:50.131;0:50.403;244.3;Jonny KANE;0:02:10.528;LMP2;;Strakka Racing;Gibson;
42;2;25;2:03.132;0;;26.879;0;47.359;0;48.894;0;161.3;1:09:57.587;15:54;0:26.879;0:47.359;0:48.894;255.9;Jonny KANE;;LMP2;;Strakka Racing;Gibson;
42;2;26;2:00.938;0;;26.107;0;47.011;0;47.820;0;164.2;1:11:58.525;15:56;0:26.107;0:47.011;0:47.820;255.9;Jonny KANE;;LMP2;;Strakka Racing;Gibson;
42;2;27;1:59.455;0;;25.911;0;46.387;0;47.157;1;166.2;1:13:57.980;15:58;0:25.911;0:46.387;0:47.157;255.9;Jonny KANE;;LMP2;;Strakka Racing;Gibson;
42;2;28;2:00.468;0;;25.803;2;46.180;1;48.485;0;164.8;1:15:58.448;16:00;0:25.803;0:46.180;0:48.485;259.0;Jonny KANE;;LMP2;;Strakka Racing;Gibson;
42;2;29;2:07.491;0;B;26.120;0;46.652;0;54.719;0;155.8;1:18:05.939;16:03;0:26.120;0:46.652;0:54.719;256.5;Jonny KANE;;LMP2;;Strakka Racing;Gibson;
42;0;30;4:42.287;0;;2:59.538;0;50.805;0;51.944;0;70.3;1:22:48.226;16:07;2:59.538;0:50.805;0:51.944;254.1;Nick LEVENTIS;0:02:30.897;LMP2;;Strakka Racing;Gibson;
42;0;31;2:06.559;0;;27.249;0;50.190;0;49.120;0;156.9;1:24:54.785;16:09;0:27.249;0:50.190;0:49.120;252.9;Nick LEVENTIS;;LMP2;;Strakka Racing;Gibson;
42;0;32;2:05.037;0;;26.564;0;49.363;0;49.110;0;158.8;1:26:59.822;16:11;0:26.564;0:49.363;0:49.110;254.7;Nick LEVENTIS;;LMP2;;Strakka Racing;Gibson;
42;0;33;2:04.016;0;;26.556;0;47.868;1;49.592;0;160.1;1:29:03.838;16:14;0:26.556;0:47.868;0:49.592;255.9;Nick LEVENTIS;;LMP2;;Strakka Racing;Gibson;
42;0;34;2:03.264;0;;26.724;0;48.061;0;48.479;1;161.1;1:31:07.102;16:16;0:26.724;0:48.061;0:48.479;255.9;Nick LEVENTIS;;LMP2;;Strakka Racing;Gibson;
43;0;1;2:50.240;0;B;1:01.223;0;52.345;0;56.672;0;116.6;2:50.240;14:47;1:01.223;0:52.345;0:56.672;198.5;Pierre RAGUES;0:00:34.648;LMP2;;Team Sard Morand;Morgan;
43;0;2;5:18.073;0;;3:39.558;0;48.916;0;49.599;0;62.4;8:08.313;14:53;3:39.558;0:48.916;0:49.599;250.0;Pierre RAGUES;0:03:17.278;LMP2;;Team Sard Morand;Morgan;
43;0;3;2:02.967;0;;26.714;0;47.594;0;48.659;0;161.5;10:11.280;14:55;0:26.714;0:47.594;0:48.659;255.9;Pierre RAGUES;;LMP2;;Team Sard Morand;Morgan;
43;0;4;2:01.555;0;;26.319;0;46.571;0;48.665;0;163.4;12:12.835;14:57;0:26.319;0:46.571;0:48.665;258.4;Pierre RAGUES;;LMP2;;Team Sard Morand;Morgan;
43;0;5;2:03.640;0;B;26.280;0;47.828;0;49.532;0;160.6;14:16.475;14:59;0:26.280;0:47.828;0:49.532;256.5;Pierre RAGUES;;LMP2;;Team Sard Morand;Morgan;
43;0;6;5:53.059;0;;4:17.391;0;47.509;0;48.159;0;56.2;20:09.534;15:05;4:17.391;0:47.509;0:48.159;254.1;Pierre RAGUES;0:03:56.365;LMP2;;Team Sard Morand;Morgan;
43;0;7;2:01.456;0;;26.467;0;47.205;0;47.784;1;163.5;22:10.990;15:07;0:26.467;0:47.205;0:47.784;254.1;Pierre RAGUES;;LMP2;;Team Sard Morand;Morgan;
43;0;8;2:02.346;0;;26.311;0;46.889;0;49.146;0;162.3;24:13.336;15:09;0:26.311;0:46.889;0:49.146;257.1;Pierre RAGUES;;LMP2;;Team Sard Morand;Morgan;
43;0;9;2:00.697;0;;26.125;0;46.281;1;48.291;0;164.5;26:14.033;15:11;0:26.125;0:46.281;0:48.291;257.1;Pierre RAGUES;;LMP2;;Team Sard Morand;Morgan;
43;0;10;2:01.259;0;;26.050;2;46.750;0;48.459;0;163.8;28:15.292;15:13;0:26.050;0:46.750;0:48.459;259.6;Pierre RAGUES;;LMP2;;Team Sard Morand;Morgan;
43;0;11;2:01.435;0;;26.098;0;46.563;0;48.774;0;163.5;30:16.727;15:15;0:26.098;0:46.563;0:48.774;255.3;Pierre RAGUES;;LMP2;;Team Sard Morand;Morgan;
43;0;12;3:20.107;0;;26.327;0;1:28.001;0;1:25.779;0;99.2;33:36.834;15:18;0:26.327;1:28.001;1:25.779;79.8;Pierre RAGUES;;LMP2;;Team Sard Morand;Morgan;
43;0;13;4:05.403;0;B;58.805;0;1:43.100;0;1:23.498;0;80.9;37:42.237;15:22;0:58.805;1:43.100;1:23.498;79.8;Pierre RAGUES;;LMP2;;Team Sard Morand;Morgan;
43;1;14;4:55.076;0;;3:13.109;0;50.889;0;51.078;0;67.3;42:37.313;15:27;3:13.109;0:50.889;0:51.078;203.4;Oliver WEBB;0:02:47.323;LMP2;;Team Sard Morand;Morgan;
43;1;15;2:05.559;0;;28.360;0;48.299;0;48.900;0;158.2;44:42.872;15:29;0:28.360;0:48.299;0:48.900;250.0;Oliver WEBB;;LMP2;;Team Sard Morand;Morgan;
43;1;16;2:01.622;0;;26.673;0;46.715;0;48.234;0;163.3;46:44.494;15:31;0:26.673;0:46.715;0:48.234;252.9;Oliver WEBB;;LMP2;;Team Sard Morand;Morgan;
43;1;17;2:00.793;0;;26.398;0;46.204;0;48.191;0;164.4;48:45.287;15:33;0:26.398;0:46.204;0:48.191;255.3;Oliver WEBB;;LMP2;;Team Sard Morand;Morgan;
43;1;18;2:02.917;0;;26.529;0;47.768;0;48.620;0;161.6;50:48.204;15:35;0:26.529;0:47.768;0:48.620;250.6;Oliver WEBB;;LMP2;;Team Sard Morand;Morgan;
43;1;19;1:59.489;2;;26.118;1;46.003;0;47.368;2;166.2;52:47.693;15:37;0:26.118;0:46.003;0:47.368;256.5;Oliver WEBB;;LMP2;;Team Sard Morand;Morgan;
43;1;20;2:01.498;0;;26.381;0;47.006;0;48.111;0;163.4;54:49.191;15:39;0:26.381;0:47.006;0:48.111;255.9;Oliver WEBB;;LMP2;;Team Sard Morand;Morgan;
43;1;21;2:02.485;0;;26.188;0;46.749;0;49.548;0;162.1;56:51.676;15:41;0:26.188;0:46.749;0:49.548;257.8;Oliver WEBB;;LMP2;;Team Sard Morand;Morgan;
43;1;22;2:00.298;0;;26.324;0;45.935;2;48.039;0;165.1;58:51.974;15:43;0:26.324;0:45.935;0:48.039;258.4;Oliver WEBB;;LMP2;;Team Sard Morand;Morgan;
43;1;23;2:54.731;0;B;27.463;0;1:02.546;0;1:24.722;0;113.6;1:01:46.705;15:46;0:27.463;1:02.546;1:24.722;79.9;Oliver WEBB;;LMP2;;Team Sard Morand;Morgan;
43;2;24;5:26.934;0;;3:45.687;0;50.562;0;50.685;0;60.7;1:07:13.639;15:52;3:45.687;0:50.562;0:50.685;250.6;Archie HAMILTON;0:03:21.834;LMP2;;Team Sard Morand;Morgan;
43;2;25;2:05.142;0;;27.325;0;48.052;0;49.765;0;158.7;1:09:18.781;15:54;0:27.325;0:48.052;0:49.765;253.5;Archie HAMILTON;;LMP2;;Team Sard Morand;Morgan;
43;2;26;2:08.587;0;;26.883;0;49.770;0;51.934;0;154.4;1:11:27.368;15:56;0:26.883;0:49.770;0:51.934;252.3;Archie HAMILTON;;LMP2;;Team Sard Morand;Morgan;
43;2;27;2:03.307;0;;26.498;0;47.598;0;49.211;0;161.0;1:13:30.675;15:58;0:26.498;0:47.598;0:49.211;255.9;Archie HAMILTON;;LMP2;;Team Sard Morand;Morgan;
43;2;28;2:02.474;0;;26.278;0;47.658;0;48.538;0;162.1;1:15:33.149;16:00;0:26.278;0:47.658;0:48.538;255.3;Archie HAMILTON;;LMP2;;Team Sard Morand;Morgan;
43;2;29;2:02.301;0;;26.323;0;47.638;0;48.340;0;162.4;1:17:35.450;16:02;0:26.323;0:47.638;0:48.340;254.1;Archie HAMILTON;;LMP2;;Team Sard Morand;Morgan;
43;2;30;2:03.629;0;;26.953;0;47.723;0;48.953;0;160.6;1:19:39.079;16:04;0:26.953;0:47.723;0:48.953;252.9;Archie HAMILTON;;LMP2;;Team Sard Morand;Morgan;
43;2;31;2:03.049;0;;26.105;0;48.271;0;48.673;0;161.4;1:21:42.128;16:06;0:26.105;0:48.271;0:48.673;249.4;Archie HAMILTON;;LMP2;;Team Sard Morand;Morgan;
43;2;32;2:02.073;0;;26.205;0;47.624;0;48.244;0;162.7;1:23:44.201;16:08;0:26.205;0:47.624;0:48.244;254.1;Archie HAMILTON;;LMP2;;Team Sard Morand;Morgan;
43;2;33;2:01.103;0;;26.146;0;47.109;0;47.848;1;164.0;1:25:45.304;16:10;0:26.146;0:47.109;0:47.848;253.5;Archie HAMILTON;;LMP2;;Team Sard Morand;Morgan;
43;2;34;2:01.133;0;;26.174;0;47.065;0;47.894;0;163.9;1:27:46.437;16:12;0:26.174;0:47.065;0:47.894;254.1;Archie HAMILTON;;LMP2;;Team Sard Morand;Morgan;
43;2;35;2:01.854;0;;26.079;1;47.201;0;48.574;0;163.0;1:29:48.291;16:14;0:26.079;0:47.201;0:48.574;256.5;Archie HAMILTON;;LMP2;;Team Sard Morand;Morgan;
43;2;36;2:02.428;0;;26.262;0;47.037;1;49.129;0;162.2;1:31:50.719;16:16;0:26.262;0:47.037;0:49.129;254.7;Archie HAMILTON;;LMP2;;Team Sard Morand;Morgan;
47;1;1;3:50.250;0;B;1:49.816;0;57.330;0;1:03.104;0;86.2;3:50.250;14:48;1:49.816;0:57.330;1:03.104;177.3;Richard BRADLEY;0:01:19.908;LMP2;;KCMG;Oreca;
47;1;2;5:06.880;0;;3:24.466;0;50.549;0;51.865;0;64.7;8:57.130;14:53;3:24.466;0:50.549;0:51.865;220.0;Richard BRADLEY;0:02:58.297;LMP2;;KCMG;Oreca;
47;1;3;2:03.475;0;;26.770;0;47.667;0;49.038;0;160.8;11:00.605;14:56;0:26.770;0:47.667;0:49.038;255.9;Richard BRADLEY;;LMP2;;KCMG;Oreca;
47;1;4;1:59.410;0;;25.831;0;46.184;0;47.395;0;166.3;13:00.015;14:58;0:25.831;0:46.184;0:47.395;262.8;Richard BRADLEY;;LMP2;;KCMG;Oreca;
47;1;5;1:58.617;0;;25.639;0;45.711;0;47.267;0;167.4;14:58.632;14:59;0:25.639;0:45.711;0:47.267;262.8;Richard BRADLEY;;LMP2;;KCMG;Oreca;
47;1;6;1:58.036;0;;25.590;0;45.533;0;46.913;1;168.2;16:56.668;15:01;0:25.590;0:45.533;0:46.913;264.1;Richard BRADLEY;;LMP2;;KCMG;Oreca;
47;1;7;1:58.179;0;;25.536;1;45.448;1;47.195;0;168.0;18:54.847;15:03;0:25.536;0:45.448;0:47.195;264.1;Richard BRADLEY;;LMP2;;KCMG;Oreca;
47;1;8;1:58.600;0;;25.630;0;45.783;0;47.187;0;167.4;20:53.447;15:05;0:25.630;0:45.783;0:47.187;263.4;Richard BRADLEY;;LMP2;;KCMG;Oreca;
47;1;9;2:07.151;0;B;26.128;0;46.966;0;54.057;0;156.2;23:00.598;15:08;0:26.128;0:46.966;0:54.057;261.5;Richard BRADLEY;;LMP2;;KCMG;Oreca;
47;2;10;6:07.737;0;;4:32.087;0;47.291;0;48.359;0;54.0;29:08.335;15:14;4:32.087;0:47.291;0:48.359;262.8;Nicolas LAPIERRE;0:04:06.923;LMP2;;KCMG;Oreca;
47;2;11;2:05.351;0;;25.898;0;45.716;0;53.737;0;158.4;31:13.686;15:16;0:25.898;0:45.716;0:53.737;264.1;Nicolas LAPIERRE;;LMP2;;KCMG;Oreca;
47;2;12;4:06.120;0;;59.351;0;1:42.384;0;1:24.385;0;80.7;35:19.806;15:20;0:59.351;1:42.384;1:24.385;79.3;Nicolas LAPIERRE;;LMP2;;KCMG;Oreca;
47;2;13;3:47.480;0;;1:01.587;0;1:43.659;0;1:02.234;0;87.3;39:07.286;15:24;1:01.587;1:43.659;1:02.234;77.0;Nicolas LAPIERRE;;LMP2;;KCMG;Oreca;
47;2;14;1:59.676;0;;26.470;0;45.496;0;47.710;0;165.9;41:06.962;15:26;0:26.470;0:45.496;0:47.710;264.1;Nicolas LAPIERRE;;LMP2;;KCMG;Oreca;
47;2;15;2:00.218;0;;25.892;0;46.410;0;47.916;0;165.2;43:07.180;15:28;0:25.892;0:46.410;0:47.916;266.7;Nicolas LAPIERRE;;LMP2;;KCMG;Oreca;
47;2;16;2:00.318;0;;26.264;0;46.272;0;47.782;0;165.0;45:07.498;15:30;0:26.264;0:46.272;0:47.782;264.7;Nicolas LAPIERRE;;LMP2;;KCMG;Oreca;
47;2;17;1:59.842;0;;25.508;0;46.968;0;47.366;0;165.7;47:07.340;15:32;0:25.508;0:46.968;0:47.366;264.7;Nicolas LAPIERRE;;LMP2;;KCMG;Oreca;
47;2;18;1:57.764;2;;25.503;0;45.512;0;46.749;2;168.6;49:05.104;15:34;0:25.503;0:45.512;0:46.749;265.4;Nicolas LAPIERRE;;LMP2;;KCMG;Oreca;
47;2;19;1:58.238;0;;25.346;2;45.205;0;47.687;0;167.9;51:03.342;15:36;0:25.346;0:45.205;0:47.687;267.3;Nicolas LAPIERRE;;LMP2;;KCMG;Oreca;
47;2;20;2:00.772;0;B;25.905;0;45.055;2;49.812;0;164.4;53:04.114;15:38;0:25.905;0:45.055;0:49.812;266.7;Nicolas LAPIERRE;;LMP2;;KCMG;Oreca;
47;0;21;4:53.613;0;;3:15.312;0;48.716;0;49.585;0;67.6;57:57.727;15:42;3:15.312;0:48.716;0:49.585;248.3;Matthew HOWSON;0:02:49.237;LMP2;;KCMG;Oreca;
47;0;22;2:04.336;0;;26.225;0;47.330;0;50.781;0;159.7;1:00:02.063;15:45;0:26.225;0:47.330;0:50.781;265.4;Matthew HOWSON;;LMP2;;KCMG;Oreca;
47;0;23;3:28.808;0;;1:00.162;0;1:38.577;0;50.069;0;95.1;1:03:30.871;15:48;1:00.162;1:38.577;0:50.069;216.9;Matthew HOWSON;;LMP2;;KCMG;Oreca;
47;0;24;2:00.502;0;;26.025;0;46.560;0;47.917;0;164.8;1:05:31.373;15:50;0:26.025;0:46.560;0:47.917;265.4;Matthew HOWSON;;LMP2;;KCMG;Oreca;
47;0;25;2:03.475;0;;27.411;0;48.002;0;48.062;0;160.8;1:07:34.848;15:52;0:27.411;0:48.002;0:48.062;264.7;Matthew HOWSON;;LMP2;;KCMG;Oreca;
47;0;26;1:59.219;0;;25.806;0;46.086;0;47.327;1;166.6;1:09:34.067;15:54;0:25.806;0:46.086;0:47.327;264.7;Matthew HOWSON;;LMP2;;KCMG;Oreca;
47;0;27;2:05.191;0;B;25.798;1;46.057;1;53.336;0;158.6;1:11:39.258;15:56;0:25.798;0:46.057;0:53.336;264.7;Matthew HOWSON;;LMP2;;KCMG;Oreca;
47;0;28;4:12.876;0;;2:34.447;0;49.311;0;49.118;0;78.5;1:15:52.134;16:00;2:34.447;0:49.311;0:49.118;260.9;Matthew HOWSON;0:02:13.319;LMP2;;KCMG;Oreca;
47;0;29;2:07.663;0;B;26.484;0;47.403;0;53.776;0;155.5;1:17:59.797;16:02;0:26.484;0:47.403;0:53.776;240.5;Matthew HOWSON;;LMP2;;KCMG;Oreca;
50;1;1;3:32.474;0;B;1:33.835;0;55.808;0;1:02.831;0;93.5;3:32.474;14:48;1:33.835;0:55.808;1:02.831;202.6;Paolo RUBERTI;0:01:04.991;LMGTE Am;;Larbre Competition;Chevrolet;
50;1;2;4:43.738;0;;2:58.931;0;51.933;0;52.874;0;70.0;8:16.212;14:53;2:58.931;0:51.933;0:52.874;203.8;Paolo RUBERTI;0:02:33.545;LMGTE Am;;Larbre Competition;Chevrolet;
50;1;3;2:09.275;0;;28.252;0;49.731;0;51.292;0;153.6;10:25.487;14:55;0:28.252;0:49.731;0:51.292;243.2;Paolo RUBERTI;;LMGTE Am;;Larbre Competition;Chevrolet;
50;1;4;2:08.224;2;;27.626;2;49.724;2;50.874;2;154.9;12:33.711;14:57;0:27.626;0:49.724;0:50.874;248.8;Paolo RUBERTI;;LMGTE Am;;Larbre Competition;Chevrolet;
50;1;5;2:11.534;0;B;27.846;0;50.426;0;53.262;0;151.0;14:45.245;14:59;0:27.846;0:50.426;0:53.262;248.8;Paolo RUBERTI;;LMGTE Am;;Larbre Competition;Chevrolet;
50;1;6;6:35.450;0;;4:51.128;0;51.970;0;52.352;0;50.2;21:20.695;15:06;4:51.128;0:51.970;0:52.352;246.0;Paolo RUBERTI;0:04:26.942;LMGTE Am;;Larbre Competition;Chevrolet;
50;1;7;2:09.229;0;;27.946;0;50.305;0;50.978;0;153.7;23:29.924;15:08;0:27.946;0:50.305;0:50.978;248.3;Paolo RUBERTI;;LMGTE Am;;Larbre Competition;Chevrolet;
50;1;8;2:08.636;0;;27.671;0;49.824;0;51.141;0;154.4;25:38.560;15:10;0:27.671;0:49.824;0:51.141;249.4;Paolo RUBERTI;;LMGTE Am;;Larbre Competition;Chevrolet;
50;1;9;2:08.696;0;;27.676;0;49.831;0;51.189;0;154.3;27:47.256;15:12;0:27.676;0:49.831;0:51.189;249.4;Paolo RUBERTI;;LMGTE Am;;Larbre Competition;Chevrolet;
50;1;10;2:11.738;0;B;27.961;0;49.928;0;53.849;0;150.7;29:58.994;15:14;0:27.961;0:49.928;0:53.849;249.4;Paolo RUBERTI;;LMGTE Am;;Larbre Competition;Chevrolet;
50;2;11;12:11.515;0;;10:25.177;0;52.974;0;53.364;0;27.1;42:10.509;15:27;10:25.177;0:52.974;0:53.364;245.5;Kristian POULSEN;0:10:00.074;LMGTE Am;;Larbre Competition;Chevrolet;
50;2;12;2:12.083;0;;28.575;0;51.246;0;52.262;0;150.3;44:22.592;15:29;0:28.575;0:51.246;0:52.262;248.3;Kristian POULSEN;;LMGTE Am;;Larbre Competition;Chevrolet;
50;2;13;2:12.008;0;;28.139;0;50.629;0;53.240;0;150.4;46:34.600;15:31;0:28.139;0:50.629;0:53.240;249.4;Kristian POULSEN;;LMGTE Am;;Larbre Competition;Chevrolet;
50;2;14;2:10.605;0;;28.070;0;50.219;1;52.316;0;152.0;48:45.205;15:33;0:28.070;0:50.219;0:52.316;249.4;Kristian POULSEN;;LMGTE Am;;Larbre Competition;Chevrolet;
50;2;15;2:14.766;0;B;28.109;0;50.603;0;56.054;0;147.3;50:59.971;15:35;0:28.109;0:50.603;0:56.054;249.4;Kristian POULSEN;;LMGTE Am;;Larbre Competition;Chevrolet;
50;2;16;8:08.170;0;;6:23.872;0;51.024;0;53.274;0;40.7;59:08.141;15:44;6:23.872;0:51.024;0:53.274;248.8;Kristian POULSEN;0:05:58.185;LMGTE Am;;Larbre Competition;Chevrolet;
50;2;17;3:26.605;0;;28.162;0;1:31.889;0;1:26.554;0;96.1;1:02:34.746;15:47;0:28.162;1:31.889;1:26.554;78.1;Kristian POULSEN;;LMGTE Am;;Larbre Competition;Chevrolet;
50;2;18;2:11.768;0;;28.664;0;50.867;0;52.237;0;150.7;1:04:46.514;15:49;0:28.664;0:50.867;0:52.237;248.3;Kristian POULSEN;;LMGTE Am;;Larbre Competition;Chevrolet;
50;2;19;2:10.470;0;;27.907;1;50.606;0;51.957;1;152.2;1:06:56.984;15:51;0:27.907;0:50.606;0:51.957;248.3;Kristian POULSEN;;LMGTE Am;;Larbre Competition;Chevrolet;
50;2;20;2:13.929;0;B;28.002;0;50.464;0;55.463;0;148.3;1:09:10.913;15:54;0:28.002;0:50.464;0:55.463;250.0;Kristian POULSEN;;LMGTE Am;;Larbre Competition;Chevrolet;
50;0;21;4:38.048;0;;2:48.220;0;55.420;0;54.408;0;71.4;1:13:48.961;15:58;2:48.220;0:55.420;0:54.408;220.9;Gianluca RODA;0:02:22.014;LMGTE Am;;Larbre Competition;Chevrolet;
50;0;22;2:13.053;0;;28.589;0;51.216;0;53.248;0;149.2;1:16:02.014;16:01;0:28.589;0:51.216;0:53.248;238.4;Gianluca RODA;;LMGTE Am;;Larbre Competition;Chevrolet;
50;0;23;2:12.211;0;;28.487;0;51.010;0;52.714;0;150.2;1:18:14.225;16:03;0:28.487;0:51.010;0:52.714;247.7;Gianluca RODA;;LMGTE Am;;Larbre Competition;Chevrolet;
50;0;24;2:11.407;0;;28.278;0;50.938;0;52.191;1;151.1;1:20:25.632;16:05;0:28.278;0:50.938;0:52.191;247.7;Gianluca RODA;;LMGTE Am;;Larbre Competition;Chevrolet;
50;0;25;2:13.369;0;;28.199;0;52.587;0;52.583;0;148.9;1:22:39.001;16:07;0:28.199;0:52.587;0:52.583;247.7;Gianluca RODA;;LMGTE Am;;Larbre Competition;Chevrolet;
50;0;26;2:12.911;0;;28.167;0;51.647;0;53.097;0;149.4;1:24:51.912;16:09;0:28.167;0:51.647;0:53.097;247.7;Gianluca RODA;;LMGTE Am;;Larbre Competition;Chevrolet;
50;0;27;2:12.725;0;;28.502;0;50.970;0;53.253;0;149.6;1:27:04.637;16:12;0:28.502;0:50.970;0:53.253;250.0;Gianluca RODA;;LMGTE Am;;Larbre Competition;Chevrolet;
50;0;28;2:18.805;0;B;27.923;1;50.610;1;1:00.272;0;143.1;1:29:23.442;16:14;0:27.923;0:50.610;1:00.272;249.4;Gianluca RODA;;LMGTE Am;;Larbre Competition;Chevrolet;
51;1;1;3:07.833;0;;1:15.702;0;56.295;0;55.836;0;105.7;3:07.833;14:48;1:15.702;0:56.295;0:55.836;197.1;Toni VILANDER;0:00:45.760;LMGTE Pro;;AF Corse;Ferrari;
51;1;2;2:15.286;0;;29.323;0;52.212;0;53.751;0;146.8;5:23.119;14:50;0:29.323;0:52.212;0:53.751;213.4;Toni VILANDER;;LMGTE Pro;;AF Corse;Ferrari;
51;1;3;2:08.957;0;;27.882;0;49.760;0;51.315;0;154.0;7:32.076;14:52;0:27.882;0:49.760;0:51.315;246.6;Toni VILANDER;;LMGTE Pro;;AF Corse;Ferrari;
51;1;4;2:11.436;0;;27.360;0;49.275;0;54.801;0;151.1;9:43.512;14:54;0:27.360;0:49.275;0:54.801;254.7;Toni VILANDER;;LMGTE Pro;;AF Corse;Ferrari;
51;1;5;2:07.984;0;;27.483;0;49.250;0;51.251;0;155.2;11:51.496;14:56;0:27.483;0:49.250;0:51.251;250.0;Toni VILANDER;;LMGTE Pro;;AF Corse;Ferrari;
51;1;6;2:13.862;0;;27.317;0;49.415;0;57.130;0;148.3;14:05.358;14:59;0:27.317;0:49.415;0:57.130;234.8;Toni VILANDER;;LMGTE Pro;;AF Corse;Ferrari;
51;1;7;2:07.670;0;;27.175;2;49.348;0;51.147;0;155.5;16:13.028;15:01;0:27.175;0:49.348;0:51.147;257.1;Toni VILANDER;;LMGTE Pro;;AF Corse;Ferrari;
51;1;8;2:07.483;0;;27.302;0;49.311;0;50.870;2;155.8;18:20.511;15:03;0:27.302;0:49.311;0:50.870;255.3;Toni VILANDER;;LMGTE Pro;;AF Corse;Ferrari;
51;1;9;2:07.353;2;;27.199;0;49.134;2;51.020;0;155.9;20:27.864;15:05;0:27.199;0:49.134;0:51.020;257.1;Toni VILANDER;;LMGTE Pro;;AF Corse;Ferrari;
51;1;10;2:15.171;0;B;27.811;0;51.011;0;56.349;0;146.9;22:43.035;15:07;0:27.811;0:51.011;0:56.349;250.6;Toni VILANDER;;LMGTE Pro;;AF Corse;Ferrari;
7;1;1;2:45.364;0;B;52.744;0;53.927;0;58.693;0;120.1;2:45.364;14:47;0:52.744;0:53.927;0:58.693;199.6;André LOTTERER;0:00:27.804;LMP1;H;Audi Sport Team Joest;Audi;
7;1;2;5:25.773;0;;3:58.378;0;42.874;2;44.521;2;61.0;8:11.137;14:53;3:58.378;0:42.874;0:44.521;289.5;André LOTTERER;0:03:38.040;LMP1;H;Audi Sport Team Joest;Audi;
7;1;3;1:53.471;2;;24.282;0;43.669;0;45.520;0;175.0;10:04.608;14:55;0:24.282;0:43.669;0:45.520;246.6;André LOTTERER;;LMP1;H;Audi Sport Team Joest;Audi;
7;1;4;1:59.299;0;B;23.292;2;43.259;0;52.748;0;166.5;12:03.907;14:57;0:23.292;0:43.259;0:52.748;250.6;André LOTTERER;;LMP1;H;Audi Sport Team Joest;Audi;
71;1;1;3:33.741;0;B;1:37.587;0;55.050;0;1:01.104;0;92.9;3:33.741;14:48;1:37.587;0:55.050;1:01.104;227.8;James CALADO;0:01:12.062;LMGTE Pro;;AF Corse;Ferrari;
71;1;2;4:13.137;0;;2:21.144;0;56.609;0;55.384;0;78.4;7:46.878;14:52;2:21.144;0:56.609;0:55.384;194.9;James CALADO;0:01:58.589;LMGTE Pro;;AF Corse;Ferrari;
71;1;3;2:16.097;0;;27.719;0;50.301;0;58.077;0;145.9;10:02.975;14:55;0:27.719;0:50.301;0:58.077;218.6;James CALADO;;LMGTE Pro;;AF Corse;Ferrari;
71;1;4;2:07.893;0;;27.685;0;49.415;0;50.793;0;155.3;12:10.868;14:57;0:27.685;0:49.415;0:50.793;251.2;James CALADO;;LMGTE Pro;;AF Corse;Ferrari;
71;1;5;2:15.288;0;;27.870;0;51.503;0;55.915;0;146.8;14:26.156;14:59;0:27.870;0:51.503;0:55.915;248.3;James CALADO;;LMGTE Pro;;AF Corse;Ferrari;
71;1;6;2:07.891;0;;27.453;0;49.492;0;50.946;0;155.3;16:34.047;15:01;0:27.453;0:49.492;0:50.946;251.7;James CALADO;;LMGTE Pro;;AF Corse;Ferrari;
71;1;7;2:10.259;0;B;27.728;0;49.861;0;52.670;0;152.4;18:44.306;15:03;0:27.728;0:49.861;0:52.670;237.9;James CALADO;;LMGTE Pro;;AF Corse;Ferrari;
71;1;8;5:40.202;0;;3:55.848;0;50.027;0;54.327;0;58.4;24:24.508;15:09;3:55.848;0:50.027;0:54.327;248.3;James CALADO;0:03:30.734;LMGTE Pro;;AF Corse;Ferrari;
71;1;9;2:09.763;0;;27.491;0;50.677;0;51.595;0;153.0;26:34.271;15:11;0:27.491;0:50.677;0:51.595;250.0;James CALADO;;LMGTE Pro;;AF Corse;Ferrari;
71;1;10;2:07.545;0;;27.507;0;49.268;0;50.770;0;155.7;28:41.816;15:13;0:27.507;0:49.268;0:50.770;251.7;James CALADO;;LMGTE Pro;;AF Corse;Ferrari;
71;1;11;2:12.052;0;B;27.937;0;50.158;0;53.957;0;150.4;30:53.868;15:15;0:27.937;0:50.158;0:53.957;242.7;James CALADO;;LMGTE Pro;;AF Corse;Ferrari;
71;1;12;10:09.578;0;;8:25.352;0;50.721;0;53.505;0;32.6;41:03.446;15:26;8:25.352;0:50.721;0:53.505;252.3;James CALADO;0:08:01.727;LMGTE Pro;;AF Corse;Ferrari;
71;1;13;2:15.935;0;;27.356;0;54.160;0;54.419;0;146.1;43:19.381;15:28;0:27.356;0:54.160;0:54.419;193.5;James CALADO;;LMGTE Pro;;AF Corse;Ferrari;
71;1;14;2:07.264;0;;27.373;0;49.374;0;50.517;0;156.0;45:26.645;15:30;0:27.373;0:49.374;0:50.517;251.7;James CALADO;;LMGTE Pro;;AF Corse;Ferrari;
71;1;15;2:07.209;0;;27.391;0;49.269;0;50.549;0;156.1;47:33.854;15:32;0:27.391;0:49.269;0:50.549;252.9;James CALADO;;LMGTE Pro;;AF Corse;Ferrari;
71;1;16;2:06.753;2;;27.270;2;49.062;2;50.421;2;156.7;49:40.607;15:34;0:27.270;0:49.062;0:50.421;252.3;James CALADO;;LMGTE Pro;;AF Corse;Ferrari;
71;1;17;2:09.767;0;B;27.711;0;49.493;0;52.563;0;153.0;51:50.374;15:36;0:27.711;0:49.493;0:52.563;250.6;James CALADO;;LMGTE Pro;;AF Corse;Ferrari;
71;0;18;4:16.642;0;;2:29.858;0;53.103;0;53.681;0;77.4;56:07.016;15:41;2:29.858;0:53.103;0:53.681;197.4;Davide RIGON;0:02:06.706;LMGTE Pro;;AF Corse;Ferrari;
71;0;19;2:09.377;0;;27.938;0;50.074;0;51.365;0;153.5;58:16.393;15:43;0:27.938;0:50.074;0:51.365;251.7;Davide RIGON;;LMGTE Pro;;AF Corse;Ferrari;
71;0;20;2:35.557;0;;27.621;0;49.876;0;1:18.060;0;127.7;1:00:51.950;15:45;0:27.621;0:49.876;1:18.060;252.3;Davide RIGON;;LMGTE Pro;;AF Corse;Ferrari;
71;0;21;3:00.719;0;;59.087;0;1:09.824;0;51.808;0;109.9;1:03:52.669;15:48;0:59.087;1:09.824;0:51.808;250.6;Davide RIGON;;LMGTE Pro;;AF Corse;Ferrari;
71;0;22;2:09.344;0;;27.565;0;49.807;0;51.972;0;153.5;1:06:02.013;15:51;0:27.565;0:49.807;0:51.972;252.3;Davide RIGON;;LMGTE Pro;;AF Corse;Ferrari;
71;0;23;2:09.069;0;;27.610;0;50.336;0;51.123;0;153.9;1:08:11.082;15:53;0:27.610;0:50.336;0:51.123;250.6;Davide RIGON;;LMGTE Pro;;AF Corse;Ferrari;
71;0;24;2:09.209;0;;27.442;0;49.449;0;52.318;0;153.7;1:10:20.291;15:55;0:27.442;0:49.449;0:52.318;252.3;Davide RIGON;;LMGTE Pro;;AF Corse;Ferrari;
71;0;25;2:08.426;0;;27.874;0;49.611;0;50.941;0;154.6;1:12:28.717;15:57;0:27.874;0:49.611;0:50.941;252.3;Davide RIGON;;LMGTE Pro;;AF Corse;Ferrari;
71;0;26;2:07.760;0;;27.419;0;49.469;0;50.872;0;155.4;1:14:36.477;15:59;0:27.419;0:49.469;0:50.872;251.7;Davide RIGON;;LMGTE Pro;;AF Corse;Ferrari;
71;0;27;2:07.774;0;;27.452;0;49.350;0;50.972;0;155.4;1:16:44.251;16:01;0:27.452;0:49.350;0:50.972;251.7;Davide RIGON;;LMGTE Pro;;AF Corse;Ferrari;
71;0;28;2:07.710;0;;27.670;0;49.398;0;50.642;0;155.5;1:18:51.961;16:03;0:27.670;0:49.398;0:50.642;251.2;Davide RIGON;;LMGTE Pro;;AF Corse;Ferrari;
71;0;29;2:10.004;0;B;27.464;0;49.628;0;52.912;0;152.7;1:21:01.965;16:06;0:27.464;0:49.628;0:52.912;251.2;Davide RIGON;;LMGTE Pro;;AF Corse;Ferrari;
71;0;30;3:21.015;0;;1:39.637;0;50.498;0;50.880;0;98.8;1:24:22.980;16:09;1:39.637;0:50.498;0:50.880;249.4;Davide RIGON;0:01:17.249;LMGTE Pro;;AF Corse;Ferrari;
71;0;31;2:08.253;0;;27.690;0;49.597;0;50.966;0;154.8;1:26:31.233;16:11;0:27.690;0:49.597;0:50.966;238.9;Davide RIGON;;LMGTE Pro;;AF Corse;Ferrari;
71;0;32;2:07.358;0;;27.408;0;49.517;0;50.433;1;155.9;1:28:38.591;16:13;0:27.408;0:49.517;0:50.433;251.2;Davide RIGON;;LMGTE Pro;;AF Corse;Ferrari;
71;0;33;2:07.746;0;;27.368;1;49.241;1;51.137;0;155.4;1:30:46.337;16:15;0:27.368;0:49.241;0:51.137;252.3;Davide RIGON;;LMGTE Pro;;AF Corse;Ferrari;
72;1;1;3:51.531;0;B;1:56.784;0;53.694;0;1:01.053;0;85.8;3:51.531;14:48;1:56.784;0:53.694;1:01.053;211.4;Andrea BERTOLINI;0:01:30.613;LMGTE Am;;SMP Racing;Ferrari;
72;1;2;4:59.116;0;;3:12.337;0;52.024;0;54.755;0;66.4;8:50.647;14:53;3:12.337;0:52.024;0:54.755;237.4;Andrea BERTOLINI;0:02:49.262;LMGTE Am;;SMP Racing;Ferrari;
72;1;3;2:09.589;0;;27.793;0;49.992;0;51.804;0;153.2;11:00.236;14:56;0:27.793;0:49.992;0:51.804;250.0;Andrea BERTOLINI;;LMGTE Am;;SMP Racing;Ferrari;
72;1;4;2:14.211;0;B;27.756;0;51.450;0;55.005;0;148.0;13:14.447;14:58;0:27.756;0:51.450;0:55.005;212.6;Andrea BERTOLINI;;LMGTE Am;;SMP Racing;Ferrari;
72;1;5;9:24.675;0;B;;0;;0;;0;35.2;22:39.122;15:07;;;;;Andrea BERTOLINI;;LMGTE Am;;SMP Racing;Ferrari;
72;1;6;5:11.075;0;;3:21.931;0;52.442;0;56.702;0;63.8;27:50.197;15:12;3:21.931;0:52.442;0:56.702;244.3;Andrea BERTOLINI;0:12:20.260;LMGTE Am;;SMP Racing;Ferrari;
72;1;7;2:09.265;0;;27.846;0;49.933;0;51.486;0;153.6;29:59.462;15:14;0:27.846;0:49.933;0:51.486;252.3;Andrea BERTOLINI;;LMGTE Am;;SMP Racing;Ferrari;
72;1;8;3:09.160;0;B;27.477;0;1:17.354;0;1:24.329;0;105.0;33:08.622;15:18;0:27.477;1:17.354;1:24.329;80.2;Andrea BERTOLINI;;LMGTE Am;;SMP Racing;Ferrari;
72;1;9;8:09.801;0;;6:24.199;0;52.353;0;53.249;0;40.5;41:18.423;15:26;6:24.199;0:52.353;0:53.249;250.0;Andrea BERTOLINI;0:05:59.969;LMGTE Am;;SMP Racing;Ferrari;
72;1;10;2:09.616;0;;28.344;0;50.048;0;51.224;2;153.2;43:28.039;15:28;0:28.344;0:50.048;0:51.224;252.3;Andrea BERTOLINI;;LMGTE Am;;SMP Racing;Ferrari;
72;1;11;2:09.422;0;;27.767;0;50.222;0;51.433;0;153.4;45:37.461;15:30;0:27.767;0:50.222;0:51.433;254.1;Andrea BERTOLINI;;LMGTE Am;;SMP Racing;Ferrari;
72;1;12;2:09.012;2;;27.562;0;49.929;0;51.521;0;153.9;47:46.473;15:32;0:27.562;0:49.929;0:51.521;252.9;Andrea BERTOLINI;;LMGTE Am;;SMP Racing;Ferrari;
72;1;13;2:12.043;0;B;27.455;2;50.318;0;54.270;0;150.4;49:58.516;15:34;0:27.455;0:50.318;0:54.270;242.7;Andrea BERTOLINI;;LMGTE Am;;SMP Racing;Ferrari;
72;1;14;5:00.400;0;;3:17.994;0;50.677;0;51.729;0;66.1;54:58.916;15:39;3:17.994;0:50.677;0:51.729;250.0;Andrea BERTOLINI;0:02:55.057;LMGTE Am;;SMP Racing;Ferrari;
72;1;15;2:09.111;0;;27.694;0;49.898;2;51.519;0;153.8;57:08.027;15:42;0:27.694;0:49.898;0:51.519;252.3;Andrea BERTOLINI;;LMGTE Am;;SMP Racing;Ferrari;
72;1;16;2:12.756;0;B;27.629;0;50.667;0;54.460;0;149.6;59:20.783;15:44;0:27.629;0:50.667;0:54.460;250.6;Andrea BERTOLINI;;LMGTE Am;;SMP Racing;Ferrari;
72;2;17;4:49.908;0;;2:50.785;0;1:03.080;0;56.043;0;68.5;1:04:10.691;15:49;2:50.785;1:03.080;0:56.043;251.7;Aleksey BASOV;0:02:07.993;LMGTE Am;;SMP Racing;Ferrari;
72;2;18;2:14.456;0;;29.286;0;51.932;0;53.238;0;147.7;1:06:25.147;15:51;0:29.286;0:51.932;0:53.238;245.5;Aleksey BASOV;;LMGTE Am;;SMP Racing;Ferrari;
72;2;19;2:12.230;0;;28.292;0;50.990;0;52.948;0;150.2;1:08:37.377;15:53;0:28.292;0:50.990;0:52.948;242.2;Aleksey BASOV;;LMGTE Am;;SMP Racing;Ferrari;
72;2;20;2:12.476;0;;28.528;0;51.031;0;52.917;0;149.9;1:10:49.853;15:55;0:28.528;0:51.031;0:52.917;238.4;Aleksey BASOV;;LMGTE Am;;SMP Racing;Ferrari;
72;2;21;2:11.827;0;;28.083;0;51.370;0;52.374;0;150.6;1:13:01.680;15:58;0:28.083;0:51.370;0:52.374;247.1;Aleksey BASOV;;LMGTE Am;;SMP Racing;Ferrari;
72;2;22;2:12.223;0;;28.573;0;51.622;0;52.028;1;150.2;1:15:13.903;16:00;0:28.573;0:51.622;0:52.028;250.0;Aleksey BASOV;;LMGTE Am;;SMP Racing;Ferrari;
72;2;23;2:11.452;0;;27.948;1;50.445;1;53.059;0;151.1;1:17:25.355;16:02;0:27.948;0:50.445;0:53.059;251.2;Aleksey BASOV;;LMGTE Am;;SMP Racing;Ferrari;
72;2;24;2:13.958;0;B;28.201;0;50.858;0;54.899;0;148.2;1:19:39.313;16:04;0:28.201;0:50.858;0:54.899;242.2;Aleksey BASOV;;LMGTE Am;;SMP Racing;Ferrari;
72;0;25;3:38.277;0;;1:54.567;0;51.392;0;52.318;0;91.0;1:23:17.590;16:08;1:54.567;0:51.392;0:52.318;227.4;Victor SHAYTAR;0:01:30.858;LMGTE Am;;SMP Racing;Ferrari;
72;0;26;2:11.339;0;;28.154;0;51.168;0;52.017;0;151.2;1:25:28.929;16:10;0:28.154;0:51.168;0:52.017;234.3;Victor SHAYTAR;;LMGTE Am;;SMP Racing;Ferrari;
72;0;27;2:09.990;0;;28.199;0;50.370;0;51.421;1;152.8;1:27:38.919;16:12;0:28.199;0:50.370;0:51.421;248.8;Victor SHAYTAR;;LMGTE Am;;SMP Racing;Ferrari;
72;0;28;2:09.065;0;;27.669;1;49.935;1;51.461;0;153.9;1:29:47.984;16:14;0:27.669;0:49.935;0:51.461;251.7;Victor SHAYTAR;;LMGTE Am;;SMP Racing;Ferrari;
72;0;29;2:10.165;0;;27.904;0;50.350;0;51.911;0;152.6;1:31:58.149;16:16;0:27.904;0:50.350;0:51.911;252.3;Victor SHAYTAR;;LMGTE Am;;SMP Racing;Ferrari;
77;1;1;3:27.390;0;B;1:26.823;0;58.739;0;1:01.828;0;95.8;3:27.390;14:48;1:26.823;0:58.739;1:01.828;182.4;Patrick LONG;0:00:57.126;LMGTE Am;;Dempsey - Proton Racing;Porsche;
77;1;2;4:07.404;0;;2:25.253;0;50.320;0;51.831;0;80.3;7:34.794;14:52;2:25.253;0:50.320;0:51.831;238.4;Patrick LONG;0:02:01.005;LMGTE Am;;Dempsey - Proton Racing;Porsche;
77;1;3;2:08.914;0;;27.627;0;49.624;0;51.663;0;154.0;9:43.708;14:54;0:27.627;0:49.624;0:51.663;253.5;Patrick LONG;;LMGTE Am;;Dempsey - Proton Racing;Porsche;
77;1;4;2:08.468;0;;27.778;0;49.528;0;51.162;0;154.6;11:52.176;14:56;0:27.778;0:49.528;0:51.162;243.8;Patrick LONG;;LMGTE Am;;Dempsey - Proton Racing;Porsche;
77;1;5;2:13.940;0;;27.630;0;51.480;0;54.830;0;148.3;14:06.116;14:59;0:27.630;0:51.480;0:54.830;235.3;Patrick LONG;;LMGTE Am;;Dempsey - Proton Racing;Porsche;
77;1;6;2:08.354;0;;27.637;0;49.640;0;51.077;0;154.7;16:14.470;15:01;0:27.637;0:49.640;0:51.077;249.4;Patrick LONG;;LMGTE Am;;Dempsey - Proton Racing;Porsche;
77;1;7;2:08.029;0;;27.470;0;49.616;0;50.943;0;155.1;18:22.499;15:03;0:27.470;0:49.616;0:50.943;254.1;Patrick LONG;;LMGTE Am;;Dempsey - Proton Racing;Porsche;
77;1;8;2:14.193;0;B;27.503;0;49.710;0;56.980;0;148.0;20:36.692;15:05;0:27.503;0:49.710;0:56.980;249.4;Patrick LONG;;LMGTE Am;;Dempsey - Proton Racing;Porsche;
77;1;9;15:15.312;0;;12:00.659;0;1:44.568;0;1:30.085;0;21.7;35:52.004;15:20;12:00.659;1:44.568;1:30.085;81.5;Patrick LONG;0:11:19.189;LMGTE Am;;Dempsey - Proton Racing;Porsche;
77;1;10;3:36.553;0;;1:00.689;0;1:42.563;0;53.301;0;91.7;39:28.557;15:24;1:00.689;1:42.563;0:53.301;159.8;Patrick LONG;;LMGTE Am;;Dempsey - Proton Racing;Porsche;
77;1;11;2:08.825;0;;27.766;0;49.490;0;51.569;0;154.1;41:37.382;15:26;0:27.766;0:49.490;0:51.569;252.3;Patrick LONG;;LMGTE Am;;Dempsey - Proton Racing;Porsche;
77;1;12;2:07.928;0;;27.524;0;49.326;0;51.078;0;155.2;43:45.310;15:28;0:27.524;0:49.326;0:51.078;252.3;Patrick LONG;;LMGTE Am;;Dempsey - Proton Racing;Porsche;
77;1;13;2:07.487;2;;27.437;0;49.165;2;50.885;2;155.8;45:52.797;15:30;0:27.437;0:49.165;0:50.885;254.7;Patrick LONG;;LMGTE Am;;Dempsey - Proton Racing;Porsche;
77;1;14;2:11.529;0;B;27.310;2;50.166;0;54.053;0;151.0;48:04.326;15:33;0:27.310;0:50.166;0:54.053;244.3;Patrick LONG;;LMGTE Am;;Dempsey - Proton Racing;Porsche;
77;0;15;4:00.774;0;;2:14.667;0;52.383;0;53.724;0;82.5;52:05.100;15:37;2:14.667;0:52.383;0:53.724;231.8;Patrick DEMPSEY;0:01:51.122;LMGTE Am;;Dempsey - Proton Racing;Porsche;
77;0;16;2:22.457;0;;28.116;0;51.469;0;1:02.872;0;139.4;54:27.557;15:39;0:28.116;0:51.469;1:02.872;251.7;Patrick DEMPSEY;;LMGTE Am;;Dempsey - Proton Racing;Porsche;
77;0;17;2:15.862;0;;29.399;0;52.112;0;54.351;0;146.2;56:43.419;15:41;0:29.399;0:52.112;0:54.351;228.8;Patrick DEMPSEY;;LMGTE Am;;Dempsey - Proton Racing;Porsche;
77;0;18;2:14.199;0;;29.095;0;51.451;0;53.653;0;148.0;58:57.618;15:43;0:29.095;0:51.451;0:53.653;250.6;Patrick DEMPSEY;;LMGTE Am;;Dempsey - Proton Racing;Porsche;
77;0;19;3:11.797;0;B;28.580;0;1:18.262;0;1:24.955;0;103.5;1:02:09.415;15:47;0:28.580;1:18.262;1:24.955;81.7;Patrick DEMPSEY;;LMGTE Am;;Dempsey - Proton Racing;Porsche;
77;0;20;6:04.049;0;;4:19.767;0;51.056;0;53.226;0;54.5;1:08:13.464;15:53;4:19.767;0:51.056;0:53.226;250.6;Patrick DEMPSEY;0:03:56.115;LMGTE Am;;Dempsey - Proton Racing;Porsche;
77;0;21;2:10.377;0;;28.028;0;50.515;0;51.834;0;152.3;1:10:23.841;15:55;0:28.028;0:50.515;0:51.834;250.0;Patrick DEMPSEY;;LMGTE Am;;Dempsey - Proton Racing;Porsche;
77;0;22;2:19.343;0;;27.675;1;59.765;0;51.903;0;142.5;1:12:43.184;15:57;0:27.675;0:59.765;0:51.903;245.5;Patrick DEMPSEY;;LMGTE Am;;Dempsey - Proton Racing;Porsche;
77;0;23;2:10.351;0;;27.916;0;50.636;0;51.799;1;152.3;1:14:53.535;15:59;0:27.916;0:50.636;0:51.799;250.6;Patrick DEMPSEY;;LMGTE Am;;Dempsey - Proton Racing;Porsche;
77;0;24;2:14.957;0;B;27.998;0;50.226;1;56.733;0;147.1;1:17:08.492;16:02;0:27.998;0:50.226;0:56.733;248.3;Patrick DEMPSEY;;LMGTE Am;;Dempsey - Proton Racing;Porsche;
77;2;25;3:27.069;0;;1:38.517;0;55.814;0;52.738;0;95.9;1:20:35.561;16:05;1:38.517;0:55.814;0:52.738;247.7;Marco SEEFRIED;0:01:06.537;LMGTE Am;;Dempsey - Proton Racing;Porsche;
77;2;26;2:10.902;0;;28.267;0;50.585;0;52.050;0;151.7;1:22:46.463;16:07;0:28.267;0:50.585;0:52.050;248.8;Marco SEEFRIED;;LMGTE Am;;Dempsey - Proton Racing;Porsche;
77;2;27;2:11.690;0;;28.295;0;51.481;0;51.914;0;150.8;1:24:58.153;16:09;0:28.295;0:51.481;0:51.914;237.9;Marco SEEFRIED;;LMGTE Am;;Dempsey - Proton Racing;Porsche;
77;2;28;2:09.209;0;;27.684;0;50.247;0;51.278;0;153.7;1:27:07.362;16:12;0:27.684;0:50.247;0:51.278;249.4;Marco SEEFRIED;;LMGTE Am;;Dempsey - Proton Racing;Porsche;
77;2;29;2:08.443;0;;27.511;1;49.684;1;51.248;1;154.6;1:29:15.805;16:14;0:27.511;0:49.684;0:51.248;252.3;Marco SEEFRIED;;LMGTE Am;;Dempsey - Proton Racing;Porsche;
77;2;30;2:08.950;0;;27.533;0;50.067;0;51.350;0;154.0;1:31:24.755;16:16;0:27.533;0:50.067;0:51.350;251.7;Marco SEEFRIED;;LMGTE Am;;Dempsey - Proton Racing;Porsche;
8;1;1;2:34.889;0;;54.564;0;46.968;0;53.357;0;128.2;2:34.889;14:47;0:54.564;0:46.968;0:53.357;250.6;Loïc DUVAL;0:00:31.912;LMP1;H;Audi Sport Team Joest;Audi;
8;1;2;1:58.434;0;;24.729;0;44.873;0;48.832;0;167.7;4:33.323;14:49;0:24.729;0:44.873;0:48.832;281.2;Loïc DUVAL;;LMP1;H;Audi Sport Team Joest;Audi;
8;1;3;1:50.380;0;;23.826;0;41.887;1;44.667;0;179.9;6:23.703;14:51;0:23.826;0:41.887;0:44.667;275.5;Loïc DUVAL;;LMP1;H;Audi Sport Team Joest;Audi;
8;1;4;1:55.166;0;;23.186;0;43.068;0;48.912;0;172.4;8:18.869;14:53;0:23.186;0:43.068;0:48.912;225.9;Loïc DUVAL;;LMP1;H;Audi Sport Team Joest;Audi;
8;1;5;1:51.850;0;;23.329;0;42.727;0;45.794;0;177.5;10:10.719;14:55;0:23.329;0:42.727;0:45.794;298.3;Loïc DUVAL;;LMP1;H;Audi Sport Team Joest;Audi;
8;1;6;1:53.196;0;;23.456;0;43.518;0;46.222;0;175.4;12:03.915;14:57;0:23.456;0:43.518;0:46.222;297.5;Loïc DUVAL;;LMP1;H;Audi Sport Team Joest;Audi;
8;1;7;1:53.166;0;;23.257;0;43.785;0;46.124;0;175.5;13:57.081;14:58;0:23.257;0:43.785;0:46.124;291.1;Loïc DUVAL;;LMP1;H;Audi Sport Team Joest;Audi;
8;1;8;1:50.779;0;;23.177;0;43.199;0;44.403;1;179.3;15:47.860;15:00;0:23.177;0:43.199;0:44.403;298.3;Loïc DUVAL;;LMP1;H;Audi Sport Team Joest;Audi;
8;1;9;1:53.207;0;B;22.943;1;42.078;0;48.186;0;175.4;17:41.067;15:02;0:22.943;0:42.078;0:48.186;262.8;Loïc DUVAL;;LMP1;H;Audi Sport Team Joest;Audi;
8;2;10;4:49.139;0;;3:16.728;0;45.991;0;46.420;0;68.7;22:30.206;15:07;3:16.728;0:45.991;0:46.420;229.3;Oliver JARVIS;0:02:56.398;LMP1;H;Audi Sport Team Joest;Audi;
8;2;11;1:51.748;0;;23.594;0;42.437;0;45.717;0;177.7;24:21.954;15:09;0:23.594;0:42.437;0:45.717;276.9;Oliver JARVIS;;LMP1;H;Audi Sport Team Joest;Audi;
8;2;12;1:51.083;0;;23.263;0;42.053;0;45.767;0;178.8;26:13.037;15:11;0:23.263;0:42.053;0:45.767;274.8;Oliver JARVIS;;LMP1;H;Audi Sport Team Joest;Audi;
8;2;13;1:51.683;0;;24.442;0;42.168;0;45.073;0;177.8;28:04.720;15:13;0:24.442;0:42.168;0:45.073;276.2;Oliver JARVIS;;LMP1;H;Audi Sport Team Joest;Audi;
8;2;14;1:51.917;0;;23.783;0;42.237;0;45.897;0;177.4;29:56.637;15:14;0:23.783;0:42.237;0:45.897;257.8;Oliver JARVIS;;LMP1;H;Audi Sport Team Joest;Audi;
8;2;15;2:26.672;0;B;24.008;0;42.692;0;1:19.972;0;135.4;32:23.309;15:17;0:24.008;0:42.692;1:19.972;278.4;Oliver JARVIS;;LMP1;H;Audi Sport Team Joest;Audi;
8;2;16;12:07.981;0;;10:39.345;0;43.114;0;45.522;0;27.3;44:31.290;15:29;10:39.345;0:43.114;0:45.522;283.5;Oliver JARVIS;0:10:18.709;LMP1;H;Audi Sport Team Joest;Audi;
8;2;17;1:49.027;2;;23.178;0;41.994;0;43.855;2;182.1;46:20.317;15:31;0:23.178;0:41.994;0:43.855;291.9;Oliver JARVIS;;LMP1;H;Audi Sport Team Joest;Audi;
8;2;18;1:49.351;0;;22.978;0;41.980;1;44.393;0;181.6;48:09.668;15:33;0:22.978;0:41.980;0:44.393;282.7;Oliver JARVIS;;LMP1;H;Audi Sport Team Joest;Audi;
8;2;19;1:49.084;0;;22.942;0;41.999;0;44.143;0;182.0;49:58.752;15:34;0:22.942;0:41.999;0:44.143;298.3;Oliver JARVIS;;LMP1;H;Audi Sport Team Joest;Audi;
8;2;20;1:53.448;0;B;22.940;2;42.471;0;48.037;0;175.0;51:52.200;15:36;0:22.940;0:42.471;0:48.037;295.1;Oliver JARVIS;;LMP1;H;Audi Sport Team Joest;Audi;
8;0;21;7:59.202;0;;6:30.402;0;43.731;0;45.069;0;41.4;59:51.402;15:44;6:30.402;0:43.731;0:45.069;238.9;Lucas DI GRASSI;0:06:09.314;LMP1;H;Audi Sport Team Joest;Audi;
8;0;22;3:13.605;0;;40.042;0;1:41.361;0;52.202;0;102.6;1:03:05.007;15:48;0:40.042;1:41.361;0:52.202;80.6;Lucas DI GRASSI;;LMP1;H;Audi Sport Team Joest;Audi;
8;0;23;1:49.414;0;;23.592;0;41.891;0;43.931;1;181.5;1:04:54.421;15:49;0:23.592;0:41.891;0:43.931;290.3;Lucas DI GRASSI;;LMP1;H;Audi Sport Team Joest;Audi;
8;0;24;1:50.598;0;;23.110;1;42.266;0;45.222;0;179.5;1:06:45.019;15:51;0:23.110;0:42.266;0:45.222;288.0;Lucas DI GRASSI;;LMP1;H;Audi Sport Team Joest;Audi;
8;0;25;1:49.840;0;;23.260;0;41.819;2;44.761;0;180.8;1:08:34.859;15:53;0:23.260;0:41.819;0:44.761;291.9;Lucas DI GRASSI;;LMP1;H;Audi Sport Team Joest;Audi;
8;0;26;1:51.924;0;B;23.113;0;42.098;0;46.713;0;177.4;1:10:26.783;15:55;0:23.113;0:42.098;0:46.713;300.0;Lucas DI GRASSI;;LMP1;H;Audi Sport Team Joest;Audi;
8;0;27;3:19.633;0;;1:49.041;0;43.563;0;47.029;0;99.5;1:13:46.416;15:58;1:49.041;0:43.563;0:47.029;291.9;Lucas DI GRASSI;0:01:29.346;LMP1;H;Audi Sport Team Joest;Audi;
8;0;28;1:56.752;0;;25.005;0;43.893;0;47.854;0;170.1;1:15:43.168;16:00;0:25.005;0:43.893;0:47.854;286.5;Lucas DI GRASSI;;LMP1;H;Audi Sport Team Joest;Audi;
8;0;29;1:55.877;0;;24.915;0;44.160;0;46.802;0;171.4;1:17:39.045;16:02;0:24.915;0:44.160;0:46.802;288.0;Lucas DI GRASSI;;LMP1;H;Audi Sport Team Joest;Audi;
8;0;30;2:06.186;0;B;27.020;0;49.574;0;49.592;0;157.4;1:19:45.231;16:04;0:27.020;0:49.574;0:49.592;201.1;Lucas DI GRASSI;;LMP1;H;Audi Sport Team Joest;Audi;
83;1;1;3:08.846;0;;1:21.316;0;53.016;0;54.514;0;105.2;3:08.846;14:48;1:21.316;0:53.016;0:54.514;201.1;Emmanuel COLLARD;0:00:55.350;LMGTE Am;;AF Corse;Ferrari;
83;1;2;2:11.867;0;;28.695;0;50.886;0;52.286;0;150.6;5:20.713;14:50;0:28.695;0:50.886;0:52.286;236.3;Emmanuel COLLARD;;LMGTE Am;;AF Corse;Ferrari;
83;1;3;2:09.646;0;;28.012;0;50.284;0;51.350;0;153.2;7:30.359;14:52;0:28.012;0:50.284;0:51.350;250.0;Emmanuel COLLARD;;LMGTE Am;;AF Corse;Ferrari;
83;1;4;2:09.075;0;;27.544;0;50.300;0;51.231;0;153.8;9:39.434;14:54;0:27.544;0:50.300;0:51.231;252.3;Emmanuel COLLARD;;LMGTE Am;;AF Corse;Ferrari;
83;1;5;2:10.290;0;;28.198;0;50.481;0;51.611;0;152.4;11:49.724;14:56;0:28.198;0:50.481;0:51.611;254.1;Emmanuel COLLARD;;LMGTE Am;;AF Corse;Ferrari;
83;1;6;2:09.620;0;;27.760;0;50.152;0;51.708;0;153.2;13:59.344;14:58;0:27.760;0:50.152;0:51.708;250.0;Emmanuel COLLARD;;LMGTE Am;;AF Corse;Ferrari;
83;1;7;2:13.826;0;B;27.753;0;50.758;0;55.315;0;148.4;16:13.170;15:01;0:27.753;0:50.758;0:55.315;254.1;Emmanuel COLLARD;;LMGTE Am;;AF Corse;Ferrari;
83;1;8;7:37.914;0;;5:55.282;0;50.941;0;51.691;0;43.4;23:51.084;15:08;5:55.282;0:50.941;0:51.691;250.0;Emmanuel COLLARD;0:05:31.089;LMGTE Am;;AF Corse;Ferrari;
83;1;9;2:08.652;0;;27.860;0;49.678;2;51.114;2;154.4;25:59.736;15:10;0:27.860;0:49.678;0:51.114;252.3;Emmanuel COLLARD;;LMGTE Am;;AF Corse;Ferrari;
83;1;10;2:08.648;2;;27.608;0;49.905;0;51.135;0;154.4;28:08.384;15:13;0:27.608;0:49.905;0:51.135;252.3;Emmanuel COLLARD;;LMGTE Am;;AF Corse;Ferrari;
83;1;11;2:09.148;0;;27.326;2;49.999;0;51.823;0;153.8;30:17.532;15:15;0:27.326;0:49.999;0:51.823;252.9;Emmanuel COLLARD;;LMGTE Am;;AF Corse;Ferrari;
83;1;12;3:24.868;0;B;27.535;0;1:31.977;0;1:25.356;0;96.9;33:42.400;15:18;0:27.535;1:31.977;1:25.356;79.8;Emmanuel COLLARD;;LMGTE Am;;AF Corse;Ferrari;
83;0;13;7:09.058;0;;5:21.562;0;53.631;0;53.865;0;46.3;40:51.458;15:25;5:21.562;0:53.631;0:53.865;228.8;François PERRODO;0:04:56.005;LMGTE Am;;AF Corse;Ferrari;
83;0;14;2:14.825;0;;29.081;0;51.494;0;54.250;0;147.3;43:06.283;15:28;0:29.081;0:51.494;0:54.250;247.1;François PERRODO;;LMGTE Am;;AF Corse;Ferrari;
83;0;15;2:16.018;0;;28.847;0;52.263;0;54.908;0;146.0;45:22.301;15:30;0:28.847;0:52.263;0:54.908;206.1;François PERRODO;;LMGTE Am;;AF Corse;Ferrari;
83;0;16;2:13.671;0;;28.398;0;51.478;0;53.795;0;148.6;47:35.972;15:32;0:28.398;0:51.478;0:53.795;249.4;François PERRODO;;LMGTE Am;;AF Corse;Ferrari;
83;0;17;2:16.672;0;B;28.550;0;51.144;0;56.978;0;145.3;49:52.644;15:34;0:28.550;0:51.144;0:56.978;247.1;François PERRODO;;LMGTE Am;;AF Corse;Ferrari;
83;0;18;4:51.434;0;;3:04.574;0;52.529;0;54.331;0;68.1;54:44.078;15:39;3:04.574;0:52.529;0:54.331;246.0;François PERRODO;0:02:40.801;LMGTE Am;;AF Corse;Ferrari;
83;0;19;2:13.197;0;;28.934;0;51.428;0;52.835;1;149.1;56:57.275;15:41;0:28.934;0:51.428;0:52.835;250.0;François PERRODO;;LMGTE Am;;AF Corse;Ferrari;
83;0;20;2:13.509;0;;28.395;1;50.805;1;54.309;0;148.7;59:10.784;15:44;0:28.395;0:50.805;0:54.309;252.3;François PERRODO;;LMGTE Am;;AF Corse;Ferrari;
83;0;21;3:41.423;0;B;36.073;0;1:38.953;0;1:26.397;0;89.7;1:02:52.207;15:47;0:36.073;1:38.953;1:26.397;79.6;François PERRODO;;LMGTE Am;;AF Corse;Ferrari;
83;0;22;8:44.442;0;B;6:46.570;0;56.958;0;1:00.914;0;37.9;1:11:36.649;15:56;6:46.570;0:56.958;1:00.914;180.0;François PERRODO;0:06:21.079;LMGTE Am;;AF Corse;Ferrari;
83;2;23;8:22.191;0;;6:27.378;0;56.030;0;58.783;0;39.5;1:19:58.840;16:04;6:27.378;0:56.030;0:58.783;199.3;Rui AGUAS;0:06:01.392;LMGTE Am;;AF Corse;Ferrari;
83;2;24;2:21.950;0;B;30.782;0;53.853;0;57.315;0;139.9;1:22:20.790;16:07;0:30.782;0:53.853;0:57.315;235.8;Rui AGUAS;;LMGTE Am;;AF Corse;Ferrari;
83;2;25;4:39.437;0;;2:54.397;0;51.581;0;53.459;0;71.1;1:27:00.227;16:12;2:54.397;0:51.581;0:53.459;248.3;Rui AGUAS;0:02:32.054;LMGTE Am;;AF Corse;Ferrari;
83;2;26;2:12.230;0;;28.083;1;50.967;1;53.180;0;150.2;1:29:12.457;16:14;0:28.083;0:50.967;0:53.180;250.0;Rui AGUAS;;LMGTE Am;;AF Corse;Ferrari;
83;2;27;2:11.912;0;;28.141;0;51.479;0;52.292;1;150.5;1:31:24.369;16:16;0:28.141;0:51.479;0:52.292;251.2;Rui AGUAS;;LMGTE Am;;AF Corse;Ferrari;
88;0;1;3:12.366;0;B;1:18.445;0;55.012;0;58.909;0;103.2;3:12.366;14:48;1:18.445;0:55.012;0:58.909;196.4;Christian RIED;0:00:49.274;LMGTE Am;;Abu Dhabi-Proton Racing;Porsche;
88;0;2;4:12.028;0;;2:27.851;0;51.773;0;52.404;0;78.8;7:24.394;14:52;2:27.851;0:51.773;0:52.404;242.2;Christian RIED;0:02:04.486;LMGTE Am;;Abu Dhabi-Proton Racing;Porsche;
88;0;3;2:27.249;0;;27.994;0;50.317;1;1:08.938;0;134.9;9:51.643;14:54;0:27.994;0:50.317;1:08.938;252.9;Christian RIED;;LMGTE Am;;Abu Dhabi-Proton Racing;Porsche;
88;0;4;2:12.507;0;;27.975;0;51.043;0;53.489;0;149.9;12:04.150;14:57;0:27.975;0:51.043;0:53.489;247.7;Christian RIED;;LMGTE Am;;Abu Dhabi-Proton Racing;Porsche;
88;0;5;2:12.812;0;;28.088;0;51.570;0;53.154;0;149.5;14:16.962;14:59;0:28.088;0:51.570;0:53.154;231.8;Christian RIED;;LMGTE Am;;Abu Dhabi-Proton Racing;Porsche;
88;0;6;2:11.172;0;;28.018;0;50.809;0;52.345;1;151.4;16:28.134;15:01;0:28.018;0:50.809;0:52.345;251.7;Christian RIED;;LMGTE Am;;Abu Dhabi-Proton Racing;Porsche;
88;0;7;2:11.297;0;;27.691;1;50.842;0;52.764;0;151.2;18:39.431;15:03;0:27.691;0:50.842;0:52.764;250.6;Christian RIED;;LMGTE Am;;Abu Dhabi-Proton Racing;Porsche;
88;0;8;2:11.954;0;;28.034;0;51.281;0;52.639;0;150.5;20:51.385;15:05;0:28.034;0:51.281;0:52.639;250.6;Christian RIED;;LMGTE Am;;Abu Dhabi-Proton Racing;Porsche;
88;0;9;2:13.683;0;B;27.866;0;51.632;0;54.185;0;148.5;23:05.068;15:08;0:27.866;0:51.632;0:54.185;251.7;Christian RIED;;LMGTE Am;;Abu Dhabi-Proton Racing;Porsche;
88;1;10;8:59.651;0;;6:41.927;0;56.701;0;1:21.023;0;36.8;32:04.719;15:17;6:41.927;0:56.701;1:21.023;198.5;Khaled AL QUBAISI;0:06:13.400;LMGTE Am;;Abu Dhabi-Proton Racing;Porsche;
88;1;11;4:03.739;0;;57.509;0;1:40.336;0;1:25.894;0;81.5;36:08.458;15:21;0:57.509;1:40.336;1:25.894;81.6;Khaled AL QUBAISI;;LMGTE Am;;Abu Dhabi-Proton Racing;Porsche;
88;1;12;3:31.926;0;;58.520;0;1:34.137;0;59.269;0;93.7;39:40.384;15:24;0:58.520;1:34.137;0:59.269;184.3;Khaled AL QUBAISI;;LMGTE Am;;Abu Dhabi-Proton Racing;Porsche;
88;1;13;2:22.688;0;;31.585;0;55.269;0;55.834;0;139.2;42:03.072;15:27;0:31.585;0:55.269;0:55.834;189.1;Khaled AL QUBAISI;;LMGTE Am;;Abu Dhabi-Proton Racing;Porsche;
88;1;14;2:16.205;0;;29.842;0;52.490;0;53.873;0;145.8;44:19.277;15:29;0:29.842;0:52.490;0:53.873;229.3;Khaled AL QUBAISI;;LMGTE Am;;Abu Dhabi-Proton Racing;Porsche;
88;1;15;2:12.331;0;;28.486;0;50.973;0;52.872;0;150.1;46:31.608;15:31;0:28.486;0:50.973;0:52.872;248.3;Khaled AL QUBAISI;;LMGTE Am;;Abu Dhabi-Proton Racing;Porsche;
88;1;16;2:11.383;0;;28.244;0;50.832;0;52.307;0;151.1;48:42.991;15:33;0:28.244;0:50.832;0:52.307;247.7;Khaled AL QUBAISI;;LMGTE Am;;Abu Dhabi-Proton Racing;Porsche;
88;1;17;2:10.990;0;;28.145;0;51.017;0;51.828;1;151.6;50:53.981;15:35;0:28.145;0:51.017;0:51.828;251.7;Khaled AL QUBAISI;;LMGTE Am;;Abu Dhabi-Proton Racing;Porsche;
88;1;18;2:10.858;2;;28.169;0;50.374;1;52.315;0;151.7;53:04.839;15:38;0:28.169;0:50.374;0:52.315;248.8;Khaled AL QUBAISI;;LMGTE Am;;Abu Dhabi-Proton Racing;Porsche;
88;1;19;2:12.237;0;B;28.058;1;50.515;0;53.664;0;150.2;55:17.076;15:40;0:28.058;0:50.515;0:53.664;251.2;Khaled AL QUBAISI;;LMGTE Am;;Abu Dhabi-Proton Racing;Porsche;
88;2;20;6:48.338;0;;4:03.891;0;1:21.104;0;1:23.343;0;48.6;1:02:05.414;15:47;4:03.891;1:21.104;1:23.343;81.6;Earl BAMBER;0:03:38.512;LMGTE Am;;Abu Dhabi-Proton Racing;Porsche;
88;2;21;2:24.364;0;;43.201;0;49.821;0;51.342;0;137.6;1:04:29.778;15:49;0:43.201;0:49.821;0:51.342;250.0;Earl BAMBER;;LMGTE Am;;Abu Dhabi-Proton Racing;Porsche;
88;2;22;2:11.310;0;;27.805;0;49.817;0;53.688;0;151.2;1:06:41.088;15:51;0:27.805;0:49.817;0:53.688;249.4;Earl BAMBER;;LMGTE Am;;Abu Dhabi-Proton Racing;Porsche;
88;2;23;2:11.681;0;;29.050;0;49.455;0;53.176;0;150.8;1:08:52.769;15:53;0:29.050;0:49.455;0:53.176;249.4;Earl BAMBER;;LMGTE Am;;Abu Dhabi-Proton Racing;Porsche;
88;2;24;2:10.652;0;B;27.474;0;49.259;2;53.919;0;152.0;1:11:03.421;15:56;0:27.474;0:49.259;0:53.919;250.0;Earl BAMBER;;LMGTE Am;;Abu Dhabi-Proton Racing;Porsche;
88;2;25;6:57.279;0;;5:16.172;0;50.090;0;51.017;2;47.6;1:18:00.700;16:03;5:16.172;0:50.090;0:51.017;244.3;Earl BAMBER;0:04:52.676;LMGTE Am;;Abu Dhabi-Proton Racing;Porsche;
88;2;26;2:11.877;0;;27.453;2;50.529;0;53.895;0;150.6;1:20:12.577;16:05;0:27.453;0:50.529;0:53.895;246.6;Earl BAMBER;;LMGTE Am;;Abu Dhabi-Proton Racing;Porsche;
88;2;27;2:11.117;0;;27.609;0;49.457;0;54.051;0;151.4;1:22:23.694;16:07;0:27.609;0:49.457;0:54.051;247.7;Earl BAMBER;;LMGTE Am;;Abu Dhabi-Proton Racing;Porsche;
88;2;28;2:10.362;0;B;27.540;0;49.560;0;53.262;0;152.3;1:24:34.056;16:09;0:27.540;0:49.560;0:53.262;248.8;Earl BAMBER;;LMGTE Am;;Abu Dhabi-Proton Racing;Porsche;
91;0;1;3:35.448;0;;1:43.445;0;55.977;0;56.026;0;92.2;3:35.448;14:48;1:43.445;0:55.977;0:56.026;212.2;Richard LIETZ;0:01:15.293;LMGTE Pro;;Porsche Team Manthey;Porsche;
91;0;2;2:08.821;0;;27.978;0;49.726;0;51.117;0;154.1;5:44.269;14:50;0:27.978;0:49.726;0:51.117;247.7;Richard LIETZ;;LMGTE Pro;;Porsche Team Manthey;Porsche;
91;0;3;2:09.718;0;;28.046;0;49.867;0;51.805;0;153.1;7:53.987;14:52;0:28.046;0:49.867;0:51.805;246.0;Richard LIETZ;;LMGTE Pro;;Porsche Team Manthey;Porsche;
91;0;4;2:09.290;0;;27.518;0;50.212;0;51.560;0;153.6;10:03.277;14:55;0:27.518;0:50.212;0:51.560;247.7;Richard LIETZ;;LMGTE Pro;;Porsche Team Manthey;Porsche;
91;0;5;2:11.760;0;;27.953;0;50.179;0;53.628;0;150.7;12:15.037;14:57;0:27.953;0:50.179;0:53.628;248.3;Richard LIETZ;;LMGTE Pro;;Porsche Team Manthey;Porsche;
91;0;6;2:07.782;0;;27.663;0;49.251;2;50.868;0;155.4;14:22.819;14:59;0:27.663;0:49.251;0:50.868;248.3;Richard LIETZ;;LMGTE Pro;;Porsche Team Manthey;Porsche;
91;0;7;2:11.597;0;B;27.684;0;49.521;0;54.392;0;150.9;16:34.416;15:01;0:27.684;0:49.521;0:54.392;247.1;Richard LIETZ;;LMGTE Pro;;Porsche Team Manthey;Porsche;
91;0;8;6:00.617;0;;4:18.975;0;49.783;0;51.859;0;55.1;22:35.033;15:07;4:18.975;0:49.783;0:51.859;243.2;Richard LIETZ;0:03:56.457;LMGTE Pro;;Porsche Team Manthey;Porsche;
91;0;9;2:08.120;0;;28.055;0;49.559;0;50.506;2;155.0;24:43.153;15:09;0:28.055;0:49.559;0:50.506;244.9;Richard LIETZ;;LMGTE Pro;;Porsche Team Manthey;Porsche;
91;0;10;2:10.666;0;;27.578;0;49.273;0;53.815;0;152.0;26:53.819;15:11;0:27.578;0:49.273;0:53.815;246.6;Richard LIETZ;;LMGTE Pro;;Porsche Team Manthey;Porsche;
91;0;11;2:07.720;2;;27.442;2;49.270;0;51.008;0;155.5;29:01.539;15:14;0:27.442;0:49.270;0:51.008;247.1;Richard LIETZ;;LMGTE Pro;;Porsche Team Manthey;Porsche;
91;0;12;2:10.627;0;B;27.483;0;49.318;0;53.826;0;152.0;31:12.166;15:16;0:27.483;0:49.318;0:53.826;246.6;Richard LIETZ;;LMGTE Pro;;Porsche Team Manthey;Porsche;
91;0;13;9:47.999;0;;8:04.959;0;51.107;0;51.933;0;33.8;41:00.165;15:26;8:04.959;0:51.107;0:51.933;236.8;Richard LIETZ;0:07:41.965;LMGTE Pro;;Porsche Team Manthey;Porsche;
91;0;14;2:08.388;0;;27.635;0;49.475;0;51.278;0;154.7;43:08.553;15:28;0:27.635;0:49.475;0:51.278;246.0;Richard LIETZ;;LMGTE Pro;;Porsche Team Manthey;Porsche;
91;0;15;2:12.027;0;;27.540;0;51.217;0;53.270;0;150.4;45:20.580;15:30;0:27.540;0:51.217;0:53.270;228.3;Richard LIETZ;;LMGTE Pro;;Porsche Team Manthey;Porsche;
91;0;16;2:10.731;0;B;27.896;0;50.006;0;52.829;0;151.9;47:31.311;15:32;0:27.896;0:50.006;0:52.829;246.0;Richard LIETZ;;LMGTE Pro;;Porsche Team Manthey;Porsche;
91;1;17;4:19.707;0;;2:34.495;0;52.476;0;52.736;0;76.5;51:51.018;15:36;2:34.495;0:52.476;0:52.736;205.3;Michael CHRISTENSEN;0:02:09.792;LMGTE Pro;;Porsche Team Manthey;Porsche;
91;1;18;2:10.541;0;;28.221;0;50.479;0;51.841;0;152.1;54:01.559;15:39;0:28.221;0:50.479;0:51.841;243.8;Michael CHRISTENSEN;;LMGTE Pro;;Porsche Team Manthey;Porsche;
91;1;19;2:09.086;0;;27.941;0;50.105;0;51.040;0;153.8;56:10.645;15:41;0:27.941;0:50.105;0:51.040;246.6;Michael CHRISTENSEN;;LMGTE Pro;;Porsche Team Manthey;Porsche;
91;1;20;2:08.870;0;;27.737;0;50.306;0;50.827;0;154.1;58:19.515;15:43;0:27.737;0:50.306;0:50.827;246.6;Michael CHRISTENSEN;;LMGTE Pro;;Porsche Team Manthey;Porsche;
91;1;21;2:32.616;0;B;27.769;0;49.902;0;1:14.945;0;130.1;1:00:52.131;15:45;0:27.769;0:49.902;1:14.945;247.1;Michael CHRISTENSEN;;LMGTE Pro;;Porsche Team Manthey;Porsche;
91;1;22;8:22.690;0;;6:41.135;0;50.247;0;51.308;0;39.5;1:09:14.821;15:54;6:41.135;0:50.247;0:51.308;241.6;Michael CHRISTENSEN;0:06:18.336;LMGTE Pro;;Porsche Team Manthey;Porsche;
91;1;23;2:14.398;0;;27.932;0;50.670;0;55.796;0;147.8;1:11:29.219;15:56;0:27.932;0:50.670;0:55.796;243.8;Michael CHRISTENSEN;;LMGTE Pro;;Porsche Team Manthey;Porsche;
91;1;24;2:08.317;0;;27.838;0;49.755;1;50.724;1;154.8;1:13:37.536;15:58;0:27.838;0:49.755;0:50.724;244.9;Michael CHRISTENSEN;;LMGTE Pro;;Porsche Team Manthey;Porsche;
91;1;25;2:09.975;0;;27.732;0;50.768;0;51.475;0;152.8;1:15:47.511;16:00;0:27.732;0:50.768;0:51.475;230.3;Michael CHRISTENSEN;;LMGTE Pro;;Porsche Team Manthey;Porsche;
91;1;26;2:08.921;0;;27.629;1;50.026;0;51.266;0;154.0;1:17:56.432;16:02;0:27.629;0:50.026;0:51.266;244.9;Michael CHRISTENSEN;;LMGTE Pro;;Porsche Team Manthey;Porsche;
91;1;27;2:09.309;0;;27.715;0;50.260;0;51.334;0;153.6;1:20:05.741;16:05;0:27.715;0:50.260;0:51.334;243.2;Michael CHRISTENSEN;;LMGTE Pro;;Porsche Team Manthey;Porsche;
91;1;28;2:15.638;0;B;27.845;0;50.809;0;56.984;0;146.4;1:22:21.379;16:07;0:27.845;0:50.809;0:56.984;231.3;Michael CHRISTENSEN;;LMGTE Pro;;Porsche Team Manthey;Porsche;
92;0;1;4:16.309;0;;2:33.817;0;50.714;0;51.778;0;77.5;4:16.309;14:49;2:33.817;0:50.714;0:51.778;243.2;Patrick PILET;0:02:09.394;LMGTE Pro;;Porsche Team Manthey;Porsche;
92;0;2;2:08.471;0;;27.741;0;50.166;0;50.564;0;154.6;6:24.780;14:51;0:27.741;0:50.166;0:50.564;246.0;Patrick PILET;;LMGTE Pro;;Porsche Team Manthey;Porsche;
92;0;3;2:07.470;0;;27.701;0;49.428;0;50.341;2;155.8;8:32.250;14:53;0:27.701;0:49.428;0:50.341;246.6;Patrick PILET;;LMGTE Pro;;Porsche Team Manthey;Porsche;
92;0;4;2:07.794;0;;27.462;0;49.594;0;50.738;0;155.4;10:40.044;14:55;0:27.462;0:49.594;0:50.738;246.6;Patrick PILET;;LMGTE Pro;;Porsche Team Manthey;Porsche;
92;0;5;2:08.044;0;;27.537;0;49.727;0;50.780;0;155.1;12:48.088;14:57;0:27.537;0:49.727;0:50.780;246.0;Patrick PILET;;LMGTE Pro;;Porsche Team Manthey;Porsche;
92;0;6;2:09.307;0;B;27.528;0;49.686;0;52.093;0;153.6;14:57.395;14:59;0:27.528;0:49.686;0:52.093;247.7;Patrick PILET;;LMGTE Pro;;Porsche Team Manthey;Porsche;
92;0;7;6:41.442;0;;5:00.423;0;49.777;0;51.242;0;49.5;21:38.837;15:06;5:00.423;0:49.777;0:51.242;242.7;Patrick PILET;0:04:38.062;LMGTE Pro;;Porsche Team Manthey;Porsche;
92;0;8;2:07.410;2;;27.507;0;49.081;2;50.822;0;155.9;23:46.247;15:08;0:27.507;0:49.081;0:50.822;246.0;Patrick PILET;;LMGTE Pro;;Porsche Team Manthey;Porsche;
92;0;9;2:07.699;0;;27.619;0;49.285;0;50.795;0;155.5;25:53.946;15:10;0:27.619;0:49.285;0:50.795;247.1;Patrick PILET;;LMGTE Pro;;Porsche Team Manthey;Porsche;
92;0;10;2:07.688;0;;27.393;1;49.322;0;50.973;0;155.5;28:01.634;15:13;0:27.393;0:49.322;0:50.973;246.6;Patrick PILET;;LMGTE Pro;;Porsche Team Manthey;Porsche;
92;0;11;2:11.602;0;B;27.911;0;50.127;0;53.564;0;150.9;30:13.236;15:15;0:27.911;0:50.127;0:53.564;236.3;Patrick PILET;;LMGTE Pro;;Porsche Team Manthey;Porsche;
92;1;12;10:28.931;0;;8:46.264;0;50.656;0;52.011;0;31.6;40:42.167;15:25;8:46.264;0:50.656;0:52.011;244.3;Frédéric MAKOWIECKI;0:08:23.122;LMGTE Pro;;Porsche Team Manthey;Porsche;
92;1;13;2:09.765;0;;27.958;0;50.437;0;51.370;0;153.0;42:51.932;15:27;0:27.958;0:50.437;0:51.370;249.4;Frédéric MAKOWIECKI;;LMGTE Pro;;Porsche Team Manthey;Porsche;
92;1;14;2:08.528;0;;27.654;0;50.033;0;50.841;0;154.5;45:00.460;15:30;0:27.654;0:50.033;0:50.841;248.3;Frédéric MAKOWIECKI;;LMGTE Pro;;Porsche Team Manthey;Porsche;
92;1;15;2:08.070;0;;27.516;0;49.559;1;50.995;0;155.1;47:08.530;15:32;0:27.516;0:49.559;0:50.995;247.7;Frédéric MAKOWIECKI;;LMGTE Pro;;Porsche Team Manthey;Porsche;
92;1;16;2:08.474;0;;27.371;2;50.148;0;50.955;0;154.6;49:17.004;15:34;0:27.371;0:50.148;0:50.955;248.3;Frédéric MAKOWIECKI;;LMGTE Pro;;Porsche Team Manthey;Porsche;
92;1;17;2:08.946;0;;27.565;0;50.618;0;50.763;0;154.0;51:25.950;15:36;0:27.565;0:50.618;0:50.763;250.0;Frédéric MAKOWIECKI;;LMGTE Pro;;Porsche Team Manthey;Porsche;
92;1;18;2:11.368;0;B;27.561;0;50.302;0;53.505;0;151.2;53:37.318;15:38;0:27.561;0:50.302;0:53.505;248.3;Frédéric MAKOWIECKI;;LMGTE Pro;;Porsche Team Manthey;Porsche;
92;1;19;4:53.498;0;;3:11.150;0;50.592;0;51.756;0;67.7;58:30.816;15:43;3:11.150;0:50.592;0:51.756;247.1;Frédéric MAKOWIECKI;0:02:48.911;LMGTE Pro;;Porsche Team Manthey;Porsche;
92;1;20;2:40.976;0;;27.856;0;49.782;0;1:23.338;0;123.4;1:01:11.792;15:46;0:27.856;0:49.782;1:23.338;227.4;Frédéric MAKOWIECKI;;LMGTE Pro;;Porsche Team Manthey;Porsche;
92;1;21;2:51.862;0;;1:00.593;0;59.418;0;51.851;0;115.5;1:04:03.654;15:49;1:00.593;0:59.418;0:51.851;245.5;Frédéric MAKOWIECKI;;LMGTE Pro;;Porsche Team Manthey;Porsche;
92;1;22;2:08.595;0;;27.646;0;50.274;0;50.675;1;154.4;1:06:12.249;15:51;0:27.646;0:50.274;0:50.675;246.6;Frédéric MAKOWIECKI;;LMGTE Pro;;Porsche Team Manthey;Porsche;
92;1;23;2:08.248;0;;27.571;0;49.763;0;50.914;0;154.8;1:08:20.497;15:53;0:27.571;0:49.763;0:50.914;247.1;Frédéric MAKOWIECKI;;LMGTE Pro;;Porsche Team Manthey;Porsche;
92;1;24;2:11.532;0;B;27.448;0;50.766;0;53.318;0;151.0;1:10:32.029;15:55;0:27.448;0:50.766;0:53.318;247.1;Frédéric MAKOWIECKI;;LMGTE Pro;;Porsche Team Manthey;Porsche;
95;0;1;2:51.077;0;;1:05.248;0;52.166;0;53.663;0;116.1;2:51.077;14:47;1:05.248;0:52.166;0:53.663;224.1;Christoffer NYGAARD;0:00:38.959;LMGTE Pro;;Aston Martin Racing;Aston Martin;
95;0;2;2:09.692;0;;28.247;0;49.835;0;51.610;0;153.1;5:00.769;14:50;0:28.247;0:49.835;0:51.610;246.6;Christoffer NYGAARD;;LMGTE Pro;;Aston Martin Racing;Aston Martin;
95;0;3;2:09.197;0;;27.825;0;49.823;0;51.549;0;153.7;7:09.966;14:52;0:27.825;0:49.823;0:51.549;249.4;Christoffer NYGAARD;;LMGTE Pro;;Aston Martin Racing;Aston Martin;
95;0;4;2:08.704;2;;27.850;0;49.776;0;51.078;0;154.3;9:18.670;14:54;0:27.850;0:49.776;0:51.078;248.8;Christoffer NYGAARD;;LMGTE Pro;;Aston Martin Racing;Aston Martin;
95;0;5;2:08.981;0;;27.761;0;49.746;0;51.474;0;154.0;11:27.651;14:56;0:27.761;0:49.746;0:51.474;248.8;Christoffer NYGAARD;;LMGTE Pro;;Aston Martin Racing;Aston Martin;
95;0;6;2:09.653;0;;27.733;0;50.435;0;51.485;0;153.2;13:37.304;14:58;0:27.733;0:50.435;0:51.485;248.3;Christoffer NYGAARD;;LMGTE Pro;;Aston Martin Racing;Aston Martin;
95;0;7;2:08.896;0;;27.732;0;49.964;0;51.200;0;154.1;15:46.200;15:00;0:27.732;0:49.964;0:51.200;249.4;Christoffer NYGAARD;;LMGTE Pro;;Aston Martin Racing;Aston Martin;
95;0;8;2:12.297;0;B;27.993;0;50.274;0;54.030;0;150.1;17:58.497;15:02;0:27.993;0:50.274;0:54.030;248.3;Christoffer NYGAARD;;LMGTE Pro;;Aston Martin Racing;Aston Martin;
95;0;9;4:17.776;0;;2:34.993;0;50.750;0;52.033;0;77.0;22:16.273;15:07;2:34.993;0:50.750;0:52.033;244.9;Christoffer NYGAARD;0:02:13.132;LMGTE Pro;;Aston Martin Racing;Aston Martin;
95;0;10;2:09.332;0;;27.746;0;50.110;0;51.476;0;153.5;24:25.605;15:09;0:27.746;0:50.110;0:51.476;249.4;Christoffer NYGAARD;;LMGTE Pro;;Aston Martin Racing;Aston Martin;
95;0;11;2:09.293;0;;27.817;0;50.133;0;51.343;0;153.6;26:34.898;15:11;0:27.817;0:50.133;0:51.343;252.3;Christoffer NYGAARD;;LMGTE Pro;;Aston Martin Racing;Aston Martin;
95;0;12;2:09.053;0;;27.599;0;50.071;0;51.383;0;153.9;28:43.951;15:13;0:27.599;0:50.071;0:51.383;250.0;Christoffer NYGAARD;;LMGTE Pro;;Aston Martin Racing;Aston Martin;
95;0;13;2:09.010;0;;27.586;0;49.847;0;51.577;0;153.9;30:52.961;15:15;0:27.586;0:49.847;0:51.577;250.0;Christoffer NYGAARD;;LMGTE Pro;;Aston Martin Racing;Aston Martin;
95;0;14;3:53.142;0;;45.050;0;1:42.621;0;1:25.471;0;85.2;34:46.103;15:19;0:45.050;1:42.621;1:25.471;79.9;Christoffer NYGAARD;;LMGTE Pro;;Aston Martin Racing;Aston Martin;
95;0;15;3:59.223;0;;58.859;0;1:42.643;0;1:17.721;0;83.0;38:45.326;15:23;0:58.859;1:42.643;1:17.721;79.8;Christoffer NYGAARD;;LMGTE Pro;;Aston Martin Racing;Aston Martin;
95;0;16;2:10.281;0;;28.353;0;50.645;0;51.283;0;152.4;40:55.607;15:25;0:28.353;0:50.645;0:51.283;248.3;Christoffer NYGAARD;;LMGTE Pro;;Aston Martin Racing;Aston Martin;
95;0;17;2:09.946;0;;27.651;0;49.805;0;52.490;0;152.8;43:05.553;15:28;0:27.651;0:49.805;0:52.490;251.2;Christoffer NYGAARD;;LMGTE Pro;;Aston Martin Racing;Aston Martin;
95;0;18;2:08.804;0;;27.653;0;49.809;0;51.342;0;154.2;45:14.357;15:30;0:27.653;0:49.809;0:51.342;249.4;Christoffer NYGAARD;;LMGTE Pro;;Aston Martin Racing;Aston Martin;
95;0;19;2:08.923;0;;27.689;0;50.083;0;51.151;0;154.0;47:23.280;15:32;0:27.689;0:50.083;0:51.151;250.0;Christoffer NYGAARD;;LMGTE Pro;;Aston Martin Racing;Aston Martin;
95;0;20;2:08.806;0;;27.823;0;49.758;0;51.225;0;154.2;49:32.086;15:34;0:27.823;0:49.758;0:51.225;249.4;Christoffer NYGAARD;;LMGTE Pro;;Aston Martin Racing;Aston Martin;
95;0;21;2:08.709;0;;27.589;0;50.078;0;51.042;2;154.3;51:40.795;15:36;0:27.589;0:50.078;0:51.042;250.0;Christoffer NYGAARD;;LMGTE Pro;;Aston Martin Racing;Aston Martin;
95;0;22;2:08.878;0;;27.521;2;49.650;2;51.707;0;154.1;53:49.673;15:38;0:27.521;0:49.650;0:51.707;250.0;Christoffer NYGAARD;;LMGTE Pro;;Aston Martin Racing;Aston Martin;
95;0;23;2:08.932;0;;27.749;0;49.995;0;51.188;0;154.0;55:58.605;15:40;0:27.749;0:49.995;0:51.188;250.6;Christoffer NYGAARD;;LMGTE Pro;;Aston Martin Racing;Aston Martin;
95;0;24;2:09.537;0;;27.584;0;50.045;0;51.908;0;153.3;58:08.142;15:43;0:27.584;0:50.045;0:51.908;249.4;Christoffer NYGAARD;;LMGTE Pro;;Aston Martin Racing;Aston Martin;
95;0;25;2:22.853;0;B;27.730;0;49.980;0;1:05.143;0;139.0;1:00:30.995;15:45;0:27.730;0:49.980;1:05.143;250.0;Christoffer NYGAARD;;LMGTE Pro;;Aston Martin Racing;Aston Martin;
95;1;26;5:03.715;0;;3:17.325;0;52.430;0;53.960;0;65.4;1:05:34.710;15:50;3:17.325;0:52.430;0:53.960;211.8;Marco SØRENSEN;0:02:52.634;LMGTE Pro;;Aston Martin Racing;Aston Martin;
95;1;27;2:12.187;0;;28.852;0;50.708;0;52.627;0;150.2;1:07:46.897;15:52;0:28.852;0:50.708;0:52.627;238.9;Marco SØRENSEN;;LMGTE Pro;;Aston Martin Racing;Aston Martin;
95;1;28;2:10.547;0;;27.983;0;50.334;0;52.230;0;152.1;1:09:57.444;15:54;0:27.983;0:50.334;0:52.230;243.2;Marco SØRENSEN;;LMGTE Pro;;Aston Martin Racing;Aston Martin;
95;1;29;2:10.208;0;;27.966;0;49.985;1;52.257;0;152.5;1:12:07.652;15:57;0:27.966;0:49.985;0:52.257;250.0;Marco SØRENSEN;;LMGTE Pro;;Aston Martin Racing;Aston Martin;
95;1;30;2:10.891;0;;28.003;0;50.287;0;52.601;0;151.7;1:14:18.543;15:59;0:28.003;0:50.287;0:52.601;247.7;Marco SØRENSEN;;LMGTE Pro;;Aston Martin Racing;Aston Martin;
95;1;31;2:14.878;0;B;27.881;0;50.764;0;56.233;0;147.2;1:16:33.421;16:01;0:27.881;0:50.764;0:56.233;247.1;Marco SØRENSEN;;LMGTE Pro;;Aston Martin Racing;Aston Martin;
95;1;32;4:36.191;0;;2:53.107;0;50.464;0;52.620;0;71.9;1:21:09.612;16:06;2:53.107;0:50.464;0:52.620;242.7;Marco SØRENSEN;0:02:30.003;LMGTE Pro;;Aston Martin Racing;Aston Martin;
95;1;33;2:10.781;0;;27.963;0;49.996;0;52.822;0;151.8;1:23:20.393;16:08;0:27.963;0:49.996;0:52.822;248.8;Marco SØRENSEN;;LMGTE Pro;;Aston Martin Racing;Aston Martin;
95;1;34;2:10.771;0;;27.907;0;50.572;0;52.292;0;151.9;1:25:31.164;16:10;0:27.907;0:50.572;0:52.292;247.1;Marco SØRENSEN;;LMGTE Pro;;Aston Martin Racing;Aston Martin;
95;1;35;2:10.256;0;;28.013;0;50.260;0;51.983;1;152.5;1:27:41.420;16:12;0:28.013;0:50.260;0:51.983;248.3;Marco SØRENSEN;;LMGTE Pro;;Aston Martin Racing;Aston Martin;
95;1;36;2:10.246;0;;27.830;1;50.213;0;52.203;0;152.5;1:29:51.666;16:14;0:27.830;0:50.213;0:52.203;247.7;Marco SØRENSEN;;LMGTE Pro;;Aston Martin Racing;Aston Martin;
95;1;37;2:10.633;0;;27.928;0;50.437;0;52.268;0;152.0;1:32:02.299;16:17;0:27.928;0:50.437;0:52.268;249.4;Marco SØRENSEN;;LMGTE Pro;;Aston Martin Racing;Aston Martin;
96;0;1;5:03.725;0;;3:08.269;0;57.945;0;57.511;0;65.4;5:03.725;14:50;3:08.269;0:57.945;0:57.511;202.2;Francesco CASTELLACCI;0:02:35.308;LMGTE Am;;Aston Martin Racing;Aston Martin;
96;0;2;2:16.471;0;;30.397;0;52.250;0;53.824;0;145.5;7:20.196;14:52;0:30.397;0:52.250;0:53.824;244.3;Francesco CASTELLACCI;;LMGTE Am;;Aston Martin Racing;Aston Martin;
96;0;3;2:18.099;0;;29.713;0;51.896;0;56.490;0;143.8;9:38.295;14:54;0:29.713;0:51.896;0:56.490;246.6;Francesco CASTELLACCI;;LMGTE Am;;Aston Martin Racing;Aston Martin;
96;0;4;2:15.489;0;;29.820;0;51.529;0;54.140;0;146.6;11:53.784;14:56;0:29.820;0:51.529;0:54.140;240.0;Francesco CASTELLACCI;;LMGTE Am;;Aston Martin Racing;Aston Martin;
96;0;5;2:16.167;0;;29.390;0;52.477;0;54.300;0;145.8;14:09.951;14:59;0:29.390;0:52.477;0:54.300;225.5;Francesco CASTELLACCI;;LMGTE Am;;Aston Martin Racing;Aston Martin;
96;0;6;2:41.992;0;B;28.716;1;1:04.710;0;1:08.566;0;122.6;16:51.943;15:01;0:28.716;1:04.710;1:08.566;123.3;Francesco CASTELLACCI;;LMGTE Am;;Aston Martin Racing;Aston Martin;
96;0;7;7:29.544;0;;5:39.431;0;54.892;0;55.221;0;44.2;24:21.487;15:09;5:39.431;0:54.892;0:55.221;233.8;Francesco CASTELLACCI;0:05:14.157;LMGTE Am;;Aston Martin Racing;Aston Martin;
96;0;8;2:15.528;0;;29.220;0;52.782;0;53.526;1;146.5;26:37.015;15:11;0:29.220;0:52.782;0:53.526;232.3;Francesco CASTELLACCI;;LMGTE Am;;Aston Martin Racing;Aston Martin;
96;0;9;2:16.103;0;;28.862;0;51.510;0;55.731;0;145.9;28:53.118;15:13;0:28.862;0:51.510;0:55.731;246.0;Francesco CASTELLACCI;;LMGTE Am;;Aston Martin Racing;Aston Martin;
96;0;10;2:16.260;0;B;29.521;0;51.274;1;55.465;0;145.7;31:09.378;15:16;0:29.521;0:51.274;0:55.465;237.4;Francesco CASTELLACCI;;LMGTE Am;;Aston Martin Racing;Aston Martin;
96;1;11;6:41.727;0;;3:31.095;0;1:43.536;0;1:27.096;0;49.4;37:51.105;15:22;3:31.095;1:43.536;1:27.096;79.4;Benny SIMONSEN;0:02:49.816;LMGTE Am;;Aston Martin Racing;Aston Martin;
96;1;12;2:40.878;0;;51.416;0;54.594;0;54.868;0;123.4;40:31.983;15:25;0:51.416;0:54.594;0:54.868;197.4;Benny SIMONSEN;;LMGTE Am;;Aston Martin Racing;Aston Martin;
96;1;13;2:16.850;0;;30.103;0;52.810;0;53.937;0;145.1;42:48.833;15:27;0:30.103;0:52.810;0:53.937;228.3;Benny SIMONSEN;;LMGTE Am;;Aston Martin Racing;Aston Martin;
96;1;14;2:13.559;0;;29.299;0;51.982;0;52.278;0;148.7;45:02.392;15:30;0:29.299;0:51.982;0:52.278;242.2;Benny SIMONSEN;;LMGTE Am;;Aston Martin Racing;Aston Martin;
96;1;15;2:12.023;0;;28.720;0;51.311;0;51.992;0;150.4;47:14.415;15:32;0:28.720;0:51.311;0:51.992;243.8;Benny SIMONSEN;;LMGTE Am;;Aston Martin Racing;Aston Martin;
96;1;16;2:11.836;0;;28.409;0;50.988;0;52.439;0;150.6;49:26.251;15:34;0:28.409;0:50.988;0:52.439;229.3;Benny SIMONSEN;;LMGTE Am;;Aston Martin Racing;Aston Martin;
96;1;17;2:10.876;0;;28.411;0;50.782;0;51.683;1;151.7;51:37.127;15:36;0:28.411;0:50.782;0:51.683;234.3;Benny SIMONSEN;;LMGTE Am;;Aston Martin Racing;Aston Martin;
96;1;18;2:12.168;0;;28.356;1;50.904;0;52.908;0;150.2;53:49.295;15:38;0:28.356;0:50.904;0:52.908;240.5;Benny SIMONSEN;;LMGTE Am;;Aston Martin Racing;Aston Martin;
96;1;19;2:12.068;0;;28.870;0;51.220;0;51.978;0;150.4;56:01.363;15:41;0:28.870;0:51.220;0:51.978;248.3;Benny SIMONSEN;;LMGTE Am;;Aston Martin Racing;Aston Martin;
96;1;20;2:11.260;0;;28.662;0;50.648;1;51.950;0;151.3;58:12.623;15:43;0:28.662;0:50.648;0:51.950;244.9;Benny SIMONSEN;;LMGTE Am;;Aston Martin Racing;Aston Martin;
96;1;21;2:43.471;0;B;29.793;0;51.542;0;1:22.136;0;121.5;1:00:56.094;15:45;0:29.793;0:51.542;1:22.136;215.1;Benny SIMONSEN;;LMGTE Am;;Aston Martin Racing;Aston Martin;
96;2;22;4:33.501;0;;2:48.044;0;52.121;0;53.336;0;72.6;1:05:29.595;15:50;2:48.044;0:52.121;0:53.336;224.1;Stuart HALL;0:02:25.255;LMGTE Am;;Aston Martin Racing;Aston Martin;
96;2;23;2:12.625;0;;28.950;0;51.633;0;52.042;0;149.7;1:07:42.220;15:52;0:28.950;0:51.633;0:52.042;246.0;Stuart HALL;;LMGTE Am;;Aston Martin Racing;Aston Martin;
96;2;24;2:10.523;0;;28.333;0;50.465;0;51.725;0;152.1;1:09:52.743;15:54;0:28.333;0:50.465;0:51.725;246.6;Stuart HALL;;LMGTE Am;;Aston Martin Racing;Aston Martin;
96;2;25;2:10.344;0;;28.356;0;50.199;2;51.789;0;152.3;1:12:03.087;15:57;0:28.356;0:50.199;0:51.789;247.7;Stuart HALL;;LMGTE Am;;Aston Martin Racing;Aston Martin;
96;2;26;2:11.134;0;;28.100;0;50.532;0;52.502;0;151.4;1:14:14.221;15:59;0:28.100;0:50.532;0:52.502;247.7;Stuart HALL;;LMGTE Am;;Aston Martin Racing;Aston Martin;
96;2;27;2:11.425;0;;28.101;0;51.016;0;52.308;0;151.1;1:16:25.646;16:01;0:28.101;0:51.016;0:52.308;245.5;Stuart HALL;;LMGTE Am;;Aston Martin Racing;Aston Martin;
96;2;28;2:10.714;0;;28.083;0;50.840;0;51.791;0;151.9;1:18:36.360;16:03;0:28.083;0:50.840;0:51.791;244.9;Stuart HALL;;LMGTE Am;;Aston Martin Racing;Aston Martin;
96;2;29;2:14.788;0;B;28.440;0;50.733;0;55.615;0;147.3;1:20:51.148;16:05;0:28.440;0:50.733;0:55.615;242.7;Stuart HALL;;LMGTE Am;;Aston Martin Racing;Aston Martin;
96;2;30;4:29.434;0;;2:45.702;0;51.188;0;52.544;0;73.7;1:25:20.582;16:10;2:45.702;0:51.188;0:52.544;243.8;Stuart HALL;0:02:22.041;LMGTE Am;;Aston Martin Racing;Aston Martin;
96;2;31;2:10.388;0;;27.962;0;50.508;0;51.918;0;152.3;1:27:30.970;16:12;0:27.962;0:50.508;0:51.918;244.3;Stuart HALL;;LMGTE Am;;Aston Martin Racing;Aston Martin;
96;2;32;2:09.804;2;;27.919;2;50.372;0;51.513;2;153.0;1:29:40.774;16:14;0:27.919;0:50.372;0:51.513;246.0;Stuart HALL;;LMGTE Am;;Aston Martin Racing;Aston Martin;
96;2;33;2:10.658;0;;28.024;0;50.342;0;52.292;0;152.0;1:31:51.432;16:16;0:28.024;0:50.342;0:52.292;246.0;Stuart HALL;;LMGTE Am;;Aston Martin Racing;Aston Martin;
97;1;1;3:21.262;0;;1:31.253;0;54.152;0;55.857;0;98.7;3:21.262;14:48;1:31.253;0:54.152;0:55.857;207.7;Jonathan ADAM;0:00:58.621;LMGTE Pro;;Aston Martin Racing;Aston Martin;
97;1;2;2:12.597;0;;29.229;0;51.044;0;52.324;0;149.8;5:33.859;14:50;0:29.229;0:51.044;0:52.324;244.3;Jonathan ADAM;;LMGTE Pro;;Aston Martin Racing;Aston Martin;
97;1;3;2:10.493;0;;28.265;0;50.336;0;51.892;0;152.2;7:44.352;14:52;0:28.265;0:50.336;0:51.892;242.7;Jonathan ADAM;;LMGTE Pro;;Aston Martin Racing;Aston Martin;
97;1;4;2:09.774;0;;27.951;0;50.145;0;51.678;0;153.0;9:54.126;14:54;0:27.951;0:50.145;0:51.678;248.3;Jonathan ADAM;;LMGTE Pro;;Aston Martin Racing;Aston Martin;
97;1;5;2:10.544;0;;28.199;0;50.298;0;52.047;0;152.1;12:04.670;14:57;0:28.199;0:50.298;0:52.047;250.6;Jonathan ADAM;;LMGTE Pro;;Aston Martin Racing;Aston Martin;
97;1;6;2:10.193;0;;28.030;0;50.762;0;51.401;0;152.5;14:14.863;14:59;0:28.030;0:50.762;0:51.401;247.1;Jonathan ADAM;;LMGTE Pro;;Aston Martin Racing;Aston Martin;
97;1;7;2:09.032;0;;27.841;0;50.215;0;50.976;0;153.9;16:23.895;15:01;0:27.841;0:50.215;0:50.976;248.8;Jonathan ADAM;;LMGTE Pro;;Aston Martin Racing;Aston Martin;
97;1;8;2:09.002;0;;27.731;0;50.087;0;51.184;0;153.9;18:32.897;15:03;0:27.731;0:50.087;0:51.184;248.8;Jonathan ADAM;;LMGTE Pro;;Aston Martin Racing;Aston Martin;
97;1;9;2:08.800;0;;27.708;0;49.934;0;51.158;0;154.2;20:41.697;15:05;0:27.708;0:49.934;0:51.158;248.8;Jonathan ADAM;;LMGTE Pro;;Aston Martin Racing;Aston Martin;
97;1;10;2:11.867;0;B;27.683;0;50.134;0;54.050;0;150.6;22:53.564;15:07;0:27.683;0:50.134;0:54.050;248.8;Jonathan ADAM;;LMGTE Pro;;Aston Martin Racing;Aston Martin;
97;1;11;6:37.838;0;;4:55.005;0;50.749;0;52.084;0;49.9;29:31.402;15:14;4:55.005;0:50.749;0:52.084;248.3;Jonathan ADAM;0:04:32.274;LMGTE Pro;;Aston Martin Racing;Aston Martin;
97;1;12;2:38.548;0;;27.794;0;49.948;0;1:20.806;0;125.2;32:09.950;15:17;0:27.794;0:49.948;1:20.806;248.3;Jonathan ADAM;;LMGTE Pro;;Aston Martin Racing;Aston Martin;
97;1;13;4:07.030;0;;58.912;0;1:42.644;0;1:25.474;0;80.4;36:16.980;15:21;0:58.912;1:42.644;1:25.474;79.8;Jonathan ADAM;;LMGTE Pro;;Aston Martin Racing;Aston Martin;
97;1;14;3:20.856;0;;59.032;0;1:27.993;0;53.831;0;98.9;39:37.836;15:24;0:59.032;1:27.993;0:53.831;216.9;Jonathan ADAM;;LMGTE Pro;;Aston Martin Racing;Aston Martin;
97;1;15;2:12.233;0;;28.386;0;50.410;0;53.437;0;150.2;41:50.069;15:26;0:28.386;0:50.410;0:53.437;248.3;Jonathan ADAM;;LMGTE Pro;;Aston Martin Racing;Aston Martin;
97;1;16;2:08.749;0;;27.812;0;49.980;0;50.957;0;154.2;43:58.818;15:28;0:27.812;0:49.980;0:50.957;250.0;Jonathan ADAM;;LMGTE Pro;;Aston Martin Racing;Aston Martin;
97;1;17;2:08.138;2;;27.486;0;49.781;0;50.871;2;155.0;46:06.956;15:31;0:27.486;0:49.781;0:50.871;248.8;Jonathan ADAM;;LMGTE Pro;;Aston Martin Racing;Aston Martin;
97;1;18;2:08.725;0;;27.491;0;50.009;0;51.225;0;154.3;48:15.681;15:33;0:27.491;0:50.009;0:51.225;248.8;Jonathan ADAM;;LMGTE Pro;;Aston Martin Racing;Aston Martin;
97;1;19;2:08.454;0;;27.500;0;49.964;0;50.990;0;154.6;50:24.135;15:35;0:27.500;0:49.964;0:50.990;248.8;Jonathan ADAM;;LMGTE Pro;;Aston Martin Racing;Aston Martin;
97;1;20;2:08.349;0;;27.565;0;49.626;2;51.158;0;154.7;52:32.484;15:37;0:27.565;0:49.626;0:51.158;250.0;Jonathan ADAM;;LMGTE Pro;;Aston Martin Racing;Aston Martin;
97;1;21;2:10.137;0;;27.514;0;50.432;0;52.191;0;152.6;54:42.621;15:39;0:27.514;0:50.432;0:52.191;248.3;Jonathan ADAM;;LMGTE Pro;;Aston Martin Racing;Aston Martin;
97;1;22;2:08.766;0;;27.489;0;50.114;0;51.163;0;154.2;56:51.387;15:41;0:27.489;0:50.114;0:51.163;250.6;Jonathan ADAM;;LMGTE Pro;;Aston Martin Racing;Aston Martin;
97;1;23;2:10.049;0;;28.325;0;50.402;0;51.322;0;152.7;59:01.436;15:44;0:28.325;0:50.402;0:51.322;250.0;Jonathan ADAM;;LMGTE Pro;;Aston Martin Racing;Aston Martin;
97;1;24;3:10.912;0;;27.457;2;1:17.529;0;1:25.926;0;104.0;1:02:12.348;15:47;0:27.457;1:17.529;1:25.926;80.0;Jonathan ADAM;;LMGTE Pro;;Aston Martin Racing;Aston Martin;
97;1;25;2:23.683;0;;41.337;0;50.611;0;51.735;0;138.2;1:04:36.031;15:49;0:41.337;0:50.611;0:51.735;247.7;Jonathan ADAM;;LMGTE Pro;;Aston Martin Racing;Aston Martin;
97;1;26;2:08.651;0;;27.658;0;49.921;0;51.072;0;154.4;1:06:44.682;15:51;0:27.658;0:49.921;0:51.072;249.4;Jonathan ADAM;;LMGTE Pro;;Aston Martin Racing;Aston Martin;
97;1;27;2:11.034;0;B;27.971;0;50.065;0;52.998;0;151.5;1:08:55.716;15:53;0:27.971;0:50.065;0:52.998;249.4;Jonathan ADAM;;LMGTE Pro;;Aston Martin Racing;Aston Martin;
97;0;28;4:36.229;0;;2:50.602;0;52.599;0;53.028;0;71.9;1:13:31.945;15:58;2:50.602;0:52.599;0:53.028;243.2;Darren TURNER;0:02:27.046;LMGTE Pro;;Aston Martin Racing;Aston Martin;
97;0;29;2:11.004;0;;28.358;0;50.766;0;51.880;0;151.6;1:15:42.949;16:00;0:28.358;0:50.766;0:51.880;248.8;Darren TURNER;;LMGTE Pro;;Aston Martin Racing;Aston Martin;
97;0;30;2:10.008;0;;27.991;0;50.576;0;51.441;0;152.7;1:17:52.957;16:02;0:27.991;0:50.576;0:51.441;247.7;Darren TURNER;;LMGTE Pro;;Aston Martin Racing;Aston Martin;
97;0;31;2:09.994;0;;28.175;0;50.509;0;51.310;0;152.8;1:20:02.951;16:05;0:28.175;0:50.509;0:51.310;247.7;Darren TURNER;;LMGTE Pro;;Aston Martin Racing;Aston Martin;
97;0;32;2:14.645;0;B;27.924;0;51.196;0;55.525;0;147.5;1:22:17.596;16:07;0:27.924;0:51.196;0:55.525;246.6;Darren TURNER;;LMGTE Pro;;Aston Martin Racing;Aston Martin;
97;0;33;4:36.806;0;;2:54.627;0;50.379;0;51.800;0;71.7;1:26:54.402;16:11;2:54.627;0:50.379;0:51.800;246.0;Darren TURNER;0:02:31.825;LMGTE Pro;;Aston Martin Racing;Aston Martin;
97;0;34;2:09.200;0;;27.930;0;50.033;0;51.237;0;153.7;1:29:03.602;16:14;0:27.930;0:50.033;0:51.237;247.7;Darren TURNER;;LMGTE Pro;;Aston Martin Racing;Aston Martin;
97;0;35;2:09.023;0;;27.912;1;49.996;1;51.115;1;153.9;1:31:12.625;16:16;0:27.912;0:49.996;0:51.115;248.8;Darren TURNER;;LMGTE Pro;;Aston Martin Racing;Aston Martin;
98;1;1;3:33.067;0;;1:36.535;0;55.052;0;1:01.480;0;93.2;3:33.067;14:48;1:36.535;0:55.052;1:01.480;201.1;Pedro LAMY;0:01:09.973;LMGTE Am;;Aston Martin Racing;Aston Martin;
98;1;2;2:10.843;0;;28.448;0;50.589;0;51.806;0;151.8;5:43.910;14:50;0:28.448;0:50.589;0:51.806;248.3;Pedro LAMY;;LMGTE Am;;Aston Martin Racing;Aston Martin;
98;1;3;2:12.225;0;;29.340;0;50.635;0;52.250;0;150.2;7:56.135;14:52;0:29.340;0:50.635;0:52.250;250.6;Pedro LAMY;;LMGTE Am;;Aston Martin Racing;Aston Martin;
98;1;4;2:09.682;0;;28.341;0;49.882;2;51.459;1;153.1;10:05.817;14:55;0:28.341;0:49.882;0:51.459;249.4;Pedro LAMY;;LMGTE Am;;Aston Martin Racing;Aston Martin;
98;1;5;2:10.395;0;;28.032;1;50.455;0;51.908;0;152.3;12:16.212;14:57;0:28.032;0:50.455;0:51.908;234.8;Pedro LAMY;;LMGTE Am;;Aston Martin Racing;Aston Martin;
98;1;6;2:23.110;0;B;31.456;0;50.956;0;1:00.698;0;138.8;14:39.322;14:59;0:31.456;0:50.956;1:00.698;248.3;Pedro LAMY;;LMGTE Am;;Aston Martin Racing;Aston Martin;
98;2;7;4:15.214;0;;2:27.668;0;52.645;0;54.901;0;77.8;18:54.536;15:03;2:27.668;0:52.645;0:54.901;225.0;Mathias LAUDA;0:02:03.136;LMGTE Am;;Aston Martin Racing;Aston Martin;
98;2;8;2:13.052;0;;28.860;0;51.642;0;52.550;0;149.2;21:07.588;15:06;0:28.860;0:51.642;0:52.550;248.3;Mathias LAUDA;;LMGTE Am;;Aston Martin Racing;Aston Martin;
98;2;9;2:12.245;0;;29.054;0;51.199;0;51.992;0;150.2;23:19.833;15:08;0:29.054;0:51.199;0:51.992;249.4;Mathias LAUDA;;LMGTE Am;;Aston Martin Racing;Aston Martin;
98;2;10;2:10.759;0;;28.632;0;50.572;0;51.555;0;151.9;25:30.592;15:10;0:28.632;0:50.572;0:51.555;250.0;Mathias LAUDA;;LMGTE Am;;Aston Martin Racing;Aston Martin;
98;2;11;2:11.220;0;;28.172;0;50.634;0;52.414;0;151.3;27:41.812;15:12;0:28.172;0:50.634;0:52.414;247.7;Mathias LAUDA;;LMGTE Am;;Aston Martin Racing;Aston Martin;
98;2;12;2:10.440;0;;28.057;0;50.408;0;51.975;0;152.2;29:52.252;15:14;0:28.057;0:50.408;0:51.975;252.9;Mathias LAUDA;;LMGTE Am;;Aston Martin Racing;Aston Martin;
98;2;13;3:08.329;0;B;28.182;0;1:14.688;0;1:25.459;0;105.4;33:00.581;15:18;0:28.182;1:14.688;1:25.459;79.5;Mathias LAUDA;;LMGTE Am;;Aston Martin Racing;Aston Martin;
98;0;14;6:38.084;0;;4:11.204;0;1:32.520;0;54.360;0;49.9;39:38.665;15:24;4:11.204;1:32.520;0:54.360;188.2;Paul DALLA LANA;0:03:29.728;LMGTE Am;;Aston Martin Racing;Aston Martin;
98;0;15;2:13.305;0;;28.774;0;50.612;0;53.919;0;149.0;41:51.970;15:26;0:28.774;0:50.612;0:53.919;248.3;Paul DALLA LANA;;LMGTE Am;;Aston Martin Racing;Aston Martin;
98;0;16;2:15.449;0;;31.773;0;50.713;0;52.963;0;146.6;44:07.419;15:29;0:31.773;0:50.713;0:52.963;242.7;Paul DALLA LANA;;LMGTE Am;;Aston Martin Racing;Aston Martin;
98;0;17;2:11.106;0;;29.095;0;50.261;1;51.750;1;151.5;46:18.525;15:31;0:29.095;0:50.261;0:51.750;248.8;Paul DALLA LANA;;LMGTE Am;;Aston Martin Racing;Aston Martin;
98;0;18;2:11.290;0;;28.117;0;50.696;0;52.477;0;151.2;48:29.815;15:33;0:28.117;0:50.696;0:52.477;249.4;Paul DALLA LANA;;LMGTE Am;;Aston Martin Racing;Aston Martin;
98;0;19;2:11.001;0;;28.264;0;50.630;0;52.107;0;151.6;50:40.816;15:35;0:28.264;0:50.630;0:52.107;251.7;Paul DALLA LANA;;LMGTE Am;;Aston Martin Racing;Aston Martin;
98;0;20;2:15.407;0;B;28.681;0;51.230;0;55.496;0;146.7;52:56.223;15:37;0:28.681;0:51.230;0:55.496;244.9;Paul DALLA LANA;;LMGTE Am;;Aston Martin Racing;Aston Martin;
98;2;21;7:12.179;0;;5:24.412;0;53.269;0;54.498;0;45.9;1:00:08.402;15:45;5:24.412;0:53.269;0:54.498;244.9;Mathias LAUDA;0:05:00.200;LMGTE Am;;Aston Martin Racing;Aston Martin;
98;2;22;3:27.326;0;;59.330;0;1:33.857;0;54.139;0;95.8;1:03:35.728;15:48;0:59.330;1:33.857;0:54.139;208.1;Mathias LAUDA;;LMGTE Am;;Aston Martin Racing;Aston Martin;
98;2;23;2:11.230;0;;28.371;0;50.926;0;51.933;0;151.3;1:05:46.958;15:50;0:28.371;0:50.926;0:51.933;243.2;Mathias LAUDA;;LMGTE Am;;Aston Martin Racing;Aston Martin;
98;2;24;2:10.100;0;;28.041;0;50.597;0;51.462;0;152.6;1:07:57.058;15:52;0:28.041;0:50.597;0:51.462;247.7;Mathias LAUDA;;LMGTE Am;;Aston Martin Racing;Aston Martin;
98;2;25;2:10.048;0;;27.884;0;50.491;0;51.673;0;152.7;1:10:07.106;15:55;0:27.884;0:50.491;0:51.673;247.1;Mathias LAUDA;;LMGTE Am;;Aston Martin Racing;Aston Martin;
98;2;26;2:09.519;2;;28.136;0;50.201;1;51.182;0;153.3;1:12:16.625;15:57;0:28.136;0:50.201;0:51.182;247.7;Mathias LAUDA;;LMGTE Am;;Aston Martin Racing;Aston Martin;
98;2;27;2:09.598;0;;27.832;2;50.647;0;51.119;2;153.2;1:14:26.223;15:59;0:27.832;0:50.647;0:51.119;248.8;Mathias LAUDA;;LMGTE Am;;Aston Martin Racing;Aston Martin;
98;2;28;2:13.451;0;B;28.091;0;50.208;0;55.152;0;148.8;1:16:39.674;16:01;0:28.091;0:50.208;0:55.152;247.1;Mathias LAUDA;;LMGTE Am;;Aston Martin Racing;Aston Martin;
98;0;29;4:10.204;0;;2:21.025;0;52.451;0;56.728;0;79.4;1:20:49.878;16:05;2:21.025;0:52.451;0:56.728;240.0;Paul DALLA LANA;0:01:56.547;LMGTE Am;;Aston Martin Racing;Aston Martin;
98;0;30;2:11.523;0;;28.575;0;50.829;0;52.119;0;151.0;1:23:01.401;16:08;0:28.575;0:50.829;0:52.119;246.0;Paul DALLA LANA;;LMGTE Am;;Aston Martin Racing;Aston Martin;
98;0;31;2:11.432;0;;28.168;0;51.141;0;52.123;0;151.1;1:25:12.833;16:10;0:28.168;0:51.141;0:52.123;244.3;Paul DALLA LANA;;LMGTE Am;;Aston Martin Racing;Aston Martin;
98;0;32;2:10.891;0;;28.061;0;51.021;0;51.809;0;151.7;1:27:23.724;16:12;0:28.061;0:51.021;0:51.809;247.1;Paul DALLA LANA;;LMGTE Am;;Aston Martin Racing;Aston Martin;
98;0;33;2:11.080;0;;28.472;0;50.562;0;52.046;0;151.5;1:29:34.804;16:14;0:28.472;0:50.562;0:52.046;247.7;Paul DALLA LANA;;LMGTE Am;;Aston Martin Racing;Aston Martin;
98;0;34;2:10.293;0;;27.995;1;50.303;0;51.995;0;152.4;1:31:45.097;16:16;0:27.995;0:50.303;0:51.995;247.1;Paul DALLA LANA;;LMGTE Am;;Aston Martin Racing;Aston Martin;
99;0;1;3:17.276;0;;1:27.822;0;55.498;0;53.956;0;100.7;3:17.276;14:48;1:27.822;0:55.498;0:53.956;225.9;Alex MACDOWALL;0:01:00.071;LMGTE Pro;;Aston Martin Racing V8;Aston Martin;
99;0;2;2:10.826;0;;28.527;0;50.232;0;52.067;0;151.8;5:28.102;14:50;0:28.527;0:50.232;0:52.067;250.6;Alex MACDOWALL;;LMGTE Pro;;Aston Martin Racing V8;Aston Martin;
99;0;3;2:09.221;0;;28.189;0;49.811;0;51.221;0;153.7;7:37.323;14:52;0:28.189;0:49.811;0:51.221;251.2;Alex MACDOWALL;;LMGTE Pro;;Aston Martin Racing V8;Aston Martin;
99;0;4;2:09.221;0;;27.741;0;50.087;0;51.393;0;153.7;9:46.544;14:54;0:27.741;0:50.087;0:51.393;251.7;Alex MACDOWALL;;LMGTE Pro;;Aston Martin Racing V8;Aston Martin;
99;0;5;2:08.456;0;;27.673;0;49.454;2;51.329;0;154.6;11:55.000;14:56;0:27.673;0:49.454;0:51.329;251.2;Alex MACDOWALL;;LMGTE Pro;;Aston Martin Racing V8;Aston Martin;
99;0;6;2:12.807;0;;29.174;0;51.385;0;52.248;0;149.5;14:07.807;14:59;0:29.174;0:51.385;0:52.248;247.1;Alex MACDOWALL;;LMGTE Pro;;Aston Martin Racing V8;Aston Martin;
99;0;7;2:09.299;0;;27.813;0;50.035;0;51.451;0;153.6;16:17.106;15:01;0:27.813;0:50.035;0:51.451;251.2;Alex MACDOWALL;;LMGTE Pro;;Aston Martin Racing V8;Aston Martin;
99;0;8;2:09.719;0;;27.799;0;49.984;0;51.936;0;153.1;18:26.825;15:03;0:27.799;0:49.984;0:51.936;249.4;Alex MACDOWALL;;LMGTE Pro;;Aston Martin Racing V8;Aston Martin;
99;0;9;2:09.006;0;;27.665;0;49.963;0;51.378;0;153.9;20:35.831;15:05;0:27.665;0:49.963;0:51.378;249.4;Alex MACDOWALL;;LMGTE Pro;;Aston Martin Racing V8;Aston Martin;
99;0;10;2:08.900;0;;27.677;0;49.766;0;51.457;0;154.1;22:44.731;15:07;0:27.677;0:49.766;0:51.457;251.2;Alex MACDOWALL;;LMGTE Pro;;Aston Martin Racing V8;Aston Martin;
99;0;11;2:13.649;0;B;27.777;0;50.301;0;55.571;0;148.6;24:58.380;15:09;0:27.777;0:50.301;0:55.571;251.2;Alex MACDOWALL;;LMGTE Pro;;Aston Martin Racing V8;Aston Martin;
99;0;12;3:54.204;0;;2:10.261;0;51.263;0;52.680;0;84.8;28:52.584;15:13;2:10.261;0:51.263;0:52.680;249.4;Alex MACDOWALL;0:01:46.983;LMGTE Pro;;Aston Martin Racing V8;Aston Martin;
99;0;13;2:13.842;0;;28.013;0;50.712;0;55.117;0;148.4;31:06.426;15:16;0:28.013;0:50.712;0:55.117;229.3;Alex MACDOWALL;;LMGTE Pro;;Aston Martin Racing V8;Aston Martin;
99;0;14;4:08.500;0;;59.390;0;1:43.189;0;1:25.921;0;79.9;35:14.926;15:20;0:59.390;1:43.189;1:25.921;79.5;Alex MACDOWALL;;LMGTE Pro;;Aston Martin Racing V8;Aston Martin;
99;0;15;4:05.705;0;;59.194;0;1:44.076;0;1:22.435;0;80.8;39:20.631;15:24;0:59.194;1:44.076;1:22.435;75.7;Alex MACDOWALL;;LMGTE Pro;;Aston Martin Racing V8;Aston Martin;
99;0;16;2:12.658;0;;28.732;0;51.228;0;52.698;0;149.7;41:33.289;15:26;0:28.732;0:51.228;0:52.698;248.8;Alex MACDOWALL;;LMGTE Pro;;Aston Martin Racing V8;Aston Martin;
99;0;17;2:09.982;0;;27.840;0;50.063;0;52.079;0;152.8;43:43.271;15:28;0:27.840;0:50.063;0:52.079;243.8;Alex MACDOWALL;;LMGTE Pro;;Aston Martin Racing V8;Aston Martin;
99;0;18;2:08.392;0;;27.562;0;49.671;0;51.159;2;154.7;45:51.663;15:30;0:27.562;0:49.671;0:51.159;250.0;Alex MACDOWALL;;LMGTE Pro;;Aston Martin Racing V8;Aston Martin;
99;0;19;2:08.356;2;;27.508;2;49.557;0;51.291;0;154.7;48:00.019;15:33;0:27.508;0:49.557;0:51.291;250.6;Alex MACDOWALL;;LMGTE Pro;;Aston Martin Racing V8;Aston Martin;
99;0;20;2:08.407;0;;27.535;0;49.680;0;51.192;0;154.6;50:08.426;15:35;0:27.535;0:49.680;0:51.192;251.2;Alex MACDOWALL;;LMGTE Pro;;Aston Martin Racing V8;Aston Martin;
99;0;21;2:08.636;0;;27.615;0;49.540;0;51.481;0;154.4;52:17.062;15:37;0:27.615;0:49.540;0:51.481;251.7;Alex MACDOWALL;;LMGTE Pro;;Aston Martin Racing V8;Aston Martin;
99;0;22;2:10.057;0;;27.598;0;49.678;0;52.781;0;152.7;54:27.119;15:39;0:27.598;0:49.678;0:52.781;252.3;Alex MACDOWALL;;LMGTE Pro;;Aston Martin Racing V8;Aston Martin;
99;0;23;2:09.603;0;;27.883;0;50.069;0;51.651;0;153.2;56:36.722;15:41;0:27.883;0:50.069;0:51.651;252.9;Alex MACDOWALL;;LMGTE Pro;;Aston Martin Racing V8;Aston Martin;
99;0;24;2:15.831;0;B;28.641;0;50.260;0;56.930;0;146.2;58:52.553;15:43;0:28.641;0:50.260;0:56.930;240.0;Alex MACDOWALL;;LMGTE Pro;;Aston Martin Racing V8;Aston Martin;
99;1;25;7:28.818;0;;5:43.815;0;51.348;0;53.655;0;44.2;1:06:21.371;15:51;5:43.815;0:51.348;0:53.655;241.6;Fernando REES;0:05:19.808;LMGTE Pro;;Aston Martin Racing V8;Aston Martin;
99;1;26;2:10.624;0;;28.188;0;50.193;0;52.243;0;152.0;1:08:31.995;15:53;0:28.188;0:50.193;0:52.243;246.6;Fernando REES;;LMGTE Pro;;Aston Martin Racing V8;Aston Martin;
99;1;27;2:09.902;0;;28.007;0;50.064;0;51.831;0;152.9;1:10:41.897;15:55;0:28.007;0:50.064;0:51.831;250.6;Fernando REES;;LMGTE Pro;;Aston Martin Racing V8;Aston Martin;
99;1;28;2:09.439;0;;27.853;0;50.032;0;51.554;0;153.4;1:12:51.336;15:57;0:27.853;0:50.032;0:51.554;251.7;Fernando REES;;LMGTE Pro;;Aston Martin Racing V8;Aston Martin;
99;1;29;2:10.841;0;B;27.753;0;49.856;1;53.232;0;151.8;1:15:02.177;16:00;0:27.753;0:49.856;0:53.232;251.2;Fernando REES;;LMGTE Pro;;Aston Martin Racing V8;Aston Martin;
99;1;30;4:12.649;0;;2:30.563;0;50.130;0;51.956;0;78.6;1:19:14.826;16:04;2:30.563;0:50.130;0:51.956;248.3;Fernando REES;0:02:08.372;LMGTE Pro;;Aston Martin Racing V8;Aston Martin;
99;1;31;2:09.189;0;;27.760;0;50.014;0;51.415;1;153.7;1:21:24.015;16:06;0:27.760;0:50.014;0:51.415;249.4;Fernando REES;;LMGTE Pro;;Aston Martin Racing V8;Aston Martin;
99;1;32;2:12.850;0;B;27.730;1;50.182;0;54.938;0;149.5;1:23:36.865;16:08;0:27.730;0:50.182;0:54.938;250.6;Fernando REES;;LMGTE Pro;;Aston Martin Racing V8;Aston Martin;
99;1;33;7:10.357;0;;5:26.699;0;50.345;0;53.313;0;46.1;1:30:47.222;16:15;5:26.699;0:50.345;0:53.313;245.5;Fernando REES;0:05:02.495;LMGTE Pro;;Aston Martin Racing V8;Aston Martin;
