NUMBER; DRIVER_NUMBER; LAP_NUMBER; LAP_TIME; LAP_IMPROVEMENT; CROSSING_FINISH_LINE_IN_PIT; S1; S1_IMPROVEMENT; S2; S2_IMPROVEMENT; S3; S3_IMPROVEMENT; KPH; ELAPSED; HOUR;S1_LARGE;S2_LARGE;S3_LARGE;TOP_SPEED;DRIVER_NAME;PIT_TIME;CLASS;GROUP;TEAM;MANUFACTURER;
1;1;1;1:48.201;0;;43.820;0;44.663;0;19.718;0;143.4;1:48.201;17:31;0:43.820;0:44.663;0:19.718;;Loïc DUVAL;0:00:10.541;LMP1;H;Audi Sport Team Joest;Audi;
1;1;2;1:20.633;0;;20.511;0;40.790;0;19.332;0;192.4;3:08.834;17:33;0:20.511;0:40.790;0:19.332;280.5;Loïc DUVAL;;LMP1;H;Audi Sport Team Joest;Audi;
1;1;3;1:22.806;0;;20.458;0;43.122;0;19.226;0;187.3;4:31.640;17:34;0:20.458;0:43.122;0:19.226;288.8;Loïc DUVAL;;LMP1;H;Audi Sport Team Joest;Audi;
1;1;4;1:19.731;0;;20.142;0;40.245;0;19.344;0;194.6;5:51.371;17:35;0:20.142;0:40.245;0:19.344;291.9;Loïc DUVAL;;LMP1;H;Audi Sport Team Joest;Audi;
1;1;5;1:19.943;0;;20.091;0;40.326;0;19.526;0;194.0;7:11.314;17:37;0:20.091;0:40.326;0:19.526;291.1;Loïc DUVAL;;LMP1;H;Audi Sport Team Joest;Audi;
1;1;6;1:22.676;0;;20.600;0;42.601;0;19.475;0;187.6;8:33.990;17:38;0:20.600;0:42.601;0:19.475;275.5;Loïc DUVAL;;LMP1;H;Audi Sport Team Joest;Audi;
1;1;7;1:21.539;0;;20.672;0;41.504;0;19.363;0;190.2;9:55.529;17:39;0:20.672;0:41.504;0:19.363;273.4;Loïc DUVAL;;LMP1;H;Audi Sport Team Joest;Audi;
1;1;8;1:20.784;0;;20.610;0;41.029;0;19.145;0;192.0;11:16.313;17:41;0:20.610;0:41.029;0:19.145;281.2;Loïc DUVAL;;LMP1;H;Audi Sport Team Joest;Audi;
1;1;9;1:22.030;0;;20.239;0;41.833;0;19.958;0;189.1;12:38.343;17:42;0:20.239;0:41.833;0:19.958;289.5;Loïc DUVAL;;LMP1;H;Audi Sport Team Joest;Audi;
1;1;10;1:19.940;0;;20.452;0;40.369;0;19.119;0;194.1;13:58.283;17:43;0:20.452;0:40.369;0:19.119;290.3;Loïc DUVAL;;LMP1;H;Audi Sport Team Joest;Audi;
1;1;11;1:19.447;0;;20.184;0;40.121;0;19.142;0;195.3;15:17.730;17:45;0:20.184;0:40.121;0:19.142;293.5;Loïc DUVAL;;LMP1;H;Audi Sport Team Joest;Audi;
1;1;12;1:20.402;0;;20.554;0;40.489;0;19.359;0;192.9;16:38.132;17:46;0:20.554;0:40.489;0:19.359;279.8;Loïc DUVAL;;LMP1;H;Audi Sport Team Joest;Audi;
1;1;13;1:21.007;0;;20.391;0;41.332;0;19.284;0;191.5;17:59.139;17:47;0:20.391;0:41.332;0:19.284;272.7;Loïc DUVAL;;LMP1;H;Audi Sport Team Joest;Audi;
1;1;14;1:20.583;0;;20.408;0;40.841;0;19.334;0;192.5;19:19.722;17:49;0:20.408;0:40.841;0:19.334;297.5;Loïc DUVAL;;LMP1;H;Audi Sport Team Joest;Audi;
1;1;15;1:20.100;0;;20.167;0;40.534;0;19.399;0;193.7;20:39.822;17:50;0:20.167;0:40.534;0:19.399;289.5;Loïc DUVAL;;LMP1;H;Audi Sport Team Joest;Audi;
1;1;16;1:19.480;0;;20.245;0;40.046;0;19.189;0;195.2;21:59.302;17:51;0:20.245;0:40.046;0:19.189;291.1;Loïc DUVAL;;LMP1;H;Audi Sport Team Joest;Audi;
1;1;17;1:20.471;0;;20.186;0;40.926;0;19.359;0;192.8;23:19.773;17:53;0:20.186;0:40.926;0:19.359;289.5;Loïc DUVAL;;LMP1;H;Audi Sport Team Joest;Audi;
1;1;18;1:20.989;0;;20.970;0;40.810;0;19.209;0;191.5;24:40.762;17:54;0:20.970;0:40.810;0:19.209;277.6;Loïc DUVAL;;LMP1;H;Audi Sport Team Joest;Audi;
1;1;19;1:22.291;0;;20.489;0;42.564;0;19.238;0;188.5;26:03.053;17:56;0:20.489;0:42.564;0:19.238;288.0;Loïc DUVAL;;LMP1;H;Audi Sport Team Joest;Audi;
1;1;20;1:20.832;0;;20.287;0;41.310;0;19.235;0;191.9;27:23.885;17:57;0:20.287;0:41.310;0:19.235;281.2;Loïc DUVAL;;LMP1;H;Audi Sport Team Joest;Audi;
1;1;21;1:20.125;0;;20.394;0;40.282;0;19.449;0;193.6;28:44.010;17:58;0:20.394;0:40.282;0:19.449;285.0;Loïc DUVAL;;LMP1;H;Audi Sport Team Joest;Audi;
1;1;22;1:20.164;0;;20.085;0;40.975;0;19.104;0;193.5;30:04.174;18:00;0:20.085;0:40.975;0:19.104;291.9;Loïc DUVAL;;LMP1;H;Audi Sport Team Joest;Audi;
1;1;23;1:21.071;0;;20.691;0;41.021;0;19.359;0;191.3;31:25.245;18:01;0:20.691;0:41.021;0:19.359;302.5;Loïc DUVAL;;LMP1;H;Audi Sport Team Joest;Audi;
1;1;24;1:20.568;0;;20.472;0;40.831;0;19.265;0;192.5;32:45.813;18:02;0:20.472;0:40.831;0:19.265;303.4;Loïc DUVAL;;LMP1;H;Audi Sport Team Joest;Audi;
1;1;25;1:19.301;0;;20.252;0;39.889;0;19.160;0;195.6;34:05.114;18:04;0:20.252;0:39.889;0:19.160;285.0;Loïc DUVAL;;LMP1;H;Audi Sport Team Joest;Audi;
1;1;26;1:19.521;0;;20.098;0;40.005;0;19.418;0;195.1;35:24.635;18:05;0:20.098;0:40.005;0:19.418;296.7;Loïc DUVAL;;LMP1;H;Audi Sport Team Joest;Audi;
1;1;27;1:19.966;0;;20.977;0;39.843;0;19.146;0;194.0;36:44.601;18:06;0:20.977;0:39.843;0:19.146;274.1;Loïc DUVAL;;LMP1;H;Audi Sport Team Joest;Audi;
1;1;28;1:26.869;0;B;20.169;0;40.355;0;26.345;0;178.6;38:11.470;18:08;0:20.169;0:40.355;0:26.345;290.3;Loïc DUVAL;;LMP1;H;Audi Sport Team Joest;Audi;
1;1;29;6:10.171;0;;5:10.110;0;40.541;0;19.520;0;41.9;44:21.641;18:14;5:10.110;0:40.541;0:19.520;;Loïc DUVAL;0:04:55.114;LMP1;H;Audi Sport Team Joest;Audi;
1;1;30;1:19.626;0;;20.724;0;39.611;0;19.291;0;194.8;45:41.267;18:15;0:20.724;0:39.611;0:19.291;261.5;Loïc DUVAL;;LMP1;H;Audi Sport Team Joest;Audi;
1;1;31;1:21.524;0;;20.311;0;41.718;0;19.495;0;190.3;47:02.791;18:17;0:20.311;0:41.718;0:19.495;286.5;Loïc DUVAL;;LMP1;H;Audi Sport Team Joest;Audi;
1;1;32;1:19.220;0;;20.354;0;39.680;0;19.186;0;195.8;48:22.011;18:18;0:20.354;0:39.680;0:19.186;282.0;Loïc DUVAL;;LMP1;H;Audi Sport Team Joest;Audi;
1;1;33;1:19.335;0;;20.477;0;39.547;0;19.311;0;195.5;49:41.346;18:19;0:20.477;0:39.547;0:19.311;292.7;Loïc DUVAL;;LMP1;H;Audi Sport Team Joest;Audi;
1;1;34;1:19.157;0;;20.192;0;39.879;0;19.086;1;196.0;51:00.503;18:21;0:20.192;0:39.879;0:19.086;281.2;Loïc DUVAL;;LMP1;H;Audi Sport Team Joest;Audi;
1;1;35;1:19.468;0;;20.027;0;39.480;1;19.961;0;195.2;52:19.971;18:22;0:20.027;0:39.480;0:19.961;288.0;Loïc DUVAL;;LMP1;H;Audi Sport Team Joest;Audi;
1;1;36;1:28.273;0;B;20.019;2;39.554;0;28.700;0;175.7;53:48.244;18:23;0:20.019;0:39.554;0:28.700;289.5;Loïc DUVAL;;LMP1;H;Audi Sport Team Joest;Audi;
1;0;37;3:00.774;0;;1:59.969;0;41.800;0;19.005;2;85.8;56:49.018;18:26;1:59.969;0:41.800;0:19.005;;Lucas DI GRASSI;0:01:45.597;LMP1;H;Audi Sport Team Joest;Audi;
1;0;38;1:22.338;0;;21.317;0;41.107;0;19.914;0;188.4;58:11.356;18:28;0:21.317;0:41.107;0:19.914;288.0;Lucas DI GRASSI;;LMP1;H;Audi Sport Team Joest;Audi;
1;0;39;1:21.608;0;;20.398;0;41.574;0;19.636;0;190.1;59:32.964;18:29;0:20.398;0:41.574;0:19.636;276.9;Lucas DI GRASSI;;LMP1;H;Audi Sport Team Joest;Audi;
1;0;40;1:20.847;0;;20.376;0;41.115;0;19.356;0;191.9;1:00:53.811;18:30;0:20.376;0:41.115;0:19.356;278.4;Lucas DI GRASSI;;LMP1;H;Audi Sport Team Joest;Audi;
1;0;41;1:19.650;0;;20.254;0;40.098;0;19.298;0;194.8;1:02:13.461;18:32;0:20.254;0:40.098;0:19.298;282.7;Lucas DI GRASSI;;LMP1;H;Audi Sport Team Joest;Audi;
1;0;42;1:20.433;0;;20.839;0;40.091;0;19.503;0;192.9;1:03:33.894;18:33;0:20.839;0:40.091;0:19.503;263.4;Lucas DI GRASSI;;LMP1;H;Audi Sport Team Joest;Audi;
1;0;43;1:22.513;0;;20.326;0;41.900;0;20.287;0;188.0;1:04:56.407;18:34;0:20.326;0:41.900;0:20.287;285.0;Lucas DI GRASSI;;LMP1;H;Audi Sport Team Joest;Audi;
1;0;44;1:18.717;0;;20.229;0;39.393;0;19.095;0;197.1;1:06:15.124;18:36;0:20.229;0:39.393;0:19.095;287.2;Lucas DI GRASSI;;LMP1;H;Audi Sport Team Joest;Audi;
1;0;45;1:20.812;0;;20.931;0;39.550;0;20.331;0;192.0;1:07:35.936;18:37;0:20.931;0:39.550;0:20.331;272.0;Lucas DI GRASSI;;LMP1;H;Audi Sport Team Joest;Audi;
1;0;46;1:19.969;0;;20.264;0;40.247;0;19.458;0;194.0;1:08:55.905;18:38;0:20.264;0:40.247;0:19.458;281.2;Lucas DI GRASSI;;LMP1;H;Audi Sport Team Joest;Audi;
1;0;47;1:20.194;0;;20.815;0;39.790;0;19.589;0;193.4;1:10:16.099;18:40;0:20.815;0:39.790;0:19.589;279.1;Lucas DI GRASSI;;LMP1;H;Audi Sport Team Joest;Audi;
1;0;48;1:18.455;2;;20.042;1;39.263;2;19.150;0;197.7;1:11:34.554;18:41;0:20.042;0:39.263;0:19.150;289.5;Lucas DI GRASSI;;LMP1;H;Audi Sport Team Joest;Audi;
1;0;49;1:19.398;0;;20.128;0;40.052;0;19.218;0;195.4;1:12:53.952;18:42;0:20.128;0:40.052;0:19.218;289.5;Lucas DI GRASSI;;LMP1;H;Audi Sport Team Joest;Audi;
1;0;50;1:18.544;0;;20.053;0;39.333;0;19.158;0;197.5;1:14:12.496;18:44;0:20.053;0:39.333;0:19.158;286.5;Lucas DI GRASSI;;LMP1;H;Audi Sport Team Joest;Audi;
1;0;51;1:19.489;0;;20.242;0;39.687;0;19.560;0;195.2;1:15:31.985;18:45;0:20.242;0:39.687;0:19.560;279.1;Lucas DI GRASSI;;LMP1;H;Audi Sport Team Joest;Audi;
1;0;52;1:19.960;0;;20.221;0;40.162;0;19.577;0;194.0;1:16:51.945;18:46;0:20.221;0:40.162;0:19.577;283.5;Lucas DI GRASSI;;LMP1;H;Audi Sport Team Joest;Audi;
1;0;53;1:19.460;0;;20.230;0;39.714;0;19.516;0;195.2;1:18:11.405;18:48;0:20.230;0:39.714;0:19.516;276.9;Lucas DI GRASSI;;LMP1;H;Audi Sport Team Joest;Audi;
1;0;54;1:20.356;0;;20.146;0;39.894;0;20.316;0;193.0;1:19:31.761;18:49;0:20.146;0:39.894;0:20.316;290.3;Lucas DI GRASSI;;LMP1;H;Audi Sport Team Joest;Audi;
1;0;55;1:19.116;0;;20.417;0;39.458;0;19.241;0;196.1;1:20:50.877;18:50;0:20.417;0:39.458;0:19.241;285.7;Lucas DI GRASSI;;LMP1;H;Audi Sport Team Joest;Audi;
1;0;56;1:19.962;0;;20.155;0;40.601;0;19.206;0;194.0;1:22:10.839;18:52;0:20.155;0:40.601;0:19.206;288.8;Lucas DI GRASSI;;LMP1;H;Audi Sport Team Joest;Audi;
1;0;57;1:20.527;0;;20.956;0;40.095;0;19.476;0;192.6;1:23:31.366;18:53;0:20.956;0:40.095;0:19.476;288.0;Lucas DI GRASSI;;LMP1;H;Audi Sport Team Joest;Audi;
1;0;58;1:20.413;0;;20.728;0;40.412;0;19.273;0;192.9;1:24:51.779;18:54;0:20.728;0:40.412;0:19.273;288.8;Lucas DI GRASSI;;LMP1;H;Audi Sport Team Joest;Audi;
1;0;59;1:23.664;0;;20.109;0;43.849;0;19.706;0;185.4;1:26:15.443;18:56;0:20.109;0:43.849;0:19.706;285.7;Lucas DI GRASSI;;LMP1;H;Audi Sport Team Joest;Audi;
1;0;60;1:19.658;0;;20.474;0;39.800;0;19.384;0;194.7;1:27:35.101;18:57;0:20.474;0:39.800;0:19.384;285.7;Lucas DI GRASSI;;LMP1;H;Audi Sport Team Joest;Audi;
1;0;61;1:19.247;0;;20.057;0;39.815;0;19.375;0;195.7;1:28:54.348;18:58;0:20.057;0:39.815;0:19.375;284.2;Lucas DI GRASSI;;LMP1;H;Audi Sport Team Joest;Audi;
1;0;62;1:20.652;0;;20.112;0;41.352;0;19.188;0;192.3;1:30:15.000;19:00;0:20.112;0:41.352;0:19.188;290.3;Lucas DI GRASSI;;LMP1;H;Audi Sport Team Joest;Audi;
12;1;1;2:48.589;0;;1:43.409;0;44.382;0;20.798;0;92.0;2:48.589;17:32;1:43.409;0:44.382;0:20.798;;Nick HEIDFELD;0:01:21.080;LMP1;L;Rebellion Racing;Rebellion;
12;1;2;1:24.214;0;;21.375;0;42.438;0;20.401;0;184.2;4:12.803;17:34;0:21.375;0:42.438;0:20.401;281.2;Nick HEIDFELD;;LMP1;L;Rebellion Racing;Rebellion;
12;1;3;1:23.044;0;;21.234;0;41.700;0;20.110;0;186.8;5:35.847;17:35;0:21.234;0:41.700;0:20.110;283.5;Nick HEIDFELD;;LMP1;L;Rebellion Racing;Rebellion;
12;1;4;1:25.666;0;;22.154;0;42.915;0;20.597;0;181.1;7:01.513;17:37;0:22.154;0:42.915;0:20.597;286.5;Nick HEIDFELD;;LMP1;L;Rebellion Racing;Rebellion;
12;1;5;1:22.036;0;;20.909;0;41.038;0;20.089;0;189.1;8:23.549;17:38;0:20.909;0:41.038;0:20.089;285.7;Nick HEIDFELD;;LMP1;L;Rebellion Racing;Rebellion;
12;1;6;1:34.086;0;B;21.897;0;43.827;0;28.362;0;164.9;9:57.635;17:39;0:21.897;0:43.827;0:28.362;279.1;Nick HEIDFELD;;LMP1;L;Rebellion Racing;Rebellion;
12;1;7;15:28.014;0;;14:23.182;0;44.136;0;20.696;0;16.7;25:25.649;17:55;14:23.182;0:44.136;0:20.696;;Nick HEIDFELD;0:14:06.126;LMP1;L;Rebellion Racing;Rebellion;
12;1;8;1:26.402;0;;22.111;0;43.660;0;20.631;0;179.5;26:52.051;17:56;0:22.111;0:43.660;0:20.631;268.0;Nick HEIDFELD;;LMP1;L;Rebellion Racing;Rebellion;
12;1;9;1:25.524;0;;21.291;0;43.596;0;20.637;0;181.4;28:17.575;17:58;0:21.291;0:43.596;0:20.637;279.8;Nick HEIDFELD;;LMP1;L;Rebellion Racing;Rebellion;
12;1;10;1:22.654;0;;21.289;0;41.201;0;20.164;0;187.7;29:40.229;17:59;0:21.289;0:41.201;0:20.164;281.2;Nick HEIDFELD;;LMP1;L;Rebellion Racing;Rebellion;
12;1;11;1:21.819;2;;20.883;1;40.883;1;20.053;2;189.6;31:02.048;18:01;0:20.883;0:40.883;0:20.053;283.5;Nick HEIDFELD;;LMP1;L;Rebellion Racing;Rebellion;
12;1;12;1:36.176;0;B;21.151;0;46.588;0;28.437;0;161.3;32:38.224;18:02;0:21.151;0:46.588;0:28.437;285.0;Nick HEIDFELD;;LMP1;L;Rebellion Racing;Rebellion;
12;0;13;3:29.194;0;;2:24.746;0;43.921;0;20.527;0;74.2;36:07.418;18:06;2:24.746;0:43.921;0:20.527;;Nicolas PROST;0:02:07.826;LMP1;L;Rebellion Racing;Rebellion;
12;0;14;1:26.516;0;;21.561;0;43.689;0;21.266;0;179.3;37:33.934;18:07;0:21.561;0:43.689;0:21.266;280.5;Nicolas PROST;;LMP1;L;Rebellion Racing;Rebellion;
12;0;15;1:24.114;0;;21.693;0;42.082;0;20.339;0;184.4;38:58.048;18:08;0:21.693;0:42.082;0:20.339;279.8;Nicolas PROST;;LMP1;L;Rebellion Racing;Rebellion;
12;0;16;1:23.573;0;;21.309;0;42.029;0;20.235;0;185.6;40:21.621;18:10;0:21.309;0:42.029;0:20.235;282.0;Nicolas PROST;;LMP1;L;Rebellion Racing;Rebellion;
12;0;17;1:23.166;0;;21.081;0;41.619;0;20.466;0;186.5;41:44.787;18:11;0:21.081;0:41.619;0:20.466;284.2;Nicolas PROST;;LMP1;L;Rebellion Racing;Rebellion;
12;0;18;1:26.370;0;;21.078;0;41.899;0;23.393;0;179.6;43:11.157;18:13;0:21.078;0:41.899;0:23.393;283.5;Nicolas PROST;;LMP1;L;Rebellion Racing;Rebellion;
12;0;19;1:26.316;0;;23.423;0;42.094;0;20.799;0;179.7;44:37.473;18:14;0:23.423;0:42.094;0:20.799;249.4;Nicolas PROST;;LMP1;L;Rebellion Racing;Rebellion;
12;0;20;1:25.515;0;;21.256;0;43.927;0;20.332;0;181.4;46:02.988;18:16;0:21.256;0:43.927;0:20.332;283.5;Nicolas PROST;;LMP1;L;Rebellion Racing;Rebellion;
12;0;21;1:30.734;0;;21.112;0;49.126;0;20.496;0;171.0;47:33.722;18:17;0:21.112;0:49.126;0:20.496;282.7;Nicolas PROST;;LMP1;L;Rebellion Racing;Rebellion;
12;0;22;1:22.717;0;;21.226;0;41.370;0;20.121;0;187.5;48:56.439;18:18;0:21.226;0:41.370;0:20.121;282.0;Nicolas PROST;;LMP1;L;Rebellion Racing;Rebellion;
12;0;23;1:23.791;0;;20.946;0;42.558;0;20.287;0;185.1;50:20.230;18:20;0:20.946;0:42.558;0:20.287;285.0;Nicolas PROST;;LMP1;L;Rebellion Racing;Rebellion;
12;0;24;1:22.106;0;;20.977;0;40.980;0;20.149;0;188.9;51:42.336;18:21;0:20.977;0:40.980;0:20.149;282.7;Nicolas PROST;;LMP1;L;Rebellion Racing;Rebellion;
12;0;25;1:21.921;0;;20.910;1;40.938;0;20.073;1;189.4;53:04.257;18:23;0:20.910;0:40.938;0:20.073;284.2;Nicolas PROST;;LMP1;L;Rebellion Racing;Rebellion;
12;0;26;1:31.413;0;B;20.968;0;41.583;0;28.862;0;169.7;54:35.670;18:24;0:20.968;0:41.583;0:28.862;285.0;Nicolas PROST;;LMP1;L;Rebellion Racing;Rebellion;
12;0;27;3:13.176;0;;2:10.160;0;42.697;0;20.319;0;80.3;57:48.846;18:27;2:10.160;0:42.697;0:20.319;;Nicolas PROST;0:01:52.501;LMP1;L;Rebellion Racing;Rebellion;
12;0;28;1:26.467;0;;21.241;0;44.498;0;20.728;0;179.4;59:15.313;18:29;0:21.241;0:44.498;0:20.728;282.7;Nicolas PROST;;LMP1;L;Rebellion Racing;Rebellion;
12;0;29;1:26.374;0;;21.259;0;44.852;0;20.263;0;179.6;1:00:41.687;18:30;0:21.259;0:44.852;0:20.263;282.7;Nicolas PROST;;LMP1;L;Rebellion Racing;Rebellion;
12;0;30;1:23.909;0;;22.059;0;41.422;0;20.428;0;184.9;1:02:05.596;18:32;0:22.059;0:41.422;0:20.428;283.5;Nicolas PROST;;LMP1;L;Rebellion Racing;Rebellion;
12;0;31;1:24.373;0;;22.840;0;41.140;0;20.393;0;183.9;1:03:29.969;18:33;0:22.840;0:41.140;0:20.393;282.7;Nicolas PROST;;LMP1;L;Rebellion Racing;Rebellion;
12;0;32;1:22.936;0;;21.440;0;41.383;0;20.113;0;187.0;1:04:52.905;18:34;0:21.440;0:41.383;0:20.113;277.6;Nicolas PROST;;LMP1;L;Rebellion Racing;Rebellion;
12;0;33;1:22.160;0;;21.093;0;40.927;1;20.140;0;188.8;1:06:15.065;18:36;0:21.093;0:40.927;0:20.140;285.0;Nicolas PROST;;LMP1;L;Rebellion Racing;Rebellion;
12;0;34;1:35.216;0;B;23.188;0;43.650;0;28.378;0;162.9;1:07:50.281;18:37;0:23.188;0:43.650;0:28.378;282.0;Nicolas PROST;;LMP1;L;Rebellion Racing;Rebellion;
12;2;35;2:56.888;0;;1:53.217;0;43.106;0;20.565;0;87.7;1:10:47.169;18:40;1:53.217;0:43.106;0:20.565;;Mathias BECHE;0:01:37.685;LMP1;L;Rebellion Racing;Rebellion;
12;2;36;1:24.210;0;;21.876;0;41.926;0;20.408;0;184.2;1:12:11.379;18:42;0:21.876;0:41.926;0:20.408;284.2;Mathias BECHE;;LMP1;L;Rebellion Racing;Rebellion;
12;2;37;1:22.912;0;;21.387;0;41.351;0;20.174;0;187.1;1:13:34.291;18:43;0:21.387;0:41.351;0:20.174;282.7;Mathias BECHE;;LMP1;L;Rebellion Racing;Rebellion;
12;2;38;1:23.600;0;;21.063;0;42.391;0;20.146;0;185.6;1:14:57.891;18:44;0:21.063;0:42.391;0:20.146;284.2;Mathias BECHE;;LMP1;L;Rebellion Racing;Rebellion;
12;2;39;1:25.459;0;;21.853;0;43.052;0;20.554;0;181.5;1:16:23.350;18:46;0:21.853;0:43.052;0:20.554;285.7;Mathias BECHE;;LMP1;L;Rebellion Racing;Rebellion;
12;2;40;1:22.680;0;;21.224;0;41.276;0;20.180;0;187.6;1:17:46.030;18:47;0:21.224;0:41.276;0:20.180;283.5;Mathias BECHE;;LMP1;L;Rebellion Racing;Rebellion;
12;2;41;1:26.543;0;;21.310;0;44.688;0;20.545;0;179.2;1:19:12.573;18:49;0:21.310;0:44.688;0:20.545;285.7;Mathias BECHE;;LMP1;L;Rebellion Racing;Rebellion;
12;2;42;1:26.550;0;;21.125;0;44.930;0;20.495;0;179.2;1:20:39.123;18:50;0:21.125;0:44.930;0:20.495;284.2;Mathias BECHE;;LMP1;L;Rebellion Racing;Rebellion;
12;2;43;1:24.991;0;;21.286;0;43.304;0;20.401;0;182.5;1:22:04.114;18:52;0:21.286;0:43.304;0:20.401;285.7;Mathias BECHE;;LMP1;L;Rebellion Racing;Rebellion;
12;2;44;1:22.185;0;;21.126;0;40.956;0;20.103;1;188.7;1:23:26.299;18:53;0:21.126;0:40.956;0:20.103;282.7;Mathias BECHE;;LMP1;L;Rebellion Racing;Rebellion;
12;2;45;1:23.116;0;;21.482;0;41.349;0;20.285;0;186.6;1:24:49.415;18:54;0:21.482;0:41.349;0:20.285;286.5;Mathias BECHE;;LMP1;L;Rebellion Racing;Rebellion;
12;2;46;1:27.239;0;;21.727;0;44.768;0;20.744;0;177.8;1:26:16.654;18:56;0:21.727;0:44.768;0:20.744;287.2;Mathias BECHE;;LMP1;L;Rebellion Racing;Rebellion;
12;2;47;1:22.805;0;;21.342;0;41.297;0;20.166;0;187.3;1:27:39.459;18:57;0:21.342;0:41.297;0:20.166;284.2;Mathias BECHE;;LMP1;L;Rebellion Racing;Rebellion;
12;2;48;1:21.899;0;;20.986;0;40.740;2;20.173;0;189.4;1:29:01.358;18:59;0:20.986;0:40.740;0:20.173;285.0;Mathias BECHE;;LMP1;L;Rebellion Racing;Rebellion;
12;2;49;1:23.343;0;;20.848;2;42.049;0;20.446;0;186.1;1:30:24.701;19:00;0:20.848;0:42.049;0:20.446;285.0;Mathias BECHE;;LMP1;L;Rebellion Racing;Rebellion;
13;0;1;4:38.275;0;;3:33.437;0;44.202;0;20.636;0;55.7;4:38.275;17:34;3:33.437;0:44.202;0:20.636;;Dominik KRAIHAMER;0:03:10.398;LMP1;L;Rebellion Racing;Rebellion;
13;0;2;1:24.098;0;;21.768;0;41.999;0;20.331;0;184.5;6:02.373;17:36;0:21.768;0:41.999;0:20.331;279.8;Dominik KRAIHAMER;;LMP1;L;Rebellion Racing;Rebellion;
13;0;3;1:23.126;0;;21.318;0;41.627;0;20.181;0;186.6;7:25.499;17:37;0:21.318;0:41.627;0:20.181;284.2;Dominik KRAIHAMER;;LMP1;L;Rebellion Racing;Rebellion;
13;0;4;1:22.761;0;;21.264;0;41.389;0;20.108;0;187.4;8:48.260;17:38;0:21.264;0:41.389;0:20.108;285.7;Dominik KRAIHAMER;;LMP1;L;Rebellion Racing;Rebellion;
13;0;5;1:24.211;0;;21.163;0;42.757;0;20.291;0;184.2;10:12.471;17:40;0:21.163;0:42.757;0:20.291;285.7;Dominik KRAIHAMER;;LMP1;L;Rebellion Racing;Rebellion;
13;0;6;1:22.675;0;;21.235;0;41.300;0;20.140;0;187.6;11:35.146;17:41;0:21.235;0:41.300;0:20.140;285.0;Dominik KRAIHAMER;;LMP1;L;Rebellion Racing;Rebellion;
13;0;7;1:22.514;0;;21.222;0;41.199;0;20.093;0;188.0;12:57.660;17:42;0:21.222;0:41.199;0:20.093;286.5;Dominik KRAIHAMER;;LMP1;L;Rebellion Racing;Rebellion;
13;0;8;1:23.074;0;;21.032;1;41.550;0;20.492;0;186.7;14:20.734;17:44;0:21.032;0:41.550;0:20.492;286.5;Dominik KRAIHAMER;;LMP1;L;Rebellion Racing;Rebellion;
13;0;9;1:37.779;0;B;21.203;0;45.345;0;31.231;0;158.6;15:58.513;17:45;0:21.203;0:45.345;0:31.231;286.5;Dominik KRAIHAMER;;LMP1;L;Rebellion Racing;Rebellion;
13;0;10;5:16.015;0;;4:12.094;0;43.338;0;20.583;0;49.1;21:14.528;17:51;4:12.094;0:43.338;0:20.583;;Dominik KRAIHAMER;0:03:56.917;LMP1;L;Rebellion Racing;Rebellion;
13;0;11;1:24.055;0;;21.366;0;42.112;0;20.577;0;184.6;22:38.583;17:52;0:21.366;0:42.112;0:20.577;282.0;Dominik KRAIHAMER;;LMP1;L;Rebellion Racing;Rebellion;
13;0;12;1:26.005;0;;21.592;0;43.980;0;20.433;0;180.4;24:04.588;17:54;0:21.592;0:43.980;0:20.433;285.0;Dominik KRAIHAMER;;LMP1;L;Rebellion Racing;Rebellion;
13;0;13;1:26.993;0;;21.706;0;44.993;0;20.294;0;178.3;25:31.581;17:55;0:21.706;0:44.993;0:20.294;283.5;Dominik KRAIHAMER;;LMP1;L;Rebellion Racing;Rebellion;
13;0;14;1:25.704;0;;22.817;0;42.532;0;20.355;0;181.0;26:57.285;17:56;0:22.817;0:42.532;0:20.355;279.1;Dominik KRAIHAMER;;LMP1;L;Rebellion Racing;Rebellion;
13;0;15;1:23.603;0;;21.850;0;41.683;0;20.070;1;185.5;28:20.888;17:58;0:21.850;0:41.683;0:20.070;284.2;Dominik KRAIHAMER;;LMP1;L;Rebellion Racing;Rebellion;
13;0;16;1:22.361;0;;21.212;0;41.055;1;20.094;0;188.3;29:43.249;17:59;0:21.212;0:41.055;0:20.094;285.7;Dominik KRAIHAMER;;LMP1;L;Rebellion Racing;Rebellion;
13;0;17;1:33.054;0;B;21.633;0;44.163;0;27.258;0;166.7;31:16.303;18:01;0:21.633;0:44.163;0:27.258;286.5;Dominik KRAIHAMER;;LMP1;L;Rebellion Racing;Rebellion;
13;1;18;4:47.416;0;;3:42.425;0;44.560;0;20.431;0;54.0;36:03.719;18:06;3:42.425;0:44.560;0:20.431;;Andrea BELICCHI;0:03:24.793;LMP1;L;Rebellion Racing;Rebellion;
13;1;19;1:25.383;0;;21.809;0;43.000;0;20.574;0;181.7;37:29.102;18:07;0:21.809;0:43.000;0:20.574;283.5;Andrea BELICCHI;;LMP1;L;Rebellion Racing;Rebellion;
13;1;20;1:25.253;0;;21.520;0;43.050;0;20.683;0;182.0;38:54.355;18:08;0:21.520;0:43.050;0:20.683;281.2;Andrea BELICCHI;;LMP1;L;Rebellion Racing;Rebellion;
13;1;21;1:23.477;0;;21.311;0;41.622;0;20.544;0;185.8;40:17.832;18:10;0:21.311;0:41.622;0:20.544;282.7;Andrea BELICCHI;;LMP1;L;Rebellion Racing;Rebellion;
13;1;22;1:23.886;0;;21.211;0;42.189;0;20.486;0;184.9;41:41.718;18:11;0:21.211;0:42.189;0:20.486;285.0;Andrea BELICCHI;;LMP1;L;Rebellion Racing;Rebellion;
13;1;23;1:28.568;0;;21.172;0;44.486;0;22.910;0;175.1;43:10.286;18:13;0:21.172;0:44.486;0:22.910;285.0;Andrea BELICCHI;;LMP1;L;Rebellion Racing;Rebellion;
13;1;24;1:25.114;0;;21.275;0;43.429;0;20.410;0;182.3;44:35.400;18:14;0:21.275;0:43.429;0:20.410;276.9;Andrea BELICCHI;;LMP1;L;Rebellion Racing;Rebellion;
13;1;25;1:23.930;0;;21.519;0;42.044;0;20.367;0;184.8;45:59.330;18:15;0:21.519;0:42.044;0:20.367;285.0;Andrea BELICCHI;;LMP1;L;Rebellion Racing;Rebellion;
13;1;26;1:23.026;0;;21.326;0;41.417;0;20.283;0;186.8;47:22.356;18:17;0:21.326;0:41.417;0:20.283;285.0;Andrea BELICCHI;;LMP1;L;Rebellion Racing;Rebellion;
13;1;27;1:23.902;0;;21.230;0;42.325;0;20.347;0;184.9;48:46.258;18:18;0:21.230;0:42.325;0:20.347;285.0;Andrea BELICCHI;;LMP1;L;Rebellion Racing;Rebellion;
13;1;28;1:23.087;0;;20.938;0;41.904;0;20.245;0;186.7;50:09.345;18:20;0:20.938;0:41.904;0:20.245;284.2;Andrea BELICCHI;;LMP1;L;Rebellion Racing;Rebellion;
13;1;29;1:36.236;0;B;20.777;2;43.776;0;31.683;0;161.2;51:45.581;18:21;0:20.777;0:43.776;0:31.683;286.5;Andrea BELICCHI;;LMP1;L;Rebellion Racing;Rebellion;
13;1;30;3:41.616;0;;2:38.138;0;43.029;0;20.449;0;70.0;55:27.197;18:25;2:38.138;0:43.029;0:20.449;;Andrea BELICCHI;0:02:25.082;LMP1;L;Rebellion Racing;Rebellion;
13;1;31;1:21.709;2;;21.021;0;40.654;2;20.034;2;189.8;56:48.906;18:26;0:21.021;0:40.654;0:20.034;284.2;Andrea BELICCHI;;LMP1;L;Rebellion Racing;Rebellion;
13;1;32;1:25.980;0;;21.432;0;44.187;0;20.361;0;180.4;58:14.886;18:28;0:21.432;0:44.187;0:20.361;285.7;Andrea BELICCHI;;LMP1;L;Rebellion Racing;Rebellion;
13;1;33;1:24.464;0;;21.088;0;42.198;0;21.178;0;183.7;59:39.350;18:29;0:21.088;0:42.198;0:21.178;285.0;Andrea BELICCHI;;LMP1;L;Rebellion Racing;Rebellion;
13;1;34;1:25.307;0;;21.240;0;43.690;0;20.377;0;181.8;1:01:04.657;18:31;0:21.240;0:43.690;0:20.377;286.5;Andrea BELICCHI;;LMP1;L;Rebellion Racing;Rebellion;
13;1;35;1:25.475;0;;20.971;0;44.307;0;20.197;0;181.5;1:02:30.132;18:32;0:20.971;0:44.307;0:20.197;285.0;Andrea BELICCHI;;LMP1;L;Rebellion Racing;Rebellion;
13;1;36;1:22.943;0;;21.177;0;41.344;0;20.422;0;187.0;1:03:53.075;18:33;0:21.177;0:41.344;0:20.422;285.7;Andrea BELICCHI;;LMP1;L;Rebellion Racing;Rebellion;
13;1;37;1:21.971;0;;21.009;0;40.895;0;20.067;0;189.2;1:05:15.046;18:35;0:21.009;0:40.895;0:20.067;285.7;Andrea BELICCHI;;LMP1;L;Rebellion Racing;Rebellion;
13;1;38;1:34.412;0;B;21.317;0;42.969;0;30.126;0;164.3;1:06:49.458;18:36;0:21.317;0:42.969;0:30.126;288.0;Andrea BELICCHI;;LMP1;L;Rebellion Racing;Rebellion;
13;2;39;4:24.215;0;;3:12.695;0;50.062;0;21.458;0;58.7;1:11:13.673;18:41;3:12.695;0:50.062;0:21.458;;Fabio LEIMER;0:02:54.771;LMP1;L;Rebellion Racing;Rebellion;
13;2;40;1:23.819;0;;21.428;0;42.116;0;20.275;0;185.1;1:12:37.492;18:42;0:21.428;0:42.116;0:20.275;283.5;Fabio LEIMER;;LMP1;L;Rebellion Racing;Rebellion;
13;2;41;1:22.381;0;;21.172;0;41.127;1;20.082;0;188.3;1:13:59.873;18:43;0:21.172;0:41.127;0:20.082;284.2;Fabio LEIMER;;LMP1;L;Rebellion Racing;Rebellion;
13;2;42;1:27.233;0;;20.916;1;45.419;0;20.898;0;177.8;1:15:27.106;18:45;0:20.916;0:45.419;0:20.898;285.7;Fabio LEIMER;;LMP1;L;Rebellion Racing;Rebellion;
13;2;43;1:22.280;0;;21.026;0;41.200;0;20.054;1;188.5;1:16:49.386;18:46;0:21.026;0:41.200;0:20.054;285.0;Fabio LEIMER;;LMP1;L;Rebellion Racing;Rebellion;
13;2;44;1:22.319;0;;21.040;0;41.177;0;20.102;0;188.4;1:18:11.705;18:48;0:21.040;0:41.177;0:20.102;285.7;Fabio LEIMER;;LMP1;L;Rebellion Racing;Rebellion;
13;2;45;1:36.263;0;;22.211;0;53.731;0;20.321;0;161.1;1:19:47.968;18:49;0:22.211;0:53.731;0:20.321;288.0;Fabio LEIMER;;LMP1;L;Rebellion Racing;Rebellion;
13;2;46;1:32.238;0;;;0;;0;20.530;0;168.2;1:21:20.206;18:51;;;0:20.530;285.7;Fabio LEIMER;;LMP1;L;Rebellion Racing;Rebellion;
13;2;47;1:24.009;0;;21.197;0;42.484;0;20.328;0;184.7;1:22:44.215;18:52;0:21.197;0:42.484;0:20.328;284.2;Fabio LEIMER;;LMP1;L;Rebellion Racing;Rebellion;
13;2;48;1:25.830;0;;21.382;0;43.684;0;20.764;0;180.7;1:24:10.045;18:54;0:21.382;0:43.684;0:20.764;287.2;Fabio LEIMER;;LMP1;L;Rebellion Racing;Rebellion;
13;2;49;1:33.827;0;B;21.653;0;43.513;0;28.661;0;165.3;1:25:43.872;18:55;0:21.653;0:43.513;0:28.661;283.5;Fabio LEIMER;;LMP1;L;Rebellion Racing;Rebellion;
13;2;50;2:37.997;0;;1:32.073;0;45.253;0;20.671;0;98.2;1:28:21.869;18:58;1:32.073;0:45.253;0:20.671;;Fabio LEIMER;0:01:16.025;LMP1;L;Rebellion Racing;Rebellion;
13;2;51;1:23.076;0;;21.442;0;41.472;0;20.162;0;186.7;1:29:44.945;18:59;0:21.442;0:41.472;0:20.162;283.5;Fabio LEIMER;;LMP1;L;Rebellion Racing;Rebellion;
13;2;52;1:24.192;0;;21.099;0;42.943;0;20.150;0;184.3;1:31:09.137;19:01;0:21.099;0:42.943;0:20.150;285.0;Fabio LEIMER;;LMP1;L;Rebellion Racing;Rebellion;
14;0;1;1:32.700;0;;25.577;0;47.367;0;19.756;0;167.3;1:32.700;17:31;0:25.577;0:47.367;0:19.756;;Romain DUMAS;0:00:02.715;LMP1;H;Porsche Team;Porsche;
14;0;2;1:24.039;0;;21.917;0;43.120;0;19.002;0;184.6;2:56.739;17:32;0:21.917;0:43.120;0:19.002;288.0;Romain DUMAS;;LMP1;H;Porsche Team;Porsche;
14;0;3;1:20.949;0;;20.718;0;41.358;0;18.873;0;191.6;4:17.688;17:34;0:20.718;0:41.358;0:18.873;295.9;Romain DUMAS;;LMP1;H;Porsche Team;Porsche;
14;0;4;1:21.813;0;;21.562;0;41.572;0;18.679;0;189.6;5:39.501;17:35;0:21.562;0:41.572;0:18.679;295.9;Romain DUMAS;;LMP1;H;Porsche Team;Porsche;
14;0;5;1:22.131;0;;20.397;0;41.276;0;20.458;0;188.9;7:01.632;17:37;0:20.397;0:41.276;0:20.458;299.2;Romain DUMAS;;LMP1;H;Porsche Team;Porsche;
14;0;6;1:25.570;0;;21.510;0;43.907;0;20.153;0;181.3;8:27.202;17:38;0:21.510;0:43.907;0:20.153;289.5;Romain DUMAS;;LMP1;H;Porsche Team;Porsche;
14;0;7;1:23.610;0;;20.471;0;43.597;0;19.542;0;185.5;9:50.812;17:39;0:20.471;0:43.597;0:19.542;300.0;Romain DUMAS;;LMP1;H;Porsche Team;Porsche;
14;0;8;1:20.012;0;;20.753;0;40.411;0;18.848;0;193.9;11:10.824;17:41;0:20.753;0:40.411;0:18.848;295.1;Romain DUMAS;;LMP1;H;Porsche Team;Porsche;
14;0;9;1:19.542;0;;20.335;0;40.579;0;18.628;0;195.0;12:30.366;17:42;0:20.335;0:40.579;0:18.628;300.8;Romain DUMAS;;LMP1;H;Porsche Team;Porsche;
14;0;10;1:19.095;0;;20.112;0;40.251;0;18.732;0;196.1;13:49.461;17:43;0:20.112;0:40.251;0:18.732;299.2;Romain DUMAS;;LMP1;H;Porsche Team;Porsche;
14;0;11;1:22.059;0;;20.176;0;42.991;0;18.892;0;189.0;15:11.520;17:45;0:20.176;0:42.991;0:18.892;299.2;Romain DUMAS;;LMP1;H;Porsche Team;Porsche;
14;0;12;1:21.679;0;;20.211;0;42.933;0;18.535;2;189.9;16:33.199;17:46;0:20.211;0:42.933;0:18.535;296.7;Romain DUMAS;;LMP1;H;Porsche Team;Porsche;
14;0;13;1:22.075;0;;19.995;0;43.160;0;18.920;0;189.0;17:55.274;17:47;0:19.995;0:43.160;0:18.920;300.0;Romain DUMAS;;LMP1;H;Porsche Team;Porsche;
14;0;14;1:19.971;0;;20.354;0;40.838;0;18.779;0;194.0;19:15.245;17:49;0:20.354;0:40.838;0:18.779;294.3;Romain DUMAS;;LMP1;H;Porsche Team;Porsche;
14;0;15;1:19.150;0;;20.114;0;40.361;0;18.675;0;196.0;20:34.395;17:50;0:20.114;0:40.361;0:18.675;296.7;Romain DUMAS;;LMP1;H;Porsche Team;Porsche;
14;0;16;1:19.923;0;;20.126;0;41.002;0;18.795;0;194.1;21:54.318;17:51;0:20.126;0:41.002;0:18.795;298.3;Romain DUMAS;;LMP1;H;Porsche Team;Porsche;
14;0;17;1:21.017;0;;20.049;0;42.304;0;18.664;0;191.5;23:15.335;17:53;0:20.049;0:42.304;0:18.664;299.2;Romain DUMAS;;LMP1;H;Porsche Team;Porsche;
14;0;18;1:20.383;0;;21.264;0;40.489;0;18.630;0;193.0;24:35.718;17:54;0:21.264;0:40.489;0:18.630;297.5;Romain DUMAS;;LMP1;H;Porsche Team;Porsche;
14;0;19;1:22.271;0;;21.315;0;40.984;0;19.972;0;188.6;25:57.989;17:55;0:21.315;0:40.984;0:19.972;300.8;Romain DUMAS;;LMP1;H;Porsche Team;Porsche;
14;0;20;1:20.260;0;;20.444;0;40.413;0;19.403;0;193.3;27:18.249;17:57;0:20.444;0:40.413;0:19.403;292.7;Romain DUMAS;;LMP1;H;Porsche Team;Porsche;
14;0;21;1:21.331;0;;20.159;0;42.044;0;19.128;0;190.7;28:39.580;17:58;0:20.159;0:42.044;0:19.128;299.2;Romain DUMAS;;LMP1;H;Porsche Team;Porsche;
14;0;22;1:22.880;0;;20.327;0;43.620;0;18.933;0;187.2;30:02.460;18:00;0:20.327;0:43.620;0:18.933;295.1;Romain DUMAS;;LMP1;H;Porsche Team;Porsche;
14;0;23;1:19.789;0;;20.175;0;40.608;0;19.006;0;194.4;31:22.249;18:01;0:20.175;0:40.608;0:19.006;297.5;Romain DUMAS;;LMP1;H;Porsche Team;Porsche;
14;0;24;1:19.540;0;;20.268;0;40.639;0;18.633;0;195.0;32:41.789;18:02;0:20.268;0:40.639;0:18.633;299.2;Romain DUMAS;;LMP1;H;Porsche Team;Porsche;
14;0;25;1:19.226;0;;20.284;0;40.341;0;18.601;0;195.8;34:01.015;18:04;0:20.284;0:40.341;0:18.601;298.3;Romain DUMAS;;LMP1;H;Porsche Team;Porsche;
14;0;26;1:19.572;0;;20.149;0;40.432;0;18.991;0;194.9;35:20.587;18:05;0:20.149;0:40.432;0:18.991;299.2;Romain DUMAS;;LMP1;H;Porsche Team;Porsche;
14;0;27;1:21.469;0;;20.324;0;41.493;0;19.652;0;190.4;36:42.056;18:06;0:20.324;0:41.493;0:19.652;297.5;Romain DUMAS;;LMP1;H;Porsche Team;Porsche;
14;0;28;1:18.715;0;;20.081;0;39.941;0;18.693;0;197.1;38:00.771;18:08;0:20.081;0:39.941;0:18.693;295.1;Romain DUMAS;;LMP1;H;Porsche Team;Porsche;
14;0;29;1:20.213;0;;20.071;0;41.316;0;18.826;0;193.4;39:20.984;18:09;0:20.071;0:41.316;0:18.826;300.8;Romain DUMAS;;LMP1;H;Porsche Team;Porsche;
14;0;30;1:21.481;0;;20.039;0;42.591;0;18.851;0;190.4;40:42.465;18:10;0:20.039;0:42.591;0:18.851;300.8;Romain DUMAS;;LMP1;H;Porsche Team;Porsche;
14;0;31;1:18.440;2;;19.991;1;39.901;2;18.548;0;197.8;42:00.905;18:12;0:19.991;0:39.901;0:18.548;299.2;Romain DUMAS;;LMP1;H;Porsche Team;Porsche;
14;0;32;1:28.470;0;B;20.182;0;40.602;0;27.686;0;175.3;43:29.375;18:13;0:20.182;0:40.602;0:27.686;300.0;Romain DUMAS;;LMP1;H;Porsche Team;Porsche;
14;1;33;2:36.730;0;;1:27.402;0;48.758;0;20.570;0;99.0;46:06.105;18:16;1:27.402;0:48.758;0:20.570;;Neel JANI;0:01:10.166;LMP1;H;Porsche Team;Porsche;
14;1;34;1:22.301;0;;20.403;0;42.637;0;19.261;0;188.5;47:28.406;18:17;0:20.403;0:42.637;0:19.261;321.4;Neel JANI;;LMP1;H;Porsche Team;Porsche;
14;1;35;1:23.475;0;;20.918;0;43.592;0;18.965;0;185.8;48:51.881;18:18;0:20.918;0:43.592;0:18.965;295.1;Neel JANI;;LMP1;H;Porsche Team;Porsche;
14;1;36;1:23.589;0;;20.483;0;43.477;0;19.629;0;185.6;50:15.470;18:20;0:20.483;0:43.477;0:19.629;295.9;Neel JANI;;LMP1;H;Porsche Team;Porsche;
14;1;37;1:20.901;0;;20.623;0;41.368;0;18.910;0;191.7;51:36.371;18:21;0:20.623;0:41.368;0:18.910;295.1;Neel JANI;;LMP1;H;Porsche Team;Porsche;
14;1;38;1:20.614;0;;20.283;0;41.071;0;19.260;0;192.4;52:56.985;18:22;0:20.283;0:41.071;0:19.260;297.5;Neel JANI;;LMP1;H;Porsche Team;Porsche;
14;1;39;1:20.536;0;;20.157;0;40.844;0;19.535;0;192.6;54:17.521;18:24;0:20.157;0:40.844;0:19.535;288.0;Neel JANI;;LMP1;H;Porsche Team;Porsche;
14;1;40;1:19.820;0;;20.254;0;40.775;0;18.791;0;194.3;55:37.341;18:25;0:20.254;0:40.775;0:18.791;294.3;Neel JANI;;LMP1;H;Porsche Team;Porsche;
14;1;41;1:19.698;0;;20.059;0;40.493;0;19.146;0;194.6;56:57.039;18:26;0:20.059;0:40.493;0:19.146;298.3;Neel JANI;;LMP1;H;Porsche Team;Porsche;
14;1;42;1:28.714;0;B;20.174;0;40.967;0;27.573;0;174.9;58:25.753;18:28;0:20.174;0:40.967;0:27.573;296.7;Neel JANI;;LMP1;H;Porsche Team;Porsche;
14;1;43;2:22.796;0;;1:17.263;0;45.764;0;19.769;0;108.6;1:00:48.549;18:30;1:17.263;0:45.764;0:19.769;;Neel JANI;0:01:04.018;LMP1;H;Porsche Team;Porsche;
14;1;44;1:20.070;0;;20.135;0;40.849;0;19.086;0;193.7;1:02:08.619;18:32;0:20.135;0:40.849;0:19.086;323.4;Neel JANI;;LMP1;H;Porsche Team;Porsche;
14;1;45;1:21.206;0;;20.220;0;41.534;0;19.452;0;191.0;1:03:29.825;18:33;0:20.220;0:41.534;0:19.452;294.3;Neel JANI;;LMP1;H;Porsche Team;Porsche;
14;1;46;1:19.002;0;;20.286;0;40.091;1;18.625;0;196.4;1:04:48.827;18:34;0:20.286;0:40.091;0:18.625;287.2;Neel JANI;;LMP1;H;Porsche Team;Porsche;
14;1;47;1:19.634;0;;20.465;0;40.562;0;18.607;1;194.8;1:06:08.461;18:36;0:20.465;0:40.562;0:18.607;295.9;Neel JANI;;LMP1;H;Porsche Team;Porsche;
14;1;48;1:20.616;0;;20.690;0;40.619;0;19.307;0;192.4;1:07:29.077;18:37;0:20.690;0:40.619;0:19.307;300.8;Neel JANI;;LMP1;H;Porsche Team;Porsche;
14;1;49;1:19.976;0;;20.158;0;41.191;0;18.627;0;194.0;1:08:49.053;18:38;0:20.158;0:41.191;0:18.627;293.5;Neel JANI;;LMP1;H;Porsche Team;Porsche;
14;1;50;1:20.545;0;;20.931;0;40.807;0;18.807;0;192.6;1:10:09.598;18:40;0:20.931;0:40.807;0:18.807;299.2;Neel JANI;;LMP1;H;Porsche Team;Porsche;
14;1;51;1:18.929;0;;20.122;0;40.188;0;18.619;0;196.5;1:11:28.527;18:41;0:20.122;0:40.188;0:18.619;295.1;Neel JANI;;LMP1;H;Porsche Team;Porsche;
14;1;52;1:28.998;0;B;20.709;0;41.225;0;27.064;0;174.3;1:12:57.525;18:42;0:20.709;0:41.225;0:27.064;297.5;Neel JANI;;LMP1;H;Porsche Team;Porsche;
14;1;53;2:15.011;0;;1:12.788;0;42.320;0;19.903;0;114.9;1:15:12.536;18:45;1:12.788;0:42.320;0:19.903;;Neel JANI;0:00:59.895;LMP1;H;Porsche Team;Porsche;
14;1;54;1:19.112;0;;19.727;3;40.509;0;18.876;0;196.1;1:16:31.648;18:46;0:19.727;0:40.509;0:18.876;314.9;Neel JANI;;LMP1;H;Porsche Team;Porsche;
14;1;55;1:22.092;0;;20.104;0;43.335;0;18.653;0;189.0;1:17:53.740;18:47;0:20.104;0:43.335;0:18.653;295.1;Neel JANI;;LMP1;H;Porsche Team;Porsche;
14;1;56;1:20.088;0;;20.027;0;40.294;0;19.767;0;193.7;1:19:13.828;18:49;0:20.027;0:40.294;0:19.767;297.5;Neel JANI;;LMP1;H;Porsche Team;Porsche;
14;1;57;1:21.872;0;;20.185;0;42.401;0;19.286;0;189.5;1:20:35.700;18:50;0:20.185;0:42.401;0:19.286;285.7;Neel JANI;;LMP1;H;Porsche Team;Porsche;
14;1;58;1:22.717;0;;21.288;0;41.374;0;20.055;0;187.5;1:21:58.417;18:51;0:21.288;0:41.374;0:20.055;294.3;Neel JANI;;LMP1;H;Porsche Team;Porsche;
14;1;59;1:20.380;0;;20.020;0;41.570;0;18.790;0;193.0;1:23:18.797;18:53;0:20.020;0:41.570;0:18.790;297.5;Neel JANI;;LMP1;H;Porsche Team;Porsche;
14;1;60;1:21.098;0;;20.867;0;41.514;0;18.717;0;191.3;1:24:39.895;18:54;0:20.867;0:41.514;0:18.717;297.5;Neel JANI;;LMP1;H;Porsche Team;Porsche;
14;1;61;1:19.498;0;;20.244;0;40.551;0;18.703;0;195.1;1:25:59.393;18:55;0:20.244;0:40.551;0:18.703;296.7;Neel JANI;;LMP1;H;Porsche Team;Porsche;
14;1;62;1:19.974;0;;19.991;0;40.975;0;19.008;0;194.0;1:27:19.367;18:57;0:19.991;0:40.975;0:19.008;297.5;Neel JANI;;LMP1;H;Porsche Team;Porsche;
14;1;63;1:23.792;0;;20.494;0;43.197;0;20.101;0;185.1;1:28:43.159;18:58;0:20.494;0:43.197;0:20.101;296.7;Neel JANI;;LMP1;H;Porsche Team;Porsche;
14;1;64;1:30.465;0;B;21.726;0;40.492;0;28.247;0;171.5;1:30:13.624;19:00;0:21.726;0:40.492;0:28.247;286.5;Neel JANI;;LMP1;H;Porsche Team;Porsche;
2;1;1;1:50.965;0;;44.919;0;45.837;0;20.209;0;139.8;1:50.965;17:31;0:44.919;0:45.837;0:20.209;;André LOTTERER;0:00:12.666;LMP1;H;Audi Sport Team Joest;Audi;
2;1;2;1:21.329;0;;20.755;0;41.081;0;19.493;0;190.7;3:12.294;17:33;0:20.755;0:41.081;0:19.493;279.8;André LOTTERER;;LMP1;H;Audi Sport Team Joest;Audi;
2;1;3;1:20.417;0;;20.614;0;40.425;0;19.378;0;192.9;4:32.711;17:34;0:20.614;0:40.425;0:19.378;274.1;André LOTTERER;;LMP1;H;Audi Sport Team Joest;Audi;
2;1;4;1:19.821;0;;20.541;0;39.912;0;19.368;0;194.3;5:52.532;17:35;0:20.541;0:39.912;0:19.368;280.5;André LOTTERER;;LMP1;H;Audi Sport Team Joest;Audi;
2;1;5;1:19.658;0;;20.373;0;39.951;0;19.334;0;194.7;7:12.190;17:37;0:20.373;0:39.951;0:19.334;288.0;André LOTTERER;;LMP1;H;Audi Sport Team Joest;Audi;
2;1;6;1:21.947;0;;20.635;0;42.001;0;19.311;0;189.3;8:34.137;17:38;0:20.635;0:42.001;0:19.311;278.4;André LOTTERER;;LMP1;H;Audi Sport Team Joest;Audi;
2;1;7;1:20.340;0;;20.371;0;40.494;0;19.475;0;193.1;9:54.477;17:39;0:20.371;0:40.494;0:19.475;292.7;André LOTTERER;;LMP1;H;Audi Sport Team Joest;Audi;
2;1;8;1:20.940;0;;20.227;0;41.203;0;19.510;0;191.7;11:15.417;17:41;0:20.227;0:41.203;0:19.510;290.3;André LOTTERER;;LMP1;H;Audi Sport Team Joest;Audi;
2;1;9;1:22.516;0;;20.523;0;42.327;0;19.666;0;188.0;12:37.933;17:42;0:20.523;0:42.327;0:19.666;281.2;André LOTTERER;;LMP1;H;Audi Sport Team Joest;Audi;
2;1;10;1:19.179;0;;20.385;0;39.649;0;19.145;0;195.9;13:57.112;17:43;0:20.385;0:39.649;0:19.145;275.5;André LOTTERER;;LMP1;H;Audi Sport Team Joest;Audi;
2;1;11;1:18.783;0;;20.228;0;39.497;0;19.058;0;196.9;15:15.895;17:45;0:20.228;0:39.497;0:19.058;275.5;André LOTTERER;;LMP1;H;Audi Sport Team Joest;Audi;
2;1;12;1:20.450;0;;20.299;0;40.469;0;19.682;0;192.8;16:36.345;17:46;0:20.299;0:40.469;0:19.682;288.8;André LOTTERER;;LMP1;H;Audi Sport Team Joest;Audi;
2;1;13;1:22.196;0;;20.282;0;42.565;0;19.349;0;188.7;17:58.541;17:47;0:20.282;0:42.565;0:19.349;274.1;André LOTTERER;;LMP1;H;Audi Sport Team Joest;Audi;
2;1;14;1:20.398;0;;20.315;0;40.896;0;19.187;0;192.9;19:18.939;17:49;0:20.315;0:40.896;0:19.187;281.2;André LOTTERER;;LMP1;H;Audi Sport Team Joest;Audi;
2;1;15;1:20.097;0;;20.320;0;40.549;0;19.228;0;193.7;20:39.036;17:50;0:20.320;0:40.549;0:19.228;277.6;André LOTTERER;;LMP1;H;Audi Sport Team Joest;Audi;
2;1;16;1:19.142;0;;20.274;0;39.663;0;19.205;0;196.0;21:58.178;17:51;0:20.274;0:39.663;0:19.205;274.8;André LOTTERER;;LMP1;H;Audi Sport Team Joest;Audi;
2;1;17;1:21.374;0;;20.627;0;40.373;0;20.374;0;190.6;23:19.552;17:53;0:20.627;0:40.373;0:20.374;276.2;André LOTTERER;;LMP1;H;Audi Sport Team Joest;Audi;
2;1;18;1:20.390;0;;20.496;0;40.539;0;19.355;0;193.0;24:39.942;17:54;0:20.496;0:40.539;0:19.355;285.0;André LOTTERER;;LMP1;H;Audi Sport Team Joest;Audi;
2;1;19;1:20.604;0;;20.412;0;40.569;0;19.623;0;192.5;26:00.546;17:56;0:20.412;0:40.569;0:19.623;299.2;André LOTTERER;;LMP1;H;Audi Sport Team Joest;Audi;
2;1;20;1:20.319;0;;21.100;0;39.948;0;19.271;0;193.1;27:20.865;17:57;0:21.100;0:39.948;0:19.271;271.4;André LOTTERER;;LMP1;H;Audi Sport Team Joest;Audi;
2;1;21;1:19.936;0;;20.479;0;40.272;0;19.185;0;194.1;28:40.801;17:58;0:20.479;0:40.272;0:19.185;265.4;André LOTTERER;;LMP1;H;Audi Sport Team Joest;Audi;
2;1;22;1:20.572;0;;20.613;0;40.755;0;19.204;0;192.5;30:01.373;18:00;0:20.613;0:40.755;0:19.204;269.3;André LOTTERER;;LMP1;H;Audi Sport Team Joest;Audi;
2;1;23;1:20.455;0;;20.228;0;40.535;0;19.692;0;192.8;31:21.828;18:01;0:20.228;0:40.535;0:19.692;281.2;André LOTTERER;;LMP1;H;Audi Sport Team Joest;Audi;
2;1;24;1:19.219;0;;20.280;0;39.744;0;19.195;0;195.8;32:41.047;18:02;0:20.280;0:39.744;0:19.195;280.5;André LOTTERER;;LMP1;H;Audi Sport Team Joest;Audi;
2;1;25;1:18.615;2;;20.319;0;39.213;3;19.083;0;197.3;33:59.662;18:03;0:20.319;0:39.213;0:19.083;276.9;André LOTTERER;;LMP1;H;Audi Sport Team Joest;Audi;
2;1;26;1:19.199;0;;20.168;0;39.852;0;19.179;0;195.9;35:18.861;18:05;0:20.168;0:39.852;0:19.179;284.2;André LOTTERER;;LMP1;H;Audi Sport Team Joest;Audi;
2;1;27;1:19.866;0;;20.354;0;40.475;0;19.037;0;194.2;36:38.727;18:06;0:20.354;0:40.475;0:19.037;276.9;André LOTTERER;;LMP1;H;Audi Sport Team Joest;Audi;
2;1;28;1:19.372;0;;20.317;0;39.735;0;19.320;0;195.4;37:58.099;18:07;0:20.317;0:39.735;0:19.320;273.4;André LOTTERER;;LMP1;H;Audi Sport Team Joest;Audi;
2;1;29;1:19.497;0;;20.601;0;39.920;0;18.976;2;195.1;39:17.596;18:09;0:20.601;0:39.920;0:18.976;269.3;André LOTTERER;;LMP1;H;Audi Sport Team Joest;Audi;
2;1;30;1:19.333;0;;20.203;0;39.949;0;19.181;0;195.5;40:36.929;18:10;0:20.203;0:39.949;0:19.181;282.0;André LOTTERER;;LMP1;H;Audi Sport Team Joest;Audi;
2;1;31;1:19.145;0;;20.328;0;39.482;0;19.335;0;196.0;41:56.074;18:11;0:20.328;0:39.482;0:19.335;274.8;André LOTTERER;;LMP1;H;Audi Sport Team Joest;Audi;
2;1;32;1:19.153;0;;20.223;0;39.362;0;19.568;0;196.0;43:15.227;18:13;0:20.223;0:39.362;0:19.568;286.5;André LOTTERER;;LMP1;H;Audi Sport Team Joest;Audi;
2;1;33;1:21.619;0;;20.343;0;41.932;0;19.344;0;190.1;44:36.846;18:14;0:20.343;0:41.932;0:19.344;281.2;André LOTTERER;;LMP1;H;Audi Sport Team Joest;Audi;
2;1;34;1:21.989;0;;20.557;0;41.900;0;19.532;0;189.2;45:58.835;18:15;0:20.557;0:41.900;0:19.532;274.1;André LOTTERER;;LMP1;H;Audi Sport Team Joest;Audi;
2;1;35;1:19.229;0;;20.229;0;39.746;0;19.254;0;195.8;47:18.064;18:17;0:20.229;0:39.746;0:19.254;276.9;André LOTTERER;;LMP1;H;Audi Sport Team Joest;Audi;
2;1;36;1:21.133;0;;21.380;0;40.383;0;19.370;0;191.2;48:39.197;18:18;0:21.380;0:40.383;0:19.370;264.1;André LOTTERER;;LMP1;H;Audi Sport Team Joest;Audi;
2;1;37;1:18.679;0;;20.079;2;39.299;0;19.301;0;197.2;49:57.876;18:19;0:20.079;0:39.299;0:19.301;285.7;André LOTTERER;;LMP1;H;Audi Sport Team Joest;Audi;
2;1;38;1:31.123;0;B;21.089;0;41.253;0;28.781;0;170.2;51:28.999;18:21;0:21.089;0:41.253;0:28.781;283.5;André LOTTERER;;LMP1;H;Audi Sport Team Joest;Audi;
2;1;39;2:08.677;0;;1:09.932;0;39.549;0;19.196;0;120.6;53:37.676;18:23;1:09.932;0:39.549;0:19.196;;André LOTTERER;0:00:56.930;LMP1;H;Audi Sport Team Joest;Audi;
2;1;40;1:19.657;0;;20.390;0;39.877;0;19.390;0;194.7;54:57.333;18:24;0:20.390;0:39.877;0:19.390;283.5;André LOTTERER;;LMP1;H;Audi Sport Team Joest;Audi;
2;1;41;1:21.112;0;;20.484;0;40.982;0;19.646;0;191.2;56:18.445;18:26;0:20.484;0:40.982;0:19.646;293.5;André LOTTERER;;LMP1;H;Audi Sport Team Joest;Audi;
2;1;42;1:19.034;0;;20.242;0;39.585;0;19.207;0;196.3;57:37.479;18:27;0:20.242;0:39.585;0:19.207;285.0;André LOTTERER;;LMP1;H;Audi Sport Team Joest;Audi;
2;1;43;1:20.333;0;;20.694;0;40.416;0;19.223;0;193.1;58:57.812;18:28;0:20.694;0:40.416;0:19.223;271.4;André LOTTERER;;LMP1;H;Audi Sport Team Joest;Audi;
2;1;44;1:18.985;0;;20.257;0;39.522;0;19.206;0;196.4;1:00:16.797;18:30;0:20.257;0:39.522;0:19.206;282.0;André LOTTERER;;LMP1;H;Audi Sport Team Joest;Audi;
2;1;45;1:18.771;0;;20.160;0;39.603;0;19.008;0;196.9;1:01:35.568;18:31;0:20.160;0:39.603;0:19.008;281.2;André LOTTERER;;LMP1;H;Audi Sport Team Joest;Audi;
2;1;46;1:25.761;0;B;20.222;0;39.491;0;26.048;0;180.9;1:03:01.329;18:33;0:20.222;0:39.491;0:26.048;290.3;André LOTTERER;;LMP1;H;Audi Sport Team Joest;Audi;
2;2;47;4:00.565;0;;2:58.696;0;42.156;0;19.713;0;64.5;1:07:01.894;18:37;2:58.696;0:42.156;0:19.713;;Benoit TRÉLUYER;0:02:44.899;LMP1;H;Audi Sport Team Joest;Audi;
2;2;48;1:20.405;0;;20.781;0;40.068;0;19.556;0;192.9;1:08:22.299;18:38;0:20.781;0:40.068;0:19.556;275.5;Benoit TRÉLUYER;;LMP1;H;Audi Sport Team Joest;Audi;
2;2;49;1:20.764;0;;20.904;0;40.234;0;19.626;0;192.1;1:09:43.063;18:39;0:20.904;0:40.234;0:19.626;255.3;Benoit TRÉLUYER;;LMP1;H;Audi Sport Team Joest;Audi;
2;2;50;1:21.920;0;;21.381;0;40.935;0;19.604;0;189.4;1:11:04.983;18:41;0:21.381;0:40.935;0:19.604;288.8;Benoit TRÉLUYER;;LMP1;H;Audi Sport Team Joest;Audi;
2;2;51;1:19.558;0;;20.495;0;39.689;0;19.374;0;195.0;1:12:24.541;18:42;0:20.495;0:39.689;0:19.374;280.5;Benoit TRÉLUYER;;LMP1;H;Audi Sport Team Joest;Audi;
2;2;52;1:20.510;0;;21.062;0;40.005;0;19.443;0;192.7;1:13:45.051;18:43;0:21.062;0:40.005;0:19.443;276.9;Benoit TRÉLUYER;;LMP1;H;Audi Sport Team Joest;Audi;
2;2;53;1:20.939;0;;20.344;0;40.069;0;20.526;0;191.7;1:15:05.990;18:45;0:20.344;0:40.069;0:20.526;285.0;Benoit TRÉLUYER;;LMP1;H;Audi Sport Team Joest;Audi;
2;2;54;1:21.062;0;;20.992;0;40.608;0;19.462;0;191.4;1:16:27.052;18:46;0:20.992;0:40.608;0:19.462;259.0;Benoit TRÉLUYER;;LMP1;H;Audi Sport Team Joest;Audi;
2;2;55;1:20.025;0;;21.114;0;39.662;0;19.249;0;193.8;1:17:47.077;18:47;0:21.114;0:39.662;0:19.249;276.2;Benoit TRÉLUYER;;LMP1;H;Audi Sport Team Joest;Audi;
2;2;56;1:19.864;0;;20.563;0;39.846;0;19.455;0;194.2;1:19:06.941;18:49;0:20.563;0:39.846;0:19.455;271.4;Benoit TRÉLUYER;;LMP1;H;Audi Sport Team Joest;Audi;
2;2;57;1:19.971;0;;20.354;0;40.134;0;19.483;0;194.0;1:20:26.912;18:50;0:20.354;0:40.134;0:19.483;276.9;Benoit TRÉLUYER;;LMP1;H;Audi Sport Team Joest;Audi;
2;2;58;1:19.439;0;;20.325;0;39.937;0;19.177;0;195.3;1:21:46.351;18:51;0:20.325;0:39.937;0:19.177;282.0;Benoit TRÉLUYER;;LMP1;H;Audi Sport Team Joest;Audi;
2;2;59;1:20.027;0;;20.413;0;40.348;0;19.266;0;193.8;1:23:06.378;18:53;0:20.413;0:40.348;0:19.266;278.4;Benoit TRÉLUYER;;LMP1;H;Audi Sport Team Joest;Audi;
2;2;60;1:19.066;0;;20.579;0;39.313;1;19.174;0;196.2;1:24:25.444;18:54;0:20.579;0:39.313;0:19.174;267.3;Benoit TRÉLUYER;;LMP1;H;Audi Sport Team Joest;Audi;
2;2;61;1:19.949;0;;20.305;0;40.495;0;19.149;1;194.0;1:25:45.393;18:55;0:20.305;0:40.495;0:19.149;282.7;Benoit TRÉLUYER;;LMP1;H;Audi Sport Team Joest;Audi;
2;2;62;1:19.238;0;;20.234;1;39.729;0;19.275;0;195.8;1:27:04.631;18:57;0:20.234;0:39.729;0:19.275;282.0;Benoit TRÉLUYER;;LMP1;H;Audi Sport Team Joest;Audi;
2;2;63;1:19.307;0;;20.418;0;39.650;0;19.239;0;195.6;1:28:23.938;18:58;0:20.418;0:39.650;0:19.239;274.8;Benoit TRÉLUYER;;LMP1;H;Audi Sport Team Joest;Audi;
2;2;64;1:20.561;0;;20.379;0;40.801;0;19.381;0;192.6;1:29:44.499;18:59;0:20.379;0:40.801;0:19.381;279.1;Benoit TRÉLUYER;;LMP1;H;Audi Sport Team Joest;Audi;
2;2;65;1:18.881;0;;20.312;0;39.380;0;19.189;0;196.7;1:31:03.380;19:01;0:20.312;0:39.380;0:19.189;282.7;Benoit TRÉLUYER;;LMP1;H;Audi Sport Team Joest;Audi;
20;2;1;1:42.367;0;;37.262;0;46.292;0;18.813;0;151.5;1:42.367;17:31;0:37.262;0:46.292;0:18.813;;Brendon HARTLEY;0:00:05.622;LMP1;H;Porsche Team;Porsche;
20;2;2;1:21.490;0;;20.578;0;42.145;0;18.767;0;190.4;3:03.857;17:33;0:20.578;0:42.145;0:18.767;303.4;Brendon HARTLEY;;LMP1;H;Porsche Team;Porsche;
20;2;3;1:19.290;0;;20.171;0;40.519;0;18.600;0;195.6;4:23.147;17:34;0:20.171;0:40.519;0:18.600;296.7;Brendon HARTLEY;;LMP1;H;Porsche Team;Porsche;
20;2;4;1:20.420;0;;19.967;0;41.278;0;19.175;0;192.9;5:43.567;17:35;0:19.967;0:41.278;0:19.175;299.2;Brendon HARTLEY;;LMP1;H;Porsche Team;Porsche;
20;2;5;1:19.844;0;;20.012;0;40.937;0;18.895;0;194.3;7:03.411;17:37;0:20.012;0:40.937;0:18.895;299.2;Brendon HARTLEY;;LMP1;H;Porsche Team;Porsche;
20;2;6;1:20.111;0;;20.216;0;41.241;0;18.654;0;193.6;8:23.522;17:38;0:20.216;0:41.241;0:18.654;299.2;Brendon HARTLEY;;LMP1;H;Porsche Team;Porsche;
20;2;7;1:22.057;0;;21.575;0;41.631;0;18.851;0;189.0;9:45.579;17:39;0:21.575;0:41.631;0:18.851;298.3;Brendon HARTLEY;;LMP1;H;Porsche Team;Porsche;
20;2;8;1:19.752;0;;20.041;0;40.679;0;19.032;0;194.5;11:05.331;17:41;0:20.041;0:40.679;0:19.032;300.8;Brendon HARTLEY;;LMP1;H;Porsche Team;Porsche;
20;2;9;1:18.803;0;;19.949;0;40.167;1;18.687;0;196.9;12:24.134;17:42;0:19.949;0:40.167;0:18.687;298.3;Brendon HARTLEY;;LMP1;H;Porsche Team;Porsche;
20;2;10;1:19.042;0;;19.901;0;40.296;0;18.845;0;196.3;13:43.176;17:43;0:19.901;0:40.296;0:18.845;299.2;Brendon HARTLEY;;LMP1;H;Porsche Team;Porsche;
20;2;11;1:19.444;0;;20.053;0;40.692;0;18.699;0;195.3;15:02.620;17:45;0:20.053;0:40.692;0:18.699;297.5;Brendon HARTLEY;;LMP1;H;Porsche Team;Porsche;
20;2;12;1:20.735;0;;19.929;0;41.959;0;18.847;0;192.1;16:23.355;17:46;0:19.929;0:41.959;0:18.847;299.2;Brendon HARTLEY;;LMP1;H;Porsche Team;Porsche;
20;2;13;1:19.168;0;;19.957;0;40.644;0;18.567;0;195.9;17:42.523;17:47;0:19.957;0:40.644;0:18.567;300.8;Brendon HARTLEY;;LMP1;H;Porsche Team;Porsche;
20;2;14;1:19.820;0;;20.089;0;40.711;0;19.020;0;194.3;19:02.343;17:49;0:20.089;0:40.711;0:19.020;298.3;Brendon HARTLEY;;LMP1;H;Porsche Team;Porsche;
20;2;15;1:19.134;0;;20.087;0;40.503;0;18.544;1;196.0;20:21.477;17:50;0:20.087;0:40.503;0:18.544;297.5;Brendon HARTLEY;;LMP1;H;Porsche Team;Porsche;
20;2;16;1:19.892;0;;19.857;1;41.417;0;18.618;0;194.2;21:41.369;17:51;0:19.857;0:41.417;0:18.618;298.3;Brendon HARTLEY;;LMP1;H;Porsche Team;Porsche;
20;2;17;1:18.988;0;;19.935;0;40.431;0;18.622;0;196.4;23:00.357;17:53;0:19.935;0:40.431;0:18.622;300.0;Brendon HARTLEY;;LMP1;H;Porsche Team;Porsche;
20;2;18;1:33.389;0;B;20.612;0;42.586;0;30.191;0;166.1;24:33.746;17:54;0:20.612;0:42.586;0:30.191;300.0;Brendon HARTLEY;;LMP1;H;Porsche Team;Porsche;
20;2;19;2:26.084;0;;1:22.207;0;45.075;0;18.802;0;106.2;26:59.830;17:56;1:22.207;0:45.075;0:18.802;;Brendon HARTLEY;0:01:06.802;LMP1;H;Porsche Team;Porsche;
20;2;20;1:24.318;0;;21.471;0;43.764;0;19.083;0;184.0;28:24.148;17:58;0:21.471;0:43.764;0:19.083;289.5;Brendon HARTLEY;;LMP1;H;Porsche Team;Porsche;
20;2;21;1:20.320;0;;20.589;0;40.912;0;18.819;0;193.1;29:44.468;17:59;0:20.589;0:40.912;0:18.819;295.9;Brendon HARTLEY;;LMP1;H;Porsche Team;Porsche;
20;2;22;1:20.435;0;;20.241;0;41.466;0;18.728;0;192.9;31:04.903;18:01;0:20.241;0:41.466;0:18.728;298.3;Brendon HARTLEY;;LMP1;H;Porsche Team;Porsche;
20;2;23;1:20.948;0;;20.171;0;41.848;0;18.929;0;191.6;32:25.851;18:02;0:20.171;0:41.848;0:18.929;300.0;Brendon HARTLEY;;LMP1;H;Porsche Team;Porsche;
20;2;24;1:20.106;0;;20.088;0;41.102;0;18.916;0;193.6;33:45.957;18:03;0:20.088;0:41.102;0:18.916;300.8;Brendon HARTLEY;;LMP1;H;Porsche Team;Porsche;
20;2;25;1:19.532;0;;20.155;0;40.589;0;18.788;0;195.0;35:05.489;18:05;0:20.155;0:40.589;0:18.788;300.0;Brendon HARTLEY;;LMP1;H;Porsche Team;Porsche;
20;2;26;1:19.719;0;;20.040;0;40.877;0;18.802;0;194.6;36:25.208;18:06;0:20.040;0:40.877;0:18.802;300.8;Brendon HARTLEY;;LMP1;H;Porsche Team;Porsche;
20;2;27;1:21.333;0;;19.968;0;41.891;0;19.474;0;190.7;37:46.541;18:07;0:19.968;0:41.891;0:19.474;300.0;Brendon HARTLEY;;LMP1;H;Porsche Team;Porsche;
20;2;28;1:29.236;0;B;20.298;0;41.891;0;27.047;0;173.8;39:15.777;18:09;0:20.298;0:41.891;0:27.047;286.5;Brendon HARTLEY;;LMP1;H;Porsche Team;Porsche;
20;1;29;2:23.415;0;;1:20.496;0;44.230;0;18.689;0;108.2;41:39.192;18:11;1:20.496;0:44.230;0:18.689;;Mark WEBBER;0:01:04.891;LMP1;H;Porsche Team;Porsche;
20;1;30;1:24.609;0;;21.080;0;44.111;0;19.418;0;183.3;43:03.801;18:13;0:21.080;0:44.111;0:19.418;303.4;Mark WEBBER;;LMP1;H;Porsche Team;Porsche;
20;1;31;1:20.757;0;;20.776;0;41.170;0;18.811;0;192.1;44:24.558;18:14;0:20.776;0:41.170;0:18.811;296.7;Mark WEBBER;;LMP1;H;Porsche Team;Porsche;
20;1;32;1:20.950;0;;20.314;0;41.410;0;19.226;0;191.6;45:45.508;18:15;0:20.314;0:41.410;0:19.226;298.3;Mark WEBBER;;LMP1;H;Porsche Team;Porsche;
20;1;33;1:20.409;0;;20.136;0;41.194;0;19.079;0;192.9;47:05.917;18:17;0:20.136;0:41.194;0:19.079;295.9;Mark WEBBER;;LMP1;H;Porsche Team;Porsche;
20;1;34;1:19.155;0;;20.012;0;40.491;0;18.652;0;196.0;48:25.072;18:18;0:20.012;0:40.491;0:18.652;295.9;Mark WEBBER;;LMP1;H;Porsche Team;Porsche;
20;1;35;1:20.487;0;;20.039;0;41.783;0;18.665;0;192.7;49:45.559;18:19;0:20.039;0:41.783;0:18.665;300.0;Mark WEBBER;;LMP1;H;Porsche Team;Porsche;
20;1;36;1:19.594;0;;20.233;0;40.699;0;18.662;0;194.9;51:05.153;18:21;0:20.233;0:40.699;0:18.662;299.2;Mark WEBBER;;LMP1;H;Porsche Team;Porsche;
20;1;37;1:21.237;0;;21.284;0;41.070;0;18.883;0;191.0;52:26.390;18:22;0:21.284;0:41.070;0:18.883;300.0;Mark WEBBER;;LMP1;H;Porsche Team;Porsche;
20;1;38;1:18.781;0;;19.856;0;40.319;0;18.606;0;196.9;53:45.171;18:23;0:19.856;0:40.319;0:18.606;300.8;Mark WEBBER;;LMP1;H;Porsche Team;Porsche;
20;1;39;1:18.557;0;;19.950;0;40.066;0;18.541;0;197.5;55:03.728;18:25;0:19.950;0:40.066;0:18.541;299.2;Mark WEBBER;;LMP1;H;Porsche Team;Porsche;
20;1;40;1:19.643;0;;20.805;0;40.009;0;18.829;0;194.8;56:23.371;18:26;0:20.805;0:40.009;0:18.829;302.5;Mark WEBBER;;LMP1;H;Porsche Team;Porsche;
20;1;41;1:19.066;0;;20.437;0;40.020;0;18.609;0;196.2;57:42.437;18:27;0:20.437;0:40.020;0:18.609;295.1;Mark WEBBER;;LMP1;H;Porsche Team;Porsche;
20;1;42;1:19.440;0;;19.882;0;40.905;0;18.653;0;195.3;59:01.877;18:29;0:19.882;0:40.905;0:18.653;301.7;Mark WEBBER;;LMP1;H;Porsche Team;Porsche;
20;1;43;1:18.687;0;;20.105;0;40.103;0;18.479;3;197.1;1:00:20.564;18:30;0:20.105;0:40.103;0:18.479;301.7;Mark WEBBER;;LMP1;H;Porsche Team;Porsche;
20;1;44;1:18.349;3;;19.770;0;40.001;2;18.578;0;198.0;1:01:38.913;18:31;0:19.770;0:40.001;0:18.578;301.7;Mark WEBBER;;LMP1;H;Porsche Team;Porsche;
20;1;45;1:18.422;0;;19.868;0;40.013;0;18.541;0;197.8;1:02:57.335;18:32;0:19.868;0:40.013;0:18.541;302.5;Mark WEBBER;;LMP1;H;Porsche Team;Porsche;
20;1;46;1:20.563;0;;19.979;0;41.987;0;18.597;0;192.5;1:04:17.898;18:34;0:19.979;0:41.987;0:18.597;304.2;Mark WEBBER;;LMP1;H;Porsche Team;Porsche;
20;1;47;1:21.916;0;;20.399;0;41.998;0;19.519;0;189.4;1:05:39.814;18:35;0:20.399;0:41.998;0:19.519;302.5;Mark WEBBER;;LMP1;H;Porsche Team;Porsche;
20;1;48;1:27.715;0;B;20.067;0;40.931;0;26.717;0;176.9;1:07:07.529;18:37;0:20.067;0:40.931;0:26.717;300.8;Mark WEBBER;;LMP1;H;Porsche Team;Porsche;
20;1;49;1:55.283;0;;54.972;0;41.538;0;18.773;0;134.6;1:09:02.812;18:39;0:54.972;0:41.538;0:18.773;;Mark WEBBER;0:00:41.589;LMP1;H;Porsche Team;Porsche;
20;1;50;1:19.349;0;;19.984;0;40.516;0;18.849;0;195.5;1:10:22.161;18:40;0:19.984;0:40.516;0:18.849;301.7;Mark WEBBER;;LMP1;H;Porsche Team;Porsche;
20;1;51;1:19.610;0;;19.883;0;40.832;0;18.895;0;194.9;1:11:41.771;18:41;0:19.883;0:40.832;0:18.895;298.3;Mark WEBBER;;LMP1;H;Porsche Team;Porsche;
20;1;52;1:19.376;0;;19.969;0;40.290;0;19.117;0;195.4;1:13:01.147;18:43;0:19.969;0:40.290;0:19.117;296.7;Mark WEBBER;;LMP1;H;Porsche Team;Porsche;
20;1;53;1:18.823;0;;19.920;0;40.172;0;18.731;0;196.8;1:14:19.970;18:44;0:19.920;0:40.172;0:18.731;299.2;Mark WEBBER;;LMP1;H;Porsche Team;Porsche;
20;1;54;1:26.189;0;B;19.901;0;40.325;0;25.963;0;180.0;1:15:46.159;18:45;0:19.901;0:40.325;0:25.963;299.2;Mark WEBBER;;LMP1;H;Porsche Team;Porsche;
20;1;55;2:09.696;0;;1:08.882;0;41.508;0;19.306;0;119.6;1:17:55.855;18:47;1:08.882;0:41.508;0:19.306;;Mark WEBBER;0:00:55.899;LMP1;H;Porsche Team;Porsche;
20;1;56;1:18.501;0;;19.768;2;40.143;0;18.590;0;197.6;1:19:14.356;18:49;0:19.768;0:40.143;0:18.590;302.5;Mark WEBBER;;LMP1;H;Porsche Team;Porsche;
20;1;57;1:21.698;0;;20.181;0;42.493;0;19.024;0;189.9;1:20:36.054;18:50;0:20.181;0:42.493;0:19.024;298.3;Mark WEBBER;;LMP1;H;Porsche Team;Porsche;
20;1;58;1:20.289;0;;20.910;0;40.659;0;18.720;0;193.2;1:21:56.343;18:51;0:20.910;0:40.659;0:18.720;296.7;Mark WEBBER;;LMP1;H;Porsche Team;Porsche;
20;1;59;1:19.905;0;;19.827;0;40.922;0;19.156;0;194.1;1:23:16.248;18:53;0:19.827;0:40.922;0:19.156;299.2;Mark WEBBER;;LMP1;H;Porsche Team;Porsche;
20;1;60;1:19.206;0;;20.100;0;40.313;0;18.793;0;195.8;1:24:35.454;18:54;0:20.100;0:40.313;0:18.793;298.3;Mark WEBBER;;LMP1;H;Porsche Team;Porsche;
20;1;61;1:19.019;0;;20.092;0;40.176;0;18.751;0;196.3;1:25:54.473;18:55;0:20.092;0:40.176;0:18.751;299.2;Mark WEBBER;;LMP1;H;Porsche Team;Porsche;
20;1;62;1:19.481;0;;20.056;0;40.464;0;18.961;0;195.2;1:27:13.954;18:57;0:20.056;0:40.464;0:18.961;300.8;Mark WEBBER;;LMP1;H;Porsche Team;Porsche;
20;1;63;1:21.827;0;;20.636;0;42.220;0;18.971;0;189.6;1:28:35.781;18:58;0:20.636;0:42.220;0:18.971;296.7;Mark WEBBER;;LMP1;H;Porsche Team;Porsche;
20;1;64;1:42.089;0;B;20.245;0;45.577;0;36.267;0;151.9;1:30:17.870;19:00;0:20.245;0:45.577;0:36.267;295.9;Mark WEBBER;;LMP1;H;Porsche Team;Porsche;
26;0;1;2:49.488;0;;1:40.205;0;47.048;0;22.235;0;91.5;2:49.488;17:32;1:40.205;0:47.048;0:22.235;;Roman RUSINOV;0:01:15.423;LMP2;;G-Drive Racing;Ligier;
26;0;2;1:28.175;0;;22.514;0;44.005;0;21.656;0;175.9;4:17.663;17:34;0:22.514;0:44.005;0:21.656;255.3;Roman RUSINOV;;LMP2;;G-Drive Racing;Ligier;
26;0;3;1:28.231;0;;23.246;0;43.319;0;21.666;0;175.8;5:45.894;17:35;0:23.246;0:43.319;0:21.666;260.9;Roman RUSINOV;;LMP2;;G-Drive Racing;Ligier;
26;0;4;1:27.891;0;;22.146;0;43.766;0;21.979;0;176.5;7:13.785;17:37;0:22.146;0:43.766;0:21.979;258.4;Roman RUSINOV;;LMP2;;G-Drive Racing;Ligier;
26;0;5;1:26.459;0;;22.017;0;43.036;0;21.406;0;179.4;8:40.244;17:38;0:22.017;0:43.036;0:21.406;262.1;Roman RUSINOV;;LMP2;;G-Drive Racing;Ligier;
26;0;6;1:28.087;0;;22.716;0;43.947;0;21.424;0;176.1;10:08.331;17:40;0:22.716;0:43.947;0:21.424;262.8;Roman RUSINOV;;LMP2;;G-Drive Racing;Ligier;
26;0;7;1:26.049;0;;22.024;0;42.695;0;21.330;0;180.3;11:34.380;17:41;0:22.024;0:42.695;0:21.330;257.1;Roman RUSINOV;;LMP2;;G-Drive Racing;Ligier;
26;0;8;1:26.123;0;;21.954;0;42.814;0;21.355;0;180.1;13:00.503;17:43;0:21.954;0:42.814;0:21.355;262.8;Roman RUSINOV;;LMP2;;G-Drive Racing;Ligier;
26;0;9;1:25.887;0;;21.935;0;42.613;0;21.339;0;180.6;14:26.390;17:44;0:21.935;0:42.613;0:21.339;256.5;Roman RUSINOV;;LMP2;;G-Drive Racing;Ligier;
26;0;10;1:29.525;0;;21.934;0;44.351;0;23.240;0;173.3;15:55.915;17:45;0:21.934;0:44.351;0:23.240;260.2;Roman RUSINOV;;LMP2;;G-Drive Racing;Ligier;
26;0;11;1:25.832;0;;21.932;0;42.439;0;21.461;0;180.7;17:21.747;17:47;0:21.932;0:42.439;0:21.461;259.0;Roman RUSINOV;;LMP2;;G-Drive Racing;Ligier;
26;0;12;1:33.749;0;B;21.881;0;43.249;0;28.619;0;165.5;18:55.496;17:48;0:21.881;0:43.249;0:28.619;257.1;Roman RUSINOV;;LMP2;;G-Drive Racing;Ligier;
26;2;13;4:03.477;0;;2:56.517;0;45.110;0;21.850;0;63.7;22:58.973;17:52;2:56.517;0:45.110;0:21.850;;Julien CANAL;0:02:39.014;LMP2;;G-Drive Racing;Ligier;
26;2;14;1:30.719;0;;22.768;0;45.986;0;21.965;0;171.0;24:29.692;17:54;0:22.768;0:45.986;0:21.965;258.4;Julien CANAL;;LMP2;;G-Drive Racing;Ligier;
26;2;15;1:29.132;0;;22.519;0;44.695;0;21.918;0;174.0;25:58.824;17:55;0:22.519;0:44.695;0:21.918;255.9;Julien CANAL;;LMP2;;G-Drive Racing;Ligier;
26;2;16;1:29.771;0;;23.951;0;44.097;0;21.723;0;172.8;27:28.595;17:57;0:23.951;0:44.097;0:21.723;260.9;Julien CANAL;;LMP2;;G-Drive Racing;Ligier;
26;2;17;1:27.155;0;;21.874;0;43.423;0;21.858;0;178.0;28:55.750;17:58;0:21.874;0:43.423;0:21.858;260.2;Julien CANAL;;LMP2;;G-Drive Racing;Ligier;
26;2;18;1:26.654;0;;22.126;0;42.793;0;21.735;0;179.0;30:22.404;18:00;0:22.126;0:42.793;0:21.735;257.8;Julien CANAL;;LMP2;;G-Drive Racing;Ligier;
26;2;19;1:26.434;0;;22.107;0;42.806;0;21.521;0;179.5;31:48.838;18:01;0:22.107;0:42.806;0:21.521;262.1;Julien CANAL;;LMP2;;G-Drive Racing;Ligier;
26;2;20;1:28.084;0;;23.190;0;43.393;0;21.501;0;176.1;33:16.922;18:03;0:23.190;0:43.393;0:21.501;262.8;Julien CANAL;;LMP2;;G-Drive Racing;Ligier;
26;2;21;1:29.074;0;;21.906;0;45.306;0;21.862;0;174.2;34:45.996;18:04;0:21.906;0:45.306;0:21.862;263.4;Julien CANAL;;LMP2;;G-Drive Racing;Ligier;
26;2;22;1:26.051;0;;21.964;0;42.573;0;21.514;0;180.3;36:12.047;18:06;0:21.964;0:42.573;0:21.514;257.1;Julien CANAL;;LMP2;;G-Drive Racing;Ligier;
26;2;23;1:35.353;0;B;21.944;0;44.565;0;28.844;0;162.7;37:47.400;18:07;0:21.944;0:44.565;0:28.844;264.1;Julien CANAL;;LMP2;;G-Drive Racing;Ligier;
26;2;24;4:24.423;0;;3:18.607;0;44.236;0;21.580;0;58.7;42:11.823;18:12;3:18.607;0:44.236;0:21.580;;Julien CANAL;0:02:58.296;LMP2;;G-Drive Racing;Ligier;
26;2;25;1:25.289;0;;21.783;0;42.219;0;21.287;0;181.9;43:37.112;18:13;0:21.783;0:42.219;0:21.287;257.8;Julien CANAL;;LMP2;;G-Drive Racing;Ligier;
26;2;26;1:24.515;0;;21.684;0;41.642;1;21.189;1;183.5;45:01.627;18:15;0:21.684;0:41.642;0:21.189;260.2;Julien CANAL;;LMP2;;G-Drive Racing;Ligier;
26;2;27;1:26.289;0;;21.471;2;43.373;0;21.445;0;179.8;46:27.916;18:16;0:21.471;0:43.373;0:21.445;260.9;Julien CANAL;;LMP2;;G-Drive Racing;Ligier;
26;2;28;1:36.228;0;B;22.048;0;44.474;0;29.706;0;161.2;48:04.144;18:18;0:22.048;0:44.474;0:29.706;260.2;Julien CANAL;;LMP2;;G-Drive Racing;Ligier;
26;1;29;5:24.744;0;;4:17.470;0;45.383;0;21.891;0;47.8;53:28.888;18:23;4:17.470;0:45.383;0:21.891;;Olivier PLA;0:04:01.829;LMP2;;G-Drive Racing;Ligier;
26;1;30;1:28.147;0;;22.061;0;44.361;0;21.725;0;176.0;54:57.035;18:24;0:22.061;0:44.361;0:21.725;260.2;Olivier PLA;;LMP2;;G-Drive Racing;Ligier;
26;1;31;1:25.657;0;;22.292;0;41.973;0;21.392;0;181.1;56:22.692;18:26;0:22.292;0:41.973;0:21.392;258.4;Olivier PLA;;LMP2;;G-Drive Racing;Ligier;
26;1;32;1:24.630;0;;21.651;0;41.692;0;21.287;0;183.3;57:47.322;18:27;0:21.651;0:41.692;0:21.287;257.8;Olivier PLA;;LMP2;;G-Drive Racing;Ligier;
26;1;33;1:27.322;0;;21.763;0;44.199;0;21.360;0;177.6;59:14.644;18:29;0:21.763;0:44.199;0:21.360;261.5;Olivier PLA;;LMP2;;G-Drive Racing;Ligier;
26;1;34;1:25.535;0;;21.545;1;42.520;0;21.470;0;181.4;1:00:40.179;18:30;0:21.545;0:42.520;0:21.470;260.2;Olivier PLA;;LMP2;;G-Drive Racing;Ligier;
26;1;35;1:25.025;0;;21.603;0;41.973;0;21.449;0;182.4;1:02:05.204;18:32;0:21.603;0:41.973;0:21.449;261.5;Olivier PLA;;LMP2;;G-Drive Racing;Ligier;
26;1;36;1:30.102;0;;23.621;0;44.908;0;21.573;0;172.2;1:03:35.306;18:33;0:23.621;0:44.908;0:21.573;265.4;Olivier PLA;;LMP2;;G-Drive Racing;Ligier;
26;1;37;1:25.302;0;;22.313;0;41.740;0;21.249;1;181.9;1:05:00.608;18:35;0:22.313;0:41.740;0:21.249;262.8;Olivier PLA;;LMP2;;G-Drive Racing;Ligier;
26;1;38;1:24.306;2;;21.551;0;41.452;2;21.303;0;184.0;1:06:24.914;18:36;0:21.551;0:41.452;0:21.303;261.5;Olivier PLA;;LMP2;;G-Drive Racing;Ligier;
26;1;39;1:32.818;0;B;21.788;0;41.889;0;29.141;0;167.1;1:07:57.732;18:37;0:21.788;0:41.889;0:29.141;258.4;Olivier PLA;;LMP2;;G-Drive Racing;Ligier;
26;0;40;3:01.321;0;;1:56.929;0;43.059;0;21.333;0;85.6;1:10:59.053;18:40;1:56.929;0:43.059;0:21.333;;Roman RUSINOV;0:01:41.479;LMP2;;G-Drive Racing;Ligier;
26;0;41;1:24.919;0;;21.893;0;41.715;1;21.311;0;182.7;1:12:23.972;18:42;0:21.893;0:41.715;0:21.311;260.2;Roman RUSINOV;;LMP2;;G-Drive Racing;Ligier;
26;0;42;1:25.733;0;;21.727;0;42.684;0;21.322;0;180.9;1:13:49.705;18:43;0:21.727;0:42.684;0:21.322;257.1;Roman RUSINOV;;LMP2;;G-Drive Racing;Ligier;
26;0;43;1:26.434;0;;22.235;0;42.608;0;21.591;0;179.5;1:15:16.139;18:45;0:22.235;0:42.608;0:21.591;259.0;Roman RUSINOV;;LMP2;;G-Drive Racing;Ligier;
26;0;44;1:24.434;0;;21.632;0;41.717;0;21.085;2;183.7;1:16:40.573;18:46;0:21.632;0:41.717;0:21.085;257.1;Roman RUSINOV;;LMP2;;G-Drive Racing;Ligier;
26;0;45;1:25.313;0;;21.701;0;42.372;0;21.240;0;181.8;1:18:05.886;18:48;0:21.701;0:42.372;0:21.240;262.1;Roman RUSINOV;;LMP2;;G-Drive Racing;Ligier;
26;0;46;1:26.552;0;;21.595;1;43.277;0;21.680;0;179.2;1:19:32.438;18:49;0:21.595;0:43.277;0:21.680;260.9;Roman RUSINOV;;LMP2;;G-Drive Racing;Ligier;
26;0;47;1:25.773;0;;22.299;0;42.094;0;21.380;0;180.9;1:20:58.211;18:50;0:22.299;0:42.094;0:21.380;263.4;Roman RUSINOV;;LMP2;;G-Drive Racing;Ligier;
26;0;48;1:24.638;0;;21.641;0;41.726;0;21.271;0;183.3;1:22:22.849;18:52;0:21.641;0:41.726;0:21.271;262.1;Roman RUSINOV;;LMP2;;G-Drive Racing;Ligier;
26;0;49;1:34.843;0;B;22.087;0;43.649;0;29.107;0;163.6;1:23:57.692;18:53;0:22.087;0:43.649;0:29.107;259.0;Roman RUSINOV;;LMP2;;G-Drive Racing;Ligier;
27;2;1;2:48.906;0;;1:39.740;0;47.092;0;22.074;0;91.8;2:48.906;17:32;1:39.740;0:47.092;0:22.074;;Maurizio MEDIANI;0:01:13.145;LMP2;;SMP Racing;Oreca;
27;2;2;1:28.010;0;;22.677;0;43.647;0;21.686;0;176.3;4:16.916;17:34;0:22.677;0:43.647;0:21.686;257.1;Maurizio MEDIANI;;LMP2;;SMP Racing;Oreca;
27;2;3;1:27.617;0;;22.374;0;43.595;0;21.648;0;177.0;5:44.533;17:35;0:22.374;0:43.595;0:21.648;258.4;Maurizio MEDIANI;;LMP2;;SMP Racing;Oreca;
27;2;4;1:26.710;0;;22.231;0;42.984;0;21.495;0;178.9;7:11.243;17:37;0:22.231;0:42.984;0:21.495;261.5;Maurizio MEDIANI;;LMP2;;SMP Racing;Oreca;
27;2;5;1:28.605;0;;22.533;0;44.250;0;21.822;0;175.1;8:39.848;17:38;0:22.533;0:44.250;0:21.822;259.6;Maurizio MEDIANI;;LMP2;;SMP Racing;Oreca;
27;2;6;1:38.182;0;B;22.461;0;45.615;0;30.106;0;158.0;10:18.030;17:40;0:22.461;0:45.615;0:30.106;260.9;Maurizio MEDIANI;;LMP2;;SMP Racing;Oreca;
27;2;7;4:28.189;0;;3:18.916;0;47.293;0;21.980;0;57.8;14:46.219;17:44;3:18.916;0:47.293;0:21.980;;Maurizio MEDIANI;0:03:00.883;LMP2;;SMP Racing;Oreca;
27;2;8;1:26.585;0;;22.145;0;42.872;0;21.568;0;179.2;16:12.804;17:46;0:22.145;0:42.872;0:21.568;260.2;Maurizio MEDIANI;;LMP2;;SMP Racing;Oreca;
27;2;9;1:26.009;0;;22.166;0;42.354;1;21.489;0;180.4;17:38.813;17:47;0:22.166;0:42.354;0:21.489;260.9;Maurizio MEDIANI;;LMP2;;SMP Racing;Oreca;
27;2;10;1:25.935;0;;21.991;0;42.396;0;21.548;0;180.5;19:04.748;17:49;0:21.991;0:42.396;0:21.548;260.9;Maurizio MEDIANI;;LMP2;;SMP Racing;Oreca;
27;2;11;1:25.808;0;;21.999;0;42.450;0;21.359;2;180.8;20:30.556;17:50;0:21.999;0:42.450;0:21.359;260.9;Maurizio MEDIANI;;LMP2;;SMP Racing;Oreca;
27;2;12;1:26.239;0;;21.864;1;42.842;0;21.533;0;179.9;21:56.795;17:51;0:21.864;0:42.842;0:21.533;260.9;Maurizio MEDIANI;;LMP2;;SMP Racing;Oreca;
27;2;13;1:39.684;0;B;22.447;0;46.350;0;30.887;0;155.6;23:36.479;17:53;0:22.447;0:46.350;0:30.887;262.8;Maurizio MEDIANI;;LMP2;;SMP Racing;Oreca;
27;0;14;3:18.446;0;;2:06.514;0;49.670;0;22.262;0;78.2;26:54.925;17:56;2:06.514;0:49.670;0:22.262;;Sergey ZLOBIN;0:01:48.606;LMP2;;SMP Racing;Oreca;
27;0;15;1:32.949;0;;23.367;0;46.614;0;22.968;0;166.9;28:27.874;17:58;0:23.367;0:46.614;0:22.968;259.6;Sergey ZLOBIN;;LMP2;;SMP Racing;Oreca;
27;0;16;1:31.086;0;;23.471;0;45.767;0;21.848;0;170.3;29:58.960;17:59;0:23.471;0:45.767;0:21.848;258.4;Sergey ZLOBIN;;LMP2;;SMP Racing;Oreca;
27;0;17;1:30.301;0;;23.103;0;45.277;0;21.921;0;171.8;31:29.261;18:01;0:23.103;0:45.277;0:21.921;261.5;Sergey ZLOBIN;;LMP2;;SMP Racing;Oreca;
27;0;18;1:41.891;0;B;22.922;0;44.696;0;34.273;0;152.2;33:11.152;18:03;0:22.922;0:44.696;0:34.273;262.8;Sergey ZLOBIN;;LMP2;;SMP Racing;Oreca;
27;0;19;2:25.148;0;;1:08.837;0;45.109;0;31.202;0;106.9;35:36.300;18:05;1:08.837;0:45.109;0:31.202;;Sergey ZLOBIN;0:00:53.614;LMP2;;SMP Racing;Oreca;
27;0;20;1:28.503;0;;22.597;0;43.994;1;21.912;0;175.3;37:04.803;18:07;0:22.597;0:43.994;0:21.912;257.1;Sergey ZLOBIN;;LMP2;;SMP Racing;Oreca;
27;0;21;1:29.272;0;;22.859;0;44.037;0;22.376;0;173.8;38:34.075;18:08;0:22.859;0:44.037;0:22.376;262.1;Sergey ZLOBIN;;LMP2;;SMP Racing;Oreca;
27;0;22;1:29.241;0;;22.970;0;44.552;0;21.719;0;173.8;40:03.316;18:10;0:22.970;0:44.552;0:21.719;259.6;Sergey ZLOBIN;;LMP2;;SMP Racing;Oreca;
27;0;23;1:29.965;0;;22.403;0;45.291;0;22.271;0;172.4;41:33.281;18:11;0:22.403;0:45.291;0:22.271;262.8;Sergey ZLOBIN;;LMP2;;SMP Racing;Oreca;
27;0;24;2:15.352;0;B;22.348;0;44.724;0;1:08.280;0;114.6;43:48.633;18:13;0:22.348;0:44.724;1:08.280;262.8;Sergey ZLOBIN;;LMP2;;SMP Racing;Oreca;
27;0;25;11:02.516;0;;9:54.855;0;45.977;0;21.684;0;23.4;54:51.149;18:24;9:54.855;0:45.977;0:21.684;;Sergey ZLOBIN;0:09:37.994;LMP2;;SMP Racing;Oreca;
27;0;26;1:37.123;0;;22.576;0;44.721;0;29.826;0;159.7;56:28.272;18:26;0:22.576;0:44.721;0:29.826;259.6;Sergey ZLOBIN;;LMP2;;SMP Racing;Oreca;
27;0;27;1:30.575;0;;23.609;0;45.362;0;21.604;1;171.3;57:58.847;18:27;0:23.609;0:45.362;0:21.604;255.3;Sergey ZLOBIN;;LMP2;;SMP Racing;Oreca;
27;0;28;1:28.156;0;;22.328;0;44.032;0;21.796;0;176.0;59:27.003;18:29;0:22.328;0:44.032;0:21.796;263.4;Sergey ZLOBIN;;LMP2;;SMP Racing;Oreca;
27;0;29;1:37.315;0;B;22.303;1;44.102;0;30.910;0;159.4;1:01:04.318;18:31;0:22.303;0:44.102;0:30.910;261.5;Sergey ZLOBIN;;LMP2;;SMP Racing;Oreca;
27;1;30;3:36.113;0;;2:24.888;0;49.444;0;21.781;0;71.8;1:04:40.431;18:34;2:24.888;0:49.444;0:21.781;;Nicolas MINASSIAN;0:02:06.815;LMP2;;SMP Racing;Oreca;
27;1;31;1:27.077;0;;22.263;0;43.230;0;21.584;0;178.1;1:06:07.508;18:36;0:22.263;0:43.230;0:21.584;262.1;Nicolas MINASSIAN;;LMP2;;SMP Racing;Oreca;
27;1;32;1:28.524;0;;22.175;0;44.052;0;22.297;0;175.2;1:07:36.032;18:37;0:22.175;0:44.052;0:22.297;263.4;Nicolas MINASSIAN;;LMP2;;SMP Racing;Oreca;
27;1;33;1:35.681;0;B;22.176;0;44.291;0;29.214;0;162.1;1:09:11.713;18:39;0:22.176;0:44.291;0:29.214;262.1;Nicolas MINASSIAN;;LMP2;;SMP Racing;Oreca;
27;1;34;4:04.253;0;;2:58.870;0;43.553;0;21.830;0;63.5;1:13:15.966;18:43;2:58.870;0:43.553;0:21.830;;Nicolas MINASSIAN;0:02:43.374;LMP2;;SMP Racing;Oreca;
27;1;35;1:26.198;0;;22.088;0;42.650;0;21.460;0;180.0;1:14:42.164;18:44;0:22.088;0:42.650;0:21.460;260.2;Nicolas MINASSIAN;;LMP2;;SMP Racing;Oreca;
27;1;36;1:25.977;0;;21.876;0;42.607;0;21.494;0;180.4;1:16:08.141;18:46;0:21.876;0:42.607;0:21.494;262.1;Nicolas MINASSIAN;;LMP2;;SMP Racing;Oreca;
27;1;37;1:25.752;0;;21.952;0;42.433;0;21.367;1;180.9;1:17:33.893;18:47;0:21.952;0:42.433;0:21.367;261.5;Nicolas MINASSIAN;;LMP2;;SMP Racing;Oreca;
27;1;38;1:28.125;0;;21.783;2;44.595;0;21.747;0;176.0;1:19:02.018;18:49;0:21.783;0:44.595;0:21.747;264.1;Nicolas MINASSIAN;;LMP2;;SMP Racing;Oreca;
27;1;39;1:32.322;0;B;21.791;0;42.375;0;28.156;0;168.0;1:20:34.340;18:50;0:21.791;0:42.375;0:28.156;262.1;Nicolas MINASSIAN;;LMP2;;SMP Racing;Oreca;
27;1;40;4:41.223;0;;3:33.567;0;46.077;0;21.579;0;55.2;1:25:15.563;18:55;3:33.567;0:46.077;0:21.579;;Nicolas MINASSIAN;0:03:16.567;LMP2;;SMP Racing;Oreca;
27;1;41;1:25.608;2;;21.944;0;42.261;2;21.403;0;181.2;1:26:41.171;18:56;0:21.944;0:42.261;0:21.403;258.4;Nicolas MINASSIAN;;LMP2;;SMP Racing;Oreca;
27;1;42;1:25.675;0;;21.820;0;42.269;0;21.586;0;181.1;1:28:06.846;18:58;0:21.820;0:42.269;0:21.586;259.0;Nicolas MINASSIAN;;LMP2;;SMP Racing;Oreca;
27;1;43;1:34.815;0;B;23.177;0;42.637;0;29.001;0;163.6;1:29:41.661;18:59;0:23.177;0:42.637;0:29.001;247.7;Nicolas MINASSIAN;;LMP2;;SMP Racing;Oreca;
37;1;1;2:39.187;0;;1:22.409;0;52.784;0;23.994;0;97.4;2:39.187;17:32;1:22.409;0:52.784;0:23.994;;Viktor SHAITAR;0:00:56.794;LMP2;;SMP Racing;Oreca;
37;1;2;1:32.146;0;;24.189;0;45.824;0;22.133;0;168.3;4:11.333;17:34;0:24.189;0:45.824;0:22.133;251.2;Viktor SHAITAR;;LMP2;;SMP Racing;Oreca;
37;1;3;1:29.017;0;;22.811;0;44.476;0;21.730;0;174.3;5:40.350;17:35;0:22.811;0:44.476;0:21.730;257.1;Viktor SHAITAR;;LMP2;;SMP Racing;Oreca;
37;1;4;1:29.641;0;;22.630;0;45.273;0;21.738;0;173.1;7:09.991;17:37;0:22.630;0:45.273;0:21.738;260.2;Viktor SHAITAR;;LMP2;;SMP Racing;Oreca;
37;1;5;1:28.881;0;;22.559;0;44.386;0;21.936;0;174.5;8:38.872;17:38;0:22.559;0:44.386;0:21.936;260.9;Viktor SHAITAR;;LMP2;;SMP Racing;Oreca;
37;1;6;1:43.134;0;B;22.476;0;48.537;0;32.121;0;150.4;10:22.006;17:40;0:22.476;0:48.537;0:32.121;260.2;Viktor SHAITAR;;LMP2;;SMP Racing;Oreca;
37;1;7;3:23.193;0;;2:14.377;0;46.893;0;21.923;0;76.3;13:45.199;17:43;2:14.377;0:46.893;0:21.923;;Viktor SHAITAR;0:01:57.121;LMP2;;SMP Racing;Oreca;
37;1;8;1:30.366;0;;23.512;0;45.173;0;21.681;0;171.7;15:15.565;17:45;0:23.512;0:45.173;0:21.681;261.5;Viktor SHAITAR;;LMP2;;SMP Racing;Oreca;
37;1;9;1:27.847;0;;22.682;0;43.689;0;21.476;0;176.6;16:43.412;17:46;0:22.682;0:43.689;0:21.476;259.0;Viktor SHAITAR;;LMP2;;SMP Racing;Oreca;
37;1;10;1:27.234;0;;22.205;0;43.120;1;21.909;0;177.8;18:10.646;17:48;0:22.205;0:43.120;0:21.909;260.2;Viktor SHAITAR;;LMP2;;SMP Racing;Oreca;
37;1;11;1:27.114;0;;22.188;0;43.464;0;21.462;1;178.1;19:37.760;17:49;0:22.188;0:43.464;0:21.462;259.6;Viktor SHAITAR;;LMP2;;SMP Racing;Oreca;
37;1;12;1:38.119;0;B;22.169;1;43.531;0;32.419;0;158.1;21:15.879;17:51;0:22.169;0:43.531;0:32.419;260.2;Viktor SHAITAR;;LMP2;;SMP Racing;Oreca;
37;0;13;3:43.769;0;;2:36.179;0;45.411;0;22.179;0;69.3;24:59.648;17:54;2:36.179;0:45.411;0:22.179;;Kirill LADYGIN;0:02:19.844;LMP2;;SMP Racing;Oreca;
37;0;14;1:27.142;0;;22.523;0;42.890;0;21.729;0;178.0;26:26.790;17:56;0:22.523;0:42.890;0:21.729;259.0;Kirill LADYGIN;;LMP2;;SMP Racing;Oreca;
37;0;15;1:27.613;0;;22.203;0;43.386;0;22.024;0;177.1;27:54.403;17:57;0:22.203;0:43.386;0:22.024;260.2;Kirill LADYGIN;;LMP2;;SMP Racing;Oreca;
37;0;16;1:29.911;0;;24.029;0;44.124;0;21.758;0;172.5;29:24.314;17:59;0:24.029;0:44.124;0:21.758;259.6;Kirill LADYGIN;;LMP2;;SMP Racing;Oreca;
37;0;17;1:26.302;0;;22.094;0;42.729;0;21.479;0;179.7;30:50.616;18:00;0:22.094;0:42.729;0:21.479;259.6;Kirill LADYGIN;;LMP2;;SMP Racing;Oreca;
37;0;18;1:28.688;0;;22.720;0;44.315;0;21.653;0;174.9;32:19.304;18:02;0:22.720;0:44.315;0:21.653;259.6;Kirill LADYGIN;;LMP2;;SMP Racing;Oreca;
37;0;19;1:26.201;0;;22.051;0;42.703;0;21.447;0;180.0;33:45.505;18:03;0:22.051;0:42.703;0:21.447;260.2;Kirill LADYGIN;;LMP2;;SMP Racing;Oreca;
37;0;20;1:31.768;0;;22.657;0;47.349;0;21.762;0;169.0;35:17.273;18:05;0:22.657;0:47.349;0:21.762;260.9;Kirill LADYGIN;;LMP2;;SMP Racing;Oreca;
37;0;21;1:27.493;0;;22.031;1;43.014;0;22.448;0;177.3;36:44.766;18:06;0:22.031;0:43.014;0:22.448;259.6;Kirill LADYGIN;;LMP2;;SMP Racing;Oreca;
37;0;22;1:38.537;0;B;22.402;0;46.972;0;29.163;0;157.4;38:23.303;18:08;0:22.402;0:46.972;0:29.163;260.2;Kirill LADYGIN;;LMP2;;SMP Racing;Oreca;
37;0;23;7:44.316;0;;6:36.863;0;45.776;0;21.677;0;33.4;46:07.619;18:16;6:36.863;0:45.776;0:21.677;;Kirill LADYGIN;0:06:21.634;LMP2;;SMP Racing;Oreca;
37;0;24;1:27.781;0;;23.087;0;43.228;0;21.466;0;176.7;47:35.400;18:17;0:23.087;0:43.228;0:21.466;261.5;Kirill LADYGIN;;LMP2;;SMP Racing;Oreca;
37;0;25;1:26.226;0;;22.277;0;42.601;0;21.348;2;179.9;49:01.626;18:19;0:22.277;0:42.601;0:21.348;261.5;Kirill LADYGIN;;LMP2;;SMP Racing;Oreca;
37;0;26;1:26.063;2;;22.355;0;42.269;2;21.439;0;180.2;50:27.689;18:20;0:22.355;0:42.269;0:21.439;261.5;Kirill LADYGIN;;LMP2;;SMP Racing;Oreca;
37;0;27;1:27.271;0;;22.067;0;43.789;0;21.415;0;177.7;51:54.960;18:21;0:22.067;0:43.789;0:21.415;261.5;Kirill LADYGIN;;LMP2;;SMP Racing;Oreca;
37;0;28;1:34.367;0;B;22.247;0;43.402;0;28.718;0;164.4;53:29.327;18:23;0:22.247;0:43.402;0:28.718;263.4;Kirill LADYGIN;;LMP2;;SMP Racing;Oreca;
37;2;29;3:04.435;0;;1:56.624;0;45.702;0;22.109;0;84.1;56:33.762;18:26;1:56.624;0:45.702;0:22.109;;Anton LADYGIN;0:01:40.192;LMP2;;SMP Racing;Oreca;
37;2;30;1:29.276;0;;22.532;0;44.509;0;22.235;0;173.8;58:03.038;18:28;0:22.532;0:44.509;0:22.235;257.8;Anton LADYGIN;;LMP2;;SMP Racing;Oreca;
37;2;31;1:27.694;0;;22.253;0;43.805;0;21.636;0;176.9;59:30.732;18:29;0:22.253;0:43.805;0:21.636;262.8;Anton LADYGIN;;LMP2;;SMP Racing;Oreca;
37;2;32;1:28.096;0;;22.226;0;43.973;0;21.897;0;176.1;1:00:58.828;18:30;0:22.226;0:43.973;0:21.897;261.5;Anton LADYGIN;;LMP2;;SMP Racing;Oreca;
37;2;33;1:28.017;0;;22.106;0;43.965;0;21.946;0;176.2;1:02:26.845;18:32;0:22.106;0:43.965;0:21.946;262.1;Anton LADYGIN;;LMP2;;SMP Racing;Oreca;
37;2;34;1:27.116;0;;22.141;0;43.444;0;21.531;0;178.1;1:03:53.961;18:33;0:22.141;0:43.444;0:21.531;262.8;Anton LADYGIN;;LMP2;;SMP Racing;Oreca;
37;2;35;1:26.673;0;;22.031;0;43.203;0;21.439;0;179.0;1:05:20.634;18:35;0:22.031;0:43.203;0:21.439;263.4;Anton LADYGIN;;LMP2;;SMP Racing;Oreca;
37;2;36;1:27.120;0;;22.058;0;43.627;0;21.435;0;178.1;1:06:47.754;18:36;0:22.058;0:43.627;0:21.435;263.4;Anton LADYGIN;;LMP2;;SMP Racing;Oreca;
37;2;37;1:27.545;0;;22.556;0;43.520;0;21.469;0;177.2;1:08:15.299;18:38;0:22.556;0:43.520;0:21.469;264.7;Anton LADYGIN;;LMP2;;SMP Racing;Oreca;
37;2;38;1:27.390;0;;22.358;0;43.366;0;21.666;0;177.5;1:09:42.689;18:39;0:22.358;0:43.366;0:21.666;264.1;Anton LADYGIN;;LMP2;;SMP Racing;Oreca;
37;2;39;1:26.833;0;;22.135;0;43.344;0;21.354;1;178.6;1:11:09.522;18:41;0:22.135;0:43.344;0:21.354;262.1;Anton LADYGIN;;LMP2;;SMP Racing;Oreca;
37;2;40;1:36.256;0;B;22.050;0;43.800;0;30.406;0;161.2;1:12:45.778;18:42;0:22.050;0:43.800;0:30.406;263.4;Anton LADYGIN;;LMP2;;SMP Racing;Oreca;
37;2;41;4:59.906;0;;3:51.932;0;46.375;0;21.599;0;51.7;1:17:45.684;18:47;3:51.932;0:46.375;0:21.599;;Anton LADYGIN;0:03:36.491;LMP2;;SMP Racing;Oreca;
37;2;42;1:28.494;0;;22.660;0;44.177;0;21.657;0;175.3;1:19:14.178;18:49;0:22.660;0:44.177;0:21.657;260.2;Anton LADYGIN;;LMP2;;SMP Racing;Oreca;
37;2;43;1:28.105;0;;22.402;0;43.944;0;21.759;0;176.1;1:20:42.283;18:50;0:22.402;0:43.944;0:21.759;260.2;Anton LADYGIN;;LMP2;;SMP Racing;Oreca;
37;2;44;1:28.015;0;;22.014;0;44.092;0;21.909;0;176.2;1:22:10.298;18:52;0:22.014;0:44.092;0:21.909;262.1;Anton LADYGIN;;LMP2;;SMP Racing;Oreca;
37;2;45;1:28.065;0;;22.477;0;44.048;0;21.540;0;176.1;1:23:38.363;18:53;0:22.477;0:44.048;0:21.540;262.1;Anton LADYGIN;;LMP2;;SMP Racing;Oreca;
37;2;46;1:26.529;0;;21.956;2;43.176;0;21.397;0;179.3;1:25:04.892;18:55;0:21.956;0:43.176;0:21.397;261.5;Anton LADYGIN;;LMP2;;SMP Racing;Oreca;
37;2;47;1:28.000;0;;21.985;0;43.982;0;22.033;0;176.3;1:26:32.892;18:56;0:21.985;0:43.982;0:22.033;262.8;Anton LADYGIN;;LMP2;;SMP Racing;Oreca;
37;2;48;1:26.885;0;;22.332;0;43.067;1;21.486;0;178.5;1:27:59.777;18:57;0:22.332;0:43.067;0:21.486;262.1;Anton LADYGIN;;LMP2;;SMP Racing;Oreca;
37;2;49;1:28.755;0;;22.574;0;44.647;0;21.534;0;174.8;1:29:28.532;18:59;0:22.574;0:44.647;0:21.534;262.8;Anton LADYGIN;;LMP2;;SMP Racing;Oreca;
37;2;50;1:27.026;0;;22.138;0;43.489;0;21.399;0;178.3;1:30:55.558;19:00;0:22.138;0:43.489;0:21.399;261.5;Anton LADYGIN;;LMP2;;SMP Racing;Oreca;
47;0;1;1:56.398;0;;46.730;0;47.499;0;22.169;0;133.3;1:56.398;17:31;0:46.730;0:47.499;0:22.169;;Matthew HOWSON;0:00:15.502;LMP2;;KCMG;Oreca;
47;0;2;1:27.995;0;;22.646;0;43.679;0;21.670;0;176.3;3:24.393;17:33;0:22.646;0:43.679;0:21.670;257.8;Matthew HOWSON;;LMP2;;KCMG;Oreca;
47;0;3;1:26.923;0;;22.108;0;43.322;0;21.493;0;178.5;4:51.316;17:34;0:22.108;0:43.322;0:21.493;260.2;Matthew HOWSON;;LMP2;;KCMG;Oreca;
47;0;4;1:28.689;0;;22.065;0;44.789;0;21.835;0;174.9;6:20.005;17:36;0:22.065;0:44.789;0:21.835;260.9;Matthew HOWSON;;LMP2;;KCMG;Oreca;
47;0;5;1:26.962;0;;22.237;0;43.234;0;21.491;0;178.4;7:46.967;17:37;0:22.237;0:43.234;0:21.491;262.1;Matthew HOWSON;;LMP2;;KCMG;Oreca;
47;0;6;1:26.380;0;;22.016;0;42.896;0;21.468;2;179.6;9:13.347;17:39;0:22.016;0:42.896;0:21.468;262.8;Matthew HOWSON;;LMP2;;KCMG;Oreca;
47;0;7;1:26.589;0;;22.157;0;42.908;0;21.524;0;179.1;10:39.936;17:40;0:22.157;0:42.908;0:21.524;262.8;Matthew HOWSON;;LMP2;;KCMG;Oreca;
47;0;8;1:26.382;0;;22.041;0;42.821;1;21.520;0;179.6;12:06.318;17:42;0:22.041;0:42.821;0:21.520;262.1;Matthew HOWSON;;LMP2;;KCMG;Oreca;
47;0;9;1:27.427;0;;22.049;0;43.884;0;21.494;0;177.4;13:33.745;17:43;0:22.049;0:43.884;0:21.494;262.8;Matthew HOWSON;;LMP2;;KCMG;Oreca;
47;0;10;1:27.234;0;;22.015;1;43.615;0;21.604;0;177.8;15:00.979;17:45;0:22.015;0:43.615;0:21.604;264.1;Matthew HOWSON;;LMP2;;KCMG;Oreca;
47;0;11;1:26.862;0;;22.093;0;42.967;0;21.802;0;178.6;16:27.841;17:46;0:22.093;0:42.967;0:21.802;263.4;Matthew HOWSON;;LMP2;;KCMG;Oreca;
47;0;12;1:36.923;0;;23.901;0;49.762;0;23.260;0;160.0;18:04.764;17:48;0:23.901;0:49.762;0:23.260;265.4;Matthew HOWSON;;LMP2;;KCMG;Oreca;
47;0;13;1:37.805;0;B;22.526;0;44.217;0;31.062;0;158.6;19:42.569;17:49;0:22.526;0:44.217;0:31.062;261.5;Matthew HOWSON;;LMP2;;KCMG;Oreca;
47;2;14;2:52.063;0;;1:45.517;0;44.622;0;21.924;0;90.2;22:34.632;17:52;1:45.517;0:44.622;0:21.924;;Alexandre IMPERATORI;0:01:29.092;LMP2;;KCMG;Oreca;
47;2;15;1:27.850;0;;22.268;0;43.793;0;21.789;0;176.6;24:02.482;17:54;0:22.268;0:43.793;0:21.789;260.2;Alexandre IMPERATORI;;LMP2;;KCMG;Oreca;
47;2;16;1:28.161;0;;22.719;0;43.458;0;21.984;0;176.0;25:30.643;17:55;0:22.719;0:43.458;0:21.984;261.5;Alexandre IMPERATORI;;LMP2;;KCMG;Oreca;
47;2;17;1:28.555;0;;22.439;0;43.755;0;22.361;0;175.2;26:59.198;17:56;0:22.439;0:43.755;0:22.361;260.9;Alexandre IMPERATORI;;LMP2;;KCMG;Oreca;
47;2;18;1:29.213;0;;22.566;0;44.314;0;22.333;0;173.9;28:28.411;17:58;0:22.566;0:44.314;0:22.333;261.5;Alexandre IMPERATORI;;LMP2;;KCMG;Oreca;
47;2;19;1:28.306;0;;22.903;0;43.742;0;21.661;0;175.7;29:56.717;17:59;0:22.903;0:43.742;0:21.661;261.5;Alexandre IMPERATORI;;LMP2;;KCMG;Oreca;
47;2;20;1:27.359;0;;22.106;0;43.220;0;22.033;0;177.6;31:24.076;18:01;0:22.106;0:43.220;0:22.033;262.8;Alexandre IMPERATORI;;LMP2;;KCMG;Oreca;
47;2;21;1:27.549;0;;22.229;0;43.623;0;21.697;0;177.2;32:51.625;18:02;0:22.229;0:43.623;0:21.697;263.4;Alexandre IMPERATORI;;LMP2;;KCMG;Oreca;
47;2;22;1:27.441;0;;22.275;0;43.135;0;22.031;0;177.4;34:19.066;18:04;0:22.275;0:43.135;0:22.031;262.1;Alexandre IMPERATORI;;LMP2;;KCMG;Oreca;
47;2;23;1:27.126;0;;22.265;0;43.247;0;21.614;0;178.0;35:46.192;18:05;0:22.265;0:43.247;0:21.614;262.1;Alexandre IMPERATORI;;LMP2;;KCMG;Oreca;
47;2;24;1:26.623;0;;22.016;0;42.959;0;21.648;0;179.1;37:12.815;18:07;0:22.016;0:42.959;0:21.648;261.5;Alexandre IMPERATORI;;LMP2;;KCMG;Oreca;
47;2;25;1:26.615;0;;22.085;0;42.930;1;21.600;0;179.1;38:39.430;18:08;0:22.085;0:42.930;0:21.600;260.9;Alexandre IMPERATORI;;LMP2;;KCMG;Oreca;
47;2;26;1:26.761;0;;21.913;1;43.278;0;21.570;1;178.8;40:06.191;18:10;0:21.913;0:43.278;0:21.570;262.8;Alexandre IMPERATORI;;LMP2;;KCMG;Oreca;
47;2;27;1:28.152;0;;22.472;0;43.414;0;22.266;0;176.0;41:34.343;18:11;0:22.472;0:43.414;0:22.266;264.7;Alexandre IMPERATORI;;LMP2;;KCMG;Oreca;
47;2;28;1:39.787;0;B;23.363;0;46.040;0;30.384;0;155.5;43:14.130;18:13;0:23.363;0:46.040;0:30.384;264.7;Alexandre IMPERATORI;;LMP2;;KCMG;Oreca;
47;1;29;2:59.401;0;;1:51.652;0;45.393;0;22.356;0;86.5;46:13.531;18:16;1:51.652;0:45.393;0:22.356;;Richard BRADLEY;0:01:33.996;LMP2;;KCMG;Oreca;
47;1;30;1:28.295;0;;22.658;0;43.847;0;21.790;0;175.7;47:41.826;18:17;0:22.658;0:43.847;0:21.790;256.5;Richard BRADLEY;;LMP2;;KCMG;Oreca;
47;1;31;1:29.216;0;;22.281;0;44.619;0;22.316;0;173.9;49:11.042;18:19;0:22.281;0:44.619;0:22.316;262.1;Richard BRADLEY;;LMP2;;KCMG;Oreca;
47;1;32;1:27.235;0;;22.192;0;43.344;0;21.699;0;177.8;50:38.277;18:20;0:22.192;0:43.344;0:21.699;260.2;Richard BRADLEY;;LMP2;;KCMG;Oreca;
47;1;33;1:57.180;0;B;27.834;0;52.931;0;36.415;0;132.4;52:35.457;18:22;0:27.834;0:52.931;0:36.415;260.9;Richard BRADLEY;;LMP2;;KCMG;Oreca;
47;1;34;17:48.852;0;;16:41.438;0;45.498;0;21.916;0;14.5;1:10:24.309;18:40;16:41.438;0:45.498;0:21.916;;Richard BRADLEY;0:16:22.212;LMP2;;KCMG;Oreca;
47;1;35;1:29.581;0;;23.417;0;44.285;0;21.879;0;173.2;1:11:53.890;18:41;0:23.417;0:44.285;0:21.879;258.4;Richard BRADLEY;;LMP2;;KCMG;Oreca;
47;1;36;1:27.586;0;;22.242;0;43.481;0;21.863;0;177.1;1:13:21.476;18:43;0:22.242;0:43.481;0:21.863;257.8;Richard BRADLEY;;LMP2;;KCMG;Oreca;
47;1;37;1:27.679;0;;22.101;0;43.978;0;21.600;0;176.9;1:14:49.155;18:44;0:22.101;0:43.978;0:21.600;260.2;Richard BRADLEY;;LMP2;;KCMG;Oreca;
47;1;38;1:26.476;0;;22.050;0;42.840;0;21.586;0;179.4;1:16:15.631;18:46;0:22.050;0:42.840;0:21.586;260.2;Richard BRADLEY;;LMP2;;KCMG;Oreca;
47;1;39;1:26.223;0;;21.924;0;42.642;0;21.657;0;179.9;1:17:41.854;18:47;0:21.924;0:42.642;0:21.657;260.2;Richard BRADLEY;;LMP2;;KCMG;Oreca;
47;1;40;1:26.049;2;;21.922;0;42.579;2;21.548;0;180.3;1:19:07.903;18:49;0:21.922;0:42.579;0:21.548;260.2;Richard BRADLEY;;LMP2;;KCMG;Oreca;
47;1;41;1:29.368;0;;21.835;2;45.728;0;21.805;0;173.6;1:20:37.271;18:50;0:21.835;0:45.728;0:21.805;262.8;Richard BRADLEY;;LMP2;;KCMG;Oreca;
47;1;42;1:27.744;0;;21.969;0;44.165;0;21.610;0;176.8;1:22:05.015;18:52;0:21.969;0:44.165;0:21.610;262.1;Richard BRADLEY;;LMP2;;KCMG;Oreca;
47;1;43;1:26.484;0;;21.966;0;42.910;0;21.608;0;179.4;1:23:31.499;18:53;0:21.966;0:42.910;0:21.608;261.5;Richard BRADLEY;;LMP2;;KCMG;Oreca;
47;1;44;1:27.575;0;;22.424;0;43.092;0;22.059;0;177.1;1:24:59.074;18:54;0:22.424;0:43.092;0:22.059;260.9;Richard BRADLEY;;LMP2;;KCMG;Oreca;
47;1;45;1:26.146;0;;21.946;0;42.679;0;21.521;1;180.1;1:26:25.220;18:56;0:21.946;0:42.679;0:21.521;260.2;Richard BRADLEY;;LMP2;;KCMG;Oreca;
47;1;46;1:27.079;0;;22.545;0;42.901;0;21.633;0;178.1;1:27:52.299;18:57;0:22.545;0:42.901;0:21.633;262.1;Richard BRADLEY;;LMP2;;KCMG;Oreca;
47;1;47;1:29.356;0;;21.980;0;45.520;0;21.856;0;173.6;1:29:21.655;18:59;0:21.980;0:45.520;0:21.856;262.1;Richard BRADLEY;;LMP2;;KCMG;Oreca;
47;1;48;1:27.040;0;;21.975;0;43.204;0;21.861;0;178.2;1:30:48.695;19:00;0:21.975;0:43.204;0:21.861;259.6;Richard BRADLEY;;LMP2;;KCMG;Oreca;
51;0;1;2:09.885;0;;55.994;0;49.889;0;24.002;0;119.4;2:09.885;17:32;0:55.994;0:49.889;0:24.002;;Gianmaria BRUNI;0:00:28.394;LMGTE Pro;;AF Corse;Ferrari;
51;0;2;1:34.738;0;;24.469;0;47.097;0;23.172;0;163.7;3:44.623;17:33;0:24.469;0:47.097;0:23.172;251.7;Gianmaria BRUNI;;LMGTE Pro;;AF Corse;Ferrari;
51;0;3;1:32.309;0;;23.634;0;45.809;0;22.866;0;168.0;5:16.932;17:35;0:23.634;0:45.809;0:22.866;251.2;Gianmaria BRUNI;;LMGTE Pro;;AF Corse;Ferrari;
51;0;4;1:32.050;0;;23.464;0;45.464;0;23.122;0;168.5;6:48.982;17:36;0:23.464;0:45.464;0:23.122;254.1;Gianmaria BRUNI;;LMGTE Pro;;AF Corse;Ferrari;
51;0;5;1:33.536;0;;23.571;0;47.052;0;22.913;0;165.8;8:22.518;17:38;0:23.571;0:47.052;0:22.913;254.7;Gianmaria BRUNI;;LMGTE Pro;;AF Corse;Ferrari;
51;0;6;1:31.686;0;;23.399;0;45.298;0;22.989;0;169.2;9:54.204;17:39;0:23.399;0:45.298;0:22.989;252.9;Gianmaria BRUNI;;LMGTE Pro;;AF Corse;Ferrari;
51;0;7;1:31.823;0;;23.373;0;45.298;0;23.152;0;168.9;11:26.027;17:41;0:23.373;0:45.298;0:23.152;253.5;Gianmaria BRUNI;;LMGTE Pro;;AF Corse;Ferrari;
51;0;8;1:31.517;0;;23.311;0;45.396;0;22.810;0;169.5;12:57.544;17:42;0:23.311;0:45.396;0:22.810;252.9;Gianmaria BRUNI;;LMGTE Pro;;AF Corse;Ferrari;
51;0;9;1:40.992;0;B;23.743;0;46.451;0;30.798;0;153.6;14:38.536;17:44;0:23.743;0:46.451;0:30.798;252.9;Gianmaria BRUNI;;LMGTE Pro;;AF Corse;Ferrari;
51;0;10;3:17.831;0;;2:08.866;0;45.996;0;22.969;0;78.4;17:56.367;17:47;2:08.866;0:45.996;0:22.969;;Gianmaria BRUNI;0:01:52.211;LMGTE Pro;;AF Corse;Ferrari;
51;0;11;1:31.709;0;;23.426;0;45.431;0;22.852;0;169.1;19:28.076;17:49;0:23.426;0:45.431;0:22.852;250.6;Gianmaria BRUNI;;LMGTE Pro;;AF Corse;Ferrari;
51;0;12;1:40.156;0;B;23.281;0;46.172;0;30.703;0;154.9;21:08.232;17:51;0:23.281;0:46.172;0:30.703;251.2;Gianmaria BRUNI;;LMGTE Pro;;AF Corse;Ferrari;
51;0;13;3:02.033;0;;1:49.731;0;48.710;0;23.592;0;85.2;24:10.265;17:54;1:49.731;0:48.710;0:23.592;;Gianmaria BRUNI;0:01:31.342;LMGTE Pro;;AF Corse;Ferrari;
51;0;14;1:31.763;0;;23.726;0;45.099;0;22.938;0;169.0;25:42.028;17:55;0:23.726;0:45.099;0:22.938;252.3;Gianmaria BRUNI;;LMGTE Pro;;AF Corse;Ferrari;
51;0;15;1:31.113;0;;23.190;0;45.188;0;22.735;0;170.3;27:13.141;17:57;0:23.190;0:45.188;0:22.735;250.6;Gianmaria BRUNI;;LMGTE Pro;;AF Corse;Ferrari;
51;0;16;1:33.452;0;;23.183;0;47.441;0;22.828;0;166.0;28:46.593;17:58;0:23.183;0:47.441;0:22.828;252.3;Gianmaria BRUNI;;LMGTE Pro;;AF Corse;Ferrari;
51;0;17;1:31.091;0;;23.145;0;45.194;0;22.752;0;170.3;30:17.684;18:00;0:23.145;0:45.194;0:22.752;252.3;Gianmaria BRUNI;;LMGTE Pro;;AF Corse;Ferrari;
51;0;18;1:30.763;2;;23.076;0;44.954;0;22.733;0;170.9;31:48.447;18:01;0:23.076;0:44.954;0:22.733;252.9;Gianmaria BRUNI;;LMGTE Pro;;AF Corse;Ferrari;
51;0;19;1:41.725;0;B;23.677;0;46.986;0;31.062;0;152.5;33:30.172;18:03;0:23.677;0:46.986;0:31.062;252.9;Gianmaria BRUNI;;LMGTE Pro;;AF Corse;Ferrari;
51;0;20;2:37.306;0;;1:26.306;0;48.063;0;22.937;0;98.6;36:07.478;18:06;1:26.306;0:48.063;0:22.937;;Gianmaria BRUNI;0:01:07.906;LMGTE Pro;;AF Corse;Ferrari;
51;0;21;1:35.020;0;;24.702;0;47.377;0;22.941;0;163.3;37:42.498;18:07;0:24.702;0:47.377;0:22.941;252.3;Gianmaria BRUNI;;LMGTE Pro;;AF Corse;Ferrari;
51;0;22;1:30.974;0;;23.321;0;44.941;2;22.712;2;170.5;39:13.472;18:09;0:23.321;0:44.941;0:22.712;250.6;Gianmaria BRUNI;;LMGTE Pro;;AF Corse;Ferrari;
51;0;23;1:33.502;0;;23.182;0;46.961;0;23.359;0;165.9;40:46.974;18:10;0:23.182;0:46.961;0:23.359;252.9;Gianmaria BRUNI;;LMGTE Pro;;AF Corse;Ferrari;
51;0;24;1:31.115;0;;23.384;0;44.996;0;22.735;0;170.3;42:18.089;18:12;0:23.384;0:44.996;0:22.735;251.7;Gianmaria BRUNI;;LMGTE Pro;;AF Corse;Ferrari;
51;0;25;1:30.826;0;;23.040;1;45.046;0;22.740;0;170.8;43:48.915;18:13;0:23.040;0:45.046;0:22.740;251.7;Gianmaria BRUNI;;LMGTE Pro;;AF Corse;Ferrari;
51;0;26;1:39.978;0;B;24.129;0;45.967;0;29.882;0;155.2;45:28.893;18:15;0:24.129;0:45.967;0:29.882;252.3;Gianmaria BRUNI;;LMGTE Pro;;AF Corse;Ferrari;
51;1;27;2:51.440;0;;1:41.008;0;47.441;0;22.991;0;90.5;48:20.333;18:18;1:41.008;0:47.441;0:22.991;;Toni VILANDER;0:01:23.152;LMGTE Pro;;AF Corse;Ferrari;
51;1;28;1:32.764;0;;23.606;0;46.251;0;22.907;0;167.2;49:53.097;18:19;0:23.606;0:46.251;0:22.907;250.6;Toni VILANDER;;LMGTE Pro;;AF Corse;Ferrari;
51;1;29;1:32.675;0;;23.418;0;46.235;0;23.022;0;167.4;51:25.772;18:21;0:23.418;0:46.235;0:23.022;251.7;Toni VILANDER;;LMGTE Pro;;AF Corse;Ferrari;
51;1;30;1:31.841;0;;23.355;0;45.423;0;23.063;0;168.9;52:57.613;18:22;0:23.355;0:45.423;0:23.063;251.7;Toni VILANDER;;LMGTE Pro;;AF Corse;Ferrari;
51;1;31;1:31.207;0;;23.158;0;45.315;0;22.734;0;170.1;54:28.820;18:24;0:23.158;0:45.315;0:22.734;253.5;Toni VILANDER;;LMGTE Pro;;AF Corse;Ferrari;
51;1;32;1:31.116;0;;23.214;0;45.184;0;22.718;1;170.2;55:59.936;18:25;0:23.214;0:45.184;0:22.718;252.3;Toni VILANDER;;LMGTE Pro;;AF Corse;Ferrari;
51;1;33;1:31.327;0;;23.251;0;45.226;0;22.850;0;169.9;57:31.263;18:27;0:23.251;0:45.226;0:22.850;254.1;Toni VILANDER;;LMGTE Pro;;AF Corse;Ferrari;
51;1;34;1:31.463;0;;23.046;0;45.667;0;22.750;0;169.6;59:02.726;18:29;0:23.046;0:45.667;0:22.750;252.9;Toni VILANDER;;LMGTE Pro;;AF Corse;Ferrari;
51;1;35;1:30.985;0;;22.986;2;45.229;0;22.770;0;170.5;1:00:33.711;18:30;0:22.986;0:45.229;0:22.770;254.1;Toni VILANDER;;LMGTE Pro;;AF Corse;Ferrari;
51;1;36;1:42.975;0;B;23.113;0;46.924;0;32.938;0;150.6;1:02:16.686;18:32;0:23.113;0:46.924;0:32.938;253.5;Toni VILANDER;;LMGTE Pro;;AF Corse;Ferrari;
51;1;37;2:53.120;0;;1:43.748;0;46.386;0;22.986;0;89.6;1:05:09.806;18:35;1:43.748;0:46.386;0:22.986;;Toni VILANDER;0:01:26.864;LMGTE Pro;;AF Corse;Ferrari;
51;1;38;1:31.204;0;;23.227;0;45.237;0;22.740;0;170.1;1:06:41.010;18:36;0:23.227;0:45.237;0:22.740;251.7;Toni VILANDER;;LMGTE Pro;;AF Corse;Ferrari;
51;1;39;1:31.074;0;;23.235;0;44.995;1;22.844;0;170.3;1:08:12.084;18:38;0:23.235;0:44.995;0:22.844;251.2;Toni VILANDER;;LMGTE Pro;;AF Corse;Ferrari;
51;1;40;1:31.316;0;;23.138;0;45.324;0;22.854;0;169.9;1:09:43.400;18:39;0:23.138;0:45.324;0:22.854;252.3;Toni VILANDER;;LMGTE Pro;;AF Corse;Ferrari;
51;1;41;1:44.312;0;B;23.313;0;46.905;0;34.094;0;148.7;1:11:27.712;18:41;0:23.313;0:46.905;0:34.094;251.2;Toni VILANDER;;LMGTE Pro;;AF Corse;Ferrari;
51;1;42;3:29.535;0;;2:11.212;0;55.154;0;23.169;0;74.0;1:14:57.247;18:44;2:11.212;0:55.154;0:23.169;;Toni VILANDER;0:01:51.866;LMGTE Pro;;AF Corse;Ferrari;
51;1;43;1:34.708;0;;23.584;0;48.176;0;22.948;0;163.8;1:16:31.955;18:46;0:23.584;0:48.176;0:22.948;251.2;Toni VILANDER;;LMGTE Pro;;AF Corse;Ferrari;
51;1;44;1:31.935;0;;23.500;0;45.614;0;22.821;0;168.7;1:18:03.890;18:48;0:23.500;0:45.614;0:22.821;250.6;Toni VILANDER;;LMGTE Pro;;AF Corse;Ferrari;
51;1;45;1:32.711;0;;23.384;0;46.481;0;22.846;0;167.3;1:19:36.601;18:49;0:23.384;0:46.481;0:22.846;251.7;Toni VILANDER;;LMGTE Pro;;AF Corse;Ferrari;
51;1;46;1:31.636;0;;23.154;0;45.629;0;22.853;0;169.3;1:21:08.237;18:51;0:23.154;0:45.629;0:22.853;252.3;Toni VILANDER;;LMGTE Pro;;AF Corse;Ferrari;
51;1;47;1:32.082;0;;23.171;0;46.153;0;22.758;0;168.5;1:22:40.319;18:52;0:23.171;0:46.153;0:22.758;254.7;Toni VILANDER;;LMGTE Pro;;AF Corse;Ferrari;
51;1;48;1:31.491;0;;23.270;0;45.448;0;22.773;0;169.6;1:24:11.810;18:54;0:23.270;0:45.448;0:22.773;252.3;Toni VILANDER;;LMGTE Pro;;AF Corse;Ferrari;
51;1;49;1:41.259;0;B;23.332;0;45.603;0;32.324;0;153.2;1:25:53.069;18:55;0:23.332;0:45.603;0:32.324;253.5;Toni VILANDER;;LMGTE Pro;;AF Corse;Ferrari;
51;1;50;2:26.330;0;;1:16.113;0;47.060;0;23.157;0;106.0;1:28:19.399;18:58;1:16.113;0:47.060;0:23.157;;Toni VILANDER;0:00:58.470;LMGTE Pro;;AF Corse;Ferrari;
51;1;51;1:44.661;0;B;24.068;0;46.565;0;34.028;0;148.2;1:30:04.060;19:00;0:24.068;0:46.565;0:34.028;248.8;Toni VILANDER;;LMGTE Pro;;AF Corse;Ferrari;
61;1;1;2:09.676;0;;54.801;0;50.579;0;24.296;0;119.6;2:09.676;17:32;0:54.801;0:50.579;0:24.296;;Alessandro PIER GUIDI;0:00:25.427;LMGTE Am;;AF Corse;Ferrari;
61;1;2;1:36.105;0;;24.912;0;47.245;0;23.948;0;161.4;3:45.781;17:33;0:24.912;0:47.245;0:23.948;252.3;Alessandro PIER GUIDI;;LMGTE Am;;AF Corse;Ferrari;
61;1;3;1:32.256;0;;23.646;0;45.883;0;22.727;2;168.1;5:18.037;17:35;0:23.646;0:45.883;0:22.727;254.1;Alessandro PIER GUIDI;;LMGTE Am;;AF Corse;Ferrari;
61;1;4;1:31.666;2;;23.378;0;45.509;0;22.779;0;169.2;6:49.703;17:36;0:23.378;0:45.509;0:22.779;254.1;Alessandro PIER GUIDI;;LMGTE Am;;AF Corse;Ferrari;
61;1;5;1:33.540;0;;23.602;0;46.938;0;23.000;0;165.8;8:23.243;17:38;0:23.602;0:46.938;0:23.000;255.9;Alessandro PIER GUIDI;;LMGTE Am;;AF Corse;Ferrari;
61;1;6;1:32.425;0;;23.850;0;45.706;0;22.869;0;167.8;9:55.668;17:39;0:23.850;0:45.706;0:22.869;255.9;Alessandro PIER GUIDI;;LMGTE Am;;AF Corse;Ferrari;
61;1;7;1:41.639;0;B;23.373;0;45.232;2;33.034;0;152.6;11:37.307;17:41;0:23.373;0:45.232;0:33.034;254.7;Alessandro PIER GUIDI;;LMGTE Am;;AF Corse;Ferrari;
61;0;8;3:13.461;0;;1:59.324;0;51.076;0;23.061;0;80.2;14:50.768;17:44;1:59.324;0:51.076;0:23.061;;Emerson FITTIPALDI;0:01:37.516;LMGTE Am;;AF Corse;Ferrari;
61;0;9;1:35.827;0;;24.430;0;48.127;0;23.270;0;161.9;16:26.595;17:46;0:24.430;0:48.127;0:23.270;252.9;Emerson FITTIPALDI;;LMGTE Am;;AF Corse;Ferrari;
61;0;10;1:39.183;0;;24.907;0;50.005;0;24.271;0;156.4;18:05.778;17:48;0:24.907;0:50.005;0:24.271;252.3;Emerson FITTIPALDI;;LMGTE Am;;AF Corse;Ferrari;
61;0;11;1:35.948;0;;24.624;0;48.235;0;23.089;0;161.7;19:41.726;17:49;0:24.624;0:48.235;0:23.089;246.0;Emerson FITTIPALDI;;LMGTE Am;;AF Corse;Ferrari;
61;0;12;1:35.345;0;;24.328;0;47.815;0;23.202;0;162.7;21:17.071;17:51;0:24.328;0:47.815;0:23.202;251.7;Emerson FITTIPALDI;;LMGTE Am;;AF Corse;Ferrari;
61;0;13;1:35.417;0;;24.545;0;47.645;0;23.227;0;162.6;22:52.488;17:52;0:24.545;0:47.645;0:23.227;252.9;Emerson FITTIPALDI;;LMGTE Am;;AF Corse;Ferrari;
61;0;14;1:41.341;0;;26.536;0;51.435;0;23.370;0;153.1;24:33.829;17:54;0:26.536;0:51.435;0:23.370;251.2;Emerson FITTIPALDI;;LMGTE Am;;AF Corse;Ferrari;
61;0;15;1:36.796;0;;25.067;0;48.528;0;23.201;0;160.3;26:10.625;17:56;0:25.067;0:48.528;0:23.201;247.1;Emerson FITTIPALDI;;LMGTE Am;;AF Corse;Ferrari;
61;0;16;1:45.464;0;B;24.235;0;48.024;0;33.205;0;147.1;27:56.089;17:57;0:24.235;0:48.024;0:33.205;251.7;Emerson FITTIPALDI;;LMGTE Am;;AF Corse;Ferrari;
61;0;17;3:21.271;0;;2:07.580;0;50.595;0;23.096;0;77.1;31:17.360;18:01;2:07.580;0:50.595;0:23.096;;Emerson FITTIPALDI;0:01:49.309;LMGTE Am;;AF Corse;Ferrari;
61;0;18;1:35.003;0;;24.059;0;47.725;0;23.219;0;163.3;32:52.363;18:02;0:24.059;0:47.725;0:23.219;251.7;Emerson FITTIPALDI;;LMGTE Am;;AF Corse;Ferrari;
61;0;19;1:34.417;0;;24.253;0;47.106;0;23.058;0;164.3;34:26.780;18:04;0:24.253;0:47.106;0:23.058;251.2;Emerson FITTIPALDI;;LMGTE Am;;AF Corse;Ferrari;
61;0;20;1:33.678;0;;24.147;0;46.645;1;22.886;1;165.6;36:00.458;18:06;0:24.147;0:46.645;0:22.886;251.2;Emerson FITTIPALDI;;LMGTE Am;;AF Corse;Ferrari;
61;0;21;1:35.318;0;;23.902;1;47.961;0;23.455;0;162.7;37:35.776;18:07;0:23.902;0:47.961;0:23.455;252.3;Emerson FITTIPALDI;;LMGTE Am;;AF Corse;Ferrari;
61;0;22;1:36.535;0;;24.306;0;48.492;0;23.737;0;160.7;39:12.311;18:09;0:24.306;0:48.492;0:23.737;251.2;Emerson FITTIPALDI;;LMGTE Am;;AF Corse;Ferrari;
61;0;23;1:44.796;0;B;24.187;0;48.682;0;31.927;0;148.0;40:57.107;18:10;0:24.187;0:48.682;0:31.927;250.6;Emerson FITTIPALDI;;LMGTE Am;;AF Corse;Ferrari;
61;2;24;3:07.205;0;;1:54.327;0;49.569;0;23.309;0;82.9;44:04.312;18:14;1:54.327;0:49.569;0:23.309;;Jeffrey SEGAL;0:01:37.244;LMGTE Am;;AF Corse;Ferrari;
61;2;25;1:34.455;0;;24.017;0;47.250;0;23.188;0;164.2;45:38.767;18:15;0:24.017;0:47.250;0:23.188;247.1;Jeffrey SEGAL;;LMGTE Am;;AF Corse;Ferrari;
61;2;26;1:34.545;0;;23.781;0;47.791;0;22.973;0;164.1;47:13.312;18:17;0:23.781;0:47.791;0:22.973;251.2;Jeffrey SEGAL;;LMGTE Am;;AF Corse;Ferrari;
61;2;27;1:32.996;0;;23.681;0;46.339;0;22.976;0;166.8;48:46.308;18:18;0:23.681;0:46.339;0:22.976;251.7;Jeffrey SEGAL;;LMGTE Am;;AF Corse;Ferrari;
61;2;28;1:34.290;0;;23.591;0;47.593;0;23.106;0;164.5;50:20.598;18:20;0:23.591;0:47.593;0:23.106;252.9;Jeffrey SEGAL;;LMGTE Am;;AF Corse;Ferrari;
61;2;29;1:32.785;0;;23.572;0;46.317;0;22.896;0;167.2;51:53.383;18:21;0:23.572;0:46.317;0:22.896;252.3;Jeffrey SEGAL;;LMGTE Am;;AF Corse;Ferrari;
61;2;30;1:32.339;0;;23.458;0;45.933;0;22.948;0;168.0;53:25.722;18:23;0:23.458;0:45.933;0:22.948;252.9;Jeffrey SEGAL;;LMGTE Am;;AF Corse;Ferrari;
61;2;31;1:42.726;0;B;23.617;0;46.839;0;32.270;0;151.0;55:08.448;18:25;0:23.617;0:46.839;0:32.270;250.6;Jeffrey SEGAL;;LMGTE Am;;AF Corse;Ferrari;
61;2;32;5:51.061;0;;4:41.267;0;46.621;0;23.173;0;44.2;1:00:59.509;18:30;4:41.267;0:46.621;0:23.173;;Jeffrey SEGAL;0:04:25.556;LMGTE Am;;AF Corse;Ferrari;
61;2;33;1:37.982;0;;23.464;0;51.488;0;23.030;0;158.3;1:02:37.491;18:32;0:23.464;0:51.488;0:23.030;252.9;Jeffrey SEGAL;;LMGTE Am;;AF Corse;Ferrari;
61;2;34;1:31.876;0;;23.408;0;45.700;0;22.768;1;168.8;1:04:09.367;18:34;0:23.408;0:45.700;0:22.768;252.9;Jeffrey SEGAL;;LMGTE Am;;AF Corse;Ferrari;
61;2;35;1:33.548;0;;23.475;0;47.256;0;22.817;0;165.8;1:05:42.915;18:35;0:23.475;0:47.256;0:22.817;250.6;Jeffrey SEGAL;;LMGTE Am;;AF Corse;Ferrari;
61;2;36;1:32.439;0;;23.442;0;46.067;0;22.930;0;167.8;1:07:15.354;18:37;0:23.442;0:46.067;0:22.930;250.6;Jeffrey SEGAL;;LMGTE Am;;AF Corse;Ferrari;
61;2;37;1:39.759;0;B;23.346;1;45.658;0;30.755;0;155.5;1:08:55.113;18:38;0:23.346;0:45.658;0:30.755;252.3;Jeffrey SEGAL;;LMGTE Am;;AF Corse;Ferrari;
61;2;38;4:09.542;0;;2:57.056;0;49.248;0;23.238;0;62.2;1:13:04.655;18:43;2:57.056;0:49.248;0:23.238;;Jeffrey SEGAL;0:02:40.979;LMGTE Am;;AF Corse;Ferrari;
61;2;39;1:32.377;0;;23.398;0;45.968;0;23.011;0;167.9;1:14:37.032;18:44;0:23.398;0:45.968;0:23.011;250.6;Jeffrey SEGAL;;LMGTE Am;;AF Corse;Ferrari;
61;2;40;1:32.095;0;;23.382;0;45.647;1;23.066;0;168.4;1:16:09.127;18:46;0:23.382;0:45.647;0:23.066;251.2;Jeffrey SEGAL;;LMGTE Am;;AF Corse;Ferrari;
61;2;41;1:41.209;0;B;23.353;0;46.071;0;31.785;0;153.3;1:17:50.336;18:47;0:23.353;0:46.071;0:31.785;248.3;Jeffrey SEGAL;;LMGTE Am;;AF Corse;Ferrari;
61;1;42;2:48.459;0;;1:34.121;0;50.910;0;23.428;0;92.1;1:20:38.795;18:50;1:34.121;0:50.910;0:23.428;;Alessandro PIER GUIDI;0:01:18.054;LMGTE Am;;AF Corse;Ferrari;
61;1;43;1:32.713;0;;23.712;0;45.688;0;23.313;0;167.3;1:22:11.508;18:52;0:23.712;0:45.688;0:23.313;250.6;Alessandro PIER GUIDI;;LMGTE Am;;AF Corse;Ferrari;
61;1;44;1:32.191;0;;23.334;0;45.972;0;22.885;0;168.3;1:23:43.699;18:53;0:23.334;0:45.972;0:22.885;252.3;Alessandro PIER GUIDI;;LMGTE Am;;AF Corse;Ferrari;
61;1;45;1:35.314;0;;23.514;0;48.885;0;22.915;0;162.8;1:25:19.013;18:55;0:23.514;0:48.885;0:22.915;251.7;Alessandro PIER GUIDI;;LMGTE Am;;AF Corse;Ferrari;
61;1;46;1:32.845;0;;23.331;0;46.674;0;22.840;0;167.1;1:26:51.858;18:56;0:23.331;0:46.674;0:22.840;250.6;Alessandro PIER GUIDI;;LMGTE Am;;AF Corse;Ferrari;
61;1;47;1:31.767;0;;23.386;0;45.627;0;22.754;0;169.0;1:28:23.625;18:58;0:23.386;0:45.627;0:22.754;251.7;Alessandro PIER GUIDI;;LMGTE Am;;AF Corse;Ferrari;
61;1;48;1:32.414;0;;23.296;2;45.758;0;23.360;0;167.9;1:29:56.039;18:59;0:23.296;0:45.758;0:23.360;252.9;Alessandro PIER GUIDI;;LMGTE Am;;AF Corse;Ferrari;
61;1;49;1:31.891;0;;23.404;0;45.576;0;22.911;0;168.8;1:31:27.930;19:01;0:23.404;0:45.576;0:22.911;251.2;Alessandro PIER GUIDI;;LMGTE Am;;AF Corse;Ferrari;
7;0;1;1:53.504;0;;45.058;0;47.754;0;20.692;0;136.7;1:53.504;17:31;0:45.058;0:47.754;0:20.692;;Alexander WURZ;0:00:11.808;LMP1;H;Toyota Racing;Toyota;
7;0;2;1:22.728;0;;21.413;0;41.440;0;19.875;0;187.5;3:16.232;17:33;0:21.413;0:41.440;0:19.875;282.7;Alexander WURZ;;LMP1;H;Toyota Racing;Toyota;
7;0;3;1:21.664;0;;20.995;0;40.823;0;19.846;0;190.0;4:37.896;17:34;0:20.995;0:40.823;0:19.846;284.2;Alexander WURZ;;LMP1;H;Toyota Racing;Toyota;
7;0;4;1:20.800;0;;20.818;0;40.508;0;19.474;0;192.0;5:58.696;17:35;0:20.818;0:40.508;0:19.474;283.5;Alexander WURZ;;LMP1;H;Toyota Racing;Toyota;
7;0;5;1:20.329;0;;20.469;0;40.402;0;19.458;0;193.1;7:19.025;17:37;0:20.469;0:40.402;0:19.458;290.3;Alexander WURZ;;LMP1;H;Toyota Racing;Toyota;
7;0;6;1:21.194;0;;20.538;0;40.667;0;19.989;0;191.1;8:40.219;17:38;0:20.538;0:40.667;0:19.989;291.1;Alexander WURZ;;LMP1;H;Toyota Racing;Toyota;
7;0;7;1:22.831;0;;21.612;0;41.367;0;19.852;0;187.3;10:03.050;17:40;0:21.612;0:41.367;0:19.852;279.1;Alexander WURZ;;LMP1;H;Toyota Racing;Toyota;
7;0;8;1:20.698;0;;20.458;0;40.794;0;19.446;0;192.2;11:23.748;17:41;0:20.458;0:40.794;0:19.446;288.8;Alexander WURZ;;LMP1;H;Toyota Racing;Toyota;
7;0;9;1:21.728;0;;20.942;0;41.239;0;19.547;0;189.8;12:45.476;17:42;0:20.942;0:41.239;0:19.547;288.8;Alexander WURZ;;LMP1;H;Toyota Racing;Toyota;
7;0;10;1:22.212;0;;20.663;0;42.029;0;19.520;0;188.7;14:07.688;17:44;0:20.663;0:42.029;0:19.520;286.5;Alexander WURZ;;LMP1;H;Toyota Racing;Toyota;
7;0;11;1:19.891;0;;20.372;0;40.206;0;19.313;0;194.2;15:27.579;17:45;0:20.372;0:40.206;0:19.313;285.0;Alexander WURZ;;LMP1;H;Toyota Racing;Toyota;
7;0;12;1:20.311;0;;20.349;0;40.557;0;19.405;0;193.2;16:47.890;17:46;0:20.349;0:40.557;0:19.405;283.5;Alexander WURZ;;LMP1;H;Toyota Racing;Toyota;
7;0;13;1:20.911;0;;20.438;0;40.795;0;19.678;0;191.7;18:08.801;17:48;0:20.438;0:40.795;0:19.678;283.5;Alexander WURZ;;LMP1;H;Toyota Racing;Toyota;
7;0;14;1:21.724;0;;20.641;0;41.272;0;19.811;0;189.8;19:30.525;17:49;0:20.641;0:41.272;0:19.811;285.0;Alexander WURZ;;LMP1;H;Toyota Racing;Toyota;
7;0;15;1:20.726;0;;20.503;0;40.740;0;19.483;0;192.2;20:51.251;17:50;0:20.503;0:40.740;0:19.483;280.5;Alexander WURZ;;LMP1;H;Toyota Racing;Toyota;
7;0;16;1:20.915;0;;20.920;0;40.468;0;19.527;0;191.7;22:12.166;17:52;0:20.920;0:40.468;0:19.527;280.5;Alexander WURZ;;LMP1;H;Toyota Racing;Toyota;
7;0;17;1:20.051;0;;20.375;0;40.312;0;19.364;0;193.8;23:32.217;17:53;0:20.375;0:40.312;0:19.364;281.2;Alexander WURZ;;LMP1;H;Toyota Racing;Toyota;
7;0;18;1:19.960;0;;20.323;0;40.259;0;19.378;0;194.0;24:52.177;17:54;0:20.323;0:40.259;0:19.378;290.3;Alexander WURZ;;LMP1;H;Toyota Racing;Toyota;
7;0;19;1:20.087;0;;20.265;0;40.426;0;19.396;0;193.7;26:12.264;17:56;0:20.265;0:40.426;0:19.396;289.5;Alexander WURZ;;LMP1;H;Toyota Racing;Toyota;
7;0;20;1:21.143;0;;20.903;0;40.643;0;19.597;0;191.2;27:33.407;17:57;0:20.903;0:40.643;0:19.597;292.7;Alexander WURZ;;LMP1;H;Toyota Racing;Toyota;
7;0;21;1:20.758;0;;20.624;0;40.376;0;19.758;0;192.1;28:54.165;17:58;0:20.624;0:40.376;0:19.758;292.7;Alexander WURZ;;LMP1;H;Toyota Racing;Toyota;
7;0;22;1:21.398;0;;20.221;0;41.285;0;19.892;0;190.6;30:15.563;18:00;0:20.221;0:41.285;0:19.892;291.1;Alexander WURZ;;LMP1;H;Toyota Racing;Toyota;
7;0;23;1:21.346;0;;20.265;0;41.605;0;19.476;0;190.7;31:36.909;18:01;0:20.265;0:41.605;0:19.476;288.8;Alexander WURZ;;LMP1;H;Toyota Racing;Toyota;
7;0;24;1:21.328;0;;20.362;0;40.278;0;20.688;0;190.7;32:58.237;18:02;0:20.362;0:40.278;0:20.688;292.7;Alexander WURZ;;LMP1;H;Toyota Racing;Toyota;
7;0;25;1:19.998;0;;20.305;0;40.199;0;19.494;0;193.9;34:18.235;18:04;0:20.305;0:40.199;0:19.494;290.3;Alexander WURZ;;LMP1;H;Toyota Racing;Toyota;
7;0;26;1:19.923;0;;20.373;0;40.230;0;19.320;0;194.1;35:38.158;18:05;0:20.373;0:40.230;0:19.320;288.8;Alexander WURZ;;LMP1;H;Toyota Racing;Toyota;
7;0;27;1:20.315;0;;20.299;0;40.766;0;19.250;2;193.1;36:58.473;18:06;0:20.299;0:40.766;0:19.250;291.9;Alexander WURZ;;LMP1;H;Toyota Racing;Toyota;
7;0;28;1:20.019;0;;20.233;0;40.474;0;19.312;0;193.9;38:18.492;18:08;0:20.233;0:40.474;0:19.312;292.7;Alexander WURZ;;LMP1;H;Toyota Racing;Toyota;
7;0;29;1:19.390;2;;20.186;0;39.854;2;19.350;0;195.4;39:37.882;18:09;0:20.186;0:39.854;0:19.350;291.1;Alexander WURZ;;LMP1;H;Toyota Racing;Toyota;
7;0;30;1:19.524;0;;20.184;2;39.999;0;19.341;0;195.1;40:57.406;18:10;0:20.184;0:39.999;0:19.341;291.9;Alexander WURZ;;LMP1;H;Toyota Racing;Toyota;
7;0;31;1:29.828;0;B;20.396;0;40.335;0;29.097;0;172.7;42:27.234;18:12;0:20.396;0:40.335;0:29.097;293.5;Alexander WURZ;;LMP1;H;Toyota Racing;Toyota;
7;0;32;2:13.860;0;;1:11.006;0;43.210;0;19.644;0;115.9;44:41.094;18:14;1:11.006;0:43.210;0:19.644;;Alexander WURZ;0:00:56.944;LMP1;H;Toyota Racing;Toyota;
7;0;33;1:22.920;0;;20.964;0;42.354;0;19.602;0;187.1;46:04.014;18:16;0:20.964;0:42.354;0:19.602;289.5;Alexander WURZ;;LMP1;H;Toyota Racing;Toyota;
7;0;34;1:21.215;0;;20.515;0;41.027;0;19.673;0;191.0;47:25.229;18:17;0:20.515;0:41.027;0:19.673;288.0;Alexander WURZ;;LMP1;H;Toyota Racing;Toyota;
7;0;35;1:21.338;0;;20.417;0;41.406;0;19.515;0;190.7;48:46.567;18:18;0:20.417;0:41.406;0:19.515;287.2;Alexander WURZ;;LMP1;H;Toyota Racing;Toyota;
7;0;36;1:20.722;0;;20.487;0;40.543;0;19.692;0;192.2;50:07.289;18:20;0:20.487;0:40.543;0:19.692;291.1;Alexander WURZ;;LMP1;H;Toyota Racing;Toyota;
7;0;37;1:28.013;0;B;20.295;0;40.583;0;27.135;0;176.3;51:35.302;18:21;0:20.295;0:40.583;0:27.135;291.1;Alexander WURZ;;LMP1;H;Toyota Racing;Toyota;
7;1;38;2:32.593;0;;1:31.327;0;41.635;0;19.631;0;101.7;54:07.895;18:24;1:31.327;0:41.635;0:19.631;;Stéphane SARRAZIN;0:01:16.463;LMP1;H;Toyota Racing;Toyota;
7;1;39;1:20.982;0;;20.484;0;40.766;0;19.732;0;191.6;55:28.877;18:25;0:20.484;0:40.766;0:19.732;289.5;Stéphane SARRAZIN;;LMP1;H;Toyota Racing;Toyota;
7;1;40;1:21.667;0;;20.681;0;41.510;0;19.476;0;189.9;56:50.544;18:26;0:20.681;0:41.510;0:19.476;293.5;Stéphane SARRAZIN;;LMP1;H;Toyota Racing;Toyota;
7;1;41;1:22.341;0;;20.416;0;42.297;0;19.628;0;188.4;58:12.885;18:28;0:20.416;0:42.297;0:19.628;288.0;Stéphane SARRAZIN;;LMP1;H;Toyota Racing;Toyota;
7;1;42;1:22.067;0;;20.251;0;41.861;0;19.955;0;189.0;59:34.952;18:29;0:20.251;0:41.861;0:19.955;291.1;Stéphane SARRAZIN;;LMP1;H;Toyota Racing;Toyota;
7;1;43;1:29.746;0;B;20.218;1;41.186;0;28.342;0;172.8;1:01:04.698;18:31;0:20.218;0:41.186;0:28.342;289.5;Stéphane SARRAZIN;;LMP1;H;Toyota Racing;Toyota;
7;1;44;8:02.713;0;;7:00.401;0;42.696;0;19.616;0;32.1;1:09:07.411;18:39;7:00.401;0:42.696;0:19.616;;Stéphane SARRAZIN;0:06:46.567;LMP1;H;Toyota Racing;Toyota;
7;1;45;1:20.858;0;;20.663;0;40.561;1;19.634;0;191.8;1:10:28.269;18:40;0:20.663;0:40.561;0:19.634;287.2;Stéphane SARRAZIN;;LMP1;H;Toyota Racing;Toyota;
7;1;46;1:22.039;0;;21.166;0;41.490;0;19.383;1;189.1;1:11:50.308;18:41;0:21.166;0:41.490;0:19.383;288.8;Stéphane SARRAZIN;;LMP1;H;Toyota Racing;Toyota;
7;1;47;1:30.854;0;B;20.773;0;43.265;0;26.816;0;170.7;1:13:21.162;18:43;0:20.773;0:43.265;0:26.816;287.2;Stéphane SARRAZIN;;LMP1;H;Toyota Racing;Toyota;
7;2;48;6:17.623;0;;5:12.167;0;45.672;0;19.784;0;41.1;1:19:38.785;18:49;5:12.167;0:45.672;0:19.784;;Mike CONWAY;0:04:56.637;LMP1;H;Toyota Racing;Toyota;
7;2;49;1:24.053;0;;21.173;0;43.061;0;19.819;0;184.6;1:21:02.838;18:51;0:21.173;0:43.061;0:19.819;285.7;Mike CONWAY;;LMP1;H;Toyota Racing;Toyota;
7;2;50;1:21.240;0;;20.638;0;41.162;0;19.440;0;190.9;1:22:24.078;18:52;0:20.638;0:41.162;0:19.440;285.7;Mike CONWAY;;LMP1;H;Toyota Racing;Toyota;
7;2;51;1:21.957;0;;20.788;0;41.581;0;19.588;0;189.3;1:23:46.035;18:53;0:20.788;0:41.581;0:19.588;289.5;Mike CONWAY;;LMP1;H;Toyota Racing;Toyota;
7;2;52;1:21.681;0;;20.872;0;41.354;0;19.455;0;189.9;1:25:07.716;18:55;0:20.872;0:41.354;0:19.455;289.5;Mike CONWAY;;LMP1;H;Toyota Racing;Toyota;
7;2;53;1:22.794;0;;20.653;0;42.177;0;19.964;0;187.4;1:26:30.510;18:56;0:20.653;0:42.177;0:19.964;288.8;Mike CONWAY;;LMP1;H;Toyota Racing;Toyota;
7;2;54;1:23.490;0;;21.435;0;42.297;0;19.758;0;185.8;1:27:54.000;18:57;0:21.435;0:42.297;0:19.758;288.8;Mike CONWAY;;LMP1;H;Toyota Racing;Toyota;
7;2;55;1:23.720;0;;21.056;0;43.249;0;19.415;1;185.3;1:29:17.720;18:59;0:21.056;0:43.249;0:19.415;290.3;Mike CONWAY;;LMP1;H;Toyota Racing;Toyota;
7;2;56;1:21.027;0;;20.423;1;40.988;1;19.616;0;191.4;1:30:38.747;19:00;0:20.423;0:40.988;0:19.616;288.0;Mike CONWAY;;LMP1;H;Toyota Racing;Toyota;
71;1;1;2:07.630;0;;54.217;0;50.223;0;23.190;0;121.5;2:07.630;17:32;0:54.217;0:50.223;0:23.190;;James CALADO;0:00:24.344;LMGTE Pro;;AF Corse;Ferrari;
71;1;2;1:33.711;0;;23.649;0;47.243;0;22.819;0;165.5;3:41.341;17:33;0:23.649;0:47.243;0:22.819;252.9;James CALADO;;LMGTE Pro;;AF Corse;Ferrari;
71;1;3;1:31.586;0;;23.459;0;45.433;0;22.694;0;169.4;5:12.927;17:35;0:23.459;0:45.433;0:22.694;252.9;James CALADO;;LMGTE Pro;;AF Corse;Ferrari;
71;1;4;1:34.406;0;;23.269;0;47.528;0;23.609;0;164.3;6:47.333;17:36;0:23.269;0:47.528;0:23.609;254.7;James CALADO;;LMGTE Pro;;AF Corse;Ferrari;
71;1;5;1:30.979;0;;23.137;0;45.150;0;22.692;2;170.5;8:18.312;17:38;0:23.137;0:45.150;0:22.692;252.9;James CALADO;;LMGTE Pro;;AF Corse;Ferrari;
71;1;6;1:31.242;0;;23.083;0;45.248;0;22.911;0;170.0;9:49.554;17:39;0:23.083;0:45.248;0:22.911;253.5;James CALADO;;LMGTE Pro;;AF Corse;Ferrari;
71;1;7;1:32.056;0;;23.216;0;45.866;0;22.974;0;168.5;11:21.610;17:41;0:23.216;0:45.866;0:22.974;254.1;James CALADO;;LMGTE Pro;;AF Corse;Ferrari;
71;1;8;1:40.101;0;B;24.195;0;45.824;0;30.082;0;155.0;13:01.711;17:43;0:24.195;0:45.824;0:30.082;252.3;James CALADO;;LMGTE Pro;;AF Corse;Ferrari;
71;1;9;3:18.037;0;;2:09.319;0;45.887;0;22.831;0;78.3;16:19.748;17:46;2:09.319;0:45.887;0:22.831;;James CALADO;0:01:53.363;LMGTE Pro;;AF Corse;Ferrari;
71;1;10;1:31.431;0;;23.319;0;45.297;0;22.815;0;169.7;17:51.179;17:47;0:23.319;0:45.297;0:22.815;250.6;James CALADO;;LMGTE Pro;;AF Corse;Ferrari;
71;1;11;1:32.411;0;;23.299;0;46.091;0;23.021;0;167.9;19:23.590;17:49;0:23.299;0:46.091;0:23.021;250.6;James CALADO;;LMGTE Pro;;AF Corse;Ferrari;
71;1;12;1:31.684;0;;23.276;0;45.538;0;22.870;0;169.2;20:55.274;17:50;0:23.276;0:45.538;0:22.870;250.0;James CALADO;;LMGTE Pro;;AF Corse;Ferrari;
71;1;13;1:31.349;0;;23.251;0;45.269;0;22.829;0;169.8;22:26.623;17:52;0:23.251;0:45.269;0:22.829;251.2;James CALADO;;LMGTE Pro;;AF Corse;Ferrari;
71;1;14;1:32.004;0;;23.325;0;45.715;0;22.964;0;168.6;23:58.627;17:53;0:23.325;0:45.715;0:22.964;251.7;James CALADO;;LMGTE Pro;;AF Corse;Ferrari;
71;1;15;1:32.638;0;;24.156;0;45.553;0;22.929;0;167.5;25:31.265;17:55;0:24.156;0:45.553;0:22.929;251.2;James CALADO;;LMGTE Pro;;AF Corse;Ferrari;
71;1;16;1:32.689;0;;23.471;0;46.130;0;23.088;0;167.4;27:03.954;17:57;0:23.471;0:46.130;0:23.088;253.5;James CALADO;;LMGTE Pro;;AF Corse;Ferrari;
71;1;17;1:32.165;0;;23.565;0;45.418;0;23.182;0;168.3;28:36.119;17:58;0:23.565;0:45.418;0:23.182;252.3;James CALADO;;LMGTE Pro;;AF Corse;Ferrari;
71;1;18;1:44.069;0;B;23.299;0;50.956;0;29.814;0;149.1;30:20.188;18:00;0:23.299;0:50.956;0:29.814;251.2;James CALADO;;LMGTE Pro;;AF Corse;Ferrari;
71;1;19;3:00.595;0;;1:49.821;0;47.934;0;22.840;0;85.9;33:20.783;18:03;1:49.821;0:47.934;0:22.840;;James CALADO;0:01:34.274;LMGTE Pro;;AF Corse;Ferrari;
71;1;20;1:31.065;0;;23.433;0;44.870;2;22.762;0;170.3;34:51.848;18:04;0:23.433;0:44.870;0:22.762;250.6;James CALADO;;LMGTE Pro;;AF Corse;Ferrari;
71;1;21;1:33.998;0;;23.069;2;48.096;0;22.833;0;165.0;36:25.846;18:06;0:23.069;0:48.096;0:22.833;251.7;James CALADO;;LMGTE Pro;;AF Corse;Ferrari;
71;1;22;1:31.133;0;;23.177;0;45.126;0;22.830;0;170.2;37:56.979;18:07;0:23.177;0:45.126;0:22.830;251.2;James CALADO;;LMGTE Pro;;AF Corse;Ferrari;
71;1;23;1:30.945;2;;23.162;0;44.977;0;22.806;0;170.6;39:27.924;18:09;0:23.162;0:44.977;0:22.806;251.7;James CALADO;;LMGTE Pro;;AF Corse;Ferrari;
71;1;24;1:31.083;0;;23.232;0;45.004;0;22.847;0;170.3;40:59.007;18:10;0:23.232;0:45.004;0:22.847;251.7;James CALADO;;LMGTE Pro;;AF Corse;Ferrari;
71;1;25;1:31.159;0;;23.206;0;45.087;0;22.866;0;170.2;42:30.166;18:12;0:23.206;0:45.087;0:22.866;252.3;James CALADO;;LMGTE Pro;;AF Corse;Ferrari;
71;1;26;1:39.388;0;B;23.235;0;46.406;0;29.747;0;156.1;44:09.554;18:14;0:23.235;0:46.406;0:29.747;251.7;James CALADO;;LMGTE Pro;;AF Corse;Ferrari;
71;0;27;2:39.659;0;;1:28.907;0;47.617;0;23.135;0;97.2;46:49.213;18:16;1:28.907;0:47.617;0:23.135;;Davide RIGON;0:01:10.484;LMGTE Pro;;AF Corse;Ferrari;
71;0;28;1:32.178;0;;23.552;0;45.684;0;22.942;0;168.3;48:21.391;18:18;0:23.552;0:45.684;0:22.942;248.8;Davide RIGON;;LMGTE Pro;;AF Corse;Ferrari;
71;0;29;1:35.705;0;;23.700;0;48.939;0;23.066;0;162.1;49:57.096;18:19;0:23.700;0:48.939;0:23.066;251.7;Davide RIGON;;LMGTE Pro;;AF Corse;Ferrari;
71;0;30;1:31.869;0;;23.533;0;45.474;0;22.862;0;168.9;51:28.965;18:21;0:23.533;0:45.474;0:22.862;250.6;Davide RIGON;;LMGTE Pro;;AF Corse;Ferrari;
71;0;31;1:31.645;0;;23.313;0;45.365;0;22.967;0;169.3;53:00.610;18:23;0:23.313;0:45.365;0:22.967;251.7;Davide RIGON;;LMGTE Pro;;AF Corse;Ferrari;
71;0;32;1:32.708;0;;23.183;0;45.417;0;24.108;0;167.3;54:33.318;18:24;0:23.183;0:45.417;0:24.108;251.7;Davide RIGON;;LMGTE Pro;;AF Corse;Ferrari;
71;0;33;1:31.683;0;;23.523;0;45.334;0;22.826;0;169.2;56:05.001;18:26;0:23.523;0:45.334;0:22.826;251.2;Davide RIGON;;LMGTE Pro;;AF Corse;Ferrari;
71;0;34;1:31.270;0;;23.219;0;45.287;1;22.764;1;170.0;57:36.271;18:27;0:23.219;0:45.287;0:22.764;252.3;Davide RIGON;;LMGTE Pro;;AF Corse;Ferrari;
71;0;35;1:31.948;0;;23.258;0;45.835;0;22.855;0;168.7;59:08.219;18:29;0:23.258;0:45.835;0:22.855;251.7;Davide RIGON;;LMGTE Pro;;AF Corse;Ferrari;
71;0;36;1:32.792;0;;23.301;0;46.612;0;22.879;0;167.2;1:00:41.011;18:30;0:23.301;0:46.612;0:22.879;250.6;Davide RIGON;;LMGTE Pro;;AF Corse;Ferrari;
71;0;37;1:31.435;0;;23.182;1;45.289;0;22.964;0;169.7;1:02:12.446;18:32;0:23.182;0:45.289;0:22.964;251.7;Davide RIGON;;LMGTE Pro;;AF Corse;Ferrari;
71;0;38;1:31.407;0;;23.216;0;45.316;0;22.875;0;169.7;1:03:43.853;18:33;0:23.216;0:45.316;0:22.875;251.7;Davide RIGON;;LMGTE Pro;;AF Corse;Ferrari;
71;0;39;1:31.519;0;;23.325;0;45.358;0;22.836;0;169.5;1:05:15.372;18:35;0:23.325;0:45.358;0:22.836;251.2;Davide RIGON;;LMGTE Pro;;AF Corse;Ferrari;
71;0;40;1:39.947;0;B;23.328;0;45.596;0;31.023;0;155.2;1:06:55.319;18:36;0:23.328;0:45.596;0:31.023;252.3;Davide RIGON;;LMGTE Pro;;AF Corse;Ferrari;
71;0;41;7:05.238;0;;5:52.767;0;49.263;0;23.208;0;36.5;1:14:00.557;18:44;5:52.767;0:49.263;0:23.208;;Davide RIGON;0:05:35.557;LMGTE Pro;;AF Corse;Ferrari;
71;0;42;1:32.569;0;;23.538;0;45.950;0;23.081;0;167.6;1:15:33.126;18:45;0:23.538;0:45.950;0:23.081;248.3;Davide RIGON;;LMGTE Pro;;AF Corse;Ferrari;
71;0;43;1:32.226;0;;23.558;0;45.795;0;22.873;0;168.2;1:17:05.352;18:47;0:23.558;0:45.795;0:22.873;249.4;Davide RIGON;;LMGTE Pro;;AF Corse;Ferrari;
71;0;44;1:33.684;0;;23.438;0;46.871;0;23.375;0;165.6;1:18:39.036;18:48;0:23.438;0:46.871;0:23.375;250.0;Davide RIGON;;LMGTE Pro;;AF Corse;Ferrari;
71;0;45;1:32.169;0;;23.425;0;45.837;0;22.907;0;168.3;1:20:11.205;18:50;0:23.425;0:45.837;0:22.907;248.8;Davide RIGON;;LMGTE Pro;;AF Corse;Ferrari;
71;0;46;1:33.157;0;;23.458;0;45.689;0;24.010;0;166.5;1:21:44.362;18:51;0:23.458;0:45.689;0:24.010;249.4;Davide RIGON;;LMGTE Pro;;AF Corse;Ferrari;
71;0;47;1:31.886;0;;23.536;0;45.512;0;22.838;0;168.8;1:23:16.248;18:53;0:23.536;0:45.512;0:22.838;249.4;Davide RIGON;;LMGTE Pro;;AF Corse;Ferrari;
71;0;48;1:32.188;0;;23.401;0;45.822;0;22.965;0;168.3;1:24:48.436;18:54;0:23.401;0:45.822;0:22.965;251.7;Davide RIGON;;LMGTE Pro;;AF Corse;Ferrari;
71;0;49;1:31.989;0;;23.410;0;45.632;0;22.947;0;168.6;1:26:20.425;18:56;0:23.410;0:45.632;0:22.947;251.7;Davide RIGON;;LMGTE Pro;;AF Corse;Ferrari;
71;0;50;1:31.931;0;;23.249;0;45.624;0;23.058;0;168.7;1:27:52.356;18:57;0:23.249;0:45.624;0:23.058;252.9;Davide RIGON;;LMGTE Pro;;AF Corse;Ferrari;
71;0;51;1:35.111;0;;23.606;0;48.596;0;22.909;0;163.1;1:29:27.467;18:59;0:23.606;0:48.596;0:22.909;250.6;Davide RIGON;;LMGTE Pro;;AF Corse;Ferrari;
71;0;52;1:31.793;0;;23.240;0;45.725;0;22.828;0;169.0;1:30:59.260;19:00;0:23.240;0:45.725;0:22.828;251.2;Davide RIGON;;LMGTE Pro;;AF Corse;Ferrari;
75;0;1;2:10.834;0;;51.673;0;53.261;0;25.900;0;118.6;2:10.834;17:32;0:51.673;0:53.261;0:25.900;;François PERRODO;0:00:19.716;LMGTE Am;;Prospeed Competition;Porsche;
75;0;2;1:39.209;0;;25.725;0;50.097;0;23.387;0;156.4;3:50.043;17:33;0:25.725;0:50.097;0:23.387;248.3;François PERRODO;;LMGTE Am;;Prospeed Competition;Porsche;
75;0;3;1:37.547;0;;25.474;0;48.574;0;23.499;0;159.0;5:27.590;17:35;0:25.474;0:48.574;0:23.499;251.2;François PERRODO;;LMGTE Am;;Prospeed Competition;Porsche;
75;0;4;1:35.800;0;;24.568;0;47.807;0;23.425;0;161.9;7:03.390;17:37;0:24.568;0:47.807;0:23.425;252.3;François PERRODO;;LMGTE Am;;Prospeed Competition;Porsche;
75;0;5;1:37.203;0;;24.471;0;48.933;0;23.799;0;159.6;8:40.593;17:38;0:24.471;0:48.933;0:23.799;253.5;François PERRODO;;LMGTE Am;;Prospeed Competition;Porsche;
75;0;6;1:36.356;0;;24.370;0;48.595;0;23.391;0;161.0;10:16.949;17:40;0:24.370;0:48.595;0:23.391;252.9;François PERRODO;;LMGTE Am;;Prospeed Competition;Porsche;
75;0;7;1:35.651;0;;24.650;0;47.842;0;23.159;0;162.2;11:52.600;17:41;0:24.650;0:47.842;0:23.159;251.2;François PERRODO;;LMGTE Am;;Prospeed Competition;Porsche;
75;0;8;1:35.784;0;;24.587;0;48.022;0;23.175;0;162.0;13:28.384;17:43;0:24.587;0:48.022;0:23.175;252.9;François PERRODO;;LMGTE Am;;Prospeed Competition;Porsche;
75;0;9;1:35.493;0;;24.421;0;47.892;0;23.180;0;162.4;15:03.877;17:45;0:24.421;0:47.892;0:23.180;254.1;François PERRODO;;LMGTE Am;;Prospeed Competition;Porsche;
75;0;10;1:35.919;0;;24.341;0;48.237;0;23.341;0;161.7;16:39.796;17:46;0:24.341;0:48.237;0:23.341;252.3;François PERRODO;;LMGTE Am;;Prospeed Competition;Porsche;
75;0;11;1:42.751;0;B;24.598;0;48.593;0;29.560;0;151.0;18:22.547;17:48;0:24.598;0:48.593;0:29.560;254.1;François PERRODO;;LMGTE Am;;Prospeed Competition;Porsche;
75;0;12;2:48.457;0;;1:33.574;0;51.725;0;23.158;0;92.1;21:11.004;17:51;1:33.574;0:51.725;0:23.158;;François PERRODO;0:01:14.981;LMGTE Am;;Prospeed Competition;Porsche;
75;0;13;1:34.369;0;;24.000;1;47.286;1;23.083;1;164.4;22:45.373;17:52;0:24.000;0:47.286;0:23.083;252.9;François PERRODO;;LMGTE Am;;Prospeed Competition;Porsche;
75;0;14;1:36.630;0;;24.302;0;47.533;0;24.795;0;160.5;24:22.003;17:54;0:24.302;0:47.533;0:24.795;251.2;François PERRODO;;LMGTE Am;;Prospeed Competition;Porsche;
75;0;15;1:35.734;0;;24.935;0;47.629;0;23.170;0;162.0;25:57.737;17:55;0:24.935;0:47.629;0:23.170;234.8;François PERRODO;;LMGTE Am;;Prospeed Competition;Porsche;
75;0;16;1:45.960;0;B;25.131;0;49.243;0;31.586;0;146.4;27:43.697;17:57;0:25.131;0:49.243;0:31.586;252.9;François PERRODO;;LMGTE Am;;Prospeed Competition;Porsche;
75;2;17;3:41.162;0;;2:24.270;0;53.340;0;23.552;0;70.1;31:24.859;18:01;2:24.270;0:53.340;0:23.552;;Matthieu VAXIVIÈRE;0:02:04.236;LMGTE Am;;Prospeed Competition;Porsche;
75;2;18;1:35.478;0;;24.184;0;47.710;0;23.584;0;162.5;33:00.337;18:03;0:24.184;0:47.710;0:23.584;252.3;Matthieu VAXIVIÈRE;;LMGTE Am;;Prospeed Competition;Porsche;
75;2;19;1:32.119;0;;23.764;0;45.579;0;22.776;0;168.4;34:32.456;18:04;0:23.764;0:45.579;0:22.776;251.7;Matthieu VAXIVIÈRE;;LMGTE Am;;Prospeed Competition;Porsche;
75;2;20;1:31.888;0;;23.520;0;45.539;0;22.829;0;168.8;36:04.344;18:06;0:23.520;0:45.539;0:22.829;252.3;Matthieu VAXIVIÈRE;;LMGTE Am;;Prospeed Competition;Porsche;
75;2;21;1:32.486;0;;23.336;0;46.032;0;23.118;0;167.7;37:36.830;18:07;0:23.336;0:46.032;0:23.118;253.5;Matthieu VAXIVIÈRE;;LMGTE Am;;Prospeed Competition;Porsche;
75;2;22;1:42.599;0;B;23.374;0;48.000;0;31.225;0;151.2;39:19.429;18:09;0:23.374;0:48.000;0:31.225;253.5;Matthieu VAXIVIÈRE;;LMGTE Am;;Prospeed Competition;Porsche;
75;2;23;3:50.539;0;;2:34.293;0;52.280;0;23.966;0;67.3;43:09.968;18:13;2:34.293;0:52.280;0:23.966;;Matthieu VAXIVIÈRE;0:02:15.019;LMGTE Am;;Prospeed Competition;Porsche;
75;2;24;1:38.470;0;;24.666;0;50.537;0;23.267;0;157.5;44:48.438;18:14;0:24.666;0:50.537;0:23.267;251.2;Matthieu VAXIVIÈRE;;LMGTE Am;;Prospeed Competition;Porsche;
75;2;25;1:32.281;0;;23.704;0;45.728;0;22.849;0;168.1;46:20.719;18:16;0:23.704;0:45.728;0:22.849;252.9;Matthieu VAXIVIÈRE;;LMGTE Am;;Prospeed Competition;Porsche;
75;2;26;1:32.887;0;;23.444;0;46.529;0;22.914;0;167.0;47:53.606;18:17;0:23.444;0:46.529;0:22.914;254.7;Matthieu VAXIVIÈRE;;LMGTE Am;;Prospeed Competition;Porsche;
75;2;27;1:31.728;2;;23.211;2;45.661;0;22.856;0;169.1;49:25.334;18:19;0:23.211;0:45.661;0:22.856;254.7;Matthieu VAXIVIÈRE;;LMGTE Am;;Prospeed Competition;Porsche;
75;2;28;1:40.782;0;B;23.400;0;46.726;0;30.656;0;153.9;51:06.116;18:21;0:23.400;0:46.726;0:30.656;254.1;Matthieu VAXIVIÈRE;;LMGTE Am;;Prospeed Competition;Porsche;
75;2;29;3:35.274;0;;2:22.929;0;49.130;0;23.215;0;72.1;54:41.390;18:24;2:22.929;0:49.130;0:23.215;;Matthieu VAXIVIÈRE;0:02:04.788;LMGTE Am;;Prospeed Competition;Porsche;
75;2;30;1:31.973;0;;23.705;0;45.468;2;22.800;0;168.7;56:13.363;18:26;0:23.705;0:45.468;0:22.800;251.7;Matthieu VAXIVIÈRE;;LMGTE Am;;Prospeed Competition;Porsche;
75;2;31;1:31.848;0;;23.275;0;45.771;0;22.802;0;168.9;57:45.211;18:27;0:23.275;0:45.771;0:22.802;253.5;Matthieu VAXIVIÈRE;;LMGTE Am;;Prospeed Competition;Porsche;
75;2;32;1:31.825;0;;23.257;0;45.834;0;22.734;2;168.9;59:17.036;18:29;0:23.257;0:45.834;0:22.734;254.1;Matthieu VAXIVIÈRE;;LMGTE Am;;Prospeed Competition;Porsche;
75;2;33;1:38.967;0;B;23.215;0;45.481;0;30.271;0;156.7;1:00:56.003;18:30;0:23.215;0:45.481;0:30.271;254.7;Matthieu VAXIVIÈRE;;LMGTE Am;;Prospeed Competition;Porsche;
75;1;34;3:21.714;0;;2:09.825;0;48.784;0;23.105;0;76.9;1:04:17.717;18:34;2:09.825;0:48.784;0:23.105;;Emmanuel COLLARD;0:01:52.406;LMGTE Am;;Prospeed Competition;Porsche;
75;1;35;1:33.147;0;;23.795;0;46.465;0;22.887;0;166.5;1:05:50.864;18:35;0:23.795;0:46.465;0:22.887;254.1;Emmanuel COLLARD;;LMGTE Am;;Prospeed Competition;Porsche;
75;1;36;1:34.262;0;;23.501;0;46.482;0;24.279;0;164.6;1:07:25.126;18:37;0:23.501;0:46.482;0:24.279;255.9;Emmanuel COLLARD;;LMGTE Am;;Prospeed Competition;Porsche;
75;1;37;1:32.591;0;;23.760;0;45.882;0;22.949;0;167.5;1:08:57.717;18:38;0:23.760;0:45.882;0:22.949;252.3;Emmanuel COLLARD;;LMGTE Am;;Prospeed Competition;Porsche;
75;1;38;1:32.460;0;;23.644;0;45.996;0;22.820;1;167.8;1:10:30.177;18:40;0:23.644;0:45.996;0:22.820;254.1;Emmanuel COLLARD;;LMGTE Am;;Prospeed Competition;Porsche;
75;1;39;1:33.272;0;;23.514;0;46.788;0;22.970;0;166.3;1:12:03.449;18:42;0:23.514;0:46.788;0:22.970;254.7;Emmanuel COLLARD;;LMGTE Am;;Prospeed Competition;Porsche;
75;1;40;1:32.534;0;;23.517;0;45.949;0;23.068;0;167.6;1:13:35.983;18:43;0:23.517;0:45.949;0:23.068;253.5;Emmanuel COLLARD;;LMGTE Am;;Prospeed Competition;Porsche;
75;1;41;1:40.639;0;B;23.621;0;45.907;0;31.111;0;154.1;1:15:16.622;18:45;0:23.621;0:45.907;0:31.111;253.5;Emmanuel COLLARD;;LMGTE Am;;Prospeed Competition;Porsche;
75;1;42;4:55.974;0;;3:44.865;0;48.060;0;23.049;0;52.4;1:20:12.596;18:50;3:44.865;0:48.060;0:23.049;;Emmanuel COLLARD;0:03:28.544;LMGTE Am;;Prospeed Competition;Porsche;
75;1;43;1:34.306;0;;23.791;0;47.436;0;23.079;0;164.5;1:21:46.902;18:51;0:23.791;0:47.436;0:23.079;251.7;Emmanuel COLLARD;;LMGTE Am;;Prospeed Competition;Porsche;
75;1;44;1:32.727;0;;23.778;0;45.925;0;23.024;0;167.3;1:23:19.629;18:53;0:23.778;0:45.925;0:23.024;252.9;Emmanuel COLLARD;;LMGTE Am;;Prospeed Competition;Porsche;
75;1;45;1:32.505;0;;23.599;0;45.872;1;23.034;0;167.7;1:24:52.134;18:54;0:23.599;0:45.872;0:23.034;253.5;Emmanuel COLLARD;;LMGTE Am;;Prospeed Competition;Porsche;
75;1;46;1:32.281;0;;23.516;0;45.882;0;22.883;0;168.1;1:26:24.415;18:56;0:23.516;0:45.882;0:22.883;252.9;Emmanuel COLLARD;;LMGTE Am;;Prospeed Competition;Porsche;
75;1;47;1:32.767;0;;23.509;0;46.289;0;22.969;0;167.2;1:27:57.182;18:57;0:23.509;0:46.289;0:22.969;253.5;Emmanuel COLLARD;;LMGTE Am;;Prospeed Competition;Porsche;
75;1;48;1:33.596;0;;23.473;0;47.166;0;22.957;0;165.7;1:29:30.778;18:59;0:23.473;0:47.166;0:22.957;253.5;Emmanuel COLLARD;;LMGTE Am;;Prospeed Competition;Porsche;
75;1;49;1:33.656;0;;23.443;1;47.288;0;22.925;0;165.6;1:31:04.434;19:01;0:23.443;0:47.288;0:22.925;252.3;Emmanuel COLLARD;;LMGTE Am;;Prospeed Competition;Porsche;
8;1;1;1:46.831;0;;42.129;0;44.664;0;20.038;0;145.2;1:46.831;17:31;0:42.129;0:44.664;0:20.038;;Sébastien BUEMI;0:00:07.041;LMP1;H;Toyota Racing;Toyota;
8;1;2;1:21.495;0;;20.852;0;41.077;0;19.566;0;190.3;3:08.326;17:33;0:20.852;0:41.077;0:19.566;279.8;Sébastien BUEMI;;LMP1;H;Toyota Racing;Toyota;
8;1;3;1:20.500;0;;20.528;0;40.631;0;19.341;0;192.7;4:28.826;17:34;0:20.528;0:40.631;0:19.341;282.0;Sébastien BUEMI;;LMP1;H;Toyota Racing;Toyota;
8;1;4;1:20.161;0;;20.392;0;40.397;0;19.372;0;193.5;5:48.987;17:35;0:20.392;0:40.397;0:19.372;281.2;Sébastien BUEMI;;LMP1;H;Toyota Racing;Toyota;
8;1;5;1:21.859;0;;20.169;0;42.113;0;19.577;0;189.5;7:10.846;17:37;0:20.169;0:42.113;0:19.577;289.5;Sébastien BUEMI;;LMP1;H;Toyota Racing;Toyota;
8;1;6;1:20.958;0;;20.671;0;40.930;0;19.357;0;191.6;8:31.804;17:38;0:20.671;0:40.930;0:19.357;288.0;Sébastien BUEMI;;LMP1;H;Toyota Racing;Toyota;
8;1;7;1:20.829;0;;20.127;0;40.927;0;19.775;0;191.9;9:52.633;17:39;0:20.127;0:40.927;0:19.775;288.0;Sébastien BUEMI;;LMP1;H;Toyota Racing;Toyota;
8;1;8;1:20.825;0;;20.286;0;41.156;0;19.383;0;191.9;11:13.458;17:41;0:20.286;0:41.156;0:19.383;289.5;Sébastien BUEMI;;LMP1;H;Toyota Racing;Toyota;
8;1;9;1:20.908;0;;20.324;0;41.182;0;19.402;0;191.7;12:34.366;17:42;0:20.324;0:41.182;0:19.402;288.0;Sébastien BUEMI;;LMP1;H;Toyota Racing;Toyota;
8;1;10;1:19.789;0;;20.199;0;40.107;0;19.483;0;194.4;13:54.155;17:43;0:20.199;0:40.107;0:19.483;290.3;Sébastien BUEMI;;LMP1;H;Toyota Racing;Toyota;
8;1;11;1:19.934;0;;20.131;0;40.267;0;19.536;0;194.1;15:14.089;17:45;0:20.131;0:40.267;0:19.536;290.3;Sébastien BUEMI;;LMP1;H;Toyota Racing;Toyota;
8;1;12;1:20.480;0;;20.174;0;40.892;0;19.414;0;192.7;16:34.569;17:46;0:20.174;0:40.892;0:19.414;288.8;Sébastien BUEMI;;LMP1;H;Toyota Racing;Toyota;
8;1;13;1:22.960;0;;20.183;0;42.653;0;20.124;0;187.0;17:57.529;17:47;0:20.183;0:42.653;0:20.124;290.3;Sébastien BUEMI;;LMP1;H;Toyota Racing;Toyota;
8;1;14;1:20.634;0;;20.735;0;40.477;0;19.422;0;192.4;19:18.163;17:49;0:20.735;0:40.477;0:19.422;280.5;Sébastien BUEMI;;LMP1;H;Toyota Racing;Toyota;
8;1;15;1:19.911;0;;20.148;0;40.387;0;19.376;0;194.1;20:38.074;17:50;0:20.148;0:40.387;0:19.376;288.8;Sébastien BUEMI;;LMP1;H;Toyota Racing;Toyota;
8;1;16;1:19.660;0;;20.105;0;40.173;0;19.382;0;194.7;21:57.734;17:51;0:20.105;0:40.173;0:19.382;290.3;Sébastien BUEMI;;LMP1;H;Toyota Racing;Toyota;
8;1;17;1:21.486;0;;20.550;0;40.676;0;20.260;0;190.4;23:19.220;17:53;0:20.550;0:40.676;0:20.260;290.3;Sébastien BUEMI;;LMP1;H;Toyota Racing;Toyota;
8;1;18;1:20.563;0;;20.377;0;40.652;0;19.534;0;192.5;24:39.783;17:54;0:20.377;0:40.652;0:19.534;287.2;Sébastien BUEMI;;LMP1;H;Toyota Racing;Toyota;
8;1;19;1:21.190;0;;20.862;0;40.690;0;19.638;0;191.1;26:00.973;17:56;0:20.862;0:40.690;0:19.638;288.8;Sébastien BUEMI;;LMP1;H;Toyota Racing;Toyota;
8;1;20;1:20.717;0;;20.987;0;40.426;0;19.304;0;192.2;27:21.690;17:57;0:20.987;0:40.426;0:19.304;290.3;Sébastien BUEMI;;LMP1;H;Toyota Racing;Toyota;
8;1;21;1:20.962;0;;20.400;0;41.178;0;19.384;0;191.6;28:42.652;17:58;0:20.400;0:41.178;0:19.384;285.0;Sébastien BUEMI;;LMP1;H;Toyota Racing;Toyota;
8;1;22;1:21.243;0;;20.244;0;41.507;0;19.492;0;190.9;30:03.895;18:00;0:20.244;0:41.507;0:19.492;285.7;Sébastien BUEMI;;LMP1;H;Toyota Racing;Toyota;
8;1;23;1:21.195;0;;20.379;0;41.366;0;19.450;0;191.1;31:25.090;18:01;0:20.379;0:41.366;0:19.450;285.0;Sébastien BUEMI;;LMP1;H;Toyota Racing;Toyota;
8;1;24;1:22.762;0;;20.852;0;42.297;0;19.613;0;187.4;32:47.852;18:02;0:20.852;0:42.297;0:19.613;281.2;Sébastien BUEMI;;LMP1;H;Toyota Racing;Toyota;
8;1;25;1:20.525;0;;20.337;0;40.737;0;19.451;0;192.6;34:08.377;18:04;0:20.337;0:40.737;0:19.451;295.1;Sébastien BUEMI;;LMP1;H;Toyota Racing;Toyota;
8;1;26;1:20.149;0;;20.130;0;40.593;0;19.426;0;193.5;35:28.526;18:05;0:20.130;0:40.593;0:19.426;288.8;Sébastien BUEMI;;LMP1;H;Toyota Racing;Toyota;
8;1;27;1:19.243;0;;20.054;0;39.916;2;19.273;0;195.8;36:47.769;18:06;0:20.054;0:39.916;0:19.273;289.5;Sébastien BUEMI;;LMP1;H;Toyota Racing;Toyota;
8;1;28;1:20.821;0;;21.374;0;40.151;0;19.296;0;191.9;38:08.590;18:08;0:21.374;0:40.151;0:19.296;291.1;Sébastien BUEMI;;LMP1;H;Toyota Racing;Toyota;
8;1;29;1:19.239;2;;20.110;0;39.925;0;19.204;2;195.8;39:27.829;18:09;0:20.110;0:39.925;0:19.204;282.0;Sébastien BUEMI;;LMP1;H;Toyota Racing;Toyota;
8;1;30;1:19.535;0;;20.084;0;40.151;0;19.300;0;195.0;40:47.364;18:10;0:20.084;0:40.151;0:19.300;285.0;Sébastien BUEMI;;LMP1;H;Toyota Racing;Toyota;
8;1;31;1:19.516;0;;20.220;0;39.946;0;19.350;0;195.1;42:06.880;18:12;0:20.220;0:39.946;0:19.350;282.7;Sébastien BUEMI;;LMP1;H;Toyota Racing;Toyota;
8;1;32;1:19.579;0;;20.164;0;40.064;0;19.351;0;194.9;43:26.459;18:13;0:20.164;0:40.064;0:19.351;285.0;Sébastien BUEMI;;LMP1;H;Toyota Racing;Toyota;
8;1;33;1:21.079;0;;20.200;0;40.446;0;20.433;0;191.3;44:47.538;18:14;0:20.200;0:40.446;0:20.433;285.0;Sébastien BUEMI;;LMP1;H;Toyota Racing;Toyota;
8;1;34;1:21.976;0;;21.181;0;41.186;0;19.609;0;189.2;46:09.514;18:16;0:21.181;0:41.186;0:19.609;279.1;Sébastien BUEMI;;LMP1;H;Toyota Racing;Toyota;
8;1;35;1:20.114;0;;20.474;0;40.339;0;19.301;0;193.6;47:29.628;18:17;0:20.474;0:40.339;0:19.301;285.7;Sébastien BUEMI;;LMP1;H;Toyota Racing;Toyota;
8;1;36;1:20.667;0;;20.254;0;40.990;0;19.423;0;192.3;48:50.295;18:18;0:20.254;0:40.990;0:19.423;285.7;Sébastien BUEMI;;LMP1;H;Toyota Racing;Toyota;
8;1;37;1:19.970;0;;20.293;0;40.367;0;19.310;0;194.0;50:10.265;18:20;0:20.293;0:40.367;0:19.310;285.0;Sébastien BUEMI;;LMP1;H;Toyota Racing;Toyota;
8;1;38;1:27.162;0;B;20.013;2;40.499;0;26.650;0;178.0;51:37.427;18:21;0:20.013;0:40.499;0:26.650;286.5;Sébastien BUEMI;;LMP1;H;Toyota Racing;Toyota;
8;1;39;2:27.185;0;;1:26.314;0;40.843;0;20.028;0;105.4;54:04.612;18:24;1:26.314;0:40.843;0:20.028;;Sébastien BUEMI;0:01:12.734;LMP1;H;Toyota Racing;Toyota;
8;1;40;1:20.489;0;;20.216;0;40.628;0;19.645;0;192.7;55:25.101;18:25;0:20.216;0:40.628;0:19.645;282.0;Sébastien BUEMI;;LMP1;H;Toyota Racing;Toyota;
8;1;41;1:20.543;0;;20.197;0;40.351;0;19.995;0;192.6;56:45.644;18:26;0:20.197;0:40.351;0:19.995;282.7;Sébastien BUEMI;;LMP1;H;Toyota Racing;Toyota;
8;1;42;1:19.940;0;;20.202;0;40.282;0;19.456;0;194.1;58:05.584;18:28;0:20.202;0:40.282;0:19.456;282.0;Sébastien BUEMI;;LMP1;H;Toyota Racing;Toyota;
8;1;43;1:30.645;0;B;20.710;0;42.956;0;26.979;0;171.1;59:36.229;18:29;0:20.710;0:42.956;0:26.979;293.5;Sébastien BUEMI;;LMP1;H;Toyota Racing;Toyota;
8;0;44;2:49.838;0;;1:48.145;0;41.767;0;19.926;0;91.3;1:02:26.067;18:32;1:48.145;0:41.767;0:19.926;;Anthony DAVIDSON;0:01:31.169;LMP1;H;Toyota Racing;Toyota;
8;0;45;1:20.269;0;;20.395;0;40.351;0;19.523;0;193.3;1:03:46.336;18:33;0:20.395;0:40.351;0:19.523;279.8;Anthony DAVIDSON;;LMP1;H;Toyota Racing;Toyota;
8;0;46;1:21.097;0;;20.431;0;41.002;0;19.664;0;191.3;1:05:07.433;18:35;0:20.431;0:41.002;0:19.664;284.2;Anthony DAVIDSON;;LMP1;H;Toyota Racing;Toyota;
8;0;47;1:20.101;0;;20.286;0;40.324;1;19.491;0;193.7;1:06:27.534;18:36;0:20.286;0:40.324;0:19.491;282.0;Anthony DAVIDSON;;LMP1;H;Toyota Racing;Toyota;
8;0;48;1:20.913;0;;20.605;0;40.600;0;19.708;0;191.7;1:07:48.447;18:37;0:20.605;0:40.600;0:19.708;281.2;Anthony DAVIDSON;;LMP1;H;Toyota Racing;Toyota;
8;0;49;1:20.427;0;;20.384;0;40.423;0;19.620;0;192.9;1:09:08.874;18:39;0:20.384;0:40.423;0:19.620;281.2;Anthony DAVIDSON;;LMP1;H;Toyota Racing;Toyota;
8;0;50;1:26.987;0;B;20.571;0;40.330;0;26.086;0;178.3;1:10:35.861;18:40;0:20.571;0:40.330;0:26.086;291.9;Anthony DAVIDSON;;LMP1;H;Toyota Racing;Toyota;
8;0;51;6:30.974;0;;5:30.139;0;41.372;0;19.463;0;39.7;1:17:06.835;18:47;5:30.139;0:41.372;0:19.463;;Anthony DAVIDSON;0:05:16.695;LMP1;H;Toyota Racing;Toyota;
8;0;52;1:21.297;0;;21.022;0;40.822;0;19.453;0;190.8;1:18:28.132;18:48;0:21.022;0:40.822;0:19.453;278.4;Anthony DAVIDSON;;LMP1;H;Toyota Racing;Toyota;
8;0;53;1:20.408;0;;20.379;0;40.604;0;19.425;1;192.9;1:19:48.540;18:49;0:20.379;0:40.604;0:19.425;278.4;Anthony DAVIDSON;;LMP1;H;Toyota Racing;Toyota;
8;0;54;1:21.337;0;;20.452;0;41.419;0;19.466;0;190.7;1:21:09.877;18:51;0:20.452;0:41.419;0:19.466;280.5;Anthony DAVIDSON;;LMP1;H;Toyota Racing;Toyota;
8;0;55;1:20.849;0;;20.548;0;40.834;0;19.467;0;191.9;1:22:30.726;18:52;0:20.548;0:40.834;0:19.467;281.2;Anthony DAVIDSON;;LMP1;H;Toyota Racing;Toyota;
8;0;56;1:20.975;0;;20.318;0;40.912;0;19.745;0;191.6;1:23:51.701;18:53;0:20.318;0:40.912;0:19.745;283.5;Anthony DAVIDSON;;LMP1;H;Toyota Racing;Toyota;
8;0;57;1:20.969;0;;20.510;0;40.862;0;19.597;0;191.6;1:25:12.670;18:55;0:20.510;0:40.862;0:19.597;283.5;Anthony DAVIDSON;;LMP1;H;Toyota Racing;Toyota;
8;0;58;1:20.476;0;;20.307;0;40.620;0;19.549;0;192.8;1:26:33.146;18:56;0:20.307;0:40.620;0:19.549;282.7;Anthony DAVIDSON;;LMP1;H;Toyota Racing;Toyota;
8;0;59;1:21.017;0;;20.534;0;40.748;0;19.735;0;191.5;1:27:54.163;18:57;0:20.534;0:40.748;0:19.735;283.5;Anthony DAVIDSON;;LMP1;H;Toyota Racing;Toyota;
8;0;60;1:22.390;0;;20.975;0;41.889;0;19.526;0;188.3;1:29:16.553;18:59;0:20.975;0:41.889;0:19.526;286.5;Anthony DAVIDSON;;LMP1;H;Toyota Racing;Toyota;
8;0;61;1:20.191;0;;20.282;1;40.362;0;19.547;0;193.4;1:30:36.744;19:00;0:20.282;0:40.362;0:19.547;281.2;Anthony DAVIDSON;;LMP1;H;Toyota Racing;Toyota;
81;0;1;3:20.040;0;;2:01.873;0;54.306;0;23.861;0;77.5;3:20.040;17:33;2:01.873;0:54.306;0:23.861;;Stephen WYATT;0:01:36.104;LMGTE Am;;AF Corse;Ferrari;
81;0;2;1:37.356;0;;25.131;0;49.036;0;23.189;0;159.3;4:57.396;17:34;0:25.131;0:49.036;0:23.189;249.4;Stephen WYATT;;LMGTE Am;;AF Corse;Ferrari;
81;0;3;1:35.016;0;;24.237;0;47.792;0;22.987;0;163.3;6:32.412;17:36;0:24.237;0:47.792;0:22.987;250.6;Stephen WYATT;;LMGTE Am;;AF Corse;Ferrari;
81;0;4;1:34.802;0;;24.173;0;47.635;0;22.994;0;163.6;8:07.214;17:38;0:24.173;0:47.635;0:22.994;251.7;Stephen WYATT;;LMGTE Am;;AF Corse;Ferrari;
81;0;5;1:43.799;0;B;23.836;1;47.086;0;32.877;0;149.4;9:51.013;17:39;0:23.836;0:47.086;0:32.877;254.1;Stephen WYATT;;LMGTE Am;;AF Corse;Ferrari;
81;0;6;3:23.966;0;;2:12.428;0;48.360;0;23.178;0;76.1;13:14.979;17:43;2:12.428;0:48.360;0:23.178;;Stephen WYATT;0:01:51.474;LMGTE Am;;AF Corse;Ferrari;
81;0;7;1:34.358;0;;24.052;0;47.265;0;23.041;0;164.4;14:49.337;17:44;0:24.052;0:47.265;0:23.041;251.2;Stephen WYATT;;LMGTE Am;;AF Corse;Ferrari;
81;0;8;1:34.565;0;;24.096;0;47.305;0;23.164;0;164.0;16:23.902;17:46;0:24.096;0:47.305;0:23.164;250.6;Stephen WYATT;;LMGTE Am;;AF Corse;Ferrari;
81;0;9;1:34.607;0;;23.916;0;47.569;0;23.122;0;164.0;17:58.509;17:47;0:23.916;0:47.569;0:23.122;250.0;Stephen WYATT;;LMGTE Am;;AF Corse;Ferrari;
81;0;10;1:33.833;0;;23.981;0;46.918;0;22.934;1;165.3;19:32.342;17:49;0:23.981;0:46.918;0:22.934;251.7;Stephen WYATT;;LMGTE Am;;AF Corse;Ferrari;
81;0;11;1:33.801;0;;23.907;0;46.880;1;23.014;0;165.4;21:06.143;17:51;0:23.907;0:46.880;0:23.014;251.2;Stephen WYATT;;LMGTE Am;;AF Corse;Ferrari;
81;0;12;1:34.928;0;;24.016;0;47.838;0;23.074;0;163.4;22:41.071;17:52;0:24.016;0:47.838;0:23.074;254.1;Stephen WYATT;;LMGTE Am;;AF Corse;Ferrari;
81;0;13;1:51.346;0;B;24.020;0;49.754;0;37.572;0;139.3;24:32.417;17:54;0:24.020;0:49.754;0:37.572;252.3;Stephen WYATT;;LMGTE Am;;AF Corse;Ferrari;
81;2;14;4:27.027;0;;3:09.976;0;53.645;0;23.406;0;58.1;28:59.444;17:58;3:09.976;0:53.645;0:23.406;;Andrea BERTOLINI;0:02:50.660;LMGTE Am;;AF Corse;Ferrari;
81;2;15;1:32.937;0;;23.836;0;46.224;0;22.877;0;166.9;30:32.381;18:00;0:23.836;0:46.224;0:22.877;250.6;Andrea BERTOLINI;;LMGTE Am;;AF Corse;Ferrari;
81;2;16;1:32.026;0;;23.563;0;45.775;0;22.688;0;168.6;32:04.407;18:02;0:23.563;0:45.775;0:22.688;251.2;Andrea BERTOLINI;;LMGTE Am;;AF Corse;Ferrari;
81;2;17;1:31.503;0;;23.355;0;45.422;0;22.726;0;169.5;33:35.910;18:03;0:23.355;0:45.422;0:22.726;251.7;Andrea BERTOLINI;;LMGTE Am;;AF Corse;Ferrari;
81;2;18;1:31.151;2;;23.247;0;45.255;2;22.649;2;170.2;35:07.061;18:05;0:23.247;0:45.255;0:22.649;251.7;Andrea BERTOLINI;;LMGTE Am;;AF Corse;Ferrari;
81;2;19;1:40.391;0;B;23.383;0;46.245;0;30.763;0;154.5;36:47.452;18:06;0:23.383;0:46.245;0:30.763;251.7;Andrea BERTOLINI;;LMGTE Am;;AF Corse;Ferrari;
81;2;20;3:09.994;0;;1:59.162;0;47.755;0;23.077;0;81.6;39:57.446;18:09;1:59.162;0:47.755;0:23.077;;Andrea BERTOLINI;0:01:42.428;LMGTE Am;;AF Corse;Ferrari;
81;2;21;1:32.997;0;;23.624;0;46.015;0;23.358;0;166.8;41:30.443;18:11;0:23.624;0:46.015;0:23.358;248.8;Andrea BERTOLINI;;LMGTE Am;;AF Corse;Ferrari;
81;2;22;1:32.699;0;;23.491;0;45.735;0;23.473;0;167.3;43:03.142;18:13;0:23.491;0:45.735;0:23.473;250.6;Andrea BERTOLINI;;LMGTE Am;;AF Corse;Ferrari;
81;2;23;1:32.108;0;;24.049;0;45.304;0;22.755;0;168.4;44:35.250;18:14;0:24.049;0:45.304;0:22.755;251.2;Andrea BERTOLINI;;LMGTE Am;;AF Corse;Ferrari;
81;2;24;1:32.030;0;;23.339;0;45.761;0;22.930;0;168.6;46:07.280;18:16;0:23.339;0:45.761;0:22.930;250.6;Andrea BERTOLINI;;LMGTE Am;;AF Corse;Ferrari;
81;2;25;1:32.603;0;;23.276;0;46.250;0;23.077;0;167.5;47:39.883;18:17;0:23.276;0:46.250;0:23.077;251.2;Andrea BERTOLINI;;LMGTE Am;;AF Corse;Ferrari;
81;2;26;1:32.447;0;;23.235;0;45.404;0;23.808;0;167.8;49:12.330;18:19;0:23.235;0:45.404;0:23.808;251.2;Andrea BERTOLINI;;LMGTE Am;;AF Corse;Ferrari;
81;2;27;1:33.193;0;;23.364;0;46.929;0;22.900;0;166.5;50:45.523;18:20;0:23.364;0:46.929;0:22.900;251.2;Andrea BERTOLINI;;LMGTE Am;;AF Corse;Ferrari;
81;2;28;1:39.994;0;B;23.100;2;46.773;0;30.121;0;155.1;52:25.517;18:22;0:23.100;0:46.773;0:30.121;250.6;Andrea BERTOLINI;;LMGTE Am;;AF Corse;Ferrari;
81;1;29;3:59.605;0;;2:47.188;0;49.548;0;22.869;0;64.7;56:25.122;18:26;2:47.188;0:49.548;0:22.869;;Michele RUGOLO;0:02:30.659;LMGTE Am;;AF Corse;Ferrari;
81;1;30;1:41.349;0;;23.653;0;50.761;0;26.935;0;153.1;58:06.471;18:28;0:23.653;0:50.761;0:26.935;251.7;Michele RUGOLO;;LMGTE Am;;AF Corse;Ferrari;
81;1;31;1:40.121;0;;23.715;0;53.510;0;22.896;0;154.9;59:46.592;18:29;0:23.715;0:53.510;0:22.896;250.0;Michele RUGOLO;;LMGTE Am;;AF Corse;Ferrari;
81;1;32;1:32.397;0;;23.582;0;45.882;0;22.933;0;167.9;1:01:18.989;18:31;0:23.582;0:45.882;0:22.933;250.6;Michele RUGOLO;;LMGTE Am;;AF Corse;Ferrari;
81;1;33;1:31.941;0;;23.262;0;45.907;0;22.772;0;168.7;1:02:50.930;18:32;0:23.262;0:45.907;0:22.772;253.5;Michele RUGOLO;;LMGTE Am;;AF Corse;Ferrari;
81;1;34;1:32.677;0;;23.303;0;46.352;0;23.022;0;167.4;1:04:23.607;18:34;0:23.303;0:46.352;0:23.022;252.9;Michele RUGOLO;;LMGTE Am;;AF Corse;Ferrari;
81;1;35;1:34.053;0;;24.570;0;46.794;0;22.689;1;164.9;1:05:57.660;18:35;0:24.570;0:46.794;0:22.689;252.9;Michele RUGOLO;;LMGTE Am;;AF Corse;Ferrari;
81;1;36;1:33.382;0;;23.183;0;45.534;0;24.665;0;166.1;1:07:31.042;18:37;0:23.183;0:45.534;0:24.665;255.3;Michele RUGOLO;;LMGTE Am;;AF Corse;Ferrari;
81;1;37;1:35.976;0;;24.315;0;48.619;0;23.042;0;161.6;1:09:07.018;18:39;0:24.315;0:48.619;0:23.042;251.2;Michele RUGOLO;;LMGTE Am;;AF Corse;Ferrari;
81;1;38;1:34.503;0;;23.512;0;48.152;0;22.839;0;164.1;1:10:41.521;18:40;0:23.512;0:48.152;0:22.839;251.2;Michele RUGOLO;;LMGTE Am;;AF Corse;Ferrari;
81;1;39;1:31.652;0;;23.322;0;45.507;0;22.823;0;169.3;1:12:13.173;18:42;0:23.322;0:45.507;0:22.823;251.7;Michele RUGOLO;;LMGTE Am;;AF Corse;Ferrari;
81;1;40;1:31.758;0;;23.206;0;45.682;0;22.870;0;169.1;1:13:44.931;18:43;0:23.206;0:45.682;0:22.870;252.3;Michele RUGOLO;;LMGTE Am;;AF Corse;Ferrari;
81;1;41;1:33.271;0;;23.250;0;47.105;0;22.916;0;166.3;1:15:18.202;18:45;0:23.250;0:47.105;0:22.916;251.7;Michele RUGOLO;;LMGTE Am;;AF Corse;Ferrari;
81;1;42;1:38.626;0;B;23.131;1;45.462;1;30.033;0;157.3;1:16:56.828;18:46;0:23.131;0:45.462;0:30.033;252.9;Michele RUGOLO;;LMGTE Am;;AF Corse;Ferrari;
81;1;43;3:46.323;0;;2:32.180;0;50.715;0;23.428;0;68.5;1:20:43.151;18:50;2:32.180;0:50.715;0:23.428;;Michele RUGOLO;0:02:13.327;LMGTE Am;;AF Corse;Ferrari;
81;1;44;1:36.208;0;;24.317;0;48.259;0;23.632;0;161.2;1:22:19.359;18:52;0:24.317;0:48.259;0:23.632;252.3;Michele RUGOLO;;LMGTE Am;;AF Corse;Ferrari;
81;1;45;1:36.143;0;;24.505;0;48.221;0;23.417;0;161.3;1:23:55.502;18:53;0:24.505;0:48.221;0:23.417;246.0;Michele RUGOLO;;LMGTE Am;;AF Corse;Ferrari;
81;1;46;1:35.402;0;;24.448;0;47.811;0;23.143;0;162.6;1:25:30.904;18:55;0:24.448;0:47.811;0:23.143;248.3;Michele RUGOLO;;LMGTE Am;;AF Corse;Ferrari;
81;1;47;1:34.825;0;;24.318;0;47.437;0;23.070;0;163.6;1:27:05.729;18:57;0:24.318;0:47.437;0:23.070;249.4;Michele RUGOLO;;LMGTE Am;;AF Corse;Ferrari;
81;1;48;1:35.674;0;;24.319;0;47.868;0;23.487;0;162.1;1:28:41.403;18:58;0:24.319;0:47.868;0:23.487;249.4;Michele RUGOLO;;LMGTE Am;;AF Corse;Ferrari;
81;1;49;1:35.742;0;;24.520;0;48.042;0;23.180;0;162.0;1:30:17.145;19:00;0:24.520;0:48.042;0:23.180;248.8;Michele RUGOLO;;LMGTE Am;;AF Corse;Ferrari;
88;1;1;2:11.670;0;;56.743;0;51.519;0;23.408;0;117.8;2:11.670;17:32;0:56.743;0:51.519;0:23.408;;Klaus BACHLER;0:00:29.680;LMGTE Am;;Proton Competition;Porsche;
88;1;2;1:35.753;0;;24.922;0;47.916;0;22.915;0;162.0;3:47.423;17:33;0:24.922;0:47.916;0:22.915;252.9;Klaus BACHLER;;LMGTE Am;;Proton Competition;Porsche;
88;1;3;1:32.472;0;;23.654;0;46.129;0;22.689;0;167.8;5:19.895;17:35;0:23.654;0:46.129;0:22.689;254.1;Klaus BACHLER;;LMGTE Am;;Proton Competition;Porsche;
88;1;4;1:32.363;0;;23.528;0;46.134;0;22.701;0;168.0;6:52.258;17:36;0:23.528;0:46.134;0:22.701;255.9;Klaus BACHLER;;LMGTE Am;;Proton Competition;Porsche;
88;1;5;1:32.525;0;;23.599;0;46.222;0;22.704;0;167.7;8:24.783;17:38;0:23.599;0:46.222;0:22.704;255.3;Klaus BACHLER;;LMGTE Am;;Proton Competition;Porsche;
88;1;6;1:40.920;0;B;23.272;0;46.963;0;30.685;0;153.7;10:05.703;17:40;0:23.272;0:46.963;0:30.685;257.1;Klaus BACHLER;;LMGTE Am;;Proton Competition;Porsche;
88;1;7;3:17.062;0;;2:06.391;0;47.927;0;22.744;0;78.7;13:22.765;17:43;2:06.391;0:47.927;0:22.744;;Klaus BACHLER;0:01:50.201;LMGTE Am;;Proton Competition;Porsche;
88;1;8;1:32.411;0;;23.477;0;46.287;0;22.647;0;167.9;14:55.176;17:44;0:23.477;0:46.287;0:22.647;253.5;Klaus BACHLER;;LMGTE Am;;Proton Competition;Porsche;
88;1;9;1:31.924;0;;23.573;0;45.709;0;22.642;0;168.8;16:27.100;17:46;0:23.573;0:45.709;0:22.642;254.7;Klaus BACHLER;;LMGTE Am;;Proton Competition;Porsche;
88;1;10;1:34.614;0;;24.403;0;47.556;0;22.655;0;164.0;18:01.714;17:48;0:24.403;0:47.556;0:22.655;257.8;Klaus BACHLER;;LMGTE Am;;Proton Competition;Porsche;
88;1;11;1:31.892;0;;23.366;0;45.591;0;22.935;0;168.8;19:33.606;17:49;0:23.366;0:45.591;0:22.935;256.5;Klaus BACHLER;;LMGTE Am;;Proton Competition;Porsche;
88;1;12;1:43.084;0;B;23.434;0;48.250;0;31.400;0;150.5;21:16.690;17:51;0:23.434;0:48.250;0:31.400;255.9;Klaus BACHLER;;LMGTE Am;;Proton Competition;Porsche;
88;1;13;2:55.304;0;;1:42.660;0;49.209;0;23.435;0;88.5;24:11.994;17:54;1:42.660;0:49.209;0:23.435;;Klaus BACHLER;0:01:25.184;LMGTE Am;;Proton Competition;Porsche;
88;1;14;1:31.979;0;;23.820;0;45.305;0;22.854;0;168.7;25:43.973;17:55;0:23.820;0:45.305;0:22.854;253.5;Klaus BACHLER;;LMGTE Am;;Proton Competition;Porsche;
88;1;15;1:31.302;2;;23.488;0;45.223;2;22.591;2;169.9;27:15.275;17:57;0:23.488;0:45.223;0:22.591;254.1;Klaus BACHLER;;LMGTE Am;;Proton Competition;Porsche;
88;1;16;1:31.565;0;;23.097;2;45.857;0;22.611;0;169.4;28:46.840;17:58;0:23.097;0:45.857;0:22.611;255.3;Klaus BACHLER;;LMGTE Am;;Proton Competition;Porsche;
88;1;17;1:41.604;0;B;23.327;0;45.332;0;32.945;0;152.7;30:28.444;18:00;0:23.327;0:45.332;0:32.945;257.1;Klaus BACHLER;;LMGTE Am;;Proton Competition;Porsche;
88;0;18;6:18.360;0;;5:05.276;0;48.474;0;24.610;0;41.0;36:46.804;18:06;5:05.276;0:48.474;0:24.610;;Christian RIED;0:04:48.353;LMGTE Am;;Proton Competition;Porsche;
88;0;19;1:37.814;0;;25.311;0;49.149;0;23.354;0;158.6;38:24.618;18:08;0:25.311;0:49.149;0:23.354;250.6;Christian RIED;;LMGTE Am;;Proton Competition;Porsche;
88;0;20;1:34.949;0;;24.349;0;47.540;0;23.060;0;163.4;39:59.567;18:09;0:24.349;0:47.540;0:23.060;250.6;Christian RIED;;LMGTE Am;;Proton Competition;Porsche;
88;0;21;1:34.424;0;;24.433;0;46.719;0;23.272;0;164.3;41:33.991;18:11;0:24.433;0:46.719;0:23.272;250.6;Christian RIED;;LMGTE Am;;Proton Competition;Porsche;
88;0;22;1:36.222;0;;23.855;0;48.427;0;23.940;0;161.2;43:10.213;18:13;0:23.855;0:48.427;0:23.940;255.3;Christian RIED;;LMGTE Am;;Proton Competition;Porsche;
88;0;23;1:36.309;0;;24.551;0;48.904;0;22.854;0;161.1;44:46.522;18:14;0:24.551;0:48.904;0:22.854;254.1;Christian RIED;;LMGTE Am;;Proton Competition;Porsche;
88;0;24;1:33.409;0;;23.949;0;46.537;0;22.923;0;166.1;46:19.931;18:16;0:23.949;0:46.537;0:22.923;254.7;Christian RIED;;LMGTE Am;;Proton Competition;Porsche;
88;0;25;1:33.857;0;;23.817;1;46.543;0;23.497;0;165.3;47:53.788;18:17;0:23.817;0:46.543;0:23.497;253.5;Christian RIED;;LMGTE Am;;Proton Competition;Porsche;
88;0;26;1:33.382;0;;23.983;0;46.547;0;22.852;1;166.1;49:27.170;18:19;0:23.983;0:46.547;0:22.852;242.7;Christian RIED;;LMGTE Am;;Proton Competition;Porsche;
88;0;27;1:33.292;0;;23.849;0;46.528;1;22.915;0;166.3;51:00.462;18:21;0:23.849;0:46.528;0:22.915;255.3;Christian RIED;;LMGTE Am;;Proton Competition;Porsche;
88;0;28;1:33.362;0;;23.827;0;46.648;0;22.887;0;166.2;52:33.824;18:22;0:23.827;0:46.648;0:22.887;253.5;Christian RIED;;LMGTE Am;;Proton Competition;Porsche;
88;0;29;1:41.860;0;B;23.848;0;46.569;0;31.443;0;152.3;54:15.684;18:24;0:23.848;0:46.569;0:31.443;254.7;Christian RIED;;LMGTE Am;;Proton Competition;Porsche;
88;2;30;3:47.235;0;;2:34.037;0;50.013;0;23.185;0;68.3;58:02.919;18:28;2:34.037;0:50.013;0:23.185;;Khaled AL QUBAISI;0:02:15.987;LMGTE Am;;Proton Competition;Porsche;
88;2;31;1:38.739;0;;24.517;0;50.591;0;23.631;0;157.1;59:41.658;18:29;0:24.517;0:50.591;0:23.631;255.3;Khaled AL QUBAISI;;LMGTE Am;;Proton Competition;Porsche;
88;2;32;1:36.089;0;;24.344;0;48.429;0;23.316;0;161.4;1:01:17.747;18:31;0:24.344;0:48.429;0:23.316;252.9;Khaled AL QUBAISI;;LMGTE Am;;Proton Competition;Porsche;
88;2;33;1:36.795;0;;24.444;0;48.570;0;23.781;0;160.3;1:02:54.542;18:32;0:24.444;0:48.570;0:23.781;254.1;Khaled AL QUBAISI;;LMGTE Am;;Proton Competition;Porsche;
88;2;34;1:34.025;0;;23.939;0;47.118;0;22.968;0;165.0;1:04:28.567;18:34;0:23.939;0:47.118;0:22.968;254.7;Khaled AL QUBAISI;;LMGTE Am;;Proton Competition;Porsche;
88;2;35;1:33.480;0;;23.718;1;46.784;0;22.978;0;165.9;1:06:02.047;18:36;0:23.718;0:46.784;0:22.978;255.3;Khaled AL QUBAISI;;LMGTE Am;;Proton Competition;Porsche;
88;2;36;1:34.655;0;;23.735;0;47.828;0;23.092;0;163.9;1:07:36.702;18:37;0:23.735;0:47.828;0:23.092;255.9;Khaled AL QUBAISI;;LMGTE Am;;Proton Competition;Porsche;
88;2;37;1:35.611;0;;24.081;0;48.458;0;23.072;0;162.2;1:09:12.313;18:39;0:24.081;0:48.458;0:23.072;255.3;Khaled AL QUBAISI;;LMGTE Am;;Proton Competition;Porsche;
88;2;38;1:33.819;0;;23.936;0;46.856;0;23.027;0;165.3;1:10:46.132;18:40;0:23.936;0:46.856;0:23.027;254.7;Khaled AL QUBAISI;;LMGTE Am;;Proton Competition;Porsche;
88;2;39;1:33.721;0;;23.760;0;46.594;1;23.367;0;165.5;1:12:19.853;18:42;0:23.760;0:46.594;0:23.367;254.7;Khaled AL QUBAISI;;LMGTE Am;;Proton Competition;Porsche;
88;2;40;1:34.714;0;;23.867;0;47.319;0;23.528;0;163.8;1:13:54.567;18:43;0:23.867;0:47.319;0:23.528;252.9;Khaled AL QUBAISI;;LMGTE Am;;Proton Competition;Porsche;
88;2;41;1:34.544;0;;23.853;0;47.506;0;23.185;0;164.1;1:15:29.111;18:45;0:23.853;0:47.506;0:23.185;252.3;Khaled AL QUBAISI;;LMGTE Am;;Proton Competition;Porsche;
88;2;42;1:34.171;0;;23.812;0;47.283;0;23.076;0;164.7;1:17:03.282;18:47;0:23.812;0:47.283;0:23.076;254.7;Khaled AL QUBAISI;;LMGTE Am;;Proton Competition;Porsche;
88;2;43;1:36.729;0;;23.997;0;49.119;0;23.613;0;160.4;1:18:40.011;18:48;0:23.997;0:49.119;0:23.613;254.1;Khaled AL QUBAISI;;LMGTE Am;;Proton Competition;Porsche;
88;2;44;1:35.155;0;;24.377;0;47.518;0;23.260;0;163.0;1:20:15.166;18:50;0:24.377;0:47.518;0:23.260;251.7;Khaled AL QUBAISI;;LMGTE Am;;Proton Competition;Porsche;
88;2;45;1:36.513;0;;24.297;0;49.109;0;23.107;0;160.7;1:21:51.679;18:51;0:24.297;0:49.109;0:23.107;255.3;Khaled AL QUBAISI;;LMGTE Am;;Proton Competition;Porsche;
88;2;46;1:34.261;0;;23.819;0;47.536;0;22.906;1;164.6;1:23:25.940;18:53;0:23.819;0:47.536;0:22.906;254.1;Khaled AL QUBAISI;;LMGTE Am;;Proton Competition;Porsche;
88;2;47;1:33.763;0;;23.973;0;46.750;0;23.040;0;165.4;1:24:59.703;18:54;0:23.973;0:46.750;0:23.040;253.5;Khaled AL QUBAISI;;LMGTE Am;;Proton Competition;Porsche;
88;2;48;1:33.904;0;;24.038;0;46.790;0;23.076;0;165.2;1:26:33.607;18:56;0:24.038;0:46.790;0:23.076;257.1;Khaled AL QUBAISI;;LMGTE Am;;Proton Competition;Porsche;
88;2;49;1:34.058;0;;24.130;0;46.672;0;23.256;0;164.9;1:28:07.665;18:58;0:24.130;0:46.672;0:23.256;255.3;Khaled AL QUBAISI;;LMGTE Am;;Proton Competition;Porsche;
88;2;50;1:33.895;0;;24.004;0;46.740;0;23.151;0;165.2;1:29:41.560;18:59;0:24.004;0:46.740;0:23.151;252.3;Khaled AL QUBAISI;;LMGTE Am;;Proton Competition;Porsche;
88;2;51;1:39.905;0;B;23.877;0;46.927;0;29.101;0;155.3;1:31:21.465;19:01;0:23.877;0:46.927;0:29.101;252.3;Khaled AL QUBAISI;;LMGTE Am;;Proton Competition;Porsche;
9;0;1;1:58.601;0;;48.078;0;49.472;0;21.051;0;130.8;1:58.601;17:31;0:48.078;0:49.472;0:21.051;;Pierre KAFFER;0:00:17.350;LMP1;L;Lotus;CLM;
9;0;2;1:27.667;0;;22.185;0;44.957;0;20.525;0;176.9;3:26.268;17:33;0:22.185;0:44.957;0:20.525;283.5;Pierre KAFFER;;LMP1;L;Lotus;CLM;
9;0;3;1:26.335;0;;22.099;0;43.892;0;20.344;0;179.7;4:52.603;17:34;0:22.099;0:43.892;0:20.344;287.2;Pierre KAFFER;;LMP1;L;Lotus;CLM;
9;0;4;1:25.158;0;;21.552;0;43.376;0;20.230;0;182.2;6:17.761;17:36;0:21.552;0:43.376;0:20.230;288.8;Pierre KAFFER;;LMP1;L;Lotus;CLM;
9;0;5;1:24.060;0;;21.164;0;42.811;0;20.085;0;184.5;7:41.821;17:37;0:21.164;0:42.811;0:20.085;289.5;Pierre KAFFER;;LMP1;L;Lotus;CLM;
9;0;6;1:23.662;0;;21.388;0;42.213;0;20.061;0;185.4;9:05.483;17:39;0:21.388;0:42.213;0:20.061;289.5;Pierre KAFFER;;LMP1;L;Lotus;CLM;
9;0;7;1:23.831;0;;21.330;0;42.239;0;20.262;0;185.0;10:29.314;17:40;0:21.330;0:42.239;0:20.262;289.5;Pierre KAFFER;;LMP1;L;Lotus;CLM;
9;0;8;1:23.671;0;;21.315;0;42.222;0;20.134;0;185.4;11:52.985;17:41;0:21.315;0:42.222;0:20.134;288.8;Pierre KAFFER;;LMP1;L;Lotus;CLM;
9;0;9;1:33.701;0;B;21.208;0;44.195;0;28.298;0;165.6;13:26.686;17:43;0:21.208;0:44.195;0:28.298;290.3;Pierre KAFFER;;LMP1;L;Lotus;CLM;
9;1;10;7:43.636;0;;6:36.828;0;46.227;0;20.581;0;33.5;21:10.322;17:51;6:36.828;0:46.227;0:20.581;;Lucas AUER;0:06:19.531;LMP1;L;Lotus;CLM;
9;1;11;1:27.307;0;;21.772;0;44.987;0;20.548;0;177.7;22:37.629;17:52;0:21.772;0:44.987;0:20.548;287.2;Lucas AUER;;LMP1;L;Lotus;CLM;
9;1;12;1:31.150;0;;22.223;0;47.832;0;21.095;0;170.2;24:08.779;17:54;0:22.223;0:47.832;0:21.095;287.2;Lucas AUER;;LMP1;L;Lotus;CLM;
9;1;13;1:25.357;0;;21.978;0;43.085;0;20.294;0;181.7;25:34.136;17:55;0:21.978;0:43.085;0:20.294;286.5;Lucas AUER;;LMP1;L;Lotus;CLM;
9;1;14;1:25.012;0;;21.386;0;43.495;0;20.131;0;182.5;26:59.148;17:56;0:21.386;0:43.495;0:20.131;289.5;Lucas AUER;;LMP1;L;Lotus;CLM;
9;1;15;1:28.679;0;;21.352;0;45.016;0;22.311;0;174.9;28:27.827;17:58;0:21.352;0:45.016;0:22.311;288.0;Lucas AUER;;LMP1;L;Lotus;CLM;
9;1;16;1:23.968;0;;21.084;0;42.545;0;20.339;0;184.7;29:51.795;17:59;0:21.084;0:42.545;0:20.339;285.7;Lucas AUER;;LMP1;L;Lotus;CLM;
9;1;17;1:34.085;0;B;21.196;0;43.190;0;29.699;0;164.9;31:25.880;18:01;0:21.196;0:43.190;0:29.699;289.5;Lucas AUER;;LMP1;L;Lotus;CLM;
9;1;18;8:34.822;0;;7:30.042;0;44.360;0;20.420;0;30.1;40:00.702;18:10;7:30.042;0:44.360;0:20.420;;Lucas AUER;0:07:13.795;LMP1;L;Lotus;CLM;
9;1;19;1:27.123;0;;22.954;0;43.530;0;20.639;0;178.1;41:27.825;18:11;0:22.954;0:43.530;0:20.639;290.3;Lucas AUER;;LMP1;L;Lotus;CLM;
9;1;20;1:24.495;0;;21.312;0;42.911;0;20.272;0;183.6;42:52.320;18:12;0:21.312;0:42.911;0:20.272;288.0;Lucas AUER;;LMP1;L;Lotus;CLM;
9;1;21;1:23.542;0;;21.183;0;42.138;0;20.221;0;185.7;44:15.862;18:14;0:21.183;0:42.138;0:20.221;290.3;Lucas AUER;;LMP1;L;Lotus;CLM;
9;1;22;1:23.327;0;;21.164;0;42.113;0;20.050;0;186.2;45:39.189;18:15;0:21.164;0:42.113;0:20.050;290.3;Lucas AUER;;LMP1;L;Lotus;CLM;
9;1;23;1:33.779;0;B;20.943;0;44.277;0;28.559;0;165.4;47:12.968;18:17;0:20.943;0:44.277;0:28.559;291.9;Lucas AUER;;LMP1;L;Lotus;CLM;
9;1;24;8:39.927;0;;7:32.924;0;46.361;0;20.642;0;29.8;55:52.895;18:25;7:32.924;0:46.361;0:20.642;;Lucas AUER;0:07:16.189;LMP1;L;Lotus;CLM;
9;1;25;1:24.761;0;;22.077;0;42.537;0;20.147;0;183.0;57:17.656;18:27;0:22.077;0:42.537;0:20.147;288.0;Lucas AUER;;LMP1;L;Lotus;CLM;
9;1;26;1:22.954;0;;21.104;0;41.849;0;20.001;0;187.0;58:40.610;18:28;0:21.104;0:41.849;0:20.001;288.0;Lucas AUER;;LMP1;L;Lotus;CLM;
9;1;27;1:22.599;2;;20.937;2;41.701;1;19.961;2;187.8;1:00:03.209;18:30;0:20.937;0:41.701;0:19.961;289.5;Lucas AUER;;LMP1;L;Lotus;CLM;
9;1;28;1:31.752;0;B;20.941;0;42.762;0;28.049;0;169.1;1:01:34.961;18:31;0:20.941;0:42.762;0:28.049;292.7;Lucas AUER;;LMP1;L;Lotus;CLM;
9;0;29;6:36.274;0;;5:28.816;0;46.971;0;20.487;0;39.1;1:08:11.235;18:38;5:28.816;0:46.971;0:20.487;;Pierre KAFFER;0:05:10.346;LMP1;L;Lotus;CLM;
9;0;30;1:24.400;0;;21.607;0;42.446;0;20.347;0;183.8;1:09:35.635;18:39;0:21.607;0:42.446;0:20.347;285.7;Pierre KAFFER;;LMP1;L;Lotus;CLM;
9;0;31;1:24.972;0;;21.691;0;43.082;0;20.199;0;182.6;1:11:00.607;18:41;0:21.691;0:43.082;0:20.199;285.7;Pierre KAFFER;;LMP1;L;Lotus;CLM;
9;0;32;1:23.932;0;;21.231;0;42.389;0;20.312;0;184.8;1:12:24.539;18:42;0:21.231;0:42.389;0:20.312;288.8;Pierre KAFFER;;LMP1;L;Lotus;CLM;
9;0;33;1:34.130;0;B;22.177;0;43.022;0;28.931;0;164.8;1:13:58.669;18:43;0:22.177;0:43.022;0:28.931;290.3;Pierre KAFFER;;LMP1;L;Lotus;CLM;
9;0;34;3:27.236;0;;2:14.089;0;52.923;0;20.224;0;74.9;1:17:25.905;18:47;2:14.089;0:52.923;0:20.224;;Pierre KAFFER;0:01:59.513;LMP1;L;Lotus;CLM;
9;0;35;1:23.716;0;;21.332;0;42.337;0;20.047;1;185.3;1:18:49.621;18:48;0:21.332;0:42.337;0:20.047;288.0;Pierre KAFFER;;LMP1;L;Lotus;CLM;
9;0;36;1:23.251;0;;21.261;0;41.866;0;20.124;0;186.3;1:20:12.872;18:50;0:21.261;0:41.866;0:20.124;288.8;Pierre KAFFER;;LMP1;L;Lotus;CLM;
9;0;37;1:22.975;0;;21.224;0;41.625;2;20.126;0;187.0;1:21:35.847;18:51;0:21.224;0:41.625;0:20.126;287.2;Pierre KAFFER;;LMP1;L;Lotus;CLM;
9;0;38;1:23.415;0;;21.124;0;42.147;0;20.144;0;186.0;1:22:59.262;18:52;0:21.124;0:42.147;0:20.144;287.2;Pierre KAFFER;;LMP1;L;Lotus;CLM;
9;0;39;1:23.135;0;;21.141;0;41.902;0;20.092;0;186.6;1:24:22.397;18:54;0:21.141;0:41.902;0:20.092;287.2;Pierre KAFFER;;LMP1;L;Lotus;CLM;
9;0;40;1:26.088;0;;21.072;1;44.669;0;20.347;0;180.2;1:25:48.485;18:55;0:21.072;0:44.669;0:20.347;289.5;Pierre KAFFER;;LMP1;L;Lotus;CLM;
9;0;41;1:24.263;0;;21.227;0;42.485;0;20.551;0;184.1;1:27:12.748;18:57;0:21.227;0:42.485;0:20.551;289.5;Pierre KAFFER;;LMP1;L;Lotus;CLM;
9;0;42;1:25.432;0;;22.022;0;43.130;0;20.280;0;181.6;1:28:38.180;18:58;0:22.022;0:43.130;0:20.280;288.8;Pierre KAFFER;;LMP1;L;Lotus;CLM;
9;0;43;1:23.445;0;;21.079;0;42.177;0;20.189;0;185.9;1:30:01.625;19:00;0:21.079;0:42.177;0:20.189;288.0;Pierre KAFFER;;LMP1;L;Lotus;CLM;
90;2;1;2:13.496;0;;53.951;0;55.925;0;23.620;0;116.2;2:13.496;17:32;0:53.951;0:55.925;0:23.620;;Matteo CRESSONI;0:00:22.029;LMGTE Am;;8 Star Motorsports;Ferrari;
90;2;2;1:36.650;0;;24.632;0;48.740;0;23.278;0;160.5;3:50.146;17:33;0:24.632;0:48.740;0:23.278;252.9;Matteo CRESSONI;;LMGTE Am;;8 Star Motorsports;Ferrari;
90;2;3;1:34.222;0;;24.045;0;47.291;0;22.886;0;164.6;5:24.368;17:35;0:24.045;0:47.291;0:22.886;252.3;Matteo CRESSONI;;LMGTE Am;;8 Star Motorsports;Ferrari;
90;2;4;1:41.814;0;B;23.904;0;46.713;0;31.197;0;152.4;7:06.182;17:37;0:23.904;0:46.713;0:31.197;254.7;Matteo CRESSONI;;LMGTE Am;;8 Star Motorsports;Ferrari;
90;2;5;2:40.024;0;;1:25.106;0;51.822;0;23.096;0;96.9;9:46.206;17:39;1:25.106;0:51.822;0:23.096;;Matteo CRESSONI;0:01:08.065;LMGTE Am;;8 Star Motorsports;Ferrari;
90;2;6;1:32.508;0;;23.697;0;45.962;0;22.849;0;167.7;11:18.714;17:41;0:23.697;0:45.962;0:22.849;254.7;Matteo CRESSONI;;LMGTE Am;;8 Star Motorsports;Ferrari;
90;2;7;1:32.514;0;;23.522;0;46.255;0;22.737;1;167.7;12:51.228;17:42;0:23.522;0:46.255;0:22.737;254.7;Matteo CRESSONI;;LMGTE Am;;8 Star Motorsports;Ferrari;
90;2;8;1:31.831;0;;23.514;0;45.498;2;22.819;0;168.9;14:23.059;17:44;0:23.514;0:45.498;0:22.819;253.5;Matteo CRESSONI;;LMGTE Am;;8 Star Motorsports;Ferrari;
90;2;9;1:33.951;0;;23.359;1;46.092;0;24.500;0;165.1;15:57.010;17:45;0:23.359;0:46.092;0:24.500;254.1;Matteo CRESSONI;;LMGTE Am;;8 Star Motorsports;Ferrari;
90;2;10;1:40.432;0;B;23.441;0;46.028;0;30.963;0;154.5;17:37.442;17:47;0:23.441;0:46.028;0:30.963;252.9;Matteo CRESSONI;;LMGTE Am;;8 Star Motorsports;Ferrari;
90;1;11;4:00.722;0;;2:51.101;0;46.826;0;22.795;0;64.4;21:38.164;17:51;2:51.101;0:46.826;0:22.795;;Paolo RUBERTI;0:02:33.621;LMGTE Am;;8 Star Motorsports;Ferrari;
90;1;12;2:58.694;0;B;23.449;0;45.566;0;1:49.679;0;86.8;24:36.858;17:54;0:23.449;0:45.566;1:49.679;251.2;Paolo RUBERTI;;LMGTE Am;;8 Star Motorsports;Ferrari;
90;1;13;2:31.129;0;;1:18.319;0;50.006;0;22.804;0;102.6;27:07.987;17:57;1:18.319;0:50.006;0:22.804;;Paolo RUBERTI;0:01:01.802;LMGTE Am;;8 Star Motorsports;Ferrari;
90;1;14;1:31.597;0;;23.231;0;45.602;0;22.764;0;169.4;28:39.584;17:58;0:23.231;0:45.602;0:22.764;253.5;Paolo RUBERTI;;LMGTE Am;;8 Star Motorsports;Ferrari;
90;1;15;1:32.473;0;;;0;;0;22.845;0;167.8;30:12.057;18:00;;;0:22.845;254.1;Paolo RUBERTI;;LMGTE Am;;8 Star Motorsports;Ferrari;
90;1;16;1:31.673;0;;23.314;0;45.615;0;22.744;0;169.2;31:43.730;18:01;0:23.314;0:45.615;0:22.744;254.1;Paolo RUBERTI;;LMGTE Am;;8 Star Motorsports;Ferrari;
90;1;17;1:31.416;0;;23.255;0;45.528;1;22.633;2;169.7;33:15.146;18:03;0:23.255;0:45.528;0:22.633;255.3;Paolo RUBERTI;;LMGTE Am;;8 Star Motorsports;Ferrari;
90;1;18;1:35.112;0;;23.293;0;48.867;0;22.952;0;163.1;34:50.258;18:04;0:23.293;0:48.867;0:22.952;255.9;Paolo RUBERTI;;LMGTE Am;;8 Star Motorsports;Ferrari;
90;1;19;1:31.713;0;;23.248;0;45.597;0;22.868;0;169.1;36:21.971;18:06;0:23.248;0:45.597;0:22.868;251.7;Paolo RUBERTI;;LMGTE Am;;8 Star Motorsports;Ferrari;
90;1;20;1:31.369;2;;23.133;0;45.551;0;22.685;0;169.8;37:53.340;18:07;0:23.133;0:45.551;0:22.685;254.1;Paolo RUBERTI;;LMGTE Am;;8 Star Motorsports;Ferrari;
90;1;21;1:43.854;0;B;23.116;2;46.230;0;34.508;0;149.4;39:37.194;18:09;0:23.116;0:46.230;0:34.508;254.1;Paolo RUBERTI;;LMGTE Am;;8 Star Motorsports;Ferrari;
90;0;22;3:26.666;0;;2:11.570;0;50.534;0;24.562;0;75.1;43:03.860;18:13;2:11.570;0:50.534;0:24.562;;Gianluca RODA;0:01:51.066;LMGTE Am;;8 Star Motorsports;Ferrari;
90;0;23;1:35.231;0;;24.420;0;47.630;0;23.181;0;162.9;44:39.091;18:14;0:24.420;0:47.630;0:23.181;252.9;Gianluca RODA;;LMGTE Am;;8 Star Motorsports;Ferrari;
90;0;24;1:34.320;0;;23.938;0;46.826;0;23.556;0;164.5;46:13.411;18:16;0:23.938;0:46.826;0:23.556;251.7;Gianluca RODA;;LMGTE Am;;8 Star Motorsports;Ferrari;
90;0;25;1:34.527;0;;24.454;0;46.576;0;23.497;0;164.1;47:47.938;18:17;0:24.454;0:46.576;0:23.497;252.9;Gianluca RODA;;LMGTE Am;;8 Star Motorsports;Ferrari;
90;0;26;1:33.204;0;;23.918;0;46.397;0;22.889;0;166.4;49:21.142;18:19;0:23.918;0:46.397;0:22.889;252.3;Gianluca RODA;;LMGTE Am;;8 Star Motorsports;Ferrari;
90;0;27;1:33.318;0;;23.824;0;46.532;0;22.962;0;166.2;50:54.460;18:20;0:23.824;0:46.532;0:22.962;253.5;Gianluca RODA;;LMGTE Am;;8 Star Motorsports;Ferrari;
90;0;28;1:48.425;0;B;24.002;0;48.986;0;35.437;0;143.1;52:42.885;18:22;0:24.002;0:48.986;0:35.437;252.9;Gianluca RODA;;LMGTE Am;;8 Star Motorsports;Ferrari;
90;0;29;3:08.206;0;;1:51.322;0;52.897;0;23.987;0;82.4;55:51.091;18:25;1:51.322;0:52.897;0:23.987;;Gianluca RODA;0:01:30.996;LMGTE Am;;8 Star Motorsports;Ferrari;
90;0;30;1:51.018;0;B;24.532;0;51.752;0;34.734;0;139.7;57:42.109;18:27;0:24.532;0:51.752;0:34.734;249.4;Gianluca RODA;;LMGTE Am;;8 Star Motorsports;Ferrari;
90;0;31;3:04.627;0;;1:49.672;0;51.568;0;23.387;0;84.0;1:00:46.736;18:30;1:49.672;0:51.568;0:23.387;;Gianluca RODA;0:01:31.712;LMGTE Am;;8 Star Motorsports;Ferrari;
90;0;32;1:51.370;0;B;26.357;0;50.498;0;34.515;0;139.3;1:02:38.106;18:32;0:26.357;0:50.498;0:34.515;248.8;Gianluca RODA;;LMGTE Am;;8 Star Motorsports;Ferrari;
90;0;33;2:53.510;0;;1:43.128;0;47.566;0;22.816;0;89.4;1:05:31.616;18:35;1:43.128;0:47.566;0:22.816;;Gianluca RODA;0:01:25.890;LMGTE Am;;8 Star Motorsports;Ferrari;
90;0;34;1:33.360;0;;23.606;1;46.856;0;22.898;0;166.2;1:07:04.976;18:37;0:23.606;0:46.856;0:22.898;252.3;Gianluca RODA;;LMGTE Am;;8 Star Motorsports;Ferrari;
90;0;35;1:32.700;0;;23.781;0;46.115;0;22.804;1;167.3;1:08:37.676;18:38;0:23.781;0:46.115;0:22.804;252.3;Gianluca RODA;;LMGTE Am;;8 Star Motorsports;Ferrari;
90;0;36;1:32.683;0;;23.672;0;46.163;0;22.848;0;167.4;1:10:10.359;18:40;0:23.672;0:46.163;0:22.848;252.3;Gianluca RODA;;LMGTE Am;;8 Star Motorsports;Ferrari;
90;0;37;1:32.686;0;;23.825;0;45.990;1;22.871;0;167.4;1:11:43.045;18:41;0:23.825;0:45.990;0:22.871;251.7;Gianluca RODA;;LMGTE Am;;8 Star Motorsports;Ferrari;
90;0;38;1:33.006;0;;23.992;0;46.171;0;22.843;0;166.8;1:13:16.051;18:43;0:23.992;0:46.171;0:22.843;252.9;Gianluca RODA;;LMGTE Am;;8 Star Motorsports;Ferrari;
90;0;39;1:33.013;0;;23.886;0;46.291;0;22.836;0;166.8;1:14:49.064;18:44;0:23.886;0:46.291;0:22.836;251.2;Gianluca RODA;;LMGTE Am;;8 Star Motorsports;Ferrari;
90;0;40;1:42.446;0;B;23.889;0;46.888;0;31.669;0;151.4;1:16:31.510;18:46;0:23.889;0:46.888;0:31.669;252.9;Gianluca RODA;;LMGTE Am;;8 Star Motorsports;Ferrari;
90;1;41;2:58.672;0;;1:48.928;0;46.959;0;22.785;0;86.8;1:19:30.182;18:49;1:48.928;0:46.959;0:22.785;;Paolo RUBERTI;0:01:33.014;LMGTE Am;;8 Star Motorsports;Ferrari;
90;1;42;1:37.321;0;;23.558;0;50.628;0;23.135;0;159.4;1:21:07.503;18:51;0:23.558;0:50.628;0:23.135;252.3;Paolo RUBERTI;;LMGTE Am;;8 Star Motorsports;Ferrari;
90;1;43;1:33.843;0;;23.926;0;47.259;0;22.658;0;165.3;1:22:41.346;18:52;0:23.926;0:47.259;0:22.658;251.2;Paolo RUBERTI;;LMGTE Am;;8 Star Motorsports;Ferrari;
90;1;44;1:32.535;0;;23.210;0;45.784;0;23.541;0;167.6;1:24:13.881;18:54;0:23.210;0:45.784;0:23.541;255.9;Paolo RUBERTI;;LMGTE Am;;8 Star Motorsports;Ferrari;
90;1;45;1:31.491;0;;23.192;0;45.610;0;22.689;0;169.6;1:25:45.372;18:55;0:23.192;0:45.610;0:22.689;253.5;Paolo RUBERTI;;LMGTE Am;;8 Star Motorsports;Ferrari;
90;1;46;1:31.774;0;;23.351;0;45.701;0;22.722;0;169.0;1:27:17.146;18:57;0:23.351;0:45.701;0:22.722;253.5;Paolo RUBERTI;;LMGTE Am;;8 Star Motorsports;Ferrari;
90;1;47;1:31.596;0;;23.313;0;45.602;0;22.681;0;169.4;1:28:48.742;18:58;0:23.313;0:45.602;0:22.681;254.7;Paolo RUBERTI;;LMGTE Am;;8 Star Motorsports;Ferrari;
90;1;48;1:42.904;0;B;23.299;0;46.071;0;33.534;0;150.7;1:30:31.646;19:00;0:23.299;0:46.071;0:33.534;254.1;Paolo RUBERTI;;LMGTE Am;;8 Star Motorsports;Ferrari;
91;0;1;2:08.258;0;;55.173;0;49.729;0;23.356;0;120.9;2:08.258;17:32;0:55.173;0:49.729;0:23.356;;Jörg BERGMEISTER;0:00:26.793;LMGTE Pro;;Porsche Team Manthey;Porsche;
91;0;2;1:35.589;0;;23.517;0;49.156;0;22.916;0;162.3;3:43.847;17:33;0:23.517;0:49.156;0:22.916;254.1;Jörg BERGMEISTER;;LMGTE Pro;;Porsche Team Manthey;Porsche;
91;0;3;1:32.049;0;;23.367;0;45.607;0;23.075;0;168.5;5:15.896;17:35;0:23.367;0:45.607;0:23.075;252.9;Jörg BERGMEISTER;;LMGTE Pro;;Porsche Team Manthey;Porsche;
91;0;4;1:32.394;0;;23.152;0;46.451;0;22.791;0;167.9;6:48.290;17:36;0:23.152;0:46.451;0:22.791;255.3;Jörg BERGMEISTER;;LMGTE Pro;;Porsche Team Manthey;Porsche;
91;0;5;1:40.193;0;B;23.241;0;46.452;0;30.500;0;154.8;8:28.483;17:38;0:23.241;0:46.452;0:30.500;256.5;Jörg BERGMEISTER;;LMGTE Pro;;Porsche Team Manthey;Porsche;
91;0;6;5:07.919;0;;3:49.242;0;55.861;0;22.816;0;50.4;13:36.402;17:43;3:49.242;0:55.861;0:22.816;;Jörg BERGMEISTER;0:03:33.122;LMGTE Pro;;Porsche Team Manthey;Porsche;
91;0;7;1:31.244;0;;23.294;0;45.408;0;22.542;2;170.0;15:07.646;17:45;0:23.294;0:45.408;0:22.542;252.9;Jörg BERGMEISTER;;LMGTE Pro;;Porsche Team Manthey;Porsche;
91;0;8;1:32.323;0;;23.247;0;45.789;0;23.287;0;168.0;16:39.969;17:46;0:23.247;0:45.789;0:23.287;254.1;Jörg BERGMEISTER;;LMGTE Pro;;Porsche Team Manthey;Porsche;
91;0;9;1:31.159;0;;23.456;0;45.078;0;22.625;0;170.2;18:11.128;17:48;0:23.456;0:45.078;0:22.625;255.9;Jörg BERGMEISTER;;LMGTE Pro;;Porsche Team Manthey;Porsche;
91;0;10;1:31.064;0;;23.130;0;45.203;0;22.731;0;170.3;19:42.192;17:49;0:23.130;0:45.203;0:22.731;255.3;Jörg BERGMEISTER;;LMGTE Pro;;Porsche Team Manthey;Porsche;
91;0;11;1:39.383;0;B;23.977;0;45.940;0;29.466;0;156.1;21:21.575;17:51;0:23.977;0:45.940;0:29.466;255.3;Jörg BERGMEISTER;;LMGTE Pro;;Porsche Team Manthey;Porsche;
91;0;12;4:38.134;0;;3:29.154;0;45.955;0;23.025;0;55.8;25:59.709;17:55;3:29.154;0:45.955;0:23.025;;Jörg BERGMEISTER;0:03:12.975;LMGTE Pro;;Porsche Team Manthey;Porsche;
91;0;13;1:32.460;0;;23.373;0;46.399;0;22.688;0;167.8;27:32.169;17:57;0:23.373;0:46.399;0:22.688;252.3;Jörg BERGMEISTER;;LMGTE Pro;;Porsche Team Manthey;Porsche;
91;0;14;1:32.127;0;;23.182;0;46.188;0;22.757;0;168.4;29:04.296;17:59;0:23.182;0:46.188;0:22.757;253.5;Jörg BERGMEISTER;;LMGTE Pro;;Porsche Team Manthey;Porsche;
91;0;15;1:31.109;0;;23.190;0;45.195;0;22.724;0;170.3;30:35.405;18:00;0:23.190;0:45.195;0:22.724;253.5;Jörg BERGMEISTER;;LMGTE Pro;;Porsche Team Manthey;Porsche;
91;0;16;1:37.686;0;B;23.109;0;45.112;0;29.465;0;158.8;32:13.091;18:02;0:23.109;0:45.112;0:29.465;255.3;Jörg BERGMEISTER;;LMGTE Pro;;Porsche Team Manthey;Porsche;
91;0;17;5:34.257;0;;4:26.554;0;45.071;0;22.632;0;46.4;37:47.348;18:07;4:26.554;0:45.071;0:22.632;;Jörg BERGMEISTER;0:04:10.856;LMGTE Pro;;Porsche Team Manthey;Porsche;
91;0;18;1:30.972;0;;23.199;0;44.858;0;22.915;0;170.5;39:18.320;18:09;0:23.199;0:44.858;0:22.915;251.7;Jörg BERGMEISTER;;LMGTE Pro;;Porsche Team Manthey;Porsche;
91;0;19;1:30.757;2;;23.065;1;44.684;2;23.008;0;170.9;40:49.077;18:10;0:23.065;0:44.684;0:23.008;251.2;Jörg BERGMEISTER;;LMGTE Pro;;Porsche Team Manthey;Porsche;
91;0;20;1:30.848;0;;23.242;0;44.900;0;22.706;0;170.8;42:19.925;18:12;0:23.242;0:44.900;0:22.706;252.3;Jörg BERGMEISTER;;LMGTE Pro;;Porsche Team Manthey;Porsche;
91;0;21;1:38.090;0;B;23.272;0;45.460;0;29.358;0;158.1;43:58.015;18:13;0:23.272;0:45.460;0:29.358;254.1;Jörg BERGMEISTER;;LMGTE Pro;;Porsche Team Manthey;Porsche;
91;1;22;3:19.379;0;;2:08.818;0;47.520;0;23.041;0;77.8;47:17.394;18:17;2:08.818;0:47.520;0:23.041;;Richard LIETZ;0:01:51.485;LMGTE Pro;;Porsche Team Manthey;Porsche;
91;1;23;1:34.541;0;;23.557;0;47.800;0;23.184;0;164.1;48:51.935;18:18;0:23.557;0:47.800;0:23.184;251.7;Richard LIETZ;;LMGTE Pro;;Porsche Team Manthey;Porsche;
91;1;24;1:32.932;0;;23.342;0;46.696;0;22.894;0;166.9;50:24.867;18:20;0:23.342;0:46.696;0:22.894;252.3;Richard LIETZ;;LMGTE Pro;;Porsche Team Manthey;Porsche;
91;1;25;1:32.266;0;;23.420;0;46.047;0;22.799;0;168.1;51:57.133;18:21;0:23.420;0:46.047;0:22.799;252.9;Richard LIETZ;;LMGTE Pro;;Porsche Team Manthey;Porsche;
91;1;26;1:32.213;0;;23.162;0;46.234;0;22.817;0;168.2;53:29.346;18:23;0:23.162;0:46.234;0:22.817;253.5;Richard LIETZ;;LMGTE Pro;;Porsche Team Manthey;Porsche;
91;1;27;1:33.217;0;;23.524;0;46.810;0;22.883;0;166.4;55:02.563;18:25;0:23.524;0:46.810;0:22.883;255.3;Richard LIETZ;;LMGTE Pro;;Porsche Team Manthey;Porsche;
91;1;28;1:31.378;0;;23.064;0;45.522;0;22.792;0;169.8;56:33.941;18:26;0:23.064;0:45.522;0:22.792;253.5;Richard LIETZ;;LMGTE Pro;;Porsche Team Manthey;Porsche;
91;1;29;1:31.715;0;;23.397;0;45.530;0;22.788;0;169.1;58:05.656;18:28;0:23.397;0:45.530;0:22.788;254.1;Richard LIETZ;;LMGTE Pro;;Porsche Team Manthey;Porsche;
91;1;30;1:32.498;0;;23.122;0;46.112;0;23.264;0;167.7;59:38.154;18:29;0:23.122;0:46.112;0:23.264;253.5;Richard LIETZ;;LMGTE Pro;;Porsche Team Manthey;Porsche;
91;1;31;1:31.424;0;;23.030;2;45.592;0;22.802;0;169.7;1:01:09.578;18:31;0:23.030;0:45.592;0:22.802;254.7;Richard LIETZ;;LMGTE Pro;;Porsche Team Manthey;Porsche;
91;1;32;1:31.195;0;;23.161;0;45.237;1;22.797;0;170.1;1:02:40.773;18:32;0:23.161;0:45.237;0:22.797;254.1;Richard LIETZ;;LMGTE Pro;;Porsche Team Manthey;Porsche;
91;1;33;1:31.354;0;;23.138;0;45.254;0;22.962;0;169.8;1:04:12.127;18:34;0:23.138;0:45.254;0:22.962;255.3;Richard LIETZ;;LMGTE Pro;;Porsche Team Manthey;Porsche;
91;1;34;1:32.079;0;;23.084;0;46.149;0;22.846;0;168.5;1:05:44.206;18:35;0:23.084;0:46.149;0:22.846;254.7;Richard LIETZ;;LMGTE Pro;;Porsche Team Manthey;Porsche;
91;1;35;1:31.456;0;;23.105;0;45.592;0;22.759;0;169.6;1:07:15.662;18:37;0:23.105;0:45.592;0:22.759;256.5;Richard LIETZ;;LMGTE Pro;;Porsche Team Manthey;Porsche;
91;1;36;1:32.115;0;;23.355;0;45.933;0;22.827;0;168.4;1:08:47.777;18:38;0:23.355;0:45.933;0:22.827;255.3;Richard LIETZ;;LMGTE Pro;;Porsche Team Manthey;Porsche;
91;1;37;1:31.228;0;;23.131;0;45.294;0;22.803;0;170.0;1:10:19.005;18:40;0:23.131;0:45.294;0:22.803;254.1;Richard LIETZ;;LMGTE Pro;;Porsche Team Manthey;Porsche;
91;1;38;1:31.268;0;;23.116;0;45.342;0;22.810;0;170.0;1:11:50.273;18:41;0:23.116;0:45.342;0:22.810;253.5;Richard LIETZ;;LMGTE Pro;;Porsche Team Manthey;Porsche;
91;1;39;1:32.602;0;;23.228;0;45.998;0;23.376;0;167.5;1:13:22.875;18:43;0:23.228;0:45.998;0:23.376;254.7;Richard LIETZ;;LMGTE Pro;;Porsche Team Manthey;Porsche;
91;1;40;1:31.653;0;;23.392;0;45.430;0;22.831;0;169.3;1:14:54.528;18:44;0:23.392;0:45.430;0:22.831;254.7;Richard LIETZ;;LMGTE Pro;;Porsche Team Manthey;Porsche;
91;1;41;1:31.848;0;;23.112;0;46.009;0;22.727;1;168.9;1:16:26.376;18:46;0:23.112;0:46.009;0:22.727;255.3;Richard LIETZ;;LMGTE Pro;;Porsche Team Manthey;Porsche;
91;1;42;1:34.020;0;;23.194;0;47.789;0;23.037;0;165.0;1:18:00.396;18:48;0:23.194;0:47.789;0:23.037;255.3;Richard LIETZ;;LMGTE Pro;;Porsche Team Manthey;Porsche;
91;1;43;1:31.465;0;;23.178;0;45.436;0;22.851;0;169.6;1:19:31.861;18:49;0:23.178;0:45.436;0:22.851;252.9;Richard LIETZ;;LMGTE Pro;;Porsche Team Manthey;Porsche;
91;1;44;1:31.788;0;;23.248;0;45.661;0;22.879;0;169.0;1:21:03.649;18:51;0:23.248;0:45.661;0:22.879;253.5;Richard LIETZ;;LMGTE Pro;;Porsche Team Manthey;Porsche;
91;1;45;1:31.485;0;;23.131;0;45.617;0;22.737;0;169.6;1:22:35.134;18:52;0:23.131;0:45.617;0:22.737;254.1;Richard LIETZ;;LMGTE Pro;;Porsche Team Manthey;Porsche;
91;1;46;1:31.519;0;;23.240;0;45.363;0;22.916;0;169.5;1:24:06.653;18:54;0:23.240;0:45.363;0:22.916;252.9;Richard LIETZ;;LMGTE Pro;;Porsche Team Manthey;Porsche;
91;1;47;1:33.505;0;;24.177;0;46.438;0;22.890;0;165.9;1:25:40.158;18:55;0:24.177;0:46.438;0:22.890;252.3;Richard LIETZ;;LMGTE Pro;;Porsche Team Manthey;Porsche;
91;1;48;1:31.617;0;;23.390;0;45.435;0;22.792;0;169.3;1:27:11.775;18:57;0:23.390;0:45.435;0:22.792;252.9;Richard LIETZ;;LMGTE Pro;;Porsche Team Manthey;Porsche;
91;1;49;1:32.210;0;;23.705;0;45.583;0;22.922;0;168.2;1:28:43.985;18:58;0:23.705;0:45.583;0:22.922;252.9;Richard LIETZ;;LMGTE Pro;;Porsche Team Manthey;Porsche;
91;1;50;1:32.177;0;;23.317;0;46.001;0;22.859;0;168.3;1:30:16.162;19:00;0:23.317;0:46.001;0:22.859;253.5;Richard LIETZ;;LMGTE Pro;;Porsche Team Manthey;Porsche;
92;1;1;1:59.076;0;;46.430;0;48.656;0;23.990;0;130.3;1:59.076;17:31;0:46.430;0:48.656;0:23.990;;Patrick PILET;0:00:13.832;LMGTE Pro;;Porsche Team Manthey;Porsche;
92;1;2;1:32.114;0;;23.396;0;45.678;0;23.040;0;168.4;3:31.190;17:33;0:23.396;0:45.678;0:23.040;250.6;Patrick PILET;;LMGTE Pro;;Porsche Team Manthey;Porsche;
92;1;3;1:31.788;0;;23.391;0;45.473;0;22.924;0;169.0;5:02.978;17:35;0:23.391;0:45.473;0:22.924;251.7;Patrick PILET;;LMGTE Pro;;Porsche Team Manthey;Porsche;
92;1;4;1:31.595;0;;23.611;0;45.227;0;22.757;0;169.4;6:34.573;17:36;0:23.611;0:45.227;0:22.757;250.0;Patrick PILET;;LMGTE Pro;;Porsche Team Manthey;Porsche;
92;1;5;1:31.875;0;;23.276;0;45.831;0;22.768;0;168.8;8:06.448;17:38;0:23.276;0:45.831;0:22.768;254.7;Patrick PILET;;LMGTE Pro;;Porsche Team Manthey;Porsche;
92;1;6;1:31.426;0;;23.179;0;45.332;0;22.915;0;169.7;9:37.874;17:39;0:23.179;0:45.332;0:22.915;253.5;Patrick PILET;;LMGTE Pro;;Porsche Team Manthey;Porsche;
92;1;7;1:31.269;0;;23.258;0;45.129;0;22.882;0;170.0;11:09.143;17:41;0:23.258;0:45.129;0:22.882;250.6;Patrick PILET;;LMGTE Pro;;Porsche Team Manthey;Porsche;
92;1;8;1:32.419;0;;23.115;0;45.939;0;23.365;0;167.8;12:41.562;17:42;0:23.115;0:45.939;0:23.365;254.7;Patrick PILET;;LMGTE Pro;;Porsche Team Manthey;Porsche;
92;1;9;1:31.722;0;;23.153;0;45.802;0;22.767;0;169.1;14:13.284;17:44;0:23.153;0:45.802;0:22.767;254.1;Patrick PILET;;LMGTE Pro;;Porsche Team Manthey;Porsche;
92;1;10;1:30.860;0;;23.142;0;45.069;0;22.649;2;170.7;15:44.144;17:45;0:23.142;0:45.069;0:22.649;254.1;Patrick PILET;;LMGTE Pro;;Porsche Team Manthey;Porsche;
92;1;11;1:30.810;2;;23.137;0;45.009;2;22.664;0;170.8;17:14.954;17:47;0:23.137;0:45.009;0:22.664;252.9;Patrick PILET;;LMGTE Pro;;Porsche Team Manthey;Porsche;
92;1;12;1:31.012;0;;23.138;0;45.089;0;22.785;0;170.4;18:45.966;17:48;0:23.138;0:45.089;0:22.785;252.9;Patrick PILET;;LMGTE Pro;;Porsche Team Manthey;Porsche;
92;1;13;1:31.572;0;;23.089;0;45.703;0;22.780;0;169.4;20:17.538;17:50;0:23.089;0:45.703;0:22.780;251.2;Patrick PILET;;LMGTE Pro;;Porsche Team Manthey;Porsche;
92;1;14;1:31.167;0;;23.176;0;45.247;0;22.744;0;170.2;21:48.705;17:51;0:23.176;0:45.247;0:22.744;252.3;Patrick PILET;;LMGTE Pro;;Porsche Team Manthey;Porsche;
92;1;15;1:32.205;0;;23.153;0;46.141;0;22.911;0;168.2;23:20.910;17:53;0:23.153;0:46.141;0:22.911;255.3;Patrick PILET;;LMGTE Pro;;Porsche Team Manthey;Porsche;
92;1;16;1:31.361;0;;23.321;0;45.163;0;22.877;0;169.8;24:52.271;17:54;0:23.321;0:45.163;0:22.877;254.1;Patrick PILET;;LMGTE Pro;;Porsche Team Manthey;Porsche;
92;1;17;1:31.175;0;;23.226;0;45.224;0;22.725;0;170.1;26:23.446;17:56;0:23.226;0:45.224;0:22.725;252.9;Patrick PILET;;LMGTE Pro;;Porsche Team Manthey;Porsche;
92;1;18;1:31.518;0;;23.158;0;45.590;0;22.770;0;169.5;27:54.964;17:57;0:23.158;0:45.590;0:22.770;252.9;Patrick PILET;;LMGTE Pro;;Porsche Team Manthey;Porsche;
92;1;19;1:32.253;0;;23.805;0;45.583;0;22.865;0;168.2;29:27.217;17:59;0:23.805;0:45.583;0:22.865;254.7;Patrick PILET;;LMGTE Pro;;Porsche Team Manthey;Porsche;
92;1;20;1:30.939;0;;23.179;0;45.057;0;22.703;0;170.6;30:58.156;18:00;0:23.179;0:45.057;0:22.703;253.5;Patrick PILET;;LMGTE Pro;;Porsche Team Manthey;Porsche;
92;1;21;1:31.545;0;;23.187;0;45.529;0;22.829;0;169.5;32:29.701;18:02;0:23.187;0:45.529;0:22.829;253.5;Patrick PILET;;LMGTE Pro;;Porsche Team Manthey;Porsche;
92;1;22;1:30.986;0;;23.158;0;45.141;0;22.687;0;170.5;34:00.687;18:04;0:23.158;0:45.141;0:22.687;254.7;Patrick PILET;;LMGTE Pro;;Porsche Team Manthey;Porsche;
92;1;23;1:31.361;0;;23.302;0;45.164;0;22.895;0;169.8;35:32.048;18:05;0:23.302;0:45.164;0:22.895;254.7;Patrick PILET;;LMGTE Pro;;Porsche Team Manthey;Porsche;
92;1;24;1:31.135;0;;23.075;0;45.364;0;22.696;0;170.2;37:03.183;18:07;0:23.075;0:45.364;0:22.696;253.5;Patrick PILET;;LMGTE Pro;;Porsche Team Manthey;Porsche;
92;1;25;1:31.020;0;;23.137;0;45.126;0;22.757;0;170.4;38:34.203;18:08;0:23.137;0:45.126;0:22.757;253.5;Patrick PILET;;LMGTE Pro;;Porsche Team Manthey;Porsche;
92;1;26;1:31.707;0;;23.461;0;45.529;0;22.717;0;169.2;40:05.910;18:10;0:23.461;0:45.529;0:22.717;254.7;Patrick PILET;;LMGTE Pro;;Porsche Team Manthey;Porsche;
92;1;27;1:31.803;0;;23.857;0;45.139;0;22.807;0;169.0;41:37.713;18:11;0:23.857;0:45.139;0:22.807;255.3;Patrick PILET;;LMGTE Pro;;Porsche Team Manthey;Porsche;
92;1;28;1:33.242;0;;23.125;0;46.299;0;23.818;0;166.4;43:10.955;18:13;0:23.125;0:46.299;0:23.818;256.5;Patrick PILET;;LMGTE Pro;;Porsche Team Manthey;Porsche;
92;1;29;1:33.494;0;;23.948;0;46.527;0;23.019;0;165.9;44:44.449;18:14;0:23.948;0:46.527;0:23.019;253.5;Patrick PILET;;LMGTE Pro;;Porsche Team Manthey;Porsche;
92;1;30;1:31.131;0;;23.090;0;45.317;0;22.724;0;170.2;46:15.580;18:16;0:23.090;0:45.317;0:22.724;255.3;Patrick PILET;;LMGTE Pro;;Porsche Team Manthey;Porsche;
92;1;31;1:32.150;0;;23.182;0;46.067;0;22.901;0;168.3;47:47.730;18:17;0:23.182;0:46.067;0:22.901;255.3;Patrick PILET;;LMGTE Pro;;Porsche Team Manthey;Porsche;
92;1;32;1:31.515;0;;23.257;0;45.523;0;22.735;0;169.5;49:19.245;18:19;0:23.257;0:45.523;0:22.735;254.7;Patrick PILET;;LMGTE Pro;;Porsche Team Manthey;Porsche;
92;1;33;1:31.800;0;;23.129;0;45.928;0;22.743;0;169.0;50:51.045;18:20;0:23.129;0:45.928;0:22.743;254.7;Patrick PILET;;LMGTE Pro;;Porsche Team Manthey;Porsche;
92;1;34;1:31.780;0;;23.086;0;45.383;0;23.311;0;169.0;52:22.825;18:22;0:23.086;0:45.383;0:23.311;254.1;Patrick PILET;;LMGTE Pro;;Porsche Team Manthey;Porsche;
92;1;35;1:31.307;0;;23.132;0;45.381;0;22.794;0;169.9;53:54.132;18:23;0:23.132;0:45.381;0:22.794;254.7;Patrick PILET;;LMGTE Pro;;Porsche Team Manthey;Porsche;
92;1;36;1:31.132;0;;23.061;2;45.419;0;22.652;0;170.2;55:25.264;18:25;0:23.061;0:45.419;0:22.652;253.5;Patrick PILET;;LMGTE Pro;;Porsche Team Manthey;Porsche;
92;1;37;1:31.826;0;;23.240;0;45.925;0;22.661;0;168.9;56:57.090;18:26;0:23.240;0:45.925;0:22.661;254.7;Patrick PILET;;LMGTE Pro;;Porsche Team Manthey;Porsche;
92;1;38;1:31.218;0;;23.173;0;45.383;0;22.662;0;170.1;58:28.308;18:28;0:23.173;0:45.383;0:22.662;254.7;Patrick PILET;;LMGTE Pro;;Porsche Team Manthey;Porsche;
92;1;39;1:41.169;0;B;23.501;0;47.339;0;30.329;0;153.3;1:00:09.477;18:30;0:23.501;0:47.339;0:30.329;255.3;Patrick PILET;;LMGTE Pro;;Porsche Team Manthey;Porsche;
92;0;40;2:26.085;0;;1:14.845;0;48.273;0;22.967;0;106.2;1:02:35.562;18:32;1:14.845;0:48.273;0:22.967;;Frédéric MAKOWIECKI;0:00:55.491;LMGTE Pro;;Porsche Team Manthey;Porsche;
92;0;41;1:32.450;0;;23.666;0;45.764;0;23.020;0;167.8;1:04:08.012;18:34;0:23.666;0:45.764;0:23.020;253.5;Frédéric MAKOWIECKI;;LMGTE Pro;;Porsche Team Manthey;Porsche;
92;0;42;1:32.200;0;;23.518;0;45.667;0;23.015;0;168.2;1:05:40.212;18:35;0:23.518;0:45.667;0:23.015;253.5;Frédéric MAKOWIECKI;;LMGTE Pro;;Porsche Team Manthey;Porsche;
92;0;43;1:32.083;0;;23.349;0;45.656;1;23.078;0;168.5;1:07:12.295;18:37;0:23.349;0:45.656;0:23.078;254.7;Frédéric MAKOWIECKI;;LMGTE Pro;;Porsche Team Manthey;Porsche;
92;0;44;1:31.704;0;;23.213;1;45.761;0;22.730;1;169.2;1:08:43.999;18:38;0:23.213;0:45.761;0:22.730;253.5;Frédéric MAKOWIECKI;;LMGTE Pro;;Porsche Team Manthey;Porsche;
92;0;45;1:32.004;0;;23.250;0;45.973;0;22.781;0;168.6;1:10:16.003;18:40;0:23.250;0:45.973;0:22.781;254.1;Frédéric MAKOWIECKI;;LMGTE Pro;;Porsche Team Manthey;Porsche;
92;0;46;1:32.787;0;;23.392;0;46.530;0;22.865;0;167.2;1:11:48.790;18:41;0:23.392;0:46.530;0:22.865;254.1;Frédéric MAKOWIECKI;;LMGTE Pro;;Porsche Team Manthey;Porsche;
92;0;47;1:32.590;0;;23.263;0;46.362;0;22.965;0;167.5;1:13:21.380;18:43;0:23.263;0:46.362;0:22.965;253.5;Frédéric MAKOWIECKI;;LMGTE Pro;;Porsche Team Manthey;Porsche;
92;0;48;1:32.365;0;;23.672;0;45.830;0;22.863;0;167.9;1:14:53.745;18:44;0:23.672;0:45.830;0:22.863;253.5;Frédéric MAKOWIECKI;;LMGTE Pro;;Porsche Team Manthey;Porsche;
92;0;49;1:31.916;0;;23.231;0;45.766;0;22.919;0;168.8;1:16:25.661;18:46;0:23.231;0:45.766;0:22.919;254.7;Frédéric MAKOWIECKI;;LMGTE Pro;;Porsche Team Manthey;Porsche;
92;0;50;1:34.977;0;;23.307;0;48.765;0;22.905;0;163.3;1:18:00.638;18:48;0:23.307;0:48.765;0:22.905;254.1;Frédéric MAKOWIECKI;;LMGTE Pro;;Porsche Team Manthey;Porsche;
92;0;51;1:32.651;0;;23.594;0;46.166;0;22.891;0;167.4;1:19:33.289;18:49;0:23.594;0:46.166;0:22.891;255.9;Frédéric MAKOWIECKI;;LMGTE Pro;;Porsche Team Manthey;Porsche;
92;0;52;1:32.729;0;;23.727;0;46.011;0;22.991;0;167.3;1:21:06.018;18:51;0:23.727;0:46.011;0:22.991;255.9;Frédéric MAKOWIECKI;;LMGTE Pro;;Porsche Team Manthey;Porsche;
92;0;53;1:31.954;0;;23.320;0;45.793;0;22.841;0;168.7;1:22:37.972;18:52;0:23.320;0:45.793;0:22.841;254.7;Frédéric MAKOWIECKI;;LMGTE Pro;;Porsche Team Manthey;Porsche;
92;0;54;1:32.134;0;;23.380;0;45.845;0;22.909;0;168.4;1:24:10.106;18:54;0:23.380;0:45.845;0:22.909;254.1;Frédéric MAKOWIECKI;;LMGTE Pro;;Porsche Team Manthey;Porsche;
92;0;55;1:32.544;0;;23.612;0;46.007;0;22.925;0;167.6;1:25:42.650;18:55;0:23.612;0:46.007;0:22.925;254.1;Frédéric MAKOWIECKI;;LMGTE Pro;;Porsche Team Manthey;Porsche;
92;0;56;1:32.637;0;;23.286;0;46.202;0;23.149;0;167.5;1:27:15.287;18:57;0:23.286;0:46.202;0:23.149;254.1;Frédéric MAKOWIECKI;;LMGTE Pro;;Porsche Team Manthey;Porsche;
92;0;57;1:32.622;0;;23.452;0;46.354;0;22.816;0;167.5;1:28:47.909;18:58;0:23.452;0:46.354;0:22.816;254.1;Frédéric MAKOWIECKI;;LMGTE Pro;;Porsche Team Manthey;Porsche;
92;0;58;1:32.683;0;;23.363;0;46.302;0;23.018;0;167.4;1:30:20.592;19:00;0:23.363;0:46.302;0:23.018;254.1;Frédéric MAKOWIECKI;;LMGTE Pro;;Porsche Team Manthey;Porsche;
95;2;1;2:06.213;0;;50.365;0;52.562;0;23.286;0;122.9;2:06.213;17:32;0:50.365;0:52.562;0:23.286;;Nicki THIIM;0:00:18.642;LMGTE Am;;Aston Martin Racing;Aston Martin;
95;2;2;1:32.348;0;;23.471;0;45.959;0;22.918;0;168.0;3:38.561;17:33;0:23.471;0:45.959;0:22.918;252.9;Nicki THIIM;;LMGTE Am;;Aston Martin Racing;Aston Martin;
95;2;3;1:31.416;0;;23.563;0;45.115;0;22.738;0;169.7;5:09.977;17:35;0:23.563;0:45.115;0:22.738;254.7;Nicki THIIM;;LMGTE Am;;Aston Martin Racing;Aston Martin;
95;2;4;1:31.105;0;;23.155;0;45.311;0;22.639;1;170.3;6:41.082;17:36;0:23.155;0:45.311;0:22.639;253.5;Nicki THIIM;;LMGTE Am;;Aston Martin Racing;Aston Martin;
95;2;5;1:30.887;2;;23.130;0;45.103;2;22.654;0;170.7;8:11.969;17:38;0:23.130;0:45.103;0:22.654;255.3;Nicki THIIM;;LMGTE Am;;Aston Martin Racing;Aston Martin;
95;2;6;1:30.993;0;;22.969;2;45.284;0;22.740;0;170.5;9:42.962;17:39;0:22.969;0:45.284;0:22.740;254.1;Nicki THIIM;;LMGTE Am;;Aston Martin Racing;Aston Martin;
95;2;7;1:31.076;0;;23.158;0;45.210;0;22.708;0;170.3;11:14.038;17:41;0:23.158;0:45.210;0:22.708;255.3;Nicki THIIM;;LMGTE Am;;Aston Martin Racing;Aston Martin;
95;2;8;1:30.986;0;;23.063;0;45.235;0;22.688;0;170.5;12:45.024;17:42;0:23.063;0:45.235;0:22.688;255.9;Nicki THIIM;;LMGTE Am;;Aston Martin Racing;Aston Martin;
95;2;9;1:31.401;0;;23.348;0;45.398;0;22.655;0;169.7;14:16.425;17:44;0:23.348;0:45.398;0:22.655;256.5;Nicki THIIM;;LMGTE Am;;Aston Martin Racing;Aston Martin;
95;2;10;1:37.519;0;B;23.019;0;45.224;0;29.276;0;159.1;15:53.944;17:45;0:23.019;0:45.224;0:29.276;255.3;Nicki THIIM;;LMGTE Am;;Aston Martin Racing;Aston Martin;
95;1;11;4:55.958;0;;3:42.340;0;50.827;0;22.791;0;52.4;20:49.902;17:50;3:42.340;0:50.827;0:22.791;;David HEINEMEIER-HANSSON;0:03:24.925;LMGTE Am;;Aston Martin Racing;Aston Martin;
95;1;12;1:32.954;0;;24.023;0;46.234;0;22.697;0;166.9;22:22.856;17:52;0:24.023;0:46.234;0:22.697;252.9;David HEINEMEIER-HANSSON;;LMGTE Am;;Aston Martin Racing;Aston Martin;
95;1;13;1:33.391;0;;23.935;0;46.595;0;22.861;0;166.1;23:56.247;17:53;0:23.935;0:46.595;0:22.861;252.9;David HEINEMEIER-HANSSON;;LMGTE Am;;Aston Martin Racing;Aston Martin;
95;1;14;1:34.240;0;;25.334;0;46.158;0;22.748;0;164.6;25:30.487;17:55;0:25.334;0:46.158;0:22.748;226.4;David HEINEMEIER-HANSSON;;LMGTE Am;;Aston Martin Racing;Aston Martin;
95;1;15;1:34.734;0;;23.869;0;48.254;0;22.611;0;163.7;27:05.221;17:57;0:23.869;0:48.254;0:22.611;253.5;David HEINEMEIER-HANSSON;;LMGTE Am;;Aston Martin Racing;Aston Martin;
95;1;16;1:32.078;0;;23.507;0;45.820;0;22.751;0;168.5;28:37.299;17:58;0:23.507;0:45.820;0:22.751;255.3;David HEINEMEIER-HANSSON;;LMGTE Am;;Aston Martin Racing;Aston Martin;
95;1;17;1:32.996;0;;23.375;0;46.904;0;22.717;0;166.8;30:10.295;18:00;0:23.375;0:46.904;0:22.717;255.3;David HEINEMEIER-HANSSON;;LMGTE Am;;Aston Martin Racing;Aston Martin;
95;1;18;1:32.398;0;;23.440;0;46.191;0;22.767;0;167.9;31:42.693;18:01;0:23.440;0:46.191;0:22.767;254.7;David HEINEMEIER-HANSSON;;LMGTE Am;;Aston Martin Racing;Aston Martin;
95;1;19;1:31.932;0;;23.413;0;45.733;0;22.786;0;168.7;33:14.625;18:03;0:23.413;0:45.733;0:22.786;254.1;David HEINEMEIER-HANSSON;;LMGTE Am;;Aston Martin Racing;Aston Martin;
95;1;20;1:32.317;0;;23.374;0;45.986;0;22.957;0;168.0;34:46.942;18:04;0:23.374;0:45.986;0:22.957;253.5;David HEINEMEIER-HANSSON;;LMGTE Am;;Aston Martin Racing;Aston Martin;
95;1;21;1:31.634;0;;23.460;0;45.434;0;22.740;0;169.3;36:18.576;18:06;0:23.460;0:45.434;0:22.740;254.1;David HEINEMEIER-HANSSON;;LMGTE Am;;Aston Martin Racing;Aston Martin;
95;1;22;1:32.448;0;;23.384;0;46.358;0;22.706;0;167.8;37:51.024;18:07;0:23.384;0:46.358;0:22.706;254.1;David HEINEMEIER-HANSSON;;LMGTE Am;;Aston Martin Racing;Aston Martin;
95;1;23;1:32.156;0;;23.295;0;46.166;0;22.695;0;168.3;39:23.180;18:09;0:23.295;0:46.166;0:22.695;254.7;David HEINEMEIER-HANSSON;;LMGTE Am;;Aston Martin Racing;Aston Martin;
95;1;24;1:32.030;0;;23.312;0;45.613;0;23.105;0;168.6;40:55.210;18:10;0:23.312;0:45.613;0:23.105;255.3;David HEINEMEIER-HANSSON;;LMGTE Am;;Aston Martin Racing;Aston Martin;
95;1;25;1:39.306;0;B;23.359;0;46.011;0;29.936;0;156.2;42:34.516;18:12;0:23.359;0:46.011;0:29.936;254.7;David HEINEMEIER-HANSSON;;LMGTE Am;;Aston Martin Racing;Aston Martin;
95;1;26;3:58.848;0;;2:42.716;0;52.974;0;23.158;0;64.9;46:33.364;18:16;2:42.716;0:52.974;0:23.158;;David HEINEMEIER-HANSSON;0:02:25.101;LMGTE Am;;Aston Martin Racing;Aston Martin;
95;1;27;1:31.897;0;;23.808;0;45.509;0;22.580;1;168.8;48:05.261;18:18;0:23.808;0:45.509;0:22.580;252.9;David HEINEMEIER-HANSSON;;LMGTE Am;;Aston Martin Racing;Aston Martin;
95;1;28;1:31.513;0;;23.267;0;45.591;0;22.655;0;169.5;49:36.774;18:19;0:23.267;0:45.591;0:22.655;254.1;David HEINEMEIER-HANSSON;;LMGTE Am;;Aston Martin Racing;Aston Martin;
95;1;29;1:30.996;0;;23.238;0;45.167;1;22.591;0;170.5;51:07.770;18:21;0:23.238;0:45.167;0:22.591;254.1;David HEINEMEIER-HANSSON;;LMGTE Am;;Aston Martin Racing;Aston Martin;
95;1;30;1:31.196;0;;23.142;0;45.447;0;22.607;0;170.1;52:38.966;18:22;0:23.142;0:45.447;0:22.607;254.7;David HEINEMEIER-HANSSON;;LMGTE Am;;Aston Martin Racing;Aston Martin;
95;1;31;1:38.771;0;B;23.083;1;45.726;0;29.962;0;157.1;54:17.737;18:24;0:23.083;0:45.726;0:29.962;255.3;David HEINEMEIER-HANSSON;;LMGTE Am;;Aston Martin Racing;Aston Martin;
95;0;32;3:40.865;0;;2:27.968;0;49.775;0;23.122;0;70.2;57:58.602;18:27;2:27.968;0:49.775;0:23.122;;Kristian POULSEN;0:02:09.017;LMGTE Am;;Aston Martin Racing;Aston Martin;
95;0;33;1:37.787;0;;24.044;0;50.661;0;23.082;0;158.6;59:36.389;18:29;0:24.044;0:50.661;0:23.082;253.5;Kristian POULSEN;;LMGTE Am;;Aston Martin Racing;Aston Martin;
95;0;34;1:34.308;0;;23.816;0;47.686;0;22.806;0;164.5;1:01:10.697;18:31;0:23.816;0:47.686;0:22.806;253.5;Kristian POULSEN;;LMGTE Am;;Aston Martin Racing;Aston Martin;
95;0;35;1:32.637;0;;23.525;0;46.296;0;22.816;0;167.5;1:02:43.334;18:32;0:23.525;0:46.296;0:22.816;255.9;Kristian POULSEN;;LMGTE Am;;Aston Martin Racing;Aston Martin;
95;0;36;1:32.930;0;;23.474;0;46.740;0;22.716;0;166.9;1:04:16.264;18:34;0:23.474;0:46.740;0:22.716;256.5;Kristian POULSEN;;LMGTE Am;;Aston Martin Racing;Aston Martin;
95;0;37;1:32.957;0;;23.701;0;46.531;0;22.725;0;166.9;1:05:49.221;18:35;0:23.701;0:46.531;0:22.725;255.9;Kristian POULSEN;;LMGTE Am;;Aston Martin Racing;Aston Martin;
95;0;38;1:32.240;0;;23.325;0;46.240;0;22.675;0;168.2;1:07:21.461;18:37;0:23.325;0:46.240;0:22.675;256.5;Kristian POULSEN;;LMGTE Am;;Aston Martin Racing;Aston Martin;
95;0;39;1:33.306;0;;23.434;0;46.958;0;22.914;0;166.3;1:08:54.767;18:38;0:23.434;0:46.958;0:22.914;255.9;Kristian POULSEN;;LMGTE Am;;Aston Martin Racing;Aston Martin;
95;0;40;1:32.496;0;;23.508;0;46.270;0;22.718;0;167.7;1:10:27.263;18:40;0:23.508;0:46.270;0:22.718;254.7;Kristian POULSEN;;LMGTE Am;;Aston Martin Racing;Aston Martin;
95;0;41;1:32.372;0;;23.553;0;46.047;0;22.772;0;167.9;1:11:59.635;18:41;0:23.553;0:46.047;0:22.772;254.7;Kristian POULSEN;;LMGTE Am;;Aston Martin Racing;Aston Martin;
95;0;42;1:32.266;0;;23.327;0;46.064;0;22.875;0;168.1;1:13:31.901;18:43;0:23.327;0:46.064;0:22.875;254.7;Kristian POULSEN;;LMGTE Am;;Aston Martin Racing;Aston Martin;
95;0;43;1:32.531;0;;23.310;0;46.448;0;22.773;0;167.6;1:15:04.432;18:45;0:23.310;0:46.448;0:22.773;254.1;Kristian POULSEN;;LMGTE Am;;Aston Martin Racing;Aston Martin;
95;0;44;1:32.527;0;;23.295;0;46.524;0;22.708;0;167.7;1:16:36.959;18:46;0:23.295;0:46.524;0:22.708;255.3;Kristian POULSEN;;LMGTE Am;;Aston Martin Racing;Aston Martin;
95;0;45;1:32.287;0;;23.186;0;46.434;0;22.667;0;168.1;1:18:09.246;18:48;0:23.186;0:46.434;0:22.667;255.3;Kristian POULSEN;;LMGTE Am;;Aston Martin Racing;Aston Martin;
95;0;46;1:33.003;0;;23.100;1;47.136;0;22.767;0;166.8;1:19:42.249;18:49;0:23.100;0:47.136;0:22.767;255.9;Kristian POULSEN;;LMGTE Am;;Aston Martin Racing;Aston Martin;
95;0;47;1:31.877;0;;23.244;0;46.058;0;22.575;0;168.8;1:21:14.126;18:51;0:23.244;0:46.058;0:22.575;255.3;Kristian POULSEN;;LMGTE Am;;Aston Martin Racing;Aston Martin;
95;0;48;1:31.773;0;;23.131;0;46.082;0;22.560;2;169.0;1:22:45.899;18:52;0:23.131;0:46.082;0:22.560;256.5;Kristian POULSEN;;LMGTE Am;;Aston Martin Racing;Aston Martin;
95;0;49;1:31.925;0;;23.437;0;45.860;0;22.628;0;168.8;1:24:17.824;18:54;0:23.437;0:45.860;0:22.628;255.9;Kristian POULSEN;;LMGTE Am;;Aston Martin Racing;Aston Martin;
95;0;50;1:32.667;0;;23.206;0;46.761;0;22.700;0;167.4;1:25:50.491;18:55;0:23.206;0:46.761;0:22.700;255.9;Kristian POULSEN;;LMGTE Am;;Aston Martin Racing;Aston Martin;
95;0;51;1:32.762;0;;23.259;0;46.570;0;22.933;0;167.2;1:27:23.253;18:57;0:23.259;0:46.570;0:22.933;255.3;Kristian POULSEN;;LMGTE Am;;Aston Martin Racing;Aston Martin;
95;0;52;1:31.781;0;;23.453;0;45.679;1;22.649;0;169.0;1:28:55.034;18:58;0:23.453;0:45.679;0:22.649;255.3;Kristian POULSEN;;LMGTE Am;;Aston Martin Racing;Aston Martin;
95;0;53;1:32.055;0;;23.101;0;45.953;0;23.001;0;168.5;1:30:27.089;19:00;0:23.101;0:45.953;0:23.001;255.9;Kristian POULSEN;;LMGTE Am;;Aston Martin Racing;Aston Martin;
97;1;1;2:31.363;0;;1:12.553;0;55.319;0;23.491;0;102.5;2:31.363;17:32;1:12.553;0:55.319;0:23.491;;Stefan MÜCKE;0:00:36.537;LMGTE Pro;;Aston Martin Racing;Aston Martin;
97;1;2;1:32.319;0;;23.831;0;45.732;0;22.756;0;168.0;4:03.682;17:34;0:23.831;0:45.732;0:22.756;251.7;Stefan MÜCKE;;LMGTE Pro;;Aston Martin Racing;Aston Martin;
97;1;3;1:31.503;0;;23.553;0;45.308;0;22.642;0;169.5;5:35.185;17:35;0:23.553;0:45.308;0:22.642;252.9;Stefan MÜCKE;;LMGTE Pro;;Aston Martin Racing;Aston Martin;
97;1;4;1:31.277;0;;23.337;0;45.387;0;22.553;0;169.9;7:06.462;17:37;0:23.337;0:45.387;0:22.553;254.1;Stefan MÜCKE;;LMGTE Pro;;Aston Martin Racing;Aston Martin;
97;1;5;1:43.530;0;B;23.440;0;49.745;0;30.345;0;149.8;8:49.992;17:38;0:23.440;0:49.745;0:30.345;255.3;Stefan MÜCKE;;LMGTE Pro;;Aston Martin Racing;Aston Martin;
97;1;6;4:35.004;0;;3:25.392;0;47.141;0;22.471;0;56.4;13:24.996;17:43;3:25.392;0:47.141;0:22.471;;Stefan MÜCKE;0:03:09.747;LMGTE Pro;;Aston Martin Racing;Aston Martin;
97;1;7;1:31.175;0;;23.278;0;45.413;0;22.484;0;170.1;14:56.171;17:44;0:23.278;0:45.413;0:22.484;256.5;Stefan MÜCKE;;LMGTE Pro;;Aston Martin Racing;Aston Martin;
97;1;8;1:39.822;0;B;23.242;0;46.265;0;30.315;0;155.4;16:35.993;17:46;0:23.242;0:46.265;0:30.315;256.5;Stefan MÜCKE;;LMGTE Pro;;Aston Martin Racing;Aston Martin;
97;1;9;5:10.460;0;;3:56.700;0;50.888;0;22.872;0;50.0;21:46.453;17:51;3:56.700;0:50.888;0:22.872;;Stefan MÜCKE;0:03:40.959;LMGTE Pro;;Aston Martin Racing;Aston Martin;
97;1;10;1:39.570;0;;23.267;0;52.879;0;23.424;0;155.8;23:26.023;17:53;0:23.267;0:52.879;0:23.424;254.7;Stefan MÜCKE;;LMGTE Pro;;Aston Martin Racing;Aston Martin;
97;1;11;1:43.729;0;B;24.381;0;46.918;0;32.430;0;149.5;25:09.752;17:55;0:24.381;0:46.918;0:32.430;252.3;Stefan MÜCKE;;LMGTE Pro;;Aston Martin Racing;Aston Martin;
97;1;12;5:17.037;0;;3:53.950;0;59.379;0;23.708;0;48.9;30:26.789;18:00;3:53.950;0:59.379;0:23.708;;Stefan MÜCKE;0:03:33.970;LMGTE Pro;;Aston Martin Racing;Aston Martin;
97;1;13;1:30.890;0;;23.313;0;45.201;0;22.376;2;170.7;31:57.679;18:01;0:23.313;0:45.201;0:22.376;253.5;Stefan MÜCKE;;LMGTE Pro;;Aston Martin Racing;Aston Martin;
97;1;14;1:30.296;0;;23.074;0;44.813;2;22.409;0;171.8;33:27.975;18:03;0:23.074;0:44.813;0:22.409;256.5;Stefan MÜCKE;;LMGTE Pro;;Aston Martin Racing;Aston Martin;
97;1;15;1:30.373;0;;22.957;1;44.929;0;22.487;0;171.6;34:58.348;18:04;0:22.957;0:44.929;0:22.487;255.9;Stefan MÜCKE;;LMGTE Pro;;Aston Martin Racing;Aston Martin;
97;1;16;1:37.559;0;B;23.056;0;44.914;0;29.589;0;159.0;36:35.907;18:06;0:23.056;0:44.914;0:29.589;255.3;Stefan MÜCKE;;LMGTE Pro;;Aston Martin Racing;Aston Martin;
97;0;17;3:38.197;0;;2:28.375;0;46.974;0;22.848;0;71.1;40:14.104;18:10;2:28.375;0:46.974;0:22.848;;Darren TURNER;0:02:12.337;LMGTE Pro;;Aston Martin Racing;Aston Martin;
97;0;18;1:32.460;0;;23.534;0;46.272;0;22.654;0;167.8;41:46.564;18:11;0:23.534;0:46.272;0:22.654;255.3;Darren TURNER;;LMGTE Pro;;Aston Martin Racing;Aston Martin;
97;0;19;1:31.346;0;;23.153;0;45.549;0;22.644;0;169.8;43:17.910;18:13;0:23.153;0:45.549;0:22.644;257.1;Darren TURNER;;LMGTE Pro;;Aston Martin Racing;Aston Martin;
97;0;20;1:32.399;0;;23.178;0;46.041;0;23.180;0;167.9;44:50.309;18:14;0:23.178;0:46.041;0:23.180;257.1;Darren TURNER;;LMGTE Pro;;Aston Martin Racing;Aston Martin;
97;0;21;1:31.295;0;;23.136;0;45.504;0;22.655;0;169.9;46:21.604;18:16;0:23.136;0:45.504;0:22.655;257.1;Darren TURNER;;LMGTE Pro;;Aston Martin Racing;Aston Martin;
97;0;22;1:39.779;0;B;23.160;0;46.822;0;29.797;0;155.5;48:01.383;18:18;0:23.160;0:46.822;0:29.797;258.4;Darren TURNER;;LMGTE Pro;;Aston Martin Racing;Aston Martin;
97;0;23;7:27.084;0;;6:17.735;0;46.333;0;23.016;0;34.7;55:28.467;18:25;6:17.735;0:46.333;0:23.016;;Darren TURNER;0:06:02.341;LMGTE Pro;;Aston Martin Racing;Aston Martin;
97;0;24;1:31.077;0;;23.352;0;45.194;0;22.531;0;170.3;56:59.544;18:26;0:23.352;0:45.194;0:22.531;254.7;Darren TURNER;;LMGTE Pro;;Aston Martin Racing;Aston Martin;
97;0;25;1:30.641;0;;23.103;0;45.012;0;22.526;0;171.1;58:30.185;18:28;0:23.103;0:45.012;0:22.526;256.5;Darren TURNER;;LMGTE Pro;;Aston Martin Racing;Aston Martin;
97;0;26;1:30.177;2;;22.865;2;44.825;1;22.487;1;172.0;1:00:00.362;18:30;0:22.865;0:44.825;0:22.487;256.5;Darren TURNER;;LMGTE Pro;;Aston Martin Racing;Aston Martin;
97;0;27;1:37.153;0;B;23.048;0;45.188;0;28.917;0;159.7;1:01:37.515;18:31;0:23.048;0:45.188;0:28.917;256.5;Darren TURNER;;LMGTE Pro;;Aston Martin Racing;Aston Martin;
97;0;28;5:06.220;0;;3:56.921;0;46.688;0;22.611;0;50.7;1:06:43.735;18:36;3:56.921;0:46.688;0:22.611;;Darren TURNER;0:03:41.598;LMGTE Pro;;Aston Martin Racing;Aston Martin;
97;0;29;1:30.885;0;;23.205;0;45.026;0;22.654;0;170.7;1:08:14.620;18:38;0:23.205;0:45.026;0:22.654;255.9;Darren TURNER;;LMGTE Pro;;Aston Martin Racing;Aston Martin;
97;0;30;1:32.035;0;;23.078;0;45.066;0;23.891;0;168.5;1:09:46.655;18:39;0:23.078;0:45.066;0:23.891;256.5;Darren TURNER;;LMGTE Pro;;Aston Martin Racing;Aston Martin;
97;0;31;1:30.530;0;;22.948;0;44.902;0;22.680;0;171.4;1:11:17.185;18:41;0:22.948;0:44.902;0:22.680;255.3;Darren TURNER;;LMGTE Pro;;Aston Martin Racing;Aston Martin;
97;0;32;1:38.933;0;B;22.931;0;46.612;0;29.390;0;156.8;1:12:56.118;18:42;0:22.931;0:46.612;0:29.390;255.3;Darren TURNER;;LMGTE Pro;;Aston Martin Racing;Aston Martin;
97;0;33;5:47.130;0;;4:38.892;0;45.604;0;22.634;0;44.7;1:18:43.248;18:48;4:38.892;0:45.604;0:22.634;;Darren TURNER;0:04:23.911;LMGTE Pro;;Aston Martin Racing;Aston Martin;
97;0;34;1:36.783;0;;23.249;0;50.673;0;22.861;0;160.3;1:20:20.031;18:50;0:23.249;0:50.673;0:22.861;255.3;Darren TURNER;;LMGTE Pro;;Aston Martin Racing;Aston Martin;
97;0;35;1:41.018;0;B;23.113;0;48.123;0;29.782;0;153.6;1:22:01.049;18:52;0:23.113;0:48.123;0:29.782;254.1;Darren TURNER;;LMGTE Pro;;Aston Martin Racing;Aston Martin;
97;1;36;3:53.307;0;;2:36.650;0;53.656;0;23.001;0;66.5;1:25:54.356;18:55;2:36.650;0:53.656;0:23.001;;Stefan MÜCKE;0:02:17.566;LMGTE Pro;;Aston Martin Racing;Aston Martin;
97;1;37;1:32.985;0;;23.932;0;46.442;0;22.611;0;166.8;1:27:27.341;18:57;0:23.932;0:46.442;0:22.611;252.9;Stefan MÜCKE;;LMGTE Pro;;Aston Martin Racing;Aston Martin;
97;1;38;1:31.499;0;;23.473;0;45.467;0;22.559;0;169.5;1:28:58.840;18:58;0:23.473;0:45.467;0:22.559;255.3;Stefan MÜCKE;;LMGTE Pro;;Aston Martin Racing;Aston Martin;
97;1;39;1:31.381;0;;23.297;0;45.263;0;22.821;0;169.8;1:30:30.221;19:00;0:23.297;0:45.263;0:22.821;255.3;Stefan MÜCKE;;LMGTE Pro;;Aston Martin Racing;Aston Martin;
98;2;1;2:02.934;0;;48.174;0;51.476;0;23.284;0;126.2;2:02.934;17:32;0:48.174;0:51.476;0:23.284;;Christoffer NYGAARD;0:00:16.258;LMGTE Am;;Aston Martin Racing;Aston Martin;
98;2;2;1:34.400;0;;24.410;0;47.119;0;22.871;0;164.3;3:37.334;17:33;0:24.410;0:47.119;0:22.871;250.0;Christoffer NYGAARD;;LMGTE Am;;Aston Martin Racing;Aston Martin;
98;2;3;1:34.775;0;;25.040;0;46.951;0;22.784;0;163.7;5:12.109;17:35;0:25.040;0:46.951;0:22.784;252.3;Christoffer NYGAARD;;LMGTE Am;;Aston Martin Racing;Aston Martin;
98;2;4;1:40.141;0;B;23.554;0;46.682;0;29.905;0;154.9;6:52.250;17:36;0:23.554;0:46.682;0:29.905;254.1;Christoffer NYGAARD;;LMGTE Am;;Aston Martin Racing;Aston Martin;
98;2;5;2:43.283;0;;1:32.098;0;48.139;0;23.046;0;95.0;9:35.533;17:39;1:32.098;0:48.139;0:23.046;;Christoffer NYGAARD;0:01:15.657;LMGTE Am;;Aston Martin Racing;Aston Martin;
98;2;6;1:32.739;0;;23.758;0;46.395;0;22.586;0;167.3;11:08.272;17:41;0:23.758;0:46.395;0:22.586;250.6;Christoffer NYGAARD;;LMGTE Am;;Aston Martin Racing;Aston Martin;
98;2;7;1:33.833;0;;23.414;0;47.462;0;22.957;0;165.3;12:42.105;17:42;0:23.414;0:47.462;0:22.957;252.9;Christoffer NYGAARD;;LMGTE Am;;Aston Martin Racing;Aston Martin;
98;2;8;1:39.854;0;B;23.424;0;46.069;0;30.361;0;155.4;14:21.959;17:44;0:23.424;0:46.069;0:30.361;253.5;Christoffer NYGAARD;;LMGTE Am;;Aston Martin Racing;Aston Martin;
98;2;9;5:24.958;0;;4:15.459;0;46.603;0;22.896;0;47.7;19:46.917;17:49;4:15.459;0:46.603;0:22.896;;Christoffer NYGAARD;0:04:00.111;LMGTE Am;;Aston Martin Racing;Aston Martin;
98;2;10;1:32.092;0;;23.736;0;45.702;0;22.654;0;168.4;21:19.009;17:51;0:23.736;0:45.702;0:22.654;250.6;Christoffer NYGAARD;;LMGTE Am;;Aston Martin Racing;Aston Martin;
98;2;11;1:41.040;0;B;23.437;0;47.347;0;30.256;0;153.5;23:00.049;17:53;0:23.437;0:47.347;0:30.256;252.9;Christoffer NYGAARD;;LMGTE Am;;Aston Martin Racing;Aston Martin;
98;1;12;3:02.809;0;;1:50.656;0;49.148;0;23.005;0;84.9;26:02.858;17:56;1:50.656;0:49.148;0:23.005;;Pedro LAMY;0:01:31.933;LMGTE Am;;Aston Martin Racing;Aston Martin;
98;1;13;1:33.813;0;;23.592;0;47.296;0;22.925;0;165.4;27:36.671;17:57;0:23.592;0:47.296;0:22.925;252.3;Pedro LAMY;;LMGTE Am;;Aston Martin Racing;Aston Martin;
98;1;14;1:31.196;0;;23.273;0;45.406;0;22.517;0;170.1;29:07.867;17:59;0:23.273;0:45.406;0:22.517;253.5;Pedro LAMY;;LMGTE Am;;Aston Martin Racing;Aston Martin;
98;1;15;1:39.064;0;B;23.244;0;45.587;0;30.233;0;156.6;30:46.931;18:00;0:23.244;0:45.587;0:30.233;254.1;Pedro LAMY;;LMGTE Am;;Aston Martin Racing;Aston Martin;
98;1;16;2:44.054;0;;1:35.078;0;46.299;0;22.677;0;94.6;33:30.985;18:03;1:35.078;0:46.299;0:22.677;;Pedro LAMY;0:01:18.722;LMGTE Am;;Aston Martin Racing;Aston Martin;
98;1;17;1:30.367;2;;23.138;0;44.838;2;22.391;2;171.7;35:01.352;18:05;0:23.138;0:44.838;0:22.391;252.9;Pedro LAMY;;LMGTE Am;;Aston Martin Racing;Aston Martin;
98;1;18;1:30.378;0;;22.811;2;45.046;0;22.521;0;171.6;36:31.730;18:06;0:22.811;0:45.046;0:22.521;254.7;Pedro LAMY;;LMGTE Am;;Aston Martin Racing;Aston Martin;
98;1;19;1:38.162;0;B;23.012;0;45.150;0;30.000;0;158.0;38:09.892;18:08;0:23.012;0:45.150;0:30.000;253.5;Pedro LAMY;;LMGTE Am;;Aston Martin Racing;Aston Martin;
98;2;20;3:08.275;0;;1:58.752;0;46.774;0;22.749;0;82.4;41:18.167;18:11;1:58.752;0:46.774;0:22.749;;Christoffer NYGAARD;0:01:41.952;LMGTE Am;;Aston Martin Racing;Aston Martin;
98;2;21;1:31.403;0;;23.417;0;45.454;0;22.532;0;169.7;42:49.570;18:12;0:23.417;0:45.454;0:22.532;251.2;Christoffer NYGAARD;;LMGTE Am;;Aston Martin Racing;Aston Martin;
98;2;22;1:31.030;0;;23.131;0;45.411;0;22.488;1;170.4;44:20.600;18:14;0:23.131;0:45.411;0:22.488;253.5;Christoffer NYGAARD;;LMGTE Am;;Aston Martin Racing;Aston Martin;
98;2;23;1:30.907;0;;22.995;1;45.362;1;22.550;0;170.6;45:51.507;18:15;0:22.995;0:45.362;0:22.550;254.1;Christoffer NYGAARD;;LMGTE Am;;Aston Martin Racing;Aston Martin;
98;2;24;1:38.671;0;B;23.174;0;45.557;0;29.940;0;157.2;47:30.178;18:17;0:23.174;0:45.557;0:29.940;252.9;Christoffer NYGAARD;;LMGTE Am;;Aston Martin Racing;Aston Martin;
98;0;25;3:41.806;0;;2:27.647;0;50.928;0;23.231;0;69.9;51:11.984;18:21;2:27.647;0:50.928;0:23.231;;Paul DALLA LANA;0:02:09.438;LMGTE Am;;Aston Martin Racing;Aston Martin;
98;0;26;1:34.953;0;;24.073;0;48.008;0;22.872;0;163.4;52:46.937;18:22;0:24.073;0:48.008;0:22.872;249.4;Paul DALLA LANA;;LMGTE Am;;Aston Martin Racing;Aston Martin;
98;0;27;1:34.599;0;;23.924;0;46.968;0;23.707;0;164.0;54:21.536;18:24;0:23.924;0:46.968;0:23.707;251.7;Paul DALLA LANA;;LMGTE Am;;Aston Martin Racing;Aston Martin;
98;0;28;1:33.054;0;;23.947;0;46.373;0;22.734;0;166.7;55:54.590;18:25;0:23.947;0:46.373;0:22.734;249.4;Paul DALLA LANA;;LMGTE Am;;Aston Martin Racing;Aston Martin;
98;0;29;1:32.682;0;;23.695;0;46.224;0;22.763;0;167.4;57:27.272;18:27;0:23.695;0:46.224;0:22.763;253.5;Paul DALLA LANA;;LMGTE Am;;Aston Martin Racing;Aston Martin;
98;0;30;1:32.043;0;;23.503;1;45.776;1;22.764;0;168.5;58:59.315;18:28;0:23.503;0:45.776;0:22.764;251.7;Paul DALLA LANA;;LMGTE Am;;Aston Martin Racing;Aston Martin;
98;0;31;1:32.878;0;;23.624;0;45.879;0;23.375;0;167.0;1:00:32.193;18:30;0:23.624;0:45.879;0:23.375;251.7;Paul DALLA LANA;;LMGTE Am;;Aston Martin Racing;Aston Martin;
98;0;32;1:32.535;0;;23.607;0;45.954;0;22.974;0;167.6;1:02:04.728;18:32;0:23.607;0:45.954;0:22.974;251.7;Paul DALLA LANA;;LMGTE Am;;Aston Martin Racing;Aston Martin;
98;0;33;1:34.736;0;;24.031;0;47.726;0;22.979;0;163.7;1:03:39.464;18:33;0:24.031;0:47.726;0:22.979;252.3;Paul DALLA LANA;;LMGTE Am;;Aston Martin Racing;Aston Martin;
98;0;34;1:32.646;0;;23.529;0;46.484;0;22.633;1;167.4;1:05:12.110;18:35;0:23.529;0:46.484;0:22.633;251.2;Paul DALLA LANA;;LMGTE Am;;Aston Martin Racing;Aston Martin;
98;0;35;1:34.501;0;;24.973;0;46.633;0;22.895;0;164.2;1:06:46.611;18:36;0:24.973;0:46.633;0:22.895;254.1;Paul DALLA LANA;;LMGTE Am;;Aston Martin Racing;Aston Martin;
98;0;36;1:33.420;0;;23.789;0;46.666;0;22.965;0;166.1;1:08:20.031;18:38;0:23.789;0:46.666;0:22.965;252.9;Paul DALLA LANA;;LMGTE Am;;Aston Martin Racing;Aston Martin;
98;0;37;1:33.291;0;;23.982;0;46.502;0;22.807;0;166.3;1:09:53.322;18:39;0:23.982;0:46.502;0:22.807;251.7;Paul DALLA LANA;;LMGTE Am;;Aston Martin Racing;Aston Martin;
98;0;38;1:33.215;0;;24.066;0;46.227;0;22.922;0;166.4;1:11:26.537;18:41;0:24.066;0:46.227;0:22.922;251.7;Paul DALLA LANA;;LMGTE Am;;Aston Martin Racing;Aston Martin;
98;0;39;1:40.178;0;B;23.566;0;46.409;0;30.203;0;154.8;1:13:06.715;18:43;0:23.566;0:46.409;0:30.203;251.7;Paul DALLA LANA;;LMGTE Am;;Aston Martin Racing;Aston Martin;
98;1;40;3:51.489;0;;2:39.275;0;48.833;0;23.381;0;67.0;1:16:58.204;18:46;2:39.275;0:48.833;0:23.381;;Pedro LAMY;0:02:21.651;LMGTE Am;;Aston Martin Racing;Aston Martin;
98;1;41;1:51.221;0;B;26.155;0;51.125;0;33.941;0;139.5;1:18:49.425;18:48;0:26.155;0:51.125;0:33.941;248.3;Pedro LAMY;;LMGTE Am;;Aston Martin Racing;Aston Martin;
98;1;42;4:23.549;0;;3:11.670;0;48.521;0;23.358;0;58.9;1:23:12.974;18:53;3:11.670;0:48.521;0:23.358;;Pedro LAMY;0:02:54.208;LMGTE Am;;Aston Martin Racing;Aston Martin;
98;1;43;1:33.300;0;;23.685;0;46.866;0;22.749;0;166.3;1:24:46.274;18:54;0:23.685;0:46.866;0:22.749;248.3;Pedro LAMY;;LMGTE Am;;Aston Martin Racing;Aston Martin;
98;1;44;1:32.879;0;;23.153;0;46.868;0;22.858;0;167.0;1:26:19.153;18:56;0:23.153;0:46.868;0:22.858;250.6;Pedro LAMY;;LMGTE Am;;Aston Martin Racing;Aston Martin;
98;1;45;1:30.952;0;;23.070;0;45.210;0;22.672;0;170.6;1:27:50.105;18:57;0:23.070;0:45.210;0:22.672;252.3;Pedro LAMY;;LMGTE Am;;Aston Martin Racing;Aston Martin;
98;1;46;1:32.662;0;;23.163;0;46.334;0;23.165;0;167.4;1:29:22.767;18:59;0:23.163;0:46.334;0:23.165;251.7;Pedro LAMY;;LMGTE Am;;Aston Martin Racing;Aston Martin;
98;1;47;1:31.287;0;;23.135;0;45.395;0;22.757;0;169.9;1:30:54.054;19:00;0:23.135;0:45.395;0:22.757;251.2;Pedro LAMY;;LMGTE Am;;Aston Martin Racing;Aston Martin;
99;2;1;2:26.975;0;;1:13.242;0;50.551;0;23.182;0;105.5;2:26.975;17:32;1:13.242;0:50.551;0:23.182;;Fernando REES;0:00:45.326;LMGTE Pro;;Aston Martin Racing;Aston Martin;
99;2;2;1:31.022;0;;23.191;0;45.274;0;22.557;0;170.4;3:57.997;17:33;0:23.191;0:45.274;0:22.557;252.9;Fernando REES;;LMGTE Pro;;Aston Martin Racing;Aston Martin;
99;2;3;1:30.112;2;;22.862;1;44.917;2;22.333;2;172.1;5:28.109;17:35;0:22.862;0:44.917;0:22.333;255.3;Fernando REES;;LMGTE Pro;;Aston Martin Racing;Aston Martin;
99;2;4;1:45.749;0;B;24.477;0;47.987;0;33.285;0;146.7;7:13.858;17:37;0:24.477;0:47.987;0:33.285;257.8;Fernando REES;;LMGTE Pro;;Aston Martin Racing;Aston Martin;
99;1;5;3:28.186;0;;2:11.717;0;53.070;0;23.399;0;74.5;10:42.044;17:40;2:11.717;0:53.070;0:23.399;;Darryl O'YOUNG;0:01:51.704;LMGTE Pro;;Aston Martin Racing;Aston Martin;
99;1;6;1:31.706;0;;23.520;0;45.589;0;22.597;0;169.2;12:13.750;17:42;0:23.520;0:45.589;0:22.597;252.3;Darryl O'YOUNG;;LMGTE Pro;;Aston Martin Racing;Aston Martin;
99;1;7;1:30.895;0;;23.126;0;45.395;0;22.374;1;170.7;13:44.645;17:43;0:23.126;0:45.395;0:22.374;255.9;Darryl O'YOUNG;;LMGTE Pro;;Aston Martin Racing;Aston Martin;
99;1;8;1:31.986;0;;22.816;2;46.641;0;22.529;0;168.6;15:16.631;17:45;0:22.816;0:46.641;0:22.529;255.3;Darryl O'YOUNG;;LMGTE Pro;;Aston Martin Racing;Aston Martin;
99;1;9;1:37.977;0;B;22.987;0;45.424;0;29.566;0;158.3;16:54.608;17:46;0:22.987;0:45.424;0:29.566;256.5;Darryl O'YOUNG;;LMGTE Pro;;Aston Martin Racing;Aston Martin;
99;0;10;4:11.185;0;;2:58.387;0;49.775;0;23.023;0;61.8;21:05.793;17:51;2:58.387;0:49.775;0:23.023;;Alex MACDOWALL;0:02:41.366;LMGTE Pro;;Aston Martin Racing;Aston Martin;
99;0;11;1:33.126;0;;23.808;0;45.965;0;23.353;0;166.6;22:38.919;17:52;0:23.808;0:45.965;0:23.353;252.9;Alex MACDOWALL;;LMGTE Pro;;Aston Martin Racing;Aston Martin;
99;0;12;1:34.546;0;;23.855;0;47.596;0;23.095;0;164.1;24:13.465;17:54;0:23.855;0:47.596;0:23.095;254.1;Alex MACDOWALL;;LMGTE Pro;;Aston Martin Racing;Aston Martin;
99;0;13;1:34.363;0;;24.956;0;46.731;0;22.676;1;164.4;25:47.828;17:55;0:24.956;0:46.731;0:22.676;239.5;Alex MACDOWALL;;LMGTE Pro;;Aston Martin Racing;Aston Martin;
99;0;14;1:33.791;0;;24.070;0;46.901;0;22.820;0;165.4;27:21.619;17:57;0:24.070;0:46.901;0:22.820;254.7;Alex MACDOWALL;;LMGTE Pro;;Aston Martin Racing;Aston Martin;
99;0;15;1:44.225;0;B;23.887;0;48.245;0;32.093;0;148.8;29:05.844;17:59;0:23.887;0:48.245;0:32.093;254.7;Alex MACDOWALL;;LMGTE Pro;;Aston Martin Racing;Aston Martin;
99;0;16;4:44.356;0;;3:31.450;0;49.663;0;23.243;0;54.6;33:50.200;18:03;3:31.450;0:49.663;0:23.243;;Alex MACDOWALL;0:03:15.637;LMGTE Pro;;Aston Martin Racing;Aston Martin;
99;0;17;1:33.456;0;;23.670;0;46.798;0;22.988;0;166.0;35:23.656;18:05;0:23.670;0:46.798;0:22.988;250.0;Alex MACDOWALL;;LMGTE Pro;;Aston Martin Racing;Aston Martin;
99;0;18;1:32.022;0;;23.619;0;45.493;1;22.910;0;168.6;36:55.678;18:06;0:23.619;0:45.493;0:22.910;251.2;Alex MACDOWALL;;LMGTE Pro;;Aston Martin Racing;Aston Martin;
99;0;19;1:32.504;0;;23.509;0;46.121;0;22.874;0;167.7;38:28.182;18:08;0:23.509;0:46.121;0:22.874;252.9;Alex MACDOWALL;;LMGTE Pro;;Aston Martin Racing;Aston Martin;
99;0;20;1:32.013;0;;23.503;1;45.772;0;22.738;0;168.6;40:00.195;18:10;0:23.503;0:45.772;0:22.738;252.9;Alex MACDOWALL;;LMGTE Pro;;Aston Martin Racing;Aston Martin;
99;0;21;1:36.363;0;;24.037;0;49.539;0;22.787;0;161.0;41:36.558;18:11;0:24.037;0:49.539;0:22.787;255.3;Alex MACDOWALL;;LMGTE Pro;;Aston Martin Racing;Aston Martin;
99;0;22;1:34.348;0;;23.631;0;46.561;0;24.156;0;164.4;43:10.906;18:13;0:23.631;0:46.561;0:24.156;254.1;Alex MACDOWALL;;LMGTE Pro;;Aston Martin Racing;Aston Martin;
99;0;23;1:37.757;0;;26.197;0;48.561;0;22.999;0;158.7;44:48.663;18:14;0:26.197;0:48.561;0:22.999;236.8;Alex MACDOWALL;;LMGTE Pro;;Aston Martin Racing;Aston Martin;
99;0;24;1:36.767;0;;24.657;0;49.170;0;22.940;0;160.3;46:25.430;18:16;0:24.657;0:49.170;0:22.940;253.5;Alex MACDOWALL;;LMGTE Pro;;Aston Martin Racing;Aston Martin;
99;0;25;1:34.863;0;;23.996;0;47.957;0;22.910;0;163.5;48:00.293;18:18;0:23.996;0:47.957;0:22.910;253.5;Alex MACDOWALL;;LMGTE Pro;;Aston Martin Racing;Aston Martin;
99;0;26;1:40.314;0;B;23.871;0;46.332;0;30.111;0;154.6;49:40.607;18:19;0:23.871;0:46.332;0:30.111;253.5;Alex MACDOWALL;;LMGTE Pro;;Aston Martin Racing;Aston Martin;
99;2;27;5:36.608;0;;4:27.273;0;46.647;0;22.688;0;46.1;55:17.215;18:25;4:27.273;0:46.647;0:22.688;;Fernando REES;0:04:09.111;LMGTE Pro;;Aston Martin Racing;Aston Martin;
99;2;28;1:30.730;0;;22.976;0;45.241;0;22.513;0;171.0;56:47.945;18:26;0:22.976;0:45.241;0:22.513;252.9;Fernando REES;;LMGTE Pro;;Aston Martin Racing;Aston Martin;
99;2;29;1:33.226;0;;22.886;0;47.375;0;22.965;0;166.4;58:21.171;18:28;0:22.886;0:47.375;0:22.965;254.1;Fernando REES;;LMGTE Pro;;Aston Martin Racing;Aston Martin;
99;2;30;1:31.152;0;;23.070;0;45.175;0;22.907;0;170.2;59:52.323;18:29;0:23.070;0:45.175;0:22.907;254.1;Fernando REES;;LMGTE Pro;;Aston Martin Racing;Aston Martin;
99;2;31;1:30.751;0;;23.008;0;45.247;0;22.496;0;170.9;1:01:23.074;18:31;0:23.008;0:45.247;0:22.496;254.7;Fernando REES;;LMGTE Pro;;Aston Martin Racing;Aston Martin;
99;2;32;1:30.719;0;;22.870;0;45.233;0;22.616;0;171.0;1:02:53.793;18:32;0:22.870;0:45.233;0:22.616;256.5;Fernando REES;;LMGTE Pro;;Aston Martin Racing;Aston Martin;
99;2;33;1:30.762;0;;22.980;0;45.240;0;22.542;0;170.9;1:04:24.555;18:34;0:22.980;0:45.240;0:22.542;257.1;Fernando REES;;LMGTE Pro;;Aston Martin Racing;Aston Martin;
99;2;34;1:31.710;0;;23.498;0;45.659;0;22.553;0;169.1;1:05:56.265;18:35;0:23.498;0:45.659;0:22.553;259.0;Fernando REES;;LMGTE Pro;;Aston Martin Racing;Aston Martin;
99;2;35;1:30.699;0;;22.948;0;45.218;0;22.533;0;171.0;1:07:26.964;18:37;0:22.948;0:45.218;0:22.533;256.5;Fernando REES;;LMGTE Pro;;Aston Martin Racing;Aston Martin;
99;2;36;1:40.278;0;B;22.884;0;46.599;0;30.795;0;154.7;1:09:07.242;18:39;0:22.884;0:46.599;0:30.795;256.5;Fernando REES;;LMGTE Pro;;Aston Martin Racing;Aston Martin;
99;1;37;3:48.793;0;;2:38.346;0;47.686;0;22.761;0;67.8;1:12:56.035;18:42;2:38.346;0:47.686;0:22.761;;Darryl O'YOUNG;0:02:20.985;LMGTE Pro;;Aston Martin Racing;Aston Martin;
99;1;38;1:32.011;0;;23.360;0;45.976;0;22.675;0;168.6;1:14:28.046;18:44;0:23.360;0:45.976;0:22.675;252.9;Darryl O'YOUNG;;LMGTE Pro;;Aston Martin Racing;Aston Martin;
99;1;39;1:31.509;0;;23.222;0;45.602;0;22.685;0;169.5;1:15:59.555;18:45;0:23.222;0:45.602;0:22.685;254.7;Darryl O'YOUNG;;LMGTE Pro;;Aston Martin Racing;Aston Martin;
99;1;40;1:31.787;0;;23.589;0;45.587;0;22.611;0;169.0;1:17:31.342;18:47;0:23.589;0:45.587;0:22.611;254.1;Darryl O'YOUNG;;LMGTE Pro;;Aston Martin Racing;Aston Martin;
99;1;41;1:31.193;0;;23.286;0;45.331;1;22.576;0;170.1;1:19:02.535;18:49;0:23.286;0:45.331;0:22.576;255.3;Darryl O'YOUNG;;LMGTE Pro;;Aston Martin Racing;Aston Martin;
99;1;42;1:31.823;0;;23.112;0;46.106;0;22.605;0;168.9;1:20:34.358;18:50;0:23.112;0:46.106;0:22.605;257.1;Darryl O'YOUNG;;LMGTE Pro;;Aston Martin Racing;Aston Martin;
99;1;43;1:33.080;0;;23.329;0;46.969;0;22.782;0;166.7;1:22:07.438;18:52;0:23.329;0:46.969;0:22.782;255.9;Darryl O'YOUNG;;LMGTE Pro;;Aston Martin Racing;Aston Martin;
99;1;44;1:42.386;0;B;23.547;0;47.503;0;31.336;0;151.5;1:23:49.824;18:53;0:23.547;0:47.503;0:31.336;255.3;Darryl O'YOUNG;;LMGTE Pro;;Aston Martin Racing;Aston Martin;
