NUMBER; DRIVER_NUMBER; LAP_NUMBER; LAP_TIME; LAP_IMPROVEMENT; CROSSING_FINISH_LINE_IN_PIT; S1; S1_IMPROVEMENT; S2; S2_IMPROVEMENT; S3; S3_IMPROVEMENT; KPH; ELAPSED; HOUR;S1_LARGE;S2_LARGE;S3_LARGE;TOP_SPEED;DRIVER_NAME;PIT_TIME;CLASS;GROUP;TEAM;MANUFACTURER;
10;1;1;3:24.764;0;;1:56.815;0;44.597;0;43.352;0;101.8;3:24.764;09:03:24.764;1:56.815;0:44.597;0:43.352;155.4;Andres MENDEZ;0:01:11.500;LMP3;;Oregon Team;Norma;
10;1;2;2:03.015;0;;41.038;0;41.473;0;40.504;0;169.5;5:27.779;09:05:27.779;0:41.038;0:41.473;0:40.504;186.2;Andres MENDEZ;;LMP3;;Oregon Team;Norma;
10;1;3;1:57.068;0;;37.481;0;40.393;0;39.194;0;178.1;7:24.847;09:07:24.847;0:37.481;0:40.393;0:39.194;228.3;Andres MENDEZ;;LMP3;;Oregon Team;Norma;
10;1;4;1:55.813;0;;38.683;0;38.759;0;38.371;0;180.1;9:20.660;09:09:20.660;0:38.683;0:38.759;0:38.371;209.7;Andres MENDEZ;;LMP3;;Oregon Team;Norma;
10;1;5;1:52.808;0;;36.624;0;38.231;0;37.953;0;184.9;11:13.468;09:11:13.468;0:36.624;0:38.231;0:37.953;229.3;Andres MENDEZ;;LMP3;;Oregon Team;Norma;
10;1;6;1:51.811;0;;36.181;0;37.957;0;37.673;0;186.5;13:05.279;09:13:05.279;0:36.181;0:37.957;0:37.673;241.6;Andres MENDEZ;;LMP3;;Oregon Team;Norma;
10;1;7;1:50.624;0;;35.774;0;37.385;0;37.465;0;188.5;14:55.903;09:14:55.903;0:35.774;0:37.385;0:37.465;272.0;Andres MENDEZ;;LMP3;;Oregon Team;Norma;
10;1;8;1:50.256;0;;36.082;0;37.188;0;36.986;0;189.1;16:46.159;09:16:46.159;0:36.082;0:37.188;0:36.986;250.6;Andres MENDEZ;;LMP3;;Oregon Team;Norma;
10;1;9;1:48.903;0;;35.111;0;36.923;0;36.869;0;191.5;18:35.062;09:18:35.062;0:35.111;0:36.923;0:36.869;274.1;Andres MENDEZ;;LMP3;;Oregon Team;Norma;
10;1;10;1:49.386;0;;35.237;0;37.124;0;37.025;0;190.7;20:24.448;09:20:24.448;0:35.237;0:37.124;0:37.025;275.5;Andres MENDEZ;;LMP3;;Oregon Team;Norma;
10;1;11;1:48.506;0;;34.687;1;36.819;0;37.000;0;192.2;22:12.954;09:22:12.954;0:34.687;0:36.819;0:37.000;275.5;Andres MENDEZ;;LMP3;;Oregon Team;Norma;
10;1;12;1:48.646;0;;34.758;0;36.724;1;37.164;0;192.0;24:01.600;09:24:01.600;0:34.758;0:36.724;0:37.164;275.5;Andres MENDEZ;;LMP3;;Oregon Team;Norma;
10;1;13;1:52.255;0;;34.736;0;39.642;0;37.877;0;185.8;25:53.855;09:25:53.855;0:34.736;0:39.642;0:37.877;274.1;Andres MENDEZ;;LMP3;;Oregon Team;Norma;
10;1;14;1:48.722;0;;34.856;0;37.037;0;36.829;0;191.8;27:42.577;09:27:42.577;0:34.856;0:37.037;0:36.829;274.8;Andres MENDEZ;;LMP3;;Oregon Team;Norma;
10;1;15;1:48.080;0;;34.749;0;36.820;0;36.511;1;193.0;29:30.657;09:29:30.657;0:34.749;0:36.820;0:36.511;274.8;Andres MENDEZ;;LMP3;;Oregon Team;Norma;
10;1;16;1:48.584;0;;35.081;0;36.862;0;36.641;0;192.1;31:19.241;09:31:19.241;0:35.081;0:36.862;0:36.641;272.0;Andres MENDEZ;;LMP3;;Oregon Team;Norma;
10;1;17;1:57.283;0;B;34.762;0;37.742;0;44.779;0;177.8;33:16.524;09:33:16.524;0:34.762;0:37.742;0:44.779;268.7;Andres MENDEZ;;LMP3;;Oregon Team;Norma;
10;0;18;5:31.419;0;;4:13.410;0;40.336;0;37.673;0;62.9;38:47.943;09:38:47.943;4:13.410;0:40.336;0:37.673;156.5;Davide RODA;0:03:37.489;LMP3;;Oregon Team;Norma;
10;0;19;1:51.596;0;;35.087;0;39.190;0;37.319;0;186.9;40:39.539;09:40:39.539;0:35.087;0:39.190;0:37.319;272.0;Davide RODA;;LMP3;;Oregon Team;Norma;
10;0;20;1:49.684;0;;34.920;0;37.455;1;37.309;1;190.1;42:29.223;09:42:29.223;0:34.920;0:37.455;0:37.309;272.7;Davide RODA;;LMP3;;Oregon Team;Norma;
10;0;21;1:50.562;0;;34.851;1;38.285;0;37.426;0;188.6;44:19.785;09:44:19.785;0:34.851;0:38.285;0:37.426;274.1;Davide RODA;;LMP3;;Oregon Team;Norma;
10;0;22;1:49.981;0;;34.913;0;37.573;0;37.495;0;189.6;46:09.766;09:46:09.766;0:34.913;0:37.573;0:37.495;273.4;Davide RODA;;LMP3;;Oregon Team;Norma;
10;0;23;1:52.253;0;;35.030;0;39.622;0;37.601;0;185.8;48:02.019;09:48:02.019;0:35.030;0:39.622;0:37.601;270.7;Davide RODA;;LMP3;;Oregon Team;Norma;
10;0;24;2:32.497;0;;35.168;0;40.795;0;1:16.534;0;136.8;50:34.516;09:50:34.516;0:35.168;0:40.795;1:16.534;262.1;Davide RODA;;LMP3;;Oregon Team;Norma;
10;0;25;3:53.027;0;;1:27.692;0;1:22.312;0;1:03.023;0;89.5;54:27.543;09:54:27.543;1:27.692;1:22.312;1:03.023;78.8;Davide RODA;;LMP3;;Oregon Team;Norma;
10;0;26;1:52.212;0;;35.567;0;38.455;0;38.190;0;185.9;56:19.755;09:56:19.755;0:35.567;0:38.455;0:38.190;253.5;Davide RODA;;LMP3;;Oregon Team;Norma;
10;0;27;1:59.643;0;B;35.460;0;38.042;0;46.141;0;174.3;58:19.398;09:58:19.398;0:35.460;0:38.042;0:46.141;266.0;Davide RODA;;LMP3;;Oregon Team;Norma;
10;2;28;3:51.324;0;;2:32.064;0;40.175;0;39.085;0;90.2;1:02:10.722;10:02:10.722;2:32.064;0:40.175;0:39.085;169.8;Dario CAPITANIO;0:01:55.139;LMP3;;Oregon Team;Norma;
10;2;29;1:49.829;0;;35.204;0;37.399;0;37.226;0;189.9;1:04:00.551;10:04:00.551;0:35.204;0:37.399;0:37.226;260.2;Dario CAPITANIO;;LMP3;;Oregon Team;Norma;
10;2;30;3:02.240;0;;48.705;0;1:22.371;0;51.164;0;114.4;1:07:02.791;10:07:02.791;0:48.705;1:22.371;0:51.164;272.7;Dario CAPITANIO;;LMP3;;Oregon Team;Norma;
10;2;31;1:50.672;0;;35.725;0;37.862;0;37.085;0;188.4;1:08:53.463;10:08:53.463;0:35.725;0:37.862;0:37.085;268.7;Dario CAPITANIO;;LMP3;;Oregon Team;Norma;
10;2;32;1:49.334;0;;35.150;0;37.132;0;37.052;0;190.7;1:10:42.797;10:10:42.797;0:35.150;0:37.132;0:37.052;272.7;Dario CAPITANIO;;LMP3;;Oregon Team;Norma;
10;2;33;1:48.780;0;;34.944;0;36.995;0;36.841;0;191.7;1:12:31.577;10:12:31.577;0:34.944;0:36.995;0:36.841;273.4;Dario CAPITANIO;;LMP3;;Oregon Team;Norma;
10;2;34;1:48.605;0;;34.878;0;36.796;0;36.931;0;192.0;1:14:20.182;10:14:20.182;0:34.878;0:36.796;0:36.931;272.7;Dario CAPITANIO;;LMP3;;Oregon Team;Norma;
10;2;35;1:59.460;0;B;35.366;0;39.477;0;44.617;0;174.6;1:16:19.642;10:16:19.642;0:35.366;0:39.477;0:44.617;238.4;Dario CAPITANIO;;LMP3;;Oregon Team;Norma;
10;2;36;3:24.543;0;;2:07.631;0;39.450;0;37.462;0;102.0;1:19:44.185;10:19:44.185;2:07.631;0:39.450;0:37.462;210.9;Dario CAPITANIO;0:01:36.277;LMP3;;Oregon Team;Norma;
10;2;37;1:47.520;0;;34.599;0;36.594;0;36.327;0;194.0;1:21:31.705;10:21:31.705;0:34.599;0:36.594;0:36.327;274.1;Dario CAPITANIO;;LMP3;;Oregon Team;Norma;
10;2;38;1:47.219;0;;34.519;0;36.467;0;36.233;0;194.5;1:23:18.924;10:23:18.924;0:34.519;0:36.467;0:36.233;272.7;Dario CAPITANIO;;LMP3;;Oregon Team;Norma;
10;2;39;1:46.864;2;;34.436;0;36.277;2;36.151;2;195.2;1:25:05.788;10:25:05.788;0:34.436;0:36.277;0:36.151;274.1;Dario CAPITANIO;;LMP3;;Oregon Team;Norma;
10;2;40;1:46.929;0;;34.322;2;36.342;0;36.265;0;195.0;1:26:52.717;10:26:52.717;0:34.322;0:36.342;0:36.265;273.4;Dario CAPITANIO;;LMP3;;Oregon Team;Norma;
10;2;41;1:52.358;0;;34.501;0;40.430;0;37.427;0;185.6;1:28:45.075;10:28:45.075;0:34.501;0:40.430;0:37.427;276.2;Dario CAPITANIO;;LMP3;;Oregon Team;Norma;
10;2;42;1:48.762;0;;34.746;0;37.358;0;36.658;0;191.7;1:30:33.837;10:30:33.837;0:34.746;0:37.358;0:36.658;274.1;Dario CAPITANIO;;LMP3;;Oregon Team;Norma;
11;1;1;6:38.772;0;;5:07.915;0;45.750;0;45.107;0;52.3;6:38.772;09:06:38.772;5:07.915;0:45.750;0:45.107;143.4;Davide UBOLDI;0:04:24.931;LMP3;;Eurointernational;Ligier;
11;1;2;2:05.212;0;;41.261;0;43.249;0;40.702;0;166.6;8:43.984;09:08:43.984;0:41.261;0:43.249;0:40.702;194.2;Davide UBOLDI;;LMP3;;Eurointernational;Ligier;
11;1;3;1:58.579;0;;37.489;0;39.266;0;41.824;0;175.9;10:42.563;09:10:42.563;0:37.489;0:39.266;0:41.824;201.1;Davide UBOLDI;;LMP3;;Eurointernational;Ligier;
11;1;4;2:09.428;0;B;41.531;0;41.397;0;46.500;0;161.1;12:51.991;09:12:51.991;0:41.531;0:41.397;0:46.500;191.5;Davide UBOLDI;;LMP3;;Eurointernational;Ligier;
11;1;5;9:24.528;0;;8:05.113;0;40.557;0;38.858;0;36.9;22:16.519;09:22:16.519;8:05.113;0:40.557;0:38.858;199.6;Davide UBOLDI;0:07:31.507;LMP3;;Eurointernational;Ligier;
11;1;6;1:51.039;0;;35.676;0;37.585;0;37.778;0;187.8;24:07.558;09:24:07.558;0:35.676;0:37.585;0:37.778;245.5;Davide UBOLDI;;LMP3;;Eurointernational;Ligier;
11;1;7;1:50.363;0;;35.441;0;37.566;0;37.356;0;189.0;25:57.921;09:25:57.921;0:35.441;0:37.566;0:37.356;261.5;Davide UBOLDI;;LMP3;;Eurointernational;Ligier;
11;1;8;1:50.215;0;;35.810;0;37.153;1;37.252;0;189.2;27:48.136;09:27:48.136;0:35.810;0:37.153;0:37.252;258.4;Davide UBOLDI;;LMP3;;Eurointernational;Ligier;
11;1;9;2:00.266;0;B;35.144;0;37.288;0;47.834;0;173.4;29:48.402;09:29:48.402;0:35.144;0:37.288;0:47.834;264.1;Davide UBOLDI;;LMP3;;Eurointernational;Ligier;
11;1;10;8:48.598;0;;7:32.296;0;38.585;0;37.717;0;39.5;38:37.000;09:38:37.000;7:32.296;0:38.585;0:37.717;210.5;Davide UBOLDI;0:07:01.717;LMP3;;Eurointernational;Ligier;
11;1;11;1:50.196;0;;35.190;0;37.530;0;37.476;0;189.3;40:27.196;09:40:27.196;0:35.190;0:37.530;0:37.476;268.0;Davide UBOLDI;;LMP3;;Eurointernational;Ligier;
11;1;12;1:49.918;0;;35.017;0;37.501;0;37.400;0;189.7;42:17.114;09:42:17.114;0:35.017;0:37.501;0:37.400;268.7;Davide UBOLDI;;LMP3;;Eurointernational;Ligier;
11;1;13;1:49.460;0;;34.938;0;37.468;0;37.054;1;190.5;44:06.574;09:44:06.574;0:34.938;0:37.468;0:37.054;268.7;Davide UBOLDI;;LMP3;;Eurointernational;Ligier;
11;1;14;2:02.333;0;B;34.890;1;37.412;0;50.031;0;170.5;46:08.907;09:46:08.907;0:34.890;0:37.412;0:50.031;269.3;Davide UBOLDI;;LMP3;;Eurointernational;Ligier;
11;0;15;8:47.513;0;;6:59.309;0;1:08.663;0;39.541;0;39.5;54:56.420;09:54:56.420;6:59.309;1:08.663;0:39.541;80.4;Giorgio MONDINI;0:05:50.145;LMP3;;Eurointernational;Ligier;
11;0;16;1:51.796;0;;35.502;0;38.682;0;37.612;0;186.5;56:48.216;09:56:48.216;0:35.502;0:38.682;0:37.612;267.3;Giorgio MONDINI;;LMP3;;Eurointernational;Ligier;
11;0;17;1:49.264;0;;35.038;0;37.323;0;36.903;0;190.9;58:37.480;09:58:37.480;0:35.038;0:37.323;0:36.903;267.3;Giorgio MONDINI;;LMP3;;Eurointernational;Ligier;
11;0;18;1:48.954;0;;34.790;0;37.321;0;36.843;0;191.4;1:00:26.434;10:00:26.434;0:34.790;0:37.321;0:36.843;270.0;Giorgio MONDINI;;LMP3;;Eurointernational;Ligier;
11;0;19;1:51.517;0;;34.659;0;39.639;0;37.219;0;187.0;1:02:17.951;10:02:17.951;0:34.659;0:39.639;0:37.219;272.0;Giorgio MONDINI;;LMP3;;Eurointernational;Ligier;
11;0;20;1:50.530;0;;34.819;0;38.099;0;37.612;0;188.7;1:04:08.481;10:04:08.481;0:34.819;0:38.099;0:37.612;270.0;Giorgio MONDINI;;LMP3;;Eurointernational;Ligier;
11;0;21;3:09.251;0;;1:06.011;0;1:20.590;0;42.650;0;110.2;1:07:17.732;10:07:17.732;1:06.011;1:20.590;0:42.650;118.6;Giorgio MONDINI;;LMP3;;Eurointernational;Ligier;
11;0;22;1:53.639;0;;36.172;0;38.166;0;39.301;0;183.5;1:09:11.371;10:09:11.371;0:36.172;0:38.166;0:39.301;269.3;Giorgio MONDINI;;LMP3;;Eurointernational;Ligier;
11;0;23;1:48.641;0;;34.622;0;37.004;0;37.015;0;192.0;1:11:00.012;10:11:00.012;0:34.622;0:37.004;0:37.015;271.4;Giorgio MONDINI;;LMP3;;Eurointernational;Ligier;
11;0;24;1:48.580;0;;34.969;0;36.923;0;36.688;0;192.1;1:12:48.592;10:12:48.592;0:34.969;0:36.923;0:36.688;271.4;Giorgio MONDINI;;LMP3;;Eurointernational;Ligier;
11;0;25;1:59.422;0;B;34.908;0;39.555;0;44.959;0;174.6;1:14:48.014;10:14:48.014;0:34.908;0:39.555;0:44.959;267.3;Giorgio MONDINI;;LMP3;;Eurointernational;Ligier;
11;0;26;3:19.496;0;;2:04.180;0;38.298;0;37.018;0;104.5;1:18:07.510;10:18:07.510;2:04.180;0:38.298;0:37.018;208.5;Giorgio MONDINI;0:01:33.111;LMP3;;Eurointernational;Ligier;
11;0;27;1:47.112;0;;34.545;0;36.323;0;36.244;0;194.7;1:19:54.622;10:19:54.622;0:34.545;0:36.323;0:36.244;270.7;Giorgio MONDINI;;LMP3;;Eurointernational;Ligier;
11;0;28;1:46.965;0;;34.381;2;36.360;0;36.224;0;195.0;1:21:41.587;10:21:41.587;0:34.381;0:36.360;0:36.224;270.0;Giorgio MONDINI;;LMP3;;Eurointernational;Ligier;
11;0;29;1:46.685;2;;34.482;0;36.157;2;36.046;2;195.5;1:23:28.272;10:23:28.272;0:34.482;0:36.157;0:36.046;271.4;Giorgio MONDINI;;LMP3;;Eurointernational;Ligier;
11;0;30;1:56.671;0;B;34.956;0;36.600;0;45.115;0;178.7;1:25:24.943;10:25:24.943;0:34.956;0:36.600;0:45.115;270.7;Giorgio MONDINI;;LMP3;;Eurointernational;Ligier;
12;1;1;2:46.924;0;;1:05.698;0;53.198;0;48.028;0;124.9;2:46.924;09:02:46.924;1:05.698;0:53.198;0:48.028;164.6;Maxime PIALAT;0:00:21.064;LMP3;;Eurointernational;Ligier;
12;1;2;2:02.756;0;;39.603;0;42.255;0;40.898;0;169.9;4:49.680;09:04:49.680;0:39.603;0:42.255;0:40.898;223.1;Maxime PIALAT;;LMP3;;Eurointernational;Ligier;
12;1;3;1:55.958;0;;37.370;0;39.411;0;39.177;0;179.8;6:45.638;09:06:45.638;0:37.370;0:39.411;0:39.177;261.5;Maxime PIALAT;;LMP3;;Eurointernational;Ligier;
12;1;4;1:54.914;0;;37.733;0;38.761;0;38.420;0;181.5;8:40.552;09:08:40.552;0:37.733;0:38.761;0:38.420;238.4;Maxime PIALAT;;LMP3;;Eurointernational;Ligier;
12;1;5;1:54.024;0;;36.328;0;39.377;0;38.319;0;182.9;10:34.576;09:10:34.576;0:36.328;0:39.377;0:38.319;268.0;Maxime PIALAT;;LMP3;;Eurointernational;Ligier;
12;1;6;1:56.379;0;;38.179;0;40.135;0;38.065;0;179.2;12:30.955;09:12:30.955;0:38.179;0:40.135;0:38.065;235.8;Maxime PIALAT;;LMP3;;Eurointernational;Ligier;
12;1;7;1:51.309;0;;36.295;0;37.584;0;37.430;0;187.4;14:22.264;09:14:22.264;0:36.295;0:37.584;0:37.430;268.0;Maxime PIALAT;;LMP3;;Eurointernational;Ligier;
12;1;8;1:50.279;0;;35.793;0;37.363;0;37.123;0;189.1;16:12.543;09:16:12.543;0:35.793;0:37.363;0:37.123;267.3;Maxime PIALAT;;LMP3;;Eurointernational;Ligier;
12;1;9;1:49.882;0;;35.614;0;37.072;0;37.196;0;189.8;18:02.425;09:18:02.425;0:35.614;0:37.072;0:37.196;267.3;Maxime PIALAT;;LMP3;;Eurointernational;Ligier;
12;1;10;1:55.302;0;;35.457;0;41.252;0;38.593;0;180.9;19:57.727;09:19:57.727;0:35.457;0:41.252;0:38.593;259.6;Maxime PIALAT;;LMP3;;Eurointernational;Ligier;
12;1;11;1:49.894;0;;35.132;0;37.140;0;37.622;0;189.8;21:47.621;09:21:47.621;0:35.132;0:37.140;0:37.622;269.3;Maxime PIALAT;;LMP3;;Eurointernational;Ligier;
12;1;12;1:50.763;0;;35.165;0;36.695;0;38.903;0;188.3;23:38.384;09:23:38.384;0:35.165;0:36.695;0:38.903;268.7;Maxime PIALAT;;LMP3;;Eurointernational;Ligier;
12;1;13;1:49.761;0;;35.284;0;37.303;0;37.174;0;190.0;25:28.145;09:25:28.145;0:35.284;0:37.303;0:37.174;268.7;Maxime PIALAT;;LMP3;;Eurointernational;Ligier;
12;1;14;1:50.571;0;;36.335;0;37.276;0;36.960;0;188.6;27:18.716;09:27:18.716;0:36.335;0:37.276;0:36.960;267.3;Maxime PIALAT;;LMP3;;Eurointernational;Ligier;
12;1;15;1:48.818;2;;35.048;2;36.903;0;36.867;2;191.6;29:07.534;09:29:07.534;0:35.048;0:36.903;0:36.867;267.3;Maxime PIALAT;;LMP3;;Eurointernational;Ligier;
12;1;16;1:55.388;0;B;35.219;0;36.642;2;43.527;0;180.7;31:02.922;09:31:02.922;0:35.219;0:36.642;0:43.527;267.3;Maxime PIALAT;;LMP3;;Eurointernational;Ligier;
12;0;17;4:14.658;0;;2:56.187;0;39.613;0;38.858;0;81.9;35:17.580;09:35:17.580;2:56.187;0:39.613;0:38.858;136.4;Andrea DROMEDARI;0:02:19.492;LMP3;;Eurointernational;Ligier;
12;0;18;1:52.298;0;;35.472;0;38.328;0;38.498;0;185.7;37:09.878;09:37:09.878;0:35.472;0:38.328;0:38.498;266.0;Andrea DROMEDARI;;LMP3;;Eurointernational;Ligier;
12;0;19;1:51.170;0;;35.391;0;37.904;0;37.875;0;187.6;39:01.048;09:39:01.048;0:35.391;0:37.904;0:37.875;267.3;Andrea DROMEDARI;;LMP3;;Eurointernational;Ligier;
12;0;20;1:50.909;0;;35.422;0;37.694;0;37.793;0;188.0;40:51.957;09:40:51.957;0:35.422;0:37.694;0:37.793;266.7;Andrea DROMEDARI;;LMP3;;Eurointernational;Ligier;
12;0;21;1:50.715;0;;35.277;0;37.675;0;37.763;0;188.4;42:42.672;09:42:42.672;0:35.277;0:37.675;0:37.763;268.0;Andrea DROMEDARI;;LMP3;;Eurointernational;Ligier;
12;0;22;1:50.360;0;;35.267;0;37.592;0;37.501;0;189.0;44:33.032;09:44:33.032;0:35.267;0:37.592;0:37.501;266.7;Andrea DROMEDARI;;LMP3;;Eurointernational;Ligier;
12;0;23;1:50.020;0;;35.142;0;37.453;0;37.425;1;189.6;46:23.052;09:46:23.052;0:35.142;0:37.453;0:37.425;266.7;Andrea DROMEDARI;;LMP3;;Eurointernational;Ligier;
12;0;24;1:50.110;0;;35.247;0;37.399;1;37.464;0;189.4;48:13.162;09:48:13.162;0:35.247;0:37.399;0:37.464;267.3;Andrea DROMEDARI;;LMP3;;Eurointernational;Ligier;
12;0;25;2:48.760;0;B;35.080;1;43.736;0;1:29.944;0;123.6;51:01.922;09:51:01.922;0:35.080;0:43.736;1:29.944;267.3;Andrea DROMEDARI;;LMP3;;Eurointernational;Ligier;
12;2;26;4:44.317;0;;3:24.477;0;41.163;0;38.677;0;73.4;55:46.239;09:55:46.239;3:24.477;0:41.163;0:38.677;74.7;Maxwell HANRATTY;0:02:22.265;LMP3;;Eurointernational;Ligier;
12;2;27;1:51.885;0;;35.931;0;38.153;0;37.801;0;186.4;57:38.124;09:57:38.124;0:35.931;0:38.153;0:37.801;247.1;Maxwell HANRATTY;;LMP3;;Eurointernational;Ligier;
12;2;28;1:51.726;0;;35.661;0;38.378;0;37.687;0;186.7;59:29.850;09:59:29.850;0:35.661;0:38.378;0:37.687;259.0;Maxwell HANRATTY;;LMP3;;Eurointernational;Ligier;
12;2;29;3:17.916;0;;36.794;0;2:01.556;0;39.566;0;105.4;1:02:47.766;10:02:47.766;0:36.794;2:01.556;0:39.566;264.1;Maxwell HANRATTY;;LMP3;;Eurointernational;Ligier;
12;2;30;2:19.028;0;B;36.457;0;38.631;0;1:03.940;0;150.0;1:05:06.794;10:05:06.794;0:36.457;0:38.631;1:03.940;250.0;Maxwell HANRATTY;;LMP3;;Eurointernational;Ligier;
12;2;31;4:56.791;0;;3:38.999;0;39.479;0;38.313;0;70.3;1:10:03.585;10:10:03.585;3:38.999;0:39.479;0:38.313;169.0;Maxwell HANRATTY;0:03:06.587;LMP3;;Eurointernational;Ligier;
12;2;32;1:53.033;0;;35.861;0;38.170;0;39.002;0;184.5;1:11:56.618;10:11:56.618;0:35.861;0:38.170;0:39.002;251.7;Maxwell HANRATTY;;LMP3;;Eurointernational;Ligier;
12;2;33;1:51.152;0;;35.790;0;37.773;0;37.589;0;187.6;1:13:47.770;10:13:47.770;0:35.790;0:37.773;0:37.589;259.0;Maxwell HANRATTY;;LMP3;;Eurointernational;Ligier;
12;2;34;1:53.253;0;;35.551;0;40.027;0;37.675;0;184.1;1:15:41.023;10:15:41.023;0:35.551;0:40.027;0:37.675;262.8;Maxwell HANRATTY;;LMP3;;Eurointernational;Ligier;
12;2;35;1:50.490;0;;35.440;0;37.715;0;37.335;0;188.7;1:17:31.513;10:17:31.513;0:35.440;0:37.715;0:37.335;267.3;Maxwell HANRATTY;;LMP3;;Eurointernational;Ligier;
12;2;36;1:50.714;0;;35.383;0;38.019;0;37.312;0;188.4;1:19:22.227;10:19:22.227;0:35.383;0:38.019;0:37.312;266.0;Maxwell HANRATTY;;LMP3;;Eurointernational;Ligier;
12;2;37;1:50.003;0;;35.341;1;37.565;0;37.097;0;189.6;1:21:12.230;10:21:12.230;0:35.341;0:37.565;0:37.097;266.7;Maxwell HANRATTY;;LMP3;;Eurointernational;Ligier;
12;2;38;1:50.453;0;;35.430;0;37.425;0;37.598;0;188.8;1:23:02.683;10:23:02.683;0:35.430;0:37.425;0:37.598;268.0;Maxwell HANRATTY;;LMP3;;Eurointernational;Ligier;
12;2;39;1:49.803;0;;35.435;0;37.401;1;36.967;1;189.9;1:24:52.486;10:24:52.486;0:35.435;0:37.401;0:36.967;267.3;Maxwell HANRATTY;;LMP3;;Eurointernational;Ligier;
12;2;40;1:50.330;0;;35.465;0;37.495;0;37.370;0;189.0;1:26:42.816;10:26:42.816;0:35.465;0:37.495;0:37.370;267.3;Maxwell HANRATTY;;LMP3;;Eurointernational;Ligier;
12;2;41;1:53.429;0;;35.343;0;39.687;0;38.399;0;183.9;1:28:36.245;10:28:36.245;0:35.343;0:39.687;0:38.399;266.7;Maxwell HANRATTY;;LMP3;;Eurointernational;Ligier;
12;2;42;1:50.105;0;;35.382;0;37.537;0;37.186;0;189.4;1:30:26.350;10:30:26.350;0:35.382;0:37.537;0:37.186;268.0;Maxwell HANRATTY;;LMP3;;Eurointernational;Ligier;
13;1;1;3:02.623;0;;1:33.224;0;45.324;0;44.075;0;114.2;3:02.623;09:03:02.623;1:33.224;0:45.324;0:44.075;150.6;Martin HIPPE;0:00:49.921;LMP3;;Inter Europol Competition;Ligier;
13;1;2;2:03.574;0;;41.214;0;41.959;0;40.401;0;168.8;5:06.197;09:05:06.197;0:41.214;0:41.959;0:40.401;177.9;Martin HIPPE;;LMP3;;Inter Europol Competition;Ligier;
13;1;3;1:55.653;0;;37.673;0;38.800;0;39.180;0;180.3;7:01.850;09:07:01.850;0:37.673;0:38.800;0:39.180;212.2;Martin HIPPE;;LMP3;;Inter Europol Competition;Ligier;
13;1;4;1:53.693;0;;36.662;0;38.063;0;38.968;0;183.4;8:55.543;09:08:55.543;0:36.662;0:38.063;0:38.968;227.8;Martin HIPPE;;LMP3;;Inter Europol Competition;Ligier;
13;1;5;1:50.798;0;;35.982;0;37.207;0;37.609;0;188.2;10:46.341;09:10:46.341;0:35.982;0:37.207;0:37.609;261.5;Martin HIPPE;;LMP3;;Inter Europol Competition;Ligier;
13;1;6;1:51.124;0;;36.236;0;37.273;0;37.615;0;187.7;12:37.465;09:12:37.465;0:36.236;0:37.273;0:37.615;256.5;Martin HIPPE;;LMP3;;Inter Europol Competition;Ligier;
13;1;7;1:59.771;0;B;36.037;0;38.633;0;45.101;0;174.1;14:37.236;09:14:37.236;0:36.037;0:38.633;0:45.101;257.8;Martin HIPPE;;LMP3;;Inter Europol Competition;Ligier;
13;1;8;4:20.855;0;;3:05.443;0;38.120;0;37.292;0;79.9;18:58.091;09:18:58.091;3:05.443;0:38.120;0:37.292;200.7;Martin HIPPE;0:02:33.089;LMP3;;Inter Europol Competition;Ligier;
13;1;9;1:51.532;0;;35.669;0;38.761;0;37.102;0;187.0;20:49.623;09:20:49.623;0:35.669;0:38.761;0:37.102;257.1;Martin HIPPE;;LMP3;;Inter Europol Competition;Ligier;
13;1;10;1:48.890;0;;35.526;0;36.678;0;36.686;0;191.5;22:38.513;09:22:38.513;0:35.526;0:36.678;0:36.686;268.0;Martin HIPPE;;LMP3;;Inter Europol Competition;Ligier;
13;1;11;1:53.124;0;;34.994;0;36.662;0;41.468;0;184.4;24:31.637;09:24:31.637;0:34.994;0:36.662;0:41.468;268.0;Martin HIPPE;;LMP3;;Inter Europol Competition;Ligier;
13;1;12;1:49.714;0;;35.765;0;36.810;0;37.139;0;190.1;26:21.351;09:26:21.351;0:35.765;0:36.810;0:37.139;263.4;Martin HIPPE;;LMP3;;Inter Europol Competition;Ligier;
13;1;13;1:50.523;0;;35.233;0;38.232;0;37.058;0;188.7;28:11.874;09:28:11.874;0:35.233;0:38.232;0:37.058;267.3;Martin HIPPE;;LMP3;;Inter Europol Competition;Ligier;
13;1;14;1:48.567;0;;35.166;0;36.746;0;36.655;0;192.1;30:00.441;09:30:00.441;0:35.166;0:36.746;0:36.655;267.3;Martin HIPPE;;LMP3;;Inter Europol Competition;Ligier;
13;1;15;1:56.127;0;B;35.205;0;36.606;0;44.316;0;179.6;31:56.568;09:31:56.568;0:35.205;0:36.606;0:44.316;268.7;Martin HIPPE;;LMP3;;Inter Europol Competition;Ligier;
13;1;16;4:46.602;0;;3:32.718;0;36.949;0;36.935;0;72.8;36:43.170;09:36:43.170;3:32.718;0:36.949;0:36.935;208.5;Martin HIPPE;0:03:01.989;LMP3;;Inter Europol Competition;Ligier;
13;1;17;1:48.247;0;;34.863;0;36.588;0;36.796;0;192.7;38:31.417;09:38:31.417;0:34.863;0:36.588;0:36.796;270.0;Martin HIPPE;;LMP3;;Inter Europol Competition;Ligier;
13;1;18;1:48.324;0;;34.854;0;36.596;0;36.874;0;192.5;40:19.741;09:40:19.741;0:34.854;0:36.596;0:36.874;268.7;Martin HIPPE;;LMP3;;Inter Europol Competition;Ligier;
13;1;19;1:48.345;0;;34.939;0;36.604;0;36.802;0;192.5;42:08.086;09:42:08.086;0:34.939;0:36.604;0:36.802;270.0;Martin HIPPE;;LMP3;;Inter Europol Competition;Ligier;
13;1;20;1:47.639;2;;34.827;2;36.414;0;36.398;0;193.7;43:55.725;09:43:55.725;0:34.827;0:36.414;0:36.398;268.7;Martin HIPPE;;LMP3;;Inter Europol Competition;Ligier;
13;1;21;1:55.967;0;B;35.345;0;36.990;0;43.632;0;179.8;45:51.692;09:45:51.692;0:35.345;0:36.990;0:43.632;264.7;Martin HIPPE;;LMP3;;Inter Europol Competition;Ligier;
13;0;22;3:20.260;0;;2:05.066;0;37.914;0;37.280;0;104.1;49:11.952;09:49:11.952;2:05.066;0:37.914;0:37.280;172.8;Jakub SMIECHOWSKI;0:01:31.128;LMP3;;Inter Europol Competition;Ligier;
13;0;23;3:52.886;0;;56.820;0;1:23.841;0;1:32.225;0;89.5;53:04.838;09:53:04.838;0:56.820;1:23.841;1:32.225;267.3;Jakub SMIECHOWSKI;;LMP3;;Inter Europol Competition;Ligier;
13;0;24;2:24.841;0;;1:09.479;0;37.781;0;37.581;0;144.0;55:29.679;09:55:29.679;1:09.479;0:37.781;0:37.581;79.8;Jakub SMIECHOWSKI;;LMP3;;Inter Europol Competition;Ligier;
13;0;25;1:52.618;0;;36.791;0;38.646;0;37.181;0;185.2;57:22.297;09:57:22.297;0:36.791;0:38.646;0:37.181;263.4;Jakub SMIECHOWSKI;;LMP3;;Inter Europol Competition;Ligier;
13;0;26;1:49.348;0;;35.396;0;37.015;0;36.937;0;190.7;59:11.645;09:59:11.645;0:35.396;0:37.015;0:36.937;265.4;Jakub SMIECHOWSKI;;LMP3;;Inter Europol Competition;Ligier;
13;0;27;1:49.576;0;;35.099;1;37.120;0;37.357;0;190.3;1:01:01.221;10:01:01.221;0:35.099;0:37.120;0:37.357;266.7;Jakub SMIECHOWSKI;;LMP3;;Inter Europol Competition;Ligier;
13;0;28;1:50.792;0;;36.073;0;37.986;0;36.733;1;188.2;1:02:52.013;10:02:52.013;0:36.073;0:37.986;0:36.733;225.0;Jakub SMIECHOWSKI;;LMP3;;Inter Europol Competition;Ligier;
13;0;29;2:10.402;0;;35.193;0;36.838;1;58.371;0;159.9;1:05:02.415;10:05:02.415;0:35.193;0:36.838;0:58.371;268.0;Jakub SMIECHOWSKI;;LMP3;;Inter Europol Competition;Ligier;
13;0;30;2:44.787;0;;1:27.270;0;40.500;0;37.017;0;126.6;1:07:47.202;10:07:47.202;1:27.270;0:40.500;0:37.017;80.2;Jakub SMIECHOWSKI;;LMP3;;Inter Europol Competition;Ligier;
13;0;31;1:49.170;0;;35.254;0;37.054;0;36.862;0;191.0;1:09:36.372;10:09:36.372;0:35.254;0:37.054;0:36.862;266.0;Jakub SMIECHOWSKI;;LMP3;;Inter Europol Competition;Ligier;
13;0;32;1:50.311;0;;35.261;0;38.025;0;37.025;0;189.1;1:11:26.683;10:11:26.683;0:35.261;0:38.025;0:37.025;268.0;Jakub SMIECHOWSKI;;LMP3;;Inter Europol Competition;Ligier;
13;0;33;1:56.717;0;B;35.308;0;37.086;0;44.323;0;178.7;1:13:23.400;10:13:23.400;0:35.308;0:37.086;0:44.323;266.7;Jakub SMIECHOWSKI;;LMP3;;Inter Europol Competition;Ligier;
13;1;34;3:12.854;0;;1:58.101;0;37.804;0;36.949;0;108.1;1:16:36.254;10:16:36.254;1:58.101;0:37.804;0:36.949;197.4;Martin HIPPE;0:01:25.013;LMP3;;Inter Europol Competition;Ligier;
13;1;35;1:47.789;0;;34.889;0;36.380;0;36.520;0;193.5;1:18:24.043;10:18:24.043;0:34.889;0:36.380;0:36.520;269.3;Martin HIPPE;;LMP3;;Inter Europol Competition;Ligier;
13;1;36;1:48.224;0;;35.152;0;36.870;0;36.202;2;192.7;1:20:12.267;10:20:12.267;0:35.152;0:36.870;0:36.202;270.7;Martin HIPPE;;LMP3;;Inter Europol Competition;Ligier;
13;1;37;1:52.475;0;;37.840;0;37.771;0;36.864;0;185.4;1:22:04.742;10:22:04.742;0:37.840;0:37.771;0:36.864;267.3;Martin HIPPE;;LMP3;;Inter Europol Competition;Ligier;
13;1;38;1:47.810;0;;34.955;0;36.363;2;36.492;0;193.4;1:23:52.552;10:23:52.552;0:34.955;0:36.363;0:36.492;268.7;Martin HIPPE;;LMP3;;Inter Europol Competition;Ligier;
13;1;39;1:54.828;0;B;34.914;0;36.398;0;43.516;0;181.6;1:25:47.380;10:25:47.380;0:34.914;0:36.398;0:43.516;267.3;Martin HIPPE;;LMP3;;Inter Europol Competition;Ligier;
15;2;1;2:44.080;0;B;1:08.357;0;45.930;0;49.793;0;127.1;2:44.080;09:02:44.080;1:08.357;0:45.930;0:49.793;142.5;Alex KAPADIA;0:00:26.735;LMP3;;RLR MSport;Ligier;
15;2;2;3:06.619;0;;1:46.663;0;40.302;0;39.654;0;111.8;5:50.699;09:05:50.699;1:46.663;0:40.302;0:39.654;178.5;Alex KAPADIA;0:01:14.145;LMP3;;RLR MSport;Ligier;
15;2;3;1:56.421;0;;39.674;0;38.362;0;38.385;0;179.1;7:47.120;09:07:47.120;0:39.674;0:38.362;0:38.385;246.6;Alex KAPADIA;;LMP3;;RLR MSport;Ligier;
15;2;4;1:50.819;0;;36.346;0;37.397;0;37.076;0;188.2;9:37.939;09:09:37.939;0:36.346;0:37.397;0:37.076;227.4;Alex KAPADIA;;LMP3;;RLR MSport;Ligier;
15;2;5;1:49.804;0;;35.777;0;36.804;0;37.223;0;189.9;11:27.743;09:11:27.743;0:35.777;0:36.804;0:37.223;256.5;Alex KAPADIA;;LMP3;;RLR MSport;Ligier;
15;2;6;1:50.490;0;;35.619;0;37.652;0;37.219;0;188.7;13:18.233;09:13:18.233;0:35.619;0:37.652;0:37.219;263.4;Alex KAPADIA;;LMP3;;RLR MSport;Ligier;
15;2;7;1:49.298;0;;35.460;0;36.825;0;37.013;0;190.8;15:07.531;09:15:07.531;0:35.460;0:36.825;0:37.013;264.7;Alex KAPADIA;;LMP3;;RLR MSport;Ligier;
15;2;8;1:48.244;0;;35.258;0;36.491;0;36.495;0;192.7;16:55.775;09:16:55.775;0:35.258;0:36.491;0:36.495;268.7;Alex KAPADIA;;LMP3;;RLR MSport;Ligier;
15;2;9;1:48.668;0;;35.135;0;36.832;0;36.701;0;191.9;18:44.443;09:18:44.443;0:35.135;0:36.832;0:36.701;263.4;Alex KAPADIA;;LMP3;;RLR MSport;Ligier;
15;2;10;1:48.247;0;;35.112;0;36.458;0;36.677;0;192.7;20:32.690;09:20:32.690;0:35.112;0:36.458;0:36.677;268.0;Alex KAPADIA;;LMP3;;RLR MSport;Ligier;
15;2;11;1:47.726;2;;35.037;0;36.418;2;36.271;2;193.6;22:20.416;09:22:20.416;0:35.037;0:36.418;0:36.271;269.3;Alex KAPADIA;;LMP3;;RLR MSport;Ligier;
15;2;12;1:50.347;0;;36.006;0;37.351;0;36.990;0;189.0;24:10.763;09:24:10.763;0:36.006;0:37.351;0:36.990;270.0;Alex KAPADIA;;LMP3;;RLR MSport;Ligier;
15;2;13;1:56.116;0;B;34.773;2;37.680;0;43.663;0;179.6;26:06.879;09:26:06.879;0:34.773;0:37.680;0:43.663;270.7;Alex KAPADIA;;LMP3;;RLR MSport;Ligier;
15;0;14;4:29.311;0;;3:11.683;0;39.157;0;38.471;0;77.4;30:36.190;09:30:36.190;3:11.683;0:39.157;0:38.471;161.9;John FARANO;0:02:29.477;LMP3;;RLR MSport;Ligier;
15;0;15;1:50.875;0;;35.679;0;37.621;0;37.575;0;188.1;32:27.065;09:32:27.065;0:35.679;0:37.621;0:37.575;268.7;John FARANO;;LMP3;;RLR MSport;Ligier;
15;0;16;1:54.101;0;;35.425;0;39.693;0;38.983;0;182.8;34:21.166;09:34:21.166;0:35.425;0:39.693;0:38.983;269.3;John FARANO;;LMP3;;RLR MSport;Ligier;
15;0;17;1:50.758;0;;35.654;0;37.613;0;37.491;0;188.3;36:11.924;09:36:11.924;0:35.654;0:37.613;0:37.491;268.7;John FARANO;;LMP3;;RLR MSport;Ligier;
15;0;18;1:50.695;0;;35.679;0;37.554;0;37.462;0;188.4;38:02.619;09:38:02.619;0:35.679;0:37.554;0:37.462;261.5;John FARANO;;LMP3;;RLR MSport;Ligier;
15;0;19;1:51.108;0;;35.463;0;37.412;0;38.233;0;187.7;39:53.727;09:39:53.727;0:35.463;0:37.412;0:38.233;252.9;John FARANO;;LMP3;;RLR MSport;Ligier;
15;0;20;1:50.067;0;;35.564;0;37.101;0;37.402;0;189.5;41:43.794;09:41:43.794;0:35.564;0:37.101;0:37.402;270.7;John FARANO;;LMP3;;RLR MSport;Ligier;
15;0;21;1:49.807;0;;35.385;0;37.249;0;37.173;1;189.9;43:33.601;09:43:33.601;0:35.385;0:37.249;0:37.173;268.7;John FARANO;;LMP3;;RLR MSport;Ligier;
15;0;22;1:49.943;0;;35.328;0;37.172;0;37.443;0;189.7;45:23.544;09:45:23.544;0:35.328;0:37.172;0:37.443;270.0;John FARANO;;LMP3;;RLR MSport;Ligier;
15;0;23;1:49.705;0;;35.138;1;37.243;0;37.324;0;190.1;47:13.249;09:47:13.249;0:35.138;0:37.243;0:37.324;269.3;John FARANO;;LMP3;;RLR MSport;Ligier;
15;0;24;1:49.844;0;;35.386;0;37.047;1;37.411;0;189.9;49:03.093;09:49:03.093;0:35.386;0:37.047;0:37.411;268.0;John FARANO;;LMP3;;RLR MSport;Ligier;
15;0;25;3:50.945;0;B;49.974;0;1:23.440;0;1:37.531;0;90.3;52:54.038;09:52:54.038;0:49.974;1:23.440;1:37.531;271.4;John FARANO;;LMP3;;RLR MSport;Ligier;
15;1;26;3:38.299;0;;2:21.658;0;38.604;0;38.037;0;95.5;56:32.337;09:56:32.337;2:21.658;0:38.604;0:38.037;135.5;Morten DONS;0:01:48.855;LMP3;;RLR MSport;Ligier;
15;1;27;1:51.853;0;;36.212;0;38.176;0;37.465;0;186.4;58:24.190;09:58:24.190;0:36.212;0:38.176;0:37.465;237.9;Morten DONS;;LMP3;;RLR MSport;Ligier;
15;1;28;1:50.032;0;;35.463;0;37.567;0;37.002;0;189.5;1:00:14.222;10:00:14.222;0:35.463;0:37.567;0:37.002;268.0;Morten DONS;;LMP3;;RLR MSport;Ligier;
15;1;29;1:52.123;0;;35.325;0;37.787;0;39.011;0;186.0;1:02:06.345;10:02:06.345;0:35.325;0:37.787;0:39.011;268.0;Morten DONS;;LMP3;;RLR MSport;Ligier;
15;1;30;1:50.426;0;;35.089;0;37.526;0;37.811;0;188.9;1:03:56.771;10:03:56.771;0:35.089;0:37.526;0:37.811;269.3;Morten DONS;;LMP3;;RLR MSport;Ligier;
15;1;31;3:10.495;0;B;45.538;0;1:21.100;0;1:03.857;0;109.5;1:07:07.266;10:07:07.266;0:45.538;1:21.100;1:03.857;222.7;Morten DONS;;LMP3;;RLR MSport;Ligier;
15;1;32;3:39.435;0;;2:24.221;0;37.660;0;37.554;0;95.0;1:10:46.701;10:10:46.701;2:24.221;0:37.660;0:37.554;210.1;Morten DONS;0:01:53.821;LMP3;;RLR MSport;Ligier;
15;1;33;1:49.208;0;;35.207;0;37.046;0;36.955;0;191.0;1:12:35.909;10:12:35.909;0:35.207;0:37.046;0:36.955;266.0;Morten DONS;;LMP3;;RLR MSport;Ligier;
15;1;34;1:49.295;0;;35.549;0;36.798;0;36.948;0;190.8;1:14:25.204;10:14:25.204;0:35.549;0:36.798;0:36.948;265.4;Morten DONS;;LMP3;;RLR MSport;Ligier;
15;1;35;1:50.268;0;;35.073;1;37.585;0;37.610;0;189.1;1:16:15.472;10:16:15.472;0:35.073;0:37.585;0:37.610;268.0;Morten DONS;;LMP3;;RLR MSport;Ligier;
15;1;36;1:48.615;0;;35.222;0;36.758;1;36.635;1;192.0;1:18:04.087;10:18:04.087;0:35.222;0:36.758;0:36.635;267.3;Morten DONS;;LMP3;;RLR MSport;Ligier;
15;1;37;1:48.699;0;;35.096;0;36.869;0;36.734;0;191.9;1:19:52.786;10:19:52.786;0:35.096;0:36.869;0:36.734;268.0;Morten DONS;;LMP3;;RLR MSport;Ligier;
15;1;38;1:51.749;0;;35.409;0;38.789;0;37.551;0;186.6;1:21:44.535;10:21:44.535;0:35.409;0:38.789;0:37.551;268.7;Morten DONS;;LMP3;;RLR MSport;Ligier;
15;1;39;1:48.907;0;;35.105;0;36.929;0;36.873;0;191.5;1:23:33.442;10:23:33.442;0:35.105;0:36.929;0:36.873;268.7;Morten DONS;;LMP3;;RLR MSport;Ligier;
15;1;40;1:58.168;0;B;35.091;0;37.245;0;45.832;0;176.5;1:25:31.610;10:25:31.610;0:35.091;0:37.245;0:45.832;268.0;Morten DONS;;LMP3;;RLR MSport;Ligier;
16;0;1;2:15.813;0;;50.152;0;43.650;0;42.011;0;153.6;2:15.813;09:02:15.813;0:50.152;0:43.650;0:42.011;178.5;Eric DEBARD;0:00:10.765;LMP3;;Panis Barthez Competition;Ligier;
16;0;2;2:00.813;0;;38.996;0;41.452;0;40.365;0;172.6;4:16.626;09:04:16.626;0:38.996;0:41.452;0:40.365;184.6;Eric DEBARD;;LMP3;;Panis Barthez Competition;Ligier;
16;0;3;1:58.791;0;;37.589;0;41.222;0;39.980;0;175.6;6:15.417;09:06:15.417;0:37.589;0:41.222;0:39.980;208.5;Eric DEBARD;;LMP3;;Panis Barthez Competition;Ligier;
16;0;4;1:56.163;0;;37.014;0;39.080;0;40.069;0;179.5;8:11.580;09:08:11.580;0:37.014;0:39.080;0:40.069;232.3;Eric DEBARD;;LMP3;;Panis Barthez Competition;Ligier;
16;0;5;2:10.788;0;B;40.161;0;40.668;0;49.959;0;159.5;10:22.368;09:10:22.368;0:40.161;0:40.668;0:49.959;224.5;Eric DEBARD;;LMP3;;Panis Barthez Competition;Ligier;
16;0;6;3:27.446;0;;2:06.883;0;41.170;0;39.393;0;100.5;13:49.814;09:13:49.814;2:06.883;0:41.170;0:39.393;192.2;Eric DEBARD;0:01:32.846;LMP3;;Panis Barthez Competition;Ligier;
16;0;7;1:52.341;0;;36.119;0;38.050;0;38.172;0;185.6;15:42.155;09:15:42.155;0:36.119;0:38.050;0:38.172;238.9;Eric DEBARD;;LMP3;;Panis Barthez Competition;Ligier;
16;0;8;1:51.329;0;;35.664;0;37.730;0;37.935;0;187.3;17:33.484;09:17:33.484;0:35.664;0:37.730;0:37.935;260.9;Eric DEBARD;;LMP3;;Panis Barthez Competition;Ligier;
16;0;9;1:51.589;0;;35.782;0;37.708;0;38.099;0;186.9;19:25.073;09:19:25.073;0:35.782;0:37.708;0:38.099;264.1;Eric DEBARD;;LMP3;;Panis Barthez Competition;Ligier;
16;0;10;1:50.851;0;;35.310;0;37.491;0;38.050;0;188.1;21:15.924;09:21:15.924;0:35.310;0:37.491;0:38.050;267.3;Eric DEBARD;;LMP3;;Panis Barthez Competition;Ligier;
16;0;11;1:50.232;0;;35.201;0;37.130;0;37.901;0;189.2;23:06.156;09:23:06.156;0:35.201;0:37.130;0:37.901;266.7;Eric DEBARD;;LMP3;;Panis Barthez Competition;Ligier;
16;0;12;1:50.121;0;;35.182;1;37.124;1;37.815;1;189.4;24:56.277;09:24:56.277;0:35.182;0:37.124;0:37.815;267.3;Eric DEBARD;;LMP3;;Panis Barthez Competition;Ligier;
16;0;13;2:00.983;0;B;35.277;0;38.897;0;46.809;0;172.4;26:57.260;09:26:57.260;0:35.277;0:38.897;0:46.809;265.4;Eric DEBARD;;LMP3;;Panis Barthez Competition;Ligier;
16;2;14;4:07.206;0;;2:51.209;0;38.149;0;37.848;0;84.4;31:04.466;09:31:04.466;2:51.209;0:38.149;0:37.848;190.8;Theo BEAN;0:02:19.444;LMP3;;Panis Barthez Competition;Ligier;
16;2;15;1:52.478;0;;35.126;0;38.600;0;38.752;0;185.4;32:56.944;09:32:56.944;0:35.126;0:38.600;0:38.752;268.0;Theo BEAN;;LMP3;;Panis Barthez Competition;Ligier;
16;2;16;1:50.225;0;;35.498;0;37.352;0;37.375;0;189.2;34:47.169;09:34:47.169;0:35.498;0:37.352;0:37.375;268.0;Theo BEAN;;LMP3;;Panis Barthez Competition;Ligier;
16;2;17;1:51.439;0;;35.413;0;38.213;0;37.813;0;187.1;36:38.608;09:36:38.608;0:35.413;0:38.213;0:37.813;268.0;Theo BEAN;;LMP3;;Panis Barthez Competition;Ligier;
16;2;18;1:55.075;0;;35.258;0;41.588;0;38.229;0;181.2;38:33.683;09:38:33.683;0:35.258;0:41.588;0:38.229;269.3;Theo BEAN;;LMP3;;Panis Barthez Competition;Ligier;
16;2;19;1:50.270;0;;35.333;0;37.501;0;37.436;0;189.1;40:23.953;09:40:23.953;0:35.333;0:37.501;0:37.436;268.0;Theo BEAN;;LMP3;;Panis Barthez Competition;Ligier;
16;2;20;1:57.280;0;B;35.411;0;37.405;0;44.464;0;177.8;42:21.233;09:42:21.233;0:35.411;0:37.405;0:44.464;266.7;Theo BEAN;;LMP3;;Panis Barthez Competition;Ligier;
16;2;21;3:30.231;0;;2:15.072;0;37.849;0;37.310;0;99.2;45:51.464;09:45:51.464;2:15.072;0:37.849;0:37.310;209.7;Theo BEAN;0:01:44.280;LMP3;;Panis Barthez Competition;Ligier;
16;2;22;1:50.331;0;;35.229;0;37.477;0;37.625;0;189.0;47:41.795;09:47:41.795;0:35.229;0:37.477;0:37.625;268.0;Theo BEAN;;LMP3;;Panis Barthez Competition;Ligier;
16;2;23;1:53.182;0;;35.113;1;37.134;1;40.935;0;184.3;49:34.977;09:49:34.977;0:35.113;0:37.134;0:40.935;268.0;Theo BEAN;;LMP3;;Panis Barthez Competition;Ligier;
16;2;24;4:14.827;0;;1:24.873;0;1:19.867;0;1:30.087;0;81.8;53:49.804;09:53:49.804;1:24.873;1:19.867;1:30.087;81.8;Theo BEAN;;LMP3;;Panis Barthez Competition;Ligier;
16;2;25;2:03.649;0;;47.726;0;38.262;0;37.661;0;168.7;55:53.453;09:55:53.453;0:47.726;0:38.262;0:37.661;220.4;Theo BEAN;;LMP3;;Panis Barthez Competition;Ligier;
16;2;26;1:50.931;0;;35.463;0;37.818;0;37.650;0;188.0;57:44.384;09:57:44.384;0:35.463;0:37.818;0:37.650;265.4;Theo BEAN;;LMP3;;Panis Barthez Competition;Ligier;
16;2;27;1:49.739;0;;35.234;0;37.227;0;37.278;1;190.0;59:34.123;09:59:34.123;0:35.234;0:37.227;0:37.278;267.3;Theo BEAN;;LMP3;;Panis Barthez Competition;Ligier;
16;2;28;1:57.375;0;B;35.357;0;37.556;0;44.462;0;177.7;1:01:31.498;10:01:31.498;0:35.357;0:37.556;0:44.462;268.0;Theo BEAN;;LMP3;;Panis Barthez Competition;Ligier;
16;1;29;4:34.071;0;;2:22.827;0;40.295;0;1:30.949;0;76.1;1:06:05.569;10:06:05.569;2:22.827;0:40.295;1:30.949;210.5;Simon GACHET;0:01:52.562;LMP3;;Panis Barthez Competition;Ligier;
16;1;30;2:09.890;0;;55.495;0;37.346;0;37.049;0;160.6;1:08:15.459;10:08:15.459;0:55.495;0:37.346;0:37.049;170.1;Simon GACHET;;LMP3;;Panis Barthez Competition;Ligier;
16;1;31;1:49.437;0;;34.996;0;36.891;0;37.550;0;190.6;1:10:04.896;10:10:04.896;0:34.996;0:36.891;0:37.550;266.7;Simon GACHET;;LMP3;;Panis Barthez Competition;Ligier;
16;1;32;1:50.780;0;;34.925;0;37.965;0;37.890;0;188.3;1:11:55.676;10:11:55.676;0:34.925;0:37.965;0:37.890;268.7;Simon GACHET;;LMP3;;Panis Barthez Competition;Ligier;
16;1;33;1:48.591;0;;34.841;0;36.781;0;36.969;0;192.0;1:13:44.267;10:13:44.267;0:34.841;0:36.781;0:36.969;269.3;Simon GACHET;;LMP3;;Panis Barthez Competition;Ligier;
16;1;34;1:54.276;0;B;34.907;0;36.728;0;42.641;0;182.5;1:15:38.543;10:15:38.543;0:34.907;0:36.728;0:42.641;268.7;Simon GACHET;;LMP3;;Panis Barthez Competition;Ligier;
16;1;35;9:59.596;0;;8:45.417;0;37.256;0;36.923;0;34.8;1:25:38.139;10:25:38.139;8:45.417;0:37.256;0:36.923;210.1;Simon GACHET;0:08:15.655;LMP3;;Panis Barthez Competition;Ligier;
16;1;36;1:49.288;0;;34.562;2;36.796;0;37.930;0;190.8;1:27:27.427;10:27:27.427;0:34.562;0:36.796;0:37.930;270.7;Simon GACHET;;LMP3;;Panis Barthez Competition;Ligier;
16;1;37;1:47.800;0;;34.803;0;36.532;2;36.465;0;193.5;1:29:15.227;10:29:15.227;0:34.803;0:36.532;0:36.465;268.7;Simon GACHET;;LMP3;;Panis Barthez Competition;Ligier;
16;1;38;1:47.507;2;;34.681;0;36.559;0;36.267;2;194.0;1:31:02.734;10:31:02.734;0:34.681;0:36.559;0:36.267;269.3;Simon GACHET;;LMP3;;Panis Barthez Competition;Ligier;
17;1;1;2:50.693;0;;1:22.985;0;44.062;0;43.646;0;122.2;2:50.693;09:02:50.693;1:22.985;0:44.062;0:43.646;137.9;Matthieu LAHAYE;0:00:38.334;LMP3;;Ultimate;Ligier;
17;1;2;2:01.264;0;;39.924;0;40.835;0;40.505;0;172.0;4:51.957;09:04:51.957;0:39.924;0:40.835;0:40.505;201.9;Matthieu LAHAYE;;LMP3;;Ultimate;Ligier;
17;1;3;1:56.176;0;;38.079;0;38.921;0;39.176;0;179.5;6:48.133;09:06:48.133;0:38.079;0:38.921;0:39.176;222.2;Matthieu LAHAYE;;LMP3;;Ultimate;Ligier;
17;1;4;1:53.548;0;;36.563;0;38.498;0;38.487;0;183.7;8:41.681;09:08:41.681;0:36.563;0:38.498;0:38.487;247.1;Matthieu LAHAYE;;LMP3;;Ultimate;Ligier;
17;1;5;1:57.972;0;;38.161;0;39.081;0;40.730;0;176.8;10:39.653;09:10:39.653;0:38.161;0:39.081;0:40.730;192.2;Matthieu LAHAYE;;LMP3;;Ultimate;Ligier;
17;1;6;1:51.884;0;;35.949;0;37.456;0;38.479;0;186.4;12:31.537;09:12:31.537;0:35.949;0:37.456;0:38.479;244.9;Matthieu LAHAYE;;LMP3;;Ultimate;Ligier;
17;1;7;1:57.093;0;;37.699;0;40.207;0;39.187;0;178.1;14:28.630;09:14:28.630;0:37.699;0:40.207;0:39.187;215.6;Matthieu LAHAYE;;LMP3;;Ultimate;Ligier;
17;1;8;1:54.244;0;;35.450;0;38.189;0;40.605;0;182.5;16:22.874;09:16:22.874;0:35.450;0:38.189;0:40.605;265.4;Matthieu LAHAYE;;LMP3;;Ultimate;Ligier;
17;1;9;1:48.646;0;;35.214;0;36.943;0;36.489;1;192.0;18:11.520;09:18:11.520;0:35.214;0:36.943;0:36.489;267.3;Matthieu LAHAYE;;LMP3;;Ultimate;Ligier;
17;1;10;1:48.143;2;;35.039;0;36.607;2;36.497;0;192.8;19:59.663;09:19:59.663;0:35.039;0:36.607;0:36.497;266.0;Matthieu LAHAYE;;LMP3;;Ultimate;Ligier;
17;1;11;1:55.409;0;B;34.919;1;36.632;0;43.858;0;180.7;21:55.072;09:21:55.072;0:34.919;0:36.632;0:43.858;267.3;Matthieu LAHAYE;;LMP3;;Ultimate;Ligier;
17;0;12;3:35.028;0;;2:19.474;0;38.467;0;37.087;0;97.0;25:30.100;09:25:30.100;2:19.474;0:38.467;0:37.087;194.2;Jean-Baptiste LAHAYE;0:01:48.156;LMP3;;Ultimate;Ligier;
17;0;13;1:49.046;0;;35.325;0;37.176;0;36.545;0;191.2;27:19.146;09:27:19.146;0:35.325;0:37.176;0:36.545;267.3;Jean-Baptiste LAHAYE;;LMP3;;Ultimate;Ligier;
17;0;14;1:57.125;0;;35.035;0;37.153;0;44.937;0;178.1;29:16.271;09:29:16.271;0:35.035;0:37.153;0:44.937;262.1;Jean-Baptiste LAHAYE;;LMP3;;Ultimate;Ligier;
17;0;15;1:48.680;0;;34.990;0;36.810;1;36.880;0;191.9;31:04.951;09:31:04.951;0:34.990;0:36.810;0:36.880;269.3;Jean-Baptiste LAHAYE;;LMP3;;Ultimate;Ligier;
17;0;16;1:48.914;0;;34.850;0;37.358;0;36.706;0;191.5;32:53.865;09:32:53.865;0:34.850;0:37.358;0:36.706;264.1;Jean-Baptiste LAHAYE;;LMP3;;Ultimate;Ligier;
17;0;17;1:49.013;0;;35.057;0;36.895;0;37.061;0;191.3;34:42.878;09:34:42.878;0:35.057;0:36.895;0:37.061;269.3;Jean-Baptiste LAHAYE;;LMP3;;Ultimate;Ligier;
17;0;18;1:48.643;0;;34.789;2;37.256;0;36.598;0;192.0;36:31.521;09:36:31.521;0:34.789;0:37.256;0:36.598;265.4;Jean-Baptiste LAHAYE;;LMP3;;Ultimate;Ligier;
17;0;19;1:48.227;0;;34.968;0;36.889;0;36.370;2;192.7;38:19.748;09:38:19.748;0:34.968;0:36.889;0:36.370;268.7;Jean-Baptiste LAHAYE;;LMP3;;Ultimate;Ligier;
17;0;20;1:55.350;0;B;34.806;0;37.308;0;43.236;0;180.8;40:15.098;09:40:15.098;0:34.806;0:37.308;0:43.236;268.7;Jean-Baptiste LAHAYE;;LMP3;;Ultimate;Ligier;
17;0;21;3:06.277;0;;1:51.677;0;37.377;0;37.223;0;112.0;43:21.375;09:43:21.375;1:51.677;0:37.377;0:37.223;210.5;Jean-Baptiste LAHAYE;0:01:19.527;LMP3;;Ultimate;Ligier;
17;0;22;1:49.595;0;;35.259;0;37.354;0;36.982;0;190.3;45:10.970;09:45:10.970;0:35.259;0:37.354;0:36.982;265.4;Jean-Baptiste LAHAYE;;LMP3;;Ultimate;Ligier;
17;0;23;1:49.520;0;;35.133;0;37.416;0;36.971;0;190.4;47:00.490;09:47:00.490;0:35.133;0:37.416;0:36.971;267.3;Jean-Baptiste LAHAYE;;LMP3;;Ultimate;Ligier;
17;0;24;1:49.119;0;;35.212;0;36.965;0;36.942;0;191.1;48:49.609;09:48:49.609;0:35.212;0:36.965;0:36.942;251.7;Jean-Baptiste LAHAYE;;LMP3;;Ultimate;Ligier;
17;0;25;3:25.362;0;B;34.983;0;1:15.572;0;1:34.807;0;101.6;52:14.971;09:52:14.971;0:34.983;1:15.572;1:34.807;269.3;Jean-Baptiste LAHAYE;;LMP3;;Ultimate;Ligier;
17;2;26;3:51.663;0;;2:34.584;0;39.063;0;38.016;0;90.0;56:06.634;09:56:06.634;2:34.584;0:39.063;0:38.016;206.5;François HERIAU;0:02:02.567;LMP3;;Ultimate;Ligier;
17;2;27;1:51.170;0;;35.619;0;37.927;0;37.624;0;187.6;57:57.804;09:57:57.804;0:35.619;0:37.927;0:37.624;265.4;François HERIAU;;LMP3;;Ultimate;Ligier;
17;2;28;1:53.080;0;;37.039;0;37.944;0;38.097;0;184.4;59:50.884;09:59:50.884;0:37.039;0:37.944;0:38.097;236.3;François HERIAU;;LMP3;;Ultimate;Ligier;
17;2;29;1:50.422;0;;35.276;0;37.950;0;37.196;0;188.9;1:01:41.306;10:01:41.306;0:35.276;0:37.950;0:37.196;266.0;François HERIAU;;LMP3;;Ultimate;Ligier;
17;2;30;1:49.950;0;;35.129;0;37.562;0;37.259;0;189.7;1:03:31.256;10:03:31.256;0:35.129;0:37.562;0:37.259;267.3;François HERIAU;;LMP3;;Ultimate;Ligier;
17;2;31;3:06.987;0;;36.071;0;1:05.455;0;1:25.461;0;111.5;1:06:38.243;10:06:38.243;0:36.071;1:05.455;1:25.461;266.7;François HERIAU;;LMP3;;Ultimate;Ligier;
17;2;32;1:51.975;0;;36.886;0;37.731;0;37.358;0;186.2;1:08:30.218;10:08:30.218;0:36.886;0:37.731;0:37.358;254.1;François HERIAU;;LMP3;;Ultimate;Ligier;
17;2;33;1:51.787;0;;35.340;0;38.993;0;37.454;0;186.6;1:10:22.005;10:10:22.005;0:35.340;0:38.993;0:37.454;268.7;François HERIAU;;LMP3;;Ultimate;Ligier;
17;2;34;1:51.140;0;;35.549;0;37.706;0;37.885;0;187.6;1:12:13.145;10:12:13.145;0:35.549;0:37.706;0:37.885;266.0;François HERIAU;;LMP3;;Ultimate;Ligier;
17;2;35;1:50.053;0;;35.530;0;37.235;0;37.288;0;189.5;1:14:03.198;10:14:03.198;0:35.530;0:37.235;0:37.288;266.0;François HERIAU;;LMP3;;Ultimate;Ligier;
17;2;36;1:50.173;0;;35.035;0;37.927;0;37.211;0;189.3;1:15:53.371;10:15:53.371;0:35.035;0:37.927;0:37.211;268.7;François HERIAU;;LMP3;;Ultimate;Ligier;
17;2;37;1:49.609;0;;35.112;0;37.454;0;37.043;0;190.3;1:17:42.980;10:17:42.980;0:35.112;0:37.454;0:37.043;268.7;François HERIAU;;LMP3;;Ultimate;Ligier;
17;2;38;1:49.116;0;;35.012;0;37.229;1;36.875;0;191.1;1:19:32.096;10:19:32.096;0:35.012;0:37.229;0:36.875;268.0;François HERIAU;;LMP3;;Ultimate;Ligier;
17;2;39;1:49.625;0;;35.129;0;37.343;0;37.153;0;190.2;1:21:21.721;10:21:21.721;0:35.129;0:37.343;0:37.153;268.7;François HERIAU;;LMP3;;Ultimate;Ligier;
17;2;40;1:49.474;0;;35.156;0;37.293;0;37.025;0;190.5;1:23:11.195;10:23:11.195;0:35.156;0:37.293;0:37.025;267.3;François HERIAU;;LMP3;;Ultimate;Ligier;
17;2;41;1:49.162;0;;34.970;0;37.388;0;36.804;1;191.0;1:25:00.357;10:25:00.357;0:34.970;0:37.388;0:36.804;268.0;François HERIAU;;LMP3;;Ultimate;Ligier;
17;2;42;1:51.270;0;;35.024;0;38.679;0;37.567;0;187.4;1:26:51.627;10:26:51.627;0:35.024;0:38.679;0:37.567;269.3;François HERIAU;;LMP3;;Ultimate;Ligier;
17;2;43;1:51.272;0;;35.163;0;38.796;0;37.313;0;187.4;1:28:42.899;10:28:42.899;0:35.163;0:38.796;0:37.313;268.0;François HERIAU;;LMP3;;Ultimate;Ligier;
17;2;44;1:49.639;0;;34.889;1;37.419;0;37.331;0;190.2;1:30:32.538;10:30:32.538;0:34.889;0:37.419;0:37.331;268.7;François HERIAU;;LMP3;;Ultimate;Ligier;
18;1;1;3:26.893;0;;2:05.938;0;41.071;0;39.884;0;100.8;3:26.893;09:03:26.893;2:05.938;0:41.071;0:39.884;180.3;Antoine JUNG;0:01:27.030;LMP3;;M.Racing - YMR;Ligier;
18;1;2;1:54.373;0;;37.699;0;38.685;0;37.989;0;182.3;5:21.266;09:05:21.266;0:37.699;0:38.685;0:37.989;213.4;Antoine JUNG;;LMP3;;M.Racing - YMR;Ligier;
18;1;3;1:51.162;0;;36.498;0;37.500;0;37.164;0;187.6;7:12.428;09:07:12.428;0:36.498;0:37.500;0:37.164;238.9;Antoine JUNG;;LMP3;;M.Racing - YMR;Ligier;
18;1;4;1:50.393;0;;36.588;0;37.033;0;36.772;0;188.9;9:02.821;09:09:02.821;0:36.588;0:37.033;0:36.772;263.4;Antoine JUNG;;LMP3;;M.Racing - YMR;Ligier;
18;1;5;1:50.105;0;;36.419;0;36.777;0;36.909;0;189.4;10:52.926;09:10:52.926;0:36.419;0:36.777;0:36.909;264.7;Antoine JUNG;;LMP3;;M.Racing - YMR;Ligier;
18;1;6;2:04.398;0;;35.774;0;38.243;0;50.381;0;167.6;12:57.324;09:12:57.324;0:35.774;0:38.243;0:50.381;263.4;Antoine JUNG;;LMP3;;M.Racing - YMR;Ligier;
18;1;7;1:49.503;0;;35.871;0;37.207;0;36.425;0;190.4;14:46.827;09:14:46.827;0:35.871;0:37.207;0:36.425;264.7;Antoine JUNG;;LMP3;;M.Racing - YMR;Ligier;
18;1;8;1:48.316;0;;35.435;0;36.401;0;36.480;0;192.5;16:35.143;09:16:35.143;0:35.435;0:36.401;0:36.480;265.4;Antoine JUNG;;LMP3;;M.Racing - YMR;Ligier;
18;1;9;1:54.409;0;B;35.088;0;36.912;0;42.409;0;182.3;18:29.552;09:18:29.552;0:35.088;0:36.912;0:42.409;267.3;Antoine JUNG;;LMP3;;M.Racing - YMR;Ligier;
18;1;10;8:12.946;0;;6:59.343;0;36.936;0;36.667;0;42.3;26:42.498;09:26:42.498;6:59.343;0:36.936;0:36.667;209.3;Antoine JUNG;0:06:29.185;LMP3;;M.Racing - YMR;Ligier;
18;1;11;1:50.632;0;;37.338;0;36.772;0;36.522;0;188.5;28:33.130;09:28:33.130;0:37.338;0:36.772;0:36.522;259.0;Antoine JUNG;;LMP3;;M.Racing - YMR;Ligier;
18;1;12;1:48.143;0;;35.307;0;36.493;0;36.343;1;192.8;30:21.273;09:30:21.273;0:35.307;0:36.493;0:36.343;263.4;Antoine JUNG;;LMP3;;M.Racing - YMR;Ligier;
18;1;13;1:48.278;0;;35.055;0;36.318;1;36.905;0;192.6;32:09.551;09:32:09.551;0:35.055;0:36.318;0:36.905;264.1;Antoine JUNG;;LMP3;;M.Racing - YMR;Ligier;
18;1;14;1:53.477;0;B;35.021;1;36.699;0;41.757;0;183.8;34:03.028;09:34:03.028;0:35.021;0:36.699;0:41.757;264.1;Antoine JUNG;;LMP3;;M.Racing - YMR;Ligier;
18;2;15;3:55.380;0;;2:40.180;0;37.927;0;37.273;0;88.6;37:58.408;09:37:58.408;2:40.180;0:37.927;0:37.273;206.1;Romano RICCI;0:02:08.342;LMP3;;M.Racing - YMR;Ligier;
18;2;16;1:49.577;0;;35.390;0;36.997;0;37.190;0;190.3;39:47.985;09:39:47.985;0:35.390;0:36.997;0:37.190;263.4;Romano RICCI;;LMP3;;M.Racing - YMR;Ligier;
18;2;17;1:48.769;0;;35.165;0;36.767;0;36.837;0;191.7;41:36.754;09:41:36.754;0:35.165;0:36.767;0:36.837;262.8;Romano RICCI;;LMP3;;M.Racing - YMR;Ligier;
18;2;18;1:49.360;0;;35.316;0;36.755;0;37.289;0;190.7;43:26.114;09:43:26.114;0:35.316;0:36.755;0:37.289;262.8;Romano RICCI;;LMP3;;M.Racing - YMR;Ligier;
18;2;19;1:49.044;0;;35.201;0;36.927;0;36.916;0;191.3;45:15.158;09:45:15.158;0:35.201;0:36.927;0:36.916;262.1;Romano RICCI;;LMP3;;M.Racing - YMR;Ligier;
18;2;20;1:48.979;0;;35.217;0;36.859;0;36.903;0;191.4;47:04.137;09:47:04.137;0:35.217;0:36.859;0:36.903;264.7;Romano RICCI;;LMP3;;M.Racing - YMR;Ligier;
18;2;21;1:48.390;0;;34.976;0;36.716;1;36.698;0;192.4;48:52.527;09:48:52.527;0:34.976;0:36.716;0:36.698;264.7;Romano RICCI;;LMP3;;M.Racing - YMR;Ligier;
18;2;22;3:24.882;0;;34.935;1;1:17.996;0;1:31.951;0;101.8;52:17.409;09:52:17.409;0:34.935;1:17.996;1:31.951;266.0;Romano RICCI;;LMP3;;M.Racing - YMR;Ligier;
18;2;23;2:51.281;0;;1:26.514;0;47.240;0;37.527;0;121.8;55:08.690;09:55:08.690;1:26.514;0:47.240;0:37.527;80.1;Romano RICCI;;LMP3;;M.Racing - YMR;Ligier;
18;2;24;1:48.954;0;;35.313;0;36.984;0;36.657;0;191.4;56:57.644;09:56:57.644;0:35.313;0:36.984;0:36.657;262.8;Romano RICCI;;LMP3;;M.Racing - YMR;Ligier;
18;2;25;1:58.059;0;;36.748;0;44.239;0;37.072;0;176.6;58:55.703;09:58:55.703;0:36.748;0:44.239;0:37.072;229.3;Romano RICCI;;LMP3;;M.Racing - YMR;Ligier;
18;2;26;1:48.355;0;;35.048;0;36.833;0;36.474;1;192.5;1:00:44.058;10:00:44.058;0:35.048;0:36.833;0:36.474;262.8;Romano RICCI;;LMP3;;M.Racing - YMR;Ligier;
18;2;27;2:06.762;0;B;37.700;0;43.823;0;45.239;0;164.5;1:02:50.820;10:02:50.820;0:37.700;0:43.823;0:45.239;262.8;Romano RICCI;;LMP3;;M.Racing - YMR;Ligier;
18;0;28;5:43.101;0;;4:29.210;0;37.083;0;36.808;0;60.8;1:08:33.921;10:08:33.921;4:29.210;0:37.083;0:36.808;200.7;Alexandre COUGNAUD;0:03:57.753;LMP3;;M.Racing - YMR;Ligier;
18;0;29;1:48.781;0;;35.263;0;36.689;0;36.829;0;191.7;1:10:22.702;10:10:22.702;0:35.263;0:36.689;0:36.829;265.4;Alexandre COUGNAUD;;LMP3;;M.Racing - YMR;Ligier;
18;0;30;1:53.707;0;;35.298;0;41.735;0;36.674;0;183.4;1:12:16.409;10:12:16.409;0:35.298;0:41.735;0:36.674;266.0;Alexandre COUGNAUD;;LMP3;;M.Racing - YMR;Ligier;
18;0;31;1:47.832;0;;35.006;0;36.427;0;36.399;0;193.4;1:14:04.241;10:14:04.241;0:35.006;0:36.427;0:36.399;264.1;Alexandre COUGNAUD;;LMP3;;M.Racing - YMR;Ligier;
18;0;32;1:55.453;0;B;35.037;0;37.647;0;42.769;0;180.6;1:15:59.694;10:15:59.694;0:35.037;0:37.647;0:42.769;264.1;Alexandre COUGNAUD;;LMP3;;M.Racing - YMR;Ligier;
18;0;33;3:50.193;0;;2:24.403;0;40.690;0;45.100;0;90.6;1:19:49.887;10:19:49.887;2:24.403;0:40.690;0:45.100;208.9;Alexandre COUGNAUD;0:01:52.367;LMP3;;M.Racing - YMR;Ligier;
18;0;34;1:47.291;0;;34.969;0;36.213;0;36.109;0;194.4;1:21:37.178;10:21:37.178;0:34.969;0:36.213;0:36.109;262.8;Alexandre COUGNAUD;;LMP3;;M.Racing - YMR;Ligier;
18;0;35;1:47.952;0;;34.920;0;36.835;0;36.197;0;193.2;1:23:25.130;10:23:25.130;0:34.920;0:36.835;0:36.197;262.8;Alexandre COUGNAUD;;LMP3;;M.Racing - YMR;Ligier;
18;0;36;1:47.151;0;;34.889;0;36.170;0;36.092;0;194.6;1:25:12.281;10:25:12.281;0:34.889;0:36.170;0:36.092;262.1;Alexandre COUGNAUD;;LMP3;;M.Racing - YMR;Ligier;
18;0;37;1:46.527;2;;34.900;0;35.857;2;35.770;2;195.8;1:26:58.808;10:26:58.808;0:34.900;0:35.857;0:35.770;264.1;Alexandre COUGNAUD;;LMP3;;M.Racing - YMR;Ligier;
18;0;38;1:53.822;0;B;34.786;2;36.509;0;42.527;0;183.2;1:28:52.630;10:28:52.630;0:34.786;0:36.509;0:42.527;265.4;Alexandre COUGNAUD;;LMP3;;M.Racing - YMR;Ligier;
19;1;1;3:15.790;0;;1:42.398;0;48.396;0;44.996;0;106.5;3:15.790;09:03:15.790;1:42.398;0:48.396;0:44.996;153.6;Erwin CREED;0:00:56.570;LMP3;;M.Racing - YMR;Norma;
19;1;2;2:04.799;0;;39.834;0;43.458;0;41.507;0;167.1;5:20.589;09:05:20.589;0:39.834;0:43.458;0:41.507;205.7;Erwin CREED;;LMP3;;M.Racing - YMR;Norma;
19;1;3;2:03.133;0;;40.042;0;42.438;0;40.653;0;169.4;7:23.722;09:07:23.722;0:40.042;0:42.438;0:40.653;197.1;Erwin CREED;;LMP3;;M.Racing - YMR;Norma;
19;1;4;2:03.600;0;;41.087;0;42.271;0;40.242;0;168.7;9:27.322;09:09:27.322;0:41.087;0:42.271;0:40.242;204.9;Erwin CREED;;LMP3;;M.Racing - YMR;Norma;
19;1;5;1:57.782;0;;37.838;0;40.456;0;39.488;0;177.1;11:25.104;09:11:25.104;0:37.838;0:40.456;0:39.488;212.6;Erwin CREED;;LMP3;;M.Racing - YMR;Norma;
19;1;6;1:56.391;0;;37.021;0;40.047;0;39.323;0;179.2;13:21.495;09:13:21.495;0:37.021;0:40.047;0:39.323;231.3;Erwin CREED;;LMP3;;M.Racing - YMR;Norma;
19;1;7;1:54.879;0;;37.436;0;38.742;0;38.701;0;181.5;15:16.374;09:15:16.374;0:37.436;0:38.742;0:38.701;210.9;Erwin CREED;;LMP3;;M.Racing - YMR;Norma;
19;1;8;2:01.806;0;B;36.671;0;39.321;0;45.814;0;171.2;17:18.180;09:17:18.180;0:36.671;0:39.321;0:45.814;248.8;Erwin CREED;;LMP3;;M.Racing - YMR;Norma;
19;0;9;4:23.058;0;;3:03.783;0;39.590;0;39.685;0;79.3;21:41.238;09:21:41.238;3:03.783;0:39.590;0:39.685;184.3;Ricky CAPO;0:02:31.034;LMP3;;M.Racing - YMR;Norma;
19;0;10;1:50.336;0;;35.537;0;37.569;0;37.230;0;189.0;23:31.574;09:23:31.574;0:35.537;0:37.569;0:37.230;266.0;Ricky CAPO;;LMP3;;M.Racing - YMR;Norma;
19;0;11;1:48.481;0;;34.925;0;37.018;0;36.538;0;192.2;25:20.055;09:25:20.055;0:34.925;0:37.018;0:36.538;270.7;Ricky CAPO;;LMP3;;M.Racing - YMR;Norma;
19;0;12;1:47.913;0;;34.877;0;36.633;0;36.403;0;193.3;27:07.968;09:27:07.968;0:34.877;0:36.633;0:36.403;273.4;Ricky CAPO;;LMP3;;M.Racing - YMR;Norma;
19;0;13;1:47.975;0;;34.948;0;36.579;0;36.448;0;193.1;28:55.943;09:28:55.943;0:34.948;0:36.579;0:36.448;272.0;Ricky CAPO;;LMP3;;M.Racing - YMR;Norma;
19;0;14;1:47.782;0;;34.680;0;36.538;0;36.564;0;193.5;30:43.725;09:30:43.725;0:34.680;0:36.538;0:36.564;272.7;Ricky CAPO;;LMP3;;M.Racing - YMR;Norma;
19;0;15;1:47.502;0;;34.928;0;36.463;0;36.111;2;194.0;32:31.227;09:32:31.227;0:34.928;0:36.463;0:36.111;270.7;Ricky CAPO;;LMP3;;M.Racing - YMR;Norma;
19;0;16;1:47.750;0;;34.613;0;36.489;0;36.648;0;193.5;34:18.977;09:34:18.977;0:34.613;0:36.489;0:36.648;272.7;Ricky CAPO;;LMP3;;M.Racing - YMR;Norma;
19;0;17;1:48.179;0;;34.683;0;37.109;0;36.387;0;192.8;36:07.156;09:36:07.156;0:34.683;0:37.109;0:36.387;274.8;Ricky CAPO;;LMP3;;M.Racing - YMR;Norma;
19;0;18;1:48.056;0;;34.707;0;36.333;2;37.016;0;193.0;37:55.212;09:37:55.212;0:34.707;0:36.333;0:37.016;271.4;Ricky CAPO;;LMP3;;M.Racing - YMR;Norma;
19;0;19;1:48.106;0;;35.195;0;36.614;0;36.297;0;192.9;39:43.318;09:39:43.318;0:35.195;0:36.614;0:36.297;272.7;Ricky CAPO;;LMP3;;M.Racing - YMR;Norma;
19;0;20;1:47.113;2;;34.569;0;36.428;0;36.116;0;194.7;41:30.431;09:41:30.431;0:34.569;0:36.428;0:36.116;273.4;Ricky CAPO;;LMP3;;M.Racing - YMR;Norma;
19;0;21;1:55.750;0;B;35.267;0;36.382;0;44.101;0;180.2;43:26.181;09:43:26.181;0:35.267;0:36.382;0:44.101;251.7;Ricky CAPO;;LMP3;;M.Racing - YMR;Norma;
19;0;22;3:24.345;0;;2:07.196;0;39.680;0;37.469;0;102.1;46:50.526;09:46:50.526;2:07.196;0:39.680;0:37.469;179.7;Ricky CAPO;0:01:33.499;LMP3;;M.Racing - YMR;Norma;
19;0;23;1:48.177;0;;34.797;0;37.132;0;36.248;0;192.8;48:38.703;09:48:38.703;0:34.797;0:37.132;0:36.248;271.4;Ricky CAPO;;LMP3;;M.Racing - YMR;Norma;
19;0;24;3:16.571;0;B;34.374;2;1:07.425;0;1:34.772;0;106.1;51:55.274;09:51:55.274;0:34.374;1:07.425;1:34.772;274.1;Ricky CAPO;;LMP3;;M.Racing - YMR;Norma;
19;0;25;5:47.496;0;B;4:17.154;0;42.813;0;47.529;0;60.0;57:42.770;09:57:42.770;4:17.154;0:42.813;0:47.529;182.1;Ricky CAPO;0:03:39.246;LMP3;;M.Racing - YMR;Norma;
19;1;26;4:32.268;0;;3:13.893;0;40.890;0;37.485;0;76.6;1:02:15.038;10:02:15.038;3:13.893;0:40.890;0:37.485;200.4;Erwin CREED;0:02:40.099;LMP3;;M.Racing - YMR;Norma;
19;1;27;1:55.801;0;;35.362;0;40.319;0;40.120;0;180.1;1:04:10.839;10:04:10.839;0:35.362;0:40.319;0:40.120;268.0;Erwin CREED;;LMP3;;M.Racing - YMR;Norma;
19;1;28;3:03.074;0;;1:06.113;0;1:18.312;0;38.649;0;113.9;1:07:13.913;10:07:13.913;1:06.113;1:18.312;0:38.649;132.7;Erwin CREED;;LMP3;;M.Racing - YMR;Norma;
19;1;29;1:51.695;0;;35.885;0;38.430;0;37.380;0;186.7;1:09:05.608;10:09:05.608;0:35.885;0:38.430;0:37.380;227.8;Erwin CREED;;LMP3;;M.Racing - YMR;Norma;
19;1;30;1:49.899;0;;35.531;0;37.463;0;36.905;0;189.8;1:10:55.507;10:10:55.507;0:35.531;0:37.463;0:36.905;270.7;Erwin CREED;;LMP3;;M.Racing - YMR;Norma;
19;1;31;1:49.286;0;;35.358;0;37.152;0;36.776;0;190.8;1:12:44.793;10:12:44.793;0:35.358;0:37.152;0:36.776;270.0;Erwin CREED;;LMP3;;M.Racing - YMR;Norma;
19;1;32;1:51.753;0;;35.518;0;37.818;0;38.417;0;186.6;1:14:36.546;10:14:36.546;0:35.518;0:37.818;0:38.417;260.2;Erwin CREED;;LMP3;;M.Racing - YMR;Norma;
19;1;33;1:49.337;0;;35.084;0;37.217;0;37.036;0;190.7;1:16:25.883;10:16:25.883;0:35.084;0:37.217;0:37.036;272.0;Erwin CREED;;LMP3;;M.Racing - YMR;Norma;
19;1;34;1:49.130;0;;35.127;0;37.007;0;36.996;0;191.1;1:18:15.013;10:18:15.013;0:35.127;0:37.007;0:36.996;271.4;Erwin CREED;;LMP3;;M.Racing - YMR;Norma;
19;1;35;1:50.844;0;;36.163;0;37.716;0;36.965;0;188.1;1:20:05.857;10:20:05.857;0:36.163;0:37.716;0:36.965;237.4;Erwin CREED;;LMP3;;M.Racing - YMR;Norma;
19;1;36;1:49.035;0;;35.339;0;37.025;0;36.671;0;191.3;1:21:54.892;10:21:54.892;0:35.339;0:37.025;0:36.671;269.3;Erwin CREED;;LMP3;;M.Racing - YMR;Norma;
19;1;37;1:50.581;0;;35.386;0;38.469;0;36.726;0;188.6;1:23:45.473;10:23:45.473;0:35.386;0:38.469;0:36.726;253.5;Erwin CREED;;LMP3;;M.Racing - YMR;Norma;
19;1;38;1:50.042;0;;35.561;0;37.412;0;37.069;0;189.5;1:25:35.515;10:25:35.515;0:35.561;0:37.412;0:37.069;262.1;Erwin CREED;;LMP3;;M.Racing - YMR;Norma;
19;1;39;1:48.943;0;;34.975;0;37.338;0;36.630;0;191.4;1:27:24.458;10:27:24.458;0:34.975;0:37.338;0:36.630;270.7;Erwin CREED;;LMP3;;M.Racing - YMR;Norma;
19;1;40;1:48.492;0;;35.172;0;36.719;0;36.601;0;192.2;1:29:12.950;10:29:12.950;0:35.172;0:36.719;0:36.601;271.4;Erwin CREED;;LMP3;;M.Racing - YMR;Norma;
19;1;41;1:47.984;0;;34.965;1;36.659;1;36.360;1;193.1;1:31:00.934;10:31:00.934;0:34.965;0:36.659;0:36.360;267.3;Erwin CREED;;LMP3;;M.Racing - YMR;Norma;
2;0;1;3:30.960;0;;2:04.927;0;43.607;0;42.426;0;98.9;3:30.960;09:03:30.960;2:04.927;0:43.607;0:42.426;184.6;John FALB;0:01:26.424;LMP3;;United Autosports;Ligier;
2;0;2;1:57.169;0;;37.281;0;40.354;0;39.534;0;178.0;5:28.129;09:05:28.129;0:37.281;0:40.354;0:39.534;222.2;John FALB;;LMP3;;United Autosports;Ligier;
2;0;3;1:55.726;0;;37.311;0;39.087;0;39.328;0;180.2;7:23.855;09:07:23.855;0:37.311;0:39.087;0:39.328;218.2;John FALB;;LMP3;;United Autosports;Ligier;
2;0;4;1:54.168;0;;36.942;0;38.510;0;38.716;0;182.7;9:18.023;09:09:18.023;0:36.942;0:38.510;0:38.716;206.9;John FALB;;LMP3;;United Autosports;Ligier;
2;0;5;1:52.306;0;;36.320;0;38.085;0;37.901;0;185.7;11:10.329;09:11:10.329;0:36.320;0:38.085;0:37.901;262.8;John FALB;;LMP3;;United Autosports;Ligier;
2;0;6;1:50.650;0;;35.680;0;37.822;0;37.148;0;188.5;13:00.979;09:13:00.979;0:35.680;0:37.822;0:37.148;262.8;John FALB;;LMP3;;United Autosports;Ligier;
2;0;7;1:51.274;0;;35.708;0;37.454;0;38.112;0;187.4;14:52.253;09:14:52.253;0:35.708;0:37.454;0:38.112;268.7;John FALB;;LMP3;;United Autosports;Ligier;
2;0;8;1:49.705;0;;35.529;0;37.158;0;37.018;0;190.1;16:41.958;09:16:41.958;0:35.529;0:37.158;0:37.018;268.0;John FALB;;LMP3;;United Autosports;Ligier;
2;0;9;1:49.278;0;;35.334;0;37.091;0;36.853;0;190.8;18:31.236;09:18:31.236;0:35.334;0:37.091;0:36.853;268.0;John FALB;;LMP3;;United Autosports;Ligier;
2;0;10;1:50.106;0;;35.485;0;37.479;0;37.142;0;189.4;20:21.342;09:20:21.342;0:35.485;0:37.479;0:37.142;268.7;John FALB;;LMP3;;United Autosports;Ligier;
2;0;11;1:49.363;0;;35.130;0;37.108;0;37.125;0;190.7;22:10.705;09:22:10.705;0:35.130;0:37.108;0:37.125;264.7;John FALB;;LMP3;;United Autosports;Ligier;
2;0;12;1:56.293;0;B;35.235;0;37.066;0;43.992;0;179.3;24:06.998;09:24:06.998;0:35.235;0:37.066;0:43.992;266.0;John FALB;;LMP3;;United Autosports;Ligier;
2;0;13;3:43.999;0;;2:27.900;0;38.780;0;37.319;0;93.1;27:50.997;09:27:50.997;2:27.900;0:38.780;0:37.319;208.5;John FALB;0:01:55.722;LMP3;;United Autosports;Ligier;
2;0;14;1:50.318;0;;35.495;0;37.125;0;37.698;0;189.0;29:41.315;09:29:41.315;0:35.495;0:37.125;0:37.698;266.7;John FALB;;LMP3;;United Autosports;Ligier;
2;0;15;1:50.147;0;;35.443;0;37.330;0;37.374;0;189.3;31:31.462;09:31:31.462;0:35.443;0:37.330;0:37.374;267.3;John FALB;;LMP3;;United Autosports;Ligier;
2;0;16;1:50.152;0;;35.587;0;37.390;0;37.175;0;189.3;33:21.614;09:33:21.614;0:35.587;0:37.390;0:37.175;261.5;John FALB;;LMP3;;United Autosports;Ligier;
2;0;17;1:49.768;0;;35.428;0;37.285;0;37.055;0;190.0;35:11.382;09:35:11.382;0:35.428;0:37.285;0:37.055;260.9;John FALB;;LMP3;;United Autosports;Ligier;
2;0;18;1:50.160;0;;35.303;0;37.485;0;37.372;0;189.3;37:01.542;09:37:01.542;0:35.303;0:37.485;0:37.372;268.0;John FALB;;LMP3;;United Autosports;Ligier;
2;0;19;1:49.577;0;;35.164;0;36.997;1;37.416;0;190.3;38:51.119;09:38:51.119;0:35.164;0:36.997;0:37.416;266.7;John FALB;;LMP3;;United Autosports;Ligier;
2;0;20;1:52.611;0;;35.381;0;39.154;0;38.076;0;185.2;40:43.730;09:40:43.730;0:35.381;0:39.154;0:38.076;260.2;John FALB;;LMP3;;United Autosports;Ligier;
2;0;21;1:49.516;0;;34.987;1;37.181;0;37.348;0;190.4;42:33.246;09:42:33.246;0:34.987;0:37.181;0:37.348;266.7;John FALB;;LMP3;;United Autosports;Ligier;
2;0;22;1:49.187;0;;35.173;0;37.230;0;36.784;1;191.0;44:22.433;09:44:22.433;0:35.173;0:37.230;0:36.784;268.7;John FALB;;LMP3;;United Autosports;Ligier;
2;0;23;1:55.360;0;B;35.044;0;37.221;0;43.095;0;180.8;46:17.793;09:46:17.793;0:35.044;0:37.221;0:43.095;268.0;John FALB;;LMP3;;United Autosports;Ligier;
2;1;24;15:28.905;0;;14:11.100;0;38.996;0;38.809;0;22.5;1:01:46.698;10:01:46.698;14:11.100;0:38.996;0:38.809;159.1;Sean RAYHALL;0:13:38.838;LMP3;;United Autosports;Ligier;
2;1;25;1:52.931;0;;36.265;0;37.956;0;38.710;0;184.7;1:03:39.629;10:03:39.629;0:36.265;0:37.956;0:38.710;214.7;Sean RAYHALL;;LMP3;;United Autosports;Ligier;
2;1;26;3:03.689;0;;37.960;0;1:07.365;0;1:18.364;0;113.5;1:06:43.318;10:06:43.318;0:37.960;1:07.365;1:18.364;223.6;Sean RAYHALL;;LMP3;;United Autosports;Ligier;
2;1;27;1:49.525;0;;35.721;0;36.805;0;36.999;0;190.4;1:08:32.843;10:08:32.843;0:35.721;0:36.805;0:36.999;257.1;Sean RAYHALL;;LMP3;;United Autosports;Ligier;
2;1;28;1:49.375;0;;35.310;0;36.927;0;37.138;0;190.7;1:10:22.218;10:10:22.218;0:35.310;0:36.927;0:37.138;262.1;Sean RAYHALL;;LMP3;;United Autosports;Ligier;
2;1;29;1:50.382;0;;35.449;0;37.767;0;37.166;0;188.9;1:12:12.600;10:12:12.600;0:35.449;0:37.767;0:37.166;266.7;Sean RAYHALL;;LMP3;;United Autosports;Ligier;
2;1;30;1:49.609;0;;35.092;0;36.859;0;37.658;0;190.3;1:14:02.209;10:14:02.209;0:35.092;0:36.859;0:37.658;266.7;Sean RAYHALL;;LMP3;;United Autosports;Ligier;
2;1;31;1:48.398;0;;35.028;0;36.599;0;36.771;0;192.4;1:15:50.607;10:15:50.607;0:35.028;0:36.599;0:36.771;266.0;Sean RAYHALL;;LMP3;;United Autosports;Ligier;
2;1;32;1:48.753;0;;34.988;0;36.354;2;37.411;0;191.8;1:17:39.360;10:17:39.360;0:34.988;0:36.354;0:37.411;267.3;Sean RAYHALL;;LMP3;;United Autosports;Ligier;
2;1;33;1:47.959;2;;34.816;2;36.636;0;36.507;2;193.2;1:19:27.319;10:19:27.319;0:34.816;0:36.636;0:36.507;267.3;Sean RAYHALL;;LMP3;;United Autosports;Ligier;
2;1;34;1:48.730;0;;35.060;0;36.806;0;36.864;0;191.8;1:21:16.049;10:21:16.049;0:35.060;0:36.806;0:36.864;267.3;Sean RAYHALL;;LMP3;;United Autosports;Ligier;
2;1;35;1:50.416;0;;35.186;0;38.248;0;36.982;0;188.9;1:23:06.465;10:23:06.465;0:35.186;0:38.248;0:36.982;268.0;Sean RAYHALL;;LMP3;;United Autosports;Ligier;
2;1;36;1:48.487;0;;34.958;0;36.792;0;36.737;0;192.2;1:24:54.952;10:24:54.952;0:34.958;0:36.792;0:36.737;266.0;Sean RAYHALL;;LMP3;;United Autosports;Ligier;
2;1;37;1:48.506;0;;34.906;0;37.035;0;36.565;0;192.2;1:26:43.458;10:26:43.458;0:34.906;0:37.035;0:36.565;266.7;Sean RAYHALL;;LMP3;;United Autosports;Ligier;
2;1;38;1:56.050;0;B;34.962;0;38.344;0;42.744;0;179.7;1:28:39.508;10:28:39.508;0:34.962;0:38.344;0:42.744;265.4;Sean RAYHALL;;LMP3;;United Autosports;Ligier;
21;2;1;2:45.191;0;;1:20.178;0;41.874;0;43.139;0;126.2;2:45.191;09:02:45.191;1:20.178;0:41.874;0:43.139;126.9;Ben HANLEY;0:00:36.683;LMP2;;DragonSpeed;Oreca;
21;2;2;1:57.603;0;B;35.047;0;38.509;0;44.047;0;177.3;4:42.794;09:04:42.794;0:35.047;0:38.509;0:44.047;242.2;Ben HANLEY;;LMP2;;DragonSpeed;Oreca;
21;2;3;3:51.763;0;;2:36.976;0;37.371;0;37.416;0;90.0;8:34.557;09:08:34.557;2:36.976;0:37.371;0:37.416;192.2;Ben HANLEY;0:02:06.477;LMP2;;DragonSpeed;Oreca;
21;2;4;1:45.923;0;;33.866;0;36.370;0;35.687;0;196.9;10:20.480;09:10:20.480;0:33.866;0:36.370;0:35.687;247.7;Ben HANLEY;;LMP2;;DragonSpeed;Oreca;
21;2;5;1:43.632;0;;34.831;0;34.987;0;33.814;0;201.2;12:04.112;09:12:04.112;0:34.831;0:34.987;0:33.814;228.8;Ben HANLEY;;LMP2;;DragonSpeed;Oreca;
21;2;6;1:42.216;0;;32.816;0;35.039;0;34.361;0;204.0;13:46.328;09:13:46.328;0:32.816;0:35.039;0:34.361;264.7;Ben HANLEY;;LMP2;;DragonSpeed;Oreca;
21;2;7;1:40.373;0;;32.916;0;34.065;0;33.392;0;207.8;15:26.701;09:15:26.701;0:32.916;0:34.065;0:33.392;278.4;Ben HANLEY;;LMP2;;DragonSpeed;Oreca;
21;2;8;1:40.946;0;;32.373;0;33.863;0;34.710;0;206.6;17:07.647;09:17:07.647;0:32.373;0:33.863;0:34.710;300.0;Ben HANLEY;;LMP2;;DragonSpeed;Oreca;
21;2;9;1:50.603;0;B;33.091;0;34.184;0;43.328;0;188.6;18:58.250;09:18:58.250;0:33.091;0:34.184;0:43.328;290.3;Ben HANLEY;;LMP2;;DragonSpeed;Oreca;
21;0;10;10:17.255;0;;9:02.087;0;38.115;0;37.053;0;33.8;29:15.505;09:29:15.505;9:02.087;0:38.115;0:37.053;200.7;Henrik HEDMAN;0:08:30.324;LMP2;;DragonSpeed;Oreca;
21;0;11;1:45.739;0;;33.351;0;37.030;0;35.358;0;197.2;31:01.244;09:31:01.244;0:33.351;0:37.030;0:35.358;287.2;Henrik HEDMAN;;LMP2;;DragonSpeed;Oreca;
21;0;12;1:44.642;0;;32.913;0;35.711;0;36.018;0;199.3;32:45.886;09:32:45.886;0:32.913;0:35.711;0:36.018;290.3;Henrik HEDMAN;;LMP2;;DragonSpeed;Oreca;
21;0;13;1:42.197;0;;32.914;0;34.818;0;34.465;0;204.1;34:28.083;09:34:28.083;0:32.914;0:34.818;0:34.465;279.1;Henrik HEDMAN;;LMP2;;DragonSpeed;Oreca;
21;0;14;1:42.168;0;;32.495;0;34.745;1;34.928;0;204.1;36:10.251;09:36:10.251;0:32.495;0:34.745;0:34.928;285.7;Henrik HEDMAN;;LMP2;;DragonSpeed;Oreca;
21;0;15;1:42.499;0;;32.559;0;35.241;0;34.699;0;203.5;37:52.750;09:37:52.750;0:32.559;0:35.241;0:34.699;292.7;Henrik HEDMAN;;LMP2;;DragonSpeed;Oreca;
21;0;16;1:41.733;0;;32.470;0;34.952;0;34.311;0;205.0;39:34.483;09:39:34.483;0:32.470;0:34.952;0:34.311;291.9;Henrik HEDMAN;;LMP2;;DragonSpeed;Oreca;
21;0;17;1:42.092;0;;32.639;0;35.190;0;34.263;1;204.3;41:16.575;09:41:16.575;0:32.639;0:35.190;0:34.263;291.1;Henrik HEDMAN;;LMP2;;DragonSpeed;Oreca;
21;0;18;1:42.927;0;;32.392;0;34.944;0;35.591;0;202.6;42:59.502;09:42:59.502;0:32.392;0:34.944;0:35.591;297.5;Henrik HEDMAN;;LMP2;;DragonSpeed;Oreca;
21;0;19;1:51.514;0;B;32.364;1;35.671;0;43.479;0;187.0;44:51.016;09:44:51.016;0:32.364;0:35.671;0:43.479;296.7;Henrik HEDMAN;;LMP2;;DragonSpeed;Oreca;
21;1;20;3:34.233;0;;2:25.425;0;34.464;0;34.344;0;97.3;48:25.249;09:48:25.249;2:25.425;0:34.464;0:34.344;231.3;Nicolas LAPIERRE;0:01:57.918;LMP2;;DragonSpeed;Oreca;
21;1;21;2:47.206;0;B;31.845;0;42.141;0;1:33.220;0;124.7;51:12.455;09:51:12.455;0:31.845;0:42.141;1:33.220;300.8;Nicolas LAPIERRE;;LMP2;;DragonSpeed;Oreca;
21;1;22;5:54.415;0;;4:46.502;0;34.560;0;33.353;0;58.8;57:06.870;09:57:06.870;4:46.502;0:34.560;0:33.353;232.3;Nicolas LAPIERRE;0:04:19.269;LMP2;;DragonSpeed;Oreca;
21;1;23;1:39.564;0;;31.858;0;33.930;0;33.776;0;209.5;58:46.434;09:58:46.434;0:31.858;0:33.930;0:33.776;297.5;Nicolas LAPIERRE;;LMP2;;DragonSpeed;Oreca;
21;1;24;1:39.528;0;;32.119;0;34.487;0;32.922;0;209.5;1:00:25.962;10:00:25.962;0:32.119;0:34.487;0:32.922;299.2;Nicolas LAPIERRE;;LMP2;;DragonSpeed;Oreca;
21;1;25;1:43.744;0;;32.046;0;37.551;0;34.147;0;201.0;1:02:09.706;10:02:09.706;0:32.046;0:37.551;0:34.147;300.8;Nicolas LAPIERRE;;LMP2;;DragonSpeed;Oreca;
21;1;26;1:39.942;0;;31.785;0;35.130;0;33.027;0;208.7;1:03:49.648;10:03:49.648;0:31.785;0:35.130;0:33.027;300.8;Nicolas LAPIERRE;;LMP2;;DragonSpeed;Oreca;
21;1;27;3:04.247;0;B;32.126;0;1:12.004;0;1:20.117;0;113.2;1:06:53.895;10:06:53.895;0:32.126;1:12.004;1:20.117;299.2;Nicolas LAPIERRE;;LMP2;;DragonSpeed;Oreca;
21;1;28;4:40.169;0;;3:31.758;0;34.059;0;34.352;0;74.4;1:11:34.064;10:11:34.064;3:31.758;0:34.059;0:34.352;197.8;Nicolas LAPIERRE;0:03:03.141;LMP2;;DragonSpeed;Oreca;
21;1;29;1:39.301;0;;32.140;0;33.313;0;33.848;0;210.0;1:13:13.365;10:13:13.365;0:32.140;0:33.313;0:33.848;297.5;Nicolas LAPIERRE;;LMP2;;DragonSpeed;Oreca;
21;1;30;1:37.258;3;;31.684;2;33.102;3;32.472;3;214.4;1:14:50.623;10:14:50.623;0:31.684;0:33.102;0:32.472;300.8;Nicolas LAPIERRE;;LMP2;;DragonSpeed;Oreca;
21;1;31;1:40.715;0;;32.651;0;34.315;0;33.749;0;207.1;1:16:31.338;10:16:31.338;0:32.651;0:34.315;0:33.749;248.3;Nicolas LAPIERRE;;LMP2;;DragonSpeed;Oreca;
21;1;32;1:48.481;0;B;32.624;0;33.910;0;41.947;0;192.2;1:18:19.819;10:18:19.819;0:32.624;0:33.910;0:41.947;289.5;Nicolas LAPIERRE;;LMP2;;DragonSpeed;Oreca;
21;2;33;10:32.790;0;;9:24.964;0;34.670;0;33.156;1;33.0;1:28:52.609;10:28:52.609;9:24.964;0:34.670;0:33.156;204.2;Ben HANLEY;0:08:57.046;LMP2;;DragonSpeed;Oreca;
21;2;34;1:39.287;0;;32.054;1;33.721;1;33.512;0;210.0;1:30:31.896;10:30:31.896;0:32.054;0:33.721;0:33.512;294.3;Ben HANLEY;;LMP2;;DragonSpeed;Oreca;
22;2;1;10:20.092;0;;9:06.286;0;38.058;0;35.748;0;33.6;10:20.092;09:10:20.092;9:06.286;0:38.058;0:35.748;178.5;Léo ROUSSEL;0:08:27.861;LMP2;;G-Drive Racing;Oreca;
22;2;2;1:43.800;0;;34.953;0;34.890;0;33.957;0;200.9;12:03.892;09:12:03.892;0:34.953;0:34.890;0:33.957;248.8;Léo ROUSSEL;;LMP2;;G-Drive Racing;Oreca;
22;2;3;1:42.764;0;;33.763;0;35.173;0;33.828;0;202.9;13:46.656;09:13:46.656;0:33.763;0:35.173;0:33.828;233.8;Léo ROUSSEL;;LMP2;;G-Drive Racing;Oreca;
22;2;4;1:41.048;0;;33.072;0;34.368;0;33.608;0;206.4;15:27.704;09:15:27.704;0:33.072;0:34.368;0:33.608;275.5;Léo ROUSSEL;;LMP2;;G-Drive Racing;Oreca;
22;2;5;1:40.385;0;;32.846;0;33.937;0;33.602;0;207.7;17:08.089;09:17:08.089;0:32.846;0:33.937;0:33.602;289.5;Léo ROUSSEL;;LMP2;;G-Drive Racing;Oreca;
22;2;6;1:42.879;0;;32.945;0;34.393;0;35.541;0;202.7;18:50.968;09:18:50.968;0:32.945;0:34.393;0:35.541;285.0;Léo ROUSSEL;;LMP2;;G-Drive Racing;Oreca;
22;2;7;1:39.222;0;;32.180;0;33.634;0;33.408;0;210.2;20:30.190;09:20:30.190;0:32.180;0:33.634;0:33.408;298.3;Léo ROUSSEL;;LMP2;;G-Drive Racing;Oreca;
22;2;8;1:39.623;0;;31.969;0;33.766;0;33.888;0;209.3;22:09.813;09:22:09.813;0:31.969;0:33.766;0:33.888;300.0;Léo ROUSSEL;;LMP2;;G-Drive Racing;Oreca;
22;2;9;1:40.272;0;;32.353;0;34.906;0;33.013;0;208.0;23:50.085;09:23:50.085;0:32.353;0:34.906;0:33.013;303.4;Léo ROUSSEL;;LMP2;;G-Drive Racing;Oreca;
22;2;10;1:39.415;0;;31.996;0;33.955;0;33.464;0;209.8;25:29.500;09:25:29.500;0:31.996;0:33.955;0:33.464;300.0;Léo ROUSSEL;;LMP2;;G-Drive Racing;Oreca;
22;2;11;1:39.209;0;;32.529;0;33.680;0;33.000;1;210.2;27:08.709;09:27:08.709;0:32.529;0:33.680;0:33.000;295.9;Léo ROUSSEL;;LMP2;;G-Drive Racing;Oreca;
22;2;12;1:39.716;0;;32.013;0;33.628;1;34.075;0;209.1;28:48.425;09:28:48.425;0:32.013;0:33.628;0:34.075;301.7;Léo ROUSSEL;;LMP2;;G-Drive Racing;Oreca;
22;2;13;1:39.324;0;;32.049;0;34.045;0;33.230;0;210.0;30:27.749;09:30:27.749;0:32.049;0:34.045;0:33.230;301.7;Léo ROUSSEL;;LMP2;;G-Drive Racing;Oreca;
22;2;14;1:39.391;0;;32.002;0;33.773;0;33.616;0;209.8;32:07.140;09:32:07.140;0:32.002;0:33.773;0:33.616;302.5;Léo ROUSSEL;;LMP2;;G-Drive Racing;Oreca;
22;2;15;1:39.523;0;;32.182;0;33.771;0;33.570;0;209.5;33:46.663;09:33:46.663;0:32.182;0:33.771;0:33.570;301.7;Léo ROUSSEL;;LMP2;;G-Drive Racing;Oreca;
22;2;16;1:40.851;0;;31.896;1;33.947;0;35.008;0;206.8;35:27.514;09:35:27.514;0:31.896;0:33.947;0:35.008;302.5;Léo ROUSSEL;;LMP2;;G-Drive Racing;Oreca;
22;2;17;1:47.063;0;B;32.758;0;34.330;0;39.975;0;194.8;37:14.577;09:37:14.577;0:32.758;0:34.330;0:39.975;266.7;Léo ROUSSEL;;LMP2;;G-Drive Racing;Oreca;
22;0;18;3:58.692;0;;2:46.990;0;36.679;0;35.023;0;87.4;41:13.269;09:41:13.269;2:46.990;0:36.679;0:35.023;192.9;Memo ROJAS;0:02:15.286;LMP2;;G-Drive Racing;Oreca;
22;0;19;1:43.327;0;;32.586;0;35.513;0;35.228;0;201.8;42:56.596;09:42:56.596;0:32.586;0:35.513;0:35.228;260.9;Memo ROJAS;;LMP2;;G-Drive Racing;Oreca;
22;0;20;1:44.416;0;;32.796;0;35.352;0;36.268;0;199.7;44:41.012;09:44:41.012;0:32.796;0:35.352;0:36.268;241.1;Memo ROJAS;;LMP2;;G-Drive Racing;Oreca;
22;0;21;1:41.670;0;;32.094;0;35.572;0;34.004;0;205.1;46:22.682;09:46:22.682;0:32.094;0:35.572;0:34.004;296.7;Memo ROJAS;;LMP2;;G-Drive Racing;Oreca;
22;0;22;1:40.044;0;;31.944;0;34.500;0;33.600;0;208.5;48:02.726;09:48:02.726;0:31.944;0:34.500;0:33.600;302.5;Memo ROJAS;;LMP2;;G-Drive Racing;Oreca;
22;0;23;2:29.215;0;B;32.224;0;40.364;0;1:16.627;0;139.8;50:31.941;09:50:31.941;0:32.224;0:40.364;1:16.627;293.5;Memo ROJAS;;LMP2;;G-Drive Racing;Oreca;
22;0;24;4:45.945;0;;3:32.385;0;38.944;0;34.616;0;72.9;55:17.886;09:55:17.886;3:32.385;0:38.944;0:34.616;79.3;Memo ROJAS;0:02:26.063;LMP2;;G-Drive Racing;Oreca;
22;0;25;1:40.866;0;;32.239;0;35.111;0;33.516;0;206.8;56:58.752;09:56:58.752;0:32.239;0:35.111;0:33.516;293.5;Memo ROJAS;;LMP2;;G-Drive Racing;Oreca;
22;0;26;1:41.188;0;;33.023;0;34.680;0;33.485;0;206.1;58:39.940;09:58:39.940;0:33.023;0:34.680;0:33.485;241.1;Memo ROJAS;;LMP2;;G-Drive Racing;Oreca;
22;0;27;1:39.747;0;;32.116;0;34.378;0;33.253;1;209.1;1:00:19.687;10:00:19.687;0:32.116;0:34.378;0:33.253;300.8;Memo ROJAS;;LMP2;;G-Drive Racing;Oreca;
22;0;28;1:40.273;0;;31.810;1;34.978;0;33.485;0;208.0;1:01:59.960;10:01:59.960;0:31.810;0:34.978;0:33.485;302.5;Memo ROJAS;;LMP2;;G-Drive Racing;Oreca;
22;0;29;1:39.843;0;;32.086;0;34.337;1;33.420;0;208.9;1:03:39.803;10:03:39.803;0:32.086;0:34.337;0:33.420;301.7;Memo ROJAS;;LMP2;;G-Drive Racing;Oreca;
22;0;30;3:06.412;0;B;32.166;0;1:03.789;0;1:30.457;0;111.9;1:06:46.215;10:06:46.215;0:32.166;1:03.789;1:30.457;301.7;Memo ROJAS;;LMP2;;G-Drive Racing;Oreca;
22;1;31;3:11.175;0;;1:59.750;0;36.832;0;34.593;0;109.1;1:09:57.390;10:09:57.390;1:59.750;0:36.832;0:34.593;200.4;Ryo HIRAKAWA;0:01:29.884;LMP2;;G-Drive Racing;Oreca;
22;1;32;1:41.340;0;;32.255;0;35.232;0;33.853;0;205.8;1:11:38.730;10:11:38.730;0:32.255;0:35.232;0:33.853;297.5;Ryo HIRAKAWA;;LMP2;;G-Drive Racing;Oreca;
22;1;33;1:40.865;0;;32.114;0;35.043;0;33.708;0;206.8;1:13:19.595;10:13:19.595;0:32.114;0:35.043;0:33.708;300.8;Ryo HIRAKAWA;;LMP2;;G-Drive Racing;Oreca;
22;1;34;1:48.632;0;B;32.108;0;35.318;0;41.206;0;192.0;1:15:08.227;10:15:08.227;0:32.108;0:35.318;0:41.206;301.7;Ryo HIRAKAWA;;LMP2;;G-Drive Racing;Oreca;
22;1;35;7:31.221;0;;6:22.775;0;35.457;0;32.989;0;46.2;1:22:39.448;10:22:39.448;6:22.775;0:35.457;0:32.989;210.5;Ryo HIRAKAWA;0:05:53.366;LMP2;;G-Drive Racing;Oreca;
22;1;36;1:43.024;0;;35.812;0;34.420;0;32.792;2;202.4;1:24:22.472;10:24:22.472;0:35.812;0:34.420;0:32.792;305.9;Ryo HIRAKAWA;;LMP2;;G-Drive Racing;Oreca;
22;1;37;1:38.297;2;;31.567;0;33.730;0;33.000;0;212.2;1:26:00.769;10:26:00.769;0:31.567;0:33.730;0:33.000;306.8;Ryo HIRAKAWA;;LMP2;;G-Drive Racing;Oreca;
22;1;38;1:40.118;0;;31.708;0;34.640;0;33.770;0;208.3;1:27:40.887;10:27:40.887;0:31.708;0:34.640;0:33.770;301.7;Ryo HIRAKAWA;;LMP2;;G-Drive Racing;Oreca;
22;1;39;1:38.868;0;;31.529;0;33.566;2;33.773;0;210.9;1:29:19.755;10:29:19.755;0:31.529;0:33.566;0:33.773;306.8;Ryo HIRAKAWA;;LMP2;;G-Drive Racing;Oreca;
22;1;40;1:38.605;0;;31.486;2;34.195;0;32.924;0;211.5;1:30:58.360;10:30:58.360;0:31.486;0:34.195;0:32.924;306.8;Ryo HIRAKAWA;;LMP2;;G-Drive Racing;Oreca;
23;1;1;2:02.074;0;;43.708;0;39.939;0;38.427;0;170.8;2:02.074;09:02:02.074;0:43.708;0:39.939;0:38.427;177.6;Timothé BURET;0:00:05.488;LMP2;;Panis Barthez Competition;Ligier;
23;1;2;1:45.910;0;;34.787;0;36.236;0;34.887;0;196.9;3:47.984;09:03:47.984;0:34.787;0:36.236;0:34.887;250.6;Timothé BURET;;LMP2;;Panis Barthez Competition;Ligier;
23;1;3;1:49.302;0;;37.848;0;36.480;0;34.974;0;190.8;5:37.286;09:05:37.286;0:37.848;0:36.480;0:34.974;291.1;Timothé BURET;;LMP2;;Panis Barthez Competition;Ligier;
23;1;4;1:46.080;0;;34.280;0;35.866;0;35.934;0;196.6;7:23.366;09:07:23.366;0:34.280;0:35.866;0:35.934;249.4;Timothé BURET;;LMP2;;Panis Barthez Competition;Ligier;
23;1;5;1:50.517;0;B;33.945;0;36.106;0;40.466;0;188.7;9:13.883;09:09:13.883;0:33.945;0:36.106;0:40.466;262.1;Timothé BURET;;LMP2;;Panis Barthez Competition;Ligier;
23;0;6;7:03.998;0;;5:49.557;0;37.398;0;37.043;0;49.2;16:17.881;09:16:17.881;5:49.557;0:37.398;0:37.043;164.4;Fabien BARTHEZ;0:05:15.942;LMP2;;Panis Barthez Competition;Ligier;
23;0;7;1:46.869;0;;34.206;0;36.614;0;36.049;0;195.1;18:04.750;09:18:04.750;0:34.206;0:36.614;0:36.049;262.8;Fabien BARTHEZ;;LMP2;;Panis Barthez Competition;Ligier;
23;0;8;1:46.614;0;;33.457;0;36.610;0;36.547;0;195.6;19:51.364;09:19:51.364;0:33.457;0:36.610;0:36.547;262.1;Fabien BARTHEZ;;LMP2;;Panis Barthez Competition;Ligier;
23;0;9;1:44.264;0;;33.357;0;36.050;0;34.857;0;200.0;21:35.628;09:21:35.628;0:33.357;0:36.050;0:34.857;291.1;Fabien BARTHEZ;;LMP2;;Panis Barthez Competition;Ligier;
23;0;10;1:42.264;0;;32.721;0;35.132;0;34.411;0;203.9;23:17.892;09:23:17.892;0:32.721;0:35.132;0:34.411;293.5;Fabien BARTHEZ;;LMP2;;Panis Barthez Competition;Ligier;
23;0;11;1:41.899;0;;32.397;0;34.997;0;34.505;0;204.7;24:59.791;09:24:59.791;0:32.397;0:34.997;0:34.505;295.1;Fabien BARTHEZ;;LMP2;;Panis Barthez Competition;Ligier;
23;0;12;1:43.656;0;;33.139;0;35.911;0;34.606;0;201.2;26:43.447;09:26:43.447;0:33.139;0:35.911;0:34.606;290.3;Fabien BARTHEZ;;LMP2;;Panis Barthez Competition;Ligier;
23;0;13;1:43.661;0;;34.857;0;34.679;0;34.125;0;201.2;28:27.108;09:28:27.108;0:34.857;0:34.679;0:34.125;240.0;Fabien BARTHEZ;;LMP2;;Panis Barthez Competition;Ligier;
23;0;14;1:41.224;0;;32.587;0;34.554;0;34.083;0;206.0;30:08.332;09:30:08.332;0:32.587;0:34.554;0:34.083;296.7;Fabien BARTHEZ;;LMP2;;Panis Barthez Competition;Ligier;
23;0;15;1:40.914;0;;32.246;0;34.506;1;34.162;0;206.7;31:49.246;09:31:49.246;0:32.246;0:34.506;0:34.162;295.1;Fabien BARTHEZ;;LMP2;;Panis Barthez Competition;Ligier;
23;0;16;1:41.769;0;;32.264;0;35.100;0;34.405;0;204.9;33:31.015;09:33:31.015;0:32.264;0:35.100;0:34.405;295.9;Fabien BARTHEZ;;LMP2;;Panis Barthez Competition;Ligier;
23;0;17;1:48.412;0;B;32.300;0;34.757;0;41.355;0;192.4;35:19.427;09:35:19.427;0:32.300;0:34.757;0:41.355;294.3;Fabien BARTHEZ;;LMP2;;Panis Barthez Competition;Ligier;
23;0;18;4:12.346;0;;3:03.028;0;34.938;0;34.380;0;82.6;39:31.773;09:39:31.773;3:03.028;0:34.938;0:34.380;233.8;Fabien BARTHEZ;0:02:35.395;LMP2;;Panis Barthez Competition;Ligier;
23;0;19;1:42.361;0;;32.240;0;34.848;0;35.273;0;203.7;41:14.134;09:41:14.134;0:32.240;0:34.848;0:35.273;295.1;Fabien BARTHEZ;;LMP2;;Panis Barthez Competition;Ligier;
23;0;20;1:43.069;0;;32.234;0;35.259;0;35.576;0;202.3;42:57.203;09:42:57.203;0:32.234;0:35.259;0:35.576;298.3;Fabien BARTHEZ;;LMP2;;Panis Barthez Competition;Ligier;
23;0;21;1:44.536;0;;32.977;0;34.772;0;36.787;0;199.5;44:41.739;09:44:41.739;0:32.977;0:34.772;0:36.787;262.1;Fabien BARTHEZ;;LMP2;;Panis Barthez Competition;Ligier;
23;0;22;1:41.832;0;;32.419;0;34.869;0;34.544;0;204.8;46:23.571;09:46:23.571;0:32.419;0:34.869;0:34.544;295.1;Fabien BARTHEZ;;LMP2;;Panis Barthez Competition;Ligier;
23;0;23;1:41.112;0;;32.210;1;34.651;0;34.251;0;206.3;48:04.683;09:48:04.683;0:32.210;0:34.651;0:34.251;295.1;Fabien BARTHEZ;;LMP2;;Panis Barthez Competition;Ligier;
23;0;24;2:30.920;0;B;32.260;0;39.189;0;1:19.471;0;138.2;50:35.603;09:50:35.603;0:32.260;0:39.189;1:19.471;297.5;Fabien BARTHEZ;;LMP2;;Panis Barthez Competition;Ligier;
23;1;25;5:27.124;0;;4:16.822;0;35.886;0;34.416;0;63.8;56:02.727;09:56:02.727;4:16.822;0:35.886;0:34.416;189.8;Timothé BURET;0:03:46.753;LMP2;;Panis Barthez Competition;Ligier;
23;1;26;1:41.181;0;;32.610;0;34.296;0;34.275;0;206.1;57:43.908;09:57:43.908;0:32.610;0:34.296;0:34.275;292.7;Timothé BURET;;LMP2;;Panis Barthez Competition;Ligier;
23;1;27;1:40.916;0;;32.441;0;34.722;0;33.753;0;206.7;59:24.824;09:59:24.824;0:32.441;0:34.722;0:33.753;294.3;Timothé BURET;;LMP2;;Panis Barthez Competition;Ligier;
23;1;28;1:39.954;0;;32.480;0;33.891;0;33.583;0;208.6;1:01:04.778;10:01:04.778;0:32.480;0:33.891;0:33.583;293.5;Timothé BURET;;LMP2;;Panis Barthez Competition;Ligier;
23;1;29;1:43.222;0;;33.187;0;36.170;0;33.865;0;202.0;1:02:48.000;10:02:48.000;0:33.187;0:36.170;0:33.865;295.1;Timothé BURET;;LMP2;;Panis Barthez Competition;Ligier;
23;1;30;1:50.544;0;B;34.982;0;34.255;0;41.307;0;188.7;1:04:38.544;10:04:38.544;0:34.982;0:34.255;0:41.307;295.9;Timothé BURET;;LMP2;;Panis Barthez Competition;Ligier;
23;1;31;4:21.959;0;;3:11.195;0;36.090;0;34.674;0;79.6;1:09:00.503;10:09:00.503;3:11.195;0:36.090;0:34.674;183.7;Timothé BURET;0:02:42.310;LMP2;;Panis Barthez Competition;Ligier;
23;1;32;1:40.411;0;;32.281;0;34.788;0;33.342;0;207.7;1:10:40.914;10:10:40.914;0:32.281;0:34.788;0:33.342;295.9;Timothé BURET;;LMP2;;Panis Barthez Competition;Ligier;
23;1;33;1:39.905;0;;32.153;2;34.285;0;33.467;0;208.7;1:12:20.819;10:12:20.819;0:32.153;0:34.285;0:33.467;295.1;Timothé BURET;;LMP2;;Panis Barthez Competition;Ligier;
23;1;34;1:40.655;0;;32.217;0;34.456;0;33.982;0;207.2;1:14:01.474;10:14:01.474;0:32.217;0:34.456;0:33.982;296.7;Timothé BURET;;LMP2;;Panis Barthez Competition;Ligier;
23;1;35;1:43.682;0;;35.375;0;34.086;0;34.221;0;201.1;1:15:45.156;10:15:45.156;0:35.375;0:34.086;0:34.221;295.1;Timothé BURET;;LMP2;;Panis Barthez Competition;Ligier;
23;1;36;1:39.359;2;;32.221;0;34.135;0;33.003;2;209.9;1:17:24.515;10:17:24.515;0:32.221;0:34.135;0:33.003;296.7;Timothé BURET;;LMP2;;Panis Barthez Competition;Ligier;
23;1;37;1:49.592;0;B;33.188;0;33.579;2;42.825;0;190.3;1:19:14.107;10:19:14.107;0:33.188;0:33.579;0:42.825;267.3;Timothé BURET;;LMP2;;Panis Barthez Competition;Ligier;
23;0;38;3:35.263;0;;2:25.773;0;35.054;0;34.436;0;96.9;1:22:49.370;10:22:49.370;2:25.773;0:35.054;0:34.436;235.3;Fabien BARTHEZ;0:01:58.606;LMP2;;Panis Barthez Competition;Ligier;
23;0;39;1:41.062;0;;32.395;0;34.670;0;33.997;1;206.4;1:24:30.432;10:24:30.432;0:32.395;0:34.670;0:33.997;293.5;Fabien BARTHEZ;;LMP2;;Panis Barthez Competition;Ligier;
23;0;40;1:41.928;0;;32.776;0;34.705;0;34.447;0;204.6;1:26:12.360;10:26:12.360;0:32.776;0:34.705;0:34.447;290.3;Fabien BARTHEZ;;LMP2;;Panis Barthez Competition;Ligier;
23;0;41;1:43.055;0;;32.424;0;36.279;0;34.352;0;202.4;1:27:55.415;10:27:55.415;0:32.424;0:36.279;0:34.352;295.1;Fabien BARTHEZ;;LMP2;;Panis Barthez Competition;Ligier;
23;0;42;2:05.518;0;B;32.371;0;35.915;0;57.232;0;166.1;1:30:00.933;10:30:00.933;0:32.371;0:35.915;0:57.232;295.9;Fabien BARTHEZ;;LMP2;;Panis Barthez Competition;Ligier;
25;1;1;7:23.284;0;;6:09.105;0;36.963;0;37.216;0;47.0;7:23.284;09:07:23.284;6:09.105;0:36.963;0:37.216;203.8;Matthew MCMURRY;0:05:32.612;LMP2;;Algarve Pro Racing;Ligier;
25;1;2;1:45.373;0;;34.610;0;35.996;0;34.767;0;197.9;9:08.657;09:09:08.657;0:34.610;0:35.996;0:34.767;255.3;Matthew MCMURRY;;LMP2;;Algarve Pro Racing;Ligier;
25;1;3;1:49.853;0;B;33.041;0;35.334;0;41.478;0;189.8;10:58.510;09:10:58.510;0:33.041;0:35.334;0:41.478;275.5;Matthew MCMURRY;;LMP2;;Algarve Pro Racing;Ligier;
25;1;4;3:23.737;0;;2:12.333;0;37.273;0;34.131;0;102.4;14:22.247;09:14:22.247;2:12.333;0:37.273;0:34.131;222.2;Matthew MCMURRY;0:01:43.489;LMP2;;Algarve Pro Racing;Ligier;
25;1;5;1:41.598;0;;32.592;0;34.407;0;34.599;0;205.3;16:03.845;09:16:03.845;0:32.592;0:34.407;0:34.599;285.7;Matthew MCMURRY;;LMP2;;Algarve Pro Racing;Ligier;
25;1;6;1:40.428;0;;32.425;0;34.372;0;33.631;0;207.7;17:44.273;09:17:44.273;0:32.425;0:34.372;0:33.631;286.5;Matthew MCMURRY;;LMP2;;Algarve Pro Racing;Ligier;
25;1;7;1:41.940;0;;32.649;0;34.958;0;34.333;0;204.6;19:26.213;09:19:26.213;0:32.649;0:34.958;0:34.333;272.0;Matthew MCMURRY;;LMP2;;Algarve Pro Racing;Ligier;
25;1;8;1:42.134;0;;33.141;0;34.665;0;34.328;0;204.2;21:08.347;09:21:08.347;0:33.141;0:34.665;0:34.328;255.9;Matthew MCMURRY;;LMP2;;Algarve Pro Racing;Ligier;
25;1;9;1:42.791;0;;32.485;0;34.450;0;35.856;0;202.9;22:51.138;09:22:51.138;0:32.485;0:34.450;0:35.856;288.0;Matthew MCMURRY;;LMP2;;Algarve Pro Racing;Ligier;
25;1;10;1:41.366;0;;33.038;0;34.550;0;33.778;0;205.7;24:32.504;09:24:32.504;0:33.038;0:34.550;0:33.778;272.0;Matthew MCMURRY;;LMP2;;Algarve Pro Racing;Ligier;
25;1;11;1:40.071;0;;32.569;0;34.203;0;33.299;1;208.4;26:12.575;09:26:12.575;0:32.569;0:34.203;0:33.299;282.7;Matthew MCMURRY;;LMP2;;Algarve Pro Racing;Ligier;
25;1;12;1:47.243;0;B;32.462;0;34.132;1;40.649;0;194.5;27:59.818;09:27:59.818;0:32.462;0:34.132;0:40.649;291.9;Matthew MCMURRY;;LMP2;;Algarve Pro Racing;Ligier;
25;1;13;6:03.841;0;;4:54.658;0;35.456;0;33.727;0;57.3;34:03.659;09:34:03.659;4:54.658;0:35.456;0:33.727;224.5;Matthew MCMURRY;0:04:26.062;LMP2;;Algarve Pro Racing;Ligier;
25;1;14;1:39.984;0;;32.500;0;34.153;0;33.331;0;208.6;35:43.643;09:35:43.643;0:32.500;0:34.153;0:33.331;272.7;Matthew MCMURRY;;LMP2;;Algarve Pro Racing;Ligier;
25;1;15;1:47.276;0;B;32.297;1;34.823;0;40.156;0;194.4;37:30.919;09:37:30.919;0:32.297;0:34.823;0:40.156;274.1;Matthew MCMURRY;;LMP2;;Algarve Pro Racing;Ligier;
25;0;16;5:01.059;0;;3:44.651;0;40.599;0;35.809;0;69.3;42:31.978;09:42:31.978;3:44.651;0:40.599;0:35.809;154.9;Andrea RODA;0:03:13.439;LMP2;;Algarve Pro Racing;Ligier;
25;0;17;1:42.937;0;;32.871;0;35.425;0;34.641;0;202.6;44:14.915;09:44:14.915;0:32.871;0:35.425;0:34.641;277.6;Andrea RODA;;LMP2;;Algarve Pro Racing;Ligier;
25;0;18;1:42.683;0;;32.600;0;34.502;0;35.581;0;203.1;45:57.598;09:45:57.598;0:32.600;0:34.502;0:35.581;289.5;Andrea RODA;;LMP2;;Algarve Pro Racing;Ligier;
25;0;19;1:40.768;0;;32.416;0;34.251;0;34.101;0;207.0;47:38.366;09:47:38.366;0:32.416;0:34.251;0:34.101;292.7;Andrea RODA;;LMP2;;Algarve Pro Racing;Ligier;
25;0;20;1:40.438;0;;32.221;0;34.703;0;33.514;0;207.6;49:18.804;09:49:18.804;0:32.221;0:34.703;0:33.514;294.3;Andrea RODA;;LMP2;;Algarve Pro Racing;Ligier;
25;0;21;3:50.300;0;B;58.065;0;1:20.137;0;1:32.098;0;90.6;53:09.104;09:53:09.104;0:58.065;1:20.137;1:32.098;273.4;Andrea RODA;;LMP2;;Algarve Pro Racing;Ligier;
25;0;22;4:53.082;0;;3:43.060;0;36.033;0;33.989;0;71.2;58:02.186;09:58:02.186;3:43.060;0:36.033;0:33.989;177.9;Andrea RODA;0:03:11.550;LMP2;;Algarve Pro Racing;Ligier;
25;0;23;1:40.383;0;;32.482;0;34.573;0;33.328;0;207.8;59:42.569;09:59:42.569;0:32.482;0:34.573;0:33.328;292.7;Andrea RODA;;LMP2;;Algarve Pro Racing;Ligier;
25;0;24;1:39.487;0;;32.086;1;34.095;1;33.306;1;209.6;1:01:22.056;10:01:22.056;0:32.086;0:34.095;0:33.306;294.3;Andrea RODA;;LMP2;;Algarve Pro Racing;Ligier;
25;0;25;1:48.606;0;B;33.043;0;36.129;0;39.434;0;192.0;1:03:10.662;10:03:10.662;0:33.043;0:36.129;0:39.434;297.5;Andrea RODA;;LMP2;;Algarve Pro Racing;Ligier;
25;2;26;5:09.481;0;;3:59.685;0;35.409;0;34.387;0;67.4;1:08:20.143;10:08:20.143;3:59.685;0:35.409;0:34.387;184.0;Andrea PIZZITOLA;0:03:30.658;LMP2;;Algarve Pro Racing;Ligier;
25;2;27;1:41.099;0;;32.340;0;34.288;0;34.471;0;206.3;1:10:01.242;10:10:01.242;0:32.340;0:34.288;0:34.471;291.9;Andrea PIZZITOLA;;LMP2;;Algarve Pro Racing;Ligier;
25;2;28;1:46.064;0;B;32.101;0;34.054;0;39.909;0;196.6;1:11:47.306;10:11:47.306;0:32.101;0:34.054;0:39.909;295.1;Andrea PIZZITOLA;;LMP2;;Algarve Pro Racing;Ligier;
25;2;29;2:04.459;0;;52.608;0;34.645;0;37.206;0;167.6;1:13:51.765;10:13:51.765;0:52.608;0:34.645;0:37.206;236.3;Andrea PIZZITOLA;0:00:25.103;LMP2;;Algarve Pro Racing;Ligier;
25;2;30;1:40.348;0;;32.017;0;34.668;0;33.663;0;207.8;1:15:32.113;10:15:32.113;0:32.017;0:34.668;0:33.663;295.9;Andrea PIZZITOLA;;LMP2;;Algarve Pro Racing;Ligier;
25;2;31;1:38.942;0;;32.070;0;33.839;0;33.033;0;210.8;1:17:11.055;10:17:11.055;0:32.070;0:33.839;0:33.033;298.3;Andrea PIZZITOLA;;LMP2;;Algarve Pro Racing;Ligier;
25;2;32;1:45.525;0;B;32.122;0;33.898;0;39.505;0;197.6;1:18:56.580;10:18:56.580;0:32.122;0:33.898;0:39.505;295.9;Andrea PIZZITOLA;;LMP2;;Algarve Pro Racing;Ligier;
25;2;33;6:16.323;0;;5:07.602;0;34.892;0;33.829;0;55.4;1:25:12.903;10:25:12.903;5:07.602;0:34.892;0:33.829;139.2;Andrea PIZZITOLA;0:04:37.202;LMP2;;Algarve Pro Racing;Ligier;
25;2;34;1:39.489;0;;31.969;0;33.660;0;33.860;0;209.6;1:26:52.392;10:26:52.392;0:31.969;0:33.660;0:33.860;293.5;Andrea PIZZITOLA;;LMP2;;Algarve Pro Racing;Ligier;
25;2;35;1:41.639;0;;31.957;0;34.254;0;35.428;0;205.2;1:28:34.031;10:28:34.031;0:31.957;0:34.254;0:35.428;296.7;Andrea PIZZITOLA;;LMP2;;Algarve Pro Racing;Ligier;
25;2;36;1:38.243;2;;31.927;2;33.510;2;32.806;2;212.3;1:30:12.274;10:30:12.274;0:31.927;0:33.510;0:32.806;295.1;Andrea PIZZITOLA;;LMP2;;Algarve Pro Racing;Ligier;
28;2;1;8:31.857;0;;7:14.694;0;37.119;0;40.044;0;40.7;8:31.857;09:08:31.857;7:14.694;0:37.119;0:40.044;181.2;Olivier PLA;0:06:37.118;LMP2;;Idec Sport Racing;Ligier;
28;2;2;1:46.475;0;;34.363;0;36.510;0;35.602;0;195.9;10:18.332;09:10:18.332;0:34.363;0:36.510;0:35.602;259.0;Olivier PLA;;LMP2;;Idec Sport Racing;Ligier;
28;2;3;1:42.867;0;;33.197;0;34.957;0;34.713;0;202.7;12:01.199;09:12:01.199;0:33.197;0:34.957;0:34.713;283.5;Olivier PLA;;LMP2;;Idec Sport Racing;Ligier;
28;2;4;1:41.860;0;;33.664;0;34.352;0;33.844;0;204.7;13:43.059;09:13:43.059;0:33.664;0:34.352;0:33.844;269.3;Olivier PLA;;LMP2;;Idec Sport Racing;Ligier;
28;2;5;1:49.531;0;B;33.066;0;35.202;0;41.263;0;190.4;15:32.590;09:15:32.590;0:33.066;0:35.202;0:41.263;268.0;Olivier PLA;;LMP2;;Idec Sport Racing;Ligier;
28;0;6;10:17.204;0;;8:58.026;0;40.596;0;38.582;0;33.8;25:49.794;09:25:49.794;8:58.026;0:40.596;0:38.582;177.0;Patrice LAFARGUE;0:08:23.112;LMP2;;Idec Sport Racing;Ligier;
28;0;7;1:45.220;0;;33.863;0;36.177;0;35.180;0;198.2;27:35.014;09:27:35.014;0:33.863;0:36.177;0:35.180;234.3;Patrice LAFARGUE;;LMP2;;Idec Sport Racing;Ligier;
28;0;8;1:44.583;0;;32.816;0;35.730;0;36.037;0;199.4;29:19.597;09:29:19.597;0:32.816;0:35.730;0:36.037;287.2;Patrice LAFARGUE;;LMP2;;Idec Sport Racing;Ligier;
28;0;9;1:43.225;0;;32.796;0;35.411;0;35.018;0;202.0;31:02.822;09:31:02.822;0:32.796;0:35.411;0:35.018;286.5;Patrice LAFARGUE;;LMP2;;Idec Sport Racing;Ligier;
28;0;10;1:43.417;0;;32.466;0;35.526;0;35.425;0;201.7;32:46.239;09:32:46.239;0:32.466;0:35.526;0:35.425;289.5;Patrice LAFARGUE;;LMP2;;Idec Sport Racing;Ligier;
28;0;11;1:42.935;0;;33.033;0;35.477;0;34.425;0;202.6;34:29.174;09:34:29.174;0:33.033;0:35.477;0:34.425;276.2;Patrice LAFARGUE;;LMP2;;Idec Sport Racing;Ligier;
28;0;12;1:42.731;0;;32.789;0;35.344;0;34.598;0;203.0;36:11.905;09:36:11.905;0:32.789;0:35.344;0:34.598;284.2;Patrice LAFARGUE;;LMP2;;Idec Sport Racing;Ligier;
28;0;13;1:43.653;0;;33.870;0;35.173;1;34.610;0;201.2;37:55.558;09:37:55.558;0:33.870;0:35.173;0:34.610;280.5;Patrice LAFARGUE;;LMP2;;Idec Sport Racing;Ligier;
28;0;14;1:50.632;0;B;32.624;0;35.196;0;42.812;0;188.5;39:46.190;09:39:46.190;0:32.624;0:35.196;0:42.812;279.8;Patrice LAFARGUE;;LMP2;;Idec Sport Racing;Ligier;
28;1;15;4:09.507;0;;2:57.607;0;37.317;0;34.583;0;83.6;43:55.697;09:43:55.697;2:57.607;0:37.317;0:34.583;153.8;Paul LAFARGUE;0:02:25.957;LMP2;;Idec Sport Racing;Ligier;
28;1;16;1:43.112;0;;33.015;0;35.057;0;35.040;0;202.3;45:38.809;09:45:38.809;0:33.015;0:35.057;0:35.040;288.8;Paul LAFARGUE;;LMP2;;Idec Sport Racing;Ligier;
28;1;17;1:42.334;0;;32.521;0;35.086;0;34.727;0;203.8;47:21.143;09:47:21.143;0:32.521;0:35.086;0:34.727;290.3;Paul LAFARGUE;;LMP2;;Idec Sport Racing;Ligier;
28;1;18;1:41.528;0;;32.479;0;34.623;0;34.426;0;205.4;49:02.671;09:49:02.671;0:32.479;0:34.623;0:34.426;291.1;Paul LAFARGUE;;LMP2;;Idec Sport Racing;Ligier;
28;1;19;3:49.686;0;B;47.640;0;1:24.677;0;1:37.369;0;90.8;52:52.357;09:52:52.357;0:47.640;1:24.677;1:37.369;294.3;Paul LAFARGUE;;LMP2;;Idec Sport Racing;Ligier;
28;1;20;3:39.632;0;;2:25.587;0;37.198;0;36.847;0;95.0;56:31.989;09:56:31.989;2:25.587;0:37.198;0:36.847;211.8;Paul LAFARGUE;0:01:56.638;LMP2;;Idec Sport Racing;Ligier;
28;1;21;1:42.306;0;;32.974;0;34.669;0;34.663;0;203.8;58:14.295;09:58:14.295;0:32.974;0:34.669;0:34.663;290.3;Paul LAFARGUE;;LMP2;;Idec Sport Racing;Ligier;
28;1;22;1:41.301;0;;32.528;0;34.694;0;34.079;0;205.9;59:55.596;09:59:55.596;0:32.528;0:34.694;0:34.079;291.1;Paul LAFARGUE;;LMP2;;Idec Sport Racing;Ligier;
28;1;23;1:40.993;0;;32.402;1;34.933;0;33.658;0;206.5;1:01:36.589;10:01:36.589;0:32.402;0:34.933;0:33.658;292.7;Paul LAFARGUE;;LMP2;;Idec Sport Racing;Ligier;
28;1;24;1:40.572;0;;32.462;0;34.474;1;33.636;1;207.4;1:03:17.161;10:03:17.161;0:32.462;0:34.474;0:33.636;292.7;Paul LAFARGUE;;LMP2;;Idec Sport Racing;Ligier;
28;1;25;2:37.488;0;B;32.520;0;35.287;0;1:29.681;0;132.4;1:05:54.649;10:05:54.649;0:32.520;0:35.287;1:29.681;294.3;Paul LAFARGUE;;LMP2;;Idec Sport Racing;Ligier;
28;2;26;5:42.312;0;;4:27.068;0;36.871;0;38.373;0;60.9;1:11:36.961;10:11:36.961;4:27.068;0:36.871;0:38.373;211.8;Olivier PLA;0:03:53.711;LMP2;;Idec Sport Racing;Ligier;
28;2;27;1:39.141;0;;31.957;0;33.980;0;33.204;0;210.4;1:13:16.102;10:13:16.102;0:31.957;0:33.980;0:33.204;291.1;Olivier PLA;;LMP2;;Idec Sport Racing;Ligier;
28;2;28;1:38.547;2;;31.906;2;33.503;2;33.138;2;211.6;1:14:54.649;10:14:54.649;0:31.906;0:33.503;0:33.138;292.7;Olivier PLA;;LMP2;;Idec Sport Racing;Ligier;
28;2;29;1:42.040;0;;33.150;0;34.231;0;34.659;0;204.4;1:16:36.689;10:16:36.689;0:33.150;0:34.231;0:34.659;294.3;Olivier PLA;;LMP2;;Idec Sport Racing;Ligier;
28;2;30;1:40.007;0;;32.052;0;34.502;0;33.453;0;208.5;1:18:16.696;10:18:16.696;0:32.052;0:34.502;0:33.453;295.9;Olivier PLA;;LMP2;;Idec Sport Racing;Ligier;
28;2;31;1:40.950;0;;33.530;0;34.275;0;33.145;0;206.6;1:19:57.646;10:19:57.646;0:33.530;0:34.275;0:33.145;269.3;Olivier PLA;;LMP2;;Idec Sport Racing;Ligier;
28;2;32;1:48.486;0;B;32.025;0;35.117;0;41.344;0;192.2;1:21:46.132;10:21:46.132;0:32.025;0:35.117;0:41.344;293.5;Olivier PLA;;LMP2;;Idec Sport Racing;Ligier;
28;0;33;4:25.596;0;;3:15.113;0;36.206;0;34.277;1;78.5;1:26:11.728;10:26:11.728;3:15.113;0:36.206;0:34.277;203.4;Patrice LAFARGUE;0:02:45.479;LMP2;;Idec Sport Racing;Ligier;
28;0;34;1:45.688;0;;32.259;1;38.281;0;35.148;0;197.3;1:27:57.416;10:27:57.416;0:32.259;0:38.281;0:35.148;292.7;Patrice LAFARGUE;;LMP2;;Idec Sport Racing;Ligier;
28;0;35;1:42.992;0;;32.584;0;35.936;0;34.472;0;202.5;1:29:40.408;10:29:40.408;0:32.584;0:35.936;0:34.472;294.3;Patrice LAFARGUE;;LMP2;;Idec Sport Racing;Ligier;
28;0;36;1:41.930;0;;32.325;0;35.276;0;34.329;0;204.6;1:31:22.338;10:31:22.338;0:32.325;0:35.276;0:34.329;293.5;Patrice LAFARGUE;;LMP2;;Idec Sport Racing;Ligier;
29;1;1;6:36.606;0;;5:20.177;0;39.156;0;37.273;0;52.6;6:36.606;09:06:36.606;5:20.177;0:39.156;0:37.273;196.4;Frits VAN EERD;0:04:42.391;LMP2;;Racing Team Nederland;Dallara;
29;1;2;1:50.076;0;;34.252;0;39.145;0;36.679;0;189.5;8:26.682;09:08:26.682;0:34.252;0:39.145;0:36.679;260.9;Frits VAN EERD;;LMP2;;Racing Team Nederland;Dallara;
29;1;3;1:45.710;0;;33.956;0;35.828;0;35.926;0;197.3;10:12.392;09:10:12.392;0:33.956;0:35.828;0:35.926;261.5;Frits VAN EERD;;LMP2;;Racing Team Nederland;Dallara;
29;1;4;1:47.473;0;;36.447;0;35.833;0;35.193;0;194.0;11:59.865;09:11:59.865;0:36.447;0:35.833;0:35.193;268.7;Frits VAN EERD;;LMP2;;Racing Team Nederland;Dallara;
29;1;5;1:42.791;0;;32.935;0;35.211;0;34.645;0;202.9;13:42.656;09:13:42.656;0:32.935;0:35.211;0:34.645;295.1;Frits VAN EERD;;LMP2;;Racing Team Nederland;Dallara;
29;1;6;1:42.213;0;;32.654;0;35.480;0;34.079;1;204.0;15:24.869;09:15:24.869;0:32.654;0:35.480;0:34.079;291.9;Frits VAN EERD;;LMP2;;Racing Team Nederland;Dallara;
29;1;7;1:56.823;0;B;37.916;0;36.252;0;42.655;0;178.5;17:21.692;09:17:21.692;0:37.916;0:36.252;0:42.655;294.3;Frits VAN EERD;;LMP2;;Racing Team Nederland;Dallara;
29;1;8;3:34.272;0;;2:25.083;0;34.935;0;34.254;0;97.3;20:55.964;09:20:55.964;2:25.083;0:34.935;0:34.254;228.8;Frits VAN EERD;0:01:56.773;LMP2;;Racing Team Nederland;Dallara;
29;1;9;1:43.118;0;;34.309;0;34.657;1;34.152;0;202.2;22:39.082;09:22:39.082;0:34.309;0:34.657;0:34.152;273.4;Frits VAN EERD;;LMP2;;Racing Team Nederland;Dallara;
29;1;10;2:00.943;0;B;32.319;0;35.027;0;53.597;0;172.4;24:40.025;09:24:40.025;0:32.319;0:35.027;0:53.597;298.3;Frits VAN EERD;;LMP2;;Racing Team Nederland;Dallara;
29;0;11;5:15.966;0;;4:05.063;0;36.047;0;34.856;0;66.0;29:55.991;09:29:55.991;4:05.063;0:36.047;0:34.856;206.5;Jan LAMMERS;0:03:35.394;LMP2;;Racing Team Nederland;Dallara;
29;0;12;1:40.749;0;;32.527;0;34.559;0;33.663;0;207.0;31:36.740;09:31:36.740;0:32.527;0:34.559;0:33.663;284.2;Jan LAMMERS;;LMP2;;Racing Team Nederland;Dallara;
29;0;13;1:41.517;0;;32.281;0;34.558;0;34.678;0;205.4;33:18.257;09:33:18.257;0:32.281;0:34.558;0:34.678;291.1;Jan LAMMERS;;LMP2;;Racing Team Nederland;Dallara;
29;0;14;1:40.287;2;;32.057;0;34.302;2;33.928;0;208.0;34:58.544;09:34:58.544;0:32.057;0:34.302;0:33.928;295.1;Jan LAMMERS;;LMP2;;Racing Team Nederland;Dallara;
29;0;15;1:48.108;0;B;32.339;0;34.795;0;40.974;0;192.9;36:46.652;09:36:46.652;0:32.339;0:34.795;0:40.974;293.5;Jan LAMMERS;;LMP2;;Racing Team Nederland;Dallara;
29;0;16;4:12.366;0;;2:57.927;0;39.635;0;34.804;0;82.6;40:59.018;09:40:59.018;2:57.927;0:39.635;0:34.804;136.0;Jan LAMMERS;0:02:15.547;LMP2;;Racing Team Nederland;Dallara;
29;0;17;2:16.988;0;;39.379;0;43.301;0;54.308;0;152.2;43:16.006;09:43:16.006;0:39.379;0:43.301;0:54.308;296.7;Jan LAMMERS;;LMP2;;Racing Team Nederland;Dallara;
29;0;18;1:48.579;0;;38.410;0;35.598;0;34.571;0;192.1;45:04.585;09:45:04.585;0:38.410;0:35.598;0:34.571;161.7;Jan LAMMERS;;LMP2;;Racing Team Nederland;Dallara;
29;0;19;1:42.900;0;;32.332;0;35.868;0;34.700;0;202.7;46:47.485;09:46:47.485;0:32.332;0:35.868;0:34.700;282.0;Jan LAMMERS;;LMP2;;Racing Team Nederland;Dallara;
29;0;20;1:42.892;0;;33.137;0;35.528;0;34.227;0;202.7;48:30.377;09:48:30.377;0:33.137;0:35.528;0:34.227;279.1;Jan LAMMERS;;LMP2;;Racing Team Nederland;Dallara;
29;0;21;3:06.265;0;B;31.782;2;57.232;0;1:37.251;0;112.0;51:36.642;09:51:36.642;0:31.782;0:57.232;1:37.251;302.5;Jan LAMMERS;;LMP2;;Racing Team Nederland;Dallara;
29;0;22;5:06.875;0;;3:55.675;0;36.668;0;34.532;0;68.0;56:43.517;09:56:43.517;3:55.675;0:36.668;0:34.532;219.5;Jan LAMMERS;0:03:27.556;LMP2;;Racing Team Nederland;Dallara;
29;0;23;1:43.277;0;;32.224;0;34.668;0;36.385;0;201.9;58:26.794;09:58:26.794;0:32.224;0:34.668;0:36.385;291.9;Jan LAMMERS;;LMP2;;Racing Team Nederland;Dallara;
29;0;24;1:42.910;0;;32.380;0;36.420;0;34.110;0;202.7;1:00:09.704;10:00:09.704;0:32.380;0:36.420;0:34.110;291.9;Jan LAMMERS;;LMP2;;Racing Team Nederland;Dallara;
29;0;25;1:40.415;0;;31.906;0;34.856;0;33.653;2;207.7;1:01:50.119;10:01:50.119;0:31.906;0:34.856;0:33.653;301.7;Jan LAMMERS;;LMP2;;Racing Team Nederland;Dallara;
29;0;26;1:40.593;0;;32.021;0;34.313;0;34.259;0;207.3;1:03:30.712;10:03:30.712;0:32.021;0:34.313;0:34.259;303.4;Jan LAMMERS;;LMP2;;Racing Team Nederland;Dallara;
29;0;27;3:18.816;0;B;33.721;0;1:09.949;0;1:35.146;0;104.9;1:06:49.528;10:06:49.528;0:33.721;1:09.949;1:35.146;298.3;Jan LAMMERS;;LMP2;;Racing Team Nederland;Dallara;
29;1;28;3:21.504;0;;2:11.996;0;35.244;0;34.264;0;103.5;1:10:11.032;10:10:11.032;2:11.996;0:35.244;0:34.264;229.3;Frits VAN EERD;0:01:44.290;LMP2;;Racing Team Nederland;Dallara;
29;1;29;1:42.853;0;;32.948;0;34.716;0;35.189;0;202.8;1:11:53.885;10:11:53.885;0:32.948;0:34.716;0:35.189;285.0;Frits VAN EERD;;LMP2;;Racing Team Nederland;Dallara;
29;1;30;1:42.280;0;;32.299;0;34.673;0;35.308;0;203.9;1:13:36.165;10:13:36.165;0:32.299;0:34.673;0:35.308;300.8;Frits VAN EERD;;LMP2;;Racing Team Nederland;Dallara;
29;1;31;1:42.044;0;;32.852;0;35.077;0;34.115;0;204.4;1:15:18.209;10:15:18.209;0:32.852;0:35.077;0:34.115;294.3;Frits VAN EERD;;LMP2;;Racing Team Nederland;Dallara;
29;1;32;1:41.386;0;;32.375;0;34.758;0;34.253;0;205.7;1:16:59.595;10:16:59.595;0:32.375;0:34.758;0:34.253;295.9;Frits VAN EERD;;LMP2;;Racing Team Nederland;Dallara;
29;1;33;1:41.783;0;;32.332;0;35.006;0;34.445;0;204.9;1:18:41.378;10:18:41.378;0:32.332;0:35.006;0:34.445;298.3;Frits VAN EERD;;LMP2;;Racing Team Nederland;Dallara;
29;1;34;1:42.464;0;;32.292;1;36.092;0;34.080;0;203.5;1:20:23.842;10:20:23.842;0:32.292;0:36.092;0:34.080;291.9;Frits VAN EERD;;LMP2;;Racing Team Nederland;Dallara;
29;1;35;1:45.250;0;;33.018;0;34.714;0;37.518;0;198.1;1:22:09.092;10:22:09.092;0:33.018;0:34.714;0:37.518;297.5;Frits VAN EERD;;LMP2;;Racing Team Nederland;Dallara;
29;1;36;1:47.814;0;;32.770;0;39.204;0;35.840;0;193.4;1:23:56.906;10:23:56.906;0:32.770;0:39.204;0:35.840;291.9;Frits VAN EERD;;LMP2;;Racing Team Nederland;Dallara;
29;1;37;1:44.411;0;;33.243;0;35.990;0;35.178;0;199.7;1:25:41.317;10:25:41.317;0:33.243;0:35.990;0:35.178;247.7;Frits VAN EERD;;LMP2;;Racing Team Nederland;Dallara;
29;1;38;1:43.067;0;;33.148;0;34.851;0;35.068;0;202.3;1:27:24.384;10:27:24.384;0:33.148;0:34.851;0:35.068;290.3;Frits VAN EERD;;LMP2;;Racing Team Nederland;Dallara;
29;1;39;1:41.564;0;;32.439;0;34.792;0;34.333;0;205.3;1:29:05.948;10:29:05.948;0:32.439;0:34.792;0:34.333;300.0;Frits VAN EERD;;LMP2;;Racing Team Nederland;Dallara;
29;1;40;1:42.053;0;;32.735;0;34.842;0;34.476;0;204.4;1:30:48.001;10:30:48.001;0:32.735;0:34.842;0:34.476;283.5;Frits VAN EERD;;LMP2;;Racing Team Nederland;Dallara;
3;2;1;3:07.296;0;;1:42.328;0;44.052;0;40.916;0;111.3;3:07.296;09:03:07.296;1:42.328;0:44.052;0:40.916;162.9;Christian ENGLAND;0:01:00.118;LMP3;;United Autosports;Ligier;
3;2;2;1:56.019;0;;37.946;0;39.454;0;38.619;0;179.8;5:03.315;09:05:03.315;0:37.946;0:39.454;0:38.619;225.5;Christian ENGLAND;;LMP3;;United Autosports;Ligier;
3;2;3;1:54.610;0;;37.747;0;38.788;0;38.075;0;182.0;6:57.925;09:06:57.925;0:37.747;0:38.788;0:38.075;225.0;Christian ENGLAND;;LMP3;;United Autosports;Ligier;
3;2;4;1:52.730;0;;36.686;0;38.304;0;37.740;0;185.0;8:50.655;09:08:50.655;0:36.686;0:38.304;0:37.740;246.0;Christian ENGLAND;;LMP3;;United Autosports;Ligier;
3;2;5;1:52.141;0;;36.192;0;37.689;0;38.260;0;186.0;10:42.796;09:10:42.796;0:36.192;0:37.689;0:38.260;260.9;Christian ENGLAND;;LMP3;;United Autosports;Ligier;
3;2;6;1:51.747;0;;36.872;0;37.333;0;37.542;0;186.6;12:34.543;09:12:34.543;0:36.872;0:37.333;0:37.542;213.0;Christian ENGLAND;;LMP3;;United Autosports;Ligier;
3;2;7;1:51.654;0;;36.166;0;38.175;0;37.313;0;186.8;14:26.197;09:14:26.197;0:36.166;0:38.175;0:37.313;243.8;Christian ENGLAND;;LMP3;;United Autosports;Ligier;
3;2;8;1:53.234;0;;37.649;0;38.203;0;37.382;0;184.2;16:19.431;09:16:19.431;0:37.649;0:38.203;0:37.382;255.9;Christian ENGLAND;;LMP3;;United Autosports;Ligier;
3;2;9;1:49.525;0;;35.546;0;37.126;0;36.853;0;190.4;18:08.956;09:18:08.956;0:35.546;0:37.126;0:36.853;268.0;Christian ENGLAND;;LMP3;;United Autosports;Ligier;
3;2;10;1:49.389;0;;35.464;0;36.894;0;37.031;0;190.6;19:58.345;09:19:58.345;0:35.464;0:36.894;0:37.031;266.7;Christian ENGLAND;;LMP3;;United Autosports;Ligier;
3;2;11;1:56.646;0;;35.116;0;38.403;0;43.127;0;178.8;21:54.991;09:21:54.991;0:35.116;0:38.403;0:43.127;268.0;Christian ENGLAND;;LMP3;;United Autosports;Ligier;
3;2;12;1:48.670;0;;35.161;0;36.861;0;36.648;0;191.9;23:43.661;09:23:43.661;0:35.161;0:36.861;0:36.648;268.7;Christian ENGLAND;;LMP3;;United Autosports;Ligier;
3;2;13;1:49.425;0;;35.400;0;37.269;0;36.756;0;190.6;25:33.086;09:25:33.086;0:35.400;0:37.269;0:36.756;268.7;Christian ENGLAND;;LMP3;;United Autosports;Ligier;
3;2;14;1:48.538;0;;35.079;1;36.936;0;36.523;1;192.1;27:21.624;09:27:21.624;0:35.079;0:36.936;0:36.523;267.3;Christian ENGLAND;;LMP3;;United Autosports;Ligier;
3;2;15;1:57.068;0;B;35.079;0;36.854;1;45.135;0;178.1;29:18.692;09:29:18.692;0:35.079;0:36.854;0:45.135;267.3;Christian ENGLAND;;LMP3;;United Autosports;Ligier;
3;0;16;4:20.004;0;;3:02.566;0;39.489;0;37.949;0;80.2;33:38.696;09:33:38.696;3:02.566;0:39.489;0:37.949;198.5;Mark PATTERSON;0:02:30.819;LMP3;;United Autosports;Ligier;
3;0;17;1:51.121;0;;35.274;0;37.736;0;38.111;0;187.7;35:29.817;09:35:29.817;0:35.274;0:37.736;0:38.111;266.7;Mark PATTERSON;;LMP3;;United Autosports;Ligier;
3;0;18;1:51.440;0;;35.487;0;38.189;0;37.764;0;187.1;37:21.257;09:37:21.257;0:35.487;0:38.189;0:37.764;264.7;Mark PATTERSON;;LMP3;;United Autosports;Ligier;
3;0;19;1:51.049;0;;35.287;0;38.053;0;37.709;0;187.8;39:12.306;09:39:12.306;0:35.287;0:38.053;0:37.709;266.7;Mark PATTERSON;;LMP3;;United Autosports;Ligier;
3;0;20;1:51.864;0;;35.506;0;38.393;0;37.965;0;186.4;41:04.170;09:41:04.170;0:35.506;0:38.393;0:37.965;268.7;Mark PATTERSON;;LMP3;;United Autosports;Ligier;
3;0;21;1:51.063;0;;35.233;0;38.281;0;37.549;0;187.8;42:55.233;09:42:55.233;0:35.233;0:38.281;0:37.549;268.0;Mark PATTERSON;;LMP3;;United Autosports;Ligier;
3;0;22;1:50.397;0;;35.317;0;37.799;0;37.281;0;188.9;44:45.630;09:44:45.630;0:35.317;0:37.799;0:37.281;262.8;Mark PATTERSON;;LMP3;;United Autosports;Ligier;
3;0;23;1:50.190;0;;35.124;0;37.558;0;37.508;0;189.3;46:35.820;09:46:35.820;0:35.124;0:37.558;0:37.508;269.3;Mark PATTERSON;;LMP3;;United Autosports;Ligier;
3;0;24;1:49.884;0;;35.094;1;37.534;1;37.256;1;189.8;48:25.704;09:48:25.704;0:35.094;0:37.534;0:37.256;268.7;Mark PATTERSON;;LMP3;;United Autosports;Ligier;
3;0;25;3:03.764;0;B;35.160;0;54.186;0;1:34.418;0;113.5;51:29.468;09:51:29.468;0:35.160;0:54.186;1:34.418;268.7;Mark PATTERSON;;LMP3;;United Autosports;Ligier;
3;1;26;6:44.446;0;;5:27.384;0;37.502;0;39.560;0;51.6;58:13.914;09:58:13.914;5:27.384;0:37.502;0:39.560;160.7;Wayne BOYD;0:04:55.520;LMP3;;United Autosports;Ligier;
3;1;27;1:48.974;0;;35.443;0;36.735;0;36.796;0;191.4;1:00:02.888;10:00:02.888;0:35.443;0:36.735;0:36.796;264.7;Wayne BOYD;;LMP3;;United Autosports;Ligier;
3;1;28;1:49.139;0;;35.052;0;37.458;0;36.629;0;191.1;1:01:52.027;10:01:52.027;0:35.052;0:37.458;0:36.629;264.7;Wayne BOYD;;LMP3;;United Autosports;Ligier;
3;1;29;1:47.982;0;;34.819;0;36.646;0;36.517;0;193.1;1:03:40.009;10:03:40.009;0:34.819;0:36.646;0:36.517;266.7;Wayne BOYD;;LMP3;;United Autosports;Ligier;
3;1;30;3:12.502;0;B;35.278;0;1:05.337;0;1:31.887;0;108.3;1:06:52.511;10:06:52.511;0:35.278;1:05.337;1:31.887;251.7;Wayne BOYD;;LMP3;;United Autosports;Ligier;
3;1;31;9:31.832;0;;8:14.774;0;37.573;0;39.485;0;36.5;1:16:24.343;10:16:24.343;8:14.774;0:37.573;0:39.485;199.6;Wayne BOYD;0:07:44.477;LMP3;;United Autosports;Ligier;
3;1;32;1:48.102;0;;34.837;0;36.171;0;37.094;0;192.9;1:18:12.445;10:18:12.445;0:34.837;0:36.171;0:37.094;266.0;Wayne BOYD;;LMP3;;United Autosports;Ligier;
3;1;33;1:49.756;0;;34.870;0;37.915;0;36.971;0;190.0;1:20:02.201;10:20:02.201;0:34.870;0:37.915;0:36.971;265.4;Wayne BOYD;;LMP3;;United Autosports;Ligier;
3;1;34;1:47.077;2;;34.793;0;36.100;2;36.184;2;194.8;1:21:49.278;10:21:49.278;0:34.793;0:36.100;0:36.184;267.3;Wayne BOYD;;LMP3;;United Autosports;Ligier;
3;1;35;1:47.235;0;;34.664;2;36.101;0;36.470;0;194.5;1:23:36.513;10:23:36.513;0:34.664;0:36.101;0:36.470;267.3;Wayne BOYD;;LMP3;;United Autosports;Ligier;
3;1;36;1:56.424;0;B;35.305;0;37.184;0;43.935;0;179.1;1:25:32.937;10:25:32.937;0:35.305;0:37.184;0:43.935;268.0;Wayne BOYD;;LMP3;;United Autosports;Ligier;
32;2;1;2:28.756;0;;1:08.637;0;42.764;0;37.355;0;140.2;2:28.756;09:02:28.756;1:08.637;0:42.764;0:37.355;162.9;Filipe ALBUQUERQUE;0:00:29.310;LMP2;;United Autosports;Ligier;
32;2;2;1:49.452;0;;35.937;0;36.476;0;37.039;0;190.5;4:18.208;09:04:18.208;0:35.937;0:36.476;0:37.039;270.0;Filipe ALBUQUERQUE;;LMP2;;United Autosports;Ligier;
32;2;3;1:52.662;0;B;35.176;0;36.176;0;41.310;0;185.1;6:10.870;09:06:10.870;0:35.176;0:36.176;0:41.310;201.9;Filipe ALBUQUERQUE;;LMP2;;United Autosports;Ligier;
32;1;4;5:51.091;0;;4:34.491;0;39.983;0;36.617;0;59.4;12:01.961;09:12:01.961;4:34.491;0:39.983;0:36.617;181.8;Hugo DE SADELEER;0:04:01.665;LMP2;;United Autosports;Ligier;
32;1;5;1:47.955;0;;36.505;0;35.488;0;35.962;0;193.2;13:49.916;09:13:49.916;0:36.505;0:35.488;0:35.962;227.8;Hugo DE SADELEER;;LMP2;;United Autosports;Ligier;
32;1;6;1:40.824;0;;32.952;0;34.417;0;33.455;0;206.8;15:30.740;09:15:30.740;0:32.952;0:34.417;0:33.455;291.1;Hugo DE SADELEER;;LMP2;;United Autosports;Ligier;
32;1;7;1:40.887;0;;32.430;0;34.964;0;33.493;0;206.7;17:11.627;09:17:11.627;0:32.430;0:34.964;0:33.493;295.9;Hugo DE SADELEER;;LMP2;;United Autosports;Ligier;
32;1;8;1:39.615;0;;32.271;0;33.991;0;33.353;1;209.4;18:51.242;09:18:51.242;0:32.271;0:33.991;0:33.353;295.9;Hugo DE SADELEER;;LMP2;;United Autosports;Ligier;
32;1;9;1:40.646;0;;32.538;0;34.462;0;33.646;0;207.2;20:31.888;09:20:31.888;0:32.538;0:34.462;0:33.646;279.1;Hugo DE SADELEER;;LMP2;;United Autosports;Ligier;
32;1;10;1:46.093;0;B;32.170;1;33.749;1;40.174;0;196.6;22:17.981;09:22:17.981;0:32.170;0:33.749;0:40.174;296.7;Hugo DE SADELEER;;LMP2;;United Autosports;Ligier;
32;1;11;5:41.204;0;;4:32.146;0;35.001;0;34.057;0;61.1;27:59.185;09:27:59.185;4:32.146;0:35.001;0:34.057;232.3;Hugo DE SADELEER;0:04:03.417;LMP2;;United Autosports;Ligier;
32;1;12;1:41.417;0;;32.989;0;34.445;0;33.983;0;205.6;29:40.602;09:29:40.602;0:32.989;0:34.445;0:33.983;267.3;Hugo DE SADELEER;;LMP2;;United Autosports;Ligier;
32;1;13;1:40.581;0;;32.251;0;34.589;0;33.741;0;207.3;31:21.183;09:31:21.183;0:32.251;0:34.589;0:33.741;295.1;Hugo DE SADELEER;;LMP2;;United Autosports;Ligier;
32;1;14;1:41.229;0;;32.389;0;35.155;0;33.685;0;206.0;33:02.412;09:33:02.412;0:32.389;0:35.155;0:33.685;297.5;Hugo DE SADELEER;;LMP2;;United Autosports;Ligier;
32;1;15;1:47.651;0;B;32.274;0;34.677;0;40.700;0;193.7;34:50.063;09:34:50.063;0:32.274;0:34.677;0:40.700;295.9;Hugo DE SADELEER;;LMP2;;United Autosports;Ligier;
32;2;16;7:05.649;0;;5:52.942;0;36.245;0;36.462;0;49.0;41:55.712;09:41:55.712;5:52.942;0:36.245;0:36.462;203.0;Filipe ALBUQUERQUE;0:05:24.786;LMP2;;United Autosports;Ligier;
32;2;17;1:37.865;2;;31.897;0;33.300;0;32.668;2;213.1;43:33.577;09:43:33.577;0:31.897;0:33.300;0:32.668;295.1;Filipe ALBUQUERQUE;;LMP2;;United Autosports;Ligier;
32;2;18;1:39.341;0;;31.781;2;33.286;2;34.274;0;209.9;45:12.918;09:45:12.918;0:31.781;0:33.286;0:34.274;295.9;Filipe ALBUQUERQUE;;LMP2;;United Autosports;Ligier;
32;2;19;1:48.077;0;B;32.163;0;35.829;0;40.085;0;193.0;47:00.995;09:47:00.995;0:32.163;0:35.829;0:40.085;295.1;Filipe ALBUQUERQUE;;LMP2;;United Autosports;Ligier;
32;0;20;8:43.180;0;;7:32.030;0;35.723;0;35.427;0;39.9;55:44.175;09:55:44.175;7:32.030;0:35.723;0:35.427;204.5;Will OWEN;0:07:01.515;LMP2;;United Autosports;Ligier;
32;0;21;1:41.973;0;;32.877;0;35.382;0;33.714;0;204.5;57:26.148;09:57:26.148;0:32.877;0:35.382;0:33.714;279.1;Will OWEN;;LMP2;;United Autosports;Ligier;
32;0;22;1:41.059;0;;32.462;0;35.107;0;33.490;0;206.4;59:07.207;09:59:07.207;0:32.462;0:35.107;0:33.490;292.7;Will OWEN;;LMP2;;United Autosports;Ligier;
32;0;23;1:41.088;0;;32.213;0;35.698;0;33.177;1;206.3;1:00:48.295;10:00:48.295;0:32.213;0:35.698;0:33.177;295.9;Will OWEN;;LMP2;;United Autosports;Ligier;
32;0;24;1:46.900;0;;33.927;0;37.638;0;35.335;0;195.1;1:02:35.195;10:02:35.195;0:33.927;0:37.638;0:35.335;296.7;Will OWEN;;LMP2;;United Autosports;Ligier;
32;0;25;1:39.808;0;;32.127;0;34.325;0;33.356;0;208.9;1:04:15.003;10:04:15.003;0:32.127;0:34.325;0:33.356;295.1;Will OWEN;;LMP2;;United Autosports;Ligier;
32;0;26;2:58.337;0;;1:04.571;0;1:16.925;0;36.841;0;116.9;1:07:13.340;10:07:13.340;1:04.571;1:16.925;0:36.841;142.7;Will OWEN;;LMP2;;United Autosports;Ligier;
32;0;27;1:40.477;0;;32.855;0;33.970;0;33.652;0;207.6;1:08:53.817;10:08:53.817;0:32.855;0:33.970;0:33.652;282.7;Will OWEN;;LMP2;;United Autosports;Ligier;
32;0;28;1:39.093;0;;32.208;0;33.567;1;33.318;0;210.5;1:10:32.910;10:10:32.910;0:32.208;0:33.567;0:33.318;293.5;Will OWEN;;LMP2;;United Autosports;Ligier;
32;0;29;1:39.808;0;;32.178;0;34.159;0;33.471;0;208.9;1:12:12.718;10:12:12.718;0:32.178;0:34.159;0:33.471;294.3;Will OWEN;;LMP2;;United Autosports;Ligier;
32;0;30;1:40.013;0;;32.152;0;33.909;0;33.952;0;208.5;1:13:52.731;10:13:52.731;0:32.152;0:33.909;0:33.952;294.3;Will OWEN;;LMP2;;United Autosports;Ligier;
32;0;31;1:40.663;0;;32.069;1;35.173;0;33.421;0;207.2;1:15:33.394;10:15:33.394;0:32.069;0:35.173;0:33.421;297.5;Will OWEN;;LMP2;;United Autosports;Ligier;
32;0;32;1:39.390;0;;32.316;0;33.829;0;33.245;0;209.8;1:17:12.784;10:17:12.784;0:32.316;0:33.829;0:33.245;296.7;Will OWEN;;LMP2;;United Autosports;Ligier;
32;0;33;1:39.818;0;;32.089;0;34.292;0;33.437;0;208.9;1:18:52.602;10:18:52.602;0:32.089;0:34.292;0:33.437;295.1;Will OWEN;;LMP2;;United Autosports;Ligier;
32;0;34;1:39.819;0;;32.114;0;33.739;0;33.966;0;208.9;1:20:32.421;10:20:32.421;0:32.114;0:33.739;0:33.966;295.1;Will OWEN;;LMP2;;United Autosports;Ligier;
32;0;35;1:41.761;0;;32.588;0;34.678;0;34.495;0;204.9;1:22:14.182;10:22:14.182;0:32.588;0:34.678;0:34.495;288.0;Will OWEN;;LMP2;;United Autosports;Ligier;
32;0;36;1:50.688;0;B;33.507;0;35.115;0;42.066;0;188.4;1:24:04.870;10:24:04.870;0:33.507;0:35.115;0:42.066;248.8;Will OWEN;;LMP2;;United Autosports;Ligier;
32;2;37;3:03.022;0;;1:48.397;0;34.550;0;40.075;0;113.9;1:27:07.892;10:27:07.892;1:48.397;0:34.550;0:40.075;216.0;Filipe ALBUQUERQUE;0:01:20.706;LMP2;;United Autosports;Ligier;
32;2;38;1:39.305;0;;32.024;0;33.671;0;33.610;0;210.0;1:28:47.197;10:28:47.197;0:32.024;0:33.671;0:33.610;295.9;Filipe ALBUQUERQUE;;LMP2;;United Autosports;Ligier;
32;2;39;1:50.740;0;B;32.130;0;34.944;0;43.666;0;188.3;1:30:37.937;10:30:37.937;0:32.130;0:34.944;0:43.666;296.7;Filipe ALBUQUERQUE;;LMP2;;United Autosports;Ligier;
34;0;1;1:53.782;0;;40.022;0;37.438;0;36.322;0;183.3;1:53.782;09:01:53.782;0:40.022;0:37.438;0:36.322;198.9;Nigel MOORE;0:00:03.954;LMP2;;Tockwith Motorsports;Ligier;
34;0;2;1:43.784;0;;33.726;0;35.377;0;34.681;0;200.9;3:37.566;09:03:37.566;0:33.726;0:35.377;0:34.681;281.2;Nigel MOORE;;LMP2;;Tockwith Motorsports;Ligier;
34;0;3;1:43.041;0;;33.136;0;35.450;0;34.455;0;202.4;5:20.607;09:05:20.607;0:33.136;0:35.450;0:34.455;289.5;Nigel MOORE;;LMP2;;Tockwith Motorsports;Ligier;
34;0;4;1:40.949;0;;32.693;0;34.165;0;34.091;0;206.6;7:01.556;09:07:01.556;0:32.693;0:34.165;0:34.091;296.7;Nigel MOORE;;LMP2;;Tockwith Motorsports;Ligier;
34;0;5;1:50.367;0;B;33.649;0;34.838;0;41.880;0;189.0;8:51.923;09:08:51.923;0:33.649;0:34.838;0:41.880;254.7;Nigel MOORE;;LMP2;;Tockwith Motorsports;Ligier;
34;0;6;7:29.040;0;;6:19.359;0;34.733;0;34.948;0;46.4;16:20.963;09:16:20.963;6:19.359;0:34.733;0:34.948;233.3;Nigel MOORE;0:05:51.853;LMP2;;Tockwith Motorsports;Ligier;
34;0;7;1:41.520;0;;32.912;0;34.737;0;33.871;0;205.4;18:02.483;09:18:02.483;0:32.912;0:34.737;0:33.871;286.5;Nigel MOORE;;LMP2;;Tockwith Motorsports;Ligier;
34;0;8;1:40.145;0;;32.438;0;34.387;0;33.320;2;208.2;19:42.628;09:19:42.628;0:32.438;0:34.387;0:33.320;292.7;Nigel MOORE;;LMP2;;Tockwith Motorsports;Ligier;
34;0;9;1:39.454;2;;32.199;0;33.808;2;33.447;0;209.7;21:22.082;09:21:22.082;0:32.199;0:33.808;0:33.447;299.2;Nigel MOORE;;LMP2;;Tockwith Motorsports;Ligier;
34;0;10;1:46.692;0;B;32.369;0;34.023;0;40.300;0;195.5;23:08.774;09:23:08.774;0:32.369;0:34.023;0:40.300;300.0;Nigel MOORE;;LMP2;;Tockwith Motorsports;Ligier;
34;0;11;4:41.208;0;;3:32.151;0;35.283;0;33.774;0;74.2;27:49.982;09:27:49.982;3:32.151;0:35.283;0:33.774;233.8;Nigel MOORE;0:03:05.003;LMP2;;Tockwith Motorsports;Ligier;
34;0;12;1:41.331;0;;32.325;0;34.649;0;34.357;0;205.8;29:31.313;09:29:31.313;0:32.325;0:34.649;0:34.357;299.2;Nigel MOORE;;LMP2;;Tockwith Motorsports;Ligier;
34;0;13;1:49.154;0;B;31.456;3;35.492;0;42.206;0;191.1;31:20.467;09:31:20.467;0:31.456;0:35.492;0:42.206;299.2;Nigel MOORE;;LMP2;;Tockwith Motorsports;Ligier;
34;1;14;4:38.055;0;;3:25.636;0;36.961;0;35.458;0;75.0;35:58.522;09:35:58.522;3:25.636;0:36.961;0:35.458;195.3;Philip HANSON;0:02:57.059;LMP2;;Tockwith Motorsports;Ligier;
34;1;15;1:43.931;0;;33.347;0;35.706;0;34.878;0;200.7;37:42.453;09:37:42.453;0:33.347;0:35.706;0:34.878;261.5;Philip HANSON;;LMP2;;Tockwith Motorsports;Ligier;
34;1;16;1:43.017;0;;32.977;0;35.547;0;34.493;0;202.4;39:25.470;09:39:25.470;0:32.977;0:35.547;0:34.493;288.8;Philip HANSON;;LMP2;;Tockwith Motorsports;Ligier;
34;1;17;1:43.921;0;;33.394;0;35.586;0;34.941;0;200.7;41:09.391;09:41:09.391;0:33.394;0:35.586;0:34.941;240.0;Philip HANSON;;LMP2;;Tockwith Motorsports;Ligier;
34;1;18;1:44.375;0;;32.774;0;37.004;0;34.597;0;199.8;42:53.766;09:42:53.766;0:32.774;0:37.004;0:34.597;293.5;Philip HANSON;;LMP2;;Tockwith Motorsports;Ligier;
34;1;19;1:43.708;0;;32.858;0;35.989;0;34.861;0;201.1;44:37.474;09:44:37.474;0:32.858;0:35.989;0:34.861;288.0;Philip HANSON;;LMP2;;Tockwith Motorsports;Ligier;
34;1;20;1:42.125;0;;32.572;0;35.212;0;34.341;0;204.2;46:19.599;09:46:19.599;0:32.572;0:35.212;0:34.341;297.5;Philip HANSON;;LMP2;;Tockwith Motorsports;Ligier;
34;1;21;1:42.261;0;;32.686;0;35.114;0;34.461;0;203.9;48:01.860;09:48:01.860;0:32.686;0:35.114;0:34.461;294.3;Philip HANSON;;LMP2;;Tockwith Motorsports;Ligier;
34;1;22;2:15.538;0;;32.665;0;35.301;0;1:07.572;0;153.9;50:17.398;09:50:17.398;0:32.665;0:35.301;1:07.572;294.3;Philip HANSON;;LMP2;;Tockwith Motorsports;Ligier;
34;1;23;4:01.035;0;;1:26.393;0;1:22.625;0;1:12.017;0;86.5;54:18.433;09:54:18.433;1:26.393;1:22.625;1:12.017;78.0;Philip HANSON;;LMP2;;Tockwith Motorsports;Ligier;
34;1;24;1:46.953;0;;34.468;0;36.767;0;35.718;0;195.0;56:05.386;09:56:05.386;0:34.468;0:36.767;0:35.718;199.3;Philip HANSON;;LMP2;;Tockwith Motorsports;Ligier;
34;1;25;1:42.710;0;;33.051;0;35.194;0;34.465;0;203.0;57:48.096;09:57:48.096;0:33.051;0:35.194;0:34.465;257.1;Philip HANSON;;LMP2;;Tockwith Motorsports;Ligier;
34;1;26;1:42.480;0;;32.609;0;35.502;0;34.369;0;203.5;59:30.576;09:59:30.576;0:32.609;0:35.502;0:34.369;293.5;Philip HANSON;;LMP2;;Tockwith Motorsports;Ligier;
34;1;27;1:42.146;0;;32.626;0;35.271;0;34.249;0;204.2;1:01:12.722;10:01:12.722;0:32.626;0:35.271;0:34.249;290.3;Philip HANSON;;LMP2;;Tockwith Motorsports;Ligier;
34;1;28;1:43.025;0;;32.473;0;34.775;0;35.777;0;202.4;1:02:55.747;10:02:55.747;0:32.473;0:34.775;0:35.777;295.9;Philip HANSON;;LMP2;;Tockwith Motorsports;Ligier;
34;1;29;2:03.096;0;;32.641;0;34.852;0;55.603;0;169.4;1:04:58.843;10:04:58.843;0:32.641;0:34.852;0:55.603;288.8;Philip HANSON;;LMP2;;Tockwith Motorsports;Ligier;
34;1;30;2:42.235;0;;1:26.959;0;40.381;0;34.895;0;128.5;1:07:41.078;10:07:41.078;1:26.959;0:40.381;0:34.895;79.6;Philip HANSON;;LMP2;;Tockwith Motorsports;Ligier;
34;1;31;1:43.781;0;;33.492;0;35.826;0;34.463;0;201.0;1:09:24.859;10:09:24.859;0:33.492;0:35.826;0:34.463;273.4;Philip HANSON;;LMP2;;Tockwith Motorsports;Ligier;
34;1;32;1:42.491;0;;32.679;0;35.133;0;34.679;0;203.5;1:11:07.350;10:11:07.350;0:32.679;0:35.133;0:34.679;285.0;Philip HANSON;;LMP2;;Tockwith Motorsports;Ligier;
34;1;33;1:43.011;0;;32.608;0;35.759;0;34.644;0;202.5;1:12:50.361;10:12:50.361;0:32.608;0:35.759;0:34.644;296.7;Philip HANSON;;LMP2;;Tockwith Motorsports;Ligier;
34;1;34;1:43.163;0;;32.614;0;35.131;0;35.418;0;202.2;1:14:33.524;10:14:33.524;0:32.614;0:35.131;0:35.418;295.9;Philip HANSON;;LMP2;;Tockwith Motorsports;Ligier;
34;1;35;1:41.731;0;;32.347;0;34.862;0;34.522;0;205.0;1:16:15.255;10:16:15.255;0:32.347;0:34.862;0:34.522;298.3;Philip HANSON;;LMP2;;Tockwith Motorsports;Ligier;
34;1;36;1:40.861;0;;32.368;0;34.596;0;33.897;0;206.8;1:17:56.116;10:17:56.116;0:32.368;0:34.596;0:33.897;297.5;Philip HANSON;;LMP2;;Tockwith Motorsports;Ligier;
34;1;37;1:48.973;0;B;32.482;0;34.919;0;41.572;0;191.4;1:19:45.089;10:19:45.089;0:32.482;0:34.919;0:41.572;298.3;Philip HANSON;;LMP2;;Tockwith Motorsports;Ligier;
34;1;38;3:31.151;0;;2:21.968;0;35.177;0;34.006;0;98.8;1:23:16.240;10:23:16.240;2:21.968;0:35.177;0:34.006;226.9;Philip HANSON;0:01:54.055;LMP2;;Tockwith Motorsports;Ligier;
34;1;39;1:40.928;0;;32.236;1;34.497;0;34.195;0;206.6;1:24:57.168;10:24:57.168;0:32.236;0:34.497;0:34.195;297.5;Philip HANSON;;LMP2;;Tockwith Motorsports;Ligier;
34;1;40;1:41.204;0;;32.487;0;34.939;0;33.778;1;206.1;1:26:38.372;10:26:38.372;0:32.487;0:34.939;0:33.778;295.9;Philip HANSON;;LMP2;;Tockwith Motorsports;Ligier;
34;1;41;1:40.432;0;;32.302;0;34.152;1;33.978;0;207.7;1:28:18.804;10:28:18.804;0:32.302;0:34.152;0:33.978;296.7;Philip HANSON;;LMP2;;Tockwith Motorsports;Ligier;
34;1;42;1:41.357;0;;32.366;0;34.986;0;34.005;0;205.8;1:30:00.161;10:30:00.161;0:32.366;0:34.986;0:34.005;295.9;Philip HANSON;;LMP2;;Tockwith Motorsports;Ligier;
39;2;1;2:16.259;0;;56.208;0;41.383;0;38.668;0;153.1;2:16.259;09:02:16.259;0:56.208;0:41.383;0:38.668;145.6;Enzo GUIBBERT;0:00:13.546;LMP2;;Graff;Oreca;
39;2;2;1:50.869;0;;36.967;0;38.016;0;35.886;0;188.1;4:07.128;09:04:07.128;0:36.967;0:38.016;0:35.886;187.5;Enzo GUIBBERT;;LMP2;;Graff;Oreca;
39;2;3;1:43.657;0;;33.774;0;35.198;0;34.685;0;201.2;5:50.785;09:05:50.785;0:33.774;0:35.198;0:34.685;254.7;Enzo GUIBBERT;;LMP2;;Graff;Oreca;
39;2;4;1:42.258;0;;33.212;0;34.865;0;34.181;0;203.9;7:33.043;09:07:33.043;0:33.212;0:34.865;0:34.181;271.4;Enzo GUIBBERT;;LMP2;;Graff;Oreca;
39;2;5;1:43.598;0;;32.971;0;35.786;0;34.841;0;201.3;9:16.641;09:09:16.641;0:32.971;0:35.786;0:34.841;264.7;Enzo GUIBBERT;;LMP2;;Graff;Oreca;
39;2;6;1:41.347;0;;32.539;0;35.518;0;33.290;0;205.8;10:57.988;09:10:57.988;0:32.539;0:35.518;0:33.290;263.4;Enzo GUIBBERT;;LMP2;;Graff;Oreca;
39;2;7;1:43.651;0;;31.813;0;37.013;0;34.825;0;201.2;12:41.639;09:12:41.639;0:31.813;0:37.013;0:34.825;308.6;Enzo GUIBBERT;;LMP2;;Graff;Oreca;
39;2;8;1:49.537;0;B;31.816;0;35.737;0;41.984;0;190.4;14:31.176;09:14:31.176;0:31.816;0:35.737;0:41.984;308.6;Enzo GUIBBERT;;LMP2;;Graff;Oreca;
39;0;9;3:47.936;0;;2:32.639;0;39.166;0;36.131;0;91.5;18:19.112;09:18:19.112;2:32.639;0:39.166;0:36.131;146.5;Eric TROUILLET;0:01:58.050;LMP2;;Graff;Oreca;
39;0;10;1:43.657;0;;33.151;0;35.980;0;34.526;0;201.2;20:02.769;09:20:02.769;0:33.151;0:35.980;0:34.526;247.1;Eric TROUILLET;;LMP2;;Graff;Oreca;
39;0;11;1:44.568;0;;32.689;0;35.696;0;36.183;0;199.4;21:47.337;09:21:47.337;0:32.689;0:35.696;0:36.183;267.3;Eric TROUILLET;;LMP2;;Graff;Oreca;
39;0;12;1:42.367;0;;32.278;0;36.324;0;33.765;0;203.7;23:29.704;09:23:29.704;0:32.278;0:36.324;0:33.765;295.1;Eric TROUILLET;;LMP2;;Graff;Oreca;
39;0;13;1:40.542;0;;31.826;0;34.637;0;34.079;0;207.4;25:10.246;09:25:10.246;0:31.826;0:34.637;0:34.079;302.5;Eric TROUILLET;;LMP2;;Graff;Oreca;
39;0;14;1:41.004;0;;31.995;0;34.563;0;34.446;0;206.5;26:51.250;09:26:51.250;0:31.995;0:34.563;0:34.446;300.0;Eric TROUILLET;;LMP2;;Graff;Oreca;
39;0;15;1:40.355;0;;31.876;0;34.921;0;33.558;0;207.8;28:31.605;09:28:31.605;0:31.876;0:34.921;0:33.558;305.9;Eric TROUILLET;;LMP2;;Graff;Oreca;
39;0;16;1:42.230;0;;32.107;0;35.308;0;34.815;0;204.0;30:13.835;09:30:13.835;0:32.107;0:35.308;0:34.815;298.3;Eric TROUILLET;;LMP2;;Graff;Oreca;
39;0;17;1:39.554;0;;31.804;1;34.298;1;33.452;1;209.5;31:53.389;09:31:53.389;0:31.804;0:34.298;0:33.452;304.2;Eric TROUILLET;;LMP2;;Graff;Oreca;
39;0;18;1:48.158;0;B;31.936;0;34.506;0;41.716;0;192.8;33:41.547;09:33:41.547;0:31.936;0:34.506;0:41.716;291.1;Eric TROUILLET;;LMP2;;Graff;Oreca;
39;1;19;3:28.945;0;;2:17.462;0;36.805;0;34.678;0;99.8;37:10.492;09:37:10.492;2:17.462;0:36.805;0:34.678;194.9;Paul PETIT;0:01:48.488;LMP2;;Graff;Oreca;
39;1;20;1:41.555;0;;31.951;0;34.687;0;34.917;0;205.4;38:52.047;09:38:52.047;0:31.951;0:34.687;0:34.917;297.5;Paul PETIT;;LMP2;;Graff;Oreca;
39;1;21;1:42.846;0;;31.989;0;36.490;0;34.367;0;202.8;40:34.893;09:40:34.893;0:31.989;0:36.490;0:34.367;302.5;Paul PETIT;;LMP2;;Graff;Oreca;
39;1;22;1:50.730;0;B;33.515;0;34.499;0;42.716;0;188.3;42:25.623;09:42:25.623;0:33.515;0:34.499;0:42.716;305.1;Paul PETIT;;LMP2;;Graff;Oreca;
39;2;23;3:15.605;0;;1:56.396;0;39.728;0;39.481;0;106.6;45:41.228;09:45:41.228;1:56.396;0:39.728;0:39.481;178.5;Enzo GUIBBERT;0:01:22.172;LMP2;;Graff;Oreca;
39;2;24;1:43.876;0;;33.535;0;36.704;0;33.637;0;200.8;47:25.104;09:47:25.104;0:33.535;0:36.704;0:33.637;247.7;Enzo GUIBBERT;;LMP2;;Graff;Oreca;
39;2;25;1:37.636;2;;31.518;2;33.512;2;32.606;2;213.6;49:02.740;09:49:02.740;0:31.518;0:33.512;0:32.606;307.7;Enzo GUIBBERT;;LMP2;;Graff;Oreca;
39;2;26;3:48.085;0;B;46.968;0;1:24.573;0;1:36.544;0;91.4;52:50.825;09:52:50.825;0:46.968;1:24.573;1:36.544;306.8;Enzo GUIBBERT;;LMP2;;Graff;Oreca;
39;1;27;4:25.416;0;;3:15.035;0;36.278;0;34.103;0;78.6;57:16.241;09:57:16.241;3:15.035;0:36.278;0:34.103;188.8;Paul PETIT;0:02:46.382;LMP2;;Graff;Oreca;
39;1;28;1:42.487;0;;32.296;0;34.481;0;35.710;0;203.5;58:58.728;09:58:58.728;0:32.296;0:34.481;0:35.710;292.7;Paul PETIT;;LMP2;;Graff;Oreca;
39;1;29;1:40.569;0;;31.842;0;34.173;1;34.554;0;207.4;1:00:39.297;10:00:39.297;0:31.842;0:34.173;0:34.554;305.1;Paul PETIT;;LMP2;;Graff;Oreca;
39;1;30;1:40.484;0;;31.696;1;34.950;0;33.838;1;207.5;1:02:19.781;10:02:19.781;0:31.696;0:34.950;0:33.838;305.1;Paul PETIT;;LMP2;;Graff;Oreca;
39;1;31;1:41.840;0;;32.160;0;35.730;0;33.950;0;204.8;1:04:01.621;10:04:01.621;0:32.160;0:35.730;0:33.950;270.7;Paul PETIT;;LMP2;;Graff;Oreca;
39;1;32;3:13.382;0;B;1:02.527;0;1:24.689;0;46.166;0;107.8;1:07:15.003;10:07:15.003;1:02.527;1:24.689;0:46.166;205.3;Paul PETIT;;LMP2;;Graff;Oreca;
39;1;33;3:53.588;0;;2:43.838;0;35.895;0;33.855;0;89.3;1:11:08.591;10:11:08.591;2:43.838;0:35.895;0:33.855;191.8;Paul PETIT;0:02:14.409;LMP2;;Graff;Oreca;
39;1;34;1:43.057;0;;32.193;0;36.919;0;33.945;0;202.4;1:12:51.648;10:12:51.648;0:32.193;0:36.919;0:33.945;300.8;Paul PETIT;;LMP2;;Graff;Oreca;
39;1;35;1:43.847;0;;32.053;0;35.844;0;35.950;0;200.8;1:14:35.495;10:14:35.495;0:32.053;0:35.844;0:35.950;298.3;Paul PETIT;;LMP2;;Graff;Oreca;
39;1;36;1:48.734;0;B;31.929;0;34.872;0;41.933;0;191.8;1:16:24.229;10:16:24.229;0:31.929;0:34.872;0:41.933;305.1;Paul PETIT;;LMP2;;Graff;Oreca;
39;0;37;4:07.829;0;;2:56.631;0;36.920;0;34.278;0;84.1;1:20:32.058;10:20:32.058;2:56.631;0:36.920;0:34.278;181.5;Eric TROUILLET;0:02:27.342;LMP2;;Graff;Oreca;
39;0;38;1:41.699;0;;32.194;0;34.926;0;34.579;0;205.1;1:22:13.757;10:22:13.757;0:32.194;0:34.926;0:34.579;279.8;Eric TROUILLET;;LMP2;;Graff;Oreca;
39;0;39;1:43.292;0;;32.214;0;35.583;0;35.495;0;201.9;1:23:57.049;10:23:57.049;0:32.214;0:35.583;0:35.495;272.7;Eric TROUILLET;;LMP2;;Graff;Oreca;
39;0;40;1:40.903;0;;31.858;0;34.756;0;34.289;0;206.7;1:25:37.952;10:25:37.952;0:31.858;0:34.756;0:34.289;295.1;Eric TROUILLET;;LMP2;;Graff;Oreca;
39;0;41;1:40.921;0;;32.505;0;34.695;0;33.721;0;206.6;1:27:18.873;10:27:18.873;0:32.505;0:34.695;0:33.721;268.0;Eric TROUILLET;;LMP2;;Graff;Oreca;
39;0;42;1:40.330;0;;32.160;0;34.391;0;33.779;0;207.9;1:28:59.203;10:28:59.203;0:32.160;0:34.391;0:33.779;305.1;Eric TROUILLET;;LMP2;;Graff;Oreca;
39;0;43;1:47.172;0;B;32.115;0;34.436;0;40.621;0;194.6;1:30:46.375;10:30:46.375;0:32.115;0:34.436;0:40.621;304.2;Eric TROUILLET;;LMP2;;Graff;Oreca;
4;1;1;2:18.724;0;;49.819;0;44.786;0;44.119;0;150.3;2:18.724;09:02:18.724;0:49.819;0:44.786;0:44.119;178.2;Iradj ALEXANDER;0:00:07.634;LMP3;;Cool Racing By GPC;Ligier;
4;1;2;2:02.462;0;;41.871;0;39.954;0;40.637;0;170.3;4:21.186;09:04:21.186;0:41.871;0:39.954;0:40.637;252.9;Iradj ALEXANDER;;LMP3;;Cool Racing By GPC;Ligier;
4;1;3;1:57.361;0;;37.335;0;39.496;0;40.530;0;177.7;6:18.547;09:06:18.547;0:37.335;0:39.496;0:40.530;251.2;Iradj ALEXANDER;;LMP3;;Cool Racing By GPC;Ligier;
4;1;4;1:54.284;0;;36.873;0;38.322;0;39.089;0;182.5;8:12.831;09:08:12.831;0:36.873;0:38.322;0:39.089;246.0;Iradj ALEXANDER;;LMP3;;Cool Racing By GPC;Ligier;
4;1;5;1:53.017;0;;36.836;0;37.726;0;38.455;0;184.5;10:05.848;09:10:05.848;0:36.836;0:37.726;0:38.455;242.2;Iradj ALEXANDER;;LMP3;;Cool Racing By GPC;Ligier;
4;1;6;1:52.956;0;;36.480;0;38.134;0;38.342;0;184.6;11:58.804;09:11:58.804;0:36.480;0:38.134;0:38.342;252.9;Iradj ALEXANDER;;LMP3;;Cool Racing By GPC;Ligier;
4;1;7;1:53.201;0;;36.287;0;38.664;0;38.250;0;184.2;13:52.005;09:13:52.005;0:36.287;0:38.664;0:38.250;244.3;Iradj ALEXANDER;;LMP3;;Cool Racing By GPC;Ligier;
4;1;8;1:51.280;0;;35.901;0;37.498;0;37.881;0;187.4;15:43.285;09:15:43.285;0:35.901;0:37.498;0:37.881;254.1;Iradj ALEXANDER;;LMP3;;Cool Racing By GPC;Ligier;
4;1;9;1:50.632;2;;35.423;2;37.493;2;37.716;2;188.5;17:33.917;09:17:33.917;0:35.423;0:37.493;0:37.716;268.7;Iradj ALEXANDER;;LMP3;;Cool Racing By GPC;Ligier;
4;1;10;1:59.180;0;B;35.944;0;38.297;0;44.939;0;175.0;19:33.097;09:19:33.097;0:35.944;0:38.297;0:44.939;234.3;Iradj ALEXANDER;;LMP3;;Cool Racing By GPC;Ligier;
4;0;11;5:02.015;0;;3:27.860;0;47.295;0;46.860;0;69.1;24:35.112;09:24:35.112;3:27.860;0:47.295;0:46.860;141.0;Alexandre COIGNY;0:02:42.225;LMP3;;Cool Racing By GPC;Ligier;
4;0;12;2:06.907;0;;40.209;0;43.398;0;43.300;0;164.3;26:42.019;09:26:42.019;0:40.209;0:43.398;0:43.300;236.3;Alexandre COIGNY;;LMP3;;Cool Racing By GPC;Ligier;
4;0;13;2:02.386;0;;38.719;0;42.466;0;41.201;0;170.4;28:44.405;09:28:44.405;0:38.719;0:42.466;0:41.201;250.0;Alexandre COIGNY;;LMP3;;Cool Racing By GPC;Ligier;
4;0;14;1:59.398;0;;36.927;0;41.062;1;41.409;0;174.7;30:43.803;09:30:43.803;0:36.927;0:41.062;0:41.409;254.1;Alexandre COIGNY;;LMP3;;Cool Racing By GPC;Ligier;
4;0;15;1:59.920;0;;37.269;0;41.584;0;41.067;0;173.9;32:43.723;09:32:43.723;0:37.269;0:41.584;0:41.067;228.3;Alexandre COIGNY;;LMP3;;Cool Racing By GPC;Ligier;
4;0;16;1:59.508;0;;36.644;0;41.414;0;41.450;0;174.5;34:43.231;09:34:43.231;0:36.644;0:41.414;0:41.450;260.9;Alexandre COIGNY;;LMP3;;Cool Racing By GPC;Ligier;
4;0;17;2:07.761;0;B;37.017;0;41.480;0;49.264;0;163.2;36:50.992;09:36:50.992;0:37.017;0:41.480;0:49.264;251.2;Alexandre COIGNY;;LMP3;;Cool Racing By GPC;Ligier;
4;0;18;3:54.096;0;;2:30.462;0;42.682;0;40.952;0;89.1;40:45.088;09:40:45.088;2:30.462;0:42.682;0:40.952;159.5;Alexandre COIGNY;0:01:55.934;LMP3;;Cool Racing By GPC;Ligier;
4;0;19;1:58.772;0;;36.662;0;41.352;0;40.758;0;175.6;42:43.860;09:42:43.860;0:36.662;0:41.352;0:40.758;252.9;Alexandre COIGNY;;LMP3;;Cool Racing By GPC;Ligier;
4;0;20;2:01.848;0;;37.066;0;41.986;0;42.796;0;171.2;44:45.708;09:44:45.708;0:37.066;0:41.986;0:42.796;264.7;Alexandre COIGNY;;LMP3;;Cool Racing By GPC;Ligier;
4;0;21;1:59.750;0;;36.909;0;41.726;0;41.115;0;174.2;46:45.458;09:46:45.458;0:36.909;0:41.726;0:41.115;238.4;Alexandre COIGNY;;LMP3;;Cool Racing By GPC;Ligier;
4;0;22;1:59.027;0;;36.597;1;41.799;0;40.631;1;175.2;48:44.485;09:48:44.485;0:36.597;0:41.799;0:40.631;248.8;Alexandre COIGNY;;LMP3;;Cool Racing By GPC;Ligier;
4;0;23;3:20.111;0;B;36.637;0;1:08.492;0;1:34.982;0;104.2;52:04.596;09:52:04.596;0:36.637;1:08.492;1:34.982;257.1;Alexandre COIGNY;;LMP3;;Cool Racing By GPC;Ligier;
4;2;24;6:39.056;0;;5:16.466;0;42.189;0;40.401;0;52.3;58:43.652;09:58:43.652;5:16.466;0:42.189;0:40.401;146.7;Gino FORGIONE;0:04:40.464;LMP3;;Cool Racing By GPC;Ligier;
4;2;25;1:59.049;0;;36.973;0;39.658;0;42.418;0;175.2;1:00:42.701;10:00:42.701;0:36.973;0:39.658;0:42.418;243.2;Gino FORGIONE;;LMP3;;Cool Racing By GPC;Ligier;
4;2;26;1:58.451;0;;36.516;0;40.189;0;41.746;0;176.1;1:02:41.152;10:02:41.152;0:36.516;0:40.189;0:41.746;236.3;Gino FORGIONE;;LMP3;;Cool Racing By GPC;Ligier;
4;2;27;1:54.714;0;;35.970;0;39.068;0;39.676;0;181.8;1:04:35.866;10:04:35.866;0:35.970;0:39.068;0:39.676;258.4;Gino FORGIONE;;LMP3;;Cool Racing By GPC;Ligier;
4;2;28;3:03.009;0;;1:24.320;0;58.364;0;40.325;0;114.0;1:07:38.875;10:07:38.875;1:24.320;0:58.364;0:40.325;79.6;Gino FORGIONE;;LMP3;;Cool Racing By GPC;Ligier;
4;2;29;1:55.938;0;;37.270;0;39.111;0;39.557;0;179.9;1:09:34.813;10:09:34.813;0:37.270;0:39.111;0:39.557;232.8;Gino FORGIONE;;LMP3;;Cool Racing By GPC;Ligier;
4;2;30;1:56.904;0;;35.713;0;40.645;0;40.546;0;178.4;1:11:31.717;10:11:31.717;0:35.713;0:40.645;0:40.546;266.0;Gino FORGIONE;;LMP3;;Cool Racing By GPC;Ligier;
4;2;31;1:55.623;0;;36.517;0;39.640;0;39.466;0;180.4;1:13:27.340;10:13:27.340;0:36.517;0:39.640;0:39.466;262.1;Gino FORGIONE;;LMP3;;Cool Racing By GPC;Ligier;
4;2;32;1:52.905;0;;35.650;0;38.421;0;38.834;0;184.7;1:15:20.245;10:15:20.245;0:35.650;0:38.421;0:38.834;266.0;Gino FORGIONE;;LMP3;;Cool Racing By GPC;Ligier;
4;2;33;1:52.655;0;;35.454;1;38.513;0;38.688;1;185.1;1:17:12.900;10:17:12.900;0:35.454;0:38.513;0:38.688;264.7;Gino FORGIONE;;LMP3;;Cool Racing By GPC;Ligier;
4;2;34;1:52.963;0;;35.759;0;38.369;0;38.835;0;184.6;1:19:05.863;10:19:05.863;0:35.759;0:38.369;0:38.835;268.7;Gino FORGIONE;;LMP3;;Cool Racing By GPC;Ligier;
4;2;35;1:53.624;0;;35.768;0;38.294;1;39.562;0;183.5;1:20:59.487;10:20:59.487;0:35.768;0:38.294;0:39.562;251.7;Gino FORGIONE;;LMP3;;Cool Racing By GPC;Ligier;
4;2;36;1:55.574;0;;35.803;0;40.401;0;39.370;0;180.4;1:22:55.061;10:22:55.061;0:35.803;0:40.401;0:39.370;259.6;Gino FORGIONE;;LMP3;;Cool Racing By GPC;Ligier;
4;2;37;1:55.194;0;;37.104;0;39.016;0;39.074;0;181.0;1:24:50.255;10:24:50.255;0:37.104;0:39.016;0:39.074;267.3;Gino FORGIONE;;LMP3;;Cool Racing By GPC;Ligier;
4;2;38;1:59.591;0;;39.528;0;40.604;0;39.459;0;174.4;1:26:49.846;10:26:49.846;0:39.528;0:40.604;0:39.459;268.0;Gino FORGIONE;;LMP3;;Cool Racing By GPC;Ligier;
4;2;39;2:09.478;0;B;35.843;0;42.064;0;51.571;0;161.1;1:28:59.324;10:28:59.324;0:35.843;0:42.064;0:51.571;247.1;Gino FORGIONE;;LMP3;;Cool Racing By GPC;Ligier;
40;2;1;2:15.275;0;;55.651;0;39.970;0;39.654;0;154.2;2:15.275;09:02:15.275;0:55.651;0:39.970;0:39.654;156.7;Richard BRADLEY;0:00:16.044;LMP2;;Graff;Oreca;
40;2;2;1:49.597;0;;35.299;0;38.464;0;35.834;0;190.3;4:04.872;09:04:04.872;0:35.299;0:38.464;0:35.834;251.2;Richard BRADLEY;;LMP2;;Graff;Oreca;
40;2;3;1:55.128;0;B;34.535;0;35.331;0;45.262;0;181.1;6:00.000;09:06:00.000;0:34.535;0:35.331;0:45.262;220.9;Richard BRADLEY;;LMP2;;Graff;Oreca;
40;0;4;6:30.637;0;;5:16.905;0;36.816;0;36.916;0;53.4;12:30.637;09:12:30.637;5:16.905;0:36.816;0:36.916;172.5;James ALLEN;0:04:43.858;LMP2;;Graff;Oreca;
40;0;5;1:42.652;0;;33.697;0;34.865;0;34.090;0;203.2;14:13.289;09:14:13.289;0:33.697;0:34.865;0:34.090;233.8;James ALLEN;;LMP2;;Graff;Oreca;
40;0;6;1:40.442;0;;33.495;0;34.038;0;32.909;0;207.6;15:53.731;09:15:53.731;0:33.495;0:34.038;0:32.909;243.8;James ALLEN;;LMP2;;Graff;Oreca;
40;0;7;1:45.015;0;;37.907;0;33.564;1;33.544;0;198.6;17:38.746;09:17:38.746;0:37.907;0:33.564;0:33.544;290.3;James ALLEN;;LMP2;;Graff;Oreca;
40;0;8;1:39.677;0;;31.986;0;34.996;0;32.695;0;209.2;19:18.423;09:19:18.423;0:31.986;0:34.996;0:32.695;297.5;James ALLEN;;LMP2;;Graff;Oreca;
40;0;9;1:39.318;0;;32.131;0;34.463;0;32.724;0;210.0;20:57.741;09:20:57.741;0:32.131;0:34.463;0:32.724;288.0;James ALLEN;;LMP2;;Graff;Oreca;
40;0;10;1:49.451;0;B;34.013;0;33.828;0;41.610;0;190.5;22:47.192;09:22:47.192;0:34.013;0:33.828;0:41.610;257.8;James ALLEN;;LMP2;;Graff;Oreca;
40;1;11;4:07.043;0;;2:57.738;0;35.267;0;34.038;0;84.4;26:54.235;09:26:54.235;2:57.738;0:35.267;0:34.038;149.2;Franck MATELLI;0:02:28.260;LMP2;;Graff;Oreca;
40;1;12;1:44.028;0;;34.036;0;35.194;0;34.798;0;200.5;28:38.263;09:28:38.263;0:34.036;0:35.194;0:34.798;248.8;Franck MATELLI;;LMP2;;Graff;Oreca;
40;1;13;1:41.072;0;;32.325;0;34.715;0;34.032;0;206.3;30:19.335;09:30:19.335;0:32.325;0:34.715;0:34.032;291.9;Franck MATELLI;;LMP2;;Graff;Oreca;
40;1;14;1:39.982;0;;31.816;0;34.243;0;33.923;0;208.6;31:59.317;09:31:59.317;0:31.816;0:34.243;0:33.923;306.8;Franck MATELLI;;LMP2;;Graff;Oreca;
40;1;15;1:39.723;0;;31.932;0;34.234;0;33.557;0;209.1;33:39.040;09:33:39.040;0:31.932;0:34.234;0:33.557;305.9;Franck MATELLI;;LMP2;;Graff;Oreca;
40;1;16;1:46.858;0;B;31.806;0;35.273;0;39.779;0;195.2;35:25.898;09:35:25.898;0:31.806;0:35.273;0:39.779;304.2;Franck MATELLI;;LMP2;;Graff;Oreca;
40;2;17;3:17.412;0;;2:04.262;0;36.814;0;36.336;0;105.6;38:43.310;09:38:43.310;2:04.262;0:36.814;0:36.336;202.2;Richard BRADLEY;0:01:35.457;LMP2;;Graff;Oreca;
40;2;18;1:41.690;0;;32.612;0;35.493;0;33.585;0;205.1;40:25.000;09:40:25.000;0:32.612;0:35.493;0:33.585;263.4;Richard BRADLEY;;LMP2;;Graff;Oreca;
40;2;19;1:41.452;0;;31.710;1;33.970;0;35.772;0;205.6;42:06.452;09:42:06.452;0:31.710;0:33.970;0:35.772;304.2;Richard BRADLEY;;LMP2;;Graff;Oreca;
40;2;20;1:38.326;0;;32.064;0;33.427;2;32.835;0;212.1;43:44.778;09:43:44.778;0:32.064;0:33.427;0:32.835;302.5;Richard BRADLEY;;LMP2;;Graff;Oreca;
40;2;21;1:38.073;2;;31.859;0;33.491;0;32.723;1;212.6;45:22.851;09:45:22.851;0:31.859;0:33.491;0:32.723;304.2;Richard BRADLEY;;LMP2;;Graff;Oreca;
40;2;22;1:38.686;0;;31.740;0;33.520;0;33.426;0;211.3;47:01.537;09:47:01.537;0:31.740;0:33.520;0:33.426;305.9;Richard BRADLEY;;LMP2;;Graff;Oreca;
40;2;23;1:39.403;0;;31.721;0;33.699;0;33.983;0;209.8;48:40.940;09:48:40.940;0:31.721;0:33.699;0:33.983;303.4;Richard BRADLEY;;LMP2;;Graff;Oreca;
40;2;24;3:07.258;0;B;31.915;0;1:00.529;0;1:34.814;0;111.4;51:48.198;09:51:48.198;0:31.915;1:00.529;1:34.814;300.8;Richard BRADLEY;;LMP2;;Graff;Oreca;
40;0;25;5:35.851;0;;4:25.149;0;37.190;0;33.512;0;62.1;57:24.049;09:57:24.049;4:25.149;0:37.190;0:33.512;227.4;James ALLEN;0:03:55.888;LMP2;;Graff;Oreca;
40;0;26;1:39.098;0;;32.523;0;33.883;0;32.692;2;210.4;59:03.147;09:59:03.147;0:32.523;0:33.883;0:32.692;267.3;James ALLEN;;LMP2;;Graff;Oreca;
40;0;27;1:39.024;0;;31.635;1;33.564;0;33.825;0;210.6;1:00:42.171;10:00:42.171;0:31.635;0:33.564;0:33.825;306.8;James ALLEN;;LMP2;;Graff;Oreca;
40;0;28;1:38.616;0;;31.878;0;33.951;0;32.787;0;211.5;1:02:20.787;10:02:20.787;0:31.878;0:33.951;0:32.787;296.7;James ALLEN;;LMP2;;Graff;Oreca;
40;0;29;1:39.295;0;;31.957;0;34.264;0;33.074;0;210.0;1:04:00.082;10:04:00.082;0:31.957;0:34.264;0:33.074;291.9;James ALLEN;;LMP2;;Graff;Oreca;
40;0;30;3:08.253;0;B;47.565;0;1:22.037;0;58.651;0;110.8;1:07:08.335;10:07:08.335;0:47.565;1:22.037;0:58.651;251.7;James ALLEN;;LMP2;;Graff;Oreca;
40;1;31;4:46.993;0;;3:37.470;0;35.372;0;34.151;0;72.7;1:11:55.328;10:11:55.328;3:37.470;0:35.372;0:34.151;198.5;Franck MATELLI;0:03:09.060;LMP2;;Graff;Oreca;
40;1;32;1:40.421;0;;31.757;0;34.165;0;34.499;0;207.7;1:13:35.749;10:13:35.749;0:31.757;0:34.165;0:34.499;305.9;Franck MATELLI;;LMP2;;Graff;Oreca;
40;1;33;1:39.853;0;;31.815;0;34.081;0;33.957;0;208.9;1:15:15.602;10:15:15.602;0:31.815;0:34.081;0:33.957;305.1;Franck MATELLI;;LMP2;;Graff;Oreca;
40;1;34;1:39.301;0;;31.706;0;33.912;0;33.683;0;210.0;1:16:54.903;10:16:54.903;0:31.706;0:33.912;0:33.683;305.1;Franck MATELLI;;LMP2;;Graff;Oreca;
40;1;35;1:39.597;0;;31.800;0;33.782;1;34.015;0;209.4;1:18:34.500;10:18:34.500;0:31.800;0:33.782;0:34.015;306.8;Franck MATELLI;;LMP2;;Graff;Oreca;
40;1;36;1:40.092;0;;31.821;0;34.764;0;33.507;1;208.4;1:20:14.592;10:20:14.592;0:31.821;0:34.764;0:33.507;307.7;Franck MATELLI;;LMP2;;Graff;Oreca;
40;1;37;1:41.036;0;;33.197;0;34.134;0;33.705;0;206.4;1:21:55.628;10:21:55.628;0:33.197;0:34.134;0:33.705;297.5;Franck MATELLI;;LMP2;;Graff;Oreca;
40;1;38;1:40.390;0;;32.250;0;34.173;0;33.967;0;207.7;1:23:36.018;10:23:36.018;0:32.250;0:34.173;0:33.967;300.8;Franck MATELLI;;LMP2;;Graff;Oreca;
40;1;39;1:39.703;0;;31.984;0;34.103;0;33.616;0;209.2;1:25:15.721;10:25:15.721;0:31.984;0:34.103;0:33.616;307.7;Franck MATELLI;;LMP2;;Graff;Oreca;
40;1;40;1:40.091;0;;31.848;0;34.611;0;33.632;0;208.4;1:26:55.812;10:26:55.812;0:31.848;0:34.611;0:33.632;305.1;Franck MATELLI;;LMP2;;Graff;Oreca;
40;1;41;1:42.799;0;;31.620;2;36.890;0;34.289;0;202.9;1:28:38.611;10:28:38.611;0:31.620;0:36.890;0:34.289;306.8;Franck MATELLI;;LMP2;;Graff;Oreca;
40;1;42;1:40.304;0;;31.811;0;34.763;0;33.730;0;207.9;1:30:18.915;10:30:18.915;0:31.811;0:34.763;0:33.730;307.7;Franck MATELLI;;LMP2;;Graff;Oreca;
47;2;1;13:32.950;0;;12:19.362;0;37.698;0;35.890;0;25.7;13:32.950;09:13:32.950;12:19.362;0:37.698;0:35.890;163.9;Andrea BELICCHI;0:11:39.990;LMP2;;Cetilar Villorba Corse;Dallara;
47;2;2;1:43.136;0;;33.292;0;34.799;0;35.045;0;202.2;15:16.086;09:15:16.086;0:33.292;0:34.799;0:35.045;247.7;Andrea BELICCHI;;LMP2;;Cetilar Villorba Corse;Dallara;
47;2;3;1:40.277;0;;32.450;0;34.367;0;33.460;0;208.0;16:56.363;09:16:56.363;0:32.450;0:34.367;0:33.460;288.0;Andrea BELICCHI;;LMP2;;Cetilar Villorba Corse;Dallara;
47;2;4;1:38.601;0;;31.770;0;33.762;0;33.069;0;211.5;18:34.964;09:18:34.964;0:31.770;0:33.762;0:33.069;301.7;Andrea BELICCHI;;LMP2;;Cetilar Villorba Corse;Dallara;
47;2;5;1:40.086;0;;31.779;0;33.378;0;34.929;0;208.4;20:15.050;09:20:15.050;0:31.779;0:33.378;0:34.929;295.1;Andrea BELICCHI;;LMP2;;Cetilar Villorba Corse;Dallara;
47;2;6;1:37.975;2;;31.699;0;33.364;2;32.912;2;212.9;21:53.025;09:21:53.025;0:31.699;0:33.364;0:32.912;304.2;Andrea BELICCHI;;LMP2;;Cetilar Villorba Corse;Dallara;
47;2;7;1:39.427;0;;31.639;0;33.957;0;33.831;0;209.7;23:32.452;09:23:32.452;0:31.639;0:33.957;0:33.831;300.8;Andrea BELICCHI;;LMP2;;Cetilar Villorba Corse;Dallara;
47;2;8;1:38.001;0;;31.581;1;33.385;0;33.035;0;212.8;25:10.453;09:25:10.453;0:31.581;0:33.385;0:33.035;303.4;Andrea BELICCHI;;LMP2;;Cetilar Villorba Corse;Dallara;
47;2;9;1:49.244;0;B;33.329;0;34.234;0;41.681;0;190.9;26:59.697;09:26:59.697;0:33.329;0:34.234;0:41.681;235.3;Andrea BELICCHI;;LMP2;;Cetilar Villorba Corse;Dallara;
47;1;10;4:29.907;0;;3:11.312;0;35.877;0;42.718;0;77.3;31:29.604;09:31:29.604;3:11.312;0:35.877;0:42.718;172.5;Giorgio SERNAGIOTTO;0:02:40.978;LMP2;;Cetilar Villorba Corse;Dallara;
47;1;11;1:52.739;0;;42.035;0;36.522;0;34.182;0;185.0;33:22.343;09:33:22.343;0:42.035;0:36.522;0:34.182;194.2;Giorgio SERNAGIOTTO;;LMP2;;Cetilar Villorba Corse;Dallara;
47;1;12;1:40.160;0;;32.305;0;34.336;0;33.519;0;208.2;35:02.503;09:35:02.503;0:32.305;0:34.336;0:33.519;287.2;Giorgio SERNAGIOTTO;;LMP2;;Cetilar Villorba Corse;Dallara;
47;1;13;1:39.037;0;;31.567;0;33.943;0;33.527;0;210.6;36:41.540;09:36:41.540;0:31.567;0:33.943;0:33.527;307.7;Giorgio SERNAGIOTTO;;LMP2;;Cetilar Villorba Corse;Dallara;
47;1;14;1:42.462;0;;32.751;0;35.003;0;34.708;0;203.5;38:24.002;09:38:24.002;0:32.751;0:35.003;0:34.708;302.5;Giorgio SERNAGIOTTO;;LMP2;;Cetilar Villorba Corse;Dallara;
47;1;15;1:39.495;0;;31.564;0;34.492;0;33.439;0;209.6;40:03.497;09:40:03.497;0:31.564;0:34.492;0:33.439;303.4;Giorgio SERNAGIOTTO;;LMP2;;Cetilar Villorba Corse;Dallara;
47;1;16;1:39.510;0;;31.672;0;33.682;1;34.156;0;209.6;41:43.007;09:41:43.007;0:31.672;0:33.682;0:34.156;303.4;Giorgio SERNAGIOTTO;;LMP2;;Cetilar Villorba Corse;Dallara;
47;1;17;1:38.535;0;;31.643;0;33.687;0;33.205;1;211.6;43:21.542;09:43:21.542;0:31.643;0:33.687;0:33.205;305.1;Giorgio SERNAGIOTTO;;LMP2;;Cetilar Villorba Corse;Dallara;
47;1;18;1:39.960;0;;32.537;0;33.841;0;33.582;0;208.6;45:01.502;09:45:01.502;0:32.537;0:33.841;0:33.582;299.2;Giorgio SERNAGIOTTO;;LMP2;;Cetilar Villorba Corse;Dallara;
47;1;19;1:41.274;0;;31.578;0;34.287;0;35.409;0;205.9;46:42.776;09:46:42.776;0:31.578;0:34.287;0:35.409;305.9;Giorgio SERNAGIOTTO;;LMP2;;Cetilar Villorba Corse;Dallara;
47;1;20;1:39.121;0;;31.560;2;33.834;0;33.727;0;210.4;48:21.897;09:48:21.897;0:31.560;0:33.834;0:33.727;305.9;Giorgio SERNAGIOTTO;;LMP2;;Cetilar Villorba Corse;Dallara;
47;1;21;2:49.401;0;B;32.330;0;44.177;0;1:32.894;0;123.1;51:11.298;09:51:11.298;0:32.330;0:44.177;1:32.894;309.5;Giorgio SERNAGIOTTO;;LMP2;;Cetilar Villorba Corse;Dallara;
47;1;22;4:46.298;0;;3:36.885;0;35.202;0;34.211;0;72.8;55:57.596;09:55:57.596;3:36.885;0:35.202;0:34.211;188.8;Giorgio SERNAGIOTTO;0:03:07.503;LMP2;;Cetilar Villorba Corse;Dallara;
47;1;23;1:39.964;0;;32.060;0;34.475;0;33.429;0;208.6;57:37.560;09:57:37.560;0:32.060;0:34.475;0:33.429;295.9;Giorgio SERNAGIOTTO;;LMP2;;Cetilar Villorba Corse;Dallara;
47;1;24;1:39.759;0;;32.268;0;34.087;0;33.404;0;209.1;59:17.319;09:59:17.319;0:32.268;0:34.087;0:33.404;302.5;Giorgio SERNAGIOTTO;;LMP2;;Cetilar Villorba Corse;Dallara;
47;1;25;1:48.212;0;B;32.460;0;34.239;0;41.513;0;192.7;1:01:05.531;10:01:05.531;0:32.460;0:34.239;0:41.513;304.2;Giorgio SERNAGIOTTO;;LMP2;;Cetilar Villorba Corse;Dallara;
47;0;26;3:54.243;0;;2:24.635;0;35.548;0;54.060;0;89.0;1:04:59.774;10:04:59.774;2:24.635;0:35.548;0:54.060;173.6;Roberto LACORTE;0:01:56.062;LMP2;;Cetilar Villorba Corse;Dallara;
47;0;27;2:41.717;0;;1:26.753;0;40.424;0;34.540;0;129.0;1:07:41.491;10:07:41.491;1:26.753;0:40.424;0:34.540;81.7;Roberto LACORTE;;LMP2;;Cetilar Villorba Corse;Dallara;
47;0;28;1:42.329;0;;32.519;0;35.892;0;33.918;0;203.8;1:09:23.820;10:09:23.820;0:32.519;0:35.892;0:33.918;294.3;Roberto LACORTE;;LMP2;;Cetilar Villorba Corse;Dallara;
47;0;29;1:42.275;0;;32.307;0;35.378;0;34.590;0;203.9;1:11:06.095;10:11:06.095;0:32.307;0:35.378;0:34.590;303.4;Roberto LACORTE;;LMP2;;Cetilar Villorba Corse;Dallara;
47;0;30;1:43.597;0;;32.128;0;36.799;0;34.670;0;201.3;1:12:49.692;10:12:49.692;0:32.128;0:36.799;0:34.670;301.7;Roberto LACORTE;;LMP2;;Cetilar Villorba Corse;Dallara;
47;0;31;1:41.716;0;;32.140;0;35.452;0;34.124;0;205.0;1:14:31.408;10:14:31.408;0:32.140;0:35.452;0:34.124;307.7;Roberto LACORTE;;LMP2;;Cetilar Villorba Corse;Dallara;
47;0;32;1:41.401;0;;32.101;0;34.871;0;34.429;0;205.7;1:16:12.809;10:16:12.809;0:32.101;0:34.871;0:34.429;306.8;Roberto LACORTE;;LMP2;;Cetilar Villorba Corse;Dallara;
47;0;33;1:40.546;0;;32.032;0;34.661;1;33.853;0;207.4;1:17:53.355;10:17:53.355;0:32.032;0:34.661;0:33.853;305.9;Roberto LACORTE;;LMP2;;Cetilar Villorba Corse;Dallara;
47;0;34;1:40.561;0;;31.969;1;34.844;0;33.748;1;207.4;1:19:33.916;10:19:33.916;0:31.969;0:34.844;0:33.748;305.9;Roberto LACORTE;;LMP2;;Cetilar Villorba Corse;Dallara;
47;0;35;1:41.562;0;;32.219;0;34.678;0;34.665;0;205.3;1:21:15.478;10:21:15.478;0:32.219;0:34.678;0:34.665;302.5;Roberto LACORTE;;LMP2;;Cetilar Villorba Corse;Dallara;
47;0;36;1:47.577;0;;33.352;0;39.346;0;34.879;0;193.9;1:23:03.055;10:23:03.055;0:33.352;0:39.346;0:34.879;306.8;Roberto LACORTE;;LMP2;;Cetilar Villorba Corse;Dallara;
47;0;37;1:49.422;0;B;32.150;0;35.789;0;41.483;0;190.6;1:24:52.477;10:24:52.477;0:32.150;0:35.789;0:41.483;305.1;Roberto LACORTE;;LMP2;;Cetilar Villorba Corse;Dallara;
49;1;1;2:16.573;0;;58.892;0;39.144;0;38.537;0;152.7;2:16.573;09:02:16.573;0:58.892;0:39.144;0:38.537;186.5;Anders FJORDBACH;0:00:19.662;LMP2;;High Class Racing;Dallara;
49;1;2;1:46.149;0;;34.189;0;37.049;0;34.911;0;196.5;4:02.722;09:04:02.722;0:34.189;0:37.049;0:34.911;235.8;Anders FJORDBACH;;LMP2;;High Class Racing;Dallara;
49;1;3;1:45.205;0;;34.099;0;34.860;0;36.246;0;198.2;5:47.927;09:05:47.927;0:34.099;0:34.860;0:36.246;295.9;Anders FJORDBACH;;LMP2;;High Class Racing;Dallara;
49;1;4;1:41.770;0;;33.144;0;34.469;0;34.157;0;204.9;7:29.697;09:07:29.697;0:33.144;0:34.469;0:34.157;278.4;Anders FJORDBACH;;LMP2;;High Class Racing;Dallara;
49;1;5;1:46.344;0;;34.368;0;35.776;0;36.200;0;196.1;9:16.041;09:09:16.041;0:34.368;0:35.776;0:36.200;278.4;Anders FJORDBACH;;LMP2;;High Class Racing;Dallara;
49;1;6;1:40.764;0;;32.056;0;34.996;0;33.712;0;207.0;10:56.805;09:10:56.805;0:32.056;0:34.996;0:33.712;293.5;Anders FJORDBACH;;LMP2;;High Class Racing;Dallara;
49;1;7;1:45.400;0;;32.569;0;37.217;0;35.614;0;197.9;12:42.205;09:12:42.205;0:32.569;0:37.217;0:35.614;300.0;Anders FJORDBACH;;LMP2;;High Class Racing;Dallara;
49;1;8;1:41.820;0;;32.115;0;35.693;0;34.012;0;204.8;14:24.025;09:14:24.025;0:32.115;0:35.693;0:34.012;292.7;Anders FJORDBACH;;LMP2;;High Class Racing;Dallara;
49;1;9;1:40.914;0;;32.788;0;34.288;0;33.838;0;206.7;16:04.939;09:16:04.939;0:32.788;0:34.288;0:33.838;281.2;Anders FJORDBACH;;LMP2;;High Class Racing;Dallara;
49;1;10;1:46.906;0;B;31.911;0;34.184;0;40.811;0;195.1;17:51.845;09:17:51.845;0:31.911;0:34.184;0:40.811;302.5;Anders FJORDBACH;;LMP2;;High Class Racing;Dallara;
49;0;11;6:25.167;0;;5:11.671;0;37.828;0;35.668;0;54.1;24:17.012;09:24:17.012;5:11.671;0:37.828;0:35.668;184.0;Dennis ANDERSEN;0:04:38.584;LMP2;;High Class Racing;Dallara;
49;0;12;1:45.007;0;;33.458;0;36.318;0;35.231;0;198.6;26:02.019;09:26:02.019;0:33.458;0:36.318;0:35.231;287.2;Dennis ANDERSEN;;LMP2;;High Class Racing;Dallara;
49;0;13;1:44.826;0;;32.870;0;36.416;0;35.540;0;198.9;27:46.845;09:27:46.845;0:32.870;0:36.416;0:35.540;295.9;Dennis ANDERSEN;;LMP2;;High Class Racing;Dallara;
49;0;14;1:43.717;0;;33.368;0;35.570;0;34.779;0;201.1;29:30.562;09:29:30.562;0:33.368;0:35.570;0:34.779;288.8;Dennis ANDERSEN;;LMP2;;High Class Racing;Dallara;
49;0;15;1:43.718;0;;33.524;0;35.422;0;34.772;0;201.1;31:14.280;09:31:14.280;0:33.524;0:35.422;0:34.772;283.5;Dennis ANDERSEN;;LMP2;;High Class Racing;Dallara;
49;0;16;1:42.515;0;;32.771;0;35.188;0;34.556;0;203.4;32:56.795;09:32:56.795;0:32.771;0:35.188;0:34.556;299.2;Dennis ANDERSEN;;LMP2;;High Class Racing;Dallara;
49;0;17;1:43.297;0;;32.623;0;35.736;0;34.938;0;201.9;34:40.092;09:34:40.092;0:32.623;0:35.736;0:34.938;300.0;Dennis ANDERSEN;;LMP2;;High Class Racing;Dallara;
49;0;18;1:41.591;0;;32.168;0;35.237;0;34.186;1;205.3;36:21.683;09:36:21.683;0:32.168;0:35.237;0:34.186;302.5;Dennis ANDERSEN;;LMP2;;High Class Racing;Dallara;
49;0;19;1:41.759;0;;32.245;0;35.173;0;34.341;0;204.9;38:03.442;09:38:03.442;0:32.245;0:35.173;0:34.341;297.5;Dennis ANDERSEN;;LMP2;;High Class Racing;Dallara;
49;0;20;1:48.733;0;B;32.126;1;34.866;1;41.741;0;191.8;39:52.175;09:39:52.175;0:32.126;0:34.866;0:41.741;303.4;Dennis ANDERSEN;;LMP2;;High Class Racing;Dallara;
49;0;21;14:38.587;0;;12:31.561;0;1:20.312;0;46.714;0;23.7;54:30.762;09:54:30.762;12:31.561;1:20.312;0:46.714;81.6;Dennis ANDERSEN;0:11:25.713;LMP2;;High Class Racing;Dallara;
49;0;22;1:45.209;0;;33.404;0;37.205;0;34.600;0;198.2;56:15.971;09:56:15.971;0:33.404;0:37.205;0:34.600;251.7;Dennis ANDERSEN;;LMP2;;High Class Racing;Dallara;
49;0;23;1:42.742;0;;32.636;0;35.795;0;34.311;0;203.0;57:58.713;09:57:58.713;0:32.636;0:35.795;0:34.311;291.9;Dennis ANDERSEN;;LMP2;;High Class Racing;Dallara;
49;0;24;2:07.057;0;B;33.760;0;41.503;0;51.794;0;164.1;1:00:05.770;10:00:05.770;0:33.760;0:41.503;0:51.794;226.9;Dennis ANDERSEN;;LMP2;;High Class Racing;Dallara;
49;1;25;11:28.878;0;;10:20.945;0;34.602;0;33.331;0;30.3;1:11:34.648;10:11:34.648;10:20.945;0:34.602;0:33.331;210.5;Anders FJORDBACH;0:09:52.765;LMP2;;High Class Racing;Dallara;
49;1;26;1:39.200;2;;31.875;0;33.868;2;33.457;0;210.2;1:13:13.848;10:13:13.848;0:31.875;0:33.868;0:33.457;301.7;Anders FJORDBACH;;LMP2;;High Class Racing;Dallara;
49;1;27;1:39.765;0;;32.391;0;34.032;0;33.342;0;209.0;1:14:53.613;10:14:53.613;0:32.391;0:34.032;0:33.342;295.1;Anders FJORDBACH;;LMP2;;High Class Racing;Dallara;
49;1;28;1:42.508;0;;33.480;0;34.730;0;34.298;0;203.4;1:16:36.121;10:16:36.121;0:33.480;0:34.730;0:34.298;300.0;Anders FJORDBACH;;LMP2;;High Class Racing;Dallara;
49;1;29;1:40.525;0;;32.146;0;34.393;0;33.986;0;207.5;1:18:16.646;10:18:16.646;0:32.146;0:34.393;0:33.986;300.8;Anders FJORDBACH;;LMP2;;High Class Racing;Dallara;
49;1;30;1:43.779;0;;34.125;0;34.761;0;34.893;0;201.0;1:20:00.425;10:20:00.425;0:34.125;0:34.761;0:34.893;225.0;Anders FJORDBACH;;LMP2;;High Class Racing;Dallara;
49;1;31;1:39.757;0;;32.071;0;34.262;0;33.424;0;209.1;1:21:40.182;10:21:40.182;0:32.071;0:34.262;0:33.424;299.2;Anders FJORDBACH;;LMP2;;High Class Racing;Dallara;
49;1;32;1:40.729;0;;31.885;0;35.205;0;33.639;0;207.0;1:23:20.911;10:23:20.911;0:31.885;0:35.205;0:33.639;300.0;Anders FJORDBACH;;LMP2;;High Class Racing;Dallara;
49;1;33;1:39.540;0;;32.099;0;34.243;0;33.198;2;209.5;1:25:00.451;10:25:00.451;0:32.099;0:34.243;0:33.198;300.0;Anders FJORDBACH;;LMP2;;High Class Racing;Dallara;
49;1;34;1:48.121;0;B;31.761;2;34.979;0;41.381;0;192.9;1:26:48.572;10:26:48.572;0:31.761;0:34.979;0:41.381;303.4;Anders FJORDBACH;;LMP2;;High Class Racing;Dallara;
5;1;1;3:35.457;0;;1:58.068;0;49.483;0;47.906;0;96.8;3:35.457;09:03:35.457;1:58.068;0:49.483;0:47.906;143.2;Jürgen KREBS;0:01:09.069;LMP3;;By Speed Factory;Ligier;
5;1;2;2:11.751;0;B;41.543;0;42.057;0;48.151;0;158.3;5:47.208;09:05:47.208;0:41.543;0:42.057;0:48.151;185.2;Jürgen KREBS;;LMP3;;By Speed Factory;Ligier;
5;1;3;2:39.038;0;;1:19.111;0;40.233;0;39.694;0;131.1;8:26.246;09:08:26.246;1:19.111;0:40.233;0:39.694;175.3;Jürgen KREBS;0:00:44.913;LMP3;;By Speed Factory;Ligier;
5;1;4;1:56.329;0;;37.742;0;39.914;0;38.673;0;179.3;10:22.575;09:10:22.575;0:37.742;0:39.914;0:38.673;222.7;Jürgen KREBS;;LMP3;;By Speed Factory;Ligier;
5;1;5;1:55.283;0;;36.392;0;40.227;0;38.664;0;180.9;12:17.858;09:12:17.858;0:36.392;0:40.227;0:38.664;262.8;Jürgen KREBS;;LMP3;;By Speed Factory;Ligier;
5;1;6;1:53.693;0;;37.111;0;38.487;0;38.095;0;183.4;14:11.551;09:14:11.551;0:37.111;0:38.487;0:38.095;259.6;Jürgen KREBS;;LMP3;;By Speed Factory;Ligier;
5;1;7;1:52.961;0;;36.770;0;38.374;0;37.817;0;184.6;16:04.512;09:16:04.512;0:36.770;0:38.374;0:37.817;262.1;Jürgen KREBS;;LMP3;;By Speed Factory;Ligier;
5;1;8;1:53.301;0;;37.358;0;38.230;0;37.713;0;184.1;17:57.813;09:17:57.813;0:37.358;0:38.230;0:37.713;210.9;Jürgen KREBS;;LMP3;;By Speed Factory;Ligier;
5;1;9;1:55.301;0;;36.679;0;39.086;0;39.536;0;180.9;19:53.114;09:19:53.114;0:36.679;0:39.086;0:39.536;257.1;Jürgen KREBS;;LMP3;;By Speed Factory;Ligier;
5;1;10;2:00.313;0;B;36.508;0;38.809;0;44.996;0;173.3;21:53.427;09:21:53.427;0:36.508;0:38.809;0:44.996;236.3;Jürgen KREBS;;LMP3;;By Speed Factory;Ligier;
5;1;11;5:48.796;0;;4:32.798;0;38.339;0;37.659;0;59.8;27:42.223;09:27:42.223;4:32.798;0:38.339;0:37.659;154.7;Jürgen KREBS;0:04:00.215;LMP3;;By Speed Factory;Ligier;
5;1;12;1:51.549;0;;36.173;0;37.605;0;37.771;0;187.0;29:33.772;09:29:33.772;0:36.173;0:37.605;0:37.771;241.6;Jürgen KREBS;;LMP3;;By Speed Factory;Ligier;
5;1;13;1:52.389;0;;36.135;0;37.895;0;38.359;0;185.6;31:26.161;09:31:26.161;0:36.135;0:37.895;0:38.359;261.5;Jürgen KREBS;;LMP3;;By Speed Factory;Ligier;
5;1;14;1:51.702;0;;35.803;0;38.020;0;37.879;0;186.7;33:17.863;09:33:17.863;0:35.803;0:38.020;0:37.879;264.7;Jürgen KREBS;;LMP3;;By Speed Factory;Ligier;
5;1;15;1:52.340;0;;36.124;0;37.939;0;38.277;0;185.6;35:10.203;09:35:10.203;0:36.124;0:37.939;0:38.277;246.0;Jürgen KREBS;;LMP3;;By Speed Factory;Ligier;
5;1;16;1:51.587;0;;35.988;0;37.388;1;38.211;0;186.9;37:01.790;09:37:01.790;0:35.988;0:37.388;0:38.211;261.5;Jürgen KREBS;;LMP3;;By Speed Factory;Ligier;
5;1;17;1:50.697;0;;35.727;0;37.410;0;37.560;1;188.4;38:52.487;09:38:52.487;0:35.727;0:37.410;0:37.560;255.9;Jürgen KREBS;;LMP3;;By Speed Factory;Ligier;
5;1;18;1:58.853;0;B;35.572;1;38.510;0;44.771;0;175.5;40:51.340;09:40:51.340;0:35.572;0:38.510;0:44.771;266.0;Jürgen KREBS;;LMP3;;By Speed Factory;Ligier;
5;0;19;3:24.295;0;;2:06.949;0;38.744;0;38.602;0;102.1;44:15.635;09:44:15.635;2:06.949;0:38.744;0:38.602;207.7;Tim MÜLLER;0:01:36.162;LMP3;;By Speed Factory;Ligier;
5;0;20;1:51.906;0;;35.843;0;37.827;0;38.236;0;186.4;46:07.541;09:46:07.541;0:35.843;0:37.827;0:38.236;263.4;Tim MÜLLER;;LMP3;;By Speed Factory;Ligier;
5;0;21;1:51.164;0;;35.477;0;37.773;0;37.914;0;187.6;47:58.705;09:47:58.705;0:35.477;0:37.773;0:37.914;262.8;Tim MÜLLER;;LMP3;;By Speed Factory;Ligier;
5;0;22;6:16.225;0;B;35.310;1;4:31.030;0;1:09.885;0;55.4;54:14.930;09:54:14.930;0:35.310;4:31.030;1:09.885;263.4;Tim MÜLLER;;LMP3;;By Speed Factory;Ligier;
5;2;23;15:04.688;0;;13:48.057;0;39.405;0;37.226;0;23.1;1:09:19.618;10:09:19.618;13:48.057;0:39.405;0:37.226;167.7;Tristan VIIDAS;0:13:14.924;LMP3;;By Speed Factory;Ligier;
5;2;24;1:51.002;0;;36.146;0;37.793;0;37.063;0;187.9;1:11:10.620;10:11:10.620;0:36.146;0:37.793;0:37.063;260.9;Tristan VIIDAS;;LMP3;;By Speed Factory;Ligier;
5;2;25;1:49.594;0;;35.561;0;37.282;0;36.751;0;190.3;1:13:00.214;10:13:00.214;0:35.561;0:37.282;0:36.751;265.4;Tristan VIIDAS;;LMP3;;By Speed Factory;Ligier;
5;2;26;1:48.898;2;;35.226;2;36.984;2;36.688;2;191.5;1:14:49.112;10:14:49.112;0:35.226;0:36.984;0:36.688;264.7;Tristan VIIDAS;;LMP3;;By Speed Factory;Ligier;
5;2;27;1:49.641;0;;35.252;0;37.329;0;37.060;0;190.2;1:16:38.753;10:16:38.753;0:35.252;0:37.329;0:37.060;266.7;Tristan VIIDAS;;LMP3;;By Speed Factory;Ligier;
5;2;28;1:55.911;0;B;35.289;0;37.299;0;43.323;0;179.9;1:18:34.664;10:18:34.664;0:35.289;0:37.299;0:43.323;268.7;Tristan VIIDAS;;LMP3;;By Speed Factory;Ligier;
5;0;29;3:29.954;0;;2:13.425;0;38.355;0;38.174;0;99.3;1:22:04.618;10:22:04.618;2:13.425;0:38.355;0:38.174;209.3;Tim MÜLLER;0:01:42.481;LMP3;;By Speed Factory;Ligier;
5;0;30;1:54.624;0;;35.722;0;40.100;0;38.802;0;181.9;1:23:59.242;10:23:59.242;0:35.722;0:40.100;0:38.802;252.3;Tim MÜLLER;;LMP3;;By Speed Factory;Ligier;
5;0;31;1:51.165;0;;35.521;0;37.851;0;37.793;1;187.6;1:25:50.407;10:25:50.407;0:35.521;0:37.851;0:37.793;264.7;Tim MÜLLER;;LMP3;;By Speed Factory;Ligier;
5;0;32;1:51.327;0;;35.467;0;37.829;0;38.031;0;187.3;1:27:41.734;10:27:41.734;0:35.467;0:37.829;0:38.031;264.7;Tim MÜLLER;;LMP3;;By Speed Factory;Ligier;
5;0;33;1:51.654;0;;35.358;0;37.755;0;38.541;0;186.8;1:29:33.388;10:29:33.388;0:35.358;0:37.755;0:38.541;264.1;Tim MÜLLER;;LMP3;;By Speed Factory;Ligier;
5;0;34;1:50.823;0;;35.387;0;37.574;1;37.862;0;188.2;1:31:24.211;10:31:24.211;0:35.387;0:37.574;0:37.862;264.1;Tim MÜLLER;;LMP3;;By Speed Factory;Ligier;
50;0;1;6:25.142;0;;4:50.675;0;47.723;0;46.744;0;54.1;6:25.142;09:06:25.142;4:50.675;0:47.723;0:46.744;136.4;Christian PHILIPPON;0:04:02.145;LMGTE;;Larbre Competition;Chevrolet;
50;0;2;2:11.259;0;;41.090;0;45.133;0;45.036;0;158.9;8:36.401;09:08:36.401;0:41.090;0:45.133;0:45.036;205.7;Christian PHILIPPON;;LMGTE;;Larbre Competition;Chevrolet;
50;0;3;2:05.634;0;;39.227;0;42.177;0;44.230;0;166.0;10:42.035;09:10:42.035;0:39.227;0:42.177;0:44.230;200.4;Christian PHILIPPON;;LMGTE;;Larbre Competition;Chevrolet;
50;0;4;2:09.260;0;;41.110;0;43.140;0;45.010;0;161.3;12:51.295;09:12:51.295;0:41.110;0:43.140;0:45.010;181.2;Christian PHILIPPON;;LMGTE;;Larbre Competition;Chevrolet;
50;0;5;2:02.934;0;;38.634;0;41.776;0;42.524;0;169.6;14:54.229;09:14:54.229;0:38.634;0:41.776;0:42.524;193.5;Christian PHILIPPON;;LMGTE;;Larbre Competition;Chevrolet;
50;0;6;2:01.285;0;;38.737;0;41.081;0;41.467;0;171.9;16:55.514;09:16:55.514;0:38.737;0:41.081;0:41.467;200.0;Christian PHILIPPON;;LMGTE;;Larbre Competition;Chevrolet;
50;0;7;2:00.281;0;;37.091;0;40.931;0;42.259;0;173.4;18:55.795;09:18:55.795;0:37.091;0:40.931;0:42.259;217.3;Christian PHILIPPON;;LMGTE;;Larbre Competition;Chevrolet;
50;0;8;1:59.312;0;;37.514;0;40.839;0;40.959;0;174.8;20:55.107;09:20:55.107;0:37.514;0:40.839;0:40.959;194.6;Christian PHILIPPON;;LMGTE;;Larbre Competition;Chevrolet;
50;0;9;1:59.713;0;;38.329;0;40.380;0;41.004;0;174.2;22:54.820;09:22:54.820;0:38.329;0:40.380;0:41.004;206.9;Christian PHILIPPON;;LMGTE;;Larbre Competition;Chevrolet;
50;0;10;1:58.235;0;;37.435;0;40.188;0;40.612;0;176.4;24:53.055;09:24:53.055;0:37.435;0:40.188;0:40.612;187.8;Christian PHILIPPON;;LMGTE;;Larbre Competition;Chevrolet;
50;0;11;1:58.265;0;;37.090;0;39.865;0;41.310;0;176.3;26:51.320;09:26:51.320;0:37.090;0:39.865;0:41.310;207.7;Christian PHILIPPON;;LMGTE;;Larbre Competition;Chevrolet;
50;0;12;1:57.786;0;;37.121;0;40.371;0;40.294;0;177.1;28:49.106;09:28:49.106;0:37.121;0:40.371;0:40.294;203.8;Christian PHILIPPON;;LMGTE;;Larbre Competition;Chevrolet;
50;0;13;2:13.251;0;B;37.588;0;41.859;0;53.804;0;156.5;31:02.357;09:31:02.357;0:37.588;0:41.859;0:53.804;200.4;Christian PHILIPPON;;LMGTE;;Larbre Competition;Chevrolet;
50;2;14;3:58.998;0;;2:41.080;0;38.761;0;39.157;0;87.3;35:01.355;09:35:01.355;2:41.080;0:38.761;0:39.157;183.1;Fernando REES;0:02:09.756;LMGTE;;Larbre Competition;Chevrolet;
50;2;15;1:51.691;0;;35.590;0;37.948;0;38.153;0;186.7;36:53.046;09:36:53.046;0:35.590;0:37.948;0:38.153;255.9;Fernando REES;;LMGTE;;Larbre Competition;Chevrolet;
50;2;16;1:50.488;0;;35.137;0;37.448;0;37.903;0;188.8;38:43.534;09:38:43.534;0:35.137;0:37.448;0:37.903;267.3;Fernando REES;;LMGTE;;Larbre Competition;Chevrolet;
50;2;17;1:59.861;0;B;34.713;2;38.100;0;47.048;0;174.0;40:43.395;09:40:43.395;0:34.713;0:38.100;0:47.048;271.4;Fernando REES;;LMGTE;;Larbre Competition;Chevrolet;
50;2;18;3:58.475;0;;2:39.833;0;39.279;0;39.363;0;87.5;44:41.870;09:44:41.870;2:39.833;0:39.279;0:39.363;212.2;Fernando REES;0:02:09.946;LMGTE;;Larbre Competition;Chevrolet;
50;2;19;1:49.847;0;;34.980;0;37.368;0;37.499;0;189.9;46:31.717;09:46:31.717;0:34.980;0:37.368;0:37.499;268.7;Fernando REES;;LMGTE;;Larbre Competition;Chevrolet;
50;2;20;1:49.164;2;;34.892;0;37.112;2;37.160;2;191.0;48:20.881;09:48:20.881;0:34.892;0:37.112;0:37.160;270.0;Fernando REES;;LMGTE;;Larbre Competition;Chevrolet;
50;2;21;3:01.044;0;B;35.945;0;46.026;0;1:39.073;0;115.2;51:21.925;09:51:21.925;0:35.945;0:46.026;1:39.073;237.4;Fernando REES;;LMGTE;;Larbre Competition;Chevrolet;
50;0;22;5:35.153;0;;4:12.058;0;42.155;0;40.940;0;62.2;56:57.078;09:56:57.078;4:12.058;0:42.155;0:40.940;172.2;Christian PHILIPPON;0:03:35.994;LMGTE;;Larbre Competition;Chevrolet;
50;0;23;2:05.481;0;;44.553;0;40.055;0;40.873;0;166.2;59:02.559;09:59:02.559;0:44.553;0:40.055;0:40.873;216.4;Christian PHILIPPON;;LMGTE;;Larbre Competition;Chevrolet;
50;0;24;1:57.685;0;;36.595;0;39.829;0;41.261;0;177.2;1:01:00.244;10:01:00.244;0:36.595;0:39.829;0:41.261;220.0;Christian PHILIPPON;;LMGTE;;Larbre Competition;Chevrolet;
50;0;25;1:58.132;0;;36.832;0;40.604;0;40.696;0;176.5;1:02:58.376;10:02:58.376;0:36.832;0:40.604;0:40.696;216.9;Christian PHILIPPON;;LMGTE;;Larbre Competition;Chevrolet;
50;0;26;2:26.304;0;;36.753;0;39.862;0;1:09.689;0;142.5;1:05:24.680;10:05:24.680;0:36.753;0:39.862;1:09.689;199.3;Christian PHILIPPON;;LMGTE;;Larbre Competition;Chevrolet;
50;0;27;3:03.538;0;;1:34.107;0;47.281;0;42.150;0;113.6;1:08:28.218;10:08:28.218;1:34.107;0:47.281;0:42.150;67.8;Christian PHILIPPON;;LMGTE;;Larbre Competition;Chevrolet;
50;0;28;1:57.622;0;;36.329;0;40.869;0;40.424;0;177.3;1:10:25.840;10:10:25.840;0:36.329;0:40.869;0:40.424;232.8;Christian PHILIPPON;;LMGTE;;Larbre Competition;Chevrolet;
50;0;29;1:56.381;0;;36.241;0;39.898;0;40.242;0;179.2;1:12:22.221;10:12:22.221;0:36.241;0:39.898;0:40.242;220.9;Christian PHILIPPON;;LMGTE;;Larbre Competition;Chevrolet;
50;0;30;1:56.578;0;;36.176;0;40.209;0;40.193;0;178.9;1:14:18.799;10:14:18.799;0:36.176;0:40.209;0:40.193;222.7;Christian PHILIPPON;;LMGTE;;Larbre Competition;Chevrolet;
50;0;31;1:57.084;0;;36.067;0;40.209;0;40.808;0;178.1;1:16:15.883;10:16:15.883;0:36.067;0:40.209;0:40.808;234.8;Christian PHILIPPON;;LMGTE;;Larbre Competition;Chevrolet;
50;0;32;1:58.170;0;;37.165;0;39.963;0;41.042;0;176.5;1:18:14.053;10:18:14.053;0:37.165;0:39.963;0:41.042;211.8;Christian PHILIPPON;;LMGTE;;Larbre Competition;Chevrolet;
50;0;33;1:57.273;0;;36.857;0;40.372;0;40.044;0;177.8;1:20:11.326;10:20:11.326;0:36.857;0:40.372;0:40.044;229.3;Christian PHILIPPON;;LMGTE;;Larbre Competition;Chevrolet;
50;0;34;1:58.015;0;;37.533;0;40.034;0;40.448;0;176.7;1:22:09.341;10:22:09.341;0:37.533;0:40.034;0:40.448;227.8;Christian PHILIPPON;;LMGTE;;Larbre Competition;Chevrolet;
50;0;35;1:57.210;0;;35.946;1;40.007;0;41.257;0;177.9;1:24:06.551;10:24:06.551;0:35.946;0:40.007;0:41.257;241.6;Christian PHILIPPON;;LMGTE;;Larbre Competition;Chevrolet;
50;0;36;1:55.590;0;;36.436;0;39.303;1;39.851;1;180.4;1:26:02.141;10:26:02.141;0:36.436;0:39.303;0:39.851;239.5;Christian PHILIPPON;;LMGTE;;Larbre Competition;Chevrolet;
50;0;37;2:02.683;0;;39.009;0;41.079;0;42.595;0;170.0;1:28:04.824;10:28:04.824;0:39.009;0:41.079;0:42.595;196.4;Christian PHILIPPON;;LMGTE;;Larbre Competition;Chevrolet;
50;0;38;2:04.901;0;;42.327;0;41.881;0;40.693;0;167.0;1:30:09.725;10:30:09.725;0:42.327;0:41.881;0:40.693;228.8;Christian PHILIPPON;;LMGTE;;Larbre Competition;Chevrolet;
51;1;1;2:34.304;0;;1:07.935;0;44.654;0;41.715;0;135.2;2:34.304;09:02:34.304;1:07.935;0:44.654;0:41.715;131.1;Giorgio RODA Jr;0:00:24.794;LMGTE;;Spirit of Race;Ferrari;
51;1;2;1:59.180;0;;37.825;0;40.573;0;40.782;0;175.0;4:33.484;09:04:33.484;0:37.825;0:40.573;0:40.782;231.8;Giorgio RODA Jr;;LMGTE;;Spirit of Race;Ferrari;
51;1;3;1:56.894;0;;37.061;0;40.113;0;39.720;0;178.4;6:30.378;09:06:30.378;0:37.061;0:40.113;0:39.720;225.9;Giorgio RODA Jr;;LMGTE;;Spirit of Race;Ferrari;
51;1;4;1:57.867;0;;36.807;0;40.796;0;40.264;0;176.9;8:28.245;09:08:28.245;0:36.807;0:40.796;0:40.264;222.7;Giorgio RODA Jr;;LMGTE;;Spirit of Race;Ferrari;
51;1;5;1:57.512;0;;36.627;0;39.795;0;41.090;0;177.5;10:25.757;09:10:25.757;0:36.627;0:39.795;0:41.090;229.3;Giorgio RODA Jr;;LMGTE;;Spirit of Race;Ferrari;
51;1;6;1:53.531;0;;36.281;0;38.414;0;38.836;0;183.7;12:19.288;09:12:19.288;0:36.281;0:38.414;0:38.836;249.4;Giorgio RODA Jr;;LMGTE;;Spirit of Race;Ferrari;
51;1;7;1:53.603;0;;36.208;0;38.646;0;38.749;0;183.6;14:12.891;09:14:12.891;0:36.208;0:38.646;0:38.749;240.0;Giorgio RODA Jr;;LMGTE;;Spirit of Race;Ferrari;
51;1;8;1:55.422;0;;35.969;0;39.768;0;39.685;0;180.7;16:08.313;09:16:08.313;0:35.969;0:39.768;0:39.685;229.8;Giorgio RODA Jr;;LMGTE;;Spirit of Race;Ferrari;
51;1;9;1:52.089;0;;35.888;0;37.920;0;38.281;0;186.1;18:00.402;09:18:00.402;0:35.888;0:37.920;0:38.281;257.1;Giorgio RODA Jr;;LMGTE;;Spirit of Race;Ferrari;
51;1;10;1:59.869;0;B;35.895;0;38.086;0;45.888;0;174.0;20:00.271;09:20:00.271;0:35.895;0:38.086;0:45.888;247.1;Giorgio RODA Jr;;LMGTE;;Spirit of Race;Ferrari;
51;1;11;3:09.667;0;;1:52.415;0;38.913;0;38.339;0;110.0;23:09.938;09:23:09.938;1:52.415;0:38.913;0:38.339;198.2;Giorgio RODA Jr;0:01:21.337;LMGTE;;Spirit of Race;Ferrari;
51;1;12;1:51.367;0;;35.781;0;37.630;0;37.956;0;187.3;25:01.305;09:25:01.305;0:35.781;0:37.630;0:37.956;263.4;Giorgio RODA Jr;;LMGTE;;Spirit of Race;Ferrari;
51;1;13;1:50.727;0;;35.620;0;37.399;1;37.708;1;188.3;26:52.032;09:26:52.032;0:35.620;0:37.399;0:37.708;266.7;Giorgio RODA Jr;;LMGTE;;Spirit of Race;Ferrari;
51;1;14;2:00.359;0;B;36.938;0;38.937;0;44.484;0;173.3;28:52.391;09:28:52.391;0:36.938;0:38.937;0:44.484;208.5;Giorgio RODA Jr;;LMGTE;;Spirit of Race;Ferrari;
51;1;15;3:32.162;0;;2:12.697;0;40.278;0;39.187;0;98.3;32:24.553;09:32:24.553;2:12.697;0:40.278;0:39.187;163.4;Giorgio RODA Jr;0:01:38.192;LMGTE;;Spirit of Race;Ferrari;
51;1;16;1:53.420;0;;35.730;0;39.021;0;38.669;0;183.9;34:17.973;09:34:17.973;0:35.730;0:39.021;0:38.669;257.1;Giorgio RODA Jr;;LMGTE;;Spirit of Race;Ferrari;
51;1;17;1:52.395;0;;35.584;0;38.531;0;38.280;0;185.5;36:10.368;09:36:10.368;0:35.584;0:38.531;0:38.280;259.6;Giorgio RODA Jr;;LMGTE;;Spirit of Race;Ferrari;
51;1;18;1:51.811;0;;35.563;0;38.177;0;38.071;0;186.5;38:02.179;09:38:02.179;0:35.563;0:38.177;0:38.071;260.2;Giorgio RODA Jr;;LMGTE;;Spirit of Race;Ferrari;
51;1;19;1:51.907;0;;35.434;0;37.863;0;38.610;0;186.4;39:54.086;09:39:54.086;0:35.434;0:37.863;0:38.610;266.7;Giorgio RODA Jr;;LMGTE;;Spirit of Race;Ferrari;
51;1;20;1:51.599;0;;35.665;0;38.007;0;37.927;0;186.9;41:45.685;09:41:45.685;0:35.665;0:38.007;0:37.927;259.6;Giorgio RODA Jr;;LMGTE;;Spirit of Race;Ferrari;
51;1;21;1:51.164;0;;35.362;1;38.007;0;37.795;0;187.6;43:36.849;09:43:36.849;0:35.362;0:38.007;0:37.795;266.0;Giorgio RODA Jr;;LMGTE;;Spirit of Race;Ferrari;
51;1;22;1:51.474;0;;35.374;0;37.881;0;38.219;0;187.1;45:28.323;09:45:28.323;0:35.374;0:37.881;0:38.219;266.7;Giorgio RODA Jr;;LMGTE;;Spirit of Race;Ferrari;
51;1;23;1:53.279;0;;35.688;0;39.378;0;38.213;0;184.1;47:21.602;09:47:21.602;0:35.688;0:39.378;0:38.213;266.7;Giorgio RODA Jr;;LMGTE;;Spirit of Race;Ferrari;
51;1;24;1:59.073;0;B;35.750;0;38.266;0;45.057;0;175.1;49:20.675;09:49:20.675;0:35.750;0:38.266;0:45.057;264.7;Giorgio RODA Jr;;LMGTE;;Spirit of Race;Ferrari;
51;2;25;11:20.697;0;;10:01.159;0;40.338;0;39.200;0;30.6;1:00:41.372;10:00:41.372;10:01.159;0:40.338;0:39.200;166.4;Andrea BERTOLINI;0:09:29.094;LMGTE;;Spirit of Race;Ferrari;
51;2;26;1:58.495;0;B;35.690;0;38.616;0;44.189;0;176.0;1:02:39.867;10:02:39.867;0:35.690;0:38.616;0:44.189;251.7;Andrea BERTOLINI;;LMGTE;;Spirit of Race;Ferrari;
51;2;27;8:25.228;0;;7:08.141;0;38.219;0;38.868;0;41.3;1:11:05.095;10:11:05.095;7:08.141;0:38.219;0:38.868;205.3;Andrea BERTOLINI;0:06:37.834;LMGTE;;Spirit of Race;Ferrari;
51;2;28;1:52.757;0;;35.400;0;38.965;0;38.392;0;185.0;1:12:57.852;10:12:57.852;0:35.400;0:38.965;0:38.392;265.4;Andrea BERTOLINI;;LMGTE;;Spirit of Race;Ferrari;
51;2;29;1:50.510;0;;35.229;0;37.430;0;37.851;0;188.7;1:14:48.362;10:14:48.362;0:35.229;0:37.430;0:37.851;267.3;Andrea BERTOLINI;;LMGTE;;Spirit of Race;Ferrari;
51;2;30;1:53.184;0;;35.562;0;39.247;0;38.375;0;184.3;1:16:41.546;10:16:41.546;0:35.562;0:39.247;0:38.375;267.3;Andrea BERTOLINI;;LMGTE;;Spirit of Race;Ferrari;
51;2;31;1:50.560;0;;35.088;0;37.368;2;38.104;0;188.6;1:18:32.106;10:18:32.106;0:35.088;0:37.368;0:38.104;268.0;Andrea BERTOLINI;;LMGTE;;Spirit of Race;Ferrari;
51;2;32;1:50.255;0;;35.096;0;37.571;0;37.588;2;189.2;1:20:22.361;10:20:22.361;0:35.096;0:37.571;0:37.588;267.3;Andrea BERTOLINI;;LMGTE;;Spirit of Race;Ferrari;
51;2;33;1:50.735;0;;35.319;0;37.732;0;37.684;0;188.3;1:22:13.096;10:22:13.096;0:35.319;0:37.732;0:37.684;266.7;Andrea BERTOLINI;;LMGTE;;Spirit of Race;Ferrari;
51;2;34;1:52.724;0;;35.433;0;37.949;0;39.342;0;185.0;1:24:05.820;10:24:05.820;0:35.433;0:37.949;0:39.342;260.9;Andrea BERTOLINI;;LMGTE;;Spirit of Race;Ferrari;
51;2;35;1:50.878;0;;35.228;0;37.541;0;38.109;0;188.1;1:25:56.698;10:25:56.698;0:35.228;0:37.541;0:38.109;270.7;Andrea BERTOLINI;;LMGTE;;Spirit of Race;Ferrari;
51;2;36;1:50.477;0;;35.165;0;37.617;0;37.695;0;188.8;1:27:47.175;10:27:47.175;0:35.165;0:37.617;0:37.695;267.3;Andrea BERTOLINI;;LMGTE;;Spirit of Race;Ferrari;
51;2;37;1:50.169;2;;35.016;2;37.530;0;37.623;0;189.3;1:29:37.344;10:29:37.344;0:35.016;0:37.530;0:37.623;268.0;Andrea BERTOLINI;;LMGTE;;Spirit of Race;Ferrari;
51;2;38;1:58.085;0;B;35.179;0;38.764;0;44.142;0;176.6;1:31:35.429;10:31:35.429;0:35.179;0:38.764;0:44.142;266.7;Andrea BERTOLINI;;LMGTE;;Spirit of Race;Ferrari;
55;2;1;2:51.998;0;;1:20.798;0;45.671;0;45.529;0;121.3;2:51.998;09:02:51.998;1:20.798;0:45.671;0:45.529;140.8;Aaron SCOTT;0:00:34.728;LMGTE;;Spirit of Race;Ferrari;
55;2;2;2:05.341;0;;39.164;0;43.469;0;42.708;0;166.4;4:57.339;09:04:57.339;0:39.164;0:43.469;0:42.708;194.2;Aaron SCOTT;;LMGTE;;Spirit of Race;Ferrari;
55;2;3;2:02.181;0;;38.323;0;42.570;0;41.288;0;170.7;6:59.520;09:06:59.520;0:38.323;0:42.570;0:41.288;194.9;Aaron SCOTT;;LMGTE;;Spirit of Race;Ferrari;
55;2;4;1:57.685;0;;37.595;0;39.388;0;40.702;0;177.2;8:57.205;09:08:57.205;0:37.595;0:39.388;0:40.702;206.9;Aaron SCOTT;;LMGTE;;Spirit of Race;Ferrari;
55;2;5;1:54.834;0;;36.676;0;38.774;0;39.384;0;181.6;10:52.039;09:10:52.039;0:36.676;0:38.774;0:39.384;221.3;Aaron SCOTT;;LMGTE;;Spirit of Race;Ferrari;
55;2;6;1:56.759;0;;36.303;0;39.554;0;40.902;0;178.6;12:48.798;09:12:48.798;0:36.303;0:39.554;0:40.902;234.3;Aaron SCOTT;;LMGTE;;Spirit of Race;Ferrari;
55;2;7;1:52.812;0;;36.110;0;38.223;0;38.479;0;184.9;14:41.610;09:14:41.610;0:36.110;0:38.223;0:38.479;242.2;Aaron SCOTT;;LMGTE;;Spirit of Race;Ferrari;
55;2;8;1:52.220;0;;36.091;0;37.878;0;38.251;0;185.8;16:33.830;09:16:33.830;0:36.091;0:37.878;0:38.251;247.1;Aaron SCOTT;;LMGTE;;Spirit of Race;Ferrari;
55;2;9;1:52.129;0;;35.760;0;38.238;0;38.131;0;186.0;18:25.959;09:18:25.959;0:35.760;0:38.238;0:38.131;257.8;Aaron SCOTT;;LMGTE;;Spirit of Race;Ferrari;
55;2;10;1:51.362;0;;35.620;0;37.745;0;37.997;0;187.3;20:17.321;09:20:17.321;0:35.620;0:37.745;0:37.997;259.6;Aaron SCOTT;;LMGTE;;Spirit of Race;Ferrari;
55;2;11;1:50.961;0;;35.586;0;37.615;0;37.760;1;187.9;22:08.282;09:22:08.282;0:35.586;0:37.615;0:37.760;264.7;Aaron SCOTT;;LMGTE;;Spirit of Race;Ferrari;
55;2;12;2:00.426;0;B;35.818;0;38.244;0;46.364;0;173.2;24:08.708;09:24:08.708;0:35.818;0:38.244;0:46.364;264.7;Aaron SCOTT;;LMGTE;;Spirit of Race;Ferrari;
55;2;13;3:26.055;0;;2:09.076;0;38.566;0;38.413;0;101.2;27:34.763;09:27:34.763;2:09.076;0:38.566;0:38.413;207.3;Aaron SCOTT;0:01:37.966;LMGTE;;Spirit of Race;Ferrari;
55;2;14;1:51.271;0;;35.605;0;37.687;0;37.979;0;187.4;29:26.034;09:29:26.034;0:35.605;0:37.687;0:37.979;264.1;Aaron SCOTT;;LMGTE;;Spirit of Race;Ferrari;
55;2;15;1:52.125;0;;35.493;0;38.404;0;38.228;0;186.0;31:18.159;09:31:18.159;0:35.493;0:38.404;0:38.228;265.4;Aaron SCOTT;;LMGTE;;Spirit of Race;Ferrari;
55;2;16;1:53.626;0;;35.464;0;39.745;0;38.417;0;183.5;33:11.785;09:33:11.785;0:35.464;0:39.745;0:38.417;266.0;Aaron SCOTT;;LMGTE;;Spirit of Race;Ferrari;
55;2;17;1:58.464;0;B;35.436;1;37.610;1;45.418;0;176.0;35:10.249;09:35:10.249;0:35.436;0:37.610;0:45.418;264.7;Aaron SCOTT;;LMGTE;;Spirit of Race;Ferrari;
55;0;18;4:01.869;0;;2:42.686;0;39.615;0;39.568;0;86.2;39:12.118;09:39:12.118;2:42.686;0:39.615;0:39.568;203.8;Duncan CAMERON;0:02:11.155;LMGTE;;Spirit of Race;Ferrari;
55;0;19;1:53.944;0;;36.557;0;38.868;0;38.519;0;183.0;41:06.062;09:41:06.062;0:36.557;0:38.868;0:38.519;245.5;Duncan CAMERON;;LMGTE;;Spirit of Race;Ferrari;
55;0;20;1:53.526;0;;35.663;0;39.441;0;38.422;0;183.7;42:59.588;09:42:59.588;0:35.663;0:39.441;0:38.422;263.4;Duncan CAMERON;;LMGTE;;Spirit of Race;Ferrari;
55;0;21;1:52.373;0;;35.798;0;38.347;0;38.228;1;185.6;44:51.961;09:44:51.961;0:35.798;0:38.347;0:38.228;266.7;Duncan CAMERON;;LMGTE;;Spirit of Race;Ferrari;
55;0;22;2:00.968;0;B;35.824;0;38.776;0;46.368;0;172.4;46:52.929;09:46:52.929;0:35.824;0:38.776;0:46.368;266.0;Duncan CAMERON;;LMGTE;;Spirit of Race;Ferrari;
55;0;23;4:00.593;0;;1:50.929;0;43.010;0;1:26.654;0;86.7;50:53.522;09:50:53.522;1:50.929;0:43.010;1:26.654;206.9;Duncan CAMERON;0:01:19.958;LMGTE;;Spirit of Race;Ferrari;
55;0;24;3:43.875;0;;1:27.069;0;1:21.793;0;55.013;0;93.2;54:37.397;09:54:37.397;1:27.069;1:21.793;0:55.013;80.1;Duncan CAMERON;;LMGTE;;Spirit of Race;Ferrari;
55;0;25;1:56.886;0;;37.130;0;39.957;0;39.799;0;178.4;56:34.283;09:56:34.283;0:37.130;0:39.957;0:39.799;227.4;Duncan CAMERON;;LMGTE;;Spirit of Race;Ferrari;
55;0;26;1:55.573;0;;36.668;0;39.128;0;39.777;0;180.4;58:29.856;09:58:29.856;0:36.668;0:39.128;0:39.777;257.1;Duncan CAMERON;;LMGTE;;Spirit of Race;Ferrari;
55;0;27;1:52.040;0;;35.572;1;38.227;0;38.241;0;186.1;1:00:21.896;10:00:21.896;0:35.572;0:38.227;0:38.241;267.3;Duncan CAMERON;;LMGTE;;Spirit of Race;Ferrari;
55;0;28;1:57.845;0;;35.839;0;40.983;0;41.023;0;177.0;1:02:19.741;10:02:19.741;0:35.839;0:40.983;0:41.023;266.7;Duncan CAMERON;;LMGTE;;Spirit of Race;Ferrari;
55;0;29;1:52.255;0;;35.831;0;38.060;1;38.364;0;185.8;1:04:11.996;10:04:11.996;0:35.831;0:38.060;0:38.364;258.4;Duncan CAMERON;;LMGTE;;Spirit of Race;Ferrari;
55;0;30;3:13.926;0;B;1:06.422;0;1:18.053;0;49.451;0;107.5;1:07:25.922;10:07:25.922;1:06.422;1:18.053;0:49.451;138.6;Duncan CAMERON;;LMGTE;;Spirit of Race;Ferrari;
55;1;31;6:56.332;0;;5:34.644;0;40.669;0;41.019;0;50.1;1:14:22.254;10:14:22.254;5:34.644;0:40.669;0:41.019;125.4;Matt GRIFFIN;0:04:57.932;LMGTE;;Spirit of Race;Ferrari;
55;1;32;1:55.400;0;;36.755;0;39.285;0;39.360;0;180.7;1:16:17.654;10:16:17.654;0:36.755;0:39.285;0:39.360;206.9;Matt GRIFFIN;;LMGTE;;Spirit of Race;Ferrari;
55;1;33;1:56.510;0;;36.273;0;39.612;0;40.625;0;179.0;1:18:14.164;10:18:14.164;0:36.273;0:39.612;0:40.625;235.8;Matt GRIFFIN;;LMGTE;;Spirit of Race;Ferrari;
55;1;34;1:54.983;0;;35.910;0;38.813;0;40.260;0;181.4;1:20:09.147;10:20:09.147;0:35.910;0:38.813;0:40.260;250.0;Matt GRIFFIN;;LMGTE;;Spirit of Race;Ferrari;
55;1;35;1:50.726;0;;35.455;0;37.628;0;37.643;0;188.3;1:21:59.873;10:21:59.873;0:35.455;0:37.628;0:37.643;267.3;Matt GRIFFIN;;LMGTE;;Spirit of Race;Ferrari;
55;1;36;1:50.151;0;;35.240;0;37.580;0;37.331;0;189.3;1:23:50.024;10:23:50.024;0:35.240;0:37.580;0:37.331;268.0;Matt GRIFFIN;;LMGTE;;Spirit of Race;Ferrari;
55;1;37;1:50.031;2;;35.181;0;37.476;0;37.374;0;189.5;1:25:40.055;10:25:40.055;0:35.181;0:37.476;0:37.374;268.0;Matt GRIFFIN;;LMGTE;;Spirit of Race;Ferrari;
55;1;38;1:50.369;0;;35.074;2;37.443;0;37.852;0;189.0;1:27:30.424;10:27:30.424;0:35.074;0:37.443;0:37.852;270.0;Matt GRIFFIN;;LMGTE;;Spirit of Race;Ferrari;
55;1;39;1:50.149;0;;35.290;0;37.615;0;37.244;2;189.3;1:29:20.573;10:29:20.573;0:35.290;0:37.615;0:37.244;267.3;Matt GRIFFIN;;LMGTE;;Spirit of Race;Ferrari;
55;1;40;1:50.102;0;;35.116;0;37.344;2;37.642;0;189.4;1:31:10.675;10:31:10.675;0:35.116;0:37.344;0:37.642;270.0;Matt GRIFFIN;;LMGTE;;Spirit of Race;Ferrari;
6;1;1;2:44.813;0;;1:08.375;0;49.716;0;46.722;0;126.5;2:44.813;09:02:44.813;1:08.375;0:49.716;0:46.722;134.2;Ross KAISER;0:00:23.162;LMP3;;360 Racing;Ligier;
6;1;2;2:15.312;0;;44.338;0;46.800;0;44.174;0;154.1;5:00.125;09:05:00.125;0:44.338;0:46.800;0:44.174;154.3;Ross KAISER;;LMP3;;360 Racing;Ligier;
6;1;3;2:05.363;0;;40.685;0;42.487;0;42.191;0;166.4;7:05.488;09:07:05.488;0:40.685;0:42.487;0:42.191;169.5;Ross KAISER;;LMP3;;360 Racing;Ligier;
6;1;4;2:02.707;0;;39.257;0;41.640;0;41.810;0;170.0;9:08.195;09:09:08.195;0:39.257;0:41.640;0:41.810;187.5;Ross KAISER;;LMP3;;360 Racing;Ligier;
6;1;5;1:59.478;0;;38.320;0;41.047;0;40.111;0;174.5;11:07.673;09:11:07.673;0:38.320;0:41.047;0:40.111;198.5;Ross KAISER;;LMP3;;360 Racing;Ligier;
6;1;6;1:59.785;0;;37.227;0;40.436;0;42.122;0;174.1;13:07.458;09:13:07.458;0:37.227;0:40.436;0:42.122;212.2;Ross KAISER;;LMP3;;360 Racing;Ligier;
6;1;7;2:01.717;0;;39.404;0;41.286;0;41.027;0;171.3;15:09.175;09:15:09.175;0:39.404;0:41.286;0:41.027;176.2;Ross KAISER;;LMP3;;360 Racing;Ligier;
6;1;8;1:53.973;0;;36.192;0;39.938;0;37.843;0;183.0;17:03.148;09:17:03.148;0:36.192;0:39.938;0:37.843;227.4;Ross KAISER;;LMP3;;360 Racing;Ligier;
6;1;9;1:50.456;0;;35.554;0;36.891;0;38.011;0;188.8;18:53.604;09:18:53.604;0:35.554;0:36.891;0:38.011;257.1;Ross KAISER;;LMP3;;360 Racing;Ligier;
6;1;10;1:48.317;0;;35.248;0;36.538;0;36.531;0;192.5;20:41.921;09:20:41.921;0:35.248;0:36.538;0:36.531;265.4;Ross KAISER;;LMP3;;360 Racing;Ligier;
6;1;11;1:47.882;0;;35.097;0;36.416;0;36.369;0;193.3;22:29.803;09:22:29.803;0:35.097;0:36.416;0:36.369;265.4;Ross KAISER;;LMP3;;360 Racing;Ligier;
6;1;12;1:51.022;0;;35.104;0;37.671;0;38.247;0;187.8;24:20.825;09:24:20.825;0:35.104;0:37.671;0:38.247;266.0;Ross KAISER;;LMP3;;360 Racing;Ligier;
6;1;13;1:47.764;0;;35.048;0;36.282;0;36.434;0;193.5;26:08.589;09:26:08.589;0:35.048;0:36.282;0:36.434;266.7;Ross KAISER;;LMP3;;360 Racing;Ligier;
6;1;14;1:47.617;0;;34.908;2;36.219;0;36.490;0;193.8;27:56.206;09:27:56.206;0:34.908;0:36.219;0:36.490;260.9;Ross KAISER;;LMP3;;360 Racing;Ligier;
6;1;15;1:47.335;2;;34.951;0;36.153;2;36.231;2;194.3;29:43.541;09:29:43.541;0:34.951;0:36.153;0:36.231;265.4;Ross KAISER;;LMP3;;360 Racing;Ligier;
6;1;16;1:56.876;0;B;36.007;0;36.620;0;44.249;0;178.4;31:40.417;09:31:40.417;0:36.007;0:36.620;0:44.249;266.0;Ross KAISER;;LMP3;;360 Racing;Ligier;
6;2;17;3:47.795;0;;2:31.238;0;38.963;0;37.594;0;91.6;35:28.212;09:35:28.212;2:31.238;0:38.963;0:37.594;198.2;Anthony WELLS;0:01:58.384;LMP3;;360 Racing;Ligier;
6;2;18;1:51.684;0;;36.194;0;38.002;0;37.488;0;186.7;37:19.896;09:37:19.896;0:36.194;0:38.002;0:37.488;259.6;Anthony WELLS;;LMP3;;360 Racing;Ligier;
6;2;19;1:50.794;0;;36.106;0;37.638;0;37.050;0;188.2;39:10.690;09:39:10.690;0:36.106;0:37.638;0:37.050;264.7;Anthony WELLS;;LMP3;;360 Racing;Ligier;
6;2;20;1:51.071;0;;35.667;0;38.219;0;37.185;0;187.8;41:01.761;09:41:01.761;0:35.667;0:38.219;0:37.185;264.1;Anthony WELLS;;LMP3;;360 Racing;Ligier;
6;2;21;1:50.120;0;;35.712;0;37.460;0;36.948;1;189.4;42:51.881;09:42:51.881;0:35.712;0:37.460;0:36.948;262.8;Anthony WELLS;;LMP3;;360 Racing;Ligier;
6;2;22;1:52.542;0;;35.414;0;37.633;0;39.495;0;185.3;44:44.423;09:44:44.423;0:35.414;0:37.633;0:39.495;264.7;Anthony WELLS;;LMP3;;360 Racing;Ligier;
6;2;23;1:50.349;0;;35.662;0;37.449;0;37.238;0;189.0;46:34.772;09:46:34.772;0:35.662;0:37.449;0:37.238;264.7;Anthony WELLS;;LMP3;;360 Racing;Ligier;
6;2;24;1:49.907;0;;35.290;1;37.313;1;37.304;0;189.7;48:24.679;09:48:24.679;0:35.290;0:37.313;0:37.304;266.0;Anthony WELLS;;LMP3;;360 Racing;Ligier;
6;2;25;3:00.379;0;;35.345;0;54.238;0;1:30.796;0;115.6;51:25.058;09:51:25.058;0:35.345;0:54.238;1:30.796;266.7;Anthony WELLS;;LMP3;;360 Racing;Ligier;
6;2;26;3:28.754;0;B;1:25.984;0;1:16.420;0;46.350;0;99.9;54:53.812;09:54:53.812;1:25.984;1:16.420;0:46.350;81.2;Anthony WELLS;;LMP3;;360 Racing;Ligier;
6;2;27;3:29.558;0;;2:14.153;0;37.986;0;37.419;0;99.5;58:23.370;09:58:23.370;2:14.153;0:37.986;0:37.419;204.5;Anthony WELLS;0:01:43.144;LMP3;;360 Racing;Ligier;
6;2;28;1:50.008;0;;35.448;0;37.517;0;37.043;0;189.6;1:00:13.378;10:00:13.378;0:35.448;0:37.517;0:37.043;263.4;Anthony WELLS;;LMP3;;360 Racing;Ligier;
6;2;29;1:52.044;0;;35.673;0;37.726;0;38.645;0;186.1;1:02:05.422;10:02:05.422;0:35.673;0:37.726;0:38.645;264.1;Anthony WELLS;;LMP3;;360 Racing;Ligier;
6;2;30;1:50.294;0;;35.350;0;37.758;0;37.186;0;189.1;1:03:55.716;10:03:55.716;0:35.350;0:37.758;0:37.186;264.7;Anthony WELLS;;LMP3;;360 Racing;Ligier;
6;2;31;3:06.603;0;B;38.956;0;1:18.563;0;1:09.084;0;111.8;1:07:02.319;10:07:02.319;0:38.956;1:18.563;1:09.084;260.2;Anthony WELLS;;LMP3;;360 Racing;Ligier;
6;0;32;5:00.358;0;;3:42.218;0;39.421;0;38.719;0;69.4;1:12:02.677;10:12:02.677;3:42.218;0:39.421;0:38.719;176.8;Terrence WOODWARD;0:03:10.133;LMP3;;360 Racing;Ligier;
6;0;33;1:51.782;0;;35.674;0;38.150;0;37.958;0;186.6;1:13:54.459;10:13:54.459;0:35.674;0:38.150;0:37.958;260.9;Terrence WOODWARD;;LMP3;;360 Racing;Ligier;
6;0;34;1:51.255;0;;36.174;0;37.597;0;37.484;0;187.5;1:15:45.714;10:15:45.714;0:36.174;0:37.597;0:37.484;263.4;Terrence WOODWARD;;LMP3;;360 Racing;Ligier;
6;0;35;1:50.397;0;;35.829;0;37.248;0;37.320;0;188.9;1:17:36.111;10:17:36.111;0:35.829;0:37.248;0:37.320;252.3;Terrence WOODWARD;;LMP3;;360 Racing;Ligier;
6;0;36;1:50.375;0;;35.472;0;37.357;0;37.546;0;188.9;1:19:26.486;10:19:26.486;0:35.472;0:37.357;0:37.546;262.1;Terrence WOODWARD;;LMP3;;360 Racing;Ligier;
6;0;37;1:50.823;0;;35.720;0;37.948;0;37.155;0;188.2;1:21:17.309;10:21:17.309;0:35.720;0:37.948;0:37.155;262.1;Terrence WOODWARD;;LMP3;;360 Racing;Ligier;
6;0;38;1:51.492;0;;36.423;0;37.486;0;37.583;0;187.1;1:23:08.801;10:23:08.801;0:36.423;0:37.486;0:37.583;264.1;Terrence WOODWARD;;LMP3;;360 Racing;Ligier;
6;0;39;1:50.357;0;;35.577;0;37.643;0;37.137;1;189.0;1:24:59.158;10:24:59.158;0:35.577;0:37.643;0:37.137;262.8;Terrence WOODWARD;;LMP3;;360 Racing;Ligier;
6;0;40;1:50.007;0;;35.353;0;37.298;0;37.356;0;189.6;1:26:49.165;10:26:49.165;0:35.353;0:37.298;0:37.356;264.1;Terrence WOODWARD;;LMP3;;360 Racing;Ligier;
6;0;41;1:49.850;0;;35.322;0;37.364;0;37.164;0;189.8;1:28:39.015;10:28:39.015;0:35.322;0:37.364;0:37.164;265.4;Terrence WOODWARD;;LMP3;;360 Racing;Ligier;
6;0;42;1:49.617;0;;35.219;1;37.219;1;37.179;0;190.3;1:30:28.632;10:30:28.632;0:35.219;0:37.219;0:37.179;264.1;Terrence WOODWARD;;LMP3;;360 Racing;Ligier;
66;1;1;6:53.818;0;;5:32.703;0;40.171;0;40.944;0;50.4;6:53.818;09:06:53.818;5:32.703;0:40.171;0:40.944;200.4;Jody FANNIN;0:04:55.181;LMGTE;;JMW Motorsport;Ferrari;
66;1;2;1:54.697;0;;36.385;0;38.475;0;39.837;0;181.8;8:48.515;09:08:48.515;0:36.385;0:38.475;0:39.837;243.8;Jody FANNIN;;LMGTE;;JMW Motorsport;Ferrari;
66;1;3;1:54.597;0;;37.226;0;38.621;0;38.750;0;182.0;10:43.112;09:10:43.112;0:37.226;0:38.621;0:38.750;242.7;Jody FANNIN;;LMGTE;;JMW Motorsport;Ferrari;
66;1;4;1:54.238;0;;37.489;0;38.169;0;38.580;0;182.6;12:37.350;09:12:37.350;0:37.489;0:38.169;0:38.580;208.1;Jody FANNIN;;LMGTE;;JMW Motorsport;Ferrari;
66;1;5;1:54.639;0;;37.258;0;38.968;0;38.413;0;181.9;14:31.989;09:14:31.989;0:37.258;0:38.968;0:38.413;248.3;Jody FANNIN;;LMGTE;;JMW Motorsport;Ferrari;
66;1;6;1:59.190;0;B;35.619;0;38.141;0;45.430;0;175.0;16:31.179;09:16:31.179;0:35.619;0:38.141;0:45.430;254.7;Jody FANNIN;;LMGTE;;JMW Motorsport;Ferrari;
66;0;7;3:21.907;0;;2:02.478;0;39.728;0;39.701;0;103.3;19:53.086;09:19:53.086;2:02.478;0:39.728;0:39.701;208.5;Robert SMITH;0:01:31.812;LMGTE;;JMW Motorsport;Ferrari;
66;0;8;1:56.688;0;;37.356;0;39.507;0;39.825;0;178.7;21:49.774;09:21:49.774;0:37.356;0:39.507;0:39.825;231.3;Robert SMITH;;LMGTE;;JMW Motorsport;Ferrari;
66;0;9;1:53.112;0;;35.787;0;38.758;0;38.567;0;184.4;23:42.886;09:23:42.886;0:35.787;0:38.758;0:38.567;249.4;Robert SMITH;;LMGTE;;JMW Motorsport;Ferrari;
66;0;10;1:53.697;0;;36.037;0;39.526;0;38.134;0;183.4;25:36.583;09:25:36.583;0:36.037;0:39.526;0:38.134;268.0;Robert SMITH;;LMGTE;;JMW Motorsport;Ferrari;
66;0;11;1:52.054;0;;35.340;0;38.562;0;38.152;0;186.1;27:28.637;09:27:28.637;0:35.340;0:38.562;0:38.152;268.0;Robert SMITH;;LMGTE;;JMW Motorsport;Ferrari;
66;0;12;1:59.542;0;B;35.576;0;38.553;0;45.413;0;174.5;29:28.179;09:29:28.179;0:35.576;0:38.553;0:45.413;266.0;Robert SMITH;;LMGTE;;JMW Motorsport;Ferrari;
66;2;13;3:20.306;0;;2:02.504;0;38.686;0;39.116;0;104.1;32:48.485;09:32:48.485;2:02.504;0:38.686;0:39.116;207.3;Jonathan COCKER;0:01:32.199;LMGTE;;JMW Motorsport;Ferrari;
66;2;14;1:53.643;0;;35.286;0;39.194;0;39.163;0;183.5;34:42.128;09:34:42.128;0:35.286;0:39.194;0:39.163;266.0;Jonathan COCKER;;LMGTE;;JMW Motorsport;Ferrari;
66;2;15;1:53.197;0;;35.454;0;39.193;0;38.550;0;184.2;36:35.325;09:36:35.325;0:35.454;0:39.193;0:38.550;260.9;Jonathan COCKER;;LMGTE;;JMW Motorsport;Ferrari;
66;2;16;1:52.009;0;;35.305;0;38.118;0;38.586;0;186.2;38:27.334;09:38:27.334;0:35.305;0:38.118;0:38.586;266.0;Jonathan COCKER;;LMGTE;;JMW Motorsport;Ferrari;
66;2;17;1:52.158;0;;35.338;0;38.333;0;38.487;0;185.9;40:19.492;09:40:19.492;0:35.338;0:38.333;0:38.487;266.0;Jonathan COCKER;;LMGTE;;JMW Motorsport;Ferrari;
66;2;18;1:59.265;0;B;35.585;0;39.128;0;44.552;0;174.9;42:18.757;09:42:18.757;0:35.585;0:39.128;0:44.552;260.2;Jonathan COCKER;;LMGTE;;JMW Motorsport;Ferrari;
66;2;19;2:45.674;0;;1:28.216;0;38.362;0;39.096;0;125.9;45:04.431;09:45:04.431;1:28.216;0:38.362;0:39.096;182.4;Jonathan COCKER;0:00:57.263;LMGTE;;JMW Motorsport;Ferrari;
66;2;20;1:50.919;0;;35.173;1;37.908;0;37.838;0;188.0;46:55.350;09:46:55.350;0:35.173;0:37.908;0:37.838;267.3;Jonathan COCKER;;LMGTE;;JMW Motorsport;Ferrari;
66;2;21;1:50.250;2;;35.203;0;37.475;2;37.572;2;189.2;48:45.600;09:48:45.600;0:35.203;0:37.475;0:37.572;262.1;Jonathan COCKER;;LMGTE;;JMW Motorsport;Ferrari;
66;2;22;3:27.191;0;B;36.830;0;1:15.948;0;1:34.413;0;100.7;52:12.791;09:52:12.791;0:36.830;1:15.948;1:34.413;266.0;Jonathan COCKER;;LMGTE;;JMW Motorsport;Ferrari;
66;0;23;4:21.712;0;;3:04.123;0;39.091;0;38.498;0;79.7;56:34.503;09:56:34.503;3:04.123;0:39.091;0:38.498;189.8;Robert SMITH;0:02:32.897;LMGTE;;JMW Motorsport;Ferrari;
66;0;24;1:52.743;0;;35.808;0;38.406;0;38.529;0;185.0;58:27.246;09:58:27.246;0:35.808;0:38.406;0:38.529;260.2;Robert SMITH;;LMGTE;;JMW Motorsport;Ferrari;
66;0;25;1:51.774;0;;35.290;1;38.380;0;38.104;1;186.6;1:00:19.020;10:00:19.020;0:35.290;0:38.380;0:38.104;268.7;Robert SMITH;;LMGTE;;JMW Motorsport;Ferrari;
66;0;26;1:52.843;0;;36.102;0;38.527;0;38.214;0;184.8;1:02:11.863;10:02:11.863;0:36.102;0:38.527;0:38.214;263.4;Robert SMITH;;LMGTE;;JMW Motorsport;Ferrari;
66;0;27;1:51.929;0;;35.319;0;38.230;1;38.380;0;186.3;1:04:03.792;10:04:03.792;0:35.319;0:38.230;0:38.380;266.7;Robert SMITH;;LMGTE;;JMW Motorsport;Ferrari;
66;0;28;3:08.585;0;;1:01.529;0;1:25.528;0;41.528;0;110.6;1:07:12.377;10:07:12.377;1:01.529;1:25.528;0:41.528;218.2;Robert SMITH;;LMGTE;;JMW Motorsport;Ferrari;
66;0;29;1:53.894;0;;36.288;0;38.821;0;38.785;0;183.1;1:09:06.271;10:09:06.271;0:36.288;0:38.821;0:38.785;252.9;Robert SMITH;;LMGTE;;JMW Motorsport;Ferrari;
66;0;30;1:52.269;0;;35.449;0;38.460;0;38.360;0;185.8;1:10:58.540;10:10:58.540;0:35.449;0:38.460;0:38.360;269.3;Robert SMITH;;LMGTE;;JMW Motorsport;Ferrari;
66;0;31;1:51.921;0;;35.300;0;38.273;0;38.348;0;186.3;1:12:50.461;10:12:50.461;0:35.300;0:38.273;0:38.348;268.0;Robert SMITH;;LMGTE;;JMW Motorsport;Ferrari;
66;0;32;2:00.079;0;B;35.618;0;38.703;0;45.758;0;173.7;1:14:50.540;10:14:50.540;0:35.618;0:38.703;0:45.758;260.2;Robert SMITH;;LMGTE;;JMW Motorsport;Ferrari;
66;1;33;3:21.263;0;;2:02.670;0;39.981;0;38.612;0;103.6;1:18:11.803;10:18:11.803;2:02.670;0:39.981;0:38.612;193.9;Jody FANNIN;0:01:32.088;LMGTE;;JMW Motorsport;Ferrari;
66;1;34;1:51.108;0;;35.200;0;37.987;0;37.921;0;187.7;1:20:02.911;10:20:02.911;0:35.200;0:37.987;0:37.921;266.7;Jody FANNIN;;LMGTE;;JMW Motorsport;Ferrari;
66;1;35;1:50.888;0;;35.348;0;37.831;0;37.709;0;188.1;1:21:53.799;10:21:53.799;0:35.348;0:37.831;0:37.709;259.0;Jody FANNIN;;LMGTE;;JMW Motorsport;Ferrari;
66;1;36;1:50.742;0;;35.255;0;37.730;0;37.757;0;188.3;1:23:44.541;10:23:44.541;0:35.255;0:37.730;0:37.757;266.0;Jody FANNIN;;LMGTE;;JMW Motorsport;Ferrari;
66;1;37;1:51.661;0;;35.630;0;37.909;0;38.122;0;186.8;1:25:36.202;10:25:36.202;0:35.630;0:37.909;0:38.122;266.7;Jody FANNIN;;LMGTE;;JMW Motorsport;Ferrari;
66;1;38;1:54.161;0;;35.040;2;37.946;0;41.175;0;182.7;1:27:30.363;10:27:30.363;0:35.040;0:37.946;0:41.175;268.7;Jody FANNIN;;LMGTE;;JMW Motorsport;Ferrari;
66;1;39;1:52.010;0;;35.869;0;38.025;0;38.116;0;186.2;1:29:22.373;10:29:22.373;0:35.869;0:38.025;0:38.116;235.8;Jody FANNIN;;LMGTE;;JMW Motorsport;Ferrari;
66;1;40;1:50.337;0;;35.044;0;37.684;1;37.609;1;189.0;1:31:12.710;10:31:12.710;0:35.044;0:37.684;0:37.609;263.4;Jody FANNIN;;LMGTE;;JMW Motorsport;Ferrari;
7;0;1;2:14.728;0;;51.446;0;42.661;0;40.621;0;154.8;2:14.728;09:02:14.728;0:51.446;0:42.661;0:40.621;163.6;Antonin BORGA;0:00:11.868;LMP3;;Duqueine Engineering;Ligier;
7;0;2;1:55.101;0;;38.054;0;38.544;0;38.503;0;181.2;4:09.829;09:04:09.829;0:38.054;0:38.544;0:38.503;207.3;Antonin BORGA;;LMP3;;Duqueine Engineering;Ligier;
7;0;3;1:52.392;0;;36.648;0;37.724;0;38.020;0;185.6;6:02.221;09:06:02.221;0:36.648;0:37.724;0:38.020;223.1;Antonin BORGA;;LMP3;;Duqueine Engineering;Ligier;
7;0;4;1:50.438;0;;35.684;0;37.087;0;37.667;0;188.8;7:52.659;09:07:52.659;0:35.684;0:37.087;0:37.667;263.4;Antonin BORGA;;LMP3;;Duqueine Engineering;Ligier;
7;0;5;1:49.630;0;;35.334;0;36.989;0;37.307;0;190.2;9:42.289;09:09:42.289;0:35.334;0:36.989;0:37.307;266.7;Antonin BORGA;;LMP3;;Duqueine Engineering;Ligier;
7;0;6;1:49.305;0;;35.330;0;36.951;1;37.024;0;190.8;11:31.594;09:11:31.594;0:35.330;0:36.951;0:37.024;267.3;Antonin BORGA;;LMP3;;Duqueine Engineering;Ligier;
7;0;7;1:49.733;0;;35.258;0;37.262;0;37.213;0;190.1;13:21.327;09:13:21.327;0:35.258;0:37.262;0:37.213;268.0;Antonin BORGA;;LMP3;;Duqueine Engineering;Ligier;
7;0;8;1:49.351;0;;35.410;0;36.980;0;36.961;0;190.7;15:10.678;09:15:10.678;0:35.410;0:36.980;0:36.961;264.7;Antonin BORGA;;LMP3;;Duqueine Engineering;Ligier;
7;0;9;1:49.591;0;;35.344;0;37.355;0;36.892;1;190.3;17:00.269;09:17:00.269;0:35.344;0:37.355;0:36.892;267.3;Antonin BORGA;;LMP3;;Duqueine Engineering;Ligier;
7;0;10;1:55.463;0;B;35.028;1;37.257;0;43.178;0;180.6;18:55.732;09:18:55.732;0:35.028;0:37.257;0:43.178;268.7;Antonin BORGA;;LMP3;;Duqueine Engineering;Ligier;
7;2;11;3:53.309;0;;2:36.294;0;38.875;0;38.140;0;89.4;22:49.041;09:22:49.041;2:36.294;0:38.875;0:38.140;207.7;Nicolas SCHATZ;0:02:03.161;LMP3;;Duqueine Engineering;Ligier;
7;2;12;1:49.864;0;;35.310;0;37.473;0;37.081;0;189.8;24:38.905;09:24:38.905;0:35.310;0:37.473;0:37.081;267.3;Nicolas SCHATZ;;LMP3;;Duqueine Engineering;Ligier;
7;2;13;1:50.087;0;;35.403;0;37.446;0;37.238;0;189.4;26:28.992;09:26:28.992;0:35.403;0:37.446;0:37.238;268.0;Nicolas SCHATZ;;LMP3;;Duqueine Engineering;Ligier;
7;2;14;1:49.160;0;;35.365;0;36.929;0;36.866;0;191.0;28:18.152;09:28:18.152;0:35.365;0:36.929;0:36.866;266.0;Nicolas SCHATZ;;LMP3;;Duqueine Engineering;Ligier;
7;2;15;1:49.991;0;;35.048;0;36.760;0;38.183;0;189.6;30:08.143;09:30:08.143;0:35.048;0:36.760;0:38.183;266.7;Nicolas SCHATZ;;LMP3;;Duqueine Engineering;Ligier;
7;2;16;1:48.798;0;;35.125;0;36.624;1;37.049;0;191.7;31:56.941;09:31:56.941;0:35.125;0:36.624;0:37.049;268.0;Nicolas SCHATZ;;LMP3;;Duqueine Engineering;Ligier;
7;2;17;1:49.927;0;;35.469;0;37.760;0;36.698;0;189.7;33:46.868;09:33:46.868;0:35.469;0:37.760;0:36.698;266.0;Nicolas SCHATZ;;LMP3;;Duqueine Engineering;Ligier;
7;2;18;1:48.102;0;;34.781;1;36.877;0;36.444;1;192.9;35:34.970;09:35:34.970;0:34.781;0:36.877;0:36.444;267.3;Nicolas SCHATZ;;LMP3;;Duqueine Engineering;Ligier;
7;2;19;1:48.133;0;;34.883;0;36.644;0;36.606;0;192.9;37:23.103;09:37:23.103;0:34.883;0:36.644;0:36.606;268.0;Nicolas SCHATZ;;LMP3;;Duqueine Engineering;Ligier;
7;2;20;1:50.225;0;;34.923;0;38.186;0;37.116;0;189.2;39:13.328;09:39:13.328;0:34.923;0:38.186;0:37.116;270.7;Nicolas SCHATZ;;LMP3;;Duqueine Engineering;Ligier;
7;2;21;2:01.600;0;B;35.717;0;38.958;0;46.925;0;171.5;41:14.928;09:41:14.928;0:35.717;0:38.958;0:46.925;232.3;Nicolas SCHATZ;;LMP3;;Duqueine Engineering;Ligier;
7;1;22;14:52.070;0;;13:36.222;0;38.100;0;37.748;0;23.4;56:06.998;09:56:06.998;13:36.222;0:38.100;0:37.748;208.9;David DROUX;0:13:05.577;LMP3;;Duqueine Engineering;Ligier;
7;1;23;1:50.699;0;;35.685;0;37.700;0;37.314;0;188.4;57:57.697;09:57:57.697;0:35.685;0:37.700;0:37.314;264.1;David DROUX;;LMP3;;Duqueine Engineering;Ligier;
7;1;24;1:49.363;0;;35.404;0;37.278;0;36.681;0;190.7;59:47.060;09:59:47.060;0:35.404;0:37.278;0:36.681;263.4;David DROUX;;LMP3;;Duqueine Engineering;Ligier;
7;1;25;1:48.829;0;;35.030;0;36.745;0;37.054;0;191.6;1:01:35.889;10:01:35.889;0:35.030;0:36.745;0:37.054;264.7;David DROUX;;LMP3;;Duqueine Engineering;Ligier;
7;1;26;1:48.120;0;;34.974;0;36.587;0;36.559;0;192.9;1:03:24.009;10:03:24.009;0:34.974;0:36.587;0:36.559;266.7;David DROUX;;LMP3;;Duqueine Engineering;Ligier;
7;1;27;2:58.839;0;B;34.977;0;50.290;0;1:33.572;0;116.6;1:06:22.848;10:06:22.848;0:34.977;0:50.290;1:33.572;266.7;David DROUX;;LMP3;;Duqueine Engineering;Ligier;
7;1;28;10:15.334;0;;9:00.787;0;37.465;0;37.082;0;33.9;1:16:38.182;10:16:38.182;9:00.787;0:37.465;0:37.082;208.5;David DROUX;0:08:30.401;LMP3;;Duqueine Engineering;Ligier;
7;1;29;1:51.267;0;;35.168;0;38.671;0;37.428;0;187.4;1:18:29.449;10:18:29.449;0:35.168;0:38.671;0:37.428;264.7;David DROUX;;LMP3;;Duqueine Engineering;Ligier;
7;1;30;1:48.940;0;;35.310;0;36.762;0;36.868;0;191.4;1:20:18.389;10:20:18.389;0:35.310;0:36.762;0:36.868;263.4;David DROUX;;LMP3;;Duqueine Engineering;Ligier;
7;1;31;1:58.426;0;B;35.027;0;38.862;0;44.537;0;176.1;1:22:16.815;10:22:16.815;0:35.027;0:38.862;0:44.537;266.7;David DROUX;;LMP3;;Duqueine Engineering;Ligier;
7;1;32;3:30.041;0;;2:05.918;0;43.381;0;40.742;0;99.3;1:25:46.856;10:25:46.856;2:05.918;0:43.381;0:40.742;208.9;David DROUX;0:01:35.527;LMP3;;Duqueine Engineering;Ligier;
7;1;33;1:47.343;2;;34.684;2;36.307;0;36.352;2;194.3;1:27:34.199;10:27:34.199;0:34.684;0:36.307;0:36.352;266.0;David DROUX;;LMP3;;Duqueine Engineering;Ligier;
7;1;34;1:47.427;0;;34.692;0;36.236;2;36.499;0;194.1;1:29:21.626;10:29:21.626;0:34.692;0:36.236;0:36.499;266.0;David DROUX;;LMP3;;Duqueine Engineering;Ligier;
7;1;35;1:55.572;0;B;34.759;0;36.819;0;43.994;0;180.4;1:31:17.198;10:31:17.198;0:34.759;0:36.819;0:43.994;268.7;David DROUX;;LMP3;;Duqueine Engineering;Ligier;
77;0;1;4:15.667;0;;2:49.580;0;42.712;0;43.375;0;81.6;4:15.667;09:04:15.667;2:49.580;0:42.712;0:43.375;200.0;Christian RIED;0:02:11.308;LMGTE;;Proton Competition;Porsche;
77;0;2;2:05.221;0;B;37.801;0;40.536;0;46.884;0;166.5;6:20.888;09:06:20.888;0:37.801;0:40.536;0:46.884;210.1;Christian RIED;;LMGTE;;Proton Competition;Porsche;
77;0;3;2:17.245;0;;57.720;0;39.422;0;40.103;0;152.0;8:38.133;09:08:38.133;0:57.720;0:39.422;0:40.103;196.4;Christian RIED;0:00:25.969;LMGTE;;Proton Competition;Porsche;
77;0;4;1:55.966;0;;37.135;0;39.033;0;39.798;0;179.8;10:34.099;09:10:34.099;0:37.135;0:39.033;0:39.798;243.8;Christian RIED;;LMGTE;;Proton Competition;Porsche;
77;0;5;1:53.950;0;;36.105;0;38.614;0;39.231;0;183.0;12:28.049;09:12:28.049;0:36.105;0:38.614;0:39.231;245.5;Christian RIED;;LMGTE;;Proton Competition;Porsche;
77;0;6;2:00.711;0;B;35.853;0;38.908;0;45.950;0;172.8;14:28.760;09:14:28.760;0:35.853;0:38.908;0:45.950;254.7;Christian RIED;;LMGTE;;Proton Competition;Porsche;
77;0;7;9:34.792;0;;8:12.676;0;39.724;0;42.392;0;36.3;24:03.552;09:24:03.552;8:12.676;0:39.724;0:42.392;201.1;Christian RIED;0:07:41.159;LMGTE;;Proton Competition;Porsche;
77;0;8;1:59.975;0;;40.740;0;39.171;0;40.064;0;173.8;26:03.527;09:26:03.527;0:40.740;0:39.171;0:40.064;264.7;Christian RIED;;LMGTE;;Proton Competition;Porsche;
77;0;9;1:53.993;0;;35.833;0;38.601;0;39.559;0;182.9;27:57.520;09:27:57.520;0:35.833;0:38.601;0:39.559;257.1;Christian RIED;;LMGTE;;Proton Competition;Porsche;
77;0;10;1:52.219;0;;35.782;0;37.969;1;38.468;0;185.8;29:49.739;09:29:49.739;0:35.782;0:37.969;0:38.468;263.4;Christian RIED;;LMGTE;;Proton Competition;Porsche;
77;0;11;1:52.041;0;;35.492;1;38.045;0;38.504;0;186.1;31:41.780;09:31:41.780;0:35.492;0:38.045;0:38.504;264.1;Christian RIED;;LMGTE;;Proton Competition;Porsche;
77;0;12;1:52.229;0;;35.585;0;38.120;0;38.524;0;185.8;33:34.009;09:33:34.009;0:35.585;0:38.120;0:38.524;264.7;Christian RIED;;LMGTE;;Proton Competition;Porsche;
77;0;13;1:52.300;0;;35.683;0;38.308;0;38.309;0;185.7;35:26.309;09:35:26.309;0:35.683;0:38.308;0:38.309;264.1;Christian RIED;;LMGTE;;Proton Competition;Porsche;
77;0;14;1:53.540;0;;36.623;0;38.708;0;38.209;1;183.7;37:19.849;09:37:19.849;0:36.623;0:38.708;0:38.209;259.0;Christian RIED;;LMGTE;;Proton Competition;Porsche;
77;0;15;2:04.555;0;B;36.649;0;40.987;0;46.919;0;167.4;39:24.404;09:39:24.404;0:36.649;0:40.987;0:46.919;262.1;Christian RIED;;LMGTE;;Proton Competition;Porsche;
77;2;16;6:18.774;0;;5:00.946;0;39.574;0;38.254;0;55.1;45:43.178;09:45:43.178;5:00.946;0:39.574;0:38.254;185.9;Matteo CAIROLI;0:04:30.141;LMGTE;;Proton Competition;Porsche;
77;2;17;1:51.342;0;;36.080;0;37.693;0;37.569;2;187.3;47:34.520;09:47:34.520;0:36.080;0:37.693;0:37.569;265.4;Matteo CAIROLI;;LMGTE;;Proton Competition;Porsche;
77;2;18;1:50.655;0;;35.154;0;37.894;0;37.607;0;188.5;49:25.175;09:49:25.175;0:35.154;0:37.894;0:37.607;265.4;Matteo CAIROLI;;LMGTE;;Proton Competition;Porsche;
77;2;19;4:15.885;0;B;1:19.378;0;1:21.931;0;1:34.576;0;81.5;53:41.060;09:53:41.060;1:19.378;1:21.931;1:34.576;79.7;Matteo CAIROLI;;LMGTE;;Proton Competition;Porsche;
77;2;20;5:35.014;0;;4:14.262;0;42.212;0;38.540;0;62.3;59:16.074;09:59:16.074;4:14.262;0:42.212;0:38.540;170.3;Matteo CAIROLI;0:03:41.972;LMGTE;;Proton Competition;Porsche;
77;2;21;1:50.896;0;;35.443;0;37.880;0;37.573;0;188.1;1:01:06.970;10:01:06.970;0:35.443;0:37.880;0:37.573;262.1;Matteo CAIROLI;;LMGTE;;Proton Competition;Porsche;
77;2;22;1:50.407;2;;35.160;0;37.511;0;37.736;0;188.9;1:02:57.377;10:02:57.377;0:35.160;0:37.511;0:37.736;266.0;Matteo CAIROLI;;LMGTE;;Proton Competition;Porsche;
77;2;23;2:17.678;0;B;35.057;2;37.502;2;1:05.119;0;151.5;1:05:15.055;10:05:15.055;0:35.057;0:37.502;1:05.119;266.7;Matteo CAIROLI;;LMGTE;;Proton Competition;Porsche;
77;1;24;5:53.971;0;;4:36.518;0;38.777;0;38.676;0;58.9;1:11:09.026;10:11:09.026;4:36.518;0:38.777;0:38.676;198.5;Joël CAMATHIAS;0:04:05.642;LMGTE;;Proton Competition;Porsche;
77;1;25;1:52.193;0;;35.710;0;38.032;0;38.451;0;185.9;1:13:01.219;10:13:01.219;0:35.710;0:38.032;0:38.451;264.1;Joël CAMATHIAS;;LMGTE;;Proton Competition;Porsche;
77;1;26;1:52.993;0;;35.422;0;38.201;0;39.370;0;184.6;1:14:54.212;10:14:54.212;0:35.422;0:38.201;0:39.370;264.7;Joël CAMATHIAS;;LMGTE;;Proton Competition;Porsche;
77;1;27;1:51.796;0;;35.568;0;38.024;0;38.204;0;186.5;1:16:46.008;10:16:46.008;0:35.568;0:38.024;0:38.204;264.7;Joël CAMATHIAS;;LMGTE;;Proton Competition;Porsche;
77;1;28;1:51.612;0;;35.572;0;37.939;0;38.101;0;186.9;1:18:37.620;10:18:37.620;0:35.572;0:37.939;0:38.101;262.1;Joël CAMATHIAS;;LMGTE;;Proton Competition;Porsche;
77;1;29;1:51.800;0;;35.480;0;38.237;0;38.083;0;186.5;1:20:29.420;10:20:29.420;0:35.480;0:38.237;0:38.083;264.7;Joël CAMATHIAS;;LMGTE;;Proton Competition;Porsche;
77;1;30;1:54.015;0;;37.549;0;38.279;0;38.187;0;182.9;1:22:23.435;10:22:23.435;0:37.549;0:38.279;0:38.187;265.4;Joël CAMATHIAS;;LMGTE;;Proton Competition;Porsche;
77;1;31;1:51.508;0;;35.698;0;37.857;1;37.953;1;187.0;1:24:14.943;10:24:14.943;0:35.698;0:37.857;0:37.953;266.0;Joël CAMATHIAS;;LMGTE;;Proton Competition;Porsche;
77;1;32;1:51.447;0;;35.297;1;38.001;0;38.149;0;187.1;1:26:06.390;10:26:06.390;0:35.297;0:38.001;0:38.149;266.0;Joël CAMATHIAS;;LMGTE;;Proton Competition;Porsche;
77;1;33;1:53.179;0;;35.648;0;38.954;0;38.577;0;184.3;1:27:59.569;10:27:59.569;0:35.648;0:38.954;0:38.577;265.4;Joël CAMATHIAS;;LMGTE;;Proton Competition;Porsche;
77;1;34;1:51.958;0;;35.680;0;38.016;0;38.262;0;186.3;1:29:51.527;10:29:51.527;0:35.680;0:38.016;0:38.262;266.7;Joël CAMATHIAS;;LMGTE;;Proton Competition;Porsche;
77;1;35;1:58.223;0;B;35.390;0;38.152;0;44.681;0;176.4;1:31:49.750;10:31:49.750;0:35.390;0:38.152;0:44.681;262.8;Joël CAMATHIAS;;LMGTE;;Proton Competition;Porsche;
8;2;1;2:37.577;0;;1:11.944;0;44.941;0;40.692;0;132.3;2:37.577;09:02:37.577;1:11.944;0:44.941;0:40.692;152.3;Lucas LÉGERET;0:00:31.295;LMP3;;Duqueine Engineering;Ligier;
8;2;2;1:58.795;0;;39.521;0;39.721;0;39.553;0;175.6;4:36.372;09:04:36.372;0:39.521;0:39.721;0:39.553;219.5;Lucas LÉGERET;;LMP3;;Duqueine Engineering;Ligier;
8;2;3;1:55.502;0;;37.429;0;39.008;0;39.065;0;180.6;6:31.874;09:06:31.874;0:37.429;0:39.008;0:39.065;216.9;Lucas LÉGERET;;LMP3;;Duqueine Engineering;Ligier;
8;2;4;1:54.720;0;;36.857;0;39.302;0;38.561;0;181.8;8:26.594;09:08:26.594;0:36.857;0:39.302;0:38.561;241.6;Lucas LÉGERET;;LMP3;;Duqueine Engineering;Ligier;
8;2;5;1:52.111;0;;36.158;0;37.872;0;38.081;0;186.0;10:18.705;09:10:18.705;0:36.158;0:37.872;0:38.081;232.3;Lucas LÉGERET;;LMP3;;Duqueine Engineering;Ligier;
8;2;6;1:52.584;0;;37.068;0;37.821;0;37.695;0;185.2;12:11.289;09:12:11.289;0:37.068;0:37.821;0:37.695;260.9;Lucas LÉGERET;;LMP3;;Duqueine Engineering;Ligier;
8;2;7;1:50.837;0;;36.197;0;37.252;0;37.388;0;188.2;14:02.126;09:14:02.126;0:36.197;0:37.252;0:37.388;264.1;Lucas LÉGERET;;LMP3;;Duqueine Engineering;Ligier;
8;2;8;1:50.101;0;;35.684;0;37.322;0;37.095;0;189.4;15:52.227;09:15:52.227;0:35.684;0:37.322;0:37.095;264.7;Lucas LÉGERET;;LMP3;;Duqueine Engineering;Ligier;
8;2;9;1:49.360;0;;35.573;0;36.780;0;37.007;0;190.7;17:41.587;09:17:41.587;0:35.573;0:36.780;0:37.007;264.1;Lucas LÉGERET;;LMP3;;Duqueine Engineering;Ligier;
8;2;10;1:50.748;0;;35.284;0;38.357;0;37.107;0;188.3;19:32.335;09:19:32.335;0:35.284;0:38.357;0:37.107;264.7;Lucas LÉGERET;;LMP3;;Duqueine Engineering;Ligier;
8;2;11;1:49.339;0;;35.198;0;36.913;0;37.228;0;190.7;21:21.674;09:21:21.674;0:35.198;0:36.913;0:37.228;266.0;Lucas LÉGERET;;LMP3;;Duqueine Engineering;Ligier;
8;2;12;1:48.360;2;;34.971;1;36.650;2;36.739;0;192.5;23:10.034;09:23:10.034;0:34.971;0:36.650;0:36.739;266.0;Lucas LÉGERET;;LMP3;;Duqueine Engineering;Ligier;
8;2;13;1:48.523;0;;34.997;0;36.797;0;36.729;2;192.2;24:58.557;09:24:58.557;0:34.997;0:36.797;0:36.729;266.7;Lucas LÉGERET;;LMP3;;Duqueine Engineering;Ligier;
8;2;14;1:51.820;0;;35.975;0;36.826;0;39.019;0;186.5;26:50.377;09:26:50.377;0:35.975;0:36.826;0:39.019;266.7;Lucas LÉGERET;;LMP3;;Duqueine Engineering;Ligier;
8;2;15;1:49.133;0;;35.231;0;37.099;0;36.803;0;191.1;28:39.510;09:28:39.510;0:35.231;0:37.099;0:36.803;266.0;Lucas LÉGERET;;LMP3;;Duqueine Engineering;Ligier;
8;2;16;1:48.725;0;;34.983;0;36.867;0;36.875;0;191.8;30:28.235;09:30:28.235;0:34.983;0:36.867;0:36.875;267.3;Lucas LÉGERET;;LMP3;;Duqueine Engineering;Ligier;
8;2;17;1:49.077;0;;35.488;0;36.817;0;36.772;0;191.2;32:17.312;09:32:17.312;0:35.488;0:36.817;0:36.772;267.3;Lucas LÉGERET;;LMP3;;Duqueine Engineering;Ligier;
8;2;18;1:58.708;0;B;35.118;0;39.212;0;44.378;0;175.7;34:16.020;09:34:16.020;0:35.118;0:39.212;0:44.378;266.0;Lucas LÉGERET;;LMP3;;Duqueine Engineering;Ligier;
8;0;19;4:02.153;0;;2:46.170;0;38.372;0;37.611;0;86.1;38:18.173;09:38:18.173;2:46.170;0:38.372;0:37.611;206.9;Vincent BELTOISE;0:02:14.699;LMP3;;Duqueine Engineering;Ligier;
8;0;20;1:49.531;0;;35.278;0;37.046;0;37.207;0;190.4;40:07.704;09:40:07.704;0:35.278;0:37.046;0:37.207;264.1;Vincent BELTOISE;;LMP3;;Duqueine Engineering;Ligier;
8;0;21;1:50.046;0;;35.337;0;37.583;0;37.126;0;189.5;41:57.750;09:41:57.750;0:35.337;0:37.583;0:37.126;264.1;Vincent BELTOISE;;LMP3;;Duqueine Engineering;Ligier;
8;0;22;1:48.963;0;;35.033;0;36.918;0;37.012;0;191.4;43:46.713;09:43:46.713;0:35.033;0:36.918;0:37.012;265.4;Vincent BELTOISE;;LMP3;;Duqueine Engineering;Ligier;
8;0;23;1:49.613;0;;34.975;0;37.529;0;37.109;0;190.3;45:36.326;09:45:36.326;0:34.975;0:37.529;0:37.109;266.0;Vincent BELTOISE;;LMP3;;Duqueine Engineering;Ligier;
8;0;24;1:49.491;0;;35.033;0;37.438;0;37.020;0;190.5;47:25.817;09:47:25.817;0:35.033;0:37.438;0:37.020;264.7;Vincent BELTOISE;;LMP3;;Duqueine Engineering;Ligier;
8;0;25;1:48.911;0;;35.017;0;36.918;0;36.976;0;191.5;49:14.728;09:49:14.728;0:35.017;0:36.918;0:36.976;266.7;Vincent BELTOISE;;LMP3;;Duqueine Engineering;Ligier;
8;0;26;4:16.610;0;;1:08.919;0;1:28.764;0;1:38.927;0;81.3;53:31.338;09:53:31.338;1:08.919;1:28.764;1:38.927;89.3;Vincent BELTOISE;;LMP3;;Duqueine Engineering;Ligier;
8;0;27;2:20.419;0;;58.386;0;38.460;0;43.573;0;148.5;55:51.757;09:55:51.757;0:58.386;0:38.460;0:43.573;137.1;Vincent BELTOISE;;LMP3;;Duqueine Engineering;Ligier;
8;0;28;1:49.833;0;;35.545;0;37.063;0;37.225;0;189.9;57:41.590;09:57:41.590;0:35.545;0:37.063;0:37.225;260.9;Vincent BELTOISE;;LMP3;;Duqueine Engineering;Ligier;
8;0;29;1:48.610;0;;34.821;2;36.996;0;36.793;1;192.0;59:30.200;09:59:30.200;0:34.821;0:36.996;0:36.793;263.4;Vincent BELTOISE;;LMP3;;Duqueine Engineering;Ligier;
8;0;30;1:49.516;0;;35.347;0;36.735;0;37.434;0;190.4;1:01:19.716;10:01:19.716;0:35.347;0:36.735;0:37.434;268.0;Vincent BELTOISE;;LMP3;;Duqueine Engineering;Ligier;
8;0;31;1:50.500;0;;35.124;0;38.344;0;37.032;0;188.7;1:03:10.216;10:03:10.216;0:35.124;0:38.344;0:37.032;265.4;Vincent BELTOISE;;LMP3;;Duqueine Engineering;Ligier;
8;0;32;2:39.235;0;B;34.989;0;36.712;1;1:27.534;0;131.0;1:05:49.451;10:05:49.451;0:34.989;0:36.712;1:27.534;264.7;Vincent BELTOISE;;LMP3;;Duqueine Engineering;Ligier;
8;1;33;3:41.373;0;;2:23.928;0;39.565;0;37.880;0;94.2;1:09:30.824;10:09:30.824;2:23.928;0:39.565;0:37.880;208.9;Henry HASSID;0:01:53.117;LMP3;;Duqueine Engineering;Ligier;
8;1;34;1:50.518;0;;35.501;0;37.711;0;37.306;0;188.7;1:11:21.342;10:11:21.342;0:35.501;0:37.711;0:37.306;264.7;Henry HASSID;;LMP3;;Duqueine Engineering;Ligier;
8;1;35;1:50.549;0;;35.605;0;37.684;0;37.260;0;188.6;1:13:11.891;10:13:11.891;0:35.605;0:37.684;0:37.260;262.1;Henry HASSID;;LMP3;;Duqueine Engineering;Ligier;
8;1;36;1:51.357;0;;36.382;0;37.584;0;37.391;0;187.3;1:15:03.248;10:15:03.248;0:36.382;0:37.584;0:37.391;264.1;Henry HASSID;;LMP3;;Duqueine Engineering;Ligier;
8;1;37;1:50.568;0;;35.694;0;37.740;0;37.134;0;188.6;1:16:53.816;10:16:53.816;0:35.694;0:37.740;0:37.134;264.1;Henry HASSID;;LMP3;;Duqueine Engineering;Ligier;
8;1;38;2:04.872;0;;35.398;0;52.102;0;37.372;0;167.0;1:18:58.688;10:18:58.688;0:35.398;0:52.102;0:37.372;259.6;Henry HASSID;;LMP3;;Duqueine Engineering;Ligier;
8;1;39;1:49.577;0;;35.380;0;37.268;0;36.929;1;190.3;1:20:48.265;10:20:48.265;0:35.380;0:37.268;0:36.929;262.8;Henry HASSID;;LMP3;;Duqueine Engineering;Ligier;
8;1;40;1:50.240;0;;35.393;0;37.293;0;37.554;0;189.2;1:22:38.505;10:22:38.505;0:35.393;0:37.293;0:37.554;264.7;Henry HASSID;;LMP3;;Duqueine Engineering;Ligier;
8;1;41;1:49.772;0;;35.318;0;37.463;0;36.991;0;190.0;1:24:28.277;10:24:28.277;0:35.318;0:37.463;0:36.991;266.0;Henry HASSID;;LMP3;;Duqueine Engineering;Ligier;
8;1;42;1:50.832;0;;35.485;0;37.887;0;37.460;0;188.2;1:26:19.109;10:26:19.109;0:35.485;0:37.887;0:37.460;264.7;Henry HASSID;;LMP3;;Duqueine Engineering;Ligier;
8;1;43;1:49.734;0;;35.376;0;37.134;1;37.224;0;190.0;1:28:08.843;10:28:08.843;0:35.376;0:37.134;0:37.224;266.0;Henry HASSID;;LMP3;;Duqueine Engineering;Ligier;
8;1;44;1:49.646;0;;35.175;0;37.254;0;37.217;0;190.2;1:29:58.489;10:29:58.489;0:35.175;0:37.254;0:37.217;268.0;Henry HASSID;;LMP3;;Duqueine Engineering;Ligier;
8;1;45;1:49.488;0;;34.955;1;37.417;0;37.116;0;190.5;1:31:47.977;10:31:47.977;0:34.955;0:37.417;0:37.116;266.7;Henry HASSID;;LMP3;;Duqueine Engineering;Ligier;
9;1;1;2:59.281;0;;1:32.583;0;43.781;0;42.917;0;116.3;2:59.281;09:02:59.281;1:32.583;0:43.781;0:42.917;161.7;Alexander TALKA JR;0:00:51.446;LMP3;;AT Racing;Ligier;
9;1;2;1:59.663;0;;38.051;0;40.754;0;40.858;0;174.3;4:58.944;09:04:58.944;0:38.051;0:40.754;0:40.858;215.6;Alexander TALKA JR;;LMP3;;AT Racing;Ligier;
9;1;3;1:55.867;0;;37.331;0;39.432;0;39.104;0;180.0;6:54.811;09:06:54.811;0:37.331;0:39.432;0:39.104;217.7;Alexander TALKA JR;;LMP3;;AT Racing;Ligier;
9;1;4;1:53.855;0;;36.557;0;38.091;0;39.207;0;183.2;8:48.666;09:08:48.666;0:36.557;0:38.091;0:39.207;249.4;Alexander TALKA JR;;LMP3;;AT Racing;Ligier;
9;1;5;1:51.600;0;;36.040;0;37.620;0;37.940;0;186.9;10:40.266;09:10:40.266;0:36.040;0:37.620;0:37.940;255.9;Alexander TALKA JR;;LMP3;;AT Racing;Ligier;
9;1;6;1:52.327;0;;36.140;0;38.003;0;38.184;0;185.7;12:32.593;09:12:32.593;0:36.140;0:38.003;0:38.184;247.7;Alexander TALKA JR;;LMP3;;AT Racing;Ligier;
9;1;7;1:51.638;0;;36.377;0;37.741;0;37.520;0;186.8;14:24.231;09:14:24.231;0:36.377;0:37.741;0:37.520;229.3;Alexander TALKA JR;;LMP3;;AT Racing;Ligier;
9;1;8;1:49.677;0;;35.570;0;37.184;0;36.923;0;190.1;16:13.908;09:16:13.908;0:35.570;0:37.184;0:36.923;267.3;Alexander TALKA JR;;LMP3;;AT Racing;Ligier;
9;1;9;1:50.124;0;;35.371;0;37.448;0;37.305;0;189.4;18:04.032;09:18:04.032;0:35.371;0:37.448;0:37.305;271.4;Alexander TALKA JR;;LMP3;;AT Racing;Ligier;
9;1;10;1:49.887;0;;35.703;0;37.038;1;37.146;0;189.8;19:53.919;09:19:53.919;0:35.703;0:37.038;0:37.146;267.3;Alexander TALKA JR;;LMP3;;AT Racing;Ligier;
9;1;11;1:49.847;0;;35.832;0;37.302;0;36.713;1;189.9;21:43.766;09:21:43.766;0:35.832;0:37.302;0:36.713;264.7;Alexander TALKA JR;;LMP3;;AT Racing;Ligier;
9;1;12;1:49.380;0;;34.895;1;37.317;0;37.168;0;190.7;23:33.146;09:23:33.146;0:34.895;0:37.317;0:37.168;271.4;Alexander TALKA JR;;LMP3;;AT Racing;Ligier;
9;1;13;2:03.264;0;B;40.718;0;40.033;0;42.513;0;169.2;25:36.410;09:25:36.410;0:40.718;0:40.033;0:42.513;268.7;Alexander TALKA JR;;LMP3;;AT Racing;Ligier;
9;1;14;4:00.411;0;;2:44.661;0;38.541;0;37.209;0;86.7;29:36.821;09:29:36.821;2:44.661;0:38.541;0:37.209;208.5;Alexander TALKA JR;0:02:13.442;LMP3;;AT Racing;Ligier;
9;1;15;1:51.378;0;;35.352;0;37.513;0;38.513;0;187.2;31:28.199;09:31:28.199;0:35.352;0:37.513;0:38.513;268.7;Alexander TALKA JR;;LMP3;;AT Racing;Ligier;
9;1;16;1:51.321;0;;35.459;0;38.656;0;37.206;0;187.3;33:19.520;09:33:19.520;0:35.459;0:38.656;0:37.206;268.7;Alexander TALKA JR;;LMP3;;AT Racing;Ligier;
9;1;17;1:55.700;0;B;35.191;0;37.792;0;42.717;0;180.2;35:15.220;09:35:15.220;0:35.191;0:37.792;0:42.717;271.4;Alexander TALKA JR;;LMP3;;AT Racing;Ligier;
9;0;18;4:08.962;0;;2:53.682;0;37.758;0;37.522;0;83.8;39:24.182;09:39:24.182;2:53.682;0:37.758;0:37.522;198.5;Alexander TALKANITSA;0:02:21.060;LMP3;;AT Racing;Ligier;
9;0;19;1:52.157;0;;35.176;0;38.870;0;38.111;0;185.9;41:16.339;09:41:16.339;0:35.176;0:38.870;0:38.111;266.7;Alexander TALKANITSA;;LMP3;;AT Racing;Ligier;
9;0;20;1:50.363;0;;35.083;0;37.918;0;37.362;0;189.0;43:06.702;09:43:06.702;0:35.083;0:37.918;0:37.362;270.0;Alexander TALKANITSA;;LMP3;;AT Racing;Ligier;
9;0;21;1:49.197;0;;34.955;1;37.213;1;37.029;1;191.0;44:55.899;09:44:55.899;0:34.955;0:37.213;0:37.029;270.0;Alexander TALKANITSA;;LMP3;;AT Racing;Ligier;
9;0;22;1:50.947;0;;35.764;0;37.962;0;37.221;0;188.0;46:46.846;09:46:46.846;0:35.764;0:37.962;0:37.221;271.4;Alexander TALKANITSA;;LMP3;;AT Racing;Ligier;
9;0;23;1:56.984;0;;35.803;0;42.866;0;38.315;0;178.3;48:43.830;09:48:43.830;0:35.803;0:42.866;0:38.315;253.5;Alexander TALKANITSA;;LMP3;;AT Racing;Ligier;
9;0;24;3:12.879;0;;35.028;0;1:04.469;0;1:33.382;0;108.1;51:56.709;09:51:56.709;0:35.028;1:04.469;1:33.382;270.0;Alexander TALKANITSA;;LMP3;;AT Racing;Ligier;
9;0;25;3:05.928;0;;1:30.294;0;56.115;0;39.519;0;112.2;55:02.637;09:55:02.637;1:30.294;0:56.115;0:39.519;80.4;Alexander TALKANITSA;;LMP3;;AT Racing;Ligier;
9;0;26;1:53.802;0;;35.975;0;38.036;0;39.791;0;183.3;56:56.439;09:56:56.439;0:35.975;0:38.036;0:39.791;248.3;Alexander TALKANITSA;;LMP3;;AT Racing;Ligier;
9;0;27;1:51.046;0;;35.490;0;37.804;0;37.752;0;187.8;58:47.485;09:58:47.485;0:35.490;0:37.804;0:37.752;267.3;Alexander TALKANITSA;;LMP3;;AT Racing;Ligier;
9;0;28;1:52.041;0;;35.007;0;38.266;0;38.768;0;186.1;1:00:39.526;10:00:39.526;0:35.007;0:38.266;0:38.768;268.0;Alexander TALKANITSA;;LMP3;;AT Racing;Ligier;
9;0;29;1:50.204;0;;35.057;0;37.649;0;37.498;0;189.2;1:02:29.730;10:02:29.730;0:35.057;0:37.649;0:37.498;268.7;Alexander TALKANITSA;;LMP3;;AT Racing;Ligier;
9;0;30;1:56.683;0;B;35.235;0;37.422;0;44.026;0;178.7;1:04:26.413;10:04:26.413;0:35.235;0:37.422;0:44.026;268.0;Alexander TALKANITSA;;LMP3;;AT Racing;Ligier;
9;2;31;4:47.743;0;;3:31.483;0;38.172;0;38.088;0;72.5;1:09:14.156;10:09:14.156;3:31.483;0:38.172;0:38.088;181.8;Maurizio MEDIANI;0:02:58.419;LMP3;;AT Racing;Ligier;
9;2;32;1:49.430;0;;34.866;0;37.197;0;37.367;0;190.6;1:11:03.586;10:11:03.586;0:34.866;0:37.197;0:37.367;267.3;Maurizio MEDIANI;;LMP3;;AT Racing;Ligier;
9;2;33;1:52.057;0;;36.189;0;38.081;0;37.787;0;186.1;1:12:55.643;10:12:55.643;0:36.189;0:38.081;0:37.787;269.3;Maurizio MEDIANI;;LMP3;;AT Racing;Ligier;
9;2;34;1:49.205;0;;34.841;0;37.161;0;37.203;0;191.0;1:14:44.848;10:14:44.848;0:34.841;0:37.161;0:37.203;269.3;Maurizio MEDIANI;;LMP3;;AT Racing;Ligier;
9;2;35;1:48.670;0;;34.819;0;36.708;0;37.143;0;191.9;1:16:33.518;10:16:33.518;0:34.819;0:36.708;0:37.143;270.0;Maurizio MEDIANI;;LMP3;;AT Racing;Ligier;
9;2;36;1:58.738;0;B;34.859;0;38.365;0;45.514;0;175.6;1:18:32.256;10:18:32.256;0:34.859;0:38.365;0:45.514;268.7;Maurizio MEDIANI;;LMP3;;AT Racing;Ligier;
9;2;37;3:46.203;0;;2:28.562;0;37.619;0;40.022;0;92.2;1:22:18.459;10:22:18.459;2:28.562;0:37.619;0:40.022;142.3;Maurizio MEDIANI;0:01:55.169;LMP3;;AT Racing;Ligier;
9;2;38;1:47.734;0;;34.555;2;36.540;2;36.639;0;193.6;1:24:06.193;10:24:06.193;0:34.555;0:36.540;0:36.639;271.4;Maurizio MEDIANI;;LMP3;;AT Racing;Ligier;
9;2;39;1:49.334;0;;35.485;0;36.872;0;36.977;0;190.7;1:25:55.527;10:25:55.527;0:35.485;0:36.872;0:36.977;244.3;Maurizio MEDIANI;;LMP3;;AT Racing;Ligier;
9;2;40;1:47.721;2;;34.684;0;36.555;0;36.482;2;193.6;1:27:43.248;10:27:43.248;0:34.684;0:36.555;0:36.482;270.0;Maurizio MEDIANI;;LMP3;;AT Racing;Ligier;
9;2;41;1:55.586;0;B;34.661;0;36.980;0;43.945;0;180.4;1:29:38.834;10:29:38.834;0:34.661;0:36.980;0:43.945;270.7;Maurizio MEDIANI;;LMP3;;AT Racing;Ligier;
90;2;1;2:36.355;0;;1:10.649;0;45.034;0;40.672;0;133.4;2:36.355;09:02:36.355;1:10.649;0:45.034;0:40.672;162.4;Nicki THIIM;0:00:30.532;LMGTE;;TF Sport;Aston Martin;
90;2;2;1:55.851;0;;37.113;0;39.360;0;39.378;0;180.0;4:32.206;09:04:32.206;0:37.113;0:39.360;0:39.378;234.3;Nicki THIIM;;LMGTE;;TF Sport;Aston Martin;
90;2;3;1:54.203;0;;36.831;0;38.842;0;38.530;0;182.6;6:26.409;09:06:26.409;0:36.831;0:38.842;0:38.530;245.5;Nicki THIIM;;LMGTE;;TF Sport;Aston Martin;
90;2;4;2:01.110;0;B;37.235;0;38.735;0;45.140;0;172.2;8:27.519;09:08:27.519;0:37.235;0:38.735;0:45.140;237.4;Nicki THIIM;;LMGTE;;TF Sport;Aston Martin;
90;2;5;7:02.736;0;;5:41.901;0;38.983;0;41.852;0;49.3;15:30.255;09:15:30.255;5:41.901;0:38.983;0:41.852;150.6;Nicki THIIM;0:05:08.522;LMGTE;;TF Sport;Aston Martin;
90;2;6;1:51.622;0;;35.971;0;37.889;0;37.762;0;186.8;17:21.877;09:17:21.877;0:35.971;0:37.889;0:37.762;257.8;Nicki THIIM;;LMGTE;;TF Sport;Aston Martin;
90;2;7;1:50.610;0;;35.494;0;37.665;0;37.451;0;188.5;19:12.487;09:19:12.487;0:35.494;0:37.665;0:37.451;266.0;Nicki THIIM;;LMGTE;;TF Sport;Aston Martin;
90;2;8;1:59.436;0;B;36.428;0;38.620;0;44.388;0;174.6;21:11.923;09:21:11.923;0:36.428;0:38.620;0:44.388;266.0;Nicki THIIM;;LMGTE;;TF Sport;Aston Martin;
90;2;9;3:24.697;0;;2:09.171;0;37.534;0;37.992;0;101.9;24:36.620;09:24:36.620;2:09.171;0:37.534;0:37.992;206.5;Nicki THIIM;0:01:38.438;LMGTE;;TF Sport;Aston Martin;
90;2;10;1:54.224;0;;36.624;0;38.750;0;38.850;0;182.6;26:30.844;09:26:30.844;0:36.624;0:38.750;0:38.850;266.7;Nicki THIIM;;LMGTE;;TF Sport;Aston Martin;
90;2;11;1:49.255;2;;35.335;0;36.988;2;36.932;2;190.9;28:20.099;09:28:20.099;0:35.335;0:36.988;0:36.932;266.7;Nicki THIIM;;LMGTE;;TF Sport;Aston Martin;
90;2;12;2:02.930;0;B;40.028;0;38.311;0;44.591;0;169.6;30:23.029;09:30:23.029;0:40.028;0:38.311;0:44.591;267.3;Nicki THIIM;;LMGTE;;TF Sport;Aston Martin;
90;1;13;3:26.842;0;;2:09.110;0;39.900;0;37.832;0;100.8;33:49.871;09:33:49.871;2:09.110;0:39.900;0:37.832;134.2;Euan HANKEY;0:01:34.984;LMGTE;;TF Sport;Aston Martin;
90;1;14;1:50.401;0;;35.311;0;37.595;0;37.495;0;188.9;35:40.272;09:35:40.272;0:35.311;0:37.595;0:37.495;265.4;Euan HANKEY;;LMGTE;;TF Sport;Aston Martin;
90;1;15;1:50.677;0;;35.352;0;37.852;0;37.473;0;188.4;37:30.949;09:37:30.949;0:35.352;0:37.852;0:37.473;266.0;Euan HANKEY;;LMGTE;;TF Sport;Aston Martin;
90;1;16;1:50.272;0;;35.371;0;37.553;0;37.348;0;189.1;39:21.221;09:39:21.221;0:35.371;0:37.553;0:37.348;266.0;Euan HANKEY;;LMGTE;;TF Sport;Aston Martin;
90;1;17;1:50.087;0;;35.218;0;37.540;1;37.329;1;189.4;41:11.308;09:41:11.308;0:35.218;0:37.540;0:37.329;266.0;Euan HANKEY;;LMGTE;;TF Sport;Aston Martin;
90;1;18;1:51.164;0;;35.060;1;38.087;0;38.017;0;187.6;43:02.472;09:43:02.472;0:35.060;0:38.087;0:38.017;267.3;Euan HANKEY;;LMGTE;;TF Sport;Aston Martin;
90;1;19;1:50.135;0;;35.223;0;37.581;0;37.331;0;189.4;44:52.607;09:44:52.607;0:35.223;0:37.581;0:37.331;267.3;Euan HANKEY;;LMGTE;;TF Sport;Aston Martin;
90;1;20;1:51.905;0;;35.315;0;38.058;0;38.532;0;186.4;46:44.512;09:46:44.512;0:35.315;0:38.058;0:38.532;266.7;Euan HANKEY;;LMGTE;;TF Sport;Aston Martin;
90;1;21;1:56.422;0;B;35.134;0;37.983;0;43.305;0;179.1;48:40.934;09:48:40.934;0:35.134;0:37.983;0:43.305;266.0;Euan HANKEY;;LMGTE;;TF Sport;Aston Martin;
90;0;22;7:01.307;0;;5:42.019;0;40.321;0;38.967;0;49.5;55:42.241;09:55:42.241;5:42.019;0:40.321;0:38.967;80.0;Salih YOLUC;0:04:52.144;LMGTE;;TF Sport;Aston Martin;
90;0;23;1:53.262;0;;35.996;0;38.636;0;38.630;0;184.1;57:35.503;09:57:35.503;0:35.996;0:38.636;0:38.630;266.0;Salih YOLUC;;LMGTE;;TF Sport;Aston Martin;
90;0;24;1:51.903;0;;35.896;0;37.911;1;38.096;0;186.4;59:27.406;09:59:27.406;0:35.896;0:37.911;0:38.096;266.0;Salih YOLUC;;LMGTE;;TF Sport;Aston Martin;
90;0;25;1:53.219;0;;35.819;0;38.528;0;38.872;0;184.2;1:01:20.625;10:01:20.625;0:35.819;0:38.528;0:38.872;267.3;Salih YOLUC;;LMGTE;;TF Sport;Aston Martin;
90;0;26;1:52.295;0;;36.107;0;38.206;0;37.982;0;185.7;1:03:12.920;10:03:12.920;0:36.107;0:38.206;0:37.982;268.0;Salih YOLUC;;LMGTE;;TF Sport;Aston Martin;
90;0;27;4:58.212;0;B;3:28.460;0;42.837;0;46.915;0;69.9;1:08:11.132;10:08:11.132;3:28.460;0:42.837;0:46.915;268.7;Salih YOLUC;;LMGTE;;TF Sport;Aston Martin;
90;0;28;5:27.364;0;;4:09.010;0;39.772;0;38.582;0;63.7;1:13:38.496;10:13:38.496;4:09.010;0:39.772;0:38.582;201.5;Salih YOLUC;0:03:37.685;LMGTE;;TF Sport;Aston Martin;
90;0;29;1:52.315;0;;35.892;0;38.230;0;38.193;0;185.7;1:15:30.811;10:15:30.811;0:35.892;0:38.230;0:38.193;267.3;Salih YOLUC;;LMGTE;;TF Sport;Aston Martin;
90;0;30;1:52.339;0;;35.960;0;38.288;0;38.091;0;185.6;1:17:23.150;10:17:23.150;0:35.960;0:38.288;0:38.091;266.0;Salih YOLUC;;LMGTE;;TF Sport;Aston Martin;
90;0;31;1:52.445;0;;35.932;0;38.303;0;38.210;0;185.5;1:19:15.595;10:19:15.595;0:35.932;0:38.303;0:38.210;264.1;Salih YOLUC;;LMGTE;;TF Sport;Aston Martin;
90;0;32;1:52.051;0;;35.720;0;38.367;0;37.964;1;186.1;1:21:07.646;10:21:07.646;0:35.720;0:38.367;0:37.964;266.7;Salih YOLUC;;LMGTE;;TF Sport;Aston Martin;
90;0;33;1:57.823;0;B;35.659;1;38.109;0;44.055;0;177.0;1:23:05.469;10:23:05.469;0:35.659;0:38.109;0:44.055;267.3;Salih YOLUC;;LMGTE;;TF Sport;Aston Martin;
90;2;34;3:09.175;0;;1:52.458;0;37.818;0;38.899;0;110.2;1:26:14.644;10:26:14.644;1:52.458;0:37.818;0:38.899;206.9;Nicki THIIM;0:01:21.837;LMGTE;;TF Sport;Aston Martin;
90;2;35;1:50.194;0;;35.030;0;37.772;0;37.392;0;189.3;1:28:04.838;10:28:04.838;0:35.030;0:37.772;0:37.392;269.3;Nicki THIIM;;LMGTE;;TF Sport;Aston Martin;
90;2;36;1:49.509;0;;35.058;0;37.198;0;37.253;0;190.4;1:29:54.347;10:29:54.347;0:35.058;0:37.198;0:37.253;270.7;Nicki THIIM;;LMGTE;;TF Sport;Aston Martin;
90;2;37;1:49.741;0;;35.001;2;37.313;0;37.427;0;190.0;1:31:44.088;10:31:44.088;0:35.001;0:37.313;0:37.427;270.0;Nicki THIIM;;LMGTE;;TF Sport;Aston Martin;
99;2;1;3:05.103;0;;1:42.402;0;41.048;0;41.653;0;112.7;3:05.103;09:03:05.103;1:42.402;0:41.048;0:41.653;198.2;Darren TURNER;0:01:04.154;LMGTE;;Beechdean AMR;Aston Martin;
99;2;2;1:56.632;0;;37.329;0;39.437;0;39.866;0;178.8;5:01.735;09:05:01.735;0:37.329;0:39.437;0:39.866;230.8;Darren TURNER;;LMGTE;;Beechdean AMR;Aston Martin;
99;2;3;1:53.866;0;;36.283;0;38.982;0;38.601;0;183.2;6:55.601;09:06:55.601;0:36.283;0:38.982;0:38.601;247.1;Darren TURNER;;LMGTE;;Beechdean AMR;Aston Martin;
99;2;4;1:53.558;0;;36.914;0;38.240;0;38.404;0;183.6;8:49.159;09:08:49.159;0:36.914;0:38.240;0:38.404;256.5;Darren TURNER;;LMGTE;;Beechdean AMR;Aston Martin;
99;2;5;1:52.978;0;;36.231;0;38.236;1;38.511;0;184.6;10:42.137;09:10:42.137;0:36.231;0:38.236;0:38.511;242.2;Darren TURNER;;LMGTE;;Beechdean AMR;Aston Martin;
99;2;6;1:52.212;0;;36.011;1;38.334;0;37.867;1;185.9;12:34.349;09:12:34.349;0:36.011;0:38.334;0:37.867;239.5;Darren TURNER;;LMGTE;;Beechdean AMR;Aston Martin;
99;2;7;2:03.840;0;B;36.802;0;40.042;0;46.996;0;168.4;14:38.189;09:14:38.189;0:36.802;0:40.042;0:46.996;248.3;Darren TURNER;;LMGTE;;Beechdean AMR;Aston Martin;
99;1;8;4:24.280;0;;3:06.932;0;38.639;0;38.709;0;78.9;19:02.469;09:19:02.469;3:06.932;0:38.639;0:38.709;177.3;Ross GUNN;0:02:34.529;LMGTE;;Beechdean AMR;Aston Martin;
99;1;9;1:52.656;0;;35.772;0;38.104;0;38.780;0;185.1;20:55.125;09:20:55.125;0:35.772;0:38.104;0:38.780;255.3;Ross GUNN;;LMGTE;;Beechdean AMR;Aston Martin;
99;1;10;1:54.861;0;;37.416;0;39.280;0;38.165;0;181.6;22:49.986;09:22:49.986;0:37.416;0:39.280;0:38.165;254.7;Ross GUNN;;LMGTE;;Beechdean AMR;Aston Martin;
99;1;11;1:51.776;0;;35.552;0;38.204;0;38.020;0;186.6;24:41.762;09:24:41.762;0:35.552;0:38.204;0:38.020;259.0;Ross GUNN;;LMGTE;;Beechdean AMR;Aston Martin;
99;1;12;1:52.135;0;;35.542;0;38.558;0;38.035;0;186.0;26:33.897;09:26:33.897;0:35.542;0:38.558;0:38.035;264.1;Ross GUNN;;LMGTE;;Beechdean AMR;Aston Martin;
99;1;13;1:51.124;0;;35.382;0;37.839;0;37.903;0;187.7;28:25.021;09:28:25.021;0:35.382;0:37.839;0:37.903;266.7;Ross GUNN;;LMGTE;;Beechdean AMR;Aston Martin;
99;1;14;1:51.427;0;;35.294;0;37.973;0;38.160;0;187.2;30:16.448;09:30:16.448;0:35.294;0:37.973;0:38.160;267.3;Ross GUNN;;LMGTE;;Beechdean AMR;Aston Martin;
99;1;15;1:58.510;0;B;35.403;0;37.955;0;45.152;0;176.0;32:14.958;09:32:14.958;0:35.403;0:37.955;0:45.152;267.3;Ross GUNN;;LMGTE;;Beechdean AMR;Aston Martin;
99;1;16;4:47.469;0;;3:29.131;0;38.327;0;40.011;0;72.5;37:02.427;09:37:02.427;3:29.131;0:38.327;0:40.011;206.1;Ross GUNN;0:02:57.933;LMGTE;;Beechdean AMR;Aston Martin;
99;1;17;1:52.269;0;;35.684;0;38.458;0;38.127;0;185.8;38:54.696;09:38:54.696;0:35.684;0:38.458;0:38.127;249.4;Ross GUNN;;LMGTE;;Beechdean AMR;Aston Martin;
99;1;18;1:51.309;0;;35.343;0;38.007;0;37.959;0;187.4;40:46.005;09:40:46.005;0:35.343;0:38.007;0:37.959;262.1;Ross GUNN;;LMGTE;;Beechdean AMR;Aston Martin;
99;1;19;1:58.914;0;B;35.910;0;38.510;0;44.494;0;175.4;42:44.919;09:42:44.919;0:35.910;0:38.510;0:44.494;248.8;Ross GUNN;;LMGTE;;Beechdean AMR;Aston Martin;
99;1;20;3:30.101;0;;2:13.809;0;38.299;0;37.993;0;99.3;46:15.020;09:46:15.020;2:13.809;0:38.299;0:37.993;134.8;Ross GUNN;0:01:41.046;LMGTE;;Beechdean AMR;Aston Martin;
99;1;21;1:50.035;2;;35.100;2;37.323;2;37.612;2;189.5;48:05.055;09:48:05.055;0:35.100;0:37.323;0:37.612;268.0;Ross GUNN;;LMGTE;;Beechdean AMR;Aston Martin;
99;1;22;2:39.801;0;B;35.138;0;39.868;0;1:24.795;0;130.5;50:44.856;09:50:44.856;0:35.138;0:39.868;1:24.795;271.4;Ross GUNN;;LMGTE;;Beechdean AMR;Aston Martin;
99;0;23;5:37.705;0;;4:16.514;0;41.164;0;40.027;0;61.8;56:22.561;09:56:22.561;4:16.514;0:41.164;0:40.027;176.5;Andrew HOWARD;0:03:42.900;LMGTE;;Beechdean AMR;Aston Martin;
99;0;24;1:54.254;0;;36.255;0;39.069;0;38.930;0;182.5;58:16.815;09:58:16.815;0:36.255;0:39.069;0:38.930;243.8;Andrew HOWARD;;LMGTE;;Beechdean AMR;Aston Martin;
99;0;25;1:53.176;0;;35.973;0;38.355;0;38.848;0;184.3;1:00:09.991;10:00:09.991;0:35.973;0:38.355;0:38.848;255.3;Andrew HOWARD;;LMGTE;;Beechdean AMR;Aston Martin;
99;0;26;1:53.854;0;;36.182;0;38.544;0;39.128;0;183.2;1:02:03.845;10:02:03.845;0:36.182;0:38.544;0:39.128;247.1;Andrew HOWARD;;LMGTE;;Beechdean AMR;Aston Martin;
99;0;27;1:53.002;0;;35.831;0;38.251;0;38.920;0;184.6;1:03:56.847;10:03:56.847;0:35.831;0:38.251;0:38.920;260.9;Andrew HOWARD;;LMGTE;;Beechdean AMR;Aston Martin;
99;0;28;3:05.427;0;;46.625;0;1:23.905;0;54.897;0;112.5;1:07:02.274;10:07:02.274;0:46.625;1:23.905;0:54.897;210.1;Andrew HOWARD;;LMGTE;;Beechdean AMR;Aston Martin;
99;0;29;1:54.922;0;;37.065;0;38.759;0;39.098;0;181.5;1:08:57.196;10:08:57.196;0:37.065;0:38.759;0:39.098;254.1;Andrew HOWARD;;LMGTE;;Beechdean AMR;Aston Martin;
99;0;30;1:53.181;0;;35.820;0;38.612;0;38.749;0;184.3;1:10:50.377;10:10:50.377;0:35.820;0:38.612;0:38.749;252.9;Andrew HOWARD;;LMGTE;;Beechdean AMR;Aston Martin;
99;0;31;1:53.230;0;;36.027;0;38.583;0;38.620;1;184.2;1:12:43.607;10:12:43.607;0:36.027;0:38.583;0:38.620;259.6;Andrew HOWARD;;LMGTE;;Beechdean AMR;Aston Martin;
99;0;32;1:52.890;0;;35.874;0;38.198;1;38.818;0;184.7;1:14:36.497;10:14:36.497;0:35.874;0:38.198;0:38.818;257.8;Andrew HOWARD;;LMGTE;;Beechdean AMR;Aston Martin;
99;0;33;1:53.235;0;;36.020;0;38.484;0;38.731;0;184.2;1:16:29.732;10:16:29.732;0:36.020;0:38.484;0:38.731;242.2;Andrew HOWARD;;LMGTE;;Beechdean AMR;Aston Martin;
99;0;34;1:53.569;0;;35.840;0;38.988;0;38.741;0;183.6;1:18:23.301;10:18:23.301;0:35.840;0:38.988;0:38.741;261.5;Andrew HOWARD;;LMGTE;;Beechdean AMR;Aston Martin;
99;0;35;1:53.779;0;;35.805;0;38.996;0;38.978;0;183.3;1:20:17.080;10:20:17.080;0:35.805;0:38.996;0:38.978;261.5;Andrew HOWARD;;LMGTE;;Beechdean AMR;Aston Martin;
99;0;36;1:54.658;0;;36.113;0;38.858;0;39.687;0;181.9;1:22:11.738;10:22:11.738;0:36.113;0:38.858;0:39.687;247.7;Andrew HOWARD;;LMGTE;;Beechdean AMR;Aston Martin;
99;0;37;1:53.828;0;;35.628;0;38.600;0;39.600;0;183.2;1:24:05.566;10:24:05.566;0:35.628;0:38.600;0:39.600;262.8;Andrew HOWARD;;LMGTE;;Beechdean AMR;Aston Martin;
99;0;38;1:53.929;0;;36.161;0;38.905;0;38.863;0;183.1;1:25:59.495;10:25:59.495;0:36.161;0:38.905;0:38.863;236.8;Andrew HOWARD;;LMGTE;;Beechdean AMR;Aston Martin;
99;0;39;1:52.877;0;;35.526;1;38.659;0;38.692;0;184.8;1:27:52.372;10:27:52.372;0:35.526;0:38.659;0:38.692;264.7;Andrew HOWARD;;LMGTE;;Beechdean AMR;Aston Martin;
99;0;40;1:53.502;0;;35.766;0;38.815;0;38.921;0;183.7;1:29:45.874;10:29:45.874;0:35.766;0:38.815;0:38.921;256.5;Andrew HOWARD;;LMGTE;;Beechdean AMR;Aston Martin;
99;0;41;1:53.260;0;;35.761;0;38.641;0;38.858;0;184.1;1:31:39.134;10:31:39.134;0:35.761;0:38.641;0:38.858;259.6;Andrew HOWARD;;LMGTE;;Beechdean AMR;Aston Martin;
