NUMBER; DRIVER_NUMBER; LAP_NUMBER; LAP_TIME; LAP_IMPROVEMENT; CROSSING_FINISH_LINE_IN_PIT; S1; S1_IMPROVEMENT; S2; S2_IMPROVEMENT; S3; S3_IMPROVEMENT; KPH; ELAPSED; HOUR;S1_LARGE;S2_LARGE;S3_LARGE;TOP_SPEED;DRIVER_NAME;PIT_TIME;CLASS;GROUP;TEAM;MANUFACTURER;
10;0;1;7:54.843;0;B;1:08.151;0;49.232;0;5:57.460;0;45.6;7:54.843;11:27:54.843;1:08.151;0:49.232;5:57.460;242.8;Jordan Taylor;0:00:25.717;P;;Konica Minolta Cadillac DPi-V.R;Cadillac;
10;0;2;2:22.079;0;;59.056;0;40.775;0;42.248;0;152.5;10:16.922;11:30:16.922;0:59.056;0:40.775;0:42.248;195.5;Jordan Taylor;0:05:34.206;P;;Konica Minolta Cadillac DPi-V.R;Cadillac;
10;0;3;1:52.015;0;;33.203;0;38.235;0;40.577;0;193.4;12:08.937;11:32:08.937;0:33.203;0:38.235;0:40.577;213.2;Jordan Taylor;;P;;Konica Minolta Cadillac DPi-V.R;Cadillac;
10;0;4;1:49.452;0;;32.833;0;37.983;0;38.636;0;198.0;13:58.389;11:33:58.389;0:32.833;0:37.983;0:38.636;274.0;Jordan Taylor;;P;;Konica Minolta Cadillac DPi-V.R;Cadillac;
10;0;5;1:48.415;2;;32.116;0;37.785;0;38.514;2;199.9;15:46.804;11:35:46.804;0:32.116;0:37.785;0:38.514;275.6;Jordan Taylor;;P;;Konica Minolta Cadillac DPi-V.R;Cadillac;
10;0;6;1:48.613;0;;32.114;0;37.979;0;38.520;0;199.5;17:35.417;11:37:35.417;0:32.114;0:37.979;0:38.520;276.8;Jordan Taylor;;P;;Konica Minolta Cadillac DPi-V.R;Cadillac;
10;0;7;17:04.205;0;B;32.243;0;38.667;0;15:53.295;0;21.2;34:39.622;11:54:39.622;0:32.243;0:38.667;15:53.295;276.2;Jordan Taylor;;P;;Konica Minolta Cadillac DPi-V.R;Cadillac;
10;0;8;2:13.661;0;;56.068;0;38.789;0;38.804;0;162.1;36:53.283;11:56:53.283;0:56.068;0:38.789;0:38.804;275.1;Jordan Taylor;0:15:37.347;P;;Konica Minolta Cadillac DPi-V.R;Cadillac;
10;0;9;1:48.465;0;;32.104;0;37.730;2;38.631;0;199.8;38:41.748;11:58:41.748;0:32.104;0:37.730;0:38.631;275.6;Jordan Taylor;;P;;Konica Minolta Cadillac DPi-V.R;Cadillac;
10;0;10;1:48.925;0;;32.016;2;38.313;0;38.596;0;198.9;40:30.673;12:00:30.673;0:32.016;0:38.313;0:38.596;276.2;Jordan Taylor;;P;;Konica Minolta Cadillac DPi-V.R;Cadillac;
10;0;11;4:56.547;0;B;32.134;0;39.896;0;3:44.517;0;73.1;45:27.220;12:05:27.220;0:32.134;0:39.896;3:44.517;254.1;Jordan Taylor;;P;;Konica Minolta Cadillac DPi-V.R;Cadillac;
10;2;12;2:18.061;0;;56.724;0;40.287;0;41.050;0;156.9;47:45.281;12:07:45.281;0:56.724;0:40.287;0:41.050;255.0;Ryan Hunter-Reay;0:03:26.124;P;;Konica Minolta Cadillac DPi-V.R;Cadillac;
10;2;13;1:51.936;0;;33.479;0;38.564;0;39.893;0;193.6;49:37.217;12:09:37.217;0:33.479;0:38.564;0:39.893;274.0;Ryan Hunter-Reay;;P;;Konica Minolta Cadillac DPi-V.R;Cadillac;
10;2;14;1:50.940;0;;32.965;0;38.556;0;39.419;0;195.3;51:28.157;12:11:28.157;0:32.965;0:38.556;0:39.419;276.8;Ryan Hunter-Reay;;P;;Konica Minolta Cadillac DPi-V.R;Cadillac;
10;2;15;1:53.808;0;;33.579;0;40.676;0;39.553;0;190.4;53:21.965;12:13:21.965;0:33.579;0:40.676;0:39.553;276.8;Ryan Hunter-Reay;;P;;Konica Minolta Cadillac DPi-V.R;Cadillac;
10;2;16;1:53.055;0;;33.882;0;39.170;0;40.003;0;191.7;55:15.020;12:15:15.020;0:33.882;0:39.170;0:40.003;279.0;Ryan Hunter-Reay;;P;;Konica Minolta Cadillac DPi-V.R;Cadillac;
10;2;17;1:57.964;0;;34.485;0;42.279;0;41.200;0;183.7;57:12.984;12:17:12.984;0:34.485;0:42.279;0:41.200;275.6;Ryan Hunter-Reay;;P;;Konica Minolta Cadillac DPi-V.R;Cadillac;
10;2;18;1:50.220;0;;32.829;1;38.452;0;38.939;1;196.6;59:03.204;12:19:03.204;0:32.829;0:38.452;0:38.939;276.2;Ryan Hunter-Reay;;P;;Konica Minolta Cadillac DPi-V.R;Cadillac;
10;2;19;1:51.597;0;;32.958;0;38.430;1;40.209;0;194.2;1:00:54.801;12:20:54.801;0:32.958;0:38.430;0:40.209;275.1;Ryan Hunter-Reay;;P;;Konica Minolta Cadillac DPi-V.R;Cadillac;
14;0;1;4:17.631;0;;2:38.754;0;50.737;0;48.140;0;84.1;4:17.631;11:24:17.631;2:38.754;0:50.737;0:48.140;237.3;Dominik Baumann;0:01:54.167;GTD;;3GT Racing;Lexus;
14;0;2;2:16.559;0;B;38.912;0;43.610;0;54.037;0;158.7;6:34.190;11:26:34.190;0:38.912;0:43.610;0:54.037;242.3;Dominik Baumann;;GTD;;3GT Racing;Lexus;
14;0;3;4:47.023;0;;3:20.056;0;43.012;0;43.955;0;75.5;11:21.213;11:31:21.213;3:20.056;0:43.012;0:43.955;251.7;Dominik Baumann;0:02:52.860;GTD;;3GT Racing;Lexus;
14;0;4;2:03.084;0;;36.792;0;41.903;0;44.389;0;176.0;13:24.297;11:33:24.297;0:36.792;0:41.903;0:44.389;254.1;Dominik Baumann;;GTD;;3GT Racing;Lexus;
14;0;5;2:02.281;0;;36.612;0;41.844;0;43.825;0;177.2;15:26.578;11:35:26.578;0:36.612;0:41.844;0:43.825;237.7;Dominik Baumann;;GTD;;3GT Racing;Lexus;
14;0;6;2:02.224;0;;37.182;0;41.926;0;43.116;0;177.3;17:28.802;11:37:28.802;0:37.182;0:41.926;0:43.116;255.5;Dominik Baumann;;GTD;;3GT Racing;Lexus;
14;0;7;2:01.887;0;;36.349;0;42.267;0;43.271;0;177.8;19:30.689;11:39:30.689;0:36.349;0:42.267;0:43.271;256.5;Dominik Baumann;;GTD;;3GT Racing;Lexus;
14;0;8;2:29.394;0;B;40.851;0;45.131;0;1:03.412;0;145.0;22:00.083;11:42:00.083;0:40.851;0:45.131;1:03.412;207.4;Dominik Baumann;;GTD;;3GT Racing;Lexus;
14;0;9;8:26.639;0;;6:58.432;0;42.774;0;45.433;0;42.8;30:26.722;11:50:26.722;6:58.432;0:42.774;0:45.433;221.9;Dominik Baumann;0:06:35.251;GTD;;3GT Racing;Lexus;
14;0;10;2:00.966;2;;36.371;0;41.748;0;42.847;2;179.1;32:27.688;11:52:27.688;0:36.371;0:41.748;0:42.847;256.9;Dominik Baumann;;GTD;;3GT Racing;Lexus;
14;0;11;2:01.538;0;;36.259;0;41.686;2;43.593;0;178.3;34:29.226;11:54:29.226;0:36.259;0:41.686;0:43.593;257.4;Dominik Baumann;;GTD;;3GT Racing;Lexus;
14;0;12;2:03.405;0;;36.956;0;42.596;0;43.853;0;175.6;36:32.631;11:56:32.631;0:36.956;0:42.596;0:43.853;253.1;Dominik Baumann;;GTD;;3GT Racing;Lexus;
14;0;13;2:01.226;0;;36.329;0;41.782;0;43.115;0;178.7;38:33.857;11:58:33.857;0:36.329;0:41.782;0:43.115;255.5;Dominik Baumann;;GTD;;3GT Racing;Lexus;
14;0;14;2:13.970;0;B;36.152;2;42.653;0;55.165;0;161.7;40:47.827;12:00:47.827;0:36.152;0:42.653;0:55.165;255.0;Dominik Baumann;;GTD;;3GT Racing;Lexus;
14;1;15;5:52.257;0;;4:25.770;0;42.604;0;43.883;0;61.5;46:40.084;12:06:40.084;4:25.770;0:42.604;0:43.883;256.0;Kyle Marcelli;0:03:58.032;GTD;;3GT Racing;Lexus;
14;1;16;2:02.495;0;;36.637;0;42.284;0;43.574;0;176.9;48:42.579;12:08:42.579;0:36.637;0:42.284;0:43.574;254.6;Kyle Marcelli;;GTD;;3GT Racing;Lexus;
14;1;17;2:01.839;0;;36.511;0;42.067;0;43.261;0;177.8;50:44.418;12:10:44.418;0:36.511;0:42.067;0:43.261;256.5;Kyle Marcelli;;GTD;;3GT Racing;Lexus;
14;1;18;2:01.352;0;;36.187;1;41.955;1;43.210;0;178.6;52:45.770;12:12:45.770;0:36.187;0:41.955;0:43.210;257.4;Kyle Marcelli;;GTD;;3GT Racing;Lexus;
14;1;19;2:12.951;0;B;37.601;0;42.243;0;53.107;0;163.0;54:58.721;12:14:58.721;0:37.601;0:42.243;0:53.107;257.4;Kyle Marcelli;;GTD;;3GT Racing;Lexus;
14;1;20;4:01.495;0;;2:34.658;0;42.666;0;44.171;0;89.7;59:00.216;12:19:00.216;2:34.658;0:42.666;0:44.171;256.0;Kyle Marcelli;0:02:07.841;GTD;;3GT Racing;Lexus;
14;1;21;2:01.763;0;;36.405;0;42.299;0;43.059;1;178.0;1:01:01.979;12:21:01.979;0:36.405;0:42.299;0:43.059;256.9;Kyle Marcelli;;GTD;;3GT Racing;Lexus;
15;0;1;3:33.083;0;B;1:46.622;0;48.588;0;57.873;0;101.7;3:33.083;11:23:33.083;1:46.622;0:48.588;0:57.873;211.2;Jack Hawksworth;0:01:02.580;GTD;;3GT Racing;Lexus;
15;0;2;3:58.993;0;;2:31.187;0;43.547;0;44.259;0;90.7;7:32.076;11:27:32.076;2:31.187;0:43.547;0:44.259;250.3;Jack Hawksworth;0:02:04.559;GTD;;3GT Racing;Lexus;
15;0;3;2:03.695;0;;36.143;0;42.705;0;44.847;0;175.2;9:35.771;11:29:35.771;0:36.143;0:42.705;0:44.847;248.5;Jack Hawksworth;;GTD;;3GT Racing;Lexus;
15;0;4;2:00.868;0;;36.391;0;41.988;0;42.489;2;179.3;11:36.639;11:31:36.639;0:36.391;0:41.988;0:42.489;255.0;Jack Hawksworth;;GTD;;3GT Racing;Lexus;
15;0;5;2:10.575;0;B;35.813;2;41.720;0;53.042;0;165.9;13:47.214;11:33:47.214;0:35.813;0:41.720;0:53.042;241.9;Jack Hawksworth;;GTD;;3GT Racing;Lexus;
15;0;6;6:31.419;0;B;4:54.797;0;42.161;0;54.461;0;55.4;20:18.633;11:40:18.633;4:54.797;0:42.161;0:54.461;213.9;Jack Hawksworth;0:04:28.940;GTD;;3GT Racing;Lexus;
15;0;7;10:22.058;0;;8:57.385;0;41.919;0;42.754;0;34.8;30:40.691;11:50:40.691;8:57.385;0:41.919;0:42.754;253.6;Jack Hawksworth;0:08:31.788;GTD;;3GT Racing;Lexus;
15;0;8;2:00.868;0;;35.868;0;41.944;0;43.056;0;179.3;32:41.559;11:52:41.559;0:35.868;0:41.944;0:43.056;254.1;Jack Hawksworth;;GTD;;3GT Racing;Lexus;
15;0;9;2:00.973;0;;36.132;0;41.691;0;43.150;0;179.1;34:42.532;11:54:42.532;0:36.132;0:41.691;0:43.150;254.1;Jack Hawksworth;;GTD;;3GT Racing;Lexus;
15;0;10;2:00.740;2;;35.918;0;41.683;2;43.139;0;179.5;36:43.272;11:56:43.272;0:35.918;0:41.683;0:43.139;253.1;Jack Hawksworth;;GTD;;3GT Racing;Lexus;
15;0;11;2:09.780;0;B;36.161;0;41.771;0;51.848;0;167.0;38:53.052;11:58:53.052;0:36.161;0:41.771;0:51.848;254.1;Jack Hawksworth;;GTD;;3GT Racing;Lexus;
15;0;12;4:17.799;0;;2:52.784;0;42.042;0;42.973;0;84.1;43:10.851;12:03:10.851;2:52.784;0:42.042;0:42.973;254.6;Jack Hawksworth;0:02:26.897;GTD;;3GT Racing;Lexus;
15;0;13;2:00.797;0;;36.026;0;41.847;0;42.924;0;179.4;45:11.648;12:05:11.648;0:36.026;0:41.847;0:42.924;253.6;Jack Hawksworth;;GTD;;3GT Racing;Lexus;
15;0;14;2:10.990;0;B;36.271;0;42.633;0;52.086;0;165.4;47:22.638;12:07:22.638;0:36.271;0:42.633;0:52.086;253.6;Jack Hawksworth;;GTD;;3GT Racing;Lexus;
15;0;15;4:28.026;0;;3:00.271;0;42.956;0;44.799;0;80.8;51:50.664;12:11:50.664;3:00.271;0:42.956;0:44.799;254.1;Jack Hawksworth;0:02:29.610;GTD;;3GT Racing;Lexus;
15;0;16;2:03.832;0;;37.390;0;42.545;0;43.897;0;175.0;53:54.496;12:13:54.496;0:37.390;0:42.545;0:43.897;254.6;Jack Hawksworth;;GTD;;3GT Racing;Lexus;
15;0;17;2:03.051;0;;36.962;0;42.304;0;43.785;0;176.1;55:57.547;12:15:57.547;0:36.962;0:42.304;0:43.785;255.0;Jack Hawksworth;;GTD;;3GT Racing;Lexus;
15;0;18;2:02.964;0;;37.038;0;42.407;0;43.519;0;176.2;58:00.511;12:18:00.511;0:37.038;0:42.407;0:43.519;253.1;Jack Hawksworth;;GTD;;3GT Racing;Lexus;
15;0;19;2:02.551;0;;36.914;0;42.106;0;43.531;0;176.8;1:00:03.062;12:20:03.062;0:36.914;0:42.106;0:43.531;254.6;Jack Hawksworth;;GTD;;3GT Racing;Lexus;
2;2;1;7:50.418;0;B;55.565;0;47.987;0;6:06.866;0;46.1;7:50.418;11:27:50.418;0:55.565;0:47.987;6:06.866;229.7;Olivier Pla;0:00:16.063;P;;Tequila Patron ESM;Nissan;
2;2;2;2:23.626;0;;59.096;0;43.667;0;40.863;0;150.9;10:14.044;11:30:14.044;0:59.096;0:43.667;0:40.863;274.5;Olivier Pla;0:05:43.364;P;;Tequila Patron ESM;Nissan;
2;2;3;1:50.947;0;;33.645;0;38.381;0;38.921;0;195.3;12:04.991;11:32:04.991;0:33.645;0:38.381;0:38.921;276.2;Olivier Pla;;P;;Tequila Patron ESM;Nissan;
2;2;4;1:48.746;0;;32.498;0;37.741;0;38.507;2;199.3;13:53.737;11:33:53.737;0:32.498;0:37.741;0:38.507;276.8;Olivier Pla;;P;;Tequila Patron ESM;Nissan;
2;2;5;13:32.018;0;B;32.192;0;37.660;0;12:22.166;0;26.7;27:25.755;11:47:25.755;0:32.192;0:37.660;12:22.166;277.9;Olivier Pla;;P;;Tequila Patron ESM;Nissan;
2;2;6;2:17.959;0;;57.364;0;40.659;0;39.936;0;157.1;29:43.714;11:49:43.714;0:57.364;0:40.659;0:39.936;279.6;Olivier Pla;0:12:04.855;P;;Tequila Patron ESM;Nissan;
2;2;7;1:49.629;0;;33.035;0;37.939;0;38.655;0;197.7;31:33.343;11:51:33.343;0:33.035;0:37.939;0:38.655;279.0;Olivier Pla;;P;;Tequila Patron ESM;Nissan;
2;2;8;5:15.504;0;B;32.032;2;38.196;0;4:05.276;0;68.7;36:48.847;11:56:48.847;0:32.032;0:38.196;4:05.276;258.4;Olivier Pla;;P;;Tequila Patron ESM;Nissan;
2;2;9;2:30.688;0;;57.027;0;52.536;0;41.125;0;143.8;39:19.535;11:59:19.535;0:57.027;0:52.536;0:41.125;244.1;Olivier Pla;0:03:45.223;P;;Tequila Patron ESM;Nissan;
2;2;10;1:48.461;2;;32.218;0;37.584;2;38.659;0;199.8;41:07.996;12:01:07.996;0:32.218;0:37.584;0:38.659;278.4;Olivier Pla;;P;;Tequila Patron ESM;Nissan;
2;2;11;3:03.852;0;B;32.851;0;38.521;0;1:52.480;0;117.9;44:11.848;12:04:11.848;0:32.851;0:38.521;1:52.480;279.0;Olivier Pla;;P;;Tequila Patron ESM;Nissan;
2;1;12;2:17.125;0;;56.945;0;39.419;0;40.761;0;158.0;46:28.973;12:06:28.973;0:56.945;0:39.419;0:40.761;279.6;Ryan Dalziel;0:01:34.328;P;;Tequila Patron ESM;Nissan;
2;1;13;1:50.791;0;;33.245;0;38.387;0;39.159;0;195.6;48:19.764;12:08:19.764;0:33.245;0:38.387;0:39.159;278.4;Ryan Dalziel;;P;;Tequila Patron ESM;Nissan;
2;1;14;1:49.349;0;;32.739;0;37.905;1;38.705;1;198.2;50:09.113;12:10:09.113;0:32.739;0:37.905;0:38.705;280.7;Ryan Dalziel;;P;;Tequila Patron ESM;Nissan;
2;1;15;5:47.338;0;B;33.747;0;38.380;0;4:35.211;0;62.4;55:56.451;12:15:56.451;0:33.747;0:38.380;4:35.211;280.2;Ryan Dalziel;;P;;Tequila Patron ESM;Nissan;
2;1;16;2:12.810;0;;54.167;0;38.662;0;39.981;0;163.2;58:09.261;12:18:09.261;0:54.167;0:38.662;0:39.981;277.3;Ryan Dalziel;0:04:17.849;P;;Tequila Patron ESM;Nissan;
2;1;17;3:53.218;0;B;32.409;1;39.495;0;2:41.314;0;92.9;1:02:02.479;12:22:02.479;0:32.409;0:39.495;2:41.314;279.0;Ryan Dalziel;;P;;Tequila Patron ESM;Nissan;
22;1;1;3:51.966;0;;2:03.397;0;54.614;0;53.955;0;93.4;3:51.966;11:23:51.966;2:03.397;0:54.614;0:53.955;176.1;Pipo Derani;0:01:17.981;P;;Tequila Patron ESM;Nissan;
22;1;2;2:13.542;0;;41.748;0;47.546;0;44.248;0;162.3;6:05.508;11:26:05.508;0:41.748;0:47.546;0:44.248;244.1;Pipo Derani;;P;;Tequila Patron ESM;Nissan;
22;1;3;2:01.252;0;;35.641;0;42.280;0;43.331;0;178.7;8:06.760;11:28:06.760;0:35.641;0:42.280;0:43.331;252.7;Pipo Derani;;P;;Tequila Patron ESM;Nissan;
22;1;4;1:54.069;0;;35.092;0;39.222;0;39.755;0;190.0;10:00.829;11:30:00.829;0:35.092;0:39.222;0:39.755;277.3;Pipo Derani;;P;;Tequila Patron ESM;Nissan;
22;1;5;1:49.416;0;;32.641;0;37.951;0;38.824;0;198.0;11:50.245;11:31:50.245;0:32.641;0:37.951;0:38.824;279.0;Pipo Derani;;P;;Tequila Patron ESM;Nissan;
22;1;6;6:01.711;0;B;32.328;0;37.819;0;4:51.564;0;59.9;17:51.956;11:37:51.956;0:32.328;0:37.819;4:51.564;278.4;Pipo Derani;;P;;Tequila Patron ESM;Nissan;
22;1;7;2:29.298;0;B;55.715;0;38.533;0;55.050;0;145.1;20:21.254;11:40:21.254;0:55.715;0:38.533;0:55.050;216.9;Pipo Derani;0:04:33.817;P;;Tequila Patron ESM;Nissan;
22;1;8;8:38.183;0;;7:19.325;0;39.416;0;39.442;0;41.8;28:59.437;11:48:59.437;7:19.325;0:39.416;0:39.442;277.9;Pipo Derani;0:06:56.682;P;;Tequila Patron ESM;Nissan;
22;1;9;1:49.872;0;;32.376;0;38.691;0;38.805;2;197.2;30:49.309;11:50:49.309;0:32.376;0:38.691;0:38.805;279.6;Pipo Derani;;P;;Tequila Patron ESM;Nissan;
22;1;10;1:50.982;0;;32.825;0;37.859;0;40.298;0;195.2;32:40.291;11:52:40.291;0:32.825;0:37.859;0:40.298;233.2;Pipo Derani;;P;;Tequila Patron ESM;Nissan;
22;1;11;1:48.675;2;;32.024;2;37.700;2;38.951;0;199.4;34:28.966;11:54:28.966;0:32.024;0:37.700;0:38.951;283.1;Pipo Derani;;P;;Tequila Patron ESM;Nissan;
22;1;12;10:01.180;0;B;34.533;0;40.190;0;8:46.457;0;36.0;44:30.146;12:04:30.146;0:34.533;0:40.190;8:46.457;279.6;Pipo Derani;;P;;Tequila Patron ESM;Nissan;
22;0;13;2:16.424;0;;57.754;0;39.012;0;39.658;0;158.8;46:46.570;12:06:46.570;0:57.754;0:39.012;0:39.658;277.3;Johannes van Overbeek;0:08:28.272;P;;Tequila Patron ESM;Nissan;
22;0;14;1:52.316;0;;32.847;0;39.151;0;40.318;0;192.9;48:38.886;12:08:38.886;0:32.847;0:39.151;0:40.318;278.4;Johannes van Overbeek;;P;;Tequila Patron ESM;Nissan;
22;0;15;1:51.560;0;;33.558;0;38.446;0;39.556;0;194.2;50:30.446;12:10:30.446;0:33.558;0:38.446;0:39.556;281.3;Johannes van Overbeek;;P;;Tequila Patron ESM;Nissan;
22;0;16;1:51.646;0;;32.999;0;39.457;0;39.190;0;194.1;52:22.092;12:12:22.092;0:32.999;0:39.457;0:39.190;279.6;Johannes van Overbeek;;P;;Tequila Patron ESM;Nissan;
22;0;17;4:58.258;0;B;32.831;0;38.244;0;3:47.183;0;72.6;57:20.350;12:17:20.350;0:32.831;0:38.244;3:47.183;280.2;Johannes van Overbeek;;P;;Tequila Patron ESM;Nissan;
22;0;18;2:15.040;0;;56.270;0;39.789;0;38.981;1;160.5;59:35.390;12:19:35.390;0:56.270;0:39.789;0:38.981;277.9;Johannes van Overbeek;0:03:28.748;P;;Tequila Patron ESM;Nissan;
22;0;19;1:58.928;0;;32.581;1;38.042;1;48.305;0;182.2;1:01:34.318;12:21:34.318;0:32.581;0:38.042;0:48.305;248.5;Johannes van Overbeek;;P;;Tequila Patron ESM;Nissan;
24;2;1;3:32.929;0;;1:53.860;0;49.110;0;49.959;0;101.8;3:32.929;11:23:32.929;1:53.860;0:49.110;0:49.959;184.9;Nicky Catsburg;0:01:09.388;GTLM;;BMW Team RLL;BMW;
24;2;2;10:03.975;0;B;37.653;0;46.154;0;8:40.168;0;35.9;13:36.904;11:33:36.904;0:37.653;0:46.154;8:40.168;193.8;Nicky Catsburg;;GTLM;;BMW Team RLL;BMW;
24;2;3;2:28.872;0;;1:01.125;0;44.030;0;43.717;0;145.6;16:05.776;11:36:05.776;1:01.125;0:44.030;0:43.717;255.0;Nicky Catsburg;0:08:18.324;GTLM;;BMW Team RLL;BMW;
24;2;4;2:01.418;0;;36.317;0;42.520;0;42.581;0;178.5;18:07.194;11:38:07.194;0:36.317;0:42.520;0:42.581;260.9;Nicky Catsburg;;GTLM;;BMW Team RLL;BMW;
24;2;5;9:25.409;0;B;35.898;0;41.886;0;8:07.625;0;38.3;27:32.603;11:47:32.603;0:35.898;0:41.886;8:07.625;171.4;Nicky Catsburg;;GTLM;;BMW Team RLL;BMW;
24;2;6;2:24.047;0;;58.296;0;42.565;0;43.186;0;150.4;29:56.650;11:49:56.650;0:58.296;0:42.565;0:43.186;260.9;Nicky Catsburg;0:07:41.723;GTLM;;BMW Team RLL;BMW;
24;2;7;2:00.160;0;;35.805;0;41.424;0;42.931;0;180.3;31:56.810;11:51:56.810;0:35.805;0:41.424;0:42.931;260.9;Nicky Catsburg;;GTLM;;BMW Team RLL;BMW;
24;2;8;1:59.435;0;;35.505;0;41.457;0;42.473;0;181.4;33:56.245;11:53:56.245;0:35.505;0:41.457;0:42.473;263.4;Nicky Catsburg;;GTLM;;BMW Team RLL;BMW;
24;2;9;1:59.951;0;;35.720;0;41.855;0;42.376;0;180.6;35:56.196;11:55:56.196;0:35.720;0:41.855;0:42.376;261.4;Nicky Catsburg;;GTLM;;BMW Team RLL;BMW;
24;2;10;2:03.686;0;;36.239;0;42.064;0;45.383;0;175.2;37:59.882;11:57:59.882;0:36.239;0:42.064;0:45.383;256.9;Nicky Catsburg;;GTLM;;BMW Team RLL;BMW;
24;2;11;1:58.839;0;;35.143;0;41.582;0;42.114;2;182.3;39:58.721;11:59:58.721;0:35.143;0:41.582;0:42.114;261.9;Nicky Catsburg;;GTLM;;BMW Team RLL;BMW;
24;2;12;1:59.892;0;;35.835;0;41.733;0;42.324;0;180.7;41:58.613;12:01:58.613;0:35.835;0:41.733;0:42.324;262.4;Nicky Catsburg;;GTLM;;BMW Team RLL;BMW;
24;2;13;2:00.007;0;;35.403;0;42.068;0;42.536;0;180.6;43:58.620;12:03:58.620;0:35.403;0:42.068;0:42.536;264.4;Nicky Catsburg;;GTLM;;BMW Team RLL;BMW;
24;2;14;6:25.629;0;B;35.434;0;42.858;0;5:07.337;0;56.2;50:24.249;12:10:24.249;0:35.434;0:42.858;5:07.337;249.0;Nicky Catsburg;;GTLM;;BMW Team RLL;BMW;
24;2;15;2:21.904;0;;57.312;0;41.585;0;43.007;0;152.7;52:46.153;12:12:46.153;0:57.312;0:41.585;0:43.007;261.4;Nicky Catsburg;0:04:46.668;GTLM;;BMW Team RLL;BMW;
24;2;16;1:59.791;0;;35.920;0;41.346;0;42.525;0;180.9;54:45.944;12:14:45.944;0:35.920;0:41.346;0:42.525;262.4;Nicky Catsburg;;GTLM;;BMW Team RLL;BMW;
24;2;17;1:58.360;2;;35.228;0;41.012;2;42.120;0;183.1;56:44.304;12:16:44.304;0:35.228;0:41.012;0:42.120;261.9;Nicky Catsburg;;GTLM;;BMW Team RLL;BMW;
24;2;18;1:58.764;0;;35.073;2;41.376;0;42.315;0;182.4;58:43.068;12:18:43.068;0:35.073;0:41.376;0:42.315;263.4;Nicky Catsburg;;GTLM;;BMW Team RLL;BMW;
24;2;19;1:58.651;0;;35.307;0;41.140;0;42.204;0;182.6;1:00:41.719;12:20:41.719;0:35.307;0:41.140;0:42.204;262.4;Nicky Catsburg;;GTLM;;BMW Team RLL;BMW;
25;0;1;27:42.900;0;B;1:57.161;0;48.779;0;24:56.960;0;13.0;27:42.900;11:47:42.900;1:57.161;0:48.779;24:56.960;200.1;Alexander Sims;0:01:12.764;GTLM;;BMW Team RLL;BMW;
25;0;2;2:33.700;0;;1:04.250;0;45.759;0;43.691;0;141.0;30:16.600;11:50:16.600;1:04.250;0:45.759;0:43.691;260.4;Alexander Sims;0:24:30.564;GTLM;;BMW Team RLL;BMW;
25;0;3;2:01.702;0;;36.018;0;43.318;0;42.366;0;178.0;32:18.302;11:52:18.302;0:36.018;0:43.318;0:42.366;262.9;Alexander Sims;;GTLM;;BMW Team RLL;BMW;
25;0;4;1:58.598;0;;35.260;0;41.299;0;42.039;2;182.7;34:16.900;11:54:16.900;0:35.260;0:41.299;0:42.039;263.9;Alexander Sims;;GTLM;;BMW Team RLL;BMW;
25;0;5;9:20.830;0;B;35.158;2;41.315;0;8:04.357;0;38.6;43:37.730;12:03:37.730;0:35.158;0:41.315;8:04.357;262.9;Alexander Sims;;GTLM;;BMW Team RLL;BMW;
25;0;6;2:23.666;0;;59.329;0;41.850;0;42.487;0;150.8;46:01.396;12:06:01.396;0:59.329;0:41.850;0:42.487;263.4;Alexander Sims;0:07:46.117;GTLM;;BMW Team RLL;BMW;
25;0;7;1:58.500;2;;35.273;0;41.156;2;42.071;0;182.9;47:59.896;12:07:59.896;0:35.273;0:41.156;0:42.071;262.4;Alexander Sims;;GTLM;;BMW Team RLL;BMW;
25;0;8;6:30.013;0;B;35.436;0;41.383;0;5:13.194;0;55.6;54:29.909;12:14:29.909;0:35.436;0:41.383;5:13.194;240.6;Alexander Sims;;GTLM;;BMW Team RLL;BMW;
25;1;9;2:25.751;0;;58.036;0;42.695;0;45.020;0;148.7;56:55.660;12:16:55.660;0:58.036;0:42.695;0:45.020;198.6;Connor De Phillippi;0:04:52.229;GTLM;;BMW Team RLL;BMW;
25;1;10;2:00.506;0;;35.984;1;41.541;1;42.981;1;179.8;58:56.166;12:18:56.166;0:35.984;0:41.541;0:42.981;263.4;Connor De Phillippi;;GTLM;;BMW Team RLL;BMW;
25;1;11;2:00.872;0;;36.154;0;41.564;0;43.154;0;179.3;1:00:57.038;12:20:57.038;0:36.154;0:41.564;0:43.154;263.9;Connor De Phillippi;;GTLM;;BMW Team RLL;BMW;
29;1;1;3:14.066;0;;1:40.649;0;46.707;0;46.710;0;111.7;3:14.066;11:23:14.066;1:40.649;0:46.707;0:46.710;228.2;Christopher Mies;0:00:58.417;GTD;;Montaplast by Land-Motorsport;Audi;
29;1;2;2:15.962;0;B;36.925;0;46.362;0;52.675;0;159.4;5:30.028;11:25:30.028;0:36.925;0:46.362;0:52.675;249.0;Christopher Mies;;GTD;;Montaplast by Land-Motorsport;Audi;
29;1;3;3:39.053;0;;2:13.834;0;41.963;0;43.256;0;98.9;9:09.081;11:29:09.081;2:13.834;0:41.963;0:43.256;250.3;Christopher Mies;0:01:48.776;GTD;;Montaplast by Land-Motorsport;Audi;
29;1;4;2:01.528;0;;36.367;0;41.722;0;43.439;0;178.3;11:10.609;11:31:10.609;0:36.367;0:41.722;0:43.439;251.3;Christopher Mies;;GTD;;Montaplast by Land-Motorsport;Audi;
29;1;5;2:03.649;0;;36.352;0;41.777;0;45.520;0;175.2;13:14.258;11:33:14.258;0:36.352;0:41.777;0:45.520;228.2;Christopher Mies;;GTD;;Montaplast by Land-Motorsport;Audi;
29;1;6;2:10.136;0;B;36.359;0;41.598;0;52.179;0;166.5;15:24.394;11:35:24.394;0:36.359;0:41.598;0:52.179;252.2;Christopher Mies;;GTD;;Montaplast by Land-Motorsport;Audi;
29;1;7;14:11.131;0;;12:45.521;0;42.171;0;43.439;0;25.5;29:35.525;11:49:35.525;12:45.521;0:42.171;0:43.439;251.7;Christopher Mies;0:12:19.440;GTD;;Montaplast by Land-Motorsport;Audi;
29;1;8;2:00.805;0;;35.901;0;41.751;0;43.153;0;179.4;31:36.330;11:51:36.330;0:35.901;0:41.751;0:43.153;251.7;Christopher Mies;;GTD;;Montaplast by Land-Motorsport;Audi;
29;1;9;2:01.706;0;;36.288;0;42.138;0;43.280;0;178.0;33:38.036;11:53:38.036;0:36.288;0:42.138;0:43.280;251.3;Christopher Mies;;GTD;;Montaplast by Land-Motorsport;Audi;
29;1;10;2:00.727;0;;35.932;0;41.750;0;43.045;0;179.5;35:38.763;11:55:38.763;0:35.932;0:41.750;0:43.045;250.8;Christopher Mies;;GTD;;Montaplast by Land-Motorsport;Audi;
29;1;11;2:00.461;2;;35.955;0;41.489;2;43.017;2;179.9;37:39.224;11:57:39.224;0:35.955;0:41.489;0:43.017;249.9;Christopher Mies;;GTD;;Montaplast by Land-Motorsport;Audi;
29;1;12;2:09.319;0;B;35.864;2;41.642;0;51.813;0;167.6;39:48.543;11:59:48.543;0:35.864;0:41.642;0:51.813;251.3;Christopher Mies;;GTD;;Montaplast by Land-Motorsport;Audi;
29;0;13;4:01.147;0;;2:33.933;0;43.093;0;44.121;0;89.9;43:49.690;12:03:49.690;2:33.933;0:43.093;0:44.121;251.3;Sheldon van der Linde;0:02:07.799;GTD;;Montaplast by Land-Motorsport;Audi;
29;0;14;2:02.518;0;;36.762;0;42.266;0;43.490;0;176.9;45:52.208;12:05:52.208;0:36.762;0:42.266;0:43.490;250.3;Sheldon van der Linde;;GTD;;Montaplast by Land-Motorsport;Audi;
29;0;15;2:02.050;0;;36.412;0;41.886;0;43.752;0;177.5;47:54.258;12:07:54.258;0:36.412;0:41.886;0:43.752;249.9;Sheldon van der Linde;;GTD;;Montaplast by Land-Motorsport;Audi;
29;0;16;2:01.828;0;;36.308;0;42.044;0;43.476;1;177.9;49:56.086;12:09:56.086;0:36.308;0:42.044;0:43.476;251.7;Sheldon van der Linde;;GTD;;Montaplast by Land-Motorsport;Audi;
29;0;17;2:10.409;0;B;36.262;0;41.718;1;52.429;0;166.2;52:06.495;12:12:06.495;0:36.262;0:41.718;0:52.429;251.7;Sheldon van der Linde;;GTD;;Montaplast by Land-Motorsport;Audi;
29;0;18;6:21.031;0;;4:55.418;0;42.104;0;43.509;0;56.9;58:27.526;12:18:27.526;4:55.418;0:42.104;0:43.509;250.3;Sheldon van der Linde;0:04:30.535;GTD;;Montaplast by Land-Motorsport;Audi;
29;0;19;2:02.679;0;;36.247;1;41.809;0;44.623;0;176.6;1:00:30.205;12:20:30.205;0:36.247;0:41.809;0:44.623;251.3;Sheldon van der Linde;;GTD;;Montaplast by Land-Motorsport;Audi;
3;0;1;3:21.152;0;B;1:37.422;0;47.107;0;56.623;0;107.7;3:21.152;11:23:21.152;1:37.422;0:47.107;0:56.623;242.3;Jan Magnussen;0:00:55.252;GTLM;;Corvette Racing;Chevrolet;
3;0;2;4:04.580;0;;2:35.250;0;45.068;0;44.262;0;88.6;7:25.732;11:27:25.732;2:35.250;0:45.068;0:44.262;249.0;Jan Magnussen;0:02:08.797;GTLM;;Corvette Racing;Chevrolet;
3;0;3;2:02.225;0;;36.655;0;42.405;0;43.165;0;177.3;9:27.957;11:29:27.957;0:36.655;0:42.405;0:43.165;251.7;Jan Magnussen;;GTLM;;Corvette Racing;Chevrolet;
3;0;4;2:00.006;0;;35.650;0;41.533;0;42.823;0;180.6;11:27.963;11:31:27.963;0:35.650;0:41.533;0:42.823;252.7;Jan Magnussen;;GTLM;;Corvette Racing;Chevrolet;
3;0;5;1:59.202;0;;35.473;0;41.252;0;42.477;0;181.8;13:27.165;11:33:27.165;0:35.473;0:41.252;0:42.477;252.2;Jan Magnussen;;GTLM;;Corvette Racing;Chevrolet;
3;0;6;1:58.762;2;;35.347;0;40.962;2;42.453;0;182.5;15:25.927;11:35:25.927;0:35.347;0:40.962;0:42.453;254.1;Jan Magnussen;;GTLM;;Corvette Racing;Chevrolet;
3;0;7;1:58.824;0;;35.336;2;41.149;0;42.339;0;182.4;17:24.751;11:37:24.751;0:35.336;0:41.149;0:42.339;256.9;Jan Magnussen;;GTLM;;Corvette Racing;Chevrolet;
3;0;8;1:59.517;0;;35.615;0;41.585;0;42.317;2;181.3;19:24.268;11:39:24.268;0:35.615;0:41.585;0:42.317;255.5;Jan Magnussen;;GTLM;;Corvette Racing;Chevrolet;
3;0;9;2:11.838;0;B;35.901;0;41.565;0;54.372;0;164.4;21:36.106;11:41:36.106;0:35.901;0:41.565;0:54.372;253.1;Jan Magnussen;;GTLM;;Corvette Racing;Chevrolet;
3;2;10;8:49.751;0;;7:24.263;0;42.645;0;42.843;0;40.9;30:25.857;11:50:25.857;7:24.263;0:42.645;0:42.843;255.0;Mike Rockenfeller;0:06:58.152;GTLM;;Corvette Racing;Chevrolet;
3;2;11;1:59.898;0;;36.000;0;41.432;0;42.466;0;180.7;32:25.755;11:52:25.755;0:36.000;0:41.432;0:42.466;256.0;Mike Rockenfeller;;GTLM;;Corvette Racing;Chevrolet;
3;2;12;2:00.592;0;;36.062;0;41.941;0;42.589;0;179.7;34:26.347;11:54:26.347;0:36.062;0:41.941;0:42.589;254.6;Mike Rockenfeller;;GTLM;;Corvette Racing;Chevrolet;
3;2;13;2:00.187;0;;35.781;0;41.842;0;42.564;0;180.3;36:26.534;11:56:26.534;0:35.781;0:41.842;0:42.564;254.1;Mike Rockenfeller;;GTLM;;Corvette Racing;Chevrolet;
3;2;14;1:58.935;0;;35.377;1;41.163;1;42.395;0;182.2;38:25.469;11:58:25.469;0:35.377;0:41.163;0:42.395;256.0;Mike Rockenfeller;;GTLM;;Corvette Racing;Chevrolet;
3;2;15;1:59.501;0;;35.815;0;41.342;0;42.344;1;181.3;40:24.970;12:00:24.970;0:35.815;0:41.342;0:42.344;255.5;Mike Rockenfeller;;GTLM;;Corvette Racing;Chevrolet;
3;2;16;2:01.189;0;;35.500;0;42.376;0;43.313;0;178.8;42:26.159;12:02:26.159;0:35.500;0:42.376;0:43.313;257.9;Mike Rockenfeller;;GTLM;;Corvette Racing;Chevrolet;
3;2;17;2:05.386;0;;38.137;0;43.432;0;43.817;0;172.8;44:31.545;12:04:31.545;0:38.137;0:43.432;0:43.817;253.6;Mike Rockenfeller;;GTLM;;Corvette Racing;Chevrolet;
3;2;18;2:13.166;0;B;36.597;0;42.324;0;54.245;0;162.7;46:44.711;12:06:44.711;0:36.597;0:42.324;0:54.245;243.6;Mike Rockenfeller;;GTLM;;Corvette Racing;Chevrolet;
3;2;19;5:05.889;0;;3:40.593;0;42.062;0;43.234;0;70.8;51:50.600;12:11:50.600;3:40.593;0:42.062;0:43.234;256.0;Mike Rockenfeller;0:03:13.821;GTLM;;Corvette Racing;Chevrolet;
3;2;20;1:59.575;0;;35.781;0;41.402;0;42.392;0;181.2;53:50.175;12:13:50.175;0:35.781;0:41.402;0:42.392;255.5;Mike Rockenfeller;;GTLM;;Corvette Racing;Chevrolet;
3;2;21;1:59.294;0;;35.634;0;41.266;0;42.394;0;181.6;55:49.469;12:15:49.469;0:35.634;0:41.266;0:42.394;255.5;Mike Rockenfeller;;GTLM;;Corvette Racing;Chevrolet;
3;2;22;1:59.088;0;;35.457;0;41.227;0;42.404;0;182.0;57:48.557;12:17:48.557;0:35.457;0:41.227;0:42.404;257.4;Mike Rockenfeller;;GTLM;;Corvette Racing;Chevrolet;
3;2;23;2:01.648;0;;36.204;0;41.836;0;43.608;0;178.1;59:50.205;12:19:50.205;0:36.204;0:41.836;0:43.608;257.4;Mike Rockenfeller;;GTLM;;Corvette Racing;Chevrolet;
3;2;24;2:16.028;0;B;35.450;0;41.198;0;59.380;0;159.3;1:02:06.233;12:22:06.233;0:35.450;0:41.198;0:59.380;163.6;Mike Rockenfeller;;GTLM;;Corvette Racing;Chevrolet;
31;0;1;2:31.650;0;;47.860;0;58.351;0;45.439;0;142.9;2:31.650;11:22:31.650;0:47.860;0:58.351;0:45.439;213.9;Felipe Nasr;0:00:08.682;P;;Whelen Engineering Racing;Cadillac;
31;0;2;1:53.550;0;;34.107;0;39.793;0;39.650;0;190.8;4:25.200;11:24:25.200;0:34.107;0:39.793;0:39.650;271.3;Felipe Nasr;;P;;Whelen Engineering Racing;Cadillac;
31;0;3;1:50.041;0;;32.568;0;38.523;0;38.950;0;196.9;6:15.241;11:26:15.241;0:32.568;0:38.523;0:38.950;272.9;Felipe Nasr;;P;;Whelen Engineering Racing;Cadillac;
31;0;4;1:50.366;0;;32.834;0;38.254;0;39.278;0;196.3;8:05.607;11:28:05.607;0:32.834;0:38.254;0:39.278;274.5;Felipe Nasr;;P;;Whelen Engineering Racing;Cadillac;
31;0;5;1:49.945;0;;32.840;0;38.067;0;39.038;0;197.1;9:55.552;11:29:55.552;0:32.840;0:38.067;0:39.038;273.4;Felipe Nasr;;P;;Whelen Engineering Racing;Cadillac;
31;0;6;1:49.855;0;;32.335;0;38.113;0;39.407;0;197.2;11:45.407;11:31:45.407;0:32.335;0:38.113;0:39.407;275.6;Felipe Nasr;;P;;Whelen Engineering Racing;Cadillac;
31;0;7;1:52.976;0;;33.325;0;38.604;0;41.047;0;191.8;13:38.383;11:33:38.383;0:33.325;0:38.604;0:41.047;274.5;Felipe Nasr;;P;;Whelen Engineering Racing;Cadillac;
31;0;8;1:51.207;0;;33.420;0;38.391;0;39.396;0;194.8;15:29.590;11:35:29.590;0:33.420;0:38.391;0:39.396;276.2;Felipe Nasr;;P;;Whelen Engineering Racing;Cadillac;
31;0;9;1:51.948;0;;33.532;0;39.080;0;39.336;0;193.6;17:21.538;11:37:21.538;0:33.532;0:39.080;0:39.336;275.6;Felipe Nasr;;P;;Whelen Engineering Racing;Cadillac;
31;0;10;1:55.466;0;;33.754;0;39.719;0;41.993;0;187.7;19:17.004;11:39:17.004;0:33.754;0:39.719;0:41.993;215.9;Felipe Nasr;;P;;Whelen Engineering Racing;Cadillac;
31;0;11;2:08.265;0;B;32.312;0;42.389;0;53.564;0;168.9;21:25.269;11:41:25.269;0:32.312;0:42.389;0:53.564;264.9;Felipe Nasr;;P;;Whelen Engineering Racing;Cadillac;
31;0;12;19:37.836;0;;18:18.957;0;39.018;0;39.861;0;18.4;41:03.105;12:01:03.105;18:18.957;0:39.018;0:39.861;275.6;Felipe Nasr;0:17:54.605;P;;Whelen Engineering Racing;Cadillac;
31;0;13;1:48.753;2;;32.095;2;37.827;2;38.831;2;199.2;42:51.858;12:02:51.858;0:32.095;0:37.827;0:38.831;275.6;Felipe Nasr;;P;;Whelen Engineering Racing;Cadillac;
31;0;14;2:03.675;0;B;34.656;0;39.044;0;49.975;0;175.2;44:55.533;12:04:55.533;0:34.656;0:39.044;0:49.975;272.9;Felipe Nasr;;P;;Whelen Engineering Racing;Cadillac;
31;1;15;4:39.231;0;;3:18.329;0;40.263;0;40.639;0;77.6;49:34.764;12:09:34.764;3:18.329;0:40.263;0:40.639;272.9;Eric Curran;0:02:54.199;P;;Whelen Engineering Racing;Cadillac;
31;1;16;1:51.732;0;;33.399;0;38.656;0;39.677;0;193.9;51:26.496;12:11:26.496;0:33.399;0:38.656;0:39.677;276.2;Eric Curran;;P;;Whelen Engineering Racing;Cadillac;
31;1;17;1:54.990;0;;34.603;0;40.703;0;39.684;0;188.4;53:21.486;12:13:21.486;0:34.603;0:40.703;0:39.684;275.1;Eric Curran;;P;;Whelen Engineering Racing;Cadillac;
31;1;18;1:53.117;0;;34.038;0;39.109;0;39.970;0;191.6;55:14.603;12:15:14.603;0:34.038;0:39.109;0:39.970;276.8;Eric Curran;;P;;Whelen Engineering Racing;Cadillac;
31;1;19;1:56.523;0;;34.686;0;39.580;0;42.257;0;186.0;57:11.126;12:17:11.126;0:34.686;0:39.580;0:42.257;247.2;Eric Curran;;P;;Whelen Engineering Racing;Cadillac;
31;1;20;1:50.395;0;;32.740;1;38.247;1;39.408;1;196.3;59:01.521;12:19:01.521;0:32.740;0:38.247;0:39.408;274.5;Eric Curran;;P;;Whelen Engineering Racing;Cadillac;
31;1;21;2:03.352;0;B;33.232;0;38.973;0;51.147;0;175.7;1:01:04.873;12:21:04.873;0:33.232;0:38.973;0:51.147;274.0;Eric Curran;;P;;Whelen Engineering Racing;Cadillac;
32;1;1;3:27.806;0;B;1:41.220;0;46.710;0;59.876;0;104.3;3:27.806;11:23:27.806;1:41.220;0:46.710;0:59.876;203.9;Paul Di Resta;0:00:59.495;P;;United Autosports;Ligier;
32;1;2;6:22.586;0;;4:57.502;0;42.595;0;42.489;0;56.6;9:50.392;11:29:50.392;4:57.502;0:42.595;0:42.489;269.6;Paul Di Resta;0:04:30.588;P;;United Autosports;Ligier;
32;1;3;1:54.684;0;;34.410;0;39.765;0;40.509;0;188.9;11:45.076;11:31:45.076;0:34.410;0:39.765;0:40.509;274.5;Paul Di Resta;;P;;United Autosports;Ligier;
32;1;4;1:52.191;0;;33.198;0;38.611;0;40.382;0;193.1;13:37.267;11:33:37.267;0:33.198;0:38.611;0:40.382;264.9;Paul Di Resta;;P;;United Autosports;Ligier;
32;1;5;1:51.171;0;;32.976;0;38.750;0;39.445;0;194.9;15:28.438;11:35:28.438;0:32.976;0:38.750;0:39.445;279.6;Paul Di Resta;;P;;United Autosports;Ligier;
32;1;6;1:52.438;0;;33.303;0;38.912;0;40.223;0;192.7;17:20.876;11:37:20.876;0:33.303;0:38.912;0:40.223;277.3;Paul Di Resta;;P;;United Autosports;Ligier;
32;1;7;2:01.410;0;B;32.840;0;38.726;0;49.844;0;178.5;19:22.286;11:39:22.286;0:32.840;0:38.726;0:49.844;276.8;Paul Di Resta;;P;;United Autosports;Ligier;
32;1;8;10:05.890;0;;8:46.607;0;38.926;0;40.357;0;35.8;29:28.176;11:49:28.176;8:46.607;0:38.926;0:40.357;246.7;Paul Di Resta;0:08:22.831;P;;United Autosports;Ligier;
32;1;9;1:50.759;2;;32.644;2;38.683;0;39.432;0;195.6;31:18.935;11:51:18.935;0:32.644;0:38.683;0:39.432;279.0;Paul Di Resta;;P;;United Autosports;Ligier;
32;1;10;1:51.157;0;;33.132;0;38.912;0;39.113;2;194.9;33:10.092;11:53:10.092;0:33.132;0:38.912;0:39.113;279.0;Paul Di Resta;;P;;United Autosports;Ligier;
32;1;11;1:59.735;0;B;32.713;0;38.203;2;48.819;0;181.0;35:09.827;11:55:09.827;0:32.713;0:38.203;0:48.819;277.3;Paul Di Resta;;P;;United Autosports;Ligier;
32;1;12;6:01.600;0;;4:41.705;0;39.725;0;40.170;0;59.9;41:11.427;12:01:11.427;4:41.705;0:39.725;0:40.170;270.7;Paul Di Resta;0:04:18.169;P;;United Autosports;Ligier;
32;1;13;1:52.441;0;;33.709;0;39.495;0;39.237;0;192.7;43:03.868;12:03:03.868;0:33.709;0:39.495;0:39.237;277.3;Paul Di Resta;;P;;United Autosports;Ligier;
32;1;14;1:51.926;0;;32.894;0;38.793;0;40.239;0;193.6;44:55.794;12:04:55.794;0:32.894;0:38.793;0:40.239;277.9;Paul Di Resta;;P;;United Autosports;Ligier;
32;1;15;2:03.177;0;B;33.192;0;39.712;0;50.273;0;175.9;46:58.971;12:06:58.971;0:33.192;0:39.712;0:50.273;276.8;Paul Di Resta;;P;;United Autosports;Ligier;
32;0;16;4:25.158;0;;3:00.223;0;41.645;0;43.290;0;81.7;51:24.129;12:11:24.129;3:00.223;0:41.645;0:43.290;261.9;Phil Hanson;0:02:34.808;P;;United Autosports;Ligier;
32;0;17;1:55.904;0;;35.095;0;40.137;0;40.672;0;187.0;53:20.033;12:13:20.033;0:35.095;0:40.137;0:40.672;277.9;Phil Hanson;;P;;United Autosports;Ligier;
32;0;18;1:53.933;0;;35.062;0;39.291;0;39.580;0;190.2;55:13.966;12:15:13.966;0:35.062;0:39.291;0:39.580;277.3;Phil Hanson;;P;;United Autosports;Ligier;
32;0;19;1:53.713;0;;34.984;0;39.269;0;39.460;0;190.6;57:07.679;12:17:07.679;0:34.984;0:39.269;0:39.460;276.2;Phil Hanson;;P;;United Autosports;Ligier;
32;0;20;1:51.530;0;;33.175;0;38.753;0;39.602;0;194.3;58:59.209;12:18:59.209;0:33.175;0:38.753;0:39.602;269.6;Phil Hanson;;P;;United Autosports;Ligier;
32;0;21;1:50.859;0;;33.028;1;38.705;1;39.126;1;195.5;1:00:50.068;12:20:50.068;0:33.028;0:38.705;0:39.126;277.9;Phil Hanson;;P;;United Autosports;Ligier;
33;1;1;3:24.342;0;B;1:35.377;0;48.875;0;1:00.090;0;106.0;3:24.342;11:23:24.342;1:35.377;0:48.875;1:00.090;185.1;Jeroen Bleekemolen;0:00:52.666;GTD;;Mercedes-AMG Team Riley Motorsports;Mercedes-AMG;
33;1;2;7:53.373;0;;6:25.546;0;43.660;0;44.167;0;45.8;11:17.715;11:31:17.715;6:25.546;0:43.660;0:44.167;246.7;Jeroen Bleekemolen;0:05:56.875;GTD;;Mercedes-AMG Team Riley Motorsports;Mercedes-AMG;
33;1;3;2:02.405;0;;36.583;0;42.517;0;43.305;0;177.0;13:20.120;11:33:20.120;0:36.583;0:42.517;0:43.305;247.6;Jeroen Bleekemolen;;GTD;;Mercedes-AMG Team Riley Motorsports;Mercedes-AMG;
33;1;4;2:01.278;2;;36.510;0;41.551;2;43.217;2;178.7;15:21.398;11:35:21.398;0:36.510;0:41.551;0:43.217;248.1;Jeroen Bleekemolen;;GTD;;Mercedes-AMG Team Riley Motorsports;Mercedes-AMG;
33;1;5;2:11.805;0;B;36.341;2;42.133;0;53.331;0;164.4;17:33.203;11:37:33.203;0:36.341;0:42.133;0:53.331;251.3;Jeroen Bleekemolen;;GTD;;Mercedes-AMG Team Riley Motorsports;Mercedes-AMG;
33;2;6;12:06.718;0;;10:37.118;0;43.490;0;46.110;0;29.8;29:39.921;11:49:39.921;10:37.118;0:43.490;0:46.110;244.1;Luca Stolz;0:10:08.138;GTD;;Mercedes-AMG Team Riley Motorsports;Mercedes-AMG;
33;2;7;2:06.236;0;;37.995;0;43.226;0;45.015;0;171.6;31:46.157;11:51:46.157;0:37.995;0:43.226;0:45.015;248.5;Luca Stolz;;GTD;;Mercedes-AMG Team Riley Motorsports;Mercedes-AMG;
33;2;8;2:03.599;0;;37.077;0;42.008;0;44.514;0;175.3;33:49.756;11:53:49.756;0:37.077;0:42.008;0:44.514;247.2;Luca Stolz;;GTD;;Mercedes-AMG Team Riley Motorsports;Mercedes-AMG;
33;2;9;2:02.600;0;;36.797;0;41.889;0;43.914;0;176.7;35:52.356;11:55:52.356;0:36.797;0:41.889;0:43.914;248.5;Luca Stolz;;GTD;;Mercedes-AMG Team Riley Motorsports;Mercedes-AMG;
33;2;10;2:02.847;0;;37.323;0;41.945;0;43.579;0;176.4;37:55.203;11:57:55.203;0:37.323;0:41.945;0:43.579;248.5;Luca Stolz;;GTD;;Mercedes-AMG Team Riley Motorsports;Mercedes-AMG;
33;2;11;2:01.755;0;;36.581;0;41.718;1;43.456;0;178.0;39:56.958;11:59:56.958;0:36.581;0:41.718;0:43.456;249.9;Luca Stolz;;GTD;;Mercedes-AMG Team Riley Motorsports;Mercedes-AMG;
33;2;12;2:03.958;0;;37.873;0;42.502;0;43.583;0;174.8;42:00.916;12:02:00.916;0:37.873;0:42.502;0:43.583;251.3;Luca Stolz;;GTD;;Mercedes-AMG Team Riley Motorsports;Mercedes-AMG;
33;2;13;2:01.874;0;;36.344;1;42.083;0;43.447;0;177.8;44:02.790;12:04:02.790;0:36.344;0:42.083;0:43.447;251.3;Luca Stolz;;GTD;;Mercedes-AMG Team Riley Motorsports;Mercedes-AMG;
33;2;14;2:01.978;0;;36.631;0;41.759;0;43.588;0;177.6;46:04.768;12:06:04.768;0:36.631;0:41.759;0:43.588;249.9;Luca Stolz;;GTD;;Mercedes-AMG Team Riley Motorsports;Mercedes-AMG;
33;2;15;2:13.476;0;B;36.889;0;41.824;0;54.763;0;162.3;48:18.244;12:08:18.244;0:36.889;0:41.824;0:54.763;240.6;Luca Stolz;;GTD;;Mercedes-AMG Team Riley Motorsports;Mercedes-AMG;
33;2;16;3:47.115;0;;2:21.419;0;41.879;0;43.817;0;95.4;52:05.359;12:12:05.359;2:21.419;0:41.879;0:43.817;249.9;Luca Stolz;0:01:55.810;GTD;;Mercedes-AMG Team Riley Motorsports;Mercedes-AMG;
33;2;17;2:02.846;0;;37.056;0;41.824;0;43.966;0;176.4;54:08.205;12:14:08.205;0:37.056;0:41.824;0:43.966;250.8;Luca Stolz;;GTD;;Mercedes-AMG Team Riley Motorsports;Mercedes-AMG;
33;2;18;2:01.518;0;;36.462;0;41.765;0;43.291;1;178.3;56:09.723;12:16:09.723;0:36.462;0:41.765;0:43.291;250.3;Luca Stolz;;GTD;;Mercedes-AMG Team Riley Motorsports;Mercedes-AMG;
33;2;19;2:03.646;0;;36.361;0;43.687;0;43.598;0;175.2;58:13.369;12:18:13.369;0:36.361;0:43.687;0:43.598;251.3;Luca Stolz;;GTD;;Mercedes-AMG Team Riley Motorsports;Mercedes-AMG;
33;2;20;2:01.967;0;;36.541;0;41.749;0;43.677;0;177.7;1:00:15.336;12:20:15.336;0:36.541;0:41.749;0:43.677;250.8;Luca Stolz;;GTD;;Mercedes-AMG Team Riley Motorsports;Mercedes-AMG;
36;0;1;2:33.042;0;;56.269;0;47.991;0;48.782;0;141.6;2:33.042;11:22:33.042;0:56.269;0:47.991;0:48.782;221.5;Marc Miller;0:00:17.365;GTD;;CJ Wilson Racing;Acura;
36;0;2;2:09.611;0;;39.672;0;44.362;0;45.577;0;167.2;4:42.653;11:24:42.653;0:39.672;0:44.362;0:45.577;249.9;Marc Miller;;GTD;;CJ Wilson Racing;Acura;
36;0;3;3:46.618;0;B;37.560;0;42.842;0;2:26.216;0;95.6;8:29.271;11:28:29.271;0:37.560;0:42.842;2:26.216;251.7;Marc Miller;;GTD;;CJ Wilson Racing;Acura;
36;0;4;2:38.317;0;;1:02.839;0;47.760;0;47.718;0;136.9;11:07.588;11:31:07.588;1:02.839;0:47.760;0:47.718;230.9;Marc Miller;0:02:03.695;GTD;;CJ Wilson Racing;Acura;
36;0;5;2:04.511;0;;37.163;0;42.893;0;44.455;0;174.0;13:12.099;11:33:12.099;0:37.163;0:42.893;0:44.455;248.1;Marc Miller;;GTD;;CJ Wilson Racing;Acura;
36;0;6;2:02.911;0;;36.763;0;42.056;0;44.092;0;176.3;15:15.010;11:35:15.010;0:36.763;0:42.056;0:44.092;250.8;Marc Miller;;GTD;;CJ Wilson Racing;Acura;
36;0;7;2:01.967;2;;36.380;2;41.924;1;43.663;2;177.7;17:16.977;11:37:16.977;0:36.380;0:41.924;0:43.663;251.3;Marc Miller;;GTD;;CJ Wilson Racing;Acura;
36;0;8;10:10.244;0;B;37.210;0;43.018;0;8:50.016;0;35.5;27:27.221;11:47:27.221;0:37.210;0:43.018;8:50.016;249.4;Marc Miller;;GTD;;CJ Wilson Racing;Acura;
36;1;9;2:30.887;0;;1:00.948;0;43.981;0;45.958;0;143.6;29:58.108;11:49:58.108;1:00.948;0:43.981;0:45.958;231.6;Till Bechtolsheimer;0:08:27.798;GTD;;CJ Wilson Racing;Acura;
36;1;10;2:05.318;0;;38.214;0;42.926;0;44.178;0;172.9;32:03.426;11:52:03.426;0:38.214;0:42.926;0:44.178;252.2;Till Bechtolsheimer;;GTD;;CJ Wilson Racing;Acura;
36;1;11;2:03.580;0;;36.844;1;42.643;0;44.093;0;175.3;34:07.006;11:54:07.006;0:36.844;0:42.643;0:44.093;252.7;Till Bechtolsheimer;;GTD;;CJ Wilson Racing;Acura;
36;1;12;2:03.282;0;;37.128;0;42.153;0;44.001;1;175.8;36:10.288;11:56:10.288;0:37.128;0:42.153;0:44.001;251.3;Till Bechtolsheimer;;GTD;;CJ Wilson Racing;Acura;
36;1;13;2:03.223;0;;37.057;0;42.080;1;44.086;0;175.8;38:13.511;11:58:13.511;0:37.057;0:42.080;0:44.086;250.8;Till Bechtolsheimer;;GTD;;CJ Wilson Racing;Acura;
36;1;14;2:04.459;0;;37.312;0;42.760;0;44.387;0;174.1;40:17.970;12:00:17.970;0:37.312;0:42.760;0:44.387;253.6;Till Bechtolsheimer;;GTD;;CJ Wilson Racing;Acura;
36;1;15;4:26.258;0;B;38.100;0;43.459;0;3:04.699;0;81.4;44:44.228;12:04:44.228;0:38.100;0:43.459;3:04.699;222.6;Till Bechtolsheimer;;GTD;;CJ Wilson Racing;Acura;
36;2;16;2:31.416;0;;1:02.627;0;43.945;0;44.844;0;143.1;47:15.644;12:07:15.644;1:02.627;0:43.945;0:44.844;251.3;Kuno Wittmer;0:02:41.300;GTD;;CJ Wilson Racing;Acura;
36;2;17;2:04.420;0;;37.039;0;43.100;0;44.281;0;174.2;49:20.064;12:09:20.064;0:37.039;0:43.100;0:44.281;251.7;Kuno Wittmer;;GTD;;CJ Wilson Racing;Acura;
36;2;18;2:04.831;0;;37.166;0;42.640;0;45.025;0;173.6;51:24.895;12:11:24.895;0:37.166;0:42.640;0:45.025;252.2;Kuno Wittmer;;GTD;;CJ Wilson Racing;Acura;
36;2;19;2:04.551;0;;36.666;0;43.889;0;43.996;0;174.0;53:29.446;12:13:29.446;0:36.666;0:43.889;0:43.996;251.7;Kuno Wittmer;;GTD;;CJ Wilson Racing;Acura;
36;2;20;2:02.155;0;;36.516;1;41.806;2;43.833;1;177.4;55:31.601;12:15:31.601;0:36.516;0:41.806;0:43.833;251.7;Kuno Wittmer;;GTD;;CJ Wilson Racing;Acura;
36;2;21;2:06.128;0;;36.663;0;43.229;0;46.236;0;171.8;57:37.729;12:17:37.729;0:36.663;0:43.229;0:46.236;210.9;Kuno Wittmer;;GTD;;CJ Wilson Racing;Acura;
36;2;22;2:08.114;0;;37.652;0;43.840;0;46.622;0;169.1;59:45.843;12:19:45.843;0:37.652;0:43.840;0:46.622;231.6;Kuno Wittmer;;GTD;;CJ Wilson Racing;Acura;
36;2;23;2:02.708;0;;36.536;0;42.328;0;43.844;0;176.6;1:01:48.551;12:21:48.551;0:36.536;0:42.328;0:43.844;252.2;Kuno Wittmer;;GTD;;CJ Wilson Racing;Acura;
38;0;1;6:57.649;0;B;1:14.923;0;50.315;0;4:52.411;0;51.9;6:57.649;11:26:57.649;1:14.923;0:50.315;4:52.411;239.4;James French;0:00:32.365;P;;Performance Tech Motorsports;ORECA;
38;0;2;2:27.884;0;;1:01.399;0;44.372;0;42.113;0;146.5;9:25.533;11:29:25.533;1:01.399;0:44.372;0:42.113;270.2;James French;0:04:27.099;P;;Performance Tech Motorsports;ORECA;
38;0;3;7:39.196;0;B;35.200;0;41.406;0;6:22.590;0;47.2;17:04.729;11:37:04.729;0:35.200;0:41.406;6:22.590;275.1;James French;;P;;Performance Tech Motorsports;ORECA;
38;0;4;2:24.690;0;;59.049;0;44.336;0;41.305;0;149.8;19:29.419;11:39:29.419;0:59.049;0:44.336;0:41.305;273.4;James French;0:06:02.279;P;;Performance Tech Motorsports;ORECA;
38;0;5;7:52.546;0;B;40.092;0;46.292;0;6:26.162;0;45.9;27:21.965;11:47:21.965;0:40.092;0:46.292;6:26.162;234.4;James French;;P;;Performance Tech Motorsports;ORECA;
38;0;6;2:22.638;0;;59.235;0;42.125;0;41.278;0;151.9;29:44.603;11:49:44.603;0:59.235;0:42.125;0:41.278;275.1;James French;0:06:00.145;P;;Performance Tech Motorsports;ORECA;
38;0;7;1:54.881;0;;34.425;0;40.369;0;40.087;0;188.6;31:39.484;11:51:39.484;0:34.425;0:40.369;0:40.087;275.1;James French;;P;;Performance Tech Motorsports;ORECA;
38;0;8;1:53.465;0;;33.553;0;40.102;0;39.810;0;191.0;33:32.949;11:53:32.949;0:33.553;0:40.102;0:39.810;277.3;James French;;P;;Performance Tech Motorsports;ORECA;
38;0;9;1:53.623;0;;33.635;0;39.882;0;40.106;0;190.7;35:26.572;11:55:26.572;0:33.635;0:39.882;0:40.106;276.2;James French;;P;;Performance Tech Motorsports;ORECA;
38;0;10;1:52.496;0;;33.523;0;39.334;1;39.639;1;192.6;37:19.068;11:57:19.068;0:33.523;0:39.334;0:39.639;275.6;James French;;P;;Performance Tech Motorsports;ORECA;
38;0;11;4:37.372;0;B;33.210;1;40.286;0;3:23.876;0;78.1;41:56.440;12:01:56.440;0:33.210;0:40.286;3:23.876;275.1;James French;;P;;Performance Tech Motorsports;ORECA;
38;2;12;2:17.683;0;;56.376;0;41.308;0;39.999;0;157.4;44:14.123;12:04:14.123;0:56.376;0:41.308;0:39.999;276.8;Pato O'Ward;0:03:04.886;P;;Performance Tech Motorsports;ORECA;
38;2;13;3:49.689;0;B;32.966;0;40.239;0;2:36.484;0;94.3;48:03.812;12:08:03.812;0:32.966;0:40.239;2:36.484;277.9;Pato O'Ward;;P;;Performance Tech Motorsports;ORECA;
38;2;14;2:19.271;0;;55.462;0;40.318;0;43.491;0;155.6;50:23.083;12:10:23.083;0:55.462;0:40.318;0:43.491;185.9;Pato O'Ward;0:02:18.334;P;;Performance Tech Motorsports;ORECA;
38;2;15;1:50.286;0;;33.161;0;38.463;0;38.662;0;196.5;52:13.369;12:12:13.369;0:33.161;0:38.463;0:38.662;278.4;Pato O'Ward;;P;;Performance Tech Motorsports;ORECA;
38;2;16;1:51.236;0;;33.714;0;38.368;0;39.154;0;194.8;54:04.605;12:14:04.605;0:33.714;0:38.368;0:39.154;277.3;Pato O'Ward;;P;;Performance Tech Motorsports;ORECA;
38;2;17;1:50.048;0;;32.436;0;38.405;0;39.207;0;196.9;55:54.653;12:15:54.653;0:32.436;0:38.405;0:39.207;276.8;Pato O'Ward;;P;;Performance Tech Motorsports;ORECA;
38;2;18;1:50.029;0;;32.752;0;38.658;0;38.619;2;196.9;57:44.682;12:17:44.682;0:32.752;0:38.658;0:38.619;277.3;Pato O'Ward;;P;;Performance Tech Motorsports;ORECA;
38;2;19;1:51.928;0;;32.651;0;40.334;0;38.943;0;193.6;59:36.610;12:19:36.610;0:32.651;0:40.334;0:38.943;279.0;Pato O'Ward;;P;;Performance Tech Motorsports;ORECA;
38;2;20;1:49.457;2;;32.248;2;38.246;2;38.963;0;198.0;1:01:26.067;12:21:26.067;0:32.248;0:38.246;0:38.963;276.8;Pato O'Ward;;P;;Performance Tech Motorsports;ORECA;
4;1;1;3:22.074;0;B;1:40.053;0;45.222;0;56.799;0;107.2;3:22.074;11:23:22.074;1:40.053;0:45.222;0:56.799;229.7;Tommy Milner;0:00:57.775;GTLM;;Corvette Racing;Chevrolet;
4;1;2;4:15.318;0;;2:49.734;0;42.329;0;43.255;0;84.9;7:37.392;11:27:37.392;2:49.734;0:42.329;0:43.255;250.3;Tommy Milner;0:02:24.707;GTLM;;Corvette Racing;Chevrolet;
4;1;3;1:59.876;0;;35.702;0;41.551;0;42.623;0;180.8;9:37.268;11:29:37.268;0:35.702;0:41.551;0:42.623;253.1;Tommy Milner;;GTLM;;Corvette Racing;Chevrolet;
4;1;4;2:00.490;0;;36.445;0;41.516;0;42.529;0;179.8;11:37.758;11:31:37.758;0:36.445;0:41.516;0:42.529;252.2;Tommy Milner;;GTLM;;Corvette Racing;Chevrolet;
4;1;5;2:00.817;0;;35.961;0;41.333;0;43.523;0;179.3;13:38.575;11:33:38.575;0:35.961;0:41.333;0:43.523;252.7;Tommy Milner;;GTLM;;Corvette Racing;Chevrolet;
4;1;6;1:59.450;0;;35.765;0;41.181;0;42.504;0;181.4;15:38.025;11:35:38.025;0:35.765;0:41.181;0:42.504;253.1;Tommy Milner;;GTLM;;Corvette Racing;Chevrolet;
4;1;7;1:58.983;2;;35.528;2;41.011;2;42.444;2;182.1;17:37.008;11:37:37.008;0:35.528;0:41.011;0:42.444;252.2;Tommy Milner;;GTLM;;Corvette Racing;Chevrolet;
4;1;8;2:00.598;0;;36.342;0;41.322;0;42.934;0;179.7;19:37.606;11:39:37.606;0:36.342;0:41.322;0:42.934;249.9;Tommy Milner;;GTLM;;Corvette Racing;Chevrolet;
4;1;9;2:23.980;0;B;37.074;0;42.970;0;1:03.936;0;150.5;22:01.586;11:42:01.586;0:37.074;0:42.970;1:03.936;198.6;Tommy Milner;;GTLM;;Corvette Racing;Chevrolet;
4;1;10;7:55.375;0;;6:30.491;0;41.743;0;43.141;0;45.6;29:56.961;11:49:56.961;6:30.491;0:41.743;0:43.141;256.0;Tommy Milner;0:06:10.386;GTLM;;Corvette Racing;Chevrolet;
4;1;11;2:00.057;0;;36.039;0;41.294;0;42.724;0;180.5;31:57.018;11:51:57.018;0:36.039;0:41.294;0:42.724;256.0;Tommy Milner;;GTLM;;Corvette Racing;Chevrolet;
4;1;12;2:03.374;0;;38.262;0;41.208;0;43.904;0;175.6;34:00.392;11:54:00.392;0:38.262;0:41.208;0:43.904;251.7;Tommy Milner;;GTLM;;Corvette Racing;Chevrolet;
4;1;13;1:59.468;0;;35.783;0;41.183;0;42.502;0;181.4;35:59.860;11:55:59.860;0:35.783;0:41.183;0:42.502;253.6;Tommy Milner;;GTLM;;Corvette Racing;Chevrolet;
4;1;14;2:09.850;0;B;35.767;0;42.000;0;52.083;0;166.9;38:09.710;11:58:09.710;0:35.767;0:42.000;0:52.083;253.1;Tommy Milner;;GTLM;;Corvette Racing;Chevrolet;
4;2;15;3:54.285;0;;2:27.599;0;43.017;0;43.669;0;92.5;42:03.995;12:02:03.995;2:27.599;0:43.017;0:43.669;254.6;Marcel Fassler;0:02:00.765;GTLM;;Corvette Racing;Chevrolet;
4;2;16;2:02.139;0;;36.242;0;42.679;0;43.218;0;177.4;44:06.134;12:04:06.134;0:36.242;0:42.679;0:43.218;255.5;Marcel Fassler;;GTLM;;Corvette Racing;Chevrolet;
4;2;17;2:00.446;0;;35.944;0;41.511;0;42.991;0;179.9;46:06.580;12:06:06.580;0:35.944;0:41.511;0:42.991;254.6;Marcel Fassler;;GTLM;;Corvette Racing;Chevrolet;
4;2;18;2:01.370;0;;35.916;0;42.139;0;43.315;0;178.5;48:07.950;12:08:07.950;0:35.916;0:42.139;0:43.315;255.0;Marcel Fassler;;GTLM;;Corvette Racing;Chevrolet;
4;2;19;1:59.712;0;;35.752;0;41.401;1;42.559;1;181.0;50:07.662;12:10:07.662;0:35.752;0:41.401;0:42.559;254.1;Marcel Fassler;;GTLM;;Corvette Racing;Chevrolet;
4;2;20;2:10.739;0;B;35.809;0;41.618;0;53.312;0;165.7;52:18.401;12:12:18.401;0:35.809;0:41.618;0:53.312;254.6;Marcel Fassler;;GTLM;;Corvette Racing;Chevrolet;
4;2;21;3:06.241;0;;1:39.645;0;42.961;0;43.635;0;116.3;55:24.642;12:15:24.642;1:39.645;0:42.961;0:43.635;253.6;Marcel Fassler;0:01:12.013;GTLM;;Corvette Racing;Chevrolet;
4;2;22;2:00.345;0;;36.117;0;41.441;0;42.787;0;180.1;57:24.987;12:17:24.987;0:36.117;0:41.441;0:42.787;255.0;Marcel Fassler;;GTLM;;Corvette Racing;Chevrolet;
4;2;23;2:00.551;0;;35.591;1;41.757;0;43.203;0;179.7;59:25.538;12:19:25.538;0:35.591;0:41.757;0:43.203;256.0;Marcel Fassler;;GTLM;;Corvette Racing;Chevrolet;
4;2;24;1:59.981;0;;35.703;0;41.415;0;42.863;0;180.6;1:01:25.519;12:21:25.519;0:35.703;0:41.415;0:42.863;255.0;Marcel Fassler;;GTLM;;Corvette Racing;Chevrolet;
44;0;1;3:30.365;0;B;1:41.771;0;46.957;0;1:01.637;0;103.0;3:30.365;11:23:30.365;1:41.771;0:46.957;1:01.637;191.1;John Potter;0:01:00.838;GTD;;Magnus Racing;Audi;
44;0;2;4:48.200;0;;3:19.789;0;43.832;0;44.579;0;75.2;8:18.565;11:28:18.565;3:19.789;0:43.832;0:44.579;244.5;John Potter;0:02:53.275;GTD;;Magnus Racing;Audi;
44;0;3;2:03.795;0;;37.389;0;42.632;0;43.774;0;175.0;10:22.360;11:30:22.360;0:37.389;0:42.632;0:43.774;250.3;John Potter;;GTD;;Magnus Racing;Audi;
44;0;4;2:01.962;0;;36.472;0;42.193;0;43.297;1;177.7;12:24.322;11:32:24.322;0:36.472;0:42.193;0:43.297;249.0;John Potter;;GTD;;Magnus Racing;Audi;
44;0;5;2:01.702;0;;36.475;0;41.850;1;43.377;0;178.0;14:26.024;11:34:26.024;0:36.475;0:41.850;0:43.377;248.5;John Potter;;GTD;;Magnus Racing;Audi;
44;0;6;2:11.658;0;B;36.381;1;41.874;0;53.403;0;164.6;16:37.682;11:36:37.682;0:36.381;0:41.874;0:53.403;250.3;John Potter;;GTD;;Magnus Racing;Audi;
44;1;7;13:19.138;0;;11:43.980;0;48.687;0;46.471;0;27.1;29:56.820;11:49:56.820;11:43.980;0:48.687;0:46.471;244.1;Andy Lally;0:11:15.300;GTD;;Magnus Racing;Audi;
44;1;8;2:05.630;0;;39.065;0;42.733;0;43.832;0;172.5;32:02.450;11:52:02.450;0:39.065;0:42.733;0:43.832;247.2;Andy Lally;;GTD;;Magnus Racing;Audi;
44;1;9;2:01.524;0;;36.358;0;41.816;0;43.350;0;178.3;34:03.974;11:54:03.974;0:36.358;0:41.816;0:43.350;250.8;Andy Lally;;GTD;;Magnus Racing;Audi;
44;1;10;2:00.531;2;;35.933;2;41.513;2;43.085;2;179.8;36:04.505;11:56:04.505;0:35.933;0:41.513;0:43.085;250.8;Andy Lally;;GTD;;Magnus Racing;Audi;
44;1;11;2:11.110;0;B;36.049;0;41.796;0;53.265;0;165.3;38:15.615;11:58:15.615;0:36.049;0:41.796;0:53.265;253.1;Andy Lally;;GTD;;Magnus Racing;Audi;
44;0;12;3:58.192;0;;2:27.948;0;44.989;0;45.255;0;91.0;42:13.807;12:02:13.807;2:27.948;0:44.989;0:45.255;248.5;John Potter;0:01:57.882;GTD;;Magnus Racing;Audi;
44;0;13;2:06.293;0;;37.459;0;44.005;0;44.829;0;171.6;44:20.100;12:04:20.100;0:37.459;0:44.005;0:44.829;249.0;John Potter;;GTD;;Magnus Racing;Audi;
44;0;14;2:03.958;0;;36.824;0;43.078;0;44.056;0;174.8;46:24.058;12:06:24.058;0:36.824;0:43.078;0:44.056;248.5;John Potter;;GTD;;Magnus Racing;Audi;
44;0;15;2:03.292;0;;36.642;0;42.630;0;44.020;0;175.7;48:27.350;12:08:27.350;0:36.642;0:42.630;0:44.020;249.4;John Potter;;GTD;;Magnus Racing;Audi;
44;0;16;2:02.884;0;;36.817;0;42.322;0;43.745;0;176.3;50:30.234;12:10:30.234;0:36.817;0:42.322;0:43.745;249.9;John Potter;;GTD;;Magnus Racing;Audi;
44;0;17;2:04.113;0;;37.170;0;42.580;0;44.363;0;174.6;52:34.347;12:12:34.347;0:37.170;0:42.580;0:44.363;250.3;John Potter;;GTD;;Magnus Racing;Audi;
44;0;18;2:13.797;0;B;36.849;0;42.955;0;53.993;0;161.9;54:48.144;12:14:48.144;0:36.849;0:42.955;0:53.993;249.9;John Potter;;GTD;;Magnus Racing;Audi;
44;0;19;5:08.417;0;;3:40.922;0;43.262;0;44.233;0;70.3;59:56.561;12:19:56.561;3:40.922;0:43.262;0:44.233;249.4;John Potter;0:03:13.807;GTD;;Magnus Racing;Audi;
44;0;20;2:05.096;0;;36.717;0;43.195;0;45.184;0;173.2;1:02:01.657;12:22:01.657;0:36.717;0:43.195;0:45.184;247.6;John Potter;;GTD;;Magnus Racing;Audi;
48;0;1;10:40.950;0;B;8:48.956;0;54.397;0;57.597;0;33.8;10:40.950;11:30:40.950;8:48.956;0:54.397;0:57.597;247.6;Bryan Sellers;0:08:05.436;GTD;;Paul Miller Racing;Lamborghini;
48;0;2;4:38.237;0;;3:06.912;0;47.101;0;44.224;0;77.9;15:19.187;11:35:19.187;3:06.912;0:47.101;0:44.224;249.9;Bryan Sellers;0:02:39.746;GTD;;Paul Miller Racing;Lamborghini;
48;0;3;2:02.065;0;;36.790;0;41.802;0;43.473;0;177.5;17:21.252;11:37:21.252;0:36.790;0:41.802;0:43.473;254.1;Bryan Sellers;;GTD;;Paul Miller Racing;Lamborghini;
48;0;4;2:01.525;0;;36.651;0;41.661;2;43.213;0;178.3;19:22.777;11:39:22.777;0:36.651;0:41.661;0:43.213;252.7;Bryan Sellers;;GTD;;Paul Miller Racing;Lamborghini;
48;0;5;2:12.200;0;B;36.474;0;41.413;0;54.313;0;163.9;21:34.977;11:41:34.977;0:36.474;0:41.413;0:54.313;251.3;Bryan Sellers;;GTD;;Paul Miller Racing;Lamborghini;
48;0;6;8:34.011;0;;7:09.164;0;41.667;0;43.180;2;42.2;30:08.988;11:50:08.988;7:09.164;0:41.667;0:43.180;252.7;Bryan Sellers;0:06:43.422;GTD;;Paul Miller Racing;Lamborghini;
48;0;7;2:01.233;2;;36.079;2;41.806;0;43.348;0;178.7;32:10.221;11:52:10.221;0:36.079;0:41.806;0:43.348;251.7;Bryan Sellers;;GTD;;Paul Miller Racing;Lamborghini;
48;0;8;2:11.403;0;B;36.659;0;41.682;0;53.062;0;164.9;34:21.624;11:54:21.624;0:36.659;0:41.682;0:53.062;248.5;Bryan Sellers;;GTD;;Paul Miller Racing;Lamborghini;
48;1;9;5:13.450;0;;3:44.202;0;44.171;0;45.077;0;69.1;39:35.074;11:59:35.074;3:44.202;0:44.171;0:45.077;251.3;Madison Snow;0:03:16.850;GTD;;Paul Miller Racing;Lamborghini;
48;1;10;2:03.751;0;;36.960;0;42.235;0;44.556;0;175.1;41:38.825;12:01:38.825;0:36.960;0:42.235;0:44.556;251.3;Madison Snow;;GTD;;Paul Miller Racing;Lamborghini;
48;1;11;2:02.180;0;;36.555;0;41.701;1;43.924;0;177.3;43:41.005;12:03:41.005;0:36.555;0:41.701;0:43.924;253.1;Madison Snow;;GTD;;Paul Miller Racing;Lamborghini;
48;1;12;2:02.308;0;;36.407;0;42.025;0;43.876;1;177.2;45:43.313;12:05:43.313;0:36.407;0:42.025;0:43.876;253.1;Madison Snow;;GTD;;Paul Miller Racing;Lamborghini;
48;1;13;2:02.152;0;;36.155;1;41.954;0;44.043;0;177.4;47:45.465;12:07:45.465;0:36.155;0:41.954;0:44.043;254.6;Madison Snow;;GTD;;Paul Miller Racing;Lamborghini;
48;1;14;2:12.365;0;B;36.531;0;42.327;0;53.507;0;163.7;49:57.830;12:09:57.830;0:36.531;0:42.327;0:53.507;251.7;Madison Snow;;GTD;;Paul Miller Racing;Lamborghini;
48;2;15;4:32.792;0;;3:05.017;0;43.355;0;44.420;0;79.4;54:30.622;12:14:30.622;3:05.017;0:43.355;0:44.420;252.2;Corey Lewis;0:02:38.311;GTD;;Paul Miller Racing;Lamborghini;
48;2;16;2:02.570;0;;36.680;0;42.282;0;43.608;0;176.8;56:33.192;12:16:33.192;0:36.680;0:42.282;0:43.608;252.7;Corey Lewis;;GTD;;Paul Miller Racing;Lamborghini;
48;2;17;2:01.996;0;;36.420;0;42.071;0;43.505;1;177.6;58:35.188;12:18:35.188;0:36.420;0:42.071;0:43.505;251.3;Corey Lewis;;GTD;;Paul Miller Racing;Lamborghini;
48;2;18;2:01.901;0;;36.160;1;42.006;1;43.735;0;177.8;1:00:37.089;12:20:37.089;0:36.160;0:42.006;0:43.735;252.7;Corey Lewis;;GTD;;Paul Miller Racing;Lamborghini;
5;2;1;2:15.170;0;;49.231;0;44.594;0;41.345;0;160.3;2:15.170;11:22:15.170;0:49.231;0:44.594;0:41.345;269.6;Christian Fittipaldi;0:00:10.106;P;;Mustang Sampling Racing;Cadillac;
5;2;2;1:53.344;0;;34.623;0;39.340;0;39.381;0;191.2;4:08.514;11:24:08.514;0:34.623;0:39.340;0:39.381;270.7;Christian Fittipaldi;;P;;Mustang Sampling Racing;Cadillac;
5;2;3;1:51.640;0;;32.554;0;39.741;0;39.345;0;194.1;6:00.154;11:26:00.154;0:32.554;0:39.741;0:39.345;270.7;Christian Fittipaldi;;P;;Mustang Sampling Racing;Cadillac;
5;2;4;1:49.743;0;;32.138;2;38.690;0;38.915;0;197.4;7:49.897;11:27:49.897;0:32.138;0:38.690;0:38.915;270.2;Christian Fittipaldi;;P;;Mustang Sampling Racing;Cadillac;
5;2;5;1:49.938;0;;32.607;0;38.542;1;38.789;2;197.1;9:39.835;11:29:39.835;0:32.607;0:38.542;0:38.789;271.8;Christian Fittipaldi;;P;;Mustang Sampling Racing;Cadillac;
5;2;6;2:02.431;0;B;33.553;0;39.294;0;49.584;0;177.0;11:42.266;11:31:42.266;0:33.553;0:39.294;0:49.584;273.4;Christian Fittipaldi;;P;;Mustang Sampling Racing;Cadillac;
5;2;7;6:26.603;0;;5:08.498;0;39.305;0;38.800;0;56.0;18:08.869;11:38:08.869;5:08.498;0:39.305;0:38.800;273.4;Christian Fittipaldi;0:04:45.039;P;;Mustang Sampling Racing;Cadillac;
5;2;8;2:00.835;0;B;32.868;0;38.654;0;49.313;0;179.3;20:09.704;11:40:09.704;0:32.868;0:38.654;0:49.313;271.8;Christian Fittipaldi;;P;;Mustang Sampling Racing;Cadillac;
5;0;9;10:48.756;0;;9:29.066;0;39.234;0;40.456;0;33.4;30:58.460;11:50:58.460;9:29.066;0:39.234;0:40.456;275.1;Filipe Albuquerque;0:09:06.277;P;;Mustang Sampling Racing;Cadillac;
5;0;10;1:50.829;0;;32.695;0;38.372;0;39.762;0;195.5;32:49.289;11:52:49.289;0:32.695;0:38.372;0:39.762;272.9;Filipe Albuquerque;;P;;Mustang Sampling Racing;Cadillac;
5;0;11;1:53.249;0;;32.356;0;38.142;0;42.751;0;191.3;34:42.538;11:54:42.538;0:32.356;0:38.142;0:42.751;234.4;Filipe Albuquerque;;P;;Mustang Sampling Racing;Cadillac;
5;0;12;1:49.956;0;;32.518;0;38.234;0;39.204;0;197.1;36:32.494;11:56:32.494;0:32.518;0:38.234;0:39.204;274.5;Filipe Albuquerque;;P;;Mustang Sampling Racing;Cadillac;
5;0;13;1:51.098;0;;32.658;0;38.407;0;40.033;0;195.0;38:23.592;11:58:23.592;0:32.658;0:38.407;0:40.033;272.9;Filipe Albuquerque;;P;;Mustang Sampling Racing;Cadillac;
5;0;14;1:51.410;0;;32.144;1;38.281;0;40.985;0;194.5;40:15.002;12:00:15.002;0:32.144;0:38.281;0:40.985;270.2;Filipe Albuquerque;;P;;Mustang Sampling Racing;Cadillac;
5;0;15;2:02.378;0;B;32.512;0;39.142;0;50.724;0;177.1;42:17.380;12:02:17.380;0:32.512;0:39.142;0:50.724;275.1;Filipe Albuquerque;;P;;Mustang Sampling Racing;Cadillac;
5;0;16;10:03.788;0;;8:39.504;0;39.484;0;44.800;0;35.9;52:21.168;12:12:21.168;8:39.504;0:39.484;0:44.800;257.9;Filipe Albuquerque;0:08:16.082;P;;Mustang Sampling Racing;Cadillac;
5;0;17;1:49.386;2;;32.411;0;37.904;2;39.071;0;198.1;54:10.554;12:14:10.554;0:32.411;0:37.904;0:39.071;275.1;Filipe Albuquerque;;P;;Mustang Sampling Racing;Cadillac;
5;0;18;1:51.535;0;;33.496;0;39.132;0;38.907;1;194.3;56:02.089;12:16:02.089;0:33.496;0:39.132;0:38.907;274.5;Filipe Albuquerque;;P;;Mustang Sampling Racing;Cadillac;
5;0;19;1:56.301;0;;32.521;0;39.442;0;44.338;0;186.3;57:58.390;12:17:58.390;0:32.521;0:39.442;0:44.338;241.9;Filipe Albuquerque;;P;;Mustang Sampling Racing;Cadillac;
5;0;20;1:50.115;0;;32.239;0;38.576;0;39.300;0;196.8;59:48.505;12:19:48.505;0:32.239;0:38.576;0:39.300;274.5;Filipe Albuquerque;;P;;Mustang Sampling Racing;Cadillac;
5;0;21;1:50.962;0;;33.349;0;38.678;0;38.935;0;195.3;1:01:39.467;12:21:39.467;0:33.349;0:38.678;0:38.935;274.0;Filipe Albuquerque;;P;;Mustang Sampling Racing;Cadillac;
51;1;1;4:07.787;0;B;1:00.766;0;48.472;0;2:18.549;0;87.4;4:07.787;11:24:07.787;1:00.766;0:48.472;2:18.549;214.5;Pedro Lamy;0:00:19.960;GTD;;Spirit of Race;Ferrari;
51;1;2;2:30.601;0;;1:00.003;0;45.337;0;45.261;0;143.9;6:38.388;11:26:38.388;1:00.003;0:45.337;0:45.261;250.8;Pedro Lamy;0:01:52.949;GTD;;Spirit of Race;Ferrari;
51;1;3;2:03.540;0;;36.609;0;43.025;0;43.906;0;175.4;8:41.928;11:28:41.928;0:36.609;0:43.025;0:43.906;253.6;Pedro Lamy;;GTD;;Spirit of Race;Ferrari;
51;1;4;2:01.603;0;;36.093;0;42.181;0;43.329;0;178.2;10:43.531;11:30:43.531;0:36.093;0:42.181;0:43.329;253.6;Pedro Lamy;;GTD;;Spirit of Race;Ferrari;
51;1;5;2:01.913;0;;36.772;0;42.027;0;43.114;2;177.7;12:45.444;11:32:45.444;0:36.772;0:42.027;0:43.114;253.6;Pedro Lamy;;GTD;;Spirit of Race;Ferrari;
51;1;6;4:16.150;0;B;36.923;0;44.799;0;2:54.428;0;84.6;17:01.594;11:37:01.594;0:36.923;0:44.799;2:54.428;228.2;Pedro Lamy;;GTD;;Spirit of Race;Ferrari;
51;1;7;2:26.470;0;;58.874;0;43.669;0;43.927;0;147.9;19:28.064;11:39:28.064;0:58.874;0:43.669;0:43.927;254.1;Pedro Lamy;0:02:30.658;GTD;;Spirit of Race;Ferrari;
51;1;8;2:25.930;0;B;38.855;0;46.617;0;1:00.458;0;148.5;21:53.994;11:41:53.994;0:38.855;0:46.617;1:00.458;251.3;Pedro Lamy;;GTD;;Spirit of Race;Ferrari;
51;1;9;7:25.535;0;;5:58.786;0;42.832;0;43.917;0;48.6;29:19.529;11:49:19.529;5:58.786;0:42.832;0:43.917;255.0;Pedro Lamy;0:05:34.280;GTD;;Spirit of Race;Ferrari;
51;1;10;2:01.751;0;;36.716;0;41.898;0;43.137;0;178.0;31:21.280;11:51:21.280;0:36.716;0:41.898;0:43.137;256.9;Pedro Lamy;;GTD;;Spirit of Race;Ferrari;
51;1;11;2:05.369;0;;36.472;0;42.437;0;46.460;0;172.8;33:26.649;11:53:26.649;0:36.472;0:42.437;0:46.460;215.5;Pedro Lamy;;GTD;;Spirit of Race;Ferrari;
51;1;12;2:01.140;0;;35.789;1;41.717;1;43.634;0;178.9;35:27.789;11:55:27.789;0:35.789;0:41.717;0:43.634;254.6;Pedro Lamy;;GTD;;Spirit of Race;Ferrari;
51;1;13;4:30.492;0;B;37.383;0;43.328;0;3:09.781;0;80.1;39:58.281;11:59:58.281;0:37.383;0:43.328;3:09.781;254.1;Pedro Lamy;;GTD;;Spirit of Race;Ferrari;
51;3;14;2:32.107;0;;1:01.369;0;46.026;0;44.712;0;142.5;42:30.388;12:02:30.388;1:01.369;0:46.026;0:44.712;256.0;Daniel Serra;0:02:48.192;GTD;;Spirit of Race;Ferrari;
51;3;15;2:03.078;0;;36.475;0;42.467;0;44.136;0;176.1;44:33.466;12:04:33.466;0:36.475;0:42.467;0:44.136;255.0;Daniel Serra;;GTD;;Spirit of Race;Ferrari;
51;3;16;2:02.925;0;;37.606;0;41.908;0;43.411;0;176.3;46:36.391;12:06:36.391;0:37.606;0:41.908;0:43.411;255.0;Daniel Serra;;GTD;;Spirit of Race;Ferrari;
51;3;17;2:00.923;0;;36.049;0;41.553;0;43.321;0;179.2;48:37.314;12:08:37.314;0:36.049;0:41.553;0:43.321;254.6;Daniel Serra;;GTD;;Spirit of Race;Ferrari;
51;3;18;5:37.367;0;B;35.868;0;41.551;0;4:19.948;0;64.2;54:14.681;12:14:14.681;0:35.868;0:41.551;4:19.948;254.6;Daniel Serra;;GTD;;Spirit of Race;Ferrari;
51;3;19;2:23.035;0;;57.515;0;42.178;0;43.342;0;151.5;56:37.716;12:16:37.716;0:57.515;0:42.178;0:43.342;253.6;Daniel Serra;0:03:57.686;GTD;;Spirit of Race;Ferrari;
51;3;20;2:00.424;2;;35.728;2;41.472;2;43.224;1;179.9;58:38.140;12:18:38.140;0:35.728;0:41.472;0:43.224;255.0;Daniel Serra;;GTD;;Spirit of Race;Ferrari;
51;3;21;2:00.838;0;;35.732;0;41.674;0;43.432;0;179.3;1:00:38.978;12:20:38.978;0:35.732;0:41.674;0:43.432;254.6;Daniel Serra;;GTD;;Spirit of Race;Ferrari;
52;0;1;2:35.110;0;;1:04.785;0;45.768;0;44.557;0;139.7;2:35.110;11:22:35.110;1:04.785;0:45.768;0:44.557;216.2;Sebastian Saavedra;0:00:24.570;P;;AFS/PR1 Mathiasen Motorsports;Ligier;
52;0;2;2:00.586;0;;37.272;0;41.979;0;41.335;0;179.7;4:35.696;11:24:35.696;0:37.272;0:41.979;0:41.335;249.0;Sebastian Saavedra;;P;;AFS/PR1 Mathiasen Motorsports;Ligier;
52;0;3;1:54.172;0;;34.198;0;39.736;0;40.238;0;189.8;6:29.868;11:26:29.868;0:34.198;0:39.736;0:40.238;271.8;Sebastian Saavedra;;P;;AFS/PR1 Mathiasen Motorsports;Ligier;
52;0;4;1:57.573;0;;34.126;0;41.314;0;42.133;0;184.3;8:27.441;11:28:27.441;0:34.126;0:41.314;0:42.133;234.0;Sebastian Saavedra;;P;;AFS/PR1 Mathiasen Motorsports;Ligier;
52;0;5;1:53.424;0;;34.156;0;39.161;0;40.107;0;191.0;10:20.865;11:30:20.865;0:34.156;0:39.161;0:40.107;257.4;Sebastian Saavedra;;P;;AFS/PR1 Mathiasen Motorsports;Ligier;
52;0;6;1:52.712;0;;33.924;0;39.171;0;39.617;1;192.2;12:13.577;11:32:13.577;0:33.924;0:39.171;0:39.617;277.3;Sebastian Saavedra;;P;;AFS/PR1 Mathiasen Motorsports;Ligier;
52;0;7;6:01.787;0;B;33.414;0;38.817;0;4:49.556;0;59.9;18:15.364;11:38:15.364;0:33.414;0:38.817;4:49.556;277.3;Sebastian Saavedra;;P;;AFS/PR1 Mathiasen Motorsports;Ligier;
52;0;8;9:15.905;0;B;57.878;0;41.893;0;7:36.134;0;39.0;27:31.269;11:47:31.269;0:57.878;0:41.893;7:36.134;238.1;Sebastian Saavedra;0:04:31.492;P;;AFS/PR1 Mathiasen Motorsports;Ligier;
52;0;9;2:18.583;0;;56.228;0;40.841;0;41.514;0;156.4;29:49.852;11:49:49.852;0:56.228;0:40.841;0:41.514;274.0;Sebastian Saavedra;0:07:14.598;P;;AFS/PR1 Mathiasen Motorsports;Ligier;
52;0;10;1:52.920;0;;33.617;0;38.714;0;40.589;0;191.9;31:42.772;11:51:42.772;0:33.617;0:38.714;0:40.589;276.2;Sebastian Saavedra;;P;;AFS/PR1 Mathiasen Motorsports;Ligier;
52;0;11;1:51.615;0;;33.189;1;38.618;1;39.808;0;194.1;33:34.387;11:53:34.387;0:33.189;0:38.618;0:39.808;279.0;Sebastian Saavedra;;P;;AFS/PR1 Mathiasen Motorsports;Ligier;
52;0;12;3:37.734;0;B;33.226;0;39.410;0;2:25.098;0;99.5;37:12.121;11:57:12.121;0:33.226;0:39.410;2:25.098;249.0;Sebastian Saavedra;;P;;AFS/PR1 Mathiasen Motorsports;Ligier;
52;1;13;2:22.580;0;;1:00.302;0;40.731;0;41.547;0;152.0;39:34.701;11:59:34.701;1:00.302;0:40.731;0:41.547;272.9;Gustavo Yacaman;0:02:06.109;P;;AFS/PR1 Mathiasen Motorsports;Ligier;
52;1;14;1:53.929;0;;35.014;0;39.581;0;39.334;0;190.2;41:28.630;12:01:28.630;0:35.014;0:39.581;0:39.334;277.3;Gustavo Yacaman;;P;;AFS/PR1 Mathiasen Motorsports;Ligier;
52;1;15;1:50.907;2;;33.146;2;38.836;0;38.925;0;195.4;43:19.537;12:03:19.537;0:33.146;0:38.836;0:38.925;279.6;Gustavo Yacaman;;P;;AFS/PR1 Mathiasen Motorsports;Ligier;
52;1;16;1:52.789;0;;35.246;0;38.767;0;38.776;2;192.1;45:12.326;12:05:12.326;0:35.246;0:38.767;0:38.776;278.4;Gustavo Yacaman;;P;;AFS/PR1 Mathiasen Motorsports;Ligier;
52;1;17;3:40.038;0;B;33.710;0;39.375;0;2:26.953;0;98.5;48:52.364;12:08:52.364;0:33.710;0:39.375;2:26.953;218.0;Gustavo Yacaman;;P;;AFS/PR1 Mathiasen Motorsports;Ligier;
52;1;18;2:14.157;0;;55.916;0;39.230;0;39.011;0;161.5;51:06.521;12:11:06.521;0:55.916;0:39.230;0:39.011;277.9;Gustavo Yacaman;0:02:06.638;P;;AFS/PR1 Mathiasen Motorsports;Ligier;
52;1;19;4:55.059;0;B;33.565;0;38.566;2;3:42.928;0;73.4;56:01.580;12:16:01.580;0:33.565;0:38.566;3:42.928;278.4;Gustavo Yacaman;;P;;AFS/PR1 Mathiasen Motorsports;Ligier;
52;1;20;2:16.170;0;;57.226;0;39.813;0;39.131;0;159.1;58:17.750;12:18:17.750;0:57.226;0:39.813;0:39.131;277.3;Gustavo Yacaman;0:03:23.677;P;;AFS/PR1 Mathiasen Motorsports;Ligier;
52;1;21;1:53.040;0;;34.705;0;39.122;0;39.213;0;191.7;1:00:10.790;12:20:10.790;0:34.705;0:39.122;0:39.213;277.9;Gustavo Yacaman;;P;;AFS/PR1 Mathiasen Motorsports;Ligier;
54;1;1;3:07.354;0;B;1:28.996;0;44.412;2;53.946;2;115.7;3:07.354;11:23:07.354;1:28.996;0:44.412;0:53.946;246.3;Colin Braun;0:00:51.021;P;;CORE autosport;ORECA;
55;0;1;3:28.897;0;;1:58.972;0;46.664;0;43.261;0;103.7;3:28.897;11:23:28.897;1:58.972;0:46.664;0:43.261;216.2;Jonathan Bomarito;0:01:19.053;P;;Mazda Team Joest;Mazda;
55;0;2;1:54.310;0;;35.027;0;39.323;0;39.960;0;189.6;5:23.207;11:25:23.207;0:35.027;0:39.323;0:39.960;272.3;Jonathan Bomarito;;P;;Mazda Team Joest;Mazda;
55;0;3;8:41.743;0;B;33.874;0;41.896;0;7:25.973;0;41.5;14:04.950;11:34:04.950;0:33.874;0:41.896;7:25.973;272.3;Jonathan Bomarito;;P;;Mazda Team Joest;Mazda;
55;0;4;2:18.261;0;;57.929;0;41.036;0;39.296;0;156.7;16:23.211;11:36:23.211;0:57.929;0:41.036;0:39.296;275.1;Jonathan Bomarito;0:07:09.191;P;;Mazda Team Joest;Mazda;
55;0;5;1:52.559;0;;34.647;0;38.284;0;39.628;0;192.5;18:15.770;11:38:15.770;0:34.647;0:38.284;0:39.628;274.0;Jonathan Bomarito;;P;;Mazda Team Joest;Mazda;
55;0;6;2:06.984;0;B;32.818;0;38.420;0;55.746;0;170.6;20:22.754;11:40:22.754;0:32.818;0:38.420;0:55.746;202.4;Jonathan Bomarito;;P;;Mazda Team Joest;Mazda;
55;0;7;8:39.341;0;;7:20.017;0;40.204;0;39.120;0;41.7;29:02.095;11:49:02.095;7:20.017;0:40.204;0:39.120;273.4;Jonathan Bomarito;0:06:56.841;P;;Mazda Team Joest;Mazda;
55;0;8;1:49.467;0;;32.508;0;38.253;0;38.706;0;197.9;30:51.562;11:50:51.562;0:32.508;0:38.253;0:38.706;275.6;Jonathan Bomarito;;P;;Mazda Team Joest;Mazda;
55;0;9;1:50.504;0;;32.455;0;39.114;0;38.935;0;196.1;32:42.066;11:52:42.066;0:32.455;0:39.114;0:38.935;276.8;Jonathan Bomarito;;P;;Mazda Team Joest;Mazda;
55;0;10;10:30.123;0;B;32.536;0;38.041;0;9:19.546;0;34.4;43:12.189;12:03:12.189;0:32.536;0:38.041;9:19.546;276.2;Jonathan Bomarito;;P;;Mazda Team Joest;Mazda;
55;0;11;2:23.012;0;;1:04.868;0;39.354;0;38.790;0;151.5;45:35.201;12:05:35.201;1:04.868;0:39.354;0:38.790;274.0;Jonathan Bomarito;0:09:03.159;P;;Mazda Team Joest;Mazda;
55;0;12;1:48.544;2;;32.297;2;37.558;4;38.689;2;199.6;47:23.745;12:07:23.745;0:32.297;0:37.558;0:38.689;274.5;Jonathan Bomarito;;P;;Mazda Team Joest;Mazda;
55;0;13;3:31.857;0;B;32.454;0;37.994;0;2:21.409;0;102.3;50:55.602;12:10:55.602;0:32.454;0:37.994;2:21.409;214.2;Jonathan Bomarito;;P;;Mazda Team Joest;Mazda;
55;2;14;2:23.610;0;;1:01.553;0;41.474;0;40.583;0;150.9;53:19.212;12:13:19.212;1:01.553;0:41.474;0:40.583;276.2;Spencer Pigot;0:02:02.312;P;;Mazda Team Joest;Mazda;
55;2;15;1:52.523;0;;33.836;0;38.919;0;39.768;0;192.6;55:11.735;12:15:11.735;0:33.836;0:38.919;0:39.768;273.4;Spencer Pigot;;P;;Mazda Team Joest;Mazda;
55;2;16;1:50.328;0;;32.977;0;38.304;1;39.047;1;196.4;57:02.063;12:17:02.063;0:32.977;0:38.304;0:39.047;274.0;Spencer Pigot;;P;;Mazda Team Joest;Mazda;
55;2;17;1:52.136;0;;32.562;1;38.816;0;40.758;0;193.2;58:54.199;12:18:54.199;0:32.562;0:38.816;0:40.758;272.9;Spencer Pigot;;P;;Mazda Team Joest;Mazda;
55;2;18;1:52.046;0;;33.069;0;38.764;0;40.213;0;193.4;1:00:46.245;12:20:46.245;0:33.069;0:38.764;0:40.213;274.5;Spencer Pigot;;P;;Mazda Team Joest;Mazda;
58;0;1;6:11.609;0;B;2:52.769;0;53.671;0;2:25.169;0;58.3;6:11.609;11:26:11.609;2:52.769;0:53.671;2:25.169;186.9;Patrick Long;0:02:08.287;GTD;;Wright Motorsports;Porsche;
58;0;2;2:35.755;0;;1:03.634;0;45.986;0;46.135;0;139.1;8:47.364;11:28:47.364;1:03.634;0:45.986;0:46.135;230.5;Patrick Long;0:01:54.795;GTD;;Wright Motorsports;Porsche;
58;0;3;2:04.530;0;;38.464;0;42.625;0;43.441;0;174.0;10:51.894;11:30:51.894;0:38.464;0:42.625;0:43.441;251.3;Patrick Long;;GTD;;Wright Motorsports;Porsche;
58;0;4;2:00.929;2;;36.351;0;41.566;2;43.012;2;179.2;12:52.823;11:32:52.823;0:36.351;0:41.566;0:43.012;252.2;Patrick Long;;GTD;;Wright Motorsports;Porsche;
58;0;5;2:04.732;0;;36.262;0;42.268;0;46.202;0;173.7;14:57.555;11:34:57.555;0:36.262;0:42.268;0:46.202;218.3;Patrick Long;;GTD;;Wright Motorsports;Porsche;
58;0;6;4:27.329;0;B;36.746;0;43.335;0;3:07.248;0;81.1;19:24.884;11:39:24.884;0:36.746;0:43.335;3:07.248;250.3;Patrick Long;;GTD;;Wright Motorsports;Porsche;
58;0;7;9:42.558;0;;8:15.821;0;43.448;0;43.289;0;37.2;29:07.442;11:49:07.442;8:15.821;0:43.448;0:43.289;251.7;Patrick Long;0:10:05.007;GTD;;Wright Motorsports;Porsche;
58;0;8;2:01.485;0;;36.246;1;41.872;0;43.367;0;178.4;31:08.927;11:51:08.927;0:36.246;0:41.872;0:43.367;253.1;Patrick Long;;GTD;;Wright Motorsports;Porsche;
58;0;9;4:15.916;0;B;36.310;0;41.778;0;2:57.828;0;84.7;35:24.843;11:55:24.843;0:36.310;0:41.778;2:57.828;252.7;Patrick Long;;GTD;;Wright Motorsports;Porsche;
58;1;10;2:45.397;0;;1:07.375;0;51.572;0;46.450;0;131.0;38:10.240;11:58:10.240;1:07.375;0:51.572;0:46.450;241.9;Christina Nielsen;0:02:38.653;GTD;;Wright Motorsports;Porsche;
58;1;11;2:06.366;0;;37.826;0;42.815;0;45.725;0;171.5;40:16.606;12:00:16.606;0:37.826;0:42.815;0:45.725;230.5;Christina Nielsen;;GTD;;Wright Motorsports;Porsche;
58;1;12;2:07.376;0;;39.203;0;43.183;0;44.990;0;170.1;42:23.982;12:02:23.982;0:39.203;0:43.183;0:44.990;250.8;Christina Nielsen;;GTD;;Wright Motorsports;Porsche;
58;1;13;2:03.929;0;;37.133;0;42.960;0;43.836;0;174.8;44:27.911;12:04:27.911;0:37.133;0:42.960;0:43.836;251.7;Christina Nielsen;;GTD;;Wright Motorsports;Porsche;
58;1;14;2:02.556;0;;36.487;0;42.337;0;43.732;0;176.8;46:30.467;12:06:30.467;0:36.487;0:42.337;0:43.732;251.3;Christina Nielsen;;GTD;;Wright Motorsports;Porsche;
58;1;15;2:02.330;0;;36.237;2;42.400;0;43.693;1;177.1;48:32.797;12:08:32.797;0:36.237;0:42.400;0:43.693;251.7;Christina Nielsen;;GTD;;Wright Motorsports;Porsche;
58;1;16;2:01.715;0;;36.254;0;41.663;1;43.798;0;178.0;50:34.512;12:10:34.512;0:36.254;0:41.663;0:43.798;253.1;Christina Nielsen;;GTD;;Wright Motorsports;Porsche;
58;1;17;4:50.777;0;B;38.174;0;43.249;0;3:29.354;0;74.5;55:25.289;12:15:25.289;0:38.174;0:43.249;3:29.354;249.4;Christina Nielsen;;GTD;;Wright Motorsports;Porsche;
58;1;18;2:37.444;0;;1:06.269;0;45.834;0;45.341;0;137.6;58:02.733;12:18:02.733;1:06.269;0:45.834;0:45.341;251.3;Christina Nielsen;0:03:07.337;GTD;;Wright Motorsports;Porsche;
58;1;19;2:03.968;0;;37.664;0;42.503;0;43.801;0;174.8;1:00:06.701;12:20:06.701;0:37.664;0:42.503;0:43.801;253.1;Christina Nielsen;;GTD;;Wright Motorsports;Porsche;
6;2;1;4:52.507;0;B;1:57.662;0;49.757;0;2:05.088;0;74.1;4:52.507;11:24:52.507;1:57.662;0:49.757;2:05.088;207.0;Simon Pagenaud;0:01:14.077;P;;Acura Team Penske;Acura;
6;2;2;3:46.563;0;B;1:02.699;0;47.646;0;1:56.218;0;95.6;8:39.070;11:28:39.070;1:02.699;0:47.646;1:56.218;232.4;Simon Pagenaud;0:01:38.116;P;;Acura Team Penske;Acura;
6;2;3;2:24.076;0;;59.898;0;41.894;0;42.284;0;150.4;11:03.146;11:31:03.146;0:59.898;0:41.894;0:42.284;274.5;Simon Pagenaud;0:01:33.811;P;;Acura Team Penske;Acura;
6;2;4;1:51.540;0;;34.055;0;38.297;0;39.188;0;194.3;12:54.686;11:32:54.686;0:34.055;0:38.297;0:39.188;279.6;Simon Pagenaud;;P;;Acura Team Penske;Acura;
6;2;5;1:51.756;0;;33.645;0;39.254;0;38.857;0;193.9;14:46.442;11:34:46.442;0:33.645;0:39.254;0:38.857;276.8;Simon Pagenaud;;P;;Acura Team Penske;Acura;
6;2;6;1:48.950;2;;32.361;0;38.063;1;38.526;2;198.9;16:35.392;11:36:35.392;0:32.361;0:38.063;0:38.526;279.6;Simon Pagenaud;;P;;Acura Team Penske;Acura;
6;2;7;1:50.403;0;;32.226;0;38.270;0;39.907;0;196.3;18:25.795;11:38:25.795;0:32.226;0:38.270;0:39.907;278.4;Simon Pagenaud;;P;;Acura Team Penske;Acura;
6;2;8;11:55.906;0;B;32.201;2;37.916;0;10:45.789;0;30.3;30:21.701;11:50:21.701;0:32.201;0:37.916;10:45.789;249.0;Simon Pagenaud;;P;;Acura Team Penske;Acura;
6;0;9;2:15.462;0;;56.661;0;39.310;0;39.491;0;160.0;32:37.163;11:52:37.163;0:56.661;0:39.310;0:39.491;272.9;Dane Cameron;0:10:24.446;P;;Acura Team Penske;Acura;
6;0;10;1:50.652;0;;32.251;1;38.061;0;40.340;0;195.8;34:27.815;11:54:27.815;0:32.251;0:38.061;0:40.340;271.8;Dane Cameron;;P;;Acura Team Penske;Acura;
6;0;11;6:42.326;0;B;32.398;0;37.881;2;5:32.047;0;53.9;41:10.141;12:01:10.141;0:32.398;0:37.881;5:32.047;275.6;Dane Cameron;;P;;Acura Team Penske;Acura;
6;0;12;9:58.264;0;B;55.551;0;38.429;0;8:24.284;0;36.2;51:08.405;12:11:08.405;0:55.551;0:38.429;8:24.284;279.0;Dane Cameron;0:05:13.873;P;;Acura Team Penske;Acura;
6;0;13;5:58.228;0;B;59.138;0;42.274;0;4:16.816;0;60.5;57:06.633;12:17:06.633;0:59.138;0:42.274;4:16.816;219.0;Dane Cameron;0:08:07.801;P;;Acura Team Penske;Acura;
6;0;14;2:16.990;0;;56.684;0;39.593;0;40.713;0;158.2;59:23.623;12:19:23.623;0:56.684;0:39.593;0:40.713;276.8;Dane Cameron;0:03:53.253;P;;Acura Team Penske;Acura;
6;0;15;1:51.451;0;;33.931;0;38.694;0;38.826;1;194.4;1:01:15.074;12:21:15.074;0:33.931;0:38.694;0:38.826;277.9;Dane Cameron;;P;;Acura Team Penske;Acura;
62;0;1;3:53.816;0;B;1:56.093;0;54.746;0;1:02.977;0;92.7;3:53.816;11:23:53.816;1:56.093;0:54.746;1:02.977;214.5;Toni Vilander;0:01:07.600;GTLM;;Risi Competizione;Ferrari;
62;0;2;4:33.960;0;;3:01.987;0;43.172;0;48.801;0;79.1;8:27.776;11:28:27.776;3:01.987;0:43.172;0:48.801;232.0;Toni Vilander;0:02:37.303;GTLM;;Risi Competizione;Ferrari;
62;0;3;2:04.820;0;;37.756;0;43.155;0;43.909;0;173.6;10:32.596;11:30:32.596;0:37.756;0:43.155;0:43.909;252.2;Toni Vilander;;GTLM;;Risi Competizione;Ferrari;
62;0;4;2:00.442;0;;35.982;0;41.718;0;42.742;0;179.9;12:33.038;11:32:33.038;0:35.982;0:41.718;0:42.742;253.6;Toni Vilander;;GTLM;;Risi Competizione;Ferrari;
62;0;5;1:58.764;0;;35.291;0;41.007;0;42.466;0;182.4;14:31.802;11:34:31.802;0:35.291;0:41.007;0:42.466;254.6;Toni Vilander;;GTLM;;Risi Competizione;Ferrari;
62;0;6;1:58.439;0;;35.215;0;40.934;0;42.290;0;182.9;16:30.241;11:36:30.241;0:35.215;0:40.934;0:42.290;256.0;Toni Vilander;;GTLM;;Risi Competizione;Ferrari;
62;0;7;1:58.067;0;;34.998;0;40.857;0;42.212;0;183.5;18:28.308;11:38:28.308;0:34.998;0:40.857;0:42.212;256.0;Toni Vilander;;GTLM;;Risi Competizione;Ferrari;
62;0;8;2:13.665;0;B;35.172;0;42.018;0;56.475;0;162.1;20:41.973;11:40:41.973;0:35.172;0:42.018;0:56.475;211.2;Toni Vilander;;GTLM;;Risi Competizione;Ferrari;
62;0;9;9:50.449;0;;8:24.586;0;42.013;0;43.850;0;36.7;30:32.422;11:50:32.422;8:24.586;0:42.013;0:43.850;238.9;Toni Vilander;0:07:58.979;GTLM;;Risi Competizione;Ferrari;
62;0;10;1:58.368;0;;35.181;0;41.034;0;42.153;0;183.1;32:30.790;11:52:30.790;0:35.181;0:41.034;0:42.153;256.5;Toni Vilander;;GTLM;;Risi Competizione;Ferrari;
62;0;11;1:58.029;0;;34.974;2;40.808;0;42.247;0;183.6;34:28.819;11:54:28.819;0:34.974;0:40.808;0:42.247;258.9;Toni Vilander;;GTLM;;Risi Competizione;Ferrari;
62;0;12;2:01.570;0;;36.784;0;41.777;0;43.009;0;178.2;36:30.389;11:56:30.389;0:36.784;0:41.777;0:43.009;255.0;Toni Vilander;;GTLM;;Risi Competizione;Ferrari;
62;0;13;1:57.819;2;;35.073;0;40.675;2;42.071;2;183.9;38:28.208;11:58:28.208;0:35.073;0:40.675;0:42.071;256.9;Toni Vilander;;GTLM;;Risi Competizione;Ferrari;
62;0;14;2:08.887;0;B;35.807;0;40.969;0;52.111;0;168.1;40:37.095;12:00:37.095;0:35.807;0:40.969;0:52.111;256.9;Toni Vilander;;GTLM;;Risi Competizione;Ferrari;
62;1;15;4:18.693;0;;2:53.059;0;42.494;0;43.140;0;83.8;44:55.788;12:04:55.788;2:53.059;0:42.494;0:43.140;256.5;James Calado;0:02:25.073;GTLM;;Risi Competizione;Ferrari;
62;1;16;1:59.676;0;;35.771;0;41.047;0;42.858;0;181.1;46:55.464;12:06:55.464;0:35.771;0:41.047;0:42.858;256.9;James Calado;;GTLM;;Risi Competizione;Ferrari;
62;1;17;1:59.334;0;;35.390;0;41.567;0;42.377;0;181.6;48:54.798;12:08:54.798;0:35.390;0:41.567;0:42.377;256.9;James Calado;;GTLM;;Risi Competizione;Ferrari;
62;1;18;1:58.295;0;;35.300;0;40.858;0;42.137;0;183.2;50:53.093;12:10:53.093;0:35.300;0:40.858;0:42.137;259.9;James Calado;;GTLM;;Risi Competizione;Ferrari;
62;1;19;1:58.076;0;;35.062;0;40.882;0;42.132;0;183.5;52:51.169;12:12:51.169;0:35.062;0:40.882;0:42.132;259.9;James Calado;;GTLM;;Risi Competizione;Ferrari;
62;1;20;1:58.208;0;;35.128;0;41.006;0;42.074;1;183.3;54:49.377;12:14:49.377;0:35.128;0:41.006;0:42.074;260.4;James Calado;;GTLM;;Risi Competizione;Ferrari;
62;1;21;2:04.534;0;;35.126;0;42.558;0;46.850;0;174.0;56:53.911;12:16:53.911;0:35.126;0:42.558;0:46.850;209.3;James Calado;;GTLM;;Risi Competizione;Ferrari;
62;1;22;1:57.976;0;;35.050;1;40.728;1;42.198;0;183.7;58:51.887;12:18:51.887;0:35.050;0:40.728;0:42.198;256.9;James Calado;;GTLM;;Risi Competizione;Ferrari;
62;1;23;1:59.850;0;;35.362;0;41.639;0;42.849;0;180.8;1:00:51.737;12:20:51.737;0:35.362;0:41.639;0:42.849;257.9;James Calado;;GTLM;;Risi Competizione;Ferrari;
63;1;1;2:56.826;0;B;1:05.095;0;50.959;0;1:00.772;0;122.5;2:56.826;11:22:56.826;1:05.095;0:50.959;1:00.772;201.5;Alessandro Balzan;0:00:22.025;GTD;;Scuderia Corsa;Ferrari;
63;1;2;6:03.174;0;;4:32.301;0;44.168;0;46.705;0;59.7;9:00.000;11:29:00.000;4:32.301;0:44.168;0:46.705;228.2;Alessandro Balzan;0:04:03.416;GTD;;Scuderia Corsa;Ferrari;
63;1;3;2:03.501;0;;37.642;0;42.023;0;43.836;0;175.5;11:03.501;11:31:03.501;0:37.642;0:42.023;0:43.836;249.9;Alessandro Balzan;;GTD;;Scuderia Corsa;Ferrari;
63;1;4;2:02.345;0;;36.155;0;41.806;0;44.384;0;177.1;13:05.846;11:33:05.846;0:36.155;0:41.806;0:44.384;248.1;Alessandro Balzan;;GTD;;Scuderia Corsa;Ferrari;
63;1;5;2:01.503;0;;36.002;2;41.207;2;44.294;0;178.3;15:07.349;11:35:07.349;0:36.002;0:41.207;0:44.294;248.1;Alessandro Balzan;;GTD;;Scuderia Corsa;Ferrari;
63;1;6;2:01.578;0;;36.296;0;41.553;0;43.729;1;178.2;17:08.927;11:37:08.927;0:36.296;0:41.553;0:43.729;250.3;Alessandro Balzan;;GTD;;Scuderia Corsa;Ferrari;
63;1;7;2:12.308;0;B;36.022;0;41.377;0;54.909;0;163.8;19:21.235;11:39:21.235;0:36.022;0:41.377;0:54.909;234.0;Alessandro Balzan;;GTD;;Scuderia Corsa;Ferrari;
63;0;8;13:31.162;0;;12:02.042;0;44.109;0;45.011;0;26.7;32:52.397;11:52:52.397;12:02.042;0:44.109;0:45.011;249.4;Cooper MacNeil;0:11:33.789;GTD;;Scuderia Corsa;Ferrari;
63;0;9;2:03.565;0;;37.130;0;42.375;0;44.060;0;175.4;34:55.962;11:54:55.962;0:37.130;0:42.375;0:44.060;249.0;Cooper MacNeil;;GTD;;Scuderia Corsa;Ferrari;
63;0;10;2:02.782;0;;36.908;0;42.125;0;43.749;0;176.5;36:58.744;11:56:58.744;0:36.908;0:42.125;0:43.749;249.4;Cooper MacNeil;;GTD;;Scuderia Corsa;Ferrari;
63;0;11;2:02.287;0;;36.607;0;41.892;1;43.788;0;177.2;39:01.031;11:59:01.031;0:36.607;0:41.892;0:43.788;249.4;Cooper MacNeil;;GTD;;Scuderia Corsa;Ferrari;
63;0;12;2:02.466;0;;36.667;0;42.045;0;43.754;0;176.9;41:03.497;12:01:03.497;0:36.667;0:42.045;0:43.754;249.9;Cooper MacNeil;;GTD;;Scuderia Corsa;Ferrari;
63;0;13;2:02.902;0;;36.661;0;42.242;0;43.999;0;176.3;43:06.399;12:03:06.399;0:36.661;0:42.242;0:43.999;251.7;Cooper MacNeil;;GTD;;Scuderia Corsa;Ferrari;
63;0;14;2:02.136;0;;36.542;0;42.042;0;43.552;1;177.4;45:08.535;12:05:08.535;0:36.542;0:42.042;0:43.552;250.3;Cooper MacNeil;;GTD;;Scuderia Corsa;Ferrari;
63;0;15;2:03.974;0;;37.446;0;42.864;0;43.664;0;174.8;47:12.509;12:07:12.509;0:37.446;0:42.864;0:43.664;249.9;Cooper MacNeil;;GTD;;Scuderia Corsa;Ferrari;
63;0;16;2:03.175;0;;36.435;1;41.960;0;44.780;0;175.9;49:15.684;12:09:15.684;0:36.435;0:41.960;0:44.780;252.2;Cooper MacNeil;;GTD;;Scuderia Corsa;Ferrari;
63;0;17;2:13.814;0;B;37.142;0;42.940;0;53.732;0;161.9;51:29.498;12:11:29.498;0:37.142;0:42.940;0:53.732;250.8;Cooper MacNeil;;GTD;;Scuderia Corsa;Ferrari;
63;2;18;4:53.666;0;;3:27.199;0;42.649;0;43.818;0;73.8;56:23.164;12:16:23.164;3:27.199;0:42.649;0:43.818;249.4;Gunnar Jeannette;0:03:01.377;GTD;;Scuderia Corsa;Ferrari;
63;2;19;2:02.431;0;;36.977;0;42.003;0;43.451;0;177.0;58:25.595;12:18:25.595;0:36.977;0:42.003;0:43.451;248.5;Gunnar Jeannette;;GTD;;Scuderia Corsa;Ferrari;
63;2;20;2:01.429;2;;36.402;1;41.720;1;43.307;2;178.4;1:00:27.024;12:20:27.024;0:36.402;0:41.720;0:43.307;250.8;Gunnar Jeannette;;GTD;;Scuderia Corsa;Ferrari;
64;1;1;3:48.463;0;B;1:59.546;0;49.487;0;59.430;0;94.8;3:48.463;11:23:48.463;1:59.546;0:49.487;0:59.430;211.9;Townsend Bell;0:01:15.585;GTD;;Scuderia Corsa;Ferrari;
64;1;2;7:00.776;0;;5:32.798;0;43.543;0;44.435;0;51.5;10:49.239;11:30:49.239;5:32.798;0:43.543;0:44.435;245.8;Townsend Bell;0:05:05.833;GTD;;Scuderia Corsa;Ferrari;
64;1;3;2:01.244;2;;36.438;0;41.454;2;43.352;2;178.7;12:50.483;11:32:50.483;0:36.438;0:41.454;0:43.352;247.2;Townsend Bell;;GTD;;Scuderia Corsa;Ferrari;
64;1;4;2:10.980;0;B;35.909;2;41.536;0;53.535;0;165.4;15:01.463;11:35:01.463;0:35.909;0:41.536;0:53.535;237.7;Townsend Bell;;GTD;;Scuderia Corsa;Ferrari;
64;0;5;6:10.145;0;B;4:25.888;0;44.206;0;1:00.051;0;58.5;21:11.608;11:41:11.608;4:25.888;0:44.206;1:00.051;239.4;Bill Sweedler;0:03:59.194;GTD;;Scuderia Corsa;Ferrari;
64;0;6;8:05.922;0;;6:39.626;0;42.327;0;43.969;0;44.6;29:17.530;11:49:17.530;6:39.626;0:42.327;0:43.969;249.4;Bill Sweedler;0:06:12.241;GTD;;Scuderia Corsa;Ferrari;
64;0;7;2:03.177;0;;36.766;0;42.281;0;44.130;0;175.9;31:20.707;11:51:20.707;0:36.766;0:42.281;0:44.130;249.4;Bill Sweedler;;GTD;;Scuderia Corsa;Ferrari;
64;0;8;2:03.024;0;;36.811;0;42.086;0;44.127;0;176.1;33:23.731;11:53:23.731;0:36.811;0:42.086;0:44.127;249.9;Bill Sweedler;;GTD;;Scuderia Corsa;Ferrari;
64;0;9;2:03.024;0;;36.797;0;42.330;0;43.897;0;176.1;35:26.755;11:55:26.755;0:36.797;0:42.330;0:43.897;249.0;Bill Sweedler;;GTD;;Scuderia Corsa;Ferrari;
64;0;10;2:03.167;0;;36.970;0;42.359;0;43.838;0;175.9;37:29.922;11:57:29.922;0:36.970;0:42.359;0:43.838;249.0;Bill Sweedler;;GTD;;Scuderia Corsa;Ferrari;
64;0;11;2:02.891;0;;36.834;0;42.106;0;43.951;0;176.3;39:32.813;11:59:32.813;0:36.834;0:42.106;0:43.951;249.4;Bill Sweedler;;GTD;;Scuderia Corsa;Ferrari;
64;0;12;2:03.789;0;;36.965;0;42.813;0;44.011;0;175.0;41:36.602;12:01:36.602;0:36.965;0:42.813;0:44.011;249.4;Bill Sweedler;;GTD;;Scuderia Corsa;Ferrari;
64;0;13;2:02.328;0;;36.514;1;42.040;1;43.774;1;177.1;43:38.930;12:03:38.930;0:36.514;0:42.040;0:43.774;250.3;Bill Sweedler;;GTD;;Scuderia Corsa;Ferrari;
64;0;14;2:02.645;0;;36.632;0;42.177;0;43.836;0;176.7;45:41.575;12:05:41.575;0:36.632;0:42.177;0:43.836;250.3;Bill Sweedler;;GTD;;Scuderia Corsa;Ferrari;
64;0;15;2:03.234;0;;36.759;0;42.268;0;44.207;0;175.8;47:44.809;12:07:44.809;0:36.759;0:42.268;0:44.207;249.4;Bill Sweedler;;GTD;;Scuderia Corsa;Ferrari;
64;0;16;2:14.108;0;B;37.067;0;43.068;0;53.973;0;161.6;49:58.917;12:09:58.917;0:37.067;0:43.068;0:53.973;251.3;Bill Sweedler;;GTD;;Scuderia Corsa;Ferrari;
64;2;17;3:58.987;0;;2:32.186;0;42.865;0;43.936;0;90.7;53:57.904;12:13:57.904;2:32.186;0:42.865;0:43.936;250.8;Frank Montecalvo;0:02:05.445;GTD;;Scuderia Corsa;Ferrari;
64;2;18;2:02.229;0;;36.533;1;42.161;0;43.535;0;177.3;56:00.133;12:16:00.133;0:36.533;0:42.161;0:43.535;250.8;Frank Montecalvo;;GTD;;Scuderia Corsa;Ferrari;
64;2;19;2:02.795;0;;36.649;0;42.119;0;44.027;0;176.5;58:02.928;12:18:02.928;0:36.649;0:42.119;0:44.027;250.3;Frank Montecalvo;;GTD;;Scuderia Corsa;Ferrari;
64;2;20;2:01.941;0;;36.668;0;41.915;1;43.358;1;177.7;1:00:04.869;12:20:04.869;0:36.668;0:41.915;0:43.358;251.3;Frank Montecalvo;;GTD;;Scuderia Corsa;Ferrari;
66;0;1;3:15.155;0;B;1:31.346;0;47.407;0;56.402;0;111.0;3:15.155;11:23:15.155;1:31.346;0:47.407;0:56.402;218.0;Joey Hand;0:00:50.293;GTLM;;Ford Chip Ganassi Racing;Ford;
66;0;2;4:19.819;0;;2:55.130;0;41.877;0;42.812;0;83.4;7:34.974;11:27:34.974;2:55.130;0:41.877;0:42.812;254.6;Joey Hand;0:02:29.869;GTLM;;Ford Chip Ganassi Racing;Ford;
66;0;3;1:59.668;0;;35.363;0;41.214;0;43.091;0;181.1;9:34.642;11:29:34.642;0:35.363;0:41.214;0:43.091;254.6;Joey Hand;;GTLM;;Ford Chip Ganassi Racing;Ford;
66;0;4;1:59.072;0;;35.503;0;41.054;0;42.515;0;182.0;11:33.714;11:31:33.714;0:35.503;0:41.054;0:42.515;256.5;Joey Hand;;GTLM;;Ford Chip Ganassi Racing;Ford;
66;0;5;1:58.316;0;;35.325;0;40.701;0;42.290;0;183.1;13:32.030;11:33:32.030;0:35.325;0:40.701;0:42.290;254.6;Joey Hand;;GTLM;;Ford Chip Ganassi Racing;Ford;
66;0;6;2:08.938;0;B;35.003;0;40.610;0;53.325;0;168.1;15:40.968;11:35:40.968;0:35.003;0:40.610;0:53.325;220.4;Joey Hand;;GTLM;;Ford Chip Ganassi Racing;Ford;
66;0;7;15:31.461;0;;14:08.217;0;41.082;0;42.162;0;23.3;31:12.429;11:51:12.429;14:08.217;0:41.082;0:42.162;256.5;Joey Hand;0:13:43.463;GTLM;;Ford Chip Ganassi Racing;Ford;
66;0;8;1:57.715;0;;34.943;2;40.656;0;42.116;1;184.1;33:10.144;11:53:10.144;0:34.943;0:40.656;0:42.116;257.4;Joey Hand;;GTLM;;Ford Chip Ganassi Racing;Ford;
66;0;9;2:07.079;0;B;34.962;0;40.579;2;51.538;0;170.5;35:17.223;11:55:17.223;0:34.962;0:40.579;0:51.538;255.0;Joey Hand;;GTLM;;Ford Chip Ganassi Racing;Ford;
66;1;10;8:13.549;0;;6:49.057;0;42.097;0;42.395;0;43.9;43:30.772;12:03:30.772;6:49.057;0:42.097;0:42.395;256.0;Dirk Mueller;0:06:21.361;GTLM;;Ford Chip Ganassi Racing;Ford;
66;1;11;2:08.604;0;B;35.298;0;41.523;0;51.783;0;168.5;45:39.376;12:05:39.376;0:35.298;0:41.523;0:51.783;255.5;Dirk Mueller;;GTLM;;Ford Chip Ganassi Racing;Ford;
66;1;12;5:11.328;0;;3:47.704;0;41.518;0;42.106;0;69.6;50:50.704;12:10:50.704;3:47.704;0:41.518;0:42.106;256.5;Dirk Mueller;0:03:22.754;GTLM;;Ford Chip Ganassi Racing;Ford;
66;1;13;2:01.579;0;;34.970;1;41.462;0;45.147;0;178.2;52:52.283;12:12:52.283;0:34.970;0:41.462;0:45.147;207.7;Dirk Mueller;;GTLM;;Ford Chip Ganassi Racing;Ford;
66;1;14;1:57.819;0;;35.198;0;40.734;0;41.887;2;183.9;54:50.102;12:14:50.102;0:35.198;0:40.734;0:41.887;259.9;Dirk Mueller;;GTLM;;Ford Chip Ganassi Racing;Ford;
66;1;15;2:00.388;0;;35.382;0;40.799;0;44.207;0;180.0;56:50.490;12:16:50.490;0:35.382;0:40.799;0:44.207;181.7;Dirk Mueller;;GTLM;;Ford Chip Ganassi Racing;Ford;
66;1;16;1:57.567;2;;35.021;0;40.639;1;41.907;0;184.3;58:48.057;12:18:48.057;0:35.021;0:40.639;0:41.907;256.0;Dirk Mueller;;GTLM;;Ford Chip Ganassi Racing;Ford;
66;1;17;2:09.432;0;B;35.105;0;42.311;0;52.016;0;167.4;1:00:57.489;12:20:57.489;0:35.105;0:42.311;0:52.016;256.9;Dirk Mueller;;GTLM;;Ford Chip Ganassi Racing;Ford;
67;1;1;3:08.889;0;B;1:28.547;0;45.559;0;54.783;0;114.7;3:08.889;11:23:08.889;1:28.547;0:45.559;0:54.783;237.3;Richard Westbrook;0:00:49.310;GTLM;;Ford Chip Ganassi Racing;Ford;
67;1;2;5:48.698;0;;4:23.184;0;42.351;0;43.163;0;62.1;8:57.587;11:28:57.587;4:23.184;0:42.351;0:43.163;254.1;Richard Westbrook;0:03:55.849;GTLM;;Ford Chip Ganassi Racing;Ford;
67;1;3;1:59.430;0;;35.909;0;41.372;0;42.149;0;181.4;10:57.017;11:30:57.017;0:35.909;0:41.372;0:42.149;255.5;Richard Westbrook;;GTLM;;Ford Chip Ganassi Racing;Ford;
67;1;4;1:57.872;0;;35.196;0;40.668;0;42.008;0;183.8;12:54.889;11:32:54.889;0:35.196;0:40.668;0:42.008;255.0;Richard Westbrook;;GTLM;;Ford Chip Ganassi Racing;Ford;
67;1;5;2:11.524;0;B;35.166;2;41.042;0;55.316;0;164.7;15:06.413;11:35:06.413;0:35.166;0:41.042;0:55.316;234.8;Richard Westbrook;;GTLM;;Ford Chip Ganassi Racing;Ford;
67;1;6;14:23.541;0;;12:57.788;0;41.165;0;44.588;0;25.1;29:29.954;11:49:29.954;12:57.788;0:41.165;0:44.588;199.8;Richard Westbrook;0:12:32.939;GTLM;;Ford Chip Ganassi Racing;Ford;
67;1;7;1:58.401;0;;35.284;0;40.817;0;42.300;0;183.0;31:28.355;11:51:28.355;0:35.284;0:40.817;0:42.300;255.5;Richard Westbrook;;GTLM;;Ford Chip Ganassi Racing;Ford;
67;1;8;2:00.665;0;;35.439;0;41.479;0;43.747;0;179.6;33:29.020;11:53:29.020;0:35.439;0:41.479;0:43.747;239.4;Richard Westbrook;;GTLM;;Ford Chip Ganassi Racing;Ford;
67;1;9;2:08.527;0;B;35.201;0;40.718;0;52.608;0;168.6;35:37.547;11:55:37.547;0:35.201;0:40.718;0:52.608;241.5;Richard Westbrook;;GTLM;;Ford Chip Ganassi Racing;Ford;
67;1;10;8:39.328;0;;7:14.395;0;41.971;0;42.962;0;41.7;44:16.875;12:04:16.875;7:14.395;0:41.971;0:42.962;256.0;Richard Westbrook;0:06:48.139;GTLM;;Ford Chip Ganassi Racing;Ford;
67;1;11;1:58.277;0;;35.386;0;40.751;0;42.140;0;183.2;46:15.152;12:06:15.152;0:35.386;0:40.751;0:42.140;255.0;Richard Westbrook;;GTLM;;Ford Chip Ganassi Racing;Ford;
67;1;12;1:57.821;2;;35.219;0;40.654;2;41.948;2;183.9;48:12.973;12:08:12.973;0:35.219;0:40.654;0:41.948;256.0;Richard Westbrook;;GTLM;;Ford Chip Ganassi Racing;Ford;
67;1;13;2:10.167;0;B;35.659;0;42.364;0;52.144;0;166.5;50:23.140;12:10:23.140;0:35.659;0:42.364;0:52.144;256.0;Richard Westbrook;;GTLM;;Ford Chip Ganassi Racing;Ford;
67;1;14;5:52.944;0;;4:24.539;0;42.494;0;45.911;0;61.4;56:16.084;12:16:16.084;4:24.539;0:42.494;0:45.911;225.5;Richard Westbrook;0:03:57.016;GTLM;;Ford Chip Ganassi Racing;Ford;
67;1;15;2:00.643;0;;36.059;0;41.545;0;43.039;0;179.6;58:16.727;12:18:16.727;0:36.059;0:41.545;0:43.039;225.9;Richard Westbrook;;GTLM;;Ford Chip Ganassi Racing;Ford;
67;1;16;2:01.655;0;;35.529;0;41.510;0;44.616;0;178.1;1:00:18.382;12:20:18.382;0:35.529;0:41.510;0:44.616;174.5;Richard Westbrook;;GTLM;;Ford Chip Ganassi Racing;Ford;
69;1;1;13:50.711;0;B;10:16.530;0;46.880;0;2:47.301;0;26.1;13:50.711;11:33:50.711;10:16.530;0:46.880;2:47.301;247.6;Ryan Eversley;0:09:32.803;GTD;;HART;Acura;
69;1;2;2:31.710;0;;1:02.080;0;44.804;0;44.826;0;142.8;16:22.421;11:36:22.421;1:02.080;0:44.804;0:44.826;245.8;Ryan Eversley;0:02:24.468;GTD;;HART;Acura;
69;1;3;2:03.893;0;;37.902;0;42.086;0;43.905;0;174.9;18:26.314;11:38:26.314;0:37.902;0:42.086;0:43.905;250.3;Ryan Eversley;;GTD;;HART;Acura;
69;1;4;9:19.577;0;B;37.064;0;42.829;0;7:59.684;0;38.7;27:45.891;11:47:45.891;0:37.064;0:42.829;7:59.684;209.9;Ryan Eversley;;GTD;;HART;Acura;
69;1;5;2:37.385;0;;1:10.165;0;43.401;0;43.819;0;137.7;30:23.276;11:50:23.276;1:10.165;0:43.401;0:43.819;250.8;Ryan Eversley;0:07:40.544;GTD;;HART;Acura;
69;1;6;2:01.785;0;;36.745;0;41.596;2;43.444;0;177.9;32:25.061;11:52:25.061;0:36.745;0:41.596;0:43.444;247.2;Ryan Eversley;;GTD;;HART;Acura;
69;1;7;2:03.213;0;;37.355;0;42.111;0;43.747;0;175.9;34:28.274;11:54:28.274;0:37.355;0:42.111;0:43.747;251.7;Ryan Eversley;;GTD;;HART;Acura;
69;1;8;4:00.440;0;B;37.676;0;42.263;0;2:40.501;0;90.1;38:28.714;11:58:28.714;0:37.676;0:42.263;2:40.501;251.3;Ryan Eversley;;GTD;;HART;Acura;
69;1;9;2:24.159;0;;58.148;0;42.366;0;43.645;0;150.3;40:52.873;12:00:52.873;0:58.148;0:42.366;0:43.645;246.7;Ryan Eversley;0:02:19.408;GTD;;HART;Acura;
69;1;10;2:01.505;2;;36.470;2;41.767;0;43.268;2;178.3;42:54.378;12:02:54.378;0:36.470;0:41.767;0:43.268;251.7;Ryan Eversley;;GTD;;HART;Acura;
69;1;11;3:47.873;0;B;36.667;0;42.839;0;2:28.367;0;95.1;46:42.251;12:06:42.251;0:36.667;0:42.839;2:28.367;252.7;Ryan Eversley;;GTD;;HART;Acura;
69;0;12;2:33.328;0;;1:02.050;0;45.065;0;46.213;0;141.3;49:15.579;12:09:15.579;1:02.050;0:45.065;0:46.213;249.4;Chad Gilsinger;0:02:07.663;GTD;;HART;Acura;
69;0;13;2:06.936;0;;38.412;0;43.307;0;45.217;0;170.7;51:22.515;12:11:22.515;0:38.412;0:43.307;0:45.217;251.7;Chad Gilsinger;;GTD;;HART;Acura;
69;0;14;3:47.243;0;B;38.296;0;46.836;0;2:22.111;0;95.4;55:09.758;12:15:09.758;0:38.296;0:46.836;2:22.111;247.6;Chad Gilsinger;;GTD;;HART;Acura;
69;0;15;2:27.503;0;;59.615;0;42.966;1;44.922;0;146.9;57:37.261;12:17:37.261;0:59.615;0:42.966;0:44.922;251.7;Chad Gilsinger;0:01:57.536;GTD;;HART;Acura;
69;0;16;2:05.407;0;;37.521;0;43.160;0;44.726;0;172.8;59:42.668;12:19:42.668;0:37.521;0:43.160;0:44.726;250.3;Chad Gilsinger;;GTD;;HART;Acura;
69;0;17;2:04.962;0;;37.386;1;43.072;0;44.504;1;173.4;1:01:47.630;12:21:47.630;0:37.386;0:43.072;0:44.504;249.9;Chad Gilsinger;;GTD;;HART;Acura;
7;0;1;8:09.146;0;B;1:53.524;0;47.399;0;5:28.223;0;44.3;8:09.146;11:28:09.146;1:53.524;0:47.399;5:28.223;187.9;Helio Castroneves;0:01:11.011;P;;Acura Team Penske;Acura;
7;0;2;2:23.178;0;;59.948;0;42.315;0;40.915;0;151.3;10:32.324;11:30:32.324;0:59.948;0:42.315;0:40.915;275.1;Helio Castroneves;0:04:57.210;P;;Acura Team Penske;Acura;
7;0;3;5:10.733;0;B;33.797;0;38.818;0;3:58.118;0;69.7;15:43.057;11:35:43.057;0:33.797;0:38.818;3:58.118;276.8;Helio Castroneves;;P;;Acura Team Penske;Acura;
7;0;4;2:17.052;0;;59.562;0;38.908;0;38.582;2;158.1;18:00.109;11:38:00.109;0:59.562;0:38.908;0:38.582;276.2;Helio Castroneves;0:03:41.958;P;;Acura Team Penske;Acura;
7;0;5;9:22.773;0;B;31.821;0;37.899;0;8:13.053;0;38.5;27:22.882;11:47:22.882;0:31.821;0:37.899;8:13.053;277.3;Helio Castroneves;;P;;Acura Team Penske;Acura;
7;0;6;2:16.542;0;;57.836;0;39.739;0;38.967;0;158.7;29:39.424;11:49:39.424;0:57.836;0:39.739;0:38.967;279.0;Helio Castroneves;0:07:56.515;P;;Acura Team Penske;Acura;
7;0;7;1:48.565;0;;32.140;0;37.837;0;38.588;0;199.6;31:27.989;11:51:27.989;0:32.140;0:37.837;0:38.588;279.6;Helio Castroneves;;P;;Acura Team Penske;Acura;
7;0;8;1:51.414;0;;32.170;0;39.666;0;39.578;0;194.5;33:19.403;11:53:19.403;0:32.170;0:39.666;0:39.578;277.3;Helio Castroneves;;P;;Acura Team Penske;Acura;
7;0;9;1:48.237;4;;31.766;0;37.673;2;38.798;0;200.2;35:07.640;11:55:07.640;0:31.766;0:37.673;0:38.798;278.4;Helio Castroneves;;P;;Acura Team Penske;Acura;
7;0;10;4:26.937;0;B;31.724;4;37.898;0;3:17.315;0;81.2;39:34.577;11:59:34.577;0:31.724;0:37.898;3:17.315;277.3;Helio Castroneves;;P;;Acura Team Penske;Acura;
7;2;11;2:19.673;0;;58.979;0;40.372;0;40.322;0;155.1;41:54.250;12:01:54.250;0:58.979;0:40.372;0:40.322;277.3;Graham Rahal;0:03:01.235;P;;Acura Team Penske;Acura;
7;2;12;1:53.285;0;;33.339;0;40.200;0;39.746;0;191.3;43:47.535;12:03:47.535;0:33.339;0:40.200;0:39.746;275.6;Graham Rahal;;P;;Acura Team Penske;Acura;
7;2;13;1:51.656;0;;32.781;0;38.905;0;39.970;0;194.1;45:39.191;12:05:39.191;0:32.781;0:38.905;0:39.970;275.6;Graham Rahal;;P;;Acura Team Penske;Acura;
7;2;14;1:50.937;0;;32.468;0;38.654;0;39.815;0;195.3;47:30.128;12:07:30.128;0:32.468;0:38.654;0:39.815;276.2;Graham Rahal;;P;;Acura Team Penske;Acura;
7;2;15;1:50.219;0;;32.392;1;38.564;1;39.263;1;196.6;49:20.347;12:09:20.347;0:32.392;0:38.564;0:39.263;278.4;Graham Rahal;;P;;Acura Team Penske;Acura;
7;2;16;1:53.592;0;;34.034;0;40.008;0;39.550;0;190.8;51:13.939;12:11:13.939;0:34.034;0:40.008;0:39.550;275.6;Graham Rahal;;P;;Acura Team Penske;Acura;
7;2;17;3:29.742;0;B;32.984;0;39.014;0;2:17.744;0;103.3;54:43.681;12:14:43.681;0:32.984;0:39.014;2:17.744;275.6;Graham Rahal;;P;;Acura Team Penske;Acura;
7;2;18;2:14.332;0;;55.573;0;38.905;0;39.854;0;161.3;56:58.013;12:16:58.013;0:55.573;0:38.905;0:39.854;272.9;Graham Rahal;0:01:59.847;P;;Acura Team Penske;Acura;
7;2;19;1:52.542;0;;33.370;0;38.752;0;40.420;0;192.5;58:50.555;12:18:50.555;0:33.370;0:38.752;0:40.420;276.2;Graham Rahal;;P;;Acura Team Penske;Acura;
7;2;20;1:51.434;0;;32.859;0;39.124;0;39.451;0;194.5;1:00:41.989;12:20:41.989;0:32.859;0:39.124;0:39.451;278.4;Graham Rahal;;P;;Acura Team Penske;Acura;
71;0;1;2:46.190;0;;1:08.699;0;49.278;0;48.213;0;130.4;2:46.190;11:22:46.190;1:08.699;0:49.278;0:48.213;225.9;Kenton Koch;0:00:27.109;GTD;;P1 Motorsports;Mercedes-AMG;
71;0;2;2:08.371;0;;38.593;0;44.346;0;45.432;0;168.8;4:54.561;11:24:54.561;0:38.593;0:44.346;0:45.432;243.2;Kenton Koch;;GTD;;P1 Motorsports;Mercedes-AMG;
71;0;3;2:15.906;0;B;37.720;0;43.343;0;54.843;0;159.4;7:10.467;11:27:10.467;0:37.720;0:43.343;0:54.843;245.8;Kenton Koch;;GTD;;P1 Motorsports;Mercedes-AMG;
71;0;4;7:00.601;0;;5:32.304;0;43.420;0;44.877;0;51.5;14:11.068;11:34:11.068;5:32.304;0:43.420;0:44.877;245.0;Kenton Koch;0:05:07.027;GTD;;P1 Motorsports;Mercedes-AMG;
71;0;5;2:04.349;0;;36.907;0;42.573;0;44.869;0;174.3;16:15.417;11:36:15.417;0:36.907;0:42.573;0:44.869;246.7;Kenton Koch;;GTD;;P1 Motorsports;Mercedes-AMG;
71;0;6;2:15.436;0;B;37.444;0;42.992;0;55.000;0;160.0;18:30.853;11:38:30.853;0:37.444;0:42.992;0:55.000;246.3;Kenton Koch;;GTD;;P1 Motorsports;Mercedes-AMG;
71;0;7;11:20.744;0;;9:51.262;0;45.168;0;44.314;0;31.8;29:51.597;11:49:51.597;9:51.262;0:45.168;0:44.314;248.1;Kenton Koch;0:09:22.693;GTD;;P1 Motorsports;Mercedes-AMG;
71;0;8;2:02.009;2;;36.428;0;41.914;0;43.667;2;177.6;31:53.606;11:51:53.606;0:36.428;0:41.914;0:43.667;247.6;Kenton Koch;;GTD;;P1 Motorsports;Mercedes-AMG;
71;0;9;2:11.033;0;B;36.063;2;41.891;2;53.079;0;165.4;34:04.639;11:54:04.639;0:36.063;0:41.891;0:53.079;248.5;Kenton Koch;;GTD;;P1 Motorsports;Mercedes-AMG;
71;0;10;8:32.751;0;B;6:54.408;0;42.521;0;55.822;0;42.3;42:37.390;12:02:37.390;6:54.408;0:42.521;0:55.822;249.9;Kenton Koch;0:06:28.918;GTD;;P1 Motorsports;Mercedes-AMG;
73;0;1;2:50.991;0;;1:18.837;0;46.169;0;45.985;0;126.7;2:50.991;11:22:50.991;1:18.837;0:46.169;0:45.985;242.3;Patrick Lindsey;0:00:38.706;GTD;;Park Place Motorsports;Porsche;
73;0;2;2:03.581;0;;37.153;0;42.396;0;44.032;0;175.3;4:54.572;11:24:54.572;0:37.153;0:42.396;0:44.032;249.4;Patrick Lindsey;;GTD;;Park Place Motorsports;Porsche;
73;0;3;2:01.609;2;;36.390;0;41.826;2;43.393;2;178.2;6:56.181;11:26:56.181;0:36.390;0:41.826;0:43.393;249.0;Patrick Lindsey;;GTD;;Park Place Motorsports;Porsche;
73;0;4;2:03.397;0;;36.587;0;42.502;0;44.308;0;175.6;8:59.578;11:28:59.578;0:36.587;0:42.502;0:44.308;251.7;Patrick Lindsey;;GTD;;Park Place Motorsports;Porsche;
73;0;5;2:02.344;0;;36.449;0;42.495;0;43.400;0;177.1;11:01.922;11:31:01.922;0:36.449;0:42.495;0:43.400;250.3;Patrick Lindsey;;GTD;;Park Place Motorsports;Porsche;
73;0;6;5:01.438;0;B;36.102;0;42.762;0;3:42.574;0;71.9;16:03.360;11:36:03.360;0:36.102;0:42.762;3:42.574;236.5;Patrick Lindsey;;GTD;;Park Place Motorsports;Porsche;
73;0;7;2:26.877;0;;58.680;0;42.210;0;45.987;0;147.5;18:30.237;11:38:30.237;0:58.680;0:42.210;0:45.987;214.2;Patrick Lindsey;0:03:20.625;GTD;;Park Place Motorsports;Porsche;
73;0;8;14:38.848;0;B;36.066;2;42.170;0;13:20.612;0;24.7;33:09.085;11:53:09.085;0:36.066;0:42.170;13:20.612;233.6;Patrick Lindsey;;GTD;;Park Place Motorsports;Porsche;
73;2;9;2:42.031;0;;1:04.308;0;49.096;0;48.627;0;133.7;35:51.116;11:55:51.116;1:04.308;0:49.096;0:48.627;241.5;Timothy Pappas;0:12:57.225;GTD;;Park Place Motorsports;Porsche;
73;2;10;2:15.805;0;;41.409;0;47.218;0;47.178;0;159.6;38:06.921;11:58:06.921;0:41.409;0:47.218;0:47.178;248.1;Timothy Pappas;;GTD;;Park Place Motorsports;Porsche;
73;2;11;2:09.373;0;;38.763;0;44.345;0;46.265;0;167.5;40:16.294;12:00:16.294;0:38.763;0:44.345;0:46.265;248.1;Timothy Pappas;;GTD;;Park Place Motorsports;Porsche;
73;2;12;2:08.457;0;;39.044;0;43.397;1;46.016;0;168.7;42:24.751;12:02:24.751;0:39.044;0:43.397;0:46.016;242.3;Timothy Pappas;;GTD;;Park Place Motorsports;Porsche;
73;2;13;2:07.977;0;;38.583;0;44.207;0;45.187;0;169.3;44:32.728;12:04:32.728;0:38.583;0:44.207;0:45.187;242.8;Timothy Pappas;;GTD;;Park Place Motorsports;Porsche;
73;2;14;2:07.212;0;;38.660;0;43.459;0;45.093;1;170.3;46:39.940;12:06:39.940;0:38.660;0:43.459;0:45.093;250.3;Timothy Pappas;;GTD;;Park Place Motorsports;Porsche;
73;2;15;2:07.115;0;;38.121;0;43.845;0;45.149;0;170.5;48:47.055;12:08:47.055;0:38.121;0:43.845;0:45.149;250.3;Timothy Pappas;;GTD;;Park Place Motorsports;Porsche;
73;2;16;2:07.906;0;;37.918;1;43.951;0;46.037;0;169.4;50:54.961;12:10:54.961;0:37.918;0:43.951;0:46.037;233.6;Timothy Pappas;;GTD;;Park Place Motorsports;Porsche;
73;2;17;2:18.165;0;B;38.094;0;43.988;0;56.083;0;156.8;53:13.126;12:13:13.126;0:38.094;0:43.988;0:56.083;237.7;Timothy Pappas;;GTD;;Park Place Motorsports;Porsche;
75;1;1;3:39.495;0;B;1:42.140;0;54.367;0;1:02.988;0;98.7;3:39.495;11:23:39.495;1:42.140;0:54.367;1:02.988;199.5;Thomas Jaeger;0:00:54.468;GTD;;SunEnergy1 Racing;Mercedes-AMG;
75;1;2;4:54.006;0;;3:21.578;0;46.017;0;46.411;0;73.7;8:33.501;11:28:33.501;3:21.578;0:46.017;0:46.411;245.4;Thomas Jaeger;0:02:51.930;GTD;;SunEnergy1 Racing;Mercedes-AMG;
75;1;3;2:04.005;0;;37.702;0;42.337;0;43.966;0;174.7;10:37.506;11:30:37.506;0:37.702;0:42.337;0:43.966;246.7;Thomas Jaeger;;GTD;;SunEnergy1 Racing;Mercedes-AMG;
75;1;4;2:01.807;0;;36.634;0;41.768;0;43.405;0;177.9;12:39.313;11:32:39.313;0:36.634;0:41.768;0:43.405;247.2;Thomas Jaeger;;GTD;;SunEnergy1 Racing;Mercedes-AMG;
75;1;5;2:03.256;0;;36.509;0;42.933;0;43.814;0;175.8;14:42.569;11:34:42.569;0:36.509;0:42.933;0:43.814;246.3;Thomas Jaeger;;GTD;;SunEnergy1 Racing;Mercedes-AMG;
75;1;6;2:01.357;0;;36.145;2;41.943;0;43.269;0;178.6;16:43.926;11:36:43.926;0:36.145;0:41.943;0:43.269;247.2;Thomas Jaeger;;GTD;;SunEnergy1 Racing;Mercedes-AMG;
75;1;7;2:01.135;2;;36.297;0;41.657;2;43.181;2;178.9;18:45.061;11:38:45.061;0:36.297;0:41.657;0:43.181;249.0;Thomas Jaeger;;GTD;;SunEnergy1 Racing;Mercedes-AMG;
75;1;8;2:18.876;0;B;36.565;0;43.010;0;59.301;0;156.0;21:03.937;11:41:03.937;0:36.565;0:43.010;0:59.301;238.1;Thomas Jaeger;;GTD;;SunEnergy1 Racing;Mercedes-AMG;
75;0;9;9:55.270;0;;8:25.256;0;44.337;0;45.677;0;36.4;30:59.207;11:50:59.207;8:25.256;0:44.337;0:45.677;245.4;Kenny Habul;0:07:59.149;GTD;;SunEnergy1 Racing;Mercedes-AMG;
75;0;10;2:44.492;0;B;37.204;1;42.207;1;1:25.081;0;131.7;33:43.699;11:53:43.699;0:37.204;0:42.207;1:25.081;191.1;Kenny Habul;;GTD;;SunEnergy1 Racing;Mercedes-AMG;
75;0;11;5:23.038;0;;3:54.837;0;42.843;0;45.358;0;67.1;39:06.737;11:59:06.737;3:54.837;0:42.843;0:45.358;245.0;Kenny Habul;0:03:31.431;GTD;;SunEnergy1 Racing;Mercedes-AMG;
75;0;12;2:06.994;0;;37.587;0;43.767;0;45.640;0;170.6;41:13.731;12:01:13.731;0:37.587;0:43.767;0:45.640;246.7;Kenny Habul;;GTD;;SunEnergy1 Racing;Mercedes-AMG;
75;0;13;2:04.529;0;;37.381;0;42.479;0;44.669;1;174.0;43:18.260;12:03:18.260;0:37.381;0:42.479;0:44.669;247.6;Kenny Habul;;GTD;;SunEnergy1 Racing;Mercedes-AMG;
75;0;14;2:06.705;0;;38.974;0;43.019;0;44.712;0;171.0;45:24.965;12:05:24.965;0:38.974;0:43.019;0:44.712;246.3;Kenny Habul;;GTD;;SunEnergy1 Racing;Mercedes-AMG;
75;0;15;2:21.780;0;B;37.337;0;42.308;0;1:02.135;0;152.8;47:46.745;12:07:46.745;0:37.337;0:42.308;1:02.135;238.5;Kenny Habul;;GTD;;SunEnergy1 Racing;Mercedes-AMG;
75;0;16;6:26.443;0;;4:56.738;0;44.128;0;45.577;0;56.1;54:13.188;12:14:13.188;4:56.738;0:44.128;0:45.577;221.5;Kenny Habul;0:04:32.923;GTD;;SunEnergy1 Racing;Mercedes-AMG;
75;0;17;2:17.444;0;B;37.395;0;42.730;0;57.319;0;157.7;56:30.632;12:16:30.632;0:37.395;0:42.730;0:57.319;245.4;Kenny Habul;;GTD;;SunEnergy1 Racing;Mercedes-AMG;
75;1;18;3:52.621;0;;2:24.126;0;43.738;0;44.757;0;93.1;1:00:23.253;12:20:23.253;2:24.126;0:43.738;0:44.757;245.8;Thomas Jaeger;0:01:51.543;GTD;;SunEnergy1 Racing;Mercedes-AMG;
77;0;1;3:26.057;0;B;1:38.492;0;47.964;0;59.601;0;105.2;3:26.057;11:23:26.057;1:38.492;0:47.964;0:59.601;201.2;Oliver Jarvis;0:00:56.708;P;;Mazda Team Joest;Mazda;
77;0;2;2:24.027;0;;1:01.636;0;41.137;0;41.254;0;150.4;5:50.084;11:25:50.084;1:01.636;0:41.137;0:41.254;250.3;Oliver Jarvis;0:00:33.658;P;;Mazda Team Joest;Mazda;
77;0;3;1:52.169;0;;34.017;0;38.903;0;39.249;0;193.2;7:42.253;11:27:42.253;0:34.017;0:38.903;0:39.249;274.5;Oliver Jarvis;;P;;Mazda Team Joest;Mazda;
77;0;4;1:53.551;0;;33.180;0;39.396;0;40.975;0;190.8;9:35.804;11:29:35.804;0:33.180;0:39.396;0:40.975;275.1;Oliver Jarvis;;P;;Mazda Team Joest;Mazda;
77;0;5;1:53.184;0;;34.731;0;38.797;0;39.656;0;191.4;11:28.988;11:31:28.988;0:34.731;0:38.797;0:39.656;274.5;Oliver Jarvis;;P;;Mazda Team Joest;Mazda;
77;0;6;1:52.065;0;;33.812;0;38.989;0;39.264;0;193.4;13:21.053;11:33:21.053;0:33.812;0:38.989;0:39.264;276.2;Oliver Jarvis;;P;;Mazda Team Joest;Mazda;
77;0;7;1:53.151;0;;33.450;0;38.774;0;40.927;0;191.5;15:14.204;11:35:14.204;0:33.450;0:38.774;0:40.927;249.0;Oliver Jarvis;;P;;Mazda Team Joest;Mazda;
77;0;8;22:35.788;0;B;32.837;0;38.327;0;21:24.624;0;16.0;37:49.992;11:57:49.992;0:32.837;0:38.327;21:24.624;274.0;Oliver Jarvis;;P;;Mazda Team Joest;Mazda;
77;0;9;2:23.527;0;;1:01.485;0;40.189;0;41.853;0;151.0;40:13.519;12:00:13.519;1:01.485;0:40.189;0:41.853;267.5;Oliver Jarvis;0:21:05.589;P;;Mazda Team Joest;Mazda;
77;0;10;1:51.018;0;;32.863;0;39.374;0;38.781;0;195.2;42:04.537;12:02:04.537;0:32.863;0:39.374;0:38.781;276.2;Oliver Jarvis;;P;;Mazda Team Joest;Mazda;
77;0;11;1:52.383;0;;33.700;0;38.223;0;40.460;0;192.8;43:56.920;12:03:56.920;0:33.700;0:38.223;0:40.460;275.6;Oliver Jarvis;;P;;Mazda Team Joest;Mazda;
77;0;12;1:48.764;2;;32.384;2;37.960;1;38.420;2;199.2;45:45.684;12:05:45.684;0:32.384;0:37.960;0:38.420;275.1;Oliver Jarvis;;P;;Mazda Team Joest;Mazda;
77;0;13;5:06.510;0;B;33.373;0;38.541;0;3:54.596;0;70.7;50:52.194;12:10:52.194;0:33.373;0:38.541;3:54.596;243.6;Oliver Jarvis;;P;;Mazda Team Joest;Mazda;
77;2;14;2:14.603;0;;56.436;0;39.000;0;39.167;0;161.0;53:06.797;12:13:06.797;0:56.436;0:39.000;0:39.167;277.3;Rene Rast;0:03:35.870;P;;Mazda Team Joest;Mazda;
77;2;15;1:49.579;0;;33.219;0;37.911;0;38.449;1;197.7;54:56.376;12:14:56.376;0:33.219;0:37.911;0:38.449;276.8;Rene Rast;;P;;Mazda Team Joest;Mazda;
77;2;16;1:49.921;0;;32.595;0;38.162;0;39.164;0;197.1;56:46.297;12:16:46.297;0:32.595;0:38.162;0:39.164;275.6;Rene Rast;;P;;Mazda Team Joest;Mazda;
77;2;17;1:49.236;0;;32.837;0;37.865;2;38.534;0;198.4;58:35.533;12:18:35.533;0:32.837;0:37.865;0:38.534;275.1;Rene Rast;;P;;Mazda Team Joest;Mazda;
77;2;18;1:49.415;0;;32.389;1;38.254;0;38.772;0;198.0;1:00:24.948;12:20:24.948;0:32.389;0:38.254;0:38.772;276.2;Rene Rast;;P;;Mazda Team Joest;Mazda;
85;0;1;3:42.631;0;B;1:49.620;0;50.370;0;1:02.641;0;97.3;3:42.631;11:23:42.631;1:49.620;0:50.370;1:02.641;175.6;Simon Trummer;0:01:04.264;P;;JDC-Miller Motorsports;ORECA;
85;0;2;4:42.175;0;;3:14.818;0;43.220;0;44.137;0;76.8;8:24.806;11:28:24.806;3:14.818;0:43.220;0:44.137;253.1;Simon Trummer;0:02:46.631;P;;JDC-Miller Motorsports;ORECA;
85;0;3;1:55.740;0;;35.073;0;39.748;0;40.919;0;187.2;10:20.546;11:30:20.546;0:35.073;0:39.748;0:40.919;279.0;Simon Trummer;;P;;JDC-Miller Motorsports;ORECA;
85;0;4;2:07.341;0;B;33.189;0;42.761;0;51.391;0;170.2;12:27.887;11:32:27.887;0:33.189;0:42.761;0:51.391;279.6;Simon Trummer;;P;;JDC-Miller Motorsports;ORECA;
85;0;5;17:05.944;0;;15:44.324;0;41.287;0;40.333;0;21.1;29:33.831;11:49:33.831;15:44.324;0:41.287;0:40.333;280.2;Simon Trummer;0:15:18.749;P;;JDC-Miller Motorsports;ORECA;
85;0;6;1:52.966;0;;33.093;0;39.397;0;40.476;0;191.8;31:26.797;11:51:26.797;0:33.093;0:39.397;0:40.476;280.7;Simon Trummer;;P;;JDC-Miller Motorsports;ORECA;
85;0;7;2:07.803;0;B;32.912;2;41.612;0;53.279;0;169.5;33:34.600;11:53:34.600;0:32.912;0:41.612;0:53.279;233.6;Simon Trummer;;P;;JDC-Miller Motorsports;ORECA;
85;0;8;7:02.079;0;;5:41.888;0;40.051;0;40.140;0;51.3;40:36.679;12:00:36.679;5:41.888;0:40.051;0:40.140;278.4;Simon Trummer;0:05:15.659;P;;JDC-Miller Motorsports;ORECA;
85;0;9;1:50.378;2;;32.964;0;38.573;0;38.841;2;196.3;42:27.057;12:02:27.057;0:32.964;0:38.573;0:38.841;282.5;Simon Trummer;;P;;JDC-Miller Motorsports;ORECA;
85;0;10;1:55.680;0;;36.618;0;40.065;0;38.997;0;187.3;44:22.737;12:04:22.737;0:36.618;0:40.065;0:38.997;281.9;Simon Trummer;;P;;JDC-Miller Motorsports;ORECA;
85;0;11;2:09.481;0;;33.344;0;51.110;0;45.027;0;167.3;46:32.218;12:06:32.218;0:33.344;0:51.110;0:45.027;246.3;Simon Trummer;;P;;JDC-Miller Motorsports;ORECA;
85;0;12;1:52.043;0;;33.966;0;38.695;0;39.382;0;193.4;48:24.261;12:08:24.261;0:33.966;0:38.695;0:39.382;280.7;Simon Trummer;;P;;JDC-Miller Motorsports;ORECA;
85;0;13;2:06.745;0;B;33.006;0;38.372;2;55.367;0;171.0;50:31.006;12:10:31.006;0:33.006;0:38.372;0:55.367;267.0;Simon Trummer;;P;;JDC-Miller Motorsports;ORECA;
85;0;14;6:18.071;0;;4:55.207;0;40.415;0;42.449;0;57.3;56:49.077;12:16:49.077;4:55.207;0:40.415;0:42.449;197.7;Simon Trummer;0:04:28.061;P;;JDC-Miller Motorsports;ORECA;
85;0;15;1:52.272;0;;33.591;0;38.707;0;39.974;0;193.0;58:41.349;12:18:41.349;0:33.591;0:38.707;0:39.974;280.2;Simon Trummer;;P;;JDC-Miller Motorsports;ORECA;
85;0;16;1:50.705;0;;33.177;0;38.682;0;38.846;0;195.7;1:00:32.054;12:20:32.054;0:33.177;0:38.682;0:38.846;281.9;Simon Trummer;;P;;JDC-Miller Motorsports;ORECA;
86;0;1;2:58.575;0;;1:27.050;0;45.432;0;46.093;0;121.3;2:58.575;11:22:58.575;1:27.050;0:45.432;0:46.093;246.7;Katherine Legge;0:00:47.229;GTD;;Michael Shank Racing w/ Curb-Agajanian;Acura;
86;0;2;2:04.096;0;;38.191;0;42.333;0;43.572;0;174.6;5:02.671;11:25:02.671;0:38.191;0:42.333;0:43.572;246.7;Katherine Legge;;GTD;;Michael Shank Racing w/ Curb-Agajanian;Acura;
86;0;3;2:02.445;0;;37.199;0;41.991;0;43.255;0;177.0;7:05.116;11:27:05.116;0:37.199;0:41.991;0:43.255;247.6;Katherine Legge;;GTD;;Michael Shank Racing w/ Curb-Agajanian;Acura;
86;0;4;2:02.236;0;;37.046;0;41.831;0;43.359;0;177.3;9:07.352;11:29:07.352;0:37.046;0:41.831;0:43.359;249.9;Katherine Legge;;GTD;;Michael Shank Racing w/ Curb-Agajanian;Acura;
86;0;5;2:01.802;0;;36.562;0;42.110;0;43.130;2;177.9;11:09.154;11:31:09.154;0:36.562;0:42.110;0:43.130;248.1;Katherine Legge;;GTD;;Michael Shank Racing w/ Curb-Agajanian;Acura;
86;0;6;2:15.354;0;B;36.458;0;42.254;0;56.642;0;160.1;13:24.508;11:33:24.508;0:36.458;0:42.254;0:56.642;230.5;Katherine Legge;;GTD;;Michael Shank Racing w/ Curb-Agajanian;Acura;
86;0;7;7:37.097;0;B;5:53.516;0;43.082;0;1:00.499;0;47.4;21:01.605;11:41:01.605;5:53.516;0:43.082;1:00.499;246.3;Katherine Legge;0:05:25.967;GTD;;Michael Shank Racing w/ Curb-Agajanian;Acura;
86;0;8;8:14.041;0;;6:47.500;0;41.649;0;44.892;0;43.9;29:15.646;11:49:15.646;6:47.500;0:41.649;0:44.892;225.9;Katherine Legge;0:06:19.484;GTD;;Michael Shank Racing w/ Curb-Agajanian;Acura;
86;0;9;2:01.024;2;;36.178;0;41.541;2;43.305;0;179.0;31:16.670;11:51:16.670;0:36.178;0:41.541;0:43.305;250.8;Katherine Legge;;GTD;;Michael Shank Racing w/ Curb-Agajanian;Acura;
86;0;10;2:12.779;0;B;35.967;2;42.816;0;53.996;0;163.2;33:29.449;11:53:29.449;0:35.967;0:42.816;0:53.996;250.3;Katherine Legge;;GTD;;Michael Shank Racing w/ Curb-Agajanian;Acura;
86;0;11;6:19.278;0;;4:54.070;0;41.912;0;43.296;0;57.1;39:48.727;11:59:48.727;4:54.070;0:41.912;0:43.296;248.5;Katherine Legge;0:04:28.397;GTD;;Michael Shank Racing w/ Curb-Agajanian;Acura;
86;0;12;2:01.534;0;;36.322;0;41.751;0;43.461;0;178.3;41:50.261;12:01:50.261;0:36.322;0:41.751;0:43.461;249.0;Katherine Legge;;GTD;;Michael Shank Racing w/ Curb-Agajanian;Acura;
86;0;13;2:11.984;0;B;35.990;0;41.747;0;54.247;0;164.2;44:02.245;12:04:02.245;0:35.990;0:41.747;0:54.247;251.3;Katherine Legge;;GTD;;Michael Shank Racing w/ Curb-Agajanian;Acura;
90;1;1;2:11.996;0;;48.750;0;42.445;0;40.801;0;164.2;2:11.996;11:22:11.996;0:48.750;0:42.445;0:40.801;263.9;Tristan Vautier;0:00:10.922;P;;Spirit of Daytona Racing;Cadillac;
90;1;2;5:07.718;0;B;33.636;0;39.132;0;3:54.950;0;70.4;7:19.714;11:27:19.714;0:33.636;0:39.132;3:54.950;270.2;Tristan Vautier;;P;;Spirit of Daytona Racing;Cadillac;
90;1;3;2:14.728;0;;55.035;0;39.682;0;40.011;0;160.8;9:34.442;11:29:34.442;0:55.035;0:39.682;0:40.011;272.3;Tristan Vautier;0:03:38.215;P;;Spirit of Daytona Racing;Cadillac;
90;1;4;1:50.148;0;;32.838;0;38.339;0;38.971;0;196.7;11:24.590;11:31:24.590;0:32.838;0:38.339;0:38.971;272.3;Tristan Vautier;;P;;Spirit of Daytona Racing;Cadillac;
90;1;5;1:49.720;0;;32.735;0;38.403;0;38.582;0;197.5;13:14.310;11:33:14.310;0:32.735;0:38.403;0:38.582;271.3;Tristan Vautier;;P;;Spirit of Daytona Racing;Cadillac;
90;1;6;1:50.558;0;;32.637;0;39.007;0;38.914;0;196.0;15:04.868;11:35:04.868;0:32.637;0:39.007;0:38.914;271.8;Tristan Vautier;;P;;Spirit of Daytona Racing;Cadillac;
90;1;7;1:48.387;2;;32.015;2;38.083;0;38.289;4;199.9;16:53.255;11:36:53.255;0:32.015;0:38.083;0:38.289;272.9;Tristan Vautier;;P;;Spirit of Daytona Racing;Cadillac;
90;1;8;1:49.031;0;;32.382;0;37.812;0;38.837;0;198.7;18:42.286;11:38:42.286;0:32.382;0:37.812;0:38.837;272.3;Tristan Vautier;;P;;Spirit of Daytona Racing;Cadillac;
90;1;9;8:46.032;0;B;32.533;0;38.869;0;7:34.630;0;41.2;27:28.318;11:47:28.318;0:32.533;0:38.869;7:34.630;274.0;Tristan Vautier;;P;;Spirit of Daytona Racing;Cadillac;
90;1;10;2:16.485;0;;55.822;0;41.077;0;39.586;0;158.8;29:44.803;11:49:44.803;0:55.822;0:41.077;0:39.586;274.0;Tristan Vautier;0:07:14.874;P;;Spirit of Daytona Racing;Cadillac;
90;1;11;1:49.319;0;;32.908;0;37.871;0;38.540;0;198.2;31:34.122;11:51:34.122;0:32.908;0:37.871;0:38.540;272.3;Tristan Vautier;;P;;Spirit of Daytona Racing;Cadillac;
90;1;12;1:50.093;0;;32.462;0;38.521;0;39.110;0;196.8;33:24.215;11:53:24.215;0:32.462;0:38.521;0:39.110;272.9;Tristan Vautier;;P;;Spirit of Daytona Racing;Cadillac;
90;1;13;1:49.251;0;;33.104;0;37.703;0;38.444;0;198.3;35:13.466;11:55:13.466;0:33.104;0:37.703;0:38.444;273.4;Tristan Vautier;;P;;Spirit of Daytona Racing;Cadillac;
90;1;14;1:48.409;0;;32.125;0;37.744;0;38.540;0;199.9;37:01.875;11:57:01.875;0:32.125;0:37.744;0:38.540;273.4;Tristan Vautier;;P;;Spirit of Daytona Racing;Cadillac;
90;1;15;3:56.984;0;B;32.765;0;37.689;2;2:46.530;0;91.4;40:58.859;12:00:58.859;0:32.765;0:37.689;2:46.530;272.3;Tristan Vautier;;P;;Spirit of Daytona Racing;Cadillac;
90;0;16;2:16.686;0;;57.554;0;39.999;0;39.133;0;158.5;43:15.545;12:03:15.545;0:57.554;0:39.999;0:39.133;275.1;Matthew McMurry;0:02:30.073;P;;Spirit of Daytona Racing;Cadillac;
90;0;17;1:52.847;0;;33.369;0;39.624;0;39.854;0;192.0;45:08.392;12:05:08.392;0:33.369;0:39.624;0:39.854;270.7;Matthew McMurry;;P;;Spirit of Daytona Racing;Cadillac;
90;0;18;1:50.948;0;;33.200;0;38.690;0;39.058;0;195.3;46:59.340;12:06:59.340;0:33.200;0:38.690;0:39.058;272.9;Matthew McMurry;;P;;Spirit of Daytona Racing;Cadillac;
90;0;19;1:50.214;0;;32.502;1;38.986;0;38.726;0;196.6;48:49.554;12:08:49.554;0:32.502;0:38.986;0:38.726;274.5;Matthew McMurry;;P;;Spirit of Daytona Racing;Cadillac;
90;0;20;1:50.138;0;;33.103;0;38.378;1;38.657;1;196.7;50:39.692;12:10:39.692;0:33.103;0:38.378;0:38.657;275.6;Matthew McMurry;;P;;Spirit of Daytona Racing;Cadillac;
90;0;21;4:11.998;0;B;32.608;0;38.669;0;3:00.721;0;86.0;54:51.690;12:14:51.690;0:32.608;0:38.669;3:00.721;274.5;Matthew McMurry;;P;;Spirit of Daytona Racing;Cadillac;
90;0;22;2:14.153;0;;56.522;0;38.604;0;39.027;0;161.5;57:05.843;12:17:05.843;0:56.522;0:38.604;0:39.027;274.0;Matthew McMurry;0:02:41.805;P;;Spirit of Daytona Racing;Cadillac;
90;0;23;1:50.476;0;;32.687;0;38.402;0;39.387;0;196.1;58:56.319;12:18:56.319;0:32.687;0:38.402;0:39.387;275.1;Matthew McMurry;;P;;Spirit of Daytona Racing;Cadillac;
90;0;24;1:51.926;0;;32.657;0;39.809;0;39.460;0;193.6;1:00:48.245;12:20:48.245;0:32.657;0:39.809;0:39.460;275.1;Matthew McMurry;;P;;Spirit of Daytona Racing;Cadillac;
911;1;1;3:00.993;0;B;1:12.231;0;49.893;0;58.869;0;119.7;3:00.993;11:23:00.993;1:12.231;0:49.893;0:58.869;191.9;Frederic Makowiecki;0:00:30.302;GTLM;;Porsche GT Team;Porsche;
911;1;2;4:25.802;0;;2:54.132;0;45.716;0;45.954;0;81.5;7:26.795;11:27:26.795;2:54.132;0:45.716;0:45.954;228.9;Frederic Makowiecki;0:02:25.983;GTLM;;Porsche GT Team;Porsche;
911;1;3;2:03.519;0;;37.140;0;42.969;0;43.410;0;175.4;9:30.314;11:29:30.314;0:37.140;0:42.969;0:43.410;251.7;Frederic Makowiecki;;GTLM;;Porsche GT Team;Porsche;
911;1;4;2:00.800;0;;36.107;0;41.736;0;42.957;0;179.4;11:31.114;11:31:31.114;0:36.107;0:41.736;0:42.957;254.6;Frederic Makowiecki;;GTLM;;Porsche GT Team;Porsche;
911;1;5;2:06.258;0;;38.289;0;43.887;0;44.082;0;171.6;13:37.372;11:33:37.372;0:38.289;0:43.887;0:44.082;227.8;Frederic Makowiecki;;GTLM;;Porsche GT Team;Porsche;
911;1;6;2:00.286;0;;36.077;0;41.452;0;42.757;0;180.1;15:37.658;11:35:37.658;0:36.077;0:41.452;0:42.757;252.7;Frederic Makowiecki;;GTLM;;Porsche GT Team;Porsche;
911;1;7;2:22.156;0;B;39.432;0;44.706;0;58.018;0;152.4;17:59.814;11:37:59.814;0:39.432;0:44.706;0:58.018;174.9;Frederic Makowiecki;;GTLM;;Porsche GT Team;Porsche;
911;1;8;11:47.505;0;;10:16.314;0;46.123;0;45.068;0;30.6;29:47.319;11:49:47.319;10:16.314;0:46.123;0:45.068;210.9;Frederic Makowiecki;0:09:48.770;GTLM;;Porsche GT Team;Porsche;
911;1;9;2:02.004;0;;36.664;0;42.344;0;42.996;0;177.6;31:49.323;11:51:49.323;0:36.664;0:42.344;0:42.996;252.2;Frederic Makowiecki;;GTLM;;Porsche GT Team;Porsche;
911;1;10;2:00.796;0;;35.813;0;41.485;0;43.498;0;179.4;33:50.119;11:53:50.119;0:35.813;0:41.485;0:43.498;253.6;Frederic Makowiecki;;GTLM;;Porsche GT Team;Porsche;
911;1;11;2:04.999;0;;38.485;0;43.375;0;43.139;0;173.3;35:55.118;11:55:55.118;0:38.485;0:43.375;0:43.139;255.0;Frederic Makowiecki;;GTLM;;Porsche GT Team;Porsche;
911;1;12;2:00.881;0;;37.111;0;41.270;0;42.500;0;179.3;37:55.999;11:57:55.999;0:37.111;0:41.270;0:42.500;254.6;Frederic Makowiecki;;GTLM;;Porsche GT Team;Porsche;
911;1;13;2:17.923;0;B;38.356;0;43.768;0;55.799;0;157.1;40:13.922;12:00:13.922;0:38.356;0:43.768;0:55.799;208.0;Frederic Makowiecki;;GTLM;;Porsche GT Team;Porsche;
911;1;14;5:52.186;0;;4:23.825;0;44.648;0;43.713;0;61.5;46:06.108;12:06:06.108;4:23.825;0:44.648;0:43.713;244.1;Frederic Makowiecki;0:03:56.551;GTLM;;Porsche GT Team;Porsche;
911;1;15;2:02.115;0;;36.880;0;42.132;0;43.103;0;177.4;48:08.223;12:08:08.223;0:36.880;0:42.132;0:43.103;256.5;Frederic Makowiecki;;GTLM;;Porsche GT Team;Porsche;
911;1;16;1:59.838;0;;35.735;0;41.523;0;42.580;0;180.8;50:08.061;12:10:08.061;0:35.735;0:41.523;0:42.580;257.4;Frederic Makowiecki;;GTLM;;Porsche GT Team;Porsche;
911;1;17;2:04.528;0;;38.428;0;43.094;0;43.006;0;174.0;52:12.589;12:12:12.589;0:38.428;0:43.094;0:43.006;254.1;Frederic Makowiecki;;GTLM;;Porsche GT Team;Porsche;
911;1;18;1:59.407;0;;35.798;0;40.957;0;42.652;0;181.5;54:11.996;12:14:11.996;0:35.798;0:40.957;0:42.652;257.9;Frederic Makowiecki;;GTLM;;Porsche GT Team;Porsche;
911;1;19;1:58.521;0;;35.172;0;41.073;0;42.276;0;182.8;56:10.517;12:16:10.517;0:35.172;0:41.073;0:42.276;256.0;Frederic Makowiecki;;GTLM;;Porsche GT Team;Porsche;
911;1;20;2:00.559;0;;35.661;0;42.408;0;42.490;0;179.7;58:11.076;12:18:11.076;0:35.661;0:42.408;0:42.490;255.5;Frederic Makowiecki;;GTLM;;Porsche GT Team;Porsche;
911;1;21;1:57.958;2;;35.088;2;40.779;2;42.091;2;183.7;1:00:09.034;12:20:09.034;0:35.088;0:40.779;0:42.091;256.0;Frederic Makowiecki;;GTLM;;Porsche GT Team;Porsche;
912;0;1;2:50.183;0;B;1:08.499;0;45.879;0;55.805;0;127.3;2:50.183;11:22:50.183;1:08.499;0:45.879;0:55.805;246.3;Laurens Vanthoor;0:00:29.350;GTLM;;Porsche GT Team;Porsche;
912;0;2;4:13.493;0;;2:47.090;0;42.943;0;43.460;0;85.5;7:03.676;11:27:03.676;2:47.090;0:42.943;0:43.460;255.0;Laurens Vanthoor;0:02:21.179;GTLM;;Porsche GT Team;Porsche;
912;0;3;1:59.648;0;;35.925;0;41.334;0;42.389;0;181.1;9:03.324;11:29:03.324;0:35.925;0:41.334;0:42.389;255.5;Laurens Vanthoor;;GTLM;;Porsche GT Team;Porsche;
912;0;4;2:01.696;0;;36.621;0;41.796;0;43.279;0;178.1;11:05.020;11:31:05.020;0:36.621;0:41.796;0:43.279;255.5;Laurens Vanthoor;;GTLM;;Porsche GT Team;Porsche;
912;0;5;2:05.098;0;;37.996;0;43.977;0;43.125;0;173.2;13:10.118;11:33:10.118;0:37.996;0:43.977;0:43.125;254.6;Laurens Vanthoor;;GTLM;;Porsche GT Team;Porsche;
912;0;6;2:07.560;0;B;35.058;2;41.070;0;51.432;0;169.9;15:17.678;11:35:17.678;0:35.058;0:41.070;0:51.432;256.5;Laurens Vanthoor;;GTLM;;Porsche GT Team;Porsche;
912;0;7;6:31.323;0;B;4:47.729;0;44.156;0;59.438;0;55.4;21:49.001;11:41:49.001;4:47.729;0:44.156;0:59.438;210.2;Laurens Vanthoor;0:04:17.927;GTLM;;Porsche GT Team;Porsche;
912;0;8;7:25.413;0;;6:01.064;0;41.863;0;42.486;0;48.6;29:14.414;11:49:14.414;6:01.064;0:41.863;0:42.486;256.0;Laurens Vanthoor;0:05:34.944;GTLM;;Porsche GT Team;Porsche;
912;0;9;2:00.140;0;;36.025;0;41.784;0;42.331;0;180.4;31:14.554;11:51:14.554;0:36.025;0:41.784;0:42.331;257.4;Laurens Vanthoor;;GTLM;;Porsche GT Team;Porsche;
912;0;10;2:08.238;0;;37.002;0;46.691;0;44.545;0;169.0;33:22.792;11:53:22.792;0:37.002;0:46.691;0:44.545;210.6;Laurens Vanthoor;;GTLM;;Porsche GT Team;Porsche;
912;0;11;1:58.116;2;;35.119;0;40.851;2;42.146;2;183.5;35:20.908;11:55:20.908;0:35.119;0:40.851;0:42.146;256.5;Laurens Vanthoor;;GTLM;;Porsche GT Team;Porsche;
912;0;12;2:08.931;0;B;36.350;0;41.109;0;51.472;0;168.1;37:29.839;11:57:29.839;0:36.350;0:41.109;0:51.472;256.9;Laurens Vanthoor;;GTLM;;Porsche GT Team;Porsche;
912;0;13;5:15.998;0;;3:47.361;0;41.533;0;47.104;0;68.6;42:45.837;12:02:45.837;3:47.361;0:41.533;0:47.104;254.6;Laurens Vanthoor;0:03:23.125;GTLM;;Porsche GT Team;Porsche;
912;0;14;1:58.975;0;;35.890;0;40.934;0;42.151;0;182.1;44:44.812;12:04:44.812;0:35.890;0:40.934;0:42.151;256.5;Laurens Vanthoor;;GTLM;;Porsche GT Team;Porsche;
912;0;15;2:04.305;0;;35.373;0;40.942;0;47.990;0;174.3;46:49.117;12:06:49.117;0:35.373;0:40.942;0:47.990;193.5;Laurens Vanthoor;;GTLM;;Porsche GT Team;Porsche;
912;0;16;2:08.493;0;B;35.300;0;41.177;0;52.016;0;168.6;48:57.610;12:08:57.610;0:35.300;0:41.177;0:52.016;254.6;Laurens Vanthoor;;GTLM;;Porsche GT Team;Porsche;
912;2;17;6:26.415;0;;5:00.873;0;42.338;0;43.204;0;56.1;55:24.025;12:15:24.025;5:00.873;0:42.338;0:43.204;253.6;Gianmaria Bruni;0:04:34.865;GTLM;;Porsche GT Team;Porsche;
912;2;18;2:00.044;0;;36.150;0;41.254;0;42.640;1;180.5;57:24.069;12:17:24.069;0:36.150;0:41.254;0:42.640;254.1;Gianmaria Bruni;;GTLM;;Porsche GT Team;Porsche;
912;2;19;2:00.811;0;;36.409;0;41.587;0;42.815;0;179.4;59:24.880;12:19:24.880;0:36.409;0:41.587;0:42.815;255.5;Gianmaria Bruni;;GTLM;;Porsche GT Team;Porsche;
912;2;20;1:59.570;0;;35.510;1;41.163;1;42.897;0;181.2;1:01:24.450;12:21:24.450;0:35.510;0:41.163;0:42.897;256.0;Gianmaria Bruni;;GTLM;;Porsche GT Team;Porsche;
93;1;1;3:10.696;0;B;1:28.339;0;46.501;0;55.856;0;113.6;3:10.696;11:23:10.696;1:28.339;0:46.501;0:55.856;244.1;Lawson Aschenbach;0:00:48.518;GTD;;Michael Shank Racing w/ Curb-Agajanian;Acura;
93;1;2;6:32.212;0;B;4:51.699;0;43.426;0;57.087;0;55.2;9:42.908;11:29:42.908;4:51.699;0:43.426;0:57.087;238.5;Lawson Aschenbach;0:04:25.461;GTD;;Michael Shank Racing w/ Curb-Agajanian;Acura;
93;1;3;2:51.649;0;;1:24.016;0;42.149;0;45.484;0;126.2;12:34.557;11:32:34.557;1:24.016;0:42.149;0:45.484;231.6;Lawson Aschenbach;0:00:58.925;GTD;;Michael Shank Racing w/ Curb-Agajanian;Acura;
93;1;4;2:00.843;0;;36.198;0;41.216;2;43.429;0;179.3;14:35.400;11:34:35.400;0:36.198;0:41.216;0:43.429;247.6;Lawson Aschenbach;;GTD;;Michael Shank Racing w/ Curb-Agajanian;Acura;
93;1;5;2:00.337;2;;35.946;0;41.327;0;43.064;2;180.1;16:35.737;11:36:35.737;0:35.946;0:41.327;0:43.064;250.3;Lawson Aschenbach;;GTD;;Michael Shank Racing w/ Curb-Agajanian;Acura;
93;1;6;2:00.572;0;;35.835;2;41.427;0;43.310;0;179.7;18:36.309;11:38:36.309;0:35.835;0:41.427;0:43.310;248.5;Lawson Aschenbach;;GTD;;Michael Shank Racing w/ Curb-Agajanian;Acura;
93;1;7;2:11.807;0;B;36.018;0;41.863;0;53.926;0;164.4;20:48.116;11:40:48.116;0:36.018;0:41.863;0:53.926;251.3;Lawson Aschenbach;;GTD;;Michael Shank Racing w/ Curb-Agajanian;Acura;
93;1;8;13:13.885;0;;11:44.483;0;43.310;0;46.092;0;27.3;34:02.001;11:54:02.001;11:44.483;0:43.310;0:46.092;218.3;Lawson Aschenbach;0:11:18.878;GTD;;Michael Shank Racing w/ Curb-Agajanian;Acura;
93;1;9;2:00.827;0;;36.222;0;41.442;0;43.163;0;179.3;36:02.828;11:56:02.828;0:36.222;0:41.442;0:43.163;248.1;Lawson Aschenbach;;GTD;;Michael Shank Racing w/ Curb-Agajanian;Acura;
93;1;10;2:10.788;0;B;35.997;0;41.789;0;53.002;0;165.7;38:13.616;11:58:13.616;0:35.997;0:41.789;0:53.002;248.1;Lawson Aschenbach;;GTD;;Michael Shank Racing w/ Curb-Agajanian;Acura;
93;0;11;4:23.761;0;;2:56.419;0;42.804;0;44.538;0;82.2;42:37.377;12:02:37.377;2:56.419;0:42.804;0:44.538;249.9;Justin Marks;0:02:29.600;GTD;;Michael Shank Racing w/ Curb-Agajanian;Acura;
93;0;12;2:01.929;0;;36.413;0;42.003;0;43.513;0;177.7;44:39.306;12:04:39.306;0:36.413;0:42.003;0:43.513;250.8;Justin Marks;;GTD;;Michael Shank Racing w/ Curb-Agajanian;Acura;
93;0;13;2:01.728;0;;36.241;1;42.084;0;43.403;1;178.0;46:41.034;12:06:41.034;0:36.241;0:42.084;0:43.403;251.3;Justin Marks;;GTD;;Michael Shank Racing w/ Curb-Agajanian;Acura;
93;0;14;2:13.739;0;B;37.233;0;42.433;0;54.073;0;162.0;48:54.773;12:08:54.773;0:37.233;0:42.433;0:54.073;250.3;Justin Marks;;GTD;;Michael Shank Racing w/ Curb-Agajanian;Acura;
93;0;15;4:18.612;0;;2:52.637;0;42.464;0;43.511;0;83.8;53:13.385;12:13:13.385;2:52.637;0:42.464;0:43.511;250.3;Justin Marks;0:02:25.203;GTD;;Michael Shank Racing w/ Curb-Agajanian;Acura;
93;0;16;2:02.935;0;;36.286;0;41.761;1;44.888;0;176.3;55:16.320;12:15:16.320;0:36.286;0:41.761;0:44.888;248.5;Justin Marks;;GTD;;Michael Shank Racing w/ Curb-Agajanian;Acura;
93;0;17;2:02.596;0;;36.486;0;42.229;0;43.881;0;176.7;57:18.916;12:17:18.916;0:36.486;0:42.229;0:43.881;248.5;Justin Marks;;GTD;;Michael Shank Racing w/ Curb-Agajanian;Acura;
93;0;18;2:02.943;0;;36.351;0;42.138;0;44.454;0;176.2;59:21.859;12:19:21.859;0:36.351;0:42.138;0:44.454;248.5;Justin Marks;;GTD;;Michael Shank Racing w/ Curb-Agajanian;Acura;
93;0;19;2:12.239;0;B;36.336;0;42.234;0;53.669;0;163.9;1:01:34.098;12:21:34.098;0:36.336;0:42.234;0:53.669;249.4;Justin Marks;;GTD;;Michael Shank Racing w/ Curb-Agajanian;Acura;
96;2;1;2:32.746;0;;54.914;0;48.881;0;48.951;0;141.9;2:32.746;11:22:32.746;0:54.914;0:48.881;0:48.951;224.0;Markus Palttala;0:00:14.073;GTD;;Turner Motorsport;BMW;
96;2;2;2:09.065;0;;39.311;0;44.539;0;45.215;0;167.9;4:41.811;11:24:41.811;0:39.311;0:44.539;0:45.215;249.0;Markus Palttala;;GTD;;Turner Motorsport;BMW;
96;2;3;2:04.353;0;;37.522;0;42.830;0;44.001;0;174.2;6:46.164;11:26:46.164;0:37.522;0:42.830;0:44.001;252.2;Markus Palttala;;GTD;;Turner Motorsport;BMW;
96;2;4;2:02.619;0;;36.935;0;42.236;0;43.448;0;176.7;8:48.783;11:28:48.783;0:36.935;0:42.236;0:43.448;252.7;Markus Palttala;;GTD;;Turner Motorsport;BMW;
96;2;5;2:02.077;0;;36.797;0;42.021;0;43.259;0;177.5;10:50.860;11:30:50.860;0:36.797;0:42.021;0:43.259;254.1;Markus Palttala;;GTD;;Turner Motorsport;BMW;
96;2;6;2:01.193;0;;36.434;0;41.681;0;43.078;0;178.8;12:52.053;11:32:52.053;0:36.434;0:41.681;0:43.078;253.6;Markus Palttala;;GTD;;Turner Motorsport;BMW;
96;2;7;5:33.428;0;B;36.142;0;42.261;0;4:15.025;0;65.0;18:25.481;11:38:25.481;0:36.142;0:42.261;4:15.025;254.1;Markus Palttala;;GTD;;Turner Motorsport;BMW;
96;2;8;8:58.688;0;B;58.617;0;42.692;0;7:17.379;0;40.2;27:24.169;11:47:24.169;0:58.617;0:42.692;7:17.379;225.1;Markus Palttala;0:03:53.055;GTD;;Turner Motorsport;BMW;
96;2;9;2:29.337;0;;59.014;0;44.782;0;45.541;0;145.1;29:53.506;11:49:53.506;0:59.014;0:44.782;0:45.541;194.9;Markus Palttala;0:06:52.212;GTD;;Turner Motorsport;BMW;
96;2;10;2:01.187;0;;36.462;0;41.690;0;43.035;2;178.8;31:54.693;11:51:54.693;0:36.462;0:41.690;0:43.035;255.5;Markus Palttala;;GTD;;Turner Motorsport;BMW;
96;2;11;2:01.060;2;;36.072;2;41.628;2;43.360;0;179.0;33:55.753;11:53:55.753;0:36.072;0:41.628;0:43.360;254.1;Markus Palttala;;GTD;;Turner Motorsport;BMW;
96;2;12;3:58.788;0;B;36.249;0;43.181;0;2:39.358;0;90.7;37:54.541;11:57:54.541;0:36.249;0:43.181;2:39.358;253.1;Markus Palttala;;GTD;;Turner Motorsport;BMW;
96;0;13;2:46.273;0;;1:10.955;0;47.042;0;48.276;0;130.3;40:40.814;12:00:40.814;1:10.955;0:47.042;0:48.276;228.9;Don Yount;0:02:24.987;GTD;;Turner Motorsport;BMW;
96;0;14;2:10.118;0;;39.379;0;44.755;0;45.984;0;166.5;42:50.932;12:02:50.932;0:39.379;0:44.755;0:45.984;249.9;Don Yount;;GTD;;Turner Motorsport;BMW;
96;0;15;2:09.197;0;;38.880;0;45.440;0;44.877;0;167.7;45:00.129;12:05:00.129;0:38.880;0:45.440;0:44.877;252.7;Don Yount;;GTD;;Turner Motorsport;BMW;
96;0;16;2:06.919;0;;38.062;0;44.040;0;44.817;0;170.7;47:07.048;12:07:07.048;0:38.062;0:44.040;0:44.817;251.3;Don Yount;;GTD;;Turner Motorsport;BMW;
96;0;17;2:09.673;0;;38.028;0;44.637;0;47.008;0;167.1;49:16.721;12:09:16.721;0:38.028;0:44.637;0:47.008;254.1;Don Yount;;GTD;;Turner Motorsport;BMW;
96;0;18;2:09.361;0;;38.507;0;44.108;0;46.746;0;167.5;51:26.082;12:11:26.082;0:38.507;0:44.108;0:46.746;253.1;Don Yount;;GTD;;Turner Motorsport;BMW;
96;0;19;2:09.064;0;;38.649;0;44.216;0;46.199;0;167.9;53:35.146;12:13:35.146;0:38.649;0:44.216;0:46.199;252.7;Don Yount;;GTD;;Turner Motorsport;BMW;
96;0;20;2:06.064;0;;37.907;1;43.473;0;44.684;0;171.9;55:41.210;12:15:41.210;0:37.907;0:43.473;0:44.684;251.7;Don Yount;;GTD;;Turner Motorsport;BMW;
96;0;21;2:05.862;0;;37.986;0;43.412;1;44.464;1;172.2;57:47.072;12:17:47.072;0:37.986;0:43.412;0:44.464;253.6;Don Yount;;GTD;;Turner Motorsport;BMW;
96;0;22;2:07.011;0;;37.996;0;44.437;0;44.578;0;170.6;59:54.083;12:19:54.083;0:37.996;0:44.437;0:44.578;254.1;Don Yount;;GTD;;Turner Motorsport;BMW;
99;0;1;3:29.387;0;B;1:45.613;0;44.178;0;59.596;0;103.5;3:29.387;11:23:29.387;1:45.613;0:44.178;0:59.596;204.9;Chris Miller;0:01:06.249;P;;JDC-Miller Motorsports;ORECA;
99;0;2;4:27.049;0;;3:07.454;0;39.923;0;39.672;0;81.1;7:56.436;11:27:56.436;3:07.454;0:39.923;0:39.672;276.8;Chris Miller;0:02:44.686;P;;JDC-Miller Motorsports;ORECA;
99;0;3;1:52.147;0;;33.088;0;39.200;0;39.859;0;193.2;9:48.583;11:29:48.583;0:33.088;0:39.200;0:39.859;276.8;Chris Miller;;P;;JDC-Miller Motorsports;ORECA;
99;0;4;1:51.953;0;;32.588;0;40.484;0;38.881;0;193.5;11:40.536;11:31:40.536;0:32.588;0:40.484;0:38.881;279.6;Chris Miller;;P;;JDC-Miller Motorsports;ORECA;
99;0;5;1:56.188;0;;33.508;0;41.434;0;41.246;0;186.5;13:36.724;11:33:36.724;0:33.508;0:41.434;0:41.246;252.2;Chris Miller;;P;;JDC-Miller Motorsports;ORECA;
99;0;6;1:50.990;0;;32.351;2;39.317;0;39.322;0;195.2;15:27.714;11:35:27.714;0:32.351;0:39.317;0:39.322;279.0;Chris Miller;;P;;JDC-Miller Motorsports;ORECA;
99;0;7;1:50.651;2;;33.282;0;38.638;0;38.731;2;195.8;17:18.365;11:37:18.365;0:33.282;0:38.638;0:38.731;280.2;Chris Miller;;P;;JDC-Miller Motorsports;ORECA;
99;0;8;1:51.931;0;;33.728;0;38.587;2;39.616;0;193.6;19:10.296;11:39:10.296;0:33.728;0:38.587;0:39.616;279.6;Chris Miller;;P;;JDC-Miller Motorsports;ORECA;
