NUMBER; DRIVER_NUMBER; LAP_NUMBER; LAP_TIME; LAP_IMPROVEMENT; CROSSING_FINISH_LINE_IN_PIT; S1; S1_IMPROVEMENT; S2; S2_IMPROVEMENT; S3; S3_IMPROVEMENT; KPH; ELAPSED; HOUR;S1_LARGE;S2_LARGE;S3_LARGE;TOP_SPEED;DRIVER_NAME;PIT_TIME;CLASS;GROUP;TEAM;MANUFACTURER;
11;1;1;1:02.003;0;;28.182;0;21.425;0;12.396;0;137.7;1:02.003;15:11:03.931;0:28.182;0:21.425;0:12.396;218.1;John Potter;;GTD;;Magnus Racing;Lamborghini;
11;1;2;54.873;0;;22.400;0;20.177;0;12.296;0;155.6;1:56.876;15:11:58.804;0:22.400;0:20.177;0:12.296;233.2;John Potter;;GTD;;Magnus Racing;Lamborghini;
11;1;3;53.262;0;;21.787;0;19.439;0;12.036;1;160.3;2:50.138;15:12:52.066;0:21.787;0:19.439;0:12.036;233.2;John Potter;;GTD;;Magnus Racing;Lamborghini;
11;1;4;53.308;0;;21.705;0;19.477;0;12.126;0;160.2;3:43.446;15:13:45.374;0:21.705;0:19.477;0:12.126;234.7;John Potter;;GTD;;Magnus Racing;Lamborghini;
11;1;5;53.480;0;;21.822;0;19.576;0;12.082;0;159.7;4:36.926;15:14:38.854;0:21.822;0:19.576;0:12.082;234.7;John Potter;;GTD;;Magnus Racing;Lamborghini;
11;1;6;53.112;0;;21.669;1;19.352;1;12.091;0;160.8;5:30.038;15:15:31.966;0:21.669;0:19.352;0:12.091;235.2;John Potter;;GTD;;Magnus Racing;Lamborghini;
11;1;7;53.475;0;;21.863;0;19.477;0;12.135;0;159.7;6:23.513;15:16:25.441;0:21.863;0:19.477;0:12.135;236.2;John Potter;;GTD;;Magnus Racing;Lamborghini;
11;1;8;53.973;0;;22.293;0;19.518;0;12.162;0;158.2;7:17.486;15:17:19.414;0:22.293;0:19.518;0:12.162;235.7;John Potter;;GTD;;Magnus Racing;Lamborghini;
11;1;9;53.872;0;;21.754;0;19.876;0;12.242;0;158.5;8:11.358;15:18:13.286;0:21.754;0:19.876;0:12.242;233.7;John Potter;;GTD;;Magnus Racing;Lamborghini;
11;1;10;53.402;0;;21.698;0;19.525;0;12.179;0;159.9;9:04.760;15:19:06.688;0:21.698;0:19.525;0:12.179;233.2;John Potter;;GTD;;Magnus Racing;Lamborghini;
11;1;11;53.604;0;;21.803;0;19.562;0;12.239;0;159.3;9:58.364;15:20:00.292;0:21.803;0:19.562;0:12.239;234.2;John Potter;;GTD;;Magnus Racing;Lamborghini;
11;1;12;53.748;0;;21.782;0;19.699;0;12.267;0;158.9;10:52.112;15:20:54.040;0:21.782;0:19.699;0:12.267;232.7;John Potter;;GTD;;Magnus Racing;Lamborghini;
11;1;13;53.672;0;;21.869;0;19.592;0;12.211;0;159.1;11:45.784;15:21:47.712;0:21.869;0:19.592;0:12.211;232.2;John Potter;;GTD;;Magnus Racing;Lamborghini;
11;1;14;53.572;0;;21.888;0;19.419;0;12.265;0;159.4;12:39.356;15:22:41.284;0:21.888;0:19.419;0:12.265;231.7;John Potter;;GTD;;Magnus Racing;Lamborghini;
11;1;15;53.655;0;;21.898;0;19.506;0;12.251;0;159.2;13:33.011;15:23:34.939;0:21.898;0:19.506;0:12.251;231.3;John Potter;;GTD;;Magnus Racing;Lamborghini;
11;1;16;53.648;0;;21.820;0;19.612;0;12.216;0;159.2;14:26.659;15:24:28.587;0:21.820;0:19.612;0:12.216;232.2;John Potter;;GTD;;Magnus Racing;Lamborghini;
11;1;17;53.675;0;;21.800;0;19.501;0;12.374;0;159.1;15:20.334;15:25:22.262;0:21.800;0:19.501;0:12.374;231.7;John Potter;;GTD;;Magnus Racing;Lamborghini;
11;1;18;53.672;0;;21.862;0;19.477;0;12.333;0;159.1;16:14.006;15:26:15.934;0:21.862;0:19.477;0:12.333;229.4;John Potter;;GTD;;Magnus Racing;Lamborghini;
11;1;19;53.622;0;;21.851;0;19.503;0;12.268;0;159.3;17:07.628;15:27:09.556;0:21.851;0:19.503;0:12.268;230.8;John Potter;;GTD;;Magnus Racing;Lamborghini;
11;1;20;53.941;0;;22.035;0;19.612;0;12.294;0;158.3;18:01.569;15:28:03.497;0:22.035;0:19.612;0:12.294;231.3;John Potter;;GTD;;Magnus Racing;Lamborghini;
11;1;21;54.893;0;;22.598;0;19.982;0;12.313;0;155.6;18:56.462;15:28:58.390;0:22.598;0:19.982;0:12.313;230.8;John Potter;;GTD;;Magnus Racing;Lamborghini;
11;1;22;55.198;0;;22.005;0;20.758;0;12.435;0;154.7;19:51.660;15:29:53.588;0:22.005;0:20.758;0:12.435;230.8;John Potter;;GTD;;Magnus Racing;Lamborghini;
11;1;23;55.185;0;;22.062;0;20.664;0;12.459;0;154.7;20:46.845;15:30:48.773;0:22.062;0:20.664;0:12.459;231.7;John Potter;;GTD;;Magnus Racing;Lamborghini;
11;1;24;54.033;0;;22.104;0;19.588;0;12.341;0;158.0;21:40.878;15:31:42.806;0:22.104;0:19.588;0:12.341;230.8;John Potter;;GTD;;Magnus Racing;Lamborghini;
11;1;25;54.046;0;;22.011;0;19.696;0;12.339;0;158.0;22:34.924;15:32:36.852;0:22.011;0:19.696;0:12.339;231.3;John Potter;;GTD;;Magnus Racing;Lamborghini;
11;1;26;54.138;0;;21.997;0;19.827;0;12.314;0;157.7;23:29.062;15:33:30.990;0:21.997;0:19.827;0:12.314;231.7;John Potter;;GTD;;Magnus Racing;Lamborghini;
11;1;27;54.089;0;;22.083;0;19.713;0;12.293;0;157.9;24:23.151;15:34:25.079;0:22.083;0:19.713;0:12.293;232.7;John Potter;;GTD;;Magnus Racing;Lamborghini;
11;1;28;54.198;0;;21.970;0;19.774;0;12.454;0;157.6;25:17.349;15:35:19.277;0:21.970;0:19.774;0:12.454;232.2;John Potter;;GTD;;Magnus Racing;Lamborghini;
11;1;29;53.870;0;;22.007;0;19.634;0;12.229;0;158.5;26:11.219;15:36:13.147;0:22.007;0:19.634;0:12.229;230.3;John Potter;;GTD;;Magnus Racing;Lamborghini;
11;1;30;54.262;0;;22.087;0;19.816;0;12.359;0;157.4;27:05.481;15:37:07.409;0:22.087;0:19.816;0:12.359;232.2;John Potter;;GTD;;Magnus Racing;Lamborghini;
11;1;31;53.932;0;;22.079;0;19.645;0;12.208;0;158.3;27:59.413;15:38:01.341;0:22.079;0:19.645;0:12.208;230.8;John Potter;;GTD;;Magnus Racing;Lamborghini;
11;1;32;54.432;0;;22.009;0;20.121;0;12.302;0;156.9;28:53.845;15:38:55.773;0:22.009;0:20.121;0:12.302;232.7;John Potter;;GTD;;Magnus Racing;Lamborghini;
11;1;33;54.071;0;;22.099;0;19.704;0;12.268;0;157.9;29:47.916;15:39:49.844;0:22.099;0:19.704;0:12.268;232.7;John Potter;;GTD;;Magnus Racing;Lamborghini;
11;1;34;53.979;0;;22.121;0;19.628;0;12.230;0;158.2;30:41.895;15:40:43.823;0:22.121;0:19.628;0:12.230;233.2;John Potter;;GTD;;Magnus Racing;Lamborghini;
11;1;35;54.316;0;;22.208;0;19.764;0;12.344;0;157.2;31:36.211;15:41:38.139;0:22.208;0:19.764;0:12.344;233.2;John Potter;;GTD;;Magnus Racing;Lamborghini;
11;1;36;54.363;0;;22.103;0;19.868;0;12.392;0;157.1;32:30.574;15:42:32.502;0:22.103;0:19.868;0:12.392;232.7;John Potter;;GTD;;Magnus Racing;Lamborghini;
11;1;37;54.281;0;;22.290;0;19.678;0;12.313;0;157.3;33:24.855;15:43:26.783;0:22.290;0:19.678;0:12.313;231.7;John Potter;;GTD;;Magnus Racing;Lamborghini;
11;1;38;54.456;0;;22.335;0;19.783;0;12.338;0;156.8;34:19.311;15:44:21.239;0:22.335;0:19.783;0:12.338;232.7;John Potter;;GTD;;Magnus Racing;Lamborghini;
11;1;39;54.383;0;;22.225;0;19.733;0;12.425;0;157.0;35:13.694;15:45:15.622;0:22.225;0:19.733;0:12.425;231.7;John Potter;;GTD;;Magnus Racing;Lamborghini;
11;1;40;54.867;0;;22.498;0;19.907;0;12.462;0;155.6;36:08.561;15:46:10.489;0:22.498;0:19.907;0:12.462;231.7;John Potter;;GTD;;Magnus Racing;Lamborghini;
11;1;41;53.981;0;;22.172;0;19.553;0;12.256;0;158.2;37:02.542;15:47:04.470;0:22.172;0:19.553;0:12.256;230.3;John Potter;;GTD;;Magnus Racing;Lamborghini;
11;1;42;54.496;0;;22.385;0;19.770;0;12.341;0;156.7;37:57.038;15:47:58.966;0:22.385;0:19.770;0:12.341;233.2;John Potter;;GTD;;Magnus Racing;Lamborghini;
11;1;43;54.602;0;;22.443;0;19.916;0;12.243;0;156.4;38:51.640;15:48:53.568;0:22.443;0:19.916;0:12.243;232.7;John Potter;;GTD;;Magnus Racing;Lamborghini;
11;1;44;54.628;0;;22.587;0;19.759;0;12.282;0;156.3;39:46.268;15:49:48.196;0:22.587;0:19.759;0:12.282;233.2;John Potter;;GTD;;Magnus Racing;Lamborghini;
11;1;45;55.465;0;;22.661;0;20.347;0;12.457;0;154.0;40:41.733;15:50:43.661;0:22.661;0:20.347;0:12.457;232.7;John Potter;;GTD;;Magnus Racing;Lamborghini;
11;1;46;55.093;0;;22.593;0;20.075;0;12.425;0;155.0;41:36.826;15:51:38.754;0:22.593;0:20.075;0:12.425;232.7;John Potter;;GTD;;Magnus Racing;Lamborghini;
11;1;47;56.137;0;;22.891;0;20.370;0;12.876;0;152.1;42:32.963;15:52:34.891;0:22.891;0:20.370;0:12.876;231.7;John Potter;;GTD;;Magnus Racing;Lamborghini;
11;1;48;54.602;0;;22.653;0;19.685;0;12.264;0;156.4;43:27.565;15:53:29.493;0:22.653;0:19.685;0:12.264;226.1;John Potter;;GTD;;Magnus Racing;Lamborghini;
11;1;49;54.011;0;;22.060;0;19.632;0;12.319;0;158.1;44:21.576;15:54:23.504;0:22.060;0:19.632;0:12.319;232.7;John Potter;;GTD;;Magnus Racing;Lamborghini;
11;1;50;54.390;0;;22.292;0;19.717;0;12.381;0;157.0;45:15.966;15:55:17.894;0:22.292;0:19.717;0:12.381;231.7;John Potter;;GTD;;Magnus Racing;Lamborghini;
11;1;51;55.852;0;;23.525;0;19.932;0;12.395;0;152.9;46:11.818;15:56:13.746;0:23.525;0:19.932;0:12.395;231.7;John Potter;;GTD;;Magnus Racing;Lamborghini;
11;1;52;1:40.640;0;B;22.426;0;19.792;0;58.422;0;84.9;47:52.458;15:57:54.386;0:22.426;0:19.792;0:58.422;232.2;John Potter;;GTD;;Magnus Racing;Lamborghini;
11;2;53;1:02.258;0;;29.953;0;20.012;0;12.293;0;137.2;48:54.716;15:58:56.644;0:29.953;0:20.012;0:12.293;;Andy Lally;0:00:53.334;GTD;;Magnus Racing;Lamborghini;
11;2;54;53.362;0;;21.623;0;19.512;0;12.227;0;160.0;49:48.078;15:59:50.006;0:21.623;0:19.512;0:12.227;231.3;Andy Lally;;GTD;;Magnus Racing;Lamborghini;
11;2;55;53.079;0;;21.462;0;19.475;0;12.142;0;160.9;50:41.157;16:00:43.085;0:21.462;0:19.475;0:12.142;231.7;Andy Lally;;GTD;;Magnus Racing;Lamborghini;
11;2;56;52.865;0;;21.536;0;19.176;0;12.153;0;161.5;51:34.022;16:01:35.950;0:21.536;0:19.176;0:12.153;232.7;Andy Lally;;GTD;;Magnus Racing;Lamborghini;
11;2;57;52.908;0;;21.500;0;19.306;0;12.102;0;161.4;52:26.930;16:02:28.858;0:21.500;0:19.306;0:12.102;231.7;Andy Lally;;GTD;;Magnus Racing;Lamborghini;
11;2;58;53.000;0;;21.654;0;19.271;0;12.075;0;161.1;53:19.930;16:03:21.858;0:21.654;0:19.271;0:12.075;233.2;Andy Lally;;GTD;;Magnus Racing;Lamborghini;
11;2;59;52.912;0;;21.471;0;19.358;0;12.083;0;161.4;54:12.842;16:04:14.770;0:21.471;0:19.358;0:12.083;233.2;Andy Lally;;GTD;;Magnus Racing;Lamborghini;
11;2;60;52.612;0;;21.333;2;19.189;0;12.090;0;162.3;55:05.454;16:05:07.382;0:21.333;0:19.189;0:12.090;234.7;Andy Lally;;GTD;;Magnus Racing;Lamborghini;
11;2;61;52.593;2;;21.438;0;19.136;2;12.019;0;162.4;55:58.047;16:05:59.975;0:21.438;0:19.136;0:12.019;234.2;Andy Lally;;GTD;;Magnus Racing;Lamborghini;
11;2;62;52.647;0;;21.466;0;19.178;0;12.003;0;162.2;56:50.694;16:06:52.622;0:21.466;0:19.178;0:12.003;233.7;Andy Lally;;GTD;;Magnus Racing;Lamborghini;
11;2;63;52.925;0;;21.446;0;19.471;0;12.008;0;161.4;57:43.619;16:07:45.547;0:21.446;0:19.471;0:12.008;233.7;Andy Lally;;GTD;;Magnus Racing;Lamborghini;
11;2;64;53.070;0;;21.543;0;19.411;0;12.116;0;160.9;58:36.689;16:08:38.617;0:21.543;0:19.411;0:12.116;234.2;Andy Lally;;GTD;;Magnus Racing;Lamborghini;
11;2;65;52.800;0;;21.437;0;19.266;0;12.097;0;161.7;59:29.489;16:09:31.417;0:21.437;0:19.266;0:12.097;232.2;Andy Lally;;GTD;;Magnus Racing;Lamborghini;
11;2;66;52.853;0;;21.586;0;19.237;0;12.030;0;161.6;1:00:22.342;16:10:24.270;0:21.586;0:19.237;0:12.030;232.7;Andy Lally;;GTD;;Magnus Racing;Lamborghini;
11;2;67;52.829;0;;21.562;0;19.226;0;12.041;0;161.6;1:01:15.171;16:11:17.099;0:21.562;0:19.226;0:12.041;233.2;Andy Lally;;GTD;;Magnus Racing;Lamborghini;
11;2;68;53.001;0;;21.484;0;19.476;0;12.041;0;161.1;1:02:08.172;16:12:10.100;0:21.484;0:19.476;0:12.041;233.7;Andy Lally;;GTD;;Magnus Racing;Lamborghini;
11;2;69;53.065;0;;21.591;0;19.373;0;12.101;0;160.9;1:03:01.237;16:13:03.165;0:21.591;0:19.373;0:12.101;234.2;Andy Lally;;GTD;;Magnus Racing;Lamborghini;
11;2;70;53.381;0;;21.721;0;19.475;0;12.185;0;160.0;1:03:54.618;16:13:56.546;0:21.721;0:19.475;0:12.185;234.2;Andy Lally;;GTD;;Magnus Racing;Lamborghini;
11;2;71;53.955;0;;22.183;0;19.617;0;12.155;0;158.3;1:04:48.573;16:14:50.501;0:22.183;0:19.617;0:12.155;234.7;Andy Lally;;GTD;;Magnus Racing;Lamborghini;
11;2;72;53.737;0;;21.897;0;19.578;0;12.262;0;158.9;1:05:42.310;16:15:44.238;0:21.897;0:19.578;0:12.262;234.2;Andy Lally;;GTD;;Magnus Racing;Lamborghini;
11;2;73;54.299;0;;21.953;0;19.999;0;12.347;0;157.3;1:06:36.609;16:16:38.537;0:21.953;0:19.999;0:12.347;232.7;Andy Lally;;GTD;;Magnus Racing;Lamborghini;
11;2;74;53.169;0;;21.753;0;19.342;0;12.074;0;160.6;1:07:29.778;16:17:31.706;0:21.753;0:19.342;0:12.074;231.7;Andy Lally;;GTD;;Magnus Racing;Lamborghini;
11;2;75;53.838;0;;22.332;0;19.431;0;12.075;0;158.6;1:08:23.616;16:18:25.544;0:22.332;0:19.431;0:12.075;233.7;Andy Lally;;GTD;;Magnus Racing;Lamborghini;
11;2;76;53.078;0;;21.627;0;19.292;0;12.159;0;160.9;1:09:16.694;16:19:18.622;0:21.627;0:19.292;0:12.159;234.2;Andy Lally;;GTD;;Magnus Racing;Lamborghini;
11;2;77;55.065;0;;23.217;0;19.649;0;12.199;0;155.1;1:10:11.759;16:20:13.687;0:23.217;0:19.649;0:12.199;234.2;Andy Lally;;GTD;;Magnus Racing;Lamborghini;
11;2;78;53.346;0;;21.817;0;19.422;0;12.107;0;160.1;1:11:05.105;16:21:07.033;0:21.817;0:19.422;0:12.107;233.7;Andy Lally;;GTD;;Magnus Racing;Lamborghini;
11;2;79;53.491;0;;21.694;0;19.591;0;12.206;0;159.6;1:11:58.596;16:22:00.524;0:21.694;0:19.591;0:12.206;234.2;Andy Lally;;GTD;;Magnus Racing;Lamborghini;
11;2;80;53.357;0;;21.791;0;19.436;0;12.130;0;160.1;1:12:51.953;16:22:53.881;0:21.791;0:19.436;0:12.130;233.2;Andy Lally;;GTD;;Magnus Racing;Lamborghini;
11;2;81;53.194;0;;21.809;0;19.328;0;12.057;0;160.5;1:13:45.147;16:23:47.075;0:21.809;0:19.328;0:12.057;233.2;Andy Lally;;GTD;;Magnus Racing;Lamborghini;
11;2;82;53.087;0;;21.645;0;19.338;0;12.104;0;160.9;1:14:38.234;16:24:40.162;0:21.645;0:19.338;0:12.104;234.2;Andy Lally;;GTD;;Magnus Racing;Lamborghini;
11;2;83;53.348;0;;21.791;0;19.433;0;12.124;0;160.1;1:15:31.582;16:25:33.510;0:21.791;0:19.433;0:12.124;234.2;Andy Lally;;GTD;;Magnus Racing;Lamborghini;
11;2;84;53.243;0;;21.813;0;19.389;0;12.041;0;160.4;1:16:24.825;16:26:26.753;0:21.813;0:19.389;0:12.041;234.2;Andy Lally;;GTD;;Magnus Racing;Lamborghini;
11;2;85;53.320;0;;21.669;0;19.504;0;12.147;0;160.2;1:17:18.145;16:27:20.073;0:21.669;0:19.504;0:12.147;234.7;Andy Lally;;GTD;;Magnus Racing;Lamborghini;
11;2;86;53.099;0;;21.681;0;19.292;0;12.126;0;160.8;1:18:11.244;16:28:13.172;0:21.681;0:19.292;0:12.126;234.2;Andy Lally;;GTD;;Magnus Racing;Lamborghini;
11;2;87;53.251;0;;21.834;0;19.373;0;12.044;0;160.4;1:19:04.495;16:29:06.423;0:21.834;0:19.373;0:12.044;233.7;Andy Lally;;GTD;;Magnus Racing;Lamborghini;
11;2;88;53.407;0;;21.756;0;19.453;0;12.198;0;159.9;1:19:57.902;16:29:59.830;0:21.756;0:19.453;0:12.198;233.7;Andy Lally;;GTD;;Magnus Racing;Lamborghini;
11;2;89;53.317;0;;21.780;0;19.454;0;12.083;0;160.2;1:20:51.219;16:30:53.147;0:21.780;0:19.454;0:12.083;233.2;Andy Lally;;GTD;;Magnus Racing;Lamborghini;
11;2;90;53.263;0;;21.830;0;19.376;0;12.057;0;160.3;1:21:44.482;16:31:46.410;0:21.830;0:19.376;0:12.057;234.2;Andy Lally;;GTD;;Magnus Racing;Lamborghini;
11;2;91;53.276;0;;21.699;0;19.433;0;12.144;0;160.3;1:22:37.758;16:32:39.686;0:21.699;0:19.433;0:12.144;234.2;Andy Lally;;GTD;;Magnus Racing;Lamborghini;
11;2;92;53.437;0;;21.970;0;19.366;0;12.101;0;159.8;1:23:31.195;16:33:33.123;0:21.970;0:19.366;0:12.101;233.7;Andy Lally;;GTD;;Magnus Racing;Lamborghini;
11;2;93;53.213;0;;21.725;0;19.440;0;12.048;0;160.5;1:24:24.408;16:34:26.336;0:21.725;0:19.440;0:12.048;233.7;Andy Lally;;GTD;;Magnus Racing;Lamborghini;
11;2;94;53.180;0;;21.737;0;19.391;0;12.052;0;160.6;1:25:17.588;16:35:19.516;0:21.737;0:19.391;0:12.052;234.2;Andy Lally;;GTD;;Magnus Racing;Lamborghini;
11;2;95;53.208;0;;21.774;0;19.253;0;12.181;0;160.5;1:26:10.796;16:36:12.724;0:21.774;0:19.253;0:12.181;234.7;Andy Lally;;GTD;;Magnus Racing;Lamborghini;
11;2;96;54.593;0;;22.864;0;19.538;0;12.191;0;156.4;1:27:05.389;16:37:07.317;0:22.864;0:19.538;0:12.191;231.3;Andy Lally;;GTD;;Magnus Racing;Lamborghini;
11;2;97;53.652;0;;22.004;0;19.438;0;12.210;0;159.2;1:27:59.041;16:38:00.969;0:22.004;0:19.438;0:12.210;234.2;Andy Lally;;GTD;;Magnus Racing;Lamborghini;
11;2;98;53.870;0;;22.035;0;19.550;0;12.285;0;158.5;1:28:52.911;16:38:54.839;0:22.035;0:19.550;0:12.285;233.2;Andy Lally;;GTD;;Magnus Racing;Lamborghini;
11;2;99;53.776;0;;21.976;0;19.593;0;12.207;0;158.8;1:29:46.687;16:39:48.615;0:21.976;0:19.593;0:12.207;232.7;Andy Lally;;GTD;;Magnus Racing;Lamborghini;
11;2;100;54.040;0;;22.037;0;19.749;0;12.254;0;158.0;1:30:40.727;16:40:42.655;0:22.037;0:19.749;0:12.254;232.7;Andy Lally;;GTD;;Magnus Racing;Lamborghini;
11;2;101;53.386;0;;21.906;0;19.380;0;12.100;0;160.0;1:31:34.113;16:41:36.041;0:21.906;0:19.380;0:12.100;232.2;Andy Lally;;GTD;;Magnus Racing;Lamborghini;
11;2;102;53.680;0;;21.890;0;19.528;0;12.262;0;159.1;1:32:27.793;16:42:29.721;0:21.890;0:19.528;0:12.262;234.2;Andy Lally;;GTD;;Magnus Racing;Lamborghini;
11;2;103;53.491;0;;21.947;0;19.378;0;12.166;0;159.6;1:33:21.284;16:43:23.212;0:21.947;0:19.378;0:12.166;233.2;Andy Lally;;GTD;;Magnus Racing;Lamborghini;
11;2;104;53.270;0;;21.793;0;19.414;0;12.063;0;160.3;1:34:14.554;16:44:16.482;0:21.793;0:19.414;0:12.063;234.2;Andy Lally;;GTD;;Magnus Racing;Lamborghini;
11;2;105;53.914;0;;22.175;0;19.529;0;12.210;0;158.4;1:35:08.468;16:45:10.396;0:22.175;0:19.529;0:12.210;235.2;Andy Lally;;GTD;;Magnus Racing;Lamborghini;
11;2;106;53.391;0;;21.767;0;19.562;0;12.062;0;159.9;1:36:01.859;16:46:03.787;0:21.767;0:19.562;0:12.062;233.7;Andy Lally;;GTD;;Magnus Racing;Lamborghini;
11;2;107;53.737;0;;22.088;0;19.518;0;12.131;0;158.9;1:36:55.596;16:46:57.524;0:22.088;0:19.518;0:12.131;235.7;Andy Lally;;GTD;;Magnus Racing;Lamborghini;
11;2;108;1:40.806;0;B;21.932;0;19.609;0;59.265;0;84.7;1:38:36.402;16:48:38.330;0:21.932;0:19.609;0:59.265;234.7;Andy Lally;;GTD;;Magnus Racing;Lamborghini;
11;2;109;1:01.216;0;;29.360;0;19.599;0;12.257;0;139.5;1:39:37.618;16:49:39.546;0:29.360;0:19.599;0:12.257;;Andy Lally;0:00:54.477;GTD;;Magnus Racing;Lamborghini;
11;2;110;53.364;0;;21.711;0;19.404;0;12.249;0;160.0;1:40:30.982;16:50:32.910;0:21.711;0:19.404;0:12.249;231.3;Andy Lally;;GTD;;Magnus Racing;Lamborghini;
11;2;111;53.803;0;;22.073;0;19.499;0;12.231;0;158.7;1:41:24.785;16:51:26.713;0:22.073;0:19.499;0:12.231;231.7;Andy Lally;;GTD;;Magnus Racing;Lamborghini;
11;2;112;53.874;0;;21.850;0;19.836;0;12.188;0;158.5;1:42:18.659;16:52:20.587;0:21.850;0:19.836;0:12.188;233.2;Andy Lally;;GTD;;Magnus Racing;Lamborghini;
11;2;113;53.284;0;;21.642;0;19.472;0;12.170;0;160.3;1:43:11.943;16:53:13.871;0:21.642;0:19.472;0:12.170;233.2;Andy Lally;;GTD;;Magnus Racing;Lamborghini;
11;2;114;54.052;0;;22.342;0;19.613;0;12.097;0;158.0;1:44:05.995;16:54:07.923;0:22.342;0:19.613;0:12.097;234.7;Andy Lally;;GTD;;Magnus Racing;Lamborghini;
11;2;115;54.103;0;;22.209;0;19.603;0;12.291;0;157.8;1:45:00.098;16:55:02.026;0:22.209;0:19.603;0:12.291;234.2;Andy Lally;;GTD;;Magnus Racing;Lamborghini;
11;2;116;53.684;0;;21.943;0;19.574;0;12.167;0;159.1;1:45:53.782;16:55:55.710;0:21.943;0:19.574;0:12.167;231.3;Andy Lally;;GTD;;Magnus Racing;Lamborghini;
11;2;117;55.514;0;;23.395;0;19.998;0;12.121;0;153.8;1:46:49.296;16:56:51.224;0:23.395;0:19.998;0:12.121;234.7;Andy Lally;;GTD;;Magnus Racing;Lamborghini;
11;2;118;53.885;0;;22.407;0;19.387;0;12.091;0;158.5;1:47:43.181;16:57:45.109;0:22.407;0:19.387;0:12.091;236.2;Andy Lally;;GTD;;Magnus Racing;Lamborghini;
11;2;119;54.026;0;;22.231;0;19.566;0;12.229;0;158.1;1:48:37.207;16:58:39.135;0:22.231;0:19.566;0:12.229;236.2;Andy Lally;;GTD;;Magnus Racing;Lamborghini;
11;2;120;53.684;0;;22.232;0;19.464;0;11.988;0;159.1;1:49:30.891;16:59:32.819;0:22.232;0:19.464;0:11.988;235.2;Andy Lally;;GTD;;Magnus Racing;Lamborghini;
11;2;121;53.413;0;;21.858;0;19.487;0;12.068;0;159.9;1:50:24.304;17:00:26.232;0:21.858;0:19.487;0:12.068;237.7;Andy Lally;;GTD;;Magnus Racing;Lamborghini;
11;2;122;53.209;0;;21.634;0;19.353;0;12.222;0;160.5;1:51:17.513;17:01:19.441;0:21.634;0:19.353;0:12.222;234.2;Andy Lally;;GTD;;Magnus Racing;Lamborghini;
11;2;123;53.766;0;;21.944;0;19.525;0;12.297;0;158.8;1:52:11.279;17:02:13.207;0:21.944;0:19.525;0:12.297;231.7;Andy Lally;;GTD;;Magnus Racing;Lamborghini;
11;2;124;53.169;0;;21.747;0;19.358;0;12.064;0;160.6;1:53:04.448;17:03:06.376;0:21.747;0:19.358;0:12.064;231.7;Andy Lally;;GTD;;Magnus Racing;Lamborghini;
11;2;125;53.320;0;;21.676;0;19.439;0;12.205;0;160.2;1:53:57.768;17:03:59.696;0:21.676;0:19.439;0:12.205;233.7;Andy Lally;;GTD;;Magnus Racing;Lamborghini;
11;2;126;54.456;0;;22.851;0;19.535;0;12.070;0;156.8;1:54:52.224;17:04:54.152;0:22.851;0:19.535;0:12.070;232.2;Andy Lally;;GTD;;Magnus Racing;Lamborghini;
11;2;127;53.460;0;;21.718;0;19.472;0;12.270;0;159.7;1:55:45.684;17:05:47.612;0:21.718;0:19.472;0:12.270;233.7;Andy Lally;;GTD;;Magnus Racing;Lamborghini;
11;2;128;53.845;0;;22.093;0;19.581;0;12.171;0;158.6;1:56:39.529;17:06:41.457;0:22.093;0:19.581;0:12.171;232.2;Andy Lally;;GTD;;Magnus Racing;Lamborghini;
11;2;129;54.377;0;;22.400;0;19.739;0;12.238;0;157.0;1:57:33.906;17:07:35.834;0:22.400;0:19.739;0:12.238;232.7;Andy Lally;;GTD;;Magnus Racing;Lamborghini;
11;2;130;53.358;0;;21.754;0;19.501;0;12.103;0;160.0;1:58:27.264;17:08:29.192;0:21.754;0:19.501;0:12.103;232.7;Andy Lally;;GTD;;Magnus Racing;Lamborghini;
11;2;131;53.316;0;;21.646;0;19.487;0;12.183;0;160.2;1:59:20.580;17:09:22.508;0:21.646;0:19.487;0:12.183;233.7;Andy Lally;;GTD;;Magnus Racing;Lamborghini;
11;2;132;53.605;0;;22.271;0;19.290;0;12.044;0;159.3;2:00:14.185;17:10:16.113;0:22.271;0:19.290;0:12.044;233.2;Andy Lally;;GTD;;Magnus Racing;Lamborghini;
11;2;133;52.975;0;;21.676;0;19.331;0;11.968;2;161.2;2:01:07.160;17:11:09.088;0:21.676;0:19.331;0:11.968;234.7;Andy Lally;;GTD;;Magnus Racing;Lamborghini;
11;2;134;53.129;0;;21.531;0;19.384;0;12.214;0;160.7;2:02:00.289;17:12:02.217;0:21.531;0:19.384;0:12.214;235.2;Andy Lally;;GTD;;Magnus Racing;Lamborghini;
11;2;135;54.239;0;;22.451;0;19.579;0;12.209;0;157.4;2:02:54.528;17:12:56.456;0:22.451;0:19.579;0:12.209;232.7;Andy Lally;;GTD;;Magnus Racing;Lamborghini;
11;2;136;53.549;0;;21.788;0;19.561;0;12.200;0;159.5;2:03:48.077;17:13:50.005;0:21.788;0:19.561;0:12.200;232.2;Andy Lally;;GTD;;Magnus Racing;Lamborghini;
11;2;137;53.162;0;;21.683;0;19.430;0;12.049;0;160.6;2:04:41.239;17:14:43.167;0:21.683;0:19.430;0:12.049;233.2;Andy Lally;;GTD;;Magnus Racing;Lamborghini;
11;2;138;53.557;0;;21.964;0;19.387;0;12.206;0;159.5;2:05:34.796;17:15:36.724;0:21.964;0:19.387;0:12.206;233.7;Andy Lally;;GTD;;Magnus Racing;Lamborghini;
11;2;139;53.371;0;;21.641;0;19.487;0;12.243;0;160.0;2:06:28.167;17:16:30.095;0:21.641;0:19.487;0:12.243;232.7;Andy Lally;;GTD;;Magnus Racing;Lamborghini;
11;2;140;53.144;0;;21.680;0;19.245;0;12.219;0;160.7;2:07:21.311;17:17:23.239;0:21.680;0:19.245;0:12.219;232.2;Andy Lally;;GTD;;Magnus Racing;Lamborghini;
11;2;141;54.395;0;;22.344;0;19.784;0;12.267;0;157.0;2:08:15.706;17:18:17.634;0:22.344;0:19.784;0:12.267;232.2;Andy Lally;;GTD;;Magnus Racing;Lamborghini;
11;2;142;53.615;0;;22.018;0;19.410;0;12.187;0;159.3;2:09:09.321;17:19:11.249;0:22.018;0:19.410;0:12.187;232.2;Andy Lally;;GTD;;Magnus Racing;Lamborghini;
11;2;143;53.111;0;;21.596;0;19.468;0;12.047;0;160.8;2:10:02.432;17:20:04.360;0:21.596;0:19.468;0:12.047;234.2;Andy Lally;;GTD;;Magnus Racing;Lamborghini;
11;2;144;53.198;0;;21.636;0;19.416;0;12.146;0;160.5;2:10:55.630;17:20:57.558;0:21.636;0:19.416;0:12.146;234.7;Andy Lally;;GTD;;Magnus Racing;Lamborghini;
11;2;145;53.510;0;;21.875;0;19.351;0;12.284;0;159.6;2:11:49.140;17:21:51.068;0:21.875;0:19.351;0:12.284;233.7;Andy Lally;;GTD;;Magnus Racing;Lamborghini;
11;2;146;53.155;0;;21.796;0;19.328;0;12.031;0;160.7;2:12:42.295;17:22:44.223;0:21.796;0:19.328;0:12.031;232.7;Andy Lally;;GTD;;Magnus Racing;Lamborghini;
11;2;147;53.390;0;;21.802;0;19.407;0;12.181;0;160.0;2:13:35.685;17:23:37.613;0:21.802;0:19.407;0:12.181;234.7;Andy Lally;;GTD;;Magnus Racing;Lamborghini;
11;2;148;53.991;0;;21.760;0;19.869;0;12.362;0;158.2;2:14:29.676;17:24:31.604;0:21.760;0:19.869;0:12.362;234.2;Andy Lally;;GTD;;Magnus Racing;Lamborghini;
11;2;149;53.275;0;;21.770;0;19.355;0;12.150;0;160.3;2:15:22.951;17:25:24.879;0:21.770;0:19.355;0:12.150;233.2;Andy Lally;;GTD;;Magnus Racing;Lamborghini;
11;2;150;53.806;0;;21.860;0;19.784;0;12.162;0;158.7;2:16:16.757;17:26:18.685;0:21.860;0:19.784;0:12.162;234.2;Andy Lally;;GTD;;Magnus Racing;Lamborghini;
11;2;151;53.210;0;;21.736;0;19.351;0;12.123;0;160.5;2:17:09.967;17:27:11.895;0:21.736;0:19.351;0:12.123;233.7;Andy Lally;;GTD;;Magnus Racing;Lamborghini;
11;2;152;53.405;0;;21.815;0;19.418;0;12.172;0;159.9;2:18:03.372;17:28:05.300;0:21.815;0:19.418;0:12.172;233.7;Andy Lally;;GTD;;Magnus Racing;Lamborghini;
11;2;153;53.390;0;;21.865;0;19.423;0;12.102;0;160.0;2:18:56.762;17:28:58.690;0:21.865;0:19.423;0:12.102;234.2;Andy Lally;;GTD;;Magnus Racing;Lamborghini;
11;2;154;53.468;0;;21.783;0;19.448;0;12.237;0;159.7;2:19:50.230;17:29:52.158;0:21.783;0:19.448;0:12.237;234.7;Andy Lally;;GTD;;Magnus Racing;Lamborghini;
11;2;155;53.927;0;;22.083;0;19.585;0;12.259;0;158.4;2:20:44.157;17:30:46.085;0:22.083;0:19.585;0:12.259;233.2;Andy Lally;;GTD;;Magnus Racing;Lamborghini;
11;2;156;53.291;0;;21.790;0;19.372;0;12.129;0;160.2;2:21:37.448;17:31:39.376;0:21.790;0:19.372;0:12.129;233.2;Andy Lally;;GTD;;Magnus Racing;Lamborghini;
11;2;157;53.543;0;;21.925;0;19.403;0;12.215;0;159.5;2:22:30.991;17:32:32.919;0:21.925;0:19.403;0:12.215;234.2;Andy Lally;;GTD;;Magnus Racing;Lamborghini;
11;2;158;53.205;0;;21.681;0;19.382;0;12.142;0;160.5;2:23:24.196;17:33:26.124;0:21.681;0:19.382;0:12.142;234.2;Andy Lally;;GTD;;Magnus Racing;Lamborghini;
11;2;159;53.379;0;;21.918;0;19.306;0;12.155;0;160.0;2:24:17.575;17:34:19.503;0:21.918;0:19.306;0:12.155;234.2;Andy Lally;;GTD;;Magnus Racing;Lamborghini;
11;2;160;53.268;0;;21.867;0;19.352;0;12.049;0;160.3;2:25:10.843;17:35:12.771;0:21.867;0:19.352;0:12.049;233.7;Andy Lally;;GTD;;Magnus Racing;Lamborghini;
11;2;161;53.710;0;;21.972;0;19.438;0;12.300;0;159.0;2:26:04.553;17:36:06.481;0:21.972;0:19.438;0:12.300;235.2;Andy Lally;;GTD;;Magnus Racing;Lamborghini;
11;2;162;53.326;0;;21.731;0;19.343;0;12.252;0;160.1;2:26:57.879;17:36:59.807;0:21.731;0:19.343;0:12.252;231.7;Andy Lally;;GTD;;Magnus Racing;Lamborghini;
11;2;163;53.437;0;;21.766;0;19.488;0;12.183;0;159.8;2:27:51.316;17:37:53.244;0:21.766;0:19.488;0:12.183;232.7;Andy Lally;;GTD;;Magnus Racing;Lamborghini;
11;2;164;54.050;0;;21.763;0;19.842;0;12.445;0;158.0;2:28:45.366;17:38:47.294;0:21.763;0:19.842;0:12.445;234.2;Andy Lally;;GTD;;Magnus Racing;Lamborghini;
11;2;165;54.232;0;;22.296;0;19.492;0;12.444;0;157.5;2:29:39.598;17:39:41.526;0:22.296;0:19.492;0:12.444;212.3;Andy Lally;;GTD;;Magnus Racing;Lamborghini;
11;2;166;54.492;0;;22.034;0;20.165;0;12.293;0;156.7;2:30:34.090;17:40:36.018;0:22.034;0:20.165;0:12.293;231.3;Andy Lally;;GTD;;Magnus Racing;Lamborghini;
11;2;167;53.505;0;;21.796;0;19.512;0;12.197;0;159.6;2:31:27.595;17:41:29.523;0:21.796;0:19.512;0:12.197;232.2;Andy Lally;;GTD;;Magnus Racing;Lamborghini;
11;2;168;53.720;0;;22.064;0;19.442;0;12.214;0;159.0;2:32:21.315;17:42:23.243;0:22.064;0:19.442;0:12.214;233.7;Andy Lally;;GTD;;Magnus Racing;Lamborghini;
11;2;169;53.913;0;;21.882;0;19.647;0;12.384;0;158.4;2:33:15.228;17:43:17.156;0:21.882;0:19.647;0:12.384;234.2;Andy Lally;;GTD;;Magnus Racing;Lamborghini;
11;2;170;54.175;0;;22.264;0;19.614;0;12.297;0;157.6;2:34:09.403;17:44:11.331;0:22.264;0:19.614;0:12.297;232.2;Andy Lally;;GTD;;Magnus Racing;Lamborghini;
11;2;171;54.382;0;;22.233;0;19.837;0;12.312;0;157.0;2:35:03.785;17:45:05.713;0:22.233;0:19.837;0:12.312;234.2;Andy Lally;;GTD;;Magnus Racing;Lamborghini;
11;2;172;58.649;0;;23.383;0;21.807;0;13.459;0;145.6;2:36:02.434;17:46:04.362;0:23.383;0:21.807;0:13.459;234.2;Andy Lally;;GTD;;Magnus Racing;Lamborghini;
11;2;173;59.128;0;;25.019;0;21.687;0;12.422;0;144.4;2:37:01.562;17:47:03.490;0:25.019;0:21.687;0:12.422;225.6;Andy Lally;;GTD;;Magnus Racing;Lamborghini;
11;2;174;54.043;0;;22.237;0;19.501;0;12.305;0;158.0;2:37:55.605;17:47:57.533;0:22.237;0:19.501;0:12.305;232.7;Andy Lally;;GTD;;Magnus Racing;Lamborghini;
11;2;175;54.348;0;;22.569;0;19.572;0;12.207;0;157.1;2:38:49.953;17:48:51.881;0:22.569;0:19.572;0:12.207;234.2;Andy Lally;;GTD;;Magnus Racing;Lamborghini;
11;2;176;55.803;0;;23.451;0;19.922;0;12.430;0;153.0;2:39:45.756;17:49:47.684;0:23.451;0:19.922;0:12.430;236.2;Andy Lally;;GTD;;Magnus Racing;Lamborghini;
11;2;177;54.833;0;;22.895;0;19.573;0;12.365;0;155.7;2:40:40.589;17:50:42.517;0:22.895;0:19.573;0:12.365;231.3;Andy Lally;;GTD;;Magnus Racing;Lamborghini;
12;1;1;1:02.927;0;;28.654;0;21.779;0;12.494;0;135.7;1:02.927;15:11:04.855;0:28.654;0:21.779;0:12.494;222.0;Frank Montecalvo;;GTD;;AIM Vasser Sullivan;Lexus;
12;1;2;54.828;0;;22.136;0;20.171;0;12.521;0;155.8;1:57.755;15:11:59.683;0:22.136;0:20.171;0:12.521;233.2;Frank Montecalvo;;GTD;;AIM Vasser Sullivan;Lexus;
12;1;3;53.760;0;;21.849;0;19.802;0;12.109;0;158.9;2:51.515;15:12:53.443;0:21.849;0:19.802;0:12.109;232.2;Frank Montecalvo;;GTD;;AIM Vasser Sullivan;Lexus;
12;1;4;53.434;0;;21.830;0;19.505;0;12.099;0;159.8;3:44.949;15:13:46.877;0:21.830;0:19.505;0:12.099;235.7;Frank Montecalvo;;GTD;;AIM Vasser Sullivan;Lexus;
12;1;5;53.462;0;;21.855;0;19.553;0;12.054;0;159.7;4:38.411;15:14:40.339;0:21.855;0:19.553;0:12.054;236.2;Frank Montecalvo;;GTD;;AIM Vasser Sullivan;Lexus;
12;1;6;53.201;0;;21.742;0;19.424;0;12.035;1;160.5;5:31.612;15:15:33.540;0:21.742;0:19.424;0:12.035;237.2;Frank Montecalvo;;GTD;;AIM Vasser Sullivan;Lexus;
12;1;7;53.489;0;;22.013;0;19.392;0;12.084;0;159.7;6:25.101;15:16:27.029;0:22.013;0:19.392;0:12.084;237.2;Frank Montecalvo;;GTD;;AIM Vasser Sullivan;Lexus;
12;1;8;53.327;0;;21.805;0;19.436;0;12.086;0;160.1;7:18.428;15:17:20.356;0:21.805;0:19.436;0:12.086;236.2;Frank Montecalvo;;GTD;;AIM Vasser Sullivan;Lexus;
12;1;9;53.316;0;;21.726;0;19.387;1;12.203;0;160.2;8:11.744;15:18:13.672;0:21.726;0:19.387;0:12.203;236.2;Frank Montecalvo;;GTD;;AIM Vasser Sullivan;Lexus;
12;1;10;53.595;0;;21.898;0;19.513;0;12.184;0;159.3;9:05.339;15:19:07.267;0:21.898;0:19.513;0:12.184;235.7;Frank Montecalvo;;GTD;;AIM Vasser Sullivan;Lexus;
12;1;11;53.484;0;;21.866;0;19.524;0;12.094;0;159.7;9:58.823;15:20:00.751;0:21.866;0:19.524;0:12.094;234.7;Frank Montecalvo;;GTD;;AIM Vasser Sullivan;Lexus;
12;1;12;53.651;0;;21.942;0;19.574;0;12.135;0;159.2;10:52.474;15:20:54.402;0:21.942;0:19.574;0:12.135;236.2;Frank Montecalvo;;GTD;;AIM Vasser Sullivan;Lexus;
12;1;13;53.885;0;;22.005;0;19.539;0;12.341;0;158.5;11:46.359;15:21:48.287;0:22.005;0:19.539;0:12.341;235.2;Frank Montecalvo;;GTD;;AIM Vasser Sullivan;Lexus;
12;1;14;53.783;0;;22.020;0;19.558;0;12.205;0;158.8;12:40.142;15:22:42.070;0:22.020;0:19.558;0:12.205;233.7;Frank Montecalvo;;GTD;;AIM Vasser Sullivan;Lexus;
12;1;15;53.575;0;;21.819;0;19.592;0;12.164;0;159.4;13:33.717;15:23:35.645;0:21.819;0:19.592;0:12.164;235.2;Frank Montecalvo;;GTD;;AIM Vasser Sullivan;Lexus;
12;1;16;53.628;0;;22.013;0;19.455;0;12.160;0;159.2;14:27.345;15:24:29.273;0:22.013;0:19.455;0:12.160;235.2;Frank Montecalvo;;GTD;;AIM Vasser Sullivan;Lexus;
12;1;17;53.610;0;;22.027;0;19.395;0;12.188;0;159.3;15:20.955;15:25:22.883;0:22.027;0:19.395;0:12.188;235.2;Frank Montecalvo;;GTD;;AIM Vasser Sullivan;Lexus;
12;1;18;53.651;0;;22.010;0;19.510;0;12.131;0;159.2;16:14.606;15:26:16.534;0:22.010;0:19.510;0:12.131;234.7;Frank Montecalvo;;GTD;;AIM Vasser Sullivan;Lexus;
12;1;19;53.800;0;;22.099;0;19.599;0;12.102;0;158.7;17:08.406;15:27:10.334;0:22.099;0:19.599;0:12.102;234.7;Frank Montecalvo;;GTD;;AIM Vasser Sullivan;Lexus;
12;1;20;54.262;0;;22.034;0;20.017;0;12.211;0;157.4;18:02.668;15:28:04.596;0:22.034;0:20.017;0:12.211;235.2;Frank Montecalvo;;GTD;;AIM Vasser Sullivan;Lexus;
12;1;21;54.947;0;;22.452;0;20.093;0;12.402;0;155.4;18:57.615;15:28:59.543;0:22.452;0:20.093;0:12.402;236.2;Frank Montecalvo;;GTD;;AIM Vasser Sullivan;Lexus;
12;1;22;55.406;0;;22.867;0;20.010;0;12.529;0;154.1;19:53.021;15:29:54.949;0:22.867;0:20.010;0:12.529;233.2;Frank Montecalvo;;GTD;;AIM Vasser Sullivan;Lexus;
12;1;23;54.621;0;;22.652;0;19.704;0;12.265;0;156.3;20:47.642;15:30:49.570;0:22.652;0:19.704;0:12.265;233.2;Frank Montecalvo;;GTD;;AIM Vasser Sullivan;Lexus;
12;1;24;54.428;0;;22.213;0;19.942;0;12.273;0;156.9;21:42.070;15:31:43.998;0:22.213;0:19.942;0:12.273;234.7;Frank Montecalvo;;GTD;;AIM Vasser Sullivan;Lexus;
12;1;25;53.933;0;;22.089;0;19.620;0;12.224;0;158.3;22:36.003;15:32:37.931;0:22.089;0:19.620;0:12.224;234.2;Frank Montecalvo;;GTD;;AIM Vasser Sullivan;Lexus;
12;1;26;56.369;0;;22.288;0;21.588;0;12.493;0;151.5;23:32.372;15:33:34.300;0:22.288;0:21.588;0:12.493;235.2;Frank Montecalvo;;GTD;;AIM Vasser Sullivan;Lexus;
12;1;27;54.268;0;;22.396;0;19.725;0;12.147;0;157.4;24:26.640;15:34:28.568;0:22.396;0:19.725;0:12.147;232.7;Frank Montecalvo;;GTD;;AIM Vasser Sullivan;Lexus;
12;1;28;54.003;0;;22.222;0;19.561;0;12.220;0;158.1;25:20.643;15:35:22.571;0:22.222;0:19.561;0:12.220;236.2;Frank Montecalvo;;GTD;;AIM Vasser Sullivan;Lexus;
12;1;29;54.356;0;;22.232;0;19.805;0;12.319;0;157.1;26:14.999;15:36:16.927;0:22.232;0:19.805;0:12.319;234.7;Frank Montecalvo;;GTD;;AIM Vasser Sullivan;Lexus;
12;1;30;54.194;0;;22.241;0;19.730;0;12.223;0;157.6;27:09.193;15:37:11.121;0:22.241;0:19.730;0:12.223;234.2;Frank Montecalvo;;GTD;;AIM Vasser Sullivan;Lexus;
12;1;31;54.156;0;;22.270;0;19.686;0;12.200;0;157.7;28:03.349;15:38:05.277;0:22.270;0:19.686;0:12.200;234.7;Frank Montecalvo;;GTD;;AIM Vasser Sullivan;Lexus;
12;1;32;54.160;0;;22.190;0;19.745;0;12.225;0;157.7;28:57.509;15:38:59.437;0:22.190;0:19.745;0:12.225;234.7;Frank Montecalvo;;GTD;;AIM Vasser Sullivan;Lexus;
12;1;33;54.368;0;;22.279;0;19.859;0;12.230;0;157.1;29:51.877;15:39:53.805;0:22.279;0:19.859;0:12.230;235.7;Frank Montecalvo;;GTD;;AIM Vasser Sullivan;Lexus;
12;1;34;54.747;0;;22.586;0;19.908;0;12.253;0;156.0;30:46.624;15:40:48.552;0:22.586;0:19.908;0:12.253;236.2;Frank Montecalvo;;GTD;;AIM Vasser Sullivan;Lexus;
12;1;35;55.364;0;;23.114;0;19.944;0;12.306;0;154.2;31:41.988;15:41:43.916;0:23.114;0:19.944;0:12.306;235.2;Frank Montecalvo;;GTD;;AIM Vasser Sullivan;Lexus;
12;1;36;55.713;0;;22.750;0;20.581;0;12.382;0;153.3;32:37.701;15:42:39.629;0:22.750;0:20.581;0:12.382;235.2;Frank Montecalvo;;GTD;;AIM Vasser Sullivan;Lexus;
12;1;37;54.087;0;;22.200;0;19.637;0;12.250;0;157.9;33:31.788;15:43:33.716;0:22.200;0:19.637;0:12.250;233.7;Frank Montecalvo;;GTD;;AIM Vasser Sullivan;Lexus;
12;1;38;54.079;0;;22.260;0;19.620;0;12.199;0;157.9;34:25.867;15:44:27.795;0:22.260;0:19.620;0:12.199;234.2;Frank Montecalvo;;GTD;;AIM Vasser Sullivan;Lexus;
12;1;39;54.390;0;;22.309;0;19.831;0;12.250;0;157.0;35:20.257;15:45:22.185;0:22.309;0:19.831;0:12.250;234.2;Frank Montecalvo;;GTD;;AIM Vasser Sullivan;Lexus;
12;1;40;54.304;0;;22.297;0;19.714;0;12.293;0;157.3;36:14.561;15:46:16.489;0:22.297;0:19.714;0:12.293;233.2;Frank Montecalvo;;GTD;;AIM Vasser Sullivan;Lexus;
12;1;41;54.216;0;;22.185;0;19.674;0;12.357;0;157.5;37:08.777;15:47:10.705;0:22.185;0:19.674;0:12.357;232.2;Frank Montecalvo;;GTD;;AIM Vasser Sullivan;Lexus;
12;1;42;54.557;0;;22.412;0;19.857;0;12.288;0;156.5;38:03.334;15:48:05.262;0:22.412;0:19.857;0:12.288;232.2;Frank Montecalvo;;GTD;;AIM Vasser Sullivan;Lexus;
12;1;43;54.950;0;;22.654;0;19.883;0;12.413;0;155.4;38:58.284;15:49:00.212;0:22.654;0:19.883;0:12.413;233.2;Frank Montecalvo;;GTD;;AIM Vasser Sullivan;Lexus;
12;1;44;55.364;0;;22.501;0;20.308;0;12.555;0;154.2;39:53.648;15:49:55.576;0:22.501;0:20.308;0:12.555;231.7;Frank Montecalvo;;GTD;;AIM Vasser Sullivan;Lexus;
12;1;45;55.378;0;;22.842;0;20.243;0;12.293;0;154.2;40:49.026;15:50:50.954;0:22.842;0:20.243;0:12.293;232.2;Frank Montecalvo;;GTD;;AIM Vasser Sullivan;Lexus;
12;1;46;54.660;0;;22.478;0;19.796;0;12.386;0;156.2;41:43.686;15:51:45.614;0:22.478;0:19.796;0:12.386;234.2;Frank Montecalvo;;GTD;;AIM Vasser Sullivan;Lexus;
12;1;47;1:04.193;0;;22.726;0;27.523;0;13.944;0;133.0;42:47.879;15:52:49.807;0:22.726;0:27.523;0:13.944;233.2;Frank Montecalvo;;GTD;;AIM Vasser Sullivan;Lexus;
12;1;48;1:00.169;0;;24.349;0;22.606;0;13.214;0;141.9;43:48.048;15:53:49.976;0:24.349;0:22.606;0:13.214;196.2;Frank Montecalvo;;GTD;;AIM Vasser Sullivan;Lexus;
12;1;49;58.367;0;;23.502;0;21.779;0;13.086;0;146.3;44:46.415;15:54:48.343;0:23.502;0:21.779;0:13.086;191.9;Frank Montecalvo;;GTD;;AIM Vasser Sullivan;Lexus;
12;1;50;1:07.603;0;B;23.582;0;21.144;0;22.877;0;126.3;45:54.018;15:55:55.946;0:23.582;0:21.144;0:22.877;198.0;Frank Montecalvo;;GTD;;AIM Vasser Sullivan;Lexus;
12;2;51;13:41.326;0;;13:09.249;0;19.491;0;12.586;0;10.4;59:35.344;16:09:37.272;13:09.249;0:19.491;0:12.586;;Townsend Bell;0:12:56.535;GTD;;AIM Vasser Sullivan;Lexus;
12;2;52;1:03.916;0;B;21.642;0;19.278;0;22.996;0;133.6;1:00:39.260;16:10:41.188;0:21.642;0:19.278;0:22.996;224.3;Townsend Bell;;GTD;;AIM Vasser Sullivan;Lexus;
12;2;53;1:01.655;0;;29.967;0;19.616;0;12.072;0;138.5;1:01:40.915;16:11:42.843;0:29.967;0:19.616;0:12.072;;Townsend Bell;0:00:18.144;GTD;;AIM Vasser Sullivan;Lexus;
12;2;54;52.772;0;;21.471;0;19.241;0;12.060;0;161.8;1:02:33.687;16:12:35.615;0:21.471;0:19.241;0:12.060;233.7;Townsend Bell;;GTD;;AIM Vasser Sullivan;Lexus;
12;2;55;52.934;0;;21.504;0;19.393;0;12.037;0;161.3;1:03:26.621;16:13:28.549;0:21.504;0:19.393;0:12.037;234.2;Townsend Bell;;GTD;;AIM Vasser Sullivan;Lexus;
12;2;56;53.656;0;;21.647;0;19.826;0;12.183;0;159.2;1:04:20.277;16:14:22.205;0:21.647;0:19.826;0:12.183;235.2;Townsend Bell;;GTD;;AIM Vasser Sullivan;Lexus;
12;2;57;55.959;0;;22.795;0;20.857;0;12.307;0;152.6;1:05:16.236;16:15:18.164;0:22.795;0:20.857;0:12.307;235.7;Townsend Bell;;GTD;;AIM Vasser Sullivan;Lexus;
12;2;58;53.125;0;;21.613;0;19.386;0;12.126;0;160.7;1:06:09.361;16:16:11.289;0:21.613;0:19.386;0:12.126;232.2;Townsend Bell;;GTD;;AIM Vasser Sullivan;Lexus;
12;2;59;53.716;0;;21.896;0;19.615;0;12.205;0;159.0;1:07:03.077;16:17:05.005;0:21.896;0:19.615;0:12.205;234.7;Townsend Bell;;GTD;;AIM Vasser Sullivan;Lexus;
12;2;60;53.192;0;;21.640;0;19.471;0;12.081;0;160.5;1:07:56.269;16:17:58.197;0:21.640;0:19.471;0:12.081;234.7;Townsend Bell;;GTD;;AIM Vasser Sullivan;Lexus;
12;2;61;53.177;0;;21.638;0;19.525;0;12.014;0;160.6;1:08:49.446;16:18:51.374;0:21.638;0:19.525;0:12.014;235.2;Townsend Bell;;GTD;;AIM Vasser Sullivan;Lexus;
12;2;62;53.157;0;;21.652;0;19.485;0;12.020;0;160.7;1:09:42.603;16:19:44.531;0:21.652;0:19.485;0:12.020;236.2;Townsend Bell;;GTD;;AIM Vasser Sullivan;Lexus;
12;2;63;53.416;0;;21.648;0;19.636;0;12.132;0;159.9;1:10:36.019;16:20:37.947;0:21.648;0:19.636;0:12.132;236.7;Townsend Bell;;GTD;;AIM Vasser Sullivan;Lexus;
12;2;64;53.325;0;;21.749;0;19.548;0;12.028;0;160.1;1:11:29.344;16:21:31.272;0:21.749;0:19.548;0:12.028;235.7;Townsend Bell;;GTD;;AIM Vasser Sullivan;Lexus;
12;2;65;53.139;0;;21.562;0;19.476;0;12.101;0;160.7;1:12:22.483;16:22:24.411;0:21.562;0:19.476;0:12.101;236.2;Townsend Bell;;GTD;;AIM Vasser Sullivan;Lexus;
12;2;66;53.306;0;;21.755;0;19.407;0;12.144;0;160.2;1:13:15.789;16:23:17.717;0:21.755;0:19.407;0:12.144;235.2;Townsend Bell;;GTD;;AIM Vasser Sullivan;Lexus;
12;2;67;53.136;0;;21.684;0;19.435;0;12.017;0;160.7;1:14:08.925;16:24:10.853;0:21.684;0:19.435;0:12.017;234.7;Townsend Bell;;GTD;;AIM Vasser Sullivan;Lexus;
12;2;68;53.053;0;;21.578;0;19.475;0;12.000;2;161.0;1:15:01.978;16:25:03.906;0:21.578;0:19.475;0:12.000;236.7;Townsend Bell;;GTD;;AIM Vasser Sullivan;Lexus;
12;2;69;53.071;0;;21.650;0;19.363;0;12.058;0;160.9;1:15:55.049;16:25:56.977;0:21.650;0:19.363;0:12.058;236.7;Townsend Bell;;GTD;;AIM Vasser Sullivan;Lexus;
12;2;70;53.131;0;;21.711;0;19.371;0;12.049;0;160.7;1:16:48.180;16:26:50.108;0:21.711;0:19.371;0:12.049;235.7;Townsend Bell;;GTD;;AIM Vasser Sullivan;Lexus;
12;2;71;53.221;0;;21.731;0;19.398;0;12.092;0;160.5;1:17:41.401;16:27:43.329;0:21.731;0:19.398;0:12.092;235.7;Townsend Bell;;GTD;;AIM Vasser Sullivan;Lexus;
12;2;72;53.513;0;;21.766;0;19.607;0;12.140;0;159.6;1:18:34.914;16:28:36.842;0:21.766;0:19.607;0:12.140;234.7;Townsend Bell;;GTD;;AIM Vasser Sullivan;Lexus;
12;2;73;53.220;0;;21.736;0;19.448;0;12.036;0;160.5;1:19:28.134;16:29:30.062;0:21.736;0:19.448;0:12.036;235.2;Townsend Bell;;GTD;;AIM Vasser Sullivan;Lexus;
12;2;74;53.396;0;;21.846;0;19.478;0;12.072;0;159.9;1:20:21.530;16:30:23.458;0:21.846;0:19.478;0:12.072;234.7;Townsend Bell;;GTD;;AIM Vasser Sullivan;Lexus;
12;2;75;53.205;0;;21.769;0;19.404;0;12.032;0;160.5;1:21:14.735;16:31:16.663;0:21.769;0:19.404;0:12.032;235.2;Townsend Bell;;GTD;;AIM Vasser Sullivan;Lexus;
12;2;76;54.196;0;;21.660;0;20.401;0;12.135;0;157.6;1:22:08.931;16:32:10.859;0:21.660;0:20.401;0:12.135;236.2;Townsend Bell;;GTD;;AIM Vasser Sullivan;Lexus;
12;2;77;53.442;0;;21.920;0;19.461;0;12.061;0;159.8;1:23:02.373;16:33:04.301;0:21.920;0:19.461;0:12.061;235.7;Townsend Bell;;GTD;;AIM Vasser Sullivan;Lexus;
12;2;78;53.324;0;;21.673;0;19.524;0;12.127;0;160.1;1:23:55.697;16:33:57.625;0:21.673;0:19.524;0:12.127;235.7;Townsend Bell;;GTD;;AIM Vasser Sullivan;Lexus;
12;2;79;54.000;0;;22.324;0;19.555;0;12.121;0;158.1;1:24:49.697;16:34:51.625;0:22.324;0:19.555;0:12.121;223.8;Townsend Bell;;GTD;;AIM Vasser Sullivan;Lexus;
12;2;80;53.858;0;;21.882;0;19.840;0;12.136;0;158.6;1:25:43.555;16:35:45.483;0:21.882;0:19.840;0:12.136;235.7;Townsend Bell;;GTD;;AIM Vasser Sullivan;Lexus;
12;2;81;54.103;0;;22.225;0;19.785;0;12.093;0;157.8;1:26:37.658;16:36:39.586;0:22.225;0:19.785;0:12.093;235.7;Townsend Bell;;GTD;;AIM Vasser Sullivan;Lexus;
12;2;82;54.216;0;;22.133;0;19.798;0;12.285;0;157.5;1:27:31.874;16:37:33.802;0:22.133;0:19.798;0:12.285;237.2;Townsend Bell;;GTD;;AIM Vasser Sullivan;Lexus;
12;2;83;53.612;0;;22.012;0;19.508;0;12.092;0;159.3;1:28:25.486;16:38:27.414;0:22.012;0:19.508;0:12.092;234.2;Townsend Bell;;GTD;;AIM Vasser Sullivan;Lexus;
12;2;84;53.913;0;;21.996;0;19.705;0;12.212;0;158.4;1:29:19.399;16:39:21.327;0:21.996;0:19.705;0:12.212;236.7;Townsend Bell;;GTD;;AIM Vasser Sullivan;Lexus;
12;2;85;53.992;0;;22.192;0;19.642;0;12.158;0;158.2;1:30:13.391;16:40:15.319;0:22.192;0:19.642;0:12.158;234.7;Townsend Bell;;GTD;;AIM Vasser Sullivan;Lexus;
12;2;86;53.967;0;;21.877;0;19.818;0;12.272;0;158.2;1:31:07.358;16:41:09.286;0:21.877;0:19.818;0:12.272;235.2;Townsend Bell;;GTD;;AIM Vasser Sullivan;Lexus;
12;2;87;55.103;0;;23.076;0;19.870;0;12.157;0;155.0;1:32:02.461;16:42:04.389;0:23.076;0:19.870;0:12.157;234.7;Townsend Bell;;GTD;;AIM Vasser Sullivan;Lexus;
12;2;88;54.010;0;;22.115;0;19.611;0;12.284;0;158.1;1:32:56.471;16:42:58.399;0:22.115;0:19.611;0:12.284;235.7;Townsend Bell;;GTD;;AIM Vasser Sullivan;Lexus;
12;2;89;54.144;0;;22.197;0;19.720;0;12.227;0;157.7;1:33:50.615;16:43:52.543;0:22.197;0:19.720;0:12.227;234.7;Townsend Bell;;GTD;;AIM Vasser Sullivan;Lexus;
12;2;90;53.930;0;;21.980;0;19.798;0;12.152;0;158.3;1:34:44.545;16:44:46.473;0:21.980;0:19.798;0:12.152;235.2;Townsend Bell;;GTD;;AIM Vasser Sullivan;Lexus;
12;2;91;54.059;0;;22.076;0;19.810;0;12.173;0;158.0;1:35:38.604;16:45:40.532;0:22.076;0:19.810;0:12.173;236.7;Townsend Bell;;GTD;;AIM Vasser Sullivan;Lexus;
12;2;92;1:06.444;0;;;0;;0;12.511;0;128.5;1:36:45.048;16:46:46.976;;;0:12.511;235.2;Townsend Bell;;GTD;;AIM Vasser Sullivan;Lexus;
12;2;93;1:05.919;0;B;22.503;0;20.145;0;23.271;0;129.5;1:37:50.967;16:47:52.895;0:22.503;0:20.145;0:23.271;233.2;Townsend Bell;;GTD;;AIM Vasser Sullivan;Lexus;
12;2;94;1:39.643;0;;1:07.674;0;19.578;0;12.391;0;85.7;1:39:30.610;16:49:32.538;1:07.674;0:19.578;0:12.391;;Townsend Bell;0:00:56.127;GTD;;AIM Vasser Sullivan;Lexus;
12;2;95;56.497;0;;21.568;0;22.784;0;12.145;0;151.2;1:40:27.107;16:50:29.035;0:21.568;0:22.784;0:12.145;231.3;Townsend Bell;;GTD;;AIM Vasser Sullivan;Lexus;
12;2;96;52.801;0;;21.513;0;19.225;0;12.063;0;161.7;1:41:19.908;16:51:21.836;0:21.513;0:19.225;0:12.063;233.7;Townsend Bell;;GTD;;AIM Vasser Sullivan;Lexus;
12;2;97;52.976;0;;21.436;2;19.447;0;12.093;0;161.2;1:42:12.884;16:52:14.812;0:21.436;0:19.447;0:12.093;234.7;Townsend Bell;;GTD;;AIM Vasser Sullivan;Lexus;
12;2;98;52.965;0;;21.477;0;19.327;0;12.161;0;161.2;1:43:05.849;16:53:07.777;0:21.477;0:19.327;0:12.161;233.7;Townsend Bell;;GTD;;AIM Vasser Sullivan;Lexus;
12;2;99;52.758;2;;21.537;0;19.150;2;12.071;0;161.9;1:43:58.607;16:54:00.535;0:21.537;0:19.150;0:12.071;234.2;Townsend Bell;;GTD;;AIM Vasser Sullivan;Lexus;
12;2;100;53.709;0;;22.416;0;19.254;0;12.039;0;159.0;1:44:52.316;16:54:54.244;0:22.416;0:19.254;0:12.039;233.7;Townsend Bell;;GTD;;AIM Vasser Sullivan;Lexus;
12;2;101;52.832;0;;21.517;0;19.239;0;12.076;0;161.6;1:45:45.148;16:55:47.076;0:21.517;0:19.239;0:12.076;234.7;Townsend Bell;;GTD;;AIM Vasser Sullivan;Lexus;
12;2;102;52.891;0;;21.533;0;19.278;0;12.080;0;161.5;1:46:38.039;16:56:39.967;0:21.533;0:19.278;0:12.080;235.7;Townsend Bell;;GTD;;AIM Vasser Sullivan;Lexus;
12;2;103;52.991;0;;21.507;0;19.456;0;12.028;0;161.2;1:47:31.030;16:57:32.958;0:21.507;0:19.456;0:12.028;235.7;Townsend Bell;;GTD;;AIM Vasser Sullivan;Lexus;
12;2;104;53.101;0;;21.599;0;19.332;0;12.170;0;160.8;1:48:24.131;16:58:26.059;0:21.599;0:19.332;0:12.170;235.7;Townsend Bell;;GTD;;AIM Vasser Sullivan;Lexus;
12;2;105;53.061;0;;21.574;0;19.334;0;12.153;0;160.9;1:49:17.192;16:59:19.120;0:21.574;0:19.334;0:12.153;232.2;Townsend Bell;;GTD;;AIM Vasser Sullivan;Lexus;
12;2;106;53.130;0;;21.696;0;19.350;0;12.084;0;160.7;1:50:10.322;17:00:12.250;0:21.696;0:19.350;0:12.084;232.2;Townsend Bell;;GTD;;AIM Vasser Sullivan;Lexus;
12;2;107;53.682;0;;21.617;0;19.820;0;12.245;0;159.1;1:51:04.004;17:01:05.932;0:21.617;0:19.820;0:12.245;234.7;Townsend Bell;;GTD;;AIM Vasser Sullivan;Lexus;
12;2;108;53.181;0;;21.681;0;19.436;0;12.064;0;160.6;1:51:57.185;17:01:59.113;0:21.681;0:19.436;0:12.064;234.2;Townsend Bell;;GTD;;AIM Vasser Sullivan;Lexus;
12;2;109;53.262;0;;21.658;0;19.513;0;12.091;0;160.3;1:52:50.447;17:02:52.375;0:21.658;0:19.513;0:12.091;236.2;Townsend Bell;;GTD;;AIM Vasser Sullivan;Lexus;
12;2;110;53.623;0;;21.815;0;19.513;0;12.295;0;159.3;1:53:44.070;17:03:45.998;0:21.815;0:19.513;0:12.295;236.2;Townsend Bell;;GTD;;AIM Vasser Sullivan;Lexus;
12;2;111;53.457;0;;21.817;0;19.467;0;12.173;0;159.8;1:54:37.527;17:04:39.455;0:21.817;0:19.467;0:12.173;234.2;Townsend Bell;;GTD;;AIM Vasser Sullivan;Lexus;
12;2;112;1:04.388;0;B;21.939;0;19.582;0;22.867;0;132.6;1:55:41.915;17:05:43.843;0:21.939;0:19.582;0:22.867;234.7;Townsend Bell;;GTD;;AIM Vasser Sullivan;Lexus;
12;2;113;2:21.773;0;;1:49.883;0;19.632;0;12.258;0;60.2;1:58:03.688;17:08:05.616;1:49.883;0:19.632;0:12.258;;Townsend Bell;0:01:38.757;GTD;;AIM Vasser Sullivan;Lexus;
12;2;114;53.433;0;;21.815;0;19.496;0;12.122;0;159.8;1:58:57.121;17:08:59.049;0:21.815;0:19.496;0:12.122;233.2;Townsend Bell;;GTD;;AIM Vasser Sullivan;Lexus;
12;2;115;53.726;0;;21.694;0;19.471;0;12.561;0;159.0;1:59:50.847;17:09:52.775;0:21.694;0:19.471;0:12.561;235.7;Townsend Bell;;GTD;;AIM Vasser Sullivan;Lexus;
12;2;116;53.644;0;;21.821;0;19.559;0;12.264;0;159.2;2:00:44.491;17:10:46.419;0:21.821;0:19.559;0:12.264;226.6;Townsend Bell;;GTD;;AIM Vasser Sullivan;Lexus;
12;2;117;53.508;0;;21.801;0;19.566;0;12.141;0;159.6;2:01:37.999;17:11:39.927;0:21.801;0:19.566;0:12.141;234.7;Townsend Bell;;GTD;;AIM Vasser Sullivan;Lexus;
12;2;118;53.445;0;;21.700;0;19.603;0;12.142;0;159.8;2:02:31.444;17:12:33.372;0:21.700;0:19.603;0:12.142;235.2;Townsend Bell;;GTD;;AIM Vasser Sullivan;Lexus;
12;2;119;53.511;0;;21.844;0;19.485;0;12.182;0;159.6;2:03:24.955;17:13:26.883;0:21.844;0:19.485;0:12.182;234.2;Townsend Bell;;GTD;;AIM Vasser Sullivan;Lexus;
12;2;120;53.513;0;;21.805;0;19.563;0;12.145;0;159.6;2:04:18.468;17:14:20.396;0:21.805;0:19.563;0:12.145;234.7;Townsend Bell;;GTD;;AIM Vasser Sullivan;Lexus;
12;2;121;53.654;0;;21.791;0;19.579;0;12.284;0;159.2;2:05:12.122;17:15:14.050;0:21.791;0:19.579;0:12.284;234.7;Townsend Bell;;GTD;;AIM Vasser Sullivan;Lexus;
12;2;122;54.773;0;;21.893;0;19.482;0;13.398;0;155.9;2:06:06.895;17:16:08.823;0:21.893;0:19.482;0:13.398;233.2;Townsend Bell;;GTD;;AIM Vasser Sullivan;Lexus;
12;2;123;56.014;0;;23.112;0;20.625;0;12.277;0;152.5;2:07:02.909;17:17:04.837;0:23.112;0:20.625;0:12.277;171.2;Townsend Bell;;GTD;;AIM Vasser Sullivan;Lexus;
12;2;124;53.578;0;;21.895;0;19.500;0;12.183;0;159.4;2:07:56.487;17:17:58.415;0:21.895;0:19.500;0:12.183;233.7;Townsend Bell;;GTD;;AIM Vasser Sullivan;Lexus;
12;2;125;54.127;0;;22.263;0;19.631;0;12.233;0;157.8;2:08:50.614;17:18:52.542;0:22.263;0:19.631;0:12.233;234.7;Townsend Bell;;GTD;;AIM Vasser Sullivan;Lexus;
12;2;126;53.778;0;;21.937;0;19.626;0;12.215;0;158.8;2:09:44.392;17:19:46.320;0:21.937;0:19.626;0:12.215;234.7;Townsend Bell;;GTD;;AIM Vasser Sullivan;Lexus;
12;2;127;53.804;0;;21.953;0;19.655;0;12.196;0;158.7;2:10:38.196;17:20:40.124;0:21.953;0:19.655;0:12.196;234.7;Townsend Bell;;GTD;;AIM Vasser Sullivan;Lexus;
12;2;128;54.166;0;;21.968;0;19.812;0;12.386;0;157.7;2:11:32.362;17:21:34.290;0:21.968;0:19.812;0:12.386;234.2;Townsend Bell;;GTD;;AIM Vasser Sullivan;Lexus;
12;2;129;54.056;0;;22.146;0;19.627;0;12.283;0;158.0;2:12:26.418;17:22:28.346;0:22.146;0:19.627;0:12.283;233.2;Townsend Bell;;GTD;;AIM Vasser Sullivan;Lexus;
12;2;130;53.784;0;;22.012;0;19.583;0;12.189;0;158.8;2:13:20.202;17:23:22.130;0:22.012;0:19.583;0:12.189;234.2;Townsend Bell;;GTD;;AIM Vasser Sullivan;Lexus;
12;2;131;53.837;0;;22.075;0;19.505;0;12.257;0;158.6;2:14:14.039;17:24:15.967;0:22.075;0:19.505;0:12.257;234.7;Townsend Bell;;GTD;;AIM Vasser Sullivan;Lexus;
12;2;132;53.664;0;;21.995;0;19.435;0;12.234;0;159.1;2:15:07.703;17:25:09.631;0:21.995;0:19.435;0:12.234;234.2;Townsend Bell;;GTD;;AIM Vasser Sullivan;Lexus;
12;2;133;53.837;0;;22.031;0;19.537;0;12.269;0;158.6;2:16:01.540;17:26:03.468;0:22.031;0:19.537;0:12.269;233.7;Townsend Bell;;GTD;;AIM Vasser Sullivan;Lexus;
12;2;134;54.359;0;;22.444;0;19.671;0;12.244;0;157.1;2:16:55.899;17:26:57.827;0:22.444;0:19.671;0:12.244;232.7;Townsend Bell;;GTD;;AIM Vasser Sullivan;Lexus;
12;2;135;54.161;0;;22.162;0;19.720;0;12.279;0;157.7;2:17:50.060;17:27:51.988;0:22.162;0:19.720;0:12.279;234.2;Townsend Bell;;GTD;;AIM Vasser Sullivan;Lexus;
12;2;136;54.086;0;;22.148;0;19.644;0;12.294;0;157.9;2:18:44.146;17:28:46.074;0:22.148;0:19.644;0:12.294;234.2;Townsend Bell;;GTD;;AIM Vasser Sullivan;Lexus;
12;2;137;54.416;0;;21.994;0;20.009;0;12.413;0;156.9;2:19:38.562;17:29:40.490;0:21.994;0:20.009;0:12.413;234.2;Townsend Bell;;GTD;;AIM Vasser Sullivan;Lexus;
12;2;138;54.338;0;;22.145;0;19.819;0;12.374;0;157.2;2:20:32.900;17:30:34.828;0:22.145;0:19.819;0:12.374;232.7;Townsend Bell;;GTD;;AIM Vasser Sullivan;Lexus;
12;2;139;54.364;0;;22.184;0;19.725;0;12.455;0;157.1;2:21:27.264;17:31:29.192;0:22.184;0:19.725;0:12.455;234.2;Townsend Bell;;GTD;;AIM Vasser Sullivan;Lexus;
12;2;140;54.933;0;;22.797;0;19.795;0;12.341;0;155.5;2:22:22.197;17:32:24.125;0:22.797;0:19.795;0:12.341;233.7;Townsend Bell;;GTD;;AIM Vasser Sullivan;Lexus;
12;2;141;54.069;0;;22.158;0;19.604;0;12.307;0;157.9;2:23:16.266;17:33:18.194;0:22.158;0:19.604;0:12.307;234.2;Townsend Bell;;GTD;;AIM Vasser Sullivan;Lexus;
12;2;142;54.040;0;;22.170;0;19.675;0;12.195;0;158.0;2:24:10.306;17:34:12.234;0:22.170;0:19.675;0:12.195;233.2;Townsend Bell;;GTD;;AIM Vasser Sullivan;Lexus;
12;2;143;53.963;0;;22.130;0;19.559;0;12.274;0;158.3;2:25:04.269;17:35:06.197;0:22.130;0:19.559;0:12.274;235.2;Townsend Bell;;GTD;;AIM Vasser Sullivan;Lexus;
12;2;144;1:05.983;0;B;22.449;0;19.840;0;23.694;0;129.4;2:26:10.252;17:36:12.180;0:22.449;0:19.840;0:23.694;233.7;Townsend Bell;;GTD;;AIM Vasser Sullivan;Lexus;
12;1;145;2:04.708;0;;1:32.139;0;20.257;0;12.312;0;68.5;2:28:14.960;17:38:16.888;1:32.139;0:20.257;0:12.312;;Frank Montecalvo;0:01:16.831;GTD;;AIM Vasser Sullivan;Lexus;
12;1;146;54.155;0;;22.204;0;19.669;0;12.282;0;157.7;2:29:09.115;17:39:11.043;0:22.204;0:19.669;0:12.282;232.2;Frank Montecalvo;;GTD;;AIM Vasser Sullivan;Lexus;
12;1;147;53.527;0;;21.779;0;19.493;0;12.255;0;159.5;2:30:02.642;17:40:04.570;0:21.779;0:19.493;0:12.255;234.2;Frank Montecalvo;;GTD;;AIM Vasser Sullivan;Lexus;
12;1;148;53.418;0;;21.751;0;19.431;0;12.236;0;159.9;2:30:56.060;17:40:57.988;0:21.751;0:19.431;0:12.236;232.7;Frank Montecalvo;;GTD;;AIM Vasser Sullivan;Lexus;
12;1;149;53.442;0;;21.701;1;19.452;0;12.289;0;159.8;2:31:49.502;17:41:51.430;0:21.701;0:19.452;0:12.289;235.2;Frank Montecalvo;;GTD;;AIM Vasser Sullivan;Lexus;
12;1;150;53.417;0;;21.885;0;19.480;0;12.052;0;159.9;2:32:42.919;17:42:44.847;0:21.885;0:19.480;0:12.052;233.7;Frank Montecalvo;;GTD;;AIM Vasser Sullivan;Lexus;
12;1;151;54.593;0;;22.614;0;19.614;0;12.365;0;156.4;2:33:37.512;17:43:39.440;0:22.614;0:19.614;0:12.365;237.2;Frank Montecalvo;;GTD;;AIM Vasser Sullivan;Lexus;
12;1;152;53.597;0;;21.895;0;19.514;0;12.188;0;159.3;2:34:31.109;17:44:33.037;0:21.895;0:19.514;0:12.188;232.2;Frank Montecalvo;;GTD;;AIM Vasser Sullivan;Lexus;
12;1;153;53.785;0;;21.912;0;19.522;0;12.351;0;158.8;2:35:24.894;17:45:26.822;0:21.912;0:19.522;0:12.351;235.7;Frank Montecalvo;;GTD;;AIM Vasser Sullivan;Lexus;
12;1;154;53.485;0;;21.910;0;19.439;0;12.136;0;159.7;2:36:18.379;17:46:20.307;0:21.910;0:19.439;0:12.136;232.7;Frank Montecalvo;;GTD;;AIM Vasser Sullivan;Lexus;
12;1;155;54.014;0;;22.104;0;19.704;0;12.206;0;158.1;2:37:12.393;17:47:14.321;0:22.104;0:19.704;0:12.206;236.7;Frank Montecalvo;;GTD;;AIM Vasser Sullivan;Lexus;
12;1;156;53.654;0;;21.953;0;19.441;0;12.260;0;159.2;2:38:06.047;17:48:07.975;0:21.953;0:19.441;0:12.260;235.7;Frank Montecalvo;;GTD;;AIM Vasser Sullivan;Lexus;
12;1;157;53.937;0;;21.987;0;19.659;0;12.291;0;158.3;2:38:59.984;17:49:01.912;0:21.987;0:19.659;0:12.291;233.7;Frank Montecalvo;;GTD;;AIM Vasser Sullivan;Lexus;
12;1;158;53.830;0;;22.045;0;19.557;0;12.228;0;158.6;2:39:53.814;17:49:55.742;0:22.045;0:19.557;0:12.228;234.2;Frank Montecalvo;;GTD;;AIM Vasser Sullivan;Lexus;
12;1;159;54.057;0;;22.130;0;19.644;0;12.283;0;158.0;2:40:47.871;17:50:49.799;0:22.130;0:19.644;0:12.283;234.2;Frank Montecalvo;;GTD;;AIM Vasser Sullivan;Lexus;
14;1;1;59.370;0;;26.392;0;20.752;0;12.226;0;143.8;59.370;15:11:01.298;0:26.392;0:20.752;0:12.226;220.3;Richard Heistand;;GTD;;AIM Vasser Sullivan;Lexus;
14;1;2;53.970;0;;22.098;0;19.728;0;12.144;0;158.2;1:53.340;15:11:55.268;0:22.098;0:19.728;0:12.144;235.2;Richard Heistand;;GTD;;AIM Vasser Sullivan;Lexus;
14;1;3;53.471;0;;21.836;0;19.556;0;12.079;0;159.7;2:46.811;15:12:48.739;0:21.836;0:19.556;0:12.079;235.7;Richard Heistand;;GTD;;AIM Vasser Sullivan;Lexus;
14;1;4;53.124;0;;21.705;0;19.407;0;12.012;0;160.8;3:39.935;15:13:41.863;0:21.705;0:19.407;0:12.012;236.2;Richard Heistand;;GTD;;AIM Vasser Sullivan;Lexus;
14;1;5;53.016;0;;21.686;0;19.291;0;12.039;0;161.1;4:32.951;15:14:34.879;0:21.686;0:19.291;0:12.039;236.2;Richard Heistand;;GTD;;AIM Vasser Sullivan;Lexus;
14;1;6;53.027;0;;21.609;0;19.294;0;12.124;0;161.0;5:25.978;15:15:27.906;0:21.609;0:19.294;0:12.124;236.7;Richard Heistand;;GTD;;AIM Vasser Sullivan;Lexus;
14;1;7;53.020;0;;21.693;0;19.318;0;12.009;0;161.1;6:18.998;15:16:20.926;0:21.693;0:19.318;0:12.009;236.2;Richard Heistand;;GTD;;AIM Vasser Sullivan;Lexus;
14;1;8;52.744;0;;21.602;1;19.190;1;11.952;1;161.9;7:11.742;15:17:13.670;0:21.602;0:19.190;0:11.952;236.2;Richard Heistand;;GTD;;AIM Vasser Sullivan;Lexus;
14;1;9;53.014;0;;21.751;0;19.239;0;12.024;0;161.1;8:04.756;15:18:06.684;0:21.751;0:19.239;0:12.024;236.7;Richard Heistand;;GTD;;AIM Vasser Sullivan;Lexus;
14;1;10;53.014;0;;21.674;0;19.263;0;12.077;0;161.1;8:57.770;15:18:59.698;0:21.674;0:19.263;0:12.077;236.7;Richard Heistand;;GTD;;AIM Vasser Sullivan;Lexus;
14;1;11;53.182;0;;21.799;0;19.335;0;12.048;0;160.6;9:50.952;15:19:52.880;0:21.799;0:19.335;0:12.048;235.7;Richard Heistand;;GTD;;AIM Vasser Sullivan;Lexus;
14;1;12;53.236;0;;21.721;0;19.477;0;12.038;0;160.4;10:44.188;15:20:46.116;0:21.721;0:19.477;0:12.038;236.7;Richard Heistand;;GTD;;AIM Vasser Sullivan;Lexus;
14;1;13;53.094;0;;21.773;0;19.312;0;12.009;0;160.8;11:37.282;15:21:39.210;0:21.773;0:19.312;0:12.009;236.7;Richard Heistand;;GTD;;AIM Vasser Sullivan;Lexus;
14;1;14;53.394;0;;21.885;0;19.447;0;12.062;0;159.9;12:30.676;15:22:32.604;0:21.885;0:19.447;0:12.062;236.7;Richard Heistand;;GTD;;AIM Vasser Sullivan;Lexus;
14;1;15;53.666;0;;22.030;0;19.472;0;12.164;0;159.1;13:24.342;15:23:26.270;0:22.030;0:19.472;0:12.164;236.2;Richard Heistand;;GTD;;AIM Vasser Sullivan;Lexus;
14;1;16;53.469;0;;21.899;0;19.469;0;12.101;0;159.7;14:17.811;15:24:19.739;0:21.899;0:19.469;0:12.101;235.7;Richard Heistand;;GTD;;AIM Vasser Sullivan;Lexus;
14;1;17;53.627;0;;21.966;0;19.496;0;12.165;0;159.2;15:11.438;15:25:13.366;0:21.966;0:19.496;0:12.165;235.7;Richard Heistand;;GTD;;AIM Vasser Sullivan;Lexus;
14;1;18;53.576;0;;21.995;0;19.495;0;12.086;0;159.4;16:05.014;15:26:06.942;0:21.995;0:19.495;0:12.086;234.7;Richard Heistand;;GTD;;AIM Vasser Sullivan;Lexus;
14;1;19;53.557;0;;21.999;0;19.445;0;12.113;0;159.5;16:58.571;15:27:00.499;0:21.999;0:19.445;0:12.113;234.7;Richard Heistand;;GTD;;AIM Vasser Sullivan;Lexus;
14;1;20;53.674;0;;22.012;0;19.602;0;12.060;0;159.1;17:52.245;15:27:54.173;0:22.012;0:19.602;0:12.060;235.2;Richard Heistand;;GTD;;AIM Vasser Sullivan;Lexus;
14;1;21;53.610;0;;21.848;0;19.590;0;12.172;0;159.3;18:45.855;15:28:47.783;0:21.848;0:19.590;0:12.172;236.2;Richard Heistand;;GTD;;AIM Vasser Sullivan;Lexus;
14;1;22;53.774;0;;22.051;0;19.455;0;12.268;0;158.8;19:39.629;15:29:41.557;0:22.051;0:19.455;0:12.268;235.2;Richard Heistand;;GTD;;AIM Vasser Sullivan;Lexus;
14;1;23;54.003;0;;22.271;0;19.634;0;12.098;0;158.1;20:33.632;15:30:35.560;0:22.271;0:19.634;0:12.098;233.7;Richard Heistand;;GTD;;AIM Vasser Sullivan;Lexus;
14;1;24;53.554;0;;21.897;0;19.562;0;12.095;0;159.5;21:27.186;15:31:29.114;0:21.897;0:19.562;0:12.095;236.2;Richard Heistand;;GTD;;AIM Vasser Sullivan;Lexus;
14;1;25;53.762;0;;22.127;0;19.534;0;12.101;0;158.8;22:20.948;15:32:22.876;0:22.127;0:19.534;0:12.101;235.2;Richard Heistand;;GTD;;AIM Vasser Sullivan;Lexus;
14;1;26;53.797;0;;22.185;0;19.561;0;12.051;0;158.7;23:14.745;15:33:16.673;0:22.185;0:19.561;0:12.051;235.2;Richard Heistand;;GTD;;AIM Vasser Sullivan;Lexus;
14;1;27;54.430;0;;21.974;0;20.061;0;12.395;0;156.9;24:09.175;15:34:11.103;0:21.974;0:20.061;0:12.395;236.2;Richard Heistand;;GTD;;AIM Vasser Sullivan;Lexus;
14;1;28;54.167;0;;22.493;0;19.564;0;12.110;0;157.7;25:03.342;15:35:05.270;0:22.493;0:19.564;0:12.110;236.2;Richard Heistand;;GTD;;AIM Vasser Sullivan;Lexus;
14;1;29;53.703;0;;22.045;0;19.576;0;12.082;0;159.0;25:57.045;15:35:58.973;0:22.045;0:19.576;0:12.082;235.7;Richard Heistand;;GTD;;AIM Vasser Sullivan;Lexus;
14;1;30;54.430;0;;22.102;0;19.984;0;12.344;0;156.9;26:51.475;15:36:53.403;0:22.102;0:19.984;0:12.344;235.7;Richard Heistand;;GTD;;AIM Vasser Sullivan;Lexus;
14;1;31;56.269;0;;22.612;0;20.646;0;13.011;0;151.8;27:47.744;15:37:49.672;0:22.612;0:20.646;0:13.011;233.7;Richard Heistand;;GTD;;AIM Vasser Sullivan;Lexus;
14;1;32;54.231;0;;22.459;0;19.656;0;12.116;0;157.5;28:41.975;15:38:43.903;0:22.459;0:19.656;0:12.116;230.3;Richard Heistand;;GTD;;AIM Vasser Sullivan;Lexus;
14;1;33;53.954;0;;22.185;0;19.642;0;12.127;0;158.3;29:35.929;15:39:37.857;0:22.185;0:19.642;0:12.127;235.7;Richard Heistand;;GTD;;AIM Vasser Sullivan;Lexus;
14;1;34;53.830;0;;22.151;0;19.584;0;12.095;0;158.6;30:29.759;15:40:31.687;0:22.151;0:19.584;0:12.095;235.7;Richard Heistand;;GTD;;AIM Vasser Sullivan;Lexus;
14;1;35;53.909;0;;22.181;0;19.575;0;12.153;0;158.4;31:23.668;15:41:25.596;0:22.181;0:19.575;0:12.153;236.7;Richard Heistand;;GTD;;AIM Vasser Sullivan;Lexus;
14;1;36;53.901;0;;22.030;0;19.703;0;12.168;0;158.4;32:17.569;15:42:19.497;0:22.030;0:19.703;0:12.168;235.7;Richard Heistand;;GTD;;AIM Vasser Sullivan;Lexus;
14;1;37;54.031;0;;22.223;0;19.676;0;12.132;0;158.1;33:11.600;15:43:13.528;0:22.223;0:19.676;0:12.132;234.7;Richard Heistand;;GTD;;AIM Vasser Sullivan;Lexus;
14;1;38;54.054;0;;22.208;0;19.662;0;12.184;0;158.0;34:05.654;15:44:07.582;0:22.208;0:19.662;0:12.184;236.2;Richard Heistand;;GTD;;AIM Vasser Sullivan;Lexus;
14;1;39;54.101;0;;22.390;0;19.593;0;12.118;0;157.8;34:59.755;15:45:01.683;0:22.390;0:19.593;0:12.118;234.7;Richard Heistand;;GTD;;AIM Vasser Sullivan;Lexus;
14;1;40;54.370;0;;22.488;0;19.731;0;12.151;0;157.1;35:54.125;15:45:56.053;0:22.488;0:19.731;0:12.151;235.2;Richard Heistand;;GTD;;AIM Vasser Sullivan;Lexus;
14;1;41;54.094;0;;22.272;0;19.668;0;12.154;0;157.9;36:48.219;15:46:50.147;0:22.272;0:19.668;0:12.154;234.7;Richard Heistand;;GTD;;AIM Vasser Sullivan;Lexus;
14;1;42;54.215;0;;22.267;0;19.685;0;12.263;0;157.5;37:42.434;15:47:44.362;0:22.267;0:19.685;0:12.263;234.7;Richard Heistand;;GTD;;AIM Vasser Sullivan;Lexus;
14;1;43;53.977;0;;22.324;0;19.571;0;12.082;0;158.2;38:36.411;15:48:38.339;0:22.324;0:19.571;0:12.082;234.7;Richard Heistand;;GTD;;AIM Vasser Sullivan;Lexus;
14;1;44;54.495;0;;22.453;0;19.825;0;12.217;0;156.7;39:30.906;15:49:32.834;0:22.453;0:19.825;0:12.217;235.2;Richard Heistand;;GTD;;AIM Vasser Sullivan;Lexus;
14;1;45;54.207;0;;22.263;0;19.811;0;12.133;0;157.5;40:25.113;15:50:27.041;0:22.263;0:19.811;0:12.133;234.7;Richard Heistand;;GTD;;AIM Vasser Sullivan;Lexus;
14;1;46;54.134;0;;22.388;0;19.646;0;12.100;0;157.8;41:19.247;15:51:21.175;0:22.388;0:19.646;0:12.100;235.7;Richard Heistand;;GTD;;AIM Vasser Sullivan;Lexus;
14;1;47;53.967;0;;22.235;0;19.662;0;12.070;0;158.2;42:13.214;15:52:15.142;0:22.235;0:19.662;0:12.070;236.2;Richard Heistand;;GTD;;AIM Vasser Sullivan;Lexus;
14;1;48;54.176;0;;22.340;0;19.721;0;12.115;0;157.6;43:07.390;15:53:09.318;0:22.340;0:19.721;0:12.115;235.7;Richard Heistand;;GTD;;AIM Vasser Sullivan;Lexus;
14;1;49;54.199;0;;22.256;0;19.762;0;12.181;0;157.6;44:01.589;15:54:03.517;0:22.256;0:19.762;0:12.181;236.2;Richard Heistand;;GTD;;AIM Vasser Sullivan;Lexus;
14;1;50;54.166;0;;22.369;0;19.632;0;12.165;0;157.7;44:55.755;15:54:57.683;0:22.369;0:19.632;0:12.165;235.7;Richard Heistand;;GTD;;AIM Vasser Sullivan;Lexus;
14;1;51;1:05.159;0;B;22.164;0;19.884;0;23.111;0;131.1;46:00.914;15:56:02.842;0:22.164;0:19.884;0:23.111;235.7;Richard Heistand;;GTD;;AIM Vasser Sullivan;Lexus;
14;2;52;1:36.899;0;;1:04.802;0;19.869;0;12.228;0;88.1;47:37.813;15:57:39.741;1:04.802;0:19.869;0:12.228;;Jack Hawksworth;0:00:52.747;GTD;;AIM Vasser Sullivan;Lexus;
14;2;53;55.365;0;;22.448;0;20.338;0;12.579;0;154.2;48:33.178;15:58:35.106;0:22.448;0:20.338;0:12.579;232.2;Jack Hawksworth;;GTD;;AIM Vasser Sullivan;Lexus;
14;2;54;53.508;0;;21.568;0;19.564;0;12.376;0;159.6;49:26.686;15:59:28.614;0:21.568;0:19.564;0:12.376;230.3;Jack Hawksworth;;GTD;;AIM Vasser Sullivan;Lexus;
14;2;55;52.406;2;;21.321;0;19.151;2;11.934;0;163.0;50:19.092;16:00:21.020;0:21.321;0:19.151;0:11.934;233.2;Jack Hawksworth;;GTD;;AIM Vasser Sullivan;Lexus;
14;2;56;52.720;0;;21.336;0;19.375;0;12.009;0;162.0;51:11.812;16:01:13.740;0:21.336;0:19.375;0:12.009;236.2;Jack Hawksworth;;GTD;;AIM Vasser Sullivan;Lexus;
14;2;57;52.651;0;;21.458;0;19.257;0;11.936;0;162.2;52:04.463;16:02:06.391;0:21.458;0:19.257;0:11.936;235.7;Jack Hawksworth;;GTD;;AIM Vasser Sullivan;Lexus;
14;2;58;52.455;0;;21.317;2;19.207;0;11.931;0;162.8;52:56.918;16:02:58.846;0:21.317;0:19.207;0:11.931;236.2;Jack Hawksworth;;GTD;;AIM Vasser Sullivan;Lexus;
14;2;59;52.601;0;;21.377;0;19.260;0;11.964;0;162.4;53:49.519;16:03:51.447;0:21.377;0:19.260;0:11.964;236.7;Jack Hawksworth;;GTD;;AIM Vasser Sullivan;Lexus;
14;2;60;52.617;0;;21.427;0;19.255;0;11.935;0;162.3;54:42.136;16:04:44.064;0:21.427;0:19.255;0:11.935;237.7;Jack Hawksworth;;GTD;;AIM Vasser Sullivan;Lexus;
14;2;61;52.789;0;;21.489;0;19.318;0;11.982;0;161.8;55:34.925;16:05:36.853;0:21.489;0:19.318;0:11.982;237.2;Jack Hawksworth;;GTD;;AIM Vasser Sullivan;Lexus;
14;2;62;52.916;0;;21.640;0;19.318;0;11.958;0;161.4;56:27.841;16:06:29.769;0:21.640;0:19.318;0:11.958;237.2;Jack Hawksworth;;GTD;;AIM Vasser Sullivan;Lexus;
14;2;63;53.147;0;;21.873;0;19.347;0;11.927;0;160.7;57:20.988;16:07:22.916;0:21.873;0:19.347;0:11.927;238.7;Jack Hawksworth;;GTD;;AIM Vasser Sullivan;Lexus;
14;2;64;54.034;0;;21.735;0;19.826;0;12.473;0;158.0;58:15.022;16:08:16.950;0:21.735;0:19.826;0:12.473;238.7;Jack Hawksworth;;GTD;;AIM Vasser Sullivan;Lexus;
14;2;65;53.725;0;;22.287;0;19.431;0;12.007;0;159.0;59:08.747;16:09:10.675;0:22.287;0:19.431;0:12.007;234.7;Jack Hawksworth;;GTD;;AIM Vasser Sullivan;Lexus;
14;2;66;54.108;0;;21.682;0;20.299;0;12.127;0;157.8;1:00:02.855;16:10:04.783;0:21.682;0:20.299;0:12.127;237.7;Jack Hawksworth;;GTD;;AIM Vasser Sullivan;Lexus;
14;2;67;53.232;0;;21.691;0;19.505;0;12.036;0;160.4;1:00:56.087;16:10:58.015;0:21.691;0:19.505;0:12.036;235.7;Jack Hawksworth;;GTD;;AIM Vasser Sullivan;Lexus;
14;2;68;53.482;0;;21.853;0;19.592;0;12.037;0;159.7;1:01:49.569;16:11:51.497;0:21.853;0:19.592;0:12.037;235.2;Jack Hawksworth;;GTD;;AIM Vasser Sullivan;Lexus;
14;2;69;53.663;0;;21.891;0;19.655;0;12.117;0;159.1;1:02:43.232;16:12:45.160;0:21.891;0:19.655;0:12.117;236.7;Jack Hawksworth;;GTD;;AIM Vasser Sullivan;Lexus;
14;2;70;53.603;0;;21.862;0;19.706;0;12.035;0;159.3;1:03:36.835;16:13:38.763;0:21.862;0:19.706;0:12.035;236.2;Jack Hawksworth;;GTD;;AIM Vasser Sullivan;Lexus;
14;2;71;53.277;0;;21.846;0;19.429;0;12.002;0;160.3;1:04:30.112;16:14:32.040;0:21.846;0:19.429;0:12.002;236.2;Jack Hawksworth;;GTD;;AIM Vasser Sullivan;Lexus;
14;2;72;53.278;0;;21.819;0;19.484;0;11.975;0;160.3;1:05:23.390;16:15:25.318;0:21.819;0:19.484;0:11.975;237.2;Jack Hawksworth;;GTD;;AIM Vasser Sullivan;Lexus;
14;2;73;53.379;0;;21.745;0;19.517;0;12.117;0;160.0;1:06:16.769;16:16:18.697;0:21.745;0:19.517;0:12.117;236.7;Jack Hawksworth;;GTD;;AIM Vasser Sullivan;Lexus;
14;2;74;54.573;0;;22.508;0;19.777;0;12.288;0;156.5;1:07:11.342;16:17:13.270;0:22.508;0:19.777;0:12.288;235.7;Jack Hawksworth;;GTD;;AIM Vasser Sullivan;Lexus;
14;2;75;53.483;0;;21.906;0;19.479;0;12.098;0;159.7;1:08:04.825;16:18:06.753;0:21.906;0:19.479;0:12.098;234.2;Jack Hawksworth;;GTD;;AIM Vasser Sullivan;Lexus;
14;2;76;53.840;0;;22.035;0;19.611;0;12.194;0;158.6;1:08:58.665;16:19:00.593;0:22.035;0:19.611;0:12.194;237.7;Jack Hawksworth;;GTD;;AIM Vasser Sullivan;Lexus;
14;2;77;53.518;0;;22.017;0;19.467;0;12.034;0;159.6;1:09:52.183;16:19:54.111;0:22.017;0:19.467;0:12.034;234.2;Jack Hawksworth;;GTD;;AIM Vasser Sullivan;Lexus;
14;2;78;53.418;0;;21.840;0;19.489;0;12.089;0;159.9;1:10:45.601;16:20:47.529;0:21.840;0:19.489;0:12.089;237.7;Jack Hawksworth;;GTD;;AIM Vasser Sullivan;Lexus;
14;2;79;53.508;0;;21.837;0;19.559;0;12.112;0;159.6;1:11:39.109;16:21:41.037;0:21.837;0:19.559;0:12.112;236.7;Jack Hawksworth;;GTD;;AIM Vasser Sullivan;Lexus;
14;2;80;53.658;0;;21.964;0;19.606;0;12.088;0;159.2;1:12:32.767;16:22:34.695;0:21.964;0:19.606;0:12.088;236.2;Jack Hawksworth;;GTD;;AIM Vasser Sullivan;Lexus;
14;2;81;53.293;0;;21.788;0;19.477;0;12.028;0;160.2;1:13:26.060;16:23:27.988;0:21.788;0:19.477;0:12.028;236.7;Jack Hawksworth;;GTD;;AIM Vasser Sullivan;Lexus;
14;2;82;53.488;0;;21.998;0;19.509;0;11.981;0;159.7;1:14:19.548;16:24:21.476;0:21.998;0:19.509;0:11.981;236.7;Jack Hawksworth;;GTD;;AIM Vasser Sullivan;Lexus;
14;2;83;53.188;0;;21.800;0;19.400;0;11.988;0;160.6;1:15:12.736;16:25:14.664;0:21.800;0:19.400;0:11.988;236.7;Jack Hawksworth;;GTD;;AIM Vasser Sullivan;Lexus;
14;2;84;53.219;0;;21.811;0;19.425;0;11.983;0;160.5;1:16:05.955;16:26:07.883;0:21.811;0:19.425;0:11.983;236.7;Jack Hawksworth;;GTD;;AIM Vasser Sullivan;Lexus;
14;2;85;53.124;0;;21.779;0;19.371;0;11.974;0;160.8;1:16:59.079;16:27:01.007;0:21.779;0:19.371;0:11.974;237.7;Jack Hawksworth;;GTD;;AIM Vasser Sullivan;Lexus;
14;2;86;53.038;0;;21.699;0;19.399;0;11.940;0;161.0;1:17:52.117;16:27:54.045;0:21.699;0:19.399;0:11.940;237.2;Jack Hawksworth;;GTD;;AIM Vasser Sullivan;Lexus;
14;2;87;53.161;0;;21.743;0;19.417;0;12.001;0;160.6;1:18:45.278;16:28:47.206;0:21.743;0:19.417;0:12.001;237.7;Jack Hawksworth;;GTD;;AIM Vasser Sullivan;Lexus;
14;2;88;53.423;0;;21.813;0;19.594;0;12.016;0;159.9;1:19:38.701;16:29:40.629;0:21.813;0:19.594;0:12.016;236.7;Jack Hawksworth;;GTD;;AIM Vasser Sullivan;Lexus;
14;2;89;53.585;0;;21.877;0;19.537;0;12.171;0;159.4;1:20:32.286;16:30:34.214;0:21.877;0:19.537;0:12.171;236.2;Jack Hawksworth;;GTD;;AIM Vasser Sullivan;Lexus;
14;2;90;53.601;0;;21.956;0;19.500;0;12.145;0;159.3;1:21:25.887;16:31:27.815;0:21.956;0:19.500;0:12.145;235.2;Jack Hawksworth;;GTD;;AIM Vasser Sullivan;Lexus;
14;2;91;53.367;0;;21.840;0;19.540;0;11.987;0;160.0;1:22:19.254;16:32:21.182;0:21.840;0:19.540;0:11.987;236.2;Jack Hawksworth;;GTD;;AIM Vasser Sullivan;Lexus;
14;2;92;53.353;0;;21.885;0;19.405;0;12.063;0;160.1;1:23:12.607;16:33:14.535;0:21.885;0:19.405;0:12.063;237.2;Jack Hawksworth;;GTD;;AIM Vasser Sullivan;Lexus;
14;2;93;53.538;0;;21.989;0;19.525;0;12.024;0;159.5;1:24:06.145;16:34:08.073;0:21.989;0:19.525;0:12.024;236.2;Jack Hawksworth;;GTD;;AIM Vasser Sullivan;Lexus;
14;2;94;53.660;0;;21.972;0;19.580;0;12.108;0;159.1;1:24:59.805;16:35:01.733;0:21.972;0:19.580;0:12.108;237.7;Jack Hawksworth;;GTD;;AIM Vasser Sullivan;Lexus;
14;2;95;53.777;0;;22.006;0;19.696;0;12.075;0;158.8;1:25:53.582;16:35:55.510;0:22.006;0:19.696;0:12.075;236.7;Jack Hawksworth;;GTD;;AIM Vasser Sullivan;Lexus;
14;2;96;53.783;0;;21.952;0;19.713;0;12.118;0;158.8;1:26:47.365;16:36:49.293;0:21.952;0:19.713;0:12.118;236.7;Jack Hawksworth;;GTD;;AIM Vasser Sullivan;Lexus;
14;2;97;54.877;0;;21.856;0;20.141;0;12.880;0;155.6;1:27:42.242;16:37:44.170;0:21.856;0:20.141;0:12.880;236.7;Jack Hawksworth;;GTD;;AIM Vasser Sullivan;Lexus;
14;2;98;53.885;0;;21.984;0;19.787;0;12.114;0;158.5;1:28:36.127;16:38:38.055;0:21.984;0:19.787;0:12.114;232.7;Jack Hawksworth;;GTD;;AIM Vasser Sullivan;Lexus;
14;2;99;53.540;0;;21.870;0;19.569;0;12.101;0;159.5;1:29:29.667;16:39:31.595;0:21.870;0:19.569;0:12.101;235.7;Jack Hawksworth;;GTD;;AIM Vasser Sullivan;Lexus;
14;2;100;53.543;0;;21.881;0;19.569;0;12.093;0;159.5;1:30:23.210;16:40:25.138;0:21.881;0:19.569;0:12.093;235.7;Jack Hawksworth;;GTD;;AIM Vasser Sullivan;Lexus;
14;2;101;53.482;0;;21.927;0;19.595;0;11.960;0;159.7;1:31:16.692;16:41:18.620;0:21.927;0:19.595;0:11.960;236.7;Jack Hawksworth;;GTD;;AIM Vasser Sullivan;Lexus;
14;2;102;53.703;0;;21.975;0;19.616;0;12.112;0;159.0;1:32:10.395;16:42:12.323;0:21.975;0:19.616;0:12.112;237.2;Jack Hawksworth;;GTD;;AIM Vasser Sullivan;Lexus;
14;2;103;54.617;0;;22.026;0;20.266;0;12.325;0;156.4;1:33:05.012;16:43:06.940;0:22.026;0:20.266;0:12.325;236.2;Jack Hawksworth;;GTD;;AIM Vasser Sullivan;Lexus;
14;2;104;53.861;0;;22.010;0;19.747;0;12.104;0;158.6;1:33:58.873;16:44:00.801;0:22.010;0:19.747;0:12.104;234.7;Jack Hawksworth;;GTD;;AIM Vasser Sullivan;Lexus;
14;2;105;54.212;0;;22.156;0;19.890;0;12.166;0;157.5;1:34:53.085;16:44:55.013;0:22.156;0:19.890;0:12.166;237.2;Jack Hawksworth;;GTD;;AIM Vasser Sullivan;Lexus;
14;2;106;1:05.898;0;B;22.242;0;19.778;0;23.878;0;129.6;1:35:58.983;16:46:00.911;0:22.242;0:19.778;0:23.878;236.2;Jack Hawksworth;;GTD;;AIM Vasser Sullivan;Lexus;
14;2;107;1:37.931;0;;1:06.129;0;19.660;0;12.142;0;87.2;1:37:36.914;16:47:38.842;1:06.129;0:19.660;0:12.142;;Jack Hawksworth;0:00:54.469;GTD;;AIM Vasser Sullivan;Lexus;
14;2;108;53.710;0;;21.608;0;20.018;0;12.084;0;159.0;1:38:30.624;16:48:32.552;0:21.608;0:20.018;0:12.084;234.7;Jack Hawksworth;;GTD;;AIM Vasser Sullivan;Lexus;
14;2;109;52.819;0;;21.543;0;19.286;0;11.990;0;161.7;1:39:23.443;16:49:25.371;0:21.543;0:19.286;0:11.990;235.7;Jack Hawksworth;;GTD;;AIM Vasser Sullivan;Lexus;
14;2;110;52.559;0;;21.451;0;19.207;0;11.901;0;162.5;1:40:16.002;16:50:17.930;0:21.451;0:19.207;0:11.901;236.7;Jack Hawksworth;;GTD;;AIM Vasser Sullivan;Lexus;
14;2;111;53.943;0;;21.543;0;19.881;0;12.519;0;158.3;1:41:09.945;16:51:11.873;0:21.543;0:19.881;0:12.519;237.7;Jack Hawksworth;;GTD;;AIM Vasser Sullivan;Lexus;
14;2;112;54.748;0;;22.039;0;20.308;0;12.401;0;156.0;1:42:04.693;16:52:06.621;0:22.039;0:20.308;0:12.401;233.2;Jack Hawksworth;;GTD;;AIM Vasser Sullivan;Lexus;
14;2;113;53.130;0;;21.625;0;19.436;0;12.069;0;160.7;1:42:57.823;16:52:59.751;0:21.625;0:19.436;0:12.069;232.2;Jack Hawksworth;;GTD;;AIM Vasser Sullivan;Lexus;
14;2;114;53.251;0;;21.773;0;19.384;0;12.094;0;160.4;1:43:51.074;16:53:53.002;0:21.773;0:19.384;0:12.094;235.2;Jack Hawksworth;;GTD;;AIM Vasser Sullivan;Lexus;
14;2;115;53.016;0;;21.649;0;19.418;0;11.949;0;161.1;1:44:44.090;16:54:46.018;0:21.649;0:19.418;0:11.949;235.2;Jack Hawksworth;;GTD;;AIM Vasser Sullivan;Lexus;
14;2;116;52.792;0;;21.473;0;19.404;0;11.915;0;161.8;1:45:36.882;16:55:38.810;0:21.473;0:19.404;0:11.915;236.7;Jack Hawksworth;;GTD;;AIM Vasser Sullivan;Lexus;
14;2;117;52.833;0;;21.610;0;19.273;0;11.950;0;161.6;1:46:29.715;16:56:31.643;0:21.610;0:19.273;0:11.950;236.2;Jack Hawksworth;;GTD;;AIM Vasser Sullivan;Lexus;
14;2;118;52.752;0;;21.549;0;19.303;0;11.900;2;161.9;1:47:22.467;16:57:24.395;0:21.549;0:19.303;0:11.900;237.2;Jack Hawksworth;;GTD;;AIM Vasser Sullivan;Lexus;
14;2;119;52.815;0;;21.477;0;19.373;0;11.965;0;161.7;1:48:15.282;16:58:17.210;0:21.477;0:19.373;0:11.965;237.2;Jack Hawksworth;;GTD;;AIM Vasser Sullivan;Lexus;
14;2;120;52.984;0;;21.611;0;19.418;0;11.955;0;161.2;1:49:08.266;16:59:10.194;0:21.611;0:19.418;0:11.955;235.7;Jack Hawksworth;;GTD;;AIM Vasser Sullivan;Lexus;
14;2;121;52.710;0;;21.494;0;19.290;0;11.926;0;162.0;1:50:00.976;17:00:02.904;0:21.494;0:19.290;0:11.926;237.2;Jack Hawksworth;;GTD;;AIM Vasser Sullivan;Lexus;
14;2;122;53.484;0;;21.552;0;19.705;0;12.227;0;159.7;1:50:54.460;17:00:56.388;0:21.552;0:19.705;0:12.227;236.7;Jack Hawksworth;;GTD;;AIM Vasser Sullivan;Lexus;
14;2;123;53.156;0;;21.788;0;19.408;0;11.960;0;160.7;1:51:47.616;17:01:49.544;0:21.788;0:19.408;0:11.960;235.2;Jack Hawksworth;;GTD;;AIM Vasser Sullivan;Lexus;
14;2;124;52.961;0;;21.705;0;19.291;0;11.965;0;161.2;1:52:40.577;17:02:42.505;0:21.705;0:19.291;0:11.965;236.7;Jack Hawksworth;;GTD;;AIM Vasser Sullivan;Lexus;
14;2;125;53.000;0;;21.629;0;19.437;0;11.934;0;161.1;1:53:33.577;17:03:35.505;0:21.629;0:19.437;0:11.934;236.7;Jack Hawksworth;;GTD;;AIM Vasser Sullivan;Lexus;
14;2;126;53.023;0;;21.687;0;19.361;0;11.975;0;161.1;1:54:26.600;17:04:28.528;0:21.687;0:19.361;0:11.975;237.2;Jack Hawksworth;;GTD;;AIM Vasser Sullivan;Lexus;
14;2;127;53.144;0;;21.769;0;19.414;0;11.961;0;160.7;1:55:19.744;17:05:21.672;0:21.769;0:19.414;0:11.961;236.2;Jack Hawksworth;;GTD;;AIM Vasser Sullivan;Lexus;
14;2;128;52.942;0;;21.594;0;19.367;0;11.981;0;161.3;1:56:12.686;17:06:14.614;0:21.594;0:19.367;0:11.981;236.7;Jack Hawksworth;;GTD;;AIM Vasser Sullivan;Lexus;
14;2;129;53.688;0;;21.644;0;19.851;0;12.193;0;159.1;1:57:06.374;17:07:08.302;0:21.644;0:19.851;0:12.193;236.2;Jack Hawksworth;;GTD;;AIM Vasser Sullivan;Lexus;
14;2;130;53.266;0;;21.813;0;19.425;0;12.028;0;160.3;1:57:59.640;17:08:01.568;0:21.813;0:19.425;0:12.028;235.2;Jack Hawksworth;;GTD;;AIM Vasser Sullivan;Lexus;
14;2;131;53.209;0;;21.730;0;19.457;0;12.022;0;160.5;1:58:52.849;17:08:54.777;0:21.730;0:19.457;0:12.022;236.2;Jack Hawksworth;;GTD;;AIM Vasser Sullivan;Lexus;
14;2;132;53.290;0;;21.724;0;19.557;0;12.009;0;160.3;1:59:46.139;17:09:48.067;0:21.724;0:19.557;0:12.009;236.7;Jack Hawksworth;;GTD;;AIM Vasser Sullivan;Lexus;
14;2;133;53.637;0;;21.930;0;19.632;0;12.075;0;159.2;2:00:39.776;17:10:41.704;0:21.930;0:19.632;0:12.075;236.7;Jack Hawksworth;;GTD;;AIM Vasser Sullivan;Lexus;
14;2;134;53.341;0;;21.914;0;19.402;0;12.025;0;160.1;2:01:33.117;17:11:35.045;0:21.914;0:19.402;0:12.025;236.2;Jack Hawksworth;;GTD;;AIM Vasser Sullivan;Lexus;
14;2;135;53.049;0;;21.636;0;19.260;0;12.153;0;161.0;2:02:26.166;17:12:28.094;0:21.636;0:19.260;0:12.153;236.2;Jack Hawksworth;;GTD;;AIM Vasser Sullivan;Lexus;
14;2;136;53.157;0;;21.697;0;19.425;0;12.035;0;160.7;2:03:19.323;17:13:21.251;0:21.697;0:19.425;0:12.035;234.2;Jack Hawksworth;;GTD;;AIM Vasser Sullivan;Lexus;
14;2;137;53.941;0;;21.694;0;20.197;0;12.050;0;158.3;2:04:13.264;17:14:15.192;0:21.694;0:20.197;0:12.050;236.7;Jack Hawksworth;;GTD;;AIM Vasser Sullivan;Lexus;
14;2;138;53.445;0;;21.879;0;19.508;0;12.058;0;159.8;2:05:06.709;17:15:08.637;0:21.879;0:19.508;0:12.058;236.2;Jack Hawksworth;;GTD;;AIM Vasser Sullivan;Lexus;
14;2;139;53.698;0;;21.794;0;19.741;0;12.163;0;159.0;2:06:00.407;17:16:02.335;0:21.794;0:19.741;0:12.163;236.7;Jack Hawksworth;;GTD;;AIM Vasser Sullivan;Lexus;
14;2;140;53.579;0;;21.916;0;19.597;0;12.066;0;159.4;2:06:53.986;17:16:55.914;0:21.916;0:19.597;0:12.066;236.2;Jack Hawksworth;;GTD;;AIM Vasser Sullivan;Lexus;
14;2;141;53.551;0;;21.857;0;19.645;0;12.049;0;159.5;2:07:47.537;17:17:49.465;0:21.857;0:19.645;0:12.049;236.2;Jack Hawksworth;;GTD;;AIM Vasser Sullivan;Lexus;
14;2;142;53.369;0;;21.938;0;19.426;0;12.005;0;160.0;2:08:40.906;17:18:42.834;0:21.938;0:19.426;0:12.005;236.2;Jack Hawksworth;;GTD;;AIM Vasser Sullivan;Lexus;
14;2;143;54.651;0;;21.798;0;20.043;0;12.810;0;156.3;2:09:35.557;17:19:37.485;0:21.798;0:20.043;0:12.810;237.2;Jack Hawksworth;;GTD;;AIM Vasser Sullivan;Lexus;
14;2;144;54.511;0;;22.678;0;19.610;0;12.223;0;156.7;2:10:30.068;17:20:31.996;0:22.678;0:19.610;0:12.223;233.2;Jack Hawksworth;;GTD;;AIM Vasser Sullivan;Lexus;
14;2;145;54.104;0;;22.374;0;19.730;0;12.000;0;157.8;2:11:24.172;17:21:26.100;0:22.374;0:19.730;0:12.000;234.7;Jack Hawksworth;;GTD;;AIM Vasser Sullivan;Lexus;
14;2;146;53.941;0;;22.037;0;19.733;0;12.171;0;158.3;2:12:18.113;17:22:20.041;0:22.037;0:19.733;0:12.171;237.2;Jack Hawksworth;;GTD;;AIM Vasser Sullivan;Lexus;
14;2;147;54.090;0;;21.985;0;19.866;0;12.239;0;157.9;2:13:12.203;17:23:14.131;0:21.985;0:19.866;0:12.239;236.2;Jack Hawksworth;;GTD;;AIM Vasser Sullivan;Lexus;
14;2;148;53.745;0;;21.986;0;19.679;0;12.080;0;158.9;2:14:05.948;17:24:07.876;0:21.986;0:19.679;0:12.080;235.7;Jack Hawksworth;;GTD;;AIM Vasser Sullivan;Lexus;
14;2;149;53.700;0;;21.860;0;19.659;0;12.181;0;159.0;2:14:59.648;17:25:01.576;0:21.860;0:19.659;0:12.181;236.2;Jack Hawksworth;;GTD;;AIM Vasser Sullivan;Lexus;
14;2;150;53.493;0;;21.848;0;19.536;0;12.109;0;159.6;2:15:53.141;17:25:55.069;0:21.848;0:19.536;0:12.109;235.2;Jack Hawksworth;;GTD;;AIM Vasser Sullivan;Lexus;
14;2;151;53.574;0;;21.899;0;19.566;0;12.109;0;159.4;2:16:46.715;17:26:48.643;0:21.899;0:19.566;0:12.109;236.2;Jack Hawksworth;;GTD;;AIM Vasser Sullivan;Lexus;
14;2;152;53.516;0;;21.882;0;19.494;0;12.140;0;159.6;2:17:40.231;17:27:42.159;0:21.882;0:19.494;0:12.140;236.2;Jack Hawksworth;;GTD;;AIM Vasser Sullivan;Lexus;
14;2;153;54.455;0;;21.988;0;20.069;0;12.398;0;156.8;2:18:34.686;17:28:36.614;0:21.988;0:20.069;0:12.398;235.7;Jack Hawksworth;;GTD;;AIM Vasser Sullivan;Lexus;
14;2;154;54.086;0;;22.141;0;19.684;0;12.261;0;157.9;2:19:28.772;17:29:30.700;0:22.141;0:19.684;0:12.261;235.7;Jack Hawksworth;;GTD;;AIM Vasser Sullivan;Lexus;
14;2;155;54.610;0;;22.690;0;19.697;0;12.223;0;156.4;2:20:23.382;17:30:25.310;0:22.690;0:19.697;0:12.223;235.2;Jack Hawksworth;;GTD;;AIM Vasser Sullivan;Lexus;
14;2;156;54.230;0;;22.139;0;19.895;0;12.196;0;157.5;2:21:17.612;17:31:19.540;0:22.139;0:19.895;0:12.196;235.2;Jack Hawksworth;;GTD;;AIM Vasser Sullivan;Lexus;
14;2;157;53.401;0;;21.862;0;19.442;0;12.097;0;159.9;2:22:11.013;17:32:12.941;0:21.862;0:19.442;0:12.097;236.7;Jack Hawksworth;;GTD;;AIM Vasser Sullivan;Lexus;
14;2;158;53.806;0;;21.985;0;19.772;0;12.049;0;158.7;2:23:04.819;17:33:06.747;0:21.985;0:19.772;0:12.049;236.7;Jack Hawksworth;;GTD;;AIM Vasser Sullivan;Lexus;
14;2;159;53.958;0;;22.216;0;19.582;0;12.160;0;158.3;2:23:58.777;17:34:00.705;0:22.216;0:19.582;0:12.160;237.2;Jack Hawksworth;;GTD;;AIM Vasser Sullivan;Lexus;
14;2;160;53.882;0;;22.017;0;19.677;0;12.188;0;158.5;2:24:52.659;17:34:54.587;0:22.017;0:19.677;0:12.188;236.2;Jack Hawksworth;;GTD;;AIM Vasser Sullivan;Lexus;
14;2;161;53.760;0;;22.079;0;19.549;0;12.132;0;158.9;2:25:46.419;17:35:48.347;0:22.079;0:19.549;0:12.132;235.2;Jack Hawksworth;;GTD;;AIM Vasser Sullivan;Lexus;
14;2;162;53.959;0;;22.023;0;19.808;0;12.128;0;158.3;2:26:40.378;17:36:42.306;0:22.023;0:19.808;0:12.128;236.7;Jack Hawksworth;;GTD;;AIM Vasser Sullivan;Lexus;
14;2;163;54.435;0;;22.237;0;19.919;0;12.279;0;156.9;2:27:34.813;17:37:36.741;0:22.237;0:19.919;0:12.279;237.2;Jack Hawksworth;;GTD;;AIM Vasser Sullivan;Lexus;
14;2;164;55.592;0;;23.086;0;20.169;0;12.337;0;153.6;2:28:30.405;17:38:32.333;0:23.086;0:20.169;0:12.337;235.2;Jack Hawksworth;;GTD;;AIM Vasser Sullivan;Lexus;
14;2;165;54.739;0;;22.295;0;20.057;0;12.387;0;156.0;2:29:25.144;17:39:27.072;0:22.295;0:20.057;0:12.387;234.7;Jack Hawksworth;;GTD;;AIM Vasser Sullivan;Lexus;
14;2;166;54.834;0;;22.640;0;19.923;0;12.271;0;155.7;2:30:19.978;17:40:21.906;0:22.640;0:19.923;0:12.271;233.7;Jack Hawksworth;;GTD;;AIM Vasser Sullivan;Lexus;
14;2;167;54.315;0;;22.334;0;19.811;0;12.170;0;157.2;2:31:14.293;17:41:16.221;0:22.334;0:19.811;0:12.170;235.2;Jack Hawksworth;;GTD;;AIM Vasser Sullivan;Lexus;
14;2;168;53.919;0;;22.144;0;19.611;0;12.164;0;158.4;2:32:08.212;17:42:10.140;0:22.144;0:19.611;0:12.164;235.7;Jack Hawksworth;;GTD;;AIM Vasser Sullivan;Lexus;
14;2;169;54.016;0;;22.138;0;19.721;0;12.157;0;158.1;2:33:02.228;17:43:04.156;0:22.138;0:19.721;0:12.157;236.7;Jack Hawksworth;;GTD;;AIM Vasser Sullivan;Lexus;
14;2;170;53.985;0;;21.951;0;19.783;0;12.251;0;158.2;2:33:56.213;17:43:58.141;0:21.951;0:19.783;0:12.251;236.7;Jack Hawksworth;;GTD;;AIM Vasser Sullivan;Lexus;
14;2;171;54.230;0;;22.214;0;19.763;0;12.253;0;157.5;2:34:50.443;17:44:52.371;0:22.214;0:19.763;0:12.253;236.2;Jack Hawksworth;;GTD;;AIM Vasser Sullivan;Lexus;
14;2;172;54.355;0;;22.233;0;19.883;0;12.239;0;157.1;2:35:44.798;17:45:46.726;0:22.233;0:19.883;0:12.239;236.2;Jack Hawksworth;;GTD;;AIM Vasser Sullivan;Lexus;
14;2;173;54.811;0;;22.584;0;19.969;0;12.258;0;155.8;2:36:39.609;17:46:41.537;0:22.584;0:19.969;0:12.258;236.7;Jack Hawksworth;;GTD;;AIM Vasser Sullivan;Lexus;
14;2;174;55.561;0;;22.905;0;20.198;0;12.458;0;153.7;2:37:35.170;17:47:37.098;0:22.905;0:20.198;0:12.458;236.7;Jack Hawksworth;;GTD;;AIM Vasser Sullivan;Lexus;
14;2;175;54.385;0;;22.272;0;19.833;0;12.280;0;157.0;2:38:29.555;17:48:31.483;0:22.272;0:19.833;0:12.280;234.7;Jack Hawksworth;;GTD;;AIM Vasser Sullivan;Lexus;
14;2;176;55.856;0;;22.437;0;20.409;0;13.010;0;152.9;2:39:25.411;17:49:27.339;0:22.437;0:20.409;0:13.010;235.2;Jack Hawksworth;;GTD;;AIM Vasser Sullivan;Lexus;
14;2;177;55.331;0;;22.542;0;20.262;0;12.527;0;154.3;2:40:20.742;17:50:22.670;0:22.542;0:20.262;0:12.527;230.3;Jack Hawksworth;;GTD;;AIM Vasser Sullivan;Lexus;
24;2;1;55.920;0;;24.656;0;19.263;0;12.001;0;152.7;55.920;15:10:57.848;0:24.656;0:19.263;0:12.001;229.8;John Edwards;;GTLM;;BMW Team RLL;BMW;
24;2;2;52.366;0;;21.436;0;19.077;0;11.853;0;163.1;1:48.286;15:11:50.214;0:21.436;0:19.077;0:11.853;242.3;John Edwards;;GTLM;;BMW Team RLL;BMW;
24;2;3;51.923;0;;21.340;0;18.828;0;11.755;0;164.5;2:40.209;15:12:42.137;0:21.340;0:18.828;0:11.755;241.3;John Edwards;;GTLM;;BMW Team RLL;BMW;
24;2;4;51.655;0;;21.279;0;18.690;0;11.686;0;165.3;3:31.864;15:13:33.792;0:21.279;0:18.690;0:11.686;241.8;John Edwards;;GTLM;;BMW Team RLL;BMW;
24;2;5;51.468;0;;21.120;0;18.681;0;11.667;1;165.9;4:23.332;15:14:25.260;0:21.120;0:18.681;0:11.667;244.4;John Edwards;;GTLM;;BMW Team RLL;BMW;
24;2;6;51.317;2;;21.069;2;18.531;2;11.717;0;166.4;5:14.649;15:15:16.577;0:21.069;0:18.531;0:11.717;243.9;John Edwards;;GTLM;;BMW Team RLL;BMW;
24;2;7;51.356;0;;21.089;0;18.562;0;11.705;0;166.3;6:06.005;15:16:07.933;0:21.089;0:18.562;0:11.705;244.4;John Edwards;;GTLM;;BMW Team RLL;BMW;
24;2;8;51.393;0;;21.082;0;18.588;0;11.723;0;166.2;6:57.398;15:16:59.326;0:21.082;0:18.588;0:11.723;243.4;John Edwards;;GTLM;;BMW Team RLL;BMW;
24;2;9;51.478;0;;21.135;0;18.650;0;11.693;0;165.9;7:48.876;15:17:50.804;0:21.135;0:18.650;0:11.693;243.4;John Edwards;;GTLM;;BMW Team RLL;BMW;
24;2;10;51.426;0;;21.143;0;18.574;0;11.709;0;166.1;8:40.302;15:18:42.230;0:21.143;0:18.574;0:11.709;244.4;John Edwards;;GTLM;;BMW Team RLL;BMW;
24;2;11;51.601;0;;21.183;0;18.691;0;11.727;0;165.5;9:31.903;15:19:33.831;0:21.183;0:18.691;0:11.727;243.9;John Edwards;;GTLM;;BMW Team RLL;BMW;
24;2;12;51.623;0;;21.199;0;18.664;0;11.760;0;165.4;10:23.526;15:20:25.454;0:21.199;0:18.664;0:11.760;243.4;John Edwards;;GTLM;;BMW Team RLL;BMW;
24;2;13;51.681;0;;21.257;0;18.702;0;11.722;0;165.2;11:15.207;15:21:17.135;0:21.257;0:18.702;0:11.722;243.4;John Edwards;;GTLM;;BMW Team RLL;BMW;
24;2;14;51.598;0;;21.224;0;18.623;0;11.751;0;165.5;12:06.805;15:22:08.733;0:21.224;0:18.623;0:11.751;243.9;John Edwards;;GTLM;;BMW Team RLL;BMW;
24;2;15;51.939;0;;21.367;0;18.765;0;11.807;0;164.4;12:58.744;15:23:00.672;0:21.367;0:18.765;0:11.807;242.8;John Edwards;;GTLM;;BMW Team RLL;BMW;
24;2;16;51.854;0;;21.325;0;18.718;0;11.811;0;164.7;13:50.598;15:23:52.526;0:21.325;0:18.718;0:11.811;242.3;John Edwards;;GTLM;;BMW Team RLL;BMW;
24;2;17;52.064;0;;21.403;0;18.809;0;11.852;0;164.0;14:42.662;15:24:44.590;0:21.403;0:18.809;0:11.852;242.3;John Edwards;;GTLM;;BMW Team RLL;BMW;
24;2;18;51.878;0;;21.349;0;18.700;0;11.829;0;164.6;15:34.540;15:25:36.468;0:21.349;0:18.700;0:11.829;241.3;John Edwards;;GTLM;;BMW Team RLL;BMW;
24;2;19;52.049;0;;21.399;0;18.779;0;11.871;0;164.1;16:26.589;15:26:28.517;0:21.399;0:18.779;0:11.871;241.3;John Edwards;;GTLM;;BMW Team RLL;BMW;
24;2;20;52.150;0;;21.542;0;18.744;0;11.864;0;163.8;17:18.739;15:27:20.667;0:21.542;0:18.744;0:11.864;240.7;John Edwards;;GTLM;;BMW Team RLL;BMW;
24;2;21;52.529;0;;21.581;0;19.015;0;11.933;0;162.6;18:11.268;15:28:13.196;0:21.581;0:19.015;0:11.933;240.7;John Edwards;;GTLM;;BMW Team RLL;BMW;
24;2;22;52.581;0;;21.587;0;19.014;0;11.980;0;162.4;19:03.849;15:29:05.777;0:21.587;0:19.014;0:11.980;240.7;John Edwards;;GTLM;;BMW Team RLL;BMW;
24;2;23;52.838;0;;21.718;0;19.072;0;12.048;0;161.6;19:56.687;15:29:58.615;0:21.718;0:19.072;0:12.048;240.7;John Edwards;;GTLM;;BMW Team RLL;BMW;
24;2;24;52.893;0;;21.873;0;19.019;0;12.001;0;161.5;20:49.580;15:30:51.508;0:21.873;0:19.019;0:12.001;241.3;John Edwards;;GTLM;;BMW Team RLL;BMW;
24;2;25;53.145;0;;21.930;0;19.142;0;12.073;0;160.7;21:42.725;15:31:44.653;0:21.930;0:19.142;0:12.073;240.7;John Edwards;;GTLM;;BMW Team RLL;BMW;
24;2;26;53.717;0;;21.951;0;19.469;0;12.297;0;159.0;22:36.442;15:32:38.370;0:21.951;0:19.469;0:12.297;241.3;John Edwards;;GTLM;;BMW Team RLL;BMW;
24;2;27;55.167;0;;22.146;0;20.823;0;12.198;0;154.8;23:31.609;15:33:33.537;0:22.146;0:20.823;0:12.198;238.7;John Edwards;;GTLM;;BMW Team RLL;BMW;
24;2;28;53.568;0;;22.158;0;19.203;0;12.207;0;159.4;24:25.177;15:34:27.105;0:22.158;0:19.203;0:12.207;238.7;John Edwards;;GTLM;;BMW Team RLL;BMW;
24;2;29;53.444;0;;22.121;0;19.155;0;12.168;0;159.8;25:18.621;15:35:20.549;0:22.121;0:19.155;0:12.168;238.7;John Edwards;;GTLM;;BMW Team RLL;BMW;
24;2;30;53.832;0;;22.332;0;19.290;0;12.210;0;158.6;26:12.453;15:36:14.381;0:22.332;0:19.290;0:12.210;239.7;John Edwards;;GTLM;;BMW Team RLL;BMW;
24;2;31;54.081;0;;22.328;0;19.395;0;12.358;0;157.9;27:06.534;15:37:08.462;0:22.328;0:19.395;0:12.358;239.7;John Edwards;;GTLM;;BMW Team RLL;BMW;
24;2;32;54.801;0;;22.438;0;19.975;0;12.388;0;155.8;28:01.335;15:38:03.263;0:22.438;0:19.975;0:12.388;238.2;John Edwards;;GTLM;;BMW Team RLL;BMW;
24;2;33;54.894;0;;22.769;0;19.517;0;12.608;0;155.6;28:56.229;15:38:58.157;0:22.769;0:19.517;0:12.608;236.7;John Edwards;;GTLM;;BMW Team RLL;BMW;
24;2;34;54.831;0;;22.767;0;19.621;0;12.443;0;155.7;29:51.060;15:39:52.988;0:22.767;0:19.621;0:12.443;233.7;John Edwards;;GTLM;;BMW Team RLL;BMW;
24;2;35;55.349;0;;23.035;0;19.667;0;12.647;0;154.3;30:46.409;15:40:48.337;0:23.035;0:19.667;0:12.647;238.2;John Edwards;;GTLM;;BMW Team RLL;BMW;
24;2;36;55.287;0;;23.021;0;19.720;0;12.546;0;154.5;31:41.696;15:41:43.624;0:23.021;0:19.720;0:12.546;233.7;John Edwards;;GTLM;;BMW Team RLL;BMW;
24;2;37;56.782;0;;23.470;0;20.507;0;12.805;0;150.4;32:38.478;15:42:40.406;0:23.470;0:20.507;0:12.805;236.2;John Edwards;;GTLM;;BMW Team RLL;BMW;
24;2;38;59.633;0;;23.357;0;23.493;0;12.783;0;143.2;33:38.111;15:43:40.039;0:23.357;0:23.493;0:12.783;233.7;John Edwards;;GTLM;;BMW Team RLL;BMW;
24;2;39;56.442;0;;23.532;0;20.100;0;12.810;0;151.3;34:34.553;15:44:36.481;0:23.532;0:20.100;0:12.810;234.2;John Edwards;;GTLM;;BMW Team RLL;BMW;
24;2;40;1:35.330;0;B;23.576;0;21.580;0;50.174;0;89.6;36:09.883;15:46:11.811;0:23.576;0:21.580;0:50.174;233.7;John Edwards;;GTLM;;BMW Team RLL;BMW;
24;1;41;1:00.309;0;;29.589;0;18.882;0;11.838;0;141.6;37:10.192;15:47:12.120;0:29.589;0:18.882;0:11.838;;Jesse Krohn;0:00:44.269;GTLM;;BMW Team RLL;BMW;
24;1;42;53.211;0;;21.539;0;19.517;0;12.155;0;160.5;38:03.403;15:48:05.331;0:21.539;0:19.517;0:12.155;238.2;Jesse Krohn;;GTLM;;BMW Team RLL;BMW;
24;1;43;51.797;0;;21.343;0;18.756;0;11.698;0;164.9;38:55.200;15:48:57.128;0:21.343;0:18.756;0:11.698;240.7;Jesse Krohn;;GTLM;;BMW Team RLL;BMW;
24;1;44;51.795;0;;21.223;0;18.759;0;11.813;0;164.9;39:46.995;15:49:48.923;0:21.223;0:18.759;0:11.813;242.8;Jesse Krohn;;GTLM;;BMW Team RLL;BMW;
24;1;45;53.397;0;;22.070;0;19.425;0;11.902;0;159.9;40:40.392;15:50:42.320;0:22.070;0:19.425;0:11.902;242.3;Jesse Krohn;;GTLM;;BMW Team RLL;BMW;
24;1;46;51.720;0;;21.363;0;18.703;0;11.654;0;165.1;41:32.112;15:51:34.040;0:21.363;0:18.703;0:11.654;240.7;Jesse Krohn;;GTLM;;BMW Team RLL;BMW;
24;1;47;51.678;0;;21.183;0;18.678;0;11.817;0;165.3;42:23.790;15:52:25.718;0:21.183;0:18.678;0:11.817;243.4;Jesse Krohn;;GTLM;;BMW Team RLL;BMW;
24;1;48;52.348;0;;21.569;0;18.912;0;11.867;0;163.1;43:16.138;15:53:18.066;0:21.569;0:18.912;0:11.867;241.8;Jesse Krohn;;GTLM;;BMW Team RLL;BMW;
24;1;49;51.670;0;;21.211;0;18.642;0;11.817;0;165.3;44:07.808;15:54:09.736;0:21.211;0:18.642;0:11.817;242.8;Jesse Krohn;;GTLM;;BMW Team RLL;BMW;
24;1;50;51.749;0;;21.177;0;18.757;0;11.815;0;165.0;44:59.557;15:55:01.485;0:21.177;0:18.757;0:11.815;242.3;Jesse Krohn;;GTLM;;BMW Team RLL;BMW;
24;1;51;51.905;0;;21.324;0;18.758;0;11.823;0;164.5;45:51.462;15:55:53.390;0:21.324;0:18.758;0:11.823;243.4;Jesse Krohn;;GTLM;;BMW Team RLL;BMW;
24;1;52;51.787;0;;21.169;1;18.779;0;11.839;0;164.9;46:43.249;15:56:45.177;0:21.169;0:18.779;0:11.839;242.8;Jesse Krohn;;GTLM;;BMW Team RLL;BMW;
24;1;53;52.137;0;;21.735;0;18.662;0;11.740;0;163.8;47:35.386;15:57:37.314;0:21.735;0:18.662;0:11.740;241.3;Jesse Krohn;;GTLM;;BMW Team RLL;BMW;
24;1;54;51.996;0;;21.331;0;18.769;0;11.896;0;164.2;48:27.382;15:58:29.310;0:21.331;0:18.769;0:11.896;243.9;Jesse Krohn;;GTLM;;BMW Team RLL;BMW;
24;1;55;52.278;0;;21.503;0;18.935;0;11.840;0;163.4;49:19.660;15:59:21.588;0:21.503;0:18.935;0:11.840;242.8;Jesse Krohn;;GTLM;;BMW Team RLL;BMW;
24;1;56;52.840;0;;21.513;0;19.278;0;12.049;0;161.6;50:12.500;16:00:14.428;0:21.513;0:19.278;0:12.049;247.7;Jesse Krohn;;GTLM;;BMW Team RLL;BMW;
24;1;57;51.834;0;;21.439;0;18.666;0;11.729;0;164.8;51:04.334;16:01:06.262;0:21.439;0:18.666;0:11.729;242.3;Jesse Krohn;;GTLM;;BMW Team RLL;BMW;
24;1;58;51.903;0;;21.349;0;18.747;0;11.807;0;164.5;51:56.237;16:01:58.165;0:21.349;0:18.747;0:11.807;247.7;Jesse Krohn;;GTLM;;BMW Team RLL;BMW;
24;1;59;51.713;0;;21.237;0;18.646;0;11.830;0;165.1;52:47.950;16:02:49.878;0:21.237;0:18.646;0:11.830;240.7;Jesse Krohn;;GTLM;;BMW Team RLL;BMW;
24;1;60;51.729;0;;21.364;0;18.622;0;11.743;0;165.1;53:39.679;16:03:41.607;0:21.364;0:18.622;0:11.743;242.3;Jesse Krohn;;GTLM;;BMW Team RLL;BMW;
24;1;61;51.946;0;;21.316;0;18.938;0;11.692;0;164.4;54:31.625;16:04:33.553;0:21.316;0:18.938;0:11.692;244.4;Jesse Krohn;;GTLM;;BMW Team RLL;BMW;
24;1;62;51.682;0;;21.221;0;18.663;0;11.798;0;165.2;55:23.307;16:05:25.235;0:21.221;0:18.663;0:11.798;250.5;Jesse Krohn;;GTLM;;BMW Team RLL;BMW;
24;1;63;51.695;0;;21.183;0;18.701;0;11.811;0;165.2;56:15.002;16:06:16.930;0:21.183;0:18.701;0:11.811;243.9;Jesse Krohn;;GTLM;;BMW Team RLL;BMW;
24;1;64;51.829;0;;21.353;0;18.676;0;11.800;0;164.8;57:06.831;16:07:08.759;0:21.353;0:18.676;0:11.800;247.7;Jesse Krohn;;GTLM;;BMW Team RLL;BMW;
24;1;65;51.734;0;;21.277;0;18.663;0;11.794;0;165.1;57:58.565;16:08:00.493;0:21.277;0:18.663;0:11.794;242.8;Jesse Krohn;;GTLM;;BMW Team RLL;BMW;
24;1;66;51.729;0;;21.187;0;18.711;0;11.831;0;165.1;58:50.294;16:08:52.222;0:21.187;0:18.711;0:11.831;242.3;Jesse Krohn;;GTLM;;BMW Team RLL;BMW;
24;1;67;51.853;0;;21.235;0;18.751;0;11.867;0;164.7;59:42.147;16:09:44.075;0:21.235;0:18.751;0:11.867;241.3;Jesse Krohn;;GTLM;;BMW Team RLL;BMW;
24;1;68;51.824;0;;21.271;0;18.805;0;11.748;0;164.8;1:00:33.971;16:10:35.899;0:21.271;0:18.805;0:11.748;241.8;Jesse Krohn;;GTLM;;BMW Team RLL;BMW;
24;1;69;51.771;0;;21.233;0;18.712;0;11.826;0;165.0;1:01:25.742;16:11:27.670;0:21.233;0:18.712;0:11.826;242.3;Jesse Krohn;;GTLM;;BMW Team RLL;BMW;
24;1;70;52.305;0;;21.229;0;19.030;0;12.046;0;163.3;1:02:18.047;16:12:19.975;0:21.229;0:19.030;0:12.046;241.8;Jesse Krohn;;GTLM;;BMW Team RLL;BMW;
24;1;71;51.808;0;;21.258;0;18.796;0;11.754;0;164.8;1:03:09.855;16:13:11.783;0:21.258;0:18.796;0:11.754;241.3;Jesse Krohn;;GTLM;;BMW Team RLL;BMW;
24;1;72;51.857;0;;21.284;0;18.697;0;11.876;0;164.7;1:04:01.712;16:14:03.640;0:21.284;0:18.697;0:11.876;242.8;Jesse Krohn;;GTLM;;BMW Team RLL;BMW;
24;1;73;51.864;0;;21.276;0;18.754;0;11.834;0;164.7;1:04:53.576;16:14:55.504;0:21.276;0:18.754;0:11.834;241.8;Jesse Krohn;;GTLM;;BMW Team RLL;BMW;
24;1;74;52.086;0;;21.342;0;18.928;0;11.816;0;164.0;1:05:45.662;16:15:47.590;0:21.342;0:18.928;0:11.816;242.3;Jesse Krohn;;GTLM;;BMW Team RLL;BMW;
24;1;75;51.978;0;;21.350;0;18.794;0;11.834;0;164.3;1:06:37.640;16:16:39.568;0:21.350;0:18.794;0:11.834;242.8;Jesse Krohn;;GTLM;;BMW Team RLL;BMW;
24;1;76;52.339;0;;21.392;0;19.084;0;11.863;0;163.2;1:07:29.979;16:17:31.907;0:21.392;0:19.084;0:11.863;245.5;Jesse Krohn;;GTLM;;BMW Team RLL;BMW;
24;1;77;52.031;0;;21.378;0;18.842;0;11.811;0;164.1;1:08:22.010;16:18:23.938;0:21.378;0:18.842;0:11.811;247.7;Jesse Krohn;;GTLM;;BMW Team RLL;BMW;
24;1;78;51.920;0;;21.264;0;18.776;0;11.880;0;164.5;1:09:13.930;16:19:15.858;0:21.264;0:18.776;0:11.880;242.8;Jesse Krohn;;GTLM;;BMW Team RLL;BMW;
24;1;79;52.113;0;;21.415;0;18.815;0;11.883;0;163.9;1:10:06.043;16:20:07.971;0:21.415;0:18.815;0:11.883;241.8;Jesse Krohn;;GTLM;;BMW Team RLL;BMW;
24;1;80;52.120;0;;21.385;0;18.828;0;11.907;0;163.8;1:10:58.163;16:21:00.091;0:21.385;0:18.828;0:11.907;242.3;Jesse Krohn;;GTLM;;BMW Team RLL;BMW;
24;1;81;52.130;0;;21.371;0;18.898;0;11.861;0;163.8;1:11:50.293;16:21:52.221;0:21.371;0:18.898;0:11.861;241.8;Jesse Krohn;;GTLM;;BMW Team RLL;BMW;
24;1;82;52.271;0;;21.388;0;18.946;0;11.937;0;163.4;1:12:42.564;16:22:44.492;0:21.388;0:18.946;0:11.937;242.8;Jesse Krohn;;GTLM;;BMW Team RLL;BMW;
24;1;83;52.259;0;;21.468;0;18.931;0;11.860;0;163.4;1:13:34.823;16:23:36.751;0:21.468;0:18.931;0:11.860;241.3;Jesse Krohn;;GTLM;;BMW Team RLL;BMW;
24;1;84;52.064;0;;21.436;0;18.794;0;11.834;0;164.0;1:14:26.887;16:24:28.815;0:21.436;0:18.794;0:11.834;243.9;Jesse Krohn;;GTLM;;BMW Team RLL;BMW;
24;1;85;52.181;0;;21.410;0;18.888;0;11.883;0;163.7;1:15:19.068;16:25:20.996;0:21.410;0:18.888;0:11.883;243.4;Jesse Krohn;;GTLM;;BMW Team RLL;BMW;
24;1;86;52.237;0;;21.463;0;18.892;0;11.882;0;163.5;1:16:11.305;16:26:13.233;0:21.463;0:18.892;0:11.882;242.8;Jesse Krohn;;GTLM;;BMW Team RLL;BMW;
24;1;87;52.450;0;;21.531;0;19.061;0;11.858;0;162.8;1:17:03.755;16:27:05.683;0:21.531;0:19.061;0:11.858;243.4;Jesse Krohn;;GTLM;;BMW Team RLL;BMW;
24;1;88;52.496;0;;21.504;0;19.000;0;11.992;0;162.7;1:17:56.251;16:27:58.179;0:21.504;0:19.000;0:11.992;243.4;Jesse Krohn;;GTLM;;BMW Team RLL;BMW;
24;1;89;52.316;0;;21.476;0;18.912;0;11.928;0;163.2;1:18:48.567;16:28:50.495;0:21.476;0:18.912;0:11.928;241.8;Jesse Krohn;;GTLM;;BMW Team RLL;BMW;
24;1;90;52.403;0;;21.664;0;18.854;0;11.885;0;163.0;1:19:40.970;16:29:42.898;0:21.664;0:18.854;0:11.885;242.8;Jesse Krohn;;GTLM;;BMW Team RLL;BMW;
24;1;91;52.556;0;;21.595;0;19.065;0;11.896;0;162.5;1:20:33.526;16:30:35.454;0:21.595;0:19.065;0:11.896;242.8;Jesse Krohn;;GTLM;;BMW Team RLL;BMW;
24;1;92;52.875;0;;21.737;0;19.137;0;12.001;0;161.5;1:21:26.401;16:31:28.329;0:21.737;0:19.137;0:12.001;243.4;Jesse Krohn;;GTLM;;BMW Team RLL;BMW;
24;1;93;53.371;0;;21.984;0;19.324;0;12.063;0;160.0;1:22:19.772;16:32:21.700;0:21.984;0:19.324;0:12.063;242.3;Jesse Krohn;;GTLM;;BMW Team RLL;BMW;
24;1;94;53.448;0;;22.156;0;19.204;0;12.088;0;159.8;1:23:13.220;16:33:15.148;0:22.156;0:19.204;0:12.088;243.4;Jesse Krohn;;GTLM;;BMW Team RLL;BMW;
24;1;95;53.772;0;;22.337;0;19.274;0;12.161;0;158.8;1:24:06.992;16:34:08.920;0:22.337;0:19.274;0:12.161;241.8;Jesse Krohn;;GTLM;;BMW Team RLL;BMW;
24;1;96;1:28.321;0;B;22.094;0;19.235;0;46.992;0;96.7;1:25:35.313;16:35:37.241;0:22.094;0:19.235;0:46.992;241.3;Jesse Krohn;;GTLM;;BMW Team RLL;BMW;
24;1;97;1:00.886;0;;29.927;0;19.016;0;11.943;0;140.3;1:26:36.199;16:36:38.127;0:29.927;0:19.016;0:11.943;;Jesse Krohn;0:00:42.290;GTLM;;BMW Team RLL;BMW;
24;1;98;53.679;0;;22.056;0;19.529;0;12.094;0;159.1;1:27:29.878;16:37:31.806;0:22.056;0:19.529;0:12.094;243.4;Jesse Krohn;;GTLM;;BMW Team RLL;BMW;
24;1;99;53.025;0;;21.769;0;19.268;0;11.988;0;161.1;1:28:22.903;16:38:24.831;0:21.769;0:19.268;0:11.988;243.4;Jesse Krohn;;GTLM;;BMW Team RLL;BMW;
24;1;100;52.824;0;;21.892;0;19.049;0;11.883;0;161.7;1:29:15.727;16:39:17.655;0:21.892;0:19.049;0:11.883;240.7;Jesse Krohn;;GTLM;;BMW Team RLL;BMW;
24;1;101;52.023;0;;21.514;0;18.679;0;11.830;0;164.2;1:30:07.750;16:40:09.678;0:21.514;0:18.679;0:11.830;240.7;Jesse Krohn;;GTLM;;BMW Team RLL;BMW;
24;1;102;51.977;0;;21.520;0;18.760;0;11.697;0;164.3;1:30:59.727;16:41:01.655;0:21.520;0:18.760;0:11.697;241.8;Jesse Krohn;;GTLM;;BMW Team RLL;BMW;
24;1;103;51.933;0;;21.457;0;18.742;0;11.734;0;164.4;1:31:51.660;16:41:53.588;0:21.457;0:18.742;0:11.734;243.4;Jesse Krohn;;GTLM;;BMW Team RLL;BMW;
24;1;104;52.247;0;;21.448;0;19.012;0;11.787;0;163.5;1:32:43.907;16:42:45.835;0:21.448;0:19.012;0:11.787;243.9;Jesse Krohn;;GTLM;;BMW Team RLL;BMW;
24;1;105;51.719;0;;21.193;0;18.730;0;11.796;0;165.1;1:33:35.626;16:43:37.554;0:21.193;0:18.730;0:11.796;243.4;Jesse Krohn;;GTLM;;BMW Team RLL;BMW;
24;1;106;52.268;0;;21.647;0;18.871;0;11.750;0;163.4;1:34:27.894;16:44:29.822;0:21.647;0:18.871;0:11.750;242.8;Jesse Krohn;;GTLM;;BMW Team RLL;BMW;
24;1;107;51.693;0;;21.261;0;18.782;0;11.650;2;165.2;1:35:19.587;16:45:21.515;0:21.261;0:18.782;0:11.650;243.4;Jesse Krohn;;GTLM;;BMW Team RLL;BMW;
24;1;108;51.816;0;;21.209;0;18.716;0;11.891;0;164.8;1:36:11.403;16:46:13.331;0:21.209;0:18.716;0:11.891;243.9;Jesse Krohn;;GTLM;;BMW Team RLL;BMW;
24;1;109;51.722;0;;21.183;0;18.816;0;11.723;0;165.1;1:37:03.125;16:47:05.053;0:21.183;0:18.816;0:11.723;242.3;Jesse Krohn;;GTLM;;BMW Team RLL;BMW;
24;1;110;51.723;0;;21.242;0;18.726;0;11.755;0;165.1;1:37:54.848;16:47:56.776;0:21.242;0:18.726;0:11.755;244.4;Jesse Krohn;;GTLM;;BMW Team RLL;BMW;
24;1;111;51.784;0;;21.289;0;18.699;0;11.796;0;164.9;1:38:46.632;16:48:48.560;0:21.289;0:18.699;0:11.796;242.8;Jesse Krohn;;GTLM;;BMW Team RLL;BMW;
24;1;112;51.839;0;;21.206;0;18.730;0;11.903;0;164.7;1:39:38.471;16:49:40.399;0:21.206;0:18.730;0:11.903;243.4;Jesse Krohn;;GTLM;;BMW Team RLL;BMW;
24;1;113;52.495;0;;21.535;0;19.073;0;11.887;0;162.7;1:40:30.966;16:50:32.894;0:21.535;0:19.073;0:11.887;242.3;Jesse Krohn;;GTLM;;BMW Team RLL;BMW;
24;1;114;52.134;0;;21.431;0;18.846;0;11.857;0;163.8;1:41:23.100;16:51:25.028;0:21.431;0:18.846;0:11.857;247.2;Jesse Krohn;;GTLM;;BMW Team RLL;BMW;
24;1;115;52.198;0;;21.547;0;18.811;0;11.840;0;163.6;1:42:15.298;16:52:17.226;0:21.547;0:18.811;0:11.840;247.2;Jesse Krohn;;GTLM;;BMW Team RLL;BMW;
24;1;116;51.920;0;;21.423;0;18.741;0;11.756;0;164.5;1:43:07.218;16:53:09.146;0:21.423;0:18.741;0:11.756;242.3;Jesse Krohn;;GTLM;;BMW Team RLL;BMW;
24;1;117;51.660;0;;21.286;0;18.715;0;11.659;0;165.3;1:43:58.878;16:54:00.806;0:21.286;0:18.715;0:11.659;242.8;Jesse Krohn;;GTLM;;BMW Team RLL;BMW;
24;1;118;51.821;0;;21.395;0;18.749;0;11.677;0;164.8;1:44:50.699;16:54:52.627;0:21.395;0:18.749;0:11.677;248.8;Jesse Krohn;;GTLM;;BMW Team RLL;BMW;
24;1;119;51.757;0;;21.290;0;18.736;0;11.731;0;165.0;1:45:42.456;16:55:44.384;0:21.290;0:18.736;0:11.731;243.4;Jesse Krohn;;GTLM;;BMW Team RLL;BMW;
24;1;120;51.696;0;;21.227;0;18.672;0;11.797;0;165.2;1:46:34.152;16:56:36.080;0:21.227;0:18.672;0:11.797;243.4;Jesse Krohn;;GTLM;;BMW Team RLL;BMW;
24;1;121;52.178;0;;21.345;0;18.799;0;12.034;0;163.7;1:47:26.330;16:57:28.258;0:21.345;0:18.799;0:12.034;242.8;Jesse Krohn;;GTLM;;BMW Team RLL;BMW;
24;1;122;51.646;0;;21.268;0;18.590;1;11.788;0;165.4;1:48:17.976;16:58:19.904;0:21.268;0:18.590;0:11.788;244.4;Jesse Krohn;;GTLM;;BMW Team RLL;BMW;
24;1;123;52.010;0;;21.299;0;18.838;0;11.873;0;164.2;1:49:09.986;16:59:11.914;0:21.299;0:18.838;0:11.873;242.8;Jesse Krohn;;GTLM;;BMW Team RLL;BMW;
24;1;124;51.648;0;;21.280;0;18.657;0;11.711;0;165.3;1:50:01.634;17:00:03.562;0:21.280;0:18.657;0:11.711;242.8;Jesse Krohn;;GTLM;;BMW Team RLL;BMW;
24;1;125;52.147;0;;21.359;0;18.982;0;11.806;0;163.8;1:50:53.781;17:00:55.709;0:21.359;0:18.982;0:11.806;244.4;Jesse Krohn;;GTLM;;BMW Team RLL;BMW;
24;1;126;51.784;0;;21.284;0;18.729;0;11.771;0;164.9;1:51:45.565;17:01:47.493;0:21.284;0:18.729;0:11.771;242.3;Jesse Krohn;;GTLM;;BMW Team RLL;BMW;
24;1;127;51.847;0;;21.277;0;18.726;0;11.844;0;164.7;1:52:37.412;17:02:39.340;0:21.277;0:18.726;0:11.844;242.8;Jesse Krohn;;GTLM;;BMW Team RLL;BMW;
24;1;128;51.801;0;;21.295;0;18.734;0;11.772;0;164.9;1:53:29.213;17:03:31.141;0:21.295;0:18.734;0:11.772;241.8;Jesse Krohn;;GTLM;;BMW Team RLL;BMW;
24;1;129;51.817;0;;21.357;0;18.690;0;11.770;0;164.8;1:54:21.030;17:04:22.958;0:21.357;0:18.690;0:11.770;243.4;Jesse Krohn;;GTLM;;BMW Team RLL;BMW;
24;1;130;52.025;0;;21.429;0;18.786;0;11.810;0;164.1;1:55:13.055;17:05:14.983;0:21.429;0:18.786;0:11.810;242.8;Jesse Krohn;;GTLM;;BMW Team RLL;BMW;
24;1;131;52.244;0;;21.401;0;19.034;0;11.809;0;163.5;1:56:05.299;17:06:07.227;0:21.401;0:19.034;0:11.809;243.4;Jesse Krohn;;GTLM;;BMW Team RLL;BMW;
24;1;132;52.858;0;;21.822;0;19.073;0;11.963;0;161.6;1:56:58.157;17:07:00.085;0:21.822;0:19.073;0:11.963;248.3;Jesse Krohn;;GTLM;;BMW Team RLL;BMW;
24;1;133;52.698;0;;21.787;0;18.977;0;11.934;0;162.1;1:57:50.855;17:07:52.783;0:21.787;0:18.977;0:11.934;246.6;Jesse Krohn;;GTLM;;BMW Team RLL;BMW;
24;1;134;53.212;0;;21.810;0;19.490;0;11.912;0;160.5;1:58:44.067;17:08:45.995;0:21.810;0:19.490;0:11.912;243.4;Jesse Krohn;;GTLM;;BMW Team RLL;BMW;
24;1;135;52.830;0;;21.654;0;19.181;0;11.995;0;161.6;1:59:36.897;17:09:38.825;0:21.654;0:19.181;0:11.995;247.7;Jesse Krohn;;GTLM;;BMW Team RLL;BMW;
24;1;136;52.350;0;;21.579;0;18.947;0;11.824;0;163.1;2:00:29.247;17:10:31.175;0:21.579;0:18.947;0:11.824;242.3;Jesse Krohn;;GTLM;;BMW Team RLL;BMW;
24;1;137;52.698;0;;21.714;0;19.140;0;11.844;0;162.1;2:01:21.945;17:11:23.873;0:21.714;0:19.140;0:11.844;243.9;Jesse Krohn;;GTLM;;BMW Team RLL;BMW;
24;1;138;52.385;0;;21.613;0;18.789;0;11.983;0;163.0;2:02:14.330;17:12:16.258;0:21.613;0:18.789;0:11.983;247.2;Jesse Krohn;;GTLM;;BMW Team RLL;BMW;
24;1;139;1:29.553;0;B;21.518;0;19.089;0;48.946;0;95.4;2:03:43.883;17:13:45.811;0:21.518;0:19.089;0:48.946;241.3;Jesse Krohn;;GTLM;;BMW Team RLL;BMW;
24;2;140;1:00.384;0;;29.674;0;18.991;0;11.719;0;141.4;2:04:44.267;17:14:46.195;0:29.674;0:18.991;0:11.719;;John Edwards;0:00:44.325;GTLM;;BMW Team RLL;BMW;
24;2;141;52.428;0;;21.580;0;19.015;0;11.833;0;162.9;2:05:36.695;17:15:38.623;0:21.580;0:19.015;0:11.833;246.1;John Edwards;;GTLM;;BMW Team RLL;BMW;
24;2;142;52.514;0;;21.569;0;18.973;0;11.972;0;162.6;2:06:29.209;17:16:31.137;0:21.569;0:18.973;0:11.972;242.8;John Edwards;;GTLM;;BMW Team RLL;BMW;
24;2;143;52.334;0;;21.447;0;18.915;0;11.972;0;163.2;2:07:21.543;17:17:23.471;0:21.447;0:18.915;0:11.972;242.3;John Edwards;;GTLM;;BMW Team RLL;BMW;
24;2;144;52.942;0;;21.884;0;19.108;0;11.950;0;161.3;2:08:14.485;17:18:16.413;0:21.884;0:19.108;0:11.950;242.3;John Edwards;;GTLM;;BMW Team RLL;BMW;
24;2;145;52.149;0;;21.446;0;18.852;0;11.851;0;163.8;2:09:06.634;17:19:08.562;0:21.446;0:18.852;0:11.851;240.2;John Edwards;;GTLM;;BMW Team RLL;BMW;
24;2;146;51.829;0;;21.228;0;18.855;0;11.746;0;164.8;2:09:58.463;17:20:00.391;0:21.228;0:18.855;0:11.746;241.3;John Edwards;;GTLM;;BMW Team RLL;BMW;
24;2;147;51.893;0;;21.357;0;18.619;0;11.917;0;164.6;2:10:50.356;17:20:52.284;0:21.357;0:18.619;0:11.917;243.9;John Edwards;;GTLM;;BMW Team RLL;BMW;
24;2;148;52.136;0;;21.257;0;18.790;0;12.089;0;163.8;2:11:42.492;17:21:44.420;0:21.257;0:18.790;0:12.089;241.8;John Edwards;;GTLM;;BMW Team RLL;BMW;
24;2;149;51.485;0;;21.150;0;18.633;0;11.702;0;165.9;2:12:33.977;17:22:35.905;0:21.150;0:18.633;0:11.702;239.7;John Edwards;;GTLM;;BMW Team RLL;BMW;
24;2;150;51.833;0;;21.087;0;18.836;0;11.910;0;164.8;2:13:25.810;17:23:27.738;0:21.087;0:18.836;0:11.910;243.9;John Edwards;;GTLM;;BMW Team RLL;BMW;
24;2;151;52.059;0;;21.291;0;18.959;0;11.809;0;164.0;2:14:17.869;17:24:19.797;0:21.291;0:18.959;0:11.809;241.8;John Edwards;;GTLM;;BMW Team RLL;BMW;
24;2;152;51.948;0;;21.298;0;18.857;0;11.793;0;164.4;2:15:09.817;17:25:11.745;0:21.298;0:18.857;0:11.793;243.4;John Edwards;;GTLM;;BMW Team RLL;BMW;
24;2;153;51.740;0;;21.144;0;18.831;0;11.765;0;165.1;2:16:01.557;17:26:03.485;0:21.144;0:18.831;0:11.765;242.8;John Edwards;;GTLM;;BMW Team RLL;BMW;
24;2;154;51.796;0;;21.279;0;18.686;0;11.831;0;164.9;2:16:53.353;17:26:55.281;0:21.279;0:18.686;0:11.831;242.8;John Edwards;;GTLM;;BMW Team RLL;BMW;
24;2;155;51.687;0;;21.270;0;18.610;0;11.807;0;165.2;2:17:45.040;17:27:46.968;0:21.270;0:18.610;0:11.807;241.8;John Edwards;;GTLM;;BMW Team RLL;BMW;
24;2;156;51.867;0;;21.361;0;18.759;0;11.747;0;164.6;2:18:36.907;17:28:38.835;0:21.361;0:18.759;0:11.747;242.8;John Edwards;;GTLM;;BMW Team RLL;BMW;
24;2;157;51.990;0;;21.330;0;18.836;0;11.824;0;164.3;2:19:28.897;17:29:30.825;0:21.330;0:18.836;0:11.824;244.4;John Edwards;;GTLM;;BMW Team RLL;BMW;
24;2;158;52.064;0;;21.488;0;18.736;0;11.840;0;164.0;2:20:20.961;17:30:22.889;0:21.488;0:18.736;0:11.840;245.0;John Edwards;;GTLM;;BMW Team RLL;BMW;
24;2;159;51.927;0;;21.310;0;18.769;0;11.848;0;164.5;2:21:12.888;17:31:14.816;0:21.310;0:18.769;0:11.848;242.8;John Edwards;;GTLM;;BMW Team RLL;BMW;
24;2;160;51.733;0;;21.386;0;18.678;0;11.669;0;165.1;2:22:04.621;17:32:06.549;0:21.386;0:18.678;0:11.669;243.9;John Edwards;;GTLM;;BMW Team RLL;BMW;
24;2;161;52.429;0;;21.428;0;19.041;0;11.960;0;162.9;2:22:57.050;17:32:58.978;0:21.428;0:19.041;0:11.960;245.5;John Edwards;;GTLM;;BMW Team RLL;BMW;
24;2;162;53.967;0;;21.857;0;19.557;0;12.553;0;158.2;2:23:51.017;17:33:52.945;0:21.857;0:19.557;0:12.553;242.3;John Edwards;;GTLM;;BMW Team RLL;BMW;
24;2;163;54.107;0;;21.926;0;19.633;0;12.548;0;157.8;2:24:45.124;17:34:47.052;0:21.926;0:19.633;0:12.548;235.2;John Edwards;;GTLM;;BMW Team RLL;BMW;
24;2;164;54.919;0;;21.848;0;20.289;0;12.782;0;155.5;2:25:40.043;17:35:41.971;0:21.848;0:20.289;0:12.782;234.2;John Edwards;;GTLM;;BMW Team RLL;BMW;
24;2;165;55.399;0;;22.117;0;20.328;0;12.954;0;154.2;2:26:35.442;17:36:37.370;0:22.117;0:20.328;0:12.954;232.7;John Edwards;;GTLM;;BMW Team RLL;BMW;
24;2;166;55.233;0;;22.232;0;20.242;0;12.759;0;154.6;2:27:30.675;17:37:32.603;0:22.232;0:20.242;0:12.759;232.7;John Edwards;;GTLM;;BMW Team RLL;BMW;
24;2;167;57.630;0;;24.637;0;20.280;0;12.713;0;148.2;2:28:28.305;17:38:30.233;0:24.637;0:20.280;0:12.713;228.9;John Edwards;;GTLM;;BMW Team RLL;BMW;
24;2;168;56.420;0;;23.895;0;19.992;0;12.533;0;151.4;2:29:24.725;17:39:26.653;0:23.895;0:19.992;0:12.533;223.4;John Edwards;;GTLM;;BMW Team RLL;BMW;
24;2;169;56.774;0;;23.565;0;20.719;0;12.490;0;150.4;2:30:21.499;17:40:23.427;0:23.565;0:20.719;0:12.490;235.2;John Edwards;;GTLM;;BMW Team RLL;BMW;
24;2;170;55.622;0;;22.290;0;20.559;0;12.773;0;153.5;2:31:17.121;17:41:19.049;0:22.290;0:20.559;0:12.773;235.7;John Edwards;;GTLM;;BMW Team RLL;BMW;
24;2;171;56.516;0;;23.213;0;20.448;0;12.855;0;151.1;2:32:13.637;17:42:15.565;0:23.213;0:20.448;0:12.855;232.7;John Edwards;;GTLM;;BMW Team RLL;BMW;
24;2;172;55.013;0;;22.342;0;20.015;0;12.656;0;155.2;2:33:08.650;17:43:10.578;0:22.342;0:20.015;0:12.656;232.2;John Edwards;;GTLM;;BMW Team RLL;BMW;
24;2;173;57.870;0;;23.251;0;20.807;0;13.812;0;147.6;2:34:06.520;17:44:08.448;0:23.251;0:20.807;0:13.812;235.2;John Edwards;;GTLM;;BMW Team RLL;BMW;
24;2;174;56.825;0;;23.401;0;20.684;0;12.740;0;150.3;2:35:03.345;17:45:05.273;0:23.401;0:20.684;0:12.740;224.7;John Edwards;;GTLM;;BMW Team RLL;BMW;
24;2;175;59.930;0;;24.163;0;21.955;0;13.812;0;142.5;2:36:03.275;17:46:05.203;0:24.163;0:21.955;0:13.812;231.7;John Edwards;;GTLM;;BMW Team RLL;BMW;
24;2;176;55.744;0;;23.586;0;19.799;0;12.359;0;153.2;2:36:59.019;17:47:00.947;0:23.586;0:19.799;0:12.359;216.4;John Edwards;;GTLM;;BMW Team RLL;BMW;
24;2;177;53.502;0;;21.808;0;19.388;0;12.306;0;159.6;2:37:52.521;17:47:54.449;0:21.808;0:19.388;0:12.306;238.2;John Edwards;;GTLM;;BMW Team RLL;BMW;
24;2;178;54.117;0;;22.142;0;19.680;0;12.295;0;157.8;2:38:46.638;17:48:48.566;0:22.142;0:19.680;0:12.295;238.7;John Edwards;;GTLM;;BMW Team RLL;BMW;
24;2;179;54.456;0;;22.225;0;19.801;0;12.430;0;156.8;2:39:41.094;17:49:43.022;0:22.225;0:19.801;0:12.430;236.7;John Edwards;;GTLM;;BMW Team RLL;BMW;
24;2;180;56.892;0;;23.373;0;20.582;0;12.937;0;150.1;2:40:37.986;17:50:39.914;0:23.373;0:20.582;0:12.937;235.2;John Edwards;;GTLM;;BMW Team RLL;BMW;
25;2;1;53.495;0;;22.513;0;19.166;0;11.816;0;159.6;53.495;15:10:55.423;0:22.513;0:19.166;0:11.816;229.8;Connor De Phillippi;;GTLM;;BMW Team RLL;BMW;
25;2;2;52.131;0;;21.471;0;18.903;0;11.757;0;163.8;1:45.626;15:11:47.554;0:21.471;0:18.903;0:11.757;244.4;Connor De Phillippi;;GTLM;;BMW Team RLL;BMW;
25;2;3;51.618;0;;21.249;0;18.697;0;11.672;0;165.4;2:37.244;15:12:39.172;0:21.249;0:18.697;0:11.672;245.0;Connor De Phillippi;;GTLM;;BMW Team RLL;BMW;
25;2;4;51.459;0;;21.296;0;18.529;0;11.634;0;166.0;3:28.703;15:13:30.631;0:21.296;0:18.529;0:11.634;246.1;Connor De Phillippi;;GTLM;;BMW Team RLL;BMW;
25;2;5;51.253;0;;21.101;0;18.503;0;11.649;0;166.6;4:19.956;15:14:21.884;0:21.101;0:18.503;0:11.649;245.5;Connor De Phillippi;;GTLM;;BMW Team RLL;BMW;
25;2;6;51.269;0;;21.075;0;18.538;0;11.656;0;166.6;5:11.225;15:15:13.153;0:21.075;0:18.538;0:11.656;246.1;Connor De Phillippi;;GTLM;;BMW Team RLL;BMW;
25;2;7;51.041;2;;21.133;0;18.402;2;11.506;2;167.3;6:02.266;15:16:04.194;0:21.133;0:18.402;0:11.506;245.5;Connor De Phillippi;;GTLM;;BMW Team RLL;BMW;
25;2;8;51.282;0;;20.969;2;18.660;0;11.653;0;166.5;6:53.548;15:16:55.476;0:20.969;0:18.660;0:11.653;247.2;Connor De Phillippi;;GTLM;;BMW Team RLL;BMW;
25;2;9;51.146;0;;21.076;0;18.531;0;11.539;0;167.0;7:44.694;15:17:46.622;0:21.076;0:18.531;0:11.539;245.0;Connor De Phillippi;;GTLM;;BMW Team RLL;BMW;
25;2;10;51.285;0;;21.018;0;18.656;0;11.611;0;166.5;8:35.979;15:18:37.907;0:21.018;0:18.656;0:11.611;247.2;Connor De Phillippi;;GTLM;;BMW Team RLL;BMW;
25;2;11;51.292;0;;21.100;0;18.614;0;11.578;0;166.5;9:27.271;15:19:29.199;0:21.100;0:18.614;0:11.578;246.1;Connor De Phillippi;;GTLM;;BMW Team RLL;BMW;
25;2;12;51.451;0;;21.280;0;18.554;0;11.617;0;166.0;10:18.722;15:20:20.650;0:21.280;0:18.554;0:11.617;242.3;Connor De Phillippi;;GTLM;;BMW Team RLL;BMW;
25;2;13;51.516;0;;21.279;0;18.580;0;11.657;0;165.8;11:10.238;15:21:12.166;0:21.279;0:18.580;0:11.657;245.0;Connor De Phillippi;;GTLM;;BMW Team RLL;BMW;
25;2;14;51.438;0;;21.268;0;18.582;0;11.588;0;166.0;12:01.676;15:22:03.604;0:21.268;0:18.582;0:11.588;245.0;Connor De Phillippi;;GTLM;;BMW Team RLL;BMW;
25;2;15;51.538;0;;21.285;0;18.603;0;11.650;0;165.7;12:53.214;15:22:55.142;0:21.285;0:18.603;0:11.650;245.0;Connor De Phillippi;;GTLM;;BMW Team RLL;BMW;
25;2;16;51.763;0;;21.351;0;18.814;0;11.598;0;165.0;13:44.977;15:23:46.905;0:21.351;0:18.814;0:11.598;242.8;Connor De Phillippi;;GTLM;;BMW Team RLL;BMW;
25;2;17;51.897;0;;21.417;0;18.776;0;11.704;0;164.6;14:36.874;15:24:38.802;0:21.417;0:18.776;0:11.704;243.9;Connor De Phillippi;;GTLM;;BMW Team RLL;BMW;
25;2;18;51.723;0;;21.326;0;18.667;0;11.730;0;165.1;15:28.597;15:25:30.525;0:21.326;0:18.667;0:11.730;243.9;Connor De Phillippi;;GTLM;;BMW Team RLL;BMW;
25;2;19;51.835;0;;21.510;0;18.651;0;11.674;0;164.7;16:20.432;15:26:22.360;0:21.510;0:18.651;0:11.674;243.4;Connor De Phillippi;;GTLM;;BMW Team RLL;BMW;
25;2;20;51.676;0;;21.358;0;18.589;0;11.729;0;165.3;17:12.108;15:27:14.036;0:21.358;0:18.589;0:11.729;242.8;Connor De Phillippi;;GTLM;;BMW Team RLL;BMW;
25;2;21;51.933;0;;21.436;0;18.763;0;11.734;0;164.4;18:04.041;15:28:05.969;0:21.436;0:18.763;0:11.734;243.4;Connor De Phillippi;;GTLM;;BMW Team RLL;BMW;
25;2;22;52.989;0;;21.379;0;19.624;0;11.986;0;161.2;18:57.030;15:28:58.958;0:21.379;0:19.624;0:11.986;244.4;Connor De Phillippi;;GTLM;;BMW Team RLL;BMW;
25;2;23;52.981;0;;21.709;0;19.429;0;11.843;0;161.2;19:50.011;15:29:51.939;0:21.709;0:19.429;0:11.843;243.4;Connor De Phillippi;;GTLM;;BMW Team RLL;BMW;
25;2;24;52.518;0;;21.650;0;18.972;0;11.896;0;162.6;20:42.529;15:30:44.457;0:21.650;0:18.972;0:11.896;243.9;Connor De Phillippi;;GTLM;;BMW Team RLL;BMW;
25;2;25;51.974;0;;21.365;0;18.733;0;11.876;0;164.3;21:34.503;15:31:36.431;0:21.365;0:18.733;0:11.876;243.9;Connor De Phillippi;;GTLM;;BMW Team RLL;BMW;
25;2;26;52.401;0;;21.580;0;18.963;0;11.858;0;163.0;22:26.904;15:32:28.832;0:21.580;0:18.963;0:11.858;243.4;Connor De Phillippi;;GTLM;;BMW Team RLL;BMW;
25;2;27;52.640;0;;21.578;0;19.260;0;11.802;0;162.2;23:19.544;15:33:21.472;0:21.578;0:19.260;0:11.802;242.8;Connor De Phillippi;;GTLM;;BMW Team RLL;BMW;
25;2;28;52.471;0;;21.549;0;19.012;0;11.910;0;162.8;24:12.015;15:34:13.943;0:21.549;0:19.012;0:11.910;243.9;Connor De Phillippi;;GTLM;;BMW Team RLL;BMW;
25;2;29;52.408;0;;21.662;0;18.961;0;11.785;0;162.9;25:04.423;15:35:06.351;0:21.662;0:18.961;0:11.785;247.2;Connor De Phillippi;;GTLM;;BMW Team RLL;BMW;
25;2;30;52.976;0;;21.716;0;19.359;0;11.901;0;161.2;25:57.399;15:35:59.327;0:21.716;0:19.359;0:11.901;249.4;Connor De Phillippi;;GTLM;;BMW Team RLL;BMW;
25;2;31;53.372;0;;22.040;0;19.406;0;11.926;0;160.0;26:50.771;15:36:52.699;0:22.040;0:19.406;0:11.926;247.2;Connor De Phillippi;;GTLM;;BMW Team RLL;BMW;
25;2;32;52.381;0;;21.646;0;18.863;0;11.872;0;163.0;27:43.152;15:37:45.080;0:21.646;0:18.863;0:11.872;242.8;Connor De Phillippi;;GTLM;;BMW Team RLL;BMW;
25;2;33;52.594;0;;21.766;0;18.961;0;11.867;0;162.4;28:35.746;15:38:37.674;0:21.766;0:18.961;0:11.867;242.8;Connor De Phillippi;;GTLM;;BMW Team RLL;BMW;
25;2;34;52.562;0;;21.844;0;18.901;0;11.817;0;162.5;29:28.308;15:39:30.236;0:21.844;0:18.901;0:11.817;242.8;Connor De Phillippi;;GTLM;;BMW Team RLL;BMW;
25;2;35;52.763;0;;21.720;0;19.123;0;11.920;0;161.9;30:21.071;15:40:22.999;0:21.720;0:19.123;0:11.920;244.4;Connor De Phillippi;;GTLM;;BMW Team RLL;BMW;
25;2;36;53.432;0;;21.899;0;19.581;0;11.952;0;159.8;31:14.503;15:41:16.431;0:21.899;0:19.581;0:11.952;248.3;Connor De Phillippi;;GTLM;;BMW Team RLL;BMW;
25;2;37;52.673;0;;21.734;0;19.055;0;11.884;0;162.1;32:07.176;15:42:09.104;0:21.734;0:19.055;0:11.884;247.7;Connor De Phillippi;;GTLM;;BMW Team RLL;BMW;
25;2;38;52.872;0;;21.905;0;18.984;0;11.983;0;161.5;33:00.048;15:43:01.976;0:21.905;0:18.984;0:11.983;242.8;Connor De Phillippi;;GTLM;;BMW Team RLL;BMW;
25;2;39;53.522;0;;22.360;0;19.194;0;11.968;0;159.6;33:53.570;15:43:55.498;0:22.360;0:19.194;0:11.968;242.3;Connor De Phillippi;;GTLM;;BMW Team RLL;BMW;
25;2;40;53.166;0;;22.130;0;19.009;0;12.027;0;160.6;34:46.736;15:44:48.664;0:22.130;0:19.009;0:12.027;241.3;Connor De Phillippi;;GTLM;;BMW Team RLL;BMW;
25;2;41;53.141;0;;22.051;0;19.049;0;12.041;0;160.7;35:39.877;15:45:41.805;0:22.051;0:19.049;0:12.041;240.2;Connor De Phillippi;;GTLM;;BMW Team RLL;BMW;
25;2;42;53.732;0;;22.250;0;19.267;0;12.215;0;158.9;36:33.609;15:46:35.537;0:22.250;0:19.267;0:12.215;240.7;Connor De Phillippi;;GTLM;;BMW Team RLL;BMW;
25;2;43;53.568;0;;22.346;0;19.174;0;12.048;0;159.4;37:27.177;15:47:29.105;0:22.346;0:19.174;0:12.048;237.7;Connor De Phillippi;;GTLM;;BMW Team RLL;BMW;
25;2;44;1:31.480;0;B;22.231;0;19.164;0;50.085;0;93.4;38:58.657;15:49:00.585;0:22.231;0:19.164;0:50.085;239.7;Connor De Phillippi;;GTLM;;BMW Team RLL;BMW;
25;1;45;1:01.185;0;;30.108;0;19.227;0;11.850;0;139.6;39:59.842;15:50:01.770;0:30.108;0:19.227;0:11.850;;Tom Blomqvist;0:00:45.303;GTLM;;BMW Team RLL;BMW;
25;1;46;53.502;0;;22.191;0;19.343;0;11.968;0;159.6;40:53.344;15:50:55.272;0:22.191;0:19.343;0:11.968;244.4;Tom Blomqvist;;GTLM;;BMW Team RLL;BMW;
25;1;47;53.035;0;;21.829;0;19.260;0;11.946;0;161.0;41:46.379;15:51:48.307;0:21.829;0:19.260;0:11.946;239.7;Tom Blomqvist;;GTLM;;BMW Team RLL;BMW;
25;1;48;52.941;0;;21.676;0;19.397;0;11.868;0;161.3;42:39.320;15:52:41.248;0:21.676;0:19.397;0:11.868;241.3;Tom Blomqvist;;GTLM;;BMW Team RLL;BMW;
25;1;49;51.950;0;;21.548;0;18.621;0;11.781;0;164.4;43:31.270;15:53:33.198;0:21.548;0:18.621;0:11.781;243.4;Tom Blomqvist;;GTLM;;BMW Team RLL;BMW;
25;1;50;52.698;0;;21.517;0;19.234;0;11.947;0;162.1;44:23.968;15:54:25.896;0:21.517;0:19.234;0:11.947;242.3;Tom Blomqvist;;GTLM;;BMW Team RLL;BMW;
25;1;51;52.001;0;;21.562;0;18.644;0;11.795;0;164.2;45:15.969;15:55:17.897;0:21.562;0:18.644;0:11.795;241.8;Tom Blomqvist;;GTLM;;BMW Team RLL;BMW;
25;1;52;52.261;0;;21.789;0;18.751;0;11.721;0;163.4;46:08.230;15:56:10.158;0:21.789;0:18.751;0:11.721;242.8;Tom Blomqvist;;GTLM;;BMW Team RLL;BMW;
25;1;53;51.470;0;;21.254;0;18.613;0;11.603;1;165.9;46:59.700;15:57:01.628;0:21.254;0:18.613;0:11.603;243.9;Tom Blomqvist;;GTLM;;BMW Team RLL;BMW;
25;1;54;52.029;0;;21.379;0;18.963;0;11.687;0;164.1;47:51.729;15:57:53.657;0:21.379;0:18.963;0:11.687;245.5;Tom Blomqvist;;GTLM;;BMW Team RLL;BMW;
25;1;55;51.882;0;;21.516;0;18.715;0;11.651;0;164.6;48:43.611;15:58:45.539;0:21.516;0:18.715;0:11.651;240.2;Tom Blomqvist;;GTLM;;BMW Team RLL;BMW;
25;1;56;51.670;0;;21.231;0;18.771;0;11.668;0;165.3;49:35.281;15:59:37.209;0:21.231;0:18.771;0:11.668;245.0;Tom Blomqvist;;GTLM;;BMW Team RLL;BMW;
25;1;57;51.995;0;;21.224;0;18.942;0;11.829;0;164.2;50:27.276;16:00:29.204;0:21.224;0:18.942;0:11.829;245.0;Tom Blomqvist;;GTLM;;BMW Team RLL;BMW;
25;1;58;51.588;0;;21.239;0;18.609;0;11.740;0;165.5;51:18.864;16:01:20.792;0:21.239;0:18.609;0:11.740;243.4;Tom Blomqvist;;GTLM;;BMW Team RLL;BMW;
25;1;59;51.430;0;;21.200;1;18.581;1;11.649;0;166.0;52:10.294;16:02:12.222;0:21.200;0:18.581;0:11.649;243.9;Tom Blomqvist;;GTLM;;BMW Team RLL;BMW;
25;1;60;51.632;0;;21.339;0;18.617;0;11.676;0;165.4;53:01.926;16:03:03.854;0:21.339;0:18.617;0:11.676;243.9;Tom Blomqvist;;GTLM;;BMW Team RLL;BMW;
25;1;61;51.902;0;;21.533;0;18.648;0;11.721;0;164.5;53:53.828;16:03:55.756;0:21.533;0:18.648;0:11.721;243.4;Tom Blomqvist;;GTLM;;BMW Team RLL;BMW;
25;1;62;51.709;0;;21.458;0;18.627;0;11.624;0;165.2;54:45.537;16:04:47.465;0:21.458;0:18.627;0:11.624;243.9;Tom Blomqvist;;GTLM;;BMW Team RLL;BMW;
25;1;63;52.004;0;;21.499;0;18.718;0;11.787;0;164.2;55:37.541;16:05:39.469;0:21.499;0:18.718;0:11.787;243.9;Tom Blomqvist;;GTLM;;BMW Team RLL;BMW;
25;1;64;51.921;0;;21.424;0;18.827;0;11.670;0;164.5;56:29.462;16:06:31.390;0:21.424;0:18.827;0:11.670;243.4;Tom Blomqvist;;GTLM;;BMW Team RLL;BMW;
25;1;65;52.135;0;;21.436;0;18.933;0;11.766;0;163.8;57:21.597;16:07:23.525;0:21.436;0:18.933;0:11.766;244.4;Tom Blomqvist;;GTLM;;BMW Team RLL;BMW;
25;1;66;52.538;0;;21.652;0;19.036;0;11.850;0;162.5;58:14.135;16:08:16.063;0:21.652;0:19.036;0:11.850;246.6;Tom Blomqvist;;GTLM;;BMW Team RLL;BMW;
25;1;67;52.463;0;;21.637;0;18.996;0;11.830;0;162.8;59:06.598;16:09:08.526;0:21.637;0:18.996;0:11.830;243.4;Tom Blomqvist;;GTLM;;BMW Team RLL;BMW;
25;1;68;52.207;0;;21.715;0;18.739;0;11.753;0;163.6;59:58.805;16:10:00.733;0:21.715;0:18.739;0:11.753;242.3;Tom Blomqvist;;GTLM;;BMW Team RLL;BMW;
25;1;69;51.865;0;;21.369;0;18.733;0;11.763;0;164.7;1:00:50.670;16:10:52.598;0:21.369;0:18.733;0:11.763;243.4;Tom Blomqvist;;GTLM;;BMW Team RLL;BMW;
25;1;70;52.162;0;;21.716;0;18.703;0;11.743;0;163.7;1:01:42.832;16:11:44.760;0:21.716;0:18.703;0:11.743;242.8;Tom Blomqvist;;GTLM;;BMW Team RLL;BMW;
25;1;71;52.815;0;;21.828;0;19.099;0;11.888;0;161.7;1:02:35.647;16:12:37.575;0:21.828;0:19.099;0:11.888;243.9;Tom Blomqvist;;GTLM;;BMW Team RLL;BMW;
25;1;72;52.345;0;;21.700;0;18.782;0;11.863;0;163.1;1:03:27.992;16:13:29.920;0:21.700;0:18.782;0:11.863;242.8;Tom Blomqvist;;GTLM;;BMW Team RLL;BMW;
25;1;73;52.297;0;;21.557;0;18.888;0;11.852;0;163.3;1:04:20.289;16:14:22.217;0:21.557;0:18.888;0:11.852;242.3;Tom Blomqvist;;GTLM;;BMW Team RLL;BMW;
25;1;74;52.842;0;;21.852;0;19.173;0;11.817;0;161.6;1:05:13.131;16:15:15.059;0:21.852;0:19.173;0:11.817;246.6;Tom Blomqvist;;GTLM;;BMW Team RLL;BMW;
25;1;75;53.472;0;;21.951;0;19.523;0;11.998;0;159.7;1:06:06.603;16:16:08.531;0:21.951;0:19.523;0:11.998;247.2;Tom Blomqvist;;GTLM;;BMW Team RLL;BMW;
25;1;76;52.232;0;;21.596;0;18.842;0;11.794;0;163.5;1:06:58.835;16:17:00.763;0:21.596;0:18.842;0:11.794;241.3;Tom Blomqvist;;GTLM;;BMW Team RLL;BMW;
25;1;77;52.185;0;;21.616;0;18.867;0;11.702;0;163.6;1:07:51.020;16:17:52.948;0:21.616;0:18.867;0:11.702;242.8;Tom Blomqvist;;GTLM;;BMW Team RLL;BMW;
25;1;78;52.451;0;;21.753;0;18.903;0;11.795;0;162.8;1:08:43.471;16:18:45.399;0:21.753;0:18.903;0:11.795;243.4;Tom Blomqvist;;GTLM;;BMW Team RLL;BMW;
25;1;79;52.704;0;;21.957;0;18.990;0;11.757;0;162.0;1:09:36.175;16:19:38.103;0:21.957;0:18.990;0:11.757;243.4;Tom Blomqvist;;GTLM;;BMW Team RLL;BMW;
25;1;80;52.618;0;;21.759;0;19.137;0;11.722;0;162.3;1:10:28.793;16:20:30.721;0:21.759;0:19.137;0:11.722;243.9;Tom Blomqvist;;GTLM;;BMW Team RLL;BMW;
25;1;81;52.231;0;;21.573;0;18.890;0;11.768;0;163.5;1:11:21.024;16:21:22.952;0:21.573;0:18.890;0:11.768;245.0;Tom Blomqvist;;GTLM;;BMW Team RLL;BMW;
25;1;82;52.642;0;;21.915;0;18.911;0;11.816;0;162.2;1:12:13.666;16:22:15.594;0:21.915;0:18.911;0:11.816;243.9;Tom Blomqvist;;GTLM;;BMW Team RLL;BMW;
25;1;83;53.314;0;;22.304;0;19.110;0;11.900;0;160.2;1:13:06.980;16:23:08.908;0:22.304;0:19.110;0:11.900;242.8;Tom Blomqvist;;GTLM;;BMW Team RLL;BMW;
25;1;84;53.193;0;;22.230;0;19.196;0;11.767;0;160.5;1:14:00.173;16:24:02.101;0:22.230;0:19.196;0:11.767;243.4;Tom Blomqvist;;GTLM;;BMW Team RLL;BMW;
25;1;85;52.377;0;;21.722;0;18.954;0;11.701;0;163.0;1:14:52.550;16:24:54.478;0:21.722;0:18.954;0:11.701;245.0;Tom Blomqvist;;GTLM;;BMW Team RLL;BMW;
25;1;86;52.245;0;;21.630;0;18.830;0;11.785;0;163.5;1:15:44.795;16:25:46.723;0:21.630;0:18.830;0:11.785;245.0;Tom Blomqvist;;GTLM;;BMW Team RLL;BMW;
25;1;87;52.407;0;;21.692;0;18.839;0;11.876;0;163.0;1:16:37.202;16:26:39.130;0:21.692;0:18.839;0:11.876;244.4;Tom Blomqvist;;GTLM;;BMW Team RLL;BMW;
25;1;88;53.656;0;;22.329;0;19.444;0;11.883;0;159.2;1:17:30.858;16:27:32.786;0:22.329;0:19.444;0:11.883;242.8;Tom Blomqvist;;GTLM;;BMW Team RLL;BMW;
25;1;89;53.426;0;;22.053;0;19.372;0;12.001;0;159.8;1:18:24.284;16:28:26.212;0:22.053;0:19.372;0:12.001;247.2;Tom Blomqvist;;GTLM;;BMW Team RLL;BMW;
25;1;90;52.767;0;;21.889;0;18.961;0;11.917;0;161.8;1:19:17.051;16:29:18.979;0:21.889;0:18.961;0:11.917;241.3;Tom Blomqvist;;GTLM;;BMW Team RLL;BMW;
25;1;91;53.123;0;;22.128;0;19.104;0;11.891;0;160.8;1:20:10.174;16:30:12.102;0:22.128;0:19.104;0:11.891;241.8;Tom Blomqvist;;GTLM;;BMW Team RLL;BMW;
25;1;92;52.651;0;;21.898;0;18.891;0;11.862;0;162.2;1:21:02.825;16:31:04.753;0:21.898;0:18.891;0:11.862;242.3;Tom Blomqvist;;GTLM;;BMW Team RLL;BMW;
25;1;93;52.758;0;;21.969;0;18.930;0;11.859;0;161.9;1:21:55.583;16:31:57.511;0:21.969;0:18.930;0:11.859;242.3;Tom Blomqvist;;GTLM;;BMW Team RLL;BMW;
25;1;94;52.669;0;;21.729;0;18.964;0;11.976;0;162.1;1:22:48.252;16:32:50.180;0:21.729;0:18.964;0:11.976;243.4;Tom Blomqvist;;GTLM;;BMW Team RLL;BMW;
25;1;95;52.891;0;;21.857;0;19.165;0;11.869;0;161.5;1:23:41.143;16:33:43.071;0:21.857;0:19.165;0:11.869;241.3;Tom Blomqvist;;GTLM;;BMW Team RLL;BMW;
25;1;96;52.218;0;;21.599;0;18.783;0;11.836;0;163.5;1:24:33.361;16:34:35.289;0:21.599;0:18.783;0:11.836;243.4;Tom Blomqvist;;GTLM;;BMW Team RLL;BMW;
25;1;97;52.370;0;;21.691;0;18.830;0;11.849;0;163.1;1:25:25.731;16:35:27.659;0:21.691;0:18.830;0:11.849;239.7;Tom Blomqvist;;GTLM;;BMW Team RLL;BMW;
25;1;98;52.320;0;;21.659;0;18.749;0;11.912;0;163.2;1:26:18.051;16:36:19.979;0:21.659;0:18.749;0:11.912;242.8;Tom Blomqvist;;GTLM;;BMW Team RLL;BMW;
25;1;99;52.344;0;;21.620;0;18.819;0;11.905;0;163.1;1:27:10.395;16:37:12.323;0:21.620;0:18.819;0:11.905;242.8;Tom Blomqvist;;GTLM;;BMW Team RLL;BMW;
25;1;100;52.424;0;;21.685;0;18.835;0;11.904;0;162.9;1:28:02.819;16:38:04.747;0:21.685;0:18.835;0:11.904;243.4;Tom Blomqvist;;GTLM;;BMW Team RLL;BMW;
25;1;101;52.899;0;;22.022;0;18.949;0;11.928;0;161.4;1:28:55.718;16:38:57.646;0:22.022;0:18.949;0:11.928;241.8;Tom Blomqvist;;GTLM;;BMW Team RLL;BMW;
25;1;102;52.918;0;;21.872;0;19.003;0;12.043;0;161.4;1:29:48.636;16:39:50.564;0:21.872;0:19.003;0:12.043;242.3;Tom Blomqvist;;GTLM;;BMW Team RLL;BMW;
25;1;103;52.767;0;;21.757;0;19.023;0;11.987;0;161.8;1:30:41.403;16:40:43.331;0:21.757;0:19.023;0:11.987;241.8;Tom Blomqvist;;GTLM;;BMW Team RLL;BMW;
25;1;104;53.278;0;;21.952;0;19.239;0;12.087;0;160.3;1:31:34.681;16:41:36.609;0:21.952;0:19.239;0:12.087;241.8;Tom Blomqvist;;GTLM;;BMW Team RLL;BMW;
25;1;105;1:33.270;0;B;21.980;0;19.226;0;52.064;0;91.6;1:33:07.951;16:43:09.879;0:21.980;0:19.226;0:52.064;242.3;Tom Blomqvist;;GTLM;;BMW Team RLL;BMW;
25;2;106;1:00.004;0;;29.488;0;18.867;0;11.649;0;142.3;1:34:07.955;16:44:09.883;0:29.488;0:18.867;0:11.649;;Connor De Phillippi;0:00:47.419;GTLM;;BMW Team RLL;BMW;
25;2;107;51.666;0;;21.124;0;18.855;0;11.687;0;165.3;1:34:59.621;16:45:01.549;0:21.124;0:18.855;0:11.687;245.5;Connor De Phillippi;;GTLM;;BMW Team RLL;BMW;
25;2;108;52.334;0;;21.786;0;18.907;0;11.641;0;163.2;1:35:51.955;16:45:53.883;0:21.786;0:18.907;0:11.641;242.8;Connor De Phillippi;;GTLM;;BMW Team RLL;BMW;
25;2;109;52.243;0;;21.289;0;19.172;0;11.782;0;163.5;1:36:44.198;16:46:46.126;0:21.289;0:19.172;0:11.782;244.4;Connor De Phillippi;;GTLM;;BMW Team RLL;BMW;
25;2;110;52.973;0;;21.570;0;19.599;0;11.804;0;161.2;1:37:37.171;16:47:39.099;0:21.570;0:19.599;0:11.804;243.9;Connor De Phillippi;;GTLM;;BMW Team RLL;BMW;
25;2;111;52.123;0;;21.590;0;18.783;0;11.750;0;163.8;1:38:29.294;16:48:31.222;0:21.590;0:18.783;0:11.750;248.3;Connor De Phillippi;;GTLM;;BMW Team RLL;BMW;
25;2;112;52.863;0;;21.580;0;19.229;0;12.054;0;161.5;1:39:22.157;16:49:24.085;0:21.580;0:19.229;0:12.054;244.4;Connor De Phillippi;;GTLM;;BMW Team RLL;BMW;
25;2;113;52.335;0;;21.372;0;19.030;0;11.933;0;163.2;1:40:14.492;16:50:16.420;0:21.372;0:19.030;0:11.933;241.3;Connor De Phillippi;;GTLM;;BMW Team RLL;BMW;
25;2;114;53.616;0;;21.566;0;19.937;0;12.113;0;159.3;1:41:08.108;16:51:10.036;0:21.566;0:19.937;0:12.113;242.8;Connor De Phillippi;;GTLM;;BMW Team RLL;BMW;
25;2;115;52.109;0;;21.538;0;18.908;0;11.663;0;163.9;1:42:00.217;16:52:02.145;0:21.538;0:18.908;0:11.663;240.7;Connor De Phillippi;;GTLM;;BMW Team RLL;BMW;
25;2;116;51.606;0;;21.373;0;18.723;0;11.510;0;165.5;1:42:51.823;16:52:53.751;0:21.373;0:18.723;0:11.510;245.0;Connor De Phillippi;;GTLM;;BMW Team RLL;BMW;
25;2;117;51.934;0;;21.363;0;18.785;0;11.786;0;164.4;1:43:43.757;16:53:45.685;0:21.363;0:18.785;0:11.786;250.5;Connor De Phillippi;;GTLM;;BMW Team RLL;BMW;
25;2;118;52.254;0;;21.725;0;18.735;0;11.794;0;163.4;1:44:36.011;16:54:37.939;0:21.725;0:18.735;0:11.794;243.4;Connor De Phillippi;;GTLM;;BMW Team RLL;BMW;
25;2;119;51.844;0;;21.480;0;18.685;0;11.679;0;164.7;1:45:27.855;16:55:29.783;0:21.480;0:18.685;0:11.679;243.4;Connor De Phillippi;;GTLM;;BMW Team RLL;BMW;
25;2;120;51.908;0;;21.357;0;18.725;0;11.826;0;164.5;1:46:19.763;16:56:21.691;0:21.357;0:18.725;0:11.826;243.9;Connor De Phillippi;;GTLM;;BMW Team RLL;BMW;
25;2;121;52.722;0;;21.478;0;18.935;0;12.309;0;162.0;1:47:12.485;16:57:14.413;0:21.478;0:18.935;0:12.309;248.8;Connor De Phillippi;;GTLM;;BMW Team RLL;BMW;
25;2;122;52.620;0;;21.850;0;18.894;0;11.876;0;162.3;1:48:05.105;16:58:07.033;0:21.850;0:18.894;0:11.876;236.7;Connor De Phillippi;;GTLM;;BMW Team RLL;BMW;
25;2;123;51.737;0;;21.362;0;18.667;0;11.708;0;165.1;1:48:56.842;16:58:58.770;0:21.362;0:18.667;0:11.708;242.8;Connor De Phillippi;;GTLM;;BMW Team RLL;BMW;
25;2;124;51.537;0;;21.360;0;18.658;0;11.519;0;165.7;1:49:48.379;16:59:50.307;0:21.360;0:18.658;0:11.519;243.9;Connor De Phillippi;;GTLM;;BMW Team RLL;BMW;
25;2;125;51.828;0;;21.519;0;18.625;0;11.684;0;164.8;1:50:40.207;17:00:42.135;0:21.519;0:18.625;0:11.684;246.1;Connor De Phillippi;;GTLM;;BMW Team RLL;BMW;
25;2;126;51.707;0;;21.400;0;18.633;0;11.674;0;165.2;1:51:31.914;17:01:33.842;0:21.400;0:18.633;0:11.674;244.4;Connor De Phillippi;;GTLM;;BMW Team RLL;BMW;
25;2;127;51.646;0;;21.409;0;18.630;0;11.607;0;165.4;1:52:23.560;17:02:25.488;0:21.409;0:18.630;0:11.607;245.0;Connor De Phillippi;;GTLM;;BMW Team RLL;BMW;
25;2;128;51.607;0;;21.273;0;18.599;0;11.735;0;165.5;1:53:15.167;17:03:17.095;0:21.273;0:18.599;0:11.735;245.5;Connor De Phillippi;;GTLM;;BMW Team RLL;BMW;
25;2;129;51.709;0;;21.468;0;18.687;0;11.554;0;165.2;1:54:06.876;17:04:08.804;0:21.468;0:18.687;0:11.554;243.9;Connor De Phillippi;;GTLM;;BMW Team RLL;BMW;
25;2;130;52.583;0;;21.542;0;19.001;0;12.040;0;162.4;1:54:59.459;17:05:01.387;0:21.542;0:19.001;0:12.040;249.4;Connor De Phillippi;;GTLM;;BMW Team RLL;BMW;
25;2;131;52.244;0;;21.637;0;18.835;0;11.772;0;163.5;1:55:51.703;17:05:53.631;0:21.637;0:18.835;0:11.772;246.6;Connor De Phillippi;;GTLM;;BMW Team RLL;BMW;
25;2;132;51.959;0;;21.499;0;18.770;0;11.690;0;164.4;1:56:43.662;17:06:45.590;0:21.499;0:18.770;0:11.690;243.4;Connor De Phillippi;;GTLM;;BMW Team RLL;BMW;
25;2;133;52.288;0;;21.641;0;18.899;0;11.748;0;163.3;1:57:35.950;17:07:37.878;0:21.641;0:18.899;0:11.748;243.4;Connor De Phillippi;;GTLM;;BMW Team RLL;BMW;
25;2;134;52.195;0;;21.771;0;18.722;0;11.702;0;163.6;1:58:28.145;17:08:30.073;0:21.771;0:18.722;0:11.702;247.7;Connor De Phillippi;;GTLM;;BMW Team RLL;BMW;
25;2;135;52.487;0;;21.547;0;18.977;0;11.963;0;162.7;1:59:20.632;17:09:22.560;0:21.547;0:18.977;0:11.963;249.9;Connor De Phillippi;;GTLM;;BMW Team RLL;BMW;
25;2;136;52.186;0;;21.645;0;18.796;0;11.745;0;163.6;2:00:12.818;17:10:14.746;0:21.645;0:18.796;0:11.745;247.7;Connor De Phillippi;;GTLM;;BMW Team RLL;BMW;
25;2;137;52.352;0;;21.651;0;18.768;0;11.933;0;163.1;2:01:05.170;17:11:07.098;0:21.651;0:18.768;0:11.933;245.0;Connor De Phillippi;;GTLM;;BMW Team RLL;BMW;
25;2;138;51.950;0;;21.378;0;18.752;0;11.820;0;164.4;2:01:57.120;17:11:59.048;0:21.378;0:18.752;0:11.820;242.8;Connor De Phillippi;;GTLM;;BMW Team RLL;BMW;
25;2;139;52.411;0;;21.670;0;18.973;0;11.768;0;162.9;2:02:49.531;17:12:51.459;0:21.670;0:18.973;0:11.768;243.4;Connor De Phillippi;;GTLM;;BMW Team RLL;BMW;
25;2;140;51.955;0;;21.465;0;18.711;0;11.779;0;164.4;2:03:41.486;17:13:43.414;0:21.465;0:18.711;0:11.779;243.4;Connor De Phillippi;;GTLM;;BMW Team RLL;BMW;
25;2;141;52.197;0;;21.646;0;18.866;0;11.685;0;163.6;2:04:33.683;17:14:35.611;0:21.646;0:18.866;0:11.685;244.4;Connor De Phillippi;;GTLM;;BMW Team RLL;BMW;
25;2;142;52.305;0;;21.523;0;18.970;0;11.812;0;163.3;2:05:25.988;17:15:27.916;0:21.523;0:18.970;0:11.812;245.5;Connor De Phillippi;;GTLM;;BMW Team RLL;BMW;
25;2;143;51.864;0;;21.461;0;18.700;0;11.703;0;164.7;2:06:17.852;17:16:19.780;0:21.461;0:18.700;0:11.703;244.4;Connor De Phillippi;;GTLM;;BMW Team RLL;BMW;
25;2;144;52.238;0;;21.612;0;18.832;0;11.794;0;163.5;2:07:10.090;17:17:12.018;0:21.612;0:18.832;0:11.794;245.0;Connor De Phillippi;;GTLM;;BMW Team RLL;BMW;
25;2;145;52.089;0;;21.531;0;18.784;0;11.774;0;163.9;2:08:02.179;17:18:04.107;0:21.531;0:18.784;0:11.774;243.9;Connor De Phillippi;;GTLM;;BMW Team RLL;BMW;
25;2;146;52.225;0;;21.597;0;18.834;0;11.794;0;163.5;2:08:54.404;17:18:56.332;0:21.597;0:18.834;0:11.794;244.4;Connor De Phillippi;;GTLM;;BMW Team RLL;BMW;
25;2;147;52.269;0;;21.597;0;18.926;0;11.746;0;163.4;2:09:46.673;17:19:48.601;0:21.597;0:18.926;0:11.746;244.4;Connor De Phillippi;;GTLM;;BMW Team RLL;BMW;
25;2;148;52.162;0;;21.607;0;18.771;0;11.784;0;163.7;2:10:38.835;17:20:40.763;0:21.607;0:18.771;0:11.784;245.5;Connor De Phillippi;;GTLM;;BMW Team RLL;BMW;
25;2;149;52.678;0;;21.860;0;18.971;0;11.847;0;162.1;2:11:31.513;17:21:33.441;0:21.860;0:18.971;0:11.847;246.1;Connor De Phillippi;;GTLM;;BMW Team RLL;BMW;
25;2;150;52.604;0;;21.766;0;18.975;0;11.863;0;162.3;2:12:24.117;17:22:26.045;0:21.766;0:18.975;0:11.863;244.4;Connor De Phillippi;;GTLM;;BMW Team RLL;BMW;
25;2;151;52.607;0;;21.731;0;19.032;0;11.844;0;162.3;2:13:16.724;17:23:18.652;0:21.731;0:19.032;0:11.844;243.9;Connor De Phillippi;;GTLM;;BMW Team RLL;BMW;
25;2;152;52.613;0;;21.854;0;18.951;0;11.808;0;162.3;2:14:09.337;17:24:11.265;0:21.854;0:18.951;0:11.808;243.4;Connor De Phillippi;;GTLM;;BMW Team RLL;BMW;
25;2;153;52.752;0;;21.912;0;19.039;0;11.801;0;161.9;2:15:02.089;17:25:04.017;0:21.912;0:19.039;0:11.801;244.4;Connor De Phillippi;;GTLM;;BMW Team RLL;BMW;
25;2;154;52.712;0;;21.695;0;19.204;0;11.813;0;162.0;2:15:54.801;17:25:56.729;0:21.695;0:19.204;0:11.813;245.0;Connor De Phillippi;;GTLM;;BMW Team RLL;BMW;
25;2;155;52.567;0;;21.792;0;18.906;0;11.869;0;162.5;2:16:47.368;17:26:49.296;0:21.792;0:18.906;0:11.869;245.0;Connor De Phillippi;;GTLM;;BMW Team RLL;BMW;
25;2;156;53.126;0;;22.040;0;19.138;0;11.948;0;160.7;2:17:40.494;17:27:42.422;0:22.040;0:19.138;0:11.948;245.0;Connor De Phillippi;;GTLM;;BMW Team RLL;BMW;
25;2;157;53.601;0;;22.066;0;19.520;0;12.015;0;159.3;2:18:34.095;17:28:36.023;0:22.066;0:19.520;0:12.015;247.7;Connor De Phillippi;;GTLM;;BMW Team RLL;BMW;
25;2;158;53.162;0;;22.040;0;19.029;0;12.093;0;160.6;2:19:27.257;17:29:29.185;0:22.040;0:19.029;0:12.093;243.4;Connor De Phillippi;;GTLM;;BMW Team RLL;BMW;
25;2;159;53.418;0;;22.277;0;19.129;0;12.012;0;159.9;2:20:20.675;17:30:22.603;0:22.277;0:19.129;0:12.012;240.7;Connor De Phillippi;;GTLM;;BMW Team RLL;BMW;
25;2;160;53.869;0;;22.547;0;19.327;0;11.995;0;158.5;2:21:14.544;17:31:16.472;0:22.547;0:19.327;0:11.995;241.8;Connor De Phillippi;;GTLM;;BMW Team RLL;BMW;
25;2;161;53.669;0;;22.336;0;19.285;0;12.048;0;159.1;2:22:08.213;17:32:10.141;0:22.336;0:19.285;0:12.048;243.4;Connor De Phillippi;;GTLM;;BMW Team RLL;BMW;
25;2;162;53.739;0;;22.362;0;19.266;0;12.111;0;158.9;2:23:01.952;17:33:03.880;0:22.362;0:19.266;0:12.111;247.7;Connor De Phillippi;;GTLM;;BMW Team RLL;BMW;
25;2;163;54.171;0;;22.491;0;19.468;0;12.212;0;157.6;2:23:56.123;17:33:58.051;0:22.491;0:19.468;0:12.212;242.3;Connor De Phillippi;;GTLM;;BMW Team RLL;BMW;
25;2;164;53.697;0;;22.371;0;19.264;0;12.062;0;159.0;2:24:49.820;17:34:51.748;0:22.371;0:19.264;0:12.062;240.7;Connor De Phillippi;;GTLM;;BMW Team RLL;BMW;
25;2;165;54.189;0;;22.503;0;19.436;0;12.250;0;157.6;2:25:44.009;17:35:45.937;0:22.503;0:19.436;0:12.250;242.3;Connor De Phillippi;;GTLM;;BMW Team RLL;BMW;
25;2;166;54.563;0;;22.621;0;19.689;0;12.253;0;156.5;2:26:38.572;17:36:40.500;0:22.621;0:19.689;0:12.253;240.7;Connor De Phillippi;;GTLM;;BMW Team RLL;BMW;
25;2;167;54.609;0;;22.751;0;19.645;0;12.213;0;156.4;2:27:33.181;17:37:35.109;0:22.751;0:19.645;0:12.213;240.7;Connor De Phillippi;;GTLM;;BMW Team RLL;BMW;
25;2;168;55.317;0;;22.868;0;20.010;0;12.439;0;154.4;2:28:28.498;17:38:30.426;0:22.868;0:20.010;0:12.439;240.2;Connor De Phillippi;;GTLM;;BMW Team RLL;BMW;
25;2;169;55.659;0;;23.300;0;19.895;0;12.464;0;153.4;2:29:24.157;17:39:26.085;0:23.300;0:19.895;0:12.464;239.7;Connor De Phillippi;;GTLM;;BMW Team RLL;BMW;
25;2;170;55.563;0;;23.108;0;19.859;0;12.596;0;153.7;2:30:19.720;17:40:21.648;0:23.108;0:19.859;0:12.596;238.2;Connor De Phillippi;;GTLM;;BMW Team RLL;BMW;
25;2;171;56.433;0;;23.216;0;20.469;0;12.748;0;151.3;2:31:16.153;17:41:18.081;0:23.216;0:20.469;0:12.748;235.7;Connor De Phillippi;;GTLM;;BMW Team RLL;BMW;
25;2;172;56.221;0;;23.255;0;20.369;0;12.597;0;151.9;2:32:12.374;17:42:14.302;0:23.255;0:20.369;0:12.597;235.7;Connor De Phillippi;;GTLM;;BMW Team RLL;BMW;
25;2;173;55.801;0;;23.183;0;20.009;0;12.609;0;153.0;2:33:08.175;17:43:10.103;0:23.183;0:20.009;0:12.609;238.2;Connor De Phillippi;;GTLM;;BMW Team RLL;BMW;
25;2;174;56.266;0;;23.349;0;20.242;0;12.675;0;151.8;2:34:04.441;17:44:06.369;0:23.349;0:20.242;0:12.675;236.7;Connor De Phillippi;;GTLM;;BMW Team RLL;BMW;
25;2;175;58.408;0;;24.168;0;21.285;0;12.955;0;146.2;2:35:02.849;17:45:04.777;0:24.168;0:21.285;0:12.955;237.2;Connor De Phillippi;;GTLM;;BMW Team RLL;BMW;
25;2;176;1:25.744;0;B;23.836;0;22.130;0;39.778;0;99.6;2:36:28.593;17:46:30.521;0:23.836;0:22.130;0:39.778;234.7;Connor De Phillippi;;GTLM;;BMW Team RLL;BMW;
25;2;177;1:00.376;0;;29.661;0;19.104;0;11.611;0;141.4;2:37:28.969;17:47:30.897;0:29.661;0:19.104;0:11.611;;Connor De Phillippi;0:00:34.522;GTLM;;BMW Team RLL;BMW;
25;2;178;52.391;0;;21.759;0;18.976;0;11.656;0;163.0;2:38:21.360;17:48:23.288;0:21.759;0:18.976;0:11.656;245.0;Connor De Phillippi;;GTLM;;BMW Team RLL;BMW;
25;2;179;52.093;0;;21.491;0;18.751;0;11.851;0;163.9;2:39:13.453;17:49:15.381;0:21.491;0:18.751;0:11.851;241.3;Connor De Phillippi;;GTLM;;BMW Team RLL;BMW;
25;2;180;52.132;0;;21.517;0;18.978;0;11.637;0;163.8;2:40:05.585;17:50:07.513;0:21.517;0:18.978;0:11.637;242.3;Connor De Phillippi;;GTLM;;BMW Team RLL;BMW;
25;2;181;51.607;0;;21.391;0;18.680;0;11.536;0;165.5;2:40:57.192;17:50:59.120;0:21.391;0:18.680;0:11.536;246.1;Connor De Phillippi;;GTLM;;BMW Team RLL;BMW;
3;2;1;54.667;0;;23.402;0;19.473;0;11.792;0;156.2;54.667;15:10:56.595;0:23.402;0:19.473;0:11.792;228.4;Antonio Garcia;;GTLM;;Corvette Racing;Chevrolet;
3;2;2;52.414;0;;21.540;0;19.127;0;11.747;0;162.9;1:47.081;15:11:49.009;0:21.540;0:19.127;0:11.747;244.4;Antonio Garcia;;GTLM;;Corvette Racing;Chevrolet;
3;2;3;51.698;0;;21.230;0;18.863;0;11.605;0;165.2;2:38.779;15:12:40.707;0:21.230;0:18.863;0:11.605;244.4;Antonio Garcia;;GTLM;;Corvette Racing;Chevrolet;
3;2;4;51.581;0;;21.152;0;18.854;0;11.575;0;165.6;3:30.360;15:13:32.288;0:21.152;0:18.854;0:11.575;246.1;Antonio Garcia;;GTLM;;Corvette Racing;Chevrolet;
3;2;5;51.232;0;;20.909;2;18.752;0;11.571;2;166.7;4:21.592;15:14:23.520;0:20.909;0:18.752;0:11.571;246.6;Antonio Garcia;;GTLM;;Corvette Racing;Chevrolet;
3;2;6;51.346;0;;21.024;0;18.727;0;11.595;0;166.3;5:12.938;15:15:14.866;0:21.024;0:18.727;0:11.595;246.6;Antonio Garcia;;GTLM;;Corvette Racing;Chevrolet;
3;2;7;51.090;2;;20.916;0;18.586;0;11.588;0;167.2;6:04.028;15:16:05.956;0:20.916;0:18.586;0:11.588;246.1;Antonio Garcia;;GTLM;;Corvette Racing;Chevrolet;
3;2;8;51.151;0;;20.934;0;18.575;0;11.642;0;167.0;6:55.179;15:16:57.107;0:20.934;0:18.575;0:11.642;245.5;Antonio Garcia;;GTLM;;Corvette Racing;Chevrolet;
3;2;9;51.264;0;;21.037;0;18.597;0;11.630;0;166.6;7:46.443;15:17:48.371;0:21.037;0:18.597;0:11.630;244.4;Antonio Garcia;;GTLM;;Corvette Racing;Chevrolet;
3;2;10;51.280;0;;21.049;0;18.626;0;11.605;0;166.5;8:37.723;15:18:39.651;0:21.049;0:18.626;0:11.605;245.0;Antonio Garcia;;GTLM;;Corvette Racing;Chevrolet;
3;2;11;51.329;0;;21.129;0;18.539;2;11.661;0;166.4;9:29.052;15:19:30.980;0:21.129;0:18.539;0:11.661;246.1;Antonio Garcia;;GTLM;;Corvette Racing;Chevrolet;
3;2;12;51.365;0;;21.083;0;18.618;0;11.664;0;166.3;10:20.417;15:20:22.345;0:21.083;0:18.618;0:11.664;244.4;Antonio Garcia;;GTLM;;Corvette Racing;Chevrolet;
3;2;13;51.422;0;;21.168;0;18.617;0;11.637;0;166.1;11:11.839;15:21:13.767;0:21.168;0:18.617;0:11.637;244.4;Antonio Garcia;;GTLM;;Corvette Racing;Chevrolet;
3;2;14;51.438;0;;21.136;0;18.625;0;11.677;0;166.0;12:03.277;15:22:05.205;0:21.136;0:18.625;0:11.677;245.0;Antonio Garcia;;GTLM;;Corvette Racing;Chevrolet;
3;2;15;51.595;0;;21.143;0;18.695;0;11.757;0;165.5;12:54.872;15:22:56.800;0:21.143;0:18.695;0:11.757;244.4;Antonio Garcia;;GTLM;;Corvette Racing;Chevrolet;
3;2;16;51.627;0;;21.219;0;18.729;0;11.679;0;165.4;13:46.499;15:23:48.427;0:21.219;0:18.729;0:11.679;242.8;Antonio Garcia;;GTLM;;Corvette Racing;Chevrolet;
3;2;17;51.742;0;;21.233;0;18.777;0;11.732;0;165.0;14:38.241;15:24:40.169;0:21.233;0:18.777;0:11.732;243.9;Antonio Garcia;;GTLM;;Corvette Racing;Chevrolet;
3;2;18;51.715;0;;21.182;0;18.774;0;11.759;0;165.1;15:29.956;15:25:31.884;0:21.182;0:18.774;0:11.759;243.9;Antonio Garcia;;GTLM;;Corvette Racing;Chevrolet;
3;2;19;51.821;0;;21.382;0;18.711;0;11.728;0;164.8;16:21.777;15:26:23.705;0:21.382;0:18.711;0:11.728;243.4;Antonio Garcia;;GTLM;;Corvette Racing;Chevrolet;
3;2;20;51.839;0;;21.382;0;18.740;0;11.717;0;164.7;17:13.616;15:27:15.544;0:21.382;0:18.740;0:11.717;243.9;Antonio Garcia;;GTLM;;Corvette Racing;Chevrolet;
3;2;21;51.878;0;;21.308;0;18.831;0;11.739;0;164.6;18:05.494;15:28:07.422;0:21.308;0:18.831;0:11.739;244.4;Antonio Garcia;;GTLM;;Corvette Racing;Chevrolet;
3;2;22;52.334;0;;21.292;0;19.111;0;11.931;0;163.2;18:57.828;15:28:59.756;0:21.292;0:19.111;0:11.931;244.4;Antonio Garcia;;GTLM;;Corvette Racing;Chevrolet;
3;2;23;53.062;0;;21.777;0;19.349;0;11.936;0;160.9;19:50.890;15:29:52.818;0:21.777;0:19.349;0:11.936;245.0;Antonio Garcia;;GTLM;;Corvette Racing;Chevrolet;
3;2;24;52.823;0;;21.490;0;19.079;0;12.254;0;161.7;20:43.713;15:30:45.641;0:21.490;0:19.079;0:12.254;243.4;Antonio Garcia;;GTLM;;Corvette Racing;Chevrolet;
3;2;25;52.163;0;;21.577;0;18.797;0;11.789;0;163.7;21:35.876;15:31:37.804;0:21.577;0:18.797;0:11.789;239.7;Antonio Garcia;;GTLM;;Corvette Racing;Chevrolet;
3;2;26;51.959;0;;21.390;0;18.784;0;11.785;0;164.4;22:27.835;15:32:29.763;0:21.390;0:18.784;0:11.785;243.4;Antonio Garcia;;GTLM;;Corvette Racing;Chevrolet;
3;2;27;52.955;0;;21.930;0;19.254;0;11.771;0;161.3;23:20.790;15:33:22.718;0:21.930;0:19.254;0:11.771;245.0;Antonio Garcia;;GTLM;;Corvette Racing;Chevrolet;
3;2;28;52.137;0;;21.469;0;18.867;0;11.801;0;163.8;24:12.927;15:34:14.855;0:21.469;0:18.867;0:11.801;243.9;Antonio Garcia;;GTLM;;Corvette Racing;Chevrolet;
3;2;29;52.725;0;;21.896;0;19.032;0;11.797;0;162.0;25:05.652;15:35:07.580;0:21.896;0:19.032;0:11.797;244.4;Antonio Garcia;;GTLM;;Corvette Racing;Chevrolet;
3;2;30;53.462;0;;21.678;0;19.804;0;11.980;0;159.7;25:59.114;15:36:01.042;0:21.678;0:19.804;0:11.980;244.4;Antonio Garcia;;GTLM;;Corvette Racing;Chevrolet;
3;2;31;52.933;0;;21.670;0;19.356;0;11.907;0;161.3;26:52.047;15:36:53.975;0:21.670;0:19.356;0:11.907;242.8;Antonio Garcia;;GTLM;;Corvette Racing;Chevrolet;
3;2;32;53.333;0;;22.237;0;19.172;0;11.924;0;160.1;27:45.380;15:37:47.308;0:22.237;0:19.172;0:11.924;243.9;Antonio Garcia;;GTLM;;Corvette Racing;Chevrolet;
3;2;33;52.264;0;;21.564;0;18.881;0;11.819;0;163.4;28:37.644;15:38:39.572;0:21.564;0:18.881;0:11.819;241.8;Antonio Garcia;;GTLM;;Corvette Racing;Chevrolet;
3;2;34;52.277;0;;21.443;0;18.950;0;11.884;0;163.4;29:29.921;15:39:31.849;0:21.443;0:18.950;0:11.884;243.4;Antonio Garcia;;GTLM;;Corvette Racing;Chevrolet;
3;2;35;52.445;0;;21.567;0;18.978;0;11.900;0;162.8;30:22.366;15:40:24.294;0:21.567;0:18.978;0:11.900;243.9;Antonio Garcia;;GTLM;;Corvette Racing;Chevrolet;
3;2;36;53.334;0;;21.869;0;19.503;0;11.962;0;160.1;31:15.700;15:41:17.628;0:21.869;0:19.503;0:11.962;243.9;Antonio Garcia;;GTLM;;Corvette Racing;Chevrolet;
3;2;37;53.651;0;;21.896;0;19.735;0;12.020;0;159.2;32:09.351;15:42:11.279;0:21.896;0:19.735;0:12.020;243.4;Antonio Garcia;;GTLM;;Corvette Racing;Chevrolet;
3;2;38;52.702;0;;21.767;0;18.994;0;11.941;0;162.0;33:02.053;15:43:03.981;0:21.767;0:18.994;0:11.941;241.8;Antonio Garcia;;GTLM;;Corvette Racing;Chevrolet;
3;2;39;52.600;0;;21.714;0;18.958;0;11.928;0;162.4;33:54.653;15:43:56.581;0:21.714;0:18.958;0:11.928;241.8;Antonio Garcia;;GTLM;;Corvette Racing;Chevrolet;
3;2;40;52.700;0;;21.707;0;19.069;0;11.924;0;162.0;34:47.353;15:44:49.281;0:21.707;0:19.069;0:11.924;242.3;Antonio Garcia;;GTLM;;Corvette Racing;Chevrolet;
3;2;41;52.949;0;;21.914;0;19.077;0;11.958;0;161.3;35:40.302;15:45:42.230;0:21.914;0:19.077;0:11.958;242.3;Antonio Garcia;;GTLM;;Corvette Racing;Chevrolet;
3;2;42;53.474;0;;22.106;0;19.289;0;12.079;0;159.7;36:33.776;15:46:35.704;0:22.106;0:19.289;0:12.079;242.8;Antonio Garcia;;GTLM;;Corvette Racing;Chevrolet;
3;2;43;53.738;0;;22.448;0;19.243;0;12.047;0;158.9;37:27.514;15:47:29.442;0:22.448;0:19.243;0:12.047;241.8;Antonio Garcia;;GTLM;;Corvette Racing;Chevrolet;
3;2;44;53.625;0;;22.157;0;19.208;0;12.260;0;159.3;38:21.139;15:48:23.067;0:22.157;0:19.208;0:12.260;241.8;Antonio Garcia;;GTLM;;Corvette Racing;Chevrolet;
3;2;45;53.087;0;;21.876;0;19.156;0;12.055;0;160.9;39:14.226;15:49:16.154;0:21.876;0:19.156;0:12.055;239.2;Antonio Garcia;;GTLM;;Corvette Racing;Chevrolet;
3;2;46;1:04.028;0;B;21.921;0;19.203;0;22.904;0;133.4;40:18.254;15:50:20.182;0:21.921;0:19.203;0:22.904;239.7;Antonio Garcia;;GTLM;;Corvette Racing;Chevrolet;
3;1;47;1:27.670;0;;56.302;0;19.408;0;11.960;0;97.4;41:45.924;15:51:47.852;0:56.302;0:19.408;0:11.960;;Jan Magnussen;0:00:44.553;GTLM;;Corvette Racing;Chevrolet;
3;1;48;53.852;0;;21.241;0;20.422;0;12.189;0;158.6;42:39.776;15:52:41.704;0:21.241;0:20.422;0:12.189;239.2;Jan Magnussen;;GTLM;;Corvette Racing;Chevrolet;
3;1;49;52.204;0;;21.473;0;18.877;0;11.854;0;163.6;43:31.980;15:53:33.908;0:21.473;0:18.877;0:11.854;239.7;Jan Magnussen;;GTLM;;Corvette Racing;Chevrolet;
3;1;50;52.895;0;;21.236;0;19.289;0;12.370;0;161.4;44:24.875;15:54:26.803;0:21.236;0:19.289;0:12.370;241.8;Jan Magnussen;;GTLM;;Corvette Racing;Chevrolet;
3;1;51;51.677;0;;21.138;0;18.760;0;11.779;0;165.3;45:16.552;15:55:18.480;0:21.138;0:18.760;0:11.779;239.2;Jan Magnussen;;GTLM;;Corvette Racing;Chevrolet;
3;1;52;52.395;0;;21.910;0;18.747;0;11.738;0;163.0;46:08.947;15:56:10.875;0:21.910;0:18.747;0:11.738;242.3;Jan Magnussen;;GTLM;;Corvette Racing;Chevrolet;
3;1;53;51.306;0;;20.977;1;18.701;0;11.628;0;166.4;47:00.253;15:57:02.181;0:20.977;0:18.701;0:11.628;243.4;Jan Magnussen;;GTLM;;Corvette Racing;Chevrolet;
3;1;54;52.626;0;;21.085;0;19.327;0;12.214;0;162.3;47:52.879;15:57:54.807;0:21.085;0:19.327;0:12.214;245.0;Jan Magnussen;;GTLM;;Corvette Racing;Chevrolet;
3;1;55;51.272;0;;21.032;0;18.587;1;11.653;0;166.6;48:44.151;15:58:46.079;0:21.032;0:18.587;0:11.653;240.7;Jan Magnussen;;GTLM;;Corvette Racing;Chevrolet;
3;1;56;51.473;0;;21.002;0;18.826;0;11.645;0;165.9;49:35.624;15:59:37.552;0:21.002;0:18.826;0:11.645;245.5;Jan Magnussen;;GTLM;;Corvette Racing;Chevrolet;
3;1;57;52.263;0;;21.113;0;19.052;0;12.098;0;163.4;50:27.887;16:00:29.815;0:21.113;0:19.052;0:12.098;245.5;Jan Magnussen;;GTLM;;Corvette Racing;Chevrolet;
3;1;58;51.287;0;;21.004;0;18.657;0;11.626;0;166.5;51:19.174;16:01:21.102;0:21.004;0:18.657;0:11.626;241.8;Jan Magnussen;;GTLM;;Corvette Racing;Chevrolet;
3;1;59;51.504;0;;21.230;0;18.615;0;11.659;0;165.8;52:10.678;16:02:12.606;0:21.230;0:18.615;0:11.659;245.5;Jan Magnussen;;GTLM;;Corvette Racing;Chevrolet;
3;1;60;51.546;0;;21.189;0;18.757;0;11.600;1;165.7;53:02.224;16:03:04.152;0:21.189;0:18.757;0:11.600;243.9;Jan Magnussen;;GTLM;;Corvette Racing;Chevrolet;
3;1;61;51.950;0;;21.495;0;18.805;0;11.650;0;164.4;53:54.174;16:03:56.102;0:21.495;0:18.805;0:11.650;245.5;Jan Magnussen;;GTLM;;Corvette Racing;Chevrolet;
3;1;62;51.872;0;;21.381;0;18.785;0;11.706;0;164.6;54:46.046;16:04:47.974;0:21.381;0:18.785;0:11.706;245.0;Jan Magnussen;;GTLM;;Corvette Racing;Chevrolet;
3;1;63;51.759;0;;21.251;0;18.818;0;11.690;0;165.0;55:37.805;16:05:39.733;0:21.251;0:18.818;0:11.690;244.4;Jan Magnussen;;GTLM;;Corvette Racing;Chevrolet;
3;1;64;51.981;0;;21.375;0;18.945;0;11.661;0;164.3;56:29.786;16:06:31.714;0:21.375;0:18.945;0:11.661;245.0;Jan Magnussen;;GTLM;;Corvette Racing;Chevrolet;
3;1;65;52.049;0;;21.392;0;18.934;0;11.723;0;164.1;57:21.835;16:07:23.763;0:21.392;0:18.934;0:11.723;245.0;Jan Magnussen;;GTLM;;Corvette Racing;Chevrolet;
3;1;66;53.272;0;;21.707;0;19.151;0;12.414;0;160.3;58:15.107;16:08:17.035;0:21.707;0:19.151;0:12.414;245.5;Jan Magnussen;;GTLM;;Corvette Racing;Chevrolet;
3;1;67;52.238;0;;21.316;0;18.966;0;11.956;0;163.5;59:07.345;16:09:09.273;0:21.316;0:18.966;0:11.956;239.2;Jan Magnussen;;GTLM;;Corvette Racing;Chevrolet;
3;1;68;51.798;0;;21.316;0;18.812;0;11.670;0;164.9;59:59.143;16:10:01.071;0:21.316;0:18.812;0:11.670;241.8;Jan Magnussen;;GTLM;;Corvette Racing;Chevrolet;
3;1;69;51.923;0;;21.363;0;18.796;0;11.764;0;164.5;1:00:51.066;16:10:52.994;0:21.363;0:18.796;0:11.764;243.9;Jan Magnussen;;GTLM;;Corvette Racing;Chevrolet;
3;1;70;52.238;0;;21.544;0;18.962;0;11.732;0;163.5;1:01:43.304;16:11:45.232;0:21.544;0:18.962;0:11.732;243.4;Jan Magnussen;;GTLM;;Corvette Racing;Chevrolet;
3;1;71;53.144;0;;21.607;0;19.281;0;12.256;0;160.7;1:02:36.448;16:12:38.376;0:21.607;0:19.281;0:12.256;245.0;Jan Magnussen;;GTLM;;Corvette Racing;Chevrolet;
3;1;72;53.224;0;;22.158;0;19.278;0;11.788;0;160.5;1:03:29.672;16:13:31.600;0:22.158;0:19.278;0:11.788;236.2;Jan Magnussen;;GTLM;;Corvette Racing;Chevrolet;
3;1;73;51.975;0;;21.255;0;18.889;0;11.831;0;164.3;1:04:21.647;16:14:23.575;0:21.255;0:18.889;0:11.831;244.4;Jan Magnussen;;GTLM;;Corvette Racing;Chevrolet;
3;1;74;52.915;0;;21.706;0;19.440;0;11.769;0;161.4;1:05:14.562;16:15:16.490;0:21.706;0:19.440;0:11.769;243.9;Jan Magnussen;;GTLM;;Corvette Racing;Chevrolet;
3;1;75;53.520;0;;21.694;0;19.515;0;12.311;0;159.6;1:06:08.082;16:16:10.010;0:21.694;0:19.515;0:12.311;244.4;Jan Magnussen;;GTLM;;Corvette Racing;Chevrolet;
3;1;76;52.710;0;;21.650;0;19.234;0;11.826;0;162.0;1:07:00.792;16:17:02.720;0:21.650;0:19.234;0:11.826;241.3;Jan Magnussen;;GTLM;;Corvette Racing;Chevrolet;
3;1;77;52.271;0;;21.371;0;19.080;0;11.820;0;163.4;1:07:53.063;16:17:54.991;0:21.371;0:19.080;0:11.820;243.4;Jan Magnussen;;GTLM;;Corvette Racing;Chevrolet;
3;1;78;51.943;0;;;0;;0;11.800;0;164.4;1:08:45.006;16:18:46.934;;;0:11.800;242.8;Jan Magnussen;;GTLM;;Corvette Racing;Chevrolet;
3;1;79;52.358;0;;21.524;0;18.912;0;11.922;0;163.1;1:09:37.364;16:19:39.292;0:21.524;0:18.912;0:11.922;242.8;Jan Magnussen;;GTLM;;Corvette Racing;Chevrolet;
3;1;80;52.586;0;;21.653;0;19.106;0;11.827;0;162.4;1:10:29.950;16:20:31.878;0:21.653;0:19.106;0:11.827;242.3;Jan Magnussen;;GTLM;;Corvette Racing;Chevrolet;
3;1;81;52.445;0;;21.574;0;18.969;0;11.902;0;162.8;1:11:22.395;16:21:24.323;0:21.574;0:18.969;0:11.902;242.8;Jan Magnussen;;GTLM;;Corvette Racing;Chevrolet;
3;1;82;52.442;0;;21.622;0;19.021;0;11.799;0;162.8;1:12:14.837;16:22:16.765;0:21.622;0:19.021;0:11.799;241.8;Jan Magnussen;;GTLM;;Corvette Racing;Chevrolet;
3;1;83;52.792;0;;21.802;0;19.085;0;11.905;0;161.8;1:13:07.629;16:23:09.557;0:21.802;0:19.085;0:11.905;243.4;Jan Magnussen;;GTLM;;Corvette Racing;Chevrolet;
3;1;84;52.981;0;;21.813;0;19.345;0;11.823;0;161.2;1:14:00.610;16:24:02.538;0:21.813;0:19.345;0:11.823;243.9;Jan Magnussen;;GTLM;;Corvette Racing;Chevrolet;
3;1;85;52.586;0;;21.615;0;19.129;0;11.842;0;162.4;1:14:53.196;16:24:55.124;0:21.615;0:19.129;0:11.842;244.4;Jan Magnussen;;GTLM;;Corvette Racing;Chevrolet;
3;1;86;52.712;0;;21.610;0;19.248;0;11.854;0;162.0;1:15:45.908;16:25:47.836;0:21.610;0:19.248;0:11.854;243.4;Jan Magnussen;;GTLM;;Corvette Racing;Chevrolet;
3;1;87;53.004;0;;21.803;0;19.206;0;11.995;0;161.1;1:16:38.912;16:26:40.840;0:21.803;0:19.206;0:11.995;242.3;Jan Magnussen;;GTLM;;Corvette Racing;Chevrolet;
3;1;88;52.859;0;;21.772;0;19.214;0;11.873;0;161.6;1:17:31.771;16:27:33.699;0:21.772;0:19.214;0:11.873;241.8;Jan Magnussen;;GTLM;;Corvette Racing;Chevrolet;
3;1;89;54.619;0;;;0;;0;12.067;0;156.4;1:18:26.390;16:28:28.318;;;0:12.067;243.4;Jan Magnussen;;GTLM;;Corvette Racing;Chevrolet;
3;1;90;53.828;0;;22.148;0;19.648;0;12.032;0;158.6;1:19:20.218;16:29:22.146;0:22.148;0:19.648;0:12.032;241.8;Jan Magnussen;;GTLM;;Corvette Racing;Chevrolet;
3;1;91;53.512;0;;22.253;0;19.324;0;11.935;0;159.6;1:20:13.730;16:30:15.658;0:22.253;0:19.324;0:11.935;242.3;Jan Magnussen;;GTLM;;Corvette Racing;Chevrolet;
3;1;92;53.715;0;;22.048;0;19.708;0;11.959;0;159.0;1:21:07.445;16:31:09.373;0:22.048;0:19.708;0:11.959;242.3;Jan Magnussen;;GTLM;;Corvette Racing;Chevrolet;
3;1;93;53.712;0;;22.067;0;19.616;0;12.029;0;159.0;1:22:01.157;16:32:03.085;0:22.067;0:19.616;0:12.029;242.3;Jan Magnussen;;GTLM;;Corvette Racing;Chevrolet;
3;1;94;53.037;0;;21.880;0;19.157;0;12.000;0;161.0;1:22:54.194;16:32:56.122;0:21.880;0:19.157;0:12.000;240.7;Jan Magnussen;;GTLM;;Corvette Racing;Chevrolet;
3;1;95;53.107;0;;21.739;0;19.412;0;11.956;0;160.8;1:23:47.301;16:33:49.229;0:21.739;0:19.412;0:11.956;239.7;Jan Magnussen;;GTLM;;Corvette Racing;Chevrolet;
3;1;96;53.474;0;;21.868;0;19.541;0;12.065;0;159.7;1:24:40.775;16:34:42.703;0:21.868;0:19.541;0:12.065;241.3;Jan Magnussen;;GTLM;;Corvette Racing;Chevrolet;
3;1;97;53.695;0;;22.033;0;19.458;0;12.204;0;159.0;1:25:34.470;16:35:36.398;0:22.033;0:19.458;0:12.204;240.2;Jan Magnussen;;GTLM;;Corvette Racing;Chevrolet;
3;1;98;53.495;0;;22.050;0;19.326;0;12.119;0;159.6;1:26:27.965;16:36:29.893;0:22.050;0:19.326;0:12.119;240.7;Jan Magnussen;;GTLM;;Corvette Racing;Chevrolet;
3;1;99;53.611;0;;22.081;0;19.519;0;12.011;0;159.3;1:27:21.576;16:37:23.504;0:22.081;0:19.519;0:12.011;240.7;Jan Magnussen;;GTLM;;Corvette Racing;Chevrolet;
3;1;100;53.651;0;;22.173;0;19.358;0;12.120;0;159.2;1:28:15.227;16:38:17.155;0:22.173;0:19.358;0:12.120;240.7;Jan Magnussen;;GTLM;;Corvette Racing;Chevrolet;
3;1;101;53.867;0;;22.371;0;19.437;0;12.059;0;158.5;1:29:09.094;16:39:11.022;0:22.371;0:19.437;0:12.059;237.7;Jan Magnussen;;GTLM;;Corvette Racing;Chevrolet;
3;1;102;53.670;0;;22.162;0;19.364;0;12.144;0;159.1;1:30:02.764;16:40:04.692;0:22.162;0:19.364;0:12.144;240.2;Jan Magnussen;;GTLM;;Corvette Racing;Chevrolet;
3;1;103;53.604;0;;22.096;0;19.394;0;12.114;0;159.3;1:30:56.368;16:40:58.296;0:22.096;0:19.394;0:12.114;240.7;Jan Magnussen;;GTLM;;Corvette Racing;Chevrolet;
3;1;104;53.550;0;;22.122;0;19.323;0;12.105;0;159.5;1:31:49.918;16:41:51.846;0:22.122;0:19.323;0:12.105;240.2;Jan Magnussen;;GTLM;;Corvette Racing;Chevrolet;
3;1;105;54.929;0;;22.307;0;20.316;0;12.306;0;155.5;1:32:44.847;16:42:46.775;0:22.307;0:20.316;0:12.306;242.3;Jan Magnussen;;GTLM;;Corvette Racing;Chevrolet;
3;1;106;54.272;0;;22.337;0;19.671;0;12.264;0;157.4;1:33:39.119;16:43:41.047;0:22.337;0:19.671;0:12.264;240.2;Jan Magnussen;;GTLM;;Corvette Racing;Chevrolet;
3;1;107;54.246;0;;22.410;0;19.651;0;12.185;0;157.4;1:34:33.365;16:44:35.293;0:22.410;0:19.651;0:12.185;239.7;Jan Magnussen;;GTLM;;Corvette Racing;Chevrolet;
3;1;108;1:06.785;0;B;22.573;0;19.884;0;24.328;0;127.9;1:35:40.150;16:45:42.078;0:22.573;0:19.884;0:24.328;240.2;Jan Magnussen;;GTLM;;Corvette Racing;Chevrolet;
3;2;109;1:33.490;0;;1:02.084;0;19.451;0;11.955;0;91.3;1:37:13.640;16:47:15.568;1:02.084;0:19.451;0:11.955;;Antonio Garcia;0:00:50.017;GTLM;;Corvette Racing;Chevrolet;
3;2;110;52.402;0;;21.656;0;18.907;0;11.839;0;163.0;1:38:06.042;16:48:07.970;0:21.656;0:18.907;0:11.839;239.7;Antonio Garcia;;GTLM;;Corvette Racing;Chevrolet;
3;2;111;52.790;0;;21.426;0;19.363;0;12.001;0;161.8;1:38:58.832;16:49:00.760;0:21.426;0:19.363;0:12.001;240.7;Antonio Garcia;;GTLM;;Corvette Racing;Chevrolet;
3;2;112;51.967;0;;21.337;0;18.808;0;11.822;0;164.3;1:39:50.799;16:49:52.727;0:21.337;0:18.808;0:11.822;240.2;Antonio Garcia;;GTLM;;Corvette Racing;Chevrolet;
3;2;113;52.017;0;;21.343;0;18.919;0;11.755;0;164.2;1:40:42.816;16:50:44.744;0:21.343;0:18.919;0:11.755;241.3;Antonio Garcia;;GTLM;;Corvette Racing;Chevrolet;
3;2;114;51.614;0;;21.080;0;18.824;0;11.710;0;165.5;1:41:34.430;16:51:36.358;0:21.080;0:18.824;0:11.710;242.8;Antonio Garcia;;GTLM;;Corvette Racing;Chevrolet;
3;2;115;51.788;0;;21.172;0;18.850;0;11.766;0;164.9;1:42:26.218;16:52:28.146;0:21.172;0:18.850;0:11.766;242.8;Antonio Garcia;;GTLM;;Corvette Racing;Chevrolet;
3;2;116;51.737;0;;21.154;0;18.823;0;11.760;0;165.1;1:43:17.955;16:53:19.883;0:21.154;0:18.823;0:11.760;242.8;Antonio Garcia;;GTLM;;Corvette Racing;Chevrolet;
3;2;117;51.864;0;;21.331;0;18.783;0;11.750;0;164.7;1:44:09.819;16:54:11.747;0:21.331;0:18.783;0:11.750;242.8;Antonio Garcia;;GTLM;;Corvette Racing;Chevrolet;
3;2;118;51.675;0;;21.158;0;18.827;0;11.690;0;165.3;1:45:01.494;16:55:03.422;0:21.158;0:18.827;0:11.690;242.8;Antonio Garcia;;GTLM;;Corvette Racing;Chevrolet;
3;2;119;52.276;0;;21.512;0;18.863;0;11.901;0;163.4;1:45:53.770;16:55:55.698;0:21.512;0:18.863;0:11.901;245.0;Antonio Garcia;;GTLM;;Corvette Racing;Chevrolet;
3;2;120;51.653;0;;21.353;0;18.586;0;11.714;0;165.3;1:46:45.423;16:56:47.351;0:21.353;0:18.586;0:11.714;242.3;Antonio Garcia;;GTLM;;Corvette Racing;Chevrolet;
3;2;121;51.407;0;;20.985;0;18.697;0;11.725;0;166.1;1:47:36.830;16:57:38.758;0:20.985;0:18.697;0:11.725;243.4;Antonio Garcia;;GTLM;;Corvette Racing;Chevrolet;
3;2;122;51.795;0;;21.511;0;18.647;0;11.637;0;164.9;1:48:28.625;16:58:30.553;0:21.511;0:18.647;0:11.637;242.3;Antonio Garcia;;GTLM;;Corvette Racing;Chevrolet;
3;2;123;51.429;0;;21.030;0;18.762;0;11.637;0;166.1;1:49:20.054;16:59:21.982;0:21.030;0:18.762;0:11.637;243.4;Antonio Garcia;;GTLM;;Corvette Racing;Chevrolet;
3;2;124;51.487;0;;21.106;0;18.727;0;11.654;0;165.9;1:50:11.541;17:00:13.469;0:21.106;0:18.727;0:11.654;243.9;Antonio Garcia;;GTLM;;Corvette Racing;Chevrolet;
3;2;125;51.611;0;;21.006;0;18.917;0;11.688;0;165.5;1:51:03.152;17:01:05.080;0:21.006;0:18.917;0:11.688;243.4;Antonio Garcia;;GTLM;;Corvette Racing;Chevrolet;
3;2;126;51.869;0;;21.185;0;19.009;0;11.675;0;164.6;1:51:55.021;17:01:56.949;0:21.185;0:19.009;0:11.675;243.9;Antonio Garcia;;GTLM;;Corvette Racing;Chevrolet;
3;2;127;51.593;0;;21.195;0;18.698;0;11.700;0;165.5;1:52:46.614;17:02:48.542;0:21.195;0:18.698;0:11.700;242.8;Antonio Garcia;;GTLM;;Corvette Racing;Chevrolet;
3;2;128;51.964;0;;21.354;0;18.872;0;11.738;0;164.3;1:53:38.578;17:03:40.506;0:21.354;0:18.872;0:11.738;243.9;Antonio Garcia;;GTLM;;Corvette Racing;Chevrolet;
3;2;129;51.544;0;;21.139;0;18.717;0;11.688;0;165.7;1:54:30.122;17:04:32.050;0:21.139;0:18.717;0:11.688;243.4;Antonio Garcia;;GTLM;;Corvette Racing;Chevrolet;
3;2;130;51.588;0;;21.219;0;18.713;0;11.656;0;165.5;1:55:21.710;17:05:23.638;0:21.219;0:18.713;0:11.656;243.4;Antonio Garcia;;GTLM;;Corvette Racing;Chevrolet;
3;2;131;51.544;0;;21.140;0;18.718;0;11.686;0;165.7;1:56:13.254;17:06:15.182;0:21.140;0:18.718;0:11.686;243.9;Antonio Garcia;;GTLM;;Corvette Racing;Chevrolet;
3;2;132;52.584;0;;21.370;0;19.353;0;11.861;0;162.4;1:57:05.838;17:07:07.766;0:21.370;0:19.353;0:11.861;243.9;Antonio Garcia;;GTLM;;Corvette Racing;Chevrolet;
3;2;133;51.621;0;;21.241;0;18.726;0;11.654;0;165.4;1:57:57.459;17:07:59.387;0:21.241;0:18.726;0:11.654;241.8;Antonio Garcia;;GTLM;;Corvette Racing;Chevrolet;
3;2;134;51.611;0;;21.189;0;18.767;0;11.655;0;165.5;1:58:49.070;17:08:50.998;0:21.189;0:18.767;0:11.655;243.4;Antonio Garcia;;GTLM;;Corvette Racing;Chevrolet;
3;2;135;51.619;0;;21.125;0;18.817;0;11.677;0;165.4;1:59:40.689;17:09:42.617;0:21.125;0:18.817;0:11.677;244.4;Antonio Garcia;;GTLM;;Corvette Racing;Chevrolet;
3;2;136;51.759;0;;21.315;0;18.821;0;11.623;0;165.0;2:00:32.448;17:10:34.376;0:21.315;0:18.821;0:11.623;243.4;Antonio Garcia;;GTLM;;Corvette Racing;Chevrolet;
3;2;137;52.680;0;;21.247;0;19.252;0;12.181;0;162.1;2:01:25.128;17:11:27.056;0:21.247;0:19.252;0:12.181;245.0;Antonio Garcia;;GTLM;;Corvette Racing;Chevrolet;
3;2;138;52.501;0;;21.568;0;19.131;0;11.802;0;162.7;2:02:17.629;17:12:19.557;0:21.568;0:19.131;0:11.802;240.7;Antonio Garcia;;GTLM;;Corvette Racing;Chevrolet;
3;2;139;52.246;0;;21.555;0;18.880;0;11.811;0;163.5;2:03:09.875;17:13:11.803;0:21.555;0:18.880;0:11.811;243.9;Antonio Garcia;;GTLM;;Corvette Racing;Chevrolet;
3;2;140;51.678;0;;21.343;0;18.737;0;11.598;0;165.3;2:04:01.553;17:14:03.481;0:21.343;0:18.737;0:11.598;242.8;Antonio Garcia;;GTLM;;Corvette Racing;Chevrolet;
3;2;141;51.947;0;;21.296;0;18.926;0;11.725;0;164.4;2:04:53.500;17:14:55.428;0:21.296;0:18.926;0:11.725;244.4;Antonio Garcia;;GTLM;;Corvette Racing;Chevrolet;
3;2;142;52.766;0;;21.433;0;19.255;0;12.078;0;161.8;2:05:46.266;17:15:48.194;0:21.433;0:19.255;0:12.078;243.9;Antonio Garcia;;GTLM;;Corvette Racing;Chevrolet;
3;2;143;52.122;0;;21.607;0;18.812;0;11.703;0;163.8;2:06:38.388;17:16:40.316;0:21.607;0:18.812;0:11.703;240.7;Antonio Garcia;;GTLM;;Corvette Racing;Chevrolet;
3;2;144;51.722;0;;21.159;0;18.821;0;11.742;0;165.1;2:07:30.110;17:17:32.038;0:21.159;0:18.821;0:11.742;243.4;Antonio Garcia;;GTLM;;Corvette Racing;Chevrolet;
3;2;145;51.790;0;;21.279;0;18.824;0;11.687;0;164.9;2:08:21.900;17:18:23.828;0:21.279;0:18.824;0:11.687;242.8;Antonio Garcia;;GTLM;;Corvette Racing;Chevrolet;
3;2;146;52.119;0;;21.536;0;18.860;0;11.723;0;163.9;2:09:14.019;17:19:15.947;0:21.536;0:18.860;0:11.723;243.9;Antonio Garcia;;GTLM;;Corvette Racing;Chevrolet;
3;2;147;52.405;0;;21.706;0;18.926;0;11.773;0;163.0;2:10:06.424;17:20:08.352;0:21.706;0:18.926;0:11.773;243.4;Antonio Garcia;;GTLM;;Corvette Racing;Chevrolet;
3;2;148;52.905;0;;21.559;0;19.446;0;11.900;0;161.4;2:10:59.329;17:21:01.257;0:21.559;0:19.446;0:11.900;244.4;Antonio Garcia;;GTLM;;Corvette Racing;Chevrolet;
3;2;149;52.615;0;;21.709;0;18.945;0;11.961;0;162.3;2:11:51.944;17:21:53.872;0:21.709;0:18.945;0:11.961;242.8;Antonio Garcia;;GTLM;;Corvette Racing;Chevrolet;
3;2;150;52.234;0;;21.696;0;18.844;0;11.694;0;163.5;2:12:44.178;17:22:46.106;0:21.696;0:18.844;0:11.694;242.3;Antonio Garcia;;GTLM;;Corvette Racing;Chevrolet;
3;2;151;52.525;0;;21.354;0;19.431;0;11.740;0;162.6;2:13:36.703;17:23:38.631;0:21.354;0:19.431;0:11.740;244.4;Antonio Garcia;;GTLM;;Corvette Racing;Chevrolet;
3;2;152;52.110;0;;21.294;0;19.025;0;11.791;0;163.9;2:14:28.813;17:24:30.741;0:21.294;0:19.025;0:11.791;244.4;Antonio Garcia;;GTLM;;Corvette Racing;Chevrolet;
3;2;153;52.176;0;;21.457;0;18.916;0;11.803;0;163.7;2:15:20.989;17:25:22.917;0:21.457;0:18.916;0:11.803;243.4;Antonio Garcia;;GTLM;;Corvette Racing;Chevrolet;
3;2;154;52.055;0;;21.413;0;18.880;0;11.762;0;164.1;2:16:13.044;17:26:14.972;0:21.413;0:18.880;0:11.762;242.8;Antonio Garcia;;GTLM;;Corvette Racing;Chevrolet;
3;2;155;52.056;0;;21.412;0;18.886;0;11.758;0;164.1;2:17:05.100;17:27:07.028;0:21.412;0:18.886;0:11.758;242.8;Antonio Garcia;;GTLM;;Corvette Racing;Chevrolet;
3;2;156;52.462;0;;21.662;0;18.960;0;11.840;0;162.8;2:17:57.562;17:27:59.490;0:21.662;0:18.960;0:11.840;242.3;Antonio Garcia;;GTLM;;Corvette Racing;Chevrolet;
3;2;157;52.203;0;;21.512;0;18.899;0;11.792;0;163.6;2:18:49.765;17:28:51.693;0:21.512;0:18.899;0:11.792;242.8;Antonio Garcia;;GTLM;;Corvette Racing;Chevrolet;
3;2;158;52.283;0;;21.559;0;18.885;0;11.839;0;163.3;2:19:42.048;17:29:43.976;0:21.559;0:18.885;0:11.839;243.4;Antonio Garcia;;GTLM;;Corvette Racing;Chevrolet;
3;2;159;52.328;0;;21.685;0;18.870;0;11.773;0;163.2;2:20:34.376;17:30:36.304;0:21.685;0:18.870;0:11.773;242.8;Antonio Garcia;;GTLM;;Corvette Racing;Chevrolet;
3;2;160;52.839;0;;21.641;0;19.065;0;12.133;0;161.6;2:21:27.215;17:31:29.143;0:21.641;0:19.065;0:12.133;244.4;Antonio Garcia;;GTLM;;Corvette Racing;Chevrolet;
3;2;161;52.562;0;;21.915;0;18.870;0;11.777;0;162.5;2:22:19.777;17:32:21.705;0:21.915;0:18.870;0:11.777;240.7;Antonio Garcia;;GTLM;;Corvette Racing;Chevrolet;
3;2;162;52.455;0;;21.672;0;18.917;0;11.866;0;162.8;2:23:12.232;17:33:14.160;0:21.672;0:18.917;0:11.866;243.4;Antonio Garcia;;GTLM;;Corvette Racing;Chevrolet;
3;2;163;52.406;0;;21.675;0;18.940;0;11.791;0;163.0;2:24:04.638;17:34:06.566;0:21.675;0:18.940;0:11.791;242.8;Antonio Garcia;;GTLM;;Corvette Racing;Chevrolet;
3;2;164;52.808;0;;22.014;0;18.974;0;11.820;0;161.7;2:24:57.446;17:34:59.374;0:22.014;0:18.974;0:11.820;243.4;Antonio Garcia;;GTLM;;Corvette Racing;Chevrolet;
3;2;165;52.323;0;;21.628;0;18.917;0;11.778;0;163.2;2:25:49.769;17:35:51.697;0:21.628;0:18.917;0:11.778;242.8;Antonio Garcia;;GTLM;;Corvette Racing;Chevrolet;
3;2;166;52.620;0;;21.643;0;19.106;0;11.871;0;162.3;2:26:42.389;17:36:44.317;0:21.643;0:19.106;0:11.871;243.9;Antonio Garcia;;GTLM;;Corvette Racing;Chevrolet;
3;2;167;52.649;0;;21.714;0;19.034;0;11.901;0;162.2;2:27:35.038;17:37:36.966;0:21.714;0:19.034;0:11.901;243.4;Antonio Garcia;;GTLM;;Corvette Racing;Chevrolet;
3;2;168;53.580;0;;22.229;0;19.251;0;12.100;0;159.4;2:28:28.618;17:38:30.546;0:22.229;0:19.251;0:12.100;242.8;Antonio Garcia;;GTLM;;Corvette Racing;Chevrolet;
3;2;169;53.882;0;;22.663;0;19.170;0;12.049;0;158.5;2:29:22.500;17:39:24.428;0:22.663;0:19.170;0:12.049;240.7;Antonio Garcia;;GTLM;;Corvette Racing;Chevrolet;
3;2;170;53.354;0;;21.950;0;19.356;0;12.048;0;160.1;2:30:15.854;17:40:17.782;0:21.950;0:19.356;0:12.048;241.3;Antonio Garcia;;GTLM;;Corvette Racing;Chevrolet;
3;2;171;53.551;0;;21.932;0;19.408;0;12.211;0;159.5;2:31:09.405;17:41:11.333;0:21.932;0:19.408;0:12.211;241.8;Antonio Garcia;;GTLM;;Corvette Racing;Chevrolet;
3;2;172;53.262;0;;22.013;0;19.277;0;11.972;0;160.3;2:32:02.667;17:42:04.595;0:22.013;0:19.277;0:11.972;241.3;Antonio Garcia;;GTLM;;Corvette Racing;Chevrolet;
3;2;173;53.013;0;;21.925;0;19.154;0;11.934;0;161.1;2:32:55.680;17:42:57.608;0:21.925;0:19.154;0:11.934;241.3;Antonio Garcia;;GTLM;;Corvette Racing;Chevrolet;
3;2;174;53.310;0;;22.025;0;19.286;0;11.999;0;160.2;2:33:48.990;17:43:50.918;0:22.025;0:19.286;0:11.999;242.3;Antonio Garcia;;GTLM;;Corvette Racing;Chevrolet;
3;2;175;53.395;0;;22.180;0;19.250;0;11.965;0;159.9;2:34:42.385;17:44:44.313;0:22.180;0:19.250;0:11.965;241.8;Antonio Garcia;;GTLM;;Corvette Racing;Chevrolet;
3;2;176;53.359;0;;22.207;0;19.239;0;11.913;0;160.0;2:35:35.744;17:45:37.672;0:22.207;0:19.239;0:11.913;242.3;Antonio Garcia;;GTLM;;Corvette Racing;Chevrolet;
3;2;177;54.058;0;;22.397;0;19.544;0;12.117;0;158.0;2:36:29.802;17:46:31.730;0:22.397;0:19.544;0:12.117;242.3;Antonio Garcia;;GTLM;;Corvette Racing;Chevrolet;
3;2;178;54.350;0;;22.507;0;19.601;0;12.242;0;157.1;2:37:24.152;17:47:26.080;0:22.507;0:19.601;0:12.242;241.3;Antonio Garcia;;GTLM;;Corvette Racing;Chevrolet;
3;2;179;54.224;0;;22.536;0;19.523;0;12.165;0;157.5;2:38:18.376;17:48:20.304;0:22.536;0:19.523;0:12.165;239.7;Antonio Garcia;;GTLM;;Corvette Racing;Chevrolet;
3;2;180;55.097;0;;22.723;0;19.961;0;12.413;0;155.0;2:39:13.473;17:49:15.401;0:22.723;0:19.961;0:12.413;240.2;Antonio Garcia;;GTLM;;Corvette Racing;Chevrolet;
3;2;181;56.479;0;;23.145;0;20.226;0;13.108;0;151.2;2:40:09.952;17:50:11.880;0:23.145;0:20.226;0:13.108;238.2;Antonio Garcia;;GTLM;;Corvette Racing;Chevrolet;
3;2;182;56.320;0;;23.682;0;19.993;0;12.645;0;151.6;2:41:06.272;17:51:08.200;0:23.682;0:19.993;0:12.645;233.7;Antonio Garcia;;GTLM;;Corvette Racing;Chevrolet;
33;1;1;57.617;0;;25.635;0;19.863;0;12.119;0;148.2;57.617;15:10:59.545;0:25.635;0:19.863;0:12.119;224.3;Ben Keating;;GTD;;Riley Motorsports - Team AMG;Mercedes-AMG;
33;1;2;53.434;0;;22.069;0;19.310;0;12.055;0;159.8;1:51.051;15:11:52.979;0:22.069;0:19.310;0:12.055;238.7;Ben Keating;;GTD;;Riley Motorsports - Team AMG;Mercedes-AMG;
33;1;3;53.177;0;;21.887;0;19.318;0;11.972;0;160.6;2:44.228;15:12:46.156;0:21.887;0:19.318;0:11.972;239.7;Ben Keating;;GTD;;Riley Motorsports - Team AMG;Mercedes-AMG;
33;1;4;52.959;0;;21.696;0;19.228;0;12.035;0;161.3;3:37.187;15:13:39.115;0:21.696;0:19.228;0:12.035;239.2;Ben Keating;;GTD;;Riley Motorsports - Team AMG;Mercedes-AMG;
33;1;5;52.826;0;;21.859;0;19.016;1;11.951;0;161.7;4:30.013;15:14:31.941;0:21.859;0:19.016;0:11.951;238.2;Ben Keating;;GTD;;Riley Motorsports - Team AMG;Mercedes-AMG;
33;1;6;53.173;0;;21.946;0;19.323;0;11.904;2;160.6;5:23.186;15:15:25.114;0:21.946;0:19.323;0:11.904;239.7;Ben Keating;;GTD;;Riley Motorsports - Team AMG;Mercedes-AMG;
33;1;7;52.742;0;;21.718;0;19.112;0;11.912;0;161.9;6:15.928;15:16:17.856;0:21.718;0:19.112;0:11.912;240.2;Ben Keating;;GTD;;Riley Motorsports - Team AMG;Mercedes-AMG;
33;1;8;53.020;0;;21.790;0;19.273;0;11.957;0;161.1;7:08.948;15:17:10.876;0:21.790;0:19.273;0:11.957;239.2;Ben Keating;;GTD;;Riley Motorsports - Team AMG;Mercedes-AMG;
33;1;9;52.731;0;;21.745;0;19.080;0;11.906;0;162.0;8:01.679;15:18:03.607;0:21.745;0:19.080;0:11.906;239.2;Ben Keating;;GTD;;Riley Motorsports - Team AMG;Mercedes-AMG;
33;1;10;52.953;0;;21.643;1;19.356;0;11.954;0;161.3;8:54.632;15:18:56.560;0:21.643;0:19.356;0:11.954;239.7;Ben Keating;;GTD;;Riley Motorsports - Team AMG;Mercedes-AMG;
33;1;11;53.217;0;;21.915;0;19.270;0;12.032;0;160.5;9:47.849;15:19:49.777;0:21.915;0:19.270;0:12.032;239.7;Ben Keating;;GTD;;Riley Motorsports - Team AMG;Mercedes-AMG;
33;1;12;52.937;0;;21.845;0;19.175;0;11.917;0;161.3;10:40.786;15:20:42.714;0:21.845;0:19.175;0:11.917;238.7;Ben Keating;;GTD;;Riley Motorsports - Team AMG;Mercedes-AMG;
33;1;13;53.006;0;;21.744;0;19.308;0;11.954;0;161.1;11:33.792;15:21:35.720;0:21.744;0:19.308;0:11.954;240.2;Ben Keating;;GTD;;Riley Motorsports - Team AMG;Mercedes-AMG;
33;1;14;52.840;0;;21.780;0;19.065;0;11.995;0;161.6;12:26.632;15:22:28.560;0:21.780;0:19.065;0:11.995;238.7;Ben Keating;;GTD;;Riley Motorsports - Team AMG;Mercedes-AMG;
33;1;15;52.876;0;;21.770;0;19.153;0;11.953;0;161.5;13:19.508;15:23:21.436;0:21.770;0:19.153;0:11.953;238.7;Ben Keating;;GTD;;Riley Motorsports - Team AMG;Mercedes-AMG;
33;1;16;53.094;0;;21.770;0;19.213;0;12.111;0;160.8;14:12.602;15:24:14.530;0:21.770;0:19.213;0:12.111;238.2;Ben Keating;;GTD;;Riley Motorsports - Team AMG;Mercedes-AMG;
33;1;17;53.070;0;;21.819;0;19.284;0;11.967;0;160.9;15:05.672;15:25:07.600;0:21.819;0:19.284;0:11.967;237.2;Ben Keating;;GTD;;Riley Motorsports - Team AMG;Mercedes-AMG;
33;1;18;53.081;0;;21.837;0;19.251;0;11.993;0;160.9;15:58.753;15:26:00.681;0:21.837;0:19.251;0:11.993;237.7;Ben Keating;;GTD;;Riley Motorsports - Team AMG;Mercedes-AMG;
33;1;19;53.207;0;;21.921;0;19.304;0;11.982;0;160.5;16:51.960;15:26:53.888;0:21.921;0:19.304;0:11.982;236.7;Ben Keating;;GTD;;Riley Motorsports - Team AMG;Mercedes-AMG;
33;1;20;53.221;0;;21.807;0;19.364;0;12.050;0;160.5;17:45.181;15:27:47.109;0:21.807;0:19.364;0:12.050;236.7;Ben Keating;;GTD;;Riley Motorsports - Team AMG;Mercedes-AMG;
33;1;21;53.087;0;;21.795;0;19.243;0;12.049;0;160.9;18:38.268;15:28:40.196;0:21.795;0:19.243;0:12.049;238.2;Ben Keating;;GTD;;Riley Motorsports - Team AMG;Mercedes-AMG;
33;1;22;53.366;0;;21.959;0;19.302;0;12.105;0;160.0;19:31.634;15:29:33.562;0:21.959;0:19.302;0:12.105;237.7;Ben Keating;;GTD;;Riley Motorsports - Team AMG;Mercedes-AMG;
33;1;23;53.262;0;;21.855;0;19.368;0;12.039;0;160.3;20:24.896;15:30:26.824;0:21.855;0:19.368;0:12.039;236.7;Ben Keating;;GTD;;Riley Motorsports - Team AMG;Mercedes-AMG;
33;1;24;53.711;0;;22.016;0;19.316;0;12.379;0;159.0;21:18.607;15:31:20.535;0:22.016;0:19.316;0:12.379;237.7;Ben Keating;;GTD;;Riley Motorsports - Team AMG;Mercedes-AMG;
33;1;25;53.436;0;;21.980;0;19.400;0;12.056;0;159.8;22:12.043;15:32:13.971;0:21.980;0:19.400;0:12.056;234.7;Ben Keating;;GTD;;Riley Motorsports - Team AMG;Mercedes-AMG;
33;1;26;53.328;0;;22.003;0;19.221;0;12.104;0;160.1;23:05.371;15:33:07.299;0:22.003;0:19.221;0:12.104;237.7;Ben Keating;;GTD;;Riley Motorsports - Team AMG;Mercedes-AMG;
33;1;27;53.493;0;;22.058;0;19.371;0;12.064;0;159.6;23:58.864;15:34:00.792;0:22.058;0:19.371;0:12.064;236.2;Ben Keating;;GTD;;Riley Motorsports - Team AMG;Mercedes-AMG;
33;1;28;53.562;0;;22.135;0;19.424;0;12.003;0;159.4;24:52.426;15:34:54.354;0:22.135;0:19.424;0:12.003;238.7;Ben Keating;;GTD;;Riley Motorsports - Team AMG;Mercedes-AMG;
33;1;29;53.198;0;;22.015;0;19.141;0;12.042;0;160.5;25:45.624;15:35:47.552;0:22.015;0:19.141;0:12.042;238.7;Ben Keating;;GTD;;Riley Motorsports - Team AMG;Mercedes-AMG;
33;1;30;53.090;0;;21.853;0;19.232;0;12.005;0;160.9;26:38.714;15:36:40.642;0:21.853;0:19.232;0:12.005;237.2;Ben Keating;;GTD;;Riley Motorsports - Team AMG;Mercedes-AMG;
33;1;31;53.404;0;;21.943;0;19.428;0;12.033;0;159.9;27:32.118;15:37:34.046;0:21.943;0:19.428;0:12.033;239.2;Ben Keating;;GTD;;Riley Motorsports - Team AMG;Mercedes-AMG;
33;1;32;53.688;0;;22.349;0;19.281;0;12.058;0;159.1;28:25.806;15:38:27.734;0:22.349;0:19.281;0:12.058;237.7;Ben Keating;;GTD;;Riley Motorsports - Team AMG;Mercedes-AMG;
33;1;33;53.263;0;;21.957;0;19.288;0;12.018;0;160.3;29:19.069;15:39:20.997;0:21.957;0:19.288;0:12.018;238.2;Ben Keating;;GTD;;Riley Motorsports - Team AMG;Mercedes-AMG;
33;1;34;53.623;0;;22.099;0;19.517;0;12.007;0;159.3;30:12.692;15:40:14.620;0:22.099;0:19.517;0:12.007;238.2;Ben Keating;;GTD;;Riley Motorsports - Team AMG;Mercedes-AMG;
33;1;35;54.329;0;;22.138;0;19.873;0;12.318;0;157.2;31:07.021;15:41:08.949;0:22.138;0:19.873;0:12.318;239.7;Ben Keating;;GTD;;Riley Motorsports - Team AMG;Mercedes-AMG;
33;1;36;54.419;0;;22.718;0;19.604;0;12.097;0;156.9;32:01.440;15:42:03.368;0:22.718;0:19.604;0:12.097;235.7;Ben Keating;;GTD;;Riley Motorsports - Team AMG;Mercedes-AMG;
33;1;37;53.579;0;;22.053;0;19.425;0;12.101;0;159.4;32:55.019;15:42:56.947;0:22.053;0:19.425;0:12.101;237.2;Ben Keating;;GTD;;Riley Motorsports - Team AMG;Mercedes-AMG;
33;1;38;53.369;0;;21.980;0;19.336;0;12.053;0;160.0;33:48.388;15:43:50.316;0:21.980;0:19.336;0:12.053;236.7;Ben Keating;;GTD;;Riley Motorsports - Team AMG;Mercedes-AMG;
33;1;39;53.730;0;;22.056;0;19.584;0;12.090;0;158.9;34:42.118;15:44:44.046;0:22.056;0:19.584;0:12.090;239.7;Ben Keating;;GTD;;Riley Motorsports - Team AMG;Mercedes-AMG;
33;1;40;54.192;0;;22.141;0;19.712;0;12.339;0;157.6;35:36.310;15:45:38.238;0:22.141;0:19.712;0:12.339;236.2;Ben Keating;;GTD;;Riley Motorsports - Team AMG;Mercedes-AMG;
33;1;41;54.444;0;;22.198;0;20.064;0;12.182;0;156.9;36:30.754;15:46:32.682;0:22.198;0:20.064;0:12.182;233.7;Ben Keating;;GTD;;Riley Motorsports - Team AMG;Mercedes-AMG;
33;1;42;53.852;0;;22.253;0;19.486;0;12.113;0;158.6;37:24.606;15:47:26.534;0:22.253;0:19.486;0:12.113;237.7;Ben Keating;;GTD;;Riley Motorsports - Team AMG;Mercedes-AMG;
33;1;43;53.805;0;;22.260;0;19.303;0;12.242;0;158.7;38:18.411;15:48:20.339;0:22.260;0:19.303;0:12.242;237.7;Ben Keating;;GTD;;Riley Motorsports - Team AMG;Mercedes-AMG;
33;1;44;53.917;0;;22.270;0;19.430;0;12.217;0;158.4;39:12.328;15:49:14.256;0:22.270;0:19.430;0:12.217;235.7;Ben Keating;;GTD;;Riley Motorsports - Team AMG;Mercedes-AMG;
33;1;45;53.699;0;;22.135;0;19.420;0;12.144;0;159.0;40:06.027;15:50:07.955;0:22.135;0:19.420;0:12.144;235.2;Ben Keating;;GTD;;Riley Motorsports - Team AMG;Mercedes-AMG;
33;1;46;53.940;0;;22.329;0;19.415;0;12.196;0;158.3;40:59.967;15:51:01.895;0:22.329;0:19.415;0:12.196;237.7;Ben Keating;;GTD;;Riley Motorsports - Team AMG;Mercedes-AMG;
33;1;47;53.894;0;;22.277;0;19.471;0;12.146;0;158.5;41:53.861;15:51:55.789;0:22.277;0:19.471;0:12.146;236.7;Ben Keating;;GTD;;Riley Motorsports - Team AMG;Mercedes-AMG;
33;1;48;54.304;0;;22.218;0;19.791;0;12.295;0;157.3;42:48.165;15:52:50.093;0:22.218;0:19.791;0:12.295;236.2;Ben Keating;;GTD;;Riley Motorsports - Team AMG;Mercedes-AMG;
33;1;49;54.054;0;;22.543;0;19.397;0;12.114;0;158.0;43:42.219;15:53:44.147;0:22.543;0:19.397;0:12.114;236.2;Ben Keating;;GTD;;Riley Motorsports - Team AMG;Mercedes-AMG;
33;1;50;53.820;0;;22.229;0;19.431;0;12.160;0;158.7;44:36.039;15:54:37.967;0:22.229;0:19.431;0:12.160;238.7;Ben Keating;;GTD;;Riley Motorsports - Team AMG;Mercedes-AMG;
33;1;51;53.864;0;;22.246;0;19.396;0;12.222;0;158.5;45:29.903;15:55:31.831;0:22.246;0:19.396;0:12.222;237.7;Ben Keating;;GTD;;Riley Motorsports - Team AMG;Mercedes-AMG;
33;1;52;53.947;0;;22.335;0;19.485;0;12.127;0;158.3;46:23.850;15:56:25.778;0:22.335;0:19.485;0:12.127;236.2;Ben Keating;;GTD;;Riley Motorsports - Team AMG;Mercedes-AMG;
33;1;53;53.941;0;;22.355;0;19.459;0;12.127;0;158.3;47:17.791;15:57:19.719;0:22.355;0:19.459;0:12.127;238.7;Ben Keating;;GTD;;Riley Motorsports - Team AMG;Mercedes-AMG;
33;1;54;53.632;0;;22.120;0;19.428;0;12.084;0;159.2;48:11.423;15:58:13.351;0:22.120;0:19.428;0:12.084;238.2;Ben Keating;;GTD;;Riley Motorsports - Team AMG;Mercedes-AMG;
33;1;55;53.832;0;;22.316;0;19.390;0;12.126;0;158.6;49:05.255;15:59:07.183;0:22.316;0:19.390;0:12.126;239.2;Ben Keating;;GTD;;Riley Motorsports - Team AMG;Mercedes-AMG;
33;1;56;1:42.900;0;B;22.309;0;19.598;0;1:00.993;0;83.0;50:48.155;16:00:50.083;0:22.309;0:19.598;1:00.993;238.7;Ben Keating;;GTD;;Riley Motorsports - Team AMG;Mercedes-AMG;
33;2;57;1:01.846;0;;30.130;0;19.567;0;12.149;0;138.1;51:50.001;16:01:51.929;0:30.130;0:19.567;0:12.149;;Jeroen Bleekemolen;0:00:55.616;GTD;;Riley Motorsports - Team AMG;Mercedes-AMG;
33;2;58;53.523;0;;21.852;0;19.518;0;12.153;0;159.6;52:43.524;16:02:45.452;0:21.852;0:19.518;0:12.153;236.7;Jeroen Bleekemolen;;GTD;;Riley Motorsports - Team AMG;Mercedes-AMG;
33;2;59;52.834;0;;21.595;0;19.085;0;12.154;0;161.6;53:36.358;16:03:38.286;0:21.595;0:19.085;0:12.154;235.7;Jeroen Bleekemolen;;GTD;;Riley Motorsports - Team AMG;Mercedes-AMG;
33;2;60;52.546;0;;21.435;2;19.078;0;12.033;0;162.5;54:28.904;16:04:30.832;0:21.435;0:19.078;0:12.033;237.7;Jeroen Bleekemolen;;GTD;;Riley Motorsports - Team AMG;Mercedes-AMG;
33;2;61;52.701;0;;21.519;0;19.077;0;12.105;0;162.0;55:21.605;16:05:23.533;0:21.519;0:19.077;0:12.105;238.7;Jeroen Bleekemolen;;GTD;;Riley Motorsports - Team AMG;Mercedes-AMG;
33;2;62;53.355;0;;21.646;0;19.411;0;12.298;0;160.1;56:14.960;16:06:16.888;0:21.646;0:19.411;0:12.298;238.2;Jeroen Bleekemolen;;GTD;;Riley Motorsports - Team AMG;Mercedes-AMG;
33;2;63;54.010;0;;22.758;0;19.208;0;12.044;0;158.1;57:08.970;16:07:10.898;0:22.758;0:19.208;0:12.044;236.7;Jeroen Bleekemolen;;GTD;;Riley Motorsports - Team AMG;Mercedes-AMG;
33;2;64;53.762;0;;22.263;0;19.345;0;12.154;0;158.8;58:02.732;16:08:04.660;0:22.263;0:19.345;0:12.154;237.7;Jeroen Bleekemolen;;GTD;;Riley Motorsports - Team AMG;Mercedes-AMG;
33;2;65;52.487;2;;21.461;0;18.973;2;12.053;0;162.7;58:55.219;16:08:57.147;0:21.461;0:18.973;0:12.053;236.7;Jeroen Bleekemolen;;GTD;;Riley Motorsports - Team AMG;Mercedes-AMG;
33;2;66;52.644;0;;21.559;0;19.049;0;12.036;0;162.2;59:47.863;16:09:49.791;0:21.559;0:19.049;0:12.036;236.2;Jeroen Bleekemolen;;GTD;;Riley Motorsports - Team AMG;Mercedes-AMG;
33;2;67;52.890;0;;21.739;0;19.169;0;11.982;0;161.5;1:00:40.753;16:10:42.681;0:21.739;0:19.169;0:11.982;238.2;Jeroen Bleekemolen;;GTD;;Riley Motorsports - Team AMG;Mercedes-AMG;
33;2;68;52.881;0;;21.662;0;19.137;0;12.082;0;161.5;1:01:33.634;16:11:35.562;0:21.662;0:19.137;0:12.082;237.2;Jeroen Bleekemolen;;GTD;;Riley Motorsports - Team AMG;Mercedes-AMG;
33;2;69;52.820;0;;21.634;0;19.122;0;12.064;0;161.7;1:02:26.454;16:12:28.382;0:21.634;0:19.122;0:12.064;237.7;Jeroen Bleekemolen;;GTD;;Riley Motorsports - Team AMG;Mercedes-AMG;
33;2;70;52.731;0;;21.630;0;19.036;0;12.065;0;162.0;1:03:19.185;16:13:21.113;0:21.630;0:19.036;0:12.065;238.2;Jeroen Bleekemolen;;GTD;;Riley Motorsports - Team AMG;Mercedes-AMG;
33;2;71;52.885;0;;21.653;0;19.190;0;12.042;0;161.5;1:04:12.070;16:14:13.998;0:21.653;0:19.190;0:12.042;237.7;Jeroen Bleekemolen;;GTD;;Riley Motorsports - Team AMG;Mercedes-AMG;
33;2;72;53.039;0;;21.718;0;19.212;0;12.109;0;161.0;1:05:05.109;16:15:07.037;0:21.718;0:19.212;0:12.109;238.2;Jeroen Bleekemolen;;GTD;;Riley Motorsports - Team AMG;Mercedes-AMG;
33;2;73;53.083;0;;21.744;0;19.246;0;12.093;0;160.9;1:05:58.192;16:16:00.120;0:21.744;0:19.246;0:12.093;236.2;Jeroen Bleekemolen;;GTD;;Riley Motorsports - Team AMG;Mercedes-AMG;
33;2;74;52.822;0;;21.611;0;19.199;0;12.012;0;161.7;1:06:51.014;16:16:52.942;0:21.611;0:19.199;0:12.012;237.2;Jeroen Bleekemolen;;GTD;;Riley Motorsports - Team AMG;Mercedes-AMG;
33;2;75;52.858;0;;21.637;0;19.182;0;12.039;0;161.6;1:07:43.872;16:17:45.800;0:21.637;0:19.182;0:12.039;238.7;Jeroen Bleekemolen;;GTD;;Riley Motorsports - Team AMG;Mercedes-AMG;
33;2;76;52.904;0;;21.620;0;19.194;0;12.090;0;161.4;1:08:36.776;16:18:38.704;0:21.620;0:19.194;0:12.090;238.2;Jeroen Bleekemolen;;GTD;;Riley Motorsports - Team AMG;Mercedes-AMG;
33;2;77;52.803;0;;21.596;0;19.205;0;12.002;0;161.7;1:09:29.579;16:19:31.507;0:21.596;0:19.205;0:12.002;237.2;Jeroen Bleekemolen;;GTD;;Riley Motorsports - Team AMG;Mercedes-AMG;
33;2;78;52.897;0;;21.684;0;19.199;0;12.014;0;161.4;1:10:22.476;16:20:24.404;0:21.684;0:19.199;0:12.014;238.2;Jeroen Bleekemolen;;GTD;;Riley Motorsports - Team AMG;Mercedes-AMG;
33;2;79;53.006;0;;21.766;0;19.178;0;12.062;0;161.1;1:11:15.482;16:21:17.410;0:21.766;0:19.178;0:12.062;239.2;Jeroen Bleekemolen;;GTD;;Riley Motorsports - Team AMG;Mercedes-AMG;
33;2;80;53.129;0;;21.758;0;19.346;0;12.025;0;160.7;1:12:08.611;16:22:10.539;0:21.758;0:19.346;0:12.025;237.2;Jeroen Bleekemolen;;GTD;;Riley Motorsports - Team AMG;Mercedes-AMG;
33;2;81;53.110;0;;21.806;0;19.278;0;12.026;0;160.8;1:13:01.721;16:23:03.649;0:21.806;0:19.278;0:12.026;238.2;Jeroen Bleekemolen;;GTD;;Riley Motorsports - Team AMG;Mercedes-AMG;
33;2;82;53.249;0;;21.807;0;19.373;0;12.069;0;160.4;1:13:54.970;16:23:56.898;0:21.807;0:19.373;0:12.069;238.7;Jeroen Bleekemolen;;GTD;;Riley Motorsports - Team AMG;Mercedes-AMG;
33;2;83;53.606;0;;21.967;0;19.441;0;12.198;0;159.3;1:14:48.576;16:24:50.504;0:21.967;0:19.441;0:12.198;237.7;Jeroen Bleekemolen;;GTD;;Riley Motorsports - Team AMG;Mercedes-AMG;
33;2;84;54.074;0;;22.254;0;19.626;0;12.194;0;157.9;1:15:42.650;16:25:44.578;0:22.254;0:19.626;0:12.194;236.7;Jeroen Bleekemolen;;GTD;;Riley Motorsports - Team AMG;Mercedes-AMG;
33;2;85;54.268;0;;22.557;0;19.510;0;12.201;0;157.4;1:16:36.918;16:26:38.846;0:22.557;0:19.510;0:12.201;238.2;Jeroen Bleekemolen;;GTD;;Riley Motorsports - Team AMG;Mercedes-AMG;
33;2;86;54.569;0;;22.372;0;19.933;0;12.264;0;156.5;1:17:31.487;16:27:33.415;0:22.372;0:19.933;0:12.264;237.7;Jeroen Bleekemolen;;GTD;;Riley Motorsports - Team AMG;Mercedes-AMG;
33;2;87;54.382;0;;22.644;0;19.522;0;12.216;0;157.0;1:18:25.869;16:28:27.797;0:22.644;0:19.522;0:12.216;238.2;Jeroen Bleekemolen;;GTD;;Riley Motorsports - Team AMG;Mercedes-AMG;
33;2;88;54.224;0;;22.439;0;19.653;0;12.132;0;157.5;1:19:20.093;16:29:22.021;0:22.439;0:19.653;0:12.132;238.7;Jeroen Bleekemolen;;GTD;;Riley Motorsports - Team AMG;Mercedes-AMG;
33;2;89;54.456;0;;22.836;0;19.433;0;12.187;0;156.8;1:20:14.549;16:30:16.477;0:22.836;0:19.433;0:12.187;238.7;Jeroen Bleekemolen;;GTD;;Riley Motorsports - Team AMG;Mercedes-AMG;
33;2;90;54.007;0;;22.106;0;19.671;0;12.230;0;158.1;1:21:08.556;16:31:10.484;0:22.106;0:19.671;0:12.230;238.2;Jeroen Bleekemolen;;GTD;;Riley Motorsports - Team AMG;Mercedes-AMG;
33;2;91;54.306;0;;22.143;0;19.676;0;12.487;0;157.3;1:22:02.862;16:32:04.790;0:22.143;0:19.676;0:12.487;238.2;Jeroen Bleekemolen;;GTD;;Riley Motorsports - Team AMG;Mercedes-AMG;
33;2;92;54.273;0;;22.373;0;19.581;0;12.319;0;157.3;1:22:57.135;16:32:59.063;0:22.373;0:19.581;0:12.319;234.7;Jeroen Bleekemolen;;GTD;;Riley Motorsports - Team AMG;Mercedes-AMG;
33;2;93;54.583;0;;22.670;0;19.636;0;12.277;0;156.5;1:23:51.718;16:33:53.646;0:22.670;0:19.636;0:12.277;235.7;Jeroen Bleekemolen;;GTD;;Riley Motorsports - Team AMG;Mercedes-AMG;
33;2;94;53.825;0;;22.180;0;19.520;0;12.125;0;158.7;1:24:45.543;16:34:47.471;0:22.180;0:19.520;0:12.125;238.7;Jeroen Bleekemolen;;GTD;;Riley Motorsports - Team AMG;Mercedes-AMG;
33;2;95;54.104;0;;22.233;0;19.559;0;12.312;0;157.8;1:25:39.647;16:35:41.575;0:22.233;0:19.559;0:12.312;238.2;Jeroen Bleekemolen;;GTD;;Riley Motorsports - Team AMG;Mercedes-AMG;
33;2;96;56.170;0;;22.709;0;20.982;0;12.479;0;152.0;1:26:35.817;16:36:37.745;0:22.709;0:20.982;0:12.479;237.7;Jeroen Bleekemolen;;GTD;;Riley Motorsports - Team AMG;Mercedes-AMG;
33;2;97;53.926;0;;22.173;0;19.615;0;12.138;0;158.4;1:27:29.743;16:37:31.671;0:22.173;0:19.615;0:12.138;237.7;Jeroen Bleekemolen;;GTD;;Riley Motorsports - Team AMG;Mercedes-AMG;
33;2;98;54.189;0;;22.626;0;19.422;0;12.141;0;157.6;1:28:23.932;16:38:25.860;0:22.626;0:19.422;0:12.141;239.2;Jeroen Bleekemolen;;GTD;;Riley Motorsports - Team AMG;Mercedes-AMG;
33;2;99;54.056;0;;22.414;0;19.472;0;12.170;0;158.0;1:29:17.988;16:39:19.916;0:22.414;0:19.472;0:12.170;238.2;Jeroen Bleekemolen;;GTD;;Riley Motorsports - Team AMG;Mercedes-AMG;
33;2;100;53.933;0;;22.189;0;19.489;0;12.255;0;158.3;1:30:11.921;16:40:13.849;0:22.189;0:19.489;0:12.255;237.7;Jeroen Bleekemolen;;GTD;;Riley Motorsports - Team AMG;Mercedes-AMG;
33;2;101;54.317;0;;22.271;0;19.797;0;12.249;0;157.2;1:31:06.238;16:41:08.166;0:22.271;0:19.797;0:12.249;236.7;Jeroen Bleekemolen;;GTD;;Riley Motorsports - Team AMG;Mercedes-AMG;
33;2;102;53.432;0;;21.946;0;19.397;0;12.089;0;159.8;1:31:59.670;16:42:01.598;0:21.946;0:19.397;0:12.089;237.7;Jeroen Bleekemolen;;GTD;;Riley Motorsports - Team AMG;Mercedes-AMG;
33;2;103;53.424;0;;21.889;0;19.331;0;12.204;0;159.8;1:32:53.094;16:42:55.022;0:21.889;0:19.331;0:12.204;238.2;Jeroen Bleekemolen;;GTD;;Riley Motorsports - Team AMG;Mercedes-AMG;
33;2;104;54.727;0;;22.374;0;20.034;0;12.319;0;156.0;1:33:47.821;16:43:49.749;0:22.374;0:20.034;0:12.319;238.7;Jeroen Bleekemolen;;GTD;;Riley Motorsports - Team AMG;Mercedes-AMG;
33;2;105;54.201;0;;22.224;0;19.738;0;12.239;0;157.6;1:34:42.022;16:44:43.950;0:22.224;0:19.738;0:12.239;236.7;Jeroen Bleekemolen;;GTD;;Riley Motorsports - Team AMG;Mercedes-AMG;
33;2;106;55.394;0;;22.897;0;19.787;0;12.710;0;154.2;1:35:37.416;16:45:39.344;0:22.897;0:19.787;0:12.710;238.2;Jeroen Bleekemolen;;GTD;;Riley Motorsports - Team AMG;Mercedes-AMG;
33;2;107;1:40.720;0;B;22.863;0;19.520;0;58.337;0;84.8;1:37:18.136;16:47:20.064;0:22.863;0:19.520;0:58.337;234.2;Jeroen Bleekemolen;;GTD;;Riley Motorsports - Team AMG;Mercedes-AMG;
33;2;108;1:01.356;0;;29.840;0;19.363;0;12.153;0;139.2;1:38:19.492;16:48:21.420;0:29.840;0:19.363;0:12.153;;Jeroen Bleekemolen;0:00:53.308;GTD;;Riley Motorsports - Team AMG;Mercedes-AMG;
33;2;109;53.035;0;;21.832;0;19.232;0;11.971;1;161.0;1:39:12.527;16:49:14.455;0:21.832;0:19.232;0:11.971;235.2;Jeroen Bleekemolen;;GTD;;Riley Motorsports - Team AMG;Mercedes-AMG;
33;2;110;53.080;0;;21.639;0;19.324;0;12.117;0;160.9;1:40:05.607;16:50:07.535;0:21.639;0:19.324;0:12.117;237.7;Jeroen Bleekemolen;;GTD;;Riley Motorsports - Team AMG;Mercedes-AMG;
33;2;111;53.492;0;;22.291;0;19.159;0;12.042;0;159.6;1:40:59.099;16:51:01.027;0:22.291;0:19.159;0:12.042;238.2;Jeroen Bleekemolen;;GTD;;Riley Motorsports - Team AMG;Mercedes-AMG;
33;2;112;52.909;0;;21.742;0;19.084;0;12.083;0;161.4;1:41:52.008;16:51:53.936;0:21.742;0:19.084;0:12.083;238.2;Jeroen Bleekemolen;;GTD;;Riley Motorsports - Team AMG;Mercedes-AMG;
33;2;113;53.203;0;;21.919;0;19.198;0;12.086;0;160.5;1:42:45.211;16:52:47.139;0:21.919;0:19.198;0:12.086;236.2;Jeroen Bleekemolen;;GTD;;Riley Motorsports - Team AMG;Mercedes-AMG;
33;2;114;53.510;0;;22.073;0;19.368;0;12.069;0;159.6;1:43:38.721;16:53:40.649;0:22.073;0:19.368;0:12.069;236.7;Jeroen Bleekemolen;;GTD;;Riley Motorsports - Team AMG;Mercedes-AMG;
33;2;115;52.931;0;;21.661;0;19.229;0;12.041;0;161.3;1:44:31.652;16:54:33.580;0:21.661;0:19.229;0:12.041;238.2;Jeroen Bleekemolen;;GTD;;Riley Motorsports - Team AMG;Mercedes-AMG;
33;2;116;53.092;0;;21.714;0;19.384;0;11.994;0;160.8;1:45:24.744;16:55:26.672;0:21.714;0:19.384;0:11.994;237.2;Jeroen Bleekemolen;;GTD;;Riley Motorsports - Team AMG;Mercedes-AMG;
33;2;117;52.682;0;;21.619;0;19.035;0;12.028;0;162.1;1:46:17.426;16:56:19.354;0:21.619;0:19.035;0:12.028;237.7;Jeroen Bleekemolen;;GTD;;Riley Motorsports - Team AMG;Mercedes-AMG;
33;2;118;54.750;0;;21.765;0;20.432;0;12.553;0;156.0;1:47:12.176;16:57:14.104;0:21.765;0:20.432;0:12.553;237.7;Jeroen Bleekemolen;;GTD;;Riley Motorsports - Team AMG;Mercedes-AMG;
33;2;119;53.651;0;;21.856;0;19.451;0;12.344;0;159.2;1:48:05.827;16:58:07.755;0:21.856;0:19.451;0:12.344;234.7;Jeroen Bleekemolen;;GTD;;Riley Motorsports - Team AMG;Mercedes-AMG;
33;2;120;53.738;0;;22.202;0;19.420;0;12.116;0;158.9;1:48:59.565;16:59:01.493;0:22.202;0:19.420;0:12.116;235.2;Jeroen Bleekemolen;;GTD;;Riley Motorsports - Team AMG;Mercedes-AMG;
33;2;121;53.096;0;;21.840;0;19.228;0;12.028;0;160.8;1:49:52.661;16:59:54.589;0:21.840;0:19.228;0:12.028;237.2;Jeroen Bleekemolen;;GTD;;Riley Motorsports - Team AMG;Mercedes-AMG;
33;2;122;52.759;0;;21.659;0;19.096;0;12.004;0;161.9;1:50:45.420;17:00:47.348;0:21.659;0:19.096;0:12.004;239.2;Jeroen Bleekemolen;;GTD;;Riley Motorsports - Team AMG;Mercedes-AMG;
33;2;123;52.930;0;;21.671;0;19.208;0;12.051;0;161.3;1:51:38.350;17:01:40.278;0:21.671;0:19.208;0:12.051;237.7;Jeroen Bleekemolen;;GTD;;Riley Motorsports - Team AMG;Mercedes-AMG;
33;2;124;52.657;0;;21.580;0;19.034;0;12.043;0;162.2;1:52:31.007;17:02:32.935;0:21.580;0:19.034;0:12.043;236.2;Jeroen Bleekemolen;;GTD;;Riley Motorsports - Team AMG;Mercedes-AMG;
33;2;125;52.928;0;;21.780;0;19.132;0;12.016;0;161.3;1:53:23.935;17:03:25.863;0:21.780;0:19.132;0:12.016;238.2;Jeroen Bleekemolen;;GTD;;Riley Motorsports - Team AMG;Mercedes-AMG;
33;2;126;52.789;0;;21.615;0;19.124;0;12.050;0;161.8;1:54:16.724;17:04:18.652;0:21.615;0:19.124;0:12.050;238.7;Jeroen Bleekemolen;;GTD;;Riley Motorsports - Team AMG;Mercedes-AMG;
33;2;127;52.769;0;;21.659;0;19.064;0;12.046;0;161.8;1:55:09.493;17:05:11.421;0:21.659;0:19.064;0:12.046;236.2;Jeroen Bleekemolen;;GTD;;Riley Motorsports - Team AMG;Mercedes-AMG;
33;2;128;52.867;0;;21.711;0;19.053;0;12.103;0;161.5;1:56:02.360;17:06:04.288;0:21.711;0:19.053;0:12.103;237.2;Jeroen Bleekemolen;;GTD;;Riley Motorsports - Team AMG;Mercedes-AMG;
33;2;129;53.047;0;;21.723;0;19.223;0;12.101;0;161.0;1:56:55.407;17:06:57.335;0:21.723;0:19.223;0:12.101;237.2;Jeroen Bleekemolen;;GTD;;Riley Motorsports - Team AMG;Mercedes-AMG;
33;2;130;52.943;0;;21.752;0;19.151;0;12.040;0;161.3;1:57:48.350;17:07:50.278;0:21.752;0:19.151;0:12.040;237.2;Jeroen Bleekemolen;;GTD;;Riley Motorsports - Team AMG;Mercedes-AMG;
33;2;131;52.923;0;;21.643;0;19.194;0;12.086;0;161.4;1:58:41.273;17:08:43.201;0:21.643;0:19.194;0:12.086;238.2;Jeroen Bleekemolen;;GTD;;Riley Motorsports - Team AMG;Mercedes-AMG;
33;2;132;53.007;0;;21.830;0;19.064;0;12.113;0;161.1;1:59:34.280;17:09:36.208;0:21.830;0:19.064;0:12.113;238.2;Jeroen Bleekemolen;;GTD;;Riley Motorsports - Team AMG;Mercedes-AMG;
33;2;133;53.387;0;;21.780;0;19.523;0;12.084;0;160.0;2:00:27.667;17:10:29.595;0:21.780;0:19.523;0:12.084;237.7;Jeroen Bleekemolen;;GTD;;Riley Motorsports - Team AMG;Mercedes-AMG;
33;2;134;52.870;0;;21.662;0;19.145;0;12.063;0;161.5;2:01:20.537;17:11:22.465;0:21.662;0:19.145;0:12.063;239.2;Jeroen Bleekemolen;;GTD;;Riley Motorsports - Team AMG;Mercedes-AMG;
33;2;135;53.067;0;;21.768;0;19.236;0;12.063;0;160.9;2:02:13.604;17:12:15.532;0:21.768;0:19.236;0:12.063;237.2;Jeroen Bleekemolen;;GTD;;Riley Motorsports - Team AMG;Mercedes-AMG;
33;2;136;53.019;0;;21.801;0;19.138;0;12.080;0;161.1;2:03:06.623;17:13:08.551;0:21.801;0:19.138;0:12.080;237.7;Jeroen Bleekemolen;;GTD;;Riley Motorsports - Team AMG;Mercedes-AMG;
33;2;137;53.130;0;;21.737;0;19.305;0;12.088;0;160.7;2:03:59.753;17:14:01.681;0:21.737;0:19.305;0:12.088;236.2;Jeroen Bleekemolen;;GTD;;Riley Motorsports - Team AMG;Mercedes-AMG;
33;2;138;53.115;0;;21.872;0;19.191;0;12.052;0;160.8;2:04:52.868;17:14:54.796;0:21.872;0:19.191;0:12.052;239.7;Jeroen Bleekemolen;;GTD;;Riley Motorsports - Team AMG;Mercedes-AMG;
33;2;139;53.334;0;;21.774;0;19.364;0;12.196;0;160.1;2:05:46.202;17:15:48.130;0:21.774;0:19.364;0:12.196;238.7;Jeroen Bleekemolen;;GTD;;Riley Motorsports - Team AMG;Mercedes-AMG;
33;2;140;53.878;0;;22.526;0;19.279;0;12.073;0;158.5;2:06:40.080;17:16:42.008;0:22.526;0:19.279;0:12.073;238.7;Jeroen Bleekemolen;;GTD;;Riley Motorsports - Team AMG;Mercedes-AMG;
33;2;141;53.391;0;;21.898;0;19.391;0;12.102;0;159.9;2:07:33.471;17:17:35.399;0:21.898;0:19.391;0:12.102;238.7;Jeroen Bleekemolen;;GTD;;Riley Motorsports - Team AMG;Mercedes-AMG;
33;2;142;53.102;0;;21.812;0;19.234;0;12.056;0;160.8;2:08:26.573;17:18:28.501;0:21.812;0:19.234;0:12.056;237.2;Jeroen Bleekemolen;;GTD;;Riley Motorsports - Team AMG;Mercedes-AMG;
33;2;143;53.324;0;;21.915;0;19.186;0;12.223;0;160.1;2:09:19.897;17:19:21.825;0:21.915;0:19.186;0:12.223;239.7;Jeroen Bleekemolen;;GTD;;Riley Motorsports - Team AMG;Mercedes-AMG;
33;2;144;53.506;0;;21.868;0;19.501;0;12.137;0;159.6;2:10:13.403;17:20:15.331;0:21.868;0:19.501;0:12.137;237.7;Jeroen Bleekemolen;;GTD;;Riley Motorsports - Team AMG;Mercedes-AMG;
33;2;145;53.286;0;;21.916;0;19.234;0;12.136;0;160.3;2:11:06.689;17:21:08.617;0:21.916;0:19.234;0:12.136;239.2;Jeroen Bleekemolen;;GTD;;Riley Motorsports - Team AMG;Mercedes-AMG;
33;2;146;53.528;0;;21.998;0;19.323;0;12.207;0;159.5;2:12:00.217;17:22:02.145;0:21.998;0:19.323;0:12.207;238.2;Jeroen Bleekemolen;;GTD;;Riley Motorsports - Team AMG;Mercedes-AMG;
33;2;147;53.558;0;;21.924;0;19.470;0;12.164;0;159.4;2:12:53.775;17:22:55.703;0:21.924;0:19.470;0:12.164;236.7;Jeroen Bleekemolen;;GTD;;Riley Motorsports - Team AMG;Mercedes-AMG;
33;2;148;53.269;0;;21.843;0;19.303;0;12.123;0;160.3;2:13:47.044;17:23:48.972;0:21.843;0:19.303;0:12.123;237.2;Jeroen Bleekemolen;;GTD;;Riley Motorsports - Team AMG;Mercedes-AMG;
33;2;149;53.338;0;;21.864;0;19.262;0;12.212;0;160.1;2:14:40.382;17:24:42.310;0:21.864;0:19.262;0:12.212;238.7;Jeroen Bleekemolen;;GTD;;Riley Motorsports - Team AMG;Mercedes-AMG;
33;2;150;53.884;0;;22.127;0;19.296;0;12.461;0;158.5;2:15:34.266;17:25:36.194;0:22.127;0:19.296;0:12.461;237.2;Jeroen Bleekemolen;;GTD;;Riley Motorsports - Team AMG;Mercedes-AMG;
33;2;151;53.659;0;;22.055;0;19.371;0;12.233;0;159.1;2:16:27.925;17:26:29.853;0:22.055;0:19.371;0:12.233;233.7;Jeroen Bleekemolen;;GTD;;Riley Motorsports - Team AMG;Mercedes-AMG;
33;2;152;53.675;0;;22.121;0;19.366;0;12.188;0;159.1;2:17:21.600;17:27:23.528;0:22.121;0:19.366;0:12.188;236.7;Jeroen Bleekemolen;;GTD;;Riley Motorsports - Team AMG;Mercedes-AMG;
33;2;153;54.522;0;;22.611;0;19.688;0;12.223;0;156.6;2:18:16.122;17:28:18.050;0:22.611;0:19.688;0:12.223;237.7;Jeroen Bleekemolen;;GTD;;Riley Motorsports - Team AMG;Mercedes-AMG;
33;2;154;55.572;0;;22.334;0;20.387;0;12.851;0;153.7;2:19:11.694;17:29:13.622;0:22.334;0:20.387;0:12.851;238.7;Jeroen Bleekemolen;;GTD;;Riley Motorsports - Team AMG;Mercedes-AMG;
33;2;155;54.189;0;;22.149;0;19.773;0;12.267;0;157.6;2:20:05.883;17:30:07.811;0:22.149;0:19.773;0:12.267;233.2;Jeroen Bleekemolen;;GTD;;Riley Motorsports - Team AMG;Mercedes-AMG;
33;2;156;55.204;0;;22.947;0;19.870;0;12.387;0;154.7;2:21:01.087;17:31:03.015;0:22.947;0:19.870;0:12.387;238.7;Jeroen Bleekemolen;;GTD;;Riley Motorsports - Team AMG;Mercedes-AMG;
33;2;157;53.491;0;;22.175;0;19.204;0;12.112;0;159.6;2:21:54.578;17:31:56.506;0:22.175;0:19.204;0:12.112;236.2;Jeroen Bleekemolen;;GTD;;Riley Motorsports - Team AMG;Mercedes-AMG;
33;2;158;53.346;0;;21.971;0;19.301;0;12.074;0;160.1;2:22:47.924;17:32:49.852;0:21.971;0:19.301;0:12.074;238.7;Jeroen Bleekemolen;;GTD;;Riley Motorsports - Team AMG;Mercedes-AMG;
33;2;159;53.439;0;;22.042;0;19.291;0;12.106;0;159.8;2:23:41.363;17:33:43.291;0:22.042;0:19.291;0:12.106;239.2;Jeroen Bleekemolen;;GTD;;Riley Motorsports - Team AMG;Mercedes-AMG;
33;2;160;53.363;0;;21.930;0;19.244;0;12.189;0;160.0;2:24:34.726;17:34:36.654;0:21.930;0:19.244;0:12.189;236.7;Jeroen Bleekemolen;;GTD;;Riley Motorsports - Team AMG;Mercedes-AMG;
33;2;161;53.602;0;;21.945;0;19.468;0;12.189;0;159.3;2:25:28.328;17:35:30.256;0:21.945;0:19.468;0:12.189;236.7;Jeroen Bleekemolen;;GTD;;Riley Motorsports - Team AMG;Mercedes-AMG;
33;2;162;53.479;0;;22.123;0;19.262;0;12.094;0;159.7;2:26:21.807;17:36:23.735;0:22.123;0:19.262;0:12.094;237.7;Jeroen Bleekemolen;;GTD;;Riley Motorsports - Team AMG;Mercedes-AMG;
33;2;163;53.756;0;;22.100;0;19.453;0;12.203;0;158.9;2:27:15.563;17:37:17.491;0:22.100;0:19.453;0:12.203;237.2;Jeroen Bleekemolen;;GTD;;Riley Motorsports - Team AMG;Mercedes-AMG;
33;2;164;54.281;0;;22.142;0;19.811;0;12.328;0;157.3;2:28:09.844;17:38:11.772;0:22.142;0:19.811;0:12.328;236.7;Jeroen Bleekemolen;;GTD;;Riley Motorsports - Team AMG;Mercedes-AMG;
33;2;165;53.856;0;;22.215;0;19.408;0;12.233;0;158.6;2:29:03.700;17:39:05.628;0:22.215;0:19.408;0:12.233;235.7;Jeroen Bleekemolen;;GTD;;Riley Motorsports - Team AMG;Mercedes-AMG;
33;2;166;53.476;0;;21.892;0;19.350;0;12.234;0;159.7;2:29:57.176;17:39:59.104;0:21.892;0:19.350;0:12.234;237.2;Jeroen Bleekemolen;;GTD;;Riley Motorsports - Team AMG;Mercedes-AMG;
33;2;167;54.012;0;;22.081;0;19.518;0;12.413;0;158.1;2:30:51.188;17:40:53.116;0:22.081;0:19.518;0:12.413;236.2;Jeroen Bleekemolen;;GTD;;Riley Motorsports - Team AMG;Mercedes-AMG;
33;2;168;54.294;0;;22.329;0;19.723;0;12.242;0;157.3;2:31:45.482;17:41:47.410;0:22.329;0:19.723;0:12.242;235.2;Jeroen Bleekemolen;;GTD;;Riley Motorsports - Team AMG;Mercedes-AMG;
33;2;169;54.891;0;;22.275;0;19.868;0;12.748;0;155.6;2:32:40.373;17:42:42.301;0:22.275;0:19.868;0:12.748;236.7;Jeroen Bleekemolen;;GTD;;Riley Motorsports - Team AMG;Mercedes-AMG;
33;2;170;1:12.409;0;;33.337;0;25.513;0;13.559;0;117.9;2:33:52.782;17:43:54.710;0:33.337;0:25.513;0:13.559;228.4;Jeroen Bleekemolen;;GTD;;Riley Motorsports - Team AMG;Mercedes-AMG;
33;2;171;55.232;0;;22.937;0;19.874;0;12.421;0;154.6;2:34:48.014;17:44:49.942;0:22.937;0:19.874;0:12.421;231.3;Jeroen Bleekemolen;;GTD;;Riley Motorsports - Team AMG;Mercedes-AMG;
33;2;172;55.421;0;;23.068;0;19.793;0;12.560;0;154.1;2:35:43.435;17:45:45.363;0:23.068;0:19.793;0:12.560;235.7;Jeroen Bleekemolen;;GTD;;Riley Motorsports - Team AMG;Mercedes-AMG;
33;2;173;55.501;0;;22.672;0;20.211;0;12.618;0;153.9;2:36:38.936;17:46:40.864;0:22.672;0:20.211;0:12.618;234.7;Jeroen Bleekemolen;;GTD;;Riley Motorsports - Team AMG;Mercedes-AMG;
33;2;174;1:25.533;0;B;22.978;0;20.666;0;41.889;0;99.8;2:38:04.469;17:48:06.397;0:22.978;0:20.666;0:41.889;234.2;Jeroen Bleekemolen;;GTD;;Riley Motorsports - Team AMG;Mercedes-AMG;
33;2;175;1:06.236;0;;32.154;0;20.819;0;13.263;0;128.9;2:39:10.705;17:49:12.633;0:32.154;0:20.819;0:13.263;;Jeroen Bleekemolen;0:00:32.285;GTD;;Riley Motorsports - Team AMG;Mercedes-AMG;
33;2;176;59.134;0;;24.236;0;21.677;0;13.221;0;144.4;2:40:09.839;17:50:11.767;0:24.236;0:21.677;0:13.221;227.9;Jeroen Bleekemolen;;GTD;;Riley Motorsports - Team AMG;Mercedes-AMG;
33;2;177;1:02.861;0;;25.439;0;22.862;0;14.560;0;135.9;2:41:12.700;17:51:14.628;0:25.439;0:22.862;0:14.560;230.3;Jeroen Bleekemolen;;GTD;;Riley Motorsports - Team AMG;Mercedes-AMG;
4;1;1;55.159;0;;23.894;0;19.411;0;11.854;0;154.8;55.159;15:10:57.087;0:23.894;0:19.411;0:11.854;229.4;Oliver Gavin;;GTLM;;Corvette Racing;Chevrolet;
4;1;2;52.224;0;;21.433;0;19.096;0;11.695;0;163.5;1:47.383;15:11:49.311;0:21.433;0:19.096;0:11.695;243.4;Oliver Gavin;;GTLM;;Corvette Racing;Chevrolet;
4;1;3;51.778;0;;21.289;0;18.944;0;11.545;0;164.9;2:39.161;15:12:41.089;0:21.289;0:18.944;0:11.545;245.0;Oliver Gavin;;GTLM;;Corvette Racing;Chevrolet;
4;1;4;51.613;0;;21.254;0;18.813;0;11.546;0;165.5;3:30.774;15:13:32.702;0:21.254;0:18.813;0:11.546;247.2;Oliver Gavin;;GTLM;;Corvette Racing;Chevrolet;
4;1;5;51.250;0;;21.017;0;18.689;0;11.544;0;166.6;4:22.024;15:14:23.952;0:21.017;0:18.689;0:11.544;247.2;Oliver Gavin;;GTLM;;Corvette Racing;Chevrolet;
4;1;6;51.232;0;;21.050;0;18.644;0;11.538;0;166.7;5:13.256;15:15:15.184;0:21.050;0:18.644;0:11.538;247.7;Oliver Gavin;;GTLM;;Corvette Racing;Chevrolet;
4;1;7;51.309;0;;21.221;0;18.614;0;11.474;3;166.4;6:04.565;15:16:06.493;0:21.221;0:18.614;0:11.474;248.3;Oliver Gavin;;GTLM;;Corvette Racing;Chevrolet;
4;1;8;50.959;2;;21.004;0;18.421;0;11.534;0;167.6;6:55.524;15:16:57.452;0:21.004;0:18.421;0:11.534;247.7;Oliver Gavin;;GTLM;;Corvette Racing;Chevrolet;
4;1;9;51.536;0;;21.195;0;18.756;0;11.585;0;165.7;7:47.060;15:17:48.988;0:21.195;0:18.756;0:11.585;246.6;Oliver Gavin;;GTLM;;Corvette Racing;Chevrolet;
4;1;10;51.196;0;;20.984;0;18.576;0;11.636;0;166.8;8:38.256;15:18:40.184;0:20.984;0:18.576;0:11.636;246.1;Oliver Gavin;;GTLM;;Corvette Racing;Chevrolet;
4;1;11;51.251;0;;21.124;0;18.533;0;11.594;0;166.6;9:29.507;15:19:31.435;0:21.124;0:18.533;0:11.594;245.5;Oliver Gavin;;GTLM;;Corvette Racing;Chevrolet;
4;1;12;51.309;0;;21.214;0;18.536;0;11.559;0;166.4;10:20.816;15:20:22.744;0:21.214;0:18.536;0:11.559;246.1;Oliver Gavin;;GTLM;;Corvette Racing;Chevrolet;
4;1;13;51.447;0;;21.184;0;18.641;0;11.622;0;166.0;11:12.263;15:21:14.191;0:21.184;0:18.641;0:11.622;246.1;Oliver Gavin;;GTLM;;Corvette Racing;Chevrolet;
4;1;14;51.532;0;;21.215;0;18.657;0;11.660;0;165.7;12:03.795;15:22:05.723;0:21.215;0:18.657;0:11.660;245.5;Oliver Gavin;;GTLM;;Corvette Racing;Chevrolet;
4;1;15;51.411;0;;21.212;0;18.589;0;11.610;0;166.1;12:55.206;15:22:57.134;0:21.212;0:18.589;0:11.610;245.0;Oliver Gavin;;GTLM;;Corvette Racing;Chevrolet;
4;1;16;51.905;0;;21.465;0;18.731;0;11.709;0;164.5;13:47.111;15:23:49.039;0:21.465;0:18.731;0:11.709;245.0;Oliver Gavin;;GTLM;;Corvette Racing;Chevrolet;
4;1;17;51.687;0;;21.246;0;18.756;0;11.685;0;165.2;14:38.798;15:24:40.726;0:21.246;0:18.756;0:11.685;243.4;Oliver Gavin;;GTLM;;Corvette Racing;Chevrolet;
4;1;18;51.796;0;;21.308;0;18.701;0;11.787;0;164.9;15:30.594;15:25:32.522;0:21.308;0:18.701;0:11.787;245.0;Oliver Gavin;;GTLM;;Corvette Racing;Chevrolet;
4;1;19;51.967;0;;21.399;0;18.774;0;11.794;0;164.3;16:22.561;15:26:24.489;0:21.399;0:18.774;0:11.794;243.4;Oliver Gavin;;GTLM;;Corvette Racing;Chevrolet;
4;1;20;51.628;0;;21.171;0;18.789;0;11.668;0;165.4;17:14.189;15:27:16.117;0:21.171;0:18.789;0:11.668;243.4;Oliver Gavin;;GTLM;;Corvette Racing;Chevrolet;
4;1;21;51.848;0;;21.305;0;18.723;0;11.820;0;164.7;18:06.037;15:28:07.965;0:21.305;0:18.723;0:11.820;245.0;Oliver Gavin;;GTLM;;Corvette Racing;Chevrolet;
4;1;22;52.261;0;;21.393;0;18.981;0;11.887;0;163.4;18:58.298;15:29:00.226;0:21.393;0:18.981;0:11.887;243.4;Oliver Gavin;;GTLM;;Corvette Racing;Chevrolet;
4;1;23;54.032;0;;22.578;0;19.425;0;12.029;0;158.1;19:52.330;15:29:54.258;0:22.578;0:19.425;0:12.029;244.4;Oliver Gavin;;GTLM;;Corvette Racing;Chevrolet;
4;1;24;52.930;0;;21.686;0;19.384;0;11.860;0;161.3;20:45.260;15:30:47.188;0:21.686;0:19.384;0:11.860;242.8;Oliver Gavin;;GTLM;;Corvette Racing;Chevrolet;
4;1;25;52.351;0;;21.509;0;19.042;0;11.800;0;163.1;21:37.611;15:31:39.539;0:21.509;0:19.042;0:11.800;243.9;Oliver Gavin;;GTLM;;Corvette Racing;Chevrolet;
4;1;26;51.820;0;;21.411;0;18.705;0;11.704;0;164.8;22:29.431;15:32:31.359;0:21.411;0:18.705;0:11.704;243.9;Oliver Gavin;;GTLM;;Corvette Racing;Chevrolet;
4;1;27;52.845;0;;21.380;0;19.556;0;11.909;0;161.6;23:22.276;15:33:24.204;0:21.380;0:19.556;0:11.909;245.0;Oliver Gavin;;GTLM;;Corvette Racing;Chevrolet;
4;1;28;51.997;0;;21.450;0;18.800;0;11.747;0;164.2;24:14.273;15:34:16.201;0:21.450;0:18.800;0:11.747;244.4;Oliver Gavin;;GTLM;;Corvette Racing;Chevrolet;
4;1;29;53.150;0;;21.585;0;19.447;0;12.118;0;160.7;25:07.423;15:35:09.351;0:21.585;0:19.447;0:12.118;245.5;Oliver Gavin;;GTLM;;Corvette Racing;Chevrolet;
4;1;30;52.259;0;;21.468;0;19.001;0;11.790;0;163.4;25:59.682;15:36:01.610;0:21.468;0:19.001;0:11.790;241.3;Oliver Gavin;;GTLM;;Corvette Racing;Chevrolet;
4;1;31;53.465;0;;21.804;0;19.683;0;11.978;0;159.7;26:53.147;15:36:55.075;0:21.804;0:19.683;0:11.978;243.4;Oliver Gavin;;GTLM;;Corvette Racing;Chevrolet;
4;1;32;53.201;0;;21.784;0;19.495;0;11.922;0;160.5;27:46.348;15:37:48.276;0:21.784;0:19.495;0:11.922;243.9;Oliver Gavin;;GTLM;;Corvette Racing;Chevrolet;
4;1;33;52.495;0;;21.755;0;18.863;0;11.877;0;162.7;28:38.843;15:38:40.771;0:21.755;0:18.863;0:11.877;243.4;Oliver Gavin;;GTLM;;Corvette Racing;Chevrolet;
4;1;34;52.405;0;;21.700;0;18.877;0;11.828;0;163.0;29:31.248;15:39:33.176;0:21.700;0:18.877;0:11.828;242.3;Oliver Gavin;;GTLM;;Corvette Racing;Chevrolet;
4;1;35;52.347;0;;21.671;0;18.885;0;11.791;0;163.1;30:23.595;15:40:25.523;0:21.671;0:18.885;0:11.791;245.0;Oliver Gavin;;GTLM;;Corvette Racing;Chevrolet;
4;1;36;52.670;0;;21.675;0;19.100;0;11.895;0;162.1;31:16.265;15:41:18.193;0:21.675;0:19.100;0:11.895;243.9;Oliver Gavin;;GTLM;;Corvette Racing;Chevrolet;
4;1;37;53.576;0;;22.001;0;19.409;0;12.166;0;159.4;32:09.841;15:42:11.769;0:22.001;0:19.409;0:12.166;242.3;Oliver Gavin;;GTLM;;Corvette Racing;Chevrolet;
4;1;38;52.825;0;;21.918;0;18.979;0;11.928;0;161.7;33:02.666;15:43:04.594;0:21.918;0:18.979;0:11.928;239.7;Oliver Gavin;;GTLM;;Corvette Racing;Chevrolet;
4;1;39;52.791;0;;21.743;0;19.102;0;11.946;0;161.8;33:55.457;15:43:57.385;0:21.743;0:19.102;0:11.946;242.8;Oliver Gavin;;GTLM;;Corvette Racing;Chevrolet;
4;1;40;52.659;0;;21.895;0;18.889;0;11.875;0;162.2;34:48.116;15:44:50.044;0:21.895;0:18.889;0:11.875;241.8;Oliver Gavin;;GTLM;;Corvette Racing;Chevrolet;
4;1;41;52.628;0;;21.788;0;19.020;0;11.820;0;162.3;35:40.744;15:45:42.672;0:21.788;0:19.020;0:11.820;242.3;Oliver Gavin;;GTLM;;Corvette Racing;Chevrolet;
4;1;42;53.307;0;;22.017;0;19.308;0;11.982;0;160.2;36:34.051;15:46:35.979;0:22.017;0:19.308;0:11.982;242.8;Oliver Gavin;;GTLM;;Corvette Racing;Chevrolet;
4;1;43;1:04.325;0;B;22.672;0;19.152;0;22.501;0;132.8;37:38.376;15:47:40.304;0:22.672;0:19.152;0:22.501;241.8;Oliver Gavin;;GTLM;;Corvette Racing;Chevrolet;
4;2;44;1:27.929;0;;56.728;0;19.228;0;11.973;0;97.1;39:06.305;15:49:08.233;0:56.728;0:19.228;0:11.973;;Marcel Fassler;0:00:44.965;GTLM;;Corvette Racing;Chevrolet;
4;2;45;54.085;0;;22.840;0;19.275;0;11.970;0;157.9;40:00.390;15:50:02.318;0:22.840;0:19.275;0:11.970;236.7;Marcel Fassler;;GTLM;;Corvette Racing;Chevrolet;
4;2;46;53.296;0;;22.136;0;19.197;0;11.963;0;160.2;40:53.686;15:50:55.614;0:22.136;0:19.197;0:11.963;238.7;Marcel Fassler;;GTLM;;Corvette Racing;Chevrolet;
4;2;47;52.940;0;;21.845;0;19.186;0;11.909;0;161.3;41:46.626;15:51:48.554;0:21.845;0:19.186;0:11.909;238.7;Marcel Fassler;;GTLM;;Corvette Racing;Chevrolet;
4;2;48;53.379;0;;21.627;0;19.578;0;12.174;0;160.0;42:40.005;15:52:41.933;0:21.627;0:19.578;0:12.174;241.8;Marcel Fassler;;GTLM;;Corvette Racing;Chevrolet;
4;2;49;52.265;0;;21.475;0;19.045;0;11.745;0;163.4;43:32.270;15:53:34.198;0:21.475;0:19.045;0:11.745;238.7;Marcel Fassler;;GTLM;;Corvette Racing;Chevrolet;
4;2;50;53.262;0;;21.559;0;18.932;0;12.771;0;160.3;44:25.532;15:54:27.460;0:21.559;0:18.932;0:12.771;245.0;Marcel Fassler;;GTLM;;Corvette Racing;Chevrolet;
4;2;51;51.767;0;;21.189;0;18.821;0;11.757;0;165.0;45:17.299;15:55:19.227;0:21.189;0:18.821;0:11.757;235.2;Marcel Fassler;;GTLM;;Corvette Racing;Chevrolet;
4;2;52;52.262;0;;21.837;0;18.829;0;11.596;0;163.4;46:09.561;15:56:11.489;0:21.837;0:18.829;0:11.596;245.0;Marcel Fassler;;GTLM;;Corvette Racing;Chevrolet;
4;2;53;51.257;0;;20.957;0;18.687;0;11.613;0;166.6;47:00.818;15:57:02.746;0:20.957;0:18.687;0:11.613;246.1;Marcel Fassler;;GTLM;;Corvette Racing;Chevrolet;
4;2;54;52.411;0;;20.990;0;19.227;0;12.194;0;162.9;47:53.229;15:57:55.157;0:20.990;0:19.227;0:12.194;245.0;Marcel Fassler;;GTLM;;Corvette Racing;Chevrolet;
4;2;55;51.728;0;;21.144;0;18.774;0;11.810;0;165.1;48:44.957;15:58:46.885;0:21.144;0:18.774;0:11.810;239.2;Marcel Fassler;;GTLM;;Corvette Racing;Chevrolet;
4;2;56;51.500;0;;21.061;0;18.739;0;11.700;0;165.8;49:36.457;15:59:38.385;0:21.061;0:18.739;0:11.700;242.8;Marcel Fassler;;GTLM;;Corvette Racing;Chevrolet;
4;2;57;51.974;0;;20.941;0;18.850;0;12.183;0;164.3;50:28.431;16:00:30.359;0:20.941;0:18.850;0:12.183;243.9;Marcel Fassler;;GTLM;;Corvette Racing;Chevrolet;
4;2;58;51.481;0;;21.190;0;18.631;0;11.660;0;165.9;51:19.912;16:01:21.840;0:21.190;0:18.631;0:11.660;240.2;Marcel Fassler;;GTLM;;Corvette Racing;Chevrolet;
4;2;59;51.425;0;;21.032;0;18.751;0;11.642;0;166.1;52:11.337;16:02:13.265;0:21.032;0:18.751;0:11.642;245.0;Marcel Fassler;;GTLM;;Corvette Racing;Chevrolet;
4;2;60;51.744;0;;21.149;0;18.818;0;11.777;0;165.0;53:03.081;16:03:05.009;0:21.149;0:18.818;0:11.777;244.4;Marcel Fassler;;GTLM;;Corvette Racing;Chevrolet;
4;2;61;51.820;0;;21.250;0;18.846;0;11.724;0;164.8;53:54.901;16:03:56.829;0:21.250;0:18.846;0:11.724;243.9;Marcel Fassler;;GTLM;;Corvette Racing;Chevrolet;
4;2;62;51.743;0;;;0;;0;11.637;0;165.0;54:46.644;16:04:48.572;;;0:11.637;245.5;Marcel Fassler;;GTLM;;Corvette Racing;Chevrolet;
4;2;63;51.674;0;;21.215;0;18.731;0;11.728;0;165.3;55:38.318;16:05:40.246;0:21.215;0:18.731;0:11.728;246.1;Marcel Fassler;;GTLM;;Corvette Racing;Chevrolet;
4;2;64;51.957;0;;21.202;0;19.038;0;11.717;0;164.4;56:30.275;16:06:32.203;0:21.202;0:19.038;0:11.717;244.4;Marcel Fassler;;GTLM;;Corvette Racing;Chevrolet;
4;2;65;52.106;0;;21.335;0;18.965;0;11.806;0;163.9;57:22.381;16:07:24.309;0:21.335;0:18.965;0:11.806;245.0;Marcel Fassler;;GTLM;;Corvette Racing;Chevrolet;
4;2;66;53.155;0;;22.135;0;19.122;0;11.898;0;160.7;58:15.536;16:08:17.464;0:22.135;0:19.122;0:11.898;244.4;Marcel Fassler;;GTLM;;Corvette Racing;Chevrolet;
4;2;67;54.071;0;;22.270;0;19.960;0;11.841;0;157.9;59:09.607;16:09:11.535;0:22.270;0:19.960;0:11.841;244.4;Marcel Fassler;;GTLM;;Corvette Racing;Chevrolet;
4;2;68;52.661;0;;;0;;0;11.849;0;162.2;1:00:02.268;16:10:04.196;;;0:11.849;243.9;Marcel Fassler;;GTLM;;Corvette Racing;Chevrolet;
4;2;69;52.421;0;;21.202;0;19.398;0;11.821;0;162.9;1:00:54.689;16:10:56.617;0:21.202;0:19.398;0:11.821;242.3;Marcel Fassler;;GTLM;;Corvette Racing;Chevrolet;
4;2;70;52.112;0;;;0;;0;11.813;0;163.9;1:01:46.801;16:11:48.729;;;0:11.813;242.8;Marcel Fassler;;GTLM;;Corvette Racing;Chevrolet;
4;2;71;51.663;0;;21.127;0;18.772;0;11.764;0;165.3;1:02:38.464;16:12:40.392;0:21.127;0:18.772;0:11.764;241.8;Marcel Fassler;;GTLM;;Corvette Racing;Chevrolet;
4;2;72;52.257;0;;21.207;0;19.153;0;11.897;0;163.4;1:03:30.721;16:13:32.649;0:21.207;0:19.153;0:11.897;243.9;Marcel Fassler;;GTLM;;Corvette Racing;Chevrolet;
4;2;73;51.982;0;;21.250;0;18.928;0;11.804;0;164.3;1:04:22.703;16:14:24.631;0:21.250;0:18.928;0:11.804;242.8;Marcel Fassler;;GTLM;;Corvette Racing;Chevrolet;
4;2;74;52.833;0;;21.382;0;19.565;0;11.886;0;161.6;1:05:15.536;16:15:17.464;0:21.382;0:19.565;0:11.886;244.4;Marcel Fassler;;GTLM;;Corvette Racing;Chevrolet;
4;2;75;52.991;0;;;0;;0;12.244;0;161.2;1:06:08.527;16:16:10.455;;;0:12.244;242.8;Marcel Fassler;;GTLM;;Corvette Racing;Chevrolet;
4;2;76;53.039;0;;21.974;0;19.259;0;11.806;0;161.0;1:07:01.566;16:17:03.494;0:21.974;0:19.259;0:11.806;240.7;Marcel Fassler;;GTLM;;Corvette Racing;Chevrolet;
4;2;77;52.797;0;;21.811;0;19.128;0;11.858;0;161.7;1:07:54.363;16:17:56.291;0:21.811;0:19.128;0:11.858;242.8;Marcel Fassler;;GTLM;;Corvette Racing;Chevrolet;
4;2;78;52.288;0;;21.414;0;19.095;0;11.779;0;163.3;1:08:46.651;16:18:48.579;0:21.414;0:19.095;0:11.779;242.8;Marcel Fassler;;GTLM;;Corvette Racing;Chevrolet;
4;2;79;52.467;0;;21.489;0;19.088;0;11.890;0;162.8;1:09:39.118;16:19:41.046;0:21.489;0:19.088;0:11.890;242.8;Marcel Fassler;;GTLM;;Corvette Racing;Chevrolet;
4;2;80;52.540;0;;21.469;0;19.129;0;11.942;0;162.5;1:10:31.658;16:20:33.586;0:21.469;0:19.129;0:11.942;243.4;Marcel Fassler;;GTLM;;Corvette Racing;Chevrolet;
4;2;81;52.427;0;;21.537;0;19.055;0;11.835;0;162.9;1:11:24.085;16:21:26.013;0:21.537;0:19.055;0:11.835;241.8;Marcel Fassler;;GTLM;;Corvette Racing;Chevrolet;
4;2;82;52.383;0;;21.599;0;18.933;0;11.851;0;163.0;1:12:16.468;16:22:18.396;0:21.599;0:18.933;0:11.851;242.8;Marcel Fassler;;GTLM;;Corvette Racing;Chevrolet;
4;2;83;52.657;0;;21.690;0;19.081;0;11.886;0;162.2;1:13:09.125;16:23:11.053;0:21.690;0:19.081;0:11.886;242.8;Marcel Fassler;;GTLM;;Corvette Racing;Chevrolet;
4;2;84;52.692;0;;21.645;0;19.151;0;11.896;0;162.1;1:14:01.817;16:24:03.745;0:21.645;0:19.151;0:11.896;243.4;Marcel Fassler;;GTLM;;Corvette Racing;Chevrolet;
4;2;85;52.447;0;;21.549;0;19.047;0;11.851;0;162.8;1:14:54.264;16:24:56.192;0:21.549;0:19.047;0:11.851;242.3;Marcel Fassler;;GTLM;;Corvette Racing;Chevrolet;
4;2;86;52.694;0;;21.629;0;19.145;0;11.920;0;162.1;1:15:46.958;16:25:48.886;0:21.629;0:19.145;0:11.920;244.4;Marcel Fassler;;GTLM;;Corvette Racing;Chevrolet;
4;2;87;52.763;0;;21.679;0;19.169;0;11.915;0;161.9;1:16:39.721;16:26:41.649;0:21.679;0:19.169;0:11.915;244.4;Marcel Fassler;;GTLM;;Corvette Racing;Chevrolet;
4;2;88;53.134;0;;21.793;0;19.278;0;12.063;0;160.7;1:17:32.855;16:27:34.783;0:21.793;0:19.278;0:12.063;243.9;Marcel Fassler;;GTLM;;Corvette Racing;Chevrolet;
4;2;89;54.004;0;;21.935;0;19.952;0;12.117;0;158.1;1:18:26.859;16:28:28.787;0:21.935;0:19.952;0:12.117;241.8;Marcel Fassler;;GTLM;;Corvette Racing;Chevrolet;
4;2;90;1:05.074;0;B;22.309;0;19.515;0;23.250;0;131.2;1:19:31.933;16:29:33.861;0:22.309;0:19.515;0:23.250;242.3;Marcel Fassler;;GTLM;;Corvette Racing;Chevrolet;
4;2;91;1:27.377;0;;55.933;0;19.351;0;12.093;0;97.7;1:20:59.310;16:31:01.238;0:55.933;0:19.351;0:12.093;;Marcel Fassler;0:00:44.501;GTLM;;Corvette Racing;Chevrolet;
4;2;92;53.625;0;;;0;;0;12.027;0;159.3;1:21:52.935;16:31:54.863;;;0:12.027;239.2;Marcel Fassler;;GTLM;;Corvette Racing;Chevrolet;
4;2;93;52.031;0;;21.390;0;18.834;0;11.807;0;164.1;1:22:44.966;16:32:46.894;0:21.390;0:18.834;0:11.807;238.7;Marcel Fassler;;GTLM;;Corvette Racing;Chevrolet;
4;2;94;51.228;0;;20.979;0;18.601;0;11.648;0;166.7;1:23:36.194;16:33:38.122;0:20.979;0:18.601;0:11.648;240.2;Marcel Fassler;;GTLM;;Corvette Racing;Chevrolet;
4;2;95;51.236;0;;21.014;0;18.614;0;11.608;0;166.7;1:24:27.430;16:34:29.358;0:21.014;0:18.614;0:11.608;243.4;Marcel Fassler;;GTLM;;Corvette Racing;Chevrolet;
4;2;96;51.189;0;;20.813;1;18.642;0;11.734;0;166.8;1:25:18.619;16:35:20.547;0:20.813;0:18.642;0:11.734;244.4;Marcel Fassler;;GTLM;;Corvette Racing;Chevrolet;
4;2;97;52.552;0;;21.381;0;19.265;0;11.906;0;162.5;1:26:11.171;16:36:13.099;0:21.381;0:19.265;0:11.906;242.8;Marcel Fassler;;GTLM;;Corvette Racing;Chevrolet;
4;2;98;52.807;0;;21.769;0;19.039;0;11.999;0;161.7;1:27:03.978;16:37:05.906;0:21.769;0:19.039;0:11.999;243.4;Marcel Fassler;;GTLM;;Corvette Racing;Chevrolet;
4;2;99;52.005;0;;21.222;0;18.923;0;11.860;0;164.2;1:27:55.983;16:37:57.911;0:21.222;0:18.923;0:11.860;240.7;Marcel Fassler;;GTLM;;Corvette Racing;Chevrolet;
4;2;100;51.038;0;;20.820;0;18.542;1;11.676;0;167.3;1:28:47.021;16:38:48.949;0:20.820;0:18.542;0:11.676;242.3;Marcel Fassler;;GTLM;;Corvette Racing;Chevrolet;
4;2;101;51.424;0;;21.110;0;18.701;0;11.613;0;166.1;1:29:38.445;16:39:40.373;0:21.110;0:18.701;0:11.613;242.8;Marcel Fassler;;GTLM;;Corvette Racing;Chevrolet;
4;2;102;51.150;0;;20.920;0;18.652;0;11.578;0;167.0;1:30:29.595;16:40:31.523;0:20.920;0:18.652;0:11.578;243.4;Marcel Fassler;;GTLM;;Corvette Racing;Chevrolet;
4;2;103;50.979;0;;20.828;0;18.578;0;11.573;1;167.5;1:31:20.574;16:41:22.502;0:20.828;0:18.578;0:11.573;243.9;Marcel Fassler;;GTLM;;Corvette Racing;Chevrolet;
4;2;104;51.076;0;;20.865;0;18.587;0;11.624;0;167.2;1:32:11.650;16:42:13.578;0:20.865;0:18.587;0:11.624;244.4;Marcel Fassler;;GTLM;;Corvette Racing;Chevrolet;
4;2;105;52.553;0;;21.168;0;19.550;0;11.835;0;162.5;1:33:04.203;16:43:06.131;0:21.168;0:19.550;0:11.835;245.5;Marcel Fassler;;GTLM;;Corvette Racing;Chevrolet;
4;2;106;51.718;0;;20.964;0;19.025;0;11.729;0;165.1;1:33:55.921;16:43:57.849;0:20.964;0:19.025;0:11.729;241.8;Marcel Fassler;;GTLM;;Corvette Racing;Chevrolet;
4;2;107;52.996;0;;21.836;0;19.170;0;11.990;0;161.1;1:34:48.917;16:44:50.845;0:21.836;0:19.170;0:11.990;242.8;Marcel Fassler;;GTLM;;Corvette Racing;Chevrolet;
4;2;108;53.042;0;;21.874;0;19.328;0;11.840;0;161.0;1:35:41.959;16:45:43.887;0:21.874;0:19.328;0:11.840;241.3;Marcel Fassler;;GTLM;;Corvette Racing;Chevrolet;
4;2;109;53.809;0;;22.525;0;19.395;0;11.889;0;158.7;1:36:35.768;16:46:37.696;0:22.525;0:19.395;0:11.889;245.0;Marcel Fassler;;GTLM;;Corvette Racing;Chevrolet;
4;2;110;53.133;0;;22.165;0;19.196;0;11.772;0;160.7;1:37:28.901;16:47:30.829;0:22.165;0:19.196;0:11.772;244.4;Marcel Fassler;;GTLM;;Corvette Racing;Chevrolet;
4;2;111;51.807;0;;21.252;0;18.779;0;11.776;0;164.8;1:38:20.708;16:48:22.636;0:21.252;0:18.779;0:11.776;243.4;Marcel Fassler;;GTLM;;Corvette Racing;Chevrolet;
4;2;112;52.373;0;;21.314;0;19.278;0;11.781;0;163.1;1:39:13.081;16:49:15.009;0:21.314;0:19.278;0:11.781;243.9;Marcel Fassler;;GTLM;;Corvette Racing;Chevrolet;
4;2;113;52.699;0;;21.314;0;19.272;0;12.113;0;162.0;1:40:05.780;16:50:07.708;0:21.314;0:19.272;0:12.113;244.4;Marcel Fassler;;GTLM;;Corvette Racing;Chevrolet;
4;2;114;51.807;0;;21.184;0;18.833;0;11.790;0;164.8;1:40:57.587;16:50:59.515;0:21.184;0:18.833;0:11.790;241.8;Marcel Fassler;;GTLM;;Corvette Racing;Chevrolet;
4;2;115;51.445;0;;21.050;0;18.699;0;11.696;0;166.0;1:41:49.032;16:51:50.960;0:21.050;0:18.699;0:11.696;243.4;Marcel Fassler;;GTLM;;Corvette Racing;Chevrolet;
4;2;116;51.519;0;;21.103;0;18.719;0;11.697;0;165.8;1:42:40.551;16:52:42.479;0:21.103;0:18.719;0:11.697;243.9;Marcel Fassler;;GTLM;;Corvette Racing;Chevrolet;
4;2;117;51.843;0;;21.175;0;18.873;0;11.795;0;164.7;1:43:32.394;16:53:34.322;0:21.175;0:18.873;0:11.795;243.4;Marcel Fassler;;GTLM;;Corvette Racing;Chevrolet;
4;2;118;51.611;0;;21.197;0;18.702;0;11.712;0;165.5;1:44:24.005;16:54:25.933;0:21.197;0:18.702;0:11.712;242.8;Marcel Fassler;;GTLM;;Corvette Racing;Chevrolet;
4;2;119;51.745;0;;21.236;0;18.778;0;11.731;0;165.0;1:45:15.750;16:55:17.678;0:21.236;0:18.778;0:11.731;243.4;Marcel Fassler;;GTLM;;Corvette Racing;Chevrolet;
4;2;120;52.094;0;;21.419;0;18.951;0;11.724;0;163.9;1:46:07.844;16:56:09.772;0:21.419;0:18.951;0:11.724;243.4;Marcel Fassler;;GTLM;;Corvette Racing;Chevrolet;
4;2;121;51.719;0;;21.368;0;18.629;0;11.722;0;165.1;1:46:59.563;16:57:01.491;0:21.368;0:18.629;0:11.722;243.9;Marcel Fassler;;GTLM;;Corvette Racing;Chevrolet;
4;2;122;51.555;0;;21.091;0;18.688;0;11.776;0;165.6;1:47:51.118;16:57:53.046;0:21.091;0:18.688;0:11.776;242.3;Marcel Fassler;;GTLM;;Corvette Racing;Chevrolet;
4;2;123;51.985;0;;21.268;0;18.875;0;11.842;0;164.3;1:48:43.103;16:58:45.031;0:21.268;0:18.875;0:11.842;242.3;Marcel Fassler;;GTLM;;Corvette Racing;Chevrolet;
4;2;124;51.816;0;;21.338;0;18.733;0;11.745;0;164.8;1:49:34.919;16:59:36.847;0:21.338;0:18.733;0:11.745;241.3;Marcel Fassler;;GTLM;;Corvette Racing;Chevrolet;
4;2;125;52.188;0;;21.307;0;18.970;0;11.911;0;163.6;1:50:27.107;17:00:29.035;0:21.307;0:18.970;0:11.911;242.8;Marcel Fassler;;GTLM;;Corvette Racing;Chevrolet;
4;2;126;52.912;0;;21.478;0;19.390;0;12.044;0;161.4;1:51:20.019;17:01:21.947;0:21.478;0:19.390;0:12.044;240.7;Marcel Fassler;;GTLM;;Corvette Racing;Chevrolet;
4;2;127;52.827;0;;21.925;0;19.033;0;11.869;0;161.7;1:52:12.846;17:02:14.774;0:21.925;0:19.033;0:11.869;241.3;Marcel Fassler;;GTLM;;Corvette Racing;Chevrolet;
4;2;128;52.791;0;;21.798;0;19.136;0;11.857;0;161.8;1:53:05.637;17:03:07.565;0:21.798;0:19.136;0:11.857;243.4;Marcel Fassler;;GTLM;;Corvette Racing;Chevrolet;
4;2;129;52.317;0;;21.409;0;18.903;0;12.005;0;163.2;1:53:57.954;17:03:59.882;0:21.409;0:18.903;0:12.005;242.3;Marcel Fassler;;GTLM;;Corvette Racing;Chevrolet;
4;2;130;52.365;0;;21.685;0;18.845;0;11.835;0;163.1;1:54:50.319;17:04:52.247;0:21.685;0:18.845;0:11.835;240.7;Marcel Fassler;;GTLM;;Corvette Racing;Chevrolet;
4;2;131;52.413;0;;21.650;0;18.961;0;11.802;0;162.9;1:55:42.732;17:05:44.660;0:21.650;0:18.961;0:11.802;241.3;Marcel Fassler;;GTLM;;Corvette Racing;Chevrolet;
4;2;132;52.571;0;;21.657;0;19.127;0;11.787;0;162.4;1:56:35.303;17:06:37.231;0:21.657;0:19.127;0:11.787;242.3;Marcel Fassler;;GTLM;;Corvette Racing;Chevrolet;
4;2;133;52.857;0;;22.075;0;18.953;0;11.829;0;161.6;1:57:28.160;17:07:30.088;0:22.075;0:18.953;0:11.829;242.3;Marcel Fassler;;GTLM;;Corvette Racing;Chevrolet;
4;2;134;53.475;0;;22.147;0;19.375;0;11.953;0;159.7;1:58:21.635;17:08:23.563;0:22.147;0:19.375;0:11.953;242.3;Marcel Fassler;;GTLM;;Corvette Racing;Chevrolet;
4;2;135;53.274;0;;22.199;0;19.053;0;12.022;0;160.3;1:59:14.909;17:09:16.837;0:22.199;0:19.053;0:12.022;242.8;Marcel Fassler;;GTLM;;Corvette Racing;Chevrolet;
4;2;136;56.682;0;;25.537;0;19.195;0;11.950;0;150.7;2:00:11.591;17:10:13.519;0:25.537;0:19.195;0:11.950;241.3;Marcel Fassler;;GTLM;;Corvette Racing;Chevrolet;
4;2;137;1:03.823;0;B;21.954;0;19.107;0;22.762;0;133.8;2:01:15.414;17:11:17.342;0:21.954;0:19.107;0:22.762;241.8;Marcel Fassler;;GTLM;;Corvette Racing;Chevrolet;
4;1;138;1:31.438;0;;59.670;0;19.688;0;12.080;0;93.4;2:02:46.852;17:12:48.780;0:59.670;0:19.688;0:12.080;;Oliver Gavin;0:00:47.158;GTLM;;Corvette Racing;Chevrolet;
4;1;139;52.921;0;;21.789;0;19.126;0;12.006;0;161.4;2:03:39.773;17:13:41.701;0:21.789;0:19.126;0:12.006;237.7;Oliver Gavin;;GTLM;;Corvette Racing;Chevrolet;
4;1;140;52.211;0;;21.313;0;18.840;0;12.058;0;163.6;2:04:31.984;17:14:33.912;0:21.313;0:18.840;0:12.058;238.2;Oliver Gavin;;GTLM;;Corvette Racing;Chevrolet;
4;1;141;51.318;0;;21.152;0;18.485;0;11.681;0;166.4;2:05:23.302;17:15:25.230;0:21.152;0:18.485;0:11.681;239.7;Oliver Gavin;;GTLM;;Corvette Racing;Chevrolet;
4;1;142;51.183;0;;20.783;0;18.640;0;11.760;0;166.8;2:06:14.485;17:16:16.413;0:20.783;0:18.640;0:11.760;243.4;Oliver Gavin;;GTLM;;Corvette Racing;Chevrolet;
4;1;143;51.028;0;;20.829;0;18.516;0;11.683;0;167.4;2:07:05.513;17:17:07.441;0:20.829;0:18.516;0:11.683;242.3;Oliver Gavin;;GTLM;;Corvette Racing;Chevrolet;
4;1;144;51.014;0;;20.763;2;18.396;0;11.855;0;167.4;2:07:56.527;17:17:58.455;0:20.763;0:18.396;0:11.855;243.9;Oliver Gavin;;GTLM;;Corvette Racing;Chevrolet;
4;1;145;51.044;0;;21.036;0;18.354;3;11.654;0;167.3;2:08:47.571;17:18:49.499;0:21.036;0:18.354;0:11.654;242.8;Oliver Gavin;;GTLM;;Corvette Racing;Chevrolet;
4;1;146;50.983;0;;20.947;0;18.456;0;11.580;0;167.5;2:09:38.554;17:19:40.482;0:20.947;0:18.456;0:11.580;244.4;Oliver Gavin;;GTLM;;Corvette Racing;Chevrolet;
4;1;147;51.500;0;;20.905;0;18.654;0;11.941;0;165.8;2:10:30.054;17:20:31.982;0:20.905;0:18.654;0:11.941;246.1;Oliver Gavin;;GTLM;;Corvette Racing;Chevrolet;
4;1;148;51.382;0;;21.107;0;18.656;0;11.619;0;166.2;2:11:21.436;17:21:23.364;0:21.107;0:18.656;0:11.619;241.3;Oliver Gavin;;GTLM;;Corvette Racing;Chevrolet;
4;1;149;51.606;0;;21.118;0;18.789;0;11.699;0;165.5;2:12:13.042;17:22:14.970;0:21.118;0:18.789;0:11.699;245.0;Oliver Gavin;;GTLM;;Corvette Racing;Chevrolet;
4;1;150;51.806;0;;21.415;0;18.733;0;11.658;0;164.8;2:13:04.848;17:23:06.776;0:21.415;0:18.733;0:11.658;243.9;Oliver Gavin;;GTLM;;Corvette Racing;Chevrolet;
4;1;151;51.936;0;;21.288;0;18.789;0;11.859;0;164.4;2:13:56.784;17:23:58.712;0:21.288;0:18.789;0:11.859;245.5;Oliver Gavin;;GTLM;;Corvette Racing;Chevrolet;
4;1;152;51.931;0;;21.348;0;18.847;0;11.736;0;164.4;2:14:48.715;17:24:50.643;0:21.348;0:18.847;0:11.736;241.8;Oliver Gavin;;GTLM;;Corvette Racing;Chevrolet;
4;1;153;51.913;0;;21.386;0;18.773;0;11.754;0;164.5;2:15:40.628;17:25:42.556;0:21.386;0:18.773;0:11.754;243.4;Oliver Gavin;;GTLM;;Corvette Racing;Chevrolet;
4;1;154;52.725;0;;21.766;0;19.164;0;11.795;0;162.0;2:16:33.353;17:26:35.281;0:21.766;0:19.164;0:11.795;244.4;Oliver Gavin;;GTLM;;Corvette Racing;Chevrolet;
4;1;155;52.686;0;;21.407;0;19.417;0;11.862;0;162.1;2:17:26.039;17:27:27.967;0:21.407;0:19.417;0:11.862;244.4;Oliver Gavin;;GTLM;;Corvette Racing;Chevrolet;
4;1;156;52.481;0;;21.532;0;19.039;0;11.910;0;162.7;2:18:18.520;17:28:20.448;0:21.532;0:19.039;0:11.910;242.8;Oliver Gavin;;GTLM;;Corvette Racing;Chevrolet;
4;1;157;54.686;0;;21.988;0;19.834;0;12.864;0;156.2;2:19:13.206;17:29:15.134;0:21.988;0:19.834;0:12.864;242.3;Oliver Gavin;;GTLM;;Corvette Racing;Chevrolet;
4;1;158;52.920;0;;21.835;0;18.960;0;12.125;0;161.4;2:20:06.126;17:30:08.054;0:21.835;0:18.960;0:12.125;231.3;Oliver Gavin;;GTLM;;Corvette Racing;Chevrolet;
4;1;159;52.573;0;;21.752;0;19.049;0;11.772;0;162.4;2:20:58.699;17:31:00.627;0:21.752;0:19.049;0:11.772;240.2;Oliver Gavin;;GTLM;;Corvette Racing;Chevrolet;
4;1;160;52.144;0;;21.593;0;18.789;0;11.762;0;163.8;2:21:50.843;17:31:52.771;0:21.593;0:18.789;0:11.762;243.4;Oliver Gavin;;GTLM;;Corvette Racing;Chevrolet;
4;1;161;52.114;0;;21.537;0;18.845;0;11.732;0;163.9;2:22:42.957;17:32:44.885;0:21.537;0:18.845;0:11.732;242.8;Oliver Gavin;;GTLM;;Corvette Racing;Chevrolet;
4;1;162;52.103;0;;21.524;0;18.822;0;11.757;0;163.9;2:23:35.060;17:33:36.988;0:21.524;0:18.822;0:11.757;246.1;Oliver Gavin;;GTLM;;Corvette Racing;Chevrolet;
4;1;163;52.664;0;;21.671;0;19.160;0;11.833;0;162.2;2:24:27.724;17:34:29.652;0:21.671;0:19.160;0:11.833;244.4;Oliver Gavin;;GTLM;;Corvette Racing;Chevrolet;
4;1;164;51.727;0;;21.118;0;18.798;0;11.811;0;165.1;2:25:19.451;17:35:21.379;0:21.118;0:18.798;0:11.811;241.8;Oliver Gavin;;GTLM;;Corvette Racing;Chevrolet;
4;1;165;51.453;0;;21.077;0;18.679;0;11.697;0;166.0;2:26:10.904;17:36:12.832;0:21.077;0:18.679;0:11.697;242.3;Oliver Gavin;;GTLM;;Corvette Racing;Chevrolet;
4;1;166;52.423;0;;21.691;0;19.038;0;11.694;0;162.9;2:27:03.327;17:37:05.255;0:21.691;0:19.038;0:11.694;242.8;Oliver Gavin;;GTLM;;Corvette Racing;Chevrolet;
4;1;167;52.371;0;;21.255;0;19.281;0;11.835;0;163.1;2:27:55.698;17:37:57.626;0:21.255;0:19.281;0:11.835;243.4;Oliver Gavin;;GTLM;;Corvette Racing;Chevrolet;
4;1;168;52.582;0;;21.266;0;19.493;0;11.823;0;162.4;2:28:48.280;17:38:50.208;0:21.266;0:19.493;0:11.823;242.8;Oliver Gavin;;GTLM;;Corvette Racing;Chevrolet;
4;1;169;51.702;0;;21.241;0;18.755;0;11.706;0;165.2;2:29:39.982;17:39:41.910;0:21.241;0:18.755;0:11.706;243.4;Oliver Gavin;;GTLM;;Corvette Racing;Chevrolet;
4;1;170;52.395;0;;21.765;0;18.850;0;11.780;0;163.0;2:30:32.377;17:40:34.305;0:21.765;0:18.850;0:11.780;242.8;Oliver Gavin;;GTLM;;Corvette Racing;Chevrolet;
4;1;171;51.958;0;;21.332;0;18.880;0;11.746;0;164.4;2:31:24.335;17:41:26.263;0:21.332;0:18.880;0:11.746;241.8;Oliver Gavin;;GTLM;;Corvette Racing;Chevrolet;
4;1;172;52.434;0;;21.532;0;19.051;0;11.851;0;162.9;2:32:16.769;17:42:18.697;0:21.532;0:19.051;0:11.851;243.4;Oliver Gavin;;GTLM;;Corvette Racing;Chevrolet;
4;1;173;54.666;0;;22.249;0;20.127;0;12.290;0;156.2;2:33:11.435;17:43:13.363;0:22.249;0:20.127;0:12.290;241.8;Oliver Gavin;;GTLM;;Corvette Racing;Chevrolet;
4;1;174;54.040;0;;22.030;0;19.434;0;12.576;0;158.0;2:34:05.475;17:44:07.403;0:22.030;0:19.434;0:12.576;238.7;Oliver Gavin;;GTLM;;Corvette Racing;Chevrolet;
4;1;175;53.828;0;;22.713;0;19.164;0;11.951;0;158.6;2:34:59.303;17:45:01.231;0:22.713;0:19.164;0:11.951;236.7;Oliver Gavin;;GTLM;;Corvette Racing;Chevrolet;
4;1;176;52.498;0;;21.626;0;19.046;0;11.826;0;162.7;2:35:51.801;17:45:53.729;0:21.626;0:19.046;0:11.826;241.3;Oliver Gavin;;GTLM;;Corvette Racing;Chevrolet;
4;1;177;52.046;0;;21.327;0;18.882;0;11.837;0;164.1;2:36:43.847;17:46:45.775;0:21.327;0:18.882;0:11.837;242.3;Oliver Gavin;;GTLM;;Corvette Racing;Chevrolet;
4;1;178;53.906;0;;21.371;0;19.013;0;13.522;0;158.4;2:37:37.753;17:47:39.681;0:21.371;0:19.013;0:13.522;243.4;Oliver Gavin;;GTLM;;Corvette Racing;Chevrolet;
4;1;179;53.708;0;;21.835;0;19.469;0;12.404;0;159.0;2:38:31.461;17:48:33.389;0:21.835;0:19.469;0:12.404;230.8;Oliver Gavin;;GTLM;;Corvette Racing;Chevrolet;
4;1;180;53.477;0;;21.832;0;19.217;0;12.428;0;159.7;2:39:24.938;17:49:26.866;0:21.832;0:19.217;0:12.428;238.7;Oliver Gavin;;GTLM;;Corvette Racing;Chevrolet;
4;1;181;52.882;0;;21.754;0;19.022;0;12.106;0;161.5;2:40:17.820;17:50:19.748;0:21.754;0:19.022;0:12.106;237.7;Oliver Gavin;;GTLM;;Corvette Racing;Chevrolet;
48;2;1;1:02.363;0;;28.514;0;21.420;0;12.429;0;136.9;1:02.363;15:11:04.291;0:28.514;0:21.420;0:12.429;225.6;Corey Lewis;;GTD;;Paul Miller Racing;Lamborghini;
48;2;2;54.937;0;;22.257;0;20.396;0;12.284;0;155.4;1:57.300;15:11:59.228;0:22.257;0:20.396;0:12.284;233.7;Corey Lewis;;GTD;;Paul Miller Racing;Lamborghini;
48;2;3;53.216;0;;21.747;0;19.364;0;12.105;0;160.5;2:50.516;15:12:52.444;0:21.747;0:19.364;0:12.105;235.7;Corey Lewis;;GTD;;Paul Miller Racing;Lamborghini;
48;2;4;53.860;0;;21.587;0;20.194;0;12.079;0;158.6;3:44.376;15:13:46.304;0:21.587;0:20.194;0:12.079;236.2;Corey Lewis;;GTD;;Paul Miller Racing;Lamborghini;
48;2;5;52.897;0;;21.464;1;19.413;0;12.020;1;161.4;4:37.273;15:14:39.201;0:21.464;0:19.413;0:12.020;236.2;Corey Lewis;;GTD;;Paul Miller Racing;Lamborghini;
48;2;6;53.141;0;;21.648;0;19.424;0;12.069;0;160.7;5:30.414;15:15:32.342;0:21.648;0:19.424;0:12.069;238.2;Corey Lewis;;GTD;;Paul Miller Racing;Lamborghini;
48;2;7;1:27.767;0;B;29.091;0;20.538;0;38.138;0;97.3;6:58.181;15:17:00.109;0:29.091;0:20.538;0:38.138;237.2;Corey Lewis;;GTD;;Paul Miller Racing;Lamborghini;
48;2;8;1:00.735;0;;29.286;0;19.361;0;12.088;0;140.6;7:58.916;15:18:00.844;0:29.286;0:19.361;0:12.088;;Corey Lewis;0:00:32.477;GTD;;Paul Miller Racing;Lamborghini;
48;2;9;52.856;0;;21.652;0;19.184;0;12.020;0;161.6;8:51.772;15:18:53.700;0:21.652;0:19.184;0:12.020;234.2;Corey Lewis;;GTD;;Paul Miller Racing;Lamborghini;
48;2;10;52.652;0;;21.525;0;19.059;1;12.068;0;162.2;9:44.424;15:19:46.352;0:21.525;0:19.059;0:12.068;235.2;Corey Lewis;;GTD;;Paul Miller Racing;Lamborghini;
48;2;11;52.799;0;;21.562;0;19.175;0;12.062;0;161.7;10:37.223;15:20:39.151;0:21.562;0:19.175;0:12.062;235.7;Corey Lewis;;GTD;;Paul Miller Racing;Lamborghini;
48;2;12;52.799;0;;21.479;0;19.234;0;12.086;0;161.7;11:30.022;15:21:31.950;0:21.479;0:19.234;0:12.086;235.2;Corey Lewis;;GTD;;Paul Miller Racing;Lamborghini;
48;2;13;52.886;0;;21.641;0;19.151;0;12.094;0;161.5;12:22.908;15:22:24.836;0:21.641;0:19.151;0:12.094;234.7;Corey Lewis;;GTD;;Paul Miller Racing;Lamborghini;
48;2;14;53.013;0;;21.739;0;19.190;0;12.084;0;161.1;13:15.921;15:23:17.849;0:21.739;0:19.190;0:12.084;234.7;Corey Lewis;;GTD;;Paul Miller Racing;Lamborghini;
48;2;15;52.940;0;;21.568;0;19.316;0;12.056;0;161.3;14:08.861;15:24:10.789;0:21.568;0:19.316;0:12.056;234.2;Corey Lewis;;GTD;;Paul Miller Racing;Lamborghini;
48;2;16;52.919;0;;21.598;0;19.250;0;12.071;0;161.4;15:01.780;15:25:03.708;0:21.598;0:19.250;0:12.071;234.7;Corey Lewis;;GTD;;Paul Miller Racing;Lamborghini;
48;2;17;53.024;0;;21.603;0;19.299;0;12.122;0;161.1;15:54.804;15:25:56.732;0:21.603;0:19.299;0:12.122;234.2;Corey Lewis;;GTD;;Paul Miller Racing;Lamborghini;
48;2;18;53.054;0;;21.713;0;19.307;0;12.034;0;161.0;16:47.858;15:26:49.786;0:21.713;0:19.307;0:12.034;232.7;Corey Lewis;;GTD;;Paul Miller Racing;Lamborghini;
48;2;19;53.093;0;;21.665;0;19.351;0;12.077;0;160.8;17:40.951;15:27:42.879;0:21.665;0:19.351;0:12.077;234.2;Corey Lewis;;GTD;;Paul Miller Racing;Lamborghini;
48;2;20;53.159;0;;21.642;0;19.324;0;12.193;0;160.6;18:34.110;15:28:36.038;0:21.642;0:19.324;0:12.193;234.2;Corey Lewis;;GTD;;Paul Miller Racing;Lamborghini;
48;2;21;53.076;0;;21.704;0;19.259;0;12.113;0;160.9;19:27.186;15:29:29.114;0:21.704;0:19.259;0:12.113;234.2;Corey Lewis;;GTD;;Paul Miller Racing;Lamborghini;
48;2;22;53.317;0;;21.778;0;19.340;0;12.199;0;160.2;20:20.503;15:30:22.431;0:21.778;0:19.340;0:12.199;234.7;Corey Lewis;;GTD;;Paul Miller Racing;Lamborghini;
48;2;23;53.327;0;;21.777;0;19.420;0;12.130;0;160.1;21:13.830;15:31:15.758;0:21.777;0:19.420;0:12.130;233.7;Corey Lewis;;GTD;;Paul Miller Racing;Lamborghini;
48;2;24;53.356;0;;21.799;0;19.403;0;12.154;0;160.1;22:07.186;15:32:09.114;0:21.799;0:19.403;0:12.154;234.2;Corey Lewis;;GTD;;Paul Miller Racing;Lamborghini;
48;2;25;53.152;0;;21.754;0;19.316;0;12.082;0;160.7;23:00.338;15:33:02.266;0:21.754;0:19.316;0:12.082;234.2;Corey Lewis;;GTD;;Paul Miller Racing;Lamborghini;
48;2;26;53.354;0;;21.781;0;19.387;0;12.186;0;160.1;23:53.692;15:33:55.620;0:21.781;0:19.387;0:12.186;235.2;Corey Lewis;;GTD;;Paul Miller Racing;Lamborghini;
48;2;27;53.318;0;;21.763;0;19.445;0;12.110;0;160.2;24:47.010;15:34:48.938;0:21.763;0:19.445;0:12.110;234.7;Corey Lewis;;GTD;;Paul Miller Racing;Lamborghini;
48;2;28;53.317;0;;21.755;0;19.340;0;12.222;0;160.2;25:40.327;15:35:42.255;0:21.755;0:19.340;0:12.222;234.7;Corey Lewis;;GTD;;Paul Miller Racing;Lamborghini;
48;2;29;53.322;0;;21.746;0;19.408;0;12.168;0;160.2;26:33.649;15:36:35.577;0:21.746;0:19.408;0:12.168;233.7;Corey Lewis;;GTD;;Paul Miller Racing;Lamborghini;
48;2;30;53.402;0;;21.861;0;19.426;0;12.115;0;159.9;27:27.051;15:37:28.979;0:21.861;0:19.426;0:12.115;234.2;Corey Lewis;;GTD;;Paul Miller Racing;Lamborghini;
48;2;31;53.386;0;;21.872;0;19.333;0;12.181;0;160.0;28:20.437;15:38:22.365;0:21.872;0:19.333;0:12.181;234.2;Corey Lewis;;GTD;;Paul Miller Racing;Lamborghini;
48;2;32;53.404;0;;21.844;0;19.411;0;12.149;0;159.9;29:13.841;15:39:15.769;0:21.844;0:19.411;0:12.149;233.7;Corey Lewis;;GTD;;Paul Miller Racing;Lamborghini;
48;2;33;53.319;0;;21.833;0;19.362;0;12.124;0;160.2;30:07.160;15:40:09.088;0:21.833;0:19.362;0:12.124;235.7;Corey Lewis;;GTD;;Paul Miller Racing;Lamborghini;
48;2;34;53.312;0;;21.798;0;19.404;0;12.110;0;160.2;31:00.472;15:41:02.400;0:21.798;0:19.404;0:12.110;235.2;Corey Lewis;;GTD;;Paul Miller Racing;Lamborghini;
48;2;35;53.514;0;;22.007;0;19.381;0;12.126;0;159.6;31:53.986;15:41:55.914;0:22.007;0:19.381;0:12.126;235.2;Corey Lewis;;GTD;;Paul Miller Racing;Lamborghini;
48;2;36;53.680;0;;21.951;0;19.500;0;12.229;0;159.1;32:47.666;15:42:49.594;0:21.951;0:19.500;0:12.229;234.7;Corey Lewis;;GTD;;Paul Miller Racing;Lamborghini;
48;2;37;53.682;0;;22.003;0;19.477;0;12.202;0;159.1;33:41.348;15:43:43.276;0:22.003;0:19.477;0:12.202;233.2;Corey Lewis;;GTD;;Paul Miller Racing;Lamborghini;
48;2;38;53.720;0;;21.867;0;19.561;0;12.292;0;159.0;34:35.068;15:44:36.996;0:21.867;0:19.561;0:12.292;234.7;Corey Lewis;;GTD;;Paul Miller Racing;Lamborghini;
48;2;39;53.990;0;;22.321;0;19.433;0;12.236;0;158.2;35:29.058;15:45:30.986;0:22.321;0:19.433;0:12.236;233.7;Corey Lewis;;GTD;;Paul Miller Racing;Lamborghini;
48;2;40;54.778;0;;22.736;0;19.684;0;12.358;0;155.9;36:23.836;15:46:25.764;0:22.736;0:19.684;0:12.358;232.7;Corey Lewis;;GTD;;Paul Miller Racing;Lamborghini;
48;2;41;54.278;0;;22.553;0;19.470;0;12.255;0;157.3;37:18.114;15:47:20.042;0:22.553;0:19.470;0:12.255;224.3;Corey Lewis;;GTD;;Paul Miller Racing;Lamborghini;
48;2;42;53.882;0;;22.176;0;19.454;0;12.252;0;158.5;38:11.996;15:48:13.924;0:22.176;0:19.454;0:12.252;233.7;Corey Lewis;;GTD;;Paul Miller Racing;Lamborghini;
48;2;43;53.872;0;;22.100;0;19.500;0;12.272;0;158.5;39:05.868;15:49:07.796;0:22.100;0:19.500;0:12.272;233.2;Corey Lewis;;GTD;;Paul Miller Racing;Lamborghini;
48;2;44;54.047;0;;22.117;0;19.569;0;12.361;0;158.0;39:59.915;15:50:01.843;0:22.117;0:19.569;0:12.361;233.2;Corey Lewis;;GTD;;Paul Miller Racing;Lamborghini;
48;2;45;55.744;0;;23.158;0;20.244;0;12.342;0;153.2;40:55.659;15:50:57.587;0:23.158;0:20.244;0:12.342;228.4;Corey Lewis;;GTD;;Paul Miller Racing;Lamborghini;
48;2;46;54.131;0;;22.273;0;19.566;0;12.292;0;157.8;41:49.790;15:51:51.718;0:22.273;0:19.566;0:12.292;234.2;Corey Lewis;;GTD;;Paul Miller Racing;Lamborghini;
48;2;47;1:34.468;0;B;22.177;0;19.821;0;52.470;0;90.4;43:24.258;15:53:26.186;0:22.177;0:19.821;0:52.470;233.7;Corey Lewis;;GTD;;Paul Miller Racing;Lamborghini;
48;2;48;1:02.910;0;;30.404;0;20.074;0;12.432;0;135.7;44:27.168;15:54:29.096;0:30.404;0:20.074;0:12.432;;Corey Lewis;0:00:47.243;GTD;;Paul Miller Racing;Lamborghini;
48;2;49;54.042;0;;21.842;0;19.939;0;12.261;0;158.0;45:21.210;15:55:23.138;0:21.842;0:19.939;0:12.261;233.2;Corey Lewis;;GTD;;Paul Miller Racing;Lamborghini;
48;2;50;53.177;0;;21.750;0;19.289;0;12.138;0;160.6;46:14.387;15:56:16.315;0:21.750;0:19.289;0:12.138;235.7;Corey Lewis;;GTD;;Paul Miller Racing;Lamborghini;
48;2;51;52.858;0;;21.543;0;19.234;0;12.081;0;161.6;47:07.245;15:57:09.173;0:21.543;0:19.234;0:12.081;235.2;Corey Lewis;;GTD;;Paul Miller Racing;Lamborghini;
48;2;52;52.878;0;;21.571;0;19.278;0;12.029;0;161.5;48:00.123;15:58:02.051;0:21.571;0:19.278;0:12.029;235.7;Corey Lewis;;GTD;;Paul Miller Racing;Lamborghini;
48;2;53;54.921;0;;22.524;0;20.165;0;12.232;0;155.5;48:55.044;15:58:56.972;0:22.524;0:20.165;0:12.232;236.2;Corey Lewis;;GTD;;Paul Miller Racing;Lamborghini;
48;2;54;53.436;0;;21.865;0;19.439;0;12.132;0;159.8;49:48.480;15:59:50.408;0:21.865;0:19.439;0:12.132;236.7;Corey Lewis;;GTD;;Paul Miller Racing;Lamborghini;
48;2;55;53.219;0;;21.680;0;19.344;0;12.195;0;160.5;50:41.699;16:00:43.627;0:21.680;0:19.344;0:12.195;236.2;Corey Lewis;;GTD;;Paul Miller Racing;Lamborghini;
48;2;56;53.111;0;;21.757;0;19.287;0;12.067;0;160.8;51:34.810;16:01:36.738;0:21.757;0:19.287;0:12.067;235.2;Corey Lewis;;GTD;;Paul Miller Racing;Lamborghini;
48;2;57;53.139;0;;21.764;0;19.329;0;12.046;0;160.7;52:27.949;16:02:29.877;0:21.764;0:19.329;0:12.046;236.7;Corey Lewis;;GTD;;Paul Miller Racing;Lamborghini;
48;2;58;53.156;0;;21.725;0;19.324;0;12.107;0;160.7;53:21.105;16:03:23.033;0:21.725;0:19.324;0:12.107;236.2;Corey Lewis;;GTD;;Paul Miller Racing;Lamborghini;
48;2;59;52.880;0;;21.631;0;19.219;0;12.030;0;161.5;54:13.985;16:04:15.913;0:21.631;0:19.219;0:12.030;235.2;Corey Lewis;;GTD;;Paul Miller Racing;Lamborghini;
48;2;60;52.845;0;;21.505;0;19.306;0;12.034;0;161.6;55:06.830;16:05:08.758;0:21.505;0:19.306;0:12.034;236.7;Corey Lewis;;GTD;;Paul Miller Racing;Lamborghini;
48;2;61;52.701;0;;21.528;0;19.111;0;12.062;0;162.0;55:59.531;16:06:01.459;0:21.528;0:19.111;0:12.062;236.7;Corey Lewis;;GTD;;Paul Miller Racing;Lamborghini;
48;2;62;53.158;0;;21.645;0;19.386;0;12.127;0;160.6;56:52.689;16:06:54.617;0:21.645;0:19.386;0:12.127;235.2;Corey Lewis;;GTD;;Paul Miller Racing;Lamborghini;
48;2;63;53.027;0;;21.554;0;19.431;0;12.042;0;161.0;57:45.716;16:07:47.644;0:21.554;0:19.431;0:12.042;234.7;Corey Lewis;;GTD;;Paul Miller Racing;Lamborghini;
48;2;64;52.936;0;;21.587;0;19.271;0;12.078;0;161.3;58:38.652;16:08:40.580;0:21.587;0:19.271;0:12.078;235.2;Corey Lewis;;GTD;;Paul Miller Racing;Lamborghini;
48;2;65;53.182;0;;21.607;0;19.499;0;12.076;0;160.6;59:31.834;16:09:33.762;0:21.607;0:19.499;0:12.076;235.2;Corey Lewis;;GTD;;Paul Miller Racing;Lamborghini;
48;2;66;53.063;0;;21.608;0;19.346;0;12.109;0;160.9;1:00:24.897;16:10:26.825;0:21.608;0:19.346;0:12.109;234.7;Corey Lewis;;GTD;;Paul Miller Racing;Lamborghini;
48;2;67;53.086;0;;21.685;0;19.296;0;12.105;0;160.9;1:01:17.983;16:11:19.911;0:21.685;0:19.296;0:12.105;234.2;Corey Lewis;;GTD;;Paul Miller Racing;Lamborghini;
48;2;68;53.081;0;;21.683;0;19.312;0;12.086;0;160.9;1:02:11.064;16:12:12.992;0:21.683;0:19.312;0:12.086;235.2;Corey Lewis;;GTD;;Paul Miller Racing;Lamborghini;
48;2;69;53.152;0;;21.683;0;19.371;0;12.098;0;160.7;1:03:04.216;16:13:06.144;0:21.683;0:19.371;0:12.098;235.7;Corey Lewis;;GTD;;Paul Miller Racing;Lamborghini;
48;2;70;53.296;0;;21.885;0;19.346;0;12.065;0;160.2;1:03:57.512;16:13:59.440;0:21.885;0:19.346;0:12.065;235.7;Corey Lewis;;GTD;;Paul Miller Racing;Lamborghini;
48;2;71;53.183;0;;21.679;0;19.421;0;12.083;0;160.6;1:04:50.695;16:14:52.623;0:21.679;0:19.421;0:12.083;235.7;Corey Lewis;;GTD;;Paul Miller Racing;Lamborghini;
48;2;72;53.297;0;;21.775;0;19.432;0;12.090;0;160.2;1:05:43.992;16:15:45.920;0:21.775;0:19.432;0:12.090;235.2;Corey Lewis;;GTD;;Paul Miller Racing;Lamborghini;
48;2;73;53.761;0;;21.799;0;19.342;0;12.620;0;158.8;1:06:37.753;16:16:39.681;0:21.799;0:19.342;0:12.620;235.7;Corey Lewis;;GTD;;Paul Miller Racing;Lamborghini;
48;2;74;55.848;0;;23.135;0;20.414;0;12.299;0;152.9;1:07:33.601;16:17:35.529;0:23.135;0:20.414;0:12.299;229.8;Corey Lewis;;GTD;;Paul Miller Racing;Lamborghini;
48;2;75;54.625;0;;22.128;0;19.954;0;12.543;0;156.3;1:08:28.226;16:18:30.154;0:22.128;0:19.954;0:12.543;235.2;Corey Lewis;;GTD;;Paul Miller Racing;Lamborghini;
48;2;76;54.112;0;;22.081;0;19.848;0;12.183;0;157.8;1:09:22.338;16:19:24.266;0:22.081;0:19.848;0:12.183;234.2;Corey Lewis;;GTD;;Paul Miller Racing;Lamborghini;
48;2;77;53.756;0;;21.958;0;19.515;0;12.283;0;158.9;1:10:16.094;16:20:18.022;0:21.958;0:19.515;0:12.283;235.7;Corey Lewis;;GTD;;Paul Miller Racing;Lamborghini;
48;2;78;54.733;0;;22.369;0;19.834;0;12.530;0;156.0;1:11:10.827;16:21:12.755;0:22.369;0:19.834;0:12.530;236.2;Corey Lewis;;GTD;;Paul Miller Racing;Lamborghini;
48;2;79;53.650;0;;21.943;0;19.573;0;12.134;0;159.2;1:12:04.477;16:22:06.405;0:21.943;0:19.573;0:12.134;234.7;Corey Lewis;;GTD;;Paul Miller Racing;Lamborghini;
48;2;80;53.364;0;;21.868;0;19.423;0;12.073;0;160.0;1:12:57.841;16:22:59.769;0:21.868;0:19.423;0:12.073;234.7;Corey Lewis;;GTD;;Paul Miller Racing;Lamborghini;
48;2;81;53.264;0;;21.797;0;19.401;0;12.066;0;160.3;1:13:51.105;16:23:53.033;0:21.797;0:19.401;0:12.066;236.2;Corey Lewis;;GTD;;Paul Miller Racing;Lamborghini;
48;2;82;53.267;0;;21.719;0;19.474;0;12.074;0;160.3;1:14:44.372;16:24:46.300;0:21.719;0:19.474;0:12.074;236.7;Corey Lewis;;GTD;;Paul Miller Racing;Lamborghini;
48;2;83;53.373;0;;21.826;0;19.443;0;12.104;0;160.0;1:15:37.745;16:25:39.673;0:21.826;0:19.443;0:12.104;236.2;Corey Lewis;;GTD;;Paul Miller Racing;Lamborghini;
48;2;84;53.441;0;;21.886;0;19.439;0;12.116;0;159.8;1:16:31.186;16:26:33.114;0:21.886;0:19.439;0:12.116;235.7;Corey Lewis;;GTD;;Paul Miller Racing;Lamborghini;
48;2;85;53.342;0;;21.787;0;19.468;0;12.087;0;160.1;1:17:24.528;16:27:26.456;0:21.787;0:19.468;0:12.087;235.2;Corey Lewis;;GTD;;Paul Miller Racing;Lamborghini;
48;2;86;53.393;0;;21.851;0;19.460;0;12.082;0;159.9;1:18:17.921;16:28:19.849;0:21.851;0:19.460;0:12.082;235.7;Corey Lewis;;GTD;;Paul Miller Racing;Lamborghini;
48;2;87;53.533;0;;21.976;0;19.387;0;12.170;0;159.5;1:19:11.454;16:29:13.382;0:21.976;0:19.387;0:12.170;235.2;Corey Lewis;;GTD;;Paul Miller Racing;Lamborghini;
48;2;88;53.449;0;;21.930;0;19.429;0;12.090;0;159.8;1:20:04.903;16:30:06.831;0:21.930;0:19.429;0:12.090;233.7;Corey Lewis;;GTD;;Paul Miller Racing;Lamborghini;
48;2;89;53.989;0;;21.961;0;19.691;0;12.337;0;158.2;1:20:58.892;16:31:00.820;0:21.961;0:19.691;0:12.337;234.7;Corey Lewis;;GTD;;Paul Miller Racing;Lamborghini;
48;2;90;55.163;0;;23.209;0;19.707;0;12.247;0;154.8;1:21:54.055;16:31:55.983;0:23.209;0:19.707;0:12.247;218.1;Corey Lewis;;GTD;;Paul Miller Racing;Lamborghini;
48;2;91;53.730;0;;21.932;0;19.649;0;12.149;0;158.9;1:22:47.785;16:32:49.713;0:21.932;0:19.649;0:12.149;235.2;Corey Lewis;;GTD;;Paul Miller Racing;Lamborghini;
48;2;92;54.081;0;;21.891;0;19.913;0;12.277;0;157.9;1:23:41.866;16:33:43.794;0:21.891;0:19.913;0:12.277;235.7;Corey Lewis;;GTD;;Paul Miller Racing;Lamborghini;
48;2;93;53.771;0;;22.165;0;19.453;0;12.153;0;158.8;1:24:35.637;16:34:37.565;0:22.165;0:19.453;0:12.153;236.2;Corey Lewis;;GTD;;Paul Miller Racing;Lamborghini;
48;2;94;53.985;0;;22.170;0;19.617;0;12.198;0;158.2;1:25:29.622;16:35:31.550;0:22.170;0:19.617;0:12.198;235.7;Corey Lewis;;GTD;;Paul Miller Racing;Lamborghini;
48;2;95;53.902;0;;22.077;0;19.633;0;12.192;0;158.4;1:26:23.524;16:36:25.452;0:22.077;0:19.633;0:12.192;235.2;Corey Lewis;;GTD;;Paul Miller Racing;Lamborghini;
48;2;96;53.968;0;;22.155;0;19.623;0;12.190;0;158.2;1:27:17.492;16:37:19.420;0:22.155;0:19.623;0:12.190;235.7;Corey Lewis;;GTD;;Paul Miller Racing;Lamborghini;
48;2;97;53.806;0;;22.098;0;19.505;0;12.203;0;158.7;1:28:11.298;16:38:13.226;0:22.098;0:19.505;0:12.203;234.7;Corey Lewis;;GTD;;Paul Miller Racing;Lamborghini;
48;2;98;53.729;0;;22.101;0;19.431;0;12.197;0;158.9;1:29:05.027;16:39:06.955;0:22.101;0:19.431;0:12.197;234.7;Corey Lewis;;GTD;;Paul Miller Racing;Lamborghini;
48;2;99;54.488;0;;22.092;0;20.077;0;12.319;0;156.7;1:29:59.515;16:40:01.443;0:22.092;0:20.077;0:12.319;234.2;Corey Lewis;;GTD;;Paul Miller Racing;Lamborghini;
48;2;100;53.833;0;;22.275;0;19.396;0;12.162;0;158.6;1:30:53.348;16:40:55.276;0:22.275;0:19.396;0:12.162;234.7;Corey Lewis;;GTD;;Paul Miller Racing;Lamborghini;
48;2;101;53.715;0;;22.015;0;19.486;0;12.214;0;159.0;1:31:47.063;16:41:48.991;0:22.015;0:19.486;0:12.214;234.7;Corey Lewis;;GTD;;Paul Miller Racing;Lamborghini;
48;2;102;53.696;0;;21.993;0;19.487;0;12.216;0;159.0;1:32:40.759;16:42:42.687;0:21.993;0:19.487;0:12.216;235.2;Corey Lewis;;GTD;;Paul Miller Racing;Lamborghini;
48;2;103;54.199;0;;21.980;0;19.860;0;12.359;0;157.6;1:33:34.958;16:43:36.886;0:21.980;0:19.860;0:12.359;234.7;Corey Lewis;;GTD;;Paul Miller Racing;Lamborghini;
48;2;104;54.692;0;;22.098;0;20.260;0;12.334;0;156.1;1:34:29.650;16:44:31.578;0:22.098;0:20.260;0:12.334;234.2;Corey Lewis;;GTD;;Paul Miller Racing;Lamborghini;
48;2;105;1:41.633;0;B;22.324;0;19.728;0;59.581;0;84.0;1:36:11.283;16:46:13.211;0:22.324;0:19.728;0:59.581;234.7;Corey Lewis;;GTD;;Paul Miller Racing;Lamborghini;
48;1;106;1:01.765;0;;29.971;0;19.539;0;12.255;0;138.3;1:37:13.048;16:47:14.976;0:29.971;0:19.539;0:12.255;;Bryan Sellers;0:00:54.240;GTD;;Paul Miller Racing;Lamborghini;
48;1;107;52.630;0;;21.403;0;19.056;2;12.171;0;162.3;1:38:05.678;16:48:07.606;0:21.403;0:19.056;0:12.171;232.7;Bryan Sellers;;GTD;;Paul Miller Racing;Lamborghini;
48;1;108;53.773;0;;21.457;0;19.972;0;12.344;0;158.8;1:38:59.451;16:49:01.379;0:21.457;0:19.972;0:12.344;233.7;Bryan Sellers;;GTD;;Paul Miller Racing;Lamborghini;
48;1;109;52.772;0;;21.514;0;19.151;0;12.107;0;161.8;1:39:52.223;16:49:54.151;0:21.514;0:19.151;0:12.107;235.2;Bryan Sellers;;GTD;;Paul Miller Racing;Lamborghini;
48;1;110;52.682;0;;21.433;0;19.197;0;12.052;0;162.1;1:40:44.905;16:50:46.833;0:21.433;0:19.197;0:12.052;235.7;Bryan Sellers;;GTD;;Paul Miller Racing;Lamborghini;
48;1;111;52.603;2;;21.479;0;19.120;0;12.004;0;162.3;1:41:37.508;16:51:39.436;0:21.479;0:19.120;0:12.004;235.7;Bryan Sellers;;GTD;;Paul Miller Racing;Lamborghini;
48;1;112;52.738;0;;21.478;0;19.215;0;12.045;0;161.9;1:42:30.246;16:52:32.174;0:21.478;0:19.215;0:12.045;236.7;Bryan Sellers;;GTD;;Paul Miller Racing;Lamborghini;
48;1;113;52.870;0;;21.575;0;19.182;0;12.113;0;161.5;1:43:23.116;16:53:25.044;0:21.575;0:19.182;0:12.113;235.7;Bryan Sellers;;GTD;;Paul Miller Racing;Lamborghini;
48;1;114;52.668;0;;21.461;0;19.183;0;12.024;0;162.1;1:44:15.784;16:54:17.712;0:21.461;0:19.183;0:12.024;234.7;Bryan Sellers;;GTD;;Paul Miller Racing;Lamborghini;
48;1;115;52.766;0;;21.400;2;19.281;0;12.085;0;161.8;1:45:08.550;16:55:10.478;0:21.400;0:19.281;0:12.085;236.2;Bryan Sellers;;GTD;;Paul Miller Racing;Lamborghini;
48;1;116;52.866;0;;21.565;0;19.229;0;12.072;0;161.5;1:46:01.416;16:56:03.344;0:21.565;0:19.229;0:12.072;235.7;Bryan Sellers;;GTD;;Paul Miller Racing;Lamborghini;
48;1;117;52.692;0;;21.500;0;19.195;0;11.997;0;162.1;1:46:54.108;16:56:56.036;0:21.500;0:19.195;0:11.997;236.2;Bryan Sellers;;GTD;;Paul Miller Racing;Lamborghini;
48;1;118;52.744;0;;21.550;0;19.207;0;11.987;2;161.9;1:47:46.852;16:57:48.780;0:21.550;0:19.207;0:11.987;236.2;Bryan Sellers;;GTD;;Paul Miller Racing;Lamborghini;
48;1;119;52.874;0;;21.623;0;19.187;0;12.064;0;161.5;1:48:39.726;16:58:41.654;0:21.623;0:19.187;0:12.064;236.2;Bryan Sellers;;GTD;;Paul Miller Racing;Lamborghini;
48;1;120;53.281;0;;21.857;0;19.433;0;11.991;0;160.3;1:49:33.007;16:59:34.935;0:21.857;0:19.433;0:11.991;235.7;Bryan Sellers;;GTD;;Paul Miller Racing;Lamborghini;
48;1;121;53.112;0;;21.656;0;19.351;0;12.105;0;160.8;1:50:26.119;17:00:28.047;0:21.656;0:19.351;0:12.105;237.2;Bryan Sellers;;GTD;;Paul Miller Racing;Lamborghini;
48;1;122;54.557;0;;21.792;0;20.238;0;12.527;0;156.5;1:51:20.676;17:01:22.604;0:21.792;0:20.238;0:12.527;236.2;Bryan Sellers;;GTD;;Paul Miller Racing;Lamborghini;
48;1;123;54.331;0;;22.195;0;19.844;0;12.292;0;157.2;1:52:15.007;17:02:16.935;0:22.195;0:19.844;0:12.292;234.2;Bryan Sellers;;GTD;;Paul Miller Racing;Lamborghini;
48;1;124;54.175;0;;22.206;0;19.462;0;12.507;0;157.6;1:53:09.182;17:03:11.110;0:22.206;0:19.462;0:12.507;235.2;Bryan Sellers;;GTD;;Paul Miller Racing;Lamborghini;
48;1;125;53.749;0;;21.734;0;19.855;0;12.160;0;158.9;1:54:02.931;17:04:04.859;0:21.734;0:19.855;0:12.160;230.8;Bryan Sellers;;GTD;;Paul Miller Racing;Lamborghini;
48;1;126;53.274;0;;21.752;0;19.484;0;12.038;0;160.3;1:54:56.205;17:04:58.133;0:21.752;0:19.484;0:12.038;235.7;Bryan Sellers;;GTD;;Paul Miller Racing;Lamborghini;
48;1;127;53.428;0;;22.071;0;19.279;0;12.078;0;159.8;1:55:49.633;17:05:51.561;0:22.071;0:19.279;0:12.078;235.7;Bryan Sellers;;GTD;;Paul Miller Racing;Lamborghini;
48;1;128;53.131;0;;21.772;0;19.282;0;12.077;0;160.7;1:56:42.764;17:06:44.692;0:21.772;0:19.282;0:12.077;236.2;Bryan Sellers;;GTD;;Paul Miller Racing;Lamborghini;
48;1;129;53.232;0;;21.749;0;19.362;0;12.121;0;160.4;1:57:35.996;17:07:37.924;0:21.749;0:19.362;0:12.121;235.7;Bryan Sellers;;GTD;;Paul Miller Racing;Lamborghini;
48;1;130;53.749;0;;22.167;0;19.508;0;12.074;0;158.9;1:58:29.745;17:08:31.673;0:22.167;0:19.508;0:12.074;235.7;Bryan Sellers;;GTD;;Paul Miller Racing;Lamborghini;
48;1;131;53.057;0;;21.652;0;19.330;0;12.075;0;161.0;1:59:22.802;17:09:24.730;0:21.652;0:19.330;0:12.075;237.2;Bryan Sellers;;GTD;;Paul Miller Racing;Lamborghini;
48;1;132;53.199;0;;21.712;0;19.394;0;12.093;0;160.5;2:00:16.001;17:10:17.929;0:21.712;0:19.394;0:12.093;236.7;Bryan Sellers;;GTD;;Paul Miller Racing;Lamborghini;
48;1;133;53.356;0;;21.802;0;19.411;0;12.143;0;160.1;2:01:09.357;17:11:11.285;0:21.802;0:19.411;0:12.143;237.2;Bryan Sellers;;GTD;;Paul Miller Racing;Lamborghini;
48;1;134;53.318;0;;21.835;0;19.416;0;12.067;0;160.2;2:02:02.675;17:12:04.603;0:21.835;0:19.416;0:12.067;236.2;Bryan Sellers;;GTD;;Paul Miller Racing;Lamborghini;
48;1;135;53.422;0;;21.833;0;19.453;0;12.136;0;159.9;2:02:56.097;17:12:58.025;0:21.833;0:19.453;0:12.136;236.2;Bryan Sellers;;GTD;;Paul Miller Racing;Lamborghini;
48;1;136;53.478;0;;21.992;0;19.420;0;12.066;0;159.7;2:03:49.575;17:13:51.503;0:21.992;0:19.420;0:12.066;236.7;Bryan Sellers;;GTD;;Paul Miller Racing;Lamborghini;
48;1;137;53.480;0;;21.776;0;19.568;0;12.136;0;159.7;2:04:43.055;17:14:44.983;0:21.776;0:19.568;0:12.136;236.7;Bryan Sellers;;GTD;;Paul Miller Racing;Lamborghini;
48;1;138;53.525;0;;21.947;0;19.389;0;12.189;0;159.5;2:05:36.580;17:15:38.508;0:21.947;0:19.389;0:12.189;236.2;Bryan Sellers;;GTD;;Paul Miller Racing;Lamborghini;
48;1;139;53.974;0;;22.306;0;19.501;0;12.167;0;158.2;2:06:30.554;17:16:32.482;0:22.306;0:19.501;0:12.167;236.2;Bryan Sellers;;GTD;;Paul Miller Racing;Lamborghini;
48;1;140;56.813;0;;23.206;0;20.477;0;13.130;0;150.3;2:07:27.367;17:17:29.295;0:23.206;0:20.477;0:13.130;236.7;Bryan Sellers;;GTD;;Paul Miller Racing;Lamborghini;
48;1;141;53.432;0;;21.910;0;19.425;0;12.097;0;159.8;2:08:20.799;17:18:22.727;0:21.910;0:19.425;0:12.097;231.3;Bryan Sellers;;GTD;;Paul Miller Racing;Lamborghini;
48;1;142;53.087;0;;21.693;0;19.297;0;12.097;0;160.9;2:09:13.886;17:19:15.814;0:21.693;0:19.297;0:12.097;236.2;Bryan Sellers;;GTD;;Paul Miller Racing;Lamborghini;
48;1;143;53.821;0;;22.376;0;19.358;0;12.087;0;158.7;2:10:07.707;17:20:09.635;0:22.376;0:19.358;0:12.087;236.2;Bryan Sellers;;GTD;;Paul Miller Racing;Lamborghini;
48;1;144;53.221;0;;21.739;0;19.357;0;12.125;0;160.5;2:11:00.928;17:21:02.856;0:21.739;0:19.357;0:12.125;237.7;Bryan Sellers;;GTD;;Paul Miller Racing;Lamborghini;
48;1;145;53.956;0;;21.947;0;19.723;0;12.286;0;158.3;2:11:54.884;17:21:56.812;0:21.947;0:19.723;0:12.286;236.7;Bryan Sellers;;GTD;;Paul Miller Racing;Lamborghini;
48;1;146;53.904;0;;22.306;0;19.435;0;12.163;0;158.4;2:12:48.788;17:22:50.716;0:22.306;0:19.435;0:12.163;235.7;Bryan Sellers;;GTD;;Paul Miller Racing;Lamborghini;
48;1;147;53.686;0;;22.174;0;19.375;0;12.137;0;159.1;2:13:42.474;17:23:44.402;0:22.174;0:19.375;0:12.137;236.7;Bryan Sellers;;GTD;;Paul Miller Racing;Lamborghini;
48;1;148;53.264;0;;21.786;0;19.346;0;12.132;0;160.3;2:14:35.738;17:24:37.666;0:21.786;0:19.346;0:12.132;236.2;Bryan Sellers;;GTD;;Paul Miller Racing;Lamborghini;
48;1;149;53.213;0;;21.756;0;19.344;0;12.113;0;160.5;2:15:28.951;17:25:30.879;0:21.756;0:19.344;0:12.113;235.7;Bryan Sellers;;GTD;;Paul Miller Racing;Lamborghini;
48;1;150;53.239;0;;21.787;0;19.371;0;12.081;0;160.4;2:16:22.190;17:26:24.118;0:21.787;0:19.371;0:12.081;235.7;Bryan Sellers;;GTD;;Paul Miller Racing;Lamborghini;
48;1;151;53.161;0;;21.778;0;19.347;0;12.036;0;160.6;2:17:15.351;17:27:17.279;0:21.778;0:19.347;0:12.036;235.7;Bryan Sellers;;GTD;;Paul Miller Racing;Lamborghini;
48;1;152;53.240;0;;21.787;0;19.345;0;12.108;0;160.4;2:18:08.591;17:28:10.519;0:21.787;0:19.345;0:12.108;236.7;Bryan Sellers;;GTD;;Paul Miller Racing;Lamborghini;
48;1;153;53.073;0;;21.748;0;19.255;0;12.070;0;160.9;2:19:01.664;17:29:03.592;0:21.748;0:19.255;0:12.070;236.2;Bryan Sellers;;GTD;;Paul Miller Racing;Lamborghini;
48;1;154;53.390;0;;21.843;0;19.386;0;12.161;0;160.0;2:19:55.054;17:29:56.982;0:21.843;0:19.386;0:12.161;237.2;Bryan Sellers;;GTD;;Paul Miller Racing;Lamborghini;
48;1;155;53.478;0;;21.926;0;19.407;0;12.145;0;159.7;2:20:48.532;17:30:50.460;0:21.926;0:19.407;0:12.145;235.7;Bryan Sellers;;GTD;;Paul Miller Racing;Lamborghini;
48;1;156;53.369;0;;21.877;0;19.397;0;12.095;0;160.0;2:21:41.901;17:31:43.829;0:21.877;0:19.397;0:12.095;236.7;Bryan Sellers;;GTD;;Paul Miller Racing;Lamborghini;
48;1;157;53.395;0;;21.901;0;19.369;0;12.125;0;159.9;2:22:35.296;17:32:37.224;0:21.901;0:19.369;0:12.125;236.2;Bryan Sellers;;GTD;;Paul Miller Racing;Lamborghini;
48;1;158;53.405;0;;21.828;0;19.396;0;12.181;0;159.9;2:23:28.701;17:33:30.629;0:21.828;0:19.396;0:12.181;237.7;Bryan Sellers;;GTD;;Paul Miller Racing;Lamborghini;
48;1;159;54.651;0;;22.449;0;19.941;0;12.261;0;156.3;2:24:23.352;17:34:25.280;0:22.449;0:19.941;0:12.261;230.8;Bryan Sellers;;GTD;;Paul Miller Racing;Lamborghini;
48;1;160;53.544;0;;21.961;0;19.444;0;12.139;0;159.5;2:25:16.896;17:35:18.824;0:21.961;0:19.444;0:12.139;236.2;Bryan Sellers;;GTD;;Paul Miller Racing;Lamborghini;
48;1;161;53.602;0;;21.929;0;19.470;0;12.203;0;159.3;2:26:10.498;17:36:12.426;0:21.929;0:19.470;0:12.203;236.7;Bryan Sellers;;GTD;;Paul Miller Racing;Lamborghini;
48;1;162;54.332;0;;21.938;0;20.106;0;12.288;0;157.2;2:27:04.830;17:37:06.758;0:21.938;0:20.106;0:12.288;235.2;Bryan Sellers;;GTD;;Paul Miller Racing;Lamborghini;
48;1;163;54.522;0;;22.076;0;20.239;0;12.207;0;156.6;2:27:59.352;17:38:01.280;0:22.076;0:20.239;0:12.207;235.7;Bryan Sellers;;GTD;;Paul Miller Racing;Lamborghini;
48;1;164;53.697;0;;21.970;0;19.532;0;12.195;0;159.0;2:28:53.049;17:38:54.977;0:21.970;0:19.532;0:12.195;235.7;Bryan Sellers;;GTD;;Paul Miller Racing;Lamborghini;
48;1;165;53.524;0;;21.906;0;19.417;0;12.201;0;159.6;2:29:46.573;17:39:48.501;0:21.906;0:19.417;0:12.201;235.7;Bryan Sellers;;GTD;;Paul Miller Racing;Lamborghini;
48;1;166;53.420;0;;21.960;0;19.279;0;12.181;0;159.9;2:30:39.993;17:40:41.921;0:21.960;0:19.279;0:12.181;235.7;Bryan Sellers;;GTD;;Paul Miller Racing;Lamborghini;
48;1;167;53.596;0;;21.980;0;19.433;0;12.183;0;159.3;2:31:33.589;17:41:35.517;0:21.980;0:19.433;0:12.183;236.7;Bryan Sellers;;GTD;;Paul Miller Racing;Lamborghini;
48;1;168;53.793;0;;22.011;0;19.526;0;12.256;0;158.8;2:32:27.382;17:42:29.310;0:22.011;0:19.526;0:12.256;236.7;Bryan Sellers;;GTD;;Paul Miller Racing;Lamborghini;
48;1;169;53.834;0;;22.014;0;19.548;0;12.272;0;158.6;2:33:21.216;17:43:23.144;0:22.014;0:19.548;0:12.272;235.2;Bryan Sellers;;GTD;;Paul Miller Racing;Lamborghini;
48;1;170;53.722;0;;22.080;0;19.435;0;12.207;0;159.0;2:34:14.938;17:44:16.866;0:22.080;0:19.435;0:12.207;235.2;Bryan Sellers;;GTD;;Paul Miller Racing;Lamborghini;
48;1;171;53.758;0;;22.031;0;19.529;0;12.198;0;158.9;2:35:08.696;17:45:10.624;0:22.031;0:19.529;0:12.198;236.2;Bryan Sellers;;GTD;;Paul Miller Racing;Lamborghini;
48;1;172;54.532;0;;22.275;0;19.674;0;12.583;0;156.6;2:36:03.228;17:46:05.156;0:22.275;0:19.674;0:12.583;236.7;Bryan Sellers;;GTD;;Paul Miller Racing;Lamborghini;
48;1;173;57.433;0;;23.374;0;21.263;0;12.796;0;148.7;2:37:00.661;17:47:02.589;0:23.374;0:21.263;0:12.796;219.4;Bryan Sellers;;GTD;;Paul Miller Racing;Lamborghini;
48;1;174;54.696;0;;22.703;0;19.721;0;12.272;0;156.1;2:37:55.357;17:47:57.285;0:22.703;0:19.721;0:12.272;234.2;Bryan Sellers;;GTD;;Paul Miller Racing;Lamborghini;
48;1;175;54.360;0;;22.462;0;19.642;0;12.256;0;157.1;2:38:49.717;17:48:51.645;0:22.462;0:19.642;0:12.256;236.2;Bryan Sellers;;GTD;;Paul Miller Racing;Lamborghini;
48;1;176;55.879;0;;23.432;0;19.930;0;12.517;0;152.8;2:39:45.596;17:49:47.524;0:23.432;0:19.930;0:12.517;236.7;Bryan Sellers;;GTD;;Paul Miller Racing;Lamborghini;
48;1;177;54.584;0;;22.733;0;19.498;0;12.353;0;156.5;2:40:40.180;17:50:42.108;0:22.733;0:19.498;0:12.353;234.2;Bryan Sellers;;GTD;;Paul Miller Racing;Lamborghini;
57;2;1;1:01.609;0;;27.862;0;21.440;0;12.307;0;138.6;1:01.609;15:11:03.537;0:27.862;0:21.440;0:12.307;222.5;Christina Nielsen;;GTD;;Heinricher Racing w/Meyer Shank Racing;Acura;
57;2;2;54.278;0;;22.388;0;19.658;0;12.232;0;157.3;1:55.887;15:11:57.815;0:22.388;0:19.658;0:12.232;233.7;Christina Nielsen;;GTD;;Heinricher Racing w/Meyer Shank Racing;Acura;
57;2;3;53.580;0;;21.998;0;19.476;0;12.106;0;159.4;2:49.467;15:12:51.395;0:21.998;0:19.476;0:12.106;233.2;Christina Nielsen;;GTD;;Heinricher Racing w/Meyer Shank Racing;Acura;
57;2;4;53.415;0;;21.828;0;19.490;0;12.097;0;159.9;3:42.882;15:13:44.810;0:21.828;0:19.490;0:12.097;234.2;Christina Nielsen;;GTD;;Heinricher Racing w/Meyer Shank Racing;Acura;
57;2;5;53.509;0;;22.042;0;19.363;0;12.104;0;159.6;4:36.391;15:14:38.319;0:22.042;0:19.363;0:12.104;235.7;Christina Nielsen;;GTD;;Heinricher Racing w/Meyer Shank Racing;Acura;
57;2;6;53.251;0;;21.781;0;19.305;0;12.165;0;160.4;5:29.642;15:15:31.570;0:21.781;0:19.305;0:12.165;234.7;Christina Nielsen;;GTD;;Heinricher Racing w/Meyer Shank Racing;Acura;
57;2;7;53.637;0;;21.922;0;19.405;0;12.310;0;159.2;6:23.279;15:16:25.207;0:21.922;0:19.405;0:12.310;234.7;Christina Nielsen;;GTD;;Heinricher Racing w/Meyer Shank Racing;Acura;
57;2;8;53.717;0;;22.091;0;19.475;0;12.151;0;159.0;7:16.996;15:17:18.924;0:22.091;0:19.475;0:12.151;228.9;Christina Nielsen;;GTD;;Heinricher Racing w/Meyer Shank Racing;Acura;
57;2;9;53.662;0;;21.820;0;19.697;0;12.145;0;159.1;8:10.658;15:18:12.586;0:21.820;0:19.697;0:12.145;233.7;Christina Nielsen;;GTD;;Heinricher Racing w/Meyer Shank Racing;Acura;
57;2;10;53.664;0;;22.005;0;19.520;0;12.139;0;159.1;9:04.322;15:19:06.250;0:22.005;0:19.520;0:12.139;233.7;Christina Nielsen;;GTD;;Heinricher Racing w/Meyer Shank Racing;Acura;
57;2;11;53.158;0;;21.755;1;19.293;1;12.110;0;160.6;9:57.480;15:19:59.408;0:21.755;0:19.293;0:12.110;233.7;Christina Nielsen;;GTD;;Heinricher Racing w/Meyer Shank Racing;Acura;
57;2;12;53.648;0;;22.036;0;19.503;0;12.109;0;159.2;10:51.128;15:20:53.056;0:22.036;0:19.503;0:12.109;233.2;Christina Nielsen;;GTD;;Heinricher Racing w/Meyer Shank Racing;Acura;
57;2;13;53.453;0;;21.911;0;19.461;0;12.081;1;159.8;11:44.581;15:21:46.509;0:21.911;0:19.461;0:12.081;233.7;Christina Nielsen;;GTD;;Heinricher Racing w/Meyer Shank Racing;Acura;
57;2;14;53.571;0;;22.005;0;19.404;0;12.162;0;159.4;12:38.152;15:22:40.080;0:22.005;0:19.404;0:12.162;234.2;Christina Nielsen;;GTD;;Heinricher Racing w/Meyer Shank Racing;Acura;
57;2;15;53.629;0;;22.011;0;19.438;0;12.180;0;159.2;13:31.781;15:23:33.709;0:22.011;0:19.438;0:12.180;233.2;Christina Nielsen;;GTD;;Heinricher Racing w/Meyer Shank Racing;Acura;
57;2;16;53.498;0;;21.840;0;19.456;0;12.202;0;159.6;14:25.279;15:24:27.207;0:21.840;0:19.456;0:12.202;232.7;Christina Nielsen;;GTD;;Heinricher Racing w/Meyer Shank Racing;Acura;
57;2;17;53.552;0;;21.884;0;19.467;0;12.201;0;159.5;15:18.831;15:25:20.759;0:21.884;0:19.467;0:12.201;232.2;Christina Nielsen;;GTD;;Heinricher Racing w/Meyer Shank Racing;Acura;
57;2;18;53.649;0;;21.904;0;19.529;0;12.216;0;159.2;16:12.480;15:26:14.408;0:21.904;0:19.529;0:12.216;231.7;Christina Nielsen;;GTD;;Heinricher Racing w/Meyer Shank Racing;Acura;
57;2;19;53.449;0;;21.918;0;19.357;0;12.174;0;159.8;17:05.929;15:27:07.857;0:21.918;0:19.357;0:12.174;231.7;Christina Nielsen;;GTD;;Heinricher Racing w/Meyer Shank Racing;Acura;
57;2;20;53.571;0;;21.881;0;19.517;0;12.173;0;159.4;17:59.500;15:28:01.428;0:21.881;0:19.517;0:12.173;231.7;Christina Nielsen;;GTD;;Heinricher Racing w/Meyer Shank Racing;Acura;
57;2;21;53.849;0;;22.103;0;19.598;0;12.148;0;158.6;18:53.349;15:28:55.277;0:22.103;0:19.598;0:12.148;232.7;Christina Nielsen;;GTD;;Heinricher Racing w/Meyer Shank Racing;Acura;
57;2;22;55.084;0;;22.224;0;20.381;0;12.479;0;155.0;19:48.433;15:29:50.361;0:22.224;0:20.381;0:12.479;233.2;Christina Nielsen;;GTD;;Heinricher Racing w/Meyer Shank Racing;Acura;
57;2;23;55.330;0;;22.464;0;20.032;0;12.834;0;154.3;20:43.763;15:30:45.691;0:22.464;0:20.032;0:12.834;230.3;Christina Nielsen;;GTD;;Heinricher Racing w/Meyer Shank Racing;Acura;
57;2;24;55.448;0;;22.798;0;20.312;0;12.338;0;154.0;21:39.211;15:31:41.139;0:22.798;0:20.312;0:12.338;230.8;Christina Nielsen;;GTD;;Heinricher Racing w/Meyer Shank Racing;Acura;
57;2;25;54.199;0;;22.249;0;19.678;0;12.272;0;157.6;22:33.410;15:32:35.338;0:22.249;0:19.678;0:12.272;231.7;Christina Nielsen;;GTD;;Heinricher Racing w/Meyer Shank Racing;Acura;
57;2;26;54.057;0;;22.150;0;19.606;0;12.301;0;158.0;23:27.467;15:33:29.395;0:22.150;0:19.606;0:12.301;233.2;Christina Nielsen;;GTD;;Heinricher Racing w/Meyer Shank Racing;Acura;
57;2;27;53.893;0;;22.101;0;19.543;0;12.249;0;158.5;24:21.360;15:34:23.288;0:22.101;0:19.543;0:12.249;231.3;Christina Nielsen;;GTD;;Heinricher Racing w/Meyer Shank Racing;Acura;
57;2;28;54.049;0;;22.051;0;19.747;0;12.251;0;158.0;25:15.409;15:35:17.337;0:22.051;0:19.747;0:12.251;232.7;Christina Nielsen;;GTD;;Heinricher Racing w/Meyer Shank Racing;Acura;
57;2;29;54.028;0;;22.285;0;19.545;0;12.198;0;158.1;26:09.437;15:36:11.365;0:22.285;0:19.545;0:12.198;232.2;Christina Nielsen;;GTD;;Heinricher Racing w/Meyer Shank Racing;Acura;
57;2;30;54.272;0;;22.225;0;19.802;0;12.245;0;157.4;27:03.709;15:37:05.637;0:22.225;0:19.802;0:12.245;232.7;Christina Nielsen;;GTD;;Heinricher Racing w/Meyer Shank Racing;Acura;
57;2;31;54.310;0;;22.320;0;19.661;0;12.329;0;157.2;27:58.019;15:37:59.947;0:22.320;0:19.661;0:12.329;232.2;Christina Nielsen;;GTD;;Heinricher Racing w/Meyer Shank Racing;Acura;
57;2;32;54.431;0;;22.468;0;19.667;0;12.296;0;156.9;28:52.450;15:38:54.378;0:22.468;0:19.667;0:12.296;231.7;Christina Nielsen;;GTD;;Heinricher Racing w/Meyer Shank Racing;Acura;
57;2;33;54.293;0;;22.366;0;19.723;0;12.204;0;157.3;29:46.743;15:39:48.671;0:22.366;0:19.723;0:12.204;232.7;Christina Nielsen;;GTD;;Heinricher Racing w/Meyer Shank Racing;Acura;
57;2;34;54.257;0;;22.285;0;19.636;0;12.336;0;157.4;30:41.000;15:40:42.928;0:22.285;0:19.636;0:12.336;234.2;Christina Nielsen;;GTD;;Heinricher Racing w/Meyer Shank Racing;Acura;
57;2;35;54.395;0;;22.420;0;19.728;0;12.247;0;157.0;31:35.395;15:41:37.323;0:22.420;0:19.728;0:12.247;231.7;Christina Nielsen;;GTD;;Heinricher Racing w/Meyer Shank Racing;Acura;
57;2;36;54.499;0;;22.383;0;19.764;0;12.352;0;156.7;32:29.894;15:42:31.822;0:22.383;0:19.764;0:12.352;233.2;Christina Nielsen;;GTD;;Heinricher Racing w/Meyer Shank Racing;Acura;
57;2;37;54.324;0;;22.463;0;19.581;0;12.280;0;157.2;33:24.218;15:43:26.146;0:22.463;0:19.581;0:12.280;231.7;Christina Nielsen;;GTD;;Heinricher Racing w/Meyer Shank Racing;Acura;
57;2;38;54.451;0;;22.493;0;19.684;0;12.274;0;156.8;34:18.669;15:44:20.597;0:22.493;0:19.684;0:12.274;232.2;Christina Nielsen;;GTD;;Heinricher Racing w/Meyer Shank Racing;Acura;
57;2;39;54.752;0;;22.438;0;19.814;0;12.500;0;156.0;35:13.421;15:45:15.349;0:22.438;0:19.814;0:12.500;231.3;Christina Nielsen;;GTD;;Heinricher Racing w/Meyer Shank Racing;Acura;
57;2;40;54.368;0;;22.330;0;19.755;0;12.283;0;157.1;36:07.789;15:46:09.717;0:22.330;0:19.755;0:12.283;231.3;Christina Nielsen;;GTD;;Heinricher Racing w/Meyer Shank Racing;Acura;
57;2;41;54.356;0;;22.349;0;19.690;0;12.317;0;157.1;37:02.145;15:47:04.073;0:22.349;0:19.690;0:12.317;231.7;Christina Nielsen;;GTD;;Heinricher Racing w/Meyer Shank Racing;Acura;
57;2;42;54.534;0;;22.358;0;19.835;0;12.341;0;156.6;37:56.679;15:47:58.607;0:22.358;0:19.835;0:12.341;230.8;Christina Nielsen;;GTD;;Heinricher Racing w/Meyer Shank Racing;Acura;
57;2;43;54.690;0;;22.528;0;19.838;0;12.324;0;156.1;38:51.369;15:48:53.297;0:22.528;0:19.838;0:12.324;231.7;Christina Nielsen;;GTD;;Heinricher Racing w/Meyer Shank Racing;Acura;
57;2;44;54.591;0;;22.443;0;19.741;0;12.407;0;156.4;39:45.960;15:49:47.888;0:22.443;0:19.741;0:12.407;230.3;Christina Nielsen;;GTD;;Heinricher Racing w/Meyer Shank Racing;Acura;
57;2;45;55.477;0;;22.493;0;20.526;0;12.458;0;153.9;40:41.437;15:50:43.365;0:22.493;0:20.526;0:12.458;229.8;Christina Nielsen;;GTD;;Heinricher Racing w/Meyer Shank Racing;Acura;
57;2;46;54.987;0;;22.564;0;20.026;0;12.397;0;155.3;41:36.424;15:51:38.352;0:22.564;0:20.026;0:12.397;229.8;Christina Nielsen;;GTD;;Heinricher Racing w/Meyer Shank Racing;Acura;
57;2;47;56.782;0;;22.964;0;19.998;0;13.820;0;150.4;42:33.206;15:52:35.134;0:22.964;0:19.998;0:13.820;230.3;Christina Nielsen;;GTD;;Heinricher Racing w/Meyer Shank Racing;Acura;
57;2;48;55.875;0;;23.354;0;20.042;0;12.479;0;152.8;43:29.081;15:53:31.009;0:23.354;0:20.042;0:12.479;222.5;Christina Nielsen;;GTD;;Heinricher Racing w/Meyer Shank Racing;Acura;
57;2;49;56.314;0;;22.847;0;20.470;0;12.997;0;151.6;44:25.395;15:54:27.323;0:22.847;0:20.470;0:12.997;230.8;Christina Nielsen;;GTD;;Heinricher Racing w/Meyer Shank Racing;Acura;
57;2;50;55.687;0;;23.311;0;19.846;0;12.530;0;153.4;45:21.082;15:55:23.010;0:23.311;0:19.846;0:12.530;231.7;Christina Nielsen;;GTD;;Heinricher Racing w/Meyer Shank Racing;Acura;
57;2;51;55.516;0;;23.037;0;20.057;0;12.422;0;153.8;46:16.598;15:56:18.526;0:23.037;0:20.057;0:12.422;228.9;Christina Nielsen;;GTD;;Heinricher Racing w/Meyer Shank Racing;Acura;
57;2;52;55.122;0;;22.662;0;19.968;0;12.492;0;154.9;47:11.720;15:57:13.648;0:22.662;0:19.968;0:12.492;231.7;Christina Nielsen;;GTD;;Heinricher Racing w/Meyer Shank Racing;Acura;
57;2;53;1:05.780;0;B;22.753;0;19.988;0;23.039;0;129.8;48:17.500;15:58:19.428;0:22.753;0:19.988;0:23.039;231.7;Christina Nielsen;;GTD;;Heinricher Racing w/Meyer Shank Racing;Acura;
57;1;54;1:38.789;0;;1:06.696;0;19.811;0;12.282;0;86.4;49:56.289;15:59:58.217;1:06.696;0:19.811;0:12.282;;Katherine Legge;0:00:54.650;GTD;;Heinricher Racing w/Meyer Shank Racing;Acura;
57;1;55;53.276;0;;21.799;0;19.368;0;12.109;0;160.3;50:49.565;16:00:51.493;0:21.799;0:19.368;0:12.109;232.2;Katherine Legge;;GTD;;Heinricher Racing w/Meyer Shank Racing;Acura;
57;1;56;52.946;0;;21.718;0;19.227;0;12.001;0;161.3;51:42.511;16:01:44.439;0:21.718;0:19.227;0:12.001;232.7;Katherine Legge;;GTD;;Heinricher Racing w/Meyer Shank Racing;Acura;
57;1;57;52.665;0;;21.582;0;19.205;0;11.878;0;162.2;52:35.176;16:02:37.104;0:21.582;0:19.205;0:11.878;234.2;Katherine Legge;;GTD;;Heinricher Racing w/Meyer Shank Racing;Acura;
57;1;58;52.826;0;;21.743;0;19.150;0;11.933;0;161.7;53:28.002;16:03:29.930;0:21.743;0:19.150;0:11.933;235.2;Katherine Legge;;GTD;;Heinricher Racing w/Meyer Shank Racing;Acura;
57;1;59;52.618;0;;21.574;0;19.160;0;11.884;0;162.3;54:20.620;16:04:22.548;0:21.574;0:19.160;0:11.884;234.7;Katherine Legge;;GTD;;Heinricher Racing w/Meyer Shank Racing;Acura;
57;1;60;52.903;0;;21.598;0;19.351;0;11.954;0;161.4;55:13.523;16:05:15.451;0:21.598;0:19.351;0:11.954;236.2;Katherine Legge;;GTD;;Heinricher Racing w/Meyer Shank Racing;Acura;
57;1;61;52.531;2;;21.591;0;19.000;2;11.940;0;162.6;56:06.054;16:06:07.982;0:21.591;0:19.000;0:11.940;235.2;Katherine Legge;;GTD;;Heinricher Racing w/Meyer Shank Racing;Acura;
57;1;62;52.863;0;;21.718;0;19.213;0;11.932;0;161.5;56:58.917;16:07:00.845;0:21.718;0:19.213;0:11.932;234.7;Katherine Legge;;GTD;;Heinricher Racing w/Meyer Shank Racing;Acura;
57;1;63;52.798;0;;21.518;2;19.201;0;12.079;0;161.7;57:51.715;16:07:53.643;0:21.518;0:19.201;0:12.079;234.7;Katherine Legge;;GTD;;Heinricher Racing w/Meyer Shank Racing;Acura;
57;1;64;53.126;0;;21.830;0;19.267;0;12.029;0;160.7;58:44.841;16:08:46.769;0:21.830;0:19.267;0:12.029;233.7;Katherine Legge;;GTD;;Heinricher Racing w/Meyer Shank Racing;Acura;
57;1;65;53.237;0;;21.871;0;19.354;0;12.012;0;160.4;59:38.078;16:09:40.006;0:21.871;0:19.354;0:12.012;233.2;Katherine Legge;;GTD;;Heinricher Racing w/Meyer Shank Racing;Acura;
57;1;66;53.226;0;;21.738;0;19.468;0;12.020;0;160.4;1:00:31.304;16:10:33.232;0:21.738;0:19.468;0:12.020;234.7;Katherine Legge;;GTD;;Heinricher Racing w/Meyer Shank Racing;Acura;
57;1;67;53.054;0;;21.706;0;19.331;0;12.017;0;161.0;1:01:24.358;16:11:26.286;0:21.706;0:19.331;0:12.017;233.7;Katherine Legge;;GTD;;Heinricher Racing w/Meyer Shank Racing;Acura;
57;1;68;54.876;0;;21.807;0;20.037;0;13.032;0;155.6;1:02:19.234;16:12:21.162;0:21.807;0:20.037;0:13.032;234.2;Katherine Legge;;GTD;;Heinricher Racing w/Meyer Shank Racing;Acura;
57;1;69;54.027;0;;22.520;0;19.414;0;12.093;0;158.1;1:03:13.261;16:13:15.189;0:22.520;0:19.414;0:12.093;229.8;Katherine Legge;;GTD;;Heinricher Racing w/Meyer Shank Racing;Acura;
57;1;70;52.970;0;;21.775;0;19.280;0;11.915;0;161.2;1:04:06.231;16:14:08.159;0:21.775;0:19.280;0:11.915;234.2;Katherine Legge;;GTD;;Heinricher Racing w/Meyer Shank Racing;Acura;
57;1;71;53.170;0;;21.651;0;19.468;0;12.051;0;160.6;1:04:59.401;16:15:01.329;0:21.651;0:19.468;0:12.051;235.2;Katherine Legge;;GTD;;Heinricher Racing w/Meyer Shank Racing;Acura;
57;1;72;53.401;0;;21.877;0;19.378;0;12.146;0;159.9;1:05:52.802;16:15:54.730;0:21.877;0:19.378;0:12.146;235.7;Katherine Legge;;GTD;;Heinricher Racing w/Meyer Shank Racing;Acura;
57;1;73;53.057;0;;21.829;0;19.230;0;11.998;0;161.0;1:06:45.859;16:16:47.787;0:21.829;0:19.230;0:11.998;233.2;Katherine Legge;;GTD;;Heinricher Racing w/Meyer Shank Racing;Acura;
57;1;74;53.373;0;;21.912;0;19.440;0;12.021;0;160.0;1:07:39.232;16:17:41.160;0:21.912;0:19.440;0:12.021;234.2;Katherine Legge;;GTD;;Heinricher Racing w/Meyer Shank Racing;Acura;
57;1;75;53.397;0;;21.878;0;19.495;0;12.024;0;159.9;1:08:32.629;16:18:34.557;0:21.878;0:19.495;0:12.024;234.7;Katherine Legge;;GTD;;Heinricher Racing w/Meyer Shank Racing;Acura;
57;1;76;53.381;0;;21.884;0;19.398;0;12.099;0;160.0;1:09:26.010;16:19:27.938;0:21.884;0:19.398;0:12.099;234.2;Katherine Legge;;GTD;;Heinricher Racing w/Meyer Shank Racing;Acura;
57;1;77;53.679;0;;22.073;0;19.538;0;12.068;0;159.1;1:10:19.689;16:20:21.617;0:22.073;0:19.538;0:12.068;234.7;Katherine Legge;;GTD;;Heinricher Racing w/Meyer Shank Racing;Acura;
57;1;78;53.309;0;;21.838;0;19.402;0;12.069;0;160.2;1:11:12.998;16:21:14.926;0:21.838;0:19.402;0:12.069;234.2;Katherine Legge;;GTD;;Heinricher Racing w/Meyer Shank Racing;Acura;
57;1;79;53.399;0;;21.849;0;19.455;0;12.095;0;159.9;1:12:06.397;16:22:08.325;0:21.849;0:19.455;0:12.095;235.7;Katherine Legge;;GTD;;Heinricher Racing w/Meyer Shank Racing;Acura;
57;1;80;53.488;0;;21.978;0;19.408;0;12.102;0;159.7;1:12:59.885;16:23:01.813;0:21.978;0:19.408;0:12.102;234.7;Katherine Legge;;GTD;;Heinricher Racing w/Meyer Shank Racing;Acura;
57;1;81;54.195;0;;21.917;0;19.909;0;12.369;0;157.6;1:13:54.080;16:23:56.008;0:21.917;0:19.909;0:12.369;234.7;Katherine Legge;;GTD;;Heinricher Racing w/Meyer Shank Racing;Acura;
57;1;82;54.136;0;;22.171;0;19.724;0;12.241;0;157.7;1:14:48.216;16:24:50.144;0:22.171;0:19.724;0:12.241;233.7;Katherine Legge;;GTD;;Heinricher Racing w/Meyer Shank Racing;Acura;
57;1;83;53.963;0;;22.168;0;19.678;0;12.117;0;158.3;1:15:42.179;16:25:44.107;0:22.168;0:19.678;0:12.117;234.2;Katherine Legge;;GTD;;Heinricher Racing w/Meyer Shank Racing;Acura;
57;1;84;53.991;0;;22.100;0;19.698;0;12.193;0;158.2;1:16:36.170;16:26:38.098;0:22.100;0:19.698;0:12.193;235.2;Katherine Legge;;GTD;;Heinricher Racing w/Meyer Shank Racing;Acura;
57;1;85;54.581;0;;22.730;0;19.666;0;12.185;0;156.5;1:17:30.751;16:27:32.679;0:22.730;0:19.666;0:12.185;233.2;Katherine Legge;;GTD;;Heinricher Racing w/Meyer Shank Racing;Acura;
57;1;86;54.827;0;;22.949;0;19.559;0;12.319;0;155.8;1:18:25.578;16:28:27.506;0:22.949;0:19.559;0:12.319;235.2;Katherine Legge;;GTD;;Heinricher Racing w/Meyer Shank Racing;Acura;
57;1;87;54.172;0;;22.324;0;19.603;0;12.245;0;157.6;1:19:19.750;16:29:21.678;0:22.324;0:19.603;0:12.245;232.2;Katherine Legge;;GTD;;Heinricher Racing w/Meyer Shank Racing;Acura;
57;1;88;53.680;0;;22.090;0;19.486;0;12.104;0;159.1;1:20:13.430;16:30:15.358;0:22.090;0:19.486;0:12.104;233.2;Katherine Legge;;GTD;;Heinricher Racing w/Meyer Shank Racing;Acura;
57;1;89;54.746;0;;22.107;0;20.373;0;12.266;0;156.0;1:21:08.176;16:31:10.104;0:22.107;0:20.373;0:12.266;234.7;Katherine Legge;;GTD;;Heinricher Racing w/Meyer Shank Racing;Acura;
57;1;90;54.347;0;;22.083;0;19.838;0;12.426;0;157.1;1:22:02.523;16:32:04.451;0:22.083;0:19.838;0:12.426;233.7;Katherine Legge;;GTD;;Heinricher Racing w/Meyer Shank Racing;Acura;
57;1;91;54.230;0;;22.223;0;19.726;0;12.281;0;157.5;1:22:56.753;16:32:58.681;0:22.223;0:19.726;0:12.281;233.7;Katherine Legge;;GTD;;Heinricher Racing w/Meyer Shank Racing;Acura;
57;1;92;54.545;0;;22.554;0;19.741;0;12.250;0;156.6;1:23:51.298;16:33:53.226;0:22.554;0:19.741;0:12.250;233.2;Katherine Legge;;GTD;;Heinricher Racing w/Meyer Shank Racing;Acura;
57;1;93;53.768;0;;22.125;0;19.517;0;12.126;0;158.8;1:24:45.066;16:34:46.994;0:22.125;0:19.517;0:12.126;234.7;Katherine Legge;;GTD;;Heinricher Racing w/Meyer Shank Racing;Acura;
57;1;94;54.184;0;;22.214;0;19.684;0;12.286;0;157.6;1:25:39.250;16:35:41.178;0:22.214;0:19.684;0:12.286;234.2;Katherine Legge;;GTD;;Heinricher Racing w/Meyer Shank Racing;Acura;
57;1;95;56.130;0;;22.942;0;20.851;0;12.337;0;152.1;1:26:35.380;16:36:37.308;0:22.942;0:20.851;0:12.337;233.7;Katherine Legge;;GTD;;Heinricher Racing w/Meyer Shank Racing;Acura;
57;1;96;53.803;0;;22.138;0;19.618;0;12.047;0;158.7;1:27:29.183;16:37:31.111;0:22.138;0:19.618;0:12.047;233.2;Katherine Legge;;GTD;;Heinricher Racing w/Meyer Shank Racing;Acura;
57;1;97;54.442;0;;22.045;0;19.994;0;12.403;0;156.9;1:28:23.625;16:38:25.553;0:22.045;0:19.994;0:12.403;234.2;Katherine Legge;;GTD;;Heinricher Racing w/Meyer Shank Racing;Acura;
57;1;98;53.940;0;;22.186;0;19.548;0;12.206;0;158.3;1:29:17.565;16:39:19.493;0:22.186;0:19.548;0:12.206;232.7;Katherine Legge;;GTD;;Heinricher Racing w/Meyer Shank Racing;Acura;
57;1;99;53.947;0;;22.179;0;19.534;0;12.234;0;158.3;1:30:11.512;16:40:13.440;0:22.179;0:19.534;0:12.234;233.7;Katherine Legge;;GTD;;Heinricher Racing w/Meyer Shank Racing;Acura;
57;1;100;55.149;0;;22.250;0;20.366;0;12.533;0;154.8;1:31:06.661;16:41:08.589;0:22.250;0:20.366;0:12.533;233.7;Katherine Legge;;GTD;;Heinricher Racing w/Meyer Shank Racing;Acura;
57;1;101;55.232;0;;23.325;0;19.693;0;12.214;0;154.6;1:32:01.893;16:42:03.821;0:23.325;0:19.693;0:12.214;232.7;Katherine Legge;;GTD;;Heinricher Racing w/Meyer Shank Racing;Acura;
57;1;102;54.105;0;;22.321;0;19.546;0;12.238;0;157.8;1:32:55.998;16:42:57.926;0:22.321;0:19.546;0:12.238;233.7;Katherine Legge;;GTD;;Heinricher Racing w/Meyer Shank Racing;Acura;
57;1;103;54.063;0;;22.257;0;19.614;0;12.192;0;158.0;1:33:50.061;16:43:51.989;0:22.257;0:19.614;0:12.192;234.2;Katherine Legge;;GTD;;Heinricher Racing w/Meyer Shank Racing;Acura;
57;1;104;54.006;0;;22.170;0;19.631;0;12.205;0;158.1;1:34:44.067;16:44:45.995;0:22.170;0:19.631;0:12.205;234.7;Katherine Legge;;GTD;;Heinricher Racing w/Meyer Shank Racing;Acura;
57;1;105;54.293;0;;22.175;0;19.684;0;12.434;0;157.3;1:35:38.360;16:45:40.288;0:22.175;0:19.684;0:12.434;233.7;Katherine Legge;;GTD;;Heinricher Racing w/Meyer Shank Racing;Acura;
57;1;106;1:27.834;0;B;31.134;0;27.677;0;29.023;0;97.2;1:37:06.194;16:47:08.122;0:31.134;0:27.677;0:29.023;231.3;Katherine Legge;;GTD;;Heinricher Racing w/Meyer Shank Racing;Acura;
57;1;107;1:43.948;0;;1:11.633;0;20.007;0;12.308;0;82.2;1:38:50.142;16:48:52.070;1:11.633;0:20.007;0:12.308;;Katherine Legge;0:00:59.339;GTD;;Heinricher Racing w/Meyer Shank Racing;Acura;
57;1;108;53.795;0;;22.022;0;19.611;0;12.162;0;158.7;1:39:43.937;16:49:45.865;0:22.022;0:19.611;0:12.162;232.2;Katherine Legge;;GTD;;Heinricher Racing w/Meyer Shank Racing;Acura;
57;1;109;53.070;0;;21.770;0;19.311;0;11.989;0;160.9;1:40:37.007;16:50:38.935;0:21.770;0:19.311;0:11.989;232.2;Katherine Legge;;GTD;;Heinricher Racing w/Meyer Shank Racing;Acura;
57;1;110;52.959;0;;21.672;0;19.313;0;11.974;0;161.3;1:41:29.966;16:51:31.894;0:21.672;0:19.313;0:11.974;234.7;Katherine Legge;;GTD;;Heinricher Racing w/Meyer Shank Racing;Acura;
57;1;111;53.034;0;;21.788;0;19.301;0;11.945;0;161.0;1:42:23.000;16:52:24.928;0:21.788;0:19.301;0:11.945;234.7;Katherine Legge;;GTD;;Heinricher Racing w/Meyer Shank Racing;Acura;
57;1;112;52.684;0;;21.688;0;19.155;0;11.841;2;162.1;1:43:15.684;16:53:17.612;0:21.688;0:19.155;0:11.841;234.2;Katherine Legge;;GTD;;Heinricher Racing w/Meyer Shank Racing;Acura;
57;1;113;52.670;0;;21.549;0;19.195;0;11.926;0;162.1;1:44:08.354;16:54:10.282;0:21.549;0:19.195;0:11.926;235.7;Katherine Legge;;GTD;;Heinricher Racing w/Meyer Shank Racing;Acura;
57;1;114;52.816;0;;21.614;0;19.237;0;11.965;0;161.7;1:45:01.170;16:55:03.098;0:21.614;0:19.237;0:11.965;235.7;Katherine Legge;;GTD;;Heinricher Racing w/Meyer Shank Racing;Acura;
57;1;115;53.431;0;;21.704;0;19.726;0;12.001;0;159.8;1:45:54.601;16:55:56.529;0:21.704;0:19.726;0:12.001;236.2;Katherine Legge;;GTD;;Heinricher Racing w/Meyer Shank Racing;Acura;
57;1;116;55.045;0;;22.857;0;20.030;0;12.158;0;155.1;1:46:49.646;16:56:51.574;0:22.857;0:20.030;0:12.158;235.7;Katherine Legge;;GTD;;Heinricher Racing w/Meyer Shank Racing;Acura;
57;1;117;53.904;0;;22.339;0;19.452;0;12.113;0;158.4;1:47:43.550;16:57:45.478;0:22.339;0:19.452;0:12.113;234.7;Katherine Legge;;GTD;;Heinricher Racing w/Meyer Shank Racing;Acura;
57;1;118;53.935;0;;22.251;0;19.514;0;12.170;0;158.3;1:48:37.485;16:58:39.413;0:22.251;0:19.514;0:12.170;234.2;Katherine Legge;;GTD;;Heinricher Racing w/Meyer Shank Racing;Acura;
57;1;119;53.884;0;;22.210;0;19.564;0;12.110;0;158.5;1:49:31.369;16:59:33.297;0:22.210;0:19.564;0:12.110;233.2;Katherine Legge;;GTD;;Heinricher Racing w/Meyer Shank Racing;Acura;
57;1;120;54.098;0;;22.285;0;19.540;0;12.273;0;157.9;1:50:25.467;17:00:27.395;0:22.285;0:19.540;0:12.273;234.7;Katherine Legge;;GTD;;Heinricher Racing w/Meyer Shank Racing;Acura;
57;1;121;53.578;0;;22.002;0;19.473;0;12.103;0;159.4;1:51:19.045;17:01:20.973;0:22.002;0:19.473;0:12.103;232.7;Katherine Legge;;GTD;;Heinricher Racing w/Meyer Shank Racing;Acura;
57;1;122;53.494;0;;21.827;0;19.594;0;12.073;0;159.6;1:52:12.539;17:02:14.467;0:21.827;0:19.594;0:12.073;233.7;Katherine Legge;;GTD;;Heinricher Racing w/Meyer Shank Racing;Acura;
57;1;123;54.395;0;;21.809;0;19.999;0;12.587;0;157.0;1:53:06.934;17:03:08.862;0:21.809;0:19.999;0:12.587;233.7;Katherine Legge;;GTD;;Heinricher Racing w/Meyer Shank Racing;Acura;
57;1;124;53.222;0;;21.942;0;19.339;0;11.941;0;160.5;1:54:00.156;17:04:02.084;0:21.942;0:19.339;0:11.941;232.7;Katherine Legge;;GTD;;Heinricher Racing w/Meyer Shank Racing;Acura;
57;1;125;53.024;0;;21.654;0;19.341;0;12.029;0;161.1;1:54:53.180;17:04:55.108;0:21.654;0:19.341;0:12.029;234.2;Katherine Legge;;GTD;;Heinricher Racing w/Meyer Shank Racing;Acura;
57;1;126;53.738;0;;22.347;0;19.336;0;12.055;0;158.9;1:55:46.918;17:05:48.846;0:22.347;0:19.336;0:12.055;234.2;Katherine Legge;;GTD;;Heinricher Racing w/Meyer Shank Racing;Acura;
57;1;127;54.110;0;;21.782;0;19.967;0;12.361;0;157.8;1:56:41.028;17:06:42.956;0:21.782;0:19.967;0:12.361;235.2;Katherine Legge;;GTD;;Heinricher Racing w/Meyer Shank Racing;Acura;
57;1;128;53.475;0;;22.046;0;19.388;0;12.041;0;159.7;1:57:34.503;17:07:36.431;0:22.046;0:19.388;0:12.041;234.2;Katherine Legge;;GTD;;Heinricher Racing w/Meyer Shank Racing;Acura;
57;1;129;53.450;0;;22.001;0;19.419;0;12.030;0;159.8;1:58:27.953;17:08:29.881;0:22.001;0:19.419;0:12.030;234.7;Katherine Legge;;GTD;;Heinricher Racing w/Meyer Shank Racing;Acura;
57;1;130;53.931;0;;22.334;0;19.493;0;12.104;0;158.3;1:59:21.884;17:09:23.812;0:22.334;0:19.493;0:12.104;235.7;Katherine Legge;;GTD;;Heinricher Racing w/Meyer Shank Racing;Acura;
57;1;131;53.441;0;;22.025;0;19.344;0;12.072;0;159.8;2:00:15.325;17:10:17.253;0:22.025;0:19.344;0:12.072;234.2;Katherine Legge;;GTD;;Heinricher Racing w/Meyer Shank Racing;Acura;
57;1;132;53.475;0;;21.934;0;19.443;0;12.098;0;159.7;2:01:08.800;17:11:10.728;0:21.934;0:19.443;0:12.098;234.7;Katherine Legge;;GTD;;Heinricher Racing w/Meyer Shank Racing;Acura;
57;1;133;53.147;0;;21.788;0;19.260;0;12.099;0;160.7;2:02:01.947;17:12:03.875;0:21.788;0:19.260;0:12.099;233.7;Katherine Legge;;GTD;;Heinricher Racing w/Meyer Shank Racing;Acura;
57;1;134;53.585;0;;22.009;0;19.466;0;12.110;0;159.4;2:02:55.532;17:12:57.460;0:22.009;0:19.466;0:12.110;234.2;Katherine Legge;;GTD;;Heinricher Racing w/Meyer Shank Racing;Acura;
57;1;135;53.373;0;;21.938;0;19.344;0;12.091;0;160.0;2:03:48.905;17:13:50.833;0:21.938;0:19.344;0:12.091;233.7;Katherine Legge;;GTD;;Heinricher Racing w/Meyer Shank Racing;Acura;
57;1;136;53.507;0;;21.916;0;19.511;0;12.080;0;159.6;2:04:42.412;17:14:44.340;0:21.916;0:19.511;0:12.080;234.2;Katherine Legge;;GTD;;Heinricher Racing w/Meyer Shank Racing;Acura;
57;1;137;53.511;0;;22.029;0;19.348;0;12.134;0;159.6;2:05:35.923;17:15:37.851;0:22.029;0:19.348;0:12.134;233.7;Katherine Legge;;GTD;;Heinricher Racing w/Meyer Shank Racing;Acura;
57;1;138;54.111;0;;22.104;0;19.838;0;12.169;0;157.8;2:06:30.034;17:16:31.962;0:22.104;0:19.838;0:12.169;234.2;Katherine Legge;;GTD;;Heinricher Racing w/Meyer Shank Racing;Acura;
57;1;139;57.743;0;;21.941;0;22.394;0;13.408;0;147.9;2:07:27.777;17:17:29.705;0:21.941;0:22.394;0:13.408;234.7;Katherine Legge;;GTD;;Heinricher Racing w/Meyer Shank Racing;Acura;
57;1;140;54.075;0;;22.408;0;19.539;0;12.128;0;157.9;2:08:21.852;17:18:23.780;0:22.408;0:19.539;0:12.128;222.9;Katherine Legge;;GTD;;Heinricher Racing w/Meyer Shank Racing;Acura;
57;1;141;54.240;0;;22.501;0;19.559;0;12.180;0;157.4;2:09:16.092;17:19:18.020;0:22.501;0:19.559;0:12.180;222.0;Katherine Legge;;GTD;;Heinricher Racing w/Meyer Shank Racing;Acura;
57;1;142;53.570;0;;21.961;0;19.543;0;12.066;0;159.4;2:10:09.662;17:20:11.590;0:21.961;0:19.543;0:12.066;234.2;Katherine Legge;;GTD;;Heinricher Racing w/Meyer Shank Racing;Acura;
57;1;143;53.425;0;;21.882;0;19.502;0;12.041;0;159.8;2:11:03.087;17:21:05.015;0:21.882;0:19.502;0:12.041;235.2;Katherine Legge;;GTD;;Heinricher Racing w/Meyer Shank Racing;Acura;
57;1;144;53.533;0;;22.017;0;19.353;0;12.163;0;159.5;2:11:56.620;17:21:58.548;0:22.017;0:19.353;0:12.163;234.7;Katherine Legge;;GTD;;Heinricher Racing w/Meyer Shank Racing;Acura;
57;1;145;54.377;0;;;0;;0;12.028;0;157.0;2:12:50.997;17:22:52.925;;;0:12.028;234.7;Katherine Legge;;GTD;;Heinricher Racing w/Meyer Shank Racing;Acura;
57;1;146;53.528;0;;21.963;0;19.471;0;12.094;0;159.5;2:13:44.525;17:23:46.453;0:21.963;0:19.471;0:12.094;234.7;Katherine Legge;;GTD;;Heinricher Racing w/Meyer Shank Racing;Acura;
57;1;147;53.979;0;;22.190;0;19.620;0;12.169;0;158.2;2:14:38.504;17:24:40.432;0:22.190;0:19.620;0:12.169;235.2;Katherine Legge;;GTD;;Heinricher Racing w/Meyer Shank Racing;Acura;
57;1;148;54.238;0;;22.247;0;19.660;0;12.331;0;157.5;2:15:32.742;17:25:34.670;0:22.247;0:19.660;0:12.331;233.2;Katherine Legge;;GTD;;Heinricher Racing w/Meyer Shank Racing;Acura;
57;1;149;54.208;0;;22.276;0;19.541;0;12.391;0;157.5;2:16:26.950;17:26:28.878;0:22.276;0:19.541;0:12.391;232.2;Katherine Legge;;GTD;;Heinricher Racing w/Meyer Shank Racing;Acura;
57;1;150;53.956;0;;22.170;0;19.580;0;12.206;0;158.3;2:17:20.906;17:27:22.834;0:22.170;0:19.580;0:12.206;229.8;Katherine Legge;;GTD;;Heinricher Racing w/Meyer Shank Racing;Acura;
57;1;151;54.051;0;;22.259;0;19.591;0;12.201;0;158.0;2:18:14.957;17:28:16.885;0:22.259;0:19.591;0:12.201;232.7;Katherine Legge;;GTD;;Heinricher Racing w/Meyer Shank Racing;Acura;
57;1;152;1:03.394;0;;23.012;0;20.809;0;19.573;0;134.7;2:19:18.351;17:29:20.279;0:23.012;0:20.809;0:19.573;233.7;Katherine Legge;;GTD;;Heinricher Racing w/Meyer Shank Racing;Acura;
57;1;153;55.051;0;;23.130;0;19.693;0;12.228;0;155.1;2:20:13.402;17:30:15.330;0:23.130;0:19.693;0:12.228;186.4;Katherine Legge;;GTD;;Heinricher Racing w/Meyer Shank Racing;Acura;
57;1;154;54.164;0;;22.227;0;19.710;0;12.227;0;157.7;2:21:07.566;17:31:09.494;0:22.227;0:19.710;0:12.227;233.7;Katherine Legge;;GTD;;Heinricher Racing w/Meyer Shank Racing;Acura;
57;1;155;54.124;0;;22.239;0;19.670;0;12.215;0;157.8;2:22:01.690;17:32:03.618;0:22.239;0:19.670;0:12.215;234.2;Katherine Legge;;GTD;;Heinricher Racing w/Meyer Shank Racing;Acura;
57;1;156;54.505;0;;22.347;0;19.849;0;12.309;0;156.7;2:22:56.195;17:32:58.123;0:22.347;0:19.849;0:12.309;233.7;Katherine Legge;;GTD;;Heinricher Racing w/Meyer Shank Racing;Acura;
57;1;157;55.382;0;;23.098;0;19.883;0;12.401;0;154.2;2:23:51.577;17:33:53.505;0:23.098;0:19.883;0:12.401;234.7;Katherine Legge;;GTD;;Heinricher Racing w/Meyer Shank Racing;Acura;
57;1;158;55.143;0;;22.711;0;19.914;0;12.518;0;154.9;2:24:46.720;17:34:48.648;0:22.711;0:19.914;0:12.518;233.2;Katherine Legge;;GTD;;Heinricher Racing w/Meyer Shank Racing;Acura;
57;1;159;54.515;0;;22.621;0;19.672;0;12.222;0;156.7;2:25:41.235;17:35:43.163;0:22.621;0:19.672;0:12.222;231.3;Katherine Legge;;GTD;;Heinricher Racing w/Meyer Shank Racing;Acura;
57;1;160;55.147;0;;;0;;0;12.378;0;154.9;2:26:36.382;17:36:38.310;;;0:12.378;235.2;Katherine Legge;;GTD;;Heinricher Racing w/Meyer Shank Racing;Acura;
57;1;161;55.155;0;;22.668;0;20.023;0;12.464;0;154.8;2:27:31.537;17:37:33.465;0:22.668;0:20.023;0:12.464;233.7;Katherine Legge;;GTD;;Heinricher Racing w/Meyer Shank Racing;Acura;
57;1;162;55.370;0;;23.352;0;19.823;0;12.195;0;154.2;2:28:26.907;17:38:28.835;0:23.352;0:19.823;0:12.195;233.7;Katherine Legge;;GTD;;Heinricher Racing w/Meyer Shank Racing;Acura;
57;1;163;54.565;0;;22.511;0;19.756;0;12.298;0;156.5;2:29:21.472;17:39:23.400;0:22.511;0:19.756;0:12.298;233.7;Katherine Legge;;GTD;;Heinricher Racing w/Meyer Shank Racing;Acura;
57;1;164;55.039;0;;22.412;0;20.071;0;12.556;0;155.2;2:30:16.511;17:40:18.439;0:22.412;0:20.071;0:12.556;233.2;Katherine Legge;;GTD;;Heinricher Racing w/Meyer Shank Racing;Acura;
57;1;165;54.789;0;;22.682;0;19.784;0;12.323;0;155.9;2:31:11.300;17:41:13.228;0:22.682;0:19.784;0:12.323;232.2;Katherine Legge;;GTD;;Heinricher Racing w/Meyer Shank Racing;Acura;
57;1;166;54.572;0;;22.232;0;19.832;0;12.508;0;156.5;2:32:05.872;17:42:07.800;0:22.232;0:19.832;0:12.508;233.2;Katherine Legge;;GTD;;Heinricher Racing w/Meyer Shank Racing;Acura;
57;1;167;54.479;0;;22.409;0;19.801;0;12.269;0;156.8;2:33:00.351;17:43:02.279;0:22.409;0:19.801;0:12.269;228.9;Katherine Legge;;GTD;;Heinricher Racing w/Meyer Shank Racing;Acura;
57;1;168;54.553;0;;22.533;0;19.684;0;12.336;0;156.5;2:33:54.904;17:43:56.832;0:22.533;0:19.684;0:12.336;233.7;Katherine Legge;;GTD;;Heinricher Racing w/Meyer Shank Racing;Acura;
57;1;169;54.669;0;;22.566;0;19.770;0;12.333;0;156.2;2:34:49.573;17:44:51.501;0:22.566;0:19.770;0:12.333;233.2;Katherine Legge;;GTD;;Heinricher Racing w/Meyer Shank Racing;Acura;
57;1;170;54.929;0;;22.563;0;19.857;0;12.509;0;155.5;2:35:44.502;17:45:46.430;0:22.563;0:19.857;0:12.509;233.2;Katherine Legge;;GTD;;Heinricher Racing w/Meyer Shank Racing;Acura;
57;1;171;55.826;0;;23.342;0;19.982;0;12.502;0;153.0;2:36:40.328;17:46:42.256;0:23.342;0:19.982;0:12.502;230.3;Katherine Legge;;GTD;;Heinricher Racing w/Meyer Shank Racing;Acura;
57;1;172;55.839;0;;22.733;0;20.004;0;13.102;0;152.9;2:37:36.167;17:47:38.095;0:22.733;0:20.004;0:13.102;232.7;Katherine Legge;;GTD;;Heinricher Racing w/Meyer Shank Racing;Acura;
57;1;173;1:13.706;0;B;23.006;0;21.651;0;29.049;0;115.9;2:38:49.873;17:48:51.801;0:23.006;0:21.651;0:29.049;228.9;Katherine Legge;;GTD;;Heinricher Racing w/Meyer Shank Racing;Acura;
63;1;1;1:00.080;0;;27.360;0;20.469;0;12.251;0;142.1;1:00.080;15:11:02.008;0:27.360;0:20.469;0:12.251;222.5;Cooper MacNeil;;GTD;;Scuderia Corsa;Ferrari;
63;1;2;54.136;0;;22.173;0;19.757;0;12.206;0;157.7;1:54.216;15:11:56.144;0:22.173;0:19.757;0:12.206;236.2;Cooper MacNeil;;GTD;;Scuderia Corsa;Ferrari;
63;1;3;53.478;0;;21.904;0;19.478;0;12.096;0;159.7;2:47.694;15:12:49.622;0:21.904;0:19.478;0:12.096;236.2;Cooper MacNeil;;GTD;;Scuderia Corsa;Ferrari;
63;1;4;53.161;0;;21.709;0;19.384;0;12.068;0;160.6;3:40.855;15:13:42.783;0:21.709;0:19.384;0:12.068;237.2;Cooper MacNeil;;GTD;;Scuderia Corsa;Ferrari;
63;1;5;53.068;0;;21.662;0;19.359;0;12.047;0;160.9;4:33.923;15:14:35.851;0:21.662;0:19.359;0:12.047;236.7;Cooper MacNeil;;GTD;;Scuderia Corsa;Ferrari;
63;1;6;52.947;2;;21.574;0;19.336;0;12.037;2;161.3;5:26.870;15:15:28.798;0:21.574;0:19.336;0:12.037;237.2;Cooper MacNeil;;GTD;;Scuderia Corsa;Ferrari;
63;1;7;53.259;0;;21.731;0;19.429;0;12.099;0;160.3;6:20.129;15:16:22.057;0:21.731;0:19.429;0:12.099;237.7;Cooper MacNeil;;GTD;;Scuderia Corsa;Ferrari;
63;1;8;53.020;0;;21.694;0;19.257;1;12.069;0;161.1;7:13.149;15:17:15.077;0:21.694;0:19.257;0:12.069;236.7;Cooper MacNeil;;GTD;;Scuderia Corsa;Ferrari;
63;1;9;52.989;0;;21.567;2;19.334;0;12.088;0;161.2;8:06.138;15:18:08.066;0:21.567;0:19.334;0:12.088;236.7;Cooper MacNeil;;GTD;;Scuderia Corsa;Ferrari;
63;1;10;53.061;0;;21.675;0;19.305;0;12.081;0;160.9;8:59.199;15:19:01.127;0:21.675;0:19.305;0:12.081;236.2;Cooper MacNeil;;GTD;;Scuderia Corsa;Ferrari;
63;1;11;52.995;0;;21.615;0;19.316;0;12.064;0;161.1;9:52.194;15:19:54.122;0:21.615;0:19.316;0:12.064;236.2;Cooper MacNeil;;GTD;;Scuderia Corsa;Ferrari;
63;1;12;53.050;0;;21.598;0;19.314;0;12.138;0;161.0;10:45.244;15:20:47.172;0:21.598;0:19.314;0:12.138;236.7;Cooper MacNeil;;GTD;;Scuderia Corsa;Ferrari;
63;1;13;53.148;0;;21.683;0;19.339;0;12.126;0;160.7;11:38.392;15:21:40.320;0:21.683;0:19.339;0:12.126;235.2;Cooper MacNeil;;GTD;;Scuderia Corsa;Ferrari;
63;1;14;53.392;0;;21.799;0;19.442;0;12.151;0;159.9;12:31.784;15:22:33.712;0:21.799;0:19.442;0:12.151;236.2;Cooper MacNeil;;GTD;;Scuderia Corsa;Ferrari;
63;1;15;53.347;0;;21.736;0;19.472;0;12.139;0;160.1;13:25.131;15:23:27.059;0:21.736;0:19.472;0:12.139;235.7;Cooper MacNeil;;GTD;;Scuderia Corsa;Ferrari;
63;1;16;53.508;0;;21.887;0;19.455;0;12.166;0;159.6;14:18.639;15:24:20.567;0:21.887;0:19.455;0:12.166;235.2;Cooper MacNeil;;GTD;;Scuderia Corsa;Ferrari;
63;1;17;53.621;0;;21.887;0;19.513;0;12.221;0;159.3;15:12.260;15:25:14.188;0:21.887;0:19.513;0:12.221;235.7;Cooper MacNeil;;GTD;;Scuderia Corsa;Ferrari;
63;1;18;53.600;0;;21.864;0;19.549;0;12.187;0;159.3;16:05.860;15:26:07.788;0:21.864;0:19.549;0:12.187;234.7;Cooper MacNeil;;GTD;;Scuderia Corsa;Ferrari;
63;1;19;53.608;0;;21.889;0;19.480;0;12.239;0;159.3;16:59.468;15:27:01.396;0:21.889;0:19.480;0:12.239;234.7;Cooper MacNeil;;GTD;;Scuderia Corsa;Ferrari;
63;1;20;53.729;0;;22.063;0;19.525;0;12.141;0;158.9;17:53.197;15:27:55.125;0:22.063;0:19.525;0:12.141;234.7;Cooper MacNeil;;GTD;;Scuderia Corsa;Ferrari;
63;1;21;53.720;0;;21.903;0;19.626;0;12.191;0;159.0;18:46.917;15:28:48.845;0:21.903;0:19.626;0:12.191;235.7;Cooper MacNeil;;GTD;;Scuderia Corsa;Ferrari;
63;1;22;53.699;0;;21.936;0;19.547;0;12.216;0;159.0;19:40.616;15:29:42.544;0:21.936;0:19.547;0:12.216;235.2;Cooper MacNeil;;GTD;;Scuderia Corsa;Ferrari;
63;1;23;53.922;0;;22.018;0;19.650;0;12.254;0;158.4;20:34.538;15:30:36.466;0:22.018;0:19.650;0:12.254;234.7;Cooper MacNeil;;GTD;;Scuderia Corsa;Ferrari;
63;1;24;53.644;0;;22.009;0;19.496;0;12.139;0;159.2;21:28.182;15:31:30.110;0:22.009;0:19.496;0:12.139;234.7;Cooper MacNeil;;GTD;;Scuderia Corsa;Ferrari;
63;1;25;53.830;0;;21.955;0;19.650;0;12.225;0;158.6;22:22.012;15:32:23.940;0:21.955;0:19.650;0:12.225;235.2;Cooper MacNeil;;GTD;;Scuderia Corsa;Ferrari;
63;1;26;54.785;0;;22.000;0;20.001;0;12.784;0;155.9;23:16.797;15:33:18.725;0:22.000;0:20.001;0:12.784;234.7;Cooper MacNeil;;GTD;;Scuderia Corsa;Ferrari;
63;1;27;53.804;0;;21.984;0;19.597;0;12.223;0;158.7;24:10.601;15:34:12.529;0:21.984;0:19.597;0:12.223;234.7;Cooper MacNeil;;GTD;;Scuderia Corsa;Ferrari;
63;1;28;53.832;0;;22.032;0;19.582;0;12.218;0;158.6;25:04.433;15:35:06.361;0:22.032;0:19.582;0:12.218;235.2;Cooper MacNeil;;GTD;;Scuderia Corsa;Ferrari;
63;1;29;55.239;0;;22.348;0;20.505;0;12.386;0;154.6;25:59.672;15:36:01.600;0:22.348;0:20.505;0:12.386;235.7;Cooper MacNeil;;GTD;;Scuderia Corsa;Ferrari;
63;1;30;54.820;0;;22.594;0;19.877;0;12.349;0;155.8;26:54.492;15:36:56.420;0:22.594;0:19.877;0:12.349;234.7;Cooper MacNeil;;GTD;;Scuderia Corsa;Ferrari;
63;1;31;54.398;0;;22.428;0;19.752;0;12.218;0;157.0;27:48.890;15:37:50.818;0:22.428;0:19.752;0:12.218;236.2;Cooper MacNeil;;GTD;;Scuderia Corsa;Ferrari;
63;1;32;54.202;0;;22.111;0;19.768;0;12.323;0;157.6;28:43.092;15:38:45.020;0:22.111;0:19.768;0:12.323;235.7;Cooper MacNeil;;GTD;;Scuderia Corsa;Ferrari;
63;1;33;54.112;0;;22.135;0;19.725;0;12.252;0;157.8;29:37.204;15:39:39.132;0:22.135;0:19.725;0:12.252;234.7;Cooper MacNeil;;GTD;;Scuderia Corsa;Ferrari;
63;1;34;53.957;0;;22.112;0;19.643;0;12.202;0;158.3;30:31.161;15:40:33.089;0:22.112;0:19.643;0:12.202;235.2;Cooper MacNeil;;GTD;;Scuderia Corsa;Ferrari;
63;1;35;54.045;0;;22.137;0;19.600;0;12.308;0;158.0;31:25.206;15:41:27.134;0:22.137;0:19.600;0:12.308;235.7;Cooper MacNeil;;GTD;;Scuderia Corsa;Ferrari;
63;1;36;56.658;0;;22.242;0;21.209;0;13.207;0;150.7;32:21.864;15:42:23.792;0:22.242;0:21.209;0:13.207;235.2;Cooper MacNeil;;GTD;;Scuderia Corsa;Ferrari;
63;1;37;54.171;0;;22.273;0;19.543;0;12.355;0;157.6;33:16.035;15:43:17.963;0:22.273;0:19.543;0:12.355;232.2;Cooper MacNeil;;GTD;;Scuderia Corsa;Ferrari;
63;1;38;54.184;0;;22.216;0;19.702;0;12.266;0;157.6;34:10.219;15:44:12.147;0:22.216;0:19.702;0:12.266;234.2;Cooper MacNeil;;GTD;;Scuderia Corsa;Ferrari;
63;1;39;54.030;0;;22.143;0;19.604;0;12.283;0;158.1;35:04.249;15:45:06.177;0:22.143;0:19.604;0:12.283;234.2;Cooper MacNeil;;GTD;;Scuderia Corsa;Ferrari;
63;1;40;2:19.837;0;B;22.387;0;21.991;0;1:35.459;0;61.1;37:24.086;15:47:26.014;0:22.387;0:21.991;1:35.459;232.7;Cooper MacNeil;;GTD;;Scuderia Corsa;Ferrari;
63;1;41;1:01.814;0;;29.675;0;19.814;0;12.325;0;138.2;38:25.900;15:48:27.828;0:29.675;0:19.814;0:12.325;;Cooper MacNeil;0:01:27.938;GTD;;Scuderia Corsa;Ferrari;
63;1;42;54.484;0;;22.327;0;19.816;0;12.341;0;156.7;39:20.384;15:49:22.312;0:22.327;0:19.816;0:12.341;233.2;Cooper MacNeil;;GTD;;Scuderia Corsa;Ferrari;
63;1;43;54.395;0;;22.246;0;19.759;0;12.390;0;157.0;40:14.779;15:50:16.707;0:22.246;0:19.759;0:12.390;233.2;Cooper MacNeil;;GTD;;Scuderia Corsa;Ferrari;
63;1;44;54.243;0;;22.205;0;19.773;0;12.265;0;157.4;41:09.022;15:51:10.950;0:22.205;0:19.773;0:12.265;231.7;Cooper MacNeil;;GTD;;Scuderia Corsa;Ferrari;
63;1;45;54.248;0;;22.302;0;19.670;0;12.276;0;157.4;42:03.270;15:52:05.198;0:22.302;0:19.670;0:12.276;232.7;Cooper MacNeil;;GTD;;Scuderia Corsa;Ferrari;
63;1;46;54.422;0;;22.229;0;19.822;0;12.371;0;156.9;42:57.692;15:52:59.620;0:22.229;0:19.822;0:12.371;233.2;Cooper MacNeil;;GTD;;Scuderia Corsa;Ferrari;
63;1;47;54.804;0;;22.589;0;19.844;0;12.371;0;155.8;43:52.496;15:53:54.424;0:22.589;0:19.844;0:12.371;233.7;Cooper MacNeil;;GTD;;Scuderia Corsa;Ferrari;
63;1;48;54.375;0;;22.181;0;19.788;0;12.406;0;157.1;44:46.871;15:54:48.799;0:22.181;0:19.788;0:12.406;234.2;Cooper MacNeil;;GTD;;Scuderia Corsa;Ferrari;
63;1;49;54.519;0;;22.466;0;19.770;0;12.283;0;156.6;45:41.390;15:55:43.318;0:22.466;0:19.770;0:12.283;232.7;Cooper MacNeil;;GTD;;Scuderia Corsa;Ferrari;
63;1;50;54.414;0;;22.264;0;19.797;0;12.353;0;156.9;46:35.804;15:56:37.732;0:22.264;0:19.797;0:12.353;234.2;Cooper MacNeil;;GTD;;Scuderia Corsa;Ferrari;
63;1;51;1:36.498;0;B;22.554;0;20.030;0;53.914;0;88.5;48:12.302;15:58:14.230;0:22.554;0:20.030;0:53.914;233.2;Cooper MacNeil;;GTD;;Scuderia Corsa;Ferrari;
63;2;52;1:04.605;0;;31.556;0;20.431;0;12.618;0;132.2;49:16.907;15:59:18.835;0:31.556;0:20.431;0:12.618;;Toni Vilander;0:00:48.286;GTD;;Scuderia Corsa;Ferrari;
63;2;53;53.928;0;;21.928;0;19.561;0;12.439;0;158.4;50:10.835;16:00:12.763;0:21.928;0:19.561;0:12.439;230.3;Toni Vilander;;GTD;;Scuderia Corsa;Ferrari;
63;2;54;53.521;0;;21.756;0;19.402;0;12.363;0;159.6;51:04.356;16:01:06.284;0:21.756;0:19.402;0:12.363;232.2;Toni Vilander;;GTD;;Scuderia Corsa;Ferrari;
63;2;55;54.470;0;;22.759;0;19.465;0;12.246;0;156.8;51:58.826;16:02:00.754;0:22.759;0:19.465;0:12.246;231.7;Toni Vilander;;GTD;;Scuderia Corsa;Ferrari;
63;2;56;53.843;0;;22.136;0;19.383;0;12.324;0;158.6;52:52.669;16:02:54.597;0:22.136;0:19.383;0:12.324;233.2;Toni Vilander;;GTD;;Scuderia Corsa;Ferrari;
63;2;57;54.319;0;;21.875;0;20.070;0;12.374;0;157.2;53:46.988;16:03:48.916;0:21.875;0:20.070;0:12.374;233.2;Toni Vilander;;GTD;;Scuderia Corsa;Ferrari;
63;2;58;54.109;0;;22.327;0;19.570;0;12.212;0;157.8;54:41.097;16:04:43.025;0:22.327;0:19.570;0:12.212;233.2;Toni Vilander;;GTD;;Scuderia Corsa;Ferrari;
63;2;59;53.341;0;;21.765;0;19.390;0;12.186;0;160.1;55:34.438;16:05:36.366;0:21.765;0:19.390;0:12.186;235.2;Toni Vilander;;GTD;;Scuderia Corsa;Ferrari;
63;2;60;53.093;0;;21.746;0;19.183;2;12.164;0;160.8;56:27.531;16:06:29.459;0:21.746;0:19.183;0:12.164;235.2;Toni Vilander;;GTD;;Scuderia Corsa;Ferrari;
63;2;61;53.015;0;;21.607;0;19.233;0;12.175;0;161.1;57:20.546;16:07:22.474;0:21.607;0:19.233;0:12.175;234.2;Toni Vilander;;GTD;;Scuderia Corsa;Ferrari;
63;2;62;53.032;0;;21.582;1;19.249;0;12.201;0;161.0;58:13.578;16:08:15.506;0:21.582;0:19.249;0:12.201;234.7;Toni Vilander;;GTD;;Scuderia Corsa;Ferrari;
63;2;63;53.754;0;;21.749;0;19.767;0;12.238;0;158.9;59:07.332;16:09:09.260;0:21.749;0:19.767;0:12.238;234.7;Toni Vilander;;GTD;;Scuderia Corsa;Ferrari;
63;2;64;53.553;0;;22.109;0;19.270;0;12.174;0;159.5;1:00:00.885;16:10:02.813;0:22.109;0:19.270;0:12.174;234.2;Toni Vilander;;GTD;;Scuderia Corsa;Ferrari;
63;2;65;54.573;0;;22.050;0;20.275;0;12.248;0;156.5;1:00:55.458;16:10:57.386;0:22.050;0:20.275;0:12.248;234.7;Toni Vilander;;GTD;;Scuderia Corsa;Ferrari;
63;2;66;53.378;0;;21.928;0;19.328;0;12.122;1;160.0;1:01:48.836;16:11:50.764;0:21.928;0:19.328;0:12.122;234.2;Toni Vilander;;GTD;;Scuderia Corsa;Ferrari;
63;2;67;53.211;0;;21.706;0;19.374;0;12.131;0;160.5;1:02:42.047;16:12:43.975;0:21.706;0:19.374;0:12.131;235.2;Toni Vilander;;GTD;;Scuderia Corsa;Ferrari;
63;2;68;53.235;0;;21.758;0;19.269;0;12.208;0;160.4;1:03:35.282;16:13:37.210;0:21.758;0:19.269;0:12.208;235.2;Toni Vilander;;GTD;;Scuderia Corsa;Ferrari;
63;2;69;53.435;0;;21.878;0;19.334;0;12.223;0;159.8;1:04:28.717;16:14:30.645;0:21.878;0:19.334;0:12.223;233.7;Toni Vilander;;GTD;;Scuderia Corsa;Ferrari;
63;2;70;53.182;0;;21.741;0;19.256;0;12.185;0;160.6;1:05:21.899;16:15:23.827;0:21.741;0:19.256;0:12.185;234.2;Toni Vilander;;GTD;;Scuderia Corsa;Ferrari;
63;2;71;54.049;0;;22.039;0;19.567;0;12.443;0;158.0;1:06:15.948;16:16:17.876;0:22.039;0:19.567;0:12.443;234.2;Toni Vilander;;GTD;;Scuderia Corsa;Ferrari;
63;2;72;53.677;0;;21.847;0;19.395;0;12.435;0;159.1;1:07:09.625;16:17:11.553;0:21.847;0:19.395;0:12.435;232.7;Toni Vilander;;GTD;;Scuderia Corsa;Ferrari;
63;2;73;54.311;0;;22.188;0;19.543;0;12.580;0;157.2;1:08:03.936;16:18:05.864;0:22.188;0:19.543;0:12.580;232.2;Toni Vilander;;GTD;;Scuderia Corsa;Ferrari;
63;2;74;54.593;0;;22.516;0;19.633;0;12.444;0;156.4;1:08:58.529;16:19:00.457;0:22.516;0:19.633;0:12.444;231.3;Toni Vilander;;GTD;;Scuderia Corsa;Ferrari;
63;2;75;54.698;0;;22.761;0;19.685;0;12.252;0;156.1;1:09:53.227;16:19:55.155;0:22.761;0:19.685;0:12.252;217.3;Toni Vilander;;GTD;;Scuderia Corsa;Ferrari;
63;2;76;53.679;0;;21.940;0;19.499;0;12.240;0;159.1;1:10:46.906;16:20:48.834;0:21.940;0:19.499;0:12.240;235.7;Toni Vilander;;GTD;;Scuderia Corsa;Ferrari;
63;2;77;54.454;0;;22.370;0;19.829;0;12.255;0;156.8;1:11:41.360;16:21:43.288;0:22.370;0:19.829;0:12.255;235.2;Toni Vilander;;GTD;;Scuderia Corsa;Ferrari;
63;2;78;54.003;0;;22.120;0;19.557;0;12.326;0;158.1;1:12:35.363;16:22:37.291;0:22.120;0:19.557;0:12.326;235.2;Toni Vilander;;GTD;;Scuderia Corsa;Ferrari;
63;2;79;53.769;0;;22.018;0;19.531;0;12.220;0;158.8;1:13:29.132;16:23:31.060;0:22.018;0:19.531;0:12.220;234.2;Toni Vilander;;GTD;;Scuderia Corsa;Ferrari;
63;2;80;53.713;0;;21.976;0;19.414;0;12.323;0;159.0;1:14:22.845;16:24:24.773;0:21.976;0:19.414;0:12.323;235.2;Toni Vilander;;GTD;;Scuderia Corsa;Ferrari;
63;2;81;53.795;0;;22.073;0;19.505;0;12.217;0;158.7;1:15:16.640;16:25:18.568;0:22.073;0:19.505;0:12.217;234.2;Toni Vilander;;GTD;;Scuderia Corsa;Ferrari;
63;2;82;53.564;0;;21.925;0;19.336;0;12.303;0;159.4;1:16:10.204;16:26:12.132;0:21.925;0:19.336;0:12.303;235.2;Toni Vilander;;GTD;;Scuderia Corsa;Ferrari;
63;2;83;55.002;0;;22.045;0;20.123;0;12.834;0;155.3;1:17:05.206;16:27:07.134;0:22.045;0:20.123;0:12.834;234.7;Toni Vilander;;GTD;;Scuderia Corsa;Ferrari;
63;2;84;54.942;0;;22.530;0;20.079;0;12.333;0;155.4;1:18:00.148;16:28:02.076;0:22.530;0:20.079;0:12.333;230.3;Toni Vilander;;GTD;;Scuderia Corsa;Ferrari;
63;2;85;54.070;0;;22.192;0;19.620;0;12.258;0;157.9;1:18:54.218;16:28:56.146;0:22.192;0:19.620;0:12.258;234.7;Toni Vilander;;GTD;;Scuderia Corsa;Ferrari;
63;2;86;53.775;0;;22.043;0;19.464;0;12.268;0;158.8;1:19:47.993;16:29:49.921;0:22.043;0:19.464;0:12.268;234.7;Toni Vilander;;GTD;;Scuderia Corsa;Ferrari;
63;2;87;53.969;0;;22.141;0;19.487;0;12.341;0;158.2;1:20:41.962;16:30:43.890;0:22.141;0:19.487;0:12.341;234.2;Toni Vilander;;GTD;;Scuderia Corsa;Ferrari;
63;2;88;53.655;0;;22.014;0;19.413;0;12.228;0;159.2;1:21:35.617;16:31:37.545;0:22.014;0:19.413;0:12.228;233.2;Toni Vilander;;GTD;;Scuderia Corsa;Ferrari;
63;2;89;53.862;0;;22.037;0;19.629;0;12.196;0;158.5;1:22:29.479;16:32:31.407;0:22.037;0:19.629;0:12.196;234.7;Toni Vilander;;GTD;;Scuderia Corsa;Ferrari;
63;2;90;53.636;0;;21.911;0;19.379;0;12.346;0;159.2;1:23:23.115;16:33:25.043;0:21.911;0:19.379;0:12.346;235.2;Toni Vilander;;GTD;;Scuderia Corsa;Ferrari;
63;2;91;54.123;0;;22.118;0;19.641;0;12.364;0;157.8;1:24:17.238;16:34:19.166;0:22.118;0:19.641;0:12.364;233.2;Toni Vilander;;GTD;;Scuderia Corsa;Ferrari;
63;2;92;54.026;0;;22.131;0;19.602;0;12.293;0;158.1;1:25:11.264;16:35:13.192;0:22.131;0:19.602;0:12.293;233.7;Toni Vilander;;GTD;;Scuderia Corsa;Ferrari;
63;2;93;53.799;0;;22.056;0;19.520;0;12.223;0;158.7;1:26:05.063;16:36:06.991;0:22.056;0:19.520;0:12.223;233.7;Toni Vilander;;GTD;;Scuderia Corsa;Ferrari;
63;2;94;53.674;0;;21.976;0;19.451;0;12.247;0;159.1;1:26:58.737;16:37:00.665;0:21.976;0:19.451;0:12.247;235.2;Toni Vilander;;GTD;;Scuderia Corsa;Ferrari;
63;2;95;53.663;0;;21.968;0;19.476;0;12.219;0;159.1;1:27:52.400;16:37:54.328;0:21.968;0:19.476;0:12.219;234.2;Toni Vilander;;GTD;;Scuderia Corsa;Ferrari;
63;2;96;53.899;0;;22.192;0;19.440;0;12.267;0;158.4;1:28:46.299;16:38:48.227;0:22.192;0:19.440;0:12.267;234.7;Toni Vilander;;GTD;;Scuderia Corsa;Ferrari;
63;2;97;54.871;0;;22.610;0;19.661;0;12.600;0;155.6;1:29:41.170;16:39:43.098;0:22.610;0:19.661;0:12.600;234.2;Toni Vilander;;GTD;;Scuderia Corsa;Ferrari;
63;2;98;54.481;0;;22.613;0;19.626;0;12.242;0;156.7;1:30:35.651;16:40:37.579;0:22.613;0:19.626;0:12.242;223.8;Toni Vilander;;GTD;;Scuderia Corsa;Ferrari;
63;2;99;53.787;0;;22.091;0;19.527;0;12.169;0;158.8;1:31:29.438;16:41:31.366;0:22.091;0:19.527;0:12.169;235.2;Toni Vilander;;GTD;;Scuderia Corsa;Ferrari;
63;2;100;53.799;0;;21.906;0;19.608;0;12.285;0;158.7;1:32:23.237;16:42:25.165;0:21.906;0:19.608;0:12.285;235.7;Toni Vilander;;GTD;;Scuderia Corsa;Ferrari;
63;2;101;53.857;0;;22.110;0;19.479;0;12.268;0;158.6;1:33:17.094;16:43:19.022;0:22.110;0:19.479;0:12.268;234.7;Toni Vilander;;GTD;;Scuderia Corsa;Ferrari;
63;2;102;54.136;0;;22.265;0;19.647;0;12.224;0;157.7;1:34:11.230;16:44:13.158;0:22.265;0:19.647;0:12.224;235.2;Toni Vilander;;GTD;;Scuderia Corsa;Ferrari;
63;2;103;53.928;0;;22.099;0;19.532;0;12.297;0;158.4;1:35:05.158;16:45:07.086;0:22.099;0:19.532;0:12.297;235.2;Toni Vilander;;GTD;;Scuderia Corsa;Ferrari;
63;2;104;54.406;0;;22.651;0;19.519;0;12.236;0;157.0;1:35:59.564;16:46:01.492;0:22.651;0:19.519;0:12.236;234.7;Toni Vilander;;GTD;;Scuderia Corsa;Ferrari;
63;2;105;54.021;0;;22.207;0;19.518;0;12.296;0;158.1;1:36:53.585;16:46:55.513;0:22.207;0:19.518;0:12.296;235.2;Toni Vilander;;GTD;;Scuderia Corsa;Ferrari;
63;2;106;54.144;0;;22.311;0;19.513;0;12.320;0;157.7;1:37:47.729;16:47:49.657;0:22.311;0:19.513;0:12.320;235.2;Toni Vilander;;GTD;;Scuderia Corsa;Ferrari;
63;2;107;53.947;0;;22.117;0;19.574;0;12.256;0;158.3;1:38:41.676;16:48:43.604;0:22.117;0:19.574;0:12.256;234.2;Toni Vilander;;GTD;;Scuderia Corsa;Ferrari;
63;2;108;53.727;0;;22.089;0;19.464;0;12.174;0;158.9;1:39:35.403;16:49:37.331;0:22.089;0:19.464;0:12.174;235.2;Toni Vilander;;GTD;;Scuderia Corsa;Ferrari;
63;2;109;53.988;0;;22.066;0;19.596;0;12.326;0;158.2;1:40:29.391;16:50:31.319;0:22.066;0:19.596;0:12.326;236.2;Toni Vilander;;GTD;;Scuderia Corsa;Ferrari;
63;2;110;53.736;0;;22.092;0;19.406;0;12.238;0;158.9;1:41:23.127;16:51:25.055;0:22.092;0:19.406;0:12.238;235.2;Toni Vilander;;GTD;;Scuderia Corsa;Ferrari;
63;2;111;54.482;0;;22.589;0;19.621;0;12.272;0;156.7;1:42:17.609;16:52:19.537;0:22.589;0:19.621;0:12.272;234.2;Toni Vilander;;GTD;;Scuderia Corsa;Ferrari;
63;2;112;54.136;0;;22.221;0;19.693;0;12.222;0;157.7;1:43:11.745;16:53:13.673;0:22.221;0:19.693;0:12.222;235.2;Toni Vilander;;GTD;;Scuderia Corsa;Ferrari;
63;2;113;53.927;0;;22.298;0;19.452;0;12.177;0;158.4;1:44:05.672;16:54:07.600;0:22.298;0:19.452;0:12.177;236.2;Toni Vilander;;GTD;;Scuderia Corsa;Ferrari;
63;2;114;54.030;0;;22.332;0;19.503;0;12.195;0;158.1;1:44:59.702;16:55:01.630;0:22.332;0:19.503;0:12.195;235.2;Toni Vilander;;GTD;;Scuderia Corsa;Ferrari;
63;2;115;53.869;0;;22.149;0;19.485;0;12.235;0;158.5;1:45:53.571;16:55:55.499;0:22.149;0:19.485;0:12.235;235.2;Toni Vilander;;GTD;;Scuderia Corsa;Ferrari;
63;2;116;55.568;0;;23.410;0;19.817;0;12.341;0;153.7;1:46:49.139;16:56:51.067;0:23.410;0:19.817;0:12.341;236.2;Toni Vilander;;GTD;;Scuderia Corsa;Ferrari;
63;2;117;53.876;0;;22.352;0;19.361;0;12.163;0;158.5;1:47:43.015;16:57:44.943;0:22.352;0:19.361;0:12.163;235.2;Toni Vilander;;GTD;;Scuderia Corsa;Ferrari;
63;2;118;54.027;0;;22.203;0;19.580;0;12.244;0;158.1;1:48:37.042;16:58:38.970;0:22.203;0:19.580;0:12.244;235.7;Toni Vilander;;GTD;;Scuderia Corsa;Ferrari;
63;2;119;53.745;0;;22.196;0;19.362;0;12.187;0;158.9;1:49:30.787;16:59:32.715;0:22.196;0:19.362;0:12.187;235.7;Toni Vilander;;GTD;;Scuderia Corsa;Ferrari;
63;2;120;54.307;0;;22.579;0;19.535;0;12.193;0;157.3;1:50:25.094;17:00:27.022;0:22.579;0:19.535;0:12.193;236.7;Toni Vilander;;GTD;;Scuderia Corsa;Ferrari;
63;2;121;53.850;0;;22.103;0;19.444;0;12.303;0;158.6;1:51:18.944;17:01:20.872;0:22.103;0:19.444;0:12.303;235.7;Toni Vilander;;GTD;;Scuderia Corsa;Ferrari;
63;2;122;55.796;0;;22.833;0;20.583;0;12.380;0;153.1;1:52:14.740;17:02:16.668;0:22.833;0:20.583;0:12.380;223.8;Toni Vilander;;GTD;;Scuderia Corsa;Ferrari;
63;2;123;1:44.786;0;B;22.142;0;19.539;0;1:03.105;0;81.5;1:53:59.526;17:04:01.454;0:22.142;0:19.539;1:03.105;233.7;Toni Vilander;;GTD;;Scuderia Corsa;Ferrari;
63;2;124;1:04.095;0;;31.210;0;20.282;0;12.603;0;133.2;1:55:03.621;17:05:05.549;0:31.210;0:20.282;0:12.603;;Toni Vilander;0:00:57.314;GTD;;Scuderia Corsa;Ferrari;
63;2;125;54.647;0;;22.476;0;19.697;0;12.474;0;156.3;1:55:58.268;17:06:00.196;0:22.476;0:19.697;0:12.474;229.8;Toni Vilander;;GTD;;Scuderia Corsa;Ferrari;
63;2;126;54.130;0;;21.973;0;19.736;0;12.421;0;157.8;1:56:52.398;17:06:54.326;0:21.973;0:19.736;0:12.421;230.8;Toni Vilander;;GTD;;Scuderia Corsa;Ferrari;
63;2;127;53.987;0;;21.981;0;19.510;0;12.496;0;158.2;1:57:46.385;17:07:48.313;0:21.981;0:19.510;0:12.496;231.7;Toni Vilander;;GTD;;Scuderia Corsa;Ferrari;
63;2;128;53.350;0;;21.678;0;19.322;0;12.350;0;160.1;1:58:39.735;17:08:41.663;0:21.678;0:19.322;0:12.350;231.3;Toni Vilander;;GTD;;Scuderia Corsa;Ferrari;
63;2;129;53.594;0;;21.761;0;19.449;0;12.384;0;159.3;1:59:33.329;17:09:35.257;0:21.761;0:19.449;0:12.384;233.2;Toni Vilander;;GTD;;Scuderia Corsa;Ferrari;
63;2;130;55.014;0;;22.374;0;20.385;0;12.255;0;155.2;2:00:28.343;17:10:30.271;0:22.374;0:20.385;0:12.255;232.7;Toni Vilander;;GTD;;Scuderia Corsa;Ferrari;
63;2;131;53.640;0;;21.957;0;19.389;0;12.294;0;159.2;2:01:21.983;17:11:23.911;0:21.957;0:19.389;0:12.294;234.7;Toni Vilander;;GTD;;Scuderia Corsa;Ferrari;
63;2;132;54.529;0;;22.565;0;19.612;0;12.352;0;156.6;2:02:16.512;17:12:18.440;0:22.565;0:19.612;0:12.352;233.2;Toni Vilander;;GTD;;Scuderia Corsa;Ferrari;
63;2;133;54.159;0;;22.011;0;19.834;0;12.314;0;157.7;2:03:10.671;17:13:12.599;0:22.011;0:19.834;0:12.314;233.7;Toni Vilander;;GTD;;Scuderia Corsa;Ferrari;
63;2;134;54.754;0;;22.231;0;19.416;0;13.107;0;156.0;2:04:05.425;17:14:07.353;0:22.231;0:19.416;0:13.107;234.7;Toni Vilander;;GTD;;Scuderia Corsa;Ferrari;
63;2;135;55.128;0;;23.180;0;19.677;0;12.271;0;154.9;2:05:00.553;17:15:02.481;0:23.180;0:19.677;0:12.271;204.9;Toni Vilander;;GTD;;Scuderia Corsa;Ferrari;
63;2;136;53.844;0;;22.185;0;19.453;0;12.206;0;158.6;2:05:54.397;17:15:56.325;0:22.185;0:19.453;0:12.206;234.2;Toni Vilander;;GTD;;Scuderia Corsa;Ferrari;
63;2;137;53.922;0;;22.131;0;19.540;0;12.251;0;158.4;2:06:48.319;17:16:50.247;0:22.131;0:19.540;0:12.251;235.2;Toni Vilander;;GTD;;Scuderia Corsa;Ferrari;
63;2;138;53.362;0;;21.728;0;19.409;0;12.225;0;160.0;2:07:41.681;17:17:43.609;0:21.728;0:19.409;0:12.225;234.2;Toni Vilander;;GTD;;Scuderia Corsa;Ferrari;
63;2;139;53.663;0;;21.967;0;19.518;0;12.178;0;159.1;2:08:35.344;17:18:37.272;0:21.967;0:19.518;0:12.178;234.7;Toni Vilander;;GTD;;Scuderia Corsa;Ferrari;
63;2;140;53.489;0;;22.065;0;19.263;0;12.161;0;159.7;2:09:28.833;17:19:30.761;0:22.065;0:19.263;0:12.161;235.2;Toni Vilander;;GTD;;Scuderia Corsa;Ferrari;
63;2;141;53.321;0;;21.776;0;19.306;0;12.239;0;160.2;2:10:22.154;17:20:24.082;0:21.776;0:19.306;0:12.239;235.7;Toni Vilander;;GTD;;Scuderia Corsa;Ferrari;
63;2;142;53.329;0;;21.708;0;19.355;0;12.266;0;160.1;2:11:15.483;17:21:17.411;0:21.708;0:19.355;0:12.266;234.7;Toni Vilander;;GTD;;Scuderia Corsa;Ferrari;
63;2;143;55.081;0;;22.467;0;20.302;0;12.312;0;155.0;2:12:10.564;17:22:12.492;0:22.467;0:20.302;0:12.312;211.1;Toni Vilander;;GTD;;Scuderia Corsa;Ferrari;
63;2;144;56.891;0;;24.651;0;19.883;0;12.357;0;150.1;2:13:07.455;17:23:09.383;0:24.651;0:19.883;0:12.357;234.2;Toni Vilander;;GTD;;Scuderia Corsa;Ferrari;
63;2;145;53.719;0;;22.062;0;19.469;0;12.188;0;159.0;2:14:01.174;17:24:03.102;0:22.062;0:19.469;0:12.188;235.2;Toni Vilander;;GTD;;Scuderia Corsa;Ferrari;
63;2;146;53.933;0;;21.974;0;19.510;0;12.449;0;158.3;2:14:55.107;17:24:57.035;0:21.974;0:19.510;0:12.449;235.2;Toni Vilander;;GTD;;Scuderia Corsa;Ferrari;
63;2;147;53.917;0;;22.015;0;19.534;0;12.368;0;158.4;2:15:49.024;17:25:50.952;0:22.015;0:19.534;0:12.368;232.7;Toni Vilander;;GTD;;Scuderia Corsa;Ferrari;
63;2;148;54.131;0;;22.140;0;19.565;0;12.426;0;157.8;2:16:43.155;17:26:45.083;0:22.140;0:19.565;0:12.426;234.2;Toni Vilander;;GTD;;Scuderia Corsa;Ferrari;
63;2;149;53.890;0;;22.071;0;19.494;0;12.325;0;158.5;2:17:37.045;17:27:38.973;0:22.071;0:19.494;0:12.325;232.7;Toni Vilander;;GTD;;Scuderia Corsa;Ferrari;
63;2;150;54.027;0;;22.076;0;19.608;0;12.343;0;158.1;2:18:31.072;17:28:33.000;0:22.076;0:19.608;0:12.343;233.7;Toni Vilander;;GTD;;Scuderia Corsa;Ferrari;
63;2;151;53.891;0;;21.928;0;19.563;0;12.400;0;158.5;2:19:24.963;17:29:26.891;0:21.928;0:19.563;0:12.400;235.2;Toni Vilander;;GTD;;Scuderia Corsa;Ferrari;
63;2;152;53.811;0;;22.052;0;19.460;0;12.299;0;158.7;2:20:18.774;17:30:20.702;0:22.052;0:19.460;0:12.299;234.2;Toni Vilander;;GTD;;Scuderia Corsa;Ferrari;
63;2;153;54.165;0;;22.029;0;19.527;0;12.609;0;157.7;2:21:12.939;17:31:14.867;0:22.029;0:19.527;0:12.609;235.2;Toni Vilander;;GTD;;Scuderia Corsa;Ferrari;
63;2;154;55.085;0;;22.519;0;19.701;0;12.865;0;155.0;2:22:08.024;17:32:09.952;0:22.519;0:19.701;0:12.865;226.1;Toni Vilander;;GTD;;Scuderia Corsa;Ferrari;
63;2;155;54.880;0;;22.982;0;19.645;0;12.253;0;155.6;2:23:02.904;17:33:04.832;0:22.982;0:19.645;0:12.253;208.0;Toni Vilander;;GTD;;Scuderia Corsa;Ferrari;
63;2;156;54.125;0;;22.307;0;19.616;0;12.202;0;157.8;2:23:57.029;17:33:58.957;0:22.307;0:19.616;0:12.202;235.2;Toni Vilander;;GTD;;Scuderia Corsa;Ferrari;
63;2;157;54.104;0;;22.246;0;19.633;0;12.225;0;157.8;2:24:51.133;17:34:53.061;0:22.246;0:19.633;0:12.225;236.2;Toni Vilander;;GTD;;Scuderia Corsa;Ferrari;
63;2;158;53.762;0;;21.940;0;19.609;0;12.213;0;158.8;2:25:44.895;17:35:46.823;0:21.940;0:19.609;0:12.213;235.2;Toni Vilander;;GTD;;Scuderia Corsa;Ferrari;
63;2;159;54.380;0;;22.362;0;19.739;0;12.279;0;157.0;2:26:39.275;17:36:41.203;0:22.362;0:19.739;0:12.279;236.2;Toni Vilander;;GTD;;Scuderia Corsa;Ferrari;
63;2;160;55.027;0;;22.569;0;20.061;0;12.397;0;155.2;2:27:34.302;17:37:36.230;0:22.569;0:20.061;0:12.397;234.7;Toni Vilander;;GTD;;Scuderia Corsa;Ferrari;
63;2;161;57.113;0;;22.545;0;22.018;0;12.550;0;149.5;2:28:31.415;17:38:33.343;0:22.545;0:22.018;0:12.550;234.2;Toni Vilander;;GTD;;Scuderia Corsa;Ferrari;
63;2;162;54.502;0;;22.199;0;19.878;0;12.425;0;156.7;2:29:25.917;17:39:27.845;0:22.199;0:19.878;0:12.425;233.7;Toni Vilander;;GTD;;Scuderia Corsa;Ferrari;
63;2;163;54.711;0;;22.571;0;19.805;0;12.335;0;156.1;2:30:20.628;17:40:22.556;0:22.571;0:19.805;0:12.335;235.7;Toni Vilander;;GTD;;Scuderia Corsa;Ferrari;
63;2;164;54.361;0;;22.452;0;19.679;0;12.230;0;157.1;2:31:14.989;17:41:16.917;0:22.452;0:19.679;0:12.230;235.2;Toni Vilander;;GTD;;Scuderia Corsa;Ferrari;
63;2;165;53.836;0;;22.007;0;19.650;0;12.179;0;158.6;2:32:08.825;17:42:10.753;0:22.007;0:19.650;0:12.179;236.2;Toni Vilander;;GTD;;Scuderia Corsa;Ferrari;
63;2;166;54.059;0;;21.943;0;19.786;0;12.330;0;158.0;2:33:02.884;17:43:04.812;0:21.943;0:19.786;0:12.330;236.7;Toni Vilander;;GTD;;Scuderia Corsa;Ferrari;
63;2;167;53.916;0;;22.055;0;19.600;0;12.261;0;158.4;2:33:56.800;17:43:58.728;0:22.055;0:19.600;0:12.261;236.2;Toni Vilander;;GTD;;Scuderia Corsa;Ferrari;
63;2;168;54.852;0;;22.608;0;19.846;0;12.398;0;155.7;2:34:51.652;17:44:53.580;0:22.608;0:19.846;0:12.398;235.7;Toni Vilander;;GTD;;Scuderia Corsa;Ferrari;
63;2;169;53.900;0;;21.832;0;19.717;0;12.351;0;158.4;2:35:45.552;17:45:47.480;0:21.832;0:19.717;0:12.351;234.7;Toni Vilander;;GTD;;Scuderia Corsa;Ferrari;
63;2;170;55.409;0;;22.889;0;20.101;0;12.419;0;154.1;2:36:40.961;17:46:42.889;0:22.889;0:20.101;0:12.419;233.7;Toni Vilander;;GTD;;Scuderia Corsa;Ferrari;
63;2;171;58.046;0;;23.145;0;22.035;0;12.866;0;147.1;2:37:39.007;17:47:40.935;0:23.145;0:22.035;0:12.866;235.2;Toni Vilander;;GTD;;Scuderia Corsa;Ferrari;
63;2;172;55.615;0;;22.444;0;19.816;0;13.355;0;153.6;2:38:34.622;17:48:36.550;0:22.444;0:19.816;0:13.355;230.8;Toni Vilander;;GTD;;Scuderia Corsa;Ferrari;
63;2;173;54.520;0;;22.325;0;19.720;0;12.475;0;156.6;2:39:29.142;17:49:31.070;0:22.325;0:19.720;0:12.475;226.1;Toni Vilander;;GTD;;Scuderia Corsa;Ferrari;
63;2;174;54.563;0;;22.244;0;19.670;0;12.649;0;156.5;2:40:23.705;17:50:25.633;0:22.244;0:19.670;0:12.649;232.7;Toni Vilander;;GTD;;Scuderia Corsa;Ferrari;
66;2;1;54.157;0;;23.044;0;19.328;0;11.785;0;157.7;54.157;15:10:56.085;0:23.044;0:19.328;0:11.785;224.3;Dirk Mueller;;GTLM;;Ford Chip Ganassi Racing;Ford;
66;2;2;52.395;0;;21.663;0;19.073;0;11.659;0;163.0;1:46.552;15:11:48.480;0:21.663;0:19.073;0:11.659;239.7;Dirk Mueller;;GTLM;;Ford Chip Ganassi Racing;Ford;
66;2;3;51.683;0;;21.239;0;18.913;0;11.531;0;165.2;2:38.235;15:12:40.163;0:21.239;0:18.913;0:11.531;240.7;Dirk Mueller;;GTLM;;Ford Chip Ganassi Racing;Ford;
66;2;4;51.471;0;;21.061;0;18.867;0;11.543;0;165.9;3:29.706;15:13:31.634;0:21.061;0:18.867;0:11.543;241.8;Dirk Mueller;;GTLM;;Ford Chip Ganassi Racing;Ford;
66;2;5;51.314;0;;20.957;0;18.809;0;11.548;0;166.4;4:21.020;15:14:22.948;0:20.957;0:18.809;0:11.548;242.3;Dirk Mueller;;GTLM;;Ford Chip Ganassi Racing;Ford;
66;2;6;51.102;0;;20.849;0;18.740;0;11.513;0;167.1;5:12.122;15:15:14.050;0:20.849;0:18.740;0:11.513;242.3;Dirk Mueller;;GTLM;;Ford Chip Ganassi Racing;Ford;
66;2;7;50.937;2;;20.792;2;18.665;0;11.480;2;167.7;6:03.059;15:16:04.987;0:20.792;0:18.665;0:11.480;243.4;Dirk Mueller;;GTLM;;Ford Chip Ganassi Racing;Ford;
66;2;8;51.170;0;;20.963;0;18.693;0;11.514;0;166.9;6:54.229;15:16:56.157;0:20.963;0:18.693;0:11.514;242.8;Dirk Mueller;;GTLM;;Ford Chip Ganassi Racing;Ford;
66;2;9;51.179;0;;20.977;0;18.713;0;11.489;0;166.9;7:45.408;15:17:47.336;0:20.977;0:18.713;0:11.489;241.8;Dirk Mueller;;GTLM;;Ford Chip Ganassi Racing;Ford;
66;2;10;51.250;0;;20.983;0;18.730;0;11.537;0;166.6;8:36.658;15:18:38.586;0:20.983;0:18.730;0:11.537;243.4;Dirk Mueller;;GTLM;;Ford Chip Ganassi Racing;Ford;
66;2;11;51.169;0;;20.977;0;18.655;1;11.537;0;166.9;9:27.827;15:19:29.755;0:20.977;0:18.655;0:11.537;242.3;Dirk Mueller;;GTLM;;Ford Chip Ganassi Racing;Ford;
66;2;12;51.562;0;;21.251;0;18.764;0;11.547;0;165.6;10:19.389;15:20:21.317;0:21.251;0:18.764;0:11.547;241.3;Dirk Mueller;;GTLM;;Ford Chip Ganassi Racing;Ford;
66;2;13;51.315;0;;21.027;0;18.760;0;11.528;0;166.4;11:10.704;15:21:12.632;0:21.027;0:18.760;0:11.528;242.3;Dirk Mueller;;GTLM;;Ford Chip Ganassi Racing;Ford;
66;2;14;51.589;0;;21.173;0;18.803;0;11.613;0;165.5;12:02.293;15:22:04.221;0:21.173;0:18.803;0:11.613;243.4;Dirk Mueller;;GTLM;;Ford Chip Ganassi Racing;Ford;
66;2;15;51.475;0;;21.093;0;18.764;0;11.618;0;165.9;12:53.768;15:22:55.696;0:21.093;0:18.764;0:11.618;241.3;Dirk Mueller;;GTLM;;Ford Chip Ganassi Racing;Ford;
66;2;16;51.693;0;;21.196;0;18.925;0;11.572;0;165.2;13:45.461;15:23:47.389;0:21.196;0:18.925;0:11.572;240.7;Dirk Mueller;;GTLM;;Ford Chip Ganassi Racing;Ford;
66;2;17;51.946;0;;21.212;0;19.070;0;11.664;0;164.4;14:37.407;15:24:39.335;0:21.212;0:19.070;0:11.664;241.8;Dirk Mueller;;GTLM;;Ford Chip Ganassi Racing;Ford;
66;2;18;51.706;0;;21.147;0;18.968;0;11.591;0;165.2;15:29.113;15:25:31.041;0:21.147;0:18.968;0:11.591;241.3;Dirk Mueller;;GTLM;;Ford Chip Ganassi Racing;Ford;
66;2;19;51.916;0;;21.306;0;18.967;0;11.643;0;164.5;16:21.029;15:26:22.957;0:21.306;0:18.967;0:11.643;240.7;Dirk Mueller;;GTLM;;Ford Chip Ganassi Racing;Ford;
66;2;20;51.731;0;;21.267;0;18.874;0;11.590;0;165.1;17:12.760;15:27:14.688;0:21.267;0:18.874;0:11.590;240.2;Dirk Mueller;;GTLM;;Ford Chip Ganassi Racing;Ford;
66;2;21;51.919;0;;21.181;0;19.050;0;11.688;0;164.5;18:04.679;15:28:06.607;0:21.181;0:19.050;0:11.688;241.3;Dirk Mueller;;GTLM;;Ford Chip Ganassi Racing;Ford;
66;2;22;52.843;0;;21.508;0;19.327;0;12.008;0;161.6;18:57.522;15:28:59.450;0:21.508;0:19.327;0:12.008;241.3;Dirk Mueller;;GTLM;;Ford Chip Ganassi Racing;Ford;
66;2;23;52.853;0;;21.625;0;19.344;0;11.884;0;161.6;19:50.375;15:29:52.303;0:21.625;0:19.344;0:11.884;236.7;Dirk Mueller;;GTLM;;Ford Chip Ganassi Racing;Ford;
66;2;24;52.781;0;;21.529;0;19.179;0;12.073;0;161.8;20:43.156;15:30:45.084;0:21.529;0:19.179;0:12.073;239.2;Dirk Mueller;;GTLM;;Ford Chip Ganassi Racing;Ford;
66;2;25;51.966;0;;21.334;0;18.986;0;11.646;0;164.3;21:35.122;15:31:37.050;0:21.334;0:18.986;0:11.646;237.7;Dirk Mueller;;GTLM;;Ford Chip Ganassi Racing;Ford;
66;2;26;52.181;0;;21.352;0;18.999;0;11.830;0;163.7;22:27.303;15:32:29.231;0:21.352;0:18.999;0:11.830;241.8;Dirk Mueller;;GTLM;;Ford Chip Ganassi Racing;Ford;
66;2;27;53.016;0;;22.203;0;19.105;0;11.708;0;161.1;23:20.319;15:33:22.247;0:22.203;0:19.105;0:11.708;241.3;Dirk Mueller;;GTLM;;Ford Chip Ganassi Racing;Ford;
66;2;28;51.992;0;;21.332;0;18.901;0;11.759;0;164.3;24:12.311;15:34:14.239;0:21.332;0:18.901;0:11.759;241.3;Dirk Mueller;;GTLM;;Ford Chip Ganassi Racing;Ford;
66;2;29;52.624;0;;21.988;0;18.943;0;11.693;0;162.3;25:04.935;15:35:06.863;0:21.988;0:18.943;0:11.693;241.3;Dirk Mueller;;GTLM;;Ford Chip Ganassi Racing;Ford;
66;2;30;53.481;0;;22.040;0;19.706;0;11.735;0;159.7;25:58.416;15:36:00.344;0:22.040;0:19.706;0:11.735;241.8;Dirk Mueller;;GTLM;;Ford Chip Ganassi Racing;Ford;
66;2;31;53.053;0;;21.890;0;19.309;0;11.854;0;161.0;26:51.469;15:36:53.397;0:21.890;0:19.309;0:11.854;241.3;Dirk Mueller;;GTLM;;Ford Chip Ganassi Racing;Ford;
66;2;32;52.186;0;;21.458;0;19.005;0;11.723;0;163.6;27:43.655;15:37:45.583;0:21.458;0:19.005;0:11.723;238.7;Dirk Mueller;;GTLM;;Ford Chip Ganassi Racing;Ford;
66;2;33;52.464;0;;21.647;0;18.951;0;11.866;0;162.8;28:36.119;15:38:38.047;0:21.647;0:18.951;0:11.866;240.2;Dirk Mueller;;GTLM;;Ford Chip Ganassi Racing;Ford;
66;2;34;52.595;0;;21.763;0;19.093;0;11.739;0;162.4;29:28.714;15:39:30.642;0:21.763;0:19.093;0:11.739;239.2;Dirk Mueller;;GTLM;;Ford Chip Ganassi Racing;Ford;
66;2;35;52.676;0;;21.600;0;19.201;0;11.875;0;162.1;30:21.390;15:40:23.318;0:21.600;0:19.201;0:11.875;241.8;Dirk Mueller;;GTLM;;Ford Chip Ganassi Racing;Ford;
66;2;36;53.381;0;;21.917;0;19.444;0;12.020;0;160.0;31:14.771;15:41:16.699;0:21.917;0:19.444;0:12.020;240.2;Dirk Mueller;;GTLM;;Ford Chip Ganassi Racing;Ford;
66;2;37;53.073;0;;22.122;0;19.174;0;11.777;0;160.9;32:07.844;15:42:09.772;0:22.122;0:19.174;0:11.777;240.7;Dirk Mueller;;GTLM;;Ford Chip Ganassi Racing;Ford;
66;2;38;52.489;0;;21.531;0;19.161;0;11.797;0;162.7;33:00.333;15:43:02.261;0:21.531;0:19.161;0:11.797;240.2;Dirk Mueller;;GTLM;;Ford Chip Ganassi Racing;Ford;
66;2;39;52.358;0;;21.525;0;19.063;0;11.770;0;163.1;33:52.691;15:43:54.619;0:21.525;0:19.063;0:11.770;240.2;Dirk Mueller;;GTLM;;Ford Chip Ganassi Racing;Ford;
66;2;40;52.021;0;;21.298;0;19.042;0;11.681;0;164.2;34:44.712;15:44:46.640;0:21.298;0:19.042;0:11.681;238.2;Dirk Mueller;;GTLM;;Ford Chip Ganassi Racing;Ford;
66;2;41;52.222;0;;21.437;0;19.033;0;11.752;0;163.5;35:36.934;15:45:38.862;0:21.437;0:19.033;0:11.752;240.2;Dirk Mueller;;GTLM;;Ford Chip Ganassi Racing;Ford;
66;2;42;52.937;0;;21.708;0;19.435;0;11.794;0;161.3;36:29.871;15:46:31.799;0:21.708;0:19.435;0:11.794;238.7;Dirk Mueller;;GTLM;;Ford Chip Ganassi Racing;Ford;
66;2;43;52.089;0;;21.331;0;19.030;0;11.728;0;163.9;37:21.960;15:47:23.888;0:21.331;0:19.030;0:11.728;238.7;Dirk Mueller;;GTLM;;Ford Chip Ganassi Racing;Ford;
66;2;44;52.880;0;;21.599;0;19.337;0;11.944;0;161.5;38:14.840;15:48:16.768;0:21.599;0:19.337;0:11.944;240.2;Dirk Mueller;;GTLM;;Ford Chip Ganassi Racing;Ford;
66;2;45;53.097;0;;21.849;0;19.354;0;11.894;0;160.8;39:07.937;15:49:09.865;0:21.849;0:19.354;0:11.894;241.8;Dirk Mueller;;GTLM;;Ford Chip Ganassi Racing;Ford;
66;2;46;52.992;0;;21.735;0;19.391;0;11.866;0;161.2;40:00.929;15:50:02.857;0:21.735;0:19.391;0:11.866;238.2;Dirk Mueller;;GTLM;;Ford Chip Ganassi Racing;Ford;
66;2;47;53.828;0;;22.331;0;19.547;0;11.950;0;158.6;40:54.757;15:50:56.685;0:22.331;0:19.547;0:11.950;240.2;Dirk Mueller;;GTLM;;Ford Chip Ganassi Racing;Ford;
66;2;48;52.744;0;;21.775;0;19.117;0;11.852;0;161.9;41:47.501;15:51:49.429;0:21.775;0:19.117;0:11.852;239.2;Dirk Mueller;;GTLM;;Ford Chip Ganassi Racing;Ford;
66;2;49;52.983;0;;21.782;0;19.253;0;11.948;0;161.2;42:40.484;15:52:42.412;0:21.782;0:19.253;0:11.948;240.7;Dirk Mueller;;GTLM;;Ford Chip Ganassi Racing;Ford;
66;2;50;52.762;0;;21.835;0;19.057;0;11.870;0;161.9;43:33.246;15:53:35.174;0:21.835;0:19.057;0:11.870;240.2;Dirk Mueller;;GTLM;;Ford Chip Ganassi Racing;Ford;
66;2;51;53.094;0;;21.789;0;19.412;0;11.893;0;160.8;44:26.340;15:54:28.268;0:21.789;0:19.412;0:11.893;241.3;Dirk Mueller;;GTLM;;Ford Chip Ganassi Racing;Ford;
66;2;52;53.121;0;;22.003;0;19.208;0;11.910;0;160.8;45:19.461;15:55:21.389;0:22.003;0:19.208;0:11.910;241.8;Dirk Mueller;;GTLM;;Ford Chip Ganassi Racing;Ford;
66;2;53;1:32.077;0;B;21.529;0;19.122;0;51.426;0;92.7;46:51.538;15:56:53.466;0:21.529;0:19.122;0:51.426;240.7;Dirk Mueller;;GTLM;;Ford Chip Ganassi Racing;Ford;
66;1;54;1:01.695;0;;29.351;0;19.662;0;12.682;0;138.4;47:53.233;15:57:55.161;0:29.351;0:19.662;0:12.682;;Joey Hand;0:00:46.775;GTLM;;Ford Chip Ganassi Racing;Ford;
66;1;55;52.567;0;;21.850;0;18.999;0;11.718;0;162.5;48:45.800;15:58:47.728;0:21.850;0:18.999;0:11.718;232.7;Joey Hand;;GTLM;;Ford Chip Ganassi Racing;Ford;
66;1;56;51.340;0;;20.930;0;18.690;0;11.720;0;166.3;49:37.140;15:59:39.068;0:20.930;0:18.690;0:11.720;242.3;Joey Hand;;GTLM;;Ford Chip Ganassi Racing;Ford;
66;1;57;51.478;0;;20.807;1;18.825;0;11.846;0;165.9;50:28.618;16:00:30.546;0:20.807;0:18.825;0:11.846;241.8;Joey Hand;;GTLM;;Ford Chip Ganassi Racing;Ford;
66;1;58;51.797;0;;21.358;0;18.650;0;11.789;0;164.9;51:20.415;16:01:22.343;0:21.358;0:18.650;0:11.789;241.8;Joey Hand;;GTLM;;Ford Chip Ganassi Racing;Ford;
66;1;59;51.273;0;;20.863;0;18.695;0;11.715;0;166.6;52:11.688;16:02:13.616;0:20.863;0:18.695;0:11.715;240.7;Joey Hand;;GTLM;;Ford Chip Ganassi Racing;Ford;
66;1;60;51.713;0;;21.132;0;18.669;0;11.912;0;165.1;53:03.401;16:03:05.329;0:21.132;0:18.669;0:11.912;242.3;Joey Hand;;GTLM;;Ford Chip Ganassi Racing;Ford;
66;1;61;51.840;0;;21.308;0;18.727;0;11.805;0;164.7;53:55.241;16:03:57.169;0:21.308;0:18.727;0:11.805;241.3;Joey Hand;;GTLM;;Ford Chip Ganassi Racing;Ford;
66;1;62;51.835;0;;21.148;0;18.960;0;11.727;0;164.7;54:47.076;16:04:49.004;0:21.148;0:18.960;0:11.727;242.3;Joey Hand;;GTLM;;Ford Chip Ganassi Racing;Ford;
66;1;63;51.602;0;;21.103;0;18.791;0;11.708;0;165.5;55:38.678;16:05:40.606;0:21.103;0:18.791;0:11.708;242.8;Joey Hand;;GTLM;;Ford Chip Ganassi Racing;Ford;
66;1;64;51.987;0;;21.151;0;18.986;0;11.850;0;164.3;56:30.665;16:06:32.593;0:21.151;0:18.986;0:11.850;242.3;Joey Hand;;GTLM;;Ford Chip Ganassi Racing;Ford;
66;1;65;52.075;0;;21.179;0;19.105;0;11.791;0;164.0;57:22.740;16:07:24.668;0:21.179;0:19.105;0:11.791;241.8;Joey Hand;;GTLM;;Ford Chip Ganassi Racing;Ford;
66;1;66;53.277;0;;21.914;0;19.243;0;12.120;0;160.3;58:16.017;16:08:17.945;0:21.914;0:19.243;0:12.120;241.8;Joey Hand;;GTLM;;Ford Chip Ganassi Racing;Ford;
66;1;67;52.995;0;;21.860;0;19.424;0;11.711;0;161.1;59:09.012;16:09:10.940;0:21.860;0:19.424;0:11.711;239.2;Joey Hand;;GTLM;;Ford Chip Ganassi Racing;Ford;
66;1;68;52.425;0;;21.596;0;19.073;0;11.756;0;162.9;1:00:01.437;16:10:03.365;0:21.596;0:19.073;0:11.756;242.8;Joey Hand;;GTLM;;Ford Chip Ganassi Racing;Ford;
66;1;69;52.067;0;;21.594;0;18.714;0;11.759;0;164.0;1:00:53.504;16:10:55.432;0:21.594;0:18.714;0:11.759;240.2;Joey Hand;;GTLM;;Ford Chip Ganassi Racing;Ford;
66;1;70;51.248;0;;20.843;0;18.557;2;11.848;0;166.6;1:01:44.752;16:11:46.680;0:20.843;0:18.557;0:11.848;239.2;Joey Hand;;GTLM;;Ford Chip Ganassi Racing;Ford;
66;1;71;51.714;0;;20.952;0;18.890;0;11.872;0;165.1;1:02:36.466;16:12:38.394;0:20.952;0:18.890;0:11.872;239.7;Joey Hand;;GTLM;;Ford Chip Ganassi Racing;Ford;
66;1;72;52.906;0;;21.957;0;19.058;0;11.891;0;161.4;1:03:29.372;16:13:31.300;0:21.957;0:19.058;0:11.891;241.8;Joey Hand;;GTLM;;Ford Chip Ganassi Racing;Ford;
66;1;73;51.500;0;;20.970;0;18.785;0;11.745;0;165.8;1:04:20.872;16:14:22.800;0:20.970;0:18.785;0:11.745;238.7;Joey Hand;;GTLM;;Ford Chip Ganassi Racing;Ford;
66;1;74;53.031;0;;21.513;0;19.322;0;12.196;0;161.0;1:05:13.903;16:15:15.831;0:21.513;0:19.322;0:12.196;243.4;Joey Hand;;GTLM;;Ford Chip Ganassi Racing;Ford;
66;1;75;53.348;0;;21.598;0;19.429;0;12.321;0;160.1;1:06:07.251;16:16:09.179;0:21.598;0:19.429;0:12.321;237.2;Joey Hand;;GTLM;;Ford Chip Ganassi Racing;Ford;
66;1;76;52.012;0;;21.257;0;18.994;0;11.761;0;164.2;1:06:59.263;16:17:01.191;0:21.257;0:18.994;0:11.761;236.2;Joey Hand;;GTLM;;Ford Chip Ganassi Racing;Ford;
66;1;77;52.165;0;;21.378;0;19.070;0;11.717;0;163.7;1:07:51.428;16:17:53.356;0:21.378;0:19.070;0:11.717;242.3;Joey Hand;;GTLM;;Ford Chip Ganassi Racing;Ford;
66;1;78;52.367;0;;21.559;0;19.068;0;11.740;0;163.1;1:08:43.795;16:18:45.723;0:21.559;0:19.068;0:11.740;242.8;Joey Hand;;GTLM;;Ford Chip Ganassi Racing;Ford;
66;1;79;52.794;0;;21.858;0;19.087;0;11.849;0;161.8;1:09:36.589;16:19:38.517;0:21.858;0:19.087;0:11.849;242.3;Joey Hand;;GTLM;;Ford Chip Ganassi Racing;Ford;
66;1;80;52.551;0;;21.652;0;19.128;0;11.771;0;162.5;1:10:29.140;16:20:31.068;0:21.652;0:19.128;0:11.771;240.7;Joey Hand;;GTLM;;Ford Chip Ganassi Racing;Ford;
66;1;81;52.415;0;;21.538;0;19.036;0;11.841;0;162.9;1:11:21.555;16:21:23.483;0:21.538;0:19.036;0:11.841;242.3;Joey Hand;;GTLM;;Ford Chip Ganassi Racing;Ford;
66;1;82;52.393;0;;21.597;0;19.054;0;11.742;0;163.0;1:12:13.948;16:22:15.876;0:21.597;0:19.054;0:11.742;240.7;Joey Hand;;GTLM;;Ford Chip Ganassi Racing;Ford;
66;1;83;51.995;0;;21.425;0;18.880;0;11.690;0;164.2;1:13:05.943;16:23:07.871;0:21.425;0:18.880;0:11.690;242.8;Joey Hand;;GTLM;;Ford Chip Ganassi Racing;Ford;
66;1;84;51.773;0;;21.167;0;18.882;0;11.724;0;164.9;1:13:57.716;16:23:59.644;0:21.167;0:18.882;0:11.724;241.3;Joey Hand;;GTLM;;Ford Chip Ganassi Racing;Ford;
66;1;85;51.866;0;;21.127;0;18.933;0;11.806;0;164.7;1:14:49.582;16:24:51.510;0:21.127;0:18.933;0:11.806;240.7;Joey Hand;;GTLM;;Ford Chip Ganassi Racing;Ford;
66;1;86;53.168;0;;21.427;0;19.624;0;12.117;0;160.6;1:15:42.750;16:25:44.678;0:21.427;0:19.624;0:12.117;240.7;Joey Hand;;GTLM;;Ford Chip Ganassi Racing;Ford;
66;1;87;53.536;0;;21.734;0;19.778;0;12.024;0;159.5;1:16:36.286;16:26:38.214;0:21.734;0:19.778;0:12.024;240.7;Joey Hand;;GTLM;;Ford Chip Ganassi Racing;Ford;
66;1;88;53.363;0;;21.585;0;19.475;0;12.303;0;160.0;1:17:29.649;16:27:31.577;0:21.585;0:19.475;0:12.303;241.3;Joey Hand;;GTLM;;Ford Chip Ganassi Racing;Ford;
66;1;89;52.109;0;;21.379;0;18.931;0;11.799;0;163.9;1:18:21.758;16:28:23.686;0:21.379;0:18.931;0:11.799;235.2;Joey Hand;;GTLM;;Ford Chip Ganassi Racing;Ford;
66;1;90;51.832;0;;21.172;0;18.887;0;11.773;0;164.8;1:19:13.590;16:29:15.518;0:21.172;0:18.887;0:11.773;240.2;Joey Hand;;GTLM;;Ford Chip Ganassi Racing;Ford;
66;1;91;52.066;0;;21.285;0;18.965;0;11.816;0;164.0;1:20:05.656;16:30:07.584;0:21.285;0:18.965;0:11.816;239.7;Joey Hand;;GTLM;;Ford Chip Ganassi Racing;Ford;
66;1;92;53.242;0;;21.711;0;19.462;0;12.069;0;160.4;1:20:58.898;16:31:00.826;0:21.711;0:19.462;0:12.069;240.2;Joey Hand;;GTLM;;Ford Chip Ganassi Racing;Ford;
66;1;93;51.969;0;;21.474;0;18.775;0;11.720;0;164.3;1:21:50.867;16:31:52.795;0:21.474;0:18.775;0:11.720;239.7;Joey Hand;;GTLM;;Ford Chip Ganassi Racing;Ford;
66;1;94;51.681;0;;21.054;0;18.815;0;11.812;0;165.2;1:22:42.548;16:32:44.476;0:21.054;0:18.815;0:11.812;240.2;Joey Hand;;GTLM;;Ford Chip Ganassi Racing;Ford;
66;1;95;51.708;0;;21.135;0;18.762;0;11.811;0;165.2;1:23:34.256;16:33:36.184;0:21.135;0:18.762;0:11.811;239.7;Joey Hand;;GTLM;;Ford Chip Ganassi Racing;Ford;
66;1;96;51.899;0;;21.192;0;18.904;0;11.803;0;164.5;1:24:26.155;16:34:28.083;0:21.192;0:18.904;0:11.803;240.2;Joey Hand;;GTLM;;Ford Chip Ganassi Racing;Ford;
66;1;97;52.003;0;;21.308;0;18.880;0;11.815;0;164.2;1:25:18.158;16:35:20.086;0:21.308;0:18.880;0:11.815;239.7;Joey Hand;;GTLM;;Ford Chip Ganassi Racing;Ford;
66;1;98;52.832;0;;21.576;0;19.226;0;12.030;0;161.6;1:26:10.990;16:36:12.918;0:21.576;0:19.226;0:12.030;239.7;Joey Hand;;GTLM;;Ford Chip Ganassi Racing;Ford;
66;1;99;52.499;0;;21.675;0;19.050;0;11.774;0;162.7;1:27:03.489;16:37:05.417;0:21.675;0:19.050;0:11.774;238.7;Joey Hand;;GTLM;;Ford Chip Ganassi Racing;Ford;
66;1;100;53.015;0;;21.382;0;19.433;0;12.200;0;161.1;1:27:56.504;16:37:58.432;0:21.382;0:19.433;0:12.200;240.7;Joey Hand;;GTLM;;Ford Chip Ganassi Racing;Ford;
66;1;101;52.579;0;;21.621;0;19.057;0;11.901;0;162.4;1:28:49.083;16:38:51.011;0:21.621;0:19.057;0:11.901;236.7;Joey Hand;;GTLM;;Ford Chip Ganassi Racing;Ford;
66;1;102;52.307;0;;21.410;0;18.991;0;11.906;0;163.3;1:29:41.390;16:39:43.318;0:21.410;0:18.991;0:11.906;239.2;Joey Hand;;GTLM;;Ford Chip Ganassi Racing;Ford;
66;1;103;52.453;0;;21.543;0;19.024;0;11.886;0;162.8;1:30:33.843;16:40:35.771;0:21.543;0:19.024;0:11.886;239.2;Joey Hand;;GTLM;;Ford Chip Ganassi Racing;Ford;
66;1;104;52.154;0;;21.438;0;18.880;0;11.836;0;163.7;1:31:25.997;16:41:27.925;0:21.438;0:18.880;0:11.836;240.2;Joey Hand;;GTLM;;Ford Chip Ganassi Racing;Ford;
66;1;105;52.270;0;;21.421;0;18.963;0;11.886;0;163.4;1:32:18.267;16:42:20.195;0:21.421;0:18.963;0:11.886;239.7;Joey Hand;;GTLM;;Ford Chip Ganassi Racing;Ford;
66;1;106;52.504;0;;21.476;0;19.139;0;11.889;0;162.7;1:33:10.771;16:43:12.699;0:21.476;0:19.139;0:11.889;239.7;Joey Hand;;GTLM;;Ford Chip Ganassi Racing;Ford;
66;1;107;52.785;0;;21.657;0;19.197;0;11.931;0;161.8;1:34:03.556;16:44:05.484;0:21.657;0:19.197;0:11.931;239.7;Joey Hand;;GTLM;;Ford Chip Ganassi Racing;Ford;
66;1;108;52.740;0;;21.669;0;19.167;0;11.904;0;161.9;1:34:56.296;16:44:58.224;0:21.669;0:19.167;0:11.904;239.7;Joey Hand;;GTLM;;Ford Chip Ganassi Racing;Ford;
66;1;109;53.049;0;;21.792;0;19.205;0;12.052;0;161.0;1:35:49.345;16:45:51.273;0:21.792;0:19.205;0:12.052;240.7;Joey Hand;;GTLM;;Ford Chip Ganassi Racing;Ford;
66;1;110;53.831;0;;21.910;0;19.855;0;12.066;0;158.6;1:36:43.176;16:46:45.104;0:21.910;0:19.855;0:12.066;238.7;Joey Hand;;GTLM;;Ford Chip Ganassi Racing;Ford;
66;1;111;54.659;0;;22.274;0;19.749;0;12.636;0;156.2;1:37:37.835;16:47:39.763;0:22.274;0:19.749;0:12.636;238.2;Joey Hand;;GTLM;;Ford Chip Ganassi Racing;Ford;
66;1;112;1:35.560;0;B;22.117;0;19.421;0;54.022;0;89.4;1:39:13.395;16:49:15.323;0:22.117;0:19.421;0:54.022;236.2;Joey Hand;;GTLM;;Ford Chip Ganassi Racing;Ford;
66;1;113;1:00.738;0;;29.384;0;19.392;0;11.962;0;140.6;1:40:14.133;16:50:16.061;0:29.384;0:19.392;0:11.962;;Joey Hand;0:00:49.506;GTLM;;Ford Chip Ganassi Racing;Ford;
66;1;114;53.284;0;;21.667;0;19.638;0;11.979;0;160.3;1:41:07.417;16:51:09.345;0:21.667;0:19.638;0:11.979;239.7;Joey Hand;;GTLM;;Ford Chip Ganassi Racing;Ford;
66;1;115;51.306;0;;20.900;0;18.698;0;11.708;0;166.4;1:41:58.723;16:52:00.651;0:20.900;0:18.698;0:11.708;237.7;Joey Hand;;GTLM;;Ford Chip Ganassi Racing;Ford;
66;1;116;51.871;0;;21.236;0;18.896;0;11.739;0;164.6;1:42:50.594;16:52:52.522;0:21.236;0:18.896;0:11.739;239.2;Joey Hand;;GTLM;;Ford Chip Ganassi Racing;Ford;
66;1;117;52.561;0;;21.634;0;19.162;0;11.765;0;162.5;1:43:43.155;16:53:45.083;0:21.634;0:19.162;0:11.765;240.2;Joey Hand;;GTLM;;Ford Chip Ganassi Racing;Ford;
66;1;118;52.143;0;;21.667;0;18.797;0;11.679;0;163.8;1:44:35.298;16:54:37.226;0:21.667;0:18.797;0:11.679;243.4;Joey Hand;;GTLM;;Ford Chip Ganassi Racing;Ford;
66;1;119;51.518;0;;21.006;0;18.845;0;11.667;0;165.8;1:45:26.816;16:55:28.744;0:21.006;0:18.845;0:11.667;241.8;Joey Hand;;GTLM;;Ford Chip Ganassi Racing;Ford;
66;1;120;52.156;0;;20.969;0;19.450;0;11.737;0;163.7;1:46:18.972;16:56:20.900;0:20.969;0:19.450;0:11.737;241.8;Joey Hand;;GTLM;;Ford Chip Ganassi Racing;Ford;
66;1;121;52.229;0;;21.117;0;19.330;0;11.782;0;163.5;1:47:11.201;16:57:13.129;0:21.117;0:19.330;0:11.782;241.8;Joey Hand;;GTLM;;Ford Chip Ganassi Racing;Ford;
66;1;122;51.325;0;;20.936;0;18.747;0;11.642;0;166.4;1:48:02.526;16:58:04.454;0:20.936;0:18.747;0:11.642;241.3;Joey Hand;;GTLM;;Ford Chip Ganassi Racing;Ford;
66;1;123;51.384;0;;21.022;0;18.698;0;11.664;0;166.2;1:48:53.910;16:58:55.838;0:21.022;0:18.698;0:11.664;240.7;Joey Hand;;GTLM;;Ford Chip Ganassi Racing;Ford;
66;1;124;51.078;0;;20.810;0;18.644;0;11.624;0;167.2;1:49:44.988;16:59:46.916;0:20.810;0:18.644;0:11.624;240.7;Joey Hand;;GTLM;;Ford Chip Ganassi Racing;Ford;
66;1;125;51.432;0;;20.903;0;18.811;0;11.718;0;166.0;1:50:36.420;17:00:38.348;0:20.903;0:18.811;0:11.718;242.3;Joey Hand;;GTLM;;Ford Chip Ganassi Racing;Ford;
66;1;126;51.448;0;;20.980;0;18.773;0;11.695;0;166.0;1:51:27.868;17:01:29.796;0:20.980;0:18.773;0:11.695;240.7;Joey Hand;;GTLM;;Ford Chip Ganassi Racing;Ford;
66;1;127;52.043;0;;21.080;0;19.072;0;11.891;0;164.1;1:52:19.911;17:02:21.839;0:21.080;0:19.072;0:11.891;242.3;Joey Hand;;GTLM;;Ford Chip Ganassi Racing;Ford;
66;1;128;52.948;0;;21.569;0;19.500;0;11.879;0;161.3;1:53:12.859;17:03:14.787;0:21.569;0:19.500;0:11.879;241.3;Joey Hand;;GTLM;;Ford Chip Ganassi Racing;Ford;
66;1;129;51.799;0;;21.286;0;18.794;0;11.719;0;164.9;1:54:04.658;17:04:06.586;0:21.286;0:18.794;0:11.719;242.3;Joey Hand;;GTLM;;Ford Chip Ganassi Racing;Ford;
66;1;130;51.647;0;;20.975;0;18.867;0;11.805;0;165.3;1:54:56.305;17:04:58.233;0:20.975;0:18.867;0:11.805;240.7;Joey Hand;;GTLM;;Ford Chip Ganassi Racing;Ford;
66;1;131;51.417;0;;21.053;0;18.653;0;11.711;0;166.1;1:55:47.722;17:05:49.650;0:21.053;0:18.653;0:11.711;241.3;Joey Hand;;GTLM;;Ford Chip Ganassi Racing;Ford;
66;1;132;52.423;0;;21.248;0;19.408;0;11.767;0;162.9;1:56:40.145;17:06:42.073;0:21.248;0:19.408;0:11.767;241.8;Joey Hand;;GTLM;;Ford Chip Ganassi Racing;Ford;
66;1;133;51.893;0;;21.464;0;18.780;0;11.649;0;164.6;1:57:32.038;17:07:33.966;0:21.464;0:18.780;0:11.649;241.8;Joey Hand;;GTLM;;Ford Chip Ganassi Racing;Ford;
66;1;134;51.651;0;;21.031;0;18.812;0;11.808;0;165.3;1:58:23.689;17:08:25.617;0:21.031;0:18.812;0:11.808;242.3;Joey Hand;;GTLM;;Ford Chip Ganassi Racing;Ford;
66;1;135;52.088;0;;21.216;0;18.945;0;11.927;0;163.9;1:59:15.777;17:09:17.705;0:21.216;0:18.945;0:11.927;241.3;Joey Hand;;GTLM;;Ford Chip Ganassi Racing;Ford;
66;1;136;51.793;0;;21.189;0;18.878;0;11.726;0;164.9;2:00:07.570;17:10:09.498;0:21.189;0:18.878;0:11.726;239.7;Joey Hand;;GTLM;;Ford Chip Ganassi Racing;Ford;
66;1;137;51.559;0;;21.083;0;18.766;0;11.710;0;165.6;2:00:59.129;17:11:01.057;0:21.083;0:18.766;0:11.710;241.8;Joey Hand;;GTLM;;Ford Chip Ganassi Racing;Ford;
66;1;138;51.483;0;;21.030;0;18.773;0;11.680;0;165.9;2:01:50.612;17:11:52.540;0:21.030;0:18.773;0:11.680;242.3;Joey Hand;;GTLM;;Ford Chip Ganassi Racing;Ford;
66;1;139;52.609;0;;21.182;0;19.406;0;12.021;0;162.3;2:02:43.221;17:12:45.149;0:21.182;0:19.406;0:12.021;242.3;Joey Hand;;GTLM;;Ford Chip Ganassi Racing;Ford;
66;1;140;51.571;0;;21.263;0;18.647;0;11.661;0;165.6;2:03:34.792;17:13:36.720;0:21.263;0:18.647;0:11.661;241.3;Joey Hand;;GTLM;;Ford Chip Ganassi Racing;Ford;
66;1;141;51.436;0;;21.074;0;18.716;0;11.646;0;166.0;2:04:26.228;17:14:28.156;0:21.074;0:18.716;0:11.646;242.3;Joey Hand;;GTLM;;Ford Chip Ganassi Racing;Ford;
66;1;142;51.590;0;;21.105;0;18.767;0;11.718;0;165.5;2:05:17.818;17:15:19.746;0:21.105;0:18.767;0:11.718;241.8;Joey Hand;;GTLM;;Ford Chip Ganassi Racing;Ford;
66;1;143;51.419;0;;21.103;0;18.706;0;11.610;1;166.1;2:06:09.237;17:16:11.165;0:21.103;0:18.706;0:11.610;240.7;Joey Hand;;GTLM;;Ford Chip Ganassi Racing;Ford;
66;1;144;51.802;0;;21.123;0;18.879;0;11.800;0;164.9;2:07:01.039;17:17:02.967;0:21.123;0:18.879;0:11.800;243.4;Joey Hand;;GTLM;;Ford Chip Ganassi Racing;Ford;
66;1;145;51.541;0;;21.091;0;18.759;0;11.691;0;165.7;2:07:52.580;17:17:54.508;0:21.091;0:18.759;0:11.691;239.7;Joey Hand;;GTLM;;Ford Chip Ganassi Racing;Ford;
66;1;146;51.530;0;;21.007;0;18.808;0;11.715;0;165.7;2:08:44.110;17:18:46.038;0:21.007;0:18.808;0:11.715;241.3;Joey Hand;;GTLM;;Ford Chip Ganassi Racing;Ford;
66;1;147;51.910;0;;21.292;0;18.862;0;11.756;0;164.5;2:09:36.020;17:19:37.948;0:21.292;0:18.862;0:11.756;240.7;Joey Hand;;GTLM;;Ford Chip Ganassi Racing;Ford;
66;1;148;52.403;0;;21.438;0;19.128;0;11.837;0;163.0;2:10:28.423;17:20:30.351;0:21.438;0:19.128;0:11.837;242.8;Joey Hand;;GTLM;;Ford Chip Ganassi Racing;Ford;
66;1;149;52.295;0;;21.574;0;18.929;0;11.792;0;163.3;2:11:20.718;17:21:22.646;0:21.574;0:18.929;0:11.792;241.8;Joey Hand;;GTLM;;Ford Chip Ganassi Racing;Ford;
66;1;150;51.848;0;;21.216;0;18.838;0;11.794;0;164.7;2:12:12.566;17:22:14.494;0:21.216;0:18.838;0:11.794;241.8;Joey Hand;;GTLM;;Ford Chip Ganassi Racing;Ford;
66;1;151;51.975;0;;21.371;0;18.891;0;11.713;0;164.3;2:13:04.541;17:23:06.469;0:21.371;0:18.891;0:11.713;241.3;Joey Hand;;GTLM;;Ford Chip Ganassi Racing;Ford;
66;1;152;51.896;0;;21.304;0;18.833;0;11.759;0;164.6;2:13:56.437;17:23:58.365;0:21.304;0:18.833;0:11.759;242.3;Joey Hand;;GTLM;;Ford Chip Ganassi Racing;Ford;
66;1;153;52.037;0;;21.403;0;18.863;0;11.771;0;164.1;2:14:48.474;17:24:50.402;0:21.403;0:18.863;0:11.771;241.8;Joey Hand;;GTLM;;Ford Chip Ganassi Racing;Ford;
66;1;154;52.013;0;;21.322;0;18.841;0;11.850;0;164.2;2:15:40.487;17:25:42.415;0:21.322;0:18.841;0:11.850;242.3;Joey Hand;;GTLM;;Ford Chip Ganassi Racing;Ford;
66;1;155;52.542;0;;21.575;0;19.152;0;11.815;0;162.5;2:16:33.029;17:26:34.957;0:21.575;0:19.152;0:11.815;241.8;Joey Hand;;GTLM;;Ford Chip Ganassi Racing;Ford;
66;1;156;52.813;0;;21.319;0;19.615;0;11.879;0;161.7;2:17:25.842;17:27:27.770;0:21.319;0:19.615;0:11.879;240.7;Joey Hand;;GTLM;;Ford Chip Ganassi Racing;Ford;
66;1;157;52.430;0;;21.405;0;19.149;0;11.876;0;162.9;2:18:18.272;17:28:20.200;0:21.405;0:19.149;0:11.876;241.3;Joey Hand;;GTLM;;Ford Chip Ganassi Racing;Ford;
66;1;158;54.361;0;;22.062;0;19.579;0;12.720;0;157.1;2:19:12.633;17:29:14.561;0:22.062;0:19.579;0:12.720;244.4;Joey Hand;;GTLM;;Ford Chip Ganassi Racing;Ford;
66;1;159;53.354;0;;21.877;0;19.254;0;12.223;0;160.1;2:20:05.987;17:30:07.915;0:21.877;0:19.254;0:12.223;233.7;Joey Hand;;GTLM;;Ford Chip Ganassi Racing;Ford;
66;1;160;52.443;0;;21.673;0;18.886;0;11.884;0;162.8;2:20:58.430;17:31:00.358;0:21.673;0:18.886;0:11.884;242.3;Joey Hand;;GTLM;;Ford Chip Ganassi Racing;Ford;
66;1;161;52.182;0;;21.520;0;18.839;0;11.823;0;163.7;2:21:50.612;17:31:52.540;0:21.520;0:18.839;0:11.823;241.3;Joey Hand;;GTLM;;Ford Chip Ganassi Racing;Ford;
66;1;162;52.148;0;;21.405;0;18.922;0;11.821;0;163.8;2:22:42.760;17:32:44.688;0:21.405;0:18.922;0:11.821;241.3;Joey Hand;;GTLM;;Ford Chip Ganassi Racing;Ford;
66;1;163;52.115;0;;21.372;0;18.902;0;11.841;0;163.9;2:23:34.875;17:33:36.803;0:21.372;0:18.902;0:11.841;240.2;Joey Hand;;GTLM;;Ford Chip Ganassi Racing;Ford;
66;1;164;53.497;0;;21.685;0;19.760;0;12.052;0;159.6;2:24:28.372;17:34:30.300;0:21.685;0:19.760;0:12.052;241.3;Joey Hand;;GTLM;;Ford Chip Ganassi Racing;Ford;
66;1;165;52.513;0;;21.647;0;19.048;0;11.818;0;162.6;2:25:20.885;17:35:22.813;0:21.647;0:19.048;0:11.818;239.7;Joey Hand;;GTLM;;Ford Chip Ganassi Racing;Ford;
66;1;166;52.353;0;;21.546;0;18.970;0;11.837;0;163.1;2:26:13.238;17:36:15.166;0:21.546;0:18.970;0:11.837;241.8;Joey Hand;;GTLM;;Ford Chip Ganassi Racing;Ford;
66;1;167;52.399;0;;21.430;0;19.047;0;11.922;0;163.0;2:27:05.637;17:37:07.565;0:21.430;0:19.047;0:11.922;241.3;Joey Hand;;GTLM;;Ford Chip Ganassi Racing;Ford;
66;1;168;52.762;0;;21.560;0;19.300;0;11.902;0;161.9;2:27:58.399;17:38:00.327;0:21.560;0:19.300;0:11.902;240.2;Joey Hand;;GTLM;;Ford Chip Ganassi Racing;Ford;
66;1;169;52.593;0;;21.523;0;19.039;0;12.031;0;162.4;2:28:50.992;17:38:52.920;0:21.523;0:19.039;0:12.031;239.7;Joey Hand;;GTLM;;Ford Chip Ganassi Racing;Ford;
66;1;170;53.043;0;;21.701;0;19.236;0;12.106;0;161.0;2:29:44.035;17:39:45.963;0:21.701;0:19.236;0:12.106;240.2;Joey Hand;;GTLM;;Ford Chip Ganassi Racing;Ford;
66;1;171;52.841;0;;21.749;0;19.029;0;12.063;0;161.6;2:30:36.876;17:40:38.804;0:21.749;0:19.029;0:12.063;240.7;Joey Hand;;GTLM;;Ford Chip Ganassi Racing;Ford;
66;1;172;53.417;0;;21.900;0;19.342;0;12.175;0;159.9;2:31:30.293;17:41:32.221;0:21.900;0:19.342;0:12.175;239.7;Joey Hand;;GTLM;;Ford Chip Ganassi Racing;Ford;
66;1;173;53.333;0;;22.094;0;19.152;0;12.087;0;160.1;2:32:23.626;17:42:25.554;0:22.094;0:19.152;0:12.087;237.7;Joey Hand;;GTLM;;Ford Chip Ganassi Racing;Ford;
66;1;174;54.226;0;;21.715;0;20.292;0;12.219;0;157.5;2:33:17.852;17:43:19.780;0:21.715;0:20.292;0:12.219;239.7;Joey Hand;;GTLM;;Ford Chip Ganassi Racing;Ford;
66;1;175;52.972;0;;21.741;0;19.172;0;12.059;0;161.2;2:34:10.824;17:44:12.752;0:21.741;0:19.172;0:12.059;238.2;Joey Hand;;GTLM;;Ford Chip Ganassi Racing;Ford;
66;1;176;53.473;0;;22.043;0;19.273;0;12.157;0;159.7;2:35:04.297;17:45:06.225;0:22.043;0:19.273;0:12.157;239.2;Joey Hand;;GTLM;;Ford Chip Ganassi Racing;Ford;
66;1;177;54.131;0;;22.611;0;19.459;0;12.061;0;157.8;2:35:58.428;17:46:00.356;0:22.611;0:19.459;0:12.061;239.2;Joey Hand;;GTLM;;Ford Chip Ganassi Racing;Ford;
66;1;178;53.099;0;;21.873;0;19.164;0;12.062;0;160.8;2:36:51.527;17:46:53.455;0:21.873;0:19.164;0:12.062;239.2;Joey Hand;;GTLM;;Ford Chip Ganassi Racing;Ford;
66;1;179;52.945;0;;21.695;0;19.207;0;12.043;0;161.3;2:37:44.472;17:47:46.400;0:21.695;0:19.207;0:12.043;238.7;Joey Hand;;GTLM;;Ford Chip Ganassi Racing;Ford;
66;1;180;53.448;0;;21.836;0;19.423;0;12.189;0;159.8;2:38:37.920;17:48:39.848;0:21.836;0:19.423;0:12.189;239.2;Joey Hand;;GTLM;;Ford Chip Ganassi Racing;Ford;
66;1;181;53.424;0;;21.979;0;19.246;0;12.199;0;159.8;2:39:31.344;17:49:33.272;0:21.979;0:19.246;0:12.199;237.7;Joey Hand;;GTLM;;Ford Chip Ganassi Racing;Ford;
66;1;182;53.543;0;;21.998;0;19.294;0;12.251;0;159.5;2:40:24.887;17:50:26.815;0:21.998;0:19.294;0:12.251;236.7;Joey Hand;;GTLM;;Ford Chip Ganassi Racing;Ford;
67;1;1;55.560;0;;24.159;0;19.496;0;11.905;0;153.7;55.560;15:10:57.488;0:24.159;0:19.496;0:11.905;226.1;Ryan Briscoe;;GTLM;;Ford Chip Ganassi Racing;Ford;
67;1;2;52.376;0;;21.353;0;19.206;0;11.817;0;163.0;1:47.936;15:11:49.864;0:21.353;0:19.206;0:11.817;240.7;Ryan Briscoe;;GTLM;;Ford Chip Ganassi Racing;Ford;
67;1;3;51.900;0;;21.056;0;19.119;0;11.725;0;164.5;2:39.836;15:12:41.764;0:21.056;0:19.119;0:11.725;241.3;Ryan Briscoe;;GTLM;;Ford Chip Ganassi Racing;Ford;
67;1;4;51.596;0;;20.935;0;18.932;0;11.729;0;165.5;3:31.432;15:13:33.360;0:20.935;0:18.932;0:11.729;241.3;Ryan Briscoe;;GTLM;;Ford Chip Ganassi Racing;Ford;
67;1;5;51.292;0;;20.898;0;18.736;0;11.658;0;166.5;4:22.724;15:14:24.652;0:20.898;0:18.736;0:11.658;241.3;Ryan Briscoe;;GTLM;;Ford Chip Ganassi Racing;Ford;
67;1;6;51.241;0;;20.858;0;18.725;0;11.658;0;166.7;5:13.965;15:15:15.893;0:20.858;0:18.725;0:11.658;242.3;Ryan Briscoe;;GTLM;;Ford Chip Ganassi Racing;Ford;
67;1;7;51.333;0;;20.878;0;18.766;0;11.689;0;166.4;6:05.298;15:16:07.226;0:20.878;0:18.766;0:11.689;242.3;Ryan Briscoe;;GTLM;;Ford Chip Ganassi Racing;Ford;
67;1;8;51.138;0;;20.762;1;18.658;0;11.718;0;167.0;6:56.436;15:16:58.364;0:20.762;0:18.658;0:11.718;242.3;Ryan Briscoe;;GTLM;;Ford Chip Ganassi Racing;Ford;
67;1;9;51.277;0;;20.844;0;18.738;0;11.695;0;166.5;7:47.713;15:17:49.641;0:20.844;0:18.738;0:11.695;240.7;Ryan Briscoe;;GTLM;;Ford Chip Ganassi Racing;Ford;
67;1;10;51.273;0;;20.897;0;18.694;0;11.682;0;166.6;8:38.986;15:18:40.914;0:20.897;0:18.694;0:11.682;241.3;Ryan Briscoe;;GTLM;;Ford Chip Ganassi Racing;Ford;
67;1;11;51.342;0;;20.874;0;18.773;0;11.695;0;166.3;9:30.328;15:19:32.256;0:20.874;0:18.773;0:11.695;241.3;Ryan Briscoe;;GTLM;;Ford Chip Ganassi Racing;Ford;
67;1;12;51.478;0;;20.945;0;18.814;0;11.719;0;165.9;10:21.806;15:20:23.734;0:20.945;0:18.814;0:11.719;240.7;Ryan Briscoe;;GTLM;;Ford Chip Ganassi Racing;Ford;
67;1;13;51.305;0;;20.849;0;18.731;0;11.725;0;166.5;11:13.111;15:21:15.039;0:20.849;0:18.731;0:11.725;240.7;Ryan Briscoe;;GTLM;;Ford Chip Ganassi Racing;Ford;
67;1;14;51.453;0;;20.977;0;18.795;0;11.681;0;166.0;12:04.564;15:22:06.492;0:20.977;0:18.795;0:11.681;240.7;Ryan Briscoe;;GTLM;;Ford Chip Ganassi Racing;Ford;
67;1;15;51.455;0;;20.988;0;18.760;0;11.707;0;166.0;12:56.019;15:22:57.947;0:20.988;0:18.760;0:11.707;241.3;Ryan Briscoe;;GTLM;;Ford Chip Ganassi Racing;Ford;
67;1;16;51.755;0;;21.087;0;18.870;0;11.798;0;165.0;13:47.774;15:23:49.702;0:21.087;0:18.870;0:11.798;241.3;Ryan Briscoe;;GTLM;;Ford Chip Ganassi Racing;Ford;
67;1;17;51.645;0;;21.114;0;18.824;0;11.707;0;165.4;14:39.419;15:24:41.347;0:21.114;0:18.824;0:11.707;239.7;Ryan Briscoe;;GTLM;;Ford Chip Ganassi Racing;Ford;
67;1;18;51.722;0;;21.143;0;18.802;0;11.777;0;165.1;15:31.141;15:25:33.069;0:21.143;0:18.802;0:11.777;240.2;Ryan Briscoe;;GTLM;;Ford Chip Ganassi Racing;Ford;
67;1;19;51.962;0;;21.142;0;19.021;0;11.799;0;164.3;16:23.103;15:26:25.031;0:21.142;0:19.021;0:11.799;240.2;Ryan Briscoe;;GTLM;;Ford Chip Ganassi Racing;Ford;
67;1;20;51.823;0;;21.196;0;18.816;0;11.811;0;164.8;17:14.926;15:27:16.854;0:21.196;0:18.816;0:11.811;240.2;Ryan Briscoe;;GTLM;;Ford Chip Ganassi Racing;Ford;
67;1;21;51.799;0;;21.111;0;18.886;0;11.802;0;164.9;18:06.725;15:28:08.653;0:21.111;0:18.886;0:11.802;239.2;Ryan Briscoe;;GTLM;;Ford Chip Ganassi Racing;Ford;
67;1;22;52.040;0;;21.164;0;18.992;0;11.884;0;164.1;18:58.765;15:29:00.693;0:21.164;0:18.992;0:11.884;240.7;Ryan Briscoe;;GTLM;;Ford Chip Ganassi Racing;Ford;
67;1;23;54.290;0;;22.273;0;19.632;0;12.385;0;157.3;19:53.055;15:29:54.983;0:22.273;0:19.632;0:12.385;240.7;Ryan Briscoe;;GTLM;;Ford Chip Ganassi Racing;Ford;
67;1;24;53.022;0;;21.514;0;19.548;0;11.960;0;161.1;20:46.077;15:30:48.005;0:21.514;0:19.548;0:11.960;236.2;Ryan Briscoe;;GTLM;;Ford Chip Ganassi Racing;Ford;
67;1;25;52.310;0;;21.270;0;19.106;0;11.934;0;163.3;21:38.387;15:31:40.315;0:21.270;0:19.106;0:11.934;239.7;Ryan Briscoe;;GTLM;;Ford Chip Ganassi Racing;Ford;
67;1;26;51.891;0;;21.297;0;18.851;0;11.743;0;164.6;22:30.278;15:32:32.206;0:21.297;0:18.851;0:11.743;239.2;Ryan Briscoe;;GTLM;;Ford Chip Ganassi Racing;Ford;
67;1;27;52.835;0;;21.185;0;19.374;0;12.276;0;161.6;23:23.113;15:33:25.041;0:21.185;0:19.374;0:12.276;241.3;Ryan Briscoe;;GTLM;;Ford Chip Ganassi Racing;Ford;
67;1;28;52.162;0;;21.394;0;18.951;0;11.817;0;163.7;24:15.275;15:34:17.203;0:21.394;0:18.951;0:11.817;238.2;Ryan Briscoe;;GTLM;;Ford Chip Ganassi Racing;Ford;
67;1;29;52.727;0;;21.320;0;19.161;0;12.246;0;162.0;25:08.002;15:35:09.930;0:21.320;0:19.161;0:12.246;240.7;Ryan Briscoe;;GTLM;;Ford Chip Ganassi Racing;Ford;
67;1;30;52.425;0;;21.498;0;19.051;0;11.876;0;162.9;26:00.427;15:36:02.355;0:21.498;0:19.051;0:11.876;236.7;Ryan Briscoe;;GTLM;;Ford Chip Ganassi Racing;Ford;
67;1;31;53.511;0;;21.578;0;19.522;0;12.411;0;159.6;26:53.938;15:36:55.866;0:21.578;0:19.522;0:12.411;240.2;Ryan Briscoe;;GTLM;;Ford Chip Ganassi Racing;Ford;
67;1;32;53.057;0;;21.382;0;19.524;0;12.151;0;161.0;27:46.995;15:37:48.923;0:21.382;0:19.524;0:12.151;236.2;Ryan Briscoe;;GTLM;;Ford Chip Ganassi Racing;Ford;
67;1;33;52.390;0;;21.414;0;19.081;0;11.895;0;163.0;28:39.385;15:38:41.313;0:21.414;0:19.081;0:11.895;237.2;Ryan Briscoe;;GTLM;;Ford Chip Ganassi Racing;Ford;
67;1;34;52.558;0;;21.549;0;19.113;0;11.896;0;162.5;29:31.943;15:39:33.871;0:21.549;0:19.113;0:11.896;240.2;Ryan Briscoe;;GTLM;;Ford Chip Ganassi Racing;Ford;
67;1;35;52.276;0;;21.403;0;19.025;0;11.848;0;163.4;30:24.219;15:40:26.147;0:21.403;0:19.025;0:11.848;240.7;Ryan Briscoe;;GTLM;;Ford Chip Ganassi Racing;Ford;
67;1;36;52.578;0;;21.443;0;19.111;0;12.024;0;162.4;31:16.797;15:41:18.725;0:21.443;0:19.111;0:12.024;240.7;Ryan Briscoe;;GTLM;;Ford Chip Ganassi Racing;Ford;
67;1;37;53.722;0;;22.217;0;19.323;0;12.182;0;159.0;32:10.519;15:42:12.447;0:22.217;0:19.323;0:12.182;239.7;Ryan Briscoe;;GTLM;;Ford Chip Ganassi Racing;Ford;
67;1;38;52.879;0;;21.676;0;19.187;0;12.016;0;161.5;33:03.398;15:43:05.326;0:21.676;0:19.187;0:12.016;238.2;Ryan Briscoe;;GTLM;;Ford Chip Ganassi Racing;Ford;
67;1;39;52.852;0;;21.562;0;19.174;0;12.116;0;161.6;33:56.250;15:43:58.178;0:21.562;0:19.174;0:12.116;238.7;Ryan Briscoe;;GTLM;;Ford Chip Ganassi Racing;Ford;
67;1;40;52.668;0;;21.598;0;19.044;0;12.026;0;162.1;34:48.918;15:44:50.846;0:21.598;0:19.044;0:12.026;237.7;Ryan Briscoe;;GTLM;;Ford Chip Ganassi Racing;Ford;
67;1;41;1:25.090;0;B;21.587;0;19.092;0;44.411;0;100.4;36:14.008;15:46:15.936;0:21.587;0:19.092;0:44.411;238.2;Ryan Briscoe;;GTLM;;Ford Chip Ganassi Racing;Ford;
67;1;42;1:02.309;0;;29.821;0;20.086;0;12.402;0;137.1;37:16.317;15:47:18.245;0:29.821;0:20.086;0:12.402;;Ryan Briscoe;0:00:39.233;GTLM;;Ford Chip Ganassi Racing;Ford;
67;1;43;53.259;0;;22.070;0;19.264;0;11.925;0;160.3;38:09.576;15:48:11.504;0:22.070;0:19.264;0:11.925;235.2;Ryan Briscoe;;GTLM;;Ford Chip Ganassi Racing;Ford;
67;1;44;51.928;0;;21.196;0;18.968;0;11.764;0;164.5;39:01.504;15:49:03.432;0:21.196;0:18.968;0:11.764;238.2;Ryan Briscoe;;GTLM;;Ford Chip Ganassi Racing;Ford;
67;1;45;52.339;0;;21.651;0;18.995;0;11.693;0;163.2;39:53.843;15:49:55.771;0:21.651;0:18.995;0:11.693;240.2;Ryan Briscoe;;GTLM;;Ford Chip Ganassi Racing;Ford;
67;1;46;51.625;0;;21.038;0;18.809;0;11.778;0;165.4;40:45.468;15:50:47.396;0:21.038;0:18.809;0:11.778;240.2;Ryan Briscoe;;GTLM;;Ford Chip Ganassi Racing;Ford;
67;1;47;51.452;0;;20.937;0;18.786;0;11.729;0;166.0;41:36.920;15:51:38.848;0:20.937;0:18.786;0:11.729;241.8;Ryan Briscoe;;GTLM;;Ford Chip Ganassi Racing;Ford;
67;1;48;51.406;0;;21.149;0;18.636;0;11.621;1;166.1;42:28.326;15:52:30.254;0:21.149;0:18.636;0:11.621;240.7;Ryan Briscoe;;GTLM;;Ford Chip Ganassi Racing;Ford;
67;1;49;51.232;0;;20.896;0;18.636;0;11.700;0;166.7;43:19.558;15:53:21.486;0:20.896;0:18.636;0:11.700;240.7;Ryan Briscoe;;GTLM;;Ford Chip Ganassi Racing;Ford;
67;1;50;51.352;0;;20.919;0;18.728;0;11.705;0;166.3;44:10.910;15:54:12.838;0:20.919;0:18.728;0:11.705;240.7;Ryan Briscoe;;GTLM;;Ford Chip Ganassi Racing;Ford;
67;1;51;51.781;0;;21.042;0;18.922;0;11.817;0;164.9;45:02.691;15:55:04.619;0:21.042;0:18.922;0:11.817;240.7;Ryan Briscoe;;GTLM;;Ford Chip Ganassi Racing;Ford;
67;1;52;52.125;0;;21.058;0;19.099;0;11.968;0;163.8;45:54.816;15:55:56.744;0:21.058;0:19.099;0:11.968;240.7;Ryan Briscoe;;GTLM;;Ford Chip Ganassi Racing;Ford;
67;1;53;53.418;0;;21.620;0;19.079;0;12.719;0;159.9;46:48.234;15:56:50.162;0:21.620;0:19.079;0:12.719;238.7;Ryan Briscoe;;GTLM;;Ford Chip Ganassi Racing;Ford;
67;1;54;51.499;0;;21.097;0;18.738;0;11.664;0;165.8;47:39.733;15:57:41.661;0:21.097;0:18.738;0:11.664;233.7;Ryan Briscoe;;GTLM;;Ford Chip Ganassi Racing;Ford;
67;1;55;52.151;0;;21.043;0;19.351;0;11.757;0;163.8;48:31.884;15:58:33.812;0:21.043;0:19.351;0:11.757;243.4;Ryan Briscoe;;GTLM;;Ford Chip Ganassi Racing;Ford;
67;1;56;51.443;0;;20.951;0;18.744;0;11.748;0;166.0;49:23.327;15:59:25.255;0:20.951;0:18.744;0:11.748;242.3;Ryan Briscoe;;GTLM;;Ford Chip Ganassi Racing;Ford;
67;1;57;51.449;0;;20.873;0;18.782;0;11.794;0;166.0;50:14.776;16:00:16.704;0:20.873;0:18.782;0:11.794;241.3;Ryan Briscoe;;GTLM;;Ford Chip Ganassi Racing;Ford;
67;1;58;52.126;0;;21.182;0;19.103;0;11.841;0;163.8;51:06.902;16:01:08.830;0:21.182;0:19.103;0:11.841;241.3;Ryan Briscoe;;GTLM;;Ford Chip Ganassi Racing;Ford;
67;1;59;51.911;0;;21.096;0;18.874;0;11.941;0;164.5;51:58.813;16:02:00.741;0:21.096;0:18.874;0:11.941;243.4;Ryan Briscoe;;GTLM;;Ford Chip Ganassi Racing;Ford;
67;1;60;51.467;0;;21.061;0;18.722;0;11.684;0;165.9;52:50.280;16:02:52.208;0:21.061;0:18.722;0:11.684;239.2;Ryan Briscoe;;GTLM;;Ford Chip Ganassi Racing;Ford;
67;1;61;51.469;0;;21.112;0;18.659;0;11.698;0;165.9;53:41.749;16:03:43.677;0:21.112;0:18.659;0:11.698;241.8;Ryan Briscoe;;GTLM;;Ford Chip Ganassi Racing;Ford;
67;1;62;51.199;0;;20.926;0;18.612;2;11.661;0;166.8;54:32.948;16:04:34.876;0:20.926;0:18.612;0:11.661;241.8;Ryan Briscoe;;GTLM;;Ford Chip Ganassi Racing;Ford;
67;1;63;52.021;0;;21.410;0;18.950;0;11.661;0;164.2;55:24.969;16:05:26.897;0:21.410;0:18.950;0:11.661;242.8;Ryan Briscoe;;GTLM;;Ford Chip Ganassi Racing;Ford;
67;1;64;51.631;0;;21.050;0;18.728;0;11.853;0;165.4;56:16.600;16:06:18.528;0:21.050;0:18.728;0:11.853;241.8;Ryan Briscoe;;GTLM;;Ford Chip Ganassi Racing;Ford;
67;1;65;52.497;0;;21.389;0;19.277;0;11.831;0;162.7;57:09.097;16:07:11.025;0:21.389;0:19.277;0:11.831;240.2;Ryan Briscoe;;GTLM;;Ford Chip Ganassi Racing;Ford;
67;1;66;51.524;0;;21.068;0;18.676;0;11.780;0;165.7;58:00.621;16:08:02.549;0:21.068;0:18.676;0:11.780;240.2;Ryan Briscoe;;GTLM;;Ford Chip Ganassi Racing;Ford;
67;1;67;51.301;0;;20.976;0;18.681;0;11.644;0;166.5;58:51.922;16:08:53.850;0:20.976;0:18.681;0:11.644;239.7;Ryan Briscoe;;GTLM;;Ford Chip Ganassi Racing;Ford;
67;1;68;51.634;0;;21.050;0;18.822;0;11.762;0;165.4;59:43.556;16:09:45.484;0:21.050;0:18.822;0:11.762;241.3;Ryan Briscoe;;GTLM;;Ford Chip Ganassi Racing;Ford;
67;1;69;51.931;0;;21.217;0;18.911;0;11.803;0;164.4;1:00:35.487;16:10:37.415;0:21.217;0:18.911;0:11.803;240.7;Ryan Briscoe;;GTLM;;Ford Chip Ganassi Racing;Ford;
67;1;70;51.766;0;;21.181;0;18.850;0;11.735;0;165.0;1:01:27.253;16:11:29.181;0:21.181;0:18.850;0:11.735;239.2;Ryan Briscoe;;GTLM;;Ford Chip Ganassi Racing;Ford;
67;1;71;51.978;0;;21.219;0;18.880;0;11.879;0;164.3;1:02:19.231;16:12:21.159;0:21.219;0:18.880;0:11.879;240.7;Ryan Briscoe;;GTLM;;Ford Chip Ganassi Racing;Ford;
67;1;72;52.237;0;;21.640;0;18.825;0;11.772;0;163.5;1:03:11.468;16:13:13.396;0:21.640;0:18.825;0:11.772;238.7;Ryan Briscoe;;GTLM;;Ford Chip Ganassi Racing;Ford;
67;1;73;51.809;0;;21.155;0;18.834;0;11.820;0;164.8;1:04:03.277;16:14:05.205;0:21.155;0:18.834;0:11.820;240.2;Ryan Briscoe;;GTLM;;Ford Chip Ganassi Racing;Ford;
67;1;74;51.964;0;;21.239;0;18.940;0;11.785;0;164.3;1:04:55.241;16:14:57.169;0:21.239;0:18.940;0:11.785;240.7;Ryan Briscoe;;GTLM;;Ford Chip Ganassi Racing;Ford;
67;1;75;51.885;0;;21.212;0;18.875;0;11.798;0;164.6;1:05:47.126;16:15:49.054;0:21.212;0:18.875;0:11.798;240.2;Ryan Briscoe;;GTLM;;Ford Chip Ganassi Racing;Ford;
67;1;76;52.212;0;;21.377;0;18.932;0;11.903;0;163.6;1:06:39.338;16:16:41.266;0:21.377;0:18.932;0:11.903;240.2;Ryan Briscoe;;GTLM;;Ford Chip Ganassi Racing;Ford;
67;1;77;53.500;0;;21.754;0;19.637;0;12.109;0;159.6;1:07:32.838;16:17:34.766;0:21.754;0:19.637;0:12.109;240.7;Ryan Briscoe;;GTLM;;Ford Chip Ganassi Racing;Ford;
67;1;78;52.319;0;;21.535;0;18.982;0;11.802;0;163.2;1:08:25.157;16:18:27.085;0:21.535;0:18.982;0:11.802;237.2;Ryan Briscoe;;GTLM;;Ford Chip Ganassi Racing;Ford;
67;1;79;52.278;0;;21.373;0;18.956;0;11.949;0;163.4;1:09:17.435;16:19:19.363;0:21.373;0:18.956;0:11.949;240.7;Ryan Briscoe;;GTLM;;Ford Chip Ganassi Racing;Ford;
67;1;80;53.107;0;;22.259;0;19.057;0;11.791;0;160.8;1:10:10.542;16:20:12.470;0:22.259;0:19.057;0:11.791;241.3;Ryan Briscoe;;GTLM;;Ford Chip Ganassi Racing;Ford;
67;1;81;51.819;0;;21.264;0;18.743;0;11.812;0;164.8;1:11:02.361;16:21:04.289;0:21.264;0:18.743;0:11.812;241.3;Ryan Briscoe;;GTLM;;Ford Chip Ganassi Racing;Ford;
67;1;82;51.955;0;;21.207;0;18.924;0;11.824;0;164.4;1:11:54.316;16:21:56.244;0:21.207;0:18.924;0:11.824;240.2;Ryan Briscoe;;GTLM;;Ford Chip Ganassi Racing;Ford;
67;1;83;51.787;0;;21.170;0;18.805;0;11.812;0;164.9;1:12:46.103;16:22:48.031;0:21.170;0:18.805;0:11.812;240.7;Ryan Briscoe;;GTLM;;Ford Chip Ganassi Racing;Ford;
67;1;84;51.829;0;;21.190;0;18.893;0;11.746;0;164.8;1:13:37.932;16:23:39.860;0:21.190;0:18.893;0:11.746;240.7;Ryan Briscoe;;GTLM;;Ford Chip Ganassi Racing;Ford;
67;1;85;52.189;0;;21.371;0;18.913;0;11.905;0;163.6;1:14:30.121;16:24:32.049;0:21.371;0:18.913;0:11.905;241.3;Ryan Briscoe;;GTLM;;Ford Chip Ganassi Racing;Ford;
67;1;86;52.026;0;;21.253;0;18.927;0;11.846;0;164.1;1:15:22.147;16:25:24.075;0:21.253;0:18.927;0:11.846;240.2;Ryan Briscoe;;GTLM;;Ford Chip Ganassi Racing;Ford;
67;1;87;51.975;0;;21.292;0;18.909;0;11.774;0;164.3;1:16:14.122;16:26:16.050;0:21.292;0:18.909;0:11.774;240.7;Ryan Briscoe;;GTLM;;Ford Chip Ganassi Racing;Ford;
67;1;88;52.171;0;;21.356;0;18.916;0;11.899;0;163.7;1:17:06.293;16:27:08.221;0:21.356;0:18.916;0:11.899;241.3;Ryan Briscoe;;GTLM;;Ford Chip Ganassi Racing;Ford;
67;1;89;52.717;0;;21.682;0;19.151;0;11.884;0;162.0;1:17:59.010;16:28:00.938;0:21.682;0:19.151;0:11.884;241.8;Ryan Briscoe;;GTLM;;Ford Chip Ganassi Racing;Ford;
67;1;90;52.503;0;;21.548;0;19.032;0;11.923;0;162.7;1:18:51.513;16:28:53.441;0:21.548;0:19.032;0:11.923;240.2;Ryan Briscoe;;GTLM;;Ford Chip Ganassi Racing;Ford;
67;1;91;52.419;0;;21.500;0;18.984;0;11.935;0;162.9;1:19:43.932;16:29:45.860;0:21.500;0:18.984;0:11.935;239.2;Ryan Briscoe;;GTLM;;Ford Chip Ganassi Racing;Ford;
67;1;92;1:26.643;0;B;21.420;0;18.966;0;46.257;0;98.6;1:21:10.575;16:31:12.503;0:21.420;0:18.966;0:46.257;239.2;Ryan Briscoe;;GTLM;;Ford Chip Ganassi Racing;Ford;
67;2;93;1:01.678;0;;30.155;0;19.537;0;11.986;0;138.5;1:22:12.253;16:32:14.181;0:30.155;0:19.537;0:11.986;;Richard Westbrook;0:00:41.512;GTLM;;Ford Chip Ganassi Racing;Ford;
67;2;94;52.170;0;;21.322;0;19.059;0;11.789;0;163.7;1:23:04.423;16:33:06.351;0:21.322;0:19.059;0:11.789;236.2;Richard Westbrook;;GTLM;;Ford Chip Ganassi Racing;Ford;
67;2;95;51.455;0;;20.941;0;18.803;0;11.711;0;166.0;1:23:55.878;16:33:57.806;0:20.941;0:18.803;0:11.711;238.7;Richard Westbrook;;GTLM;;Ford Chip Ganassi Racing;Ford;
67;2;96;51.283;0;;20.924;0;18.741;0;11.618;0;166.5;1:24:47.161;16:34:49.089;0:20.924;0:18.741;0:11.618;240.2;Richard Westbrook;;GTLM;;Ford Chip Ganassi Racing;Ford;
67;2;97;52.511;0;;21.528;0;19.066;0;11.917;0;162.6;1:25:39.672;16:35:41.600;0:21.528;0:19.066;0:11.917;241.3;Richard Westbrook;;GTLM;;Ford Chip Ganassi Racing;Ford;
67;2;98;53.459;0;;22.163;0;19.528;0;11.768;0;159.7;1:26:33.131;16:36:35.059;0:22.163;0:19.528;0:11.768;238.2;Richard Westbrook;;GTLM;;Ford Chip Ganassi Racing;Ford;
67;2;99;51.348;0;;20.815;0;18.965;0;11.568;0;166.3;1:27:24.479;16:37:26.407;0:20.815;0:18.965;0:11.568;239.7;Richard Westbrook;;GTLM;;Ford Chip Ganassi Racing;Ford;
67;2;100;51.076;0;;20.662;3;18.807;0;11.607;0;167.2;1:28:15.555;16:38:17.483;0:20.662;0:18.807;0:11.607;241.8;Richard Westbrook;;GTLM;;Ford Chip Ganassi Racing;Ford;
67;2;101;51.243;0;;20.948;0;18.740;0;11.555;0;166.7;1:29:06.798;16:39:08.726;0:20.948;0:18.740;0:11.555;241.3;Richard Westbrook;;GTLM;;Ford Chip Ganassi Racing;Ford;
67;2;102;51.538;0;;20.760;0;19.105;0;11.673;0;165.7;1:29:58.336;16:40:00.264;0:20.760;0:19.105;0:11.673;241.3;Richard Westbrook;;GTLM;;Ford Chip Ganassi Racing;Ford;
67;2;103;51.038;2;;20.760;0;18.742;0;11.536;2;167.3;1:30:49.374;16:40:51.302;0:20.760;0:18.742;0:11.536;240.7;Richard Westbrook;;GTLM;;Ford Chip Ganassi Racing;Ford;
67;2;104;51.317;0;;20.846;0;18.866;0;11.605;0;166.4;1:31:40.691;16:41:42.619;0:20.846;0:18.866;0:11.605;241.8;Richard Westbrook;;GTLM;;Ford Chip Ganassi Racing;Ford;
67;2;105;51.404;0;;20.937;0;18.853;0;11.614;0;166.1;1:32:32.095;16:42:34.023;0:20.937;0:18.853;0:11.614;241.8;Richard Westbrook;;GTLM;;Ford Chip Ganassi Racing;Ford;
67;2;106;51.297;0;;20.869;0;18.806;0;11.622;0;166.5;1:33:23.392;16:43:25.320;0:20.869;0:18.806;0:11.622;241.3;Richard Westbrook;;GTLM;;Ford Chip Ganassi Racing;Ford;
67;2;107;51.248;0;;20.793;0;18.775;0;11.680;0;166.6;1:34:14.640;16:44:16.568;0:20.793;0:18.775;0:11.680;241.3;Richard Westbrook;;GTLM;;Ford Chip Ganassi Racing;Ford;
67;2;108;51.255;0;;20.881;0;18.715;0;11.659;0;166.6;1:35:05.895;16:45:07.823;0:20.881;0:18.715;0:11.659;241.3;Richard Westbrook;;GTLM;;Ford Chip Ganassi Racing;Ford;
67;2;109;51.628;0;;21.164;0;18.810;0;11.654;0;165.4;1:35:57.523;16:45:59.451;0:21.164;0:18.810;0:11.654;241.3;Richard Westbrook;;GTLM;;Ford Chip Ganassi Racing;Ford;
67;2;110;51.627;0;;21.005;0;18.932;0;11.690;0;165.4;1:36:49.150;16:46:51.078;0:21.005;0:18.932;0:11.690;240.7;Richard Westbrook;;GTLM;;Ford Chip Ganassi Racing;Ford;
67;2;111;51.550;0;;20.970;0;18.857;0;11.723;0;165.7;1:37:40.700;16:47:42.628;0:20.970;0:18.857;0:11.723;241.3;Richard Westbrook;;GTLM;;Ford Chip Ganassi Racing;Ford;
67;2;112;51.509;0;;20.969;0;18.876;0;11.664;0;165.8;1:38:32.209;16:48:34.137;0:20.969;0:18.876;0:11.664;240.2;Richard Westbrook;;GTLM;;Ford Chip Ganassi Racing;Ford;
67;2;113;51.621;0;;20.929;0;18.987;0;11.705;0;165.4;1:39:23.830;16:49:25.758;0:20.929;0:18.987;0:11.705;241.8;Richard Westbrook;;GTLM;;Ford Chip Ganassi Racing;Ford;
67;2;114;52.439;0;;21.373;0;19.212;0;11.854;0;162.9;1:40:16.269;16:50:18.197;0:21.373;0:19.212;0:11.854;241.8;Richard Westbrook;;GTLM;;Ford Chip Ganassi Racing;Ford;
67;2;115;52.807;0;;21.499;0;19.407;0;11.901;0;161.7;1:41:09.076;16:51:11.004;0:21.499;0:19.407;0:11.901;240.2;Richard Westbrook;;GTLM;;Ford Chip Ganassi Racing;Ford;
67;2;116;53.181;0;;22.305;0;19.169;0;11.707;0;160.6;1:42:02.257;16:52:04.185;0:22.305;0:19.169;0:11.707;240.7;Richard Westbrook;;GTLM;;Ford Chip Ganassi Racing;Ford;
67;2;117;51.663;0;;21.085;0;18.906;0;11.672;0;165.3;1:42:53.920;16:52:55.848;0:21.085;0:18.906;0:11.672;240.7;Richard Westbrook;;GTLM;;Ford Chip Ganassi Racing;Ford;
67;2;118;51.700;0;;21.061;0;18.870;0;11.769;0;165.2;1:43:45.620;16:53:47.548;0:21.061;0:18.870;0:11.769;241.3;Richard Westbrook;;GTLM;;Ford Chip Ganassi Racing;Ford;
67;2;119;52.296;0;;21.222;0;19.095;0;11.979;0;163.3;1:44:37.916;16:54:39.844;0:21.222;0:19.095;0:11.979;240.7;Richard Westbrook;;GTLM;;Ford Chip Ganassi Racing;Ford;
67;2;120;51.728;0;;21.270;0;18.808;0;11.650;0;165.1;1:45:29.644;16:55:31.572;0:21.270;0:18.808;0:11.650;239.2;Richard Westbrook;;GTLM;;Ford Chip Ganassi Racing;Ford;
67;2;121;51.469;0;;20.959;0;18.794;0;11.716;0;165.9;1:46:21.113;16:56:23.041;0:20.959;0:18.794;0:11.716;242.3;Richard Westbrook;;GTLM;;Ford Chip Ganassi Racing;Ford;
67;2;122;52.026;0;;21.121;0;19.047;0;11.858;0;164.1;1:47:13.139;16:57:15.067;0:21.121;0:19.047;0:11.858;242.3;Richard Westbrook;;GTLM;;Ford Chip Ganassi Racing;Ford;
67;2;123;53.130;0;;21.915;0;19.364;0;11.851;0;160.7;1:48:06.269;16:58:08.197;0:21.915;0:19.364;0:11.851;240.7;Richard Westbrook;;GTLM;;Ford Chip Ganassi Racing;Ford;
67;2;124;52.119;0;;21.433;0;18.996;0;11.690;0;163.9;1:48:58.388;16:59:00.316;0:21.433;0:18.996;0:11.690;240.2;Richard Westbrook;;GTLM;;Ford Chip Ganassi Racing;Ford;
67;2;125;51.523;0;;21.059;0;18.822;0;11.642;0;165.7;1:49:49.911;16:59:51.839;0:21.059;0:18.822;0:11.642;241.3;Richard Westbrook;;GTLM;;Ford Chip Ganassi Racing;Ford;
67;2;126;51.616;0;;21.011;0;18.835;0;11.770;0;165.4;1:50:41.527;17:00:43.455;0:21.011;0:18.835;0:11.770;241.8;Richard Westbrook;;GTLM;;Ford Chip Ganassi Racing;Ford;
67;2;127;51.639;0;;21.110;0;18.819;0;11.710;0;165.4;1:51:33.166;17:01:35.094;0:21.110;0:18.819;0:11.710;240.2;Richard Westbrook;;GTLM;;Ford Chip Ganassi Racing;Ford;
67;2;128;51.567;0;;21.116;0;18.750;0;11.701;0;165.6;1:52:24.733;17:02:26.661;0:21.116;0:18.750;0:11.701;240.7;Richard Westbrook;;GTLM;;Ford Chip Ganassi Racing;Ford;
67;2;129;51.713;0;;21.166;0;18.828;0;11.719;0;165.1;1:53:16.446;17:03:18.374;0:21.166;0:18.828;0:11.719;241.8;Richard Westbrook;;GTLM;;Ford Chip Ganassi Racing;Ford;
67;2;130;51.753;0;;21.156;0;18.885;0;11.712;0;165.0;1:54:08.199;17:04:10.127;0:21.156;0:18.885;0:11.712;241.8;Richard Westbrook;;GTLM;;Ford Chip Ganassi Racing;Ford;
67;2;131;52.460;0;;21.398;0;19.080;0;11.982;0;162.8;1:55:00.659;17:05:02.587;0:21.398;0:19.080;0:11.982;241.3;Richard Westbrook;;GTLM;;Ford Chip Ganassi Racing;Ford;
67;2;132;53.048;0;;21.674;0;19.292;0;12.082;0;161.0;1:55:53.707;17:05:55.635;0:21.674;0:19.292;0:12.082;238.2;Richard Westbrook;;GTLM;;Ford Chip Ganassi Racing;Ford;
67;2;133;1:28.080;0;B;21.776;0;19.420;0;46.884;0;97.0;1:57:21.787;17:07:23.715;0:21.776;0:19.420;0:46.884;238.2;Richard Westbrook;;GTLM;;Ford Chip Ganassi Racing;Ford;
67;2;134;1:01.296;0;;30.018;0;19.274;0;12.004;0;139.3;1:58:23.083;17:08:25.011;0:30.018;0:19.274;0:12.004;;Richard Westbrook;0:00:42.032;GTLM;;Ford Chip Ganassi Racing;Ford;
67;2;135;52.173;0;;21.347;0;18.948;0;11.878;0;163.7;1:59:15.256;17:09:17.184;0:21.347;0:18.948;0:11.878;237.7;Richard Westbrook;;GTLM;;Ford Chip Ganassi Racing;Ford;
67;2;136;51.572;0;;21.132;0;18.739;0;11.701;0;165.6;2:00:06.828;17:10:08.756;0:21.132;0:18.739;0:11.701;239.2;Richard Westbrook;;GTLM;;Ford Chip Ganassi Racing;Ford;
67;2;137;51.291;0;;20.909;0;18.722;0;11.660;0;166.5;2:00:58.119;17:11:00.047;0:20.909;0:18.722;0:11.660;240.7;Richard Westbrook;;GTLM;;Ford Chip Ganassi Racing;Ford;
67;2;138;51.400;0;;20.890;0;18.809;0;11.701;0;166.1;2:01:49.519;17:11:51.447;0:20.890;0:18.809;0:11.701;240.7;Richard Westbrook;;GTLM;;Ford Chip Ganassi Racing;Ford;
67;2;139;51.868;0;;21.165;0;18.980;0;11.723;0;164.6;2:02:41.387;17:12:43.315;0:21.165;0:18.980;0:11.723;240.7;Richard Westbrook;;GTLM;;Ford Chip Ganassi Racing;Ford;
67;2;140;51.391;0;;21.001;0;18.792;0;11.598;0;166.2;2:03:32.778;17:13:34.706;0:21.001;0:18.792;0:11.598;239.7;Richard Westbrook;;GTLM;;Ford Chip Ganassi Racing;Ford;
67;2;141;51.309;0;;20.970;0;18.747;0;11.592;0;166.4;2:04:24.087;17:14:26.015;0:20.970;0:18.747;0:11.592;241.8;Richard Westbrook;;GTLM;;Ford Chip Ganassi Racing;Ford;
67;2;142;51.652;0;;21.273;0;18.760;0;11.619;0;165.3;2:05:15.739;17:15:17.667;0:21.273;0:18.760;0:11.619;244.4;Richard Westbrook;;GTLM;;Ford Chip Ganassi Racing;Ford;
67;2;143;51.627;0;;21.163;0;18.839;0;11.625;0;165.4;2:06:07.366;17:16:09.294;0:21.163;0:18.839;0:11.625;243.9;Richard Westbrook;;GTLM;;Ford Chip Ganassi Racing;Ford;
67;2;144;51.445;0;;21.054;0;18.779;0;11.612;0;166.0;2:06:58.811;17:17:00.739;0:21.054;0:18.779;0:11.612;241.3;Richard Westbrook;;GTLM;;Ford Chip Ganassi Racing;Ford;
67;2;145;51.602;0;;21.129;0;18.866;0;11.607;0;165.5;2:07:50.413;17:17:52.341;0:21.129;0:18.866;0:11.607;243.4;Richard Westbrook;;GTLM;;Ford Chip Ganassi Racing;Ford;
67;2;146;51.736;0;;21.149;0;18.933;0;11.654;0;165.1;2:08:42.149;17:18:44.077;0:21.149;0:18.933;0:11.654;241.8;Richard Westbrook;;GTLM;;Ford Chip Ganassi Racing;Ford;
67;2;147;53.387;0;;22.046;0;19.210;0;12.131;0;160.0;2:09:35.536;17:19:37.464;0:22.046;0:19.210;0:12.131;241.3;Richard Westbrook;;GTLM;;Ford Chip Ganassi Racing;Ford;
67;2;148;52.321;0;;21.606;0;19.074;0;11.641;0;163.2;2:10:27.857;17:20:29.785;0:21.606;0:19.074;0:11.641;237.2;Richard Westbrook;;GTLM;;Ford Chip Ganassi Racing;Ford;
67;2;149;52.135;0;;21.664;0;18.842;0;11.629;0;163.8;2:11:19.992;17:21:21.920;0:21.664;0:18.842;0:11.629;244.4;Richard Westbrook;;GTLM;;Ford Chip Ganassi Racing;Ford;
67;2;150;51.586;0;;21.120;0;18.879;0;11.587;0;165.5;2:12:11.578;17:22:13.506;0:21.120;0:18.879;0:11.587;241.3;Richard Westbrook;;GTLM;;Ford Chip Ganassi Racing;Ford;
67;2;151;51.644;0;;21.154;0;18.815;0;11.675;0;165.4;2:13:03.222;17:23:05.150;0:21.154;0:18.815;0:11.675;242.3;Richard Westbrook;;GTLM;;Ford Chip Ganassi Racing;Ford;
67;2;152;51.796;0;;21.335;0;18.856;0;11.605;0;164.9;2:13:55.018;17:23:56.946;0:21.335;0:18.856;0:11.605;241.3;Richard Westbrook;;GTLM;;Ford Chip Ganassi Racing;Ford;
67;2;153;52.221;0;;21.625;0;18.930;0;11.666;0;163.5;2:14:47.239;17:24:49.167;0:21.625;0:18.930;0:11.666;243.9;Richard Westbrook;;GTLM;;Ford Chip Ganassi Racing;Ford;
67;2;154;52.202;0;;21.312;0;18.974;0;11.916;0;163.6;2:15:39.441;17:25:41.369;0:21.312;0:18.974;0:11.916;242.3;Richard Westbrook;;GTLM;;Ford Chip Ganassi Racing;Ford;
67;2;155;52.207;0;;21.580;0;18.930;0;11.697;0;163.6;2:16:31.648;17:26:33.576;0:21.580;0:18.930;0:11.697;241.3;Richard Westbrook;;GTLM;;Ford Chip Ganassi Racing;Ford;
67;2;156;53.619;0;;22.444;0;19.461;0;11.714;0;159.3;2:17:25.267;17:27:27.195;0:22.444;0:19.461;0:11.714;243.9;Richard Westbrook;;GTLM;;Ford Chip Ganassi Racing;Ford;
67;2;157;52.241;0;;21.160;0;19.111;0;11.970;0;163.5;2:18:17.508;17:28:19.436;0:21.160;0:19.111;0:11.970;241.3;Richard Westbrook;;GTLM;;Ford Chip Ganassi Racing;Ford;
67;2;158;54.823;0;;21.428;0;20.202;0;13.193;0;155.8;2:19:12.331;17:29:14.259;0:21.428;0:20.202;0:13.193;238.2;Richard Westbrook;;GTLM;;Ford Chip Ganassi Racing;Ford;
67;2;159;52.566;0;;21.698;0;19.163;0;11.705;0;162.5;2:20:04.897;17:30:06.825;0:21.698;0:19.163;0:11.705;231.3;Richard Westbrook;;GTLM;;Ford Chip Ganassi Racing;Ford;
67;2;160;51.335;0;;21.039;0;18.683;1;11.613;0;166.4;2:20:56.232;17:30:58.160;0:21.039;0:18.683;0:11.613;241.8;Richard Westbrook;;GTLM;;Ford Chip Ganassi Racing;Ford;
67;2;161;51.425;0;;21.001;0;18.753;0;11.671;0;166.1;2:21:47.657;17:31:49.585;0:21.001;0:18.753;0:11.671;242.8;Richard Westbrook;;GTLM;;Ford Chip Ganassi Racing;Ford;
67;2;162;51.407;0;;21.029;0;18.782;0;11.596;0;166.1;2:22:39.064;17:32:40.992;0:21.029;0:18.782;0:11.596;241.8;Richard Westbrook;;GTLM;;Ford Chip Ganassi Racing;Ford;
67;2;163;51.447;0;;21.056;0;18.714;0;11.677;0;166.0;2:23:30.511;17:33:32.439;0:21.056;0:18.714;0:11.677;243.4;Richard Westbrook;;GTLM;;Ford Chip Ganassi Racing;Ford;
67;2;164;51.870;0;;21.052;0;19.110;0;11.708;0;164.6;2:24:22.381;17:34:24.309;0:21.052;0:19.110;0:11.708;242.3;Richard Westbrook;;GTLM;;Ford Chip Ganassi Racing;Ford;
67;2;165;51.868;0;;21.210;0;18.918;0;11.740;0;164.6;2:25:14.249;17:35:16.177;0:21.210;0:18.918;0:11.740;241.3;Richard Westbrook;;GTLM;;Ford Chip Ganassi Racing;Ford;
67;2;166;53.611;0;;21.991;0;19.553;0;12.067;0;159.3;2:26:07.860;17:36:09.788;0:21.991;0:19.553;0:12.067;241.8;Richard Westbrook;;GTLM;;Ford Chip Ganassi Racing;Ford;
67;2;167;53.050;0;;22.115;0;18.997;0;11.938;0;161.0;2:27:00.910;17:37:02.838;0:22.115;0:18.997;0:11.938;239.7;Richard Westbrook;;GTLM;;Ford Chip Ganassi Racing;Ford;
67;2;168;51.835;0;;21.267;0;18.835;0;11.733;0;164.7;2:27:52.745;17:37:54.673;0:21.267;0:18.835;0:11.733;239.2;Richard Westbrook;;GTLM;;Ford Chip Ganassi Racing;Ford;
67;2;169;52.636;0;;21.279;0;19.129;0;12.228;0;162.2;2:28:45.381;17:38:47.309;0:21.279;0:19.129;0:12.228;241.3;Richard Westbrook;;GTLM;;Ford Chip Ganassi Racing;Ford;
67;2;170;52.244;0;;21.426;0;18.850;0;11.968;0;163.5;2:29:37.625;17:39:39.553;0:21.426;0:18.850;0:11.968;238.7;Richard Westbrook;;GTLM;;Ford Chip Ganassi Racing;Ford;
67;2;171;52.742;0;;21.719;0;19.126;0;11.897;0;161.9;2:30:30.367;17:40:32.295;0:21.719;0:19.126;0:11.897;239.7;Richard Westbrook;;GTLM;;Ford Chip Ganassi Racing;Ford;
67;2;172;53.052;0;;22.078;0;19.036;0;11.938;0;161.0;2:31:23.419;17:41:25.347;0:22.078;0:19.036;0:11.938;239.2;Richard Westbrook;;GTLM;;Ford Chip Ganassi Racing;Ford;
67;2;173;53.054;0;;21.886;0;19.219;0;11.949;0;161.0;2:32:16.473;17:42:18.401;0:21.886;0:19.219;0:11.949;240.2;Richard Westbrook;;GTLM;;Ford Chip Ganassi Racing;Ford;
67;2;174;54.239;0;;22.185;0;19.917;0;12.137;0;157.4;2:33:10.712;17:43:12.640;0:22.185;0:19.917;0:12.137;239.7;Richard Westbrook;;GTLM;;Ford Chip Ganassi Racing;Ford;
67;2;175;53.744;0;;21.645;0;19.758;0;12.341;0;158.9;2:34:04.456;17:44:06.384;0:21.645;0:19.758;0:12.341;238.7;Richard Westbrook;;GTLM;;Ford Chip Ganassi Racing;Ford;
67;2;176;52.724;0;;21.508;0;19.264;0;11.952;0;162.0;2:34:57.180;17:44:59.108;0:21.508;0:19.264;0:11.952;238.7;Richard Westbrook;;GTLM;;Ford Chip Ganassi Racing;Ford;
67;2;177;52.782;0;;21.484;0;19.275;0;12.023;0;161.8;2:35:49.962;17:45:51.890;0:21.484;0:19.275;0:12.023;240.2;Richard Westbrook;;GTLM;;Ford Chip Ganassi Racing;Ford;
67;2;178;52.818;0;;21.546;0;19.274;0;11.998;0;161.7;2:36:42.780;17:46:44.708;0:21.546;0:19.274;0:11.998;238.7;Richard Westbrook;;GTLM;;Ford Chip Ganassi Racing;Ford;
67;2;179;53.342;0;;21.553;0;19.349;0;12.440;0;160.1;2:37:36.122;17:47:38.050;0:21.553;0:19.349;0:12.440;239.7;Richard Westbrook;;GTLM;;Ford Chip Ganassi Racing;Ford;
67;2;180;54.682;0;;22.472;0;20.024;0;12.186;0;156.2;2:38:30.804;17:48:32.732;0:22.472;0:20.024;0:12.186;236.2;Richard Westbrook;;GTLM;;Ford Chip Ganassi Racing;Ford;
67;2;181;53.302;0;;21.809;0;19.409;0;12.084;0;160.2;2:39:24.106;17:49:26.034;0:21.809;0:19.409;0:12.084;237.7;Richard Westbrook;;GTLM;;Ford Chip Ganassi Racing;Ford;
67;2;182;53.255;0;;21.788;0;19.340;0;12.127;0;160.4;2:40:17.361;17:50:19.289;0:21.788;0:19.340;0:12.127;237.7;Richard Westbrook;;GTLM;;Ford Chip Ganassi Racing;Ford;
73;2;1;59.644;0;;26.820;0;20.597;0;12.227;0;143.2;59.644;15:11:01.572;0:26.820;0:20.597;0:12.227;225.2;Marco Seefried;;GTD;;Park Place Motorsports;Porsche;
73;2;2;53.974;0;;22.261;0;19.637;0;12.076;0;158.2;1:53.618;15:11:55.546;0:22.261;0:19.637;0:12.076;236.2;Marco Seefried;;GTD;;Park Place Motorsports;Porsche;
73;2;3;53.425;0;;21.956;0;19.469;0;12.000;0;159.8;2:47.043;15:12:48.971;0:21.956;0:19.469;0:12.000;237.7;Marco Seefried;;GTD;;Park Place Motorsports;Porsche;
73;2;4;53.164;0;;21.865;0;19.349;0;11.950;0;160.6;3:40.207;15:13:42.135;0:21.865;0:19.349;0:11.950;237.7;Marco Seefried;;GTD;;Park Place Motorsports;Porsche;
73;2;5;53.044;0;;21.768;0;19.341;0;11.935;2;161.0;4:33.251;15:14:35.179;0:21.768;0:19.341;0:11.935;238.7;Marco Seefried;;GTD;;Park Place Motorsports;Porsche;
73;2;6;53.155;0;;21.703;0;19.342;0;12.110;0;160.7;5:26.406;15:15:28.334;0:21.703;0:19.342;0:12.110;238.2;Marco Seefried;;GTD;;Park Place Motorsports;Porsche;
73;2;7;52.961;0;;21.709;0;19.293;0;11.959;0;161.2;6:19.367;15:16:21.295;0:21.709;0:19.293;0:11.959;236.2;Marco Seefried;;GTD;;Park Place Motorsports;Porsche;
73;2;8;53.065;0;;21.661;0;19.405;0;11.999;0;160.9;7:12.432;15:17:14.360;0:21.661;0:19.405;0:11.999;237.7;Marco Seefried;;GTD;;Park Place Motorsports;Porsche;
73;2;9;52.803;0;;21.612;0;19.189;1;12.002;0;161.7;8:05.235;15:18:07.163;0:21.612;0:19.189;0:12.002;237.7;Marco Seefried;;GTD;;Park Place Motorsports;Porsche;
73;2;10;52.953;0;;21.627;0;19.304;0;12.022;0;161.3;8:58.188;15:19:00.116;0:21.627;0:19.304;0:12.022;236.7;Marco Seefried;;GTD;;Park Place Motorsports;Porsche;
73;2;11;53.282;0;;21.884;0;19.335;0;12.063;0;160.3;9:51.470;15:19:53.398;0:21.884;0:19.335;0:12.063;237.2;Marco Seefried;;GTD;;Park Place Motorsports;Porsche;
73;2;12;53.103;0;;21.727;0;19.286;0;12.090;0;160.8;10:44.573;15:20:46.501;0:21.727;0:19.286;0:12.090;236.2;Marco Seefried;;GTD;;Park Place Motorsports;Porsche;
73;2;13;53.277;0;;21.866;0;19.340;0;12.071;0;160.3;11:37.850;15:21:39.778;0:21.866;0:19.340;0:12.071;236.7;Marco Seefried;;GTD;;Park Place Motorsports;Porsche;
73;2;14;53.343;0;;21.888;0;19.329;0;12.126;0;160.1;12:31.193;15:22:33.121;0:21.888;0:19.329;0:12.126;236.7;Marco Seefried;;GTD;;Park Place Motorsports;Porsche;
73;2;15;53.452;0;;21.859;0;19.473;0;12.120;0;159.8;13:24.645;15:23:26.573;0:21.859;0:19.473;0:12.120;234.7;Marco Seefried;;GTD;;Park Place Motorsports;Porsche;
73;2;16;53.554;0;;22.017;0;19.405;0;12.132;0;159.5;14:18.199;15:24:20.127;0:22.017;0:19.405;0:12.132;236.2;Marco Seefried;;GTD;;Park Place Motorsports;Porsche;
73;2;17;53.631;0;;22.093;0;19.437;0;12.101;0;159.2;15:11.830;15:25:13.758;0:22.093;0:19.437;0:12.101;235.7;Marco Seefried;;GTD;;Park Place Motorsports;Porsche;
73;2;18;53.594;0;;22.005;0;19.479;0;12.110;0;159.3;16:05.424;15:26:07.352;0:22.005;0:19.479;0:12.110;235.7;Marco Seefried;;GTD;;Park Place Motorsports;Porsche;
73;2;19;53.711;0;;21.980;0;19.541;0;12.190;0;159.0;16:59.135;15:27:01.063;0:21.980;0:19.541;0:12.190;234.7;Marco Seefried;;GTD;;Park Place Motorsports;Porsche;
73;2;20;53.521;0;;21.919;0;19.516;0;12.086;0;159.6;17:52.656;15:27:54.584;0:21.919;0:19.516;0:12.086;235.2;Marco Seefried;;GTD;;Park Place Motorsports;Porsche;
73;2;21;53.544;0;;21.985;0;19.453;0;12.106;0;159.5;18:46.200;15:28:48.128;0:21.985;0:19.453;0:12.106;236.7;Marco Seefried;;GTD;;Park Place Motorsports;Porsche;
73;2;22;53.889;0;;22.138;0;19.596;0;12.155;0;158.5;19:40.089;15:29:42.017;0:22.138;0:19.596;0:12.155;235.7;Marco Seefried;;GTD;;Park Place Motorsports;Porsche;
73;2;23;54.060;0;;22.214;0;19.631;0;12.215;0;158.0;20:34.149;15:30:36.077;0:22.214;0:19.631;0:12.215;234.7;Marco Seefried;;GTD;;Park Place Motorsports;Porsche;
73;2;24;53.530;0;;21.934;0;19.463;0;12.133;0;159.5;21:27.679;15:31:29.607;0:21.934;0:19.463;0:12.133;234.2;Marco Seefried;;GTD;;Park Place Motorsports;Porsche;
73;2;25;53.628;0;;21.978;0;19.548;0;12.102;0;159.2;22:21.307;15:32:23.235;0:21.978;0:19.548;0:12.102;235.2;Marco Seefried;;GTD;;Park Place Motorsports;Porsche;
73;2;26;54.004;0;;22.188;0;19.660;0;12.156;0;158.1;23:15.311;15:33:17.239;0:22.188;0:19.660;0:12.156;235.2;Marco Seefried;;GTD;;Park Place Motorsports;Porsche;
73;2;27;54.515;0;;22.357;0;19.904;0;12.254;0;156.7;24:09.826;15:34:11.754;0:22.357;0:19.904;0:12.254;236.2;Marco Seefried;;GTD;;Park Place Motorsports;Porsche;
73;2;28;53.919;0;;22.246;0;19.534;0;12.139;0;158.4;25:03.745;15:35:05.673;0:22.246;0:19.534;0:12.139;235.7;Marco Seefried;;GTD;;Park Place Motorsports;Porsche;
73;2;29;54.253;0;;22.069;0;19.974;0;12.210;0;157.4;25:57.998;15:35:59.926;0:22.069;0:19.974;0:12.210;235.7;Marco Seefried;;GTD;;Park Place Motorsports;Porsche;
73;2;30;56.181;0;;22.643;0;20.780;0;12.758;0;152.0;26:54.179;15:36:56.107;0:22.643;0:20.780;0:12.758;234.2;Marco Seefried;;GTD;;Park Place Motorsports;Porsche;
73;2;31;54.273;0;;22.420;0;19.647;0;12.206;0;157.3;27:48.452;15:37:50.380;0:22.420;0:19.647;0:12.206;235.2;Marco Seefried;;GTD;;Park Place Motorsports;Porsche;
73;2;32;54.264;0;;22.158;0;19.829;0;12.277;0;157.4;28:42.716;15:38:44.644;0:22.158;0:19.829;0:12.277;235.2;Marco Seefried;;GTD;;Park Place Motorsports;Porsche;
73;2;33;53.854;0;;22.028;0;19.640;0;12.186;0;158.6;29:36.570;15:39:38.498;0:22.028;0:19.640;0:12.186;235.7;Marco Seefried;;GTD;;Park Place Motorsports;Porsche;
73;2;34;53.828;0;;22.147;0;19.576;0;12.105;0;158.6;30:30.398;15:40:32.326;0:22.147;0:19.576;0:12.105;235.2;Marco Seefried;;GTD;;Park Place Motorsports;Porsche;
73;2;35;54.275;0;;22.318;0;19.710;0;12.247;0;157.3;31:24.673;15:41:26.601;0:22.318;0:19.710;0:12.247;235.7;Marco Seefried;;GTD;;Park Place Motorsports;Porsche;
73;2;36;1:37.624;0;B;22.112;0;21.019;0;54.493;0;87.5;33:02.297;15:43:04.225;0:22.112;0:21.019;0:54.493;235.7;Marco Seefried;;GTD;;Park Place Motorsports;Porsche;
73;2;37;1:01.662;0;;29.547;0;19.716;0;12.399;0;138.5;34:03.959;15:44:05.887;0:29.547;0:19.716;0:12.399;;Marco Seefried;0:00:48.846;GTD;;Park Place Motorsports;Porsche;
73;2;38;52.986;0;;21.658;0;19.335;0;11.993;0;161.2;34:56.945;15:44:58.873;0:21.658;0:19.335;0:11.993;231.3;Marco Seefried;;GTD;;Park Place Motorsports;Porsche;
73;2;39;52.829;0;;21.532;0;19.240;0;12.057;0;161.6;35:49.774;15:45:51.702;0:21.532;0:19.240;0:12.057;233.7;Marco Seefried;;GTD;;Park Place Motorsports;Porsche;
73;2;40;52.616;0;;21.413;1;19.256;0;11.947;0;162.3;36:42.390;15:46:44.318;0:21.413;0:19.256;0:11.947;233.7;Marco Seefried;;GTD;;Park Place Motorsports;Porsche;
73;2;41;53.770;0;;21.626;0;19.852;0;12.292;0;158.8;37:36.160;15:47:38.088;0:21.626;0:19.852;0:12.292;236.2;Marco Seefried;;GTD;;Park Place Motorsports;Porsche;
73;2;42;53.415;0;;22.047;0;19.298;0;12.070;0;159.9;38:29.575;15:48:31.503;0:22.047;0:19.298;0:12.070;234.2;Marco Seefried;;GTD;;Park Place Motorsports;Porsche;
73;2;43;54.974;0;;22.163;0;20.667;0;12.144;0;155.3;39:24.549;15:49:26.477;0:22.163;0:20.667;0:12.144;235.7;Marco Seefried;;GTD;;Park Place Motorsports;Porsche;
73;2;44;52.658;0;;21.475;0;19.220;0;11.963;0;162.2;40:17.207;15:50:19.135;0:21.475;0:19.220;0:11.963;234.7;Marco Seefried;;GTD;;Park Place Motorsports;Porsche;
73;2;45;52.718;0;;21.481;0;19.300;0;11.937;0;162.0;41:09.925;15:51:11.853;0:21.481;0:19.300;0:11.937;235.7;Marco Seefried;;GTD;;Park Place Motorsports;Porsche;
73;2;46;53.532;0;;21.762;0;19.597;0;12.173;0;159.5;42:03.457;15:52:05.385;0:21.762;0:19.597;0:12.173;236.2;Marco Seefried;;GTD;;Park Place Motorsports;Porsche;
73;2;47;54.338;0;;22.366;0;19.770;0;12.202;0;157.2;42:57.795;15:52:59.723;0:22.366;0:19.770;0:12.202;235.2;Marco Seefried;;GTD;;Park Place Motorsports;Porsche;
73;2;48;53.261;0;;21.777;0;19.465;0;12.019;0;160.3;43:51.056;15:53:52.984;0:21.777;0:19.465;0:12.019;236.7;Marco Seefried;;GTD;;Park Place Motorsports;Porsche;
73;2;49;53.523;0;;21.694;0;19.791;0;12.038;0;159.6;44:44.579;15:54:46.507;0:21.694;0:19.791;0:12.038;236.2;Marco Seefried;;GTD;;Park Place Motorsports;Porsche;
73;2;50;52.893;0;;21.663;0;19.251;0;11.979;0;161.5;45:37.472;15:55:39.400;0:21.663;0:19.251;0:11.979;236.2;Marco Seefried;;GTD;;Park Place Motorsports;Porsche;
73;2;51;52.749;0;;21.589;0;19.203;0;11.957;0;161.9;46:30.221;15:56:32.149;0:21.589;0:19.203;0:11.957;236.2;Marco Seefried;;GTD;;Park Place Motorsports;Porsche;
73;2;52;53.046;0;;21.825;0;19.271;0;11.950;0;161.0;47:23.267;15:57:25.195;0:21.825;0:19.271;0:11.950;236.7;Marco Seefried;;GTD;;Park Place Motorsports;Porsche;
73;2;53;53.209;0;;21.737;0;19.524;0;11.948;0;160.5;48:16.476;15:58:18.404;0:21.737;0:19.524;0:11.948;237.7;Marco Seefried;;GTD;;Park Place Motorsports;Porsche;
73;2;54;53.028;0;;21.766;0;19.243;0;12.019;0;161.0;49:09.504;15:59:11.432;0:21.766;0:19.243;0:12.019;237.2;Marco Seefried;;GTD;;Park Place Motorsports;Porsche;
73;2;55;52.891;0;;21.631;0;19.254;0;12.006;0;161.5;50:02.395;16:00:04.323;0:21.631;0:19.254;0:12.006;236.2;Marco Seefried;;GTD;;Park Place Motorsports;Porsche;
73;2;56;53.140;0;;21.722;0;19.384;0;12.034;0;160.7;50:55.535;16:00:57.463;0:21.722;0:19.384;0:12.034;236.2;Marco Seefried;;GTD;;Park Place Motorsports;Porsche;
73;2;57;54.827;0;;22.961;0;19.612;0;12.254;0;155.8;51:50.362;16:01:52.290;0:22.961;0:19.612;0:12.254;235.7;Marco Seefried;;GTD;;Park Place Motorsports;Porsche;
73;2;58;54.255;0;;22.015;0;19.929;0;12.311;0;157.4;52:44.617;16:02:46.545;0:22.015;0:19.929;0:12.311;234.7;Marco Seefried;;GTD;;Park Place Motorsports;Porsche;
73;2;59;53.456;0;;21.923;0;19.444;0;12.089;0;159.8;53:38.073;16:03:40.001;0:21.923;0:19.444;0:12.089;235.7;Marco Seefried;;GTD;;Park Place Motorsports;Porsche;
73;2;60;53.400;0;;21.912;0;19.479;0;12.009;0;159.9;54:31.473;16:04:33.401;0:21.912;0:19.479;0:12.009;235.7;Marco Seefried;;GTD;;Park Place Motorsports;Porsche;
73;2;61;54.856;0;;22.810;0;19.991;0;12.055;0;155.7;55:26.329;16:05:28.257;0:22.810;0:19.991;0:12.055;236.7;Marco Seefried;;GTD;;Park Place Motorsports;Porsche;
73;2;62;53.278;0;;21.797;0;19.388;0;12.093;0;160.3;56:19.607;16:06:21.535;0:21.797;0:19.388;0:12.093;236.2;Marco Seefried;;GTD;;Park Place Motorsports;Porsche;
73;2;63;53.112;0;;21.773;0;19.305;0;12.034;0;160.8;57:12.719;16:07:14.647;0:21.773;0:19.305;0:12.034;234.7;Marco Seefried;;GTD;;Park Place Motorsports;Porsche;
73;2;64;53.226;0;;21.872;0;19.316;0;12.038;0;160.4;58:05.945;16:08:07.873;0:21.872;0:19.316;0:12.038;235.2;Marco Seefried;;GTD;;Park Place Motorsports;Porsche;
73;2;65;53.072;0;;21.771;0;19.232;0;12.069;0;160.9;58:59.017;16:09:00.945;0:21.771;0:19.232;0:12.069;235.7;Marco Seefried;;GTD;;Park Place Motorsports;Porsche;
73;2;66;53.327;0;;21.807;0;19.468;0;12.052;0;160.1;59:52.344;16:09:54.272;0:21.807;0:19.468;0:12.052;235.2;Marco Seefried;;GTD;;Park Place Motorsports;Porsche;
73;2;67;53.188;0;;21.905;0;19.253;0;12.030;0;160.6;1:00:45.532;16:10:47.460;0:21.905;0:19.253;0:12.030;235.2;Marco Seefried;;GTD;;Park Place Motorsports;Porsche;
73;2;68;53.006;0;;21.686;0;19.312;0;12.008;0;161.1;1:01:38.538;16:11:40.466;0:21.686;0:19.312;0:12.008;234.7;Marco Seefried;;GTD;;Park Place Motorsports;Porsche;
73;2;69;53.574;0;;22.110;0;19.369;0;12.095;0;159.4;1:02:32.112;16:12:34.040;0:22.110;0:19.369;0:12.095;235.2;Marco Seefried;;GTD;;Park Place Motorsports;Porsche;
73;2;70;53.357;0;;21.916;0;19.373;0;12.068;0;160.1;1:03:25.469;16:13:27.397;0:21.916;0:19.373;0:12.068;235.7;Marco Seefried;;GTD;;Park Place Motorsports;Porsche;
73;2;71;53.811;0;;22.034;0;19.700;0;12.077;0;158.7;1:04:19.280;16:14:21.208;0:22.034;0:19.700;0:12.077;234.7;Marco Seefried;;GTD;;Park Place Motorsports;Porsche;
73;2;72;53.417;0;;21.806;0;19.549;0;12.062;0;159.9;1:05:12.697;16:15:14.625;0:21.806;0:19.549;0:12.062;234.2;Marco Seefried;;GTD;;Park Place Motorsports;Porsche;
73;2;73;56.521;0;;22.153;0;19.994;0;14.374;0;151.1;1:06:09.218;16:16:11.146;0:22.153;0:19.994;0:14.374;235.7;Marco Seefried;;GTD;;Park Place Motorsports;Porsche;
73;2;74;54.831;0;;23.055;0;19.627;0;12.149;0;155.7;1:07:04.049;16:17:05.977;0:23.055;0:19.627;0:12.149;218.6;Marco Seefried;;GTD;;Park Place Motorsports;Porsche;
73;2;75;53.858;0;;22.293;0;19.466;0;12.099;0;158.6;1:07:57.907;16:17:59.835;0:22.293;0:19.466;0:12.099;235.7;Marco Seefried;;GTD;;Park Place Motorsports;Porsche;
73;2;76;53.648;0;;22.010;0;19.603;0;12.035;0;159.2;1:08:51.555;16:18:53.483;0:22.010;0:19.603;0:12.035;236.2;Marco Seefried;;GTD;;Park Place Motorsports;Porsche;
73;2;77;53.426;0;;21.930;0;19.386;0;12.110;0;159.8;1:09:44.981;16:19:46.909;0:21.930;0:19.386;0:12.110;235.7;Marco Seefried;;GTD;;Park Place Motorsports;Porsche;
73;2;78;53.577;0;;22.039;0;19.467;0;12.071;0;159.4;1:10:38.558;16:20:40.486;0:22.039;0:19.467;0:12.071;236.2;Marco Seefried;;GTD;;Park Place Motorsports;Porsche;
73;2;79;53.501;0;;21.944;0;19.478;0;12.079;0;159.6;1:11:32.059;16:21:33.987;0:21.944;0:19.478;0:12.079;236.7;Marco Seefried;;GTD;;Park Place Motorsports;Porsche;
73;2;80;53.534;0;;22.009;0;19.485;0;12.040;0;159.5;1:12:25.593;16:22:27.521;0:22.009;0:19.485;0:12.040;236.2;Marco Seefried;;GTD;;Park Place Motorsports;Porsche;
73;2;81;53.400;0;;21.984;0;19.411;0;12.005;0;159.9;1:13:18.993;16:23:20.921;0:21.984;0:19.411;0:12.005;236.2;Marco Seefried;;GTD;;Park Place Motorsports;Porsche;
73;2;82;53.427;0;;21.933;0;19.438;0;12.056;0;159.8;1:14:12.420;16:24:14.348;0:21.933;0:19.438;0:12.056;236.7;Marco Seefried;;GTD;;Park Place Motorsports;Porsche;
73;2;83;53.496;0;;21.959;0;19.435;0;12.102;0;159.6;1:15:05.916;16:25:07.844;0:21.959;0:19.435;0:12.102;236.2;Marco Seefried;;GTD;;Park Place Motorsports;Porsche;
73;2;84;53.588;0;;22.053;0;19.437;0;12.098;0;159.4;1:15:59.504;16:26:01.432;0:22.053;0:19.437;0:12.098;235.2;Marco Seefried;;GTD;;Park Place Motorsports;Porsche;
73;2;85;53.759;0;;22.172;0;19.538;0;12.049;0;158.9;1:16:53.263;16:26:55.191;0:22.172;0:19.538;0:12.049;235.7;Marco Seefried;;GTD;;Park Place Motorsports;Porsche;
73;2;86;53.738;0;;22.105;0;19.495;0;12.138;0;158.9;1:17:47.001;16:27:48.929;0:22.105;0:19.495;0:12.138;236.2;Marco Seefried;;GTD;;Park Place Motorsports;Porsche;
73;2;87;53.466;0;;22.061;0;19.335;0;12.070;0;159.7;1:18:40.467;16:28:42.395;0:22.061;0:19.335;0:12.070;235.2;Marco Seefried;;GTD;;Park Place Motorsports;Porsche;
73;2;88;53.333;0;;21.965;0;19.291;0;12.077;0;160.1;1:19:33.800;16:29:35.728;0:21.965;0:19.291;0:12.077;235.7;Marco Seefried;;GTD;;Park Place Motorsports;Porsche;
73;2;89;53.392;0;;21.906;0;19.287;0;12.199;0;159.9;1:20:27.192;16:30:29.120;0:21.906;0:19.287;0:12.199;235.2;Marco Seefried;;GTD;;Park Place Motorsports;Porsche;
73;2;90;53.435;0;;21.907;0;19.360;0;12.168;0;159.8;1:21:20.627;16:31:22.555;0:21.907;0:19.360;0:12.168;234.2;Marco Seefried;;GTD;;Park Place Motorsports;Porsche;
73;2;91;54.141;0;;22.051;0;19.928;0;12.162;0;157.7;1:22:14.768;16:32:16.696;0:22.051;0:19.928;0:12.162;234.7;Marco Seefried;;GTD;;Park Place Motorsports;Porsche;
73;2;92;53.784;0;;22.077;0;19.580;0;12.127;0;158.8;1:23:08.552;16:33:10.480;0:22.077;0:19.580;0:12.127;235.2;Marco Seefried;;GTD;;Park Place Motorsports;Porsche;
73;2;93;53.545;0;;22.050;0;19.384;0;12.111;0;159.5;1:24:02.097;16:34:04.025;0:22.050;0:19.384;0:12.111;235.7;Marco Seefried;;GTD;;Park Place Motorsports;Porsche;
73;2;94;53.797;0;;22.006;0;19.442;0;12.349;0;158.7;1:24:55.894;16:34:57.822;0:22.006;0:19.442;0:12.349;236.2;Marco Seefried;;GTD;;Park Place Motorsports;Porsche;
73;2;95;53.828;0;;22.135;0;19.526;0;12.167;0;158.6;1:25:49.722;16:35:51.650;0:22.135;0:19.526;0:12.167;234.7;Marco Seefried;;GTD;;Park Place Motorsports;Porsche;
73;2;96;53.979;0;;22.220;0;19.608;0;12.151;0;158.2;1:26:43.701;16:36:45.629;0:22.220;0:19.608;0:12.151;235.2;Marco Seefried;;GTD;;Park Place Motorsports;Porsche;
73;2;97;53.565;0;;21.974;0;19.438;0;12.153;0;159.4;1:27:37.266;16:37:39.194;0:21.974;0:19.438;0:12.153;235.2;Marco Seefried;;GTD;;Park Place Motorsports;Porsche;
73;2;98;53.629;0;;22.015;0;19.581;0;12.033;0;159.2;1:28:30.895;16:38:32.823;0:22.015;0:19.581;0:12.033;235.2;Marco Seefried;;GTD;;Park Place Motorsports;Porsche;
73;2;99;53.776;0;;22.186;0;19.488;0;12.102;0;158.8;1:29:24.671;16:39:26.599;0:22.186;0:19.488;0:12.102;236.2;Marco Seefried;;GTD;;Park Place Motorsports;Porsche;
73;2;100;53.581;0;;21.989;0;19.440;0;12.152;0;159.4;1:30:18.252;16:40:20.180;0:21.989;0:19.440;0:12.152;234.7;Marco Seefried;;GTD;;Park Place Motorsports;Porsche;
73;2;101;53.881;0;;22.155;0;19.615;0;12.111;0;158.5;1:31:12.133;16:41:14.061;0:22.155;0:19.615;0:12.111;235.2;Marco Seefried;;GTD;;Park Place Motorsports;Porsche;
73;2;102;53.960;0;;22.189;0;19.545;0;12.226;0;158.3;1:32:06.093;16:42:08.021;0:22.189;0:19.545;0:12.226;235.7;Marco Seefried;;GTD;;Park Place Motorsports;Porsche;
73;2;103;53.609;0;;22.046;0;19.395;0;12.168;0;159.3;1:32:59.702;16:43:01.630;0:22.046;0:19.395;0:12.168;234.7;Marco Seefried;;GTD;;Park Place Motorsports;Porsche;
73;2;104;54.065;0;;22.114;0;19.745;0;12.206;0;158.0;1:33:53.767;16:43:55.695;0:22.114;0:19.745;0:12.206;235.7;Marco Seefried;;GTD;;Park Place Motorsports;Porsche;
73;2;105;1:44.330;0;B;22.340;0;19.552;0;1:02.438;0;81.9;1:35:38.097;16:45:40.025;0:22.340;0:19.552;1:02.438;235.7;Marco Seefried;;GTD;;Park Place Motorsports;Porsche;
73;1;106;1:01.747;0;;29.981;0;19.519;0;12.247;0;138.3;1:36:39.844;16:46:41.772;0:29.981;0:19.519;0:12.247;;Patrick Long;0:00:57.107;GTD;;Park Place Motorsports;Porsche;
73;1;107;53.061;0;;21.772;0;19.196;0;12.093;0;160.9;1:37:32.905;16:47:34.833;0:21.772;0:19.196;0:12.093;233.2;Patrick Long;;GTD;;Park Place Motorsports;Porsche;
73;1;108;53.219;0;;21.563;0;19.464;0;12.192;0;160.5;1:38:26.124;16:48:28.052;0:21.563;0:19.464;0:12.192;234.7;Patrick Long;;GTD;;Park Place Motorsports;Porsche;
73;1;109;53.619;0;;21.827;0;19.494;0;12.298;0;159.3;1:39:19.743;16:49:21.671;0:21.827;0:19.494;0:12.298;235.2;Patrick Long;;GTD;;Park Place Motorsports;Porsche;
73;1;110;53.481;0;;21.931;0;19.366;0;12.184;0;159.7;1:40:13.224;16:50:15.152;0:21.931;0:19.366;0:12.184;234.7;Patrick Long;;GTD;;Park Place Motorsports;Porsche;
73;1;111;52.803;0;;21.514;0;19.049;2;12.240;0;161.7;1:41:06.027;16:51:07.955;0:21.514;0:19.049;0:12.240;233.7;Patrick Long;;GTD;;Park Place Motorsports;Porsche;
73;1;112;52.392;2;;21.266;2;19.070;0;12.056;0;163.0;1:41:58.419;16:52:00.347;0:21.266;0:19.070;0:12.056;232.7;Patrick Long;;GTD;;Park Place Motorsports;Porsche;
73;1;113;53.233;0;;21.813;0;19.403;0;12.017;1;160.4;1:42:51.652;16:52:53.580;0:21.813;0:19.403;0:12.017;235.7;Patrick Long;;GTD;;Park Place Motorsports;Porsche;
73;1;114;53.415;0;;22.092;0;19.179;0;12.144;0;159.9;1:43:45.067;16:53:46.995;0:22.092;0:19.179;0:12.144;235.7;Patrick Long;;GTD;;Park Place Motorsports;Porsche;
73;1;115;52.683;0;;21.366;0;19.207;0;12.110;0;162.1;1:44:37.750;16:54:39.678;0:21.366;0:19.207;0:12.110;234.7;Patrick Long;;GTD;;Park Place Motorsports;Porsche;
73;1;116;53.263;0;;22.027;0;19.199;0;12.037;0;160.3;1:45:31.013;16:55:32.941;0:22.027;0:19.199;0:12.037;234.7;Patrick Long;;GTD;;Park Place Motorsports;Porsche;
73;1;117;52.614;0;;21.468;0;19.086;0;12.060;0;162.3;1:46:23.627;16:56:25.555;0:21.468;0:19.086;0:12.060;235.7;Patrick Long;;GTD;;Park Place Motorsports;Porsche;
73;1;118;52.994;0;;21.416;0;19.427;0;12.151;0;161.1;1:47:16.621;16:57:18.549;0:21.416;0:19.427;0:12.151;235.7;Patrick Long;;GTD;;Park Place Motorsports;Porsche;
73;1;119;52.732;0;;21.417;0;19.133;0;12.182;0;161.9;1:48:09.353;16:58:11.281;0:21.417;0:19.133;0:12.182;235.2;Patrick Long;;GTD;;Park Place Motorsports;Porsche;
73;1;120;52.880;0;;21.494;0;19.268;0;12.118;0;161.5;1:49:02.233;16:59:04.161;0:21.494;0:19.268;0:12.118;233.2;Patrick Long;;GTD;;Park Place Motorsports;Porsche;
73;1;121;52.791;0;;21.513;0;19.141;0;12.137;0;161.8;1:49:55.024;16:59:56.952;0:21.513;0:19.141;0:12.137;234.2;Patrick Long;;GTD;;Park Place Motorsports;Porsche;
73;1;122;52.835;0;;21.479;0;19.242;0;12.114;0;161.6;1:50:47.859;17:00:49.787;0:21.479;0:19.242;0:12.114;235.2;Patrick Long;;GTD;;Park Place Motorsports;Porsche;
73;1;123;52.945;0;;21.587;0;19.257;0;12.101;0;161.3;1:51:40.804;17:01:42.732;0:21.587;0:19.257;0:12.101;235.2;Patrick Long;;GTD;;Park Place Motorsports;Porsche;
73;1;124;52.780;0;;21.543;0;19.119;0;12.118;0;161.8;1:52:33.584;17:02:35.512;0:21.543;0:19.119;0:12.118;235.2;Patrick Long;;GTD;;Park Place Motorsports;Porsche;
73;1;125;52.847;0;;21.516;0;19.147;0;12.184;0;161.6;1:53:26.431;17:03:28.359;0:21.516;0:19.147;0:12.184;235.7;Patrick Long;;GTD;;Park Place Motorsports;Porsche;
73;1;126;52.825;0;;21.554;0;19.136;0;12.135;0;161.7;1:54:19.256;17:04:21.184;0:21.554;0:19.136;0:12.135;234.7;Patrick Long;;GTD;;Park Place Motorsports;Porsche;
73;1;127;52.727;0;;21.551;0;19.123;0;12.053;0;162.0;1:55:11.983;17:05:13.911;0:21.551;0:19.123;0:12.053;234.7;Patrick Long;;GTD;;Park Place Motorsports;Porsche;
73;1;128;53.030;0;;21.627;0;19.358;0;12.045;0;161.0;1:56:05.013;17:06:06.941;0:21.627;0:19.358;0:12.045;235.2;Patrick Long;;GTD;;Park Place Motorsports;Porsche;
73;1;129;53.019;0;;21.655;0;19.221;0;12.143;0;161.1;1:56:58.032;17:06:59.960;0:21.655;0:19.221;0:12.143;235.7;Patrick Long;;GTD;;Park Place Motorsports;Porsche;
73;1;130;53.982;0;;22.482;0;19.303;0;12.197;0;158.2;1:57:52.014;17:07:53.942;0:22.482;0:19.303;0:12.197;236.2;Patrick Long;;GTD;;Park Place Motorsports;Porsche;
73;1;131;53.407;0;;21.683;0;19.516;0;12.208;0;159.9;1:58:45.421;17:08:47.349;0:21.683;0:19.516;0:12.208;235.2;Patrick Long;;GTD;;Park Place Motorsports;Porsche;
73;1;132;53.106;0;;21.555;0;19.403;0;12.148;0;160.8;1:59:38.527;17:09:40.455;0:21.555;0:19.403;0:12.148;235.2;Patrick Long;;GTD;;Park Place Motorsports;Porsche;
73;1;133;53.118;0;;21.698;0;19.271;0;12.149;0;160.8;2:00:31.645;17:10:33.573;0:21.698;0:19.271;0:12.149;235.2;Patrick Long;;GTD;;Park Place Motorsports;Porsche;
73;1;134;53.514;0;;21.699;0;19.447;0;12.368;0;159.6;2:01:25.159;17:11:27.087;0:21.699;0:19.447;0:12.368;236.2;Patrick Long;;GTD;;Park Place Motorsports;Porsche;
73;1;135;53.656;0;;22.125;0;19.372;0;12.159;0;159.2;2:02:18.815;17:12:20.743;0:22.125;0:19.372;0:12.159;234.7;Patrick Long;;GTD;;Park Place Motorsports;Porsche;
73;1;136;53.384;0;;21.872;0;19.385;0;12.127;0;160.0;2:03:12.199;17:13:14.127;0:21.872;0:19.385;0:12.127;236.2;Patrick Long;;GTD;;Park Place Motorsports;Porsche;
73;1;137;53.693;0;;21.918;0;19.622;0;12.153;0;159.0;2:04:05.892;17:14:07.820;0:21.918;0:19.622;0:12.153;236.7;Patrick Long;;GTD;;Park Place Motorsports;Porsche;
73;1;138;53.550;0;;21.787;0;19.515;0;12.248;0;159.5;2:04:59.442;17:15:01.370;0:21.787;0:19.515;0:12.248;236.7;Patrick Long;;GTD;;Park Place Motorsports;Porsche;
73;1;139;53.252;0;;21.759;0;19.426;0;12.067;0;160.4;2:05:52.694;17:15:54.622;0:21.759;0:19.426;0:12.067;234.2;Patrick Long;;GTD;;Park Place Motorsports;Porsche;
73;1;140;53.463;0;;21.914;0;19.410;0;12.139;0;159.7;2:06:46.157;17:16:48.085;0:21.914;0:19.410;0:12.139;236.2;Patrick Long;;GTD;;Park Place Motorsports;Porsche;
73;1;141;52.927;0;;21.626;0;19.203;0;12.098;0;161.4;2:07:39.084;17:17:41.012;0:21.626;0:19.203;0:12.098;235.7;Patrick Long;;GTD;;Park Place Motorsports;Porsche;
73;1;142;53.137;0;;21.737;0;19.288;0;12.112;0;160.7;2:08:32.221;17:18:34.149;0:21.737;0:19.288;0:12.112;235.7;Patrick Long;;GTD;;Park Place Motorsports;Porsche;
73;1;143;52.973;0;;21.582;0;19.312;0;12.079;0;161.2;2:09:25.194;17:19:27.122;0:21.582;0:19.312;0:12.079;237.2;Patrick Long;;GTD;;Park Place Motorsports;Porsche;
73;1;144;53.273;0;;21.849;0;19.275;0;12.149;0;160.3;2:10:18.467;17:20:20.395;0:21.849;0:19.275;0:12.149;236.7;Patrick Long;;GTD;;Park Place Motorsports;Porsche;
73;1;145;53.619;0;;21.727;0;19.699;0;12.193;0;159.3;2:11:12.086;17:21:14.014;0:21.727;0:19.699;0:12.193;235.7;Patrick Long;;GTD;;Park Place Motorsports;Porsche;
73;1;146;53.227;0;;21.784;0;19.359;0;12.084;0;160.4;2:12:05.313;17:22:07.241;0:21.784;0:19.359;0:12.084;235.7;Patrick Long;;GTD;;Park Place Motorsports;Porsche;
73;1;147;53.282;0;;21.650;0;19.419;0;12.213;0;160.3;2:12:58.595;17:23:00.523;0:21.650;0:19.419;0:12.213;236.7;Patrick Long;;GTD;;Park Place Motorsports;Porsche;
73;1;148;53.139;0;;21.679;0;19.315;0;12.145;0;160.7;2:13:51.734;17:23:53.662;0:21.679;0:19.315;0:12.145;235.7;Patrick Long;;GTD;;Park Place Motorsports;Porsche;
73;1;149;54.122;0;;21.797;0;19.980;0;12.345;0;157.8;2:14:45.856;17:24:47.784;0:21.797;0:19.980;0:12.345;235.7;Patrick Long;;GTD;;Park Place Motorsports;Porsche;
73;1;150;53.099;0;;21.720;0;19.198;0;12.181;0;160.8;2:15:38.955;17:25:40.883;0:21.720;0:19.198;0:12.181;234.7;Patrick Long;;GTD;;Park Place Motorsports;Porsche;
73;1;151;55.192;0;;22.717;0;20.172;0;12.303;0;154.7;2:16:34.147;17:26:36.075;0:22.717;0:20.172;0:12.303;235.7;Patrick Long;;GTD;;Park Place Motorsports;Porsche;
73;1;152;53.701;0;;21.903;0;19.570;0;12.228;0;159.0;2:17:27.848;17:27:29.776;0:21.903;0:19.570;0:12.228;235.2;Patrick Long;;GTD;;Park Place Motorsports;Porsche;
73;1;153;53.247;0;;21.706;0;19.346;0;12.195;0;160.4;2:18:21.095;17:28:23.023;0:21.706;0:19.346;0:12.195;235.2;Patrick Long;;GTD;;Park Place Motorsports;Porsche;
73;1;154;54.271;0;;21.665;0;19.435;0;13.171;0;157.4;2:19:15.366;17:29:17.294;0:21.665;0:19.435;0:13.171;236.7;Patrick Long;;GTD;;Park Place Motorsports;Porsche;
73;1;155;54.728;0;;22.340;0;20.078;0;12.310;0;156.0;2:20:10.094;17:30:12.022;0:22.340;0:20.078;0:12.310;226.1;Patrick Long;;GTD;;Park Place Motorsports;Porsche;
73;1;156;55.517;0;;22.729;0;20.557;0;12.231;0;153.8;2:21:05.611;17:31:07.539;0:22.729;0:20.557;0:12.231;236.7;Patrick Long;;GTD;;Park Place Motorsports;Porsche;
73;1;157;53.324;0;;21.892;0;19.314;0;12.118;0;160.1;2:21:58.935;17:32:00.863;0:21.892;0:19.314;0:12.118;235.7;Patrick Long;;GTD;;Park Place Motorsports;Porsche;
73;1;158;53.342;0;;21.879;0;19.365;0;12.098;0;160.1;2:22:52.277;17:32:54.205;0:21.879;0:19.365;0:12.098;236.2;Patrick Long;;GTD;;Park Place Motorsports;Porsche;
73;1;159;53.293;0;;21.825;0;19.375;0;12.093;0;160.2;2:23:45.570;17:33:47.498;0:21.825;0:19.375;0:12.093;237.2;Patrick Long;;GTD;;Park Place Motorsports;Porsche;
73;1;160;53.247;0;;21.763;0;19.339;0;12.145;0;160.4;2:24:38.817;17:34:40.745;0:21.763;0:19.339;0:12.145;236.2;Patrick Long;;GTD;;Park Place Motorsports;Porsche;
73;1;161;53.205;0;;21.816;0;19.268;0;12.121;0;160.5;2:25:32.022;17:35:33.950;0:21.816;0:19.268;0:12.121;235.7;Patrick Long;;GTD;;Park Place Motorsports;Porsche;
73;1;162;53.526;0;;21.720;0;19.636;0;12.170;0;159.5;2:26:25.548;17:36:27.476;0:21.720;0:19.636;0:12.170;236.2;Patrick Long;;GTD;;Park Place Motorsports;Porsche;
73;1;163;53.057;0;;21.772;0;19.257;0;12.028;0;161.0;2:27:18.605;17:37:20.533;0:21.772;0:19.257;0:12.028;234.7;Patrick Long;;GTD;;Park Place Motorsports;Porsche;
73;1;164;53.349;0;;22.040;0;19.193;0;12.116;0;160.1;2:28:11.954;17:38:13.882;0:22.040;0:19.193;0:12.116;236.7;Patrick Long;;GTD;;Park Place Motorsports;Porsche;
73;1;165;53.408;0;;21.816;0;19.416;0;12.176;0;159.9;2:29:05.362;17:39:07.290;0:21.816;0:19.416;0:12.176;235.2;Patrick Long;;GTD;;Park Place Motorsports;Porsche;
73;1;166;53.278;0;;21.867;0;19.193;0;12.218;0;160.3;2:29:58.640;17:40:00.568;0:21.867;0:19.193;0:12.218;235.7;Patrick Long;;GTD;;Park Place Motorsports;Porsche;
73;1;167;53.467;0;;21.822;0;19.438;0;12.207;0;159.7;2:30:52.107;17:40:54.035;0:21.822;0:19.438;0:12.207;235.2;Patrick Long;;GTD;;Park Place Motorsports;Porsche;
73;1;168;54.277;0;;22.082;0;19.902;0;12.293;0;157.3;2:31:46.384;17:41:48.312;0:22.082;0:19.902;0:12.293;236.7;Patrick Long;;GTD;;Park Place Motorsports;Porsche;
73;1;169;54.117;0;;22.186;0;19.593;0;12.338;0;157.8;2:32:40.501;17:42:42.429;0:22.186;0:19.593;0:12.338;235.7;Patrick Long;;GTD;;Park Place Motorsports;Porsche;
73;1;170;53.831;0;;22.224;0;19.414;0;12.193;0;158.6;2:33:34.332;17:43:36.260;0:22.224;0:19.414;0:12.193;235.2;Patrick Long;;GTD;;Park Place Motorsports;Porsche;
73;1;171;53.875;0;;22.070;0;19.537;0;12.268;0;158.5;2:34:28.207;17:44:30.135;0:22.070;0:19.537;0:12.268;235.2;Patrick Long;;GTD;;Park Place Motorsports;Porsche;
73;1;172;53.772;0;;21.932;0;19.619;0;12.221;0;158.8;2:35:21.979;17:45:23.907;0:21.932;0:19.619;0:12.221;235.2;Patrick Long;;GTD;;Park Place Motorsports;Porsche;
73;1;173;53.880;0;;22.078;0;19.623;0;12.179;0;158.5;2:36:15.859;17:46:17.787;0:22.078;0:19.623;0:12.179;235.2;Patrick Long;;GTD;;Park Place Motorsports;Porsche;
73;1;174;53.817;0;;21.945;0;19.597;0;12.275;0;158.7;2:37:09.676;17:47:11.604;0:21.945;0:19.597;0:12.275;236.2;Patrick Long;;GTD;;Park Place Motorsports;Porsche;
73;1;175;53.642;0;;22.127;0;19.402;0;12.113;0;159.2;2:38:03.318;17:48:05.246;0:22.127;0:19.402;0:12.113;235.2;Patrick Long;;GTD;;Park Place Motorsports;Porsche;
73;1;176;53.821;0;;21.960;0;19.533;0;12.328;0;158.7;2:38:57.139;17:48:59.067;0:21.960;0:19.533;0:12.328;236.7;Patrick Long;;GTD;;Park Place Motorsports;Porsche;
73;1;177;53.568;0;;22.001;0;19.402;0;12.165;0;159.4;2:39:50.707;17:49:52.635;0:22.001;0:19.402;0:12.165;233.7;Patrick Long;;GTD;;Park Place Motorsports;Porsche;
73;1;178;53.772;0;;22.035;0;19.529;0;12.208;0;158.8;2:40:44.479;17:50:46.407;0:22.035;0:19.529;0:12.208;235.7;Patrick Long;;GTD;;Park Place Motorsports;Porsche;
76;2;1;1:01.148;0;;27.710;0;21.042;0;12.396;0;139.7;1:01.148;15:11:03.076;0:27.710;0:21.042;0:12.396;218.6;Matt Plumb;;GTD;;Compass Racing;McLaren;
76;2;2;54.162;0;;22.221;0;19.694;0;12.247;0;157.7;1:55.310;15:11:57.238;0:22.221;0:19.694;0:12.247;231.3;Matt Plumb;;GTD;;Compass Racing;McLaren;
76;2;3;53.731;0;;21.862;0;19.617;0;12.252;0;158.9;2:49.041;15:12:50.969;0:21.862;0:19.617;0:12.252;232.7;Matt Plumb;;GTD;;Compass Racing;McLaren;
76;2;4;53.397;0;;21.791;0;19.446;0;12.160;0;159.9;3:42.438;15:13:44.366;0:21.791;0:19.446;0:12.160;232.7;Matt Plumb;;GTD;;Compass Racing;McLaren;
76;2;5;53.258;0;;21.755;0;19.383;0;12.120;0;160.3;4:35.696;15:14:37.624;0:21.755;0:19.383;0:12.120;234.2;Matt Plumb;;GTD;;Compass Racing;McLaren;
76;2;6;53.243;0;;21.654;0;19.525;0;12.064;0;160.4;5:28.939;15:15:30.867;0:21.654;0:19.525;0:12.064;235.7;Matt Plumb;;GTD;;Compass Racing;McLaren;
76;2;7;53.147;0;;21.600;0;19.475;0;12.072;0;160.7;6:22.086;15:16:24.014;0:21.600;0:19.475;0:12.072;236.2;Matt Plumb;;GTD;;Compass Racing;McLaren;
76;2;8;53.074;2;;21.645;0;19.425;0;12.004;2;160.9;7:15.160;15:17:17.088;0:21.645;0:19.425;0:12.004;235.7;Matt Plumb;;GTD;;Compass Racing;McLaren;
76;2;9;53.114;0;;21.671;0;19.399;0;12.044;0;160.8;8:08.274;15:18:10.202;0:21.671;0:19.399;0:12.044;235.2;Matt Plumb;;GTD;;Compass Racing;McLaren;
76;2;10;53.193;0;;21.641;0;19.382;0;12.170;0;160.5;9:01.467;15:19:03.395;0:21.641;0:19.382;0:12.170;235.7;Matt Plumb;;GTD;;Compass Racing;McLaren;
76;2;11;53.502;0;;21.768;0;19.602;0;12.132;0;159.6;9:54.969;15:19:56.897;0:21.768;0:19.602;0:12.132;233.7;Matt Plumb;;GTD;;Compass Racing;McLaren;
76;2;12;53.194;0;;21.811;0;19.356;1;12.027;0;160.5;10:48.163;15:20:50.091;0:21.811;0:19.356;0:12.027;233.2;Matt Plumb;;GTD;;Compass Racing;McLaren;
76;2;13;53.215;0;;21.714;0;19.436;0;12.065;0;160.5;11:41.378;15:21:43.306;0:21.714;0:19.436;0:12.065;235.7;Matt Plumb;;GTD;;Compass Racing;McLaren;
76;2;14;53.234;0;;21.845;0;19.383;0;12.006;0;160.4;12:34.612;15:22:36.540;0:21.845;0:19.383;0:12.006;234.7;Matt Plumb;;GTD;;Compass Racing;McLaren;
76;2;15;53.460;0;;21.884;0;19.436;0;12.140;0;159.7;13:28.072;15:23:30.000;0:21.884;0:19.436;0:12.140;235.2;Matt Plumb;;GTD;;Compass Racing;McLaren;
76;2;16;53.820;0;;21.852;0;19.705;0;12.263;0;158.7;14:21.892;15:24:23.820;0:21.852;0:19.705;0:12.263;234.2;Matt Plumb;;GTD;;Compass Racing;McLaren;
76;2;17;53.901;0;;22.092;0;19.706;0;12.103;0;158.4;15:15.793;15:25:17.721;0:22.092;0:19.706;0:12.103;232.7;Matt Plumb;;GTD;;Compass Racing;McLaren;
76;2;18;53.858;0;;21.839;0;19.893;0;12.126;0;158.6;16:09.651;15:26:11.579;0:21.839;0:19.893;0:12.126;233.7;Matt Plumb;;GTD;;Compass Racing;McLaren;
76;2;19;53.589;0;;21.948;0;19.529;0;12.112;0;159.4;17:03.240;15:27:05.168;0:21.948;0:19.529;0:12.112;233.7;Matt Plumb;;GTD;;Compass Racing;McLaren;
76;2;20;53.737;0;;22.027;0;19.619;0;12.091;0;158.9;17:56.977;15:27:58.905;0:22.027;0:19.619;0:12.091;233.2;Matt Plumb;;GTD;;Compass Racing;McLaren;
76;2;21;53.804;0;;22.055;0;19.589;0;12.160;0;158.7;18:50.781;15:28:52.709;0:22.055;0:19.589;0:12.160;234.2;Matt Plumb;;GTD;;Compass Racing;McLaren;
76;2;22;53.769;0;;21.910;0;19.623;0;12.236;0;158.8;19:44.550;15:29:46.478;0:21.910;0:19.623;0:12.236;233.7;Matt Plumb;;GTD;;Compass Racing;McLaren;
76;2;23;53.716;0;;22.004;0;19.590;0;12.122;0;159.0;20:38.266;15:30:40.194;0:22.004;0:19.590;0:12.122;233.2;Matt Plumb;;GTD;;Compass Racing;McLaren;
76;2;24;54.749;0;;22.142;0;20.257;0;12.350;0;156.0;21:33.015;15:31:34.943;0:22.142;0:20.257;0:12.350;233.7;Matt Plumb;;GTD;;Compass Racing;McLaren;
76;2;25;53.899;0;;21.983;0;19.598;0;12.318;0;158.4;22:26.914;15:32:28.842;0:21.983;0:19.598;0:12.318;232.2;Matt Plumb;;GTD;;Compass Racing;McLaren;
76;2;26;56.186;0;;22.532;0;21.245;0;12.409;0;152.0;23:23.100;15:33:25.028;0:22.532;0:21.245;0:12.409;231.7;Matt Plumb;;GTD;;Compass Racing;McLaren;
76;2;27;54.311;0;;22.407;0;19.715;0;12.189;0;157.2;24:17.411;15:34:19.339;0:22.407;0:19.715;0:12.189;232.7;Matt Plumb;;GTD;;Compass Racing;McLaren;
76;2;28;53.942;0;;22.075;0;19.654;0;12.213;0;158.3;25:11.353;15:35:13.281;0:22.075;0:19.654;0:12.213;234.2;Matt Plumb;;GTD;;Compass Racing;McLaren;
76;2;29;54.115;0;;22.235;0;19.761;0;12.119;0;157.8;26:05.468;15:36:07.396;0:22.235;0:19.761;0:12.119;233.2;Matt Plumb;;GTD;;Compass Racing;McLaren;
76;2;30;54.358;0;;22.341;0;19.691;0;12.326;0;157.1;26:59.826;15:37:01.754;0:22.341;0:19.691;0:12.326;235.2;Matt Plumb;;GTD;;Compass Racing;McLaren;
76;2;31;54.302;0;;22.272;0;19.753;0;12.277;0;157.3;27:54.128;15:37:56.056;0:22.272;0:19.753;0:12.277;231.7;Matt Plumb;;GTD;;Compass Racing;McLaren;
76;2;32;54.196;0;;22.275;0;19.717;0;12.204;0;157.6;28:48.324;15:38:50.252;0:22.275;0:19.717;0:12.204;232.7;Matt Plumb;;GTD;;Compass Racing;McLaren;
76;2;33;54.157;0;;22.210;0;19.736;0;12.211;0;157.7;29:42.481;15:39:44.409;0:22.210;0:19.736;0:12.211;234.2;Matt Plumb;;GTD;;Compass Racing;McLaren;
76;2;34;54.032;0;;22.189;0;19.627;0;12.216;0;158.1;30:36.513;15:40:38.441;0:22.189;0:19.627;0:12.216;234.7;Matt Plumb;;GTD;;Compass Racing;McLaren;
76;2;35;54.052;0;;22.226;0;19.595;0;12.231;0;158.0;31:30.565;15:41:32.493;0:22.226;0:19.595;0:12.231;233.7;Matt Plumb;;GTD;;Compass Racing;McLaren;
76;2;36;54.098;0;;22.171;0;19.720;0;12.207;0;157.9;32:24.663;15:42:26.591;0:22.171;0:19.720;0:12.207;234.2;Matt Plumb;;GTD;;Compass Racing;McLaren;
76;2;37;54.261;0;;22.335;0;19.725;0;12.201;0;157.4;33:18.924;15:43:20.852;0:22.335;0:19.725;0:12.201;234.2;Matt Plumb;;GTD;;Compass Racing;McLaren;
76;2;38;53.994;0;;22.145;0;19.697;0;12.152;0;158.2;34:12.918;15:44:14.846;0:22.145;0:19.697;0:12.152;233.2;Matt Plumb;;GTD;;Compass Racing;McLaren;
76;2;39;54.155;0;;22.240;0;19.722;0;12.193;0;157.7;35:07.073;15:45:09.001;0:22.240;0:19.722;0:12.193;234.7;Matt Plumb;;GTD;;Compass Racing;McLaren;
76;2;40;54.220;0;;22.241;0;19.747;0;12.232;0;157.5;36:01.293;15:46:03.221;0:22.241;0:19.747;0:12.232;232.7;Matt Plumb;;GTD;;Compass Racing;McLaren;
76;2;41;54.296;0;;22.345;0;19.664;0;12.287;0;157.3;36:55.589;15:46:57.517;0:22.345;0:19.664;0:12.287;232.7;Matt Plumb;;GTD;;Compass Racing;McLaren;
76;2;42;54.391;0;;22.433;0;19.763;0;12.195;0;157.0;37:49.980;15:47:51.908;0:22.433;0:19.763;0:12.195;230.3;Matt Plumb;;GTD;;Compass Racing;McLaren;
76;2;43;54.411;0;;22.242;0;19.774;0;12.395;0;156.9;38:44.391;15:48:46.319;0:22.242;0:19.774;0:12.395;233.7;Matt Plumb;;GTD;;Compass Racing;McLaren;
76;2;44;54.545;0;;22.334;0;19.869;0;12.342;0;156.6;39:38.936;15:49:40.864;0:22.334;0:19.869;0:12.342;231.3;Matt Plumb;;GTD;;Compass Racing;McLaren;
76;2;45;54.713;0;;22.448;0;19.682;0;12.583;0;156.1;40:33.649;15:50:35.577;0:22.448;0:19.682;0:12.583;229.8;Matt Plumb;;GTD;;Compass Racing;McLaren;
76;2;46;54.570;0;;22.456;0;19.816;0;12.298;0;156.5;41:28.219;15:51:30.147;0:22.456;0:19.816;0:12.298;230.3;Matt Plumb;;GTD;;Compass Racing;McLaren;
76;2;47;54.656;0;;22.216;0;19.783;0;12.657;0;156.2;42:22.875;15:52:24.803;0:22.216;0:19.783;0:12.657;232.7;Matt Plumb;;GTD;;Compass Racing;McLaren;
76;2;48;1:42.630;0;B;22.838;0;20.132;0;59.660;0;83.2;44:05.505;15:54:07.433;0:22.838;0:20.132;0:59.660;229.8;Matt Plumb;;GTD;;Compass Racing;McLaren;
76;2;49;1:02.065;0;;29.901;0;19.916;0;12.248;0;137.6;45:07.570;15:55:09.498;0:29.901;0:19.916;0:12.248;;Matt Plumb;0:00:53.756;GTD;;Compass Racing;McLaren;
76;2;50;53.375;0;;21.664;0;19.496;0;12.215;0;160.0;46:00.945;15:56:02.873;0:21.664;0:19.496;0:12.215;232.7;Matt Plumb;;GTD;;Compass Racing;McLaren;
76;2;51;53.288;0;;21.564;0;19.621;0;12.103;0;160.3;46:54.233;15:56:56.161;0:21.564;0:19.621;0:12.103;233.7;Matt Plumb;;GTD;;Compass Racing;McLaren;
76;2;52;53.241;0;;21.713;0;19.493;0;12.035;0;160.4;47:47.474;15:57:49.402;0:21.713;0:19.493;0:12.035;233.7;Matt Plumb;;GTD;;Compass Racing;McLaren;
76;2;53;53.221;0;;21.654;0;19.546;0;12.021;0;160.5;48:40.695;15:58:42.623;0:21.654;0:19.546;0:12.021;235.2;Matt Plumb;;GTD;;Compass Racing;McLaren;
76;2;54;53.209;0;;21.563;2;19.564;0;12.082;0;160.5;49:33.904;15:59:35.832;0:21.563;0:19.564;0:12.082;235.2;Matt Plumb;;GTD;;Compass Racing;McLaren;
76;2;55;54.589;0;;21.814;0;19.991;0;12.784;0;156.4;50:28.493;16:00:30.421;0:21.814;0:19.991;0:12.784;237.2;Matt Plumb;;GTD;;Compass Racing;McLaren;
76;2;56;54.280;0;;22.441;0;19.539;0;12.300;0;157.3;51:22.773;16:01:24.701;0:22.441;0:19.539;0:12.300;230.8;Matt Plumb;;GTD;;Compass Racing;McLaren;
76;2;57;53.453;0;;21.937;0;19.486;0;12.030;0;159.8;52:16.226;16:02:18.154;0:21.937;0:19.486;0:12.030;231.7;Matt Plumb;;GTD;;Compass Racing;McLaren;
76;2;58;53.396;0;;21.650;0;19.602;0;12.144;0;159.9;53:09.622;16:03:11.550;0:21.650;0:19.602;0:12.144;234.7;Matt Plumb;;GTD;;Compass Racing;McLaren;
76;2;59;53.369;0;;21.701;0;19.499;0;12.169;0;160.0;54:02.991;16:04:04.919;0:21.701;0:19.499;0:12.169;233.7;Matt Plumb;;GTD;;Compass Racing;McLaren;
76;2;60;53.879;0;;21.984;0;19.754;0;12.141;0;158.5;54:56.870;16:04:58.798;0:21.984;0:19.754;0:12.141;233.7;Matt Plumb;;GTD;;Compass Racing;McLaren;
76;2;61;54.093;0;;22.027;0;19.709;0;12.357;0;157.9;55:50.963;16:05:52.891;0:22.027;0:19.709;0:12.357;234.7;Matt Plumb;;GTD;;Compass Racing;McLaren;
76;2;62;53.844;0;;22.050;0;19.577;0;12.217;0;158.6;56:44.807;16:06:46.735;0:22.050;0:19.577;0:12.217;231.7;Matt Plumb;;GTD;;Compass Racing;McLaren;
76;2;63;53.948;0;;22.035;0;19.799;0;12.114;0;158.3;57:38.755;16:07:40.683;0:22.035;0:19.799;0:12.114;232.2;Matt Plumb;;GTD;;Compass Racing;McLaren;
76;2;64;53.645;0;;21.955;0;19.642;0;12.048;0;159.2;58:32.400;16:08:34.328;0:21.955;0:19.642;0:12.048;233.7;Matt Plumb;;GTD;;Compass Racing;McLaren;
76;2;65;53.927;0;;21.994;0;19.755;0;12.178;0;158.4;59:26.327;16:09:28.255;0:21.994;0:19.755;0:12.178;233.7;Matt Plumb;;GTD;;Compass Racing;McLaren;
76;2;66;53.766;0;;21.995;0;19.619;0;12.152;0;158.8;1:00:20.093;16:10:22.021;0:21.995;0:19.619;0:12.152;232.7;Matt Plumb;;GTD;;Compass Racing;McLaren;
76;2;67;53.408;0;;21.798;0;19.543;0;12.067;0;159.9;1:01:13.501;16:11:15.429;0:21.798;0:19.543;0:12.067;232.7;Matt Plumb;;GTD;;Compass Racing;McLaren;
76;2;68;53.644;0;;22.023;0;19.565;0;12.056;0;159.2;1:02:07.145;16:12:09.073;0:22.023;0:19.565;0:12.056;234.2;Matt Plumb;;GTD;;Compass Racing;McLaren;
76;2;69;53.668;0;;21.967;0;19.605;0;12.096;0;159.1;1:03:00.813;16:13:02.741;0:21.967;0:19.605;0:12.096;234.7;Matt Plumb;;GTD;;Compass Racing;McLaren;
76;2;70;53.608;0;;21.789;0;19.651;0;12.168;0;159.3;1:03:54.421;16:13:56.349;0:21.789;0:19.651;0:12.168;234.2;Matt Plumb;;GTD;;Compass Racing;McLaren;
76;2;71;53.933;0;;22.204;0;19.596;0;12.133;0;158.3;1:04:48.354;16:14:50.282;0:22.204;0:19.596;0:12.133;234.7;Matt Plumb;;GTD;;Compass Racing;McLaren;
76;2;72;53.737;0;;21.918;0;19.583;0;12.236;0;158.9;1:05:42.091;16:15:44.019;0:21.918;0:19.583;0:12.236;233.2;Matt Plumb;;GTD;;Compass Racing;McLaren;
76;2;73;55.440;0;;22.024;0;20.630;0;12.786;0;154.0;1:06:37.531;16:16:39.459;0:22.024;0:20.630;0:12.786;233.7;Matt Plumb;;GTD;;Compass Racing;McLaren;
76;2;74;55.398;0;;22.639;0;20.014;0;12.745;0;154.2;1:07:32.929;16:17:34.857;0:22.639;0:20.014;0:12.745;231.7;Matt Plumb;;GTD;;Compass Racing;McLaren;
76;2;75;54.936;0;;22.505;0;20.025;0;12.406;0;155.5;1:08:27.865;16:18:29.793;0:22.505;0:20.025;0:12.406;231.3;Matt Plumb;;GTD;;Compass Racing;McLaren;
76;2;76;53.958;0;;22.169;0;19.693;0;12.096;0;158.3;1:09:21.823;16:19:23.751;0:22.169;0:19.693;0:12.096;232.2;Matt Plumb;;GTD;;Compass Racing;McLaren;
76;2;77;53.971;0;;22.077;0;19.658;0;12.236;0;158.2;1:10:15.794;16:20:17.722;0:22.077;0:19.658;0:12.236;236.7;Matt Plumb;;GTD;;Compass Racing;McLaren;
76;2;78;54.832;0;;22.464;0;19.936;0;12.432;0;155.7;1:11:10.626;16:21:12.554;0:22.464;0:19.936;0:12.432;233.7;Matt Plumb;;GTD;;Compass Racing;McLaren;
76;2;79;54.693;0;;22.878;0;19.644;0;12.171;0;156.1;1:12:05.319;16:22:07.247;0:22.878;0:19.644;0:12.171;231.3;Matt Plumb;;GTD;;Compass Racing;McLaren;
76;2;80;53.930;0;;22.071;0;19.704;0;12.155;0;158.3;1:12:59.249;16:23:01.177;0:22.071;0:19.704;0:12.155;235.2;Matt Plumb;;GTD;;Compass Racing;McLaren;
76;2;81;54.533;0;;22.260;0;19.952;0;12.321;0;156.6;1:13:53.782;16:23:55.710;0:22.260;0:19.952;0:12.321;235.2;Matt Plumb;;GTD;;Compass Racing;McLaren;
76;2;82;53.995;0;;22.188;0;19.725;0;12.082;0;158.2;1:14:47.777;16:24:49.705;0:22.188;0:19.725;0:12.082;232.7;Matt Plumb;;GTD;;Compass Racing;McLaren;
76;2;83;53.759;0;;22.128;0;19.566;0;12.065;0;158.9;1:15:41.536;16:25:43.464;0:22.128;0:19.566;0:12.065;236.2;Matt Plumb;;GTD;;Compass Racing;McLaren;
76;2;84;53.885;0;;22.146;0;19.645;0;12.094;0;158.5;1:16:35.421;16:26:37.349;0:22.146;0:19.645;0:12.094;235.2;Matt Plumb;;GTD;;Compass Racing;McLaren;
76;2;85;55.017;0;;22.048;0;19.801;0;13.168;0;155.2;1:17:30.438;16:27:32.366;0:22.048;0:19.801;0:13.168;234.2;Matt Plumb;;GTD;;Compass Racing;McLaren;
76;2;86;54.622;0;;22.392;0;20.051;0;12.179;0;156.3;1:18:25.060;16:28:26.988;0:22.392;0:20.051;0:12.179;226.6;Matt Plumb;;GTD;;Compass Racing;McLaren;
76;2;87;53.752;0;;22.031;0;19.580;0;12.141;0;158.9;1:19:18.812;16:29:20.740;0:22.031;0:19.580;0:12.141;235.2;Matt Plumb;;GTD;;Compass Racing;McLaren;
76;2;88;53.955;0;;22.014;0;19.741;0;12.200;0;158.3;1:20:12.767;16:30:14.695;0:22.014;0:19.741;0:12.200;235.7;Matt Plumb;;GTD;;Compass Racing;McLaren;
76;2;89;54.204;0;;22.211;0;19.776;0;12.217;0;157.5;1:21:06.971;16:31:08.899;0:22.211;0:19.776;0:12.217;233.2;Matt Plumb;;GTD;;Compass Racing;McLaren;
76;2;90;55.122;0;;22.386;0;20.480;0;12.256;0;154.9;1:22:02.093;16:32:04.021;0:22.386;0:20.480;0:12.256;234.2;Matt Plumb;;GTD;;Compass Racing;McLaren;
76;2;91;54.203;0;;22.264;0;19.738;0;12.201;0;157.6;1:22:56.296;16:32:58.224;0:22.264;0:19.738;0:12.201;233.7;Matt Plumb;;GTD;;Compass Racing;McLaren;
76;2;92;54.061;0;;22.329;0;19.634;0;12.098;0;158.0;1:23:50.357;16:33:52.285;0:22.329;0:19.634;0:12.098;233.2;Matt Plumb;;GTD;;Compass Racing;McLaren;
76;2;93;54.061;0;;22.131;0;19.614;0;12.316;0;158.0;1:24:44.418;16:34:46.346;0:22.131;0:19.614;0:12.316;236.7;Matt Plumb;;GTD;;Compass Racing;McLaren;
76;2;94;54.485;0;;22.413;0;19.822;0;12.250;0;156.7;1:25:38.903;16:35:40.831;0:22.413;0:19.822;0:12.250;232.7;Matt Plumb;;GTD;;Compass Racing;McLaren;
76;2;95;55.146;0;;22.534;0;20.327;0;12.285;0;154.9;1:26:34.049;16:36:35.977;0:22.534;0:20.327;0:12.285;233.7;Matt Plumb;;GTD;;Compass Racing;McLaren;
76;2;96;53.816;0;;22.156;0;19.557;0;12.103;0;158.7;1:27:27.865;16:37:29.793;0:22.156;0:19.557;0:12.103;235.2;Matt Plumb;;GTD;;Compass Racing;McLaren;
76;2;97;54.147;0;;22.303;0;19.686;0;12.158;0;157.7;1:28:22.012;16:38:23.940;0:22.303;0:19.686;0:12.158;235.2;Matt Plumb;;GTD;;Compass Racing;McLaren;
76;2;98;54.482;0;;22.217;0;19.926;0;12.339;0;156.7;1:29:16.494;16:39:18.422;0:22.217;0:19.926;0:12.339;233.7;Matt Plumb;;GTD;;Compass Racing;McLaren;
76;2;99;53.934;0;;22.121;0;19.620;0;12.193;0;158.3;1:30:10.428;16:40:12.356;0:22.121;0:19.620;0:12.193;232.2;Matt Plumb;;GTD;;Compass Racing;McLaren;
76;2;100;53.958;0;;22.146;0;19.640;0;12.172;0;158.3;1:31:04.386;16:41:06.314;0:22.146;0:19.640;0:12.172;234.2;Matt Plumb;;GTD;;Compass Racing;McLaren;
76;2;101;54.142;0;;22.130;0;19.791;0;12.221;0;157.7;1:31:58.528;16:42:00.456;0:22.130;0:19.791;0:12.221;235.2;Matt Plumb;;GTD;;Compass Racing;McLaren;
76;2;102;54.284;0;;22.202;0;19.791;0;12.291;0;157.3;1:32:52.812;16:42:54.740;0:22.202;0:19.791;0:12.291;235.2;Matt Plumb;;GTD;;Compass Racing;McLaren;
76;2;103;54.569;0;;22.323;0;20.006;0;12.240;0;156.5;1:33:47.381;16:43:49.309;0:22.323;0:20.006;0:12.240;233.2;Matt Plumb;;GTD;;Compass Racing;McLaren;
76;2;104;54.194;0;;22.307;0;19.731;0;12.156;0;157.6;1:34:41.575;16:44:43.503;0:22.307;0:19.731;0:12.156;235.2;Matt Plumb;;GTD;;Compass Racing;McLaren;
76;2;105;1:46.908;0;B;22.949;0;19.948;0;1:04.011;0;79.9;1:36:28.483;16:46:30.411;0:22.949;0:19.948;1:04.011;234.2;Matt Plumb;;GTD;;Compass Racing;McLaren;
76;1;106;1:03.284;0;;30.480;0;20.224;0;12.580;0;134.9;1:37:31.767;16:47:33.695;0:30.480;0:20.224;0:12.580;;Paul Holton;0:00:57.654;GTD;;Compass Racing;McLaren;
76;1;107;54.109;0;;22.014;0;19.940;0;12.155;0;157.8;1:38:25.876;16:48:27.804;0:22.014;0:19.940;0:12.155;229.8;Paul Holton;;GTD;;Compass Racing;McLaren;
76;1;108;53.638;0;;21.910;0;19.515;0;12.213;0;159.2;1:39:19.514;16:49:21.442;0:21.910;0:19.515;0:12.213;234.7;Paul Holton;;GTD;;Compass Racing;McLaren;
76;1;109;55.589;0;;22.379;0;20.609;0;12.601;0;153.6;1:40:15.103;16:50:17.031;0:22.379;0:20.609;0:12.601;233.7;Paul Holton;;GTD;;Compass Racing;McLaren;
76;1;110;53.765;0;;21.722;0;19.643;0;12.400;0;158.8;1:41:08.868;16:51:10.796;0:21.722;0:19.643;0:12.400;231.7;Paul Holton;;GTD;;Compass Racing;McLaren;
76;1;111;55.874;0;;23.034;0;20.116;0;12.724;0;152.8;1:42:04.742;16:52:06.670;0:23.034;0:20.116;0:12.724;233.2;Paul Holton;;GTD;;Compass Racing;McLaren;
76;1;112;54.345;0;;22.102;0;20.022;0;12.221;0;157.1;1:42:59.087;16:53:01.015;0:22.102;0:20.022;0:12.221;227.5;Paul Holton;;GTD;;Compass Racing;McLaren;
76;1;113;53.275;0;;21.674;1;19.459;0;12.142;0;160.3;1:43:52.362;16:53:54.290;0:21.674;0:19.459;0:12.142;232.7;Paul Holton;;GTD;;Compass Racing;McLaren;
76;1;114;53.213;0;;21.818;0;19.256;2;12.139;0;160.5;1:44:45.575;16:54:47.503;0:21.818;0:19.256;0:12.139;232.7;Paul Holton;;GTD;;Compass Racing;McLaren;
76;1;115;53.449;0;;21.715;0;19.587;0;12.147;0;159.8;1:45:39.024;16:55:40.952;0:21.715;0:19.587;0:12.147;233.7;Paul Holton;;GTD;;Compass Racing;McLaren;
76;1;116;53.480;0;;21.725;0;19.446;0;12.309;0;159.7;1:46:32.504;16:56:34.432;0:21.725;0:19.446;0:12.309;233.2;Paul Holton;;GTD;;Compass Racing;McLaren;
76;1;117;53.913;0;;21.813;0;19.685;0;12.415;0;158.4;1:47:26.417;16:57:28.345;0:21.813;0:19.685;0:12.415;232.2;Paul Holton;;GTD;;Compass Racing;McLaren;
76;1;118;53.728;0;;22.134;0;19.429;0;12.165;0;158.9;1:48:20.145;16:58:22.073;0:22.134;0:19.429;0:12.165;232.2;Paul Holton;;GTD;;Compass Racing;McLaren;
76;1;119;53.835;0;;21.945;0;19.732;0;12.158;0;158.6;1:49:13.980;16:59:15.908;0:21.945;0:19.732;0:12.158;232.7;Paul Holton;;GTD;;Compass Racing;McLaren;
76;1;120;54.680;0;;21.744;0;20.601;0;12.335;0;156.2;1:50:08.660;17:00:10.588;0:21.744;0:20.601;0:12.335;233.7;Paul Holton;;GTD;;Compass Racing;McLaren;
76;1;121;53.736;0;;21.952;0;19.749;0;12.035;1;158.9;1:51:02.396;17:01:04.324;0:21.952;0:19.749;0:12.035;232.7;Paul Holton;;GTD;;Compass Racing;McLaren;
76;1;122;54.138;0;;21.827;0;20.192;0;12.119;0;157.7;1:51:56.534;17:01:58.462;0:21.827;0:20.192;0:12.119;234.7;Paul Holton;;GTD;;Compass Racing;McLaren;
76;1;123;53.367;0;;21.881;0;19.436;0;12.050;0;160.0;1:52:49.901;17:02:51.829;0:21.881;0:19.436;0:12.050;235.2;Paul Holton;;GTD;;Compass Racing;McLaren;
76;1;124;53.852;0;;21.986;0;19.630;0;12.236;0;158.6;1:53:43.753;17:03:45.681;0:21.986;0:19.630;0:12.236;235.2;Paul Holton;;GTD;;Compass Racing;McLaren;
76;1;125;53.386;0;;21.791;0;19.457;0;12.138;0;160.0;1:54:37.139;17:04:39.067;0:21.791;0:19.457;0:12.138;233.7;Paul Holton;;GTD;;Compass Racing;McLaren;
76;1;126;53.517;0;;21.936;0;19.484;0;12.097;0;159.6;1:55:30.656;17:05:32.584;0:21.936;0:19.484;0:12.097;232.7;Paul Holton;;GTD;;Compass Racing;McLaren;
76;1;127;53.775;0;;21.958;0;19.598;0;12.219;0;158.8;1:56:24.431;17:06:26.359;0:21.958;0:19.598;0:12.219;234.2;Paul Holton;;GTD;;Compass Racing;McLaren;
76;1;128;54.429;0;;21.949;0;20.148;0;12.332;0;156.9;1:57:18.860;17:07:20.788;0:21.949;0:20.148;0:12.332;233.2;Paul Holton;;GTD;;Compass Racing;McLaren;
76;1;129;54.020;0;;21.976;0;19.875;0;12.169;0;158.1;1:58:12.880;17:08:14.808;0:21.976;0:19.875;0:12.169;231.3;Paul Holton;;GTD;;Compass Racing;McLaren;
76;1;130;53.602;0;;21.900;0;19.560;0;12.142;0;159.3;1:59:06.482;17:09:08.410;0:21.900;0:19.560;0:12.142;234.7;Paul Holton;;GTD;;Compass Racing;McLaren;
76;1;131;53.598;0;;21.873;0;19.580;0;12.145;0;159.3;2:00:00.080;17:10:02.008;0:21.873;0:19.580;0:12.145;234.2;Paul Holton;;GTD;;Compass Racing;McLaren;
76;1;132;53.758;0;;22.082;0;19.535;0;12.141;0;158.9;2:00:53.838;17:10:55.766;0:22.082;0:19.535;0:12.141;234.7;Paul Holton;;GTD;;Compass Racing;McLaren;
76;1;133;53.983;0;;21.995;0;19.831;0;12.157;0;158.2;2:01:47.821;17:11:49.749;0:21.995;0:19.831;0:12.157;234.7;Paul Holton;;GTD;;Compass Racing;McLaren;
76;1;134;55.413;0;;23.148;0;20.074;0;12.191;0;154.1;2:02:43.234;17:12:45.162;0:23.148;0:20.074;0:12.191;233.7;Paul Holton;;GTD;;Compass Racing;McLaren;
76;1;135;54.549;0;;22.609;0;19.748;0;12.192;0;156.6;2:03:37.783;17:13:39.711;0:22.609;0:19.748;0:12.192;232.7;Paul Holton;;GTD;;Compass Racing;McLaren;
76;1;136;54.137;0;;22.064;0;19.876;0;12.197;0;157.7;2:04:31.920;17:14:33.848;0:22.064;0:19.876;0:12.197;234.7;Paul Holton;;GTD;;Compass Racing;McLaren;
76;1;137;54.806;0;;22.525;0;19.972;0;12.309;0;155.8;2:05:26.726;17:15:28.654;0:22.525;0:19.972;0:12.309;234.7;Paul Holton;;GTD;;Compass Racing;McLaren;
76;1;138;53.988;0;;22.126;0;19.701;0;12.161;0;158.2;2:06:20.714;17:16:22.642;0:22.126;0:19.701;0:12.161;233.7;Paul Holton;;GTD;;Compass Racing;McLaren;
76;1;139;53.697;0;;22.092;0;19.482;0;12.123;0;159.0;2:07:14.411;17:17:16.339;0:22.092;0:19.482;0:12.123;234.7;Paul Holton;;GTD;;Compass Racing;McLaren;
76;1;140;53.720;0;;22.035;0;19.510;0;12.175;0;159.0;2:08:08.131;17:18:10.059;0:22.035;0:19.510;0:12.175;234.7;Paul Holton;;GTD;;Compass Racing;McLaren;
76;1;141;1:02.158;0;;30.117;0;19.759;0;12.282;0;137.4;2:09:10.289;17:19:12.217;0:30.117;0:19.759;0:12.282;234.7;Paul Holton;;GTD;;Compass Racing;McLaren;
76;1;142;54.068;0;;22.168;0;19.695;0;12.205;0;157.9;2:10:04.357;17:20:06.285;0:22.168;0:19.695;0:12.205;233.7;Paul Holton;;GTD;;Compass Racing;McLaren;
76;1;143;54.944;0;;23.044;0;19.770;0;12.130;0;155.4;2:10:59.301;17:21:01.229;0:23.044;0:19.770;0:12.130;235.2;Paul Holton;;GTD;;Compass Racing;McLaren;
76;1;144;55.387;0;;23.260;0;19.745;0;12.382;0;154.2;2:11:54.688;17:21:56.616;0:23.260;0:19.745;0:12.382;236.2;Paul Holton;;GTD;;Compass Racing;McLaren;
76;1;145;53.760;0;;22.088;0;19.507;0;12.165;0;158.9;2:12:48.448;17:22:50.376;0:22.088;0:19.507;0:12.165;233.2;Paul Holton;;GTD;;Compass Racing;McLaren;
76;1;146;55.281;0;;23.029;0;19.875;0;12.377;0;154.5;2:13:43.729;17:23:45.657;0:23.029;0:19.875;0:12.377;234.2;Paul Holton;;GTD;;Compass Racing;McLaren;
76;1;147;54.163;0;;22.312;0;19.661;0;12.190;0;157.7;2:14:37.892;17:24:39.820;0:22.312;0:19.661;0:12.190;232.7;Paul Holton;;GTD;;Compass Racing;McLaren;
76;1;148;54.432;0;;22.493;0;19.663;0;12.276;0;156.9;2:15:32.324;17:25:34.252;0:22.493;0:19.663;0:12.276;233.7;Paul Holton;;GTD;;Compass Racing;McLaren;
76;1;149;54.166;0;;22.237;0;19.641;0;12.288;0;157.7;2:16:26.490;17:26:28.418;0:22.237;0:19.641;0:12.288;234.2;Paul Holton;;GTD;;Compass Racing;McLaren;
76;1;150;54.016;0;;22.226;0;19.597;0;12.193;0;158.1;2:17:20.506;17:27:22.434;0:22.226;0:19.597;0:12.193;233.2;Paul Holton;;GTD;;Compass Racing;McLaren;
76;1;151;54.076;0;;22.225;0;19.635;0;12.216;0;157.9;2:18:14.582;17:28:16.510;0:22.225;0:19.635;0:12.216;234.2;Paul Holton;;GTD;;Compass Racing;McLaren;
76;1;152;59.257;0;;23.164;0;21.696;0;14.397;0;144.1;2:19:13.839;17:29:15.767;0:23.164;0:21.696;0:14.397;234.2;Paul Holton;;GTD;;Compass Racing;McLaren;
76;1;153;56.206;0;;23.606;0;20.124;0;12.476;0;151.9;2:20:10.045;17:30:11.973;0:23.606;0:20.124;0:12.476;219.9;Paul Holton;;GTD;;Compass Racing;McLaren;
76;1;154;56.579;0;;22.613;0;21.387;0;12.579;0;150.9;2:21:06.624;17:31:08.552;0:22.613;0:21.387;0:12.579;233.2;Paul Holton;;GTD;;Compass Racing;McLaren;
76;1;155;54.624;0;;22.655;0;19.763;0;12.206;0;156.3;2:22:01.248;17:32:03.176;0:22.655;0:19.763;0:12.206;231.7;Paul Holton;;GTD;;Compass Racing;McLaren;
76;1;156;54.645;0;;22.367;0;20.014;0;12.264;0;156.3;2:22:55.893;17:32:57.821;0:22.367;0:20.014;0:12.264;234.2;Paul Holton;;GTD;;Compass Racing;McLaren;
76;1;157;55.534;0;;22.573;0;19.972;0;12.989;0;153.8;2:23:51.427;17:33:53.355;0:22.573;0:19.972;0:12.989;234.7;Paul Holton;;GTD;;Compass Racing;McLaren;
76;1;158;54.873;0;;22.599;0;19.945;0;12.329;0;155.6;2:24:46.300;17:34:48.228;0:22.599;0:19.945;0:12.329;229.4;Paul Holton;;GTD;;Compass Racing;McLaren;
76;1;159;54.481;0;;22.426;0;19.711;0;12.344;0;156.7;2:25:40.781;17:35:42.709;0:22.426;0:19.711;0:12.344;232.7;Paul Holton;;GTD;;Compass Racing;McLaren;
76;1;160;55.274;0;;22.377;0;20.475;0;12.422;0;154.5;2:26:36.055;17:36:37.983;0:22.377;0:20.475;0:12.422;234.2;Paul Holton;;GTD;;Compass Racing;McLaren;
76;1;161;54.984;0;;22.594;0;20.037;0;12.353;0;155.3;2:27:31.039;17:37:32.967;0:22.594;0:20.037;0:12.353;233.2;Paul Holton;;GTD;;Compass Racing;McLaren;
76;1;162;54.615;0;;22.531;0;19.876;0;12.208;0;156.4;2:28:25.654;17:38:27.582;0:22.531;0:19.876;0:12.208;233.2;Paul Holton;;GTD;;Compass Racing;McLaren;
76;1;163;54.408;0;;22.509;0;19.615;0;12.284;0;157.0;2:29:20.062;17:39:21.990;0:22.509;0:19.615;0:12.284;234.2;Paul Holton;;GTD;;Compass Racing;McLaren;
76;1;164;54.605;0;;22.305;0;19.923;0;12.377;0;156.4;2:30:14.667;17:40:16.595;0:22.305;0:19.923;0:12.377;233.2;Paul Holton;;GTD;;Compass Racing;McLaren;
76;1;165;55.451;0;;22.473;0;20.198;0;12.780;0;154.0;2:31:10.118;17:41:12.046;0:22.473;0:20.198;0:12.780;233.2;Paul Holton;;GTD;;Compass Racing;McLaren;
76;1;166;54.637;0;;22.545;0;19.773;0;12.319;0;156.3;2:32:04.755;17:42:06.683;0:22.545;0:19.773;0:12.319;232.2;Paul Holton;;GTD;;Compass Racing;McLaren;
76;1;167;54.522;0;;22.440;0;19.805;0;12.277;0;156.6;2:32:59.277;17:43:01.205;0:22.440;0:19.805;0:12.277;234.2;Paul Holton;;GTD;;Compass Racing;McLaren;
76;1;168;54.603;0;;22.504;0;19.854;0;12.245;0;156.4;2:33:53.880;17:43:55.808;0:22.504;0:19.854;0:12.245;234.7;Paul Holton;;GTD;;Compass Racing;McLaren;
76;1;169;54.688;0;;22.574;0;19.703;0;12.411;0;156.2;2:34:48.568;17:44:50.496;0:22.574;0:19.703;0:12.411;234.2;Paul Holton;;GTD;;Compass Racing;McLaren;
76;1;170;55.241;0;;22.784;0;19.876;0;12.581;0;154.6;2:35:43.809;17:45:45.737;0:22.784;0:19.876;0:12.581;232.7;Paul Holton;;GTD;;Compass Racing;McLaren;
76;1;171;55.440;0;;22.673;0;20.086;0;12.681;0;154.0;2:36:39.249;17:46:41.177;0:22.673;0:20.086;0:12.681;232.2;Paul Holton;;GTD;;Compass Racing;McLaren;
76;1;172;56.491;0;;23.055;0;20.581;0;12.855;0;151.2;2:37:35.740;17:47:37.668;0:23.055;0:20.581;0:12.855;232.7;Paul Holton;;GTD;;Compass Racing;McLaren;
76;1;173;55.665;0;;22.732;0;20.413;0;12.520;0;153.4;2:38:31.405;17:48:33.333;0:22.732;0:20.413;0:12.520;231.3;Paul Holton;;GTD;;Compass Racing;McLaren;
76;1;174;56.080;0;;23.090;0;20.474;0;12.516;0;152.3;2:39:27.485;17:49:29.413;0:23.090;0:20.474;0:12.516;232.7;Paul Holton;;GTD;;Compass Racing;McLaren;
76;1;175;54.982;0;;22.699;0;19.860;0;12.423;0;155.3;2:40:22.467;17:50:24.395;0:22.699;0:19.860;0:12.423;231.7;Paul Holton;;GTD;;Compass Racing;McLaren;
86;2;1;56.990;0;;25.094;0;19.757;0;12.139;0;149.8;56.990;15:10:58.918;0:25.094;0:19.757;0:12.139;217.7;Trent Hindman;;GTD;;Meyer Shank Racing w/ Curb-Agajanian;Acura;
86;2;2;53.425;0;;21.949;0;19.489;0;11.987;0;159.8;1:50.415;15:11:52.343;0:21.949;0:19.489;0:11.987;235.7;Trent Hindman;;GTD;;Meyer Shank Racing w/ Curb-Agajanian;Acura;
86;2;3;52.971;0;;21.766;0;19.257;0;11.948;0;161.2;2:43.386;15:12:45.314;0:21.766;0:19.257;0:11.948;235.7;Trent Hindman;;GTD;;Meyer Shank Racing w/ Curb-Agajanian;Acura;
86;2;4;52.724;0;;21.543;0;19.265;0;11.916;0;162.0;3:36.110;15:13:38.038;0:21.543;0:19.265;0:11.916;235.7;Trent Hindman;;GTD;;Meyer Shank Racing w/ Curb-Agajanian;Acura;
86;2;5;52.701;0;;21.465;0;19.290;0;11.946;0;162.0;4:28.811;15:14:30.739;0:21.465;0:19.290;0:11.946;235.7;Trent Hindman;;GTD;;Meyer Shank Racing w/ Curb-Agajanian;Acura;
86;2;6;52.671;0;;21.643;0;19.132;0;11.896;0;162.1;5:21.482;15:15:23.410;0:21.643;0:19.132;0:11.896;235.7;Trent Hindman;;GTD;;Meyer Shank Racing w/ Curb-Agajanian;Acura;
86;2;7;52.581;0;;21.429;1;19.271;0;11.881;0;162.4;6:14.063;15:16:15.991;0:21.429;0:19.271;0:11.881;236.7;Trent Hindman;;GTD;;Meyer Shank Racing w/ Curb-Agajanian;Acura;
86;2;8;52.575;0;;21.501;0;19.212;0;11.862;1;162.4;7:06.638;15:17:08.566;0:21.501;0:19.212;0:11.862;235.7;Trent Hindman;;GTD;;Meyer Shank Racing w/ Curb-Agajanian;Acura;
86;2;9;52.874;0;;21.632;0;19.259;0;11.983;0;161.5;7:59.512;15:18:01.440;0:21.632;0:19.259;0:11.983;235.7;Trent Hindman;;GTD;;Meyer Shank Racing w/ Curb-Agajanian;Acura;
86;2;10;53.019;0;;21.592;0;19.229;0;12.198;0;161.1;8:52.531;15:18:54.459;0:21.592;0:19.229;0:12.198;235.7;Trent Hindman;;GTD;;Meyer Shank Racing w/ Curb-Agajanian;Acura;
86;2;11;52.697;0;;21.570;0;19.119;1;12.008;0;162.1;9:45.228;15:19:47.156;0:21.570;0:19.119;0:12.008;233.2;Trent Hindman;;GTD;;Meyer Shank Racing w/ Curb-Agajanian;Acura;
86;2;12;52.761;0;;21.584;0;19.219;0;11.958;0;161.9;10:37.989;15:20:39.917;0:21.584;0:19.219;0:11.958;235.7;Trent Hindman;;GTD;;Meyer Shank Racing w/ Curb-Agajanian;Acura;
86;2;13;52.855;0;;21.592;0;19.293;0;11.970;0;161.6;11:30.844;15:21:32.772;0:21.592;0:19.293;0:11.970;235.7;Trent Hindman;;GTD;;Meyer Shank Racing w/ Curb-Agajanian;Acura;
86;2;14;52.816;0;;21.598;0;19.284;0;11.934;0;161.7;12:23.660;15:22:25.588;0:21.598;0:19.284;0:11.934;235.2;Trent Hindman;;GTD;;Meyer Shank Racing w/ Curb-Agajanian;Acura;
86;2;15;52.872;0;;21.623;0;19.222;0;12.027;0;161.5;13:16.532;15:23:18.460;0:21.623;0:19.222;0:12.027;235.2;Trent Hindman;;GTD;;Meyer Shank Racing w/ Curb-Agajanian;Acura;
86;2;16;52.980;0;;21.507;0;19.376;0;12.097;0;161.2;14:09.512;15:24:11.440;0:21.507;0:19.376;0:12.097;234.7;Trent Hindman;;GTD;;Meyer Shank Racing w/ Curb-Agajanian;Acura;
86;2;17;53.014;0;;21.614;0;19.348;0;12.052;0;161.1;15:02.526;15:25:04.454;0:21.614;0:19.348;0:12.052;234.2;Trent Hindman;;GTD;;Meyer Shank Racing w/ Curb-Agajanian;Acura;
86;2;18;52.995;0;;21.562;0;19.395;0;12.038;0;161.1;15:55.521;15:25:57.449;0:21.562;0:19.395;0:12.038;233.7;Trent Hindman;;GTD;;Meyer Shank Racing w/ Curb-Agajanian;Acura;
86;2;19;53.105;0;;21.687;0;19.353;0;12.065;0;160.8;16:48.626;15:26:50.554;0:21.687;0:19.353;0:12.065;234.2;Trent Hindman;;GTD;;Meyer Shank Racing w/ Curb-Agajanian;Acura;
86;2;20;53.075;0;;21.668;0;19.334;0;12.073;0;160.9;17:41.701;15:27:43.629;0:21.668;0:19.334;0:12.073;233.7;Trent Hindman;;GTD;;Meyer Shank Racing w/ Curb-Agajanian;Acura;
86;2;21;52.992;0;;21.592;0;19.376;0;12.024;0;161.2;18:34.693;15:28:36.621;0:21.592;0:19.376;0:12.024;234.2;Trent Hindman;;GTD;;Meyer Shank Racing w/ Curb-Agajanian;Acura;
86;2;22;53.273;0;;21.808;0;19.406;0;12.059;0;160.3;19:27.966;15:29:29.894;0:21.808;0:19.406;0:12.059;235.2;Trent Hindman;;GTD;;Meyer Shank Racing w/ Curb-Agajanian;Acura;
86;2;23;53.151;0;;21.730;0;19.377;0;12.044;0;160.7;20:21.117;15:30:23.045;0:21.730;0:19.377;0:12.044;234.7;Trent Hindman;;GTD;;Meyer Shank Racing w/ Curb-Agajanian;Acura;
86;2;24;53.311;0;;21.807;0;19.446;0;12.058;0;160.2;21:14.428;15:31:16.356;0:21.807;0:19.446;0:12.058;234.7;Trent Hindman;;GTD;;Meyer Shank Racing w/ Curb-Agajanian;Acura;
86;2;25;53.365;0;;21.835;0;19.491;0;12.039;0;160.0;22:07.793;15:32:09.721;0:21.835;0:19.491;0:12.039;234.7;Trent Hindman;;GTD;;Meyer Shank Racing w/ Curb-Agajanian;Acura;
86;2;26;53.229;0;;21.818;0;19.375;0;12.036;0;160.4;23:01.022;15:33:02.950;0:21.818;0:19.375;0:12.036;234.2;Trent Hindman;;GTD;;Meyer Shank Racing w/ Curb-Agajanian;Acura;
86;2;27;53.444;0;;21.866;0;19.486;0;12.092;0;159.8;23:54.466;15:33:56.394;0:21.866;0:19.486;0:12.092;235.7;Trent Hindman;;GTD;;Meyer Shank Racing w/ Curb-Agajanian;Acura;
86;2;28;53.307;0;;21.684;0;19.522;0;12.101;0;160.2;24:47.773;15:34:49.701;0:21.684;0:19.522;0:12.101;234.7;Trent Hindman;;GTD;;Meyer Shank Racing w/ Curb-Agajanian;Acura;
86;2;29;53.456;0;;21.898;0;19.482;0;12.076;0;159.8;25:41.229;15:35:43.157;0:21.898;0:19.482;0:12.076;234.7;Trent Hindman;;GTD;;Meyer Shank Racing w/ Curb-Agajanian;Acura;
86;2;30;53.235;0;;21.724;0;19.424;0;12.087;0;160.4;26:34.464;15:36:36.392;0:21.724;0:19.424;0:12.087;234.2;Trent Hindman;;GTD;;Meyer Shank Racing w/ Curb-Agajanian;Acura;
86;2;31;53.520;0;;21.825;0;19.598;0;12.097;0;159.6;27:27.984;15:37:29.912;0:21.825;0:19.598;0:12.097;235.2;Trent Hindman;;GTD;;Meyer Shank Racing w/ Curb-Agajanian;Acura;
86;2;32;53.390;0;;21.887;0;19.424;0;12.079;0;160.0;28:21.374;15:38:23.302;0:21.887;0:19.424;0:12.079;234.7;Trent Hindman;;GTD;;Meyer Shank Racing w/ Curb-Agajanian;Acura;
86;2;33;53.515;0;;21.909;0;19.533;0;12.073;0;159.6;29:14.889;15:39:16.817;0:21.909;0:19.533;0:12.073;234.2;Trent Hindman;;GTD;;Meyer Shank Racing w/ Curb-Agajanian;Acura;
86;2;34;53.393;0;;21.876;0;19.420;0;12.097;0;159.9;30:08.282;15:40:10.210;0:21.876;0:19.420;0:12.097;235.7;Trent Hindman;;GTD;;Meyer Shank Racing w/ Curb-Agajanian;Acura;
86;2;35;53.258;0;;21.823;0;19.394;0;12.041;0;160.3;31:01.540;15:41:03.468;0:21.823;0:19.394;0:12.041;234.7;Trent Hindman;;GTD;;Meyer Shank Racing w/ Curb-Agajanian;Acura;
86;2;36;53.546;0;;21.914;0;19.563;0;12.069;0;159.5;31:55.086;15:41:57.014;0:21.914;0:19.563;0:12.069;235.2;Trent Hindman;;GTD;;Meyer Shank Racing w/ Curb-Agajanian;Acura;
86;2;37;53.704;0;;21.999;0;19.573;0;12.132;0;159.0;32:48.790;15:42:50.718;0:21.999;0:19.573;0:12.132;235.2;Trent Hindman;;GTD;;Meyer Shank Racing w/ Curb-Agajanian;Acura;
86;2;38;53.657;0;;21.993;0;19.531;0;12.133;0;159.2;33:42.447;15:43:44.375;0:21.993;0:19.531;0:12.133;234.7;Trent Hindman;;GTD;;Meyer Shank Racing w/ Curb-Agajanian;Acura;
86;2;39;54.485;0;;21.916;0;19.954;0;12.615;0;156.7;34:36.932;15:44:38.860;0:21.916;0:19.954;0:12.615;234.2;Trent Hindman;;GTD;;Meyer Shank Racing w/ Curb-Agajanian;Acura;
86;2;40;56.377;0;;22.380;0;20.774;0;13.223;0;151.5;35:33.309;15:45:35.237;0:22.380;0:20.774;0:13.223;231.3;Trent Hindman;;GTD;;Meyer Shank Racing w/ Curb-Agajanian;Acura;
86;2;41;53.856;0;;22.187;0;19.579;0;12.090;0;158.6;36:27.165;15:46:29.093;0:22.187;0:19.579;0:12.090;223.4;Trent Hindman;;GTD;;Meyer Shank Racing w/ Curb-Agajanian;Acura;
86;2;42;53.810;0;;22.147;0;19.552;0;12.111;0;158.7;37:20.975;15:47:22.903;0:22.147;0:19.552;0:12.111;234.7;Trent Hindman;;GTD;;Meyer Shank Racing w/ Curb-Agajanian;Acura;
86;2;43;53.715;0;;22.038;0;19.593;0;12.084;0;159.0;38:14.690;15:48:16.618;0:22.038;0:19.593;0:12.084;233.7;Trent Hindman;;GTD;;Meyer Shank Racing w/ Curb-Agajanian;Acura;
86;2;44;54.388;0;;22.574;0;19.650;0;12.164;0;157.0;39:09.078;15:49:11.006;0:22.574;0:19.650;0:12.164;235.2;Trent Hindman;;GTD;;Meyer Shank Racing w/ Curb-Agajanian;Acura;
86;2;45;53.949;0;;22.087;0;19.619;0;12.243;0;158.3;40:03.027;15:50:04.955;0:22.087;0:19.619;0:12.243;234.2;Trent Hindman;;GTD;;Meyer Shank Racing w/ Curb-Agajanian;Acura;
86;2;46;53.915;0;;22.146;0;19.604;0;12.165;0;158.4;40:56.942;15:50:58.870;0:22.146;0:19.604;0:12.165;233.7;Trent Hindman;;GTD;;Meyer Shank Racing w/ Curb-Agajanian;Acura;
86;2;47;54.146;0;;22.221;0;19.728;0;12.197;0;157.7;41:51.088;15:51:53.016;0:22.221;0:19.728;0:12.197;234.2;Trent Hindman;;GTD;;Meyer Shank Racing w/ Curb-Agajanian;Acura;
86;2;48;54.326;0;;22.002;0;19.894;0;12.430;0;157.2;42:45.414;15:52:47.342;0:22.002;0:19.894;0:12.430;233.2;Trent Hindman;;GTD;;Meyer Shank Racing w/ Curb-Agajanian;Acura;
86;2;49;53.887;0;;22.072;0;19.632;0;12.183;0;158.5;43:39.301;15:53:41.229;0:22.072;0:19.632;0:12.183;233.7;Trent Hindman;;GTD;;Meyer Shank Racing w/ Curb-Agajanian;Acura;
86;2;50;53.932;0;;22.118;0;19.584;0;12.230;0;158.3;44:33.233;15:54:35.161;0:22.118;0:19.584;0:12.230;234.2;Trent Hindman;;GTD;;Meyer Shank Racing w/ Curb-Agajanian;Acura;
86;2;51;53.660;0;;22.012;0;19.497;0;12.151;0;159.1;45:26.893;15:55:28.821;0:22.012;0:19.497;0:12.151;233.7;Trent Hindman;;GTD;;Meyer Shank Racing w/ Curb-Agajanian;Acura;
86;2;52;53.831;0;;22.044;0;19.588;0;12.199;0;158.6;46:20.724;15:56:22.652;0:22.044;0:19.588;0:12.199;235.2;Trent Hindman;;GTD;;Meyer Shank Racing w/ Curb-Agajanian;Acura;
86;2;53;53.837;0;;22.084;0;19.624;0;12.129;0;158.6;47:14.561;15:57:16.489;0:22.084;0:19.624;0:12.129;234.2;Trent Hindman;;GTD;;Meyer Shank Racing w/ Curb-Agajanian;Acura;
86;2;54;54.048;0;;22.095;0;19.691;0;12.262;0;158.0;48:08.609;15:58:10.537;0:22.095;0:19.691;0:12.262;235.2;Trent Hindman;;GTD;;Meyer Shank Racing w/ Curb-Agajanian;Acura;
86;2;55;53.868;0;;22.052;0;19.624;0;12.192;0;158.5;49:02.477;15:59:04.405;0:22.052;0:19.624;0:12.192;234.2;Trent Hindman;;GTD;;Meyer Shank Racing w/ Curb-Agajanian;Acura;
86;2;56;54.338;0;;22.213;0;19.834;0;12.291;0;157.2;49:56.815;15:59:58.743;0:22.213;0:19.834;0:12.291;234.7;Trent Hindman;;GTD;;Meyer Shank Racing w/ Curb-Agajanian;Acura;
86;2;57;54.078;0;;22.206;0;19.663;0;12.209;0;157.9;50:50.893;16:00:52.821;0:22.206;0:19.663;0:12.209;234.2;Trent Hindman;;GTD;;Meyer Shank Racing w/ Curb-Agajanian;Acura;
86;2;58;54.015;0;;22.220;0;19.599;0;12.196;0;158.1;51:44.908;16:01:46.836;0:22.220;0:19.599;0:12.196;234.2;Trent Hindman;;GTD;;Meyer Shank Racing w/ Curb-Agajanian;Acura;
86;2;59;53.897;0;;22.102;0;19.650;0;12.145;0;158.4;52:38.805;16:02:40.733;0:22.102;0:19.650;0:12.145;234.2;Trent Hindman;;GTD;;Meyer Shank Racing w/ Curb-Agajanian;Acura;
86;2;60;53.840;0;;22.154;0;19.539;0;12.147;0;158.6;53:32.645;16:03:34.573;0:22.154;0:19.539;0:12.147;233.7;Trent Hindman;;GTD;;Meyer Shank Racing w/ Curb-Agajanian;Acura;
86;2;61;53.859;0;;22.107;0;19.587;0;12.165;0;158.6;54:26.504;16:04:28.432;0:22.107;0:19.587;0:12.165;234.7;Trent Hindman;;GTD;;Meyer Shank Racing w/ Curb-Agajanian;Acura;
86;2;62;53.830;0;;22.018;0;19.636;0;12.176;0;158.6;55:20.334;16:05:22.262;0:22.018;0:19.636;0:12.176;234.7;Trent Hindman;;GTD;;Meyer Shank Racing w/ Curb-Agajanian;Acura;
86;2;63;1:05.102;0;B;22.365;0;19.670;0;23.067;0;131.2;56:25.436;16:06:27.364;0:22.365;0:19.670;0:23.067;234.2;Trent Hindman;;GTD;;Meyer Shank Racing w/ Curb-Agajanian;Acura;
86;1;64;1:42.064;0;;1:10.590;0;19.384;0;12.090;0;83.7;58:07.500;16:08:09.428;1:10.590;0:19.384;0:12.090;;Mario Farnbacher;0:00:58.645;GTD;;Meyer Shank Racing w/ Curb-Agajanian;Acura;
86;1;65;52.666;0;;21.743;0;18.958;2;11.965;0;162.2;59:00.166;16:09:02.094;0:21.743;0:18.958;0:11.965;233.7;Mario Farnbacher;;GTD;;Meyer Shank Racing w/ Curb-Agajanian;Acura;
86;1;66;52.482;0;;21.446;0;19.050;0;11.986;0;162.7;59:52.648;16:09:54.576;0:21.446;0:19.050;0:11.986;234.2;Mario Farnbacher;;GTD;;Meyer Shank Racing w/ Curb-Agajanian;Acura;
86;1;67;53.560;0;;22.010;0;19.567;0;11.983;0;159.4;1:00:46.208;16:10:48.136;0:22.010;0:19.567;0:11.983;235.7;Mario Farnbacher;;GTD;;Meyer Shank Racing w/ Curb-Agajanian;Acura;
86;1;68;52.617;0;;21.459;0;19.195;0;11.963;0;162.3;1:01:38.825;16:11:40.753;0:21.459;0:19.195;0:11.963;234.7;Mario Farnbacher;;GTD;;Meyer Shank Racing w/ Curb-Agajanian;Acura;
86;1;69;53.543;0;;22.032;0;19.398;0;12.113;0;159.5;1:02:32.368;16:12:34.296;0:22.032;0:19.398;0:12.113;235.7;Mario Farnbacher;;GTD;;Meyer Shank Racing w/ Curb-Agajanian;Acura;
86;1;70;53.291;0;;21.820;0;19.439;0;12.032;0;160.2;1:03:25.659;16:13:27.587;0:21.820;0:19.439;0:12.032;235.7;Mario Farnbacher;;GTD;;Meyer Shank Racing w/ Curb-Agajanian;Acura;
86;1;71;53.912;0;;21.983;0;19.862;0;12.067;0;158.4;1:04:19.571;16:14:21.499;0:21.983;0:19.862;0:12.067;235.7;Mario Farnbacher;;GTD;;Meyer Shank Racing w/ Curb-Agajanian;Acura;
86;1;72;53.476;0;;21.873;0;19.343;0;12.260;0;159.7;1:05:13.047;16:15:14.975;0:21.873;0:19.343;0:12.260;234.7;Mario Farnbacher;;GTD;;Meyer Shank Racing w/ Curb-Agajanian;Acura;
86;1;73;54.621;0;;22.622;0;19.556;0;12.443;0;156.3;1:06:07.668;16:16:09.596;0:22.622;0:19.556;0:12.443;234.2;Mario Farnbacher;;GTD;;Meyer Shank Racing w/ Curb-Agajanian;Acura;
86;1;74;53.597;0;;21.643;0;19.840;0;12.114;0;159.3;1:07:01.265;16:17:03.193;0:21.643;0:19.840;0:12.114;231.3;Mario Farnbacher;;GTD;;Meyer Shank Racing w/ Curb-Agajanian;Acura;
86;1;75;53.578;0;;21.777;0;19.685;0;12.116;0;159.4;1:07:54.843;16:17:56.771;0:21.777;0:19.685;0:12.116;236.7;Mario Farnbacher;;GTD;;Meyer Shank Racing w/ Curb-Agajanian;Acura;
86;1;76;53.130;0;;21.777;0;19.412;0;11.941;0;160.7;1:08:47.973;16:18:49.901;0:21.777;0:19.412;0:11.941;236.7;Mario Farnbacher;;GTD;;Meyer Shank Racing w/ Curb-Agajanian;Acura;
86;1;77;52.779;0;;21.556;0;19.187;0;12.036;0;161.8;1:09:40.752;16:19:42.680;0:21.556;0:19.187;0:12.036;237.2;Mario Farnbacher;;GTD;;Meyer Shank Racing w/ Curb-Agajanian;Acura;
86;1;78;52.892;0;;21.793;0;19.179;0;11.920;0;161.5;1:10:33.644;16:20:35.572;0:21.793;0:19.179;0:11.920;236.2;Mario Farnbacher;;GTD;;Meyer Shank Racing w/ Curb-Agajanian;Acura;
86;1;79;52.683;0;;21.601;0;19.188;0;11.894;0;162.1;1:11:26.327;16:21:28.255;0:21.601;0:19.188;0:11.894;237.2;Mario Farnbacher;;GTD;;Meyer Shank Racing w/ Curb-Agajanian;Acura;
86;1;80;52.811;0;;21.681;0;19.211;0;11.919;0;161.7;1:12:19.138;16:22:21.066;0:21.681;0:19.211;0:11.919;237.7;Mario Farnbacher;;GTD;;Meyer Shank Racing w/ Curb-Agajanian;Acura;
86;1;81;52.807;0;;21.650;0;19.236;0;11.921;0;161.7;1:13:11.945;16:23:13.873;0:21.650;0:19.236;0:11.921;236.2;Mario Farnbacher;;GTD;;Meyer Shank Racing w/ Curb-Agajanian;Acura;
86;1;82;53.043;0;;21.670;0;19.386;0;11.987;0;161.0;1:14:04.988;16:24:06.916;0:21.670;0:19.386;0:11.987;237.7;Mario Farnbacher;;GTD;;Meyer Shank Racing w/ Curb-Agajanian;Acura;
86;1;83;53.046;0;;21.746;0;19.339;0;11.961;0;161.0;1:14:58.034;16:24:59.962;0:21.746;0:19.339;0:11.961;236.7;Mario Farnbacher;;GTD;;Meyer Shank Racing w/ Curb-Agajanian;Acura;
86;1;84;53.022;0;;21.751;0;19.294;0;11.977;0;161.1;1:15:51.056;16:25:52.984;0:21.751;0:19.294;0:11.977;237.2;Mario Farnbacher;;GTD;;Meyer Shank Racing w/ Curb-Agajanian;Acura;
86;1;85;53.691;0;;21.844;0;19.878;0;11.969;0;159.1;1:16:44.747;16:26:46.675;0:21.844;0:19.878;0:11.969;237.2;Mario Farnbacher;;GTD;;Meyer Shank Racing w/ Curb-Agajanian;Acura;
86;1;86;52.996;0;;21.714;0;19.364;0;11.918;0;161.1;1:17:37.743;16:27:39.671;0:21.714;0:19.364;0:11.918;237.2;Mario Farnbacher;;GTD;;Meyer Shank Racing w/ Curb-Agajanian;Acura;
86;1;87;53.417;0;;22.004;0;19.386;0;12.027;0;159.9;1:18:31.160;16:28:33.088;0:22.004;0:19.386;0:12.027;237.2;Mario Farnbacher;;GTD;;Meyer Shank Racing w/ Curb-Agajanian;Acura;
86;1;88;53.170;0;;21.742;0;19.413;0;12.015;0;160.6;1:19:24.330;16:29:26.258;0:21.742;0:19.413;0:12.015;236.2;Mario Farnbacher;;GTD;;Meyer Shank Racing w/ Curb-Agajanian;Acura;
86;1;89;53.141;0;;21.823;0;19.359;0;11.959;0;160.7;1:20:17.471;16:30:19.399;0:21.823;0:19.359;0:11.959;235.2;Mario Farnbacher;;GTD;;Meyer Shank Racing w/ Curb-Agajanian;Acura;
86;1;90;53.065;0;;21.795;0;19.282;0;11.988;0;160.9;1:21:10.536;16:31:12.464;0:21.795;0:19.282;0:11.988;236.7;Mario Farnbacher;;GTD;;Meyer Shank Racing w/ Curb-Agajanian;Acura;
86;1;91;53.289;0;;21.794;0;19.446;0;12.049;0;160.3;1:22:03.825;16:32:05.753;0:21.794;0:19.446;0:12.049;236.7;Mario Farnbacher;;GTD;;Meyer Shank Racing w/ Curb-Agajanian;Acura;
86;1;92;53.638;0;;21.886;0;19.627;0;12.125;0;159.2;1:22:57.463;16:32:59.391;0:21.886;0:19.627;0:12.125;236.7;Mario Farnbacher;;GTD;;Meyer Shank Racing w/ Curb-Agajanian;Acura;
86;1;93;54.511;0;;22.494;0;19.714;0;12.303;0;156.7;1:23:51.974;16:33:53.902;0:22.494;0:19.714;0:12.303;236.2;Mario Farnbacher;;GTD;;Meyer Shank Racing w/ Curb-Agajanian;Acura;
86;1;94;53.942;0;;22.208;0;19.622;0;12.112;0;158.3;1:24:45.916;16:34:47.844;0:22.208;0:19.622;0:12.112;236.2;Mario Farnbacher;;GTD;;Meyer Shank Racing w/ Curb-Agajanian;Acura;
86;1;95;55.478;0;;;0;;0;12.097;0;153.9;1:25:41.394;16:35:43.322;;;0:12.097;236.7;Mario Farnbacher;;GTD;;Meyer Shank Racing w/ Curb-Agajanian;Acura;
86;1;96;54.861;0;;22.104;0;20.222;0;12.535;0;155.7;1:26:36.255;16:36:38.183;0:22.104;0:20.222;0:12.535;237.2;Mario Farnbacher;;GTD;;Meyer Shank Racing w/ Curb-Agajanian;Acura;
86;1;97;54.603;0;;22.854;0;19.676;0;12.073;0;156.4;1:27:30.858;16:37:32.786;0:22.854;0:19.676;0:12.073;234.7;Mario Farnbacher;;GTD;;Meyer Shank Racing w/ Curb-Agajanian;Acura;
86;1;98;53.936;0;;22.181;0;19.588;0;12.167;0;158.3;1:28:24.794;16:38:26.722;0:22.181;0:19.588;0:12.167;236.7;Mario Farnbacher;;GTD;;Meyer Shank Racing w/ Curb-Agajanian;Acura;
86;1;99;54.041;0;;22.111;0;19.776;0;12.154;0;158.0;1:29:18.835;16:39:20.763;0:22.111;0:19.776;0:12.154;235.7;Mario Farnbacher;;GTD;;Meyer Shank Racing w/ Curb-Agajanian;Acura;
86;1;100;53.727;0;;22.089;0;19.469;0;12.169;0;158.9;1:30:12.562;16:40:14.490;0:22.089;0:19.469;0:12.169;236.2;Mario Farnbacher;;GTD;;Meyer Shank Racing w/ Curb-Agajanian;Acura;
86;1;101;54.480;0;;22.163;0;19.889;0;12.428;0;156.8;1:31:07.042;16:41:08.970;0:22.163;0:19.889;0:12.428;236.7;Mario Farnbacher;;GTD;;Meyer Shank Racing w/ Curb-Agajanian;Acura;
86;1;102;53.960;0;;22.268;0;19.600;0;12.092;0;158.3;1:32:01.002;16:42:02.930;0:22.268;0:19.600;0:12.092;235.2;Mario Farnbacher;;GTD;;Meyer Shank Racing w/ Curb-Agajanian;Acura;
86;1;103;53.411;0;;21.837;0;19.487;0;12.087;0;159.9;1:32:54.413;16:42:56.341;0:21.837;0:19.487;0:12.087;235.7;Mario Farnbacher;;GTD;;Meyer Shank Racing w/ Curb-Agajanian;Acura;
86;1;104;53.992;0;;21.933;0;19.579;0;12.480;0;158.2;1:33:48.405;16:43:50.333;0:21.933;0:19.579;0:12.480;236.2;Mario Farnbacher;;GTD;;Meyer Shank Racing w/ Curb-Agajanian;Acura;
86;1;105;54.217;0;;22.307;0;19.668;0;12.242;0;157.5;1:34:42.622;16:44:44.550;0:22.307;0:19.668;0:12.242;234.7;Mario Farnbacher;;GTD;;Meyer Shank Racing w/ Curb-Agajanian;Acura;
86;1;106;55.125;0;;22.786;0;19.957;0;12.382;0;154.9;1:35:37.747;16:45:39.675;0:22.786;0:19.957;0:12.382;235.7;Mario Farnbacher;;GTD;;Meyer Shank Racing w/ Curb-Agajanian;Acura;
86;1;107;1:05.587;0;B;22.712;0;19.655;0;23.220;0;130.2;1:36:43.334;16:46:45.262;0:22.712;0:19.655;0:23.220;231.7;Mario Farnbacher;;GTD;;Meyer Shank Racing w/ Curb-Agajanian;Acura;
86;1;108;1:31.243;0;;59.726;0;19.389;0;12.128;0;93.6;1:38:14.577;16:48:16.505;0:59.726;0:19.389;0:12.128;;Mario Farnbacher;0:00:48.207;GTD;;Meyer Shank Racing w/ Curb-Agajanian;Acura;
86;1;109;53.009;0;;21.763;0;19.245;0;12.001;0;161.1;1:39:07.586;16:49:09.514;0:21.763;0:19.245;0:12.001;233.7;Mario Farnbacher;;GTD;;Meyer Shank Racing w/ Curb-Agajanian;Acura;
86;1;110;52.824;0;;21.556;0;19.328;0;11.940;0;161.7;1:40:00.410;16:50:02.338;0:21.556;0:19.328;0:11.940;234.7;Mario Farnbacher;;GTD;;Meyer Shank Racing w/ Curb-Agajanian;Acura;
86;1;111;52.663;0;;21.470;0;19.259;0;11.934;0;162.2;1:40:53.073;16:50:55.001;0:21.470;0:19.259;0:11.934;235.2;Mario Farnbacher;;GTD;;Meyer Shank Racing w/ Curb-Agajanian;Acura;
86;1;112;52.309;2;;21.426;0;19.051;0;11.832;2;163.3;1:41:45.382;16:51:47.310;0:21.426;0:19.051;0:11.832;235.7;Mario Farnbacher;;GTD;;Meyer Shank Racing w/ Curb-Agajanian;Acura;
86;1;113;52.437;0;;21.427;0;19.080;0;11.930;0;162.9;1:42:37.819;16:52:39.747;0:21.427;0:19.080;0:11.930;237.2;Mario Farnbacher;;GTD;;Meyer Shank Racing w/ Curb-Agajanian;Acura;
86;1;114;52.480;0;;21.502;0;19.081;0;11.897;0;162.7;1:43:30.299;16:53:32.227;0:21.502;0:19.081;0:11.897;235.7;Mario Farnbacher;;GTD;;Meyer Shank Racing w/ Curb-Agajanian;Acura;
86;1;115;52.370;0;;21.421;2;19.033;0;11.916;0;163.1;1:44:22.669;16:54:24.597;0:21.421;0:19.033;0:11.916;236.2;Mario Farnbacher;;GTD;;Meyer Shank Racing w/ Curb-Agajanian;Acura;
86;1;116;52.499;0;;21.436;0;19.132;0;11.931;0;162.7;1:45:15.168;16:55:17.096;0:21.436;0:19.132;0:11.931;234.7;Mario Farnbacher;;GTD;;Meyer Shank Racing w/ Curb-Agajanian;Acura;
86;1;117;53.241;0;;21.554;0;19.653;0;12.034;0;160.4;1:46:08.409;16:56:10.337;0:21.554;0:19.653;0:12.034;235.2;Mario Farnbacher;;GTD;;Meyer Shank Racing w/ Curb-Agajanian;Acura;
86;1;118;52.872;0;;21.845;0;19.134;0;11.893;0;161.5;1:47:01.281;16:57:03.209;0:21.845;0:19.134;0:11.893;236.7;Mario Farnbacher;;GTD;;Meyer Shank Racing w/ Curb-Agajanian;Acura;
86;1;119;53.285;0;;21.617;0;19.589;0;12.079;0;160.3;1:47:54.566;16:57:56.494;0:21.617;0:19.589;0:12.079;236.7;Mario Farnbacher;;GTD;;Meyer Shank Racing w/ Curb-Agajanian;Acura;
86;1;120;52.748;0;;21.662;0;19.181;0;11.905;0;161.9;1:48:47.314;16:58:49.242;0:21.662;0:19.181;0:11.905;235.2;Mario Farnbacher;;GTD;;Meyer Shank Racing w/ Curb-Agajanian;Acura;
86;1;121;52.959;0;;21.621;0;19.263;0;12.075;0;161.3;1:49:40.273;16:59:42.201;0:21.621;0:19.263;0:12.075;236.2;Mario Farnbacher;;GTD;;Meyer Shank Racing w/ Curb-Agajanian;Acura;
86;1;122;52.597;0;;21.666;0;19.071;0;11.860;0;162.4;1:50:32.870;17:00:34.798;0:21.666;0:19.071;0:11.860;234.2;Mario Farnbacher;;GTD;;Meyer Shank Racing w/ Curb-Agajanian;Acura;
86;1;123;53.030;0;;21.627;0;19.391;0;12.012;0;161.0;1:51:25.900;17:01:27.828;0:21.627;0:19.391;0:12.012;236.7;Mario Farnbacher;;GTD;;Meyer Shank Racing w/ Curb-Agajanian;Acura;
86;1;124;53.396;0;;21.664;0;19.607;0;12.125;0;159.9;1:52:19.296;17:02:21.224;0:21.664;0:19.607;0:12.125;235.7;Mario Farnbacher;;GTD;;Meyer Shank Racing w/ Curb-Agajanian;Acura;
86;1;125;53.453;0;;21.794;0;19.587;0;12.072;0;159.8;1:53:12.749;17:03:14.677;0:21.794;0:19.587;0:12.072;234.7;Mario Farnbacher;;GTD;;Meyer Shank Racing w/ Curb-Agajanian;Acura;
86;1;126;53.462;0;;22.162;0;19.282;0;12.018;0;159.7;1:54:06.211;17:04:08.139;0:22.162;0:19.282;0:12.018;236.7;Mario Farnbacher;;GTD;;Meyer Shank Racing w/ Curb-Agajanian;Acura;
86;1;127;53.205;0;;21.621;0;19.336;0;12.248;0;160.5;1:54:59.416;17:05:01.344;0:21.621;0:19.336;0:12.248;235.2;Mario Farnbacher;;GTD;;Meyer Shank Racing w/ Curb-Agajanian;Acura;
86;1;128;53.631;0;;22.219;0;19.321;0;12.091;0;159.2;1:55:53.047;17:05:54.975;0:22.219;0:19.321;0:12.091;234.2;Mario Farnbacher;;GTD;;Meyer Shank Racing w/ Curb-Agajanian;Acura;
86;1;129;53.275;0;;21.818;0;19.455;0;12.002;0;160.3;1:56:46.322;17:06:48.250;0:21.818;0:19.455;0:12.002;236.2;Mario Farnbacher;;GTD;;Meyer Shank Racing w/ Curb-Agajanian;Acura;
86;1;130;52.965;0;;21.729;0;19.282;0;11.954;0;161.2;1:57:39.287;17:07:41.215;0:21.729;0:19.282;0:11.954;235.2;Mario Farnbacher;;GTD;;Meyer Shank Racing w/ Curb-Agajanian;Acura;
86;1;131;52.914;0;;21.681;0;19.285;0;11.948;0;161.4;1:58:32.201;17:08:34.129;0:21.681;0:19.285;0:11.948;236.7;Mario Farnbacher;;GTD;;Meyer Shank Racing w/ Curb-Agajanian;Acura;
86;1;132;52.988;0;;21.652;0;19.301;0;12.035;0;161.2;1:59:25.189;17:09:27.117;0:21.652;0:19.301;0:12.035;236.7;Mario Farnbacher;;GTD;;Meyer Shank Racing w/ Curb-Agajanian;Acura;
86;1;133;53.108;0;;21.703;0;19.351;0;12.054;0;160.8;2:00:18.297;17:10:20.225;0:21.703;0:19.351;0:12.054;235.2;Mario Farnbacher;;GTD;;Meyer Shank Racing w/ Curb-Agajanian;Acura;
86;1;134;52.954;0;;21.703;0;19.242;0;12.009;0;161.3;2:01:11.251;17:11:13.179;0:21.703;0:19.242;0:12.009;236.7;Mario Farnbacher;;GTD;;Meyer Shank Racing w/ Curb-Agajanian;Acura;
86;1;135;52.861;0;;21.603;0;19.236;0;12.022;0;161.6;2:02:04.112;17:12:06.040;0:21.603;0:19.236;0:12.022;236.2;Mario Farnbacher;;GTD;;Meyer Shank Racing w/ Curb-Agajanian;Acura;
86;1;136;53.033;0;;21.747;0;19.326;0;11.960;0;161.0;2:02:57.145;17:12:59.073;0:21.747;0:19.326;0:11.960;235.7;Mario Farnbacher;;GTD;;Meyer Shank Racing w/ Curb-Agajanian;Acura;
86;1;137;53.280;0;;21.852;0;19.379;0;12.049;0;160.3;2:03:50.425;17:13:52.353;0:21.852;0:19.379;0:12.049;236.7;Mario Farnbacher;;GTD;;Meyer Shank Racing w/ Curb-Agajanian;Acura;
86;1;138;53.119;0;;21.679;0;19.393;0;12.047;0;160.8;2:04:43.544;17:14:45.472;0:21.679;0:19.393;0:12.047;236.7;Mario Farnbacher;;GTD;;Meyer Shank Racing w/ Curb-Agajanian;Acura;
86;1;139;53.714;0;;21.932;0;19.631;0;12.151;0;159.0;2:05:37.258;17:15:39.186;0:21.932;0:19.631;0:12.151;236.7;Mario Farnbacher;;GTD;;Meyer Shank Racing w/ Curb-Agajanian;Acura;
86;1;140;53.717;0;;22.075;0;19.561;0;12.081;0;159.0;2:06:30.975;17:16:32.903;0:22.075;0:19.561;0:12.081;235.2;Mario Farnbacher;;GTD;;Meyer Shank Racing w/ Curb-Agajanian;Acura;
86;1;141;53.293;0;;21.908;0;19.370;0;12.015;0;160.2;2:07:24.268;17:17:26.196;0:21.908;0:19.370;0:12.015;236.2;Mario Farnbacher;;GTD;;Meyer Shank Racing w/ Curb-Agajanian;Acura;
86;1;142;53.270;0;;21.778;0;19.421;0;12.071;0;160.3;2:08:17.538;17:18:19.466;0:21.778;0:19.421;0:12.071;235.2;Mario Farnbacher;;GTD;;Meyer Shank Racing w/ Curb-Agajanian;Acura;
86;1;143;53.384;0;;21.921;0;19.374;0;12.089;0;160.0;2:09:10.922;17:19:12.850;0:21.921;0:19.374;0:12.089;235.7;Mario Farnbacher;;GTD;;Meyer Shank Racing w/ Curb-Agajanian;Acura;
86;1;144;53.620;0;;22.038;0;19.445;0;12.137;0;159.3;2:10:04.542;17:20:06.470;0:22.038;0:19.445;0:12.137;236.7;Mario Farnbacher;;GTD;;Meyer Shank Racing w/ Curb-Agajanian;Acura;
86;1;145;53.543;0;;22.057;0;19.445;0;12.041;0;159.5;2:10:58.085;17:21:00.013;0:22.057;0:19.445;0:12.041;237.2;Mario Farnbacher;;GTD;;Meyer Shank Racing w/ Curb-Agajanian;Acura;
86;1;146;53.631;0;;21.969;0;19.549;0;12.113;0;159.2;2:11:51.716;17:21:53.644;0:21.969;0:19.549;0:12.113;235.7;Mario Farnbacher;;GTD;;Meyer Shank Racing w/ Curb-Agajanian;Acura;
86;1;147;54.119;0;;22.727;0;19.391;0;12.001;0;157.8;2:12:45.835;17:22:47.763;0:22.727;0:19.391;0:12.001;235.2;Mario Farnbacher;;GTD;;Meyer Shank Racing w/ Curb-Agajanian;Acura;
86;1;148;53.272;0;;21.918;0;19.300;0;12.054;0;160.3;2:13:39.107;17:23:41.035;0:21.918;0:19.300;0:12.054;236.7;Mario Farnbacher;;GTD;;Meyer Shank Racing w/ Curb-Agajanian;Acura;
86;1;149;53.240;0;;21.852;0;19.354;0;12.034;0;160.4;2:14:32.347;17:24:34.275;0:21.852;0:19.354;0:12.034;236.2;Mario Farnbacher;;GTD;;Meyer Shank Racing w/ Curb-Agajanian;Acura;
86;1;150;53.315;0;;21.893;0;19.366;0;12.056;0;160.2;2:15:25.662;17:25:27.590;0:21.893;0:19.366;0:12.056;235.2;Mario Farnbacher;;GTD;;Meyer Shank Racing w/ Curb-Agajanian;Acura;
86;1;151;53.285;0;;21.843;0;19.321;0;12.121;0;160.3;2:16:18.947;17:26:20.875;0:21.843;0:19.321;0:12.121;236.2;Mario Farnbacher;;GTD;;Meyer Shank Racing w/ Curb-Agajanian;Acura;
86;1;152;53.405;0;;21.859;0;19.459;0;12.087;0;159.9;2:17:12.352;17:27:14.280;0:21.859;0:19.459;0:12.087;234.7;Mario Farnbacher;;GTD;;Meyer Shank Racing w/ Curb-Agajanian;Acura;
86;1;153;53.456;0;;22.007;0;19.352;0;12.097;0;159.8;2:18:05.808;17:28:07.736;0:22.007;0:19.352;0:12.097;235.2;Mario Farnbacher;;GTD;;Meyer Shank Racing w/ Curb-Agajanian;Acura;
86;1;154;53.157;0;;21.840;0;19.319;0;11.998;0;160.7;2:18:58.965;17:29:00.893;0:21.840;0:19.319;0:11.998;235.2;Mario Farnbacher;;GTD;;Meyer Shank Racing w/ Curb-Agajanian;Acura;
86;1;155;53.343;0;;21.846;0;19.415;0;12.082;0;160.1;2:19:52.308;17:29:54.236;0:21.846;0:19.415;0:12.082;237.2;Mario Farnbacher;;GTD;;Meyer Shank Racing w/ Curb-Agajanian;Acura;
86;1;156;53.503;0;;21.979;0;19.396;0;12.128;0;159.6;2:20:45.811;17:30:47.739;0:21.979;0:19.396;0:12.128;236.2;Mario Farnbacher;;GTD;;Meyer Shank Racing w/ Curb-Agajanian;Acura;
86;1;157;53.364;0;;21.917;0;19.371;0;12.076;0;160.0;2:21:39.175;17:31:41.103;0:21.917;0:19.371;0:12.076;235.7;Mario Farnbacher;;GTD;;Meyer Shank Racing w/ Curb-Agajanian;Acura;
86;1;158;53.300;0;;21.953;0;19.294;0;12.053;0;160.2;2:22:32.475;17:32:34.403;0:21.953;0:19.294;0:12.053;235.7;Mario Farnbacher;;GTD;;Meyer Shank Racing w/ Curb-Agajanian;Acura;
86;1;159;53.247;0;;21.857;0;19.333;0;12.057;0;160.4;2:23:25.722;17:33:27.650;0:21.857;0:19.333;0:12.057;236.7;Mario Farnbacher;;GTD;;Meyer Shank Racing w/ Curb-Agajanian;Acura;
86;1;160;53.356;0;;21.815;0;19.403;0;12.138;0;160.1;2:24:19.078;17:34:21.006;0:21.815;0:19.403;0:12.138;235.2;Mario Farnbacher;;GTD;;Meyer Shank Racing w/ Curb-Agajanian;Acura;
86;1;161;53.681;0;;22.053;0;19.478;0;12.150;0;159.1;2:25:12.759;17:35:14.687;0:22.053;0:19.478;0:12.150;236.2;Mario Farnbacher;;GTD;;Meyer Shank Racing w/ Curb-Agajanian;Acura;
86;1;162;54.104;0;;21.979;0;19.815;0;12.310;0;157.8;2:26:06.863;17:36:08.791;0:21.979;0:19.815;0:12.310;235.2;Mario Farnbacher;;GTD;;Meyer Shank Racing w/ Curb-Agajanian;Acura;
86;1;163;53.902;0;;22.011;0;19.747;0;12.144;0;158.4;2:27:00.765;17:37:02.693;0:22.011;0:19.747;0:12.144;235.2;Mario Farnbacher;;GTD;;Meyer Shank Racing w/ Curb-Agajanian;Acura;
86;1;164;53.899;0;;22.328;0;19.428;0;12.143;0;158.4;2:27:54.664;17:37:56.592;0:22.328;0:19.428;0:12.143;236.2;Mario Farnbacher;;GTD;;Meyer Shank Racing w/ Curb-Agajanian;Acura;
86;1;165;54.322;0;;22.032;0;20.001;0;12.289;0;157.2;2:28:48.986;17:38:50.914;0:22.032;0:20.001;0:12.289;235.7;Mario Farnbacher;;GTD;;Meyer Shank Racing w/ Curb-Agajanian;Acura;
86;1;166;53.555;0;;22.102;0;19.363;0;12.090;0;159.5;2:29:42.541;17:39:44.469;0:22.102;0:19.363;0:12.090;236.2;Mario Farnbacher;;GTD;;Meyer Shank Racing w/ Curb-Agajanian;Acura;
86;1;167;53.646;0;;22.014;0;19.517;0;12.115;0;159.2;2:30:36.187;17:40:38.115;0:22.014;0:19.517;0:12.115;236.2;Mario Farnbacher;;GTD;;Meyer Shank Racing w/ Curb-Agajanian;Acura;
86;1;168;53.742;0;;22.037;0;19.509;0;12.196;0;158.9;2:31:29.929;17:41:31.857;0:22.037;0:19.509;0:12.196;234.7;Mario Farnbacher;;GTD;;Meyer Shank Racing w/ Curb-Agajanian;Acura;
86;1;169;54.679;0;;22.813;0;19.658;0;12.208;0;156.2;2:32:24.608;17:42:26.536;0:22.813;0:19.658;0:12.208;234.7;Mario Farnbacher;;GTD;;Meyer Shank Racing w/ Curb-Agajanian;Acura;
86;1;170;53.978;0;;22.054;0;19.675;0;12.249;0;158.2;2:33:18.586;17:43:20.514;0:22.054;0:19.675;0:12.249;235.2;Mario Farnbacher;;GTD;;Meyer Shank Racing w/ Curb-Agajanian;Acura;
86;1;171;53.750;0;;22.161;0;19.450;0;12.139;0;158.9;2:34:12.336;17:44:14.264;0:22.161;0:19.450;0:12.139;235.7;Mario Farnbacher;;GTD;;Meyer Shank Racing w/ Curb-Agajanian;Acura;
86;1;172;53.711;0;;22.105;0;19.466;0;12.140;0;159.0;2:35:06.047;17:45:07.975;0:22.105;0:19.466;0:12.140;236.7;Mario Farnbacher;;GTD;;Meyer Shank Racing w/ Curb-Agajanian;Acura;
86;1;173;57.022;0;;22.230;0;20.916;0;13.876;0;149.8;2:36:03.069;17:46:04.997;0:22.230;0:20.916;0:13.876;235.2;Mario Farnbacher;;GTD;;Meyer Shank Racing w/ Curb-Agajanian;Acura;
86;1;174;54.672;0;;22.818;0;19.571;0;12.283;0;156.2;2:36:57.741;17:46:59.669;0:22.818;0:19.571;0:12.283;220.3;Mario Farnbacher;;GTD;;Meyer Shank Racing w/ Curb-Agajanian;Acura;
86;1;175;54.124;0;;22.302;0;19.665;0;12.157;0;157.8;2:37:51.865;17:47:53.793;0:22.302;0:19.665;0:12.157;233.7;Mario Farnbacher;;GTD;;Meyer Shank Racing w/ Curb-Agajanian;Acura;
86;1;176;54.157;0;;22.301;0;19.631;0;12.225;0;157.7;2:38:46.022;17:48:47.950;0:22.301;0:19.631;0:12.225;235.2;Mario Farnbacher;;GTD;;Meyer Shank Racing w/ Curb-Agajanian;Acura;
86;1;177;54.305;0;;22.357;0;19.684;0;12.264;0;157.3;2:39:40.327;17:49:42.255;0:22.357;0:19.684;0:12.264;235.2;Mario Farnbacher;;GTD;;Meyer Shank Racing w/ Curb-Agajanian;Acura;
86;1;178;57.060;0;;23.603;0;20.586;0;12.871;0;149.7;2:40:37.387;17:50:39.315;0:23.603;0:20.586;0:12.871;235.2;Mario Farnbacher;;GTD;;Meyer Shank Racing w/ Curb-Agajanian;Acura;
9;2;1;58.719;0;;26.140;0;20.297;0;12.282;0;145.4;58.719;15:11:00.647;0:26.140;0:20.297;0:12.282;222.9;Zacharie Robichon;;GTD;;Pfaff Motorsports;Porsche;
9;2;2;53.846;0;;21.926;0;19.689;0;12.231;0;158.6;1:52.565;15:11:54.493;0:21.926;0:19.689;0:12.231;235.7;Zacharie Robichon;;GTD;;Pfaff Motorsports;Porsche;
9;2;3;53.136;0;;21.601;0;19.419;0;12.116;0;160.7;2:45.701;15:12:47.629;0:21.601;0:19.419;0:12.116;234.7;Zacharie Robichon;;GTD;;Pfaff Motorsports;Porsche;
9;2;4;52.950;0;;21.630;0;19.215;0;12.105;0;161.3;3:38.651;15:13:40.579;0:21.630;0:19.215;0:12.105;235.7;Zacharie Robichon;;GTD;;Pfaff Motorsports;Porsche;
9;2;5;52.833;0;;21.529;0;19.218;0;12.086;1;161.6;4:31.484;15:14:33.412;0:21.529;0:19.218;0:12.086;236.2;Zacharie Robichon;;GTD;;Pfaff Motorsports;Porsche;
9;2;6;53.002;0;;21.621;0;19.256;0;12.125;0;161.1;5:24.486;15:15:26.414;0:21.621;0:19.256;0:12.125;236.2;Zacharie Robichon;;GTD;;Pfaff Motorsports;Porsche;
9;2;7;52.995;0;;21.594;0;19.306;0;12.095;0;161.1;6:17.481;15:16:19.409;0:21.594;0:19.306;0:12.095;236.2;Zacharie Robichon;;GTD;;Pfaff Motorsports;Porsche;
9;2;8;53.039;0;;21.626;0;19.304;0;12.109;0;161.0;7:10.520;15:17:12.448;0:21.626;0:19.304;0:12.109;236.2;Zacharie Robichon;;GTD;;Pfaff Motorsports;Porsche;
9;2;9;52.796;0;;21.520;1;19.174;1;12.102;0;161.8;8:03.316;15:18:05.244;0:21.520;0:19.174;0:12.102;235.7;Zacharie Robichon;;GTD;;Pfaff Motorsports;Porsche;
9;2;10;53.234;0;;21.714;0;19.414;0;12.106;0;160.4;8:56.550;15:18:58.478;0:21.714;0:19.414;0:12.106;235.7;Zacharie Robichon;;GTD;;Pfaff Motorsports;Porsche;
9;2;11;53.042;0;;21.653;0;19.280;0;12.109;0;161.0;9:49.592;15:19:51.520;0:21.653;0:19.280;0:12.109;235.7;Zacharie Robichon;;GTD;;Pfaff Motorsports;Porsche;
9;2;12;53.290;0;;21.834;0;19.332;0;12.124;0;160.3;10:42.882;15:20:44.810;0:21.834;0:19.332;0:12.124;235.7;Zacharie Robichon;;GTD;;Pfaff Motorsports;Porsche;
9;2;13;53.115;0;;21.703;0;19.295;0;12.117;0;160.8;11:35.997;15:21:37.925;0:21.703;0:19.295;0:12.117;235.2;Zacharie Robichon;;GTD;;Pfaff Motorsports;Porsche;
9;2;14;53.118;0;;21.740;0;19.252;0;12.126;0;160.8;12:29.115;15:22:31.043;0:21.740;0:19.252;0:12.126;235.2;Zacharie Robichon;;GTD;;Pfaff Motorsports;Porsche;
9;2;15;53.206;0;;21.739;0;19.370;0;12.097;0;160.5;13:22.321;15:23:24.249;0:21.739;0:19.370;0:12.097;235.2;Zacharie Robichon;;GTD;;Pfaff Motorsports;Porsche;
9;2;16;53.106;0;;21.744;0;19.252;0;12.110;0;160.8;14:15.427;15:24:17.355;0:21.744;0:19.252;0:12.110;235.2;Zacharie Robichon;;GTD;;Pfaff Motorsports;Porsche;
9;2;17;53.333;0;;21.692;0;19.355;0;12.286;0;160.1;15:08.760;15:25:10.688;0:21.692;0:19.355;0:12.286;234.7;Zacharie Robichon;;GTD;;Pfaff Motorsports;Porsche;
9;2;18;53.470;0;;21.818;0;19.520;0;12.132;0;159.7;16:02.230;15:26:04.158;0:21.818;0:19.520;0:12.132;233.2;Zacharie Robichon;;GTD;;Pfaff Motorsports;Porsche;
9;2;19;53.398;0;;21.777;0;19.434;0;12.187;0;159.9;16:55.628;15:26:57.556;0:21.777;0:19.434;0:12.187;234.2;Zacharie Robichon;;GTD;;Pfaff Motorsports;Porsche;
9;2;20;53.159;0;;21.669;0;19.352;0;12.138;0;160.6;17:48.787;15:27:50.715;0:21.669;0:19.352;0:12.138;233.7;Zacharie Robichon;;GTD;;Pfaff Motorsports;Porsche;
9;2;21;53.326;0;;21.796;0;19.334;0;12.196;0;160.1;18:42.113;15:28:44.041;0:21.796;0:19.334;0:12.196;234.2;Zacharie Robichon;;GTD;;Pfaff Motorsports;Porsche;
9;2;22;53.568;0;;22.009;0;19.339;0;12.220;0;159.4;19:35.681;15:29:37.609;0:22.009;0:19.339;0:12.220;234.2;Zacharie Robichon;;GTD;;Pfaff Motorsports;Porsche;
9;2;23;53.647;0;;22.040;0;19.416;0;12.191;0;159.2;20:29.328;15:30:31.256;0:22.040;0:19.416;0:12.191;234.7;Zacharie Robichon;;GTD;;Pfaff Motorsports;Porsche;
9;2;24;53.446;0;;21.837;0;19.378;0;12.231;0;159.8;21:22.774;15:31:24.702;0:21.837;0:19.378;0:12.231;233.7;Zacharie Robichon;;GTD;;Pfaff Motorsports;Porsche;
9;2;25;53.647;0;;22.005;0;19.441;0;12.201;0;159.2;22:16.421;15:32:18.349;0:22.005;0:19.441;0:12.201;234.2;Zacharie Robichon;;GTD;;Pfaff Motorsports;Porsche;
9;2;26;53.612;0;;21.984;0;19.384;0;12.244;0;159.3;23:10.033;15:33:11.961;0:21.984;0:19.384;0:12.244;234.2;Zacharie Robichon;;GTD;;Pfaff Motorsports;Porsche;
9;2;27;53.593;0;;21.892;0;19.456;0;12.245;0;159.3;24:03.626;15:34:05.554;0:21.892;0:19.456;0:12.245;234.2;Zacharie Robichon;;GTD;;Pfaff Motorsports;Porsche;
9;2;28;53.559;0;;21.965;0;19.398;0;12.196;0;159.4;24:57.185;15:34:59.113;0:21.965;0:19.398;0:12.196;234.7;Zacharie Robichon;;GTD;;Pfaff Motorsports;Porsche;
9;2;29;53.773;0;;22.032;0;19.529;0;12.212;0;158.8;25:50.958;15:35:52.886;0:22.032;0:19.529;0:12.212;234.7;Zacharie Robichon;;GTD;;Pfaff Motorsports;Porsche;
9;2;30;55.041;0;;22.105;0;20.212;0;12.724;0;155.2;26:45.999;15:36:47.927;0:22.105;0:20.212;0:12.724;234.2;Zacharie Robichon;;GTD;;Pfaff Motorsports;Porsche;
9;2;31;53.649;0;;22.059;0;19.490;0;12.100;0;159.2;27:39.648;15:37:41.576;0:22.059;0:19.490;0:12.100;232.7;Zacharie Robichon;;GTD;;Pfaff Motorsports;Porsche;
9;2;32;53.428;0;;21.931;0;19.334;0;12.163;0;159.8;28:33.076;15:38:35.004;0:21.931;0:19.334;0:12.163;234.7;Zacharie Robichon;;GTD;;Pfaff Motorsports;Porsche;
9;2;33;54.005;0;;22.097;0;19.728;0;12.180;0;158.1;29:27.081;15:39:29.009;0:22.097;0:19.728;0:12.180;234.7;Zacharie Robichon;;GTD;;Pfaff Motorsports;Porsche;
9;2;34;53.882;0;;22.204;0;19.481;0;12.197;0;158.5;30:20.963;15:40:22.891;0:22.204;0:19.481;0:12.197;235.7;Zacharie Robichon;;GTD;;Pfaff Motorsports;Porsche;
9;2;35;55.323;0;;22.934;0;20.057;0;12.332;0;154.4;31:16.286;15:41:18.214;0:22.934;0:20.057;0:12.332;235.7;Zacharie Robichon;;GTD;;Pfaff Motorsports;Porsche;
9;2;36;55.168;0;;23.020;0;19.900;0;12.248;0;154.8;32:11.454;15:42:13.382;0:23.020;0:19.900;0:12.248;234.2;Zacharie Robichon;;GTD;;Pfaff Motorsports;Porsche;
9;2;37;53.966;0;;22.086;0;19.596;0;12.284;0;158.2;33:05.420;15:43:07.348;0:22.086;0:19.596;0:12.284;235.2;Zacharie Robichon;;GTD;;Pfaff Motorsports;Porsche;
9;2;38;54.094;0;;22.147;0;19.602;0;12.345;0;157.9;33:59.514;15:44:01.442;0:22.147;0:19.602;0:12.345;235.2;Zacharie Robichon;;GTD;;Pfaff Motorsports;Porsche;
9;2;39;54.314;0;;22.237;0;19.852;0;12.225;0;157.2;34:53.828;15:44:55.756;0:22.237;0:19.852;0:12.225;233.7;Zacharie Robichon;;GTD;;Pfaff Motorsports;Porsche;
9;2;40;53.759;0;;22.131;0;19.429;0;12.199;0;158.9;35:47.587;15:45:49.515;0:22.131;0:19.429;0:12.199;233.7;Zacharie Robichon;;GTD;;Pfaff Motorsports;Porsche;
9;2;41;53.997;0;;21.946;0;19.863;0;12.188;0;158.2;36:41.584;15:46:43.512;0:21.946;0:19.863;0:12.188;233.7;Zacharie Robichon;;GTD;;Pfaff Motorsports;Porsche;
9;2;42;54.116;0;;22.128;0;19.721;0;12.267;0;157.8;37:35.700;15:47:37.628;0:22.128;0:19.721;0:12.267;234.2;Zacharie Robichon;;GTD;;Pfaff Motorsports;Porsche;
9;2;43;53.647;0;;22.078;0;19.346;0;12.223;0;159.2;38:29.347;15:48:31.275;0:22.078;0:19.346;0:12.223;234.2;Zacharie Robichon;;GTD;;Pfaff Motorsports;Porsche;
9;2;44;55.766;0;;22.102;0;21.157;0;12.507;0;153.1;39:25.113;15:49:27.041;0:22.102;0:21.157;0:12.507;234.2;Zacharie Robichon;;GTD;;Pfaff Motorsports;Porsche;
9;2;45;54.183;0;;22.367;0;19.557;0;12.259;0;157.6;40:19.296;15:50:21.224;0:22.367;0:19.557;0:12.259;233.2;Zacharie Robichon;;GTD;;Pfaff Motorsports;Porsche;
9;2;46;53.900;0;;22.155;0;19.536;0;12.209;0;158.4;41:13.196;15:51:15.124;0:22.155;0:19.536;0:12.209;233.7;Zacharie Robichon;;GTD;;Pfaff Motorsports;Porsche;
9;2;47;53.981;0;;22.115;0;19.649;0;12.217;0;158.2;42:07.177;15:52:09.105;0:22.115;0:19.649;0:12.217;233.7;Zacharie Robichon;;GTD;;Pfaff Motorsports;Porsche;
9;2;48;54.454;0;;22.098;0;20.064;0;12.292;0;156.8;43:01.631;15:53:03.559;0:22.098;0:20.064;0:12.292;233.7;Zacharie Robichon;;GTD;;Pfaff Motorsports;Porsche;
9;2;49;53.970;0;;22.169;0;19.549;0;12.252;0;158.2;43:55.601;15:53:57.529;0:22.169;0:19.549;0:12.252;234.2;Zacharie Robichon;;GTD;;Pfaff Motorsports;Porsche;
9;2;50;54.057;0;;22.203;0;19.598;0;12.256;0;158.0;44:49.658;15:54:51.586;0:22.203;0:19.598;0:12.256;234.2;Zacharie Robichon;;GTD;;Pfaff Motorsports;Porsche;
9;2;51;54.534;0;;22.241;0;19.916;0;12.377;0;156.6;45:44.192;15:55:46.120;0:22.241;0:19.916;0:12.377;234.7;Zacharie Robichon;;GTD;;Pfaff Motorsports;Porsche;
9;2;52;54.164;0;;22.429;0;19.482;0;12.253;0;157.7;46:38.356;15:56:40.284;0:22.429;0:19.482;0:12.253;233.7;Zacharie Robichon;;GTD;;Pfaff Motorsports;Porsche;
9;2;53;1:39.572;0;B;22.486;0;19.705;0;57.381;0;85.8;48:17.928;15:58:19.856;0:22.486;0:19.705;0:57.381;234.7;Zacharie Robichon;;GTD;;Pfaff Motorsports;Porsche;
9;1;54;1:01.260;0;;29.533;0;19.560;0;12.167;0;139.4;49:19.188;15:59:21.116;0:29.533;0:19.560;0:12.167;;Dennis Olsen;0:00:52.559;GTD;;Pfaff Motorsports;Porsche;
9;1;55;54.256;0;;21.407;0;20.013;0;12.836;0;157.4;50:13.444;16:00:15.372;0:21.407;0:20.013;0:12.836;234.7;Dennis Olsen;;GTD;;Pfaff Motorsports;Porsche;
9;1;56;53.350;0;;22.226;0;19.113;0;12.011;0;160.1;51:06.794;16:01:08.722;0:22.226;0:19.113;0:12.011;233.2;Dennis Olsen;;GTD;;Pfaff Motorsports;Porsche;
9;1;57;53.257;0;;21.837;0;19.347;0;12.073;0;160.4;52:00.051;16:02:01.979;0:21.837;0:19.347;0:12.073;236.2;Dennis Olsen;;GTD;;Pfaff Motorsports;Porsche;
9;1;58;52.829;0;;21.567;0;19.125;0;12.137;0;161.6;52:52.880;16:02:54.808;0:21.567;0:19.125;0:12.137;235.7;Dennis Olsen;;GTD;;Pfaff Motorsports;Porsche;
9;1;59;53.212;0;;21.902;0;19.272;0;12.038;0;160.5;53:46.092;16:03:48.020;0:21.902;0:19.272;0:12.038;235.7;Dennis Olsen;;GTD;;Pfaff Motorsports;Porsche;
9;1;60;52.480;0;;21.486;0;19.050;0;11.944;2;162.7;54:38.572;16:04:40.500;0:21.486;0:19.050;0:11.944;235.2;Dennis Olsen;;GTD;;Pfaff Motorsports;Porsche;
9;1;61;52.115;2;;21.212;2;18.945;2;11.958;0;163.9;55:30.687;16:05:32.615;0:21.212;0:18.945;0:11.958;235.7;Dennis Olsen;;GTD;;Pfaff Motorsports;Porsche;
9;1;62;52.495;0;;21.403;0;19.100;0;11.992;0;162.7;56:23.182;16:06:25.110;0:21.403;0:19.100;0:11.992;235.7;Dennis Olsen;;GTD;;Pfaff Motorsports;Porsche;
9;1;63;52.297;0;;21.284;0;18.989;0;12.024;0;163.3;57:15.479;16:07:17.407;0:21.284;0:18.989;0:12.024;235.2;Dennis Olsen;;GTD;;Pfaff Motorsports;Porsche;
9;1;64;52.589;0;;21.370;0;19.163;0;12.056;0;162.4;58:08.068;16:08:09.996;0:21.370;0:19.163;0:12.056;234.7;Dennis Olsen;;GTD;;Pfaff Motorsports;Porsche;
9;1;65;52.799;0;;21.563;0;19.235;0;12.001;0;161.7;59:00.867;16:09:02.795;0:21.563;0:19.235;0:12.001;235.2;Dennis Olsen;;GTD;;Pfaff Motorsports;Porsche;
9;1;66;52.589;0;;21.319;0;19.185;0;12.085;0;162.4;59:53.456;16:09:55.384;0:21.319;0:19.185;0:12.085;235.7;Dennis Olsen;;GTD;;Pfaff Motorsports;Porsche;
9;1;67;53.362;0;;21.490;0;19.724;0;12.148;0;160.0;1:00:46.818;16:10:48.746;0:21.490;0:19.724;0:12.148;234.7;Dennis Olsen;;GTD;;Pfaff Motorsports;Porsche;
9;1;68;53.240;0;;21.978;0;19.264;0;11.998;0;160.4;1:01:40.058;16:11:41.986;0:21.978;0:19.264;0:11.998;234.7;Dennis Olsen;;GTD;;Pfaff Motorsports;Porsche;
9;1;69;52.950;0;;21.521;0;19.361;0;12.068;0;161.3;1:02:33.008;16:12:34.936;0:21.521;0:19.361;0:12.068;235.7;Dennis Olsen;;GTD;;Pfaff Motorsports;Porsche;
9;1;70;53.091;0;;21.597;0;19.395;0;12.099;0;160.9;1:03:26.099;16:13:28.027;0:21.597;0:19.395;0:12.099;235.7;Dennis Olsen;;GTD;;Pfaff Motorsports;Porsche;
9;1;71;53.933;0;;21.853;0;19.899;0;12.181;0;158.3;1:04:20.032;16:14:21.960;0:21.853;0:19.899;0:12.181;234.7;Dennis Olsen;;GTD;;Pfaff Motorsports;Porsche;
9;1;72;54.208;0;;21.796;0;19.767;0;12.645;0;157.5;1:05:14.240;16:15:16.168;0:21.796;0:19.767;0:12.645;234.7;Dennis Olsen;;GTD;;Pfaff Motorsports;Porsche;
9;1;73;53.786;0;;21.771;0;19.623;0;12.392;0;158.8;1:06:08.026;16:16:09.954;0:21.771;0:19.623;0:12.392;233.7;Dennis Olsen;;GTD;;Pfaff Motorsports;Porsche;
9;1;74;54.411;0;;22.234;0;20.008;0;12.169;0;156.9;1:07:02.437;16:17:04.365;0:22.234;0:20.008;0:12.169;233.7;Dennis Olsen;;GTD;;Pfaff Motorsports;Porsche;
9;1;75;53.104;0;;21.693;0;19.324;0;12.087;0;160.8;1:07:55.541;16:17:57.469;0:21.693;0:19.324;0:12.087;236.2;Dennis Olsen;;GTD;;Pfaff Motorsports;Porsche;
9;1;76;53.048;0;;21.585;0;19.374;0;12.089;0;161.0;1:08:48.589;16:18:50.517;0:21.585;0:19.374;0:12.089;235.7;Dennis Olsen;;GTD;;Pfaff Motorsports;Porsche;
9;1;77;52.944;0;;21.677;0;19.225;0;12.042;0;161.3;1:09:41.533;16:19:43.461;0:21.677;0:19.225;0:12.042;235.7;Dennis Olsen;;GTD;;Pfaff Motorsports;Porsche;
9;1;78;53.012;0;;21.674;0;19.309;0;12.029;0;161.1;1:10:34.545;16:20:36.473;0:21.674;0:19.309;0:12.029;235.2;Dennis Olsen;;GTD;;Pfaff Motorsports;Porsche;
9;1;79;52.697;0;;21.471;0;19.220;0;12.006;0;162.1;1:11:27.242;16:21:29.170;0:21.471;0:19.220;0:12.006;235.7;Dennis Olsen;;GTD;;Pfaff Motorsports;Porsche;
9;1;80;52.789;0;;21.583;0;19.187;0;12.019;0;161.8;1:12:20.031;16:22:21.959;0:21.583;0:19.187;0:12.019;236.7;Dennis Olsen;;GTD;;Pfaff Motorsports;Porsche;
9;1;81;53.038;0;;21.688;0;19.335;0;12.015;0;161.0;1:13:13.069;16:23:14.997;0:21.688;0:19.335;0:12.015;236.2;Dennis Olsen;;GTD;;Pfaff Motorsports;Porsche;
9;1;82;53.073;0;;21.545;0;19.455;0;12.073;0;160.9;1:14:06.142;16:24:08.070;0:21.545;0:19.455;0:12.073;236.2;Dennis Olsen;;GTD;;Pfaff Motorsports;Porsche;
9;1;83;52.977;0;;21.595;0;19.359;0;12.023;0;161.2;1:14:59.119;16:25:01.047;0:21.595;0:19.359;0:12.023;236.7;Dennis Olsen;;GTD;;Pfaff Motorsports;Porsche;
9;1;84;52.945;0;;21.603;0;19.353;0;11.989;0;161.3;1:15:52.064;16:25:53.992;0:21.603;0:19.353;0:11.989;236.2;Dennis Olsen;;GTD;;Pfaff Motorsports;Porsche;
9;1;85;53.231;0;;21.664;0;19.441;0;12.126;0;160.4;1:16:45.295;16:26:47.223;0:21.664;0:19.441;0:12.126;237.2;Dennis Olsen;;GTD;;Pfaff Motorsports;Porsche;
9;1;86;53.256;0;;21.754;0;19.418;0;12.084;0;160.4;1:17:38.551;16:27:40.479;0:21.754;0:19.418;0:12.084;235.7;Dennis Olsen;;GTD;;Pfaff Motorsports;Porsche;
9;1;87;53.188;0;;21.719;0;19.391;0;12.078;0;160.6;1:18:31.739;16:28:33.667;0:21.719;0:19.391;0:12.078;236.2;Dennis Olsen;;GTD;;Pfaff Motorsports;Porsche;
9;1;88;53.317;0;;21.758;0;19.440;0;12.119;0;160.2;1:19:25.056;16:29:26.984;0:21.758;0:19.440;0:12.119;235.7;Dennis Olsen;;GTD;;Pfaff Motorsports;Porsche;
9;1;89;53.117;0;;21.703;0;19.340;0;12.074;0;160.8;1:20:18.173;16:30:20.101;0:21.703;0:19.340;0:12.074;235.2;Dennis Olsen;;GTD;;Pfaff Motorsports;Porsche;
9;1;90;53.338;0;;21.723;0;19.518;0;12.097;0;160.1;1:21:11.511;16:31:13.439;0:21.723;0:19.518;0:12.097;235.7;Dennis Olsen;;GTD;;Pfaff Motorsports;Porsche;
9;1;91;53.285;0;;21.677;0;19.528;0;12.080;0;160.3;1:22:04.796;16:32:06.724;0:21.677;0:19.528;0:12.080;234.7;Dennis Olsen;;GTD;;Pfaff Motorsports;Porsche;
9;1;92;53.291;0;;21.685;0;19.486;0;12.120;0;160.2;1:22:58.087;16:33:00.015;0:21.685;0:19.486;0:12.120;236.2;Dennis Olsen;;GTD;;Pfaff Motorsports;Porsche;
9;1;93;54.274;0;;22.148;0;19.764;0;12.362;0;157.3;1:23:52.361;16:33:54.289;0:22.148;0:19.764;0:12.362;235.7;Dennis Olsen;;GTD;;Pfaff Motorsports;Porsche;
9;1;94;54.021;0;;22.125;0;19.748;0;12.148;0;158.1;1:24:46.382;16:34:48.310;0:22.125;0:19.748;0:12.148;233.2;Dennis Olsen;;GTD;;Pfaff Motorsports;Porsche;
9;1;95;54.650;0;;22.516;0;19.932;0;12.202;0;156.3;1:25:41.032;16:35:42.960;0:22.516;0:19.932;0:12.202;236.2;Dennis Olsen;;GTD;;Pfaff Motorsports;Porsche;
9;1;96;55.028;0;;21.939;0;20.545;0;12.544;0;155.2;1:26:36.060;16:36:37.988;0:21.939;0:20.545;0:12.544;235.7;Dennis Olsen;;GTD;;Pfaff Motorsports;Porsche;
9;1;97;54.473;0;;22.739;0;19.615;0;12.119;0;156.8;1:27:30.533;16:37:32.461;0:22.739;0:19.615;0:12.119;235.7;Dennis Olsen;;GTD;;Pfaff Motorsports;Porsche;
9;1;98;53.933;0;;22.128;0;19.610;0;12.195;0;158.3;1:28:24.466;16:38:26.394;0:22.128;0:19.610;0:12.195;235.7;Dennis Olsen;;GTD;;Pfaff Motorsports;Porsche;
9;1;99;54.097;0;;22.165;0;19.763;0;12.169;0;157.9;1:29:18.563;16:39:20.491;0:22.165;0:19.763;0:12.169;234.7;Dennis Olsen;;GTD;;Pfaff Motorsports;Porsche;
9;1;100;53.711;0;;22.001;0;19.473;0;12.237;0;159.0;1:30:12.274;16:40:14.202;0:22.001;0:19.473;0:12.237;234.7;Dennis Olsen;;GTD;;Pfaff Motorsports;Porsche;
9;1;101;54.514;0;;22.183;0;20.017;0;12.314;0;156.7;1:31:06.788;16:41:08.716;0:22.183;0:20.017;0:12.314;234.7;Dennis Olsen;;GTD;;Pfaff Motorsports;Porsche;
9;1;102;53.608;0;;22.040;0;19.482;0;12.086;0;159.3;1:32:00.396;16:42:02.324;0:22.040;0:19.482;0:12.086;236.7;Dennis Olsen;;GTD;;Pfaff Motorsports;Porsche;
9;1;103;53.364;0;;21.821;0;19.395;0;12.148;0;160.0;1:32:53.760;16:42:55.688;0:21.821;0:19.395;0:12.148;236.7;Dennis Olsen;;GTD;;Pfaff Motorsports;Porsche;
9;1;104;54.421;0;;21.993;0;19.935;0;12.493;0;156.9;1:33:48.181;16:43:50.109;0:21.993;0:19.935;0:12.493;235.2;Dennis Olsen;;GTD;;Pfaff Motorsports;Porsche;
9;1;105;54.220;0;;22.224;0;19.755;0;12.241;0;157.5;1:34:42.401;16:44:44.329;0:22.224;0:19.755;0:12.241;235.2;Dennis Olsen;;GTD;;Pfaff Motorsports;Porsche;
9;1;106;55.062;0;;22.789;0;19.899;0;12.374;0;155.1;1:35:37.463;16:45:39.391;0:22.789;0:19.899;0:12.374;236.2;Dennis Olsen;;GTD;;Pfaff Motorsports;Porsche;
9;1;107;1:38.015;0;B;22.194;0;19.424;0;56.397;0;87.1;1:37:15.478;16:47:17.406;0:22.194;0:19.424;0:56.397;236.2;Dennis Olsen;;GTD;;Pfaff Motorsports;Porsche;
9;1;108;1:01.287;0;;29.481;0;19.579;0;12.227;0;139.3;1:38:16.765;16:48:18.693;0:29.481;0:19.579;0:12.227;;Dennis Olsen;0:00:51.521;GTD;;Pfaff Motorsports;Porsche;
9;1;109;52.828;0;;21.590;0;19.162;0;12.076;0;161.7;1:39:09.593;16:49:11.521;0:21.590;0:19.162;0:12.076;233.2;Dennis Olsen;;GTD;;Pfaff Motorsports;Porsche;
9;1;110;52.693;0;;21.401;0;19.258;0;12.034;0;162.1;1:40:02.286;16:50:04.214;0:21.401;0:19.258;0:12.034;234.2;Dennis Olsen;;GTD;;Pfaff Motorsports;Porsche;
9;1;111;52.547;0;;21.371;0;19.153;0;12.023;0;162.5;1:40:54.833;16:50:56.761;0:21.371;0:19.153;0:12.023;234.7;Dennis Olsen;;GTD;;Pfaff Motorsports;Porsche;
9;1;112;52.633;0;;21.399;0;19.225;0;12.009;0;162.3;1:41:47.466;16:51:49.394;0:21.399;0:19.225;0:12.009;234.7;Dennis Olsen;;GTD;;Pfaff Motorsports;Porsche;
9;1;113;52.400;0;;21.334;0;19.063;0;12.003;0;163.0;1:42:39.866;16:52:41.794;0:21.334;0:19.063;0:12.003;235.7;Dennis Olsen;;GTD;;Pfaff Motorsports;Porsche;
9;1;114;52.363;0;;21.290;0;19.106;0;11.967;0;163.1;1:43:32.229;16:53:34.157;0:21.290;0:19.106;0:11.967;234.7;Dennis Olsen;;GTD;;Pfaff Motorsports;Porsche;
9;1;115;53.173;0;;21.975;0;19.202;0;11.996;0;160.6;1:44:25.402;16:54:27.330;0:21.975;0:19.202;0:11.996;230.8;Dennis Olsen;;GTD;;Pfaff Motorsports;Porsche;
9;1;116;52.301;0;;21.287;0;19.042;0;11.972;0;163.3;1:45:17.703;16:55:19.631;0:21.287;0:19.042;0:11.972;235.7;Dennis Olsen;;GTD;;Pfaff Motorsports;Porsche;
9;1;117;52.327;0;;21.325;0;19.023;0;11.979;0;163.2;1:46:10.030;16:56:11.958;0:21.325;0:19.023;0:11.979;234.7;Dennis Olsen;;GTD;;Pfaff Motorsports;Porsche;
9;1;118;53.032;0;;21.314;0;19.669;0;12.049;0;161.0;1:47:03.062;16:57:04.990;0:21.314;0:19.669;0:12.049;235.7;Dennis Olsen;;GTD;;Pfaff Motorsports;Porsche;
9;1;119;52.475;0;;21.410;0;19.081;0;11.984;0;162.7;1:47:55.537;16:57:57.465;0:21.410;0:19.081;0:11.984;236.2;Dennis Olsen;;GTD;;Pfaff Motorsports;Porsche;
9;1;120;52.556;0;;21.429;0;19.102;0;12.025;0;162.5;1:48:48.093;16:58:50.021;0:21.429;0:19.102;0:12.025;235.2;Dennis Olsen;;GTD;;Pfaff Motorsports;Porsche;
9;1;121;52.719;0;;21.492;0;19.192;0;12.035;0;162.0;1:49:40.812;16:59:42.740;0:21.492;0:19.192;0:12.035;235.7;Dennis Olsen;;GTD;;Pfaff Motorsports;Porsche;
9;1;122;52.736;0;;21.550;0;19.137;0;12.049;0;161.9;1:50:33.548;17:00:35.476;0:21.550;0:19.137;0:12.049;235.7;Dennis Olsen;;GTD;;Pfaff Motorsports;Porsche;
9;1;123;52.926;0;;21.552;0;19.297;0;12.077;0;161.4;1:51:26.474;17:01:28.402;0:21.552;0:19.297;0:12.077;234.7;Dennis Olsen;;GTD;;Pfaff Motorsports;Porsche;
9;1;124;53.351;0;;22.061;0;19.202;0;12.088;0;160.1;1:52:19.825;17:02:21.753;0:22.061;0:19.202;0:12.088;232.7;Dennis Olsen;;GTD;;Pfaff Motorsports;Porsche;
9;1;125;53.675;0;;22.085;0;19.440;0;12.150;0;159.1;1:53:13.500;17:03:15.428;0:22.085;0:19.440;0:12.150;236.7;Dennis Olsen;;GTD;;Pfaff Motorsports;Porsche;
9;1;126;53.244;0;;21.832;0;19.315;0;12.097;0;160.4;1:54:06.744;17:04:08.672;0:21.832;0:19.315;0:12.097;235.2;Dennis Olsen;;GTD;;Pfaff Motorsports;Porsche;
9;1;127;53.559;0;;22.164;0;19.302;0;12.093;0;159.4;1:55:00.303;17:05:02.231;0:22.164;0:19.302;0:12.093;235.7;Dennis Olsen;;GTD;;Pfaff Motorsports;Porsche;
9;1;128;53.188;0;;21.779;0;19.294;0;12.115;0;160.6;1:55:53.491;17:05:55.419;0:21.779;0:19.294;0:12.115;235.7;Dennis Olsen;;GTD;;Pfaff Motorsports;Porsche;
9;1;129;53.376;0;;21.735;0;19.433;0;12.208;0;160.0;1:56:46.867;17:06:48.795;0:21.735;0:19.433;0:12.208;235.7;Dennis Olsen;;GTD;;Pfaff Motorsports;Porsche;
9;1;130;53.293;0;;21.717;0;19.527;0;12.049;0;160.2;1:57:40.160;17:07:42.088;0:21.717;0:19.527;0:12.049;234.2;Dennis Olsen;;GTD;;Pfaff Motorsports;Porsche;
9;1;131;52.812;0;;21.562;0;19.184;0;12.066;0;161.7;1:58:32.972;17:08:34.900;0:21.562;0:19.184;0:12.066;235.7;Dennis Olsen;;GTD;;Pfaff Motorsports;Porsche;
9;1;132;52.834;0;;21.561;0;19.207;0;12.066;0;161.6;1:59:25.806;17:09:27.734;0:21.561;0:19.207;0:12.066;235.7;Dennis Olsen;;GTD;;Pfaff Motorsports;Porsche;
9;1;133;52.979;0;;21.565;0;19.318;0;12.096;0;161.2;2:00:18.785;17:10:20.713;0:21.565;0:19.318;0:12.096;235.7;Dennis Olsen;;GTD;;Pfaff Motorsports;Porsche;
9;1;134;53.020;0;;21.768;0;19.158;0;12.094;0;161.1;2:01:11.805;17:11:13.733;0:21.768;0:19.158;0:12.094;236.2;Dennis Olsen;;GTD;;Pfaff Motorsports;Porsche;
9;1;135;53.097;0;;21.648;0;19.372;0;12.077;0;160.8;2:02:04.902;17:12:06.830;0:21.648;0:19.372;0:12.077;235.7;Dennis Olsen;;GTD;;Pfaff Motorsports;Porsche;
9;1;136;52.885;0;;21.543;0;19.269;0;12.073;0;161.5;2:02:57.787;17:12:59.715;0:21.543;0:19.269;0:12.073;235.2;Dennis Olsen;;GTD;;Pfaff Motorsports;Porsche;
9;1;137;53.201;0;;21.639;0;19.437;0;12.125;0;160.5;2:03:50.988;17:13:52.916;0:21.639;0:19.437;0:12.125;235.2;Dennis Olsen;;GTD;;Pfaff Motorsports;Porsche;
9;1;138;53.141;0;;21.713;0;19.335;0;12.093;0;160.7;2:04:44.129;17:14:46.057;0:21.713;0:19.335;0:12.093;235.7;Dennis Olsen;;GTD;;Pfaff Motorsports;Porsche;
9;1;139;53.739;0;;22.314;0;19.298;0;12.127;0;158.9;2:05:37.868;17:15:39.796;0:22.314;0:19.298;0:12.127;235.7;Dennis Olsen;;GTD;;Pfaff Motorsports;Porsche;
9;1;140;53.469;0;;21.846;0;19.515;0;12.108;0;159.7;2:06:31.337;17:16:33.265;0:21.846;0:19.515;0:12.108;235.2;Dennis Olsen;;GTD;;Pfaff Motorsports;Porsche;
9;1;141;53.563;0;;22.015;0;19.351;0;12.197;0;159.4;2:07:24.900;17:17:26.828;0:22.015;0:19.351;0:12.197;235.7;Dennis Olsen;;GTD;;Pfaff Motorsports;Porsche;
9;1;142;53.163;0;;21.748;0;19.266;0;12.149;0;160.6;2:08:18.063;17:18:19.991;0:21.748;0:19.266;0:12.149;235.2;Dennis Olsen;;GTD;;Pfaff Motorsports;Porsche;
9;1;143;53.414;0;;21.864;0;19.329;0;12.221;0;159.9;2:09:11.477;17:19:13.405;0:21.864;0:19.329;0:12.221;235.7;Dennis Olsen;;GTD;;Pfaff Motorsports;Porsche;
9;1;144;53.644;0;;21.905;0;19.556;0;12.183;0;159.2;2:10:05.121;17:20:07.049;0:21.905;0:19.556;0:12.183;234.7;Dennis Olsen;;GTD;;Pfaff Motorsports;Porsche;
9;1;145;54.777;0;;22.482;0;20.031;0;12.264;0;155.9;2:10:59.898;17:21:01.826;0:22.482;0:20.031;0:12.264;236.7;Dennis Olsen;;GTD;;Pfaff Motorsports;Porsche;
9;1;146;53.588;0;;22.110;0;19.375;0;12.103;0;159.4;2:11:53.486;17:21:55.414;0:22.110;0:19.375;0:12.103;235.7;Dennis Olsen;;GTD;;Pfaff Motorsports;Porsche;
9;1;147;53.229;0;;21.778;0;19.334;0;12.117;0;160.4;2:12:46.715;17:22:48.643;0:21.778;0:19.334;0:12.117;236.2;Dennis Olsen;;GTD;;Pfaff Motorsports;Porsche;
9;1;148;53.384;0;;21.791;0;19.439;0;12.154;0;160.0;2:13:40.099;17:23:42.027;0:21.791;0:19.439;0:12.154;235.2;Dennis Olsen;;GTD;;Pfaff Motorsports;Porsche;
9;1;149;53.203;0;;21.760;0;19.314;0;12.129;0;160.5;2:14:33.302;17:24:35.230;0:21.760;0:19.314;0:12.129;235.7;Dennis Olsen;;GTD;;Pfaff Motorsports;Porsche;
9;1;150;53.241;0;;21.756;0;19.283;0;12.202;0;160.4;2:15:26.543;17:25:28.471;0:21.756;0:19.283;0:12.202;235.7;Dennis Olsen;;GTD;;Pfaff Motorsports;Porsche;
9;1;151;53.302;0;;21.810;0;19.324;0;12.168;0;160.2;2:16:19.845;17:26:21.773;0:21.810;0:19.324;0:12.168;235.7;Dennis Olsen;;GTD;;Pfaff Motorsports;Porsche;
9;1;152;53.184;0;;21.739;0;19.292;0;12.153;0;160.6;2:17:13.029;17:27:14.957;0:21.739;0:19.292;0:12.153;235.2;Dennis Olsen;;GTD;;Pfaff Motorsports;Porsche;
9;1;153;53.324;0;;21.922;0;19.253;0;12.149;0;160.1;2:18:06.353;17:28:08.281;0:21.922;0:19.253;0:12.149;234.2;Dennis Olsen;;GTD;;Pfaff Motorsports;Porsche;
9;1;154;53.393;0;;21.859;0;19.328;0;12.206;0;159.9;2:18:59.746;17:29:01.674;0:21.859;0:19.328;0:12.206;236.2;Dennis Olsen;;GTD;;Pfaff Motorsports;Porsche;
9;1;155;53.378;0;;21.760;0;19.363;0;12.255;0;160.0;2:19:53.124;17:29:55.052;0:21.760;0:19.363;0:12.255;235.2;Dennis Olsen;;GTD;;Pfaff Motorsports;Porsche;
9;1;156;53.535;0;;22.013;0;19.335;0;12.187;0;159.5;2:20:46.659;17:30:48.587;0:22.013;0:19.335;0:12.187;234.7;Dennis Olsen;;GTD;;Pfaff Motorsports;Porsche;
9;1;157;53.458;0;;21.901;0;19.334;0;12.223;0;159.7;2:21:40.117;17:31:42.045;0:21.901;0:19.334;0:12.223;235.7;Dennis Olsen;;GTD;;Pfaff Motorsports;Porsche;
9;1;158;53.537;0;;22.073;0;19.310;0;12.154;0;159.5;2:22:33.654;17:32:35.582;0:22.073;0:19.310;0:12.154;234.7;Dennis Olsen;;GTD;;Pfaff Motorsports;Porsche;
9;1;159;53.248;0;;21.801;0;19.283;0;12.164;0;160.4;2:23:26.902;17:33:28.830;0:21.801;0:19.283;0:12.164;236.2;Dennis Olsen;;GTD;;Pfaff Motorsports;Porsche;
9;1;160;53.305;0;;21.823;0;19.307;0;12.175;0;160.2;2:24:20.207;17:34:22.135;0:21.823;0:19.307;0:12.175;235.7;Dennis Olsen;;GTD;;Pfaff Motorsports;Porsche;
9;1;161;53.383;0;;21.903;0;19.231;0;12.249;0;160.0;2:25:13.590;17:35:15.518;0:21.903;0:19.231;0:12.249;235.2;Dennis Olsen;;GTD;;Pfaff Motorsports;Porsche;
9;1;162;54.164;0;;22.472;0;19.491;0;12.201;0;157.7;2:26:07.754;17:36:09.682;0:22.472;0:19.491;0:12.201;234.7;Dennis Olsen;;GTD;;Pfaff Motorsports;Porsche;
9;1;163;54.468;0;;22.849;0;19.402;0;12.217;0;156.8;2:27:02.222;17:37:04.150;0:22.849;0:19.402;0:12.217;236.2;Dennis Olsen;;GTD;;Pfaff Motorsports;Porsche;
9;1;164;54.232;0;;22.019;0;19.859;0;12.354;0;157.5;2:27:56.454;17:37:58.382;0:22.019;0:19.859;0:12.354;235.2;Dennis Olsen;;GTD;;Pfaff Motorsports;Porsche;
9;1;165;53.719;0;;21.992;0;19.468;0;12.259;0;159.0;2:28:50.173;17:38:52.101;0:21.992;0:19.468;0:12.259;234.7;Dennis Olsen;;GTD;;Pfaff Motorsports;Porsche;
9;1;166;53.738;0;;22.049;0;19.402;0;12.287;0;158.9;2:29:43.911;17:39:45.839;0:22.049;0:19.402;0:12.287;234.7;Dennis Olsen;;GTD;;Pfaff Motorsports;Porsche;
9;1;167;54.415;0;;22.498;0;19.583;0;12.334;0;156.9;2:30:38.326;17:40:40.254;0:22.498;0:19.583;0:12.334;234.7;Dennis Olsen;;GTD;;Pfaff Motorsports;Porsche;
9;1;168;53.955;0;;22.110;0;19.519;0;12.326;0;158.3;2:31:32.281;17:41:34.209;0:22.110;0:19.519;0:12.326;234.7;Dennis Olsen;;GTD;;Pfaff Motorsports;Porsche;
9;1;169;53.698;0;;22.050;0;19.392;0;12.256;0;159.0;2:32:25.979;17:42:27.907;0:22.050;0:19.392;0:12.256;234.2;Dennis Olsen;;GTD;;Pfaff Motorsports;Porsche;
9;1;170;53.767;0;;21.959;0;19.543;0;12.265;0;158.8;2:33:19.746;17:43:21.674;0:21.959;0:19.543;0:12.265;235.2;Dennis Olsen;;GTD;;Pfaff Motorsports;Porsche;
9;1;171;53.912;0;;22.092;0;19.525;0;12.295;0;158.4;2:34:13.658;17:44:15.586;0:22.092;0:19.525;0:12.295;234.7;Dennis Olsen;;GTD;;Pfaff Motorsports;Porsche;
9;1;172;54.080;0;;22.209;0;19.525;0;12.346;0;157.9;2:35:07.738;17:45:09.666;0:22.209;0:19.525;0:12.346;234.7;Dennis Olsen;;GTD;;Pfaff Motorsports;Porsche;
9;1;173;55.070;0;;22.148;0;19.947;0;12.975;0;155.1;2:36:02.808;17:46:04.736;0:22.148;0:19.947;0:12.975;234.7;Dennis Olsen;;GTD;;Pfaff Motorsports;Porsche;
9;1;174;54.620;0;;22.801;0;19.527;0;12.292;0;156.3;2:36:57.428;17:46:59.356;0:22.801;0:19.527;0:12.292;230.3;Dennis Olsen;;GTD;;Pfaff Motorsports;Porsche;
9;1;175;54.109;0;;22.253;0;19.526;0;12.330;0;157.8;2:37:51.537;17:47:53.465;0:22.253;0:19.526;0:12.330;234.7;Dennis Olsen;;GTD;;Pfaff Motorsports;Porsche;
9;1;176;54.186;0;;22.265;0;19.572;0;12.349;0;157.6;2:38:45.723;17:48:47.651;0:22.265;0:19.572;0:12.349;233.7;Dennis Olsen;;GTD;;Pfaff Motorsports;Porsche;
9;1;177;54.279;0;;22.365;0;19.516;0;12.398;0;157.3;2:39:40.002;17:49:41.930;0:22.365;0:19.516;0:12.398;233.2;Dennis Olsen;;GTD;;Pfaff Motorsports;Porsche;
9;1;178;57.375;0;;23.515;0;20.754;0;13.106;0;148.8;2:40:37.377;17:50:39.305;0:23.515;0:20.754;0:13.106;232.2;Dennis Olsen;;GTD;;Pfaff Motorsports;Porsche;
91;1;1;1:00.716;0;;27.538;0;20.718;0;12.460;0;140.7;1:00.716;15:11:02.644;0:27.538;0:20.718;0:12.460;222.5;Anthony Imperato;;GTD;;Wright Motorsports;Porsche;
91;1;2;54.120;0;;21.939;0;19.745;0;12.436;0;157.8;1:54.836;15:11:56.764;0:21.939;0:19.745;0:12.436;232.7;Anthony Imperato;;GTD;;Wright Motorsports;Porsche;
91;1;3;53.809;0;;21.787;0;19.692;0;12.330;0;158.7;2:48.645;15:12:50.573;0:21.787;0:19.692;0:12.330;233.2;Anthony Imperato;;GTD;;Wright Motorsports;Porsche;
91;1;4;53.118;0;;21.522;0;19.323;0;12.273;0;160.8;3:41.763;15:13:43.691;0:21.522;0:19.323;0:12.273;233.7;Anthony Imperato;;GTD;;Wright Motorsports;Porsche;
91;1;5;53.391;0;;21.501;0;19.567;0;12.323;0;159.9;4:35.154;15:14:37.082;0:21.501;0:19.567;0:12.323;234.7;Anthony Imperato;;GTD;;Wright Motorsports;Porsche;
91;1;6;52.909;0;;21.466;1;19.245;0;12.198;0;161.4;5:28.063;15:15:29.991;0:21.466;0:19.245;0:12.198;233.7;Anthony Imperato;;GTD;;Wright Motorsports;Porsche;
91;1;7;53.005;0;;21.577;0;19.253;0;12.175;1;161.1;6:21.068;15:16:22.996;0:21.577;0:19.253;0:12.175;234.7;Anthony Imperato;;GTD;;Wright Motorsports;Porsche;
91;1;8;52.890;0;;21.502;0;19.176;1;12.212;0;161.5;7:13.958;15:17:15.886;0:21.502;0:19.176;0:12.212;234.7;Anthony Imperato;;GTD;;Wright Motorsports;Porsche;
91;1;9;53.138;0;;21.646;0;19.243;0;12.249;0;160.7;8:07.096;15:18:09.024;0:21.646;0:19.243;0:12.249;234.2;Anthony Imperato;;GTD;;Wright Motorsports;Porsche;
91;1;10;53.492;0;;21.573;0;19.320;0;12.599;0;159.6;9:00.588;15:19:02.516;0:21.573;0:19.320;0:12.599;232.2;Anthony Imperato;;GTD;;Wright Motorsports;Porsche;
91;1;11;53.105;0;;21.671;0;19.224;0;12.210;0;160.8;9:53.693;15:19:55.621;0:21.671;0:19.224;0:12.210;230.8;Anthony Imperato;;GTD;;Wright Motorsports;Porsche;
91;1;12;53.193;0;;21.507;0;19.333;0;12.353;0;160.5;10:46.886;15:20:48.814;0:21.507;0:19.333;0:12.353;234.2;Anthony Imperato;;GTD;;Wright Motorsports;Porsche;
91;1;13;53.073;0;;21.534;0;19.286;0;12.253;0;160.9;11:39.959;15:21:41.887;0:21.534;0:19.286;0:12.253;232.7;Anthony Imperato;;GTD;;Wright Motorsports;Porsche;
91;1;14;53.355;0;;21.705;0;19.414;0;12.236;0;160.1;12:33.314;15:22:35.242;0:21.705;0:19.414;0:12.236;234.2;Anthony Imperato;;GTD;;Wright Motorsports;Porsche;
91;1;15;53.316;0;;21.744;0;19.308;0;12.264;0;160.2;13:26.630;15:23:28.558;0:21.744;0:19.308;0:12.264;234.2;Anthony Imperato;;GTD;;Wright Motorsports;Porsche;
91;1;16;53.417;0;;21.684;0;19.432;0;12.301;0;159.9;14:20.047;15:24:21.975;0:21.684;0:19.432;0:12.301;233.7;Anthony Imperato;;GTD;;Wright Motorsports;Porsche;
91;1;17;53.358;0;;21.690;0;19.411;0;12.257;0;160.0;15:13.405;15:25:15.333;0:21.690;0:19.411;0:12.257;233.2;Anthony Imperato;;GTD;;Wright Motorsports;Porsche;
91;1;18;53.544;0;;21.813;0;19.364;0;12.367;0;159.5;16:06.949;15:26:08.877;0:21.813;0:19.364;0:12.367;233.7;Anthony Imperato;;GTD;;Wright Motorsports;Porsche;
91;1;19;53.594;0;;21.906;0;19.449;0;12.239;0;159.3;17:00.543;15:27:02.471;0:21.906;0:19.449;0:12.239;231.7;Anthony Imperato;;GTD;;Wright Motorsports;Porsche;
91;1;20;53.580;0;;21.791;0;19.486;0;12.303;0;159.4;17:54.123;15:27:56.051;0:21.791;0:19.486;0:12.303;233.2;Anthony Imperato;;GTD;;Wright Motorsports;Porsche;
91;1;21;53.588;0;;21.849;0;19.501;0;12.238;0;159.4;18:47.711;15:28:49.639;0:21.849;0:19.501;0:12.238;233.2;Anthony Imperato;;GTD;;Wright Motorsports;Porsche;
91;1;22;53.647;0;;21.929;0;19.490;0;12.228;0;159.2;19:41.358;15:29:43.286;0:21.929;0:19.490;0:12.228;233.7;Anthony Imperato;;GTD;;Wright Motorsports;Porsche;
91;1;23;53.804;0;;21.870;0;19.559;0;12.375;0;158.7;20:35.162;15:30:37.090;0:21.870;0:19.559;0:12.375;234.2;Anthony Imperato;;GTD;;Wright Motorsports;Porsche;
91;1;24;54.229;0;;22.020;0;19.946;0;12.263;0;157.5;21:29.391;15:31:31.319;0:22.020;0:19.946;0:12.263;233.2;Anthony Imperato;;GTD;;Wright Motorsports;Porsche;
91;1;25;53.727;0;;21.892;0;19.571;0;12.264;0;158.9;22:23.118;15:32:25.046;0:21.892;0:19.571;0:12.264;233.2;Anthony Imperato;;GTD;;Wright Motorsports;Porsche;
91;1;26;54.749;0;;22.711;0;19.599;0;12.439;0;156.0;23:17.867;15:33:19.795;0:22.711;0:19.599;0:12.439;232.2;Anthony Imperato;;GTD;;Wright Motorsports;Porsche;
91;1;27;54.200;0;;21.913;0;19.909;0;12.378;0;157.6;24:12.067;15:34:13.995;0:21.913;0:19.909;0:12.378;233.2;Anthony Imperato;;GTD;;Wright Motorsports;Porsche;
91;1;28;56.496;0;;23.334;0;20.225;0;12.937;0;151.2;25:08.563;15:35:10.491;0:23.334;0:20.225;0:12.937;233.2;Anthony Imperato;;GTD;;Wright Motorsports;Porsche;
91;1;29;54.561;0;;22.108;0;19.877;0;12.576;0;156.5;26:03.124;15:36:05.052;0:22.108;0:19.877;0:12.576;231.7;Anthony Imperato;;GTD;;Wright Motorsports;Porsche;
91;1;30;54.290;0;;22.060;0;19.804;0;12.426;0;157.3;26:57.414;15:36:59.342;0:22.060;0:19.804;0:12.426;232.2;Anthony Imperato;;GTD;;Wright Motorsports;Porsche;
91;1;31;53.838;0;;21.907;0;19.597;0;12.334;0;158.6;27:51.252;15:37:53.180;0:21.907;0:19.597;0:12.334;232.2;Anthony Imperato;;GTD;;Wright Motorsports;Porsche;
91;1;32;53.898;0;;22.046;0;19.545;0;12.307;0;158.4;28:45.150;15:38:47.078;0:22.046;0:19.545;0:12.307;233.2;Anthony Imperato;;GTD;;Wright Motorsports;Porsche;
91;1;33;54.063;0;;21.888;0;19.707;0;12.468;0;158.0;29:39.213;15:39:41.141;0:21.888;0:19.707;0:12.468;233.2;Anthony Imperato;;GTD;;Wright Motorsports;Porsche;
91;1;34;53.839;0;;21.965;0;19.587;0;12.287;0;158.6;30:33.052;15:40:34.980;0:21.965;0:19.587;0:12.287;232.7;Anthony Imperato;;GTD;;Wright Motorsports;Porsche;
91;1;35;53.842;0;;21.990;0;19.533;0;12.319;0;158.6;31:26.894;15:41:28.822;0:21.990;0:19.533;0:12.319;234.2;Anthony Imperato;;GTD;;Wright Motorsports;Porsche;
91;1;36;54.594;0;;21.923;0;19.969;0;12.702;0;156.4;32:21.488;15:42:23.416;0:21.923;0:19.969;0:12.702;233.7;Anthony Imperato;;GTD;;Wright Motorsports;Porsche;
91;1;37;54.096;0;;21.861;0;19.856;0;12.379;0;157.9;33:15.584;15:43:17.512;0:21.861;0:19.856;0:12.379;231.3;Anthony Imperato;;GTD;;Wright Motorsports;Porsche;
91;1;38;54.065;0;;22.075;0;19.600;0;12.390;0;158.0;34:09.649;15:44:11.577;0:22.075;0:19.600;0:12.390;232.7;Anthony Imperato;;GTD;;Wright Motorsports;Porsche;
91;1;39;53.909;0;;22.018;0;19.603;0;12.288;0;158.4;35:03.558;15:45:05.486;0:22.018;0:19.603;0:12.288;232.2;Anthony Imperato;;GTD;;Wright Motorsports;Porsche;
91;1;40;53.979;0;;21.940;0;19.656;0;12.383;0;158.2;35:57.537;15:45:59.465;0:21.940;0:19.656;0:12.383;232.2;Anthony Imperato;;GTD;;Wright Motorsports;Porsche;
91;1;41;53.891;0;;21.893;0;19.630;0;12.368;0;158.5;36:51.428;15:46:53.356;0:21.893;0:19.630;0:12.368;231.7;Anthony Imperato;;GTD;;Wright Motorsports;Porsche;
91;1;42;53.997;0;;22.021;0;19.519;0;12.457;0;158.2;37:45.425;15:47:47.353;0:22.021;0:19.519;0:12.457;231.3;Anthony Imperato;;GTD;;Wright Motorsports;Porsche;
91;1;43;54.177;0;;22.164;0;19.649;0;12.364;0;157.6;38:39.602;15:48:41.530;0:22.164;0:19.649;0:12.364;230.8;Anthony Imperato;;GTD;;Wright Motorsports;Porsche;
91;1;44;53.964;0;;21.940;0;19.652;0;12.372;0;158.2;39:33.566;15:49:35.494;0:21.940;0:19.652;0:12.372;232.2;Anthony Imperato;;GTD;;Wright Motorsports;Porsche;
91;1;45;54.138;0;;22.054;0;19.679;0;12.405;0;157.7;40:27.704;15:50:29.632;0:22.054;0:19.679;0:12.405;231.7;Anthony Imperato;;GTD;;Wright Motorsports;Porsche;
91;1;46;53.962;0;;21.979;0;19.629;0;12.354;0;158.3;41:21.666;15:51:23.594;0:21.979;0:19.629;0:12.354;232.2;Anthony Imperato;;GTD;;Wright Motorsports;Porsche;
91;1;47;53.942;0;;22.032;0;19.612;0;12.298;0;158.3;42:15.608;15:52:17.536;0:22.032;0:19.612;0:12.298;232.7;Anthony Imperato;;GTD;;Wright Motorsports;Porsche;
91;1;48;53.778;0;;21.964;0;19.532;0;12.282;0;158.8;43:09.386;15:53:11.314;0:21.964;0:19.532;0:12.282;233.2;Anthony Imperato;;GTD;;Wright Motorsports;Porsche;
91;1;49;54.378;0;;22.110;0;19.749;0;12.519;0;157.0;44:03.764;15:54:05.692;0:22.110;0:19.749;0:12.519;234.2;Anthony Imperato;;GTD;;Wright Motorsports;Porsche;
91;1;50;54.196;0;;22.136;0;19.661;0;12.399;0;157.6;44:57.960;15:54:59.888;0:22.136;0:19.661;0:12.399;232.2;Anthony Imperato;;GTD;;Wright Motorsports;Porsche;
91;1;51;54.741;0;;22.037;0;20.099;0;12.605;0;156.0;45:52.701;15:55:54.629;0:22.037;0:20.099;0:12.605;233.2;Anthony Imperato;;GTD;;Wright Motorsports;Porsche;
91;1;52;1:40.910;0;B;22.082;0;20.364;0;58.464;0;84.6;47:33.611;15:57:35.539;0:22.082;0:20.364;0:58.464;232.7;Anthony Imperato;;GTD;;Wright Motorsports;Porsche;
91;2;53;1:01.364;0;;29.349;0;19.665;0;12.350;0;139.2;48:34.975;15:58:36.903;0:29.349;0:19.665;0:12.350;;Matt Campbell;0:00:52.173;GTD;;Wright Motorsports;Porsche;
91;2;54;53.544;0;;21.971;0;19.400;0;12.173;0;159.5;49:28.519;15:59:30.447;0:21.971;0:19.400;0:12.173;233.2;Matt Campbell;;GTD;;Wright Motorsports;Porsche;
91;2;55;53.612;0;;21.670;0;19.726;0;12.216;0;159.3;50:22.131;16:00:24.059;0:21.670;0:19.726;0:12.216;235.2;Matt Campbell;;GTD;;Wright Motorsports;Porsche;
91;2;56;52.235;0;;21.264;0;18.949;2;12.022;0;163.5;51:14.366;16:01:16.294;0:21.264;0:18.949;0:12.022;233.7;Matt Campbell;;GTD;;Wright Motorsports;Porsche;
91;2;57;52.155;0;;21.206;0;18.985;0;11.964;0;163.7;52:06.521;16:02:08.449;0:21.206;0:18.985;0:11.964;235.2;Matt Campbell;;GTD;;Wright Motorsports;Porsche;
91;2;58;52.414;0;;21.272;0;19.125;0;12.017;0;162.9;52:58.935;16:03:00.863;0:21.272;0:19.125;0:12.017;236.2;Matt Campbell;;GTD;;Wright Motorsports;Porsche;
91;2;59;52.477;0;;21.256;0;19.254;0;11.967;0;162.7;53:51.412;16:03:53.340;0:21.256;0:19.254;0:11.967;235.2;Matt Campbell;;GTD;;Wright Motorsports;Porsche;
91;2;60;52.048;2;;21.126;2;19.047;0;11.875;0;164.1;54:43.460;16:04:45.388;0:21.126;0:19.047;0:11.875;236.7;Matt Campbell;;GTD;;Wright Motorsports;Porsche;
91;2;61;52.312;0;;21.241;0;19.059;0;12.012;0;163.2;55:35.772;16:05:37.700;0:21.241;0:19.059;0:12.012;237.7;Matt Campbell;;GTD;;Wright Motorsports;Porsche;
91;2;62;52.499;0;;21.393;0;19.125;0;11.981;0;162.7;56:28.271;16:06:30.199;0:21.393;0:19.125;0:11.981;236.7;Matt Campbell;;GTD;;Wright Motorsports;Porsche;
91;2;63;53.186;0;;21.725;0;19.437;0;12.024;0;160.6;57:21.457;16:07:23.385;0:21.725;0:19.437;0:12.024;237.2;Matt Campbell;;GTD;;Wright Motorsports;Porsche;
91;2;64;54.886;0;;22.602;0;19.810;0;12.474;0;155.6;58:16.343;16:08:18.271;0:22.602;0:19.810;0:12.474;232.2;Matt Campbell;;GTD;;Wright Motorsports;Porsche;
91;2;65;53.975;0;;21.771;0;20.107;0;12.097;0;158.2;59:10.318;16:09:12.246;0:21.771;0:20.107;0:12.097;235.7;Matt Campbell;;GTD;;Wright Motorsports;Porsche;
91;2;66;52.798;0;;21.496;0;19.229;0;12.073;0;161.7;1:00:03.116;16:10:05.044;0:21.496;0:19.229;0:12.073;236.2;Matt Campbell;;GTD;;Wright Motorsports;Porsche;
91;2;67;53.295;0;;21.761;0;19.503;0;12.031;0;160.2;1:00:56.411;16:10:58.339;0:21.761;0:19.503;0:12.031;235.7;Matt Campbell;;GTD;;Wright Motorsports;Porsche;
91;2;68;53.544;0;;21.801;0;19.638;0;12.105;0;159.5;1:01:49.955;16:11:51.883;0:21.801;0:19.638;0:12.105;236.7;Matt Campbell;;GTD;;Wright Motorsports;Porsche;
91;2;69;53.550;0;;21.746;0;19.689;0;12.115;0;159.5;1:02:43.505;16:12:45.433;0:21.746;0:19.689;0:12.115;236.2;Matt Campbell;;GTD;;Wright Motorsports;Porsche;
91;2;70;53.670;0;;21.983;0;19.598;0;12.089;0;159.1;1:03:37.175;16:13:39.103;0:21.983;0:19.598;0:12.089;236.2;Matt Campbell;;GTD;;Wright Motorsports;Porsche;
91;2;71;53.285;0;;21.825;0;19.463;0;11.997;0;160.3;1:04:30.460;16:14:32.388;0:21.825;0:19.463;0:11.997;234.7;Matt Campbell;;GTD;;Wright Motorsports;Porsche;
91;2;72;53.354;0;;21.771;0;19.501;0;12.082;0;160.1;1:05:23.814;16:15:25.742;0:21.771;0:19.501;0:12.082;236.7;Matt Campbell;;GTD;;Wright Motorsports;Porsche;
91;2;73;53.229;0;;21.589;0;19.607;0;12.033;0;160.4;1:06:17.043;16:16:18.971;0:21.589;0:19.607;0:12.033;235.7;Matt Campbell;;GTD;;Wright Motorsports;Porsche;
91;2;74;52.834;0;;21.597;0;19.209;0;12.028;0;161.6;1:07:09.877;16:17:11.805;0:21.597;0:19.209;0:12.028;234.7;Matt Campbell;;GTD;;Wright Motorsports;Porsche;
91;2;75;54.086;0;;22.225;0;19.587;0;12.274;0;157.9;1:08:03.963;16:18:05.891;0:22.225;0:19.587;0:12.274;236.7;Matt Campbell;;GTD;;Wright Motorsports;Porsche;
91;2;76;53.364;0;;21.913;0;19.401;0;12.050;0;160.0;1:08:57.327;16:18:59.255;0:21.913;0:19.401;0:12.050;234.2;Matt Campbell;;GTD;;Wright Motorsports;Porsche;
91;2;77;52.833;0;;21.625;0;19.215;0;11.993;0;161.6;1:09:50.160;16:19:52.088;0:21.625;0:19.215;0:11.993;233.7;Matt Campbell;;GTD;;Wright Motorsports;Porsche;
91;2;78;52.926;0;;21.363;0;19.547;0;12.016;0;161.4;1:10:43.086;16:20:45.014;0:21.363;0:19.547;0:12.016;236.2;Matt Campbell;;GTD;;Wright Motorsports;Porsche;
91;2;79;55.519;0;;21.431;0;22.035;0;12.053;0;153.8;1:11:38.605;16:21:40.533;0:21.431;0:22.035;0:12.053;235.7;Matt Campbell;;GTD;;Wright Motorsports;Porsche;
91;2;80;52.862;0;;21.351;0;19.566;0;11.945;0;161.5;1:12:31.467;16:22:33.395;0:21.351;0:19.566;0:11.945;235.7;Matt Campbell;;GTD;;Wright Motorsports;Porsche;
91;2;81;52.702;0;;21.406;0;19.382;0;11.914;0;162.0;1:13:24.169;16:23:26.097;0:21.406;0:19.382;0:11.914;236.2;Matt Campbell;;GTD;;Wright Motorsports;Porsche;
91;2;82;52.609;0;;21.461;0;19.200;0;11.948;0;162.3;1:14:16.778;16:24:18.706;0:21.461;0:19.200;0:11.948;236.7;Matt Campbell;;GTD;;Wright Motorsports;Porsche;
91;2;83;52.838;0;;21.459;0;19.470;0;11.909;0;161.6;1:15:09.616;16:25:11.544;0:21.459;0:19.470;0:11.909;236.7;Matt Campbell;;GTD;;Wright Motorsports;Porsche;
91;2;84;52.491;0;;21.373;0;19.193;0;11.925;0;162.7;1:16:02.107;16:26:04.035;0:21.373;0:19.193;0:11.925;237.2;Matt Campbell;;GTD;;Wright Motorsports;Porsche;
91;2;85;52.570;0;;21.420;0;19.210;0;11.940;0;162.4;1:16:54.677;16:26:56.605;0:21.420;0:19.210;0:11.940;236.7;Matt Campbell;;GTD;;Wright Motorsports;Porsche;
91;2;86;53.133;0;;21.590;0;19.468;0;12.075;0;160.7;1:17:47.810;16:27:49.738;0:21.590;0:19.468;0:12.075;237.2;Matt Campbell;;GTD;;Wright Motorsports;Porsche;
91;2;87;53.612;0;;21.948;0;19.600;0;12.064;0;159.3;1:18:41.422;16:28:43.350;0:21.948;0:19.600;0:12.064;235.7;Matt Campbell;;GTD;;Wright Motorsports;Porsche;
91;2;88;53.707;0;;21.988;0;19.698;0;12.021;0;159.0;1:19:35.129;16:29:37.057;0:21.988;0:19.698;0:12.021;236.7;Matt Campbell;;GTD;;Wright Motorsports;Porsche;
91;2;89;53.444;0;;21.789;0;19.570;0;12.085;0;159.8;1:20:28.573;16:30:30.501;0:21.789;0:19.570;0:12.085;236.7;Matt Campbell;;GTD;;Wright Motorsports;Porsche;
91;2;90;52.644;0;;21.593;0;19.115;0;11.936;0;162.2;1:21:21.217;16:31:23.145;0:21.593;0:19.115;0:11.936;235.7;Matt Campbell;;GTD;;Wright Motorsports;Porsche;
91;2;91;53.804;0;;21.777;0;19.874;0;12.153;0;158.7;1:22:15.021;16:32:16.949;0:21.777;0:19.874;0:12.153;236.2;Matt Campbell;;GTD;;Wright Motorsports;Porsche;
91;2;92;53.849;0;;22.040;0;19.657;0;12.152;0;158.6;1:23:08.870;16:33:10.798;0:22.040;0:19.657;0:12.152;234.7;Matt Campbell;;GTD;;Wright Motorsports;Porsche;
91;2;93;53.538;0;;21.981;0;19.494;0;12.063;0;159.5;1:24:02.408;16:34:04.336;0:21.981;0:19.494;0:12.063;235.7;Matt Campbell;;GTD;;Wright Motorsports;Porsche;
91;2;94;54.583;0;;21.928;0;19.378;0;13.277;0;156.5;1:24:56.991;16:34:58.919;0:21.928;0:19.378;0:13.277;236.2;Matt Campbell;;GTD;;Wright Motorsports;Porsche;
91;2;95;53.490;0;;22.182;0;19.277;0;12.031;0;159.7;1:25:50.481;16:35:52.409;0:22.182;0:19.277;0:12.031;218.6;Matt Campbell;;GTD;;Wright Motorsports;Porsche;
91;2;96;54.016;0;;22.244;0;19.658;0;12.114;0;158.1;1:26:44.497;16:36:46.425;0:22.244;0:19.658;0:12.114;236.7;Matt Campbell;;GTD;;Wright Motorsports;Porsche;
91;2;97;53.686;0;;22.091;0;19.469;0;12.126;0;159.1;1:27:38.183;16:37:40.111;0:22.091;0:19.469;0:12.126;235.7;Matt Campbell;;GTD;;Wright Motorsports;Porsche;
91;2;98;54.088;0;;21.911;0;19.839;0;12.338;0;157.9;1:28:32.271;16:38:34.199;0:21.911;0:19.839;0:12.338;236.2;Matt Campbell;;GTD;;Wright Motorsports;Porsche;
91;2;99;53.576;0;;22.020;0;19.426;0;12.130;0;159.4;1:29:25.847;16:39:27.775;0:22.020;0:19.426;0:12.130;233.2;Matt Campbell;;GTD;;Wright Motorsports;Porsche;
91;2;100;54.374;0;;21.976;0;20.177;0;12.221;0;157.1;1:30:20.221;16:40:22.149;0:21.976;0:20.177;0:12.221;235.7;Matt Campbell;;GTD;;Wright Motorsports;Porsche;
91;2;101;53.567;0;;22.054;0;19.395;0;12.118;0;159.4;1:31:13.788;16:41:15.716;0:22.054;0:19.395;0:12.118;235.7;Matt Campbell;;GTD;;Wright Motorsports;Porsche;
91;2;102;53.921;0;;21.998;0;19.551;0;12.372;0;158.4;1:32:07.709;16:42:09.637;0:21.998;0:19.551;0:12.372;236.2;Matt Campbell;;GTD;;Wright Motorsports;Porsche;
91;2;103;53.834;0;;22.178;0;19.594;0;12.062;0;158.6;1:33:01.543;16:43:03.471;0:22.178;0:19.594;0:12.062;231.7;Matt Campbell;;GTD;;Wright Motorsports;Porsche;
91;2;104;53.433;0;;21.802;0;19.452;0;12.179;0;159.8;1:33:54.976;16:43:56.904;0:21.802;0:19.452;0:12.179;235.7;Matt Campbell;;GTD;;Wright Motorsports;Porsche;
91;2;105;53.808;0;;22.133;0;19.478;0;12.197;0;158.7;1:34:48.784;16:44:50.712;0:22.133;0:19.478;0:12.197;234.7;Matt Campbell;;GTD;;Wright Motorsports;Porsche;
91;2;106;53.959;0;;22.590;0;19.361;0;12.008;0;158.3;1:35:42.743;16:45:44.671;0:22.590;0:19.361;0:12.008;236.7;Matt Campbell;;GTD;;Wright Motorsports;Porsche;
91;2;107;1:39.705;0;B;22.196;0;19.522;0;57.987;0;85.7;1:37:22.448;16:47:24.376;0:22.196;0:19.522;0:57.987;237.7;Matt Campbell;;GTD;;Wright Motorsports;Porsche;
91;2;108;1:02.146;0;;30.473;0;19.508;0;12.165;0;137.4;1:38:24.594;16:48:26.522;0:30.473;0:19.508;0:12.165;;Matt Campbell;0:00:53.286;GTD;;Wright Motorsports;Porsche;
91;2;109;54.153;0;;22.624;0;19.385;0;12.144;0;157.7;1:39:18.747;16:49:20.675;0:22.624;0:19.385;0:12.144;235.7;Matt Campbell;;GTD;;Wright Motorsports;Porsche;
91;2;110;52.607;0;;21.399;0;19.192;0;12.016;0;162.3;1:40:11.354;16:50:13.282;0:21.399;0:19.192;0:12.016;233.7;Matt Campbell;;GTD;;Wright Motorsports;Porsche;
91;2;111;52.476;0;;21.371;0;19.096;0;12.009;0;162.7;1:41:03.830;16:51:05.758;0:21.371;0:19.096;0:12.009;234.7;Matt Campbell;;GTD;;Wright Motorsports;Porsche;
91;2;112;52.503;0;;21.385;0;19.197;0;11.921;0;162.7;1:41:56.333;16:51:58.261;0:21.385;0:19.197;0:11.921;235.7;Matt Campbell;;GTD;;Wright Motorsports;Porsche;
91;2;113;52.271;0;;21.302;0;19.018;0;11.951;0;163.4;1:42:48.604;16:52:50.532;0:21.302;0:19.018;0:11.951;235.7;Matt Campbell;;GTD;;Wright Motorsports;Porsche;
91;2;114;52.255;0;;21.224;0;19.161;0;11.870;2;163.4;1:43:40.859;16:53:42.787;0:21.224;0:19.161;0:11.870;235.7;Matt Campbell;;GTD;;Wright Motorsports;Porsche;
91;2;115;52.402;0;;21.316;0;19.135;0;11.951;0;163.0;1:44:33.261;16:54:35.189;0:21.316;0:19.135;0:11.951;236.7;Matt Campbell;;GTD;;Wright Motorsports;Porsche;
91;2;116;52.467;0;;21.429;0;19.102;0;11.936;0;162.8;1:45:25.728;16:55:27.656;0:21.429;0:19.102;0:11.936;236.2;Matt Campbell;;GTD;;Wright Motorsports;Porsche;
91;2;117;53.962;0;;21.583;0;20.316;0;12.063;0;158.3;1:46:19.690;16:56:21.618;0:21.583;0:20.316;0:12.063;237.2;Matt Campbell;;GTD;;Wright Motorsports;Porsche;
91;2;118;53.237;0;;22.107;0;19.091;0;12.039;0;160.4;1:47:12.927;16:57:14.855;0:22.107;0:19.091;0:12.039;236.7;Matt Campbell;;GTD;;Wright Motorsports;Porsche;
91;2;119;54.227;0;;22.535;0;19.474;0;12.218;0;157.5;1:48:07.154;16:58:09.082;0:22.535;0:19.474;0:12.218;232.7;Matt Campbell;;GTD;;Wright Motorsports;Porsche;
91;2;120;53.281;0;;21.789;0;19.420;0;12.072;0;160.3;1:49:00.435;16:59:02.363;0:21.789;0:19.420;0:12.072;235.2;Matt Campbell;;GTD;;Wright Motorsports;Porsche;
91;2;121;53.042;0;;21.756;0;19.311;0;11.975;0;161.0;1:49:53.477;16:59:55.405;0:21.756;0:19.311;0:11.975;236.2;Matt Campbell;;GTD;;Wright Motorsports;Porsche;
91;2;122;53.248;0;;21.778;0;19.422;0;12.048;0;160.4;1:50:46.725;17:00:48.653;0:21.778;0:19.422;0:12.048;237.2;Matt Campbell;;GTD;;Wright Motorsports;Porsche;
91;2;123;52.747;0;;21.616;0;19.129;0;12.002;0;161.9;1:51:39.472;17:01:41.400;0:21.616;0:19.129;0:12.002;236.7;Matt Campbell;;GTD;;Wright Motorsports;Porsche;
91;2;124;53.131;0;;21.748;0;19.343;0;12.040;0;160.7;1:52:32.603;17:02:34.531;0:21.748;0:19.343;0:12.040;236.7;Matt Campbell;;GTD;;Wright Motorsports;Porsche;
91;2;125;52.823;0;;21.401;0;19.412;0;12.010;0;161.7;1:53:25.426;17:03:27.354;0:21.401;0:19.412;0:12.010;237.2;Matt Campbell;;GTD;;Wright Motorsports;Porsche;
91;2;126;52.944;0;;21.766;0;19.212;0;11.966;0;161.3;1:54:18.370;17:04:20.298;0:21.766;0:19.212;0:11.966;236.7;Matt Campbell;;GTD;;Wright Motorsports;Porsche;
91;2;127;52.684;0;;21.623;0;19.082;0;11.979;0;162.1;1:55:11.054;17:05:12.982;0:21.623;0:19.082;0:11.979;236.2;Matt Campbell;;GTD;;Wright Motorsports;Porsche;
91;2;128;53.080;0;;21.853;0;19.225;0;12.002;0;160.9;1:56:04.134;17:06:06.062;0:21.853;0:19.225;0:12.002;236.7;Matt Campbell;;GTD;;Wright Motorsports;Porsche;
91;2;129;53.074;0;;21.693;0;19.371;0;12.010;0;160.9;1:56:57.208;17:06:59.136;0:21.693;0:19.371;0:12.010;237.2;Matt Campbell;;GTD;;Wright Motorsports;Porsche;
91;2;130;53.219;0;;21.785;0;19.378;0;12.056;0;160.5;1:57:50.427;17:07:52.355;0:21.785;0:19.378;0:12.056;237.2;Matt Campbell;;GTD;;Wright Motorsports;Porsche;
91;2;131;53.598;0;;21.862;0;19.518;0;12.218;0;159.3;1:58:44.025;17:08:45.953;0:21.862;0:19.518;0:12.218;236.2;Matt Campbell;;GTD;;Wright Motorsports;Porsche;
91;2;132;53.595;0;;22.332;0;19.222;0;12.041;0;159.3;1:59:37.620;17:09:39.548;0:22.332;0:19.222;0:12.041;234.2;Matt Campbell;;GTD;;Wright Motorsports;Porsche;
91;2;133;53.507;0;;21.909;0;19.347;0;12.251;0;159.6;2:00:31.127;17:10:33.055;0:21.909;0:19.347;0:12.251;236.2;Matt Campbell;;GTD;;Wright Motorsports;Porsche;
91;2;134;53.408;0;;21.698;0;19.581;0;12.129;0;159.9;2:01:24.535;17:11:26.463;0:21.698;0:19.581;0:12.129;236.2;Matt Campbell;;GTD;;Wright Motorsports;Porsche;
91;2;135;53.645;0;;21.859;0;19.691;0;12.095;0;159.2;2:02:18.180;17:12:20.108;0:21.859;0:19.691;0:12.095;237.7;Matt Campbell;;GTD;;Wright Motorsports;Porsche;
91;2;136;53.676;0;;21.987;0;19.481;0;12.208;0;159.1;2:03:11.856;17:13:13.784;0:21.987;0:19.481;0:12.208;236.7;Matt Campbell;;GTD;;Wright Motorsports;Porsche;
91;2;137;53.480;0;;21.920;0;19.470;0;12.090;0;159.7;2:04:05.336;17:14:07.264;0:21.920;0:19.470;0:12.090;235.7;Matt Campbell;;GTD;;Wright Motorsports;Porsche;
91;2;138;53.437;0;;21.862;0;19.482;0;12.093;0;159.8;2:04:58.773;17:15:00.701;0:21.862;0:19.482;0:12.093;235.7;Matt Campbell;;GTD;;Wright Motorsports;Porsche;
91;2;139;53.286;0;;21.848;0;19.425;0;12.013;0;160.3;2:05:52.059;17:15:53.987;0:21.848;0:19.425;0:12.013;236.2;Matt Campbell;;GTD;;Wright Motorsports;Porsche;
91;2;140;52.741;0;;21.546;0;19.212;0;11.983;0;161.9;2:06:44.800;17:16:46.728;0:21.546;0:19.212;0:11.983;236.7;Matt Campbell;;GTD;;Wright Motorsports;Porsche;
91;2;141;53.069;0;;21.676;0;19.330;0;12.063;0;160.9;2:07:37.869;17:17:39.797;0:21.676;0:19.330;0:12.063;235.7;Matt Campbell;;GTD;;Wright Motorsports;Porsche;
91;2;142;53.550;0;;22.133;0;19.338;0;12.079;0;159.5;2:08:31.419;17:18:33.347;0:22.133;0:19.338;0:12.079;235.2;Matt Campbell;;GTD;;Wright Motorsports;Porsche;
91;2;143;53.032;0;;21.703;0;19.268;0;12.061;0;161.0;2:09:24.451;17:19:26.379;0:21.703;0:19.268;0:12.061;236.7;Matt Campbell;;GTD;;Wright Motorsports;Porsche;
91;2;144;53.180;0;;21.861;0;19.305;0;12.014;0;160.6;2:10:17.631;17:20:19.559;0:21.861;0:19.305;0:12.014;236.2;Matt Campbell;;GTD;;Wright Motorsports;Porsche;
91;2;145;53.039;0;;21.785;0;19.272;0;11.982;0;161.0;2:11:10.670;17:21:12.598;0:21.785;0:19.272;0:11.982;237.2;Matt Campbell;;GTD;;Wright Motorsports;Porsche;
91;2;146;53.150;0;;21.771;0;19.368;0;12.011;0;160.7;2:12:03.820;17:22:05.748;0:21.771;0:19.368;0:12.011;237.7;Matt Campbell;;GTD;;Wright Motorsports;Porsche;
91;2;147;53.245;0;;21.827;0;19.334;0;12.084;0;160.4;2:12:57.065;17:22:58.993;0:21.827;0:19.334;0:12.084;237.2;Matt Campbell;;GTD;;Wright Motorsports;Porsche;
91;2;148;53.071;0;;21.760;0;19.232;0;12.079;0;160.9;2:13:50.136;17:23:52.064;0:21.760;0:19.232;0:12.079;234.7;Matt Campbell;;GTD;;Wright Motorsports;Porsche;
91;2;149;53.138;0;;21.770;0;19.259;0;12.109;0;160.7;2:14:43.274;17:24:45.202;0:21.770;0:19.259;0:12.109;236.7;Matt Campbell;;GTD;;Wright Motorsports;Porsche;
91;2;150;53.348;0;;21.790;0;19.365;0;12.193;0;160.1;2:15:36.622;17:25:38.550;0:21.790;0:19.365;0:12.193;235.7;Matt Campbell;;GTD;;Wright Motorsports;Porsche;
91;2;151;53.702;0;;22.405;0;19.258;0;12.039;0;159.0;2:16:30.324;17:26:32.252;0:22.405;0:19.258;0:12.039;222.0;Matt Campbell;;GTD;;Wright Motorsports;Porsche;
91;2;152;53.494;0;;21.936;0;19.335;0;12.223;0;159.6;2:17:23.818;17:27:25.746;0:21.936;0:19.335;0:12.223;238.7;Matt Campbell;;GTD;;Wright Motorsports;Porsche;
91;2;153;54.356;0;;22.376;0;19.838;0;12.142;0;157.1;2:18:18.174;17:28:20.102;0:22.376;0:19.838;0:12.142;223.4;Matt Campbell;;GTD;;Wright Motorsports;Porsche;
91;2;154;57.571;0;;22.746;0;19.745;0;15.080;0;148.3;2:19:15.745;17:29:17.673;0:22.746;0:19.745;0:15.080;236.7;Matt Campbell;;GTD;;Wright Motorsports;Porsche;
91;2;155;54.729;0;;22.433;0;19.829;0;12.467;0;156.0;2:20:10.474;17:30:12.402;0:22.433;0:19.829;0:12.467;208.0;Matt Campbell;;GTD;;Wright Motorsports;Porsche;
91;2;156;55.593;0;;22.695;0;20.542;0;12.356;0;153.6;2:21:06.067;17:31:07.995;0:22.695;0:20.542;0:12.356;234.7;Matt Campbell;;GTD;;Wright Motorsports;Porsche;
91;2;157;53.542;0;;22.124;0;19.263;0;12.155;0;159.5;2:21:59.609;17:32:01.537;0:22.124;0:19.263;0:12.155;234.2;Matt Campbell;;GTD;;Wright Motorsports;Porsche;
91;2;158;53.321;0;;21.808;0;19.377;0;12.136;0;160.2;2:22:52.930;17:32:54.858;0:21.808;0:19.377;0:12.136;235.7;Matt Campbell;;GTD;;Wright Motorsports;Porsche;
91;2;159;53.248;0;;21.752;0;19.313;0;12.183;0;160.4;2:23:46.178;17:33:48.106;0:21.752;0:19.313;0:12.183;236.7;Matt Campbell;;GTD;;Wright Motorsports;Porsche;
91;2;160;53.521;0;;21.816;0;19.535;0;12.170;0;159.6;2:24:39.699;17:34:41.627;0:21.816;0:19.535;0:12.170;236.2;Matt Campbell;;GTD;;Wright Motorsports;Porsche;
91;2;161;53.044;0;;21.769;0;19.191;0;12.084;0;161.0;2:25:32.743;17:35:34.671;0:21.769;0:19.191;0:12.084;235.7;Matt Campbell;;GTD;;Wright Motorsports;Porsche;
91;2;162;53.315;0;;21.663;0;19.519;0;12.133;0;160.2;2:26:26.058;17:36:27.986;0:21.663;0:19.519;0:12.133;236.2;Matt Campbell;;GTD;;Wright Motorsports;Porsche;
91;2;163;53.355;0;;21.843;0;19.418;0;12.094;0;160.1;2:27:19.413;17:37:21.341;0:21.843;0:19.418;0:12.094;236.2;Matt Campbell;;GTD;;Wright Motorsports;Porsche;
91;2;164;53.581;0;;21.788;0;19.642;0;12.151;0;159.4;2:28:12.994;17:38:14.922;0:21.788;0:19.642;0:12.151;235.7;Matt Campbell;;GTD;;Wright Motorsports;Porsche;
91;2;165;53.902;0;;21.855;0;19.897;0;12.150;0;158.4;2:29:06.896;17:39:08.824;0:21.855;0:19.897;0:12.150;234.7;Matt Campbell;;GTD;;Wright Motorsports;Porsche;
91;2;166;53.055;0;;21.776;0;19.268;0;12.011;0;161.0;2:29:59.951;17:40:01.879;0:21.776;0:19.268;0:12.011;235.7;Matt Campbell;;GTD;;Wright Motorsports;Porsche;
91;2;167;53.202;0;;21.727;0;19.360;0;12.115;0;160.5;2:30:53.153;17:40:55.081;0:21.727;0:19.360;0:12.115;237.2;Matt Campbell;;GTD;;Wright Motorsports;Porsche;
91;2;168;53.728;0;;21.910;0;19.539;0;12.279;0;158.9;2:31:46.881;17:41:48.809;0:21.910;0:19.539;0:12.279;236.2;Matt Campbell;;GTD;;Wright Motorsports;Porsche;
91;2;169;53.966;0;;22.207;0;19.574;0;12.185;0;158.2;2:32:40.847;17:42:42.775;0:22.207;0:19.574;0:12.185;235.2;Matt Campbell;;GTD;;Wright Motorsports;Porsche;
91;2;170;54.675;0;;22.814;0;19.665;0;12.196;0;156.2;2:33:35.522;17:43:37.450;0:22.814;0:19.665;0:12.196;237.2;Matt Campbell;;GTD;;Wright Motorsports;Porsche;
91;2;171;53.548;0;;21.984;0;19.424;0;12.140;0;159.5;2:34:29.070;17:44:30.998;0:21.984;0:19.424;0:12.140;235.2;Matt Campbell;;GTD;;Wright Motorsports;Porsche;
91;2;172;53.400;0;;21.839;0;19.359;0;12.202;0;159.9;2:35:22.470;17:45:24.398;0:21.839;0:19.359;0:12.202;236.2;Matt Campbell;;GTD;;Wright Motorsports;Porsche;
91;2;173;53.890;0;;22.066;0;19.620;0;12.204;0;158.5;2:36:16.360;17:46:18.288;0:22.066;0:19.620;0:12.204;235.7;Matt Campbell;;GTD;;Wright Motorsports;Porsche;
91;2;174;54.024;0;;22.128;0;19.600;0;12.296;0;158.1;2:37:10.384;17:47:12.312;0:22.128;0:19.600;0:12.296;236.2;Matt Campbell;;GTD;;Wright Motorsports;Porsche;
91;2;175;53.721;0;;22.073;0;19.483;0;12.165;0;159.0;2:38:04.105;17:48:06.033;0:22.073;0:19.483;0:12.165;234.7;Matt Campbell;;GTD;;Wright Motorsports;Porsche;
91;2;176;53.719;0;;22.079;0;19.409;0;12.231;0;159.0;2:38:57.824;17:48:59.752;0:22.079;0:19.409;0:12.231;235.7;Matt Campbell;;GTD;;Wright Motorsports;Porsche;
91;2;177;53.703;0;;22.214;0;19.347;0;12.142;0;159.0;2:39:51.527;17:49:53.455;0:22.214;0:19.347;0:12.142;235.2;Matt Campbell;;GTD;;Wright Motorsports;Porsche;
91;2;178;54.085;0;;22.174;0;19.548;0;12.363;0;157.9;2:40:45.612;17:50:47.540;0:22.174;0:19.548;0:12.363;235.7;Matt Campbell;;GTD;;Wright Motorsports;Porsche;
911;2;1;53.205;0;;22.218;0;19.193;0;11.794;0;160.5;53.205;15:10:55.133;0:22.218;0:19.193;0:11.794;224.7;Nick Tandy;;GTLM;;Porsche GT Team;Porsche;
911;2;2;52.137;0;;21.384;0;18.879;0;11.874;0;163.8;1:45.342;15:11:47.270;0:21.384;0:18.879;0:11.874;242.3;Nick Tandy;;GTLM;;Porsche GT Team;Porsche;
911;2;3;51.474;0;;21.124;0;18.709;0;11.641;0;165.9;2:36.816;15:12:38.744;0:21.124;0:18.709;0:11.641;241.3;Nick Tandy;;GTLM;;Porsche GT Team;Porsche;
911;2;4;51.487;0;;21.106;0;18.726;0;11.655;0;165.9;3:28.303;15:13:30.231;0:21.106;0:18.726;0:11.655;243.4;Nick Tandy;;GTLM;;Porsche GT Team;Porsche;
911;2;5;51.043;0;;20.940;0;18.493;1;11.610;0;167.3;4:19.346;15:14:21.274;0:20.940;0:18.493;0:11.610;243.4;Nick Tandy;;GTLM;;Porsche GT Team;Porsche;
911;2;6;51.177;0;;20.910;0;18.685;0;11.582;0;166.9;5:10.523;15:15:12.451;0:20.910;0:18.685;0:11.582;243.4;Nick Tandy;;GTLM;;Porsche GT Team;Porsche;
911;2;7;50.867;0;;20.773;2;18.510;0;11.584;0;167.9;6:01.390;15:16:03.318;0:20.773;0:18.510;0:11.584;244.4;Nick Tandy;;GTLM;;Porsche GT Team;Porsche;
911;2;8;51.176;0;;21.032;0;18.564;0;11.580;1;166.9;6:52.566;15:16:54.494;0:21.032;0:18.564;0:11.580;243.9;Nick Tandy;;GTLM;;Porsche GT Team;Porsche;
911;2;9;51.165;0;;20.997;0;18.551;0;11.617;0;166.9;7:43.731;15:17:45.659;0:20.997;0:18.551;0:11.617;244.4;Nick Tandy;;GTLM;;Porsche GT Team;Porsche;
911;2;10;51.265;0;;21.165;0;18.495;0;11.605;0;166.6;8:34.996;15:18:36.924;0:21.165;0:18.495;0:11.605;243.4;Nick Tandy;;GTLM;;Porsche GT Team;Porsche;
911;2;11;51.463;0;;21.107;0;18.696;0;11.660;0;165.9;9:26.459;15:19:28.387;0:21.107;0:18.696;0:11.660;243.4;Nick Tandy;;GTLM;;Porsche GT Team;Porsche;
911;2;12;51.175;0;;20.955;0;18.605;0;11.615;0;166.9;10:17.634;15:20:19.562;0:20.955;0:18.605;0:11.615;243.4;Nick Tandy;;GTLM;;Porsche GT Team;Porsche;
911;2;13;51.439;0;;21.064;0;18.719;0;11.656;0;166.0;11:09.073;15:21:11.001;0:21.064;0:18.719;0:11.656;242.3;Nick Tandy;;GTLM;;Porsche GT Team;Porsche;
911;2;14;51.521;0;;21.212;0;18.644;0;11.665;0;165.8;12:00.594;15:22:02.522;0:21.212;0:18.644;0:11.665;242.3;Nick Tandy;;GTLM;;Porsche GT Team;Porsche;
911;2;15;51.743;0;;21.235;0;18.815;0;11.693;0;165.0;12:52.337;15:22:54.265;0:21.235;0:18.815;0:11.693;242.8;Nick Tandy;;GTLM;;Porsche GT Team;Porsche;
911;2;16;51.604;0;;21.238;0;18.727;0;11.639;0;165.5;13:43.941;15:23:45.869;0:21.238;0:18.727;0:11.639;242.3;Nick Tandy;;GTLM;;Porsche GT Team;Porsche;
911;2;17;51.859;0;;21.387;0;18.753;0;11.719;0;164.7;14:35.800;15:24:37.728;0:21.387;0:18.753;0:11.719;242.3;Nick Tandy;;GTLM;;Porsche GT Team;Porsche;
911;2;18;51.682;0;;21.263;0;18.726;0;11.693;0;165.2;15:27.482;15:25:29.410;0:21.263;0:18.726;0:11.693;241.3;Nick Tandy;;GTLM;;Porsche GT Team;Porsche;
911;2;19;51.708;0;;21.319;0;18.699;0;11.690;0;165.2;16:19.190;15:26:21.118;0:21.319;0:18.699;0:11.690;241.8;Nick Tandy;;GTLM;;Porsche GT Team;Porsche;
911;2;20;51.549;0;;21.263;0;18.636;0;11.650;0;165.7;17:10.739;15:27:12.667;0:21.263;0:18.636;0:11.650;240.2;Nick Tandy;;GTLM;;Porsche GT Team;Porsche;
911;2;21;52.029;0;;21.169;0;19.038;0;11.822;0;164.1;18:02.768;15:28:04.696;0:21.169;0:19.038;0:11.822;242.3;Nick Tandy;;GTLM;;Porsche GT Team;Porsche;
911;2;22;52.296;0;;21.571;0;18.964;0;11.761;0;163.3;18:55.064;15:28:56.992;0:21.571;0:18.964;0:11.761;242.8;Nick Tandy;;GTLM;;Porsche GT Team;Porsche;
911;2;23;52.726;0;;21.298;0;19.324;0;12.104;0;162.0;19:47.790;15:29:49.718;0:21.298;0:19.324;0:12.104;241.3;Nick Tandy;;GTLM;;Porsche GT Team;Porsche;
911;2;24;51.752;0;;21.332;0;18.683;0;11.737;0;165.0;20:39.542;15:30:41.470;0:21.332;0:18.683;0:11.737;239.2;Nick Tandy;;GTLM;;Porsche GT Team;Porsche;
911;2;25;52.697;0;;21.377;0;19.483;0;11.837;0;162.1;21:32.239;15:31:34.167;0:21.377;0:19.483;0:11.837;241.8;Nick Tandy;;GTLM;;Porsche GT Team;Porsche;
911;2;26;51.309;0;;21.074;0;18.582;0;11.653;0;166.4;22:23.548;15:32:25.476;0:21.074;0:18.582;0:11.653;242.3;Nick Tandy;;GTLM;;Porsche GT Team;Porsche;
911;2;27;52.817;0;;21.555;0;19.013;0;12.249;0;161.7;23:16.365;15:33:18.293;0:21.555;0:19.013;0:12.249;244.4;Nick Tandy;;GTLM;;Porsche GT Team;Porsche;
911;2;28;52.894;0;;21.510;0;19.290;0;12.094;0;161.5;24:09.259;15:34:11.187;0:21.510;0:19.290;0:12.094;240.2;Nick Tandy;;GTLM;;Porsche GT Team;Porsche;
911;2;29;51.721;0;;21.418;0;18.642;0;11.661;0;165.1;25:00.980;15:35:02.908;0:21.418;0:18.642;0:11.661;242.3;Nick Tandy;;GTLM;;Porsche GT Team;Porsche;
911;2;30;51.587;0;;21.283;0;18.617;0;11.687;0;165.5;25:52.567;15:35:54.495;0:21.283;0:18.617;0:11.687;242.3;Nick Tandy;;GTLM;;Porsche GT Team;Porsche;
911;2;31;52.834;0;;21.193;0;19.485;0;12.156;0;161.6;26:45.401;15:36:47.329;0:21.193;0:19.485;0:12.156;242.8;Nick Tandy;;GTLM;;Porsche GT Team;Porsche;
911;2;32;52.539;0;;21.257;0;19.504;0;11.778;0;162.5;27:37.940;15:37:39.868;0:21.257;0:19.504;0:11.778;240.2;Nick Tandy;;GTLM;;Porsche GT Team;Porsche;
911;2;33;51.821;0;;21.319;0;18.794;0;11.708;0;164.8;28:29.761;15:38:31.689;0:21.319;0:18.794;0:11.708;243.9;Nick Tandy;;GTLM;;Porsche GT Team;Porsche;
911;2;34;52.763;0;;21.606;0;19.296;0;11.861;0;161.9;29:22.524;15:39:24.452;0:21.606;0:19.296;0:11.861;242.8;Nick Tandy;;GTLM;;Porsche GT Team;Porsche;
911;2;35;51.951;0;;21.428;0;18.775;0;11.748;0;164.4;30:14.475;15:40:16.403;0:21.428;0:18.775;0:11.748;241.3;Nick Tandy;;GTLM;;Porsche GT Team;Porsche;
911;2;36;52.566;0;;21.510;0;19.080;0;11.976;0;162.5;31:07.041;15:41:08.969;0:21.510;0:19.080;0:11.976;242.3;Nick Tandy;;GTLM;;Porsche GT Team;Porsche;
911;2;37;52.245;0;;21.591;0;18.879;0;11.775;0;163.5;31:59.286;15:42:01.214;0:21.591;0:18.879;0:11.775;242.8;Nick Tandy;;GTLM;;Porsche GT Team;Porsche;
911;2;38;52.187;0;;21.457;0;18.948;0;11.782;0;163.6;32:51.473;15:42:53.401;0:21.457;0:18.948;0:11.782;242.3;Nick Tandy;;GTLM;;Porsche GT Team;Porsche;
911;2;39;52.639;0;;21.773;0;19.029;0;11.837;0;162.2;33:44.112;15:43:46.040;0:21.773;0:19.029;0:11.837;242.3;Nick Tandy;;GTLM;;Porsche GT Team;Porsche;
911;2;40;52.797;0;;21.538;0;18.943;0;12.316;0;161.7;34:36.909;15:44:38.837;0:21.538;0:18.943;0:12.316;241.3;Nick Tandy;;GTLM;;Porsche GT Team;Porsche;
911;2;41;54.850;0;;21.782;0;21.015;0;12.053;0;155.7;35:31.759;15:45:33.687;0:21.782;0:21.015;0:12.053;238.2;Nick Tandy;;GTLM;;Porsche GT Team;Porsche;
911;2;42;52.073;0;;21.417;0;18.795;0;11.861;0;164.0;36:23.832;15:46:25.760;0:21.417;0:18.795;0:11.861;239.7;Nick Tandy;;GTLM;;Porsche GT Team;Porsche;
911;2;43;52.578;0;;21.395;0;18.899;0;12.284;0;162.4;37:16.410;15:47:18.338;0:21.395;0:18.899;0:12.284;241.8;Nick Tandy;;GTLM;;Porsche GT Team;Porsche;
911;2;44;52.564;0;;21.791;0;18.933;0;11.840;0;162.5;38:08.974;15:48:10.902;0:21.791;0:18.933;0:11.840;241.8;Nick Tandy;;GTLM;;Porsche GT Team;Porsche;
911;2;45;52.229;0;;21.569;0;18.827;0;11.833;0;163.5;39:01.203;15:49:03.131;0:21.569;0:18.827;0:11.833;241.3;Nick Tandy;;GTLM;;Porsche GT Team;Porsche;
911;2;46;53.676;0;;22.333;0;19.342;0;12.001;0;159.1;39:54.879;15:49:56.807;0:22.333;0:19.342;0:12.001;240.7;Nick Tandy;;GTLM;;Porsche GT Team;Porsche;
911;2;47;52.937;0;;21.847;0;19.140;0;11.950;0;161.3;40:47.816;15:50:49.744;0:21.847;0:19.140;0:11.950;239.7;Nick Tandy;;GTLM;;Porsche GT Team;Porsche;
911;2;48;52.391;0;;21.582;0;18.803;0;12.006;0;163.0;41:40.207;15:51:42.135;0:21.582;0:18.803;0:12.006;239.2;Nick Tandy;;GTLM;;Porsche GT Team;Porsche;
911;2;49;52.684;0;;21.499;0;18.974;0;12.211;0;162.1;42:32.891;15:52:34.819;0:21.499;0:18.974;0:12.211;239.7;Nick Tandy;;GTLM;;Porsche GT Team;Porsche;
911;2;50;52.769;0;;21.752;0;18.911;0;12.106;0;161.8;43:25.660;15:53:27.588;0:21.752;0:18.911;0:12.106;235.2;Nick Tandy;;GTLM;;Porsche GT Team;Porsche;
911;2;51;1:03.020;0;B;21.551;0;18.943;0;22.526;0;135.5;44:28.680;15:54:30.608;0:21.551;0:18.943;0:22.526;237.7;Nick Tandy;;GTLM;;Porsche GT Team;Porsche;
911;1;52;1:25.798;0;;54.504;0;19.150;0;12.144;0;99.5;45:54.478;15:55:56.406;0:54.504;0:19.150;0:12.144;;Patrick Pilet;0:00:43.426;GTLM;;Porsche GT Team;Porsche;
911;1;53;52.525;0;;21.763;0;18.896;0;11.866;0;162.6;46:47.003;15:56:48.931;0:21.763;0:18.896;0:11.866;235.7;Patrick Pilet;;GTLM;;Porsche GT Team;Porsche;
911;1;54;51.555;0;;21.191;0;18.711;0;11.653;0;165.6;47:38.558;15:57:40.486;0:21.191;0:18.711;0:11.653;242.8;Patrick Pilet;;GTLM;;Porsche GT Team;Porsche;
911;1;55;51.994;0;;21.413;0;18.921;0;11.660;0;164.2;48:30.552;15:58:32.480;0:21.413;0:18.921;0:11.660;242.8;Patrick Pilet;;GTLM;;Porsche GT Team;Porsche;
911;1;56;51.115;0;;20.925;0;18.609;0;11.581;0;167.1;49:21.667;15:59:23.595;0:20.925;0:18.609;0:11.581;242.8;Patrick Pilet;;GTLM;;Porsche GT Team;Porsche;
911;1;57;52.183;0;;20.840;1;19.178;0;12.165;0;163.7;50:13.850;16:00:15.778;0:20.840;0:19.178;0:12.165;243.9;Patrick Pilet;;GTLM;;Porsche GT Team;Porsche;
911;1;58;51.585;0;;21.242;0;18.640;0;11.703;0;165.5;51:05.435;16:01:07.363;0:21.242;0:18.640;0:11.703;243.4;Patrick Pilet;;GTLM;;Porsche GT Team;Porsche;
911;1;59;51.719;0;;21.205;0;18.740;0;11.774;0;165.1;51:57.154;16:01:59.082;0:21.205;0:18.740;0:11.774;243.4;Patrick Pilet;;GTLM;;Porsche GT Team;Porsche;
911;1;60;51.538;0;;21.147;0;18.670;0;11.721;0;165.7;52:48.692;16:02:50.620;0:21.147;0:18.670;0:11.721;243.9;Patrick Pilet;;GTLM;;Porsche GT Team;Porsche;
911;1;61;51.837;0;;21.255;0;18.697;0;11.885;0;164.7;53:40.529;16:03:42.457;0:21.255;0:18.697;0:11.885;243.9;Patrick Pilet;;GTLM;;Porsche GT Team;Porsche;
911;1;62;51.809;0;;21.201;0;18.836;0;11.772;0;164.8;54:32.338;16:04:34.266;0:21.201;0:18.836;0:11.772;242.3;Patrick Pilet;;GTLM;;Porsche GT Team;Porsche;
911;1;63;51.904;0;;21.485;0;18.666;0;11.753;0;164.5;55:24.242;16:05:26.170;0:21.485;0:18.666;0:11.753;243.4;Patrick Pilet;;GTLM;;Porsche GT Team;Porsche;
911;1;64;51.585;0;;21.119;0;18.640;0;11.826;0;165.5;56:15.827;16:06:17.755;0:21.119;0:18.640;0:11.826;242.3;Patrick Pilet;;GTLM;;Porsche GT Team;Porsche;
911;1;65;51.784;0;;21.336;0;18.640;0;11.808;0;164.9;57:07.611;16:07:09.539;0:21.336;0:18.640;0:11.808;242.8;Patrick Pilet;;GTLM;;Porsche GT Team;Porsche;
911;1;66;51.693;0;;21.190;0;18.648;0;11.855;0;165.2;57:59.304;16:08:01.232;0:21.190;0:18.648;0:11.855;242.8;Patrick Pilet;;GTLM;;Porsche GT Team;Porsche;
911;1;67;51.682;0;;21.147;0;18.801;0;11.734;0;165.2;58:50.986;16:08:52.914;0:21.147;0:18.801;0:11.734;241.3;Patrick Pilet;;GTLM;;Porsche GT Team;Porsche;
911;1;68;52.084;0;;21.338;0;18.787;0;11.959;0;164.0;59:43.070;16:09:44.998;0:21.338;0:18.787;0:11.959;243.4;Patrick Pilet;;GTLM;;Porsche GT Team;Porsche;
911;1;69;51.938;0;;21.364;0;18.697;0;11.877;0;164.4;1:00:35.008;16:10:36.936;0:21.364;0:18.697;0:11.877;240.2;Patrick Pilet;;GTLM;;Porsche GT Team;Porsche;
911;1;70;51.778;0;;21.244;0;18.654;0;11.880;0;164.9;1:01:26.786;16:11:28.714;0:21.244;0:18.654;0:11.880;240.7;Patrick Pilet;;GTLM;;Porsche GT Team;Porsche;
911;1;71;52.268;0;;21.248;0;18.820;0;12.200;0;163.4;1:02:19.054;16:12:20.982;0:21.248;0:18.820;0:12.200;241.3;Patrick Pilet;;GTLM;;Porsche GT Team;Porsche;
911;1;72;51.902;0;;21.284;0;18.651;0;11.967;0;164.5;1:03:10.956;16:13:12.884;0:21.284;0:18.651;0:11.967;239.2;Patrick Pilet;;GTLM;;Porsche GT Team;Porsche;
911;1;73;51.776;0;;21.169;0;18.711;0;11.896;0;164.9;1:04:02.732;16:14:04.660;0:21.169;0:18.711;0:11.896;240.2;Patrick Pilet;;GTLM;;Porsche GT Team;Porsche;
911;1;74;51.976;0;;21.242;0;18.949;0;11.785;0;164.3;1:04:54.708;16:14:56.636;0:21.242;0:18.949;0:11.785;240.2;Patrick Pilet;;GTLM;;Porsche GT Team;Porsche;
911;1;75;52.022;0;;21.234;0;18.804;0;11.984;0;164.2;1:05:46.730;16:15:48.658;0:21.234;0:18.804;0:11.984;242.3;Patrick Pilet;;GTLM;;Porsche GT Team;Porsche;
911;1;76;51.987;0;;21.235;0;19.001;0;11.751;0;164.3;1:06:38.717;16:16:40.645;0:21.235;0:19.001;0:11.751;240.7;Patrick Pilet;;GTLM;;Porsche GT Team;Porsche;
911;1;77;53.605;0;;22.174;0;19.317;0;12.114;0;159.3;1:07:32.322;16:17:34.250;0:22.174;0:19.317;0:12.114;243.9;Patrick Pilet;;GTLM;;Porsche GT Team;Porsche;
911;1;78;52.340;0;;21.465;0;19.020;0;11.855;0;163.2;1:08:24.662;16:18:26.590;0:21.465;0:19.020;0:11.855;240.2;Patrick Pilet;;GTLM;;Porsche GT Team;Porsche;
911;1;79;52.465;0;;21.396;0;18.981;0;12.088;0;162.8;1:09:17.127;16:19:19.055;0:21.396;0:18.981;0:12.088;242.8;Patrick Pilet;;GTLM;;Porsche GT Team;Porsche;
911;1;80;52.154;0;;21.724;0;18.683;0;11.747;0;163.7;1:10:09.281;16:20:11.209;0:21.724;0:18.683;0:11.747;242.3;Patrick Pilet;;GTLM;;Porsche GT Team;Porsche;
911;1;81;51.803;0;;21.223;0;18.745;0;11.835;0;164.9;1:11:01.084;16:21:03.012;0:21.223;0:18.745;0:11.835;242.8;Patrick Pilet;;GTLM;;Porsche GT Team;Porsche;
911;1;82;51.882;0;;21.185;0;18.750;0;11.947;0;164.6;1:11:52.966;16:21:54.894;0:21.185;0:18.750;0:11.947;241.8;Patrick Pilet;;GTLM;;Porsche GT Team;Porsche;
911;1;83;51.772;0;;21.298;0;18.639;0;11.835;0;165.0;1:12:44.738;16:22:46.666;0:21.298;0:18.639;0:11.835;240.7;Patrick Pilet;;GTLM;;Porsche GT Team;Porsche;
911;1;84;51.714;0;;21.283;0;18.659;0;11.772;0;165.1;1:13:36.452;16:23:38.380;0:21.283;0:18.659;0:11.772;241.8;Patrick Pilet;;GTLM;;Porsche GT Team;Porsche;
911;1;85;51.827;0;;21.252;0;18.780;0;11.795;0;164.8;1:14:28.279;16:24:30.207;0:21.252;0:18.780;0:11.795;243.4;Patrick Pilet;;GTLM;;Porsche GT Team;Porsche;
911;1;86;52.207;0;;21.467;0;18.771;0;11.969;0;163.6;1:15:20.486;16:25:22.414;0:21.467;0:18.771;0:11.969;242.8;Patrick Pilet;;GTLM;;Porsche GT Team;Porsche;
911;1;87;52.104;0;;21.467;0;18.829;0;11.808;0;163.9;1:16:12.590;16:26:14.518;0:21.467;0:18.829;0:11.808;240.2;Patrick Pilet;;GTLM;;Porsche GT Team;Porsche;
911;1;88;52.502;0;;21.439;0;18.915;0;12.148;0;162.7;1:17:05.092;16:27:07.020;0:21.439;0:18.915;0:12.148;242.8;Patrick Pilet;;GTLM;;Porsche GT Team;Porsche;
911;1;89;52.428;0;;21.585;0;18.905;0;11.938;0;162.9;1:17:57.520;16:27:59.448;0:21.585;0:18.905;0:11.938;239.2;Patrick Pilet;;GTLM;;Porsche GT Team;Porsche;
911;1;90;52.439;0;;21.599;0;18.882;0;11.958;0;162.9;1:18:49.959;16:28:51.887;0:21.599;0:18.882;0:11.958;240.2;Patrick Pilet;;GTLM;;Porsche GT Team;Porsche;
911;1;91;52.542;0;;21.634;0;18.877;0;12.031;0;162.5;1:19:42.501;16:29:44.429;0:21.634;0:18.877;0:12.031;240.2;Patrick Pilet;;GTLM;;Porsche GT Team;Porsche;
911;1;92;51.995;0;;21.496;0;18.723;0;11.776;0;164.2;1:20:34.496;16:30:36.424;0:21.496;0:18.723;0:11.776;239.7;Patrick Pilet;;GTLM;;Porsche GT Team;Porsche;
911;1;93;52.410;0;;21.518;0;18.933;0;11.959;0;162.9;1:21:26.906;16:31:28.834;0:21.518;0:18.933;0:11.959;242.8;Patrick Pilet;;GTLM;;Porsche GT Team;Porsche;
911;1;94;53.248;0;;21.949;0;19.296;0;12.003;0;160.4;1:22:20.154;16:32:22.082;0:21.949;0:19.296;0:12.003;242.8;Patrick Pilet;;GTLM;;Porsche GT Team;Porsche;
911;1;95;53.537;0;;22.309;0;19.228;0;12.000;0;159.5;1:23:13.691;16:33:15.619;0:22.309;0:19.228;0:12.000;243.9;Patrick Pilet;;GTLM;;Porsche GT Team;Porsche;
911;1;96;53.872;0;;22.394;0;19.316;0;12.162;0;158.5;1:24:07.563;16:34:09.491;0:22.394;0:19.316;0:12.162;242.3;Patrick Pilet;;GTLM;;Porsche GT Team;Porsche;
911;1;97;53.540;0;;22.124;0;19.247;0;12.169;0;159.5;1:25:01.103;16:35:03.031;0:22.124;0:19.247;0:12.169;242.3;Patrick Pilet;;GTLM;;Porsche GT Team;Porsche;
911;1;98;53.587;0;;21.850;0;19.071;0;12.666;0;159.4;1:25:54.690;16:35:56.618;0:21.850;0:19.071;0:12.666;242.3;Patrick Pilet;;GTLM;;Porsche GT Team;Porsche;
911;1;99;53.157;0;;21.820;0;19.261;0;12.076;0;160.7;1:26:47.847;16:36:49.775;0:21.820;0:19.261;0:12.076;237.2;Patrick Pilet;;GTLM;;Porsche GT Team;Porsche;
911;1;100;53.784;0;;21.918;0;19.633;0;12.233;0;158.8;1:27:41.631;16:37:43.559;0:21.918;0:19.633;0:12.233;242.3;Patrick Pilet;;GTLM;;Porsche GT Team;Porsche;
911;1;101;52.473;0;;21.766;0;18.865;0;11.842;0;162.7;1:28:34.104;16:38:36.032;0:21.766;0:18.865;0:11.842;240.2;Patrick Pilet;;GTLM;;Porsche GT Team;Porsche;
911;1;102;52.680;0;;21.908;0;18.855;0;11.917;0;162.1;1:29:26.784;16:39:28.712;0:21.908;0:18.855;0:11.917;241.8;Patrick Pilet;;GTLM;;Porsche GT Team;Porsche;
911;1;103;52.997;0;;21.853;0;19.054;0;12.090;0;161.1;1:30:19.781;16:40:21.709;0:21.853;0:19.054;0:12.090;241.8;Patrick Pilet;;GTLM;;Porsche GT Team;Porsche;
911;1;104;53.375;0;;22.001;0;19.279;0;12.095;0;160.0;1:31:13.156;16:41:15.084;0:22.001;0:19.279;0:12.095;241.3;Patrick Pilet;;GTLM;;Porsche GT Team;Porsche;
911;1;105;54.189;0;;22.221;0;19.493;0;12.475;0;157.6;1:32:07.345;16:42:09.273;0:22.221;0:19.493;0:12.475;241.3;Patrick Pilet;;GTLM;;Porsche GT Team;Porsche;
911;1;106;53.125;0;;21.883;0;19.033;0;12.209;0;160.7;1:33:00.470;16:43:02.398;0:21.883;0:19.033;0:12.209;237.7;Patrick Pilet;;GTLM;;Porsche GT Team;Porsche;
911;1;107;54.032;0;;22.033;0;19.528;0;12.471;0;158.1;1:33:54.502;16:43:56.430;0:22.033;0:19.528;0:12.471;237.7;Patrick Pilet;;GTLM;;Porsche GT Team;Porsche;
911;1;108;54.008;0;;22.211;0;19.527;0;12.270;0;158.1;1:34:48.510;16:44:50.438;0:22.211;0:19.527;0:12.270;239.2;Patrick Pilet;;GTLM;;Porsche GT Team;Porsche;
911;1;109;53.294;0;;22.009;0;19.306;0;11.979;0;160.2;1:35:41.804;16:45:43.732;0:22.009;0:19.306;0:11.979;239.2;Patrick Pilet;;GTLM;;Porsche GT Team;Porsche;
911;1;110;53.831;0;;22.396;0;19.349;0;12.086;0;158.6;1:36:35.635;16:46:37.563;0:22.396;0:19.349;0:12.086;242.3;Patrick Pilet;;GTLM;;Porsche GT Team;Porsche;
911;1;111;59.736;0;;28.553;0;19.167;0;12.016;0;143.0;1:37:35.371;16:47:37.299;0:28.553;0:19.167;0:12.016;241.3;Patrick Pilet;;GTLM;;Porsche GT Team;Porsche;
911;1;112;53.395;0;;22.143;0;19.261;0;11.991;0;159.9;1:38:28.766;16:48:30.694;0:22.143;0:19.261;0:11.991;238.7;Patrick Pilet;;GTLM;;Porsche GT Team;Porsche;
911;1;113;1:04.409;0;B;21.977;0;19.293;0;23.139;0;132.6;1:39:33.175;16:49:35.103;0:21.977;0:19.293;0:23.139;240.2;Patrick Pilet;;GTLM;;Porsche GT Team;Porsche;
911;1;114;1:28.619;0;;57.617;0;19.118;0;11.884;0;96.4;1:41:01.794;16:51:03.722;0:57.617;0:19.118;0:11.884;;Patrick Pilet;0:00:46.217;GTLM;;Porsche GT Team;Porsche;
911;1;115;52.144;0;;21.650;0;18.846;0;11.648;0;163.8;1:41:53.938;16:51:55.866;0:21.650;0:18.846;0:11.648;239.7;Patrick Pilet;;GTLM;;Porsche GT Team;Porsche;
911;1;116;51.597;0;;21.084;0;18.724;0;11.789;0;165.5;1:42:45.535;16:52:47.463;0:21.084;0:18.724;0:11.789;242.8;Patrick Pilet;;GTLM;;Porsche GT Team;Porsche;
911;1;117;51.570;0;;21.470;0;18.597;0;11.503;0;165.6;1:43:37.105;16:53:39.033;0:21.470;0:18.597;0:11.503;241.3;Patrick Pilet;;GTLM;;Porsche GT Team;Porsche;
911;1;118;50.757;3;;20.884;0;18.373;2;11.500;2;168.2;1:44:27.862;16:54:29.790;0:20.884;0:18.373;0:11.500;243.4;Patrick Pilet;;GTLM;;Porsche GT Team;Porsche;
911;1;119;51.431;0;;20.937;0;18.829;0;11.665;0;166.0;1:45:19.293;16:55:21.221;0:20.937;0:18.829;0:11.665;241.8;Patrick Pilet;;GTLM;;Porsche GT Team;Porsche;
911;1;120;51.150;0;;21.016;0;18.603;0;11.531;0;167.0;1:46:10.443;16:56:12.371;0:21.016;0:18.603;0:11.531;242.8;Patrick Pilet;;GTLM;;Porsche GT Team;Porsche;
911;1;121;51.750;0;;21.154;0;18.943;0;11.653;0;165.0;1:47:02.193;16:57:04.121;0:21.154;0:18.943;0:11.653;245.0;Patrick Pilet;;GTLM;;Porsche GT Team;Porsche;
911;1;122;51.789;0;;21.089;0;19.006;0;11.694;0;164.9;1:47:53.982;16:57:55.910;0:21.089;0:19.006;0:11.694;242.3;Patrick Pilet;;GTLM;;Porsche GT Team;Porsche;
911;1;123;51.527;0;;21.236;0;18.670;0;11.621;0;165.7;1:48:45.509;16:58:47.437;0:21.236;0:18.670;0:11.621;242.3;Patrick Pilet;;GTLM;;Porsche GT Team;Porsche;
911;1;124;51.387;0;;21.062;0;18.714;0;11.611;0;166.2;1:49:36.896;16:59:38.824;0:21.062;0:18.714;0:11.611;243.4;Patrick Pilet;;GTLM;;Porsche GT Team;Porsche;
911;1;125;51.328;0;;21.061;0;18.722;0;11.545;0;166.4;1:50:28.224;17:00:30.152;0:21.061;0:18.722;0:11.545;243.4;Patrick Pilet;;GTLM;;Porsche GT Team;Porsche;
911;1;126;52.438;0;;21.230;0;18.967;0;12.241;0;162.9;1:51:20.662;17:01:22.590;0:21.230;0:18.967;0:12.241;245.0;Patrick Pilet;;GTLM;;Porsche GT Team;Porsche;
911;1;127;52.679;0;;21.618;0;19.276;0;11.785;0;162.1;1:52:13.341;17:02:15.269;0:21.618;0:19.276;0:11.785;239.7;Patrick Pilet;;GTLM;;Porsche GT Team;Porsche;
911;1;128;53.236;0;;21.748;0;19.339;0;12.149;0;160.4;1:53:06.577;17:03:08.505;0:21.748;0:19.339;0:12.149;242.3;Patrick Pilet;;GTLM;;Porsche GT Team;Porsche;
911;1;129;51.823;0;;21.490;0;18.720;0;11.613;0;164.8;1:53:58.400;17:04:00.328;0:21.490;0:18.720;0:11.613;238.7;Patrick Pilet;;GTLM;;Porsche GT Team;Porsche;
911;1;130;52.159;0;;21.480;0;18.980;0;11.699;0;163.7;1:54:50.559;17:04:52.487;0:21.480;0:18.980;0:11.699;243.4;Patrick Pilet;;GTLM;;Porsche GT Team;Porsche;
911;1;131;52.503;0;;21.850;0;18.911;0;11.742;0;162.7;1:55:43.062;17:05:44.990;0:21.850;0:18.911;0:11.742;242.8;Patrick Pilet;;GTLM;;Porsche GT Team;Porsche;
911;1;132;52.597;0;;21.619;0;19.134;0;11.844;0;162.4;1:56:35.659;17:06:37.587;0:21.619;0:19.134;0:11.844;241.8;Patrick Pilet;;GTLM;;Porsche GT Team;Porsche;
911;1;133;52.797;0;;21.918;0;19.160;0;11.719;0;161.7;1:57:28.456;17:07:30.384;0:21.918;0:19.160;0:11.719;241.8;Patrick Pilet;;GTLM;;Porsche GT Team;Porsche;
911;1;134;52.474;0;;21.741;0;19.074;0;11.659;0;162.7;1:58:20.930;17:08:22.858;0:21.741;0:19.074;0:11.659;243.4;Patrick Pilet;;GTLM;;Porsche GT Team;Porsche;
911;1;135;51.765;0;;21.310;0;18.772;0;11.683;0;165.0;1:59:12.695;17:09:14.623;0:21.310;0:18.772;0:11.683;242.3;Patrick Pilet;;GTLM;;Porsche GT Team;Porsche;
911;1;136;51.542;0;;21.234;0;18.701;0;11.607;0;165.7;2:00:04.237;17:10:06.165;0:21.234;0:18.701;0:11.607;241.8;Patrick Pilet;;GTLM;;Porsche GT Team;Porsche;
911;1;137;51.782;0;;21.368;0;18.709;0;11.705;0;164.9;2:00:56.019;17:10:57.947;0:21.368;0:18.709;0:11.705;242.8;Patrick Pilet;;GTLM;;Porsche GT Team;Porsche;
911;1;138;51.836;0;;21.330;0;18.739;0;11.767;0;164.7;2:01:47.855;17:11:49.783;0:21.330;0:18.739;0:11.767;242.3;Patrick Pilet;;GTLM;;Porsche GT Team;Porsche;
911;1;139;51.826;0;;21.375;0;18.773;0;11.678;0;164.8;2:02:39.681;17:12:41.609;0:21.375;0:18.773;0:11.678;243.4;Patrick Pilet;;GTLM;;Porsche GT Team;Porsche;
911;1;140;51.458;0;;21.120;0;18.692;0;11.646;0;166.0;2:03:31.139;17:13:33.067;0:21.120;0:18.692;0:11.646;242.3;Patrick Pilet;;GTLM;;Porsche GT Team;Porsche;
911;1;141;51.834;0;;21.490;0;18.681;0;11.663;0;164.8;2:04:22.973;17:14:24.901;0:21.490;0:18.681;0:11.663;242.8;Patrick Pilet;;GTLM;;Porsche GT Team;Porsche;
911;1;142;51.705;0;;21.268;0;18.809;0;11.628;0;165.2;2:05:14.678;17:15:16.606;0:21.268;0:18.809;0:11.628;242.8;Patrick Pilet;;GTLM;;Porsche GT Team;Porsche;
911;1;143;51.624;0;;21.247;0;18.789;0;11.588;0;165.4;2:06:06.302;17:16:08.230;0:21.247;0:18.789;0:11.588;243.4;Patrick Pilet;;GTLM;;Porsche GT Team;Porsche;
911;1;144;51.589;0;;21.246;0;18.697;0;11.646;0;165.5;2:06:57.891;17:16:59.819;0:21.246;0:18.697;0:11.646;243.4;Patrick Pilet;;GTLM;;Porsche GT Team;Porsche;
911;1;145;51.603;0;;21.194;0;18.719;0;11.690;0;165.5;2:07:49.494;17:17:51.422;0:21.194;0:18.719;0:11.690;242.8;Patrick Pilet;;GTLM;;Porsche GT Team;Porsche;
911;1;146;52.187;0;;21.434;0;18.805;0;11.948;0;163.6;2:08:41.681;17:18:43.609;0:21.434;0:18.805;0:11.948;242.3;Patrick Pilet;;GTLM;;Porsche GT Team;Porsche;
911;1;147;53.516;0;;22.229;0;19.053;0;12.234;0;159.6;2:09:35.197;17:19:37.125;0:22.229;0:19.053;0:12.234;232.7;Patrick Pilet;;GTLM;;Porsche GT Team;Porsche;
911;1;148;52.426;0;;21.664;0;18.974;0;11.788;0;162.9;2:10:27.623;17:20:29.551;0:21.664;0:18.974;0:11.788;238.7;Patrick Pilet;;GTLM;;Porsche GT Team;Porsche;
911;1;149;51.786;0;;21.394;0;18.723;0;11.669;0;164.9;2:11:19.409;17:21:21.337;0:21.394;0:18.723;0:11.669;243.4;Patrick Pilet;;GTLM;;Porsche GT Team;Porsche;
911;1;150;51.764;0;;21.226;0;18.815;0;11.723;0;165.0;2:12:11.173;17:22:13.101;0:21.226;0:18.815;0:11.723;242.8;Patrick Pilet;;GTLM;;Porsche GT Team;Porsche;
911;1;151;51.691;0;;21.221;0;18.757;0;11.713;0;165.2;2:13:02.864;17:23:04.792;0:21.221;0:18.757;0:11.713;242.8;Patrick Pilet;;GTLM;;Porsche GT Team;Porsche;
911;1;152;51.911;0;;21.361;0;18.811;0;11.739;0;164.5;2:13:54.775;17:23:56.703;0:21.361;0:18.811;0:11.739;242.8;Patrick Pilet;;GTLM;;Porsche GT Team;Porsche;
911;1;153;52.042;0;;21.536;0;18.720;0;11.786;0;164.1;2:14:46.817;17:24:48.745;0:21.536;0:18.720;0:11.786;242.3;Patrick Pilet;;GTLM;;Porsche GT Team;Porsche;
911;1;154;52.283;0;;21.437;0;18.991;0;11.855;0;163.3;2:15:39.100;17:25:41.028;0:21.437;0:18.991;0:11.855;241.8;Patrick Pilet;;GTLM;;Porsche GT Team;Porsche;
911;1;155;52.316;0;;21.527;0;18.957;0;11.832;0;163.2;2:16:31.416;17:26:33.344;0:21.527;0:18.957;0:11.832;243.4;Patrick Pilet;;GTLM;;Porsche GT Team;Porsche;
911;1;156;52.612;0;;21.606;0;19.025;0;11.981;0;162.3;2:17:24.028;17:27:25.956;0:21.606;0:19.025;0:11.981;242.3;Patrick Pilet;;GTLM;;Porsche GT Team;Porsche;
911;1;157;52.788;0;;21.612;0;19.187;0;11.989;0;161.8;2:18:16.816;17:28:18.744;0:21.612;0:19.187;0:11.989;240.2;Patrick Pilet;;GTLM;;Porsche GT Team;Porsche;
911;1;158;56.562;0;;21.818;0;20.359;0;14.385;0;151.0;2:19:13.378;17:29:15.306;0:21.818;0:20.359;0:14.385;241.8;Patrick Pilet;;GTLM;;Porsche GT Team;Porsche;
911;1;159;54.265;0;;22.890;0;19.326;0;12.049;0;157.4;2:20:07.643;17:30:09.571;0:22.890;0:19.326;0:12.049;216.4;Patrick Pilet;;GTLM;;Porsche GT Team;Porsche;
911;1;160;52.734;0;;21.712;0;19.045;0;11.977;0;161.9;2:21:00.377;17:31:02.305;0:21.712;0:19.045;0:11.977;242.3;Patrick Pilet;;GTLM;;Porsche GT Team;Porsche;
911;1;161;52.665;0;;21.739;0;18.960;0;11.966;0;162.2;2:21:53.042;17:31:54.970;0:21.739;0:18.960;0:11.966;242.3;Patrick Pilet;;GTLM;;Porsche GT Team;Porsche;
911;1;162;53.003;0;;21.994;0;19.011;0;11.998;0;161.1;2:22:46.045;17:32:47.973;0:21.994;0:19.011;0:11.998;241.3;Patrick Pilet;;GTLM;;Porsche GT Team;Porsche;
911;1;163;52.969;0;;22.035;0;18.988;0;11.946;0;161.2;2:23:39.014;17:33:40.942;0:22.035;0:18.988;0:11.946;240.2;Patrick Pilet;;GTLM;;Porsche GT Team;Porsche;
911;1;164;52.864;0;;21.840;0;19.126;0;11.898;0;161.5;2:24:31.878;17:34:33.806;0:21.840;0:19.126;0:11.898;240.7;Patrick Pilet;;GTLM;;Porsche GT Team;Porsche;
911;1;165;52.940;0;;21.799;0;19.008;0;12.133;0;161.3;2:25:24.818;17:35:26.746;0:21.799;0:19.008;0:12.133;241.3;Patrick Pilet;;GTLM;;Porsche GT Team;Porsche;
911;1;166;52.793;0;;21.802;0;19.012;0;11.979;0;161.8;2:26:17.611;17:36:19.539;0:21.802;0:19.012;0:11.979;238.2;Patrick Pilet;;GTLM;;Porsche GT Team;Porsche;
911;1;167;52.570;0;;21.710;0;18.958;0;11.902;0;162.4;2:27:10.181;17:37:12.109;0:21.710;0:18.958;0:11.902;239.2;Patrick Pilet;;GTLM;;Porsche GT Team;Porsche;
911;1;168;52.820;0;;21.760;0;19.064;0;11.996;0;161.7;2:28:03.001;17:38:04.929;0:21.760;0:19.064;0:11.996;240.7;Patrick Pilet;;GTLM;;Porsche GT Team;Porsche;
911;1;169;52.805;0;;21.792;0;19.026;0;11.987;0;161.7;2:28:55.806;17:38:57.734;0:21.792;0:19.026;0:11.987;239.2;Patrick Pilet;;GTLM;;Porsche GT Team;Porsche;
911;1;170;53.122;0;;22.034;0;18.997;0;12.091;0;160.8;2:29:48.928;17:39:50.856;0:22.034;0:18.997;0:12.091;240.2;Patrick Pilet;;GTLM;;Porsche GT Team;Porsche;
911;1;171;54.210;0;;22.824;0;19.224;0;12.162;0;157.5;2:30:43.138;17:40:45.066;0:22.824;0:19.224;0:12.162;237.7;Patrick Pilet;;GTLM;;Porsche GT Team;Porsche;
911;1;172;53.302;0;;22.076;0;19.172;0;12.054;0;160.2;2:31:36.440;17:41:38.368;0:22.076;0:19.172;0:12.054;238.2;Patrick Pilet;;GTLM;;Porsche GT Team;Porsche;
911;1;173;53.329;0;;22.027;0;19.147;0;12.155;0;160.1;2:32:29.769;17:42:31.697;0:22.027;0:19.147;0:12.155;239.2;Patrick Pilet;;GTLM;;Porsche GT Team;Porsche;
911;1;174;53.516;0;;22.122;0;19.202;0;12.192;0;159.6;2:33:23.285;17:43:25.213;0:22.122;0:19.202;0:12.192;238.2;Patrick Pilet;;GTLM;;Porsche GT Team;Porsche;
911;1;175;53.436;0;;22.115;0;19.184;0;12.137;0;159.8;2:34:16.721;17:44:18.649;0:22.115;0:19.184;0:12.137;238.2;Patrick Pilet;;GTLM;;Porsche GT Team;Porsche;
911;1;176;53.652;0;;22.334;0;19.157;0;12.161;0;159.2;2:35:10.373;17:45:12.301;0:22.334;0:19.157;0:12.161;239.2;Patrick Pilet;;GTLM;;Porsche GT Team;Porsche;
911;1;177;54.130;0;;22.350;0;19.444;0;12.336;0;157.8;2:36:04.503;17:46:06.431;0:22.350;0:19.444;0:12.336;239.2;Patrick Pilet;;GTLM;;Porsche GT Team;Porsche;
911;1;178;55.754;0;;22.993;0;20.206;0;12.555;0;153.2;2:37:00.257;17:47:02.185;0:22.993;0:20.206;0:12.555;238.2;Patrick Pilet;;GTLM;;Porsche GT Team;Porsche;
911;1;179;54.388;0;;22.583;0;19.425;0;12.380;0;157.0;2:37:54.645;17:47:56.573;0:22.583;0:19.425;0:12.380;238.2;Patrick Pilet;;GTLM;;Porsche GT Team;Porsche;
911;1;180;54.766;0;;22.542;0;19.588;0;12.636;0;155.9;2:38:49.411;17:48:51.339;0:22.542;0:19.588;0:12.636;238.2;Patrick Pilet;;GTLM;;Porsche GT Team;Porsche;
911;1;181;55.917;0;;23.279;0;19.997;0;12.641;0;152.7;2:39:45.328;17:49:47.256;0:23.279;0:19.997;0:12.641;233.2;Patrick Pilet;;GTLM;;Porsche GT Team;Porsche;
911;1;182;58.091;0;;24.110;0;20.550;0;13.431;0;147.0;2:40:43.419;17:50:45.347;0:24.110;0:20.550;0:13.431;232.7;Patrick Pilet;;GTLM;;Porsche GT Team;Porsche;
912;2;1;52.755;0;;21.734;0;19.067;0;11.954;0;161.9;52.755;15:10:54.683;0:21.734;0:19.067;0:11.954;226.6;Laurens Vanthoor;;GTLM;;Porsche GT Team;Porsche;
912;2;2;52.025;0;;21.348;0;18.872;0;11.805;0;164.1;1:44.780;15:11:46.708;0:21.348;0:18.872;0:11.805;240.2;Laurens Vanthoor;;GTLM;;Porsche GT Team;Porsche;
912;2;3;51.626;0;;21.173;0;18.713;0;11.740;0;165.4;2:36.406;15:12:38.334;0:21.173;0:18.713;0:11.740;242.3;Laurens Vanthoor;;GTLM;;Porsche GT Team;Porsche;
912;2;4;51.291;0;;21.029;0;18.586;0;11.676;0;166.5;3:27.697;15:13:29.625;0:21.029;0:18.586;0:11.676;242.8;Laurens Vanthoor;;GTLM;;Porsche GT Team;Porsche;
912;2;5;51.131;0;;20.981;0;18.525;0;11.625;0;167.0;4:18.828;15:14:20.756;0:20.981;0:18.525;0:11.625;243.9;Laurens Vanthoor;;GTLM;;Porsche GT Team;Porsche;
912;2;6;51.167;0;;21.031;0;18.464;2;11.672;0;166.9;5:09.995;15:15:11.923;0:21.031;0:18.464;0:11.672;242.8;Laurens Vanthoor;;GTLM;;Porsche GT Team;Porsche;
912;2;7;51.042;0;;20.869;2;18.537;0;11.636;0;167.3;6:01.037;15:16:02.965;0:20.869;0:18.537;0:11.636;242.8;Laurens Vanthoor;;GTLM;;Porsche GT Team;Porsche;
912;2;8;51.168;0;;21.060;0;18.494;0;11.614;0;166.9;6:52.205;15:16:54.133;0:21.060;0:18.494;0:11.614;243.4;Laurens Vanthoor;;GTLM;;Porsche GT Team;Porsche;
912;2;9;51.163;0;;20.988;0;18.533;0;11.642;0;166.9;7:43.368;15:17:45.296;0:20.988;0:18.533;0:11.642;243.4;Laurens Vanthoor;;GTLM;;Porsche GT Team;Porsche;
912;2;10;51.189;0;;21.081;0;18.477;0;11.631;0;166.8;8:34.557;15:18:36.485;0:21.081;0:18.477;0:11.631;242.8;Laurens Vanthoor;;GTLM;;Porsche GT Team;Porsche;
912;2;11;51.229;0;;21.127;0;18.488;0;11.614;0;166.7;9:25.786;15:19:27.714;0:21.127;0:18.488;0:11.614;243.4;Laurens Vanthoor;;GTLM;;Porsche GT Team;Porsche;
912;2;12;51.359;0;;21.149;0;18.503;0;11.707;0;166.3;10:17.145;15:20:19.073;0:21.149;0:18.503;0:11.707;243.4;Laurens Vanthoor;;GTLM;;Porsche GT Team;Porsche;
912;2;13;51.519;0;;21.240;0;18.520;0;11.759;0;165.8;11:08.664;15:21:10.592;0:21.240;0:18.520;0:11.759;241.3;Laurens Vanthoor;;GTLM;;Porsche GT Team;Porsche;
912;2;14;51.537;0;;21.189;0;18.610;0;11.738;0;165.7;12:00.201;15:22:02.129;0:21.189;0:18.610;0:11.738;241.3;Laurens Vanthoor;;GTLM;;Porsche GT Team;Porsche;
912;2;15;51.616;0;;21.345;0;18.553;0;11.718;0;165.4;12:51.817;15:22:53.745;0:21.345;0:18.553;0:11.718;241.3;Laurens Vanthoor;;GTLM;;Porsche GT Team;Porsche;
912;2;16;51.784;0;;21.399;0;18.636;0;11.749;0;164.9;13:43.601;15:23:45.529;0:21.399;0:18.636;0:11.749;241.8;Laurens Vanthoor;;GTLM;;Porsche GT Team;Porsche;
912;2;17;51.668;0;;21.370;0;18.587;0;11.711;0;165.3;14:35.269;15:24:37.197;0:21.370;0:18.587;0:11.711;241.3;Laurens Vanthoor;;GTLM;;Porsche GT Team;Porsche;
912;2;18;51.699;0;;21.270;0;18.659;0;11.770;0;165.2;15:26.968;15:25:28.896;0:21.270;0:18.659;0:11.770;241.3;Laurens Vanthoor;;GTLM;;Porsche GT Team;Porsche;
912;2;19;51.716;0;;21.366;0;18.563;0;11.787;0;165.1;16:18.684;15:26:20.612;0:21.366;0:18.563;0:11.787;240.7;Laurens Vanthoor;;GTLM;;Porsche GT Team;Porsche;
912;2;20;51.191;0;;21.107;0;18.497;0;11.587;2;166.8;17:09.875;15:27:11.803;0:21.107;0:18.497;0:11.587;240.2;Laurens Vanthoor;;GTLM;;Porsche GT Team;Porsche;
912;2;21;52.035;0;;21.120;0;19.134;0;11.781;0;164.1;18:01.910;15:28:03.838;0:21.120;0:19.134;0:11.781;242.8;Laurens Vanthoor;;GTLM;;Porsche GT Team;Porsche;
912;2;22;52.434;0;;21.906;0;18.784;0;11.744;0;162.9;18:54.344;15:28:56.272;0:21.906;0:18.784;0:11.744;241.8;Laurens Vanthoor;;GTLM;;Porsche GT Team;Porsche;
912;2;23;52.744;0;;21.436;0;19.575;0;11.733;0;161.9;19:47.088;15:29:49.016;0:21.436;0:19.575;0:11.733;242.3;Laurens Vanthoor;;GTLM;;Porsche GT Team;Porsche;
912;2;24;51.759;0;;21.335;0;18.639;0;11.785;0;165.0;20:38.847;15:30:40.775;0:21.335;0:18.639;0:11.785;242.3;Laurens Vanthoor;;GTLM;;Porsche GT Team;Porsche;
912;2;25;52.540;0;;21.628;0;19.168;0;11.744;0;162.5;21:31.387;15:31:33.315;0:21.628;0:19.168;0:11.744;241.8;Laurens Vanthoor;;GTLM;;Porsche GT Team;Porsche;
912;2;26;51.754;0;;21.278;0;18.676;0;11.800;0;165.0;22:23.141;15:32:25.069;0:21.278;0:18.676;0:11.800;242.3;Laurens Vanthoor;;GTLM;;Porsche GT Team;Porsche;
912;2;27;52.588;0;;21.489;0;19.208;0;11.891;0;162.4;23:15.729;15:33:17.657;0:21.489;0:19.208;0:11.891;242.3;Laurens Vanthoor;;GTLM;;Porsche GT Team;Porsche;
912;2;28;52.527;0;;21.667;0;19.097;0;11.763;0;162.6;24:08.256;15:34:10.184;0:21.667;0:19.097;0:11.763;241.8;Laurens Vanthoor;;GTLM;;Porsche GT Team;Porsche;
912;2;29;51.885;0;;21.375;0;18.673;0;11.837;0;164.6;25:00.141;15:35:02.069;0:21.375;0:18.673;0:11.837;243.4;Laurens Vanthoor;;GTLM;;Porsche GT Team;Porsche;
912;2;30;51.846;0;;21.446;0;18.735;0;11.665;0;164.7;25:51.987;15:35:53.915;0:21.446;0:18.735;0:11.665;240.7;Laurens Vanthoor;;GTLM;;Porsche GT Team;Porsche;
912;2;31;52.281;0;;21.372;0;19.063;0;11.846;0;163.3;26:44.268;15:36:46.196;0:21.372;0:19.063;0:11.846;243.4;Laurens Vanthoor;;GTLM;;Porsche GT Team;Porsche;
912;2;32;52.943;0;;21.996;0;19.180;0;11.767;0;161.3;27:37.211;15:37:39.139;0:21.996;0:19.180;0:11.767;241.8;Laurens Vanthoor;;GTLM;;Porsche GT Team;Porsche;
912;2;33;52.266;0;;21.629;0;18.830;0;11.807;0;163.4;28:29.477;15:38:31.405;0:21.629;0:18.830;0:11.807;242.3;Laurens Vanthoor;;GTLM;;Porsche GT Team;Porsche;
912;2;34;52.179;0;;21.542;0;18.879;0;11.758;0;163.7;29:21.656;15:39:23.584;0:21.542;0:18.879;0:11.758;241.3;Laurens Vanthoor;;GTLM;;Porsche GT Team;Porsche;
912;2;35;52.028;0;;21.501;0;18.815;0;11.712;0;164.1;30:13.684;15:40:15.612;0:21.501;0:18.815;0:11.712;242.8;Laurens Vanthoor;;GTLM;;Porsche GT Team;Porsche;
912;2;36;52.780;0;;21.668;0;19.103;0;12.009;0;161.8;31:06.464;15:41:08.392;0:21.668;0:19.103;0:12.009;242.8;Laurens Vanthoor;;GTLM;;Porsche GT Team;Porsche;
912;2;37;52.323;0;;21.643;0;18.810;0;11.870;0;163.2;31:58.787;15:42:00.715;0:21.643;0:18.810;0:11.870;240.2;Laurens Vanthoor;;GTLM;;Porsche GT Team;Porsche;
912;2;38;52.290;0;;21.621;0;18.816;0;11.853;0;163.3;32:51.077;15:42:53.005;0:21.621;0:18.816;0:11.853;241.3;Laurens Vanthoor;;GTLM;;Porsche GT Team;Porsche;
912;2;39;52.472;0;;21.874;0;18.813;0;11.785;0;162.7;33:43.549;15:43:45.477;0:21.874;0:18.813;0:11.785;241.3;Laurens Vanthoor;;GTLM;;Porsche GT Team;Porsche;
912;2;40;52.735;0;;21.558;0;19.169;0;12.008;0;161.9;34:36.284;15:44:38.212;0:21.558;0:19.169;0:12.008;242.3;Laurens Vanthoor;;GTLM;;Porsche GT Team;Porsche;
912;2;41;53.180;0;;21.955;0;19.392;0;11.833;0;160.6;35:29.464;15:45:31.392;0:21.955;0:19.392;0:11.833;240.2;Laurens Vanthoor;;GTLM;;Porsche GT Team;Porsche;
912;2;42;52.461;0;;21.813;0;18.777;0;11.871;0;162.8;36:21.925;15:46:23.853;0:21.813;0:18.777;0:11.871;241.3;Laurens Vanthoor;;GTLM;;Porsche GT Team;Porsche;
912;2;43;53.840;0;;22.140;0;19.695;0;12.005;0;158.6;37:15.765;15:47:17.693;0:22.140;0:19.695;0:12.005;239.2;Laurens Vanthoor;;GTLM;;Porsche GT Team;Porsche;
912;2;44;52.373;0;;21.727;0;18.820;0;11.826;0;163.1;38:08.138;15:48:10.066;0:21.727;0:18.820;0:11.826;240.2;Laurens Vanthoor;;GTLM;;Porsche GT Team;Porsche;
912;2;45;51.972;0;;21.399;0;18.761;0;11.812;0;164.3;39:00.110;15:49:02.038;0:21.399;0:18.761;0:11.812;241.3;Laurens Vanthoor;;GTLM;;Porsche GT Team;Porsche;
912;2;46;52.784;0;;21.628;0;19.191;0;11.965;0;161.8;39:52.894;15:49:54.822;0:21.628;0:19.191;0:11.965;240.7;Laurens Vanthoor;;GTLM;;Porsche GT Team;Porsche;
912;2;47;52.414;0;;21.610;0;18.836;0;11.968;0;162.9;40:45.308;15:50:47.236;0:21.610;0:18.836;0:11.968;240.2;Laurens Vanthoor;;GTLM;;Porsche GT Team;Porsche;
912;2;48;52.888;0;;22.052;0;18.939;0;11.897;0;161.5;41:38.196;15:51:40.124;0:22.052;0:18.939;0:11.897;238.7;Laurens Vanthoor;;GTLM;;Porsche GT Team;Porsche;
912;2;49;54.076;0;;21.739;0;19.577;0;12.760;0;157.9;42:32.272;15:52:34.200;0:21.739;0:19.577;0:12.760;241.3;Laurens Vanthoor;;GTLM;;Porsche GT Team;Porsche;
912;2;50;1:02.983;0;B;21.814;0;18.922;0;22.247;0;135.6;43:35.255;15:53:37.183;0:21.814;0:18.922;0:22.247;234.2;Laurens Vanthoor;;GTLM;;Porsche GT Team;Porsche;
912;1;51;1:26.997;0;;56.220;0;18.945;0;11.832;0;98.2;45:02.252;15:55:04.180;0:56.220;0:18.945;0:11.832;;Earl Bamber;0:00:45.718;GTLM;;Porsche GT Team;Porsche;
912;1;52;52.201;0;;21.178;0;19.040;0;11.983;0;163.6;45:54.453;15:55:56.381;0:21.178;0:19.040;0:11.983;239.7;Earl Bamber;;GTLM;;Porsche GT Team;Porsche;
912;1;53;52.271;0;;21.255;0;19.076;0;11.940;0;163.4;46:46.724;15:56:48.652;0:21.255;0:19.076;0:11.940;241.3;Earl Bamber;;GTLM;;Porsche GT Team;Porsche;
912;1;54;51.249;0;;20.959;0;18.541;0;11.749;0;166.6;47:37.973;15:57:39.901;0:20.959;0:18.541;0:11.749;240.2;Earl Bamber;;GTLM;;Porsche GT Team;Porsche;
912;1;55;51.357;0;;20.997;0;18.582;0;11.778;0;166.3;48:29.330;15:58:31.258;0:20.997;0:18.582;0:11.778;243.9;Earl Bamber;;GTLM;;Porsche GT Team;Porsche;
912;1;56;51.331;0;;20.886;1;18.645;0;11.800;0;166.4;49:20.661;15:59:22.589;0:20.886;0:18.645;0:11.800;242.3;Earl Bamber;;GTLM;;Porsche GT Team;Porsche;
912;1;57;52.944;0;;21.266;0;19.552;0;12.126;0;161.3;50:13.605;16:00:15.533;0:21.266;0:19.552;0:12.126;242.8;Earl Bamber;;GTLM;;Porsche GT Team;Porsche;
912;1;58;51.386;0;;20.982;0;18.647;0;11.757;0;166.2;51:04.991;16:01:06.919;0:20.982;0:18.647;0:11.757;241.8;Earl Bamber;;GTLM;;Porsche GT Team;Porsche;
912;1;59;51.746;0;;21.330;0;18.654;0;11.762;0;165.0;51:56.737;16:01:58.665;0:21.330;0:18.654;0:11.762;243.4;Earl Bamber;;GTLM;;Porsche GT Team;Porsche;
912;1;60;51.539;0;;21.066;0;18.678;0;11.795;0;165.7;52:48.276;16:02:50.204;0:21.066;0:18.678;0:11.795;241.8;Earl Bamber;;GTLM;;Porsche GT Team;Porsche;
912;1;61;51.795;0;;21.306;0;18.692;0;11.797;0;164.9;53:40.071;16:03:41.999;0:21.306;0:18.692;0:11.797;241.8;Earl Bamber;;GTLM;;Porsche GT Team;Porsche;
912;1;62;51.896;0;;21.253;0;18.802;0;11.841;0;164.6;54:31.967;16:04:33.895;0:21.253;0:18.802;0:11.841;242.8;Earl Bamber;;GTLM;;Porsche GT Team;Porsche;
912;1;63;51.876;0;;21.243;0;18.759;0;11.874;0;164.6;55:23.843;16:05:25.771;0:21.243;0:18.759;0:11.874;244.4;Earl Bamber;;GTLM;;Porsche GT Team;Porsche;
912;1;64;51.576;0;;21.090;0;18.659;0;11.827;0;165.6;56:15.419;16:06:17.347;0:21.090;0:18.659;0:11.827;241.8;Earl Bamber;;GTLM;;Porsche GT Team;Porsche;
912;1;65;51.787;0;;21.331;0;18.669;0;11.787;0;164.9;57:07.206;16:07:09.134;0:21.331;0:18.669;0:11.787;242.3;Earl Bamber;;GTLM;;Porsche GT Team;Porsche;
912;1;66;51.678;0;;21.150;0;18.767;0;11.761;0;165.3;57:58.884;16:08:00.812;0:21.150;0:18.767;0:11.761;242.3;Earl Bamber;;GTLM;;Porsche GT Team;Porsche;
912;1;67;51.897;0;;21.231;0;18.800;0;11.866;0;164.6;58:50.781;16:08:52.709;0:21.231;0:18.800;0:11.866;241.8;Earl Bamber;;GTLM;;Porsche GT Team;Porsche;
912;1;68;52.051;0;;21.214;0;18.808;0;12.029;0;164.1;59:42.832;16:09:44.760;0:21.214;0:18.808;0:12.029;241.3;Earl Bamber;;GTLM;;Porsche GT Team;Porsche;
912;1;69;51.748;0;;21.187;0;18.729;0;11.832;0;165.0;1:00:34.580;16:10:36.508;0:21.187;0:18.729;0:11.832;238.7;Earl Bamber;;GTLM;;Porsche GT Team;Porsche;
912;1;70;51.855;0;;21.125;0;18.822;0;11.908;0;164.7;1:01:26.435;16:11:28.363;0:21.125;0:18.822;0:11.908;240.7;Earl Bamber;;GTLM;;Porsche GT Team;Porsche;
912;1;71;52.194;0;;21.228;0;18.857;0;12.109;0;163.6;1:02:18.629;16:12:20.557;0:21.228;0:18.857;0:12.109;240.7;Earl Bamber;;GTLM;;Porsche GT Team;Porsche;
912;1;72;51.872;0;;21.228;0;18.765;0;11.879;0;164.6;1:03:10.501;16:13:12.429;0:21.228;0:18.765;0:11.879;239.2;Earl Bamber;;GTLM;;Porsche GT Team;Porsche;
912;1;73;51.859;0;;21.145;0;18.806;0;11.908;0;164.7;1:04:02.360;16:14:04.288;0:21.145;0:18.806;0:11.908;241.3;Earl Bamber;;GTLM;;Porsche GT Team;Porsche;
912;1;74;51.866;0;;21.196;0;18.851;0;11.819;0;164.7;1:04:54.226;16:14:56.154;0:21.196;0:18.851;0:11.819;240.7;Earl Bamber;;GTLM;;Porsche GT Team;Porsche;
912;1;75;52.038;0;;21.256;0;18.902;0;11.880;0;164.1;1:05:46.264;16:15:48.192;0:21.256;0:18.902;0:11.880;242.3;Earl Bamber;;GTLM;;Porsche GT Team;Porsche;
912;1;76;52.023;0;;21.283;0;18.889;0;11.851;0;164.2;1:06:38.287;16:16:40.215;0:21.283;0:18.889;0:11.851;241.3;Earl Bamber;;GTLM;;Porsche GT Team;Porsche;
912;1;77;53.676;0;;22.254;0;19.301;0;12.121;0;159.1;1:07:31.963;16:17:33.891;0:22.254;0:19.301;0:12.121;241.8;Earl Bamber;;GTLM;;Porsche GT Team;Porsche;
912;1;78;52.386;0;;21.497;0;19.021;0;11.868;0;163.0;1:08:24.349;16:18:26.277;0:21.497;0:19.021;0:11.868;238.7;Earl Bamber;;GTLM;;Porsche GT Team;Porsche;
912;1;79;52.458;0;;21.354;0;19.116;0;11.988;0;162.8;1:09:16.807;16:19:18.735;0:21.354;0:19.116;0:11.988;241.8;Earl Bamber;;GTLM;;Porsche GT Team;Porsche;
912;1;80;51.904;0;;21.422;0;18.763;0;11.719;0;164.5;1:10:08.711;16:20:10.639;0:21.422;0:18.763;0:11.719;243.9;Earl Bamber;;GTLM;;Porsche GT Team;Porsche;
912;1;81;51.888;0;;21.198;0;18.879;0;11.811;0;164.6;1:11:00.599;16:21:02.527;0:21.198;0:18.879;0:11.811;242.8;Earl Bamber;;GTLM;;Porsche GT Team;Porsche;
912;1;82;51.785;0;;21.242;0;18.838;0;11.705;0;164.9;1:11:52.384;16:21:54.312;0:21.242;0:18.838;0:11.705;241.3;Earl Bamber;;GTLM;;Porsche GT Team;Porsche;
912;1;83;51.711;0;;21.178;0;18.765;0;11.768;0;165.1;1:12:44.095;16:22:46.023;0:21.178;0:18.765;0:11.768;243.4;Earl Bamber;;GTLM;;Porsche GT Team;Porsche;
912;1;84;51.788;0;;21.292;0;18.722;0;11.774;0;164.9;1:13:35.883;16:23:37.811;0:21.292;0:18.722;0:11.774;242.8;Earl Bamber;;GTLM;;Porsche GT Team;Porsche;
912;1;85;51.998;0;;21.387;0;18.820;0;11.791;0;164.2;1:14:27.881;16:24:29.809;0:21.387;0:18.820;0:11.791;243.4;Earl Bamber;;GTLM;;Porsche GT Team;Porsche;
912;1;86;52.121;0;;21.291;0;18.908;0;11.922;0;163.8;1:15:20.002;16:25:21.930;0:21.291;0:18.908;0:11.922;241.8;Earl Bamber;;GTLM;;Porsche GT Team;Porsche;
912;1;87;52.072;0;;21.430;0;18.840;0;11.802;0;164.0;1:16:12.074;16:26:14.002;0:21.430;0:18.840;0:11.802;241.8;Earl Bamber;;GTLM;;Porsche GT Team;Porsche;
912;1;88;52.670;0;;21.564;0;18.908;0;12.198;0;162.1;1:17:04.744;16:27:06.672;0:21.564;0:18.908;0:12.198;242.8;Earl Bamber;;GTLM;;Porsche GT Team;Porsche;
912;1;89;52.365;0;;21.528;0;18.967;0;11.870;0;163.1;1:17:57.109;16:27:59.037;0:21.528;0:18.967;0:11.870;239.7;Earl Bamber;;GTLM;;Porsche GT Team;Porsche;
912;1;90;52.321;0;;21.479;0;18.925;0;11.917;0;163.2;1:18:49.430;16:28:51.358;0:21.479;0:18.925;0:11.917;241.8;Earl Bamber;;GTLM;;Porsche GT Team;Porsche;
912;1;91;52.412;0;;21.578;0;18.943;0;11.891;0;162.9;1:19:41.842;16:29:43.770;0:21.578;0:18.943;0:11.891;240.7;Earl Bamber;;GTLM;;Porsche GT Team;Porsche;
912;1;92;52.160;0;;21.446;0;18.852;0;11.862;0;163.7;1:20:34.002;16:30:35.930;0:21.446;0:18.852;0:11.862;241.3;Earl Bamber;;GTLM;;Porsche GT Team;Porsche;
912;1;93;52.573;0;;21.624;0;19.011;0;11.938;0;162.4;1:21:26.575;16:31:28.503;0:21.624;0:19.011;0:11.938;242.3;Earl Bamber;;GTLM;;Porsche GT Team;Porsche;
912;1;94;53.321;0;;22.030;0;19.236;0;12.055;0;160.2;1:22:19.896;16:32:21.824;0:22.030;0:19.236;0:12.055;242.8;Earl Bamber;;GTLM;;Porsche GT Team;Porsche;
912;1;95;53.505;0;;22.200;0;19.282;0;12.023;0;159.6;1:23:13.401;16:33:15.329;0:22.200;0:19.282;0:12.023;243.9;Earl Bamber;;GTLM;;Porsche GT Team;Porsche;
912;1;96;53.929;0;;22.395;0;19.233;0;12.301;0;158.4;1:24:07.330;16:34:09.258;0:22.395;0:19.233;0:12.301;242.8;Earl Bamber;;GTLM;;Porsche GT Team;Porsche;
912;1;97;53.472;0;;22.079;0;19.205;0;12.188;0;159.7;1:25:00.802;16:35:02.730;0:22.079;0:19.205;0:12.188;239.7;Earl Bamber;;GTLM;;Porsche GT Team;Porsche;
912;1;98;53.491;0;;21.660;0;19.427;0;12.404;0;159.6;1:25:54.293;16:35:56.221;0:21.660;0:19.427;0:12.404;241.3;Earl Bamber;;GTLM;;Porsche GT Team;Porsche;
912;1;99;53.303;0;;21.870;0;19.354;0;12.079;0;160.2;1:26:47.596;16:36:49.524;0:21.870;0:19.354;0:12.079;239.7;Earl Bamber;;GTLM;;Porsche GT Team;Porsche;
912;1;100;53.486;0;;21.868;0;19.484;0;12.134;0;159.7;1:27:41.082;16:37:43.010;0:21.868;0:19.484;0:12.134;242.3;Earl Bamber;;GTLM;;Porsche GT Team;Porsche;
912;1;101;52.774;0;;21.707;0;18.973;0;12.094;0;161.8;1:28:33.856;16:38:35.784;0:21.707;0:18.973;0:12.094;239.7;Earl Bamber;;GTLM;;Porsche GT Team;Porsche;
912;1;102;52.683;0;;21.757;0;18.925;0;12.001;0;162.1;1:29:26.539;16:39:28.467;0:21.757;0:18.925;0:12.001;238.7;Earl Bamber;;GTLM;;Porsche GT Team;Porsche;
912;1;103;53.047;0;;21.721;0;19.179;0;12.147;0;161.0;1:30:19.586;16:40:21.514;0:21.721;0:19.179;0:12.147;239.7;Earl Bamber;;GTLM;;Porsche GT Team;Porsche;
912;1;104;53.333;0;;21.911;0;19.288;0;12.134;0;160.1;1:31:12.919;16:41:14.847;0:21.911;0:19.288;0:12.134;239.7;Earl Bamber;;GTLM;;Porsche GT Team;Porsche;
912;1;105;53.951;0;;22.101;0;19.562;0;12.288;0;158.3;1:32:06.870;16:42:08.798;0:22.101;0:19.562;0:12.288;241.8;Earl Bamber;;GTLM;;Porsche GT Team;Porsche;
912;1;106;53.237;0;;21.883;0;19.224;0;12.130;0;160.4;1:33:00.107;16:43:02.035;0:21.883;0:19.224;0:12.130;240.2;Earl Bamber;;GTLM;;Porsche GT Team;Porsche;
912;1;107;54.036;0;;21.969;0;19.751;0;12.316;0;158.0;1:33:54.143;16:43:56.071;0:21.969;0:19.751;0:12.316;241.3;Earl Bamber;;GTLM;;Porsche GT Team;Porsche;
912;1;108;54.025;0;;22.222;0;19.627;0;12.176;0;158.1;1:34:48.168;16:44:50.096;0:22.222;0:19.627;0:12.176;240.2;Earl Bamber;;GTLM;;Porsche GT Team;Porsche;
912;1;109;53.174;0;;21.852;0;19.190;0;12.132;0;160.6;1:35:41.342;16:45:43.270;0:21.852;0:19.190;0:12.132;240.2;Earl Bamber;;GTLM;;Porsche GT Team;Porsche;
912;1;110;53.951;0;;22.309;0;19.366;0;12.276;0;158.3;1:36:35.293;16:46:37.221;0:22.309;0:19.366;0:12.276;239.2;Earl Bamber;;GTLM;;Porsche GT Team;Porsche;
912;1;111;54.485;0;;22.188;0;20.069;0;12.228;0;156.7;1:37:29.778;16:47:31.706;0:22.188;0:20.069;0:12.228;238.2;Earl Bamber;;GTLM;;Porsche GT Team;Porsche;
912;1;112;54.650;0;;22.740;0;19.511;0;12.399;0;156.3;1:38:24.428;16:48:26.356;0:22.740;0:19.511;0:12.399;239.7;Earl Bamber;;GTLM;;Porsche GT Team;Porsche;
912;1;113;54.193;0;;22.387;0;19.389;0;12.417;0;157.6;1:39:18.621;16:49:20.549;0:22.387;0:19.389;0:12.417;238.7;Earl Bamber;;GTLM;;Porsche GT Team;Porsche;
912;1;114;54.477;0;;22.708;0;19.391;0;12.378;0;156.8;1:40:13.098;16:50:15.026;0:22.708;0:19.391;0:12.378;235.2;Earl Bamber;;GTLM;;Porsche GT Team;Porsche;
912;1;115;55.461;0;;22.548;0;20.267;0;12.646;0;154.0;1:41:08.559;16:51:10.487;0:22.548;0:20.267;0:12.646;235.7;Earl Bamber;;GTLM;;Porsche GT Team;Porsche;
912;1;116;1:06.078;0;B;23.135;0;19.999;0;22.944;0;129.2;1:42:14.637;16:52:16.565;0:23.135;0:19.999;0:22.944;237.7;Earl Bamber;;GTLM;;Porsche GT Team;Porsche;
912;1;117;1:28.419;0;;57.328;0;19.136;0;11.955;0;96.6;1:43:43.056;16:53:44.984;0:57.328;0:19.136;0:11.955;;Earl Bamber;0:00:46.164;GTLM;;Porsche GT Team;Porsche;
912;1;118;51.802;0;;21.432;0;18.713;0;11.657;0;164.9;1:44:34.858;16:54:36.786;0:21.432;0:18.713;0:11.657;238.7;Earl Bamber;;GTLM;;Porsche GT Team;Porsche;
912;1;119;51.342;0;;21.148;0;18.556;0;11.638;0;166.3;1:45:26.200;16:55:28.128;0:21.148;0:18.556;0:11.638;241.8;Earl Bamber;;GTLM;;Porsche GT Team;Porsche;
912;1;120;51.996;0;;21.342;0;18.892;0;11.762;0;164.2;1:46:18.196;16:56:20.124;0:21.342;0:18.892;0:11.762;242.8;Earl Bamber;;GTLM;;Porsche GT Team;Porsche;
912;1;121;52.429;0;;21.232;0;19.558;0;11.639;0;162.9;1:47:10.625;16:57:12.553;0:21.232;0:19.558;0:11.639;244.4;Earl Bamber;;GTLM;;Porsche GT Team;Porsche;
912;1;122;51.227;0;;20.998;0;18.595;0;11.634;0;166.7;1:48:01.852;16:58:03.780;0:20.998;0:18.595;0:11.634;242.8;Earl Bamber;;GTLM;;Porsche GT Team;Porsche;
912;1;123;51.011;2;;20.932;0;18.490;1;11.589;1;167.4;1:48:52.863;16:58:54.791;0:20.932;0:18.490;0:11.589;241.3;Earl Bamber;;GTLM;;Porsche GT Team;Porsche;
912;1;124;51.089;0;;20.921;0;18.554;0;11.614;0;167.2;1:49:43.952;16:59:45.880;0:20.921;0:18.554;0:11.614;242.8;Earl Bamber;;GTLM;;Porsche GT Team;Porsche;
912;1;125;51.188;0;;20.918;0;18.625;0;11.645;0;166.8;1:50:35.140;17:00:37.068;0:20.918;0:18.625;0:11.645;242.3;Earl Bamber;;GTLM;;Porsche GT Team;Porsche;
912;1;126;51.409;0;;20.973;0;18.721;0;11.715;0;166.1;1:51:26.549;17:01:28.477;0:20.973;0:18.721;0:11.715;242.8;Earl Bamber;;GTLM;;Porsche GT Team;Porsche;
912;1;127;52.250;0;;21.285;0;19.114;0;11.851;0;163.4;1:52:18.799;17:02:20.727;0:21.285;0:19.114;0:11.851;242.3;Earl Bamber;;GTLM;;Porsche GT Team;Porsche;
912;1;128;51.517;0;;21.063;0;18.727;0;11.727;0;165.8;1:53:10.316;17:03:12.244;0:21.063;0:18.727;0:11.727;241.3;Earl Bamber;;GTLM;;Porsche GT Team;Porsche;
912;1;129;51.927;0;;21.195;0;18.959;0;11.773;0;164.5;1:54:02.243;17:04:04.171;0:21.195;0:18.959;0:11.773;242.3;Earl Bamber;;GTLM;;Porsche GT Team;Porsche;
912;1;130;51.317;0;;21.067;0;18.538;0;11.712;0;166.4;1:54:53.560;17:04:55.488;0:21.067;0:18.538;0:11.712;241.3;Earl Bamber;;GTLM;;Porsche GT Team;Porsche;
912;1;131;52.068;0;;21.267;0;18.887;0;11.914;0;164.0;1:55:45.628;17:05:47.556;0:21.267;0:18.887;0:11.914;242.3;Earl Bamber;;GTLM;;Porsche GT Team;Porsche;
912;1;132;51.765;0;;21.375;0;18.726;0;11.664;0;165.0;1:56:37.393;17:06:39.321;0:21.375;0:18.726;0:11.664;239.2;Earl Bamber;;GTLM;;Porsche GT Team;Porsche;
912;1;133;51.721;0;;21.179;0;18.816;0;11.726;0;165.1;1:57:29.114;17:07:31.042;0:21.179;0:18.816;0:11.726;242.8;Earl Bamber;;GTLM;;Porsche GT Team;Porsche;
912;1;134;52.668;0;;21.474;0;19.322;0;11.872;0;162.1;1:58:21.782;17:08:23.710;0:21.474;0:19.322;0:11.872;242.8;Earl Bamber;;GTLM;;Porsche GT Team;Porsche;
912;1;135;52.271;0;;21.491;0;18.886;0;11.894;0;163.4;1:59:14.053;17:09:15.981;0:21.491;0:18.886;0:11.894;243.9;Earl Bamber;;GTLM;;Porsche GT Team;Porsche;
912;1;136;51.652;0;;21.175;0;18.656;0;11.821;0;165.3;2:00:05.705;17:10:07.633;0:21.175;0:18.656;0:11.821;240.7;Earl Bamber;;GTLM;;Porsche GT Team;Porsche;
912;1;137;51.538;0;;21.121;0;18.700;0;11.717;0;165.7;2:00:57.243;17:10:59.171;0:21.121;0:18.700;0:11.717;241.3;Earl Bamber;;GTLM;;Porsche GT Team;Porsche;
912;1;138;51.541;0;;21.046;0;18.694;0;11.801;0;165.7;2:01:48.784;17:11:50.712;0:21.046;0:18.694;0:11.801;242.8;Earl Bamber;;GTLM;;Porsche GT Team;Porsche;
912;1;139;52.190;0;;21.621;0;18.879;0;11.690;0;163.6;2:02:40.974;17:12:42.902;0:21.621;0:18.879;0:11.690;241.3;Earl Bamber;;GTLM;;Porsche GT Team;Porsche;
912;1;140;51.380;0;;21.037;0;18.636;0;11.707;0;166.2;2:03:32.354;17:13:34.282;0:21.037;0:18.636;0:11.707;242.8;Earl Bamber;;GTLM;;Porsche GT Team;Porsche;
912;1;141;51.538;0;;21.107;0;18.683;0;11.748;0;165.7;2:04:23.892;17:14:25.820;0:21.107;0:18.683;0:11.748;242.8;Earl Bamber;;GTLM;;Porsche GT Team;Porsche;
912;1;142;51.573;0;;21.243;0;18.677;0;11.653;0;165.6;2:05:15.465;17:15:17.393;0:21.243;0:18.677;0:11.653;241.8;Earl Bamber;;GTLM;;Porsche GT Team;Porsche;
912;1;143;51.567;0;;21.069;0;18.822;0;11.676;0;165.6;2:06:07.032;17:16:08.960;0:21.069;0:18.822;0:11.676;243.9;Earl Bamber;;GTLM;;Porsche GT Team;Porsche;
912;1;144;51.497;0;;21.114;0;18.699;0;11.684;0;165.8;2:06:58.529;17:17:00.457;0:21.114;0:18.699;0:11.684;243.4;Earl Bamber;;GTLM;;Porsche GT Team;Porsche;
912;1;145;51.536;0;;21.065;0;18.726;0;11.745;0;165.7;2:07:50.065;17:17:51.993;0:21.065;0:18.726;0:11.745;243.4;Earl Bamber;;GTLM;;Porsche GT Team;Porsche;
912;1;146;51.749;0;;21.234;0;18.843;0;11.672;0;165.0;2:08:41.814;17:18:43.742;0:21.234;0:18.843;0:11.672;242.3;Earl Bamber;;GTLM;;Porsche GT Team;Porsche;
912;1;147;52.341;0;;21.554;0;18.967;0;11.820;0;163.2;2:09:34.155;17:19:36.083;0:21.554;0:18.967;0:11.820;244.4;Earl Bamber;;GTLM;;Porsche GT Team;Porsche;
912;1;148;51.453;0;;21.100;0;18.633;0;11.720;0;166.0;2:10:25.608;17:20:27.536;0:21.100;0:18.633;0:11.720;241.8;Earl Bamber;;GTLM;;Porsche GT Team;Porsche;
912;1;149;51.478;0;;21.121;0;18.615;0;11.742;0;165.9;2:11:17.086;17:21:19.014;0:21.121;0:18.615;0:11.742;243.4;Earl Bamber;;GTLM;;Porsche GT Team;Porsche;
912;1;150;52.253;0;;21.219;0;19.254;0;11.780;0;163.4;2:12:09.339;17:22:11.267;0:21.219;0:19.254;0:11.780;242.8;Earl Bamber;;GTLM;;Porsche GT Team;Porsche;
912;1;151;51.782;0;;21.176;0;18.788;0;11.818;0;164.9;2:13:01.121;17:23:03.049;0:21.176;0:18.788;0:11.818;242.3;Earl Bamber;;GTLM;;Porsche GT Team;Porsche;
912;1;152;51.640;0;;21.169;0;18.674;0;11.797;0;165.4;2:13:52.761;17:23:54.689;0:21.169;0:18.674;0:11.797;241.8;Earl Bamber;;GTLM;;Porsche GT Team;Porsche;
912;1;153;52.321;0;;21.259;0;19.220;0;11.842;0;163.2;2:14:45.082;17:24:47.010;0:21.259;0:19.220;0:11.842;241.8;Earl Bamber;;GTLM;;Porsche GT Team;Porsche;
912;1;154;51.745;0;;21.213;0;18.777;0;11.755;0;165.0;2:15:36.827;17:25:38.755;0:21.213;0:18.777;0:11.755;242.8;Earl Bamber;;GTLM;;Porsche GT Team;Porsche;
912;1;155;52.601;0;;21.522;0;19.180;0;11.899;0;162.4;2:16:29.428;17:26:31.356;0:21.522;0:19.180;0:11.899;243.4;Earl Bamber;;GTLM;;Porsche GT Team;Porsche;
912;1;156;52.435;0;;21.676;0;18.971;0;11.788;0;162.9;2:17:21.863;17:27:23.791;0:21.676;0:18.971;0:11.788;242.8;Earl Bamber;;GTLM;;Porsche GT Team;Porsche;
912;1;157;53.209;0;;22.101;0;19.170;0;11.938;0;160.5;2:18:15.072;17:28:17.000;0:22.101;0:19.170;0:11.938;242.3;Earl Bamber;;GTLM;;Porsche GT Team;Porsche;
912;1;158;53.421;0;;22.447;0;19.088;0;11.886;0;159.9;2:19:08.493;17:29:10.421;0:22.447;0:19.088;0:11.886;242.3;Earl Bamber;;GTLM;;Porsche GT Team;Porsche;
912;1;159;52.079;0;;21.416;0;18.828;0;11.835;0;164.0;2:20:00.572;17:30:02.500;0:21.416;0:18.828;0:11.835;240.7;Earl Bamber;;GTLM;;Porsche GT Team;Porsche;
912;1;160;51.980;0;;21.417;0;18.808;0;11.755;0;164.3;2:20:52.552;17:30:54.480;0:21.417;0:18.808;0:11.755;241.8;Earl Bamber;;GTLM;;Porsche GT Team;Porsche;
912;1;161;51.864;0;;21.272;0;18.813;0;11.779;0;164.7;2:21:44.416;17:31:46.344;0:21.272;0:18.813;0:11.779;242.8;Earl Bamber;;GTLM;;Porsche GT Team;Porsche;
912;1;162;52.104;0;;21.480;0;18.781;0;11.843;0;163.9;2:22:36.520;17:32:38.448;0:21.480;0:18.781;0:11.843;242.3;Earl Bamber;;GTLM;;Porsche GT Team;Porsche;
912;1;163;52.232;0;;21.504;0;18.875;0;11.853;0;163.5;2:23:28.752;17:33:30.680;0:21.504;0:18.875;0:11.853;242.8;Earl Bamber;;GTLM;;Porsche GT Team;Porsche;
912;1;164;52.179;0;;21.551;0;18.762;0;11.866;0;163.7;2:24:20.931;17:34:22.859;0:21.551;0:18.762;0:11.866;243.4;Earl Bamber;;GTLM;;Porsche GT Team;Porsche;
912;1;165;52.698;0;;21.535;0;19.130;0;12.033;0;162.1;2:25:13.629;17:35:15.557;0:21.535;0:19.130;0:12.033;241.8;Earl Bamber;;GTLM;;Porsche GT Team;Porsche;
912;1;166;52.666;0;;21.725;0;19.047;0;11.894;0;162.2;2:26:06.295;17:36:08.223;0:21.725;0:19.047;0:11.894;242.8;Earl Bamber;;GTLM;;Porsche GT Team;Porsche;
912;1;167;52.365;0;;21.512;0;18.906;0;11.947;0;163.1;2:26:58.660;17:37:00.588;0:21.512;0:18.906;0:11.947;241.8;Earl Bamber;;GTLM;;Porsche GT Team;Porsche;
912;1;168;52.817;0;;21.641;0;19.122;0;12.054;0;161.7;2:27:51.477;17:37:53.405;0:21.641;0:19.122;0:12.054;240.7;Earl Bamber;;GTLM;;Porsche GT Team;Porsche;
912;1;169;53.285;0;;21.977;0;19.305;0;12.003;0;160.3;2:28:44.762;17:38:46.690;0:21.977;0:19.305;0:12.003;241.8;Earl Bamber;;GTLM;;Porsche GT Team;Porsche;
912;1;170;52.525;0;;21.633;0;19.003;0;11.889;0;162.6;2:29:37.287;17:39:39.215;0:21.633;0:19.003;0:11.889;240.2;Earl Bamber;;GTLM;;Porsche GT Team;Porsche;
912;1;171;52.766;0;;21.762;0;19.014;0;11.990;0;161.8;2:30:30.053;17:40:31.981;0:21.762;0:19.014;0:11.990;241.8;Earl Bamber;;GTLM;;Porsche GT Team;Porsche;
912;1;172;53.014;0;;22.084;0;18.966;0;11.964;0;161.1;2:31:23.067;17:41:24.995;0:22.084;0:18.966;0:11.964;240.7;Earl Bamber;;GTLM;;Porsche GT Team;Porsche;
912;1;173;53.043;0;;22.023;0;19.045;0;11.975;0;161.0;2:32:16.110;17:42:18.038;0:22.023;0:19.045;0:11.975;241.3;Earl Bamber;;GTLM;;Porsche GT Team;Porsche;
912;1;174;54.174;0;;22.381;0;19.754;0;12.039;0;157.6;2:33:10.284;17:43:12.212;0:22.381;0:19.754;0:12.039;242.3;Earl Bamber;;GTLM;;Porsche GT Team;Porsche;
912;1;175;56.067;0;;22.384;0;20.055;0;13.628;0;152.3;2:34:06.351;17:44:08.279;0:22.384;0:20.055;0:13.628;241.3;Earl Bamber;;GTLM;;Porsche GT Team;Porsche;
912;1;176;54.414;0;;22.639;0;19.564;0;12.211;0;156.9;2:35:00.765;17:45:02.693;0:22.639;0:19.564;0:12.211;223.4;Earl Bamber;;GTLM;;Porsche GT Team;Porsche;
912;1;177;53.484;0;;22.032;0;19.262;0;12.190;0;159.7;2:35:54.249;17:45:56.177;0:22.032;0:19.262;0:12.190;239.7;Earl Bamber;;GTLM;;Porsche GT Team;Porsche;
912;1;178;53.609;0;;22.078;0;19.286;0;12.245;0;159.3;2:36:47.858;17:46:49.786;0:22.078;0:19.286;0:12.245;239.7;Earl Bamber;;GTLM;;Porsche GT Team;Porsche;
912;1;179;53.731;0;;21.998;0;19.427;0;12.306;0;158.9;2:37:41.589;17:47:43.517;0:21.998;0:19.427;0:12.306;239.2;Earl Bamber;;GTLM;;Porsche GT Team;Porsche;
912;1;180;54.351;0;;22.299;0;19.491;0;12.561;0;157.1;2:38:35.940;17:48:37.868;0:22.299;0:19.491;0:12.561;238.2;Earl Bamber;;GTLM;;Porsche GT Team;Porsche;
912;1;181;54.174;0;;22.463;0;19.410;0;12.301;0;157.6;2:39:30.114;17:49:32.042;0:22.463;0:19.410;0:12.301;233.7;Earl Bamber;;GTLM;;Porsche GT Team;Porsche;
912;1;182;54.250;0;;22.325;0;19.509;0;12.416;0;157.4;2:40:24.364;17:50:26.292;0:22.325;0:19.509;0:12.416;238.7;Earl Bamber;;GTLM;;Porsche GT Team;Porsche;
96;2;1;58.350;0;;25.841;0;20.248;0;12.261;0;146.4;58.350;15:11:00.278;0:25.841;0:20.248;0:12.261;222.5;Robby Foley;;GTD;;Turner Motorsport;BMW;
96;2;2;53.589;0;;21.963;0;19.476;0;12.150;0;159.4;1:51.939;15:11:53.867;0:21.963;0:19.476;0:12.150;236.7;Robby Foley;;GTD;;Turner Motorsport;BMW;
96;2;3;53.226;0;;21.715;0;19.384;0;12.127;0;160.4;2:45.165;15:12:47.093;0:21.715;0:19.384;0:12.127;237.2;Robby Foley;;GTD;;Turner Motorsport;BMW;
96;2;4;52.814;0;;21.676;0;19.138;1;12.000;0;161.7;3:37.979;15:13:39.907;0:21.676;0:19.138;0:12.000;236.7;Robby Foley;;GTD;;Turner Motorsport;BMW;
96;2;5;52.909;0;;21.668;1;19.170;0;12.071;0;161.4;4:30.888;15:14:32.816;0:21.668;0:19.170;0:12.071;238.2;Robby Foley;;GTD;;Turner Motorsport;BMW;
96;2;6;52.901;0;;21.687;0;19.200;0;12.014;0;161.4;5:23.789;15:15:25.717;0:21.687;0:19.200;0:12.014;237.2;Robby Foley;;GTD;;Turner Motorsport;BMW;
96;2;7;53.008;0;;21.826;0;19.190;0;11.992;0;161.1;6:16.797;15:16:18.725;0:21.826;0:19.190;0:11.992;239.2;Robby Foley;;GTD;;Turner Motorsport;BMW;
96;2;8;52.918;0;;21.778;0;19.154;0;11.986;1;161.4;7:09.715;15:17:11.643;0:21.778;0:19.154;0:11.986;238.2;Robby Foley;;GTD;;Turner Motorsport;BMW;
96;2;9;53.070;0;;21.708;0;19.308;0;12.054;0;160.9;8:02.785;15:18:04.713;0:21.708;0:19.308;0:12.054;238.2;Robby Foley;;GTD;;Turner Motorsport;BMW;
96;2;10;53.238;0;;21.857;0;19.307;0;12.074;0;160.4;8:56.023;15:18:57.951;0:21.857;0:19.307;0:12.074;237.2;Robby Foley;;GTD;;Turner Motorsport;BMW;
96;2;11;53.228;0;;21.803;0;19.177;0;12.248;0;160.4;9:49.251;15:19:51.179;0:21.803;0:19.177;0:12.248;236.7;Robby Foley;;GTD;;Turner Motorsport;BMW;
96;2;12;53.158;0;;21.813;0;19.241;0;12.104;0;160.6;10:42.409;15:20:44.337;0:21.813;0:19.241;0:12.104;235.2;Robby Foley;;GTD;;Turner Motorsport;BMW;
96;2;13;53.047;0;;21.777;0;19.265;0;12.005;0;161.0;11:35.456;15:21:37.384;0:21.777;0:19.265;0:12.005;236.7;Robby Foley;;GTD;;Turner Motorsport;BMW;
96;2;14;53.159;0;;21.720;0;19.254;0;12.185;0;160.6;12:28.615;15:22:30.543;0:21.720;0:19.254;0:12.185;238.2;Robby Foley;;GTD;;Turner Motorsport;BMW;
96;2;15;53.194;0;;21.794;0;19.303;0;12.097;0;160.5;13:21.809;15:23:23.737;0:21.794;0:19.303;0:12.097;236.7;Robby Foley;;GTD;;Turner Motorsport;BMW;
96;2;16;53.046;0;;21.779;0;19.199;0;12.068;0;161.0;14:14.855;15:24:16.783;0:21.779;0:19.199;0:12.068;236.7;Robby Foley;;GTD;;Turner Motorsport;BMW;
96;2;17;53.389;0;;21.903;0;19.385;0;12.101;0;160.0;15:08.244;15:25:10.172;0:21.903;0:19.385;0:12.101;236.7;Robby Foley;;GTD;;Turner Motorsport;BMW;
96;2;18;53.454;0;;21.946;0;19.357;0;12.151;0;159.8;16:01.698;15:26:03.626;0:21.946;0:19.357;0:12.151;235.7;Robby Foley;;GTD;;Turner Motorsport;BMW;
96;2;19;53.197;0;;21.900;0;19.195;0;12.102;0;160.5;16:54.895;15:26:56.823;0:21.900;0:19.195;0:12.102;235.2;Robby Foley;;GTD;;Turner Motorsport;BMW;
96;2;20;53.404;0;;21.839;0;19.356;0;12.209;0;159.9;17:48.299;15:27:50.227;0:21.839;0:19.356;0:12.209;236.2;Robby Foley;;GTD;;Turner Motorsport;BMW;
96;2;21;53.410;0;;21.909;0;19.323;0;12.178;0;159.9;18:41.709;15:28:43.637;0:21.909;0:19.323;0:12.178;235.2;Robby Foley;;GTD;;Turner Motorsport;BMW;
96;2;22;53.577;0;;22.021;0;19.414;0;12.142;0;159.4;19:35.286;15:29:37.214;0:22.021;0:19.414;0:12.142;234.7;Robby Foley;;GTD;;Turner Motorsport;BMW;
96;2;23;53.512;0;;22.040;0;19.343;0;12.129;0;159.6;20:28.798;15:30:30.726;0:22.040;0:19.343;0:12.129;235.7;Robby Foley;;GTD;;Turner Motorsport;BMW;
96;2;24;53.590;0;;22.014;0;19.375;0;12.201;0;159.4;21:22.388;15:31:24.316;0:22.014;0:19.375;0:12.201;236.2;Robby Foley;;GTD;;Turner Motorsport;BMW;
96;2;25;53.589;0;;22.014;0;19.425;0;12.150;0;159.4;22:15.977;15:32:17.905;0:22.014;0:19.425;0:12.150;235.2;Robby Foley;;GTD;;Turner Motorsport;BMW;
96;2;26;53.525;0;;22.040;0;19.360;0;12.125;0;159.5;23:09.502;15:33:11.430;0:22.040;0:19.360;0:12.125;235.7;Robby Foley;;GTD;;Turner Motorsport;BMW;
96;2;27;53.507;0;;21.980;0;19.398;0;12.129;0;159.6;24:03.009;15:34:04.937;0:21.980;0:19.398;0:12.129;236.2;Robby Foley;;GTD;;Turner Motorsport;BMW;
96;2;28;53.717;0;;22.057;0;19.451;0;12.209;0;159.0;24:56.726;15:34:58.654;0:22.057;0:19.451;0:12.209;236.2;Robby Foley;;GTD;;Turner Motorsport;BMW;
96;2;29;53.564;0;;21.978;0;19.480;0;12.106;0;159.4;25:50.290;15:35:52.218;0:21.978;0:19.480;0:12.106;235.2;Robby Foley;;GTD;;Turner Motorsport;BMW;
96;2;30;53.656;0;;22.067;0;19.348;0;12.241;0;159.2;26:43.946;15:36:45.874;0:22.067;0:19.348;0:12.241;236.7;Robby Foley;;GTD;;Turner Motorsport;BMW;
96;2;31;54.738;0;;22.161;0;20.262;0;12.315;0;156.0;27:38.684;15:37:40.612;0:22.161;0:20.262;0:12.315;235.7;Robby Foley;;GTD;;Turner Motorsport;BMW;
96;2;32;53.946;0;;22.153;0;19.575;0;12.218;0;158.3;28:32.630;15:38:34.558;0:22.153;0:19.575;0:12.218;236.7;Robby Foley;;GTD;;Turner Motorsport;BMW;
96;2;33;54.065;0;;22.085;0;19.716;0;12.264;0;158.0;29:26.695;15:39:28.623;0:22.085;0:19.716;0:12.264;235.2;Robby Foley;;GTD;;Turner Motorsport;BMW;
96;2;34;53.707;0;;22.023;0;19.498;0;12.186;0;159.0;30:20.402;15:40:22.330;0:22.023;0:19.498;0:12.186;236.2;Robby Foley;;GTD;;Turner Motorsport;BMW;
96;2;35;53.884;0;;22.148;0;19.587;0;12.149;0;158.5;31:14.286;15:41:16.214;0:22.148;0:19.587;0:12.149;237.2;Robby Foley;;GTD;;Turner Motorsport;BMW;
96;2;36;56.075;0;;23.073;0;20.523;0;12.479;0;152.3;32:10.361;15:42:12.289;0:23.073;0:20.523;0:12.479;237.2;Robby Foley;;GTD;;Turner Motorsport;BMW;
96;2;37;54.568;0;;22.746;0;19.562;0;12.260;0;156.5;33:04.929;15:43:06.857;0:22.746;0:19.562;0:12.260;237.7;Robby Foley;;GTD;;Turner Motorsport;BMW;
96;2;38;53.923;0;;22.134;0;19.569;0;12.220;0;158.4;33:58.852;15:44:00.780;0:22.134;0:19.569;0:12.220;236.7;Robby Foley;;GTD;;Turner Motorsport;BMW;
96;2;39;53.935;0;;22.217;0;19.507;0;12.211;0;158.3;34:52.787;15:44:54.715;0:22.217;0:19.507;0:12.211;236.2;Robby Foley;;GTD;;Turner Motorsport;BMW;
96;2;40;53.721;0;;22.092;0;19.447;0;12.182;0;159.0;35:46.508;15:45:48.436;0:22.092;0:19.447;0:12.182;235.2;Robby Foley;;GTD;;Turner Motorsport;BMW;
96;2;41;53.905;0;;22.130;0;19.635;0;12.140;0;158.4;36:40.413;15:46:42.341;0:22.130;0:19.635;0:12.140;235.7;Robby Foley;;GTD;;Turner Motorsport;BMW;
96;2;42;55.671;0;;22.166;0;21.034;0;12.471;0;153.4;37:36.084;15:47:38.012;0:22.166;0:21.034;0:12.471;236.2;Robby Foley;;GTD;;Turner Motorsport;BMW;
96;2;43;54.518;0;;22.658;0;19.635;0;12.225;0;156.6;38:30.602;15:48:32.530;0:22.658;0:19.635;0:12.225;233.7;Robby Foley;;GTD;;Turner Motorsport;BMW;
96;2;44;54.708;0;;22.283;0;19.895;0;12.530;0;156.1;39:25.310;15:49:27.238;0:22.283;0:19.895;0:12.530;236.7;Robby Foley;;GTD;;Turner Motorsport;BMW;
96;2;45;54.688;0;;22.675;0;19.739;0;12.274;0;156.2;40:19.998;15:50:21.926;0:22.675;0:19.739;0:12.274;236.2;Robby Foley;;GTD;;Turner Motorsport;BMW;
96;2;46;54.085;0;;22.295;0;19.572;0;12.218;0;157.9;41:14.083;15:51:16.011;0:22.295;0:19.572;0:12.218;236.7;Robby Foley;;GTD;;Turner Motorsport;BMW;
96;2;47;54.080;0;;22.290;0;19.545;0;12.245;0;157.9;42:08.163;15:52:10.091;0:22.290;0:19.545;0:12.245;237.2;Robby Foley;;GTD;;Turner Motorsport;BMW;
96;2;48;54.113;0;;22.318;0;19.521;0;12.274;0;157.8;43:02.276;15:53:04.204;0:22.318;0:19.521;0:12.274;235.2;Robby Foley;;GTD;;Turner Motorsport;BMW;
96;2;49;54.128;0;;22.283;0;19.546;0;12.299;0;157.8;43:56.404;15:53:58.332;0:22.283;0:19.546;0:12.299;236.2;Robby Foley;;GTD;;Turner Motorsport;BMW;
96;2;50;54.128;0;;22.310;0;19.554;0;12.264;0;157.8;44:50.532;15:54:52.460;0:22.310;0:19.554;0:12.264;236.7;Robby Foley;;GTD;;Turner Motorsport;BMW;
96;2;51;1:40.796;0;B;22.329;0;19.533;0;58.934;0;84.7;46:31.328;15:56:33.256;0:22.329;0:19.533;0:58.934;237.2;Robby Foley;;GTD;;Turner Motorsport;BMW;
96;1;52;1:01.909;0;;29.881;0;19.794;0;12.234;0;137.9;47:33.237;15:57:35.165;0:29.881;0:19.794;0:12.234;;Bill Auberlen;0:00:53.449;GTD;;Turner Motorsport;BMW;
96;1;53;53.189;0;;21.544;0;19.522;0;12.123;0;160.6;48:26.426;15:58:28.354;0:21.544;0:19.522;0:12.123;234.2;Bill Auberlen;;GTD;;Turner Motorsport;BMW;
96;1;54;53.221;0;;21.469;0;19.536;0;12.216;0;160.5;49:19.647;15:59:21.575;0:21.469;0:19.536;0:12.216;236.7;Bill Auberlen;;GTD;;Turner Motorsport;BMW;
96;1;55;54.992;0;;22.072;0;20.209;0;12.711;0;155.3;50:14.639;16:00:16.567;0:22.072;0:20.209;0:12.711;235.7;Bill Auberlen;;GTD;;Turner Motorsport;BMW;
96;1;56;53.519;0;;22.083;0;19.424;0;12.012;0;159.6;51:08.158;16:01:10.086;0:22.083;0:19.424;0:12.012;235.2;Bill Auberlen;;GTD;;Turner Motorsport;BMW;
96;1;57;52.879;0;;21.490;0;19.349;0;12.040;0;161.5;52:01.037;16:02:02.965;0:21.490;0:19.349;0:12.040;238.2;Bill Auberlen;;GTD;;Turner Motorsport;BMW;
96;1;58;52.675;0;;21.494;0;19.169;0;12.012;0;162.1;52:53.712;16:02:55.640;0:21.494;0:19.169;0:12.012;237.2;Bill Auberlen;;GTD;;Turner Motorsport;BMW;
96;1;59;53.393;0;;21.601;0;19.541;0;12.251;0;159.9;53:47.105;16:03:49.033;0:21.601;0:19.541;0:12.251;237.2;Bill Auberlen;;GTD;;Turner Motorsport;BMW;
96;1;60;53.051;0;;21.679;0;19.345;0;12.027;0;161.0;54:40.156;16:04:42.084;0:21.679;0:19.345;0:12.027;237.2;Bill Auberlen;;GTD;;Turner Motorsport;BMW;
96;1;61;52.739;0;;21.569;0;19.197;0;11.973;0;161.9;55:32.895;16:05:34.823;0:21.569;0:19.197;0:11.973;236.2;Bill Auberlen;;GTD;;Turner Motorsport;BMW;
96;1;62;52.563;2;;21.425;2;19.055;2;12.083;0;162.5;56:25.458;16:06:27.386;0:21.425;0:19.055;0:12.083;236.2;Bill Auberlen;;GTD;;Turner Motorsport;BMW;
96;1;63;53.040;0;;21.583;0;19.328;0;12.129;0;161.0;57:18.498;16:07:20.426;0:21.583;0:19.328;0:12.129;235.7;Bill Auberlen;;GTD;;Turner Motorsport;BMW;
96;1;64;52.930;0;;21.530;0;19.400;0;12.000;0;161.3;58:11.428;16:08:13.356;0:21.530;0:19.400;0:12.000;235.7;Bill Auberlen;;GTD;;Turner Motorsport;BMW;
96;1;65;52.841;0;;21.482;0;19.246;0;12.113;0;161.6;59:04.269;16:09:06.197;0:21.482;0:19.246;0:12.113;236.2;Bill Auberlen;;GTD;;Turner Motorsport;BMW;
96;1;66;52.697;0;;21.486;0;19.147;0;12.064;0;162.1;59:56.966;16:09:58.894;0:21.486;0:19.147;0:12.064;235.2;Bill Auberlen;;GTD;;Turner Motorsport;BMW;
96;1;67;52.798;0;;21.543;0;19.176;0;12.079;0;161.7;1:00:49.764;16:10:51.692;0:21.543;0:19.176;0:12.079;235.7;Bill Auberlen;;GTD;;Turner Motorsport;BMW;
96;1;68;52.891;0;;21.586;0;19.311;0;11.994;0;161.5;1:01:42.655;16:11:44.583;0:21.586;0:19.311;0:11.994;235.7;Bill Auberlen;;GTD;;Turner Motorsport;BMW;
96;1;69;53.731;0;;21.679;0;19.689;0;12.363;0;158.9;1:02:36.386;16:12:38.314;0:21.679;0:19.689;0:12.363;238.7;Bill Auberlen;;GTD;;Turner Motorsport;BMW;
96;1;70;54.945;0;;22.550;0;20.161;0;12.234;0;155.4;1:03:31.331;16:13:33.259;0:22.550;0:20.161;0:12.234;235.2;Bill Auberlen;;GTD;;Turner Motorsport;BMW;
96;1;71;52.985;0;;21.800;0;19.199;0;11.986;0;161.2;1:04:24.316;16:14:26.244;0:21.800;0:19.199;0:11.986;236.7;Bill Auberlen;;GTD;;Turner Motorsport;BMW;
96;1;72;53.154;0;;21.582;0;19.398;0;12.174;0;160.7;1:05:17.470;16:15:19.398;0:21.582;0:19.398;0:12.174;237.7;Bill Auberlen;;GTD;;Turner Motorsport;BMW;
96;1;73;53.417;0;;21.678;0;19.550;0;12.189;0;159.9;1:06:10.887;16:16:12.815;0:21.678;0:19.550;0:12.189;235.7;Bill Auberlen;;GTD;;Turner Motorsport;BMW;
96;1;74;53.495;0;;21.837;0;19.577;0;12.081;0;159.6;1:07:04.382;16:17:06.310;0:21.837;0:19.577;0:12.081;237.2;Bill Auberlen;;GTD;;Turner Motorsport;BMW;
96;1;75;53.979;0;;22.245;0;19.649;0;12.085;0;158.2;1:07:58.361;16:18:00.289;0:22.245;0:19.649;0:12.085;238.7;Bill Auberlen;;GTD;;Turner Motorsport;BMW;
96;1;76;53.793;0;;21.980;0;19.653;0;12.160;0;158.8;1:08:52.154;16:18:54.082;0:21.980;0:19.653;0:12.160;237.7;Bill Auberlen;;GTD;;Turner Motorsport;BMW;
96;1;77;53.274;0;;21.788;0;19.404;0;12.082;0;160.3;1:09:45.428;16:19:47.356;0:21.788;0:19.404;0:12.082;236.7;Bill Auberlen;;GTD;;Turner Motorsport;BMW;
96;1;78;53.640;0;;21.946;0;19.483;0;12.211;0;159.2;1:10:39.068;16:20:40.996;0:21.946;0:19.483;0:12.211;238.2;Bill Auberlen;;GTD;;Turner Motorsport;BMW;
96;1;79;53.476;0;;21.885;0;19.586;0;12.005;0;159.7;1:11:32.544;16:21:34.472;0:21.885;0:19.586;0:12.005;237.7;Bill Auberlen;;GTD;;Turner Motorsport;BMW;
96;1;80;53.571;0;;21.898;0;19.532;0;12.141;0;159.4;1:12:26.115;16:22:28.043;0:21.898;0:19.532;0:12.141;239.2;Bill Auberlen;;GTD;;Turner Motorsport;BMW;
96;1;81;53.480;0;;21.934;0;19.441;0;12.105;0;159.7;1:13:19.595;16:23:21.523;0:21.934;0:19.441;0:12.105;237.2;Bill Auberlen;;GTD;;Turner Motorsport;BMW;
96;1;82;53.667;0;;22.042;0;19.483;0;12.142;0;159.1;1:14:13.262;16:24:15.190;0:22.042;0:19.483;0:12.142;237.7;Bill Auberlen;;GTD;;Turner Motorsport;BMW;
96;1;83;53.576;0;;21.853;0;19.676;0;12.047;0;159.4;1:15:06.838;16:25:08.766;0:21.853;0:19.676;0:12.047;237.2;Bill Auberlen;;GTD;;Turner Motorsport;BMW;
96;1;84;53.339;0;;21.861;0;19.417;0;12.061;0;160.1;1:16:00.177;16:26:02.105;0:21.861;0:19.417;0:12.061;238.2;Bill Auberlen;;GTD;;Turner Motorsport;BMW;
96;1;85;53.664;0;;21.955;0;19.623;0;12.086;0;159.1;1:16:53.841;16:26:55.769;0:21.955;0:19.623;0:12.086;238.2;Bill Auberlen;;GTD;;Turner Motorsport;BMW;
96;1;86;53.623;0;;21.936;0;19.629;0;12.058;0;159.3;1:17:47.464;16:27:49.392;0:21.936;0:19.629;0:12.058;238.2;Bill Auberlen;;GTD;;Turner Motorsport;BMW;
96;1;87;53.771;0;;22.051;0;19.502;0;12.218;0;158.8;1:18:41.235;16:28:43.163;0:22.051;0:19.502;0:12.218;238.2;Bill Auberlen;;GTD;;Turner Motorsport;BMW;
96;1;88;53.573;0;;21.942;0;19.580;0;12.051;0;159.4;1:19:34.808;16:29:36.736;0:21.942;0:19.580;0:12.051;235.7;Bill Auberlen;;GTD;;Turner Motorsport;BMW;
96;1;89;54.544;0;;21.839;0;20.171;0;12.534;0;156.6;1:20:29.352;16:30:31.280;0:21.839;0:20.171;0:12.534;237.7;Bill Auberlen;;GTD;;Turner Motorsport;BMW;
96;1;90;53.428;0;;21.910;0;19.442;0;12.076;0;159.8;1:21:22.780;16:31:24.708;0:21.910;0:19.442;0:12.076;235.7;Bill Auberlen;;GTD;;Turner Motorsport;BMW;
96;1;91;53.254;0;;21.803;0;19.346;0;12.105;0;160.4;1:22:16.034;16:32:17.962;0:21.803;0:19.346;0:12.105;236.7;Bill Auberlen;;GTD;;Turner Motorsport;BMW;
96;1;92;53.529;0;;21.806;0;19.541;0;12.182;0;159.5;1:23:09.563;16:33:11.491;0:21.806;0:19.541;0:12.182;237.2;Bill Auberlen;;GTD;;Turner Motorsport;BMW;
96;1;93;53.494;0;;21.933;0;19.421;0;12.140;0;159.6;1:24:03.057;16:34:04.985;0:21.933;0:19.421;0:12.140;236.7;Bill Auberlen;;GTD;;Turner Motorsport;BMW;
96;1;94;53.612;0;;21.928;0;19.510;0;12.174;0;159.3;1:24:56.669;16:34:58.597;0:21.928;0:19.510;0:12.174;237.7;Bill Auberlen;;GTD;;Turner Motorsport;BMW;
96;1;95;53.580;0;;21.991;0;19.415;0;12.174;0;159.4;1:25:50.249;16:35:52.177;0:21.991;0:19.415;0:12.174;235.7;Bill Auberlen;;GTD;;Turner Motorsport;BMW;
96;1;96;53.996;0;;22.217;0;19.611;0;12.168;0;158.2;1:26:44.245;16:36:46.173;0:22.217;0:19.611;0:12.168;237.2;Bill Auberlen;;GTD;;Turner Motorsport;BMW;
96;1;97;53.636;0;;22.035;0;19.489;0;12.112;0;159.2;1:27:37.881;16:37:39.809;0:22.035;0:19.489;0:12.112;237.7;Bill Auberlen;;GTD;;Turner Motorsport;BMW;
96;1;98;54.103;0;;22.035;0;19.841;0;12.227;0;157.8;1:28:31.984;16:38:33.912;0:22.035;0:19.841;0:12.227;237.7;Bill Auberlen;;GTD;;Turner Motorsport;BMW;
96;1;99;53.546;0;;22.043;0;19.372;0;12.131;0;159.5;1:29:25.530;16:39:27.458;0:22.043;0:19.372;0:12.131;236.2;Bill Auberlen;;GTD;;Turner Motorsport;BMW;
96;1;100;53.434;0;;21.971;0;19.358;0;12.105;0;159.8;1:30:18.964;16:40:20.892;0:21.971;0:19.358;0:12.105;236.7;Bill Auberlen;;GTD;;Turner Motorsport;BMW;
96;1;101;53.680;0;;22.005;0;19.543;0;12.132;0;159.1;1:31:12.644;16:41:14.572;0:22.005;0:19.543;0:12.132;237.7;Bill Auberlen;;GTD;;Turner Motorsport;BMW;
96;1;102;55.104;0;;22.114;0;19.967;0;13.023;0;155.0;1:32:07.748;16:42:09.676;0:22.114;0:19.967;0:13.023;238.2;Bill Auberlen;;GTD;;Turner Motorsport;BMW;
96;1;103;54.414;0;;22.643;0;19.628;0;12.143;0;156.9;1:33:02.162;16:43:04.090;0:22.643;0:19.628;0:12.143;232.7;Bill Auberlen;;GTD;;Turner Motorsport;BMW;
96;1;104;53.434;0;;21.925;0;19.396;0;12.113;0;159.8;1:33:55.596;16:43:57.524;0:21.925;0:19.396;0:12.113;237.2;Bill Auberlen;;GTD;;Turner Motorsport;BMW;
96;1;105;1:37.267;0;B;22.477;0;19.735;0;55.055;0;87.8;1:35:32.863;16:45:34.791;0:22.477;0:19.735;0:55.055;238.7;Bill Auberlen;;GTD;;Turner Motorsport;BMW;
96;1;106;1:01.666;0;;29.600;0;19.941;0;12.125;0;138.5;1:36:34.529;16:46:36.457;0:29.600;0:19.941;0:12.125;;Bill Auberlen;0:00:50.084;GTD;;Turner Motorsport;BMW;
96;1;107;52.676;0;;21.446;0;19.289;0;11.941;0;162.1;1:37:27.205;16:47:29.133;0:21.446;0:19.289;0:11.941;235.2;Bill Auberlen;;GTD;;Turner Motorsport;BMW;
96;1;108;52.686;0;;21.453;0;19.225;0;12.008;0;162.1;1:38:19.891;16:48:21.819;0:21.453;0:19.225;0:12.008;237.2;Bill Auberlen;;GTD;;Turner Motorsport;BMW;
96;1;109;53.793;0;;21.759;0;19.871;0;12.163;0;158.8;1:39:13.684;16:49:15.612;0:21.759;0:19.871;0:12.163;237.2;Bill Auberlen;;GTD;;Turner Motorsport;BMW;
96;1;110;52.808;0;;21.548;0;19.280;0;11.980;0;161.7;1:40:06.492;16:50:08.420;0:21.548;0:19.280;0:11.980;236.2;Bill Auberlen;;GTD;;Turner Motorsport;BMW;
96;1;111;53.167;0;;21.765;0;19.399;0;12.003;0;160.6;1:40:59.659;16:51:01.587;0:21.765;0:19.399;0:12.003;237.2;Bill Auberlen;;GTD;;Turner Motorsport;BMW;
96;1;112;53.022;0;;21.672;0;19.361;0;11.989;0;161.1;1:41:52.681;16:51:54.609;0:21.672;0:19.361;0:11.989;237.7;Bill Auberlen;;GTD;;Turner Motorsport;BMW;
96;1;113;53.493;0;;21.712;0;19.632;0;12.149;0;159.6;1:42:46.174;16:52:48.102;0:21.712;0:19.632;0:12.149;237.7;Bill Auberlen;;GTD;;Turner Motorsport;BMW;
96;1;114;53.060;0;;21.672;0;19.351;0;12.037;0;160.9;1:43:39.234;16:53:41.162;0:21.672;0:19.351;0:12.037;235.7;Bill Auberlen;;GTD;;Turner Motorsport;BMW;
96;1;115;52.974;0;;21.749;0;19.265;0;11.960;0;161.2;1:44:32.208;16:54:34.136;0:21.749;0:19.265;0:11.960;237.7;Bill Auberlen;;GTD;;Turner Motorsport;BMW;
96;1;116;53.095;0;;21.737;0;19.395;0;11.963;0;160.8;1:45:25.303;16:55:27.231;0:21.737;0:19.395;0:11.963;238.2;Bill Auberlen;;GTD;;Turner Motorsport;BMW;
96;1;117;52.800;0;;21.678;0;19.188;0;11.934;2;161.7;1:46:18.103;16:56:20.031;0:21.678;0:19.188;0:11.934;238.2;Bill Auberlen;;GTD;;Turner Motorsport;BMW;
96;1;118;54.485;0;;22.307;0;19.527;0;12.651;0;156.7;1:47:12.588;16:57:14.516;0:22.307;0:19.527;0:12.651;240.7;Bill Auberlen;;GTD;;Turner Motorsport;BMW;
96;1;119;54.295;0;;22.291;0;19.863;0;12.141;0;157.3;1:48:06.883;16:58:08.811;0:22.291;0:19.863;0:12.141;230.3;Bill Auberlen;;GTD;;Turner Motorsport;BMW;
96;1;120;53.166;0;;21.737;0;19.422;0;12.007;0;160.6;1:49:00.049;16:59:01.977;0:21.737;0:19.422;0:12.007;236.7;Bill Auberlen;;GTD;;Turner Motorsport;BMW;
96;1;121;53.136;0;;21.714;0;19.369;0;12.053;0;160.7;1:49:53.185;16:59:55.113;0:21.714;0:19.369;0:12.053;238.7;Bill Auberlen;;GTD;;Turner Motorsport;BMW;
96;1;122;53.144;0;;21.725;0;19.399;0;12.020;0;160.7;1:50:46.329;17:00:48.257;0:21.725;0:19.399;0:12.020;237.7;Bill Auberlen;;GTD;;Turner Motorsport;BMW;
96;1;123;52.839;0;;21.537;0;19.293;0;12.009;0;161.6;1:51:39.168;17:01:41.096;0:21.537;0:19.293;0:12.009;237.2;Bill Auberlen;;GTD;;Turner Motorsport;BMW;
96;1;124;52.743;0;;21.539;0;19.194;0;12.010;0;161.9;1:52:31.911;17:02:33.839;0:21.539;0:19.194;0:12.010;237.7;Bill Auberlen;;GTD;;Turner Motorsport;BMW;
96;1;125;52.960;0;;21.557;0;19.401;0;12.002;0;161.3;1:53:24.871;17:03:26.799;0:21.557;0:19.401;0:12.002;237.7;Bill Auberlen;;GTD;;Turner Motorsport;BMW;
96;1;126;52.904;0;;21.521;0;19.309;0;12.074;0;161.4;1:54:17.775;17:04:19.703;0:21.521;0:19.309;0:12.074;237.7;Bill Auberlen;;GTD;;Turner Motorsport;BMW;
96;1;127;52.928;0;;21.602;0;19.175;0;12.151;0;161.3;1:55:10.703;17:05:12.631;0:21.602;0:19.175;0:12.151;236.2;Bill Auberlen;;GTD;;Turner Motorsport;BMW;
96;1;128;53.104;0;;21.793;0;19.308;0;12.003;0;160.8;1:56:03.807;17:06:05.735;0:21.793;0:19.308;0:12.003;234.7;Bill Auberlen;;GTD;;Turner Motorsport;BMW;
96;1;129;53.127;0;;21.685;0;19.359;0;12.083;0;160.7;1:56:56.934;17:06:58.862;0:21.685;0:19.359;0:12.083;236.7;Bill Auberlen;;GTD;;Turner Motorsport;BMW;
96;1;130;53.265;0;;21.741;0;19.405;0;12.119;0;160.3;1:57:50.199;17:07:52.127;0:21.741;0:19.405;0:12.119;236.7;Bill Auberlen;;GTD;;Turner Motorsport;BMW;
96;1;131;53.491;0;;21.845;0;19.543;0;12.103;0;159.6;1:58:43.690;17:08:45.618;0:21.845;0:19.543;0:12.103;237.2;Bill Auberlen;;GTD;;Turner Motorsport;BMW;
96;1;132;53.676;0;;21.674;0;19.747;0;12.255;0;159.1;1:59:37.366;17:09:39.294;0:21.674;0:19.747;0:12.255;237.2;Bill Auberlen;;GTD;;Turner Motorsport;BMW;
96;1;133;53.388;0;;21.848;0;19.506;0;12.034;0;160.0;2:00:30.754;17:10:32.682;0:21.848;0:19.506;0:12.034;237.2;Bill Auberlen;;GTD;;Turner Motorsport;BMW;
96;1;134;53.534;0;;21.777;0;19.647;0;12.110;0;159.5;2:01:24.288;17:11:26.216;0:21.777;0:19.647;0:12.110;238.7;Bill Auberlen;;GTD;;Turner Motorsport;BMW;
96;1;135;53.169;0;;21.791;0;19.291;0;12.087;0;160.6;2:02:17.457;17:12:19.385;0:21.791;0:19.291;0:12.087;238.2;Bill Auberlen;;GTD;;Turner Motorsport;BMW;
96;1;136;54.122;0;;22.483;0;19.499;0;12.140;0;157.8;2:03:11.579;17:13:13.507;0:22.483;0:19.499;0:12.140;237.7;Bill Auberlen;;GTD;;Turner Motorsport;BMW;
96;1;137;53.461;0;;21.846;0;19.368;0;12.247;0;159.7;2:04:05.040;17:14:06.968;0:21.846;0:19.368;0:12.247;238.7;Bill Auberlen;;GTD;;Turner Motorsport;BMW;
96;1;138;53.300;0;;21.777;0;19.445;0;12.078;0;160.2;2:04:58.340;17:15:00.268;0:21.777;0:19.445;0:12.078;235.2;Bill Auberlen;;GTD;;Turner Motorsport;BMW;
96;1;139;53.162;0;;21.771;0;19.412;0;11.979;0;160.6;2:05:51.502;17:15:53.430;0:21.771;0:19.412;0:11.979;236.2;Bill Auberlen;;GTD;;Turner Motorsport;BMW;
96;1;140;52.878;0;;21.646;0;19.213;0;12.019;0;161.5;2:06:44.380;17:16:46.308;0:21.646;0:19.213;0:12.019;238.2;Bill Auberlen;;GTD;;Turner Motorsport;BMW;
96;1;141;53.268;0;;21.724;0;19.383;0;12.161;0;160.3;2:07:37.648;17:17:39.576;0:21.724;0:19.383;0:12.161;237.2;Bill Auberlen;;GTD;;Turner Motorsport;BMW;
96;1;142;53.416;0;;22.036;0;19.302;0;12.078;0;159.9;2:08:31.064;17:18:32.992;0:22.036;0:19.302;0:12.078;236.2;Bill Auberlen;;GTD;;Turner Motorsport;BMW;
96;1;143;53.071;0;;21.726;0;19.272;0;12.073;0;160.9;2:09:24.135;17:19:26.063;0:21.726;0:19.272;0:12.073;237.7;Bill Auberlen;;GTD;;Turner Motorsport;BMW;
96;1;144;53.095;0;;21.730;0;19.292;0;12.073;0;160.8;2:10:17.230;17:20:19.158;0:21.730;0:19.292;0:12.073;237.2;Bill Auberlen;;GTD;;Turner Motorsport;BMW;
96;1;145;53.126;0;;21.748;0;19.364;0;12.014;0;160.7;2:11:10.356;17:21:12.284;0:21.748;0:19.364;0:12.014;237.7;Bill Auberlen;;GTD;;Turner Motorsport;BMW;
96;1;146;53.031;0;;21.730;0;19.286;0;12.015;0;161.0;2:12:03.387;17:22:05.315;0:21.730;0:19.286;0:12.015;238.2;Bill Auberlen;;GTD;;Turner Motorsport;BMW;
96;1;147;53.286;0;;21.739;0;19.502;0;12.045;0;160.3;2:12:56.673;17:22:58.601;0:21.739;0:19.502;0:12.045;238.2;Bill Auberlen;;GTD;;Turner Motorsport;BMW;
96;1;148;53.066;0;;21.690;0;19.283;0;12.093;0;160.9;2:13:49.739;17:23:51.667;0:21.690;0:19.283;0:12.093;238.2;Bill Auberlen;;GTD;;Turner Motorsport;BMW;
96;1;149;53.166;0;;21.768;0;19.339;0;12.059;0;160.6;2:14:42.905;17:24:44.833;0:21.768;0:19.339;0:12.059;237.7;Bill Auberlen;;GTD;;Turner Motorsport;BMW;
96;1;150;53.208;0;;21.815;0;19.311;0;12.082;0;160.5;2:15:36.113;17:25:38.041;0:21.815;0:19.311;0:12.082;237.7;Bill Auberlen;;GTD;;Turner Motorsport;BMW;
96;1;151;53.265;0;;21.881;0;19.253;0;12.131;0;160.3;2:16:29.378;17:26:31.306;0:21.881;0:19.253;0:12.131;237.2;Bill Auberlen;;GTD;;Turner Motorsport;BMW;
96;1;152;53.847;0;;22.363;0;19.374;0;12.110;0;158.6;2:17:23.225;17:27:25.153;0:22.363;0:19.374;0:12.110;237.7;Bill Auberlen;;GTD;;Turner Motorsport;BMW;
96;1;153;54.274;0;;21.854;0;20.028;0;12.392;0;157.3;2:18:17.499;17:28:19.427;0:21.854;0:20.028;0:12.392;237.7;Bill Auberlen;;GTD;;Turner Motorsport;BMW;
96;1;154;56.116;0;;22.500;0;20.261;0;13.355;0;152.2;2:19:13.615;17:29:15.543;0:22.500;0:20.261;0:13.355;235.2;Bill Auberlen;;GTD;;Turner Motorsport;BMW;
96;1;155;55.053;0;;23.294;0;19.528;0;12.231;0;155.1;2:20:08.668;17:30:10.596;0:23.294;0:19.528;0:12.231;230.3;Bill Auberlen;;GTD;;Turner Motorsport;BMW;
96;1;156;53.674;0;;22.016;0;19.484;0;12.174;0;159.1;2:21:02.342;17:31:04.270;0:22.016;0:19.484;0:12.174;237.2;Bill Auberlen;;GTD;;Turner Motorsport;BMW;
96;1;157;53.270;0;;21.852;0;19.316;0;12.102;0;160.3;2:21:55.612;17:31:57.540;0:21.852;0:19.316;0:12.102;237.2;Bill Auberlen;;GTD;;Turner Motorsport;BMW;
96;1;158;53.433;0;;21.921;0;19.359;0;12.153;0;159.8;2:22:49.045;17:32:50.973;0:21.921;0:19.359;0:12.153;238.7;Bill Auberlen;;GTD;;Turner Motorsport;BMW;
96;1;159;53.158;0;;21.839;0;19.279;0;12.040;0;160.6;2:23:42.203;17:33:44.131;0:21.839;0:19.279;0:12.040;237.7;Bill Auberlen;;GTD;;Turner Motorsport;BMW;
96;1;160;53.622;0;;22.032;0;19.466;0;12.124;0;159.3;2:24:35.825;17:34:37.753;0:22.032;0:19.466;0:12.124;238.7;Bill Auberlen;;GTD;;Turner Motorsport;BMW;
96;1;161;53.368;0;;21.899;0;19.334;0;12.135;0;160.0;2:25:29.193;17:35:31.121;0:21.899;0:19.334;0:12.135;237.7;Bill Auberlen;;GTD;;Turner Motorsport;BMW;
96;1;162;53.995;0;;21.937;0;19.655;0;12.403;0;158.2;2:26:23.188;17:36:25.116;0:21.937;0:19.655;0:12.403;237.7;Bill Auberlen;;GTD;;Turner Motorsport;BMW;
96;1;163;53.332;0;;21.858;0;19.362;0;12.112;0;160.1;2:27:16.520;17:37:18.448;0:21.858;0:19.362;0:12.112;235.7;Bill Auberlen;;GTD;;Turner Motorsport;BMW;
96;1;164;53.758;0;;22.084;0;19.496;0;12.178;0;158.9;2:28:10.278;17:38:12.206;0:22.084;0:19.496;0:12.178;236.7;Bill Auberlen;;GTD;;Turner Motorsport;BMW;
96;1;165;53.795;0;;22.190;0;19.361;0;12.244;0;158.7;2:29:04.073;17:39:06.001;0:22.190;0:19.361;0:12.244;237.7;Bill Auberlen;;GTD;;Turner Motorsport;BMW;
96;1;166;53.967;0;;22.288;0;19.458;0;12.221;0;158.2;2:29:58.040;17:39:59.968;0:22.288;0:19.458;0:12.221;237.2;Bill Auberlen;;GTD;;Turner Motorsport;BMW;
96;1;167;53.749;0;;21.978;0;19.493;0;12.278;0;158.9;2:30:51.789;17:40:53.717;0:21.978;0:19.493;0:12.278;237.2;Bill Auberlen;;GTD;;Turner Motorsport;BMW;
96;1;168;54.259;0;;22.110;0;19.922;0;12.227;0;157.4;2:31:46.048;17:41:47.976;0:22.110;0:19.922;0:12.227;236.7;Bill Auberlen;;GTD;;Turner Motorsport;BMW;
96;1;169;54.162;0;;22.026;0;19.700;0;12.436;0;157.7;2:32:40.210;17:42:42.138;0:22.026;0:19.700;0:12.436;238.2;Bill Auberlen;;GTD;;Turner Motorsport;BMW;
96;1;170;53.680;0;;22.089;0;19.473;0;12.118;0;159.1;2:33:33.890;17:43:35.818;0:22.089;0:19.473;0:12.118;235.7;Bill Auberlen;;GTD;;Turner Motorsport;BMW;
96;1;171;53.760;0;;21.972;0;19.539;0;12.249;0;158.9;2:34:27.650;17:44:29.578;0:21.972;0:19.539;0:12.249;237.2;Bill Auberlen;;GTD;;Turner Motorsport;BMW;
96;1;172;53.723;0;;22.141;0;19.382;0;12.200;0;159.0;2:35:21.373;17:45:23.301;0:22.141;0:19.382;0:12.200;235.2;Bill Auberlen;;GTD;;Turner Motorsport;BMW;
96;1;173;53.682;0;;21.923;0;19.618;0;12.141;0;159.1;2:36:15.055;17:46:16.983;0:21.923;0:19.618;0:12.141;235.7;Bill Auberlen;;GTD;;Turner Motorsport;BMW;
96;1;174;53.693;0;;22.045;0;19.464;0;12.184;0;159.0;2:37:08.748;17:47:10.676;0:22.045;0:19.464;0:12.184;237.2;Bill Auberlen;;GTD;;Turner Motorsport;BMW;
96;1;175;53.561;0;;22.069;0;19.415;0;12.077;0;159.4;2:38:02.309;17:48:04.237;0:22.069;0:19.415;0:12.077;236.7;Bill Auberlen;;GTD;;Turner Motorsport;BMW;
96;1;176;53.935;0;;22.110;0;19.595;0;12.230;0;158.3;2:38:56.244;17:48:58.172;0:22.110;0:19.595;0:12.230;237.2;Bill Auberlen;;GTD;;Turner Motorsport;BMW;
96;1;177;53.808;0;;22.108;0;19.522;0;12.178;0;158.7;2:39:50.052;17:49:51.980;0:22.108;0:19.522;0:12.178;235.7;Bill Auberlen;;GTD;;Turner Motorsport;BMW;
96;1;178;54.005;0;;22.213;0;19.551;0;12.241;0;158.1;2:40:44.057;17:50:45.985;0:22.213;0:19.551;0:12.241;236.2;Bill Auberlen;;GTD;;Turner Motorsport;BMW;
